trade_date,symbol,exchange,foreign_buy_value,foreign_sell_value,foreign_net_value,foreign_buy_volume,foreign_sell_volume,foreign_net_volume,biglot_buy_value,biglot_sell_value,biglot_buy_volume,biglot_sell_volume,open_price,high_price,low_price,close_price,average_price,source,source_scope,source_units,fetched_at,schema_version,row_hash
2020-12-09,ACB,HOSE,6182000.0,0.0,6182000.0,220.0,0.0,220.0,0.0,0.0,0.0,0.0,28100.0,28950.0,27800.0,28550.0,28420.0,HSX_FOREIGN_API,HOSE_SYMBOL_LEVEL,VND,2026-08-25T01:39:52Z,ff_hsx_symbol_daily_v1,0f97bfe3084add65954438d3984fa3ce6b65a8eecd079678d6125c1c5ede2381
2020-12-10,ACB,HOSE,0.0,0.0,0.0,0.0,0.0,0.0,0.0,0.0,0.0,0.0,28800.0,28800.0,27900.0,27950.0,28260.0,HSX_FOREIGN_API,HOSE_SYMBOL_LEVEL,VND,2026-08-25T01:39:52Z,ff_hsx_symbol_daily_v1,482ddbff61092d2ea71189aee70bb110db02620ca02795518245f9f54eed5103
2020-12-11,ACB,HOSE,0.0,0.0,0.0,0.0,0.0,0.0,0.0,0.0,0.0,0.0,28100.0,28250.0,27800.0,28200.0,28070.0,HSX_FOREIGN_API,HOSE_SYMBOL_LEVEL,VND,2026-08-25T01:39:52Z,ff_hsx_symbol_daily_v1,b8a1c6a48d754d90572d561d75104b2f7bc73a901e576e15771b037687d2fc75
2020-12-14,ACB,HOSE,0.0,0.0,0.0,0.0,0.0,0.0,0.0,0.0,0.0,0.0,28300.0,28500.0,28100.0,28200.0,28260.0,HSX_FOREIGN_API,HOSE_SYMBOL_LEVEL,VND,2026-08-25T01:39:52Z,ff_hsx_symbol_daily_v1,b707cb0343322600ef412e43001bf423a2a96d2a7ab83bfd09c371002f25f01a
2020-12-15,ACB,HOSE,0.0,0.0,0.0,0.0,0.0,0.0,0.0,0.0,0.0,0.0,28200.0,28250.0,27900.0,28000.0,28080.0,HSX_FOREIGN_API,HOSE_SYMBOL_LEVEL,VND,2026-08-25T01:39:52Z,ff_hsx_symbol_daily_v1,d78a2b147ae1dc365a0f2971a3285a5126ce094cd935c2332f3d01ffa8887999
2020-12-16,ACB,HOSE,0.0,0.0,0.0,0.0,0.0,0.0,0.0,0.0,0.0,0.0,28000.0,28450.0,28000.0,28250.0,28280.0,HSX_FOREIGN_API,HOSE_SYMBOL_LEVEL,VND,2026-08-25T01:39:52Z,ff_hsx_symbol_daily_v1,6618da01e6ed13922ef72b47337883df154e65b655a9df52e3ec38ecf288c26a
2020-12-17,ACB,HOSE,14250000000.0,14250000000.0,0.0,500000.0,500000.0,0.0,14250000000.0,14250000000.0,500000.0,500000.0,28100.0,28850.0,28050.0,28300.0,28390.0,HSX_FOREIGN_API,HOSE_SYMBOL_LEVEL,VND,2026-08-25T01:39:52Z,ff_hsx_symbol_daily_v1,ff2e26e80b78b15e9a15e9d6690f4df530fcf3d49a3a418354b3c139073ce759
2020-12-18,ACB,HOSE,0.0,0.0,0.0,0.0,0.0,0.0,0.0,0.0,0.0,0.0,28450.0,28650.0,28300.0,28400.0,28440.0,HSX_FOREIGN_API,HOSE_SYMBOL_LEVEL,VND,2026-08-25T01:39:52Z,ff_hsx_symbol_daily_v1,5155444a01bf9b1cd31ca50a7c258faf80c6fc95583a5e0de0dd549e3b99fe5f
2020-12-21,ACB,HOSE,4232764400.0,4232764400.0,0.0,144700.0,144700.0,0.0,4232764400.0,4232764400.0,144700.0,144700.0,28500.0,29300.0,28350.0,28950.0,28780.0,HSX_FOREIGN_API,HOSE_SYMBOL_LEVEL,VND,2026-08-25T01:39:52Z,ff_hsx_symbol_daily_v1,b7797e2ee954a8b575b36bf6880a52d14261509840b1eac9c4c7a04b1edef6e5
2020-12-22,ACB,HOSE,1355571740.0,1355571740.0,0.0,45460.0,45460.0,0.0,1355571740.0,1355571740.0,45460.0,45460.0,28950.0,29000.0,28600.0,28750.0,28760.0,HSX_FOREIGN_API,HOSE_SYMBOL_LEVEL,VND,2026-08-25T01:39:52Z,ff_hsx_symbol_daily_v1,c080a481cfce19936a75359b9a90b7ffe4ad62992a5dffba22a5e3955babafc6
2020-12-23,ACB,HOSE,0.0,0.0,0.0,0.0,0.0,0.0,0.0,0.0,0.0,0.0,28800.0,28850.0,28000.0,28100.0,28430.0,HSX_FOREIGN_API,HOSE_SYMBOL_LEVEL,VND,2026-08-25T01:39:52Z,ff_hsx_symbol_daily_v1,353f5c87854a2ecd7aa82a86d5def3d93bf2852f5ff26257cbdecb236d240b8d
2020-12-24,ACB,HOSE,0.0,0.0,0.0,0.0,0.0,0.0,0.0,0.0,0.0,0.0,28100.0,28300.0,26500.0,27300.0,27370.0,HSX_FOREIGN_API,HOSE_SYMBOL_LEVEL,VND,2026-08-25T01:39:52Z,ff_hsx_symbol_daily_v1,9c6da9e432faac543de07ae484bc173fb0a22f52ddec5f6c301225888ab3388e
2020-12-25,ACB,HOSE,0.0,0.0,0.0,0.0,0.0,0.0,0.0,0.0,0.0,0.0,27300.0,28000.0,27200.0,27950.0,27660.0,HSX_FOREIGN_API,HOSE_SYMBOL_LEVEL,VND,2026-08-25T01:39:52Z,ff_hsx_symbol_daily_v1,47eca0cdba93a208803077f5837e389be18cf68ec7d60c4240a1cbcdefaefff7
2020-12-28,ACB,HOSE,0.0,0.0,0.0,0.0,0.0,0.0,0.0,0.0,0.0,0.0,28300.0,28300.0,27650.0,27800.0,27910.0,HSX_FOREIGN_API,HOSE_SYMBOL_LEVEL,VND,2026-08-25T01:39:52Z,ff_hsx_symbol_daily_v1,ec5196f9dbb9759c1e6340931094e0224ee8df94b2d33a9cdace390d9eac352a
2020-12-29,ACB,HOSE,0.0,0.0,0.0,0.0,0.0,0.0,0.0,0.0,0.0,0.0,27800.0,27950.0,27600.0,27700.0,27790.0,HSX_FOREIGN_API,HOSE_SYMBOL_LEVEL,VND,2026-08-25T01:39:52Z,ff_hsx_symbol_daily_v1,6d24b8a7fe21f1c9d49261cd75092654b5568a1dfb781f7f222a60a95000482a
2020-12-30,ACB,HOSE,0.0,2224000.0,-2224000.0,0.0,80.0,-80.0,0.0,0.0,0.0,0.0,27750.0,28200.0,27750.0,27800.0,27940.0,HSX_FOREIGN_API,HOSE_SYMBOL_LEVEL,VND,2026-08-25T01:39:52Z,ff_hsx_symbol_daily_v1,08c0ec0162fa2a3a1199602d7710acc8408fc663c85c5185384f0d1e94cfb452
2020-12-31,ACB,HOSE,0.0,0.0,0.0,0.0,0.0,0.0,0.0,0.0,0.0,0.0,27900.0,28300.0,27850.0,28100.0,28080.0,HSX_FOREIGN_API,HOSE_SYMBOL_LEVEL,VND,2026-08-25T01:39:52Z,ff_hsx_symbol_daily_v1,f875c2a48564d9944b82f6929b4b66866ec4e299c3e725d5cc760da1852021c1
2021-01-04,ACB,HOSE,0.0,0.0,0.0,0.0,0.0,0.0,0.0,0.0,0.0,0.0,28550.0,28850.0,28500.0,28650.0,28660.0,HSX_FOREIGN_API,HOSE_SYMBOL_LEVEL,VND,2026-08-25T01:39:52Z,ff_hsx_symbol_daily_v1,20643936b34768752b1d05da8e2cc6e8e8fa0fd70057354404c3e48cff3ad34a
2021-01-05,ACB,HOSE,0.0,0.0,0.0,0.0,0.0,0.0,0.0,0.0,0.0,0.0,28600.0,29600.0,28300.0,29350.0,29100.0,HSX_FOREIGN_API,HOSE_SYMBOL_LEVEL,VND,2026-08-25T01:39:52Z,ff_hsx_symbol_daily_v1,defd23814c0252edbf443d964ae1da13770b2d19e543b65bcb8f3649ef02b485
2021-01-06,ACB,HOSE,0.0,0.0,0.0,0.0,0.0,0.0,0.0,0.0,0.0,0.0,29700.0,30600.0,29300.0,29900.0,29900.0,HSX_FOREIGN_API,HOSE_SYMBOL_LEVEL,VND,2026-08-25T01:39:52Z,ff_hsx_symbol_daily_v1,062fadcbda364c3941be4dc177f109c44e98add85497e8edf1d2de7fdccfe14d
2021-01-07,ACB,HOSE,0.0,0.0,0.0,0.0,0.0,0.0,0.0,0.0,0.0,0.0,29900.0,30000.0,29600.0,29900.0,29830.0,HSX_FOREIGN_API,HOSE_SYMBOL_LEVEL,VND,2026-08-25T01:39:52Z,ff_hsx_symbol_daily_v1,df276583dea83ce8041b3dd237635846b309846e1f4095457a0f9ccffb8cf487
2021-01-08,ACB,HOSE,0.0,0.0,0.0,0.0,0.0,0.0,0.0,0.0,0.0,0.0,29950.0,30400.0,29800.0,30200.0,30140.0,HSX_FOREIGN_API,HOSE_SYMBOL_LEVEL,VND,2026-08-25T01:39:52Z,ff_hsx_symbol_daily_v1,23c3a33c6d06512a8e56ec2832e984ed95b77e3d72c88b9a5cad6ecf711b5086
2021-01-11,ACB,HOSE,0.0,0.0,0.0,0.0,0.0,0.0,0.0,0.0,0.0,0.0,30500.0,30900.0,30150.0,30350.0,30480.0,HSX_FOREIGN_API,HOSE_SYMBOL_LEVEL,VND,2026-08-25T01:39:52Z,ff_hsx_symbol_daily_v1,9886da1f942da6c1f3fcc7ef9b2af09e91ef4444e0d27151bb90e6084bd96316
2021-01-12,ACB,HOSE,0.0,0.0,0.0,0.0,0.0,0.0,0.0,0.0,0.0,0.0,30250.0,30300.0,29950.0,30100.0,30070.0,HSX_FOREIGN_API,HOSE_SYMBOL_LEVEL,VND,2026-08-25T01:39:52Z,ff_hsx_symbol_daily_v1,3b51d977bea2ed08da05e42fb92e9cc9aa5f76b88e7f6bad5c8daf03dc90fae4
2021-01-13,ACB,HOSE,0.0,0.0,0.0,0.0,0.0,0.0,0.0,0.0,0.0,0.0,30300.0,30350.0,29700.0,29850.0,30100.0,HSX_FOREIGN_API,HOSE_SYMBOL_LEVEL,VND,2026-08-25T01:39:52Z,ff_hsx_symbol_daily_v1,e1c232749378ba39c38e8ab63383e450b5474a88f231e526b6de3ba619a7c1c5
2021-01-14,ACB,HOSE,0.0,0.0,0.0,0.0,0.0,0.0,0.0,0.0,0.0,0.0,29900.0,29900.0,29200.0,29850.0,29620.0,HSX_FOREIGN_API,HOSE_SYMBOL_LEVEL,VND,2026-08-25T01:39:52Z,ff_hsx_symbol_daily_v1,903c7ac806a7ca5d3ef5ad32d32bc3e2a2975fc689e705266e83a590fb846d23
2021-01-15,ACB,HOSE,0.0,0.0,0.0,0.0,0.0,0.0,0.0,0.0,0.0,0.0,30000.0,30400.0,29950.0,30250.0,30210.0,HSX_FOREIGN_API,HOSE_SYMBOL_LEVEL,VND,2026-08-25T01:39:52Z,ff_hsx_symbol_daily_v1,f066d1725de58835911c4c402c9b0a366ca6c3e3afd3d1a5dc92dcd17c666826
2021-01-18,ACB,HOSE,0.0,0.0,0.0,0.0,0.0,0.0,0.0,0.0,0.0,0.0,30350.0,30500.0,29900.0,29950.0,30240.0,HSX_FOREIGN_API,HOSE_SYMBOL_LEVEL,VND,2026-08-25T01:39:52Z,ff_hsx_symbol_daily_v1,4965569635185a2ecafa8ccb1c610e52acbfb3d1200c6ef7e4dcf7fbbacbea8b
2021-01-19,ACB,HOSE,0.0,0.0,0.0,0.0,0.0,0.0,0.0,0.0,0.0,0.0,29800.0,29900.0,27900.0,27900.0,28520.0,HSX_FOREIGN_API,HOSE_SYMBOL_LEVEL,VND,2026-08-25T01:39:52Z,ff_hsx_symbol_daily_v1,eedf8f863a365b6961ec05b6e89b94863f20bda2c7343c5ae7a624aadcc14042
2021-01-20,ACB,HOSE,0.0,0.0,0.0,0.0,0.0,0.0,0.0,0.0,0.0,0.0,28000.0,28300.0,26300.0,28300.0,27380.0,HSX_FOREIGN_API,HOSE_SYMBOL_LEVEL,VND,2026-08-25T01:39:52Z,ff_hsx_symbol_daily_v1,0af403af50241506991b2ea6c20d8bf7aacaa8dcc1892862c79b1b067fa69438
2021-01-21,ACB,HOSE,0.0,0.0,0.0,0.0,0.0,0.0,0.0,0.0,0.0,0.0,28800.0,29100.0,28350.0,28950.0,28690.0,HSX_FOREIGN_API,HOSE_SYMBOL_LEVEL,VND,2026-08-25T01:39:52Z,ff_hsx_symbol_daily_v1,ec2ce8e5f2cb870fe5512e6c53ad3f2d1fd721dfb141d1e138c648bec730bad9
2021-01-22,ACB,HOSE,0.0,0.0,0.0,0.0,0.0,0.0,0.0,0.0,0.0,0.0,28900.0,29100.0,28500.0,28650.0,28810.0,HSX_FOREIGN_API,HOSE_SYMBOL_LEVEL,VND,2026-08-25T01:39:52Z,ff_hsx_symbol_daily_v1,72a709090ab50b7b533d8888f5a2a1f68485ff26456dec02d4feb5ce2d1f9eac
2021-01-25,ACB,HOSE,0.0,0.0,0.0,0.0,0.0,0.0,0.0,0.0,0.0,0.0,28300.0,28500.0,28050.0,28100.0,28260.0,HSX_FOREIGN_API,HOSE_SYMBOL_LEVEL,VND,2026-08-25T01:39:52Z,ff_hsx_symbol_daily_v1,0b4291b070cf63c6480443ed766f54208bf2c9c30f851381303218a6ddf70920
2021-01-26,ACB,HOSE,0.0,0.0,0.0,0.0,0.0,0.0,0.0,0.0,0.0,0.0,28050.0,28650.0,27500.0,27800.0,28010.0,HSX_FOREIGN_API,HOSE_SYMBOL_LEVEL,VND,2026-08-25T01:39:52Z,ff_hsx_symbol_daily_v1,cf2377a300e3b77719bdd7c1b4df6774406e433069cfe5c6ea8fd208283fd7d7
2021-01-27,ACB,HOSE,0.0,0.0,0.0,0.0,0.0,0.0,0.0,0.0,0.0,0.0,27800.0,28350.0,27200.0,27500.0,27810.0,HSX_FOREIGN_API,HOSE_SYMBOL_LEVEL,VND,2026-08-25T01:39:52Z,ff_hsx_symbol_daily_v1,f34327eee966e9eb53366ad85d7773d099f3f980e4fcd99f41d76f91fdbcce5a
2021-01-28,ACB,HOSE,110967624600.0,110967624600.0,0.0,3774409.0,3774409.0,0.0,110967624600.0,110967624600.0,3774409.0,3774409.0,26000.0,26700.0,25600.0,25600.0,26040.0,HSX_FOREIGN_API,HOSE_SYMBOL_LEVEL,VND,2026-08-25T01:39:52Z,ff_hsx_symbol_daily_v1,706d439d10766e2a77802e10ef5ccdff007cbeec87c2e663b43fff3822fb924f
2021-01-29,ACB,HOSE,0.0,0.0,0.0,0.0,0.0,0.0,0.0,0.0,0.0,0.0,24500.0,26900.0,24500.0,26800.0,25910.0,HSX_FOREIGN_API,HOSE_SYMBOL_LEVEL,VND,2026-08-25T01:39:52Z,ff_hsx_symbol_daily_v1,00844bdf4a43702487f92bb3bd8e6ee53e20a3c4b21e24acecded0da45b3530e
2021-02-01,ACB,HOSE,0.0,0.0,0.0,0.0,0.0,0.0,0.0,0.0,0.0,0.0,26800.0,27400.0,26300.0,26650.0,26840.0,HSX_FOREIGN_API,HOSE_SYMBOL_LEVEL,VND,2026-08-25T01:39:52Z,ff_hsx_symbol_daily_v1,90be5cc18596a51b0318092c450c00891ed3060e4d3576c84c15c26e5a60821c
2021-02-02,ACB,HOSE,2850000000.0,2850000000.0,0.0,100000.0,100000.0,0.0,2850000000.0,2850000000.0,100000.0,100000.0,26650.0,27400.0,26350.0,27350.0,26900.0,HSX_FOREIGN_API,HOSE_SYMBOL_LEVEL,VND,2026-08-25T01:39:52Z,ff_hsx_symbol_daily_v1,25863753b49666ec696db26cdf7f87bfe0fbc62e58ae314ee2c14cf4b29fa5db
2021-02-03,ACB,HOSE,0.0,0.0,0.0,0.0,0.0,0.0,0.0,0.0,0.0,0.0,27350.0,28200.0,27200.0,28100.0,27690.0,HSX_FOREIGN_API,HOSE_SYMBOL_LEVEL,VND,2026-08-25T01:39:52Z,ff_hsx_symbol_daily_v1,0a23cf8a821c87e16914c84a312fdd1a2d9fc503516376a71e5febdae8754791
2021-02-04,ACB,HOSE,0.0,0.0,0.0,0.0,0.0,0.0,0.0,0.0,0.0,0.0,28100.0,28200.0,27800.0,28200.0,28050.0,HSX_FOREIGN_API,HOSE_SYMBOL_LEVEL,VND,2026-08-25T01:39:52Z,ff_hsx_symbol_daily_v1,ce31538324f5b505dfdaf99dc20d324dd387997fdf56f677f8b3a347ba2d58e1
2021-02-05,ACB,HOSE,0.0,0.0,0.0,0.0,0.0,0.0,0.0,0.0,0.0,0.0,28200.0,28650.0,28150.0,28500.0,28470.0,HSX_FOREIGN_API,HOSE_SYMBOL_LEVEL,VND,2026-08-25T01:39:52Z,ff_hsx_symbol_daily_v1,de5aeb46a081433dfcf7e6e64e7ad062575b279f69159312efbc7c26a3cd8750
2021-02-08,ACB,HOSE,3127215000.0,3127215000.0,0.0,102700.0,102700.0,0.0,3127215000.0,3127215000.0,102700.0,102700.0,28500.0,28750.0,27200.0,27500.0,27990.0,HSX_FOREIGN_API,HOSE_SYMBOL_LEVEL,VND,2026-08-25T01:39:52Z,ff_hsx_symbol_daily_v1,218dda3f38ed1f4c3ce9144adf5f53e80838eff0d14793e9e4c3caf6bf9939a1
2021-02-09,ACB,HOSE,0.0,0.0,0.0,0.0,0.0,0.0,0.0,0.0,0.0,0.0,27500.0,28550.0,27300.0,28550.0,28000.0,HSX_FOREIGN_API,HOSE_SYMBOL_LEVEL,VND,2026-08-25T01:39:52Z,ff_hsx_symbol_daily_v1,01d87f2f6ab26789871ed94e4654350905c9009bb567c7a8a05a359a513e459b
2021-02-17,ACB,HOSE,0.0,0.0,0.0,0.0,0.0,0.0,0.0,0.0,0.0,0.0,28800.0,29500.0,28700.0,29400.0,29190.0,HSX_FOREIGN_API,HOSE_SYMBOL_LEVEL,VND,2026-08-25T01:39:52Z,ff_hsx_symbol_daily_v1,5718408996a663c8e47c3c0d3c34a75603baa9e832c89ea324daf3afeec57771
2021-02-18,ACB,HOSE,0.0,0.0,0.0,0.0,0.0,0.0,0.0,0.0,0.0,0.0,29400.0,29450.0,28800.0,29150.0,29240.0,HSX_FOREIGN_API,HOSE_SYMBOL_LEVEL,VND,2026-08-25T01:39:52Z,ff_hsx_symbol_daily_v1,19206bb84c9fd2b5846a838d8eb6f2bc734369c6f3317d61fc29cbfdbe34fffc
2021-02-19,ACB,HOSE,0.0,0.0,0.0,0.0,0.0,0.0,0.0,0.0,0.0,0.0,29000.0,31150.0,28900.0,31100.0,30640.0,HSX_FOREIGN_API,HOSE_SYMBOL_LEVEL,VND,2026-08-25T01:39:52Z,ff_hsx_symbol_daily_v1,518aa89f18b4a173e92dcdbe134171f97c97c621b1ee84e22e026b40d8f13de1
2021-02-22,ACB,HOSE,0.0,0.0,0.0,0.0,0.0,0.0,0.0,0.0,0.0,0.0,31500.0,32200.0,31100.0,31600.0,31820.0,HSX_FOREIGN_API,HOSE_SYMBOL_LEVEL,VND,2026-08-25T01:39:52Z,ff_hsx_symbol_daily_v1,a79a7b184e7c6f7bcd78099cfc29f30c054ffb541630cd4b7437606b0a411e2d
2021-02-23,ACB,HOSE,0.0,0.0,0.0,0.0,0.0,0.0,0.0,0.0,0.0,0.0,31850.0,32250.0,31450.0,31700.0,31920.0,HSX_FOREIGN_API,HOSE_SYMBOL_LEVEL,VND,2026-08-25T01:39:52Z,ff_hsx_symbol_daily_v1,2cbc9f612dd78d083858676119ae6ab965fc68e6f9c99c7ae75557aa2bbec35c
2021-02-24,ACB,HOSE,0.0,0.0,0.0,0.0,0.0,0.0,0.0,0.0,0.0,0.0,31650.0,31850.0,31000.0,31200.0,31440.0,HSX_FOREIGN_API,HOSE_SYMBOL_LEVEL,VND,2026-08-25T01:39:52Z,ff_hsx_symbol_daily_v1,0bedc9c46cd9dfc44b4cc0765555da02d76c6b2ae74874cb8cdcab9d00b2d533
2021-02-25,ACB,HOSE,0.0,0.0,0.0,0.0,0.0,0.0,0.0,0.0,0.0,0.0,31500.0,32450.0,31100.0,32400.0,31700.0,HSX_FOREIGN_API,HOSE_SYMBOL_LEVEL,VND,2026-08-25T01:39:52Z,ff_hsx_symbol_daily_v1,72e8d6e3f8e8cfa80644fb887103b4f06d92880247eee9a4e221fb77f37eb633
2021-02-26,ACB,HOSE,0.0,0.0,0.0,0.0,0.0,0.0,0.0,0.0,0.0,0.0,31900.0,33350.0,31900.0,33050.0,32840.0,HSX_FOREIGN_API,HOSE_SYMBOL_LEVEL,VND,2026-08-25T01:39:52Z,ff_hsx_symbol_daily_v1,100a957c82961034c77ef24cca1d8c0a11c1640ed34a16f02029f2e9113d21f1
2021-03-01,ACB,HOSE,0.0,0.0,0.0,0.0,0.0,0.0,0.0,0.0,0.0,0.0,33400.0,33450.0,32900.0,33250.0,33180.0,HSX_FOREIGN_API,HOSE_SYMBOL_LEVEL,VND,2026-08-25T01:39:52Z,ff_hsx_symbol_daily_v1,5133a1584c2585c1f9b78c887f5654d17c7ada219c85f49bec29388fee0ebefe
2021-03-02,ACB,HOSE,0.0,0.0,0.0,0.0,0.0,0.0,0.0,0.0,0.0,0.0,33400.0,33450.0,32800.0,33000.0,33140.0,HSX_FOREIGN_API,HOSE_SYMBOL_LEVEL,VND,2026-08-25T01:39:52Z,ff_hsx_symbol_daily_v1,03275c372254168ba25780779ac7d90dbc0d69ddbe8b713a7cde675afcf9900f
2021-03-03,ACB,HOSE,0.0,0.0,0.0,0.0,0.0,0.0,0.0,0.0,0.0,0.0,32900.0,33450.0,32700.0,33250.0,33130.0,HSX_FOREIGN_API,HOSE_SYMBOL_LEVEL,VND,2026-08-25T01:39:52Z,ff_hsx_symbol_daily_v1,be913f70afa225056fda2311ad66b126e1226963728307cc620f9cebbfdc7a4f
2021-03-04,ACB,HOSE,1240695000.0,1240695000.0,0.0,34900.0,34900.0,0.0,1240695000.0,1240695000.0,34900.0,34900.0,33400.0,33400.0,32050.0,32400.0,32840.0,HSX_FOREIGN_API,HOSE_SYMBOL_LEVEL,VND,2026-08-25T01:39:52Z,ff_hsx_symbol_daily_v1,fd6f33135e4c90658b33ac1826bf917794fa71d4d6e78a940c67792d369f93c9
2021-03-05,ACB,HOSE,0.0,0.0,0.0,0.0,0.0,0.0,0.0,0.0,0.0,0.0,32100.0,32600.0,31600.0,32450.0,32090.0,HSX_FOREIGN_API,HOSE_SYMBOL_LEVEL,VND,2026-08-25T01:39:52Z,ff_hsx_symbol_daily_v1,7561c55915cd6f271b2940805a6135100fccca1cf6b39d2bb3d9fe8372e2e1c4
2021-03-08,ACB,HOSE,3431830000.0,3431830000.0,0.0,98900.0,98900.0,0.0,3431830000.0,3431830000.0,98900.0,98900.0,32500.0,32700.0,31550.0,31800.0,32020.0,HSX_FOREIGN_API,HOSE_SYMBOL_LEVEL,VND,2026-08-25T01:39:52Z,ff_hsx_symbol_daily_v1,558770574120eb6a4a65f9b9d3f071639d989f921bd638a08a663deb5a7da8b9
2021-03-09,ACB,HOSE,0.0,0.0,0.0,0.0,0.0,0.0,0.0,0.0,0.0,0.0,31500.0,32300.0,31100.0,32050.0,31660.0,HSX_FOREIGN_API,HOSE_SYMBOL_LEVEL,VND,2026-08-25T01:39:52Z,ff_hsx_symbol_daily_v1,0385aef22537656e45c5c5d46af7831c08427feb1aee2c963b74f20b80c700b9
2021-03-10,ACB,HOSE,3201529600000.0,3201529600000.0,0.0,100047800.0,100047800.0,0.0,3201529600000.0,3201529600000.0,100047800.0,100047800.0,32100.0,33200.0,31900.0,32750.0,32570.0,HSX_FOREIGN_API,HOSE_SYMBOL_LEVEL,VND,2026-08-25T01:39:52Z,ff_hsx_symbol_daily_v1,1cea6d42bc6840ffbc5107e2fae6ab8150b3106fd850e55c3b4abae750b38fdd
2021-03-11,ACB,HOSE,0.0,0.0,0.0,0.0,0.0,0.0,0.0,0.0,0.0,0.0,33000.0,33100.0,32750.0,33000.0,32930.0,HSX_FOREIGN_API,HOSE_SYMBOL_LEVEL,VND,2026-08-25T01:39:52Z,ff_hsx_symbol_daily_v1,268676b3be131a5828c3c2b8662d06dafbfa3bf11aabab8401fdb1b17efe83a8
2021-03-12,ACB,HOSE,0.0,0.0,0.0,0.0,0.0,0.0,0.0,0.0,0.0,0.0,33000.0,33050.0,32650.0,32950.0,32800.0,HSX_FOREIGN_API,HOSE_SYMBOL_LEVEL,VND,2026-08-25T01:39:52Z,ff_hsx_symbol_daily_v1,84bab4e4b2ed87cb3477317fc6b11708b753882fc2b452a641e73ececfc520fe
2021-03-15,ACB,HOSE,5100000000.0,58563090000.0,-53463090000.0,150000.0,1763600.0,-1613600.0,5100000000.0,5100000000.0,150000.0,150000.0,33000.0,33850.0,32600.0,33500.0,33300.0,HSX_FOREIGN_API,HOSE_SYMBOL_LEVEL,VND,2026-08-25T01:39:52Z,ff_hsx_symbol_daily_v1,bd634dfc327862b360f916aca80e704f3ad546f5814483ab93d12e1d7f7fe3f8
2021-03-16,ACB,HOSE,17340550000.0,35239315000.0,-17898765000.0,506000.0,1042900.0,-536900.0,17340550000.0,17340550000.0,506000.0,506000.0,33400.0,33700.0,33050.0,33450.0,33360.0,HSX_FOREIGN_API,HOSE_SYMBOL_LEVEL,VND,2026-08-25T01:39:52Z,ff_hsx_symbol_daily_v1,2872c13ca703de7784b275011b47443764cfaf19b1a93f73219ef568072b5c5c
2021-03-17,ACB,HOSE,22982842600.0,39297987600.0,-16315145000.0,676900.0,1166100.0,-489200.0,22982842600.0,22982842600.0,676900.0,676900.0,33450.0,33550.0,33200.0,33500.0,33360.0,HSX_FOREIGN_API,HOSE_SYMBOL_LEVEL,VND,2026-08-25T01:39:52Z,ff_hsx_symbol_daily_v1,22e1c93aef8f7bb0b625aaa7ce31703799d14119f5bd595b2b514f09f98722fb
2021-03-18,ACB,HOSE,186787768000.0,145854510000.0,40933258000.0,5411400.0,4231900.0,1179500.0,186787768000.0,131110500000.0,5411400.0,3797800.0,33900.0,34250.0,33500.0,33950.0,33950.0,HSX_FOREIGN_API,HOSE_SYMBOL_LEVEL,VND,2026-08-25T01:39:52Z,ff_hsx_symbol_daily_v1,b7fbc06f62772d875642c7dc85e821f274406198fe55df1c003c9b4c96c51be1
2021-03-19,ACB,HOSE,274180282200.0,267435252200.0,6745030000.0,8337224.0,8142524.0,194700.0,259347527200.0,255850627200.0,7900324.0,7800324.0,33950.0,34200.0,33700.0,33800.0,33940.0,HSX_FOREIGN_API,HOSE_SYMBOL_LEVEL,VND,2026-08-25T01:39:52Z,ff_hsx_symbol_daily_v1,458f019484a0eece665196f81fe1f625db3353976b04591ac37db5172b3fed3b
2021-03-22,ACB,HOSE,27574660000.0,23667530000.0,3907130000.0,810300.0,700900.0,109400.0,10917400000.0,10917400000.0,321100.0,321100.0,34050.0,34100.0,33350.0,33400.0,33600.0,HSX_FOREIGN_API,HOSE_SYMBOL_LEVEL,VND,2026-08-25T01:39:52Z,ff_hsx_symbol_daily_v1,4304c280893a0c28c119c7d4dda31778800dc078628ac004a6875b9aca3ba930
2021-03-23,ACB,HOSE,47124330000.0,0.0,47124330000.0,1404600.0,0.0,1404600.0,0.0,0.0,0.0,0.0,33550.0,33550.0,32800.0,33000.0,33160.0,HSX_FOREIGN_API,HOSE_SYMBOL_LEVEL,VND,2026-08-25T01:39:52Z,ff_hsx_symbol_daily_v1,b5cf3040c24b026c05a21c3ac99216b48fb813190096bff12e0e0958b45fe695
2021-03-24,ACB,HOSE,14987280000.0,19248830000.0,-4261550000.0,462200.0,592800.0,-130600.0,3900000000.0,3900000000.0,120000.0,120000.0,32400.0,32750.0,32050.0,32450.0,32420.0,HSX_FOREIGN_API,HOSE_SYMBOL_LEVEL,VND,2026-08-25T01:39:52Z,ff_hsx_symbol_daily_v1,cb03e0ea9683933afb553d402b1e404b88f959e367877129c641507ae429c02a
2021-03-25,ACB,HOSE,12694055400.0,5503310000.0,7190745400.0,379800.0,170000.0,209800.0,12694055400.0,0.0,379800.0,0.0,32450.0,32600.0,31900.0,32050.0,32250.0,HSX_FOREIGN_API,HOSE_SYMBOL_LEVEL,VND,2026-08-25T01:39:52Z,ff_hsx_symbol_daily_v1,08e9f5e5754b9f341d4fa19ab6ca4cd36239276d3b77aec6fefa114932072917
2021-03-26,ACB,HOSE,18209400000.0,18209400000.0,0.0,551800.0,551800.0,0.0,18209400000.0,18209400000.0,551800.0,551800.0,32000.0,32450.0,31350.0,32450.0,31860.0,HSX_FOREIGN_API,HOSE_SYMBOL_LEVEL,VND,2026-08-25T01:39:52Z,ff_hsx_symbol_daily_v1,fa4d02020e88e6943cf5b1ef2730f38d62e4d7e8f55b7cccf22143af09c9cafe
2021-03-29,ACB,HOSE,15555120000.0,0.0,15555120000.0,472800.0,0.0,472800.0,0.0,0.0,0.0,0.0,32900.0,33100.0,32400.0,33000.0,32800.0,HSX_FOREIGN_API,HOSE_SYMBOL_LEVEL,VND,2026-08-25T01:39:52Z,ff_hsx_symbol_daily_v1,e9687387226187b92641e6cc5b741e7d640be7da5824141ccafe9ab3fb227f50
2021-03-30,ACB,HOSE,80592000000.0,80542870000.0,49130000.0,2565000.0,2568200.0,-3200.0,79930000000.0,74830000000.0,2545000.0,2395000.0,33100.0,33500.0,32750.0,33300.0,33150.0,HSX_FOREIGN_API,HOSE_SYMBOL_LEVEL,VND,2026-08-25T01:39:52Z,ff_hsx_symbol_daily_v1,56ba62ce1ab787a87b439fad0a1c6e9281b9ad3e569e22ced11b3a83baa565f2
2021-03-31,ACB,HOSE,12313700000.0,16296700000.0,-3983000000.0,359000.0,478100.0,-119100.0,12313700000.0,12313700000.0,359000.0,359000.0,33500.0,33800.0,33250.0,33300.0,33460.0,HSX_FOREIGN_API,HOSE_SYMBOL_LEVEL,VND,2026-08-25T01:39:52Z,ff_hsx_symbol_daily_v1,78c2ebe9faf16f8b1adf4b8422a020d7adf800f1df3569b8bf9de49da5edb72a
2021-04-01,ACB,HOSE,44054920000.0,51929020000.0,-7874100000.0,1284400.0,1519400.0,-235000.0,44054920000.0,44054920000.0,1284400.0,1284400.0,33450.0,33850.0,33300.0,33850.0,33590.0,HSX_FOREIGN_API,HOSE_SYMBOL_LEVEL,VND,2026-08-25T01:39:52Z,ff_hsx_symbol_daily_v1,a8260c5f0da3a5b546f0078b3ab93be649620828dd4a40e6850b0a26c0c6ff87
2021-04-02,ACB,HOSE,5923440000.0,0.0,5923440000.0,173200.0,0.0,173200.0,0.0,0.0,0.0,0.0,34200.0,35000.0,34000.0,34650.0,34500.0,HSX_FOREIGN_API,HOSE_SYMBOL_LEVEL,VND,2026-08-25T01:39:52Z,ff_hsx_symbol_daily_v1,290158ac0f1e4fbd66f95df7864dba6e2455cc543ef073879eeee61f0c4749e3
2021-04-05,ACB,HOSE,4204230000.0,0.0,4204230000.0,119100.0,0.0,119100.0,0.0,0.0,0.0,0.0,35300.0,35300.0,34600.0,34750.0,34840.0,HSX_FOREIGN_API,HOSE_SYMBOL_LEVEL,VND,2026-08-25T01:39:52Z,ff_hsx_symbol_daily_v1,bd3cb3f7599ff7536d2f9ae9824b7a1822bc5cb9fcc4f1da1bbb553ca92f0b71
2021-04-06,ACB,HOSE,13272899000.0,17978509000.0,-4705610000.0,378000.0,513300.0,-135300.0,5118399000.0,5118399000.0,143000.0,143000.0,34700.0,34950.0,34150.0,34750.0,34730.0,HSX_FOREIGN_API,HOSE_SYMBOL_LEVEL,VND,2026-08-25T01:39:52Z,ff_hsx_symbol_daily_v1,bf2b6f6a2278e42704061ad8a45c3c04a16087a520a5ebe7d2f8ef0afff5a67b
2021-04-07,ACB,HOSE,0.0,0.0,0.0,0.0,0.0,0.0,0.0,0.0,0.0,0.0,34500.0,34700.0,34300.0,34400.0,34470.0,HSX_FOREIGN_API,HOSE_SYMBOL_LEVEL,VND,2026-08-25T01:39:52Z,ff_hsx_symbol_daily_v1,d39b8d407f25366b7aa0988e9747f885d7a37b3041f7660de78d5c527ba396b4
2021-04-08,ACB,HOSE,17325270000.0,20788860000.0,-3463590000.0,489000.0,589200.0,-100200.0,17325270000.0,17325270000.0,489000.0,489000.0,34350.0,34700.0,34200.0,34400.0,34460.0,HSX_FOREIGN_API,HOSE_SYMBOL_LEVEL,VND,2026-08-25T01:39:52Z,ff_hsx_symbol_daily_v1,9441204716357b645b040644d18842de3f4d51c2cea7a28dfdb41f698702428d
2021-04-09,ACB,HOSE,23748390000.0,19507920000.0,4240470000.0,670300.0,558400.0,111900.0,23738100000.0,10629000000.0,670000.0,300000.0,34300.0,34600.0,34200.0,34400.0,34360.0,HSX_FOREIGN_API,HOSE_SYMBOL_LEVEL,VND,2026-08-25T01:39:52Z,ff_hsx_symbol_daily_v1,6d3a5def32cf7560b955d33644e34641a3506498c97d9b304159503b1f0c945e
2021-04-12,ACB,HOSE,0.0,0.0,0.0,0.0,0.0,0.0,0.0,0.0,0.0,0.0,34600.0,35200.0,34450.0,35150.0,34830.0,HSX_FOREIGN_API,HOSE_SYMBOL_LEVEL,VND,2026-08-25T01:39:52Z,ff_hsx_symbol_daily_v1,1ebd91f6ee83726cc11d1a9a48a8ece1868e72d6166d8c638ebaab17e623044d
2021-04-13,ACB,HOSE,60715060000.0,57087990000.0,3627070000.0,1647300.0,1547100.0,100200.0,60707990000.0,57087990000.0,1647100.0,1547100.0,35350.0,35500.0,34400.0,34600.0,34810.0,HSX_FOREIGN_API,HOSE_SYMBOL_LEVEL,VND,2026-08-25T01:39:52Z,ff_hsx_symbol_daily_v1,5ae49b0a6a667ceb05b0f34e961ccbb8412b646f472d67e0041d383dba3bdee4
2021-04-14,ACB,HOSE,12573827000.0,3367035000.0,9206792000.0,352900.0,94500.0,258400.0,12573827000.0,3367035000.0,352900.0,94500.0,34300.0,34750.0,34150.0,34600.0,34450.0,HSX_FOREIGN_API,HOSE_SYMBOL_LEVEL,VND,2026-08-25T01:39:52Z,ff_hsx_symbol_daily_v1,965d8b9b738d432b63ac3d90730ebc2008f4c8b0c5ad0433ee22a0806b4d8b88
2021-04-15,ACB,HOSE,0.0,10953480000.0,-10953480000.0,0.0,318800.0,-318800.0,0.0,0.0,0.0,0.0,34650.0,34700.0,33800.0,33850.0,34150.0,HSX_FOREIGN_API,HOSE_SYMBOL_LEVEL,VND,2026-08-25T01:39:52Z,ff_hsx_symbol_daily_v1,987d588346fded3185faf07c9252cf80fc508bf0227670adaa9e1c1377474ee0
2021-04-16,ACB,HOSE,0.0,9900000.0,-9900000.0,0.0,300.0,-300.0,0.0,0.0,0.0,0.0,33800.0,34050.0,32700.0,33100.0,33280.0,HSX_FOREIGN_API,HOSE_SYMBOL_LEVEL,VND,2026-08-25T01:39:52Z,ff_hsx_symbol_daily_v1,a03dedaeafa3458884799302eeabca153a833ef1a3257f21dc9cb188a320c924
2021-04-19,ACB,HOSE,0.0,0.0,0.0,0.0,0.0,0.0,0.0,0.0,0.0,0.0,33500.0,33750.0,32800.0,33700.0,33290.0,HSX_FOREIGN_API,HOSE_SYMBOL_LEVEL,VND,2026-08-25T01:39:52Z,ff_hsx_symbol_daily_v1,84c515f796b1b87ca149a341967786995242d50064242149286b350dbf22c955
2021-04-20,ACB,HOSE,11000690000.0,0.0,11000690000.0,318800.0,0.0,318800.0,8005290000.0,0.0,230700.0,0.0,34000.0,34400.0,33200.0,33600.0,33960.0,HSX_FOREIGN_API,HOSE_SYMBOL_LEVEL,VND,2026-08-25T01:39:52Z,ff_hsx_symbol_daily_v1,4ff1f6e5ea0368d3d9a48de33be8e508021287696ac2fbc2503ec8d37dec3b36
2021-04-22,ACB,HOSE,6194565000.0,11163610000.0,-4969045000.0,175500.0,325200.0,-149700.0,6184560000.0,6184560000.0,175200.0,175200.0,33400.0,33600.0,32500.0,32500.0,33060.0,HSX_FOREIGN_API,HOSE_SYMBOL_LEVEL,VND,2026-08-25T01:39:52Z,ff_hsx_symbol_daily_v1,2f6abcc68a6b9c6d39c0de4d5143dcf6c3330bc89841c2045b2411845aa2aef2
2021-04-23,ACB,HOSE,9271300000.0,9271300000.0,0.0,266800.0,266800.0,0.0,9271300000.0,9271300000.0,266800.0,266800.0,32400.0,33450.0,32100.0,33400.0,32810.0,HSX_FOREIGN_API,HOSE_SYMBOL_LEVEL,VND,2026-08-25T01:39:52Z,ff_hsx_symbol_daily_v1,21f4e136e3835b6198a02b9177afc8fcfdfe9057de2bf08dc6cb0878505dbe47
2021-04-26,ACB,HOSE,0.0,5065690000.0,-5065690000.0,0.0,154000.0,-154000.0,0.0,0.0,0.0,0.0,33400.0,33400.0,32600.0,33300.0,32910.0,HSX_FOREIGN_API,HOSE_SYMBOL_LEVEL,VND,2026-08-25T01:39:52Z,ff_hsx_symbol_daily_v1,3a4a19f2b4a8c1704de1f042cf83456524c7b3b77c2093e57642a8fa8d96c775
2021-04-27,ACB,HOSE,5143700000.0,0.0,5143700000.0,150000.0,0.0,150000.0,5110700000.0,0.0,149000.0,0.0,33000.0,34000.0,32650.0,34000.0,33370.0,HSX_FOREIGN_API,HOSE_SYMBOL_LEVEL,VND,2026-08-25T01:39:52Z,ff_hsx_symbol_daily_v1,47ed877e5ea09da3849a3513b31069b4e7afb4b1eeb8f781fd1fd42705ac5154
2021-04-28,ACB,HOSE,17850000000.0,17850000000.0,0.0,500000.0,500000.0,0.0,17850000000.0,17850000000.0,500000.0,500000.0,33500.0,34300.0,33400.0,33800.0,33820.0,HSX_FOREIGN_API,HOSE_SYMBOL_LEVEL,VND,2026-08-25T01:39:52Z,ff_hsx_symbol_daily_v1,419be751cdca4d719343da43d9b2eca64715bc50311eb68b1ad36bca4f797d05
2021-04-29,ACB,HOSE,5359200000.0,0.0,5359200000.0,154000.0,0.0,154000.0,5359200000.0,0.0,154000.0,0.0,33800.0,34650.0,33600.0,34650.0,34270.0,HSX_FOREIGN_API,HOSE_SYMBOL_LEVEL,VND,2026-08-25T01:39:52Z,ff_hsx_symbol_daily_v1,473bbefa2892d6411566aedfe7e541cccbe802c1b4d3a119c333fd2c79d1a89a
2021-05-04,ACB,HOSE,0.0,0.0,0.0,0.0,0.0,0.0,0.0,0.0,0.0,0.0,34000.0,34750.0,33500.0,34450.0,34290.0,HSX_FOREIGN_API,HOSE_SYMBOL_LEVEL,VND,2026-08-25T01:39:52Z,ff_hsx_symbol_daily_v1,551c49d3d777d92be8bed55d4f849cc473d978ff751005be8cfeb7872cedc188
2021-05-05,ACB,HOSE,18425000000.0,18425000000.0,0.0,500000.0,500000.0,0.0,18425000000.0,18425000000.0,500000.0,500000.0,34600.0,35850.0,34600.0,35300.0,35330.0,HSX_FOREIGN_API,HOSE_SYMBOL_LEVEL,VND,2026-08-25T01:39:52Z,ff_hsx_symbol_daily_v1,b5db6576e134d0d4822d835a0b597b68c1aa4685db8402e42fb880744eb661f8
2021-05-06,ACB,HOSE,41525000000.0,41525000000.0,0.0,1100000.0,1100000.0,0.0,41525000000.0,41525000000.0,1100000.0,1100000.0,35300.0,35350.0,34650.0,34800.0,34990.0,HSX_FOREIGN_API,HOSE_SYMBOL_LEVEL,VND,2026-08-25T01:39:52Z,ff_hsx_symbol_daily_v1,f05c0de8af9383f4ed88de03fdf8946476332c9824d5b057767b7f05a51b6d86
2021-05-07,ACB,HOSE,56159376000.0,56159376000.0,0.0,1515500.0,1515500.0,0.0,56159376000.0,56159376000.0,1515500.0,1515500.0,34500.0,35400.0,34500.0,35200.0,34920.0,HSX_FOREIGN_API,HOSE_SYMBOL_LEVEL,VND,2026-08-25T01:39:52Z,ff_hsx_symbol_daily_v1,cefcae2c3b5d2c30f55e9655e0c1a4afc5e3149448829cb18e0dfdb3d5f3b8d5
2021-05-10,ACB,HOSE,0.0,0.0,0.0,0.0,0.0,0.0,0.0,0.0,0.0,0.0,35200.0,36350.0,35200.0,36200.0,36030.0,HSX_FOREIGN_API,HOSE_SYMBOL_LEVEL,VND,2026-08-25T01:39:52Z,ff_hsx_symbol_daily_v1,2b9de41e22230b57acf9061f2b15002376f1e3448627ad39ff65dc819f24d64b
2021-05-11,ACB,HOSE,116100000000.0,116100000000.0,0.0,3000000.0,3000000.0,0.0,116100000000.0,116100000000.0,3000000.0,3000000.0,36400.0,36400.0,35800.0,35800.0,36030.0,HSX_FOREIGN_API,HOSE_SYMBOL_LEVEL,VND,2026-08-25T01:39:52Z,ff_hsx_symbol_daily_v1,4ea7dd5c89fb930eb313f7c2444b31b9900f4df7dd51c4e2ef7db840387ec509
2021-05-12,ACB,HOSE,8119600000.0,8119600000.0,0.0,212000.0,212000.0,0.0,8119600000.0,8119600000.0,212000.0,212000.0,35550.0,36150.0,35400.0,36150.0,35690.0,HSX_FOREIGN_API,HOSE_SYMBOL_LEVEL,VND,2026-08-25T01:39:52Z,ff_hsx_symbol_daily_v1,6d3af4f45e18bb0fe62c83b52d89d9a1ca588f4e3d5e3b0b412c974ab3951c69
2021-05-13,ACB,HOSE,6377250000.0,6377250000.0,0.0,165000.0,165000.0,0.0,6377250000.0,6377250000.0,165000.0,165000.0,35700.0,36950.0,35700.0,36200.0,36410.0,HSX_FOREIGN_API,HOSE_SYMBOL_LEVEL,VND,2026-08-25T01:39:52Z,ff_hsx_symbol_daily_v1,9ae21302a22154e0843a741b7bf7144a93e07af4bc1f3249ec39f803c05bde76
2021-05-14,ACB,HOSE,21421611000.0,21421611000.0,0.0,553530.0,553530.0,0.0,21421611000.0,21421611000.0,553530.0,553530.0,36400.0,36700.0,36050.0,36450.0,36410.0,HSX_FOREIGN_API,HOSE_SYMBOL_LEVEL,VND,2026-08-25T01:39:52Z,ff_hsx_symbol_daily_v1,53302a2d0ab84ca8b1e53fedf9afe2ccfcc0472fca87fe5f04c2e09c0517985e
2021-05-17,ACB,HOSE,0.0,0.0,0.0,0.0,0.0,0.0,0.0,0.0,0.0,0.0,37000.0,37200.0,36450.0,36550.0,36820.0,HSX_FOREIGN_API,HOSE_SYMBOL_LEVEL,VND,2026-08-25T01:39:52Z,ff_hsx_symbol_daily_v1,157cd9fd68d3e7cba9e978d4f3d22ccea6971e98eb0ad2d27ce3da32399fb64a
2021-05-18,ACB,HOSE,0.0,0.0,0.0,0.0,0.0,0.0,0.0,0.0,0.0,0.0,36600.0,36600.0,35900.0,36250.0,36260.0,HSX_FOREIGN_API,HOSE_SYMBOL_LEVEL,VND,2026-08-25T01:39:52Z,ff_hsx_symbol_daily_v1,849007e58d9767181b637fd910825a49fb5e4f6e54e382b0e1ee01e9b29b31b3
2021-05-19,ACB,HOSE,0.0,0.0,0.0,0.0,0.0,0.0,0.0,0.0,0.0,0.0,36200.0,36700.0,35900.0,36600.0,36400.0,HSX_FOREIGN_API,HOSE_SYMBOL_LEVEL,VND,2026-08-25T01:39:52Z,ff_hsx_symbol_daily_v1,d6e1bfab2a58508f8b160338409775aaac2ca97e62913125cb9d4347bff697f3
2021-05-20,ACB,HOSE,0.0,0.0,0.0,0.0,0.0,0.0,0.0,0.0,0.0,0.0,36600.0,37500.0,36600.0,37400.0,37240.0,HSX_FOREIGN_API,HOSE_SYMBOL_LEVEL,VND,2026-08-25T01:39:52Z,ff_hsx_symbol_daily_v1,1f8395e51a94d8e05accf70e51d9f7d8c7cc0be15fe85b45cec49cca99091522
2021-05-21,ACB,HOSE,0.0,112350000.0,-112350000.0,0.0,3000.0,-3000.0,0.0,0.0,0.0,0.0,37400.0,38300.0,37300.0,37500.0,37900.0,HSX_FOREIGN_API,HOSE_SYMBOL_LEVEL,VND,2026-08-25T01:39:52Z,ff_hsx_symbol_daily_v1,42da47a3282e4267f1ff51e0398f3d86cd7d3028bc58eea17c17a50456d5a323
2021-05-24,ACB,HOSE,21437392500.0,21538807500.0,-101415000.0,536500.0,539200.0,-2700.0,21437392500.0,21437392500.0,536500.0,536500.0,37850.0,37850.0,37250.0,37500.0,37530.0,HSX_FOREIGN_API,HOSE_SYMBOL_LEVEL,VND,2026-08-25T01:39:52Z,ff_hsx_symbol_daily_v1,018df41a55f55e7e67fa68a0a151584ae74b4dcb06da6f44ef1832f50bd56d21
2021-05-25,ACB,HOSE,0.0,0.0,0.0,0.0,0.0,0.0,0.0,0.0,0.0,0.0,37500.0,38250.0,37300.0,38000.0,37940.0,HSX_FOREIGN_API,HOSE_SYMBOL_LEVEL,VND,2026-08-25T01:39:52Z,ff_hsx_symbol_daily_v1,9843ff507d64ed239949481035c73f9a22d943255cd4cd92cecc67f58ff57818
2021-05-26,ACB,HOSE,9866345000.0,9756000000.0,110345000.0,242900.0,240000.0,2900.0,9756000000.0,9756000000.0,240000.0,240000.0,38050.0,38650.0,38050.0,38450.0,38460.0,HSX_FOREIGN_API,HOSE_SYMBOL_LEVEL,VND,2026-08-25T01:39:52Z,ff_hsx_symbol_daily_v1,4efe62ff64232ccadc49f8095789a62fa5fa929394b53fdec7eeff7c372a0d98
2021-05-27,ACB,HOSE,103950000.0,0.0,103950000.0,2700.0,0.0,2700.0,0.0,0.0,0.0,0.0,38500.0,39150.0,37900.0,38200.0,38480.0,HSX_FOREIGN_API,HOSE_SYMBOL_LEVEL,VND,2026-08-25T01:39:52Z,ff_hsx_symbol_daily_v1,0a73a4c59ebe88f0cc1e4f0439c1b3b72f959acbd65aaa722725ae1f29885f43
2021-05-28,ACB,HOSE,19608000000.0,19608000000.0,0.0,480000.0,480000.0,0.0,19608000000.0,19608000000.0,480000.0,480000.0,38200.0,38900.0,38050.0,38900.0,38440.0,HSX_FOREIGN_API,HOSE_SYMBOL_LEVEL,VND,2026-08-25T01:39:52Z,ff_hsx_symbol_daily_v1,c0199fdc859e7a5345ce10c40529f4277f49343b3ba177da4cd9dd9c78f3d299
2021-05-31,ACB,HOSE,2662400000.0,2662400000.0,0.0,64000.0,64000.0,0.0,2662400000.0,2662400000.0,64000.0,64000.0,39500.0,41450.0,39000.0,41400.0,40090.0,HSX_FOREIGN_API,HOSE_SYMBOL_LEVEL,VND,2026-08-25T01:39:52Z,ff_hsx_symbol_daily_v1,ae84489fa360fa08f5b17ff2dec155182497703b4c6517dc053df0c553607a7f
2021-06-01,ACB,HOSE,0.0,0.0,0.0,0.0,0.0,0.0,0.0,0.0,0.0,0.0,42500.0,42900.0,42000.0,42100.0,42380.0,HSX_FOREIGN_API,HOSE_SYMBOL_LEVEL,VND,2026-08-25T01:39:52Z,ff_hsx_symbol_daily_v1,80ad3c0b7df0f73ed8060dae3769d9f6a359bb93a9ca45b757e3c8ca2ddb9855
2021-06-02,ACB,HOSE,13507650000.0,13507650000.0,0.0,304000.0,304000.0,0.0,13507650000.0,13507650000.0,304000.0,304000.0,42650.0,44600.0,42500.0,44600.0,43510.0,HSX_FOREIGN_API,HOSE_SYMBOL_LEVEL,VND,2026-08-25T01:39:52Z,ff_hsx_symbol_daily_v1,67c234f09dfa6dd2f2fca7ce789080181044a50da687fb19e2ba11c33f2ff258
2021-06-03,ACB,HOSE,0.0,0.0,0.0,0.0,0.0,0.0,0.0,0.0,0.0,0.0,46300.0,46300.0,44600.0,45900.0,45700.0,HSX_FOREIGN_API,HOSE_SYMBOL_LEVEL,VND,2026-08-25T01:39:52Z,ff_hsx_symbol_daily_v1,63a15b4129c1875d8f55308a4239690b9d6244d3f20d8bc7ba3f1239eb132ccd
2021-06-04,ACB,HOSE,18055390000.0,19280125000.0,-1224735000.0,371100.0,398200.0,-27100.0,18055390000.0,18055390000.0,371100.0,371100.0,45000.0,45900.0,45000.0,45300.0,45470.0,HSX_FOREIGN_API,HOSE_SYMBOL_LEVEL,VND,2026-08-25T01:39:52Z,ff_hsx_symbol_daily_v1,eee50aeec8d166af11e997ed6bac710419cc60c84c6cb345d0f1373b0f89afc4
2021-06-07,ACB,HOSE,0.0,3574880000.0,-3574880000.0,0.0,84300.0,-84300.0,0.0,0.0,0.0,0.0,44900.0,44900.0,42250.0,43000.0,43310.0,HSX_FOREIGN_API,HOSE_SYMBOL_LEVEL,VND,2026-08-25T01:39:52Z,ff_hsx_symbol_daily_v1,10304f11b97e85ce95806a5f0ad23dd961ca56fd0f932e728927ffc5a05a1ee0
2021-06-08,ACB,HOSE,29245000000.0,29245000000.0,0.0,640000.0,640000.0,0.0,29245000000.0,29245000000.0,640000.0,640000.0,42550.0,43400.0,40200.0,40200.0,42040.0,HSX_FOREIGN_API,HOSE_SYMBOL_LEVEL,VND,2026-08-25T01:39:52Z,ff_hsx_symbol_daily_v1,b140b3bd6ba1ee46b2269afc48a382d17ce1986a63310f1af4706b386428eda7
2021-06-09,ACB,HOSE,1081380000.0,0.0,1081380000.0,26900.0,0.0,26900.0,0.0,0.0,0.0,0.0,40200.0,42600.0,40000.0,42450.0,41290.0,HSX_FOREIGN_API,HOSE_SYMBOL_LEVEL,VND,2026-08-25T01:39:52Z,ff_hsx_symbol_daily_v1,ac2e04a39715d3cac150c88372b726e2ac4a91029e7507c4e5cafb19ae80f8be
2021-06-10,ACB,HOSE,53531270000.0,51967610000.0,1563660000.0,1505100.0,1459700.0,45400.0,51540620000.0,51540620000.0,1447400.0,1447400.0,34500.0,35350.0,34100.0,34100.0,34620.0,HSX_FOREIGN_API,HOSE_SYMBOL_LEVEL,VND,2026-08-25T01:39:52Z,ff_hsx_symbol_daily_v1,0b366e0a86edd49685501e462c2581b570d6329558bd1824d631bdc4647c07f8
2021-06-11,ACB,HOSE,0.0,0.0,0.0,0.0,0.0,0.0,0.0,0.0,0.0,0.0,34400.0,35100.0,33800.0,34650.0,34450.0,HSX_FOREIGN_API,HOSE_SYMBOL_LEVEL,VND,2026-08-25T01:39:52Z,ff_hsx_symbol_daily_v1,ba765083fca43a41137d77fe5fa097d3e7f8586f9005a4fb883816e1d61475ac
2021-06-14,ACB,HOSE,66268741500.0,66268741500.0,0.0,1788630.0,1788630.0,0.0,66268741500.0,66268741500.0,1788630.0,1788630.0,34650.0,34900.0,33850.0,34100.0,34340.0,HSX_FOREIGN_API,HOSE_SYMBOL_LEVEL,VND,2026-08-25T01:39:52Z,ff_hsx_symbol_daily_v1,f811aecf14b3ef0ae2dc1ce8b1c81df5dd803651634d6ddbb402d9f76606b942
2021-06-15,ACB,HOSE,35719430000.0,35300000000.0,419430000.0,1012300.0,1000000.0,12300.0,35300000000.0,35300000000.0,1000000.0,1000000.0,34100.0,36200.0,33500.0,35350.0,34940.0,HSX_FOREIGN_API,HOSE_SYMBOL_LEVEL,VND,2026-08-25T01:39:52Z,ff_hsx_symbol_daily_v1,bddd958b3c74f520ac20a7e69bfe251709830cad16b81f1581005aa9db779fac
2021-06-16,ACB,HOSE,66739680000.0,66739680000.0,0.0,1765600.0,1765600.0,0.0,66739680000.0,66739680000.0,1765600.0,1765600.0,35350.0,35450.0,34500.0,34700.0,34910.0,HSX_FOREIGN_API,HOSE_SYMBOL_LEVEL,VND,2026-08-25T01:39:52Z,ff_hsx_symbol_daily_v1,f6ca4e8edc4e659b12af4c72a5487130d3fd5cfeccaa6c03a95c18925a0a44a4
2021-06-17,ACB,HOSE,0.0,0.0,0.0,0.0,0.0,0.0,0.0,0.0,0.0,0.0,34000.0,35000.0,33700.0,34900.0,34510.0,HSX_FOREIGN_API,HOSE_SYMBOL_LEVEL,VND,2026-08-25T01:39:52Z,ff_hsx_symbol_daily_v1,1f8cbd060903ed89e69ffe91944ff6fd00f12d8f18aafc8188838066841179e5
2021-06-18,ACB,HOSE,0.0,0.0,0.0,0.0,0.0,0.0,0.0,0.0,0.0,0.0,35200.0,35500.0,34900.0,35000.0,35160.0,HSX_FOREIGN_API,HOSE_SYMBOL_LEVEL,VND,2026-08-25T01:39:52Z,ff_hsx_symbol_daily_v1,d6fe680f647fb9cd6b5b1486d94149e7c076a37e46e4d2934808189120cbc253
2021-06-21,ACB,HOSE,0.0,0.0,0.0,0.0,0.0,0.0,0.0,0.0,0.0,0.0,34900.0,35200.0,34650.0,34750.0,34880.0,HSX_FOREIGN_API,HOSE_SYMBOL_LEVEL,VND,2026-08-25T01:39:52Z,ff_hsx_symbol_daily_v1,076f23259c91a5c4a06eb467bf243b9f67ac20381811ebd4645428dcee3e297d
2021-06-22,ACB,HOSE,6779875000.0,6779875000.0,0.0,182500.0,182500.0,0.0,6779875000.0,6779875000.0,182500.0,182500.0,35200.0,36000.0,34850.0,35650.0,35550.0,HSX_FOREIGN_API,HOSE_SYMBOL_LEVEL,VND,2026-08-25T01:39:52Z,ff_hsx_symbol_daily_v1,3880c243d388bb5eea6a2131797722916f5df636188da70ac871aae80aeb7f8e
2021-06-23,ACB,HOSE,7018020000.0,7018020000.0,0.0,184200.0,184200.0,0.0,7018020000.0,7018020000.0,184200.0,184200.0,35900.0,36400.0,35700.0,35800.0,36090.0,HSX_FOREIGN_API,HOSE_SYMBOL_LEVEL,VND,2026-08-25T01:39:52Z,ff_hsx_symbol_daily_v1,d7bbb6350fd745e9a2eec4bddbe99dfb52f1080bedf07e548d74b1988596dcdd
2021-06-24,ACB,HOSE,1474550000.0,1474550000.0,0.0,38500.0,38500.0,0.0,1474550000.0,1474550000.0,38500.0,38500.0,36000.0,36450.0,35600.0,36200.0,36190.0,HSX_FOREIGN_API,HOSE_SYMBOL_LEVEL,VND,2026-08-25T01:39:52Z,ff_hsx_symbol_daily_v1,97ad15d9eb53a3836dbcef868f6bfd159ba77bf7bead61228936c847d941e446
2021-06-25,ACB,HOSE,0.0,0.0,0.0,0.0,0.0,0.0,0.0,0.0,0.0,0.0,36200.0,36600.0,36050.0,36350.0,36320.0,HSX_FOREIGN_API,HOSE_SYMBOL_LEVEL,VND,2026-08-25T01:39:52Z,ff_hsx_symbol_daily_v1,ff58e29d3c7d51a2302dfdd8bf2e1094773c6011ae1d74357379e78b497fab9d
2021-06-28,ACB,HOSE,0.0,0.0,0.0,0.0,0.0,0.0,0.0,0.0,0.0,0.0,36700.0,36800.0,36300.0,36700.0,36650.0,HSX_FOREIGN_API,HOSE_SYMBOL_LEVEL,VND,2026-08-25T01:39:52Z,ff_hsx_symbol_daily_v1,f2305562985d08e04a2386e0a370d8b9440ff636707844b67ab2a0b55344675c
2021-06-29,ACB,HOSE,17862675000.0,17862675000.0,0.0,455100.0,455100.0,0.0,17862675000.0,17862675000.0,455100.0,455100.0,36900.0,36950.0,36450.0,36450.0,36720.0,HSX_FOREIGN_API,HOSE_SYMBOL_LEVEL,VND,2026-08-25T01:39:52Z,ff_hsx_symbol_daily_v1,73ac32b63fadf71a031022a4773051f63f2be26dec4e748e860b839d5fe2f98e
2021-06-30,ACB,HOSE,0.0,0.0,0.0,0.0,0.0,0.0,0.0,0.0,0.0,0.0,36400.0,36500.0,35600.0,35700.0,36040.0,HSX_FOREIGN_API,HOSE_SYMBOL_LEVEL,VND,2026-08-25T01:39:52Z,ff_hsx_symbol_daily_v1,2af9448ad2d3aa3b9fcfdbca699e68ec6e46632f15fe18b78e1f761237334143
2021-07-01,ACB,HOSE,0.0,0.0,0.0,0.0,0.0,0.0,0.0,0.0,0.0,0.0,35550.0,36200.0,35100.0,35950.0,35610.0,HSX_FOREIGN_API,HOSE_SYMBOL_LEVEL,VND,2026-08-25T01:39:52Z,ff_hsx_symbol_daily_v1,747bd083168d08c79daa564c48009abebd2217140cb31e8bb72052798321d945
2021-07-02,ACB,HOSE,13653825000.0,13138365000.0,515460000.0,355900.0,341700.0,14200.0,13138365000.0,13138365000.0,341700.0,341700.0,36300.0,36400.0,36000.0,36100.0,36200.0,HSX_FOREIGN_API,HOSE_SYMBOL_LEVEL,VND,2026-08-25T01:39:52Z,ff_hsx_symbol_daily_v1,03dac01ef7d69825490fe15238ffaa94c40a0dbf2fb03b4469eb41a3f23720c9
2021-07-05,ACB,HOSE,67299100000.0,67299100000.0,0.0,1743500.0,1743500.0,0.0,67299100000.0,67299100000.0,1743500.0,1743500.0,36300.0,38100.0,35900.0,37950.0,36840.0,HSX_FOREIGN_API,HOSE_SYMBOL_LEVEL,VND,2026-08-25T01:39:52Z,ff_hsx_symbol_daily_v1,6ca0daa07ebeb18cc688d28a962ad9f30b3c4cf330cc2bbda5d332f1fddaf3d6
2021-07-06,ACB,HOSE,6379790000.0,6379790000.0,0.0,160700.0,160700.0,0.0,6379790000.0,6379790000.0,160700.0,160700.0,38000.0,38200.0,36000.0,36000.0,37350.0,HSX_FOREIGN_API,HOSE_SYMBOL_LEVEL,VND,2026-08-25T01:39:52Z,ff_hsx_symbol_daily_v1,c6db1f32d9d652f78415e140318c535ed2957ec876b01561efd9756efe1b03f5
2021-07-07,ACB,HOSE,0.0,0.0,0.0,0.0,0.0,0.0,0.0,0.0,0.0,0.0,36000.0,36900.0,35100.0,36550.0,36060.0,HSX_FOREIGN_API,HOSE_SYMBOL_LEVEL,VND,2026-08-25T01:39:52Z,ff_hsx_symbol_daily_v1,7a8353faf0c99a180a0e22e41012cef7b4fb4036edef3d14d1507b9a7d5d926d
2021-07-08,ACB,HOSE,2385100000.0,2385100000.0,0.0,61000.0,61000.0,0.0,2385100000.0,2385100000.0,61000.0,61000.0,36550.0,37200.0,36000.0,36200.0,36450.0,HSX_FOREIGN_API,HOSE_SYMBOL_LEVEL,VND,2026-08-25T01:39:52Z,ff_hsx_symbol_daily_v1,8cc71386cdb799c917cb8fd8ec80ebcad27ff5caa9641df8042a27306e0f3649
2021-07-09,ACB,HOSE,0.0,0.0,0.0,0.0,0.0,0.0,0.0,0.0,0.0,0.0,36000.0,36600.0,34000.0,35200.0,35750.0,HSX_FOREIGN_API,HOSE_SYMBOL_LEVEL,VND,2026-08-25T01:39:52Z,ff_hsx_symbol_daily_v1,16323dbfa78819cf4c3fd57eeeed9ff282b20a49f626827e2d5c837fc1ec7d1b
2021-07-12,ACB,HOSE,11923755000.0,11964835000.0,-41080000.0,316700.0,317900.0,-1200.0,11923755000.0,11923755000.0,316700.0,316700.0,34500.0,34750.0,32750.0,32750.0,33160.0,HSX_FOREIGN_API,HOSE_SYMBOL_LEVEL,VND,2026-08-25T01:39:52Z,ff_hsx_symbol_daily_v1,53e0641fef87e1c8c8fcf050b3d3c7da00291fb3bf1e9e0087281924f1430248
2021-07-13,ACB,HOSE,8575000000.0,8575000000.0,0.0,250000.0,250000.0,0.0,8575000000.0,8575000000.0,250000.0,250000.0,33300.0,33300.0,32300.0,32900.0,32890.0,HSX_FOREIGN_API,HOSE_SYMBOL_LEVEL,VND,2026-08-25T01:39:52Z,ff_hsx_symbol_daily_v1,4b2360c9d67de2195a4bfd8ef3ddbcd4d467979112b4561a63623898c655df54
2021-07-14,ACB,HOSE,0.0,0.0,0.0,0.0,0.0,0.0,0.0,0.0,0.0,0.0,32900.0,33000.0,31100.0,31750.0,32080.0,HSX_FOREIGN_API,HOSE_SYMBOL_LEVEL,VND,2026-08-25T01:39:52Z,ff_hsx_symbol_daily_v1,456428a175882dfd9d2ba1923486a0835facc6ff4e9283067630550e45ed25d9
2021-07-15,ACB,HOSE,121602445000.0,121631790000.0,-29345000.0,3581900.0,3582800.0,-900.0,121564765000.0,121564765000.0,3580700.0,3580700.0,31400.0,32950.0,31350.0,32750.0,32140.0,HSX_FOREIGN_API,HOSE_SYMBOL_LEVEL,VND,2026-08-25T01:39:52Z,ff_hsx_symbol_daily_v1,4aca1fe637d63957d9d9bb0a3a795181f949a9db89a45e77db081d7f3a49aa84
2021-07-16,ACB,HOSE,0.0,0.0,0.0,0.0,0.0,0.0,0.0,0.0,0.0,0.0,33150.0,33600.0,32800.0,33600.0,33160.0,HSX_FOREIGN_API,HOSE_SYMBOL_LEVEL,VND,2026-08-25T01:39:52Z,ff_hsx_symbol_daily_v1,e8caeb3f53576d96f557d249c17f74a59757782854037b31f2eaf433ff90921a
2021-07-19,ACB,HOSE,18476400000.0,18476400000.0,0.0,534000.0,534000.0,0.0,18476400000.0,18476400000.0,534000.0,534000.0,32900.0,33150.0,31950.0,32150.0,32540.0,HSX_FOREIGN_API,HOSE_SYMBOL_LEVEL,VND,2026-08-25T01:39:52Z,ff_hsx_symbol_daily_v1,db0766f48fe4ca6dc483f0e7df09ff5c0e8e0fd5391957dd6d11088dd77c09d5
2021-07-20,ACB,HOSE,32101530000.0,32033280000.0,68250000.0,933300.0,931200.0,2100.0,32033280000.0,32033280000.0,931200.0,931200.0,32500.0,33900.0,32000.0,33900.0,32870.0,HSX_FOREIGN_API,HOSE_SYMBOL_LEVEL,VND,2026-08-25T01:39:52Z,ff_hsx_symbol_daily_v1,bb6b02a728ce49a18b8b67ea01bdb1224508a486685f0701da37da9bbab1e723
2021-07-21,ACB,HOSE,0.0,0.0,0.0,0.0,0.0,0.0,0.0,0.0,0.0,0.0,34050.0,34500.0,33750.0,33800.0,34180.0,HSX_FOREIGN_API,HOSE_SYMBOL_LEVEL,VND,2026-08-25T01:39:52Z,ff_hsx_symbol_daily_v1,31df5c38dc109b3c4de0dcc26c62a1c4857984d4d74a4f5d1a2ea03c85154378
2021-07-22,ACB,HOSE,9449610000.0,9449610000.0,0.0,261400.0,261400.0,0.0,9449610000.0,9449610000.0,261400.0,261400.0,33800.0,34400.0,33200.0,34100.0,33880.0,HSX_FOREIGN_API,HOSE_SYMBOL_LEVEL,VND,2026-08-25T01:39:52Z,ff_hsx_symbol_daily_v1,4b8a87e854b83bea2486e676e108875276f71159172f415b0c9a9348dcf5c401
2021-07-23,ACB,HOSE,0.0,0.0,0.0,0.0,0.0,0.0,0.0,0.0,0.0,0.0,33900.0,34150.0,33000.0,33000.0,33740.0,HSX_FOREIGN_API,HOSE_SYMBOL_LEVEL,VND,2026-08-25T01:39:52Z,ff_hsx_symbol_daily_v1,560ad86d22ec1bfa902129a7c2e88a37341c3bae254463407c2e10f521334a96
2021-07-26,ACB,HOSE,0.0,3250000.0,-3250000.0,0.0,100.0,-100.0,0.0,0.0,0.0,0.0,32600.0,33100.0,32050.0,32700.0,32610.0,HSX_FOREIGN_API,HOSE_SYMBOL_LEVEL,VND,2026-08-25T01:39:52Z,ff_hsx_symbol_daily_v1,37d2bb77506579eec52ad8e4726b61e1af3a51aeec38a266fc88ca14ff4e0846
2021-07-27,ACB,HOSE,3023175000.0,3023175000.0,0.0,86500.0,86500.0,0.0,3023175000.0,3023175000.0,86500.0,86500.0,33050.0,33500.0,33000.0,33150.0,33190.0,HSX_FOREIGN_API,HOSE_SYMBOL_LEVEL,VND,2026-08-25T01:39:52Z,ff_hsx_symbol_daily_v1,c73e88e03d7e7ba77573a891ba9be251856f89b1b99368528319d9dbe10b2b7b
2021-07-28,ACB,HOSE,0.0,0.0,0.0,0.0,0.0,0.0,0.0,0.0,0.0,0.0,33200.0,33600.0,33050.0,33150.0,33290.0,HSX_FOREIGN_API,HOSE_SYMBOL_LEVEL,VND,2026-08-25T01:39:52Z,ff_hsx_symbol_daily_v1,3b40c3be5e6b8a837ca9a5d8524aec97f284c0fcea1e0c719bae9a6a4564978e
2021-07-29,ACB,HOSE,3345000.0,113730000.0,-110385000.0,100.0,3400.0,-3300.0,0.0,0.0,0.0,0.0,33450.0,34200.0,33300.0,34150.0,33670.0,HSX_FOREIGN_API,HOSE_SYMBOL_LEVEL,VND,2026-08-25T01:39:52Z,ff_hsx_symbol_daily_v1,99d58b2a374ccccf28510889cb60850c6905e8890c8971c76fb4372a395e2172
2021-07-30,ACB,HOSE,0.0,0.0,0.0,0.0,0.0,0.0,0.0,0.0,0.0,0.0,34300.0,36150.0,34300.0,36150.0,35460.0,HSX_FOREIGN_API,HOSE_SYMBOL_LEVEL,VND,2026-08-25T01:39:52Z,ff_hsx_symbol_daily_v1,d163d972b0e159bf5e5b251f1f3cd5856a3b440d8482f1f511365a71e7091d24
2021-08-02,ACB,HOSE,9531090000.0,9531090000.0,0.0,246600.0,246600.0,0.0,9531090000.0,9531090000.0,246600.0,246600.0,35500.0,36000.0,35350.0,35550.0,35580.0,HSX_FOREIGN_API,HOSE_SYMBOL_LEVEL,VND,2026-08-25T01:39:52Z,ff_hsx_symbol_daily_v1,4ef97f9bd8c6ab709ad22ef3bfcf448c4ae79dc7fde735aabe4148299c93cf06
2021-08-03,ACB,HOSE,14439880000.0,14319350000.0,120530000.0,380225.0,376825.0,3400.0,14319350000.0,14319350000.0,376825.0,376825.0,35450.0,35800.0,35000.0,35800.0,35340.0,HSX_FOREIGN_API,HOSE_SYMBOL_LEVEL,VND,2026-08-25T01:39:52Z,ff_hsx_symbol_daily_v1,3560fab3a11fae46d9bb91e8707a6924aa71648193946a003a39cd53f4911a11
2021-08-04,ACB,HOSE,19150000000.0,19150000000.0,0.0,500000.0,500000.0,0.0,19150000000.0,19150000000.0,500000.0,500000.0,36000.0,36000.0,35300.0,35500.0,35740.0,HSX_FOREIGN_API,HOSE_SYMBOL_LEVEL,VND,2026-08-25T01:39:52Z,ff_hsx_symbol_daily_v1,1975db4495fd2e12479a27ee743683f79e02e2f5571f9b4c1abe03871a6e6489
2021-08-05,ACB,HOSE,3726690000.0,3726690000.0,0.0,98200.0,98200.0,0.0,3726690000.0,3726690000.0,98200.0,98200.0,35350.0,36100.0,35300.0,36000.0,35850.0,HSX_FOREIGN_API,HOSE_SYMBOL_LEVEL,VND,2026-08-25T01:39:52Z,ff_hsx_symbol_daily_v1,fcec3ea758458319c0c857cd3d5cd89b38bac7cfded997167fe1c5ef5c689e06
2021-08-06,ACB,HOSE,0.0,0.0,0.0,0.0,0.0,0.0,0.0,0.0,0.0,0.0,36100.0,36150.0,35450.0,35550.0,35910.0,HSX_FOREIGN_API,HOSE_SYMBOL_LEVEL,VND,2026-08-25T01:39:52Z,ff_hsx_symbol_daily_v1,d01aae8ad9ebca1bb93401a538941dbc1e4ca276b7167cf92eb7626309d6a718
2021-08-09,ACB,HOSE,0.0,0.0,0.0,0.0,0.0,0.0,0.0,0.0,0.0,0.0,35400.0,36850.0,35150.0,36500.0,36200.0,HSX_FOREIGN_API,HOSE_SYMBOL_LEVEL,VND,2026-08-25T01:39:52Z,ff_hsx_symbol_daily_v1,9b3a9fd586f9953effe060dac59f5c33c302377dda36430906b36cc62d197358
2021-08-10,ACB,HOSE,0.0,0.0,0.0,0.0,0.0,0.0,0.0,0.0,0.0,0.0,36800.0,36850.0,36200.0,36500.0,36520.0,HSX_FOREIGN_API,HOSE_SYMBOL_LEVEL,VND,2026-08-25T01:39:52Z,ff_hsx_symbol_daily_v1,7d94d678b5968dc8b5ea07a09c0563efdaa57de8bce7be406224e78f12197f42
2021-08-11,ACB,HOSE,0.0,0.0,0.0,0.0,0.0,0.0,0.0,0.0,0.0,0.0,36500.0,36750.0,36000.0,36000.0,36510.0,HSX_FOREIGN_API,HOSE_SYMBOL_LEVEL,VND,2026-08-25T01:39:52Z,ff_hsx_symbol_daily_v1,2e0e80c686f297a8869a655c18d3df06d85b0f83674ad35e04355d8e6a55010c
2021-08-12,ACB,HOSE,11550000000.0,11550000000.0,0.0,300000.0,300000.0,0.0,11550000000.0,11550000000.0,300000.0,300000.0,35800.0,36000.0,35300.0,35300.0,35660.0,HSX_FOREIGN_API,HOSE_SYMBOL_LEVEL,VND,2026-08-25T01:39:52Z,ff_hsx_symbol_daily_v1,28edd98c69bce5d6e417a179c12b93e53f0d83b44358104a899743c771b14489
2021-08-13,ACB,HOSE,13265350000.0,13265350000.0,0.0,351400.0,351400.0,0.0,13265350000.0,13265350000.0,351400.0,351400.0,35200.0,35450.0,34300.0,35350.0,34880.0,HSX_FOREIGN_API,HOSE_SYMBOL_LEVEL,VND,2026-08-25T01:39:52Z,ff_hsx_symbol_daily_v1,8d5ba27245d2a51ed6befe054965c6a2b02d5d30542ab988130ac11c6bef4b7b
2021-08-16,ACB,HOSE,88187400000.0,88187400000.0,0.0,2333000.0,2333000.0,0.0,88187400000.0,88187400000.0,2333000.0,2333000.0,35350.0,36000.0,34800.0,35700.0,35420.0,HSX_FOREIGN_API,HOSE_SYMBOL_LEVEL,VND,2026-08-25T01:39:52Z,ff_hsx_symbol_daily_v1,c9613ed60dd217e45351480fdad8813b12b0e20d8a076fcb3cb126d43d59b61f
2021-08-17,ACB,HOSE,12398750000.0,12398750000.0,0.0,325000.0,325000.0,0.0,12398750000.0,12398750000.0,325000.0,325000.0,36000.0,36200.0,35400.0,35600.0,35860.0,HSX_FOREIGN_API,HOSE_SYMBOL_LEVEL,VND,2026-08-25T01:39:52Z,ff_hsx_symbol_daily_v1,25a889e4555716bf045d2b45da5b89afce0460fcd3b707bc41b1651991222f90
2021-08-18,ACB,HOSE,0.0,0.0,0.0,0.0,0.0,0.0,0.0,0.0,0.0,0.0,35450.0,35800.0,35300.0,35550.0,35590.0,HSX_FOREIGN_API,HOSE_SYMBOL_LEVEL,VND,2026-08-25T01:39:52Z,ff_hsx_symbol_daily_v1,70fdab376d817fe4710379443e5475e42b08fe7db484f815f3e7bb613142ccbd
2021-08-19,ACB,HOSE,32708500000.0,32708500000.0,0.0,900000.0,900000.0,0.0,32708500000.0,32708500000.0,900000.0,900000.0,35500.0,35550.0,34950.0,35300.0,35250.0,HSX_FOREIGN_API,HOSE_SYMBOL_LEVEL,VND,2026-08-25T01:39:52Z,ff_hsx_symbol_daily_v1,1b6295c5e4c80ef473317376a31c24d86ef488241abb7fb108bd5d8f3ddb5e7f
2021-08-20,ACB,HOSE,0.0,0.0,0.0,0.0,0.0,0.0,0.0,0.0,0.0,0.0,35300.0,35350.0,33050.0,33600.0,34280.0,HSX_FOREIGN_API,HOSE_SYMBOL_LEVEL,VND,2026-08-25T01:39:52Z,ff_hsx_symbol_daily_v1,12254d5a2f25de36e6b80d3b06c352d4c7f196bda8026338f6125c07c8c85db5
2021-08-23,ACB,HOSE,0.0,0.0,0.0,0.0,0.0,0.0,0.0,0.0,0.0,0.0,33500.0,33600.0,32000.0,32000.0,32660.0,HSX_FOREIGN_API,HOSE_SYMBOL_LEVEL,VND,2026-08-25T01:39:52Z,ff_hsx_symbol_daily_v1,c119f28836119ef100878ab280bc7bdbc0427dff5625efd924e50419d020f0d5
2021-08-24,ACB,HOSE,0.0,0.0,0.0,0.0,0.0,0.0,0.0,0.0,0.0,0.0,32000.0,32500.0,31700.0,32300.0,32100.0,HSX_FOREIGN_API,HOSE_SYMBOL_LEVEL,VND,2026-08-25T01:39:52Z,ff_hsx_symbol_daily_v1,1509e6cd6d0734655287c89bc6a1d72d4b764b2c3ad9edd88c3926fbb5394e19
2021-08-25,ACB,HOSE,0.0,0.0,0.0,0.0,0.0,0.0,0.0,0.0,0.0,0.0,32200.0,32500.0,31900.0,32450.0,32140.0,HSX_FOREIGN_API,HOSE_SYMBOL_LEVEL,VND,2026-08-25T01:39:52Z,ff_hsx_symbol_daily_v1,41ea461375023a22768fc4fb8543adf7ebc2de9fcf9849bb5c0100a03a60f162
2021-08-26,ACB,HOSE,2776000000.0,2776000000.0,0.0,80000.0,80000.0,0.0,2776000000.0,2776000000.0,80000.0,80000.0,32550.0,32600.0,31800.0,31950.0,32150.0,HSX_FOREIGN_API,HOSE_SYMBOL_LEVEL,VND,2026-08-25T01:39:52Z,ff_hsx_symbol_daily_v1,6ea0be794594ce8ee756fcb93547c4a19a6a2259c8382acefba76b1c8e7c1b29
2021-08-27,ACB,HOSE,0.0,0.0,0.0,0.0,0.0,0.0,0.0,0.0,0.0,0.0,31700.0,31850.0,30800.0,31750.0,31380.0,HSX_FOREIGN_API,HOSE_SYMBOL_LEVEL,VND,2026-08-25T01:39:52Z,ff_hsx_symbol_daily_v1,db45b2a7921ed9a6c259429da4e5e05ee6b460762954d06200cd7e3b5a429399
2021-08-30,ACB,HOSE,0.0,0.0,0.0,0.0,0.0,0.0,0.0,0.0,0.0,0.0,31800.0,32400.0,31600.0,32150.0,31980.0,HSX_FOREIGN_API,HOSE_SYMBOL_LEVEL,VND,2026-08-25T01:39:52Z,ff_hsx_symbol_daily_v1,d12fab5172fc2decd6b5589439df6cb68e009a6d7943f2397b3960add0b4342b
2021-08-31,ACB,HOSE,0.0,0.0,0.0,0.0,0.0,0.0,0.0,0.0,0.0,0.0,32500.0,32600.0,32000.0,32000.0,32260.0,HSX_FOREIGN_API,HOSE_SYMBOL_LEVEL,VND,2026-08-25T01:39:52Z,ff_hsx_symbol_daily_v1,23add7ab407fc1e05af395e698e13895605f8593130df885519ad02758af3ee9
2021-09-01,ACB,HOSE,0.0,0.0,0.0,0.0,0.0,0.0,0.0,0.0,0.0,0.0,32000.0,32750.0,31950.0,32000.0,32280.0,HSX_FOREIGN_API,HOSE_SYMBOL_LEVEL,VND,2026-08-25T01:39:52Z,ff_hsx_symbol_daily_v1,e886c62fe55f39f728365e7c169315fd61f1fe571791d9da19e46f00115ce029
2021-09-06,ACB,HOSE,0.0,0.0,0.0,0.0,0.0,0.0,0.0,0.0,0.0,0.0,32200.0,32300.0,31950.0,32050.0,32060.0,HSX_FOREIGN_API,HOSE_SYMBOL_LEVEL,VND,2026-08-25T01:39:52Z,ff_hsx_symbol_daily_v1,46f94294d3e3bbd449fd9a1d03d107c5193ccf873952fb4a707a5b979bcce3e5
2021-09-07,ACB,HOSE,0.0,0.0,0.0,0.0,0.0,0.0,0.0,0.0,0.0,0.0,32400.0,32750.0,32200.0,32500.0,32460.0,HSX_FOREIGN_API,HOSE_SYMBOL_LEVEL,VND,2026-08-25T01:39:52Z,ff_hsx_symbol_daily_v1,b1b41b0eb5d02ed1925a46af9f625c55551cd1629182aee20832776e0520f3df
2021-09-08,ACB,HOSE,0.0,0.0,0.0,0.0,0.0,0.0,0.0,0.0,0.0,0.0,32500.0,32750.0,32100.0,32150.0,32450.0,HSX_FOREIGN_API,HOSE_SYMBOL_LEVEL,VND,2026-08-25T01:39:52Z,ff_hsx_symbol_daily_v1,89622fcd738c56a9b0cd939f1ef7074082af33cb91da8e6f296d9e75a766e11c
2021-09-09,ACB,HOSE,0.0,0.0,0.0,0.0,0.0,0.0,0.0,0.0,0.0,0.0,32000.0,32450.0,31950.0,32450.0,32110.0,HSX_FOREIGN_API,HOSE_SYMBOL_LEVEL,VND,2026-08-25T01:39:52Z,ff_hsx_symbol_daily_v1,b4fa0ade480c5cc9419e64f318ec672077270c30d1771e62efa75ab6e3ff35bd
2021-09-10,ACB,HOSE,0.0,0.0,0.0,0.0,0.0,0.0,0.0,0.0,0.0,0.0,32500.0,32550.0,32250.0,32300.0,32410.0,HSX_FOREIGN_API,HOSE_SYMBOL_LEVEL,VND,2026-08-25T01:39:52Z,ff_hsx_symbol_daily_v1,28591057578fe2821d519b09db0827e4ac4f39d34f278a9cf47cf1187b83c5c2
2021-09-13,ACB,HOSE,0.0,0.0,0.0,0.0,0.0,0.0,0.0,0.0,0.0,0.0,32300.0,32300.0,31900.0,31900.0,32060.0,HSX_FOREIGN_API,HOSE_SYMBOL_LEVEL,VND,2026-08-25T01:39:52Z,ff_hsx_symbol_daily_v1,3642eb6be7d3337de2ddb521a88a4417e8b772aecaedf828174023202e3be0f9
2021-09-14,ACB,HOSE,61605306000.0,61605306000.0,0.0,1856700.0,1856700.0,0.0,61605306000.0,61605306000.0,1856700.0,1856700.0,31850.0,32000.0,31500.0,31500.0,31770.0,HSX_FOREIGN_API,HOSE_SYMBOL_LEVEL,VND,2026-08-25T01:39:52Z,ff_hsx_symbol_daily_v1,b887ce2ac296e97f233e77c055c0dd67c330e9aae047c20992a59b9e1a6bea93
2021-09-15,ACB,HOSE,0.0,0.0,0.0,0.0,0.0,0.0,0.0,0.0,0.0,0.0,31500.0,31500.0,31150.0,31200.0,31310.0,HSX_FOREIGN_API,HOSE_SYMBOL_LEVEL,VND,2026-08-25T01:39:52Z,ff_hsx_symbol_daily_v1,addf6de84b419b97dc27d27cc66f6430f128743f6f06817416179bf467faf106
2021-09-16,ACB,HOSE,0.0,0.0,0.0,0.0,0.0,0.0,0.0,0.0,0.0,0.0,31250.0,31550.0,31200.0,31300.0,31350.0,HSX_FOREIGN_API,HOSE_SYMBOL_LEVEL,VND,2026-08-25T01:39:52Z,ff_hsx_symbol_daily_v1,82e9719eac7248ebdc16f38e5502eccfa47d7b8111073fd0693bafab5403751d
2021-09-17,ACB,HOSE,0.0,0.0,0.0,0.0,0.0,0.0,0.0,0.0,0.0,0.0,31600.0,31800.0,31350.0,31600.0,31500.0,HSX_FOREIGN_API,HOSE_SYMBOL_LEVEL,VND,2026-08-25T01:39:52Z,ff_hsx_symbol_daily_v1,46149ebaab87dce63f11d9d09e31667128bead57a9c3e61b3722a7b5bfdf5e28
2021-09-20,ACB,HOSE,0.0,0.0,0.0,0.0,0.0,0.0,0.0,0.0,0.0,0.0,32000.0,32300.0,31850.0,32100.0,32080.0,HSX_FOREIGN_API,HOSE_SYMBOL_LEVEL,VND,2026-08-25T01:39:52Z,ff_hsx_symbol_daily_v1,f2a28d38015b8698d14e32ba350d1f5115f3ff026a59d0a4aac61b14c965a25f
2021-09-21,ACB,HOSE,0.0,0.0,0.0,0.0,0.0,0.0,0.0,0.0,0.0,0.0,31800.0,32000.0,31450.0,31800.0,31770.0,HSX_FOREIGN_API,HOSE_SYMBOL_LEVEL,VND,2026-08-25T01:39:52Z,ff_hsx_symbol_daily_v1,3910e9673f8ad5df6d3c968bcf521e395887f6ee3f229aba50d472987745322c
2021-09-22,ACB,HOSE,0.0,0.0,0.0,0.0,0.0,0.0,0.0,0.0,0.0,0.0,31800.0,32000.0,31600.0,31600.0,31710.0,HSX_FOREIGN_API,HOSE_SYMBOL_LEVEL,VND,2026-08-25T01:39:52Z,ff_hsx_symbol_daily_v1,f3bdb3a2d9938601dd001d8ebdb9e562e2f2e9c71137aa458b217d2d31d10c74
2021-09-23,ACB,HOSE,0.0,0.0,0.0,0.0,0.0,0.0,0.0,0.0,0.0,0.0,31700.0,31800.0,31500.0,31600.0,31590.0,HSX_FOREIGN_API,HOSE_SYMBOL_LEVEL,VND,2026-08-25T01:39:52Z,ff_hsx_symbol_daily_v1,8a908a1c0c4bb65e9933aa26affa1b72c9d9b0e315e2f2c710fc78d97a2a9f86
2021-09-24,ACB,HOSE,0.0,0.0,0.0,0.0,0.0,0.0,0.0,0.0,0.0,0.0,31800.0,32150.0,31600.0,32000.0,31860.0,HSX_FOREIGN_API,HOSE_SYMBOL_LEVEL,VND,2026-08-25T01:39:52Z,ff_hsx_symbol_daily_v1,3eb054873ae9944284f499c61dd6894d2d7b5f3a8a04ae04a19409935b3c6c63
2021-09-27,ACB,HOSE,0.0,0.0,0.0,0.0,0.0,0.0,0.0,0.0,0.0,0.0,32200.0,32400.0,31500.0,31500.0,32050.0,HSX_FOREIGN_API,HOSE_SYMBOL_LEVEL,VND,2026-08-25T01:39:52Z,ff_hsx_symbol_daily_v1,c9e508aa92ecd6b681aeef587abbf83b40fdb669395e62e541c9f1e14a39b6a0
2021-09-28,ACB,HOSE,0.0,0.0,0.0,0.0,0.0,0.0,0.0,0.0,0.0,0.0,31500.0,31750.0,31400.0,31600.0,31590.0,HSX_FOREIGN_API,HOSE_SYMBOL_LEVEL,VND,2026-08-25T01:39:52Z,ff_hsx_symbol_daily_v1,bbdd12da137a5f51509bc8ea32bed42d0f8bb32c45286cabaa1e292e2d15407d
2021-09-29,ACB,HOSE,0.0,0.0,0.0,0.0,0.0,0.0,0.0,0.0,0.0,0.0,31600.0,31700.0,31150.0,31350.0,31410.0,HSX_FOREIGN_API,HOSE_SYMBOL_LEVEL,VND,2026-08-25T01:39:52Z,ff_hsx_symbol_daily_v1,299292a1890af52b4245b125d5b3e80a583a147d10acc5eef0edc7aab7976264
2021-09-30,ACB,HOSE,0.0,0.0,0.0,0.0,0.0,0.0,0.0,0.0,0.0,0.0,31350.0,31600.0,31300.0,31550.0,31470.0,HSX_FOREIGN_API,HOSE_SYMBOL_LEVEL,VND,2026-08-25T01:39:52Z,ff_hsx_symbol_daily_v1,959b0af606a9528a7e0b85097d4aef06b2a14bd2c3b12264090632c092648295
2021-10-01,ACB,HOSE,874718050.0,874718050.0,0.0,29803.0,29803.0,0.0,874718050.0,874718050.0,29803.0,29803.0,31500.0,31550.0,31100.0,31500.0,31290.0,HSX_FOREIGN_API,HOSE_SYMBOL_LEVEL,VND,2026-08-25T01:39:52Z,ff_hsx_symbol_daily_v1,f135070441be5ad09b7114693591005b98cf95a138fb100d8ee77254f9f16436
2021-10-04,ACB,HOSE,0.0,3120000.0,-3120000.0,0.0,100.0,-100.0,0.0,0.0,0.0,0.0,31300.0,31400.0,30600.0,31000.0,31010.0,HSX_FOREIGN_API,HOSE_SYMBOL_LEVEL,VND,2026-08-25T01:39:52Z,ff_hsx_symbol_daily_v1,577ea73b30325949046e12c375420c28cbb0831a515e9de065b989f8fa5f6b39
2021-10-05,ACB,HOSE,0.0,0.0,0.0,0.0,0.0,0.0,0.0,0.0,0.0,0.0,31000.0,31500.0,31000.0,31500.0,31280.0,HSX_FOREIGN_API,HOSE_SYMBOL_LEVEL,VND,2026-08-25T01:39:52Z,ff_hsx_symbol_daily_v1,9d1375a1616caad1f8a2e0c582f325f6c39827ad472752fd7773a7c62861b098
2021-10-06,ACB,HOSE,26100650000.0,26100650000.0,0.0,774500.0,774500.0,0.0,26100650000.0,26100650000.0,774500.0,774500.0,31550.0,31650.0,31100.0,31350.0,31360.0,HSX_FOREIGN_API,HOSE_SYMBOL_LEVEL,VND,2026-08-25T01:39:52Z,ff_hsx_symbol_daily_v1,a75d3a9df305ee585e6b293fbed70a0a25b217c5bff0432fb1cd410cc041bd6f
2021-10-07,ACB,HOSE,3150000.0,0.0,3150000.0,100.0,0.0,100.0,0.0,0.0,0.0,0.0,31500.0,31500.0,31200.0,31200.0,31320.0,HSX_FOREIGN_API,HOSE_SYMBOL_LEVEL,VND,2026-08-25T01:39:52Z,ff_hsx_symbol_daily_v1,97b40e584e07a75e9b73c729dddbec7aa335a889d6a16cc2fb1da88efb57290a
2021-10-08,ACB,HOSE,0.0,0.0,0.0,0.0,0.0,0.0,0.0,0.0,0.0,0.0,31400.0,31550.0,31250.0,31450.0,31430.0,HSX_FOREIGN_API,HOSE_SYMBOL_LEVEL,VND,2026-08-25T01:39:52Z,ff_hsx_symbol_daily_v1,f188eb36cb92f004166eb9ce4923a90ebd18ace3717b45fdbe14368916eebeff
2021-10-11,ACB,HOSE,0.0,0.0,0.0,0.0,0.0,0.0,0.0,0.0,0.0,0.0,31600.0,32600.0,31600.0,32600.0,32190.0,HSX_FOREIGN_API,HOSE_SYMBOL_LEVEL,VND,2026-08-25T01:39:52Z,ff_hsx_symbol_daily_v1,b83872c5269195838fa379b576a582bb0021913cf15a7e26f175a2a6a98638a7
2021-10-12,ACB,HOSE,0.0,0.0,0.0,0.0,0.0,0.0,0.0,0.0,0.0,0.0,32900.0,32900.0,32400.0,32600.0,32610.0,HSX_FOREIGN_API,HOSE_SYMBOL_LEVEL,VND,2026-08-25T01:39:52Z,ff_hsx_symbol_daily_v1,d20047ee26178b908b21176b6cfaf3b53cfe4cc8b05a8cac1b1ecd73f8cad351
2021-10-13,ACB,HOSE,0.0,0.0,0.0,0.0,0.0,0.0,0.0,0.0,0.0,0.0,32600.0,32900.0,32500.0,32600.0,32710.0,HSX_FOREIGN_API,HOSE_SYMBOL_LEVEL,VND,2026-08-25T01:39:52Z,ff_hsx_symbol_daily_v1,7fdaa374fef7c96c1ae14fe3b83fe981cb6ef4a08ea6dd6436442f3fda93bbff
2021-10-14,ACB,HOSE,0.0,0.0,0.0,0.0,0.0,0.0,0.0,0.0,0.0,0.0,32600.0,32700.0,32200.0,32300.0,32480.0,HSX_FOREIGN_API,HOSE_SYMBOL_LEVEL,VND,2026-08-25T01:39:52Z,ff_hsx_symbol_daily_v1,02fd4a0025a09e88a89251a5cfefe5eb6c2c61fec99064d1a143942feca6cc47
2021-10-15,ACB,HOSE,67666175000.0,67666175000.0,0.0,1958500.0,1958500.0,0.0,67666175000.0,67666175000.0,1958500.0,1958500.0,32500.0,32550.0,32100.0,32200.0,32380.0,HSX_FOREIGN_API,HOSE_SYMBOL_LEVEL,VND,2026-08-25T01:39:52Z,ff_hsx_symbol_daily_v1,cec981c19bab09f5ef873514a0c5151a838bb2768832402383d1c063b8f7fec0
2021-10-18,ACB,HOSE,0.0,0.0,0.0,0.0,0.0,0.0,0.0,0.0,0.0,0.0,32350.0,32600.0,32000.0,32000.0,32170.0,HSX_FOREIGN_API,HOSE_SYMBOL_LEVEL,VND,2026-08-25T01:39:52Z,ff_hsx_symbol_daily_v1,63228fb89bfd2a15f40bee61bf3310b481d1a981ea86c30fdfe8fd3306741b62
2021-10-19,ACB,HOSE,2845440000.0,2845440000.0,0.0,83200.0,83200.0,0.0,2845440000.0,2845440000.0,83200.0,83200.0,32400.0,32400.0,31900.0,32300.0,32090.0,HSX_FOREIGN_API,HOSE_SYMBOL_LEVEL,VND,2026-08-25T01:39:52Z,ff_hsx_symbol_daily_v1,040f6d7d930261c1570edb665ed28aac4200d3301cb0824868e82e5caa685aab
2021-10-20,ACB,HOSE,0.0,0.0,0.0,0.0,0.0,0.0,0.0,0.0,0.0,0.0,32300.0,32650.0,31800.0,32300.0,32260.0,HSX_FOREIGN_API,HOSE_SYMBOL_LEVEL,VND,2026-08-25T01:39:52Z,ff_hsx_symbol_daily_v1,dcdb54177ce2c45e3b0347d60a1138c1e558551a28213870736d4f1bdcd70197
2021-10-21,ACB,HOSE,0.0,0.0,0.0,0.0,0.0,0.0,0.0,0.0,0.0,0.0,32300.0,32300.0,31750.0,31750.0,31950.0,HSX_FOREIGN_API,HOSE_SYMBOL_LEVEL,VND,2026-08-25T01:39:52Z,ff_hsx_symbol_daily_v1,e6c780480e42de82759e5de695abc37aaf36a9a730a224d03d3963667a98ec75
2021-10-22,ACB,HOSE,0.0,0.0,0.0,0.0,0.0,0.0,0.0,0.0,0.0,0.0,31900.0,31950.0,31450.0,31600.0,31660.0,HSX_FOREIGN_API,HOSE_SYMBOL_LEVEL,VND,2026-08-25T01:39:52Z,ff_hsx_symbol_daily_v1,8da39759b47bf4f40b42262cf1a164658e0451f81c46546a9136bd79685608ea
2021-10-25,ACB,HOSE,0.0,0.0,0.0,0.0,0.0,0.0,0.0,0.0,0.0,0.0,31700.0,31700.0,31100.0,31250.0,31270.0,HSX_FOREIGN_API,HOSE_SYMBOL_LEVEL,VND,2026-08-25T01:39:52Z,ff_hsx_symbol_daily_v1,aed71dc5aaeb8caddd2624bc156e9ee0965f55aade864aa22d94718c8f6c536b
2021-10-26,ACB,HOSE,0.0,0.0,0.0,0.0,0.0,0.0,0.0,0.0,0.0,0.0,31250.0,31250.0,30800.0,31100.0,31020.0,HSX_FOREIGN_API,HOSE_SYMBOL_LEVEL,VND,2026-08-25T01:39:52Z,ff_hsx_symbol_daily_v1,e3c058e6ce2dfdd5005f9bd8237c525df921897738c966dc8351dc6b8d4c1ff0
2021-10-27,ACB,HOSE,0.0,0.0,0.0,0.0,0.0,0.0,0.0,0.0,0.0,0.0,31150.0,31800.0,31150.0,31400.0,31460.0,HSX_FOREIGN_API,HOSE_SYMBOL_LEVEL,VND,2026-08-25T01:39:52Z,ff_hsx_symbol_daily_v1,2388f9eca97d079c249a94b546299ae7aa7ff6f4d1e098d2eca4dcecc0a7cd75
2021-10-28,ACB,HOSE,0.0,0.0,0.0,0.0,0.0,0.0,0.0,0.0,0.0,0.0,31650.0,31850.0,31500.0,31850.0,31660.0,HSX_FOREIGN_API,HOSE_SYMBOL_LEVEL,VND,2026-08-25T01:39:52Z,ff_hsx_symbol_daily_v1,297fa14510f3f6a17c743132d01d0dcff2c3bcf2e8786935a67ec3103a34dfb7
2021-10-29,ACB,HOSE,0.0,0.0,0.0,0.0,0.0,0.0,0.0,0.0,0.0,0.0,31850.0,33000.0,31750.0,33000.0,32460.0,HSX_FOREIGN_API,HOSE_SYMBOL_LEVEL,VND,2026-08-25T01:39:52Z,ff_hsx_symbol_daily_v1,763ecf5c84a712276c4b0f8d089ffe50a6d6b853aabc4f68935c94ba291b611a
2021-11-01,ACB,HOSE,0.0,0.0,0.0,0.0,0.0,0.0,0.0,0.0,0.0,0.0,32800.0,32900.0,32400.0,32700.0,32620.0,HSX_FOREIGN_API,HOSE_SYMBOL_LEVEL,VND,2026-08-25T01:39:52Z,ff_hsx_symbol_daily_v1,9b36d3a6db8a24272f0e8cedaf7085f34b8ccd0aa01c3a09bc28391a5fb17b1b
2021-11-02,ACB,HOSE,0.0,0.0,0.0,0.0,0.0,0.0,0.0,0.0,0.0,0.0,32700.0,33150.0,32550.0,33150.0,32790.0,HSX_FOREIGN_API,HOSE_SYMBOL_LEVEL,VND,2026-08-25T01:39:52Z,ff_hsx_symbol_daily_v1,af9c9a628b5dc32623d3f0c47d50f0bf0ad7d0b24536f104a4c90ad447734051
2021-11-03,ACB,HOSE,0.0,0.0,0.0,0.0,0.0,0.0,0.0,0.0,0.0,0.0,33300.0,34100.0,33250.0,33850.0,33720.0,HSX_FOREIGN_API,HOSE_SYMBOL_LEVEL,VND,2026-08-25T01:39:52Z,ff_hsx_symbol_daily_v1,bf2cd40db7fce2d86bf5844c776f674509392490aa7280ac5d2720fc168d1bdb
2021-11-04,ACB,HOSE,0.0,0.0,0.0,0.0,0.0,0.0,0.0,0.0,0.0,0.0,34050.0,34050.0,33450.0,33500.0,33620.0,HSX_FOREIGN_API,HOSE_SYMBOL_LEVEL,VND,2026-08-25T01:39:52Z,ff_hsx_symbol_daily_v1,8b6cc615f9bd05fd7258adb37892e5e9e1a9332d5311841d93a0a4886f356145
2021-11-05,ACB,HOSE,0.0,0.0,0.0,0.0,0.0,0.0,0.0,0.0,0.0,0.0,33800.0,33800.0,33300.0,33500.0,33460.0,HSX_FOREIGN_API,HOSE_SYMBOL_LEVEL,VND,2026-08-25T01:39:52Z,ff_hsx_symbol_daily_v1,18aa9eacf2cf3689b8fd37f867182640525cf61efa4945e55ef5778d801bd8a4
2021-11-08,ACB,HOSE,0.0,0.0,0.0,0.0,0.0,0.0,0.0,0.0,0.0,0.0,33500.0,33650.0,33200.0,33400.0,33340.0,HSX_FOREIGN_API,HOSE_SYMBOL_LEVEL,VND,2026-08-25T01:39:52Z,ff_hsx_symbol_daily_v1,e86be97396ed7a82e8ebad98f3f3fdeeeab5064c480333cd09941e6a8d3f0506
2021-11-09,ACB,HOSE,2142000000.0,2142000000.0,0.0,60000.0,60000.0,0.0,2142000000.0,2142000000.0,60000.0,60000.0,33400.0,33800.0,33350.0,33450.0,33540.0,HSX_FOREIGN_API,HOSE_SYMBOL_LEVEL,VND,2026-08-25T01:39:52Z,ff_hsx_symbol_daily_v1,dfeba3bb108ec801a8d44878585504042623fb4badfada1f9b1b87ad26784237
2021-11-10,ACB,HOSE,0.0,0.0,0.0,0.0,0.0,0.0,0.0,0.0,0.0,0.0,33500.0,33550.0,33150.0,33400.0,33290.0,HSX_FOREIGN_API,HOSE_SYMBOL_LEVEL,VND,2026-08-25T01:39:52Z,ff_hsx_symbol_daily_v1,f119939e900c2b9194cf66fdb9f9d2a09be670fbd588c33479318fb0ee3bd689
2021-11-11,ACB,HOSE,0.0,0.0,0.0,0.0,0.0,0.0,0.0,0.0,0.0,0.0,33300.0,33550.0,32500.0,33000.0,33060.0,HSX_FOREIGN_API,HOSE_SYMBOL_LEVEL,VND,2026-08-25T01:39:52Z,ff_hsx_symbol_daily_v1,3a94264c00d2ce0d5511fc50d85f59148c5989a79a0cb59d27d51278816ad192
2021-11-12,ACB,HOSE,361698343600.0,361698343600.0,0.0,10246412.0,10246412.0,0.0,361698343600.0,361698343600.0,10246412.0,10246412.0,33000.0,33350.0,32650.0,33350.0,32880.0,HSX_FOREIGN_API,HOSE_SYMBOL_LEVEL,VND,2026-08-25T01:39:52Z,ff_hsx_symbol_daily_v1,d3bf615bdaceacc5b93a2f6c1521ed53e810dfb19c9cb1bdcc0e3c4500a68c2a
2021-11-15,ACB,HOSE,0.0,0.0,0.0,0.0,0.0,0.0,0.0,0.0,0.0,0.0,33400.0,33600.0,33250.0,33400.0,33420.0,HSX_FOREIGN_API,HOSE_SYMBOL_LEVEL,VND,2026-08-25T01:39:52Z,ff_hsx_symbol_daily_v1,0f704ca90528a04be6ec88cc3443389f3ed29ae58e8e844a8caa5e47da8faae0
2021-11-16,ACB,HOSE,0.0,0.0,0.0,0.0,0.0,0.0,0.0,0.0,0.0,0.0,33350.0,33400.0,32800.0,33150.0,33150.0,HSX_FOREIGN_API,HOSE_SYMBOL_LEVEL,VND,2026-08-25T01:39:52Z,ff_hsx_symbol_daily_v1,9ed9128ca97446511769942dcbee032bcf0153132a135ba13fc74a2684acea73
2021-11-17,ACB,HOSE,3367750000.0,3390815000.0,-23065000.0,95000.0,95700.0,-700.0,3367750000.0,3367750000.0,95000.0,95000.0,33150.0,33500.0,32800.0,33300.0,33100.0,HSX_FOREIGN_API,HOSE_SYMBOL_LEVEL,VND,2026-08-25T01:39:52Z,ff_hsx_symbol_daily_v1,50cbf5e0ab9eba253d24e4cbd572b64e32d1d6b923958b5626a710501ce170d6
2021-11-18,ACB,HOSE,0.0,0.0,0.0,0.0,0.0,0.0,0.0,0.0,0.0,0.0,33500.0,33500.0,32500.0,32500.0,32900.0,HSX_FOREIGN_API,HOSE_SYMBOL_LEVEL,VND,2026-08-25T01:39:52Z,ff_hsx_symbol_daily_v1,9e113b610fda79b51f3de435e92bb0866f0e37571b68a291de9a7db51fb0037a
2021-11-19,ACB,HOSE,0.0,0.0,0.0,0.0,0.0,0.0,0.0,0.0,0.0,0.0,32700.0,33900.0,32550.0,33450.0,33370.0,HSX_FOREIGN_API,HOSE_SYMBOL_LEVEL,VND,2026-08-25T01:39:52Z,ff_hsx_symbol_daily_v1,eb9750fa9b042c925a436a7628b18d202a8ea37fe623485a19a125e503a36973
2021-11-22,ACB,HOSE,0.0,0.0,0.0,0.0,0.0,0.0,0.0,0.0,0.0,0.0,33500.0,34800.0,33000.0,34150.0,34230.0,HSX_FOREIGN_API,HOSE_SYMBOL_LEVEL,VND,2026-08-25T01:39:52Z,ff_hsx_symbol_daily_v1,95726e60aca02025a70f694e7704e06dcd51c503a3c34d6730a3d3fe556b978b
2021-11-23,ACB,HOSE,0.0,0.0,0.0,0.0,0.0,0.0,0.0,0.0,0.0,0.0,34250.0,34300.0,33700.0,33950.0,33980.0,HSX_FOREIGN_API,HOSE_SYMBOL_LEVEL,VND,2026-08-25T01:39:52Z,ff_hsx_symbol_daily_v1,e725395e95af4a0a3b1a05f72ec8a603c29f68083f4791a47dfdbff1ce44d87c
2021-11-24,ACB,HOSE,80357310000.0,80357310000.0,0.0,2213700.0,2213700.0,0.0,80357310000.0,80357310000.0,2213700.0,2213700.0,33900.0,35450.0,33750.0,35350.0,34790.0,HSX_FOREIGN_API,HOSE_SYMBOL_LEVEL,VND,2026-08-25T01:39:52Z,ff_hsx_symbol_daily_v1,4d1f47ccfd278cddb7607b5f22652478c75df06e697c595c135453c0b5a7e63e
2021-11-25,ACB,HOSE,26965990800.0,26965990800.0,0.0,713386.0,713386.0,0.0,26965990800.0,26965990800.0,713386.0,713386.0,35500.0,35550.0,34950.0,35150.0,35170.0,HSX_FOREIGN_API,HOSE_SYMBOL_LEVEL,VND,2026-08-25T01:39:52Z,ff_hsx_symbol_daily_v1,85d8b9714ed10cd251e5e8f5912c76ac66b73eb4a9836ca50327e47d9766d748
2021-11-26,ACB,HOSE,86751660000.0,86755175000.0,-3515000.0,2307225.0,2307325.0,-100.0,86751660000.0,86751660000.0,2307225.0,2307225.0,35150.0,35300.0,34600.0,34600.0,34920.0,HSX_FOREIGN_API,HOSE_SYMBOL_LEVEL,VND,2026-08-25T01:39:52Z,ff_hsx_symbol_daily_v1,06eacd6a333b551acfa128010da2d76c87fc54fcdb49c834b9f384508919d889
2021-11-29,ACB,HOSE,0.0,0.0,0.0,0.0,0.0,0.0,0.0,0.0,0.0,0.0,33800.0,34300.0,33800.0,34150.0,33970.0,HSX_FOREIGN_API,HOSE_SYMBOL_LEVEL,VND,2026-08-25T01:39:52Z,ff_hsx_symbol_daily_v1,5bfe9a27041c8e9876e33214895278d7ffded38f11b9097b73923b00e07482ac
2021-11-30,ACB,HOSE,0.0,0.0,0.0,0.0,0.0,0.0,0.0,0.0,0.0,0.0,34400.0,34500.0,33200.0,33300.0,33910.0,HSX_FOREIGN_API,HOSE_SYMBOL_LEVEL,VND,2026-08-25T01:39:52Z,ff_hsx_symbol_daily_v1,5c9a58c2589e1b3599d9547dba1f6c0bbd6f61ca6d7908ace38203a8140b5645
2021-12-01,ACB,HOSE,0.0,0.0,0.0,0.0,0.0,0.0,0.0,0.0,0.0,0.0,33100.0,33500.0,33050.0,33500.0,33310.0,HSX_FOREIGN_API,HOSE_SYMBOL_LEVEL,VND,2026-08-25T01:39:52Z,ff_hsx_symbol_daily_v1,1dfbe760eb663b7d34b700ed3b38f94518e7293f87ec82b37a9adb1e8b850609
2021-12-02,ACB,HOSE,0.0,0.0,0.0,0.0,0.0,0.0,0.0,0.0,0.0,0.0,33600.0,33600.0,33200.0,33200.0,33400.0,HSX_FOREIGN_API,HOSE_SYMBOL_LEVEL,VND,2026-08-25T01:39:52Z,ff_hsx_symbol_daily_v1,85a6701543ddb21312d0e059a2d10496bea3a25089a069999741dedf0e35a395
2021-12-03,ACB,HOSE,0.0,0.0,0.0,0.0,0.0,0.0,0.0,0.0,0.0,0.0,33400.0,33550.0,32550.0,32550.0,33090.0,HSX_FOREIGN_API,HOSE_SYMBOL_LEVEL,VND,2026-08-25T01:39:52Z,ff_hsx_symbol_daily_v1,a488d75b33f215f10ca44546b3ce82f7990f8bba5e4336d5a0ddfccf1a8e5d05
2021-12-06,ACB,HOSE,0.0,0.0,0.0,0.0,0.0,0.0,0.0,0.0,0.0,0.0,32300.0,32800.0,31650.0,32300.0,32300.0,HSX_FOREIGN_API,HOSE_SYMBOL_LEVEL,VND,2026-08-25T01:39:52Z,ff_hsx_symbol_daily_v1,b572f64430e220fe551c393d573bf2fb2976097ce23a9e5a9c362ea7eaed32f8
2021-12-07,ACB,HOSE,0.0,0.0,0.0,0.0,0.0,0.0,0.0,0.0,0.0,0.0,32500.0,32950.0,32100.0,32950.0,32470.0,HSX_FOREIGN_API,HOSE_SYMBOL_LEVEL,VND,2026-08-25T01:39:52Z,ff_hsx_symbol_daily_v1,920cd325eb1179f7d04995d4b3b490bc39aef5c105a1929a4612ccd0eca4dcff
2021-12-08,ACB,HOSE,0.0,0.0,0.0,0.0,0.0,0.0,0.0,0.0,0.0,0.0,32650.0,33400.0,32550.0,33100.0,32950.0,HSX_FOREIGN_API,HOSE_SYMBOL_LEVEL,VND,2026-08-25T01:39:52Z,ff_hsx_symbol_daily_v1,bc0735ea8928a9d8bdd471f90da8aa43bf395a3cb27fd84e62b26f6c47ba5a1c
2021-12-09,ACB,HOSE,7080000000.0,7080000000.0,0.0,200000.0,200000.0,0.0,7080000000.0,7080000000.0,200000.0,200000.0,33000.0,33300.0,32800.0,33300.0,33040.0,HSX_FOREIGN_API,HOSE_SYMBOL_LEVEL,VND,2026-08-25T01:39:52Z,ff_hsx_symbol_daily_v1,e7f6c773c1b5adeb42aaea3de241fa40ae16b8b351b9ed79edb277b22778f5cb
2021-12-10,ACB,HOSE,9891745000.0,9891745000.0,0.0,280907.0,280907.0,0.0,9891745000.0,9891745000.0,280907.0,280907.0,33200.0,33600.0,33100.0,33400.0,33360.0,HSX_FOREIGN_API,HOSE_SYMBOL_LEVEL,VND,2026-08-25T01:39:52Z,ff_hsx_symbol_daily_v1,eeb1d4f029fc0f7d094071e4112815ff986643c1c2001de695fd5052a6dd2ffe
2021-12-13,ACB,HOSE,0.0,0.0,0.0,0.0,0.0,0.0,0.0,0.0,0.0,0.0,33550.0,33800.0,33300.0,33400.0,33480.0,HSX_FOREIGN_API,HOSE_SYMBOL_LEVEL,VND,2026-08-25T01:39:52Z,ff_hsx_symbol_daily_v1,1c7b38c6e0ad32ac96816cbd2c03ee2d00edc3c52884bb8f2acb610e8b7cdaa6
2021-12-14,ACB,HOSE,10710000000.0,10710000000.0,0.0,300000.0,300000.0,0.0,10710000000.0,10710000000.0,300000.0,300000.0,33300.0,33500.0,33100.0,33300.0,33310.0,HSX_FOREIGN_API,HOSE_SYMBOL_LEVEL,VND,2026-08-25T01:39:52Z,ff_hsx_symbol_daily_v1,4f93362ddf8a149f2d93ad28fac4ca6c912ce947f3c1d501dbdabcbe528cfe50
2021-12-15,ACB,HOSE,17800000000.0,17800000000.0,0.0,500000.0,500000.0,0.0,17800000000.0,17800000000.0,500000.0,500000.0,33100.0,33550.0,33050.0,33400.0,33270.0,HSX_FOREIGN_API,HOSE_SYMBOL_LEVEL,VND,2026-08-25T01:39:52Z,ff_hsx_symbol_daily_v1,be06d019671a97ca890040ca9bc27a9295eb58f5867439f5191cb9afcdfb1488
2021-12-16,ACB,HOSE,0.0,0.0,0.0,0.0,0.0,0.0,0.0,0.0,0.0,0.0,33500.0,33550.0,33000.0,33000.0,33210.0,HSX_FOREIGN_API,HOSE_SYMBOL_LEVEL,VND,2026-08-25T01:39:52Z,ff_hsx_symbol_daily_v1,d432103c5539cfe8fc664f4a6f70bca83a6f6d7150f7ba8bdfc5c9e6541cfc35
2021-12-17,ACB,HOSE,0.0,0.0,0.0,0.0,0.0,0.0,0.0,0.0,0.0,0.0,33150.0,33300.0,33050.0,33200.0,33160.0,HSX_FOREIGN_API,HOSE_SYMBOL_LEVEL,VND,2026-08-25T01:39:52Z,ff_hsx_symbol_daily_v1,f590f5ab0e0c150b8ced981dc6088448d31fcf0da706fa366d0f2da047a5d683
2021-12-20,ACB,HOSE,0.0,0.0,0.0,0.0,0.0,0.0,0.0,0.0,0.0,0.0,33200.0,33300.0,32850.0,33100.0,33010.0,HSX_FOREIGN_API,HOSE_SYMBOL_LEVEL,VND,2026-08-25T01:39:52Z,ff_hsx_symbol_daily_v1,a9c87aa5cf1f37a2f237554dcecc27b41cfa9981d8aac5e5ac1f64bb300fc35b
2021-12-21,ACB,HOSE,0.0,0.0,0.0,0.0,0.0,0.0,0.0,0.0,0.0,0.0,32950.0,32950.0,32800.0,32800.0,32850.0,HSX_FOREIGN_API,HOSE_SYMBOL_LEVEL,VND,2026-08-25T01:39:52Z,ff_hsx_symbol_daily_v1,8e6bf80d4a315dfd1e4743340ced49458c8c35028a5e2216102306fbe6aa582c
2021-12-22,ACB,HOSE,7010000000.0,7010000000.0,0.0,200000.0,200000.0,0.0,7010000000.0,7010000000.0,200000.0,200000.0,32650.0,32950.0,32650.0,32700.0,32750.0,HSX_FOREIGN_API,HOSE_SYMBOL_LEVEL,VND,2026-08-25T01:39:52Z,ff_hsx_symbol_daily_v1,c6e2c3fd7feb35247a70a0ab87128e3ec361cb16e60334f3150840f8599394fc
2021-12-23,ACB,HOSE,1048500000.0,1048500000.0,0.0,30000.0,30000.0,0.0,1048500000.0,1048500000.0,30000.0,30000.0,32600.0,32650.0,32000.0,32500.0,32310.0,HSX_FOREIGN_API,HOSE_SYMBOL_LEVEL,VND,2026-08-25T01:39:52Z,ff_hsx_symbol_daily_v1,34128db16fba402229f830f8a78acbad28a36f03a81b98e3a59a68fbac301b40
2021-12-24,ACB,HOSE,0.0,0.0,0.0,0.0,0.0,0.0,0.0,0.0,0.0,0.0,32500.0,33150.0,32200.0,33000.0,32660.0,HSX_FOREIGN_API,HOSE_SYMBOL_LEVEL,VND,2026-08-25T01:39:52Z,ff_hsx_symbol_daily_v1,a92b584b4d538f6309222300eec6aa3e4c4cf3816bd7cc627ce23bce62aa991e
2021-12-27,ACB,HOSE,0.0,0.0,0.0,0.0,0.0,0.0,0.0,0.0,0.0,0.0,33300.0,33300.0,32900.0,33150.0,33050.0,HSX_FOREIGN_API,HOSE_SYMBOL_LEVEL,VND,2026-08-25T01:39:52Z,ff_hsx_symbol_daily_v1,b7e139831eb362becf50a94ae929d945c97d47e1a42da470c24f45c5b292dc1f
2021-12-28,ACB,HOSE,117105000000.0,117105000000.0,0.0,3500000.0,3500000.0,0.0,117105000000.0,117105000000.0,3500000.0,3500000.0,33150.0,33750.0,33050.0,33650.0,33430.0,HSX_FOREIGN_API,HOSE_SYMBOL_LEVEL,VND,2026-08-25T01:39:52Z,ff_hsx_symbol_daily_v1,798fd3cd66f5f9401a84f04b156eb9a2abeaa77756e2404710e78c30c5323654
2021-12-29,ACB,HOSE,0.0,0.0,0.0,0.0,0.0,0.0,0.0,0.0,0.0,0.0,33850.0,34200.0,33700.0,33800.0,33930.0,HSX_FOREIGN_API,HOSE_SYMBOL_LEVEL,VND,2026-08-25T01:39:52Z,ff_hsx_symbol_daily_v1,996398832a2a1c14390997faf274e8738efdd9495ace0d34c676e5f49680865e
2021-12-30,ACB,HOSE,0.0,0.0,0.0,0.0,0.0,0.0,0.0,0.0,0.0,0.0,33700.0,34000.0,33500.0,33900.0,33830.0,HSX_FOREIGN_API,HOSE_SYMBOL_LEVEL,VND,2026-08-25T01:39:52Z,ff_hsx_symbol_daily_v1,8fec8a0073d4fd5fdd5a964184d558c47d3911cf82914c1d8f6b53e69092ca32
2021-12-31,ACB,HOSE,204340000000.0,205953175000.0,-1613175000.0,6010000.0,6057100.0,-47100.0,204340000000.0,204340000000.0,6010000.0,6010000.0,34000.0,34550.0,34000.0,34500.0,34360.0,HSX_FOREIGN_API,HOSE_SYMBOL_LEVEL,VND,2026-08-25T01:39:52Z,ff_hsx_symbol_daily_v1,cacc7eef3cf43a4f0f7e3f88ef4db601b70baaf6fa96fe2b14bd93f7d81b6ce5
2022-01-04,ACB,HOSE,0.0,0.0,0.0,0.0,0.0,0.0,0.0,0.0,0.0,0.0,34800.0,34800.0,34250.0,34400.0,34430.0,HSX_FOREIGN_API,HOSE_SYMBOL_LEVEL,VND,2026-08-25T01:39:52Z,ff_hsx_symbol_daily_v1,72d26e2466ea908e777ebd0f138010d8a5524814930a63a15b77af0f67cf29d5
2022-01-05,ACB,HOSE,0.0,0.0,0.0,0.0,0.0,0.0,0.0,0.0,0.0,0.0,34350.0,34350.0,33650.0,33700.0,33900.0,HSX_FOREIGN_API,HOSE_SYMBOL_LEVEL,VND,2026-08-25T01:39:52Z,ff_hsx_symbol_daily_v1,fada2375e1154bb92f22da3d51bd9f7b4c045baf1597062c0339e3e5de760b9b
2022-01-06,ACB,HOSE,18022645000.0,16384725000.0,1637920000.0,500900.0,454500.0,46400.0,18022645000.0,16384725000.0,500900.0,454500.0,33500.0,34000.0,33100.0,33750.0,33470.0,HSX_FOREIGN_API,HOSE_SYMBOL_LEVEL,VND,2026-08-25T01:39:52Z,ff_hsx_symbol_daily_v1,992bdcf02ea9cb1eedc91a44d1cd4d9ac83e38ce07dd64878322de35e61a1284
2022-01-07,ACB,HOSE,203130000000.0,203130000000.0,0.0,6100000.0,6100000.0,0.0,203130000000.0,203130000000.0,6100000.0,6100000.0,33900.0,33950.0,33300.0,33300.0,33580.0,HSX_FOREIGN_API,HOSE_SYMBOL_LEVEL,VND,2026-08-25T01:39:52Z,ff_hsx_symbol_daily_v1,9488ad6e54dc17fef47368dc6c248808696054530b1f68e84a0d2464964b995c
2022-01-10,ACB,HOSE,92070000000.0,92070000000.0,0.0,2790000.0,2790000.0,0.0,92070000000.0,92070000000.0,2790000.0,2790000.0,33000.0,33400.0,32950.0,33000.0,33120.0,HSX_FOREIGN_API,HOSE_SYMBOL_LEVEL,VND,2026-08-25T01:39:52Z,ff_hsx_symbol_daily_v1,e233f4065db4ed627c38fcf301271ba9a22813407adff9f5500aab4c994d57ee
2022-01-11,ACB,HOSE,17650000000.0,17650000000.0,0.0,500000.0,500000.0,0.0,17650000000.0,17650000000.0,500000.0,500000.0,33000.0,33050.0,32700.0,32750.0,32870.0,HSX_FOREIGN_API,HOSE_SYMBOL_LEVEL,VND,2026-08-25T01:39:52Z,ff_hsx_symbol_daily_v1,6f9b3de1be7488579b96b8b1234b5749c9090c5fd829a42ac35fc08326f9f077
2022-01-12,ACB,HOSE,0.0,0.0,0.0,0.0,0.0,0.0,0.0,0.0,0.0,0.0,32700.0,33550.0,32550.0,33100.0,32780.0,HSX_FOREIGN_API,HOSE_SYMBOL_LEVEL,VND,2026-08-25T01:39:52Z,ff_hsx_symbol_daily_v1,5cec3b5983d6c37d66d4c74b11a7149c389cdb76e0c0954435d0ff34497dd373
2022-01-13,ACB,HOSE,0.0,0.0,0.0,0.0,0.0,0.0,0.0,0.0,0.0,0.0,33650.0,34250.0,33150.0,33350.0,33640.0,HSX_FOREIGN_API,HOSE_SYMBOL_LEVEL,VND,2026-08-25T01:39:52Z,ff_hsx_symbol_daily_v1,d01dc1c88ad0ab825bf5b33996779e44b29ab6c0a412540f93696d0b426a2aa2
2022-01-14,ACB,HOSE,4876920000.0,4876920000.0,0.0,136800.0,136800.0,0.0,4876920000.0,4876920000.0,136800.0,136800.0,33350.0,33450.0,33000.0,33050.0,33200.0,HSX_FOREIGN_API,HOSE_SYMBOL_LEVEL,VND,2026-08-25T01:39:52Z,ff_hsx_symbol_daily_v1,d2c030f97aba8eb56fe21865579441089382ddca9d93f30d19cb2bd90ad97b2e
2022-01-17,ACB,HOSE,294145000000.0,294145000000.0,0.0,8900000.0,8900000.0,0.0,294145000000.0,294145000000.0,8900000.0,8900000.0,33100.0,33650.0,32750.0,32750.0,33020.0,HSX_FOREIGN_API,HOSE_SYMBOL_LEVEL,VND,2026-08-25T01:39:52Z,ff_hsx_symbol_daily_v1,41baed5f93732d68ba09903e91af6d79c32828ac892dd220ff6113c030d96d14
2022-01-18,ACB,HOSE,7000000000.0,7000000000.0,0.0,200000.0,200000.0,0.0,7000000000.0,7000000000.0,200000.0,200000.0,32750.0,33050.0,32300.0,32800.0,32780.0,HSX_FOREIGN_API,HOSE_SYMBOL_LEVEL,VND,2026-08-25T01:39:52Z,ff_hsx_symbol_daily_v1,16f8a58f27d39a66cc2b98c46e10904ac7f3ea6195862dcc8ae054b7bc0816a0
2022-01-19,ACB,HOSE,0.0,0.0,0.0,0.0,0.0,0.0,0.0,0.0,0.0,0.0,32800.0,33300.0,32800.0,33000.0,33050.0,HSX_FOREIGN_API,HOSE_SYMBOL_LEVEL,VND,2026-08-25T01:39:52Z,ff_hsx_symbol_daily_v1,bf3b7ff5107f46d8ea6cbc1f8da20aabc40bf4fcee82468fa1da654543c528a0
2022-01-20,ACB,HOSE,14120000000.0,14120000000.0,0.0,400000.0,400000.0,0.0,14120000000.0,14120000000.0,400000.0,400000.0,33000.0,33150.0,32700.0,32950.0,32920.0,HSX_FOREIGN_API,HOSE_SYMBOL_LEVEL,VND,2026-08-25T01:39:52Z,ff_hsx_symbol_daily_v1,573104ec827702d5013418b8d67140f717f70e46603ea3d69755917ce8d1516a
2022-01-21,ACB,HOSE,294136250000.0,294136250000.0,0.0,8925000.0,8925000.0,0.0,294136250000.0,294136250000.0,8925000.0,8925000.0,32950.0,34000.0,32900.0,33450.0,33460.0,HSX_FOREIGN_API,HOSE_SYMBOL_LEVEL,VND,2026-08-25T01:39:52Z,ff_hsx_symbol_daily_v1,247b155a10b855930c9211455367d4c4b95a69fbcfb2281dc833a1d9b17e1e4e
2022-01-24,ACB,HOSE,0.0,0.0,0.0,0.0,0.0,0.0,0.0,0.0,0.0,0.0,33500.0,34900.0,33500.0,34350.0,34530.0,HSX_FOREIGN_API,HOSE_SYMBOL_LEVEL,VND,2026-08-25T01:39:52Z,ff_hsx_symbol_daily_v1,d9dad0b6605ef9b047affa544155967d44a2ff297b719e3e8cfd3be002305fdd
2022-01-25,ACB,HOSE,0.0,0.0,0.0,0.0,0.0,0.0,0.0,0.0,0.0,0.0,34350.0,35050.0,34350.0,34850.0,34710.0,HSX_FOREIGN_API,HOSE_SYMBOL_LEVEL,VND,2026-08-25T01:39:52Z,ff_hsx_symbol_daily_v1,7de1c9df60a1064fde139e345d1ad609d228547692657a856b5f8fd043fd8873
2022-01-26,ACB,HOSE,0.0,106200000.0,-106200000.0,0.0,3000.0,-3000.0,0.0,0.0,0.0,0.0,35000.0,35950.0,35000.0,35450.0,35560.0,HSX_FOREIGN_API,HOSE_SYMBOL_LEVEL,VND,2026-08-25T01:39:52Z,ff_hsx_symbol_daily_v1,3f21f4e2467d8e4e7a3173acf87cc0641a3637685595f76ec2e230012b0b2404
2022-01-27,ACB,HOSE,0.0,0.0,0.0,0.0,0.0,0.0,0.0,0.0,0.0,0.0,35400.0,35400.0,34550.0,34900.0,34950.0,HSX_FOREIGN_API,HOSE_SYMBOL_LEVEL,VND,2026-08-25T01:39:52Z,ff_hsx_symbol_daily_v1,54c2b91e315af35dabbed3c4f39b6ce7739e72805ab5e35757cb6742f6bf5f6a
2022-01-28,ACB,HOSE,291415000000.0,291415000000.0,0.0,8350000.0,8350000.0,0.0,291415000000.0,291415000000.0,8350000.0,8350000.0,34900.0,35000.0,34400.0,34550.0,34650.0,HSX_FOREIGN_API,HOSE_SYMBOL_LEVEL,VND,2026-08-25T01:39:52Z,ff_hsx_symbol_daily_v1,50b9cc2cc5374d28f9c3e247a79f5d22c6e40e4294d86b68a548d40adb903579
2022-02-07,ACB,HOSE,0.0,3500000.0,-3500000.0,0.0,100.0,-100.0,0.0,0.0,0.0,0.0,35000.0,35150.0,34650.0,34700.0,34890.0,HSX_FOREIGN_API,HOSE_SYMBOL_LEVEL,VND,2026-08-25T01:39:52Z,ff_hsx_symbol_daily_v1,a9dd8e95695b60d259a2b8e5d7914a0661acafff7ab5b0161195524e8db8abf6
2022-02-08,ACB,HOSE,0.0,0.0,0.0,0.0,0.0,0.0,0.0,0.0,0.0,0.0,34700.0,36000.0,34700.0,35750.0,35700.0,HSX_FOREIGN_API,HOSE_SYMBOL_LEVEL,VND,2026-08-25T01:39:52Z,ff_hsx_symbol_daily_v1,22bcef73697be3c28fe73c9a36dba4b0d32a80ee135f3337e29e72bd605fa3ee
2022-02-09,ACB,HOSE,0.0,3580000.0,-3580000.0,0.0,100.0,-100.0,0.0,0.0,0.0,0.0,35900.0,35950.0,35500.0,35600.0,35710.0,HSX_FOREIGN_API,HOSE_SYMBOL_LEVEL,VND,2026-08-25T01:39:52Z,ff_hsx_symbol_daily_v1,f447137984f2a27f0eb2fd938c385e66574fd791acb64a28f7cf5bf5b69acb21
2022-02-10,ACB,HOSE,186741312000.0,186741312000.0,0.0,5223520.0,5223520.0,0.0,186741312000.0,186741312000.0,5223520.0,5223520.0,35600.0,35800.0,35350.0,35550.0,35550.0,HSX_FOREIGN_API,HOSE_SYMBOL_LEVEL,VND,2026-08-25T01:39:52Z,ff_hsx_symbol_daily_v1,9c244067ecbbad8f0d203374c1df0de484bab8ee984f8be40a316a6905750bfb
2022-02-11,ACB,HOSE,0.0,0.0,0.0,0.0,0.0,0.0,0.0,0.0,0.0,0.0,35300.0,36350.0,35250.0,35700.0,35720.0,HSX_FOREIGN_API,HOSE_SYMBOL_LEVEL,VND,2026-08-25T01:39:52Z,ff_hsx_symbol_daily_v1,5bd7ce35898fe891261770564c52eb200b05b9fa31d2bf55bf5e2913043a6751
2022-02-14,ACB,HOSE,0.0,0.0,0.0,0.0,0.0,0.0,0.0,0.0,0.0,0.0,35400.0,35600.0,34000.0,34000.0,34910.0,HSX_FOREIGN_API,HOSE_SYMBOL_LEVEL,VND,2026-08-25T01:39:52Z,ff_hsx_symbol_daily_v1,a2314970fb4d0c9a1494a2e1acdbdff9930fd949d9e6ae1e3ec91db7d06d16ea
2022-02-15,ACB,HOSE,142800000000.0,142800000000.0,0.0,4000000.0,4000000.0,0.0,142800000000.0,142800000000.0,4000000.0,4000000.0,34050.0,34500.0,34000.0,34500.0,34240.0,HSX_FOREIGN_API,HOSE_SYMBOL_LEVEL,VND,2026-08-25T01:39:52Z,ff_hsx_symbol_daily_v1,0ae30cda6fb47c2c77ca2b3af6981645fe3881389b68e2e01d42e5b1445b7031
2022-02-16,ACB,HOSE,0.0,0.0,0.0,0.0,0.0,0.0,0.0,0.0,0.0,0.0,34700.0,34700.0,34000.0,34200.0,34220.0,HSX_FOREIGN_API,HOSE_SYMBOL_LEVEL,VND,2026-08-25T01:39:52Z,ff_hsx_symbol_daily_v1,bdfcf0a350760567e7580bafe20dd84a9f2d19a960a855d87e59a1aa9387a3d8
2022-02-17,ACB,HOSE,0.0,0.0,0.0,0.0,0.0,0.0,0.0,0.0,0.0,0.0,34150.0,34450.0,34100.0,34300.0,34250.0,HSX_FOREIGN_API,HOSE_SYMBOL_LEVEL,VND,2026-08-25T01:39:52Z,ff_hsx_symbol_daily_v1,6f277c904c0f25facd78399e02b516f6bb5969bf30b7476ec8a5451a2598422f
2022-02-18,ACB,HOSE,119952000000.0,119952000000.0,0.0,3360000.0,3360000.0,0.0,119952000000.0,119952000000.0,3360000.0,3360000.0,34100.0,34250.0,33700.0,33850.0,33980.0,HSX_FOREIGN_API,HOSE_SYMBOL_LEVEL,VND,2026-08-25T01:39:52Z,ff_hsx_symbol_daily_v1,d534ecc9fcb4a13e0fe85e0e467006f80f42ca2fcf15d049f338bccbdedeff2b
2022-02-21,ACB,HOSE,36451960000.0,36451960000.0,0.0,1015800.0,1015800.0,0.0,36451960000.0,36451960000.0,1015800.0,1015800.0,33900.0,34400.0,33550.0,34400.0,33860.0,HSX_FOREIGN_API,HOSE_SYMBOL_LEVEL,VND,2026-08-25T01:39:52Z,ff_hsx_symbol_daily_v1,8f8a973922c037b1cccc94c19827b5640ef284c2c96612f65dc3201d5daf13cd
2022-02-22,ACB,HOSE,0.0,0.0,0.0,0.0,0.0,0.0,0.0,0.0,0.0,0.0,34000.0,34700.0,33600.0,34700.0,34040.0,HSX_FOREIGN_API,HOSE_SYMBOL_LEVEL,VND,2026-08-25T01:39:52Z,ff_hsx_symbol_daily_v1,2340fab8ad453de1f38593424b28538720445ecc38740997c0538788a8fe7270
2022-02-23,ACB,HOSE,0.0,0.0,0.0,0.0,0.0,0.0,0.0,0.0,0.0,0.0,34800.0,35100.0,34600.0,34600.0,34780.0,HSX_FOREIGN_API,HOSE_SYMBOL_LEVEL,VND,2026-08-25T01:39:52Z,ff_hsx_symbol_daily_v1,844ff5cba77b337c8f9a2984c4fa53cb7aff7e4c7b2b21592fd47f9c90cd3d32
2022-02-24,ACB,HOSE,0.0,0.0,0.0,0.0,0.0,0.0,0.0,0.0,0.0,0.0,34350.0,34600.0,33450.0,34450.0,34050.0,HSX_FOREIGN_API,HOSE_SYMBOL_LEVEL,VND,2026-08-25T01:39:52Z,ff_hsx_symbol_daily_v1,6fe031904009249d5e129f391c808ebaddef2eb9e893d32c238c8a3e087b278d
2022-02-25,ACB,HOSE,737000000.0,737000000.0,0.0,20000.0,20000.0,0.0,737000000.0,737000000.0,20000.0,20000.0,34500.0,34750.0,34300.0,34350.0,34490.0,HSX_FOREIGN_API,HOSE_SYMBOL_LEVEL,VND,2026-08-25T01:39:52Z,ff_hsx_symbol_daily_v1,a540b1aedf4499babd7166f09f53e4359ede77737b26a8c8d7c5bbdcfe50eb97
2022-02-28,ACB,HOSE,19668600000.0,19668600000.0,0.0,535200.0,535200.0,0.0,19668600000.0,19668600000.0,535200.0,535200.0,34300.0,34350.0,33900.0,33900.0,34070.0,HSX_FOREIGN_API,HOSE_SYMBOL_LEVEL,VND,2026-08-25T01:39:52Z,ff_hsx_symbol_daily_v1,860e96ad694450e462f8dcd9ee117ddb8816c82726d9f2590a96416092445105
2022-03-01,ACB,HOSE,0.0,0.0,0.0,0.0,0.0,0.0,0.0,0.0,0.0,0.0,34000.0,34000.0,33550.0,33850.0,33810.0,HSX_FOREIGN_API,HOSE_SYMBOL_LEVEL,VND,2026-08-25T01:39:52Z,ff_hsx_symbol_daily_v1,1e9566e440dc9cf679147ec858f5c05e76888b3cd4991384cb4247d6c013bde6
2022-03-02,ACB,HOSE,3620000000.0,3620000000.0,0.0,100000.0,100000.0,0.0,3620000000.0,3620000000.0,100000.0,100000.0,33700.0,34000.0,32900.0,32900.0,33330.0,HSX_FOREIGN_API,HOSE_SYMBOL_LEVEL,VND,2026-08-25T01:39:52Z,ff_hsx_symbol_daily_v1,3c969e99f2f9fda249fa15e093866afad881697b62aeb1b9485475d3b684aade
2022-03-03,ACB,HOSE,0.0,0.0,0.0,0.0,0.0,0.0,0.0,0.0,0.0,0.0,33000.0,33450.0,32900.0,33450.0,33050.0,HSX_FOREIGN_API,HOSE_SYMBOL_LEVEL,VND,2026-08-25T01:39:52Z,ff_hsx_symbol_daily_v1,d9638c70dbc08ccf25bef72c06f6ab1c2c87018f21b560fae6ce574f72763e6c
2022-03-04,ACB,HOSE,0.0,0.0,0.0,0.0,0.0,0.0,0.0,0.0,0.0,0.0,33400.0,34300.0,33000.0,34300.0,33560.0,HSX_FOREIGN_API,HOSE_SYMBOL_LEVEL,VND,2026-08-25T01:39:52Z,ff_hsx_symbol_daily_v1,51fc41529e799d079a255246667d81aa57c454991fc719c9c3605beef83a157e
2022-03-07,ACB,HOSE,0.0,0.0,0.0,0.0,0.0,0.0,0.0,0.0,0.0,0.0,33500.0,33800.0,33150.0,33250.0,33390.0,HSX_FOREIGN_API,HOSE_SYMBOL_LEVEL,VND,2026-08-25T01:39:52Z,ff_hsx_symbol_daily_v1,cc63267ac35108ab5da89baf99d2ecc9ce8d3647c76a5ee48dcb75e2121462a7
2022-03-08,ACB,HOSE,0.0,0.0,0.0,0.0,0.0,0.0,0.0,0.0,0.0,0.0,33000.0,33200.0,32550.0,32600.0,32860.0,HSX_FOREIGN_API,HOSE_SYMBOL_LEVEL,VND,2026-08-25T01:39:52Z,ff_hsx_symbol_daily_v1,1abd7de300bdd67078639ff0ac8c6495ddf76c53be7eee85dc0dae366e91d3a5
2022-03-09,ACB,HOSE,0.0,0.0,0.0,0.0,0.0,0.0,0.0,0.0,0.0,0.0,32750.0,32950.0,32400.0,32700.0,32610.0,HSX_FOREIGN_API,HOSE_SYMBOL_LEVEL,VND,2026-08-25T01:39:52Z,ff_hsx_symbol_daily_v1,a1b5ca201f6295a0f533c479e9c07c2b66d642c4304da1d2c45541f3d851b3d1
2022-03-10,ACB,HOSE,0.0,0.0,0.0,0.0,0.0,0.0,0.0,0.0,0.0,0.0,33000.0,33400.0,32900.0,32900.0,33070.0,HSX_FOREIGN_API,HOSE_SYMBOL_LEVEL,VND,2026-08-25T01:39:52Z,ff_hsx_symbol_daily_v1,c2acf895bb4e8293a7ce38767eb05a5b6d55f8e7bc97ce528299b9486739ba03
2022-03-11,ACB,HOSE,7040000000.0,7040000000.0,0.0,200000.0,200000.0,0.0,7040000000.0,7040000000.0,200000.0,200000.0,32800.0,32950.0,32600.0,32700.0,32760.0,HSX_FOREIGN_API,HOSE_SYMBOL_LEVEL,VND,2026-08-25T01:39:52Z,ff_hsx_symbol_daily_v1,829dab0d2e46669ab37a98ecb6900e02651c66975f2d3ebd2599b20b9756e155
2022-03-14,ACB,HOSE,0.0,0.0,0.0,0.0,0.0,0.0,0.0,0.0,0.0,0.0,32500.0,32800.0,32450.0,32700.0,32610.0,HSX_FOREIGN_API,HOSE_SYMBOL_LEVEL,VND,2026-08-25T01:39:52Z,ff_hsx_symbol_daily_v1,58e4f1ab343d2472e3a36a453df4248af5134ed90dbddd6ffc83adcb4d11c60e
2022-03-15,ACB,HOSE,34397790000.0,34397790000.0,0.0,984200.0,984200.0,0.0,34397790000.0,34397790000.0,984200.0,984200.0,32800.0,33150.0,32700.0,32800.0,32940.0,HSX_FOREIGN_API,HOSE_SYMBOL_LEVEL,VND,2026-08-25T01:39:52Z,ff_hsx_symbol_daily_v1,e1d8247d3a81954156eac0a8657fb3b25f7ea1a0de111594a85dc8bfa65bb36c
2022-03-16,ACB,HOSE,0.0,0.0,0.0,0.0,0.0,0.0,0.0,0.0,0.0,0.0,32900.0,33050.0,32650.0,32800.0,32790.0,HSX_FOREIGN_API,HOSE_SYMBOL_LEVEL,VND,2026-08-25T01:39:52Z,ff_hsx_symbol_daily_v1,61dbfea5f0343e829048043be284d6697f152cfbf92fac2054877d8144106e06
2022-03-17,ACB,HOSE,0.0,0.0,0.0,0.0,0.0,0.0,0.0,0.0,0.0,0.0,33150.0,33200.0,32800.0,32800.0,32950.0,HSX_FOREIGN_API,HOSE_SYMBOL_LEVEL,VND,2026-08-25T01:39:52Z,ff_hsx_symbol_daily_v1,b2705800c286f0d9cdd0b1dc3f55c4796dca88fc07ec0168e4d93a63a450bb3a
2022-03-18,ACB,HOSE,49070000000.0,49070000000.0,0.0,1400000.0,1400000.0,0.0,49070000000.0,49070000000.0,1400000.0,1400000.0,33000.0,33100.0,32800.0,32800.0,32910.0,HSX_FOREIGN_API,HOSE_SYMBOL_LEVEL,VND,2026-08-25T01:39:52Z,ff_hsx_symbol_daily_v1,a5b8bb7c1d9f3c291ca724ce5346525ae667386d2cb5adfe4a7fa9f30a01a3e8
2022-03-21,ACB,HOSE,47415640000.0,47415640000.0,0.0,1352800.0,1352800.0,0.0,47415640000.0,47415640000.0,1352800.0,1352800.0,32900.0,33000.0,32700.0,32950.0,32830.0,HSX_FOREIGN_API,HOSE_SYMBOL_LEVEL,VND,2026-08-25T01:39:52Z,ff_hsx_symbol_daily_v1,5ede8f655571452687b88c5c9ca02ca8b977536ae178931ab6afd118f5f96593
2022-03-22,ACB,HOSE,30547407000.0,30547407000.0,0.0,891900.0,891900.0,0.0,30547407000.0,30547407000.0,891900.0,891900.0,33000.0,33400.0,33000.0,33300.0,33200.0,HSX_FOREIGN_API,HOSE_SYMBOL_LEVEL,VND,2026-08-25T01:39:52Z,ff_hsx_symbol_daily_v1,017fc16b4358d957d623ee12af2dbb9f874a57320ec216bc3988d3304368fb14
2022-03-23,ACB,HOSE,49260423600.0,49940592750.0,-680169150.0,1444600.0,1464625.0,-20025.0,49260423600.0,49940592750.0,1444600.0,1464625.0,33200.0,33400.0,33150.0,33200.0,33250.0,HSX_FOREIGN_API,HOSE_SYMBOL_LEVEL,VND,2026-08-25T01:39:52Z,ff_hsx_symbol_daily_v1,4a772c964915b74bb26a2bca15325cff9485124ebb2c26b8aa1ea83f2391f101
2022-03-24,ACB,HOSE,0.0,0.0,0.0,0.0,0.0,0.0,0.0,0.0,0.0,0.0,33050.0,33200.0,32850.0,32900.0,33010.0,HSX_FOREIGN_API,HOSE_SYMBOL_LEVEL,VND,2026-08-25T01:39:52Z,ff_hsx_symbol_daily_v1,179357a67d3c0855286d072dafdd7085ecabac14c6d57c62b3c3efc141ebe8ab
2022-03-25,ACB,HOSE,0.0,0.0,0.0,0.0,0.0,0.0,0.0,0.0,0.0,0.0,32900.0,33150.0,32700.0,32700.0,32820.0,HSX_FOREIGN_API,HOSE_SYMBOL_LEVEL,VND,2026-08-25T01:39:52Z,ff_hsx_symbol_daily_v1,63582b7e4ef3bec12441dc1ecbaa41a70ef723d0dc3733b1d7e78ec101479e92
2022-03-28,ACB,HOSE,37151850000.0,37151850000.0,0.0,1063000.0,1063000.0,0.0,37151850000.0,37151850000.0,1063000.0,1063000.0,32700.0,32800.0,32300.0,32350.0,32450.0,HSX_FOREIGN_API,HOSE_SYMBOL_LEVEL,VND,2026-08-25T01:39:52Z,ff_hsx_symbol_daily_v1,17465c03dc3b7a3c782fcfad0c2a85ad5a1834a990062e1fa43d8ef28e433c5e
2022-03-29,ACB,HOSE,1408220000.0,1408220000.0,0.0,40700.0,40700.0,0.0,1408220000.0,1408220000.0,40700.0,40700.0,32450.0,32650.0,32300.0,32350.0,32420.0,HSX_FOREIGN_API,HOSE_SYMBOL_LEVEL,VND,2026-08-25T01:39:52Z,ff_hsx_symbol_daily_v1,ddbdf495b53197c2ce7478de8558cfe38df5c1cf70a62ad66570a29c8ba7eb91
2022-03-30,ACB,HOSE,2100220000.0,2100220000.0,0.0,60700.0,60700.0,0.0,2100220000.0,2100220000.0,60700.0,60700.0,32400.0,32900.0,32300.0,32600.0,32650.0,HSX_FOREIGN_API,HOSE_SYMBOL_LEVEL,VND,2026-08-25T01:39:52Z,ff_hsx_symbol_daily_v1,54eee294c19e4b5499e3190a7d599f1aa5ee89e03c8fe4c5983212c1a4632c18
2022-03-31,ACB,HOSE,0.0,0.0,0.0,0.0,0.0,0.0,0.0,0.0,0.0,0.0,32700.0,33200.0,32600.0,33050.0,32960.0,HSX_FOREIGN_API,HOSE_SYMBOL_LEVEL,VND,2026-08-25T01:39:52Z,ff_hsx_symbol_daily_v1,968e3d7816137c759f3212cb466a237d7a343278e0a50c97b19f6bb177fb4c85
2022-04-01,ACB,HOSE,22977500000.0,22977500000.0,0.0,650000.0,650000.0,0.0,22977500000.0,22977500000.0,650000.0,650000.0,33050.0,33400.0,33000.0,33400.0,33170.0,HSX_FOREIGN_API,HOSE_SYMBOL_LEVEL,VND,2026-08-25T01:39:52Z,ff_hsx_symbol_daily_v1,2b0d95b883a79a70a3995f313e3ddf57598fbb64d919b08569ca05382c576f36
2022-04-04,ACB,HOSE,15866865000.0,15866865000.0,0.0,444450.0,444450.0,0.0,15866865000.0,15866865000.0,444450.0,444450.0,33600.0,33700.0,33400.0,33500.0,33460.0,HSX_FOREIGN_API,HOSE_SYMBOL_LEVEL,VND,2026-08-25T01:39:52Z,ff_hsx_symbol_daily_v1,04d01560b560eb6eac9997a8c4586c8e1e0b89d7032b02b40e76115b15ed2f6d
2022-04-05,ACB,HOSE,10740000000.0,10740000000.0,0.0,300000.0,300000.0,0.0,10740000000.0,10740000000.0,300000.0,300000.0,33400.0,33400.0,32950.0,33000.0,33190.0,HSX_FOREIGN_API,HOSE_SYMBOL_LEVEL,VND,2026-08-25T01:39:52Z,ff_hsx_symbol_daily_v1,3d6107aecf867939d617cd477cb7e1a8805863fb3c22c2e2b6a50d88f004c894
2022-04-06,ACB,HOSE,0.0,0.0,0.0,0.0,0.0,0.0,0.0,0.0,0.0,0.0,32850.0,33300.0,32750.0,33200.0,33130.0,HSX_FOREIGN_API,HOSE_SYMBOL_LEVEL,VND,2026-08-25T01:39:52Z,ff_hsx_symbol_daily_v1,e15f156a74968183fbcbdcb0b8ac0472b03643913879b1eb57d5f0ecd0cb543a
2022-04-07,ACB,HOSE,0.0,0.0,0.0,0.0,0.0,0.0,0.0,0.0,0.0,0.0,33400.0,34150.0,33250.0,33600.0,33760.0,HSX_FOREIGN_API,HOSE_SYMBOL_LEVEL,VND,2026-08-25T01:39:52Z,ff_hsx_symbol_daily_v1,64e8ff68dc8b5792a4a238615fba1fcbe857686868cc5f79fb338a92835f6e2c
2022-04-08,ACB,HOSE,0.0,0.0,0.0,0.0,0.0,0.0,0.0,0.0,0.0,0.0,33700.0,34000.0,33650.0,33850.0,33870.0,HSX_FOREIGN_API,HOSE_SYMBOL_LEVEL,VND,2026-08-25T01:39:52Z,ff_hsx_symbol_daily_v1,f5905cea1afc2312a1d7c2b82b3db477b221d73aae1cdc4b12a398c1cda5612d
2022-04-12,ACB,HOSE,10860000000.0,10860000000.0,0.0,300000.0,300000.0,0.0,10860000000.0,10860000000.0,300000.0,300000.0,33850.0,33850.0,33350.0,33450.0,33620.0,HSX_FOREIGN_API,HOSE_SYMBOL_LEVEL,VND,2026-08-25T01:39:52Z,ff_hsx_symbol_daily_v1,614ef8b5481b84da8e8906b7fad5b88c5ece50c7bda784c8da547a2473cee296
2022-04-13,ACB,HOSE,0.0,0.0,0.0,0.0,0.0,0.0,0.0,0.0,0.0,0.0,33500.0,33850.0,33300.0,33650.0,33670.0,HSX_FOREIGN_API,HOSE_SYMBOL_LEVEL,VND,2026-08-25T01:39:52Z,ff_hsx_symbol_daily_v1,677b376c3b7519bac5cea56bb99dc3113e77caebae457e728e0f3ed513c71f35
2022-04-14,ACB,HOSE,0.0,0.0,0.0,0.0,0.0,0.0,0.0,0.0,0.0,0.0,33650.0,34150.0,33600.0,33800.0,33880.0,HSX_FOREIGN_API,HOSE_SYMBOL_LEVEL,VND,2026-08-25T01:39:52Z,ff_hsx_symbol_daily_v1,6f46f77eb8f97a1ddb254719cc43077ad52aa16f37ab346ee2c84b2b0b8a8690
2022-04-15,ACB,HOSE,0.0,0.0,0.0,0.0,0.0,0.0,0.0,0.0,0.0,0.0,33800.0,34000.0,33450.0,33550.0,33730.0,HSX_FOREIGN_API,HOSE_SYMBOL_LEVEL,VND,2026-08-25T01:39:52Z,ff_hsx_symbol_daily_v1,065371e0edc68b9863a6509d8e02a83cd537fb5fab661dd08e0ef8db6b05cea7
2022-04-18,ACB,HOSE,10755000000.0,10755000000.0,0.0,300000.0,300000.0,0.0,10755000000.0,10755000000.0,300000.0,300000.0,33500.0,33600.0,32800.0,32800.0,33060.0,HSX_FOREIGN_API,HOSE_SYMBOL_LEVEL,VND,2026-08-25T01:39:52Z,ff_hsx_symbol_daily_v1,b8618f54dc1ef0792ccc3a072070386e4365f319b7a9b9320e3c0f6488f9b4c4
2022-04-19,ACB,HOSE,10515000000.0,10515000000.0,0.0,300000.0,300000.0,0.0,10515000000.0,10515000000.0,300000.0,300000.0,32600.0,32800.0,31600.0,31650.0,32350.0,HSX_FOREIGN_API,HOSE_SYMBOL_LEVEL,VND,2026-08-25T01:39:52Z,ff_hsx_symbol_daily_v1,2fe91391acc5ec3f9ea307a99eb962d208d604f858aa3881648d89b7e09f4c01
2022-04-20,ACB,HOSE,0.0,0.0,0.0,0.0,0.0,0.0,0.0,0.0,0.0,0.0,31700.0,32200.0,31650.0,31900.0,31970.0,HSX_FOREIGN_API,HOSE_SYMBOL_LEVEL,VND,2026-08-25T01:39:52Z,ff_hsx_symbol_daily_v1,df736e26731d1eb0f1dd93a5ed090a9a55d8c9fdf79040e4671d556857693f03
2022-04-21,ACB,HOSE,0.0,0.0,0.0,0.0,0.0,0.0,0.0,0.0,0.0,0.0,32000.0,32500.0,31500.0,31500.0,31960.0,HSX_FOREIGN_API,HOSE_SYMBOL_LEVEL,VND,2026-08-25T01:39:52Z,ff_hsx_symbol_daily_v1,9450d82c6e75de189f2d3cc38b107a7a8d81ff9a82e0c55c71bcc97510ae2383
2022-04-22,ACB,HOSE,0.0,0.0,0.0,0.0,0.0,0.0,0.0,0.0,0.0,0.0,31700.0,32600.0,31700.0,32300.0,32400.0,HSX_FOREIGN_API,HOSE_SYMBOL_LEVEL,VND,2026-08-25T01:39:52Z,ff_hsx_symbol_daily_v1,d9b7617e2c54e692c5b84e726bcce7194400ed7b27abf5c442a982c3eabc420c
2022-04-25,ACB,HOSE,0.0,0.0,0.0,0.0,0.0,0.0,0.0,0.0,0.0,0.0,32300.0,32450.0,30500.0,30500.0,31740.0,HSX_FOREIGN_API,HOSE_SYMBOL_LEVEL,VND,2026-08-25T01:39:52Z,ff_hsx_symbol_daily_v1,fd804f2a9c0e642d2cfb0951936fe13a95074ab0f3e25c6a8140ec8c6a7b0e0c
2022-04-26,ACB,HOSE,0.0,0.0,0.0,0.0,0.0,0.0,0.0,0.0,0.0,0.0,30500.0,31250.0,30000.0,30900.0,30570.0,HSX_FOREIGN_API,HOSE_SYMBOL_LEVEL,VND,2026-08-25T01:39:52Z,ff_hsx_symbol_daily_v1,047d224ff8199f7ddbb9c059101bd03d815e1387923dd3533b640a9110051371
2022-04-27,ACB,HOSE,0.0,0.0,0.0,0.0,0.0,0.0,0.0,0.0,0.0,0.0,30700.0,31200.0,30300.0,30900.0,30600.0,HSX_FOREIGN_API,HOSE_SYMBOL_LEVEL,VND,2026-08-25T01:39:52Z,ff_hsx_symbol_daily_v1,bc95a7696fa340044d2bf0bff9da201ef1ed4faafbb79b74138e8414247d778d
2022-04-28,ACB,HOSE,0.0,0.0,0.0,0.0,0.0,0.0,0.0,0.0,0.0,0.0,30600.0,31200.0,30600.0,31000.0,30970.0,HSX_FOREIGN_API,HOSE_SYMBOL_LEVEL,VND,2026-08-25T01:39:52Z,ff_hsx_symbol_daily_v1,38effe45c2e53ddd83f9705518d32954064d9e14549db926b0c336d2c4e1fa30
2022-04-29,ACB,HOSE,663000000.0,663000000.0,0.0,20000.0,20000.0,0.0,663000000.0,663000000.0,20000.0,20000.0,31000.0,32700.0,30750.0,32700.0,32090.0,HSX_FOREIGN_API,HOSE_SYMBOL_LEVEL,VND,2026-08-25T01:39:52Z,ff_hsx_symbol_daily_v1,bfa05353c5a04f09bd7afca35d493c3de4d433b90ea0ed3cf0015d1b113733c7
2022-05-04,ACB,HOSE,0.0,0.0,0.0,0.0,0.0,0.0,0.0,0.0,0.0,0.0,32250.0,32500.0,31750.0,31750.0,31990.0,HSX_FOREIGN_API,HOSE_SYMBOL_LEVEL,VND,2026-08-25T01:39:52Z,ff_hsx_symbol_daily_v1,025ad9bdb2cac548117597dee80e78de79aa2a5c6933bab25fe2fe05b1b39870
2022-05-05,ACB,HOSE,0.0,0.0,0.0,0.0,0.0,0.0,0.0,0.0,0.0,0.0,32300.0,32300.0,31300.0,31700.0,31770.0,HSX_FOREIGN_API,HOSE_SYMBOL_LEVEL,VND,2026-08-25T01:39:52Z,ff_hsx_symbol_daily_v1,c8eae191a4b9021f58b1fb721d484e0d24f70567b1b1034b076a31dacc4c973a
2022-05-06,ACB,HOSE,10170000000.0,10170000000.0,0.0,300000.0,300000.0,0.0,10170000000.0,10170000000.0,300000.0,300000.0,31200.0,31800.0,30850.0,31000.0,31200.0,HSX_FOREIGN_API,HOSE_SYMBOL_LEVEL,VND,2026-08-25T01:39:52Z,ff_hsx_symbol_daily_v1,d622bb14366193c01e454a3cd3056b8d962d5e90b78750d811407bcab4226478
2022-05-09,ACB,HOSE,0.0,0.0,0.0,0.0,0.0,0.0,0.0,0.0,0.0,0.0,31000.0,31000.0,29700.0,30600.0,30420.0,HSX_FOREIGN_API,HOSE_SYMBOL_LEVEL,VND,2026-08-25T01:39:52Z,ff_hsx_symbol_daily_v1,5a31a10926c2e87f7fe343c1a45bec15ace52967e1a81456807a37f7b2bfcc3b
2022-05-10,ACB,HOSE,33955680000.0,33955680000.0,0.0,1038400.0,1038400.0,0.0,33955680000.0,33955680000.0,1038400.0,1038400.0,30300.0,31000.0,29900.0,30800.0,30630.0,HSX_FOREIGN_API,HOSE_SYMBOL_LEVEL,VND,2026-08-25T01:39:52Z,ff_hsx_symbol_daily_v1,830800a5887f1613510e31ecc05074003f051430ef08c6a25c83711810962916
2022-05-11,ACB,HOSE,0.0,0.0,0.0,0.0,0.0,0.0,0.0,0.0,0.0,0.0,30800.0,31600.0,30600.0,31600.0,31040.0,HSX_FOREIGN_API,HOSE_SYMBOL_LEVEL,VND,2026-08-25T01:39:52Z,ff_hsx_symbol_daily_v1,8c544a6b644653f3e67394b5e758d67d5b429cd2903d8fb976385809e8105958
2022-05-12,ACB,HOSE,11285820000.0,11285820000.0,0.0,333900.0,333900.0,0.0,11285820000.0,11285820000.0,333900.0,333900.0,30700.0,31250.0,29500.0,29500.0,30350.0,HSX_FOREIGN_API,HOSE_SYMBOL_LEVEL,VND,2026-08-25T01:39:52Z,ff_hsx_symbol_daily_v1,c408d38c4772e2e68f19738f1177a9be6b28d3511baf69f2937bc714f3ec4a4b
2022-05-13,ACB,HOSE,9465000000.0,9465000000.0,0.0,300000.0,300000.0,0.0,9465000000.0,9465000000.0,300000.0,300000.0,29900.0,30300.0,27500.0,27500.0,28980.0,HSX_FOREIGN_API,HOSE_SYMBOL_LEVEL,VND,2026-08-25T01:39:52Z,ff_hsx_symbol_daily_v1,032b3de758cceeea90e75b984f81f026ba792378302bdc3cfc2db43c433cb175
2022-05-16,ACB,HOSE,0.0,0.0,0.0,0.0,0.0,0.0,0.0,0.0,0.0,0.0,27650.0,28700.0,27500.0,27600.0,28260.0,HSX_FOREIGN_API,HOSE_SYMBOL_LEVEL,VND,2026-08-25T01:39:52Z,ff_hsx_symbol_daily_v1,8eb5d925738f1aa5b8aeb04e699bae0cb745685ec3ae1a8bb22760907e59adce
2022-05-17,ACB,HOSE,0.0,0.0,0.0,0.0,0.0,0.0,0.0,0.0,0.0,0.0,27600.0,29350.0,27500.0,29250.0,28390.0,HSX_FOREIGN_API,HOSE_SYMBOL_LEVEL,VND,2026-08-25T01:39:52Z,ff_hsx_symbol_daily_v1,2160e63f61d08f93aea992ac74449072311aa469f8a220e8f4145da34a0a2665
2022-05-18,ACB,HOSE,0.0,0.0,0.0,0.0,0.0,0.0,0.0,0.0,0.0,0.0,29700.0,29750.0,28800.0,28950.0,29140.0,HSX_FOREIGN_API,HOSE_SYMBOL_LEVEL,VND,2026-08-25T01:39:52Z,ff_hsx_symbol_daily_v1,bb5fe3eec7402a90b2a865b89c953233f09498b2e7c0a7d37ac2281299b0e70f
2022-05-19,ACB,HOSE,110394781250.0,110394781250.0,0.0,3566875.0,3566875.0,0.0,110394781250.0,110394781250.0,3566875.0,3566875.0,28400.0,29000.0,28100.0,28600.0,28660.0,HSX_FOREIGN_API,HOSE_SYMBOL_LEVEL,VND,2026-08-25T01:39:52Z,ff_hsx_symbol_daily_v1,8238d026257c21c32919b9949e405f925e8914afed36ca60586b7f708dec4c3a
2022-05-20,ACB,HOSE,0.0,0.0,0.0,0.0,0.0,0.0,0.0,0.0,0.0,0.0,28600.0,29300.0,28600.0,29050.0,28940.0,HSX_FOREIGN_API,HOSE_SYMBOL_LEVEL,VND,2026-08-25T01:39:52Z,ff_hsx_symbol_daily_v1,04ddd938691af69aaa9f378fb5e90e0c2a6a56ab63a6e8512a7eb3d070f74f42
2022-05-23,ACB,HOSE,931500000.0,931500000.0,0.0,30000.0,30000.0,0.0,931500000.0,931500000.0,30000.0,30000.0,29100.0,29300.0,28300.0,28450.0,28760.0,HSX_FOREIGN_API,HOSE_SYMBOL_LEVEL,VND,2026-08-25T01:39:52Z,ff_hsx_symbol_daily_v1,8b5d4484b2fc6d5a861e86bff8c360221fea5031ab0ac0eeeb6f0418aa6fe067
2022-05-24,ACB,HOSE,0.0,0.0,0.0,0.0,0.0,0.0,0.0,0.0,0.0,0.0,28800.0,28800.0,28150.0,28800.0,28520.0,HSX_FOREIGN_API,HOSE_SYMBOL_LEVEL,VND,2026-08-25T01:39:52Z,ff_hsx_symbol_daily_v1,c5c6d2e4712881446a397198f8c6c6e375d2dfaedca9abf80f8694d3bb151b31
2022-05-25,ACB,HOSE,0.0,0.0,0.0,0.0,0.0,0.0,0.0,0.0,0.0,0.0,28800.0,30000.0,28800.0,30000.0,29530.0,HSX_FOREIGN_API,HOSE_SYMBOL_LEVEL,VND,2026-08-25T01:39:52Z,ff_hsx_symbol_daily_v1,b1f8b2211f978f7f50412fb31b566e988c3ecda5eb8cd16f4f987ba62324ea3a
2022-05-26,ACB,HOSE,0.0,0.0,0.0,0.0,0.0,0.0,0.0,0.0,0.0,0.0,30400.0,30500.0,30000.0,30350.0,30300.0,HSX_FOREIGN_API,HOSE_SYMBOL_LEVEL,VND,2026-08-25T01:39:52Z,ff_hsx_symbol_daily_v1,6691555348811ac95271542561bd6af39d9f98bfed30d09c6abc753d38923c6a
2022-05-27,ACB,HOSE,0.0,6280000.0,-6280000.0,0.0,200.0,-200.0,0.0,0.0,0.0,0.0,30800.0,31800.0,30600.0,31800.0,31390.0,HSX_FOREIGN_API,HOSE_SYMBOL_LEVEL,VND,2026-08-25T01:39:52Z,ff_hsx_symbol_daily_v1,1e91adaa4380c3dac46f6de9599c9439b102368bb27a34caca0ec79c7bfaa100
2022-05-30,ACB,HOSE,0.0,0.0,0.0,0.0,0.0,0.0,0.0,0.0,0.0,0.0,32000.0,32000.0,31500.0,31950.0,31780.0,HSX_FOREIGN_API,HOSE_SYMBOL_LEVEL,VND,2026-08-25T01:39:52Z,ff_hsx_symbol_daily_v1,687d2f4606d42758ee5c25aad5656e7950bf17965251ceca5b51bf3ac969c305
2022-05-31,ACB,HOSE,0.0,0.0,0.0,0.0,0.0,0.0,0.0,0.0,0.0,0.0,31700.0,31800.0,31500.0,31550.0,31620.0,HSX_FOREIGN_API,HOSE_SYMBOL_LEVEL,VND,2026-08-25T01:39:52Z,ff_hsx_symbol_daily_v1,d83ea22d11259549a503be365baaab5ef85f087c3790637e80dbd1b5afa22d46
2022-06-01,ACB,HOSE,0.0,0.0,0.0,0.0,0.0,0.0,0.0,0.0,0.0,0.0,31800.0,31800.0,31100.0,31100.0,31440.0,HSX_FOREIGN_API,HOSE_SYMBOL_LEVEL,VND,2026-08-25T01:39:52Z,ff_hsx_symbol_daily_v1,0144567707946cab2ed625ffb3274f5fcd9995d200ee52429c76d5ba9511f6be
2022-06-02,ACB,HOSE,0.0,0.0,0.0,0.0,0.0,0.0,0.0,0.0,0.0,0.0,25600.0,25950.0,25350.0,25350.0,25690.0,HSX_FOREIGN_API,HOSE_SYMBOL_LEVEL,VND,2026-08-25T01:39:52Z,ff_hsx_symbol_daily_v1,b434186dbff89edec35144ecc379084bf0acd75c3d1af49e95c7090e41363cd0
2022-06-03,ACB,HOSE,0.0,0.0,0.0,0.0,0.0,0.0,0.0,0.0,0.0,0.0,25500.0,25600.0,24900.0,25300.0,25250.0,HSX_FOREIGN_API,HOSE_SYMBOL_LEVEL,VND,2026-08-25T01:39:52Z,ff_hsx_symbol_daily_v1,58af36d4d797347d1e8bf2e6c6b503f629418ed998593053b9edfbb57964bf23
2022-06-06,ACB,HOSE,0.0,0.0,0.0,0.0,0.0,0.0,0.0,0.0,0.0,0.0,25300.0,25550.0,25200.0,25300.0,25410.0,HSX_FOREIGN_API,HOSE_SYMBOL_LEVEL,VND,2026-08-25T01:39:52Z,ff_hsx_symbol_daily_v1,128216f32d3bba565005ed2c84ab8e68e73a70fa86cf3cec5038d0b82bcc13af
2022-06-07,ACB,HOSE,0.0,0.0,0.0,0.0,0.0,0.0,0.0,0.0,0.0,0.0,25300.0,25300.0,24300.0,24950.0,24710.0,HSX_FOREIGN_API,HOSE_SYMBOL_LEVEL,VND,2026-08-25T01:39:52Z,ff_hsx_symbol_daily_v1,c6ac082e0280535bcedecfd0620c978cab24dc60a8a1eb807a70605f928d79b5
2022-06-08,ACB,HOSE,0.0,0.0,0.0,0.0,0.0,0.0,0.0,0.0,0.0,0.0,24900.0,25700.0,24650.0,25700.0,25220.0,HSX_FOREIGN_API,HOSE_SYMBOL_LEVEL,VND,2026-08-25T01:39:52Z,ff_hsx_symbol_daily_v1,a086174164687039b8b209480ae0827c5f1a928535b88d533c28f2397e5aa637
2022-06-09,ACB,HOSE,0.0,0.0,0.0,0.0,0.0,0.0,0.0,0.0,0.0,0.0,25800.0,25900.0,25050.0,25750.0,25740.0,HSX_FOREIGN_API,HOSE_SYMBOL_LEVEL,VND,2026-08-25T01:39:52Z,ff_hsx_symbol_daily_v1,8d7222dde2b2172d65badd34b60ffff13447c40b8a1c5e361992b6df11024268
2022-06-10,ACB,HOSE,0.0,0.0,0.0,0.0,0.0,0.0,0.0,0.0,0.0,0.0,25200.0,25800.0,25150.0,25200.0,25420.0,HSX_FOREIGN_API,HOSE_SYMBOL_LEVEL,VND,2026-08-25T01:39:52Z,ff_hsx_symbol_daily_v1,4c303f46b605d4e5d2897e65209862541165302dbec5dd736f4b03b8f0f04366
2022-06-13,ACB,HOSE,0.0,0.0,0.0,0.0,0.0,0.0,0.0,0.0,0.0,0.0,25000.0,25000.0,23800.0,23900.0,24290.0,HSX_FOREIGN_API,HOSE_SYMBOL_LEVEL,VND,2026-08-25T01:39:52Z,ff_hsx_symbol_daily_v1,60a6d472a866e109c6eefc0268b1c86e4bdb8491d2ef7e814961d0994ff7bc9a
2022-06-14,ACB,HOSE,0.0,0.0,0.0,0.0,0.0,0.0,0.0,0.0,0.0,0.0,23900.0,24450.0,23500.0,24100.0,23960.0,HSX_FOREIGN_API,HOSE_SYMBOL_LEVEL,VND,2026-08-25T01:39:52Z,ff_hsx_symbol_daily_v1,a0b9e072f7125c0ece057a04f2c211205f0b563f753a3b897bbf1374bb876047
2022-06-15,ACB,HOSE,0.0,0.0,0.0,0.0,0.0,0.0,0.0,0.0,0.0,0.0,24450.0,24500.0,23100.0,23600.0,23630.0,HSX_FOREIGN_API,HOSE_SYMBOL_LEVEL,VND,2026-08-25T01:39:52Z,ff_hsx_symbol_daily_v1,19c81972e49b828bfdedd6b5ba9857af4206620ae7cf7e9b48f0f10040a88215
2022-06-16,ACB,HOSE,0.0,0.0,0.0,0.0,0.0,0.0,0.0,0.0,0.0,0.0,23600.0,24100.0,23600.0,24100.0,23920.0,HSX_FOREIGN_API,HOSE_SYMBOL_LEVEL,VND,2026-08-25T01:39:52Z,ff_hsx_symbol_daily_v1,6781eeefa4422542e0bd53562f5594cbd7aabd89917659a3cb7c3165c53fe188
2022-06-17,ACB,HOSE,0.0,0.0,0.0,0.0,0.0,0.0,0.0,0.0,0.0,0.0,23500.0,23850.0,22850.0,23100.0,23140.0,HSX_FOREIGN_API,HOSE_SYMBOL_LEVEL,VND,2026-08-25T01:39:52Z,ff_hsx_symbol_daily_v1,b86487dbb415dd39ae8bfd97ca261e718ad97fc91ebb2119a8d26f3d8ab7fbd6
2022-06-20,ACB,HOSE,0.0,0.0,0.0,0.0,0.0,0.0,0.0,0.0,0.0,0.0,23100.0,23500.0,22800.0,22900.0,23040.0,HSX_FOREIGN_API,HOSE_SYMBOL_LEVEL,VND,2026-08-25T01:39:52Z,ff_hsx_symbol_daily_v1,71543a1e47cd525ae57b097941e5c3c9b7b48fc95919da1bbd2a72f218ce503e
2022-06-21,ACB,HOSE,0.0,0.0,0.0,0.0,0.0,0.0,0.0,0.0,0.0,0.0,22500.0,23200.0,22500.0,23000.0,22980.0,HSX_FOREIGN_API,HOSE_SYMBOL_LEVEL,VND,2026-08-25T01:39:52Z,ff_hsx_symbol_daily_v1,87eb53ec1cc2e4ae3ba76beb3d1d88db7ad2de4068a027b3958e231c2dd1cf93
2022-06-22,ACB,HOSE,0.0,0.0,0.0,0.0,0.0,0.0,0.0,0.0,0.0,0.0,23200.0,23900.0,23200.0,23750.0,23610.0,HSX_FOREIGN_API,HOSE_SYMBOL_LEVEL,VND,2026-08-25T01:39:52Z,ff_hsx_symbol_daily_v1,64f809861f1b8f47f211db29aad3e761c867d3a4477a20bc2079800897e7e0fc
2022-06-23,ACB,HOSE,0.0,0.0,0.0,0.0,0.0,0.0,0.0,0.0,0.0,0.0,23400.0,23850.0,23050.0,23750.0,23590.0,HSX_FOREIGN_API,HOSE_SYMBOL_LEVEL,VND,2026-08-25T01:39:52Z,ff_hsx_symbol_daily_v1,95afebf6d20fdf21effce126e08abbc52f911da27ac79ce5245ab99779696c86
2022-06-24,ACB,HOSE,0.0,0.0,0.0,0.0,0.0,0.0,0.0,0.0,0.0,0.0,23700.0,24000.0,23500.0,23800.0,23770.0,HSX_FOREIGN_API,HOSE_SYMBOL_LEVEL,VND,2026-08-25T01:39:52Z,ff_hsx_symbol_daily_v1,2223d3cee61a8dc3489d6581e07ffbc4643c6329a7df24a245e5e407453954f4
2022-06-27,ACB,HOSE,0.0,0.0,0.0,0.0,0.0,0.0,0.0,0.0,0.0,0.0,23800.0,24150.0,23650.0,23950.0,23930.0,HSX_FOREIGN_API,HOSE_SYMBOL_LEVEL,VND,2026-08-25T01:39:52Z,ff_hsx_symbol_daily_v1,13518c88c43feab67585fe24621e922301566668ec56d3202effb6311fcee420
2022-06-28,ACB,HOSE,0.0,0.0,0.0,0.0,0.0,0.0,0.0,0.0,0.0,0.0,23800.0,24800.0,23700.0,24500.0,24170.0,HSX_FOREIGN_API,HOSE_SYMBOL_LEVEL,VND,2026-08-25T01:39:52Z,ff_hsx_symbol_daily_v1,09d35bbbac708ba348308d7888826dd8f1c44a64aa84a859771c6e557fff722c
2022-06-29,ACB,HOSE,0.0,0.0,0.0,0.0,0.0,0.0,0.0,0.0,0.0,0.0,24200.0,24500.0,24000.0,24200.0,24300.0,HSX_FOREIGN_API,HOSE_SYMBOL_LEVEL,VND,2026-08-25T01:39:52Z,ff_hsx_symbol_daily_v1,c4b629ed7e898378065e98c6443ab4760c7c0ca924063c40b340472d9fe54ee3
2022-06-30,ACB,HOSE,0.0,0.0,0.0,0.0,0.0,0.0,0.0,0.0,0.0,0.0,24500.0,24500.0,23950.0,24000.0,24180.0,HSX_FOREIGN_API,HOSE_SYMBOL_LEVEL,VND,2026-08-25T01:39:52Z,ff_hsx_symbol_daily_v1,4e9782da5bd1768cd82339e8eebcaba6ea43c7bee9598440badbd16e66c82fd2
2022-07-01,ACB,HOSE,0.0,0.0,0.0,0.0,0.0,0.0,0.0,0.0,0.0,0.0,23850.0,24050.0,23500.0,24050.0,23780.0,HSX_FOREIGN_API,HOSE_SYMBOL_LEVEL,VND,2026-08-25T01:39:52Z,ff_hsx_symbol_daily_v1,f8e128245423908fb7ba295ee80fb477616e1f648c2ab65384ed226aa20de60e
2022-07-04,ACB,HOSE,0.0,0.0,0.0,0.0,0.0,0.0,0.0,0.0,0.0,0.0,24400.0,24500.0,24000.0,24250.0,24210.0,HSX_FOREIGN_API,HOSE_SYMBOL_LEVEL,VND,2026-08-25T01:39:52Z,ff_hsx_symbol_daily_v1,27f9d9e7e80ae061ea364513361e54e8f0719137da31eb9af6c71e2508001636
2022-07-05,ACB,HOSE,14400400000.0,14400400000.0,0.0,556000.0,556000.0,0.0,14400400000.0,14400400000.0,556000.0,556000.0,24450.0,24600.0,24250.0,24450.0,24480.0,HSX_FOREIGN_API,HOSE_SYMBOL_LEVEL,VND,2026-08-25T01:39:52Z,ff_hsx_symbol_daily_v1,d7c22e6fde6a885e67d26c3fc6dbb62aeee42da718d9a8b5b253176b95a85915
2022-07-06,ACB,HOSE,0.0,0.0,0.0,0.0,0.0,0.0,0.0,0.0,0.0,0.0,24400.0,24500.0,23600.0,24200.0,24200.0,HSX_FOREIGN_API,HOSE_SYMBOL_LEVEL,VND,2026-08-25T01:39:52Z,ff_hsx_symbol_daily_v1,d358e0ead6908c7d8bb025928b7cbbd00bdd5a4c6110dbf0a7ecd3b7245146e4
2022-07-07,ACB,HOSE,0.0,728300000.0,-728300000.0,0.0,30000.0,-30000.0,0.0,0.0,0.0,0.0,24300.0,24500.0,24100.0,24150.0,24270.0,HSX_FOREIGN_API,HOSE_SYMBOL_LEVEL,VND,2026-08-25T01:39:52Z,ff_hsx_symbol_daily_v1,aab3897ccbca6fcaeb87d1ca1f4cbb1fd3bb1ad4732c65ffe2c33a66c44e4856
2022-07-08,ACB,HOSE,0.0,0.0,0.0,0.0,0.0,0.0,0.0,0.0,0.0,0.0,24200.0,24400.0,24000.0,24000.0,24140.0,HSX_FOREIGN_API,HOSE_SYMBOL_LEVEL,VND,2026-08-25T01:39:52Z,ff_hsx_symbol_daily_v1,d72fe0da43b81cd9afcd54fed32e0e5b16c562180aaa7559e63eeb94e7b5c63a
2022-07-11,ACB,HOSE,0.0,0.0,0.0,0.0,0.0,0.0,0.0,0.0,0.0,0.0,23850.0,24000.0,23500.0,23500.0,23700.0,HSX_FOREIGN_API,HOSE_SYMBOL_LEVEL,VND,2026-08-25T01:39:52Z,ff_hsx_symbol_daily_v1,ffd7dadfbd97100ae3ad3dc534e7fa9428d76b03e5d4625b57217ac183a427e1
2022-07-12,ACB,HOSE,750490000.0,0.0,750490000.0,29900.0,0.0,29900.0,750490000.0,0.0,29900.0,0.0,23600.0,24000.0,23500.0,24000.0,23740.0,HSX_FOREIGN_API,HOSE_SYMBOL_LEVEL,VND,2026-08-25T01:39:52Z,ff_hsx_symbol_daily_v1,7c1fc459ad7861d0edb703e2d2eb7e484f991d94d5ed1dee08e1e79535c8343c
2022-07-13,ACB,HOSE,0.0,0.0,0.0,0.0,0.0,0.0,0.0,0.0,0.0,0.0,24000.0,24400.0,23800.0,24000.0,24050.0,HSX_FOREIGN_API,HOSE_SYMBOL_LEVEL,VND,2026-08-25T01:39:52Z,ff_hsx_symbol_daily_v1,d5ff37bba913a79d9f54f455ed29ac37819c40447fce74811c1b965e80a87c8d
2022-07-14,ACB,HOSE,0.0,0.0,0.0,0.0,0.0,0.0,0.0,0.0,0.0,0.0,23800.0,24150.0,23800.0,24050.0,24060.0,HSX_FOREIGN_API,HOSE_SYMBOL_LEVEL,VND,2026-08-25T01:39:52Z,ff_hsx_symbol_daily_v1,ed859972abbd0df94661b144f3f846571b9eaba97de053e153ba0af9f06aaab9
2022-07-15,ACB,HOSE,7437580000.0,7437580000.0,0.0,289400.0,289400.0,0.0,7437580000.0,7437580000.0,289400.0,289400.0,24250.0,24450.0,24000.0,24000.0,24210.0,HSX_FOREIGN_API,HOSE_SYMBOL_LEVEL,VND,2026-08-25T01:39:52Z,ff_hsx_symbol_daily_v1,530b5fc3d6ffeae00be2efaac080a0ca98147f30645fcdfe47e9941599664df2
2022-07-18,ACB,HOSE,0.0,0.0,0.0,0.0,0.0,0.0,0.0,0.0,0.0,0.0,24100.0,24200.0,23900.0,23900.0,24020.0,HSX_FOREIGN_API,HOSE_SYMBOL_LEVEL,VND,2026-08-25T01:39:52Z,ff_hsx_symbol_daily_v1,c1a937881542d8caad20d99df1385450ebc54bb1dcaf9ae69dbd2b78b0b5ed8b
2022-07-19,ACB,HOSE,0.0,0.0,0.0,0.0,0.0,0.0,0.0,0.0,0.0,0.0,23900.0,23950.0,23800.0,23900.0,23860.0,HSX_FOREIGN_API,HOSE_SYMBOL_LEVEL,VND,2026-08-25T01:39:52Z,ff_hsx_symbol_daily_v1,f319aee4ecdf1d9a58644481332e474d56cc9439450b80f77efd7890f14712e9
2022-07-20,ACB,HOSE,0.0,0.0,0.0,0.0,0.0,0.0,0.0,0.0,0.0,0.0,24100.0,24350.0,23900.0,24300.0,24150.0,HSX_FOREIGN_API,HOSE_SYMBOL_LEVEL,VND,2026-08-25T01:39:52Z,ff_hsx_symbol_daily_v1,9684bbce63d2946df2264ca29cbc8ac2b03e20c23c0109080d8be58d7b794295
2022-07-21,ACB,HOSE,0.0,83640000.0,-83640000.0,0.0,3400.0,-3400.0,0.0,0.0,0.0,0.0,24300.0,24900.0,24200.0,24650.0,24600.0,HSX_FOREIGN_API,HOSE_SYMBOL_LEVEL,VND,2026-08-25T01:39:52Z,ff_hsx_symbol_daily_v1,83ece3eafa8c315650ec155a66d19902d6ea38c6a0b5155273c0c34a1efb7ae1
2022-07-22,ACB,HOSE,3663466850.0,3663466850.0,0.0,139031.0,139031.0,0.0,3663466850.0,3663466850.0,139031.0,139031.0,24650.0,24800.0,24350.0,24350.0,24600.0,HSX_FOREIGN_API,HOSE_SYMBOL_LEVEL,VND,2026-08-25T01:39:52Z,ff_hsx_symbol_daily_v1,1d3767f1d049100ee62ed4ec5d2ee10b60ecb20cce86477da827205380724c9e
2022-07-25,ACB,HOSE,0.0,0.0,0.0,0.0,0.0,0.0,0.0,0.0,0.0,0.0,24200.0,24400.0,23900.0,24050.0,24170.0,HSX_FOREIGN_API,HOSE_SYMBOL_LEVEL,VND,2026-08-25T01:39:52Z,ff_hsx_symbol_daily_v1,9a50554c579a5dbf2f6baddee205057d7331be1b2cf3b242ee5d143fa9b3f353
2022-07-26,ACB,HOSE,81600000.0,0.0,81600000.0,3400.0,0.0,3400.0,0.0,0.0,0.0,0.0,24000.0,24250.0,24000.0,24050.0,24130.0,HSX_FOREIGN_API,HOSE_SYMBOL_LEVEL,VND,2026-08-25T01:39:52Z,ff_hsx_symbol_daily_v1,65ce4118f6d3fe639f6162a9154f98194bbafd4d234b5056c88f9fe2083f7820
2022-07-27,ACB,HOSE,0.0,0.0,0.0,0.0,0.0,0.0,0.0,0.0,0.0,0.0,24000.0,24200.0,23950.0,24200.0,24110.0,HSX_FOREIGN_API,HOSE_SYMBOL_LEVEL,VND,2026-08-25T01:39:52Z,ff_hsx_symbol_daily_v1,fc8a086ac66750468a20437e4b50791c59ebe6f4c82e14cd1de1c4646e44accb
2022-07-28,ACB,HOSE,0.0,0.0,0.0,0.0,0.0,0.0,0.0,0.0,0.0,0.0,24700.0,24700.0,24400.0,24450.0,24560.0,HSX_FOREIGN_API,HOSE_SYMBOL_LEVEL,VND,2026-08-25T01:39:52Z,ff_hsx_symbol_daily_v1,8363e3fa0927330a839900de0fea9a4cb58912881cfe2a55cb0d8bb99168b877
2022-07-29,ACB,HOSE,0.0,0.0,0.0,0.0,0.0,0.0,0.0,0.0,0.0,0.0,24550.0,24700.0,24450.0,24600.0,24590.0,HSX_FOREIGN_API,HOSE_SYMBOL_LEVEL,VND,2026-08-25T01:39:52Z,ff_hsx_symbol_daily_v1,d933f7aeed78491d1edf2c274c58d52df2db95ad3387e77e6c2b20ce02f7da3e
2022-08-01,ACB,HOSE,0.0,0.0,0.0,0.0,0.0,0.0,0.0,0.0,0.0,0.0,24650.0,25000.0,24500.0,25000.0,24770.0,HSX_FOREIGN_API,HOSE_SYMBOL_LEVEL,VND,2026-08-25T01:39:52Z,ff_hsx_symbol_daily_v1,20819bcc1e9c34bd1cb89af72b4ae846a0716a8515d88f63116340697d4a2f8b
2022-08-02,ACB,HOSE,0.0,0.0,0.0,0.0,0.0,0.0,0.0,0.0,0.0,0.0,25000.0,25050.0,24700.0,24900.0,24850.0,HSX_FOREIGN_API,HOSE_SYMBOL_LEVEL,VND,2026-08-25T01:39:52Z,ff_hsx_symbol_daily_v1,fac0a5931af737ed2c73ec24571252c4de2e7c73ab2d4500fb92d1cad5879194
2022-08-03,ACB,HOSE,0.0,0.0,0.0,0.0,0.0,0.0,0.0,0.0,0.0,0.0,25000.0,25050.0,24700.0,24950.0,24870.0,HSX_FOREIGN_API,HOSE_SYMBOL_LEVEL,VND,2026-08-25T01:39:52Z,ff_hsx_symbol_daily_v1,9d3df92058068807ab38ecf23703d700083a6fd53c167a35234096718224cf3a
2022-08-04,ACB,HOSE,0.0,0.0,0.0,0.0,0.0,0.0,0.0,0.0,0.0,0.0,25000.0,25250.0,24900.0,25000.0,25030.0,HSX_FOREIGN_API,HOSE_SYMBOL_LEVEL,VND,2026-08-25T01:39:52Z,ff_hsx_symbol_daily_v1,dbfe09b2e957257f818fbfbb5cb00952d3f7d4a6a2acb7576177c6623cad209e
2022-08-05,ACB,HOSE,2675000000.0,2675000000.0,0.0,100000.0,100000.0,0.0,2675000000.0,2675000000.0,100000.0,100000.0,25000.0,25000.0,24500.0,24850.0,24730.0,HSX_FOREIGN_API,HOSE_SYMBOL_LEVEL,VND,2026-08-25T01:39:52Z,ff_hsx_symbol_daily_v1,7a7d5632232403160c1eeeec577e8fae36101e1d44ac8075263c59f229c1b70c
2022-08-08,ACB,HOSE,0.0,0.0,0.0,0.0,0.0,0.0,0.0,0.0,0.0,0.0,24800.0,25000.0,24650.0,24750.0,24780.0,HSX_FOREIGN_API,HOSE_SYMBOL_LEVEL,VND,2026-08-25T01:39:52Z,ff_hsx_symbol_daily_v1,4deba24e9d97036d48e821c9e440140be02de2a9ed9bcd28bf9dad219b3a520f
2022-08-09,ACB,HOSE,5139235000.0,5139235000.0,0.0,194300.0,194300.0,0.0,5139235000.0,5139235000.0,194300.0,194300.0,24900.0,25000.0,24700.0,24950.0,24850.0,HSX_FOREIGN_API,HOSE_SYMBOL_LEVEL,VND,2026-08-25T01:39:52Z,ff_hsx_symbol_daily_v1,9ce159b449d4105cc180e9130b409526b97a03ca08ed08b53785ad46a5369940
2022-08-10,ACB,HOSE,0.0,0.0,0.0,0.0,0.0,0.0,0.0,0.0,0.0,0.0,24950.0,25050.0,24750.0,24850.0,24890.0,HSX_FOREIGN_API,HOSE_SYMBOL_LEVEL,VND,2026-08-25T01:39:52Z,ff_hsx_symbol_daily_v1,51680df46a89cd8fd503ea40712da9995c077773a4cede8b477f29d1edf7e1b0
2022-08-11,ACB,HOSE,0.0,0.0,0.0,0.0,0.0,0.0,0.0,0.0,0.0,0.0,25000.0,25100.0,24700.0,24750.0,24930.0,HSX_FOREIGN_API,HOSE_SYMBOL_LEVEL,VND,2026-08-25T01:39:52Z,ff_hsx_symbol_daily_v1,45b7c9a2d777d3ff8f12e6fde8582f9337b04c75b4c4c9c9a23855aea316fdcb
2022-08-12,ACB,HOSE,0.0,0.0,0.0,0.0,0.0,0.0,0.0,0.0,0.0,0.0,24700.0,24850.0,24600.0,24800.0,24720.0,HSX_FOREIGN_API,HOSE_SYMBOL_LEVEL,VND,2026-08-25T01:39:52Z,ff_hsx_symbol_daily_v1,9bd4c73b2096e68f7f65e53ed7469026b769e47b868a3e1c56cce4e792ced49a
2022-08-15,ACB,HOSE,0.0,0.0,0.0,0.0,0.0,0.0,0.0,0.0,0.0,0.0,24900.0,25150.0,24800.0,24950.0,24930.0,HSX_FOREIGN_API,HOSE_SYMBOL_LEVEL,VND,2026-08-25T01:39:52Z,ff_hsx_symbol_daily_v1,bcd847410c9fb26205ffe88dec44d70effb5b085c5db9b6448f1483995e89e28
2022-08-16,ACB,HOSE,0.0,0.0,0.0,0.0,0.0,0.0,0.0,0.0,0.0,0.0,24900.0,24950.0,24650.0,24850.0,24780.0,HSX_FOREIGN_API,HOSE_SYMBOL_LEVEL,VND,2026-08-25T01:39:52Z,ff_hsx_symbol_daily_v1,53c4ddcb8b3cff0e99276fb9140ea29c733e21e752c9bc27e04adc15a08d43ce
2022-08-17,ACB,HOSE,0.0,0.0,0.0,0.0,0.0,0.0,0.0,0.0,0.0,0.0,24950.0,25000.0,24850.0,24950.0,24940.0,HSX_FOREIGN_API,HOSE_SYMBOL_LEVEL,VND,2026-08-25T01:39:52Z,ff_hsx_symbol_daily_v1,743fd017b6e665d67fcc656f49789e545b5edcd1d364436aecf75a3d982be10c
2022-08-18,ACB,HOSE,0.0,0.0,0.0,0.0,0.0,0.0,0.0,0.0,0.0,0.0,24950.0,25250.0,24800.0,25150.0,25070.0,HSX_FOREIGN_API,HOSE_SYMBOL_LEVEL,VND,2026-08-25T01:39:52Z,ff_hsx_symbol_daily_v1,828c2256b87503128c780279fac41fb45c5fc1e8aa01a5a1305a0791e2508724
2022-08-19,ACB,HOSE,0.0,0.0,0.0,0.0,0.0,0.0,0.0,0.0,0.0,0.0,25150.0,25150.0,24800.0,24850.0,24920.0,HSX_FOREIGN_API,HOSE_SYMBOL_LEVEL,VND,2026-08-25T01:39:52Z,ff_hsx_symbol_daily_v1,38bb7bfe1d3bd271947c27bcfe91cd623947a8dc3b094e849003a2c19a94f2ec
2022-08-22,ACB,HOSE,0.0,0.0,0.0,0.0,0.0,0.0,0.0,0.0,0.0,0.0,24800.0,24800.0,24600.0,24650.0,24680.0,HSX_FOREIGN_API,HOSE_SYMBOL_LEVEL,VND,2026-08-25T01:39:52Z,ff_hsx_symbol_daily_v1,08270f8fbaf2a20ebf735c8137cb71890555dbdf80b951ea4de9019299f35ecf
2022-08-23,ACB,HOSE,0.0,0.0,0.0,0.0,0.0,0.0,0.0,0.0,0.0,0.0,24350.0,24800.0,24200.0,24800.0,24420.0,HSX_FOREIGN_API,HOSE_SYMBOL_LEVEL,VND,2026-08-25T01:39:52Z,ff_hsx_symbol_daily_v1,aee87a16f798a704b52d3ee2dac8267d15691e5c9235915cbba9c421c2e92c8b
2022-08-24,ACB,HOSE,1287900000.0,1287900000.0,0.0,48600.0,48600.0,0.0,1287900000.0,1287900000.0,48600.0,48600.0,24700.0,24900.0,24650.0,24850.0,24750.0,HSX_FOREIGN_API,HOSE_SYMBOL_LEVEL,VND,2026-08-25T01:39:52Z,ff_hsx_symbol_daily_v1,1dab7b7c90f12df9267f0db5db76d35f7215b2079161f9e38ed9b7043e91aa19
2022-08-25,ACB,HOSE,0.0,0.0,0.0,0.0,0.0,0.0,0.0,0.0,0.0,0.0,24850.0,25000.0,24750.0,25000.0,24870.0,HSX_FOREIGN_API,HOSE_SYMBOL_LEVEL,VND,2026-08-25T01:39:52Z,ff_hsx_symbol_daily_v1,248673d2b59e9ca08236b575f1a465587eac454316f1670a3693e5f15e3babe6
2022-08-26,ACB,HOSE,0.0,0.0,0.0,0.0,0.0,0.0,0.0,0.0,0.0,0.0,25100.0,25300.0,24750.0,24800.0,25040.0,HSX_FOREIGN_API,HOSE_SYMBOL_LEVEL,VND,2026-08-25T01:39:52Z,ff_hsx_symbol_daily_v1,c6fb085251b696a7836ad46146634b8698febad21f5510baa2557060f2cb2166
2022-08-29,ACB,HOSE,0.0,0.0,0.0,0.0,0.0,0.0,0.0,0.0,0.0,0.0,24450.0,24700.0,24300.0,24550.0,24460.0,HSX_FOREIGN_API,HOSE_SYMBOL_LEVEL,VND,2026-08-25T01:39:52Z,ff_hsx_symbol_daily_v1,428c18618ea318e865e583658f6f716c530e9009b5f95787ae5ce18087d583ba
2022-08-30,ACB,HOSE,0.0,0.0,0.0,0.0,0.0,0.0,0.0,0.0,0.0,0.0,24600.0,24850.0,24550.0,24550.0,24670.0,HSX_FOREIGN_API,HOSE_SYMBOL_LEVEL,VND,2026-08-25T01:39:52Z,ff_hsx_symbol_daily_v1,cfb2fb2e9c847527d5be66110c2e0a16a4df817e74a11bb29307eb082c8d3e88
2022-08-31,ACB,HOSE,0.0,0.0,0.0,0.0,0.0,0.0,0.0,0.0,0.0,0.0,24550.0,24750.0,24550.0,24650.0,24620.0,HSX_FOREIGN_API,HOSE_SYMBOL_LEVEL,VND,2026-08-25T01:39:52Z,ff_hsx_symbol_daily_v1,736c489aa8bd230a42301ef2722fe9f1429a07bcc61598870c501811447f6004
2022-09-05,ACB,HOSE,756245000.0,756245000.0,0.0,28700.0,28700.0,0.0,756245000.0,756245000.0,28700.0,28700.0,24550.0,24750.0,24450.0,24500.0,24560.0,HSX_FOREIGN_API,HOSE_SYMBOL_LEVEL,VND,2026-08-25T01:39:52Z,ff_hsx_symbol_daily_v1,5e62283ca48c9139ab4cd1aac8b6f3802d3977ed17d907b06daf9d7ac0ff04b7
2022-09-06,ACB,HOSE,0.0,0.0,0.0,0.0,0.0,0.0,0.0,0.0,0.0,0.0,24500.0,24700.0,24450.0,24650.0,24570.0,HSX_FOREIGN_API,HOSE_SYMBOL_LEVEL,VND,2026-08-25T01:39:52Z,ff_hsx_symbol_daily_v1,e6f85c0dfb198ec625394b5e65c083bd5937497f6a391dd322534d7bf7afd597
2022-09-07,ACB,HOSE,0.0,0.0,0.0,0.0,0.0,0.0,0.0,0.0,0.0,0.0,24500.0,24600.0,24300.0,24300.0,24450.0,HSX_FOREIGN_API,HOSE_SYMBOL_LEVEL,VND,2026-08-25T01:39:52Z,ff_hsx_symbol_daily_v1,8834135320d8a3ed7c8220aad1927d1642af9b5a6af27046503db27ff0f94647
2022-09-08,ACB,HOSE,0.0,0.0,0.0,0.0,0.0,0.0,0.0,0.0,0.0,0.0,24400.0,24450.0,24000.0,24000.0,24190.0,HSX_FOREIGN_API,HOSE_SYMBOL_LEVEL,VND,2026-08-25T01:39:52Z,ff_hsx_symbol_daily_v1,5dd2e0ae5fb8ab789c37f1ccd2129e10d771f6b3833e8dd4b244988eef6e884f
2022-09-09,ACB,HOSE,0.0,0.0,0.0,0.0,0.0,0.0,0.0,0.0,0.0,0.0,24200.0,24200.0,23750.0,24000.0,23930.0,HSX_FOREIGN_API,HOSE_SYMBOL_LEVEL,VND,2026-08-25T01:39:52Z,ff_hsx_symbol_daily_v1,828ed1e9777cc93eb740440d1c2d4a1725494e9e6040b4e2a16724759240ae76
2022-09-12,ACB,HOSE,0.0,3515600.0,-3515600.0,0.0,147.0,-147.0,0.0,0.0,0.0,0.0,24000.0,24200.0,23750.0,23750.0,23910.0,HSX_FOREIGN_API,HOSE_SYMBOL_LEVEL,VND,2026-08-25T01:39:52Z,ff_hsx_symbol_daily_v1,2f3c6baa3f48064fe4b3b5e0dcec630d866edead4e9a8b2862d8b55e3dfa8785
2022-09-13,ACB,HOSE,0.0,0.0,0.0,0.0,0.0,0.0,0.0,0.0,0.0,0.0,23900.0,24000.0,23600.0,23800.0,23820.0,HSX_FOREIGN_API,HOSE_SYMBOL_LEVEL,VND,2026-08-25T01:39:52Z,ff_hsx_symbol_daily_v1,4c28e2a79958eabc407a448eabafb1f9651e6394d896889925f580336ad57276
2022-09-14,ACB,HOSE,0.0,0.0,0.0,0.0,0.0,0.0,0.0,0.0,0.0,0.0,23500.0,23600.0,23350.0,23500.0,23430.0,HSX_FOREIGN_API,HOSE_SYMBOL_LEVEL,VND,2026-08-25T01:39:52Z,ff_hsx_symbol_daily_v1,e74be214948802002390b47dc010b15363ff2bc8248e6da93a89dc704de1166c
2022-09-15,ACB,HOSE,3460900.0,0.0,3460900.0,147.0,0.0,147.0,0.0,0.0,0.0,0.0,23600.0,23600.0,23450.0,23550.0,23510.0,HSX_FOREIGN_API,HOSE_SYMBOL_LEVEL,VND,2026-08-25T01:39:52Z,ff_hsx_symbol_daily_v1,850fe1c4ff620e2df00dd65336866b32fc6fc23295a9ec5315adf28da6f0b1d7
2022-09-16,ACB,HOSE,0.0,0.0,0.0,0.0,0.0,0.0,0.0,0.0,0.0,0.0,23500.0,23600.0,23100.0,23150.0,23260.0,HSX_FOREIGN_API,HOSE_SYMBOL_LEVEL,VND,2026-08-25T01:39:52Z,ff_hsx_symbol_daily_v1,a11a131daac01a0f56c41336fdd8bdf88bbadab514c3e24d55e910da9f384278
2022-09-19,ACB,HOSE,14231250000.0,14231250000.0,0.0,575000.0,575000.0,0.0,14231250000.0,14231250000.0,575000.0,575000.0,23150.0,23200.0,22700.0,22850.0,22890.0,HSX_FOREIGN_API,HOSE_SYMBOL_LEVEL,VND,2026-08-25T01:39:52Z,ff_hsx_symbol_daily_v1,6fe707d83a0c6395b5788258429ac1533da69383b0ed621ca9372ca5fe886b5f
2022-09-20,ACB,HOSE,0.0,2125050.0,-2125050.0,0.0,93.0,-93.0,0.0,0.0,0.0,0.0,22900.0,22950.0,22600.0,22900.0,22770.0,HSX_FOREIGN_API,HOSE_SYMBOL_LEVEL,VND,2026-08-25T01:39:52Z,ff_hsx_symbol_daily_v1,20564c515f5a5f0b3fb5a91a76a9ff40570c25ab5e51c363172a44afc301e49a
2022-09-21,ACB,HOSE,0.0,0.0,0.0,0.0,0.0,0.0,0.0,0.0,0.0,0.0,22850.0,22850.0,22600.0,22600.0,22670.0,HSX_FOREIGN_API,HOSE_SYMBOL_LEVEL,VND,2026-08-25T01:39:52Z,ff_hsx_symbol_daily_v1,6ab90929cef497d1ccafc0ecd728d81edda82008391da8a62bcaaddabbfcccb0
2022-09-22,ACB,HOSE,0.0,0.0,0.0,0.0,0.0,0.0,0.0,0.0,0.0,0.0,22500.0,22800.0,22500.0,22800.0,22630.0,HSX_FOREIGN_API,HOSE_SYMBOL_LEVEL,VND,2026-08-25T01:39:52Z,ff_hsx_symbol_daily_v1,eb4fd9a1c640827ab455f1116b65dedd1af1ee92d582472b65db30d6be0c0f74
2022-09-23,ACB,HOSE,2129700.0,0.0,2129700.0,93.0,0.0,93.0,0.0,0.0,0.0,0.0,22650.0,22950.0,22600.0,22600.0,22730.0,HSX_FOREIGN_API,HOSE_SYMBOL_LEVEL,VND,2026-08-25T01:39:52Z,ff_hsx_symbol_daily_v1,e3f99875dcf55d048c239df0d07c51862f4b1175ceeb39178fb46c764604e930
2022-09-26,ACB,HOSE,0.0,0.0,0.0,0.0,0.0,0.0,0.0,0.0,0.0,0.0,22400.0,22500.0,21800.0,22200.0,22200.0,HSX_FOREIGN_API,HOSE_SYMBOL_LEVEL,VND,2026-08-25T01:39:52Z,ff_hsx_symbol_daily_v1,23cc8d3f0b98981599696cd2b482636082d21a634d9767b6f85210c508ddc4e1
2022-09-27,ACB,HOSE,0.0,0.0,0.0,0.0,0.0,0.0,0.0,0.0,0.0,0.0,22200.0,22450.0,22100.0,22400.0,22290.0,HSX_FOREIGN_API,HOSE_SYMBOL_LEVEL,VND,2026-08-25T01:39:52Z,ff_hsx_symbol_daily_v1,c116aa51cdc9b48125a5bcdbc83f9bde5fa2580059b0ab50b3109c202b589c1a
2022-09-28,ACB,HOSE,0.0,0.0,0.0,0.0,0.0,0.0,0.0,0.0,0.0,0.0,22050.0,22250.0,21950.0,22000.0,22040.0,HSX_FOREIGN_API,HOSE_SYMBOL_LEVEL,VND,2026-08-25T01:39:52Z,ff_hsx_symbol_daily_v1,d8a5b7ca97f248eec25a509e6c0d2e9c5bf461b0190a3d65757d9e6c8797e28c
2022-09-29,ACB,HOSE,2272450000.0,2272450000.0,0.0,96700.0,96700.0,0.0,2272450000.0,2272450000.0,96700.0,96700.0,22150.0,22150.0,21900.0,22000.0,22010.0,HSX_FOREIGN_API,HOSE_SYMBOL_LEVEL,VND,2026-08-25T01:39:52Z,ff_hsx_symbol_daily_v1,c4b717dd5287e06cc279988790a518306f9ed2682c558ae8bf409a7153e33d32
2022-09-30,ACB,HOSE,0.0,0.0,0.0,0.0,0.0,0.0,0.0,0.0,0.0,0.0,22000.0,22450.0,21850.0,22200.0,22130.0,HSX_FOREIGN_API,HOSE_SYMBOL_LEVEL,VND,2026-08-25T01:39:52Z,ff_hsx_symbol_daily_v1,befb80d0624e673e2e03a3b22491c2101fa0573e91f65b2157368448823fea12
2022-10-03,ACB,HOSE,11875000000.0,11875000000.0,0.0,500000.0,500000.0,0.0,11875000000.0,11875000000.0,500000.0,500000.0,22050.0,22300.0,21300.0,21600.0,22020.0,HSX_FOREIGN_API,HOSE_SYMBOL_LEVEL,VND,2026-08-25T01:39:52Z,ff_hsx_symbol_daily_v1,883bb01a629849613b609cb3f5ba455ef51b4f05aebb8dd02c2fd9ef91ca3561
2022-10-04,ACB,HOSE,0.0,0.0,0.0,0.0,0.0,0.0,0.0,0.0,0.0,0.0,21700.0,21950.0,21000.0,21000.0,21710.0,HSX_FOREIGN_API,HOSE_SYMBOL_LEVEL,VND,2026-08-25T01:39:52Z,ff_hsx_symbol_daily_v1,5b618926d1e8986e05f2864d4abcead0bca0113fa50c9fce5a55b317e897ef05
2022-10-05,ACB,HOSE,0.0,0.0,0.0,0.0,0.0,0.0,0.0,0.0,0.0,0.0,21100.0,21450.0,20800.0,20800.0,21180.0,HSX_FOREIGN_API,HOSE_SYMBOL_LEVEL,VND,2026-08-25T01:39:52Z,ff_hsx_symbol_daily_v1,c7032d90c87fab339d12a0dfc49b72f635e172f207391b7bcb545b5923602e3e
2022-10-06,ACB,HOSE,0.0,0.0,0.0,0.0,0.0,0.0,0.0,0.0,0.0,0.0,20850.0,21200.0,20000.0,20000.0,20490.0,HSX_FOREIGN_API,HOSE_SYMBOL_LEVEL,VND,2026-08-25T01:39:52Z,ff_hsx_symbol_daily_v1,2770b48290ad998c8eaed64bddad6dcbac58fcdf4506565cd2b83a4d924bcc78
2022-10-07,ACB,HOSE,0.0,0.0,0.0,0.0,0.0,0.0,0.0,0.0,0.0,0.0,19550.0,19900.0,18600.0,18650.0,18880.0,HSX_FOREIGN_API,HOSE_SYMBOL_LEVEL,VND,2026-08-25T01:39:52Z,ff_hsx_symbol_daily_v1,c8c8818d2655d43264dee64ff4df7bbc8c1be893bc2e11c105213573fe6c2f2f
2022-10-10,ACB,HOSE,0.0,1880000.0,-1880000.0,0.0,100.0,-100.0,0.0,0.0,0.0,0.0,18200.0,19100.0,18200.0,18700.0,18710.0,HSX_FOREIGN_API,HOSE_SYMBOL_LEVEL,VND,2026-08-25T01:39:52Z,ff_hsx_symbol_daily_v1,7a3f07d5a4157463877ef626ba2b71d2c738771d43b97c46c8d74812361775da
2022-10-11,ACB,HOSE,0.0,0.0,0.0,0.0,0.0,0.0,0.0,0.0,0.0,0.0,18700.0,18700.0,17450.0,17500.0,18030.0,HSX_FOREIGN_API,HOSE_SYMBOL_LEVEL,VND,2026-08-25T01:39:52Z,ff_hsx_symbol_daily_v1,542d4a2f06636733c0f6f3836cfa40e14a07e1d9111317442301a33c47408b1b
2022-10-12,ACB,HOSE,0.0,0.0,0.0,0.0,0.0,0.0,0.0,0.0,0.0,0.0,17900.0,18700.0,17800.0,18700.0,18500.0,HSX_FOREIGN_API,HOSE_SYMBOL_LEVEL,VND,2026-08-25T01:39:52Z,ff_hsx_symbol_daily_v1,e980d96406c059ab8e50a5ff69d5faac10d1a3ceba8beec3926f3ba3021eb274
2022-10-13,ACB,HOSE,1870000.0,0.0,1870000.0,100.0,0.0,100.0,0.0,0.0,0.0,0.0,18700.0,19950.0,18500.0,19950.0,19290.0,HSX_FOREIGN_API,HOSE_SYMBOL_LEVEL,VND,2026-08-25T01:39:52Z,ff_hsx_symbol_daily_v1,3257bdb9af39807672fc8ac830b29be5e61e25c774c6e2b01591d5383d1d74b8
2022-10-14,ACB,HOSE,0.0,0.0,0.0,0.0,0.0,0.0,0.0,0.0,0.0,0.0,20500.0,20900.0,20200.0,20850.0,20730.0,HSX_FOREIGN_API,HOSE_SYMBOL_LEVEL,VND,2026-08-25T01:39:52Z,ff_hsx_symbol_daily_v1,b7be18703b700348c97b4b608d5a88c9a0848fcf7075eba03836dcea1d10284b
2022-10-17,ACB,HOSE,0.0,0.0,0.0,0.0,0.0,0.0,0.0,0.0,0.0,0.0,20300.0,21000.0,20250.0,20950.0,20500.0,HSX_FOREIGN_API,HOSE_SYMBOL_LEVEL,VND,2026-08-25T01:39:52Z,ff_hsx_symbol_daily_v1,eec51dbe597327e72c7705912ae5d83be37414bc5aacdb173f3b5834d8dbad1a
2022-10-18,ACB,HOSE,0.0,0.0,0.0,0.0,0.0,0.0,0.0,0.0,0.0,0.0,21300.0,21500.0,21100.0,21400.0,21320.0,HSX_FOREIGN_API,HOSE_SYMBOL_LEVEL,VND,2026-08-25T01:39:52Z,ff_hsx_symbol_daily_v1,25a6e4a7696e95077414d34d6983eff3a70a228245756970357df0e5164d9a93
2022-10-19,ACB,HOSE,0.0,0.0,0.0,0.0,0.0,0.0,0.0,0.0,0.0,0.0,21600.0,21600.0,21000.0,21100.0,21260.0,HSX_FOREIGN_API,HOSE_SYMBOL_LEVEL,VND,2026-08-25T01:39:52Z,ff_hsx_symbol_daily_v1,946bd1084103f38af904c081d7e13731ba0786a821a4176058dc1631d66e1453
2022-10-20,ACB,HOSE,13971822150.0,13971822150.0,0.0,619593.0,619593.0,0.0,13971822150.0,13971822150.0,619593.0,619593.0,21100.0,21500.0,20700.0,21350.0,21160.0,HSX_FOREIGN_API,HOSE_SYMBOL_LEVEL,VND,2026-08-25T01:39:52Z,ff_hsx_symbol_daily_v1,139fa599fd814561603abf5839031b36b8dd3b46336c4776d4fb1fc2a27851d1
2022-10-21,ACB,HOSE,0.0,0.0,0.0,0.0,0.0,0.0,0.0,0.0,0.0,0.0,21350.0,21350.0,20250.0,20400.0,20680.0,HSX_FOREIGN_API,HOSE_SYMBOL_LEVEL,VND,2026-08-25T01:39:52Z,ff_hsx_symbol_daily_v1,35567dc94d75fce2651a597a7b6b626449ad3f27d55d1a6394de8ccee904ca17
2022-10-24,ACB,HOSE,130800000000.0,130800000000.0,0.0,6000000.0,6000000.0,0.0,130800000000.0,130800000000.0,6000000.0,6000000.0,20450.0,20500.0,19200.0,19500.0,19990.0,HSX_FOREIGN_API,HOSE_SYMBOL_LEVEL,VND,2026-08-25T01:39:52Z,ff_hsx_symbol_daily_v1,2c5d7048366298fe1adf542171e52365950c3cf880d57e21d68467db52ac92df
2022-10-25,ACB,HOSE,0.0,0.0,0.0,0.0,0.0,0.0,0.0,0.0,0.0,0.0,19700.0,20850.0,19150.0,20400.0,20080.0,HSX_FOREIGN_API,HOSE_SYMBOL_LEVEL,VND,2026-08-25T01:39:52Z,ff_hsx_symbol_daily_v1,10a2f13c230557c219fceadaa1e254278c1678efac6437427176162143f190dc
2022-10-26,ACB,HOSE,0.0,0.0,0.0,0.0,0.0,0.0,0.0,0.0,0.0,0.0,20600.0,20900.0,20200.0,20650.0,20570.0,HSX_FOREIGN_API,HOSE_SYMBOL_LEVEL,VND,2026-08-25T01:39:52Z,ff_hsx_symbol_daily_v1,7fb67da039d3499f7172b8e1d19892056fa240264b23f1bd01595c7e74d77f48
2022-10-27,ACB,HOSE,0.0,0.0,0.0,0.0,0.0,0.0,0.0,0.0,0.0,0.0,20700.0,22050.0,20500.0,22050.0,21550.0,HSX_FOREIGN_API,HOSE_SYMBOL_LEVEL,VND,2026-08-25T01:39:52Z,ff_hsx_symbol_daily_v1,9497ed4350ee4c48f1855839f36c41116b07d6fe53908717f9a02562cfe6e16b
2022-10-28,ACB,HOSE,0.0,16156500.0,-16156500.0,0.0,720.0,-720.0,0.0,0.0,0.0,0.0,22400.0,22550.0,22050.0,22300.0,22300.0,HSX_FOREIGN_API,HOSE_SYMBOL_LEVEL,VND,2026-08-25T01:39:52Z,ff_hsx_symbol_daily_v1,e21634b83da56c7d48e0010ac57d1ccfb0ae1c92f7bf28f7693a450f9373bda1
2022-10-31,ACB,HOSE,0.0,0.0,0.0,0.0,0.0,0.0,0.0,0.0,0.0,0.0,22350.0,22500.0,21650.0,22400.0,22150.0,HSX_FOREIGN_API,HOSE_SYMBOL_LEVEL,VND,2026-08-25T01:39:52Z,ff_hsx_symbol_daily_v1,582e6894059b506c324911e7c3e64e06c42f4130b4d58b2a581d9048f10f7bae
2022-11-01,ACB,HOSE,0.0,0.0,0.0,0.0,0.0,0.0,0.0,0.0,0.0,0.0,22500.0,23000.0,22350.0,22450.0,22700.0,HSX_FOREIGN_API,HOSE_SYMBOL_LEVEL,VND,2026-08-25T01:39:52Z,ff_hsx_symbol_daily_v1,56fd51851cc87a706d187e17ae04d01a6b7c4556e812fd3dc68c831f8415a76c
2022-11-02,ACB,HOSE,0.0,15700000.0,-15700000.0,0.0,720.0,-720.0,0.0,0.0,0.0,0.0,22400.0,22450.0,21800.0,21800.0,22010.0,HSX_FOREIGN_API,HOSE_SYMBOL_LEVEL,VND,2026-08-25T01:39:52Z,ff_hsx_symbol_daily_v1,c5905c50a0c94b9a9b7fae2790564e180b1cc2cddc46cd0fe38d0a970f7bc797
2022-11-03,ACB,HOSE,0.0,0.0,0.0,0.0,0.0,0.0,0.0,0.0,0.0,0.0,21500.0,22000.0,21350.0,21350.0,21600.0,HSX_FOREIGN_API,HOSE_SYMBOL_LEVEL,VND,2026-08-25T01:39:52Z,ff_hsx_symbol_daily_v1,cc3a74604f5c5511e1515d342b92cc1828d428197cae14a1250f6be5521b8ded
2022-11-04,ACB,HOSE,0.0,0.0,0.0,0.0,0.0,0.0,0.0,0.0,0.0,0.0,21350.0,21400.0,19950.0,20150.0,20350.0,HSX_FOREIGN_API,HOSE_SYMBOL_LEVEL,VND,2026-08-25T01:39:52Z,ff_hsx_symbol_daily_v1,cf46233f897626ce2f5ba25616252c46322d9696c2f75fde306e993d3b0df9e1
2022-11-07,ACB,HOSE,15046000.0,0.0,15046000.0,720.0,0.0,720.0,0.0,0.0,0.0,0.0,20900.0,21000.0,20200.0,20650.0,20610.0,HSX_FOREIGN_API,HOSE_SYMBOL_LEVEL,VND,2026-08-25T01:39:52Z,ff_hsx_symbol_daily_v1,8451f276678bc072803fdb4d1934c4304560ab2e9a190d917fa55e92184a88b6
2022-11-08,ACB,HOSE,0.0,0.0,0.0,0.0,0.0,0.0,0.0,0.0,0.0,0.0,20600.0,21750.0,20150.0,21300.0,21140.0,HSX_FOREIGN_API,HOSE_SYMBOL_LEVEL,VND,2026-08-25T01:39:52Z,ff_hsx_symbol_daily_v1,262c932194610bf792dabab6b475610e9ae3115bc4b17d4f4ce0df5a3806557a
2022-11-09,ACB,HOSE,0.0,0.0,0.0,0.0,0.0,0.0,0.0,0.0,0.0,0.0,21400.0,21700.0,20700.0,20750.0,21290.0,HSX_FOREIGN_API,HOSE_SYMBOL_LEVEL,VND,2026-08-25T01:39:52Z,ff_hsx_symbol_daily_v1,d8b1e3c87b6cf4c1273d5dca57787c524151bf33ba9153db64169c46adf31638
2022-11-10,ACB,HOSE,0.0,0.0,0.0,0.0,0.0,0.0,0.0,0.0,0.0,0.0,20650.0,20900.0,19500.0,20000.0,20220.0,HSX_FOREIGN_API,HOSE_SYMBOL_LEVEL,VND,2026-08-25T01:39:52Z,ff_hsx_symbol_daily_v1,4e66aefb9d1d62eaa961687e11114574fc39bb572ec1ef3f794c612fce3dd743
2022-11-11,ACB,HOSE,0.0,0.0,0.0,0.0,0.0,0.0,0.0,0.0,0.0,0.0,20700.0,21200.0,20450.0,20800.0,20890.0,HSX_FOREIGN_API,HOSE_SYMBOL_LEVEL,VND,2026-08-25T01:39:52Z,ff_hsx_symbol_daily_v1,2a6cbc37d76c9df4a074158b51100a9072776ac5221a0c2d744a54a26ec5ad8b
2022-11-14,ACB,HOSE,0.0,0.0,0.0,0.0,0.0,0.0,0.0,0.0,0.0,0.0,20500.0,20700.0,19950.0,20300.0,20310.0,HSX_FOREIGN_API,HOSE_SYMBOL_LEVEL,VND,2026-08-25T01:39:52Z,ff_hsx_symbol_daily_v1,8725ca35765bdec802ef8c3da28caa3a88ebd2780647751bc77a4d964900b32f
2022-11-15,ACB,HOSE,0.0,1545205000.0,-1545205000.0,0.0,78000.0,-78000.0,0.0,0.0,0.0,0.0,20250.0,20450.0,19100.0,19100.0,19780.0,HSX_FOREIGN_API,HOSE_SYMBOL_LEVEL,VND,2026-08-25T01:39:52Z,ff_hsx_symbol_daily_v1,559c367628d491336d408f4bd38e6d39741a0736c9cf06a762eb9bc6d199601f
2022-11-16,ACB,HOSE,18682320000.0,18682891950.0,-571950.0,915800.0,915831.0,-31.0,18682320000.0,18682320000.0,915800.0,915800.0,18900.0,20400.0,17900.0,20400.0,19070.0,HSX_FOREIGN_API,HOSE_SYMBOL_LEVEL,VND,2026-08-25T01:39:52Z,ff_hsx_symbol_daily_v1,f217454d1ead74ba13c91ab26ab2a600b647fb63a617338ece3e240e1ee9df75
2022-11-17,ACB,HOSE,14776040000.0,14776040000.0,0.0,677800.0,677800.0,0.0,14776040000.0,14776040000.0,677800.0,677800.0,20800.0,21350.0,20800.0,21050.0,21030.0,HSX_FOREIGN_API,HOSE_SYMBOL_LEVEL,VND,2026-08-25T01:39:52Z,ff_hsx_symbol_daily_v1,5ce00b9fcb7cb1332a42a4942c94b42a6a84f3fe095a945730154309908ca5a9
2022-11-18,ACB,HOSE,1755000000.0,0.0,1755000000.0,78000.0,0.0,78000.0,1755000000.0,0.0,78000.0,0.0,20800.0,21450.0,20600.0,21150.0,20960.0,HSX_FOREIGN_API,HOSE_SYMBOL_LEVEL,VND,2026-08-25T01:39:52Z,ff_hsx_symbol_daily_v1,cb64282949726879f177a29d461878ca6df8e52db372ac3b560ac883e9459dfb
2022-11-21,ACB,HOSE,660850.0,0.0,660850.0,31.0,0.0,31.0,0.0,0.0,0.0,0.0,21200.0,21200.0,20600.0,20600.0,20850.0,HSX_FOREIGN_API,HOSE_SYMBOL_LEVEL,VND,2026-08-25T01:39:52Z,ff_hsx_symbol_daily_v1,e0e4c0a7073ea4021020e3ad08c790141ab48598099191421e694caa0619c7d3
2022-11-22,ACB,HOSE,0.0,0.0,0.0,0.0,0.0,0.0,0.0,0.0,0.0,0.0,20400.0,21350.0,20350.0,20350.0,20820.0,HSX_FOREIGN_API,HOSE_SYMBOL_LEVEL,VND,2026-08-25T01:39:52Z,ff_hsx_symbol_daily_v1,dc733c6dbad5457723e5d50f7c982a5c137ed6d258917bb27a2e1c8cff3ab6d7
2022-11-23,ACB,HOSE,0.0,0.0,0.0,0.0,0.0,0.0,0.0,0.0,0.0,0.0,20400.0,20950.0,20350.0,20650.0,20550.0,HSX_FOREIGN_API,HOSE_SYMBOL_LEVEL,VND,2026-08-25T01:39:52Z,ff_hsx_symbol_daily_v1,d7ec53afb53091e4773e00f4b3b7ce9e555385b10f1c01fafdd933699ab3a332
2022-11-24,ACB,HOSE,0.0,0.0,0.0,0.0,0.0,0.0,0.0,0.0,0.0,0.0,20600.0,21200.0,20400.0,21000.0,20930.0,HSX_FOREIGN_API,HOSE_SYMBOL_LEVEL,VND,2026-08-25T01:39:52Z,ff_hsx_symbol_daily_v1,0b331878b903617633f3f3c13b821b0f3e89af4da9fba36a2ab06a7efc168c3e
2022-11-25,ACB,HOSE,0.0,0.0,0.0,0.0,0.0,0.0,0.0,0.0,0.0,0.0,21500.0,21500.0,21050.0,21500.0,21400.0,HSX_FOREIGN_API,HOSE_SYMBOL_LEVEL,VND,2026-08-25T01:39:52Z,ff_hsx_symbol_daily_v1,b4838fee30ce602b68272e2b94ab10853f83de77ce5bf20f5cf72b1c41e2157c
2022-11-28,ACB,HOSE,0.0,0.0,0.0,0.0,0.0,0.0,0.0,0.0,0.0,0.0,21600.0,22250.0,21550.0,22250.0,21990.0,HSX_FOREIGN_API,HOSE_SYMBOL_LEVEL,VND,2026-08-25T01:39:52Z,ff_hsx_symbol_daily_v1,6a9ce3216353e6b88981aad969888ee0e665b6459f065499e717ddcaf1a4c5fa
2022-11-29,ACB,HOSE,0.0,0.0,0.0,0.0,0.0,0.0,0.0,0.0,0.0,0.0,22250.0,22250.0,21700.0,22150.0,22010.0,HSX_FOREIGN_API,HOSE_SYMBOL_LEVEL,VND,2026-08-25T01:39:52Z,ff_hsx_symbol_daily_v1,95c92d78c0d02af8a77716f6f472aed69f70c4dad9aecedda6810940fe02a96d
2022-11-30,ACB,HOSE,0.0,0.0,0.0,0.0,0.0,0.0,0.0,0.0,0.0,0.0,22250.0,22450.0,21800.0,22100.0,22100.0,HSX_FOREIGN_API,HOSE_SYMBOL_LEVEL,VND,2026-08-25T01:39:52Z,ff_hsx_symbol_daily_v1,a7ef87d21e2b7b176a4f806cd0182b26afe4447044e7a300077ffa76e53d754c
2022-12-01,ACB,HOSE,0.0,0.0,0.0,0.0,0.0,0.0,0.0,0.0,0.0,0.0,22300.0,22850.0,22000.0,22500.0,22490.0,HSX_FOREIGN_API,HOSE_SYMBOL_LEVEL,VND,2026-08-25T01:39:52Z,ff_hsx_symbol_daily_v1,ebe4796696c5f897559f299ad19b3e8e3e2cb4dae04c9afa9e27490fc865a77e
2022-12-02,ACB,HOSE,0.0,0.0,0.0,0.0,0.0,0.0,0.0,0.0,0.0,0.0,22500.0,23500.0,22150.0,23500.0,22810.0,HSX_FOREIGN_API,HOSE_SYMBOL_LEVEL,VND,2026-08-25T01:39:52Z,ff_hsx_symbol_daily_v1,c71c582d54d05a6c2e6be06edf690a648785bd40b42fbd70f337f572d9a7c51c
2022-12-05,ACB,HOSE,0.0,0.0,0.0,0.0,0.0,0.0,0.0,0.0,0.0,0.0,23550.0,24000.0,23200.0,23600.0,23600.0,HSX_FOREIGN_API,HOSE_SYMBOL_LEVEL,VND,2026-08-25T01:39:52Z,ff_hsx_symbol_daily_v1,ad216f68d11e3a3dd8755e65ca84d454ce16f3edacf0b71159075151790557c5
2022-12-06,ACB,HOSE,0.0,0.0,0.0,0.0,0.0,0.0,0.0,0.0,0.0,0.0,23600.0,23750.0,22300.0,22300.0,23160.0,HSX_FOREIGN_API,HOSE_SYMBOL_LEVEL,VND,2026-08-25T01:39:52Z,ff_hsx_symbol_daily_v1,7c301aaea99887eab2dd89a5c3219f881bb5a4640204e8c116842c2c0f23b4dd
2022-12-07,ACB,HOSE,0.0,0.0,0.0,0.0,0.0,0.0,0.0,0.0,0.0,0.0,22500.0,22500.0,21750.0,22300.0,22170.0,HSX_FOREIGN_API,HOSE_SYMBOL_LEVEL,VND,2026-08-25T01:39:52Z,ff_hsx_symbol_daily_v1,073b9b032e191a7990289ff73cf99c26de880e333c2efe2fde44e6a4cf79d607
2022-12-08,ACB,HOSE,0.0,0.0,0.0,0.0,0.0,0.0,0.0,0.0,0.0,0.0,22450.0,23800.0,22100.0,22650.0,22990.0,HSX_FOREIGN_API,HOSE_SYMBOL_LEVEL,VND,2026-08-25T01:39:52Z,ff_hsx_symbol_daily_v1,1e86480ffe4d9e43bc000071565f80d0d044799571f51566b4176fbd1897a192
2022-12-09,ACB,HOSE,0.0,0.0,0.0,0.0,0.0,0.0,0.0,0.0,0.0,0.0,22750.0,23200.0,22450.0,23050.0,22800.0,HSX_FOREIGN_API,HOSE_SYMBOL_LEVEL,VND,2026-08-25T01:39:52Z,ff_hsx_symbol_daily_v1,d83daf222d93cedb562fd1ff535ff7ccc3d220d1453309d259fca7daac0412fe
2022-12-12,ACB,HOSE,0.0,0.0,0.0,0.0,0.0,0.0,0.0,0.0,0.0,0.0,23050.0,23300.0,22500.0,22500.0,22910.0,HSX_FOREIGN_API,HOSE_SYMBOL_LEVEL,VND,2026-08-25T01:39:52Z,ff_hsx_symbol_daily_v1,0d80ebf37309572bd3e7ffdb4a62ebc1dc25b85328a247b7a7a1bf476e53a757
2022-12-13,ACB,HOSE,0.0,0.0,0.0,0.0,0.0,0.0,0.0,0.0,0.0,0.0,22400.0,23050.0,22250.0,23050.0,22630.0,HSX_FOREIGN_API,HOSE_SYMBOL_LEVEL,VND,2026-08-25T01:39:52Z,ff_hsx_symbol_daily_v1,58203df4d2867d9cc331c7cec1f4ab85325cfa35f995d3867db494c160d7607b
2022-12-14,ACB,HOSE,0.0,0.0,0.0,0.0,0.0,0.0,0.0,0.0,0.0,0.0,23100.0,23450.0,22750.0,23150.0,23030.0,HSX_FOREIGN_API,HOSE_SYMBOL_LEVEL,VND,2026-08-25T01:39:52Z,ff_hsx_symbol_daily_v1,6b9c22f5fe54e5d6e1240e665dd88eb678edaf0fbc20d58d6b9321fd00e4b2f7
2022-12-15,ACB,HOSE,0.0,0.0,0.0,0.0,0.0,0.0,0.0,0.0,0.0,0.0,23000.0,23500.0,23000.0,23200.0,23330.0,HSX_FOREIGN_API,HOSE_SYMBOL_LEVEL,VND,2026-08-25T01:39:52Z,ff_hsx_symbol_daily_v1,c97a34b0005d43ef1f680fd2dc743f874cd0d4d072a8214ba9a1941a53f24ad5
2022-12-16,ACB,HOSE,0.0,0.0,0.0,0.0,0.0,0.0,0.0,0.0,0.0,0.0,23000.0,23400.0,22850.0,23000.0,23060.0,HSX_FOREIGN_API,HOSE_SYMBOL_LEVEL,VND,2026-08-25T01:39:52Z,ff_hsx_symbol_daily_v1,903a27cb66bd7e10bce5d2c8ca2e47aee5915c16a314d09ceb34d6a5beb5754a
2022-12-19,ACB,HOSE,14760000000.0,14760000000.0,0.0,600000.0,600000.0,0.0,14760000000.0,14760000000.0,600000.0,600000.0,22900.0,23250.0,22750.0,22750.0,22930.0,HSX_FOREIGN_API,HOSE_SYMBOL_LEVEL,VND,2026-08-25T01:39:52Z,ff_hsx_symbol_daily_v1,fbb49afb409806820b6082e2fe5e9a47889034c9aebdc580c6a635ecf83154b2
2022-12-20,ACB,HOSE,0.0,0.0,0.0,0.0,0.0,0.0,0.0,0.0,0.0,0.0,22750.0,22900.0,22200.0,22550.0,22510.0,HSX_FOREIGN_API,HOSE_SYMBOL_LEVEL,VND,2026-08-25T01:39:52Z,ff_hsx_symbol_daily_v1,964ea05cb41f057a1d67c63d6f3aab16ac302e28c85bd53c915285d62b35c158
2022-12-21,ACB,HOSE,0.0,0.0,0.0,0.0,0.0,0.0,0.0,0.0,0.0,0.0,22600.0,23000.0,22300.0,22800.0,22590.0,HSX_FOREIGN_API,HOSE_SYMBOL_LEVEL,VND,2026-08-25T01:39:52Z,ff_hsx_symbol_daily_v1,f76280ba64cbbdfb51494f563640426718f5e0073905b88cb307805e8912c836
2022-12-22,ACB,HOSE,0.0,0.0,0.0,0.0,0.0,0.0,0.0,0.0,0.0,0.0,23000.0,23000.0,22750.0,22900.0,22860.0,HSX_FOREIGN_API,HOSE_SYMBOL_LEVEL,VND,2026-08-25T01:39:52Z,ff_hsx_symbol_daily_v1,ca7f27c6e587593abb7220d71f210e7ba6989bf241a48047872d2df195f605b2
2022-12-23,ACB,HOSE,0.0,0.0,0.0,0.0,0.0,0.0,0.0,0.0,0.0,0.0,22900.0,22900.0,22300.0,22900.0,22630.0,HSX_FOREIGN_API,HOSE_SYMBOL_LEVEL,VND,2026-08-25T01:39:52Z,ff_hsx_symbol_daily_v1,8a0da17c0a70ec06947ec1305c084f1a7175bd14c81feda1a293079273cbf6bf
2022-12-26,ACB,HOSE,0.0,0.0,0.0,0.0,0.0,0.0,0.0,0.0,0.0,0.0,22900.0,22900.0,22100.0,22100.0,22460.0,HSX_FOREIGN_API,HOSE_SYMBOL_LEVEL,VND,2026-08-25T01:39:52Z,ff_hsx_symbol_daily_v1,0f5f8e94160dda0c5e292db39d2e3594e23304fb2bc77148de43b1a16fb1c46f
2022-12-27,ACB,HOSE,0.0,0.0,0.0,0.0,0.0,0.0,0.0,0.0,0.0,0.0,22100.0,22600.0,22000.0,22100.0,22210.0,HSX_FOREIGN_API,HOSE_SYMBOL_LEVEL,VND,2026-08-25T01:39:52Z,ff_hsx_symbol_daily_v1,1033eff48476339d5bdd05923181546fafca1d59df1337a48e626b74d1e30f34
2022-12-28,ACB,HOSE,0.0,0.0,0.0,0.0,0.0,0.0,0.0,0.0,0.0,0.0,22100.0,22450.0,21950.0,22000.0,22060.0,HSX_FOREIGN_API,HOSE_SYMBOL_LEVEL,VND,2026-08-25T01:39:52Z,ff_hsx_symbol_daily_v1,20a608ba09ade45604592163dba8e926f3e7e35300e99f9dcc5d27023a50d040
2022-12-29,ACB,HOSE,0.0,0.0,0.0,0.0,0.0,0.0,0.0,0.0,0.0,0.0,22000.0,22400.0,21800.0,22000.0,22080.0,HSX_FOREIGN_API,HOSE_SYMBOL_LEVEL,VND,2026-08-25T01:39:52Z,ff_hsx_symbol_daily_v1,9b2555bac996b9b03ccfca69368b916adc6e771b5196fe3b7b39795025ea3930
2022-12-30,ACB,HOSE,0.0,0.0,0.0,0.0,0.0,0.0,0.0,0.0,0.0,0.0,22000.0,22200.0,21800.0,21900.0,21950.0,HSX_FOREIGN_API,HOSE_SYMBOL_LEVEL,VND,2026-08-25T01:39:52Z,ff_hsx_symbol_daily_v1,54e3dea685dc3576c050bc51bdc2d615081081fd2140678f63c9c1dbdb900de5
2023-01-03,ACB,HOSE,0.0,0.0,0.0,0.0,0.0,0.0,0.0,0.0,0.0,0.0,22000.0,22700.0,21950.0,22700.0,22330.0,HSX_FOREIGN_API,HOSE_SYMBOL_LEVEL,VND,2026-08-25T01:39:52Z,ff_hsx_symbol_daily_v1,d937698b1a978091b4245efa21a9ed42c676e16840083183c547b1a21a395b33
2023-01-04,ACB,HOSE,111640000000.0,111640000000.0,0.0,5000000.0,5000000.0,0.0,111640000000.0,111640000000.0,5000000.0,5000000.0,22850.0,22850.0,22550.0,22650.0,22710.0,HSX_FOREIGN_API,HOSE_SYMBOL_LEVEL,VND,2026-08-25T01:39:52Z,ff_hsx_symbol_daily_v1,cb7807b88abea2627a6fbcc660ffe1c4f4b78c59ca7103e5e1deae6c09e0fd35
2023-01-05,ACB,HOSE,0.0,0.0,0.0,0.0,0.0,0.0,0.0,0.0,0.0,0.0,22750.0,23000.0,22650.0,22850.0,22850.0,HSX_FOREIGN_API,HOSE_SYMBOL_LEVEL,VND,2026-08-25T01:39:52Z,ff_hsx_symbol_daily_v1,0c8779ef5a616e9cc56f82c622a9cacb275c7ba3298bc4284dcacc7c220955a3
2023-01-06,ACB,HOSE,114260000000.0,114260000000.0,0.0,5000000.0,5000000.0,0.0,114260000000.0,114260000000.0,5000000.0,5000000.0,22800.0,23350.0,22600.0,23150.0,23120.0,HSX_FOREIGN_API,HOSE_SYMBOL_LEVEL,VND,2026-08-25T01:39:52Z,ff_hsx_symbol_daily_v1,728464710b3365efa61e04b1e73ffab7f6e1d7185c3f11a320cd9d21a5c21bd4
2023-01-09,ACB,HOSE,0.0,0.0,0.0,0.0,0.0,0.0,0.0,0.0,0.0,0.0,23350.0,23350.0,22950.0,23100.0,23120.0,HSX_FOREIGN_API,HOSE_SYMBOL_LEVEL,VND,2026-08-25T01:39:52Z,ff_hsx_symbol_daily_v1,4edf416d5a480b8bb9f646c16d18e07f51cd92e5a2702a433eca31b9653d9d93
2023-01-10,ACB,HOSE,225332400000.0,225332400000.0,0.0,9442000.0,9442000.0,0.0,225332400000.0,225332400000.0,9442000.0,9442000.0,23250.0,23450.0,22950.0,23450.0,23230.0,HSX_FOREIGN_API,HOSE_SYMBOL_LEVEL,VND,2026-08-25T01:39:52Z,ff_hsx_symbol_daily_v1,0ed64efcfaff1cb73b2d9110a426e72a2bbcade9270873155e91cda75f99760a
2023-01-11,ACB,HOSE,11310075000.0,11310075000.0,0.0,451500.0,451500.0,0.0,11310075000.0,11310075000.0,451500.0,451500.0,23600.0,24450.0,23450.0,24200.0,24100.0,HSX_FOREIGN_API,HOSE_SYMBOL_LEVEL,VND,2026-08-25T01:39:52Z,ff_hsx_symbol_daily_v1,3ecf2d6b9e98e24c12cecca8689194f5b589dd19f3e01591139d4dad120d21ec
2023-01-12,ACB,HOSE,120485000000.0,120485000000.0,0.0,5000000.0,5000000.0,0.0,120485000000.0,120485000000.0,5000000.0,5000000.0,24200.0,24650.0,24200.0,24500.0,24510.0,HSX_FOREIGN_API,HOSE_SYMBOL_LEVEL,VND,2026-08-25T01:39:52Z,ff_hsx_symbol_daily_v1,00aacd429a1664db2f65447f376ad2fbb8a54a93f7b2ca865a0625e8fffbb402
2023-01-13,ACB,HOSE,104551100000.0,104551100000.0,0.0,3990500.0,3990500.0,0.0,104551100000.0,104551100000.0,3990500.0,3990500.0,24600.0,24800.0,24150.0,24150.0,24470.0,HSX_FOREIGN_API,HOSE_SYMBOL_LEVEL,VND,2026-08-25T01:39:52Z,ff_hsx_symbol_daily_v1,e161bd955e337681c8e2a797eab4de279678c39ed0c478cf097899e440bb5e62
2023-01-16,ACB,HOSE,424335780000.0,424335780000.0,0.0,16704100.0,16704100.0,0.0,424335780000.0,424335780000.0,16704100.0,16704100.0,24150.0,25000.0,24150.0,25000.0,24560.0,HSX_FOREIGN_API,HOSE_SYMBOL_LEVEL,VND,2026-08-25T01:39:52Z,ff_hsx_symbol_daily_v1,1f204626df83d50e98fec7b9aa8b7af1472035828e36e378eca65fec1ece9dde
2023-01-17,ACB,HOSE,0.0,0.0,0.0,0.0,0.0,0.0,0.0,0.0,0.0,0.0,25050.0,25450.0,24950.0,25300.0,25220.0,HSX_FOREIGN_API,HOSE_SYMBOL_LEVEL,VND,2026-08-25T01:39:52Z,ff_hsx_symbol_daily_v1,907dfda49fd8de5f2f512461f2b870695fb6f54e646f0647a503329e36fffd5e
2023-01-18,ACB,HOSE,0.0,0.0,0.0,0.0,0.0,0.0,0.0,0.0,0.0,0.0,25300.0,25700.0,25100.0,25500.0,25490.0,HSX_FOREIGN_API,HOSE_SYMBOL_LEVEL,VND,2026-08-25T01:39:52Z,ff_hsx_symbol_daily_v1,522d338cf34c690427707a7ac2f82abcd5a94b01ee3dab087a9bf55bb80f4a34
2023-01-19,ACB,HOSE,0.0,0.0,0.0,0.0,0.0,0.0,0.0,0.0,0.0,0.0,25500.0,26000.0,25450.0,26000.0,25780.0,HSX_FOREIGN_API,HOSE_SYMBOL_LEVEL,VND,2026-08-25T01:39:52Z,ff_hsx_symbol_daily_v1,25947b4d3c5dd8dd33c953ee5069fd87b5dcc92632bc1f4b0eecc08f9e996f3f
2023-01-27,ACB,HOSE,1006360000.0,1006360000.0,0.0,36200.0,36200.0,0.0,1006360000.0,1006360000.0,36200.0,36200.0,26350.0,26500.0,25900.0,26350.0,26350.0,HSX_FOREIGN_API,HOSE_SYMBOL_LEVEL,VND,2026-08-25T01:39:52Z,ff_hsx_symbol_daily_v1,0b27fcbd1eea85b27f622e332fe9d65e86bc8d42a2b0dafc4fff653050d9f147
2023-01-30,ACB,HOSE,131770000000.0,131770000000.0,0.0,5000000.0,5000000.0,0.0,131770000000.0,131770000000.0,5000000.0,5000000.0,26300.0,26350.0,25400.0,25400.0,25630.0,HSX_FOREIGN_API,HOSE_SYMBOL_LEVEL,VND,2026-08-25T01:39:52Z,ff_hsx_symbol_daily_v1,55326b2167109a747973b8d08ff11da46e7f09b0335063969ffa37911a10ccb3
2023-01-31,ACB,HOSE,0.0,0.0,0.0,0.0,0.0,0.0,0.0,0.0,0.0,0.0,25400.0,26050.0,25000.0,26050.0,25400.0,HSX_FOREIGN_API,HOSE_SYMBOL_LEVEL,VND,2026-08-25T01:39:52Z,ff_hsx_symbol_daily_v1,47b8c3784ffef5b3b9b77dc15da4baefca3e5fc04c4f6b90f4f22245f03ffb5e
2023-02-01,ACB,HOSE,127000000000.0,127000000000.0,0.0,5000000.0,5000000.0,0.0,127000000000.0,127000000000.0,5000000.0,5000000.0,26100.0,26250.0,25100.0,25200.0,25680.0,HSX_FOREIGN_API,HOSE_SYMBOL_LEVEL,VND,2026-08-25T01:39:52Z,ff_hsx_symbol_daily_v1,e0637a591daac4a6ad58f67ce958d38e701161edd91252e0e512cb9e5a617364
2023-02-02,ACB,HOSE,0.0,0.0,0.0,0.0,0.0,0.0,0.0,0.0,0.0,0.0,25150.0,25600.0,24800.0,25000.0,25120.0,HSX_FOREIGN_API,HOSE_SYMBOL_LEVEL,VND,2026-08-25T01:39:52Z,ff_hsx_symbol_daily_v1,eca025033bcff31b2ccc9cf338af07f9d44d6c8960d09312a38ee49aac4f652f
2023-02-03,ACB,HOSE,125605000000.0,125605000000.0,0.0,5000000.0,5000000.0,0.0,125605000000.0,125605000000.0,5000000.0,5000000.0,25000.0,25250.0,24400.0,24500.0,24640.0,HSX_FOREIGN_API,HOSE_SYMBOL_LEVEL,VND,2026-08-25T01:39:52Z,ff_hsx_symbol_daily_v1,331a76b091d2a7618f493ce2a1dffc75a7e28287d43fbb9dfeb63c4e6a67ff6e
2023-02-06,ACB,HOSE,123185000000.0,123185000000.0,0.0,5000000.0,5000000.0,0.0,123185000000.0,123185000000.0,5000000.0,5000000.0,24400.0,25150.0,24150.0,24900.0,24620.0,HSX_FOREIGN_API,HOSE_SYMBOL_LEVEL,VND,2026-08-25T01:39:52Z,ff_hsx_symbol_daily_v1,832978ef3da0343c5dfe3f7838c955119f3577952a38c63c80d426c4e447cb1e
2023-02-07,ACB,HOSE,0.0,0.0,0.0,0.0,0.0,0.0,0.0,0.0,0.0,0.0,25000.0,25100.0,24400.0,24600.0,24660.0,HSX_FOREIGN_API,HOSE_SYMBOL_LEVEL,VND,2026-08-25T01:39:52Z,ff_hsx_symbol_daily_v1,27c8191b2900a24a2fff51758065e840d9441b2ff52addb0074404c9a5ee3d3b
2023-02-08,ACB,HOSE,123325000000.0,123325000000.0,0.0,5000000.0,5000000.0,0.0,123325000000.0,123325000000.0,5000000.0,5000000.0,24800.0,25050.0,24550.0,24650.0,24760.0,HSX_FOREIGN_API,HOSE_SYMBOL_LEVEL,VND,2026-08-25T01:39:52Z,ff_hsx_symbol_daily_v1,b23332bf249813902efafc7c92f3bc38404487d424113b7df9f2ce31e7ddb91f
2023-02-09,ACB,HOSE,78746975000.0,78746975000.0,0.0,2988500.0,2988500.0,0.0,78746975000.0,78746975000.0,2988500.0,2988500.0,24650.0,25100.0,24500.0,24500.0,24770.0,HSX_FOREIGN_API,HOSE_SYMBOL_LEVEL,VND,2026-08-25T01:39:52Z,ff_hsx_symbol_daily_v1,9e4f48309f31397f82eec4cfe3631c839d4add11dd3c23525aae15667ae02b34
2023-02-10,ACB,HOSE,230358240000.0,230358240000.0,0.0,9065200.0,9065200.0,0.0,230358240000.0,230358240000.0,9065200.0,9065200.0,24600.0,24750.0,24200.0,24200.0,24420.0,HSX_FOREIGN_API,HOSE_SYMBOL_LEVEL,VND,2026-08-25T01:39:52Z,ff_hsx_symbol_daily_v1,f0e933b41effbf937b70b45ad05b1efd3172030ec04ff0f1303d7e8ff6fd7ede
2023-02-13,ACB,HOSE,51764625000.0,51764625000.0,0.0,2002500.0,2002500.0,0.0,51764625000.0,51764625000.0,2002500.0,2002500.0,24150.0,24150.0,23800.0,23900.0,23950.0,HSX_FOREIGN_API,HOSE_SYMBOL_LEVEL,VND,2026-08-25T01:39:52Z,ff_hsx_symbol_daily_v1,2469f6e40761e5676d655d1d34ab0e8ad9a483c7f5a96cc6acd1e2e39c22b50a
2023-02-14,ACB,HOSE,119770000000.0,119770000000.0,0.0,5000000.0,5000000.0,0.0,119770000000.0,119770000000.0,5000000.0,5000000.0,24100.0,24100.0,23800.0,23850.0,23930.0,HSX_FOREIGN_API,HOSE_SYMBOL_LEVEL,VND,2026-08-25T01:39:52Z,ff_hsx_symbol_daily_v1,36dc92d1ee448b8c896789e6990cf11aed5e3c2c4360bbf861dc24f68fc7b404
2023-02-15,ACB,HOSE,424603050000.0,424603050000.0,0.0,16651100.0,16651100.0,0.0,424603050000.0,424603050000.0,16651100.0,16651100.0,23900.0,24650.0,23750.0,24550.0,24330.0,HSX_FOREIGN_API,HOSE_SYMBOL_LEVEL,VND,2026-08-25T01:39:52Z,ff_hsx_symbol_daily_v1,f5913901b3d1879366f18e00f2dc302aaa8e4c37483e75f075906dbcfbd21c2c
2023-02-16,ACB,HOSE,197695696635.0,197695696635.0,0.0,7885095.0,7885095.0,0.0,197695696635.0,197695696635.0,7885095.0,7885095.0,24800.0,24800.0,24400.0,24800.0,24650.0,HSX_FOREIGN_API,HOSE_SYMBOL_LEVEL,VND,2026-08-25T01:39:52Z,ff_hsx_symbol_daily_v1,f6eb8ccf1251ffdbc1bedbb04fc131c8665c4c0e427043637a481c64dad8bdfd
2023-02-17,ACB,HOSE,11660000000.0,11660000000.0,0.0,440000.0,440000.0,0.0,11660000000.0,11660000000.0,440000.0,440000.0,24850.0,24950.0,24550.0,24800.0,24760.0,HSX_FOREIGN_API,HOSE_SYMBOL_LEVEL,VND,2026-08-25T01:39:52Z,ff_hsx_symbol_daily_v1,94808048a83890a21d133eaa791380e150f52b302e2bc02acd69245e6713888d
2023-02-20,ACB,HOSE,117925000000.0,117925000000.0,0.0,4450000.0,4450000.0,0.0,117925000000.0,117925000000.0,4450000.0,4450000.0,24700.0,25800.0,24650.0,25800.0,25410.0,HSX_FOREIGN_API,HOSE_SYMBOL_LEVEL,VND,2026-08-25T01:39:52Z,ff_hsx_symbol_daily_v1,958b31447303a6d4a26f9485aaf42db606ebb9c1833155029046ab96779a1b25
2023-02-21,ACB,HOSE,133827045600.0,133827045600.0,0.0,4848806.0,4848806.0,0.0,133827045600.0,133827045600.0,4848806.0,4848806.0,25800.0,26000.0,25500.0,25500.0,25690.0,HSX_FOREIGN_API,HOSE_SYMBOL_LEVEL,VND,2026-08-25T01:39:52Z,ff_hsx_symbol_daily_v1,221882bfcc782f6dedecadd21fdf13ea149d9856203285c2ad66a55d30ba7800
2023-02-22,ACB,HOSE,2725000000.0,2725000000.0,0.0,100000.0,100000.0,0.0,2725000000.0,2725000000.0,100000.0,100000.0,25200.0,25550.0,24850.0,24850.0,25190.0,HSX_FOREIGN_API,HOSE_SYMBOL_LEVEL,VND,2026-08-25T01:39:52Z,ff_hsx_symbol_daily_v1,13c80c734151e4a1f84b2f1b2e48f443e27c4f9e4b5ff1b41dd577e381a832ea
2023-02-23,ACB,HOSE,0.0,0.0,0.0,0.0,0.0,0.0,0.0,0.0,0.0,0.0,24750.0,25500.0,24250.0,25400.0,24670.0,HSX_FOREIGN_API,HOSE_SYMBOL_LEVEL,VND,2026-08-25T01:39:52Z,ff_hsx_symbol_daily_v1,7f37e99d98cfe217b5434b7e4efe611d137c94355b732b355b6392b362011bf0
2023-02-24,ACB,HOSE,5430000000.0,5430000000.0,0.0,200000.0,200000.0,0.0,5430000000.0,5430000000.0,200000.0,200000.0,25000.0,25300.0,24550.0,24600.0,24790.0,HSX_FOREIGN_API,HOSE_SYMBOL_LEVEL,VND,2026-08-25T01:39:52Z,ff_hsx_symbol_daily_v1,e8555c9008e6017eca63e7f7cd6abd791cd2550b5563da419811b83faaa7dae2
2023-02-27,ACB,HOSE,7199835400.0,7199835400.0,0.0,273758.0,273758.0,0.0,7199835400.0,7199835400.0,273758.0,273758.0,24500.0,24600.0,24100.0,24250.0,24290.0,HSX_FOREIGN_API,HOSE_SYMBOL_LEVEL,VND,2026-08-25T01:39:52Z,ff_hsx_symbol_daily_v1,ec1dfdb61ec16120b4a5d3538ca320001f497c5b3feee77d40335f1c7a7189a1
2023-02-28,ACB,HOSE,0.0,0.0,0.0,0.0,0.0,0.0,0.0,0.0,0.0,0.0,24500.0,24750.0,24250.0,24400.0,24380.0,HSX_FOREIGN_API,HOSE_SYMBOL_LEVEL,VND,2026-08-25T01:39:52Z,ff_hsx_symbol_daily_v1,3c8db6216b5beb152daa6daade4e9f343f8e517fd87cd9b6841d640d7a486c66
2023-03-01,ACB,HOSE,0.0,0.0,0.0,0.0,0.0,0.0,0.0,0.0,0.0,0.0,24400.0,25200.0,24200.0,25150.0,24790.0,HSX_FOREIGN_API,HOSE_SYMBOL_LEVEL,VND,2026-08-25T01:39:52Z,ff_hsx_symbol_daily_v1,70cc10c006931f55de5ee8cb1f6af1686e839afdbd9704f6475f57042e6f17b6
2023-03-02,ACB,HOSE,77014700000.0,77014700000.0,0.0,2863000.0,2863000.0,0.0,77014700000.0,77014700000.0,2863000.0,2863000.0,25000.0,25450.0,25000.0,25050.0,25210.0,HSX_FOREIGN_API,HOSE_SYMBOL_LEVEL,VND,2026-08-25T01:39:52Z,ff_hsx_symbol_daily_v1,d3dd242134587e2c8caa3d8bf7e7519ef3b9925df0e434837fb1b1477ffda5af
2023-03-03,ACB,HOSE,2669280000.0,2669280000.0,0.0,99600.0,99600.0,0.0,2669280000.0,2669280000.0,99600.0,99600.0,25050.0,25300.0,24500.0,24500.0,24790.0,HSX_FOREIGN_API,HOSE_SYMBOL_LEVEL,VND,2026-08-25T01:39:52Z,ff_hsx_symbol_daily_v1,25d88259c856062a24da4185b28b8354ff0118b2535182edd9020d1fe9f2c56c
2023-03-06,ACB,HOSE,0.0,0.0,0.0,0.0,0.0,0.0,0.0,0.0,0.0,0.0,24850.0,25100.0,24300.0,24300.0,24580.0,HSX_FOREIGN_API,HOSE_SYMBOL_LEVEL,VND,2026-08-25T01:39:52Z,ff_hsx_symbol_daily_v1,e84483ada90507b1c5619789cea49d52fbd02d31c4d6cc6065b99ccc7f012454
2023-03-07,ACB,HOSE,0.0,0.0,0.0,0.0,0.0,0.0,0.0,0.0,0.0,0.0,24750.0,25000.0,24300.0,24500.0,24640.0,HSX_FOREIGN_API,HOSE_SYMBOL_LEVEL,VND,2026-08-25T01:39:52Z,ff_hsx_symbol_daily_v1,e3ae13f8bc69b920c42e596ee123b380a1a2b5b111c0eaaed62ba73193fb45f2
2023-03-08,ACB,HOSE,0.0,0.0,0.0,0.0,0.0,0.0,0.0,0.0,0.0,0.0,24250.0,25000.0,24250.0,25000.0,24610.0,HSX_FOREIGN_API,HOSE_SYMBOL_LEVEL,VND,2026-08-25T01:39:52Z,ff_hsx_symbol_daily_v1,922820d7ba149fc310aac1bd559e2442ffcc99a97a05a978bbcc2a92e60584de
2023-03-09,ACB,HOSE,0.0,0.0,0.0,0.0,0.0,0.0,0.0,0.0,0.0,0.0,25000.0,25450.0,24900.0,25350.0,25180.0,HSX_FOREIGN_API,HOSE_SYMBOL_LEVEL,VND,2026-08-25T01:39:52Z,ff_hsx_symbol_daily_v1,45cbb3c9cd3c2423c875eb8c05de601dfea598219e482043be8728e844e9218f
2023-03-10,ACB,HOSE,0.0,0.0,0.0,0.0,0.0,0.0,0.0,0.0,0.0,0.0,25050.0,25200.0,24750.0,24900.0,24950.0,HSX_FOREIGN_API,HOSE_SYMBOL_LEVEL,VND,2026-08-25T01:39:52Z,ff_hsx_symbol_daily_v1,5f68245bd221bcd86474fe813a5cea8b98f0be44ef7fdb9f96f14d96b93bfda4
2023-03-13,ACB,HOSE,0.0,0.0,0.0,0.0,0.0,0.0,0.0,0.0,0.0,0.0,24750.0,24950.0,24350.0,24500.0,24620.0,HSX_FOREIGN_API,HOSE_SYMBOL_LEVEL,VND,2026-08-25T01:39:52Z,ff_hsx_symbol_daily_v1,fe04c8ac5c44a001d421171010b4076740e7bae35d9005f4e2a535ad439876d8
2023-03-14,ACB,HOSE,0.0,0.0,0.0,0.0,0.0,0.0,0.0,0.0,0.0,0.0,24550.0,24700.0,23950.0,24050.0,24110.0,HSX_FOREIGN_API,HOSE_SYMBOL_LEVEL,VND,2026-08-25T01:39:52Z,ff_hsx_symbol_daily_v1,2eb1f17d34d41b7d9778e453fa726999d50f583ce7afca271e04cd343baf50ba
2023-03-15,ACB,HOSE,0.0,0.0,0.0,0.0,0.0,0.0,0.0,0.0,0.0,0.0,24600.0,24800.0,24450.0,24800.0,24690.0,HSX_FOREIGN_API,HOSE_SYMBOL_LEVEL,VND,2026-08-25T01:39:52Z,ff_hsx_symbol_daily_v1,618d72bb6641b9b8991198579b3bc4b4e9e491f5e5a997af850d51fcbfa488e0
2023-03-16,ACB,HOSE,551043650000.0,551043968000.0,-318000.0,20794100.0,20794112.0,-12.0,551043650000.0,551043968000.0,20794100.0,20794112.0,24500.0,24750.0,24150.0,24400.0,24380.0,HSX_FOREIGN_API,HOSE_SYMBOL_LEVEL,VND,2026-08-25T01:39:52Z,ff_hsx_symbol_daily_v1,c8d7917941140e183b5a04a48849b29923e01f717ddef38419f38c71ac06890a
2023-03-17,ACB,HOSE,157612680000.0,157612680000.0,0.0,6038800.0,6038800.0,0.0,157612680000.0,157612680000.0,6038800.0,6038800.0,24550.0,24650.0,24350.0,24350.0,24490.0,HSX_FOREIGN_API,HOSE_SYMBOL_LEVEL,VND,2026-08-25T01:39:52Z,ff_hsx_symbol_daily_v1,2b40bb2e375e829bea41e5f656e7e6e0ade8bfbf6f8957108eb45d969e7a6d57
2023-03-20,ACB,HOSE,0.0,0.0,0.0,0.0,0.0,0.0,0.0,0.0,0.0,0.0,24200.0,24350.0,24000.0,24000.0,24110.0,HSX_FOREIGN_API,HOSE_SYMBOL_LEVEL,VND,2026-08-25T01:39:52Z,ff_hsx_symbol_daily_v1,d87ed1ee506cf33fcba15cac43c2dfdd02d343bc6bf5d89a6eac2125898c4aec
2023-03-21,ACB,HOSE,0.0,0.0,0.0,0.0,0.0,0.0,0.0,0.0,0.0,0.0,24400.0,24400.0,23850.0,24200.0,24090.0,HSX_FOREIGN_API,HOSE_SYMBOL_LEVEL,VND,2026-08-25T01:39:52Z,ff_hsx_symbol_daily_v1,b6edabc0ab8d9c24b41ae27bb7f80b5f9612adc76d0bca68b2f61ac16de3ac9c
2023-03-22,ACB,HOSE,0.0,0.0,0.0,0.0,0.0,0.0,0.0,0.0,0.0,0.0,24350.0,24350.0,24050.0,24150.0,24210.0,HSX_FOREIGN_API,HOSE_SYMBOL_LEVEL,VND,2026-08-25T01:39:52Z,ff_hsx_symbol_daily_v1,1ef93d7614bb911a501a74034bf2974fea1c36526461955c7e7777cf3efbd554
2023-03-23,ACB,HOSE,0.0,0.0,0.0,0.0,0.0,0.0,0.0,0.0,0.0,0.0,24100.0,24600.0,23950.0,24500.0,24170.0,HSX_FOREIGN_API,HOSE_SYMBOL_LEVEL,VND,2026-08-25T01:39:52Z,ff_hsx_symbol_daily_v1,31397e97f0e43251b777016aac2f5d64e33164fbe215422aa62e2ecf06b75bb2
2023-03-24,ACB,HOSE,0.0,0.0,0.0,0.0,0.0,0.0,0.0,0.0,0.0,0.0,24600.0,24850.0,24500.0,24550.0,24660.0,HSX_FOREIGN_API,HOSE_SYMBOL_LEVEL,VND,2026-08-25T01:39:52Z,ff_hsx_symbol_daily_v1,e125862e97eaa340755c7218c8c6308485c6d6aefdcbf61d1fd35f7ddfe95597
2023-03-27,ACB,HOSE,0.0,0.0,0.0,0.0,0.0,0.0,0.0,0.0,0.0,0.0,24600.0,24750.0,24350.0,24450.0,24520.0,HSX_FOREIGN_API,HOSE_SYMBOL_LEVEL,VND,2026-08-25T01:39:52Z,ff_hsx_symbol_daily_v1,18d53040198fcdabe6b4c983cb28410ef7880c43e29e76eab692be1339b90067
2023-03-28,ACB,HOSE,0.0,0.0,0.0,0.0,0.0,0.0,0.0,0.0,0.0,0.0,24650.0,24800.0,24450.0,24450.0,24600.0,HSX_FOREIGN_API,HOSE_SYMBOL_LEVEL,VND,2026-08-25T01:39:52Z,ff_hsx_symbol_daily_v1,44808e512ecc02f196065be739408d662bd6b4f769db8b3e3de5ce2d0b57568a
2023-03-29,ACB,HOSE,0.0,0.0,0.0,0.0,0.0,0.0,0.0,0.0,0.0,0.0,24500.0,24600.0,24350.0,24400.0,24430.0,HSX_FOREIGN_API,HOSE_SYMBOL_LEVEL,VND,2026-08-25T01:39:52Z,ff_hsx_symbol_daily_v1,d36c05fe61040ff52930678051ae56c4a653b6cceff4e279e59f100583e01092
2023-03-30,ACB,HOSE,0.0,0.0,0.0,0.0,0.0,0.0,0.0,0.0,0.0,0.0,24600.0,24700.0,24550.0,24600.0,24610.0,HSX_FOREIGN_API,HOSE_SYMBOL_LEVEL,VND,2026-08-25T01:39:52Z,ff_hsx_symbol_daily_v1,6e52eadb00b89687e4ee6dfa3e40ea22b05af12b836103be20ebd0f01fc4ae52
2023-03-31,ACB,HOSE,0.0,0.0,0.0,0.0,0.0,0.0,0.0,0.0,0.0,0.0,24700.0,25250.0,24650.0,25000.0,25020.0,HSX_FOREIGN_API,HOSE_SYMBOL_LEVEL,VND,2026-08-25T01:39:52Z,ff_hsx_symbol_daily_v1,f7eb8626664ebd043476a21739f2d547eefed27b4e53839f166a7f6d4fb11188
2023-04-03,ACB,HOSE,4290700000.0,4290700000.0,0.0,160400.0,160400.0,0.0,4290700000.0,4290700000.0,160400.0,160400.0,25250.0,25400.0,25000.0,25250.0,25140.0,HSX_FOREIGN_API,HOSE_SYMBOL_LEVEL,VND,2026-08-25T01:39:52Z,ff_hsx_symbol_daily_v1,34077e7a3c9dc7ced90b4a14572fa79355e8e53908a04b25f8066bd3d5401d5f
2023-04-04,ACB,HOSE,0.0,0.0,0.0,0.0,0.0,0.0,0.0,0.0,0.0,0.0,25250.0,25350.0,25050.0,25150.0,25160.0,HSX_FOREIGN_API,HOSE_SYMBOL_LEVEL,VND,2026-08-25T01:39:52Z,ff_hsx_symbol_daily_v1,de206abb03fbd010a1d84dfc8f2dac616802fd8f1bbcc5f112b72e7661b04197
2023-04-05,ACB,HOSE,2690000000.0,2690000000.0,0.0,100000.0,100000.0,0.0,2690000000.0,2690000000.0,100000.0,100000.0,25100.0,25300.0,25050.0,25300.0,25180.0,HSX_FOREIGN_API,HOSE_SYMBOL_LEVEL,VND,2026-08-25T01:39:52Z,ff_hsx_symbol_daily_v1,718ea283207e372b3b30026a79f9863f8a910b93441574aa3b454595455a1732
2023-04-06,ACB,HOSE,0.0,0.0,0.0,0.0,0.0,0.0,0.0,0.0,0.0,0.0,25400.0,25450.0,24900.0,24900.0,25150.0,HSX_FOREIGN_API,HOSE_SYMBOL_LEVEL,VND,2026-08-25T01:39:52Z,ff_hsx_symbol_daily_v1,42bd10e7da37bebc4914081e49dc81cc95d3cc835ef0a729090a94e0024939a9
2023-04-07,ACB,HOSE,0.0,0.0,0.0,0.0,0.0,0.0,0.0,0.0,0.0,0.0,24950.0,25100.0,24900.0,25050.0,25000.0,HSX_FOREIGN_API,HOSE_SYMBOL_LEVEL,VND,2026-08-25T01:39:52Z,ff_hsx_symbol_daily_v1,32ff89f57cec0b0d3a67faa9f35621d33d274f14142705e8c47d2123885d9584
2023-04-10,ACB,HOSE,0.0,0.0,0.0,0.0,0.0,0.0,0.0,0.0,0.0,0.0,25100.0,25150.0,24850.0,25000.0,25010.0,HSX_FOREIGN_API,HOSE_SYMBOL_LEVEL,VND,2026-08-25T01:39:52Z,ff_hsx_symbol_daily_v1,ec1b40e490e4f526caf7e760a3471f144d8507256ae38b9e9e89e180b0beb103
2023-04-11,ACB,HOSE,2675000000.0,2675000000.0,0.0,100000.0,100000.0,0.0,2675000000.0,2675000000.0,100000.0,100000.0,24900.0,25050.0,24700.0,24950.0,24840.0,HSX_FOREIGN_API,HOSE_SYMBOL_LEVEL,VND,2026-08-25T01:39:52Z,ff_hsx_symbol_daily_v1,9dc269ac834e6a6986209dc4c77e23f106c0bf97f817d54ce78a1389a955debc
2023-04-12,ACB,HOSE,0.0,0.0,0.0,0.0,0.0,0.0,0.0,0.0,0.0,0.0,25000.0,25050.0,24800.0,24850.0,24910.0,HSX_FOREIGN_API,HOSE_SYMBOL_LEVEL,VND,2026-08-25T01:39:52Z,ff_hsx_symbol_daily_v1,01761b790e6136149f800ad48d46cd32631df0cf093acb37dded1d144b514d52
2023-04-13,ACB,HOSE,0.0,0.0,0.0,0.0,0.0,0.0,0.0,0.0,0.0,0.0,24950.0,25050.0,24850.0,24950.0,24950.0,HSX_FOREIGN_API,HOSE_SYMBOL_LEVEL,VND,2026-08-25T01:39:52Z,ff_hsx_symbol_daily_v1,76faf1d579be9aa14534817adbf4998e69dcaa4916a037c3267fe10aaa284046
2023-04-14,ACB,HOSE,0.0,0.0,0.0,0.0,0.0,0.0,0.0,0.0,0.0,0.0,25050.0,25100.0,24850.0,24950.0,25000.0,HSX_FOREIGN_API,HOSE_SYMBOL_LEVEL,VND,2026-08-25T01:39:52Z,ff_hsx_symbol_daily_v1,38703b66f1cf535c0d2d67870e0866020c9b1959ff1e391219196dc6907e2788
2023-04-17,ACB,HOSE,0.0,0.0,0.0,0.0,0.0,0.0,0.0,0.0,0.0,0.0,24950.0,25000.0,24800.0,25000.0,24930.0,HSX_FOREIGN_API,HOSE_SYMBOL_LEVEL,VND,2026-08-25T01:39:52Z,ff_hsx_symbol_daily_v1,42b10aa85acec84a4d440ebf5a5c4d9a38e0ea8c78586e50c09d93ac4e744e5a
2023-04-18,ACB,HOSE,2675000000.0,2675000000.0,0.0,100000.0,100000.0,0.0,2675000000.0,2675000000.0,100000.0,100000.0,25000.0,25000.0,24750.0,24750.0,24850.0,HSX_FOREIGN_API,HOSE_SYMBOL_LEVEL,VND,2026-08-25T01:39:52Z,ff_hsx_symbol_daily_v1,246c19ffabfb22af0344caf7f8313d5f518e44370bf4ad25a7093e091dcfd4f3
2023-04-19,ACB,HOSE,5290000000.0,5290000000.0,0.0,200000.0,200000.0,0.0,5290000000.0,5290000000.0,200000.0,200000.0,24800.0,24800.0,24400.0,24400.0,24550.0,HSX_FOREIGN_API,HOSE_SYMBOL_LEVEL,VND,2026-08-25T01:39:52Z,ff_hsx_symbol_daily_v1,7dfbaf4cace914d70f6112e58f80edc73d26841572d6d3111ac2a34784e5c66d
2023-04-20,ACB,HOSE,86294430000.0,86294430000.0,0.0,3306300.0,3306300.0,0.0,86294430000.0,86294430000.0,3306300.0,3306300.0,24500.0,24550.0,24200.0,24250.0,24350.0,HSX_FOREIGN_API,HOSE_SYMBOL_LEVEL,VND,2026-08-25T01:39:52Z,ff_hsx_symbol_daily_v1,795a31f66eda5467fd3f3a70e35aef28233268c271d8d73439ea23c8a90c753d
2023-04-21,ACB,HOSE,0.0,0.0,0.0,0.0,0.0,0.0,0.0,0.0,0.0,0.0,24300.0,24400.0,24250.0,24250.0,24280.0,HSX_FOREIGN_API,HOSE_SYMBOL_LEVEL,VND,2026-08-25T01:39:52Z,ff_hsx_symbol_daily_v1,6e0d5bcd9c9b8d5cd7c3af09c45dc76431ce001c3ab0aa3f65d845918933bb0a
2023-04-24,ACB,HOSE,0.0,0.0,0.0,0.0,0.0,0.0,0.0,0.0,0.0,0.0,24300.0,24450.0,24100.0,24200.0,24230.0,HSX_FOREIGN_API,HOSE_SYMBOL_LEVEL,VND,2026-08-25T01:39:52Z,ff_hsx_symbol_daily_v1,b75cb2d6c141afe545b4a53f367b6915c63b9dbf5afe96ee1d7fcb5dccbc2337
2023-04-25,ACB,HOSE,0.0,0.0,0.0,0.0,0.0,0.0,0.0,0.0,0.0,0.0,24300.0,24450.0,24100.0,24150.0,24280.0,HSX_FOREIGN_API,HOSE_SYMBOL_LEVEL,VND,2026-08-25T01:39:52Z,ff_hsx_symbol_daily_v1,d1128a0e6229f68c9087e5d7e0479e9a30011bc00de6ee119a26927dd869668e
2023-04-26,ACB,HOSE,0.0,0.0,0.0,0.0,0.0,0.0,0.0,0.0,0.0,0.0,24150.0,24200.0,23950.0,24150.0,24060.0,HSX_FOREIGN_API,HOSE_SYMBOL_LEVEL,VND,2026-08-25T01:39:52Z,ff_hsx_symbol_daily_v1,3019cc6e4b481b9ad29cfecee0a46089d0e75af3dccddf79194e7120ff3c17c1
2023-04-27,ACB,HOSE,0.0,0.0,0.0,0.0,0.0,0.0,0.0,0.0,0.0,0.0,24200.0,24450.0,24100.0,24150.0,24220.0,HSX_FOREIGN_API,HOSE_SYMBOL_LEVEL,VND,2026-08-25T01:39:52Z,ff_hsx_symbol_daily_v1,01a577af8f86aa349ee61fbe1e6787143b8609287bdb1e6d46502036d1a347eb
2023-04-28,ACB,HOSE,0.0,0.0,0.0,0.0,0.0,0.0,0.0,0.0,0.0,0.0,24200.0,24400.0,24150.0,24200.0,24220.0,HSX_FOREIGN_API,HOSE_SYMBOL_LEVEL,VND,2026-08-25T01:39:52Z,ff_hsx_symbol_daily_v1,a0df03cbe7b55c6cdfc0b1bffad2367694948f8693c254fc6d5c35104fe74b12
2023-05-04,ACB,HOSE,0.0,0.0,0.0,0.0,0.0,0.0,0.0,0.0,0.0,0.0,24300.0,24750.0,24300.0,24700.0,24580.0,HSX_FOREIGN_API,HOSE_SYMBOL_LEVEL,VND,2026-08-25T01:39:52Z,ff_hsx_symbol_daily_v1,307ea2c834642009108497e50b3e5935ffde3285ae3d4279d51fe33df588182a
2023-05-05,ACB,HOSE,0.0,0.0,0.0,0.0,0.0,0.0,0.0,0.0,0.0,0.0,24500.0,24750.0,24500.0,24650.0,24640.0,HSX_FOREIGN_API,HOSE_SYMBOL_LEVEL,VND,2026-08-25T01:39:52Z,ff_hsx_symbol_daily_v1,9e909c23d68aecffe8daec42a80f9bb6377d24f947bb69d356d3b560ac8d6441
2023-05-08,ACB,HOSE,0.0,0.0,0.0,0.0,0.0,0.0,0.0,0.0,0.0,0.0,24650.0,25000.0,24600.0,24950.0,24770.0,HSX_FOREIGN_API,HOSE_SYMBOL_LEVEL,VND,2026-08-25T01:39:52Z,ff_hsx_symbol_daily_v1,c9507ca4b1693f14e9cc1edc11d132b1bafe50cf0a7f74f2e2640c837df47a0a
2023-05-09,ACB,HOSE,10660000000.0,10660000000.0,0.0,400000.0,400000.0,0.0,10660000000.0,10660000000.0,400000.0,400000.0,25000.0,25050.0,24800.0,24900.0,24960.0,HSX_FOREIGN_API,HOSE_SYMBOL_LEVEL,VND,2026-08-25T01:39:52Z,ff_hsx_symbol_daily_v1,eec74798acdfd9ccf9f156566ece1e7cad8bcc600b017f5afacb042163ed3f0f
2023-05-10,ACB,HOSE,0.0,0.0,0.0,0.0,0.0,0.0,0.0,0.0,0.0,0.0,24900.0,24950.0,24800.0,24900.0,24860.0,HSX_FOREIGN_API,HOSE_SYMBOL_LEVEL,VND,2026-08-25T01:39:52Z,ff_hsx_symbol_daily_v1,0f9083072b4d7b49211a0442bbce339cdeb3fa6f2a2fa79c48da00b2cc8341ec
2023-05-11,ACB,HOSE,0.0,0.0,0.0,0.0,0.0,0.0,0.0,0.0,0.0,0.0,25000.0,25100.0,24800.0,24900.0,24930.0,HSX_FOREIGN_API,HOSE_SYMBOL_LEVEL,VND,2026-08-25T01:39:52Z,ff_hsx_symbol_daily_v1,a5708895674826a797a373333247fe0b5ef4d63ee686969fad94b5f1a6cb0840
2023-05-12,ACB,HOSE,0.0,0.0,0.0,0.0,0.0,0.0,0.0,0.0,0.0,0.0,25000.0,25050.0,24800.0,25000.0,24940.0,HSX_FOREIGN_API,HOSE_SYMBOL_LEVEL,VND,2026-08-25T01:39:52Z,ff_hsx_symbol_daily_v1,c66377c46d17713068def0112dcc8cb0ab7e9f9c3a9f086d1becb75ecf5b8bfc
2023-05-15,ACB,HOSE,0.0,0.0,0.0,0.0,0.0,0.0,0.0,0.0,0.0,0.0,25200.0,25300.0,24950.0,25000.0,25070.0,HSX_FOREIGN_API,HOSE_SYMBOL_LEVEL,VND,2026-08-25T01:39:52Z,ff_hsx_symbol_daily_v1,583703b75c1abae9705555ee19a5717ae20eb44655f560545e1d0cf03048b20e
2023-05-16,ACB,HOSE,0.0,0.0,0.0,0.0,0.0,0.0,0.0,0.0,0.0,0.0,25000.0,25050.0,24900.0,25000.0,24970.0,HSX_FOREIGN_API,HOSE_SYMBOL_LEVEL,VND,2026-08-25T01:39:52Z,ff_hsx_symbol_daily_v1,2790da9cfec2036368f8d24be5b7c8ab8b5600954974e635fecbbf8973f11c22
2023-05-17,ACB,HOSE,0.0,0.0,0.0,0.0,0.0,0.0,0.0,0.0,0.0,0.0,25000.0,25150.0,24850.0,24900.0,24990.0,HSX_FOREIGN_API,HOSE_SYMBOL_LEVEL,VND,2026-08-25T01:39:52Z,ff_hsx_symbol_daily_v1,c2a95957de125403a4b59797e62fa5fc3a14b4582319f109b3ef0f87ad5912cf
2023-05-18,ACB,HOSE,0.0,0.0,0.0,0.0,0.0,0.0,0.0,0.0,0.0,0.0,24900.0,25100.0,24850.0,25000.0,25000.0,HSX_FOREIGN_API,HOSE_SYMBOL_LEVEL,VND,2026-08-25T01:39:52Z,ff_hsx_symbol_daily_v1,646ca606e927cb2908691589ec3826dabc1d6d01117a4e02863f1128d97413fc
2023-05-19,ACB,HOSE,0.0,0.0,0.0,0.0,0.0,0.0,0.0,0.0,0.0,0.0,25050.0,25050.0,24750.0,24950.0,24880.0,HSX_FOREIGN_API,HOSE_SYMBOL_LEVEL,VND,2026-08-25T01:39:52Z,ff_hsx_symbol_daily_v1,8e90205418a0807dd70e3ca625ad6a56fe8dc44f6a4869b094cbc3aef9bb638a
2023-05-22,ACB,HOSE,0.0,0.0,0.0,0.0,0.0,0.0,0.0,0.0,0.0,0.0,25000.0,25050.0,24900.0,25050.0,24990.0,HSX_FOREIGN_API,HOSE_SYMBOL_LEVEL,VND,2026-08-25T01:39:52Z,ff_hsx_symbol_daily_v1,689c59052dd465afd25c60d64840d29abe3275313cc45f28a0fe00d3da8fd2b9
2023-05-23,ACB,HOSE,0.0,0.0,0.0,0.0,0.0,0.0,0.0,0.0,0.0,0.0,25200.0,25600.0,25000.0,25350.0,25270.0,HSX_FOREIGN_API,HOSE_SYMBOL_LEVEL,VND,2026-08-25T01:39:52Z,ff_hsx_symbol_daily_v1,346b0575658d7e9ac71db85295cf2c601dc3ffe2d5bfa3d123e376c036f102c1
2023-05-24,ACB,HOSE,0.0,0.0,0.0,0.0,0.0,0.0,0.0,0.0,0.0,0.0,25500.0,25500.0,24950.0,25150.0,25200.0,HSX_FOREIGN_API,HOSE_SYMBOL_LEVEL,VND,2026-08-25T01:39:52Z,ff_hsx_symbol_daily_v1,9d376172bf25af132a49f7d3cfabd038f596fbe3e61b601854d4096ea6c18010
2023-05-25,ACB,HOSE,0.0,0.0,0.0,0.0,0.0,0.0,0.0,0.0,0.0,0.0,25200.0,25200.0,24900.0,25100.0,25020.0,HSX_FOREIGN_API,HOSE_SYMBOL_LEVEL,VND,2026-08-25T01:39:52Z,ff_hsx_symbol_daily_v1,28c5735144cd009cbd618a1bf1004f8d16b8c46966a1fc69033c47361cbf4d14
2023-05-26,ACB,HOSE,0.0,0.0,0.0,0.0,0.0,0.0,0.0,0.0,0.0,0.0,25200.0,25200.0,24950.0,25000.0,25010.0,HSX_FOREIGN_API,HOSE_SYMBOL_LEVEL,VND,2026-08-25T01:39:52Z,ff_hsx_symbol_daily_v1,ef4561f7c31befa6cdf6c0ca80541c0c551fc42dd4c314a6ee47a4398b020e34
2023-05-29,ACB,HOSE,0.0,0.0,0.0,0.0,0.0,0.0,0.0,0.0,0.0,0.0,25100.0,25300.0,25000.0,25150.0,25090.0,HSX_FOREIGN_API,HOSE_SYMBOL_LEVEL,VND,2026-08-25T01:39:52Z,ff_hsx_symbol_daily_v1,e505940a31da919a77f2143d5a8c352ea0d6363315df81af38699eedff955f5f
2023-05-30,ACB,HOSE,0.0,0.0,0.0,0.0,0.0,0.0,0.0,0.0,0.0,0.0,25300.0,25300.0,25000.0,25200.0,25080.0,HSX_FOREIGN_API,HOSE_SYMBOL_LEVEL,VND,2026-08-25T01:39:52Z,ff_hsx_symbol_daily_v1,a2bb22daa36bd2d53b17d86c698ab33d4a0d5cc5817f345ff39e2eae11ec6187
2023-05-31,ACB,HOSE,0.0,0.0,0.0,0.0,0.0,0.0,0.0,0.0,0.0,0.0,25200.0,25400.0,25000.0,25400.0,25090.0,HSX_FOREIGN_API,HOSE_SYMBOL_LEVEL,VND,2026-08-25T01:39:52Z,ff_hsx_symbol_daily_v1,ba4c625eec94041582e4c11b0999f58a05435473e192be6b51922b192c515dc0
2023-06-01,ACB,HOSE,0.0,0.0,0.0,0.0,0.0,0.0,0.0,0.0,0.0,0.0,21500.0,21750.0,21250.0,21400.0,21440.0,HSX_FOREIGN_API,HOSE_SYMBOL_LEVEL,VND,2026-08-25T01:39:52Z,ff_hsx_symbol_daily_v1,51987daef6b9071352c03b0e318e9683000fc86d14b6b1aa4e31c421e03a907e
2023-06-02,ACB,HOSE,0.0,0.0,0.0,0.0,0.0,0.0,0.0,0.0,0.0,0.0,21500.0,22100.0,21450.0,21800.0,21750.0,HSX_FOREIGN_API,HOSE_SYMBOL_LEVEL,VND,2026-08-25T01:39:52Z,ff_hsx_symbol_daily_v1,6ae50933a68ae318c5521292a32a6e7ffbc6c948e4e2d3f2af8659261e6962a6
2023-06-05,ACB,HOSE,0.0,0.0,0.0,0.0,0.0,0.0,0.0,0.0,0.0,0.0,22000.0,22150.0,21650.0,21750.0,21910.0,HSX_FOREIGN_API,HOSE_SYMBOL_LEVEL,VND,2026-08-25T01:39:52Z,ff_hsx_symbol_daily_v1,f1adaebaf95fbbbf906a7618a3c40f7a05bc7973fff07fdb944a4145207b3398
2023-06-06,ACB,HOSE,0.0,0.0,0.0,0.0,0.0,0.0,0.0,0.0,0.0,0.0,21800.0,21850.0,21700.0,21800.0,21750.0,HSX_FOREIGN_API,HOSE_SYMBOL_LEVEL,VND,2026-08-25T01:39:52Z,ff_hsx_symbol_daily_v1,b61970fcb87435fa1de18174b5a0a4493cf27ff23e4986b43605f4ea24d1e7d4
2023-06-07,ACB,HOSE,0.0,0.0,0.0,0.0,0.0,0.0,0.0,0.0,0.0,0.0,21800.0,22000.0,21800.0,21850.0,21890.0,HSX_FOREIGN_API,HOSE_SYMBOL_LEVEL,VND,2026-08-25T01:39:52Z,ff_hsx_symbol_daily_v1,8531c12689772f1163e7f01f2f3d1dd0f8f533d5249310637612cd2a957e0550
2023-06-08,ACB,HOSE,0.0,0.0,0.0,0.0,0.0,0.0,0.0,0.0,0.0,0.0,21800.0,21900.0,21600.0,21600.0,21700.0,HSX_FOREIGN_API,HOSE_SYMBOL_LEVEL,VND,2026-08-25T01:39:52Z,ff_hsx_symbol_daily_v1,f8729a3700dc3614c4820ca772c7af27d0e3a2adfe2cebc3d18b9270c788d36c
2023-06-09,ACB,HOSE,0.0,0.0,0.0,0.0,0.0,0.0,0.0,0.0,0.0,0.0,21650.0,21650.0,21300.0,21550.0,21470.0,HSX_FOREIGN_API,HOSE_SYMBOL_LEVEL,VND,2026-08-25T01:39:52Z,ff_hsx_symbol_daily_v1,e5e7f95d563ec6ca3724eaf78c976fa565ca7bc98bf34498d67f30bc9706806f
2023-06-12,ACB,HOSE,0.0,0.0,0.0,0.0,0.0,0.0,0.0,0.0,0.0,0.0,21650.0,21650.0,21350.0,21450.0,21470.0,HSX_FOREIGN_API,HOSE_SYMBOL_LEVEL,VND,2026-08-25T01:39:52Z,ff_hsx_symbol_daily_v1,a1850153ea3a03b78dae31afca40eca99290a4e4c590f30a88a9361ad8e42596
2023-06-13,ACB,HOSE,0.0,0.0,0.0,0.0,0.0,0.0,0.0,0.0,0.0,0.0,21500.0,21600.0,21400.0,21600.0,21480.0,HSX_FOREIGN_API,HOSE_SYMBOL_LEVEL,VND,2026-08-25T01:39:52Z,ff_hsx_symbol_daily_v1,385544609d5a91d259b2d9dc3e5a84477133a4256892c23f97889275702dc017
2023-06-14,ACB,HOSE,0.0,0.0,0.0,0.0,0.0,0.0,0.0,0.0,0.0,0.0,21650.0,21900.0,21600.0,21650.0,21760.0,HSX_FOREIGN_API,HOSE_SYMBOL_LEVEL,VND,2026-08-25T01:39:52Z,ff_hsx_symbol_daily_v1,28779de7c35920142e9b0f8fbc0aef81714a7ed19e5527a3c973ab92f22f9c84
2023-06-15,ACB,HOSE,0.0,0.0,0.0,0.0,0.0,0.0,0.0,0.0,0.0,0.0,21650.0,21700.0,21550.0,21700.0,21650.0,HSX_FOREIGN_API,HOSE_SYMBOL_LEVEL,VND,2026-08-25T01:39:52Z,ff_hsx_symbol_daily_v1,2a0a409523494f6e08053d84bdab16c4013540f87d57da6a66cad3398fe6847d
2023-06-16,ACB,HOSE,0.0,0.0,0.0,0.0,0.0,0.0,0.0,0.0,0.0,0.0,21700.0,22100.0,21600.0,21800.0,21860.0,HSX_FOREIGN_API,HOSE_SYMBOL_LEVEL,VND,2026-08-25T01:39:52Z,ff_hsx_symbol_daily_v1,91a8d67ef662511de7aa2949f1ae60d849f5296fce9854d0f4e4f7931b364327
2023-06-19,ACB,HOSE,0.0,0.0,0.0,0.0,0.0,0.0,0.0,0.0,0.0,0.0,21800.0,21850.0,21600.0,21650.0,21710.0,HSX_FOREIGN_API,HOSE_SYMBOL_LEVEL,VND,2026-08-25T01:39:52Z,ff_hsx_symbol_daily_v1,dda644442b62364cf75a649299cc136b272403c41e01a2bbf34bfcf01573ec24
2023-06-20,ACB,HOSE,0.0,0.0,0.0,0.0,0.0,0.0,0.0,0.0,0.0,0.0,21650.0,21700.0,21500.0,21650.0,21550.0,HSX_FOREIGN_API,HOSE_SYMBOL_LEVEL,VND,2026-08-25T01:39:52Z,ff_hsx_symbol_daily_v1,adc3c9559d1de49ea87bd8be4bb67fb7c8399382af0eb13f71a7b4a8df3f885b
2023-06-21,ACB,HOSE,0.0,0.0,0.0,0.0,0.0,0.0,0.0,0.0,0.0,0.0,21600.0,21700.0,21550.0,21700.0,21630.0,HSX_FOREIGN_API,HOSE_SYMBOL_LEVEL,VND,2026-08-25T01:39:52Z,ff_hsx_symbol_daily_v1,944fd0915101ad7d469084b8aca72f645e68057262505074f0f822b23962cfc0
2023-06-22,ACB,HOSE,0.0,0.0,0.0,0.0,0.0,0.0,0.0,0.0,0.0,0.0,21750.0,21900.0,21650.0,21650.0,21760.0,HSX_FOREIGN_API,HOSE_SYMBOL_LEVEL,VND,2026-08-25T01:39:52Z,ff_hsx_symbol_daily_v1,1accf89dd08f1aba139d0fe005f2f797c79aa904f4f85c0696ac8bcf5bc8fb7d
2023-06-23,ACB,HOSE,0.0,0.0,0.0,0.0,0.0,0.0,0.0,0.0,0.0,0.0,21700.0,21900.0,21600.0,21900.0,21800.0,HSX_FOREIGN_API,HOSE_SYMBOL_LEVEL,VND,2026-08-25T01:39:52Z,ff_hsx_symbol_daily_v1,d9d3566238f24e45b1659d3c34efdc73337a241982619a5d9039540221291217
2023-06-26,ACB,HOSE,0.0,0.0,0.0,0.0,0.0,0.0,0.0,0.0,0.0,0.0,22200.0,22500.0,22000.0,22250.0,22200.0,HSX_FOREIGN_API,HOSE_SYMBOL_LEVEL,VND,2026-08-25T01:39:52Z,ff_hsx_symbol_daily_v1,857b92d902186bf3a78dc5bb32e2a053d0da1383af1a1fa08e8751fb641faf4a
2023-06-27,ACB,HOSE,0.0,0.0,0.0,0.0,0.0,0.0,0.0,0.0,0.0,0.0,22550.0,22550.0,22200.0,22200.0,22310.0,HSX_FOREIGN_API,HOSE_SYMBOL_LEVEL,VND,2026-08-25T01:39:52Z,ff_hsx_symbol_daily_v1,0a360101030703fe2e648703278a472e045c74018610c607de4f099b004d1c6b
2023-06-28,ACB,HOSE,0.0,0.0,0.0,0.0,0.0,0.0,0.0,0.0,0.0,0.0,22200.0,22400.0,22100.0,22300.0,22190.0,HSX_FOREIGN_API,HOSE_SYMBOL_LEVEL,VND,2026-08-25T01:39:52Z,ff_hsx_symbol_daily_v1,1712b444d73f67d22790186786720b78d89060d6e549431313f834c7bfffc547
2023-06-29,ACB,HOSE,13196205000.0,13196205000.0,0.0,553300.0,553300.0,0.0,13196205000.0,13196205000.0,553300.0,553300.0,22300.0,22400.0,21900.0,21900.0,22130.0,HSX_FOREIGN_API,HOSE_SYMBOL_LEVEL,VND,2026-08-25T01:39:52Z,ff_hsx_symbol_daily_v1,84a8bdead2ce66a45d8184129317246299a6260d07bb7f5f3843851c280538e0
2023-06-30,ACB,HOSE,0.0,0.0,0.0,0.0,0.0,0.0,0.0,0.0,0.0,0.0,21900.0,22050.0,21800.0,22050.0,21920.0,HSX_FOREIGN_API,HOSE_SYMBOL_LEVEL,VND,2026-08-25T01:39:52Z,ff_hsx_symbol_daily_v1,1e79c27ca29fb2d57f5997af62f57a1470a5f8492c4f26e032a3687471972af5
2023-07-03,ACB,HOSE,0.0,0.0,0.0,0.0,0.0,0.0,0.0,0.0,0.0,0.0,22050.0,22100.0,21950.0,22050.0,22020.0,HSX_FOREIGN_API,HOSE_SYMBOL_LEVEL,VND,2026-08-25T01:39:52Z,ff_hsx_symbol_daily_v1,b52cc7cbd6ab701deedf70d7ad431dd38743420850240187001886642947538d
2023-07-04,ACB,HOSE,0.0,0.0,0.0,0.0,0.0,0.0,0.0,0.0,0.0,0.0,21950.0,22050.0,21900.0,22000.0,21960.0,HSX_FOREIGN_API,HOSE_SYMBOL_LEVEL,VND,2026-08-25T01:39:52Z,ff_hsx_symbol_daily_v1,fac44817122e63e838de5c143db1e778fa1e6141f8e9ea036337b0c9b2e5bfac
2023-07-05,ACB,HOSE,0.0,2939300.0,-2939300.0,0.0,133.0,-133.0,0.0,0.0,0.0,0.0,22000.0,22100.0,21950.0,21950.0,22020.0,HSX_FOREIGN_API,HOSE_SYMBOL_LEVEL,VND,2026-08-25T01:39:52Z,ff_hsx_symbol_daily_v1,d2b567689a2db4e5e137f0a440f72ef04c1c168b78f9a1e9da8712e2411cc9ae
2023-07-06,ACB,HOSE,23450000000.0,23450000000.0,0.0,1000000.0,1000000.0,0.0,23450000000.0,23450000000.0,1000000.0,1000000.0,21950.0,22000.0,21650.0,21700.0,21830.0,HSX_FOREIGN_API,HOSE_SYMBOL_LEVEL,VND,2026-08-25T01:39:52Z,ff_hsx_symbol_daily_v1,e1015180d8816abc003d9dbc3768aca0361d918d24470a63c5c5b23a7b8628f5
2023-07-07,ACB,HOSE,0.0,0.0,0.0,0.0,0.0,0.0,0.0,0.0,0.0,0.0,21700.0,21750.0,21500.0,21700.0,21580.0,HSX_FOREIGN_API,HOSE_SYMBOL_LEVEL,VND,2026-08-25T01:39:52Z,ff_hsx_symbol_daily_v1,0ecdde3ee936c71b15e253145c16162a339f84d44011f375e47a6dcfbd9c718b
2023-07-10,ACB,HOSE,2899350.0,0.0,2899350.0,133.0,0.0,133.0,0.0,0.0,0.0,0.0,21750.0,22100.0,21700.0,21950.0,21910.0,HSX_FOREIGN_API,HOSE_SYMBOL_LEVEL,VND,2026-08-25T01:39:52Z,ff_hsx_symbol_daily_v1,de33ef3377abf8380881c830907eb1300d5da0e0fbcb14a8228776c0fad3183c
2023-07-11,ACB,HOSE,0.0,0.0,0.0,0.0,0.0,0.0,0.0,0.0,0.0,0.0,22300.0,22300.0,21950.0,22000.0,22120.0,HSX_FOREIGN_API,HOSE_SYMBOL_LEVEL,VND,2026-08-25T01:39:52Z,ff_hsx_symbol_daily_v1,7c6b4214b7831e08c20e5657bbdf5c37e06f96ac007ac9c1d1d5d1f8873152bc
2023-07-12,ACB,HOSE,0.0,0.0,0.0,0.0,0.0,0.0,0.0,0.0,0.0,0.0,22200.0,22200.0,21800.0,21850.0,21930.0,HSX_FOREIGN_API,HOSE_SYMBOL_LEVEL,VND,2026-08-25T01:39:52Z,ff_hsx_symbol_daily_v1,b2856b1e217b59cb63a56d97b91123a47a9b27a3bfb12b51eecba40ffce36af2
2023-07-13,ACB,HOSE,0.0,0.0,0.0,0.0,0.0,0.0,0.0,0.0,0.0,0.0,22000.0,22000.0,21800.0,22000.0,21910.0,HSX_FOREIGN_API,HOSE_SYMBOL_LEVEL,VND,2026-08-25T01:39:52Z,ff_hsx_symbol_daily_v1,a376108e63b74c5800c3ffa184d962a35d878d13d9155b72db7876573c36e473
2023-07-14,ACB,HOSE,0.0,0.0,0.0,0.0,0.0,0.0,0.0,0.0,0.0,0.0,22050.0,22100.0,21800.0,22000.0,21920.0,HSX_FOREIGN_API,HOSE_SYMBOL_LEVEL,VND,2026-08-25T01:39:52Z,ff_hsx_symbol_daily_v1,7fe94d4cb59e2144a3a1a1ba4cbbb68873049b7c719af795a632d280a1bfb61b
2023-07-17,ACB,HOSE,0.0,0.0,0.0,0.0,0.0,0.0,0.0,0.0,0.0,0.0,22050.0,22050.0,21900.0,22000.0,21980.0,HSX_FOREIGN_API,HOSE_SYMBOL_LEVEL,VND,2026-08-25T01:39:52Z,ff_hsx_symbol_daily_v1,9ab325d4c388f7259756e04d23bce1d6ae52a0291840e85d4fff71c73f5d0b6e
2023-07-18,ACB,HOSE,0.0,10702750.0,-10702750.0,0.0,489.0,-489.0,0.0,0.0,0.0,0.0,21900.0,22000.0,21850.0,22000.0,21940.0,HSX_FOREIGN_API,HOSE_SYMBOL_LEVEL,VND,2026-08-25T01:39:52Z,ff_hsx_symbol_daily_v1,6495666bd7c3f4b7f70be1eec7838d109915c66309618a0c7b46f9dce6966e86
2023-07-19,ACB,HOSE,3259450000.0,3305069550.0,-45619550.0,138700.0,140774.0,-2074.0,3259450000.0,3259450000.0,138700.0,138700.0,22000.0,22150.0,21950.0,22000.0,22040.0,HSX_FOREIGN_API,HOSE_SYMBOL_LEVEL,VND,2026-08-25T01:39:52Z,ff_hsx_symbol_daily_v1,174427dd04dab2adeee5300ffcbe2aac0feaa81da77e02443ddde48433bc1465
2023-07-20,ACB,HOSE,0.0,0.0,0.0,0.0,0.0,0.0,0.0,0.0,0.0,0.0,22000.0,22050.0,21900.0,22000.0,21950.0,HSX_FOREIGN_API,HOSE_SYMBOL_LEVEL,VND,2026-08-25T01:39:52Z,ff_hsx_symbol_daily_v1,c10002a10fee9aaac07b15466687cbfa7bea410a6f24225dfd23256339b77a02
2023-07-21,ACB,HOSE,10758000.0,0.0,10758000.0,489.0,0.0,489.0,0.0,0.0,0.0,0.0,22000.0,22100.0,21900.0,22100.0,22000.0,HSX_FOREIGN_API,HOSE_SYMBOL_LEVEL,VND,2026-08-25T01:39:52Z,ff_hsx_symbol_daily_v1,b75bdd3b7d2299bdba9e9fbf7dd37e112f6817e2a343d1b12b8cd6f4290e114d
2023-07-24,ACB,HOSE,45828000.0,0.0,45828000.0,2074.0,0.0,2074.0,0.0,0.0,0.0,0.0,22100.0,22200.0,21950.0,22050.0,22040.0,HSX_FOREIGN_API,HOSE_SYMBOL_LEVEL,VND,2026-08-25T01:39:52Z,ff_hsx_symbol_daily_v1,1c65007e20b5f7d2e29fcf45e33e82f015520a2f2850b930f6f7266be5154f11
2023-07-25,ACB,HOSE,0.0,0.0,0.0,0.0,0.0,0.0,0.0,0.0,0.0,0.0,22000.0,22500.0,22000.0,22300.0,22300.0,HSX_FOREIGN_API,HOSE_SYMBOL_LEVEL,VND,2026-08-25T01:39:52Z,ff_hsx_symbol_daily_v1,149cef0d002c8f897c347e1781e386659d1f75732607c9cf7dbab27195cbf22e
2023-07-26,ACB,HOSE,0.0,0.0,0.0,0.0,0.0,0.0,0.0,0.0,0.0,0.0,22300.0,22450.0,22200.0,22300.0,22310.0,HSX_FOREIGN_API,HOSE_SYMBOL_LEVEL,VND,2026-08-25T01:39:52Z,ff_hsx_symbol_daily_v1,acfba975e84b8ac1b63a57d45052f0483d8c47bfc68aba9bcb1ca6b28ab5c099
2023-07-27,ACB,HOSE,0.0,0.0,0.0,0.0,0.0,0.0,0.0,0.0,0.0,0.0,22300.0,22350.0,22050.0,22150.0,22150.0,HSX_FOREIGN_API,HOSE_SYMBOL_LEVEL,VND,2026-08-25T01:39:52Z,ff_hsx_symbol_daily_v1,caa400c18eb3f728ec0b15e1059d82105817db5018ed50f390e5475f396bd65c
2023-07-28,ACB,HOSE,11850000000.0,11850000000.0,0.0,500000.0,500000.0,0.0,11850000000.0,11850000000.0,500000.0,500000.0,22200.0,22400.0,22050.0,22200.0,22230.0,HSX_FOREIGN_API,HOSE_SYMBOL_LEVEL,VND,2026-08-25T01:39:52Z,ff_hsx_symbol_daily_v1,274b34a4e31a822344b8a9ddbe4083f0f89d596a5ad5147eb9583957f50c416a
2023-07-31,ACB,HOSE,0.0,0.0,0.0,0.0,0.0,0.0,0.0,0.0,0.0,0.0,22500.0,22950.0,22450.0,22950.0,22730.0,HSX_FOREIGN_API,HOSE_SYMBOL_LEVEL,VND,2026-08-25T01:39:52Z,ff_hsx_symbol_daily_v1,5fa0d43fc823a62be3e31367f4b357416ba145ed20143e7cf666e7f4ba3afc3c
2023-08-01,ACB,HOSE,0.0,0.0,0.0,0.0,0.0,0.0,0.0,0.0,0.0,0.0,23250.0,23250.0,22750.0,22850.0,23020.0,HSX_FOREIGN_API,HOSE_SYMBOL_LEVEL,VND,2026-08-25T01:39:52Z,ff_hsx_symbol_daily_v1,6067253f27aac0fb482451f73aab60408774f0990236653750f9caacd9f7949f
2023-08-02,ACB,HOSE,0.0,0.0,0.0,0.0,0.0,0.0,0.0,0.0,0.0,0.0,22800.0,23150.0,22800.0,23100.0,23010.0,HSX_FOREIGN_API,HOSE_SYMBOL_LEVEL,VND,2026-08-25T01:39:52Z,ff_hsx_symbol_daily_v1,35fa3c8134dd7abfbb050c0d0c489d4b65ef5d650aca1e7a96c913ac25158ee9
2023-08-03,ACB,HOSE,0.0,0.0,0.0,0.0,0.0,0.0,0.0,0.0,0.0,0.0,23050.0,23500.0,23000.0,23450.0,23310.0,HSX_FOREIGN_API,HOSE_SYMBOL_LEVEL,VND,2026-08-25T01:39:52Z,ff_hsx_symbol_daily_v1,e3b3bfd07c19b83848c9065cf1f8c314e7c2cd39907792ddd1c5001b959956bb
2023-08-04,ACB,HOSE,0.0,0.0,0.0,0.0,0.0,0.0,0.0,0.0,0.0,0.0,23600.0,24400.0,23250.0,24400.0,23920.0,HSX_FOREIGN_API,HOSE_SYMBOL_LEVEL,VND,2026-08-25T01:39:52Z,ff_hsx_symbol_daily_v1,7ad54b6d4692567eab640e6f58fdede20dfe60080ac691dd829c013658fc7d42
2023-08-07,ACB,HOSE,3201797925000.0,3201797925000.0,0.0,122674250.0,122674250.0,0.0,3201797925000.0,3201797925000.0,122674250.0,122674250.0,23950.0,24050.0,23600.0,23750.0,23760.0,HSX_FOREIGN_API,HOSE_SYMBOL_LEVEL,VND,2026-08-25T01:39:52Z,ff_hsx_symbol_daily_v1,aa7960dc275058c31adbb646bab8f2be30f7e4867c10d946ef383de87ca06f02
2023-08-08,ACB,HOSE,0.0,0.0,0.0,0.0,0.0,0.0,0.0,0.0,0.0,0.0,23800.0,23900.0,23300.0,23400.0,23550.0,HSX_FOREIGN_API,HOSE_SYMBOL_LEVEL,VND,2026-08-25T01:39:52Z,ff_hsx_symbol_daily_v1,5e80daa4842129ec9e9e8d394ae2dc0fe00d8db44e631763895f1d4f5da3110d
2023-08-09,ACB,HOSE,0.0,0.0,0.0,0.0,0.0,0.0,0.0,0.0,0.0,0.0,23400.0,23600.0,23150.0,23200.0,23340.0,HSX_FOREIGN_API,HOSE_SYMBOL_LEVEL,VND,2026-08-25T01:39:52Z,ff_hsx_symbol_daily_v1,a005e2fc9fc862a27bee4edacaea228a316bdac6b463b5c14846a099854a0375
2023-08-10,ACB,HOSE,0.0,0.0,0.0,0.0,0.0,0.0,0.0,0.0,0.0,0.0,23250.0,23350.0,22900.0,22900.0,23060.0,HSX_FOREIGN_API,HOSE_SYMBOL_LEVEL,VND,2026-08-25T01:39:52Z,ff_hsx_symbol_daily_v1,80961cc1b813167985040a2d753c7963be01ec4c6c0d78632881cfc51cce99a9
2023-08-11,ACB,HOSE,0.0,0.0,0.0,0.0,0.0,0.0,0.0,0.0,0.0,0.0,22950.0,23000.0,22600.0,22900.0,22780.0,HSX_FOREIGN_API,HOSE_SYMBOL_LEVEL,VND,2026-08-25T01:39:52Z,ff_hsx_symbol_daily_v1,06dc4560b52b940972f317cf88b80aa4df000f3e4e3972c123907c86de7241ad
2023-08-14,ACB,HOSE,0.0,0.0,0.0,0.0,0.0,0.0,0.0,0.0,0.0,0.0,22900.0,23050.0,22800.0,23050.0,22940.0,HSX_FOREIGN_API,HOSE_SYMBOL_LEVEL,VND,2026-08-25T01:39:52Z,ff_hsx_symbol_daily_v1,fcd1825648b68ff2fc98f3c557ab21e40dbfd4ad7f1ed2e94767fce3f3bab062
2023-08-15,ACB,HOSE,0.0,0.0,0.0,0.0,0.0,0.0,0.0,0.0,0.0,0.0,23150.0,23250.0,22850.0,22850.0,22960.0,HSX_FOREIGN_API,HOSE_SYMBOL_LEVEL,VND,2026-08-25T01:39:52Z,ff_hsx_symbol_daily_v1,104efb515ed5026dbed14154abbf2d876346813aca3e8c31f8761183317e188f
2023-08-16,ACB,HOSE,0.0,0.0,0.0,0.0,0.0,0.0,0.0,0.0,0.0,0.0,22850.0,23050.0,22800.0,22900.0,22920.0,HSX_FOREIGN_API,HOSE_SYMBOL_LEVEL,VND,2026-08-25T01:39:52Z,ff_hsx_symbol_daily_v1,0088a9b31120fbc04df87f6ea1c489a198dddb9d835180bf22fc6c486524c9d7
2023-08-17,ACB,HOSE,0.0,0.0,0.0,0.0,0.0,0.0,0.0,0.0,0.0,0.0,22950.0,23000.0,22700.0,22700.0,22840.0,HSX_FOREIGN_API,HOSE_SYMBOL_LEVEL,VND,2026-08-25T01:39:52Z,ff_hsx_symbol_daily_v1,3c81370a578bb62e1679f6e18ee2c676dc6366e054f0521b893a909ac9561060
2023-08-18,ACB,HOSE,0.0,0.0,0.0,0.0,0.0,0.0,0.0,0.0,0.0,0.0,22700.0,22700.0,21900.0,21900.0,22280.0,HSX_FOREIGN_API,HOSE_SYMBOL_LEVEL,VND,2026-08-25T01:39:52Z,ff_hsx_symbol_daily_v1,fbf20a1efc27787b9f549a00510b063f0dcdd17b6d36449248a50aefb3148c54
2023-08-21,ACB,HOSE,2340000000.0,2340000000.0,0.0,100000.0,100000.0,0.0,2340000000.0,2340000000.0,100000.0,100000.0,21850.0,22200.0,21850.0,22000.0,22000.0,HSX_FOREIGN_API,HOSE_SYMBOL_LEVEL,VND,2026-08-25T01:39:52Z,ff_hsx_symbol_daily_v1,221e9c81168a2d1a1d405a1a8ec2aab04eff33b78b4c779dbe6e82215736cb4e
2023-08-22,ACB,HOSE,0.0,0.0,0.0,0.0,0.0,0.0,0.0,0.0,0.0,0.0,22100.0,22150.0,21600.0,22050.0,21900.0,HSX_FOREIGN_API,HOSE_SYMBOL_LEVEL,VND,2026-08-25T01:39:52Z,ff_hsx_symbol_daily_v1,0c17d6c8b23b32e6db63551a1310758a26ce141607776949760e4488d22d4444
2023-08-23,ACB,HOSE,0.0,0.0,0.0,0.0,0.0,0.0,0.0,0.0,0.0,0.0,22200.0,22300.0,21850.0,21850.0,22040.0,HSX_FOREIGN_API,HOSE_SYMBOL_LEVEL,VND,2026-08-25T01:39:52Z,ff_hsx_symbol_daily_v1,e373949275b40ebf7c47ae14aa972d05ed60eb6cc76902fd82906dcf7c69d542
2023-08-24,ACB,HOSE,0.0,0.0,0.0,0.0,0.0,0.0,0.0,0.0,0.0,0.0,21850.0,22250.0,21850.0,22050.0,22030.0,HSX_FOREIGN_API,HOSE_SYMBOL_LEVEL,VND,2026-08-25T01:39:52Z,ff_hsx_symbol_daily_v1,8c00a5437499e2933c5b602ff90825701d1eca086bf99e0f98c4781842e12179
2023-08-25,ACB,HOSE,0.0,1182600.0,-1182600.0,0.0,54.0,-54.0,0.0,0.0,0.0,0.0,22000.0,22050.0,21850.0,21950.0,21950.0,HSX_FOREIGN_API,HOSE_SYMBOL_LEVEL,VND,2026-08-25T01:39:52Z,ff_hsx_symbol_daily_v1,562f951781cfc5a3d50ba7a984cd922d33113121701d513312c84e9f70a3773c
2023-08-28,ACB,HOSE,0.0,0.0,0.0,0.0,0.0,0.0,0.0,0.0,0.0,0.0,22000.0,22100.0,21950.0,22050.0,22010.0,HSX_FOREIGN_API,HOSE_SYMBOL_LEVEL,VND,2026-08-25T01:39:52Z,ff_hsx_symbol_daily_v1,b04f6124273d598f3326fbf6a9fceb62ef04198538111b1c1c62ab4e6262bc02
2023-08-29,ACB,HOSE,0.0,0.0,0.0,0.0,0.0,0.0,0.0,0.0,0.0,0.0,22050.0,22200.0,21950.0,22050.0,22070.0,HSX_FOREIGN_API,HOSE_SYMBOL_LEVEL,VND,2026-08-25T01:39:52Z,ff_hsx_symbol_daily_v1,a2152a7a7354b0bfc74fb3480cf70809d565ca4d4e9dad4e6a1fe440ab873a90
2023-08-30,ACB,HOSE,0.0,0.0,0.0,0.0,0.0,0.0,0.0,0.0,0.0,0.0,22050.0,22500.0,22050.0,22450.0,22310.0,HSX_FOREIGN_API,HOSE_SYMBOL_LEVEL,VND,2026-08-25T01:39:52Z,ff_hsx_symbol_daily_v1,07683795606141cd4aa6ec8d61ed5cfc092452bc5f67530a20e64e1efdfafd53
2023-08-31,ACB,HOSE,0.0,0.0,0.0,0.0,0.0,0.0,0.0,0.0,0.0,0.0,22450.0,22600.0,22450.0,22600.0,22520.0,HSX_FOREIGN_API,HOSE_SYMBOL_LEVEL,VND,2026-08-25T01:39:52Z,ff_hsx_symbol_daily_v1,80e1ecbc01f4a165a98a241a733006e082b19952618e6ae0700d9a3a319ba12d
2023-09-05,ACB,HOSE,0.0,0.0,0.0,0.0,0.0,0.0,0.0,0.0,0.0,0.0,22700.0,23050.0,22650.0,22750.0,22860.0,HSX_FOREIGN_API,HOSE_SYMBOL_LEVEL,VND,2026-08-25T01:39:52Z,ff_hsx_symbol_daily_v1,45b3f247d0bc8f2f98d5cea1dd062deeb9cc3e8985daef2b1cab4a69470beb53
2023-09-06,ACB,HOSE,0.0,1313600.0,-1313600.0,0.0,58.0,-58.0,0.0,0.0,0.0,0.0,22750.0,22950.0,22600.0,22950.0,22790.0,HSX_FOREIGN_API,HOSE_SYMBOL_LEVEL,VND,2026-08-25T01:39:52Z,ff_hsx_symbol_daily_v1,fe1041e226d5a5b78a261686f44633e2c3a0e84d3864b818937240ae7a35efa0
2023-09-07,ACB,HOSE,0.0,0.0,0.0,0.0,0.0,0.0,0.0,0.0,0.0,0.0,23000.0,23150.0,22750.0,22900.0,22940.0,HSX_FOREIGN_API,HOSE_SYMBOL_LEVEL,VND,2026-08-25T01:39:52Z,ff_hsx_symbol_daily_v1,93714f6f0fb3dfd5d58bd2f36d8d15efecffb5ffacbf6135e910461520ac0c0b
2023-09-08,ACB,HOSE,0.0,0.0,0.0,0.0,0.0,0.0,0.0,0.0,0.0,0.0,22900.0,22950.0,22700.0,22750.0,22810.0,HSX_FOREIGN_API,HOSE_SYMBOL_LEVEL,VND,2026-08-25T01:39:52Z,ff_hsx_symbol_daily_v1,84395270ec48abab69433bf146acf588d86ce87a68cb2e0a14c3e31ef42ddf32
2023-09-11,ACB,HOSE,0.0,0.0,0.0,0.0,0.0,0.0,0.0,0.0,0.0,0.0,22800.0,22900.0,22250.0,22350.0,22510.0,HSX_FOREIGN_API,HOSE_SYMBOL_LEVEL,VND,2026-08-25T01:39:52Z,ff_hsx_symbol_daily_v1,6f0fdc9474cfbd21ffa5fc5a4972c7d3cb42047007ffea49dc049e565ff61bda
2023-09-12,ACB,HOSE,0.0,0.0,0.0,0.0,0.0,0.0,0.0,0.0,0.0,0.0,22350.0,22750.0,22200.0,22750.0,22450.0,HSX_FOREIGN_API,HOSE_SYMBOL_LEVEL,VND,2026-08-25T01:39:52Z,ff_hsx_symbol_daily_v1,34b6508e933f2626148bbe711f68bbb3f83646929c37cdbdbbcbee9175cb4e85
2023-09-13,ACB,HOSE,0.0,0.0,0.0,0.0,0.0,0.0,0.0,0.0,0.0,0.0,22750.0,22800.0,22450.0,22550.0,22630.0,HSX_FOREIGN_API,HOSE_SYMBOL_LEVEL,VND,2026-08-25T01:39:52Z,ff_hsx_symbol_daily_v1,07d41caee9903b15b5f3c818d2db280f18ea387ce3b56640d21077efb0d37e68
2023-09-14,ACB,HOSE,0.0,0.0,0.0,0.0,0.0,0.0,0.0,0.0,0.0,0.0,22500.0,22800.0,22400.0,22450.0,22590.0,HSX_FOREIGN_API,HOSE_SYMBOL_LEVEL,VND,2026-08-25T01:39:52Z,ff_hsx_symbol_daily_v1,0043cd42fff70a97406617439e811cd1e5545657b8813ddfb38ca9c616bdf5fb
2023-09-15,ACB,HOSE,13927656000.0,13927656000.0,0.0,580319.0,580319.0,0.0,13927656000.0,13927656000.0,580319.0,580319.0,22600.0,22750.0,22450.0,22650.0,22610.0,HSX_FOREIGN_API,HOSE_SYMBOL_LEVEL,VND,2026-08-25T01:39:52Z,ff_hsx_symbol_daily_v1,9c56f4e9deb7778886c34b518d94c9a6a01115c8ca4ee9b6b9fac95cc300447e
2023-09-18,ACB,HOSE,12051600000.0,12051600000.0,0.0,498000.0,498000.0,0.0,12051600000.0,12051600000.0,498000.0,498000.0,22600.0,22650.0,22300.0,22450.0,22440.0,HSX_FOREIGN_API,HOSE_SYMBOL_LEVEL,VND,2026-08-25T01:39:52Z,ff_hsx_symbol_daily_v1,60fcadffe35efcc7147214edb507df555d14db7f973a70b98c8a5c1e07c1ba1b
2023-09-19,ACB,HOSE,0.0,0.0,0.0,0.0,0.0,0.0,0.0,0.0,0.0,0.0,22450.0,22600.0,22250.0,22300.0,22380.0,HSX_FOREIGN_API,HOSE_SYMBOL_LEVEL,VND,2026-08-25T01:39:52Z,ff_hsx_symbol_daily_v1,934692bfb10a91d72fb25651ce335832d44ad1e6565896f0b31a336c78ba558c
2023-09-20,ACB,HOSE,45315000000.0,45315000000.0,0.0,1900000.0,1900000.0,0.0,45315000000.0,45315000000.0,1900000.0,1900000.0,22300.0,22550.0,22250.0,22450.0,22400.0,HSX_FOREIGN_API,HOSE_SYMBOL_LEVEL,VND,2026-08-25T01:39:52Z,ff_hsx_symbol_daily_v1,0a7bf8bd2a6653a13b828dda0cc2e8610eadc2ba797e11253f7988ec5890daab
2023-09-21,ACB,HOSE,0.0,0.0,0.0,0.0,0.0,0.0,0.0,0.0,0.0,0.0,22400.0,22550.0,22350.0,22400.0,22450.0,HSX_FOREIGN_API,HOSE_SYMBOL_LEVEL,VND,2026-08-25T01:39:52Z,ff_hsx_symbol_daily_v1,27b623e07fdd1d5f666266143f77e1e97bfe14fec00ae821997e1e940a6eb9d4
2023-09-22,ACB,HOSE,1437000000.0,1437000000.0,0.0,60000.0,60000.0,0.0,1437000000.0,1437000000.0,60000.0,60000.0,22200.0,22500.0,22100.0,22300.0,22290.0,HSX_FOREIGN_API,HOSE_SYMBOL_LEVEL,VND,2026-08-25T01:39:52Z,ff_hsx_symbol_daily_v1,f1b8b8dee4441b571b5463b5e7f818b807e0d7f92222727045c06040fd546a7e
2023-09-25,ACB,HOSE,0.0,0.0,0.0,0.0,0.0,0.0,0.0,0.0,0.0,0.0,22300.0,22350.0,22000.0,22000.0,22130.0,HSX_FOREIGN_API,HOSE_SYMBOL_LEVEL,VND,2026-08-25T01:39:52Z,ff_hsx_symbol_daily_v1,2a5eaabc148f95bb39c69e30ba12af0b21ba1fae343798defab72216b50bbe61
2023-09-26,ACB,HOSE,0.0,0.0,0.0,0.0,0.0,0.0,0.0,0.0,0.0,0.0,22050.0,22250.0,21850.0,21900.0,21990.0,HSX_FOREIGN_API,HOSE_SYMBOL_LEVEL,VND,2026-08-25T01:39:52Z,ff_hsx_symbol_daily_v1,fef6fa7dcc2513a60b91bb308e60b28ad57d06d04e9484513046bda008619e2a
2023-09-27,ACB,HOSE,0.0,0.0,0.0,0.0,0.0,0.0,0.0,0.0,0.0,0.0,21900.0,22000.0,21750.0,22000.0,21850.0,HSX_FOREIGN_API,HOSE_SYMBOL_LEVEL,VND,2026-08-25T01:39:52Z,ff_hsx_symbol_daily_v1,f45dd5b0d8ae5efa190388995fe6c3cf06bc96e2bf1c425dd2b57b6665267efb
2023-09-28,ACB,HOSE,11750000000.0,11750000000.0,0.0,500000.0,500000.0,0.0,11750000000.0,11750000000.0,500000.0,500000.0,21850.0,22000.0,21700.0,21750.0,21820.0,HSX_FOREIGN_API,HOSE_SYMBOL_LEVEL,VND,2026-08-25T01:39:52Z,ff_hsx_symbol_daily_v1,3155e16bcb18d0e6fa01678621c705dc7fbc070bef617b3c994fabda0dd5906c
2023-09-29,ACB,HOSE,0.0,0.0,0.0,0.0,0.0,0.0,0.0,0.0,0.0,0.0,21800.0,22050.0,21800.0,21850.0,21920.0,HSX_FOREIGN_API,HOSE_SYMBOL_LEVEL,VND,2026-08-25T01:39:52Z,ff_hsx_symbol_daily_v1,438a1c16934d0ec801e305b82df809767a6906c90b62aa902ca775b661173502
2023-10-02,ACB,HOSE,0.0,0.0,0.0,0.0,0.0,0.0,0.0,0.0,0.0,0.0,21800.0,21950.0,21700.0,21900.0,21840.0,HSX_FOREIGN_API,HOSE_SYMBOL_LEVEL,VND,2026-08-25T01:39:52Z,ff_hsx_symbol_daily_v1,f56a336d879b6fcf722b9b7481ed27d32ab5dbf1ca4553914fa69909f44dcdda
2023-10-03,ACB,HOSE,0.0,0.0,0.0,0.0,0.0,0.0,0.0,0.0,0.0,0.0,21800.0,21900.0,21600.0,21600.0,21720.0,HSX_FOREIGN_API,HOSE_SYMBOL_LEVEL,VND,2026-08-25T01:39:52Z,ff_hsx_symbol_daily_v1,5a9f35cd2333754c5a8c2b9c035f88e74ee33f6a55ab290ce127fae5274eed1f
2023-10-04,ACB,HOSE,0.0,0.0,0.0,0.0,0.0,0.0,0.0,0.0,0.0,0.0,21550.0,21700.0,21500.0,21600.0,21600.0,HSX_FOREIGN_API,HOSE_SYMBOL_LEVEL,VND,2026-08-25T01:39:52Z,ff_hsx_symbol_daily_v1,3b5bafb13496859c4c1a61c4aa05eebc85abb9fca84fd2a33aeaa443bf00da73
2023-10-05,ACB,HOSE,0.0,0.0,0.0,0.0,0.0,0.0,0.0,0.0,0.0,0.0,21750.0,21950.0,21600.0,21600.0,21760.0,HSX_FOREIGN_API,HOSE_SYMBOL_LEVEL,VND,2026-08-25T01:39:52Z,ff_hsx_symbol_daily_v1,22fc66d70152ef790cee874aefeb376ecab15e1f236b2ae45be040f80a240e9e
2023-10-06,ACB,HOSE,0.0,0.0,0.0,0.0,0.0,0.0,0.0,0.0,0.0,0.0,21600.0,21900.0,21550.0,21800.0,21700.0,HSX_FOREIGN_API,HOSE_SYMBOL_LEVEL,VND,2026-08-25T01:39:52Z,ff_hsx_symbol_daily_v1,ee398eeb6be070dad064ba413bf283b42f86b18f954d6021293a1ad6b8ad18eb
2023-10-09,ACB,HOSE,97904270000.0,97904270000.0,0.0,4201900.0,4201900.0,0.0,97904270000.0,97904270000.0,4201900.0,4201900.0,21700.0,22550.0,21700.0,22500.0,22260.0,HSX_FOREIGN_API,HOSE_SYMBOL_LEVEL,VND,2026-08-25T01:39:52Z,ff_hsx_symbol_daily_v1,f6b904ad69c9e09ac757318224e0383b2893196e5135ee6ec8a27efccddf6835
2023-10-10,ACB,HOSE,0.0,0.0,0.0,0.0,0.0,0.0,0.0,0.0,0.0,0.0,22500.0,22850.0,22500.0,22800.0,22730.0,HSX_FOREIGN_API,HOSE_SYMBOL_LEVEL,VND,2026-08-25T01:39:52Z,ff_hsx_symbol_daily_v1,6647e8a7aeb378420e55606030bb2a1af38db20302dc241875d9a74684e1cd0a
2023-10-11,ACB,HOSE,0.0,0.0,0.0,0.0,0.0,0.0,0.0,0.0,0.0,0.0,22800.0,22800.0,22550.0,22700.0,22680.0,HSX_FOREIGN_API,HOSE_SYMBOL_LEVEL,VND,2026-08-25T01:39:52Z,ff_hsx_symbol_daily_v1,3a9c9e0b6d6ecd739a4c58a3e277f53116fdd3c1b97df32d2bfafa73a2784304
2023-10-12,ACB,HOSE,0.0,0.0,0.0,0.0,0.0,0.0,0.0,0.0,0.0,0.0,22700.0,22900.0,22500.0,22700.0,22730.0,HSX_FOREIGN_API,HOSE_SYMBOL_LEVEL,VND,2026-08-25T01:39:52Z,ff_hsx_symbol_daily_v1,47f3477013f5ed46b744afa3c1a1a42e84f21332466497524fc5aa861efb799b
2023-10-13,ACB,HOSE,0.0,0.0,0.0,0.0,0.0,0.0,0.0,0.0,0.0,0.0,22600.0,22700.0,22500.0,22650.0,22640.0,HSX_FOREIGN_API,HOSE_SYMBOL_LEVEL,VND,2026-08-25T01:39:52Z,ff_hsx_symbol_daily_v1,f50591a0f57333fca91623f7eda348131a1c85f7e56113bfc8de45b4a6fcf7ac
2023-10-16,ACB,HOSE,0.0,0.0,0.0,0.0,0.0,0.0,0.0,0.0,0.0,0.0,22550.0,22700.0,22400.0,22600.0,22540.0,HSX_FOREIGN_API,HOSE_SYMBOL_LEVEL,VND,2026-08-25T01:39:52Z,ff_hsx_symbol_daily_v1,b50135bfa7dc793dd6d5a87f8474cf215878e9e328eeba74316a54491c3a5a42
2023-10-17,ACB,HOSE,0.0,0.0,0.0,0.0,0.0,0.0,0.0,0.0,0.0,0.0,22600.0,22650.0,22450.0,22450.0,22540.0,HSX_FOREIGN_API,HOSE_SYMBOL_LEVEL,VND,2026-08-25T01:39:52Z,ff_hsx_symbol_daily_v1,6770b2adc4ba386afcffaafb562564ae86e0debc075d6bc2fe57f74dbaa94e10
2023-10-18,ACB,HOSE,0.0,0.0,0.0,0.0,0.0,0.0,0.0,0.0,0.0,0.0,22450.0,22450.0,22050.0,22050.0,22220.0,HSX_FOREIGN_API,HOSE_SYMBOL_LEVEL,VND,2026-08-25T01:39:52Z,ff_hsx_symbol_daily_v1,32bc9087db6f21515c4371991ab6291df7433cefdeac175bbe54d55d1a347eb3
2023-10-19,ACB,HOSE,0.0,0.0,0.0,0.0,0.0,0.0,0.0,0.0,0.0,0.0,22050.0,22150.0,21800.0,21800.0,21970.0,HSX_FOREIGN_API,HOSE_SYMBOL_LEVEL,VND,2026-08-25T01:39:52Z,ff_hsx_symbol_daily_v1,1f35189716098b8c78d067a55f4c277a6c63bab43618349287c62e222a4bda64
2023-10-20,ACB,HOSE,3026670000.0,3026670000.0,0.0,129900.0,129900.0,0.0,3026670000.0,3026670000.0,129900.0,129900.0,21800.0,22100.0,21800.0,21900.0,21890.0,HSX_FOREIGN_API,HOSE_SYMBOL_LEVEL,VND,2026-08-25T01:39:52Z,ff_hsx_symbol_daily_v1,70f753d61bce7cf1aaa32ee40e12bf7f4a9420c75a6934346adc798868e8f91d
2023-10-23,ACB,HOSE,0.0,0.0,0.0,0.0,0.0,0.0,0.0,0.0,0.0,0.0,22100.0,22100.0,21700.0,21800.0,21810.0,HSX_FOREIGN_API,HOSE_SYMBOL_LEVEL,VND,2026-08-25T01:39:52Z,ff_hsx_symbol_daily_v1,6f59f51c67485f2eb9d5c43c03e3e0f0f1fe79aace9209e3504deef4f8b68697
2023-10-24,ACB,HOSE,19010470000.0,19010470000.0,0.0,815900.0,815900.0,0.0,19010470000.0,19010470000.0,815900.0,815900.0,21950.0,22100.0,21800.0,21900.0,21970.0,HSX_FOREIGN_API,HOSE_SYMBOL_LEVEL,VND,2026-08-25T01:39:52Z,ff_hsx_symbol_daily_v1,39af40532ef2641ee0eaa09a9d4fd4b9cb518f8e5d5ed7b6e38a5316ef630fc1
2023-10-25,ACB,HOSE,3507660000.0,3507660000.0,0.0,149900.0,149900.0,0.0,3507660000.0,3507660000.0,149900.0,149900.0,22200.0,22250.0,21900.0,21900.0,22080.0,HSX_FOREIGN_API,HOSE_SYMBOL_LEVEL,VND,2026-08-25T01:39:52Z,ff_hsx_symbol_daily_v1,503a8acb293588ff34a48454af0ff0455130c6847720088772db8278bd06d456
2023-10-26,ACB,HOSE,4984200000.0,4985721000.0,-1521000.0,213000.0,213065.0,-65.0,4984200000.0,4985721000.0,213000.0,213065.0,21750.0,21750.0,20950.0,21100.0,21430.0,HSX_FOREIGN_API,HOSE_SYMBOL_LEVEL,VND,2026-08-25T01:39:52Z,ff_hsx_symbol_daily_v1,d8fdf3277eb10f9fdc619e2e1899ca1305e14bab8d8dd9e68b4dbc9992d25e80
2023-10-27,ACB,HOSE,0.0,0.0,0.0,0.0,0.0,0.0,0.0,0.0,0.0,0.0,21450.0,21700.0,21200.0,21550.0,21480.0,HSX_FOREIGN_API,HOSE_SYMBOL_LEVEL,VND,2026-08-25T01:39:52Z,ff_hsx_symbol_daily_v1,bea397082cde73b3062534ed837a135864aef1d7a7cb165387ade065c4b199b9
2023-10-30,ACB,HOSE,0.0,0.0,0.0,0.0,0.0,0.0,0.0,0.0,0.0,0.0,21600.0,21650.0,21300.0,21300.0,21490.0,HSX_FOREIGN_API,HOSE_SYMBOL_LEVEL,VND,2026-08-25T01:39:52Z,ff_hsx_symbol_daily_v1,ee03037733e03ebf44c3195679bcf37554c03cba91eadf1d3f1144ba459c05bc
2023-10-31,ACB,HOSE,1430000.0,0.0,1430000.0,65.0,0.0,65.0,0.0,0.0,0.0,0.0,21350.0,21550.0,21250.0,21400.0,21410.0,HSX_FOREIGN_API,HOSE_SYMBOL_LEVEL,VND,2026-08-25T01:39:52Z,ff_hsx_symbol_daily_v1,f8ed3e45074186374ca0089e589e18a1719b5d221569aad272494a8001f43361
2023-11-01,ACB,HOSE,0.0,0.0,0.0,0.0,0.0,0.0,0.0,0.0,0.0,0.0,21400.0,21650.0,21350.0,21600.0,21540.0,HSX_FOREIGN_API,HOSE_SYMBOL_LEVEL,VND,2026-08-25T01:39:52Z,ff_hsx_symbol_daily_v1,2559c2bc1903493e3f48c8f187ed3de5806dc387d89b8274b19d3586c2c4d5de
2023-11-02,ACB,HOSE,0.0,0.0,0.0,0.0,0.0,0.0,0.0,0.0,0.0,0.0,21750.0,22300.0,21600.0,22300.0,21930.0,HSX_FOREIGN_API,HOSE_SYMBOL_LEVEL,VND,2026-08-25T01:39:52Z,ff_hsx_symbol_daily_v1,c794250fe675664ce7c37a4c5f021dd92156eca71c70d2dd025d9c66a8a0141a
2023-11-03,ACB,HOSE,10496385000.0,10496385000.0,0.0,440100.0,440100.0,0.0,10496385000.0,10496385000.0,440100.0,440100.0,22300.0,22400.0,22050.0,22050.0,22170.0,HSX_FOREIGN_API,HOSE_SYMBOL_LEVEL,VND,2026-08-25T01:39:52Z,ff_hsx_symbol_daily_v1,59bafdd6535474bde696d83fdc07faaa78c0d05721cf692d8349b97488673fec
2023-11-06,ACB,HOSE,19120245000.0,19120245000.0,0.0,811900.0,811900.0,0.0,19120245000.0,19120245000.0,811900.0,811900.0,22200.0,22350.0,22100.0,22200.0,22240.0,HSX_FOREIGN_API,HOSE_SYMBOL_LEVEL,VND,2026-08-25T01:39:52Z,ff_hsx_symbol_daily_v1,208b0d85a27771447ebe02514a4da4527daeb405e686fcfc6b7dbff003627612
2023-11-07,ACB,HOSE,0.0,0.0,0.0,0.0,0.0,0.0,0.0,0.0,0.0,0.0,22100.0,22250.0,22100.0,22100.0,22150.0,HSX_FOREIGN_API,HOSE_SYMBOL_LEVEL,VND,2026-08-25T01:39:52Z,ff_hsx_symbol_daily_v1,ef1b37bc20dcbd8af80642d307f4b170cfdbfa794cb16a01f9fe511735d00e4a
2023-11-08,ACB,HOSE,0.0,0.0,0.0,0.0,0.0,0.0,0.0,0.0,0.0,0.0,22100.0,22900.0,22050.0,22800.0,22450.0,HSX_FOREIGN_API,HOSE_SYMBOL_LEVEL,VND,2026-08-25T01:39:52Z,ff_hsx_symbol_daily_v1,3bf174f66b16a9061f454e5ce3a9f345dfbab5b570e1d061eda4dc004c7ddbf7
2023-11-09,ACB,HOSE,0.0,0.0,0.0,0.0,0.0,0.0,0.0,0.0,0.0,0.0,22900.0,22900.0,22550.0,22550.0,22700.0,HSX_FOREIGN_API,HOSE_SYMBOL_LEVEL,VND,2026-08-25T01:39:52Z,ff_hsx_symbol_daily_v1,0baa4501120d5158f0474142c82a3a2387e4823991b8c977b622bc9e86461802
2023-11-10,ACB,HOSE,0.0,0.0,0.0,0.0,0.0,0.0,0.0,0.0,0.0,0.0,22400.0,22600.0,22250.0,22400.0,22410.0,HSX_FOREIGN_API,HOSE_SYMBOL_LEVEL,VND,2026-08-25T01:39:52Z,ff_hsx_symbol_daily_v1,09dceb0794ac3c7e8d84ff2c034c5a781916e31892eef3a1e09dec6f49ce21ca
2023-11-13,ACB,HOSE,0.0,0.0,0.0,0.0,0.0,0.0,0.0,0.0,0.0,0.0,22450.0,22600.0,22200.0,22450.0,22430.0,HSX_FOREIGN_API,HOSE_SYMBOL_LEVEL,VND,2026-08-25T01:39:52Z,ff_hsx_symbol_daily_v1,5d8f62b6796ad20b13bb2a10f01960f95caf8e61fed99794db014a1d6743bb73
2023-11-14,ACB,HOSE,0.0,0.0,0.0,0.0,0.0,0.0,0.0,0.0,0.0,0.0,22450.0,22900.0,22450.0,22700.0,22720.0,HSX_FOREIGN_API,HOSE_SYMBOL_LEVEL,VND,2026-08-25T01:39:52Z,ff_hsx_symbol_daily_v1,8b16938c157f209e4e42b16902e759a842fbd10a63980ec31528206b215fae63
2023-11-15,ACB,HOSE,0.0,0.0,0.0,0.0,0.0,0.0,0.0,0.0,0.0,0.0,23000.0,23500.0,22950.0,23250.0,23280.0,HSX_FOREIGN_API,HOSE_SYMBOL_LEVEL,VND,2026-08-25T01:39:52Z,ff_hsx_symbol_daily_v1,c7be471e69d16d151eb7fae0a83f431653a90d7ff61f38616e8bb218298cf184
2023-11-16,ACB,HOSE,10844540000.0,10844540000.0,0.0,436400.0,436400.0,0.0,10844540000.0,10844540000.0,436400.0,436400.0,23250.0,23400.0,23100.0,23300.0,23280.0,HSX_FOREIGN_API,HOSE_SYMBOL_LEVEL,VND,2026-08-25T01:39:52Z,ff_hsx_symbol_daily_v1,847ffe5f23a9a396eb98dfde654a93ef188ff37d45b6a6d2d308ef2e24e820f6
2023-11-17,ACB,HOSE,0.0,0.0,0.0,0.0,0.0,0.0,0.0,0.0,0.0,0.0,23400.0,23400.0,22550.0,22700.0,22960.0,HSX_FOREIGN_API,HOSE_SYMBOL_LEVEL,VND,2026-08-25T01:39:52Z,ff_hsx_symbol_daily_v1,d3985eb223ecef33cd8e5d2a477b098e473f5ccd23831dce351bc045a938826d
2023-11-20,ACB,HOSE,0.0,0.0,0.0,0.0,0.0,0.0,0.0,0.0,0.0,0.0,22400.0,22950.0,22150.0,22500.0,22500.0,HSX_FOREIGN_API,HOSE_SYMBOL_LEVEL,VND,2026-08-25T01:39:52Z,ff_hsx_symbol_daily_v1,5bc1bb80944a82c470694f8930cd55980b0268138fd0d6d0fb122d659abfa60d
2023-11-21,ACB,HOSE,0.0,0.0,0.0,0.0,0.0,0.0,0.0,0.0,0.0,0.0,22650.0,22800.0,22500.0,22600.0,22610.0,HSX_FOREIGN_API,HOSE_SYMBOL_LEVEL,VND,2026-08-25T01:39:52Z,ff_hsx_symbol_daily_v1,f9a90a893518bc24e7f51dbfb8ffea60584cdef896ffe2a81f331f2066b6aa65
2023-11-22,ACB,HOSE,5837055000.0,5837055000.0,0.0,241700.0,241700.0,0.0,5837055000.0,5837055000.0,241700.0,241700.0,22500.0,22750.0,22350.0,22700.0,22560.0,HSX_FOREIGN_API,HOSE_SYMBOL_LEVEL,VND,2026-08-25T01:39:52Z,ff_hsx_symbol_daily_v1,b961cd9724900d7ec0a8a51042e790b7d15b81da7a6083ddc2ad2ce3b7e2979c
2023-11-23,ACB,HOSE,0.0,0.0,0.0,0.0,0.0,0.0,0.0,0.0,0.0,0.0,22700.0,22750.0,22200.0,22200.0,22530.0,HSX_FOREIGN_API,HOSE_SYMBOL_LEVEL,VND,2026-08-25T01:39:52Z,ff_hsx_symbol_daily_v1,e5d1dd76371ae32c6239b388c419104dd57451c831c381762b97f875c202af22
2023-11-24,ACB,HOSE,0.0,4460000.0,-4460000.0,0.0,200.0,-200.0,0.0,0.0,0.0,0.0,22300.0,22300.0,21800.0,22050.0,22030.0,HSX_FOREIGN_API,HOSE_SYMBOL_LEVEL,VND,2026-08-25T01:39:52Z,ff_hsx_symbol_daily_v1,a80a35af65098c2aaddc07fd8628fea2a24cc4db50b4ee7e8e2b42a43534cee3
2023-11-27,ACB,HOSE,0.0,6615000.0,-6615000.0,0.0,300.0,-300.0,0.0,0.0,0.0,0.0,22050.0,22100.0,21850.0,21850.0,21950.0,HSX_FOREIGN_API,HOSE_SYMBOL_LEVEL,VND,2026-08-25T01:39:52Z,ff_hsx_symbol_daily_v1,9b259c24d8a41314d25f40dad0ff9a34b11760ec6ebad993ffa98d56ee8979b2
2023-11-28,ACB,HOSE,0.0,0.0,0.0,0.0,0.0,0.0,0.0,0.0,0.0,0.0,21900.0,22100.0,21700.0,21900.0,21820.0,HSX_FOREIGN_API,HOSE_SYMBOL_LEVEL,VND,2026-08-25T01:39:52Z,ff_hsx_symbol_daily_v1,ed36d6fba7f0caf50c8f5f4da50c33152c7393751dd372caa2e1d1f9b64cd993
2023-11-29,ACB,HOSE,4400000.0,0.0,4400000.0,200.0,0.0,200.0,0.0,0.0,0.0,0.0,22000.0,22350.0,22000.0,22050.0,22130.0,HSX_FOREIGN_API,HOSE_SYMBOL_LEVEL,VND,2026-08-25T01:39:52Z,ff_hsx_symbol_daily_v1,6fa2a43a78bdff034617106e6d2667abff80af296b16fa1161d6a2893bf5405b
2023-11-30,ACB,HOSE,6615000.0,0.0,6615000.0,300.0,0.0,300.0,0.0,0.0,0.0,0.0,22050.0,22300.0,21950.0,21950.0,22100.0,HSX_FOREIGN_API,HOSE_SYMBOL_LEVEL,VND,2026-08-25T01:39:52Z,ff_hsx_symbol_daily_v1,38f336933a9d6c18ddd95f6b7b1823a2ebfb155d3c6d68ee64c29a00632a315f
2023-12-01,ACB,HOSE,0.0,0.0,0.0,0.0,0.0,0.0,0.0,0.0,0.0,0.0,22150.0,22150.0,21750.0,21950.0,21930.0,HSX_FOREIGN_API,HOSE_SYMBOL_LEVEL,VND,2026-08-25T01:39:52Z,ff_hsx_symbol_daily_v1,9b64c65de306273118965d59e18b9b0e40b90b02be5cba8f41df0d01e01344c1
2023-12-04,ACB,HOSE,0.0,0.0,0.0,0.0,0.0,0.0,0.0,0.0,0.0,0.0,22050.0,22450.0,22000.0,22300.0,22180.0,HSX_FOREIGN_API,HOSE_SYMBOL_LEVEL,VND,2026-08-25T01:39:52Z,ff_hsx_symbol_daily_v1,3d44be537d67977611214682d3a0b59ff6eab0fa75fbd382d3cec4634ae390b5
2023-12-05,ACB,HOSE,0.0,0.0,0.0,0.0,0.0,0.0,0.0,0.0,0.0,0.0,22300.0,22450.0,22050.0,22150.0,22220.0,HSX_FOREIGN_API,HOSE_SYMBOL_LEVEL,VND,2026-08-25T01:39:52Z,ff_hsx_symbol_daily_v1,5a66e4d0551092925428fe9bbb90539602c5c9700f4e2396b4c57f3bc74d8989
2023-12-06,ACB,HOSE,0.0,0.0,0.0,0.0,0.0,0.0,0.0,0.0,0.0,0.0,22150.0,22300.0,22000.0,22300.0,22200.0,HSX_FOREIGN_API,HOSE_SYMBOL_LEVEL,VND,2026-08-25T01:39:52Z,ff_hsx_symbol_daily_v1,b859725af559be686d548e2d19b26116d1596cc77f2c275572e31f703eab38c2
2023-12-07,ACB,HOSE,0.0,0.0,0.0,0.0,0.0,0.0,0.0,0.0,0.0,0.0,22300.0,22500.0,22200.0,22400.0,22350.0,HSX_FOREIGN_API,HOSE_SYMBOL_LEVEL,VND,2026-08-25T01:39:52Z,ff_hsx_symbol_daily_v1,42b804f471b55331d3d908173c752d5f4f0b5c382cc941105d194026eb051142
2023-12-08,ACB,HOSE,0.0,0.0,0.0,0.0,0.0,0.0,0.0,0.0,0.0,0.0,22400.0,22550.0,22300.0,22400.0,22470.0,HSX_FOREIGN_API,HOSE_SYMBOL_LEVEL,VND,2026-08-25T01:39:52Z,ff_hsx_symbol_daily_v1,a49d70fd0bea13d81615e63e38ae7ad3f8c62389f7f92509a96c86ef470f2bea
2023-12-11,ACB,HOSE,0.0,0.0,0.0,0.0,0.0,0.0,0.0,0.0,0.0,0.0,22450.0,22500.0,22250.0,22400.0,22360.0,HSX_FOREIGN_API,HOSE_SYMBOL_LEVEL,VND,2026-08-25T01:39:52Z,ff_hsx_symbol_daily_v1,2fd7e9c8b8db5a5d1e7582e5f6739066cdbd500fe33ea52bde67c0b4893102a8
2023-12-12,ACB,HOSE,0.0,0.0,0.0,0.0,0.0,0.0,0.0,0.0,0.0,0.0,22450.0,22500.0,22300.0,22500.0,22390.0,HSX_FOREIGN_API,HOSE_SYMBOL_LEVEL,VND,2026-08-25T01:39:52Z,ff_hsx_symbol_daily_v1,68e5f1131daaf936c18410d3b7c4c488cc1b68f63457b5cd1c08035eda728d61
2023-12-13,ACB,HOSE,4090905000.0,4090905000.0,0.0,170100.0,170100.0,0.0,4090905000.0,4090905000.0,170100.0,170100.0,22500.0,22550.0,22300.0,22300.0,22440.0,HSX_FOREIGN_API,HOSE_SYMBOL_LEVEL,VND,2026-08-25T01:39:52Z,ff_hsx_symbol_daily_v1,9d74d633ff62105e4f871d815a77f6ece31092a89287ead44b97abee8dc49fae
2023-12-14,ACB,HOSE,0.0,0.0,0.0,0.0,0.0,0.0,0.0,0.0,0.0,0.0,22400.0,22750.0,22300.0,22500.0,22550.0,HSX_FOREIGN_API,HOSE_SYMBOL_LEVEL,VND,2026-08-25T01:39:52Z,ff_hsx_symbol_daily_v1,04c8d9280abf56ec044b45331c76708032e57ae4abbd526663b20e1939ed1bf8
2023-12-15,ACB,HOSE,0.0,0.0,0.0,0.0,0.0,0.0,0.0,0.0,0.0,0.0,22600.0,22850.0,22550.0,22750.0,22740.0,HSX_FOREIGN_API,HOSE_SYMBOL_LEVEL,VND,2026-08-25T01:39:52Z,ff_hsx_symbol_daily_v1,73e068a379402939474e3420163029d235947164854420c972cf60d0b0046054
2023-12-18,ACB,HOSE,29451600000.0,29451600000.0,0.0,1212000.0,1212000.0,0.0,29451600000.0,29451600000.0,1212000.0,1212000.0,22700.0,22800.0,22650.0,22800.0,22750.0,HSX_FOREIGN_API,HOSE_SYMBOL_LEVEL,VND,2026-08-25T01:39:52Z,ff_hsx_symbol_daily_v1,a6ffa7d3e8aee9b2f89560e98f69d56d1698196f9c2f482ba570bcfcf91ea986
2023-12-19,ACB,HOSE,2739375000.0,2739375000.0,0.0,112500.0,112500.0,0.0,2739375000.0,2739375000.0,112500.0,112500.0,22800.0,23100.0,22800.0,23050.0,23020.0,HSX_FOREIGN_API,HOSE_SYMBOL_LEVEL,VND,2026-08-25T01:39:52Z,ff_hsx_symbol_daily_v1,85a5ee1f57580217db937fcce48e1ac59fc634a13af728cd394a9af57545d3aa
2023-12-20,ACB,HOSE,4005625000.0,4005625000.0,0.0,162500.0,162500.0,0.0,4005625000.0,4005625000.0,162500.0,162500.0,23050.0,23250.0,23050.0,23200.0,23170.0,HSX_FOREIGN_API,HOSE_SYMBOL_LEVEL,VND,2026-08-25T01:39:52Z,ff_hsx_symbol_daily_v1,a21c6becd9d5ddb332cf36c4a96d453fb5a33dbbcd938a6fe2d03c5207a71275
2023-12-21,ACB,HOSE,4414400000.0,4416632000.0,-2232000.0,178000.0,178090.0,-90.0,4414400000.0,4416632000.0,178000.0,178090.0,23200.0,23250.0,23050.0,23250.0,23170.0,HSX_FOREIGN_API,HOSE_SYMBOL_LEVEL,VND,2026-08-25T01:39:52Z,ff_hsx_symbol_daily_v1,e9e9dce55ed23013e45a8533e2a22ac617d00c1b1faa67d7d1f67da034e32996
2023-12-22,ACB,HOSE,0.0,0.0,0.0,0.0,0.0,0.0,0.0,0.0,0.0,0.0,23200.0,23300.0,23200.0,23200.0,23240.0,HSX_FOREIGN_API,HOSE_SYMBOL_LEVEL,VND,2026-08-25T01:39:52Z,ff_hsx_symbol_daily_v1,c3970273a6c8e2e15ffd7b19600685740f1425e4217ce233ecec1fbd03fd9f9a
2023-12-25,ACB,HOSE,0.0,8446500.0,-8446500.0,0.0,362.0,-362.0,0.0,0.0,0.0,0.0,23250.0,23450.0,23200.0,23350.0,23360.0,HSX_FOREIGN_API,HOSE_SYMBOL_LEVEL,VND,2026-08-25T01:39:52Z,ff_hsx_symbol_daily_v1,6bd53d5570aa6691f42a6ea47eaab29a4338bc1a3417a279fd1341a494e72a30
2023-12-26,ACB,HOSE,2164750.0,0.0,2164750.0,90.0,0.0,90.0,0.0,0.0,0.0,0.0,23400.0,23400.0,23250.0,23250.0,23300.0,HSX_FOREIGN_API,HOSE_SYMBOL_LEVEL,VND,2026-08-25T01:39:52Z,ff_hsx_symbol_daily_v1,21230e10ef607993d57d2f1af55e5d0edb49d1ed52d19b86bc39ede9ad2fd9f6
2023-12-27,ACB,HOSE,0.0,0.0,0.0,0.0,0.0,0.0,0.0,0.0,0.0,0.0,23200.0,23400.0,23200.0,23300.0,23310.0,HSX_FOREIGN_API,HOSE_SYMBOL_LEVEL,VND,2026-08-25T01:39:52Z,ff_hsx_symbol_daily_v1,9a5cc5a03bad8cd2fe7670507e4918753009659203705a910a7d8d406c1dea10
2023-12-28,ACB,HOSE,0.0,0.0,0.0,0.0,0.0,0.0,0.0,0.0,0.0,0.0,23300.0,23950.0,23300.0,23750.0,23590.0,HSX_FOREIGN_API,HOSE_SYMBOL_LEVEL,VND,2026-08-25T01:39:52Z,ff_hsx_symbol_daily_v1,76d51ad5e12ee617a823c401b46aea47a8c0861bb435e820168f14d3ba2a5b38
2023-12-29,ACB,HOSE,0.0,0.0,0.0,0.0,0.0,0.0,0.0,0.0,0.0,0.0,23900.0,24100.0,23800.0,23900.0,23980.0,HSX_FOREIGN_API,HOSE_SYMBOL_LEVEL,VND,2026-08-25T01:39:52Z,ff_hsx_symbol_daily_v1,13bdd29b19677629fb00795c16efe9db5ebdc1f9d05cca6ecb2435bf6e214647
2024-01-02,ACB,HOSE,0.0,0.0,0.0,0.0,0.0,0.0,0.0,0.0,0.0,0.0,23950.0,24750.0,23950.0,24450.0,24460.0,HSX_FOREIGN_API,HOSE_SYMBOL_LEVEL,VND,2026-08-25T01:39:52Z,ff_hsx_symbol_daily_v1,ba9c3ede087c0186f3c6bcd5065c01cd3e48c29032ff7457657f16ccae5670ee
2024-01-03,ACB,HOSE,2996790000.0,2996790000.0,0.0,114600.0,114600.0,0.0,2996790000.0,2996790000.0,114600.0,114600.0,24500.0,25000.0,24250.0,25000.0,24660.0,HSX_FOREIGN_API,HOSE_SYMBOL_LEVEL,VND,2026-08-25T01:39:52Z,ff_hsx_symbol_daily_v1,e843dd80941e976d3f51eb9d1af466912ae9cfd6c7f53babe5ed97e1f0328733
2024-01-04,ACB,HOSE,0.0,0.0,0.0,0.0,0.0,0.0,0.0,0.0,0.0,0.0,25200.0,25650.0,25100.0,25300.0,25420.0,HSX_FOREIGN_API,HOSE_SYMBOL_LEVEL,VND,2026-08-25T01:39:52Z,ff_hsx_symbol_daily_v1,32c4a16824197d26c2cbdf9a7b5a81ca935f176fd9e411f8b19a78054e6c2a5f
2024-01-05,ACB,HOSE,2705000000.0,2705000000.0,0.0,100000.0,100000.0,0.0,2705000000.0,2705000000.0,100000.0,100000.0,25300.0,25450.0,25050.0,25450.0,25270.0,HSX_FOREIGN_API,HOSE_SYMBOL_LEVEL,VND,2026-08-25T01:39:52Z,ff_hsx_symbol_daily_v1,812fb3952bbe27ce30d60639e31c09be44b89830ad2557904a75de0bcb97b43d
2024-01-08,ACB,HOSE,1204960000.0,1204960000.0,0.0,44300.0,44300.0,0.0,1204960000.0,1204960000.0,44300.0,44300.0,25700.0,25750.0,25200.0,25350.0,25410.0,HSX_FOREIGN_API,HOSE_SYMBOL_LEVEL,VND,2026-08-25T01:39:52Z,ff_hsx_symbol_daily_v1,58533f09ceee65002a4cc2cefb9b596d0c7afd9759c7c67e72c60debd20cf3c4
2024-01-09,ACB,HOSE,1355000000.0,1355000000.0,0.0,50000.0,50000.0,0.0,1355000000.0,1355000000.0,50000.0,50000.0,25250.0,25350.0,24950.0,25000.0,25100.0,HSX_FOREIGN_API,HOSE_SYMBOL_LEVEL,VND,2026-08-25T01:39:52Z,ff_hsx_symbol_daily_v1,450ced90b1384d83032ec8fd6246aaac2305c2001726bab84cf9bfbf3d14214e
2024-01-10,ACB,HOSE,2648250000.0,2648250000.0,0.0,99000.0,99000.0,0.0,2648250000.0,2648250000.0,99000.0,99000.0,25200.0,25500.0,25000.0,25250.0,25220.0,HSX_FOREIGN_API,HOSE_SYMBOL_LEVEL,VND,2026-08-25T01:39:52Z,ff_hsx_symbol_daily_v1,3eb43dbae88bf3b7dece0810a2d1f9fb1e5eebb6d39c7459180173025faec7d5
2024-01-11,ACB,HOSE,0.0,0.0,0.0,0.0,0.0,0.0,0.0,0.0,0.0,0.0,25400.0,25750.0,25150.0,25250.0,25380.0,HSX_FOREIGN_API,HOSE_SYMBOL_LEVEL,VND,2026-08-25T01:39:52Z,ff_hsx_symbol_daily_v1,8721ecbfe2c3281f394ae680852467b526450627b8bca3eb581b4058c7de70dc
2024-01-12,ACB,HOSE,1439100000.0,1439100000.0,0.0,53300.0,53300.0,0.0,1439100000.0,1439100000.0,53300.0,53300.0,25150.0,26200.0,25050.0,25800.0,25680.0,HSX_FOREIGN_API,HOSE_SYMBOL_LEVEL,VND,2026-08-25T01:39:52Z,ff_hsx_symbol_daily_v1,be757379bf75b1891e651701d1c924b8d682d02c0f0d985f86b688271729b94a
2024-01-15,ACB,HOSE,74881560000.0,74881560000.0,0.0,2713100.0,2713100.0,0.0,74881560000.0,74881560000.0,2713100.0,2713100.0,26000.0,26000.0,25300.0,25300.0,25650.0,HSX_FOREIGN_API,HOSE_SYMBOL_LEVEL,VND,2026-08-25T01:39:52Z,ff_hsx_symbol_daily_v1,b5b39dd14f1f53e66bf3c9f8a0c75715a96fff4d42e3238960b9a72c7447914e
2024-01-16,ACB,HOSE,13525000000.0,13525000000.0,0.0,500000.0,500000.0,0.0,13525000000.0,13525000000.0,500000.0,500000.0,25400.0,25550.0,25050.0,25400.0,25310.0,HSX_FOREIGN_API,HOSE_SYMBOL_LEVEL,VND,2026-08-25T01:39:52Z,ff_hsx_symbol_daily_v1,cc450e34d76f2fd86f80206f603fefc402bb92bc49e879640bfe13724647967c
2024-01-17,ACB,HOSE,0.0,0.0,0.0,0.0,0.0,0.0,0.0,0.0,0.0,0.0,25450.0,25800.0,25350.0,25400.0,25520.0,HSX_FOREIGN_API,HOSE_SYMBOL_LEVEL,VND,2026-08-25T01:39:52Z,ff_hsx_symbol_daily_v1,0a4e025cb06c98ac0fd4e11a0052df9245e8163d227733a9c8be634cb4762ab4
2024-01-18,ACB,HOSE,28344600000.0,28344600000.0,0.0,1044000.0,1044000.0,0.0,28344600000.0,28344600000.0,1044000.0,1044000.0,25450.0,25750.0,25350.0,25600.0,25550.0,HSX_FOREIGN_API,HOSE_SYMBOL_LEVEL,VND,2026-08-25T01:39:52Z,ff_hsx_symbol_daily_v1,546cac637c10b749358e66a1dba2dce20a9cbf9ebaf75a95b21a43d267381f12
2024-01-19,ACB,HOSE,0.0,0.0,0.0,0.0,0.0,0.0,0.0,0.0,0.0,0.0,25800.0,25950.0,25650.0,25950.0,25860.0,HSX_FOREIGN_API,HOSE_SYMBOL_LEVEL,VND,2026-08-25T01:39:52Z,ff_hsx_symbol_daily_v1,d13be1acc2cb046c32ea63280cf2049f5381b8696ab482827e094ae221550264
2024-01-22,ACB,HOSE,0.0,0.0,0.0,0.0,0.0,0.0,0.0,0.0,0.0,0.0,26200.0,26300.0,25800.0,26300.0,26000.0,HSX_FOREIGN_API,HOSE_SYMBOL_LEVEL,VND,2026-08-25T01:39:52Z,ff_hsx_symbol_daily_v1,926b211dfd873dc9200eecfe20541124e53c8a27cf70278bc549f1fe444f854a
2024-01-23,ACB,HOSE,562000000.0,562000000.0,0.0,20000.0,20000.0,0.0,562000000.0,562000000.0,20000.0,20000.0,26250.0,26450.0,26050.0,26050.0,26290.0,HSX_FOREIGN_API,HOSE_SYMBOL_LEVEL,VND,2026-08-25T01:39:52Z,ff_hsx_symbol_daily_v1,2ae4608c6c0d70a5148d921fa6e2994727f7c029827950d0522364f2cb125cc5
2024-01-24,ACB,HOSE,12033985000.0,12033985000.0,0.0,432100.0,432100.0,0.0,12033985000.0,12033985000.0,432100.0,432100.0,26050.0,26100.0,25700.0,25800.0,25930.0,HSX_FOREIGN_API,HOSE_SYMBOL_LEVEL,VND,2026-08-25T01:39:52Z,ff_hsx_symbol_daily_v1,5cc3681478bfde8d255b5aa5b6dc9f3d4875eccb7e7feca034fbc13944357554
2024-01-25,ACB,HOSE,0.0,0.0,0.0,0.0,0.0,0.0,0.0,0.0,0.0,0.0,25850.0,25900.0,25600.0,25800.0,25760.0,HSX_FOREIGN_API,HOSE_SYMBOL_LEVEL,VND,2026-08-25T01:39:52Z,ff_hsx_symbol_daily_v1,6dce04d626b45735e381abc6c84f5f7ae9ef702d2ed2c97d30f6c6cda49349cd
2024-01-26,ACB,HOSE,0.0,0.0,0.0,0.0,0.0,0.0,0.0,0.0,0.0,0.0,25850.0,26400.0,25850.0,26300.0,26220.0,HSX_FOREIGN_API,HOSE_SYMBOL_LEVEL,VND,2026-08-25T01:39:52Z,ff_hsx_symbol_daily_v1,4f672dbcc6bdc3834147a1f8e096e9873808187d6957786ece5d5c46f5157741
2024-01-29,ACB,HOSE,75473790000.0,75473790000.0,0.0,2685900.0,2685900.0,0.0,75473790000.0,75473790000.0,2685900.0,2685900.0,26500.0,26500.0,25950.0,25950.0,26280.0,HSX_FOREIGN_API,HOSE_SYMBOL_LEVEL,VND,2026-08-25T01:39:52Z,ff_hsx_symbol_daily_v1,ef99d4b228700e7950dddeb2e2446e6dd74eba89e4d333843c1f796d4c25604f
2024-01-30,ACB,HOSE,248186287500.0,248186287500.0,0.0,8943650.0,8943650.0,0.0,248186287500.0,248186287500.0,8943650.0,8943650.0,26050.0,26200.0,25900.0,25950.0,26010.0,HSX_FOREIGN_API,HOSE_SYMBOL_LEVEL,VND,2026-08-25T01:39:52Z,ff_hsx_symbol_daily_v1,5b42c431b88fd240c3fcb95620a181ece95a0d3fa9097c4436257f5536ce7055
2024-01-31,ACB,HOSE,13875000000.0,13875000000.0,0.0,500000.0,500000.0,0.0,13875000000.0,13875000000.0,500000.0,500000.0,26100.0,26100.0,25550.0,25750.0,25830.0,HSX_FOREIGN_API,HOSE_SYMBOL_LEVEL,VND,2026-08-25T01:39:52Z,ff_hsx_symbol_daily_v1,1be671bb05d8b29f8675b57bbd039db4274090fc896ea7248837ad72d7d125d0
2024-02-01,ACB,HOSE,0.0,0.0,0.0,0.0,0.0,0.0,0.0,0.0,0.0,0.0,25700.0,26100.0,25700.0,26000.0,25940.0,HSX_FOREIGN_API,HOSE_SYMBOL_LEVEL,VND,2026-08-25T01:39:52Z,ff_hsx_symbol_daily_v1,ac9e9997add5e96879e93eeec017b8925f05efe0784bdd4778aa9dee1199bd98
2024-02-02,ACB,HOSE,13900000000.0,13900000000.0,0.0,500000.0,500000.0,0.0,13900000000.0,13900000000.0,500000.0,500000.0,25950.0,26300.0,25850.0,26250.0,26150.0,HSX_FOREIGN_API,HOSE_SYMBOL_LEVEL,VND,2026-08-25T01:39:52Z,ff_hsx_symbol_daily_v1,95ebf6e10a5daa5978f5326893294b8366a010d9d063e1ee61cc64f93a9f1ad0
2024-02-05,ACB,HOSE,36975510000.0,36975510000.0,0.0,1318200.0,1318200.0,0.0,36975510000.0,36975510000.0,1318200.0,1318200.0,26250.0,28000.0,26150.0,27800.0,26980.0,HSX_FOREIGN_API,HOSE_SYMBOL_LEVEL,VND,2026-08-25T01:39:52Z,ff_hsx_symbol_daily_v1,74c71fae3290223aa561f1be59519796823da68d4359f5fc5fee23bb03273c29
2024-02-06,ACB,HOSE,135589410000.0,135589410000.0,0.0,4565300.0,4565300.0,0.0,135589410000.0,135589410000.0,4565300.0,4565300.0,27850.0,27900.0,27650.0,27850.0,27810.0,HSX_FOREIGN_API,HOSE_SYMBOL_LEVEL,VND,2026-08-25T01:39:52Z,ff_hsx_symbol_daily_v1,b703b51d15256683ed105d3d8e01c3c613f67845c3cd6be9cb802a1b0f2025ab
2024-02-07,ACB,HOSE,24799600000.0,24799600000.0,0.0,833600.0,833600.0,0.0,24799600000.0,24799600000.0,833600.0,833600.0,27850.0,28200.0,27850.0,28000.0,28030.0,HSX_FOREIGN_API,HOSE_SYMBOL_LEVEL,VND,2026-08-25T01:39:52Z,ff_hsx_symbol_daily_v1,c7c2091e170b79f3ae51c90c455df34df7f9f624efe4213854c949b6ab4297dc
2024-02-15,ACB,HOSE,29950000000.0,29950000000.0,0.0,1000000.0,1000000.0,0.0,29950000000.0,29950000000.0,1000000.0,1000000.0,28050.0,28400.0,27200.0,27200.0,27960.0,HSX_FOREIGN_API,HOSE_SYMBOL_LEVEL,VND,2026-08-25T01:39:52Z,ff_hsx_symbol_daily_v1,93faf4a81c2e4a802f10108b5beb63744be36daed802a7825cd2ff1b85c88dbc
2024-02-16,ACB,HOSE,0.0,0.0,0.0,0.0,0.0,0.0,0.0,0.0,0.0,0.0,27500.0,27600.0,27300.0,27600.0,27480.0,HSX_FOREIGN_API,HOSE_SYMBOL_LEVEL,VND,2026-08-25T01:39:52Z,ff_hsx_symbol_daily_v1,c23e24f5c831c4991687f5bfbd0f0eb41bf67013a33bb0ed3d2cf3eeb35b9f1d
2024-02-19,ACB,HOSE,30975000000.0,30975000000.0,0.0,1050000.0,1050000.0,0.0,30975000000.0,30975000000.0,1050000.0,1050000.0,27700.0,27700.0,27200.0,27700.0,27430.0,HSX_FOREIGN_API,HOSE_SYMBOL_LEVEL,VND,2026-08-25T01:39:52Z,ff_hsx_symbol_daily_v1,830622676160bd22402d870fc5a76b2b9d0cbc140559a3886c45515438d4416e
2024-02-20,ACB,HOSE,60976000000.0,60976000000.0,0.0,2060000.0,2060000.0,0.0,60976000000.0,60976000000.0,2060000.0,2060000.0,27500.0,27750.0,27350.0,27550.0,27540.0,HSX_FOREIGN_API,HOSE_SYMBOL_LEVEL,VND,2026-08-25T01:39:52Z,ff_hsx_symbol_daily_v1,f0395c09e8ff48f57186b2d23ef1755f2bd8c28059286f1699a7ea04e25971dc
2024-02-21,ACB,HOSE,2945000000.0,2945000000.0,0.0,100000.0,100000.0,0.0,2945000000.0,2945000000.0,100000.0,100000.0,27500.0,27900.0,27400.0,27700.0,27620.0,HSX_FOREIGN_API,HOSE_SYMBOL_LEVEL,VND,2026-08-25T01:39:52Z,ff_hsx_symbol_daily_v1,1740bba1586b4a2a37101b1e56b55488f7aa96841b7f6686b1f968c4b3cc385e
2024-02-22,ACB,HOSE,0.0,0.0,0.0,0.0,0.0,0.0,0.0,0.0,0.0,0.0,27700.0,27750.0,27500.0,27650.0,27640.0,HSX_FOREIGN_API,HOSE_SYMBOL_LEVEL,VND,2026-08-25T01:39:52Z,ff_hsx_symbol_daily_v1,b5e57b7616fed3b49551a4b9e7f6449e052396352403b5b3a3da10707f19fcca
2024-02-23,ACB,HOSE,0.0,0.0,0.0,0.0,0.0,0.0,0.0,0.0,0.0,0.0,27700.0,28400.0,27300.0,27300.0,27930.0,HSX_FOREIGN_API,HOSE_SYMBOL_LEVEL,VND,2026-08-25T01:39:52Z,ff_hsx_symbol_daily_v1,6efb707a2fbc600e38b491d416a571983e90db2634614594b050e22aee6ae115
2024-02-26,ACB,HOSE,0.0,0.0,0.0,0.0,0.0,0.0,0.0,0.0,0.0,0.0,27300.0,27700.0,27100.0,27500.0,27320.0,HSX_FOREIGN_API,HOSE_SYMBOL_LEVEL,VND,2026-08-25T01:39:52Z,ff_hsx_symbol_daily_v1,e2abdf230286c9c61302fe1102265d674dbaadc73804868d9f566886df52fe1c
2024-02-27,ACB,HOSE,0.0,0.0,0.0,0.0,0.0,0.0,0.0,0.0,0.0,0.0,27700.0,27700.0,27350.0,27600.0,27520.0,HSX_FOREIGN_API,HOSE_SYMBOL_LEVEL,VND,2026-08-25T01:39:52Z,ff_hsx_symbol_daily_v1,a29d4617eb42d144565580b24149d348f126fd2105182eecaa81dccbf2ac4dd3
2024-02-28,ACB,HOSE,1475000000.0,1475000000.0,0.0,50000.0,50000.0,0.0,1475000000.0,1475000000.0,50000.0,50000.0,27650.0,28000.0,27550.0,28000.0,27740.0,HSX_FOREIGN_API,HOSE_SYMBOL_LEVEL,VND,2026-08-25T01:39:52Z,ff_hsx_symbol_daily_v1,0149a81e5de4b17a99541e0aa82510ecc1a072896820af45bb4b88daacd31144
2024-02-29,ACB,HOSE,0.0,0.0,0.0,0.0,0.0,0.0,0.0,0.0,0.0,0.0,28100.0,28250.0,27700.0,28000.0,27970.0,HSX_FOREIGN_API,HOSE_SYMBOL_LEVEL,VND,2026-08-25T01:39:52Z,ff_hsx_symbol_daily_v1,44bc4096c2c1f73ef587e8eb2fa376f7ab9c9005851ceb6bfee23d9952bbc7cf
2024-03-01,ACB,HOSE,29950000000.0,29950000000.0,0.0,1000000.0,1000000.0,0.0,29950000000.0,29950000000.0,1000000.0,1000000.0,28000.0,28000.0,27550.0,27800.0,27700.0,HSX_FOREIGN_API,HOSE_SYMBOL_LEVEL,VND,2026-08-25T01:39:52Z,ff_hsx_symbol_daily_v1,45166e97bde8d4cc1ca36dba0411f1edd6050d5b5a5b442c08e2a897af2fbdf1
2024-03-04,ACB,HOSE,20790000000.0,20790000000.0,0.0,700000.0,700000.0,0.0,20790000000.0,20790000000.0,700000.0,700000.0,27800.0,28200.0,27400.0,27800.0,27700.0,HSX_FOREIGN_API,HOSE_SYMBOL_LEVEL,VND,2026-08-25T01:39:52Z,ff_hsx_symbol_daily_v1,64e3e1e155ea8bf1f34e50bc72fba2baf2d7f614e0f0675ba4b94fb24bc58998
2024-03-05,ACB,HOSE,0.0,0.0,0.0,0.0,0.0,0.0,0.0,0.0,0.0,0.0,27800.0,28000.0,27550.0,27950.0,27750.0,HSX_FOREIGN_API,HOSE_SYMBOL_LEVEL,VND,2026-08-25T01:39:52Z,ff_hsx_symbol_daily_v1,7e8580f886ce549f53b2044328359c8d5ea02320c4eff67f59f531bae36b55fd
2024-03-06,ACB,HOSE,29900000000.0,29900000000.0,0.0,1000000.0,1000000.0,0.0,29900000000.0,29900000000.0,1000000.0,1000000.0,28000.0,28150.0,27550.0,27600.0,27830.0,HSX_FOREIGN_API,HOSE_SYMBOL_LEVEL,VND,2026-08-25T01:39:52Z,ff_hsx_symbol_daily_v1,8c3d2817accf55d7d9b7c7645c363c280c7aa7e41025ff6f0f1f09036e7d0ee2
2024-03-07,ACB,HOSE,0.0,0.0,0.0,0.0,0.0,0.0,0.0,0.0,0.0,0.0,27600.0,27700.0,27400.0,27500.0,27510.0,HSX_FOREIGN_API,HOSE_SYMBOL_LEVEL,VND,2026-08-25T01:39:52Z,ff_hsx_symbol_daily_v1,e97646a9cff754b39a6f68f29043fef4515a211b585d3762464748823e51af9c
2024-03-08,ACB,HOSE,58800000000.0,58800000000.0,0.0,2000000.0,2000000.0,0.0,58800000000.0,58800000000.0,2000000.0,2000000.0,27500.0,27650.0,27000.0,27050.0,27150.0,HSX_FOREIGN_API,HOSE_SYMBOL_LEVEL,VND,2026-08-25T01:39:52Z,ff_hsx_symbol_daily_v1,01af983f686604a83b42c362d315b3ec9a9f5a2eabba97c0371d034cd9e82d84
2024-03-11,ACB,HOSE,27455000000.0,27455000000.0,0.0,950000.0,950000.0,0.0,27455000000.0,27455000000.0,950000.0,950000.0,27050.0,27100.0,26650.0,26750.0,26890.0,HSX_FOREIGN_API,HOSE_SYMBOL_LEVEL,VND,2026-08-25T01:39:52Z,ff_hsx_symbol_daily_v1,188b3d405853508532e6e981536c27c88527b4189650ba1d9e81b73e5ea58a7a
2024-03-12,ACB,HOSE,0.0,0.0,0.0,0.0,0.0,0.0,0.0,0.0,0.0,0.0,26650.0,26850.0,26600.0,26750.0,26750.0,HSX_FOREIGN_API,HOSE_SYMBOL_LEVEL,VND,2026-08-25T01:39:52Z,ff_hsx_symbol_daily_v1,7e6bcefdba33aae7c121758f1722e7aecfe04257b311058d07d3906b38254acd
2024-03-13,ACB,HOSE,2860000000.0,2860000000.0,0.0,100000.0,100000.0,0.0,2860000000.0,2860000000.0,100000.0,100000.0,26750.0,27650.0,26750.0,27650.0,27180.0,HSX_FOREIGN_API,HOSE_SYMBOL_LEVEL,VND,2026-08-25T01:39:52Z,ff_hsx_symbol_daily_v1,39569eb58af57a87974bd7092704d71607a2d6a37c6ad92d26eead04fd54ee4c
2024-03-14,ACB,HOSE,0.0,0.0,0.0,0.0,0.0,0.0,0.0,0.0,0.0,0.0,27600.0,27600.0,27050.0,27250.0,27330.0,HSX_FOREIGN_API,HOSE_SYMBOL_LEVEL,VND,2026-08-25T01:39:52Z,ff_hsx_symbol_daily_v1,0a90e39feb009791563e00c71c76a36e3d29eea05598914fdff6e3048f5e51a1
2024-03-15,ACB,HOSE,0.0,0.0,0.0,0.0,0.0,0.0,0.0,0.0,0.0,0.0,27250.0,27400.0,27000.0,27350.0,27160.0,HSX_FOREIGN_API,HOSE_SYMBOL_LEVEL,VND,2026-08-25T01:39:52Z,ff_hsx_symbol_daily_v1,b8bbc75a9007bc9b0fa46010fc166536f1e67be4292d8874ce57153f8a1f1a78
2024-03-18,ACB,HOSE,4387500000.0,4387500000.0,0.0,150000.0,150000.0,0.0,4387500000.0,4387500000.0,150000.0,150000.0,27200.0,27350.0,26700.0,26900.0,26900.0,HSX_FOREIGN_API,HOSE_SYMBOL_LEVEL,VND,2026-08-25T01:39:52Z,ff_hsx_symbol_daily_v1,904862e3bbf8723073bbf5322ea4d087b57109b64f24fc39cf6bee763695aa88
2024-03-19,ACB,HOSE,0.0,0.0,0.0,0.0,0.0,0.0,0.0,0.0,0.0,0.0,26800.0,27050.0,26750.0,26850.0,26840.0,HSX_FOREIGN_API,HOSE_SYMBOL_LEVEL,VND,2026-08-25T01:39:52Z,ff_hsx_symbol_daily_v1,d948db9906f61b9f8637f5c1f6b68907dca512a5e44a0001d8e64c6dde759efb
2024-03-20,ACB,HOSE,2870000000.0,2870000000.0,0.0,100000.0,100000.0,0.0,2870000000.0,2870000000.0,100000.0,100000.0,26850.0,27700.0,26800.0,27500.0,27370.0,HSX_FOREIGN_API,HOSE_SYMBOL_LEVEL,VND,2026-08-25T01:39:52Z,ff_hsx_symbol_daily_v1,05b8518526e75697b4c35d3032880c282f18b56f440aa58b790d7623e87eb032
2024-03-21,ACB,HOSE,0.0,0.0,0.0,0.0,0.0,0.0,0.0,0.0,0.0,0.0,27700.0,28000.0,27550.0,28000.0,27740.0,HSX_FOREIGN_API,HOSE_SYMBOL_LEVEL,VND,2026-08-25T01:39:52Z,ff_hsx_symbol_daily_v1,66faafa32e9702545319340792750760f77813e02949f2499b2ef131b3c7fc0f
2024-03-22,ACB,HOSE,4009250000000.0,4009250000000.0,0.0,145000000.0,145000000.0,0.0,4009250000000.0,4009250000000.0,145000000.0,145000000.0,28250.0,28950.0,27900.0,28150.0,28370.0,HSX_FOREIGN_API,HOSE_SYMBOL_LEVEL,VND,2026-08-25T01:39:52Z,ff_hsx_symbol_daily_v1,742183be40b303f3ec5c64642473ff32b21d272277c3d49c23f0b1d2c9f960a4
2024-03-25,ACB,HOSE,69230000000.0,69230000000.0,0.0,2300000.0,2300000.0,0.0,69230000000.0,69230000000.0,2300000.0,2300000.0,28050.0,28050.0,27500.0,27500.0,27790.0,HSX_FOREIGN_API,HOSE_SYMBOL_LEVEL,VND,2026-08-25T01:39:52Z,ff_hsx_symbol_daily_v1,c794ac0d36d327db6b081546f712a91674e53e7cede9b0bc797bd09d664b01c6
2024-03-26,ACB,HOSE,0.0,0.0,0.0,0.0,0.0,0.0,0.0,0.0,0.0,0.0,27600.0,27950.0,27350.0,27950.0,27620.0,HSX_FOREIGN_API,HOSE_SYMBOL_LEVEL,VND,2026-08-25T01:39:52Z,ff_hsx_symbol_daily_v1,8d0b8bdccc30495a72fc1630a9281c5591e2859b3d5e1a2d34d2d50abf8f8804
2024-03-27,ACB,HOSE,2930200000.0,2930200000.0,0.0,98000.0,98000.0,0.0,2930200000.0,2930200000.0,98000.0,98000.0,27950.0,28050.0,27600.0,28000.0,27850.0,HSX_FOREIGN_API,HOSE_SYMBOL_LEVEL,VND,2026-08-25T01:39:52Z,ff_hsx_symbol_daily_v1,959b31c465e73f285ec09446c25de0e63d66d73a0ee39118b7f9b0751c30038f
2024-03-28,ACB,HOSE,1462322290000.0,1462324861400.0,-2571400.0,48907100.0,48907186.0,-86.0,1462322290000.0,1462324861400.0,48907100.0,48907186.0,28300.0,28600.0,28200.0,28350.0,28380.0,HSX_FOREIGN_API,HOSE_SYMBOL_LEVEL,VND,2026-08-25T01:39:52Z,ff_hsx_symbol_daily_v1,ce0c9c6e0da9946d805e995764e517cdcfb3e2f4db83573af840cb6c903db7a5
2024-03-29,ACB,HOSE,86355000000.0,86355000000.0,0.0,2850000.0,2850000.0,0.0,86355000000.0,86355000000.0,2850000.0,2850000.0,28400.0,28650.0,28150.0,28500.0,28420.0,HSX_FOREIGN_API,HOSE_SYMBOL_LEVEL,VND,2026-08-25T01:39:52Z,ff_hsx_symbol_daily_v1,00a6b2c44d46a000e1878cfb13a0d71e9fe2fbf20b1d2fcf4b51f5058b244697
2024-04-01,ACB,HOSE,39585000000.0,39585000000.0,0.0,1300000.0,1300000.0,0.0,39585000000.0,39585000000.0,1300000.0,1300000.0,28200.0,28500.0,28100.0,28450.0,28330.0,HSX_FOREIGN_API,HOSE_SYMBOL_LEVEL,VND,2026-08-25T01:39:52Z,ff_hsx_symbol_daily_v1,d25af5320b737bca1c6efeed4055b66e21f97a1769ba367997c2ad4c000fb904
2024-04-02,ACB,HOSE,113394439600.0,113392000000.0,2439600.0,3730086.0,3730000.0,86.0,113392000000.0,113392000000.0,3730000.0,3730000.0,28300.0,28400.0,27900.0,28400.0,28140.0,HSX_FOREIGN_API,HOSE_SYMBOL_LEVEL,VND,2026-08-25T01:39:52Z,ff_hsx_symbol_daily_v1,2fe52472cf0257c6347d87bc4e4f6793823e01fe8e844b746796cbfbe853359b
2024-04-03,ACB,HOSE,60700000000.0,60700000000.0,0.0,2000000.0,2000000.0,0.0,60700000000.0,60700000000.0,2000000.0,2000000.0,28200.0,28400.0,27900.0,28000.0,28110.0,HSX_FOREIGN_API,HOSE_SYMBOL_LEVEL,VND,2026-08-25T01:39:52Z,ff_hsx_symbol_daily_v1,a8ea7a213103c5e23c61f91fc047ce4a884d12fe58abe2739e4498d178d43f77
2024-04-04,ACB,HOSE,6696820000.0,6696820000.0,0.0,223600.0,223600.0,0.0,6696820000.0,6696820000.0,223600.0,223600.0,28050.0,28050.0,27550.0,27550.0,27810.0,HSX_FOREIGN_API,HOSE_SYMBOL_LEVEL,VND,2026-08-25T01:39:52Z,ff_hsx_symbol_daily_v1,9e76f58d9f770c543a85bdf600efb1ebc3c34ff7c099b7e23fff3812fb0de07a
2024-04-05,ACB,HOSE,4417500000.0,4417500000.0,0.0,150000.0,150000.0,0.0,4417500000.0,4417500000.0,150000.0,150000.0,27300.0,27400.0,27100.0,27150.0,27270.0,HSX_FOREIGN_API,HOSE_SYMBOL_LEVEL,VND,2026-08-25T01:39:52Z,ff_hsx_symbol_daily_v1,40481f81f86a76a7bffa4f8f057b93ada920a2c6fd74377344e633ceaf257836
2024-04-08,ACB,HOSE,0.0,0.0,0.0,0.0,0.0,0.0,0.0,0.0,0.0,0.0,27150.0,27250.0,26950.0,27150.0,27110.0,HSX_FOREIGN_API,HOSE_SYMBOL_LEVEL,VND,2026-08-25T01:39:52Z,ff_hsx_symbol_daily_v1,db76700e4277b149b1ee133b10187c306d5d9fe846d344e1e59e7bdcc04c5091
2024-04-09,ACB,HOSE,581000000.0,581000000.0,0.0,20000.0,20000.0,0.0,581000000.0,581000000.0,20000.0,20000.0,27150.0,27300.0,27050.0,27300.0,27190.0,HSX_FOREIGN_API,HOSE_SYMBOL_LEVEL,VND,2026-08-25T01:39:52Z,ff_hsx_symbol_daily_v1,62d82b9b18bdb0d11116640d7443ef1346cae506b3cfc4aa74005fd228d8a4e8
2024-04-10,ACB,HOSE,0.0,0.0,0.0,0.0,0.0,0.0,0.0,0.0,0.0,0.0,27450.0,27600.0,27100.0,27100.0,27340.0,HSX_FOREIGN_API,HOSE_SYMBOL_LEVEL,VND,2026-08-25T01:39:52Z,ff_hsx_symbol_daily_v1,07bafe1ed7f6488ea63ed2aae505a7ccada0b0856352500cce8428dda26d85df
2024-04-11,ACB,HOSE,0.0,0.0,0.0,0.0,0.0,0.0,0.0,0.0,0.0,0.0,27000.0,27150.0,26900.0,27150.0,27010.0,HSX_FOREIGN_API,HOSE_SYMBOL_LEVEL,VND,2026-08-25T01:39:52Z,ff_hsx_symbol_daily_v1,d2b3b4d0d8f3a0555ce0cf93f4ecf6783e7d024e600e2c7e80beda329f88d9d6
2024-04-12,ACB,HOSE,5963642138300.0,5963642312600.0,-174300.0,205288886.0,205288892.0,-6.0,5963642138300.0,5963642312600.0,205288886.0,205288892.0,27200.0,28000.0,27000.0,28000.0,27520.0,HSX_FOREIGN_API,HOSE_SYMBOL_LEVEL,VND,2026-08-25T01:39:52Z,ff_hsx_symbol_daily_v1,44c6fc4735e3bd29d5d26d403519ea7fe6434067c6b7543de405889ff8ab00c8
2024-04-15,ACB,HOSE,97337500000.0,97337500000.0,0.0,3250000.0,3250000.0,0.0,97337500000.0,97337500000.0,3250000.0,3250000.0,27800.0,28000.0,26850.0,26850.0,27350.0,HSX_FOREIGN_API,HOSE_SYMBOL_LEVEL,VND,2026-08-25T01:39:52Z,ff_hsx_symbol_daily_v1,785a6b9b0a3ce4cf7566c6bcdb5b58618b6d31b970259bcb40b8e2e8e55ee0a2
2024-04-16,ACB,HOSE,28700000000.0,28700000000.0,0.0,1000000.0,1000000.0,0.0,28700000000.0,28700000000.0,1000000.0,1000000.0,26850.0,27150.0,26750.0,27150.0,26950.0,HSX_FOREIGN_API,HOSE_SYMBOL_LEVEL,VND,2026-08-25T01:39:52Z,ff_hsx_symbol_daily_v1,181aa8079f4976d02a2839b96879ecb152b6f76d7e9c847e40f47390b9ff2728
2024-04-17,ACB,HOSE,61368287900.0,61368125000.0,162900.0,2112506.0,2112500.0,6.0,61368125000.0,61368125000.0,2112500.0,2112500.0,27200.0,27250.0,26750.0,26750.0,26960.0,HSX_FOREIGN_API,HOSE_SYMBOL_LEVEL,VND,2026-08-25T01:39:52Z,ff_hsx_symbol_daily_v1,e660733ecc0c5a1f988c9d8a03cf6cff64e482035bd4faf5c666d31638876129
2024-04-19,ACB,HOSE,19805500000.0,19805500000.0,0.0,692500.0,692500.0,0.0,19805500000.0,19805500000.0,692500.0,692500.0,26600.0,26800.0,26450.0,26600.0,26630.0,HSX_FOREIGN_API,HOSE_SYMBOL_LEVEL,VND,2026-08-25T01:39:52Z,ff_hsx_symbol_daily_v1,37a66760f02f5dbaa95859387d213258d3c1eaeadfd6e8c935fa83276996dc9e
2024-04-22,ACB,HOSE,26051295150.0,26051295150.0,0.0,915687.0,915687.0,0.0,26051295150.0,26051295150.0,915687.0,915687.0,26900.0,26950.0,26700.0,26800.0,26820.0,HSX_FOREIGN_API,HOSE_SYMBOL_LEVEL,VND,2026-08-25T01:39:52Z,ff_hsx_symbol_daily_v1,cf78b0e645d1669b49974427c2d87f90c4bc93410ba449389720902975680f08
2024-04-23,ACB,HOSE,4072053150.0,4072053150.0,0.0,142131.0,142131.0,0.0,4072053150.0,4072053150.0,142131.0,142131.0,26800.0,26950.0,26550.0,26650.0,26730.0,HSX_FOREIGN_API,HOSE_SYMBOL_LEVEL,VND,2026-08-25T01:39:52Z,ff_hsx_symbol_daily_v1,9160c6b489a7dc828708d676a168a3f960020c35ef0b0c2a55759b2d8f82d9c5
2024-04-24,ACB,HOSE,570000000.0,570000000.0,0.0,20000.0,20000.0,0.0,570000000.0,570000000.0,20000.0,20000.0,26800.0,27100.0,26700.0,27050.0,26970.0,HSX_FOREIGN_API,HOSE_SYMBOL_LEVEL,VND,2026-08-25T01:39:52Z,ff_hsx_symbol_daily_v1,3290d35285a37124c34f02121c0a9c50211ab7a4a1f92376892609b1c58574f0
2024-04-25,ACB,HOSE,10863510000.0,10863510000.0,0.0,375900.0,375900.0,0.0,10863510000.0,10863510000.0,375900.0,375900.0,27000.0,27050.0,26750.0,26800.0,26870.0,HSX_FOREIGN_API,HOSE_SYMBOL_LEVEL,VND,2026-08-25T01:39:52Z,ff_hsx_symbol_daily_v1,70ff567bb738e8ff484100a8fe976047f16d15dca890168d798fe9c331960f45
2024-04-26,ACB,HOSE,0.0,0.0,0.0,0.0,0.0,0.0,0.0,0.0,0.0,0.0,26800.0,27000.0,26600.0,26850.0,26770.0,HSX_FOREIGN_API,HOSE_SYMBOL_LEVEL,VND,2026-08-25T01:39:52Z,ff_hsx_symbol_daily_v1,553ab87365c1428d6059bef5b7177c6f1dc174cd58e1e414f92321bd7e046ea3
2024-05-02,ACB,HOSE,780640000.0,780640000.0,0.0,27200.0,27200.0,0.0,780640000.0,780640000.0,27200.0,27200.0,26850.0,27150.0,26800.0,27000.0,26920.0,HSX_FOREIGN_API,HOSE_SYMBOL_LEVEL,VND,2026-08-25T01:39:52Z,ff_hsx_symbol_daily_v1,1e6c4cefef874fd32c67c0becbc35156021e630dc5ff708bceb0d32b53f79b61
2024-05-03,ACB,HOSE,0.0,0.0,0.0,0.0,0.0,0.0,0.0,0.0,0.0,0.0,27100.0,27500.0,27100.0,27500.0,27280.0,HSX_FOREIGN_API,HOSE_SYMBOL_LEVEL,VND,2026-08-25T01:39:52Z,ff_hsx_symbol_daily_v1,6960e0eb6613e6647e5f72da76c36d32bb02d51b64c62f5bb07a8367d3f0acc6
2024-05-06,ACB,HOSE,88200000000.0,88200000000.0,0.0,3000000.0,3000000.0,0.0,88200000000.0,88200000000.0,3000000.0,3000000.0,27500.0,27700.0,27350.0,27600.0,27540.0,HSX_FOREIGN_API,HOSE_SYMBOL_LEVEL,VND,2026-08-25T01:39:52Z,ff_hsx_symbol_daily_v1,8aa0e9c13513fff0c428181ee19c19595acd59cb467b936ed5087f0148e05554
2024-05-07,ACB,HOSE,29500000000.0,29500000000.0,0.0,1000000.0,1000000.0,0.0,29500000000.0,29500000000.0,1000000.0,1000000.0,27750.0,27800.0,27500.0,27650.0,27600.0,HSX_FOREIGN_API,HOSE_SYMBOL_LEVEL,VND,2026-08-25T01:39:52Z,ff_hsx_symbol_daily_v1,47d181fad35e482f8cd139618e1947607307dd2b0bbc9a55e6436f7ffc0e02fc
2024-05-08,ACB,HOSE,88650000000.0,88650000000.0,0.0,3000000.0,3000000.0,0.0,88650000000.0,88650000000.0,3000000.0,3000000.0,27500.0,27650.0,27300.0,27550.0,27500.0,HSX_FOREIGN_API,HOSE_SYMBOL_LEVEL,VND,2026-08-25T01:39:52Z,ff_hsx_symbol_daily_v1,a3a39530248cfcd2b67372fb494c3ea1d6648688610cd704dd3cee113b690744
2024-05-09,ACB,HOSE,2588655000.0,2588655000.0,0.0,87900.0,87900.0,0.0,2588655000.0,2588655000.0,87900.0,87900.0,27600.0,27800.0,27500.0,27600.0,27650.0,HSX_FOREIGN_API,HOSE_SYMBOL_LEVEL,VND,2026-08-25T01:39:52Z,ff_hsx_symbol_daily_v1,9509093135bddcb63890034e91e65cd90f3b8aade0f41283bb3e0d34c0ac2109
2024-05-10,ACB,HOSE,44248436500.0,45790120000.0,-1541683500.0,1499947.0,1555600.0,-55653.0,44248436500.0,44250000000.0,1499947.0,1500000.0,27600.0,27700.0,27450.0,27700.0,27580.0,HSX_FOREIGN_API,HOSE_SYMBOL_LEVEL,VND,2026-08-25T01:39:52Z,ff_hsx_symbol_daily_v1,032b517261b2711c45656459518bba56c882bae7021211400b0cdbe4dd81f184
2024-05-13,ACB,HOSE,10229760000.0,10231240000.0,-1480000.0,345600.0,345650.0,-50.0,10229760000.0,10231240000.0,345600.0,345650.0,28000.0,28000.0,27650.0,27700.0,27770.0,HSX_FOREIGN_API,HOSE_SYMBOL_LEVEL,VND,2026-08-25T01:39:52Z,ff_hsx_symbol_daily_v1,fb18e694fa1c1800a68a98e1d2bcc3ab194ec362a8445b49d59d51c1f0a6b973
2024-05-14,ACB,HOSE,14740800000.0,14740800000.0,0.0,498000.0,498000.0,0.0,14740800000.0,14740800000.0,498000.0,498000.0,27700.0,27900.0,27650.0,27750.0,27770.0,HSX_FOREIGN_API,HOSE_SYMBOL_LEVEL,VND,2026-08-25T01:39:52Z,ff_hsx_symbol_daily_v1,b610d920777d1786c3fcf359cdbf137bc27fd3fa0a692f28765650ab24b6464b
2024-05-15,ACB,HOSE,1575230700.0,0.0,1575230700.0,55653.0,0.0,55653.0,1573758000.0,0.0,55600.0,0.0,27850.0,27850.0,27700.0,27700.0,27780.0,HSX_FOREIGN_API,HOSE_SYMBOL_LEVEL,VND,2026-08-25T01:39:52Z,ff_hsx_symbol_daily_v1,260588669ce6fa0dfda22f40b3784025dc8e86f2f790b1d42250b0589643e734
2024-05-16,ACB,HOSE,2194754300.0,2193360000.0,1394300.0,74150.0,74100.0,50.0,2193360000.0,2193360000.0,74100.0,74100.0,28000.0,28400.0,27800.0,28250.0,28190.0,HSX_FOREIGN_API,HOSE_SYMBOL_LEVEL,VND,2026-08-25T01:39:52Z,ff_hsx_symbol_daily_v1,ee87efd610fa7c798465e2213bb0e75b4d3b76c17ef9dc84dcab287ab9ece6fe
2024-05-17,ACB,HOSE,17446540000.0,17446540000.0,0.0,577700.0,577700.0,0.0,17446540000.0,17446540000.0,577700.0,577700.0,28250.0,28400.0,28200.0,28250.0,28300.0,HSX_FOREIGN_API,HOSE_SYMBOL_LEVEL,VND,2026-08-25T01:39:52Z,ff_hsx_symbol_daily_v1,e75455ef01b3e9078e84947be54c81380b1d315fce0f8452c1f85c75db979371
2024-05-20,ACB,HOSE,19747780000.0,19750256400.0,-2476400.0,653900.0,653982.0,-82.0,19747780000.0,19750256400.0,653900.0,653982.0,28500.0,28550.0,28200.0,28250.0,28370.0,HSX_FOREIGN_API,HOSE_SYMBOL_LEVEL,VND,2026-08-25T01:39:52Z,ff_hsx_symbol_daily_v1,181c9841ca43df3843c8b7aa411e7dde45d3c5336ea03c71a3e00b593b10c89e
2024-05-21,ACB,HOSE,37731880000.0,37731880000.0,0.0,1249400.0,1249400.0,0.0,37731880000.0,37731880000.0,1249400.0,1249400.0,28250.0,28300.0,27850.0,28200.0,28050.0,HSX_FOREIGN_API,HOSE_SYMBOL_LEVEL,VND,2026-08-25T01:39:52Z,ff_hsx_symbol_daily_v1,193971ab2c4721aaeb83bb3a6e503bd3e9dc7a0328d9325a82dd93747acd256f
2024-05-22,ACB,HOSE,41468310000.0,41468310000.0,0.0,1375400.0,1375400.0,0.0,41468310000.0,41468310000.0,1375400.0,1375400.0,28200.0,28250.0,27900.0,27950.0,28070.0,HSX_FOREIGN_API,HOSE_SYMBOL_LEVEL,VND,2026-08-25T01:39:52Z,ff_hsx_symbol_daily_v1,3461e066fe1ef7aee93c5b848c7a1685cdd564090d1f5bf390d3de8e5c18efed
2024-05-23,ACB,HOSE,5083000000.0,5083000000.0,0.0,170000.0,170000.0,0.0,5083000000.0,5083000000.0,170000.0,170000.0,28000.0,28500.0,28000.0,28450.0,28280.0,HSX_FOREIGN_API,HOSE_SYMBOL_LEVEL,VND,2026-08-25T01:39:52Z,ff_hsx_symbol_daily_v1,7b260a230c58da5fae222e6b096749d2cb8308d4a4778b4ddcf5863fa460186d
2024-05-24,ACB,HOSE,30400000000.0,30400000000.0,0.0,1000000.0,1000000.0,0.0,30400000000.0,30400000000.0,1000000.0,1000000.0,28450.0,30200.0,28250.0,29250.0,29390.0,HSX_FOREIGN_API,HOSE_SYMBOL_LEVEL,VND,2026-08-25T01:39:52Z,ff_hsx_symbol_daily_v1,de236e7207f5cdd94a853e2067b623c98012ea07542c055860ae4abc0d259e7b
2024-05-27,ACB,HOSE,0.0,0.0,0.0,0.0,0.0,0.0,0.0,0.0,0.0,0.0,29500.0,29850.0,29250.0,29450.0,29480.0,HSX_FOREIGN_API,HOSE_SYMBOL_LEVEL,VND,2026-08-25T01:39:52Z,ff_hsx_symbol_daily_v1,2afaedf276788f7ab8cbd202ac9cf5895a45a2536c64d1f0dd05b27c5867da2f
2024-05-28,ACB,HOSE,0.0,0.0,0.0,0.0,0.0,0.0,0.0,0.0,0.0,0.0,29700.0,29700.0,29300.0,29650.0,29470.0,HSX_FOREIGN_API,HOSE_SYMBOL_LEVEL,VND,2026-08-25T01:39:52Z,ff_hsx_symbol_daily_v1,86f6105ae378a5b3de6183f83fa502033dab5226fcca2dde792907a15ae4741d
2024-05-29,ACB,HOSE,15500000000.0,15500000000.0,0.0,500000.0,500000.0,0.0,15500000000.0,15500000000.0,500000.0,500000.0,29700.0,29750.0,29250.0,29250.0,29480.0,HSX_FOREIGN_API,HOSE_SYMBOL_LEVEL,VND,2026-08-25T01:39:52Z,ff_hsx_symbol_daily_v1,7ab38ab6f4888a5c8b98d0d42acde15f3ed3e57ac55df8f81561797f121bfe79
2024-05-30,ACB,HOSE,0.0,0.0,0.0,0.0,0.0,0.0,0.0,0.0,0.0,0.0,29150.0,29400.0,28850.0,29400.0,29200.0,HSX_FOREIGN_API,HOSE_SYMBOL_LEVEL,VND,2026-08-25T01:39:52Z,ff_hsx_symbol_daily_v1,5623e0498efb78d41e3fad1909f920728da7e48ace5380cf8498549f0c8fa870
2024-05-31,ACB,HOSE,0.0,0.0,0.0,0.0,0.0,0.0,0.0,0.0,0.0,0.0,25000.0,25300.0,24650.0,24650.0,24890.0,HSX_FOREIGN_API,HOSE_SYMBOL_LEVEL,VND,2026-08-25T01:39:52Z,ff_hsx_symbol_daily_v1,6ae5e179d5d394b4c9f7249e47c3364d5e9c0876a2d148a7545787cbf9f09a1d
2024-06-03,ACB,HOSE,40063940800.0,40063940800.0,0.0,1562800.0,1562800.0,0.0,40063940800.0,40063940800.0,1562800.0,1562800.0,24850.0,24950.0,24600.0,24800.0,24740.0,HSX_FOREIGN_API,HOSE_SYMBOL_LEVEL,VND,2026-08-25T01:39:52Z,ff_hsx_symbol_daily_v1,91aa167f032ef91de157a3b99e101b1b6d5d7ff8f946a73dc0dcf0941b45b4d7
2024-06-04,ACB,HOSE,5209984000.0,5209984000.0,0.0,202000.0,202000.0,0.0,5209984000.0,5209984000.0,202000.0,202000.0,24800.0,24800.0,24450.0,24500.0,24630.0,HSX_FOREIGN_API,HOSE_SYMBOL_LEVEL,VND,2026-08-25T01:39:52Z,ff_hsx_symbol_daily_v1,ec96143970abfecbea4c2835f46cdca137b31bf08d95ba7b39d60b964269f163
2024-06-05,ACB,HOSE,13755157500.0,13755157500.0,0.0,534700.0,534700.0,0.0,13755157500.0,13755157500.0,534700.0,534700.0,24750.0,24750.0,24300.0,24350.0,24480.0,HSX_FOREIGN_API,HOSE_SYMBOL_LEVEL,VND,2026-08-25T01:39:52Z,ff_hsx_symbol_daily_v1,d6ed6bf107f31fac85b545a06272d22ae93c497e0481f4c115f9188091623a3c
2024-06-06,ACB,HOSE,0.0,465500.0,-465500.0,0.0,19.0,-19.0,0.0,0.0,0.0,0.0,24400.0,24500.0,24300.0,24350.0,24370.0,HSX_FOREIGN_API,HOSE_SYMBOL_LEVEL,VND,2026-08-25T01:39:52Z,ff_hsx_symbol_daily_v1,0dace309b63aec2749907931dd356731131146861d1fcb7d22d58dcf85dc09e3
2024-06-07,ACB,HOSE,23445000000.0,23445000000.0,0.0,900000.0,900000.0,0.0,23445000000.0,23445000000.0,900000.0,900000.0,24550.0,24650.0,24300.0,24600.0,24440.0,HSX_FOREIGN_API,HOSE_SYMBOL_LEVEL,VND,2026-08-25T01:39:52Z,ff_hsx_symbol_daily_v1,bc57f5bf8ffdba8cac20111d9c4a3383e0be5b4b4a26fb862fe0d3e85b820022
2024-06-10,ACB,HOSE,39818200000.0,39818200000.0,0.0,1514000.0,1514000.0,0.0,39818200000.0,39818200000.0,1514000.0,1514000.0,24600.0,24700.0,24300.0,24400.0,24450.0,HSX_FOREIGN_API,HOSE_SYMBOL_LEVEL,VND,2026-08-25T01:39:52Z,ff_hsx_symbol_daily_v1,d55f3ac593e505d38c9111d50ba9316592900b5fbccf08cc320f7d03b9c282ec
2024-06-11,ACB,HOSE,28710000000.0,28710000000.0,0.0,1100000.0,1100000.0,0.0,28710000000.0,28710000000.0,1100000.0,1100000.0,24400.0,24450.0,24100.0,24150.0,24230.0,HSX_FOREIGN_API,HOSE_SYMBOL_LEVEL,VND,2026-08-25T01:39:52Z,ff_hsx_symbol_daily_v1,3f22444cdffb33e93e0f7cfa63fd4216c1326b7f1c75e9cf44a8536defe9c2e8
2024-06-12,ACB,HOSE,33560640000.0,33560640000.0,0.0,1300800.0,1300800.0,0.0,33560640000.0,33560640000.0,1300800.0,1300800.0,24150.0,24550.0,23900.0,24550.0,24160.0,HSX_FOREIGN_API,HOSE_SYMBOL_LEVEL,VND,2026-08-25T01:39:52Z,ff_hsx_symbol_daily_v1,408cc43f3ec6f8fe521d1573bf9c4103c81d245bd177e7f293da2e9a0e081d16
2024-06-13,ACB,HOSE,34201125000.0,34201125000.0,0.0,1302900.0,1302900.0,0.0,34201125000.0,34201125000.0,1302900.0,1302900.0,24550.0,24900.0,24400.0,24800.0,24640.0,HSX_FOREIGN_API,HOSE_SYMBOL_LEVEL,VND,2026-08-25T01:39:52Z,ff_hsx_symbol_daily_v1,95cf55f17c4fc99793227fc917c0f75ebaae4ae885b8815299629baab22726da
2024-06-14,ACB,HOSE,3895500000.0,3895500000.0,0.0,147000.0,147000.0,0.0,3895500000.0,3895500000.0,147000.0,147000.0,24700.0,24900.0,24600.0,24600.0,24760.0,HSX_FOREIGN_API,HOSE_SYMBOL_LEVEL,VND,2026-08-25T01:39:52Z,ff_hsx_symbol_daily_v1,083bbee8c92f24c2268562aab5b3d50ed0423ebf9d05a38ad3cfa84c309d3a83
2024-06-17,ACB,HOSE,0.0,0.0,0.0,0.0,0.0,0.0,0.0,0.0,0.0,0.0,24600.0,24600.0,24250.0,24550.0,24400.0,HSX_FOREIGN_API,HOSE_SYMBOL_LEVEL,VND,2026-08-25T01:39:52Z,ff_hsx_symbol_daily_v1,fac10e2dd21e4759b5953da2ab4975e1ae088b01f08a1602de9cd55df18c85a5
2024-06-18,ACB,HOSE,5512500000.0,5512500000.0,0.0,210000.0,210000.0,0.0,5512500000.0,5512500000.0,210000.0,210000.0,24700.0,24700.0,24400.0,24550.0,24550.0,HSX_FOREIGN_API,HOSE_SYMBOL_LEVEL,VND,2026-08-25T01:39:52Z,ff_hsx_symbol_daily_v1,64e03e92de0bcc28ca5c52eb25b059d2629885496460cb204b88a2f0433ead2a
2024-06-19,ACB,HOSE,5172545500.0,5171250000.0,1295500.0,197052.0,197000.0,52.0,5171250000.0,5171250000.0,197000.0,197000.0,24550.0,24700.0,24250.0,24650.0,24420.0,HSX_FOREIGN_API,HOSE_SYMBOL_LEVEL,VND,2026-08-25T01:39:52Z,ff_hsx_symbol_daily_v1,7dc46fae7c4ffa5494de816791b42671d9005dd0a7976d2e949207b66afd1a19
2024-06-20,ACB,HOSE,3683730000.0,3683730000.0,0.0,139800.0,139800.0,0.0,3683730000.0,3683730000.0,139800.0,139800.0,24550.0,24850.0,24400.0,24800.0,24610.0,HSX_FOREIGN_API,HOSE_SYMBOL_LEVEL,VND,2026-08-25T01:39:52Z,ff_hsx_symbol_daily_v1,a8c6fa24a8a0cb339d1ce4a2529f51f66912025363ed2ff63b4e8188dda33453
2024-06-21,ACB,HOSE,0.0,0.0,0.0,0.0,0.0,0.0,0.0,0.0,0.0,0.0,24850.0,24850.0,24500.0,24550.0,24580.0,HSX_FOREIGN_API,HOSE_SYMBOL_LEVEL,VND,2026-08-25T01:39:52Z,ff_hsx_symbol_daily_v1,01d3a8659c9f4988c5d716fb7c4b5c0cef04c3eae6e94ebc20039d787d47b113
2024-06-24,ACB,HOSE,0.0,0.0,0.0,0.0,0.0,0.0,0.0,0.0,0.0,0.0,24600.0,24600.0,23900.0,24100.0,24110.0,HSX_FOREIGN_API,HOSE_SYMBOL_LEVEL,VND,2026-08-25T01:39:52Z,ff_hsx_symbol_daily_v1,5755e8dc191565a7c76e827b6dcd7efd1b410a1426f1b74a1f3246514dd34de5
2024-06-25,ACB,HOSE,51503628000.0,51503628000.0,0.0,2036000.0,2036000.0,0.0,51503628000.0,51503628000.0,2036000.0,2036000.0,24000.0,24200.0,23900.0,24050.0,23990.0,HSX_FOREIGN_API,HOSE_SYMBOL_LEVEL,VND,2026-08-25T01:39:52Z,ff_hsx_symbol_daily_v1,ff4d24c6e8c1514b5238a439f546d172259eb248ad910b3728e75f8ec35686fe
2024-06-26,ACB,HOSE,67452220000.0,67452220000.0,0.0,2624600.0,2624600.0,0.0,67452220000.0,67452220000.0,2624600.0,2624600.0,24000.0,24100.0,23600.0,24100.0,23840.0,HSX_FOREIGN_API,HOSE_SYMBOL_LEVEL,VND,2026-08-25T01:39:52Z,ff_hsx_symbol_daily_v1,336be4bda560a2558ac41e9afbcdca35ac4273d8252bf6c44eba3448e69c81ad
2024-06-27,ACB,HOSE,1030000000.0,1030000000.0,0.0,40000.0,40000.0,0.0,1030000000.0,1030000000.0,40000.0,40000.0,24000.0,24100.0,23800.0,23950.0,23880.0,HSX_FOREIGN_API,HOSE_SYMBOL_LEVEL,VND,2026-08-25T01:39:52Z,ff_hsx_symbol_daily_v1,5f5f8d430ac84e52c4680a6faf81e625d69d4180066236087fbdb1e9e9121c49
2024-06-28,ACB,HOSE,49566000000.0,49566000000.0,0.0,1940000.0,1940000.0,0.0,49566000000.0,49566000000.0,1940000.0,1940000.0,23800.0,24000.0,23750.0,23800.0,23870.0,HSX_FOREIGN_API,HOSE_SYMBOL_LEVEL,VND,2026-08-25T01:39:52Z,ff_hsx_symbol_daily_v1,0e97c6d570fa74c46386a3438e2f4f94e8faf42676af9336d8173a60e58b6519
2024-07-01,ACB,HOSE,0.0,0.0,0.0,0.0,0.0,0.0,0.0,0.0,0.0,0.0,23800.0,23850.0,23600.0,23800.0,23680.0,HSX_FOREIGN_API,HOSE_SYMBOL_LEVEL,VND,2026-08-25T01:39:52Z,ff_hsx_symbol_daily_v1,4e6f801f755bc3438809d74f60b84fb06834515d872b69b5ef5627a625efc513
2024-07-02,ACB,HOSE,2545000000.0,2784500000.0,-239500000.0,100000.0,110000.0,-10000.0,2545000000.0,2545000000.0,100000.0,100000.0,23800.0,24100.0,23700.0,24050.0,23980.0,HSX_FOREIGN_API,HOSE_SYMBOL_LEVEL,VND,2026-08-25T01:39:52Z,ff_hsx_symbol_daily_v1,559d2f8e1cfd187c6824c87ba6e9d98cd8f5472cba4ef41d4a8bc21994df4c55
2024-07-03,ACB,HOSE,14906000000.0,14906000000.0,0.0,580000.0,580000.0,0.0,14906000000.0,14906000000.0,580000.0,580000.0,24150.0,24400.0,23950.0,24250.0,24160.0,HSX_FOREIGN_API,HOSE_SYMBOL_LEVEL,VND,2026-08-25T01:39:52Z,ff_hsx_symbol_daily_v1,d176fc791d5981525f7d4016db4b5f494d1e10aa7b656115931de9500bb56c29
2024-07-04,ACB,HOSE,25900000000.0,25900120000.0,-120000.0,1000000.0,1000005.0,-5.0,25900000000.0,25900000000.0,1000000.0,1000000.0,24300.0,24350.0,23950.0,24150.0,24120.0,HSX_FOREIGN_API,HOSE_SYMBOL_LEVEL,VND,2026-08-25T01:39:52Z,ff_hsx_symbol_daily_v1,adbdf612c72fc37ff7c42091507ebcd32ecf10a063ed5b27b75872d3b900588e
2024-07-05,ACB,HOSE,26041500000.0,25848600000.0,192900000.0,1010000.0,1002025.0,7975.0,25800000000.0,25800000000.0,1000000.0,1000000.0,24150.0,24300.0,24000.0,24300.0,24110.0,HSX_FOREIGN_API,HOSE_SYMBOL_LEVEL,VND,2026-08-25T01:39:52Z,ff_hsx_symbol_daily_v1,700a1b5f09552d780e515de301a089f66009629189fb4e821e88173fd5d9d13f
2024-07-08,ACB,HOSE,123416800000.0,123416800000.0,0.0,4746800.0,4746800.0,0.0,123416800000.0,123416800000.0,4746800.0,4746800.0,24300.0,24350.0,24100.0,24250.0,24170.0,HSX_FOREIGN_API,HOSE_SYMBOL_LEVEL,VND,2026-08-25T01:39:52Z,ff_hsx_symbol_daily_v1,b5afb03bf8d1fe19b7176ff8c999c3b923862f1b3714856392f3a77713b4d6ea
2024-07-09,ACB,HOSE,18099041250.0,18098920000.0,121250.0,698805.0,698800.0,5.0,18098920000.0,18098920000.0,698800.0,698800.0,24150.0,24400.0,24050.0,24300.0,24250.0,HSX_FOREIGN_API,HOSE_SYMBOL_LEVEL,VND,2026-08-25T01:39:52Z,ff_hsx_symbol_daily_v1,ea23f3ef7ffca039dc22eda53562eb5814dc2521bdf248f2d019c43ae3c728a2
2024-07-10,ACB,HOSE,8533408650.0,8483800000.0,49608650.0,328325.0,326300.0,2025.0,8483800000.0,8483800000.0,326300.0,326300.0,24500.0,24500.0,24250.0,24250.0,24320.0,HSX_FOREIGN_API,HOSE_SYMBOL_LEVEL,VND,2026-08-25T01:39:52Z,ff_hsx_symbol_daily_v1,89bd6a01e8dfb68a13f1c758c13488e6c28b5f4c84cd2d38dca7fb2a121897f6
2024-07-11,ACB,HOSE,0.0,0.0,0.0,0.0,0.0,0.0,0.0,0.0,0.0,0.0,24350.0,24350.0,24150.0,24150.0,24230.0,HSX_FOREIGN_API,HOSE_SYMBOL_LEVEL,VND,2026-08-25T01:39:52Z,ff_hsx_symbol_daily_v1,4adeddac12e0563fa18f5c13e39cb7b2f428369c2bd476c22b5f7f6940286ca1
2024-07-12,ACB,HOSE,4438560000.0,4438560000.0,0.0,181400.0,181400.0,0.0,4438560000.0,4438560000.0,181400.0,181400.0,24100.0,24150.0,23800.0,24000.0,24030.0,HSX_FOREIGN_API,HOSE_SYMBOL_LEVEL,VND,2026-08-25T01:39:52Z,ff_hsx_symbol_daily_v1,1751316f34ee92c20fe2f73388810cb222015632b2bf3dd3fb8112e7b8b6f867
2024-07-15,ACB,HOSE,38475000000.0,38475048000.0,-48000.0,1500000.0,1500002.0,-2.0,38475000000.0,38475000000.0,1500000.0,1500000.0,24000.0,24050.0,23900.0,23950.0,23980.0,HSX_FOREIGN_API,HOSE_SYMBOL_LEVEL,VND,2026-08-25T01:39:52Z,ff_hsx_symbol_daily_v1,59654e8b11c032d374f9e316e4f0487ac965bd279b048bc86c3394c6513e5536
2024-07-16,ACB,HOSE,19225600000.0,19225600000.0,0.0,751000.0,751000.0,0.0,19225600000.0,19225600000.0,751000.0,751000.0,24000.0,24300.0,23950.0,24100.0,24160.0,HSX_FOREIGN_API,HOSE_SYMBOL_LEVEL,VND,2026-08-25T01:39:52Z,ff_hsx_symbol_daily_v1,607ab376d9b66f385bcd17fd49f6f43d1ec762318a31f48f0f8c4334020f3f47
2024-07-17,ACB,HOSE,7725000000.0,7725000000.0,0.0,300000.0,300000.0,0.0,7725000000.0,7725000000.0,300000.0,300000.0,24300.0,25200.0,24200.0,24500.0,24690.0,HSX_FOREIGN_API,HOSE_SYMBOL_LEVEL,VND,2026-08-25T01:39:52Z,ff_hsx_symbol_daily_v1,2d6ada8d073522d5bbb14ae3e3a6cfd4806ac54bfd01f55f395d4131f6495958
2024-07-18,ACB,HOSE,20915889000.0,20915840000.0,49000.0,820802.0,820800.0,2.0,20915840000.0,20915840000.0,820800.0,820800.0,24500.0,25100.0,24500.0,24800.0,24760.0,HSX_FOREIGN_API,HOSE_SYMBOL_LEVEL,VND,2026-08-25T01:39:52Z,ff_hsx_symbol_daily_v1,e19c027eab8e914dd624496693c7937c474ea0adc43284d7413b84659ca3cbfa
2024-07-19,ACB,HOSE,37100000000.0,37100000000.0,0.0,1400000.0,1400000.0,0.0,37100000000.0,37100000000.0,1400000.0,1400000.0,24800.0,25300.0,24650.0,25100.0,25090.0,HSX_FOREIGN_API,HOSE_SYMBOL_LEVEL,VND,2026-08-25T01:39:52Z,ff_hsx_symbol_daily_v1,3ce8e798fa88f03e25048472d80a71339aef5003a1f71c1118f615264dbab070
2024-07-22,ACB,HOSE,46273290000.0,46273290000.0,0.0,1723400.0,1723400.0,0.0,46273290000.0,46273290000.0,1723400.0,1723400.0,25100.0,25200.0,24650.0,24750.0,24920.0,HSX_FOREIGN_API,HOSE_SYMBOL_LEVEL,VND,2026-08-25T01:39:52Z,ff_hsx_symbol_daily_v1,6cb8a8b6142365cb7b5b159a575eba98fa208e517a15d386bc5da3b94b7fb49b
2024-07-23,ACB,HOSE,46446200000.0,46446200000.0,0.0,1756000.0,1756000.0,0.0,46446200000.0,46446200000.0,1756000.0,1756000.0,24800.0,24900.0,24000.0,24000.0,24360.0,HSX_FOREIGN_API,HOSE_SYMBOL_LEVEL,VND,2026-08-25T01:39:52Z,ff_hsx_symbol_daily_v1,a3cfeac07aff1049f4a0c51510dd7b397af2bc388a88806f1938a710c9c67a8a
2024-07-24,ACB,HOSE,0.0,167650.0,-167650.0,0.0,7.0,-7.0,0.0,0.0,0.0,0.0,24000.0,24400.0,23800.0,24200.0,24030.0,HSX_FOREIGN_API,HOSE_SYMBOL_LEVEL,VND,2026-08-25T01:39:52Z,ff_hsx_symbol_daily_v1,c431ab2687e5b7416b4829b2c052ac29f7629a6592f24522d29349efa2ec20c6
2024-07-25,ACB,HOSE,33845345000.0,33845345000.0,0.0,1354900.0,1354900.0,0.0,33845345000.0,33845345000.0,1354900.0,1354900.0,24150.0,24150.0,23800.0,24050.0,23950.0,HSX_FOREIGN_API,HOSE_SYMBOL_LEVEL,VND,2026-08-25T01:39:52Z,ff_hsx_symbol_daily_v1,eae3dc816e6382fcbc34f23a0ccaf6b306b8a1a16ee20c9ba30ab86b919673b5
2024-07-26,ACB,HOSE,0.0,0.0,0.0,0.0,0.0,0.0,0.0,0.0,0.0,0.0,24100.0,24150.0,24000.0,24100.0,24070.0,HSX_FOREIGN_API,HOSE_SYMBOL_LEVEL,VND,2026-08-25T01:39:52Z,ff_hsx_symbol_daily_v1,659dbdd941e0a6be385a9852816ba4051e84adfacd5f1e08681da0c0653fa95b
2024-07-29,ACB,HOSE,3633493800.0,3633711250.0,-217450.0,141107.0,141115.0,-8.0,3633325000.0,3633711250.0,141100.0,141115.0,24300.0,24300.0,24050.0,24150.0,24150.0,HSX_FOREIGN_API,HOSE_SYMBOL_LEVEL,VND,2026-08-25T01:39:52Z,ff_hsx_symbol_daily_v1,e228306bafa01fddb312428b039272675853d298ac31d4853234a284bf6d644e
2024-07-30,ACB,HOSE,38700000000.0,38700000000.0,0.0,1500000.0,1500000.0,0.0,38700000000.0,38700000000.0,1500000.0,1500000.0,24000.0,24150.0,23950.0,24150.0,24050.0,HSX_FOREIGN_API,HOSE_SYMBOL_LEVEL,VND,2026-08-25T01:39:52Z,ff_hsx_symbol_daily_v1,63476cefe377f8619a785e66d7c7c9e229d964e0d26185810794877b32dff160
2024-07-31,ACB,HOSE,0.0,0.0,0.0,0.0,0.0,0.0,0.0,0.0,0.0,0.0,24200.0,24550.0,24100.0,24550.0,24390.0,HSX_FOREIGN_API,HOSE_SYMBOL_LEVEL,VND,2026-08-25T01:39:52Z,ff_hsx_symbol_daily_v1,06fbfdc41610352ecd1ed8b3f7336b906b433926552aa14f372914fc943582a6
2024-08-01,ACB,HOSE,67193453600.0,67193085000.0,368600.0,2619315.0,2619300.0,15.0,67193085000.0,67193085000.0,2619300.0,2619300.0,24500.0,24600.0,23950.0,23950.0,24180.0,HSX_FOREIGN_API,HOSE_SYMBOL_LEVEL,VND,2026-08-25T01:39:52Z,ff_hsx_symbol_daily_v1,325e0574b60010e25f3a579c392ce5c6c7a1b335804deff2a408afe7b57f2e70
2024-08-02,ACB,HOSE,2560000000.0,2560000000.0,0.0,100000.0,100000.0,0.0,2560000000.0,2560000000.0,100000.0,100000.0,23900.0,24000.0,23650.0,23950.0,23820.0,HSX_FOREIGN_API,HOSE_SYMBOL_LEVEL,VND,2026-08-25T01:39:52Z,ff_hsx_symbol_daily_v1,b5facd104e8c5f534a2b7c78e4cf784657eaa458b5915d0e0a57b5ed62fd4339
2024-08-05,ACB,HOSE,287976960000.0,287976960000.0,0.0,11249100.0,11249100.0,0.0,287976960000.0,287976960000.0,11249100.0,11249100.0,23600.0,23850.0,23150.0,23200.0,23490.0,HSX_FOREIGN_API,HOSE_SYMBOL_LEVEL,VND,2026-08-25T01:39:52Z,ff_hsx_symbol_daily_v1,4696b2c74939b65e0706146466b81b8ab48772361adee249c616a788006c986a
2024-08-06,ACB,HOSE,0.0,0.0,0.0,0.0,0.0,0.0,0.0,0.0,0.0,0.0,23500.0,23650.0,23250.0,23500.0,23440.0,HSX_FOREIGN_API,HOSE_SYMBOL_LEVEL,VND,2026-08-25T01:39:52Z,ff_hsx_symbol_daily_v1,99ded80a41e5eab4266a849dfd51b53903696860ab341e4372f28c87706a0073
2024-08-07,ACB,HOSE,13948070000.0,13948070000.0,0.0,555700.0,555700.0,0.0,13948070000.0,13948070000.0,555700.0,555700.0,23600.0,23600.0,23300.0,23400.0,23420.0,HSX_FOREIGN_API,HOSE_SYMBOL_LEVEL,VND,2026-08-25T01:39:52Z,ff_hsx_symbol_daily_v1,36df1513b69127ac1cdf710771147ecf3f7d41abb168c04280f73ccb7f59e56d
2024-08-08,ACB,HOSE,53200350000.0,53200350000.0,0.0,2172100.0,2172100.0,0.0,53200350000.0,53200350000.0,2172100.0,2172100.0,23250.0,23500.0,23250.0,23250.0,23330.0,HSX_FOREIGN_API,HOSE_SYMBOL_LEVEL,VND,2026-08-25T01:39:52Z,ff_hsx_symbol_daily_v1,2178ef4087f4daf62f6483e943a969cac88fabddaf06381729cc6b0593c9d408
2024-08-09,ACB,HOSE,0.0,0.0,0.0,0.0,0.0,0.0,0.0,0.0,0.0,0.0,23400.0,23600.0,23300.0,23600.0,23490.0,HSX_FOREIGN_API,HOSE_SYMBOL_LEVEL,VND,2026-08-25T01:39:52Z,ff_hsx_symbol_daily_v1,827e3800f466f89e5d1e0933fdf6047b345d4950bd61fef61fc94561e446a549
2024-08-12,ACB,HOSE,19222825000.0,19222825000.0,0.0,761300.0,761300.0,0.0,19222825000.0,19222825000.0,761300.0,761300.0,23600.0,23800.0,23300.0,23800.0,23520.0,HSX_FOREIGN_API,HOSE_SYMBOL_LEVEL,VND,2026-08-25T01:39:52Z,ff_hsx_symbol_daily_v1,3578e1e472cdc7fc77e8051fe23a8f8c098f584cbd8955fbf1e69f545cf370ea
2024-08-13,ACB,HOSE,0.0,0.0,0.0,0.0,0.0,0.0,0.0,0.0,0.0,0.0,23550.0,23800.0,23500.0,23600.0,23680.0,HSX_FOREIGN_API,HOSE_SYMBOL_LEVEL,VND,2026-08-25T01:39:52Z,ff_hsx_symbol_daily_v1,b6343c38d6d1fd5d912e8b57ecf79b614e99ea827901689947e87b068a82a312
2024-08-14,ACB,HOSE,0.0,0.0,0.0,0.0,0.0,0.0,0.0,0.0,0.0,0.0,23700.0,23800.0,23550.0,23550.0,23640.0,HSX_FOREIGN_API,HOSE_SYMBOL_LEVEL,VND,2026-08-25T01:39:52Z,ff_hsx_symbol_daily_v1,4a2fd1db58704308a854048c7b542c8ea6b1ddf95371e9c3ec9bd3358fa64ee8
2024-08-15,ACB,HOSE,74425327500.0,74425327500.0,0.0,3093375.0,3093375.0,0.0,74425327500.0,74425327500.0,3093375.0,3093375.0,23550.0,23600.0,23450.0,23500.0,23510.0,HSX_FOREIGN_API,HOSE_SYMBOL_LEVEL,VND,2026-08-25T01:39:52Z,ff_hsx_symbol_daily_v1,94af52e131f926378d6e738fa385697a796411b54bdac9e1d453cbd8a283503f
2024-08-16,ACB,HOSE,0.0,0.0,0.0,0.0,0.0,0.0,0.0,0.0,0.0,0.0,23500.0,24000.0,23500.0,24000.0,23840.0,HSX_FOREIGN_API,HOSE_SYMBOL_LEVEL,VND,2026-08-25T01:39:52Z,ff_hsx_symbol_daily_v1,67bdd4923c6e79e94c55c7546aeb15d413942bfb32fe102643f9990f4d75857b
2024-08-19,ACB,HOSE,79217460000.0,79217460000.0,0.0,3088400.0,3088400.0,0.0,79217460000.0,79217460000.0,3088400.0,3088400.0,24000.0,24150.0,23950.0,24050.0,24030.0,HSX_FOREIGN_API,HOSE_SYMBOL_LEVEL,VND,2026-08-25T01:39:52Z,ff_hsx_symbol_daily_v1,35953823de2a777ceafd9acbac0fdc8f1fbaf191e8c748cca3d2426aed618443
2024-08-20,ACB,HOSE,55658490000.0,55658490000.0,0.0,2165700.0,2165700.0,0.0,55658490000.0,55658490000.0,2165700.0,2165700.0,24050.0,24300.0,24000.0,24100.0,24110.0,HSX_FOREIGN_API,HOSE_SYMBOL_LEVEL,VND,2026-08-25T01:39:52Z,ff_hsx_symbol_daily_v1,07e68f551da5bf3de1cc4a7895c529ccc1544d43dc22f9c114ab3581f70f3ac9
2024-08-21,ACB,HOSE,25750000000.0,25750000000.0,0.0,1000000.0,1000000.0,0.0,25750000000.0,25750000000.0,1000000.0,1000000.0,24050.0,24400.0,24050.0,24400.0,24260.0,HSX_FOREIGN_API,HOSE_SYMBOL_LEVEL,VND,2026-08-25T01:39:52Z,ff_hsx_symbol_daily_v1,1a89016e7cb5addc2f8280eff5e6d41e53bf8772582db7145e73937e7e059c1c
2024-08-22,ACB,HOSE,26100000000.0,26100000000.0,0.0,1000000.0,1000000.0,0.0,26100000000.0,26100000000.0,1000000.0,1000000.0,24500.0,24550.0,24300.0,24400.0,24390.0,HSX_FOREIGN_API,HOSE_SYMBOL_LEVEL,VND,2026-08-25T01:39:52Z,ff_hsx_symbol_daily_v1,58117d013e951d6934f11e6506b6e431ccef84d9705511a18e3595845d574735
2024-08-23,ACB,HOSE,52200000000.0,52200000000.0,0.0,2000000.0,2000000.0,0.0,52200000000.0,52200000000.0,2000000.0,2000000.0,24400.0,24500.0,24250.0,24450.0,24370.0,HSX_FOREIGN_API,HOSE_SYMBOL_LEVEL,VND,2026-08-25T01:39:52Z,ff_hsx_symbol_daily_v1,9055a508ebe080362682fd74432c73429902d308d584ee55b4ed583e65c113f2
2024-08-26,ACB,HOSE,57509080000.0,57509080000.0,0.0,2199200.0,2199200.0,0.0,57509080000.0,57509080000.0,2199200.0,2199200.0,24550.0,24550.0,24400.0,24450.0,24460.0,HSX_FOREIGN_API,HOSE_SYMBOL_LEVEL,VND,2026-08-25T01:39:52Z,ff_hsx_symbol_daily_v1,70d1328b66ecaf1955f12650992884be67a71297e795e080a5cc3f9578455f49
2024-08-27,ACB,HOSE,17086410000.0,17086410000.0,0.0,653400.0,653400.0,0.0,17086410000.0,17086410000.0,653400.0,653400.0,24450.0,24500.0,24400.0,24450.0,24440.0,HSX_FOREIGN_API,HOSE_SYMBOL_LEVEL,VND,2026-08-25T01:39:52Z,ff_hsx_symbol_daily_v1,2b245b3ffbad6dac39a215b907b1735721e38089280f64fb204fa2d4050c4574
2024-08-28,ACB,HOSE,64647085000.0,64647085000.0,0.0,2477900.0,2477900.0,0.0,64647085000.0,64647085000.0,2477900.0,2477900.0,24500.0,24550.0,24400.0,24500.0,24450.0,HSX_FOREIGN_API,HOSE_SYMBOL_LEVEL,VND,2026-08-25T01:39:52Z,ff_hsx_symbol_daily_v1,227c6b5185e6ae465731f78af0501ab25922dbfa06c521a1993ee46a3953aec4
2024-08-29,ACB,HOSE,105324000000.0,105324000000.0,0.0,4020000.0,4020000.0,0.0,105324000000.0,105324000000.0,4020000.0,4020000.0,24550.0,24900.0,24550.0,24650.0,24710.0,HSX_FOREIGN_API,HOSE_SYMBOL_LEVEL,VND,2026-08-25T01:39:52Z,ff_hsx_symbol_daily_v1,68967ce78ae000184cdb7f04188ae795687d5c07ebdb4dfc07666a58abc2aef6
2024-08-30,ACB,HOSE,9825915000.0,9825915000.0,0.0,372900.0,372900.0,0.0,9825915000.0,9825915000.0,372900.0,372900.0,24650.0,24800.0,24650.0,24800.0,24720.0,HSX_FOREIGN_API,HOSE_SYMBOL_LEVEL,VND,2026-08-25T01:39:52Z,ff_hsx_symbol_daily_v1,d8489ebacba89b96592262de7defaf8b3facb9798fc9806eabe5c20278926ece
2024-09-04,ACB,HOSE,150548250000.0,150553150000.0,-4900000.0,5690500.0,5690700.0,-200.0,150548250000.0,150548250000.0,5690500.0,5690500.0,24500.0,24700.0,24450.0,24650.0,24550.0,HSX_FOREIGN_API,HOSE_SYMBOL_LEVEL,VND,2026-08-25T01:39:52Z,ff_hsx_symbol_daily_v1,5383530296e264e00154d72f7119b0cb17953bc8225f6e47ebc90fa96a8fb0cb
2024-09-05,ACB,HOSE,8482065000.0,8482065000.0,0.0,321900.0,321900.0,0.0,8482065000.0,8482065000.0,321900.0,321900.0,24650.0,24700.0,24450.0,24500.0,24570.0,HSX_FOREIGN_API,HOSE_SYMBOL_LEVEL,VND,2026-08-25T01:39:52Z,ff_hsx_symbol_daily_v1,06d4dded3b6caee3c7583bfc123f8867b85cc8c4aa3097e24501e21c112eb9ea
2024-09-06,ACB,HOSE,19628795000.0,19630262000.0,-1467000.0,751000.0,751060.0,-60.0,19628795000.0,19628795000.0,751000.0,751000.0,24500.0,24600.0,24450.0,24600.0,24520.0,HSX_FOREIGN_API,HOSE_SYMBOL_LEVEL,VND,2026-08-25T01:39:52Z,ff_hsx_symbol_daily_v1,912e5090ca1c3b72c9e6ec389bb7315d1f5bb1d0638b17f1f6fc2d92d520adee
2024-09-09,ACB,HOSE,84569930000.0,84565020000.0,4910000.0,3215600.0,3215400.0,200.0,84565020000.0,84565020000.0,3215400.0,3215400.0,24550.0,24600.0,24300.0,24450.0,24400.0,HSX_FOREIGN_API,HOSE_SYMBOL_LEVEL,VND,2026-08-25T01:39:52Z,ff_hsx_symbol_daily_v1,4165c090b0fcada22051a5cb4c11afce39561ffb9ab2f8f4382e3216c9edfdbe
2024-09-10,ACB,HOSE,0.0,0.0,0.0,0.0,0.0,0.0,0.0,0.0,0.0,0.0,24450.0,24550.0,24100.0,24250.0,24310.0,HSX_FOREIGN_API,HOSE_SYMBOL_LEVEL,VND,2026-08-25T01:39:52Z,ff_hsx_symbol_daily_v1,86253cb8de90ba82b8e09ac6c8c8d3585bb32f610516f07266cba5c5cadae0e9
2024-09-11,ACB,HOSE,2590000000.0,2590000000.0,0.0,100000.0,100000.0,0.0,2590000000.0,2590000000.0,100000.0,100000.0,24150.0,24250.0,24100.0,24150.0,24160.0,HSX_FOREIGN_API,HOSE_SYMBOL_LEVEL,VND,2026-08-25T01:39:52Z,ff_hsx_symbol_daily_v1,b8f8662f81e23d24ecae15d0d7378fd96cc448a1b103a20b683f44937d73fdd1
2024-09-12,ACB,HOSE,0.0,0.0,0.0,0.0,0.0,0.0,0.0,0.0,0.0,0.0,24250.0,24500.0,24200.0,24450.0,24320.0,HSX_FOREIGN_API,HOSE_SYMBOL_LEVEL,VND,2026-08-25T01:39:52Z,ff_hsx_symbol_daily_v1,6d9b1f9af7b476980dd766bc0d58204c4a5ade0162ffe1190b1cdbdbdbef3184
2024-09-13,ACB,HOSE,0.0,0.0,0.0,0.0,0.0,0.0,0.0,0.0,0.0,0.0,24400.0,24450.0,24250.0,24400.0,24310.0,HSX_FOREIGN_API,HOSE_SYMBOL_LEVEL,VND,2026-08-25T01:39:52Z,ff_hsx_symbol_daily_v1,e742c9ac4c18519e59e20f70ee37158b4c89d73170a95ca5ad7c2ef6575c3744
2024-09-16,ACB,HOSE,0.0,0.0,0.0,0.0,0.0,0.0,0.0,0.0,0.0,0.0,24400.0,24550.0,24150.0,24150.0,24320.0,HSX_FOREIGN_API,HOSE_SYMBOL_LEVEL,VND,2026-08-25T01:39:52Z,ff_hsx_symbol_daily_v1,20153f1a50d684923e728cb8cce1394485b7415a5f2a547f94fdca0b75d3dc97
2024-09-17,ACB,HOSE,673380000.0,673380000.0,0.0,26100.0,26100.0,0.0,673380000.0,673380000.0,26100.0,26100.0,24150.0,24500.0,24100.0,24500.0,24310.0,HSX_FOREIGN_API,HOSE_SYMBOL_LEVEL,VND,2026-08-25T01:39:52Z,ff_hsx_symbol_daily_v1,ba55ef0a9c798acaed96734eb62386765559a71c8fa6350cd7b6f8c18d3203d3
2024-09-18,ACB,HOSE,0.0,0.0,0.0,0.0,0.0,0.0,0.0,0.0,0.0,0.0,24500.0,24750.0,24350.0,24650.0,24600.0,HSX_FOREIGN_API,HOSE_SYMBOL_LEVEL,VND,2026-08-25T01:39:52Z,ff_hsx_symbol_daily_v1,eca44e8ec7e7c377933f70c0307dcf2e2ecbd015eb69f232c47b1fbd66558cc3
2024-09-19,ACB,HOSE,0.0,0.0,0.0,0.0,0.0,0.0,0.0,0.0,0.0,0.0,24750.0,24850.0,24600.0,24800.0,24750.0,HSX_FOREIGN_API,HOSE_SYMBOL_LEVEL,VND,2026-08-25T01:39:52Z,ff_hsx_symbol_daily_v1,3baede1723a317424018c4698343a4da0d32ad5e6c722a7e3cdd708c8fda8868
2024-09-20,ACB,HOSE,0.0,0.0,0.0,0.0,0.0,0.0,0.0,0.0,0.0,0.0,24900.0,25800.0,24900.0,25650.0,25500.0,HSX_FOREIGN_API,HOSE_SYMBOL_LEVEL,VND,2026-08-25T01:39:52Z,ff_hsx_symbol_daily_v1,1d37ae58afce5ec421ff65de6a817e834c4534cdbba3fff9711ae62663ff8257
2024-09-23,ACB,HOSE,69190480000.0,69193137800.0,-2657800.0,2525200.0,2525297.0,-97.0,69190480000.0,69193137800.0,2525200.0,2525297.0,25700.0,26000.0,25600.0,25650.0,25760.0,HSX_FOREIGN_API,HOSE_SYMBOL_LEVEL,VND,2026-08-25T01:39:52Z,ff_hsx_symbol_daily_v1,01ced71cfa69832bafa41c6faca337e7443d9a8164be71ead39b23d965d49068
2024-09-24,ACB,HOSE,97368640000.0,97368640000.0,0.0,3553600.0,3553600.0,0.0,97368640000.0,97368640000.0,3553600.0,3553600.0,25650.0,25800.0,25400.0,25800.0,25570.0,HSX_FOREIGN_API,HOSE_SYMBOL_LEVEL,VND,2026-08-25T01:39:52Z,ff_hsx_symbol_daily_v1,99b12bf9c458aced02f6610b7f379dec01bf0e46bcdaddb82bba1c276b6b33bd
2024-09-25,ACB,HOSE,63104640000.0,63104640000.0,0.0,2286400.0,2286400.0,0.0,63104640000.0,63104640000.0,2286400.0,2286400.0,26000.0,26200.0,25800.0,26200.0,26020.0,HSX_FOREIGN_API,HOSE_SYMBOL_LEVEL,VND,2026-08-25T01:39:52Z,ff_hsx_symbol_daily_v1,eb06f8c3d631c9caddc0f80dc2bca6e84843a07eba043b0415a580c6417d8cdd
2024-09-26,ACB,HOSE,10080000000.0,10082526850.0,-2526850.0,360000.0,360097.0,-97.0,10080000000.0,10080000000.0,360000.0,360000.0,26300.0,26350.0,26000.0,26000.0,26170.0,HSX_FOREIGN_API,HOSE_SYMBOL_LEVEL,VND,2026-08-25T01:39:52Z,ff_hsx_symbol_daily_v1,67ea6c120ede0c8b95abce546e8ac19351beabcf081863dc5a40e55c1e4e920d
2024-09-27,ACB,HOSE,6591380000.0,6591380000.0,0.0,237100.0,237100.0,0.0,6591380000.0,6591380000.0,237100.0,237100.0,26000.0,26400.0,25900.0,25900.0,26070.0,HSX_FOREIGN_API,HOSE_SYMBOL_LEVEL,VND,2026-08-25T01:39:52Z,ff_hsx_symbol_daily_v1,df1604e65b89b8358a03532d1a87ebdd52f8adf53e66ce69e3becfa286832834
2024-09-30,ACB,HOSE,11664470000.0,11664470000.0,0.0,421100.0,421100.0,0.0,11664470000.0,11664470000.0,421100.0,421100.0,25700.0,25950.0,25700.0,25750.0,25810.0,HSX_FOREIGN_API,HOSE_SYMBOL_LEVEL,VND,2026-08-25T01:39:52Z,ff_hsx_symbol_daily_v1,94536a97fe2a0e538477df0070e4d27a1d4640b6642d8c6133b0d295d5997841
2024-10-01,ACB,HOSE,2506200.0,0.0,2506200.0,97.0,0.0,97.0,0.0,0.0,0.0,0.0,25750.0,26150.0,25750.0,25750.0,25980.0,HSX_FOREIGN_API,HOSE_SYMBOL_LEVEL,VND,2026-08-25T01:39:52Z,ff_hsx_symbol_daily_v1,025b20c345320e13be1eb0f615a1bfdd6fd8e76af340ec9d2a20858cd381d9d0
2024-10-02,ACB,HOSE,0.0,0.0,0.0,0.0,0.0,0.0,0.0,0.0,0.0,0.0,25700.0,26100.0,25600.0,25800.0,25870.0,HSX_FOREIGN_API,HOSE_SYMBOL_LEVEL,VND,2026-08-25T01:39:52Z,ff_hsx_symbol_daily_v1,39e554ab9305fea5d67bbaed57f6a94531bf6ec673fb7cec40f57b6d992e43fa
2024-10-03,ACB,HOSE,0.0,0.0,0.0,0.0,0.0,0.0,0.0,0.0,0.0,0.0,25950.0,26300.0,25700.0,25700.0,26000.0,HSX_FOREIGN_API,HOSE_SYMBOL_LEVEL,VND,2026-08-25T01:39:52Z,ff_hsx_symbol_daily_v1,ed330ca6b3dee40a1b52962d3da72fc3615b3aa25fd9cb59b24767c8009950e5
2024-10-04,ACB,HOSE,0.0,44672000.0,-44672000.0,0.0,1745.0,-1745.0,0.0,0.0,0.0,0.0,25700.0,25750.0,25400.0,25400.0,25560.0,HSX_FOREIGN_API,HOSE_SYMBOL_LEVEL,VND,2026-08-25T01:39:52Z,ff_hsx_symbol_daily_v1,8c5126b5838f7e6379001c139d84fbdfcf778647dacf038e0c7b68feecffc0d6
2024-10-07,ACB,HOSE,0.0,0.0,0.0,0.0,0.0,0.0,0.0,0.0,0.0,0.0,25500.0,25700.0,25350.0,25450.0,25470.0,HSX_FOREIGN_API,HOSE_SYMBOL_LEVEL,VND,2026-08-25T01:39:52Z,ff_hsx_symbol_daily_v1,c16f6acd3d6cfd52053f9a29df43ab4c5ceb4364b0625d2ae4f87d3cdb39b52c
2024-10-08,ACB,HOSE,0.0,0.0,0.0,0.0,0.0,0.0,0.0,0.0,0.0,0.0,25500.0,25650.0,25350.0,25500.0,25510.0,HSX_FOREIGN_API,HOSE_SYMBOL_LEVEL,VND,2026-08-25T01:39:52Z,ff_hsx_symbol_daily_v1,f8d431f123d112c188511cdf0a27e8cb90b4de0ffe0788a4e8af9ab54d43de98
2024-10-09,ACB,HOSE,13669678750.0,13625000000.0,44678750.0,501745.0,500000.0,1745.0,13625000000.0,13625000000.0,500000.0,500000.0,25600.0,26250.0,25550.0,26250.0,26020.0,HSX_FOREIGN_API,HOSE_SYMBOL_LEVEL,VND,2026-08-25T01:39:52Z,ff_hsx_symbol_daily_v1,500190d0c9442ce687c8eff04270325d2d707635f5a13779d6d4f113a27022a7
2024-10-10,ACB,HOSE,14025000000.0,14025000000.0,0.0,500000.0,500000.0,0.0,14025000000.0,14025000000.0,500000.0,500000.0,26400.0,26500.0,26050.0,26200.0,26250.0,HSX_FOREIGN_API,HOSE_SYMBOL_LEVEL,VND,2026-08-25T01:39:52Z,ff_hsx_symbol_daily_v1,d5daa9d3c1fc1f37c1942377e04dfc39cfd0c96dadf0f6cd11f7cdcb65925f62
2024-10-11,ACB,HOSE,15744400000.0,15744400000.0,0.0,562300.0,562300.0,0.0,15744400000.0,15744400000.0,562300.0,562300.0,26100.0,26150.0,25900.0,26100.0,26000.0,HSX_FOREIGN_API,HOSE_SYMBOL_LEVEL,VND,2026-08-25T01:39:52Z,ff_hsx_symbol_daily_v1,2aecfee24efffefbdeb603dead346add70b9f1f3471f257a8a5c896ef66eda93
2024-10-14,ACB,HOSE,0.0,0.0,0.0,0.0,0.0,0.0,0.0,0.0,0.0,0.0,26150.0,26250.0,25950.0,25950.0,26060.0,HSX_FOREIGN_API,HOSE_SYMBOL_LEVEL,VND,2026-08-25T01:39:52Z,ff_hsx_symbol_daily_v1,0d4c67c31a506f8fd339c8aff6240021658a94fee3430e90b14b84b3b4b00a7d
2024-10-15,ACB,HOSE,0.0,0.0,0.0,0.0,0.0,0.0,0.0,0.0,0.0,0.0,25950.0,26200.0,25800.0,25850.0,25980.0,HSX_FOREIGN_API,HOSE_SYMBOL_LEVEL,VND,2026-08-25T01:39:52Z,ff_hsx_symbol_daily_v1,8810d59f23c1ec070e4493d78474e295569a146a4e3c9160e6c5ee6ddee46cba
2024-10-16,ACB,HOSE,2765000000.0,2765000000.0,0.0,100000.0,100000.0,0.0,2765000000.0,2765000000.0,100000.0,100000.0,25750.0,25850.0,25600.0,25750.0,25750.0,HSX_FOREIGN_API,HOSE_SYMBOL_LEVEL,VND,2026-08-25T01:39:52Z,ff_hsx_symbol_daily_v1,50f00bf659e8a098c10abbfc4ef48975edd2ba96a079ba4f9fe217b1ebb59a94
2024-10-17,ACB,HOSE,3352835000.0,3355204300.0,-2369300.0,121700.0,121786.0,-86.0,3352835000.0,3355204300.0,121700.0,121786.0,25900.0,26150.0,25750.0,26150.0,25990.0,HSX_FOREIGN_API,HOSE_SYMBOL_LEVEL,VND,2026-08-25T01:39:52Z,ff_hsx_symbol_daily_v1,23f02b9029fd5af73ecbd87d546073e8a119d87065a07243e8ff2072fdc2e61e
2024-10-18,ACB,HOSE,0.0,0.0,0.0,0.0,0.0,0.0,0.0,0.0,0.0,0.0,26250.0,26500.0,25950.0,26100.0,26240.0,HSX_FOREIGN_API,HOSE_SYMBOL_LEVEL,VND,2026-08-25T01:39:52Z,ff_hsx_symbol_daily_v1,807a732a0134881c9464ed6d94cb2cad4c45a90e0e555ab313c16309981bc48d
2024-10-21,ACB,HOSE,0.0,0.0,0.0,0.0,0.0,0.0,0.0,0.0,0.0,0.0,26000.0,26100.0,25800.0,25800.0,25940.0,HSX_FOREIGN_API,HOSE_SYMBOL_LEVEL,VND,2026-08-25T01:39:52Z,ff_hsx_symbol_daily_v1,13cc2ce6473a7f679fb3daa160ebeaf122703deb9f4b99ab528718603751a601
2024-10-22,ACB,HOSE,2223100.0,0.0,2223100.0,86.0,0.0,86.0,0.0,0.0,0.0,0.0,25800.0,25850.0,25400.0,25400.0,25620.0,HSX_FOREIGN_API,HOSE_SYMBOL_LEVEL,VND,2026-08-25T01:39:52Z,ff_hsx_symbol_daily_v1,85519b7c1a097748641a7bf2cdac2843dd0c6a17a491e24051c3b4bb5fa2ab9c
2024-10-23,ACB,HOSE,0.0,0.0,0.0,0.0,0.0,0.0,0.0,0.0,0.0,0.0,25400.0,25550.0,25150.0,25400.0,25350.0,HSX_FOREIGN_API,HOSE_SYMBOL_LEVEL,VND,2026-08-25T01:39:52Z,ff_hsx_symbol_daily_v1,d4790d3e2f16899cb575458d8478332498dfb96cf5214648ea5c347a6767b0db
2024-10-24,ACB,HOSE,81450000000.0,81450000000.0,0.0,3000000.0,3000000.0,0.0,81450000000.0,81450000000.0,3000000.0,3000000.0,25400.0,25450.0,25000.0,25000.0,25200.0,HSX_FOREIGN_API,HOSE_SYMBOL_LEVEL,VND,2026-08-25T01:39:52Z,ff_hsx_symbol_daily_v1,99606522e4aa775716b058a6ef9a1cb39df0fc44e28623169ea97f2c168a872e
2024-10-25,ACB,HOSE,5350000000.0,5350000000.0,0.0,200000.0,200000.0,0.0,5350000000.0,5350000000.0,200000.0,200000.0,25000.0,25100.0,24850.0,24900.0,24920.0,HSX_FOREIGN_API,HOSE_SYMBOL_LEVEL,VND,2026-08-25T01:39:52Z,ff_hsx_symbol_daily_v1,7770fd48c1a26325bacef6978fc3659319dc17fe14cafef83a97e1763e4ec6b6
2024-10-28,ACB,HOSE,0.0,0.0,0.0,0.0,0.0,0.0,0.0,0.0,0.0,0.0,24900.0,25150.0,24750.0,25150.0,24970.0,HSX_FOREIGN_API,HOSE_SYMBOL_LEVEL,VND,2026-08-25T01:39:52Z,ff_hsx_symbol_daily_v1,95f24e3b7f2bb394df9a9bf7e314f86f118fcdb96a01d00d47d44e8b9ce4f8df
2024-10-29,ACB,HOSE,37247354000.0,37247354000.0,0.0,1384660.0,1384660.0,0.0,37247354000.0,37247354000.0,1384660.0,1384660.0,25300.0,25300.0,25100.0,25200.0,25170.0,HSX_FOREIGN_API,HOSE_SYMBOL_LEVEL,VND,2026-08-25T01:39:52Z,ff_hsx_symbol_daily_v1,61c69eab2b8e0283982cfdb14056459b30d84c9b6ce6a66f3a148c8c02a413f8
2024-10-30,ACB,HOSE,80850000000.0,80850000000.0,0.0,3000000.0,3000000.0,0.0,80850000000.0,80850000000.0,3000000.0,3000000.0,25200.0,25250.0,24950.0,25100.0,25060.0,HSX_FOREIGN_API,HOSE_SYMBOL_LEVEL,VND,2026-08-25T01:39:52Z,ff_hsx_symbol_daily_v1,9e64c09df06f16ed58355a5de857efcc00af94464ed18c4d9c2598f9b8f2f051
2024-10-31,ACB,HOSE,1342500000.0,1342500000.0,0.0,50000.0,50000.0,0.0,1342500000.0,1342500000.0,50000.0,50000.0,25100.0,25450.0,25050.0,25400.0,25270.0,HSX_FOREIGN_API,HOSE_SYMBOL_LEVEL,VND,2026-08-25T01:39:52Z,ff_hsx_symbol_daily_v1,86df4940fe149e0ca6b13b8b96ae0b283690bab911ecb262b30a33fc8b21b377
2024-11-01,ACB,HOSE,6590852550.0,6590852550.0,0.0,242757.0,242757.0,0.0,6590852550.0,6590852550.0,242757.0,242757.0,25300.0,25400.0,24900.0,24900.0,25050.0,HSX_FOREIGN_API,HOSE_SYMBOL_LEVEL,VND,2026-08-25T01:39:52Z,ff_hsx_symbol_daily_v1,5ee66a56b2d518b6646d4508afd3c85f977038a148a60a9e4433c70b7adca404
2024-11-04,ACB,HOSE,208796700000.0,208798429000.0,-1729000.0,7849500.0,7849565.0,-65.0,208796700000.0,208798429000.0,7849500.0,7849565.0,25000.0,25050.0,24650.0,24750.0,24810.0,HSX_FOREIGN_API,HOSE_SYMBOL_LEVEL,VND,2026-08-25T01:39:52Z,ff_hsx_symbol_daily_v1,ead13c88efa8cde146cf091df530332e31b15142c82292fe81a1a5e3aea03442
2024-11-05,ACB,HOSE,0.0,0.0,0.0,0.0,0.0,0.0,0.0,0.0,0.0,0.0,24800.0,24900.0,24750.0,24750.0,24790.0,HSX_FOREIGN_API,HOSE_SYMBOL_LEVEL,VND,2026-08-25T01:39:52Z,ff_hsx_symbol_daily_v1,f1cfff17f4a250e843b7a49041e2467b896ce75bf5fb856b9803b727f87a1ebc
2024-11-06,ACB,HOSE,0.0,0.0,0.0,0.0,0.0,0.0,0.0,0.0,0.0,0.0,24900.0,25200.0,24800.0,25100.0,25010.0,HSX_FOREIGN_API,HOSE_SYMBOL_LEVEL,VND,2026-08-25T01:39:52Z,ff_hsx_symbol_daily_v1,a4816955186bc5ab6ebd89da8c92fa9fc8f131aacc82299452099c99b03082c4
2024-11-07,ACB,HOSE,1644100.0,0.0,1644100.0,65.0,0.0,65.0,0.0,0.0,0.0,0.0,25200.0,25300.0,24900.0,25100.0,25110.0,HSX_FOREIGN_API,HOSE_SYMBOL_LEVEL,VND,2026-08-25T01:39:52Z,ff_hsx_symbol_daily_v1,a435a152e0317526bb258f22d32b12dbc968e2d6c974ca00707465d740e9f53f
2024-11-08,ACB,HOSE,8055000000.0,8055000000.0,0.0,300000.0,300000.0,0.0,8055000000.0,8055000000.0,300000.0,300000.0,25100.0,25200.0,24750.0,24900.0,24880.0,HSX_FOREIGN_API,HOSE_SYMBOL_LEVEL,VND,2026-08-25T01:39:52Z,ff_hsx_symbol_daily_v1,da2929775267550726e7e1eb405f719b97588df8ee509bd9465548a01cf756dc
2024-11-11,ACB,HOSE,8676920000.0,8676920000.0,0.0,326200.0,326200.0,0.0,8676920000.0,8676920000.0,326200.0,326200.0,24900.0,25000.0,24650.0,24850.0,24760.0,HSX_FOREIGN_API,HOSE_SYMBOL_LEVEL,VND,2026-08-25T01:39:52Z,ff_hsx_symbol_daily_v1,7c7c3c35da71b33309bdc10241013f44ad751366dc85db626a8b67bdc443e79f
2024-11-12,ACB,HOSE,2389500000.0,2389500000.0,0.0,90000.0,90000.0,0.0,2389500000.0,2389500000.0,90000.0,90000.0,24800.0,24950.0,24650.0,24850.0,24790.0,HSX_FOREIGN_API,HOSE_SYMBOL_LEVEL,VND,2026-08-25T01:39:52Z,ff_hsx_symbol_daily_v1,7f5061b13ee1f380c0089c6e3c199a97c4c0d88ede16037f18735817181de6ec
2024-11-13,ACB,HOSE,222032340000.0,222032340000.0,0.0,8362800.0,8362800.0,0.0,222032340000.0,222032340000.0,8362800.0,8362800.0,24800.0,24900.0,24600.0,24900.0,24760.0,HSX_FOREIGN_API,HOSE_SYMBOL_LEVEL,VND,2026-08-25T01:39:52Z,ff_hsx_symbol_daily_v1,49930341cbc2247c35bd077f8c13233a46067398406dd80706e6792289ed5005
2024-11-14,ACB,HOSE,88455640000.0,88455640000.0,0.0,3325400.0,3325400.0,0.0,88455640000.0,88455640000.0,3325400.0,3325400.0,24650.0,24850.0,24550.0,24550.0,24650.0,HSX_FOREIGN_API,HOSE_SYMBOL_LEVEL,VND,2026-08-25T01:39:52Z,ff_hsx_symbol_daily_v1,381e6fb64ab0a9c50e1a02a9c0e683297a63b5c5e4adcc0aea3596c2aa50847d
2024-11-15,ACB,HOSE,500206875000.0,500206875000.0,0.0,19055500.0,19055500.0,0.0,500206875000.0,500206875000.0,19055500.0,19055500.0,24550.0,24600.0,24300.0,24400.0,24430.0,HSX_FOREIGN_API,HOSE_SYMBOL_LEVEL,VND,2026-08-25T01:39:52Z,ff_hsx_symbol_daily_v1,1b6cfadd7cd248409eab7c73a74d6e57544c9765a020dc4e897936e1f839dc74
2024-11-18,ACB,HOSE,116238960000.0,116241776000.0,-2816000.0,4453600.0,4453709.0,-109.0,116238960000.0,116241361200.0,4453600.0,4453692.0,24400.0,24600.0,24100.0,24500.0,24320.0,HSX_FOREIGN_API,HOSE_SYMBOL_LEVEL,VND,2026-08-25T01:39:52Z,ff_hsx_symbol_daily_v1,0f6f673895747e4c8d8b03801a8068e8018443112d0822773a295dd6605b9150
2024-11-19,ACB,HOSE,36140280000.0,36140280000.0,0.0,1379400.0,1379400.0,0.0,36140280000.0,36140280000.0,1379400.0,1379400.0,24500.0,24550.0,24300.0,24300.0,24350.0,HSX_FOREIGN_API,HOSE_SYMBOL_LEVEL,VND,2026-08-25T01:39:52Z,ff_hsx_symbol_daily_v1,26292fc254eed0241637394e9b1abe79bfcf2b8fe2ee68164c85a785443ec6fc
2024-11-20,ACB,HOSE,30690400000.0,30690400000.0,0.0,1180400.0,1180400.0,0.0,30690400000.0,30690400000.0,1180400.0,1180400.0,24200.0,24550.0,24150.0,24500.0,24380.0,HSX_FOREIGN_API,HOSE_SYMBOL_LEVEL,VND,2026-08-25T01:39:52Z,ff_hsx_symbol_daily_v1,0051b61b72e5f33468440ed0c41cf2739d69249489b6cc2fd97851c9a2a87705
2024-11-21,ACB,HOSE,11326260000.0,11326260000.0,0.0,432300.0,432300.0,0.0,11326260000.0,11326260000.0,432300.0,432300.0,24500.0,24850.0,24250.0,24850.0,24510.0,HSX_FOREIGN_API,HOSE_SYMBOL_LEVEL,VND,2026-08-25T01:39:52Z,ff_hsx_symbol_daily_v1,c145c74caa908d3e04e6ad75bd42a0e02c3277e364a65863c367290e18ddf6f2
2024-11-22,ACB,HOSE,4078080000.0,4078302750.0,-222750.0,153600.0,153609.0,-9.0,4078080000.0,4078080000.0,153600.0,153600.0,24850.0,24950.0,24650.0,24950.0,24860.0,HSX_FOREIGN_API,HOSE_SYMBOL_LEVEL,VND,2026-08-25T01:39:52Z,ff_hsx_symbol_daily_v1,82264bbe41656a0a1ccbe14b38983c9ed86285db758a30baf7819ff6bd5fe5ca
2024-11-25,ACB,HOSE,42258905000.0,42258905000.0,0.0,1585700.0,1585700.0,0.0,42258905000.0,42258905000.0,1585700.0,1585700.0,24950.0,25000.0,24800.0,24900.0,24910.0,HSX_FOREIGN_API,HOSE_SYMBOL_LEVEL,VND,2026-08-25T01:39:52Z,ff_hsx_symbol_daily_v1,e2e1bc1e696da099306666a3fda5002250e08f815cab7e926b5a118cc56a60db
2024-11-26,ACB,HOSE,24982720000.0,24982720000.0,0.0,939200.0,939200.0,0.0,24982720000.0,24982720000.0,939200.0,939200.0,24900.0,25100.0,24850.0,25000.0,25020.0,HSX_FOREIGN_API,HOSE_SYMBOL_LEVEL,VND,2026-08-25T01:39:52Z,ff_hsx_symbol_daily_v1,8dbe47a4d7b9719524dee655c0934133028e99cad3b7de2082ceba92b0c7c321
2024-11-27,ACB,HOSE,27528425000.0,27528650000.0,-225000.0,1029100.0,1029109.0,-9.0,27528425000.0,27528425000.0,1029100.0,1029100.0,24950.0,25200.0,24950.0,25050.0,25010.0,HSX_FOREIGN_API,HOSE_SYMBOL_LEVEL,VND,2026-08-25T01:39:52Z,ff_hsx_symbol_daily_v1,74f163344b0d2dff38a7d254285f0929fabe3c8b95c1cdea90389c63da72c99c
2024-11-28,ACB,HOSE,6324800000.0,6324800000.0,0.0,236000.0,236000.0,0.0,6324800000.0,6324800000.0,236000.0,236000.0,25150.0,25200.0,24950.0,25150.0,25100.0,HSX_FOREIGN_API,HOSE_SYMBOL_LEVEL,VND,2026-08-25T01:39:52Z,ff_hsx_symbol_daily_v1,49d7baebd0399fd5372a8db82619572e4bd59260cb4eae2b252f8c5ee7289431
2024-11-29,ACB,HOSE,0.0,0.0,0.0,0.0,0.0,0.0,0.0,0.0,0.0,0.0,25150.0,25200.0,25000.0,25200.0,25120.0,HSX_FOREIGN_API,HOSE_SYMBOL_LEVEL,VND,2026-08-25T01:39:52Z,ff_hsx_symbol_daily_v1,ca09b00372af62dfbddb730b27a4ca5233e464b612a4a66dfd98f72f3bec96e4
2024-12-02,ACB,HOSE,59670223150.0,59669995000.0,228150.0,2214109.0,2214100.0,9.0,59669995000.0,59669995000.0,2214100.0,2214100.0,25250.0,25350.0,25050.0,25150.0,25180.0,HSX_FOREIGN_API,HOSE_SYMBOL_LEVEL,VND,2026-08-25T01:39:52Z,ff_hsx_symbol_daily_v1,4bcee264183459e3c8a793c27a4fd96c9fe15bdf48230622be3dde1f05399210
2024-12-03,ACB,HOSE,46270690000.0,46270690000.0,0.0,1720100.0,1720100.0,0.0,46270690000.0,46270690000.0,1720100.0,1720100.0,25200.0,25200.0,24950.0,25000.0,25060.0,HSX_FOREIGN_API,HOSE_SYMBOL_LEVEL,VND,2026-08-25T01:39:52Z,ff_hsx_symbol_daily_v1,47878135f4ef33928b7a4e08af0e9c292a7a8562e5a4d5a49b2314b7459883a0
2024-12-04,ACB,HOSE,47601625000.0,47601625000.0,0.0,1779500.0,1779500.0,0.0,47601625000.0,47601625000.0,1779500.0,1779500.0,24950.0,25050.0,24850.0,25050.0,24960.0,HSX_FOREIGN_API,HOSE_SYMBOL_LEVEL,VND,2026-08-25T01:39:52Z,ff_hsx_symbol_daily_v1,4a8f2edb6afc8c34d20834f3db1621b335537c5f62297579538dea7ac5ded80f
2024-12-05,ACB,HOSE,0.0,0.0,0.0,0.0,0.0,0.0,0.0,0.0,0.0,0.0,25000.0,25700.0,24950.0,25700.0,25400.0,HSX_FOREIGN_API,HOSE_SYMBOL_LEVEL,VND,2026-08-25T01:39:52Z,ff_hsx_symbol_daily_v1,4b3819b015507c263bda0abeb86162f3209eea0959e0b24c51781744699b67c8
2024-12-06,ACB,HOSE,36456345000.0,36456345000.0,0.0,1328100.0,1328100.0,0.0,36456345000.0,36456345000.0,1328100.0,1328100.0,25500.0,25750.0,25500.0,25650.0,25600.0,HSX_FOREIGN_API,HOSE_SYMBOL_LEVEL,VND,2026-08-25T01:39:52Z,ff_hsx_symbol_daily_v1,ffd4ae039f61ccdf5ce2b4b063f0fb9e624dd7c06b5322799f539430ddc09cdc
2024-12-09,ACB,HOSE,99261980000.0,99262107250.0,-127250.0,3622700.0,3622705.0,-5.0,99261980000.0,99261980000.0,3622700.0,3622700.0,25600.0,25650.0,25350.0,25500.0,25490.0,HSX_FOREIGN_API,HOSE_SYMBOL_LEVEL,VND,2026-08-25T01:39:52Z,ff_hsx_symbol_daily_v1,afca935a565eded818ccbd9dcc8791b6e54c3f1bef74ba043a8b32f95f5f2688
2024-12-10,ACB,HOSE,9711900000.0,9711900000.0,0.0,356400.0,356400.0,0.0,9711900000.0,9711900000.0,356400.0,356400.0,25500.0,25500.0,25350.0,25350.0,25420.0,HSX_FOREIGN_API,HOSE_SYMBOL_LEVEL,VND,2026-08-25T01:39:52Z,ff_hsx_symbol_daily_v1,5f0100026a76894b697dc1ecd931f9ccd788bee07d8974a8472c51d4d4740abe
2024-12-11,ACB,HOSE,0.0,0.0,0.0,0.0,0.0,0.0,0.0,0.0,0.0,0.0,25350.0,25500.0,25200.0,25400.0,25380.0,HSX_FOREIGN_API,HOSE_SYMBOL_LEVEL,VND,2026-08-25T01:39:52Z,ff_hsx_symbol_daily_v1,da89fac6a93dd7f7a2d348bfe9c9b9d575acbc0689a1fea19daa5553b1aad944
2024-12-12,ACB,HOSE,3494332250.0,3863955000.0,-369622750.0,128705.0,143200.0,-14495.0,3494205000.0,3494205000.0,128700.0,128700.0,25400.0,25500.0,25250.0,25300.0,25390.0,HSX_FOREIGN_API,HOSE_SYMBOL_LEVEL,VND,2026-08-25T01:39:52Z,ff_hsx_symbol_daily_v1,65611444849157fe9baa88927e32b3ac10d2921296ab5bddca6fc167ab64577a
2024-12-13,ACB,HOSE,123450113750.0,123450113750.0,0.0,4563775.0,4563775.0,0.0,123450113750.0,123450113750.0,4563775.0,4563775.0,25300.0,25300.0,25100.0,25150.0,25160.0,HSX_FOREIGN_API,HOSE_SYMBOL_LEVEL,VND,2026-08-25T01:39:52Z,ff_hsx_symbol_daily_v1,687456fb9674318a8f7e0d66d05ebdccb6883a9d51cef4bdcc905a29a974a768
2024-12-16,ACB,HOSE,876940000.0,876940000.0,0.0,32600.0,32600.0,0.0,876940000.0,876940000.0,32600.0,32600.0,25150.0,25250.0,25050.0,25150.0,25110.0,HSX_FOREIGN_API,HOSE_SYMBOL_LEVEL,VND,2026-08-25T01:39:52Z,ff_hsx_symbol_daily_v1,b1c412c459de61c10a53f009a1f7ddd6f857177d0a1e49c94f0f45476320d8fd
2024-12-17,ACB,HOSE,366125000.0,0.0,366125000.0,14500.0,0.0,14500.0,0.0,0.0,0.0,0.0,25250.0,25250.0,25050.0,25200.0,25140.0,HSX_FOREIGN_API,HOSE_SYMBOL_LEVEL,VND,2026-08-25T01:39:52Z,ff_hsx_symbol_daily_v1,b7c435eef1552b8b42516e6f6bd1de318ae24b84537bf954b0557cfb85d32933
2024-12-18,ACB,HOSE,3965153500.0,3965153500.0,0.0,147130.0,147130.0,0.0,3965153500.0,3965153500.0,147130.0,147130.0,25250.0,25250.0,25100.0,25150.0,25160.0,HSX_FOREIGN_API,HOSE_SYMBOL_LEVEL,VND,2026-08-25T01:39:52Z,ff_hsx_symbol_daily_v1,dba932f7c3fe07310dc433b02ae7eca11b23de91f0667fca5e6a946e3eea971d
2024-12-19,ACB,HOSE,0.0,0.0,0.0,0.0,0.0,0.0,0.0,0.0,0.0,0.0,25050.0,25050.0,24700.0,24800.0,24900.0,HSX_FOREIGN_API,HOSE_SYMBOL_LEVEL,VND,2026-08-25T01:39:52Z,ff_hsx_symbol_daily_v1,7aea5f5af06d4a739b5bc0ca457b7b385cfcea348b27b132567ef69458b89740
2024-12-20,ACB,HOSE,977850000.0,977850000.0,0.0,36900.0,36900.0,0.0,977850000.0,977850000.0,36900.0,36900.0,24850.0,24900.0,24750.0,24800.0,24790.0,HSX_FOREIGN_API,HOSE_SYMBOL_LEVEL,VND,2026-08-25T01:39:52Z,ff_hsx_symbol_daily_v1,e0554f8a2c63fe27080bbf184b30b7aed55c50137d1089b63cdf88ae40db1d73
2024-12-23,ACB,HOSE,6802550000.0,6802550000.0,0.0,256700.0,256700.0,0.0,6802550000.0,6802550000.0,256700.0,256700.0,24850.0,24950.0,24800.0,24900.0,24880.0,HSX_FOREIGN_API,HOSE_SYMBOL_LEVEL,VND,2026-08-25T01:39:52Z,ff_hsx_symbol_daily_v1,8065fdfab3c7bf84220cf58ff298179cc41e0d56b7608f78a8d42829787a7d4c
2024-12-24,ACB,HOSE,27538980000.0,27538980000.0,0.0,1035300.0,1035300.0,0.0,27538980000.0,27538980000.0,1035300.0,1035300.0,24900.0,25000.0,24800.0,25000.0,24890.0,HSX_FOREIGN_API,HOSE_SYMBOL_LEVEL,VND,2026-08-25T01:39:52Z,ff_hsx_symbol_daily_v1,09f9a7bc32d6c748911205715ebfc80bd3f52dd630abbd26776fa34a609857c6
2024-12-25,ACB,HOSE,13375000000.0,13375000000.0,0.0,500000.0,500000.0,0.0,13375000000.0,13375000000.0,500000.0,500000.0,25000.0,25600.0,24950.0,25450.0,25330.0,HSX_FOREIGN_API,HOSE_SYMBOL_LEVEL,VND,2026-08-25T01:39:52Z,ff_hsx_symbol_daily_v1,5f7ca21f759f4b2be8f8f2b5c1b6b7428c11e527cdc6d0df784af0cdf1e9750f
2024-12-26,ACB,HOSE,27200000000.0,27200000000.0,0.0,1000000.0,1000000.0,0.0,27200000000.0,27200000000.0,1000000.0,1000000.0,25450.0,25550.0,25400.0,25550.0,25490.0,HSX_FOREIGN_API,HOSE_SYMBOL_LEVEL,VND,2026-08-25T01:39:52Z,ff_hsx_symbol_daily_v1,216466f3e467ce8fa3def6aa6ccbe9828e1762e40c2377f344ff77dfc5c376ce
2024-12-27,ACB,HOSE,0.0,0.0,0.0,0.0,0.0,0.0,0.0,0.0,0.0,0.0,25600.0,25700.0,25500.0,25550.0,25570.0,HSX_FOREIGN_API,HOSE_SYMBOL_LEVEL,VND,2026-08-25T01:39:52Z,ff_hsx_symbol_daily_v1,944c8d091280c70086388b2928ce2f764a9f1296dac46e0a2271a7ed595246e2
2024-12-30,ACB,HOSE,0.0,0.0,0.0,0.0,0.0,0.0,0.0,0.0,0.0,0.0,25350.0,25650.0,25350.0,25400.0,25450.0,HSX_FOREIGN_API,HOSE_SYMBOL_LEVEL,VND,2026-08-25T01:39:52Z,ff_hsx_symbol_daily_v1,261961d18a5d9d7b4837e23b52da1c35f48cd2c5134dbee634fa4e9b726035b1
2024-12-31,ACB,HOSE,0.0,0.0,0.0,0.0,0.0,0.0,0.0,0.0,0.0,0.0,25400.0,25800.0,25350.0,25800.0,25640.0,HSX_FOREIGN_API,HOSE_SYMBOL_LEVEL,VND,2026-08-25T01:39:52Z,ff_hsx_symbol_daily_v1,500878993bbf37988cc6a5a8b756ee69e2efcfda519b92e7a651429801233db5
2025-01-02,ACB,HOSE,15549122400.0,15549122400.0,0.0,563374.0,563374.0,0.0,15549122400.0,15549122400.0,563374.0,563374.0,25600.0,25700.0,25400.0,25600.0,25490.0,HSX_FOREIGN_API,HOSE_SYMBOL_LEVEL,VND,2026-08-25T01:39:52Z,ff_hsx_symbol_daily_v1,9e5497bc1e67954448d3d8d4d990953ade988d341af1e4c65a4f1a092b72bc7b
2025-01-03,ACB,HOSE,114150695000.0,114150695000.0,0.0,4173700.0,4173700.0,0.0,114150695000.0,114150695000.0,4173700.0,4173700.0,25500.0,25550.0,25100.0,25100.0,25250.0,HSX_FOREIGN_API,HOSE_SYMBOL_LEVEL,VND,2026-08-25T01:39:52Z,ff_hsx_symbol_daily_v1,64eaefa5f8b1c605ed12b1211246bcfd777f0ee6f14742f1c4b9844424b86e79
2025-01-06,ACB,HOSE,116365215000.0,116365215000.0,0.0,4333900.0,4333900.0,0.0,116365215000.0,116365215000.0,4333900.0,4333900.0,25000.0,25050.0,24750.0,24800.0,24860.0,HSX_FOREIGN_API,HOSE_SYMBOL_LEVEL,VND,2026-08-25T01:39:52Z,ff_hsx_symbol_daily_v1,ba9aae0da7f7ce1d25f2287a3b1bc2821c490e106635a02f7b5dc0feeadfe9b5
2025-01-07,ACB,HOSE,0.0,0.0,0.0,0.0,0.0,0.0,0.0,0.0,0.0,0.0,24800.0,25050.0,24800.0,25000.0,24950.0,HSX_FOREIGN_API,HOSE_SYMBOL_LEVEL,VND,2026-08-25T01:39:52Z,ff_hsx_symbol_daily_v1,8bd7d48a2d064e2bc79552ae19a28130778b6e311aafd1b557785b258ab7b02d
2025-01-08,ACB,HOSE,11609500000.0,11609500000.0,0.0,434000.0,434000.0,0.0,11609500000.0,11609500000.0,434000.0,434000.0,25000.0,25000.0,24800.0,25000.0,24950.0,HSX_FOREIGN_API,HOSE_SYMBOL_LEVEL,VND,2026-08-25T01:39:52Z,ff_hsx_symbol_daily_v1,e29d514cce6d2d7b63bb6768661422aa82e20020014fb544d9466b620109c390
2025-01-09,ACB,HOSE,671425000.0,671425000.0,0.0,25100.0,25100.0,0.0,671425000.0,671425000.0,25100.0,25100.0,24950.0,25000.0,24850.0,24950.0,24930.0,HSX_FOREIGN_API,HOSE_SYMBOL_LEVEL,VND,2026-08-25T01:39:52Z,ff_hsx_symbol_daily_v1,f38d2fe050d4225f47679ebe266c8eb433afd2de9eebe8e3bc9f925889365912
2025-01-10,ACB,HOSE,0.0,0.0,0.0,0.0,0.0,0.0,0.0,0.0,0.0,0.0,24900.0,24950.0,24700.0,24700.0,24830.0,HSX_FOREIGN_API,HOSE_SYMBOL_LEVEL,VND,2026-08-25T01:39:52Z,ff_hsx_symbol_daily_v1,5f18d68444be67840446b77ddf60aee83742c1da431214586c6b68835cb8cd16
2025-01-13,ACB,HOSE,0.0,389550000.0,-389550000.0,0.0,15900.0,-15900.0,0.0,0.0,0.0,0.0,24500.0,24850.0,24500.0,24750.0,24620.0,HSX_FOREIGN_API,HOSE_SYMBOL_LEVEL,VND,2026-08-25T01:39:52Z,ff_hsx_symbol_daily_v1,73bc6cda98f51caac2b0b7fb8ae8d3447410f9fadee64c47852fa82b04881a0b
2025-01-14,ACB,HOSE,0.0,1799450.0,-1799450.0,0.0,73.0,-73.0,0.0,0.0,0.0,0.0,24750.0,24800.0,24500.0,24650.0,24590.0,HSX_FOREIGN_API,HOSE_SYMBOL_LEVEL,VND,2026-08-25T01:39:52Z,ff_hsx_symbol_daily_v1,8db7a16b9cd635c0bf8dcba542943ad65445931d0346bae32fa29234d4081c1d
2025-01-15,ACB,HOSE,0.0,0.0,0.0,0.0,0.0,0.0,0.0,0.0,0.0,0.0,24850.0,24950.0,24650.0,24900.0,24780.0,HSX_FOREIGN_API,HOSE_SYMBOL_LEVEL,VND,2026-08-25T01:39:52Z,ff_hsx_symbol_daily_v1,827285cc1fd0fe1f1bdd0dd285e5b5226c5815d09ffd99e807bd47f67273ac0f
2025-01-16,ACB,HOSE,0.0,0.0,0.0,0.0,0.0,0.0,0.0,0.0,0.0,0.0,24850.0,25050.0,24700.0,24850.0,24820.0,HSX_FOREIGN_API,HOSE_SYMBOL_LEVEL,VND,2026-08-25T01:39:52Z,ff_hsx_symbol_daily_v1,64b447a95cc1316c336c830ed2a9d622e8aada4c2078bb95bedf3c710734d81f
2025-01-17,ACB,HOSE,1824700.0,0.0,1824700.0,73.0,0.0,73.0,0.0,0.0,0.0,0.0,24850.0,25000.0,24800.0,24950.0,24920.0,HSX_FOREIGN_API,HOSE_SYMBOL_LEVEL,VND,2026-08-25T01:39:52Z,ff_hsx_symbol_daily_v1,e980a15587230f1f0e79e021256c6d7b97e46eaf2f395789d8889dac1824e1db
2025-01-20,ACB,HOSE,0.0,0.0,0.0,0.0,0.0,0.0,0.0,0.0,0.0,0.0,24950.0,25050.0,24800.0,25000.0,24940.0,HSX_FOREIGN_API,HOSE_SYMBOL_LEVEL,VND,2026-08-25T01:39:52Z,ff_hsx_symbol_daily_v1,4276bf8d220ad48db477fd34be21c5449a5bda4b1837064718f160693fc88a67
2025-01-21,ACB,HOSE,0.0,0.0,0.0,0.0,0.0,0.0,0.0,0.0,0.0,0.0,25050.0,25100.0,24850.0,24950.0,24970.0,HSX_FOREIGN_API,HOSE_SYMBOL_LEVEL,VND,2026-08-25T01:39:52Z,ff_hsx_symbol_daily_v1,1e97d3a3e5a1a79fa429b332b405229831be633e49ab4233c9b4e88fcaa63f6f
2025-01-22,ACB,HOSE,615615000.0,615615000.0,0.0,23100.0,23100.0,0.0,615615000.0,615615000.0,23100.0,23100.0,25000.0,25000.0,24800.0,24850.0,24910.0,HSX_FOREIGN_API,HOSE_SYMBOL_LEVEL,VND,2026-08-25T01:39:52Z,ff_hsx_symbol_daily_v1,748fd14cf230da7762c4e3fd5069c4316f7b756b8305bead3e73a3a1765d06f9
2025-01-23,ACB,HOSE,53100000000.0,53100000000.0,0.0,2000000.0,2000000.0,0.0,53100000000.0,53100000000.0,2000000.0,2000000.0,24900.0,25400.0,24900.0,25300.0,25150.0,HSX_FOREIGN_API,HOSE_SYMBOL_LEVEL,VND,2026-08-25T01:39:52Z,ff_hsx_symbol_daily_v1,ef657ea4aadcefa85e2da484348763347b76e93ee793e2c82f7b4b73564da076
2025-01-24,ACB,HOSE,0.0,0.0,0.0,0.0,0.0,0.0,0.0,0.0,0.0,0.0,25200.0,25500.0,25200.0,25350.0,25360.0,HSX_FOREIGN_API,HOSE_SYMBOL_LEVEL,VND,2026-08-25T01:39:52Z,ff_hsx_symbol_daily_v1,706053ddfefe8e8acdffde1e9caa162357b26274f9912a2f187423e8ca6c93e4
2025-02-03,ACB,HOSE,208160520000.0,208160520000.0,0.0,7681200.0,7681200.0,0.0,208160520000.0,208160520000.0,7681200.0,7681200.0,25050.0,25300.0,24900.0,25100.0,25030.0,HSX_FOREIGN_API,HOSE_SYMBOL_LEVEL,VND,2026-08-25T01:39:52Z,ff_hsx_symbol_daily_v1,3c76ea93715372439bf8e5b1d89d7f42271a206ee723ba937ac0428fd16dd6b4
2025-02-04,ACB,HOSE,0.0,0.0,0.0,0.0,0.0,0.0,0.0,0.0,0.0,0.0,25250.0,25350.0,25050.0,25250.0,25200.0,HSX_FOREIGN_API,HOSE_SYMBOL_LEVEL,VND,2026-08-25T01:39:52Z,ff_hsx_symbol_daily_v1,eb17ef3d0710410838701e3a25365383422548a9d564d1ef1d27d0e617261bc9
2025-02-05,ACB,HOSE,1701000000.0,1701000000.0,0.0,63000.0,63000.0,0.0,1701000000.0,1701000000.0,63000.0,63000.0,25250.0,25400.0,25200.0,25400.0,25300.0,HSX_FOREIGN_API,HOSE_SYMBOL_LEVEL,VND,2026-08-25T01:39:52Z,ff_hsx_symbol_daily_v1,ccaf9245ffae57973373813fc7982991e0d5390dc43af2d48827c746b0d6c7e3
2025-02-06,ACB,HOSE,13479975000.0,13479975000.0,0.0,496500.0,496500.0,0.0,13479975000.0,13479975000.0,496500.0,496500.0,25500.0,25650.0,25400.0,25500.0,25520.0,HSX_FOREIGN_API,HOSE_SYMBOL_LEVEL,VND,2026-08-25T01:39:52Z,ff_hsx_symbol_daily_v1,7e04059fc1eefc42e3f55ed35fa9fadb8550a70cdc8ad8c554f65eb27e222657
2025-02-07,ACB,HOSE,7976075000.0,7976075000.0,0.0,292700.0,292700.0,0.0,7976075000.0,7976075000.0,292700.0,292700.0,25500.0,25800.0,25400.0,25700.0,25640.0,HSX_FOREIGN_API,HOSE_SYMBOL_LEVEL,VND,2026-08-25T01:39:52Z,ff_hsx_symbol_daily_v1,9d49cfe23096c901aeb215fe5eeca23fd9233632af35c5ef3fd592d466b85121
2025-02-10,ACB,HOSE,7815015000.0,7969815000.0,-154800000.0,284700.0,290700.0,-6000.0,7815015000.0,7815015000.0,284700.0,284700.0,25650.0,26150.0,25500.0,25800.0,25880.0,HSX_FOREIGN_API,HOSE_SYMBOL_LEVEL,VND,2026-08-25T01:39:52Z,ff_hsx_symbol_daily_v1,8cd44ddbb353838965c19e9d1501842b44b500754439eab5177cb7084748c4a1
2025-02-11,ACB,HOSE,9188040000.0,9188040000.0,0.0,332900.0,332900.0,0.0,9188040000.0,9188040000.0,332900.0,332900.0,25850.0,25950.0,25700.0,25850.0,25820.0,HSX_FOREIGN_API,HOSE_SYMBOL_LEVEL,VND,2026-08-25T01:39:52Z,ff_hsx_symbol_daily_v1,45155761b6688dca38783ec69b73c86aa1f2c2ec418a7e928a767ba16f12ec3d
2025-02-12,ACB,HOSE,5021240000.0,5021240000.0,0.0,181600.0,181600.0,0.0,5021240000.0,5021240000.0,181600.0,181600.0,25900.0,26000.0,25650.0,25650.0,25770.0,HSX_FOREIGN_API,HOSE_SYMBOL_LEVEL,VND,2026-08-25T01:39:52Z,ff_hsx_symbol_daily_v1,3d88b09402a983433bdfdb9897b31cc1e3be0a3d3333170b53fc7548df2d780a
2025-02-13,ACB,HOSE,0.0,0.0,0.0,0.0,0.0,0.0,0.0,0.0,0.0,0.0,25650.0,25750.0,25550.0,25700.0,25650.0,HSX_FOREIGN_API,HOSE_SYMBOL_LEVEL,VND,2026-08-25T01:39:52Z,ff_hsx_symbol_daily_v1,69649f797fa9212583d0a9323011d6dc2084a44258b4158f1839639d62f2c108
2025-02-14,ACB,HOSE,0.0,0.0,0.0,0.0,0.0,0.0,0.0,0.0,0.0,0.0,25950.0,25950.0,25700.0,25750.0,25800.0,HSX_FOREIGN_API,HOSE_SYMBOL_LEVEL,VND,2026-08-25T01:39:52Z,ff_hsx_symbol_daily_v1,9ba4655bf86e6d4e4bc4770ecadffa60a86644ec243bc265fc939ca2858972d0
2025-02-17,ACB,HOSE,0.0,0.0,0.0,0.0,0.0,0.0,0.0,0.0,0.0,0.0,25950.0,25950.0,25750.0,25800.0,25810.0,HSX_FOREIGN_API,HOSE_SYMBOL_LEVEL,VND,2026-08-25T01:39:52Z,ff_hsx_symbol_daily_v1,b17f1d94a0e10994f09250b354750d952edfd29b8c10e350f7740efc7d07c6b3
2025-02-18,ACB,HOSE,0.0,0.0,0.0,0.0,0.0,0.0,0.0,0.0,0.0,0.0,25800.0,26000.0,25750.0,25750.0,25830.0,HSX_FOREIGN_API,HOSE_SYMBOL_LEVEL,VND,2026-08-25T01:39:52Z,ff_hsx_symbol_daily_v1,6a4d387342a75306e7632bd31c2dfefc9566f3d3a7128c9774a94a291926ab11
2025-02-19,ACB,HOSE,10342270000.0,10342270000.0,0.0,375400.0,375400.0,0.0,10342270000.0,10342270000.0,375400.0,375400.0,25750.0,25900.0,25700.0,25800.0,25800.0,HSX_FOREIGN_API,HOSE_SYMBOL_LEVEL,VND,2026-08-25T01:39:52Z,ff_hsx_symbol_daily_v1,e873c64415fd3e8a30882e1caa8f7e63475233b44dbf70d48d362a0f58f9984a
2025-02-20,ACB,HOSE,22833480000.0,22833480000.0,0.0,827300.0,827300.0,0.0,22833480000.0,22833480000.0,827300.0,827300.0,25850.0,25950.0,25750.0,25950.0,25870.0,HSX_FOREIGN_API,HOSE_SYMBOL_LEVEL,VND,2026-08-25T01:39:52Z,ff_hsx_symbol_daily_v1,20458eb12872c9f89560efede22f60b7c2a1c8660af3f969bc1ce60c1fb233bd
2025-02-21,ACB,HOSE,0.0,0.0,0.0,0.0,0.0,0.0,0.0,0.0,0.0,0.0,26000.0,26350.0,25950.0,26200.0,26210.0,HSX_FOREIGN_API,HOSE_SYMBOL_LEVEL,VND,2026-08-25T01:39:52Z,ff_hsx_symbol_daily_v1,d8cf67f858de82c29a5bc78fa82867e1a156bf2b53bff420cd0557195485367e
2025-02-24,ACB,HOSE,1559600000.0,1559600000.0,0.0,55700.0,55700.0,0.0,1559600000.0,1559600000.0,55700.0,55700.0,26050.0,26250.0,26050.0,26150.0,26120.0,HSX_FOREIGN_API,HOSE_SYMBOL_LEVEL,VND,2026-08-25T01:39:52Z,ff_hsx_symbol_daily_v1,c98ba745c11b96a3a36e3d6971d25291ccda32278f3e0ffb38f3ffd90d95d2c9
2025-02-25,ACB,HOSE,12401415000.0,12401415000.0,0.0,443700.0,443700.0,0.0,12401415000.0,12401415000.0,443700.0,443700.0,26150.0,26250.0,26000.0,26000.0,26100.0,HSX_FOREIGN_API,HOSE_SYMBOL_LEVEL,VND,2026-08-25T01:39:52Z,ff_hsx_symbol_daily_v1,8ae3797f0aa0942e53ab8484dac9842eaf5c6dc59c1c093d6cbb61e2c4b34eb3
2025-02-26,ACB,HOSE,3954828000.0,3954828000.0,0.0,142260.0,142260.0,0.0,3954828000.0,3954828000.0,142260.0,142260.0,26050.0,26100.0,25950.0,25950.0,26000.0,HSX_FOREIGN_API,HOSE_SYMBOL_LEVEL,VND,2026-08-25T01:39:52Z,ff_hsx_symbol_daily_v1,c1666b823982f730a3cc97e7e7c3e47ad983499d92f407e33cee3cde2eccb617
2025-02-27,ACB,HOSE,0.0,0.0,0.0,0.0,0.0,0.0,0.0,0.0,0.0,0.0,26000.0,26100.0,25850.0,26100.0,25960.0,HSX_FOREIGN_API,HOSE_SYMBOL_LEVEL,VND,2026-08-25T01:39:52Z,ff_hsx_symbol_daily_v1,193e50fbb443a4593715fa1030c25ce2535da9b7cb7e8b830d6362016d94fff5
2025-02-28,ACB,HOSE,109110594600.0,109111320000.0,-725400.0,3910774.0,3910800.0,-26.0,109110594600.0,109111320000.0,3910774.0,3910800.0,26000.0,26200.0,25800.0,26000.0,25970.0,HSX_FOREIGN_API,HOSE_SYMBOL_LEVEL,VND,2026-08-25T01:39:52Z,ff_hsx_symbol_daily_v1,1571302123038549c527ae1cfead24a80b29bb78335c1e084164311ecdc79c6d
2025-03-03,ACB,HOSE,499579900000.0,499579900000.0,0.0,17970500.0,17970500.0,0.0,499579900000.0,499579900000.0,17970500.0,17970500.0,26000.0,26050.0,25800.0,26000.0,25960.0,HSX_FOREIGN_API,HOSE_SYMBOL_LEVEL,VND,2026-08-25T01:39:52Z,ff_hsx_symbol_daily_v1,2682393fa1bc32f234071734da5ab34cc7a55b9918b5a16dc942f3f01e890bdb
2025-03-04,ACB,HOSE,0.0,10360000.0,-10360000.0,0.0,400.0,-400.0,0.0,0.0,0.0,0.0,25900.0,26200.0,25800.0,26150.0,26000.0,HSX_FOREIGN_API,HOSE_SYMBOL_LEVEL,VND,2026-08-25T01:39:52Z,ff_hsx_symbol_daily_v1,e7e0cf32112291234d5154e461e0027babf77299961bbef5c9cf0b7aa28f2c70
2025-03-05,ACB,HOSE,5070130000.0,5070130000.0,0.0,181400.0,181400.0,0.0,5070130000.0,5070130000.0,181400.0,181400.0,26300.0,26650.0,26150.0,26150.0,26370.0,HSX_FOREIGN_API,HOSE_SYMBOL_LEVEL,VND,2026-08-25T01:39:52Z,ff_hsx_symbol_daily_v1,7d23cfe726ac7dd89945c3fe62fc21aaf174900e108e799f84b7222be5e182e4
2025-03-06,ACB,HOSE,19565000000.0,19565000000.0,0.0,700000.0,700000.0,0.0,19565000000.0,19565000000.0,700000.0,700000.0,26250.0,26400.0,26150.0,26400.0,26290.0,HSX_FOREIGN_API,HOSE_SYMBOL_LEVEL,VND,2026-08-25T01:39:52Z,ff_hsx_symbol_daily_v1,586289a4566711594c7b323cfac0c89d61dda099c6004a22c16f345a3f22a14d
2025-03-07,ACB,HOSE,25927080000.0,25927080000.0,0.0,919400.0,919400.0,0.0,25927080000.0,25927080000.0,919400.0,919400.0,26500.0,26800.0,26350.0,26650.0,26590.0,HSX_FOREIGN_API,HOSE_SYMBOL_LEVEL,VND,2026-08-25T01:39:52Z,ff_hsx_symbol_daily_v1,2f518bba08a1693e7a3d6c98183e161aedfcf4fb1f47b199ed2d6c55cbcdafda
2025-03-10,ACB,HOSE,64108220000.0,64108220000.0,0.0,2308600.0,2308600.0,0.0,64108220000.0,64108220000.0,2308600.0,2308600.0,26700.0,26750.0,26400.0,26450.0,26580.0,HSX_FOREIGN_API,HOSE_SYMBOL_LEVEL,VND,2026-08-25T01:39:52Z,ff_hsx_symbol_daily_v1,ae37c0fdefd58e67728be2cddca4201d8aa2017978935c5be01f5e90cec5472a
2025-03-11,ACB,HOSE,103894320000.0,103894320000.0,0.0,3759400.0,3759400.0,0.0,103894320000.0,103894320000.0,3759400.0,3759400.0,26300.0,26450.0,26100.0,26450.0,26250.0,HSX_FOREIGN_API,HOSE_SYMBOL_LEVEL,VND,2026-08-25T01:39:52Z,ff_hsx_symbol_daily_v1,9e41e450215280242acf2132fe850ebafc4e1e99203265e4831fde656758625a
2025-03-12,ACB,HOSE,21812938000.0,21812938000.0,0.0,793100.0,793100.0,0.0,21812938000.0,21812938000.0,793100.0,793100.0,26500.0,26700.0,26200.0,26300.0,26460.0,HSX_FOREIGN_API,HOSE_SYMBOL_LEVEL,VND,2026-08-25T01:39:52Z,ff_hsx_symbol_daily_v1,10395c862a342bb9d01d528d1b7b14c804a38a5ed3342fefcf86601ba4d4e647
2025-03-13,ACB,HOSE,126503000000.0,126503000000.0,0.0,4625000.0,4625000.0,0.0,126503000000.0,126503000000.0,4625000.0,4625000.0,26350.0,26450.0,26100.0,26100.0,26200.0,HSX_FOREIGN_API,HOSE_SYMBOL_LEVEL,VND,2026-08-25T01:39:52Z,ff_hsx_symbol_daily_v1,e5dd82e3c307fc84b53aeb9395643a67c36a386fb7cd43165e004d87d5d85f80
2025-03-14,ACB,HOSE,11441196000.0,11441821200.0,-625200.0,421500.0,421524.0,-24.0,11441196000.0,11441196000.0,421500.0,421500.0,26200.0,26200.0,25900.0,26000.0,26050.0,HSX_FOREIGN_API,HOSE_SYMBOL_LEVEL,VND,2026-08-25T01:39:52Z,ff_hsx_symbol_daily_v1,defe716bd79a10cd4c64f5e7e6cae7c1ce6d9f57b6f146e5e67b1f983577e3dc
2025-03-17,ACB,HOSE,18610800000.0,18610800000.0,0.0,670000.0,670000.0,0.0,18610800000.0,18610800000.0,670000.0,670000.0,26100.0,26250.0,26000.0,26200.0,26140.0,HSX_FOREIGN_API,HOSE_SYMBOL_LEVEL,VND,2026-08-25T01:39:52Z,ff_hsx_symbol_daily_v1,9a163b0caacbecf6ec16bf30a9177731c328c63253f6420c669b4309814c93a2
2025-03-18,ACB,HOSE,9435930000.0,9435930000.0,0.0,343000.0,343000.0,0.0,9435930000.0,9435930000.0,343000.0,343000.0,26300.0,26550.0,26250.0,26300.0,26340.0,HSX_FOREIGN_API,HOSE_SYMBOL_LEVEL,VND,2026-08-25T01:39:52Z,ff_hsx_symbol_daily_v1,56052ba898d28b46d3cfd2f85ab3d9771e0b1b507b73191ed1d3ba17757ea1dc
2025-03-19,ACB,HOSE,20125812000.0,20125812000.0,0.0,728800.0,728800.0,0.0,20125812000.0,20125812000.0,728800.0,728800.0,26300.0,26300.0,26050.0,26200.0,26160.0,HSX_FOREIGN_API,HOSE_SYMBOL_LEVEL,VND,2026-08-25T01:39:52Z,ff_hsx_symbol_daily_v1,ab93668f9561875f710c6ced477d46509772ed37b937b94913e9653f9bdc91c2
2025-03-20,ACB,HOSE,0.0,0.0,0.0,0.0,0.0,0.0,0.0,0.0,0.0,0.0,26400.0,26450.0,26150.0,26250.0,26250.0,HSX_FOREIGN_API,HOSE_SYMBOL_LEVEL,VND,2026-08-25T01:39:52Z,ff_hsx_symbol_daily_v1,ee4ee9b4d9916bb0be0756427a6fd2ac7305087fbf9993ced35aeb0b5c3b3ada
2025-03-21,ACB,HOSE,212292982300.0,212295462970.0,-2480670.0,7702100.0,7702190.0,-90.0,212292982300.0,212295462970.0,7702100.0,7702190.0,26250.0,26300.0,26100.0,26100.0,26170.0,HSX_FOREIGN_API,HOSE_SYMBOL_LEVEL,VND,2026-08-25T01:39:52Z,ff_hsx_symbol_daily_v1,556010b0103751c4e196580076443a6e1d7501dc4f76fe5fb1ac04dda74b5744
2025-03-24,ACB,HOSE,13702500000.0,13702500000.0,0.0,500000.0,500000.0,0.0,13702500000.0,13702500000.0,500000.0,500000.0,26250.0,26350.0,26050.0,26350.0,26140.0,HSX_FOREIGN_API,HOSE_SYMBOL_LEVEL,VND,2026-08-25T01:39:52Z,ff_hsx_symbol_daily_v1,aa5d34507244158169a34c9edeee847c81ccb84354674c5c509f1ca13f2efd76
2025-03-25,ACB,HOSE,34216634400.0,34216634400.0,0.0,1248600.0,1248600.0,0.0,34216634400.0,34216634400.0,1248600.0,1248600.0,26400.0,26450.0,26150.0,26300.0,26280.0,HSX_FOREIGN_API,HOSE_SYMBOL_LEVEL,VND,2026-08-25T01:39:52Z,ff_hsx_symbol_daily_v1,c877f3d8a772e015ce5bf53ead2cb94dcc22f6c0d256963dcb42bb0ea846fa85
2025-03-26,ACB,HOSE,0.0,0.0,0.0,0.0,0.0,0.0,0.0,0.0,0.0,0.0,26300.0,26450.0,26100.0,26150.0,26250.0,HSX_FOREIGN_API,HOSE_SYMBOL_LEVEL,VND,2026-08-25T01:39:52Z,ff_hsx_symbol_daily_v1,aef952c032fdb3bbfc5feca451f8be3e510c1d3cb796ec1ebcfbc07c8453375f
2025-03-27,ACB,HOSE,0.0,0.0,0.0,0.0,0.0,0.0,0.0,0.0,0.0,0.0,26000.0,26200.0,25950.0,26000.0,26040.0,HSX_FOREIGN_API,HOSE_SYMBOL_LEVEL,VND,2026-08-25T01:39:52Z,ff_hsx_symbol_daily_v1,5b207cce673e95bc213cd3375b43768a271ef731a95062b98a6bac47d65fa3ba
2025-03-28,ACB,HOSE,14893632000.0,14893632000.0,0.0,550800.0,550800.0,0.0,14893632000.0,14893632000.0,550800.0,550800.0,26000.0,26050.0,25850.0,25950.0,25940.0,HSX_FOREIGN_API,HOSE_SYMBOL_LEVEL,VND,2026-08-25T01:39:52Z,ff_hsx_symbol_daily_v1,25f524b1a1fb2890c1bad9639a4d7e0ff992ba6619f36ac1b7e663226cf75ae8
2025-03-31,ACB,HOSE,36914186400.0,36914186400.0,0.0,1367800.0,1367800.0,0.0,36914186400.0,36914186400.0,1367800.0,1367800.0,25850.0,26000.0,25800.0,26000.0,25900.0,HSX_FOREIGN_API,HOSE_SYMBOL_LEVEL,VND,2026-08-25T01:39:52Z,ff_hsx_symbol_daily_v1,a660aa735d0d08fc5e16d225e0915972444528fe1783b2f18b06eec6f5f65dc1
2025-04-01,ACB,HOSE,0.0,0.0,0.0,0.0,0.0,0.0,0.0,0.0,0.0,0.0,26000.0,26050.0,25900.0,26050.0,25990.0,HSX_FOREIGN_API,HOSE_SYMBOL_LEVEL,VND,2026-08-25T01:39:52Z,ff_hsx_symbol_daily_v1,3b7092685271605ef0a3e72179ee6352d733b5037af17a47510400553b4e5ff1
2025-04-02,ACB,HOSE,158525243100.0,158525243100.0,0.0,5966100.0,5966100.0,0.0,158525243100.0,158525243100.0,5966100.0,5966100.0,26100.0,26200.0,25900.0,25950.0,26060.0,HSX_FOREIGN_API,HOSE_SYMBOL_LEVEL,VND,2026-08-25T01:39:52Z,ff_hsx_symbol_daily_v1,f8d1abe1b6a271ef04a66e5b7352f293d2b48413d05a39497ccb02b136a18de2
2025-04-03,ACB,HOSE,55825790000.0,180444270500.0,-124618480500.0,2291000.0,7382170.0,-5091170.0,55825790000.0,55825790000.0,2291000.0,2291000.0,25150.0,25350.0,24150.0,24150.0,24670.0,HSX_FOREIGN_API,HOSE_SYMBOL_LEVEL,VND,2026-08-25T01:39:52Z,ff_hsx_symbol_daily_v1,1ffe5fa07f64fb32c5966a64cab17efbb0443ff761ea0f2f190cf82cdbe6acd9
2025-04-04,ACB,HOSE,1533050000.0,473926241200.0,-472393191200.0,67000.0,20683732.0,-20616732.0,1533050000.0,1533050000.0,67000.0,67000.0,22700.0,23800.0,22500.0,23800.0,22930.0,HSX_FOREIGN_API,HOSE_SYMBOL_LEVEL,VND,2026-08-25T01:39:52Z,ff_hsx_symbol_daily_v1,62704862e77e66e4cd103cdaf1e483cfa4ba2fdf42ee252a5a2b3d936571b1a1
2025-04-08,ACB,HOSE,218826985000.0,267398515000.0,-48571530000.0,9826900.0,11997800.0,-2170900.0,218826985000.0,218826985000.0,9826900.0,9826900.0,23100.0,23300.0,22150.0,22150.0,22340.0,HSX_FOREIGN_API,HOSE_SYMBOL_LEVEL,VND,2026-08-25T01:39:52Z,ff_hsx_symbol_daily_v1,ffcf014719af8a5c4ad31800246a48f425c0aca47583cfbb82c973557ddf2fed
2025-04-09,ACB,HOSE,134786286300.0,127350269000.0,7436017300.0,6065170.0,5790805.0,274365.0,35973060000.0,35973060000.0,1630000.0,1630000.0,20750.0,22850.0,20750.0,21800.0,22080.0,HSX_FOREIGN_API,HOSE_SYMBOL_LEVEL,VND,2026-08-25T01:39:52Z,ff_hsx_symbol_daily_v1,c54badb60fee7dfd793434ac52323464efa485e7ff51a3a8aed5e58824d3082b
2025-04-10,ACB,HOSE,135131425600.0,2330000000.0,132801425600.0,5799632.0,100000.0,5699632.0,112655500000.0,2330000000.0,4835000.0,100000.0,23300.0,23300.0,23300.0,23300.0,23300.0,HSX_FOREIGN_API,HOSE_SYMBOL_LEVEL,VND,2026-08-25T01:39:52Z,ff_hsx_symbol_daily_v1,a9da0ac8780a389b1bfbf8b64fa4ac0ca4c2d8616800d3e32261bde9ee289b54
2025-04-11,ACB,HOSE,453448796900.0,301002779900.0,152446017000.0,18406963.0,12221800.0,6185163.0,178098040000.0,193934599900.0,7230000.0,7875100.0,24800.0,24900.0,23950.0,24850.0,24550.0,HSX_FOREIGN_API,HOSE_SYMBOL_LEVEL,VND,2026-08-25T01:39:52Z,ff_hsx_symbol_daily_v1,ea049488f4ba67f89d8af6773bec789ee9d2aa247f08ad69c0bd806616c73305
2025-04-14,ACB,HOSE,303411083850.0,143290824000.0,160120259850.0,12081042.0,5704140.0,6376902.0,86460866000.0,86461874000.0,3442500.0,3442540.0,24850.0,25350.0,24600.0,24800.0,24970.0,HSX_FOREIGN_API,HOSE_SYMBOL_LEVEL,VND,2026-08-25T01:39:52Z,ff_hsx_symbol_daily_v1,1d13fb7ef747c8f3e3d0ec424e4fbb8c53012e1d62430323ec66e94ad509498e
2025-04-15,ACB,HOSE,50000000000.0,82508985000.0,-32508985000.0,2000000.0,3338200.0,-1338200.0,50000000000.0,50000000000.0,2000000.0,2000000.0,24600.0,24700.0,24100.0,24100.0,24310.0,HSX_FOREIGN_API,HOSE_SYMBOL_LEVEL,VND,2026-08-25T01:39:52Z,ff_hsx_symbol_daily_v1,b37abf09778e2aeb28348088d98bba65fdac0e78de502adaa35d3b08df158107
2025-04-16,ACB,HOSE,133210615000.0,11206785000.0,122003830000.0,5421800.0,463600.0,4958200.0,10384500000.0,10384500000.0,430000.0,430000.0,24450.0,24700.0,24150.0,24300.0,24490.0,HSX_FOREIGN_API,HOSE_SYMBOL_LEVEL,VND,2026-08-25T01:39:52Z,ff_hsx_symbol_daily_v1,388d1fb38d7e800b6a1ed452b67f1c0dc06db732474f362929c6b700d1f310ed
2025-04-17,ACB,HOSE,72037838750.0,44385240400.0,27652598350.0,2946640.0,1823000.0,1123640.0,16648115400.0,16648115400.0,685000.0,685000.0,24500.0,24550.0,24100.0,24300.0,24310.0,HSX_FOREIGN_API,HOSE_SYMBOL_LEVEL,VND,2026-08-25T01:39:52Z,ff_hsx_symbol_daily_v1,036e571d4c78031884653c8a90a64e857bfdcb91e2c8b82ff814036409679fa8
2025-04-18,ACB,HOSE,32811230000.0,7950985000.0,24860245000.0,1338200.0,324500.0,1013700.0,0.0,0.0,0.0,0.0,24500.0,24750.0,24450.0,24500.0,24600.0,HSX_FOREIGN_API,HOSE_SYMBOL_LEVEL,VND,2026-08-25T01:39:52Z,ff_hsx_symbol_daily_v1,981ed2f3ab02a592bb963ee8164373a38d13da1280fb7f8a9f851ade8f511ab3
2025-04-21,ACB,HOSE,2043160000.0,5095095000.0,-3051935000.0,83600.0,209300.0,-125700.0,1225000000.0,1225000000.0,50000.0,50000.0,24350.0,24500.0,24100.0,24100.0,24250.0,HSX_FOREIGN_API,HOSE_SYMBOL_LEVEL,VND,2026-08-25T01:39:52Z,ff_hsx_symbol_daily_v1,b33fd586714c07ba22a56e0a590911376464257009af19702bd02b08fb09232b
2025-04-22,ACB,HOSE,27012995000.0,18598845500.0,8414149500.0,1110400.0,781505.0,328895.0,0.0,0.0,0.0,0.0,24300.0,24400.0,22650.0,24100.0,23700.0,HSX_FOREIGN_API,HOSE_SYMBOL_LEVEL,VND,2026-08-25T01:39:52Z,ff_hsx_symbol_daily_v1,949166e3ff0b4bec88bac7521db5ba2df4b15d9f5c233062ea0616891d2aa04f
2025-04-23,ACB,HOSE,7982700000.0,416354050.0,7566345950.0,324500.0,17050.0,307450.0,0.0,0.0,0.0,0.0,24600.0,24600.0,24150.0,24600.0,24460.0,HSX_FOREIGN_API,HOSE_SYMBOL_LEVEL,VND,2026-08-25T01:39:52Z,ff_hsx_symbol_daily_v1,22a5b39664ba1c9b3e12d37e82d80144d0e0aa18a64d75a8652e7d70e195087f
2025-04-24,ACB,HOSE,47501813500.0,46702643500.0,799170000.0,1933700.0,1901400.0,32300.0,43614893500.0,43614893500.0,1774400.0,1774400.0,24400.0,24550.0,24150.0,24150.0,24270.0,HSX_FOREIGN_API,HOSE_SYMBOL_LEVEL,VND,2026-08-25T01:39:52Z,ff_hsx_symbol_daily_v1,c71d0c6c4039ea6b40c1fcd92f40a60453c8d213b91a797eb16bbd72e9bab2a0
2025-04-25,ACB,HOSE,54945400350.0,49162329100.0,5783071250.0,2277805.0,2050000.0,227805.0,35876679100.0,35876679100.0,1496300.0,1496300.0,24400.0,24400.0,23900.0,23900.0,24040.0,HSX_FOREIGN_API,HOSE_SYMBOL_LEVEL,VND,2026-08-25T01:39:52Z,ff_hsx_symbol_daily_v1,fa4bbc708dce68804661ce0af165fbe5c0696eb37a80b3670931f33bb6e26326
2025-04-28,ACB,HOSE,48257147400.0,47847100000.0,410047400.0,2017050.0,2000000.0,17050.0,47847100000.0,47847100000.0,2000000.0,2000000.0,24050.0,24050.0,23850.0,23950.0,23920.0,HSX_FOREIGN_API,HOSE_SYMBOL_LEVEL,VND,2026-08-25T01:39:52Z,ff_hsx_symbol_daily_v1,bd94973b4f8ab6ad9068ca6a6c70e5271f750da12aa929196f35e83034097e74
2025-04-29,ACB,HOSE,1659207200.0,14564785000.0,-12905577800.0,69000.0,606600.0,-537600.0,0.0,0.0,0.0,0.0,23950.0,24200.0,23950.0,24050.0,24030.0,HSX_FOREIGN_API,HOSE_SYMBOL_LEVEL,VND,2026-08-25T01:39:52Z,ff_hsx_symbol_daily_v1,bc253a346d9ba72fcb25814523759ff4751631d36d4d1a9898f0f6136feeb926
2025-05-05,ACB,HOSE,57315575000.0,48172100000.0,9143475000.0,2381300.0,2002000.0,379300.0,48124000000.0,48124000000.0,2000000.0,2000000.0,24250.0,24250.0,24000.0,24050.0,24050.0,HSX_FOREIGN_API,HOSE_SYMBOL_LEVEL,VND,2026-08-25T01:39:52Z,ff_hsx_symbol_daily_v1,fcbfc70bdd815feae77632e0a47dffb92ac074755225ca50a0544035d2cb0a25
2025-05-06,ACB,HOSE,29375584700.0,43720753300.0,-14345168600.0,1219867.0,1815486.0,-595619.0,24075000000.0,24075000000.0,1000000.0,1000000.0,24050.0,24200.0,24000.0,24000.0,24100.0,HSX_FOREIGN_API,HOSE_SYMBOL_LEVEL,VND,2026-08-25T01:39:52Z,ff_hsx_symbol_daily_v1,54c3bbb4fbe0d8989fc6ae087a542785227c871af99743cebcf47ee57b327a00
2025-05-07,ACB,HOSE,44338935000.0,28299100000.0,16039835000.0,1839000.0,1176000.0,663000.0,24045000000.0,24045000000.0,1000000.0,1000000.0,24200.0,24200.0,23950.0,24000.0,24050.0,HSX_FOREIGN_API,HOSE_SYMBOL_LEVEL,VND,2026-08-25T01:39:52Z,ff_hsx_symbol_daily_v1,a7726c6a254cfe427c0c9a2553af1b63179054985645e1424a6c91aa859e5646
2025-05-08,ACB,HOSE,58666760900.0,72263482500.0,-13596721600.0,2438800.0,3002250.0,-563450.0,54671340000.0,54672523350.0,2272800.0,2272849.0,24100.0,24150.0,23950.0,24150.0,24050.0,HSX_FOREIGN_API,HOSE_SYMBOL_LEVEL,VND,2026-08-25T01:39:52Z,ff_hsx_symbol_daily_v1,81a350b0aeff58722e6e4d7b1224576562104f432d3a5fff4df21701bb539b79
2025-05-09,ACB,HOSE,242934850450.0,226397686600.0,16537163850.0,10017719.0,9342300.0,675419.0,224460796600.0,224460796600.0,9262100.0,9262100.0,24450.0,24450.0,24100.0,24150.0,24200.0,HSX_FOREIGN_API,HOSE_SYMBOL_LEVEL,VND,2026-08-25T01:39:52Z,ff_hsx_symbol_daily_v1,c48bcf0ffc39cfaef567bfb95537180e02030a6790cd1a93ecafa2b60cee9ba6
2025-05-12,ACB,HOSE,48862605000.0,52265100000.0,-3402495000.0,2010000.0,2150000.0,-140000.0,48620100000.0,48620100000.0,2000000.0,2000000.0,24250.0,24450.0,24150.0,24400.0,24300.0,HSX_FOREIGN_API,HOSE_SYMBOL_LEVEL,VND,2026-08-25T01:39:52Z,ff_hsx_symbol_daily_v1,2e78c7576ab2452b9e61ac2fe6f796c72b7be80ecaa1f2a01acb4a6cb4698bf4
2025-05-13,ACB,HOSE,89695149850.0,75835655000.0,13859494850.0,3648250.0,3084100.0,564150.0,73767000000.0,73767000000.0,3000000.0,3000000.0,24550.0,24700.0,24450.0,24600.0,24600.0,HSX_FOREIGN_API,HOSE_SYMBOL_LEVEL,VND,2026-08-25T01:39:52Z,ff_hsx_symbol_daily_v1,752155d389b682dc208153d4c07bdd7e98d65d0889a7977b9154486ce3ee4acc
2025-05-14,ACB,HOSE,27155075000.0,27202565000.0,-47490000.0,1095500.0,1097500.0,-2000.0,24783000000.0,24783000000.0,1000000.0,1000000.0,24650.0,24950.0,24650.0,24800.0,24800.0,HSX_FOREIGN_API,HOSE_SYMBOL_LEVEL,VND,2026-08-25T01:39:52Z,ff_hsx_symbol_daily_v1,00006566e331c79acb5d0378571ea5173abde08bc499f34d817c9323c045c16a
2025-05-15,ACB,HOSE,72857084000.0,67173064000.0,5684020000.0,2819500.0,2596600.0,222900.0,66851834000.0,66851834000.0,2584000.0,2584000.0,25500.0,25650.0,25100.0,25550.0,25450.0,HSX_FOREIGN_API,HOSE_SYMBOL_LEVEL,VND,2026-08-25T01:39:52Z,ff_hsx_symbol_daily_v1,73870971452759833aefc740cf57d0c8831fe253d79d27cab74b0c2e8812f7d3
2025-05-16,ACB,HOSE,120124850000.0,119801030000.0,323820000.0,4681300.0,4668700.0,12600.0,119801030000.0,119801030000.0,4668700.0,4668700.0,25700.0,25700.0,25450.0,25450.0,25550.0,HSX_FOREIGN_API,HOSE_SYMBOL_LEVEL,VND,2026-08-25T01:39:52Z,ff_hsx_symbol_daily_v1,18c22db275c5202c36feb14a59b816f393713fd952eeec07a60a986520eb0205
2025-05-19,ACB,HOSE,191009050000.0,192704876350.0,-1695826350.0,7459650.0,7526016.0,-66366.0,190958150000.0,190958150000.0,7457650.0,7457650.0,25450.0,25700.0,25300.0,25400.0,25550.0,HSX_FOREIGN_API,HOSE_SYMBOL_LEVEL,VND,2026-08-25T01:39:52Z,ff_hsx_symbol_daily_v1,374745d11485f3baf9ce4abd26e03cc26f9a297259f0aeeed2dc790c245bff44
2025-05-20,ACB,HOSE,167694298010.0,170576208010.0,-2881910000.0,6557830.0,6670630.0,-112800.0,167643298010.0,167643298010.0,6555830.0,6555830.0,25500.0,25650.0,25400.0,25600.0,25550.0,HSX_FOREIGN_API,HOSE_SYMBOL_LEVEL,VND,2026-08-25T01:39:52Z,ff_hsx_symbol_daily_v1,d95580b9f6025a7dd9999f0ae30e87ca5645d7a3ee3ff62f790791c0f61607f1
2025-05-21,ACB,HOSE,4718851400.0,45647856400.0,-40929005000.0,183800.0,1777400.0,-1593600.0,4667351400.0,4667351400.0,181800.0,181800.0,25750.0,25900.0,25600.0,25650.0,25700.0,HSX_FOREIGN_API,HOSE_SYMBOL_LEVEL,VND,2026-08-25T01:39:52Z,ff_hsx_symbol_daily_v1,aaac2394e8011c2826403730210f168f7c45b0831cae30ea8e1bcdb250d39935
2025-05-22,ACB,HOSE,78603642900.0,93788175000.0,-15184532100.0,3068366.0,3660800.0,-592434.0,76848000000.0,76848000000.0,3000000.0,3000000.0,25700.0,25750.0,25500.0,25550.0,25650.0,HSX_FOREIGN_API,HOSE_SYMBOL_LEVEL,VND,2026-08-25T01:39:52Z,ff_hsx_symbol_daily_v1,5396bbeb8f8e0de7ef4cf4ad7846a932a3ef96a0263aaa66150fdbb14af95a5e
2025-05-23,ACB,HOSE,74086991100.0,80924582000.0,-6837590900.0,3434786.0,3753620.0,-318834.0,70178902000.0,70178902000.0,3253620.0,3253620.0,21550.0,21600.0,21450.0,21600.0,21550.0,HSX_FOREIGN_API,HOSE_SYMBOL_LEVEL,VND,2026-08-25T01:39:52Z,ff_hsx_symbol_daily_v1,94fd7e2d3f10414f1e4a81df5cfa2f9bcdcfed3ffc0e54f761abe0eb40d58375
2025-05-26,ACB,HOSE,38199862800.0,35457255000.0,2742607800.0,1774766.0,1651800.0,122966.0,0.0,0.0,0.0,0.0,21600.0,21650.0,21100.0,21500.0,21450.0,HSX_FOREIGN_API,HOSE_SYMBOL_LEVEL,VND,2026-08-25T01:39:52Z,ff_hsx_symbol_daily_v1,eb2ee29ee95758277fa284144cb2ecc7e064da63f3bb01d99c3846cae50a8b84
2025-05-27,ACB,HOSE,66597907900.0,56613781800.0,9984126100.0,3099134.0,2635200.0,463934.0,18364961800.0,18364961800.0,854900.0,854900.0,21600.0,21600.0,21400.0,21450.0,21500.0,HSX_FOREIGN_API,HOSE_SYMBOL_LEVEL,VND,2026-08-25T01:39:52Z,ff_hsx_symbol_daily_v1,ef22ff722395e357784bb3cbd72df63d5b8e96e9057b7822da85378c1f0f1258
2025-05-28,ACB,HOSE,20807819400.0,28243571750.0,-7435752350.0,969534.0,1316325.0,-346791.0,6718435000.0,6718435000.0,313000.0,313000.0,21500.0,21550.0,21350.0,21400.0,21450.0,HSX_FOREIGN_API,HOSE_SYMBOL_LEVEL,VND,2026-08-25T01:39:52Z,ff_hsx_symbol_daily_v1,3f58ac89cbbc235ea3ca59e773dfd9c2ab1232e702a96806f989df9422e355d1
2025-05-29,ACB,HOSE,49157920350.0,31420770000.0,17737150350.0,2297725.0,1469200.0,828525.0,4290000000.0,4290000000.0,200000.0,200000.0,21450.0,21500.0,21300.0,21300.0,21350.0,HSX_FOREIGN_API,HOSE_SYMBOL_LEVEL,VND,2026-08-25T01:39:52Z,ff_hsx_symbol_daily_v1,87b967653060cf766618f65b3674118ee6cd1fd06f4d0e36af53295fd13736be
2025-05-30,ACB,HOSE,62435430450.0,95574820100.0,-33139389650.0,2941209.0,4507189.0,-1565980.0,55328328300.0,55328328300.0,2606400.0,2606400.0,21300.0,21350.0,21100.0,21100.0,21200.0,HSX_FOREIGN_API,HOSE_SYMBOL_LEVEL,VND,2026-08-25T01:39:52Z,ff_hsx_symbol_daily_v1,4c1047e9a9beb5fb0af53e05fb484d4836eb7d9d666568025e05ff0323f98472
2025-06-02,ACB,HOSE,29011685000.0,53861773450.0,-24850088450.0,1377000.0,2557089.0,-1180089.0,0.0,0.0,0.0,0.0,21100.0,21200.0,21000.0,21100.0,21050.0,HSX_FOREIGN_API,HOSE_SYMBOL_LEVEL,VND,2026-08-25T01:39:52Z,ff_hsx_symbol_daily_v1,69fb377dd0a6803ae281f514cc203546e180baf5bf3ebc3f4135e05e4e35168c
2025-06-03,ACB,HOSE,52708651250.0,30783695000.0,21924956250.0,2483417.0,1450900.0,1032517.0,18672720000.0,18672720000.0,880000.0,880000.0,21150.0,21300.0,21150.0,21250.0,21200.0,HSX_FOREIGN_API,HOSE_SYMBOL_LEVEL,VND,2026-08-25T01:39:52Z,ff_hsx_symbol_daily_v1,fc4e4772e3e519d30db807b4ea04df381af63239a7d8df4d9222747d52e470e1
2025-06-04,ACB,HOSE,32252125500.0,54214560000.0,-21962434500.0,1519585.0,2557100.0,-1037515.0,31836000000.0,31836000000.0,1500000.0,1500000.0,21300.0,21350.0,21100.0,21100.0,21200.0,HSX_FOREIGN_API,HOSE_SYMBOL_LEVEL,VND,2026-08-25T01:39:52Z,ff_hsx_symbol_daily_v1,4809123db3e98f2ed8e8b55dbbc42cdeb3bed6ac8e802ad8b0b35f88ad87ec5d
2025-06-05,ACB,HOSE,1390215000.0,16904925000.0,-15514710000.0,66000.0,802000.0,-736000.0,0.0,0.0,0.0,0.0,21150.0,21200.0,21000.0,21000.0,21050.0,HSX_FOREIGN_API,HOSE_SYMBOL_LEVEL,VND,2026-08-25T01:39:52Z,ff_hsx_symbol_daily_v1,de19afab9d7da48b2f2b48f51988180a05d85faec6bd1e99a62243df759ef7ae
2025-06-06,ACB,HOSE,59334006450.0,50590465000.0,8743541450.0,2820949.0,2405300.0,415649.0,31323400000.0,31323400000.0,1490000.0,1490000.0,21050.0,21200.0,21000.0,21000.0,21050.0,HSX_FOREIGN_API,HOSE_SYMBOL_LEVEL,VND,2026-08-25T01:39:52Z,ff_hsx_symbol_daily_v1,a07f243f2027858b544b09f0b319828e1f069b5f00690a327062c9ec98e5bbe7
2025-06-09,ACB,HOSE,28742822450.0,28023975000.0,718847450.0,1371771.0,1337225.0,34546.0,0.0,0.0,0.0,0.0,21000.0,21050.0,20900.0,20950.0,20950.0,HSX_FOREIGN_API,HOSE_SYMBOL_LEVEL,VND,2026-08-25T01:39:52Z,ff_hsx_symbol_daily_v1,413b7b876fda673b9644bf1566fd1dd6f9b24cbab7d31b1a4d97ebb2b8bedce6
2025-06-10,ACB,HOSE,32836197500.0,25794049000.0,7042148500.0,1564975.0,1229309.0,335666.0,10491000000.0,10491000000.0,500000.0,500000.0,21050.0,21050.0,20900.0,20950.0,21000.0,HSX_FOREIGN_API,HOSE_SYMBOL_LEVEL,VND,2026-08-25T01:39:52Z,ff_hsx_symbol_daily_v1,71470a37d548d73e9d4df5c2477a7e105191c96aeea5c4bc776a7f11f623dc58
2025-06-11,ACB,HOSE,46036270200.0,42263407200.0,3772863000.0,2195626.0,2015993.0,179633.0,18541399200.0,18541399200.0,885200.0,885200.0,21000.0,21050.0,20900.0,20950.0,20950.0,HSX_FOREIGN_API,HOSE_SYMBOL_LEVEL,VND,2026-08-25T01:39:52Z,ff_hsx_symbol_daily_v1,04fc8a1d3af6d3c92ca56650707b41d66108fb2517b9c08895c81791165b13cc
2025-06-12,ACB,HOSE,23690210000.0,40522597000.0,-16832387000.0,1124800.0,1924710.0,-799910.0,0.0,0.0,0.0,0.0,21050.0,21150.0,20950.0,21050.0,21050.0,HSX_FOREIGN_API,HOSE_SYMBOL_LEVEL,VND,2026-08-25T01:39:52Z,ff_hsx_symbol_daily_v1,73a500c08784b505799dd5d88e6236ed043ff176fe2e1e18efd10cd0dbeef581
2025-06-13,ACB,HOSE,36415067800.0,19116335400.0,17298732400.0,1727969.0,907732.0,820237.0,8431200000.0,8431200000.0,400000.0,400000.0,21000.0,21350.0,20900.0,21050.0,21050.0,HSX_FOREIGN_API,HOSE_SYMBOL_LEVEL,VND,2026-08-25T01:39:52Z,ff_hsx_symbol_daily_v1,c6d0e9e93aae8e86ecb7dc1700078768b9c421bc852bc04b9815515431d74f8f
2025-06-16,ACB,HOSE,16126705000.0,21377690000.0,-5250985000.0,763100.0,1011300.0,-248200.0,0.0,0.0,0.0,0.0,21000.0,21300.0,20950.0,21300.0,21150.0,HSX_FOREIGN_API,HOSE_SYMBOL_LEVEL,VND,2026-08-25T01:39:52Z,ff_hsx_symbol_daily_v1,2bc05154b4188c669bc0356df4877a01d7bfaa44759516159481ae462383792b
2025-06-17,ACB,HOSE,97114540000.0,110965860000.0,-13851320000.0,4575520.0,5227900.0,-652380.0,89761170000.0,89761170000.0,4230000.0,4230000.0,21400.0,21450.0,21150.0,21200.0,21250.0,HSX_FOREIGN_API,HOSE_SYMBOL_LEVEL,VND,2026-08-25T01:39:52Z,ff_hsx_symbol_daily_v1,32920d0cd989ab0538a52366862339c9f75ca490d62b409d8ada6733e78ea0d6
2025-06-18,ACB,HOSE,15060276200.0,39803547450.0,-24743271250.0,709600.0,1874601.0,-1165001.0,10468266200.0,10468266200.0,493300.0,493300.0,21200.0,21350.0,21150.0,21300.0,21250.0,HSX_FOREIGN_API,HOSE_SYMBOL_LEVEL,VND,2026-08-25T01:39:52Z,ff_hsx_symbol_daily_v1,e713aec4b6170ec8f9a2d932fd11b5d0c30c34897498ac860d325e90f760e85a
2025-06-19,ACB,HOSE,14380931300.0,36119690000.0,-21738758700.0,676601.0,1701460.0,-1024859.0,0.0,0.0,0.0,0.0,21300.0,21350.0,21150.0,21300.0,21250.0,HSX_FOREIGN_API,HOSE_SYMBOL_LEVEL,VND,2026-08-25T01:39:52Z,ff_hsx_symbol_daily_v1,40678c00ed238de4b2eb6fd6aee7c6d6fd89db4593dff3efd4dad237f81fcb76
2025-06-20,ACB,HOSE,4188015000.0,22175830550.0,-17987815550.0,195100.0,1026681.0,-831581.0,0.0,0.0,0.0,0.0,21300.0,21750.0,21300.0,21450.0,21550.0,HSX_FOREIGN_API,HOSE_SYMBOL_LEVEL,VND,2026-08-25T01:39:52Z,ff_hsx_symbol_daily_v1,4d2108c3e039d104084f52f0ecf5a1b40302336c9ac60fd940278d2ef48194e9
2025-06-23,ACB,HOSE,25854145000.0,63141290000.0,-37287145000.0,1210600.0,2956400.0,-1745800.0,17549700000.0,17549700000.0,822000.0,822000.0,21400.0,21450.0,21250.0,21350.0,21350.0,HSX_FOREIGN_API,HOSE_SYMBOL_LEVEL,VND,2026-08-25T01:39:52Z,ff_hsx_symbol_daily_v1,27300503fce44da04df6c55495c311c3ffb4d28bd050fa4f32077a55fc48a56f
2025-06-24,ACB,HOSE,4925050000.0,35455280000.0,-30530230000.0,230000.0,1656200.0,-1426200.0,0.0,0.0,0.0,0.0,21450.0,21600.0,21300.0,21300.0,21400.0,HSX_FOREIGN_API,HOSE_SYMBOL_LEVEL,VND,2026-08-25T01:39:52Z,ff_hsx_symbol_daily_v1,2c78b42eeae086fb5be5e0be716a7340dfaa87659a1c781bd803caff4d41aee6
2025-06-25,ACB,HOSE,9242680000.0,48931954000.0,-39689274000.0,433300.0,2296830.0,-1863530.0,0.0,0.0,0.0,0.0,21350.0,21450.0,21250.0,21250.0,21300.0,HSX_FOREIGN_API,HOSE_SYMBOL_LEVEL,VND,2026-08-25T01:39:52Z,ff_hsx_symbol_daily_v1,c723ac5bd815c201b034a416a0fe7c8be0cae25cc308a6ef143e4fa42563124d
2025-06-26,ACB,HOSE,6598030000.0,53464826250.0,-46866796250.0,310700.0,2518281.0,-2207581.0,0.0,0.0,0.0,0.0,21300.0,21350.0,21150.0,21200.0,21250.0,HSX_FOREIGN_API,HOSE_SYMBOL_LEVEL,VND,2026-08-25T01:39:52Z,ff_hsx_symbol_daily_v1,ad1f242b1e76557527c91a499ae9012eef913c15ae0e947e07e9459ceaf08e4b
2025-06-27,ACB,HOSE,6414640000.0,21140275000.0,-14725635000.0,302200.0,997300.0,-695100.0,0.0,0.0,0.0,0.0,21300.0,21300.0,21150.0,21200.0,21200.0,HSX_FOREIGN_API,HOSE_SYMBOL_LEVEL,VND,2026-08-25T01:39:52Z,ff_hsx_symbol_daily_v1,da611f555a5840a77a79b8ae3e55d101d6e9ec6cfd29da920c0f54f575ee0a4d
2025-06-30,ACB,HOSE,10376786200.0,39676866200.0,-29300080000.0,489400.0,1870500.0,-1381100.0,3851191200.0,3851191200.0,181600.0,181600.0,21250.0,21300.0,21150.0,21300.0,21200.0,HSX_FOREIGN_API,HOSE_SYMBOL_LEVEL,VND,2026-08-25T01:39:52Z,ff_hsx_symbol_daily_v1,8614ee6947a83938bbe649bd525f9089925c9ba64fae65e46289c52f5e422018
2025-07-01,ACB,HOSE,33122645000.0,13226670000.0,19895975000.0,1554900.0,620900.0,934000.0,0.0,0.0,0.0,0.0,21300.0,21400.0,21250.0,21300.0,21300.0,HSX_FOREIGN_API,HOSE_SYMBOL_LEVEL,VND,2026-08-25T01:39:52Z,ff_hsx_symbol_daily_v1,6a0e9f2a983d6f0723c15c459a2222a88e1ca4ec7d3c38308fab6623fb9401c9
2025-07-02,ACB,HOSE,28222381500.0,31249867000.0,-3027485500.0,1323350.0,1464500.0,-141150.0,17958199000.0,10986517000.0,842500.0,515500.0,21300.0,21450.0,21250.0,21300.0,21350.0,HSX_FOREIGN_API,HOSE_SYMBOL_LEVEL,VND,2026-08-25T01:39:52Z,ff_hsx_symbol_daily_v1,960ca2c2131d75f18c920bfc05ba5b4fbcd33f0ecdd2ef1fd818203c9499e4b4
2025-07-03,ACB,HOSE,141003149850.0,107737450000.0,33265699850.0,6574213.0,5028300.0,1545913.0,23586700000.0,12874200000.0,1100000.0,600000.0,21350.0,21600.0,21300.0,21400.0,21450.0,HSX_FOREIGN_API,HOSE_SYMBOL_LEVEL,VND,2026-08-25T01:39:52Z,ff_hsx_symbol_daily_v1,3097973dac3a5d2dd0e93d596cb6da9db9f497f2682634c71dddcc800fef85d8
2025-07-04,ACB,HOSE,339597072350.0,66406655000.0,273190417350.0,15568823.0,3034500.0,12534323.0,15275000000.0,8780000000.0,700000.0,400000.0,21450.0,22200.0,21450.0,21850.0,21850.0,HSX_FOREIGN_API,HOSE_SYMBOL_LEVEL,VND,2026-08-25T01:39:52Z,ff_hsx_symbol_daily_v1,d85e8722d9da721f3aa75c800772b8479c8b3ca76d1c469b9ee4d0293d9ee038
2025-07-07,ACB,HOSE,94978977200.0,38531335200.0,56447642000.0,4278450.0,1733856.0,2544594.0,32096309700.0,32096309700.0,1441300.0,1441300.0,22050.0,22350.0,21900.0,22250.0,22200.0,HSX_FOREIGN_API,HOSE_SYMBOL_LEVEL,VND,2026-08-25T01:39:52Z,ff_hsx_symbol_daily_v1,230f1423691cf7a0d55d8b2d3ddd6bd1f4174d8ba908dc2505e8e533ebaf9029
2025-07-08,ACB,HOSE,38855563922.0,54492070600.0,-15636506678.0,1721005.0,2421900.0,-700895.0,32325745122.0,32326799350.0,1429149.0,1429195.0,22400.0,22400.0,22100.0,22250.0,22250.0,HSX_FOREIGN_API,HOSE_SYMBOL_LEVEL,VND,2026-08-25T01:39:52Z,ff_hsx_symbol_daily_v1,cf2edc9ad7f4ccadc8f6319344309dc6db3d684847fd54d71ebcb43653d693ff
2025-07-09,ACB,HOSE,66574183600.0,70270879050.0,-3696695450.0,2922656.0,3086975.0,-164319.0,59949832800.0,59949832800.0,2625600.0,2625600.0,22250.0,22500.0,22250.0,22450.0,22400.0,HSX_FOREIGN_API,HOSE_SYMBOL_LEVEL,VND,2026-08-25T01:39:52Z,ff_hsx_symbol_daily_v1,340c283a8c528654c0ea32361589d55c5d55d135160e77e1c12ec4c3c5f56ad3
2025-07-10,ACB,HOSE,6729653150.0,24792150000.0,-18062496850.0,297256.0,1101600.0,-804344.0,0.0,0.0,0.0,0.0,22650.0,22700.0,22400.0,22550.0,22550.0,HSX_FOREIGN_API,HOSE_SYMBOL_LEVEL,VND,2026-08-25T01:39:52Z,ff_hsx_symbol_daily_v1,e052b791ef13b770e827d8abedd6050f102ccd0823cd8b042866cb3b6e349a47
2025-07-11,ACB,HOSE,23635761050.0,11560881025.0,12074880025.0,1044351.0,510825.0,533526.0,1058046000.0,1058621025.0,46000.0,46025.0,22550.0,22750.0,22500.0,22700.0,22650.0,HSX_FOREIGN_API,HOSE_SYMBOL_LEVEL,VND,2026-08-25T01:39:52Z,ff_hsx_symbol_daily_v1,f1a16e142f22d7c77586194949271a42d2a6b599aad6a1b7cfc4a8ee7cd9e8f6
2025-07-14,ACB,HOSE,34406412700.0,32716962700.0,1689450000.0,1485644.0,1413510.0,72134.0,20039616700.0,20039616700.0,856500.0,856500.0,22750.0,22850.0,22350.0,22700.0,22650.0,HSX_FOREIGN_API,HOSE_SYMBOL_LEVEL,VND,2026-08-25T01:39:52Z,ff_hsx_symbol_daily_v1,c1d36c6f72368f567010bb8e6ec021b186dda63a4bb69c5ca746a7dd91a2b85f
2025-07-15,ACB,HOSE,50752345400.0,19802304600.0,30950040800.0,2208754.0,847700.0,1361054.0,19795489600.0,19795489600.0,847400.0,847400.0,22700.0,22800.0,22450.0,22450.0,22700.0,HSX_FOREIGN_API,HOSE_SYMBOL_LEVEL,VND,2026-08-25T01:39:52Z,ff_hsx_symbol_daily_v1,afc99697264de64ed926b0c82622ecbfddbc3f7e43416fa76bf0d3e859eb34ca
2025-07-16,ACB,HOSE,21024138600.0,21062203600.0,-38065000.0,909200.0,910900.0,-1700.0,21017403600.0,21017403600.0,908900.0,908900.0,22450.0,22550.0,22300.0,22450.0,22400.0,HSX_FOREIGN_API,HOSE_SYMBOL_LEVEL,VND,2026-08-25T01:39:52Z,ff_hsx_symbol_daily_v1,e68606a62b7f4412b69de5537e94034fbe30b6b7582ec46857029e3b8bd9d166
2025-07-17,ACB,HOSE,5365550.0,1506140000.0,-1500774450.0,239.0,67200.0,-66961.0,0.0,0.0,0.0,0.0,22450.0,22550.0,22400.0,22450.0,22450.0,HSX_FOREIGN_API,HOSE_SYMBOL_LEVEL,VND,2026-08-25T01:39:52Z,ff_hsx_symbol_daily_v1,3ffa110c4c7a119b244805efb901b7d5c63a5c5dceca10c92bdab559b4e1b5f8
2025-07-18,ACB,HOSE,23130750000.0,23124000000.0,6750000.0,1000300.0,1000000.0,300.0,23124000000.0,23124000000.0,1000000.0,1000000.0,22500.0,22750.0,22400.0,22650.0,22550.0,HSX_FOREIGN_API,HOSE_SYMBOL_LEVEL,VND,2026-08-25T01:39:52Z,ff_hsx_symbol_daily_v1,6fadecdb58132a99caf76b351220c8cb8811c2a847df16f9f6ce39c3f96a077b
2025-07-21,ACB,HOSE,64218104500.0,77926702220.0,-13708597720.0,2745400.0,3342140.0,-596740.0,64179399500.0,64180337220.0,2743700.0,2743740.0,22700.0,23100.0,22650.0,22850.0,22850.0,HSX_FOREIGN_API,HOSE_SYMBOL_LEVEL,VND,2026-08-25T01:39:52Z,ff_hsx_symbol_daily_v1,f209457616a3f15bacf9300a49f7d2c928fa613aeb6a50d302b1a74ad37ec792
2025-07-22,ACB,HOSE,21298056250.0,19733759200.0,1564297050.0,907061.0,838450.0,68611.0,19732582400.0,19733759200.0,838400.0,838450.0,22850.0,22900.0,22600.0,22900.0,22750.0,HSX_FOREIGN_API,HOSE_SYMBOL_LEVEL,VND,2026-08-25T01:39:52Z,ff_hsx_symbol_daily_v1,6834c1a5d14fee469732b3582cb6adddeb74014b4926610d18ed767574ca7ab0
2025-07-23,ACB,HOSE,11440840000.0,11578255000.0,-137415000.0,485050.0,491000.0,-5950.0,11439695000.0,11439695000.0,485000.0,485000.0,23050.0,23150.0,22900.0,23000.0,23000.0,HSX_FOREIGN_API,HOSE_SYMBOL_LEVEL,VND,2026-08-25T01:39:52Z,ff_hsx_symbol_daily_v1,55b22e1acb98aaf25f1ea9053b097cb4dca1fd0177e2261021a385a2827e6e10
2025-07-24,ACB,HOSE,26515132000.0,12628955000.0,13886177000.0,1129290.0,533100.0,596190.0,12614925000.0,12614925000.0,532500.0,532500.0,23150.0,23500.0,23100.0,23200.0,23300.0,HSX_FOREIGN_API,HOSE_SYMBOL_LEVEL,VND,2026-08-25T01:39:52Z,ff_hsx_symbol_daily_v1,4fb90834afa8f60c2bdb5dee39f107120d342346c9b84e8d2343f3edccd02c85
2025-07-25,ACB,HOSE,14070000.0,14130000.0,-60000.0,600.0,600.0,0.0,0.0,0.0,0.0,0.0,23450.0,23700.0,23450.0,23600.0,23550.0,HSX_FOREIGN_API,HOSE_SYMBOL_LEVEL,VND,2026-08-25T01:39:52Z,ff_hsx_symbol_daily_v1,4584286404956ef8385370ad8469894cb1de68d3818936d091a49bd67464951e
2025-07-28,ACB,HOSE,17365619000.0,18605544000.0,-1239925000.0,714550.0,767000.0,-52450.0,17210064000.0,17210064000.0,708000.0,708000.0,23700.0,23850.0,23500.0,23850.0,23700.0,HSX_FOREIGN_API,HOSE_SYMBOL_LEVEL,VND,2026-08-25T01:39:52Z,ff_hsx_symbol_daily_v1,4d75be2a1301454b78dd620b6830a69543fbd6bc69f813b5c6f416a30b05901d
2025-07-29,ACB,HOSE,165939184900.0,170022182400.0,-4082997500.0,6757950.0,6934000.0,-176050.0,165783292400.0,165783292400.0,6751400.0,6751400.0,23900.0,23950.0,22750.0,22750.0,23400.0,HSX_FOREIGN_API,HOSE_SYMBOL_LEVEL,VND,2026-08-25T01:39:52Z,ff_hsx_symbol_daily_v1,de4337bc81c7ffe86270005594206fa53589ffa4e675d303713c66d86a3f4986
2025-07-30,ACB,HOSE,41438789372.0,42657114372.0,-1218325000.0,1768584.0,1821484.0,-52900.0,41290914372.0,41290914372.0,1762084.0,1762084.0,22750.0,23100.0,22700.0,23000.0,22850.0,HSX_FOREIGN_API,HOSE_SYMBOL_LEVEL,VND,2026-08-25T01:39:52Z,ff_hsx_symbol_daily_v1,437eb6e13120d75cd163dcaff745b5f694d0e0faa1b54aefd9217fe48e0590f2
2025-07-31,ACB,HOSE,25371508000.0,24262121190.0,1109386810.0,1072200.0,1024551.0,47649.0,24002708000.0,24003916190.0,1013200.0,1013251.0,23200.0,23250.0,22700.0,23000.0,22900.0,HSX_FOREIGN_API,HOSE_SYMBOL_LEVEL,VND,2026-08-25T01:39:52Z,ff_hsx_symbol_daily_v1,18285a69f03320b02b31b73cc15e2bc576f4d0109d57c2ad04dc02c3427c47a6
2025-08-01,ACB,HOSE,28000223000.0,30925435000.0,-2925212000.0,1187401.0,1316600.0,-129199.0,23690000000.0,23690000000.0,1000000.0,1000000.0,23000.0,23050.0,22800.0,23000.0,22900.0,HSX_FOREIGN_API,HOSE_SYMBOL_LEVEL,VND,2026-08-25T01:39:52Z,ff_hsx_symbol_daily_v1,cae9c14157435c883ba2ad49d9647963ff29b2a8a35e8e620fbb990e94b83957
2025-08-04,ACB,HOSE,34258155000.0,28813852000.0,5444303000.0,1453101.0,1216400.0,236701.0,28731232000.0,28731232000.0,1212800.0,1212800.0,23000.0,23300.0,22800.0,23300.0,23050.0,HSX_FOREIGN_API,HOSE_SYMBOL_LEVEL,VND,2026-08-25T01:39:52Z,ff_hsx_symbol_daily_v1,df2ba856894f05b1eaf62d84e5356090f505beffd368c3e4e4f670b6a0f5b707
2025-08-05,ACB,HOSE,61732428000.0,61655893000.0,76535000.0,2547600.0,2544400.0,3200.0,61646208000.0,61646208000.0,2544000.0,2544000.0,23500.0,24500.0,23300.0,23450.0,23850.0,HSX_FOREIGN_API,HOSE_SYMBOL_LEVEL,VND,2026-08-25T01:39:52Z,ff_hsx_symbol_daily_v1,4d4e74e51342b3cd10f071db9e3fdf5dcb20ab5db916852146ddb84f2717a493
2025-08-06,ACB,HOSE,11105829100.0,8054042200.0,3051786900.0,456499.0,330300.0,126199.0,7972437200.0,7972437200.0,326900.0,326900.0,23700.0,24400.0,23700.0,24200.0,24050.0,HSX_FOREIGN_API,HOSE_SYMBOL_LEVEL,VND,2026-08-25T01:39:52Z,ff_hsx_symbol_daily_v1,7927002beb5924734df5558677d9915ebb48dfd847f2e4f778c287326e6a984b
2025-08-07,ACB,HOSE,14308494400.0,16878045400.0,-2569551000.0,566700.0,672420.0,-105720.0,14225534400.0,14225534400.0,563300.0,563300.0,24400.0,24650.0,24100.0,24400.0,24350.0,HSX_FOREIGN_API,HOSE_SYMBOL_LEVEL,VND,2026-08-25T01:39:52Z,ff_hsx_symbol_daily_v1,ab5ac27920a633f56efca4a570db22345c2439687c4afd05abf7449f35bef7ab
2025-08-08,ACB,HOSE,1504356000.0,2119881000.0,-615525000.0,59400.0,84700.0,-25300.0,1421056000.0,1421056000.0,56000.0,56000.0,24500.0,24800.0,24000.0,24250.0,24400.0,HSX_FOREIGN_API,HOSE_SYMBOL_LEVEL,VND,2026-08-25T01:39:52Z,ff_hsx_symbol_daily_v1,86060c0b78ac34ae9d850830794b43b9b1c2eb107742ec753ff5f2e92d5cca8f
2025-08-11,ACB,HOSE,82620000.0,2430000.0,80190000.0,3400.0,100.0,3300.0,0.0,0.0,0.0,0.0,24300.0,24700.0,24250.0,24400.0,24450.0,HSX_FOREIGN_API,HOSE_SYMBOL_LEVEL,VND,2026-08-25T01:39:52Z,ff_hsx_symbol_daily_v1,ece3dbf894f55ac1624a3636d2f8ff157c704f52a18a25055e2a65b6d1163926
2025-08-12,ACB,HOSE,3198269200.0,605681200.0,2592588000.0,129920.0,24100.0,105820.0,605681200.0,605681200.0,24100.0,24100.0,24500.0,24550.0,24100.0,24250.0,24300.0,HSX_FOREIGN_API,HOSE_SYMBOL_LEVEL,VND,2026-08-25T01:39:52Z,ff_hsx_symbol_daily_v1,b4a28b254eecef8b5e24353c46fa566efa5c664c23990b976083ea9a77120685
2025-08-13,ACB,HOSE,40146424126.0,39630849126.0,515575000.0,1598067.0,1577067.0,21000.0,39526574126.0,39526574126.0,1572767.0,1572767.0,24400.0,24650.0,24150.0,24500.0,24400.0,HSX_FOREIGN_API,HOSE_SYMBOL_LEVEL,VND,2026-08-25T01:39:52Z,ff_hsx_symbol_daily_v1,292127fc23fe40645b3b98a5db3ea8911fa17885c1f875ebc2127bedcdbd8a09
2025-08-14,ACB,HOSE,106425000.0,37204000.0,69221000.0,4300.0,1420.0,2880.0,0.0,0.0,0.0,0.0,24750.0,26200.0,24700.0,26200.0,25750.0,HSX_FOREIGN_API,HOSE_SYMBOL_LEVEL,VND,2026-08-25T01:39:52Z,ff_hsx_symbol_daily_v1,ee3ebda47713215bbf0fe245989b594cc6a974d8394937fbbcea0ae2600e71db
2025-08-15,ACB,HOSE,2569559200.0,5724639200.0,-3155080000.0,94300.0,212400.0,-118100.0,2531339200.0,2531339200.0,92900.0,92900.0,27300.0,27600.0,26350.0,26550.0,26900.0,HSX_FOREIGN_API,HOSE_SYMBOL_LEVEL,VND,2026-08-25T01:39:52Z,ff_hsx_symbol_daily_v1,38f1284c4815da4fcc98b97f489ddbf1e7e057d7395030c223bdba7d8e076fa2
2025-08-18,ACB,HOSE,14813719600.0,14776329500.0,37390100.0,537720.0,536325.0,1395.0,14775667600.0,14775667600.0,536300.0,536300.0,26800.0,27500.0,26350.0,27050.0,26950.0,HSX_FOREIGN_API,HOSE_SYMBOL_LEVEL,VND,2026-08-25T01:39:52Z,ff_hsx_symbol_daily_v1,06f8f07c7d51f336ca856033c3e405394e23b19d170700718c4a8471e585a50c
2025-08-19,ACB,HOSE,8949329950.0,9343043700.0,-393713750.0,311445.0,325320.0,-13875.0,8948653700.0,8948653700.0,311420.0,311420.0,27050.0,28700.0,27000.0,28450.0,28050.0,HSX_FOREIGN_API,HOSE_SYMBOL_LEVEL,VND,2026-08-25T01:39:52Z,ff_hsx_symbol_daily_v1,496de526149ce55ae1ff11c1c55b82cbc28774998977b4cc2f7a711cadc01cfc
2025-08-20,ACB,HOSE,97505466500.0,94229454000.0,3276012500.0,3331625.0,3215700.0,115925.0,94168404000.0,94168404000.0,3213500.0,3213500.0,28500.0,28500.0,26900.0,28000.0,27750.0,HSX_FOREIGN_API,HOSE_SYMBOL_LEVEL,VND,2026-08-25T01:39:52Z,ff_hsx_symbol_daily_v1,ae858c7f386c3c7e1122bc24e8628f07c2bf9707d8ce48df7b08a44600093456
2025-08-21,ACB,HOSE,62260000.0,483638250.0,-421378250.0,2200.0,16605.0,-14405.0,0.0,0.0,0.0,0.0,28300.0,29500.0,28000.0,29450.0,28700.0,HSX_FOREIGN_API,HOSE_SYMBOL_LEVEL,VND,2026-08-25T01:39:52Z,ff_hsx_symbol_daily_v1,16a80c5f709449a04a3d7476512507ee14b27c18325b10bb090bde7b6a1bcf13
2025-08-22,ACB,HOSE,57740270523.0,79921905273.0,-22181634750.0,1911656.0,2696461.0,-784805.0,57274061773.0,57274061773.0,1895581.0,1895581.0,29000.0,29400.0,27650.0,27850.0,28450.0,HSX_FOREIGN_API,HOSE_SYMBOL_LEVEL,VND,2026-08-25T01:39:52Z,ff_hsx_symbol_daily_v1,c2baab95ab60c657266bc4d1decfb068b7b287710b80e735996abc270cc7af47
2025-08-25,ACB,HOSE,9549052500.0,9254440000.0,294612500.0,342673.0,332400.0,10273.0,9095810000.0,9095810000.0,326600.0,326600.0,28200.0,28400.0,25950.0,26200.0,26900.0,HSX_FOREIGN_API,HOSE_SYMBOL_LEVEL,VND,2026-08-25T01:39:52Z,ff_hsx_symbol_daily_v1,15034bc5c848026afd29234e31b6c5ca5ecbd53f4b59c4af8b84a12d8682e957
2025-08-26,ACB,HOSE,18921393100.0,20410339000.0,-1488945900.0,701707.0,755200.0,-53493.0,18390959000.0,18390959000.0,681500.0,681500.0,26250.0,27400.0,26100.0,27350.0,26700.0,HSX_FOREIGN_API,HOSE_SYMBOL_LEVEL,VND,2026-08-25T01:39:52Z,ff_hsx_symbol_daily_v1,7a1e66af3f4cc88a9eb4c61a26b040f111fdc6bbef2c1c93f08bd0fb4f9145aa
2025-08-27,ACB,HOSE,70871398100.0,66243073700.0,4628324400.0,2523612.0,2356200.0,167412.0,48394368700.0,48394368700.0,1719700.0,1719700.0,27800.0,28600.0,27550.0,27650.0,27900.0,HSX_FOREIGN_API,HOSE_SYMBOL_LEVEL,VND,2026-08-25T01:39:52Z,ff_hsx_symbol_daily_v1,9e1c5343f2a773addc4586c6d054d18b318f19035ee4bed9a19507ab79c5212c
2025-08-28,ACB,HOSE,52719095000.0,35101600000.0,17617495000.0,1865300.0,1232500.0,632800.0,35101600000.0,35101600000.0,1232500.0,1232500.0,27800.0,28150.0,27100.0,27550.0,27600.0,HSX_FOREIGN_API,HOSE_SYMBOL_LEVEL,VND,2026-08-25T01:39:52Z,ff_hsx_symbol_daily_v1,383ffd261b0cc479af15f7d286cfd18378cbfc85d0a37c33f777f991e9a7469c
2025-08-29,ACB,HOSE,64708176250.0,63090584100.0,1617592150.0,2281593.0,2223300.0,58293.0,63090584100.0,63090584100.0,2223300.0,2223300.0,27750.0,28400.0,27500.0,27800.0,28050.0,HSX_FOREIGN_API,HOSE_SYMBOL_LEVEL,VND,2026-08-25T01:39:52Z,ff_hsx_symbol_daily_v1,24c269f97432b33233a2a4d1e94ab9d586f2480ee4a5e84917e5a5dc05709c1a
2025-09-03,ACB,HOSE,45631142400.0,46196673100.0,-565530700.0,1593600.0,1614186.0,-20586.0,45631142400.0,45631142400.0,1593600.0,1593600.0,27700.0,27750.0,27200.0,27500.0,27450.0,HSX_FOREIGN_API,HOSE_SYMBOL_LEVEL,VND,2026-08-25T01:39:52Z,ff_hsx_symbol_daily_v1,fb6e5006423f5637299610613e35582bc8a7ad13cfb8f4a8d5c5535fc03e10c7
2025-09-04,ACB,HOSE,26274435000.0,62443318950.0,-36168883950.0,936700.0,2248729.0,-1312029.0,26274435000.0,26274435000.0,936700.0,936700.0,27600.0,27750.0,27400.0,27650.0,27550.0,HSX_FOREIGN_API,HOSE_SYMBOL_LEVEL,VND,2026-08-25T01:39:52Z,ff_hsx_symbol_daily_v1,53f192fc2c583a514b6bd2f41c3b1be5fc24f97b098e6c41acf634f09529ed73
2025-09-05,ACB,HOSE,57796407900.0,105467402900.0,-47670995000.0,2049300.0,3771500.0,-1722200.0,57796407900.0,57796407900.0,2049300.0,2049300.0,27950.0,28050.0,27150.0,27150.0,27600.0,HSX_FOREIGN_API,HOSE_SYMBOL_LEVEL,VND,2026-08-25T01:39:52Z,ff_hsx_symbol_daily_v1,45b514746eff13193fb8084ff0616bab16a07c957ddd06171ef34eb304d13f20
2025-09-08,ACB,HOSE,75196770300.0,78522248900.0,-3325478600.0,2715886.0,2841120.0,-125234.0,74640942900.0,74640942900.0,2695300.0,2695300.0,27000.0,27600.0,26550.0,26550.0,26800.0,HSX_FOREIGN_API,HOSE_SYMBOL_LEVEL,VND,2026-08-25T01:39:52Z,ff_hsx_symbol_daily_v1,9ec242cf74948cba3ad5ab15f3b65d3166b39539358478f48fe5f25e3063af13
2025-09-09,ACB,HOSE,35653431650.0,3510873800.0,32142557850.0,1331615.0,132243.0,1199372.0,0.0,0.0,0.0,0.0,26950.0,26950.0,26450.0,26550.0,26600.0,HSX_FOREIGN_API,HOSE_SYMBOL_LEVEL,VND,2026-08-25T01:39:52Z,ff_hsx_symbol_daily_v1,1157c48cc067e4f55dcf6f6e4b0ea93668965438cfb8c0612de57f427cbbc4ac
2025-09-10,ACB,HOSE,10807135750.0,70292975000.0,-59485839250.0,405660.0,2648900.0,-2243240.0,0.0,0.0,0.0,0.0,26700.0,26850.0,26450.0,26550.0,26600.0,HSX_FOREIGN_API,HOSE_SYMBOL_LEVEL,VND,2026-08-25T01:39:52Z,ff_hsx_symbol_daily_v1,33f56d786353473653b22fb0dd8660880ae5ceb0c0df0eb93f6e1aca05b31f34
2025-09-11,ACB,HOSE,19533171050.0,49224257500.0,-29691086450.0,747833.0,1889550.0,-1141717.0,0.0,0.0,0.0,0.0,26500.0,26550.0,25800.0,26200.0,26100.0,HSX_FOREIGN_API,HOSE_SYMBOL_LEVEL,VND,2026-08-25T01:39:52Z,ff_hsx_symbol_daily_v1,3d5dfcff298a7dbc081bcb58de1acbc7c15f04129dd6e3d46aba63fb08193396
2025-09-12,ACB,HOSE,54694785000.0,49640465500.0,5054319500.0,2065500.0,1872710.0,192790.0,18089025000.0,18089025000.0,679400.0,679400.0,26550.0,26650.0,26200.0,26300.0,26400.0,HSX_FOREIGN_API,HOSE_SYMBOL_LEVEL,VND,2026-08-25T01:39:52Z,ff_hsx_symbol_daily_v1,3a7cb4e33c68dd029cb591dad06d42926cd039c9630c83321eb49f86a6fb0a1a
2025-09-15,ACB,HOSE,162878801950.0,99039507200.0,63839294750.0,6196633.0,3768900.0,2427733.0,78717507200.0,78717507200.0,2996400.0,2996400.0,26300.0,26650.0,26100.0,26400.0,26300.0,HSX_FOREIGN_API,HOSE_SYMBOL_LEVEL,VND,2026-08-25T01:39:52Z,ff_hsx_symbol_daily_v1,db883561525961a7354a40791d5515672800cebf164a61c71344bd14a0672416
2025-09-16,ACB,HOSE,81720155950.0,9790336000.0,71929819950.0,3094111.0,371704.0,2722407.0,9217600000.0,9217600000.0,350000.0,350000.0,26600.0,26600.0,26200.0,26400.0,26400.0,HSX_FOREIGN_API,HOSE_SYMBOL_LEVEL,VND,2026-08-25T01:39:52Z,ff_hsx_symbol_daily_v1,5e6b541024748549417b1f609682960a83085d202a00f173a42db2390f10cf90
2025-09-17,ACB,HOSE,51809320600.0,74015180000.0,-22205859400.0,1963004.0,2810300.0,-847296.0,51209935000.0,51209935000.0,1940300.0,1940300.0,26400.0,26450.0,26050.0,26150.0,26250.0,HSX_FOREIGN_API,HOSE_SYMBOL_LEVEL,VND,2026-08-25T01:39:52Z,ff_hsx_symbol_daily_v1,6fc7519b9f89ef5004408b368198a888f09b7a412e3b4b87edb82082ec9efb92
2025-09-18,ACB,HOSE,26992160200.0,59374720200.0,-32382560000.0,1047100.0,2297500.0,-1250400.0,26397420200.0,26397420200.0,1024400.0,1024400.0,26200.0,26200.0,25550.0,25550.0,25800.0,HSX_FOREIGN_API,HOSE_SYMBOL_LEVEL,VND,2026-08-25T01:39:52Z,ff_hsx_symbol_daily_v1,faa7666d46f73fb53edd9a5c4295cf8f9016f1f0b40a0b76ffc34476dd410ae7
2025-09-19,ACB,HOSE,81486045800.0,106559608200.0,-25073562400.0,3203004.0,4186900.0,-983896.0,80902553200.0,80902553200.0,3180300.0,3180300.0,25800.0,25800.0,25300.0,25350.0,25450.0,HSX_FOREIGN_API,HOSE_SYMBOL_LEVEL,VND,2026-08-25T01:39:52Z,ff_hsx_symbol_daily_v1,8feade88d9419e247b0f5c530c154fb7374b383afbb69be90ed9f627c8bb2fd2
2025-09-22,ACB,HOSE,21549208350.0,5247240000.0,16301968350.0,853931.0,207300.0,646631.0,0.0,0.0,0.0,0.0,25450.0,25450.0,25050.0,25150.0,25250.0,HSX_FOREIGN_API,HOSE_SYMBOL_LEVEL,VND,2026-08-25T01:39:52Z,ff_hsx_symbol_daily_v1,e6152b383d38056dfb27394cdfd0ad9227238eac83bee7c222882e6ffa7e09cd
2025-09-23,ACB,HOSE,23936600000.0,3831110000.0,20105490000.0,942000.0,150000.0,792000.0,1783110000.0,1783110000.0,70000.0,70000.0,25150.0,25700.0,25150.0,25350.0,25450.0,HSX_FOREIGN_API,HOSE_SYMBOL_LEVEL,VND,2026-08-25T01:39:52Z,ff_hsx_symbol_daily_v1,8625967f5047ba5187575e51b522a3f9a61043845a7119e97dc08a7f7a78f01d
2025-09-24,ACB,HOSE,39905050000.0,18230655000.0,21674395000.0,1559400.0,711100.0,848300.0,10582920000.0,10582920000.0,412000.0,412000.0,25500.0,26000.0,25250.0,26000.0,25600.0,HSX_FOREIGN_API,HOSE_SYMBOL_LEVEL,VND,2026-08-25T01:39:52Z,ff_hsx_symbol_daily_v1,38d36fc0ecfd70711f8e847afa4a44e73384ee7d0a9c52b211aeaf5de9037817
2025-09-25,ACB,HOSE,7661402950.0,40217255000.0,-32555852050.0,296865.0,1553100.0,-1256235.0,0.0,0.0,0.0,0.0,26150.0,26150.0,25650.0,25650.0,25850.0,HSX_FOREIGN_API,HOSE_SYMBOL_LEVEL,VND,2026-08-25T01:39:52Z,ff_hsx_symbol_daily_v1,7e7ac8e0dd4a01654524e156ae87756b4c6a45d5d730f2174ea3b649ad1867bd
2025-09-26,ACB,HOSE,697460000.0,31655364400.0,-30957904400.0,27300.0,1238424.0,-1211124.0,0.0,0.0,0.0,0.0,25650.0,25750.0,25450.0,25650.0,25600.0,HSX_FOREIGN_API,HOSE_SYMBOL_LEVEL,VND,2026-08-25T01:39:52Z,ff_hsx_symbol_daily_v1,2435db0101c11348f66dc8572ce8219bc2c41be244e1f4d0e079dcaa9c07bd72
2025-09-29,ACB,HOSE,20670221350.0,7589025000.0,13081196350.0,808364.0,298100.0,510264.0,0.0,0.0,0.0,0.0,25550.0,25800.0,25350.0,25600.0,25550.0,HSX_FOREIGN_API,HOSE_SYMBOL_LEVEL,VND,2026-08-25T01:39:52Z,ff_hsx_symbol_daily_v1,3328e1c4950364ab8b0a86c58fdf4103e43acf0375345fe4d0a524f62183cf32
2025-09-30,ACB,HOSE,77804923650.0,45584895900.0,32220027750.0,3034335.0,1782300.0,1252035.0,37611130900.0,37611130900.0,1470000.0,1470000.0,25750.0,25800.0,25450.0,25500.0,25600.0,HSX_FOREIGN_API,HOSE_SYMBOL_LEVEL,VND,2026-08-25T01:39:52Z,ff_hsx_symbol_daily_v1,06768c5d9efff6bf0f9f2462eb2091560dfb3ad4fabe6673529c622f9a528ccc
2025-10-01,ACB,HOSE,48085505900.0,91209840000.0,-43124334100.0,1870400.0,3542400.0,-1672000.0,12281400000.0,12281400000.0,478800.0,478800.0,25700.0,25950.0,25550.0,25800.0,25750.0,HSX_FOREIGN_API,HOSE_SYMBOL_LEVEL,VND,2026-08-25T01:39:52Z,ff_hsx_symbol_daily_v1,a42a1190a20714f03633e0d0a1988555bbe2edbdad85416f47807a6e687e6d7c
2025-10-02,ACB,HOSE,62553360200.0,71172905200.0,-8619545000.0,2407800.0,2743700.0,-335900.0,39540220200.0,39540220200.0,1522300.0,1522300.0,25900.0,26200.0,25700.0,25750.0,25950.0,HSX_FOREIGN_API,HOSE_SYMBOL_LEVEL,VND,2026-08-25T01:39:52Z,ff_hsx_symbol_daily_v1,65ff639cc69feedbe904b2eb3cd1f070229f5ea2b4d5efe5f586f0eef85a9141
2025-10-03,ACB,HOSE,18297526700.0,93576529200.0,-75279002500.0,711925.0,3643200.0,-2931275.0,10394859200.0,10394859200.0,404800.0,404800.0,25750.0,25850.0,25500.0,25650.0,25700.0,HSX_FOREIGN_API,HOSE_SYMBOL_LEVEL,VND,2026-08-25T01:39:52Z,ff_hsx_symbol_daily_v1,50e42cec263c71afbfc29c89b4964d91f45e229b666a89993c2ec7412b55e9a1
2025-10-06,ACB,HOSE,83914082500.0,37786145000.0,46127937500.0,3194525.0,1434100.0,1760425.0,0.0,0.0,0.0,0.0,26150.0,26800.0,25900.0,26800.0,26350.0,HSX_FOREIGN_API,HOSE_SYMBOL_LEVEL,VND,2026-08-25T01:39:52Z,ff_hsx_symbol_daily_v1,172ee6b0f808cbbc03edf6b73f7335b5887584787b0f591dc9d3b874804f6ed6
2025-10-07,ACB,HOSE,52905860000.0,20649479500.0,32256380500.0,1978700.0,774600.0,1204100.0,5323200000.0,5323200000.0,200000.0,200000.0,26900.0,26900.0,26450.0,26450.0,26650.0,HSX_FOREIGN_API,HOSE_SYMBOL_LEVEL,VND,2026-08-25T01:39:52Z,ff_hsx_symbol_daily_v1,e942c2adb28ba2dd6834b7a2bcb0d09d9d05341a426c276eca5dc7d2c1a6992d
2025-10-08,ACB,HOSE,90722934250.0,19871775000.0,70851159250.0,3396251.0,743800.0,2652451.0,0.0,0.0,0.0,0.0,26650.0,26850.0,26600.0,26750.0,26700.0,HSX_FOREIGN_API,HOSE_SYMBOL_LEVEL,VND,2026-08-25T01:39:52Z,ff_hsx_symbol_daily_v1,4caa7560608be9b161b16b44e4f3066ee5ebad24941c5ef5f06d8f08abb14fa2
2025-10-09,ACB,HOSE,88539500000.0,113150740000.0,-24611240000.0,3304000.0,4222700.0,-918700.0,65691000000.0,65691000000.0,2450000.0,2450000.0,26800.0,26950.0,26600.0,26950.0,26800.0,HSX_FOREIGN_API,HOSE_SYMBOL_LEVEL,VND,2026-08-25T01:39:52Z,ff_hsx_symbol_daily_v1,21978f6e966aa5a6c106ce21937ff73601d658894424edb7c5c56e939b730946
2025-10-10,ACB,HOSE,71321280200.0,94308551000.0,-22987270800.0,2643924.0,3493200.0,-849276.0,48257556000.0,48257556000.0,1790500.0,1790500.0,27050.0,27200.0,26800.0,26950.0,27050.0,HSX_FOREIGN_API,HOSE_SYMBOL_LEVEL,VND,2026-08-25T01:39:52Z,ff_hsx_symbol_daily_v1,863858aef8b558b043e8691cc929b2f9f6cc5ab198e142dd9bc481965ef8f46d
2025-10-13,ACB,HOSE,63804409600.0,116649231500.0,-52844821900.0,2403124.0,4395830.0,-1992706.0,41170850000.0,41170850000.0,1550000.0,1550000.0,26550.0,26800.0,26400.0,26750.0,26550.0,HSX_FOREIGN_API,HOSE_SYMBOL_LEVEL,VND,2026-08-25T01:39:52Z,ff_hsx_symbol_daily_v1,aa293a12f3a1fe35dab576b6b6cd2115c99f3a0e455188511a4cdbff37b2bab4
2025-10-14,ACB,HOSE,45469241850.0,83737653500.0,-38268411650.0,1702017.0,3165170.0,-1463153.0,0.0,0.0,0.0,0.0,26750.0,26950.0,26250.0,26300.0,26550.0,HSX_FOREIGN_API,HOSE_SYMBOL_LEVEL,VND,2026-08-25T01:39:52Z,ff_hsx_symbol_daily_v1,41821574d8710892cfeb3d1eb63f9d96396b7c62d8b13899102b1d235a91ce2a
2025-10-15,ACB,HOSE,40262186600.0,91228648750.0,-50966462150.0,1526201.0,3466155.0,-1939954.0,0.0,0.0,0.0,0.0,26400.0,26650.0,26150.0,26300.0,26350.0,HSX_FOREIGN_API,HOSE_SYMBOL_LEVEL,VND,2026-08-25T01:39:52Z,ff_hsx_symbol_daily_v1,df5d4b58f087fe2a6fb0f13547ebf45596444b6f65daba4769d14ea5ed0b484f
2025-10-16,ACB,HOSE,85816210500.0,21557890000.0,64258320500.0,3258449.0,819900.0,2438549.0,0.0,0.0,0.0,0.0,26400.0,26550.0,26150.0,26300.0,26300.0,HSX_FOREIGN_API,HOSE_SYMBOL_LEVEL,VND,2026-08-25T01:39:52Z,ff_hsx_symbol_daily_v1,5dd741797eeab80ea8891292db414582f096a15d1992e2cb00715b7eae250d0e
2025-10-17,ACB,HOSE,7639180000.0,51271510000.0,-43632330000.0,291900.0,1961400.0,-1669500.0,0.0,0.0,0.0,0.0,26300.0,26400.0,25750.0,25750.0,26050.0,HSX_FOREIGN_API,HOSE_SYMBOL_LEVEL,VND,2026-08-25T01:39:52Z,ff_hsx_symbol_daily_v1,c414b13076f017f8201b6241509d9dcf8ca332497dd1e93dc45c97fc8c426322
2025-10-20,ACB,HOSE,34990318500.0,34922285700.0,68032800.0,1371490.0,1378700.0,-7210.0,21923976500.0,16021630700.0,859400.0,635300.0,25600.0,25650.0,24600.0,24800.0,25300.0,HSX_FOREIGN_API,HOSE_SYMBOL_LEVEL,VND,2026-08-25T01:39:52Z,ff_hsx_symbol_daily_v1,67fbac01b5ee82ad52b2c07062ef6f09806225b91f0364fa5a80963f828a6dfa
2025-10-21,ACB,HOSE,149176125200.0,45327301600.0,103848823600.0,5955001.0,1807392.0,4147609.0,7544400000.0,7544400000.0,300500.0,300500.0,24850.0,25300.0,24850.0,25000.0,25050.0,HSX_FOREIGN_API,HOSE_SYMBOL_LEVEL,VND,2026-08-25T01:39:52Z,ff_hsx_symbol_daily_v1,3f54bfcf5d914bf1458e636717c479b87bff7b4369974a835e20ba4df20567f0
2025-10-22,ACB,HOSE,52853450000.0,69430505000.0,-16577055000.0,2114000.0,2787300.0,-673300.0,0.0,0.0,0.0,0.0,25200.0,25300.0,24650.0,25100.0,24950.0,HSX_FOREIGN_API,HOSE_SYMBOL_LEVEL,VND,2026-08-25T01:39:52Z,ff_hsx_symbol_daily_v1,ccc2edf162e21926f8d736058f4000092f6b2ac54eb7b785a97a9380df89a43d
2025-10-23,ACB,HOSE,46020473000.0,95203370100.0,-49182897100.0,1836130.0,3799601.0,-1963471.0,31326250000.0,31326250000.0,1250000.0,1250000.0,25100.0,25200.0,24950.0,24950.0,25050.0,HSX_FOREIGN_API,HOSE_SYMBOL_LEVEL,VND,2026-08-25T01:39:52Z,ff_hsx_symbol_daily_v1,b54bf17c5ba87458fd97e1a10eb7f4bc5c1bfca40c8f48e28e870df1a6acf7e0
2025-10-24,ACB,HOSE,213086287750.0,138753075000.0,74333212750.0,8525365.0,5545800.0,2979565.0,137612500000.0,137612500000.0,5500000.0,5500000.0,24950.0,25300.0,24800.0,25000.0,25000.0,HSX_FOREIGN_API,HOSE_SYMBOL_LEVEL,VND,2026-08-25T01:39:52Z,ff_hsx_symbol_daily_v1,58634836d38781f79b7738e1121555e80e32c0056d8d8cc80b5539b3b8c588c4
2025-10-27,ACB,HOSE,32986742000.0,9114555000.0,23872187000.0,1309700.0,361800.0,947900.0,7553100000.0,7553100000.0,300000.0,300000.0,25300.0,25550.0,24950.0,25000.0,25200.0,HSX_FOREIGN_API,HOSE_SYMBOL_LEVEL,VND,2026-08-25T01:39:52Z,ff_hsx_symbol_daily_v1,c4882a95c1b5d02ed2fd097fdbd565b070b09f82f8af64570930a47e181775e9
2025-10-28,ACB,HOSE,42633915000.0,6178522000.0,36455393000.0,1694100.0,245485.0,1448615.0,0.0,0.0,0.0,0.0,25100.0,25400.0,25050.0,25400.0,25200.0,HSX_FOREIGN_API,HOSE_SYMBOL_LEVEL,VND,2026-08-25T01:39:52Z,ff_hsx_symbol_daily_v1,0484fa9d068341799f8ba3dd93bfa89621cc2fb3b219c0fe47cc6029b1d2b988
2025-10-29,ACB,HOSE,12584080000.0,784295215000.0,-771711135000.0,495200.0,31138100.0,-30642900.0,6359000000.0,761759000000.0,250000.0,30250000.0,25400.0,25550.0,25300.0,25400.0,25400.0,HSX_FOREIGN_API,HOSE_SYMBOL_LEVEL,VND,2026-08-25T01:39:52Z,ff_hsx_symbol_daily_v1,12c216af20850a1e28282bd8f6176feb26ce64b021d16a2656f05f14ca7bec92
2025-10-30,ACB,HOSE,2018957500.0,77532014000.0,-75513056500.0,80450.0,3076453.0,-2996003.0,0.0,0.0,0.0,0.0,25500.0,25700.0,25000.0,25100.0,25200.0,HSX_FOREIGN_API,HOSE_SYMBOL_LEVEL,VND,2026-08-25T01:39:52Z,ff_hsx_symbol_daily_v1,50b6e112843cb21c03d77f7be4de8d499462b58e0b1f614a86fd8f1dd82792d0
2025-10-31,ACB,HOSE,6328395000.0,55192220000.0,-48863825000.0,251400.0,2193100.0,-1941700.0,0.0,0.0,0.0,0.0,25300.0,25500.0,25050.0,25500.0,25250.0,HSX_FOREIGN_API,HOSE_SYMBOL_LEVEL,VND,2026-08-25T01:39:52Z,ff_hsx_symbol_daily_v1,0689f5b343a0ca083f99cfa8e0b7bbbb15284f9172a0e75159f86cc003e0342c
2025-11-03,ACB,HOSE,135184683300.0,17393814000.0,117790869300.0,5274376.0,679640.0,4594736.0,0.0,0.0,0.0,0.0,25400.0,25900.0,25300.0,25450.0,25650.0,HSX_FOREIGN_API,HOSE_SYMBOL_LEVEL,VND,2026-08-25T01:39:52Z,ff_hsx_symbol_daily_v1,c6cf7fa2259b1beb34b6a5b9fa4511876b4631c9c2e8ec763a9ac434269f0bc5
2025-11-04,ACB,HOSE,170787919500.0,38975387500.0,131812532000.0,6645299.0,1510450.0,5134849.0,0.0,0.0,0.0,0.0,25450.0,26100.0,25400.0,26000.0,25700.0,HSX_FOREIGN_API,HOSE_SYMBOL_LEVEL,VND,2026-08-25T01:39:52Z,ff_hsx_symbol_daily_v1,50ecae77336db005a23779415b873be579120e0347cf36dcac8212f7e6ee5275
2025-11-05,ACB,HOSE,101557532400.0,121674034900.0,-20116502500.0,3953200.0,4736050.0,-782850.0,87129702400.0,87129702400.0,3392000.0,3392000.0,25800.0,25900.0,25550.0,25600.0,25700.0,HSX_FOREIGN_API,HOSE_SYMBOL_LEVEL,VND,2026-08-25T01:39:52Z,ff_hsx_symbol_daily_v1,239132329e4e8efbee36107eb7b25be343609ab6cbf18c4a85f8a0c08ec34365
2025-11-06,ACB,HOSE,20953217500.0,59497070000.0,-38543852500.0,821450.0,2339400.0,-1517950.0,0.0,0.0,0.0,0.0,25550.0,25700.0,25300.0,25300.0,25450.0,HSX_FOREIGN_API,HOSE_SYMBOL_LEVEL,VND,2026-08-25T01:39:52Z,ff_hsx_symbol_daily_v1,23dea8b8ec7d974165b613b14ec2da884bbff854990c3d80019d57a3fdccc704
2025-11-07,ACB,HOSE,100250940000.0,146204885000.0,-45953945000.0,3995800.0,5826800.0,-1831000.0,73340920000.0,67081420000.0,2925600.0,2675600.0,25250.0,25300.0,24850.0,24900.0,25100.0,HSX_FOREIGN_API,HOSE_SYMBOL_LEVEL,VND,2026-08-25T01:39:52Z,ff_hsx_symbol_daily_v1,4747059f9dbcd8741a131cb42227940e0309d1ba4d0988fbd54961246eb04ca7
2025-11-10,ACB,HOSE,21936949500.0,32961420000.0,-11024470500.0,879905.0,1326400.0,-446495.0,0.0,0.0,0.0,0.0,24900.0,25200.0,24700.0,24800.0,24900.0,HSX_FOREIGN_API,HOSE_SYMBOL_LEVEL,VND,2026-08-25T01:39:52Z,ff_hsx_symbol_daily_v1,e96031d584755e31533478f4c0589f99d8a83ae2f131da8b267a7cfda1ef3fa4
2025-11-11,ACB,HOSE,8632000000.0,25437465000.0,-16805465000.0,345800.0,1024100.0,-678300.0,0.0,0.0,0.0,0.0,24850.0,25050.0,24800.0,24850.0,24900.0,HSX_FOREIGN_API,HOSE_SYMBOL_LEVEL,VND,2026-08-25T01:39:52Z,ff_hsx_symbol_daily_v1,89a22997c0bb32617aa34724e43955e2099f20df6e0cdfd909d033b6b7369ca0
2025-11-12,ACB,HOSE,19708139750.0,53720685250.0,-34012545500.0,786300.0,2157905.0,-1371605.0,0.0,0.0,0.0,0.0,25000.0,25200.0,24800.0,25200.0,25000.0,HSX_FOREIGN_API,HOSE_SYMBOL_LEVEL,VND,2026-08-25T01:39:52Z,ff_hsx_symbol_daily_v1,cbcb0f26172adea60897dc5c3e05a03889c598743ff408da4eb1f91fbbb37499
2025-11-13,ACB,HOSE,28886890000.0,39961196500.0,-11074306500.0,1150050.0,1592210.0,-442160.0,6520540000.0,6520540000.0,260000.0,260000.0,25200.0,25200.0,25000.0,25100.0,25100.0,HSX_FOREIGN_API,HOSE_SYMBOL_LEVEL,VND,2026-08-25T01:39:52Z,ff_hsx_symbol_daily_v1,5357f2f3461bece8b86a4820777524a632de58029380461bca83931e422993e1
2025-11-14,ACB,HOSE,13922265000.0,29917750000.0,-15995485000.0,557000.0,1197520.0,-640520.0,0.0,0.0,0.0,0.0,25100.0,25100.0,24900.0,24950.0,25000.0,HSX_FOREIGN_API,HOSE_SYMBOL_LEVEL,VND,2026-08-25T01:39:52Z,ff_hsx_symbol_daily_v1,1b3afd3d497985834ec84000e06a7cfcfea8e261fc0fab2225249d806e2c09cb
2025-11-17,ACB,HOSE,41401753850.0,48216717200.0,-6814963350.0,1652291.0,1925600.0,-273309.0,26210227200.0,26210227200.0,1046400.0,1046400.0,25000.0,25150.0,24950.0,25150.0,25050.0,HSX_FOREIGN_API,HOSE_SYMBOL_LEVEL,VND,2026-08-25T01:39:52Z,ff_hsx_symbol_daily_v1,b9b1e0f8823e3b0bdb3b8802126445cf281dbad08ebc1a635d137d47a40ce8b9
2025-11-18,ACB,HOSE,20473920000.0,38950765000.0,-18476845000.0,812000.0,1546500.0,-734500.0,0.0,0.0,0.0,0.0,25200.0,25400.0,25050.0,25100.0,25150.0,HSX_FOREIGN_API,HOSE_SYMBOL_LEVEL,VND,2026-08-25T01:39:52Z,ff_hsx_symbol_daily_v1,abcf42c9d2b64fa1583174502955497aab98ceb6c5e711950c23e910369f0186
2025-11-19,ACB,HOSE,4055245000.0,11440790000.0,-7385545000.0,162100.0,457450.0,-295350.0,0.0,0.0,0.0,0.0,25150.0,25150.0,24850.0,24900.0,25000.0,HSX_FOREIGN_API,HOSE_SYMBOL_LEVEL,VND,2026-08-25T01:39:52Z,ff_hsx_symbol_daily_v1,288d1ef7370c4b5a3299d9118715b0cf7127212dc2c53f1e1ec73ed96c3fd23b
2025-11-20,ACB,HOSE,22764300000.0,34700940000.0,-11936640000.0,915400.0,1395500.0,-480100.0,0.0,0.0,0.0,0.0,25000.0,25000.0,24800.0,24800.0,24850.0,HSX_FOREIGN_API,HOSE_SYMBOL_LEVEL,VND,2026-08-25T01:39:52Z,ff_hsx_symbol_daily_v1,627de5c2eb69684e02a43a2a1bc5dd46fa8d083bad2211d92ca0a0ec1fcbeece
2025-11-21,ACB,HOSE,31184745000.0,51589975000.0,-20405230000.0,1262700.0,2089400.0,-826700.0,0.0,0.0,0.0,0.0,24750.0,24850.0,24600.0,24700.0,24700.0,HSX_FOREIGN_API,HOSE_SYMBOL_LEVEL,VND,2026-08-25T01:39:52Z,ff_hsx_symbol_daily_v1,8ba742eb172b1b0addfad24dece1c86279bf0e4fb92cfa654a0c38491188c3b0
2025-11-24,ACB,HOSE,9752675000.0,41899920000.0,-32147245000.0,394750.0,1700000.0,-1305250.0,0.0,0.0,0.0,0.0,24700.0,24850.0,24600.0,24600.0,24650.0,HSX_FOREIGN_API,HOSE_SYMBOL_LEVEL,VND,2026-08-25T01:39:52Z,ff_hsx_symbol_daily_v1,d8597aedc2d1727875b126018f7eabe468487b72465ed167d220bc9219ffa41a
2025-11-25,ACB,HOSE,11931740000.0,66138150000.0,-54206410000.0,488500.0,2712000.0,-2223500.0,0.0,0.0,0.0,0.0,24650.0,24700.0,24100.0,24200.0,24300.0,HSX_FOREIGN_API,HOSE_SYMBOL_LEVEL,VND,2026-08-25T01:39:52Z,ff_hsx_symbol_daily_v1,9e54dda2cb63a3bac1ba10b399e9a4cab51d26ec423f384ea7fce3d4a2180f22
2025-11-26,ACB,HOSE,30457584300.0,39222595000.0,-8765010700.0,1254801.0,1616700.0,-361899.0,0.0,0.0,0.0,0.0,24200.0,24400.0,24150.0,24200.0,24250.0,HSX_FOREIGN_API,HOSE_SYMBOL_LEVEL,VND,2026-08-25T01:39:52Z,ff_hsx_symbol_daily_v1,511f8b60aa50ff817386cd346c5a75418c8b3f13b9088bf9b584c587e459cce3
2025-11-27,ACB,HOSE,7372510000.0,99344604050.0,-91972094050.0,302400.0,4077043.0,-3774643.0,0.0,0.0,0.0,0.0,24450.0,24500.0,24300.0,24350.0,24350.0,HSX_FOREIGN_API,HOSE_SYMBOL_LEVEL,VND,2026-08-25T01:39:52Z,ff_hsx_symbol_daily_v1,b94e764995364a0cbeab7d7e0fe75e697f6e485e5f8751a052e1e79add31a54a
2025-11-28,ACB,HOSE,4230455000.0,59504240000.0,-55273785000.0,173900.0,2447900.0,-2274000.0,0.0,0.0,0.0,0.0,24350.0,24450.0,24250.0,24250.0,24300.0,HSX_FOREIGN_API,HOSE_SYMBOL_LEVEL,VND,2026-08-25T01:39:52Z,ff_hsx_symbol_daily_v1,110336960b3f29c5903184c45293ca8414fefad0523a8d0f4548774bf77ba8c5
2025-12-01,ACB,HOSE,37770209000.0,70897631900.0,-33127422900.0,1568200.0,2941133.0,-1372933.0,12050000000.0,12050000000.0,500000.0,500000.0,24300.0,24350.0,24000.0,24000.0,24150.0,HSX_FOREIGN_API,HOSE_SYMBOL_LEVEL,VND,2026-08-25T01:39:52Z,ff_hsx_symbol_daily_v1,edd182e52f4c11f5852dbb6e8418545eb4df5e58f45831e93bebd595450bb138
2025-12-02,ACB,HOSE,19208105000.0,93978730000.0,-74770625000.0,802200.0,3923800.0,-3121600.0,0.0,0.0,0.0,0.0,24050.0,24150.0,23850.0,23950.0,23950.0,HSX_FOREIGN_API,HOSE_SYMBOL_LEVEL,VND,2026-08-25T01:39:52Z,ff_hsx_symbol_daily_v1,71294998185dfdaf3500c561bef6fbe8c29c74fd9219f90cdf19e804c3a47339
2025-12-03,ACB,HOSE,54765653000.0,122839714400.0,-68074061400.0,2250560.0,5042030.0,-2791470.0,5856240000.0,5856240000.0,240000.0,240000.0,24000.0,24550.0,24000.0,24450.0,24350.0,HSX_FOREIGN_API,HOSE_SYMBOL_LEVEL,VND,2026-08-25T01:39:52Z,ff_hsx_symbol_daily_v1,12956cca8616a16be444306b167df0b5105d2297fec9e6aeda625f8bd2c59e5c
2025-12-04,ACB,HOSE,75349965000.0,112161390000.0,-36811425000.0,3034800.0,4517200.0,-1482400.0,6204250000.0,6204250000.0,250000.0,250000.0,24550.0,25000.0,24500.0,24900.0,24800.0,HSX_FOREIGN_API,HOSE_SYMBOL_LEVEL,VND,2026-08-25T01:39:52Z,ff_hsx_symbol_daily_v1,97c5fe4928727040e31ca58f1f2fc7dea9bb76dc20f4d25480e9977730f3272e
2025-12-05,ACB,HOSE,11133435000.0,125637180000.0,-114503745000.0,451600.0,5121000.0,-4669400.0,0.0,0.0,0.0,0.0,24900.0,25000.0,24350.0,24350.0,24550.0,HSX_FOREIGN_API,HOSE_SYMBOL_LEVEL,VND,2026-08-25T01:39:52Z,ff_hsx_symbol_daily_v1,074da4324aed4c0dafc6cabc2213310b623dee2423f4b3f9a4990d1e3eef0eab
2025-12-08,ACB,HOSE,14921045000.0,51152210000.0,-36231165000.0,613900.0,2106000.0,-1492100.0,0.0,0.0,0.0,0.0,24250.0,24450.0,24200.0,24200.0,24300.0,HSX_FOREIGN_API,HOSE_SYMBOL_LEVEL,VND,2026-08-25T01:39:52Z,ff_hsx_symbol_daily_v1,79925c0be107484f8baa8cf2416ddef91cf35f8680ad58046ba2c91f1c5bf427
2025-12-09,ACB,HOSE,43788750000.0,59910830000.0,-16122080000.0,1818600.0,2488400.0,-669800.0,0.0,0.0,0.0,0.0,24200.0,24250.0,24000.0,24100.0,24050.0,HSX_FOREIGN_API,HOSE_SYMBOL_LEVEL,VND,2026-08-25T01:39:52Z,ff_hsx_symbol_daily_v1,c5d510ab2c25de886dcfba9eaea123dcb157b96eff91ad8ddaad491b5a6423d1
2025-12-10,ACB,HOSE,18827190000.0,38630805000.0,-19803615000.0,778600.0,1597700.0,-819100.0,0.0,0.0,0.0,0.0,24150.0,24300.0,24050.0,24100.0,24200.0,HSX_FOREIGN_API,HOSE_SYMBOL_LEVEL,VND,2026-08-25T01:39:52Z,ff_hsx_symbol_daily_v1,6ffe3b241f9b71d873a0a5e1dc40c41faa17518f044c87bf049c8d8904c61a83
2025-12-11,ACB,HOSE,23774509000.0,85093895000.0,-61319386000.0,987490.0,3537300.0,-2549810.0,0.0,0.0,0.0,0.0,24250.0,24250.0,23950.0,23950.0,24050.0,HSX_FOREIGN_API,HOSE_SYMBOL_LEVEL,VND,2026-08-25T01:39:52Z,ff_hsx_symbol_daily_v1,789d982e3eb79a2be31c693b9f575f3437e676c38e6db6ceef36292883e4b8f5
2025-12-12,ACB,HOSE,57087390000.0,153944210000.0,-96856820000.0,2400000.0,6468500.0,-4068500.0,11879000000.0,11879000000.0,500000.0,500000.0,24050.0,24100.0,23500.0,23500.0,23750.0,HSX_FOREIGN_API,HOSE_SYMBOL_LEVEL,VND,2026-08-25T01:39:52Z,ff_hsx_symbol_daily_v1,0066d1c5dcf3eb2bdee061bde794acc58c47657c49d210f47d0a2a623c59d177
2025-12-15,ACB,HOSE,143299560000.0,125636921050.0,17662638950.0,6091400.0,5342410.0,748990.0,47916500000.0,47916500000.0,2039000.0,2039000.0,23500.0,23600.0,23450.0,23550.0,23550.0,HSX_FOREIGN_API,HOSE_SYMBOL_LEVEL,VND,2026-08-25T01:39:52Z,ff_hsx_symbol_daily_v1,89d4f4736481c91ff1130fdf56cd60194a88c7fd8f889fda9d3dfa9e2ce414cb
2025-12-16,ACB,HOSE,61905590000.0,72657960000.0,-10752370000.0,2601700.0,3063700.0,-462000.0,0.0,0.0,0.0,0.0,23550.0,24800.0,23450.0,24000.0,23750.0,HSX_FOREIGN_API,HOSE_SYMBOL_LEVEL,VND,2026-08-25T01:39:52Z,ff_hsx_symbol_daily_v1,fa0407c1e279f97cf4c807c0c716cb2348afbc92d49b0dace20d46b4b2c1bf1f
2025-12-17,ACB,HOSE,215369532900.0,205202250000.0,10167282900.0,8974002.0,8548200.0,425802.0,160908000000.0,160908000000.0,6704500.0,6704500.0,24050.0,24150.0,23900.0,24000.0,24000.0,HSX_FOREIGN_API,HOSE_SYMBOL_LEVEL,VND,2026-08-25T01:39:52Z,ff_hsx_symbol_daily_v1,5c0da45505080613fe05183b872863a08e9ad6fe6fb38a274e45584ebbeb90ff
2025-12-18,ACB,HOSE,51842305000.0,52733660300.0,-891355300.0,2168900.0,2206560.0,-37660.0,47800000000.0,47800000000.0,2000000.0,2000000.0,24000.0,24000.0,23800.0,23850.0,23900.0,HSX_FOREIGN_API,HOSE_SYMBOL_LEVEL,VND,2026-08-25T01:39:52Z,ff_hsx_symbol_daily_v1,02fe083c4abfaf131e4363751d1d6d3b6582b9350279f443e07a0b8083fff0d7
2025-12-19,ACB,HOSE,50932870000.0,77554260000.0,-26621390000.0,2129400.0,3242500.0,-1113100.0,47834000000.0,47834000000.0,2000000.0,2000000.0,23900.0,24050.0,23850.0,23900.0,23950.0,HSX_FOREIGN_API,HOSE_SYMBOL_LEVEL,VND,2026-08-25T01:39:52Z,ff_hsx_symbol_daily_v1,87d30d6994056e4f0a689acbce1a56a87493dd5c3f681a7f71e8487919867d58
2025-12-22,ACB,HOSE,20969998500.0,94087745000.0,-73117746500.0,865502.0,3887300.0,-3021798.0,0.0,0.0,0.0,0.0,24000.0,24450.0,23900.0,24300.0,24200.0,HSX_FOREIGN_API,HOSE_SYMBOL_LEVEL,VND,2026-08-25T01:39:52Z,ff_hsx_symbol_daily_v1,9630a8893a2eea1942fbbed9634027d5abd89827fe71c6207d1ef52c02db9c8e
2025-12-23,ACB,HOSE,12070733200.0,29095940000.0,-17025206800.0,496203.0,1197100.0,-700897.0,0.0,0.0,0.0,0.0,24450.0,24600.0,23950.0,24200.0,24250.0,HSX_FOREIGN_API,HOSE_SYMBOL_LEVEL,VND,2026-08-25T01:39:52Z,ff_hsx_symbol_daily_v1,9d01914ff93adeae3563af6b86fce9d8d069a756db2df246e88735bbac93bbe7
2025-12-24,ACB,HOSE,65162580000.0,19180095000.0,45982485000.0,2685600.0,791400.0,1894200.0,0.0,0.0,0.0,0.0,24150.0,24450.0,23950.0,24300.0,24250.0,HSX_FOREIGN_API,HOSE_SYMBOL_LEVEL,VND,2026-08-25T01:39:52Z,ff_hsx_symbol_daily_v1,e77595c8a5d519370b74c284dc6793bb2d04f2e736b43e250a3ce83274a6dcb9
2025-12-25,ACB,HOSE,2938000000.0,6655510000.0,-3717510000.0,120800.0,273800.0,-153000.0,0.0,0.0,0.0,0.0,24300.0,24600.0,24000.0,24000.0,24300.0,HSX_FOREIGN_API,HOSE_SYMBOL_LEVEL,VND,2026-08-25T01:39:52Z,ff_hsx_symbol_daily_v1,5af7032591af4a6f5d50ea7a709ae6e30670031f36f2b6e70c6f8713c0d41772
2025-12-26,ACB,HOSE,11322605000.0,20757880000.0,-9435275000.0,473500.0,871600.0,-398100.0,0.0,0.0,0.0,0.0,23900.0,24050.0,23650.0,23900.0,23850.0,HSX_FOREIGN_API,HOSE_SYMBOL_LEVEL,VND,2026-08-25T01:39:52Z,ff_hsx_symbol_daily_v1,eb2fb8c7cc83746e86b69f55fc562baa7cd249138b673c8fcd03ed730dcc45c3
2025-12-29,ACB,HOSE,18466463500.0,4853100000.0,13613363500.0,771630.0,203300.0,568330.0,0.0,0.0,0.0,0.0,23850.0,24100.0,23800.0,24000.0,23900.0,HSX_FOREIGN_API,HOSE_SYMBOL_LEVEL,VND,2026-08-25T01:39:52Z,ff_hsx_symbol_daily_v1,948091175054db4a7c31e7f1a4aa5335710484a8b25685e43b40b4ebb2cdbb1f
2025-12-30,ACB,HOSE,36513143500.0,33393162000.0,3119981500.0,1514470.0,1384123.0,130347.0,0.0,0.0,0.0,0.0,24000.0,24200.0,23900.0,24100.0,24100.0,HSX_FOREIGN_API,HOSE_SYMBOL_LEVEL,VND,2026-08-25T01:39:52Z,ff_hsx_symbol_daily_v1,a1f383b7741e6fdd566d34e175e4d7c7262660873bb35279db65c1c5e5bdd6f9
2025-12-31,ACB,HOSE,27132850000.0,20645940000.0,6486910000.0,1125700.0,855400.0,270300.0,0.0,0.0,0.0,0.0,24150.0,24250.0,23900.0,24000.0,24050.0,HSX_FOREIGN_API,HOSE_SYMBOL_LEVEL,VND,2026-08-25T01:39:52Z,ff_hsx_symbol_daily_v1,7a792d9166e91893698d7d70f637bd57ea95608219a2b7132922eaf38d37fd93
2026-01-05,ACB,HOSE,39058394000.0,21618404000.0,17439990000.0,1627190.0,901706.0,725484.0,0.0,0.0,0.0,0.0,24000.0,24100.0,23850.0,24000.0,23950.0,HSX_FOREIGN_API,HOSE_SYMBOL_LEVEL,VND,2026-08-25T01:39:52Z,ff_hsx_symbol_daily_v1,0e1acade7548fdfadbb8ddd04a5215b1c573523ead1938e8988715418b7b2c7e
2026-01-06,ACB,HOSE,32760865000.0,77149665000.0,-44388800000.0,1367000.0,3224800.0,-1857800.0,0.0,0.0,0.0,0.0,24050.0,24100.0,23750.0,24000.0,23950.0,HSX_FOREIGN_API,HOSE_SYMBOL_LEVEL,VND,2026-08-25T01:39:52Z,ff_hsx_symbol_daily_v1,0c38ff4afdb1ebd7821c71bbf3ba17c370af009d553957a68a9e3d8a858f1311
2026-01-07,ACB,HOSE,133336799000.0,80907290000.0,52429509000.0,5437860.0,3293000.0,2144860.0,4676470000.0,4676470000.0,190000.0,190000.0,24200.0,24750.0,24100.0,24650.0,24550.0,HSX_FOREIGN_API,HOSE_SYMBOL_LEVEL,VND,2026-08-25T01:39:52Z,ff_hsx_symbol_daily_v1,84538e52f3066f2b28f7a7cfcf5c7a5b3a8c0410a1e57d3a4bea84b91bab5980
2026-01-08,ACB,HOSE,57763496750.0,141180955000.0,-83417458250.0,2332065.0,5705100.0,-3373035.0,0.0,2298000000.0,0.0,100000.0,24750.0,25050.0,24500.0,24550.0,24800.0,HSX_FOREIGN_API,HOSE_SYMBOL_LEVEL,VND,2026-08-25T01:39:52Z,ff_hsx_symbol_daily_v1,386a3a43c3092de9caa7fc0581bc30f9eb5db749f2c2b343bf52803f7e562768
2026-01-09,ACB,HOSE,85147534300.0,87103330000.0,-1955795700.0,3455002.0,3534900.0,-79898.0,0.0,0.0,0.0,0.0,24700.0,24950.0,24500.0,24550.0,24650.0,HSX_FOREIGN_API,HOSE_SYMBOL_LEVEL,VND,2026-08-25T01:39:52Z,ff_hsx_symbol_daily_v1,c5ffb927485563a3ba4db085739800a7c0e949e40ddd8987d758cb7e6190143e
2026-01-12,ACB,HOSE,126073505000.0,117498808750.0,8574696250.0,4993853.0,4677078.0,316775.0,0.0,2981250000.0,0.0,125000.0,24650.0,25500.0,24650.0,25500.0,25200.0,HSX_FOREIGN_API,HOSE_SYMBOL_LEVEL,VND,2026-08-25T01:39:52Z,ff_hsx_symbol_daily_v1,e6207518c728a0efe23aecfca5477bf363312893a34b52372e160a3edd6774bf
2026-01-13,ACB,HOSE,41413686000.0,175678909100.0,-134265223100.0,1641920.0,6980391.0,-5338471.0,1710630000.0,2380000000.0,68700.0,100000.0,25700.0,25800.0,24900.0,24900.0,25200.0,HSX_FOREIGN_API,HOSE_SYMBOL_LEVEL,VND,2026-08-25T01:39:52Z,ff_hsx_symbol_daily_v1,5dccc6e614f1ee73c0592262843da31a95cf9ae9b17be055fd12341f3b1a7f52
2026-01-14,ACB,HOSE,18555707000.0,120012359000.0,-101456652000.0,745820.0,4845520.0,-4099700.0,0.0,718500000.0,0.0,30000.0,25000.0,25150.0,24500.0,24650.0,24800.0,HSX_FOREIGN_API,HOSE_SYMBOL_LEVEL,VND,2026-08-25T01:39:52Z,ff_hsx_symbol_daily_v1,41058b5781b20a38c033a4cae270b7b50d767184004907179f918f911644c7e5
2026-01-15,ACB,HOSE,60711595000.0,90716412600.0,-30004817600.0,2454100.0,3674837.0,-1220737.0,0.0,0.0,0.0,0.0,24850.0,24900.0,24550.0,24900.0,24700.0,HSX_FOREIGN_API,HOSE_SYMBOL_LEVEL,VND,2026-08-25T01:39:52Z,ff_hsx_symbol_daily_v1,9e5dc6354c57d3c0a3ff0dd55afdc464c902e9cee6aff4e9186653475d7e554c
2026-01-16,ACB,HOSE,37445425000.0,88252284000.0,-50806859000.0,1509500.0,3561405.0,-2051905.0,0.0,486200000.0,0.0,20000.0,25000.0,25100.0,24650.0,24850.0,24800.0,HSX_FOREIGN_API,HOSE_SYMBOL_LEVEL,VND,2026-08-25T01:39:52Z,ff_hsx_symbol_daily_v1,95ba6dd233f20cec9c9b665bb5dda3b03db021bf232b705071d414b1df81faf7
2026-01-19,ACB,HOSE,92991873100.0,20476270000.0,72515603100.0,3721638.0,820400.0,2901238.0,7500500000.0,7500500000.0,300000.0,300000.0,24900.0,25150.0,24750.0,25100.0,25000.0,HSX_FOREIGN_API,HOSE_SYMBOL_LEVEL,VND,2026-08-25T01:39:52Z,ff_hsx_symbol_daily_v1,c4bd33ec6624f1b3403bc369d2413295819e5ffb4507faab00e1136a006c8a44
2026-01-20,ACB,HOSE,199989992656.0,91989574906.0,108000417750.0,7963755.0,3677579.0,4286176.0,23844297406.0,28658297406.0,959954.0,1159954.0,25100.0,25300.0,25000.0,25050.0,25150.0,HSX_FOREIGN_API,HOSE_SYMBOL_LEVEL,VND,2026-08-25T01:39:52Z,ff_hsx_symbol_daily_v1,cd0cb4c033f8ac62dfa54d4730d8718188a4da5766435c08f208cbe2111c98d2
2026-01-21,ACB,HOSE,122269525500.0,36924235000.0,85345290500.0,4908510.0,1482400.0,3426110.0,4983600000.0,4983600000.0,200000.0,200000.0,25000.0,25150.0,24750.0,24850.0,24900.0,HSX_FOREIGN_API,HOSE_SYMBOL_LEVEL,VND,2026-08-25T01:39:52Z,ff_hsx_symbol_daily_v1,1bdcee36ed7d0130a751b177bfb43305e5a5c79a0bac8e45198ae9a4b21d8a08
2026-01-22,ACB,HOSE,88649630000.0,95736468000.0,-7086838000.0,3554400.0,3838040.0,-283640.0,0.0,0.0,0.0,0.0,24900.0,25050.0,24800.0,24850.0,24950.0,HSX_FOREIGN_API,HOSE_SYMBOL_LEVEL,VND,2026-08-25T01:39:52Z,ff_hsx_symbol_daily_v1,2c1269ef6baf6d14abc57c8c5d77e68683ed459bd13dd11b005677adce2f8fa3
2026-01-23,ACB,HOSE,152547360000.0,61136805000.0,91410555000.0,6102200.0,2445600.0,3656600.0,0.0,0.0,0.0,0.0,25000.0,25100.0,24900.0,25050.0,25000.0,HSX_FOREIGN_API,HOSE_SYMBOL_LEVEL,VND,2026-08-25T01:39:52Z,ff_hsx_symbol_daily_v1,fc34137b9bf3119ee9d774fb0a8dc7c34688d86d6dcefc4b32714db9ccf5bf0f
2026-01-26,ACB,HOSE,100915942000.0,112251435000.0,-11335493000.0,4057040.0,4522500.0,-465460.0,9400820000.0,9400820000.0,380000.0,380000.0,25050.0,25100.0,24650.0,24800.0,24800.0,HSX_FOREIGN_API,HOSE_SYMBOL_LEVEL,VND,2026-08-25T01:39:52Z,ff_hsx_symbol_daily_v1,9dbdfa0504c972a5c935a0f9153d59bb81caeeeb90bd9d86ad11e266fb66e1d6
2026-01-27,ACB,HOSE,78468216150.0,114718245000.0,-36250028850.0,3179340.0,4651257.0,-1471917.0,18580100000.0,18580100000.0,752200.0,752200.0,24600.0,24800.0,24450.0,24700.0,24650.0,HSX_FOREIGN_API,HOSE_SYMBOL_LEVEL,VND,2026-08-25T01:39:52Z,ff_hsx_symbol_daily_v1,f3bae5951c9694d5847f233dcc4ce5e9e6cb7b30aaf120504bb264af0c5b68a4
2026-01-28,ACB,HOSE,454660647000.0,661919547000.0,-207258900000.0,18462350.0,27069100.0,-8606750.0,430966097000.0,430966097000.0,17483000.0,17483000.0,24450.0,24500.0,23850.0,23900.0,24100.0,HSX_FOREIGN_API,HOSE_SYMBOL_LEVEL,VND,2026-08-25T01:39:52Z,ff_hsx_symbol_daily_v1,9b1841f6b087677592f50a0788e158557819df63d6ae7f665a724898921ce319
2026-01-29,ACB,HOSE,75617290000.0,291173399900.0,-215556109900.0,3161400.0,12194341.0,-9032941.0,11927500000.0,11927500000.0,500000.0,500000.0,24000.0,24150.0,23750.0,23800.0,23900.0,HSX_FOREIGN_API,HOSE_SYMBOL_LEVEL,VND,2026-08-25T01:39:52Z,ff_hsx_symbol_daily_v1,097d0a6bf801a1846a1c5e2c806cbd669671842ac41f7cb13c49bd1bfb506159
2026-01-30,ACB,HOSE,51628462750.0,159225177700.0,-107596714950.0,2158168.0,6645447.0,-4487279.0,3758322700.0,3758322700.0,155947.0,155947.0,23850.0,24100.0,23800.0,24100.0,23950.0,HSX_FOREIGN_API,HOSE_SYMBOL_LEVEL,VND,2026-08-25T01:39:52Z,ff_hsx_symbol_daily_v1,0c2e8df948da468e720e2ab3e6a09e729a5e15cc3a981fbd37c17e7a3e1065ac
2026-02-02,ACB,HOSE,27747345050.0,148861085000.0,-121113739950.0,1162013.0,6245000.0,-5082987.0,0.0,0.0,0.0,0.0,24050.0,24050.0,23700.0,23750.0,23850.0,HSX_FOREIGN_API,HOSE_SYMBOL_LEVEL,VND,2026-08-25T01:39:52Z,ff_hsx_symbol_daily_v1,4f355f2e0c45e66a3ced7200dd4f343093111fdf9db1cfc61d88a3f168d6649f
2026-02-03,ACB,HOSE,30339055700.0,155139670000.0,-124800614300.0,1275013.0,6525000.0,-5249987.0,0.0,1936000000.0,0.0,80000.0,23800.0,23900.0,23700.0,23700.0,23750.0,HSX_FOREIGN_API,HOSE_SYMBOL_LEVEL,VND,2026-08-25T01:39:52Z,ff_hsx_symbol_daily_v1,3778f131f6d6c489827dca1fa05db5f8dc6c3a7391f3fba73ee88cbb43419d9b
2026-02-04,ACB,HOSE,29353615900.0,223080483400.0,-193726867500.0,1238926.0,9427100.0,-8188174.0,2019368400.0,2019368400.0,85400.0,85400.0,23700.0,23800.0,23550.0,23600.0,23650.0,HSX_FOREIGN_API,HOSE_SYMBOL_LEVEL,VND,2026-08-25T01:39:52Z,ff_hsx_symbol_daily_v1,1bb101819ccf2fa098522433efb8c67400096c284e57f9da3663ba65ced8a823
2026-02-05,ACB,HOSE,3771275000.0,107338945000.0,-103567670000.0,160100.0,4561500.0,-4401400.0,0.0,0.0,0.0,0.0,23650.0,23700.0,23450.0,23450.0,23500.0,HSX_FOREIGN_API,HOSE_SYMBOL_LEVEL,VND,2026-08-25T01:39:52Z,ff_hsx_symbol_daily_v1,1fb9691805e1a30cbdbb3b5324d3a098e05b476146821a5d7fb56c9e150c22e1
2026-02-06,ACB,HOSE,9168385000.0,190087035000.0,-180918650000.0,395700.0,8221800.0,-7826100.0,0.0,0.0,0.0,0.0,23400.0,23450.0,23000.0,23000.0,23150.0,HSX_FOREIGN_API,HOSE_SYMBOL_LEVEL,VND,2026-08-25T01:39:52Z,ff_hsx_symbol_daily_v1,6ac48e1e2442d10e568e7c9bc8b3139840d16836abe1aa4a697de3285172f725
2026-02-09,ACB,HOSE,17467160000.0,82115280000.0,-64648120000.0,755900.0,3553300.0,-2797400.0,0.0,0.0,0.0,0.0,23200.0,23350.0,22900.0,22950.0,23100.0,HSX_FOREIGN_API,HOSE_SYMBOL_LEVEL,VND,2026-08-25T01:39:52Z,ff_hsx_symbol_daily_v1,fab29a9c941a83cb3e2b5834959c4aaf7cd109d4864feca2390d885f3dc60417
2026-02-10,ACB,HOSE,53922460000.0,178628427400.0,-124705967400.0,2344500.0,7771738.0,-5427238.0,0.0,0.0,0.0,0.0,23100.0,23150.0,22850.0,23000.0,23000.0,HSX_FOREIGN_API,HOSE_SYMBOL_LEVEL,VND,2026-08-25T01:39:52Z,ff_hsx_symbol_daily_v1,0d5aea9c5bbe39fbaaabdeab906db10382b484a02e731851b20a59c79ab0866b
2026-02-11,ACB,HOSE,153997428000.0,165484084000.0,-11486656000.0,6655786.0,7046970.0,-391184.0,107892678000.0,0.0,4690986.0,0.0,23050.0,23650.0,23050.0,23650.0,23500.0,HSX_FOREIGN_API,HOSE_SYMBOL_LEVEL,VND,2026-08-25T01:39:52Z,ff_hsx_symbol_daily_v1,6959bf2db183dedb8f65c90b8c88145c7f39828acb1d255f4aad30ecb76457ab
2026-02-12,ACB,HOSE,104562332000.0,241021540850.0,-136459208850.0,4403510.0,10152939.0,-5749429.0,0.0,0.0,0.0,0.0,23650.0,23850.0,23550.0,23850.0,23750.0,HSX_FOREIGN_API,HOSE_SYMBOL_LEVEL,VND,2026-08-25T01:39:52Z,ff_hsx_symbol_daily_v1,d221a1bd8c4f109a7ec4c69b612ee29ea5a5f220c8ce4eafca9f33a4614d23e1
2026-02-13,ACB,HOSE,102074495600.0,212193511000.0,-110119015400.0,4288500.0,8913000.0,-4624500.0,25354955600.0,37061271000.0,1065200.0,1557000.0,23850.0,23900.0,23700.0,23850.0,23800.0,HSX_FOREIGN_API,HOSE_SYMBOL_LEVEL,VND,2026-08-25T01:39:52Z,ff_hsx_symbol_daily_v1,4e5a1d3daccf98d545f296eb229e52bfbd24cd9ecc148073771c86f16dc4705d
2026-02-23,ACB,HOSE,98404775000.0,141849103900.0,-43444328900.0,4101600.0,5913900.0,-1812300.0,0.0,7080843900.0,0.0,294900.0,24000.0,24100.0,23850.0,24050.0,24000.0,HSX_FOREIGN_API,HOSE_SYMBOL_LEVEL,VND,2026-08-25T01:39:52Z,ff_hsx_symbol_daily_v1,7fd5723e666412f0482438365821ca724be8d9ec0b6c0e2cd41dbe314f5825e4
2026-02-24,ACB,HOSE,239984093743.0,195671285493.0,44312808250.0,9985239.0,8141634.0,1843605.0,132196993743.0,133348493743.0,5499939.0,5549939.0,24100.0,24100.0,24000.0,24000.0,24050.0,HSX_FOREIGN_API,HOSE_SYMBOL_LEVEL,VND,2026-08-25T01:39:52Z,ff_hsx_symbol_daily_v1,cf6b09819443063436ea96b2a320dc663f5b0ee9764b870bb723c1c93f04fe32
2026-02-25,ACB,HOSE,95250421450.0,80160302750.0,15090118700.0,3916561.0,3293965.0,622596.0,0.0,0.0,0.0,0.0,24100.0,24450.0,24050.0,24450.0,24350.0,HSX_FOREIGN_API,HOSE_SYMBOL_LEVEL,VND,2026-08-25T01:39:52Z,ff_hsx_symbol_daily_v1,098c8cf3a0f474efc1a997b280e85ee949965951dc07c00783a1ef121b07d541
2026-02-26,ACB,HOSE,78004919400.0,119656191500.0,-41651272100.0,3193251.0,4905670.0,-1712419.0,0.0,591250000.0,0.0,25000.0,24500.0,24550.0,24250.0,24450.0,24400.0,HSX_FOREIGN_API,HOSE_SYMBOL_LEVEL,VND,2026-08-25T01:39:52Z,ff_hsx_symbol_daily_v1,f9da95227ef181ce584da73b8c3d85d70c921d8585f8144bc14eaff1bf1af4eb
2026-02-27,ACB,HOSE,165007390000.0,67475372500.0,97532017500.0,6744100.0,2760304.0,3983796.0,0.0,0.0,0.0,0.0,24450.0,24600.0,24200.0,24550.0,24450.0,HSX_FOREIGN_API,HOSE_SYMBOL_LEVEL,VND,2026-08-25T01:39:52Z,ff_hsx_symbol_daily_v1,69ac86ff93a735cf55d4f6c65972c60bc196fa3702264c385a714f76c8cb7396
2026-03-02,ACB,HOSE,13790250000.0,50367645000.0,-36577395000.0,573100.0,2093900.0,-1520800.0,0.0,0.0,0.0,0.0,24000.0,24200.0,23900.0,23950.0,24050.0,HSX_FOREIGN_API,HOSE_SYMBOL_LEVEL,VND,2026-08-25T01:39:52Z,ff_hsx_symbol_daily_v1,96f1a1d754f75e2cac31f431b3f5075d7ae3aabd355babb61932cf58a729d2a9
2026-03-03,ACB,HOSE,4627720000.0,117598415000.0,-112970695000.0,193900.0,4930600.0,-4736700.0,0.0,1134500000.0,0.0,50000.0,23950.0,24250.0,23500.0,23500.0,23800.0,HSX_FOREIGN_API,HOSE_SYMBOL_LEVEL,VND,2026-08-25T01:39:52Z,ff_hsx_symbol_daily_v1,ab90383080c42e6de1c40424b7a73de9341206461aa492fb85c5af3cfa630442
2026-03-04,ACB,HOSE,151666035000.0,136838905000.0,14827130000.0,6507800.0,5872020.0,635780.0,0.0,0.0,0.0,0.0,23500.0,23600.0,23100.0,23200.0,23300.0,HSX_FOREIGN_API,HOSE_SYMBOL_LEVEL,VND,2026-08-25T01:39:52Z,ff_hsx_symbol_daily_v1,b5a5d09fbd38a6a6921826fa2326e37d3b9757e6fea85f1d753a6e5501ee76fe
2026-03-05,ACB,HOSE,17586845000.0,38957878000.0,-21371033000.0,749930.0,1662228.0,-912298.0,0.0,0.0,0.0,0.0,23500.0,23550.0,23200.0,23550.0,23400.0,HSX_FOREIGN_API,HOSE_SYMBOL_LEVEL,VND,2026-08-25T01:39:52Z,ff_hsx_symbol_daily_v1,a815b3e72150db79f6fdc23dcda0d70b6ca57c90e61c537ce62840289d247a9b
2026-03-06,ACB,HOSE,21400430000.0,34122675000.0,-12722245000.0,914800.0,1457300.0,-542500.0,0.0,0.0,0.0,0.0,23500.0,23600.0,23200.0,23300.0,23400.0,HSX_FOREIGN_API,HOSE_SYMBOL_LEVEL,VND,2026-08-25T01:39:52Z,ff_hsx_symbol_daily_v1,5087a3f54e18796a50361f22c2b06849516ada7f13a9c3cb1013f8105c5df79d
2026-03-09,ACB,HOSE,30263203100.0,73446825000.0,-43183621900.0,1389711.0,3366200.0,-1976489.0,0.0,0.0,0.0,0.0,22100.0,22650.0,21700.0,21700.0,21750.0,HSX_FOREIGN_API,HOSE_SYMBOL_LEVEL,VND,2026-08-25T01:39:52Z,ff_hsx_symbol_daily_v1,606ef6afade0ab59aac406215286a74f1593f79d40ec1225e9718ae5fb934997
2026-03-10,ACB,HOSE,117561900200.0,25028025000.0,92533875200.0,5281302.0,1107800.0,4173502.0,21630000000.0,0.0,1050000.0,0.0,22550.0,23200.0,22000.0,23150.0,22650.0,HSX_FOREIGN_API,HOSE_SYMBOL_LEVEL,VND,2026-08-25T01:39:52Z,ff_hsx_symbol_daily_v1,109c76a3dafdfadedcff0db23d8355ce9415d4db286d9f318d298f5b8fb0b6dc
2026-03-11,ACB,HOSE,186167998200.0,69545655000.0,116622343200.0,7970801.0,2992200.0,4978601.0,0.0,1724800000.0,0.0,80000.0,23050.0,23600.0,23000.0,23200.0,23350.0,HSX_FOREIGN_API,HOSE_SYMBOL_LEVEL,VND,2026-08-25T01:39:52Z,ff_hsx_symbol_daily_v1,d3bcbee80ff14e55b7c7649768e6e3b65ead53fdfa349cf4f350ae0861e808f7
2026-03-12,ACB,HOSE,76755782900.0,84191050000.0,-7435267100.0,3343701.0,3665600.0,-321899.0,0.0,1407250000.0,0.0,65000.0,23000.0,23250.0,22600.0,23150.0,22950.0,HSX_FOREIGN_API,HOSE_SYMBOL_LEVEL,VND,2026-08-25T01:39:52Z,ff_hsx_symbol_daily_v1,e68ab64785f41d4d609a72808295e8d800ec60c7bd92f7eeea3014b6f1b75ff6
2026-03-13,ACB,HOSE,176102810000.0,56639410000.0,119463400000.0,7548600.0,2437600.0,5111000.0,0.0,1401400000.0,0.0,65000.0,22950.0,23450.0,22800.0,23450.0,23300.0,HSX_FOREIGN_API,HOSE_SYMBOL_LEVEL,VND,2026-08-25T01:39:52Z,ff_hsx_symbol_daily_v1,c71ede360f89eb14cabe096dfb68f717c9af5f4501f905ad0f68f52aa3fd033d
2026-03-16,ACB,HOSE,101520640350.0,68074750000.0,33445890350.0,4344321.0,2920700.0,1423621.0,0.0,2218000000.0,0.0,100000.0,23400.0,23450.0,23250.0,23450.0,23350.0,HSX_FOREIGN_API,HOSE_SYMBOL_LEVEL,VND,2026-08-25T01:39:52Z,ff_hsx_symbol_daily_v1,f1ec6071af6f3d88012f345afe440ae2c835f021ec4e313affe50824a156e554
2026-03-17,ACB,HOSE,51961067000.0,31823089000.0,20137978000.0,2191000.0,1341900.0,849100.0,2349072000.0,4698144000.0,99000.0,198000.0,23500.0,23850.0,23500.0,23750.0,23700.0,HSX_FOREIGN_API,HOSE_SYMBOL_LEVEL,VND,2026-08-25T01:39:52Z,ff_hsx_symbol_daily_v1,0baf97a4efb86048a0b47fed544c6be4490abbad0f16516737f159ef0240bbca
2026-03-18,ACB,HOSE,51215813850.0,57061683750.0,-5845869900.0,2153901.0,2401745.0,-247844.0,0.0,0.0,0.0,0.0,23750.0,23900.0,23550.0,23750.0,23750.0,HSX_FOREIGN_API,HOSE_SYMBOL_LEVEL,VND,2026-08-25T01:39:52Z,ff_hsx_symbol_daily_v1,7aad41a1757f1f8dd8459ced4041a8c6a0c2ffb8809e55b2065fc4676373f3aa
2026-03-19,ACB,HOSE,156061168600.0,67419899850.0,88641268750.0,6855179.0,2877613.0,3977566.0,104832000000.0,0.0,4680000.0,0.0,23500.0,23800.0,23250.0,23600.0,23500.0,HSX_FOREIGN_API,HOSE_SYMBOL_LEVEL,VND,2026-08-25T01:39:52Z,ff_hsx_symbol_daily_v1,da7215354907dcd21137680c16b0ac3b26ecaef976afcdfb4cbb52e3cd0a94f8
2026-03-20,ACB,HOSE,40070453250.0,175015403600.0,-134944950350.0,1729501.0,7552813.0,-5823312.0,0.0,1924722000.0,0.0,81000.0,23400.0,23500.0,23000.0,23000.0,23150.0,HSX_FOREIGN_API,HOSE_SYMBOL_LEVEL,VND,2026-08-25T01:39:52Z,ff_hsx_symbol_daily_v1,abaff9c43b67e7bd43dd3700c79600667571c0bc0e85ea395945b89016722cd8
2026-03-23,ACB,HOSE,145906956500.0,116181035000.0,29725921500.0,6429310.0,5125300.0,1304010.0,0.0,0.0,0.0,0.0,22950.0,22950.0,22450.0,22500.0,22650.0,HSX_FOREIGN_API,HOSE_SYMBOL_LEVEL,VND,2026-08-25T01:39:52Z,ff_hsx_symbol_daily_v1,c3390ce0edf37ec39e4e57e85356300d34c3f4381ea70ff04a7a2805dd651ac5
2026-03-24,ACB,HOSE,146886242700.0,160135612200.0,-13249369500.0,6402306.0,6986227.0,-583921.0,0.0,0.0,0.0,0.0,22750.0,23100.0,22750.0,23100.0,22950.0,HSX_FOREIGN_API,HOSE_SYMBOL_LEVEL,VND,2026-08-25T01:39:52Z,ff_hsx_symbol_daily_v1,9d966104f78a795d8d61b0250c192bcfc13fc4c595b722053eb81320790ab574
2026-03-25,ACB,HOSE,102737536500.0,48411219550.0,54326316950.0,4372605.0,2072339.0,2300266.0,0.0,0.0,0.0,0.0,23200.0,23800.0,23150.0,23800.0,23400.0,HSX_FOREIGN_API,HOSE_SYMBOL_LEVEL,VND,2026-08-25T01:39:52Z,ff_hsx_symbol_daily_v1,a54b26889f9535471300f56ef9d8120c33201ffe5ae912c54d6519bdb7b90da4
2026-03-26,ACB,HOSE,71196130000.0,15461470000.0,55734660000.0,3029000.0,659800.0,2369200.0,0.0,0.0,0.0,0.0,23700.0,23700.0,23300.0,23600.0,23450.0,HSX_FOREIGN_API,HOSE_SYMBOL_LEVEL,VND,2026-08-25T01:39:52Z,ff_hsx_symbol_daily_v1,fa1fd08cf1fcb6846cfad6bfcc9c0100201cedf20a25a498b1a07810a074e692
2026-03-27,ACB,HOSE,55837436000.0,2016265000.0,53821171000.0,2361510.0,85500.0,2276010.0,0.0,0.0,0.0,0.0,23400.0,23800.0,23300.0,23800.0,23650.0,HSX_FOREIGN_API,HOSE_SYMBOL_LEVEL,VND,2026-08-25T01:39:52Z,ff_hsx_symbol_daily_v1,de4ace2373946fee85a5c94e448b058843490b19b503fc364975febf4daf6b65
2026-03-30,ACB,HOSE,50762529750.0,26466845000.0,24295684750.0,2141555.0,1131700.0,1009855.0,0.0,0.0,0.0,0.0,23300.0,23800.0,23300.0,23750.0,23550.0,HSX_FOREIGN_API,HOSE_SYMBOL_LEVEL,VND,2026-08-25T01:39:52Z,ff_hsx_symbol_daily_v1,78355f8ca3efd4fb2d4dbd390b723f9bb8c24b657c49a94e1b512d2723cfcdab
2026-03-31,ACB,HOSE,44745831550.0,110652452500.0,-65906620950.0,1899361.0,4687464.0,-2788103.0,959921550.0,959921550.0,40761.0,40761.0,23650.0,23850.0,23450.0,23550.0,23650.0,HSX_FOREIGN_API,HOSE_SYMBOL_LEVEL,VND,2026-08-25T01:39:52Z,ff_hsx_symbol_daily_v1,ead8cfd950e995b57522a27c0bc383a8b870cd190366eba596298b4e5cc7d203
2026-04-01,ACB,HOSE,71213480000.0,62655730000.0,8557750000.0,2992800.0,2634000.0,358800.0,0.0,0.0,0.0,0.0,23850.0,23900.0,23700.0,23800.0,23800.0,HSX_FOREIGN_API,HOSE_SYMBOL_LEVEL,VND,2026-08-25T01:39:52Z,ff_hsx_symbol_daily_v1,a764e8383ea4b3a5b3fc836720d69f04414f3389a83a6b3734c3e018e577e420
2026-04-02,ACB,HOSE,27913215000.0,20885965000.0,7027250000.0,1182692.0,890300.0,292392.0,0.0,0.0,0.0,0.0,23700.0,23700.0,23300.0,23600.0,23500.0,HSX_FOREIGN_API,HOSE_SYMBOL_LEVEL,VND,2026-08-25T01:39:52Z,ff_hsx_symbol_daily_v1,49bf4eb96b25b82e4a37fa54421355e41efd7fcc6ac8705bb7ed9cbc688e1d91
2026-04-03,ACB,HOSE,124934142500.0,35420375000.0,89513767500.0,5487183.0,1514800.0,3972383.0,90028867500.0,0.0,4001283.0,0.0,23600.0,23700.0,23250.0,23500.0,23450.0,HSX_FOREIGN_API,HOSE_SYMBOL_LEVEL,VND,2026-08-25T01:39:52Z,ff_hsx_symbol_daily_v1,8d059a39f79fc6778d4bfe8ad912659ed342471fad8da5b2abd1ad738295eba6
2026-04-06,ACB,HOSE,10446080000.0,40545058300.0,-30098978300.0,447300.0,1737598.0,-1290298.0,0.0,0.0,0.0,0.0,23500.0,23500.0,23200.0,23250.0,23350.0,HSX_FOREIGN_API,HOSE_SYMBOL_LEVEL,VND,2026-08-25T01:39:52Z,ff_hsx_symbol_daily_v1,ad20c38442d8cb0f50d2faf48c8314fdc9386c974b8732c0a3273c578f6af3ee
2026-04-07,ACB,HOSE,5011055000.0,86070135000.0,-81059080000.0,215500.0,3699100.0,-3483600.0,0.0,0.0,0.0,0.0,23250.0,23400.0,23150.0,23200.0,23250.0,HSX_FOREIGN_API,HOSE_SYMBOL_LEVEL,VND,2026-08-25T01:39:52Z,ff_hsx_symbol_daily_v1,7018acb19c9938fafdc1541d8c65c301612aff5b631db501a538a091687fa921
2026-04-08,ACB,HOSE,104376008000.0,19785655000.0,84590353000.0,4359120.0,821300.0,3537820.0,0.0,0.0,0.0,0.0,23700.0,24150.0,23550.0,24100.0,23900.0,HSX_FOREIGN_API,HOSE_SYMBOL_LEVEL,VND,2026-08-25T01:39:52Z,ff_hsx_symbol_daily_v1,d6e5e82d5821bfc2cc5a6415be2f775a33721e7f7b95aa650eea21d6da06f41d
2026-04-09,ACB,HOSE,16138585000.0,4650735800.0,11487849200.0,676500.0,194900.0,481600.0,0.0,4256980800.0,0.0,178400.0,24050.0,24050.0,23750.0,23850.0,23850.0,HSX_FOREIGN_API,HOSE_SYMBOL_LEVEL,VND,2026-08-25T01:39:52Z,ff_hsx_symbol_daily_v1,6e55a188c9ac8d4f32ad49024f5877337bb650e00736e7e68cdf49dd8a9597d5
2026-04-10,ACB,HOSE,3595820000.0,27148910000.0,-23553090000.0,149500.0,1130800.0,-981300.0,0.0,23053440000.0,0.0,960000.0,24100.0,24200.0,23850.0,23850.0,24000.0,HSX_FOREIGN_API,HOSE_SYMBOL_LEVEL,VND,2026-08-25T01:39:52Z,ff_hsx_symbol_daily_v1,edd382819730e8861e12e18e2cc0d42d4cedba5a8693066df441051f6cddc28e
2026-04-13,ACB,HOSE,19564296000.0,26045803950.0,-6481507950.0,821420.0,1092674.0,-271254.0,0.0,0.0,0.0,0.0,23800.0,24000.0,23550.0,23750.0,23750.0,HSX_FOREIGN_API,HOSE_SYMBOL_LEVEL,VND,2026-08-25T01:39:52Z,ff_hsx_symbol_daily_v1,41601d6519b34ae839d5e83e006e96bfe580f7a50732510580dbfa1e2a0c4b2c
2026-04-14,ACB,HOSE,41351570000.0,59724799800.0,-18373229800.0,1720800.0,2491824.0,-771024.0,0.0,578750000.0,0.0,25000.0,23950.0,24150.0,23800.0,24000.0,24000.0,HSX_FOREIGN_API,HOSE_SYMBOL_LEVEL,VND,2026-08-25T01:39:52Z,ff_hsx_symbol_daily_v1,88340c6ec1ecbd0ea34cfb7bd48e362c06787d6c707e9f2c763edd1aa42cd57a
2026-04-15,ACB,HOSE,3589583000.0,33577115000.0,-29987532000.0,150020.0,1406300.0,-1256280.0,0.0,683700000.0,0.0,30000.0,24150.0,24200.0,23800.0,23800.0,23900.0,HSX_FOREIGN_API,HOSE_SYMBOL_LEVEL,VND,2026-08-25T01:39:52Z,ff_hsx_symbol_daily_v1,605df51ef75771b221ced0321645c7c7bbe4a68b5993d1f58cb9ed82c01aa16f
2026-04-16,ACB,HOSE,173697634000.0,107146725000.0,66550909000.0,7580380.0,4518000.0,3062380.0,157317000000.0,0.0,6890000.0,0.0,23900.0,23900.0,23600.0,23650.0,23700.0,HSX_FOREIGN_API,HOSE_SYMBOL_LEVEL,VND,2026-08-25T01:39:52Z,ff_hsx_symbol_daily_v1,8bfc3bedc90e2cac885f6cfa4b9d2bc6f95b5950d8cdcb4e7457a09a7e61a371
2026-04-17,ACB,HOSE,6236915000.0,26584020000.0,-20347105000.0,262500.0,1120650.0,-858150.0,0.0,570000000.0,0.0,25000.0,23700.0,23850.0,23650.0,23750.0,23750.0,HSX_FOREIGN_API,HOSE_SYMBOL_LEVEL,VND,2026-08-25T01:39:52Z,ff_hsx_symbol_daily_v1,37d09b8e3aa1a5e541439d03081cdc5df9ee2599425c6aae18cb84123583a6aa
2026-04-20,ACB,HOSE,54130315000.0,92267101200.0,-38136786200.0,2266600.0,3867605.0,-1601005.0,0.0,19341859200.0,0.0,812800.0,23850.0,24000.0,23750.0,23950.0,23900.0,HSX_FOREIGN_API,HOSE_SYMBOL_LEVEL,VND,2026-08-25T01:39:52Z,ff_hsx_symbol_daily_v1,e8b4685f43d58cdbb840f7646ae59f9c954060965b4bd7c1b7ec6f768d98f9e3
2026-04-21,ACB,HOSE,20097840000.0,89962254000.0,-69864414000.0,839600.0,3768900.0,-2929300.0,0.0,17502574000.0,0.0,733000.0,24000.0,24050.0,23750.0,23750.0,23900.0,HSX_FOREIGN_API,HOSE_SYMBOL_LEVEL,VND,2026-08-25T01:39:52Z,ff_hsx_symbol_daily_v1,f7b064b863c30860d194f1c4dbd13ebc251443944c668e63cc0f5f9f1c8027c0
2026-04-22,ACB,HOSE,64871863750.0,87809740000.0,-22937876250.0,2743341.0,3715640.0,-972299.0,0.0,950000.0,0.0,40.0,23750.0,23800.0,23550.0,23600.0,23650.0,HSX_FOREIGN_API,HOSE_SYMBOL_LEVEL,VND,2026-08-25T01:39:52Z,ff_hsx_symbol_daily_v1,cb586d120424a7d5e17d777b8c22bbca7c1b8d7d17ad1d7ec8ff0fb6b1ebc74a
2026-04-23,ACB,HOSE,28566610000.0,204930970000.0,-176364360000.0,1212100.0,8692200.0,-7480100.0,0.0,0.0,0.0,0.0,23550.0,23900.0,23500.0,23500.0,23600.0,HSX_FOREIGN_API,HOSE_SYMBOL_LEVEL,VND,2026-08-25T01:39:52Z,ff_hsx_symbol_daily_v1,f94102e7acf87b5293a5398d7c1c8908b3c36e0013c100109285004be026399d
2026-04-24,ACB,HOSE,39304617500.0,317824263050.0,-278519645550.0,1675618.0,13553303.0,-11877685.0,427500.0,878750.0,18.0,37.0,23550.0,23600.0,23300.0,23400.0,23450.0,HSX_FOREIGN_API,HOSE_SYMBOL_LEVEL,VND,2026-08-25T01:39:52Z,ff_hsx_symbol_daily_v1,f2d6fd6612b2e654d43dfa987acbebe70a83a8efa5148b1855632f0fc494244a
2026-04-28,ACB,HOSE,220847872500.0,278711307500.0,-57863435000.0,9425100.0,11896500.0,-2471400.0,193605282500.0,193605282500.0,8264900.0,8264900.0,23400.0,23500.0,23350.0,23500.0,23450.0,HSX_FOREIGN_API,HOSE_SYMBOL_LEVEL,VND,2026-08-25T01:39:52Z,ff_hsx_symbol_daily_v1,0f1b56cb8dbb8935bcb92b1f0dcb5e018206217955472a6e1cce8efce15da088
2026-04-29,ACB,HOSE,108664995000.0,217801277800.0,-109136282800.0,4643800.0,9308442.0,-4664642.0,105391260000.0,105392242800.0,4503900.0,4503942.0,23500.0,23550.0,23300.0,23500.0,23400.0,HSX_FOREIGN_API,HOSE_SYMBOL_LEVEL,VND,2026-08-25T01:39:52Z,ff_hsx_symbol_daily_v1,f3586fb638f058f87c0fdd523dc02987dd42d9af2cb2c684f1d18ae6fc53a77d
2026-05-04,ACB,HOSE,37533420000.0,377382149450.0,-339848729450.0,1609700.0,16239295.0,-14629595.0,0.0,193845280000.0,0.0,8355400.0,23550.0,23550.0,23100.0,23100.0,23250.0,HSX_FOREIGN_API,HOSE_SYMBOL_LEVEL,VND,2026-08-25T01:39:52Z,ff_hsx_symbol_daily_v1,d15db94b77f308d062a810d6e4b34d46b8aa002a3bc6850c89841639a697f98f
2026-05-05,ACB,HOSE,15758455000.0,442183230000.0,-426424775000.0,696910.0,19501900.0,-18804990.0,0.0,1075500000.0,0.0,50000.0,23100.0,23150.0,22500.0,22600.0,22700.0,HSX_FOREIGN_API,HOSE_SYMBOL_LEVEL,VND,2026-08-25T01:39:52Z,ff_hsx_symbol_daily_v1,a920b1ae596148683335f47a83e5a0be88ac42d543b40ad5d80da7467c2b454e
2026-05-06,ACB,HOSE,65831380000.0,279045146200.0,-213213766200.0,2863100.0,12225112.0,-9362012.0,0.0,271200.0,0.0,12.0,22650.0,23250.0,22650.0,23100.0,22850.0,HSX_FOREIGN_API,HOSE_SYMBOL_LEVEL,VND,2026-08-25T01:39:52Z,ff_hsx_symbol_daily_v1,cd9ebd6643bb7ba663170f17d9fa78ddb06005795aa483dcecfb9b1cfdddfe47
2026-05-07,ACB,HOSE,43667820000.0,340317012400.0,-296649192400.0,1900200.0,14829642.0,-12929442.0,0.0,1099977400.0,0.0,50042.0,23100.0,23200.0,22850.0,22900.0,22950.0,HSX_FOREIGN_API,HOSE_SYMBOL_LEVEL,VND,2026-08-25T01:39:52Z,ff_hsx_symbol_daily_v1,12285edb5aa0ce7da37f88de103a6a2ee21a502dfa0a61811037b31f64bc8e6f
2026-05-08,ACB,HOSE,41378982500.0,179787679600.0,-138408697100.0,1803650.0,7845121.0,-6041471.0,0.0,1089974600.0,0.0,50021.0,22900.0,23050.0,22850.0,22850.0,22950.0,HSX_FOREIGN_API,HOSE_SYMBOL_LEVEL,VND,2026-08-25T01:39:52Z,ff_hsx_symbol_daily_v1,0ba02edd673eabcda72ad6ca3a7af8cf62a640d4ee1357700ad37070d2847f70
2026-05-11,ACB,HOSE,15082960000.0,145816589750.0,-130733629750.0,658600.0,6375505.0,-5716905.0,0.0,0.0,0.0,0.0,23000.0,23000.0,22750.0,22750.0,22850.0,HSX_FOREIGN_API,HOSE_SYMBOL_LEVEL,VND,2026-08-25T01:39:52Z,ff_hsx_symbol_daily_v1,36a63e2802f8796432dfec5a895000c333209eeeea7d3fa78bf0156efa09f324
2026-05-12,ACB,HOSE,2625200000.0,132200771100.0,-129575571100.0,115400.0,5820259.0,-5704859.0,0.0,1094351100.0,0.0,50059.0,22800.0,22850.0,22650.0,22700.0,22700.0,HSX_FOREIGN_API,HOSE_SYMBOL_LEVEL,VND,2026-08-25T01:39:52Z,ff_hsx_symbol_daily_v1,0a9a29828bd355832cc067664c8ad4b0dac31f0115901f06dc7f2d9005b45be1
2026-05-13,ACB,HOSE,38031425000.0,297972590000.0,-259941165000.0,1684700.0,13224500.0,-11539800.0,0.0,1198450000.0,0.0,55000.0,22700.0,22750.0,22400.0,22500.0,22550.0,HSX_FOREIGN_API,HOSE_SYMBOL_LEVEL,VND,2026-08-25T01:39:52Z,ff_hsx_symbol_daily_v1,af87de52a0802575465a86bfad7665608a680c15604f3b363ed28ff5c9c0e0e3
2026-05-14,ACB,HOSE,225781861000.0,153192767500.0,72589093500.0,10349935.0,6750315.0,3599620.0,181289556000.0,0.0,8393035.0,0.0,22500.0,22900.0,22500.0,22800.0,22700.0,HSX_FOREIGN_API,HOSE_SYMBOL_LEVEL,VND,2026-08-25T01:39:52Z,ff_hsx_symbol_daily_v1,754ba7ac5e30c2540f36fb4bed6fe1258964ba82b82ef9020a599c57743b9f69
2026-05-15,ACB,HOSE,140559815000.0,148341493250.0,-7781678250.0,6063700.0,6394551.0,-330851.0,0.0,1135000.0,0.0,50.0,22800.0,23350.0,22800.0,23300.0,23200.0,HSX_FOREIGN_API,HOSE_SYMBOL_LEVEL,VND,2026-08-25T01:39:52Z,ff_hsx_symbol_daily_v1,4c48b3bc27bc49f67fc8f96026dd1680f3543196b2fa027126b54cf62a6276df
2026-05-18,ACB,HOSE,3464595000.0,173466438700.0,-170001843700.0,150500.0,7534939.0,-7384439.0,0.0,908700.0,0.0,39.0,23100.0,23250.0,22900.0,23000.0,23000.0,HSX_FOREIGN_API,HOSE_SYMBOL_LEVEL,VND,2026-08-25T01:39:52Z,ff_hsx_symbol_daily_v1,ab2d3c708a978a4e9f6f94d5c7c67b0f9ced79cae818041d763d90bda1454e0c
2026-05-19,ACB,HOSE,15928955000.0,167253363850.0,-151324408850.0,716325.0,7291657.0,-6575332.0,10950000000.0,0.0,500000.0,0.0,23000.0,23100.0,22800.0,22800.0,22950.0,HSX_FOREIGN_API,HOSE_SYMBOL_LEVEL,VND,2026-08-25T01:39:52Z,ff_hsx_symbol_daily_v1,d07e1b62f8decd3aa179030220ce5d12b00cd0cf669b92cb773c21aedded0a3f
2026-05-20,ACB,HOSE,25516385000.0,167358593350.0,-141842208350.0,1123300.0,7388614.0,-6265314.0,0.0,0.0,0.0,0.0,22800.0,22800.0,22450.0,22650.0,22650.0,HSX_FOREIGN_API,HOSE_SYMBOL_LEVEL,VND,2026-08-25T01:39:52Z,ff_hsx_symbol_daily_v1,7df8503a6a4c1d6e70dd1f502cb20aa4dc63c3c03185c3cb2d30b231c23df8f3
2026-05-21,ACB,HOSE,28740876000.0,161203140000.0,-132462264000.0,1262684.0,7073200.0,-5810516.0,0.0,0.0,0.0,0.0,22700.0,22900.0,22650.0,22800.0,22800.0,HSX_FOREIGN_API,HOSE_SYMBOL_LEVEL,VND,2026-08-25T01:39:52Z,ff_hsx_symbol_daily_v1,8e19d74875f0c8b575e38b55ac6d21e5fd7ac76fccb5b30cd8bec3765ea2ac2f
2026-05-22,ACB,HOSE,204452223100.0,143791755000.0,60660468100.0,9331049.0,6289200.0,3041849.0,202019813100.0,0.0,9224649.0,0.0,22800.0,22950.0,22700.0,22850.0,22850.0,HSX_FOREIGN_API,HOSE_SYMBOL_LEVEL,VND,2026-08-25T01:39:52Z,ff_hsx_symbol_daily_v1,c0f778670fef38cb955869d8c82994275b4a319f722cdf5d82f4a578b38b2785
2026-05-25,ACB,HOSE,85876390000.0,221394009050.0,-135517619050.0,3674900.0,9493180.0,-5818280.0,0.0,1436400.0,0.0,63.0,22950.0,23600.0,22950.0,23550.0,23350.0,HSX_FOREIGN_API,HOSE_SYMBOL_LEVEL,VND,2026-08-25T01:39:52Z,ff_hsx_symbol_daily_v1,ae929a50e1dce1a81c91d3a4226dd59f77d9c0b3b87e3b81258ad60a9ab835de
2026-05-26,ACB,HOSE,189975462800.0,140739991500.0,49235471300.0,7772508.0,5754497.0,2018011.0,182800.0,182800.0,8.0,8.0,23600.0,24900.0,23550.0,24800.0,24450.0,HSX_FOREIGN_API,HOSE_SYMBOL_LEVEL,VND,2026-08-25T01:39:52Z,ff_hsx_symbol_daily_v1,15394a1e09b5c28ec3ea5c75fe5e2bad196660a75655e007d3d575a788266a39
2026-05-27,ACB,HOSE,210434629750.0,153722193000.0,56712436750.0,8552865.0,6122069.0,2430796.0,80437751000.0,20512751000.0,3363000.0,813000.0,24850.0,25450.0,24550.0,25200.0,25050.0,HSX_FOREIGN_API,HOSE_SYMBOL_LEVEL,VND,2026-08-25T01:39:52Z,ff_hsx_symbol_daily_v1,0b015e92d8759a42489c566fe023df7223585e6262247cf87b8de1dbb39732ab
2026-05-28,ACB,HOSE,139162747400.0,30392007600.0,108770739800.0,5580882.0,1219937.0,4360945.0,0.0,917600.0,0.0,37.0,25100.0,25300.0,24650.0,24650.0,24900.0,HSX_FOREIGN_API,HOSE_SYMBOL_LEVEL,VND,2026-08-25T01:39:52Z,ff_hsx_symbol_daily_v1,274b6ab6d55ba94e54de751c3db423cd670455c88d56f2a2f1edc3375f1cac4a
2026-05-29,ACB,HOSE,27277975000.0,95541670000.0,-68263695000.0,1101750.0,3842100.0,-2740350.0,0.0,0.0,0.0,0.0,24500.0,25200.0,24500.0,24900.0,24850.0,HSX_FOREIGN_API,HOSE_SYMBOL_LEVEL,VND,2026-08-25T01:39:52Z,ff_hsx_symbol_daily_v1,473f2bc660fc4e04383eb8df19b5bae3fb4e7b787d47fc1e8feb186d77a78abc
2026-06-01,ACB,HOSE,43058310000.0,152060475000.0,-109002165000.0,1736500.0,6136800.0,-4400300.0,0.0,0.0,0.0,0.0,24900.0,25050.0,24550.0,24900.0,24800.0,HSX_FOREIGN_API,HOSE_SYMBOL_LEVEL,VND,2026-08-25T01:39:52Z,ff_hsx_symbol_daily_v1,cbd6c9b6210567d67b817618277e2ab1414c71bb9f063d38c3b1891097ad09c8
2026-06-02,ACB,HOSE,109501375000.0,228200889550.0,-118699514550.0,4373650.0,9126724.0,-4753074.0,0.0,722100.0,0.0,29.0,24900.0,25400.0,24750.0,25100.0,25050.0,HSX_FOREIGN_API,HOSE_SYMBOL_LEVEL,VND,2026-08-25T01:39:52Z,ff_hsx_symbol_daily_v1,060ba42f2c6ccc4591a8d2f986006e52e01dc412019ab2b1499ebf857bd2bf15
2026-06-03,ACB,HOSE,56178950000.0,448901196300.0,-392722246300.0,2189300.0,17466917.0,-15277617.0,0.0,0.0,0.0,0.0,24900.0,26200.0,24900.0,26000.0,25750.0,HSX_FOREIGN_API,HOSE_SYMBOL_LEVEL,VND,2026-08-25T01:39:52Z,ff_hsx_symbol_daily_v1,09e67326b52ef3141b96d8f9ab93a6bfaf1e45fc11315fd914c26c2e926d13a9
2026-06-04,ACB,HOSE,712726779700.0,802552210800.0,-89825431100.0,27118102.0,30530754.0,-3412652.0,428602514600.0,428602866000.0,16302000.0,16302014.0,26000.0,26500.0,25900.0,26250.0,26300.0,HSX_FOREIGN_API,HOSE_SYMBOL_LEVEL,VND,2026-08-25T01:39:52Z,ff_hsx_symbol_daily_v1,62a5515722e2beb986faaa8c068436ecb9945bda781a437ee27d8a6fb331d570
2026-06-05,ACB,HOSE,287169631800.0,31968547400.0,255201084400.0,11000212.0,1224900.0,9775312.0,35104012400.0,16881612400.0,1347600.0,647600.0,26200.0,26300.0,25850.0,26150.0,26100.0,HSX_FOREIGN_API,HOSE_SYMBOL_LEVEL,VND,2026-08-25T01:39:52Z,ff_hsx_symbol_daily_v1,4b0f1d1995cb22590a323f314eb03714afd3d1d051774e6aded523f23ea70c8a
2026-06-08,ACB,HOSE,136444322000.0,38661715000.0,97782607000.0,5374277.0,1517424.0,3856853.0,0.0,630000.0,0.0,24.0,25700.0,26000.0,25150.0,25250.0,25400.0,HSX_FOREIGN_API,HOSE_SYMBOL_LEVEL,VND,2026-08-25T01:39:52Z,ff_hsx_symbol_daily_v1,1a588447fc245b3a8d801834ed603fc578b53c74892fde3a82671419709a7cf3
2026-06-09,ACB,HOSE,116896899250.0,178524633850.0,-61627734600.0,4513565.0,6817504.0,-2303939.0,0.0,0.0,0.0,0.0,25350.0,26500.0,25350.0,26500.0,26100.0,HSX_FOREIGN_API,HOSE_SYMBOL_LEVEL,VND,2026-08-25T01:39:52Z,ff_hsx_symbol_daily_v1,6f54d09d1a95617138e10e4da4c3765bf0416236bbe66fe00a076380a57b447f
2026-06-10,ACB,HOSE,97673089400.0,127820360000.0,-30147270600.0,3684826.0,4785400.0,-1100574.0,0.0,0.0,0.0,0.0,26500.0,27050.0,26150.0,26500.0,26700.0,HSX_FOREIGN_API,HOSE_SYMBOL_LEVEL,VND,2026-08-25T01:39:52Z,ff_hsx_symbol_daily_v1,adc7c67426827a807a9b310c31da70ad1c841f8237faa19f372d919a50d874ec
2026-06-11,ACB,HOSE,34345486100.0,32684385850.0,1661100250.0,1299415.0,1239352.0,60063.0,0.0,424000.0,0.0,16.0,26200.0,26550.0,26200.0,26500.0,26450.0,HSX_FOREIGN_API,HOSE_SYMBOL_LEVEL,VND,2026-08-25T01:39:52Z,ff_hsx_symbol_daily_v1,8bc6c82ccbd1b987162fd87839216698cd570cfbb0fd6a753523fa147a655d7f
2026-06-12,ACB,HOSE,252523949550.0,202572141950.0,49951807600.0,9384571.0,7526951.0,1857620.0,0.0,0.0,0.0,0.0,26700.0,27100.0,26500.0,26500.0,26900.0,HSX_FOREIGN_API,HOSE_SYMBOL_LEVEL,VND,2026-08-25T01:39:52Z,ff_hsx_symbol_daily_v1,710c846bdcfd4f4d92b9e75b2d59a1b50745852d1017a5579d97bfdaa32e977a
2026-06-15,ACB,HOSE,53169583600.0,117733115000.0,-64563531400.0,2335672.0,5173750.0,-2838078.0,0.0,0.0,0.0,0.0,23100.0,23100.0,22500.0,22750.0,22750.0,HSX_FOREIGN_API,HOSE_SYMBOL_LEVEL,VND,2026-08-25T01:39:52Z,ff_hsx_symbol_daily_v1,c7e03b4027b0a1966336e11ad0ee012e1cf3ba512af45a89a849972debbe0e3d
2026-06-16,ACB,HOSE,5468187700.0,20704421800.0,-15236234100.0,241581.0,919652.0,-678071.0,0.0,0.0,0.0,0.0,22800.0,22850.0,22300.0,22300.0,22550.0,HSX_FOREIGN_API,HOSE_SYMBOL_LEVEL,VND,2026-08-25T01:39:52Z,ff_hsx_symbol_daily_v1,1a54c562535f82ee210913e62299d7cd5b37e8dfccc244c49aa7b2befa4a1950
2026-06-17,ACB,HOSE,54476459000.0,17887470000.0,36588989000.0,2468902.0,809300.0,1659602.0,0.0,0.0,0.0,0.0,22300.0,22300.0,21900.0,22000.0,22050.0,HSX_FOREIGN_API,HOSE_SYMBOL_LEVEL,VND,2026-08-25T01:39:52Z,ff_hsx_symbol_daily_v1,1d28fda59d63bd09a776f555429207bca20ae4eb2b05ab6e82919c5df34368ea
2026-06-18,ACB,HOSE,66056198100.0,43126003000.0,22930195100.0,2946338.0,1927575.0,1018763.0,0.0,1003500.0,0.0,45.0,22000.0,22550.0,22000.0,22400.0,22350.0,HSX_FOREIGN_API,HOSE_SYMBOL_LEVEL,VND,2026-08-25T01:39:52Z,ff_hsx_symbol_daily_v1,39de665397ed8f43d566509bfc5c889361ab216647e34bc3e7333ba58b10e8b5
2026-06-19,ACB,HOSE,3254030050.0,27345655000.0,-24091624950.0,146209.0,1232100.0,-1085891.0,0.0,0.0,0.0,0.0,22400.0,22450.0,22050.0,22200.0,22200.0,HSX_FOREIGN_API,HOSE_SYMBOL_LEVEL,VND,2026-08-25T01:39:52Z,ff_hsx_symbol_daily_v1,d9f8db4e51ea785a6b53bbd34ddc6a4bf327e607d3e110b62518484a5ac8694b
2026-06-22,ACB,HOSE,3663222250.0,38517631800.0,-34854409550.0,165361.0,1746422.0,-1581061.0,0.0,403200.0,0.0,18.0,22200.0,22300.0,21950.0,22000.0,22050.0,HSX_FOREIGN_API,HOSE_SYMBOL_LEVEL,VND,2026-08-25T01:39:52Z,ff_hsx_symbol_daily_v1,c52fa23d75fc3fca8f1e9f69c05dde850833455aed8b05990063fd6dbbf7f2c0
2026-06-23,ACB,HOSE,100169846450.0,64464989600.0,35704856850.0,4452293.0,2871943.0,1580350.0,0.0,66600.0,0.0,3.0,22000.0,22850.0,21900.0,22350.0,22450.0,HSX_FOREIGN_API,HOSE_SYMBOL_LEVEL,VND,2026-08-25T01:39:52Z,ff_hsx_symbol_daily_v1,ff844fd1dfe39d1abf3a729a407f4f883be827ba95f206fa9c43ad52d135215f
2026-06-24,ACB,HOSE,15972104350.0,17254875800.0,-1282771450.0,712380.0,770851.0,-58471.0,0.0,177600.0,0.0,8.0,22350.0,22700.0,22300.0,22500.0,22450.0,HSX_FOREIGN_API,HOSE_SYMBOL_LEVEL,VND,2026-08-25T01:39:52Z,ff_hsx_symbol_daily_v1,970402cc12e3f1b9042dcba1d67caddb7a7ba0f57f124d06c342948442e62650
2026-06-25,ACB,HOSE,33908845000.0,33503210000.0,405635000.0,1504410.0,1492500.0,11910.0,0.0,0.0,0.0,0.0,22550.0,22700.0,22350.0,22400.0,22500.0,HSX_FOREIGN_API,HOSE_SYMBOL_LEVEL,VND,2026-08-25T01:39:52Z,ff_hsx_symbol_daily_v1,1f91c51903467cdadbddc814cc81acf21b938624716122d5faae834427d8cff8
2026-06-26,ACB,HOSE,73362675000.0,5925555000.0,67437120000.0,3266900.0,264400.0,3002500.0,0.0,0.0,0.0,0.0,22350.0,22650.0,22350.0,22600.0,22450.0,HSX_FOREIGN_API,HOSE_SYMBOL_LEVEL,VND,2026-08-25T01:39:52Z,ff_hsx_symbol_daily_v1,34b78b5f10a63e181b78d3dff5cae189b2b3f53a1c83004a286862744fcd7fc6
2026-06-29,ACB,HOSE,26813083000.0,9881323100.0,16931759900.0,1174510.0,432790.0,741720.0,0.0,1164800.0,0.0,52.0,22600.0,23000.0,22600.0,22900.0,22850.0,HSX_FOREIGN_API,HOSE_SYMBOL_LEVEL,VND,2026-08-25T01:39:52Z,ff_hsx_symbol_daily_v1,1e007da27241a2cac9e5993d0df3386722025a5ba57ff5d4fb6453145b2c1323
2026-06-30,ACB,HOSE,13136655000.0,12005700000.0,1130955000.0,579100.0,528500.0,50600.0,0.0,0.0,0.0,0.0,22950.0,22950.0,22600.0,22650.0,22750.0,HSX_FOREIGN_API,HOSE_SYMBOL_LEVEL,VND,2026-08-25T01:39:52Z,ff_hsx_symbol_daily_v1,e93a62ccd1cff42cffcbbe91466d5a7f0916257e43d79b922d0e5e6a21943c18
2026-07-01,ACB,HOSE,5455099300.0,11343620000.0,-5888520700.0,241237.0,501300.0,-260063.0,0.0,0.0,0.0,0.0,22650.0,22800.0,22450.0,22650.0,22600.0,HSX_FOREIGN_API,HOSE_SYMBOL_LEVEL,VND,2026-08-25T01:39:52Z,ff_hsx_symbol_daily_v1,c0dd675ecf6c749084a7edf47ded90d3b8cdc87d9dab6b1dfd7b1284cea26350
2026-07-02,ACB,HOSE,3295610000.0,58628940000.0,-55333330000.0,145300.0,2587800.0,-2442500.0,0.0,0.0,0.0,0.0,22650.0,23000.0,22550.0,22650.0,22700.0,HSX_FOREIGN_API,HOSE_SYMBOL_LEVEL,VND,2026-08-25T01:39:52Z,ff_hsx_symbol_daily_v1,68a2c3ac22a73c5bb57768e524c2a6bc12f601e87062689bc76543b365d63c71
2026-07-03,ACB,HOSE,2805290000.0,46837797200.0,-44032507200.0,124400.0,2080822.0,-1956422.0,0.0,0.0,0.0,0.0,22550.0,22650.0,22450.0,22650.0,22550.0,HSX_FOREIGN_API,HOSE_SYMBOL_LEVEL,VND,2026-08-25T01:39:52Z,ff_hsx_symbol_daily_v1,8ba5a431b0e2404797256f5d3dc4b25bd26b150de30bdb5a568df04c311f133b
2026-07-06,ACB,HOSE,23358355000.0,26748498000.0,-3390143000.0,1043100.0,1193820.0,-150720.0,0.0,453000.0,0.0,20.0,22650.0,22700.0,22050.0,22200.0,22400.0,HSX_FOREIGN_API,HOSE_SYMBOL_LEVEL,VND,2026-08-25T01:39:52Z,ff_hsx_symbol_daily_v1,0b0e4a0af3e362be413badad49a29d31144cb65fbff124deb5a6b1320084c423
2026-07-07,ACB,HOSE,47543940000.0,34480145000.0,13063795000.0,2128500.0,1546500.0,582000.0,0.0,0.0,0.0,0.0,22200.0,22600.0,22150.0,22600.0,22350.0,HSX_FOREIGN_API,HOSE_SYMBOL_LEVEL,VND,2026-08-25T01:39:52Z,ff_hsx_symbol_daily_v1,1670d022cd1933bdcf212135f5fb573d51a9a179a5a401a4b922efed75cdc5c4
2026-07-08,ACB,HOSE,33957340000.0,3381590600.0,30575749400.0,1494500.0,149178.0,1345322.0,0.0,0.0,0.0,0.0,22600.0,22850.0,22550.0,22700.0,22700.0,HSX_FOREIGN_API,HOSE_SYMBOL_LEVEL,VND,2026-08-25T01:39:52Z,ff_hsx_symbol_daily_v1,4a1fd9827d6a53599e92a8723e706c4397dff7d05a36d384fea88675a1de443a
2026-07-09,ACB,HOSE,36724192650.0,18370250650.0,18353942000.0,1608529.0,797665.0,810864.0,0.0,0.0,0.0,0.0,22600.0,23200.0,22450.0,22800.0,22900.0,HSX_FOREIGN_API,HOSE_SYMBOL_LEVEL,VND,2026-08-25T01:39:52Z,ff_hsx_symbol_daily_v1,2c2805759b6c0a803f58b7f583af6c2310d020c9a24ab9f84ad4d904581687af
2026-07-10,ACB,HOSE,35075686036.0,57759036136.0,-22683350100.0,1539732.0,2540544.0,-1000812.0,32790154536.0,32790154536.0,1438922.0,1438922.0,22800.0,22850.0,22550.0,22550.0,22650.0,HSX_FOREIGN_API,HOSE_SYMBOL_LEVEL,VND,2026-08-25T01:39:52Z,ff_hsx_symbol_daily_v1,f99a7ac700b2550f1acb69ab4bafc4c49f1df583bbf2d56f5681b8ac8fcd69f7
2026-07-13,ACB,HOSE,5927945000.0,27574955000.0,-21647010000.0,263300.0,1224300.0,-961000.0,0.0,0.0,0.0,0.0,22500.0,22650.0,22300.0,22450.0,22500.0,HSX_FOREIGN_API,HOSE_SYMBOL_LEVEL,VND,2026-08-25T01:39:52Z,ff_hsx_symbol_daily_v1,d775b99680861672615b24938c92b3faea769e8e7bb520bc7f49698368a49f1a
2026-07-14,ACB,HOSE,43875080800.0,17135925000.0,26739155800.0,1926604.0,751300.0,1175304.0,0.0,0.0,0.0,0.0,22350.0,23100.0,22300.0,22850.0,22800.0,HSX_FOREIGN_API,HOSE_SYMBOL_LEVEL,VND,2026-08-25T01:39:52Z,ff_hsx_symbol_daily_v1,634eae66263307067625d0080c000ec80700857060d49d1247c1cc9b8dfefe3d
2026-07-15,ACB,HOSE,35692275000.0,51107778000.0,-15415503000.0,1558500.0,2216640.0,-658140.0,0.0,888000.0,0.0,40.0,22850.0,23300.0,22750.0,23100.0,23000.0,HSX_FOREIGN_API,HOSE_SYMBOL_LEVEL,VND,2026-08-25T01:39:52Z,ff_hsx_symbol_daily_v1,e8cc227c534211e5a06d5fdaa46140417ae2ec3c7e8c9f65d2a1c90424b32355
2026-07-16,ACB,HOSE,266210880750.0,48705345000.0,217505535750.0,11320435.0,2073720.0,9246715.0,0.0,0.0,0.0,0.0,22950.0,23750.0,22950.0,23750.0,23500.0,HSX_FOREIGN_API,HOSE_SYMBOL_LEVEL,VND,2026-08-25T01:39:52Z,ff_hsx_symbol_daily_v1,068b5cfe4bcf49e588ce64ac733bc85d0a09d773508d336a0e906831910f8fe6
2026-07-17,ACB,HOSE,27819440750.0,69440939700.0,-41621498950.0,1182236.0,2951142.0,-1768906.0,0.0,959700.0,0.0,42.0,23800.0,23850.0,23350.0,23550.0,23500.0,HSX_FOREIGN_API,HOSE_SYMBOL_LEVEL,VND,2026-08-25T01:39:52Z,ff_hsx_symbol_daily_v1,fba6752d2acc982d341bb777aece356aa104fd61f6d9e9a509075397cf1b5be0
2026-07-20,ACB,HOSE,7624685000.0,20149478050.0,-12524793050.0,329900.0,873144.0,-543244.0,0.0,0.0,0.0,0.0,23500.0,23500.0,22650.0,22850.0,23050.0,HSX_FOREIGN_API,HOSE_SYMBOL_LEVEL,VND,2026-08-25T01:39:52Z,ff_hsx_symbol_daily_v1,9c778524459d883203745a77bf32be446b1de21039afaf748030ac61caada8fd
2026-07-21,ACB,HOSE,20086965000.0,85800061300.0,-65713096300.0,876300.0,3748734.0,-2872434.0,0.0,0.0,0.0,0.0,22600.0,23150.0,22600.0,22850.0,22900.0,HSX_FOREIGN_API,HOSE_SYMBOL_LEVEL,VND,2026-08-25T01:39:52Z,ff_hsx_symbol_daily_v1,b528b6f721a3bbbf44bd47c9b78bf51a42f4f32e977bb407d2baaf88d7aaed36
2026-07-22,ACB,HOSE,22294374000.0,213792947450.0,-191498573450.0,976540.0,9463555.0,-8487015.0,0.0,0.0,0.0,0.0,22950.0,23100.0,22400.0,22400.0,22650.0,HSX_FOREIGN_API,HOSE_SYMBOL_LEVEL,VND,2026-08-25T01:39:52Z,ff_hsx_symbol_daily_v1,bca8d8adff2fc2805de96c7bc5325fed838919b7f2b9c2cf3713043441a88acc
2026-07-23,ACB,HOSE,50115245000.0,65743600400.0,-15628355400.0,2263500.0,2951495.0,-687995.0,0.0,0.0,0.0,0.0,22400.0,22750.0,21650.0,22500.0,22150.0,HSX_FOREIGN_API,HOSE_SYMBOL_LEVEL,VND,2026-08-25T01:39:52Z,ff_hsx_symbol_daily_v1,b29988ddde079dffdf1d1e2320120146b93a28ae2353c8ea3421f10d8d0120f3
2026-07-24,ACB,HOSE,33469717300.0,79410314900.0,-45940597600.0,1493401.0,3534613.0,-2041212.0,0.0,0.0,0.0,0.0,22100.0,22650.0,22100.0,22500.0,22450.0,HSX_FOREIGN_API,HOSE_SYMBOL_LEVEL,VND,2026-08-25T01:39:52Z,ff_hsx_symbol_daily_v1,d28c6fcaade7cd30c911110d98ac21f74582e85db007df80846b15bd92ae1553
2026-07-27,ACB,HOSE,59354495000.0,104436715750.0,-45082220750.0,2638000.0,4646465.0,-2008465.0,0.0,0.0,0.0,0.0,22500.0,22600.0,22300.0,22300.0,22500.0,HSX_FOREIGN_API,HOSE_SYMBOL_LEVEL,VND,2026-08-25T01:39:52Z,ff_hsx_symbol_daily_v1,1303ad7127d3a7b56e341b95c4ec8119dc063b3afdd51cf9decb15d6bfb1d2e1
2026-07-28,ACB,HOSE,44081455000.0,40454535500.0,3626919500.0,1974000.0,1806800.0,167200.0,20070000000.0,20070000000.0,900000.0,900000.0,22150.0,22650.0,22100.0,22500.0,22400.0,HSX_FOREIGN_API,HOSE_SYMBOL_LEVEL,VND,2026-08-25T01:39:52Z,ff_hsx_symbol_daily_v1,8bad798e6e4a5bc5d512efe60ac225dc632be02becf8cc361825b698dd8089ee
2026-07-29,ACB,HOSE,16291127450.0,62162610650.0,-45871483200.0,729667.0,2781783.0,-2052116.0,0.0,0.0,0.0,0.0,22350.0,22550.0,22100.0,22300.0,22350.0,HSX_FOREIGN_API,HOSE_SYMBOL_LEVEL,VND,2026-08-25T01:39:52Z,ff_hsx_symbol_daily_v1,ef308e81c67952191046246a2e9178305b7277b37a74e3ea59548b3ff98f88ac
2026-07-30,ACB,HOSE,28715222500.0,91884332650.0,-63169110150.0,1287680.0,4113654.0,-2825974.0,18747610000.0,18747610000.0,840700.0,840700.0,22200.0,22550.0,22150.0,22350.0,22350.0,HSX_FOREIGN_API,HOSE_SYMBOL_LEVEL,VND,2026-08-25T01:39:52Z,ff_hsx_symbol_daily_v1,eef562e020104787a8c7647df79e7a62fcfe778186f4efe8b563cc0f2887cf93
2026-07-31,ACB,HOSE,9263009000.0,68256120700.0,-58993111700.0,418604.0,3073259.0,-2654655.0,0.0,0.0,0.0,0.0,22600.0,22600.0,21800.0,21900.0,22100.0,HSX_FOREIGN_API,HOSE_SYMBOL_LEVEL,VND,2026-08-25T01:39:52Z,ff_hsx_symbol_daily_v1,d69728e32bd4f7e39eb2ae572255d8a3a70d4404f7345ae05ef99cdf1c593fe5
2026-08-03,ACB,HOSE,15558630000.0,28272590550.0,-12713960550.0,698150.0,1267097.0,-568947.0,0.0,0.0,0.0,0.0,22000.0,22550.0,21950.0,22550.0,22350.0,HSX_FOREIGN_API,HOSE_SYMBOL_LEVEL,VND,2026-08-25T01:39:52Z,ff_hsx_symbol_daily_v1,a20bd4f3c251fc3cc7ef97bc3cc2f620cc14960b7a838a20881c5404d46bf88a
2026-08-04,ACB,HOSE,17398325000.0,41504165000.0,-24105840000.0,773600.0,1854700.0,-1081100.0,0.0,0.0,0.0,0.0,22600.0,22650.0,22250.0,22450.0,22450.0,HSX_FOREIGN_API,HOSE_SYMBOL_LEVEL,VND,2026-08-25T01:39:52Z,ff_hsx_symbol_daily_v1,4a8cbaec6caba7c7c82d27ffea31c3e251db9cec54b85ee36fda4dfd2f5f664f
2026-08-05,ACB,HOSE,49782895000.0,44750539600.0,5032355400.0,2229200.0,2002479.0,226721.0,0.0,0.0,0.0,0.0,22450.0,22550.0,22250.0,22450.0,22350.0,HSX_FOREIGN_API,HOSE_SYMBOL_LEVEL,VND,2026-08-25T01:39:52Z,ff_hsx_symbol_daily_v1,bd7efdb90e85ffaf0e26eec34215ccb4617c0309d005de3aaf0468fdd960d64e
2026-08-06,ACB,HOSE,6639944300.0,47215565000.0,-40575620700.0,298039.0,2124380.0,-1826341.0,0.0,0.0,0.0,0.0,22400.0,22500.0,22150.0,22150.0,22250.0,HSX_FOREIGN_API,HOSE_SYMBOL_LEVEL,VND,2026-08-25T01:39:52Z,ff_hsx_symbol_daily_v1,70141cc9a2cda894cde5710432f5553077c0a18fb590f1baa273e7254e0d6a9e
2026-08-07,ACB,HOSE,11215665000.0,10569067700.0,646597300.0,502750.0,473852.0,28898.0,0.0,0.0,0.0,0.0,22050.0,22500.0,22050.0,22400.0,22350.0,HSX_FOREIGN_API,HOSE_SYMBOL_LEVEL,VND,2026-08-25T01:39:52Z,ff_hsx_symbol_daily_v1,e11f296aca8c96407756afdaa69135f1d9b1ee2b47aaa0b4a82c07382b00e84d
2026-08-10,ACB,HOSE,39876595000.0,44134743000.0,-4258148000.0,1761900.0,1945579.0,-183679.0,0.0,0.0,0.0,0.0,22400.0,22800.0,22350.0,22650.0,22650.0,HSX_FOREIGN_API,HOSE_SYMBOL_LEVEL,VND,2026-08-25T01:39:52Z,ff_hsx_symbol_daily_v1,6d39ab06dd4c9d20521976f53f3047f6727d220457e8b847dcfbf8cc52b1b747
2026-08-11,ACB,HOSE,29247139750.0,85946315800.0,-56699176050.0,1291715.0,3796285.0,-2504570.0,0.0,0.0,0.0,0.0,22650.0,22750.0,22500.0,22650.0,22650.0,HSX_FOREIGN_API,HOSE_SYMBOL_LEVEL,VND,2026-08-25T01:39:52Z,ff_hsx_symbol_daily_v1,2182de828222452b489c818a85771aaa2abd7691bf3682f2a58a3ff065aab601
2026-08-12,ACB,HOSE,30213858500.0,90130513100.0,-59916654600.0,1329616.0,3963103.0,-2633487.0,0.0,0.0,0.0,0.0,22650.0,22800.0,22600.0,22750.0,22750.0,HSX_FOREIGN_API,HOSE_SYMBOL_LEVEL,VND,2026-08-25T01:39:52Z,ff_hsx_symbol_daily_v1,abf733903d90dc1796ca904ff13eb91c1a3d97068583e125ec91381bc4489d9e
2026-08-13,ACB,HOSE,23874326000.0,116727574050.0,-92853248050.0,1101130.0,5231399.0,-4130269.0,15003876000.0,15003876000.0,707730.0,707730.0,22750.0,22800.0,22200.0,22200.0,22500.0,HSX_FOREIGN_API,HOSE_SYMBOL_LEVEL,VND,2026-08-25T01:39:52Z,ff_hsx_symbol_daily_v1,59076e84f51f6c4a546dfa4102f09943eeffc5b0a0ddeaf987bb4994dd174821
2026-08-14,ACB,HOSE,14813715000.0,49207486200.0,-34393771200.0,667500.0,2216671.0,-1549171.0,0.0,0.0,0.0,0.0,22200.0,22300.0,22100.0,22150.0,22200.0,HSX_FOREIGN_API,HOSE_SYMBOL_LEVEL,VND,2026-08-25T01:39:52Z,ff_hsx_symbol_daily_v1,07fe072159fb4e0015a70732bf2248e59e567dc6125f7a3a2c2088ac77633259
2026-08-17,ACB,HOSE,7995470000.0,104256257250.0,-96260787250.0,362400.0,4731982.0,-4369582.0,0.0,0.0,0.0,0.0,22150.0,22300.0,21850.0,21850.0,22050.0,HSX_FOREIGN_API,HOSE_SYMBOL_LEVEL,VND,2026-08-25T01:39:52Z,ff_hsx_symbol_daily_v1,f5f677f5feefc7e79911111185e400a4664e663f938ee00482ad396eeb102984
2026-08-18,ACB,HOSE,8978460000.0,32436944250.0,-23458484250.0,410800.0,1489195.0,-1078395.0,0.0,0.0,0.0,0.0,21850.0,22100.0,21550.0,21650.0,21800.0,HSX_FOREIGN_API,HOSE_SYMBOL_LEVEL,VND,2026-08-25T01:39:52Z,ff_hsx_symbol_daily_v1,41b31bfc12b5fe912fb6562385d9fca79b734416e3e563b5720e6506d0c6a467
2026-08-19,ACB,HOSE,10528525000.0,63474877500.0,-52946352500.0,484200.0,2919022.0,-2434822.0,0.0,0.0,0.0,0.0,21650.0,21900.0,21600.0,21800.0,21750.0,HSX_FOREIGN_API,HOSE_SYMBOL_LEVEL,VND,2026-08-25T01:39:52Z,ff_hsx_symbol_daily_v1,d5fa2e1e2ea4fc94883cce816d6e27b17f1a02138c4705c62f118bf45c5e18bc
2026-08-20,ACB,HOSE,8617140000.0,37777556100.0,-29160416100.0,391700.0,1719376.0,-1327676.0,0.0,0.0,0.0,0.0,21850.0,22100.0,21850.0,21950.0,22000.0,HSX_FOREIGN_API,HOSE_SYMBOL_LEVEL,VND,2026-08-25T01:39:52Z,ff_hsx_symbol_daily_v1,f07e2027021783059af741618bab8d204eae98f3f4e45bd7d36a6dbbaf3ebc13
2026-08-21,ACB,HOSE,27660980000.0,14178603200.0,13482376800.0,1242000.0,636890.0,605110.0,0.0,0.0,0.0,0.0,21950.0,22750.0,21900.0,22750.0,22400.0,HSX_FOREIGN_API,HOSE_SYMBOL_LEVEL,VND,2026-08-25T01:39:52Z,ff_hsx_symbol_daily_v1,26494e6502103bc8ed9871d24c9c2af0bd808958be9a52805059af5a94ff0f52
2026-08-24,ACB,HOSE,11321595000.0,11064840300.0,256754700.0,501500.0,490839.0,10661.0,0.0,0.0,0.0,0.0,22750.0,22750.0,22450.0,22500.0,22550.0,HSX_FOREIGN_API,HOSE_SYMBOL_LEVEL,VND,2026-08-25T01:39:52Z,ff_hsx_symbol_daily_v1,7f87b8fc6baf14d58f4b4bdc9cae2d3fe2f7716b28d65f47d20a5d3a9ca87be0
