trade_date,symbol,exchange,foreign_buy_value,foreign_sell_value,foreign_net_value,foreign_buy_volume,foreign_sell_volume,foreign_net_volume,biglot_buy_value,biglot_sell_value,biglot_buy_volume,biglot_sell_volume,open_price,high_price,low_price,close_price,average_price,source,source_scope,source_units,fetched_at,schema_version,row_hash
2022-01-19,HHV,HOSE,0.0,0.0,0.0,0.0,0.0,0.0,0.0,0.0,0.0,0.0,0.0,0.0,0.0,0.0,0.0,HSX_FOREIGN_API,HOSE_SYMBOL_LEVEL,VND,2026-08-25T03:10:54Z,ff_hsx_symbol_daily_v1,2cd9afec05b93285d1dfddb19c9412ba9b2f0648c0adcebae818ac60b31d05b5
2022-01-20,HHV,HOSE,3586710000.0,883090000.0,2703620000.0,135600.0,32900.0,102700.0,0.0,0.0,0.0,0.0,26000.0,27950.0,25800.0,27750.0,26780.0,HSX_FOREIGN_API,HOSE_SYMBOL_LEVEL,VND,2026-08-25T03:10:54Z,ff_hsx_symbol_daily_v1,a7bbb73a5b1f3a08e6361891885284c70165ceff29305d25e66a1c5a8a9d7d65
2022-01-21,HHV,HOSE,4321225000.0,0.0,4321225000.0,158000.0,0.0,158000.0,0.0,0.0,0.0,0.0,28250.0,28250.0,26600.0,26800.0,27420.0,HSX_FOREIGN_API,HOSE_SYMBOL_LEVEL,VND,2026-08-25T03:10:54Z,ff_hsx_symbol_daily_v1,fa5f0f0f45b5edd8fe5043b7f639a73045dc6218ba2f3835edadee168bef4415
2022-01-24,HHV,HOSE,5757610000.0,128000000.0,5629610000.0,230000.0,5000.0,225000.0,0.0,0.0,0.0,0.0,26500.0,26600.0,24950.0,24950.0,25470.0,HSX_FOREIGN_API,HOSE_SYMBOL_LEVEL,VND,2026-08-25T03:10:54Z,ff_hsx_symbol_daily_v1,548301b5a9469e4041dbd46b2659e1196339bfb849924cbcb4aeb9f790aa8fdd
2022-01-25,HHV,HOSE,410465000.0,416550000.0,-6085000.0,17400.0,17400.0,0.0,0.0,0.0,0.0,0.0,23300.0,25000.0,23250.0,24000.0,23560.0,HSX_FOREIGN_API,HOSE_SYMBOL_LEVEL,VND,2026-08-25T03:10:54Z,ff_hsx_symbol_daily_v1,558b6812952361d6fd99f497c523ff3e493bf90cdd06432c23a65d802ff8d4eb
2022-01-26,HHV,HOSE,1225170000.0,477845000.0,747325000.0,52300.0,20700.0,31600.0,0.0,0.0,0.0,0.0,24850.0,24850.0,22700.0,23900.0,23330.0,HSX_FOREIGN_API,HOSE_SYMBOL_LEVEL,VND,2026-08-25T03:10:54Z,ff_hsx_symbol_daily_v1,d19f985a927e65257d3ff0b7276af94266543218f55d067266eeea0d467abcc3
2022-01-27,HHV,HOSE,48490000.0,775455000.0,-726965000.0,2100.0,34000.0,-31900.0,0.0,0.0,0.0,0.0,23950.0,23950.0,22800.0,23200.0,23230.0,HSX_FOREIGN_API,HOSE_SYMBOL_LEVEL,VND,2026-08-25T03:10:54Z,ff_hsx_symbol_daily_v1,c2f208ec5d97edd5935c5f37c94be7ee632e88da736d60eea282db2289e75be4
2022-01-28,HHV,HOSE,1113645000.0,173950000.0,939695000.0,50200.0,7800.0,42400.0,0.0,0.0,0.0,0.0,23000.0,23200.0,21600.0,22600.0,22390.0,HSX_FOREIGN_API,HOSE_SYMBOL_LEVEL,VND,2026-08-25T03:10:54Z,ff_hsx_symbol_daily_v1,98ce264b925ff61677c0df41adf1c6a8c77eb9576c6d6e62e2703c6761e41ac6
2022-02-07,HHV,HOSE,195435000.0,0.0,195435000.0,8400.0,0.0,8400.0,0.0,0.0,0.0,0.0,23100.0,23600.0,22900.0,23500.0,23320.0,HSX_FOREIGN_API,HOSE_SYMBOL_LEVEL,VND,2026-08-25T03:10:54Z,ff_hsx_symbol_daily_v1,93070067b4cd4bb36753bca1319dc8d50aa99bca67a8543dc50ad5d33785a053
2022-02-08,HHV,HOSE,175940000.0,94000000.0,81940000.0,7500.0,4000.0,3500.0,0.0,0.0,0.0,0.0,23800.0,23800.0,22800.0,23600.0,23460.0,HSX_FOREIGN_API,HOSE_SYMBOL_LEVEL,VND,2026-08-25T03:10:54Z,ff_hsx_symbol_daily_v1,87fa5840a09b7814fc5a14786b5c4df5a5ca07cf6218a794c690d198f0ee954f
2022-02-09,HHV,HOSE,788285000.0,2410000.0,785875000.0,33100.0,100.0,33000.0,0.0,0.0,0.0,0.0,23500.0,24300.0,22900.0,24050.0,23760.0,HSX_FOREIGN_API,HOSE_SYMBOL_LEVEL,VND,2026-08-25T03:10:54Z,ff_hsx_symbol_daily_v1,072dc65980e6f42a2f0414d971063ea00948d236f20b3c136d57eef55eaab85a
2022-02-10,HHV,HOSE,606345000.0,373850000.0,232495000.0,25000.0,15500.0,9500.0,0.0,0.0,0.0,0.0,24200.0,24650.0,23900.0,24400.0,24300.0,HSX_FOREIGN_API,HOSE_SYMBOL_LEVEL,VND,2026-08-25T03:10:54Z,ff_hsx_symbol_daily_v1,6d9d2cae85a003e375781b034d6f6f43ffea2d655c6c448b64ec6b0babf1c4c1
2022-02-11,HHV,HOSE,24320000.0,0.0,24320000.0,1000.0,0.0,1000.0,0.0,0.0,0.0,0.0,24500.0,24550.0,24000.0,24350.0,24320.0,HSX_FOREIGN_API,HOSE_SYMBOL_LEVEL,VND,2026-08-25T03:10:54Z,ff_hsx_symbol_daily_v1,dbdef6361532463db5fbe5a06c88e3eb83fac25853f9dd8851d7664dac9b8a5a
2022-02-14,HHV,HOSE,225925000.0,0.0,225925000.0,9500.0,0.0,9500.0,0.0,0.0,0.0,0.0,23800.0,24150.0,23500.0,23600.0,23780.0,HSX_FOREIGN_API,HOSE_SYMBOL_LEVEL,VND,2026-08-25T03:10:54Z,ff_hsx_symbol_daily_v1,bb6d754bf8fc47cc57ab2f7988deaa38dfda369e9c21723a14ed4642c5495cbd
2022-02-15,HHV,HOSE,119880000.0,471000000.0,-351120000.0,5100.0,20000.0,-14900.0,0.0,0.0,0.0,0.0,23500.0,23800.0,23300.0,23700.0,23570.0,HSX_FOREIGN_API,HOSE_SYMBOL_LEVEL,VND,2026-08-25T03:10:54Z,ff_hsx_symbol_daily_v1,4c48c21edcc023103a822fed0a5f76e048f6ef69a635b87f637799c58a178edb
2022-02-16,HHV,HOSE,127780000.0,0.0,127780000.0,5300.0,0.0,5300.0,0.0,0.0,0.0,0.0,23900.0,24600.0,23750.0,24300.0,24260.0,HSX_FOREIGN_API,HOSE_SYMBOL_LEVEL,VND,2026-08-25T03:10:54Z,ff_hsx_symbol_daily_v1,cf23d6e044544a8d03fcb358d6cb7fabbc26b1290ae5a59ab24dfe29a5b71975
2022-02-17,HHV,HOSE,39025000.0,665225000.0,-626200000.0,1600.0,27100.0,-25500.0,0.0,0.0,0.0,0.0,24300.0,24650.0,24250.0,24400.0,24370.0,HSX_FOREIGN_API,HOSE_SYMBOL_LEVEL,VND,2026-08-25T03:10:54Z,ff_hsx_symbol_daily_v1,2ffb4984f8c1cfa3ed831086957935dbb05986cdd99c69fe4b29ba5b64d6e880
2022-02-18,HHV,HOSE,148980000.0,105695000.0,43285000.0,6100.0,4300.0,1800.0,0.0,0.0,0.0,0.0,24000.0,25300.0,24000.0,25300.0,24620.0,HSX_FOREIGN_API,HOSE_SYMBOL_LEVEL,VND,2026-08-25T03:10:54Z,ff_hsx_symbol_daily_v1,674c8c56db77bc6102f56e302bff1db632d573d727eb3ae993d102e13a495ce7
2022-02-21,HHV,HOSE,37720000.0,48130000.0,-10410000.0,1500.0,1900.0,-400.0,0.0,0.0,0.0,0.0,25300.0,25900.0,24850.0,25200.0,25350.0,HSX_FOREIGN_API,HOSE_SYMBOL_LEVEL,VND,2026-08-25T03:10:54Z,ff_hsx_symbol_daily_v1,ce5288d6a374cbed0b10b6357453b3bd60538baa54ce43f4bc537d6013926e45
2022-02-22,HHV,HOSE,82235000.0,736495000.0,-654260000.0,3400.0,30000.0,-26600.0,0.0,0.0,0.0,0.0,24750.0,25000.0,23950.0,24350.0,24440.0,HSX_FOREIGN_API,HOSE_SYMBOL_LEVEL,VND,2026-08-25T03:10:54Z,ff_hsx_symbol_daily_v1,bc1b03a0075cc9f1723d610da378e02b55804d0094e30b2321b4a008d4330fe3
2022-02-23,HHV,HOSE,609975000.0,121750000.0,488225000.0,25000.0,5000.0,20000.0,0.0,0.0,0.0,0.0,24350.0,24700.0,24150.0,24350.0,24410.0,HSX_FOREIGN_API,HOSE_SYMBOL_LEVEL,VND,2026-08-25T03:10:54Z,ff_hsx_symbol_daily_v1,321531028ff7b4484ff38583061346328c7b4d2d671ec10dfbaab07a8e0f5d57
2022-02-24,HHV,HOSE,753765000.0,281460000.0,472305000.0,32200.0,11700.0,20500.0,0.0,0.0,0.0,0.0,24300.0,24300.0,22650.0,23250.0,23490.0,HSX_FOREIGN_API,HOSE_SYMBOL_LEVEL,VND,2026-08-25T03:10:54Z,ff_hsx_symbol_daily_v1,dafc39822c0fd3e8b2cf71d0fe3f53619420dd4305734dfe9348f4f9af9fa20b
2022-02-25,HHV,HOSE,417070000.0,4582250000.0,-4165180000.0,17700.0,194800.0,-177100.0,0.0,0.0,0.0,0.0,23600.0,23850.0,23350.0,23500.0,23540.0,HSX_FOREIGN_API,HOSE_SYMBOL_LEVEL,VND,2026-08-25T03:10:54Z,ff_hsx_symbol_daily_v1,a743f9c7ded3c705fd61832dd60fa942d5ae4cf81a36d9fe0c6bf1adf9a5ad17
2022-02-28,HHV,HOSE,243775000.0,18650000.0,225125000.0,10500.0,800.0,9700.0,0.0,0.0,0.0,0.0,23550.0,23600.0,23100.0,23150.0,23250.0,HSX_FOREIGN_API,HOSE_SYMBOL_LEVEL,VND,2026-08-25T03:10:54Z,ff_hsx_symbol_daily_v1,92969e405929292fc6adeb3c32818fb351f7b4a8f00341f870102fb8261d4c61
2022-03-01,HHV,HOSE,16430000.0,516020000.0,-499590000.0,700.0,22100.0,-21400.0,0.0,0.0,0.0,0.0,23150.0,23700.0,23100.0,23500.0,23440.0,HSX_FOREIGN_API,HOSE_SYMBOL_LEVEL,VND,2026-08-25T03:10:54Z,ff_hsx_symbol_daily_v1,9fd41427ad010b8b167438293db6b5c100b2af37862177ceee47b7a438ad5988
2022-03-02,HHV,HOSE,535705000.0,0.0,535705000.0,23200.0,0.0,23200.0,0.0,0.0,0.0,0.0,23450.0,23450.0,22950.0,23100.0,23110.0,HSX_FOREIGN_API,HOSE_SYMBOL_LEVEL,VND,2026-08-25T03:10:54Z,ff_hsx_symbol_daily_v1,94ce4b079ce0610404ef40cdb4f89878ae5cb5ddf9f92f8d18f2e07f2144659f
2022-03-03,HHV,HOSE,887950000.0,115125000.0,772825000.0,38600.0,5000.0,33600.0,0.0,0.0,0.0,0.0,23300.0,23400.0,22900.0,23400.0,23130.0,HSX_FOREIGN_API,HOSE_SYMBOL_LEVEL,VND,2026-08-25T03:10:54Z,ff_hsx_symbol_daily_v1,21b9334966e8a5407894df100165379c8dc89b4242409d1221740745f4a25950
2022-03-04,HHV,HOSE,119990000.0,4191590000.0,-4071600000.0,5000.0,174500.0,-169500.0,0.0,0.0,0.0,0.0,23800.0,24200.0,23700.0,23900.0,24030.0,HSX_FOREIGN_API,HOSE_SYMBOL_LEVEL,VND,2026-08-25T03:10:54Z,ff_hsx_symbol_daily_v1,66b5881e97d0bce6c8699f375d8c7d3543c5505291c6e63d9a4e3c08d1727d9f
2022-03-07,HHV,HOSE,298410000.0,653300000.0,-354890000.0,12600.0,27400.0,-14800.0,0.0,0.0,0.0,0.0,23800.0,24100.0,23500.0,23650.0,23770.0,HSX_FOREIGN_API,HOSE_SYMBOL_LEVEL,VND,2026-08-25T03:10:54Z,ff_hsx_symbol_daily_v1,6dc3ad4e09a7420aeacfd869fb5d84691e811a8aefe13c60f8f5032f7a5faf75
2022-03-08,HHV,HOSE,75310000.0,153335000.0,-78025000.0,3200.0,6500.0,-3300.0,0.0,0.0,0.0,0.0,23400.0,23900.0,23250.0,23250.0,23550.0,HSX_FOREIGN_API,HOSE_SYMBOL_LEVEL,VND,2026-08-25T03:10:54Z,ff_hsx_symbol_daily_v1,4d704d4cf1c290420eb749f8f73dde13612bc9aeb8df8b4668db3027d393487f
2022-03-09,HHV,HOSE,219485000.0,69600000.0,149885000.0,9400.0,3000.0,6400.0,0.0,0.0,0.0,0.0,23250.0,23700.0,22950.0,23150.0,23180.0,HSX_FOREIGN_API,HOSE_SYMBOL_LEVEL,VND,2026-08-25T03:10:54Z,ff_hsx_symbol_daily_v1,91d943283a83b327d324fdbde8cbfb781c6c28378fcbe3d7e2cd827a268fa6e1
2022-03-10,HHV,HOSE,0.0,164075000.0,-164075000.0,0.0,7000.0,-7000.0,0.0,0.0,0.0,0.0,23500.0,23650.0,23150.0,23200.0,23360.0,HSX_FOREIGN_API,HOSE_SYMBOL_LEVEL,VND,2026-08-25T03:10:54Z,ff_hsx_symbol_daily_v1,33c8544025a5f6be2c7857492a96871d8790b63ffa69196732d947c5e1752039
2022-03-11,HHV,HOSE,39890000.0,9460000.0,30430000.0,1700.0,400.0,1300.0,0.0,0.0,0.0,0.0,23200.0,23900.0,23050.0,23300.0,23450.0,HSX_FOREIGN_API,HOSE_SYMBOL_LEVEL,VND,2026-08-25T03:10:54Z,ff_hsx_symbol_daily_v1,25d8c3a5aa9bb4efb34329ab5af814570cbe882fa3b9c2d8eb887062ed3d66cb
2022-03-14,HHV,HOSE,23530000.0,16450000.0,7080000.0,1000.0,700.0,300.0,0.0,0.0,0.0,0.0,23300.0,23800.0,23150.0,23450.0,23500.0,HSX_FOREIGN_API,HOSE_SYMBOL_LEVEL,VND,2026-08-25T03:10:54Z,ff_hsx_symbol_daily_v1,f64748b89cae336703152c6b655bbbb3664c2766a5bca2831cbf7e75a42532bc
2022-03-15,HHV,HOSE,2445000.0,803760000.0,-801315000.0,100.0,32300.0,-32200.0,0.0,0.0,0.0,0.0,23700.0,24950.0,23450.0,24650.0,24280.0,HSX_FOREIGN_API,HOSE_SYMBOL_LEVEL,VND,2026-08-25T03:10:54Z,ff_hsx_symbol_daily_v1,91a2147f61cd1f33631921b63939ead934fd836d923bf3eb2b069310ffdeefba
2022-03-16,HHV,HOSE,0.0,204395000.0,-204395000.0,0.0,8300.0,-8300.0,0.0,0.0,0.0,0.0,25050.0,25050.0,24100.0,24500.0,24600.0,HSX_FOREIGN_API,HOSE_SYMBOL_LEVEL,VND,2026-08-25T03:10:54Z,ff_hsx_symbol_daily_v1,8ef7e7da920b353c4e0bd4ea3aca8373f8a8c0b41e6659841697a5cc329fb612
2022-03-17,HHV,HOSE,26720000.0,1035055000.0,-1008335000.0,1100.0,42800.0,-41700.0,0.0,0.0,0.0,0.0,24500.0,24900.0,24000.0,24200.0,24370.0,HSX_FOREIGN_API,HOSE_SYMBOL_LEVEL,VND,2026-08-25T03:10:54Z,ff_hsx_symbol_daily_v1,c40bba3b489a2dc68b5b053651383dd8f7161eebf5b55e926ca82b04d810c60b
2022-03-18,HHV,HOSE,184245000.0,724135000.0,-539890000.0,7600.0,29800.0,-22200.0,0.0,0.0,0.0,0.0,24300.0,24550.0,23850.0,24000.0,24130.0,HSX_FOREIGN_API,HOSE_SYMBOL_LEVEL,VND,2026-08-25T03:10:54Z,ff_hsx_symbol_daily_v1,17bc04116aaf69b83fbac2b97091465a8328506533ea40b0a539438156c2b7be
2022-03-21,HHV,HOSE,265295000.0,130280000.0,135015000.0,10900.0,5400.0,5500.0,0.0,0.0,0.0,0.0,24150.0,24600.0,24000.0,24500.0,24360.0,HSX_FOREIGN_API,HOSE_SYMBOL_LEVEL,VND,2026-08-25T03:10:54Z,ff_hsx_symbol_daily_v1,7c585019da51ba671efea5762be9d3ad64bbbee8bc97e05c1262a14a76deea75
2022-03-22,HHV,HOSE,100000000.0,86500000.0,13500000.0,4000.0,3500.0,500.0,0.0,0.0,0.0,0.0,24800.0,25500.0,24400.0,24550.0,24850.0,HSX_FOREIGN_API,HOSE_SYMBOL_LEVEL,VND,2026-08-25T03:10:54Z,ff_hsx_symbol_daily_v1,2a125083ce46f78053fb958a2a037ba61e1c3e312ae5a330a0a4f3c8fa8d4840
2022-03-23,HHV,HOSE,22045000.0,340200000.0,-318155000.0,900.0,14000.0,-13100.0,0.0,0.0,0.0,0.0,24550.0,24650.0,24200.0,24250.0,24420.0,HSX_FOREIGN_API,HOSE_SYMBOL_LEVEL,VND,2026-08-25T03:10:54Z,ff_hsx_symbol_daily_v1,4b2d426367fe8c2fb930aa601d0468de36b908d353b35bfb042cd45f3a9020b1
2022-03-24,HHV,HOSE,58745000.0,12190000.0,46555000.0,2400.0,500.0,1900.0,0.0,0.0,0.0,0.0,24050.0,24850.0,24050.0,24400.0,24350.0,HSX_FOREIGN_API,HOSE_SYMBOL_LEVEL,VND,2026-08-25T03:10:54Z,ff_hsx_symbol_daily_v1,759816068a7d7884ad8440335f1cc719d99f7ae05c5395e23fea1a6b8cb4bade
2022-03-25,HHV,HOSE,302540000.0,129055000.0,173485000.0,12400.0,5300.0,7100.0,0.0,0.0,0.0,0.0,24450.0,24600.0,24200.0,24200.0,24360.0,HSX_FOREIGN_API,HOSE_SYMBOL_LEVEL,VND,2026-08-25T03:10:54Z,ff_hsx_symbol_daily_v1,89a7bea3601081147840d6147fee2e277684b4f6680ec00e89eba1d25888b1fb
2022-03-28,HHV,HOSE,47070000.0,45100000.0,1970000.0,2000.0,1900.0,100.0,0.0,0.0,0.0,0.0,24000.0,24000.0,23200.0,23550.0,23650.0,HSX_FOREIGN_API,HOSE_SYMBOL_LEVEL,VND,2026-08-25T03:10:54Z,ff_hsx_symbol_daily_v1,a350641b86536780698850e9e1889aac567e1605fc7249b20ddbc83163a11778
2022-03-29,HHV,HOSE,26050000.0,215680000.0,-189630000.0,1100.0,9100.0,-8000.0,0.0,0.0,0.0,0.0,23650.0,23800.0,23550.0,23750.0,23650.0,HSX_FOREIGN_API,HOSE_SYMBOL_LEVEL,VND,2026-08-25T03:10:54Z,ff_hsx_symbol_daily_v1,7baeca82bd5f33336801a8c61df15d5435ae5ebb435b435a25c270372065f64b
2022-03-30,HHV,HOSE,41330000.0,48300000.0,-6970000.0,1700.0,2000.0,-300.0,0.0,0.0,0.0,0.0,23750.0,24700.0,23600.0,23800.0,24150.0,HSX_FOREIGN_API,HOSE_SYMBOL_LEVEL,VND,2026-08-25T03:10:54Z,ff_hsx_symbol_daily_v1,e521e4c2f4b4d561eb8aef449cc38d931f85baa0db9a525143b9ac750e108e63
2022-03-31,HHV,HOSE,54835000.0,244260000.0,-189425000.0,2300.0,10200.0,-7900.0,0.0,0.0,0.0,0.0,24100.0,24300.0,23650.0,23900.0,23860.0,HSX_FOREIGN_API,HOSE_SYMBOL_LEVEL,VND,2026-08-25T03:10:54Z,ff_hsx_symbol_daily_v1,9e81b02f354e45768da9fce9df648b3255479f87de66b4e16865a719793a739d
2022-04-01,HHV,HOSE,33390000.0,0.0,33390000.0,1400.0,0.0,1400.0,0.0,0.0,0.0,0.0,23850.0,24050.0,23650.0,24000.0,23820.0,HSX_FOREIGN_API,HOSE_SYMBOL_LEVEL,VND,2026-08-25T03:10:54Z,ff_hsx_symbol_daily_v1,4a436617026e68628868622fc1d44af03ab8b84b42d624ad2eda3b861e2d85fa
2022-04-04,HHV,HOSE,21820000.0,135250000.0,-113430000.0,900.0,5600.0,-4700.0,0.0,0.0,0.0,0.0,24450.0,24600.0,24050.0,24500.0,24270.0,HSX_FOREIGN_API,HOSE_SYMBOL_LEVEL,VND,2026-08-25T03:10:54Z,ff_hsx_symbol_daily_v1,fd9d5cf2d70897564d0728e1978972117fccf88aa4fd7445588d8b53f89ad50a
2022-04-05,HHV,HOSE,273050000.0,27095000.0,245955000.0,11000.0,1100.0,9900.0,0.0,0.0,0.0,0.0,24650.0,25200.0,24300.0,24900.0,24790.0,HSX_FOREIGN_API,HOSE_SYMBOL_LEVEL,VND,2026-08-25T03:10:54Z,ff_hsx_symbol_daily_v1,2e09aaa7733b6a49aedb43727b8340aee5c3e7973bb026a6715c8f26be3367fb
2022-04-06,HHV,HOSE,9915000.0,20075000.0,-10160000.0,400.0,800.0,-400.0,0.0,0.0,0.0,0.0,24750.0,25400.0,24600.0,24750.0,25060.0,HSX_FOREIGN_API,HOSE_SYMBOL_LEVEL,VND,2026-08-25T03:10:54Z,ff_hsx_symbol_daily_v1,f6bc38a7d5483c036d4e2a7a777d17c19a47ba021b1b7afa497cba5413aef892
2022-04-07,HHV,HOSE,262475000.0,0.0,262475000.0,10500.0,0.0,10500.0,0.0,0.0,0.0,0.0,25000.0,25200.0,24700.0,24750.0,24890.0,HSX_FOREIGN_API,HOSE_SYMBOL_LEVEL,VND,2026-08-25T03:10:54Z,ff_hsx_symbol_daily_v1,46fe27c7c47568ed7fa9eb06932c2c48d973193a346dac6486beef0877c716eb
2022-04-08,HHV,HOSE,51110000.0,161775000.0,-110665000.0,2100.0,6500.0,-4400.0,0.0,0.0,0.0,0.0,24700.0,25000.0,24100.0,24100.0,24460.0,HSX_FOREIGN_API,HOSE_SYMBOL_LEVEL,VND,2026-08-25T03:10:54Z,ff_hsx_symbol_daily_v1,2fc2dd6d0b453f8cc9e077e327b1411cfbfd08e052995b41e6eef6b990802c7e
2022-04-12,HHV,HOSE,127360000.0,881215000.0,-753855000.0,5300.0,37000.0,-31700.0,0.0,0.0,0.0,0.0,24300.0,24400.0,23200.0,23200.0,23770.0,HSX_FOREIGN_API,HOSE_SYMBOL_LEVEL,VND,2026-08-25T03:10:54Z,ff_hsx_symbol_daily_v1,834cd92d64dccd4ed0f990af9cf8bad8df39cab469e1222c0f7f088efd45ce6e
2022-04-13,HHV,HOSE,6890000.0,0.0,6890000.0,300.0,0.0,300.0,0.0,0.0,0.0,0.0,23300.0,23800.0,22800.0,23650.0,23260.0,HSX_FOREIGN_API,HOSE_SYMBOL_LEVEL,VND,2026-08-25T03:10:54Z,ff_hsx_symbol_daily_v1,7ec75d55535bca3ab36e8ecd78727784fb9ad1f862d07416fa95c195ac816ada
2022-04-14,HHV,HOSE,2345000.0,0.0,2345000.0,100.0,0.0,100.0,0.0,0.0,0.0,0.0,23950.0,23950.0,23350.0,23350.0,23560.0,HSX_FOREIGN_API,HOSE_SYMBOL_LEVEL,VND,2026-08-25T03:10:54Z,ff_hsx_symbol_daily_v1,25e8478da3aca92c27ce22b2adfc4180dcd552793eb98a0b8b8f1bb29bb81a5f
2022-04-15,HHV,HOSE,32675000.0,0.0,32675000.0,1400.0,0.0,1400.0,0.0,0.0,0.0,0.0,23300.0,23500.0,23000.0,23000.0,23200.0,HSX_FOREIGN_API,HOSE_SYMBOL_LEVEL,VND,2026-08-25T03:10:54Z,ff_hsx_symbol_daily_v1,514530981f2bf1108d4bd9e7a3321fcba6db1f65d61cdfce0d11fca7bd84e8fc
2022-04-18,HHV,HOSE,8479990000.0,118990000.0,8361000000.0,393800.0,5500.0,388300.0,0.0,0.0,0.0,0.0,23000.0,23100.0,21400.0,21400.0,21770.0,HSX_FOREIGN_API,HOSE_SYMBOL_LEVEL,VND,2026-08-25T03:10:54Z,ff_hsx_symbol_daily_v1,a90aed8fbae91973e72f5f95ea16cf7b5b561fb3a55a4362aa7f10e722d526d8
2022-04-19,HHV,HOSE,936220000.0,41900000.0,894320000.0,46200.0,2000.0,44200.0,0.0,0.0,0.0,0.0,21550.0,21800.0,19950.0,19950.0,20530.0,HSX_FOREIGN_API,HOSE_SYMBOL_LEVEL,VND,2026-08-25T03:10:54Z,ff_hsx_symbol_daily_v1,63c27f64b58c77ab5f9531a3f4597eb13d39ce94f4d26a1a1fac5d680afbdfb8
2022-04-20,HHV,HOSE,278420000.0,96900000.0,181520000.0,14500.0,5000.0,9500.0,0.0,0.0,0.0,0.0,19950.0,20150.0,18600.0,18600.0,19060.0,HSX_FOREIGN_API,HOSE_SYMBOL_LEVEL,VND,2026-08-25T03:10:54Z,ff_hsx_symbol_daily_v1,f0e5c2ded15b04bf6b9459badea5bb2a40534c53cb7deef9ffe784873644d890
2022-04-21,HHV,HOSE,179235000.0,26150000.0,153085000.0,10300.0,1500.0,8800.0,0.0,0.0,0.0,0.0,17600.0,18600.0,17300.0,17600.0,17690.0,HSX_FOREIGN_API,HOSE_SYMBOL_LEVEL,VND,2026-08-25T03:10:54Z,ff_hsx_symbol_daily_v1,957fe47b21b6ebc2f8fa87cd3955e3a43f15e54949987a435b3fb24b2b3adcbb
2022-04-22,HHV,HOSE,8995000.0,45260000.0,-36265000.0,500.0,2500.0,-2000.0,0.0,0.0,0.0,0.0,18200.0,18600.0,17600.0,18450.0,18160.0,HSX_FOREIGN_API,HOSE_SYMBOL_LEVEL,VND,2026-08-25T03:10:54Z,ff_hsx_symbol_daily_v1,ca1996d7ecf9dae28d7b81640805ccca1218068cca4c5854d4bf8bcd9bf88209
2022-04-25,HHV,HOSE,265990000.0,35700000.0,230290000.0,14900.0,2000.0,12900.0,0.0,0.0,0.0,0.0,18800.0,19050.0,17300.0,17300.0,18100.0,HSX_FOREIGN_API,HOSE_SYMBOL_LEVEL,VND,2026-08-25T03:10:54Z,ff_hsx_symbol_daily_v1,d84ad550e68546875a7359ce8f8298d5554e0dec2d6144d89989aa470078090a
2022-04-26,HHV,HOSE,249900000.0,1725000.0,248175000.0,14300.0,100.0,14200.0,0.0,0.0,0.0,0.0,17300.0,18000.0,16700.0,17950.0,17430.0,HSX_FOREIGN_API,HOSE_SYMBOL_LEVEL,VND,2026-08-25T03:10:54Z,ff_hsx_symbol_daily_v1,4b744d3d4439521185e6f02091cedaf7f851535f79c115b7b22d22adb84d6e4f
2022-04-27,HHV,HOSE,20195000.0,0.0,20195000.0,1100.0,0.0,1100.0,0.0,0.0,0.0,0.0,17900.0,18550.0,17750.0,18350.0,18250.0,HSX_FOREIGN_API,HOSE_SYMBOL_LEVEL,VND,2026-08-25T03:10:54Z,ff_hsx_symbol_daily_v1,94a58276416412622f329ec5cbddd0c754c76eeaec75988522d28399e526d629
2022-04-28,HHV,HOSE,5545000.0,0.0,5545000.0,300.0,0.0,300.0,0.0,0.0,0.0,0.0,18400.0,18850.0,18350.0,18400.0,18480.0,HSX_FOREIGN_API,HOSE_SYMBOL_LEVEL,VND,2026-08-25T03:10:54Z,ff_hsx_symbol_daily_v1,7f0c8d4c7aa15d247b6d73eb7753bac6158389d7362c816e213b406ad8227e8c
2022-04-29,HHV,HOSE,21890000.0,0.0,21890000.0,1200.0,0.0,1200.0,0.0,0.0,0.0,0.0,18350.0,18650.0,18150.0,18500.0,18430.0,HSX_FOREIGN_API,HOSE_SYMBOL_LEVEL,VND,2026-08-25T03:10:54Z,ff_hsx_symbol_daily_v1,26b164395d47c6216932f9337fc14fe820106b91d4e13d60992c6045220d320f
2022-05-04,HHV,HOSE,41360000.0,1870000.0,39490000.0,2200.0,100.0,2100.0,0.0,0.0,0.0,0.0,18600.0,19450.0,18500.0,19150.0,18980.0,HSX_FOREIGN_API,HOSE_SYMBOL_LEVEL,VND,2026-08-25T03:10:54Z,ff_hsx_symbol_daily_v1,de86fc139f2dcc17cc1afb23348254e1adaeb4a0ab0e8b918ead0ca813e2a0bc
2022-05-05,HHV,HOSE,21065000.0,0.0,21065000.0,1100.0,0.0,1100.0,0.0,0.0,0.0,0.0,19400.0,19500.0,18250.0,18750.0,18920.0,HSX_FOREIGN_API,HOSE_SYMBOL_LEVEL,VND,2026-08-25T03:10:54Z,ff_hsx_symbol_daily_v1,d5aaa3dbec4dd9ca538fbc1cc36ed5c1b3dc4606cd722e652384035725e6cccb
2022-05-06,HHV,HOSE,222040000.0,0.0,222040000.0,12200.0,0.0,12200.0,0.0,0.0,0.0,0.0,18200.0,18450.0,17850.0,17850.0,18130.0,HSX_FOREIGN_API,HOSE_SYMBOL_LEVEL,VND,2026-08-25T03:10:54Z,ff_hsx_symbol_daily_v1,75e9668439c63aaeab44ae42be28b783482843c491d44bb87ccfde8be95bdb47
2022-05-09,HHV,HOSE,3365000.0,16800000.0,-13435000.0,200.0,1000.0,-800.0,0.0,0.0,0.0,0.0,17500.0,17700.0,16650.0,16650.0,16950.0,HSX_FOREIGN_API,HOSE_SYMBOL_LEVEL,VND,2026-08-25T03:10:54Z,ff_hsx_symbol_daily_v1,bb13692017bbaff0a7cc7f97f57a6eb51f6e60c729cecb732ef81f03f210db61
2022-05-10,HHV,HOSE,78760000.0,304730000.0,-225970000.0,4900.0,19100.0,-14200.0,0.0,0.0,0.0,0.0,15600.0,16550.0,15550.0,16550.0,16150.0,HSX_FOREIGN_API,HOSE_SYMBOL_LEVEL,VND,2026-08-25T03:10:54Z,ff_hsx_symbol_daily_v1,9debc38bd420d52e9874929a804e6ba70e3c06b0d03b60f1ecf3ddf332073805
2022-05-11,HHV,HOSE,0.0,0.0,0.0,0.0,0.0,0.0,0.0,0.0,0.0,0.0,16800.0,16800.0,16300.0,16750.0,16630.0,HSX_FOREIGN_API,HOSE_SYMBOL_LEVEL,VND,2026-08-25T03:10:54Z,ff_hsx_symbol_daily_v1,9839e655ce53b706ace3762dd62c2ef22632ab72f62cabdf99ab77b057958bc7
2022-05-12,HHV,HOSE,77010000.0,0.0,77010000.0,4900.0,0.0,4900.0,0.0,0.0,0.0,0.0,16700.0,16700.0,15600.0,15600.0,15940.0,HSX_FOREIGN_API,HOSE_SYMBOL_LEVEL,VND,2026-08-25T03:10:54Z,ff_hsx_symbol_daily_v1,a07e5aa0bb11c3631edeeaf8abbac4facf1ef86f3cfff7d72cff4f672ddcc8a5
2022-05-13,HHV,HOSE,637630000.0,262665000.0,374965000.0,43300.0,17500.0,25800.0,0.0,0.0,0.0,0.0,14900.0,15600.0,14550.0,14550.0,14750.0,HSX_FOREIGN_API,HOSE_SYMBOL_LEVEL,VND,2026-08-25T03:10:54Z,ff_hsx_symbol_daily_v1,7be2bc3042a448caf1b28b666e9932eb504ca1971488b621bd6a4437e32c5ccd
2022-05-16,HHV,HOSE,245690000.0,142000000.0,103690000.0,16700.0,10000.0,6700.0,0.0,0.0,0.0,0.0,14900.0,15100.0,13700.0,13700.0,14440.0,HSX_FOREIGN_API,HOSE_SYMBOL_LEVEL,VND,2026-08-25T03:10:54Z,ff_hsx_symbol_daily_v1,9f6bf4afa84de251196ce8faf0e410bda3115c89d073571d5111036c9bcac1cd
2022-05-17,HHV,HOSE,68750000.0,108455000.0,-39705000.0,5000.0,7900.0,-2900.0,0.0,0.0,0.0,0.0,13750.0,14650.0,13400.0,14650.0,14110.0,HSX_FOREIGN_API,HOSE_SYMBOL_LEVEL,VND,2026-08-25T03:10:54Z,ff_hsx_symbol_daily_v1,6a5ef860c45f84a4082b168f31573426b217f8672d6fcc5a4747c99d862b7cb8
2022-05-18,HHV,HOSE,7500000.0,857700000.0,-850200000.0,500.0,57000.0,-56500.0,0.0,0.0,0.0,0.0,15000.0,15450.0,14800.0,14900.0,15140.0,HSX_FOREIGN_API,HOSE_SYMBOL_LEVEL,VND,2026-08-25T03:10:54Z,ff_hsx_symbol_daily_v1,7e2e8342b3869d38294d17a0ddc21b8d5b857cfc7aec9fc10cdbacddd4239578
2022-05-19,HHV,HOSE,0.0,5830000.0,-5830000.0,0.0,400.0,-400.0,0.0,0.0,0.0,0.0,14500.0,15000.0,14300.0,14800.0,14750.0,HSX_FOREIGN_API,HOSE_SYMBOL_LEVEL,VND,2026-08-25T03:10:54Z,ff_hsx_symbol_daily_v1,2ce4b995dc5a7954b85ed2abd27fe440372db3d8e4c6a0fefb8fc40a9fcb4f2f
2022-05-20,HHV,HOSE,1530000.0,0.0,1530000.0,100.0,0.0,100.0,0.0,0.0,0.0,0.0,14800.0,15400.0,14800.0,15000.0,15120.0,HSX_FOREIGN_API,HOSE_SYMBOL_LEVEL,VND,2026-08-25T03:10:54Z,ff_hsx_symbol_daily_v1,a60f0c0dcdc0a3e38625bcadb52f27aa3e4ee1d9435e47e0ec957cc25ccc15b1
2022-05-23,HHV,HOSE,5995000.0,109200000.0,-103205000.0,400.0,7000.0,-6600.0,0.0,0.0,0.0,0.0,15300.0,15650.0,14600.0,14900.0,15160.0,HSX_FOREIGN_API,HOSE_SYMBOL_LEVEL,VND,2026-08-25T03:10:54Z,ff_hsx_symbol_daily_v1,4f38b54b95727afc8c635a2df2403c072f6395144854a9ebbb61f187b61d244e
2022-05-24,HHV,HOSE,0.0,0.0,0.0,0.0,0.0,0.0,0.0,0.0,0.0,0.0,14800.0,15000.0,14500.0,15000.0,14840.0,HSX_FOREIGN_API,HOSE_SYMBOL_LEVEL,VND,2026-08-25T03:10:54Z,ff_hsx_symbol_daily_v1,f8fdde1b17a92531be5f84a1625a66b560ad7ff1d22f26c6016b8a291b61665a
2022-05-25,HHV,HOSE,1356295000.0,1525000.0,1354770000.0,87300.0,100.0,87200.0,0.0,0.0,0.0,0.0,15150.0,16050.0,15000.0,16050.0,15570.0,HSX_FOREIGN_API,HOSE_SYMBOL_LEVEL,VND,2026-08-25T03:10:54Z,ff_hsx_symbol_daily_v1,c04bd9f9ea06be795923c944793eb6198285c638bc190f31b28adf7088c41816
2022-05-26,HHV,HOSE,164000000.0,1630000.0,162370000.0,10000.0,100.0,9900.0,0.0,0.0,0.0,0.0,16300.0,16450.0,16000.0,16100.0,16260.0,HSX_FOREIGN_API,HOSE_SYMBOL_LEVEL,VND,2026-08-25T03:10:54Z,ff_hsx_symbol_daily_v1,0b5989711227b35d9cf1006a253dd98aa799366c4cc5d563a6b4fac35da21093
2022-05-27,HHV,HOSE,0.0,502365000.0,-502365000.0,0.0,30800.0,-30800.0,0.0,0.0,0.0,0.0,16150.0,16500.0,16050.0,16200.0,16320.0,HSX_FOREIGN_API,HOSE_SYMBOL_LEVEL,VND,2026-08-25T03:10:54Z,ff_hsx_symbol_daily_v1,d504bda93da3cee332061af4560de84c5a8c814cbe92efe42dc9855f440267f0
2022-05-30,HHV,HOSE,19535000.0,279980000.0,-260445000.0,1200.0,17200.0,-16000.0,0.0,0.0,0.0,0.0,16250.0,16400.0,16150.0,16250.0,16290.0,HSX_FOREIGN_API,HOSE_SYMBOL_LEVEL,VND,2026-08-25T03:10:54Z,ff_hsx_symbol_daily_v1,d05fae783e39b2bf198ef566d2e61ad4b765138e08054e15fae3ca2366ba13c6
2022-05-31,HHV,HOSE,199610000.0,942780000.0,-743170000.0,12000.0,57600.0,-45600.0,0.0,0.0,0.0,0.0,16150.0,16800.0,16050.0,16300.0,16400.0,HSX_FOREIGN_API,HOSE_SYMBOL_LEVEL,VND,2026-08-25T03:10:54Z,ff_hsx_symbol_daily_v1,821d7af778aa14a78808d1ef07df57f887ca66721cd02177a94dc113ca7a168c
2022-06-01,HHV,HOSE,1635000.0,48870000.0,-47235000.0,100.0,3000.0,-2900.0,0.0,0.0,0.0,0.0,16350.0,16750.0,16150.0,16350.0,16390.0,HSX_FOREIGN_API,HOSE_SYMBOL_LEVEL,VND,2026-08-25T03:10:54Z,ff_hsx_symbol_daily_v1,1a26d1de0dc9d66008d65061c34dfa69f0b6173aebf4e9ef4ca443b21f3b13cf
2022-06-02,HHV,HOSE,148050000.0,41065000.0,106985000.0,9000.0,2500.0,6500.0,0.0,0.0,0.0,0.0,16450.0,16600.0,16000.0,16150.0,16380.0,HSX_FOREIGN_API,HOSE_SYMBOL_LEVEL,VND,2026-08-25T03:10:54Z,ff_hsx_symbol_daily_v1,2afb99dd1149ac076bb8e19cbcc3cb7f78ea81c7f1136598d5a15d9b6c953720
2022-06-03,HHV,HOSE,75810000.0,0.0,75810000.0,4800.0,0.0,4800.0,0.0,0.0,0.0,0.0,16100.0,16200.0,15550.0,15750.0,15820.0,HSX_FOREIGN_API,HOSE_SYMBOL_LEVEL,VND,2026-08-25T03:10:54Z,ff_hsx_symbol_daily_v1,ba875432fe995497b1fe901b143cba7c39ac87f28dcf915f71b774e0023f5798
2022-06-06,HHV,HOSE,240990000.0,0.0,240990000.0,15300.0,0.0,15300.0,0.0,0.0,0.0,0.0,15750.0,15900.0,15450.0,15450.0,15640.0,HSX_FOREIGN_API,HOSE_SYMBOL_LEVEL,VND,2026-08-25T03:10:54Z,ff_hsx_symbol_daily_v1,b1e1a4911742b0b66a56ab4595a1800da37096a6bf5e5bd1e699f455cec7786c
2022-06-07,HHV,HOSE,217470000.0,0.0,217470000.0,14500.0,0.0,14500.0,0.0,0.0,0.0,0.0,15100.0,15450.0,14700.0,15100.0,15020.0,HSX_FOREIGN_API,HOSE_SYMBOL_LEVEL,VND,2026-08-25T03:10:54Z,ff_hsx_symbol_daily_v1,75d4bd8154a5aff497d0feb8f003b4149ebcd81ac33490ee2307b97787756d3a
2022-06-08,HHV,HOSE,865370000.0,124300000.0,741070000.0,56000.0,8000.0,48000.0,0.0,0.0,0.0,0.0,15200.0,15950.0,15200.0,15700.0,15570.0,HSX_FOREIGN_API,HOSE_SYMBOL_LEVEL,VND,2026-08-25T03:10:54Z,ff_hsx_symbol_daily_v1,f585d723cb7cf386642aa9fd3d9c9bc09cd34fa966cc51343371ecda10b36a40
2022-06-09,HHV,HOSE,28530000.0,147345000.0,-118815000.0,1800.0,9300.0,-7500.0,0.0,0.0,0.0,0.0,15850.0,16050.0,15650.0,15750.0,15820.0,HSX_FOREIGN_API,HOSE_SYMBOL_LEVEL,VND,2026-08-25T03:10:54Z,ff_hsx_symbol_daily_v1,1aaa5c92dd28681b69e3c993d34bff7cde4dd1b196ba83edf1e80296a350fc2b
2022-06-10,HHV,HOSE,4690000.0,718735000.0,-714045000.0,300.0,46200.0,-45900.0,0.0,0.0,0.0,0.0,15500.0,16100.0,15400.0,15400.0,15720.0,HSX_FOREIGN_API,HOSE_SYMBOL_LEVEL,VND,2026-08-25T03:10:54Z,ff_hsx_symbol_daily_v1,80f7bb026dd990ab275275f0837128138557d65c0afde36d580f6305cff8a6c0
2022-06-13,HHV,HOSE,302990000.0,760370000.0,-457380000.0,20900.0,52400.0,-31500.0,0.0,0.0,0.0,0.0,14550.0,15000.0,14350.0,14350.0,14530.0,HSX_FOREIGN_API,HOSE_SYMBOL_LEVEL,VND,2026-08-25T03:10:54Z,ff_hsx_symbol_daily_v1,e80ddadb42239bae15eb162be71263fd2fe9af912ab78fe844ea629c529dd712
2022-06-14,HHV,HOSE,233365000.0,75675000.0,157690000.0,16600.0,5400.0,11200.0,0.0,0.0,0.0,0.0,13900.0,14500.0,13650.0,13850.0,14080.0,HSX_FOREIGN_API,HOSE_SYMBOL_LEVEL,VND,2026-08-25T03:10:54Z,ff_hsx_symbol_daily_v1,7554209a46617d1b85377caba73060620af122a0a64afdd7bf19a9787b202494
2022-06-15,HHV,HOSE,104490000.0,138000000.0,-33510000.0,8100.0,10000.0,-1900.0,0.0,0.0,0.0,0.0,13800.0,14000.0,12900.0,12950.0,13210.0,HSX_FOREIGN_API,HOSE_SYMBOL_LEVEL,VND,2026-08-25T03:10:54Z,ff_hsx_symbol_daily_v1,630ad92474937ff84cbec29cbd1b04fac634f92eddbe8982bfaa3d350081300a
2022-06-16,HHV,HOSE,14790000.0,0.0,14790000.0,1100.0,0.0,1100.0,0.0,0.0,0.0,0.0,13150.0,13500.0,13100.0,13100.0,13260.0,HSX_FOREIGN_API,HOSE_SYMBOL_LEVEL,VND,2026-08-25T03:10:54Z,ff_hsx_symbol_daily_v1,49e522f85811075460f8ef6e64b7814d86acd8ec22c3962981fc2d3fd778b6bd
2022-06-17,HHV,HOSE,635150000.0,137105000.0,498045000.0,51900.0,11200.0,40700.0,0.0,0.0,0.0,0.0,12500.0,12900.0,12200.0,12200.0,12260.0,HSX_FOREIGN_API,HOSE_SYMBOL_LEVEL,VND,2026-08-25T03:10:54Z,ff_hsx_symbol_daily_v1,01d56e4629a9bcf3013cafad589dde36f72a0c1a1f56979100bb49724260b588
2022-06-20,HHV,HOSE,381165000.0,227715000.0,153450000.0,32600.0,19700.0,12900.0,0.0,0.0,0.0,0.0,12400.0,12400.0,11350.0,11350.0,11550.0,HSX_FOREIGN_API,HOSE_SYMBOL_LEVEL,VND,2026-08-25T03:10:54Z,ff_hsx_symbol_daily_v1,d80df883d584fd2a2e0a3009e9e90491e3b347d2bd012dc165317716302f2b86
2022-06-21,HHV,HOSE,1401685000.0,0.0,1401685000.0,126700.0,0.0,126700.0,0.0,0.0,0.0,0.0,11000.0,11450.0,10700.0,10750.0,11020.0,HSX_FOREIGN_API,HOSE_SYMBOL_LEVEL,VND,2026-08-25T03:10:54Z,ff_hsx_symbol_daily_v1,b152520a15bcb4be78da786213da34717f2a8d37da7c2d4ab3b1e2733d60f861
2022-06-22,HHV,HOSE,1748495000.0,13570000.0,1734925000.0,155100.0,1200.0,153900.0,0.0,0.0,0.0,0.0,11200.0,11500.0,10800.0,11500.0,11280.0,HSX_FOREIGN_API,HOSE_SYMBOL_LEVEL,VND,2026-08-25T03:10:54Z,ff_hsx_symbol_daily_v1,d727140155ef3ba3b9231b42654590e582058930c2ffd66cd138d70c9d545ee1
2022-06-23,HHV,HOSE,159740000.0,348000000.0,-188260000.0,13700.0,30000.0,-16300.0,0.0,0.0,0.0,0.0,11500.0,11900.0,11500.0,11700.0,11630.0,HSX_FOREIGN_API,HOSE_SYMBOL_LEVEL,VND,2026-08-25T03:10:54Z,ff_hsx_symbol_daily_v1,9ce48ed1f6198867f3d7a3dc34defa6717191f81d98cf560c1e40bdbe2452b8c
2022-06-24,HHV,HOSE,0.0,1214045000.0,-1214045000.0,0.0,101300.0,-101300.0,0.0,0.0,0.0,0.0,11700.0,12250.0,11700.0,11800.0,11980.0,HSX_FOREIGN_API,HOSE_SYMBOL_LEVEL,VND,2026-08-25T03:10:54Z,ff_hsx_symbol_daily_v1,67f52a4876d41d75ebe517c4cdfef3e074519cbe02c12fb18ef2ea019346a221
2022-06-27,HHV,HOSE,598620000.0,98715000.0,499905000.0,50100.0,8300.0,41800.0,0.0,0.0,0.0,0.0,12100.0,12150.0,11600.0,12100.0,11980.0,HSX_FOREIGN_API,HOSE_SYMBOL_LEVEL,VND,2026-08-25T03:10:54Z,ff_hsx_symbol_daily_v1,50e867de5d2444173166c5c0b59e0b8e37f22f759bb85de8487ceee3846cf593
2022-06-28,HHV,HOSE,755200000.0,1261525000.0,-506325000.0,60900.0,103500.0,-42600.0,0.0,0.0,0.0,0.0,12000.0,12500.0,12000.0,12400.0,12350.0,HSX_FOREIGN_API,HOSE_SYMBOL_LEVEL,VND,2026-08-25T03:10:54Z,ff_hsx_symbol_daily_v1,2528882f0bf5f7c7ba5fba3b5ae13a8e693a46a5621db6a1d7c58704109409da
2022-06-29,HHV,HOSE,0.0,319205000.0,-319205000.0,0.0,26100.0,-26100.0,0.0,0.0,0.0,0.0,12300.0,12450.0,12150.0,12250.0,12260.0,HSX_FOREIGN_API,HOSE_SYMBOL_LEVEL,VND,2026-08-25T03:10:54Z,ff_hsx_symbol_daily_v1,134104a64ae7d6f014cd950e2c466e971f2818dae41497123a175de495797bf5
2022-06-30,HHV,HOSE,192965000.0,886065000.0,-693100000.0,15900.0,73000.0,-57100.0,0.0,0.0,0.0,0.0,12200.0,12250.0,11650.0,11650.0,11980.0,HSX_FOREIGN_API,HOSE_SYMBOL_LEVEL,VND,2026-08-25T03:10:54Z,ff_hsx_symbol_daily_v1,2e0de83c67bcd6c2819f12557aed4da41b36781a97bd10ee4ba74eb38d9bf418
2022-07-01,HHV,HOSE,37290000.0,573995000.0,-536705000.0,3300.0,50700.0,-47400.0,0.0,0.0,0.0,0.0,11600.0,11750.0,11100.0,11600.0,11410.0,HSX_FOREIGN_API,HOSE_SYMBOL_LEVEL,VND,2026-08-25T03:10:54Z,ff_hsx_symbol_daily_v1,d951297143a37a528ce44790f82762a052dad79a9d93cb727991fd7649376d6d
2022-07-04,HHV,HOSE,602175000.0,0.0,602175000.0,50400.0,0.0,50400.0,0.0,0.0,0.0,0.0,11950.0,12100.0,11800.0,11950.0,11950.0,HSX_FOREIGN_API,HOSE_SYMBOL_LEVEL,VND,2026-08-25T03:10:54Z,ff_hsx_symbol_daily_v1,d93eebf0e5efa3b6ecad7286aa818b422ea0231d412107d27a40473ea3b6a7f3
2022-07-05,HHV,HOSE,0.0,483025000.0,-483025000.0,0.0,41100.0,-41100.0,0.0,0.0,0.0,0.0,12000.0,12000.0,11500.0,11550.0,11720.0,HSX_FOREIGN_API,HOSE_SYMBOL_LEVEL,VND,2026-08-25T03:10:54Z,ff_hsx_symbol_daily_v1,6e93df3b35ab943afbbe91a93d9e9effa41bc1d98b1cd6eff6ac7bdaca2641dd
2022-07-06,HHV,HOSE,532690000.0,179945000.0,352745000.0,47200.0,15900.0,31300.0,0.0,0.0,0.0,0.0,11450.0,11500.0,11100.0,11100.0,11270.0,HSX_FOREIGN_API,HOSE_SYMBOL_LEVEL,VND,2026-08-25T03:10:54Z,ff_hsx_symbol_daily_v1,9bb4514698a692fe982fd1e0b098ac6e493ba39eb6123a8364bbf5777ec06da6
2022-07-07,HHV,HOSE,80940000.0,173080000.0,-92140000.0,7100.0,15400.0,-8300.0,0.0,0.0,0.0,0.0,11500.0,11500.0,11150.0,11400.0,11310.0,HSX_FOREIGN_API,HOSE_SYMBOL_LEVEL,VND,2026-08-25T03:10:54Z,ff_hsx_symbol_daily_v1,46ca9451fbd8a3ad818d9c784f05a4ff03b257c3288cb28efd9903de688f1752
2022-07-08,HHV,HOSE,250390000.0,0.0,250390000.0,21000.0,0.0,21000.0,0.0,0.0,0.0,0.0,11550.0,12000.0,11500.0,12000.0,11870.0,HSX_FOREIGN_API,HOSE_SYMBOL_LEVEL,VND,2026-08-25T03:10:54Z,ff_hsx_symbol_daily_v1,17b91ac97fdb6964fc88b54ccf827818ee447122608ac22d054f706eac0c949c
2022-07-11,HHV,HOSE,61345000.0,245185000.0,-183840000.0,5100.0,20400.0,-15300.0,0.0,0.0,0.0,0.0,12100.0,12400.0,11950.0,12100.0,12120.0,HSX_FOREIGN_API,HOSE_SYMBOL_LEVEL,VND,2026-08-25T03:10:54Z,ff_hsx_symbol_daily_v1,458d0db174e0327f62f8dc71e4bbe7fa5480fc6afc483f50b1c9bcaeba839675
2022-07-12,HHV,HOSE,122350000.0,40855000.0,81495000.0,9800.0,3300.0,6500.0,0.0,0.0,0.0,0.0,12200.0,12800.0,12100.0,12800.0,12440.0,HSX_FOREIGN_API,HOSE_SYMBOL_LEVEL,VND,2026-08-25T03:10:54Z,ff_hsx_symbol_daily_v1,5fbdc4281eb9a6866757df0c500aa47244172ddae235b2d2ef590e7c62daaf63
2022-07-13,HHV,HOSE,26304315000.0,2730000.0,26301585000.0,2022400.0,200.0,2022200.0,26000000000.0,0.0,2000000.0,0.0,12800.0,13650.0,12700.0,13650.0,13410.0,HSX_FOREIGN_API,HOSE_SYMBOL_LEVEL,VND,2026-08-25T03:10:54Z,ff_hsx_symbol_daily_v1,9d4ec0aff1b6bfbaa26de5d0997b58c677234231e6e3cb257d912a70dadbf40d
2022-07-14,HHV,HOSE,123810000.0,860005000.0,-736195000.0,9100.0,61700.0,-52600.0,0.0,0.0,0.0,0.0,13650.0,14400.0,13400.0,13750.0,13910.0,HSX_FOREIGN_API,HOSE_SYMBOL_LEVEL,VND,2026-08-25T03:10:54Z,ff_hsx_symbol_daily_v1,42f4c45d0b55ea7832636c791bc91752d13e03bfe317de8596c96d8e691a821a
2022-07-15,HHV,HOSE,15010000.0,116875000.0,-101865000.0,1100.0,8500.0,-7400.0,0.0,0.0,0.0,0.0,13700.0,13900.0,13450.0,13450.0,13680.0,HSX_FOREIGN_API,HOSE_SYMBOL_LEVEL,VND,2026-08-25T03:10:54Z,ff_hsx_symbol_daily_v1,d5e01fcff437ac95ff80fc90306d563130256d59b42b867ae1460cdc7c85cc2e
2022-07-18,HHV,HOSE,902880000.0,1430000.0,901450000.0,63000.0,100.0,62900.0,0.0,0.0,0.0,0.0,13500.0,14350.0,13500.0,14350.0,14210.0,HSX_FOREIGN_API,HOSE_SYMBOL_LEVEL,VND,2026-08-25T03:10:54Z,ff_hsx_symbol_daily_v1,c21273d501f49075393645f8c99ebb9d1bae00354f1e6c51ff9f23accc5c0b0f
2022-07-19,HHV,HOSE,356540000.0,213385000.0,143155000.0,25200.0,15300.0,9900.0,0.0,0.0,0.0,0.0,14400.0,14400.0,13900.0,14100.0,14100.0,HSX_FOREIGN_API,HOSE_SYMBOL_LEVEL,VND,2026-08-25T03:10:54Z,ff_hsx_symbol_daily_v1,d8b7df0ba10bb79597923642997c45443ad065469189bc9adb1002e1f8c6bf5a
2022-07-20,HHV,HOSE,52895000.0,5800000.0,47095000.0,3700.0,400.0,3300.0,0.0,0.0,0.0,0.0,14300.0,14600.0,14100.0,14100.0,14300.0,HSX_FOREIGN_API,HOSE_SYMBOL_LEVEL,VND,2026-08-25T03:10:54Z,ff_hsx_symbol_daily_v1,927047cb6ae1def72cf6a4050074d48defaaa8b78eac94ebe670d3ce4bfdb447
2022-07-21,HHV,HOSE,35375000.0,538765000.0,-503390000.0,2500.0,38500.0,-36000.0,0.0,0.0,0.0,0.0,14100.0,14300.0,13800.0,13850.0,14020.0,HSX_FOREIGN_API,HOSE_SYMBOL_LEVEL,VND,2026-08-25T03:10:54Z,ff_hsx_symbol_daily_v1,e3ae3cdd0548cf216aded8dca8420d9a298dda29b3636d6bc6eb627cd426ae60
2022-07-22,HHV,HOSE,87365000.0,429500000.0,-342135000.0,6100.0,30000.0,-23900.0,0.0,0.0,0.0,0.0,14000.0,14450.0,13850.0,14200.0,14240.0,HSX_FOREIGN_API,HOSE_SYMBOL_LEVEL,VND,2026-08-25T03:10:54Z,ff_hsx_symbol_daily_v1,c607739a8e8e39d45d7cd62923c5dbeb2b0a2b89e650ca31b9187616f8fa7b51
2022-07-25,HHV,HOSE,295095000.0,0.0,295095000.0,20900.0,0.0,20900.0,0.0,0.0,0.0,0.0,14200.0,14550.0,13900.0,14400.0,14290.0,HSX_FOREIGN_API,HOSE_SYMBOL_LEVEL,VND,2026-08-25T03:10:54Z,ff_hsx_symbol_daily_v1,0dc70c73813554660886d2e5e193a344c30861db6c3d7cecccc78b5b88286863
2022-07-26,HHV,HOSE,8945000.0,1075170000.0,-1066225000.0,600.0,72500.0,-71900.0,0.0,0.0,0.0,0.0,14300.0,15150.0,14300.0,14700.0,14860.0,HSX_FOREIGN_API,HOSE_SYMBOL_LEVEL,VND,2026-08-25T03:10:54Z,ff_hsx_symbol_daily_v1,d8abbfae0a401248eaf1dff2590fa60637a0bd73be8a64270ccb5e87ea16d099
2022-07-27,HHV,HOSE,57275000.0,1470000.0,55805000.0,3900.0,100.0,3800.0,0.0,0.0,0.0,0.0,14550.0,14800.0,14400.0,14800.0,14650.0,HSX_FOREIGN_API,HOSE_SYMBOL_LEVEL,VND,2026-08-25T03:10:54Z,ff_hsx_symbol_daily_v1,67a93459051581f6dff57063e1a1c5b7e6cc2e80f419f771b8dddbdc783524f5
2022-07-28,HHV,HOSE,624760000.0,0.0,624760000.0,41500.0,0.0,41500.0,0.0,0.0,0.0,0.0,15100.0,15400.0,14800.0,14850.0,15040.0,HSX_FOREIGN_API,HOSE_SYMBOL_LEVEL,VND,2026-08-25T03:10:54Z,ff_hsx_symbol_daily_v1,90f17fa93769d6ed1f321c5f15aefa4a47bb15797892f8371359e64236e34bff
2022-07-29,HHV,HOSE,1465000.0,247135000.0,-245670000.0,100.0,16800.0,-16700.0,0.0,0.0,0.0,0.0,14850.0,14900.0,14600.0,14600.0,14740.0,HSX_FOREIGN_API,HOSE_SYMBOL_LEVEL,VND,2026-08-25T03:10:54Z,ff_hsx_symbol_daily_v1,16cb1c7d578583a2ae65af3b0c12e02a88e40820d47f2bf855e0a4a6cb31599d
2022-08-01,HHV,HOSE,713975000.0,0.0,713975000.0,47600.0,0.0,47600.0,0.0,0.0,0.0,0.0,14600.0,15150.0,14600.0,14800.0,14900.0,HSX_FOREIGN_API,HOSE_SYMBOL_LEVEL,VND,2026-08-25T03:10:54Z,ff_hsx_symbol_daily_v1,66e7ed09f384dfa7748b4c0d89d9eecc6b38d65374427f2b43f00d2ddcab373b
2022-08-02,HHV,HOSE,0.0,599000000.0,-599000000.0,0.0,40200.0,-40200.0,0.0,0.0,0.0,0.0,15100.0,15250.0,14850.0,15000.0,15060.0,HSX_FOREIGN_API,HOSE_SYMBOL_LEVEL,VND,2026-08-25T03:10:54Z,ff_hsx_symbol_daily_v1,4e5d8a42ba410cfd394f269ae4dbc23f326965f77bd05e59826f0976d051db3d
2022-08-03,HHV,HOSE,1155715000.0,0.0,1155715000.0,76500.0,0.0,76500.0,0.0,0.0,0.0,0.0,14950.0,15250.0,14800.0,15200.0,15070.0,HSX_FOREIGN_API,HOSE_SYMBOL_LEVEL,VND,2026-08-25T03:10:54Z,ff_hsx_symbol_daily_v1,d79ba438cdbdf21665e67e3ddca82451aae9660f3400a0a53635a84286cc15a5
2022-08-04,HHV,HOSE,7750000.0,591610000.0,-583860000.0,500.0,38700.0,-38200.0,0.0,0.0,0.0,0.0,15450.0,15700.0,15150.0,15400.0,15400.0,HSX_FOREIGN_API,HOSE_SYMBOL_LEVEL,VND,2026-08-25T03:10:54Z,ff_hsx_symbol_daily_v1,f2793fb746c3afdf3d333f0ad918b9f92f185cf58bb5f55baf7a71ec9e066b74
2022-08-05,HHV,HOSE,0.0,146955000.0,-146955000.0,0.0,9700.0,-9700.0,0.0,0.0,0.0,0.0,15400.0,15400.0,14950.0,15400.0,15240.0,HSX_FOREIGN_API,HOSE_SYMBOL_LEVEL,VND,2026-08-25T03:10:54Z,ff_hsx_symbol_daily_v1,ea3096e89f5c33f50f6f976d1c39cd279de387a894897e16de2b87584ba0174a
2022-08-08,HHV,HOSE,27885000.0,39250000.0,-11365000.0,1800.0,2500.0,-700.0,0.0,0.0,0.0,0.0,15400.0,15750.0,15250.0,15550.0,15450.0,HSX_FOREIGN_API,HOSE_SYMBOL_LEVEL,VND,2026-08-25T03:10:54Z,ff_hsx_symbol_daily_v1,4971458be04fd439be5146d24eca1afbf376ba59d3f1c963eee2724eb102f195
2022-08-09,HHV,HOSE,93735000.0,448730000.0,-354995000.0,6000.0,28900.0,-22900.0,0.0,0.0,0.0,0.0,15600.0,15750.0,15450.0,15600.0,15570.0,HSX_FOREIGN_API,HOSE_SYMBOL_LEVEL,VND,2026-08-25T03:10:54Z,ff_hsx_symbol_daily_v1,053357f9d0d8aa9878a53d8720e985e2735629d3d97bbeaa0ba58f90a47942a9
2022-08-10,HHV,HOSE,12680000.0,211495000.0,-198815000.0,800.0,13400.0,-12600.0,0.0,0.0,0.0,0.0,15500.0,15900.0,15300.0,15650.0,15690.0,HSX_FOREIGN_API,HOSE_SYMBOL_LEVEL,VND,2026-08-25T03:10:54Z,ff_hsx_symbol_daily_v1,3f94fda79f145feb19d4c762f9d87a259aaced17d956cec6cd166da28cd32c3b
2022-08-11,HHV,HOSE,9540000.0,847915000.0,-838375000.0,600.0,54500.0,-53900.0,0.0,0.0,0.0,0.0,15900.0,15900.0,15050.0,15250.0,15500.0,HSX_FOREIGN_API,HOSE_SYMBOL_LEVEL,VND,2026-08-25T03:10:54Z,ff_hsx_symbol_daily_v1,4069cdc90fb88bf9c2fea106d5750805058b6c964edaba70f905734fb7f2a2d2
2022-08-12,HHV,HOSE,1324895000.0,0.0,1324895000.0,86600.0,0.0,86600.0,0.0,0.0,0.0,0.0,15200.0,15450.0,15050.0,15400.0,15280.0,HSX_FOREIGN_API,HOSE_SYMBOL_LEVEL,VND,2026-08-25T03:10:54Z,ff_hsx_symbol_daily_v1,78bd866296cb64122ed37d84d85783bf27b033216e919a500b331af628799c56
2022-08-15,HHV,HOSE,764870000.0,0.0,764870000.0,49100.0,0.0,49100.0,0.0,0.0,0.0,0.0,15450.0,15650.0,15450.0,15500.0,15540.0,HSX_FOREIGN_API,HOSE_SYMBOL_LEVEL,VND,2026-08-25T03:10:54Z,ff_hsx_symbol_daily_v1,72107ac18c65ee2377c533a725ee682ecd746098267c423011ff0507c4466f27
2022-08-16,HHV,HOSE,205000000.0,0.0,205000000.0,13100.0,0.0,13100.0,0.0,0.0,0.0,0.0,15500.0,15850.0,15450.0,15750.0,15660.0,HSX_FOREIGN_API,HOSE_SYMBOL_LEVEL,VND,2026-08-25T03:10:54Z,ff_hsx_symbol_daily_v1,cd257cb27ae0a89b61b55e8b387cfd41ecb89e1e2c463adf9888451dadd3e7f1
2022-08-17,HHV,HOSE,33230000.0,660370000.0,-627140000.0,2100.0,41900.0,-39800.0,0.0,0.0,0.0,0.0,15900.0,16050.0,15500.0,15600.0,15800.0,HSX_FOREIGN_API,HOSE_SYMBOL_LEVEL,VND,2026-08-25T03:10:54Z,ff_hsx_symbol_daily_v1,ac304d2682518ef92b26ba31adcc7429a69601a40e3566224dd4ab55d14e9765
2022-08-18,HHV,HOSE,4620000.0,955385000.0,-950765000.0,300.0,62200.0,-61900.0,0.0,0.0,0.0,0.0,15500.0,15600.0,15200.0,15400.0,15370.0,HSX_FOREIGN_API,HOSE_SYMBOL_LEVEL,VND,2026-08-25T03:10:54Z,ff_hsx_symbol_daily_v1,7b90a2c9d0e7b5ae6a3321ada00e985edf99a07c12ffb7aceff78cecf6ecd899
2022-08-19,HHV,HOSE,46410000.0,543090000.0,-496680000.0,3100.0,35800.0,-32700.0,0.0,0.0,0.0,0.0,15400.0,15400.0,14850.0,15000.0,15150.0,HSX_FOREIGN_API,HOSE_SYMBOL_LEVEL,VND,2026-08-25T03:10:54Z,ff_hsx_symbol_daily_v1,8dd67ca1b74d2b0ab141f27c87ea81c0821654d585718270f7e6b0d8c6e1a5f4
2022-08-22,HHV,HOSE,20610000.0,169860000.0,-149250000.0,1400.0,11400.0,-10000.0,0.0,0.0,0.0,0.0,14950.0,14950.0,14350.0,14400.0,14600.0,HSX_FOREIGN_API,HOSE_SYMBOL_LEVEL,VND,2026-08-25T03:10:54Z,ff_hsx_symbol_daily_v1,27f5c11cdb011783740f5ce200686afd47ef380a110ec3f7a73f3710ec848438
2022-08-23,HHV,HOSE,1496425000.0,0.0,1496425000.0,102600.0,0.0,102600.0,0.0,0.0,0.0,0.0,14100.0,15350.0,14100.0,15350.0,14660.0,HSX_FOREIGN_API,HOSE_SYMBOL_LEVEL,VND,2026-08-25T03:10:54Z,ff_hsx_symbol_daily_v1,6ff7a5727b0ef9a1e2fa54e3a693f635ff220f257e614255e7c350bf1f33ff67
2022-08-24,HHV,HOSE,0.0,19860000.0,-19860000.0,0.0,1300.0,-1300.0,0.0,0.0,0.0,0.0,15450.0,15450.0,15150.0,15150.0,15260.0,HSX_FOREIGN_API,HOSE_SYMBOL_LEVEL,VND,2026-08-25T03:10:54Z,ff_hsx_symbol_daily_v1,abee917c185ad2b4f612805cd3e55e0a2d59aadb20f6fc5e2f42204b4d069d2d
2022-08-25,HHV,HOSE,3030000.0,22825000.0,-19795000.0,200.0,1500.0,-1300.0,0.0,0.0,0.0,0.0,15200.0,15400.0,15100.0,15200.0,15200.0,HSX_FOREIGN_API,HOSE_SYMBOL_LEVEL,VND,2026-08-25T03:10:54Z,ff_hsx_symbol_daily_v1,bf87264c546eb2aafd287e3141d3d72c416c0faf44ef4132de77257691b2a3f8
2022-08-26,HHV,HOSE,12060000.0,377135000.0,-365075000.0,800.0,25200.0,-24400.0,0.0,0.0,0.0,0.0,15200.0,15300.0,14800.0,14850.0,15010.0,HSX_FOREIGN_API,HOSE_SYMBOL_LEVEL,VND,2026-08-25T03:10:54Z,ff_hsx_symbol_daily_v1,3b2ab1c0a3528089caecce35c821d81444f58ec6483fd89ea05b11dd42d4ac8d
2022-08-29,HHV,HOSE,235545000.0,839835000.0,-604290000.0,16300.0,58200.0,-41900.0,0.0,0.0,0.0,0.0,14500.0,14950.0,14200.0,14850.0,14520.0,HSX_FOREIGN_API,HOSE_SYMBOL_LEVEL,VND,2026-08-25T03:10:54Z,ff_hsx_symbol_daily_v1,c844c05d93366bfa92d566e66c99d3060b67c038df13b3594e015ad0d26f0795
2022-08-30,HHV,HOSE,195600000.0,405195000.0,-209595000.0,13000.0,27200.0,-14200.0,0.0,0.0,0.0,0.0,15150.0,15150.0,14750.0,14800.0,14940.0,HSX_FOREIGN_API,HOSE_SYMBOL_LEVEL,VND,2026-08-25T03:10:54Z,ff_hsx_symbol_daily_v1,619e85f261dcfa590f9f1024678e85fd39e1e59f3149d21ea83c0367ad44b174
2022-08-31,HHV,HOSE,227240000.0,17760000.0,209480000.0,15200.0,1200.0,14000.0,0.0,0.0,0.0,0.0,14650.0,15000.0,14650.0,14950.0,14850.0,HSX_FOREIGN_API,HOSE_SYMBOL_LEVEL,VND,2026-08-25T03:10:54Z,ff_hsx_symbol_daily_v1,477e76e02c72d7fc466dd089947eace175b86b20804795a5f2a95dff5be0107d
2022-09-05,HHV,HOSE,2781300000.0,129000000.0,2652300000.0,183000.0,8600.0,174400.0,2736000000.0,0.0,180000.0,0.0,15000.0,15150.0,14950.0,15150.0,15040.0,HSX_FOREIGN_API,HOSE_SYMBOL_LEVEL,VND,2026-08-25T03:10:54Z,ff_hsx_symbol_daily_v1,ebd1e9c6d8f6e5726c17d434167f00f8ded203fe85d89cf794c1b8e2303f74de
2022-09-06,HHV,HOSE,0.0,179220000.0,-179220000.0,0.0,11600.0,-11600.0,0.0,0.0,0.0,0.0,15150.0,15650.0,15150.0,15350.0,15470.0,HSX_FOREIGN_API,HOSE_SYMBOL_LEVEL,VND,2026-08-25T03:10:54Z,ff_hsx_symbol_daily_v1,d09bb3ea3c641241253bc697b5ea483a13b1490451a0fef1953b9612c3e81dfb
2022-09-07,HHV,HOSE,0.0,358010000.0,-358010000.0,0.0,23400.0,-23400.0,0.0,0.0,0.0,0.0,15350.0,15450.0,14800.0,14800.0,15220.0,HSX_FOREIGN_API,HOSE_SYMBOL_LEVEL,VND,2026-08-25T03:10:54Z,ff_hsx_symbol_daily_v1,a0b0f4ca3a01c10b1d3b6837791ae750ca9e8937ba0e52af3288958a78357419
2022-09-08,HHV,HOSE,7450000.0,1495000.0,5955000.0,500.0,100.0,400.0,0.0,0.0,0.0,0.0,15000.0,15000.0,14400.0,14400.0,14660.0,HSX_FOREIGN_API,HOSE_SYMBOL_LEVEL,VND,2026-08-25T03:10:54Z,ff_hsx_symbol_daily_v1,c2723c154f5b5a89db8bd052ff8c940532511d499227e8425d54fc071313876d
2022-09-09,HHV,HOSE,160600000.0,14700000.0,145900000.0,11200.0,1000.0,10200.0,0.0,0.0,0.0,0.0,14500.0,14850.0,14100.0,14700.0,14390.0,HSX_FOREIGN_API,HOSE_SYMBOL_LEVEL,VND,2026-08-25T03:10:54Z,ff_hsx_symbol_daily_v1,538f60ffa967443e74d753e807f0fe2c847cee8c7d70007467de89e64db416df
2022-09-12,HHV,HOSE,123900000.0,0.0,123900000.0,8400.0,0.0,8400.0,0.0,0.0,0.0,0.0,14800.0,15000.0,14600.0,14600.0,14770.0,HSX_FOREIGN_API,HOSE_SYMBOL_LEVEL,VND,2026-08-25T03:10:54Z,ff_hsx_symbol_daily_v1,deef0c9bf1c643c42c54519f2084208be5539618935e6b2b7c808074f13d4d1e
2022-09-13,HHV,HOSE,291000000.0,0.0,291000000.0,20000.0,0.0,20000.0,0.0,0.0,0.0,0.0,14600.0,14800.0,14450.0,14800.0,14610.0,HSX_FOREIGN_API,HOSE_SYMBOL_LEVEL,VND,2026-08-25T03:10:54Z,ff_hsx_symbol_daily_v1,34a1454d850f98006d0a1fffb1b99664211ebffb5179193a9d78604eb751173a
2022-09-14,HHV,HOSE,14850000.0,1500000.0,13350000.0,1000.0,100.0,900.0,0.0,0.0,0.0,0.0,14300.0,15300.0,14300.0,14850.0,14910.0,HSX_FOREIGN_API,HOSE_SYMBOL_LEVEL,VND,2026-08-25T03:10:54Z,ff_hsx_symbol_daily_v1,5d2be28082c0b524e62b43da774c208137db3209742727ee5049ac0ebc3db415
2022-09-15,HHV,HOSE,7450000.0,0.0,7450000.0,500.0,0.0,500.0,0.0,0.0,0.0,0.0,15100.0,15200.0,14800.0,14850.0,14940.0,HSX_FOREIGN_API,HOSE_SYMBOL_LEVEL,VND,2026-08-25T03:10:54Z,ff_hsx_symbol_daily_v1,ac8aededc86dbd1e7342d103f1748985478a887fee189b28ca9011de6b59968b
2022-09-16,HHV,HOSE,0.0,0.0,0.0,0.0,0.0,0.0,0.0,0.0,0.0,0.0,14650.0,15200.0,14550.0,14950.0,14850.0,HSX_FOREIGN_API,HOSE_SYMBOL_LEVEL,VND,2026-08-25T03:10:54Z,ff_hsx_symbol_daily_v1,3c6fb465b47c37b8ce294053ac6f5950b984a23fb1540e1f85e92ebf442cc7aa
2022-09-19,HHV,HOSE,933980000.0,38100000.0,895880000.0,60000.0,2500.0,57500.0,0.0,0.0,0.0,0.0,15000.0,15700.0,15000.0,15700.0,15480.0,HSX_FOREIGN_API,HOSE_SYMBOL_LEVEL,VND,2026-08-25T03:10:54Z,ff_hsx_symbol_daily_v1,f7255ad0e25c38603dbcb78d2ff88e415261dc981e9ceede93fc2bf2e953d163
2022-09-20,HHV,HOSE,0.0,18600000.0,-18600000.0,0.0,1200.0,-1200.0,0.0,0.0,0.0,0.0,15900.0,15900.0,15200.0,15650.0,15520.0,HSX_FOREIGN_API,HOSE_SYMBOL_LEVEL,VND,2026-08-25T03:10:54Z,ff_hsx_symbol_daily_v1,3c82444618834bd56f3f4f67ba3ef477b40f70408f827218db37120851284bc8
2022-09-21,HHV,HOSE,255055000.0,270650000.0,-15595000.0,15700.0,16500.0,-800.0,0.0,0.0,0.0,0.0,15350.0,16700.0,15350.0,16400.0,16330.0,HSX_FOREIGN_API,HOSE_SYMBOL_LEVEL,VND,2026-08-25T03:10:54Z,ff_hsx_symbol_daily_v1,17a849e039750547deaa1205ad4d4de0202a93ac758575056fc16de35bca6a67
2022-09-22,HHV,HOSE,411905000.0,323840000.0,88065000.0,25300.0,19600.0,5700.0,0.0,0.0,0.0,0.0,16250.0,16700.0,16050.0,16650.0,16380.0,HSX_FOREIGN_API,HOSE_SYMBOL_LEVEL,VND,2026-08-25T03:10:54Z,ff_hsx_symbol_daily_v1,54e811130ae112ee4f41546c2eee9be91e35aedc66b1f21bcfc5022cfaf9be49
2022-09-23,HHV,HOSE,8250000.0,0.0,8250000.0,500.0,0.0,500.0,0.0,0.0,0.0,0.0,16700.0,17200.0,16000.0,16200.0,16670.0,HSX_FOREIGN_API,HOSE_SYMBOL_LEVEL,VND,2026-08-25T03:10:54Z,ff_hsx_symbol_daily_v1,b95cdc333d1cfa10f5b57af7276b57ac53f31e6e8ee77e1606c7c9c02006c54d
2022-09-26,HHV,HOSE,800335000.0,495625000.0,304710000.0,50000.0,30600.0,19400.0,0.0,0.0,0.0,0.0,15850.0,16500.0,15650.0,16500.0,16050.0,HSX_FOREIGN_API,HOSE_SYMBOL_LEVEL,VND,2026-08-25T03:10:54Z,ff_hsx_symbol_daily_v1,f810daede8ecb7e2009c823dafe9ce7f68341b0c8802d777295bff118230f907
2022-09-27,HHV,HOSE,171670000.0,91860000.0,79810000.0,10400.0,5600.0,4800.0,0.0,0.0,0.0,0.0,16600.0,16800.0,16250.0,16250.0,16500.0,HSX_FOREIGN_API,HOSE_SYMBOL_LEVEL,VND,2026-08-25T03:10:54Z,ff_hsx_symbol_daily_v1,4e78715e55c10615d97cd45799085ab4d62bfc9aacebbe6a25dc734b02b3d563
2022-09-28,HHV,HOSE,63695000.0,498865000.0,-435170000.0,4200.0,31400.0,-27200.0,0.0,0.0,0.0,0.0,15900.0,16100.0,15150.0,15150.0,15430.0,HSX_FOREIGN_API,HOSE_SYMBOL_LEVEL,VND,2026-08-25T03:10:54Z,ff_hsx_symbol_daily_v1,bd55d78172625e55120808396ae51771550b6d80e2b34a7c733164b6273f06b0
2022-09-29,HHV,HOSE,26015000.0,554000000.0,-527985000.0,1800.0,38500.0,-36700.0,0.0,0.0,0.0,0.0,15100.0,15200.0,14100.0,14100.0,14370.0,HSX_FOREIGN_API,HOSE_SYMBOL_LEVEL,VND,2026-08-25T03:10:54Z,ff_hsx_symbol_daily_v1,aa9bbe5f90499662748ff35e02c0f456b0cd29282328662c7ca0d34583f7229a
2022-09-30,HHV,HOSE,1815925000.0,130875000.0,1685050000.0,136100.0,9400.0,126700.0,0.0,0.0,0.0,0.0,13650.0,14000.0,13150.0,13600.0,13420.0,HSX_FOREIGN_API,HOSE_SYMBOL_LEVEL,VND,2026-08-25T03:10:54Z,ff_hsx_symbol_daily_v1,4889e09999018ab16640aa328888470fcf8326c702240d77e6923f954fcb4923
2022-10-03,HHV,HOSE,43025000.0,0.0,43025000.0,3400.0,0.0,3400.0,0.0,0.0,0.0,0.0,13650.0,13700.0,12650.0,12650.0,13030.0,HSX_FOREIGN_API,HOSE_SYMBOL_LEVEL,VND,2026-08-25T03:10:54Z,ff_hsx_symbol_daily_v1,57746819b35cffccddf0b20e85f0c9df11705bdd0178b85ba416409e7f3950ba
2022-10-04,HHV,HOSE,1629305000.0,0.0,1629305000.0,131900.0,0.0,131900.0,0.0,0.0,0.0,0.0,13000.0,13000.0,12100.0,12150.0,12500.0,HSX_FOREIGN_API,HOSE_SYMBOL_LEVEL,VND,2026-08-25T03:10:54Z,ff_hsx_symbol_daily_v1,c5181022948f95e41a6aa67f50d641e92ddc9b53ab24185d11d322db1efb255e
2022-10-05,HHV,HOSE,316415000.0,2570000.0,313845000.0,25400.0,200.0,25200.0,0.0,0.0,0.0,0.0,12500.0,13000.0,12250.0,12800.0,12550.0,HSX_FOREIGN_API,HOSE_SYMBOL_LEVEL,VND,2026-08-25T03:10:54Z,ff_hsx_symbol_daily_v1,878eb1b9783530e040adef397580ec9098e482db99fd7dff87d4e83e86493a0f
2022-10-06,HHV,HOSE,62905000.0,1615020000.0,-1552115000.0,5000.0,127100.0,-122100.0,0.0,0.0,0.0,0.0,12750.0,12950.0,11950.0,11950.0,12280.0,HSX_FOREIGN_API,HOSE_SYMBOL_LEVEL,VND,2026-08-25T03:10:54Z,ff_hsx_symbol_daily_v1,46bd892212999b531d21f807786c93e6381a7c43b67d1b0b7d9ca1e430ecff91
2022-10-07,HHV,HOSE,1308620000.0,0.0,1308620000.0,115000.0,0.0,115000.0,0.0,0.0,0.0,0.0,11500.0,11600.0,11150.0,11150.0,11300.0,HSX_FOREIGN_API,HOSE_SYMBOL_LEVEL,VND,2026-08-25T03:10:54Z,ff_hsx_symbol_daily_v1,249c79d694bdf470f831e230ca66398e689430e148cc60c24fd814500a917df0
2022-10-10,HHV,HOSE,1268020000.0,0.0,1268020000.0,114500.0,0.0,114500.0,0.0,0.0,0.0,0.0,10700.0,11700.0,10700.0,11500.0,11170.0,HSX_FOREIGN_API,HOSE_SYMBOL_LEVEL,VND,2026-08-25T03:10:54Z,ff_hsx_symbol_daily_v1,7a7f312d1c2f8edcc369767dcc49e40f646caba5bb612d309ed57b74de0aac7f
2022-10-11,HHV,HOSE,4495000.0,1587880000.0,-1583385000.0,400.0,143000.0,-142600.0,0.0,0.0,0.0,0.0,11600.0,11600.0,10700.0,10700.0,10940.0,HSX_FOREIGN_API,HOSE_SYMBOL_LEVEL,VND,2026-08-25T03:10:54Z,ff_hsx_symbol_daily_v1,4433096a66027f4cb0856dbbe133133b575670387d3385ff4a7ff4ddd5a4899c
2022-10-12,HHV,HOSE,769635000.0,188090000.0,581545000.0,70500.0,17200.0,53300.0,0.0,0.0,0.0,0.0,10400.0,11150.0,10400.0,10600.0,10830.0,HSX_FOREIGN_API,HOSE_SYMBOL_LEVEL,VND,2026-08-25T03:10:54Z,ff_hsx_symbol_daily_v1,4c5077912faba2b768521248b3acc3e1d1453670d920ca2e66f73ca2b7815f51
2022-10-13,HHV,HOSE,351595000.0,0.0,351595000.0,31900.0,0.0,31900.0,0.0,0.0,0.0,0.0,10700.0,11100.0,10700.0,10950.0,10970.0,HSX_FOREIGN_API,HOSE_SYMBOL_LEVEL,VND,2026-08-25T03:10:54Z,ff_hsx_symbol_daily_v1,6b5cea5bb19d284811e26638e6110b17d0493bec642d1c707bc9b8f99c402082
2022-10-14,HHV,HOSE,36675000.0,575750000.0,-539075000.0,3300.0,51700.0,-48400.0,0.0,0.0,0.0,0.0,11250.0,11400.0,10950.0,10950.0,11130.0,HSX_FOREIGN_API,HOSE_SYMBOL_LEVEL,VND,2026-08-25T03:10:54Z,ff_hsx_symbol_daily_v1,d93d56c5fd2e60852b6852cabc5f07bd580e7eac7036a646dc656a95ecfa5985
2022-10-17,HHV,HOSE,3275000.0,896245000.0,-892970000.0,300.0,81800.0,-81500.0,0.0,0.0,0.0,0.0,10950.0,11200.0,10750.0,11150.0,10990.0,HSX_FOREIGN_API,HOSE_SYMBOL_LEVEL,VND,2026-08-25T03:10:54Z,ff_hsx_symbol_daily_v1,6e94b0a4a1dd3716e94c51ad0c4fcb5534ac098aa850d0f1026a8f54cb165b05
2022-10-18,HHV,HOSE,11485000.0,572265000.0,-560780000.0,1000.0,50600.0,-49600.0,0.0,0.0,0.0,0.0,11400.0,11600.0,11100.0,11100.0,11360.0,HSX_FOREIGN_API,HOSE_SYMBOL_LEVEL,VND,2026-08-25T03:10:54Z,ff_hsx_symbol_daily_v1,aaca1ad6fe21f7050239c77a4480aa241ee8a1b267b7ae2f2c7c86be3bf37332
2022-10-19,HHV,HOSE,21900000.0,605240000.0,-583340000.0,2000.0,55300.0,-53300.0,0.0,0.0,0.0,0.0,11000.0,11100.0,10850.0,11000.0,10960.0,HSX_FOREIGN_API,HOSE_SYMBOL_LEVEL,VND,2026-08-25T03:10:54Z,ff_hsx_symbol_daily_v1,a94695ed311037cc3d12aa58c93ca92ec026218e816c2890bd2ad9a57492269f
2022-10-20,HHV,HOSE,0.0,875900000.0,-875900000.0,0.0,80600.0,-80600.0,0.0,0.0,0.0,0.0,10850.0,11050.0,10750.0,10850.0,10880.0,HSX_FOREIGN_API,HOSE_SYMBOL_LEVEL,VND,2026-08-25T03:10:54Z,ff_hsx_symbol_daily_v1,a682f07cef033ee24a146802a44ef79ca57872e03b72651a8e45933308de77d6
2022-10-21,HHV,HOSE,51744000.0,352045000.0,-300301000.0,5120.0,32600.0,-27480.0,0.0,0.0,0.0,0.0,10850.0,10900.0,10100.0,10100.0,10260.0,HSX_FOREIGN_API,HOSE_SYMBOL_LEVEL,VND,2026-08-25T03:10:54Z,ff_hsx_symbol_daily_v1,b4c73c69cfacaadea7859dea2fd7faccc52fd40ad5b063a8ca9860ccd97daf1c
2022-10-24,HHV,HOSE,179157000.0,0.0,179157000.0,18500.0,0.0,18500.0,0.0,0.0,0.0,0.0,10200.0,10200.0,9400.0,9400.0,9610.0,HSX_FOREIGN_API,HOSE_SYMBOL_LEVEL,VND,2026-08-25T03:10:54Z,ff_hsx_symbol_daily_v1,958f61ecad2f99d515938e04a1e6cdd649d20ffff9d10b03784f69036794447e
2022-10-25,HHV,HOSE,1737468000.0,27492000.0,1709976000.0,188900.0,2900.0,186000.0,0.0,0.0,0.0,0.0,9310.0,9790.0,8790.0,9400.0,9290.0,HSX_FOREIGN_API,HOSE_SYMBOL_LEVEL,VND,2026-08-25T03:10:54Z,ff_hsx_symbol_daily_v1,c854a02668eac74c4a5bbc14dce75f9488e9f9193bb189e3edba931f4ad69906
2022-10-26,HHV,HOSE,345190000.0,0.0,345190000.0,36200.0,0.0,36200.0,0.0,0.0,0.0,0.0,9450.0,9700.0,9210.0,9300.0,9480.0,HSX_FOREIGN_API,HOSE_SYMBOL_LEVEL,VND,2026-08-25T03:10:54Z,ff_hsx_symbol_daily_v1,1a04374d906503a00f261a3e2c5a48b6533c90e4d41a4bc95a1f2a8d77929719
2022-10-27,HHV,HOSE,596124000.0,157067000.0,439057000.0,61200.0,16400.0,44800.0,0.0,0.0,0.0,0.0,9310.0,9950.0,9300.0,9950.0,9660.0,HSX_FOREIGN_API,HOSE_SYMBOL_LEVEL,VND,2026-08-25T03:10:54Z,ff_hsx_symbol_daily_v1,abc381cd4560374cbb5a55fbc819fb352df0c617683c83c760c5a8e31a93d3db
2022-10-28,HHV,HOSE,0.0,870977000.0,-870977000.0,0.0,87200.0,-87200.0,0.0,0.0,0.0,0.0,10000.0,10300.0,9800.0,9880.0,10040.0,HSX_FOREIGN_API,HOSE_SYMBOL_LEVEL,VND,2026-08-25T03:10:54Z,ff_hsx_symbol_daily_v1,634843fb410d999d94d320f5439c70b2d6b2d65a35436938dcb1e01604b75605
2022-10-31,HHV,HOSE,160237000.0,763977000.0,-603740000.0,16800.0,79100.0,-62300.0,0.0,0.0,0.0,0.0,9880.0,9990.0,9350.0,9750.0,9650.0,HSX_FOREIGN_API,HOSE_SYMBOL_LEVEL,VND,2026-08-25T03:10:54Z,ff_hsx_symbol_daily_v1,78fe61b25a31514566091f54cb859804de814d71afae6b3dede158af688322af
2022-11-01,HHV,HOSE,110593000.0,319282000.0,-208689000.0,11200.0,32600.0,-21400.0,0.0,0.0,0.0,0.0,9900.0,10000.0,9700.0,9710.0,9840.0,HSX_FOREIGN_API,HOSE_SYMBOL_LEVEL,VND,2026-08-25T03:10:54Z,ff_hsx_symbol_daily_v1,91929b3aacd61ea9da4751c69be7b1d76d44df8f8b9cc1ab09f17bc87225c865
2022-11-02,HHV,HOSE,0.0,196947000.0,-196947000.0,0.0,20200.0,-20200.0,0.0,0.0,0.0,0.0,9700.0,9870.0,9660.0,9690.0,9750.0,HSX_FOREIGN_API,HOSE_SYMBOL_LEVEL,VND,2026-08-25T03:10:54Z,ff_hsx_symbol_daily_v1,17014c53e0d0856091756465467aec851f1f7552cbd3aa9b0c7ee0e516a043c0
2022-11-03,HHV,HOSE,119307000.0,68009000.0,51298000.0,12300.0,6700.0,5600.0,0.0,0.0,0.0,0.0,9700.0,10350.0,9620.0,10200.0,10040.0,HSX_FOREIGN_API,HOSE_SYMBOL_LEVEL,VND,2026-08-25T03:10:54Z,ff_hsx_symbol_daily_v1,499f5f9a19d7ef0848521928ab8bf953f6d126e4d4a737066fb972b4255dfdeb
2022-11-04,HHV,HOSE,0.0,714620000.0,-714620000.0,0.0,71600.0,-71600.0,0.0,0.0,0.0,0.0,10000.0,10300.0,9700.0,9710.0,9880.0,HSX_FOREIGN_API,HOSE_SYMBOL_LEVEL,VND,2026-08-25T03:10:54Z,ff_hsx_symbol_daily_v1,925e14bf3555511e1b41a6e1883b05182152057f0d0ac954fa7fc9b1fd5ad63f
2022-11-07,HHV,HOSE,186679000.0,0.0,186679000.0,20500.0,0.0,20500.0,0.0,0.0,0.0,0.0,9740.0,9790.0,9040.0,9040.0,9240.0,HSX_FOREIGN_API,HOSE_SYMBOL_LEVEL,VND,2026-08-25T03:10:54Z,ff_hsx_symbol_daily_v1,093b79148d89338e6504bccf56753c0291061a2da28894688384108cd4bfc041
2022-11-08,HHV,HOSE,453226000.0,2679000.0,450547000.0,51900.0,300.0,51600.0,0.0,0.0,0.0,0.0,8700.0,9020.0,8650.0,8940.0,8820.0,HSX_FOREIGN_API,HOSE_SYMBOL_LEVEL,VND,2026-08-25T03:10:54Z,ff_hsx_symbol_daily_v1,15ce2f468561b879803f198bbc1f6766350b9974a1b90c51712b8fd00e836a90
2022-11-09,HHV,HOSE,194191000.0,0.0,194191000.0,21600.0,0.0,21600.0,0.0,0.0,0.0,0.0,9000.0,9270.0,8900.0,8940.0,9090.0,HSX_FOREIGN_API,HOSE_SYMBOL_LEVEL,VND,2026-08-25T03:10:54Z,ff_hsx_symbol_daily_v1,2aeeda43166a8ce0b7134f1214ad4303c3b4aba9a357243c3a34e5ab78960b5a
2022-11-10,HHV,HOSE,104472000.0,0.0,104472000.0,12100.0,0.0,12100.0,0.0,0.0,0.0,0.0,8740.0,9000.0,8320.0,8320.0,8470.0,HSX_FOREIGN_API,HOSE_SYMBOL_LEVEL,VND,2026-08-25T03:10:54Z,ff_hsx_symbol_daily_v1,b8c8dc5b4ee8f94a675db5dd374ace609aba4901ae53c79d014c12abdac7ab8e
2022-11-11,HHV,HOSE,8807206000.0,173408000.0,8633798000.0,1061100.0,21800.0,1039300.0,8320000000.0,0.0,1000000.0,0.0,8340.0,8500.0,7740.0,7740.0,7940.0,HSX_FOREIGN_API,HOSE_SYMBOL_LEVEL,VND,2026-08-25T03:10:54Z,ff_hsx_symbol_daily_v1,6ffd3d73195b8f40fe7b8b781c6da90172a49a795f34f727dc7b1f6c7a4de6ec
2022-11-14,HHV,HOSE,160857000.0,605960000.0,-445103000.0,22300.0,84000.0,-61700.0,0.0,0.0,0.0,0.0,7300.0,7350.0,7200.0,7200.0,7210.0,HSX_FOREIGN_API,HOSE_SYMBOL_LEVEL,VND,2026-08-25T03:10:54Z,ff_hsx_symbol_daily_v1,41c3a915fbbbf52f6752c47232c20402dcdb7e05b8b5a23986af4bab2cfbab78
2022-11-15,HHV,HOSE,186536000.0,0.0,186536000.0,27800.0,0.0,27800.0,0.0,0.0,0.0,0.0,6700.0,7090.0,6700.0,6700.0,6700.0,HSX_FOREIGN_API,HOSE_SYMBOL_LEVEL,VND,2026-08-25T03:10:54Z,ff_hsx_symbol_daily_v1,772603dde8282a90f1114971994ec53548a71002f7f9ba1cb42194f1ba228e2f
2022-11-16,HHV,HOSE,1335760000.0,2568000.0,1333192000.0,200500.0,400.0,200100.0,0.0,0.0,0.0,0.0,6240.0,7160.0,6240.0,7160.0,6510.0,HSX_FOREIGN_API,HOSE_SYMBOL_LEVEL,VND,2026-08-25T03:10:54Z,ff_hsx_symbol_daily_v1,2d2c162edd87b456b0b1aaf8bfe7175efa48d9a1e6c68c21827816c5d6aea8bb
2022-11-17,HHV,HOSE,40500000.0,408646000.0,-368146000.0,5400.0,54500.0,-49100.0,0.0,0.0,0.0,0.0,7550.0,7600.0,7250.0,7390.0,7450.0,HSX_FOREIGN_API,HOSE_SYMBOL_LEVEL,VND,2026-08-25T03:10:54Z,ff_hsx_symbol_daily_v1,02c1620dc7cff52d282a693f3d90fb3ce7aa89139c0344ea833f236564c0a74a
2022-11-18,HHV,HOSE,7788089000.0,337595000.0,7450494000.0,1052700.0,45400.0,1007300.0,7400000000.0,0.0,1000000.0,0.0,7300.0,7900.0,6900.0,7890.0,7450.0,HSX_FOREIGN_API,HOSE_SYMBOL_LEVEL,VND,2026-08-25T03:10:54Z,ff_hsx_symbol_daily_v1,0e5d9c27fa6646f368015e57a4b93ee062b3a939f08d7de1a69e226900ebc000
2022-11-21,HHV,HOSE,167970000.0,724286000.0,-556316000.0,20300.0,88200.0,-67900.0,0.0,0.0,0.0,0.0,8000.0,8340.0,8000.0,8300.0,8210.0,HSX_FOREIGN_API,HOSE_SYMBOL_LEVEL,VND,2026-08-25T03:10:54Z,ff_hsx_symbol_daily_v1,9a9b4cb3c5fc93b62ad76c8570f9a758c0a5baf3ef5b68cf4c5483ece8ab0186
2022-11-22,HHV,HOSE,7209000.0,630378000.0,-623169000.0,900.0,74500.0,-73600.0,0.0,0.0,0.0,0.0,8300.0,8700.0,7900.0,8020.0,8370.0,HSX_FOREIGN_API,HOSE_SYMBOL_LEVEL,VND,2026-08-25T03:10:54Z,ff_hsx_symbol_daily_v1,58c86b2ad3fafe49f3f3a5f57290279c6acc1c3423e1105152cf8765b8d19289
2022-11-23,HHV,HOSE,168995000.0,286146000.0,-117151000.0,22000.0,36400.0,-14400.0,0.0,0.0,0.0,0.0,8000.0,8100.0,7510.0,7510.0,7820.0,HSX_FOREIGN_API,HOSE_SYMBOL_LEVEL,VND,2026-08-25T03:10:54Z,ff_hsx_symbol_daily_v1,747335d2612a2ee51d52c14557865472b28e2ad9df3ddc4244c7ce9fc438437d
2022-11-24,HHV,HOSE,372612000.0,90194000.0,282418000.0,49800.0,12100.0,37700.0,0.0,0.0,0.0,0.0,7450.0,7650.0,7190.0,7550.0,7390.0,HSX_FOREIGN_API,HOSE_SYMBOL_LEVEL,VND,2026-08-25T03:10:54Z,ff_hsx_symbol_daily_v1,c54b6398dcf6716d4c3ac72109f37ab749e928cc0c2bc47fd159236a002ed782
2022-11-25,HHV,HOSE,235193000.0,8584000.0,226609000.0,29700.0,1100.0,28600.0,0.0,0.0,0.0,0.0,7770.0,8060.0,7710.0,8060.0,7880.0,HSX_FOREIGN_API,HOSE_SYMBOL_LEVEL,VND,2026-08-25T03:10:54Z,ff_hsx_symbol_daily_v1,0e8e3149fc38821a48acb8c93a1014cc800d80d4fb059984dacce25f9d1657e1
2022-11-28,HHV,HOSE,0.0,24518000.0,-24518000.0,0.0,2900.0,-2900.0,0.0,0.0,0.0,0.0,8300.0,8620.0,8300.0,8620.0,8520.0,HSX_FOREIGN_API,HOSE_SYMBOL_LEVEL,VND,2026-08-25T03:10:54Z,ff_hsx_symbol_daily_v1,a46d9ff7af40e027effe69770cb169ad8de525f5ad2c270c144455ceebde64c9
2022-11-29,HHV,HOSE,355066000.0,432083000.0,-77017000.0,40000.0,48800.0,-8800.0,0.0,0.0,0.0,0.0,8900.0,9000.0,8300.0,8860.0,8780.0,HSX_FOREIGN_API,HOSE_SYMBOL_LEVEL,VND,2026-08-25T03:10:54Z,ff_hsx_symbol_daily_v1,a69f859285bf0cfa95a555ee3f7f05d82c4790f1106c12a159bc22d5780081df
2022-11-30,HHV,HOSE,2491266000.0,261526000.0,2229740000.0,281400.0,29700.0,251700.0,0.0,0.0,0.0,0.0,8900.0,9000.0,8500.0,8910.0,8840.0,HSX_FOREIGN_API,HOSE_SYMBOL_LEVEL,VND,2026-08-25T03:10:54Z,ff_hsx_symbol_daily_v1,2f930da9b023e7b11f764bf4c54ebbfe0128601086dbde945b34d85cf6fb5326
2022-12-01,HHV,HOSE,794181000.0,80625000.0,713556000.0,87500.0,8800.0,78700.0,0.0,0.0,0.0,0.0,9200.0,9480.0,8700.0,8910.0,9150.0,HSX_FOREIGN_API,HOSE_SYMBOL_LEVEL,VND,2026-08-25T03:10:54Z,ff_hsx_symbol_daily_v1,268a9d002fc5c1b43671dd38e88062412cd92a935256107e197039d39c1dd726
2022-12-02,HHV,HOSE,350290000.0,0.0,350290000.0,39400.0,0.0,39400.0,0.0,0.0,0.0,0.0,8730.0,9250.0,8600.0,9180.0,8940.0,HSX_FOREIGN_API,HOSE_SYMBOL_LEVEL,VND,2026-08-25T03:10:54Z,ff_hsx_symbol_daily_v1,bce021507e73feca47d0ed4c58681c9a6d6ce1da81719cd74a40b452b5cb614c
2022-12-05,HHV,HOSE,272678000.0,170436000.0,102242000.0,29100.0,18200.0,10900.0,0.0,0.0,0.0,0.0,9500.0,9720.0,9210.0,9480.0,9450.0,HSX_FOREIGN_API,HOSE_SYMBOL_LEVEL,VND,2026-08-25T03:10:54Z,ff_hsx_symbol_daily_v1,2cbc9a6666c2ed0aabbff0c1662e6a5d6f6e2fd214193d129c0da903ce6fea97
2022-12-06,HHV,HOSE,1053548000.0,549759000.0,503789000.0,118100.0,59500.0,58600.0,0.0,0.0,0.0,0.0,9470.0,9470.0,8820.0,8820.0,9140.0,HSX_FOREIGN_API,HOSE_SYMBOL_LEVEL,VND,2026-08-25T03:10:54Z,ff_hsx_symbol_daily_v1,5c7879f90231e537fbf138bd6e22807a43a766db3b0821c38f5d705b449d545b
2022-12-07,HHV,HOSE,1733245000.0,324614000.0,1408631000.0,203500.0,38100.0,165400.0,0.0,0.0,0.0,0.0,8450.0,8810.0,8280.0,8350.0,8500.0,HSX_FOREIGN_API,HOSE_SYMBOL_LEVEL,VND,2026-08-25T03:10:54Z,ff_hsx_symbol_daily_v1,8cf5428dfe9dfd9b302758ed1d8e5ca701bca3480477fa4a156762bd0eb22d80
2022-12-08,HHV,HOSE,729999000.0,0.0,729999000.0,84100.0,0.0,84100.0,0.0,0.0,0.0,0.0,8600.0,8900.0,8480.0,8600.0,8660.0,HSX_FOREIGN_API,HOSE_SYMBOL_LEVEL,VND,2026-08-25T03:10:54Z,ff_hsx_symbol_daily_v1,c722e689ddeb708a9761f6e8f87754390a6c31064301f36d7337234175b5241d
2022-12-09,HHV,HOSE,919003000.0,12158000.0,906845000.0,100500.0,1400.0,99100.0,0.0,0.0,0.0,0.0,8710.0,9200.0,8540.0,9200.0,9050.0,HSX_FOREIGN_API,HOSE_SYMBOL_LEVEL,VND,2026-08-25T03:10:54Z,ff_hsx_symbol_daily_v1,c3446cd7bdeae2a659d20158a8d7d9b6cd7a128839ce899a6860a1fd10c9caea
2022-12-12,HHV,HOSE,6800000.0,595254000.0,-588454000.0,700.0,61600.0,-60900.0,0.0,0.0,0.0,0.0,9600.0,9790.0,9100.0,9200.0,9570.0,HSX_FOREIGN_API,HOSE_SYMBOL_LEVEL,VND,2026-08-25T03:10:54Z,ff_hsx_symbol_daily_v1,4cb8c66393597b0b3675a66ded373c387bfbf502d9766c1adc5f9072329b87c6
2022-12-13,HHV,HOSE,42599000.0,513486000.0,-470887000.0,4600.0,56100.0,-51500.0,0.0,0.0,0.0,0.0,9200.0,9350.0,8700.0,9200.0,9070.0,HSX_FOREIGN_API,HOSE_SYMBOL_LEVEL,VND,2026-08-25T03:10:54Z,ff_hsx_symbol_daily_v1,526cb32ff919a8cbf7bd66563cbfc2537e287d68ff234d04a6498fc2656daded
2022-12-14,HHV,HOSE,96358000.0,568326000.0,-471968000.0,10200.0,60300.0,-50100.0,0.0,0.0,0.0,0.0,9500.0,9590.0,9300.0,9300.0,9420.0,HSX_FOREIGN_API,HOSE_SYMBOL_LEVEL,VND,2026-08-25T03:10:54Z,ff_hsx_symbol_daily_v1,3648f57bb3431281f9b922d99c493d89b0b90fc04ee8b8df7417699cdc9549d3
2022-12-15,HHV,HOSE,237819000.0,253757000.0,-15938000.0,25200.0,27300.0,-2100.0,0.0,0.0,0.0,0.0,9350.0,9600.0,9250.0,9320.0,9340.0,HSX_FOREIGN_API,HOSE_SYMBOL_LEVEL,VND,2026-08-25T03:10:54Z,ff_hsx_symbol_daily_v1,e206f5b053854b1e56d0a55aaec151c76714540a69a9f2497317428e5e2064bf
2022-12-16,HHV,HOSE,661238000.0,124934000.0,536304000.0,69000.0,13300.0,55700.0,0.0,0.0,0.0,0.0,9100.0,9770.0,9100.0,9670.0,9590.0,HSX_FOREIGN_API,HOSE_SYMBOL_LEVEL,VND,2026-08-25T03:10:54Z,ff_hsx_symbol_daily_v1,621301c5ef8596570cbf7f54cc87c64c5ba159bb7ad864b1c1d2c93d1a57bcdf
2022-12-19,HHV,HOSE,32972000.0,146953000.0,-113981000.0,3500.0,14900.0,-11400.0,0.0,0.0,0.0,0.0,9890.0,9890.0,9400.0,9400.0,9730.0,HSX_FOREIGN_API,HOSE_SYMBOL_LEVEL,VND,2026-08-25T03:10:54Z,ff_hsx_symbol_daily_v1,4409aa5359c4b2cd76bef22c9e3586f78203f5bfe6a682c1e20e847f6e98f101
2022-12-20,HHV,HOSE,31366021000.0,233458000.0,31132563000.0,3320100.0,25100.0,3295000.0,31185000000.0,0.0,3300000.0,0.0,9400.0,9410.0,8800.0,9060.0,9050.0,HSX_FOREIGN_API,HOSE_SYMBOL_LEVEL,VND,2026-08-25T03:10:54Z,ff_hsx_symbol_daily_v1,9a8e20777b3d1bd71fdf87c50890ed3479226e8c7e783d4232040c30af49e101
2022-12-21,HHV,HOSE,437636000.0,627354000.0,-189718000.0,49300.0,70200.0,-20900.0,0.0,0.0,0.0,0.0,9180.0,9190.0,8470.0,8800.0,8810.0,HSX_FOREIGN_API,HOSE_SYMBOL_LEVEL,VND,2026-08-25T03:10:54Z,ff_hsx_symbol_daily_v1,dc2910498f93aa7f835deec4bc834dd4d609fda9b9c9963d0bfc8c56fab53508
2022-12-22,HHV,HOSE,22025000.0,1778000.0,20247000.0,2500.0,200.0,2300.0,0.0,0.0,0.0,0.0,8900.0,9010.0,8700.0,8860.0,8860.0,HSX_FOREIGN_API,HOSE_SYMBOL_LEVEL,VND,2026-08-25T03:10:54Z,ff_hsx_symbol_daily_v1,7aac22c4ab5507f7fd5934a31b22d8c9432a048ea2f3d4c0cf3edcfeae7f2679
2022-12-23,HHV,HOSE,89379000.0,155505000.0,-66126000.0,10000.0,17300.0,-7300.0,0.0,0.0,0.0,0.0,8880.0,9050.0,8710.0,8800.0,8900.0,HSX_FOREIGN_API,HOSE_SYMBOL_LEVEL,VND,2026-08-25T03:10:54Z,ff_hsx_symbol_daily_v1,459f46a49efb69e835d59626501b71222f705f05d0ac630c9d77815aeea431cd
2022-12-26,HHV,HOSE,76391000.0,9834000.0,66557000.0,9100.0,1100.0,8000.0,0.0,0.0,0.0,0.0,8950.0,9090.0,8390.0,8390.0,8820.0,HSX_FOREIGN_API,HOSE_SYMBOL_LEVEL,VND,2026-08-25T03:10:54Z,ff_hsx_symbol_daily_v1,cea65b95a19f0f5bad7c8543b4b23d06947768ab371513e2fc309169f1d3e5f9
2022-12-27,HHV,HOSE,398207000.0,49485000.0,348722000.0,46500.0,5800.0,40700.0,0.0,0.0,0.0,0.0,8400.0,8700.0,8350.0,8700.0,8530.0,HSX_FOREIGN_API,HOSE_SYMBOL_LEVEL,VND,2026-08-25T03:10:54Z,ff_hsx_symbol_daily_v1,d23708207ceb256315dc30e036d7579a10442e9285c73e61252f9c5b945132c1
2022-12-28,HHV,HOSE,0.0,0.0,0.0,0.0,0.0,0.0,0.0,0.0,0.0,0.0,8750.0,8800.0,8630.0,8670.0,8700.0,HSX_FOREIGN_API,HOSE_SYMBOL_LEVEL,VND,2026-08-25T03:10:54Z,ff_hsx_symbol_daily_v1,8d4cfbc35d8426c411b125941b821319c74f4f40afab8756fa23b87205576fab
2022-12-29,HHV,HOSE,541390000.0,70284000.0,471106000.0,60100.0,7800.0,52300.0,0.0,0.0,0.0,0.0,8670.0,9050.0,8670.0,8950.0,8980.0,HSX_FOREIGN_API,HOSE_SYMBOL_LEVEL,VND,2026-08-25T03:10:54Z,ff_hsx_symbol_daily_v1,945b09aa11b43054e6c4ce5c57c73703bda5bf228493a78fe8a8bfbc472119ba
2022-12-30,HHV,HOSE,468065000.0,365655000.0,102410000.0,50200.0,40400.0,9800.0,0.0,0.0,0.0,0.0,9100.0,9500.0,8990.0,9420.0,9300.0,HSX_FOREIGN_API,HOSE_SYMBOL_LEVEL,VND,2026-08-25T03:10:54Z,ff_hsx_symbol_daily_v1,b6cfe0e1dcfc730350c39b19fafc7c880d57ef05ff1adaf6743589585900a40d
2023-01-03,HHV,HOSE,110772000.0,333755000.0,-222983000.0,11200.0,33400.0,-22200.0,0.0,0.0,0.0,0.0,9900.0,10050.0,9810.0,10050.0,9990.0,HSX_FOREIGN_API,HOSE_SYMBOL_LEVEL,VND,2026-08-25T03:10:54Z,ff_hsx_symbol_daily_v1,48e6ef5b70fb97c8742354accdc6974cb7f5b1902e0ca3d29caffe16700a4a99
2023-01-04,HHV,HOSE,5375000.0,815420000.0,-810045000.0,500.0,77200.0,-76700.0,0.0,0.0,0.0,0.0,10750.0,10750.0,10300.0,10500.0,10640.0,HSX_FOREIGN_API,HOSE_SYMBOL_LEVEL,VND,2026-08-25T03:10:54Z,ff_hsx_symbol_daily_v1,9d635baa188d2ee2a974a5f9b62d1dc0f6de61ea790ecc3c39a11728a9b91b49
2023-01-05,HHV,HOSE,522510000.0,504955000.0,17555000.0,48500.0,48200.0,300.0,0.0,0.0,0.0,0.0,10800.0,10850.0,10300.0,10600.0,10550.0,HSX_FOREIGN_API,HOSE_SYMBOL_LEVEL,VND,2026-08-25T03:10:54Z,ff_hsx_symbol_daily_v1,a6f85111fc4f8506e0f4aff54d157a6ec3d2ab9f17798a140315ecf9bb1788b4
2023-01-06,HHV,HOSE,20850000.0,184800000.0,-163950000.0,2000.0,17100.0,-15100.0,0.0,0.0,0.0,0.0,10700.0,10900.0,10200.0,10250.0,10490.0,HSX_FOREIGN_API,HOSE_SYMBOL_LEVEL,VND,2026-08-25T03:10:54Z,ff_hsx_symbol_daily_v1,09fc00b2b9f45b6cbf8d8035b8c4989dd63dc7459ac9a35c5256f92c7d18d7f9
2023-01-09,HHV,HOSE,43030000.0,459000000.0,-415970000.0,4100.0,45000.0,-40900.0,0.0,0.0,0.0,0.0,10500.0,10550.0,10200.0,10200.0,10310.0,HSX_FOREIGN_API,HOSE_SYMBOL_LEVEL,VND,2026-08-25T03:10:54Z,ff_hsx_symbol_daily_v1,e1aabeabf3d2713d279264ee0711549ad03471e8dd51b9e34c43fc179755708c
2023-01-10,HHV,HOSE,16222000.0,32960000.0,-16738000.0,1550.0,3100.0,-1550.0,0.0,0.0,0.0,0.0,10200.0,10900.0,10150.0,10900.0,10750.0,HSX_FOREIGN_API,HOSE_SYMBOL_LEVEL,VND,2026-08-25T03:10:54Z,ff_hsx_symbol_daily_v1,50f0f1a8a88fc4d65600740a862ef1504b891005e946c6cfbee9c84f6bdd48f1
2023-01-11,HHV,HOSE,12180000.0,31465000.0,-19285000.0,1100.0,2900.0,-1800.0,0.0,0.0,0.0,0.0,11100.0,11200.0,10800.0,10800.0,11020.0,HSX_FOREIGN_API,HOSE_SYMBOL_LEVEL,VND,2026-08-25T03:10:54Z,ff_hsx_symbol_daily_v1,07c31d9517b85cd5effd717c38473b20e780d665e29fed701e136b2bd7481b87
2023-01-12,HHV,HOSE,1100000.0,1717000000.0,-1715900000.0,100.0,170000.0,-169900.0,0.0,1717000000.0,0.0,170000.0,10800.0,11200.0,10650.0,11000.0,10900.0,HSX_FOREIGN_API,HOSE_SYMBOL_LEVEL,VND,2026-08-25T03:10:54Z,ff_hsx_symbol_daily_v1,28a380a9973fbbb8f3509b5f5a1dbe1220385730462e28f01197960a3faaf392
2023-01-13,HHV,HOSE,127100000.0,11050000.0,116050000.0,11500.0,1000.0,10500.0,0.0,0.0,0.0,0.0,11300.0,11300.0,10900.0,10950.0,11080.0,HSX_FOREIGN_API,HOSE_SYMBOL_LEVEL,VND,2026-08-25T03:10:54Z,ff_hsx_symbol_daily_v1,16fe297f704767454fc4b6cde51b5265bb4df132fd7eae858d5dba654915526f
2023-01-16,HHV,HOSE,9747725000.0,117000.0,9747608000.0,849700.0,10.0,849690.0,0.0,0.0,0.0,0.0,10950.0,11700.0,10950.0,11700.0,11470.0,HSX_FOREIGN_API,HOSE_SYMBOL_LEVEL,VND,2026-08-25T03:10:54Z,ff_hsx_symbol_daily_v1,011c92c41a69ec779099c7fadfed519f13c38278f695848c977f1dbb686e26c4
2023-01-17,HHV,HOSE,79045000.0,125000.0,78920000.0,6400.0,10.0,6390.0,0.0,0.0,0.0,0.0,12050.0,12500.0,11900.0,12500.0,12430.0,HSX_FOREIGN_API,HOSE_SYMBOL_LEVEL,VND,2026-08-25T03:10:54Z,ff_hsx_symbol_daily_v1,ee2227c885fd7f1d7dd85e847578bd50f1fe86bfca29668e0f2772865c4bd957
2023-01-18,HHV,HOSE,302080000.0,10130870000.0,-9828790000.0,23600.0,803300.0,-779700.0,0.0,0.0,0.0,0.0,12800.0,13100.0,12500.0,12650.0,12770.0,HSX_FOREIGN_API,HOSE_SYMBOL_LEVEL,VND,2026-08-25T03:10:54Z,ff_hsx_symbol_daily_v1,7ebefdd350061e984ea1a824649db90a7323f90a40139c5105ddd61eacd21fe6
2023-01-19,HHV,HOSE,296780000.0,63250000.0,233530000.0,23500.0,5000.0,18500.0,0.0,0.0,0.0,0.0,12600.0,12900.0,12350.0,12600.0,12600.0,HSX_FOREIGN_API,HOSE_SYMBOL_LEVEL,VND,2026-08-25T03:10:54Z,ff_hsx_symbol_daily_v1,edf2895509876f525585ec9eb80b4121fdac79eb27bacc8cdd7b93568c10f37d
2023-01-27,HHV,HOSE,1634340000.0,7385460000.0,-5751120000.0,122200.0,623100.0,-500900.0,0.0,7080000000.0,0.0,600000.0,13050.0,13450.0,12800.0,13350.0,13240.0,HSX_FOREIGN_API,HOSE_SYMBOL_LEVEL,VND,2026-08-25T03:10:54Z,ff_hsx_symbol_daily_v1,a6ec82df2a348d254cb4e62a87ea95672c96a44c604844863e95328ad3dcf244
2023-01-30,HHV,HOSE,332105000.0,68750000.0,263355000.0,24500.0,5000.0,19500.0,0.0,0.0,0.0,0.0,13400.0,13950.0,12850.0,13100.0,13460.0,HSX_FOREIGN_API,HOSE_SYMBOL_LEVEL,VND,2026-08-25T03:10:54Z,ff_hsx_symbol_daily_v1,4776b4f57b213501c971e5dd03a4fa0c04c31bfd5e48103262a1c546fea4a011
2023-01-31,HHV,HOSE,329600000.0,0.0,329600000.0,25100.0,0.0,25100.0,0.0,0.0,0.0,0.0,13050.0,13650.0,12900.0,13600.0,13250.0,HSX_FOREIGN_API,HOSE_SYMBOL_LEVEL,VND,2026-08-25T03:10:54Z,ff_hsx_symbol_daily_v1,a80d682a1f4e77bbabb1cd2b85c0c591813ec26ca13cdc83c77d0c08202ce5b6
2023-02-01,HHV,HOSE,16240000.0,1699155000.0,-1682915000.0,1200.0,126100.0,-124900.0,0.0,0.0,0.0,0.0,13750.0,13800.0,12650.0,12650.0,13090.0,HSX_FOREIGN_API,HOSE_SYMBOL_LEVEL,VND,2026-08-25T03:10:54Z,ff_hsx_symbol_daily_v1,70fce19cf1cb87bb3114f396bde327e9f8e2c578074cc96f49c80bf768f8e83d
2023-02-02,HHV,HOSE,124000000.0,1606200000.0,-1482200000.0,10000.0,130700.0,-120700.0,0.0,0.0,0.0,0.0,12650.0,12800.0,11950.0,12200.0,12270.0,HSX_FOREIGN_API,HOSE_SYMBOL_LEVEL,VND,2026-08-25T03:10:54Z,ff_hsx_symbol_daily_v1,d49c698a3d168e47f89728f7007913d6552b9191b7eb8999dc7d3f49cfa946e2
2023-02-03,HHV,HOSE,20560000.0,10161460000.0,-10140900000.0,1600.0,804100.0,-802500.0,0.0,0.0,0.0,0.0,12450.0,13050.0,12300.0,13050.0,12790.0,HSX_FOREIGN_API,HOSE_SYMBOL_LEVEL,VND,2026-08-25T03:10:54Z,ff_hsx_symbol_daily_v1,938c41f8262aa5ab46366b5387075734728139ed6cc5541cd4b44e8a642dc0c1
2023-02-06,HHV,HOSE,0.0,17095000.0,-17095000.0,0.0,1300.0,-1300.0,0.0,0.0,0.0,0.0,13050.0,13300.0,12700.0,12950.0,13020.0,HSX_FOREIGN_API,HOSE_SYMBOL_LEVEL,VND,2026-08-25T03:10:54Z,ff_hsx_symbol_daily_v1,4145b386a308b288eb4c7d6982678c7038b497b62f44ec6ad437471d2abc9a60
2023-02-07,HHV,HOSE,121500000.0,650000000.0,-528500000.0,10000.0,50000.0,-40000.0,0.0,0.0,0.0,0.0,12950.0,13100.0,12050.0,12050.0,12330.0,HSX_FOREIGN_API,HOSE_SYMBOL_LEVEL,VND,2026-08-25T03:10:54Z,ff_hsx_symbol_daily_v1,fee8cb5b396a64d1b5c00d7ca54ec9006ca7a0353db36ebce78beed8785f6957
2023-02-08,HHV,HOSE,5073067600.0,132635000.0,4940432600.0,425982.0,10900.0,415082.0,3996447600.0,0.0,338682.0,0.0,12100.0,12800.0,11700.0,12450.0,12200.0,HSX_FOREIGN_API,HOSE_SYMBOL_LEVEL,VND,2026-08-25T03:10:54Z,ff_hsx_symbol_daily_v1,cc85b3eab911c54fd233e547d5ac539031bee4b8642c23f537cd08dad43f1ab0
2023-02-09,HHV,HOSE,0.0,880090000.0,-880090000.0,0.0,68900.0,-68900.0,0.0,0.0,0.0,0.0,12650.0,12950.0,12450.0,12650.0,12690.0,HSX_FOREIGN_API,HOSE_SYMBOL_LEVEL,VND,2026-08-25T03:10:54Z,ff_hsx_symbol_daily_v1,a4d8867962f460e0303a07764c4b052b6af2688db5f88c0bc319959921e66413
2023-02-10,HHV,HOSE,3705000.0,0.0,3705000.0,300.0,0.0,300.0,0.0,0.0,0.0,0.0,12300.0,12650.0,12200.0,12250.0,12360.0,HSX_FOREIGN_API,HOSE_SYMBOL_LEVEL,VND,2026-08-25T03:10:54Z,ff_hsx_symbol_daily_v1,b5b33022efbf2b2ed0f47fec5aba50997f770d52c165af8430adb1aa9f05ec3a
2023-02-13,HHV,HOSE,1308350000.0,1706340000.0,-397990000.0,111500.0,142700.0,-31200.0,0.0,0.0,0.0,0.0,11900.0,12200.0,11500.0,11750.0,11840.0,HSX_FOREIGN_API,HOSE_SYMBOL_LEVEL,VND,2026-08-25T03:10:54Z,ff_hsx_symbol_daily_v1,b085023a8186b03ae807612b82bf0d97be44501c836d68a284fd9c69ff0a089e
2023-02-14,HHV,HOSE,3406215000.0,456100000.0,2950115000.0,282100.0,37400.0,244700.0,0.0,0.0,0.0,0.0,12000.0,12250.0,11850.0,12050.0,12060.0,HSX_FOREIGN_API,HOSE_SYMBOL_LEVEL,VND,2026-08-25T03:10:54Z,ff_hsx_symbol_daily_v1,453f6a89659f6418d1183d8d12fadbcf029b4ec0a69a2a9f2af3604ecc2c1dea
2023-02-15,HHV,HOSE,3326050000.0,3850000000.0,-523950000.0,260600.0,300000.0,-39400.0,0.0,0.0,0.0,0.0,12100.0,12850.0,12050.0,12850.0,12790.0,HSX_FOREIGN_API,HOSE_SYMBOL_LEVEL,VND,2026-08-25T03:10:54Z,ff_hsx_symbol_daily_v1,efb12224bc18d3aeb11e6332eea82bca40f8cec1eca16148b73e11cc2cd7bc2b
2023-02-16,HHV,HOSE,1649575000.0,501165000.0,1148410000.0,126600.0,38700.0,87900.0,0.0,0.0,0.0,0.0,13000.0,13250.0,12850.0,13150.0,13040.0,HSX_FOREIGN_API,HOSE_SYMBOL_LEVEL,VND,2026-08-25T03:10:54Z,ff_hsx_symbol_daily_v1,c1284ee12c576a4c49a0ac4361e94fcaa1fc8f4db8bdb32e56eb13741f8b399f
2023-02-17,HHV,HOSE,337595000.0,1655305000.0,-1317710000.0,25100.0,126200.0,-101100.0,0.0,0.0,0.0,0.0,13200.0,13650.0,12850.0,13350.0,13250.0,HSX_FOREIGN_API,HOSE_SYMBOL_LEVEL,VND,2026-08-25T03:10:54Z,ff_hsx_symbol_daily_v1,4afee851f772fb4e75a9efba6bbd796294af832cecbee9018fdfd8f017957b68
2023-02-20,HHV,HOSE,128925000.0,3956765000.0,-3827840000.0,9600.0,293200.0,-283600.0,0.0,0.0,0.0,0.0,13400.0,13700.0,13350.0,13600.0,13510.0,HSX_FOREIGN_API,HOSE_SYMBOL_LEVEL,VND,2026-08-25T03:10:54Z,ff_hsx_symbol_daily_v1,def5cfec990897731be1ce86a9cd8765daca60e2a0e36166e85250c1d526e291
2023-02-21,HHV,HOSE,1433680000.0,3988270000.0,-2554590000.0,105200.0,290900.0,-185700.0,0.0,0.0,0.0,0.0,13850.0,14500.0,13400.0,13600.0,13880.0,HSX_FOREIGN_API,HOSE_SYMBOL_LEVEL,VND,2026-08-25T03:10:54Z,ff_hsx_symbol_daily_v1,03711e9286528f4c1e34cc260fa2c1d0d0248ded8ecd4d5bc203fed73737173f
2023-02-22,HHV,HOSE,6089180000.0,0.0,6089180000.0,442800.0,0.0,442800.0,0.0,0.0,0.0,0.0,13400.0,14350.0,13100.0,13350.0,13690.0,HSX_FOREIGN_API,HOSE_SYMBOL_LEVEL,VND,2026-08-25T03:10:54Z,ff_hsx_symbol_daily_v1,79bef3245ff733dfbf4ae825f0c48146434a70c6739670ad1470c5b0020293b4
2023-02-23,HHV,HOSE,336570000.0,3535605000.0,-3199035000.0,26100.0,270000.0,-243900.0,0.0,0.0,0.0,0.0,13400.0,13550.0,12500.0,13500.0,13010.0,HSX_FOREIGN_API,HOSE_SYMBOL_LEVEL,VND,2026-08-25T03:10:54Z,ff_hsx_symbol_daily_v1,75f87e3e48373406753b2fe51a179de7e9c59f4d3083175e76d884b45284c9ae
2023-02-24,HHV,HOSE,1333200000.0,587150000.0,746050000.0,101000.0,44700.0,56300.0,0.0,0.0,0.0,0.0,13500.0,13600.0,12950.0,12950.0,13180.0,HSX_FOREIGN_API,HOSE_SYMBOL_LEVEL,VND,2026-08-25T03:10:54Z,ff_hsx_symbol_daily_v1,feee3ddab4f1cc59cc9851dea10a1b6772c6b85b0020c5e07e13f5a61d471539
2023-02-27,HHV,HOSE,2603645000.0,571080000.0,2032565000.0,204000.0,45000.0,159000.0,0.0,0.0,0.0,0.0,12700.0,13000.0,12400.0,12550.0,12720.0,HSX_FOREIGN_API,HOSE_SYMBOL_LEVEL,VND,2026-08-25T03:10:54Z,ff_hsx_symbol_daily_v1,bc9d0f06579efb6d976611d7c2ee490ba725fe23006a51dcb71a44488b08e0bd
2023-02-28,HHV,HOSE,0.0,2632550000.0,-2632550000.0,0.0,208100.0,-208100.0,0.0,0.0,0.0,0.0,12800.0,12900.0,12200.0,12200.0,12480.0,HSX_FOREIGN_API,HOSE_SYMBOL_LEVEL,VND,2026-08-25T03:10:54Z,ff_hsx_symbol_daily_v1,67b0e4f5dd398371352b476667efcc5df26421dfd2a322b312733d752b77de6a
2023-03-01,HHV,HOSE,3596085000.0,1492650000.0,2103435000.0,283300.0,117500.0,165800.0,0.0,0.0,0.0,0.0,12200.0,13050.0,11950.0,13050.0,12650.0,HSX_FOREIGN_API,HOSE_SYMBOL_LEVEL,VND,2026-08-25T03:10:54Z,ff_hsx_symbol_daily_v1,6933b6c72012ff99c0e1178cbc445703c4c980b156e6cf5da8e5aa879288506e
2023-03-02,HHV,HOSE,19725000.0,1554630000.0,-1534905000.0,1500.0,117200.0,-115700.0,0.0,0.0,0.0,0.0,13200.0,13500.0,13000.0,13000.0,13220.0,HSX_FOREIGN_API,HOSE_SYMBOL_LEVEL,VND,2026-08-25T03:10:54Z,ff_hsx_symbol_daily_v1,7d70206a1f47338728f28502e3d6527890028c3a8a83f27899a8d53b475cc55e
2023-03-03,HHV,HOSE,981275000.0,1021500000.0,-40225000.0,73900.0,78100.0,-4200.0,0.0,0.0,0.0,0.0,13200.0,13450.0,12900.0,13050.0,13180.0,HSX_FOREIGN_API,HOSE_SYMBOL_LEVEL,VND,2026-08-25T03:10:54Z,ff_hsx_symbol_daily_v1,d9825b1ebe9468cf0c6ef7d555db056d3f6265fce6e0a0bf2d0cb9a75dd438ab
2023-03-06,HHV,HOSE,154960000.0,0.0,154960000.0,11600.0,0.0,11600.0,0.0,0.0,0.0,0.0,13300.0,13600.0,13000.0,13050.0,13280.0,HSX_FOREIGN_API,HOSE_SYMBOL_LEVEL,VND,2026-08-25T03:10:54Z,ff_hsx_symbol_daily_v1,c0184490d2afcb4911583a9e1f3515dfb2088a00b3bafb50f17c71c025559cfb
2023-03-07,HHV,HOSE,22270000.0,519390000.0,-497120000.0,1700.0,39800.0,-38100.0,0.0,0.0,0.0,0.0,13100.0,13350.0,12950.0,13300.0,13140.0,HSX_FOREIGN_API,HOSE_SYMBOL_LEVEL,VND,2026-08-25T03:10:54Z,ff_hsx_symbol_daily_v1,b6cffc0bd9e6a09f8d501a73142dcc7de13cdbcd15bd849a17cd7e3335146e5c
2023-03-08,HHV,HOSE,2015105000.0,2201600000.0,-186495000.0,148000.0,161100.0,-13100.0,0.0,0.0,0.0,0.0,13100.0,13900.0,13100.0,13900.0,13630.0,HSX_FOREIGN_API,HOSE_SYMBOL_LEVEL,VND,2026-08-25T03:10:54Z,ff_hsx_symbol_daily_v1,6244cc4fe4406aa8bff013bfb04c88f6fb52f6dc9a97a0ff4c2a4dbe7b56ff75
2023-03-09,HHV,HOSE,62260000.0,1947745000.0,-1885485000.0,4500.0,141600.0,-137100.0,0.0,0.0,0.0,0.0,13900.0,14050.0,13600.0,13700.0,13790.0,HSX_FOREIGN_API,HOSE_SYMBOL_LEVEL,VND,2026-08-25T03:10:54Z,ff_hsx_symbol_daily_v1,dc14aff2170af7cc16eba948cc319a31677a67849823e2f8404b438c3c7ce03b
2023-03-10,HHV,HOSE,435395000.0,1480540000.0,-1045145000.0,32200.0,109800.0,-77600.0,0.0,0.0,0.0,0.0,13600.0,13700.0,13300.0,13300.0,13460.0,HSX_FOREIGN_API,HOSE_SYMBOL_LEVEL,VND,2026-08-25T03:10:54Z,ff_hsx_symbol_daily_v1,3332292f688708ba13b9edec7ee806af18d4874a44aabf01285e81a849ff43cd
2023-03-13,HHV,HOSE,11815000.0,4450445000.0,-4438630000.0,900.0,339900.0,-339000.0,0.0,0.0,0.0,0.0,13100.0,13300.0,13000.0,13250.0,13140.0,HSX_FOREIGN_API,HOSE_SYMBOL_LEVEL,VND,2026-08-25T03:10:54Z,ff_hsx_symbol_daily_v1,2c829be4df71d51dce964f1025f38bfbd2ef9c40ca0535fb465031474f55f0f7
2023-03-14,HHV,HOSE,33780000.0,471470000.0,-437690000.0,2600.0,35800.0,-33200.0,0.0,0.0,0.0,0.0,13200.0,13400.0,12650.0,12850.0,12980.0,HSX_FOREIGN_API,HOSE_SYMBOL_LEVEL,VND,2026-08-25T03:10:54Z,ff_hsx_symbol_daily_v1,4959343017adadf7d75ba7b741c7db05f180654932cbabcd5e8736fa43df509a
2023-03-15,HHV,HOSE,957550000.0,1335000.0,956215000.0,71600.0,100.0,71500.0,0.0,0.0,0.0,0.0,13300.0,13450.0,13100.0,13450.0,13310.0,HSX_FOREIGN_API,HOSE_SYMBOL_LEVEL,VND,2026-08-25T03:10:54Z,ff_hsx_symbol_daily_v1,538e9589d0feeb59441de654545c653994d36ae532f1d349349c5e837193b2e1
2023-03-16,HHV,HOSE,6575000.0,246710000.0,-240135000.0,500.0,18800.0,-18300.0,0.0,0.0,0.0,0.0,13300.0,13300.0,13050.0,13050.0,13130.0,HSX_FOREIGN_API,HOSE_SYMBOL_LEVEL,VND,2026-08-25T03:10:54Z,ff_hsx_symbol_daily_v1,550f3b662f2d04a2aac4a123f1a81629170bc62cca68bf3d8af10dfb7c6c7c16
2023-03-17,HHV,HOSE,596385000.0,0.0,596385000.0,45400.0,0.0,45400.0,0.0,0.0,0.0,0.0,13300.0,13300.0,13000.0,13000.0,13100.0,HSX_FOREIGN_API,HOSE_SYMBOL_LEVEL,VND,2026-08-25T03:10:54Z,ff_hsx_symbol_daily_v1,2afa56bc4328d79fe61fedf68ae6cb8a1b2d26c4cddc6f6977d49c7331fe82b4
2023-03-20,HHV,HOSE,0.0,36985000.0,-36985000.0,0.0,2800.0,-2800.0,0.0,0.0,0.0,0.0,12950.0,13400.0,12800.0,12850.0,13040.0,HSX_FOREIGN_API,HOSE_SYMBOL_LEVEL,VND,2026-08-25T03:10:54Z,ff_hsx_symbol_daily_v1,e78dc98e1f501bb8f8b3e4461a5a28628febdc85fa130829912060f627e7f90c
2023-03-21,HHV,HOSE,0.0,26040000.0,-26040000.0,0.0,2000.0,-2000.0,0.0,0.0,0.0,0.0,13050.0,13200.0,12750.0,13050.0,12970.0,HSX_FOREIGN_API,HOSE_SYMBOL_LEVEL,VND,2026-08-25T03:10:54Z,ff_hsx_symbol_daily_v1,b5a45bc876bf3e35698dc9a0bd59754679f8eedf6a7c81022d61f9b7d6123b6b
2023-03-22,HHV,HOSE,0.0,133500000.0,-133500000.0,0.0,10000.0,-10000.0,0.0,0.0,0.0,0.0,13200.0,13450.0,13000.0,13000.0,13220.0,HSX_FOREIGN_API,HOSE_SYMBOL_LEVEL,VND,2026-08-25T03:10:54Z,ff_hsx_symbol_daily_v1,cd146c7ec6220f0ad289e41c71dc22dc8f4490d50831ff0227f09b5f07dc2084
2023-03-23,HHV,HOSE,0.0,0.0,0.0,0.0,0.0,0.0,0.0,0.0,0.0,0.0,12900.0,13100.0,12900.0,13100.0,13020.0,HSX_FOREIGN_API,HOSE_SYMBOL_LEVEL,VND,2026-08-25T03:10:54Z,ff_hsx_symbol_daily_v1,26e3d669b5840a3a34956cd5836880abced7f51c2be59b8c81dfe6b6e2c45f93
2023-03-24,HHV,HOSE,680880000.0,145700000.0,535180000.0,51400.0,11000.0,40400.0,0.0,0.0,0.0,0.0,13300.0,13400.0,13150.0,13150.0,13270.0,HSX_FOREIGN_API,HOSE_SYMBOL_LEVEL,VND,2026-08-25T03:10:54Z,ff_hsx_symbol_daily_v1,a78b76d339fd422dc6df56692a7a3ae1e6f7a9ce8130e1ae4b5c2df43cb53d22
2023-03-27,HHV,HOSE,848000000.0,673980000.0,174020000.0,64000.0,50300.0,13700.0,0.0,0.0,0.0,0.0,13350.0,13450.0,13150.0,13350.0,13320.0,HSX_FOREIGN_API,HOSE_SYMBOL_LEVEL,VND,2026-08-25T03:10:54Z,ff_hsx_symbol_daily_v1,6af19d29fa1617f6c025b49522eb792e85240ef88fb46074225a021d34b31ec5
2023-03-28,HHV,HOSE,754475000.0,1656000000.0,-901525000.0,54500.0,120000.0,-65500.0,0.0,0.0,0.0,0.0,13200.0,14000.0,13200.0,13550.0,13700.0,HSX_FOREIGN_API,HOSE_SYMBOL_LEVEL,VND,2026-08-25T03:10:54Z,ff_hsx_symbol_daily_v1,cf5795a5e4aad4871acd6f67f7b2b20cbfc9aa41c2dab6502e77cc15f9505b01
2023-03-29,HHV,HOSE,13550000.0,0.0,13550000.0,1000.0,0.0,1000.0,0.0,0.0,0.0,0.0,13550.0,13750.0,13450.0,13600.0,13590.0,HSX_FOREIGN_API,HOSE_SYMBOL_LEVEL,VND,2026-08-25T03:10:54Z,ff_hsx_symbol_daily_v1,a9a10e9cbf4aa701868dfa21ca620404d734a92be1465c5b4f22f507145a6209
2023-03-30,HHV,HOSE,476055000.0,2112950000.0,-1636895000.0,34700.0,153000.0,-118300.0,0.0,0.0,0.0,0.0,13800.0,13950.0,13350.0,13350.0,13640.0,HSX_FOREIGN_API,HOSE_SYMBOL_LEVEL,VND,2026-08-25T03:10:54Z,ff_hsx_symbol_daily_v1,9b9f1836fbf82ceec547f10f4f270d0417f45d7ddd933451dfcfcec23c032859
2023-03-31,HHV,HOSE,91080000.0,78765000.0,12315000.0,6800.0,5900.0,900.0,0.0,0.0,0.0,0.0,13400.0,13450.0,13200.0,13450.0,13350.0,HSX_FOREIGN_API,HOSE_SYMBOL_LEVEL,VND,2026-08-25T03:10:54Z,ff_hsx_symbol_daily_v1,aa7d4378fffdb3444b276c419163bb2e3e5311c9bfa3eb0af2b0f35c130b6e25
2023-04-03,HHV,HOSE,379720000.0,2143555000.0,-1763835000.0,27700.0,154300.0,-126600.0,0.0,0.0,0.0,0.0,13650.0,14000.0,13450.0,14000.0,13750.0,HSX_FOREIGN_API,HOSE_SYMBOL_LEVEL,VND,2026-08-25T03:10:54Z,ff_hsx_symbol_daily_v1,a48f39f683288bbbca982e38cdaece0ac1814b93be421cef61d6fd01941c1365
2023-04-04,HHV,HOSE,482415000.0,0.0,482415000.0,34200.0,0.0,34200.0,0.0,0.0,0.0,0.0,14150.0,14500.0,13900.0,13900.0,14160.0,HSX_FOREIGN_API,HOSE_SYMBOL_LEVEL,VND,2026-08-25T03:10:54Z,ff_hsx_symbol_daily_v1,aab277f8bd98e621a61bda77fc2efeb5697a024fae0afa0ff330d17a255d8c99
2023-04-05,HHV,HOSE,0.0,781000000.0,-781000000.0,0.0,56800.0,-56800.0,0.0,0.0,0.0,0.0,13900.0,14000.0,13550.0,13700.0,13740.0,HSX_FOREIGN_API,HOSE_SYMBOL_LEVEL,VND,2026-08-25T03:10:54Z,ff_hsx_symbol_daily_v1,d9ea72d33f2600a205f9aec5feafba2d7bee888af91e33730d2f67dc800091fd
2023-04-06,HHV,HOSE,0.0,0.0,0.0,0.0,0.0,0.0,0.0,0.0,0.0,0.0,13700.0,14150.0,13500.0,13500.0,13780.0,HSX_FOREIGN_API,HOSE_SYMBOL_LEVEL,VND,2026-08-25T03:10:54Z,ff_hsx_symbol_daily_v1,11c479c4bcc68271453a5311d16d0f222ae0c72677ccb44dbaa1e15dc2ae6b78
2023-04-07,HHV,HOSE,385735000.0,0.0,385735000.0,28610.0,0.0,28610.0,0.0,0.0,0.0,0.0,13450.0,13550.0,13350.0,13350.0,13450.0,HSX_FOREIGN_API,HOSE_SYMBOL_LEVEL,VND,2026-08-25T03:10:54Z,ff_hsx_symbol_daily_v1,94b3436b848de03f3218160d3337f1231518e7314bf081c02cb7782d89a840c5
2023-04-10,HHV,HOSE,12060000.0,931665000.0,-919605000.0,900.0,69600.0,-68700.0,0.0,0.0,0.0,0.0,13500.0,13550.0,12950.0,12950.0,13190.0,HSX_FOREIGN_API,HOSE_SYMBOL_LEVEL,VND,2026-08-25T03:10:54Z,ff_hsx_symbol_daily_v1,1b7e6e086297da58018ecfaa12bc71b72228442afdb1f0fe7712a5a06d0b8afe
2023-04-11,HHV,HOSE,7805000.0,878010000.0,-870205000.0,600.0,67800.0,-67200.0,0.0,0.0,0.0,0.0,12900.0,13200.0,12900.0,13200.0,13020.0,HSX_FOREIGN_API,HOSE_SYMBOL_LEVEL,VND,2026-08-25T03:10:54Z,ff_hsx_symbol_daily_v1,3a7902db59f9f0056d69c4964916cc933bbe92d8d59044f7f5c487dac02a12e4
2023-04-12,HHV,HOSE,0.0,881785000.0,-881785000.0,0.0,66300.0,-66300.0,0.0,0.0,0.0,0.0,13200.0,13400.0,13050.0,13150.0,13240.0,HSX_FOREIGN_API,HOSE_SYMBOL_LEVEL,VND,2026-08-25T03:10:54Z,ff_hsx_symbol_daily_v1,9a57ebf2eedc39c149bf87a12ab4c9913fcd2530f8f90f7c9c470eabc882e1c3
2023-04-13,HHV,HOSE,0.0,0.0,0.0,0.0,0.0,0.0,0.0,0.0,0.0,0.0,13150.0,13300.0,13100.0,13100.0,13140.0,HSX_FOREIGN_API,HOSE_SYMBOL_LEVEL,VND,2026-08-25T03:10:54Z,ff_hsx_symbol_daily_v1,8dd91170e800b58b0d9f94171b0eeb2f5ddc0ccf1890d95bff79492a0cd1b649
2023-04-14,HHV,HOSE,6515000.0,47160000.0,-40645000.0,500.0,3600.0,-3100.0,0.0,0.0,0.0,0.0,13200.0,13250.0,12800.0,12800.0,13030.0,HSX_FOREIGN_API,HOSE_SYMBOL_LEVEL,VND,2026-08-25T03:10:54Z,ff_hsx_symbol_daily_v1,d03490dc442778734d7366a0aaa3d6370b79592c14c79eb9a88ad276bb85037b
2023-04-17,HHV,HOSE,8965000.0,873635000.0,-864670000.0,700.0,68000.0,-67300.0,0.0,0.0,0.0,0.0,12800.0,12900.0,12750.0,12850.0,12820.0,HSX_FOREIGN_API,HOSE_SYMBOL_LEVEL,VND,2026-08-25T03:10:54Z,ff_hsx_symbol_daily_v1,83e84575adf8625ef8a2db2bc65d8f2cd84eb1a2a8fc0e64ed0f3b8e45708d31
2023-04-18,HHV,HOSE,0.0,818660000.0,-818660000.0,0.0,62900.0,-62900.0,0.0,0.0,0.0,0.0,12900.0,13300.0,12850.0,13250.0,13110.0,HSX_FOREIGN_API,HOSE_SYMBOL_LEVEL,VND,2026-08-25T03:10:54Z,ff_hsx_symbol_daily_v1,271e400eae1f61f9dbb4a965642d97ee83605ba11fc84b5c559cab8bc0c7723d
2023-04-19,HHV,HOSE,1290000.0,6575000.0,-5285000.0,100.0,500.0,-400.0,0.0,0.0,0.0,0.0,13250.0,13250.0,12850.0,12900.0,13060.0,HSX_FOREIGN_API,HOSE_SYMBOL_LEVEL,VND,2026-08-25T03:10:54Z,ff_hsx_symbol_daily_v1,e76368e30b352d08f0d042cce6d39347320527471a6f321d2857a79213308e28
2023-04-20,HHV,HOSE,0.0,0.0,0.0,0.0,0.0,0.0,0.0,0.0,0.0,0.0,12850.0,12950.0,12750.0,12850.0,12850.0,HSX_FOREIGN_API,HOSE_SYMBOL_LEVEL,VND,2026-08-25T03:10:54Z,ff_hsx_symbol_daily_v1,94b4a18f97bfc766eadc77c8fc4d3dc6463801fb4a8e7496116094819ac62a12
2023-04-21,HHV,HOSE,2024000000.0,25500000.0,1998500000.0,160000.0,2000.0,158000.0,0.0,0.0,0.0,0.0,13000.0,13000.0,12500.0,12650.0,12740.0,HSX_FOREIGN_API,HOSE_SYMBOL_LEVEL,VND,2026-08-25T03:10:54Z,ff_hsx_symbol_daily_v1,76235f4c238f976ba5af4de3d55ffd5315d667196705ce2fb406065e0f110a1a
2023-04-24,HHV,HOSE,2558045000.0,0.0,2558045000.0,200000.0,0.0,200000.0,0.0,0.0,0.0,0.0,12700.0,12950.0,12650.0,12800.0,12800.0,HSX_FOREIGN_API,HOSE_SYMBOL_LEVEL,VND,2026-08-25T03:10:54Z,ff_hsx_symbol_daily_v1,80ee00bab96ef2ae8d4aad7dac56b7d65a1b5e854b10c59474704f60ee41b47b
2023-04-25,HHV,HOSE,3835000.0,76500000.0,-72665000.0,300.0,6000.0,-5700.0,0.0,0.0,0.0,0.0,12800.0,12900.0,12600.0,12650.0,12730.0,HSX_FOREIGN_API,HOSE_SYMBOL_LEVEL,VND,2026-08-25T03:10:54Z,ff_hsx_symbol_daily_v1,f1d37f723b179c50f215c74be79d275b19b0bff9f8dedc927cb5fcf8bfca0b5b
2023-04-26,HHV,HOSE,252000.0,88200000.0,-87948000.0,20.0,7000.0,-6980.0,0.0,0.0,0.0,0.0,12700.0,12750.0,12500.0,12750.0,12610.0,HSX_FOREIGN_API,HOSE_SYMBOL_LEVEL,VND,2026-08-25T03:10:54Z,ff_hsx_symbol_daily_v1,dc44ce8603488bd54f978b86e74b86c65d569ac88a3dbaa12a69893c418a4da2
2023-04-27,HHV,HOSE,0.0,3197500000.0,-3197500000.0,0.0,250000.0,-250000.0,0.0,0.0,0.0,0.0,12800.0,13000.0,12650.0,12900.0,12840.0,HSX_FOREIGN_API,HOSE_SYMBOL_LEVEL,VND,2026-08-25T03:10:54Z,ff_hsx_symbol_daily_v1,56113f7fe6f7d324b8120a68798500dd5ca4c01ff8c2da21ec29f6cc44007282
2023-04-28,HHV,HOSE,65790000.0,2575000000.0,-2509210000.0,5100.0,200000.0,-194900.0,0.0,0.0,0.0,0.0,12950.0,13000.0,12800.0,12850.0,12890.0,HSX_FOREIGN_API,HOSE_SYMBOL_LEVEL,VND,2026-08-25T03:10:54Z,ff_hsx_symbol_daily_v1,d7ff9221af764523f34d2edfd1036173ad41b687e60abe900f3877c2a7aac57d
2023-05-04,HHV,HOSE,2630000.0,8485000000.0,-8482370000.0,200.0,650000.0,-649800.0,0.0,0.0,0.0,0.0,12800.0,13200.0,12750.0,13100.0,13040.0,HSX_FOREIGN_API,HOSE_SYMBOL_LEVEL,VND,2026-08-25T03:10:54Z,ff_hsx_symbol_daily_v1,6edc2c75f4cb00ec66d2a03418ddb341100fb1bb34f4962e3f50740b2d2d4817
2023-05-05,HHV,HOSE,0.0,3905000000.0,-3905000000.0,0.0,300000.0,-300000.0,0.0,0.0,0.0,0.0,13150.0,13250.0,12950.0,12950.0,13060.0,HSX_FOREIGN_API,HOSE_SYMBOL_LEVEL,VND,2026-08-25T03:10:54Z,ff_hsx_symbol_daily_v1,10b7785e3330e67602e4b1137efbe63728f1192bd7372d04659e71e360e54d08
2023-05-08,HHV,HOSE,64750000.0,7825800000.0,-7761050000.0,5000.0,601600.0,-596600.0,0.0,0.0,0.0,0.0,13050.0,13100.0,12900.0,13000.0,12980.0,HSX_FOREIGN_API,HOSE_SYMBOL_LEVEL,VND,2026-08-25T03:10:54Z,ff_hsx_symbol_daily_v1,404b10eb0f4f570f8f6470122183afb3d7fd58c1e6898bcb5f296ba1e5e03345
2023-05-09,HHV,HOSE,35910000.0,8300275000.0,-8264365000.0,2700.0,628700.0,-626000.0,0.0,0.0,0.0,0.0,13100.0,13350.0,13050.0,13200.0,13230.0,HSX_FOREIGN_API,HOSE_SYMBOL_LEVEL,VND,2026-08-25T03:10:54Z,ff_hsx_symbol_daily_v1,23df251f52b7b24777dd66d15c5f7502fd6ee37ba27f3fbf9b4a675d5b87af84
2023-05-10,HHV,HOSE,654105000.0,14588990000.0,-13934885000.0,49300.0,1100300.0,-1051000.0,0.0,0.0,0.0,0.0,13250.0,13500.0,13100.0,13400.0,13320.0,HSX_FOREIGN_API,HOSE_SYMBOL_LEVEL,VND,2026-08-25T03:10:54Z,ff_hsx_symbol_daily_v1,c39ed9f527eedd9ec8b73c29b48dd6a27e6bdff7f7eb629b1874e50b6f0e4be3
2023-05-11,HHV,HOSE,1340500000.0,9370000000.0,-8029500000.0,100000.0,700000.0,-600000.0,0.0,0.0,0.0,0.0,13500.0,13550.0,13300.0,13400.0,13390.0,HSX_FOREIGN_API,HOSE_SYMBOL_LEVEL,VND,2026-08-25T03:10:54Z,ff_hsx_symbol_daily_v1,2f4c3134c52bee51f7619ceadefc1c52a42a703dbece974205105b2c6a6a5803
2023-05-12,HHV,HOSE,3396210000.0,13501377500.0,-10105167500.0,249300.0,991820.0,-742520.0,0.0,0.0,0.0,0.0,13400.0,13800.0,13300.0,13600.0,13610.0,HSX_FOREIGN_API,HOSE_SYMBOL_LEVEL,VND,2026-08-25T03:10:54Z,ff_hsx_symbol_daily_v1,6be3b39e07aa4930cfaf4eb88cd1592d5a4d8dbc6e0489448514b9e6df5abbcf
2023-05-15,HHV,HOSE,252400000.0,703515000.0,-451115000.0,18500.0,52200.0,-33700.0,0.0,0.0,0.0,0.0,13800.0,13850.0,13300.0,13300.0,13510.0,HSX_FOREIGN_API,HOSE_SYMBOL_LEVEL,VND,2026-08-25T03:10:54Z,ff_hsx_symbol_daily_v1,d872ad8e1ef185c263fae4139fe36e73e8646e7214c35477a0f1336ba4b4479b
2023-05-16,HHV,HOSE,1353250000.0,0.0,1353250000.0,100000.0,0.0,100000.0,0.0,0.0,0.0,0.0,13350.0,13700.0,13300.0,13350.0,13470.0,HSX_FOREIGN_API,HOSE_SYMBOL_LEVEL,VND,2026-08-25T03:10:54Z,ff_hsx_symbol_daily_v1,0cf533dd9817ff03c7badf13c4b4d1a69370c4b9f901ab1b86efd10f578075d2
2023-05-17,HHV,HOSE,792660000.0,650145000.0,142515000.0,60200.0,49300.0,10900.0,0.0,0.0,0.0,0.0,13400.0,13450.0,13050.0,13100.0,13240.0,HSX_FOREIGN_API,HOSE_SYMBOL_LEVEL,VND,2026-08-25T03:10:54Z,ff_hsx_symbol_daily_v1,da3f89c6352aebebf97f64a13402a512019eaf6e4864ae0051491485d54520da
2023-05-18,HHV,HOSE,0.0,0.0,0.0,0.0,0.0,0.0,0.0,0.0,0.0,0.0,13150.0,13250.0,13050.0,13100.0,13140.0,HSX_FOREIGN_API,HOSE_SYMBOL_LEVEL,VND,2026-08-25T03:10:54Z,ff_hsx_symbol_daily_v1,68cce002b3160766ae8f7c65bfa2c030df12b2ba2c09dd7f8c6e3e7acc92cea5
2023-05-19,HHV,HOSE,18405000.0,0.0,18405000.0,1400.0,0.0,1400.0,0.0,0.0,0.0,0.0,13100.0,13250.0,13000.0,13250.0,13100.0,HSX_FOREIGN_API,HOSE_SYMBOL_LEVEL,VND,2026-08-25T03:10:54Z,ff_hsx_symbol_daily_v1,31b14495fb088cfdc4e77db378f0617ef30aec9c5a85796553a180802f9b2023
2023-05-22,HHV,HOSE,966085000.0,0.0,966085000.0,69300.0,0.0,69300.0,0.0,0.0,0.0,0.0,13350.0,14100.0,13350.0,13950.0,13860.0,HSX_FOREIGN_API,HOSE_SYMBOL_LEVEL,VND,2026-08-25T03:10:54Z,ff_hsx_symbol_daily_v1,847b2288c48465ca2b850e239cc5978b83b43daeb2b34569a945a8ad184e61c9
2023-05-23,HHV,HOSE,0.0,6900000.0,-6900000.0,0.0,500.0,-500.0,0.0,0.0,0.0,0.0,14000.0,14000.0,13700.0,13750.0,13810.0,HSX_FOREIGN_API,HOSE_SYMBOL_LEVEL,VND,2026-08-25T03:10:54Z,ff_hsx_symbol_daily_v1,559ca1c4838830c7444dcd281690511d176a9de4b1977b77d98d1823356aa43e
2023-05-24,HHV,HOSE,4161350000.0,12715000.0,4148635000.0,300000.0,900.0,299100.0,0.0,0.0,0.0,0.0,13900.0,14200.0,13700.0,13950.0,13950.0,HSX_FOREIGN_API,HOSE_SYMBOL_LEVEL,VND,2026-08-25T03:10:54Z,ff_hsx_symbol_daily_v1,251fdd845dd3de602cc40509fa424b3b43c7e45616b72e6729d5c6fccddb10c8
2023-05-25,HHV,HOSE,6407130000.0,1176395000.0,5230735000.0,448400.0,81700.0,366700.0,0.0,0.0,0.0,0.0,13900.0,14550.0,13800.0,14300.0,14310.0,HSX_FOREIGN_API,HOSE_SYMBOL_LEVEL,VND,2026-08-25T03:10:54Z,ff_hsx_symbol_daily_v1,1836fe00a8da3779d9dd6b1b11067f3af532330325804aba46dcb4821f6680be
2023-05-26,HHV,HOSE,5831515000.0,1462000000.0,4369515000.0,403100.0,100000.0,303100.0,0.0,0.0,0.0,0.0,14500.0,14750.0,14350.0,14400.0,14500.0,HSX_FOREIGN_API,HOSE_SYMBOL_LEVEL,VND,2026-08-25T03:10:54Z,ff_hsx_symbol_daily_v1,deb00f1a1d241db0b516dd3a89c3f7b976898e890133cd549293cb5c6f1b6539
2023-05-29,HHV,HOSE,8905100000.0,1455000.0,8903645000.0,613400.0,100.0,613300.0,0.0,0.0,0.0,0.0,14650.0,14650.0,14350.0,14450.0,14500.0,HSX_FOREIGN_API,HOSE_SYMBOL_LEVEL,VND,2026-08-25T03:10:54Z,ff_hsx_symbol_daily_v1,abc8f0a73b46425dde270330465edaf1342044911150b78825110cf1a982de78
2023-05-30,HHV,HOSE,4739540000.0,1170000000.0,3569540000.0,325500.0,80000.0,245500.0,0.0,0.0,0.0,0.0,14500.0,14950.0,14350.0,14900.0,14600.0,HSX_FOREIGN_API,HOSE_SYMBOL_LEVEL,VND,2026-08-25T03:10:54Z,ff_hsx_symbol_daily_v1,b1fd87916b0fd7dfda3565849cf58936cf8a6a7fe9facc5bcf4670017f0f0a1e
2023-05-31,HHV,HOSE,6530025000.0,348135000.0,6181890000.0,442100.0,23500.0,418600.0,0.0,0.0,0.0,0.0,14900.0,14950.0,14600.0,14700.0,14760.0,HSX_FOREIGN_API,HOSE_SYMBOL_LEVEL,VND,2026-08-25T03:10:54Z,ff_hsx_symbol_daily_v1,78bc62d25b480abd079326431d9ce8b47a0c6d654c7093df65a110ca72ad9a19
2023-06-01,HHV,HOSE,2546840000.0,0.0,2546840000.0,174800.0,0.0,174800.0,0.0,0.0,0.0,0.0,14800.0,14800.0,14450.0,14650.0,14580.0,HSX_FOREIGN_API,HOSE_SYMBOL_LEVEL,VND,2026-08-25T03:10:54Z,ff_hsx_symbol_daily_v1,238ff9dfd47c175d706fc0fd9d48d6466cac09686d10bb436ff6df78358699b3
2023-06-02,HHV,HOSE,5178070000.0,0.0,5178070000.0,351500.0,0.0,351500.0,0.0,0.0,0.0,0.0,14700.0,14900.0,14500.0,14700.0,14730.0,HSX_FOREIGN_API,HOSE_SYMBOL_LEVEL,VND,2026-08-25T03:10:54Z,ff_hsx_symbol_daily_v1,22fd27ac41a5a91201f278a64376f4902a1b7bb6c0eaeef3f6b060a124c1b5ea
2023-06-05,HHV,HOSE,7464225000.0,2620095000.0,4844130000.0,509900.0,179400.0,330500.0,0.0,0.0,0.0,0.0,14800.0,14850.0,14400.0,14450.0,14610.0,HSX_FOREIGN_API,HOSE_SYMBOL_LEVEL,VND,2026-08-25T03:10:54Z,ff_hsx_symbol_daily_v1,da95e9b36be5c7826ff2795767bc5ab3792a500d7a4a88888195f0e955bf1c4e
2023-06-06,HHV,HOSE,9891845000.0,1570540000.0,8321305000.0,679600.0,108500.0,571100.0,0.0,0.0,0.0,0.0,14450.0,14700.0,14300.0,14650.0,14520.0,HSX_FOREIGN_API,HOSE_SYMBOL_LEVEL,VND,2026-08-25T03:10:54Z,ff_hsx_symbol_daily_v1,3d7cf1309142abc055f430c6a8a1ab6815e759aa4bc64d66467e8865fb8aeba3
2023-06-07,HHV,HOSE,8031060000.0,1697490000.0,6333570000.0,563800.0,119100.0,444700.0,0.0,0.0,0.0,0.0,14200.0,14500.0,14000.0,14300.0,14230.0,HSX_FOREIGN_API,HOSE_SYMBOL_LEVEL,VND,2026-08-25T03:10:54Z,ff_hsx_symbol_daily_v1,61d7baba75c0e4e08311e8ddc1452290ef687e5a5409d284bab55582e8b9f3c4
2023-06-08,HHV,HOSE,509780000.0,3596104500.0,-3086324500.0,35900.0,255794.0,-219894.0,0.0,0.0,0.0,0.0,14300.0,14400.0,13750.0,13750.0,14030.0,HSX_FOREIGN_API,HOSE_SYMBOL_LEVEL,VND,2026-08-25T03:10:54Z,ff_hsx_symbol_daily_v1,8dea8cb48bca37e66a97de25eded89ee84d7275dc802c3845c1205b9f146870d
2023-06-09,HHV,HOSE,60060000.0,2798290800.0,-2738230800.0,4400.0,204516.0,-200116.0,0.0,0.0,0.0,0.0,13800.0,13900.0,13500.0,13800.0,13700.0,HSX_FOREIGN_API,HOSE_SYMBOL_LEVEL,VND,2026-08-25T03:10:54Z,ff_hsx_symbol_daily_v1,e96e8de9167e190413415c6b2f287d30a8d117ed110dcf66a49a17f86c46e35b
2023-06-12,HHV,HOSE,277000000.0,3974675000.0,-3697675000.0,20000.0,286400.0,-266400.0,0.0,0.0,0.0,0.0,13800.0,14200.0,13650.0,13850.0,13880.0,HSX_FOREIGN_API,HOSE_SYMBOL_LEVEL,VND,2026-08-25T03:10:54Z,ff_hsx_symbol_daily_v1,a7418c8cd7e9a1e18461292cac092db3114fa3eb4036d96fbe101d944767907d
2023-06-13,HHV,HOSE,280195400.0,1002590000.0,-722394600.0,20086.0,72300.0,-52214.0,0.0,0.0,0.0,0.0,14050.0,14050.0,13750.0,13800.0,13880.0,HSX_FOREIGN_API,HOSE_SYMBOL_LEVEL,VND,2026-08-25T03:10:54Z,ff_hsx_symbol_daily_v1,4f9a082897f05eba5b4867d9744be17622cfcac547f1ac12fed8557bfc1b1a75
2023-06-14,HHV,HOSE,4218125000.0,0.0,4218125000.0,306000.0,0.0,306000.0,0.0,0.0,0.0,0.0,13900.0,13950.0,13650.0,13650.0,13770.0,HSX_FOREIGN_API,HOSE_SYMBOL_LEVEL,VND,2026-08-25T03:10:54Z,ff_hsx_symbol_daily_v1,c91d9281dd9767a912da5179f53763f172b79348d6ae5c1143b50d8859bb1028
2023-06-15,HHV,HOSE,4300970000.0,10880000.0,4290090000.0,315900.0,800.0,315100.0,0.0,0.0,0.0,0.0,13600.0,13700.0,13550.0,13600.0,13610.0,HSX_FOREIGN_API,HOSE_SYMBOL_LEVEL,VND,2026-08-25T03:10:54Z,ff_hsx_symbol_daily_v1,e053aec0d833b7746c1fb07d99bca34fdd96068ea6fc845a572b4ffe5a6e129e
2023-06-16,HHV,HOSE,9523623500.0,2062978500.0,7460645000.0,685610.0,149310.0,536300.0,0.0,0.0,0.0,0.0,13850.0,14000.0,13700.0,13700.0,13850.0,HSX_FOREIGN_API,HOSE_SYMBOL_LEVEL,VND,2026-08-25T03:10:54Z,ff_hsx_symbol_daily_v1,c6f9187d2c3a11fa717f9e6a699239b0a63ee08a279b5d8baa6260c168c1d3e5
2023-06-19,HHV,HOSE,5152886000.0,0.0,5152886000.0,369020.0,0.0,369020.0,0.0,0.0,0.0,0.0,13800.0,14100.0,13700.0,13850.0,13960.0,HSX_FOREIGN_API,HOSE_SYMBOL_LEVEL,VND,2026-08-25T03:10:54Z,ff_hsx_symbol_daily_v1,1916836634b1a2b0cad797a81033e086510dc11792cb2c02918021d0bbeeb722
2023-06-20,HHV,HOSE,8670135000.0,2161000000.0,6509135000.0,614400.0,150000.0,464400.0,0.0,0.0,0.0,0.0,14100.0,14800.0,13850.0,14800.0,14310.0,HSX_FOREIGN_API,HOSE_SYMBOL_LEVEL,VND,2026-08-25T03:10:54Z,ff_hsx_symbol_daily_v1,e6c79ed0b7b3e4900c68a36377dc966a13c703035a728b2313d67499bf70910a
2023-06-21,HHV,HOSE,1022945000.0,261858000.0,761087000.0,68900.0,17680.0,51220.0,0.0,0.0,0.0,0.0,14850.0,15100.0,14700.0,14950.0,14860.0,HSX_FOREIGN_API,HOSE_SYMBOL_LEVEL,VND,2026-08-25T03:10:54Z,ff_hsx_symbol_daily_v1,a6f090e0209c89d48358bea1813dd79ff3389c24e1cbf78ba3c60e510e80e73b
2023-06-22,HHV,HOSE,1874490000.0,1953375050.0,-78885050.0,125200.0,130620.0,-5420.0,0.0,0.0,0.0,0.0,15100.0,15100.0,14800.0,14950.0,14950.0,HSX_FOREIGN_API,HOSE_SYMBOL_LEVEL,VND,2026-08-25T03:10:54Z,ff_hsx_symbol_daily_v1,4d162b4eeb8ce9233672b6d93213d730ff83cd2b6e5e3120cc312ce38e92479a
2023-06-23,HHV,HOSE,700790000.0,103670000.0,597120000.0,46600.0,6900.0,39700.0,0.0,0.0,0.0,0.0,14950.0,15250.0,14850.0,14900.0,15010.0,HSX_FOREIGN_API,HOSE_SYMBOL_LEVEL,VND,2026-08-25T03:10:54Z,ff_hsx_symbol_daily_v1,fef949946646e43ef7351f302bc0112caf527f4f5a74043b6732e972cb505ec0
2023-06-26,HHV,HOSE,5868920000.0,907140000.0,4961780000.0,400000.0,62000.0,338000.0,0.0,0.0,0.0,0.0,14900.0,15050.0,14300.0,15000.0,14710.0,HSX_FOREIGN_API,HOSE_SYMBOL_LEVEL,VND,2026-08-25T03:10:54Z,ff_hsx_symbol_daily_v1,0e62cccda03093e857bdae672e1ffa9f489630b482c592a258c0a5b25e8f4637
2023-06-27,HHV,HOSE,9215515000.0,800535000.0,8414980000.0,606000.0,52300.0,553700.0,0.0,0.0,0.0,0.0,15050.0,15500.0,14900.0,15250.0,15250.0,HSX_FOREIGN_API,HOSE_SYMBOL_LEVEL,VND,2026-08-25T03:10:54Z,ff_hsx_symbol_daily_v1,f8c5b476ce08fcebfafdb64b968bb17e3110c06f577db37d295eeb599645fc0f
2023-06-28,HHV,HOSE,1605375000.0,1896980000.0,-291605000.0,105500.0,125200.0,-19700.0,0.0,0.0,0.0,0.0,15300.0,15400.0,15050.0,15050.0,15170.0,HSX_FOREIGN_API,HOSE_SYMBOL_LEVEL,VND,2026-08-25T03:10:54Z,ff_hsx_symbol_daily_v1,1cda5cf40285d210aa10eb683fdda8ee091bcc01ed1980d2563b4a6cb66ea48c
2023-06-29,HHV,HOSE,7636295000.0,1977530000.0,5658765000.0,503000.0,130100.0,372900.0,0.0,0.0,0.0,0.0,15050.0,15650.0,14900.0,15150.0,15220.0,HSX_FOREIGN_API,HOSE_SYMBOL_LEVEL,VND,2026-08-25T03:10:54Z,ff_hsx_symbol_daily_v1,55e0eedd28c1536be55ab2b1e44c796c846b3ac90e82bfd1c18035482ec0499c
2023-06-30,HHV,HOSE,8828520000.0,0.0,8828520000.0,579400.0,0.0,579400.0,0.0,0.0,0.0,0.0,15150.0,15300.0,15100.0,15250.0,15230.0,HSX_FOREIGN_API,HOSE_SYMBOL_LEVEL,VND,2026-08-25T03:10:54Z,ff_hsx_symbol_daily_v1,f46541868d09a51f024d4094a3825e5fc0d94e0dca007c8a181d1326cf355740
2023-07-03,HHV,HOSE,4829605000.0,308535000.0,4521070000.0,310200.0,20100.0,290100.0,0.0,0.0,0.0,0.0,15350.0,15900.0,15300.0,15350.0,15560.0,HSX_FOREIGN_API,HOSE_SYMBOL_LEVEL,VND,2026-08-25T03:10:54Z,ff_hsx_symbol_daily_v1,d1ad6798c94d734798d3385557ec1d68c8743617dee37202fe625247d3bd2200
2023-07-04,HHV,HOSE,30700000.0,78280000.0,-47580000.0,2000.0,5100.0,-3100.0,0.0,0.0,0.0,0.0,15500.0,15500.0,15200.0,15450.0,15350.0,HSX_FOREIGN_API,HOSE_SYMBOL_LEVEL,VND,2026-08-25T03:10:54Z,ff_hsx_symbol_daily_v1,dc6ff77bd953e9a9a8bd608908c69e0972d5d5799cc1e8682734361f7c6e6573
2023-07-05,HHV,HOSE,1629720000.0,1585950000.0,43770000.0,104000.0,102000.0,2000.0,0.0,0.0,0.0,0.0,15700.0,15800.0,15350.0,15350.0,15540.0,HSX_FOREIGN_API,HOSE_SYMBOL_LEVEL,VND,2026-08-25T03:10:54Z,ff_hsx_symbol_daily_v1,70bf87a279b71cf0afa656077551977384c494b8af1293586880d6afefab160c
2023-07-06,HHV,HOSE,8587800000.0,0.0,8587800000.0,559300.0,0.0,559300.0,0.0,0.0,0.0,0.0,15350.0,15450.0,15150.0,15350.0,15320.0,HSX_FOREIGN_API,HOSE_SYMBOL_LEVEL,VND,2026-08-25T03:10:54Z,ff_hsx_symbol_daily_v1,3242e8f52e5181b640b9813a361e499d934c1a350af8d20ed92181fa3b9a602c
2023-07-07,HHV,HOSE,3352355400.0,76245000.0,3276110400.0,215409.0,4900.0,210509.0,0.0,0.0,0.0,0.0,15350.0,15750.0,15250.0,15650.0,15520.0,HSX_FOREIGN_API,HOSE_SYMBOL_LEVEL,VND,2026-08-25T03:10:54Z,ff_hsx_symbol_daily_v1,4478430fad82e183081eacc5787bb11099c2e651d14ba7804277bf8cee73b8b8
2023-07-10,HHV,HOSE,203240000.0,20365000.0,182875000.0,13000.0,1300.0,11700.0,0.0,0.0,0.0,0.0,15750.0,15850.0,15550.0,15600.0,15650.0,HSX_FOREIGN_API,HOSE_SYMBOL_LEVEL,VND,2026-08-25T03:10:54Z,ff_hsx_symbol_daily_v1,3487c8f784b90fc46aa20321e540d81ff2a044282925a3d9ca5cf817986aa3ec
2023-07-11,HHV,HOSE,1001075000.0,627325000.0,373750000.0,63800.0,40400.0,23400.0,0.0,0.0,0.0,0.0,15850.0,15950.0,15400.0,15500.0,15640.0,HSX_FOREIGN_API,HOSE_SYMBOL_LEVEL,VND,2026-08-25T03:10:54Z,ff_hsx_symbol_daily_v1,b1cba14f15fe7f57ed1b3822701eff86f775c81fc6d93557669ed2ac0bda34ec
2023-07-12,HHV,HOSE,672580000.0,472405000.0,200175000.0,41800.0,29800.0,12000.0,0.0,0.0,0.0,0.0,15800.0,16300.0,15700.0,15900.0,15950.0,HSX_FOREIGN_API,HOSE_SYMBOL_LEVEL,VND,2026-08-25T03:10:54Z,ff_hsx_symbol_daily_v1,7a65b3f3d60fad1f08311dbc8720a7c48a2b458ba1621a021e42619c02c8abce
2023-07-13,HHV,HOSE,0.0,3472260000.0,-3472260000.0,0.0,217800.0,-217800.0,0.0,0.0,0.0,0.0,16050.0,16100.0,15800.0,15900.0,15910.0,HSX_FOREIGN_API,HOSE_SYMBOL_LEVEL,VND,2026-08-25T03:10:54Z,ff_hsx_symbol_daily_v1,2c4958803988db93da17801848574efa1353ba3393414216e788d2cd0972ca79
2023-07-14,HHV,HOSE,653830000.0,1899720000.0,-1245890000.0,41200.0,119900.0,-78700.0,0.0,0.0,0.0,0.0,15850.0,16000.0,15700.0,15850.0,15850.0,HSX_FOREIGN_API,HOSE_SYMBOL_LEVEL,VND,2026-08-25T03:10:54Z,ff_hsx_symbol_daily_v1,d65b9da583b570fae93764d625381060f0977bc03dfbbd095df5e042000e3ea5
2023-07-17,HHV,HOSE,12685000.0,31700000.0,-19015000.0,800.0,2000.0,-1200.0,0.0,0.0,0.0,0.0,15900.0,16000.0,15700.0,15750.0,15830.0,HSX_FOREIGN_API,HOSE_SYMBOL_LEVEL,VND,2026-08-25T03:10:54Z,ff_hsx_symbol_daily_v1,5bed7a960907e571f58547ce0cca64e89b8dcac03a56bfe0c02543fe92c81704
2023-07-18,HHV,HOSE,1579115000.0,0.0,1579115000.0,100000.0,0.0,100000.0,0.0,0.0,0.0,0.0,15750.0,15950.0,15550.0,15800.0,15740.0,HSX_FOREIGN_API,HOSE_SYMBOL_LEVEL,VND,2026-08-25T03:10:54Z,ff_hsx_symbol_daily_v1,0271694657dde86360f0601ef0b77042a6091d5501c8aa1e3ae5a17dbf67e108
2023-07-19,HHV,HOSE,1565000.0,1293680000.0,-1292115000.0,100.0,82400.0,-82300.0,0.0,0.0,0.0,0.0,15800.0,15850.0,15550.0,15550.0,15660.0,HSX_FOREIGN_API,HOSE_SYMBOL_LEVEL,VND,2026-08-25T03:10:54Z,ff_hsx_symbol_daily_v1,d04577712e34644551280ac2b10f11ef31b89557433e4d2e26e05bbe48fc5287
2023-07-20,HHV,HOSE,1464840000.0,2692425000.0,-1227585000.0,93900.0,172500.0,-78600.0,0.0,0.0,0.0,0.0,15550.0,15700.0,15450.0,15650.0,15570.0,HSX_FOREIGN_API,HOSE_SYMBOL_LEVEL,VND,2026-08-25T03:10:54Z,ff_hsx_symbol_daily_v1,284b9d697d1f05c084d2588ca2ff05460f68b36d16dedd462223dc9f33c981de
2023-07-21,HHV,HOSE,2925910000.0,94500000.0,2831410000.0,185400.0,6000.0,179400.0,0.0,0.0,0.0,0.0,15650.0,15850.0,15650.0,15850.0,15770.0,HSX_FOREIGN_API,HOSE_SYMBOL_LEVEL,VND,2026-08-25T03:10:54Z,ff_hsx_symbol_daily_v1,576770452ca7a110dd888bd7fb32d73c5a346f585b377ffbac83a0c805febd61
2023-07-24,HHV,HOSE,227510000.0,994200000.0,-766690000.0,14100.0,61000.0,-46900.0,0.0,0.0,0.0,0.0,15900.0,16600.0,15900.0,16350.0,16270.0,HSX_FOREIGN_API,HOSE_SYMBOL_LEVEL,VND,2026-08-25T03:10:54Z,ff_hsx_symbol_daily_v1,a3a8cdb4ee85bb892778fd575276b4fde805e1577dc2502a8822a56246e4bd78
2023-07-25,HHV,HOSE,6936390000.0,1505180000.0,5431210000.0,428600.0,92880.0,335720.0,0.0,0.0,0.0,0.0,16300.0,16350.0,16050.0,16150.0,16180.0,HSX_FOREIGN_API,HOSE_SYMBOL_LEVEL,VND,2026-08-25T03:10:54Z,ff_hsx_symbol_daily_v1,77992df04fbd5409170cdf93028abc4ebe08cf8f5fb57bc10a3fd7acc20bb814
2023-07-26,HHV,HOSE,9778340000.0,1114985000.0,8663355000.0,605500.0,69400.0,536100.0,0.0,0.0,0.0,0.0,16200.0,16250.0,16000.0,16050.0,16100.0,HSX_FOREIGN_API,HOSE_SYMBOL_LEVEL,VND,2026-08-25T03:10:54Z,ff_hsx_symbol_daily_v1,5726b16f01766886082d1ddc7641d60173754818049f3b356993a9e48d0087e2
2023-07-27,HHV,HOSE,199260000.0,2282290000.0,-2083030000.0,12400.0,143400.0,-131000.0,0.0,0.0,0.0,0.0,16050.0,16250.0,15750.0,15900.0,15960.0,HSX_FOREIGN_API,HOSE_SYMBOL_LEVEL,VND,2026-08-25T03:10:54Z,ff_hsx_symbol_daily_v1,c62deb8a7d4b462f65319b7a4ecbcb64a71c1e74412fcad16a93eaf37f99e4af
2023-07-28,HHV,HOSE,6435830000.0,1300630000.0,5135200000.0,401100.0,81140.0,319960.0,0.0,0.0,0.0,0.0,16000.0,16200.0,15850.0,15950.0,16020.0,HSX_FOREIGN_API,HOSE_SYMBOL_LEVEL,VND,2026-08-25T03:10:54Z,ff_hsx_symbol_daily_v1,ccc5bfa24497549914c9e667b2105c9ef7572635a30baee2460105bca6b19713
2023-07-31,HHV,HOSE,391240000.0,1473374700.0,-1082134700.0,24300.0,91514.0,-67214.0,0.0,0.0,0.0,0.0,16300.0,16400.0,16000.0,16050.0,16110.0,HSX_FOREIGN_API,HOSE_SYMBOL_LEVEL,VND,2026-08-25T03:10:54Z,ff_hsx_symbol_daily_v1,5b18f88bfbafee38695149cd3c4541315b90fa0d9159cacfef1f4c6ceb149b04
2023-08-01,HHV,HOSE,34215000.0,619965000.0,-585750000.0,2100.0,38700.0,-36600.0,0.0,0.0,0.0,0.0,16200.0,16400.0,15900.0,16050.0,16130.0,HSX_FOREIGN_API,HOSE_SYMBOL_LEVEL,VND,2026-08-25T03:10:54Z,ff_hsx_symbol_daily_v1,4852609dd257133513be7992f7bbbf07d92b4e62ed21d1cd091c44fa85491e5b
2023-08-02,HHV,HOSE,1200510000.0,271711750.0,928798250.0,74900.0,17035.0,57865.0,0.0,0.0,0.0,0.0,16050.0,16150.0,15900.0,16100.0,16020.0,HSX_FOREIGN_API,HOSE_SYMBOL_LEVEL,VND,2026-08-25T03:10:54Z,ff_hsx_symbol_daily_v1,db3dd0c3a852eb1683deaa0a877a0ad7bc9ba8bca90e2cea5bff3ebabeaca209
2023-08-03,HHV,HOSE,9710000.0,226840000.0,-217130000.0,600.0,14100.0,-13500.0,0.0,0.0,0.0,0.0,16200.0,16450.0,15950.0,16050.0,16180.0,HSX_FOREIGN_API,HOSE_SYMBOL_LEVEL,VND,2026-08-25T03:10:54Z,ff_hsx_symbol_daily_v1,e6da1eb8616dff07d07d811b2de8d9c7b064c13ca01c29286c287efb204616a0
2023-08-04,HHV,HOSE,2098570000.0,1281572050.0,816997950.0,129200.0,79821.0,49379.0,0.0,0.0,0.0,0.0,16050.0,16500.0,16000.0,16350.0,16210.0,HSX_FOREIGN_API,HOSE_SYMBOL_LEVEL,VND,2026-08-25T03:10:54Z,ff_hsx_symbol_daily_v1,018f2a841d1aa0a31c929862d32327d491c9b81526d4107231abdf7c803745c2
2023-08-07,HHV,HOSE,163750000.0,783278000.0,-619528000.0,10000.0,46770.0,-36770.0,0.0,0.0,0.0,0.0,16500.0,16850.0,16300.0,16450.0,16540.0,HSX_FOREIGN_API,HOSE_SYMBOL_LEVEL,VND,2026-08-25T03:10:54Z,ff_hsx_symbol_daily_v1,df1b69f003e2175949f668f97fa20907ad78b6fe574d9ed4ce3781678f5f8548
2023-08-08,HHV,HOSE,16550000.0,1148560400.0,-1132010400.0,1000.0,70200.0,-69200.0,0.0,808480400.0,0.0,49400.0,16450.0,16600.0,16200.0,16250.0,16350.0,HSX_FOREIGN_API,HOSE_SYMBOL_LEVEL,VND,2026-08-25T03:10:54Z,ff_hsx_symbol_daily_v1,2e69cb839ec3a18e154c3aab015f50eead2ea75dabd1f4eba0de838b90a4da7c
2023-08-09,HHV,HOSE,16200000.0,0.0,16200000.0,1000.0,0.0,1000.0,0.0,0.0,0.0,0.0,16200.0,16250.0,16000.0,16050.0,16110.0,HSX_FOREIGN_API,HOSE_SYMBOL_LEVEL,VND,2026-08-25T03:10:54Z,ff_hsx_symbol_daily_v1,83ef5cdbc4b305c5e682d79f73d29914c3250464f8d740057b4a6cee14b4da24
2023-08-10,HHV,HOSE,115910000.0,0.0,115910000.0,7200.0,0.0,7200.0,0.0,0.0,0.0,0.0,16050.0,16150.0,15900.0,15900.0,16030.0,HSX_FOREIGN_API,HOSE_SYMBOL_LEVEL,VND,2026-08-25T03:10:54Z,ff_hsx_symbol_daily_v1,08cde5eee0cc81da53ad932c73c08a5fa00cbcccf86583b23fb3bff2350cf7b2
2023-08-11,HHV,HOSE,0.0,145785000.0,-145785000.0,0.0,9300.0,-9300.0,0.0,0.0,0.0,0.0,15900.0,16000.0,15500.0,15700.0,15740.0,HSX_FOREIGN_API,HOSE_SYMBOL_LEVEL,VND,2026-08-25T03:10:54Z,ff_hsx_symbol_daily_v1,024d794f14767542846be82af0743ffa99dfd64acc6bc5666b103ab1cd5ac7f6
2023-08-14,HHV,HOSE,466650000.0,598097150.0,-131447150.0,29000.0,37379.0,-8379.0,0.0,0.0,0.0,0.0,15800.0,16250.0,15750.0,16100.0,16020.0,HSX_FOREIGN_API,HOSE_SYMBOL_LEVEL,VND,2026-08-25T03:10:54Z,ff_hsx_symbol_daily_v1,d86e3277037dfcc7dca50ecaf59e22f525998b8321deed665598cd03fd408184
2023-08-15,HHV,HOSE,121000000.0,16461000.0,104539000.0,7500.0,1010.0,6490.0,0.0,0.0,0.0,0.0,16200.0,16400.0,16050.0,16050.0,16180.0,HSX_FOREIGN_API,HOSE_SYMBOL_LEVEL,VND,2026-08-25T03:10:54Z,ff_hsx_symbol_daily_v1,d41f93187579fb1b03e82308c5227de1f11341dbbacff7e3808c5664dc03bbb0
2023-08-16,HHV,HOSE,1156250000.0,0.0,1156250000.0,72300.0,0.0,72300.0,0.0,0.0,0.0,0.0,16100.0,16100.0,15850.0,15900.0,15960.0,HSX_FOREIGN_API,HOSE_SYMBOL_LEVEL,VND,2026-08-25T03:10:54Z,ff_hsx_symbol_daily_v1,167eab763e417baea6103eaa360ad56280444eec13975243e55567272cc11047
2023-08-17,HHV,HOSE,348550000.0,124405000.0,224145000.0,22000.0,7700.0,14300.0,0.0,0.0,0.0,0.0,15900.0,16200.0,15750.0,15800.0,15920.0,HSX_FOREIGN_API,HOSE_SYMBOL_LEVEL,VND,2026-08-25T03:10:54Z,ff_hsx_symbol_daily_v1,e6218a33f82fe4d6b06e35a0d5770324f1c15f3b09add0b79e730771ba51b39f
2023-08-18,HHV,HOSE,1076129950.0,344340000.0,731789950.0,71775.0,22800.0,48975.0,0.0,0.0,0.0,0.0,15750.0,15850.0,14700.0,14700.0,15200.0,HSX_FOREIGN_API,HOSE_SYMBOL_LEVEL,VND,2026-08-25T03:10:54Z,ff_hsx_symbol_daily_v1,0c37cf971555ce25642c399be3b2ad5983a2ef6fb509df1f03cf3343b91c5049
2023-08-21,HHV,HOSE,78150000.0,64070000.0,14080000.0,5400.0,4300.0,1100.0,0.0,0.0,0.0,0.0,14900.0,15000.0,14100.0,14350.0,14470.0,HSX_FOREIGN_API,HOSE_SYMBOL_LEVEL,VND,2026-08-25T03:10:54Z,ff_hsx_symbol_daily_v1,22073d926504da341b02ca1db3e4e3f87ab2b2ec18e925c36fb0d1859fbec5af
2023-08-22,HHV,HOSE,819898500.0,572000000.0,247898500.0,58130.0,40000.0,18130.0,0.0,0.0,0.0,0.0,14500.0,14500.0,13600.0,14400.0,14150.0,HSX_FOREIGN_API,HOSE_SYMBOL_LEVEL,VND,2026-08-25T03:10:54Z,ff_hsx_symbol_daily_v1,fa0d1122e21e8098f88eacb41659bc823bb3250bd9539cb68dd6893e1a29f456
2023-08-23,HHV,HOSE,60650000.0,0.0,60650000.0,4200.0,0.0,4200.0,0.0,0.0,0.0,0.0,14750.0,14750.0,14400.0,14400.0,14520.0,HSX_FOREIGN_API,HOSE_SYMBOL_LEVEL,VND,2026-08-25T03:10:54Z,ff_hsx_symbol_daily_v1,d2f824ad2621a229c9f531ea4fb1dea5faac41c345d3a8e55f7985bd0ff30893
2023-08-24,HHV,HOSE,1679747500.0,0.0,1679747500.0,115850.0,0.0,115850.0,0.0,0.0,0.0,0.0,14550.0,14700.0,14350.0,14700.0,14510.0,HSX_FOREIGN_API,HOSE_SYMBOL_LEVEL,VND,2026-08-25T03:10:54Z,ff_hsx_symbol_daily_v1,14d2615d1319ffe7b725acd85c27675c63b36e960761ae72b3aa7ab3d3da51fe
2023-08-25,HHV,HOSE,818286550.0,430180000.0,388106550.0,55169.0,28900.0,26269.0,0.0,0.0,0.0,0.0,14700.0,15100.0,14700.0,14800.0,14880.0,HSX_FOREIGN_API,HOSE_SYMBOL_LEVEL,VND,2026-08-25T03:10:54Z,ff_hsx_symbol_daily_v1,e76d930fb26d17b950993736991c4cad0f8b4e5837030e260a95ffc763faab6f
2023-08-28,HHV,HOSE,33860000.0,1444500000.0,-1410640000.0,2300.0,98000.0,-95700.0,0.0,0.0,0.0,0.0,14850.0,14900.0,14700.0,14800.0,14750.0,HSX_FOREIGN_API,HOSE_SYMBOL_LEVEL,VND,2026-08-25T03:10:54Z,ff_hsx_symbol_daily_v1,7875569bf1b292d7dc2a613b5b084ae0d2428186d24bb53979a1763d33206a8d
2023-08-29,HHV,HOSE,93870000.0,338230000.0,-244360000.0,6300.0,22700.0,-16400.0,0.0,0.0,0.0,0.0,14850.0,15150.0,14850.0,14850.0,14950.0,HSX_FOREIGN_API,HOSE_SYMBOL_LEVEL,VND,2026-08-25T03:10:54Z,ff_hsx_symbol_daily_v1,b5888f3abb9cf4b67cc6aeae4d74c4f91ada6d1c701a9d7e8cc53398d24c2d34
2023-08-30,HHV,HOSE,149149000.0,623700000.0,-474551000.0,10010.0,42000.0,-31990.0,0.0,0.0,0.0,0.0,14950.0,15050.0,14800.0,14950.0,14910.0,HSX_FOREIGN_API,HOSE_SYMBOL_LEVEL,VND,2026-08-25T03:10:54Z,ff_hsx_symbol_daily_v1,c62464ba3c9344b8496566eff66c30da5e29b0fc36462fa3a59bb386029864f5
2023-08-31,HHV,HOSE,735050000.0,0.0,735050000.0,48200.0,0.0,48200.0,0.0,0.0,0.0,0.0,15050.0,15500.0,15050.0,15250.0,15280.0,HSX_FOREIGN_API,HOSE_SYMBOL_LEVEL,VND,2026-08-25T03:10:54Z,ff_hsx_symbol_daily_v1,91923920a4440b5038ce0da87d17fd695a89472da5c90e01bddd94bc41091d34
2023-09-05,HHV,HOSE,201550000.0,25438600.0,176111400.0,13000.0,1646.0,11354.0,0.0,0.0,0.0,0.0,15600.0,15750.0,15400.0,15600.0,15570.0,HSX_FOREIGN_API,HOSE_SYMBOL_LEVEL,VND,2026-08-25T03:10:54Z,ff_hsx_symbol_daily_v1,fc2359076d31006330c0de43b2b7e4e62df055c3b173259bdb0975b444f854dc
2023-09-06,HHV,HOSE,396790000.0,450360000.0,-53570000.0,25600.0,29000.0,-3400.0,0.0,0.0,0.0,0.0,15600.0,15600.0,15350.0,15600.0,15490.0,HSX_FOREIGN_API,HOSE_SYMBOL_LEVEL,VND,2026-08-25T03:10:54Z,ff_hsx_symbol_daily_v1,7b13750cdff63622ea2adfaad3a86f69906cfd3faef152fd2a315f8c6de18306
2023-09-07,HHV,HOSE,315175000.0,966871000.0,-651696000.0,19700.0,60890.0,-41190.0,0.0,0.0,0.0,0.0,15800.0,16200.0,15800.0,15900.0,16000.0,HSX_FOREIGN_API,HOSE_SYMBOL_LEVEL,VND,2026-08-25T03:10:54Z,ff_hsx_symbol_daily_v1,a2a02b9d78285341c14bef0ae864054f4364df7a28f95bede5c922c96d1a9aa5
2023-09-08,HHV,HOSE,1592948100.0,62985000.0,1529963100.0,100014.0,3900.0,96114.0,0.0,0.0,0.0,0.0,15850.0,16200.0,15800.0,15900.0,15950.0,HSX_FOREIGN_API,HOSE_SYMBOL_LEVEL,VND,2026-08-25T03:10:54Z,ff_hsx_symbol_daily_v1,756626af335b900d5637626923e21b9b2c68aeba7b363b051c5915521e86f85e
2023-09-11,HHV,HOSE,7975000.0,245500000.0,-237525000.0,500.0,15400.0,-14900.0,0.0,0.0,0.0,0.0,16100.0,16200.0,15550.0,15600.0,15860.0,HSX_FOREIGN_API,HOSE_SYMBOL_LEVEL,VND,2026-08-25T03:10:54Z,ff_hsx_symbol_daily_v1,ab529c917f44d4fefdcee8be6c101a0f7006d6e867d74b2373cb045720999465
2023-09-12,HHV,HOSE,1066010600.0,35880000.0,1030130600.0,66901.0,2300.0,64601.0,0.0,0.0,0.0,0.0,15650.0,16200.0,15500.0,16200.0,15920.0,HSX_FOREIGN_API,HOSE_SYMBOL_LEVEL,VND,2026-08-25T03:10:54Z,ff_hsx_symbol_daily_v1,f3dbba888b170153224e877bfecf117362054ec00cfdbf18ae9f4b4b1cca4969
2023-09-13,HHV,HOSE,14997895000.0,698350000.0,14299545000.0,878600.0,40900.0,837700.0,0.0,0.0,0.0,0.0,16300.0,17300.0,16150.0,17300.0,16950.0,HSX_FOREIGN_API,HOSE_SYMBOL_LEVEL,VND,2026-08-25T03:10:54Z,ff_hsx_symbol_daily_v1,9b9198ffbd5a009a4269e5ffb5ec01bacddd99ecbd289ef9ee20981c379d56a0
2023-09-14,HHV,HOSE,1602140000.0,2209231000.0,-607091000.0,90800.0,124860.0,-34060.0,0.0,0.0,0.0,0.0,17700.0,17950.0,17250.0,17650.0,17630.0,HSX_FOREIGN_API,HOSE_SYMBOL_LEVEL,VND,2026-08-25T03:10:54Z,ff_hsx_symbol_daily_v1,5ffba3c6043031ce87cdf54e20d864b03cdb2e74e62072b82c1f7b6f755ade3e
2023-09-15,HHV,HOSE,7477046600.0,8725000.0,7468321600.0,428008.0,500.0,427508.0,0.0,0.0,0.0,0.0,17700.0,17900.0,17200.0,17700.0,17520.0,HSX_FOREIGN_API,HOSE_SYMBOL_LEVEL,VND,2026-08-25T03:10:54Z,ff_hsx_symbol_daily_v1,3a9da7baa437937eb71a810b2c8cbfeb84a5804c09c68b5091ee85cbb6eb7bd3
2023-09-18,HHV,HOSE,4972585000.0,44410000.0,4928175000.0,283700.0,2500.0,281200.0,0.0,0.0,0.0,0.0,17700.0,17900.0,17300.0,17900.0,17600.0,HSX_FOREIGN_API,HOSE_SYMBOL_LEVEL,VND,2026-08-25T03:10:54Z,ff_hsx_symbol_daily_v1,6fda07ae3b56afaaa88a2e828539cbcdf63af0756e6da4e75b3cb0121c01da07
2023-09-19,HHV,HOSE,31025000.0,5604110000.0,-5573085000.0,1700.0,314500.0,-312800.0,0.0,0.0,0.0,0.0,18000.0,18400.0,17350.0,17700.0,17770.0,HSX_FOREIGN_API,HOSE_SYMBOL_LEVEL,VND,2026-08-25T03:10:54Z,ff_hsx_symbol_daily_v1,8db929671e91fc7e43a54878f0df9c8ac141e7ddf257b32ac284751092181030
2023-09-20,HHV,HOSE,8847064600.0,340465000.0,8506599600.0,498224.0,19200.0,479024.0,0.0,0.0,0.0,0.0,17850.0,18000.0,17400.0,18000.0,17730.0,HSX_FOREIGN_API,HOSE_SYMBOL_LEVEL,VND,2026-08-25T03:10:54Z,ff_hsx_symbol_daily_v1,6b47afabba1de8018dec66a8529503ccbc5f8c3c349b7e13ff74c51cc926efd3
2023-09-21,HHV,HOSE,896855000.0,3362925000.0,-2466070000.0,49200.0,185400.0,-136200.0,0.0,0.0,0.0,0.0,18100.0,18550.0,17600.0,17650.0,18120.0,HSX_FOREIGN_API,HOSE_SYMBOL_LEVEL,VND,2026-08-25T03:10:54Z,ff_hsx_symbol_daily_v1,26d7ec00abdf36ee5a2c7fd8cf35c0d11230a6b87f2cc2bfc0b55eee5306fb46
2023-09-22,HHV,HOSE,2624572000.0,2475395000.0,149177000.0,156620.0,148800.0,7820.0,0.0,0.0,0.0,0.0,17100.0,17250.0,16450.0,16650.0,16810.0,HSX_FOREIGN_API,HOSE_SYMBOL_LEVEL,VND,2026-08-25T03:10:54Z,ff_hsx_symbol_daily_v1,3abb1dee84d65ae33689eb723a30bd391d838059020b3eb4914681ea465b516e
2023-09-25,HHV,HOSE,9894084950.0,333800000.0,9560284950.0,607065.0,19600.0,587465.0,0.0,0.0,0.0,0.0,16600.0,17150.0,15500.0,15500.0,16180.0,HSX_FOREIGN_API,HOSE_SYMBOL_LEVEL,VND,2026-08-25T03:10:54Z,ff_hsx_symbol_daily_v1,a8349f0d3768c956f5f414f77ebe8075d6c33c9e97ffc3222f4b6aaead40ad6c
2023-09-26,HHV,HOSE,22108260000.0,2886625000.0,19221635000.0,1432600.0,185700.0,1246900.0,0.0,0.0,0.0,0.0,15500.0,16000.0,15100.0,15100.0,15480.0,HSX_FOREIGN_API,HOSE_SYMBOL_LEVEL,VND,2026-08-25T03:10:54Z,ff_hsx_symbol_daily_v1,bda497f5b5fa9ec64af62b429579fef709bf72b89ea7c9f32e4d1f7357256e27
2023-09-27,HHV,HOSE,7248280000.0,3513900000.0,3734380000.0,473800.0,230700.0,243100.0,0.0,0.0,0.0,0.0,15300.0,15900.0,14900.0,15900.0,15320.0,HSX_FOREIGN_API,HOSE_SYMBOL_LEVEL,VND,2026-08-25T03:10:54Z,ff_hsx_symbol_daily_v1,b6d26259dca0bc310167e7e6f340c2330f337645a0cf670fb52279e070a1e388
2023-09-28,HHV,HOSE,6331492950.0,10934205000.0,-4602712050.0,400627.0,693000.0,-292373.0,0.0,0.0,0.0,0.0,15800.0,16050.0,15600.0,15900.0,15800.0,HSX_FOREIGN_API,HOSE_SYMBOL_LEVEL,VND,2026-08-25T03:10:54Z,ff_hsx_symbol_daily_v1,ab8eb24bcee73c92b4d7e7a38d5d822dbd80be2faa59da21ab6ead7730202c6b
2023-09-29,HHV,HOSE,1697600.0,6841550000.0,-6839852400.0,106.0,428900.0,-428794.0,0.0,0.0,0.0,0.0,16200.0,16200.0,15700.0,15750.0,15930.0,HSX_FOREIGN_API,HOSE_SYMBOL_LEVEL,VND,2026-08-25T03:10:54Z,ff_hsx_symbol_daily_v1,736c64c5da9ee2524ce987f58d2ece775823ee8eb14d7859c27f314fb919d3a8
2023-10-02,HHV,HOSE,303918000.0,447420000.0,-143502000.0,18552.0,27500.0,-8948.0,0.0,0.0,0.0,0.0,15950.0,16700.0,15800.0,16500.0,16380.0,HSX_FOREIGN_API,HOSE_SYMBOL_LEVEL,VND,2026-08-25T03:10:54Z,ff_hsx_symbol_daily_v1,f0d8c6e2a08aecbad275d40463ff7b744f394eae5dd95822eec8d1e7aa7d82d3
2023-10-03,HHV,HOSE,2324660000.0,3557355000.0,-1232695000.0,144400.0,214500.0,-70100.0,0.0,0.0,0.0,0.0,16200.0,16800.0,15900.0,16200.0,16380.0,HSX_FOREIGN_API,HOSE_SYMBOL_LEVEL,VND,2026-08-25T03:10:54Z,ff_hsx_symbol_daily_v1,ac584be70d2f7ef9509e6f1f41dace451761d63c6ddeb4b79fc7673407c25a97
2023-10-04,HHV,HOSE,2123805850.0,508447400.0,1615358450.0,130418.0,31066.0,99352.0,0.0,0.0,0.0,0.0,15800.0,16850.0,15800.0,16550.0,16480.0,HSX_FOREIGN_API,HOSE_SYMBOL_LEVEL,VND,2026-08-25T03:10:54Z,ff_hsx_symbol_daily_v1,8089246a4ca90730e3c04ee950e4055b44fabd0ddf9c2f06d9ad8e818f33dfa1
2023-10-05,HHV,HOSE,171673500.0,9215200000.0,-9043526500.0,10290.0,552800.0,-542510.0,0.0,0.0,0.0,0.0,16700.0,17150.0,16500.0,16500.0,16740.0,HSX_FOREIGN_API,HOSE_SYMBOL_LEVEL,VND,2026-08-25T03:10:54Z,ff_hsx_symbol_daily_v1,d6bca4c586fe5ec091926664717c6cfbb1b1d205d014ef2b109491fe8462e0e1
2023-10-06,HHV,HOSE,54165000.0,4625555000.0,-4571390000.0,3300.0,281300.0,-278000.0,0.0,0.0,0.0,0.0,16600.0,16800.0,15950.0,16800.0,16460.0,HSX_FOREIGN_API,HOSE_SYMBOL_LEVEL,VND,2026-08-25T03:10:54Z,ff_hsx_symbol_daily_v1,6abb424adfb5b4ec944f4a893cb3157b4bb3d7fe63d27d79a9e28a278e3672be
2023-10-09,HHV,HOSE,429185000.0,5401305000.0,-4972120000.0,25100.0,317000.0,-291900.0,0.0,0.0,0.0,0.0,16900.0,17200.0,16750.0,17150.0,17050.0,HSX_FOREIGN_API,HOSE_SYMBOL_LEVEL,VND,2026-08-25T03:10:54Z,ff_hsx_symbol_daily_v1,ee284f45b1a4fe918d7da0c16f533221e7b0c10666ebbbb21d9ab0b58bd5611c
2023-10-10,HHV,HOSE,202988800.0,3092275000.0,-2889286200.0,11904.0,180400.0,-168496.0,0.0,0.0,0.0,0.0,17300.0,17400.0,16800.0,16800.0,17140.0,HSX_FOREIGN_API,HOSE_SYMBOL_LEVEL,VND,2026-08-25T03:10:54Z,ff_hsx_symbol_daily_v1,ada863f74f569ab7d2ebaea17b61c73ccaedb83b28a8db92fe7b167a7c54e0f1
2023-10-11,HHV,HOSE,5191135000.0,33700000.0,5157435000.0,302200.0,2000.0,300200.0,0.0,0.0,0.0,0.0,16800.0,17500.0,16750.0,17450.0,17090.0,HSX_FOREIGN_API,HOSE_SYMBOL_LEVEL,VND,2026-08-25T03:10:54Z,ff_hsx_symbol_daily_v1,5f47573c5fda79850f17994e18eca5c66911958fcf8a90b1fd73ee2097a9fae2
2023-10-12,HHV,HOSE,29517220000.0,161704400.0,29355515600.0,1682900.0,9212.0,1673688.0,0.0,0.0,0.0,0.0,17600.0,17700.0,17200.0,17550.0,17490.0,HSX_FOREIGN_API,HOSE_SYMBOL_LEVEL,VND,2026-08-25T03:10:54Z,ff_hsx_symbol_daily_v1,9d0ecf5ad286bf8f2b51d5578641418b5ec15fc6c8fe7dac126ebcadff378b49
2023-10-13,HHV,HOSE,51956400.0,596400000.0,-544443600.0,3012.0,34600.0,-31588.0,0.0,0.0,0.0,0.0,17300.0,17500.0,17050.0,17450.0,17260.0,HSX_FOREIGN_API,HOSE_SYMBOL_LEVEL,VND,2026-08-25T03:10:54Z,ff_hsx_symbol_daily_v1,c75e143dbdab5181bedd68a95ed0a05a99506a394c170c5bc666a84d3365fbf4
2023-10-16,HHV,HOSE,82800000.0,1714640000.0,-1631840000.0,4800.0,99700.0,-94900.0,0.0,0.0,0.0,0.0,17500.0,17500.0,16800.0,16800.0,17130.0,HSX_FOREIGN_API,HOSE_SYMBOL_LEVEL,VND,2026-08-25T03:10:54Z,ff_hsx_symbol_daily_v1,a242c046e6e96f27a032b2250d2d80019d17e576483c7881b8ab90885cb8c660
2023-10-17,HHV,HOSE,8933060000.0,33700000.0,8899360000.0,544300.0,2000.0,542300.0,0.0,0.0,0.0,0.0,17000.0,17000.0,15700.0,15700.0,16460.0,HSX_FOREIGN_API,HOSE_SYMBOL_LEVEL,VND,2026-08-25T03:10:54Z,ff_hsx_symbol_daily_v1,248c77449a1ef60aa7560db81cbbed85a51da15b0a8c35c8888b7ab5468658be
2023-10-18,HHV,HOSE,6530755000.0,998760000.0,5531995000.0,424500.0,63000.0,361500.0,0.0,0.0,0.0,0.0,15750.0,15950.0,14650.0,15000.0,15330.0,HSX_FOREIGN_API,HOSE_SYMBOL_LEVEL,VND,2026-08-25T03:10:54Z,ff_hsx_symbol_daily_v1,ea34f81da5402e35f02531189b4634f0ee4e34c3fb1101a2aa993b569b44a523
2023-10-19,HHV,HOSE,1608479500.0,247705000.0,1360774500.0,110322.0,16500.0,93822.0,0.0,0.0,0.0,0.0,15000.0,15100.0,14300.0,14500.0,14660.0,HSX_FOREIGN_API,HOSE_SYMBOL_LEVEL,VND,2026-08-25T03:10:54Z,ff_hsx_symbol_daily_v1,1423f70e1d4a1b2da5d8b488443439134c7c1165dd1fe203e901b23b4be08d38
2023-10-20,HHV,HOSE,50636500.0,2387780000.0,-2337143500.0,3522.0,165300.0,-161778.0,0.0,0.0,0.0,0.0,14600.0,15000.0,14050.0,15000.0,14460.0,HSX_FOREIGN_API,HOSE_SYMBOL_LEVEL,VND,2026-08-25T03:10:54Z,ff_hsx_symbol_daily_v1,63964c3233d9b53ef0ab452a03ce6c6d4561ec2534cb33a973cd8af4160cf377
2023-10-23,HHV,HOSE,0.0,6403560000.0,-6403560000.0,0.0,432300.0,-432300.0,0.0,0.0,0.0,0.0,15000.0,15100.0,14450.0,14750.0,14710.0,HSX_FOREIGN_API,HOSE_SYMBOL_LEVEL,VND,2026-08-25T03:10:54Z,ff_hsx_symbol_daily_v1,1637af3988ddd18f703057041fde3370a8980b3ae133169fb56cd16381771b64
2023-10-24,HHV,HOSE,8442060000.0,946690000.0,7495370000.0,563600.0,64500.0,499100.0,0.0,0.0,0.0,0.0,14700.0,15350.0,14500.0,15300.0,14990.0,HSX_FOREIGN_API,HOSE_SYMBOL_LEVEL,VND,2026-08-25T03:10:54Z,ff_hsx_symbol_daily_v1,01cf64bf1999c76ad8c9d752555940abe79a2952102d501e261556a2091c8df2
2023-10-25,HHV,HOSE,297570000.0,1994490000.0,-1696920000.0,19500.0,129700.0,-110200.0,0.0,0.0,0.0,0.0,15350.0,15450.0,15000.0,15000.0,15290.0,HSX_FOREIGN_API,HOSE_SYMBOL_LEVEL,VND,2026-08-25T03:10:54Z,ff_hsx_symbol_daily_v1,43f5e498cc77eef7385ac493c1cfae9dce4be828dec999d31647ca920d70db03
2023-10-26,HHV,HOSE,892572900.0,1629600000.0,-737027100.0,63629.0,114100.0,-50471.0,0.0,0.0,0.0,0.0,14600.0,14700.0,13950.0,13950.0,14080.0,HSX_FOREIGN_API,HOSE_SYMBOL_LEVEL,VND,2026-08-25T03:10:54Z,ff_hsx_symbol_daily_v1,09d193e6b2bace9b46c007c78ea2e99a2be6a77fc6d359378ec41f75bbdea345
2023-10-27,HHV,HOSE,194642250.0,0.0,194642250.0,13906.0,0.0,13906.0,0.0,0.0,0.0,0.0,14150.0,14250.0,13350.0,14000.0,13860.0,HSX_FOREIGN_API,HOSE_SYMBOL_LEVEL,VND,2026-08-25T03:10:54Z,ff_hsx_symbol_daily_v1,222f03b5f455edee27d87ae3f1ea6840dd05ceca9e735d5e5b4c5e8956a50c76
2023-10-30,HHV,HOSE,697360000.0,18135000.0,679225000.0,51000.0,1300.0,49700.0,0.0,0.0,0.0,0.0,14000.0,14100.0,13050.0,13050.0,13590.0,HSX_FOREIGN_API,HOSE_SYMBOL_LEVEL,VND,2026-08-25T03:10:54Z,ff_hsx_symbol_daily_v1,65b6508d51996640c0fdf64a88f631af8d7775418790d8a1872cc2500a30897f
2023-10-31,HHV,HOSE,5905790000.0,19800000.0,5885990000.0,449000.0,1500.0,447500.0,0.0,0.0,0.0,0.0,13250.0,13450.0,12500.0,12700.0,13080.0,HSX_FOREIGN_API,HOSE_SYMBOL_LEVEL,VND,2026-08-25T03:10:54Z,ff_hsx_symbol_daily_v1,c524d33acf30f5678a121e783fce1a5401a80475dda722db296d0026d9cb1f73
2023-11-01,HHV,HOSE,11155625000.0,0.0,11155625000.0,865900.0,0.0,865900.0,0.0,0.0,0.0,0.0,12800.0,13500.0,12500.0,13500.0,12890.0,HSX_FOREIGN_API,HOSE_SYMBOL_LEVEL,VND,2026-08-25T03:10:54Z,ff_hsx_symbol_daily_v1,e45620dca20460c8f752ea075d5fcca9ae6b6cc8ce77755104fe2638f90c019a
2023-11-02,HHV,HOSE,2715492800.0,184860000.0,2530632800.0,191106.0,13200.0,177906.0,0.0,0.0,0.0,0.0,13800.0,14400.0,13650.0,14400.0,14130.0,HSX_FOREIGN_API,HOSE_SYMBOL_LEVEL,VND,2026-08-25T03:10:54Z,ff_hsx_symbol_daily_v1,5a940ee3c2ae9fb0fa5774897e237e43890168d23a559f8c1aeb1f30b658923d
2023-11-03,HHV,HOSE,1086215000.0,6390755000.0,-5304540000.0,75400.0,441800.0,-366400.0,0.0,0.0,0.0,0.0,14600.0,14750.0,14300.0,14500.0,14480.0,HSX_FOREIGN_API,HOSE_SYMBOL_LEVEL,VND,2026-08-25T03:10:54Z,ff_hsx_symbol_daily_v1,2ed88f6a91eb7096691df80295661ea4f0afd80eb737b02c66bacbf14517abc1
2023-11-06,HHV,HOSE,534465000.0,5178350000.0,-4643885000.0,36900.0,358400.0,-321500.0,0.0,0.0,0.0,0.0,14700.0,14800.0,14300.0,14500.0,14460.0,HSX_FOREIGN_API,HOSE_SYMBOL_LEVEL,VND,2026-08-25T03:10:54Z,ff_hsx_symbol_daily_v1,b266190885f1f8082b19ef5901a4966a6882500a73285e56973c94a0f0304f4e
2023-11-07,HHV,HOSE,1769660000.0,4464110000.0,-2694450000.0,122700.0,307700.0,-185000.0,0.0,0.0,0.0,0.0,14450.0,14800.0,14150.0,14350.0,14480.0,HSX_FOREIGN_API,HOSE_SYMBOL_LEVEL,VND,2026-08-25T03:10:54Z,ff_hsx_symbol_daily_v1,70a7c5167ed8fc54da715e4ca169e621686872c79435ff988e04b3802aa1d714
2023-11-08,HHV,HOSE,8001355000.0,1461225000.0,6540130000.0,534700.0,100500.0,434200.0,0.0,0.0,0.0,0.0,14400.0,15350.0,14300.0,15350.0,14860.0,HSX_FOREIGN_API,HOSE_SYMBOL_LEVEL,VND,2026-08-25T03:10:54Z,ff_hsx_symbol_daily_v1,d574e66f9c7c396731eb52efdb19f5f308ead340250ba93151058fa15d495122
2023-11-09,HHV,HOSE,3488990000.0,3095310000.0,393680000.0,225900.0,201100.0,24800.0,0.0,0.0,0.0,0.0,15400.0,15700.0,15200.0,15300.0,15420.0,HSX_FOREIGN_API,HOSE_SYMBOL_LEVEL,VND,2026-08-25T03:10:54Z,ff_hsx_symbol_daily_v1,caf5ab9a77257f95d753f4223446678d6a93284731fe25852017beceaf036dfd
2023-11-10,HHV,HOSE,1282900000.0,458035000.0,824865000.0,84000.0,30100.0,53900.0,0.0,0.0,0.0,0.0,15050.0,15550.0,15050.0,15200.0,15250.0,HSX_FOREIGN_API,HOSE_SYMBOL_LEVEL,VND,2026-08-25T03:10:54Z,ff_hsx_symbol_daily_v1,07ee6f59f315b1c79c7fa7c6caa40e2341d249ed45e128174c6be4d3b78bb03f
2023-11-13,HHV,HOSE,4560000.0,2063670000.0,-2059110000.0,300.0,134500.0,-134200.0,0.0,0.0,0.0,0.0,15300.0,15550.0,15150.0,15400.0,15370.0,HSX_FOREIGN_API,HOSE_SYMBOL_LEVEL,VND,2026-08-25T03:10:54Z,ff_hsx_symbol_daily_v1,22a05de1ceda4ea6da595da0fba1cf8ba972d649e5b3d8781c67237436970c38
2023-11-14,HHV,HOSE,0.0,2246855000.0,-2246855000.0,0.0,144900.0,-144900.0,0.0,0.0,0.0,0.0,15600.0,15800.0,15350.0,15450.0,15540.0,HSX_FOREIGN_API,HOSE_SYMBOL_LEVEL,VND,2026-08-25T03:10:54Z,ff_hsx_symbol_daily_v1,9b91b078b5ba0add7464f1ce73843c52d978174b685dcd6f5fde5340353a632a
2023-11-15,HHV,HOSE,1103443500.0,4699695000.0,-3596251500.0,70705.0,302100.0,-231395.0,0.0,0.0,0.0,0.0,15850.0,15900.0,15350.0,15350.0,15600.0,HSX_FOREIGN_API,HOSE_SYMBOL_LEVEL,VND,2026-08-25T03:10:54Z,ff_hsx_symbol_daily_v1,7152bb63bd3b6d43bf7a637d0fbc67e33e43d4a81552609ee7a4836ec603be5e
2023-11-16,HHV,HOSE,695810000.0,0.0,695810000.0,45100.0,0.0,45100.0,0.0,0.0,0.0,0.0,15350.0,15600.0,15250.0,15600.0,15410.0,HSX_FOREIGN_API,HOSE_SYMBOL_LEVEL,VND,2026-08-25T03:10:54Z,ff_hsx_symbol_daily_v1,b21890a1534652046ccfc152c3d864cc02326a0386e765977646ae62a3ae34e7
2023-11-17,HHV,HOSE,74220000.0,20280000.0,53940000.0,4800.0,1300.0,3500.0,0.0,0.0,0.0,0.0,15750.0,15950.0,15200.0,15250.0,15570.0,HSX_FOREIGN_API,HOSE_SYMBOL_LEVEL,VND,2026-08-25T03:10:54Z,ff_hsx_symbol_daily_v1,37e4bf63135c3d4d9ebb87fa41ce2cb16f32d2dec50ee9f189c6baf9784ffb20
2023-11-20,HHV,HOSE,1042447500.0,2080535000.0,-1038087500.0,68625.0,138200.0,-69575.0,0.0,0.0,0.0,0.0,14950.0,15400.0,14900.0,15200.0,15120.0,HSX_FOREIGN_API,HOSE_SYMBOL_LEVEL,VND,2026-08-25T03:10:54Z,ff_hsx_symbol_daily_v1,d4490ff1e0524fafd8709c8e15bb30f963ad3e2691a1306793c2683912e0f40b
2023-11-21,HHV,HOSE,1133265000.0,2363860000.0,-1230595000.0,73500.0,153200.0,-79700.0,0.0,0.0,0.0,0.0,15400.0,15650.0,15300.0,15450.0,15440.0,HSX_FOREIGN_API,HOSE_SYMBOL_LEVEL,VND,2026-08-25T03:10:54Z,ff_hsx_symbol_daily_v1,552773d35428200a2f2ce6d999992b4b75898565e72dd9f13a15af06994e45bb
2023-11-22,HHV,HOSE,9540000.0,565500000.0,-555960000.0,600.0,36000.0,-35400.0,0.0,0.0,0.0,0.0,15550.0,15900.0,15500.0,15600.0,15710.0,HSX_FOREIGN_API,HOSE_SYMBOL_LEVEL,VND,2026-08-25T03:10:54Z,ff_hsx_symbol_daily_v1,c56bcb8e78745585f8d663cc9c4a7088aa33fb677d9f716c423b2368637eea11
2023-11-23,HHV,HOSE,1096580000.0,2111340000.0,-1014760000.0,75100.0,135300.0,-60200.0,0.0,0.0,0.0,0.0,15800.0,15850.0,14600.0,14600.0,15450.0,HSX_FOREIGN_API,HOSE_SYMBOL_LEVEL,VND,2026-08-25T03:10:54Z,ff_hsx_symbol_daily_v1,015df1764b3be02443dbf41342b6bee96c1dcf4363d6136d7f8446e0d4a84eac
2023-11-24,HHV,HOSE,2085876750.0,116355000.0,1969521750.0,143251.0,7900.0,135351.0,0.0,0.0,0.0,0.0,14700.0,14950.0,14100.0,14950.0,14610.0,HSX_FOREIGN_API,HOSE_SYMBOL_LEVEL,VND,2026-08-25T03:10:54Z,ff_hsx_symbol_daily_v1,e13ebc3a01771d7b162ee38528b9d83fb93174799920c9ef988fcb13af763811
2023-11-27,HHV,HOSE,72220000.0,0.0,72220000.0,4800.0,0.0,4800.0,0.0,0.0,0.0,0.0,15150.0,15250.0,14650.0,14650.0,14970.0,HSX_FOREIGN_API,HOSE_SYMBOL_LEVEL,VND,2026-08-25T03:10:54Z,ff_hsx_symbol_daily_v1,244beb9ab6ea7dcd01010e5808a6b80b16b0fb6a19e3700c145c65faad193634
2023-11-28,HHV,HOSE,1024070000.0,3160695000.0,-2136625000.0,72200.0,224000.0,-151800.0,0.0,0.0,0.0,0.0,14150.0,14400.0,13900.0,14300.0,14150.0,HSX_FOREIGN_API,HOSE_SYMBOL_LEVEL,VND,2026-08-25T03:10:54Z,ff_hsx_symbol_daily_v1,0ea6f1b940ffa89a3aec9aa1f9e9b44d27d9e8a69ddcb0a43255d6d80f8866f6
2023-11-29,HHV,HOSE,0.0,1796290000.0,-1796290000.0,0.0,125600.0,-125600.0,0.0,0.0,0.0,0.0,14350.0,14500.0,14150.0,14400.0,14280.0,HSX_FOREIGN_API,HOSE_SYMBOL_LEVEL,VND,2026-08-25T03:10:54Z,ff_hsx_symbol_daily_v1,b20ece2029ada2f922190b9aae19d8cc1b04e55c336cdffdea92cc86820e9788
2023-11-30,HHV,HOSE,0.0,1304475000.0,-1304475000.0,0.0,91600.0,-91600.0,0.0,0.0,0.0,0.0,14400.0,14550.0,14150.0,14150.0,14350.0,HSX_FOREIGN_API,HOSE_SYMBOL_LEVEL,VND,2026-08-25T03:10:54Z,ff_hsx_symbol_daily_v1,4ce8c3bfd0918ce3cf141b87ffce2b1229430307a2d20a9f66b92390fe6f9cae
2023-12-01,HHV,HOSE,7789855000.0,58735000.0,7731120000.0,542800.0,4100.0,538700.0,0.0,0.0,0.0,0.0,14200.0,14650.0,14200.0,14650.0,14380.0,HSX_FOREIGN_API,HOSE_SYMBOL_LEVEL,VND,2026-08-25T03:10:54Z,ff_hsx_symbol_daily_v1,5c75a5bacb1c616fcde35e29c122abcb8de065e34ebcf463d535f2cd509434c4
2023-12-04,HHV,HOSE,1854905000.0,432705000.0,1422200000.0,121500.0,27900.0,93600.0,0.0,0.0,0.0,0.0,14900.0,15600.0,14900.0,15500.0,15260.0,HSX_FOREIGN_API,HOSE_SYMBOL_LEVEL,VND,2026-08-25T03:10:54Z,ff_hsx_symbol_daily_v1,12eb84f60dce98d10d5c33ee2befe54ffd86e8535c3109dedff2eab857850de5
2023-12-05,HHV,HOSE,30900000.0,700665000.0,-669765000.0,2000.0,45400.0,-43400.0,0.0,0.0,0.0,0.0,15600.0,15600.0,15300.0,15300.0,15430.0,HSX_FOREIGN_API,HOSE_SYMBOL_LEVEL,VND,2026-08-25T03:10:54Z,ff_hsx_symbol_daily_v1,b390a58e3c98733e0c69847fbfae34dd794143e4bd6322c4f0e57a9410b0f7f6
2023-12-06,HHV,HOSE,126300000.0,1295420000.0,-1169120000.0,8000.0,81700.0,-73700.0,0.0,0.0,0.0,0.0,15550.0,16000.0,15500.0,15800.0,15770.0,HSX_FOREIGN_API,HOSE_SYMBOL_LEVEL,VND,2026-08-25T03:10:54Z,ff_hsx_symbol_daily_v1,3c42f03df4fd0f9272b54c8633fab652f3780c7684f0936be5b988ae1345fe16
2023-12-07,HHV,HOSE,4671920000.0,1315645000.0,3356275000.0,300100.0,83800.0,216300.0,0.0,0.0,0.0,0.0,15800.0,15850.0,15300.0,15700.0,15570.0,HSX_FOREIGN_API,HOSE_SYMBOL_LEVEL,VND,2026-08-25T03:10:54Z,ff_hsx_symbol_daily_v1,dc3675e5dee706257f654d673059dd1729c947ea3115f05aca470292590d3a82
2023-12-08,HHV,HOSE,1683300000.0,0.0,1683300000.0,107200.0,0.0,107200.0,0.0,0.0,0.0,0.0,15750.0,15850.0,15500.0,15650.0,15650.0,HSX_FOREIGN_API,HOSE_SYMBOL_LEVEL,VND,2026-08-25T03:10:54Z,ff_hsx_symbol_daily_v1,0a0f5a65f874121813787216158f3ceeba90ddfd3463415beb5a138a2a6ae5ff
2023-12-11,HHV,HOSE,37140000.0,155000000.0,-117860000.0,2400.0,10000.0,-7600.0,0.0,0.0,0.0,0.0,15700.0,15700.0,15350.0,15550.0,15490.0,HSX_FOREIGN_API,HOSE_SYMBOL_LEVEL,VND,2026-08-25T03:10:54Z,ff_hsx_symbol_daily_v1,a7375d53363af42f7187cd50d2696a158d8b66079d46736e6769f2f117fc4dcd
2023-12-12,HHV,HOSE,775000.0,768770000.0,-767995000.0,50.0,49600.0,-49550.0,0.0,0.0,0.0,0.0,15600.0,15700.0,15400.0,15450.0,15500.0,HSX_FOREIGN_API,HOSE_SYMBOL_LEVEL,VND,2026-08-25T03:10:54Z,ff_hsx_symbol_daily_v1,f4850abd3877cd129824fb02040fafcd58927e14e4a622e8555ab6679557d923
2023-12-13,HHV,HOSE,98880000.0,481545000.0,-382665000.0,6400.0,31300.0,-24900.0,0.0,0.0,0.0,0.0,15550.0,15800.0,15100.0,15300.0,15510.0,HSX_FOREIGN_API,HOSE_SYMBOL_LEVEL,VND,2026-08-25T03:10:54Z,ff_hsx_symbol_daily_v1,36efe24b9c5e82e155cdc266af1232f69caaf4ba91c9dec4b6a2e9d3aa23caef
2023-12-14,HHV,HOSE,1246460000.0,0.0,1246460000.0,81800.0,0.0,81800.0,0.0,0.0,0.0,0.0,15600.0,15600.0,15050.0,15050.0,15250.0,HSX_FOREIGN_API,HOSE_SYMBOL_LEVEL,VND,2026-08-25T03:10:54Z,ff_hsx_symbol_daily_v1,ec8d0d780a70edce75dc23f559a1502455d8e257214c08338bd5bffc1ad4ca71
2023-12-15,HHV,HOSE,4951185000.0,114695000.0,4836490000.0,327800.0,7600.0,320200.0,0.0,0.0,0.0,0.0,15100.0,15400.0,14950.0,15100.0,15120.0,HSX_FOREIGN_API,HOSE_SYMBOL_LEVEL,VND,2026-08-25T03:10:54Z,ff_hsx_symbol_daily_v1,5387dc1fb2ec78de7eeff1b484a406a1913972bb1095f33f85d998beb17c28fc
2023-12-18,HHV,HOSE,1911480000.0,345510000.0,1565970000.0,126500.0,22800.0,103700.0,0.0,0.0,0.0,0.0,15200.0,15250.0,14900.0,15050.0,15070.0,HSX_FOREIGN_API,HOSE_SYMBOL_LEVEL,VND,2026-08-25T03:10:54Z,ff_hsx_symbol_daily_v1,a4dfe934f06d793a7640e18de378f7f6f8d200575d5730d8b89e6bc08a55471f
2023-12-19,HHV,HOSE,2002315000.0,63525000.0,1938790000.0,132500.0,4200.0,128300.0,0.0,0.0,0.0,0.0,15000.0,15250.0,14900.0,15250.0,15080.0,HSX_FOREIGN_API,HOSE_SYMBOL_LEVEL,VND,2026-08-25T03:10:54Z,ff_hsx_symbol_daily_v1,2c12e58851ce510c9e85b9ffb9b94ede2bffd784552437433e49612918c6749d
2023-12-20,HHV,HOSE,0.0,1942080000.0,-1942080000.0,0.0,127200.0,-127200.0,0.0,0.0,0.0,0.0,15250.0,15400.0,15200.0,15250.0,15280.0,HSX_FOREIGN_API,HOSE_SYMBOL_LEVEL,VND,2026-08-25T03:10:54Z,ff_hsx_symbol_daily_v1,48440a0536903914e2db3689efcbbe7f8802dfc6978014453fc4e66acad8ff12
2023-12-21,HHV,HOSE,7200750000.0,1540000.0,7199210000.0,471700.0,100.0,471600.0,0.0,0.0,0.0,0.0,15100.0,15400.0,15050.0,15350.0,15280.0,HSX_FOREIGN_API,HOSE_SYMBOL_LEVEL,VND,2026-08-25T03:10:54Z,ff_hsx_symbol_daily_v1,eecd2dd6ae0efb36ea6a3e32307c55edbd480e5afae676c815046fcedccdfa4f
2023-12-22,HHV,HOSE,636310000.0,3183692750.0,-2547382750.0,41800.0,208600.0,-166800.0,0.0,0.0,0.0,0.0,15400.0,15450.0,15100.0,15100.0,15270.0,HSX_FOREIGN_API,HOSE_SYMBOL_LEVEL,VND,2026-08-25T03:10:54Z,ff_hsx_symbol_daily_v1,cdcf40cd21c8f3a56ea8ddfc5352c52109baf37676a6a73399df329e645e9a4a
2023-12-25,HHV,HOSE,489335000.0,54720000.0,434615000.0,32200.0,3600.0,28600.0,0.0,0.0,0.0,0.0,15200.0,15300.0,15100.0,15200.0,15210.0,HSX_FOREIGN_API,HOSE_SYMBOL_LEVEL,VND,2026-08-25T03:10:54Z,ff_hsx_symbol_daily_v1,d409572c2db9467d2d6c9fb55b2f32d588608b7c47b5d241f5cf94051a40159c
2023-12-26,HHV,HOSE,1954615000.0,305161250.0,1649453750.0,125500.0,19625.0,105875.0,0.0,0.0,0.0,0.0,15250.0,15800.0,15250.0,15550.0,15580.0,HSX_FOREIGN_API,HOSE_SYMBOL_LEVEL,VND,2026-08-25T03:10:54Z,ff_hsx_symbol_daily_v1,36bbac5fb71be05985f2648df81516274cb3e7d11595c7a263354b630caf93e7
2023-12-27,HHV,HOSE,0.0,1766690000.0,-1766690000.0,0.0,113500.0,-113500.0,0.0,0.0,0.0,0.0,15700.0,15700.0,15450.0,15450.0,15530.0,HSX_FOREIGN_API,HOSE_SYMBOL_LEVEL,VND,2026-08-25T03:10:54Z,ff_hsx_symbol_daily_v1,b4b820cacdc862befbe9aae44d78f8812913a84179c06d0518bc6ca2d67cd00c
2023-12-28,HHV,HOSE,1837420000.0,1902610000.0,-65190000.0,119200.0,123100.0,-3900.0,0.0,0.0,0.0,0.0,15500.0,15600.0,15400.0,15400.0,15450.0,HSX_FOREIGN_API,HOSE_SYMBOL_LEVEL,VND,2026-08-25T03:10:54Z,ff_hsx_symbol_daily_v1,a7eff8734c072cb1b41abe54f799512f3f39b8ab1d0c587d1ff5b8b919b97729
2023-12-29,HHV,HOSE,0.0,5182445000.0,-5182445000.0,0.0,334500.0,-334500.0,0.0,0.0,0.0,0.0,15400.0,15600.0,15400.0,15450.0,15490.0,HSX_FOREIGN_API,HOSE_SYMBOL_LEVEL,VND,2026-08-25T03:10:54Z,ff_hsx_symbol_daily_v1,794fa1098e544eb9b26d34dee0edbc1c53e6159f591a8eeef1670ef28552ba6e
2024-01-02,HHV,HOSE,55800000.0,72870000.0,-17070000.0,3600.0,4700.0,-1100.0,0.0,0.0,0.0,0.0,15700.0,15800.0,15400.0,15600.0,15610.0,HSX_FOREIGN_API,HOSE_SYMBOL_LEVEL,VND,2026-08-25T03:10:54Z,ff_hsx_symbol_daily_v1,08a9d2d1341ba49868953bb5ead3f089c10ec96317c0d8cd67cec29650e036cd
2024-01-03,HHV,HOSE,4493180000.0,198550000.0,4294630000.0,278100.0,12300.0,265800.0,0.0,0.0,0.0,0.0,15600.0,16300.0,15550.0,16200.0,16070.0,HSX_FOREIGN_API,HOSE_SYMBOL_LEVEL,VND,2026-08-25T03:10:54Z,ff_hsx_symbol_daily_v1,d540634441be614148070101c411618dc06343acc2da45535acfb8341bb4b53c
2024-01-04,HHV,HOSE,381525000.0,443330000.0,-61805000.0,23700.0,27600.0,-3900.0,0.0,0.0,0.0,0.0,16300.0,16300.0,15850.0,15950.0,16060.0,HSX_FOREIGN_API,HOSE_SYMBOL_LEVEL,VND,2026-08-25T03:10:54Z,ff_hsx_symbol_daily_v1,8462b39e3c9f501c5f94d1b5c2f0f260d342071aff9897f24867d5204999514c
2024-01-05,HHV,HOSE,60830000.0,328500000.0,-267670000.0,3800.0,20500.0,-16700.0,0.0,0.0,0.0,0.0,16050.0,16200.0,15950.0,16100.0,16060.0,HSX_FOREIGN_API,HOSE_SYMBOL_LEVEL,VND,2026-08-25T03:10:54Z,ff_hsx_symbol_daily_v1,69d6929ec71a158fb5f54b5fc52cc512fef29d3ea401692e570847583aed47bd
2024-01-08,HHV,HOSE,8100000.0,939490000.0,-931390000.0,500.0,57900.0,-57400.0,0.0,0.0,0.0,0.0,16250.0,16400.0,16100.0,16100.0,16230.0,HSX_FOREIGN_API,HOSE_SYMBOL_LEVEL,VND,2026-08-25T03:10:54Z,ff_hsx_symbol_daily_v1,b939d1fba26611fe586d9344d692c0e869afe3adb1e7b922f05553c13780a716
2024-01-09,HHV,HOSE,201450000.0,4581130000.0,-4379680000.0,12600.0,287700.0,-275100.0,0.0,0.0,0.0,0.0,16150.0,16150.0,15800.0,15900.0,15980.0,HSX_FOREIGN_API,HOSE_SYMBOL_LEVEL,VND,2026-08-25T03:10:54Z,ff_hsx_symbol_daily_v1,1edbb3cacdcd0d2a1ed36737509c1a405172a7687300d2fe60b42474ec1aab0a
2024-01-10,HHV,HOSE,89745000.0,76800000.0,12945000.0,5700.0,4800.0,900.0,0.0,0.0,0.0,0.0,16000.0,16000.0,15600.0,15600.0,15760.0,HSX_FOREIGN_API,HOSE_SYMBOL_LEVEL,VND,2026-08-25T03:10:54Z,ff_hsx_symbol_daily_v1,744dcbdce944e0f91c258e222d3561cffef7950c3d69742859bc78bb10616686
2024-01-11,HHV,HOSE,1021975000.0,81580000.0,940395000.0,65100.0,5200.0,59900.0,0.0,0.0,0.0,0.0,15650.0,15800.0,15550.0,15700.0,15670.0,HSX_FOREIGN_API,HOSE_SYMBOL_LEVEL,VND,2026-08-25T03:10:54Z,ff_hsx_symbol_daily_v1,f09f4e8b8f14fa105d13304ce5e5d27fdc356b7832faab53dde1f7f3318cb41b
2024-01-12,HHV,HOSE,674710000.0,4885920000.0,-4211210000.0,43600.0,317900.0,-274300.0,0.0,0.0,0.0,0.0,15500.0,15600.0,15250.0,15400.0,15430.0,HSX_FOREIGN_API,HOSE_SYMBOL_LEVEL,VND,2026-08-25T03:10:54Z,ff_hsx_symbol_daily_v1,ea074fa20b2b1fea6898ff639e90ec3a0e5d763c6642091a3e38b07677ca37f0
2024-01-15,HHV,HOSE,154000000.0,471245000.0,-317245000.0,10000.0,30700.0,-20700.0,0.0,0.0,0.0,0.0,15450.0,15550.0,15300.0,15300.0,15390.0,HSX_FOREIGN_API,HOSE_SYMBOL_LEVEL,VND,2026-08-25T03:10:54Z,ff_hsx_symbol_daily_v1,316d558aa4f4e91b607e82c73242e70e764ac1273e9344f2a701bebcf17ab6e5
2024-01-16,HHV,HOSE,99445000.0,1048775000.0,-949330000.0,6500.0,69100.0,-62600.0,0.0,0.0,0.0,0.0,15200.0,15500.0,15150.0,15500.0,15320.0,HSX_FOREIGN_API,HOSE_SYMBOL_LEVEL,VND,2026-08-25T03:10:54Z,ff_hsx_symbol_daily_v1,2e850699f13d07f76d787e93fbf33cf2e0f3320e39f96d39df466941711080fa
2024-01-17,HHV,HOSE,108150000.0,373990000.0,-265840000.0,7000.0,24000.0,-17000.0,0.0,0.0,0.0,0.0,15550.0,15700.0,15400.0,15400.0,15550.0,HSX_FOREIGN_API,HOSE_SYMBOL_LEVEL,VND,2026-08-25T03:10:54Z,ff_hsx_symbol_daily_v1,99d3fd6de95b5d62e5d114d1740b1300932e789cf1c2331248da7a4654085b63
2024-01-18,HHV,HOSE,2439165000.0,18540000.0,2420625000.0,156900.0,1200.0,155700.0,0.0,0.0,0.0,0.0,15550.0,15650.0,15400.0,15600.0,15510.0,HSX_FOREIGN_API,HOSE_SYMBOL_LEVEL,VND,2026-08-25T03:10:54Z,ff_hsx_symbol_daily_v1,9a40d3bd02f64cebf5b418fb59e3c16d3d538f82fae8f28a1385e588ed3900fa
2024-01-19,HHV,HOSE,149640000.0,1001640000.0,-852000000.0,9600.0,64000.0,-54400.0,0.0,0.0,0.0,0.0,15650.0,15800.0,15500.0,15500.0,15620.0,HSX_FOREIGN_API,HOSE_SYMBOL_LEVEL,VND,2026-08-25T03:10:54Z,ff_hsx_symbol_daily_v1,cd6c14bbe2c292f8d8aaa3d8d5443759c60ac889dd0a011ebd67d016f58fc88c
2024-01-22,HHV,HOSE,1497590000.0,107800000.0,1389790000.0,96700.0,7000.0,89700.0,0.0,0.0,0.0,0.0,15600.0,15600.0,15350.0,15500.0,15460.0,HSX_FOREIGN_API,HOSE_SYMBOL_LEVEL,VND,2026-08-25T03:10:54Z,ff_hsx_symbol_daily_v1,b9d3414b54cd5af005e921ce6b132e0dbf0af3f4d46c4183a17aad0f303916c9
2024-01-23,HHV,HOSE,1669500000.0,185730000.0,1483770000.0,106000.0,11800.0,94200.0,0.0,0.0,0.0,0.0,15600.0,15950.0,15600.0,15700.0,15750.0,HSX_FOREIGN_API,HOSE_SYMBOL_LEVEL,VND,2026-08-25T03:10:54Z,ff_hsx_symbol_daily_v1,fa60ba8908c88cee3b2965878b697174601e37dba091c91fd71ef5c14cb684c6
2024-01-24,HHV,HOSE,195600000.0,37410000.0,158190000.0,12500.0,2400.0,10100.0,0.0,0.0,0.0,0.0,15700.0,15750.0,15550.0,15550.0,15630.0,HSX_FOREIGN_API,HOSE_SYMBOL_LEVEL,VND,2026-08-25T03:10:54Z,ff_hsx_symbol_daily_v1,4266327dfa88527abc4e80b54898735f9b85417a9936b4ec33e1a154fded9c4e
2024-01-25,HHV,HOSE,20150000.0,350300000.0,-330150000.0,1300.0,22600.0,-21300.0,0.0,0.0,0.0,0.0,15550.0,15600.0,15450.0,15500.0,15530.0,HSX_FOREIGN_API,HOSE_SYMBOL_LEVEL,VND,2026-08-25T03:10:54Z,ff_hsx_symbol_daily_v1,4c0419374d1d8efd9873b7b3b89edd8f558ecba5dd0e7d3b5af06f6e0f3fa98a
2024-01-26,HHV,HOSE,528700000.0,189100000.0,339600000.0,34000.0,12200.0,21800.0,0.0,0.0,0.0,0.0,15600.0,15650.0,15450.0,15500.0,15510.0,HSX_FOREIGN_API,HOSE_SYMBOL_LEVEL,VND,2026-08-25T03:10:54Z,ff_hsx_symbol_daily_v1,469a3e4e9ccb6cca66df4734550d37516d048f5bf19d5ca3f22640f7777a4210
2024-01-29,HHV,HOSE,38750000.0,371400000.0,-332650000.0,2500.0,24000.0,-21500.0,0.0,0.0,0.0,0.0,15500.0,15600.0,15400.0,15400.0,15470.0,HSX_FOREIGN_API,HOSE_SYMBOL_LEVEL,VND,2026-08-25T03:10:54Z,ff_hsx_symbol_daily_v1,3bb5c81ad31f71f9bfe892c8f2935bfaccc4bce05b54f5120ce05884e6b2f6fc
2024-01-30,HHV,HOSE,5807495000.0,1348225000.0,4459270000.0,374700.0,87400.0,287300.0,0.0,0.0,0.0,0.0,15450.0,15650.0,15350.0,15650.0,15480.0,HSX_FOREIGN_API,HOSE_SYMBOL_LEVEL,VND,2026-08-25T03:10:54Z,ff_hsx_symbol_daily_v1,bfd2b94132e4dedf4ac339b4b3b278a1d4e16a01731b38fee2395adbb2dd9bbd
2024-01-31,HHV,HOSE,46890000.0,1099030000.0,-1052140000.0,3000.0,70600.0,-67600.0,0.0,0.0,0.0,0.0,15650.0,15850.0,15400.0,15400.0,15580.0,HSX_FOREIGN_API,HOSE_SYMBOL_LEVEL,VND,2026-08-25T03:10:54Z,ff_hsx_symbol_daily_v1,529828974d4e184226e9992b5f3ad65bd679ec619e54e1a5916c7858224fa75a
2024-02-01,HHV,HOSE,45951000.0,16106591250.0,-16060640250.0,2980.0,1045050.0,-1042070.0,0.0,0.0,0.0,0.0,15400.0,15500.0,15350.0,15400.0,15410.0,HSX_FOREIGN_API,HOSE_SYMBOL_LEVEL,VND,2026-08-25T03:10:54Z,ff_hsx_symbol_daily_v1,a9ec4547a0e6f0d3116e7e7373fe4b53c7bd7328c1f10151e9f5b21f53cdf5d7
2024-02-02,HHV,HOSE,252270000.0,12741855000.0,-12489585000.0,16300.0,823200.0,-806900.0,0.0,0.0,0.0,0.0,15500.0,15750.0,15400.0,15400.0,15510.0,HSX_FOREIGN_API,HOSE_SYMBOL_LEVEL,VND,2026-08-25T03:10:54Z,ff_hsx_symbol_daily_v1,cc1702ffc03dc09db714e24f8b3bc061de69a07fd3a2d4530c797a695afcf0c7
2024-02-05,HHV,HOSE,393470000.0,6860910000.0,-6467440000.0,25500.0,445025.0,-419525.0,0.0,0.0,0.0,0.0,15500.0,15600.0,15350.0,15500.0,15460.0,HSX_FOREIGN_API,HOSE_SYMBOL_LEVEL,VND,2026-08-25T03:10:54Z,ff_hsx_symbol_daily_v1,87d8f588c3ddad97d8e471a26e9021aad590dd56bc1a4885ec055e54e3823dae
2024-02-06,HHV,HOSE,721850000.0,1085000000.0,-363150000.0,46700.0,70000.0,-23300.0,0.0,0.0,0.0,0.0,15550.0,15550.0,15400.0,15500.0,15490.0,HSX_FOREIGN_API,HOSE_SYMBOL_LEVEL,VND,2026-08-25T03:10:54Z,ff_hsx_symbol_daily_v1,1897e5ac9a98a6cd6176410e17cdc2b0ec54726badfae8778d445246e29256d1
2024-02-07,HHV,HOSE,421335000.0,1549225000.0,-1127890000.0,27100.0,100000.0,-72900.0,0.0,0.0,0.0,0.0,15500.0,15600.0,15400.0,15550.0,15510.0,HSX_FOREIGN_API,HOSE_SYMBOL_LEVEL,VND,2026-08-25T03:10:54Z,ff_hsx_symbol_daily_v1,76de404e0248ebb24acaefdcc1a8946afa897940a232e859fa9155af53f8f9b8
2024-02-15,HHV,HOSE,35021425000.0,61570000.0,34959855000.0,2204200.0,3900.0,2200300.0,0.0,0.0,0.0,0.0,15650.0,16150.0,15650.0,16000.0,15900.0,HSX_FOREIGN_API,HOSE_SYMBOL_LEVEL,VND,2026-08-25T03:10:54Z,ff_hsx_symbol_daily_v1,c2eba392c88603f6f7c5543b3f3a53ab00c1cf8b86cf911660d4bf2f65f68fb3
2024-02-16,HHV,HOSE,468634500.0,1070290000.0,-601655500.0,29410.0,66900.0,-37490.0,0.0,0.0,0.0,0.0,16150.0,16150.0,15850.0,15900.0,15930.0,HSX_FOREIGN_API,HOSE_SYMBOL_LEVEL,VND,2026-08-25T03:10:54Z,ff_hsx_symbol_daily_v1,c76dc57476d09c3882a3e9a901ee7e171f46fd58e9db0c6d6c31fb3c3c6d40d5
2024-02-19,HHV,HOSE,526475000.0,2785875000.0,-2259400000.0,33200.0,175925.0,-142725.0,0.0,0.0,0.0,0.0,15950.0,16000.0,15700.0,15850.0,15820.0,HSX_FOREIGN_API,HOSE_SYMBOL_LEVEL,VND,2026-08-25T03:10:54Z,ff_hsx_symbol_daily_v1,d9877891798c7fc792c370b5d507d11b84014e113ede6c7c521028f60a25ba0f
2024-02-20,HHV,HOSE,28360000.0,12381350000.0,-12352990000.0,1800.0,784000.0,-782200.0,0.0,0.0,0.0,0.0,15900.0,15950.0,15700.0,15750.0,15820.0,HSX_FOREIGN_API,HOSE_SYMBOL_LEVEL,VND,2026-08-25T03:10:54Z,ff_hsx_symbol_daily_v1,c882668e4ddfc1933dbabaada73992934aaf4f3f9543581ecc4ef4cfac9d8287
2024-02-21,HHV,HOSE,544075000.0,16314643100.0,-15770568100.0,34700.0,1041474.0,-1006774.0,0.0,0.0,0.0,0.0,15800.0,15800.0,15600.0,15600.0,15650.0,HSX_FOREIGN_API,HOSE_SYMBOL_LEVEL,VND,2026-08-25T03:10:54Z,ff_hsx_symbol_daily_v1,ffa5bbeee17fd4e65da39f814978bfe8007ed994fb3bd7f2349f50d29f939a60
2024-02-22,HHV,HOSE,0.0,3732868350.0,-3732868350.0,0.0,238028.0,-238028.0,0.0,0.0,0.0,0.0,15600.0,15850.0,15550.0,15600.0,15680.0,HSX_FOREIGN_API,HOSE_SYMBOL_LEVEL,VND,2026-08-25T03:10:54Z,ff_hsx_symbol_daily_v1,571e373dede5d66acd8b6f4dffc8519c33447489adfdd1539a1557dd06bf6e1e
2024-02-23,HHV,HOSE,16009285000.0,9813425000.0,6195860000.0,1030450.0,635100.0,395350.0,0.0,0.0,0.0,0.0,15600.0,15700.0,15200.0,15200.0,15470.0,HSX_FOREIGN_API,HOSE_SYMBOL_LEVEL,VND,2026-08-25T03:10:54Z,ff_hsx_symbol_daily_v1,afaa38428f4ce89f99640fb605dc0264286c15a482e388dbff85ba9d19f3a322
2024-02-26,HHV,HOSE,20580495000.0,2085955000.0,18494540000.0,1350200.0,137400.0,1212800.0,0.0,0.0,0.0,0.0,15200.0,15400.0,15050.0,15400.0,15220.0,HSX_FOREIGN_API,HOSE_SYMBOL_LEVEL,VND,2026-08-25T03:10:54Z,ff_hsx_symbol_daily_v1,8880f80bfa76db8dff43764e1b6fb5c33269261572aa519b3476528b9c31bd07
2024-02-27,HHV,HOSE,17850525000.0,1424725000.0,16425800000.0,1149000.0,91900.0,1057100.0,0.0,0.0,0.0,0.0,15450.0,15600.0,15400.0,15600.0,15530.0,HSX_FOREIGN_API,HOSE_SYMBOL_LEVEL,VND,2026-08-25T03:10:54Z,ff_hsx_symbol_daily_v1,7d53bbe0a02f3a238c97d96f6f757cbe56ba7814c055761acf44ab4e82dade9e
2024-02-28,HHV,HOSE,293650000.0,6331090000.0,-6037440000.0,18900.0,421860.0,-402960.0,0.0,6249900000.0,0.0,416660.0,15650.0,15650.0,15400.0,15500.0,15540.0,HSX_FOREIGN_API,HOSE_SYMBOL_LEVEL,VND,2026-08-25T03:10:54Z,ff_hsx_symbol_daily_v1,b36215c7f400b3e642196c80788e18794c73cc3d3aa909ca5c4d973280858dfe
2024-02-29,HHV,HOSE,2464000000.0,843520000.0,1620480000.0,160000.0,54400.0,105600.0,0.0,0.0,0.0,0.0,15550.0,15600.0,15300.0,15350.0,15400.0,HSX_FOREIGN_API,HOSE_SYMBOL_LEVEL,VND,2026-08-25T03:10:54Z,ff_hsx_symbol_daily_v1,c2ad9d65d25f25defdf8e0d1a69bfc1c73c4aa1e5c7b16f3f37be34335cd09c0
2024-03-01,HHV,HOSE,3545375000.0,1122240000.0,2423135000.0,227600.0,72400.0,155200.0,0.0,0.0,0.0,0.0,15400.0,15750.0,15300.0,15700.0,15580.0,HSX_FOREIGN_API,HOSE_SYMBOL_LEVEL,VND,2026-08-25T03:10:54Z,ff_hsx_symbol_daily_v1,db4ae598d74ca57b2b84a123f0f13cc735ddd3f29f330a367708f36d5ed14a9b
2024-03-04,HHV,HOSE,47250000.0,754705000.0,-707455000.0,3000.0,48200.0,-45200.0,0.0,0.0,0.0,0.0,15800.0,15850.0,15600.0,15650.0,15710.0,HSX_FOREIGN_API,HOSE_SYMBOL_LEVEL,VND,2026-08-25T03:10:54Z,ff_hsx_symbol_daily_v1,89cd6b36041d5bbe0b77f7778f2633d71e34b87e1a1494f85d059aac5f38d22d
2024-03-05,HHV,HOSE,222975000.0,129530000.0,93445000.0,14200.0,8200.0,6000.0,0.0,0.0,0.0,0.0,15750.0,15950.0,15650.0,15700.0,15780.0,HSX_FOREIGN_API,HOSE_SYMBOL_LEVEL,VND,2026-08-25T03:10:54Z,ff_hsx_symbol_daily_v1,117504dfe604a2b62f24f55fe187905bde73f1e2d9eb7e94ef39a8d23c1ef33b
2024-03-06,HHV,HOSE,236600000.0,9934620000.0,-9698020000.0,15200.0,641800.0,-626600.0,0.0,0.0,0.0,0.0,15700.0,15700.0,15350.0,15450.0,15510.0,HSX_FOREIGN_API,HOSE_SYMBOL_LEVEL,VND,2026-08-25T03:10:54Z,ff_hsx_symbol_daily_v1,0b83e59f5b4324d6d9d53a4ab240d90a922998abd6f4245fa47ba91e4aa7ca53
2024-03-07,HHV,HOSE,61600000.0,204960000.0,-143360000.0,4000.0,13300.0,-9300.0,0.0,0.0,0.0,0.0,15350.0,15500.0,15350.0,15450.0,15400.0,HSX_FOREIGN_API,HOSE_SYMBOL_LEVEL,VND,2026-08-25T03:10:54Z,ff_hsx_symbol_daily_v1,48bfb5043c1152b05aeb465c9d54fb964c21c88a07fd106f974b44efd8397e79
2024-03-08,HHV,HOSE,266975000.0,3643885000.0,-3376910000.0,17500.0,238700.0,-221200.0,0.0,0.0,0.0,0.0,15600.0,15600.0,15150.0,15200.0,15280.0,HSX_FOREIGN_API,HOSE_SYMBOL_LEVEL,VND,2026-08-25T03:10:54Z,ff_hsx_symbol_daily_v1,b25811ad618ba9afc5e4673742d3a81ca1e7516a51803143489c67ddf9cd5f73
2024-03-11,HHV,HOSE,44405000.0,983510000.0,-939105000.0,2900.0,64300.0,-61400.0,0.0,0.0,0.0,0.0,15200.0,15450.0,15100.0,15150.0,15230.0,HSX_FOREIGN_API,HOSE_SYMBOL_LEVEL,VND,2026-08-25T03:10:54Z,ff_hsx_symbol_daily_v1,b96bda8bba32cd7bd09957f898f45b3dd966f46a5bdab5a704204978e2a6f655
2024-03-12,HHV,HOSE,65150000.0,28765000.0,36385000.0,4300.0,1900.0,2400.0,0.0,0.0,0.0,0.0,15150.0,15200.0,15050.0,15100.0,15120.0,HSX_FOREIGN_API,HOSE_SYMBOL_LEVEL,VND,2026-08-25T03:10:54Z,ff_hsx_symbol_daily_v1,d3a82269b0150bf018cfeba88c5b1b8f66d5f3b387f411c0b8922685ac562f84
2024-03-13,HHV,HOSE,362187500.0,54695000.0,307492500.0,23750.0,3600.0,20150.0,0.0,0.0,0.0,0.0,15300.0,15300.0,15150.0,15300.0,15220.0,HSX_FOREIGN_API,HOSE_SYMBOL_LEVEL,VND,2026-08-25T03:10:54Z,ff_hsx_symbol_daily_v1,30bae9b775dc8442eee6937955ff95dd39234d4d9bb3145e0cecc727ccd74fa8
2024-03-14,HHV,HOSE,76150000.0,171150000.0,-95000000.0,5000.0,11200.0,-6200.0,0.0,0.0,0.0,0.0,15300.0,15400.0,15200.0,15200.0,15300.0,HSX_FOREIGN_API,HOSE_SYMBOL_LEVEL,VND,2026-08-25T03:10:54Z,ff_hsx_symbol_daily_v1,bbed82789b80628522aecf723758b0d397c29acd167ce4744ab0f9bda003f3ec
2024-03-15,HHV,HOSE,7625000.0,1916395000.0,-1908770000.0,500.0,125900.0,-125400.0,0.0,0.0,0.0,0.0,15200.0,15450.0,15150.0,15200.0,15310.0,HSX_FOREIGN_API,HOSE_SYMBOL_LEVEL,VND,2026-08-25T03:10:54Z,ff_hsx_symbol_daily_v1,bb365563d39bf7bac4c79e0503424e4937c23054c64b96d4c6bc7422b3723afe
2024-03-18,HHV,HOSE,290200000.0,457039000.0,-166839000.0,19400.0,30056.0,-10656.0,0.0,0.0,0.0,0.0,15250.0,15400.0,14700.0,15050.0,15070.0,HSX_FOREIGN_API,HOSE_SYMBOL_LEVEL,VND,2026-08-25T03:10:54Z,ff_hsx_symbol_daily_v1,f1bab230230661369de939d1dc9199928bec589a22da238187dd8772c920efb0
2024-03-19,HHV,HOSE,7612925000.0,12120000.0,7600805000.0,503400.0,800.0,502600.0,0.0,0.0,0.0,0.0,15000.0,15300.0,14950.0,15050.0,15130.0,HSX_FOREIGN_API,HOSE_SYMBOL_LEVEL,VND,2026-08-25T03:10:54Z,ff_hsx_symbol_daily_v1,ef0a82c26a68489294f112b5efc3320d9b4ab533c1de973310865c692cc4f950
2024-03-20,HHV,HOSE,378270000.0,2343891250.0,-1965621250.0,25100.0,156225.0,-131125.0,0.0,0.0,0.0,0.0,15050.0,15150.0,14950.0,15150.0,15050.0,HSX_FOREIGN_API,HOSE_SYMBOL_LEVEL,VND,2026-08-25T03:10:54Z,ff_hsx_symbol_daily_v1,3f2f0780a56684e0733e7a05304d529a1ddd2d4c308fa7889be1ae7c98b23707
2024-03-21,HHV,HOSE,7446690000.0,2356532500.0,5090157500.0,489000.0,155075.0,333925.0,0.0,0.0,0.0,0.0,15200.0,15500.0,15100.0,15500.0,15330.0,HSX_FOREIGN_API,HOSE_SYMBOL_LEVEL,VND,2026-08-25T03:10:54Z,ff_hsx_symbol_daily_v1,85a8e22d25e23e58a0b4f6d2b7964c333ff738a70e721a5f48fa193a077491e9
2024-03-22,HHV,HOSE,1144455000.0,8546460000.0,-7402005000.0,73000.0,550000.0,-477000.0,0.0,0.0,0.0,0.0,15650.0,15800.0,15450.0,15500.0,15600.0,HSX_FOREIGN_API,HOSE_SYMBOL_LEVEL,VND,2026-08-25T03:10:54Z,ff_hsx_symbol_daily_v1,087df2244c285c0eec867a07f9bf5e0fdaeaf3df76b054d4f892a7fa167c1aba
2024-03-25,HHV,HOSE,2778685000.0,472673600.0,2306011400.0,176400.0,30040.0,146360.0,0.0,0.0,0.0,0.0,15700.0,15900.0,15500.0,15550.0,15720.0,HSX_FOREIGN_API,HOSE_SYMBOL_LEVEL,VND,2026-08-25T03:10:54Z,ff_hsx_symbol_daily_v1,9bc421a6029018adf6589aa35ce98cfa0570ec81d8df5bdf65e79d1cf16e643a
2024-03-26,HHV,HOSE,133580000.0,409215450.0,-275635450.0,8600.0,26401.0,-17801.0,0.0,0.0,0.0,0.0,15600.0,15600.0,15400.0,15550.0,15520.0,HSX_FOREIGN_API,HOSE_SYMBOL_LEVEL,VND,2026-08-25T03:10:54Z,ff_hsx_symbol_daily_v1,c1cd9f683e5c03c5901d9279c9ecf60565a592d86439c9f282d2e7c0b8d3e25e
2024-03-27,HHV,HOSE,2470060000.0,3090720000.0,-620660000.0,155900.0,197200.0,-41300.0,0.0,0.0,0.0,0.0,15650.0,15900.0,15600.0,15700.0,15740.0,HSX_FOREIGN_API,HOSE_SYMBOL_LEVEL,VND,2026-08-25T03:10:54Z,ff_hsx_symbol_daily_v1,829e6c88d10ad5e409c9896bfc606b5840ae36d747a5d1a03455d7dfd1cca938
2024-03-28,HHV,HOSE,195330000.0,4986655000.0,-4791325000.0,12500.0,320600.0,-308100.0,0.0,0.0,0.0,0.0,15800.0,15800.0,15500.0,15550.0,15600.0,HSX_FOREIGN_API,HOSE_SYMBOL_LEVEL,VND,2026-08-25T03:10:54Z,ff_hsx_symbol_daily_v1,d02dbea1e6dddeea787c5ccf9322b76f878d3d7aa2d4fd338f3d75fb24d7ab59
2024-03-29,HHV,HOSE,23175000.0,462976000.0,-439801000.0,1500.0,29680.0,-28180.0,0.0,0.0,0.0,0.0,15550.0,15600.0,15350.0,15400.0,15450.0,HSX_FOREIGN_API,HOSE_SYMBOL_LEVEL,VND,2026-08-25T03:10:54Z,ff_hsx_symbol_daily_v1,e6f036288637a3f92c6fa32ada99ebfdbfc56cef39740f874ef4c5dfba0d6d33
2024-04-01,HHV,HOSE,73170000.0,3012280000.0,-2939110000.0,4700.0,192800.0,-188100.0,0.0,0.0,0.0,0.0,15450.0,15750.0,15350.0,15450.0,15520.0,HSX_FOREIGN_API,HOSE_SYMBOL_LEVEL,VND,2026-08-25T03:10:54Z,ff_hsx_symbol_daily_v1,7ce38c2dc413d735ed304bf7da4105870240fe57d7998f6623ccfcc57d9f73cb
2024-04-02,HHV,HOSE,2265430000.0,1612230000.0,653200000.0,146300.0,105000.0,41300.0,0.0,0.0,0.0,0.0,15450.0,15550.0,15300.0,15550.0,15390.0,HSX_FOREIGN_API,HOSE_SYMBOL_LEVEL,VND,2026-08-25T03:10:54Z,ff_hsx_symbol_daily_v1,39862de912e6cae6b85722d75bfc463515ed468c0bfb7b9851a3bdcca02b6aca
2024-04-03,HHV,HOSE,36656980000.0,17153625000.0,19503355000.0,2299000.0,1072600.0,1226400.0,0.0,0.0,0.0,0.0,15600.0,16200.0,15600.0,15700.0,15940.0,HSX_FOREIGN_API,HOSE_SYMBOL_LEVEL,VND,2026-08-25T03:10:54Z,ff_hsx_symbol_daily_v1,bb0f6c0673656ec85c3de1e1fa8ad7658eebec4c5db7ecd568938ade076f76e2
2024-04-04,HHV,HOSE,1251790000.0,1296505000.0,-44715000.0,80000.0,83100.0,-3100.0,0.0,0.0,0.0,0.0,15650.0,15800.0,15450.0,15450.0,15560.0,HSX_FOREIGN_API,HOSE_SYMBOL_LEVEL,VND,2026-08-25T03:10:54Z,ff_hsx_symbol_daily_v1,3449f48ce45ace06c776d424adf0da92ce04873ce5954158fa519c4d02d194f7
2024-04-05,HHV,HOSE,1293790000.0,1202115000.0,91675000.0,85100.0,78200.0,6900.0,0.0,0.0,0.0,0.0,15400.0,15400.0,15150.0,15150.0,15310.0,HSX_FOREIGN_API,HOSE_SYMBOL_LEVEL,VND,2026-08-25T03:10:54Z,ff_hsx_symbol_daily_v1,2aa0375980f60978975cf264adc534a501ae98b04ed00022e2c5fdf8c27b80aa
2024-04-08,HHV,HOSE,256030000.0,27352660000.0,-27096630000.0,16900.0,1804600.0,-1787700.0,0.0,0.0,0.0,0.0,15200.0,15250.0,15050.0,15050.0,15140.0,HSX_FOREIGN_API,HOSE_SYMBOL_LEVEL,VND,2026-08-25T03:10:54Z,ff_hsx_symbol_daily_v1,74f635cbd57c072aba925c3f52d6993c54e1861d58910ddf9151545247d79487
2024-04-09,HHV,HOSE,872780000.0,844395000.0,28385000.0,57800.0,55900.0,1900.0,0.0,0.0,0.0,0.0,15100.0,15200.0,15000.0,15200.0,15100.0,HSX_FOREIGN_API,HOSE_SYMBOL_LEVEL,VND,2026-08-25T03:10:54Z,ff_hsx_symbol_daily_v1,54dde84072b227acdb597a891def30d7e75db0b7e08e3a9f6c87d44dda1acba7
2024-04-10,HHV,HOSE,31815000.0,1290179100.0,-1258364100.0,2100.0,84913.0,-82813.0,0.0,0.0,0.0,0.0,15250.0,15300.0,15050.0,15050.0,15150.0,HSX_FOREIGN_API,HOSE_SYMBOL_LEVEL,VND,2026-08-25T03:10:54Z,ff_hsx_symbol_daily_v1,7871b083fee3ea5fdcf16e2e8dc9f20c6bf61a57d6144aaffd8d5cdffb2e2ab2
2024-04-11,HHV,HOSE,1769810000.0,252770000.0,1517040000.0,118000.0,16800.0,101200.0,0.0,0.0,0.0,0.0,14950.0,15100.0,14900.0,15000.0,15000.0,HSX_FOREIGN_API,HOSE_SYMBOL_LEVEL,VND,2026-08-25T03:10:54Z,ff_hsx_symbol_daily_v1,fb994d424b02aa99cfd8b365e1a2ff0199d6e0da66b6487f4a0df264ce147f44
2024-04-12,HHV,HOSE,1094630000.0,5624585000.0,-4529955000.0,72700.0,372800.0,-300100.0,0.0,0.0,0.0,0.0,15100.0,15200.0,15050.0,15100.0,15100.0,HSX_FOREIGN_API,HOSE_SYMBOL_LEVEL,VND,2026-08-25T03:10:54Z,ff_hsx_symbol_daily_v1,abdce46e9c88f62852fa026816bd7ff5cbfdbfcc49b9601cf820c971b8e0bf2b
2024-04-15,HHV,HOSE,4498565000.0,7190644900.0,-2692079900.0,317600.0,485598.0,-167998.0,0.0,0.0,0.0,0.0,15100.0,15150.0,14050.0,14050.0,14610.0,HSX_FOREIGN_API,HOSE_SYMBOL_LEVEL,VND,2026-08-25T03:10:54Z,ff_hsx_symbol_daily_v1,f96de67d4e5ed27e8325f7b0807223adc8cd571753d4fc24e0e5c813aeebe68e
2024-04-16,HHV,HOSE,8910690000.0,2707409700.0,6203280300.0,664700.0,194550.0,470150.0,0.0,0.0,0.0,0.0,13850.0,14000.0,13200.0,13450.0,13530.0,HSX_FOREIGN_API,HOSE_SYMBOL_LEVEL,VND,2026-08-25T03:10:54Z,ff_hsx_symbol_daily_v1,1854ca14c47d1e3e6a77c51890591b6cc8c60bf2e226ec28968674ef75f4fdb4
2024-04-17,HHV,HOSE,206755000.0,11571180000.0,-11364425000.0,15500.0,865800.0,-850300.0,0.0,0.0,0.0,0.0,13550.0,13700.0,13150.0,13150.0,13360.0,HSX_FOREIGN_API,HOSE_SYMBOL_LEVEL,VND,2026-08-25T03:10:54Z,ff_hsx_symbol_daily_v1,5bff264a118854b83209249cd305dfc80d88db5237dc152a6c1c5c474944c98f
2024-04-19,HHV,HOSE,7124420000.0,4081932500.0,3042487500.0,570400.0,317590.0,252810.0,0.0,0.0,0.0,0.0,13000.0,13000.0,12350.0,12500.0,12680.0,HSX_FOREIGN_API,HOSE_SYMBOL_LEVEL,VND,2026-08-25T03:10:54Z,ff_hsx_symbol_daily_v1,3ff779751d93dc33a5257d39a0af8eb58db140fdc8f63b5cba1b31703f1cd94b
2024-04-22,HHV,HOSE,1083605000.0,2449865000.0,-1366260000.0,85600.0,194800.0,-109200.0,0.0,0.0,0.0,0.0,12750.0,12800.0,12500.0,12700.0,12630.0,HSX_FOREIGN_API,HOSE_SYMBOL_LEVEL,VND,2026-08-25T03:10:54Z,ff_hsx_symbol_daily_v1,c6bed11fdc162e0cc09782b02a936c2c6a8886194b38f0b8928e05ee60f4732d
2024-04-23,HHV,HOSE,2911780000.0,16809055000.0,-13897275000.0,232700.0,1348600.0,-1115900.0,0.0,0.0,0.0,0.0,12750.0,12800.0,12150.0,12250.0,12410.0,HSX_FOREIGN_API,HOSE_SYMBOL_LEVEL,VND,2026-08-25T03:10:54Z,ff_hsx_symbol_daily_v1,c01e937836c55ebfbe79c384180a19dcc46d611e2fcbc40745641aea8412a2b9
2024-04-24,HHV,HOSE,12328225000.0,3156505000.0,9171720000.0,977100.0,253800.0,723300.0,0.0,0.0,0.0,0.0,12400.0,12800.0,12350.0,12750.0,12590.0,HSX_FOREIGN_API,HOSE_SYMBOL_LEVEL,VND,2026-08-25T03:10:54Z,ff_hsx_symbol_daily_v1,2f18048bb1c0c4a73cb45ff7a72dfc2ce015d184a0c1fe1e34e286137ed31230
2024-04-25,HHV,HOSE,207210000.0,1628362500.0,-1421152500.0,16300.0,126725.0,-110425.0,0.0,0.0,0.0,0.0,12800.0,12950.0,12600.0,12650.0,12760.0,HSX_FOREIGN_API,HOSE_SYMBOL_LEVEL,VND,2026-08-25T03:10:54Z,ff_hsx_symbol_daily_v1,313e3ca46b0d776c848fe05fb9f7ad9c9bf9df04242d694cac538caf5aa6a61c
2024-04-26,HHV,HOSE,170925000.0,392945000.0,-222020000.0,13550.0,31200.0,-17650.0,0.0,0.0,0.0,0.0,12500.0,12700.0,12500.0,12650.0,12600.0,HSX_FOREIGN_API,HOSE_SYMBOL_LEVEL,VND,2026-08-25T03:10:54Z,ff_hsx_symbol_daily_v1,19f5b85096636bed11da6e4fa5291a83b017ed7858676e505bbc66aabe246764
2024-05-02,HHV,HOSE,0.0,6465915000.0,-6465915000.0,0.0,499500.0,-499500.0,0.0,0.0,0.0,0.0,12850.0,13100.0,12800.0,12900.0,12940.0,HSX_FOREIGN_API,HOSE_SYMBOL_LEVEL,VND,2026-08-25T03:10:54Z,ff_hsx_symbol_daily_v1,6b1f29de93b2c2d227ea39e7e26da0ed683fdf40314389c053be06243c8a436f
2024-05-03,HHV,HOSE,272615000.0,4582450000.0,-4309835000.0,21100.0,355200.0,-334100.0,0.0,0.0,0.0,0.0,13000.0,13100.0,12800.0,12800.0,12890.0,HSX_FOREIGN_API,HOSE_SYMBOL_LEVEL,VND,2026-08-25T03:10:54Z,ff_hsx_symbol_daily_v1,9dad3cd2dce25e683f1fefd0b2715063033b69d1bf67e95fb8a4a146a94981e2
2024-05-06,HHV,HOSE,11438130000.0,65040000.0,11373090000.0,884300.0,5000.0,879300.0,0.0,0.0,0.0,0.0,12850.0,13200.0,12750.0,13200.0,13000.0,HSX_FOREIGN_API,HOSE_SYMBOL_LEVEL,VND,2026-08-25T03:10:54Z,ff_hsx_symbol_daily_v1,1ac49691202dfb97e072340998bd622efaa543484234e0ffa1ce28b639ac044b
2024-05-07,HHV,HOSE,1473301000.0,2707735000.0,-1234434000.0,112210.0,206700.0,-94490.0,0.0,0.0,0.0,0.0,13300.0,13300.0,13050.0,13100.0,13120.0,HSX_FOREIGN_API,HOSE_SYMBOL_LEVEL,VND,2026-08-25T03:10:54Z,ff_hsx_symbol_daily_v1,b065705351eecaca87c7d8a4b23d340bb5b6d8ff570d4310309c453845f9d251
2024-05-08,HHV,HOSE,969060000.0,19694655000.0,-18725595000.0,75100.0,1534400.0,-1459300.0,0.0,0.0,0.0,0.0,13000.0,13000.0,12800.0,12850.0,12880.0,HSX_FOREIGN_API,HOSE_SYMBOL_LEVEL,VND,2026-08-25T03:10:54Z,ff_hsx_symbol_daily_v1,ceb10fc0e961c321d9f2017452bbfb0998981dddb7878011071ae129cb6fd535
2024-05-09,HHV,HOSE,2044985000.0,8519367500.0,-6474382500.0,157800.0,658150.0,-500350.0,0.0,0.0,0.0,0.0,12950.0,13150.0,12800.0,12850.0,12950.0,HSX_FOREIGN_API,HOSE_SYMBOL_LEVEL,VND,2026-08-25T03:10:54Z,ff_hsx_symbol_daily_v1,dbc9fde6f62e1c3088d6be4cb9976bea5c629a712345c5a66cc0c661328d6e2f
2024-05-10,HHV,HOSE,2175925000.0,1245845000.0,930080000.0,170400.0,97100.0,73300.0,0.0,0.0,0.0,0.0,12900.0,13000.0,12650.0,12800.0,12750.0,HSX_FOREIGN_API,HOSE_SYMBOL_LEVEL,VND,2026-08-25T03:10:54Z,ff_hsx_symbol_daily_v1,40af7a07b017d780d235179ad1d5774adf013d5795fece001d2d60fc9bc6f187
2024-05-13,HHV,HOSE,146620000.0,2550245000.0,-2403625000.0,11500.0,200300.0,-188800.0,0.0,0.0,0.0,0.0,12850.0,12900.0,12650.0,12750.0,12740.0,HSX_FOREIGN_API,HOSE_SYMBOL_LEVEL,VND,2026-08-25T03:10:54Z,ff_hsx_symbol_daily_v1,8ac009a24cfc5fa3dc3d9ade8c1d0a2ab51f577a934d9efa385d8110653b51a4
2024-05-14,HHV,HOSE,2114030000.0,14826508500.0,-12712478500.0,164600.0,1160675.0,-996075.0,0.0,0.0,0.0,0.0,12800.0,12900.0,12700.0,12700.0,12780.0,HSX_FOREIGN_API,HOSE_SYMBOL_LEVEL,VND,2026-08-25T03:10:54Z,ff_hsx_symbol_daily_v1,7e0ec343a0a24388c953e71c6956b00ef46bc823c1262c63e1dbd04f7e118b72
2024-05-15,HHV,HOSE,7707100000.0,416065000.0,7291035000.0,601200.0,32700.0,568500.0,0.0,0.0,0.0,0.0,12750.0,12950.0,12650.0,12900.0,12800.0,HSX_FOREIGN_API,HOSE_SYMBOL_LEVEL,VND,2026-08-25T03:10:54Z,ff_hsx_symbol_daily_v1,c3da4db5e0157b21b1770a6025fe3e3f10f05d188df9683ce2dcc1c624aca25c
2024-05-16,HHV,HOSE,4002225000.0,3058522750.0,943702250.0,305400.0,230307.0,75093.0,0.0,0.0,0.0,0.0,13000.0,13400.0,13000.0,13100.0,13180.0,HSX_FOREIGN_API,HOSE_SYMBOL_LEVEL,VND,2026-08-25T03:10:54Z,ff_hsx_symbol_daily_v1,30df356d6de38368befe75d9f859e34900b25c082aca51c78b9d2e3666d915df
2024-05-17,HHV,HOSE,1153255000.0,2361030000.0,-1207775000.0,87700.0,180100.0,-92400.0,0.0,0.0,0.0,0.0,13150.0,13250.0,13050.0,13150.0,13140.0,HSX_FOREIGN_API,HOSE_SYMBOL_LEVEL,VND,2026-08-25T03:10:54Z,ff_hsx_symbol_daily_v1,25c3108a26fb0f461dbe25f8bf5d3aa42d1ca93d6b6575ce7f83c8303604f126
2024-05-20,HHV,HOSE,2538115000.0,1168875000.0,1369240000.0,190200.0,87400.0,102800.0,0.0,0.0,0.0,0.0,13250.0,13500.0,13200.0,13400.0,13390.0,HSX_FOREIGN_API,HOSE_SYMBOL_LEVEL,VND,2026-08-25T03:10:54Z,ff_hsx_symbol_daily_v1,956adbfb09416f5ae18ea538a7dc992e2e5777f32e5a2d42d632a4ff68363079
2024-05-21,HHV,HOSE,192770000.0,8867705500.0,-8674935500.0,14600.0,670340.0,-655740.0,0.0,0.0,0.0,0.0,13400.0,13400.0,13100.0,13250.0,13230.0,HSX_FOREIGN_API,HOSE_SYMBOL_LEVEL,VND,2026-08-25T03:10:54Z,ff_hsx_symbol_daily_v1,053a6ce57253ac27ad902f55f79a20a31070153abd674cd078a4afba0fb5ec6d
2024-05-22,HHV,HOSE,66250000.0,2345048750.0,-2278798750.0,5000.0,177475.0,-172475.0,0.0,0.0,0.0,0.0,13400.0,13500.0,13150.0,13250.0,13310.0,HSX_FOREIGN_API,HOSE_SYMBOL_LEVEL,VND,2026-08-25T03:10:54Z,ff_hsx_symbol_daily_v1,93cf2d22bff6fd365d5bec8eb0b2344b0415e2e79177353447261cf311330ce0
2024-05-23,HHV,HOSE,1094010000.0,1927770000.0,-833760000.0,82100.0,144300.0,-62200.0,0.0,0.0,0.0,0.0,13250.0,13500.0,13200.0,13350.0,13330.0,HSX_FOREIGN_API,HOSE_SYMBOL_LEVEL,VND,2026-08-25T03:10:54Z,ff_hsx_symbol_daily_v1,74ff2f18214885620b3c2fb95e152804ec63471be2cd0d0e072aaefb3a260da3
2024-05-24,HHV,HOSE,191590000.0,4751746600.0,-4560156600.0,14900.0,363912.0,-349012.0,0.0,0.0,0.0,0.0,13300.0,13350.0,12750.0,13000.0,13090.0,HSX_FOREIGN_API,HOSE_SYMBOL_LEVEL,VND,2026-08-25T03:10:54Z,ff_hsx_symbol_daily_v1,92e6dae5e2c452f71c70dc5b5eec9555f5eae668747ae2a04ebba2780b845ba6
2024-05-27,HHV,HOSE,10280000.0,5180000.0,5100000.0,800.0,400.0,400.0,0.0,0.0,0.0,0.0,12950.0,13050.0,12850.0,12900.0,12920.0,HSX_FOREIGN_API,HOSE_SYMBOL_LEVEL,VND,2026-08-25T03:10:54Z,ff_hsx_symbol_daily_v1,0a4e130c9e6abba7f9cc0c1a4a932d69f47e20b774a06ca2ea36797eec0d3b18
2024-05-28,HHV,HOSE,5722600000.0,187260000.0,5535340000.0,440500.0,14400.0,426100.0,0.0,0.0,0.0,0.0,12850.0,13100.0,12850.0,13050.0,12980.0,HSX_FOREIGN_API,HOSE_SYMBOL_LEVEL,VND,2026-08-25T03:10:54Z,ff_hsx_symbol_daily_v1,2912e6282f74a3e7651ff243adebcbc50a9aed6efb0f7c2af92e9e2bafa649ee
2024-05-29,HHV,HOSE,3370545000.0,268080000.0,3102465000.0,256500.0,20500.0,236000.0,0.0,0.0,0.0,0.0,13050.0,13300.0,12950.0,13100.0,13110.0,HSX_FOREIGN_API,HOSE_SYMBOL_LEVEL,VND,2026-08-25T03:10:54Z,ff_hsx_symbol_daily_v1,dce0f1111efd710226e2d584524d700f115a65e5f4a447279cfd1eee5de7b212
2024-05-30,HHV,HOSE,628800000.0,1122615000.0,-493815000.0,48000.0,84200.0,-36200.0,0.0,0.0,0.0,0.0,12950.0,13400.0,12900.0,13200.0,13180.0,HSX_FOREIGN_API,HOSE_SYMBOL_LEVEL,VND,2026-08-25T03:10:54Z,ff_hsx_symbol_daily_v1,3655bab7d730caa4f96409c36927650b66633f0cdcff1e8971a80675583b6162
2024-05-31,HHV,HOSE,1184355000.0,2406745000.0,-1222390000.0,90000.0,182200.0,-92200.0,0.0,0.0,0.0,0.0,13200.0,13300.0,13050.0,13200.0,13170.0,HSX_FOREIGN_API,HOSE_SYMBOL_LEVEL,VND,2026-08-25T03:10:54Z,ff_hsx_symbol_daily_v1,5a3b799d9ab9618b408fe54d4a35c680fea928675dc9fa172c34d60448f1e6eb
2024-06-03,HHV,HOSE,2918345000.0,1244135000.0,1674210000.0,218600.0,93300.0,125300.0,0.0,0.0,0.0,0.0,13400.0,13400.0,13250.0,13350.0,13330.0,HSX_FOREIGN_API,HOSE_SYMBOL_LEVEL,VND,2026-08-25T03:10:54Z,ff_hsx_symbol_daily_v1,bead8513fe3303673716bcee6feefd595866919e94279ab2f41baf21bef482b1
2024-06-04,HHV,HOSE,1320000.0,640475000.0,-639155000.0,100.0,48100.0,-48000.0,0.0,0.0,0.0,0.0,13450.0,13450.0,13200.0,13200.0,13330.0,HSX_FOREIGN_API,HOSE_SYMBOL_LEVEL,VND,2026-08-25T03:10:54Z,ff_hsx_symbol_daily_v1,651c5cadd1383d4b7b49e794f526edf4ef91d4db067d908b4c4092f651b90c10
2024-06-05,HHV,HOSE,10202150000.0,140700000.0,10061450000.0,763400.0,10500.0,752900.0,0.0,0.0,0.0,0.0,13250.0,13450.0,13250.0,13350.0,13350.0,HSX_FOREIGN_API,HOSE_SYMBOL_LEVEL,VND,2026-08-25T03:10:54Z,ff_hsx_symbol_daily_v1,08c465aa811f13a15ae2c799677d1bb2cf56b0bb543b10d47b024d41bdce622c
2024-06-06,HHV,HOSE,4068065000.0,2181455000.0,1886610000.0,298300.0,158200.0,140100.0,0.0,0.0,0.0,0.0,13450.0,13900.0,13400.0,13600.0,13700.0,HSX_FOREIGN_API,HOSE_SYMBOL_LEVEL,VND,2026-08-25T03:10:54Z,ff_hsx_symbol_daily_v1,3d30aeba56ef00975712d51c415f4f48eebfe48f7b0f599a704d294b2f4463e2
2024-06-07,HHV,HOSE,2730000.0,27300000.0,-24570000.0,200.0,2000.0,-1800.0,0.0,0.0,0.0,0.0,13750.0,13800.0,13500.0,13550.0,13620.0,HSX_FOREIGN_API,HOSE_SYMBOL_LEVEL,VND,2026-08-25T03:10:54Z,ff_hsx_symbol_daily_v1,20d97107eeced0303db678b84f17d1ce1626fe4faa75019e01347444fa534fad
2024-06-10,HHV,HOSE,197260500.0,8941145000.0,-8743884500.0,14623.0,659000.0,-644377.0,0.0,0.0,0.0,0.0,13600.0,13700.0,13300.0,13350.0,13470.0,HSX_FOREIGN_API,HOSE_SYMBOL_LEVEL,VND,2026-08-25T03:10:54Z,ff_hsx_symbol_daily_v1,b15743253643c090de747bc0650b781c8f0af25347b3892718363b33c72cea95
2024-06-11,HHV,HOSE,29165000.0,2274945000.0,-2245780000.0,2200.0,170900.0,-168700.0,0.0,0.0,0.0,0.0,13400.0,13450.0,13150.0,13200.0,13250.0,HSX_FOREIGN_API,HOSE_SYMBOL_LEVEL,VND,2026-08-25T03:10:54Z,ff_hsx_symbol_daily_v1,8d0447f55d7c2ebdd8fc38aab402fb61b6f057da88cf3bb9c03e97f327154b20
2024-06-12,HHV,HOSE,1123910000.0,139625000.0,984285000.0,84600.0,10500.0,74100.0,0.0,0.0,0.0,0.0,13200.0,13350.0,13200.0,13300.0,13260.0,HSX_FOREIGN_API,HOSE_SYMBOL_LEVEL,VND,2026-08-25T03:10:54Z,ff_hsx_symbol_daily_v1,7e78b226b6268ea280f20efe8ee2b49a389a0f63a6117e6c799f7b24fee29565
2024-06-13,HHV,HOSE,115055000.0,265895000.0,-150840000.0,8600.0,20000.0,-11400.0,0.0,0.0,0.0,0.0,13400.0,13400.0,13250.0,13250.0,13300.0,HSX_FOREIGN_API,HOSE_SYMBOL_LEVEL,VND,2026-08-25T03:10:54Z,ff_hsx_symbol_daily_v1,c8ca38baa0877fe0dc4f11e1e9d0f28e3030055a0912c9752d4fe567aa7227cf
2024-06-14,HHV,HOSE,246765000.0,128180000.0,118585000.0,18500.0,9650.0,8850.0,0.0,0.0,0.0,0.0,13300.0,13500.0,13150.0,13150.0,13320.0,HSX_FOREIGN_API,HOSE_SYMBOL_LEVEL,VND,2026-08-25T03:10:54Z,ff_hsx_symbol_daily_v1,746d3edbe9b14306a4cd7378725887e41005c800d10186a3ad6c77fc0f244b75
2024-06-17,HHV,HOSE,544561250.0,260000000.0,284561250.0,41825.0,20000.0,21825.0,0.0,0.0,0.0,0.0,13150.0,13200.0,12950.0,12950.0,13030.0,HSX_FOREIGN_API,HOSE_SYMBOL_LEVEL,VND,2026-08-25T03:10:54Z,ff_hsx_symbol_daily_v1,afd05c85b3db1c25e9cdf0a5019167edbaf3dac7a5acb35dd3e429d9b930be49
2024-06-18,HHV,HOSE,14335000.0,518020000.0,-503685000.0,1100.0,39800.0,-38700.0,0.0,0.0,0.0,0.0,13050.0,13100.0,12950.0,13000.0,13010.0,HSX_FOREIGN_API,HOSE_SYMBOL_LEVEL,VND,2026-08-25T03:10:54Z,ff_hsx_symbol_daily_v1,da0a82a7c61582f2e1bcb3839ca84cb0b66ebc570a03c63e97720d1bd35279ed
2024-06-19,HHV,HOSE,609690000.0,1017490000.0,-407800000.0,47100.0,78500.0,-31400.0,0.0,0.0,0.0,0.0,13100.0,13100.0,12850.0,12950.0,12940.0,HSX_FOREIGN_API,HOSE_SYMBOL_LEVEL,VND,2026-08-25T03:10:54Z,ff_hsx_symbol_daily_v1,6f902851b13e56b2f30b6aab764b1d03af6c2d0d4d7c46ed564b3f40727bba08
2024-06-20,HHV,HOSE,145185000.0,1159335000.0,-1014150000.0,11300.0,90500.0,-79200.0,0.0,0.0,0.0,0.0,12900.0,13000.0,12700.0,12750.0,12810.0,HSX_FOREIGN_API,HOSE_SYMBOL_LEVEL,VND,2026-08-25T03:10:54Z,ff_hsx_symbol_daily_v1,001b6b296b423c5ecfc97499344f26386978c3dd6cd8b73ddb0808b01f8fbb6d
2024-06-21,HHV,HOSE,765325000.0,3199410000.0,-2434085000.0,60500.0,251900.0,-191400.0,0.0,0.0,0.0,0.0,12750.0,12850.0,12600.0,12600.0,12670.0,HSX_FOREIGN_API,HOSE_SYMBOL_LEVEL,VND,2026-08-25T03:10:54Z,ff_hsx_symbol_daily_v1,bb893ff36286ab929af9c875f30b3884422bc8bb2ecfac2c6c1dc07f06de38a2
2024-06-24,HHV,HOSE,1377495000.0,66095000.0,1311400000.0,109500.0,5200.0,104300.0,0.0,0.0,0.0,0.0,12700.0,12900.0,12500.0,12550.0,12620.0,HSX_FOREIGN_API,HOSE_SYMBOL_LEVEL,VND,2026-08-25T03:10:54Z,ff_hsx_symbol_daily_v1,dd824a7300bf8dad513205e3f1a2e1f643ad108c6300f209ee4b14f89d304e57
2024-06-25,HHV,HOSE,1076555000.0,119650800.0,956904200.0,85300.0,9496.0,75804.0,0.0,0.0,0.0,0.0,12600.0,12700.0,12550.0,12650.0,12630.0,HSX_FOREIGN_API,HOSE_SYMBOL_LEVEL,VND,2026-08-25T03:10:54Z,ff_hsx_symbol_daily_v1,e6529c15a9ce965a8f678045443796ca1c1e1f66adf844a16ae24320dedb800b
2024-06-26,HHV,HOSE,7560000.0,0.0,7560000.0,600.0,0.0,600.0,0.0,0.0,0.0,0.0,12600.0,12750.0,12500.0,12500.0,12570.0,HSX_FOREIGN_API,HOSE_SYMBOL_LEVEL,VND,2026-08-25T03:10:54Z,ff_hsx_symbol_daily_v1,319d693a7c8111d65671643d2bb7324bbe9cc8a3c1b796a96f959b461546d6de
2024-06-27,HHV,HOSE,87500000.0,754122750.0,-666622750.0,7000.0,60105.0,-53105.0,0.0,0.0,0.0,0.0,12450.0,12600.0,12450.0,12550.0,12520.0,HSX_FOREIGN_API,HOSE_SYMBOL_LEVEL,VND,2026-08-25T03:10:54Z,ff_hsx_symbol_daily_v1,b52eb931df0368ff43fdff06ca95c318e0a0d93a2ea8aad91de1b6921e2d3978
2024-06-28,HHV,HOSE,80890000.0,1135600000.0,-1054710000.0,6500.0,92300.0,-85800.0,0.0,0.0,0.0,0.0,12600.0,12600.0,12200.0,12200.0,12360.0,HSX_FOREIGN_API,HOSE_SYMBOL_LEVEL,VND,2026-08-25T03:10:54Z,ff_hsx_symbol_daily_v1,7f51ff639642e912d7e599955dfc222f29b2b77c2c4aceebe2f1e1526b12337d
2024-07-01,HHV,HOSE,188223000.0,348930000.0,-160707000.0,15410.0,28400.0,-12990.0,0.0,0.0,0.0,0.0,12300.0,12350.0,12100.0,12300.0,12220.0,HSX_FOREIGN_API,HOSE_SYMBOL_LEVEL,VND,2026-08-25T03:10:54Z,ff_hsx_symbol_daily_v1,0b25de56d25c993ee9655606e5f6bed784d86ab8d360580b69ab8a82130b0223
2024-07-02,HHV,HOSE,55935000.0,314155000.0,-258220000.0,4500.0,25400.0,-20900.0,0.0,0.0,0.0,0.0,12300.0,12500.0,12300.0,12350.0,12400.0,HSX_FOREIGN_API,HOSE_SYMBOL_LEVEL,VND,2026-08-25T03:10:54Z,ff_hsx_symbol_daily_v1,e6226ec4cb5e726b9962396f45e85673feaf647b67792a507c4efaf82cef3d6a
2024-07-03,HHV,HOSE,1728488000.0,19815000.0,1708673000.0,138340.0,1600.0,136740.0,0.0,0.0,0.0,0.0,12450.0,12700.0,12350.0,12600.0,12490.0,HSX_FOREIGN_API,HOSE_SYMBOL_LEVEL,VND,2026-08-25T03:10:54Z,ff_hsx_symbol_daily_v1,a6450618e836fd8ebdbeb33acb983b56ebd11dc97d57fbbdf7b0a1f953cea509
2024-07-04,HHV,HOSE,118650000.0,0.0,118650000.0,9400.0,0.0,9400.0,0.0,0.0,0.0,0.0,12600.0,12700.0,12500.0,12550.0,12590.0,HSX_FOREIGN_API,HOSE_SYMBOL_LEVEL,VND,2026-08-25T03:10:54Z,ff_hsx_symbol_daily_v1,eb274042aaaa6227c52a1218a6f391d9fb203959839bd5ce5edbd7d4a7070a7c
2024-07-05,HHV,HOSE,60220700.0,17500000.0,42720700.0,4801.0,1400.0,3401.0,0.0,0.0,0.0,0.0,12550.0,12700.0,12450.0,12500.0,12530.0,HSX_FOREIGN_API,HOSE_SYMBOL_LEVEL,VND,2026-08-25T03:10:54Z,ff_hsx_symbol_daily_v1,c5477f29499de6d8f0acff159190d22457a0ab00eb60af276117c59b53fb0c36
2024-07-08,HHV,HOSE,55245000.0,682920000.0,-627675000.0,4400.0,54200.0,-49800.0,0.0,0.0,0.0,0.0,12550.0,12700.0,12500.0,12600.0,12600.0,HSX_FOREIGN_API,HOSE_SYMBOL_LEVEL,VND,2026-08-25T03:10:54Z,ff_hsx_symbol_daily_v1,5a9134f0796eb131e0a59a6cec145f760df7e86e2a56c474e0637d55cac24016
2024-07-09,HHV,HOSE,923400000.0,56221200.0,867178800.0,73000.0,4462.0,68538.0,0.0,0.0,0.0,0.0,12650.0,12700.0,12550.0,12700.0,12630.0,HSX_FOREIGN_API,HOSE_SYMBOL_LEVEL,VND,2026-08-25T03:10:54Z,ff_hsx_symbol_daily_v1,4fe2a30d7119788e49e35c93f6a65b39558684a59d517def7ade88fb1d5f9169
2024-07-10,HHV,HOSE,117585000.0,892535000.0,-774950000.0,9200.0,70000.0,-60800.0,0.0,0.0,0.0,0.0,12800.0,12850.0,12650.0,12700.0,12760.0,HSX_FOREIGN_API,HOSE_SYMBOL_LEVEL,VND,2026-08-25T03:10:54Z,ff_hsx_symbol_daily_v1,0c00d552d887a875b205556db1966c2beef0f55539e6e5c4f9445f23d382199d
2024-07-11,HHV,HOSE,217040000.0,489705000.0,-272665000.0,17020.0,38300.0,-21280.0,0.0,0.0,0.0,0.0,12800.0,12850.0,12650.0,12650.0,12720.0,HSX_FOREIGN_API,HOSE_SYMBOL_LEVEL,VND,2026-08-25T03:10:54Z,ff_hsx_symbol_daily_v1,0642af5c612e4fca660b61beb76f1014fef33d37abedc74d3b7549d872e2c8b4
2024-07-12,HHV,HOSE,108065000.0,908010000.0,-799945000.0,8600.0,72000.0,-63400.0,0.0,0.0,0.0,0.0,12700.0,12700.0,12500.0,12550.0,12570.0,HSX_FOREIGN_API,HOSE_SYMBOL_LEVEL,VND,2026-08-25T03:10:54Z,ff_hsx_symbol_daily_v1,9c776d4576f26a28f59c30377d86c13135a5ebcd5e8515813ca733c69fa48702
2024-07-15,HHV,HOSE,13825000.0,16445000.0,-2620000.0,1100.0,1300.0,-200.0,0.0,0.0,0.0,0.0,12650.0,12650.0,12450.0,12450.0,12540.0,HSX_FOREIGN_API,HOSE_SYMBOL_LEVEL,VND,2026-08-25T03:10:54Z,ff_hsx_symbol_daily_v1,7a2df9a2890a11c12253c906ca5d40a1a38062704649ac106420d173eedaafd9
2024-07-16,HHV,HOSE,2109515000.0,7126050.0,2102388950.0,168100.0,571.0,167529.0,0.0,0.0,0.0,0.0,12550.0,12600.0,12450.0,12450.0,12520.0,HSX_FOREIGN_API,HOSE_SYMBOL_LEVEL,VND,2026-08-25T03:10:54Z,ff_hsx_symbol_daily_v1,40ac7c96146a6234f3e927a1ab3daa5664b7dfea7c410791cf8cb4a2ddca76a4
2024-07-17,HHV,HOSE,1639025000.0,1683650000.0,-44625000.0,131800.0,137700.0,-5900.0,0.0,0.0,0.0,0.0,12500.0,12550.0,12000.0,12300.0,12350.0,HSX_FOREIGN_API,HOSE_SYMBOL_LEVEL,VND,2026-08-25T03:10:54Z,ff_hsx_symbol_daily_v1,d3e43e762a68f2b58ffd364aa22996387f890f5dfea49cd1a721ee1aa3d6d7c4
2024-07-18,HHV,HOSE,66310000.0,202495000.0,-136185000.0,5400.0,16600.0,-11200.0,0.0,0.0,0.0,0.0,12350.0,12350.0,12100.0,12300.0,12230.0,HSX_FOREIGN_API,HOSE_SYMBOL_LEVEL,VND,2026-08-25T03:10:54Z,ff_hsx_symbol_daily_v1,ce88e29444321582ea440e8d116520a26e20c4c3c9f0e2d9a9976c7b7bf662e0
2024-07-19,HHV,HOSE,55300000.0,1530300250.0,-1475000250.0,4700.0,129365.0,-124665.0,0.0,0.0,0.0,0.0,11900.0,11950.0,11650.0,11700.0,11790.0,HSX_FOREIGN_API,HOSE_SYMBOL_LEVEL,VND,2026-08-25T03:10:54Z,ff_hsx_symbol_daily_v1,fbf81faff5232140b28902d9de833625be5071cbe16295417a8d04ebfd31615a
2024-07-22,HHV,HOSE,237840000.0,3633020000.0,-3395180000.0,20800.0,315000.0,-294200.0,0.0,0.0,0.0,0.0,11700.0,11700.0,11300.0,11550.0,11460.0,HSX_FOREIGN_API,HOSE_SYMBOL_LEVEL,VND,2026-08-25T03:10:54Z,ff_hsx_symbol_daily_v1,96af7567776d08a971b37cadbb22c976c885ab9ef9c172ff8fc8255adf3cb711
2024-07-23,HHV,HOSE,567980000.0,206155000.0,361825000.0,50100.0,17700.0,32400.0,0.0,0.0,0.0,0.0,11600.0,11650.0,11250.0,11300.0,11390.0,HSX_FOREIGN_API,HOSE_SYMBOL_LEVEL,VND,2026-08-25T03:10:54Z,ff_hsx_symbol_daily_v1,e2f541b96ab2bf3927b2b29c77de1d1251db9947e133d80b12603f480f7135a4
2024-07-24,HHV,HOSE,41722800.0,0.0,41722800.0,3725.0,0.0,3725.0,0.0,0.0,0.0,0.0,11200.0,11400.0,11000.0,11350.0,11200.0,HSX_FOREIGN_API,HOSE_SYMBOL_LEVEL,VND,2026-08-25T03:10:54Z,ff_hsx_symbol_daily_v1,9652090f826eb99430c41973b3eea9f557eff8c54b53f7db1386d0b7d1bd4e7f
2024-07-25,HHV,HOSE,11210000.0,45000000.0,-33790000.0,1000.0,4000.0,-3000.0,0.0,0.0,0.0,0.0,11250.0,11300.0,11150.0,11200.0,11220.0,HSX_FOREIGN_API,HOSE_SYMBOL_LEVEL,VND,2026-08-25T03:10:54Z,ff_hsx_symbol_daily_v1,77e62b38dea298d62fe59f2f5f6f279dba55f798a3dcc27d4c10ac12e0c8a2ee
2024-07-26,HHV,HOSE,110845000.0,0.0,110845000.0,9800.0,0.0,9800.0,0.0,0.0,0.0,0.0,11300.0,11400.0,11250.0,11350.0,11310.0,HSX_FOREIGN_API,HOSE_SYMBOL_LEVEL,VND,2026-08-25T03:10:54Z,ff_hsx_symbol_daily_v1,c9d5c35d32a0be9e00560955223e1e0da6e4bba7c62c2b3b544e8486feac2854
2024-07-29,HHV,HOSE,191415000.0,114540000.0,76875000.0,16900.0,10000.0,6900.0,0.0,0.0,0.0,0.0,11400.0,11500.0,11300.0,11300.0,11370.0,HSX_FOREIGN_API,HOSE_SYMBOL_LEVEL,VND,2026-08-25T03:10:54Z,ff_hsx_symbol_daily_v1,a70766e4085eb801a1f786fe8440353124a5e0c86dcabb0f60ac07add85c0d77
2024-07-30,HHV,HOSE,946090000.0,127750000.0,818340000.0,84100.0,11400.0,72700.0,0.0,0.0,0.0,0.0,11300.0,11350.0,11150.0,11150.0,11220.0,HSX_FOREIGN_API,HOSE_SYMBOL_LEVEL,VND,2026-08-25T03:10:54Z,ff_hsx_symbol_daily_v1,1fd827e9a60d5215a82f7156694c641fa01ef47a7ce0fa0068bbd673f706d898
2024-07-31,HHV,HOSE,83430000.0,52855000.0,30575000.0,7400.0,4700.0,2700.0,0.0,0.0,0.0,0.0,11250.0,11350.0,11200.0,11250.0,11270.0,HSX_FOREIGN_API,HOSE_SYMBOL_LEVEL,VND,2026-08-25T03:10:54Z,ff_hsx_symbol_daily_v1,887c7987625c156e29b04ee3504da3fdd80bc9fd12b84bb83cb8e95ca5b82a92
2024-08-01,HHV,HOSE,48840000.0,4062385000.0,-4013545000.0,4400.0,370400.0,-366000.0,0.0,0.0,0.0,0.0,11300.0,11350.0,10700.0,10850.0,11010.0,HSX_FOREIGN_API,HOSE_SYMBOL_LEVEL,VND,2026-08-25T03:10:54Z,ff_hsx_symbol_daily_v1,a16cb97d17f7d90d73b53f7366b8dd667b8fc8ac6d002d1855459c9eafd073b7
2024-08-02,HHV,HOSE,1820430000.0,6322105000.0,-4501675000.0,173200.0,595900.0,-422700.0,0.0,0.0,0.0,0.0,10750.0,10800.0,10400.0,10750.0,10620.0,HSX_FOREIGN_API,HOSE_SYMBOL_LEVEL,VND,2026-08-25T03:10:54Z,ff_hsx_symbol_daily_v1,be7c95f3eaf4d5613f3b8d523dd9a7306c828f21b5fa1ecff2777c4ff380552b
2024-08-05,HHV,HOSE,220265000.0,5228415000.0,-5008150000.0,21200.0,509800.0,-488600.0,0.0,0.0,0.0,0.0,10500.0,10650.0,10000.0,10000.0,10190.0,HSX_FOREIGN_API,HOSE_SYMBOL_LEVEL,VND,2026-08-25T03:10:54Z,ff_hsx_symbol_daily_v1,15116038c6aaec860496ec58d13f58e941688d40f1b9f300c7a4e4d8b7c109ef
2024-08-06,HHV,HOSE,1923599000.0,5120450000.0,-3196851000.0,191400.0,509800.0,-318400.0,0.0,0.0,0.0,0.0,10050.0,10250.0,9810.0,10100.0,10050.0,HSX_FOREIGN_API,HOSE_SYMBOL_LEVEL,VND,2026-08-25T03:10:54Z,ff_hsx_symbol_daily_v1,062f21f24ff4f096e0ceb52d9023af9992be1ca901cfda4d9e29d3b398bd1741
2024-08-07,HHV,HOSE,723020000.0,6776695000.0,-6053675000.0,71800.0,671700.0,-599900.0,0.0,0.0,0.0,0.0,10350.0,10350.0,10000.0,10050.0,10090.0,HSX_FOREIGN_API,HOSE_SYMBOL_LEVEL,VND,2026-08-25T03:10:54Z,ff_hsx_symbol_daily_v1,cf9b349b9fdfe1de15a67c5a829fde6c64e25e8da2d3b2b2ee52e1e4b4b15610
2024-08-08,HHV,HOSE,4080136250.0,5319705000.0,-1239568750.0,391815.0,504300.0,-112485.0,0.0,0.0,0.0,0.0,10100.0,10750.0,10050.0,10750.0,10610.0,HSX_FOREIGN_API,HOSE_SYMBOL_LEVEL,VND,2026-08-25T03:10:54Z,ff_hsx_symbol_daily_v1,e6363f87f07cea070d1c207e6719598139ae658bdf251e689f28fbec464a7cc6
2024-08-09,HHV,HOSE,258670000.0,6179815000.0,-5921145000.0,23950.0,572900.0,-548950.0,0.0,0.0,0.0,0.0,11050.0,11050.0,10700.0,10900.0,10820.0,HSX_FOREIGN_API,HOSE_SYMBOL_LEVEL,VND,2026-08-25T03:10:54Z,ff_hsx_symbol_daily_v1,3e61d24c0762ab049f8db6c73820ea85de825552ef031ffb356d1dbdd110b546
2024-08-12,HHV,HOSE,7229630000.0,583240000.0,6646390000.0,640300.0,52000.0,588300.0,0.0,0.0,0.0,0.0,10900.0,11500.0,10850.0,11350.0,11290.0,HSX_FOREIGN_API,HOSE_SYMBOL_LEVEL,VND,2026-08-25T03:10:54Z,ff_hsx_symbol_daily_v1,83cd22d698710a75998dc1d916766c6c85a6ed4c117a36db8c193f8afdbb5950
2024-08-13,HHV,HOSE,596100000.0,3321635000.0,-2725535000.0,53100.0,296200.0,-243100.0,0.0,0.0,0.0,0.0,11400.0,11400.0,11100.0,11300.0,11210.0,HSX_FOREIGN_API,HOSE_SYMBOL_LEVEL,VND,2026-08-25T03:10:54Z,ff_hsx_symbol_daily_v1,163bd0813eacc9a42b377e5cc270d3a31a5746bc26133a1eed8d1ec3760d6912
2024-08-14,HHV,HOSE,24660000.0,977600000.0,-952940000.0,2200.0,87200.0,-85000.0,0.0,0.0,0.0,0.0,11400.0,11400.0,11100.0,11150.0,11190.0,HSX_FOREIGN_API,HOSE_SYMBOL_LEVEL,VND,2026-08-25T03:10:54Z,ff_hsx_symbol_daily_v1,b88bfe1446e542696710fcf2a4f9ebe6fe8e6e959d1a4013415795c705f2e349
2024-08-15,HHV,HOSE,10247620000.0,2458715000.0,7788905000.0,890900.0,211400.0,679500.0,0.0,0.0,0.0,0.0,11150.0,11750.0,11150.0,11550.0,11540.0,HSX_FOREIGN_API,HOSE_SYMBOL_LEVEL,VND,2026-08-25T03:10:54Z,ff_hsx_symbol_daily_v1,b6e1d806c12e7fad90e9ecda504b5cfd4ca82a29e326857e5755d6cd272b5975
2024-08-16,HHV,HOSE,72280000.0,1015875700.0,-943595700.0,6100.0,86522.0,-80422.0,0.0,0.0,0.0,0.0,11650.0,11900.0,11600.0,11850.0,11800.0,HSX_FOREIGN_API,HOSE_SYMBOL_LEVEL,VND,2026-08-25T03:10:54Z,ff_hsx_symbol_daily_v1,9c88346c42bb500b875235053aa21b913f20310ce3263112ec207f91e9ce4613
2024-08-19,HHV,HOSE,111146950.0,696545000.0,-585398050.0,9301.0,57800.0,-48499.0,0.0,0.0,0.0,0.0,11950.0,12100.0,11700.0,11700.0,11890.0,HSX_FOREIGN_API,HOSE_SYMBOL_LEVEL,VND,2026-08-25T03:10:54Z,ff_hsx_symbol_daily_v1,d4d5e950ae11237eac42323ef7cda49ad9cb6d8249c2163324b2a859a55b5f22
2024-08-20,HHV,HOSE,1180230000.0,2593260000.0,-1413030000.0,98800.0,217000.0,-118200.0,0.0,0.0,0.0,0.0,11750.0,12200.0,11650.0,12050.0,11970.0,HSX_FOREIGN_API,HOSE_SYMBOL_LEVEL,VND,2026-08-25T03:10:54Z,ff_hsx_symbol_daily_v1,613097097543d221184b4a10e4b8f2de258b5314622566ae69b5d8d9c32dd239
2024-08-21,HHV,HOSE,5123875000.0,1752105000.0,3371770000.0,421520.0,142300.0,279220.0,0.0,0.0,0.0,0.0,12000.0,12400.0,12000.0,12150.0,12180.0,HSX_FOREIGN_API,HOSE_SYMBOL_LEVEL,VND,2026-08-25T03:10:54Z,ff_hsx_symbol_daily_v1,bf141d8fff0798513e256b748903741b54df7e0f4f53c4dc70e931031f6fb868
2024-08-22,HHV,HOSE,280825000.0,251409700.0,29415300.0,23400.0,20825.0,2575.0,0.0,0.0,0.0,0.0,12200.0,12200.0,11900.0,11950.0,11980.0,HSX_FOREIGN_API,HOSE_SYMBOL_LEVEL,VND,2026-08-25T03:10:54Z,ff_hsx_symbol_daily_v1,51e0082fd466b9ebda3c29b6016cd8c781135dbf89d27579e912e8c5b3bf01b6
2024-08-23,HHV,HOSE,3157200000.0,731775000.0,2425425000.0,265400.0,61800.0,203600.0,0.0,0.0,0.0,0.0,11850.0,12050.0,11750.0,12000.0,11900.0,HSX_FOREIGN_API,HOSE_SYMBOL_LEVEL,VND,2026-08-25T03:10:54Z,ff_hsx_symbol_daily_v1,6276f385f4ecf6da686a257be0d9f57a017c11852691436ef868a231332fe8ee
2024-08-26,HHV,HOSE,1150195000.0,1220000.0,1148975000.0,94400.0,100.0,94300.0,0.0,0.0,0.0,0.0,12200.0,12250.0,11950.0,11950.0,12090.0,HSX_FOREIGN_API,HOSE_SYMBOL_LEVEL,VND,2026-08-25T03:10:54Z,ff_hsx_symbol_daily_v1,4487d5f7360542ec415562eec4b9db23fc5a26cc498f3dfeef89eda7e0297568
2024-08-27,HHV,HOSE,1600980000.0,246480000.0,1354500000.0,135600.0,20800.0,114800.0,0.0,0.0,0.0,0.0,11900.0,11950.0,11750.0,11850.0,11820.0,HSX_FOREIGN_API,HOSE_SYMBOL_LEVEL,VND,2026-08-25T03:10:54Z,ff_hsx_symbol_daily_v1,46f634bf44f5360f1d2bc8c56e643aba97f1575f5e2d5157a09fc0faf74e6261
2024-08-28,HHV,HOSE,1185630000.0,286870000.0,898760000.0,101600.0,24400.0,77200.0,0.0,0.0,0.0,0.0,11900.0,11900.0,11600.0,11750.0,11710.0,HSX_FOREIGN_API,HOSE_SYMBOL_LEVEL,VND,2026-08-25T03:10:54Z,ff_hsx_symbol_daily_v1,4330c1ceceb82b9d20568551611b9f64d30af1ae16dab52cf010c6913b376602
2024-08-29,HHV,HOSE,6195880000.0,1828171900.0,4367708100.0,524500.0,155101.0,369399.0,0.0,0.0,0.0,0.0,11750.0,11900.0,11700.0,11700.0,11780.0,HSX_FOREIGN_API,HOSE_SYMBOL_LEVEL,VND,2026-08-25T03:10:54Z,ff_hsx_symbol_daily_v1,b466029e732b97984e8f7375e0c1910e5dc0360e6ddb8d0921ceb75d7fcac590
2024-08-30,HHV,HOSE,1024095000.0,173445000.0,850650000.0,87300.0,14700.0,72600.0,0.0,0.0,0.0,0.0,11700.0,11900.0,11700.0,11750.0,11800.0,HSX_FOREIGN_API,HOSE_SYMBOL_LEVEL,VND,2026-08-25T03:10:54Z,ff_hsx_symbol_daily_v1,a69850cb85d0f4d26c69a02fb6ae89b4aed1a696d34ce2668090bf373bb66108
2024-09-04,HHV,HOSE,9105380000.0,3400770000.0,5704610000.0,753800.0,278200.0,475600.0,0.0,0.0,0.0,0.0,11650.0,12500.0,11600.0,12450.0,12200.0,HSX_FOREIGN_API,HOSE_SYMBOL_LEVEL,VND,2026-08-25T03:10:54Z,ff_hsx_symbol_daily_v1,8b7c2b5ec848b8c0ae0d19788199a6dfe0726da4beb07cdede5b2117ca2a95e3
2024-09-05,HHV,HOSE,1234430000.0,1540990000.0,-306560000.0,101200.0,124300.0,-23100.0,0.0,0.0,0.0,0.0,12500.0,12500.0,12100.0,12150.0,12280.0,HSX_FOREIGN_API,HOSE_SYMBOL_LEVEL,VND,2026-08-25T03:10:54Z,ff_hsx_symbol_daily_v1,fd68f070b7bbe9c04d12d1e7f95f02036b894c2ea9e7e5da48073834a809daca
2024-09-06,HHV,HOSE,2330305000.0,582420000.0,1747885000.0,190300.0,47300.0,143000.0,0.0,0.0,0.0,0.0,12050.0,12500.0,12050.0,12300.0,12290.0,HSX_FOREIGN_API,HOSE_SYMBOL_LEVEL,VND,2026-08-25T03:10:54Z,ff_hsx_symbol_daily_v1,7002fbd40c890dc7f9590433ec80e4e228a251875331fa7ce9800bbd7410fff3
2024-09-09,HHV,HOSE,444180000.0,5734100300.0,-5289920300.0,36600.0,468443.0,-431843.0,0.0,0.0,0.0,0.0,12200.0,12400.0,12050.0,12100.0,12190.0,HSX_FOREIGN_API,HOSE_SYMBOL_LEVEL,VND,2026-08-25T03:10:54Z,ff_hsx_symbol_daily_v1,6f68b7756b43e63b68250b46f49d81f3c16f769fa01b8a6c99b53d1828f6d560
2024-09-10,HHV,HOSE,74700000.0,2051948000.0,-1977248000.0,6200.0,170420.0,-164220.0,0.0,0.0,0.0,0.0,12200.0,12200.0,11800.0,11800.0,11930.0,HSX_FOREIGN_API,HOSE_SYMBOL_LEVEL,VND,2026-08-25T03:10:54Z,ff_hsx_symbol_daily_v1,e437da70c9f46ba952d2cda8ad7c1f7f7f3e5e30310b10d9bb414cbf59d5c0e4
2024-09-11,HHV,HOSE,3900145000.0,2341640000.0,1558505000.0,330400.0,199100.0,131300.0,0.0,0.0,0.0,0.0,11650.0,11900.0,11600.0,11750.0,11750.0,HSX_FOREIGN_API,HOSE_SYMBOL_LEVEL,VND,2026-08-25T03:10:54Z,ff_hsx_symbol_daily_v1,4e8d93e5c08c52a480ba5c81bcd17b7587d748250895332abaee075519d845b9
2024-09-12,HHV,HOSE,258770000.0,394368000.0,-135598000.0,22000.0,33280.0,-11280.0,0.0,0.0,0.0,0.0,11900.0,11900.0,11750.0,11750.0,11810.0,HSX_FOREIGN_API,HOSE_SYMBOL_LEVEL,VND,2026-08-25T03:10:54Z,ff_hsx_symbol_daily_v1,e742c1ae7cf53a9ba7597ae4ebc4d9cc68555a797f3931c9df164b41fd170ef3
2024-09-13,HHV,HOSE,1591905000.0,4210570000.0,-2618665000.0,134400.0,364300.0,-229900.0,0.0,2278000000.0,0.0,200000.0,11750.0,11900.0,11700.0,11850.0,11790.0,HSX_FOREIGN_API,HOSE_SYMBOL_LEVEL,VND,2026-08-25T03:10:54Z,ff_hsx_symbol_daily_v1,ffdcf32485f0e96261311feb4c63d3fda5aa46585332df529b4fb1e84d34d198
2024-09-16,HHV,HOSE,757860000.0,110920000.0,646940000.0,64600.0,9400.0,55200.0,0.0,0.0,0.0,0.0,11800.0,11950.0,11600.0,11600.0,11710.0,HSX_FOREIGN_API,HOSE_SYMBOL_LEVEL,VND,2026-08-25T03:10:54Z,ff_hsx_symbol_daily_v1,b047dfa82ed511c56ccb76e24282163a924184a94aa12a174204b145da875568
2024-09-17,HHV,HOSE,1922395000.0,1350237400.0,572157600.0,164800.0,114260.0,50540.0,0.0,0.0,0.0,0.0,11600.0,12000.0,11550.0,12000.0,11800.0,HSX_FOREIGN_API,HOSE_SYMBOL_LEVEL,VND,2026-08-25T03:10:54Z,ff_hsx_symbol_daily_v1,1fce6bcdfc909844e61d89514d1b9869205cbfe99bfc0e7277679ef0fba37a53
2024-09-18,HHV,HOSE,284445000.0,612355000.0,-327910000.0,23800.0,51400.0,-27600.0,0.0,0.0,0.0,0.0,12000.0,12050.0,11850.0,11900.0,11940.0,HSX_FOREIGN_API,HOSE_SYMBOL_LEVEL,VND,2026-08-25T03:10:54Z,ff_hsx_symbol_daily_v1,71c71d3efb3c1db3cd0e55a7e3aea3559f7c511cc775386aafbdabbe9f0e9e62
2024-09-19,HHV,HOSE,5205560000.0,677165000.0,4528395000.0,434400.0,55400.0,379000.0,0.0,0.0,0.0,0.0,11900.0,12300.0,11850.0,12150.0,12060.0,HSX_FOREIGN_API,HOSE_SYMBOL_LEVEL,VND,2026-08-25T03:10:54Z,ff_hsx_symbol_daily_v1,b938f17b1277bc0e5b6a8561a413bc8eb7bc548bb19f283c8ca5e52c7990a246
2024-09-20,HHV,HOSE,50810000.0,552065000.0,-501255000.0,4200.0,45600.0,-41400.0,0.0,0.0,0.0,0.0,12250.0,12250.0,12050.0,12050.0,12110.0,HSX_FOREIGN_API,HOSE_SYMBOL_LEVEL,VND,2026-08-25T03:10:54Z,ff_hsx_symbol_daily_v1,dc51accb969cf2a3a4b1afb5f73ba73d817dee3c746620cbbc5880b1b0940301
2024-09-23,HHV,HOSE,6672490000.0,2113825000.0,4558665000.0,545600.0,172800.0,372800.0,0.0,0.0,0.0,0.0,12000.0,12400.0,12000.0,12100.0,12230.0,HSX_FOREIGN_API,HOSE_SYMBOL_LEVEL,VND,2026-08-25T03:10:54Z,ff_hsx_symbol_daily_v1,53017c1329cab327fd66105dc8e62ab36ad09de47c8b3829b1bf51769935dbdd
2024-09-24,HHV,HOSE,0.0,1516410000.0,-1516410000.0,0.0,124700.0,-124700.0,0.0,0.0,0.0,0.0,12150.0,12250.0,12050.0,12150.0,12140.0,HSX_FOREIGN_API,HOSE_SYMBOL_LEVEL,VND,2026-08-25T03:10:54Z,ff_hsx_symbol_daily_v1,3500601bbc070ba41d629313c0e5a83dafb9b6380ff18893e56064e94bc90823
2024-09-25,HHV,HOSE,7745802500.0,3996513000.0,3749289500.0,628910.0,334325.0,294585.0,0.0,3187968000.0,0.0,268800.0,12150.0,12400.0,12150.0,12250.0,12300.0,HSX_FOREIGN_API,HOSE_SYMBOL_LEVEL,VND,2026-08-25T03:10:54Z,ff_hsx_symbol_daily_v1,b0947d390d5be55540bad3776be1a18f916b6d7b96c8927ba7a6862d6a99cef4
2024-09-26,HHV,HOSE,620000000.0,4442042600.0,-3822042600.0,50000.0,362012.0,-312012.0,0.0,0.0,0.0,0.0,12300.0,12500.0,12100.0,12100.0,12290.0,HSX_FOREIGN_API,HOSE_SYMBOL_LEVEL,VND,2026-08-25T03:10:54Z,ff_hsx_symbol_daily_v1,3105a259d3b69f9b46b48abe67d8e2c63bc3de017b47fa721eafe00f38dbd3af
2024-09-27,HHV,HOSE,1458935000.0,324200000.0,1134735000.0,120500.0,26500.0,94000.0,0.0,0.0,0.0,0.0,12150.0,12300.0,12050.0,12100.0,12160.0,HSX_FOREIGN_API,HOSE_SYMBOL_LEVEL,VND,2026-08-25T03:10:54Z,ff_hsx_symbol_daily_v1,2f76a5f498e85fae5bfcbae4133e99a8078d79789eba513e78a613914ff186c4
2024-09-30,HHV,HOSE,9033190000.0,526585000.0,8506605000.0,743100.0,43100.0,700000.0,0.0,0.0,0.0,0.0,12100.0,12300.0,12050.0,12150.0,12160.0,HSX_FOREIGN_API,HOSE_SYMBOL_LEVEL,VND,2026-08-25T03:10:54Z,ff_hsx_symbol_daily_v1,3139b82d793846d3bec1f259846060e3bcef436c38cc3290c5cb7a8e8d133d1d
2024-10-01,HHV,HOSE,7616950000.0,1777615000.0,5839335000.0,616800.0,140000.0,476800.0,0.0,0.0,0.0,0.0,12200.0,12750.0,12200.0,12500.0,12460.0,HSX_FOREIGN_API,HOSE_SYMBOL_LEVEL,VND,2026-08-25T03:10:54Z,ff_hsx_symbol_daily_v1,0f70ca078563fbc18aaff18fb91c791a0ae7450de8dd22c301c15da94ca90fb1
2024-10-02,HHV,HOSE,172200000.0,9166503000.0,-8994303000.0,14000.0,744600.0,-730600.0,0.0,4388793000.0,0.0,355800.0,12450.0,12450.0,12200.0,12200.0,12290.0,HSX_FOREIGN_API,HOSE_SYMBOL_LEVEL,VND,2026-08-25T03:10:54Z,ff_hsx_symbol_daily_v1,e68a17607b1a8ace7cc0d8fc87faf1606f923fa4a0f1cb353f93e5e789c5036a
2024-10-03,HHV,HOSE,9630000.0,8915580000.0,-8905950000.0,800.0,734200.0,-733400.0,0.0,0.0,0.0,0.0,12300.0,12400.0,11900.0,11950.0,12090.0,HSX_FOREIGN_API,HOSE_SYMBOL_LEVEL,VND,2026-08-25T03:10:54Z,ff_hsx_symbol_daily_v1,da5646f48e4dd23ac2d48993022ac90f2d0e6b345609ddfb1f1b218dc82ce12a
2024-10-04,HHV,HOSE,337400.0,3947230000.0,-3946892600.0,28.0,329900.0,-329872.0,0.0,0.0,0.0,0.0,11950.0,12050.0,11900.0,11900.0,11950.0,HSX_FOREIGN_API,HOSE_SYMBOL_LEVEL,VND,2026-08-25T03:10:54Z,ff_hsx_symbol_daily_v1,2c0cd9dfb9e1ecb8e416d66e0226e2ebd2dc427a57446006c62b124db1fbdada
2024-10-07,HHV,HOSE,3600000.0,4028315000.0,-4024715000.0,300.0,338900.0,-338600.0,0.0,0.0,0.0,0.0,11950.0,12000.0,11800.0,11800.0,11880.0,HSX_FOREIGN_API,HOSE_SYMBOL_LEVEL,VND,2026-08-25T03:10:54Z,ff_hsx_symbol_daily_v1,ab096830d5f4e77a66cf61d5642168fe44f741f7511509e0177adad3749104ee
2024-10-08,HHV,HOSE,728968150.0,8295000.0,720673150.0,61394.0,700.0,60694.0,0.0,0.0,0.0,0.0,11850.0,12000.0,11800.0,11900.0,11900.0,HSX_FOREIGN_API,HOSE_SYMBOL_LEVEL,VND,2026-08-25T03:10:54Z,ff_hsx_symbol_daily_v1,b55984440292911ab72933699d69edf78e6248127ce96dc456aed3de50465cbb
2024-10-09,HHV,HOSE,162175000.0,8470000.0,153705000.0,13400.0,700.0,12700.0,0.0,0.0,0.0,0.0,12000.0,12200.0,11950.0,12050.0,12090.0,HSX_FOREIGN_API,HOSE_SYMBOL_LEVEL,VND,2026-08-25T03:10:54Z,ff_hsx_symbol_daily_v1,4a6a18288aa8357addf08b9d04dd83317b2f0d2aaf293ee37a4e317b8a27dbf0
2024-10-10,HHV,HOSE,338475000.0,0.0,338475000.0,28000.0,0.0,28000.0,0.0,0.0,0.0,0.0,12100.0,12200.0,11950.0,11950.0,12060.0,HSX_FOREIGN_API,HOSE_SYMBOL_LEVEL,VND,2026-08-25T03:10:54Z,ff_hsx_symbol_daily_v1,4cebea23eaba33bf5bdf9183276c3d8345ee0432253a748d7f5848dc38eea738
2024-10-11,HHV,HOSE,646167600.0,174930000.0,471237600.0,53806.0,14500.0,39306.0,0.0,0.0,0.0,0.0,11950.0,12150.0,11900.0,12000.0,12040.0,HSX_FOREIGN_API,HOSE_SYMBOL_LEVEL,VND,2026-08-25T03:10:54Z,ff_hsx_symbol_daily_v1,0797b05479f95f012fb05a073ff7f4d5189a91fac4cabf0166ca29c7ba7c1e8b
2024-10-14,HHV,HOSE,6339000000.0,14820500.0,6324179500.0,519900.0,1205.0,518695.0,0.0,0.0,0.0,0.0,12150.0,12400.0,12050.0,12250.0,12230.0,HSX_FOREIGN_API,HOSE_SYMBOL_LEVEL,VND,2026-08-25T03:10:54Z,ff_hsx_symbol_daily_v1,fa4494177971db6639e378886b2ce7a369d499e51793871e498839818c0d831d
2024-10-15,HHV,HOSE,236320000.0,1999470000.0,-1763150000.0,19600.0,163800.0,-144200.0,0.0,0.0,0.0,0.0,12200.0,12350.0,12000.0,12050.0,12140.0,HSX_FOREIGN_API,HOSE_SYMBOL_LEVEL,VND,2026-08-25T03:10:54Z,ff_hsx_symbol_daily_v1,fe30e8df853aaab42195e40a90d2aec0884a28298953b46f12f29e803ec29904
2024-10-16,HHV,HOSE,8365000.0,152390000.0,-144025000.0,700.0,12600.0,-11900.0,0.0,0.0,0.0,0.0,12150.0,12150.0,11900.0,11950.0,11990.0,HSX_FOREIGN_API,HOSE_SYMBOL_LEVEL,VND,2026-08-25T03:10:54Z,ff_hsx_symbol_daily_v1,bc18e91e57c7e7169e2659ce51aae9fb4fddae1bdd17666aac89e870c294dfca
2024-10-17,HHV,HOSE,11080100.0,4913425000.0,-4902344900.0,929.0,412300.0,-411371.0,0.0,0.0,0.0,0.0,11950.0,12000.0,11750.0,12000.0,11880.0,HSX_FOREIGN_API,HOSE_SYMBOL_LEVEL,VND,2026-08-25T03:10:54Z,ff_hsx_symbol_daily_v1,392376ba1f36d4f236c5b111cca3cfc27759a9ed4ae4afbbf890f3f4a9073b1b
2024-10-18,HHV,HOSE,41513000.0,482825000.0,-441312000.0,3474.0,40300.0,-36826.0,0.0,0.0,0.0,0.0,12000.0,12100.0,11900.0,11900.0,11960.0,HSX_FOREIGN_API,HOSE_SYMBOL_LEVEL,VND,2026-08-25T03:10:54Z,ff_hsx_symbol_daily_v1,21488fc6bb20d876585a099351e07fe44e27fd4c3ef70a727a47812bd1e17019
2024-10-21,HHV,HOSE,0.0,743220000.0,-743220000.0,0.0,62500.0,-62500.0,0.0,0.0,0.0,0.0,11900.0,12050.0,11800.0,11800.0,11900.0,HSX_FOREIGN_API,HOSE_SYMBOL_LEVEL,VND,2026-08-25T03:10:54Z,ff_hsx_symbol_daily_v1,e8679bfd3b57df2595637c30def7a6b1491d75915aee290a6ad5464252226599
2024-10-22,HHV,HOSE,106325000.0,1654290000.0,-1547965000.0,9000.0,140900.0,-131900.0,0.0,0.0,0.0,0.0,11800.0,11900.0,11650.0,11700.0,11780.0,HSX_FOREIGN_API,HOSE_SYMBOL_LEVEL,VND,2026-08-25T03:10:54Z,ff_hsx_symbol_daily_v1,2d202662dc525258771780709154bb3ad918ad8554b2e5399eee8a6af285b4ba
2024-10-23,HHV,HOSE,480590000.0,10585000.0,470005000.0,41000.0,900.0,40100.0,0.0,0.0,0.0,0.0,11600.0,11950.0,11600.0,11800.0,11740.0,HSX_FOREIGN_API,HOSE_SYMBOL_LEVEL,VND,2026-08-25T03:10:54Z,ff_hsx_symbol_daily_v1,b32542e8648b3e1117c278d190bc3b403b7d052c26614445b36af356c22e3014
2024-10-24,HHV,HOSE,235920000.0,146930000.0,88990000.0,20100.0,12400.0,7700.0,0.0,0.0,0.0,0.0,11850.0,11900.0,11650.0,11650.0,11740.0,HSX_FOREIGN_API,HOSE_SYMBOL_LEVEL,VND,2026-08-25T03:10:54Z,ff_hsx_symbol_daily_v1,43a357502412bbad1e0625da00bbda8194aeafadcf150bcde63303fbcaa34fc4
2024-10-25,HHV,HOSE,836070000.0,1165000.0,834905000.0,72000.0,100.0,71900.0,0.0,0.0,0.0,0.0,11700.0,11700.0,11600.0,11600.0,11620.0,HSX_FOREIGN_API,HOSE_SYMBOL_LEVEL,VND,2026-08-25T03:10:54Z,ff_hsx_symbol_daily_v1,fa635488d284422f10a243a03260e2698bdad19656b87ab3f7f147a0be290c23
2024-10-28,HHV,HOSE,0.0,8120000.0,-8120000.0,0.0,700.0,-700.0,0.0,0.0,0.0,0.0,11650.0,11700.0,11600.0,11650.0,11650.0,HSX_FOREIGN_API,HOSE_SYMBOL_LEVEL,VND,2026-08-25T03:10:54Z,ff_hsx_symbol_daily_v1,35a187633d3f828f8fa0c9185f9c97f974b3a12d46a19103f3f8d6cafab54be6
2024-10-29,HHV,HOSE,263250000.0,0.0,263250000.0,22500.0,0.0,22500.0,0.0,0.0,0.0,0.0,11700.0,11800.0,11650.0,11650.0,11700.0,HSX_FOREIGN_API,HOSE_SYMBOL_LEVEL,VND,2026-08-25T03:10:54Z,ff_hsx_symbol_daily_v1,2558626e4edb4ce53250fae66ea6e5ce6dd77965361eaf41558a1e79539a93a4
2024-10-30,HHV,HOSE,1443330000.0,0.0,1443330000.0,122400.0,0.0,122400.0,0.0,0.0,0.0,0.0,11650.0,11950.0,11650.0,11800.0,11800.0,HSX_FOREIGN_API,HOSE_SYMBOL_LEVEL,VND,2026-08-25T03:10:54Z,ff_hsx_symbol_daily_v1,d32400e8647b8bc88f746a2882b4bfce5e123e10dc15a9ea273cae2f2ae26abb
2024-10-31,HHV,HOSE,3525000.0,4700000.0,-1175000.0,300.0,400.0,-100.0,0.0,0.0,0.0,0.0,11850.0,11850.0,11700.0,11700.0,11770.0,HSX_FOREIGN_API,HOSE_SYMBOL_LEVEL,VND,2026-08-25T03:10:54Z,ff_hsx_symbol_daily_v1,a27199a3fa36851479a7910af36bf24e8781a980209a65f59ef7c483637dd4f6
2024-11-01,HHV,HOSE,83655000.0,590975000.0,-507320000.0,7200.0,50400.0,-43200.0,0.0,0.0,0.0,0.0,11700.0,11750.0,11600.0,11650.0,11650.0,HSX_FOREIGN_API,HOSE_SYMBOL_LEVEL,VND,2026-08-25T03:10:54Z,ff_hsx_symbol_daily_v1,ff0fa6412acdf6279ee193ef91be96983aab3a935223ad68276a84f333acf06c
2024-11-04,HHV,HOSE,223095000.0,6039045000.0,-5815950000.0,19900.0,536900.0,-517000.0,0.0,0.0,0.0,0.0,11650.0,11650.0,11100.0,11150.0,11240.0,HSX_FOREIGN_API,HOSE_SYMBOL_LEVEL,VND,2026-08-25T03:10:54Z,ff_hsx_symbol_daily_v1,934e9af1d86f8f2f6f561e6b415328e3d2b1cd028a45e00457a86abed2df019f
2024-11-05,HHV,HOSE,1120000.0,103005000.0,-101885000.0,100.0,9200.0,-9100.0,0.0,0.0,0.0,0.0,11200.0,11300.0,11150.0,11200.0,11200.0,HSX_FOREIGN_API,HOSE_SYMBOL_LEVEL,VND,2026-08-25T03:10:54Z,ff_hsx_symbol_daily_v1,ce1db3531dcddc2716e51fe1f656e29f715adaef345df4948304596ba61efe0d
2024-11-06,HHV,HOSE,2096325000.0,0.0,2096325000.0,185200.0,0.0,185200.0,0.0,0.0,0.0,0.0,11250.0,11450.0,11200.0,11450.0,11310.0,HSX_FOREIGN_API,HOSE_SYMBOL_LEVEL,VND,2026-08-25T03:10:54Z,ff_hsx_symbol_daily_v1,71d486ff14cebe0a6c503acf0866349709a7a1f5b4d5f718066032c8e90a8e49
2024-11-07,HHV,HOSE,3810750.0,589235000.0,-585424250.0,335.0,51800.0,-51465.0,0.0,0.0,0.0,0.0,11500.0,11550.0,11350.0,11400.0,11400.0,HSX_FOREIGN_API,HOSE_SYMBOL_LEVEL,VND,2026-08-25T03:10:54Z,ff_hsx_symbol_daily_v1,e45d6b47717754f0446c08e4a8274e60a8b02b71458e34c72537a2a6d21ed9fb
2024-11-08,HHV,HOSE,3413610000.0,1064675000.0,2348935000.0,301200.0,93600.0,207600.0,0.0,0.0,0.0,0.0,11400.0,11450.0,11300.0,11300.0,11340.0,HSX_FOREIGN_API,HOSE_SYMBOL_LEVEL,VND,2026-08-25T03:10:54Z,ff_hsx_symbol_daily_v1,952866d9a974ae56abcfc17452b0e1ea24a340df15ad2a927da88fd3d1c77c07
2024-11-11,HHV,HOSE,3588040000.0,241755000.0,3346285000.0,319200.0,21400.0,297800.0,0.0,0.0,0.0,0.0,11250.0,11400.0,11150.0,11350.0,11270.0,HSX_FOREIGN_API,HOSE_SYMBOL_LEVEL,VND,2026-08-25T03:10:54Z,ff_hsx_symbol_daily_v1,4396cdfb991450f02bf25cb87a4f68e263a75fb8b0eb61c2c1c4ff058ce599fe
2024-11-12,HHV,HOSE,2843150000.0,1223842000.0,1619308000.0,248100.0,106605.0,141495.0,0.0,0.0,0.0,0.0,11400.0,11550.0,11350.0,11400.0,11450.0,HSX_FOREIGN_API,HOSE_SYMBOL_LEVEL,VND,2026-08-25T03:10:54Z,ff_hsx_symbol_daily_v1,845529f6bd63efd1a4556cb579ac1d0cf1db6ea2cfbf4f18534f9036740ece44
2024-11-13,HHV,HOSE,197120000.0,858990000.0,-661870000.0,17600.0,75700.0,-58100.0,0.0,0.0,0.0,0.0,11450.0,11450.0,11150.0,11300.0,11270.0,HSX_FOREIGN_API,HOSE_SYMBOL_LEVEL,VND,2026-08-25T03:10:54Z,ff_hsx_symbol_daily_v1,9421c2167f93683d27dc244360774eecf08d54f24b8d3b944da1ddc8bc68c1c0
2024-11-14,HHV,HOSE,260925000.0,1122068000.0,-861143000.0,23300.0,100415.0,-77115.0,0.0,0.0,0.0,0.0,11350.0,11350.0,10950.0,11000.0,11120.0,HSX_FOREIGN_API,HOSE_SYMBOL_LEVEL,VND,2026-08-25T03:10:54Z,ff_hsx_symbol_daily_v1,49f45f6ce30ffd97404cdf998464a9228e790798cafc0cb90b3d6ea9e8c352ff
2024-11-15,HHV,HOSE,1197540000.0,969985000.0,227555000.0,110400.0,89400.0,21000.0,0.0,0.0,0.0,0.0,11000.0,11000.0,10700.0,10700.0,10820.0,HSX_FOREIGN_API,HOSE_SYMBOL_LEVEL,VND,2026-08-25T03:10:54Z,ff_hsx_symbol_daily_v1,6198f35d7474eb362b5d23efc04571231266306ba0c6683e16375a92d985c14d
2024-11-18,HHV,HOSE,2561285000.0,414435000.0,2146850000.0,238700.0,38800.0,199900.0,0.0,0.0,0.0,0.0,10700.0,10800.0,10600.0,10750.0,10690.0,HSX_FOREIGN_API,HOSE_SYMBOL_LEVEL,VND,2026-08-25T03:10:54Z,ff_hsx_symbol_daily_v1,20b0a859674e5317645179b069d7852eb7d86349a839eb4f567b98af022a2e29
2024-11-19,HHV,HOSE,3913655000.0,389255000.0,3524400000.0,363100.0,36000.0,327100.0,0.0,0.0,0.0,0.0,10750.0,10900.0,10550.0,10600.0,10740.0,HSX_FOREIGN_API,HOSE_SYMBOL_LEVEL,VND,2026-08-25T03:10:54Z,ff_hsx_symbol_daily_v1,abe9cb7571b1fa76c3f7c1c2e2a146e6e0798474090d27bd67eb616a6d646a3a
2024-11-20,HHV,HOSE,10620335000.0,181225000.0,10439110000.0,981700.0,16900.0,964800.0,0.0,0.0,0.0,0.0,10650.0,11000.0,10550.0,10800.0,10810.0,HSX_FOREIGN_API,HOSE_SYMBOL_LEVEL,VND,2026-08-25T03:10:54Z,ff_hsx_symbol_daily_v1,90c3f826eb906dea9add05e969a1ee74af6acdc11392d3a7a0b19264fe8a4770
2024-11-21,HHV,HOSE,4346560000.0,583885000.0,3762675000.0,400000.0,53800.0,346200.0,0.0,0.0,0.0,0.0,10800.0,10950.0,10800.0,10900.0,10870.0,HSX_FOREIGN_API,HOSE_SYMBOL_LEVEL,VND,2026-08-25T03:10:54Z,ff_hsx_symbol_daily_v1,2027e63788f073d8eab16d80c95c16efd972955093389add24407ed85a8af314
2024-11-22,HHV,HOSE,6305725000.0,2548780000.0,3756945000.0,571400.0,229700.0,341700.0,0.0,0.0,0.0,0.0,10850.0,11200.0,10850.0,11000.0,11040.0,HSX_FOREIGN_API,HOSE_SYMBOL_LEVEL,VND,2026-08-25T03:10:54Z,ff_hsx_symbol_daily_v1,b66a7ca1f06adbe2cc1d6c44584989808ce7c2fb09f3a7e1c9d344c8602d828e
2024-11-25,HHV,HOSE,28470000.0,1081340000.0,-1052870000.0,2600.0,98200.0,-95600.0,0.0,0.0,0.0,0.0,11050.0,11100.0,10900.0,11000.0,10980.0,HSX_FOREIGN_API,HOSE_SYMBOL_LEVEL,VND,2026-08-25T03:10:54Z,ff_hsx_symbol_daily_v1,4d717990fb0e9e6e6600623c2802ffb32db85b35bfef2e225118595b367ec82b
2024-11-26,HHV,HOSE,695400000.0,216591000.0,478809000.0,63000.0,19601.0,43399.0,0.0,0.0,0.0,0.0,11000.0,11150.0,11000.0,11050.0,11050.0,HSX_FOREIGN_API,HOSE_SYMBOL_LEVEL,VND,2026-08-25T03:10:54Z,ff_hsx_symbol_daily_v1,0ae7ebc2fde4a312570476d668ff17f01179203975eb9641e4134a206813aee3
2024-11-27,HHV,HOSE,252605000.0,1280960000.0,-1028355000.0,23000.0,115700.0,-92700.0,0.0,0.0,0.0,0.0,11000.0,11100.0,10900.0,10950.0,10990.0,HSX_FOREIGN_API,HOSE_SYMBOL_LEVEL,VND,2026-08-25T03:10:54Z,ff_hsx_symbol_daily_v1,e43bd0bbff1d2dcd04e134c00d5660406ee416d5be434783db1f263e5637a7b0
2024-11-28,HHV,HOSE,444125000.0,128115000.0,316010000.0,40400.0,11700.0,28700.0,0.0,0.0,0.0,0.0,11000.0,11100.0,10900.0,10950.0,10990.0,HSX_FOREIGN_API,HOSE_SYMBOL_LEVEL,VND,2026-08-25T03:10:54Z,ff_hsx_symbol_daily_v1,35128c086bfce89594b5f55615d611bd93dce32f6fa55d97d48982eaa97e876e
2024-11-29,HHV,HOSE,474061000.0,781055000.0,-306994000.0,43166.0,71300.0,-28134.0,0.0,0.0,0.0,0.0,11050.0,11050.0,10900.0,10950.0,10970.0,HSX_FOREIGN_API,HOSE_SYMBOL_LEVEL,VND,2026-08-25T03:10:54Z,ff_hsx_symbol_daily_v1,37d8814e59d5ec3c6871048be1564f47c0b36f4ad0cf2352d4939fd64e676e51
2024-12-02,HHV,HOSE,4014350000.0,1569065000.0,2445285000.0,354600.0,137300.0,217300.0,0.0,0.0,0.0,0.0,11000.0,11550.0,11000.0,11350.0,11420.0,HSX_FOREIGN_API,HOSE_SYMBOL_LEVEL,VND,2026-08-25T03:10:54Z,ff_hsx_symbol_daily_v1,714387af7fae1bd2a616cee891608f7296251c9c9c6c2a38c741a4e65b914e94
2024-12-03,HHV,HOSE,23880000.0,464145000.0,-440265000.0,2100.0,40900.0,-38800.0,0.0,0.0,0.0,0.0,11400.0,11400.0,11300.0,11350.0,11360.0,HSX_FOREIGN_API,HOSE_SYMBOL_LEVEL,VND,2026-08-25T03:10:54Z,ff_hsx_symbol_daily_v1,c3357a57c8aadafdefa79d98378545cb168a22cc305a2e16c839082be3d5377f
2024-12-04,HHV,HOSE,902755000.0,339285000.0,563470000.0,81300.0,30100.0,51200.0,0.0,0.0,0.0,0.0,11400.0,11450.0,11100.0,11100.0,11210.0,HSX_FOREIGN_API,HOSE_SYMBOL_LEVEL,VND,2026-08-25T03:10:54Z,ff_hsx_symbol_daily_v1,35752d8888030e93fdb9d001af43f97bc5db583e4a1d6ba4270fba4469c79d6d
2024-12-05,HHV,HOSE,1439790000.0,828615000.0,611175000.0,128900.0,73500.0,55400.0,0.0,0.0,0.0,0.0,11100.0,11350.0,10950.0,11350.0,11200.0,HSX_FOREIGN_API,HOSE_SYMBOL_LEVEL,VND,2026-08-25T03:10:54Z,ff_hsx_symbol_daily_v1,208ac51201ff62c252cf9e8cf3ad7ee41ece96195ea29ec516fdfeb238656323
2024-12-06,HHV,HOSE,0.0,1962180000.0,-1962180000.0,0.0,173200.0,-173200.0,0.0,0.0,0.0,0.0,11450.0,11500.0,11250.0,11300.0,11360.0,HSX_FOREIGN_API,HOSE_SYMBOL_LEVEL,VND,2026-08-25T03:10:54Z,ff_hsx_symbol_daily_v1,61192edadebd1346e068200f71f879071b41d6de39a8de95cea6d130f6adc98d
2024-12-09,HHV,HOSE,2859430000.0,4540000.0,2854890000.0,251100.0,400.0,250700.0,0.0,0.0,0.0,0.0,11350.0,11450.0,11300.0,11350.0,11370.0,HSX_FOREIGN_API,HOSE_SYMBOL_LEVEL,VND,2026-08-25T03:10:54Z,ff_hsx_symbol_daily_v1,d69e91daaaf3c2b5aec68defdc4adcbbc32b0faa7b7c41cc6331fc47c37415f1
2024-12-10,HHV,HOSE,625960000.0,253475000.0,372485000.0,55000.0,22235.0,32765.0,0.0,0.0,0.0,0.0,11350.0,11450.0,11350.0,11350.0,11390.0,HSX_FOREIGN_API,HOSE_SYMBOL_LEVEL,VND,2026-08-25T03:10:54Z,ff_hsx_symbol_daily_v1,0af783ca0d0efd1b028d473f086927a4af1731bde4d8147295287df1b0857a73
2024-12-11,HHV,HOSE,481760000.0,733358000.0,-251598000.0,42600.0,64710.0,-22110.0,0.0,0.0,0.0,0.0,11350.0,11500.0,11250.0,11300.0,11360.0,HSX_FOREIGN_API,HOSE_SYMBOL_LEVEL,VND,2026-08-25T03:10:54Z,ff_hsx_symbol_daily_v1,75ca52103b231e2d073b97098363eb99e5ed85673760b1aa9bc9a1a69765300c
2024-12-12,HHV,HOSE,1848915000.0,392785000.0,1456130000.0,162900.0,34600.0,128300.0,0.0,0.0,0.0,0.0,11400.0,11400.0,11300.0,11300.0,11340.0,HSX_FOREIGN_API,HOSE_SYMBOL_LEVEL,VND,2026-08-25T03:10:54Z,ff_hsx_symbol_daily_v1,bc267324c7403daada985807031a8c07fd9a2ec028491196c452ff420d8d3c74
2024-12-13,HHV,HOSE,62975000.0,1013705000.0,-950730000.0,5600.0,90700.0,-85100.0,0.0,0.0,0.0,0.0,11300.0,11300.0,11100.0,11100.0,11180.0,HSX_FOREIGN_API,HOSE_SYMBOL_LEVEL,VND,2026-08-25T03:10:54Z,ff_hsx_symbol_daily_v1,5e3920ec611521acdeb8e32c5dc96f9f837a2e6f5f54bc9fb47156a7bd892dc3
2024-12-16,HHV,HOSE,247530000.0,539235250.0,-291705250.0,22300.0,48535.0,-26235.0,0.0,0.0,0.0,0.0,11100.0,11200.0,11000.0,11100.0,11090.0,HSX_FOREIGN_API,HOSE_SYMBOL_LEVEL,VND,2026-08-25T03:10:54Z,ff_hsx_symbol_daily_v1,087bd66a38ddd7e2c15dac876f79a7bc88f935d585c02815bc10e6937d82dc80
2024-12-17,HHV,HOSE,254125000.0,291834900.0,-37709900.0,23000.0,26359.0,-3359.0,0.0,0.0,0.0,0.0,11100.0,11150.0,10950.0,11000.0,11030.0,HSX_FOREIGN_API,HOSE_SYMBOL_LEVEL,VND,2026-08-25T03:10:54Z,ff_hsx_symbol_daily_v1,f242530ebd4eb9aecf3a4ff2ff732ea01d58bec044852f95e65c9cdedf807b46
2024-12-18,HHV,HOSE,82130000.0,1508652500.0,-1426522500.0,7500.0,137150.0,-129650.0,0.0,0.0,0.0,0.0,11000.0,11100.0,10950.0,11050.0,11010.0,HSX_FOREIGN_API,HOSE_SYMBOL_LEVEL,VND,2026-08-25T03:10:54Z,ff_hsx_symbol_daily_v1,679f62e6e5aafa1a5a69d741789c2a2eeacc48c9bcbad8d6658b560377f157b3
2024-12-19,HHV,HOSE,72980000.0,1353730000.0,-1280750000.0,6700.0,123900.0,-117200.0,0.0,0.0,0.0,0.0,10950.0,11000.0,10850.0,10900.0,10910.0,HSX_FOREIGN_API,HOSE_SYMBOL_LEVEL,VND,2026-08-25T03:10:54Z,ff_hsx_symbol_daily_v1,a90cc87aeabaf441a49d2015b822421bc8ba43a4f78377635dcb593e8b82807e
2024-12-20,HHV,HOSE,0.0,803435000.0,-803435000.0,0.0,73500.0,-73500.0,0.0,0.0,0.0,0.0,10950.0,11000.0,10850.0,10900.0,10910.0,HSX_FOREIGN_API,HOSE_SYMBOL_LEVEL,VND,2026-08-25T03:10:54Z,ff_hsx_symbol_daily_v1,18ec26778732892d1628bf8f5a85416b8a0406ed3702f40ab571f30164cd5bbb
2024-12-23,HHV,HOSE,27620000.0,503780000.0,-476160000.0,2500.0,45600.0,-43100.0,0.0,0.0,0.0,0.0,11100.0,11150.0,11000.0,11000.0,11060.0,HSX_FOREIGN_API,HOSE_SYMBOL_LEVEL,VND,2026-08-25T03:10:54Z,ff_hsx_symbol_daily_v1,dfe3b37fdec701dfdba38094b85eae0afba1bd2e1b08a5c20cd1c0ebacd9af4a
2024-12-24,HHV,HOSE,2185000.0,0.0,2185000.0,200.0,0.0,200.0,0.0,0.0,0.0,0.0,11050.0,11050.0,10850.0,10950.0,10940.0,HSX_FOREIGN_API,HOSE_SYMBOL_LEVEL,VND,2026-08-25T03:10:54Z,ff_hsx_symbol_daily_v1,dc27c8ac7ed318afbc7993ce18eae70e04b5335d4d051481e244bfa1355580d2
2024-12-25,HHV,HOSE,8210400000.0,1042295000.0,7168105000.0,716400.0,91800.0,624600.0,0.0,0.0,0.0,0.0,10950.0,11700.0,10950.0,11700.0,11590.0,HSX_FOREIGN_API,HOSE_SYMBOL_LEVEL,VND,2026-08-25T03:10:54Z,ff_hsx_symbol_daily_v1,c9526afa9d3c0e915229bc3da75a2bfb386071138e153a3949776de12199fe3d
2024-12-26,HHV,HOSE,2285818250.0,3657130000.0,-1371311750.0,193255.0,309700.0,-116445.0,0.0,0.0,0.0,0.0,11700.0,11950.0,11600.0,11650.0,11770.0,HSX_FOREIGN_API,HOSE_SYMBOL_LEVEL,VND,2026-08-25T03:10:54Z,ff_hsx_symbol_daily_v1,b47fee2b7eee3347a0ce0bbd718a75c3ba9da68a02229090124ac56683e5bd1b
2024-12-27,HHV,HOSE,7496700000.0,0.0,7496700000.0,641100.0,0.0,641100.0,0.0,0.0,0.0,0.0,11700.0,11900.0,11500.0,11800.0,11700.0,HSX_FOREIGN_API,HOSE_SYMBOL_LEVEL,VND,2026-08-25T03:10:54Z,ff_hsx_symbol_daily_v1,7c62ed1447b689d8800d6be14e24ed7351688fb217c676d089399bcfda32bc9b
2024-12-30,HHV,HOSE,1348838000.0,1998705000.0,-649867000.0,113770.0,167300.0,-53530.0,0.0,0.0,0.0,0.0,11850.0,12100.0,11800.0,11800.0,11930.0,HSX_FOREIGN_API,HOSE_SYMBOL_LEVEL,VND,2026-08-25T03:10:54Z,ff_hsx_symbol_daily_v1,f5a3449ba7040d77baaf445dfa459a87ebb44aa46c7124f0c4af0195cdfa30f7
2024-12-31,HHV,HOSE,2276770000.0,100300000.0,2176470000.0,195300.0,8500.0,186800.0,0.0,0.0,0.0,0.0,11800.0,11850.0,11600.0,11650.0,11680.0,HSX_FOREIGN_API,HOSE_SYMBOL_LEVEL,VND,2026-08-25T03:10:54Z,ff_hsx_symbol_daily_v1,23aac6a0b6b138e4483c2d294580ad20af0f587643265de42ad1351c2a9185e7
2025-01-02,HHV,HOSE,2337680000.0,372675000.0,1965005000.0,199900.0,31800.0,168100.0,0.0,0.0,0.0,0.0,11650.0,11750.0,11650.0,11700.0,11690.0,HSX_FOREIGN_API,HOSE_SYMBOL_LEVEL,VND,2026-08-25T03:10:54Z,ff_hsx_symbol_daily_v1,44214ab50a819fd451d0bb711ff24c85495946dc33cbcf024935beedffabfe09
2025-01-03,HHV,HOSE,2149935000.0,1694485000.0,455450000.0,184800.0,144200.0,40600.0,0.0,0.0,0.0,0.0,11750.0,11850.0,11450.0,11450.0,11620.0,HSX_FOREIGN_API,HOSE_SYMBOL_LEVEL,VND,2026-08-25T03:10:54Z,ff_hsx_symbol_daily_v1,cf407a7eed3aa203174ad34551e9f3da8ac38116a12cfff1fcbd97bfefe0065d
2025-01-06,HHV,HOSE,6904235000.0,3375315000.0,3528920000.0,592500.0,287900.0,304600.0,0.0,0.0,0.0,0.0,11500.0,11900.0,11500.0,11600.0,11690.0,HSX_FOREIGN_API,HOSE_SYMBOL_LEVEL,VND,2026-08-25T03:10:54Z,ff_hsx_symbol_daily_v1,b96ff099d16d5a90cb2073f15f3d5297c39a0866686b61cc2cebe58eb95adfdc
2025-01-07,HHV,HOSE,2267730000.0,3090355000.0,-822625000.0,197100.0,266700.0,-69600.0,0.0,0.0,0.0,0.0,11550.0,11800.0,11300.0,11400.0,11530.0,HSX_FOREIGN_API,HOSE_SYMBOL_LEVEL,VND,2026-08-25T03:10:54Z,ff_hsx_symbol_daily_v1,8624b5548c65cfb351b9d9e8f8580d58207c26be0b94cb7fc5e14fe1c3332eb3
2025-01-08,HHV,HOSE,640305000.0,591965000.0,48340000.0,55800.0,51700.0,4100.0,0.0,0.0,0.0,0.0,11350.0,11600.0,11350.0,11550.0,11490.0,HSX_FOREIGN_API,HOSE_SYMBOL_LEVEL,VND,2026-08-25T03:10:54Z,ff_hsx_symbol_daily_v1,5f0a5c228b39d16e6ffc920e9babd4a00af86cffefe7676b7c045084c4783f47
2025-01-09,HHV,HOSE,185450000.0,1492905000.0,-1307455000.0,16100.0,128900.0,-112800.0,0.0,0.0,0.0,0.0,11500.0,11650.0,11350.0,11400.0,11490.0,HSX_FOREIGN_API,HOSE_SYMBOL_LEVEL,VND,2026-08-25T03:10:54Z,ff_hsx_symbol_daily_v1,7e5e80838bd14cf333493c9b93065770f28ba3c856d3b5b0bfbcb7679576043e
2025-01-10,HHV,HOSE,508760000.0,1884790000.0,-1376030000.0,43800.0,161300.0,-117500.0,0.0,0.0,0.0,0.0,11450.0,11800.0,11400.0,11550.0,11640.0,HSX_FOREIGN_API,HOSE_SYMBOL_LEVEL,VND,2026-08-25T03:10:54Z,ff_hsx_symbol_daily_v1,a4fa4e92b71b12b04e964392f5f8e7f88f46d5a20611135421d17cc1dae0f521
2025-01-13,HHV,HOSE,2607800200.0,7859255000.0,-5251454800.0,222714.0,662700.0,-439986.0,0.0,0.0,0.0,0.0,11550.0,12000.0,11450.0,11800.0,11800.0,HSX_FOREIGN_API,HOSE_SYMBOL_LEVEL,VND,2026-08-25T03:10:54Z,ff_hsx_symbol_daily_v1,a8c4f4e51d595d5b662fa55b20815fa51caa88e5b1bb861f7fce10628767d923
2025-01-14,HHV,HOSE,1260445250.0,2660555000.0,-1400109750.0,105967.0,224100.0,-118133.0,0.0,0.0,0.0,0.0,11900.0,12000.0,11700.0,11800.0,11830.0,HSX_FOREIGN_API,HOSE_SYMBOL_LEVEL,VND,2026-08-25T03:10:54Z,ff_hsx_symbol_daily_v1,c5fee4a477ffc0c4f715e9d66f3c112d5176da7924c05d5a03bd697c4dd83724
2025-01-15,HHV,HOSE,12966510900.0,5122470200.0,7844040700.0,1062515.0,421523.0,640992.0,0.0,0.0,0.0,0.0,11750.0,12600.0,11700.0,12500.0,12290.0,HSX_FOREIGN_API,HOSE_SYMBOL_LEVEL,VND,2026-08-25T03:10:54Z,ff_hsx_symbol_daily_v1,d1c6d2dc488f7f377464cc7404928e5ff3730c84ca98507ed33c338de0945fc2
2025-01-16,HHV,HOSE,5149490950.0,3360345000.0,1789145950.0,413431.0,268900.0,144531.0,0.0,0.0,0.0,0.0,12550.0,12650.0,12350.0,12600.0,12490.0,HSX_FOREIGN_API,HOSE_SYMBOL_LEVEL,VND,2026-08-25T03:10:54Z,ff_hsx_symbol_daily_v1,c3a886a01c6471377c919b22dd870d2563fe8baab787f7d0ddd4b27a7efa50f5
2025-01-17,HHV,HOSE,6733125000.0,162789600.0,6570335400.0,531900.0,12971.0,518929.0,0.0,0.0,0.0,0.0,12550.0,12750.0,12450.0,12600.0,12610.0,HSX_FOREIGN_API,HOSE_SYMBOL_LEVEL,VND,2026-08-25T03:10:54Z,ff_hsx_symbol_daily_v1,45a53c21f657da5181dee7dd422fc251a2a096e3f74f639b819792fa7c3c73f4
2025-01-20,HHV,HOSE,1189240000.0,5752050000.0,-4562810000.0,95800.0,459500.0,-363700.0,0.0,0.0,0.0,0.0,12650.0,12700.0,12350.0,12400.0,12470.0,HSX_FOREIGN_API,HOSE_SYMBOL_LEVEL,VND,2026-08-25T03:10:54Z,ff_hsx_symbol_daily_v1,f6784360ef88feb3f32969598600485439944f869b8369cc389098018580b905
2025-01-21,HHV,HOSE,13956645000.0,33622874950.0,-19666229950.0,1131400.0,2723741.0,-1592341.0,0.0,0.0,0.0,0.0,12450.0,12550.0,12200.0,12400.0,12350.0,HSX_FOREIGN_API,HOSE_SYMBOL_LEVEL,VND,2026-08-25T03:10:54Z,ff_hsx_symbol_daily_v1,8e4f6d3e792e8c62da406bc30d126b7012a4ad1ce32f09ffc657504cb3a4e260
2025-01-22,HHV,HOSE,3517565000.0,29701080000.0,-26183515000.0,285800.0,2409200.0,-2123400.0,0.0,0.0,0.0,0.0,12350.0,12450.0,12200.0,12300.0,12310.0,HSX_FOREIGN_API,HOSE_SYMBOL_LEVEL,VND,2026-08-25T03:10:54Z,ff_hsx_symbol_daily_v1,f2c4da8cb1910d57199e0179dfac08fb9bebd6a75e53926616bff40b373b85e4
2025-01-23,HHV,HOSE,3814695000.0,37135530000.0,-33320835000.0,308700.0,3006800.0,-2698100.0,0.0,0.0,0.0,0.0,12300.0,12500.0,12250.0,12400.0,12360.0,HSX_FOREIGN_API,HOSE_SYMBOL_LEVEL,VND,2026-08-25T03:10:54Z,ff_hsx_symbol_daily_v1,f08bf0bcc94e6eab27098fe1bf4335ef577391f3efd6cd1d0cb1ff8fb09a9a78
2025-01-24,HHV,HOSE,14820000.0,6725080000.0,-6710260000.0,1200.0,546900.0,-545700.0,0.0,0.0,0.0,0.0,12400.0,12450.0,12250.0,12250.0,12300.0,HSX_FOREIGN_API,HOSE_SYMBOL_LEVEL,VND,2026-08-25T03:10:54Z,ff_hsx_symbol_daily_v1,76db8c0fabf504f8cfb68daf828efc16c54d06ef175fbc91d39bb4bd8ea78bd2
2025-02-03,HHV,HOSE,2443230000.0,9855260000.0,-7412030000.0,196200.0,790000.0,-593800.0,0.0,0.0,0.0,0.0,12250.0,12600.0,12250.0,12500.0,12460.0,HSX_FOREIGN_API,HOSE_SYMBOL_LEVEL,VND,2026-08-25T03:10:54Z,ff_hsx_symbol_daily_v1,b68555281ea517109b2ba62dd1725ffb260899b2a373fa271dac8776abbe639a
2025-02-04,HHV,HOSE,8314485000.0,1889980000.0,6424505000.0,654100.0,147900.0,506200.0,0.0,0.0,0.0,0.0,12550.0,12950.0,12550.0,12750.0,12770.0,HSX_FOREIGN_API,HOSE_SYMBOL_LEVEL,VND,2026-08-25T03:10:54Z,ff_hsx_symbol_daily_v1,c6c755cf3d5b6768c2ff0ddc4405dc77f57d0b9b3ff9e9466b75741f524c4030
2025-02-05,HHV,HOSE,1265000.0,655085000.0,-653820000.0,100.0,51400.0,-51300.0,0.0,0.0,0.0,0.0,12850.0,12850.0,12650.0,12700.0,12740.0,HSX_FOREIGN_API,HOSE_SYMBOL_LEVEL,VND,2026-08-25T03:10:54Z,ff_hsx_symbol_daily_v1,0dee8d70e716ddc795aadca8cf4cefebea4b1115199a9fd0fdbdfc0b0d9b34c9
2025-02-06,HHV,HOSE,1603780000.0,1864950000.0,-261170000.0,126700.0,146700.0,-20000.0,0.0,0.0,0.0,0.0,12700.0,12800.0,12550.0,12700.0,12670.0,HSX_FOREIGN_API,HOSE_SYMBOL_LEVEL,VND,2026-08-25T03:10:54Z,ff_hsx_symbol_daily_v1,d916ea55a1ac05db5c440b0794eaff67c36a63fd446a2e50f30b09461869c946
2025-02-07,HHV,HOSE,3870490000.0,10603355800.0,-6732865800.0,302100.0,827286.0,-525186.0,0.0,0.0,0.0,0.0,12700.0,13000.0,12550.0,12550.0,12760.0,HSX_FOREIGN_API,HOSE_SYMBOL_LEVEL,VND,2026-08-25T03:10:54Z,ff_hsx_symbol_daily_v1,c1c5eb283c3858120a73480a0f8568acb3be48b9e3a4a729d0aa516eca165c37
2025-02-10,HHV,HOSE,3844975000.0,2795979900.0,1048995100.0,305100.0,222955.0,82145.0,0.0,0.0,0.0,0.0,12600.0,12750.0,12450.0,12550.0,12600.0,HSX_FOREIGN_API,HOSE_SYMBOL_LEVEL,VND,2026-08-25T03:10:54Z,ff_hsx_symbol_daily_v1,0f5b151972859be33d33499e328bf19b75c410a8d343b811a9f1499562f3ce90
2025-02-11,HHV,HOSE,3844520000.0,2707248550.0,1137271450.0,302600.0,212107.0,90493.0,0.0,0.0,0.0,0.0,12600.0,12900.0,12550.0,12700.0,12730.0,HSX_FOREIGN_API,HOSE_SYMBOL_LEVEL,VND,2026-08-25T03:10:54Z,ff_hsx_symbol_daily_v1,2495bb26c554b42a9be0985ac0354b2fdea332bb61e201d56fb5eafe0e31624a
2025-02-12,HHV,HOSE,2737365000.0,4474995000.0,-1737630000.0,213100.0,349900.0,-136800.0,0.0,0.0,0.0,0.0,12700.0,13200.0,12700.0,13000.0,12990.0,HSX_FOREIGN_API,HOSE_SYMBOL_LEVEL,VND,2026-08-25T03:10:54Z,ff_hsx_symbol_daily_v1,ae5315f8bab369d3e2601c7163d158a5bcdce4d833e1ac6ec27864ddd9e29ff7
2025-02-13,HHV,HOSE,77400000.0,3658215000.0,-3580815000.0,6000.0,282700.0,-276700.0,0.0,0.0,0.0,0.0,13000.0,13000.0,12850.0,13000.0,12940.0,HSX_FOREIGN_API,HOSE_SYMBOL_LEVEL,VND,2026-08-25T03:10:54Z,ff_hsx_symbol_daily_v1,4b9f4f07017b890785a6b5b3878ff9bb071d9fb96530fa5108ba82ced1c8ea69
2025-02-14,HHV,HOSE,7782100.0,9913135000.0,-9905352900.0,601.0,765800.0,-765199.0,0.0,0.0,0.0,0.0,13050.0,13100.0,12800.0,12900.0,12920.0,HSX_FOREIGN_API,HOSE_SYMBOL_LEVEL,VND,2026-08-25T03:10:54Z,ff_hsx_symbol_daily_v1,163b0f261d7a2564e320dfd2187554626f056d6484bc8d83603f59b12b14000b
2025-02-17,HHV,HOSE,5017085000.0,6687775000.0,-1670690000.0,385500.0,515500.0,-130000.0,0.0,0.0,0.0,0.0,12900.0,13150.0,12800.0,12800.0,12970.0,HSX_FOREIGN_API,HOSE_SYMBOL_LEVEL,VND,2026-08-25T03:10:54Z,ff_hsx_symbol_daily_v1,99178cfee8403bc89a534c77319d6ec64ce48a13a2d7eacb5b822e1d316c3d12
2025-02-18,HHV,HOSE,5061911000.0,4858170000.0,203741000.0,392980.0,377800.0,15180.0,0.0,0.0,0.0,0.0,12950.0,13000.0,12800.0,12800.0,12870.0,HSX_FOREIGN_API,HOSE_SYMBOL_LEVEL,VND,2026-08-25T03:10:54Z,ff_hsx_symbol_daily_v1,5cbdc27aef92e0d66d2614d63345445319de1f20a4bcb9b8e05d8dcf3509d5b2
2025-02-19,HHV,HOSE,3411510000.0,5623900900.0,-2212390900.0,263500.0,433602.0,-170102.0,0.0,0.0,0.0,0.0,12850.0,13100.0,12850.0,13000.0,12970.0,HSX_FOREIGN_API,HOSE_SYMBOL_LEVEL,VND,2026-08-25T03:10:54Z,ff_hsx_symbol_daily_v1,e445af835f82af4e4f5d0f84544575ee6fa2db18c3c57fa4486d7e0f924113fc
2025-02-20,HHV,HOSE,0.0,2768710000.0,-2768710000.0,0.0,213800.0,-213800.0,0.0,0.0,0.0,0.0,13100.0,13100.0,12800.0,12850.0,12910.0,HSX_FOREIGN_API,HOSE_SYMBOL_LEVEL,VND,2026-08-25T03:10:54Z,ff_hsx_symbol_daily_v1,d392f77305bbaea8fe840aa03e672ea56cead2c3ad5dd17798d8c107c0ea5eb4
2025-02-21,HHV,HOSE,12103499200.0,10239750000.0,1863749200.0,931866.0,789200.0,142666.0,0.0,0.0,0.0,0.0,12850.0,13250.0,12750.0,12950.0,13010.0,HSX_FOREIGN_API,HOSE_SYMBOL_LEVEL,VND,2026-08-25T03:10:54Z,ff_hsx_symbol_daily_v1,e1966b568514a47df25bc15abfe2a68c9fad14e61b8d9265b06696272d04359c
2025-02-24,HHV,HOSE,89045000.0,3285553000.0,-3196508000.0,6900.0,254380.0,-247480.0,0.0,0.0,0.0,0.0,13000.0,13000.0,12800.0,12900.0,12900.0,HSX_FOREIGN_API,HOSE_SYMBOL_LEVEL,VND,2026-08-25T03:10:54Z,ff_hsx_symbol_daily_v1,f2d624ccb06a45905edf3650a4d298e7f96a54549f0366fb08224ad639c3d04c
2025-02-25,HHV,HOSE,13190215000.0,7740445000.0,5449770000.0,1015100.0,600000.0,415100.0,0.0,0.0,0.0,0.0,12950.0,13100.0,12900.0,13050.0,12980.0,HSX_FOREIGN_API,HOSE_SYMBOL_LEVEL,VND,2026-08-25T03:10:54Z,ff_hsx_symbol_daily_v1,463f66bab0fae8572b8dfca0f5f72254982375b035e139a93485b775e4e153e8
2025-02-26,HHV,HOSE,1432450.0,2872570000.0,-2871137550.0,111.0,221700.0,-221589.0,0.0,0.0,0.0,0.0,13050.0,13150.0,12900.0,12900.0,12970.0,HSX_FOREIGN_API,HOSE_SYMBOL_LEVEL,VND,2026-08-25T03:10:54Z,ff_hsx_symbol_daily_v1,aa27acaa1e7f0f403eea2596cbe107d14d45d76d04cd15df23211671f26e82bd
2025-02-27,HHV,HOSE,4116700.0,8042752750.0,-8038636050.0,323.0,629401.0,-629078.0,0.0,0.0,0.0,0.0,12950.0,12950.0,12600.0,12850.0,12750.0,HSX_FOREIGN_API,HOSE_SYMBOL_LEVEL,VND,2026-08-25T03:10:54Z,ff_hsx_symbol_daily_v1,53896a02435ff8ede795c268356980266b1208616e58cf7612b1d0ccaf30d0e1
2025-02-28,HHV,HOSE,1814092750.0,6023970000.0,-4209877250.0,142901.0,472900.0,-329999.0,0.0,0.0,0.0,0.0,12850.0,12850.0,12600.0,12650.0,12710.0,HSX_FOREIGN_API,HOSE_SYMBOL_LEVEL,VND,2026-08-25T03:10:54Z,ff_hsx_symbol_daily_v1,9624777398afe23b89d2c9e368b17d9bbd1806a49a93b8c98ac1480b5f207358
2025-03-03,HHV,HOSE,4063895000.0,2373875000.0,1690020000.0,319500.0,186500.0,133000.0,0.0,0.0,0.0,0.0,12700.0,12800.0,12600.0,12700.0,12710.0,HSX_FOREIGN_API,HOSE_SYMBOL_LEVEL,VND,2026-08-25T03:10:54Z,ff_hsx_symbol_daily_v1,378eb1b1fbdc2dd4bbb94cb323004966666a04c71738110e0b1ade657e4d2cd4
2025-03-04,HHV,HOSE,10250195000.0,3534160000.0,6716035000.0,803300.0,276100.0,527200.0,0.0,0.0,0.0,0.0,12700.0,12900.0,12650.0,12900.0,12800.0,HSX_FOREIGN_API,HOSE_SYMBOL_LEVEL,VND,2026-08-25T03:10:54Z,ff_hsx_symbol_daily_v1,4d0cc4983f3b5228201bb8c7574ca79e5b4738ed7d1ca5e6aac7da5da7578d02
2025-03-05,HHV,HOSE,698975000.0,300940000.0,398035000.0,55000.0,23450.0,31550.0,0.0,0.0,0.0,0.0,12900.0,12950.0,12600.0,12600.0,12740.0,HSX_FOREIGN_API,HOSE_SYMBOL_LEVEL,VND,2026-08-25T03:10:54Z,ff_hsx_symbol_daily_v1,e0b4235ffb619e1491b64661824447bd626505fb5d9414f422c060c57e992a99
2025-03-06,HHV,HOSE,153130000.0,713180000.0,-560050000.0,12100.0,56400.0,-44300.0,0.0,0.0,0.0,0.0,12650.0,12800.0,12550.0,12800.0,12650.0,HSX_FOREIGN_API,HOSE_SYMBOL_LEVEL,VND,2026-08-25T03:10:54Z,ff_hsx_symbol_daily_v1,ca1cfe7bbbbd035cda4dcdcdae21f09b8b6cb40c0179bc02bfe859fd5c787ee9
2025-03-07,HHV,HOSE,1566320000.0,1022985000.0,543335000.0,122000.0,79700.0,42300.0,0.0,0.0,0.0,0.0,12800.0,12900.0,12700.0,12700.0,12780.0,HSX_FOREIGN_API,HOSE_SYMBOL_LEVEL,VND,2026-08-25T03:10:54Z,ff_hsx_symbol_daily_v1,b07cb19a603c316e6cb2484fbaa5b7349bd51adaecf6d657ef5ff600274fe539
2025-03-10,HHV,HOSE,22512775000.0,255475000.0,22257300000.0,1741600.0,19700.0,1721900.0,0.0,0.0,0.0,0.0,12700.0,13100.0,12700.0,13000.0,12940.0,HSX_FOREIGN_API,HOSE_SYMBOL_LEVEL,VND,2026-08-25T03:10:54Z,ff_hsx_symbol_daily_v1,0a784be9f162b34f6b0f9fb161b34e958f009f0829f891e4c4c82d3e2da81368
2025-03-11,HHV,HOSE,11643673200.0,14440130000.0,-2796456800.0,880901.0,1086900.0,-205999.0,0.0,0.0,0.0,0.0,12900.0,13450.0,12800.0,13150.0,13210.0,HSX_FOREIGN_API,HOSE_SYMBOL_LEVEL,VND,2026-08-25T03:10:54Z,ff_hsx_symbol_daily_v1,127a71fdb09710430c48ec1d19a69daf6ac57960a03f9bf8a6bc9aaadfcad5f7
2025-03-12,HHV,HOSE,1216580000.0,1424271750.0,-207691750.0,92500.0,108355.0,-15855.0,0.0,0.0,0.0,0.0,13200.0,13250.0,12950.0,12950.0,13040.0,HSX_FOREIGN_API,HOSE_SYMBOL_LEVEL,VND,2026-08-25T03:10:54Z,ff_hsx_symbol_daily_v1,e5c644bca5c796ad419012d94f478f5f14952fcaec03d33ab35335695db0f6c6
2025-03-13,HHV,HOSE,955868300.0,18676181500.0,-17720313200.0,75029.0,1453745.0,-1378716.0,0.0,0.0,0.0,0.0,12950.0,13000.0,12450.0,12500.0,12690.0,HSX_FOREIGN_API,HOSE_SYMBOL_LEVEL,VND,2026-08-25T03:10:54Z,ff_hsx_symbol_daily_v1,570e6fd1e94dbe099f70bf3f387219805bf87ea4cb6ad2f15ad57bda83992847
2025-03-14,HHV,HOSE,582895000.0,8090831000.0,-7507936000.0,47000.0,646800.0,-599800.0,0.0,0.0,0.0,0.0,12500.0,12600.0,12350.0,12500.0,12470.0,HSX_FOREIGN_API,HOSE_SYMBOL_LEVEL,VND,2026-08-25T03:10:54Z,ff_hsx_symbol_daily_v1,b9c6e0238b88b2f9ef7f1d0843c4a8d8956be90b5e99f323c72c996c9edda1a1
2025-03-17,HHV,HOSE,121680000.0,649993150.0,-528313150.0,9700.0,51913.0,-42213.0,0.0,0.0,0.0,0.0,12650.0,12650.0,12500.0,12550.0,12550.0,HSX_FOREIGN_API,HOSE_SYMBOL_LEVEL,VND,2026-08-25T03:10:54Z,ff_hsx_symbol_daily_v1,4d4adf59e33499d41f0adf3a182e2975e4f4c2a2cdffa71b085629bae21e662f
2025-03-18,HHV,HOSE,950181300.0,130430000.0,819751300.0,75114.0,10300.0,64814.0,0.0,0.0,0.0,0.0,12650.0,12750.0,12500.0,12500.0,12610.0,HSX_FOREIGN_API,HOSE_SYMBOL_LEVEL,VND,2026-08-25T03:10:54Z,ff_hsx_symbol_daily_v1,1544858a59fb241d7e4c51ba9ce7743b5abf20f9edd1b757511f87a4a9a96673
2025-03-19,HHV,HOSE,85150000.0,86010000.0,-860000.0,6800.0,6860.0,-60.0,0.0,0.0,0.0,0.0,12550.0,12700.0,12450.0,12550.0,12520.0,HSX_FOREIGN_API,HOSE_SYMBOL_LEVEL,VND,2026-08-25T03:10:54Z,ff_hsx_symbol_daily_v1,355dfcc83cd3041e2ee5fb6afa4234c898c7c912f8a1bb21f3a86f53f87df2dd
2025-03-20,HHV,HOSE,170555000.0,497245000.0,-326690000.0,13600.0,39500.0,-25900.0,0.0,0.0,0.0,0.0,12600.0,12650.0,12350.0,12550.0,12500.0,HSX_FOREIGN_API,HOSE_SYMBOL_LEVEL,VND,2026-08-25T03:10:54Z,ff_hsx_symbol_daily_v1,3e2e98ab69fa0afdc8766289f12250e0993605d4661e2f332fe34af232d9afac
2025-03-21,HHV,HOSE,484000000.0,83508450.0,400491550.0,38700.0,6681.0,32019.0,0.0,0.0,0.0,0.0,12500.0,12600.0,12400.0,12450.0,12490.0,HSX_FOREIGN_API,HOSE_SYMBOL_LEVEL,VND,2026-08-25T03:10:54Z,ff_hsx_symbol_daily_v1,709caa7030be0be2f7612aef196707444c149b069b1f72d3924e4be0e9bcf4d0
2025-03-24,HHV,HOSE,571965000.0,2530000400.0,-1958035400.0,46300.0,205800.0,-159500.0,0.0,0.0,0.0,0.0,12400.0,12500.0,12250.0,12350.0,12330.0,HSX_FOREIGN_API,HOSE_SYMBOL_LEVEL,VND,2026-08-25T03:10:54Z,ff_hsx_symbol_daily_v1,2324cd47652ccdc064666f6a264af80113cea43bc9f81bb260b966b9ad69d001
2025-03-25,HHV,HOSE,478635000.0,632474400.0,-153839400.0,38600.0,51006.0,-12406.0,0.0,0.0,0.0,0.0,12500.0,12500.0,12300.0,12350.0,12390.0,HSX_FOREIGN_API,HOSE_SYMBOL_LEVEL,VND,2026-08-25T03:10:54Z,ff_hsx_symbol_daily_v1,268a9e9d31227fb3fb551f69f3999a9723dbac8a371d5348b56bb856195352ed
2025-03-26,HHV,HOSE,5569147200.0,11205000.0,5557942200.0,448405.0,900.0,447505.0,0.0,0.0,0.0,0.0,12400.0,12550.0,12300.0,12400.0,12440.0,HSX_FOREIGN_API,HOSE_SYMBOL_LEVEL,VND,2026-08-25T03:10:54Z,ff_hsx_symbol_daily_v1,5494af699a4a211545c490460baaa902c1c88218f660b4964ddd43fcee3d1618
2025-03-27,HHV,HOSE,6820000.0,24973600.0,-18153600.0,550.0,2014.0,-1464.0,0.0,0.0,0.0,0.0,12400.0,12500.0,12350.0,12350.0,12400.0,HSX_FOREIGN_API,HOSE_SYMBOL_LEVEL,VND,2026-08-25T03:10:54Z,ff_hsx_symbol_daily_v1,96239ed6b6c11f8298cb627ffb8fd9a445ebf03475c3104f65caeabdfd88ee4c
2025-03-28,HHV,HOSE,113534400.0,4242175000.0,-4128640600.0,9302.0,345600.0,-336298.0,0.0,0.0,0.0,0.0,12350.0,12400.0,12100.0,12100.0,12210.0,HSX_FOREIGN_API,HOSE_SYMBOL_LEVEL,VND,2026-08-25T03:10:54Z,ff_hsx_symbol_daily_v1,a69e172b612889bd76236aa7552d1dae7b7ee10045b6e60e7ac81aa0d9963923
2025-03-31,HHV,HOSE,11336515000.0,3590245000.0,7746270000.0,936400.0,298600.0,637800.0,0.0,0.0,0.0,0.0,12050.0,12350.0,11950.0,12200.0,12130.0,HSX_FOREIGN_API,HOSE_SYMBOL_LEVEL,VND,2026-08-25T03:10:54Z,ff_hsx_symbol_daily_v1,3ea09fc83530279feb808675b9c8458febebfca2b86a84d53764e0abc73d6a18
2025-04-01,HHV,HOSE,61860000.0,1132515000.0,-1070655000.0,5050.0,92100.0,-87050.0,0.0,0.0,0.0,0.0,12300.0,12350.0,12150.0,12250.0,12240.0,HSX_FOREIGN_API,HOSE_SYMBOL_LEVEL,VND,2026-08-25T03:10:54Z,ff_hsx_symbol_daily_v1,140cab5d0fee69cd3f17cf3683db188e85d1379068e66f4686db64972b607c2b
2025-04-02,HHV,HOSE,1289395000.0,842735000.0,446660000.0,104300.0,67700.0,36600.0,0.0,0.0,0.0,0.0,12300.0,12500.0,12250.0,12250.0,12370.0,HSX_FOREIGN_API,HOSE_SYMBOL_LEVEL,VND,2026-08-25T03:10:54Z,ff_hsx_symbol_daily_v1,97d04a39e868d82e876f617c2e28b6132dcb6618678dc504563a06c492745c07
2025-04-03,HHV,HOSE,3405604400.0,11983002000.0,-8577397600.0,295796.0,1017198.0,-721402.0,0.0,0.0,0.0,0.0,11700.0,11950.0,11400.0,11400.0,11570.0,HSX_FOREIGN_API,HOSE_SYMBOL_LEVEL,VND,2026-08-25T03:10:54Z,ff_hsx_symbol_daily_v1,c5b160d36ff4f97ac9d8ba3a5f260acf06e8e94018fb328d6dd7f1b294b87e81
2025-04-04,HHV,HOSE,3044190600.0,2009895000.0,1034295600.0,276113.0,182700.0,93413.0,0.0,0.0,0.0,0.0,10650.0,11500.0,10650.0,11200.0,11020.0,HSX_FOREIGN_API,HOSE_SYMBOL_LEVEL,VND,2026-08-25T03:10:54Z,ff_hsx_symbol_daily_v1,fe4c1fcd7abb6a51616bf6fb18600d6840a2525eecae4ae3cc49de664d1525c6
2025-04-08,HHV,HOSE,1079795000.0,1127570000.0,-47775000.0,102400.0,104100.0,-1700.0,0.0,0.0,0.0,0.0,10700.0,11100.0,10450.0,10450.0,10530.0,HSX_FOREIGN_API,HOSE_SYMBOL_LEVEL,VND,2026-08-25T03:10:54Z,ff_hsx_symbol_daily_v1,1f24e10ed85e8425dbf9665dc8b97066f173e37de9c16714577730d061a71733
2025-04-09,HHV,HOSE,14671656600.0,2806436550.0,11865220050.0,1464903.0,281299.0,1183604.0,0.0,0.0,0.0,0.0,9720.0,10700.0,9720.0,10000.0,10100.0,HSX_FOREIGN_API,HOSE_SYMBOL_LEVEL,VND,2026-08-25T03:10:54Z,ff_hsx_symbol_daily_v1,1648bba1c28bd00a1c159ff743b59bad606032bdcc2d98643cfe09e253bd41e7
2025-04-10,HHV,HOSE,0.0,6420000.0,-6420000.0,0.0,600.0,-600.0,0.0,0.0,0.0,0.0,10700.0,10700.0,10700.0,10700.0,10700.0,HSX_FOREIGN_API,HOSE_SYMBOL_LEVEL,VND,2026-08-25T03:10:54Z,ff_hsx_symbol_daily_v1,9e0a4fd18e26d9d8ce238877ce8170391632161dfeedda53f7a37ab33704811e
2025-04-11,HHV,HOSE,2057665000.0,8719445000.0,-6661780000.0,185900.0,777900.0,-592000.0,0.0,0.0,0.0,0.0,11300.0,11400.0,10950.0,11400.0,11250.0,HSX_FOREIGN_API,HOSE_SYMBOL_LEVEL,VND,2026-08-25T03:10:54Z,ff_hsx_symbol_daily_v1,eb6be7ffa805fc730a42ee14b8112790b0227635847bd8d1d0edaa0fb20a975a
2025-04-14,HHV,HOSE,3552710000.0,7473630000.0,-3920920000.0,305600.0,641500.0,-335900.0,0.0,0.0,0.0,0.0,11600.0,11800.0,11500.0,11650.0,11640.0,HSX_FOREIGN_API,HOSE_SYMBOL_LEVEL,VND,2026-08-25T03:10:54Z,ff_hsx_symbol_daily_v1,71ce9b9f193ac645076a1f1369eb02ac46151f123bedc270a380192a2889f58d
2025-04-15,HHV,HOSE,12249640550.0,7546115000.0,4703525550.0,1049503.0,634300.0,415203.0,0.0,0.0,0.0,0.0,11600.0,12150.0,11400.0,11800.0,11810.0,HSX_FOREIGN_API,HOSE_SYMBOL_LEVEL,VND,2026-08-25T03:10:54Z,ff_hsx_symbol_daily_v1,9939d4570944c0eebdf1634946a050593bffdf278cbbda586f56298d97c586ed
2025-04-16,HHV,HOSE,5714987400.0,1778055000.0,3936932400.0,483604.0,149600.0,334004.0,0.0,0.0,0.0,0.0,11900.0,11950.0,11750.0,11850.0,11830.0,HSX_FOREIGN_API,HOSE_SYMBOL_LEVEL,VND,2026-08-25T03:10:54Z,ff_hsx_symbol_daily_v1,d716efbd24224c7396859a7eeb67da0982b0281e37abf9e854c821c86a897284
2025-04-17,HHV,HOSE,829549600.0,1113055000.0,-283505400.0,70622.0,94400.0,-23778.0,0.0,0.0,0.0,0.0,11800.0,11900.0,11650.0,11850.0,11790.0,HSX_FOREIGN_API,HOSE_SYMBOL_LEVEL,VND,2026-08-25T03:10:54Z,ff_hsx_symbol_daily_v1,869e97fe1810aacbf55b75a0ec04be2d8a413e1e62c7003f1fd8bcaeac4b9518
2025-04-18,HHV,HOSE,1684720000.0,3755130000.0,-2070410000.0,141300.0,315400.0,-174100.0,0.0,0.0,0.0,0.0,11900.0,12050.0,11800.0,11850.0,11910.0,HSX_FOREIGN_API,HOSE_SYMBOL_LEVEL,VND,2026-08-25T03:10:54Z,ff_hsx_symbol_daily_v1,4b6f81a58e665e7ca249e9b7104d4d6893f23f7312f2726da77939b7b37996bc
2025-04-21,HHV,HOSE,6407920000.0,10618920000.0,-4211000000.0,538650.0,887300.0,-348650.0,0.0,0.0,0.0,0.0,11850.0,12050.0,11700.0,11900.0,11890.0,HSX_FOREIGN_API,HOSE_SYMBOL_LEVEL,VND,2026-08-25T03:10:54Z,ff_hsx_symbol_daily_v1,dbc83b552f92cf03d95d26b4443f0bcee71830e6d82f3458e266e3f64650d2d9
2025-04-22,HHV,HOSE,44618965000.0,5566420000.0,39052545000.0,3862800.0,475300.0,3387500.0,0.0,0.0,0.0,0.0,11800.0,11900.0,11100.0,11700.0,11540.0,HSX_FOREIGN_API,HOSE_SYMBOL_LEVEL,VND,2026-08-25T03:10:54Z,ff_hsx_symbol_daily_v1,759bddfa47fdeefebd0034d4b1221069c91dea262e415c66519f48e3e5b10f28
2025-04-23,HHV,HOSE,27566990000.0,1199570000.0,26367420000.0,2289500.0,99600.0,2189900.0,0.0,0.0,0.0,0.0,12100.0,12250.0,11850.0,12100.0,12050.0,HSX_FOREIGN_API,HOSE_SYMBOL_LEVEL,VND,2026-08-25T03:10:54Z,ff_hsx_symbol_daily_v1,70e22a3c582b5318048b8ca6c09835663da38b0e20fee7dcd44c1566c9c3481a
2025-04-24,HHV,HOSE,2563205000.0,3140280000.0,-577075000.0,214700.0,262200.0,-47500.0,0.0,0.0,0.0,0.0,12150.0,12150.0,11800.0,11950.0,11950.0,HSX_FOREIGN_API,HOSE_SYMBOL_LEVEL,VND,2026-08-25T03:10:54Z,ff_hsx_symbol_daily_v1,12210f569b1296f9a7a4df8ad8470968c81f7721a6e6fe892767267f4defb60c
2025-04-25,HHV,HOSE,1195000.0,15660175000.0,-15658980000.0,100.0,1298800.0,-1298700.0,0.0,0.0,0.0,0.0,12000.0,12350.0,11850.0,11900.0,12060.0,HSX_FOREIGN_API,HOSE_SYMBOL_LEVEL,VND,2026-08-25T03:10:54Z,ff_hsx_symbol_daily_v1,76b4affbe1ad7cb74ac77292a26c370e1b3b39645ba0edad2e8e366e4bf0864b
2025-04-28,HHV,HOSE,575820000.0,1714185000.0,-1138365000.0,48400.0,144000.0,-95600.0,0.0,0.0,0.0,0.0,12000.0,12050.0,11800.0,11800.0,11880.0,HSX_FOREIGN_API,HOSE_SYMBOL_LEVEL,VND,2026-08-25T03:10:54Z,ff_hsx_symbol_daily_v1,bc0f5af35d2ae6ce752793bc861df68655a838e3f07ef1458e2241dd37f830f0
2025-04-29,HHV,HOSE,1068785000.0,64250000.0,1004535000.0,90700.0,5400.0,85300.0,0.0,0.0,0.0,0.0,11950.0,11950.0,11750.0,11800.0,11790.0,HSX_FOREIGN_API,HOSE_SYMBOL_LEVEL,VND,2026-08-25T03:10:54Z,ff_hsx_symbol_daily_v1,742d86dbab017d1977b59414efdd8ee0c59a0b3e6f075dc593d136058fb0b2e9
2025-05-05,HHV,HOSE,13983425700.0,0.0,13983425700.0,1163003.0,0.0,1163003.0,0.0,0.0,0.0,0.0,12050.0,12150.0,11800.0,12100.0,12000.0,HSX_FOREIGN_API,HOSE_SYMBOL_LEVEL,VND,2026-08-25T03:10:54Z,ff_hsx_symbol_daily_v1,9c4e0fd9e1a0fb273a789948cc850d0fe9e43a6701604ba361265937fa24930e
2025-05-06,HHV,HOSE,3399747250.0,1245770000.0,2153977250.0,278801.0,102000.0,176801.0,0.0,0.0,0.0,0.0,12200.0,12300.0,12100.0,12100.0,12200.0,HSX_FOREIGN_API,HOSE_SYMBOL_LEVEL,VND,2026-08-25T03:10:54Z,ff_hsx_symbol_daily_v1,c85b713b4909804a2f465d8b845736553518aed5eb5601b48a69dc286b1acc56
2025-05-07,HHV,HOSE,16026445000.0,317375000.0,15709070000.0,1317900.0,26200.0,1291700.0,0.0,0.0,0.0,0.0,12000.0,12250.0,12000.0,12150.0,12150.0,HSX_FOREIGN_API,HOSE_SYMBOL_LEVEL,VND,2026-08-25T03:10:54Z,ff_hsx_symbol_daily_v1,fb21aa5d4791fffaec67d4c1f37b12e87ef17aa22effba31f77896a9d0517146
2025-05-08,HHV,HOSE,3896650000.0,5862090000.0,-1965440000.0,321400.0,480300.0,-158900.0,0.0,0.0,0.0,0.0,12250.0,12300.0,12050.0,12150.0,12200.0,HSX_FOREIGN_API,HOSE_SYMBOL_LEVEL,VND,2026-08-25T03:10:54Z,ff_hsx_symbol_daily_v1,56e9a2de5dcc692553b69e2192702d4a7eab93d4959dfb093a46f4a7405ee079
2025-05-09,HHV,HOSE,4498720000.0,18724105000.0,-14225385000.0,366000.0,1527600.0,-1161600.0,0.0,0.0,0.0,0.0,12200.0,12500.0,12000.0,12000.0,12200.0,HSX_FOREIGN_API,HOSE_SYMBOL_LEVEL,VND,2026-08-25T03:10:54Z,ff_hsx_symbol_daily_v1,dd786fb600935d3d6c99bb995aa9ac78330ec4ff30d411e2efd37dfe1f461be8
2025-05-12,HHV,HOSE,951795000.0,464382100.0,487412900.0,79500.0,38701.0,40799.0,0.0,0.0,0.0,0.0,12100.0,12150.0,11900.0,12050.0,12000.0,HSX_FOREIGN_API,HOSE_SYMBOL_LEVEL,VND,2026-08-25T03:10:54Z,ff_hsx_symbol_daily_v1,5d164fc42b548797b979e7fec1932173b7a6acbb21aed5f5970cb04687d54340
2025-05-13,HHV,HOSE,5164057500.0,657950000.0,4506107500.0,427275.0,54300.0,372975.0,0.0,0.0,0.0,0.0,12150.0,12200.0,12000.0,12150.0,12100.0,HSX_FOREIGN_API,HOSE_SYMBOL_LEVEL,VND,2026-08-25T03:10:54Z,ff_hsx_symbol_daily_v1,b7a4bfcf8af623fab37115d1868365eab78bb5a152e9868361b498887b1181ae
2025-05-14,HHV,HOSE,2695090000.0,3887155000.0,-1192065000.0,222600.0,320200.0,-97600.0,0.0,0.0,0.0,0.0,12150.0,12300.0,12050.0,12150.0,12150.0,HSX_FOREIGN_API,HOSE_SYMBOL_LEVEL,VND,2026-08-25T03:10:54Z,ff_hsx_symbol_daily_v1,29c7c0c5146280396b356b01c3f610b7cbad6a5ede0e4812d2b6d639cd42fdfb
2025-05-15,HHV,HOSE,22967805000.0,13991050000.0,8976755000.0,1891300.0,1134100.0,757200.0,0.0,0.0,0.0,0.0,12200.0,12450.0,12050.0,12400.0,12250.0,HSX_FOREIGN_API,HOSE_SYMBOL_LEVEL,VND,2026-08-25T03:10:54Z,ff_hsx_symbol_daily_v1,3fa603eaadfdecc28a677f91c834647ca4007421ee61c36434225ea7fdcef4ef
2025-05-16,HHV,HOSE,564272750.0,19831985000.0,-19267712250.0,45779.0,1609200.0,-1563421.0,0.0,0.0,0.0,0.0,12450.0,12450.0,12150.0,12200.0,12300.0,HSX_FOREIGN_API,HOSE_SYMBOL_LEVEL,VND,2026-08-25T03:10:54Z,ff_hsx_symbol_daily_v1,b81c832f88cdda88ace83673ba36590c9dfb61c85a27b0c8d9850479d179b865
2025-05-19,HHV,HOSE,5354325000.0,2775220000.0,2579105000.0,436100.0,226100.0,210000.0,0.0,0.0,0.0,0.0,12150.0,12350.0,12100.0,12150.0,12250.0,HSX_FOREIGN_API,HOSE_SYMBOL_LEVEL,VND,2026-08-25T03:10:54Z,ff_hsx_symbol_daily_v1,73e87c91a55df3559e5978045f575f4edeb000c80c89992a2a024c0cb3a3ffea
2025-05-20,HHV,HOSE,3036275000.0,7767815000.0,-4731540000.0,249800.0,636800.0,-387000.0,0.0,0.0,0.0,0.0,12200.0,12350.0,12100.0,12100.0,12200.0,HSX_FOREIGN_API,HOSE_SYMBOL_LEVEL,VND,2026-08-25T03:10:54Z,ff_hsx_symbol_daily_v1,147ec92e3a695e890f1365a817fd6dbe58e0cc10cd1ac5f6268aa03502a92ad8
2025-05-21,HHV,HOSE,12712030000.0,14933755000.0,-2221725000.0,1040500.0,1214000.0,-173500.0,0.0,0.0,0.0,0.0,12150.0,12550.0,12050.0,12450.0,12350.0,HSX_FOREIGN_API,HOSE_SYMBOL_LEVEL,VND,2026-08-25T03:10:54Z,ff_hsx_symbol_daily_v1,8df87ea42c660edab332bb549313374373158a485a7def640d88862ad6bee81c
2025-05-22,HHV,HOSE,407550.0,16518880000.0,-16518472450.0,33.0,1337500.0,-1337467.0,0.0,0.0,0.0,0.0,12500.0,12500.0,12200.0,12250.0,12300.0,HSX_FOREIGN_API,HOSE_SYMBOL_LEVEL,VND,2026-08-25T03:10:54Z,ff_hsx_symbol_daily_v1,48e7ef58775a9c649d7c5658a140a0482e05bd5f64b2375ab6be1ad2a2fb9510
2025-05-23,HHV,HOSE,2733132300.0,2174455000.0,558677300.0,222601.0,176500.0,46101.0,0.0,0.0,0.0,0.0,12250.0,12400.0,12150.0,12150.0,12250.0,HSX_FOREIGN_API,HOSE_SYMBOL_LEVEL,VND,2026-08-25T03:10:54Z,ff_hsx_symbol_daily_v1,45da9cb570c1db26fd9fc777ff39a11d81c018de1c5ca42d47cda1e06506f5ef
2025-05-26,HHV,HOSE,6992813100.0,7270765000.0,-277951900.0,579361.0,602000.0,-22639.0,0.0,0.0,0.0,0.0,12250.0,12250.0,11800.0,12200.0,12050.0,HSX_FOREIGN_API,HOSE_SYMBOL_LEVEL,VND,2026-08-25T03:10:54Z,ff_hsx_symbol_daily_v1,336386f0503be067b3d999b43ecc370a5ff02b6dba973eb103ae96e1126a83cb
2025-05-27,HHV,HOSE,21705370000.0,1593820000.0,20111550000.0,1739900.0,128300.0,1611600.0,0.0,0.0,0.0,0.0,12250.0,12700.0,12250.0,12600.0,12550.0,HSX_FOREIGN_API,HOSE_SYMBOL_LEVEL,VND,2026-08-25T03:10:54Z,ff_hsx_symbol_daily_v1,05c8ab376fb760c086a4044650986ed2b11370c65d21ecea70a223947dab467a
2025-05-28,HHV,HOSE,611440000.0,4684700000.0,-4073260000.0,49300.0,373300.0,-324000.0,0.0,0.0,0.0,0.0,12700.0,12700.0,12400.0,12400.0,12500.0,HSX_FOREIGN_API,HOSE_SYMBOL_LEVEL,VND,2026-08-25T03:10:54Z,ff_hsx_symbol_daily_v1,a8f98f47a7a04e898e3e4052d81bcd27dc6a3bfb3dd503e0c0d5d63a38557005
2025-05-29,HHV,HOSE,276725000.0,6708465000.0,-6431740000.0,22400.0,540100.0,-517700.0,0.0,0.0,0.0,0.0,12450.0,12500.0,12300.0,12300.0,12400.0,HSX_FOREIGN_API,HOSE_SYMBOL_LEVEL,VND,2026-08-25T03:10:54Z,ff_hsx_symbol_daily_v1,2fec8e55a5b8fea857f0c63acdcd0f3952dcc39d8216616ca7d38d6b86ed35bb
2025-05-30,HHV,HOSE,1529470000.0,5769590000.0,-4240120000.0,124700.0,470600.0,-345900.0,0.0,0.0,0.0,0.0,12300.0,12350.0,12150.0,12150.0,12250.0,HSX_FOREIGN_API,HOSE_SYMBOL_LEVEL,VND,2026-08-25T03:10:54Z,ff_hsx_symbol_daily_v1,8574d92b9e9b7749dbb15d0b43ab6a9652c70390d807b45d64121d14803b7b03
2025-06-02,HHV,HOSE,2377224200.0,2515625000.0,-138400800.0,194711.0,203500.0,-8789.0,0.0,0.0,0.0,0.0,12150.0,12450.0,12100.0,12400.0,12300.0,HSX_FOREIGN_API,HOSE_SYMBOL_LEVEL,VND,2026-08-25T03:10:54Z,ff_hsx_symbol_daily_v1,94ae5a333009b8af7c134cd1b26d105479bc41950b7d2491d9356f780ae249a2
2025-06-03,HHV,HOSE,9626940000.0,1740510000.0,7886430000.0,773400.0,139800.0,633600.0,0.0,0.0,0.0,0.0,12500.0,12600.0,12400.0,12450.0,12450.0,HSX_FOREIGN_API,HOSE_SYMBOL_LEVEL,VND,2026-08-25T03:10:54Z,ff_hsx_symbol_daily_v1,efbebf2d5f07a96b78aeadb50dad427f3aa6498f1f1e8c2313e6f8df52e16e73
2025-06-04,HHV,HOSE,22366700000.0,475370000.0,21891330000.0,1784400.0,37800.0,1746600.0,0.0,0.0,0.0,0.0,12450.0,12650.0,12450.0,12550.0,12550.0,HSX_FOREIGN_API,HOSE_SYMBOL_LEVEL,VND,2026-08-25T03:10:54Z,ff_hsx_symbol_daily_v1,8f5e4070935facd9d4a6d5fe12e41deec784d724234ee07f0c709db5efc536f5
2025-06-05,HHV,HOSE,18266359700.0,18659310000.0,-392950300.0,1420442.0,1443500.0,-23058.0,0.0,0.0,0.0,0.0,12650.0,13150.0,12650.0,12700.0,12900.0,HSX_FOREIGN_API,HOSE_SYMBOL_LEVEL,VND,2026-08-25T03:10:54Z,ff_hsx_symbol_daily_v1,b2ca93c4feb874c545cbb1db789c1a0343db7f0e6b88c48dc53331546e9bd090
2025-06-06,HHV,HOSE,38465000.0,10099030000.0,-10060565000.0,3100.0,805000.0,-801900.0,0.0,0.0,0.0,0.0,12650.0,12700.0,12350.0,12350.0,12500.0,HSX_FOREIGN_API,HOSE_SYMBOL_LEVEL,VND,2026-08-25T03:10:54Z,ff_hsx_symbol_daily_v1,a0a8d1e4e954e74356117c65701444dabdbdb268cdef1fab798af964d0047385
2025-06-09,HHV,HOSE,542312000.0,13411925000.0,-12869613000.0,44420.0,1095100.0,-1050680.0,0.0,0.0,0.0,0.0,12350.0,12400.0,12100.0,12150.0,12200.0,HSX_FOREIGN_API,HOSE_SYMBOL_LEVEL,VND,2026-08-25T03:10:54Z,ff_hsx_symbol_daily_v1,24bf3270c28cd71a2bccde7614f9383a982d3656db99b68653d3a8bed8bd8707
2025-06-10,HHV,HOSE,1442425000.0,10656235000.0,-9213810000.0,119100.0,873800.0,-754700.0,0.0,0.0,0.0,0.0,12150.0,12300.0,12050.0,12150.0,12200.0,HSX_FOREIGN_API,HOSE_SYMBOL_LEVEL,VND,2026-08-25T03:10:54Z,ff_hsx_symbol_daily_v1,7e73ccb838fcad2d2cbd7df246f9af2ba81efa983b0db098efdf3f46ab8da135
2025-06-11,HHV,HOSE,61760000.0,4335575000.0,-4273815000.0,5100.0,356400.0,-351300.0,0.0,0.0,0.0,0.0,12250.0,12250.0,12100.0,12150.0,12150.0,HSX_FOREIGN_API,HOSE_SYMBOL_LEVEL,VND,2026-08-25T03:10:54Z,ff_hsx_symbol_daily_v1,102fc76f46e9321f78221fdafe393b68ef02a0b0e1b7af65a41c4100b13e7e4f
2025-06-12,HHV,HOSE,18400000.0,6521780000.0,-6503380000.0,1500.0,530200.0,-528700.0,0.0,0.0,0.0,0.0,12250.0,12400.0,12200.0,12300.0,12300.0,HSX_FOREIGN_API,HOSE_SYMBOL_LEVEL,VND,2026-08-25T03:10:54Z,ff_hsx_symbol_daily_v1,33e1aee0438c71e55af2bd019d03aff75826fe2f222a07b65daa439d3a3adfce
2025-06-13,HHV,HOSE,2263985000.0,2608680100.0,-344695100.0,187200.0,216014.0,-28814.0,0.0,0.0,0.0,0.0,12150.0,12250.0,11950.0,12050.0,12100.0,HSX_FOREIGN_API,HOSE_SYMBOL_LEVEL,VND,2026-08-25T03:10:54Z,ff_hsx_symbol_daily_v1,9f7d6ed2d3b5845739bc558cabc7c1bd97d1ec71d6b9591b3c680a6fa825d0a0
2025-06-16,HHV,HOSE,6212387950.0,78975000.0,6133412950.0,509263.0,6500.0,502763.0,0.0,0.0,0.0,0.0,12000.0,12300.0,11950.0,12200.0,12150.0,HSX_FOREIGN_API,HOSE_SYMBOL_LEVEL,VND,2026-08-25T03:10:54Z,ff_hsx_symbol_daily_v1,6d279f55471105f1d8a40ced242d13bc262e17230ffd1246359d93371c05692d
2025-06-17,HHV,HOSE,11272085000.0,24550000.0,11247535000.0,918100.0,2000.0,916100.0,0.0,0.0,0.0,0.0,12300.0,12350.0,12200.0,12300.0,12300.0,HSX_FOREIGN_API,HOSE_SYMBOL_LEVEL,VND,2026-08-25T03:10:54Z,ff_hsx_symbol_daily_v1,0f45e7f53f4b53fc4a6d22d057db39572136631b69b96ce4130398b92bf43b3b
2025-06-18,HHV,HOSE,5298585000.0,1165655000.0,4132930000.0,426200.0,94100.0,332100.0,0.0,0.0,0.0,0.0,12350.0,12600.0,12300.0,12300.0,12400.0,HSX_FOREIGN_API,HOSE_SYMBOL_LEVEL,VND,2026-08-25T03:10:54Z,ff_hsx_symbol_daily_v1,f352899ccdd55966cdc0af94f6452477b23c34f2d51693db9a041b4a2c590050
2025-06-19,HHV,HOSE,147500000.0,672525000.0,-525025000.0,12000.0,54900.0,-42900.0,0.0,0.0,0.0,0.0,12350.0,12350.0,12200.0,12200.0,12250.0,HSX_FOREIGN_API,HOSE_SYMBOL_LEVEL,VND,2026-08-25T03:10:54Z,ff_hsx_symbol_daily_v1,2ef6751c631b28628ea731afa98f361fb536633faebe259d77a5335003c2b554
2025-06-20,HHV,HOSE,128075000.0,4293830000.0,-4165755000.0,10500.0,350800.0,-340300.0,0.0,0.0,0.0,0.0,12250.0,12300.0,12150.0,12200.0,12200.0,HSX_FOREIGN_API,HOSE_SYMBOL_LEVEL,VND,2026-08-25T03:10:54Z,ff_hsx_symbol_daily_v1,304bb15a71074260c65afe84b430859d69889b2ed5a4f505c852537edd494a72
2025-06-23,HHV,HOSE,784195000.0,11706050000.0,-10921855000.0,64100.0,951600.0,-887500.0,0.0,0.0,0.0,0.0,12100.0,12500.0,12000.0,12350.0,12250.0,HSX_FOREIGN_API,HOSE_SYMBOL_LEVEL,VND,2026-08-25T03:10:54Z,ff_hsx_symbol_daily_v1,b56ae52c3ea5ff5b374a0977a69886e5835de7d2be04ac2a11f00dda1254adae
2025-06-24,HHV,HOSE,180995250.0,2461960000.0,-2280964750.0,14715.0,199200.0,-184485.0,0.0,0.0,0.0,0.0,12400.0,12450.0,12250.0,12400.0,12350.0,HSX_FOREIGN_API,HOSE_SYMBOL_LEVEL,VND,2026-08-25T03:10:54Z,ff_hsx_symbol_daily_v1,d4c87583c9258fdabd911c0005c7936aa2d18652b3f932a06e7f806480a3b457
2025-06-25,HHV,HOSE,10768160000.0,5464315000.0,5303845000.0,851100.0,431200.0,419900.0,0.0,0.0,0.0,0.0,12500.0,12800.0,12450.0,12450.0,12650.0,HSX_FOREIGN_API,HOSE_SYMBOL_LEVEL,VND,2026-08-25T03:10:54Z,ff_hsx_symbol_daily_v1,4b43db26c42bd67be3f5b9cc5a2b1af2281447a56cfc472bb1f35f331396974d
2025-06-26,HHV,HOSE,227042850.0,1813790000.0,-1586747150.0,18309.0,146100.0,-127791.0,0.0,0.0,0.0,0.0,12550.0,12550.0,12300.0,12400.0,12400.0,HSX_FOREIGN_API,HOSE_SYMBOL_LEVEL,VND,2026-08-25T03:10:54Z,ff_hsx_symbol_daily_v1,9538063a185165c440609898366e44b19bc3312dc8bb3120e66c32ecff14f388
2025-06-27,HHV,HOSE,467780000.0,0.0,467780000.0,37600.0,0.0,37600.0,0.0,0.0,0.0,0.0,12450.0,12500.0,12350.0,12350.0,12400.0,HSX_FOREIGN_API,HOSE_SYMBOL_LEVEL,VND,2026-08-25T03:10:54Z,ff_hsx_symbol_daily_v1,4aa76f0b55309b6a2a589fcec70efdb5f190e19e84ffaf92de78a5a6b51dd76e
2025-06-30,HHV,HOSE,1935983650.0,2634255000.0,-698271350.0,156573.0,213300.0,-56727.0,0.0,0.0,0.0,0.0,12400.0,12450.0,12300.0,12350.0,12350.0,HSX_FOREIGN_API,HOSE_SYMBOL_LEVEL,VND,2026-08-25T03:10:54Z,ff_hsx_symbol_daily_v1,61937b34d3e2af97b2baf6b6283ae9121f38ecf7dc9eb6d5c75452b2f711c6bc
2025-07-01,HHV,HOSE,10447511200.0,1635445000.0,8812066200.0,827706.0,129200.0,698506.0,0.0,0.0,0.0,0.0,12550.0,12850.0,12450.0,12450.0,12600.0,HSX_FOREIGN_API,HOSE_SYMBOL_LEVEL,VND,2026-08-25T03:10:54Z,ff_hsx_symbol_daily_v1,3b669be26429038bb713c3d93e7c994660dbab82453d876d74005afffd1a4739
2025-07-02,HHV,HOSE,166610000.0,13817950000.0,-13651340000.0,13400.0,1112900.0,-1099500.0,0.0,0.0,0.0,0.0,12400.0,12550.0,12350.0,12400.0,12450.0,HSX_FOREIGN_API,HOSE_SYMBOL_LEVEL,VND,2026-08-25T03:10:54Z,ff_hsx_symbol_daily_v1,721692a43f58afb86c0b2de961984f445ed53d7b1ae5dd740d501a8f430b8717
2025-07-03,HHV,HOSE,2903470000.0,2912660000.0,-9190000.0,232500.0,232500.0,0.0,0.0,0.0,0.0,0.0,12450.0,12600.0,12350.0,12400.0,12500.0,HSX_FOREIGN_API,HOSE_SYMBOL_LEVEL,VND,2026-08-25T03:10:54Z,ff_hsx_symbol_daily_v1,56349a289d8d2ab48a976ff86307f6871bac30c3a1774b1ed46d723bdf47d433
2025-07-04,HHV,HOSE,10596400000.0,14339945000.0,-3743545000.0,851300.0,1152300.0,-301000.0,0.0,0.0,0.0,0.0,12450.0,12550.0,12400.0,12500.0,12450.0,HSX_FOREIGN_API,HOSE_SYMBOL_LEVEL,VND,2026-08-25T03:10:54Z,ff_hsx_symbol_daily_v1,64c97be84115eef512e3807d2a9fbef8f84327633ce8e5fadc00e1359db24d95
2025-07-07,HHV,HOSE,20602000000.0,12650000.0,20589350000.0,1634200.0,1000.0,1633200.0,0.0,0.0,0.0,0.0,12550.0,12700.0,12500.0,12700.0,12600.0,HSX_FOREIGN_API,HOSE_SYMBOL_LEVEL,VND,2026-08-25T03:10:54Z,ff_hsx_symbol_daily_v1,81d2021cdc166128bcf97a4467afbbfa9ea923edc3159622b47eea3d45940380
2025-07-08,HHV,HOSE,3956860000.0,5108235000.0,-1151375000.0,312000.0,400400.0,-88400.0,0.0,0.0,0.0,0.0,12800.0,12850.0,12600.0,12700.0,12700.0,HSX_FOREIGN_API,HOSE_SYMBOL_LEVEL,VND,2026-08-25T03:10:54Z,ff_hsx_symbol_daily_v1,b6db4a298e9e671b75e317889ca33b4ffb8f311c27e9314a7045e3c3db38fa21
2025-07-09,HHV,HOSE,8687070000.0,20031660000.0,-11344590000.0,681900.0,1571600.0,-889700.0,0.0,0.0,0.0,0.0,12800.0,12900.0,12650.0,12750.0,12750.0,HSX_FOREIGN_API,HOSE_SYMBOL_LEVEL,VND,2026-08-25T03:10:54Z,ff_hsx_symbol_daily_v1,4fb079ca0e549c6e4a275ac585438a8a8f1326eb4064e7f3e6a20dc51148d378
2025-07-10,HHV,HOSE,3253115000.0,28799700000.0,-25546585000.0,252100.0,2245800.0,-1993700.0,0.0,0.0,0.0,0.0,12850.0,13050.0,12700.0,12800.0,12850.0,HSX_FOREIGN_API,HOSE_SYMBOL_LEVEL,VND,2026-08-25T03:10:54Z,ff_hsx_symbol_daily_v1,78a8566dc16eafcfe6ebe237c71f4f6015332080ba19949d2d9e7caf4fbef313
2025-07-11,HHV,HOSE,1358635000.0,12053825000.0,-10695190000.0,106900.0,945600.0,-838700.0,0.0,0.0,0.0,0.0,12800.0,12850.0,12600.0,12650.0,12700.0,HSX_FOREIGN_API,HOSE_SYMBOL_LEVEL,VND,2026-08-25T03:10:54Z,ff_hsx_symbol_daily_v1,ec5c0b6c653236361c562e2c142b770ffac99ddf8af9ff2b9eb0fd66f1ab1229
2025-07-14,HHV,HOSE,24570915000.0,7375265000.0,17195650000.0,1917700.0,572900.0,1344800.0,0.0,0.0,0.0,0.0,12750.0,13100.0,12500.0,13000.0,12800.0,HSX_FOREIGN_API,HOSE_SYMBOL_LEVEL,VND,2026-08-25T03:10:54Z,ff_hsx_symbol_daily_v1,c1df28a78f640a72b864a303604ad45c607d042d0edec3e5f03df2e8ac7d2eb8
2025-07-15,HHV,HOSE,1258070000.0,3846260000.0,-2588190000.0,97400.0,294800.0,-197400.0,0.0,0.0,0.0,0.0,13150.0,13150.0,12850.0,12900.0,12950.0,HSX_FOREIGN_API,HOSE_SYMBOL_LEVEL,VND,2026-08-25T03:10:54Z,ff_hsx_symbol_daily_v1,29cf37704a7cf84a5813b13072d5b0b2d7314a532de7fd1ca879eeea1e38cb0f
2025-07-16,HHV,HOSE,58532815000.0,1396747800.0,57136067200.0,4453500.0,104992.0,4348508.0,0.0,0.0,0.0,0.0,12850.0,13600.0,12850.0,13400.0,13250.0,HSX_FOREIGN_API,HOSE_SYMBOL_LEVEL,VND,2026-08-25T03:10:54Z,ff_hsx_symbol_daily_v1,b8bc05736dea454c8edf816f64d1a6286cc90fea96051a7820b36a10836047ee
2025-07-17,HHV,HOSE,25674045800.0,19581935000.0,6092110800.0,1890128.0,1440300.0,449828.0,0.0,0.0,0.0,0.0,13550.0,13900.0,13400.0,13650.0,13650.0,HSX_FOREIGN_API,HOSE_SYMBOL_LEVEL,VND,2026-08-25T03:10:54Z,ff_hsx_symbol_daily_v1,2cd5b50751f96caac67fcf5d2093cf501bfafe51dd721e08203357f4a9931282
2025-07-18,HHV,HOSE,155280000.0,8084765500.0,-7929485500.0,12000.0,621505.0,-609505.0,0.0,0.0,0.0,0.0,13300.0,13300.0,12800.0,12900.0,13000.0,HSX_FOREIGN_API,HOSE_SYMBOL_LEVEL,VND,2026-08-25T03:10:54Z,ff_hsx_symbol_daily_v1,b5bc6a3448010ac5682e1dbcc5b229a44b87279bea7a773564e5ed368840741a
2025-07-21,HHV,HOSE,9492260000.0,14367780000.0,-4875520000.0,731700.0,1106165.0,-374465.0,0.0,0.0,0.0,0.0,13050.0,13100.0,12800.0,12850.0,12950.0,HSX_FOREIGN_API,HOSE_SYMBOL_LEVEL,VND,2026-08-25T03:10:54Z,ff_hsx_symbol_daily_v1,e110ae4e4ff1c068fc17e706de44a19e9bc5f3cccb7716e3f90dcfd63fbe4a5c
2025-07-22,HHV,HOSE,15921800000.0,6001790000.0,9920010000.0,1246600.0,464800.0,781800.0,0.0,0.0,0.0,0.0,12650.0,13000.0,12600.0,13000.0,12850.0,HSX_FOREIGN_API,HOSE_SYMBOL_LEVEL,VND,2026-08-25T03:10:54Z,ff_hsx_symbol_daily_v1,f2c3099f6bf2d596e5e314a3d272ea8998e677a51d1d0510d205c57704035d51
2025-07-23,HHV,HOSE,13747815000.0,20794750000.0,-7046935000.0,1034200.0,1561200.0,-527000.0,0.0,0.0,0.0,0.0,13100.0,13600.0,13050.0,13150.0,13300.0,HSX_FOREIGN_API,HOSE_SYMBOL_LEVEL,VND,2026-08-25T03:10:54Z,ff_hsx_symbol_daily_v1,138dcb59f7e39ff4805b3a16feb760d00b5cabc02910465ebe96378f3a55f69e
2025-07-24,HHV,HOSE,256395000.0,16122475000.0,-15866080000.0,19800.0,1231100.0,-1211300.0,0.0,0.0,0.0,0.0,13200.0,13250.0,12850.0,12950.0,13000.0,HSX_FOREIGN_API,HOSE_SYMBOL_LEVEL,VND,2026-08-25T03:10:54Z,ff_hsx_symbol_daily_v1,e9dd4cbba982ebf9b5e4de13519e8fb044995b3cb5fa6d13396016d00480e7e3
2025-07-25,HHV,HOSE,25838065000.0,7629175000.0,18208890000.0,1955000.0,574200.0,1380800.0,0.0,0.0,0.0,0.0,13050.0,13400.0,13000.0,13150.0,13200.0,HSX_FOREIGN_API,HOSE_SYMBOL_LEVEL,VND,2026-08-25T03:10:54Z,ff_hsx_symbol_daily_v1,8c1ff1b3d51ae1ecb13725565f19ddabd603d2e4cc23b61fb3054d876297503d
2025-07-28,HHV,HOSE,5987513600.0,3030455000.0,2957058600.0,449579.0,226300.0,223279.0,0.0,0.0,0.0,0.0,13250.0,13500.0,13100.0,13450.0,13350.0,HSX_FOREIGN_API,HOSE_SYMBOL_LEVEL,VND,2026-08-25T03:10:54Z,ff_hsx_symbol_daily_v1,bae434b98618dba7a8f97114bf15e57f24b9a2400cb982c38045bc60e32834f4
2025-07-29,HHV,HOSE,13389168450.0,41928297500.0,-28539129050.0,1020146.0,3205850.0,-2185704.0,0.0,0.0,0.0,0.0,13600.0,13600.0,12550.0,12550.0,13000.0,HSX_FOREIGN_API,HOSE_SYMBOL_LEVEL,VND,2026-08-25T03:10:54Z,ff_hsx_symbol_daily_v1,bba7cbf279d1fdf6ba9e35134df178085110531ed40e818e828cf1612ac42c29
2025-07-30,HHV,HOSE,3091145000.0,33234140000.0,-30142995000.0,249200.0,2652200.0,-2403000.0,0.0,0.0,0.0,0.0,12600.0,12750.0,12250.0,12450.0,12500.0,HSX_FOREIGN_API,HOSE_SYMBOL_LEVEL,VND,2026-08-25T03:10:54Z,ff_hsx_symbol_daily_v1,b1af200d110982b69659f305d04e5e7b6955aaa37063e8a8a1c5a169e0b0f022
2025-07-31,HHV,HOSE,9168424000.0,6623950000.0,2544474000.0,736820.0,526900.0,209920.0,0.0,0.0,0.0,0.0,12600.0,12800.0,12350.0,12800.0,12550.0,HSX_FOREIGN_API,HOSE_SYMBOL_LEVEL,VND,2026-08-25T03:10:54Z,ff_hsx_symbol_daily_v1,c0cd55852c986fdc3e40bae456dbc47055ec62828a4ff73786db0a648b3f0ecf
2025-08-01,HHV,HOSE,10615465000.0,14112120000.0,-3496655000.0,824100.0,1086300.0,-262200.0,0.0,0.0,0.0,0.0,12800.0,13200.0,12700.0,12800.0,12950.0,HSX_FOREIGN_API,HOSE_SYMBOL_LEVEL,VND,2026-08-25T03:10:54Z,ff_hsx_symbol_daily_v1,5153e0a8bcee3fa703a6c51a9fa8c3b0dd2e40664c08f113621c52c57b8c0c4f
2025-08-04,HHV,HOSE,8175860000.0,1614695000.0,6561165000.0,629900.0,124400.0,505500.0,0.0,0.0,0.0,0.0,12900.0,13100.0,12850.0,13000.0,13000.0,HSX_FOREIGN_API,HOSE_SYMBOL_LEVEL,VND,2026-08-25T03:10:54Z,ff_hsx_symbol_daily_v1,d31126d9270f3a7b2334cf819b579d70a898acb81836b49eddc4ac52aff07395
2025-08-05,HHV,HOSE,69660325000.0,6817634350.0,62842690650.0,5235400.0,514761.0,4720639.0,0.0,0.0,0.0,0.0,13200.0,13500.0,12800.0,13150.0,13300.0,HSX_FOREIGN_API,HOSE_SYMBOL_LEVEL,VND,2026-08-25T03:10:54Z,ff_hsx_symbol_daily_v1,7e41ff7db39e225e169f36c1b0b530a8e2bc75e5dbbf255fe8c9add6a8614bd2
2025-08-06,HHV,HOSE,6514375000.0,2285985000.0,4228390000.0,493250.0,172500.0,320750.0,0.0,0.0,0.0,0.0,13300.0,13350.0,13100.0,13200.0,13200.0,HSX_FOREIGN_API,HOSE_SYMBOL_LEVEL,VND,2026-08-25T03:10:54Z,ff_hsx_symbol_daily_v1,414c91c8951515ad90a65080669d30e901e33d7890b04bb4b94743a6f4f253dc
2025-08-07,HHV,HOSE,25411853400.0,18808795000.0,6603058400.0,1872851.0,1366900.0,505951.0,0.0,0.0,0.0,0.0,13350.0,13900.0,13100.0,13850.0,13600.0,HSX_FOREIGN_API,HOSE_SYMBOL_LEVEL,VND,2026-08-25T03:10:54Z,ff_hsx_symbol_daily_v1,67905c88b1bb123c1f846640647e3f7ae65399ac1658ca3a18d75c74b1ce5070
2025-08-08,HHV,HOSE,8209990000.0,30893360000.0,-22683370000.0,600200.0,2230300.0,-1630100.0,0.0,0.0,0.0,0.0,14000.0,14100.0,13450.0,13700.0,13700.0,HSX_FOREIGN_API,HOSE_SYMBOL_LEVEL,VND,2026-08-25T03:10:54Z,ff_hsx_symbol_daily_v1,8e6a8a3f2033f8cc7fc5063fe8eea93f5293a53e8677082873ef364a1dc77b9f
2025-08-11,HHV,HOSE,35969336400.0,729015000.0,35240321400.0,2517103.0,51800.0,2465303.0,0.0,0.0,0.0,0.0,13950.0,14650.0,13950.0,14650.0,14500.0,HSX_FOREIGN_API,HOSE_SYMBOL_LEVEL,VND,2026-08-25T03:10:54Z,ff_hsx_symbol_daily_v1,0add0f3eec192b7b18b6f6373c77cfcf8539b67cfc272d3245dbf373c9189f1f
2025-08-12,HHV,HOSE,14833770450.0,49671182500.0,-34837412050.0,1010825.0,3355825.0,-2345000.0,0.0,0.0,0.0,0.0,14950.0,15250.0,14350.0,15050.0,14850.0,HSX_FOREIGN_API,HOSE_SYMBOL_LEVEL,VND,2026-08-25T03:10:54Z,ff_hsx_symbol_daily_v1,ebc71452173831bda771fc74bc80c892cc3ae6bef8a588af1ae4c82762d30cea
2025-08-13,HHV,HOSE,12895000000.0,10647505000.0,2247495000.0,869000.0,701400.0,167600.0,0.0,0.0,0.0,0.0,15200.0,15500.0,14650.0,15000.0,15050.0,HSX_FOREIGN_API,HOSE_SYMBOL_LEVEL,VND,2026-08-25T03:10:54Z,ff_hsx_symbol_daily_v1,933582566c9302f33eeb9eae9e845f0eff7c33cafc1ddc6f2ff6e1fd30b0aad6
2025-08-14,HHV,HOSE,21745390000.0,38493910000.0,-16748520000.0,1472400.0,2586300.0,-1113900.0,0.0,0.0,0.0,0.0,15150.0,15200.0,14600.0,14800.0,14800.0,HSX_FOREIGN_API,HOSE_SYMBOL_LEVEL,VND,2026-08-25T03:10:54Z,ff_hsx_symbol_daily_v1,a941098880041a9d9eeca165fbc86a80b7bf4965a5c77e391484f2bdec0e487e
2025-08-15,HHV,HOSE,22453420000.0,17321905000.0,5131515000.0,1508300.0,1155500.0,352800.0,0.0,0.0,0.0,0.0,14900.0,15400.0,14600.0,14750.0,14950.0,HSX_FOREIGN_API,HOSE_SYMBOL_LEVEL,VND,2026-08-25T03:10:54Z,ff_hsx_symbol_daily_v1,956d609c5a68ce5292dba6f899b21c652e11e0ef345762d8f20d38db94a8f05d
2025-08-18,HHV,HOSE,27286785000.0,4237060000.0,23049725000.0,1757000.0,269500.0,1487500.0,0.0,0.0,0.0,0.0,15150.0,15750.0,15100.0,15750.0,15650.0,HSX_FOREIGN_API,HOSE_SYMBOL_LEVEL,VND,2026-08-25T03:10:54Z,ff_hsx_symbol_daily_v1,d18caa3fa5a350069098e3ceb366232ad1c1949111f4b3ff4d451bf8219ee455
2025-08-19,HHV,HOSE,4219800000.0,36589298900.0,-32369498900.0,258700.0,2227753.0,-1969053.0,0.0,0.0,0.0,0.0,16350.0,16800.0,15850.0,15900.0,16250.0,HSX_FOREIGN_API,HOSE_SYMBOL_LEVEL,VND,2026-08-25T03:10:54Z,ff_hsx_symbol_daily_v1,9d0bdada9d51c25937cfd7d3970e5e741fe8075f8d0ee985c4fc0d01e0569f28
2025-08-20,HHV,HOSE,68355940000.0,23709036800.0,44646903200.0,4478800.0,1515952.0,2962848.0,0.0,0.0,0.0,0.0,15850.0,15900.0,14800.0,15400.0,15300.0,HSX_FOREIGN_API,HOSE_SYMBOL_LEVEL,VND,2026-08-25T03:10:54Z,ff_hsx_symbol_daily_v1,4e5b56bb3a9b7ecd588ae9313261141366cf0c02224635b90e2b0d0c5d1cabef
2025-08-21,HHV,HOSE,11519215000.0,9762740000.0,1756475000.0,763600.0,640100.0,123500.0,0.0,0.0,0.0,0.0,15650.0,15650.0,14950.0,15000.0,15100.0,HSX_FOREIGN_API,HOSE_SYMBOL_LEVEL,VND,2026-08-25T03:10:54Z,ff_hsx_symbol_daily_v1,a1be9f86bbcc3541e53f6f6a608a7abc67a8ea4d2237a53545a43b5649660347
2025-08-22,HHV,HOSE,51538780000.0,13214570000.0,38324210000.0,3445000.0,879500.0,2565500.0,0.0,0.0,0.0,0.0,14600.0,15500.0,14300.0,15100.0,15000.0,HSX_FOREIGN_API,HOSE_SYMBOL_LEVEL,VND,2026-08-25T03:10:54Z,ff_hsx_symbol_daily_v1,f14076bf0960b92a477de40b65d15aa564fa29c9b0fe606d4b6435c8aea2507b
2025-08-25,HHV,HOSE,8454295000.0,72121420000.0,-63667125000.0,586400.0,4864500.0,-4278100.0,0.0,0.0,0.0,0.0,15450.0,15500.0,14150.0,14250.0,14650.0,HSX_FOREIGN_API,HOSE_SYMBOL_LEVEL,VND,2026-08-25T03:10:54Z,ff_hsx_symbol_daily_v1,f7ceaa65fdfccc6893fbcc544c21a4ba05beefbcdf99b7dc1a6f6adf4060240b
2025-08-26,HHV,HOSE,12882330000.0,8536077500.0,4346252500.0,881900.0,583107.0,298793.0,0.0,0.0,0.0,0.0,14200.0,15050.0,14200.0,15000.0,14600.0,HSX_FOREIGN_API,HOSE_SYMBOL_LEVEL,VND,2026-08-25T03:10:54Z,ff_hsx_symbol_daily_v1,60606d164b936605c638551c5f72352228012b44979ba19a84be80d8453170ae
2025-08-27,HHV,HOSE,1447080000.0,33143140000.0,-31696060000.0,98000.0,2225600.0,-2127600.0,0.0,0.0,0.0,0.0,15100.0,15100.0,14650.0,14750.0,14850.0,HSX_FOREIGN_API,HOSE_SYMBOL_LEVEL,VND,2026-08-25T03:10:54Z,ff_hsx_symbol_daily_v1,4a6b82f7efc9519af743cfe8c3d3d47e2f9ff4fe67614d9600f7a0d51cb002ca
2025-08-28,HHV,HOSE,2137179850.0,12366890000.0,-10229710150.0,144101.0,829100.0,-684999.0,0.0,0.0,0.0,0.0,14800.0,15050.0,14700.0,14850.0,14850.0,HSX_FOREIGN_API,HOSE_SYMBOL_LEVEL,VND,2026-08-25T03:10:54Z,ff_hsx_symbol_daily_v1,b25426c9535dea7477f3ace1d29f60c089e874b30323be9289b9709f595c22d8
2025-08-29,HHV,HOSE,1009285000.0,21049236400.0,-20039951400.0,67900.0,1413072.0,-1345172.0,0.0,0.0,0.0,0.0,14850.0,15000.0,14800.0,14800.0,14900.0,HSX_FOREIGN_API,HOSE_SYMBOL_LEVEL,VND,2026-08-25T03:10:54Z,ff_hsx_symbol_daily_v1,d7188260629abdea42444f50437ed944190ba8503692b437138f1b1c21dfadff
2025-09-03,HHV,HOSE,19885605000.0,7357810000.0,12527795000.0,1317700.0,479100.0,838600.0,0.0,0.0,0.0,0.0,14850.0,15500.0,14850.0,15250.0,15250.0,HSX_FOREIGN_API,HOSE_SYMBOL_LEVEL,VND,2026-08-25T03:10:54Z,ff_hsx_symbol_daily_v1,31cdcba64497fcb6e8f029b34c726a1f0170f1bc999353cceae17b2dd5ce2aa7
2025-09-04,HHV,HOSE,15595090000.0,7542905000.0,8052185000.0,1009300.0,485500.0,523800.0,0.0,0.0,0.0,0.0,15450.0,15800.0,15300.0,15600.0,15550.0,HSX_FOREIGN_API,HOSE_SYMBOL_LEVEL,VND,2026-08-25T03:10:54Z,ff_hsx_symbol_daily_v1,01404579c1c9fd8a691848e33f243bbc3ae2c028b949faf0c11a213ed8ba8711
2025-09-05,HHV,HOSE,12780850000.0,1424505000.0,11356345000.0,821300.0,89400.0,731900.0,0.0,0.0,0.0,0.0,15750.0,16200.0,15000.0,15350.0,15800.0,HSX_FOREIGN_API,HOSE_SYMBOL_LEVEL,VND,2026-08-25T03:10:54Z,ff_hsx_symbol_daily_v1,51a28a250b0c21aa98f55cfd02a6af6cefe827c31ac40942e5e9d5caa1ca5f51
2025-09-08,HHV,HOSE,6700025000.0,14703085000.0,-8003060000.0,445300.0,972000.0,-526700.0,0.0,0.0,0.0,0.0,15250.0,15350.0,14750.0,14750.0,15000.0,HSX_FOREIGN_API,HOSE_SYMBOL_LEVEL,VND,2026-08-25T03:10:54Z,ff_hsx_symbol_daily_v1,3acede3b4c0981a52d6d55b3ef4eb64c5627d087c39f0b0a292a381f5f67d47e
2025-09-09,HHV,HOSE,3419929750.0,4507405000.0,-1087475250.0,234730.0,307300.0,-72570.0,0.0,0.0,0.0,0.0,14800.0,14900.0,14400.0,14750.0,14650.0,HSX_FOREIGN_API,HOSE_SYMBOL_LEVEL,VND,2026-08-25T03:10:54Z,ff_hsx_symbol_daily_v1,cf68bbed03e1e37aa7af160ace920b9dc58d234a057ceee86e1564b99d8be35b
2025-09-10,HHV,HOSE,1571620000.0,6992220000.0,-5420600000.0,106700.0,475200.0,-368500.0,0.0,0.0,0.0,0.0,14800.0,14950.0,14600.0,14600.0,14700.0,HSX_FOREIGN_API,HOSE_SYMBOL_LEVEL,VND,2026-08-25T03:10:54Z,ff_hsx_symbol_daily_v1,dcc0b7997458e0014bd9e266f9072f69512cd43f6fe65d7bfb7678c2a8d2b183
2025-09-11,HHV,HOSE,5428315000.0,11327740000.0,-5899425000.0,375900.0,786400.0,-410500.0,0.0,0.0,0.0,0.0,14600.0,14700.0,14200.0,14550.0,14400.0,HSX_FOREIGN_API,HOSE_SYMBOL_LEVEL,VND,2026-08-25T03:10:54Z,ff_hsx_symbol_daily_v1,d5879f157a45135cbb28744e4cdcbddc248a3ae269c6bcdf21b78a76a1276efa
2025-09-12,HHV,HOSE,20740505000.0,13959375000.0,6781130000.0,1383200.0,920000.0,463200.0,0.0,0.0,0.0,0.0,14750.0,15350.0,14700.0,15150.0,15100.0,HSX_FOREIGN_API,HOSE_SYMBOL_LEVEL,VND,2026-08-25T03:10:54Z,ff_hsx_symbol_daily_v1,2e2d70ee75057c3871f1d4be0b1ea59e9ab0f840130476870ce96c08c44d61b7
2025-09-15,HHV,HOSE,9335758500.0,12694754000.0,-3358995500.0,601227.0,815280.0,-214053.0,0.0,0.0,0.0,0.0,15400.0,15750.0,15300.0,15700.0,15500.0,HSX_FOREIGN_API,HOSE_SYMBOL_LEVEL,VND,2026-08-25T03:10:54Z,ff_hsx_symbol_daily_v1,e4055370aaa89f4dc590834409f08cf096ccf5c559458545797ad29cd2f44171
2025-09-16,HHV,HOSE,441385000.0,9207277150.0,-8765892150.0,28700.0,592733.0,-564033.0,0.0,0.0,0.0,0.0,15900.0,15950.0,15200.0,15250.0,15450.0,HSX_FOREIGN_API,HOSE_SYMBOL_LEVEL,VND,2026-08-25T03:10:54Z,ff_hsx_symbol_daily_v1,59fa45a7a351066dc28ba707ed418d75b802f3f0cf74749309774713d183438b
2025-09-17,HHV,HOSE,1429194850.0,9335625000.0,-7906430150.0,95999.0,620600.0,-524601.0,0.0,0.0,0.0,0.0,15200.0,15300.0,14800.0,14800.0,15000.0,HSX_FOREIGN_API,HOSE_SYMBOL_LEVEL,VND,2026-08-25T03:10:54Z,ff_hsx_symbol_daily_v1,9bd1c286b9084f77da581eebba0d6dc707412d40394c101e96f896bcd6f1b6f4
2025-09-18,HHV,HOSE,1021275000.0,8624174400.0,-7602899400.0,69000.0,570903.0,-501903.0,0.0,0.0,0.0,0.0,14900.0,15350.0,14700.0,15150.0,14950.0,HSX_FOREIGN_API,HOSE_SYMBOL_LEVEL,VND,2026-08-25T03:10:54Z,ff_hsx_symbol_daily_v1,f6d07ea2c0832e5206887df4e4e61272ea6809cb530f973fa8bd1a6dd794462b
2025-09-19,HHV,HOSE,196600000.0,8027250000.0,-7830650000.0,13000.0,531600.0,-518600.0,0.0,0.0,0.0,0.0,15150.0,15250.0,15000.0,15100.0,15100.0,HSX_FOREIGN_API,HOSE_SYMBOL_LEVEL,VND,2026-08-25T03:10:54Z,ff_hsx_symbol_daily_v1,7b7bf0cef68093c86af52d865f9afd8dedb8953b1c14b8577cbc5e9b0076a62c
2025-09-22,HHV,HOSE,8415415000.0,9484760350.0,-1069345350.0,557100.0,619968.0,-62868.0,0.0,0.0,0.0,0.0,15150.0,15450.0,14800.0,14950.0,15100.0,HSX_FOREIGN_API,HOSE_SYMBOL_LEVEL,VND,2026-08-25T03:10:54Z,ff_hsx_symbol_daily_v1,2e28aaeead60207964c130e4ba569c1aa843f67056a2a22c66475da59452a6d7
2025-09-23,HHV,HOSE,727495750.0,1476219000.0,-748723250.0,48825.0,97740.0,-48915.0,0.0,0.0,0.0,0.0,15050.0,15200.0,14850.0,15000.0,15050.0,HSX_FOREIGN_API,HOSE_SYMBOL_LEVEL,VND,2026-08-25T03:10:54Z,ff_hsx_symbol_daily_v1,f2a350cf49cb39175461092e7c382d3d3c98d3ee4f58dcb98f6c833877e46489
2025-09-24,HHV,HOSE,18635355000.0,261969450.0,18373385550.0,1226400.0,17289.0,1209111.0,0.0,0.0,0.0,0.0,15050.0,15400.0,14800.0,15400.0,15200.0,HSX_FOREIGN_API,HOSE_SYMBOL_LEVEL,VND,2026-08-25T03:10:54Z,ff_hsx_symbol_daily_v1,c6444bc20870aeb2d9efddb15ec087bebcccdb6c826c8fd6686a7b170012400e
2025-09-25,HHV,HOSE,45942236000.0,12012498500.0,33929737500.0,2821890.0,743830.0,2078060.0,0.0,0.0,0.0,0.0,15650.0,16450.0,15450.0,16450.0,16200.0,HSX_FOREIGN_API,HOSE_SYMBOL_LEVEL,VND,2026-08-25T03:10:54Z,ff_hsx_symbol_daily_v1,7e5e442d02e0c407475dae687269f07be5169f636bc703e3d8feb7ee788eaf30
2025-09-26,HHV,HOSE,23169500000.0,1960897900.0,21208602100.0,1375200.0,114362.0,1260838.0,0.0,0.0,0.0,0.0,16700.0,17350.0,16600.0,16600.0,17000.0,HSX_FOREIGN_API,HOSE_SYMBOL_LEVEL,VND,2026-08-25T03:10:54Z,ff_hsx_symbol_daily_v1,32dce7cff8706dffb0d7e7cb9a640c34d24d61fdbf30b2bea349c97e4ba63fb1
2025-09-29,HHV,HOSE,36549415000.0,19527025000.0,17022390000.0,2184600.0,1147000.0,1037600.0,0.0,0.0,0.0,0.0,16750.0,17350.0,16300.0,16750.0,16750.0,HSX_FOREIGN_API,HOSE_SYMBOL_LEVEL,VND,2026-08-25T03:10:54Z,ff_hsx_symbol_daily_v1,6e3140a37f6e85b0cea422b9cdccf59fee207d6791fc634500b3c65631250056
2025-09-30,HHV,HOSE,23575865000.0,32791055000.0,-9215190000.0,1481200.0,2018900.0,-537700.0,0.0,0.0,0.0,0.0,16850.0,16850.0,15750.0,16300.0,16100.0,HSX_FOREIGN_API,HOSE_SYMBOL_LEVEL,VND,2026-08-25T03:10:54Z,ff_hsx_symbol_daily_v1,033f17f18aad6e03cff710d3c79518b94831b8578aa14f17925b52e33c5e945b
2025-10-01,HHV,HOSE,8627510000.0,7333510000.0,1294000000.0,535100.0,451100.0,84000.0,0.0,0.0,0.0,0.0,16300.0,16400.0,16000.0,16150.0,16150.0,HSX_FOREIGN_API,HOSE_SYMBOL_LEVEL,VND,2026-08-25T03:10:54Z,ff_hsx_symbol_daily_v1,7b2729b8c03566ccc7ccabbbb3ecf0a530daa25fa279f1933010da5bcd4724ff
2025-10-02,HHV,HOSE,8763085000.0,18817975000.0,-10054890000.0,559700.0,1192200.0,-632500.0,0.0,0.0,0.0,0.0,16200.0,16200.0,15450.0,15450.0,15750.0,HSX_FOREIGN_API,HOSE_SYMBOL_LEVEL,VND,2026-08-25T03:10:54Z,ff_hsx_symbol_daily_v1,cc2d6f20e3dd9faa074fa53afc7210e49ea27846cc597d5384aa2a37bea9e408
2025-10-03,HHV,HOSE,15534370000.0,12426207400.0,3108162600.0,1021200.0,814258.0,206942.0,0.0,0.0,0.0,0.0,15300.0,15400.0,15050.0,15050.0,15200.0,HSX_FOREIGN_API,HOSE_SYMBOL_LEVEL,VND,2026-08-25T03:10:54Z,ff_hsx_symbol_daily_v1,bab60e27d61194f1e26d4ad7021b1253db0ade659be0ae65d8a2981253e5e999
2025-10-06,HHV,HOSE,765270000.0,29846590500.0,-29081320500.0,49400.0,1924301.0,-1874901.0,0.0,0.0,0.0,0.0,15200.0,15850.0,15150.0,15600.0,15450.0,HSX_FOREIGN_API,HOSE_SYMBOL_LEVEL,VND,2026-08-25T03:10:54Z,ff_hsx_symbol_daily_v1,50c13f2201927ad0eeefcf59606bb53ffeb137a338f0497dd3f80a329f803d73
2025-10-07,HHV,HOSE,4146825000.0,35214055000.0,-31067230000.0,263600.0,2240200.0,-1976600.0,0.0,0.0,0.0,0.0,15700.0,15950.0,15450.0,15450.0,15650.0,HSX_FOREIGN_API,HOSE_SYMBOL_LEVEL,VND,2026-08-25T03:10:54Z,ff_hsx_symbol_daily_v1,945e6267fbc16bd4915f3e2fd4c18067301234e7920b9910b272c9862ea2aaa2
2025-10-08,HHV,HOSE,1900850000.0,11353640000.0,-9452790000.0,120700.0,729500.0,-608800.0,0.0,0.0,0.0,0.0,15750.0,15800.0,15350.0,15500.0,15550.0,HSX_FOREIGN_API,HOSE_SYMBOL_LEVEL,VND,2026-08-25T03:10:54Z,ff_hsx_symbol_daily_v1,68a7a5baea95f45dd4f27cda5b72f306e035f39aca35cd44d7f94ca530021f38
2025-10-09,HHV,HOSE,3304775550.0,2299485000.0,1005290550.0,212301.0,146900.0,65401.0,0.0,0.0,0.0,0.0,15600.0,15750.0,15450.0,15600.0,15600.0,HSX_FOREIGN_API,HOSE_SYMBOL_LEVEL,VND,2026-08-25T03:10:54Z,ff_hsx_symbol_daily_v1,dd6978d5c1b3ef03ba6a8e921842c10a19e29d7a412bc6174a8aed174f497499
2025-10-10,HHV,HOSE,3806370000.0,6545480000.0,-2739110000.0,240800.0,410100.0,-169300.0,0.0,0.0,0.0,0.0,15650.0,16150.0,15650.0,15800.0,15900.0,HSX_FOREIGN_API,HOSE_SYMBOL_LEVEL,VND,2026-08-25T03:10:54Z,ff_hsx_symbol_daily_v1,cb03a65b33dd657aa5d1165c002a3cde1f1aa0a81c511314354d017042bfff82
2025-10-13,HHV,HOSE,4426225000.0,4261025000.0,165200000.0,282700.0,273000.0,9700.0,0.0,0.0,0.0,0.0,15500.0,15900.0,15450.0,15750.0,15650.0,HSX_FOREIGN_API,HOSE_SYMBOL_LEVEL,VND,2026-08-25T03:10:54Z,ff_hsx_symbol_daily_v1,b68c45fb2198e75d566ef53a985613e161155317a859f911e9241c387aa01ed8
2025-10-14,HHV,HOSE,214595750.0,5498540000.0,-5283944250.0,13801.0,349900.0,-336099.0,0.0,0.0,0.0,0.0,15950.0,16000.0,15350.0,15400.0,15700.0,HSX_FOREIGN_API,HOSE_SYMBOL_LEVEL,VND,2026-08-25T03:10:54Z,ff_hsx_symbol_daily_v1,36798a76ebf9b46d606a62ee028d88e34c0420475223c88bca8b4962ce01ca79
2025-10-15,HHV,HOSE,11117365000.0,3113745000.0,8003620000.0,724900.0,202200.0,522700.0,0.0,0.0,0.0,0.0,15400.0,15500.0,15250.0,15350.0,15350.0,HSX_FOREIGN_API,HOSE_SYMBOL_LEVEL,VND,2026-08-25T03:10:54Z,ff_hsx_symbol_daily_v1,df87e3fe6e1955b408181e9cbc5a70bd0ac2db74e4d02f38ad33bc5feb41d2ff
2025-10-16,HHV,HOSE,20097160000.0,2949040000.0,17148120000.0,1290500.0,187700.0,1102800.0,0.0,0.0,0.0,0.0,15400.0,15950.0,15300.0,15850.0,15700.0,HSX_FOREIGN_API,HOSE_SYMBOL_LEVEL,VND,2026-08-25T03:10:54Z,ff_hsx_symbol_daily_v1,ec7828ec6ff1580fc65e081cfb5ce336ddca3aad51185e2a31fe4bacbd82f085
2025-10-17,HHV,HOSE,18231755000.0,2761965000.0,15469790000.0,1144300.0,171400.0,972900.0,0.0,0.0,0.0,0.0,15950.0,16300.0,15700.0,15700.0,15950.0,HSX_FOREIGN_API,HOSE_SYMBOL_LEVEL,VND,2026-08-25T03:10:54Z,ff_hsx_symbol_daily_v1,1c3cb1e7d4d2584a3f6bf7879d544fb429ed074b1eddccbd49aa68abaaa6f2f9
2025-10-20,HHV,HOSE,30904817250.0,3339525000.0,27565292250.0,1976955.0,210300.0,1766655.0,0.0,0.0,0.0,0.0,15600.0,16050.0,14650.0,14650.0,15300.0,HSX_FOREIGN_API,HOSE_SYMBOL_LEVEL,VND,2026-08-25T03:10:54Z,ff_hsx_symbol_daily_v1,6a5c14db284aaf5dbfa4611de34c238701c16ab6caae5240cd0f4b0773d7acac
2025-10-21,HHV,HOSE,15020675000.0,22906882500.0,-7886207500.0,1043400.0,1544825.0,-501425.0,0.0,0.0,0.0,0.0,14700.0,15100.0,14100.0,14800.0,14650.0,HSX_FOREIGN_API,HOSE_SYMBOL_LEVEL,VND,2026-08-25T03:10:54Z,ff_hsx_symbol_daily_v1,25f558016b1b9bd90506f3ffceb2dffaf62a56db36c962b83668cf4016cb82ae
2025-10-22,HHV,HOSE,1780950000.0,12988290000.0,-11207340000.0,122800.0,890000.0,-767200.0,0.0,0.0,0.0,0.0,15000.0,15050.0,14200.0,14800.0,14500.0,HSX_FOREIGN_API,HOSE_SYMBOL_LEVEL,VND,2026-08-25T03:10:54Z,ff_hsx_symbol_daily_v1,3348ebea385eade270ad1204f450edf262aac40b4ce55d8833886c96edd51719
2025-10-23,HHV,HOSE,1380540000.0,16593315000.0,-15212775000.0,92800.0,1110200.0,-1017400.0,0.0,0.0,0.0,0.0,14800.0,15200.0,14650.0,14650.0,14900.0,HSX_FOREIGN_API,HOSE_SYMBOL_LEVEL,VND,2026-08-25T03:10:54Z,ff_hsx_symbol_daily_v1,d7473cb769d714faf81d305e99b93d9061e1d61aa5ed4600280b72d96ce95efc
2025-10-24,HHV,HOSE,2142830000.0,16841415000.0,-14698585000.0,148400.0,1160600.0,-1012200.0,0.0,0.0,0.0,0.0,14650.0,14750.0,14300.0,14450.0,14450.0,HSX_FOREIGN_API,HOSE_SYMBOL_LEVEL,VND,2026-08-25T03:10:54Z,ff_hsx_symbol_daily_v1,807eb0d316bd2802ea27bbb6cf1352e09bdbb9029c43edeadb3e12c330fe6e51
2025-10-27,HHV,HOSE,1645141300.0,7292930000.0,-5647788700.0,113290.0,504900.0,-391610.0,0.0,0.0,0.0,0.0,14650.0,14750.0,14350.0,14450.0,14500.0,HSX_FOREIGN_API,HOSE_SYMBOL_LEVEL,VND,2026-08-25T03:10:54Z,ff_hsx_symbol_daily_v1,cceb0a740321b720cd3b912fe9410e7aeac84f2e927be2d2e58b65e843267799
2025-10-28,HHV,HOSE,4071425000.0,5804175000.0,-1732750000.0,283100.0,405000.0,-121900.0,0.0,0.0,0.0,0.0,14400.0,14650.0,14200.0,14600.0,14400.0,HSX_FOREIGN_API,HOSE_SYMBOL_LEVEL,VND,2026-08-25T03:10:54Z,ff_hsx_symbol_daily_v1,5a68428899e67ecee17be77636714b190b30df6b3a3e9b0881496ba307c55f71
2025-10-29,HHV,HOSE,5637035000.0,2455940000.0,3181095000.0,376900.0,163500.0,213400.0,0.0,0.0,0.0,0.0,14850.0,15100.0,14800.0,14900.0,14950.0,HSX_FOREIGN_API,HOSE_SYMBOL_LEVEL,VND,2026-08-25T03:10:54Z,ff_hsx_symbol_daily_v1,118aa0447a365ca313f9e22d48c4850de1fb9a8efcabf11b4d3a6ff4f7cd9e5f
2025-10-30,HHV,HOSE,11337825000.0,875997600.0,10461827400.0,759700.0,58637.0,701063.0,0.0,0.0,0.0,0.0,15000.0,15050.0,14800.0,14950.0,14900.0,HSX_FOREIGN_API,HOSE_SYMBOL_LEVEL,VND,2026-08-25T03:10:54Z,ff_hsx_symbol_daily_v1,3044e649c642bdea2a2798cf36d503fbcd944253058249e22e0cb2c8f35761bd
2025-10-31,HHV,HOSE,5898875000.0,8525930000.0,-2627055000.0,388800.0,565600.0,-176800.0,0.0,0.0,0.0,0.0,15000.0,15300.0,14750.0,14800.0,15000.0,HSX_FOREIGN_API,HOSE_SYMBOL_LEVEL,VND,2026-08-25T03:10:54Z,ff_hsx_symbol_daily_v1,2b92633b5660aa333d57de3f74d1ce7528be4b7d3f72514fb38fa247311a2f80
2025-11-03,HHV,HOSE,3938940000.0,5366790000.0,-1427850000.0,277700.0,367000.0,-89300.0,0.0,0.0,0.0,0.0,14750.0,15000.0,14100.0,14100.0,14500.0,HSX_FOREIGN_API,HOSE_SYMBOL_LEVEL,VND,2026-08-25T03:10:54Z,ff_hsx_symbol_daily_v1,3c478382785d78758e23d381f7dcbe85e5c4553279969269dc86590ed6c81d3e
2025-11-04,HHV,HOSE,8604455000.0,7906630000.0,697825000.0,615100.0,563500.0,51600.0,0.0,0.0,0.0,0.0,14150.0,14550.0,13500.0,14400.0,13900.0,HSX_FOREIGN_API,HOSE_SYMBOL_LEVEL,VND,2026-08-25T03:10:54Z,ff_hsx_symbol_daily_v1,6c1ccffd719876f56475c5f8db4845db11a77eae17ec449d01e6844b62b0e50d
2025-11-05,HHV,HOSE,934725000.0,5031790000.0,-4097065000.0,65600.0,352000.0,-286400.0,0.0,0.0,0.0,0.0,14300.0,14400.0,14100.0,14100.0,14250.0,HSX_FOREIGN_API,HOSE_SYMBOL_LEVEL,VND,2026-08-25T03:10:54Z,ff_hsx_symbol_daily_v1,0f8a0ca915d6b482039f319d4c3ed5a327b6769b19a23cc8adbeae2d1103572c
2025-11-06,HHV,HOSE,5585040000.0,827410000.0,4757630000.0,392300.0,57600.0,334700.0,0.0,0.0,0.0,0.0,14200.0,14500.0,14100.0,14250.0,14300.0,HSX_FOREIGN_API,HOSE_SYMBOL_LEVEL,VND,2026-08-25T03:10:54Z,ff_hsx_symbol_daily_v1,8e60438cfb60bbae1b55588febe6cacb1d0817655b2047fb2a5c772df363fd47
2025-11-07,HHV,HOSE,1683070000.0,11489525000.0,-9806455000.0,120600.0,817100.0,-696500.0,0.0,0.0,0.0,0.0,14150.0,14300.0,13900.0,13900.0,14050.0,HSX_FOREIGN_API,HOSE_SYMBOL_LEVEL,VND,2026-08-25T03:10:54Z,ff_hsx_symbol_daily_v1,fb4b35b0a8b4bc28efe263280a5f524eae149b203a0ef7d2ccdc774659ec05b6
2025-11-10,HHV,HOSE,7508190000.0,1284355000.0,6223835000.0,560300.0,93700.0,466600.0,0.0,0.0,0.0,0.0,13600.0,13750.0,13200.0,13200.0,13450.0,HSX_FOREIGN_API,HOSE_SYMBOL_LEVEL,VND,2026-08-25T03:10:54Z,ff_hsx_symbol_daily_v1,c505606d09b1b588aba9663fd278a4b30eff0487d1c9de73586e4a04f2f915ce
2025-11-11,HHV,HOSE,1155315000.0,1277115000.0,-121800000.0,87000.0,95300.0,-8300.0,0.0,0.0,0.0,0.0,13300.0,13500.0,13150.0,13350.0,13300.0,HSX_FOREIGN_API,HOSE_SYMBOL_LEVEL,VND,2026-08-25T03:10:54Z,ff_hsx_symbol_daily_v1,1d952c78eb7fa7b72535d4a8f5602f2a01eb1120476f08251d51ea694dc5f42c
2025-11-12,HHV,HOSE,691600000.0,2103340000.0,-1411740000.0,50900.0,155300.0,-104400.0,0.0,0.0,0.0,0.0,13550.0,13700.0,13400.0,13650.0,13550.0,HSX_FOREIGN_API,HOSE_SYMBOL_LEVEL,VND,2026-08-25T03:10:54Z,ff_hsx_symbol_daily_v1,5e2fdd3173aa0b8c67d44b0a77e65ac5a3f03b03255950b50b787302a7bc8fc0
2025-11-13,HHV,HOSE,331215000.0,5195525200.0,-4864310200.0,24400.0,379950.0,-355550.0,0.0,0.0,0.0,0.0,13650.0,13800.0,13550.0,13550.0,13650.0,HSX_FOREIGN_API,HOSE_SYMBOL_LEVEL,VND,2026-08-25T03:10:54Z,ff_hsx_symbol_daily_v1,3c6474693a53b436b3690794f12197558b9662b3d4d9c38677a46c36cf41252f
2025-11-14,HHV,HOSE,1162080000.0,484120000.0,677960000.0,84900.0,35300.0,49600.0,0.0,0.0,0.0,0.0,13600.0,13800.0,13550.0,13600.0,13700.0,HSX_FOREIGN_API,HOSE_SYMBOL_LEVEL,VND,2026-08-25T03:10:54Z,ff_hsx_symbol_daily_v1,2c4d608a0b612f47d1ab6d742cff2c491f43c207e820c17740c086138418414b
2025-11-17,HHV,HOSE,3822180000.0,4145885000.0,-323705000.0,273000.0,294100.0,-21100.0,0.0,0.0,0.0,0.0,13850.0,14400.0,13850.0,14400.0,14150.0,HSX_FOREIGN_API,HOSE_SYMBOL_LEVEL,VND,2026-08-25T03:10:54Z,ff_hsx_symbol_daily_v1,3be6f65d8873e4935bd5552e04fb8ea12bf6bcc2a9e29866208bd70b2d954bd0
2025-11-18,HHV,HOSE,924940000.0,4551360000.0,-3626420000.0,65100.0,318200.0,-253100.0,0.0,0.0,0.0,0.0,14400.0,14450.0,14150.0,14300.0,14300.0,HSX_FOREIGN_API,HOSE_SYMBOL_LEVEL,VND,2026-08-25T03:10:54Z,ff_hsx_symbol_daily_v1,f3093c5f39f6e1d92476844b54e05feee2aca3f4f4cb012a9d13b458640c9b1a
2025-11-19,HHV,HOSE,6927580000.0,1532375000.0,5395205000.0,483000.0,104800.0,378200.0,0.0,0.0,0.0,0.0,14300.0,14700.0,14200.0,14250.0,14400.0,HSX_FOREIGN_API,HOSE_SYMBOL_LEVEL,VND,2026-08-25T03:10:54Z,ff_hsx_symbol_daily_v1,eaf0b7d2db63eadeb910a7fa55ed6dfeba86eacfc391ef35b2b931a7df46c007
2025-11-20,HHV,HOSE,1814710000.0,2783745000.0,-969035000.0,127700.0,194700.0,-67000.0,0.0,0.0,0.0,0.0,14300.0,14400.0,14100.0,14200.0,14250.0,HSX_FOREIGN_API,HOSE_SYMBOL_LEVEL,VND,2026-08-25T03:10:54Z,ff_hsx_symbol_daily_v1,086c482535aad66ef6cf3dd21c682bdb77bce9b6bc12b521aa13ed9e01aaafba
2025-11-21,HHV,HOSE,4291840000.0,3246930000.0,1044910000.0,304800.0,230100.0,74700.0,0.0,0.0,0.0,0.0,14200.0,14200.0,14000.0,14100.0,14100.0,HSX_FOREIGN_API,HOSE_SYMBOL_LEVEL,VND,2026-08-25T03:10:54Z,ff_hsx_symbol_daily_v1,a0a5876b67be831552e2aa7b2ca810b8ad73673c69a63431bc49d0c86257ed5e
2025-11-24,HHV,HOSE,717455000.0,2468690000.0,-1751235000.0,50600.0,174000.0,-123400.0,0.0,0.0,0.0,0.0,14150.0,14300.0,14050.0,14050.0,14150.0,HSX_FOREIGN_API,HOSE_SYMBOL_LEVEL,VND,2026-08-25T03:10:54Z,ff_hsx_symbol_daily_v1,75f65d812b16424cf9e767a60b7ca88564db1f7ba3f5527194fe2551a20dfcff
2025-11-25,HHV,HOSE,4892005000.0,4021610000.0,870395000.0,349900.0,287600.0,62300.0,0.0,0.0,0.0,0.0,14150.0,14150.0,13800.0,13800.0,13950.0,HSX_FOREIGN_API,HOSE_SYMBOL_LEVEL,VND,2026-08-25T03:10:54Z,ff_hsx_symbol_daily_v1,94d450e3ee56a1880d5df8473953386db31b53e62265c780543e171fe80d41ad
2025-11-26,HHV,HOSE,8889575000.0,2272715000.0,6616860000.0,631100.0,161400.0,469700.0,0.0,0.0,0.0,0.0,13800.0,14200.0,13800.0,14150.0,14050.0,HSX_FOREIGN_API,HOSE_SYMBOL_LEVEL,VND,2026-08-25T03:10:54Z,ff_hsx_symbol_daily_v1,1944b081ee9274bb4aac47753f730f6226a8b2dee2a3b56269e04060ce55e014
2025-11-27,HHV,HOSE,3331680000.0,1663640000.0,1668040000.0,235300.0,117000.0,118300.0,0.0,0.0,0.0,0.0,14250.0,14300.0,14000.0,14000.0,14150.0,HSX_FOREIGN_API,HOSE_SYMBOL_LEVEL,VND,2026-08-25T03:10:54Z,ff_hsx_symbol_daily_v1,c3cda850a6a92fe138d7f86c031cff0dd520a65ac0e56f7d7f1962abe029af80
2025-11-28,HHV,HOSE,8292485000.0,1317869000.0,6974616000.0,585800.0,92280.0,493520.0,0.0,0.0,0.0,0.0,14100.0,14350.0,14000.0,14250.0,14200.0,HSX_FOREIGN_API,HOSE_SYMBOL_LEVEL,VND,2026-08-25T03:10:54Z,ff_hsx_symbol_daily_v1,439d86a4e061af5983721da3369081bab4aa61df92441d997f776e8d4c9d46c7
2025-12-01,HHV,HOSE,2575131250.0,14527100000.0,-11951968750.0,177725.0,1007300.0,-829575.0,0.0,0.0,0.0,0.0,14450.0,14600.0,14250.0,14250.0,14450.0,HSX_FOREIGN_API,HOSE_SYMBOL_LEVEL,VND,2026-08-25T03:10:54Z,ff_hsx_symbol_daily_v1,60d3b77d3a3a99d0787ebcd3980f0febe0ff2d41766ef8e14e3b3ea5725b98de
2025-12-02,HHV,HOSE,2222540000.0,3413730000.0,-1191190000.0,156700.0,240000.0,-83300.0,0.0,0.0,0.0,0.0,14200.0,14300.0,14000.0,14250.0,14200.0,HSX_FOREIGN_API,HOSE_SYMBOL_LEVEL,VND,2026-08-25T03:10:54Z,ff_hsx_symbol_daily_v1,914ed3f6182b4b63a978ed82657d7e541c1dc43c9d59ff84b540e74d2536651e
2025-12-03,HHV,HOSE,1505025000.0,2941375000.0,-1436350000.0,105000.0,204600.0,-99600.0,0.0,0.0,0.0,0.0,14350.0,14450.0,14250.0,14400.0,14350.0,HSX_FOREIGN_API,HOSE_SYMBOL_LEVEL,VND,2026-08-25T03:10:54Z,ff_hsx_symbol_daily_v1,0e0f94a8f78f418b4581552862bff824f0220949149bea5cd121675e5c6f8959
2025-12-04,HHV,HOSE,8773010000.0,3162290000.0,5610720000.0,605700.0,217700.0,388000.0,0.0,0.0,0.0,0.0,14400.0,14600.0,14350.0,14500.0,14500.0,HSX_FOREIGN_API,HOSE_SYMBOL_LEVEL,VND,2026-08-25T03:10:54Z,ff_hsx_symbol_daily_v1,8fac184a78cf306d3a81bfdc22e3fbf457fdde9c88e10bd7f4a02c17effc3c1e
2025-12-05,HHV,HOSE,4967250000.0,2604578700.0,2362671300.0,346400.0,181726.0,164674.0,0.0,0.0,0.0,0.0,14500.0,14500.0,14150.0,14450.0,14300.0,HSX_FOREIGN_API,HOSE_SYMBOL_LEVEL,VND,2026-08-25T03:10:54Z,ff_hsx_symbol_daily_v1,ec102d4fbeb2fbc7c9b4ea5643540247a4c037f66af2f53e8d7ab53c5e095136
2025-12-08,HHV,HOSE,3519450000.0,7633005000.0,-4113555000.0,240200.0,518100.0,-277900.0,0.0,0.0,0.0,0.0,14500.0,14900.0,14500.0,14650.0,14700.0,HSX_FOREIGN_API,HOSE_SYMBOL_LEVEL,VND,2026-08-25T03:10:54Z,ff_hsx_symbol_daily_v1,3d1d96386c00fef9ea871e6989c0b1fe9926f12b11020171d8dda4c400970a69
2025-12-09,HHV,HOSE,8335815000.0,6329289000.0,2006526000.0,576500.0,436130.0,140370.0,0.0,0.0,0.0,0.0,14650.0,14900.0,14250.0,14800.0,14500.0,HSX_FOREIGN_API,HOSE_SYMBOL_LEVEL,VND,2026-08-25T03:10:54Z,ff_hsx_symbol_daily_v1,4c7a7c5c27a4433125373ba72f824e488a5065164fe1c44d2a440a04b33a5567
2025-12-10,HHV,HOSE,150780000.0,7295000000.0,-7144220000.0,10200.0,497000.0,-486800.0,0.0,0.0,0.0,0.0,14800.0,14850.0,14400.0,14400.0,14600.0,HSX_FOREIGN_API,HOSE_SYMBOL_LEVEL,VND,2026-08-25T03:10:54Z,ff_hsx_symbol_daily_v1,6365cab18c8058cd9caed788f08115beb1987b0acc263cee24a91f44b5d071e1
2025-12-11,HHV,HOSE,3332050000.0,3579675000.0,-247625000.0,230500.0,245800.0,-15300.0,0.0,0.0,0.0,0.0,14500.0,14700.0,14400.0,14400.0,14500.0,HSX_FOREIGN_API,HOSE_SYMBOL_LEVEL,VND,2026-08-25T03:10:54Z,ff_hsx_symbol_daily_v1,20e9252370f91ef6604d0ed03fd4377b750cc81c5f9256be7c5910bab7210a07
2025-12-12,HHV,HOSE,210740000.0,3116275000.0,-2905535000.0,14600.0,219500.0,-204900.0,0.0,0.0,0.0,0.0,14450.0,14500.0,13700.0,13700.0,14100.0,HSX_FOREIGN_API,HOSE_SYMBOL_LEVEL,VND,2026-08-25T03:10:54Z,ff_hsx_symbol_daily_v1,3e03dfd21c8c652a5333f54b4b3dbb8cdde05c3530079ee3c52126da237f92a0
2025-12-15,HHV,HOSE,1984530000.0,399530000.0,1585000000.0,145100.0,29000.0,116100.0,0.0,0.0,0.0,0.0,13700.0,13950.0,13500.0,13500.0,13700.0,HSX_FOREIGN_API,HOSE_SYMBOL_LEVEL,VND,2026-08-25T03:10:54Z,ff_hsx_symbol_daily_v1,5ca18a53ec7a9487ccf5fd55499edd921c87e872281a9e1275c3c39d98d87cb4
2025-12-16,HHV,HOSE,4223220000.0,736890000.0,3486330000.0,307300.0,53600.0,253700.0,0.0,0.0,0.0,0.0,13600.0,14050.0,13400.0,13950.0,13700.0,HSX_FOREIGN_API,HOSE_SYMBOL_LEVEL,VND,2026-08-25T03:10:54Z,ff_hsx_symbol_daily_v1,5c37857e48ef5bb1fd53386a6b843307f853fa7f681066a723cbf3c483975f28
2025-12-17,HHV,HOSE,1482710000.0,204870000.0,1277840000.0,105400.0,14600.0,90800.0,0.0,0.0,0.0,0.0,13950.0,14250.0,13900.0,13950.0,14050.0,HSX_FOREIGN_API,HOSE_SYMBOL_LEVEL,VND,2026-08-25T03:10:54Z,ff_hsx_symbol_daily_v1,d52b4a9b4a8127e36ef2940a20e1e184d95579bb51d784a726880f7e8006d5e1
2025-12-18,HHV,HOSE,1853340000.0,4955685000.0,-3102345000.0,132400.0,355400.0,-223000.0,0.0,0.0,0.0,0.0,13950.0,14100.0,13800.0,14100.0,13950.0,HSX_FOREIGN_API,HOSE_SYMBOL_LEVEL,VND,2026-08-25T03:10:54Z,ff_hsx_symbol_daily_v1,c27747a36a8ed2f31443e2b359ef259c0c3ee9be3954095310aa8fc43942ae6f
2025-12-19,HHV,HOSE,752910000.0,4484155000.0,-3731245000.0,54300.0,319600.0,-265300.0,0.0,0.0,0.0,0.0,14150.0,14200.0,13800.0,13850.0,13950.0,HSX_FOREIGN_API,HOSE_SYMBOL_LEVEL,VND,2026-08-25T03:10:54Z,ff_hsx_symbol_daily_v1,15474da454a2e8e882438bf55c629ef91b0aae7feee4c957270780b0161cc112
2025-12-22,HHV,HOSE,25102645000.0,508158750.0,24594486250.0,1794800.0,36425.0,1758375.0,0.0,0.0,0.0,0.0,13950.0,14100.0,13850.0,14000.0,14000.0,HSX_FOREIGN_API,HOSE_SYMBOL_LEVEL,VND,2026-08-25T03:10:54Z,ff_hsx_symbol_daily_v1,70e23f370ed71079d4ca207e0b7cd3439bdc7423d390ac5a820207d7aa82748f
2025-12-23,HHV,HOSE,16513845000.0,593737500.0,15920107500.0,1186000.0,42775.0,1143225.0,0.0,0.0,0.0,0.0,14100.0,14100.0,13700.0,13700.0,13850.0,HSX_FOREIGN_API,HOSE_SYMBOL_LEVEL,VND,2026-08-25T03:10:54Z,ff_hsx_symbol_daily_v1,215436e36c29993e184692b930c1a137265bf490ef18b4033eb6c81943b8f668
2025-12-24,HHV,HOSE,1260420000.0,2000900000.0,-740480000.0,92000.0,146000.0,-54000.0,0.0,0.0,0.0,0.0,13700.0,13800.0,13500.0,13500.0,13600.0,HSX_FOREIGN_API,HOSE_SYMBOL_LEVEL,VND,2026-08-25T03:10:54Z,ff_hsx_symbol_daily_v1,6b546a3b964ac63f5c6cacee91544a8c3a45faf32acb99c4c0f354145de50c03
2025-12-25,HHV,HOSE,86865000.0,5937920000.0,-5851055000.0,6520.0,441100.0,-434580.0,0.0,0.0,0.0,0.0,13350.0,13550.0,13250.0,13250.0,13400.0,HSX_FOREIGN_API,HOSE_SYMBOL_LEVEL,VND,2026-08-25T03:10:54Z,ff_hsx_symbol_daily_v1,73d95cfe419036135a25422422a8c5187b91ab5b8c9881ceeacb9ed0ed42eba2
2025-12-26,HHV,HOSE,408815000.0,592875000.0,-184060000.0,31100.0,45000.0,-13900.0,0.0,0.0,0.0,0.0,13200.0,13350.0,12950.0,13050.0,13100.0,HSX_FOREIGN_API,HOSE_SYMBOL_LEVEL,VND,2026-08-25T03:10:54Z,ff_hsx_symbol_daily_v1,f1edd1b54c716812bdd8b83dacd97a9498092ffdeb65be07624d3a380e2248ab
2025-12-29,HHV,HOSE,7977845000.0,1810820000.0,6167025000.0,609000.0,138400.0,470600.0,0.0,0.0,0.0,0.0,13050.0,13200.0,12950.0,13100.0,13050.0,HSX_FOREIGN_API,HOSE_SYMBOL_LEVEL,VND,2026-08-25T03:10:54Z,ff_hsx_symbol_daily_v1,faddaaa91024857121cc5e574b63c0d59126593ba85373a8ee82d28e44770dfa
2025-12-30,HHV,HOSE,17905300000.0,1508270000.0,16397030000.0,1362300.0,115000.0,1247300.0,0.0,0.0,0.0,0.0,13150.0,13250.0,13050.0,13100.0,13150.0,HSX_FOREIGN_API,HOSE_SYMBOL_LEVEL,VND,2026-08-25T03:10:54Z,ff_hsx_symbol_daily_v1,cde8f055499fc9c44e06a9b6f2d3f158ee29474dbdfe779a148a66456714c177
2025-12-31,HHV,HOSE,13150000.0,39570000.0,-26420000.0,1000.0,3000.0,-2000.0,0.0,0.0,0.0,0.0,13200.0,13250.0,13100.0,13150.0,13150.0,HSX_FOREIGN_API,HOSE_SYMBOL_LEVEL,VND,2026-08-25T03:10:54Z,ff_hsx_symbol_daily_v1,eaf056231a7a75c00eef61e78c8a466f0f3d45022e36d53a894de8227d0823b5
2026-01-05,HHV,HOSE,1404853000.0,606391000.0,798462000.0,111680.0,46180.0,65500.0,0.0,0.0,0.0,0.0,13150.0,13250.0,12500.0,12500.0,12900.0,HSX_FOREIGN_API,HOSE_SYMBOL_LEVEL,VND,2026-08-25T03:10:54Z,ff_hsx_symbol_daily_v1,7c863cb29f36a4967cf80a0184e21ceb416342518a1ba8e96570e274b45266b3
2026-01-06,HHV,HOSE,2280215000.0,1027800000.0,1252415000.0,185300.0,82500.0,102800.0,0.0,0.0,0.0,0.0,12700.0,12750.0,12200.0,12500.0,12400.0,HSX_FOREIGN_API,HOSE_SYMBOL_LEVEL,VND,2026-08-25T03:10:54Z,ff_hsx_symbol_daily_v1,88cbc4d47ce963fd068384b496a188dc8d7b6f3f143c41c8e9803c3d987958f9
2026-01-07,HHV,HOSE,5261690000.0,1095370000.0,4166320000.0,417100.0,87200.0,329900.0,0.0,0.0,0.0,0.0,12550.0,12800.0,12500.0,12750.0,12650.0,HSX_FOREIGN_API,HOSE_SYMBOL_LEVEL,VND,2026-08-25T03:10:54Z,ff_hsx_symbol_daily_v1,c3ad773c944d9375d7b5d294fc5b70df53e7807c31acf5bbbcd75099438b67f2
2026-01-08,HHV,HOSE,5100000.0,700824000.0,-695724000.0,400.0,54476.0,-54076.0,0.0,0.0,0.0,0.0,12850.0,12950.0,12600.0,12650.0,12750.0,HSX_FOREIGN_API,HOSE_SYMBOL_LEVEL,VND,2026-08-25T03:10:54Z,ff_hsx_symbol_daily_v1,17b0482f7338750afbe7226fe178da07902be4866156a513e3d8ad23d6e5cbc5
2026-01-09,HHV,HOSE,1494948000.0,2339950000.0,-845002000.0,117430.0,185400.0,-67970.0,0.0,0.0,0.0,0.0,12800.0,12800.0,12350.0,12400.0,12500.0,HSX_FOREIGN_API,HOSE_SYMBOL_LEVEL,VND,2026-08-25T03:10:54Z,ff_hsx_symbol_daily_v1,ec77080a1ac5e33f346907521f33398bd8ad5498b11738661f06d09033cf1ca7
2026-01-12,HHV,HOSE,12298130000.0,1799852100.0,10498277900.0,982900.0,143406.0,839494.0,0.0,0.0,0.0,0.0,12200.0,12950.0,12200.0,12900.0,12650.0,HSX_FOREIGN_API,HOSE_SYMBOL_LEVEL,VND,2026-08-25T03:10:54Z,ff_hsx_symbol_daily_v1,0be531e135c5a9c1f1c2698b58c82ffcbccb3cd76c9b3abcafc3c0f47b36f74d
2026-01-13,HHV,HOSE,816175000.0,1010845000.0,-194670000.0,62900.0,77700.0,-14800.0,0.0,0.0,0.0,0.0,13100.0,13150.0,12850.0,12850.0,12950.0,HSX_FOREIGN_API,HOSE_SYMBOL_LEVEL,VND,2026-08-25T03:10:54Z,ff_hsx_symbol_daily_v1,5c50ed4479c5b6cbb56ebb9228bc4e263833230eb1806e9012862b3682b4f047
2026-01-14,HHV,HOSE,3406090000.0,2862087100.0,544002900.0,262600.0,218691.0,43909.0,0.0,0.0,0.0,0.0,12850.0,13200.0,12800.0,12900.0,13000.0,HSX_FOREIGN_API,HOSE_SYMBOL_LEVEL,VND,2026-08-25T03:10:54Z,ff_hsx_symbol_daily_v1,40a6601ea4e9f4f885c9113a32226c5705c52275e2812f96cd354f509dd57a05
2026-01-15,HHV,HOSE,2916180000.0,5988885000.0,-3072705000.0,227280.0,462700.0,-235420.0,0.0,0.0,0.0,0.0,12900.0,13100.0,12750.0,12850.0,12850.0,HSX_FOREIGN_API,HOSE_SYMBOL_LEVEL,VND,2026-08-25T03:10:54Z,ff_hsx_symbol_daily_v1,a9bef83c32b6be5e4e4673e05f23be17bb2590b09c2f1393f2860bbea17425c3
2026-01-16,HHV,HOSE,889145000.0,1737960000.0,-848815000.0,68700.0,133900.0,-65200.0,0.0,0.0,0.0,0.0,12900.0,13100.0,12800.0,12800.0,12950.0,HSX_FOREIGN_API,HOSE_SYMBOL_LEVEL,VND,2026-08-25T03:10:54Z,ff_hsx_symbol_daily_v1,d97b80cf7ef8292d49d67e986b1117652963db57db2e39d991a749464d42f56a
2026-01-19,HHV,HOSE,5696400000.0,9540760000.0,-3844360000.0,437400.0,724800.0,-287400.0,0.0,0.0,0.0,0.0,12850.0,13300.0,12850.0,12950.0,13100.0,HSX_FOREIGN_API,HOSE_SYMBOL_LEVEL,VND,2026-08-25T03:10:54Z,ff_hsx_symbol_daily_v1,9ad99566b36d6d0f63102f20b46b5d7e7613dafd32ef7e8590cba3b3a320f36b
2026-01-20,HHV,HOSE,2428620000.0,4915210000.0,-2486590000.0,186700.0,376300.0,-189600.0,0.0,0.0,0.0,0.0,13150.0,13150.0,12900.0,12900.0,13000.0,HSX_FOREIGN_API,HOSE_SYMBOL_LEVEL,VND,2026-08-25T03:10:54Z,ff_hsx_symbol_daily_v1,d432fffb6fe6e45fb67d28c32b292a161309e0afa85ddcc31cd46967003774ba
2026-01-21,HHV,HOSE,12700000.0,2162740000.0,-2150040000.0,1000.0,168600.0,-167600.0,0.0,0.0,0.0,0.0,12950.0,12950.0,12600.0,12650.0,12700.0,HSX_FOREIGN_API,HOSE_SYMBOL_LEVEL,VND,2026-08-25T03:10:54Z,ff_hsx_symbol_daily_v1,53f722b37c879008bd3a8d04a9d35884b6de1af297ac2148276ec40fae0205a3
2026-01-22,HHV,HOSE,10015745000.0,5338450000.0,4677295000.0,778400.0,417400.0,361000.0,0.0,0.0,0.0,0.0,12750.0,13000.0,12600.0,12900.0,12850.0,HSX_FOREIGN_API,HOSE_SYMBOL_LEVEL,VND,2026-08-25T03:10:54Z,ff_hsx_symbol_daily_v1,e6e47295056d9248d3922cab7a68e9036a41a60eca82124457bc8c5cb21964ef
2026-01-23,HHV,HOSE,16715000.0,2672370000.0,-2655655000.0,1300.0,207700.0,-206400.0,0.0,0.0,0.0,0.0,12950.0,13000.0,12650.0,12700.0,12800.0,HSX_FOREIGN_API,HOSE_SYMBOL_LEVEL,VND,2026-08-25T03:10:54Z,ff_hsx_symbol_daily_v1,97a01b897f4516062cdfe720b47270a6b4c2ae0c03d225ec9893a31a44639466
2026-01-26,HHV,HOSE,122130000.0,3464073250.0,-3341943250.0,9700.0,275705.0,-266005.0,0.0,0.0,0.0,0.0,12700.0,12750.0,12150.0,12300.0,12400.0,HSX_FOREIGN_API,HOSE_SYMBOL_LEVEL,VND,2026-08-25T03:10:54Z,ff_hsx_symbol_daily_v1,63e4ccbbd06eaad69c01505bceaf4b0081f225700fed43d8665acc6f906ec7f5
2026-01-27,HHV,HOSE,23025000.0,10179029000.0,-10156004000.0,1900.0,836220.0,-834320.0,0.0,0.0,0.0,0.0,12250.0,12300.0,12000.0,12100.0,12150.0,HSX_FOREIGN_API,HOSE_SYMBOL_LEVEL,VND,2026-08-25T03:10:54Z,ff_hsx_symbol_daily_v1,8d7f948682873a23c54472d7ba14ba3193fd612906e83d9e4989a837d0df8fed
2026-01-28,HHV,HOSE,176665000.0,1783262500.0,-1606597500.0,14600.0,146250.0,-131650.0,0.0,0.0,0.0,0.0,12150.0,12300.0,12050.0,12200.0,12150.0,HSX_FOREIGN_API,HOSE_SYMBOL_LEVEL,VND,2026-08-25T03:10:54Z,ff_hsx_symbol_daily_v1,5882653a6b0d65b4380c510bdd54517a20ca0db9f6af52008e80bac74712c378
2026-01-29,HHV,HOSE,2243789100.0,1346610400.0,897178700.0,183217.0,110482.0,72735.0,0.0,0.0,0.0,0.0,12250.0,12300.0,12100.0,12200.0,12200.0,HSX_FOREIGN_API,HOSE_SYMBOL_LEVEL,VND,2026-08-25T03:10:54Z,ff_hsx_symbol_daily_v1,3b7a4cd8f8cc969106f1a60b4fdd00f7d12fb6da02fe546d2de79fd8f7192b7b
2026-01-30,HHV,HOSE,12397929500.0,2076440000.0,10321489500.0,1012322.0,169900.0,842422.0,0.0,0.0,0.0,0.0,12200.0,12300.0,12150.0,12200.0,12250.0,HSX_FOREIGN_API,HOSE_SYMBOL_LEVEL,VND,2026-08-25T03:10:54Z,ff_hsx_symbol_daily_v1,255dd2942158a3edcc658822d79a925837a902e6aee46e585fcadf30a3ac3fa8
2026-02-02,HHV,HOSE,1121064600.0,1906465000.0,-785400400.0,90504.0,154800.0,-64296.0,0.0,0.0,0.0,0.0,12300.0,12500.0,12200.0,12350.0,12300.0,HSX_FOREIGN_API,HOSE_SYMBOL_LEVEL,VND,2026-08-25T03:10:54Z,ff_hsx_symbol_daily_v1,693e650ad3e1bbd2d4259c2539f94aad3dae4aab04588dec6d1dbd7135eabcaf
2026-02-03,HHV,HOSE,12425000.0,1729975000.0,-1717550000.0,1000.0,139600.0,-138600.0,0.0,0.0,0.0,0.0,12450.0,12450.0,12300.0,12300.0,12350.0,HSX_FOREIGN_API,HOSE_SYMBOL_LEVEL,VND,2026-08-25T03:10:54Z,ff_hsx_symbol_daily_v1,54c5e157680ff71df0aa7fe661b0f27b792a68e79ca10613d2260a8a86249c97
2026-02-04,HHV,HOSE,5179685000.0,12142423300.0,-6962738300.0,415500.0,959821.0,-544321.0,0.0,0.0,0.0,0.0,12300.0,12800.0,12250.0,12500.0,12550.0,HSX_FOREIGN_API,HOSE_SYMBOL_LEVEL,VND,2026-08-25T03:10:54Z,ff_hsx_symbol_daily_v1,5c82ff68998af7bb40400d947ed6bb856f273c307dd7d93e5e0ca26e93c8648f
2026-02-05,HHV,HOSE,200105000.0,5480855000.0,-5280750000.0,15900.0,436500.0,-420600.0,0.0,0.0,0.0,0.0,12650.0,12650.0,12350.0,12400.0,12450.0,HSX_FOREIGN_API,HOSE_SYMBOL_LEVEL,VND,2026-08-25T03:10:54Z,ff_hsx_symbol_daily_v1,bd6e3905f5ea9b28875d7b83784835ac65de1696b258769276c245bf82e0164e
2026-02-06,HHV,HOSE,281390000.0,42885000.0,238505000.0,23100.0,3500.0,19600.0,0.0,0.0,0.0,0.0,12250.0,12350.0,12050.0,12050.0,12200.0,HSX_FOREIGN_API,HOSE_SYMBOL_LEVEL,VND,2026-08-25T03:10:54Z,ff_hsx_symbol_daily_v1,7815fd21ece5f9c3f78746ad18f663e8285c554911500971d9ad918dddeb3096
2026-02-09,HHV,HOSE,2410000.0,2432180000.0,-2429770000.0,200.0,201200.0,-201000.0,0.0,0.0,0.0,0.0,12200.0,12200.0,12000.0,12150.0,12100.0,HSX_FOREIGN_API,HOSE_SYMBOL_LEVEL,VND,2026-08-25T03:10:54Z,ff_hsx_symbol_daily_v1,13b4dfd4831020a18c4bb86cbc1b070054bf23aca478934ec9d9d3bae2dcd5a7
2026-02-10,HHV,HOSE,12124300.0,1673520000.0,-1661395700.0,1002.0,138800.0,-137798.0,0.0,0.0,0.0,0.0,12150.0,12200.0,11950.0,12000.0,12050.0,HSX_FOREIGN_API,HOSE_SYMBOL_LEVEL,VND,2026-08-25T03:10:54Z,ff_hsx_symbol_daily_v1,0000620dbbe190d6b134491f02f92a58681b9859cb77bda8b807ca72db4940f4
2026-02-11,HHV,HOSE,2420640000.0,971700000.0,1448940000.0,198420.0,79500.0,118920.0,0.0,0.0,0.0,0.0,12100.0,12300.0,12050.0,12250.0,12200.0,HSX_FOREIGN_API,HOSE_SYMBOL_LEVEL,VND,2026-08-25T03:10:54Z,ff_hsx_symbol_daily_v1,4b9e07f4d3760cec1a23e43343b0141dd8e5544bf6e5c4ee5f06eeec7d7b56a9
2026-02-12,HHV,HOSE,478180000.0,945570000.0,-467390000.0,39350.0,77500.0,-38150.0,0.0,0.0,0.0,0.0,12300.0,12300.0,12150.0,12200.0,12200.0,HSX_FOREIGN_API,HOSE_SYMBOL_LEVEL,VND,2026-08-25T03:10:54Z,ff_hsx_symbol_daily_v1,d0b4bc915c818948b600b3233a70c568dc50a7d2725767798b3305c0d2ee25bf
2026-02-13,HHV,HOSE,4644930000.0,245430000.0,4399500000.0,381600.0,20200.0,361400.0,0.0,0.0,0.0,0.0,12150.0,12250.0,12100.0,12150.0,12150.0,HSX_FOREIGN_API,HOSE_SYMBOL_LEVEL,VND,2026-08-25T03:10:54Z,ff_hsx_symbol_daily_v1,03ee15312f64f61f76193d698e940c0a45c45a9ba386f918d17c2e4e17463fe4
2026-02-23,HHV,HOSE,4418760000.0,978850000.0,3439910000.0,353600.0,78000.0,275600.0,0.0,0.0,0.0,0.0,12300.0,12650.0,12250.0,12550.0,12500.0,HSX_FOREIGN_API,HOSE_SYMBOL_LEVEL,VND,2026-08-25T03:10:54Z,ff_hsx_symbol_daily_v1,1932fe3839d756144a304eed37473f4a866743ebaba4fbbf2a218d134b55a540
2026-02-24,HHV,HOSE,4622055000.0,18127500.0,4603927500.0,369500.0,1450.0,368050.0,0.0,0.0,0.0,0.0,12550.0,12600.0,12450.0,12500.0,12500.0,HSX_FOREIGN_API,HOSE_SYMBOL_LEVEL,VND,2026-08-25T03:10:54Z,ff_hsx_symbol_daily_v1,5015ac7ed9f844ac32c7b627161e1aa848140afd6e0d16a4bddd8c94dc34e1ae
2026-02-25,HHV,HOSE,2398945000.0,3818100000.0,-1419155000.0,190300.0,300700.0,-110400.0,0.0,0.0,0.0,0.0,12550.0,12800.0,12550.0,12600.0,12650.0,HSX_FOREIGN_API,HOSE_SYMBOL_LEVEL,VND,2026-08-25T03:10:54Z,ff_hsx_symbol_daily_v1,a3462048cd4115f7af853d937b0bdca6c2ab19e1885cfb413eb8e8729df2c22c
2026-02-26,HHV,HOSE,3735000.0,1633470000.0,-1629735000.0,300.0,130400.0,-130100.0,0.0,0.0,0.0,0.0,12600.0,12650.0,12400.0,12500.0,12500.0,HSX_FOREIGN_API,HOSE_SYMBOL_LEVEL,VND,2026-08-25T03:10:54Z,ff_hsx_symbol_daily_v1,53d53aeb9d5d1c4adef98e0015e4635269bb3aa3a491aeb3d6cc48c8f632b6a2
2026-02-27,HHV,HOSE,3031145000.0,2354030000.0,677115000.0,244000.0,189500.0,54500.0,0.0,0.0,0.0,0.0,12550.0,12550.0,12350.0,12500.0,12400.0,HSX_FOREIGN_API,HOSE_SYMBOL_LEVEL,VND,2026-08-25T03:10:54Z,ff_hsx_symbol_daily_v1,f7a93722bd310c4ccd407d7b888d602157338553633567a2f9a61055c9d19884
2026-03-02,HHV,HOSE,1396270000.0,7702391250.0,-6306121250.0,114400.0,630185.0,-515785.0,0.0,0.0,0.0,0.0,12100.0,12350.0,12050.0,12050.0,12200.0,HSX_FOREIGN_API,HOSE_SYMBOL_LEVEL,VND,2026-08-25T03:10:54Z,ff_hsx_symbol_daily_v1,24463bb6d405f0503cbdee7a3c764753c91becad254e4168a70a85da546bf639
2026-03-03,HHV,HOSE,2568155000.0,5210985000.0,-2642830000.0,211600.0,432100.0,-220500.0,0.0,0.0,0.0,0.0,12100.0,12200.0,12000.0,12050.0,12100.0,HSX_FOREIGN_API,HOSE_SYMBOL_LEVEL,VND,2026-08-25T03:10:54Z,ff_hsx_symbol_daily_v1,9629d7627eae433c37441c484766949034dcc09c6ea8077d9d5233a01560c7f9
2026-03-04,HHV,HOSE,227150000.0,3730575000.0,-3503425000.0,19300.0,310400.0,-291100.0,0.0,0.0,0.0,0.0,12100.0,12150.0,11500.0,11900.0,11800.0,HSX_FOREIGN_API,HOSE_SYMBOL_LEVEL,VND,2026-08-25T03:10:54Z,ff_hsx_symbol_daily_v1,065ff817cde021e93ffeabbae895846eaa0bbbc63057e5d501174ea9aa9ec279
2026-03-05,HHV,HOSE,5803930000.0,1076125000.0,4727805000.0,479400.0,87900.0,391500.0,0.0,0.0,0.0,0.0,12000.0,12400.0,12000.0,12000.0,12150.0,HSX_FOREIGN_API,HOSE_SYMBOL_LEVEL,VND,2026-08-25T03:10:54Z,ff_hsx_symbol_daily_v1,37bc9bb2a356713165d3bb99399b10765294a647cf5026c7f26c6c228cebfa2f
2026-03-06,HHV,HOSE,83396650.0,2686505000.0,-2603108350.0,7009.0,225400.0,-218391.0,0.0,0.0,0.0,0.0,11800.0,12000.0,11750.0,11800.0,11900.0,HSX_FOREIGN_API,HOSE_SYMBOL_LEVEL,VND,2026-08-25T03:10:54Z,ff_hsx_symbol_daily_v1,bd924f84ebffbdc3801b5e604b9663ff2cdac37cbecabd5c6712d63ed009866f
2026-03-09,HHV,HOSE,87100000.0,15540000.0,71560000.0,7900.0,1400.0,6500.0,0.0,0.0,0.0,0.0,11000.0,11150.0,11000.0,11000.0,11000.0,HSX_FOREIGN_API,HOSE_SYMBOL_LEVEL,VND,2026-08-25T03:10:54Z,ff_hsx_symbol_daily_v1,cc6b33efa518f1efde9c1df6c43015732f4ef531f0c0569d265bef1127d823d8
2026-03-10,HHV,HOSE,32790000.0,4100135000.0,-4067345000.0,3000.0,368100.0,-365100.0,0.0,0.0,0.0,0.0,11200.0,11300.0,10750.0,11000.0,11050.0,HSX_FOREIGN_API,HOSE_SYMBOL_LEVEL,VND,2026-08-25T03:10:54Z,ff_hsx_symbol_daily_v1,413d0ee8b32c1db5b120e25d826ba390c035c9137a996c903f54440510f5624a
2026-03-11,HHV,HOSE,2978045000.0,13730000.0,2964315000.0,261700.0,1200.0,260500.0,0.0,0.0,0.0,0.0,11050.0,11500.0,11050.0,11350.0,11350.0,HSX_FOREIGN_API,HOSE_SYMBOL_LEVEL,VND,2026-08-25T03:10:54Z,ff_hsx_symbol_daily_v1,dbca8fc164b250b711e8173abcb76fc431b93d12f41dd6898c4d7f876760b7f0
2026-03-12,HHV,HOSE,4807455000.0,991610000.0,3815845000.0,414800.0,84400.0,330400.0,0.0,0.0,0.0,0.0,11550.0,11950.0,11500.0,11700.0,11700.0,HSX_FOREIGN_API,HOSE_SYMBOL_LEVEL,VND,2026-08-25T03:10:54Z,ff_hsx_symbol_daily_v1,8d96b71acbe6f17a3d8bb0ba67e17f4b9f1dc3d0ac0c85582678b16bc719bf1b
2026-03-13,HHV,HOSE,30410745000.0,364925000.0,30045820000.0,2554200.0,30100.0,2524100.0,0.0,0.0,0.0,0.0,11650.0,12500.0,11550.0,12500.0,12200.0,HSX_FOREIGN_API,HOSE_SYMBOL_LEVEL,VND,2026-08-25T03:10:54Z,ff_hsx_symbol_daily_v1,8cb60d03872cbdef7f59f0c343fe88d1d19d02fbd39238c1e2b81bf84cde3533
2026-03-16,HHV,HOSE,802015000.0,3470710000.0,-2668695000.0,64300.0,274600.0,-210300.0,0.0,0.0,0.0,0.0,12800.0,12950.0,12200.0,12350.0,12550.0,HSX_FOREIGN_API,HOSE_SYMBOL_LEVEL,VND,2026-08-25T03:10:54Z,ff_hsx_symbol_daily_v1,b313b28ef51c156acf6e496e1822fd89813b61e79ec2cb9d8d2cf122cd8766c1
2026-03-17,HHV,HOSE,6344090000.0,3026090000.0,3318000000.0,522300.0,245200.0,277100.0,0.0,0.0,0.0,0.0,12450.0,12450.0,12050.0,12200.0,12250.0,HSX_FOREIGN_API,HOSE_SYMBOL_LEVEL,VND,2026-08-25T03:10:54Z,ff_hsx_symbol_daily_v1,aa902ffa3671ede158317f2f522a9be9b6bad99fcb59f0f85842733d5a6f5856
2026-03-18,HHV,HOSE,3851695000.0,2790605000.0,1061090000.0,317900.0,229800.0,88100.0,0.0,0.0,0.0,0.0,12200.0,12350.0,11850.0,12200.0,12100.0,HSX_FOREIGN_API,HOSE_SYMBOL_LEVEL,VND,2026-08-25T03:10:54Z,ff_hsx_symbol_daily_v1,4206343f050821dadd84cc34be12d0bfec3576b0ec29b486867d4f4f2e8b9a73
2026-03-19,HHV,HOSE,6197590000.0,14962610000.0,-8765020000.0,512300.0,1214000.0,-701700.0,0.0,0.0,0.0,0.0,11800.0,12700.0,11800.0,12200.0,12250.0,HSX_FOREIGN_API,HOSE_SYMBOL_LEVEL,VND,2026-08-25T03:10:54Z,ff_hsx_symbol_daily_v1,b1ba36f9cb4041fe1c171f6e1a21bf96a53e2f73339a53f0ff407cc430fbbc38
2026-03-20,HHV,HOSE,773490000.0,7712480000.0,-6938990000.0,64000.0,636800.0,-572800.0,0.0,0.0,0.0,0.0,12100.0,12200.0,11950.0,12000.0,12100.0,HSX_FOREIGN_API,HOSE_SYMBOL_LEVEL,VND,2026-08-25T03:10:54Z,ff_hsx_symbol_daily_v1,449f15a270a1b20b2c067cf83cc29f7df4e4439297637339a4e9ebe5a1dad90c
2026-03-23,HHV,HOSE,14168410000.0,4847915000.0,9320495000.0,1247700.0,418700.0,829000.0,0.0,0.0,0.0,0.0,11750.0,11850.0,11200.0,11250.0,11400.0,HSX_FOREIGN_API,HOSE_SYMBOL_LEVEL,VND,2026-08-25T03:10:54Z,ff_hsx_symbol_daily_v1,ac9f2dcc6265c028d8a283abe3b4b343371fd7c0e8fc46f5cc2cb92c30f62290
2026-03-24,HHV,HOSE,4866520000.0,6958405000.0,-2091885000.0,419400.0,597600.0,-178200.0,0.0,0.0,0.0,0.0,11550.0,11950.0,11450.0,11650.0,11650.0,HSX_FOREIGN_API,HOSE_SYMBOL_LEVEL,VND,2026-08-25T03:10:54Z,ff_hsx_symbol_daily_v1,27128c37d72c8e29d3bd90eccbdfec70aec472e574d5e0f42d3e398b95f2731f
2026-03-25,HHV,HOSE,6057790000.0,627020000.0,5430770000.0,509900.0,52800.0,457100.0,0.0,0.0,0.0,0.0,11700.0,12200.0,11700.0,12100.0,11950.0,HSX_FOREIGN_API,HOSE_SYMBOL_LEVEL,VND,2026-08-25T03:10:54Z,ff_hsx_symbol_daily_v1,190319cda8ae0b427b96c61b854b0abb71992183e2331d85bcde3ae134ae338f
2026-03-26,HHV,HOSE,5485755000.0,5013045000.0,472710000.0,454800.0,413900.0,40900.0,0.0,0.0,0.0,0.0,12100.0,12250.0,11900.0,12050.0,12050.0,HSX_FOREIGN_API,HOSE_SYMBOL_LEVEL,VND,2026-08-25T03:10:54Z,ff_hsx_symbol_daily_v1,7fdd204c5a6e28ee7d6b7b268a695c6531322e06e597303881e9f74b91aa7f87
2026-03-27,HHV,HOSE,6894420000.0,7550200000.0,-655780000.0,571000.0,614700.0,-43700.0,0.0,0.0,0.0,0.0,12050.0,12450.0,12000.0,12200.0,12200.0,HSX_FOREIGN_API,HOSE_SYMBOL_LEVEL,VND,2026-08-25T03:10:54Z,ff_hsx_symbol_daily_v1,3a9045ed823efb9f1847aec81087a15128b255819c197d2dea6a7499fbcfd685
2026-03-30,HHV,HOSE,7443600000.0,1507230000.0,5936370000.0,612700.0,124900.0,487800.0,0.0,0.0,0.0,0.0,11950.0,12250.0,11900.0,12100.0,12100.0,HSX_FOREIGN_API,HOSE_SYMBOL_LEVEL,VND,2026-08-25T03:10:54Z,ff_hsx_symbol_daily_v1,5e89c827e3fa8275e70ae4ccd14da89a0bd193a8e2ec7a47f327bf4a5de728af
2026-03-31,HHV,HOSE,7143755000.0,4923460000.0,2220295000.0,580900.0,400000.0,180900.0,0.0,0.0,0.0,0.0,12250.0,12450.0,12100.0,12300.0,12250.0,HSX_FOREIGN_API,HOSE_SYMBOL_LEVEL,VND,2026-08-25T03:10:54Z,ff_hsx_symbol_daily_v1,625ab4cda4f9afb0a9bc3bf788de9fa391be4bb66bf7488a54fd0b00eb0d05b3
2026-04-01,HHV,HOSE,5662180000.0,4098528500.0,1563651500.0,455900.0,329810.0,126090.0,0.0,0.0,0.0,0.0,12550.0,12550.0,12300.0,12300.0,12400.0,HSX_FOREIGN_API,HOSE_SYMBOL_LEVEL,VND,2026-08-25T03:10:54Z,ff_hsx_symbol_daily_v1,8850b81f5db4eac06b82554c89be8afccee1d10e9c724a3971af89204ac4610e
2026-04-02,HHV,HOSE,1566425000.0,2020830000.0,-454405000.0,128400.0,164900.0,-36500.0,0.0,0.0,0.0,0.0,12250.0,12400.0,12100.0,12100.0,12250.0,HSX_FOREIGN_API,HOSE_SYMBOL_LEVEL,VND,2026-08-25T03:10:54Z,ff_hsx_symbol_daily_v1,af3336c11937a52fe5697a6ff66782664746e7384f4e21d873f83d9f4bb3dcb4
2026-04-03,HHV,HOSE,475740000.0,2286495000.0,-1810755000.0,39500.0,190600.0,-151100.0,0.0,0.0,0.0,0.0,12100.0,12250.0,11800.0,11850.0,11950.0,HSX_FOREIGN_API,HOSE_SYMBOL_LEVEL,VND,2026-08-25T03:10:54Z,ff_hsx_symbol_daily_v1,04ef6363cdd9a1b59c483f72555b3640755a22ab2d80bf0053dd00bf3471d4d1
2026-04-06,HHV,HOSE,339505000.0,3124110000.0,-2784605000.0,28800.0,260900.0,-232100.0,0.0,0.0,0.0,0.0,12100.0,12150.0,11650.0,11750.0,11850.0,HSX_FOREIGN_API,HOSE_SYMBOL_LEVEL,VND,2026-08-25T03:10:54Z,ff_hsx_symbol_daily_v1,692542d9a581bd7666a1b9bb7f5a5a0be6e41aefb89259c9553baff29319ee8f
2026-04-07,HHV,HOSE,875345000.0,425885000.0,449460000.0,74000.0,35900.0,38100.0,0.0,0.0,0.0,0.0,11750.0,12000.0,11650.0,11800.0,11800.0,HSX_FOREIGN_API,HOSE_SYMBOL_LEVEL,VND,2026-08-25T03:10:54Z,ff_hsx_symbol_daily_v1,d77b29b141aadb4ce2bc20e0f610db7cdbc6eefaec4c17e9b4ec6878ce0d094d
2026-04-08,HHV,HOSE,3722180000.0,1539774000.0,2182406000.0,304400.0,126840.0,177560.0,0.0,0.0,0.0,0.0,12150.0,12350.0,12000.0,12250.0,12200.0,HSX_FOREIGN_API,HOSE_SYMBOL_LEVEL,VND,2026-08-25T03:10:54Z,ff_hsx_symbol_daily_v1,1990c17079647aa33234f669a2b2bf1aca1b228341a38a70bf930f93d22c9015
2026-04-09,HHV,HOSE,14933750000.0,12466935000.0,2466815000.0,1202200.0,971200.0,231000.0,0.0,0.0,0.0,0.0,12250.0,13100.0,12050.0,12900.0,12800.0,HSX_FOREIGN_API,HOSE_SYMBOL_LEVEL,VND,2026-08-25T03:10:54Z,ff_hsx_symbol_daily_v1,85b59c3c3ed5cf58705e76a217716902e271f152bc45e2ff1296957553635444
2026-04-10,HHV,HOSE,20720000.0,1428475000.0,-1407755000.0,1600.0,109900.0,-108300.0,0.0,0.0,0.0,0.0,13100.0,13150.0,12700.0,12750.0,12900.0,HSX_FOREIGN_API,HOSE_SYMBOL_LEVEL,VND,2026-08-25T03:10:54Z,ff_hsx_symbol_daily_v1,27677443144279c6abe1f9c4a1d8cca1dd249017c96e2b795c26e729a64a953d
2026-04-13,HHV,HOSE,4278038500.0,3092673000.0,1185365500.0,328858.0,234760.0,94098.0,0.0,0.0,0.0,0.0,12650.0,13450.0,12600.0,12900.0,13100.0,HSX_FOREIGN_API,HOSE_SYMBOL_LEVEL,VND,2026-08-25T03:10:54Z,ff_hsx_symbol_daily_v1,787473ebf92c3eb086b87966d97d2621fbbe11aeba7270ba99b825140d8978be
2026-04-14,HHV,HOSE,31070000.0,12438300000.0,-12407230000.0,2400.0,952300.0,-949900.0,0.0,0.0,0.0,0.0,13100.0,13200.0,12850.0,12950.0,12950.0,HSX_FOREIGN_API,HOSE_SYMBOL_LEVEL,VND,2026-08-25T03:10:54Z,ff_hsx_symbol_daily_v1,5867204678882abdfb3e4477f1b41d195d17ab8ddd1758d73f4b2f1a6494007e
2026-04-15,HHV,HOSE,8129250000.0,473805000.0,7655445000.0,621400.0,36400.0,585000.0,0.0,0.0,0.0,0.0,13000.0,13200.0,12900.0,12900.0,13000.0,HSX_FOREIGN_API,HOSE_SYMBOL_LEVEL,VND,2026-08-25T03:10:54Z,ff_hsx_symbol_daily_v1,3142ecfcaf39e0dc2892140024badf8b9fff1ebed57cfbd0dac7becd72170d7f
2026-04-16,HHV,HOSE,8654592750.0,9871780000.0,-1217187250.0,681801.0,775400.0,-93599.0,0.0,0.0,0.0,0.0,12850.0,12900.0,12600.0,12700.0,12700.0,HSX_FOREIGN_API,HOSE_SYMBOL_LEVEL,VND,2026-08-25T03:10:54Z,ff_hsx_symbol_daily_v1,cb217d010b71b11dd55a81cf8d1e4212699b3e7e96ab338f9c88c3fa840d942c
2026-04-17,HHV,HOSE,10170425000.0,6443150000.0,3727275000.0,794900.0,504800.0,290100.0,0.0,0.0,0.0,0.0,12650.0,12850.0,12600.0,12700.0,12750.0,HSX_FOREIGN_API,HOSE_SYMBOL_LEVEL,VND,2026-08-25T03:10:54Z,ff_hsx_symbol_daily_v1,3feaa43d02213f9572f2eb24c775c6fdbae4a987d038ff7ad7f0eedb16308b0b
2026-04-20,HHV,HOSE,239025000.0,6058435000.0,-5819410000.0,18700.0,470900.0,-452200.0,0.0,0.0,0.0,0.0,12700.0,12950.0,12700.0,12750.0,12800.0,HSX_FOREIGN_API,HOSE_SYMBOL_LEVEL,VND,2026-08-25T03:10:54Z,ff_hsx_symbol_daily_v1,723703c8623ad5e4d7ac0a6338678fe139630995c5336dd356a672378f9cfeba
2026-04-21,HHV,HOSE,268540000.0,3431501950.0,-3162961950.0,21100.0,269563.0,-248463.0,0.0,0.0,0.0,0.0,12750.0,12800.0,12600.0,12600.0,12700.0,HSX_FOREIGN_API,HOSE_SYMBOL_LEVEL,VND,2026-08-25T03:10:54Z,ff_hsx_symbol_daily_v1,0332a9123ae2141f7975ce1e11d294db79fab3fdc66fee29b8316fc88c0c4e4b
2026-04-22,HHV,HOSE,464498000.0,2268520000.0,-1804022000.0,37060.0,180000.0,-142940.0,0.0,0.0,0.0,0.0,12650.0,12700.0,12450.0,12550.0,12550.0,HSX_FOREIGN_API,HOSE_SYMBOL_LEVEL,VND,2026-08-25T03:10:54Z,ff_hsx_symbol_daily_v1,bf653d82af95c301929db5e02f00841442bd7992052411f0b454c6796a79d815
2026-04-23,HHV,HOSE,12641260000.0,13427640000.0,-786380000.0,1012100.0,1074200.0,-62100.0,0.0,0.0,0.0,0.0,12550.0,13150.0,12250.0,12900.0,12600.0,HSX_FOREIGN_API,HOSE_SYMBOL_LEVEL,VND,2026-08-25T03:10:54Z,ff_hsx_symbol_daily_v1,d08d48f8a9b0931414bbb8956a2fa2bbde1eb6c7c22ac75c9d3128032cb0b8e0
2026-04-24,HHV,HOSE,55880000.0,2067223200.0,-2011343200.0,4400.0,161658.0,-157258.0,0.0,0.0,0.0,0.0,12950.0,13150.0,12600.0,12700.0,12850.0,HSX_FOREIGN_API,HOSE_SYMBOL_LEVEL,VND,2026-08-25T03:10:54Z,ff_hsx_symbol_daily_v1,10cfac18ccdb95ec4cf5de2871cccd15eb6f71f59c220967ddac67477d4c124f
2026-04-28,HHV,HOSE,0.0,274497700.0,-274497700.0,0.0,21454.0,-21454.0,0.0,0.0,0.0,0.0,12800.0,12850.0,12500.0,12500.0,12600.0,HSX_FOREIGN_API,HOSE_SYMBOL_LEVEL,VND,2026-08-25T03:10:54Z,ff_hsx_symbol_daily_v1,f38eb58520f63f526fe2e9fdbc05102cbbad6ff1b72df0726f3bc88bfef81891
2026-04-29,HHV,HOSE,4418365000.0,1273025000.0,3145340000.0,350600.0,101400.0,249200.0,0.0,0.0,0.0,0.0,12500.0,12650.0,12500.0,12500.0,12550.0,HSX_FOREIGN_API,HOSE_SYMBOL_LEVEL,VND,2026-08-25T03:10:54Z,ff_hsx_symbol_daily_v1,f7d20f649cca4b56d96baec152cbb6dd7827ef3c9f4b9a0f596696828d9edd4c
2026-05-04,HHV,HOSE,6679945000.0,3802690000.0,2877255000.0,524100.0,297200.0,226900.0,0.0,0.0,0.0,0.0,12600.0,12900.0,12600.0,12700.0,12750.0,HSX_FOREIGN_API,HOSE_SYMBOL_LEVEL,VND,2026-08-25T03:10:54Z,ff_hsx_symbol_daily_v1,9a96c563dbd39510967950b10082ad2f6fb2148333c766a17b3998c698bc2e9b
2026-05-05,HHV,HOSE,17133800.0,6420770000.0,-6403636200.0,1344.0,504200.0,-502856.0,0.0,0.0,0.0,0.0,12650.0,12900.0,12550.0,12600.0,12650.0,HSX_FOREIGN_API,HOSE_SYMBOL_LEVEL,VND,2026-08-25T03:10:54Z,ff_hsx_symbol_daily_v1,8e51507fcdc95e62f3df168f694f4a460d67a9aeb09b6a222a637230a5ded49f
2026-05-06,HHV,HOSE,4732271800.0,30360000.0,4701911800.0,373118.0,2400.0,370718.0,0.0,0.0,0.0,0.0,12600.0,12900.0,12550.0,12900.0,12700.0,HSX_FOREIGN_API,HOSE_SYMBOL_LEVEL,VND,2026-08-25T03:10:54Z,ff_hsx_symbol_daily_v1,52ba38561696f296a9f07cb5a1a3a79bbd91b9db23e3750580a1c47e481da27c
2026-05-07,HHV,HOSE,0.0,5062710000.0,-5062710000.0,0.0,395300.0,-395300.0,0.0,0.0,0.0,0.0,12900.0,12950.0,12550.0,12550.0,12750.0,HSX_FOREIGN_API,HOSE_SYMBOL_LEVEL,VND,2026-08-25T03:10:54Z,ff_hsx_symbol_daily_v1,05c42d169132dca0581d672b542f441bd37a8a20cff1608af05ffe86e94e4c0c
2026-05-08,HHV,HOSE,24500000.0,3780990000.0,-3756490000.0,2000.0,303200.0,-301200.0,0.0,0.0,0.0,0.0,12550.0,12600.0,12100.0,12350.0,12350.0,HSX_FOREIGN_API,HOSE_SYMBOL_LEVEL,VND,2026-08-25T03:10:54Z,ff_hsx_symbol_daily_v1,e545c691dcc9e79b989540da20022da5c0d79e06c4bd1be7c0f8c657e3cd72c5
2026-05-11,HHV,HOSE,237210000.0,2583495000.0,-2346285000.0,19400.0,209100.0,-189700.0,0.0,0.0,0.0,0.0,12450.0,12450.0,12100.0,12150.0,12250.0,HSX_FOREIGN_API,HOSE_SYMBOL_LEVEL,VND,2026-08-25T03:10:54Z,ff_hsx_symbol_daily_v1,4cd22a63512a174bc91a7f5be7442696f3e675f1f5bfa950fd879260afcee000
2026-05-12,HHV,HOSE,19600000.0,55120000.0,-35520000.0,1600.0,4500.0,-2900.0,0.0,0.0,0.0,0.0,12200.0,12300.0,12150.0,12300.0,12250.0,HSX_FOREIGN_API,HOSE_SYMBOL_LEVEL,VND,2026-08-25T03:10:54Z,ff_hsx_symbol_daily_v1,5e36b19ad46407df5e6f2888b725db5e67566f32a5e69d3fe989cd2237d27365
2026-05-13,HHV,HOSE,0.0,659630000.0,-659630000.0,0.0,53700.0,-53700.0,0.0,0.0,0.0,0.0,12300.0,12350.0,12100.0,12250.0,12200.0,HSX_FOREIGN_API,HOSE_SYMBOL_LEVEL,VND,2026-08-25T03:10:54Z,ff_hsx_symbol_daily_v1,8ae0a76bdfd69d79c2cc20fefb53a5b5e01ed5910cf2dc36c59093683a06c1e8
2026-05-14,HHV,HOSE,256200000.0,95365000.0,160835000.0,21000.0,7800.0,13200.0,0.0,0.0,0.0,0.0,12200.0,12300.0,12150.0,12200.0,12200.0,HSX_FOREIGN_API,HOSE_SYMBOL_LEVEL,VND,2026-08-25T03:10:54Z,ff_hsx_symbol_daily_v1,49f892b92f092002e46768d26af54e83822e360cb48bdfa51937f2c00fe76696
2026-05-15,HHV,HOSE,19375000.0,969885000.0,-950510000.0,1600.0,79800.0,-78200.0,0.0,0.0,0.0,0.0,12200.0,12250.0,12050.0,12050.0,12100.0,HSX_FOREIGN_API,HOSE_SYMBOL_LEVEL,VND,2026-08-25T03:10:54Z,ff_hsx_symbol_daily_v1,62588745e875d253e426db8226f09a35d4108e89dfa46b0732998cae7b064209
2026-05-18,HHV,HOSE,670315000.0,795411000.0,-125096000.0,56100.0,66490.0,-10390.0,0.0,0.0,0.0,0.0,12050.0,12050.0,11900.0,11950.0,11950.0,HSX_FOREIGN_API,HOSE_SYMBOL_LEVEL,VND,2026-08-25T03:10:54Z,ff_hsx_symbol_daily_v1,9d4f1728919813e71d87bdbd23cf8261cac946562a6136d203c1eee1b0679df2
2026-05-19,HHV,HOSE,23800000.0,62545000.0,-38745000.0,2000.0,5200.0,-3200.0,0.0,0.0,0.0,0.0,11950.0,12200.0,11850.0,11900.0,12000.0,HSX_FOREIGN_API,HOSE_SYMBOL_LEVEL,VND,2026-08-25T03:10:54Z,ff_hsx_symbol_daily_v1,462a61397e52d4d6e572f1bce0a39b638a3347c6e680296eb81d4188fdda3072
2026-05-20,HHV,HOSE,2977405000.0,186687750.0,2790717250.0,257800.0,16025.0,241775.0,0.0,0.0,0.0,0.0,11900.0,11950.0,11500.0,11800.0,11700.0,HSX_FOREIGN_API,HOSE_SYMBOL_LEVEL,VND,2026-08-25T03:10:54Z,ff_hsx_symbol_daily_v1,b74ccd30b4182831da732aab1fd91e69f7e9a595d1dc9cb5f379ff6dc677316b
2026-05-21,HHV,HOSE,15255000.0,217259800.0,-202004800.0,1300.0,18336.0,-17036.0,0.0,0.0,0.0,0.0,11850.0,11900.0,11700.0,11750.0,11800.0,HSX_FOREIGN_API,HOSE_SYMBOL_LEVEL,VND,2026-08-25T03:10:54Z,ff_hsx_symbol_daily_v1,e7559e454b8305cd577c617e8c14e565076c3243241b47ab134ceadacd5e18d7
2026-05-22,HHV,HOSE,708940000.0,278640000.0,430300000.0,60000.0,23600.0,36400.0,0.0,0.0,0.0,0.0,11800.0,11950.0,11750.0,11950.0,11850.0,HSX_FOREIGN_API,HOSE_SYMBOL_LEVEL,VND,2026-08-25T03:10:54Z,ff_hsx_symbol_daily_v1,c14fbe4dd27b1bd8c5acdd8ce91bb1ba2894e1ac91466dbbeb58fb88ec6842d3
2026-05-25,HHV,HOSE,11900000.0,2957610000.0,-2945710000.0,1000.0,246300.0,-245300.0,0.0,0.0,0.0,0.0,11950.0,12100.0,11850.0,11850.0,11950.0,HSX_FOREIGN_API,HOSE_SYMBOL_LEVEL,VND,2026-08-25T03:10:54Z,ff_hsx_symbol_daily_v1,fc03822fdec34de0a481949a29b47e44758c336285223afdb00a4b85b01acdf3
2026-05-26,HHV,HOSE,0.0,47500000.0,-47500000.0,0.0,4000.0,-4000.0,0.0,0.0,0.0,0.0,11850.0,11950.0,11800.0,11900.0,11900.0,HSX_FOREIGN_API,HOSE_SYMBOL_LEVEL,VND,2026-08-25T03:10:54Z,ff_hsx_symbol_daily_v1,6554e22a656b82881fbbce72a011574fb61e3f9775e3f65f36cf064e7bc27185
2026-05-27,HHV,HOSE,64530000.0,53283100.0,11246900.0,5400.0,4458.0,942.0,0.0,0.0,0.0,0.0,11900.0,12050.0,11900.0,11950.0,11950.0,HSX_FOREIGN_API,HOSE_SYMBOL_LEVEL,VND,2026-08-25T03:10:54Z,ff_hsx_symbol_daily_v1,bea7b32be039f1860adffa396311a9fe49a220b9b9cfd39a3d6e393fb7e209bc
2026-05-28,HHV,HOSE,162420000.0,143530700.0,18889300.0,13650.0,12053.0,1597.0,0.0,0.0,0.0,0.0,11950.0,12000.0,11800.0,11800.0,11900.0,HSX_FOREIGN_API,HOSE_SYMBOL_LEVEL,VND,2026-08-25T03:10:54Z,ff_hsx_symbol_daily_v1,8b7dbe2390884468f3a027fe2ffdd0dff24a1776500be324b95044bc5d413536
2026-05-29,HHV,HOSE,30740000.0,488925000.0,-458185000.0,2600.0,41500.0,-38900.0,0.0,0.0,0.0,0.0,11850.0,11850.0,11650.0,11650.0,11750.0,HSX_FOREIGN_API,HOSE_SYMBOL_LEVEL,VND,2026-08-25T03:10:54Z,ff_hsx_symbol_daily_v1,96d86b9106660a27493cafb0f9bdaee498ba8ae476b17d882331406deb1e9afb
2026-06-01,HHV,HOSE,778470000.0,29985600.0,748484400.0,66400.0,2552.0,63848.0,0.0,0.0,0.0,0.0,11700.0,11800.0,11700.0,11750.0,11750.0,HSX_FOREIGN_API,HOSE_SYMBOL_LEVEL,VND,2026-08-25T03:10:54Z,ff_hsx_symbol_daily_v1,2276474a6f52b827ae6cf998ddc460dc2da790ab3d9c16b3658ced1879fdd400
2026-06-02,HHV,HOSE,3515000.0,200028400.0,-196513400.0,300.0,17105.0,-16805.0,0.0,0.0,0.0,0.0,11750.0,11800.0,11600.0,11600.0,11650.0,HSX_FOREIGN_API,HOSE_SYMBOL_LEVEL,VND,2026-08-25T03:10:54Z,ff_hsx_symbol_daily_v1,94ffdd2be360070ac6429312817ee9d4be3e3bc0475d4d6941624d9f347569e6
2026-06-03,HHV,HOSE,2330000.0,152000000.0,-149670000.0,200.0,13000.0,-12800.0,0.0,0.0,0.0,0.0,11600.0,11700.0,11500.0,11650.0,11600.0,HSX_FOREIGN_API,HOSE_SYMBOL_LEVEL,VND,2026-08-25T03:10:54Z,ff_hsx_symbol_daily_v1,da7dd297172f1657efc9b34195e5b1ae420dc76a355669b4d388642f2180f4cd
2026-06-04,HHV,HOSE,6960000.0,208569950.0,-201609950.0,600.0,17903.0,-17303.0,0.0,0.0,0.0,0.0,11650.0,11700.0,11600.0,11600.0,11650.0,HSX_FOREIGN_API,HOSE_SYMBOL_LEVEL,VND,2026-08-25T03:10:54Z,ff_hsx_symbol_daily_v1,536837322c3cf5023ed0fcd458f66496b7e6d16b06940f549ca4d90dbe67d074
2026-06-05,HHV,HOSE,413550000.0,176366700.0,237183300.0,35500.0,15204.0,20296.0,0.0,0.0,0.0,0.0,11750.0,11750.0,11550.0,11550.0,11650.0,HSX_FOREIGN_API,HOSE_SYMBOL_LEVEL,VND,2026-08-25T03:10:54Z,ff_hsx_symbol_daily_v1,b10dad93952d3cd20d663c2afe9f181f34c9c1c766ded4b6f57ab192b84bc6df
2026-06-08,HHV,HOSE,67255000.0,1601023500.0,-1533768500.0,5900.0,141230.0,-135330.0,0.0,0.0,0.0,0.0,11400.0,11500.0,11250.0,11350.0,11350.0,HSX_FOREIGN_API,HOSE_SYMBOL_LEVEL,VND,2026-08-25T03:10:54Z,ff_hsx_symbol_daily_v1,c7dc097a409e1bdee8f55346ab6431717502cf655b0d768ff8d179af72466402
2026-06-09,HHV,HOSE,5675000.0,783400.0,4891600.0,500.0,69.0,431.0,0.0,0.0,0.0,0.0,11350.0,11450.0,11250.0,11350.0,11350.0,HSX_FOREIGN_API,HOSE_SYMBOL_LEVEL,VND,2026-08-25T03:10:54Z,ff_hsx_symbol_daily_v1,00e8b6ee49b827ba074ffbed56dceaaa39d91e5ae113856af6bd2f17f7d31374
2026-06-10,HHV,HOSE,1268930000.0,270270000.0,998660000.0,110500.0,23400.0,87100.0,0.0,0.0,0.0,0.0,11350.0,11600.0,11350.0,11550.0,11500.0,HSX_FOREIGN_API,HOSE_SYMBOL_LEVEL,VND,2026-08-25T03:10:54Z,ff_hsx_symbol_daily_v1,e18e1234bd43f9b42abc1ceb948a6a7f372c40ef59f783e2245dec97af6f7b67
2026-06-11,HHV,HOSE,4560000.0,51370000.0,-46810000.0,400.0,4500.0,-4100.0,0.0,0.0,0.0,0.0,11500.0,11500.0,11350.0,11450.0,11400.0,HSX_FOREIGN_API,HOSE_SYMBOL_LEVEL,VND,2026-08-25T03:10:54Z,ff_hsx_symbol_daily_v1,cdcfbe7de51b2f7abcdeeaec01ceb1b24165ae1f2ae17d3a448dc6ef298e0de8
2026-06-12,HHV,HOSE,56305000.0,33934050.0,22370950.0,4900.0,2951.0,1949.0,0.0,0.0,0.0,0.0,11500.0,11550.0,11400.0,11400.0,11450.0,HSX_FOREIGN_API,HOSE_SYMBOL_LEVEL,VND,2026-08-25T03:10:54Z,ff_hsx_symbol_daily_v1,8270d270fc36623aeb3e8fadcc266c6dfe2f433826c981b7e79db1c467937896
2026-06-15,HHV,HOSE,486460000.0,337165000.0,149295000.0,42300.0,29200.0,13100.0,0.0,0.0,0.0,0.0,11500.0,11550.0,11450.0,11500.0,11500.0,HSX_FOREIGN_API,HOSE_SYMBOL_LEVEL,VND,2026-08-25T03:10:54Z,ff_hsx_symbol_daily_v1,5fef89396fd034da90f8fe82e6a34a773a7dd3f6e18d081e44c489ca94666da7
2026-06-16,HHV,HOSE,2753810000.0,783395000.0,1970415000.0,236100.0,66950.0,169150.0,0.0,0.0,0.0,0.0,11600.0,11750.0,11600.0,11750.0,11650.0,HSX_FOREIGN_API,HOSE_SYMBOL_LEVEL,VND,2026-08-25T03:10:54Z,ff_hsx_symbol_daily_v1,ba6c71e73fd7fb49467b0c7f50c876ec3c49f6cb100c9262ee81fe539c2f50d3
2026-06-17,HHV,HOSE,10570000.0,11723600.0,-1153600.0,900.0,1002.0,-102.0,0.0,0.0,0.0,0.0,11750.0,11800.0,11650.0,11700.0,11700.0,HSX_FOREIGN_API,HOSE_SYMBOL_LEVEL,VND,2026-08-25T03:10:54Z,ff_hsx_symbol_daily_v1,d4c5203d1dd26d3260b77fcb67747a2ae7dd290cb1ea6aced1514a720ed0eb98
2026-06-18,HHV,HOSE,146280000.0,4968135000.0,-4821855000.0,12600.0,429000.0,-416400.0,0.0,0.0,0.0,0.0,11700.0,11700.0,11500.0,11500.0,11600.0,HSX_FOREIGN_API,HOSE_SYMBOL_LEVEL,VND,2026-08-25T03:10:54Z,ff_hsx_symbol_daily_v1,85549bba208b6016ba69450afd4e4734e0e1df16570d61e4a20efe3c90478411
2026-06-19,HHV,HOSE,497860000.0,5134120000.0,-4636260000.0,43200.0,446500.0,-403300.0,0.0,0.0,0.0,0.0,11550.0,11600.0,11450.0,11450.0,11500.0,HSX_FOREIGN_API,HOSE_SYMBOL_LEVEL,VND,2026-08-25T03:10:54Z,ff_hsx_symbol_daily_v1,d85b0fc7502ddd99c6735ebc5a2377e996bc2824fa893dcf7d7cfb393563cef1
2026-06-22,HHV,HOSE,13680000.0,5456830000.0,-5443150000.0,1200.0,478100.0,-476900.0,0.0,0.0,0.0,0.0,11500.0,11500.0,11350.0,11400.0,11400.0,HSX_FOREIGN_API,HOSE_SYMBOL_LEVEL,VND,2026-08-25T03:10:54Z,ff_hsx_symbol_daily_v1,f0a0e215a745a88d25d362fe926519a58fb3ff838d4786ba5247c6e840deb01f
2026-06-23,HHV,HOSE,11350000.0,5323690000.0,-5312340000.0,1000.0,467900.0,-466900.0,0.0,0.0,0.0,0.0,11450.0,11500.0,11300.0,11300.0,11350.0,HSX_FOREIGN_API,HOSE_SYMBOL_LEVEL,VND,2026-08-25T03:10:54Z,ff_hsx_symbol_daily_v1,1908318c1e83c446ccac398fdbb9696059ba8f57eca2c4c9f8257b137e8ff562
2026-06-24,HHV,HOSE,755985000.0,605915000.0,150070000.0,68100.0,53700.0,14400.0,0.0,0.0,0.0,0.0,11300.0,11300.0,11100.0,11200.0,11200.0,HSX_FOREIGN_API,HOSE_SYMBOL_LEVEL,VND,2026-08-25T03:10:54Z,ff_hsx_symbol_daily_v1,f840235492e0d194d0ca6795e42cbdeedb820643c3478cf5011d91e24b823e01
2026-06-25,HHV,HOSE,0.0,692039400.0,-692039400.0,0.0,61887.0,-61887.0,0.0,0.0,0.0,0.0,11200.0,11250.0,11100.0,11100.0,11150.0,HSX_FOREIGN_API,HOSE_SYMBOL_LEVEL,VND,2026-08-25T03:10:54Z,ff_hsx_symbol_daily_v1,887a54c822a04c96e4ff9d0e6402a6651e63b6c8eca52205d05c15abd3de63ba
2026-06-26,HHV,HOSE,0.0,130455000.0,-130455000.0,0.0,11700.0,-11700.0,0.0,0.0,0.0,0.0,11100.0,11200.0,11100.0,11150.0,11150.0,HSX_FOREIGN_API,HOSE_SYMBOL_LEVEL,VND,2026-08-25T03:10:54Z,ff_hsx_symbol_daily_v1,cf8111b7f6bb0699e13bcd34a8289d4a9000e8962f8f84f9aaca7f3d027b243a
2026-06-29,HHV,HOSE,10821535000.0,5682245000.0,5139290000.0,957900.0,500000.0,457900.0,0.0,0.0,0.0,0.0,11200.0,11750.0,11150.0,11600.0,11450.0,HSX_FOREIGN_API,HOSE_SYMBOL_LEVEL,VND,2026-08-25T03:10:54Z,ff_hsx_symbol_daily_v1,7e32ad76a0a4718154d1df436fdd1f33bc015b9218deb4982bb0f24c077f2d49
2026-06-30,HHV,HOSE,9160000.0,5916310000.0,-5907150000.0,800.0,513300.0,-512500.0,0.0,0.0,0.0,0.0,11550.0,11650.0,11400.0,11400.0,11550.0,HSX_FOREIGN_API,HOSE_SYMBOL_LEVEL,VND,2026-08-25T03:10:54Z,ff_hsx_symbol_daily_v1,7f7ac4cdfdf15612c01bb130d204c97aedf8b9a85bcf5cbdab8ad9764302e212
2026-07-01,HHV,HOSE,733700000.0,5719095000.0,-4985395000.0,63800.0,499300.0,-435500.0,0.0,0.0,0.0,0.0,11500.0,11550.0,11400.0,11450.0,11450.0,HSX_FOREIGN_API,HOSE_SYMBOL_LEVEL,VND,2026-08-25T03:10:54Z,ff_hsx_symbol_daily_v1,b0388293c804961ef1687385bd50b3839f4487b6e568107e1735070e7ad92f02
2026-07-02,HHV,HOSE,1066205000.0,8620425000.0,-7554220000.0,92700.0,749100.0,-656400.0,0.0,0.0,0.0,0.0,11450.0,11600.0,11400.0,11400.0,11500.0,HSX_FOREIGN_API,HOSE_SYMBOL_LEVEL,VND,2026-08-25T03:10:54Z,ff_hsx_symbol_daily_v1,e74739b88bec74dee9e6c653c58a46376d70491631618fa144a19400a57299cf
2026-07-03,HHV,HOSE,2185555000.0,7332995000.0,-5147440000.0,192500.0,645700.0,-453200.0,0.0,0.0,0.0,0.0,11400.0,11450.0,11300.0,11300.0,11350.0,HSX_FOREIGN_API,HOSE_SYMBOL_LEVEL,VND,2026-08-25T03:10:54Z,ff_hsx_symbol_daily_v1,b1c0795c7fe0773c095e644096331f4caea0e431306f9a525dc46aee104cb8a1
2026-07-06,HHV,HOSE,2581665000.0,6575105000.0,-3993440000.0,229800.0,581400.0,-351600.0,0.0,0.0,0.0,0.0,11400.0,11450.0,11050.0,11100.0,11250.0,HSX_FOREIGN_API,HOSE_SYMBOL_LEVEL,VND,2026-08-25T03:10:54Z,ff_hsx_symbol_daily_v1,6533ad02c150e775f07d6949ac5b81acd47110cf453d9ea0d9db74a27a4aad86
2026-07-07,HHV,HOSE,2998510000.0,0.0,2998510000.0,268500.0,0.0,268500.0,0.0,0.0,0.0,0.0,11150.0,11250.0,11100.0,11200.0,11150.0,HSX_FOREIGN_API,HOSE_SYMBOL_LEVEL,VND,2026-08-25T03:10:54Z,ff_hsx_symbol_daily_v1,360af2ab793344def9c7d8eb5254ac45c4b3bc78e712b6921570580d49425d72
2026-07-08,HHV,HOSE,2779220000.0,1307265000.0,1471955000.0,248100.0,116700.0,131400.0,0.0,0.0,0.0,0.0,11250.0,11250.0,11150.0,11200.0,11200.0,HSX_FOREIGN_API,HOSE_SYMBOL_LEVEL,VND,2026-08-25T03:10:54Z,ff_hsx_symbol_daily_v1,82c2019072fec5533625a3839e859c3cbf27211f0acf289a9e094ba36ab40f56
2026-07-09,HHV,HOSE,1075000.0,6098520000.0,-6097445000.0,100.0,569400.0,-569300.0,0.0,0.0,0.0,0.0,10750.0,10800.0,10650.0,10700.0,10750.0,HSX_FOREIGN_API,HOSE_SYMBOL_LEVEL,VND,2026-08-25T03:10:54Z,ff_hsx_symbol_daily_v1,c6283ab84cb1ddf4e97356eb00f181c51c9fa6bdac904dff9360a18830866fe5
2026-07-10,HHV,HOSE,24828960000.0,7853369000.0,16975591000.0,2307400.0,728212.0,1579188.0,9038520000.0,6026400000.0,836900.0,558000.0,10750.0,10800.0,10600.0,10700.0,10700.0,HSX_FOREIGN_API,HOSE_SYMBOL_LEVEL,VND,2026-08-25T03:10:54Z,ff_hsx_symbol_daily_v1,0c3c87dcd0fe40ccef726faeeb989c634a51273947518483b51a40d19fbe18fd
2026-07-13,HHV,HOSE,1512972500.0,5223424900.0,-3710452400.0,145555.0,494584.0,-349029.0,0.0,0.0,0.0,0.0,10650.0,10700.0,10300.0,10450.0,10500.0,HSX_FOREIGN_API,HOSE_SYMBOL_LEVEL,VND,2026-08-25T03:10:54Z,ff_hsx_symbol_daily_v1,1b6793f6d7455c7c0cba03370570a5f319034dd7c5faf064506c02d1cc9a12ee
2026-07-14,HHV,HOSE,13559930000.0,5205000.0,13554725000.0,1286300.0,500.0,1285800.0,0.0,0.0,0.0,0.0,10400.0,10650.0,10300.0,10650.0,10500.0,HSX_FOREIGN_API,HOSE_SYMBOL_LEVEL,VND,2026-08-25T03:10:54Z,ff_hsx_symbol_daily_v1,556f0b9049c0a263cc9fcd9f79cef38fe84feb48dac7a402088553622da7a68d
2026-07-15,HHV,HOSE,956585000.0,1063855000.0,-107270000.0,91000.0,100800.0,-9800.0,0.0,0.0,0.0,0.0,10600.0,10700.0,10450.0,10500.0,10550.0,HSX_FOREIGN_API,HOSE_SYMBOL_LEVEL,VND,2026-08-25T03:10:54Z,ff_hsx_symbol_daily_v1,4890eaaacbccbb42d79d31656b10e20f8399e2337a8358fb8d905f7f8ce42626
2026-07-16,HHV,HOSE,2658735000.0,1669200000.0,989535000.0,258500.0,160300.0,98200.0,0.0,0.0,0.0,0.0,10450.0,10550.0,10200.0,10350.0,10350.0,HSX_FOREIGN_API,HOSE_SYMBOL_LEVEL,VND,2026-08-25T03:10:54Z,ff_hsx_symbol_daily_v1,8ba7ad05562d87bee21143c7ea538c415edc8d92ece9169601a13761d5d418c5
2026-07-17,HHV,HOSE,51500000.0,138920000.0,-87420000.0,5000.0,13400.0,-8400.0,0.0,0.0,0.0,0.0,10450.0,10450.0,10250.0,10300.0,10350.0,HSX_FOREIGN_API,HOSE_SYMBOL_LEVEL,VND,2026-08-25T03:10:54Z,ff_hsx_symbol_daily_v1,17ffa3ceff39bf874fa31aee29e9d623a1f34da66166681e06497feef73780b6
2026-07-20,HHV,HOSE,17162337000.0,119811000.0,17042526000.0,1701600.0,11904.0,1689696.0,0.0,0.0,0.0,0.0,10100.0,10300.0,9910.0,10050.0,10050.0,HSX_FOREIGN_API,HOSE_SYMBOL_LEVEL,VND,2026-08-25T03:10:54Z,ff_hsx_symbol_daily_v1,75fd3b23ee31454fa201308476aed55fa993b3722e926fb643a739070340cbf9
2026-07-21,HHV,HOSE,539819000.0,1314900980.0,-775081980.0,54000.0,131301.0,-77301.0,0.0,0.0,0.0,0.0,9800.0,10150.0,9760.0,9900.0,9960.0,HSX_FOREIGN_API,HOSE_SYMBOL_LEVEL,VND,2026-08-25T03:10:54Z,ff_hsx_symbol_daily_v1,dad1f36964d10d76af36e8b8e420ec0e3af1c772b422eb69a458dd76506d8f1e
2026-07-22,HHV,HOSE,4806419000.0,77815000.0,4728604000.0,484600.0,7900.0,476700.0,0.0,0.0,0.0,0.0,9860.0,10200.0,9750.0,9950.0,9960.0,HSX_FOREIGN_API,HOSE_SYMBOL_LEVEL,VND,2026-08-25T03:10:54Z,ff_hsx_symbol_daily_v1,7d8c1d8c6cbcb1cdaf7dfa90dad738cd799c864fe0f5e46eb902892c080f872d
2026-07-23,HHV,HOSE,1338454000.0,4857600.0,1333596400.0,134200.0,488.0,133712.0,0.0,0.0,0.0,0.0,9940.0,10300.0,9800.0,10050.0,10050.0,HSX_FOREIGN_API,HOSE_SYMBOL_LEVEL,VND,2026-08-25T03:10:54Z,ff_hsx_symbol_daily_v1,c7c44815d93449eb9f3ab57fc45ed96570ef7ac2aa1ba00f578264fc31ee1767
2026-07-24,HHV,HOSE,3381618000.0,492428000.0,2889190000.0,336500.0,49100.0,287400.0,0.0,0.0,0.0,0.0,10050.0,10100.0,9960.0,9970.0,10000.0,HSX_FOREIGN_API,HOSE_SYMBOL_LEVEL,VND,2026-08-25T03:10:54Z,ff_hsx_symbol_daily_v1,5179b0af66a6b02675ad2fffea8f2d9e8c4bafdd1782995541cbed1f6a4f6528
2026-07-27,HHV,HOSE,121235000.0,1167338240.0,-1046103240.0,12200.0,116869.0,-104669.0,0.0,0.0,0.0,0.0,10000.0,10050.0,9800.0,9800.0,9910.0,HSX_FOREIGN_API,HOSE_SYMBOL_LEVEL,VND,2026-08-25T03:10:54Z,ff_hsx_symbol_daily_v1,8f9da4d39796eeff45034b8657013c7bc4037b67e95c44d37616e281525391b1
2026-07-28,HHV,HOSE,347721000.0,987306000.0,-639585000.0,35600.0,101900.0,-66300.0,0.0,0.0,0.0,0.0,9500.0,9950.0,9500.0,9830.0,9740.0,HSX_FOREIGN_API,HOSE_SYMBOL_LEVEL,VND,2026-08-25T03:10:54Z,ff_hsx_symbol_daily_v1,de3c9755df422661d3014e74b07465edc94744f94ca27da8ecffdaeafd43b701
2026-07-29,HHV,HOSE,0.0,234066000.0,-234066000.0,0.0,23800.0,-23800.0,0.0,0.0,0.0,0.0,9900.0,9940.0,9800.0,9820.0,9830.0,HSX_FOREIGN_API,HOSE_SYMBOL_LEVEL,VND,2026-08-25T03:10:54Z,ff_hsx_symbol_daily_v1,4d09c4d648654cca48d863bbf2d21c8c28547914fc4e62b14f5e331225549fbc
2026-07-30,HHV,HOSE,6323601000.0,169536000.0,6154065000.0,628600.0,16900.0,611700.0,0.0,0.0,0.0,0.0,9820.0,10200.0,9820.0,10050.0,10050.0,HSX_FOREIGN_API,HOSE_SYMBOL_LEVEL,VND,2026-08-25T03:10:54Z,ff_hsx_symbol_daily_v1,220210e630a503193aa46bf89fab0c92c8d159c336bd7a3ff1749f3b5ccfb69f
2026-07-31,HHV,HOSE,396847000.0,556597000.0,-159750000.0,39500.0,55700.0,-16200.0,0.0,0.0,0.0,0.0,10150.0,10150.0,9960.0,9960.0,10000.0,HSX_FOREIGN_API,HOSE_SYMBOL_LEVEL,VND,2026-08-25T03:10:54Z,ff_hsx_symbol_daily_v1,68f4ed3dd050eee25509e557b83dbea4b33293de6dd20d53f3fcf621baa87738
2026-08-03,HHV,HOSE,3471983000.0,55050000.0,3416933000.0,345100.0,5500.0,339600.0,0.0,0.0,0.0,0.0,9960.0,10250.0,9960.0,10150.0,10100.0,HSX_FOREIGN_API,HOSE_SYMBOL_LEVEL,VND,2026-08-25T03:10:54Z,ff_hsx_symbol_daily_v1,bd3fab45c26bc7a1cfdca629cf0f74575702b0aa8e4eef2f43a9a8f46b51dfc8
2026-08-04,HHV,HOSE,1530300000.0,1325411000.0,204889000.0,149300.0,129505.0,19795.0,0.0,0.0,0.0,0.0,10250.0,10350.0,10150.0,10200.0,10250.0,HSX_FOREIGN_API,HOSE_SYMBOL_LEVEL,VND,2026-08-25T03:10:54Z,ff_hsx_symbol_daily_v1,fbebaa27b6303ddc9bc519939a6547465102dc09e784f4daa07c15df00e1b6c6
2026-08-05,HHV,HOSE,8160000.0,914618750.0,-906458750.0,800.0,90018.0,-89218.0,0.0,0.0,0.0,0.0,10200.0,10300.0,10050.0,10100.0,10150.0,HSX_FOREIGN_API,HOSE_SYMBOL_LEVEL,VND,2026-08-25T03:10:54Z,ff_hsx_symbol_daily_v1,b1bfe78d0cc1eef1e03ffdfd17d68b807d7922e8f57412ed04340af9a7df34f9
2026-08-06,HHV,HOSE,6000000.0,1960755000.0,-1954755000.0,600.0,195100.0,-194500.0,0.0,0.0,0.0,0.0,10050.0,10100.0,10000.0,10050.0,10050.0,HSX_FOREIGN_API,HOSE_SYMBOL_LEVEL,VND,2026-08-25T03:10:54Z,ff_hsx_symbol_daily_v1,cf4f01b1ac5aba22909fdbbd5eeef836b47cfb229d2310d159ceb051c1e4d60f
2026-08-07,HHV,HOSE,1267508750.0,281350000.0,986158750.0,125975.0,27900.0,98075.0,0.0,0.0,0.0,0.0,10050.0,10150.0,10000.0,10050.0,10050.0,HSX_FOREIGN_API,HOSE_SYMBOL_LEVEL,VND,2026-08-25T03:10:54Z,ff_hsx_symbol_daily_v1,0e36261b7f550ff9a3d8ff3c057d9a20699d71a3efd9bd311dba5083026af44c
2026-08-10,HHV,HOSE,5200610000.0,99175000.0,5101435000.0,512700.0,9700.0,503000.0,0.0,0.0,0.0,0.0,10100.0,10300.0,10050.0,10250.0,10150.0,HSX_FOREIGN_API,HOSE_SYMBOL_LEVEL,VND,2026-08-25T03:10:54Z,ff_hsx_symbol_daily_v1,346fb324d1003cc7e7025e1d358196a3b42fdd18f7d4c465252da774d49f6905
2026-08-11,HHV,HOSE,157845000.0,526315000.0,-368470000.0,15400.0,51500.0,-36100.0,0.0,0.0,0.0,0.0,10300.0,10350.0,10150.0,10150.0,10250.0,HSX_FOREIGN_API,HOSE_SYMBOL_LEVEL,VND,2026-08-25T03:10:54Z,ff_hsx_symbol_daily_v1,7b50cfa5301e6fca747490e50c35dff3dcd52e2b34990ae764908a9774ae3d46
2026-08-12,HHV,HOSE,706715000.0,3049535000.0,-2342820000.0,68600.0,292100.0,-223500.0,0.0,0.0,0.0,0.0,10150.0,10500.0,10150.0,10300.0,10400.0,HSX_FOREIGN_API,HOSE_SYMBOL_LEVEL,VND,2026-08-25T03:10:54Z,ff_hsx_symbol_daily_v1,9efbfcfbbf38820a5539e73947eca48485f4396193785f9c135284f9245e00be
2026-08-13,HHV,HOSE,80960000.0,4598840000.0,-4517880000.0,7900.0,448800.0,-440900.0,0.0,0.0,0.0,0.0,10350.0,10350.0,10100.0,10150.0,10200.0,HSX_FOREIGN_API,HOSE_SYMBOL_LEVEL,VND,2026-08-25T03:10:54Z,ff_hsx_symbol_daily_v1,451fac4b7ac2c19303c6e5215149371da0ac200831be55bd2ff3a237649b968a
2026-08-14,HHV,HOSE,6055000.0,119305000.0,-113250000.0,600.0,11800.0,-11200.0,0.0,0.0,0.0,0.0,10150.0,10200.0,10000.0,10050.0,10050.0,HSX_FOREIGN_API,HOSE_SYMBOL_LEVEL,VND,2026-08-25T03:10:54Z,ff_hsx_symbol_daily_v1,a13ef5c405cf2df970b0f9e3b28e11449ca583dd96f56a98f6bc31f6d5d9e4ea
2026-08-17,HHV,HOSE,4000000.0,1041020000.0,-1037020000.0,400.0,104100.0,-103700.0,0.0,0.0,0.0,0.0,10050.0,10100.0,10000.0,10050.0,10050.0,HSX_FOREIGN_API,HOSE_SYMBOL_LEVEL,VND,2026-08-25T03:10:54Z,ff_hsx_symbol_daily_v1,6493a66024afdafe00dd5b96d3591c3d00fa26a3f6178300dff790422df9f70c
2026-08-18,HHV,HOSE,106349250.0,19095000.0,87254250.0,10530.0,1900.0,8630.0,0.0,0.0,0.0,0.0,10050.0,10150.0,9990.0,10000.0,10050.0,HSX_FOREIGN_API,HOSE_SYMBOL_LEVEL,VND,2026-08-25T03:10:54Z,ff_hsx_symbol_daily_v1,367c0ecd0cfb8d48788444765d2563ddc4a76f04ddea68f7e2e81909ca3c3b74
2026-08-19,HHV,HOSE,0.0,138666000.0,-138666000.0,0.0,13900.0,-13900.0,0.0,0.0,0.0,0.0,10000.0,10100.0,9880.0,9900.0,9950.0,HSX_FOREIGN_API,HOSE_SYMBOL_LEVEL,VND,2026-08-25T03:10:54Z,ff_hsx_symbol_daily_v1,d4dfa50fcb4e20a415a846d8df14c5cc224a5dc50f4d1ad6d728e3611f2fd56f
2026-08-20,HHV,HOSE,0.0,347176000.0,-347176000.0,0.0,34900.0,-34900.0,0.0,0.0,0.0,0.0,9960.0,9990.0,9910.0,9930.0,9950.0,HSX_FOREIGN_API,HOSE_SYMBOL_LEVEL,VND,2026-08-25T03:10:54Z,ff_hsx_symbol_daily_v1,e4572fd6925c95f4575bdedddc1c6aa9f0b5f1d609e09a3169e67e76f490dda7
2026-08-21,HHV,HOSE,1916743000.0,387029700.0,1529713300.0,191300.0,38690.0,152610.0,0.0,0.0,0.0,0.0,9940.0,10150.0,9940.0,10150.0,10050.0,HSX_FOREIGN_API,HOSE_SYMBOL_LEVEL,VND,2026-08-25T03:10:54Z,ff_hsx_symbol_daily_v1,f20283d1e006cf79a4c2b675e71835a6b32f0b7f6c86ce6e3a127a4cec1aa8e4
2026-08-24,HHV,HOSE,2060805250.0,206890000.0,1853915250.0,203035.0,20300.0,182735.0,0.0,0.0,0.0,0.0,10200.0,10250.0,10100.0,10150.0,10150.0,HSX_FOREIGN_API,HOSE_SYMBOL_LEVEL,VND,2026-08-25T03:10:54Z,ff_hsx_symbol_daily_v1,b236e7faec7046581302b0bc5c00ef71ff0b45b5ae33dc7818325fd1e6b9589e
