trade_date,symbol,exchange,foreign_buy_value,foreign_sell_value,foreign_net_value,foreign_buy_volume,foreign_sell_volume,foreign_net_volume,biglot_buy_value,biglot_sell_value,biglot_buy_volume,biglot_sell_volume,open_price,high_price,low_price,close_price,average_price,source,source_scope,source_units,fetched_at,schema_version,row_hash
2016-12-28,NVL,HOSE,26756400000.0,30000000000.0,-3243600000.0,445940.0,500000.0,-54060.0,0.0,0.0,0.0,0.0,60000.0,60000.0,60000.0,60000.0,60000.0,HSX_FOREIGN_API,HOSE_SYMBOL_LEVEL,VND,2026-08-25T03:49:45Z,ff_hsx_symbol_daily_v1,723a989e15d4946a4f5ca93718ab61653a38820d25e35227ef17780706d1307a
2016-12-29,NVL,HOSE,133476855000.0,70362648000.0,63114207000.0,2372560.0,1180000.0,1192560.0,117180000000.0,0.0,2100000.0,0.0,60500.0,61600.0,57900.0,60100.0,59490.0,HSX_FOREIGN_API,HOSE_SYMBOL_LEVEL,VND,2026-08-25T03:49:45Z,ff_hsx_symbol_daily_v1,ac47a187181f8081f20d1b17c5cb19ee3c9f70d79a65938886396ddc5de93a41
2016-12-30,NVL,HOSE,10200000.0,61111500000.0,-61101300000.0,170.0,1020000.0,-1019830.0,0.0,0.0,0.0,0.0,60000.0,60100.0,58400.0,60100.0,59880.0,HSX_FOREIGN_API,HOSE_SYMBOL_LEVEL,VND,2026-08-25T03:49:45Z,ff_hsx_symbol_daily_v1,91908efe4b61cbc134162ecd9a1a29ecfd103f8e9c91dcb73429a0ede0b79236
2017-01-03,NVL,HOSE,225600000.0,600000000.0,-374400000.0,3760.0,10000.0,-6240.0,0.0,0.0,0.0,0.0,60000.0,60000.0,59000.0,59000.0,59480.0,HSX_FOREIGN_API,HOSE_SYMBOL_LEVEL,VND,2026-08-25T03:49:45Z,ff_hsx_symbol_daily_v1,bffa619e1b05456d78e7da0664724eb70ffb1f363ea2b6ab060081265763c068
2017-01-04,NVL,HOSE,2963960000.0,0.0,2963960000.0,50000.0,0.0,50000.0,0.0,0.0,0.0,0.0,59000.0,59500.0,59000.0,59400.0,59310.0,HSX_FOREIGN_API,HOSE_SYMBOL_LEVEL,VND,2026-08-25T03:49:45Z,ff_hsx_symbol_daily_v1,3514909c17da597c8c1cc0d435b7deb9073b5954c7bd93752a9851a918575418
2017-01-05,NVL,HOSE,4953910000.0,0.0,4953910000.0,83890.0,0.0,83890.0,0.0,0.0,0.0,0.0,59300.0,59400.0,59000.0,59100.0,59140.0,HSX_FOREIGN_API,HOSE_SYMBOL_LEVEL,VND,2026-08-25T03:49:45Z,ff_hsx_symbol_daily_v1,1ce9c7d8b84c8cfd195a4c364e5ac40487e03354aba20a72fc8939a42230387a
2017-01-06,NVL,HOSE,2944500000.0,0.0,2944500000.0,50000.0,0.0,50000.0,0.0,0.0,0.0,0.0,59000.0,59200.0,58800.0,59200.0,58950.0,HSX_FOREIGN_API,HOSE_SYMBOL_LEVEL,VND,2026-08-25T03:49:45Z,ff_hsx_symbol_daily_v1,70b80409a1e76968907a22acdd419397938ea6143e5d1b959c616596a501abda
2017-01-09,NVL,HOSE,3312000000.0,0.0,3312000000.0,56200.0,0.0,56200.0,0.0,0.0,0.0,0.0,59100.0,59300.0,58700.0,59300.0,59080.0,HSX_FOREIGN_API,HOSE_SYMBOL_LEVEL,VND,2026-08-25T03:49:45Z,ff_hsx_symbol_daily_v1,a27d347dfa4d915034931b28084eeebc0d730e88e412a2a70ecca8086e18bb00
2017-01-10,NVL,HOSE,2950000.0,0.0,2950000.0,50.0,0.0,50.0,0.0,0.0,0.0,0.0,59200.0,59200.0,58900.0,59000.0,59050.0,HSX_FOREIGN_API,HOSE_SYMBOL_LEVEL,VND,2026-08-25T03:49:45Z,ff_hsx_symbol_daily_v1,2b4517661965d1110e4971c71b6a99bc57282aaab99cb76c33a8ea207fa330d2
2017-01-11,NVL,HOSE,9154102000.0,0.0,9154102000.0,155040.0,0.0,155040.0,0.0,0.0,0.0,0.0,58900.0,59100.0,58700.0,59100.0,58950.0,HSX_FOREIGN_API,HOSE_SYMBOL_LEVEL,VND,2026-08-25T03:49:45Z,ff_hsx_symbol_daily_v1,6f275952ad1f40668a93bf83c424f6943bb8d9e57c9563469fc8bd75f54e153b
2017-01-12,NVL,HOSE,1180000.0,387510000.0,-386330000.0,20.0,6590.0,-6570.0,0.0,0.0,0.0,0.0,59000.0,59100.0,58700.0,58800.0,58970.0,HSX_FOREIGN_API,HOSE_SYMBOL_LEVEL,VND,2026-08-25T03:49:45Z,ff_hsx_symbol_daily_v1,cea1e4b4aeafc4f3ac0e79ce17025c1521ba81fe5a4310fc1551bb167ce20c76
2017-01-13,NVL,HOSE,12764270000.0,0.0,12764270000.0,217220.0,0.0,217220.0,0.0,0.0,0.0,0.0,58800.0,59000.0,58500.0,59000.0,58700.0,HSX_FOREIGN_API,HOSE_SYMBOL_LEVEL,VND,2026-08-25T03:49:45Z,ff_hsx_symbol_daily_v1,e687fd43c0033c7a6e0d32b3944adbe20327331093037c7cd2100c85bb737b6c
2017-01-16,NVL,HOSE,17779056000.0,0.0,17779056000.0,301670.0,0.0,301670.0,0.0,0.0,0.0,0.0,58900.0,59200.0,58700.0,59200.0,58900.0,HSX_FOREIGN_API,HOSE_SYMBOL_LEVEL,VND,2026-08-25T03:49:45Z,ff_hsx_symbol_daily_v1,e0ca115ab1e1309858aaa1f74bf7945631bd03289c4cdcfeaffd3d03b4ce7bab
2017-01-17,NVL,HOSE,16869890000.0,7318000000.0,9551890000.0,285760.0,124000.0,161760.0,0.0,0.0,0.0,0.0,59100.0,59200.0,58800.0,58800.0,59040.0,HSX_FOREIGN_API,HOSE_SYMBOL_LEVEL,VND,2026-08-25T03:49:45Z,ff_hsx_symbol_daily_v1,80327d83e9f8a694f7e5bd0aa094c25800ccf826b30638291828c3e43960c51e
2017-01-18,NVL,HOSE,17570009000.0,9118200000.0,8451809000.0,298750.0,155000.0,143750.0,0.0,0.0,0.0,0.0,58700.0,59000.0,58700.0,58900.0,58780.0,HSX_FOREIGN_API,HOSE_SYMBOL_LEVEL,VND,2026-08-25T03:49:45Z,ff_hsx_symbol_daily_v1,22c078c4db138e13c65aabf96ba021739adb0d9a7cbb35a433c9243700781c78
2017-01-19,NVL,HOSE,0.0,90017000.0,-90017000.0,0.0,1530.0,-1530.0,0.0,0.0,0.0,0.0,58800.0,59000.0,58000.0,58100.0,58580.0,HSX_FOREIGN_API,HOSE_SYMBOL_LEVEL,VND,2026-08-25T03:49:45Z,ff_hsx_symbol_daily_v1,3d3df79d42a290df4b343bed8ffb4913d0fa1177f382b97fbede3b9eb50bc45e
2017-01-20,NVL,HOSE,0.0,0.0,0.0,0.0,0.0,0.0,0.0,0.0,0.0,0.0,58100.0,58500.0,57900.0,58200.0,58230.0,HSX_FOREIGN_API,HOSE_SYMBOL_LEVEL,VND,2026-08-25T03:49:45Z,ff_hsx_symbol_daily_v1,4ed392c44a944703ff207e7b09d3d8f8ab1eb1309b5eeb90aed134abb89c40b0
2017-01-23,NVL,HOSE,0.0,289000000.0,-289000000.0,0.0,5000.0,-5000.0,0.0,0.0,0.0,0.0,58200.0,58400.0,57800.0,57800.0,58110.0,HSX_FOREIGN_API,HOSE_SYMBOL_LEVEL,VND,2026-08-25T03:49:45Z,ff_hsx_symbol_daily_v1,e83b4f9bd8f7ced7269fbd68916cade2e7bbf4815b0cd486eb781267f341c4b1
2017-01-24,NVL,HOSE,29000000.0,0.0,29000000.0,500.0,0.0,500.0,0.0,0.0,0.0,0.0,57800.0,58200.0,57600.0,57900.0,57880.0,HSX_FOREIGN_API,HOSE_SYMBOL_LEVEL,VND,2026-08-25T03:49:45Z,ff_hsx_symbol_daily_v1,8e1fcc6981bfd70e6f8e13adcc29e707969baef6816cc51d461c4638ff1e3230
2017-01-25,NVL,HOSE,642200000.0,0.0,642200000.0,11000.0,0.0,11000.0,0.0,0.0,0.0,0.0,58000.0,60600.0,58000.0,60600.0,59480.0,HSX_FOREIGN_API,HOSE_SYMBOL_LEVEL,VND,2026-08-25T03:49:45Z,ff_hsx_symbol_daily_v1,f9c6fb612e61e0a2263c2bc1af03a6708e67f3e6819de5261449b34ca369fd75
2017-02-02,NVL,HOSE,0.0,0.0,0.0,0.0,0.0,0.0,0.0,0.0,0.0,0.0,60700.0,60900.0,60400.0,60900.0,60620.0,HSX_FOREIGN_API,HOSE_SYMBOL_LEVEL,VND,2026-08-25T03:49:45Z,ff_hsx_symbol_daily_v1,9f28aa7de03104dc5dac9f404a477e1b2527771329b199049f586eb0443ddcda
2017-02-03,NVL,HOSE,2084228000.0,6090000.0,2078138000.0,34470.0,100.0,34370.0,0.0,0.0,0.0,0.0,60800.0,60900.0,60300.0,60900.0,60530.0,HSX_FOREIGN_API,HOSE_SYMBOL_LEVEL,VND,2026-08-25T03:49:45Z,ff_hsx_symbol_daily_v1,3483f0eb22eace4b7e52134aadfb2cd006056744942e3339c27a0718332f1edc
2017-02-06,NVL,HOSE,3172856000.0,114470000.0,3058386000.0,52680.0,1900.0,50780.0,0.0,0.0,0.0,0.0,60800.0,60800.0,59900.0,59900.0,60320.0,HSX_FOREIGN_API,HOSE_SYMBOL_LEVEL,VND,2026-08-25T03:49:45Z,ff_hsx_symbol_daily_v1,b32317611181a7689f971317d9ff145c95dbfc416edcb6bbb62e97d8e985f7b6
2017-02-07,NVL,HOSE,13724050000.0,0.0,13724050000.0,230740.0,0.0,230740.0,0.0,0.0,0.0,0.0,59700.0,59800.0,59200.0,59500.0,59500.0,HSX_FOREIGN_API,HOSE_SYMBOL_LEVEL,VND,2026-08-25T03:49:45Z,ff_hsx_symbol_daily_v1,7b6a9157c007a114c1f8ea63f4c7a3780e20ccd1c06bb3cb5d8a86c8ad4044a1
2017-02-08,NVL,HOSE,3009485000.0,0.0,3009485000.0,50430.0,0.0,50430.0,0.0,0.0,0.0,0.0,59500.0,60000.0,59100.0,59100.0,59480.0,HSX_FOREIGN_API,HOSE_SYMBOL_LEVEL,VND,2026-08-25T03:49:45Z,ff_hsx_symbol_daily_v1,a34013ce8e3c30a1b2f43e875f7e7b87cf6edb2efd4a3b3a789af23bf783921b
2017-02-09,NVL,HOSE,12151028000.0,0.0,12151028000.0,206310.0,0.0,206310.0,0.0,0.0,0.0,0.0,59100.0,59700.0,58800.0,58800.0,59210.0,HSX_FOREIGN_API,HOSE_SYMBOL_LEVEL,VND,2026-08-25T03:49:45Z,ff_hsx_symbol_daily_v1,74fc2cb95329c056b8c3c703826e62deb979c12b955dc565c89983843135d48e
2017-02-10,NVL,HOSE,25737125000.0,0.0,25737125000.0,436290.0,0.0,436290.0,0.0,0.0,0.0,0.0,59000.0,59600.0,58800.0,58800.0,59110.0,HSX_FOREIGN_API,HOSE_SYMBOL_LEVEL,VND,2026-08-25T03:49:45Z,ff_hsx_symbol_daily_v1,107104363ad5ad609d959824184ed82f9170bbcdca0be31554815a7d4f3f2382
2017-02-13,NVL,HOSE,46204000.0,7353549000.0,-7307345000.0,780.0,123930.0,-123150.0,0.0,0.0,0.0,0.0,58900.0,59500.0,58900.0,59200.0,59270.0,HSX_FOREIGN_API,HOSE_SYMBOL_LEVEL,VND,2026-08-25T03:49:45Z,ff_hsx_symbol_daily_v1,bc171235b947895fb52bd3b6901663357bb80f235bd5447562577a0b78817cef
2017-02-14,NVL,HOSE,148150000.0,0.0,148150000.0,2500.0,0.0,2500.0,0.0,0.0,0.0,0.0,59200.0,59600.0,59200.0,59200.0,59350.0,HSX_FOREIGN_API,HOSE_SYMBOL_LEVEL,VND,2026-08-25T03:49:45Z,ff_hsx_symbol_daily_v1,5be381c3c77aea5f1d78dff86d7ab15b185503960d78c66dea1bad414447337f
2017-02-15,NVL,HOSE,4177776000.0,0.0,4177776000.0,70030.0,0.0,70030.0,0.0,0.0,0.0,0.0,59200.0,60000.0,59200.0,59500.0,59470.0,HSX_FOREIGN_API,HOSE_SYMBOL_LEVEL,VND,2026-08-25T03:49:45Z,ff_hsx_symbol_daily_v1,1621c8db742d0d5e86893db0dfbdb97ce8e34dd7da6a6301b46aec428221a36d
2017-02-16,NVL,HOSE,3020000.0,0.0,3020000.0,50.0,0.0,50.0,0.0,0.0,0.0,0.0,59800.0,60600.0,59600.0,60300.0,60130.0,HSX_FOREIGN_API,HOSE_SYMBOL_LEVEL,VND,2026-08-25T03:49:45Z,ff_hsx_symbol_daily_v1,e3d76920a7b1f67e0a8565cef9f33035473b77c4ef316d7144c1f6e94d648597
2017-02-17,NVL,HOSE,91450000.0,0.0,91450000.0,1500.0,0.0,1500.0,0.0,0.0,0.0,0.0,60300.0,61400.0,60300.0,60800.0,60660.0,HSX_FOREIGN_API,HOSE_SYMBOL_LEVEL,VND,2026-08-25T03:49:45Z,ff_hsx_symbol_daily_v1,bef8e0e96201c689e70d083ee991c1a7cad8194bb4adc6d8360f85aea575ebdb
2017-02-20,NVL,HOSE,618000.0,5178842000.0,-5178224000.0,10.0,84320.0,-84310.0,0.0,0.0,0.0,0.0,61000.0,63500.0,61000.0,63100.0,61740.0,HSX_FOREIGN_API,HOSE_SYMBOL_LEVEL,VND,2026-08-25T03:49:45Z,ff_hsx_symbol_daily_v1,28a05bbebcafae105a85771ddd34e9b703c0b02840d71e460240e15d0a89abd2
2017-02-21,NVL,HOSE,731147000.0,3589963000.0,-2858816000.0,11250.0,54350.0,-43100.0,0.0,0.0,0.0,0.0,63500.0,67000.0,63100.0,66000.0,64730.0,HSX_FOREIGN_API,HOSE_SYMBOL_LEVEL,VND,2026-08-25T03:49:45Z,ff_hsx_symbol_daily_v1,656fb20c914955577efc6028dd9673153158905c971fe727a9800f68e245abe2
2017-02-22,NVL,HOSE,4101438000.0,5389215000.0,-1287777000.0,61600.0,80830.0,-19230.0,0.0,0.0,0.0,0.0,66100.0,68000.0,66000.0,66200.0,66840.0,HSX_FOREIGN_API,HOSE_SYMBOL_LEVEL,VND,2026-08-25T03:49:45Z,ff_hsx_symbol_daily_v1,285de3529e46b2dc75414744a24ad835032cc6e30c0814eed799b8f2d70316ac
2017-02-23,NVL,HOSE,3187379000.0,2163461000.0,1023918000.0,48390.0,32590.0,15800.0,0.0,0.0,0.0,0.0,66100.0,66600.0,64900.0,65900.0,65880.0,HSX_FOREIGN_API,HOSE_SYMBOL_LEVEL,VND,2026-08-25T03:49:45Z,ff_hsx_symbol_daily_v1,7bfd8c3828661d505307ce59913d3081a427a3ffaf4ca593a93a09f98cd4b492
2017-02-24,NVL,HOSE,0.0,7040815000.0,-7040815000.0,0.0,108070.0,-108070.0,0.0,0.0,0.0,0.0,65900.0,65900.0,64500.0,65300.0,65210.0,HSX_FOREIGN_API,HOSE_SYMBOL_LEVEL,VND,2026-08-25T03:49:45Z,ff_hsx_symbol_daily_v1,3c06bbff0237b1e0b7110e3bc1a23f64c3ad032921dbf53642be032af4d98133
2017-02-27,NVL,HOSE,0.0,0.0,0.0,0.0,0.0,0.0,0.0,0.0,0.0,0.0,65100.0,66900.0,65100.0,66500.0,65550.0,HSX_FOREIGN_API,HOSE_SYMBOL_LEVEL,VND,2026-08-25T03:49:45Z,ff_hsx_symbol_daily_v1,57887b754eb25529fb64399cd9286f35ccc60b6a1fe9c1553d01d82f2e812202
2017-02-28,NVL,HOSE,9919663000.0,3146160000.0,6773503000.0,145330.0,46930.0,98400.0,0.0,0.0,0.0,0.0,66500.0,69500.0,66500.0,67000.0,67650.0,HSX_FOREIGN_API,HOSE_SYMBOL_LEVEL,VND,2026-08-25T03:49:45Z,ff_hsx_symbol_daily_v1,fd02b26a103143cc58fd925814fba3e8efcc29dcc554713b6f7bcca84878156c
2017-03-01,NVL,HOSE,4442332000.0,13625000.0,4428707000.0,65000.0,200.0,64800.0,0.0,0.0,0.0,0.0,67000.0,68800.0,67000.0,68800.0,68060.0,HSX_FOREIGN_API,HOSE_SYMBOL_LEVEL,VND,2026-08-25T03:49:45Z,ff_hsx_symbol_daily_v1,35e4ec3e7510758787d97d1d837f77a0a1e9bf82f97c4c44e81611126b2a0ecb
2017-03-02,NVL,HOSE,69000000.0,0.0,69000000.0,1000.0,0.0,1000.0,0.0,0.0,0.0,0.0,68800.0,69500.0,68700.0,68800.0,69070.0,HSX_FOREIGN_API,HOSE_SYMBOL_LEVEL,VND,2026-08-25T03:49:45Z,ff_hsx_symbol_daily_v1,7b4f418db4e4510d0cead86591b59a4721623cae044df33bb47c7e190a6124fd
2017-03-03,NVL,HOSE,1698187000.0,34350000.0,1663837000.0,24840.0,500.0,24340.0,0.0,0.0,0.0,0.0,68800.0,69000.0,67800.0,68900.0,68210.0,HSX_FOREIGN_API,HOSE_SYMBOL_LEVEL,VND,2026-08-25T03:49:45Z,ff_hsx_symbol_daily_v1,9c66e0ae4ba71a0ef87f29abd36a456dd5f4ebc3e3de8137bedb9118310c21dc
2017-03-06,NVL,HOSE,1674710000.0,686000.0,1674024000.0,24310.0,10.0,24300.0,0.0,0.0,0.0,0.0,68800.0,69000.0,68300.0,68900.0,68740.0,HSX_FOREIGN_API,HOSE_SYMBOL_LEVEL,VND,2026-08-25T03:49:45Z,ff_hsx_symbol_daily_v1,a8d9361ce0884d5be6d90260640e0652a2a72aad5a2a06752d0711163e9acee2
2017-03-07,NVL,HOSE,13821348000.0,7425420000.0,6395928000.0,200940.0,107920.0,93020.0,6384640000.0,6384640000.0,92800.0,92800.0,68800.0,70000.0,68300.0,68600.0,68800.0,HSX_FOREIGN_API,HOSE_SYMBOL_LEVEL,VND,2026-08-25T03:49:45Z,ff_hsx_symbol_daily_v1,dcfad9573b807ce0ff288023cf6a2a12cf342203a246d1441a4b204334f33e36
2017-03-08,NVL,HOSE,0.0,756889000.0,-756889000.0,0.0,11090.0,-11090.0,0.0,0.0,0.0,0.0,68600.0,68600.0,66500.0,68000.0,68030.0,HSX_FOREIGN_API,HOSE_SYMBOL_LEVEL,VND,2026-08-25T03:49:45Z,ff_hsx_symbol_daily_v1,43734c9a79063002f6833b76cca771ab94a608fc26bf4de8fb557eeca21c0eac
2017-03-09,NVL,HOSE,2270384000.0,67900000.0,2202484000.0,33530.0,1000.0,32530.0,0.0,0.0,0.0,0.0,68000.0,68100.0,67500.0,68000.0,67760.0,HSX_FOREIGN_API,HOSE_SYMBOL_LEVEL,VND,2026-08-25T03:49:45Z,ff_hsx_symbol_daily_v1,875a502148ee18acbc956db10e3b119437ee2a7a925ad2484b0058c4e5820d7e
2017-03-10,NVL,HOSE,975530000.0,0.0,975530000.0,14300.0,0.0,14300.0,0.0,0.0,0.0,0.0,68000.0,68700.0,67900.0,68000.0,68320.0,HSX_FOREIGN_API,HOSE_SYMBOL_LEVEL,VND,2026-08-25T03:49:45Z,ff_hsx_symbol_daily_v1,bcb0e6aaa8aab717b17d94cef70eb0c658e0a7021a33fa1a4ed7f90d61f3ec40
2017-03-13,NVL,HOSE,55136403000.0,196290000000.0,-141153597000.0,758700.0,2700000.0,-1941300.0,7270000000.0,94510000000.0,100000.0,1300000.0,72700.0,72700.0,70000.0,72700.0,72520.0,HSX_FOREIGN_API,HOSE_SYMBOL_LEVEL,VND,2026-08-25T03:49:45Z,ff_hsx_symbol_daily_v1,5c337ffb0934c9f87b9e8686b14e34282f0b8c1a399f0ebd95c643429fa8b8fc
2017-03-14,NVL,HOSE,37881973000.0,146469765000.0,-108587792000.0,506830.0,1955990.0,-1449160.0,15030000000.0,117030000000.0,200000.0,1560000.0,72700.0,75500.0,72600.0,75500.0,74290.0,HSX_FOREIGN_API,HOSE_SYMBOL_LEVEL,VND,2026-08-25T03:49:45Z,ff_hsx_symbol_daily_v1,410724ec12c2f3a3bc049a27a3c13981b79db97bfbf6ce27bfe53c217cbd3e22
2017-03-15,NVL,HOSE,0.0,13024461000.0,-13024461000.0,0.0,175200.0,-175200.0,0.0,0.0,0.0,0.0,75800.0,77000.0,73100.0,73300.0,75300.0,HSX_FOREIGN_API,HOSE_SYMBOL_LEVEL,VND,2026-08-25T03:49:45Z,ff_hsx_symbol_daily_v1,580fcd64a303908870af06c70fa3c2cc22b221e66d6d6e9621b11616c7e16a68
2017-03-16,NVL,HOSE,235022186000.0,4444550000.0,230577636000.0,3308500.0,61000.0,3247500.0,230453930000.0,0.0,3245830.0,0.0,73000.0,73300.0,72600.0,72600.0,72830.0,HSX_FOREIGN_API,HOSE_SYMBOL_LEVEL,VND,2026-08-25T03:49:45Z,ff_hsx_symbol_daily_v1,85980cf824c73bbc3d390e77afcc7130d27810411e97b06de8bb3714c4d12066
2017-03-17,NVL,HOSE,52605940000.0,10218663000.0,42387277000.0,778100.0,146890.0,631210.0,0.0,0.0,0.0,0.0,71700.0,72000.0,67600.0,67600.0,68280.0,HSX_FOREIGN_API,HOSE_SYMBOL_LEVEL,VND,2026-08-25T03:49:45Z,ff_hsx_symbol_daily_v1,0ecc83d10029b2e073441fbacae438cf03b4ca925b7b5be71e650617d232bec0
2017-03-20,NVL,HOSE,106634142000.0,8488173000.0,98145969000.0,1575530.0,123000.0,1452530.0,101766392000.0,0.0,1505420.0,0.0,67800.0,70000.0,67800.0,68800.0,69210.0,HSX_FOREIGN_API,HOSE_SYMBOL_LEVEL,VND,2026-08-25T03:49:45Z,ff_hsx_symbol_daily_v1,3ead257d256cb4d7309eb836943c71ce1b990c397d38aaab6aaed5439630cd07
2017-03-21,NVL,HOSE,86814332000.0,4909127000.0,81905205000.0,1277070.0,71300.0,1205770.0,59749612000.0,0.0,883870.0,0.0,68800.0,69100.0,68500.0,68700.0,68840.0,HSX_FOREIGN_API,HOSE_SYMBOL_LEVEL,VND,2026-08-25T03:49:45Z,ff_hsx_symbol_daily_v1,d297ee84a986da3633a637712bd1f97e5960c669b7b13632decec57ebd8e20bc
2017-03-22,NVL,HOSE,9625332000.0,4066951000.0,5558381000.0,142380.0,60000.0,82380.0,0.0,0.0,0.0,0.0,68600.0,68600.0,67600.0,67600.0,67810.0,HSX_FOREIGN_API,HOSE_SYMBOL_LEVEL,VND,2026-08-25T03:49:45Z,ff_hsx_symbol_daily_v1,6030c9babf98073080db88ed214cba1491bbbdcad03a8f66e71c9410db486b19
2017-03-23,NVL,HOSE,1443860000.0,4070408000.0,-2626548000.0,21350.0,60670.0,-39320.0,0.0,0.0,0.0,0.0,67600.0,67800.0,66400.0,66800.0,67250.0,HSX_FOREIGN_API,HOSE_SYMBOL_LEVEL,VND,2026-08-25T03:49:45Z,ff_hsx_symbol_daily_v1,0c3e6c7302000086f9c9b2c0d3f68d7487c92044d1fd2dfe5f5e4bac6f9de1ba
2017-03-24,NVL,HOSE,13131407000.0,9951566000.0,3179841000.0,191510.0,145000.0,46510.0,0.0,0.0,0.0,0.0,66800.0,69300.0,66800.0,69000.0,68490.0,HSX_FOREIGN_API,HOSE_SYMBOL_LEVEL,VND,2026-08-25T03:49:45Z,ff_hsx_symbol_daily_v1,004e35dda0c221fbcf4f6869adcba7775d69a2329d89228ed2d6fa498ed577a3
2017-03-27,NVL,HOSE,3431498000.0,198144000.0,3233354000.0,49820.0,2880.0,46940.0,0.0,0.0,0.0,0.0,69000.0,69300.0,68700.0,69100.0,68920.0,HSX_FOREIGN_API,HOSE_SYMBOL_LEVEL,VND,2026-08-25T03:49:45Z,ff_hsx_symbol_daily_v1,fdebeb6121220183b74eb2c60f69eef534389301bfc45ee2cacaca4ebaceef36
2017-03-28,NVL,HOSE,482410000.0,77192000.0,405218000.0,7000.0,1120.0,5880.0,0.0,0.0,0.0,0.0,69100.0,69300.0,68300.0,68500.0,68890.0,HSX_FOREIGN_API,HOSE_SYMBOL_LEVEL,VND,2026-08-25T03:49:45Z,ff_hsx_symbol_daily_v1,ffaf1815c3a2731d781ca5e46b7c9856651415ce67b22678c378bf0a436bc3a9
2017-03-29,NVL,HOSE,3940116000.0,3211107000.0,729009000.0,57520.0,46910.0,10610.0,0.0,0.0,0.0,0.0,68500.0,69000.0,68200.0,68500.0,68490.0,HSX_FOREIGN_API,HOSE_SYMBOL_LEVEL,VND,2026-08-25T03:49:45Z,ff_hsx_symbol_daily_v1,5025876b233f0e733309e4f6b2a139294e8e9fbfdbb4fd1545d1adb9181f5bd2
2017-03-30,NVL,HOSE,6226346000.0,0.0,6226346000.0,90660.0,0.0,90660.0,0.0,0.0,0.0,0.0,68500.0,68900.0,68400.0,68700.0,68670.0,HSX_FOREIGN_API,HOSE_SYMBOL_LEVEL,VND,2026-08-25T03:49:45Z,ff_hsx_symbol_daily_v1,7a3ab4609f9af8e30c3a4a19d8be672d9de6122fc7c1f5bb435e94998cffb10c
2017-03-31,NVL,HOSE,10401389000.0,91080000.0,10310309000.0,150650.0,1320.0,149330.0,0.0,0.0,0.0,0.0,68800.0,69500.0,68700.0,69200.0,68990.0,HSX_FOREIGN_API,HOSE_SYMBOL_LEVEL,VND,2026-08-25T03:49:45Z,ff_hsx_symbol_daily_v1,fc21b0588d17d32fd907eeb2d0f0cb6ae6e6171e2b153644f408766c39b4a174
2017-04-03,NVL,HOSE,147396000.0,69800000.0,77596000.0,2130.0,1000.0,1130.0,0.0,0.0,0.0,0.0,69200.0,70000.0,68900.0,69500.0,69750.0,HSX_FOREIGN_API,HOSE_SYMBOL_LEVEL,VND,2026-08-25T03:49:45Z,ff_hsx_symbol_daily_v1,c809c85ae66f47279efecc14a9f52ee3214c84636f3020f33f2aa9cc4c8dd3a9
2017-04-04,NVL,HOSE,3482619000.0,105550000.0,3377069000.0,49590.0,1500.0,48090.0,0.0,0.0,0.0,0.0,69500.0,70700.0,69500.0,70400.0,70010.0,HSX_FOREIGN_API,HOSE_SYMBOL_LEVEL,VND,2026-08-25T03:49:45Z,ff_hsx_symbol_daily_v1,ce0aeeb444e558ccf53f6a74d1d4d0b20821452bf995de075316fb4979b208ec
2017-04-05,NVL,HOSE,4579154000.0,0.0,4579154000.0,64990.0,0.0,64990.0,0.0,0.0,0.0,0.0,70700.0,71000.0,70000.0,70400.0,70460.0,HSX_FOREIGN_API,HOSE_SYMBOL_LEVEL,VND,2026-08-25T03:49:45Z,ff_hsx_symbol_daily_v1,7e6c4ecfa1372fbc5d5bce14e937bea1d4b42fdeb1df636e0719bc898163c922
2017-04-07,NVL,HOSE,4246324000.0,455000000000.0,-450753676000.0,60600.0,6500000.0,-6439400.0,0.0,455000000000.0,0.0,6500000.0,70400.0,70500.0,69800.0,70400.0,70070.0,HSX_FOREIGN_API,HOSE_SYMBOL_LEVEL,VND,2026-08-25T03:49:45Z,ff_hsx_symbol_daily_v1,4aeeddfb8135357a39bb97ee667a0baf7ce73637cc98eec883d9a4d83f6906bb
2017-04-10,NVL,HOSE,4899307000.0,0.0,4899307000.0,69350.0,0.0,69350.0,0.0,0.0,0.0,0.0,70500.0,70900.0,70300.0,70500.0,70690.0,HSX_FOREIGN_API,HOSE_SYMBOL_LEVEL,VND,2026-08-25T03:49:45Z,ff_hsx_symbol_daily_v1,1dbf33b1e1d760d78ea13648227756dcf97eef0aa5f2f612f4128089f0c0ca05
2017-04-11,NVL,HOSE,20576007000.0,4956000.0,20571051000.0,290730.0,70.0,290660.0,0.0,0.0,0.0,0.0,70500.0,70900.0,70500.0,70700.0,70730.0,HSX_FOREIGN_API,HOSE_SYMBOL_LEVEL,VND,2026-08-25T03:49:45Z,ff_hsx_symbol_daily_v1,86ca3dc074272a695be75bd6e9ddf55baf38d99ccb4213427945df3a9392ce8b
2017-04-12,NVL,HOSE,11358232000.0,4062504000.0,7295728000.0,160860.0,57380.0,103480.0,0.0,0.0,0.0,0.0,70800.0,70900.0,70300.0,70700.0,70620.0,HSX_FOREIGN_API,HOSE_SYMBOL_LEVEL,VND,2026-08-25T03:49:45Z,ff_hsx_symbol_daily_v1,dc8c08f1faef913f0d29e5a9fc58fef4eda19e604624ce19cb85fc5eebc02afa
2017-04-13,NVL,HOSE,3699970000.0,711858000.0,2988112000.0,52400.0,10080.0,42320.0,0.0,0.0,0.0,0.0,70700.0,70800.0,70400.0,70500.0,70580.0,HSX_FOREIGN_API,HOSE_SYMBOL_LEVEL,VND,2026-08-25T03:49:45Z,ff_hsx_symbol_daily_v1,ff3b77526df1ca0e834a502770c7862932937fb5b873fb24783fe022eb8f11d7
2017-04-14,NVL,HOSE,7170600000.0,38550000.0,7132050000.0,102000.0,550.0,101450.0,7030000000.0,0.0,100000.0,0.0,70600.0,70600.0,69700.0,70000.0,70060.0,HSX_FOREIGN_API,HOSE_SYMBOL_LEVEL,VND,2026-08-25T03:49:45Z,ff_hsx_symbol_daily_v1,ef07a9962c29cb2d5c0229e373a73fd3a4352b86a8f1e0b20385da2005f0fc6e
2017-04-17,NVL,HOSE,499700000.0,734638000.0,-234938000.0,7150.0,10540.0,-3390.0,0.0,0.0,0.0,0.0,70000.0,70100.0,69700.0,69700.0,69900.0,HSX_FOREIGN_API,HOSE_SYMBOL_LEVEL,VND,2026-08-25T03:49:45Z,ff_hsx_symbol_daily_v1,f5a2ecc8b65fd29071a170066bf13b0e6d79e6f64bb9f5c9403dfce4a371df86
2017-04-18,NVL,HOSE,562668000.0,698000.0,561970000.0,8080.0,10.0,8070.0,0.0,0.0,0.0,0.0,69800.0,69800.0,68900.0,69600.0,69380.0,HSX_FOREIGN_API,HOSE_SYMBOL_LEVEL,VND,2026-08-25T03:49:45Z,ff_hsx_symbol_daily_v1,7baea2749eb1b6e55eda67eab911f706fde8e51a582a5dd5c79a7b2edc80ea2c
2017-04-19,NVL,HOSE,355056000.0,146091000.0,208965000.0,5050.0,2090.0,2960.0,0.0,0.0,0.0,0.0,69700.0,70500.0,69500.0,70200.0,70020.0,HSX_FOREIGN_API,HOSE_SYMBOL_LEVEL,VND,2026-08-25T03:49:45Z,ff_hsx_symbol_daily_v1,303dc15b6ed0965a0987dd6c04fc85a63249d3fc6783acf49397e0d23ff71597
2017-04-20,NVL,HOSE,4647745000.0,9907340000.0,-5259595000.0,65710.0,139540.0,-73830.0,0.0,0.0,0.0,0.0,70200.0,71000.0,70100.0,70800.0,70730.0,HSX_FOREIGN_API,HOSE_SYMBOL_LEVEL,VND,2026-08-25T03:49:45Z,ff_hsx_symbol_daily_v1,9842ee000f7c012ec96adbd49df35dcc78f92d024e5e8a258b49d94326a98a15
2017-04-21,NVL,HOSE,345048000.0,365000000.0,-19952000.0,4790.0,5000.0,-210.0,0.0,0.0,0.0,0.0,70900.0,73000.0,70800.0,72500.0,72110.0,HSX_FOREIGN_API,HOSE_SYMBOL_LEVEL,VND,2026-08-25T03:49:45Z,ff_hsx_symbol_daily_v1,83b967fc20aa8ea42bfecec18f29753d2edb2904256c64b64e5330f339c52634
2017-04-24,NVL,HOSE,1068706000.0,0.0,1068706000.0,14580.0,0.0,14580.0,0.0,0.0,0.0,0.0,72800.0,74500.0,72600.0,73100.0,73330.0,HSX_FOREIGN_API,HOSE_SYMBOL_LEVEL,VND,2026-08-25T03:49:45Z,ff_hsx_symbol_daily_v1,fbb931d604509d01560869fdf7ef78d449694e835ed95bcb18ab017c28443dc5
2017-04-25,NVL,HOSE,878828000.0,67260000.0,811568000.0,12020.0,920.0,11100.0,0.0,0.0,0.0,0.0,73000.0,73300.0,72700.0,73000.0,73090.0,HSX_FOREIGN_API,HOSE_SYMBOL_LEVEL,VND,2026-08-25T03:49:45Z,ff_hsx_symbol_daily_v1,40722060456b90984f0cce127d03497f9de1b40ca2458b5b6a884e753e426757
2017-04-26,NVL,HOSE,2629868000.0,0.0,2629868000.0,35910.0,0.0,35910.0,0.0,0.0,0.0,0.0,73000.0,73500.0,72800.0,72800.0,73070.0,HSX_FOREIGN_API,HOSE_SYMBOL_LEVEL,VND,2026-08-25T03:49:45Z,ff_hsx_symbol_daily_v1,e1f8a9a88a267249ea7492f8513259c7dfea85f6d50cefddada641e680fc7f10
2017-04-27,NVL,HOSE,3842161000.0,1791811000.0,2050350000.0,52910.0,24600.0,28310.0,0.0,0.0,0.0,0.0,72900.0,73300.0,71400.0,72500.0,72580.0,HSX_FOREIGN_API,HOSE_SYMBOL_LEVEL,VND,2026-08-25T03:49:45Z,ff_hsx_symbol_daily_v1,39c7c6aa279477945fd2677b885cd746dba0ba5ee95e814fd33edc35febb40cf
2017-04-28,NVL,HOSE,428167000.0,8614240000.0,-8186073000.0,6010.0,121500.0,-115490.0,0.0,0.0,0.0,0.0,72500.0,72500.0,70200.0,70700.0,70990.0,HSX_FOREIGN_API,HOSE_SYMBOL_LEVEL,VND,2026-08-25T03:49:45Z,ff_hsx_symbol_daily_v1,0cc621299ac5ffc5bc134949aecf814fafbf62631b6ab876cb65cbaf6c147c8d
2017-05-03,NVL,HOSE,2403540000.0,0.0,2403540000.0,34050.0,0.0,34050.0,0.0,0.0,0.0,0.0,70700.0,71000.0,70100.0,70100.0,70410.0,HSX_FOREIGN_API,HOSE_SYMBOL_LEVEL,VND,2026-08-25T03:49:45Z,ff_hsx_symbol_daily_v1,1fbcf77d9f7c8479ef243317719615616e62bf1556f00f644fb9026dd1127e96
2017-05-04,NVL,HOSE,1971629000.0,5927000000.0,-3955371000.0,28200.0,85000.0,-56800.0,0.0,0.0,0.0,0.0,70100.0,70100.0,69300.0,69500.0,69680.0,HSX_FOREIGN_API,HOSE_SYMBOL_LEVEL,VND,2026-08-25T03:49:45Z,ff_hsx_symbol_daily_v1,ab761fec4c8cb815748dfc7db480dbb7417870d9e7095dd0764d9deba3528c6e
2017-05-05,NVL,HOSE,2333542000.0,0.0,2333542000.0,33520.0,0.0,33520.0,0.0,0.0,0.0,0.0,69600.0,69900.0,69400.0,69500.0,69570.0,HSX_FOREIGN_API,HOSE_SYMBOL_LEVEL,VND,2026-08-25T03:49:45Z,ff_hsx_symbol_daily_v1,8fe64ba8a61bcae0a4310e437fcf266c0c27e956c9f32864d9f5e664f034bdd1
2017-05-08,NVL,HOSE,69892000.0,138600000.0,-68708000.0,1010.0,2000.0,-990.0,0.0,0.0,0.0,0.0,69500.0,69600.0,68100.0,68100.0,68710.0,HSX_FOREIGN_API,HOSE_SYMBOL_LEVEL,VND,2026-08-25T03:49:45Z,ff_hsx_symbol_daily_v1,7956d399897d734b7d7e75b550cbdbbe15358e44254aacbd99dc4fe6760be037
2017-05-09,NVL,HOSE,1150638000.0,1016580000.0,134058000.0,16790.0,14930.0,1860.0,0.0,0.0,0.0,0.0,68100.0,69000.0,67700.0,68600.0,68440.0,HSX_FOREIGN_API,HOSE_SYMBOL_LEVEL,VND,2026-08-25T03:49:45Z,ff_hsx_symbol_daily_v1,012dbe8892fcb899b410a20fb611f7123a697adafc5e57225a1ce3f33b1900ed
2017-05-10,NVL,HOSE,0.0,854800000.0,-854800000.0,0.0,12500.0,-12500.0,0.0,0.0,0.0,0.0,68600.0,69200.0,68200.0,69000.0,68850.0,HSX_FOREIGN_API,HOSE_SYMBOL_LEVEL,VND,2026-08-25T03:49:45Z,ff_hsx_symbol_daily_v1,ed74ee4904aa1e1e772cb964595c7988488bec4610ffad5cc556b40db593d178
2017-05-11,NVL,HOSE,34500000.0,0.0,34500000.0,500.0,0.0,500.0,0.0,0.0,0.0,0.0,69000.0,69100.0,68700.0,69100.0,68840.0,HSX_FOREIGN_API,HOSE_SYMBOL_LEVEL,VND,2026-08-25T03:49:45Z,ff_hsx_symbol_daily_v1,7db690e094a1b65320cddc7bcd4819be0955cc14602c9a0486ff79692eafeccf
2017-05-12,NVL,HOSE,2299995000.0,18582954000.0,-16282959000.0,33360.0,270000.0,-236640.0,0.0,0.0,0.0,0.0,69000.0,69100.0,68500.0,69000.0,68880.0,HSX_FOREIGN_API,HOSE_SYMBOL_LEVEL,VND,2026-08-25T03:49:45Z,ff_hsx_symbol_daily_v1,804ae258da23c11307e186cc91c2b67197c5825e3e8a61fc064bb06bde59fb71
2017-05-15,NVL,HOSE,680712000.0,16919500000.0,-16238788000.0,10040.0,250000.0,-239960.0,0.0,0.0,0.0,0.0,68400.0,68500.0,67500.0,67800.0,67760.0,HSX_FOREIGN_API,HOSE_SYMBOL_LEVEL,VND,2026-08-25T03:49:45Z,ff_hsx_symbol_daily_v1,cc4e328b286c7e887989c65bebccbbbf7969e642792f852c1b556fe98cdd7b6f
2017-05-16,NVL,HOSE,37078000.0,1595119000.0,-1558041000.0,550.0,23690.0,-23140.0,0.0,0.0,0.0,0.0,67700.0,67900.0,67200.0,67600.0,67420.0,HSX_FOREIGN_API,HOSE_SYMBOL_LEVEL,VND,2026-08-25T03:49:45Z,ff_hsx_symbol_daily_v1,125178e5681f11be478c6be7cd5c70ecdcb0c8652b5b2f498602869c16fae259
2017-05-17,NVL,HOSE,20192275000.0,0.0,20192275000.0,297540.0,0.0,297540.0,0.0,0.0,0.0,0.0,67600.0,68200.0,67400.0,67800.0,67820.0,HSX_FOREIGN_API,HOSE_SYMBOL_LEVEL,VND,2026-08-25T03:49:45Z,ff_hsx_symbol_daily_v1,b2f545ae5867c604fc2850e0e43696154667091d86e9c56a1f7e64fcd87f942f
2017-05-18,NVL,HOSE,1170791000.0,2194875000.0,-1024084000.0,17360.0,32530.0,-15170.0,0.0,0.0,0.0,0.0,67800.0,67900.0,67300.0,67500.0,67470.0,HSX_FOREIGN_API,HOSE_SYMBOL_LEVEL,VND,2026-08-25T03:49:45Z,ff_hsx_symbol_daily_v1,da0e6f31787bd7a6686f666e596028f768427a7866c3f5df814d0f26d4acad9b
2017-05-19,NVL,HOSE,1163589000.0,674900000.0,488689000.0,17240.0,10000.0,7240.0,0.0,0.0,0.0,0.0,67500.0,68100.0,67400.0,68100.0,67590.0,HSX_FOREIGN_API,HOSE_SYMBOL_LEVEL,VND,2026-08-25T03:49:45Z,ff_hsx_symbol_daily_v1,da74cb84bf45177b357aeb46a4b4b517532677b284c4815a5831a76753a96c72
2017-05-22,NVL,HOSE,5684960000.0,387120000.0,5297840000.0,82910.0,5650.0,77260.0,0.0,0.0,0.0,0.0,68000.0,68800.0,68000.0,68800.0,68510.0,HSX_FOREIGN_API,HOSE_SYMBOL_LEVEL,VND,2026-08-25T03:49:45Z,ff_hsx_symbol_daily_v1,fd744dec38566ee7804a8733f2806a3a5a83d2e85da44c49d07a3fcac7704f2f
2017-05-23,NVL,HOSE,4397971000.0,0.0,4397971000.0,64200.0,0.0,64200.0,0.0,0.0,0.0,0.0,68700.0,68700.0,68400.0,68600.0,68510.0,HSX_FOREIGN_API,HOSE_SYMBOL_LEVEL,VND,2026-08-25T03:49:45Z,ff_hsx_symbol_daily_v1,358dcbcc2463f6946de6778693449a6dc9fff04ec1f1bb3b7c71586e0a0794c6
2017-05-24,NVL,HOSE,1990826000.0,5456000.0,1985370000.0,29220.0,80.0,29140.0,0.0,0.0,0.0,0.0,68600.0,68600.0,67800.0,67800.0,68150.0,HSX_FOREIGN_API,HOSE_SYMBOL_LEVEL,VND,2026-08-25T03:49:45Z,ff_hsx_symbol_daily_v1,9c198482864523d2fa0fa47df7d9b8ae53cdb68cec83ac6f2dc3cb20433c8d81
2017-05-25,NVL,HOSE,2031755000.0,11683782000.0,-9652027000.0,30120.0,173800.0,-143680.0,0.0,0.0,0.0,0.0,67800.0,67800.0,67000.0,67200.0,67220.0,HSX_FOREIGN_API,HOSE_SYMBOL_LEVEL,VND,2026-08-25T03:49:45Z,ff_hsx_symbol_daily_v1,bd8f33cd969c646f2fc91cfbf88939b8d9f9f071f448a121c8d930287643774b
2017-05-26,NVL,HOSE,1743314000.0,0.0,1743314000.0,25900.0,0.0,25900.0,0.0,0.0,0.0,0.0,67300.0,67500.0,67000.0,67100.0,67270.0,HSX_FOREIGN_API,HOSE_SYMBOL_LEVEL,VND,2026-08-25T03:49:45Z,ff_hsx_symbol_daily_v1,1378a8c30f5bbcafccb64d803ab5285836c107fa38ccfad8287b6b3c510656ac
2017-05-29,NVL,HOSE,1993416000.0,720910000.0,1272506000.0,29620.0,10720.0,18900.0,0.0,0.0,0.0,0.0,67100.0,67500.0,67000.0,67000.0,67200.0,HSX_FOREIGN_API,HOSE_SYMBOL_LEVEL,VND,2026-08-25T03:49:45Z,ff_hsx_symbol_daily_v1,41e3a6904771c63196e7a2c196f39533c736668bbd7a6d0e75c892362b966546
2017-05-30,NVL,HOSE,1927730000.0,8374021000.0,-6446291000.0,29000.0,126010.0,-97010.0,0.0,6650000000.0,0.0,100000.0,67000.0,67000.0,65700.0,65900.0,66140.0,HSX_FOREIGN_API,HOSE_SYMBOL_LEVEL,VND,2026-08-25T03:49:45Z,ff_hsx_symbol_daily_v1,29167e61f79f27c2a474db1e3cee07196006af49bd082093f95d4591b0c6873e
2017-05-31,NVL,HOSE,37522724000.0,32358516000.0,5164208000.0,562340.0,485140.0,77200.0,0.0,0.0,0.0,0.0,65900.0,67000.0,65700.0,67000.0,66520.0,HSX_FOREIGN_API,HOSE_SYMBOL_LEVEL,VND,2026-08-25T03:49:45Z,ff_hsx_symbol_daily_v1,38d7e72b478cdc7fd0996a135c9840598a7638cb917605cd4ee7791061b398c4
2017-06-01,NVL,HOSE,2997815000.0,39850645000.0,-36852830000.0,44460.0,598060.0,-553600.0,0.0,33250000000.0,0.0,500000.0,67000.0,68200.0,66900.0,67400.0,67410.0,HSX_FOREIGN_API,HOSE_SYMBOL_LEVEL,VND,2026-08-25T03:49:45Z,ff_hsx_symbol_daily_v1,8cc309334f0f1e43685290425159becacecc2a95ff83e79eb73e427890b3f4df
2017-06-02,NVL,HOSE,30958000.0,5757583000.0,-5726625000.0,460.0,85370.0,-84910.0,0.0,0.0,0.0,0.0,67400.0,68000.0,67000.0,68000.0,67530.0,HSX_FOREIGN_API,HOSE_SYMBOL_LEVEL,VND,2026-08-25T03:49:45Z,ff_hsx_symbol_daily_v1,91412e8ec031b008ae9a63a05aa27b06726b37379742b44e0ad36bc261572641
2017-06-05,NVL,HOSE,6479171000.0,15274176000.0,-8795005000.0,94400.0,222440.0,-128040.0,0.0,0.0,0.0,0.0,68200.0,69000.0,68200.0,69000.0,68660.0,HSX_FOREIGN_API,HOSE_SYMBOL_LEVEL,VND,2026-08-25T03:49:45Z,ff_hsx_symbol_daily_v1,b28b0235201ef3b922602eeeac56a824e3a44b019a0fbab4b75d68f524463d92
2017-06-06,NVL,HOSE,9358067000.0,8204097000.0,1153970000.0,135450.0,118710.0,16740.0,0.0,0.0,0.0,0.0,69000.0,69400.0,68900.0,69400.0,69160.0,HSX_FOREIGN_API,HOSE_SYMBOL_LEVEL,VND,2026-08-25T03:49:45Z,ff_hsx_symbol_daily_v1,57bdeeb4e2f5f4dd40ee604b4b74367a2551a928e166f822f83efb4f108e194d
2017-06-07,NVL,HOSE,6434386000.0,11841489000.0,-5407103000.0,92650.0,170430.0,-77780.0,0.0,0.0,0.0,0.0,69400.0,69700.0,69200.0,69700.0,69500.0,HSX_FOREIGN_API,HOSE_SYMBOL_LEVEL,VND,2026-08-25T03:49:45Z,ff_hsx_symbol_daily_v1,d61061f1c8d429bfe81c2663fb3fe6e42db9087e9e3917f71b82a157ecd26298
2017-06-08,NVL,HOSE,6407332000.0,24540054000.0,-18132722000.0,92650.0,355460.0,-262810.0,0.0,0.0,0.0,0.0,69500.0,69500.0,68700.0,69100.0,69070.0,HSX_FOREIGN_API,HOSE_SYMBOL_LEVEL,VND,2026-08-25T03:49:45Z,ff_hsx_symbol_daily_v1,8a8ae90d7552f7b4269c8e907b702afa4222baefc36128e6ec759ca470f4df23
2017-06-09,NVL,HOSE,6216793000.0,13040404000.0,-6823611000.0,90890.0,190860.0,-99970.0,0.0,0.0,0.0,0.0,69100.0,69100.0,67500.0,67500.0,68400.0,HSX_FOREIGN_API,HOSE_SYMBOL_LEVEL,VND,2026-08-25T03:49:45Z,ff_hsx_symbol_daily_v1,aeb58b2db13d83c78eb03ea13f72e33a5ffeaf1d49678ca6a62a2aa7bd348750
2017-06-12,NVL,HOSE,8054639000.0,9053095000.0,-998456000.0,119280.0,134080.0,-14800.0,0.0,0.0,0.0,0.0,67500.0,67700.0,67300.0,67600.0,67480.0,HSX_FOREIGN_API,HOSE_SYMBOL_LEVEL,VND,2026-08-25T03:49:45Z,ff_hsx_symbol_daily_v1,11e9b22f0ea7b805ae3c97b134418e7723a2d685fc9b3a221a2ff020578705b2
2017-06-13,NVL,HOSE,8297092000.0,10556803000.0,-2259711000.0,122990.0,156410.0,-33420.0,0.0,0.0,0.0,0.0,67600.0,67600.0,67300.0,67600.0,67460.0,HSX_FOREIGN_API,HOSE_SYMBOL_LEVEL,VND,2026-08-25T03:49:45Z,ff_hsx_symbol_daily_v1,dce9e352f6ce46f8c46f35730d0959ea16d003156bf20ae15f51fa917f8fce27
2017-06-14,NVL,HOSE,8055484000.0,9343503000.0,-1288019000.0,119940.0,139270.0,-19330.0,0.0,0.0,0.0,0.0,67600.0,67600.0,67000.0,67300.0,67170.0,HSX_FOREIGN_API,HOSE_SYMBOL_LEVEL,VND,2026-08-25T03:49:45Z,ff_hsx_symbol_daily_v1,095fedc9424eb8e92a4a0929358c0e2dfe6a854536992b3e165f6f646f281f99
2017-06-15,NVL,HOSE,7024006000.0,12241422000.0,-5217416000.0,104850.0,182930.0,-78080.0,0.0,0.0,0.0,0.0,67300.0,67300.0,66600.0,67000.0,66970.0,HSX_FOREIGN_API,HOSE_SYMBOL_LEVEL,VND,2026-08-25T03:49:45Z,ff_hsx_symbol_daily_v1,eb9d2686e6813a55b572d9b28b60fbc7d09df62aee0e208c5ad82f7b08cdf33a
2017-06-16,NVL,HOSE,385556941000.0,165826724000.0,219730217000.0,5671390.0,2439920.0,3231470.0,54142960000.0,54142960000.0,796220.0,796220.0,67000.0,68000.0,66700.0,68000.0,67950.0,HSX_FOREIGN_API,HOSE_SYMBOL_LEVEL,VND,2026-08-25T03:49:45Z,ff_hsx_symbol_daily_v1,b2e05ba3e805f0d6a5de8cdc9ab8c731c1075a26a6d360547f92b39f882c694a
2017-06-19,NVL,HOSE,10439549000.0,5586254000.0,4853295000.0,152710.0,81720.0,70990.0,0.0,0.0,0.0,0.0,68000.0,69000.0,67500.0,68400.0,68400.0,HSX_FOREIGN_API,HOSE_SYMBOL_LEVEL,VND,2026-08-25T03:49:45Z,ff_hsx_symbol_daily_v1,7f80955c742bdca1ff14b7a33b7b46d67b34f4582b9a6737220c432a3177d4cc
2017-06-20,NVL,HOSE,0.0,2041082000.0,-2041082000.0,0.0,30050.0,-30050.0,0.0,0.0,0.0,0.0,68400.0,68400.0,67500.0,68000.0,67770.0,HSX_FOREIGN_API,HOSE_SYMBOL_LEVEL,VND,2026-08-25T03:49:45Z,ff_hsx_symbol_daily_v1,c9b380e2f7ceddf0569f8ffd2b49700f6fab750135b9aae89d3c7c3492619e35
2017-06-21,NVL,HOSE,2556377000.0,3131008000.0,-574631000.0,37760.0,46330.0,-8570.0,0.0,0.0,0.0,0.0,67900.0,68000.0,67300.0,67400.0,67680.0,HSX_FOREIGN_API,HOSE_SYMBOL_LEVEL,VND,2026-08-25T03:49:45Z,ff_hsx_symbol_daily_v1,5e9ffc72eaddfb30987d82cc17350c9e9c224f60d853a0bc6e75b7f5b27cbb6f
2017-06-22,NVL,HOSE,5683824000.0,973788000.0,4710036000.0,84080.0,14410.0,69670.0,0.0,0.0,0.0,0.0,67400.0,67900.0,67400.0,67600.0,67600.0,HSX_FOREIGN_API,HOSE_SYMBOL_LEVEL,VND,2026-08-25T03:49:45Z,ff_hsx_symbol_daily_v1,5333325599fc1acce8140591c9aec0ca95ed59653a7e32ef0cdb5133ffbba6f0
2017-06-23,NVL,HOSE,5657564000.0,539619000.0,5117945000.0,83360.0,8000.0,75360.0,0.0,0.0,0.0,0.0,67600.0,68500.0,67400.0,68500.0,67900.0,HSX_FOREIGN_API,HOSE_SYMBOL_LEVEL,VND,2026-08-25T03:49:45Z,ff_hsx_symbol_daily_v1,8d03810c568e08499055ab0e644bc25ca4876441e2ff0813d6f0697defc437b2
2017-06-26,NVL,HOSE,2781003000.0,4996312000.0,-2215309000.0,40640.0,72920.0,-32280.0,0.0,0.0,0.0,0.0,68500.0,68700.0,68200.0,68500.0,68450.0,HSX_FOREIGN_API,HOSE_SYMBOL_LEVEL,VND,2026-08-25T03:49:45Z,ff_hsx_symbol_daily_v1,4e6e32292123b182b4a71171aee9ac0d21fbe91cb8d7a0eb961c2e3d84b162be
2017-06-27,NVL,HOSE,2412561000.0,2254980000.0,157581000.0,35320.0,33000.0,2320.0,0.0,0.0,0.0,0.0,68500.0,68500.0,68100.0,68500.0,68260.0,HSX_FOREIGN_API,HOSE_SYMBOL_LEVEL,VND,2026-08-25T03:49:45Z,ff_hsx_symbol_daily_v1,dcc7cdea94368c859a78d1e2a74aaeab11aef06468149ee3d70b3dc9704946a9
2017-06-28,NVL,HOSE,1180555000.0,7259431000.0,-6078876000.0,17340.0,106500.0,-89160.0,0.0,0.0,0.0,0.0,68500.0,68600.0,67900.0,68600.0,68070.0,HSX_FOREIGN_API,HOSE_SYMBOL_LEVEL,VND,2026-08-25T03:49:45Z,ff_hsx_symbol_daily_v1,603464fd5108c95b43dd5740cde400e70e1a8f1f3541fcce4a511c144e8d7233
2017-06-29,NVL,HOSE,1218911000.0,10784093000.0,-9565182000.0,17950.0,158930.0,-140980.0,0.0,0.0,0.0,0.0,68600.0,68600.0,67400.0,68000.0,68030.0,HSX_FOREIGN_API,HOSE_SYMBOL_LEVEL,VND,2026-08-25T03:49:45Z,ff_hsx_symbol_daily_v1,2a2e56a44685bd42bcedd52078b17271109b8e218c4dee965304d51d5bf5145c
2017-06-30,NVL,HOSE,17560577000.0,14174000000.0,3386577000.0,258700.0,208840.0,49860.0,0.0,0.0,0.0,0.0,68000.0,68000.0,67600.0,68000.0,67820.0,HSX_FOREIGN_API,HOSE_SYMBOL_LEVEL,VND,2026-08-25T03:49:45Z,ff_hsx_symbol_daily_v1,3d2d3031b5bec1c9f771bf28a93d340170c5d1ed9e3c0fd12ad152b8b1c15ce3
2017-07-03,NVL,HOSE,6800000.0,1638198000.0,-1631398000.0,100.0,24090.0,-23990.0,0.0,0.0,0.0,0.0,68000.0,68400.0,67900.0,68000.0,68130.0,HSX_FOREIGN_API,HOSE_SYMBOL_LEVEL,VND,2026-08-25T03:49:45Z,ff_hsx_symbol_daily_v1,f207edc1bc4a6eb8364d9e1b9884b46ab1c9a85261aece27d0d2665fc9597fd3
2017-07-04,NVL,HOSE,0.0,13560000.0,-13560000.0,0.0,200.0,-200.0,0.0,0.0,0.0,0.0,68000.0,68000.0,67600.0,68000.0,67820.0,HSX_FOREIGN_API,HOSE_SYMBOL_LEVEL,VND,2026-08-25T03:49:45Z,ff_hsx_symbol_daily_v1,9a81a7b2ccd0baa5c97abd25cde1f3e232f8a8a59c982595261c3f733281725d
2017-07-05,NVL,HOSE,0.0,1453210000.0,-1453210000.0,0.0,21350.0,-21350.0,0.0,0.0,0.0,0.0,68000.0,68100.0,67700.0,68100.0,67830.0,HSX_FOREIGN_API,HOSE_SYMBOL_LEVEL,VND,2026-08-25T03:49:45Z,ff_hsx_symbol_daily_v1,2f75536fbeee39a02335590a40f937d7c5ebec1d2d3caadcaec5fd8593191b89
2017-07-06,NVL,HOSE,103566000.0,3459019000.0,-3355453000.0,1530.0,51110.0,-49580.0,0.0,0.0,0.0,0.0,68100.0,68100.0,67500.0,67600.0,67800.0,HSX_FOREIGN_API,HOSE_SYMBOL_LEVEL,VND,2026-08-25T03:49:45Z,ff_hsx_symbol_daily_v1,ea57e77e751be495d2a8e5242711eec5880e7c9dac33db8ecaf8a809a5d68ad5
2017-07-07,NVL,HOSE,0.0,9105138000.0,-9105138000.0,0.0,135350.0,-135350.0,0.0,0.0,0.0,0.0,67600.0,67600.0,66900.0,67400.0,67400.0,HSX_FOREIGN_API,HOSE_SYMBOL_LEVEL,VND,2026-08-25T03:49:45Z,ff_hsx_symbol_daily_v1,79d81ef20c1e7ca6bf07c2c7da2c476fee9a77ae1d36dcac74ae2341e7baf44c
2017-07-10,NVL,HOSE,0.0,3433918000.0,-3433918000.0,0.0,51290.0,-51290.0,0.0,0.0,0.0,0.0,67400.0,67400.0,66600.0,67200.0,67150.0,HSX_FOREIGN_API,HOSE_SYMBOL_LEVEL,VND,2026-08-25T03:49:45Z,ff_hsx_symbol_daily_v1,6b94bae95dbfc5ff9040ce45dca02a42dfc6d36b28fbc52099ebba76d99f842d
2017-07-11,NVL,HOSE,36868784000.0,31786469000.0,5082315000.0,547240.0,471660.0,75580.0,31283036000.0,31283036000.0,464140.0,464140.0,67200.0,67400.0,66800.0,67400.0,66960.0,HSX_FOREIGN_API,HOSE_SYMBOL_LEVEL,VND,2026-08-25T03:49:45Z,ff_hsx_symbol_daily_v1,7f5bab80fda2252ad5d3e0caac4fce1b88d57e8b8938a433f332354e0a68ac44
2017-07-12,NVL,HOSE,0.0,5451119000.0,-5451119000.0,0.0,81220.0,-81220.0,0.0,0.0,0.0,0.0,67400.0,67500.0,66800.0,67400.0,67090.0,HSX_FOREIGN_API,HOSE_SYMBOL_LEVEL,VND,2026-08-25T03:49:45Z,ff_hsx_symbol_daily_v1,ebff860c13e10505a6ffd8be9a4ddded80b8f32ca297910b8a2900d2eaf800d5
2017-07-13,NVL,HOSE,0.0,1516526000.0,-1516526000.0,0.0,22600.0,-22600.0,0.0,0.0,0.0,0.0,67400.0,67500.0,67000.0,67500.0,67270.0,HSX_FOREIGN_API,HOSE_SYMBOL_LEVEL,VND,2026-08-25T03:49:45Z,ff_hsx_symbol_daily_v1,4ac8f1ea7152475f3686cc1939415ff584b844f63ced83a241e2ae5c6ffe8761
2017-07-14,NVL,HOSE,0.0,2459370000.0,-2459370000.0,0.0,36440.0,-36440.0,0.0,0.0,0.0,0.0,67500.0,68200.0,67300.0,68200.0,67690.0,HSX_FOREIGN_API,HOSE_SYMBOL_LEVEL,VND,2026-08-25T03:49:45Z,ff_hsx_symbol_daily_v1,ce6273758a1c0cb4e6f2575108c27d38f6a723bfee992469354489ec7d0c26b2
2017-07-17,NVL,HOSE,33270440000.0,40207481000.0,-6937041000.0,489180.0,591300.0,-102120.0,31428240000.0,31428240000.0,462180.0,462180.0,68200.0,68900.0,67200.0,68000.0,68350.0,HSX_FOREIGN_API,HOSE_SYMBOL_LEVEL,VND,2026-08-25T03:49:45Z,ff_hsx_symbol_daily_v1,a5f1a65a95987dcd7598066046e9923dc75944c930c8236d77791248dba07268
2017-07-18,NVL,HOSE,42891071000.0,44887428000.0,-1996357000.0,633970.0,663320.0,-29350.0,31272750000.0,31272750000.0,461250.0,461250.0,68000.0,68000.0,67100.0,67800.0,67400.0,HSX_FOREIGN_API,HOSE_SYMBOL_LEVEL,VND,2026-08-25T03:49:45Z,ff_hsx_symbol_daily_v1,0d7a7fc821c9eaf58970698224ab86d03b8733a77b095ea6f8f904acc388778c
2017-07-19,NVL,HOSE,47473275000.0,38572006000.0,8901269000.0,703500.0,571810.0,131690.0,31516914000.0,31516914000.0,467610.0,467610.0,67700.0,67900.0,67400.0,67400.0,67690.0,HSX_FOREIGN_API,HOSE_SYMBOL_LEVEL,VND,2026-08-25T03:49:45Z,ff_hsx_symbol_daily_v1,cc2529fe09f5463fac651c8a4d57516f5c89c9ae9855e91874f463208e2d5d6a
2017-07-20,NVL,HOSE,10508991000.0,3748450000.0,6760541000.0,156700.0,55940.0,100760.0,0.0,0.0,0.0,0.0,67400.0,67400.0,66800.0,67300.0,67150.0,HSX_FOREIGN_API,HOSE_SYMBOL_LEVEL,VND,2026-08-25T03:49:45Z,ff_hsx_symbol_daily_v1,38006214870ccb7091cbd20673fb7a78e289bac0e805634bef26b5d8dbb2f463
2017-07-21,NVL,HOSE,24034741000.0,2858080000.0,21176661000.0,355610.0,42110.0,313500.0,0.0,0.0,0.0,0.0,67300.0,68000.0,67100.0,68000.0,67600.0,HSX_FOREIGN_API,HOSE_SYMBOL_LEVEL,VND,2026-08-25T03:49:45Z,ff_hsx_symbol_daily_v1,41eb9288ce650f4a88a5bf9c3eae476c19000b92cf3bb15ff762929b0bb856a9
2017-07-24,NVL,HOSE,18856826000.0,5074952000.0,13781874000.0,278180.0,74680.0,203500.0,0.0,0.0,0.0,0.0,68000.0,68000.0,67500.0,68000.0,67780.0,HSX_FOREIGN_API,HOSE_SYMBOL_LEVEL,VND,2026-08-25T03:49:45Z,ff_hsx_symbol_daily_v1,db2ecc2407ea194f324c473b2e3c98912a120168e1e8ed7af417cdd70e5b228a
2017-07-25,NVL,HOSE,11798820000.0,5263460000.0,6535360000.0,173880.0,77470.0,96410.0,0.0,0.0,0.0,0.0,68000.0,68100.0,67500.0,68000.0,67800.0,HSX_FOREIGN_API,HOSE_SYMBOL_LEVEL,VND,2026-08-25T03:49:45Z,ff_hsx_symbol_daily_v1,4e5531ef3dc1c05a7d260084a6277490448bd961174bb66020a811fb4d6b545c
2017-07-26,NVL,HOSE,8408984000.0,143078000.0,8265906000.0,124000.0,2110.0,121890.0,0.0,0.0,0.0,0.0,68000.0,68000.0,67700.0,67900.0,67860.0,HSX_FOREIGN_API,HOSE_SYMBOL_LEVEL,VND,2026-08-25T03:49:45Z,ff_hsx_symbol_daily_v1,e98c5866875a8764fdca018561c7cc43ac98ea234ddfea98020f64369414ec74
2017-07-27,NVL,HOSE,6780000.0,0.0,6780000.0,100.0,0.0,100.0,0.0,0.0,0.0,0.0,67900.0,67900.0,67400.0,67500.0,67660.0,HSX_FOREIGN_API,HOSE_SYMBOL_LEVEL,VND,2026-08-25T03:49:45Z,ff_hsx_symbol_daily_v1,f36dd7cb9df9e31cfc5e583a0431515e4e152a6ad6340e5635dcfec00dc8e92a
2017-07-28,NVL,HOSE,2302106000.0,0.0,2302106000.0,34560.0,0.0,34560.0,0.0,0.0,0.0,0.0,67500.0,67500.0,66500.0,66600.0,66940.0,HSX_FOREIGN_API,HOSE_SYMBOL_LEVEL,VND,2026-08-25T03:49:45Z,ff_hsx_symbol_daily_v1,cde0abb4fc5765fc7933e9c3223556eaa5c35acb1a7a1e309307328cd7ca2003
2017-07-31,NVL,HOSE,26764625000.0,17744827000.0,9019798000.0,401470.0,266800.0,134670.0,0.0,0.0,0.0,0.0,66600.0,67500.0,65900.0,67500.0,66420.0,HSX_FOREIGN_API,HOSE_SYMBOL_LEVEL,VND,2026-08-25T03:49:45Z,ff_hsx_symbol_daily_v1,40b74b0409868b78a4b5906954533b7a48a3ca871d5ea0eb79a8279285a07baa
2017-08-01,NVL,HOSE,117600000.0,486653000.0,-369053000.0,1750.0,7220.0,-5470.0,0.0,0.0,0.0,0.0,67400.0,67500.0,67000.0,67500.0,67220.0,HSX_FOREIGN_API,HOSE_SYMBOL_LEVEL,VND,2026-08-25T03:49:45Z,ff_hsx_symbol_daily_v1,8bf828ee9a0b1c2e61bf17e8b672e0c8d308ddfb95e31c3d9650bcd5b0f2b46e
2017-08-02,NVL,HOSE,374589000.0,1675730000.0,-1301141000.0,5590.0,24990.0,-19400.0,0.0,0.0,0.0,0.0,67400.0,67400.0,66900.0,67200.0,67040.0,HSX_FOREIGN_API,HOSE_SYMBOL_LEVEL,VND,2026-08-25T03:49:45Z,ff_hsx_symbol_daily_v1,ffca97691af169f5b5bc42cfaa57d0ec80048d836c76c96b97d64331928ff397
2017-08-03,NVL,HOSE,0.0,0.0,0.0,0.0,0.0,0.0,0.0,0.0,0.0,0.0,67200.0,67200.0,66900.0,67200.0,67050.0,HSX_FOREIGN_API,HOSE_SYMBOL_LEVEL,VND,2026-08-25T03:49:45Z,ff_hsx_symbol_daily_v1,6b5928fdf6c087ae8ffc516f7796c4a6656137e25be72476efbb5022dda4664b
2017-08-04,NVL,HOSE,0.0,4038000.0,-4038000.0,0.0,60.0,-60.0,0.0,0.0,0.0,0.0,67000.0,67300.0,66800.0,67300.0,66970.0,HSX_FOREIGN_API,HOSE_SYMBOL_LEVEL,VND,2026-08-25T03:49:45Z,ff_hsx_symbol_daily_v1,cf951d99edf4cfb5db5f92283d53c7e066041556134203b3206e1cd1e909d068
2017-08-07,NVL,HOSE,0.0,4669054000.0,-4669054000.0,0.0,70000.0,-70000.0,0.0,0.0,0.0,0.0,67300.0,67300.0,66200.0,66700.0,66820.0,HSX_FOREIGN_API,HOSE_SYMBOL_LEVEL,VND,2026-08-25T03:49:45Z,ff_hsx_symbol_daily_v1,46a1eaf912379f803387408e1c68d606a50aafd39ca0d5334d881d4a1ace1c09
2017-08-08,NVL,HOSE,573450000.0,4390748000.0,-3817298000.0,8700.0,66750.0,-58050.0,0.0,0.0,0.0,0.0,66600.0,66600.0,65600.0,65800.0,66030.0,HSX_FOREIGN_API,HOSE_SYMBOL_LEVEL,VND,2026-08-25T03:49:45Z,ff_hsx_symbol_daily_v1,2a75743f64be0920137b6cc96b6220e547ea889f3c814b325b651943fdad67b7
2017-08-09,NVL,HOSE,0.0,525000000.0,-525000000.0,0.0,8000.0,-8000.0,0.0,0.0,0.0,0.0,65800.0,65800.0,65400.0,65500.0,65640.0,HSX_FOREIGN_API,HOSE_SYMBOL_LEVEL,VND,2026-08-25T03:49:45Z,ff_hsx_symbol_daily_v1,1608ca9678ca7d662444662f7d119396c235cbef5bf5ce8ea122812816704c8e
2017-08-10,NVL,HOSE,0.0,2257600000.0,-2257600000.0,0.0,35000.0,-35000.0,0.0,0.0,0.0,0.0,65300.0,65300.0,64000.0,64300.0,64830.0,HSX_FOREIGN_API,HOSE_SYMBOL_LEVEL,VND,2026-08-25T03:49:45Z,ff_hsx_symbol_daily_v1,cdf8c0f0bbd1b3235c7f3819d1ff667932ce40b533f10fd7273da458c0c8d1c0
2017-08-11,NVL,HOSE,5232735000.0,8603709000.0,-3370974000.0,83300.0,136720.0,-53420.0,5150912000.0,5150912000.0,82000.0,82000.0,64300.0,64300.0,62500.0,63000.0,63360.0,HSX_FOREIGN_API,HOSE_SYMBOL_LEVEL,VND,2026-08-25T03:49:45Z,ff_hsx_symbol_daily_v1,413a6288455d52f28a5e3575f454b4e221ef7913322b9cad31173421c0e4b0b8
2017-08-14,NVL,HOSE,404055000.0,6873625000.0,-6469570000.0,6570.0,112080.0,-105510.0,0.0,0.0,0.0,0.0,62500.0,62500.0,60800.0,61500.0,61750.0,HSX_FOREIGN_API,HOSE_SYMBOL_LEVEL,VND,2026-08-25T03:49:45Z,ff_hsx_symbol_daily_v1,4e3ed452ce349d0859f315e1843d4aa4b2e1476c1ad08d0cbf6fad698b29de30
2017-08-15,NVL,HOSE,18570000.0,4624940000.0,-4606370000.0,300.0,74620.0,-74320.0,0.0,0.0,0.0,0.0,61500.0,62300.0,61000.0,62000.0,61630.0,HSX_FOREIGN_API,HOSE_SYMBOL_LEVEL,VND,2026-08-25T03:49:45Z,ff_hsx_symbol_daily_v1,0d80b68bdff30b299a57acb9b6c313316ce113438007580fd1b16b1b17de5204
2017-08-16,NVL,HOSE,0.0,1028681000.0,-1028681000.0,0.0,16700.0,-16700.0,0.0,0.0,0.0,0.0,62000.0,62100.0,61000.0,62100.0,61750.0,HSX_FOREIGN_API,HOSE_SYMBOL_LEVEL,VND,2026-08-25T03:49:45Z,ff_hsx_symbol_daily_v1,f346411961998cf3f831de97e345f118cdde72803f47c77b7c2bcd447e35bf35
2017-08-17,NVL,HOSE,0.0,0.0,0.0,0.0,0.0,0.0,0.0,0.0,0.0,0.0,62100.0,62100.0,61800.0,61900.0,61890.0,HSX_FOREIGN_API,HOSE_SYMBOL_LEVEL,VND,2026-08-25T03:49:45Z,ff_hsx_symbol_daily_v1,489c1087c05099d770a8d62db2edfce59f42afbe1254e7b95cfb2ad2e708eae2
2017-08-18,NVL,HOSE,82818000.0,0.0,82818000.0,1340.0,0.0,1340.0,0.0,0.0,0.0,0.0,61900.0,62000.0,61700.0,62000.0,61850.0,HSX_FOREIGN_API,HOSE_SYMBOL_LEVEL,VND,2026-08-25T03:49:45Z,ff_hsx_symbol_daily_v1,d4926a74334865c08894b52770acf1dc63ec4feea2696c948713d77bd4b4d7fe
2017-08-21,NVL,HOSE,99200000.0,5954024000.0,-5854824000.0,1600.0,97120.0,-95520.0,0.0,0.0,0.0,0.0,62000.0,62000.0,61100.0,61200.0,61570.0,HSX_FOREIGN_API,HOSE_SYMBOL_LEVEL,VND,2026-08-25T03:49:45Z,ff_hsx_symbol_daily_v1,e51f85b8629b37bdc610cefb2162918fd7e9905df2ab239a293783fc55ae8a36
2017-08-22,NVL,HOSE,810956000.0,0.0,810956000.0,13270.0,0.0,13270.0,0.0,0.0,0.0,0.0,61200.0,61400.0,60900.0,61200.0,61170.0,HSX_FOREIGN_API,HOSE_SYMBOL_LEVEL,VND,2026-08-25T03:49:45Z,ff_hsx_symbol_daily_v1,6168b427c90d3d2b083f2c256bb1adc3475f7531e1b86f53dadf7ab722caec34
2017-08-23,NVL,HOSE,10110229000.0,68750000.0,10041479000.0,163270.0,1100.0,162170.0,0.0,0.0,0.0,0.0,61300.0,62800.0,61200.0,62800.0,62200.0,HSX_FOREIGN_API,HOSE_SYMBOL_LEVEL,VND,2026-08-25T03:49:45Z,ff_hsx_symbol_daily_v1,9ae981e604188034465995c77446679370df1a8f27fb03b2cf344e82309f07f3
2017-08-24,NVL,HOSE,7116253000.0,6752462000.0,363791000.0,113270.0,107660.0,5610.0,0.0,0.0,0.0,0.0,62800.0,63200.0,62400.0,62600.0,62740.0,HSX_FOREIGN_API,HOSE_SYMBOL_LEVEL,VND,2026-08-25T03:49:45Z,ff_hsx_symbol_daily_v1,41891dfa8f87c7a2e8cf8affd0d5dce9ad1bfd1ed8bbd0143710d7c15b355042
2017-08-25,NVL,HOSE,8147605000.0,14179985000.0,-6032380000.0,132280.0,230510.0,-98230.0,0.0,0.0,0.0,0.0,62600.0,62600.0,61100.0,61900.0,61720.0,HSX_FOREIGN_API,HOSE_SYMBOL_LEVEL,VND,2026-08-25T03:49:45Z,ff_hsx_symbol_daily_v1,80e80493273346090d626feebe61d46ac02c55ba060edf78067a5f35e807ca34
2017-08-28,NVL,HOSE,845668000.0,15879041000.0,-15033373000.0,13850.0,260160.0,-246310.0,0.0,0.0,0.0,0.0,61900.0,61900.0,60700.0,61100.0,61150.0,HSX_FOREIGN_API,HOSE_SYMBOL_LEVEL,VND,2026-08-25T03:49:45Z,ff_hsx_symbol_daily_v1,739612afeb0fe7dfd1e04e6f74c6edb630d1d978e9ad197f86778b8252bc967d
2017-08-29,NVL,HOSE,875338000.0,35202577000.0,-34327239000.0,14600.0,586690.0,-572090.0,0.0,0.0,0.0,0.0,61100.0,61100.0,59500.0,60100.0,60180.0,HSX_FOREIGN_API,HOSE_SYMBOL_LEVEL,VND,2026-08-25T03:49:45Z,ff_hsx_symbol_daily_v1,89557d50b7300cdeb9fdb55341db841a9bfdae8f34032593e50b517709673147
2017-08-30,NVL,HOSE,796191000.0,18341636000.0,-17545445000.0,13430.0,309710.0,-296280.0,0.0,0.0,0.0,0.0,60100.0,60100.0,58900.0,60100.0,59390.0,HSX_FOREIGN_API,HOSE_SYMBOL_LEVEL,VND,2026-08-25T03:49:45Z,ff_hsx_symbol_daily_v1,944345283df7b49c3774ebb6c5d06bc50a32af3bea5c5b8c155606ca4204c9d3
2017-08-31,NVL,HOSE,20129138000.0,34014134000.0,-13884996000.0,336000.0,573320.0,-237320.0,0.0,0.0,0.0,0.0,60100.0,60400.0,58800.0,60200.0,59340.0,HSX_FOREIGN_API,HOSE_SYMBOL_LEVEL,VND,2026-08-25T03:49:45Z,ff_hsx_symbol_daily_v1,6227bfcf11fed78a0aa8ba2cf75a94e2f658837d34ca916ea2b46ad471c7c57e
2017-09-01,NVL,HOSE,1101010000.0,801550000.0,299460000.0,18400.0,13400.0,5000.0,0.0,0.0,0.0,0.0,60200.0,60300.0,59600.0,60300.0,59780.0,HSX_FOREIGN_API,HOSE_SYMBOL_LEVEL,VND,2026-08-25T03:49:45Z,ff_hsx_symbol_daily_v1,be4d48fee79430f9c535b713f247b2044a775060ea36e9bc1b887d327aa070aa
2017-09-05,NVL,HOSE,204403000.0,21746782000.0,-21542379000.0,3490.0,368590.0,-365100.0,0.0,0.0,0.0,0.0,60300.0,60300.0,58400.0,60200.0,59160.0,HSX_FOREIGN_API,HOSE_SYMBOL_LEVEL,VND,2026-08-25T03:49:45Z,ff_hsx_symbol_daily_v1,e2f8337dfba261dad8c76f2a3d95068bd5bac3708d3d9f4f615f5145cc8a942e
2017-09-06,NVL,HOSE,532150000.0,37064505000.0,-36532355000.0,9050.0,626920.0,-617870.0,0.0,0.0,0.0,0.0,60100.0,60200.0,58700.0,60200.0,59160.0,HSX_FOREIGN_API,HOSE_SYMBOL_LEVEL,VND,2026-08-25T03:49:45Z,ff_hsx_symbol_daily_v1,7d452a7ed32e469bbf48149945d91a79e611e2901c1926e976a9e3b6eab642b5
2017-09-07,NVL,HOSE,2960210000.0,39798533000.0,-36838323000.0,50000.0,669060.0,-619060.0,0.0,0.0,0.0,0.0,60200.0,60200.0,59000.0,60000.0,59360.0,HSX_FOREIGN_API,HOSE_SYMBOL_LEVEL,VND,2026-08-25T03:49:45Z,ff_hsx_symbol_daily_v1,ab144dbf8bbf8aa25cf831ec97582f692d504bfbf6358287e8ba454e04b5f0a3
2017-09-08,NVL,HOSE,0.0,21609512000.0,-21609512000.0,0.0,363840.0,-363840.0,0.0,0.0,0.0,0.0,59900.0,60000.0,59000.0,60000.0,59390.0,HSX_FOREIGN_API,HOSE_SYMBOL_LEVEL,VND,2026-08-25T03:49:45Z,ff_hsx_symbol_daily_v1,f6ec845065715a29dea84387d1baa02673552318c6c10a4f6098d20c7e14bd7d
2017-09-11,NVL,HOSE,5707477000.0,19411872000.0,-13704395000.0,95720.0,326330.0,-230610.0,0.0,0.0,0.0,0.0,59800.0,60000.0,59200.0,60000.0,59470.0,HSX_FOREIGN_API,HOSE_SYMBOL_LEVEL,VND,2026-08-25T03:49:45Z,ff_hsx_symbol_daily_v1,cd036e3bce8777758844376a8824cc8148051ca0fa35b282af0d68dc19b47133
2017-09-12,NVL,HOSE,9365784000.0,2982825000.0,6382959000.0,154930.0,50050.0,104880.0,0.0,0.0,0.0,0.0,59900.0,61800.0,59500.0,60800.0,59990.0,HSX_FOREIGN_API,HOSE_SYMBOL_LEVEL,VND,2026-08-25T03:49:45Z,ff_hsx_symbol_daily_v1,db396d84f926d424c187b22f2b7584d1020de391e20050bc24fe92c5e6238b2f
2017-09-13,NVL,HOSE,1997290000.0,40972654000.0,-38975364000.0,33170.0,682670.0,-649500.0,0.0,0.0,0.0,0.0,60800.0,60800.0,59700.0,60000.0,60050.0,HSX_FOREIGN_API,HOSE_SYMBOL_LEVEL,VND,2026-08-25T03:49:45Z,ff_hsx_symbol_daily_v1,6d7644ffa0c7e69ef6878c8ee05b9b3c68575167a68f273aaace8e1e28458cef
2017-09-14,NVL,HOSE,1146475000.0,21821338000.0,-20674863000.0,19070.0,365070.0,-346000.0,0.0,0.0,0.0,0.0,60000.0,60300.0,59400.0,60300.0,59790.0,HSX_FOREIGN_API,HOSE_SYMBOL_LEVEL,VND,2026-08-25T03:49:45Z,ff_hsx_symbol_daily_v1,94abf1317f54cddf02da328393dc6d0d8a803dff422a8186d9dd471744a421e4
2017-09-15,NVL,HOSE,71122852000.0,19758519000.0,51364333000.0,1113080.0,309210.0,803870.0,0.0,0.0,0.0,0.0,60300.0,63900.0,59900.0,63900.0,61780.0,HSX_FOREIGN_API,HOSE_SYMBOL_LEVEL,VND,2026-08-25T03:49:45Z,ff_hsx_symbol_daily_v1,15cfdcc69599216653c1d61ace090f5e51fed50b6ab30b3d2d339cba0aa4e045
2017-09-18,NVL,HOSE,956259000.0,1199575000.0,-243316000.0,15270.0,19200.0,-3930.0,0.0,0.0,0.0,0.0,63500.0,63500.0,61800.0,62100.0,62660.0,HSX_FOREIGN_API,HOSE_SYMBOL_LEVEL,VND,2026-08-25T03:49:45Z,ff_hsx_symbol_daily_v1,1cb144d21c68a96f28615d97da46103ea1408758b2ed0b71d42009c307e1afa0
2017-09-19,NVL,HOSE,65295000.0,1404476000.0,-1339181000.0,1050.0,22580.0,-21530.0,0.0,0.0,0.0,0.0,62000.0,62300.0,61900.0,61900.0,62180.0,HSX_FOREIGN_API,HOSE_SYMBOL_LEVEL,VND,2026-08-25T03:49:45Z,ff_hsx_symbol_daily_v1,979bada088c214e529f67181d1c6097699edea439783a638da53d700e0a5cbfc
2017-09-20,NVL,HOSE,135960000.0,7715810000.0,-7579850000.0,2200.0,124920.0,-122720.0,0.0,0.0,0.0,0.0,61900.0,62100.0,61300.0,61800.0,61690.0,HSX_FOREIGN_API,HOSE_SYMBOL_LEVEL,VND,2026-08-25T03:49:45Z,ff_hsx_symbol_daily_v1,4bf11b6f59ef760ddb48c8f7a8ff8a336f4af4e338cce86adf30135d22f963cf
2017-09-21,NVL,HOSE,0.0,4810520000.0,-4810520000.0,0.0,78000.0,-78000.0,0.0,0.0,0.0,0.0,61800.0,62000.0,61400.0,61700.0,61730.0,HSX_FOREIGN_API,HOSE_SYMBOL_LEVEL,VND,2026-08-25T03:49:45Z,ff_hsx_symbol_daily_v1,c455ee578b9dbc25dc4a78ab8a557187a0ae9cab2288477da22c0f10263874b2
2017-09-22,NVL,HOSE,0.0,4268711000.0,-4268711000.0,0.0,69430.0,-69430.0,0.0,0.0,0.0,0.0,61700.0,61800.0,61200.0,61600.0,61480.0,HSX_FOREIGN_API,HOSE_SYMBOL_LEVEL,VND,2026-08-25T03:49:45Z,ff_hsx_symbol_daily_v1,eff1cf03ccb9e5167beec18dfd035b6baf94b8e42afcb36074592a07e9257446
2017-09-25,NVL,HOSE,15965000.0,3070000000.0,-3054035000.0,260.0,50000.0,-49740.0,0.0,0.0,0.0,0.0,61600.0,61600.0,61100.0,61500.0,61390.0,HSX_FOREIGN_API,HOSE_SYMBOL_LEVEL,VND,2026-08-25T03:49:45Z,ff_hsx_symbol_daily_v1,7fb37d9a647d623029c56586814baeda7b0dee07b9d6365ba3fd2dbe1646b7c5
2017-09-26,NVL,HOSE,122600000.0,0.0,122600000.0,2000.0,0.0,2000.0,0.0,0.0,0.0,0.0,61500.0,61900.0,61100.0,61400.0,61320.0,HSX_FOREIGN_API,HOSE_SYMBOL_LEVEL,VND,2026-08-25T03:49:45Z,ff_hsx_symbol_daily_v1,e20740a544b12882c0cd089c66570836540b54947d3d6b39b85cca1840d3b891
2017-09-27,NVL,HOSE,9200000.0,27630000.0,-18430000.0,150.0,450.0,-300.0,0.0,0.0,0.0,0.0,61400.0,61700.0,61100.0,61400.0,61390.0,HSX_FOREIGN_API,HOSE_SYMBOL_LEVEL,VND,2026-08-25T03:49:45Z,ff_hsx_symbol_daily_v1,ce819c6fe88acf4ecdde7cd0e541d1b3f1c8f4bc446c2d35d867cbe1e46d0720
2017-09-28,NVL,HOSE,0.0,827058000.0,-827058000.0,0.0,13470.0,-13470.0,0.0,0.0,0.0,0.0,61400.0,61800.0,61300.0,61400.0,61500.0,HSX_FOREIGN_API,HOSE_SYMBOL_LEVEL,VND,2026-08-25T03:49:45Z,ff_hsx_symbol_daily_v1,5039b05afc4e36126f0958a54c3013fae554d1b6c00e294d5f3743b405243fed
2017-09-29,NVL,HOSE,610745000.0,303810000.0,306935000.0,9930.0,4940.0,4990.0,0.0,0.0,0.0,0.0,61400.0,62500.0,61400.0,61500.0,61780.0,HSX_FOREIGN_API,HOSE_SYMBOL_LEVEL,VND,2026-08-25T03:49:45Z,ff_hsx_symbol_daily_v1,698b44146734185e9a342fe0c46e93770e6e9eb9a0564ad6a09ec3119bfe3b6c
2017-10-02,NVL,HOSE,0.0,0.0,0.0,0.0,0.0,0.0,0.0,0.0,0.0,0.0,61500.0,62100.0,61500.0,61500.0,61850.0,HSX_FOREIGN_API,HOSE_SYMBOL_LEVEL,VND,2026-08-25T03:49:45Z,ff_hsx_symbol_daily_v1,17f09c16137099dd7ec00a437eb5fef97a49807ae6a80ce85c64b7ce050f7845
2017-10-03,NVL,HOSE,0.0,0.0,0.0,0.0,0.0,0.0,0.0,0.0,0.0,0.0,61500.0,61700.0,61200.0,61400.0,61490.0,HSX_FOREIGN_API,HOSE_SYMBOL_LEVEL,VND,2026-08-25T03:49:45Z,ff_hsx_symbol_daily_v1,071c4a01ed7c8c17eb7e32f09fd1e972993903a6cc1ca9da3ef2e658934bcb11
2017-10-04,NVL,HOSE,675400000.0,61400000.0,614000000.0,11000.0,1000.0,10000.0,0.0,0.0,0.0,0.0,61400.0,61600.0,61200.0,61400.0,61370.0,HSX_FOREIGN_API,HOSE_SYMBOL_LEVEL,VND,2026-08-25T03:49:45Z,ff_hsx_symbol_daily_v1,adf93ae285f4f3ebcff747180f17acaa8b7fb9a85ed912e0d19c7f987da5e13d
2017-10-05,NVL,HOSE,55874000.0,3684000.0,52190000.0,910.0,60.0,850.0,0.0,0.0,0.0,0.0,61400.0,61600.0,61200.0,61400.0,61310.0,HSX_FOREIGN_API,HOSE_SYMBOL_LEVEL,VND,2026-08-25T03:49:45Z,ff_hsx_symbol_daily_v1,cd557514b2a05cb9663cea2cc9e4ee394801dd7b5ae541e914e5dea9d2fac048
2017-10-06,NVL,HOSE,0.0,0.0,0.0,0.0,0.0,0.0,0.0,0.0,0.0,0.0,61400.0,61600.0,61200.0,61400.0,61360.0,HSX_FOREIGN_API,HOSE_SYMBOL_LEVEL,VND,2026-08-25T03:49:45Z,ff_hsx_symbol_daily_v1,c71522c4bca91f8a982ba4c74563084d43039a8d4042994ba06ec5e4eacdfc20
2017-10-09,NVL,HOSE,340798000.0,0.0,340798000.0,5550.0,0.0,5550.0,0.0,0.0,0.0,0.0,61400.0,61600.0,61300.0,61400.0,61380.0,HSX_FOREIGN_API,HOSE_SYMBOL_LEVEL,VND,2026-08-25T03:49:45Z,ff_hsx_symbol_daily_v1,97af63fbbf7ffe334e2337af4bc1a695212dbb2f5aa33ceff6059011b1204765
2017-10-10,NVL,HOSE,0.0,0.0,0.0,0.0,0.0,0.0,0.0,0.0,0.0,0.0,61400.0,61500.0,61200.0,61400.0,61320.0,HSX_FOREIGN_API,HOSE_SYMBOL_LEVEL,VND,2026-08-25T03:49:45Z,ff_hsx_symbol_daily_v1,832ead9c8ae8cfde1f7b13856916a5c4e230c47c435559696f10a94af669f28e
2017-10-11,NVL,HOSE,18450000.0,0.0,18450000.0,300.0,0.0,300.0,0.0,0.0,0.0,0.0,61400.0,61600.0,61300.0,61500.0,61440.0,HSX_FOREIGN_API,HOSE_SYMBOL_LEVEL,VND,2026-08-25T03:49:45Z,ff_hsx_symbol_daily_v1,6dcb52f4086631cfc10e3335374f7b257d50325668e971e5f0d271e1b890a1fd
2017-10-12,NVL,HOSE,237540000.0,0.0,237540000.0,3860.0,0.0,3860.0,0.0,0.0,0.0,0.0,61500.0,61800.0,61300.0,61600.0,61480.0,HSX_FOREIGN_API,HOSE_SYMBOL_LEVEL,VND,2026-08-25T03:49:45Z,ff_hsx_symbol_daily_v1,c389a531790bd14c107c6396d30a2bfc75ec478b702c649a4432e7f412debb31
2017-10-13,NVL,HOSE,4312000.0,0.0,4312000.0,70.0,0.0,70.0,0.0,0.0,0.0,0.0,61600.0,61700.0,61400.0,61700.0,61530.0,HSX_FOREIGN_API,HOSE_SYMBOL_LEVEL,VND,2026-08-25T03:49:45Z,ff_hsx_symbol_daily_v1,67f88b1c4641bf4ea1ca051c37be942f532a231a827fa0cc5f5f9e8b0b6f9b20
2017-10-16,NVL,HOSE,258449000.0,4442486000.0,-4184037000.0,4100.0,70740.0,-66640.0,0.0,0.0,0.0,0.0,61700.0,63500.0,61700.0,62800.0,63070.0,HSX_FOREIGN_API,HOSE_SYMBOL_LEVEL,VND,2026-08-25T03:49:45Z,ff_hsx_symbol_daily_v1,d304bd71a04a4c2af91bb919c74cf3a5084f44f84d2774a4b22bf92e32c4a292
2017-10-17,NVL,HOSE,190841000.0,0.0,190841000.0,3000.0,0.0,3000.0,0.0,0.0,0.0,0.0,62800.0,63800.0,62700.0,63100.0,63140.0,HSX_FOREIGN_API,HOSE_SYMBOL_LEVEL,VND,2026-08-25T03:49:45Z,ff_hsx_symbol_daily_v1,a77485ac45d83f65826894d7ddb8e53e17f1f83724e856072c9ca42f42613542
2017-10-18,NVL,HOSE,0.0,25140000.0,-25140000.0,0.0,400.0,-400.0,0.0,0.0,0.0,0.0,63100.0,63200.0,62600.0,62600.0,63010.0,HSX_FOREIGN_API,HOSE_SYMBOL_LEVEL,VND,2026-08-25T03:49:45Z,ff_hsx_symbol_daily_v1,c640eadbb4cdf3362c948c97acb5f89641542836bcfff6ed976644f6fe9d3f3e
2017-10-19,NVL,HOSE,4933665000.0,568400000.0,4365265000.0,78040.0,9000.0,69040.0,0.0,0.0,0.0,0.0,62800.0,63600.0,62600.0,62900.0,63280.0,HSX_FOREIGN_API,HOSE_SYMBOL_LEVEL,VND,2026-08-25T03:49:45Z,ff_hsx_symbol_daily_v1,2677deea7340e24153c3dca01f896a0d208571645e025dc7596dccc65a4979bc
2017-10-20,NVL,HOSE,0.0,1725676000.0,-1725676000.0,0.0,27720.0,-27720.0,0.0,0.0,0.0,0.0,62900.0,63000.0,61800.0,62200.0,62710.0,HSX_FOREIGN_API,HOSE_SYMBOL_LEVEL,VND,2026-08-25T03:49:45Z,ff_hsx_symbol_daily_v1,2a4a61524c1de9712585b6cfd89a70b1957a194d5f08b4d5ddf9d3524c14fe44
2017-10-23,NVL,HOSE,1216861000.0,1183104000.0,33757000.0,19710.0,19190.0,520.0,0.0,0.0,0.0,0.0,62200.0,62300.0,60900.0,61600.0,61820.0,HSX_FOREIGN_API,HOSE_SYMBOL_LEVEL,VND,2026-08-25T03:49:45Z,ff_hsx_symbol_daily_v1,65dea288d89bee8794bfe651402555a35b4fb874e5b58b09ffcb0ccf8883ad4b
2017-10-24,NVL,HOSE,48960000.0,2925581000.0,-2876621000.0,800.0,47660.0,-46860.0,0.0,0.0,0.0,0.0,61600.0,61700.0,61200.0,61500.0,61480.0,HSX_FOREIGN_API,HOSE_SYMBOL_LEVEL,VND,2026-08-25T03:49:45Z,ff_hsx_symbol_daily_v1,f4b6f6a69b40e6abe96490575487bb5e7f2e3f1dff742cedf821340ad5774a70
2017-10-25,NVL,HOSE,151250000.0,250440482000.0,-250289232000.0,2500.0,4171590.0,-4169090.0,0.0,240000000000.0,0.0,4000000.0,61500.0,61600.0,60300.0,60800.0,60920.0,HSX_FOREIGN_API,HOSE_SYMBOL_LEVEL,VND,2026-08-25T03:49:45Z,ff_hsx_symbol_daily_v1,06e6a3337be36498e88545b764fc3ad0d2d9f94694a3f5411ba888f549f09592
2017-10-26,NVL,HOSE,71591000.0,1529852000.0,-1458261000.0,1180.0,25370.0,-24190.0,0.0,0.0,0.0,0.0,60800.0,60800.0,60100.0,60700.0,60470.0,HSX_FOREIGN_API,HOSE_SYMBOL_LEVEL,VND,2026-08-25T03:49:45Z,ff_hsx_symbol_daily_v1,cd01ee1d1a8c9b55422690ae696ffd0920674293a6872274c664bf1d86c23cd2
2017-10-27,NVL,HOSE,0.0,60500000.0,-60500000.0,0.0,1000.0,-1000.0,0.0,0.0,0.0,0.0,60700.0,61000.0,60400.0,61000.0,60630.0,HSX_FOREIGN_API,HOSE_SYMBOL_LEVEL,VND,2026-08-25T03:49:45Z,ff_hsx_symbol_daily_v1,3cdc0ac3e6084031bef768e2c24f5f43c11921acb12846df8a58251c4f8ffc95
2017-10-30,NVL,HOSE,25630000.0,0.0,25630000.0,420.0,0.0,420.0,0.0,0.0,0.0,0.0,61000.0,61200.0,60900.0,61000.0,61040.0,HSX_FOREIGN_API,HOSE_SYMBOL_LEVEL,VND,2026-08-25T03:49:45Z,ff_hsx_symbol_daily_v1,ea66dbf935ca07b15d3c815706a2dcb03beb2586f56f867255c185eadf0c239c
2017-10-31,NVL,HOSE,9120000.0,1002324000.0,-993204000.0,150.0,16480.0,-16330.0,0.0,0.0,0.0,0.0,61000.0,61100.0,60700.0,60900.0,60870.0,HSX_FOREIGN_API,HOSE_SYMBOL_LEVEL,VND,2026-08-25T03:49:45Z,ff_hsx_symbol_daily_v1,3de29adfc3d4321d5ad7cb1ac384cd36b0b518142d9192609783e57d6b4854e8
2017-11-01,NVL,HOSE,660108000.0,3489555000.0,-2829447000.0,10860.0,57480.0,-46620.0,0.0,0.0,0.0,0.0,60800.0,61000.0,60500.0,60800.0,60740.0,HSX_FOREIGN_API,HOSE_SYMBOL_LEVEL,VND,2026-08-25T03:49:45Z,ff_hsx_symbol_daily_v1,f21262a5ab864467be0316768b815afead3ace94dda6d0017caeb0c90f6b9710
2017-11-02,NVL,HOSE,18787398000.0,656610000.0,18130788000.0,303980.0,10700.0,293280.0,0.0,0.0,0.0,0.0,60800.0,62500.0,60600.0,61800.0,61270.0,HSX_FOREIGN_API,HOSE_SYMBOL_LEVEL,VND,2026-08-25T03:49:45Z,ff_hsx_symbol_daily_v1,9a45ce19442f37f0a63543c472ad989c5c466ce245ea4ebe03ac8d88174b7670
2017-11-03,NVL,HOSE,1214203000.0,3769335000.0,-2555132000.0,19660.0,61290.0,-41630.0,0.0,0.0,0.0,0.0,61800.0,62000.0,61400.0,61500.0,61750.0,HSX_FOREIGN_API,HOSE_SYMBOL_LEVEL,VND,2026-08-25T03:49:45Z,ff_hsx_symbol_daily_v1,0f676beffcf3665e307a7080f33f2a08b6021e86d32bbf6e0be35786fc1be62f
2017-11-06,NVL,HOSE,184200000.0,3448265000.0,-3264065000.0,3000.0,56050.0,-53050.0,0.0,0.0,0.0,0.0,61500.0,61700.0,61300.0,61400.0,61420.0,HSX_FOREIGN_API,HOSE_SYMBOL_LEVEL,VND,2026-08-25T03:49:45Z,ff_hsx_symbol_daily_v1,dc482d9ceccb27e6893e4d2b9e2df835ed8925d0be69bdea32043d7833ffb573
2017-11-07,NVL,HOSE,190654000.0,1452344000.0,-1261690000.0,3110.0,23690.0,-20580.0,0.0,0.0,0.0,0.0,61400.0,61500.0,61100.0,61200.0,61290.0,HSX_FOREIGN_API,HOSE_SYMBOL_LEVEL,VND,2026-08-25T03:49:45Z,ff_hsx_symbol_daily_v1,a2a0d2aaa4e90f3406e15b11b56650e677c4abfb13e8ff07a0a0581e754580e8
2017-11-08,NVL,HOSE,26156000.0,729650000.0,-703494000.0,430.0,12000.0,-11570.0,0.0,0.0,0.0,0.0,61200.0,61300.0,59000.0,61000.0,60810.0,HSX_FOREIGN_API,HOSE_SYMBOL_LEVEL,VND,2026-08-25T03:49:45Z,ff_hsx_symbol_daily_v1,afd7d27099fe2f5cc1284d85059e8134675e7ddf7d7b532312c31266150d45d5
2017-11-09,NVL,HOSE,92079000.0,203160000.0,-111081000.0,1530.0,3350.0,-1820.0,0.0,0.0,0.0,0.0,61000.0,61000.0,59900.0,60400.0,60340.0,HSX_FOREIGN_API,HOSE_SYMBOL_LEVEL,VND,2026-08-25T03:49:45Z,ff_hsx_symbol_daily_v1,3b64949baa6cd5bbe8ab89b1df9c435c807505df0d3e33a84d8e1612f8364a48
2017-11-10,NVL,HOSE,0.0,0.0,0.0,0.0,0.0,0.0,0.0,0.0,0.0,0.0,60400.0,60800.0,59800.0,60800.0,60320.0,HSX_FOREIGN_API,HOSE_SYMBOL_LEVEL,VND,2026-08-25T03:49:45Z,ff_hsx_symbol_daily_v1,36f7ca41126e6ae41211a3b0a02584aa8bfb86d6d0ba20324c6df8cbd95d8497
2017-11-13,NVL,HOSE,231040000.0,12160000.0,218880000.0,3800.0,200.0,3600.0,0.0,0.0,0.0,0.0,60800.0,61000.0,60700.0,60800.0,60810.0,HSX_FOREIGN_API,HOSE_SYMBOL_LEVEL,VND,2026-08-25T03:49:45Z,ff_hsx_symbol_daily_v1,d4470036c1cdcf92978d29c32a5a9bf2f6c1474622e7dc42d0540bfae166cd93
2017-11-14,NVL,HOSE,6665000.0,0.0,6665000.0,110.0,0.0,110.0,0.0,0.0,0.0,0.0,60800.0,60900.0,60400.0,60700.0,60610.0,HSX_FOREIGN_API,HOSE_SYMBOL_LEVEL,VND,2026-08-25T03:49:45Z,ff_hsx_symbol_daily_v1,c0f7a8b990bce3c1afed1149779cb46dbd4d691a64c92abaa20ed4cc30bf9f4b
2017-11-15,NVL,HOSE,305708000.0,0.0,305708000.0,5040.0,0.0,5040.0,0.0,0.0,0.0,0.0,60700.0,60800.0,60400.0,60700.0,60550.0,HSX_FOREIGN_API,HOSE_SYMBOL_LEVEL,VND,2026-08-25T03:49:45Z,ff_hsx_symbol_daily_v1,ef07536a6209452e5e89dbb11e5d18ba45430698aa5da9e9e48fc5b6fbbe8ed4
2017-11-16,NVL,HOSE,238680000.0,80652000.0,158028000.0,3900.0,1320.0,2580.0,0.0,0.0,0.0,0.0,60700.0,61400.0,60600.0,60900.0,60910.0,HSX_FOREIGN_API,HOSE_SYMBOL_LEVEL,VND,2026-08-25T03:49:45Z,ff_hsx_symbol_daily_v1,153924dd041a3de557d1e984584033c01c928118b1bc72ef416aa78dc97dc05a
2017-11-17,NVL,HOSE,1141230000.0,5293083000.0,-4151853000.0,18700.0,86790.0,-68090.0,0.0,0.0,0.0,0.0,60900.0,61400.0,60600.0,60800.0,61000.0,HSX_FOREIGN_API,HOSE_SYMBOL_LEVEL,VND,2026-08-25T03:49:45Z,ff_hsx_symbol_daily_v1,3135f6ccf16a7782def013dbd69abcac8cabf5f75c9bec2716333c3d35375c38
2017-11-20,NVL,HOSE,2571608000.0,18622063000.0,-16050455000.0,42990.0,311660.0,-268670.0,0.0,0.0,0.0,0.0,60800.0,60800.0,59500.0,59800.0,59780.0,HSX_FOREIGN_API,HOSE_SYMBOL_LEVEL,VND,2026-08-25T03:49:45Z,ff_hsx_symbol_daily_v1,240dd3f8ad8b747944594e2fe188a82491d0073d9420b7904ec5f7b72e3f00a0
2017-11-21,NVL,HOSE,3393424000.0,18384798000.0,-14991374000.0,56830.0,307970.0,-251140.0,0.0,0.0,0.0,0.0,59800.0,60100.0,59400.0,59700.0,59690.0,HSX_FOREIGN_API,HOSE_SYMBOL_LEVEL,VND,2026-08-25T03:49:45Z,ff_hsx_symbol_daily_v1,dc22501b41c193d17e28ac0cde57c7910d2e871a58ab4e87f2e31aaf19736b80
2017-11-22,NVL,HOSE,7168265000.0,14044973000.0,-6876708000.0,119020.0,233220.0,-114200.0,0.0,0.0,0.0,0.0,59700.0,60700.0,59600.0,60500.0,60170.0,HSX_FOREIGN_API,HOSE_SYMBOL_LEVEL,VND,2026-08-25T03:49:45Z,ff_hsx_symbol_daily_v1,36c3cc712ab16c538bbbaa076da35e19609f62d19339bb801b81ba58a76876fc
2017-11-23,NVL,HOSE,1236357000.0,146648353000.0,-145411996000.0,20570.0,2442670.0,-2422100.0,0.0,133800000000.0,0.0,2230000.0,60600.0,61000.0,60100.0,60100.0,60540.0,HSX_FOREIGN_API,HOSE_SYMBOL_LEVEL,VND,2026-08-25T03:49:45Z,ff_hsx_symbol_daily_v1,12def2eea4db3370e4ddb2e705840e78754cb747f47d9d16ae374a6660de7569
2017-11-24,NVL,HOSE,598000.0,13377056000.0,-13376458000.0,10.0,223590.0,-223580.0,0.0,0.0,0.0,0.0,60100.0,60100.0,59700.0,59900.0,59840.0,HSX_FOREIGN_API,HOSE_SYMBOL_LEVEL,VND,2026-08-25T03:49:45Z,ff_hsx_symbol_daily_v1,68d8bd59debef8c7762944bea9f3173d0483e5e0a626db0af822ed9378b55ba8
2017-11-27,NVL,HOSE,3369828000.0,43250000.0,3326578000.0,55640.0,720.0,54920.0,0.0,0.0,0.0,0.0,59900.0,61000.0,59800.0,60700.0,60110.0,HSX_FOREIGN_API,HOSE_SYMBOL_LEVEL,VND,2026-08-25T03:49:45Z,ff_hsx_symbol_daily_v1,89b585ec6279ccc9355d89b302fc9f019f4665db5d2a02aecb86774c58fe96c1
2017-11-28,NVL,HOSE,3243736000.0,624500000.0,2619236000.0,52100.0,10000.0,42100.0,0.0,0.0,0.0,0.0,60700.0,63000.0,60700.0,61900.0,62370.0,HSX_FOREIGN_API,HOSE_SYMBOL_LEVEL,VND,2026-08-25T03:49:45Z,ff_hsx_symbol_daily_v1,8ac0dd868fec45fe35f5ca12415d98c21849432c21a6d3041282ed595d18acbe
2017-11-29,NVL,HOSE,234762000.0,4710693000.0,-4475931000.0,3740.0,75400.0,-71660.0,0.0,0.0,0.0,0.0,61900.0,63100.0,61900.0,62300.0,62520.0,HSX_FOREIGN_API,HOSE_SYMBOL_LEVEL,VND,2026-08-25T03:49:45Z,ff_hsx_symbol_daily_v1,edca2ccef3947a130d58039f21fda52360ac15b27cabb31811dec64fe9320a51
2017-11-30,NVL,HOSE,181875000.0,24157166000.0,-23975291000.0,2910.0,388940.0,-386030.0,0.0,0.0,0.0,0.0,62600.0,62800.0,61600.0,61600.0,62250.0,HSX_FOREIGN_API,HOSE_SYMBOL_LEVEL,VND,2026-08-25T03:49:45Z,ff_hsx_symbol_daily_v1,2b8a817d89642c21ce9f6d848fa7d839320e9026fede1f1bfba9dcabd7a610d1
2017-12-01,NVL,HOSE,768467000.0,4311313000.0,-3542846000.0,12430.0,69530.0,-57100.0,0.0,0.0,0.0,0.0,61900.0,62100.0,61600.0,61700.0,61840.0,HSX_FOREIGN_API,HOSE_SYMBOL_LEVEL,VND,2026-08-25T03:49:45Z,ff_hsx_symbol_daily_v1,f4757930b05c2a3f621d0794ab380615dfa00618ed79464ddcee9c82df6d7ee0
2017-12-04,NVL,HOSE,365894000.0,8653680000.0,-8287786000.0,5920.0,140250.0,-134330.0,0.0,0.0,0.0,0.0,62000.0,62000.0,61500.0,61500.0,61740.0,HSX_FOREIGN_API,HOSE_SYMBOL_LEVEL,VND,2026-08-25T03:49:45Z,ff_hsx_symbol_daily_v1,c4db7d3fef80d89018c9e2d85bd8201974ed6e1e05cd32f3b6f4974232e007be
2017-12-05,NVL,HOSE,489406000.0,0.0,489406000.0,7960.0,0.0,7960.0,0.0,0.0,0.0,0.0,61800.0,62000.0,61200.0,61300.0,61470.0,HSX_FOREIGN_API,HOSE_SYMBOL_LEVEL,VND,2026-08-25T03:49:45Z,ff_hsx_symbol_daily_v1,8998bc6701b5b5f65bc25bfad3797660828ad1d93219cdd1adb14b7b7ea7e4af
2017-12-06,NVL,HOSE,2144253000.0,370578473000.0,-368434220000.0,34990.0,6074830.0,-6039840.0,0.0,366000000000.0,0.0,6000000.0,61600.0,61600.0,61100.0,61100.0,61220.0,HSX_FOREIGN_API,HOSE_SYMBOL_LEVEL,VND,2026-08-25T03:49:45Z,ff_hsx_symbol_daily_v1,f544676d729e2e848fb476a4d19b5efefe42489043c8018b428469d0c0b38631
2017-12-07,NVL,HOSE,368026000.0,8053606000.0,-7685580000.0,5960.0,130420.0,-124460.0,0.0,0.0,0.0,0.0,61400.0,62400.0,61100.0,61500.0,61880.0,HSX_FOREIGN_API,HOSE_SYMBOL_LEVEL,VND,2026-08-25T03:49:45Z,ff_hsx_symbol_daily_v1,f10e4a9209a99afae919869196e6c2bfb8fb6354e1a358892be58f8c708f8f9e
2017-12-08,NVL,HOSE,1777027000.0,0.0,1777027000.0,28510.0,0.0,28510.0,0.0,0.0,0.0,0.0,61800.0,62600.0,61700.0,62300.0,62200.0,HSX_FOREIGN_API,HOSE_SYMBOL_LEVEL,VND,2026-08-25T03:49:45Z,ff_hsx_symbol_daily_v1,e412edcc075d7e25361475dc0d9ab2cf4f02d4f8c3bd74d16dea4a442d3a3960
2017-12-11,NVL,HOSE,5783731000.0,4679666000.0,1104065000.0,93160.0,75400.0,17760.0,0.0,0.0,0.0,0.0,62400.0,62400.0,61400.0,61500.0,61930.0,HSX_FOREIGN_API,HOSE_SYMBOL_LEVEL,VND,2026-08-25T03:49:45Z,ff_hsx_symbol_daily_v1,2ca9f1a62cd456c535ebd1826b47a9c52ffae8a1d386d6cf7b7b1e60d6e2f5ae
2017-12-12,NVL,HOSE,7926026000.0,335500000000.0,-327573974000.0,128320.0,5500000.0,-5371680.0,0.0,335500000000.0,0.0,5500000.0,61500.0,62500.0,61000.0,62500.0,61520.0,HSX_FOREIGN_API,HOSE_SYMBOL_LEVEL,VND,2026-08-25T03:49:45Z,ff_hsx_symbol_daily_v1,3898cf688a3316e6f5e50205ffbe5cd93154a9580726e79824babb226f791cb0
2017-12-13,NVL,HOSE,7440194000.0,4067279000.0,3372915000.0,119530.0,65570.0,53960.0,0.0,0.0,0.0,0.0,62500.0,62500.0,61600.0,62300.0,62120.0,HSX_FOREIGN_API,HOSE_SYMBOL_LEVEL,VND,2026-08-25T03:49:45Z,ff_hsx_symbol_daily_v1,e4f2baf202a8f2798338dd85345237284f101db143a2f6c97c0e8e984a584458
2017-12-14,NVL,HOSE,629324000.0,122811200000.0,-122181876000.0,10180.0,2013000.0,-2002820.0,0.0,121695000000.0,0.0,1995000.0,62300.0,62300.0,61200.0,61600.0,61670.0,HSX_FOREIGN_API,HOSE_SYMBOL_LEVEL,VND,2026-08-25T03:49:45Z,ff_hsx_symbol_daily_v1,00cce92834c0a12f9483a2f05a525c0de6d4068c6cf18417574be4d64124b564
2017-12-15,NVL,HOSE,56158974000.0,11627894000.0,44531080000.0,907260.0,187810.0,719450.0,0.0,0.0,0.0,0.0,61600.0,62200.0,61600.0,61900.0,61870.0,HSX_FOREIGN_API,HOSE_SYMBOL_LEVEL,VND,2026-08-25T03:49:45Z,ff_hsx_symbol_daily_v1,1dc15cf5011c880056b7a0d2ab61ee16ef34bf07684f46677f0fb028aea04200
2017-12-18,NVL,HOSE,43253000.0,948443000.0,-905190000.0,700.0,15300.0,-14600.0,0.0,0.0,0.0,0.0,62000.0,62400.0,61600.0,61600.0,61830.0,HSX_FOREIGN_API,HOSE_SYMBOL_LEVEL,VND,2026-08-25T03:49:45Z,ff_hsx_symbol_daily_v1,fd266276e5f9b5a326dbefbd54c72bcdf574d5803b110c1e5a153e7196c2317c
2017-12-19,NVL,HOSE,1307861000.0,3104810000.0,-1796949000.0,21030.0,50000.0,-28970.0,0.0,0.0,0.0,0.0,61900.0,62400.0,61500.0,61500.0,61940.0,HSX_FOREIGN_API,HOSE_SYMBOL_LEVEL,VND,2026-08-25T03:49:45Z,ff_hsx_symbol_daily_v1,f9eb6e55d603eda6a66ba7fdcc982ee3dccde466d8c04d14e216d29612553a7f
2017-12-20,NVL,HOSE,12280000.0,92250000.0,-79970000.0,200.0,1500.0,-1300.0,0.0,0.0,0.0,0.0,61500.0,61800.0,61300.0,61500.0,61580.0,HSX_FOREIGN_API,HOSE_SYMBOL_LEVEL,VND,2026-08-25T03:49:45Z,ff_hsx_symbol_daily_v1,6c15de13657457ca2c20863fde76f7787195ee1f0170a48085fefb8583654db7
2017-12-21,NVL,HOSE,74160000.0,667368000.0,-593208000.0,1200.0,10810.0,-9610.0,0.0,0.0,0.0,0.0,61600.0,61900.0,61400.0,61400.0,61620.0,HSX_FOREIGN_API,HOSE_SYMBOL_LEVEL,VND,2026-08-25T03:49:45Z,ff_hsx_symbol_daily_v1,1d343a878c113d80dca11685e939993382acdbd403405ac4ed79537bdb19b45d
2017-12-22,NVL,HOSE,1942232000.0,3068000000.0,-1125768000.0,31710.0,50000.0,-18290.0,0.0,0.0,0.0,0.0,61000.0,61500.0,61000.0,61500.0,61160.0,HSX_FOREIGN_API,HOSE_SYMBOL_LEVEL,VND,2026-08-25T03:49:45Z,ff_hsx_symbol_daily_v1,feb497c42db4f8305549b126e17ba5598d1cc4157c18c818a5f5925789795382
2017-12-25,NVL,HOSE,12280000.0,124141708000.0,-124129428000.0,200.0,2010320.0,-2010120.0,0.0,122280000000.0,0.0,1980000.0,61500.0,61600.0,61000.0,61600.0,61360.0,HSX_FOREIGN_API,HOSE_SYMBOL_LEVEL,VND,2026-08-25T03:49:45Z,ff_hsx_symbol_daily_v1,6142c9c310da837ff8ddcbe87ccab4706612a413685f7dd02519ef22fe085f67
2017-12-26,NVL,HOSE,310000000.0,138525000.0,171475000.0,5000.0,2240.0,2760.0,0.0,0.0,0.0,0.0,61600.0,62100.0,61500.0,61800.0,61840.0,HSX_FOREIGN_API,HOSE_SYMBOL_LEVEL,VND,2026-08-25T03:49:45Z,ff_hsx_symbol_daily_v1,55f4469b7a263e113cb8da9aee92cd5f3b26506bb028e82630eaf1c517bc0fb3
2017-12-27,NVL,HOSE,312436000.0,18620000.0,293816000.0,5030.0,300.0,4730.0,0.0,0.0,0.0,0.0,61800.0,62500.0,61600.0,62500.0,62140.0,HSX_FOREIGN_API,HOSE_SYMBOL_LEVEL,VND,2026-08-25T03:49:45Z,ff_hsx_symbol_daily_v1,4a4f71d3300d45f1019dc48c0d5c580cb18d6521d66436b420f832c240ae6e76
2017-12-28,NVL,HOSE,2537937000.0,330080000.0,2207857000.0,40110.0,5200.0,34910.0,0.0,0.0,0.0,0.0,62500.0,63800.0,62500.0,63300.0,63130.0,HSX_FOREIGN_API,HOSE_SYMBOL_LEVEL,VND,2026-08-25T03:49:45Z,ff_hsx_symbol_daily_v1,daeb088f61b5892028ba7171a5cde9a7d8ba2d6868055505da41a58d2b9b9c4b
2017-12-29,NVL,HOSE,4757555000.0,108021520000.0,-103263965000.0,73190.0,1741960.0,-1668770.0,0.0,107691520000.0,0.0,1736960.0,63600.0,66500.0,63400.0,65100.0,64540.0,HSX_FOREIGN_API,HOSE_SYMBOL_LEVEL,VND,2026-08-25T03:49:45Z,ff_hsx_symbol_daily_v1,8b56962cdae2a21d28bb23360bb2dfe6cb1cbeb27b30b6136531e458edf0ef1a
2018-01-02,NVL,HOSE,868513000.0,30738000.0,837775000.0,13300.0,470.0,12830.0,0.0,0.0,0.0,0.0,65100.0,65700.0,65100.0,65500.0,65430.0,HSX_FOREIGN_API,HOSE_SYMBOL_LEVEL,VND,2026-08-25T03:49:45Z,ff_hsx_symbol_daily_v1,4273b116b69ce455692a42efbd481cf32b2ce9b790bebaf4ab27069c28ef6f94
2018-01-03,NVL,HOSE,5612554000.0,0.0,5612554000.0,84660.0,0.0,84660.0,0.0,0.0,0.0,0.0,65500.0,67000.0,65500.0,66900.0,66280.0,HSX_FOREIGN_API,HOSE_SYMBOL_LEVEL,VND,2026-08-25T03:49:45Z,ff_hsx_symbol_daily_v1,5f7d61a628a26a308634c14c9ecb1d0ac6db1dd756b3e4326a08f227a3e590ba
2018-01-04,NVL,HOSE,5689908000.0,0.0,5689908000.0,84910.0,0.0,84910.0,0.0,0.0,0.0,0.0,66900.0,67700.0,66000.0,67600.0,66990.0,HSX_FOREIGN_API,HOSE_SYMBOL_LEVEL,VND,2026-08-25T03:49:45Z,ff_hsx_symbol_daily_v1,b60fb9e4135d40a5a706bcd6af8d0195496a549241f7e1c45c366a12479bae1a
2018-01-05,NVL,HOSE,5448392000.0,172110000.0,5276282000.0,80290.0,2520.0,77770.0,0.0,0.0,0.0,0.0,67400.0,68400.0,67000.0,68200.0,67880.0,HSX_FOREIGN_API,HOSE_SYMBOL_LEVEL,VND,2026-08-25T03:49:45Z,ff_hsx_symbol_daily_v1,38e528399ce1e056672ab1072ab8ad1daef7c938159334a243781d0a2f0f71b9
2018-01-08,NVL,HOSE,9579820000.0,286902000.0,9292918000.0,138920.0,4200.0,134720.0,0.0,0.0,0.0,0.0,68000.0,69800.0,68000.0,69600.0,68780.0,HSX_FOREIGN_API,HOSE_SYMBOL_LEVEL,VND,2026-08-25T03:49:45Z,ff_hsx_symbol_daily_v1,d72aa28f1a0592b63a773db7820da57ceaced0d3150d72f00efe829221a2b50f
2018-01-09,NVL,HOSE,6883464000.0,459600000.0,6423864000.0,97350.0,6500.0,90850.0,0.0,0.0,0.0,0.0,69300.0,72800.0,69300.0,72000.0,70590.0,HSX_FOREIGN_API,HOSE_SYMBOL_LEVEL,VND,2026-08-25T03:49:45Z,ff_hsx_symbol_daily_v1,96b263ea4ea82e49c5300cd28313790401ee1e2fea3a663f105389c068aa1f08
2018-01-10,NVL,HOSE,8540860000.0,187516000.0,8353344000.0,117130.0,2560.0,114570.0,0.0,0.0,0.0,0.0,71700.0,74000.0,71600.0,73000.0,72620.0,HSX_FOREIGN_API,HOSE_SYMBOL_LEVEL,VND,2026-08-25T03:49:45Z,ff_hsx_symbol_daily_v1,087f07dec8737088c6b6154eb70af171964aff3ca523887dcf2cea8669588d42
2018-01-11,NVL,HOSE,11429409000.0,82030000.0,11347379000.0,153790.0,1100.0,152690.0,0.0,0.0,0.0,0.0,73500.0,75700.0,73000.0,75000.0,73780.0,HSX_FOREIGN_API,HOSE_SYMBOL_LEVEL,VND,2026-08-25T03:49:45Z,ff_hsx_symbol_daily_v1,ef566fe2050b32bdad5beabdc6f2d33c0a2eeb64067fbbf92a4ee1719213e746
2018-01-12,NVL,HOSE,6948377000.0,75700000.0,6872677000.0,91790.0,1000.0,90790.0,0.0,0.0,0.0,0.0,75700.0,76100.0,75100.0,75700.0,75720.0,HSX_FOREIGN_API,HOSE_SYMBOL_LEVEL,VND,2026-08-25T03:49:45Z,ff_hsx_symbol_daily_v1,71317922b5ebaa7a52b36fbf5ef1a498a8db5534769beefac1ab137a96fe0155
2018-01-15,NVL,HOSE,8579722000.0,1880642000.0,6699080000.0,112140.0,24490.0,87650.0,0.0,0.0,0.0,0.0,76000.0,78000.0,75500.0,78000.0,76080.0,HSX_FOREIGN_API,HOSE_SYMBOL_LEVEL,VND,2026-08-25T03:49:45Z,ff_hsx_symbol_daily_v1,468886e75b248a769fe0aca84c8aedb5efd165e80eefafd88e6d1f5427efbefb
2018-01-16,NVL,HOSE,5716185000.0,785700000.0,4930485000.0,72740.0,10000.0,62740.0,0.0,0.0,0.0,0.0,78000.0,79600.0,76000.0,77900.0,77660.0,HSX_FOREIGN_API,HOSE_SYMBOL_LEVEL,VND,2026-08-25T03:49:45Z,ff_hsx_symbol_daily_v1,47e2163b12609f26a5b0f84407d0d134b97d6410dc2432f6841c92332f6d10bf
2018-01-17,NVL,HOSE,6625648000.0,3935004000.0,2690644000.0,84480.0,50060.0,34420.0,0.0,0.0,0.0,0.0,78500.0,78900.0,76100.0,77900.0,78390.0,HSX_FOREIGN_API,HOSE_SYMBOL_LEVEL,VND,2026-08-25T03:49:45Z,ff_hsx_symbol_daily_v1,76c05ece786d6239fc1e07049fea89e44b26805d3e4549277dd78fbfbd7fbbcd
2018-01-18,NVL,HOSE,6233990000.0,4904411000.0,1329579000.0,79820.0,62550.0,17270.0,0.0,0.0,0.0,0.0,78600.0,78700.0,75500.0,78500.0,77740.0,HSX_FOREIGN_API,HOSE_SYMBOL_LEVEL,VND,2026-08-25T03:49:45Z,ff_hsx_symbol_daily_v1,6e67b1833564269c5916a63ae2f05da67290617cd18750d5695a16a13674e6d5
2018-01-19,NVL,HOSE,7046157000.0,7173000.0,7038984000.0,88580.0,90.0,88490.0,0.0,0.0,0.0,0.0,78900.0,80600.0,78400.0,80600.0,79150.0,HSX_FOREIGN_API,HOSE_SYMBOL_LEVEL,VND,2026-08-25T03:49:45Z,ff_hsx_symbol_daily_v1,41f238482df6e09c4fcc84a36d69f72d306c99dbe4fa79169f468f3b89ab76b7
2018-01-22,NVL,HOSE,8393620000.0,124887000.0,8268733000.0,101460.0,1510.0,99950.0,0.0,0.0,0.0,0.0,80900.0,83600.0,80600.0,83600.0,81910.0,HSX_FOREIGN_API,HOSE_SYMBOL_LEVEL,VND,2026-08-25T03:49:45Z,ff_hsx_symbol_daily_v1,8af1f7e791c6afecec9ed512e7854926cbe74f5d11db5ce4bc6d6529f0fd25b0
2018-01-25,NVL,HOSE,9551411000.0,23387405000.0,-13835994000.0,112780.0,275640.0,-162860.0,0.0,0.0,0.0,0.0,84200.0,85600.0,84100.0,84600.0,85000.0,HSX_FOREIGN_API,HOSE_SYMBOL_LEVEL,VND,2026-08-25T03:49:45Z,ff_hsx_symbol_daily_v1,62319dcfe39b2af8d08e71bc2cda44a407358af5e93135744487cf34aca45665
2018-01-26,NVL,HOSE,5041887000.0,4036765000.0,1005122000.0,59660.0,47620.0,12040.0,0.0,0.0,0.0,0.0,84400.0,85000.0,84000.0,84500.0,84780.0,HSX_FOREIGN_API,HOSE_SYMBOL_LEVEL,VND,2026-08-25T03:49:45Z,ff_hsx_symbol_daily_v1,515fad74c17cfaee2a04f1639f26fec86b2c08546ebd97736f93b3f8996404d8
2018-01-29,NVL,HOSE,8402038000.0,199513000.0,8202525000.0,103030.0,2380.0,100650.0,0.0,0.0,0.0,0.0,84100.0,84900.0,80800.0,81000.0,83760.0,HSX_FOREIGN_API,HOSE_SYMBOL_LEVEL,VND,2026-08-25T03:49:45Z,ff_hsx_symbol_daily_v1,0eea8accf3ed136af7a7b8562a98109296af2e1064d391a6b114cefe29cf5749
2018-01-30,NVL,HOSE,10978145000.0,21645007000.0,-10666862000.0,137360.0,270790.0,-133430.0,0.0,0.0,0.0,0.0,80400.0,81000.0,77900.0,80000.0,79710.0,HSX_FOREIGN_API,HOSE_SYMBOL_LEVEL,VND,2026-08-25T03:49:45Z,ff_hsx_symbol_daily_v1,d8dcaa828e9a97f59154c5cca1e21669be01dd2fb7333edde5f4a98a6e4af08c
2018-01-31,NVL,HOSE,1341493000.0,587850000.0,753643000.0,16770.0,7350.0,9420.0,0.0,0.0,0.0,0.0,79500.0,80700.0,79000.0,80300.0,79820.0,HSX_FOREIGN_API,HOSE_SYMBOL_LEVEL,VND,2026-08-25T03:49:45Z,ff_hsx_symbol_daily_v1,67b321042dcc72804b25d3ed50a6d4cb23717f2728411ec4186c7f3e286f285f
2018-02-01,NVL,HOSE,72257000.0,489638000.0,-417381000.0,900.0,6100.0,-5200.0,0.0,0.0,0.0,0.0,79900.0,80600.0,79900.0,80400.0,80270.0,HSX_FOREIGN_API,HOSE_SYMBOL_LEVEL,VND,2026-08-25T03:49:45Z,ff_hsx_symbol_daily_v1,e1d824fc8dfae0f7b9467da1bab0742ab32964dc4a1a624028b9c1a1b5c34a94
2018-02-02,NVL,HOSE,6917331000.0,1235975000.0,5681356000.0,85320.0,15210.0,70110.0,0.0,0.0,0.0,0.0,80000.0,81800.0,79900.0,81500.0,80740.0,HSX_FOREIGN_API,HOSE_SYMBOL_LEVEL,VND,2026-08-25T03:49:45Z,ff_hsx_symbol_daily_v1,459c0de08c87d89f0d33ea7939668c7b7f82a1ca1783d80d85cc0c7e30a441b2
2018-02-05,NVL,HOSE,7655524000.0,1644008000.0,6011516000.0,93960.0,20160.0,73800.0,0.0,0.0,0.0,0.0,81000.0,81900.0,81000.0,81600.0,81380.0,HSX_FOREIGN_API,HOSE_SYMBOL_LEVEL,VND,2026-08-25T03:49:45Z,ff_hsx_symbol_daily_v1,460a32e70290712649f94f33aab783561ac2eeecd0ef9612e7b4be54f05e6a31
2018-02-06,NVL,HOSE,1005517000.0,1724175000.0,-718658000.0,12350.0,21290.0,-8940.0,0.0,0.0,0.0,0.0,80900.0,82500.0,80700.0,81800.0,81710.0,HSX_FOREIGN_API,HOSE_SYMBOL_LEVEL,VND,2026-08-25T03:49:45Z,ff_hsx_symbol_daily_v1,e651be051bd7bf76bdf273aabc105d7cdd6e1f0dc75f00aa29307f71cf471cbc
2018-02-07,NVL,HOSE,138898000.0,14036412000.0,-13897514000.0,1700.0,172200.0,-170500.0,0.0,0.0,0.0,0.0,81800.0,82300.0,80400.0,80700.0,81850.0,HSX_FOREIGN_API,HOSE_SYMBOL_LEVEL,VND,2026-08-25T03:49:45Z,ff_hsx_symbol_daily_v1,3066d02222848eef1a7c4c64c0762ee7c51628c9ef04464d73d029093cf27b53
2018-02-08,NVL,HOSE,91314000.0,24308099000.0,-24216785000.0,1140.0,303500.0,-302360.0,0.0,0.0,0.0,0.0,80200.0,80700.0,79900.0,80000.0,80310.0,HSX_FOREIGN_API,HOSE_SYMBOL_LEVEL,VND,2026-08-25T03:49:45Z,ff_hsx_symbol_daily_v1,fae388897fde4220253d7d6803d0a850190d10cee55c2978b822c88d697ceb75
2018-02-09,NVL,HOSE,1592000.0,10577818000.0,-10576226000.0,20.0,133000.0,-132980.0,0.0,0.0,0.0,0.0,79500.0,80000.0,79000.0,80000.0,79640.0,HSX_FOREIGN_API,HOSE_SYMBOL_LEVEL,VND,2026-08-25T03:49:45Z,ff_hsx_symbol_daily_v1,ecb0154432e07e38ce37316b628318f63af78c909350d26c12fe8016d05c3f0f
2018-02-12,NVL,HOSE,71029000.0,38764518000.0,-38693489000.0,890.0,489930.0,-489040.0,0.0,0.0,0.0,0.0,79700.0,80000.0,78500.0,79000.0,79470.0,HSX_FOREIGN_API,HOSE_SYMBOL_LEVEL,VND,2026-08-25T03:49:45Z,ff_hsx_symbol_daily_v1,8e6d9e5ce4fc7a02b7916855487ce8758b50c15354b95819335fb415d981ba37
2018-02-13,NVL,HOSE,62146000.0,5139356000.0,-5077210000.0,790.0,64680.0,-63890.0,0.0,0.0,0.0,0.0,78500.0,80000.0,78500.0,80000.0,79160.0,HSX_FOREIGN_API,HOSE_SYMBOL_LEVEL,VND,2026-08-25T03:49:45Z,ff_hsx_symbol_daily_v1,0fc5c763fc924ecf7f02714fa5228455fe2b3963dc8ce5231aa4cbe3df03c920
2018-02-21,NVL,HOSE,1594809000.0,2795785000.0,-1200976000.0,19860.0,34780.0,-14920.0,0.0,0.0,0.0,0.0,80100.0,80600.0,80000.0,80400.0,80210.0,HSX_FOREIGN_API,HOSE_SYMBOL_LEVEL,VND,2026-08-25T03:49:45Z,ff_hsx_symbol_daily_v1,2ee88133084ebd01f9552d584392cce94b0d322cbc8f1cf7b0f1eb80b8817c96
2018-02-22,NVL,HOSE,8473398000.0,104650000.0,8368748000.0,105020.0,1300.0,103720.0,0.0,0.0,0.0,0.0,80000.0,81100.0,80000.0,80700.0,80550.0,HSX_FOREIGN_API,HOSE_SYMBOL_LEVEL,VND,2026-08-25T03:49:45Z,ff_hsx_symbol_daily_v1,90fb6f7bae2dea8e987f718d0bb52f2cf8d5df34997effb17b52171b0b14c49f
2018-02-23,NVL,HOSE,1916435000.0,121800000.0,1794635000.0,23630.0,1500.0,22130.0,0.0,0.0,0.0,0.0,80300.0,82000.0,80300.0,82000.0,80920.0,HSX_FOREIGN_API,HOSE_SYMBOL_LEVEL,VND,2026-08-25T03:49:45Z,ff_hsx_symbol_daily_v1,c544bd8ae476741ecc44fc05b2a470e0f4610d437d11694786d8069c5a671410
2018-02-26,NVL,HOSE,620147000.0,1689018000.0,-1068871000.0,7550.0,20390.0,-12840.0,0.0,0.0,0.0,0.0,81900.0,83100.0,81900.0,82700.0,82540.0,HSX_FOREIGN_API,HOSE_SYMBOL_LEVEL,VND,2026-08-25T03:49:45Z,ff_hsx_symbol_daily_v1,9ac0ea4939f3a805bfd18398ae430c93b57c5029a39511014f86ae7bcf98ebfd
2018-02-27,NVL,HOSE,5520725000.0,0.0,5520725000.0,65790.0,0.0,65790.0,0.0,0.0,0.0,0.0,82500.0,84400.0,82500.0,84200.0,83600.0,HSX_FOREIGN_API,HOSE_SYMBOL_LEVEL,VND,2026-08-25T03:49:45Z,ff_hsx_symbol_daily_v1,92f2273399d8a9fbf1236eab33db88bb922d9e6cbe576ceec8c0f20215d74d9e
2018-02-28,NVL,HOSE,433465000.0,7831612000.0,-7398147000.0,5040.0,91210.0,-86170.0,0.0,0.0,0.0,0.0,84000.0,86800.0,84000.0,85800.0,85580.0,HSX_FOREIGN_API,HOSE_SYMBOL_LEVEL,VND,2026-08-25T03:49:45Z,ff_hsx_symbol_daily_v1,3e71b7c7e936a0a8760a1812a4d535901d50175880e9038ded3731ff862650b7
2018-03-01,NVL,HOSE,2624027000.0,114790000.0,2509237000.0,30280.0,1300.0,28980.0,0.0,0.0,0.0,0.0,85200.0,88300.0,85200.0,88300.0,86380.0,HSX_FOREIGN_API,HOSE_SYMBOL_LEVEL,VND,2026-08-25T03:49:45Z,ff_hsx_symbol_daily_v1,d9184a79e393129a64d1b3050086858c1df37adb646cd1b3562ceb02b11f36e1
2018-03-02,NVL,HOSE,211050000.0,1407086000.0,-1196036000.0,2440.0,16080.0,-13640.0,0.0,0.0,0.0,0.0,88300.0,88300.0,85800.0,85800.0,87280.0,HSX_FOREIGN_API,HOSE_SYMBOL_LEVEL,VND,2026-08-25T03:49:45Z,ff_hsx_symbol_daily_v1,5ebb89ff733788ad96bfa6b457aec1d50d030be1ac1a71e17ef1041dca02e5c1
2018-03-05,NVL,HOSE,1454928000.0,13038699000.0,-11583771000.0,17550.0,157630.0,-140080.0,0.0,0.0,0.0,0.0,85500.0,85800.0,81000.0,81000.0,83350.0,HSX_FOREIGN_API,HOSE_SYMBOL_LEVEL,VND,2026-08-25T03:49:45Z,ff_hsx_symbol_daily_v1,14955bbba8b963c0dadb96ce2dcac1afbe2ace99220be1c4126a9f89dbda7d23
2018-03-06,NVL,HOSE,202751000.0,7382469000.0,-7179718000.0,2550.0,92840.0,-90290.0,0.0,0.0,0.0,0.0,79500.0,81000.0,79100.0,79100.0,79740.0,HSX_FOREIGN_API,HOSE_SYMBOL_LEVEL,VND,2026-08-25T03:49:45Z,ff_hsx_symbol_daily_v1,e3f716a0241bc1003cde7a3d545dd0f022858366f37e4190bba295d8007821e2
2018-03-07,NVL,HOSE,388095000.0,110280000.0,277815000.0,4920.0,1400.0,3520.0,0.0,0.0,0.0,0.0,78700.0,79500.0,78400.0,79200.0,78710.0,HSX_FOREIGN_API,HOSE_SYMBOL_LEVEL,VND,2026-08-25T03:49:45Z,ff_hsx_symbol_daily_v1,4450e6265a8c1c05f1d800b5ea9fcdf2c3f85cb65e967fcd35181375a39b5cc8
2018-03-08,NVL,HOSE,392418000.0,7960000.0,384458000.0,4820.0,100.0,4720.0,0.0,0.0,0.0,0.0,78900.0,81600.0,78900.0,80400.0,80210.0,HSX_FOREIGN_API,HOSE_SYMBOL_LEVEL,VND,2026-08-25T03:49:45Z,ff_hsx_symbol_daily_v1,68751da031b156f586a4cb914ec1b5c5e0178cf3294b49be1c3d0f18ba677933
2018-03-09,NVL,HOSE,1137918000.0,1606319000.0,-468401000.0,14050.0,19880.0,-5830.0,0.0,0.0,0.0,0.0,79900.0,81200.0,79900.0,80600.0,80890.0,HSX_FOREIGN_API,HOSE_SYMBOL_LEVEL,VND,2026-08-25T03:49:45Z,ff_hsx_symbol_daily_v1,bea386eb47a379fc0a239eca2748d2820cd985a3c9e0b6eb91ff130d0e97e337
2018-03-12,NVL,HOSE,4190367000.0,120600000.0,4069767000.0,52100.0,1500.0,50600.0,0.0,0.0,0.0,0.0,80000.0,80800.0,79700.0,79700.0,80460.0,HSX_FOREIGN_API,HOSE_SYMBOL_LEVEL,VND,2026-08-25T03:49:45Z,ff_hsx_symbol_daily_v1,5f9cab2e22b0b125b225b2fdcc591bf2e7f7340abb9ba9c1eead92ed81bc22f5
2018-03-13,NVL,HOSE,631394000.0,1172015000.0,-540621000.0,7960.0,14830.0,-6870.0,0.0,0.0,0.0,0.0,79000.0,79700.0,78800.0,78800.0,79310.0,HSX_FOREIGN_API,HOSE_SYMBOL_LEVEL,VND,2026-08-25T03:49:45Z,ff_hsx_symbol_daily_v1,632e44b6e861740303b0f9013e0da7e96ed6d97a96fcf8c14bf4821c33a54106
2018-03-14,NVL,HOSE,670000000.0,0.0,670000000.0,8500.0,0.0,8500.0,0.0,0.0,0.0,0.0,78600.0,79000.0,78600.0,78900.0,78810.0,HSX_FOREIGN_API,HOSE_SYMBOL_LEVEL,VND,2026-08-25T03:49:45Z,ff_hsx_symbol_daily_v1,7c1670b9e888f81ec603da9ede1ae726c9f18ab719938a5a8a0d1b4d176ca307
2018-03-15,NVL,HOSE,4812510000.0,1676050000.0,3136460000.0,61050.0,21280.0,39770.0,0.0,0.0,0.0,0.0,78600.0,79100.0,78600.0,78900.0,78840.0,HSX_FOREIGN_API,HOSE_SYMBOL_LEVEL,VND,2026-08-25T03:49:45Z,ff_hsx_symbol_daily_v1,c71ca94f3cccd38d5be4e0569ff89533aa60f8448302e0ac08f8d42a14141ece
2018-03-16,NVL,HOSE,3893501000.0,207679002000.0,-203785501000.0,49350.0,2632180.0,-2582830.0,0.0,76716048000.0,0.0,972320.0,78700.0,79200.0,78700.0,78900.0,78860.0,HSX_FOREIGN_API,HOSE_SYMBOL_LEVEL,VND,2026-08-25T03:49:45Z,ff_hsx_symbol_daily_v1,867a3e6f819b09fcf28417a6ddf57b3c5365b3bb4e5690a5fa49dc97840a4d38
2018-03-19,NVL,HOSE,104650000.0,2460000.0,102190000.0,1300.0,30.0,1270.0,0.0,0.0,0.0,0.0,79000.0,84300.0,78900.0,84300.0,80720.0,HSX_FOREIGN_API,HOSE_SYMBOL_LEVEL,VND,2026-08-25T03:49:45Z,ff_hsx_symbol_daily_v1,a6ed464ca1700fc421755b4618d2628ed550d60220dd5edf482f67c17c01b3e2
2018-03-20,NVL,HOSE,95596000.0,604459000.0,-508863000.0,1140.0,7000.0,-5860.0,0.0,0.0,0.0,0.0,84200.0,89000.0,83000.0,83000.0,85410.0,HSX_FOREIGN_API,HOSE_SYMBOL_LEVEL,VND,2026-08-25T03:49:45Z,ff_hsx_symbol_daily_v1,7635a779ac2ef4ca93540542ee9fc5ddec57ac09418885939b5a089e3ea5033d
2018-03-21,NVL,HOSE,3592750000.0,2989202000.0,603548000.0,43560.0,36210.0,7350.0,0.0,0.0,0.0,0.0,82000.0,83500.0,81500.0,81500.0,82520.0,HSX_FOREIGN_API,HOSE_SYMBOL_LEVEL,VND,2026-08-25T03:49:45Z,ff_hsx_symbol_daily_v1,adf0d8837d53da5a184fa394720127c65756a0bc4efd5c0be76c75c72933484f
2018-03-22,NVL,HOSE,24824370000.0,431925000.0,24392445000.0,302240.0,5250.0,296990.0,0.0,0.0,0.0,0.0,81500.0,83100.0,81400.0,82600.0,81920.0,HSX_FOREIGN_API,HOSE_SYMBOL_LEVEL,VND,2026-08-25T03:49:45Z,ff_hsx_symbol_daily_v1,07c678210d3d3b210576900cefbe879ca2ff0faddf81ce2de3be21e3b928ec8e
2018-03-23,NVL,HOSE,1908962000.0,38455635000.0,-36546673000.0,23820.0,482730.0,-458910.0,0.0,0.0,0.0,0.0,82000.0,82000.0,79300.0,79500.0,80350.0,HSX_FOREIGN_API,HOSE_SYMBOL_LEVEL,VND,2026-08-25T03:49:45Z,ff_hsx_symbol_daily_v1,49f67137b81f46ad79538567d25bb8b2a8ea60301198f508e0e9fce826380061
2018-03-26,NVL,HOSE,269010000.0,69825000.0,199185000.0,3380.0,870.0,2510.0,0.0,0.0,0.0,0.0,79500.0,81000.0,79300.0,79600.0,79670.0,HSX_FOREIGN_API,HOSE_SYMBOL_LEVEL,VND,2026-08-25T03:49:45Z,ff_hsx_symbol_daily_v1,2bdbe95dfac2c4ad06d915f460bb61d7f07c90b18fa7a39b0952667a15171ab9
2018-03-27,NVL,HOSE,1039224000.0,0.0,1039224000.0,16100.0,0.0,16100.0,0.0,0.0,0.0,0.0,62000.0,65000.0,61100.0,65000.0,63320.0,HSX_FOREIGN_API,HOSE_SYMBOL_LEVEL,VND,2026-08-25T03:49:45Z,ff_hsx_symbol_daily_v1,183cbb1e2b6ca18578c06fbbbb4a9e185ea7b8004e56c11bddb866fe547ff97c
2018-03-28,NVL,HOSE,8521924000.0,75885935000.0,-67364011000.0,122780.0,1091930.0,-969150.0,0.0,0.0,0.0,0.0,66000.0,69500.0,65800.0,66100.0,68760.0,HSX_FOREIGN_API,HOSE_SYMBOL_LEVEL,VND,2026-08-25T03:49:45Z,ff_hsx_symbol_daily_v1,3badccc739775f7a224c7e6b543756b91d337d7e0e73a7785920687d024782ee
2018-03-29,NVL,HOSE,3126186000.0,0.0,3126186000.0,47060.0,0.0,47060.0,0.0,0.0,0.0,0.0,65900.0,66800.0,65900.0,66300.0,66450.0,HSX_FOREIGN_API,HOSE_SYMBOL_LEVEL,VND,2026-08-25T03:49:45Z,ff_hsx_symbol_daily_v1,0c3ead999a180aae3ba28a0a5d07563e92d7009e0c29baadd6dcfa9a5748ca4f
2018-03-30,NVL,HOSE,3491781000.0,348062000.0,3143719000.0,51320.0,5100.0,46220.0,0.0,0.0,0.0,0.0,66800.0,69200.0,66800.0,69200.0,68230.0,HSX_FOREIGN_API,HOSE_SYMBOL_LEVEL,VND,2026-08-25T03:49:45Z,ff_hsx_symbol_daily_v1,32fc47ce2d875b9849b1cf63cec937466aa8ffb52b063aacc7b21a71cb36ad13
2018-04-02,NVL,HOSE,1165623000.0,3836246000.0,-2670623000.0,16330.0,53910.0,-37580.0,0.0,0.0,0.0,0.0,70100.0,72300.0,69200.0,72000.0,71230.0,HSX_FOREIGN_API,HOSE_SYMBOL_LEVEL,VND,2026-08-25T03:49:45Z,ff_hsx_symbol_daily_v1,7c5486a5971eda48e34093042f7b16476cdc7b8a0bb9c88c4f508334716f415d
2018-04-03,NVL,HOSE,47670040000.0,2191840000.0,45478200000.0,638280.0,30050.0,608230.0,0.0,0.0,0.0,0.0,71700.0,76900.0,71500.0,76800.0,73690.0,HSX_FOREIGN_API,HOSE_SYMBOL_LEVEL,VND,2026-08-25T03:49:45Z,ff_hsx_symbol_daily_v1,8421046c01e4973c3838a3960b37514b17eace99ede56da3d05d2648ce4762a0
2018-04-04,NVL,HOSE,39356590000.0,8054207000.0,31302383000.0,546200.0,105270.0,440930.0,35800000000.0,0.0,500000.0,0.0,76800.0,78000.0,75100.0,77000.0,76750.0,HSX_FOREIGN_API,HOSE_SYMBOL_LEVEL,VND,2026-08-25T03:49:45Z,ff_hsx_symbol_daily_v1,9637437c15dc8a719ef13269b0f12dda9d2577b3c979aa3f49c5fec5002232c3
2018-04-05,NVL,HOSE,109207052000.0,387646000.0,108819406000.0,1521520.0,5100.0,1516420.0,107550000000.0,0.0,1500000.0,0.0,76200.0,78800.0,75100.0,78000.0,76260.0,HSX_FOREIGN_API,HOSE_SYMBOL_LEVEL,VND,2026-08-25T03:49:45Z,ff_hsx_symbol_daily_v1,7d4c8c0b6cc248640d9015ee3cef9d406f354a6c34754d263cb29eb9431e86b2
2018-04-06,NVL,HOSE,977389000.0,62709810000.0,-61732421000.0,12860.0,823030.0,-810170.0,0.0,0.0,0.0,0.0,77000.0,78000.0,75400.0,76500.0,76490.0,HSX_FOREIGN_API,HOSE_SYMBOL_LEVEL,VND,2026-08-25T03:49:45Z,ff_hsx_symbol_daily_v1,07a4a7a1368b3b4c055bc6911fec37722cd215a5ef404b40b78f15df763ee444
2018-04-09,NVL,HOSE,6743235000.0,28594142000.0,-21850907000.0,90430.0,381490.0,-291060.0,0.0,0.0,0.0,0.0,75800.0,76500.0,73100.0,73100.0,74630.0,HSX_FOREIGN_API,HOSE_SYMBOL_LEVEL,VND,2026-08-25T03:49:45Z,ff_hsx_symbol_daily_v1,d5c8f41f361fb7178ec5745e03e8b7aaedba9baa91c1a21d8a14bd9d1e9651ba
2018-04-10,NVL,HOSE,4917820000.0,26333937000.0,-21416117000.0,68160.0,363910.0,-295750.0,0.0,0.0,0.0,0.0,72000.0,73200.0,69900.0,72500.0,71920.0,HSX_FOREIGN_API,HOSE_SYMBOL_LEVEL,VND,2026-08-25T03:49:45Z,ff_hsx_symbol_daily_v1,3bfd55a65ec410cf2d4d200e90b693df37fc4bccc14d45b4116f39d6b3d93184
2018-04-11,NVL,HOSE,5390846000.0,50104709000.0,-44713863000.0,75080.0,698200.0,-623120.0,0.0,0.0,0.0,0.0,72300.0,72500.0,71300.0,72500.0,71800.0,HSX_FOREIGN_API,HOSE_SYMBOL_LEVEL,VND,2026-08-25T03:49:45Z,ff_hsx_symbol_daily_v1,b6030052ee13e46f84ee7cf3107442e63676320f8d7f69f2c532da75552b40c6
2018-04-12,NVL,HOSE,5189436000.0,27083520000.0,-21894084000.0,71450.0,376160.0,-304710.0,0.0,0.0,0.0,0.0,71800.0,74200.0,71700.0,73800.0,72350.0,HSX_FOREIGN_API,HOSE_SYMBOL_LEVEL,VND,2026-08-25T03:49:45Z,ff_hsx_symbol_daily_v1,fc82baa79ca34e469cc71e4b06e6845db337929ae42fad41190a766f94117c77
2018-04-13,NVL,HOSE,437003000.0,1564855000.0,-1127852000.0,5860.0,21100.0,-15240.0,0.0,0.0,0.0,0.0,73300.0,74900.0,73300.0,74500.0,74220.0,HSX_FOREIGN_API,HOSE_SYMBOL_LEVEL,VND,2026-08-25T03:49:45Z,ff_hsx_symbol_daily_v1,d15458bab84744413fee0b37359f83f5e5a89ab9a99ea7f41e6ac9bdeaf31e84
2018-04-16,NVL,HOSE,583888000.0,0.0,583888000.0,7980.0,0.0,7980.0,0.0,0.0,0.0,0.0,73000.0,74500.0,72600.0,72900.0,73250.0,HSX_FOREIGN_API,HOSE_SYMBOL_LEVEL,VND,2026-08-25T03:49:45Z,ff_hsx_symbol_daily_v1,3b12785375f833697ff6862896f949846cd9effd2e0b079fac6f1201bc458533
2018-04-17,NVL,HOSE,708204000.0,479871000.0,228333000.0,9970.0,6770.0,3200.0,0.0,0.0,0.0,0.0,70500.0,73000.0,69900.0,70900.0,70990.0,HSX_FOREIGN_API,HOSE_SYMBOL_LEVEL,VND,2026-08-25T03:49:45Z,ff_hsx_symbol_daily_v1,0f3e52c98c624a838afb261ce1c8bf4ee530d541cd59a62f219278b0ee154367
2018-04-18,NVL,HOSE,526354000.0,14271275000.0,-13744921000.0,7450.0,203230.0,-195780.0,0.0,0.0,0.0,0.0,70900.0,70900.0,69800.0,69800.0,70400.0,HSX_FOREIGN_API,HOSE_SYMBOL_LEVEL,VND,2026-08-25T03:49:45Z,ff_hsx_symbol_daily_v1,558441fdeaf35b50787cf4f901cf914e961742e91de5a96fea30880c81d26d26
2018-04-19,NVL,HOSE,123273000.0,31857055000.0,-31733782000.0,1780.0,456760.0,-454980.0,0.0,0.0,0.0,0.0,69800.0,70100.0,67800.0,69800.0,69800.0,HSX_FOREIGN_API,HOSE_SYMBOL_LEVEL,VND,2026-08-25T03:49:45Z,ff_hsx_symbol_daily_v1,25534d3d69d16afc0febfaa78e1e6e8d409a3fce073b15a78574736d0e0e0384
2018-04-20,NVL,HOSE,3417404750000.0,26059671000.0,3391345079000.0,52570250.0,371980.0,52198270.0,3412500000000.0,0.0,52500000.0,0.0,69300.0,71900.0,69300.0,69800.0,70400.0,HSX_FOREIGN_API,HOSE_SYMBOL_LEVEL,VND,2026-08-25T03:49:45Z,ff_hsx_symbol_daily_v1,bdad04b789893065b2e2a2f910d35f68f27483c1c38a0ba7be8ef8154b69f373
2018-04-23,NVL,HOSE,1134995000.0,10503911000.0,-9368916000.0,16190.0,150460.0,-134270.0,0.0,0.0,0.0,0.0,69800.0,70500.0,69500.0,69800.0,69990.0,HSX_FOREIGN_API,HOSE_SYMBOL_LEVEL,VND,2026-08-25T03:49:45Z,ff_hsx_symbol_daily_v1,bce6bb8df3f7e277ca14decc7cfa3b7f132a52eb4c1506ba3724d6ff102ed29c
2018-04-24,NVL,HOSE,662008000.0,15948189000.0,-15286181000.0,9490.0,228870.0,-219380.0,0.0,0.0,0.0,0.0,69600.0,71000.0,69400.0,71000.0,69810.0,HSX_FOREIGN_API,HOSE_SYMBOL_LEVEL,VND,2026-08-25T03:49:45Z,ff_hsx_symbol_daily_v1,ddbd48ed7343734412b9231c0d0fde3e8b2289138c9bd5189cda315b771c8a50
2018-04-26,NVL,HOSE,108946206000.0,208895577000.0,-99949371000.0,1569915.0,3037065.0,-1467150.0,74593665000.0,99990115000.0,1050615.0,1420615.0,71000.0,71100.0,66100.0,66100.0,67400.0,HSX_FOREIGN_API,HOSE_SYMBOL_LEVEL,VND,2026-08-25T03:49:45Z,ff_hsx_symbol_daily_v1,403b21a765e1b7b3c8c37bac2434eb2dfbde700ffa538e4b5d85da73a26645e8
2018-04-27,NVL,HOSE,13399617000.0,39434815000.0,-26035198000.0,217720.0,638810.0,-421090.0,0.0,0.0,0.0,0.0,62000.0,64700.0,61500.0,61500.0,61830.0,HSX_FOREIGN_API,HOSE_SYMBOL_LEVEL,VND,2026-08-25T03:49:45Z,ff_hsx_symbol_daily_v1,4126932da0a06898fcfdc6968b3ce7c4dd9d770c52b10affa5b8723ad0f094ba
2018-05-02,NVL,HOSE,124220081000.0,114275792000.0,9944289000.0,2148050.0,1976870.0,171180.0,0.0,0.0,0.0,0.0,57600.0,61500.0,57600.0,58200.0,57900.0,HSX_FOREIGN_API,HOSE_SYMBOL_LEVEL,VND,2026-08-25T03:49:45Z,ff_hsx_symbol_daily_v1,377675b9daca2dcd21dd44a13aee06791d2d7c827ddafa56f49e98b02db6ea07
2018-05-03,NVL,HOSE,31964485000.0,57698648000.0,-25734163000.0,586310.0,1017710.0,-431400.0,29044565000.0,46404565000.0,532500.0,812500.0,57800.0,58200.0,54200.0,54200.0,56130.0,HSX_FOREIGN_API,HOSE_SYMBOL_LEVEL,VND,2026-08-25T03:49:45Z,ff_hsx_symbol_daily_v1,1c4dfcc835b4bea1549530c307463e675e00eb6efc33fab07487e4bf89969a0b
2018-05-04,NVL,HOSE,48499747000.0,48857039000.0,-357292000.0,934950.0,937310.0,-2360.0,35722500000.0,26032500000.0,690000.0,500000.0,52500.0,55000.0,50500.0,52000.0,52560.0,HSX_FOREIGN_API,HOSE_SYMBOL_LEVEL,VND,2026-08-25T03:49:45Z,ff_hsx_symbol_daily_v1,5103a5a48d66a1314d0295567678f1348e3978da13855d31e135617884a7c4e3
2018-05-07,NVL,HOSE,17916691000.0,8434014000.0,9482677000.0,342880.0,161350.0,181530.0,4590000000.0,0.0,90000.0,0.0,52000.0,54100.0,51800.0,53900.0,52660.0,HSX_FOREIGN_API,HOSE_SYMBOL_LEVEL,VND,2026-08-25T03:49:45Z,ff_hsx_symbol_daily_v1,48558ae6c0ff964d777658e19251edfcbfcebdf0e5657375003a48322e8c9f0f
2018-05-08,NVL,HOSE,23843726000.0,23216839920.0,626886080.0,427920.0,410722.0,17198.0,5511000000.0,15269722920.0,100000.0,270572.0,53500.0,56800.0,53500.0,56700.0,55110.0,HSX_FOREIGN_API,HOSE_SYMBOL_LEVEL,VND,2026-08-25T03:49:45Z,ff_hsx_symbol_daily_v1,350af99f4a3f62fe363fc187810a5dc2146106bfa107d9c5cd1c73a1dc276bd0
2018-05-09,NVL,HOSE,9372090000.0,15469346000.0,-6097256000.0,167160.0,262060.0,-94900.0,0.0,9680000000.0,0.0,160000.0,56200.0,57100.0,54000.0,56600.0,55790.0,HSX_FOREIGN_API,HOSE_SYMBOL_LEVEL,VND,2026-08-25T03:49:45Z,ff_hsx_symbol_daily_v1,860f42e07ad8a690849d813d3f4d3095b6dc552b8826bc45782104268bf8b16a
2018-05-10,NVL,HOSE,21610546000.0,327823000.0,21282723000.0,398240.0,5830.0,392410.0,10070000000.0,0.0,190000.0,0.0,56300.0,56700.0,54700.0,56000.0,56040.0,HSX_FOREIGN_API,HOSE_SYMBOL_LEVEL,VND,2026-08-25T03:49:45Z,ff_hsx_symbol_daily_v1,e1fbafba0fa9dc0bf2204927a3b7ad66878c7fb61157339c9fc3b95a72edc7d3
2018-05-11,NVL,HOSE,9868890000.0,12704801000.0,-2835911000.0,179960.0,231350.0,-51390.0,0.0,0.0,0.0,0.0,55600.0,56000.0,53500.0,55500.0,54940.0,HSX_FOREIGN_API,HOSE_SYMBOL_LEVEL,VND,2026-08-25T03:49:45Z,ff_hsx_symbol_daily_v1,2cb9bdf0b4324291e5b8657563dd87880ed283d9d132866c3447ea220859acaf
2018-05-14,NVL,HOSE,10967668000.0,14583356000.0,-3615688000.0,207740.0,268940.0,-61200.0,6240000000.0,0.0,120000.0,0.0,55500.0,55900.0,53300.0,54000.0,54290.0,HSX_FOREIGN_API,HOSE_SYMBOL_LEVEL,VND,2026-08-25T03:49:45Z,ff_hsx_symbol_daily_v1,4c9b3a77fb3bc6bc8adce0007bdea54dcdac3c1a75eec3b531ac1ef223056e5d
2018-05-15,NVL,HOSE,12215784000.0,31335729000.0,-19119945000.0,229550.0,573480.0,-343930.0,0.0,10925000000.0,0.0,190000.0,53900.0,54200.0,52800.0,53500.0,53330.0,HSX_FOREIGN_API,HOSE_SYMBOL_LEVEL,VND,2026-08-25T03:49:45Z,ff_hsx_symbol_daily_v1,f46b9aa32065f03f39884cd022da7dda3362a3b8adae60e849d200e0dc9235c9
2018-05-16,NVL,HOSE,27133630000.0,39676662000.0,-12543032000.0,521180.0,745230.0,-224050.0,0.0,10830000000.0,0.0,190000.0,53500.0,53500.0,50500.0,52600.0,52450.0,HSX_FOREIGN_API,HOSE_SYMBOL_LEVEL,VND,2026-08-25T03:49:45Z,ff_hsx_symbol_daily_v1,2c7612f79c516aaa1fa774d13c47e0f8656a72adeaad96a189d85146eaffcb6d
2018-05-17,NVL,HOSE,31664491000.0,30721258000.0,943233000.0,623380.0,599030.0,24350.0,9652500000.0,0.0,195000.0,0.0,52700.0,53000.0,50600.0,52600.0,51470.0,HSX_FOREIGN_API,HOSE_SYMBOL_LEVEL,VND,2026-08-25T03:49:45Z,ff_hsx_symbol_daily_v1,3bbc261713dd46b338c05bb0c9074b7fdbe0d6502eabf1f2605c43871c737b57
2018-05-18,NVL,HOSE,5617980000.0,9927926000.0,-4309946000.0,107530.0,190000.0,-82470.0,0.0,0.0,0.0,0.0,52600.0,53000.0,51800.0,53000.0,52320.0,HSX_FOREIGN_API,HOSE_SYMBOL_LEVEL,VND,2026-08-25T03:49:45Z,ff_hsx_symbol_daily_v1,41547af4f748362d1e3924e3fcf8af188da71025cc9d8eaf8aea5715f8984e6d
2018-05-21,NVL,HOSE,10039094000.0,19341227000.0,-9302133000.0,202560.0,372000.0,-169440.0,9801000000.0,0.0,198000.0,0.0,53000.0,53100.0,51000.0,52000.0,52460.0,HSX_FOREIGN_API,HOSE_SYMBOL_LEVEL,VND,2026-08-25T03:49:45Z,ff_hsx_symbol_daily_v1,7a06406e786956a3bbdc695afdeff38182d8abb3f887a9b45935480b1fd22942
2018-05-22,NVL,HOSE,8418216000.0,55943219620.0,-47525003620.0,170280.0,1109050.0,-938770.0,4219500000.0,2345149620.0,87000.0,45870.0,51900.0,51900.0,49700.0,50400.0,50650.0,HSX_FOREIGN_API,HOSE_SYMBOL_LEVEL,VND,2026-08-25T03:49:45Z,ff_hsx_symbol_daily_v1,b59ef5f348838e229185edc18f1957b0ffbc3d1e7234dba75891761ef0f1ee81
2018-05-23,NVL,HOSE,2671364500.0,47300849000.0,-44629484500.0,53730.0,941870.0,-888140.0,0.0,6420000000.0,0.0,120000.0,50400.0,50400.0,49300.0,50200.0,49810.0,HSX_FOREIGN_API,HOSE_SYMBOL_LEVEL,VND,2026-08-25T03:49:45Z,ff_hsx_symbol_daily_v1,a37ce169fc0a80685c8332878a209a38912e7d52b2e6bdc23905f235994798a3
2018-05-24,NVL,HOSE,49185814500.0,54220163000.0,-5034348500.0,973400.0,1072340.0,-98940.0,0.0,0.0,0.0,0.0,50200.0,52000.0,49800.0,50600.0,50430.0,HSX_FOREIGN_API,HOSE_SYMBOL_LEVEL,VND,2026-08-25T03:49:45Z,ff_hsx_symbol_daily_v1,7ac2fd5f322c0fe5c32227536b16a4d751dd5abe0d0cb2fd87678dce2a0e6dc9
2018-05-25,NVL,HOSE,35574011000.0,30653702000.0,4920309000.0,691670.0,596760.0,94910.0,0.0,0.0,0.0,0.0,50600.0,52500.0,49800.0,52000.0,51100.0,HSX_FOREIGN_API,HOSE_SYMBOL_LEVEL,VND,2026-08-25T03:49:45Z,ff_hsx_symbol_daily_v1,51643ff5073677f9993d902fe754b9174457a66f013cf502e579c10cc30d2869
2018-05-28,NVL,HOSE,46924782000.0,49022024000.0,-2097242000.0,902260.0,929620.0,-27360.0,0.0,10624500000.0,0.0,195000.0,51800.0,52800.0,51000.0,51000.0,52110.0,HSX_FOREIGN_API,HOSE_SYMBOL_LEVEL,VND,2026-08-25T03:49:45Z,ff_hsx_symbol_daily_v1,2b97080c899841e5a528b3b660b7d18e32749a8f646d089d19b1cab94e32219c
2018-05-29,NVL,HOSE,48717182000.0,44879453000.0,3837729000.0,919680.0,841820.0,77860.0,0.0,4732800000.0,0.0,87000.0,50500.0,54500.0,50500.0,53100.0,52690.0,HSX_FOREIGN_API,HOSE_SYMBOL_LEVEL,VND,2026-08-25T03:49:45Z,ff_hsx_symbol_daily_v1,acd538c5460a80355038fa86e4b55b10b1e07b3c12c761290c8fa03b3d024654
2018-05-30,NVL,HOSE,1938675000.0,25540386000.0,-23601711000.0,37950.0,487790.0,-449840.0,0.0,5613300000.0,0.0,99000.0,53100.0,53100.0,50800.0,50800.0,51560.0,HSX_FOREIGN_API,HOSE_SYMBOL_LEVEL,VND,2026-08-25T03:49:45Z,ff_hsx_symbol_daily_v1,3eedae5685a83a24774030b66451296ef0835a4e217aff754398c76e55e52fc1
2018-05-31,NVL,HOSE,20726963000.0,35091799000.0,-14364836000.0,397370.0,674500.0,-277130.0,0.0,2646000000.0,0.0,49000.0,50800.0,53300.0,50700.0,51000.0,52170.0,HSX_FOREIGN_API,HOSE_SYMBOL_LEVEL,VND,2026-08-25T03:49:45Z,ff_hsx_symbol_daily_v1,74e6bf35ea5e55718a725b1d7c1aec1810dc02f7cc899fb0ca3e4fef8514a3b6
2018-06-01,NVL,HOSE,10494656000.0,9789282000.0,705374000.0,216660.0,189350.0,27310.0,9120000000.0,0.0,190000.0,0.0,51100.0,53000.0,51100.0,51600.0,51860.0,HSX_FOREIGN_API,HOSE_SYMBOL_LEVEL,VND,2026-08-25T03:49:45Z,ff_hsx_symbol_daily_v1,5f9d686231aa5aa52c580fb2ae226238d772793dbef70d6278e5b0ea9a141f8c
2018-06-04,NVL,HOSE,2659889000.0,15158096000.0,-12498207000.0,51190.0,288870.0,-237680.0,0.0,2750000000.0,0.0,50000.0,51600.0,52400.0,51600.0,52100.0,52010.0,HSX_FOREIGN_API,HOSE_SYMBOL_LEVEL,VND,2026-08-25T03:49:45Z,ff_hsx_symbol_daily_v1,acdffeb1f677708882bbc785e43c6d504d8a9270aed5a1dfbcf1a30f826abbfa
2018-06-05,NVL,HOSE,2613940000.0,11929030000.0,-9315090000.0,50330.0,229280.0,-178950.0,0.0,0.0,0.0,0.0,52100.0,53000.0,51700.0,52100.0,52020.0,HSX_FOREIGN_API,HOSE_SYMBOL_LEVEL,VND,2026-08-25T03:49:45Z,ff_hsx_symbol_daily_v1,1f25eaf6d6cd0003e0fdd326b17f0c29357ddd760a9d933fceeab626f56c8d25
2018-06-06,NVL,HOSE,867846000.0,7491518000.0,-6623672000.0,16690.0,143860.0,-127170.0,0.0,0.0,0.0,0.0,52100.0,52500.0,51800.0,52200.0,51990.0,HSX_FOREIGN_API,HOSE_SYMBOL_LEVEL,VND,2026-08-25T03:49:45Z,ff_hsx_symbol_daily_v1,c5d12b9367313fcdca90b4708383ed8883caa9c9e03d88a89aa99b101f64edae
2018-06-07,NVL,HOSE,2579842000.0,25044944000.0,-22465102000.0,47900.0,468140.0,-420240.0,0.0,0.0,0.0,0.0,52200.0,55000.0,52200.0,54500.0,53500.0,HSX_FOREIGN_API,HOSE_SYMBOL_LEVEL,VND,2026-08-25T03:49:45Z,ff_hsx_symbol_daily_v1,ff4dafe89e9010525cfd9654d4353f23bb27f9d6b736a153d6f390a0ef37007e
2018-06-08,NVL,HOSE,16753608000.0,24522397000.0,-7768789000.0,312140.0,456880.0,-144740.0,0.0,0.0,0.0,0.0,54500.0,54600.0,53300.0,54000.0,53760.0,HSX_FOREIGN_API,HOSE_SYMBOL_LEVEL,VND,2026-08-25T03:49:45Z,ff_hsx_symbol_daily_v1,ed5941d668331b4013b1a683137267a9b666f002dd678997c14ea8822e1222ca
2018-06-11,NVL,HOSE,6976708000.0,30525452000.0,-23548744000.0,129570.0,570190.0,-440620.0,0.0,0.0,0.0,0.0,54000.0,54300.0,52700.0,53500.0,53680.0,HSX_FOREIGN_API,HOSE_SYMBOL_LEVEL,VND,2026-08-25T03:49:45Z,ff_hsx_symbol_daily_v1,05a59002fcc822bd592f76289d0361e92e64c91ee279fb1a38eb43a65defb937
2018-06-12,NVL,HOSE,69799283000.0,32619740000.0,37179543000.0,1333970.0,619550.0,714420.0,7500000000.0,0.0,150000.0,0.0,52900.0,53600.0,51500.0,53600.0,52650.0,HSX_FOREIGN_API,HOSE_SYMBOL_LEVEL,VND,2026-08-25T03:49:45Z,ff_hsx_symbol_daily_v1,08f543cce6fefe71d17e931200c338c098bd05274a6b95a345b21d63e5367297
2018-06-13,NVL,HOSE,6684985000.0,17965022000.0,-11280037000.0,126860.0,342640.0,-215780.0,0.0,0.0,0.0,0.0,53600.0,53600.0,52000.0,53300.0,52610.0,HSX_FOREIGN_API,HOSE_SYMBOL_LEVEL,VND,2026-08-25T03:49:45Z,ff_hsx_symbol_daily_v1,925b0c87838f91617de84ea632a5b6b0bf270414659d6ad9705f00e28f0d796a
2018-06-14,NVL,HOSE,5400187000.0,36277442000.0,-30877255000.0,103280.0,695680.0,-592400.0,0.0,0.0,0.0,0.0,53100.0,53200.0,51000.0,52600.0,52230.0,HSX_FOREIGN_API,HOSE_SYMBOL_LEVEL,VND,2026-08-25T03:49:45Z,ff_hsx_symbol_daily_v1,7007e5f8b5fc8b0bdfa2ec13c3331c1f9574a619058d0b3c40b263e621729517
2018-06-15,NVL,HOSE,149234834000.0,110692423000.0,38542411000.0,2816590.0,2093540.0,723050.0,0.0,0.0,0.0,0.0,52500.0,53000.0,51900.0,53000.0,52730.0,HSX_FOREIGN_API,HOSE_SYMBOL_LEVEL,VND,2026-08-25T03:49:45Z,ff_hsx_symbol_daily_v1,fd6ce9bbf5e0f9079f22345a669a5ec87937d691177877fa22459a50941680fb
2018-06-18,NVL,HOSE,1409263000.0,8499498000.0,-7090235000.0,27170.0,164750.0,-137580.0,0.0,0.0,0.0,0.0,53000.0,53000.0,51200.0,51700.0,51610.0,HSX_FOREIGN_API,HOSE_SYMBOL_LEVEL,VND,2026-08-25T03:49:45Z,ff_hsx_symbol_daily_v1,0cd79a15906f47dd454a5c9b9d7c480bf465bb7f7bf2a8ae261a424f5881acdf
2018-06-19,NVL,HOSE,1795674000.0,9485674000.0,-7690000000.0,35490.0,188000.0,-152510.0,0.0,0.0,0.0,0.0,51500.0,51700.0,49900.0,50300.0,50670.0,HSX_FOREIGN_API,HOSE_SYMBOL_LEVEL,VND,2026-08-25T03:49:45Z,ff_hsx_symbol_daily_v1,4d6264b80dd9ff9a450db955de102dac19866ab9413975aebab31bd8c4831e99
2018-06-20,NVL,HOSE,5115966000.0,14696675500.0,-9580709500.0,101290.0,293610.0,-192320.0,0.0,0.0,0.0,0.0,50300.0,50900.0,49600.0,50400.0,50270.0,HSX_FOREIGN_API,HOSE_SYMBOL_LEVEL,VND,2026-08-25T03:49:45Z,ff_hsx_symbol_daily_v1,1216280aeb9521a9a1d6435aa9ba6968b2ddad40ac1599e27af38389236cc148
2018-06-21,NVL,HOSE,5753037000.0,12120604500.0,-6367567500.0,115060.0,242790.0,-127730.0,0.0,0.0,0.0,0.0,50000.0,50400.0,49700.0,50200.0,49950.0,HSX_FOREIGN_API,HOSE_SYMBOL_LEVEL,VND,2026-08-25T03:49:45Z,ff_hsx_symbol_daily_v1,21c314e0b21ac48bb2a11c6448c2c4f1873ffb52e1971808e0b91cbc56e00f44
2018-06-22,NVL,HOSE,114800000.0,3164471000.0,-3049671000.0,2300.0,63240.0,-60940.0,0.0,0.0,0.0,0.0,50000.0,50500.0,49800.0,50500.0,50040.0,HSX_FOREIGN_API,HOSE_SYMBOL_LEVEL,VND,2026-08-25T03:49:45Z,ff_hsx_symbol_daily_v1,4825dacc9012a1ec72b12131328231cc65ce3d2bfe14986b2a868dc67a09b46d
2018-06-25,NVL,HOSE,53540000.0,6820577000.0,-6767037000.0,1070.0,135020.0,-133950.0,0.0,0.0,0.0,0.0,50500.0,51000.0,50000.0,50700.0,50580.0,HSX_FOREIGN_API,HOSE_SYMBOL_LEVEL,VND,2026-08-25T03:49:45Z,ff_hsx_symbol_daily_v1,d791c79d3d57f7c6b59954a352fe52a3e6447c30b875a446effe7be29e80821d
2018-06-26,NVL,HOSE,3323727000.0,3552770000.0,-229043000.0,66070.0,70500.0,-4430.0,0.0,0.0,0.0,0.0,50600.0,50700.0,50100.0,50500.0,50400.0,HSX_FOREIGN_API,HOSE_SYMBOL_LEVEL,VND,2026-08-25T03:49:45Z,ff_hsx_symbol_daily_v1,b56a92e832f49e874c72642ab301394b8316f05a87771671471a140dbd45c83c
2018-06-27,NVL,HOSE,6441999000.0,4177570000.0,2264429000.0,127820.0,82840.0,44980.0,0.0,0.0,0.0,0.0,50500.0,50600.0,50300.0,50600.0,50420.0,HSX_FOREIGN_API,HOSE_SYMBOL_LEVEL,VND,2026-08-25T03:49:45Z,ff_hsx_symbol_daily_v1,175e9dff838ae6b45e887327d3b7c4b4898a9bf40fbf14ac207855583d8d982b
2018-06-28,NVL,HOSE,505000.0,2848850000.0,-2848345000.0,10.0,56370.0,-56360.0,0.0,0.0,0.0,0.0,50500.0,51100.0,50300.0,50700.0,50640.0,HSX_FOREIGN_API,HOSE_SYMBOL_LEVEL,VND,2026-08-25T03:49:45Z,ff_hsx_symbol_daily_v1,84968231604df1124dae5d0114da378aff1b1638b27d8b3eca7b25ea9736896d
2018-06-29,NVL,HOSE,969384000.0,5673580000.0,-4704196000.0,19120.0,111900.0,-92780.0,0.0,0.0,0.0,0.0,50700.0,51000.0,50500.0,51000.0,50720.0,HSX_FOREIGN_API,HOSE_SYMBOL_LEVEL,VND,2026-08-25T03:49:45Z,ff_hsx_symbol_daily_v1,d0233bca52b64e5d0376bd84b159d924500bc34dad3bbf567f400208a59b1d41
2018-07-02,NVL,HOSE,61730000.0,3636018000.0,-3574288000.0,1220.0,72030.0,-70810.0,0.0,0.0,0.0,0.0,51000.0,52000.0,50000.0,51100.0,50610.0,HSX_FOREIGN_API,HOSE_SYMBOL_LEVEL,VND,2026-08-25T03:49:45Z,ff_hsx_symbol_daily_v1,7671aabbe09a7b4fba0a5d560bdbc96251fe232c33e5d6abb5f34f9317d89cb5
2018-07-03,NVL,HOSE,2000000.0,14063779000.0,-14061779000.0,40.0,280660.0,-280620.0,0.0,0.0,0.0,0.0,50900.0,51100.0,50000.0,50000.0,50450.0,HSX_FOREIGN_API,HOSE_SYMBOL_LEVEL,VND,2026-08-25T03:49:45Z,ff_hsx_symbol_daily_v1,6e21dc6adb2937e94779dbb509595ce8da568a514b6148509866e0836b17483d
2018-07-04,NVL,HOSE,2038069000.0,16978048500.0,-14939979500.0,40690.0,339140.0,-298450.0,0.0,0.0,0.0,0.0,50000.0,50300.0,49850.0,50100.0,50070.0,HSX_FOREIGN_API,HOSE_SYMBOL_LEVEL,VND,2026-08-25T03:49:45Z,ff_hsx_symbol_daily_v1,0d107142d4f177077768090d610dfef0c560278430817474bb35afafda0857c7
2018-07-05,NVL,HOSE,1949759000.0,15060744000.0,-13110985000.0,39020.0,301440.0,-262420.0,0.0,0.0,0.0,0.0,50100.0,50200.0,49700.0,50000.0,49950.0,HSX_FOREIGN_API,HOSE_SYMBOL_LEVEL,VND,2026-08-25T03:49:45Z,ff_hsx_symbol_daily_v1,1278c43f832b974885554ef2043f6bbe57e4bc4dab8cacbad19f7f722fd58dd1
2018-07-06,NVL,HOSE,0.0,23338752000.0,-23338752000.0,0.0,461640.0,-461640.0,0.0,0.0,0.0,0.0,49850.0,52000.0,49750.0,52000.0,50490.0,HSX_FOREIGN_API,HOSE_SYMBOL_LEVEL,VND,2026-08-25T03:49:45Z,ff_hsx_symbol_daily_v1,f6417d9ebf28f2f396cd308f608fc4e5805cab41413179e4528cfd8b5067c609
2018-07-09,NVL,HOSE,439114000.0,15190928000.0,-14751814000.0,8620.0,299000.0,-290380.0,0.0,0.0,0.0,0.0,51700.0,52000.0,50100.0,51100.0,50770.0,HSX_FOREIGN_API,HOSE_SYMBOL_LEVEL,VND,2026-08-25T03:49:45Z,ff_hsx_symbol_daily_v1,2c8913032e63e058f605b6522115b4c170ce3df2593ccc9d6e9e650236399d66
2018-07-10,NVL,HOSE,3157845000.0,15946428000.0,-12788583000.0,62400.0,315530.0,-253130.0,0.0,0.0,0.0,0.0,51100.0,51100.0,50200.0,50500.0,50580.0,HSX_FOREIGN_API,HOSE_SYMBOL_LEVEL,VND,2026-08-25T03:49:45Z,ff_hsx_symbol_daily_v1,6e61d2d1f731bf70b09d5ecaf9dd13019a41c3dfb9336e5d8d3b01a65466277e
2018-07-11,NVL,HOSE,3781982000.0,3340965000.0,441017000.0,74850.0,66360.0,8490.0,0.0,0.0,0.0,0.0,50100.0,52000.0,49750.0,50600.0,50310.0,HSX_FOREIGN_API,HOSE_SYMBOL_LEVEL,VND,2026-08-25T03:49:45Z,ff_hsx_symbol_daily_v1,7bf81adbb938bd7f3284cb1233c700d49271887e9b45efbc3bb1b91bb40f1622
2018-07-12,NVL,HOSE,1515000.0,2342396000.0,-2340881000.0,30.0,46000.0,-45970.0,0.0,0.0,0.0,0.0,50600.0,52000.0,50200.0,50800.0,50960.0,HSX_FOREIGN_API,HOSE_SYMBOL_LEVEL,VND,2026-08-25T03:49:45Z,ff_hsx_symbol_daily_v1,c3b43c65234f3e7d0424ca150255766298795bb4d9787de5314053a1f9326a46
2018-07-13,NVL,HOSE,21795000.0,1151001000.0,-1129206000.0,430.0,22560.0,-22130.0,0.0,0.0,0.0,0.0,50800.0,51600.0,50400.0,51400.0,50940.0,HSX_FOREIGN_API,HOSE_SYMBOL_LEVEL,VND,2026-08-25T03:49:45Z,ff_hsx_symbol_daily_v1,9ed8598a768e6d52e152c4b240daf97251fae06425b5aa905a2ef975f1896dd3
2018-07-16,NVL,HOSE,414400000.0,4845312000.0,-4430912000.0,8000.0,94000.0,-86000.0,0.0,0.0,0.0,0.0,51300.0,52000.0,51200.0,51800.0,51590.0,HSX_FOREIGN_API,HOSE_SYMBOL_LEVEL,VND,2026-08-25T03:49:45Z,ff_hsx_symbol_daily_v1,efa45481ad35e8db389ac7d585159f5b096c70ffb59b7508c35a56441cd5b78c
2018-07-17,NVL,HOSE,4813931000.0,5125617000.0,-311686000.0,92730.0,98810.0,-6080.0,0.0,0.0,0.0,0.0,52500.0,52800.0,51500.0,52100.0,51940.0,HSX_FOREIGN_API,HOSE_SYMBOL_LEVEL,VND,2026-08-25T03:49:45Z,ff_hsx_symbol_daily_v1,a9deb325b393eee46100fc6247758a9e72610c5a5608d9e0eb3188656a38d5a9
2018-07-18,NVL,HOSE,2586517000.0,32158831000.0,-29572314000.0,48640.0,600420.0,-551780.0,0.0,0.0,0.0,0.0,52100.0,55000.0,52100.0,54800.0,53660.0,HSX_FOREIGN_API,HOSE_SYMBOL_LEVEL,VND,2026-08-25T03:49:45Z,ff_hsx_symbol_daily_v1,e5e502de614cc8728cae8c25d5ed2ffb44d9685b434dcd5060670b1c68f07d3e
2018-07-19,NVL,HOSE,1204464000.0,2118590000.0,-914126000.0,21840.0,38320.0,-16480.0,0.0,0.0,0.0,0.0,55100.0,55900.0,53500.0,55800.0,55000.0,HSX_FOREIGN_API,HOSE_SYMBOL_LEVEL,VND,2026-08-25T03:49:45Z,ff_hsx_symbol_daily_v1,5119b974dd2a043e3be68b782e887a7276ad8152439c0b4a0201081889ff856f
2018-07-20,NVL,HOSE,1558173000.0,956960000.0,601213000.0,28050.0,17200.0,10850.0,0.0,0.0,0.0,0.0,55800.0,56000.0,55400.0,55400.0,55590.0,HSX_FOREIGN_API,HOSE_SYMBOL_LEVEL,VND,2026-08-25T03:49:45Z,ff_hsx_symbol_daily_v1,5fdfbd99dc38a0584f5c0bf5d9d3503dc8a5ce25fff362ef312f3cbe58519829
2018-07-23,NVL,HOSE,2248780000.0,1784103000.0,464677000.0,39110.0,31420.0,7690.0,0.0,0.0,0.0,0.0,55200.0,57500.0,54800.0,57500.0,56370.0,HSX_FOREIGN_API,HOSE_SYMBOL_LEVEL,VND,2026-08-25T03:49:45Z,ff_hsx_symbol_daily_v1,57bc74d853ec34ca5bceae445e66e9e7c435f96094034bc845d9eb317b1270fa
2018-07-24,NVL,HOSE,1242692000.0,2109680000.0,-866988000.0,21850.0,37070.0,-15220.0,0.0,0.0,0.0,0.0,57200.0,57600.0,55000.0,57000.0,56900.0,HSX_FOREIGN_API,HOSE_SYMBOL_LEVEL,VND,2026-08-25T03:49:45Z,ff_hsx_symbol_daily_v1,8b6414e1ce684ecf99622ffd6b8f0dbdeb19a5f94d835f1820d38e27b41253dd
2018-07-25,NVL,HOSE,2530205000.0,1313948000.0,1216257000.0,43970.0,22920.0,21050.0,0.0,0.0,0.0,0.0,57000.0,57900.0,56800.0,57700.0,57390.0,HSX_FOREIGN_API,HOSE_SYMBOL_LEVEL,VND,2026-08-25T03:49:45Z,ff_hsx_symbol_daily_v1,6f00af17c0902e4c59a49553000e0ce386bc38351ae6d18a61a775c6d4371698
2018-07-26,NVL,HOSE,11494412000.0,1880040000.0,9614372000.0,196240.0,32100.0,164140.0,0.0,0.0,0.0,0.0,57600.0,60100.0,57100.0,60100.0,58410.0,HSX_FOREIGN_API,HOSE_SYMBOL_LEVEL,VND,2026-08-25T03:49:45Z,ff_hsx_symbol_daily_v1,1c82067307ecf7e81b6a7dbcb0912f400ebe8ccd132bbe205521536a5d4c5dd7
2018-07-27,NVL,HOSE,9962655000.0,7649412000.0,2313243000.0,166090.0,127270.0,38820.0,0.0,0.0,0.0,0.0,60100.0,61000.0,59400.0,61000.0,60010.0,HSX_FOREIGN_API,HOSE_SYMBOL_LEVEL,VND,2026-08-25T03:49:45Z,ff_hsx_symbol_daily_v1,72a5088a5967a3cf2f14cdfd932ce7c3b4ddab261ae103e6ce2ebbd3a5b3587f
2018-07-30,NVL,HOSE,1081000000.0,2315384000.0,-1234384000.0,18000.0,38440.0,-20440.0,0.0,0.0,0.0,0.0,61200.0,61200.0,59500.0,60600.0,60070.0,HSX_FOREIGN_API,HOSE_SYMBOL_LEVEL,VND,2026-08-25T03:49:45Z,ff_hsx_symbol_daily_v1,dcc0df8bf3d6e0194b9d1514c4d4927d437aa2472251bb21166ee356636ab2af
2018-07-31,NVL,HOSE,1043528000.0,26438827000.0,-25395299000.0,17280.0,432740.0,-415460.0,0.0,0.0,0.0,0.0,60400.0,63500.0,59700.0,62000.0,61070.0,HSX_FOREIGN_API,HOSE_SYMBOL_LEVEL,VND,2026-08-25T03:49:45Z,ff_hsx_symbol_daily_v1,aa4552064fa1dfde17041fb3c4b6116dc7aaea070c5b8902e9a334503ef33020
2018-08-01,NVL,HOSE,1313845000.0,32899955000.0,-31586110000.0,21610.0,535060.0,-513450.0,0.0,0.0,0.0,0.0,62000.0,62000.0,60000.0,62000.0,61330.0,HSX_FOREIGN_API,HOSE_SYMBOL_LEVEL,VND,2026-08-25T03:49:45Z,ff_hsx_symbol_daily_v1,6fe9d213922bff47f84aebd809e080f87567ae13b0fb07fe49afff69267c55be
2018-08-02,NVL,HOSE,3848677000.0,17973911000.0,-14125234000.0,62780.0,293250.0,-230470.0,0.0,0.0,0.0,0.0,63000.0,63500.0,60900.0,61500.0,61670.0,HSX_FOREIGN_API,HOSE_SYMBOL_LEVEL,VND,2026-08-25T03:49:45Z,ff_hsx_symbol_daily_v1,01a7d6814e04c84300aafe40a31dbf792cd3b213d4f460b94d0b415382439ae5
2018-08-03,NVL,HOSE,18567355000.0,33914221000.0,-15346866000.0,300800.0,549800.0,-249000.0,17412570000.0,17412570000.0,282000.0,282000.0,61400.0,62000.0,61100.0,62000.0,61600.0,HSX_FOREIGN_API,HOSE_SYMBOL_LEVEL,VND,2026-08-25T03:49:45Z,ff_hsx_symbol_daily_v1,68aa4e80478c7ed48193ef797f3ca999fcce619fcc2d9d123421d3f56c17eda9
2018-08-06,NVL,HOSE,43330000.0,13647286000.0,-13603956000.0,700.0,220400.0,-219700.0,0.0,0.0,0.0,0.0,61500.0,62300.0,61000.0,61800.0,61760.0,HSX_FOREIGN_API,HOSE_SYMBOL_LEVEL,VND,2026-08-25T03:49:45Z,ff_hsx_symbol_daily_v1,1595e0769fb19869f3da084d604f7869bfd236415de06c5bbac89b64f5e8785c
2018-08-07,NVL,HOSE,12491587000.0,21653426000.0,-9161839000.0,201780.0,349470.0,-147690.0,6206400000.0,6206400000.0,100000.0,100000.0,61800.0,62700.0,61100.0,62300.0,61880.0,HSX_FOREIGN_API,HOSE_SYMBOL_LEVEL,VND,2026-08-25T03:49:45Z,ff_hsx_symbol_daily_v1,9212bc890df647df56c0b6a50b0e7625082f6883cce4609df12fc6736e179364
2018-08-08,NVL,HOSE,9345000.0,17328551000.0,-17319206000.0,150.0,275550.0,-275400.0,0.0,0.0,0.0,0.0,62300.0,63300.0,62300.0,62900.0,62850.0,HSX_FOREIGN_API,HOSE_SYMBOL_LEVEL,VND,2026-08-25T03:49:45Z,ff_hsx_symbol_daily_v1,c42fea3951aad6f7ef981ee499fd2f4edf9cf5b0e8c4479451e616c05e253f05
2018-08-09,NVL,HOSE,62380000.0,24946803000.0,-24884423000.0,1000.0,398400.0,-397400.0,0.0,0.0,0.0,0.0,62900.0,63300.0,61000.0,63000.0,62640.0,HSX_FOREIGN_API,HOSE_SYMBOL_LEVEL,VND,2026-08-25T03:49:45Z,ff_hsx_symbol_daily_v1,ba981afe0f5f68273c1bcea00ce2c0a6fb51d75241abda2b305ba76dbc137a73
2018-08-10,NVL,HOSE,20516057760.0,25920494760.0,-5404437000.0,320180.0,404580.0,-84400.0,20484257760.0,20484257760.0,319680.0,319680.0,63000.0,65000.0,63000.0,65000.0,63940.0,HSX_FOREIGN_API,HOSE_SYMBOL_LEVEL,VND,2026-08-25T03:49:45Z,ff_hsx_symbol_daily_v1,2f0492aa2b739b10d6a9d7b54ac9c9bae71d057be4ad3e0d7abe8c9984c8acce
2018-08-13,NVL,HOSE,2560000.0,20190573000.0,-20188013000.0,40.0,314710.0,-314670.0,0.0,0.0,0.0,0.0,65300.0,65300.0,62500.0,64500.0,64150.0,HSX_FOREIGN_API,HOSE_SYMBOL_LEVEL,VND,2026-08-25T03:49:45Z,ff_hsx_symbol_daily_v1,ce2a56b8821cce7efc9f49e0bb9f323d9c12be5c3be70406a6ed20832ceb1120
2018-08-14,NVL,HOSE,102714000.0,6648283000.0,-6545569000.0,1590.0,102670.0,-101080.0,0.0,0.0,0.0,0.0,64500.0,65400.0,64300.0,65400.0,64700.0,HSX_FOREIGN_API,HOSE_SYMBOL_LEVEL,VND,2026-08-25T03:49:45Z,ff_hsx_symbol_daily_v1,d0f65a2e8cd40f1a57c3d1fe2a8eed1f29b995ac1de38827e12083bf67647b2b
2018-08-15,NVL,HOSE,393110000.0,15247239000.0,-14854129000.0,6020.0,234720.0,-228700.0,0.0,0.0,0.0,0.0,65600.0,65600.0,63500.0,65200.0,65130.0,HSX_FOREIGN_API,HOSE_SYMBOL_LEVEL,VND,2026-08-25T03:49:45Z,ff_hsx_symbol_daily_v1,ca9d87a496aea30b36f7b682263fc704e6dc8c4e4ed6921e0d5cc5bfed5ba76d
2018-08-16,NVL,HOSE,194100000.0,33348180000.0,-33154080000.0,3000.0,514470.0,-511470.0,0.0,0.0,0.0,0.0,65100.0,65200.0,64500.0,65200.0,64840.0,HSX_FOREIGN_API,HOSE_SYMBOL_LEVEL,VND,2026-08-25T03:49:45Z,ff_hsx_symbol_daily_v1,5e93b77abed01048c30bff0d07f6b49d8637349bf815a0c747fac2acec69ad6f
2018-08-17,NVL,HOSE,326253000.0,13001253000.0,-12675000000.0,5010.0,199200.0,-194190.0,0.0,0.0,0.0,0.0,65200.0,65500.0,64900.0,65500.0,65240.0,HSX_FOREIGN_API,HOSE_SYMBOL_LEVEL,VND,2026-08-25T03:49:45Z,ff_hsx_symbol_daily_v1,f1bd4d15cb61a0e15573e024bc974f20c3e31658913158d194044e6efffe3aeb
2018-08-20,NVL,HOSE,0.0,31105788000.0,-31105788000.0,0.0,480510.0,-480510.0,0.0,0.0,0.0,0.0,65500.0,65500.0,64000.0,65300.0,64770.0,HSX_FOREIGN_API,HOSE_SYMBOL_LEVEL,VND,2026-08-25T03:49:45Z,ff_hsx_symbol_daily_v1,c7f99ce33a7e6d8c4ecc10bd953b1d2c9543b10eec773a01230fd910988e5353
2018-08-21,NVL,HOSE,1959000.0,5767199000.0,-5765240000.0,30.0,88240.0,-88210.0,0.0,0.0,0.0,0.0,65500.0,65500.0,65100.0,65300.0,65370.0,HSX_FOREIGN_API,HOSE_SYMBOL_LEVEL,VND,2026-08-25T03:49:45Z,ff_hsx_symbol_daily_v1,db1e349b98411d32251ddb8b134fa7b91a159e12b85e8952f21306ace3c8c90b
2018-08-22,NVL,HOSE,84305000.0,16819083000.0,-16734778000.0,1290.0,264550.0,-263260.0,0.0,0.0,0.0,0.0,65300.0,65500.0,62000.0,64900.0,63980.0,HSX_FOREIGN_API,HOSE_SYMBOL_LEVEL,VND,2026-08-25T03:49:45Z,ff_hsx_symbol_daily_v1,69d01ba4fd5e93c4b24c0d22aa84dcb274ffe9396460a358f3d296b0acf6929c
2018-08-23,NVL,HOSE,3602916000.0,35179049000.0,-31576133000.0,56620.0,552340.0,-495720.0,0.0,0.0,0.0,0.0,64700.0,64900.0,63000.0,64000.0,63750.0,HSX_FOREIGN_API,HOSE_SYMBOL_LEVEL,VND,2026-08-25T03:49:45Z,ff_hsx_symbol_daily_v1,d22c98a1fd54a0e2f46bf3f770c8f8dfbe932c55e33ab386e4763c1af42563eb
2018-08-24,NVL,HOSE,0.0,6770599000.0,-6770599000.0,0.0,105260.0,-105260.0,0.0,0.0,0.0,0.0,63900.0,65000.0,63800.0,65000.0,64380.0,HSX_FOREIGN_API,HOSE_SYMBOL_LEVEL,VND,2026-08-25T03:49:45Z,ff_hsx_symbol_daily_v1,77b27ec16e95c0dedcb5d03c3d88db666b561409b14da0ddd3b8fb16faebd64f
2018-08-27,NVL,HOSE,14243038000.0,15497878000.0,-1254840000.0,219620.0,238900.0,-19280.0,12973400000.0,12973400000.0,200000.0,200000.0,65000.0,65100.0,64100.0,65100.0,64750.0,HSX_FOREIGN_API,HOSE_SYMBOL_LEVEL,VND,2026-08-25T03:49:45Z,ff_hsx_symbol_daily_v1,5d0a96a9ad1da523af41af6da8062d47e7ecfa4e2a6835b5f0cba6aaf4d42999
2018-08-28,NVL,HOSE,205762000.0,17866095000.0,-17660333000.0,3190.0,280190.0,-277000.0,0.0,0.0,0.0,0.0,65100.0,65500.0,63100.0,65000.0,64080.0,HSX_FOREIGN_API,HOSE_SYMBOL_LEVEL,VND,2026-08-25T03:49:45Z,ff_hsx_symbol_daily_v1,5f41e1e57e2a9fa12b79e896ef07a5c3e2a10ff5dda9c9b01426d575d271f946
2018-08-29,NVL,HOSE,61474000.0,1831386000.0,-1769912000.0,960.0,28220.0,-27260.0,0.0,0.0,0.0,0.0,64900.0,65000.0,63500.0,64900.0,64240.0,HSX_FOREIGN_API,HOSE_SYMBOL_LEVEL,VND,2026-08-25T03:49:45Z,ff_hsx_symbol_daily_v1,8a4ddbc0d7b18482bd01db3b23922b547d5fcaeb36af56e4662e5109d265c42c
2018-08-30,NVL,HOSE,1894214000.0,9822545000.0,-7928331000.0,29220.0,152110.0,-122890.0,0.0,0.0,0.0,0.0,64700.0,65000.0,64100.0,65000.0,64510.0,HSX_FOREIGN_API,HOSE_SYMBOL_LEVEL,VND,2026-08-25T03:49:45Z,ff_hsx_symbol_daily_v1,225c3aff5cfb2129c8066e1b389bca09deed31947616ba731fe8a56d8f01417a
2018-08-31,NVL,HOSE,0.0,3750126000.0,-3750126000.0,0.0,57710.0,-57710.0,0.0,0.0,0.0,0.0,65000.0,65100.0,64500.0,65000.0,64850.0,HSX_FOREIGN_API,HOSE_SYMBOL_LEVEL,VND,2026-08-25T03:49:45Z,ff_hsx_symbol_daily_v1,e0b1fe0ce977944a89d885b6d53ca2293c4696220456a8092fa18a0f49f7c1b6
2018-09-04,NVL,HOSE,0.0,17098414000.0,-17098414000.0,0.0,266370.0,-266370.0,0.0,0.0,0.0,0.0,64700.0,65000.0,63700.0,64800.0,64220.0,HSX_FOREIGN_API,HOSE_SYMBOL_LEVEL,VND,2026-08-25T03:49:45Z,ff_hsx_symbol_daily_v1,5d50da07f5eec9cfa0274e8b2cdefab62b25838d29696059ed74f20205023cbe
2018-09-05,NVL,HOSE,622286000.0,35742903000.0,-35120617000.0,9780.0,562130.0,-552350.0,0.0,0.0,0.0,0.0,64600.0,64800.0,63300.0,63600.0,63570.0,HSX_FOREIGN_API,HOSE_SYMBOL_LEVEL,VND,2026-08-25T03:49:45Z,ff_hsx_symbol_daily_v1,e0c74244e52b7362bdc3c67f486c8203a5490f21d34191a619207e64aa71b5a1
2018-09-06,NVL,HOSE,1905000.0,10470379000.0,-10468474000.0,30.0,163300.0,-163270.0,0.0,2047500000.0,0.0,31500.0,63600.0,65000.0,63500.0,65000.0,64100.0,HSX_FOREIGN_API,HOSE_SYMBOL_LEVEL,VND,2026-08-25T03:49:45Z,ff_hsx_symbol_daily_v1,db1be3d74b269dfc6a0b7cd996c153463f5a4d23c06f53b5f9806bcb3959f330
2018-09-07,NVL,HOSE,66235000.0,19490864000.0,-19424629000.0,1030.0,303200.0,-302170.0,0.0,0.0,0.0,0.0,64700.0,65100.0,63200.0,65100.0,64280.0,HSX_FOREIGN_API,HOSE_SYMBOL_LEVEL,VND,2026-08-25T03:49:45Z,ff_hsx_symbol_daily_v1,1e04b4397d3c0d3bf5d3d6a8da454cb35deefdbfff2007d59f6a32d8af4e749b
2018-09-10,NVL,HOSE,233206000.0,15427247000.0,-15194041000.0,3640.0,238600.0,-234960.0,0.0,0.0,0.0,0.0,64700.0,66000.0,63600.0,66000.0,64670.0,HSX_FOREIGN_API,HOSE_SYMBOL_LEVEL,VND,2026-08-25T03:49:45Z,ff_hsx_symbol_daily_v1,e8b30020dea3cd7e08549075c7bb92f3efb21129f0e332bd059d25f91458beb0
2018-09-11,NVL,HOSE,3812156000.0,11072870000.0,-7260714000.0,58550.0,170550.0,-112000.0,0.0,0.0,0.0,0.0,66000.0,66500.0,64100.0,66500.0,65240.0,HSX_FOREIGN_API,HOSE_SYMBOL_LEVEL,VND,2026-08-25T03:49:45Z,ff_hsx_symbol_daily_v1,32c9ed554ae44cf307a2ffdceea53239931c71e6d4c830c6aea732e341047940
2018-09-12,NVL,HOSE,2992201000.0,8349782000.0,-5357581000.0,44530.0,124120.0,-79590.0,0.0,0.0,0.0,0.0,66500.0,68000.0,66500.0,67700.0,67280.0,HSX_FOREIGN_API,HOSE_SYMBOL_LEVEL,VND,2026-08-25T03:49:45Z,ff_hsx_symbol_daily_v1,dcfeb44b326b0adb87d547d0f1f4df24c879480b3c69ed93a7b36f23f76e4f64
2018-09-13,NVL,HOSE,0.0,1880041000.0,-1880041000.0,0.0,27640.0,-27640.0,0.0,0.0,0.0,0.0,67700.0,69000.0,67500.0,67900.0,67990.0,HSX_FOREIGN_API,HOSE_SYMBOL_LEVEL,VND,2026-08-25T03:49:45Z,ff_hsx_symbol_daily_v1,8de92062ba71db80085513930512c4f96ad90f105e0f07ed8c60610d00f6bc88
2018-09-14,NVL,HOSE,4020000.0,6480106000.0,-6476086000.0,60.0,95860.0,-95800.0,0.0,0.0,0.0,0.0,68500.0,69300.0,67000.0,67800.0,68090.0,HSX_FOREIGN_API,HOSE_SYMBOL_LEVEL,VND,2026-08-25T03:49:45Z,ff_hsx_symbol_daily_v1,22771d6633ca2c329485077c0f8f4dd28ac77fb0b63628e90ba6a126a6454e1d
2018-09-17,NVL,HOSE,2437428000.0,1777022000.0,660406000.0,36310.0,26510.0,9800.0,0.0,0.0,0.0,0.0,68000.0,68000.0,66500.0,67200.0,66960.0,HSX_FOREIGN_API,HOSE_SYMBOL_LEVEL,VND,2026-08-25T03:49:45Z,ff_hsx_symbol_daily_v1,04b5ef8ac52e2b706984e9e2389267207ddf2e70847077db0a1b0cbab544f1d4
2018-09-18,NVL,HOSE,1423511000.0,12088000.0,1411423000.0,21210.0,180.0,21030.0,0.0,0.0,0.0,0.0,66700.0,67300.0,66400.0,67300.0,66850.0,HSX_FOREIGN_API,HOSE_SYMBOL_LEVEL,VND,2026-08-25T03:49:45Z,ff_hsx_symbol_daily_v1,bad219c3054258ad2000fdf929f1bfca165cb42a7cf0c9e2cbca9c0a78311294
2018-09-19,NVL,HOSE,10025052920.0,9321916920.0,703136000.0,150180.0,139860.0,10320.0,7443513920.0,7443513920.0,111520.0,111520.0,67300.0,67400.0,66000.0,66000.0,66750.0,HSX_FOREIGN_API,HOSE_SYMBOL_LEVEL,VND,2026-08-25T03:49:45Z,ff_hsx_symbol_daily_v1,026f8d14976843f923c761e4baec5074d8e0a2453435a2119f2b0eab43234d66
2018-09-20,NVL,HOSE,2191723000.0,1667314000.0,524409000.0,33630.0,25600.0,8030.0,0.0,0.0,0.0,0.0,66000.0,66100.0,64000.0,64500.0,65240.0,HSX_FOREIGN_API,HOSE_SYMBOL_LEVEL,VND,2026-08-25T03:49:45Z,ff_hsx_symbol_daily_v1,bf3a8d21347968f56bc29cfc8ab5f58852f03db001c1c6c4461b6a8b0efdbead
2018-09-21,NVL,HOSE,109001009000.0,288819002000.0,-179817993000.0,1799960.0,4801670.0,-3001710.0,0.0,36597600000.0,0.0,609960.0,64700.0,65000.0,60000.0,60000.0,60540.0,HSX_FOREIGN_API,HOSE_SYMBOL_LEVEL,VND,2026-08-25T03:49:45Z,ff_hsx_symbol_daily_v1,d0e3899a8af490d60c2b037b31dde0d004f5f903089f7093ccc72a9e70607747
2018-09-24,NVL,HOSE,8289271000.0,1099310000.0,7189961000.0,129730.0,17190.0,112540.0,0.0,0.0,0.0,0.0,63500.0,64100.0,63000.0,64100.0,63820.0,HSX_FOREIGN_API,HOSE_SYMBOL_LEVEL,VND,2026-08-25T03:49:45Z,ff_hsx_symbol_daily_v1,e55b539cca204567a721cc38c1015228031e118be7ce36dd735b0db60fba2532
2018-09-25,NVL,HOSE,3560101000.0,409430000.0,3150671000.0,54710.0,6350.0,48360.0,0.0,0.0,0.0,0.0,64100.0,67000.0,64100.0,65100.0,65040.0,HSX_FOREIGN_API,HOSE_SYMBOL_LEVEL,VND,2026-08-25T03:49:45Z,ff_hsx_symbol_daily_v1,ad900a236a2ff9291a7d9198aae660d0a36f862d00f62e3855e2a01a130447e1
2018-09-26,NVL,HOSE,7523042000.0,13545000.0,7509497000.0,116560.0,210.0,116350.0,0.0,0.0,0.0,0.0,64000.0,65200.0,63000.0,64800.0,64550.0,HSX_FOREIGN_API,HOSE_SYMBOL_LEVEL,VND,2026-08-25T03:49:45Z,ff_hsx_symbol_daily_v1,e3b88e59bbfd3d74589b00743439b27e6f40606275815a45dca6794a4844ae42
2018-09-27,NVL,HOSE,17850137000.0,2448754000.0,15401383000.0,274240.0,37570.0,236670.0,0.0,0.0,0.0,0.0,65000.0,67000.0,64500.0,66500.0,65200.0,HSX_FOREIGN_API,HOSE_SYMBOL_LEVEL,VND,2026-08-25T03:49:45Z,ff_hsx_symbol_daily_v1,b6bc4a563725be36a5aca64c8f89dc07e83d22ef66051eda856a624178759d31
2018-09-28,NVL,HOSE,1452355000.0,4615986000.0,-3163631000.0,21840.0,69640.0,-47800.0,0.0,0.0,0.0,0.0,66500.0,66800.0,65500.0,66500.0,66260.0,HSX_FOREIGN_API,HOSE_SYMBOL_LEVEL,VND,2026-08-25T03:49:45Z,ff_hsx_symbol_daily_v1,2fb4b8bb7b93dfbf642c91f4c8e2b6a5c5913ba530a8023b950ad775f41ecfd7
2018-10-01,NVL,HOSE,47504000.0,8400627000.0,-8353123000.0,730.0,129110.0,-128380.0,0.0,0.0,0.0,0.0,66500.0,66600.0,64500.0,64800.0,65320.0,HSX_FOREIGN_API,HOSE_SYMBOL_LEVEL,VND,2026-08-25T03:49:45Z,ff_hsx_symbol_daily_v1,cd6167230719240c23459d270d9b716eeb685b60eb814ec1a9bd4e0096707071
2018-10-02,NVL,HOSE,1371062000.0,3664086000.0,-2293024000.0,21350.0,57100.0,-35750.0,0.0,0.0,0.0,0.0,64000.0,64800.0,63900.0,64300.0,64190.0,HSX_FOREIGN_API,HOSE_SYMBOL_LEVEL,VND,2026-08-25T03:49:45Z,ff_hsx_symbol_daily_v1,d4c802553581ce83b22b1372259382ac221fc66a7f5aed7cbd727b4e74ac46c2
2018-10-03,NVL,HOSE,633000.0,4001316000.0,-4000683000.0,10.0,62940.0,-62930.0,0.0,0.0,0.0,0.0,64000.0,64400.0,63200.0,64000.0,63670.0,HSX_FOREIGN_API,HOSE_SYMBOL_LEVEL,VND,2026-08-25T03:49:45Z,ff_hsx_symbol_daily_v1,9dd0b205fddb51b3aeccefcd42664681ab74c90425b139e7123e53f2cad4b991
2018-10-04,NVL,HOSE,1104248000.0,3709631000.0,-2605383000.0,17310.0,58250.0,-40940.0,0.0,0.0,0.0,0.0,63800.0,64000.0,63200.0,64000.0,63670.0,HSX_FOREIGN_API,HOSE_SYMBOL_LEVEL,VND,2026-08-25T03:49:45Z,ff_hsx_symbol_daily_v1,49ca1d9c2e60a138069859cf3bd479844cf037b487af381c7479402c04e7f844
2018-10-05,NVL,HOSE,3171291000.0,7518502000.0,-4347211000.0,49790.0,118060.0,-68270.0,0.0,0.0,0.0,0.0,64000.0,64000.0,63100.0,63800.0,63680.0,HSX_FOREIGN_API,HOSE_SYMBOL_LEVEL,VND,2026-08-25T03:49:45Z,ff_hsx_symbol_daily_v1,abab9ac5fa82f0161f18608671d928b6820bcab2c7c2b04cd5a16f931de372c9
2018-10-08,NVL,HOSE,633000.0,50584705000.0,-50584072000.0,10.0,799470.0,-799460.0,0.0,0.0,0.0,0.0,63800.0,64000.0,63000.0,63500.0,63300.0,HSX_FOREIGN_API,HOSE_SYMBOL_LEVEL,VND,2026-08-25T03:49:45Z,ff_hsx_symbol_daily_v1,08367d8966b5400c3a60a1b17e2035f0b42309b1847ef2b03e70ba0642177bc7
2018-10-09,NVL,HOSE,0.0,5937561000.0,-5937561000.0,0.0,93000.0,-93000.0,0.0,0.0,0.0,0.0,63300.0,65000.0,63300.0,64900.0,63880.0,HSX_FOREIGN_API,HOSE_SYMBOL_LEVEL,VND,2026-08-25T03:49:45Z,ff_hsx_symbol_daily_v1,5371199f53a5fc0aa9f9dde0131ef99198c091f24dce993295297f87eb7c7e9a
2018-10-10,NVL,HOSE,1425112000.0,61684892000.0,-60259780000.0,22050.0,966070.0,-944020.0,0.0,0.0,0.0,0.0,65100.0,65100.0,63400.0,64000.0,63910.0,HSX_FOREIGN_API,HOSE_SYMBOL_LEVEL,VND,2026-08-25T03:49:45Z,ff_hsx_symbol_daily_v1,883a355777e86642d4a73309a1d269eacaabcf2d2aad8aa55b32cd9e984c93c2
2018-10-11,NVL,HOSE,1674750000.0,15098410000.0,-13423660000.0,26250.0,237880.0,-211630.0,0.0,0.0,0.0,0.0,64000.0,66000.0,62800.0,63800.0,63630.0,HSX_FOREIGN_API,HOSE_SYMBOL_LEVEL,VND,2026-08-25T03:49:45Z,ff_hsx_symbol_daily_v1,053242a468e11e74f3ec4e5e9a8b5fd4c7bcafebad8b9757051daa64bf8cb60f
2018-10-12,NVL,HOSE,2004610000.0,9925320000.0,-7920710000.0,31240.0,151420.0,-120180.0,0.0,0.0,0.0,0.0,63800.0,68200.0,63500.0,68000.0,66150.0,HSX_FOREIGN_API,HOSE_SYMBOL_LEVEL,VND,2026-08-25T03:49:45Z,ff_hsx_symbol_daily_v1,ff54bafd6ffce4b79b7b0f14dd6e0c6d7ff3291fa9d74c61f60e8fc47244596d
2018-10-15,NVL,HOSE,0.0,8550073000.0,-8550073000.0,0.0,126620.0,-126620.0,0.0,0.0,0.0,0.0,68000.0,71000.0,66600.0,69800.0,68500.0,HSX_FOREIGN_API,HOSE_SYMBOL_LEVEL,VND,2026-08-25T03:49:45Z,ff_hsx_symbol_daily_v1,4787bf10e1b6c23a6a34323cb19b324d98e6f0d354b898b0e9e96e22a9dc1cab
2018-10-16,NVL,HOSE,5492880000.0,898806000.0,4594074000.0,76850.0,12620.0,64230.0,0.0,0.0,0.0,0.0,69800.0,73000.0,69500.0,72800.0,71640.0,HSX_FOREIGN_API,HOSE_SYMBOL_LEVEL,VND,2026-08-25T03:49:45Z,ff_hsx_symbol_daily_v1,9230e3b26959882f3192759f48045864d8db3e99d37e2c94d0a9f0f5fd17991e
2018-10-17,NVL,HOSE,7696368000.0,477400000.0,7218968000.0,105620.0,6540.0,99080.0,0.0,0.0,0.0,0.0,72800.0,73500.0,71000.0,73400.0,72950.0,HSX_FOREIGN_API,HOSE_SYMBOL_LEVEL,VND,2026-08-25T03:49:45Z,ff_hsx_symbol_daily_v1,d6dfeb1fefa06d5c132493012039009de5b238434afc01a760687b6c55bf95b7
2018-10-18,NVL,HOSE,1092094000.0,54300000.0,1037794000.0,15140.0,750.0,14390.0,0.0,0.0,0.0,0.0,73300.0,73300.0,71500.0,72100.0,72260.0,HSX_FOREIGN_API,HOSE_SYMBOL_LEVEL,VND,2026-08-25T03:49:45Z,ff_hsx_symbol_daily_v1,14b8bbb1a4ed1950e80126e03651db16f50bd55638107080ae65ff0b75c5210f
2018-10-19,NVL,HOSE,1426607000.0,38934434000.0,-37507827000.0,20240.0,556560.0,-536320.0,0.0,0.0,0.0,0.0,72500.0,72500.0,69100.0,70000.0,70010.0,HSX_FOREIGN_API,HOSE_SYMBOL_LEVEL,VND,2026-08-25T03:49:45Z,ff_hsx_symbol_daily_v1,0926a7372e81d6cc3db26dc49beba37a68ced5beb8e58e0498f2ae76dba8713d
2018-10-22,NVL,HOSE,0.0,7343755000.0,-7343755000.0,0.0,104010.0,-104010.0,0.0,0.0,0.0,0.0,70000.0,71100.0,70000.0,71000.0,70660.0,HSX_FOREIGN_API,HOSE_SYMBOL_LEVEL,VND,2026-08-25T03:49:45Z,ff_hsx_symbol_daily_v1,23d2958912131c71f3abbc398bdfaf5a84638e9602813da79eeaad2707f7691a
2018-10-23,NVL,HOSE,1615102000.0,7049871000.0,-5434769000.0,22780.0,100390.0,-77610.0,0.0,0.0,0.0,0.0,71000.0,71000.0,69400.0,70900.0,70320.0,HSX_FOREIGN_API,HOSE_SYMBOL_LEVEL,VND,2026-08-25T03:49:45Z,ff_hsx_symbol_daily_v1,a58e267093cefee380b6ca1dff8d506f56639ec87f29fa07612e082b1e008333
2018-10-24,NVL,HOSE,87130000.0,33464203000.0,-33377073000.0,1230.0,466730.0,-465500.0,0.0,0.0,0.0,0.0,70900.0,73500.0,70100.0,72900.0,71570.0,HSX_FOREIGN_API,HOSE_SYMBOL_LEVEL,VND,2026-08-25T03:49:45Z,ff_hsx_symbol_daily_v1,c61432d9c298536d1655b70f5d40dd58ec71918d23883f1291ab862f68b2718e
2018-10-25,NVL,HOSE,2914778000.0,26351598000.0,-23436820000.0,39600.0,361780.0,-322180.0,0.0,0.0,0.0,0.0,72800.0,74500.0,71000.0,74500.0,73250.0,HSX_FOREIGN_API,HOSE_SYMBOL_LEVEL,VND,2026-08-25T03:49:45Z,ff_hsx_symbol_daily_v1,5aec620bc7762a952f748c2ab0933ed528cf926985758988b3b974f93377f956
2018-10-26,NVL,HOSE,41050000.0,44425884000.0,-44384834000.0,560.0,609800.0,-609240.0,0.0,0.0,0.0,0.0,74000.0,74700.0,72000.0,73100.0,72940.0,HSX_FOREIGN_API,HOSE_SYMBOL_LEVEL,VND,2026-08-25T03:49:45Z,ff_hsx_symbol_daily_v1,27cae89c6d50896024a0874dbe55ca46c20e43e8cf30ff3050638831a3bf8fc4
2018-10-29,NVL,HOSE,12135000.0,4596924000.0,-4584789000.0,170.0,64520.0,-64350.0,0.0,0.0,0.0,0.0,73100.0,73100.0,70100.0,71200.0,71220.0,HSX_FOREIGN_API,HOSE_SYMBOL_LEVEL,VND,2026-08-25T03:49:45Z,ff_hsx_symbol_daily_v1,ae8b134c5a07db41b91bca4ab4199a339b1e2c4863a54c6dfcfc7979869756b8
2018-10-30,NVL,HOSE,81802000.0,15637063000.0,-15555261000.0,1170.0,224190.0,-223020.0,0.0,0.0,0.0,0.0,70900.0,70900.0,68700.0,70200.0,69830.0,HSX_FOREIGN_API,HOSE_SYMBOL_LEVEL,VND,2026-08-25T03:49:45Z,ff_hsx_symbol_daily_v1,04e76698683b3c98bc48dcb2a1df92dd373a37566fecd22e2c0a341222cad977
2018-10-31,NVL,HOSE,10297413000.0,14892580000.0,-4595167000.0,144830.0,210650.0,-65820.0,0.0,0.0,0.0,0.0,70100.0,71100.0,69900.0,71100.0,70730.0,HSX_FOREIGN_API,HOSE_SYMBOL_LEVEL,VND,2026-08-25T03:49:45Z,ff_hsx_symbol_daily_v1,6784c762eea2641d0a59ab93bfde75a8e552f92b812ff0ab0b26329f0cc15325
2018-11-01,NVL,HOSE,357500000.0,4856036000.0,-4498536000.0,5000.0,68330.0,-63330.0,0.0,0.0,0.0,0.0,71100.0,71900.0,70100.0,71000.0,71010.0,HSX_FOREIGN_API,HOSE_SYMBOL_LEVEL,VND,2026-08-25T03:49:45Z,ff_hsx_symbol_daily_v1,c736ed3dda24373fbe7c8c8567f0a44c840ba106b9efa56bcf1723618317b08d
2018-11-02,NVL,HOSE,0.0,25975908000.0,-25975908000.0,0.0,366760.0,-366760.0,0.0,0.0,0.0,0.0,71000.0,71200.0,70500.0,71100.0,70870.0,HSX_FOREIGN_API,HOSE_SYMBOL_LEVEL,VND,2026-08-25T03:49:45Z,ff_hsx_symbol_daily_v1,64e79e1f6de306efc08aa40cdbd142dc31f4ea3f0c6eb865da97048ca31d038a
2018-11-05,NVL,HOSE,208928000.0,523199000.0,-314271000.0,3000.0,7480.0,-4480.0,0.0,0.0,0.0,0.0,71100.0,71100.0,69500.0,69900.0,69960.0,HSX_FOREIGN_API,HOSE_SYMBOL_LEVEL,VND,2026-08-25T03:49:45Z,ff_hsx_symbol_daily_v1,d7b6f88138b531df06eca187aae88139c19c6c9ec08b7d0b0e57afa999a2524f
2018-11-06,NVL,HOSE,140500000.0,13920000.0,126580000.0,2010.0,200.0,1810.0,0.0,0.0,0.0,0.0,69900.0,70300.0,69500.0,69800.0,69910.0,HSX_FOREIGN_API,HOSE_SYMBOL_LEVEL,VND,2026-08-25T03:49:45Z,ff_hsx_symbol_daily_v1,ae54a874b1104e5ef13b704c27db174ac3680974349210534657b6328a9b83b6
2018-11-07,NVL,HOSE,0.0,1727393000.0,-1727393000.0,0.0,25030.0,-25030.0,0.0,0.0,0.0,0.0,69700.0,69800.0,68800.0,69200.0,69420.0,HSX_FOREIGN_API,HOSE_SYMBOL_LEVEL,VND,2026-08-25T03:49:45Z,ff_hsx_symbol_daily_v1,41557b13002be3916b5b43cc7010f2cd4ac424f4c6f912fb25499e58671f8cf0
2018-11-08,NVL,HOSE,2784000.0,30203413000.0,-30200629000.0,40.0,438350.0,-438310.0,0.0,0.0,0.0,0.0,69300.0,69900.0,68200.0,69000.0,68930.0,HSX_FOREIGN_API,HOSE_SYMBOL_LEVEL,VND,2026-08-25T03:49:45Z,ff_hsx_symbol_daily_v1,367e32a3593f44d219ec859614857bffb5bdc42540b71b2cb1ca14e918663d33
2018-11-09,NVL,HOSE,4140000.0,1401537000.0,-1397397000.0,60.0,20000.0,-19940.0,0.0,0.0,0.0,0.0,69000.0,70400.0,68500.0,70100.0,69550.0,HSX_FOREIGN_API,HOSE_SYMBOL_LEVEL,VND,2026-08-25T03:49:45Z,ff_hsx_symbol_daily_v1,c39321026013fa9d5efc281ccb95004202f5200d4d36e5d05db90c6ef989468b
2018-11-12,NVL,HOSE,0.0,6907306000.0,-6907306000.0,0.0,100000.0,-100000.0,0.0,0.0,0.0,0.0,70000.0,70800.0,68600.0,70700.0,69330.0,HSX_FOREIGN_API,HOSE_SYMBOL_LEVEL,VND,2026-08-25T03:49:45Z,ff_hsx_symbol_daily_v1,3160c122b5e9bee6d386e5481c95fe8f14fe1b38411aee0d98b44fa38e10c892
2018-11-13,NVL,HOSE,606987000.0,700668000.0,-93681000.0,8660.0,10000.0,-1340.0,0.0,0.0,0.0,0.0,70400.0,71200.0,69500.0,70900.0,70440.0,HSX_FOREIGN_API,HOSE_SYMBOL_LEVEL,VND,2026-08-25T03:49:45Z,ff_hsx_symbol_daily_v1,108ad63f5ca6a44688c9e599fc53f9f46cd83e8f8eba490a32afad6454222817
2018-11-14,NVL,HOSE,3690258000.0,21059403000.0,-17369145000.0,52030.0,296820.0,-244790.0,0.0,0.0,0.0,0.0,70900.0,72200.0,70500.0,70900.0,71030.0,HSX_FOREIGN_API,HOSE_SYMBOL_LEVEL,VND,2026-08-25T03:49:45Z,ff_hsx_symbol_daily_v1,cb646a4ca0ab073a2c48cb8974e293ae180bc143620c6a1b8b087ddc576ebb49
2018-11-15,NVL,HOSE,5472000000.0,6076621000.0,-604621000.0,76000.0,84470.0,-8470.0,0.0,0.0,0.0,0.0,70900.0,73000.0,70800.0,72000.0,72060.0,HSX_FOREIGN_API,HOSE_SYMBOL_LEVEL,VND,2026-08-25T03:49:45Z,ff_hsx_symbol_daily_v1,43d4efae139e911d45f69a5490f1b84d8210ee312a29b713b0ab52abf5ac9e9d
2018-11-16,NVL,HOSE,4155000.0,7544980000.0,-7540825000.0,60.0,107640.0,-107580.0,0.0,0.0,0.0,0.0,72100.0,72200.0,69000.0,69700.0,70530.0,HSX_FOREIGN_API,HOSE_SYMBOL_LEVEL,VND,2026-08-25T03:49:45Z,ff_hsx_symbol_daily_v1,028bc89e46f95d9dd0fa6fc56eea2e16b9a1d593ec797306eaa86888b61a1f68
2018-11-19,NVL,HOSE,1384102000.0,4274749000.0,-2890647000.0,20000.0,61700.0,-41700.0,0.0,0.0,0.0,0.0,69700.0,69900.0,69000.0,69400.0,69300.0,HSX_FOREIGN_API,HOSE_SYMBOL_LEVEL,VND,2026-08-25T03:49:45Z,ff_hsx_symbol_daily_v1,a04f3cfbfbc2f27a4cfc393b6bb9f4315f50a4577a9266710b5ca89d0403638d
2018-11-20,NVL,HOSE,750532000.0,5386287000.0,-4635755000.0,11000.0,78930.0,-67930.0,0.0,0.0,0.0,0.0,69100.0,69400.0,67000.0,69200.0,68260.0,HSX_FOREIGN_API,HOSE_SYMBOL_LEVEL,VND,2026-08-25T03:49:45Z,ff_hsx_symbol_daily_v1,e070ab6d539f4c59818f136a1a1002ced53c057321951c7a2b2e7a8cb825096b
2018-11-21,NVL,HOSE,1845670000.0,6422629000.0,-4576959000.0,27300.0,94520.0,-67220.0,0.0,0.0,0.0,0.0,68600.0,69100.0,67600.0,67600.0,68000.0,HSX_FOREIGN_API,HOSE_SYMBOL_LEVEL,VND,2026-08-25T03:49:45Z,ff_hsx_symbol_daily_v1,a7edaae24611cd983067bb8f866901d2def5df75c7e4c4acbba5a96281f155af
2018-11-22,NVL,HOSE,16925000.0,2389859000.0,-2372934000.0,250.0,35190.0,-34940.0,0.0,0.0,0.0,0.0,67600.0,69000.0,67600.0,67700.0,67930.0,HSX_FOREIGN_API,HOSE_SYMBOL_LEVEL,VND,2026-08-25T03:49:45Z,ff_hsx_symbol_daily_v1,57d789b55dcfdf5fffc679f534c13f54405cc438b0658dcd73b437d7374b6faf
2018-11-23,NVL,HOSE,0.0,3374832000.0,-3374832000.0,0.0,50060.0,-50060.0,0.0,0.0,0.0,0.0,67700.0,68500.0,67200.0,68100.0,67580.0,HSX_FOREIGN_API,HOSE_SYMBOL_LEVEL,VND,2026-08-25T03:49:45Z,ff_hsx_symbol_daily_v1,4edfc79fcb0fb4e03b22e049e802c8e75eee9f41888228528d24ce0f4ce7a542
2018-11-26,NVL,HOSE,0.0,3398023000.0,-3398023000.0,0.0,50000.0,-50000.0,0.0,0.0,0.0,0.0,68100.0,69000.0,67200.0,68900.0,68030.0,HSX_FOREIGN_API,HOSE_SYMBOL_LEVEL,VND,2026-08-25T03:49:45Z,ff_hsx_symbol_daily_v1,a5786506677acc14d72a2da89a6d0866d90576731cfc9eacdb8aafe46064964b
2018-11-27,NVL,HOSE,24555000.0,26022309000.0,-25997754000.0,360.0,381660.0,-381300.0,0.0,0.0,0.0,0.0,68900.0,69800.0,67800.0,68000.0,68260.0,HSX_FOREIGN_API,HOSE_SYMBOL_LEVEL,VND,2026-08-25T03:49:45Z,ff_hsx_symbol_daily_v1,d3a1ddb4fbe34be1870144845c288700f156e3c77924bde5b2ada8c4421a9d35
2018-11-28,NVL,HOSE,5512000.0,1493232000.0,-1487720000.0,80.0,21720.0,-21640.0,0.0,0.0,0.0,0.0,68700.0,69500.0,68000.0,69100.0,68670.0,HSX_FOREIGN_API,HOSE_SYMBOL_LEVEL,VND,2026-08-25T03:49:45Z,ff_hsx_symbol_daily_v1,fa96c5f569f7ed7cb0f41fb61f9a3bda3011bc2beccf890fe690f27ccddb2c6b
2018-11-29,NVL,HOSE,0.0,3789634000.0,-3789634000.0,0.0,54860.0,-54860.0,0.0,0.0,0.0,0.0,69200.0,69500.0,68700.0,69200.0,69090.0,HSX_FOREIGN_API,HOSE_SYMBOL_LEVEL,VND,2026-08-25T03:49:45Z,ff_hsx_symbol_daily_v1,76cdf09283f025c600b1112cbae159032294a52e0a652f6c5e9e5dec9c464823
2018-11-30,NVL,HOSE,1287170000.0,16279743000.0,-14992573000.0,18800.0,239170.0,-220370.0,0.0,0.0,0.0,0.0,69200.0,69400.0,67200.0,68100.0,68280.0,HSX_FOREIGN_API,HOSE_SYMBOL_LEVEL,VND,2026-08-25T03:49:45Z,ff_hsx_symbol_daily_v1,d2b36d7ad7c2aa4c40bb8b39650dc33dd03715c26a663ea8a2326ca7269bca5a
2018-12-03,NVL,HOSE,1291390000.0,5394641000.0,-4103251000.0,18850.0,78780.0,-59930.0,0.0,0.0,0.0,0.0,68100.0,69100.0,68100.0,68300.0,68580.0,HSX_FOREIGN_API,HOSE_SYMBOL_LEVEL,VND,2026-08-25T03:49:45Z,ff_hsx_symbol_daily_v1,82ed2a9c195022c8bc7ac61e4f9b4c8745d898f68ae2c154237c584b7c47de68
2018-12-04,NVL,HOSE,1620855600.0,7801299600.0,-6180444000.0,23850.0,114860.0,-91010.0,1554581600.0,1554581600.0,22880.0,22880.0,68400.0,68500.0,67500.0,67900.0,67950.0,HSX_FOREIGN_API,HOSE_SYMBOL_LEVEL,VND,2026-08-25T03:49:45Z,ff_hsx_symbol_daily_v1,6e6c95adb57572ddbaa19da74da06917f61c695a19abb59f8cc2c89c8ff9784c
2018-12-05,NVL,HOSE,2406605000.0,7947551000.0,-5540946000.0,35770.0,117990.0,-82220.0,0.0,0.0,0.0,0.0,67900.0,67900.0,67000.0,67300.0,67350.0,HSX_FOREIGN_API,HOSE_SYMBOL_LEVEL,VND,2026-08-25T03:49:45Z,ff_hsx_symbol_daily_v1,fa1c3bbab27c18d2091a03c99355babc897668b6542d9656cfff95ead1721ae3
2018-12-06,NVL,HOSE,1051862000.0,3984073000.0,-2932211000.0,15360.0,58110.0,-42750.0,0.0,0.0,0.0,0.0,67000.0,69400.0,67000.0,68000.0,68580.0,HSX_FOREIGN_API,HOSE_SYMBOL_LEVEL,VND,2026-08-25T03:49:45Z,ff_hsx_symbol_daily_v1,30ec224a827b36b3bb14e4b562ddc0afe93ebc3a0e0edb029d4fbac22080bafd
2018-12-07,NVL,HOSE,0.0,3035245000.0,-3035245000.0,0.0,44000.0,-44000.0,0.0,0.0,0.0,0.0,68200.0,69000.0,68200.0,68500.0,68750.0,HSX_FOREIGN_API,HOSE_SYMBOL_LEVEL,VND,2026-08-25T03:49:45Z,ff_hsx_symbol_daily_v1,de0ac2ee8040a7f93f36a503412e2f0f44cefba488f6a91e2bd1bd950780c54e
2018-12-10,NVL,HOSE,0.0,999360000.0,-999360000.0,0.0,14650.0,-14650.0,0.0,0.0,0.0,0.0,68000.0,68500.0,67900.0,68300.0,68250.0,HSX_FOREIGN_API,HOSE_SYMBOL_LEVEL,VND,2026-08-25T03:49:45Z,ff_hsx_symbol_daily_v1,4721bea18816f6a88cd45c87c37b548ed75c0e611c9bc2b2fa3cd9f1600fb123
2018-12-11,NVL,HOSE,1035783000.0,17758000.0,1018025000.0,15210.0,260.0,14950.0,0.0,0.0,0.0,0.0,68000.0,68300.0,67000.0,68100.0,67830.0,HSX_FOREIGN_API,HOSE_SYMBOL_LEVEL,VND,2026-08-25T03:49:45Z,ff_hsx_symbol_daily_v1,eca7af1ef82e08dc63cab680d9c0260ae05149732a7748aa8edd22b2bde87c8e
2018-12-12,NVL,HOSE,13600000.0,4031029000.0,-4017429000.0,200.0,59070.0,-58870.0,0.0,0.0,0.0,0.0,68000.0,69100.0,67700.0,68000.0,68440.0,HSX_FOREIGN_API,HOSE_SYMBOL_LEVEL,VND,2026-08-25T03:49:45Z,ff_hsx_symbol_daily_v1,3451c6ccfdd2c5c9788734828b3d9cb9e5073520c3e979f82674d80e9c623bcf
2018-12-13,NVL,HOSE,1734967000.0,5248090000.0,-3513123000.0,25150.0,77030.0,-51880.0,0.0,0.0,0.0,0.0,68000.0,69100.0,67400.0,67400.0,68240.0,HSX_FOREIGN_API,HOSE_SYMBOL_LEVEL,VND,2026-08-25T03:49:45Z,ff_hsx_symbol_daily_v1,feae71c0cc0e3f6d06a7ae30a9cafc5cca3e668c4f49941eff4b947259cb1811
2018-12-14,NVL,HOSE,2007502000.0,5523248000.0,-3515746000.0,30000.0,82480.0,-52480.0,0.0,0.0,0.0,0.0,67500.0,67700.0,66700.0,67000.0,67060.0,HSX_FOREIGN_API,HOSE_SYMBOL_LEVEL,VND,2026-08-25T03:49:45Z,ff_hsx_symbol_daily_v1,053cf03e2c541a51a6b677c59d1e7bf08940b62dd9fe0ee896ac8fe5d502160a
2018-12-17,NVL,HOSE,2781303000.0,5559849000.0,-2778546000.0,42110.0,84100.0,-41990.0,0.0,0.0,0.0,0.0,67000.0,67000.0,65600.0,66300.0,66280.0,HSX_FOREIGN_API,HOSE_SYMBOL_LEVEL,VND,2026-08-25T03:49:45Z,ff_hsx_symbol_daily_v1,d51687f93401c5cfc039dddd5435c2da194e715e14e76b6a23c91b066d97f449
2018-12-18,NVL,HOSE,25350000.0,20299903000.0,-20274553000.0,390.0,313620.0,-313230.0,0.0,0.0,0.0,0.0,66000.0,66300.0,64000.0,64800.0,64820.0,HSX_FOREIGN_API,HOSE_SYMBOL_LEVEL,VND,2026-08-25T03:49:45Z,ff_hsx_symbol_daily_v1,95504d16097a2ad390eee07df1200724c98977a49e9a9ff1ed40a6e665a8afb4
2018-12-19,NVL,HOSE,0.0,12935669000.0,-12935669000.0,0.0,202910.0,-202910.0,0.0,0.0,0.0,0.0,64500.0,64500.0,63500.0,63500.0,63830.0,HSX_FOREIGN_API,HOSE_SYMBOL_LEVEL,VND,2026-08-25T03:49:45Z,ff_hsx_symbol_daily_v1,3e3374ea0b1a052f8c1beda3c6c7b1bbe9ddc2c3d7c6fdb1e1dc97cce69ee6df
2018-12-20,NVL,HOSE,0.0,7081681000.0,-7081681000.0,0.0,111070.0,-111070.0,0.0,0.0,0.0,0.0,63500.0,65500.0,63000.0,65000.0,64060.0,HSX_FOREIGN_API,HOSE_SYMBOL_LEVEL,VND,2026-08-25T03:49:45Z,ff_hsx_symbol_daily_v1,984ebdd1f23985b22e4f93d210b1542004081a4ed12a45abf94b1ff1a9d1b9ea
2018-12-21,NVL,HOSE,8247380000.0,35628696000.0,-27381316000.0,129880.0,560970.0,-431090.0,0.0,0.0,0.0,0.0,64000.0,65200.0,63500.0,63500.0,63750.0,HSX_FOREIGN_API,HOSE_SYMBOL_LEVEL,VND,2026-08-25T03:49:45Z,ff_hsx_symbol_daily_v1,868b33b9d0f0746b0fcd08412b6479ec1509467f3d2fe78564681cb213b4dd3a
2018-12-24,NVL,HOSE,0.0,30139855000.0,-30139855000.0,0.0,472150.0,-472150.0,0.0,0.0,0.0,0.0,64000.0,64700.0,63300.0,64100.0,63860.0,HSX_FOREIGN_API,HOSE_SYMBOL_LEVEL,VND,2026-08-25T03:49:45Z,ff_hsx_symbol_daily_v1,0e1479955f0a3eaf3bc850440676a14b8dfda65589c2c66c15ad2f05a42aee47
2018-12-25,NVL,HOSE,0.0,5177767000.0,-5177767000.0,0.0,80650.0,-80650.0,0.0,0.0,0.0,0.0,64500.0,65500.0,63600.0,65200.0,64310.0,HSX_FOREIGN_API,HOSE_SYMBOL_LEVEL,VND,2026-08-25T03:49:45Z,ff_hsx_symbol_daily_v1,66721d5b8e5f92f757c002063d387ca9afed0de660843de7b9ce6740a34a5f62
2018-12-26,NVL,HOSE,1905000.0,7233105000.0,-7231200000.0,30.0,113310.0,-113280.0,0.0,0.0,0.0,0.0,64000.0,65200.0,63200.0,64200.0,63820.0,HSX_FOREIGN_API,HOSE_SYMBOL_LEVEL,VND,2026-08-25T03:49:45Z,ff_hsx_symbol_daily_v1,66cdaa691b493cf5cc7311e50c17a9aaded67d3088215ece82d2388af0a70cb7
2018-12-27,NVL,HOSE,0.0,9020716000.0,-9020716000.0,0.0,140410.0,-140410.0,0.0,0.0,0.0,0.0,64000.0,64600.0,63900.0,64200.0,64260.0,HSX_FOREIGN_API,HOSE_SYMBOL_LEVEL,VND,2026-08-25T03:49:45Z,ff_hsx_symbol_daily_v1,0969e24060c326fb4cbe3dfb58cd638490a341195383e90f4b4e9549320eadcd
2018-12-28,NVL,HOSE,1865889120.0,8955334120.0,-7089445000.0,29080.0,139550.0,-110470.0,1865889120.0,1865889120.0,29080.0,29080.0,64000.0,64500.0,63900.0,64200.0,64160.0,HSX_FOREIGN_API,HOSE_SYMBOL_LEVEL,VND,2026-08-25T03:49:45Z,ff_hsx_symbol_daily_v1,35a30e5a037d5e5fb664de34f0cf63d3e1ade3827134150bd5fe867f29231b2e
2019-01-02,NVL,HOSE,0.0,6635805000.0,-6635805000.0,0.0,104990.0,-104990.0,0.0,0.0,0.0,0.0,64500.0,64500.0,62800.0,64500.0,63490.0,HSX_FOREIGN_API,HOSE_SYMBOL_LEVEL,VND,2026-08-25T03:49:45Z,ff_hsx_symbol_daily_v1,07b238b9fa2b68e0edce460251b7c59f205712774a1b38b08a4edf2bb11eae79
2019-01-03,NVL,HOSE,0.0,6838009000.0,-6838009000.0,0.0,108520.0,-108520.0,0.0,0.0,0.0,0.0,63900.0,63900.0,62700.0,63000.0,63010.0,HSX_FOREIGN_API,HOSE_SYMBOL_LEVEL,VND,2026-08-25T03:49:45Z,ff_hsx_symbol_daily_v1,07df69febfd40d91d43b577c8cb8d4e33dc7d6966196aaf73e4a5e178376c944
2019-01-04,NVL,HOSE,319835000.0,0.0,319835000.0,5130.0,0.0,5130.0,0.0,0.0,0.0,0.0,62500.0,63500.0,61000.0,63200.0,62180.0,HSX_FOREIGN_API,HOSE_SYMBOL_LEVEL,VND,2026-08-25T03:49:45Z,ff_hsx_symbol_daily_v1,fbcb4285a23c29c4dc60851d35d0261ea9e0c7c7bfc50c8849b63cfab91e4474
2019-01-07,NVL,HOSE,1857708000.0,11365548000.0,-9507840000.0,30000.0,183350.0,-153350.0,0.0,0.0,0.0,0.0,62500.0,63000.0,61100.0,62000.0,62010.0,HSX_FOREIGN_API,HOSE_SYMBOL_LEVEL,VND,2026-08-25T03:49:45Z,ff_hsx_symbol_daily_v1,4cd9b0870f48b9e95efa23bf0fc656b5f545f64a25587df41c55303bda48a29c
2019-01-08,NVL,HOSE,2227258000.0,27953817000.0,-25726559000.0,38540.0,475600.0,-437060.0,0.0,0.0,0.0,0.0,62000.0,62000.0,57700.0,57700.0,58860.0,HSX_FOREIGN_API,HOSE_SYMBOL_LEVEL,VND,2026-08-25T03:49:45Z,ff_hsx_symbol_daily_v1,39e8d5604888f4b35d561ac80e689abf72f803415dd4c7060b7cda60fd0f9950
2019-01-09,NVL,HOSE,121039000.0,50280622000.0,-50159583000.0,2240.0,917520.0,-915280.0,0.0,0.0,0.0,0.0,57800.0,60000.0,53700.0,58800.0,55490.0,HSX_FOREIGN_API,HOSE_SYMBOL_LEVEL,VND,2026-08-25T03:49:45Z,ff_hsx_symbol_daily_v1,388d03efe36da89918c62c4e47f18f18b1d508e3257b4fc6cce3de3fa09f1bfd
2019-01-10,NVL,HOSE,596080000.0,1788000.0,594292000.0,10120.0,30.0,10090.0,0.0,0.0,0.0,0.0,58000.0,59800.0,58000.0,59200.0,59260.0,HSX_FOREIGN_API,HOSE_SYMBOL_LEVEL,VND,2026-08-25T03:49:45Z,ff_hsx_symbol_daily_v1,66bb6c0767c193b0d4f22d93de5ea2a37f9103dbda37d253623d977307e3561f
2019-01-11,NVL,HOSE,63323000.0,7758000.0,55565000.0,1070.0,130.0,940.0,0.0,0.0,0.0,0.0,58500.0,59800.0,58500.0,59300.0,59300.0,HSX_FOREIGN_API,HOSE_SYMBOL_LEVEL,VND,2026-08-25T03:49:45Z,ff_hsx_symbol_daily_v1,e423b9461a7b11f2b55886b2b0767cb3f815b3b312ec4064cee0df5ec1d070da
2019-01-14,NVL,HOSE,60795000.0,3496625000.0,-3435830000.0,1060.0,60630.0,-59570.0,0.0,0.0,0.0,0.0,58500.0,58700.0,56900.0,58100.0,57770.0,HSX_FOREIGN_API,HOSE_SYMBOL_LEVEL,VND,2026-08-25T03:49:45Z,ff_hsx_symbol_daily_v1,5372ff73a852fce0d6c145c6b932d72de773c6762533916fe60e46de528e1bc0
2019-01-15,NVL,HOSE,2520405000.0,9302000.0,2511103000.0,43480.0,160.0,43320.0,0.0,0.0,0.0,0.0,57500.0,58400.0,56900.0,58100.0,57770.0,HSX_FOREIGN_API,HOSE_SYMBOL_LEVEL,VND,2026-08-25T03:49:45Z,ff_hsx_symbol_daily_v1,d91fd590abe32a760a8cd0a05d860bddb8ad529e6c3f246d08a6a9be721f799c
2019-01-16,NVL,HOSE,1490639000.0,2406798000.0,-916159000.0,26030.0,41940.0,-15910.0,0.0,0.0,0.0,0.0,57700.0,58100.0,56800.0,57500.0,57280.0,HSX_FOREIGN_API,HOSE_SYMBOL_LEVEL,VND,2026-08-25T03:49:45Z,ff_hsx_symbol_daily_v1,03c79ec1ed415ef39d84cc84e5da4594d99ec4c4b884d3eff0f6ea06a18e6c57
2019-01-17,NVL,HOSE,63580000.0,3338641000.0,-3275061000.0,1110.0,58380.0,-57270.0,0.0,0.0,0.0,0.0,57100.0,57500.0,56800.0,56800.0,57140.0,HSX_FOREIGN_API,HOSE_SYMBOL_LEVEL,VND,2026-08-25T03:49:45Z,ff_hsx_symbol_daily_v1,f8af9efad6a33487077478d1b3a6eb15235a1a49f125d99c5081e720729eaaf7
2019-01-18,NVL,HOSE,0.0,2848414000.0,-2848414000.0,0.0,49920.0,-49920.0,0.0,0.0,0.0,0.0,56800.0,57500.0,56800.0,57000.0,57080.0,HSX_FOREIGN_API,HOSE_SYMBOL_LEVEL,VND,2026-08-25T03:49:45Z,ff_hsx_symbol_daily_v1,b91288e4de1c8b3430336224f1622e5e452d33c50dc4a9fdd1b967e53b56cd8b
2019-01-21,NVL,HOSE,5710000.0,5683443000.0,-5677733000.0,100.0,99430.0,-99330.0,0.0,0.0,0.0,0.0,57000.0,57400.0,56900.0,57100.0,57130.0,HSX_FOREIGN_API,HOSE_SYMBOL_LEVEL,VND,2026-08-25T03:49:45Z,ff_hsx_symbol_daily_v1,8d69348e8c952bf5482258c1c881185044ee2e7730ada8a3acbc846e0decd4ec
2019-01-22,NVL,HOSE,1908247000.0,7593556000.0,-5685309000.0,33680.0,133800.0,-100120.0,0.0,0.0,0.0,0.0,57200.0,57300.0,56200.0,56900.0,56750.0,HSX_FOREIGN_API,HOSE_SYMBOL_LEVEL,VND,2026-08-25T03:49:45Z,ff_hsx_symbol_daily_v1,f31774cf5bb942f0face23b0fccad6207006d6672b27f362b1cb327d6fc721ff
2019-01-23,NVL,HOSE,2002864250.0,3504258250.0,-1501394000.0,35140.0,61360.0,-26220.0,1352966250.0,1352966250.0,23750.0,23750.0,56900.0,57200.0,56500.0,57200.0,56980.0,HSX_FOREIGN_API,HOSE_SYMBOL_LEVEL,VND,2026-08-25T03:49:45Z,ff_hsx_symbol_daily_v1,0421e9409055fd3cdfc58a811a6f5ffd37a8559d37d5afc1fea38e490d2d625b
2019-01-24,NVL,HOSE,0.0,1056454000.0,-1056454000.0,0.0,18460.0,-18460.0,0.0,0.0,0.0,0.0,57100.0,57300.0,56700.0,57100.0,57030.0,HSX_FOREIGN_API,HOSE_SYMBOL_LEVEL,VND,2026-08-25T03:49:45Z,ff_hsx_symbol_daily_v1,d9b5caca71a1a61de93f9da6da312d236d3c54e67c566b5c8fe60488b45df496
2019-01-25,NVL,HOSE,987820000.0,1230246000.0,-242426000.0,17360.0,21560.0,-4200.0,0.0,0.0,0.0,0.0,57100.0,57400.0,56000.0,57000.0,56900.0,HSX_FOREIGN_API,HOSE_SYMBOL_LEVEL,VND,2026-08-25T03:49:45Z,ff_hsx_symbol_daily_v1,190bb78a19ca1ad0c5ea2be330e48d81d5aa282930bc80e50d13d184843a7f6a
2019-01-28,NVL,HOSE,4184448000.0,1397645000.0,2786803000.0,73400.0,24480.0,48920.0,0.0,0.0,0.0,0.0,57000.0,57200.0,56800.0,57100.0,57020.0,HSX_FOREIGN_API,HOSE_SYMBOL_LEVEL,VND,2026-08-25T03:49:45Z,ff_hsx_symbol_daily_v1,b5755f675043dcbf2c77d5af98fe610fbb98656f8b931b5429225abb31577d56
2019-01-29,NVL,HOSE,8261456000.0,4553700000.0,3707756000.0,144850.0,80000.0,64850.0,0.0,0.0,0.0,0.0,57100.0,57400.0,56700.0,57400.0,57020.0,HSX_FOREIGN_API,HOSE_SYMBOL_LEVEL,VND,2026-08-25T03:49:45Z,ff_hsx_symbol_daily_v1,d815e25cf242fc5e5827faf68a2741c4e9aea2c88992fa47f8dddd5dcb394308
2019-01-30,NVL,HOSE,4767037720.0,7758286720.0,-2991249000.0,83460.0,135740.0,-52280.0,3965926720.0,3965926720.0,69440.0,69440.0,57000.0,57300.0,56900.0,57100.0,57110.0,HSX_FOREIGN_API,HOSE_SYMBOL_LEVEL,VND,2026-08-25T03:49:45Z,ff_hsx_symbol_daily_v1,6a7c6932f075070c0476c55dbc318872c54de92a9e4bd6407b38c46c78ef41c4
2019-01-31,NVL,HOSE,5879450000.0,18098106000.0,-12218656000.0,103610.0,319440.0,-215830.0,0.0,0.0,0.0,0.0,57000.0,57200.0,56300.0,56600.0,56700.0,HSX_FOREIGN_API,HOSE_SYMBOL_LEVEL,VND,2026-08-25T03:49:45Z,ff_hsx_symbol_daily_v1,99df00b18c3e4a9f92ec89d8e987ed97cd86bcba5ef32bb043c1aeaa2b457698
2019-02-01,NVL,HOSE,4226965600.0,12658773600.0,-8431808000.0,75010.0,225180.0,-150170.0,3824698600.0,3824698600.0,67880.0,67880.0,56600.0,56900.0,55800.0,56700.0,56340.0,HSX_FOREIGN_API,HOSE_SYMBOL_LEVEL,VND,2026-08-25T03:49:45Z,ff_hsx_symbol_daily_v1,3aebb8378a0b4be6b43450298c59351bac874f882785f8f799cd9e04808bb00e
2019-02-11,NVL,HOSE,5035250000.0,3610987000.0,1424263000.0,87460.0,62650.0,24810.0,0.0,0.0,0.0,0.0,56800.0,57900.0,56700.0,57500.0,57510.0,HSX_FOREIGN_API,HOSE_SYMBOL_LEVEL,VND,2026-08-25T03:49:45Z,ff_hsx_symbol_daily_v1,41c9aa740e8e3479e39329269e362476ae9953742bffde8af990a4d910028541
2019-02-12,NVL,HOSE,3478394000.0,5637822000.0,-2159428000.0,60500.0,97910.0,-37410.0,0.0,0.0,0.0,0.0,57500.0,57800.0,57300.0,57500.0,57510.0,HSX_FOREIGN_API,HOSE_SYMBOL_LEVEL,VND,2026-08-25T03:49:45Z,ff_hsx_symbol_daily_v1,50ce61cfbda56eba2d21cc0e7b79c001d44d073670382a406344e0b0bd6ede0c
2019-02-13,NVL,HOSE,5321637000.0,7121884000.0,-1800247000.0,92540.0,123760.0,-31220.0,0.0,0.0,0.0,0.0,57500.0,57800.0,57100.0,57500.0,57490.0,HSX_FOREIGN_API,HOSE_SYMBOL_LEVEL,VND,2026-08-25T03:49:45Z,ff_hsx_symbol_daily_v1,edb1708aad4d7ed4e19c65aae9bf6ccbbb5ba0251ef8c23c6b9e68fa0191f801
2019-02-14,NVL,HOSE,8951477000.0,12000985000.0,-3049508000.0,153660.0,206080.0,-52420.0,0.0,0.0,0.0,0.0,57600.0,59200.0,57500.0,57900.0,58330.0,HSX_FOREIGN_API,HOSE_SYMBOL_LEVEL,VND,2026-08-25T03:49:45Z,ff_hsx_symbol_daily_v1,2342d517d19ccfda0a9ccdf275c90a7ad824650987845c5202d85ed6aaada624
2019-02-15,NVL,HOSE,2832761000.0,12854043000.0,-10021282000.0,48970.0,221850.0,-172880.0,0.0,0.0,0.0,0.0,57900.0,58300.0,57500.0,57500.0,57900.0,HSX_FOREIGN_API,HOSE_SYMBOL_LEVEL,VND,2026-08-25T03:49:45Z,ff_hsx_symbol_daily_v1,9ff10cc7ab50dd53722c1a36c50b9e414973b164ae20c80db693beb7764bbb07
2019-02-18,NVL,HOSE,8104291000.0,12851600000.0,-4747309000.0,140000.0,222030.0,-82030.0,0.0,0.0,0.0,0.0,57500.0,58200.0,57500.0,57900.0,57880.0,HSX_FOREIGN_API,HOSE_SYMBOL_LEVEL,VND,2026-08-25T03:49:45Z,ff_hsx_symbol_daily_v1,bb6c517683877944400796f9cffeefe39f9aa77fcc4450337563bf9fff9f6c4a
2019-02-19,NVL,HOSE,5641730160.0,13350046160.0,-7708316000.0,97200.0,230070.0,-132870.0,4497094160.0,4497094160.0,77480.0,77480.0,57900.0,58200.0,57800.0,58000.0,58010.0,HSX_FOREIGN_API,HOSE_SYMBOL_LEVEL,VND,2026-08-25T03:49:45Z,ff_hsx_symbol_daily_v1,38b2d024035068262cc42f629a0d5516d8252957b3e47d3d993161dee51674de
2019-02-20,NVL,HOSE,5466831000.0,12506897000.0,-7040066000.0,94210.0,215340.0,-121130.0,3482220000.0,3482220000.0,60000.0,60000.0,57800.0,58200.0,57800.0,58100.0,58040.0,HSX_FOREIGN_API,HOSE_SYMBOL_LEVEL,VND,2026-08-25T03:49:45Z,ff_hsx_symbol_daily_v1,827eba0264a59f892aeb6dcd3beb4a89ff2ac86a02a6a143fbf4d52d27d16339
2019-02-21,NVL,HOSE,11086969000.0,21586677000.0,-10499708000.0,190860.0,370970.0,-180110.0,0.0,0.0,0.0,0.0,58100.0,58300.0,57800.0,58300.0,58130.0,HSX_FOREIGN_API,HOSE_SYMBOL_LEVEL,VND,2026-08-25T03:49:45Z,ff_hsx_symbol_daily_v1,e0a8cf7650f6035977edc67c1ae136ca338031fd1ac9b724a2d4002572876a35
2019-02-22,NVL,HOSE,4258621300.0,14587242300.0,-10328621000.0,72890.0,249410.0,-176520.0,2030262300.0,2030262300.0,34700.0,34700.0,58400.0,59100.0,58000.0,58400.0,58510.0,HSX_FOREIGN_API,HOSE_SYMBOL_LEVEL,VND,2026-08-25T03:49:45Z,ff_hsx_symbol_daily_v1,4146c6218af12d0aef06b0673996af97985df25ae474d122b6afb98a7b56fd4b
2019-02-25,NVL,HOSE,4386126000.0,12180000.0,4373946000.0,72540.0,200.0,72340.0,0.0,0.0,0.0,0.0,58500.0,61300.0,58500.0,59800.0,60210.0,HSX_FOREIGN_API,HOSE_SYMBOL_LEVEL,VND,2026-08-25T03:49:45Z,ff_hsx_symbol_daily_v1,a01facc931c91a8b47d50ed10c654d3a0c5696f4511ca49a6513747a6c785ff6
2019-02-26,NVL,HOSE,5378682000.0,3436879000.0,1941803000.0,89410.0,57500.0,31910.0,2090375000.0,2090375000.0,35000.0,35000.0,60500.0,61200.0,59400.0,59400.0,60300.0,HSX_FOREIGN_API,HOSE_SYMBOL_LEVEL,VND,2026-08-25T03:49:45Z,ff_hsx_symbol_daily_v1,6fe31aea10f41dd35d6eb013ab5f0e42ebd211ce447491c0378c9b926dbfea2c
2019-02-27,NVL,HOSE,12810954000.0,963075000.0,11847879000.0,213710.0,16080.0,197630.0,0.0,0.0,0.0,0.0,59400.0,60500.0,59400.0,59600.0,59910.0,HSX_FOREIGN_API,HOSE_SYMBOL_LEVEL,VND,2026-08-25T03:49:45Z,ff_hsx_symbol_daily_v1,950f58c5f1ce646e5d52352693661fa15a5a2b9955ce1de4bd2ec1a5010a5166
2019-02-28,NVL,HOSE,31239847000.0,26837026000.0,4402821000.0,533000.0,460920.0,72080.0,0.0,0.0,0.0,0.0,60000.0,60700.0,57500.0,57500.0,58920.0,HSX_FOREIGN_API,HOSE_SYMBOL_LEVEL,VND,2026-08-25T03:49:45Z,ff_hsx_symbol_daily_v1,c687468842564975b358e3cbdc8412e2d8f0c766d63f4773358c74804bb73b93
2019-03-01,NVL,HOSE,11486078000.0,581000.0,11485497000.0,195240.0,10.0,195230.0,0.0,0.0,0.0,0.0,57100.0,59200.0,57100.0,59200.0,58450.0,HSX_FOREIGN_API,HOSE_SYMBOL_LEVEL,VND,2026-08-25T03:49:45Z,ff_hsx_symbol_daily_v1,8f85c51d15c4263db002986bbfee368f2b3400ed45e18b92c139778da6d12bc3
2019-03-04,NVL,HOSE,8638270000.0,1764080000.0,6874190000.0,145510.0,29730.0,115780.0,0.0,0.0,0.0,0.0,59200.0,60000.0,58600.0,59500.0,59270.0,HSX_FOREIGN_API,HOSE_SYMBOL_LEVEL,VND,2026-08-25T03:49:45Z,ff_hsx_symbol_daily_v1,2a7821c0c86db5eaa2fb5f3f78ec66f68bcd89c15752d29c9096056ad1311e60
2019-03-05,NVL,HOSE,4107244000.0,357356000.0,3749888000.0,69540.0,6050.0,63490.0,0.0,0.0,0.0,0.0,59300.0,59700.0,58500.0,58800.0,59090.0,HSX_FOREIGN_API,HOSE_SYMBOL_LEVEL,VND,2026-08-25T03:49:45Z,ff_hsx_symbol_daily_v1,794803c344ea090a70c7d3b6ad379255c3b6df9fd5f6492a71d2e494c05a548d
2019-03-06,NVL,HOSE,2215882000.0,8158744000.0,-5942862000.0,38520.0,142780.0,-104260.0,0.0,0.0,0.0,0.0,58800.0,58800.0,56600.0,57000.0,57300.0,HSX_FOREIGN_API,HOSE_SYMBOL_LEVEL,VND,2026-08-25T03:49:45Z,ff_hsx_symbol_daily_v1,06c0fe2636843a20d78cec7846e8e99efda679866f4e9d4a12ca3d7c7428330d
2019-03-07,NVL,HOSE,4741544780.0,352663000.0,4388881780.0,82470.0,6140.0,76330.0,2947603780.0,0.0,51260.0,0.0,57000.0,57900.0,57000.0,57400.0,57510.0,HSX_FOREIGN_API,HOSE_SYMBOL_LEVEL,VND,2026-08-25T03:49:45Z,ff_hsx_symbol_daily_v1,2b8ee14bfe005b88a94a859a5c95e924a8b72fade21417f631dc69202ddc7073
2019-03-08,NVL,HOSE,7652492000.0,560507000.0,7091985000.0,132000.0,9710.0,122290.0,5797200000.0,0.0,100000.0,0.0,57000.0,58700.0,57000.0,57500.0,57970.0,HSX_FOREIGN_API,HOSE_SYMBOL_LEVEL,VND,2026-08-25T03:49:45Z,ff_hsx_symbol_daily_v1,c30802ebe5375d2bf8769554dbff9de272a72c7d9c2df76fe73e6e288cd3918e
2019-03-11,NVL,HOSE,19328072000.0,1833927000.0,17494145000.0,324020.0,30730.0,293290.0,0.0,0.0,0.0,0.0,58000.0,60600.0,58000.0,60100.0,59520.0,HSX_FOREIGN_API,HOSE_SYMBOL_LEVEL,VND,2026-08-25T03:49:45Z,ff_hsx_symbol_daily_v1,3b7bc8b96dda30f735e4b9c22c1f5484a0472f5d2c9dd2014799bbf5b87183d5
2019-03-12,NVL,HOSE,41719231000.0,2471598000.0,39247633000.0,673860.0,40160.0,633700.0,0.0,0.0,0.0,0.0,60200.0,62500.0,60200.0,62500.0,61820.0,HSX_FOREIGN_API,HOSE_SYMBOL_LEVEL,VND,2026-08-25T03:49:45Z,ff_hsx_symbol_daily_v1,5f22441437d2e1b1f87632458c91211a85642f690be59fbe8a19743010bf5dcf
2019-03-13,NVL,HOSE,1358741000.0,728887000.0,629854000.0,21860.0,11850.0,10010.0,0.0,0.0,0.0,0.0,62500.0,62800.0,61000.0,61200.0,61550.0,HSX_FOREIGN_API,HOSE_SYMBOL_LEVEL,VND,2026-08-25T03:49:45Z,ff_hsx_symbol_daily_v1,4d69f1e42007bb8969f67d5767daf0f634f91801dc88f95ddb6444992e8dc202
2019-03-14,NVL,HOSE,23364289000.0,21579845000.0,1784444000.0,380730.0,351790.0,28940.0,21286208000.0,21286208000.0,347000.0,347000.0,61000.0,62100.0,60500.0,61900.0,61400.0,HSX_FOREIGN_API,HOSE_SYMBOL_LEVEL,VND,2026-08-25T03:49:45Z,ff_hsx_symbol_daily_v1,1d4f60cb09fb472cf1be92744461fed3a44d98ba4f1242b8a266baa0c64129b4
2019-03-15,NVL,HOSE,201744252000.0,142014902000.0,59729350000.0,3297900.0,2341980.0,955920.0,79008750000.0,41508750000.0,1264140.0,664140.0,62000.0,62600.0,59900.0,59900.0,60620.0,HSX_FOREIGN_API,HOSE_SYMBOL_LEVEL,VND,2026-08-25T03:49:45Z,ff_hsx_symbol_daily_v1,558c7f2d16566611b0126c8ebf7e461fefd9a120930ef5bcd5d7d7779eb70695
2019-03-18,NVL,HOSE,313725000.0,5606523000.0,-5292798000.0,5230.0,93610.0,-88380.0,0.0,0.0,0.0,0.0,60200.0,61000.0,59000.0,59200.0,60030.0,HSX_FOREIGN_API,HOSE_SYMBOL_LEVEL,VND,2026-08-25T03:49:45Z,ff_hsx_symbol_daily_v1,400d390ce67acd537296b6447eb81adddb7dc4179a398c2e245c2d218638b2bb
2019-03-19,NVL,HOSE,6056259540.0,7773430540.0,-1717171000.0,103350.0,132570.0,-29220.0,5345895540.0,5345895540.0,91230.0,91230.0,59300.0,59500.0,58200.0,58400.0,58660.0,HSX_FOREIGN_API,HOSE_SYMBOL_LEVEL,VND,2026-08-25T03:49:45Z,ff_hsx_symbol_daily_v1,f906adb4624eec3a1b3c55f55afafc865e7ca40f8b7880b8f5a1427aea8283e7
2019-03-20,NVL,HOSE,19936812000.0,22712691000.0,-2775879000.0,340840.0,388250.0,-47410.0,15197415000.0,15197415000.0,259790.0,259790.0,58500.0,59200.0,58300.0,58300.0,58550.0,HSX_FOREIGN_API,HOSE_SYMBOL_LEVEL,VND,2026-08-25T03:49:45Z,ff_hsx_symbol_daily_v1,5ab8bbdc50cab6a962559015914d4977a4bff55c6c5dc0630e54731ee35a7b78
2019-03-21,NVL,HOSE,3295744000.0,5160763000.0,-1865019000.0,56750.0,88950.0,-32200.0,0.0,0.0,0.0,0.0,58000.0,58800.0,57000.0,57000.0,57900.0,HSX_FOREIGN_API,HOSE_SYMBOL_LEVEL,VND,2026-08-25T03:49:45Z,ff_hsx_symbol_daily_v1,d40cb8c29a780b245abefe192bf9c56c32a72d55c1cc2051455424f6643cc2f2
2019-03-22,NVL,HOSE,138934000.0,4311020000.0,-4172086000.0,2430.0,75400.0,-72970.0,0.0,0.0,0.0,0.0,57200.0,57900.0,56900.0,57400.0,57220.0,HSX_FOREIGN_API,HOSE_SYMBOL_LEVEL,VND,2026-08-25T03:49:45Z,ff_hsx_symbol_daily_v1,ed51d7240296a524d3bc20578da72885ce3d69a608d80a22203d717d7be30fac
2019-03-25,NVL,HOSE,2820000.0,2688781000.0,-2685961000.0,50.0,47740.0,-47690.0,0.0,0.0,0.0,0.0,56000.0,57000.0,56000.0,56400.0,56320.0,HSX_FOREIGN_API,HOSE_SYMBOL_LEVEL,VND,2026-08-25T03:49:45Z,ff_hsx_symbol_daily_v1,8f97fe949e36a18879bc7ae818da098ded033c2c318ab4bb427e443f7d6e253e
2019-03-26,NVL,HOSE,34110000.0,4121745000.0,-4087635000.0,600.0,72570.0,-71970.0,0.0,0.0,0.0,0.0,56400.0,57100.0,56400.0,56600.0,56790.0,HSX_FOREIGN_API,HOSE_SYMBOL_LEVEL,VND,2026-08-25T03:49:45Z,ff_hsx_symbol_daily_v1,f0eeac23d923523b3fb565679104736dffe55c9ecdee2507d6b5b508075f40a7
2019-03-27,NVL,HOSE,1618060000.0,2534147000.0,-916087000.0,28400.0,44440.0,-16040.0,0.0,0.0,0.0,0.0,57000.0,57400.0,56600.0,56800.0,56960.0,HSX_FOREIGN_API,HOSE_SYMBOL_LEVEL,VND,2026-08-25T03:49:45Z,ff_hsx_symbol_daily_v1,08c9c3919120fd1a9557ddafdd91780aa9a958491aa92f68242c4cbbf1b7f15a
2019-03-28,NVL,HOSE,20919639670.0,32336288670.0,-11416649000.0,367500.0,568640.0,-201140.0,16794331670.0,16794331670.0,295210.0,295210.0,56900.0,57600.0,56200.0,56200.0,56930.0,HSX_FOREIGN_API,HOSE_SYMBOL_LEVEL,VND,2026-08-25T03:49:45Z,ff_hsx_symbol_daily_v1,7351e2f6b0a9ca78bcf874a702ff11666ef78aa17298610cb541b605d8d573f9
2019-03-29,NVL,HOSE,914332000.0,34665126000.0,-33750794000.0,16270.0,619560.0,-603290.0,0.0,0.0,0.0,0.0,56300.0,57000.0,55600.0,55800.0,55990.0,HSX_FOREIGN_API,HOSE_SYMBOL_LEVEL,VND,2026-08-25T03:49:45Z,ff_hsx_symbol_daily_v1,cb538d34b4e50b4dd0ffec5bc5fa0adb0eeba7506ebdd485acf2c4f74cc2c4e1
2019-04-01,NVL,HOSE,545928000.0,27299813000.0,-26753885000.0,9830.0,491990.0,-482160.0,0.0,0.0,0.0,0.0,56000.0,56600.0,55200.0,55500.0,55520.0,HSX_FOREIGN_API,HOSE_SYMBOL_LEVEL,VND,2026-08-25T03:49:45Z,ff_hsx_symbol_daily_v1,dd5371ec1ac2b7f01c2f58dcf9a0b58dd0633894ce38d9ccb9ce6401b1f6a698
2019-04-02,NVL,HOSE,84258000.0,3770105000.0,-3685847000.0,1510.0,67900.0,-66390.0,0.0,0.0,0.0,0.0,55700.0,56000.0,55300.0,55800.0,55570.0,HSX_FOREIGN_API,HOSE_SYMBOL_LEVEL,VND,2026-08-25T03:49:45Z,ff_hsx_symbol_daily_v1,fef051b3056267c0baabb08e2ccb2aae86fb286043fb0de091e40c5023f01e01
2019-04-03,NVL,HOSE,2471894000.0,56200000.0,2415694000.0,43980.0,1000.0,42980.0,0.0,0.0,0.0,0.0,55400.0,56800.0,55400.0,56200.0,56170.0,HSX_FOREIGN_API,HOSE_SYMBOL_LEVEL,VND,2026-08-25T03:49:45Z,ff_hsx_symbol_daily_v1,d6f9ce8ef615fa5f37a8409a7663a07c5fc966be1773092e2c3bf44e6ab23de3
2019-04-04,NVL,HOSE,2702885000.0,1400417000.0,1302468000.0,47740.0,24730.0,23010.0,0.0,0.0,0.0,0.0,56500.0,56900.0,56300.0,56300.0,56600.0,HSX_FOREIGN_API,HOSE_SYMBOL_LEVEL,VND,2026-08-25T03:49:45Z,ff_hsx_symbol_daily_v1,c59a29f48c1dc0b8956f05c48f4d640847815c825ee6a2ea288f082e48a17a15
2019-04-05,NVL,HOSE,3976000.0,113800000.0,-109824000.0,70.0,2000.0,-1930.0,0.0,0.0,0.0,0.0,56500.0,57200.0,56500.0,56900.0,56910.0,HSX_FOREIGN_API,HOSE_SYMBOL_LEVEL,VND,2026-08-25T03:49:45Z,ff_hsx_symbol_daily_v1,eb0b19f61f4c3644d664a2999de00ff9deed2d570fbcbceb4ceaf1e1f0dddbb8
2019-04-08,NVL,HOSE,3774438000.0,1713000.0,3772725000.0,65960.0,30.0,65930.0,0.0,0.0,0.0,0.0,57200.0,57500.0,57000.0,57100.0,57240.0,HSX_FOREIGN_API,HOSE_SYMBOL_LEVEL,VND,2026-08-25T03:49:45Z,ff_hsx_symbol_daily_v1,4d2fc6eb7a9873e99799a566a0c82a500017c399da184eb3f3628e5d4a5eee52
2019-04-09,NVL,HOSE,56900000.0,0.0,56900000.0,1000.0,0.0,1000.0,0.0,0.0,0.0,0.0,57200.0,57400.0,56500.0,56600.0,56970.0,HSX_FOREIGN_API,HOSE_SYMBOL_LEVEL,VND,2026-08-25T03:49:45Z,ff_hsx_symbol_daily_v1,99f4833bb8620c5a38533284852630da166423366ca4f65299b01017c75672b1
2019-04-10,NVL,HOSE,1917462000.0,1138100000.0,779362000.0,33720.0,20080.0,13640.0,0.0,0.0,0.0,0.0,56500.0,57100.0,56200.0,56600.0,56700.0,HSX_FOREIGN_API,HOSE_SYMBOL_LEVEL,VND,2026-08-25T03:49:45Z,ff_hsx_symbol_daily_v1,7686f2156f1399304be67214a6cc7874ef0445c45e1238a5831402684107545a
2019-04-11,NVL,HOSE,1280064000.0,1262614000.0,17450000.0,22540.0,22240.0,300.0,0.0,0.0,0.0,0.0,56700.0,57000.0,56600.0,56700.0,56810.0,HSX_FOREIGN_API,HOSE_SYMBOL_LEVEL,VND,2026-08-25T03:49:45Z,ff_hsx_symbol_daily_v1,0aa390cca55e3d1c66903f64809f4abd5df9214d44ca3df613ba63998a2736e3
2019-04-12,NVL,HOSE,2487010120.0,12127344120.0,-9640334000.0,44020.0,214970.0,-170950.0,2483608120.0,2483608120.0,43960.0,43960.0,56700.0,57000.0,56000.0,56000.0,56500.0,HSX_FOREIGN_API,HOSE_SYMBOL_LEVEL,VND,2026-08-25T03:49:45Z,ff_hsx_symbol_daily_v1,7da7bedd0f466693feec27393c623843cdb96fc3743ba48c76e0803b302d9363
2019-04-16,NVL,HOSE,0.0,5144255000.0,-5144255000.0,0.0,92490.0,-92490.0,0.0,0.0,0.0,0.0,55500.0,56100.0,55000.0,55900.0,55690.0,HSX_FOREIGN_API,HOSE_SYMBOL_LEVEL,VND,2026-08-25T03:49:45Z,ff_hsx_symbol_daily_v1,ccca744f0cd46f3544a24be801c46e1c83e366ac6faa20cc04ad96a77408b8ad
2019-04-17,NVL,HOSE,4471710000.0,1068963000.0,3402747000.0,79240.0,19000.0,60240.0,0.0,0.0,0.0,0.0,55900.0,56700.0,55700.0,56200.0,56320.0,HSX_FOREIGN_API,HOSE_SYMBOL_LEVEL,VND,2026-08-25T03:49:45Z,ff_hsx_symbol_daily_v1,d2165804519e3491c90ba4e47335c6e03814260078b197fac71196d8a6423a10
2019-04-18,NVL,HOSE,1470379000.0,0.0,1470379000.0,26030.0,0.0,26030.0,0.0,0.0,0.0,0.0,56000.0,56900.0,55500.0,56400.0,56440.0,HSX_FOREIGN_API,HOSE_SYMBOL_LEVEL,VND,2026-08-25T03:49:45Z,ff_hsx_symbol_daily_v1,bdcfae7318b6c8315e71c3d14bf97e6dfaa9054ab6e85cecc898a08e64eb0b97
2019-04-19,NVL,HOSE,0.0,15363000.0,-15363000.0,0.0,270.0,-270.0,0.0,0.0,0.0,0.0,56500.0,57200.0,56500.0,57200.0,57020.0,HSX_FOREIGN_API,HOSE_SYMBOL_LEVEL,VND,2026-08-25T03:49:45Z,ff_hsx_symbol_daily_v1,2e32a9870989ee2260c8950062e0303a7fd78656057229f546ed8a1de705843c
2019-04-22,NVL,HOSE,493926000.0,0.0,493926000.0,8620.0,0.0,8620.0,0.0,0.0,0.0,0.0,57500.0,57700.0,57000.0,57300.0,57370.0,HSX_FOREIGN_API,HOSE_SYMBOL_LEVEL,VND,2026-08-25T03:49:45Z,ff_hsx_symbol_daily_v1,6b0d1bd61f6f76677ddaf8e109309decf0d7f896cfdd342d7fc73d56af523b65
2019-04-23,NVL,HOSE,58100000.0,3958391000.0,-3900291000.0,1000.0,68280.0,-67280.0,0.0,0.0,0.0,0.0,57400.0,58500.0,57200.0,58100.0,57830.0,HSX_FOREIGN_API,HOSE_SYMBOL_LEVEL,VND,2026-08-25T03:49:45Z,ff_hsx_symbol_daily_v1,c0e7b159953afdf72ce681bc107d96f3618a1600dc812977b856060bae3f46ba
2019-04-24,NVL,HOSE,574293000.0,152130000.0,422163000.0,9790.0,2600.0,7190.0,0.0,0.0,0.0,0.0,58500.0,59000.0,58100.0,58400.0,58640.0,HSX_FOREIGN_API,HOSE_SYMBOL_LEVEL,VND,2026-08-25T03:49:45Z,ff_hsx_symbol_daily_v1,896d576ac99e1ba84bd7cc590eea2329579b973e0313a94e24c75bfa56548063
2019-04-25,NVL,HOSE,1302920000.0,0.0,1302920000.0,22400.0,0.0,22400.0,0.0,0.0,0.0,0.0,58400.0,58500.0,57500.0,58200.0,58170.0,HSX_FOREIGN_API,HOSE_SYMBOL_LEVEL,VND,2026-08-25T03:49:45Z,ff_hsx_symbol_daily_v1,7045379ca9354bfa321dc14a311220adf5721089e6242397704b7008385299cd
2019-04-26,NVL,HOSE,1301194000.0,3624409000.0,-2323215000.0,22050.0,61390.0,-39340.0,0.0,0.0,0.0,0.0,58000.0,59300.0,58000.0,59100.0,59020.0,HSX_FOREIGN_API,HOSE_SYMBOL_LEVEL,VND,2026-08-25T03:49:45Z,ff_hsx_symbol_daily_v1,03b8ede313fc0d7e83054d5abe87877e9288243457b75d158a8ca2b19d10e4cf
2019-05-02,NVL,HOSE,1056107000.0,4414655000.0,-3358548000.0,18020.0,75830.0,-57810.0,0.0,0.0,0.0,0.0,59200.0,59200.0,57900.0,58500.0,58470.0,HSX_FOREIGN_API,HOSE_SYMBOL_LEVEL,VND,2026-08-25T03:49:45Z,ff_hsx_symbol_daily_v1,621b1cc5777f38b1d299dc84a0d38796225cf85a6b075467b5b54b53ddde0030
2019-05-03,NVL,HOSE,1151646000.0,4456810000.0,-3305164000.0,19700.0,75480.0,-55780.0,0.0,0.0,0.0,0.0,58500.0,59500.0,58100.0,59500.0,58830.0,HSX_FOREIGN_API,HOSE_SYMBOL_LEVEL,VND,2026-08-25T03:49:45Z,ff_hsx_symbol_daily_v1,a699289c1185e2d976e375d2efdf57b37f36f2fe4353d152198acbf5f8a4d381
2019-05-06,NVL,HOSE,580000.0,0.0,580000.0,10.0,0.0,10.0,0.0,0.0,0.0,0.0,59400.0,59400.0,57900.0,58100.0,58280.0,HSX_FOREIGN_API,HOSE_SYMBOL_LEVEL,VND,2026-08-25T03:49:45Z,ff_hsx_symbol_daily_v1,3ed3e16875e8859093f3cd9615c59d82d5cd8252077000c79958365faef29bf1
2019-05-07,NVL,HOSE,2186288000.0,10575799000.0,-8389511000.0,38300.0,184840.0,-146540.0,1767868000.0,1767868000.0,31000.0,31000.0,58000.0,58500.0,56800.0,57000.0,57410.0,HSX_FOREIGN_API,HOSE_SYMBOL_LEVEL,VND,2026-08-25T03:49:45Z,ff_hsx_symbol_daily_v1,b39f0313c9aed74262979df57e07b3b75832724acfeabac7c458c198fe71b54c
2019-05-08,NVL,HOSE,0.0,3003507000.0,-3003507000.0,0.0,52580.0,-52580.0,0.0,0.0,0.0,0.0,56800.0,57500.0,56500.0,57400.0,57180.0,HSX_FOREIGN_API,HOSE_SYMBOL_LEVEL,VND,2026-08-25T03:49:45Z,ff_hsx_symbol_daily_v1,30969041ae873a90ff1617f1fc70140c6f9c4453267b6e18005a534091f76d33
2019-05-09,NVL,HOSE,1456205000.0,0.0,1456205000.0,25160.0,0.0,25160.0,0.0,0.0,0.0,0.0,57300.0,58000.0,57200.0,57700.0,57740.0,HSX_FOREIGN_API,HOSE_SYMBOL_LEVEL,VND,2026-08-25T03:49:45Z,ff_hsx_symbol_daily_v1,6864d74a2e772b9c936227f3637023a8caaeaed15786b3a01ff339778dbbac10
2019-05-10,NVL,HOSE,0.0,68094000.0,-68094000.0,0.0,1170.0,-1170.0,0.0,0.0,0.0,0.0,57700.0,58600.0,57700.0,58400.0,58360.0,HSX_FOREIGN_API,HOSE_SYMBOL_LEVEL,VND,2026-08-25T03:49:45Z,ff_hsx_symbol_daily_v1,d9c4b0f40ff9e41d69a36383e69990cf78acd4522954175d373166d7cf1d8e6b
2019-05-13,NVL,HOSE,0.0,2483104000.0,-2483104000.0,0.0,42760.0,-42760.0,0.0,0.0,0.0,0.0,58400.0,58400.0,57800.0,58200.0,58080.0,HSX_FOREIGN_API,HOSE_SYMBOL_LEVEL,VND,2026-08-25T03:49:45Z,ff_hsx_symbol_daily_v1,26d09859c739c6ac510534f9b188e7b7dd6c75defc414ddf35ef7ca719f0d17f
2019-05-14,NVL,HOSE,309582000.0,0.0,309582000.0,5330.0,0.0,5330.0,0.0,0.0,0.0,0.0,58000.0,58400.0,57800.0,58300.0,58120.0,HSX_FOREIGN_API,HOSE_SYMBOL_LEVEL,VND,2026-08-25T03:49:45Z,ff_hsx_symbol_daily_v1,330b390ba2d56758cc202e052a62e9247cdee0f898ac70b36d408457140968ab
2019-05-15,NVL,HOSE,226874000.0,0.0,226874000.0,3880.0,0.0,3880.0,0.0,0.0,0.0,0.0,58400.0,58600.0,58100.0,58500.0,58400.0,HSX_FOREIGN_API,HOSE_SYMBOL_LEVEL,VND,2026-08-25T03:49:45Z,ff_hsx_symbol_daily_v1,fa0987b0722d0fc88bc0b31f1a032edb72d05a5c2452686a0ff8c38db6816522
2019-05-16,NVL,HOSE,0.0,3982680000.0,-3982680000.0,0.0,68080.0,-68080.0,0.0,0.0,0.0,0.0,58500.0,58900.0,58500.0,58500.0,58680.0,HSX_FOREIGN_API,HOSE_SYMBOL_LEVEL,VND,2026-08-25T03:49:45Z,ff_hsx_symbol_daily_v1,941738c6c8f4550db2d7d3f313eae460a4bbf92f7837bc4ad05d586703b6ba5d
2019-05-17,NVL,HOSE,5395267000.0,1071928000.0,4323339000.0,92010.0,18320.0,73690.0,0.0,0.0,0.0,0.0,58500.0,58800.0,58500.0,58500.0,58650.0,HSX_FOREIGN_API,HOSE_SYMBOL_LEVEL,VND,2026-08-25T03:49:45Z,ff_hsx_symbol_daily_v1,366507c64c587e040a3df747ca0be76b72704d5355fd0648005a8d8a5f878ad1
2019-05-20,NVL,HOSE,5286822000.0,0.0,5286822000.0,88830.0,0.0,88830.0,0.0,0.0,0.0,0.0,58600.0,59700.0,58600.0,59400.0,59470.0,HSX_FOREIGN_API,HOSE_SYMBOL_LEVEL,VND,2026-08-25T03:49:45Z,ff_hsx_symbol_daily_v1,061b819fb230a0b6d8a5c2d4ab5b780310a3634a8208f2a6432ed46c386ab675
2019-05-21,NVL,HOSE,2620528000.0,699150000.0,1921378000.0,44150.0,11850.0,32300.0,0.0,0.0,0.0,0.0,59700.0,59700.0,59000.0,59000.0,59350.0,HSX_FOREIGN_API,HOSE_SYMBOL_LEVEL,VND,2026-08-25T03:49:45Z,ff_hsx_symbol_daily_v1,fe7052b5f4f0901bf7bafe8408a357cf3ed2f044147c5f303d7be423c860d22e
2019-05-22,NVL,HOSE,0.0,6422101000.0,-6422101000.0,0.0,110060.0,-110060.0,0.0,0.0,0.0,0.0,59000.0,59200.0,57700.0,57700.0,58570.0,HSX_FOREIGN_API,HOSE_SYMBOL_LEVEL,VND,2026-08-25T03:49:45Z,ff_hsx_symbol_daily_v1,025521e71bf63c02e424205ad75e808a53dcf3c3394f439b92544872d867c0d2
2019-05-23,NVL,HOSE,3915813000.0,3821526000.0,94287000.0,67480.0,65850.0,1630.0,3714496000.0,3714496000.0,64000.0,64000.0,57700.0,58300.0,57400.0,58200.0,57960.0,HSX_FOREIGN_API,HOSE_SYMBOL_LEVEL,VND,2026-08-25T03:49:45Z,ff_hsx_symbol_daily_v1,0c82293b62cd8c7f6effa12662c0f130319b07673ecfbe3e3fb686ce2fc30d28
2019-05-24,NVL,HOSE,2953180000.0,296869000.0,2656311000.0,50230.0,5040.0,45190.0,0.0,0.0,0.0,0.0,58200.0,59300.0,57800.0,58200.0,58750.0,HSX_FOREIGN_API,HOSE_SYMBOL_LEVEL,VND,2026-08-25T03:49:45Z,ff_hsx_symbol_daily_v1,3f7ca5e31478527e02a7b5d7741a6f16bed1dfeab2b7a32f44a74fd4aed5320b
2019-05-27,NVL,HOSE,5238000.0,18720000.0,-13482000.0,90.0,320.0,-230.0,0.0,0.0,0.0,0.0,58200.0,58600.0,58200.0,58300.0,58400.0,HSX_FOREIGN_API,HOSE_SYMBOL_LEVEL,VND,2026-08-25T03:49:45Z,ff_hsx_symbol_daily_v1,6cea903e11af4786d36f9c23c6bda35f09fb73b6b8a934efdda53cad19fdef4a
2019-05-28,NVL,HOSE,10403301000.0,5094000000.0,5309301000.0,178020.0,87080.0,90940.0,3951675000.0,3951675000.0,67550.0,67550.0,58300.0,58700.0,57900.0,58500.0,58220.0,HSX_FOREIGN_API,HOSE_SYMBOL_LEVEL,VND,2026-08-25T03:49:45Z,ff_hsx_symbol_daily_v1,b408fc520d8fe8a7ad3a8dd7bb8b2e7fd216da3a0b3f290a4475623c1d036004
2019-05-29,NVL,HOSE,11023334000.0,5870000.0,11017464000.0,187240.0,100.0,187140.0,0.0,0.0,0.0,0.0,58500.0,59100.0,58200.0,59100.0,58820.0,HSX_FOREIGN_API,HOSE_SYMBOL_LEVEL,VND,2026-08-25T03:49:45Z,ff_hsx_symbol_daily_v1,8be33ce487aec605fcab04a61e96d8106556a2037f1aa33513eda172ebc78421
2019-05-30,NVL,HOSE,8855952000.0,0.0,8855952000.0,147430.0,0.0,147430.0,0.0,0.0,0.0,0.0,59000.0,60400.0,58900.0,60100.0,59990.0,HSX_FOREIGN_API,HOSE_SYMBOL_LEVEL,VND,2026-08-25T03:49:45Z,ff_hsx_symbol_daily_v1,e71b4803def937a7324b49e0d3e6fc92e563d56fb150691166ad876b2ed6d174
2019-05-31,NVL,HOSE,20893119000.0,188476000.0,20704643000.0,345550.0,3130.0,342420.0,0.0,0.0,0.0,0.0,60500.0,60800.0,60100.0,60200.0,60480.0,HSX_FOREIGN_API,HOSE_SYMBOL_LEVEL,VND,2026-08-25T03:49:45Z,ff_hsx_symbol_daily_v1,6f775b721f439639b27dd1551b317cef61e191aa7db9f13856c5c8312e70a6a8
2019-06-03,NVL,HOSE,17505813000.0,600000.0,17505213000.0,290260.0,10.0,290250.0,0.0,0.0,0.0,0.0,60000.0,60800.0,59700.0,60000.0,60310.0,HSX_FOREIGN_API,HOSE_SYMBOL_LEVEL,VND,2026-08-25T03:49:45Z,ff_hsx_symbol_daily_v1,8adead55b194b79498c6932702a4e24177adb6d14096830bb1e4085e801862e5
2019-06-04,NVL,HOSE,14173067000.0,34774000.0,14138293000.0,236820.0,580.0,236240.0,0.0,0.0,0.0,0.0,59800.0,60400.0,59000.0,60200.0,59850.0,HSX_FOREIGN_API,HOSE_SYMBOL_LEVEL,VND,2026-08-25T03:49:45Z,ff_hsx_symbol_daily_v1,d0d60e44018da2ec64efcb9a89a73e1ed5e2bf6d57bbfa901321109721a3f4c5
2019-06-05,NVL,HOSE,8425597000.0,231601000.0,8193996000.0,139240.0,3820.0,135420.0,0.0,0.0,0.0,0.0,60400.0,60900.0,60100.0,60500.0,60580.0,HSX_FOREIGN_API,HOSE_SYMBOL_LEVEL,VND,2026-08-25T03:49:45Z,ff_hsx_symbol_daily_v1,ea7d47f1c3ae1bde77123ee939677db8581144adff58458270a86cbb9f999914
2019-06-06,NVL,HOSE,5434701000.0,0.0,5434701000.0,90360.0,0.0,90360.0,0.0,0.0,0.0,0.0,60000.0,60700.0,59100.0,60300.0,60210.0,HSX_FOREIGN_API,HOSE_SYMBOL_LEVEL,VND,2026-08-25T03:49:45Z,ff_hsx_symbol_daily_v1,c52a5915aad79806a675d119699790436c4ba23e8f063c857241476d15a3fb26
2019-06-07,NVL,HOSE,8017896000.0,221046000.0,7796850000.0,131800.0,3640.0,128160.0,0.0,0.0,0.0,0.0,60400.0,61200.0,60300.0,60700.0,60840.0,HSX_FOREIGN_API,HOSE_SYMBOL_LEVEL,VND,2026-08-25T03:49:45Z,ff_hsx_symbol_daily_v1,cef76d3cd070b21ac4c0385a38ac092972b52bc235950be28fc8bdae7d5692a7
2019-06-10,NVL,HOSE,8191007000.0,1842000.0,8189165000.0,134190.0,30.0,134160.0,0.0,0.0,0.0,0.0,60900.0,61500.0,59600.0,60700.0,61060.0,HSX_FOREIGN_API,HOSE_SYMBOL_LEVEL,VND,2026-08-25T03:49:45Z,ff_hsx_symbol_daily_v1,5ad2325577b6684c018e762cd95806578fc2cd4443d8d1ccdb75432130745cd6
2019-06-11,NVL,HOSE,9167257000.0,474920000.0,8692337000.0,151040.0,7840.0,143200.0,0.0,0.0,0.0,0.0,60700.0,61000.0,60400.0,60500.0,60690.0,HSX_FOREIGN_API,HOSE_SYMBOL_LEVEL,VND,2026-08-25T03:49:45Z,ff_hsx_symbol_daily_v1,7f9e1999f5f21bd8fafa046d8ebbb20b8a56eaa9f36dacb192a62dd27a0a3a6d
2019-06-12,NVL,HOSE,1526782000.0,598801000.0,927981000.0,25290.0,9990.0,15300.0,0.0,0.0,0.0,0.0,60500.0,60800.0,59900.0,59900.0,60250.0,HSX_FOREIGN_API,HOSE_SYMBOL_LEVEL,VND,2026-08-25T03:49:45Z,ff_hsx_symbol_daily_v1,edf21aadbcc38249a89a754d6a0a1f842f5baba9c3b2b4a548751b184d695d48
2019-06-13,NVL,HOSE,1751902000.0,53133000.0,1698769000.0,29480.0,890.0,28590.0,0.0,0.0,0.0,0.0,59500.0,60100.0,58800.0,59000.0,59340.0,HSX_FOREIGN_API,HOSE_SYMBOL_LEVEL,VND,2026-08-25T03:49:45Z,ff_hsx_symbol_daily_v1,86af6efc9f3b30c6ffbc31eb9e4c6ea1461f8b7d95ada78605d3e6b736577e28
2019-06-14,NVL,HOSE,5239347000.0,48790000.0,5190557000.0,88320.0,820.0,87500.0,0.0,0.0,0.0,0.0,59000.0,59500.0,59000.0,59400.0,59350.0,HSX_FOREIGN_API,HOSE_SYMBOL_LEVEL,VND,2026-08-25T03:49:45Z,ff_hsx_symbol_daily_v1,91d8fcb5596be80475e8c733e13a436f961bb9d53eda95fc034ef02a74be944a
2019-06-17,NVL,HOSE,749079000.0,2843168000.0,-2094089000.0,12960.0,49220.0,-36260.0,0.0,0.0,0.0,0.0,59200.0,59500.0,57500.0,57800.0,57990.0,HSX_FOREIGN_API,HOSE_SYMBOL_LEVEL,VND,2026-08-25T03:49:45Z,ff_hsx_symbol_daily_v1,c50292500239e86775853a57d2d7747bcbf18527bdff7158b2955ac101269775
2019-06-18,NVL,HOSE,35247719000.0,44246387000.0,-8998668000.0,620140.0,778560.0,-158420.0,33087320000.0,33087320000.0,582200.0,582200.0,57800.0,58000.0,56700.0,56800.0,57060.0,HSX_FOREIGN_API,HOSE_SYMBOL_LEVEL,VND,2026-08-25T03:49:45Z,ff_hsx_symbol_daily_v1,c05ee867405db8fde975c1986073a7f477b7f05036890e124ed61df4185bd37f
2019-06-19,NVL,HOSE,1064305000.0,0.0,1064305000.0,18500.0,0.0,18500.0,0.0,0.0,0.0,0.0,57000.0,57600.0,56900.0,57400.0,57400.0,HSX_FOREIGN_API,HOSE_SYMBOL_LEVEL,VND,2026-08-25T03:49:45Z,ff_hsx_symbol_daily_v1,dd836bd353645de06871789ab70569a97e67981b522d2828d0c73824d9558e90
2019-06-20,NVL,HOSE,611196000.0,0.0,611196000.0,10530.0,0.0,10530.0,0.0,0.0,0.0,0.0,57400.0,58200.0,57200.0,57600.0,57820.0,HSX_FOREIGN_API,HOSE_SYMBOL_LEVEL,VND,2026-08-25T03:49:45Z,ff_hsx_symbol_daily_v1,ec31552616c8244b54f3395534c3a43745bfe3966bdb26f841ecb0686face491
2019-06-21,NVL,HOSE,6947730000.0,54125390000.0,-47177660000.0,121890.0,949540.0,-827650.0,0.0,0.0,0.0,0.0,57700.0,57900.0,55700.0,57000.0,57050.0,HSX_FOREIGN_API,HOSE_SYMBOL_LEVEL,VND,2026-08-25T03:49:45Z,ff_hsx_symbol_daily_v1,dffe41252586c77df25c50c865bf7894ee0cfb01034f6a7d1284fc94424b9594
2019-06-24,NVL,HOSE,2496934000.0,1296672000.0,1200262000.0,43260.0,22420.0,20840.0,0.0,0.0,0.0,0.0,57000.0,58000.0,57000.0,57900.0,57660.0,HSX_FOREIGN_API,HOSE_SYMBOL_LEVEL,VND,2026-08-25T03:49:45Z,ff_hsx_symbol_daily_v1,f647b707aed5c58c1faef650a66be9af1b48992af2e5ae0d280c3c6921f39720
2019-06-25,NVL,HOSE,3448873000.0,1232067000.0,2216806000.0,59050.0,21050.0,38000.0,0.0,0.0,0.0,0.0,57900.0,59200.0,57100.0,58500.0,58290.0,HSX_FOREIGN_API,HOSE_SYMBOL_LEVEL,VND,2026-08-25T03:49:45Z,ff_hsx_symbol_daily_v1,a9932107dee8e014dabce452716f527dfb1f6f746553ee2c5020d971943dedc9
2019-06-26,NVL,HOSE,8489579000.0,251399000.0,8238180000.0,142700.0,4240.0,138460.0,0.0,0.0,0.0,0.0,58500.0,60000.0,58100.0,59900.0,59320.0,HSX_FOREIGN_API,HOSE_SYMBOL_LEVEL,VND,2026-08-25T03:49:45Z,ff_hsx_symbol_daily_v1,21ea18c98df9267a49206fc1b2b1717476ca9ccf9fd6fc0f8ccdf335c15c3e59
2019-06-27,NVL,HOSE,4854408000.0,3134460000.0,1719948000.0,81200.0,52680.0,28520.0,0.0,0.0,0.0,0.0,59800.0,60200.0,59000.0,59500.0,59740.0,HSX_FOREIGN_API,HOSE_SYMBOL_LEVEL,VND,2026-08-25T03:49:45Z,ff_hsx_symbol_daily_v1,73e187e5956067f839eb653ff6ca3b5fefdbd195c96332db8553f338b0f7959c
2019-06-28,NVL,HOSE,4836102000.0,574034000.0,4262068000.0,81710.0,9690.0,72020.0,0.0,0.0,0.0,0.0,59600.0,59700.0,58500.0,59600.0,59260.0,HSX_FOREIGN_API,HOSE_SYMBOL_LEVEL,VND,2026-08-25T03:49:45Z,ff_hsx_symbol_daily_v1,1442c950fe4eb9e82427511a78d54aa90283700249ddac0d354aa1b6f268b1b8
2019-07-01,NVL,HOSE,4641092000.0,71373000.0,4569719000.0,76540.0,1180.0,75360.0,0.0,0.0,0.0,0.0,59700.0,61500.0,59700.0,60700.0,60690.0,HSX_FOREIGN_API,HOSE_SYMBOL_LEVEL,VND,2026-08-25T03:49:45Z,ff_hsx_symbol_daily_v1,479f76568a7bfff85e7326f50e28510c288464be3d43c03277cf529d7ea9025e
2019-07-02,NVL,HOSE,11514000.0,795242000.0,-783728000.0,190.0,13210.0,-13020.0,0.0,0.0,0.0,0.0,60700.0,60900.0,60000.0,60200.0,60500.0,HSX_FOREIGN_API,HOSE_SYMBOL_LEVEL,VND,2026-08-25T03:49:45Z,ff_hsx_symbol_daily_v1,51361a58920204af8d568b1ce4bedc2fcaa1d5c1121227b8a595c49f470653c5
2019-07-03,NVL,HOSE,655098000.0,2963585000.0,-2308487000.0,11160.0,50220.0,-39060.0,0.0,0.0,0.0,0.0,60200.0,60200.0,58500.0,58700.0,59060.0,HSX_FOREIGN_API,HOSE_SYMBOL_LEVEL,VND,2026-08-25T03:49:45Z,ff_hsx_symbol_daily_v1,30937d12c08d4db11c7d113fd98c6faf889338d500940bf0ef85f657b47bbb91
2019-07-04,NVL,HOSE,8434153000.0,4921216000.0,3512937000.0,141420.0,82590.0,58830.0,0.0,0.0,0.0,0.0,58700.0,60000.0,58700.0,59800.0,59630.0,HSX_FOREIGN_API,HOSE_SYMBOL_LEVEL,VND,2026-08-25T03:49:45Z,ff_hsx_symbol_daily_v1,cacf5079eae7032cb89a7ad8c85b1e4fb7ab25a768f617f9cfa4f7bb125c9cce
2019-07-05,NVL,HOSE,17290265000.0,59659000.0,17230606000.0,288360.0,990.0,287370.0,0.0,0.0,0.0,0.0,59800.0,60500.0,58700.0,60300.0,59960.0,HSX_FOREIGN_API,HOSE_SYMBOL_LEVEL,VND,2026-08-25T03:49:45Z,ff_hsx_symbol_daily_v1,7259fb4cfe3cc8c685c111b3e7d63d3aa904c8c442cd8b8dbc812182ef0c8e2c
2019-07-08,NVL,HOSE,8407045000.0,216720000.0,8190325000.0,139980.0,3600.0,136380.0,0.0,0.0,0.0,0.0,60200.0,60300.0,59800.0,60200.0,60090.0,HSX_FOREIGN_API,HOSE_SYMBOL_LEVEL,VND,2026-08-25T03:49:45Z,ff_hsx_symbol_daily_v1,50592450aaf99e820b680b2bcc750c29d13dce20c22cf9b012c23db9b18c4314
2019-07-09,NVL,HOSE,590000.0,75125000.0,-74535000.0,10.0,1250.0,-1240.0,0.0,0.0,0.0,0.0,60200.0,60200.0,59000.0,60100.0,59680.0,HSX_FOREIGN_API,HOSE_SYMBOL_LEVEL,VND,2026-08-25T03:49:45Z,ff_hsx_symbol_daily_v1,1eae5da09ed21e75a11d0733b4e8aea7bd73ec95043f2ffff7a81c9d354c2d9d
2019-07-10,NVL,HOSE,11147974000.0,313108000.0,10834866000.0,183590.0,5140.0,178450.0,0.0,0.0,0.0,0.0,60200.0,61000.0,60100.0,60800.0,60690.0,HSX_FOREIGN_API,HOSE_SYMBOL_LEVEL,VND,2026-08-25T03:49:45Z,ff_hsx_symbol_daily_v1,1837d104766e84ca416dd2e90c14ddb578319330549e5e0fef951c2a6b0e7ee6
2019-07-11,NVL,HOSE,21065654000.0,2447000.0,21063207000.0,344090.0,40.0,344050.0,0.0,0.0,0.0,0.0,60900.0,61500.0,60800.0,61500.0,61150.0,HSX_FOREIGN_API,HOSE_SYMBOL_LEVEL,VND,2026-08-25T03:49:45Z,ff_hsx_symbol_daily_v1,ebe1c7976428566ccb633c1ca946b64c53a0531af99327e6164cb88e7ac7f397
2019-07-12,NVL,HOSE,4553364000.0,202820000.0,4350544000.0,74270.0,3300.0,70970.0,0.0,0.0,0.0,0.0,61500.0,61700.0,61000.0,61000.0,61320.0,HSX_FOREIGN_API,HOSE_SYMBOL_LEVEL,VND,2026-08-25T03:49:45Z,ff_hsx_symbol_daily_v1,b668a31fed06dcec957ebe1b14f219da7512b508b80c6c263ce02c1f70c16011
2019-07-15,NVL,HOSE,0.0,0.0,0.0,0.0,0.0,0.0,0.0,0.0,0.0,0.0,61200.0,61300.0,60000.0,60200.0,60380.0,HSX_FOREIGN_API,HOSE_SYMBOL_LEVEL,VND,2026-08-25T03:49:45Z,ff_hsx_symbol_daily_v1,80d2f97038b204a9f7e7c576ca788942d521400037154e8e6ddd571f453aa05f
2019-07-16,NVL,HOSE,30706109000.0,0.0,30706109000.0,509230.0,0.0,509230.0,0.0,0.0,0.0,0.0,60200.0,60500.0,59800.0,60400.0,60280.0,HSX_FOREIGN_API,HOSE_SYMBOL_LEVEL,VND,2026-08-25T03:49:45Z,ff_hsx_symbol_daily_v1,42047d8b1f26f028cbc991693a2076bbc4efa5d8f5872c125c5343fe0cbe2026
2019-07-17,NVL,HOSE,4939588000.0,0.0,4939588000.0,82890.0,0.0,82890.0,0.0,0.0,0.0,0.0,60400.0,60400.0,59300.0,59500.0,59640.0,HSX_FOREIGN_API,HOSE_SYMBOL_LEVEL,VND,2026-08-25T03:49:45Z,ff_hsx_symbol_daily_v1,fc7042757e0f152cdeaa2f69b1ce3f888401de915ae3e5153e29684918b9f272
2019-07-18,NVL,HOSE,308860000.0,6980366000.0,-6671506000.0,5330.0,119170.0,-113840.0,0.0,0.0,0.0,0.0,60500.0,60500.0,57800.0,57800.0,58400.0,HSX_FOREIGN_API,HOSE_SYMBOL_LEVEL,VND,2026-08-25T03:49:45Z,ff_hsx_symbol_daily_v1,0f632636eea4348303ce109fee0f1ec039d7d96e7fb9bd3f71c3619ea7a501c1
2019-07-19,NVL,HOSE,2630399000.0,4364754000.0,-1734355000.0,45200.0,75000.0,-29800.0,0.0,0.0,0.0,0.0,58000.0,58700.0,57800.0,58200.0,58340.0,HSX_FOREIGN_API,HOSE_SYMBOL_LEVEL,VND,2026-08-25T03:49:45Z,ff_hsx_symbol_daily_v1,eb4f044d005794468f803172c9f44cf9a8639dbc7c939869a19e1bf24f0a4b8e
2019-07-22,NVL,HOSE,18628000.0,2484319000.0,-2465691000.0,320.0,43000.0,-42680.0,0.0,0.0,0.0,0.0,58200.0,58500.0,57500.0,57600.0,58010.0,HSX_FOREIGN_API,HOSE_SYMBOL_LEVEL,VND,2026-08-25T03:49:45Z,ff_hsx_symbol_daily_v1,4655a4f39db94cba30c1733cfd94f5463d8688ee7722077c888857249feebcac
2019-07-23,NVL,HOSE,2357006000.0,2042596000.0,314410000.0,40690.0,35190.0,5500.0,0.0,0.0,0.0,0.0,57600.0,58300.0,57500.0,58300.0,57890.0,HSX_FOREIGN_API,HOSE_SYMBOL_LEVEL,VND,2026-08-25T03:49:45Z,ff_hsx_symbol_daily_v1,37cd5477391ef60857723eb2102d13f3d13a8d369ed2675eb2043d67f9597b7a
2019-07-24,NVL,HOSE,1303911000.0,0.0,1303911000.0,22200.0,0.0,22200.0,0.0,0.0,0.0,0.0,59100.0,59100.0,58300.0,58900.0,58700.0,HSX_FOREIGN_API,HOSE_SYMBOL_LEVEL,VND,2026-08-25T03:49:45Z,ff_hsx_symbol_daily_v1,02a856fae0e43c1d1fc76601e990ebac6a2b08ab684f5d3c15e81a44450190bc
2019-07-25,NVL,HOSE,0.0,1598868000.0,-1598868000.0,0.0,27180.0,-27180.0,0.0,0.0,0.0,0.0,58900.0,59100.0,58500.0,58500.0,58830.0,HSX_FOREIGN_API,HOSE_SYMBOL_LEVEL,VND,2026-08-25T03:49:45Z,ff_hsx_symbol_daily_v1,b254cf7bc50b3e309d30acd434f6394b793522c7494efdaa2c11e2871dd227c2
2019-07-26,NVL,HOSE,745941000.0,0.0,745941000.0,12790.0,0.0,12790.0,0.0,0.0,0.0,0.0,58500.0,58600.0,58100.0,58300.0,58320.0,HSX_FOREIGN_API,HOSE_SYMBOL_LEVEL,VND,2026-08-25T03:49:45Z,ff_hsx_symbol_daily_v1,b6fb558b1590ebf3bed30b02ed08073fd461e394306d9617a1edb427c1ef3c5b
2019-07-29,NVL,HOSE,1172170000.0,16324000.0,1155846000.0,20130.0,280.0,19850.0,0.0,0.0,0.0,0.0,58300.0,58900.0,57800.0,58500.0,58220.0,HSX_FOREIGN_API,HOSE_SYMBOL_LEVEL,VND,2026-08-25T03:49:45Z,ff_hsx_symbol_daily_v1,a2ffe83a9f90ee2dfa044c0d4cbd17ccb52bcd1ed86241821acba5a5f797ea91
2019-07-30,NVL,HOSE,293832000.0,0.0,293832000.0,5040.0,0.0,5040.0,0.0,0.0,0.0,0.0,58500.0,58600.0,58100.0,58400.0,58360.0,HSX_FOREIGN_API,HOSE_SYMBOL_LEVEL,VND,2026-08-25T03:49:45Z,ff_hsx_symbol_daily_v1,196ce907579f05bccc8f0f72c92432975ca5266344b2a2a69e4afbbfd8023dca
2019-07-31,NVL,HOSE,28850000.0,14412097000.0,-14383247000.0,500.0,248970.0,-248470.0,0.0,0.0,0.0,0.0,58400.0,59300.0,57600.0,57700.0,58070.0,HSX_FOREIGN_API,HOSE_SYMBOL_LEVEL,VND,2026-08-25T03:49:45Z,ff_hsx_symbol_daily_v1,42985810ccb8bc8b4103b6c972e909e6656c8b569d9c41baf87dc94c8a606532
2019-08-01,NVL,HOSE,3468000.0,0.0,3468000.0,60.0,0.0,60.0,0.0,0.0,0.0,0.0,57700.0,59500.0,57700.0,59200.0,58250.0,HSX_FOREIGN_API,HOSE_SYMBOL_LEVEL,VND,2026-08-25T03:49:45Z,ff_hsx_symbol_daily_v1,250e1b77ed249514a07809a2bd80aa12632cfd3fbf3fd7a8ba2e6fba46bdd3b9
2019-08-02,NVL,HOSE,45869000.0,0.0,45869000.0,780.0,0.0,780.0,0.0,0.0,0.0,0.0,59200.0,60100.0,58100.0,60100.0,59290.0,HSX_FOREIGN_API,HOSE_SYMBOL_LEVEL,VND,2026-08-25T03:49:45Z,ff_hsx_symbol_daily_v1,35fa2e511c0929bf842298a4fefb5f061154a9c448b09c5b1b11a14fb6c08522
2019-08-05,NVL,HOSE,20767764600.0,19043790600.0,1723974000.0,346070.0,317590.0,28480.0,14695177600.0,14695177600.0,244800.0,244800.0,59700.0,60200.0,59500.0,59500.0,59950.0,HSX_FOREIGN_API,HOSE_SYMBOL_LEVEL,VND,2026-08-25T03:49:45Z,ff_hsx_symbol_daily_v1,b6807a079abe6bae07dc10aed4f91d8e7eb7bf1e23d582d894dfd32d9689a725
2019-08-06,NVL,HOSE,9345000.0,11900000.0,-2555000.0,160.0,200.0,-40.0,0.0,0.0,0.0,0.0,59100.0,59500.0,57800.0,58900.0,58550.0,HSX_FOREIGN_API,HOSE_SYMBOL_LEVEL,VND,2026-08-25T03:49:45Z,ff_hsx_symbol_daily_v1,d516fa95d86008042c1e9a732b1882c5c717d2a6b8b0d649e2f40880d5a7918a
2019-08-07,NVL,HOSE,4887270000.0,2680767000.0,2206503000.0,82550.0,45220.0,37330.0,0.0,0.0,0.0,0.0,58700.0,59700.0,58400.0,59600.0,59150.0,HSX_FOREIGN_API,HOSE_SYMBOL_LEVEL,VND,2026-08-25T03:49:45Z,ff_hsx_symbol_daily_v1,bbd365620f550b29f829c83e982ae953967c85f384282fd48c57c54c7b4f3c92
2019-08-08,NVL,HOSE,3913339000.0,9276306000.0,-5362967000.0,66090.0,157180.0,-91090.0,0.0,0.0,0.0,0.0,59500.0,59800.0,58600.0,58900.0,59100.0,HSX_FOREIGN_API,HOSE_SYMBOL_LEVEL,VND,2026-08-25T03:49:45Z,ff_hsx_symbol_daily_v1,18718a269064b6806a41eecbfee3a0958364539b50c3b39d274a5de9a9ed59f2
2019-08-09,NVL,HOSE,13439015000.0,11973089000.0,1465926000.0,226100.0,201060.0,25040.0,0.0,0.0,0.0,0.0,58700.0,60100.0,58700.0,60000.0,59550.0,HSX_FOREIGN_API,HOSE_SYMBOL_LEVEL,VND,2026-08-25T03:49:45Z,ff_hsx_symbol_daily_v1,4c85d02db67da6243de0817615fc1cb939c1889e297b1df6612747f1edbfbf3d
2019-08-12,NVL,HOSE,599039000.0,59700000.0,539339000.0,10000.0,1000.0,9000.0,0.0,0.0,0.0,0.0,60000.0,60200.0,59700.0,59900.0,59910.0,HSX_FOREIGN_API,HOSE_SYMBOL_LEVEL,VND,2026-08-25T03:49:45Z,ff_hsx_symbol_daily_v1,3d3cb054049c1ddf809faa3c367ce448879a5bf4cf3f52d1e59728e0ee0948b3
2019-08-13,NVL,HOSE,25852382000.0,20818553000.0,5033829000.0,433000.0,349030.0,83970.0,0.0,0.0,0.0,0.0,59800.0,60000.0,59100.0,59700.0,59710.0,HSX_FOREIGN_API,HOSE_SYMBOL_LEVEL,VND,2026-08-25T03:49:45Z,ff_hsx_symbol_daily_v1,946da1e569bcb849db45ab5497da14036f48c61c9ff4bba7824061dc1fad3130
2019-08-14,NVL,HOSE,11397691000.0,8535536000.0,2862155000.0,189170.0,141740.0,47430.0,0.0,0.0,0.0,0.0,59800.0,60700.0,59700.0,60200.0,60220.0,HSX_FOREIGN_API,HOSE_SYMBOL_LEVEL,VND,2026-08-25T03:49:45Z,ff_hsx_symbol_daily_v1,ef583c363ffcb52352c7521af34d205b4e38e9891c667004edb46903b78ba529
2019-08-15,NVL,HOSE,3682324000.0,286094000.0,3396230000.0,61000.0,4660.0,56340.0,0.0,0.0,0.0,0.0,60000.0,61900.0,59500.0,61900.0,60790.0,HSX_FOREIGN_API,HOSE_SYMBOL_LEVEL,VND,2026-08-25T03:49:45Z,ff_hsx_symbol_daily_v1,3e05f1fdd7860fe40300e7971b841144fe68760949b7cd562bacec8eedca0417
2019-08-16,NVL,HOSE,1173255000.0,8736320000.0,-7563065000.0,19000.0,141500.0,-122500.0,0.0,0.0,0.0,0.0,62000.0,62000.0,61500.0,61800.0,61750.0,HSX_FOREIGN_API,HOSE_SYMBOL_LEVEL,VND,2026-08-25T03:49:45Z,ff_hsx_symbol_daily_v1,6d8ed853ed2dadd3f1f7a6b525586af4d30c25b64f2cd915e45a5260f956c778
2019-08-19,NVL,HOSE,1226135000.0,3683316000.0,-2457181000.0,19800.0,59510.0,-39710.0,0.0,0.0,0.0,0.0,61600.0,62300.0,61600.0,62100.0,61910.0,HSX_FOREIGN_API,HOSE_SYMBOL_LEVEL,VND,2026-08-25T03:49:45Z,ff_hsx_symbol_daily_v1,7c69f1249df6699bc8288d9a8c01351dc78b893c52c8df60bede17b74539a7e6
2019-08-20,NVL,HOSE,2161128000.0,3050042000.0,-888914000.0,34600.0,48620.0,-14020.0,0.0,0.0,0.0,0.0,62000.0,65100.0,61800.0,63000.0,62830.0,HSX_FOREIGN_API,HOSE_SYMBOL_LEVEL,VND,2026-08-25T03:49:45Z,ff_hsx_symbol_daily_v1,13be357f02ba9a4ba17e8b46dfe521f8d2b8d6acdf02401468b8c62036d86f95
2019-08-21,NVL,HOSE,3214623000.0,119320000.0,3095303000.0,51030.0,1900.0,49130.0,0.0,0.0,0.0,0.0,62600.0,63300.0,62500.0,63000.0,62950.0,HSX_FOREIGN_API,HOSE_SYMBOL_LEVEL,VND,2026-08-25T03:49:45Z,ff_hsx_symbol_daily_v1,fdae35797185f85de45e03450697004b3b634489fa8211d338c3b2f5375596ad
2019-08-22,NVL,HOSE,2067786000.0,2636152000.0,-568366000.0,33000.0,42050.0,-9050.0,0.0,0.0,0.0,0.0,62700.0,63100.0,62300.0,62800.0,62720.0,HSX_FOREIGN_API,HOSE_SYMBOL_LEVEL,VND,2026-08-25T03:49:45Z,ff_hsx_symbol_daily_v1,7231c448b868f3ee48d78a98bfd55a95de511d12ed722059b7160a5ec123943b
2019-08-23,NVL,HOSE,13343059000.0,2728575000.0,10614484000.0,215210.0,43980.0,171230.0,0.0,0.0,0.0,0.0,62200.0,62700.0,61900.0,62000.0,62080.0,HSX_FOREIGN_API,HOSE_SYMBOL_LEVEL,VND,2026-08-25T03:49:45Z,ff_hsx_symbol_daily_v1,4467c331d71d41cc20aeae48e174e71d951695a4e1c0a5ab0df271c740b72c8e
2019-08-26,NVL,HOSE,24692899000.0,735725000.0,23957174000.0,400010.0,11890.0,388120.0,0.0,0.0,0.0,0.0,61900.0,62100.0,61200.0,62000.0,61750.0,HSX_FOREIGN_API,HOSE_SYMBOL_LEVEL,VND,2026-08-25T03:49:45Z,ff_hsx_symbol_daily_v1,912395f1a1bb3a4c7cf07fb3c539edf6be737c06c5fb4d0e1e8bee8a26e42d06
2019-08-27,NVL,HOSE,24826994000.0,8699862000.0,16127132000.0,400710.0,142290.0,258420.0,0.0,0.0,0.0,0.0,62100.0,62200.0,60700.0,60700.0,61820.0,HSX_FOREIGN_API,HOSE_SYMBOL_LEVEL,VND,2026-08-25T03:49:45Z,ff_hsx_symbol_daily_v1,51517711336f9cb01bfe610ed5a19bff930a0a99bb2384bc445595b75b755a7a
2019-08-28,NVL,HOSE,26406136000.0,350349000.0,26055787000.0,426920.0,5660.0,421260.0,0.0,0.0,0.0,0.0,61700.0,62100.0,60700.0,61900.0,61860.0,HSX_FOREIGN_API,HOSE_SYMBOL_LEVEL,VND,2026-08-25T03:49:45Z,ff_hsx_symbol_daily_v1,ac2422c955a8f756feee8202b1d808820347308b06acd41ff3570d654d4c41fb
2019-08-29,NVL,HOSE,30187977300.0,2516245300.0,27671732000.0,488270.0,40710.0,447560.0,2515626300.0,2515626300.0,40700.0,40700.0,61500.0,62000.0,60700.0,61900.0,61810.0,HSX_FOREIGN_API,HOSE_SYMBOL_LEVEL,VND,2026-08-25T03:49:45Z,ff_hsx_symbol_daily_v1,4a9bfd5ffcfa8736c01dace0ef4cc08e0db313ce9aaa88eb78feda214ad9e130
2019-08-30,NVL,HOSE,10552058000.0,1079182000.0,9472876000.0,168880.0,17290.0,151590.0,0.0,0.0,0.0,0.0,61900.0,64000.0,61900.0,62300.0,62650.0,HSX_FOREIGN_API,HOSE_SYMBOL_LEVEL,VND,2026-08-25T03:49:45Z,ff_hsx_symbol_daily_v1,88f24a066db60fc978a841966bcb15d870f4e3c9e7c94870b89d7b73cca10898
2019-09-03,NVL,HOSE,9126818000.0,264546000.0,8862272000.0,147220.0,4260.0,142960.0,0.0,0.0,0.0,0.0,62300.0,62500.0,61700.0,62100.0,62030.0,HSX_FOREIGN_API,HOSE_SYMBOL_LEVEL,VND,2026-08-25T03:49:45Z,ff_hsx_symbol_daily_v1,2208f90d82905d39679b7d34ebc143d3de92c84db2beec490db870952d1c44e7
2019-09-04,NVL,HOSE,7516605000.0,8694000.0,7507911000.0,121270.0,140.0,121130.0,0.0,0.0,0.0,0.0,62100.0,62500.0,61000.0,62300.0,62040.0,HSX_FOREIGN_API,HOSE_SYMBOL_LEVEL,VND,2026-08-25T03:49:45Z,ff_hsx_symbol_daily_v1,47c0aba346e2eaf6d05c34a6f9ea4aa789c0b7111c84836d204ef1d7874daace
2019-09-05,NVL,HOSE,5208000000.0,933720000.0,4274280000.0,84000.0,15060.0,68940.0,0.0,0.0,0.0,0.0,62300.0,62600.0,62000.0,62000.0,62200.0,HSX_FOREIGN_API,HOSE_SYMBOL_LEVEL,VND,2026-08-25T03:49:45Z,ff_hsx_symbol_daily_v1,ff211ca34f7d6de00c0a51b905b715ab846f68dba6a5e45dc43c40091b54a500
2019-09-06,NVL,HOSE,24859511000.0,0.0,24859511000.0,401120.0,0.0,401120.0,0.0,0.0,0.0,0.0,61500.0,62200.0,60800.0,62100.0,61980.0,HSX_FOREIGN_API,HOSE_SYMBOL_LEVEL,VND,2026-08-25T03:49:45Z,ff_hsx_symbol_daily_v1,3ca278bfad3940af082b2280d6374d310641b1a3452427eb7af976f27b908ea7
2019-09-09,NVL,HOSE,0.0,0.0,0.0,0.0,0.0,0.0,0.0,0.0,0.0,0.0,62100.0,62200.0,61300.0,61300.0,61770.0,HSX_FOREIGN_API,HOSE_SYMBOL_LEVEL,VND,2026-08-25T03:49:45Z,ff_hsx_symbol_daily_v1,0a56e0c1489a5dfe3bc70e156d6a4ad5c40a749f54d5ba49b9f315fe0ff97aa1
2019-09-10,NVL,HOSE,24733429000.0,616196000.0,24117233000.0,400050.0,9970.0,390080.0,0.0,0.0,0.0,0.0,61900.0,62000.0,61200.0,61800.0,61810.0,HSX_FOREIGN_API,HOSE_SYMBOL_LEVEL,VND,2026-08-25T03:49:45Z,ff_hsx_symbol_daily_v1,6f649a9b5937553487661341a022180b804ae9ac51807be2c4e7527cd5e47c15
2019-09-11,NVL,HOSE,11453439000.0,0.0,11453439000.0,185100.0,0.0,185100.0,0.0,0.0,0.0,0.0,61800.0,62000.0,61700.0,61700.0,61850.0,HSX_FOREIGN_API,HOSE_SYMBOL_LEVEL,VND,2026-08-25T03:49:45Z,ff_hsx_symbol_daily_v1,7fee0a5259b8be9bb4fd533bdbc3ea4165148cd959ece037e5f053e543de60a3
2019-09-12,NVL,HOSE,0.0,1693550000.0,-1693550000.0,0.0,27490.0,-27490.0,0.0,0.0,0.0,0.0,61800.0,61800.0,61400.0,61700.0,61620.0,HSX_FOREIGN_API,HOSE_SYMBOL_LEVEL,VND,2026-08-25T03:49:45Z,ff_hsx_symbol_daily_v1,949b5fb2224eabdc6da15f4f385d35a99aa4baf10d162e4ffe09fe280c980fd9
2019-09-13,NVL,HOSE,245610000.0,0.0,245610000.0,4000.0,0.0,4000.0,0.0,0.0,0.0,0.0,61500.0,61900.0,60700.0,61800.0,61310.0,HSX_FOREIGN_API,HOSE_SYMBOL_LEVEL,VND,2026-08-25T03:49:45Z,ff_hsx_symbol_daily_v1,812e9191b2d77fd97a471c07562438ad0f76f56988b3ddcdfd51d4e6a63ed8a0
2019-09-16,NVL,HOSE,94793000.0,1669230000.0,-1574437000.0,1540.0,27100.0,-25560.0,0.0,0.0,0.0,0.0,61400.0,61900.0,61400.0,61800.0,61580.0,HSX_FOREIGN_API,HOSE_SYMBOL_LEVEL,VND,2026-08-25T03:49:45Z,ff_hsx_symbol_daily_v1,15df6635dfa5b6e0f16bda21cd24b2fe52371a194430857ba512e3c275459130
2019-09-17,NVL,HOSE,14016419000.0,379405000.0,13637014000.0,220620.0,6030.0,214590.0,0.0,0.0,0.0,0.0,61800.0,65000.0,61400.0,64000.0,62910.0,HSX_FOREIGN_API,HOSE_SYMBOL_LEVEL,VND,2026-08-25T03:49:45Z,ff_hsx_symbol_daily_v1,9208c8328fd92b6c4c7be891d89b00fbf199234257501d4f967a03f207a8a498
2019-09-18,NVL,HOSE,0.0,2738758000.0,-2738758000.0,0.0,43200.0,-43200.0,0.0,0.0,0.0,0.0,64200.0,65000.0,63000.0,63500.0,63790.0,HSX_FOREIGN_API,HOSE_SYMBOL_LEVEL,VND,2026-08-25T03:49:45Z,ff_hsx_symbol_daily_v1,ef7f61e379967cae6b96db0382ff7b7215e8890127eb40ddb28582dc0c008851
2019-09-19,NVL,HOSE,625000.0,3562056000.0,-3561431000.0,10.0,56850.0,-56840.0,0.0,0.0,0.0,0.0,63500.0,63600.0,62100.0,63200.0,62790.0,HSX_FOREIGN_API,HOSE_SYMBOL_LEVEL,VND,2026-08-25T03:49:45Z,ff_hsx_symbol_daily_v1,62e1bff607adabb1d20a9bdfa810081acf3760b49f87a70ba002321eb76e360b
2019-09-20,NVL,HOSE,2445610000.0,58977949000.0,-56532339000.0,39700.0,957050.0,-917350.0,0.0,17005912000.0,0.0,276070.0,63500.0,63500.0,61600.0,61600.0,61760.0,HSX_FOREIGN_API,HOSE_SYMBOL_LEVEL,VND,2026-08-25T03:49:45Z,ff_hsx_symbol_daily_v1,a938b57c6ffd4ab518d29acba08233c5b951fd7a604bc1017072b77ba0f28103
2019-09-23,NVL,HOSE,365904000.0,6831000.0,359073000.0,5940.0,110.0,5830.0,0.0,0.0,0.0,0.0,61800.0,63000.0,61600.0,61600.0,61920.0,HSX_FOREIGN_API,HOSE_SYMBOL_LEVEL,VND,2026-08-25T03:49:45Z,ff_hsx_symbol_daily_v1,3012714c26257324da6ad2b1c66a269cb75934748ae0d1c840aa7d7833bd5889
2019-09-24,NVL,HOSE,1110845000.0,0.0,1110845000.0,18020.0,0.0,18020.0,0.0,0.0,0.0,0.0,61600.0,61900.0,61000.0,61500.0,61660.0,HSX_FOREIGN_API,HOSE_SYMBOL_LEVEL,VND,2026-08-25T03:49:45Z,ff_hsx_symbol_daily_v1,e1014a122ceb124dcc0603006159d85ea33e0a15deb2c817a9a813127fec59b8
2019-09-25,NVL,HOSE,267395000.0,0.0,267395000.0,4340.0,0.0,4340.0,0.0,0.0,0.0,0.0,61500.0,62200.0,61200.0,62000.0,61620.0,HSX_FOREIGN_API,HOSE_SYMBOL_LEVEL,VND,2026-08-25T03:49:45Z,ff_hsx_symbol_daily_v1,6a7eb779b560eb148b3aca53821b5da4dbc4eb37fc500cd07826b37c72b3a1ce
2019-09-26,NVL,HOSE,373800000.0,3107558000.0,-2733758000.0,6000.0,50000.0,-44000.0,0.0,0.0,0.0,0.0,62000.0,62500.0,61800.0,62200.0,62170.0,HSX_FOREIGN_API,HOSE_SYMBOL_LEVEL,VND,2026-08-25T03:49:45Z,ff_hsx_symbol_daily_v1,416293810a8d1f53f9ce5086453c3d2441a4ffa824f6d64a642f7d81ca564161
2019-09-27,NVL,HOSE,593566000.0,76772000.0,516794000.0,9500.0,1230.0,8270.0,0.0,0.0,0.0,0.0,62500.0,63000.0,62200.0,63000.0,62520.0,HSX_FOREIGN_API,HOSE_SYMBOL_LEVEL,VND,2026-08-25T03:49:45Z,ff_hsx_symbol_daily_v1,97be07e80ef21f18bfefb1068ef0d11996d2c364d43b30f6f43d42679acd6cd0
2019-09-30,NVL,HOSE,127400000.0,2756616000.0,-2629216000.0,2000.0,43410.0,-41410.0,0.0,0.0,0.0,0.0,63000.0,64100.0,62900.0,63800.0,63640.0,HSX_FOREIGN_API,HOSE_SYMBOL_LEVEL,VND,2026-08-25T03:49:45Z,ff_hsx_symbol_daily_v1,b6b2cf56decf7e1c99513af0b5945194144e7c50f483b361407cf6ee6b67f32e
2019-10-01,NVL,HOSE,483300000.0,0.0,483300000.0,7580.0,0.0,7580.0,0.0,0.0,0.0,0.0,63500.0,64000.0,63300.0,63600.0,63740.0,HSX_FOREIGN_API,HOSE_SYMBOL_LEVEL,VND,2026-08-25T03:49:45Z,ff_hsx_symbol_daily_v1,8745db95f2641f950fe6e1617d51952c24bd3f1f350e21f7bf3f7453b0fee844
2019-10-02,NVL,HOSE,339058000.0,9080807000.0,-8741749000.0,5340.0,142820.0,-137480.0,0.0,0.0,0.0,0.0,63300.0,64000.0,63100.0,63500.0,63570.0,HSX_FOREIGN_API,HOSE_SYMBOL_LEVEL,VND,2026-08-25T03:49:45Z,ff_hsx_symbol_daily_v1,f7a08212a39d98c7ed63978ac92e94ff2456f535ccf05d326a3c221e7b45f416
2019-10-03,NVL,HOSE,275463000.0,1697120000.0,-1421657000.0,4340.0,26700.0,-22360.0,0.0,0.0,0.0,0.0,63000.0,63800.0,63000.0,63700.0,63460.0,HSX_FOREIGN_API,HOSE_SYMBOL_LEVEL,VND,2026-08-25T03:49:45Z,ff_hsx_symbol_daily_v1,92664572f52c964837eac9ecddcd4a002bda4ad54d025fe960329711c310aef5
2019-10-04,NVL,HOSE,997587000.0,8071945000.0,-7074358000.0,15720.0,127340.0,-111620.0,0.0,0.0,0.0,0.0,63000.0,64000.0,63000.0,63600.0,63420.0,HSX_FOREIGN_API,HOSE_SYMBOL_LEVEL,VND,2026-08-25T03:49:45Z,ff_hsx_symbol_daily_v1,ac7592ed13bc1c672f32d91a401d8a56b362a7aecc044aedfb0b9dd648f10c00
2019-10-07,NVL,HOSE,2028577000.0,4692498000.0,-2663921000.0,32350.0,74720.0,-42370.0,0.0,0.0,0.0,0.0,63600.0,63800.0,62000.0,62500.0,62780.0,HSX_FOREIGN_API,HOSE_SYMBOL_LEVEL,VND,2026-08-25T03:49:45Z,ff_hsx_symbol_daily_v1,0760a84d6986df77ac2242153d993b4dc466ee18a766748c1433d31b3cbd6e62
2019-10-08,NVL,HOSE,1854130000.0,94050000.0,1760080000.0,29660.0,1500.0,28160.0,0.0,0.0,0.0,0.0,62500.0,62800.0,62000.0,62600.0,62480.0,HSX_FOREIGN_API,HOSE_SYMBOL_LEVEL,VND,2026-08-25T03:49:45Z,ff_hsx_symbol_daily_v1,896aa99647a5628baaf41a7c5f8e00d13135401cbc8773152fba85710df7ece1
2019-10-09,NVL,HOSE,781180000.0,74880000.0,706300000.0,12480.0,1200.0,11280.0,0.0,0.0,0.0,0.0,62600.0,62800.0,61900.0,62300.0,62430.0,HSX_FOREIGN_API,HOSE_SYMBOL_LEVEL,VND,2026-08-25T03:49:45Z,ff_hsx_symbol_daily_v1,ae5a0afc20957fbf71a95331120d9f34d9cfe5b588a5ec7dcac8fba9ddf1991a
2019-10-10,NVL,HOSE,303368000.0,7011789000.0,-6708421000.0,4920.0,113620.0,-108700.0,0.0,0.0,0.0,0.0,62300.0,63000.0,61100.0,61300.0,61880.0,HSX_FOREIGN_API,HOSE_SYMBOL_LEVEL,VND,2026-08-25T03:49:45Z,ff_hsx_symbol_daily_v1,0d9bc257ea7691b5b2a427cc5e46340f718781fcc072efd153befdb0e8794faf
2019-10-11,NVL,HOSE,4363331000.0,3692620000.0,670711000.0,70490.0,59860.0,10630.0,0.0,0.0,0.0,0.0,61300.0,61900.0,61000.0,61900.0,61410.0,HSX_FOREIGN_API,HOSE_SYMBOL_LEVEL,VND,2026-08-25T03:49:45Z,ff_hsx_symbol_daily_v1,5de9ade8bed746cf7a6250a736f20716cfc6b17aa232c591265292e7055d9316
2019-10-14,NVL,HOSE,30745780000.0,3704115000.0,27041665000.0,498710.0,59990.0,438720.0,0.0,0.0,0.0,0.0,61900.0,63700.0,61400.0,62000.0,61740.0,HSX_FOREIGN_API,HOSE_SYMBOL_LEVEL,VND,2026-08-25T03:49:45Z,ff_hsx_symbol_daily_v1,ec18688e7b3c506838d15c9097ed181e767b1fcd29cfa77d1d426465fb2b1b92
2019-10-15,NVL,HOSE,14777692000.0,463206000.0,14314486000.0,238420.0,7460.0,230960.0,0.0,0.0,0.0,0.0,62200.0,62200.0,61800.0,62100.0,62000.0,HSX_FOREIGN_API,HOSE_SYMBOL_LEVEL,VND,2026-08-25T03:49:45Z,ff_hsx_symbol_daily_v1,5e9275e170c03227228e0c1c29e84c51123869590d3731e83911929be4c2521c
2019-10-16,NVL,HOSE,16277620700.0,3039523700.0,13238097000.0,262690.0,49030.0,213660.0,2084723700.0,2084723700.0,33630.0,33630.0,62100.0,63200.0,61400.0,62000.0,61960.0,HSX_FOREIGN_API,HOSE_SYMBOL_LEVEL,VND,2026-08-25T03:49:45Z,ff_hsx_symbol_daily_v1,d71405dee7545d40362ad91718ae16a1e79501feb0475bb91a4b44f34faa463b
2019-10-17,NVL,HOSE,14874570000.0,11826030000.0,3048540000.0,242970.0,193550.0,49420.0,0.0,0.0,0.0,0.0,62000.0,62100.0,60300.0,60300.0,61100.0,HSX_FOREIGN_API,HOSE_SYMBOL_LEVEL,VND,2026-08-25T03:49:45Z,ff_hsx_symbol_daily_v1,ca2e85de218c66cfe501254fb1e4531d1d4cc56017487bd14c45658d9c96e772
2019-10-18,NVL,HOSE,2452929720.0,12561537720.0,-10108608000.0,40670.0,207840.0,-167170.0,2148129720.0,2148129720.0,35640.0,35640.0,60400.0,61300.0,59900.0,60100.0,60420.0,HSX_FOREIGN_API,HOSE_SYMBOL_LEVEL,VND,2026-08-25T03:49:45Z,ff_hsx_symbol_daily_v1,0f9715274800f51f26b83aacfc0642904753699a55a296f82404d61e93690a4a
2019-10-21,NVL,HOSE,3469993000.0,3630864000.0,-160871000.0,57590.0,60240.0,-2650.0,0.0,0.0,0.0,0.0,60200.0,60500.0,59900.0,60300.0,60230.0,HSX_FOREIGN_API,HOSE_SYMBOL_LEVEL,VND,2026-08-25T03:49:45Z,ff_hsx_symbol_daily_v1,9dd4b6bf38e5d2e2d580d7403ccecca170877829ddf22314ff06add75a1dbe68
2019-10-22,NVL,HOSE,6492423000.0,4303163000.0,2189260000.0,107320.0,71130.0,36190.0,0.0,0.0,0.0,0.0,60200.0,60900.0,60100.0,60500.0,60480.0,HSX_FOREIGN_API,HOSE_SYMBOL_LEVEL,VND,2026-08-25T03:49:45Z,ff_hsx_symbol_daily_v1,f4139d28447888509acd65bd16f9ee93251e8e37fc6fc15061c51742d1d1b05b
2019-10-23,NVL,HOSE,30629777000.0,26928550000.0,3701227000.0,506200.0,445100.0,61100.0,26553450000.0,26553450000.0,438900.0,438900.0,60500.0,61200.0,60000.0,60500.0,60520.0,HSX_FOREIGN_API,HOSE_SYMBOL_LEVEL,VND,2026-08-25T03:49:45Z,ff_hsx_symbol_daily_v1,536ed08b2cd649b35c8316a53007925560257075d222f433d20301db70900b67
2019-10-24,NVL,HOSE,15823366700.0,7516683700.0,8306683000.0,261230.0,124220.0,137010.0,7509423700.0,7509423700.0,124100.0,124100.0,60500.0,61000.0,60400.0,60900.0,60610.0,HSX_FOREIGN_API,HOSE_SYMBOL_LEVEL,VND,2026-08-25T03:49:45Z,ff_hsx_symbol_daily_v1,47e1b58e07053fa25e8ed65cfe506e038d702c119e2e90d94c5b793c47356c2c
2019-10-25,NVL,HOSE,3005128000.0,4999723000.0,-1994595000.0,49470.0,82500.0,-33030.0,0.0,0.0,0.0,0.0,60900.0,61200.0,60300.0,60500.0,60750.0,HSX_FOREIGN_API,HOSE_SYMBOL_LEVEL,VND,2026-08-25T03:49:45Z,ff_hsx_symbol_daily_v1,2cd6a32b7c48aadf1e9b0bc206f36c4f7d598617a7383de6dde331db10fc875a
2019-10-28,NVL,HOSE,2964385000.0,15164129000.0,-12199744000.0,49690.0,255390.0,-205700.0,0.0,0.0,0.0,0.0,60500.0,60500.0,58900.0,59200.0,59510.0,HSX_FOREIGN_API,HOSE_SYMBOL_LEVEL,VND,2026-08-25T03:49:45Z,ff_hsx_symbol_daily_v1,2e5f7b4bd75a9c7d59b409f4696115fcf7e47f40f36deb20a4cfaa5b082317e6
2019-10-29,NVL,HOSE,8882000.0,9224181000.0,-9215299000.0,150.0,156030.0,-155880.0,0.0,0.0,0.0,0.0,59200.0,60100.0,59000.0,59100.0,59150.0,HSX_FOREIGN_API,HOSE_SYMBOL_LEVEL,VND,2026-08-25T03:49:45Z,ff_hsx_symbol_daily_v1,03883a8e6d48c0a03d15fae3c6803011c810fcd97c0deef9177528ae7742dcf2
2019-10-30,NVL,HOSE,322065000.0,3702206000.0,-3380141000.0,5450.0,62660.0,-57210.0,0.0,0.0,0.0,0.0,59100.0,60000.0,58800.0,59300.0,59210.0,HSX_FOREIGN_API,HOSE_SYMBOL_LEVEL,VND,2026-08-25T03:49:45Z,ff_hsx_symbol_daily_v1,18d599e626bc5f658fb81d8d0ccc3ecb0cb12914b1d1861bacd7a0095ea05b9e
2019-10-31,NVL,HOSE,41671609000.0,34795157000.0,6876452000.0,700440.0,584900.0,115540.0,11900000000.0,11900000000.0,200000.0,200000.0,59300.0,59500.0,59000.0,59500.0,59380.0,HSX_FOREIGN_API,HOSE_SYMBOL_LEVEL,VND,2026-08-25T03:49:45Z,ff_hsx_symbol_daily_v1,ff14d775962a4c3e84340245da3dc6058e94db7f5c3b5461a6bea26f515b160d
2019-11-01,NVL,HOSE,8823427000.0,15640417000.0,-6816990000.0,149220.0,264750.0,-115530.0,0.0,0.0,0.0,0.0,59500.0,59500.0,58700.0,59000.0,59120.0,HSX_FOREIGN_API,HOSE_SYMBOL_LEVEL,VND,2026-08-25T03:49:45Z,ff_hsx_symbol_daily_v1,a9f8b9f6699cb97ea6d5189ee3a01d5c4b74881f171657b68090356830a08825
2019-11-04,NVL,HOSE,1829702000.0,655756000.0,1173946000.0,30860.0,11040.0,19820.0,0.0,0.0,0.0,0.0,59000.0,59500.0,58900.0,59200.0,59200.0,HSX_FOREIGN_API,HOSE_SYMBOL_LEVEL,VND,2026-08-25T03:49:45Z,ff_hsx_symbol_daily_v1,26e021c52c0aaecabf98f41c76d458564d7393c82bae7abf58e744f9384c8726
2019-11-05,NVL,HOSE,1006563000.0,5642488000.0,-4635925000.0,17200.0,96250.0,-79050.0,0.0,0.0,0.0,0.0,59200.0,59400.0,58300.0,58500.0,58750.0,HSX_FOREIGN_API,HOSE_SYMBOL_LEVEL,VND,2026-08-25T03:49:45Z,ff_hsx_symbol_daily_v1,9fc6a1f04f2580e1b9767d83f7c4fb25431fcca45035bd810dc36e4ca1afe553
2019-11-06,NVL,HOSE,182525000.0,2871120000.0,-2688595000.0,3110.0,49010.0,-45900.0,0.0,0.0,0.0,0.0,58500.0,58900.0,58400.0,58700.0,58580.0,HSX_FOREIGN_API,HOSE_SYMBOL_LEVEL,VND,2026-08-25T03:49:45Z,ff_hsx_symbol_daily_v1,25b4d8c5336aa98220d2348e94004bf2b32f9bd07bf5d3d1762e0aef6cfeeca3
2019-11-07,NVL,HOSE,1094079000.0,8917660000.0,-7823581000.0,18910.0,153890.0,-134980.0,0.0,0.0,0.0,0.0,58800.0,59000.0,57600.0,58100.0,58030.0,HSX_FOREIGN_API,HOSE_SYMBOL_LEVEL,VND,2026-08-25T03:49:45Z,ff_hsx_symbol_daily_v1,66f903b7f4d9b59f506073f5f311adb75e86ee94d73fe83c6231165366274953
2019-11-08,NVL,HOSE,2019305000.0,613728000.0,1405577000.0,34750.0,10570.0,24180.0,0.0,0.0,0.0,0.0,58100.0,58300.0,57900.0,58300.0,58130.0,HSX_FOREIGN_API,HOSE_SYMBOL_LEVEL,VND,2026-08-25T03:49:45Z,ff_hsx_symbol_daily_v1,e4d50e41e2d1ed7c3dedf5d8c29bcf0a9190e5370bdaa26421002b574ea57c3a
2019-11-11,NVL,HOSE,275209000.0,974573000.0,-699364000.0,4750.0,16800.0,-12050.0,0.0,0.0,0.0,0.0,58600.0,58600.0,57700.0,58100.0,58040.0,HSX_FOREIGN_API,HOSE_SYMBOL_LEVEL,VND,2026-08-25T03:49:45Z,ff_hsx_symbol_daily_v1,c988d12a3fdf6f1820f6eb1fda13be6ec2d01f221b5085b9333790e72a471f47
2019-11-12,NVL,HOSE,62748000.0,378174000.0,-315426000.0,1080.0,6530.0,-5450.0,0.0,0.0,0.0,0.0,58200.0,58200.0,57700.0,58100.0,58000.0,HSX_FOREIGN_API,HOSE_SYMBOL_LEVEL,VND,2026-08-25T03:49:45Z,ff_hsx_symbol_daily_v1,7f0c9b4b045e3da2cc40f6c36662371facbe89b2ff8d70fa822185903d70adbb
2019-11-13,NVL,HOSE,518650000.0,17745927000.0,-17227277000.0,9030.0,310610.0,-301580.0,0.0,0.0,0.0,0.0,58100.0,58100.0,56700.0,57200.0,57190.0,HSX_FOREIGN_API,HOSE_SYMBOL_LEVEL,VND,2026-08-25T03:49:45Z,ff_hsx_symbol_daily_v1,079297ce198afb4fefc09e82e8c220dd55c5170533c57e250cab45680404688f
2019-11-14,NVL,HOSE,559476000.0,0.0,559476000.0,9690.0,0.0,9690.0,0.0,0.0,0.0,0.0,57200.0,58500.0,57200.0,58500.0,57750.0,HSX_FOREIGN_API,HOSE_SYMBOL_LEVEL,VND,2026-08-25T03:49:45Z,ff_hsx_symbol_daily_v1,3549e52558da6497f7df6b914d8d131187f090dcd2af6798eff3843d088b1e3a
2019-11-15,NVL,HOSE,260977000.0,26370000.0,234607000.0,4450.0,450.0,4000.0,0.0,0.0,0.0,0.0,58700.0,59000.0,58100.0,58500.0,58520.0,HSX_FOREIGN_API,HOSE_SYMBOL_LEVEL,VND,2026-08-25T03:49:45Z,ff_hsx_symbol_daily_v1,f395d71f163ecc5ea643157f6180f68deb4844d1cf860e66a261fdc01c40020a
2019-11-18,NVL,HOSE,264477000.0,0.0,264477000.0,4540.0,0.0,4540.0,0.0,0.0,0.0,0.0,58500.0,58600.0,58000.0,58200.0,58250.0,HSX_FOREIGN_API,HOSE_SYMBOL_LEVEL,VND,2026-08-25T03:49:45Z,ff_hsx_symbol_daily_v1,05e5665a193aa8ad03db90e9c83f2d67c3c537dd7bb030222d600f1e5c4ea209
2019-11-19,NVL,HOSE,8700000.0,493801000.0,-485101000.0,150.0,8470.0,-8320.0,0.0,0.0,0.0,0.0,58200.0,58300.0,57900.0,58300.0,58140.0,HSX_FOREIGN_API,HOSE_SYMBOL_LEVEL,VND,2026-08-25T03:49:45Z,ff_hsx_symbol_daily_v1,6a8c794c43f122460065c9935c3d525842b58f3c92be6e9e8595e11a383d4a1d
2019-11-20,NVL,HOSE,306625000.0,1785729000.0,-1479104000.0,5260.0,30630.0,-25370.0,0.0,0.0,0.0,0.0,58300.0,58500.0,58000.0,58400.0,58300.0,HSX_FOREIGN_API,HOSE_SYMBOL_LEVEL,VND,2026-08-25T03:49:45Z,ff_hsx_symbol_daily_v1,32f2fe5ddd9dfe999911ae379bf021100b7f080c63a675fa1166a273b5844667
2019-11-21,NVL,HOSE,274206000.0,15171828000.0,-14897622000.0,4740.0,265010.0,-260270.0,0.0,0.0,0.0,0.0,58400.0,58500.0,56800.0,57000.0,57260.0,HSX_FOREIGN_API,HOSE_SYMBOL_LEVEL,VND,2026-08-25T03:49:45Z,ff_hsx_symbol_daily_v1,85e2f9e54c212a93ec247259860f71a91731bf2cdfb3768ddfb460f4a4f9dd2f
2019-11-22,NVL,HOSE,3455000.0,6699697000.0,-6696242000.0,60.0,117300.0,-117240.0,0.0,0.0,0.0,0.0,57200.0,57800.0,56800.0,57000.0,57370.0,HSX_FOREIGN_API,HOSE_SYMBOL_LEVEL,VND,2026-08-25T03:49:45Z,ff_hsx_symbol_daily_v1,0f08d28e54f1b12063f3c2143d8345a1723e6b4b14c372bcec1d6589c654f8ff
2019-11-25,NVL,HOSE,92905000.0,5174424000.0,-5081519000.0,1620.0,90510.0,-88890.0,0.0,0.0,0.0,0.0,57000.0,58000.0,56900.0,57200.0,57190.0,HSX_FOREIGN_API,HOSE_SYMBOL_LEVEL,VND,2026-08-25T03:49:45Z,ff_hsx_symbol_daily_v1,da567917b94ce5583aa6936b265f5bc39345d0f01e70130ddafe5c5720fb619c
2019-11-26,NVL,HOSE,803167000.0,14764912000.0,-13961745000.0,14110.0,260200.0,-246090.0,0.0,0.0,0.0,0.0,57200.0,57800.0,56500.0,56500.0,56840.0,HSX_FOREIGN_API,HOSE_SYMBOL_LEVEL,VND,2026-08-25T03:49:45Z,ff_hsx_symbol_daily_v1,b9d7d9184d3bfcf970118fb21d486c034a96d5d4cbb7a6a544fed5345d9bd375
2019-11-27,NVL,HOSE,1122694000.0,6838874000.0,-5716180000.0,19810.0,120680.0,-100870.0,0.0,0.0,0.0,0.0,56600.0,57400.0,56500.0,56500.0,56660.0,HSX_FOREIGN_API,HOSE_SYMBOL_LEVEL,VND,2026-08-25T03:49:45Z,ff_hsx_symbol_daily_v1,15f90a37ef8965d6034227882072712bec8e769e006eb751909b890baf36b3f9
2019-11-28,NVL,HOSE,393936000.0,3394834000.0,-3000898000.0,6960.0,60000.0,-53040.0,0.0,0.0,0.0,0.0,57400.0,57400.0,56400.0,56700.0,56550.0,HSX_FOREIGN_API,HOSE_SYMBOL_LEVEL,VND,2026-08-25T03:49:45Z,ff_hsx_symbol_daily_v1,27cedf17c2365814e152389fa6aa97d1410a0f0cbd4c2f5f149a68c0b52720ea
2019-11-29,NVL,HOSE,517022000.0,2552665000.0,-2035643000.0,9110.0,45000.0,-35890.0,0.0,0.0,0.0,0.0,56900.0,57000.0,56600.0,56800.0,56710.0,HSX_FOREIGN_API,HOSE_SYMBOL_LEVEL,VND,2026-08-25T03:49:45Z,ff_hsx_symbol_daily_v1,5c1838f03099a6293109edd39baf987e909d476bdc1d13ca4f9af87c1a10ff24
2019-12-02,NVL,HOSE,11805000.0,2811501000.0,-2799696000.0,210.0,50000.0,-49790.0,0.0,0.0,0.0,0.0,56000.0,57000.0,55900.0,56100.0,56270.0,HSX_FOREIGN_API,HOSE_SYMBOL_LEVEL,VND,2026-08-25T03:49:45Z,ff_hsx_symbol_daily_v1,7f13c292aa4bfb70b9df0f009533774a05e9252afc8ceac6b3bf2c78269f704b
2019-12-03,NVL,HOSE,33035000.0,5429586000.0,-5396551000.0,590.0,97270.0,-96680.0,0.0,0.0,0.0,0.0,55700.0,56200.0,55500.0,56200.0,55880.0,HSX_FOREIGN_API,HOSE_SYMBOL_LEVEL,VND,2026-08-25T03:49:45Z,ff_hsx_symbol_daily_v1,5acd26bb120d0ccca75bcd9b722d1a263f1bb1772c59128b04622b2dfcb9f2f9
2019-12-04,NVL,HOSE,1037760000.0,6930024000.0,-5892264000.0,18400.0,123170.0,-104770.0,0.0,0.0,0.0,0.0,55500.0,56500.0,55500.0,56400.0,56190.0,HSX_FOREIGN_API,HOSE_SYMBOL_LEVEL,VND,2026-08-25T03:49:45Z,ff_hsx_symbol_daily_v1,05cb2a3596b685aab5d2234761ff7772f62a5882580f02bd10fd60c92f9b8102
2019-12-05,NVL,HOSE,0.0,4294414000.0,-4294414000.0,0.0,76000.0,-76000.0,0.0,0.0,0.0,0.0,56200.0,57200.0,56200.0,56500.0,56500.0,HSX_FOREIGN_API,HOSE_SYMBOL_LEVEL,VND,2026-08-25T03:49:45Z,ff_hsx_symbol_daily_v1,012ef0d5621813dcea8ef36491baf7f2c18386a194b2929d95a193633ab09d0c
2019-12-06,NVL,HOSE,421918000.0,5367442000.0,-4945524000.0,7470.0,94770.0,-87300.0,0.0,0.0,0.0,0.0,56000.0,57200.0,56000.0,57000.0,56520.0,HSX_FOREIGN_API,HOSE_SYMBOL_LEVEL,VND,2026-08-25T03:49:45Z,ff_hsx_symbol_daily_v1,5b386ef4595f967b001e23ba8b5bb205d42c8cafe81ff10b42c1564ba76141c3
2019-12-09,NVL,HOSE,266284000.0,1822271000.0,-1555987000.0,4690.0,32140.0,-27450.0,0.0,0.0,0.0,0.0,56500.0,57200.0,56500.0,56700.0,56810.0,HSX_FOREIGN_API,HOSE_SYMBOL_LEVEL,VND,2026-08-25T03:49:45Z,ff_hsx_symbol_daily_v1,08a0dc4104deb026c443acbca2ab17cd0357f8c86f9bd98590dfb140621b1cec
2019-12-10,NVL,HOSE,2025593000.0,6834912000.0,-4809319000.0,36660.0,123220.0,-86560.0,0.0,0.0,0.0,0.0,56400.0,56700.0,55100.0,55200.0,55570.0,HSX_FOREIGN_API,HOSE_SYMBOL_LEVEL,VND,2026-08-25T03:49:45Z,ff_hsx_symbol_daily_v1,dc47ee72dc600a7f817e58231bfa85cf115aba94f2943145ec5a88b5f72b3b4d
2019-12-11,NVL,HOSE,2115948000.0,3066560000.0,-950612000.0,37820.0,54760.0,-16940.0,0.0,0.0,0.0,0.0,55000.0,56000.0,55000.0,56000.0,55710.0,HSX_FOREIGN_API,HOSE_SYMBOL_LEVEL,VND,2026-08-25T03:49:45Z,ff_hsx_symbol_daily_v1,ab668a05b1beecd410551bba489522e22fb5d04acb9187dc4e57d461ef0f533f
2019-12-12,NVL,HOSE,783655000.0,4280080000.0,-3496425000.0,14020.0,76430.0,-62410.0,0.0,0.0,0.0,0.0,55200.0,56500.0,55200.0,56000.0,55930.0,HSX_FOREIGN_API,HOSE_SYMBOL_LEVEL,VND,2026-08-25T03:49:45Z,ff_hsx_symbol_daily_v1,db5e146568fd289f0c0407b5d90034d7de0a818870c0e9b27314daa9de640019
2019-12-13,NVL,HOSE,660564000.0,6435488000.0,-5774924000.0,11900.0,116930.0,-105030.0,0.0,0.0,0.0,0.0,55500.0,56000.0,55000.0,55000.0,55410.0,HSX_FOREIGN_API,HOSE_SYMBOL_LEVEL,VND,2026-08-25T03:49:45Z,ff_hsx_symbol_daily_v1,73b05593cf3a6475bc169d500d72bafb16f211639e28f6f1162bd4440ef6ddc7
2019-12-16,NVL,HOSE,18415178000.0,16072660000.0,2342518000.0,329200.0,287020.0,42180.0,13282080000.0,13282080000.0,237180.0,237180.0,54600.0,56100.0,54600.0,56000.0,55780.0,HSX_FOREIGN_API,HOSE_SYMBOL_LEVEL,VND,2026-08-25T03:49:45Z,ff_hsx_symbol_daily_v1,e052849a9b26cefc274dbf0dab6dedf7cf0d3003120757f60bfc80c56e526222
2019-12-17,NVL,HOSE,22658327000.0,20200420000.0,2457907000.0,404690.0,360720.0,43970.0,17786160000.0,17786160000.0,317610.0,317610.0,55500.0,56100.0,55500.0,56000.0,55940.0,HSX_FOREIGN_API,HOSE_SYMBOL_LEVEL,VND,2026-08-25T03:49:45Z,ff_hsx_symbol_daily_v1,a9d6eb3e77a5ae6ef19f13cf4ffa5f8efc094b207261e95eeb624a2cd677b82c
2019-12-18,NVL,HOSE,17829070000.0,20925998000.0,-3096928000.0,320700.0,376690.0,-55990.0,17053076000.0,17053076000.0,306710.0,306710.0,55500.0,55900.0,55100.0,55600.0,55370.0,HSX_FOREIGN_API,HOSE_SYMBOL_LEVEL,VND,2026-08-25T03:49:45Z,ff_hsx_symbol_daily_v1,ee1600b353ea021a7ebf86364a15ddf73c6b91a555f07d5a663d8410c26bc3d2
2019-12-19,NVL,HOSE,15793735000.0,18784037000.0,-2990302000.0,283550.0,337240.0,-53690.0,15793735000.0,15793735000.0,283550.0,283550.0,55100.0,57000.0,55100.0,55700.0,55550.0,HSX_FOREIGN_API,HOSE_SYMBOL_LEVEL,VND,2026-08-25T03:49:45Z,ff_hsx_symbol_daily_v1,402ad7618d1fcd541a09e4e57f08e6bbba7aa249e3b8cb918fe332bdd12a8cd4
2019-12-20,NVL,HOSE,14666563000.0,11025829000.0,3640734000.0,263290.0,197490.0,65800.0,0.0,0.0,0.0,0.0,55100.0,56900.0,55100.0,55700.0,55870.0,HSX_FOREIGN_API,HOSE_SYMBOL_LEVEL,VND,2026-08-25T03:49:45Z,ff_hsx_symbol_daily_v1,848df6ab9095e551f8dda37455d5f004fddfda7d689b55848dcea778a55210dd
2019-12-23,NVL,HOSE,1111043000.0,3497597000.0,-2386554000.0,19810.0,62330.0,-42520.0,0.0,0.0,0.0,0.0,55400.0,56900.0,55400.0,56000.0,56140.0,HSX_FOREIGN_API,HOSE_SYMBOL_LEVEL,VND,2026-08-25T03:49:45Z,ff_hsx_symbol_daily_v1,e2b4826eec8f3f59b94c07a1881fb37f105dc7462ef468ee46445f10ffde145a
2019-12-24,NVL,HOSE,996925000.0,2226435000.0,-1229510000.0,17810.0,39830.0,-22020.0,0.0,0.0,0.0,0.0,55500.0,56500.0,55500.0,56000.0,55950.0,HSX_FOREIGN_API,HOSE_SYMBOL_LEVEL,VND,2026-08-25T03:49:45Z,ff_hsx_symbol_daily_v1,9240665ce6d7cbfd1047c44ec676782b4ec04798d90013e6cf182bb3d6c3a037
2019-12-25,NVL,HOSE,0.0,10711000.0,-10711000.0,0.0,190.0,-190.0,0.0,0.0,0.0,0.0,55500.0,56500.0,55500.0,56500.0,56260.0,HSX_FOREIGN_API,HOSE_SYMBOL_LEVEL,VND,2026-08-25T03:49:45Z,ff_hsx_symbol_daily_v1,c36e01dfc913c2eb123b6dfd7bff229ddcca566d4b5350cc0f9ceeaba6cd6241
2019-12-26,NVL,HOSE,2264000.0,435820000.0,-433556000.0,40.0,7700.0,-7660.0,0.0,0.0,0.0,0.0,56100.0,57000.0,56100.0,56900.0,56660.0,HSX_FOREIGN_API,HOSE_SYMBOL_LEVEL,VND,2026-08-25T03:49:45Z,ff_hsx_symbol_daily_v1,a34160f6d28d728303f521a2cd36db86f925dbe20ed9dcb2f63cfe9383717627
2019-12-27,NVL,HOSE,1158510000.0,11460000.0,1147050000.0,20140.0,200.0,19940.0,0.0,0.0,0.0,0.0,56200.0,58000.0,56200.0,57900.0,57280.0,HSX_FOREIGN_API,HOSE_SYMBOL_LEVEL,VND,2026-08-25T03:49:45Z,ff_hsx_symbol_daily_v1,72c52b27e119e3f8aab01b97083993cd31e831e71940f92619488acf09d44d14
2019-12-30,NVL,HOSE,120142000.0,2320000.0,117822000.0,2070.0,40.0,2030.0,0.0,0.0,0.0,0.0,57000.0,58500.0,57000.0,58500.0,58080.0,HSX_FOREIGN_API,HOSE_SYMBOL_LEVEL,VND,2026-08-25T03:49:45Z,ff_hsx_symbol_daily_v1,ab61001ff869d9e91a7fb6240f59ee43bfd912e26171a9ceb0d1597a629c8992
2019-12-31,NVL,HOSE,108301000.0,1259986000.0,-1151685000.0,1850.0,21180.0,-19330.0,0.0,0.0,0.0,0.0,58100.0,59500.0,58100.0,59500.0,58930.0,HSX_FOREIGN_API,HOSE_SYMBOL_LEVEL,VND,2026-08-25T03:49:45Z,ff_hsx_symbol_daily_v1,223c5f48ddbefca36d9c27691dd42e4dec23932b503afb5c340eba126cff295d
2020-01-02,NVL,HOSE,359392000.0,4550006000.0,-4190614000.0,6200.0,79090.0,-72890.0,0.0,0.0,0.0,0.0,58700.0,58800.0,56600.0,57500.0,58000.0,HSX_FOREIGN_API,HOSE_SYMBOL_LEVEL,VND,2026-08-25T03:49:45Z,ff_hsx_symbol_daily_v1,331e6e67d5a0842de26f131b398238415a7ddd061bfcc8e4b50c8a831005c1af
2020-01-03,NVL,HOSE,345990000.0,4407916000.0,-4061926000.0,6060.0,78000.0,-71940.0,0.0,0.0,0.0,0.0,57300.0,57600.0,56000.0,56000.0,56940.0,HSX_FOREIGN_API,HOSE_SYMBOL_LEVEL,VND,2026-08-25T03:49:45Z,ff_hsx_symbol_daily_v1,e3412496c548345ac7bbbc28bae29a64b7360f08cbf0fc2f437ae7fa12a70de8
2020-01-06,NVL,HOSE,364590000.0,18315000.0,346275000.0,6540.0,330.0,6210.0,0.0,0.0,0.0,0.0,55700.0,56000.0,55400.0,55800.0,55670.0,HSX_FOREIGN_API,HOSE_SYMBOL_LEVEL,VND,2026-08-25T03:49:45Z,ff_hsx_symbol_daily_v1,7c33dcdcdfffd7ec1eb633148770113c19d4562f9f30fc68ef4b5fd26330bd7a
2020-01-07,NVL,HOSE,1203977000.0,212328000.0,991649000.0,21480.0,3800.0,17680.0,0.0,0.0,0.0,0.0,55400.0,56400.0,55400.0,56300.0,56030.0,HSX_FOREIGN_API,HOSE_SYMBOL_LEVEL,VND,2026-08-25T03:49:45Z,ff_hsx_symbol_daily_v1,b29b786fe749e1e3ee8b2efa3c76bdd0e01329e4fb3a0a2e358d6de5ed8df3d4
2020-01-08,NVL,HOSE,612323000.0,9448916000.0,-8836593000.0,11200.0,173530.0,-162330.0,0.0,0.0,0.0,0.0,55500.0,55800.0,53900.0,54000.0,54700.0,HSX_FOREIGN_API,HOSE_SYMBOL_LEVEL,VND,2026-08-25T03:49:45Z,ff_hsx_symbol_daily_v1,9a579305db842eff89deaf892af8aa46d720a3dfd4177aaa30af948f31a4c184
2020-01-09,NVL,HOSE,2101825000.0,0.0,2101825000.0,37940.0,0.0,37940.0,0.0,0.0,0.0,0.0,55500.0,55600.0,54000.0,55600.0,55420.0,HSX_FOREIGN_API,HOSE_SYMBOL_LEVEL,VND,2026-08-25T03:49:45Z,ff_hsx_symbol_daily_v1,d815182c553e4b7da21aa0e6e426e78ba6a308092b72834871b4684b06f07fa9
2020-01-10,NVL,HOSE,1338699000.0,167000000.0,1171699000.0,24050.0,3000.0,21050.0,0.0,0.0,0.0,0.0,55400.0,56000.0,55400.0,55800.0,55700.0,HSX_FOREIGN_API,HOSE_SYMBOL_LEVEL,VND,2026-08-25T03:49:45Z,ff_hsx_symbol_daily_v1,3ed5783b7c3a9f8bd882934bedf232934caa07b06e9b17657095da3425dcbe3b
2020-01-13,NVL,HOSE,1184709000.0,1900353000.0,-715644000.0,21520.0,34540.0,-13020.0,0.0,0.0,0.0,0.0,55400.0,55900.0,54700.0,55000.0,55100.0,HSX_FOREIGN_API,HOSE_SYMBOL_LEVEL,VND,2026-08-25T03:49:45Z,ff_hsx_symbol_daily_v1,702039fc90faca94df166cafbb007bf547616004b6ee043458a0979f4294ecdd
2020-01-14,NVL,HOSE,1065009000.0,337386000.0,727623000.0,19250.0,6090.0,13160.0,0.0,0.0,0.0,0.0,54700.0,55600.0,54700.0,55400.0,55360.0,HSX_FOREIGN_API,HOSE_SYMBOL_LEVEL,VND,2026-08-25T03:49:45Z,ff_hsx_symbol_daily_v1,b010ed535284e8cac03d86eec6a9b0585502ac121b7d0a84a653b96e015e0007
2020-01-15,NVL,HOSE,912711000.0,3439987000.0,-2527276000.0,16660.0,62780.0,-46120.0,0.0,0.0,0.0,0.0,55000.0,55500.0,54500.0,55000.0,54850.0,HSX_FOREIGN_API,HOSE_SYMBOL_LEVEL,VND,2026-08-25T03:49:45Z,ff_hsx_symbol_daily_v1,902721bdc3a336283b6100d3050b57b8b788ec146e50e788225fcd705c0803b0
2020-01-16,NVL,HOSE,420632000.0,1390941000.0,-970309000.0,7600.0,25130.0,-17530.0,0.0,0.0,0.0,0.0,55000.0,56000.0,55000.0,56000.0,55480.0,HSX_FOREIGN_API,HOSE_SYMBOL_LEVEL,VND,2026-08-25T03:49:45Z,ff_hsx_symbol_daily_v1,198bc5a9c8aa86051ec3fe95237eafef190175a009ca9e2f9f887651a49b486d
2020-01-17,NVL,HOSE,146752000.0,3332800000.0,-3186048000.0,2640.0,60050.0,-57410.0,0.0,0.0,0.0,0.0,55500.0,56200.0,55100.0,56000.0,55660.0,HSX_FOREIGN_API,HOSE_SYMBOL_LEVEL,VND,2026-08-25T03:49:45Z,ff_hsx_symbol_daily_v1,b17829d33ed6bf3329b5dddb2a854e0cdec5bcab80701c73123b64bbf801549a
2020-01-20,NVL,HOSE,294289000.0,5157052000.0,-4862763000.0,5270.0,92100.0,-86830.0,0.0,0.0,0.0,0.0,55900.0,56100.0,55500.0,56000.0,55940.0,HSX_FOREIGN_API,HOSE_SYMBOL_LEVEL,VND,2026-08-25T03:49:45Z,ff_hsx_symbol_daily_v1,a4adb50ee8466b68cd0fce841a767aed4e81e64d2b3d208c6244c80790e9aa82
2020-01-21,NVL,HOSE,550498000.0,11640474000.0,-11089976000.0,9960.0,209530.0,-199570.0,0.0,0.0,0.0,0.0,55800.0,56200.0,54900.0,56000.0,55490.0,HSX_FOREIGN_API,HOSE_SYMBOL_LEVEL,VND,2026-08-25T03:49:45Z,ff_hsx_symbol_daily_v1,8b882f542a3220c087f10cd0694aa0415c5f893ad1bdfb5140ede14567177acc
2020-01-22,NVL,HOSE,1410476000.0,2906952000.0,-1496476000.0,25220.0,51910.0,-26690.0,0.0,0.0,0.0,0.0,55800.0,56000.0,55500.0,56000.0,55890.0,HSX_FOREIGN_API,HOSE_SYMBOL_LEVEL,VND,2026-08-25T03:49:45Z,ff_hsx_symbol_daily_v1,03bdaf011531923ce9c3066945385f389a0ef95be542c20476da17b7dd67cdd6
2020-01-30,NVL,HOSE,2682531000.0,8184848000.0,-5502317000.0,48950.0,149650.0,-100700.0,0.0,0.0,0.0,0.0,55500.0,56000.0,54100.0,55100.0,54920.0,HSX_FOREIGN_API,HOSE_SYMBOL_LEVEL,VND,2026-08-25T03:49:45Z,ff_hsx_symbol_daily_v1,66a5259e135c4e4ffcb962db17bdf2ef5bf63c8c297aee5ef296b884f1c6a5f7
2020-01-31,NVL,HOSE,171327000.0,5574000000.0,-5402673000.0,3120.0,101160.0,-98040.0,0.0,0.0,0.0,0.0,54900.0,55500.0,54000.0,55100.0,54870.0,HSX_FOREIGN_API,HOSE_SYMBOL_LEVEL,VND,2026-08-25T03:49:45Z,ff_hsx_symbol_daily_v1,64a0ad5747e17dd02c52c240de43a4d5edf418b47bb02e4e30e25cc3443f9b8c
2020-02-03,NVL,HOSE,1258835000.0,1781868000.0,-523033000.0,22820.0,32230.0,-9410.0,0.0,0.0,0.0,0.0,55000.0,56300.0,54500.0,56000.0,55040.0,HSX_FOREIGN_API,HOSE_SYMBOL_LEVEL,VND,2026-08-25T03:49:45Z,ff_hsx_symbol_daily_v1,2458f69b57f9fe8b6ca9d3447aad949a5f35a716447cec57ab0570195663a99b
2020-02-04,NVL,HOSE,4477425000.0,12414930000.0,-7937505000.0,80720.0,225390.0,-144670.0,0.0,0.0,0.0,0.0,55800.0,56300.0,54300.0,55000.0,55330.0,HSX_FOREIGN_API,HOSE_SYMBOL_LEVEL,VND,2026-08-25T03:49:45Z,ff_hsx_symbol_daily_v1,a3c5ecd30695eab3543753c69bf8c79644b77f1cb8d55523b34cc358cb7db811
2020-02-05,NVL,HOSE,475252000.0,11590859000.0,-11115607000.0,8700.0,214690.0,-205990.0,0.0,0.0,0.0,0.0,55000.0,56200.0,53700.0,54000.0,54400.0,HSX_FOREIGN_API,HOSE_SYMBOL_LEVEL,VND,2026-08-25T03:49:45Z,ff_hsx_symbol_daily_v1,72398e478f561bb864ae047d98b23a02ac0064dc18e1d4db40c392b854716702
2020-02-06,NVL,HOSE,4291661000.0,67925906000.0,-63634245000.0,80750.0,1280670.0,-1199920.0,3184080000.0,3184080000.0,60000.0,60000.0,53500.0,54800.0,52800.0,53000.0,53070.0,HSX_FOREIGN_API,HOSE_SYMBOL_LEVEL,VND,2026-08-25T03:49:45Z,ff_hsx_symbol_daily_v1,d8635913badb4aa013195faae73995ffdeacfae89b25960dd1f288686cab164c
2020-02-07,NVL,HOSE,5167777000.0,34043385000.0,-28875608000.0,95930.0,635780.0,-539850.0,2152480000.0,28808320000.0,40000.0,538240.0,53500.0,54500.0,53000.0,54100.0,53810.0,HSX_FOREIGN_API,HOSE_SYMBOL_LEVEL,VND,2026-08-25T03:49:45Z,ff_hsx_symbol_daily_v1,3d9fb67cf9ca54e802b45b1b50a5c3a913f163879080b0536507e80b97b045ea
2020-02-10,NVL,HOSE,1388966000.0,420302000.0,968664000.0,25910.0,7870.0,18040.0,0.0,0.0,0.0,0.0,54200.0,54200.0,53200.0,54100.0,53600.0,HSX_FOREIGN_API,HOSE_SYMBOL_LEVEL,VND,2026-08-25T03:49:45Z,ff_hsx_symbol_daily_v1,34b1dd453b0c42f934c3555496ce912b9daa3237f6f16deceaa8e5e14bd32013
2020-02-11,NVL,HOSE,2643996000.0,4880480000.0,-2236484000.0,48560.0,90420.0,-41860.0,0.0,0.0,0.0,0.0,54200.0,55000.0,53000.0,54200.0,54420.0,HSX_FOREIGN_API,HOSE_SYMBOL_LEVEL,VND,2026-08-25T03:49:45Z,ff_hsx_symbol_daily_v1,fa2b33a0d23fb3ee903a4504e4a60a527781c8c797f1d2d57a6efe2da1b18cf8
2020-02-12,NVL,HOSE,2567914000.0,8811495000.0,-6243581000.0,47410.0,164140.0,-116730.0,0.0,0.0,0.0,0.0,54300.0,54600.0,53200.0,54400.0,54060.0,HSX_FOREIGN_API,HOSE_SYMBOL_LEVEL,VND,2026-08-25T03:49:45Z,ff_hsx_symbol_daily_v1,a7f0c42d9ff96f5876fe668658640acac3ed2d8d85a96932fad286a8d1de48b7
2020-02-13,NVL,HOSE,4646918000.0,11131816000.0,-6484898000.0,86270.0,206510.0,-120240.0,4146758000.0,4146758000.0,77000.0,77000.0,54300.0,54500.0,53400.0,54500.0,53860.0,HSX_FOREIGN_API,HOSE_SYMBOL_LEVEL,VND,2026-08-25T03:49:45Z,ff_hsx_symbol_daily_v1,0773ca93e2bc885c98e0cf3062d232c576d6558879e6dc1846a99121ed7ef802
2020-02-14,NVL,HOSE,2710115000.0,13592401000.0,-10882286000.0,50500.0,252820.0,-202320.0,2147760000.0,2147760000.0,40000.0,40000.0,54300.0,54400.0,53300.0,54200.0,53690.0,HSX_FOREIGN_API,HOSE_SYMBOL_LEVEL,VND,2026-08-25T03:49:45Z,ff_hsx_symbol_daily_v1,d7d120c0d35fa4d6eb0acf5185a8623e959b6f062b633ce63f905d8ef4a65a35
2020-02-17,NVL,HOSE,753265000.0,11065832000.0,-10312567000.0,14090.0,206090.0,-192000.0,0.0,0.0,0.0,0.0,54000.0,54300.0,53200.0,54300.0,53660.0,HSX_FOREIGN_API,HOSE_SYMBOL_LEVEL,VND,2026-08-25T03:49:45Z,ff_hsx_symbol_daily_v1,d1aef9d70caca59a22ebaf0b5b6d8b058ff867404c3fa9f3e098a43b531acdff
2020-02-18,NVL,HOSE,1184293000.0,33890755000.0,-32706462000.0,22130.0,635960.0,-613830.0,0.0,5300000000.0,0.0,100000.0,54300.0,54400.0,53100.0,54000.0,53500.0,HSX_FOREIGN_API,HOSE_SYMBOL_LEVEL,VND,2026-08-25T03:49:45Z,ff_hsx_symbol_daily_v1,4837601c000f97da817611dc43291cfc404cfc95a0ad676047ed9ac1b26b8142
2020-02-19,NVL,HOSE,0.0,12522691000.0,-12522691000.0,0.0,235000.0,-235000.0,0.0,0.0,0.0,0.0,54100.0,54100.0,53000.0,54100.0,53560.0,HSX_FOREIGN_API,HOSE_SYMBOL_LEVEL,VND,2026-08-25T03:49:45Z,ff_hsx_symbol_daily_v1,f6ca53152f010a52f46543e2707651a9cfa9fd10b9ab613ff000ca52cea543ab
2020-02-20,NVL,HOSE,528885000.0,147540000.0,381345000.0,9720.0,2700.0,7020.0,0.0,0.0,0.0,0.0,54200.0,55000.0,54100.0,54500.0,54420.0,HSX_FOREIGN_API,HOSE_SYMBOL_LEVEL,VND,2026-08-25T03:49:45Z,ff_hsx_symbol_daily_v1,2409bc5357769e5ee5c2f05c022b357367b894d06f9ec9799fb57b0f950c0898
2020-02-21,NVL,HOSE,1738695000.0,39420000.0,1699275000.0,32200.0,730.0,31470.0,0.0,0.0,0.0,0.0,54500.0,54500.0,53700.0,54000.0,54010.0,HSX_FOREIGN_API,HOSE_SYMBOL_LEVEL,VND,2026-08-25T03:49:45Z,ff_hsx_symbol_daily_v1,284596ff063c0ae32dde9dff49f36cdad1418071a3c6dbc3d2aa78efc9d5f4ad
2020-02-24,NVL,HOSE,31980000.0,1634081000.0,-1602101000.0,600.0,30640.0,-30040.0,0.0,0.0,0.0,0.0,54000.0,54000.0,53200.0,53600.0,53460.0,HSX_FOREIGN_API,HOSE_SYMBOL_LEVEL,VND,2026-08-25T03:49:45Z,ff_hsx_symbol_daily_v1,d37e5d1ca23e29d1c744d5ea919d710ac739e5ec47219330c6cb8ec60adaebe0
2020-02-25,NVL,HOSE,9107000.0,12238443000.0,-12229336000.0,170.0,230330.0,-230160.0,0.0,0.0,0.0,0.0,53500.0,53700.0,53000.0,53700.0,53180.0,HSX_FOREIGN_API,HOSE_SYMBOL_LEVEL,VND,2026-08-25T03:49:45Z,ff_hsx_symbol_daily_v1,1ebc361e0914859080008f218adba57eac9795a1204f20e864a69dd3f7323caf
2020-02-26,NVL,HOSE,17655000.0,9249510000.0,-9231855000.0,330.0,172450.0,-172120.0,0.0,0.0,0.0,0.0,53600.0,53800.0,53300.0,53800.0,53590.0,HSX_FOREIGN_API,HOSE_SYMBOL_LEVEL,VND,2026-08-25T03:49:45Z,ff_hsx_symbol_daily_v1,89e81ff5ffc8e941f95bb542d6d703ce4412d56c6f8b9408f8fbfc0aff82109b
2020-02-27,NVL,HOSE,0.0,940516000.0,-940516000.0,0.0,17600.0,-17600.0,0.0,0.0,0.0,0.0,53800.0,53900.0,53100.0,53900.0,53480.0,HSX_FOREIGN_API,HOSE_SYMBOL_LEVEL,VND,2026-08-25T03:49:45Z,ff_hsx_symbol_daily_v1,7e65463f9f9e7630b96f03aed674f1b23cb7977ad3d4c30a8663872d109c610a
2020-02-28,NVL,HOSE,497332000.0,30575547000.0,-30078215000.0,9320.0,576470.0,-567150.0,0.0,0.0,0.0,0.0,53300.0,53600.0,52800.0,53500.0,53080.0,HSX_FOREIGN_API,HOSE_SYMBOL_LEVEL,VND,2026-08-25T03:49:45Z,ff_hsx_symbol_daily_v1,04aaa888a27ec7c40a5c2815fda24fb8e0b116f6e29ee1e4e44f57474130232c
2020-03-02,NVL,HOSE,535000.0,9097100000.0,-9096565000.0,10.0,170100.0,-170090.0,0.0,0.0,0.0,0.0,53300.0,53700.0,53100.0,53600.0,53470.0,HSX_FOREIGN_API,HOSE_SYMBOL_LEVEL,VND,2026-08-25T03:49:45Z,ff_hsx_symbol_daily_v1,7d00e13209c84e873b04ad71a67bcda66854278e3eba3694ddef39402b620101
2020-03-03,NVL,HOSE,4629466000.0,18001670000.0,-13372204000.0,85840.0,334770.0,-248930.0,0.0,0.0,0.0,0.0,53300.0,54100.0,53300.0,53700.0,53770.0,HSX_FOREIGN_API,HOSE_SYMBOL_LEVEL,VND,2026-08-25T03:49:45Z,ff_hsx_symbol_daily_v1,17497bd87b19562fc8279e965b118bbb22c7ebbe33238e32d7eb0e3a73d60bfe
2020-03-04,NVL,HOSE,0.0,6047575000.0,-6047575000.0,0.0,112490.0,-112490.0,0.0,0.0,0.0,0.0,53700.0,54400.0,53000.0,53800.0,53690.0,HSX_FOREIGN_API,HOSE_SYMBOL_LEVEL,VND,2026-08-25T03:49:45Z,ff_hsx_symbol_daily_v1,3ef016630e35e3b34ffb3122ef3adfe37e790c8d49b56a1177508e83b12b946a
2020-03-05,NVL,HOSE,39242000.0,2170693000.0,-2131451000.0,730.0,40240.0,-39510.0,0.0,0.0,0.0,0.0,53800.0,54500.0,53200.0,53900.0,53800.0,HSX_FOREIGN_API,HOSE_SYMBOL_LEVEL,VND,2026-08-25T03:49:45Z,ff_hsx_symbol_daily_v1,a7115a06d7fb808c713f504f167919a5f2f204fc597599d3b14333a6af00c76d
2020-03-06,NVL,HOSE,4391783000.0,2974681000.0,1417102000.0,81760.0,55410.0,26350.0,0.0,0.0,0.0,0.0,53500.0,54000.0,53000.0,54000.0,53610.0,HSX_FOREIGN_API,HOSE_SYMBOL_LEVEL,VND,2026-08-25T03:49:45Z,ff_hsx_symbol_daily_v1,7ea808d3b3fe50cf7a976aa637a31cd8a3eae159bc4bd9747fa1f4efcfa62646
2020-03-09,NVL,HOSE,187083000.0,11963083000.0,-11776000000.0,3510.0,228030.0,-224520.0,0.0,0.0,0.0,0.0,53000.0,54000.0,51700.0,53000.0,52730.0,HSX_FOREIGN_API,HOSE_SYMBOL_LEVEL,VND,2026-08-25T03:49:45Z,ff_hsx_symbol_daily_v1,8996ac216f6c73009e52d18f48bea78ce51d119b3c1f4869c4757eb4604213e4
2020-03-10,NVL,HOSE,52350000.0,7408636000.0,-7356286000.0,1000.0,140980.0,-139980.0,0.0,0.0,0.0,0.0,52000.0,53400.0,52000.0,53000.0,52610.0,HSX_FOREIGN_API,HOSE_SYMBOL_LEVEL,VND,2026-08-25T03:49:45Z,ff_hsx_symbol_daily_v1,aad6f7544435c4191477ed341e473871df43bed7afc485c0f9b5ba5568792067
2020-03-11,NVL,HOSE,61930000.0,11005280000.0,-10943350000.0,1190.0,210050.0,-208860.0,0.0,0.0,0.0,0.0,53000.0,53100.0,51800.0,53000.0,52480.0,HSX_FOREIGN_API,HOSE_SYMBOL_LEVEL,VND,2026-08-25T03:49:45Z,ff_hsx_symbol_daily_v1,57e16b45740b98ac1b50f95a1283b067e4d644b1e77f65805ade8b272ef8320a
2020-03-12,NVL,HOSE,0.0,6849474000.0,-6849474000.0,0.0,131110.0,-131110.0,0.0,0.0,0.0,0.0,53000.0,53000.0,51600.0,52800.0,52230.0,HSX_FOREIGN_API,HOSE_SYMBOL_LEVEL,VND,2026-08-25T03:49:45Z,ff_hsx_symbol_daily_v1,b30477a433796cf476353dc153f45b39ba95c9c2b358de0f75e6bd70770c4b0d
2020-03-13,NVL,HOSE,0.0,5518730000.0,-5518730000.0,0.0,106860.0,-106860.0,0.0,0.0,0.0,0.0,52200.0,53000.0,51200.0,53000.0,52080.0,HSX_FOREIGN_API,HOSE_SYMBOL_LEVEL,VND,2026-08-25T03:49:45Z,ff_hsx_symbol_daily_v1,bfdeb4586105d755a9a5d82a705d996921822463fafff9f57554d1ea5a48bc8c
2020-03-16,NVL,HOSE,2650208000.0,4244380000.0,-1594172000.0,51380.0,82490.0,-31110.0,0.0,0.0,0.0,0.0,52800.0,52800.0,51100.0,51600.0,51590.0,HSX_FOREIGN_API,HOSE_SYMBOL_LEVEL,VND,2026-08-25T03:49:45Z,ff_hsx_symbol_daily_v1,3f249aa3160138e6546c8860268d73c430ea59b0cbc246be913c29c149bc53d2
2020-03-17,NVL,HOSE,1018000.0,5426310000.0,-5425292000.0,20.0,106150.0,-106130.0,0.0,0.0,0.0,0.0,51500.0,51600.0,50800.0,51500.0,51160.0,HSX_FOREIGN_API,HOSE_SYMBOL_LEVEL,VND,2026-08-25T03:49:45Z,ff_hsx_symbol_daily_v1,692d58be553f42ad57b44951b848a6b4ca92548f54cde8c24887e07e14c54c91
2020-03-18,NVL,HOSE,75818000.0,8818388000.0,-8742570000.0,1510.0,174940.0,-173430.0,0.0,0.0,0.0,0.0,51300.0,51500.0,50000.0,51000.0,50570.0,HSX_FOREIGN_API,HOSE_SYMBOL_LEVEL,VND,2026-08-25T03:49:45Z,ff_hsx_symbol_daily_v1,4370c0464405561756e3714a9bb97797ca0fe5216a6dc7e5d63e41ca7a1dbb12
2020-03-19,NVL,HOSE,509000.0,5390119000.0,-5389610000.0,10.0,106430.0,-106420.0,0.0,0.0,0.0,0.0,51000.0,51000.0,50100.0,51000.0,50580.0,HSX_FOREIGN_API,HOSE_SYMBOL_LEVEL,VND,2026-08-25T03:49:45Z,ff_hsx_symbol_daily_v1,38f2ed8691b2261a7c227d33c1a44654b0563338233765441a4aa84240c4a4d9
2020-03-20,NVL,HOSE,10876742500.0,88464247000.0,-77587504500.0,217170.0,1757140.0,-1539970.0,0.0,0.0,0.0,0.0,51000.0,51000.0,49100.0,51000.0,50460.0,HSX_FOREIGN_API,HOSE_SYMBOL_LEVEL,VND,2026-08-25T03:49:45Z,ff_hsx_symbol_daily_v1,f5cf42758d4f72aee94ef4326fbffd939778e7b670c6445997e4b689c211eef2
2020-03-23,NVL,HOSE,9940000.0,11391676000.0,-11381736000.0,200.0,223330.0,-223130.0,0.0,0.0,0.0,0.0,50500.0,52000.0,49400.0,52000.0,51350.0,HSX_FOREIGN_API,HOSE_SYMBOL_LEVEL,VND,2026-08-25T03:49:45Z,ff_hsx_symbol_daily_v1,01de7a95c7e3ccc7ac0fdd01e8834bd90d2f60f96ef2d94b64ff81adcfec4656
2020-03-24,NVL,HOSE,1042000.0,5475600000.0,-5474558000.0,20.0,105300.0,-105280.0,0.0,0.0,0.0,0.0,51500.0,52500.0,51400.0,52000.0,52010.0,HSX_FOREIGN_API,HOSE_SYMBOL_LEVEL,VND,2026-08-25T03:49:45Z,ff_hsx_symbol_daily_v1,741a4e864443b4ba7d872e6089b76dfb9a974b846b6b4341c7226daea7f595b2
2020-03-25,NVL,HOSE,0.0,868509000.0,-868509000.0,0.0,16800.0,-16800.0,0.0,0.0,0.0,0.0,52000.0,52200.0,51300.0,52100.0,51720.0,HSX_FOREIGN_API,HOSE_SYMBOL_LEVEL,VND,2026-08-25T03:49:45Z,ff_hsx_symbol_daily_v1,f58ff27440570e05125f18d3a1bc8d6a858bd294699844d0e6bcec58bbd34c4d
2020-03-26,NVL,HOSE,0.0,103200000.0,-103200000.0,0.0,2000.0,-2000.0,0.0,0.0,0.0,0.0,51500.0,52000.0,51000.0,51800.0,51570.0,HSX_FOREIGN_API,HOSE_SYMBOL_LEVEL,VND,2026-08-25T03:49:45Z,ff_hsx_symbol_daily_v1,8a4eb9674dd12f7cb65ffd03f0852df71a66d11ce944d27937756d882f74c3ca
2020-03-27,NVL,HOSE,620429000.0,3076000.0,617353000.0,12000.0,60.0,11940.0,0.0,0.0,0.0,0.0,52000.0,52000.0,51000.0,52000.0,51840.0,HSX_FOREIGN_API,HOSE_SYMBOL_LEVEL,VND,2026-08-25T03:49:45Z,ff_hsx_symbol_daily_v1,eb72e67135d1eb90a1b4d10b033a98e8a6863dcfb72c3e33ef1e4949892d8be3
2020-03-30,NVL,HOSE,445302000.0,145434000.0,299868000.0,8580.0,2830.0,5750.0,0.0,0.0,0.0,0.0,51600.0,52000.0,51100.0,51900.0,51510.0,HSX_FOREIGN_API,HOSE_SYMBOL_LEVEL,VND,2026-08-25T03:49:45Z,ff_hsx_symbol_daily_v1,517034c05dcdb48029a950770067a713577512feeffe4a5d23dfa017196fcfe0
2020-03-31,NVL,HOSE,2039272000.0,725445000.0,1313827000.0,39290.0,14000.0,25290.0,0.0,0.0,0.0,0.0,51600.0,52000.0,51600.0,51900.0,51900.0,HSX_FOREIGN_API,HOSE_SYMBOL_LEVEL,VND,2026-08-25T03:49:45Z,ff_hsx_symbol_daily_v1,1d040e7ad224e7ceec694d0979a4f97c2ccabf99f1fc082696ae9bd4c9e437db
2020-04-01,NVL,HOSE,5432246000.0,333592000.0,5098654000.0,104860.0,6440.0,98420.0,0.0,0.0,0.0,0.0,51900.0,52000.0,51700.0,51800.0,51810.0,HSX_FOREIGN_API,HOSE_SYMBOL_LEVEL,VND,2026-08-25T03:49:45Z,ff_hsx_symbol_daily_v1,133a22d9e7fdb9694a9d109cde20e639a6d59f4bf8c5593ce8121dc39b4489a7
2020-04-03,NVL,HOSE,3675641000.0,1545192000.0,2130449000.0,70870.0,30080.0,40790.0,0.0,0.0,0.0,0.0,51800.0,51900.0,51200.0,51900.0,51600.0,HSX_FOREIGN_API,HOSE_SYMBOL_LEVEL,VND,2026-08-25T03:49:45Z,ff_hsx_symbol_daily_v1,92e7a95e863f4ba5f086da00256aa53eda11e9a008ed430e1155b7dd9ce90bf3
2020-04-06,NVL,HOSE,3066502000.0,866446000.0,2200056000.0,58990.0,16770.0,42220.0,0.0,0.0,0.0,0.0,51900.0,52000.0,51400.0,52000.0,51770.0,HSX_FOREIGN_API,HOSE_SYMBOL_LEVEL,VND,2026-08-25T03:49:45Z,ff_hsx_symbol_daily_v1,28093bc0f71b71b2ae6015ac771b86e4e3215446d9bd5f4bb7318e0fedbf57f4
2020-04-07,NVL,HOSE,1446584000.0,16763952000.0,-15317368000.0,28050.0,327350.0,-299300.0,0.0,0.0,0.0,0.0,52000.0,52100.0,50800.0,51700.0,51320.0,HSX_FOREIGN_API,HOSE_SYMBOL_LEVEL,VND,2026-08-25T03:49:45Z,ff_hsx_symbol_daily_v1,4a024ec1ed5a6b10f80a6a05c65d9869c006a96e7e9b268cdc3a8ac0b239c249
2020-04-08,NVL,HOSE,3175309000.0,155234000.0,3020075000.0,61430.0,3020.0,58410.0,0.0,0.0,0.0,0.0,51700.0,52000.0,51200.0,52000.0,51550.0,HSX_FOREIGN_API,HOSE_SYMBOL_LEVEL,VND,2026-08-25T03:49:45Z,ff_hsx_symbol_daily_v1,764cd5c1577ebf6240f6e54d1599a1af3ba94f2d7d5b9e6299f57c3fccd3915a
2020-04-09,NVL,HOSE,10539903850.0,4582653850.0,5957250000.0,202460.0,87800.0,114660.0,4377053850.0,4377053850.0,83850.0,83850.0,52100.0,53000.0,51800.0,52000.0,52200.0,HSX_FOREIGN_API,HOSE_SYMBOL_LEVEL,VND,2026-08-25T03:49:45Z,ff_hsx_symbol_daily_v1,c3117aedaade7076adde57c714b51a88405016a46ae6841c9e583a7f511e7744
2020-04-10,NVL,HOSE,52131000.0,268642000.0,-216511000.0,1010.0,5210.0,-4200.0,0.0,0.0,0.0,0.0,52000.0,52000.0,51400.0,52000.0,51700.0,HSX_FOREIGN_API,HOSE_SYMBOL_LEVEL,VND,2026-08-25T03:49:45Z,ff_hsx_symbol_daily_v1,33e4d21ab5601f159edfcc14d231df1057f5aef638ee2e1c90a31ff39f8a8f70
2020-04-13,NVL,HOSE,3121848000.0,235547000.0,2886301000.0,60410.0,4550.0,55860.0,0.0,0.0,0.0,0.0,51900.0,52100.0,51400.0,52000.0,51690.0,HSX_FOREIGN_API,HOSE_SYMBOL_LEVEL,VND,2026-08-25T03:49:45Z,ff_hsx_symbol_daily_v1,14c149c084d14d29ca99e788d629cd92368c3e2ca6c6135066f2fe82ac5a2ffd
2020-04-14,NVL,HOSE,1695330000.0,77250000.0,1618080000.0,32710.0,1500.0,31210.0,0.0,0.0,0.0,0.0,51800.0,51900.0,51300.0,51900.0,51680.0,HSX_FOREIGN_API,HOSE_SYMBOL_LEVEL,VND,2026-08-25T03:49:45Z,ff_hsx_symbol_daily_v1,fa3adaf00ea19cdadeeec460ca1f0963df6e6a73b6b1735b33e4d5bed37e4678
2020-04-15,NVL,HOSE,909220000.0,121730000.0,787490000.0,17600.0,2350.0,15250.0,0.0,0.0,0.0,0.0,51800.0,52000.0,51200.0,51900.0,51670.0,HSX_FOREIGN_API,HOSE_SYMBOL_LEVEL,VND,2026-08-25T03:49:45Z,ff_hsx_symbol_daily_v1,4f03249c86785c1afa6d5b91223754b57473aa8b0759833853a85c043c766c2e
2020-04-16,NVL,HOSE,11848614000.0,5385410000.0,6463204000.0,229550.0,104220.0,125330.0,0.0,0.0,0.0,0.0,51700.0,51900.0,51400.0,51900.0,51650.0,HSX_FOREIGN_API,HOSE_SYMBOL_LEVEL,VND,2026-08-25T03:49:45Z,ff_hsx_symbol_daily_v1,76d62d7c71da8ec0eeb3393eb5913c94689b11f3c10f8ca1ce31df03c7b7fdaa
2020-04-17,NVL,HOSE,2277200000.0,5646171000.0,-3368971000.0,43250.0,107330.0,-64080.0,0.0,0.0,0.0,0.0,52100.0,53000.0,51900.0,52700.0,52570.0,HSX_FOREIGN_API,HOSE_SYMBOL_LEVEL,VND,2026-08-25T03:49:45Z,ff_hsx_symbol_daily_v1,f9724de9802b2ee5092004626d010d3f68ab9cf36955172eab921850684d59c1
2020-04-20,NVL,HOSE,1604740000.0,54596000.0,1550144000.0,30760.0,1040.0,29720.0,0.0,0.0,0.0,0.0,52700.0,53000.0,51200.0,52700.0,52100.0,HSX_FOREIGN_API,HOSE_SYMBOL_LEVEL,VND,2026-08-25T03:49:45Z,ff_hsx_symbol_daily_v1,2dbb7234c243fb9e9d9b0d70a6b191cf82270447626ba5eadd60cd8838468c0f
2020-04-21,NVL,HOSE,960656000.0,2549395000.0,-1588739000.0,18410.0,48560.0,-30150.0,0.0,0.0,0.0,0.0,52000.0,52800.0,51500.0,52500.0,52040.0,HSX_FOREIGN_API,HOSE_SYMBOL_LEVEL,VND,2026-08-25T03:49:45Z,ff_hsx_symbol_daily_v1,4e43b99c4079b9ea0cc7a68a848b4ece05d5425d7215b04f46656809d2df0538
2020-04-22,NVL,HOSE,511285000.0,30682000.0,480603000.0,9750.0,590.0,9160.0,0.0,0.0,0.0,0.0,52100.0,52500.0,51200.0,52500.0,51960.0,HSX_FOREIGN_API,HOSE_SYMBOL_LEVEL,VND,2026-08-25T03:49:45Z,ff_hsx_symbol_daily_v1,8ba97b0b478c45525b33125f0c67ba055f4ca6cf7098ce8e7b6fd9ec583bda15
2020-04-23,NVL,HOSE,864714000.0,2156994000.0,-1292280000.0,16580.0,40670.0,-24090.0,0.0,0.0,0.0,0.0,52500.0,53700.0,51500.0,52600.0,52550.0,HSX_FOREIGN_API,HOSE_SYMBOL_LEVEL,VND,2026-08-25T03:49:45Z,ff_hsx_symbol_daily_v1,533e1e11ed3365b8b69b7a5b411d80e2987ed9bf600dddad8cde6d917324d686
2020-04-24,NVL,HOSE,454740000.0,310269000.0,144471000.0,8580.0,5880.0,2700.0,0.0,0.0,0.0,0.0,52500.0,53500.0,51500.0,53000.0,52560.0,HSX_FOREIGN_API,HOSE_SYMBOL_LEVEL,VND,2026-08-25T03:49:45Z,ff_hsx_symbol_daily_v1,55314163f914e1ae37f7a64d0dfb55fdaf753a050791fb88b6d0be71f56cab55
2020-04-27,NVL,HOSE,879090000.0,40041000.0,839049000.0,16730.0,750.0,15980.0,0.0,0.0,0.0,0.0,53000.0,53600.0,51700.0,52800.0,52550.0,HSX_FOREIGN_API,HOSE_SYMBOL_LEVEL,VND,2026-08-25T03:49:45Z,ff_hsx_symbol_daily_v1,fc7136e730079a06423a570f0417c0d85267a2bfb78b199c8f968f8d0fe0b18a
2020-04-28,NVL,HOSE,1845901000.0,271154000.0,1574747000.0,34960.0,5120.0,29840.0,0.0,0.0,0.0,0.0,52800.0,54000.0,52000.0,53100.0,52930.0,HSX_FOREIGN_API,HOSE_SYMBOL_LEVEL,VND,2026-08-25T03:49:45Z,ff_hsx_symbol_daily_v1,cfeb234a8469b7dbc5108eca5728dee4a84bf41cfbc73db01e53f857f0aa590e
2020-04-29,NVL,HOSE,18586724000.0,2030937000.0,16555787000.0,348220.0,38180.0,310040.0,0.0,0.0,0.0,0.0,53000.0,54200.0,51800.0,53200.0,53040.0,HSX_FOREIGN_API,HOSE_SYMBOL_LEVEL,VND,2026-08-25T03:49:45Z,ff_hsx_symbol_daily_v1,d3341ee04611d4464c46ae998c36b8797d4b7dd345a7e837f4151679fad7a0b8
2020-05-04,NVL,HOSE,2141052000.0,13052325000.0,-10911273000.0,40630.0,247910.0,-207280.0,0.0,0.0,0.0,0.0,53500.0,55000.0,52100.0,52800.0,52880.0,HSX_FOREIGN_API,HOSE_SYMBOL_LEVEL,VND,2026-08-25T03:49:45Z,ff_hsx_symbol_daily_v1,8aaa51a1359d8c4739194f04c45574d5cca43e896869ab478c2b45ec69550877
2020-05-05,NVL,HOSE,157264000.0,15924569000.0,-15767305000.0,2980.0,300450.0,-297470.0,0.0,0.0,0.0,0.0,52800.0,54500.0,52000.0,52800.0,52920.0,HSX_FOREIGN_API,HOSE_SYMBOL_LEVEL,VND,2026-08-25T03:49:45Z,ff_hsx_symbol_daily_v1,f87860c59150e5e562169f5bba07d4d1a14256f2ea2459f77cfc7886b26fa4bf
2020-05-06,NVL,HOSE,958497000.0,10555535000.0,-9597038000.0,18090.0,202180.0,-184090.0,0.0,0.0,0.0,0.0,52500.0,53700.0,51500.0,53000.0,52520.0,HSX_FOREIGN_API,HOSE_SYMBOL_LEVEL,VND,2026-08-25T03:49:45Z,ff_hsx_symbol_daily_v1,cde9740638360ee5206a0bca64072b7d673f5e09a00642cbfbe37b6197d82f3a
2020-05-07,NVL,HOSE,1425884000.0,14262329000.0,-12836445000.0,27020.0,271490.0,-244470.0,0.0,0.0,0.0,0.0,53000.0,53600.0,51700.0,53100.0,52690.0,HSX_FOREIGN_API,HOSE_SYMBOL_LEVEL,VND,2026-08-25T03:49:45Z,ff_hsx_symbol_daily_v1,e5b731a4f1dfadc40b2b4e6579a35f4a2bce471e9895f09d64b7a832e2ffb0d4
2020-05-08,NVL,HOSE,7980724000.0,6881749000.0,1098975000.0,148950.0,128510.0,20440.0,5214744000.0,5214744000.0,97290.0,97290.0,53100.0,54000.0,53000.0,53900.0,53600.0,HSX_FOREIGN_API,HOSE_SYMBOL_LEVEL,VND,2026-08-25T03:49:45Z,ff_hsx_symbol_daily_v1,d7bedab5ad8857fd7f139fd89a63d9472e85475f59be058b8fc8ba349d8e8975
2020-05-11,NVL,HOSE,915183000.0,95008000.0,820175000.0,17010.0,1780.0,15230.0,0.0,0.0,0.0,0.0,51900.0,54500.0,51900.0,54000.0,53620.0,HSX_FOREIGN_API,HOSE_SYMBOL_LEVEL,VND,2026-08-25T03:49:45Z,ff_hsx_symbol_daily_v1,e9f8d6f6564d198f3c9ca913d823e6bc556766eba157791784e9b2d01c0ae6d7
2020-05-12,NVL,HOSE,1912814000.0,1679083000.0,233731000.0,36050.0,31720.0,4330.0,0.0,0.0,0.0,0.0,54100.0,54200.0,52500.0,52700.0,53450.0,HSX_FOREIGN_API,HOSE_SYMBOL_LEVEL,VND,2026-08-25T03:49:45Z,ff_hsx_symbol_daily_v1,9a598fe505612b5fa5c5bc012210e042ea41f695c9b2f0c1cd62f0224b74b358
2020-05-13,NVL,HOSE,3681835000.0,579938000.0,3101897000.0,70540.0,11100.0,59440.0,0.0,0.0,0.0,0.0,52700.0,52800.0,51500.0,52500.0,52050.0,HSX_FOREIGN_API,HOSE_SYMBOL_LEVEL,VND,2026-08-25T03:49:45Z,ff_hsx_symbol_daily_v1,6981c2de4f0ef7a799521e573b27b2ca048bf0b143b983221311a096fe0c4ecd
2020-05-14,NVL,HOSE,3944723000.0,813858000.0,3130865000.0,75510.0,15550.0,59960.0,0.0,0.0,0.0,0.0,52200.0,53500.0,51500.0,52600.0,52340.0,HSX_FOREIGN_API,HOSE_SYMBOL_LEVEL,VND,2026-08-25T03:49:45Z,ff_hsx_symbol_daily_v1,2799ae2c74d54512977c1dd2c58a8097b751799a19d37f2e71c23ea76175613c
2020-05-15,NVL,HOSE,673956000.0,541833000.0,132123000.0,12820.0,10370.0,2450.0,0.0,0.0,0.0,0.0,52700.0,53900.0,52100.0,52600.0,52790.0,HSX_FOREIGN_API,HOSE_SYMBOL_LEVEL,VND,2026-08-25T03:49:45Z,ff_hsx_symbol_daily_v1,131d0f59a89103c1386f7fb3a81cb03aedc44e5fac2daed817ff0ad3d85ef3d7
2020-05-18,NVL,HOSE,580764000.0,4470415000.0,-3889651000.0,11000.0,85110.0,-74110.0,0.0,0.0,0.0,0.0,52600.0,53200.0,51600.0,52800.0,52330.0,HSX_FOREIGN_API,HOSE_SYMBOL_LEVEL,VND,2026-08-25T03:49:45Z,ff_hsx_symbol_daily_v1,eae07cb97cddaa3713663ee265904b64040358766231f5b28f53d83f7d028865
2020-05-19,NVL,HOSE,964229000.0,1970383000.0,-1006154000.0,18200.0,37220.0,-19020.0,0.0,0.0,0.0,0.0,52900.0,53500.0,52100.0,53000.0,53040.0,HSX_FOREIGN_API,HOSE_SYMBOL_LEVEL,VND,2026-08-25T03:49:45Z,ff_hsx_symbol_daily_v1,a11ff0d8f06ba7ea810c7025819d863d2f2e85e2bf0a7144198f32c3c21b7fe5
2020-05-20,NVL,HOSE,1151422000.0,20748000.0,1130674000.0,21790.0,390.0,21400.0,0.0,0.0,0.0,0.0,53200.0,53500.0,52000.0,53100.0,52860.0,HSX_FOREIGN_API,HOSE_SYMBOL_LEVEL,VND,2026-08-25T03:49:45Z,ff_hsx_symbol_daily_v1,5ba193624043eb47208df9663205da8bf122d2543ea8f03cc44ec673a49160be
2020-05-21,NVL,HOSE,1201724000.0,727050000.0,474674000.0,22640.0,13710.0,8930.0,0.0,0.0,0.0,0.0,53200.0,53800.0,52100.0,53500.0,52920.0,HSX_FOREIGN_API,HOSE_SYMBOL_LEVEL,VND,2026-08-25T03:49:45Z,ff_hsx_symbol_daily_v1,9c1206d0386fc13c3774aa418e6a305b83700efc73e4aed2b7206030da5a1480
2020-05-22,NVL,HOSE,0.0,663881000.0,-663881000.0,0.0,12450.0,-12450.0,0.0,0.0,0.0,0.0,53500.0,54300.0,52400.0,53300.0,53240.0,HSX_FOREIGN_API,HOSE_SYMBOL_LEVEL,VND,2026-08-25T03:49:45Z,ff_hsx_symbol_daily_v1,0c8ede4479d9ebf5fa84ba4712b26852a8e38344c8df8dbc6487d3e109e5085e
2020-05-25,NVL,HOSE,578300000.0,6255370000.0,-5677070000.0,11000.0,118370.0,-107370.0,0.0,0.0,0.0,0.0,53400.0,53900.0,52200.0,53300.0,53100.0,HSX_FOREIGN_API,HOSE_SYMBOL_LEVEL,VND,2026-08-25T03:49:45Z,ff_hsx_symbol_daily_v1,99d83ca1d74c80e1fc0f60466b9e467d67d0ee6e05b6b15c9f3a85d216237345
2020-05-26,NVL,HOSE,671372000.0,623893000.0,47479000.0,12580.0,11690.0,890.0,0.0,0.0,0.0,0.0,53400.0,53900.0,52500.0,53400.0,53350.0,HSX_FOREIGN_API,HOSE_SYMBOL_LEVEL,VND,2026-08-25T03:49:45Z,ff_hsx_symbol_daily_v1,021e87da33872f19d886a38716c7b3c48a0213a11071c3185c86e114b1d500a1
2020-05-27,NVL,HOSE,2479214000.0,812330000.0,1666884000.0,46430.0,15200.0,31230.0,0.0,0.0,0.0,0.0,53400.0,54100.0,52500.0,53800.0,53510.0,HSX_FOREIGN_API,HOSE_SYMBOL_LEVEL,VND,2026-08-25T03:49:45Z,ff_hsx_symbol_daily_v1,c7f4c9b591053b4763edfd6b0cb05246df6a7bd30e434bf5a55bc5e998e2b63c
2020-05-28,NVL,HOSE,2374147000.0,1125244000.0,1248903000.0,44130.0,20820.0,23310.0,0.0,0.0,0.0,0.0,53800.0,54900.0,52700.0,54300.0,54030.0,HSX_FOREIGN_API,HOSE_SYMBOL_LEVEL,VND,2026-08-25T03:49:45Z,ff_hsx_symbol_daily_v1,664ebe5561083ad1bc9f815cb1c06392a015850448e3cf0925fec225c653a7c1
2020-05-29,NVL,HOSE,1716824000.0,3388198000.0,-1671374000.0,31900.0,63050.0,-31150.0,0.0,0.0,0.0,0.0,54000.0,54900.0,53300.0,53700.0,54090.0,HSX_FOREIGN_API,HOSE_SYMBOL_LEVEL,VND,2026-08-25T03:49:45Z,ff_hsx_symbol_daily_v1,20f395a25e14e53826da32bd510be8a0db0104a135595b625c46238344c9818b
2020-06-01,NVL,HOSE,3583185000.0,2869935000.0,713250000.0,66180.0,52810.0,13370.0,0.0,0.0,0.0,0.0,53700.0,55000.0,53400.0,55000.0,54360.0,HSX_FOREIGN_API,HOSE_SYMBOL_LEVEL,VND,2026-08-25T03:49:45Z,ff_hsx_symbol_daily_v1,db145d370b3b4a294f28c0fb1b1933db2c2f247deaffec4588738d2110829066
2020-06-02,NVL,HOSE,1830152000.0,4358398000.0,-2528246000.0,33660.0,80110.0,-46450.0,0.0,0.0,0.0,0.0,54700.0,55300.0,53500.0,54200.0,54440.0,HSX_FOREIGN_API,HOSE_SYMBOL_LEVEL,VND,2026-08-25T03:49:45Z,ff_hsx_symbol_daily_v1,cbbc85f831d648b03f124e1471561630a8dfbe10b07bbeed41e546a792320ff7
2020-06-03,NVL,HOSE,2912148000.0,468402000.0,2443746000.0,53870.0,8670.0,45200.0,0.0,0.0,0.0,0.0,54100.0,54500.0,53200.0,54300.0,53970.0,HSX_FOREIGN_API,HOSE_SYMBOL_LEVEL,VND,2026-08-25T03:49:45Z,ff_hsx_symbol_daily_v1,d5f6c3d2f09dbd6ddd4edcf137d0943edae3c21d5263b297f00bcce46a4fa51d
2020-06-04,NVL,HOSE,3332982000.0,441621000.0,2891361000.0,61410.0,8140.0,53270.0,0.0,0.0,0.0,0.0,54000.0,55300.0,53300.0,54500.0,54600.0,HSX_FOREIGN_API,HOSE_SYMBOL_LEVEL,VND,2026-08-25T03:49:45Z,ff_hsx_symbol_daily_v1,b3c4aa2f4c3980923909108979ccc03ebbf59a96d8e2c571434f542a29639d39
2020-06-05,NVL,HOSE,1796765000.0,642079000.0,1154686000.0,32950.0,11800.0,21150.0,0.0,0.0,0.0,0.0,54500.0,54600.0,54300.0,54600.0,54470.0,HSX_FOREIGN_API,HOSE_SYMBOL_LEVEL,VND,2026-08-25T03:49:45Z,ff_hsx_symbol_daily_v1,177bdd74d2ac9f164273cc900a6ea74daac4d5ca9195988417f91ec53989f4f4
2020-06-08,NVL,HOSE,1267360000.0,270142000.0,997218000.0,23160.0,4940.0,18220.0,0.0,0.0,0.0,0.0,54500.0,54900.0,54300.0,54700.0,54650.0,HSX_FOREIGN_API,HOSE_SYMBOL_LEVEL,VND,2026-08-25T03:49:45Z,ff_hsx_symbol_daily_v1,50e628aa15731e9894bb47b61ec17275bd83b29b3645fc84ea83b418c1d1e9ac
2020-06-09,NVL,HOSE,76230000.0,6686348000.0,-6610118000.0,1400.0,123310.0,-121910.0,0.0,0.0,0.0,0.0,54800.0,55500.0,53500.0,54500.0,54630.0,HSX_FOREIGN_API,HOSE_SYMBOL_LEVEL,VND,2026-08-25T03:49:45Z,ff_hsx_symbol_daily_v1,6758eeed1dda7ee661574a3b295132e350be4627604785835fdc41bc1e13ddee
2020-06-10,NVL,HOSE,3901601000.0,6021021000.0,-2119420000.0,71870.0,111410.0,-39540.0,0.0,0.0,0.0,0.0,54500.0,54800.0,53500.0,54500.0,54170.0,HSX_FOREIGN_API,HOSE_SYMBOL_LEVEL,VND,2026-08-25T03:49:45Z,ff_hsx_symbol_daily_v1,db13cbc88d37bf13c30cbed7086d3f6db8d8bf3a0a624ef6c001010249e9ce54
2020-06-11,NVL,HOSE,1462490000.0,4453172000.0,-2990682000.0,26850.0,81900.0,-55050.0,0.0,0.0,0.0,0.0,54500.0,54600.0,54100.0,54500.0,54410.0,HSX_FOREIGN_API,HOSE_SYMBOL_LEVEL,VND,2026-08-25T03:49:45Z,ff_hsx_symbol_daily_v1,bd0dbc81d62d6a6c9510761a55fa01e676fe4509cb8f135105715cfeac663d70
2020-06-12,NVL,HOSE,569226000.0,6155998000.0,-5586772000.0,10500.0,113340.0,-102840.0,0.0,0.0,0.0,0.0,54200.0,55300.0,53700.0,54900.0,54510.0,HSX_FOREIGN_API,HOSE_SYMBOL_LEVEL,VND,2026-08-25T03:49:45Z,ff_hsx_symbol_daily_v1,843317741d8728dea277c5a44fe2c73f2338da31d24f994940a9634789ea1a26
2020-06-15,NVL,HOSE,8161184000.0,6331825000.0,1829359000.0,148260.0,114920.0,33340.0,0.0,0.0,0.0,0.0,54600.0,55600.0,54000.0,55200.0,55080.0,HSX_FOREIGN_API,HOSE_SYMBOL_LEVEL,VND,2026-08-25T03:49:45Z,ff_hsx_symbol_daily_v1,18524c4217a515cc9357e0c685375582e0a1cfef66fdde9961429b0aa2c673a0
2020-06-16,NVL,HOSE,8731653000.0,82705000.0,8648948000.0,155230.0,1490.0,153740.0,0.0,0.0,0.0,0.0,55300.0,56800.0,55300.0,56600.0,56240.0,HSX_FOREIGN_API,HOSE_SYMBOL_LEVEL,VND,2026-08-25T03:49:45Z,ff_hsx_symbol_daily_v1,4300f6182acfc8b850329d5095b61c443aa0cb461a219e64a4e86518d01cc1f6
2020-06-17,NVL,HOSE,3865554000.0,262080000.0,3603474000.0,68460.0,4640.0,63820.0,0.0,0.0,0.0,0.0,55100.0,57400.0,55000.0,57100.0,56580.0,HSX_FOREIGN_API,HOSE_SYMBOL_LEVEL,VND,2026-08-25T03:49:45Z,ff_hsx_symbol_daily_v1,f4851cb63a0a03fad0c74c4c63d9652dc1065f00889b634dbe394d41f5029546
2020-06-18,NVL,HOSE,4708006000.0,231175000.0,4476831000.0,81410.0,3970.0,77440.0,0.0,0.0,0.0,0.0,57000.0,58500.0,56800.0,58300.0,57800.0,HSX_FOREIGN_API,HOSE_SYMBOL_LEVEL,VND,2026-08-25T03:49:45Z,ff_hsx_symbol_daily_v1,8506d4b3312080ea03e5d0434914d4c4462773cf8cae2b6dc1649f07d7cddb41
2020-06-19,NVL,HOSE,73724850000.0,36872312000.0,36852538000.0,1240130.0,621750.0,618380.0,0.0,0.0,0.0,0.0,59000.0,61500.0,58500.0,59300.0,59720.0,HSX_FOREIGN_API,HOSE_SYMBOL_LEVEL,VND,2026-08-25T03:49:45Z,ff_hsx_symbol_daily_v1,f7297afcd8c9ce839f4d8592f9251de00b071dfbfca724349322aaae14a05993
2020-06-22,NVL,HOSE,10209046000.0,6017986000.0,4191060000.0,174120.0,102330.0,71790.0,0.0,0.0,0.0,0.0,59500.0,60300.0,58000.0,59000.0,59140.0,HSX_FOREIGN_API,HOSE_SYMBOL_LEVEL,VND,2026-08-25T03:49:45Z,ff_hsx_symbol_daily_v1,461a22800545bcc60d93cc38a1cdeb47e22dd1ff3ff58cc4c008fb5b8ce42bfb
2020-06-23,NVL,HOSE,11920440000.0,939337000.0,10981103000.0,203600.0,16070.0,187530.0,0.0,0.0,0.0,0.0,58500.0,59000.0,58100.0,58300.0,58550.0,HSX_FOREIGN_API,HOSE_SYMBOL_LEVEL,VND,2026-08-25T03:49:45Z,ff_hsx_symbol_daily_v1,f8e48f198be7250831d2369bca76f7df84e289b3d31279dbec566c7e6d25d02a
2020-06-24,NVL,HOSE,15583304000.0,269714000.0,15313590000.0,266710.0,4620.0,262090.0,0.0,0.0,0.0,0.0,58100.0,59100.0,57500.0,58300.0,58350.0,HSX_FOREIGN_API,HOSE_SYMBOL_LEVEL,VND,2026-08-25T03:49:45Z,ff_hsx_symbol_daily_v1,1e797a7d852508799d0130e974a059a12bad3ac703411916e5c563e83d4fdceb
2020-06-25,NVL,HOSE,14405713000.0,347469000.0,14058244000.0,243480.0,5920.0,237560.0,0.0,0.0,0.0,0.0,58000.0,59700.0,57500.0,59500.0,58920.0,HSX_FOREIGN_API,HOSE_SYMBOL_LEVEL,VND,2026-08-25T03:49:45Z,ff_hsx_symbol_daily_v1,7089f7175f1d30e48727ffe6bda1deb9c8aee8a9fd2bd447bbd6ad7121fee474
2020-06-26,NVL,HOSE,11927585000.0,5761990000.0,6165595000.0,194160.0,93350.0,100810.0,0.0,0.0,0.0,0.0,59300.0,62900.0,59300.0,62400.0,61570.0,HSX_FOREIGN_API,HOSE_SYMBOL_LEVEL,VND,2026-08-25T03:49:45Z,ff_hsx_symbol_daily_v1,c6cd01c408e45d5f3b666a5c0b48dcf7e5bb14c61b222060931b0cc00aa3e3a8
2020-06-29,NVL,HOSE,4025809000.0,3220569000.0,805240000.0,65120.0,52030.0,13090.0,0.0,0.0,0.0,0.0,62400.0,63800.0,60800.0,62200.0,62520.0,HSX_FOREIGN_API,HOSE_SYMBOL_LEVEL,VND,2026-08-25T03:49:45Z,ff_hsx_symbol_daily_v1,6d4705a6f0a7ff40006413b5ef94c9ead1d46f0e987b8732621fe81ae66189bb
2020-06-30,NVL,HOSE,24699571000.0,6288316000.0,18411255000.0,401040.0,101800.0,299240.0,0.0,0.0,0.0,0.0,61900.0,63200.0,60600.0,61500.0,61740.0,HSX_FOREIGN_API,HOSE_SYMBOL_LEVEL,VND,2026-08-25T03:49:45Z,ff_hsx_symbol_daily_v1,a6e3e6c1a9beed0d195eb254b91de03964ea9da450d3444d832d3723c0c5e629
2020-07-01,NVL,HOSE,6220953000.0,3139998000.0,3080955000.0,101430.0,51200.0,50230.0,0.0,0.0,0.0,0.0,61100.0,62500.0,60400.0,61300.0,61100.0,HSX_FOREIGN_API,HOSE_SYMBOL_LEVEL,VND,2026-08-25T03:49:45Z,ff_hsx_symbol_daily_v1,742a76a2a0960032dd25e87fd4ed7661c6825f68a9f9f040040d2cbfd26587d1
2020-07-02,NVL,HOSE,6964055000.0,354146000.0,6609909000.0,114250.0,5800.0,108450.0,0.0,0.0,0.0,0.0,61200.0,61400.0,60500.0,61200.0,60940.0,HSX_FOREIGN_API,HOSE_SYMBOL_LEVEL,VND,2026-08-25T03:49:45Z,ff_hsx_symbol_daily_v1,d75de4cac003ed535590d64a26c9254dd474b118b7e9c6a998fd43bac92a1ae8
2020-07-03,NVL,HOSE,4099514000.0,506232000.0,3593282000.0,66010.0,8160.0,57850.0,0.0,0.0,0.0,0.0,61200.0,62600.0,60500.0,62400.0,61960.0,HSX_FOREIGN_API,HOSE_SYMBOL_LEVEL,VND,2026-08-25T03:49:45Z,ff_hsx_symbol_daily_v1,6c623fbc33080b35bca3e70074ee36232b0d9658af0e7aac977dc2e30fb2a84d
2020-07-06,NVL,HOSE,1332294000.0,941322000.0,390972000.0,21090.0,14940.0,6150.0,0.0,0.0,0.0,0.0,62400.0,64500.0,62400.0,64200.0,63500.0,HSX_FOREIGN_API,HOSE_SYMBOL_LEVEL,VND,2026-08-25T03:49:45Z,ff_hsx_symbol_daily_v1,a6cf5c7269b4d39239005b9a630850db00c098f45bd539673af655730563fb1f
2020-07-07,NVL,HOSE,10646033000.0,1514104000.0,9131929000.0,165210.0,23580.0,141630.0,0.0,0.0,0.0,0.0,64600.0,65700.0,64000.0,64500.0,64770.0,HSX_FOREIGN_API,HOSE_SYMBOL_LEVEL,VND,2026-08-25T03:49:45Z,ff_hsx_symbol_daily_v1,5946b86a7652a3ee306d4eede3bc9ce118c0aae94f3c679bf06a07a6dc84c440
2020-07-08,NVL,HOSE,9592579000.0,10276289000.0,-683710000.0,149280.0,159920.0,-10640.0,0.0,0.0,0.0,0.0,65000.0,65600.0,63900.0,64300.0,64570.0,HSX_FOREIGN_API,HOSE_SYMBOL_LEVEL,VND,2026-08-25T03:49:45Z,ff_hsx_symbol_daily_v1,edaf8abe31f1422b24e058412c0f4a745bd923d96c8650d2e4e9947c64f7bbc1
2020-07-09,NVL,HOSE,1557248000.0,540375000.0,1016873000.0,24220.0,8420.0,15800.0,0.0,0.0,0.0,0.0,64500.0,64600.0,63900.0,64500.0,64270.0,HSX_FOREIGN_API,HOSE_SYMBOL_LEVEL,VND,2026-08-25T03:49:45Z,ff_hsx_symbol_daily_v1,679697afed03a6cda8018f74dd6836ee3eec8209c991c2398e8668cf2a7cf927
2020-07-10,NVL,HOSE,1606949000.0,1489701000.0,117248000.0,25220.0,23440.0,1780.0,0.0,0.0,0.0,0.0,64500.0,64500.0,63200.0,63600.0,63700.0,HSX_FOREIGN_API,HOSE_SYMBOL_LEVEL,VND,2026-08-25T03:49:45Z,ff_hsx_symbol_daily_v1,1af2842a74079cf35937e3eda6e2fb880131dbe62b746c456a5cbc19aa60d210
2020-07-13,NVL,HOSE,4992357000.0,810615000.0,4181742000.0,78830.0,12800.0,66030.0,0.0,0.0,0.0,0.0,63500.0,64000.0,62700.0,63000.0,63370.0,HSX_FOREIGN_API,HOSE_SYMBOL_LEVEL,VND,2026-08-25T03:49:45Z,ff_hsx_symbol_daily_v1,537ce0208f3935650ec00410c36655e0a8e0d0dc922a1827744fe4ffc9de22fe
2020-07-14,NVL,HOSE,2976831000.0,309258000.0,2667573000.0,47740.0,4980.0,42760.0,0.0,0.0,0.0,0.0,62500.0,62900.0,62000.0,62300.0,62260.0,HSX_FOREIGN_API,HOSE_SYMBOL_LEVEL,VND,2026-08-25T03:49:45Z,ff_hsx_symbol_daily_v1,e142350d95b9dcd1a7b7870373c12304d02224c4374f81b43dc90841de087657
2020-07-15,NVL,HOSE,3590678000.0,931458000.0,2659220000.0,56820.0,14880.0,41940.0,0.0,0.0,0.0,0.0,62300.0,63900.0,62300.0,62600.0,63160.0,HSX_FOREIGN_API,HOSE_SYMBOL_LEVEL,VND,2026-08-25T03:49:45Z,ff_hsx_symbol_daily_v1,cdbf8497923b763f702c042566c657bf5d7391fb975c1b61b00319d7a3689126
2020-07-16,NVL,HOSE,5940661000.0,4685215000.0,1255446000.0,95490.0,75210.0,20280.0,0.0,0.0,0.0,0.0,62600.0,62600.0,61800.0,62100.0,62220.0,HSX_FOREIGN_API,HOSE_SYMBOL_LEVEL,VND,2026-08-25T03:49:45Z,ff_hsx_symbol_daily_v1,0bdab148fa3674eb766968ba8d130afd8d1603c2e6e6f0e29c40ea6be791f368
2020-07-17,NVL,HOSE,3573470000.0,798776000.0,2774694000.0,57710.0,12910.0,44800.0,0.0,0.0,0.0,0.0,62100.0,62100.0,61500.0,61900.0,61860.0,HSX_FOREIGN_API,HOSE_SYMBOL_LEVEL,VND,2026-08-25T03:49:45Z,ff_hsx_symbol_daily_v1,93d1df4f8d1ae358c12851d951f1ccf475f98d181a6fced51643fc10c3b3132b
2020-07-20,NVL,HOSE,4644423000.0,4706769000.0,-62346000.0,75430.0,76380.0,-950.0,0.0,0.0,0.0,0.0,61600.0,62000.0,61000.0,61800.0,61570.0,HSX_FOREIGN_API,HOSE_SYMBOL_LEVEL,VND,2026-08-25T03:49:45Z,ff_hsx_symbol_daily_v1,af9257302ea777eb71e70c117e432dfcd71e03e111bc415491d96a19ea1e5713
2020-07-21,NVL,HOSE,11228200000.0,6469288000.0,4758912000.0,179830.0,103700.0,76130.0,0.0,0.0,0.0,0.0,61700.0,63300.0,61500.0,62300.0,62410.0,HSX_FOREIGN_API,HOSE_SYMBOL_LEVEL,VND,2026-08-25T03:49:45Z,ff_hsx_symbol_daily_v1,47cd231df5929da0258056a326dd0594e09090d212f32f9d12b1c0a7890f6cd9
2020-07-22,NVL,HOSE,6530556000.0,18220520500.0,-11689964500.0,104270.0,291950.0,-187680.0,0.0,10247222500.0,0.0,164350.0,62300.0,62800.0,61500.0,62700.0,62480.0,HSX_FOREIGN_API,HOSE_SYMBOL_LEVEL,VND,2026-08-25T03:49:45Z,ff_hsx_symbol_daily_v1,2f58112020e2117d027d912a978aae0b13c48b9b8b5616d4bab26cad95df487f
2020-07-23,NVL,HOSE,9405562000.0,30312951000.0,-20907389000.0,149340.0,481060.0,-331720.0,0.0,17325000000.0,0.0,275000.0,62900.0,63300.0,62300.0,63000.0,62860.0,HSX_FOREIGN_API,HOSE_SYMBOL_LEVEL,VND,2026-08-25T03:49:45Z,ff_hsx_symbol_daily_v1,eaf7dc99ec393526e0ad349c4a9f750cc53c4032a412482e5f05d77419444d3f
2020-07-24,NVL,HOSE,5729470000.0,1303436000.0,4426034000.0,91140.0,20720.0,70420.0,0.0,0.0,0.0,0.0,63000.0,63200.0,62500.0,62900.0,62800.0,HSX_FOREIGN_API,HOSE_SYMBOL_LEVEL,VND,2026-08-25T03:49:45Z,ff_hsx_symbol_daily_v1,0903a24b22356bb4dd09eae57ebce7dfab44e7d515feecd704c360c7c6c37bfc
2020-07-27,NVL,HOSE,2373894000.0,853382000.0,1520512000.0,37830.0,13640.0,24190.0,0.0,0.0,0.0,0.0,62700.0,63000.0,62300.0,62800.0,62650.0,HSX_FOREIGN_API,HOSE_SYMBOL_LEVEL,VND,2026-08-25T03:49:45Z,ff_hsx_symbol_daily_v1,a9b2c67127a1eed2aacc58544a16a61c9478290560dfabd6a503fcb83700e0ef
2020-07-28,NVL,HOSE,5438044000.0,5053546000.0,384498000.0,85680.0,78830.0,6850.0,0.0,0.0,0.0,0.0,62800.0,65000.0,62400.0,63600.0,63760.0,HSX_FOREIGN_API,HOSE_SYMBOL_LEVEL,VND,2026-08-25T03:49:45Z,ff_hsx_symbol_daily_v1,5554fb1c8d70165539cca37678d9d399e6c76c8c616c60c70c5128a004644e88
2020-07-29,NVL,HOSE,2164892000.0,298080000.0,1866812000.0,34030.0,4700.0,29330.0,0.0,0.0,0.0,0.0,63500.0,63900.0,63100.0,63500.0,63460.0,HSX_FOREIGN_API,HOSE_SYMBOL_LEVEL,VND,2026-08-25T03:49:45Z,ff_hsx_symbol_daily_v1,005e2ddf85f736e070c2852f749d4392f1c048f13f5528b5df97d02e4b60a46a
2020-07-30,NVL,HOSE,8969470000.0,14121853000.0,-5152383000.0,139970.0,219430.0,-79460.0,0.0,0.0,0.0,0.0,63600.0,64900.0,63600.0,64100.0,64360.0,HSX_FOREIGN_API,HOSE_SYMBOL_LEVEL,VND,2026-08-25T03:49:45Z,ff_hsx_symbol_daily_v1,bd4a82c6953a97967ef1b47bbf8cc7f969e3f8b92a834dbd5b75747b6532e64a
2020-07-31,NVL,HOSE,21343984000.0,6381273000.0,14962711000.0,329350.0,98690.0,230660.0,0.0,0.0,0.0,0.0,63800.0,65400.0,63800.0,65100.0,64860.0,HSX_FOREIGN_API,HOSE_SYMBOL_LEVEL,VND,2026-08-25T03:49:45Z,ff_hsx_symbol_daily_v1,14d61a988da672debe1547d8a7333338d1c1299ba0fc83f6afc492db0beb0c89
2020-08-03,NVL,HOSE,20612847000.0,17471013000.0,3141834000.0,319030.0,270990.0,48040.0,5371560000.0,5371560000.0,83280.0,83280.0,64500.0,65100.0,63900.0,64300.0,64590.0,HSX_FOREIGN_API,HOSE_SYMBOL_LEVEL,VND,2026-08-25T03:49:45Z,ff_hsx_symbol_daily_v1,c46e6ddd899eb7c7ee770e265f8c7d3a4d4a14380428ed36d0c0b29394cab121
2020-08-04,NVL,HOSE,17781156000.0,4005230000.0,13775926000.0,275950.0,61990.0,213960.0,0.0,0.0,0.0,0.0,64400.0,65000.0,63500.0,64700.0,64410.0,HSX_FOREIGN_API,HOSE_SYMBOL_LEVEL,VND,2026-08-25T03:49:45Z,ff_hsx_symbol_daily_v1,3dfa4f539e2789d45416c49affcd0b3ab3eeb40a5c034a1fa3e76cdf1c45b8de
2020-08-05,NVL,HOSE,1592487000.0,29101880000.0,-27509393000.0,24670.0,448600.0,-423930.0,0.0,0.0,0.0,0.0,64200.0,65200.0,63200.0,64800.0,64330.0,HSX_FOREIGN_API,HOSE_SYMBOL_LEVEL,VND,2026-08-25T03:49:45Z,ff_hsx_symbol_daily_v1,e0caf186f8f4d0ccefe815d5714616776071fd27ba0bb2d646944c564cb274b3
2020-08-06,NVL,HOSE,1204731000.0,52299627000.0,-51094896000.0,18660.0,806750.0,-788090.0,0.0,0.0,0.0,0.0,64300.0,65400.0,63800.0,64900.0,64380.0,HSX_FOREIGN_API,HOSE_SYMBOL_LEVEL,VND,2026-08-25T03:49:45Z,ff_hsx_symbol_daily_v1,74fe6095801abacfbe413453997077b84c776712244b0302b3237ed108466a82
2020-08-07,NVL,HOSE,2084017000.0,47589050000.0,-45505033000.0,32120.0,733730.0,-701610.0,0.0,0.0,0.0,0.0,64300.0,65100.0,64000.0,64600.0,64600.0,HSX_FOREIGN_API,HOSE_SYMBOL_LEVEL,VND,2026-08-25T03:49:45Z,ff_hsx_symbol_daily_v1,d0fa4705f82d85fa2cfc03157ef3abb8f490f6157c20f518aa7d391e71fd6676
2020-08-10,NVL,HOSE,2018614000.0,4555783000.0,-2537169000.0,31330.0,70100.0,-38770.0,0.0,0.0,0.0,0.0,65000.0,65200.0,64000.0,64800.0,64720.0,HSX_FOREIGN_API,HOSE_SYMBOL_LEVEL,VND,2026-08-25T03:49:45Z,ff_hsx_symbol_daily_v1,e445d2ebe7cde206135316ad6700709a0f6d12e7fc63671e72734e8c30206268
2020-08-11,NVL,HOSE,1725616000.0,6604981000.0,-4879365000.0,26750.0,102060.0,-75310.0,0.0,0.0,0.0,0.0,64800.0,65100.0,64000.0,64700.0,64450.0,HSX_FOREIGN_API,HOSE_SYMBOL_LEVEL,VND,2026-08-25T03:49:45Z,ff_hsx_symbol_daily_v1,5c3a358b072e339f97d979349a2492ccddef1065fdd82a14cdedbd87f67191eb
2020-08-12,NVL,HOSE,2208734000.0,19352739000.0,-17144005000.0,34400.0,299720.0,-265320.0,0.0,0.0,0.0,0.0,64700.0,65000.0,63700.0,64400.0,64450.0,HSX_FOREIGN_API,HOSE_SYMBOL_LEVEL,VND,2026-08-25T03:49:45Z,ff_hsx_symbol_daily_v1,84e49977368dc2c89c7b65425fde300225bc7d017ed34c99508682efbbd57674
2020-08-13,NVL,HOSE,4446171000.0,7456334000.0,-3010163000.0,69480.0,115780.0,-46300.0,0.0,0.0,0.0,0.0,63800.0,64700.0,63800.0,64100.0,64280.0,HSX_FOREIGN_API,HOSE_SYMBOL_LEVEL,VND,2026-08-25T03:49:45Z,ff_hsx_symbol_daily_v1,020cc2d496dbc6e74dd726401e4b0966deb769803e8b8b6029e8950ac7432189
2020-08-14,NVL,HOSE,1567852000.0,12306263000.0,-10738411000.0,24640.0,192930.0,-168290.0,0.0,0.0,0.0,0.0,64100.0,64200.0,61900.0,63100.0,62990.0,HSX_FOREIGN_API,HOSE_SYMBOL_LEVEL,VND,2026-08-25T03:49:45Z,ff_hsx_symbol_daily_v1,d53ee3e059755045234df573a263b70b2f0a9794720167734ba90c972982827a
2020-08-17,NVL,HOSE,1695548000.0,745390000.0,950158000.0,26850.0,11890.0,14960.0,0.0,0.0,0.0,0.0,63000.0,63300.0,62000.0,63300.0,62590.0,HSX_FOREIGN_API,HOSE_SYMBOL_LEVEL,VND,2026-08-25T03:49:45Z,ff_hsx_symbol_daily_v1,51a921cd96426f671db091adbf61141e528b6e14aae6eeb66f4fa79a45d4d984
2020-08-18,NVL,HOSE,1721710000.0,20187994000.0,-18466284000.0,27220.0,318950.0,-291730.0,0.0,0.0,0.0,0.0,63200.0,63500.0,62800.0,63300.0,63200.0,HSX_FOREIGN_API,HOSE_SYMBOL_LEVEL,VND,2026-08-25T03:49:45Z,ff_hsx_symbol_daily_v1,e8e6b74149bae2baad0877cbadcdfed1d6bf1e9e266fcb65c747b5f2cbb919cd
2020-08-19,NVL,HOSE,6312411000.0,7467489000.0,-1155078000.0,99900.0,118030.0,-18130.0,0.0,0.0,0.0,0.0,63100.0,64300.0,63000.0,63300.0,63680.0,HSX_FOREIGN_API,HOSE_SYMBOL_LEVEL,VND,2026-08-25T03:49:45Z,ff_hsx_symbol_daily_v1,ca8ea25c0fb8d884abd7828ff94fbc28cb4e3f056dd1d3fc3fba27c9e0bbf047
2020-08-20,NVL,HOSE,3455598000.0,6200503000.0,-2744905000.0,54960.0,98640.0,-43680.0,0.0,0.0,0.0,0.0,63000.0,63900.0,62500.0,62900.0,63040.0,HSX_FOREIGN_API,HOSE_SYMBOL_LEVEL,VND,2026-08-25T03:49:45Z,ff_hsx_symbol_daily_v1,888eabb6ac8b17626f06d38d9ef62428645ace84c984345a583899d9ddeff81b
2020-08-21,NVL,HOSE,1340050000.0,2892930000.0,-1552880000.0,21320.0,46020.0,-24700.0,0.0,0.0,0.0,0.0,62500.0,63300.0,62300.0,63000.0,62840.0,HSX_FOREIGN_API,HOSE_SYMBOL_LEVEL,VND,2026-08-25T03:49:45Z,ff_hsx_symbol_daily_v1,46b33757ec9506807499c8b3b783b65fe66ab54b38a0d5a335d2cf78c6177727
2020-08-24,NVL,HOSE,4699145000.0,15399788000.0,-10700643000.0,74680.0,244450.0,-169770.0,0.0,0.0,0.0,0.0,63000.0,63000.0,62800.0,63000.0,62940.0,HSX_FOREIGN_API,HOSE_SYMBOL_LEVEL,VND,2026-08-25T03:49:45Z,ff_hsx_symbol_daily_v1,6997c178d391b9298436001ddd7778fac964c48aac2a583c7d8502b991b90a1d
2020-08-25,NVL,HOSE,2267330000.0,16788739000.0,-14521409000.0,36060.0,266460.0,-230400.0,0.0,0.0,0.0,0.0,62200.0,63100.0,62200.0,62900.0,62730.0,HSX_FOREIGN_API,HOSE_SYMBOL_LEVEL,VND,2026-08-25T03:49:45Z,ff_hsx_symbol_daily_v1,28fac1e55b9b377dc6b2641dbd0fa1030cab5b12ae63724d11af512430b141ad
2020-08-26,NVL,HOSE,2718228000.0,16892817000.0,-14174589000.0,43280.0,268550.0,-225270.0,0.0,0.0,0.0,0.0,62500.0,63000.0,61700.0,62800.0,62500.0,HSX_FOREIGN_API,HOSE_SYMBOL_LEVEL,VND,2026-08-25T03:49:45Z,ff_hsx_symbol_daily_v1,61454ec7b34ca4569ce4d0fdb81095cf176f88bba2178482cac3ebab985d471a
2020-08-27,NVL,HOSE,37043000.0,21800792000.0,-21763749000.0,590.0,347000.0,-346410.0,0.0,0.0,0.0,0.0,62500.0,62900.0,62500.0,62900.0,62750.0,HSX_FOREIGN_API,HOSE_SYMBOL_LEVEL,VND,2026-08-25T03:49:45Z,ff_hsx_symbol_daily_v1,8552ba93591959e67ee7052438fd5d9790589c479672158a24e533e29b55dc0f
2020-08-28,NVL,HOSE,1145570000.0,31627648000.0,-30482078000.0,18100.0,500000.0,-481900.0,0.0,0.0,0.0,0.0,62600.0,64400.0,62600.0,63000.0,63490.0,HSX_FOREIGN_API,HOSE_SYMBOL_LEVEL,VND,2026-08-25T03:49:45Z,ff_hsx_symbol_daily_v1,38937ed5b4cc893111f1ee6ebc787609ae260b7669ef1e8b66882d1f5e808f28
2020-08-31,NVL,HOSE,830628000.0,675423000.0,155205000.0,13060.0,10590.0,2470.0,0.0,0.0,0.0,0.0,62700.0,63900.0,62700.0,63800.0,63580.0,HSX_FOREIGN_API,HOSE_SYMBOL_LEVEL,VND,2026-08-25T03:49:45Z,ff_hsx_symbol_daily_v1,9c8052e4aba39ec272cee7f0c3f50cec3e8174542e358b448f8f475ae647590e
2020-09-01,NVL,HOSE,137915000.0,7755305000.0,-7617390000.0,2190.0,123270.0,-121080.0,0.0,0.0,0.0,0.0,62900.0,63000.0,62300.0,63000.0,62690.0,HSX_FOREIGN_API,HOSE_SYMBOL_LEVEL,VND,2026-08-25T03:49:45Z,ff_hsx_symbol_daily_v1,7396c1f2ec4518186b767649e4170eda113bbb128ab1b936dd83d86fde032eac
2020-09-03,NVL,HOSE,3646174000.0,33461860000.0,-29815686000.0,57860.0,531190.0,-473330.0,0.0,0.0,0.0,0.0,62900.0,63200.0,61800.0,63200.0,62660.0,HSX_FOREIGN_API,HOSE_SYMBOL_LEVEL,VND,2026-08-25T03:49:45Z,ff_hsx_symbol_daily_v1,e7826cee2a14d3f7d028a6af4633db049a730dfbde6d6f7b223cde88920aa2b5
2020-09-04,NVL,HOSE,8738736000.0,26191928000.0,-17453192000.0,139240.0,417020.0,-277780.0,0.0,0.0,0.0,0.0,63200.0,63500.0,62500.0,62800.0,62780.0,HSX_FOREIGN_API,HOSE_SYMBOL_LEVEL,VND,2026-08-25T03:49:45Z,ff_hsx_symbol_daily_v1,1d0b7d955baa505927e87cf3a600c0ab39f91e9080c5165e4e90aa27047134f6
2020-09-07,NVL,HOSE,251038000.0,12056781000.0,-11805743000.0,4000.0,191170.0,-187170.0,0.0,0.0,0.0,0.0,62400.0,63700.0,61800.0,62800.0,62910.0,HSX_FOREIGN_API,HOSE_SYMBOL_LEVEL,VND,2026-08-25T03:49:45Z,ff_hsx_symbol_daily_v1,94dc10665e77bc17fbbdc5af4e99f74ed51328515f767cb633db3449cb4657b3
2020-09-08,NVL,HOSE,86830000.0,13880545000.0,-13793715000.0,1400.0,220620.0,-219220.0,0.0,0.0,0.0,0.0,62300.0,63500.0,61100.0,62700.0,62590.0,HSX_FOREIGN_API,HOSE_SYMBOL_LEVEL,VND,2026-08-25T03:49:45Z,ff_hsx_symbol_daily_v1,6b62d4894a7fc0ca3670cb9fbda06033395bfe28ad3c393e4a9e517d89b5df8e
2020-09-09,NVL,HOSE,2885092000.0,3629843000.0,-744751000.0,46140.0,57940.0,-11800.0,0.0,0.0,0.0,0.0,62500.0,62800.0,62200.0,62800.0,62500.0,HSX_FOREIGN_API,HOSE_SYMBOL_LEVEL,VND,2026-08-25T03:49:45Z,ff_hsx_symbol_daily_v1,ffdd28709931c35b6809c9fda461b8edf5c9ea822b370fc26cc2c5885d5ad130
2020-09-10,NVL,HOSE,937366000.0,4829308000.0,-3891942000.0,14960.0,77080.0,-62120.0,0.0,0.0,0.0,0.0,63000.0,63400.0,62100.0,62800.0,62920.0,HSX_FOREIGN_API,HOSE_SYMBOL_LEVEL,VND,2026-08-25T03:49:45Z,ff_hsx_symbol_daily_v1,bf8add90805d8234e6a609a674055374e54151e0731c04e1815094a2e79bed66
2020-09-11,NVL,HOSE,1486920000.0,4565892000.0,-3078972000.0,23700.0,72600.0,-48900.0,0.0,0.0,0.0,0.0,62800.0,63400.0,62400.0,62900.0,62960.0,HSX_FOREIGN_API,HOSE_SYMBOL_LEVEL,VND,2026-08-25T03:49:45Z,ff_hsx_symbol_daily_v1,74569d5a6a93e305c44efcb8c80959be8a08435384290a925c1f17cb3b159772
2020-09-14,NVL,HOSE,1326020000.0,169806000.0,1156214000.0,20930.0,2680.0,18250.0,0.0,0.0,0.0,0.0,63000.0,63900.0,62900.0,63700.0,63440.0,HSX_FOREIGN_API,HOSE_SYMBOL_LEVEL,VND,2026-08-25T03:49:45Z,ff_hsx_symbol_daily_v1,53a26d523ddb9d3c2b5a13060da7400302353a87e1092820228a0020e73835ea
2020-09-15,NVL,HOSE,1315848000.0,232067000.0,1083781000.0,20720.0,3650.0,17070.0,0.0,0.0,0.0,0.0,64000.0,64500.0,63200.0,63800.0,63740.0,HSX_FOREIGN_API,HOSE_SYMBOL_LEVEL,VND,2026-08-25T03:49:45Z,ff_hsx_symbol_daily_v1,94deede2324445814069e48a6bd401d3d1e601bfc1302353db36eb4fc796f11f
2020-09-16,NVL,HOSE,3175000.0,63700000.0,-60525000.0,50.0,1000.0,-950.0,0.0,0.0,0.0,0.0,63800.0,64400.0,63300.0,63800.0,63830.0,HSX_FOREIGN_API,HOSE_SYMBOL_LEVEL,VND,2026-08-25T03:49:45Z,ff_hsx_symbol_daily_v1,f2bdd231b41ab30514cea15667a03133f0b07be6e3b3ca901ccf68df390fcf93
2020-09-17,NVL,HOSE,2759095000.0,1619217000.0,1139878000.0,43500.0,25550.0,17950.0,0.0,0.0,0.0,0.0,63600.0,63800.0,63100.0,63400.0,63410.0,HSX_FOREIGN_API,HOSE_SYMBOL_LEVEL,VND,2026-08-25T03:49:45Z,ff_hsx_symbol_daily_v1,885759e058f0062f1b872116bc10e6b7d5c9935aaa0535259119c6e34238b533
2020-09-18,NVL,HOSE,511365000.0,11745568000.0,-11234203000.0,8030.0,183800.0,-175770.0,0.0,0.0,0.0,0.0,63400.0,64600.0,63300.0,63900.0,63950.0,HSX_FOREIGN_API,HOSE_SYMBOL_LEVEL,VND,2026-08-25T03:49:45Z,ff_hsx_symbol_daily_v1,ee5378492b694f9b5bbab6ccca9d2355ce20e64807c4afd1606ce9b49b5b6300
2020-09-21,NVL,HOSE,1856956000.0,2042229000.0,-185273000.0,28920.0,31710.0,-2790.0,0.0,0.0,0.0,0.0,63900.0,64700.0,63900.0,64200.0,64310.0,HSX_FOREIGN_API,HOSE_SYMBOL_LEVEL,VND,2026-08-25T03:49:45Z,ff_hsx_symbol_daily_v1,13d52cf0c7dd2fd60a1bacc88b901f7b7a25ef8b20c6f071e73894ae92da1c6d
2020-09-22,NVL,HOSE,1714368000.0,715944000.0,998424000.0,26710.0,11220.0,15490.0,0.0,0.0,0.0,0.0,64200.0,64400.0,63600.0,63800.0,63860.0,HSX_FOREIGN_API,HOSE_SYMBOL_LEVEL,VND,2026-08-25T03:49:45Z,ff_hsx_symbol_daily_v1,858e9e2ca7b23156cf753328e94f7b329cb3bcacc13384f864b075ebb7e52975
2020-09-23,NVL,HOSE,0.0,278042000.0,-278042000.0,0.0,4380.0,-4380.0,0.0,0.0,0.0,0.0,63500.0,64500.0,63300.0,63600.0,63890.0,HSX_FOREIGN_API,HOSE_SYMBOL_LEVEL,VND,2026-08-25T03:49:45Z,ff_hsx_symbol_daily_v1,f8b59b852c7c3364affb3fefae296af78a86d30fdcf160b700effe895a88a159
2020-09-24,NVL,HOSE,0.0,832419000.0,-832419000.0,0.0,13140.0,-13140.0,0.0,0.0,0.0,0.0,63600.0,64400.0,63200.0,63500.0,63790.0,HSX_FOREIGN_API,HOSE_SYMBOL_LEVEL,VND,2026-08-25T03:49:45Z,ff_hsx_symbol_daily_v1,99ca314361604e7bc5ec1947dddeabad86eb6614a21ef58f11676bed575c590c
2020-09-25,NVL,HOSE,371964000.0,0.0,371964000.0,5860.0,0.0,5860.0,0.0,0.0,0.0,0.0,63600.0,64200.0,63100.0,63500.0,63560.0,HSX_FOREIGN_API,HOSE_SYMBOL_LEVEL,VND,2026-08-25T03:49:45Z,ff_hsx_symbol_daily_v1,6f86887f96e55e2c82b5ba496b730e336634d68eae678c958d8c0736fa947d27
2020-09-28,NVL,HOSE,584306000.0,198682000.0,385624000.0,9200.0,3130.0,6070.0,0.0,0.0,0.0,0.0,63600.0,64100.0,63300.0,63400.0,63620.0,HSX_FOREIGN_API,HOSE_SYMBOL_LEVEL,VND,2026-08-25T03:49:45Z,ff_hsx_symbol_daily_v1,66d636eca3c6b3ccf405f9bb8d8a16f2d364e3be7c8bdb422120b3d14d2c5e76
2020-09-29,NVL,HOSE,0.0,758639000.0,-758639000.0,0.0,11990.0,-11990.0,0.0,0.0,0.0,0.0,63600.0,64000.0,63100.0,63400.0,63490.0,HSX_FOREIGN_API,HOSE_SYMBOL_LEVEL,VND,2026-08-25T03:49:45Z,ff_hsx_symbol_daily_v1,1c6a75d4ddaca09cfc26a1aa520198308c2897d32ce55f4ab4dbf88176c6f65b
2020-09-30,NVL,HOSE,1811668000.0,743550000.0,1068118000.0,28620.0,11700.0,16920.0,0.0,0.0,0.0,0.0,63500.0,64000.0,63100.0,63900.0,63510.0,HSX_FOREIGN_API,HOSE_SYMBOL_LEVEL,VND,2026-08-25T03:49:45Z,ff_hsx_symbol_daily_v1,4ac29e592d83001290117d2e5892fa853b8064ed214f1a207b37a64b017841b1
2020-10-01,NVL,HOSE,3798187000.0,240627000.0,3557560000.0,59650.0,3780.0,55870.0,0.0,0.0,0.0,0.0,63900.0,64200.0,63400.0,63700.0,63790.0,HSX_FOREIGN_API,HOSE_SYMBOL_LEVEL,VND,2026-08-25T03:49:45Z,ff_hsx_symbol_daily_v1,2b540522f0fa21220b7233819aeab66f87bdf298f5725fc5e5f61091f3f9267d
2020-10-02,NVL,HOSE,162522000.0,92637000.0,69885000.0,2560.0,1460.0,1100.0,0.0,0.0,0.0,0.0,63800.0,64000.0,63200.0,63500.0,63530.0,HSX_FOREIGN_API,HOSE_SYMBOL_LEVEL,VND,2026-08-25T03:49:45Z,ff_hsx_symbol_daily_v1,f3e10d327807114fc6e26dcf2d9d47d3786f30f830abbf46e15435c6282fb08a
2020-10-05,NVL,HOSE,92491000.0,1136040000.0,-1043549000.0,1460.0,17950.0,-16490.0,0.0,0.0,0.0,0.0,63500.0,63600.0,63100.0,63300.0,63320.0,HSX_FOREIGN_API,HOSE_SYMBOL_LEVEL,VND,2026-08-25T03:49:45Z,ff_hsx_symbol_daily_v1,d71914e77dc09219452d5861e2efaa941e442a2e4183d3486f25adbcb660c9e4
2020-10-06,NVL,HOSE,245959000.0,1367183000.0,-1121224000.0,3890.0,21610.0,-17720.0,0.0,0.0,0.0,0.0,63400.0,63900.0,63000.0,63300.0,63410.0,HSX_FOREIGN_API,HOSE_SYMBOL_LEVEL,VND,2026-08-25T03:49:45Z,ff_hsx_symbol_daily_v1,42e011ca422d815cce86f24cbae47cb62ae16d43e5127012ac922901f6593bc0
2020-10-07,NVL,HOSE,1553822000.0,184740000.0,1369082000.0,24640.0,2930.0,21710.0,0.0,0.0,0.0,0.0,63400.0,63800.0,62800.0,63100.0,63310.0,HSX_FOREIGN_API,HOSE_SYMBOL_LEVEL,VND,2026-08-25T03:49:45Z,ff_hsx_symbol_daily_v1,937b870f6779a2c1201a0b7094705648397065573b08330c6958f0a312be3798
2020-10-08,NVL,HOSE,275356000.0,1368652000.0,-1093296000.0,4380.0,21720.0,-17340.0,0.0,0.0,0.0,0.0,63300.0,63500.0,62700.0,63000.0,62970.0,HSX_FOREIGN_API,HOSE_SYMBOL_LEVEL,VND,2026-08-25T03:49:45Z,ff_hsx_symbol_daily_v1,073ac0997b95ce15afe3965a34d3ad82d0588e28711b7c890e551c4423d4b9f4
2020-10-09,NVL,HOSE,2499340000.0,10245362000.0,-7746022000.0,40000.0,163600.0,-123600.0,0.0,0.0,0.0,0.0,61800.0,63700.0,61800.0,62600.0,62690.0,HSX_FOREIGN_API,HOSE_SYMBOL_LEVEL,VND,2026-08-25T03:49:45Z,ff_hsx_symbol_daily_v1,0ff59fd590a6d6dcb04d3c290584182d75d68e1dc840d3a5a1addc528c84970a
2020-10-12,NVL,HOSE,603298000.0,12454008000.0,-11850710000.0,9660.0,199330.0,-189670.0,0.0,0.0,0.0,0.0,62900.0,63400.0,62000.0,62500.0,62630.0,HSX_FOREIGN_API,HOSE_SYMBOL_LEVEL,VND,2026-08-25T03:49:45Z,ff_hsx_symbol_daily_v1,163f9b2f8187975d2b673975a48c82d5052e2ba248de3d1bdd199df20ca8cb3d
2020-10-13,NVL,HOSE,378746000.0,7066968000.0,-6688222000.0,6080.0,113540.0,-107460.0,0.0,0.0,0.0,0.0,62400.0,62900.0,61700.0,62000.0,62260.0,HSX_FOREIGN_API,HOSE_SYMBOL_LEVEL,VND,2026-08-25T03:49:45Z,ff_hsx_symbol_daily_v1,79c6907425cc58ac9ecdad78af1ec4c41aeb96b76c51f128565ede16eb733672
2020-10-14,NVL,HOSE,858554000.0,5251922000.0,-4393368000.0,13840.0,84610.0,-70770.0,0.0,0.0,0.0,0.0,62200.0,63000.0,61800.0,62000.0,62500.0,HSX_FOREIGN_API,HOSE_SYMBOL_LEVEL,VND,2026-08-25T03:49:45Z,ff_hsx_symbol_daily_v1,7680f7117e7098431344b31d99f5273a0bded644f9ff41d20b436a7e4d6ee5e8
2020-10-15,NVL,HOSE,10139510000.0,9696686000.0,442824000.0,163850.0,155800.0,8050.0,0.0,0.0,0.0,0.0,62300.0,62800.0,61700.0,62400.0,62210.0,HSX_FOREIGN_API,HOSE_SYMBOL_LEVEL,VND,2026-08-25T03:49:45Z,ff_hsx_symbol_daily_v1,093749903a2047c54cd681e6e19bdf1a133dfd82d0d3fe8b02e348fa13e884ab
2020-10-16,NVL,HOSE,24836000.0,3636560000.0,-3611724000.0,400.0,58480.0,-58080.0,0.0,0.0,0.0,0.0,62400.0,62500.0,61600.0,62300.0,61950.0,HSX_FOREIGN_API,HOSE_SYMBOL_LEVEL,VND,2026-08-25T03:49:45Z,ff_hsx_symbol_daily_v1,8f2049efb4352b0d3c15d11db03e6c7f80514abdaf3c473d09577b0056f668a9
2020-10-19,NVL,HOSE,5990285000.0,5902583000.0,87702000.0,96470.0,95000.0,1470.0,0.0,0.0,0.0,0.0,62400.0,62900.0,61800.0,62600.0,62420.0,HSX_FOREIGN_API,HOSE_SYMBOL_LEVEL,VND,2026-08-25T03:49:45Z,ff_hsx_symbol_daily_v1,4963b31d8687fcdde9730df00b77bc99bdd47de44c8f41679295096778592486
2020-10-20,NVL,HOSE,6467340000.0,5924533000.0,542807000.0,104140.0,95360.0,8780.0,0.0,0.0,0.0,0.0,62600.0,62900.0,61800.0,62000.0,62320.0,HSX_FOREIGN_API,HOSE_SYMBOL_LEVEL,VND,2026-08-25T03:49:45Z,ff_hsx_symbol_daily_v1,9156d1fa775be05044e14e6e99289a5cb916aad99af4557de36a969a2127044a
2020-10-21,NVL,HOSE,1343811000.0,6766750000.0,-5422939000.0,21570.0,109000.0,-87430.0,0.0,0.0,0.0,0.0,62200.0,62400.0,61900.0,62300.0,62070.0,HSX_FOREIGN_API,HOSE_SYMBOL_LEVEL,VND,2026-08-25T03:49:45Z,ff_hsx_symbol_daily_v1,956362672331e8bbf12737900f40b5690cd82b1210fc5c8e5c7ce650eea7517d
2020-10-22,NVL,HOSE,0.0,10263910000.0,-10263910000.0,0.0,164980.0,-164980.0,0.0,0.0,0.0,0.0,62300.0,62800.0,61900.0,62500.0,62380.0,HSX_FOREIGN_API,HOSE_SYMBOL_LEVEL,VND,2026-08-25T03:49:45Z,ff_hsx_symbol_daily_v1,aa7fc3bb0db4e9e6974a20a57bd2a14afb7547821f65158b852d403161a05f34
2020-10-23,NVL,HOSE,3190025600.0,9560524600.0,-6370499000.0,51140.0,153600.0,-102460.0,3007963600.0,3007963600.0,48220.0,48220.0,62500.0,62800.0,61900.0,62300.0,62380.0,HSX_FOREIGN_API,HOSE_SYMBOL_LEVEL,VND,2026-08-25T03:49:45Z,ff_hsx_symbol_daily_v1,c09979d19d5be721c460456e332f4c216cb2459dd1145b66a5d7b6b18dbf5e6e
2020-10-26,NVL,HOSE,20492000.0,316090000.0,-295598000.0,330.0,5110.0,-4780.0,0.0,0.0,0.0,0.0,62200.0,62400.0,61600.0,62000.0,61950.0,HSX_FOREIGN_API,HOSE_SYMBOL_LEVEL,VND,2026-08-25T03:49:45Z,ff_hsx_symbol_daily_v1,c190b654b14639646e72eebe2dd2c5ff5357d4efa4ec9cb01d0e675138644099
2020-10-27,NVL,HOSE,79630210000.0,82219063000.0,-2588853000.0,1290560.0,1332290.0,-41730.0,79113591000.0,79113591000.0,1282230.0,1282230.0,62000.0,62200.0,61500.0,62100.0,61900.0,HSX_FOREIGN_API,HOSE_SYMBOL_LEVEL,VND,2026-08-25T03:49:45Z,ff_hsx_symbol_daily_v1,96d9c22b698c5180bc23d72bd6396b835b9ea845fee2e0e6c5803b3d51a9136d
2020-10-28,NVL,HOSE,678478000.0,7311568000.0,-6633090000.0,10950.0,117910.0,-106960.0,0.0,0.0,0.0,0.0,61900.0,62300.0,61400.0,62000.0,61960.0,HSX_FOREIGN_API,HOSE_SYMBOL_LEVEL,VND,2026-08-25T03:49:45Z,ff_hsx_symbol_daily_v1,22c383e1706a530adf3ee0e35ca4842917b373226628758905f9655e87f51f76
2020-10-29,NVL,HOSE,271706000.0,2211415000.0,-1939709000.0,4380.0,35760.0,-31380.0,0.0,0.0,0.0,0.0,61900.0,62100.0,61300.0,62000.0,61840.0,HSX_FOREIGN_API,HOSE_SYMBOL_LEVEL,VND,2026-08-25T03:49:45Z,ff_hsx_symbol_daily_v1,4f6df8a3025747a63112fbafd8834e7b5ac75321a8b75452f46bdb97fe956c1c
2020-10-30,NVL,HOSE,5686653000.0,5168064000.0,518589000.0,91750.0,83730.0,8020.0,0.0,0.0,0.0,0.0,61800.0,62000.0,61100.0,62000.0,61670.0,HSX_FOREIGN_API,HOSE_SYMBOL_LEVEL,VND,2026-08-25T03:49:45Z,ff_hsx_symbol_daily_v1,8d5a47dd20870dddbfbd6a7d3e785c6f722492b1417c9dbdfd15309aa4f7b1c5
2020-11-02,NVL,HOSE,1560674000.0,899265000.0,661409000.0,25190.0,14480.0,10710.0,0.0,0.0,0.0,0.0,62400.0,62500.0,61700.0,62300.0,61990.0,HSX_FOREIGN_API,HOSE_SYMBOL_LEVEL,VND,2026-08-25T03:49:45Z,ff_hsx_symbol_daily_v1,4666c408a9598ca9c6ebd9b58b5fdf5e9b088ff0ea9c71b6fb0462c7bc608afd
2020-11-03,NVL,HOSE,1591895000.0,5977937000.0,-4386042000.0,25670.0,96350.0,-70680.0,0.0,0.0,0.0,0.0,62200.0,62300.0,61700.0,62100.0,61920.0,HSX_FOREIGN_API,HOSE_SYMBOL_LEVEL,VND,2026-08-25T03:49:45Z,ff_hsx_symbol_daily_v1,d29bb29b39d9ad585c38753b25cfdca4939eef949fce40750f8ec1b659c34687
2020-11-04,NVL,HOSE,413304000.0,1427444000.0,-1014140000.0,6670.0,23000.0,-16330.0,0.0,0.0,0.0,0.0,62000.0,62200.0,61600.0,62200.0,61850.0,HSX_FOREIGN_API,HOSE_SYMBOL_LEVEL,VND,2026-08-25T03:49:45Z,ff_hsx_symbol_daily_v1,ce9d5ca7c72bccf25d6c54f5074d008d69cda9da52c8734a5fa2c0461b3e1cc1
2020-11-05,NVL,HOSE,2380087000.0,4357979000.0,-1977892000.0,38470.0,70150.0,-31680.0,0.0,0.0,0.0,0.0,62200.0,62300.0,61600.0,62100.0,61950.0,HSX_FOREIGN_API,HOSE_SYMBOL_LEVEL,VND,2026-08-25T03:49:45Z,ff_hsx_symbol_daily_v1,6f19e7c406c51f273c6ed1f694ce976b9d809ab961c8710f6d3835dc37c70fcd
2020-11-06,NVL,HOSE,1405969000.0,3046678000.0,-1640709000.0,22750.0,49100.0,-26350.0,0.0,0.0,0.0,0.0,62200.0,62200.0,61600.0,62100.0,61890.0,HSX_FOREIGN_API,HOSE_SYMBOL_LEVEL,VND,2026-08-25T03:49:45Z,ff_hsx_symbol_daily_v1,0d5a667e9e71fce96ae3aef120edc544928c8d9d60fe837f1315cab3879ebb92
2020-11-09,NVL,HOSE,2431548000.0,29552941000.0,-27121393000.0,39660.0,481510.0,-441850.0,0.0,0.0,0.0,0.0,62200.0,62300.0,60900.0,61500.0,61510.0,HSX_FOREIGN_API,HOSE_SYMBOL_LEVEL,VND,2026-08-25T03:49:45Z,ff_hsx_symbol_daily_v1,e796e774a8ccea8f1eccad13b665ca0acd4d9a6c023c24d66d11a6ecbd00e951
2020-11-10,NVL,HOSE,971220000.0,1287686000.0,-316466000.0,15730.0,20860.0,-5130.0,0.0,0.0,0.0,0.0,61600.0,62000.0,61500.0,62000.0,61740.0,HSX_FOREIGN_API,HOSE_SYMBOL_LEVEL,VND,2026-08-25T03:49:45Z,ff_hsx_symbol_daily_v1,3c71f11da4742e8807fdbfb56108b999ac2765c29cc9a6157f97dd8ccbee3582
2020-11-11,NVL,HOSE,1226000.0,1170311000.0,-1169085000.0,20.0,18890.0,-18870.0,0.0,0.0,0.0,0.0,62000.0,62000.0,61100.0,62000.0,61620.0,HSX_FOREIGN_API,HOSE_SYMBOL_LEVEL,VND,2026-08-25T03:49:45Z,ff_hsx_symbol_daily_v1,c068b9d7c3dbf7bde55f2169ce1b1baf88d221bc56d11140ac936711a3bef443
2020-11-12,NVL,HOSE,941574000.0,3100000.0,938474000.0,15190.0,50.0,15140.0,0.0,0.0,0.0,0.0,61900.0,62000.0,61400.0,62000.0,61760.0,HSX_FOREIGN_API,HOSE_SYMBOL_LEVEL,VND,2026-08-25T03:49:45Z,ff_hsx_symbol_daily_v1,c5c03de172e37cc00ef187c0a08ae8744f53cd5c45431504398f21e3b0a7b7e6
2020-11-13,NVL,HOSE,117246000.0,0.0,117246000.0,1900.0,0.0,1900.0,0.0,0.0,0.0,0.0,62000.0,62000.0,61500.0,62000.0,61760.0,HSX_FOREIGN_API,HOSE_SYMBOL_LEVEL,VND,2026-08-25T03:49:45Z,ff_hsx_symbol_daily_v1,3191e3a5b30cfee8583b0af27c18740219bc6ed421bfc3abf53cb2e27ba10ee7
2020-11-16,NVL,HOSE,1493651000.0,1192501000.0,301150000.0,24190.0,19420.0,4770.0,0.0,0.0,0.0,0.0,62000.0,62000.0,60900.0,61300.0,61670.0,HSX_FOREIGN_API,HOSE_SYMBOL_LEVEL,VND,2026-08-25T03:49:45Z,ff_hsx_symbol_daily_v1,728b12c1d7c8b2179b147bb3ecb7cfc79bfae1be54c905514566d107bf7db1b5
2020-11-17,NVL,HOSE,30600000.0,1411681000.0,-1381081000.0,500.0,23030.0,-22530.0,0.0,0.0,0.0,0.0,61900.0,62000.0,61000.0,61800.0,61440.0,HSX_FOREIGN_API,HOSE_SYMBOL_LEVEL,VND,2026-08-25T03:49:45Z,ff_hsx_symbol_daily_v1,85260875f2510f198136523b3316dc442fa373e48c2324cd64b5e34277674d74
2020-11-18,NVL,HOSE,1476513000.0,2344218000.0,-867705000.0,24010.0,38230.0,-14220.0,0.0,0.0,0.0,0.0,61800.0,61900.0,61000.0,61500.0,61500.0,HSX_FOREIGN_API,HOSE_SYMBOL_LEVEL,VND,2026-08-25T03:49:45Z,ff_hsx_symbol_daily_v1,051c0a29011d22ef44f0dfbd4200e0e6544f92f3db197ca1f53701dfb12c638c
2020-11-19,NVL,HOSE,162906000.0,4123531000.0,-3960625000.0,2660.0,67220.0,-64560.0,0.0,0.0,0.0,0.0,61600.0,61700.0,60800.0,61500.0,61310.0,HSX_FOREIGN_API,HOSE_SYMBOL_LEVEL,VND,2026-08-25T03:49:45Z,ff_hsx_symbol_daily_v1,76bb0b473737a8a60143b7236454429f98c38c1163bae811a7fa2d101bef11e9
2020-11-20,NVL,HOSE,1384625000.0,1851000.0,1382774000.0,22530.0,30.0,22500.0,0.0,0.0,0.0,0.0,61700.0,61800.0,61000.0,61600.0,61410.0,HSX_FOREIGN_API,HOSE_SYMBOL_LEVEL,VND,2026-08-25T03:49:45Z,ff_hsx_symbol_daily_v1,b7619d6210d5f114a92532ba22efda6df0e6a6ca6eb94ea03b83ef92208225db
2020-11-23,NVL,HOSE,1930352000.0,99784000.0,1830568000.0,31480.0,1630.0,29850.0,0.0,0.0,0.0,0.0,61600.0,61800.0,61100.0,61700.0,61460.0,HSX_FOREIGN_API,HOSE_SYMBOL_LEVEL,VND,2026-08-25T03:49:45Z,ff_hsx_symbol_daily_v1,d3c4cd2d7f75f039c70800e344162915f1ef7ee427d49b932d6de4fd7921478d
2020-11-24,NVL,HOSE,694329000.0,88272000.0,606057000.0,11320.0,1440.0,9880.0,0.0,0.0,0.0,0.0,61600.0,61700.0,61000.0,61500.0,61360.0,HSX_FOREIGN_API,HOSE_SYMBOL_LEVEL,VND,2026-08-25T03:49:45Z,ff_hsx_symbol_daily_v1,f03caf25eb694fe9f8daca8a10ee8e9b94594eee033e3f5ac902ce2df9bb35fb
2020-11-25,NVL,HOSE,4425556000.0,2742177000.0,1683379000.0,72290.0,44790.0,27500.0,0.0,0.0,0.0,0.0,61500.0,61500.0,61000.0,61400.0,61250.0,HSX_FOREIGN_API,HOSE_SYMBOL_LEVEL,VND,2026-08-25T03:49:45Z,ff_hsx_symbol_daily_v1,3440c96866b5ca31fbd03f9aa1c27a1403eb1fb4bb6a17e6ab78fc57bdde0b67
2020-11-26,NVL,HOSE,3591893000.0,3616839000.0,-24946000.0,59240.0,59560.0,-320.0,0.0,0.0,0.0,0.0,61400.0,61400.0,60100.0,61000.0,60710.0,HSX_FOREIGN_API,HOSE_SYMBOL_LEVEL,VND,2026-08-25T03:49:45Z,ff_hsx_symbol_daily_v1,898a5b5990ade4c2080b05d7069194d38fa614e3cea68f4640a390754dbcaabd
2020-11-27,NVL,HOSE,6089303000.0,745679000.0,5343624000.0,100240.0,12310.0,87930.0,0.0,0.0,0.0,0.0,61000.0,61000.0,60400.0,60900.0,60660.0,HSX_FOREIGN_API,HOSE_SYMBOL_LEVEL,VND,2026-08-25T03:49:45Z,ff_hsx_symbol_daily_v1,1a9aa65843f74a35f77e3bcceaa5ce73e81322acbc74c99b86f733f88523665c
2020-11-30,NVL,HOSE,78951654000.0,84414656000.0,-5463002000.0,1305070.0,1395170.0,-90100.0,77379500000.0,77379500000.0,1279000.0,1279000.0,60900.0,60900.0,60100.0,60600.0,60360.0,HSX_FOREIGN_API,HOSE_SYMBOL_LEVEL,VND,2026-08-25T03:49:45Z,ff_hsx_symbol_daily_v1,7fd9d3e7d4e82ca18d5637a303968916d03566a42e6ad723530510d58e7ca2da
2020-12-01,NVL,HOSE,7409632000.0,3484152000.0,3925480000.0,122640.0,57800.0,64840.0,0.0,0.0,0.0,0.0,60200.0,60600.0,60000.0,60600.0,60230.0,HSX_FOREIGN_API,HOSE_SYMBOL_LEVEL,VND,2026-08-25T03:49:45Z,ff_hsx_symbol_daily_v1,a2eafe835f4672e9fb77f81f8651240685291c7f1240b616b54532b8ba4b5248
2020-12-02,NVL,HOSE,3924028000.0,324343000.0,3599685000.0,64990.0,5380.0,59610.0,0.0,0.0,0.0,0.0,60500.0,60600.0,60100.0,60500.0,60300.0,HSX_FOREIGN_API,HOSE_SYMBOL_LEVEL,VND,2026-08-25T03:49:45Z,ff_hsx_symbol_daily_v1,62ead1cf725fd2696baf21627ab12806b6dca5b63d9ac8198780c5857a15fa8a
2020-12-03,NVL,HOSE,3693181000.0,9220051000.0,-5526870000.0,61280.0,153090.0,-91810.0,0.0,0.0,0.0,0.0,60400.0,60500.0,60000.0,60400.0,60210.0,HSX_FOREIGN_API,HOSE_SYMBOL_LEVEL,VND,2026-08-25T03:49:45Z,ff_hsx_symbol_daily_v1,d36e8e1e4b2ab7f557ee1d1b2dd36ee541bf877355adc0dfb25296f723dc288c
2020-12-04,NVL,HOSE,4519317000.0,6207253000.0,-1687936000.0,74930.0,103140.0,-28210.0,0.0,0.0,0.0,0.0,60300.0,60400.0,60000.0,60400.0,60160.0,HSX_FOREIGN_API,HOSE_SYMBOL_LEVEL,VND,2026-08-25T03:49:45Z,ff_hsx_symbol_daily_v1,3c12d028b2d3de47a2edad3bc31e7b672cbcc31d7f59c2d2835044653784dbc7
2020-12-07,NVL,HOSE,4489857000.0,217323000.0,4272534000.0,74390.0,3610.0,70780.0,0.0,0.0,0.0,0.0,60300.0,60600.0,60000.0,60500.0,60290.0,HSX_FOREIGN_API,HOSE_SYMBOL_LEVEL,VND,2026-08-25T03:49:45Z,ff_hsx_symbol_daily_v1,75fed86e44bf63fb0f9ddf083c155b6daf9435c9c017a75f133a466639e7af5a
2020-12-08,NVL,HOSE,660014000.0,14959118000.0,-14299104000.0,10950.0,248850.0,-237900.0,0.0,0.0,0.0,0.0,60400.0,60600.0,60000.0,60600.0,60200.0,HSX_FOREIGN_API,HOSE_SYMBOL_LEVEL,VND,2026-08-25T03:49:45Z,ff_hsx_symbol_daily_v1,22051b62b0174fa3639c0804e9bbda79f89f56ffa5d9d7efcecd9c8a7acfb527
2020-12-09,NVL,HOSE,8880332000.0,6737546000.0,2142786000.0,141980.0,107700.0,34280.0,0.0,0.0,0.0,0.0,60500.0,62800.0,60400.0,62800.0,62030.0,HSX_FOREIGN_API,HOSE_SYMBOL_LEVEL,VND,2026-08-25T03:49:45Z,ff_hsx_symbol_daily_v1,507c5e17988330ad400f79b095f1d93f24b88e2e2ffee24720eaf8a4ff07b173
2020-12-10,NVL,HOSE,3482967000.0,21104630000.0,-17621663000.0,54490.0,329470.0,-274980.0,0.0,0.0,0.0,0.0,62600.0,65000.0,62600.0,63900.0,64080.0,HSX_FOREIGN_API,HOSE_SYMBOL_LEVEL,VND,2026-08-25T03:49:45Z,ff_hsx_symbol_daily_v1,0ec18bb537557953a3627fb25ecb2bfccac6caab67de50cbd3907fdb6f03edd1
2020-12-11,NVL,HOSE,8268458000.0,9583799000.0,-1315341000.0,129410.0,150350.0,-20940.0,0.0,0.0,0.0,0.0,63700.0,64500.0,63400.0,63900.0,63810.0,HSX_FOREIGN_API,HOSE_SYMBOL_LEVEL,VND,2026-08-25T03:49:45Z,ff_hsx_symbol_daily_v1,5d09ea03992a9caef94b6a941fc33d57b40c89b86982b7846db058d53eea3400
2020-12-14,NVL,HOSE,15269548000.0,14828475000.0,441073000.0,236870.0,231940.0,4930.0,0.0,0.0,0.0,0.0,63800.0,64800.0,63200.0,64400.0,63940.0,HSX_FOREIGN_API,HOSE_SYMBOL_LEVEL,VND,2026-08-25T03:49:45Z,ff_hsx_symbol_daily_v1,b3a351813f262f4eb4fd497cba95f8d4c1be5baaa31921feb8f4568a1c1daeb1
2020-12-15,NVL,HOSE,11713560000.0,52334878000.0,-40621318000.0,178120.0,803420.0,-625300.0,0.0,0.0,0.0,0.0,64400.0,67400.0,64400.0,65500.0,65600.0,HSX_FOREIGN_API,HOSE_SYMBOL_LEVEL,VND,2026-08-25T03:49:45Z,ff_hsx_symbol_daily_v1,1e9bd584e428ea3cbb97fafed8e876d14971e61e4af3f6a825f99d8b2f565e24
2020-12-16,NVL,HOSE,14500213000.0,46042227000.0,-31542014000.0,217570.0,691470.0,-473900.0,0.0,0.0,0.0,0.0,65900.0,67400.0,65800.0,67100.0,66580.0,HSX_FOREIGN_API,HOSE_SYMBOL_LEVEL,VND,2026-08-25T03:49:45Z,ff_hsx_symbol_daily_v1,bf38e7b01af61b469aea6e39df11d0e37be23b5a1ebd88c2f4a8a71262ec4411
2020-12-17,NVL,HOSE,53672916000.0,83985039000.0,-30312123000.0,812050.0,1270870.0,-458820.0,0.0,0.0,0.0,0.0,66800.0,66800.0,65500.0,66000.0,66060.0,HSX_FOREIGN_API,HOSE_SYMBOL_LEVEL,VND,2026-08-25T03:49:45Z,ff_hsx_symbol_daily_v1,0221a010ab004a6aa6c7bfa9faf4bb4ae8e963e984ee92a6ab8103aea603517f
2020-12-18,NVL,HOSE,62996006000.0,70421137000.0,-7425131000.0,952110.0,1065920.0,-113810.0,0.0,0.0,0.0,0.0,66200.0,67000.0,65800.0,66000.0,66310.0,HSX_FOREIGN_API,HOSE_SYMBOL_LEVEL,VND,2026-08-25T03:49:45Z,ff_hsx_symbol_daily_v1,3b23adb3bc7ffa775548d9c52dfe4dd3a0cb9563700de6986871a875122e0139
2020-12-21,NVL,HOSE,7568776000.0,635992000.0,6932784000.0,114140.0,9600.0,104540.0,0.0,0.0,0.0,0.0,66600.0,67100.0,65800.0,66300.0,66480.0,HSX_FOREIGN_API,HOSE_SYMBOL_LEVEL,VND,2026-08-25T03:49:45Z,ff_hsx_symbol_daily_v1,3b8cb21e30492d863daa30beaba8e0825459ee0a48755f258eef9bbf398b75c1
2020-12-22,NVL,HOSE,20057724000.0,422829000.0,19634895000.0,300660.0,6370.0,294290.0,0.0,0.0,0.0,0.0,66300.0,67100.0,66000.0,66700.0,66640.0,HSX_FOREIGN_API,HOSE_SYMBOL_LEVEL,VND,2026-08-25T03:49:45Z,ff_hsx_symbol_daily_v1,a7095282d1ec040f026dfe7caca4d9efbeffbe008fa281b8db68a1cb73f8a8a8
2020-12-23,NVL,HOSE,32010940000.0,1142886000.0,30868054000.0,477640.0,17100.0,460540.0,0.0,0.0,0.0,0.0,66900.0,67200.0,66400.0,67000.0,66970.0,HSX_FOREIGN_API,HOSE_SYMBOL_LEVEL,VND,2026-08-25T03:49:45Z,ff_hsx_symbol_daily_v1,e3cfd3ffbd7e188988710e2214ca2048f2e4b1b39bdd7e416e9bdffbe4eaed98
2020-12-24,NVL,HOSE,1404605000.0,3710911000.0,-2306306000.0,21170.0,55930.0,-34760.0,0.0,0.0,0.0,0.0,67000.0,67200.0,65000.0,66000.0,66360.0,HSX_FOREIGN_API,HOSE_SYMBOL_LEVEL,VND,2026-08-25T03:49:45Z,ff_hsx_symbol_daily_v1,d10e93cd9169d3ac462ba72ba4c217e04975a999170e3b1446da03882b751a56
2020-12-25,NVL,HOSE,1795106000.0,4206490000.0,-2411384000.0,27010.0,63360.0,-36350.0,0.0,0.0,0.0,0.0,66000.0,66700.0,65900.0,66500.0,66360.0,HSX_FOREIGN_API,HOSE_SYMBOL_LEVEL,VND,2026-08-25T03:49:45Z,ff_hsx_symbol_daily_v1,893cf3f37e582edc61c69670670290c3f0546e2d39a153c1300a257087ec63cd
2020-12-28,NVL,HOSE,2430137000.0,33770376000.0,-31340239000.0,36300.0,505000.0,-468700.0,0.0,0.0,0.0,0.0,66400.0,67200.0,66400.0,67100.0,66910.0,HSX_FOREIGN_API,HOSE_SYMBOL_LEVEL,VND,2026-08-25T03:49:45Z,ff_hsx_symbol_daily_v1,c79444dd02849765d926bfdb874edee7db5a3ac83c4f312d0e5102d10a2e7032
2020-12-29,NVL,HOSE,19966287000.0,567892000.0,19398395000.0,292190.0,8090.0,284100.0,0.0,0.0,0.0,0.0,67100.0,71700.0,67000.0,67900.0,68330.0,HSX_FOREIGN_API,HOSE_SYMBOL_LEVEL,VND,2026-08-25T03:49:45Z,ff_hsx_symbol_daily_v1,2f76d39a81d65bb7e38f882f264e1992a13f817c76a9952ca14b2308b61f311d
2020-12-30,NVL,HOSE,6392656000.0,1119457000.0,5273199000.0,94200.0,16770.0,77430.0,0.0,0.0,0.0,0.0,68200.0,69000.0,66100.0,66800.0,67840.0,HSX_FOREIGN_API,HOSE_SYMBOL_LEVEL,VND,2026-08-25T03:49:45Z,ff_hsx_symbol_daily_v1,297e25f1585ddd82f697a35e2eaf160db8639ba7a0cdca83965e1841b557b5a1
2020-12-31,NVL,HOSE,1899443000.0,12770309000.0,-10870866000.0,28380.0,191510.0,-163130.0,0.0,0.0,0.0,0.0,66800.0,67200.0,66000.0,66000.0,66530.0,HSX_FOREIGN_API,HOSE_SYMBOL_LEVEL,VND,2026-08-25T03:49:45Z,ff_hsx_symbol_daily_v1,49f5def289fa07822bd076631a2b2ef65e3af5729355a70ba57122dd019146a2
2021-01-04,NVL,HOSE,24199560000.0,1884850000.0,22314710000.0,363700.0,28600.0,335100.0,0.0,0.0,0.0,0.0,65700.0,67800.0,64900.0,65100.0,65850.0,HSX_FOREIGN_API,HOSE_SYMBOL_LEVEL,VND,2026-08-25T03:49:45Z,ff_hsx_symbol_daily_v1,1bfecbf3d0dd431ab07209a3db28d1dcba1d4052d577f616b20556e15e547a0d
2021-01-05,NVL,HOSE,67596840000.0,897880000.0,66698960000.0,1036900.0,13800.0,1023100.0,0.0,0.0,0.0,0.0,65000.0,65800.0,63200.0,65000.0,64840.0,HSX_FOREIGN_API,HOSE_SYMBOL_LEVEL,VND,2026-08-25T03:49:45Z,ff_hsx_symbol_daily_v1,96a5d990cf00a91b3bd5631cfb6c0614965179511abcd032623bc25098d5e4b9
2021-01-06,NVL,HOSE,39104380000.0,219920000.0,38884460000.0,587600.0,3300.0,584300.0,0.0,0.0,0.0,0.0,64900.0,67900.0,64700.0,66700.0,66310.0,HSX_FOREIGN_API,HOSE_SYMBOL_LEVEL,VND,2026-08-25T03:49:45Z,ff_hsx_symbol_daily_v1,e5c0d385018459af921a350adc75eef9eaa65e8b8701279dda90594c032457d9
2021-01-07,NVL,HOSE,45851560000.0,202780000.0,45648780000.0,654700.0,3000.0,651700.0,0.0,0.0,0.0,0.0,66500.0,71300.0,66500.0,71300.0,68850.0,HSX_FOREIGN_API,HOSE_SYMBOL_LEVEL,VND,2026-08-25T03:49:45Z,ff_hsx_symbol_daily_v1,48e5d30c775786ef1b471c557844c16a4e5a12c2175a66ac18796cd4bf5d3d4c
2021-01-08,NVL,HOSE,107417080000.0,11478710000.0,95938370000.0,1444200.0,155000.0,1289200.0,0.0,0.0,0.0,0.0,72500.0,75900.0,72500.0,75700.0,74100.0,HSX_FOREIGN_API,HOSE_SYMBOL_LEVEL,VND,2026-08-25T03:49:45Z,ff_hsx_symbol_daily_v1,f1e8b8a4ae3f2bedad59aab5047ab3dc8d480c275bc354bcaf7bd19e89626ac5
2021-01-11,NVL,HOSE,134940560000.0,92114130000.0,42826430000.0,1805800.0,1233500.0,572300.0,0.0,0.0,0.0,0.0,75500.0,75700.0,74000.0,75500.0,74760.0,HSX_FOREIGN_API,HOSE_SYMBOL_LEVEL,VND,2026-08-25T03:49:45Z,ff_hsx_symbol_daily_v1,c0cce324dca3d8002c63e46196e5ade58be34fefa81998640df393a9b5a3ba16
2021-01-12,NVL,HOSE,132765930000.0,25635360000.0,107130570000.0,1742600.0,337100.0,1405500.0,0.0,0.0,0.0,0.0,75500.0,77800.0,74800.0,75400.0,76160.0,HSX_FOREIGN_API,HOSE_SYMBOL_LEVEL,VND,2026-08-25T03:49:45Z,ff_hsx_symbol_daily_v1,f386bbdc6a2fc91a25dc6c36ba308e6e1ead4b72de2ae96b26b1c3cffc99086a
2021-01-13,NVL,HOSE,210410060000.0,2600300000.0,207809760000.0,2768500.0,34500.0,2734000.0,0.0,0.0,0.0,0.0,75400.0,76500.0,75100.0,75600.0,75980.0,HSX_FOREIGN_API,HOSE_SYMBOL_LEVEL,VND,2026-08-25T03:49:45Z,ff_hsx_symbol_daily_v1,55d25450ae58605c8178005540c131feb1093c973e17dbbf456d6410afe7cc61
2021-01-14,NVL,HOSE,128653000000.0,7765900000.0,120887100000.0,1699600.0,102800.0,1596800.0,0.0,0.0,0.0,0.0,75600.0,76800.0,74900.0,75200.0,75960.0,HSX_FOREIGN_API,HOSE_SYMBOL_LEVEL,VND,2026-08-25T03:49:45Z,ff_hsx_symbol_daily_v1,b974900a725707d994d3cd37145b748785594292e3623a11f13382b473e22c86
2021-01-15,NVL,HOSE,56135150000.0,18899500000.0,37235650000.0,758100.0,256600.0,501500.0,0.0,0.0,0.0,0.0,75100.0,75500.0,72500.0,72500.0,73940.0,HSX_FOREIGN_API,HOSE_SYMBOL_LEVEL,VND,2026-08-25T03:49:45Z,ff_hsx_symbol_daily_v1,fedfbc792d70f7c2c6d30294ae4b990002f1d51005e08706e102b7797dee5e38
2021-01-18,NVL,HOSE,19745500000.0,2582610000.0,17162890000.0,273500.0,35900.0,237600.0,0.0,0.0,0.0,0.0,72000.0,73900.0,71000.0,71700.0,72030.0,HSX_FOREIGN_API,HOSE_SYMBOL_LEVEL,VND,2026-08-25T03:49:45Z,ff_hsx_symbol_daily_v1,d71b5d9d3579d765a139c08dab8cbc75c3fb8af06b0241999fe08628428717c1
2021-01-19,NVL,HOSE,8504810000.0,2562190000.0,5942620000.0,121300.0,36700.0,84600.0,0.0,0.0,0.0,0.0,72400.0,72500.0,67000.0,70000.0,70490.0,HSX_FOREIGN_API,HOSE_SYMBOL_LEVEL,VND,2026-08-25T03:49:45Z,ff_hsx_symbol_daily_v1,6881db2cb5cda87ff08e46a0158acd779311317a2a152b58ec14576b95f31dae
2021-01-20,NVL,HOSE,46585410000.0,14877520000.0,31707890000.0,651200.0,204600.0,446600.0,0.0,0.0,0.0,0.0,71000.0,74000.0,70100.0,72000.0,72340.0,HSX_FOREIGN_API,HOSE_SYMBOL_LEVEL,VND,2026-08-25T03:49:45Z,ff_hsx_symbol_daily_v1,4840b1a20908efb294466f79622a0633e26674619ecbc8b97f1c4adbd23f4aaf
2021-01-21,NVL,HOSE,87091680000.0,19964380000.0,67127300000.0,1171600.0,273300.0,898300.0,0.0,0.0,0.0,0.0,73400.0,76400.0,72000.0,75900.0,73840.0,HSX_FOREIGN_API,HOSE_SYMBOL_LEVEL,VND,2026-08-25T03:49:45Z,ff_hsx_symbol_daily_v1,25eeb12c72a68cf5c72608fbdab55ccb04795bcd4dab1c8f0c9a9c86ed521d90
2021-01-22,NVL,HOSE,209328080000.0,30201760000.0,179126320000.0,2710000.0,381500.0,2328500.0,59882000000.0,0.0,790000.0,0.0,76200.0,80000.0,75000.0,79000.0,78110.0,HSX_FOREIGN_API,HOSE_SYMBOL_LEVEL,VND,2026-08-25T03:49:45Z,ff_hsx_symbol_daily_v1,a5119a67bb3a0747308708447541b541200fb1ab0d5f0e26c2bb33e4cc7d7367
2021-01-25,NVL,HOSE,27504790000.0,13488340000.0,14016450000.0,346400.0,170100.0,176300.0,0.0,0.0,0.0,0.0,79400.0,80100.0,78900.0,80000.0,79440.0,HSX_FOREIGN_API,HOSE_SYMBOL_LEVEL,VND,2026-08-25T03:49:45Z,ff_hsx_symbol_daily_v1,d8589768b24ef1387a4572a4d648ffb6c7824c7752b9586ece0b25e3c9065d9d
2021-01-26,NVL,HOSE,75253640000.0,14400220000.0,60853420000.0,927900.0,177300.0,750600.0,0.0,0.0,0.0,0.0,80500.0,82500.0,79000.0,81000.0,80700.0,HSX_FOREIGN_API,HOSE_SYMBOL_LEVEL,VND,2026-08-25T03:49:45Z,ff_hsx_symbol_daily_v1,deb13ae5566761478395507752265ed1fb1ef77bbdf2b7de0ef2f03578c62ca9
2021-01-27,NVL,HOSE,91912570000.0,5945450000.0,85967120000.0,1125900.0,73300.0,1052600.0,0.0,0.0,0.0,0.0,81000.0,82500.0,80000.0,81200.0,81540.0,HSX_FOREIGN_API,HOSE_SYMBOL_LEVEL,VND,2026-08-25T03:49:45Z,ff_hsx_symbol_daily_v1,86cb011d016121bb30f5a0b3e4f93641ac05a8c48f0ab5b83728eeb62a38bd05
2021-01-28,NVL,HOSE,37005260000.0,21000560000.0,16004700000.0,469600.0,266300.0,203300.0,0.0,0.0,0.0,0.0,79900.0,80900.0,75600.0,75800.0,77640.0,HSX_FOREIGN_API,HOSE_SYMBOL_LEVEL,VND,2026-08-25T03:49:45Z,ff_hsx_symbol_daily_v1,2ccbc91c813c3d28b70ac446ef1ab65e97bd2c2bbd1e278d555f0b29c9d4408f
2021-01-29,NVL,HOSE,44667980000.0,1083220000.0,43584760000.0,556200.0,13600.0,542600.0,0.0,0.0,0.0,0.0,76500.0,81100.0,76300.0,80200.0,80140.0,HSX_FOREIGN_API,HOSE_SYMBOL_LEVEL,VND,2026-08-25T03:49:45Z,ff_hsx_symbol_daily_v1,1b863cd42e5382b7f8a6dd5a314b875471c5ce09994da2927ef97c0d00c83baa
2021-02-01,NVL,HOSE,61246710000.0,67560290000.0,-6313580000.0,759000.0,837000.0,-78000.0,0.0,0.0,0.0,0.0,80200.0,82800.0,79100.0,80100.0,80800.0,HSX_FOREIGN_API,HOSE_SYMBOL_LEVEL,VND,2026-08-25T03:49:45Z,ff_hsx_symbol_daily_v1,f4561308addbac59d84539f10ff2e3f6f1cd4cd1804084777c6a4acce161af7c
2021-02-02,NVL,HOSE,16973680000.0,54621810000.0,-37648130000.0,211700.0,680900.0,-469200.0,0.0,0.0,0.0,0.0,80100.0,81000.0,79200.0,80500.0,80120.0,HSX_FOREIGN_API,HOSE_SYMBOL_LEVEL,VND,2026-08-25T03:49:45Z,ff_hsx_symbol_daily_v1,dc4a2d7866213cf2a2f98c223fb025cd9399d99250a1c50f614ecf6f2230edda
2021-02-03,NVL,HOSE,20534650000.0,36627310000.0,-16092660000.0,254900.0,453500.0,-198600.0,0.0,0.0,0.0,0.0,80600.0,83500.0,79800.0,83000.0,80790.0,HSX_FOREIGN_API,HOSE_SYMBOL_LEVEL,VND,2026-08-25T03:49:45Z,ff_hsx_symbol_daily_v1,dec8ec4deda440e420001fee605b1698bd370b031846e8a4edce4baed2e9661a
2021-02-04,NVL,HOSE,5460740000.0,18889600000.0,-13428860000.0,66700.0,230600.0,-163900.0,0.0,0.0,0.0,0.0,83000.0,83500.0,80800.0,81500.0,82350.0,HSX_FOREIGN_API,HOSE_SYMBOL_LEVEL,VND,2026-08-25T03:49:45Z,ff_hsx_symbol_daily_v1,8f970d965c4f54253a8b7ee008b0c53b5a77680be07dd1d1835f18a73d512343
2021-02-05,NVL,HOSE,13586680000.0,55821240000.0,-42234560000.0,168100.0,690300.0,-522200.0,0.0,0.0,0.0,0.0,82000.0,82400.0,79700.0,80200.0,81170.0,HSX_FOREIGN_API,HOSE_SYMBOL_LEVEL,VND,2026-08-25T03:49:45Z,ff_hsx_symbol_daily_v1,053e1c2455aacd445fb88425ba7a2e0c70a4e8252da16fcf43f67cb40e49c560
2021-02-08,NVL,HOSE,10528210000.0,96005640000.0,-85477430000.0,134200.0,1247200.0,-1113000.0,0.0,0.0,0.0,0.0,80000.0,80000.0,76000.0,77700.0,77550.0,HSX_FOREIGN_API,HOSE_SYMBOL_LEVEL,VND,2026-08-25T03:49:45Z,ff_hsx_symbol_daily_v1,d6294b8d2bd049afc2bf6295d566aba2b199064eb1c5f365b4d1f1d13456105f
2021-02-09,NVL,HOSE,40794120000.0,32862920000.0,7931200000.0,517800.0,417800.0,100000.0,0.0,0.0,0.0,0.0,78500.0,80400.0,77000.0,79000.0,79190.0,HSX_FOREIGN_API,HOSE_SYMBOL_LEVEL,VND,2026-08-25T03:49:45Z,ff_hsx_symbol_daily_v1,ff7c055b6efffae53d99899ee31d11a8c2ec7d983057227966da989a4723331e
2021-02-17,NVL,HOSE,22430870000.0,15107540000.0,7323330000.0,281100.0,189600.0,91500.0,0.0,0.0,0.0,0.0,80900.0,81200.0,78900.0,81000.0,79990.0,HSX_FOREIGN_API,HOSE_SYMBOL_LEVEL,VND,2026-08-25T03:49:45Z,ff_hsx_symbol_daily_v1,28919a24560d60452744af72412fe1fd324d99ecce5c1b6d186dbb28bfcb9ccb
2021-02-18,NVL,HOSE,29203700000.0,55016100000.0,-25812400000.0,365300.0,688000.0,-322700.0,0.0,0.0,0.0,0.0,80300.0,81500.0,79100.0,81500.0,80060.0,HSX_FOREIGN_API,HOSE_SYMBOL_LEVEL,VND,2026-08-25T03:49:45Z,ff_hsx_symbol_daily_v1,f7823dd282614e9951c5dc24ace5d5d98a1f965882e258b2f5286eb8c807afd3
2021-02-19,NVL,HOSE,11689680000.0,55819830000.0,-44130150000.0,143700.0,688700.0,-545000.0,0.0,0.0,0.0,0.0,81500.0,82400.0,80000.0,80300.0,81400.0,HSX_FOREIGN_API,HOSE_SYMBOL_LEVEL,VND,2026-08-25T03:49:45Z,ff_hsx_symbol_daily_v1,32f62f277269a10c8c8d678efb5267012efdd9405e67fb927a222c0fde4d5873
2021-02-22,NVL,HOSE,24664400000.0,30124140000.0,-5459740000.0,307000.0,375200.0,-68200.0,24101700000.0,24101700000.0,300000.0,300000.0,80400.0,80900.0,79300.0,80800.0,80340.0,HSX_FOREIGN_API,HOSE_SYMBOL_LEVEL,VND,2026-08-25T03:49:45Z,ff_hsx_symbol_daily_v1,93f5efa5c3a2bc9a52a6ed67c704244d417c9db505af2afaa3678c6af1550e92
2021-02-23,NVL,HOSE,64480000.0,36582420000.0,-36517940000.0,800.0,453700.0,-452900.0,0.0,0.0,0.0,0.0,80800.0,80900.0,80100.0,80800.0,80530.0,HSX_FOREIGN_API,HOSE_SYMBOL_LEVEL,VND,2026-08-25T03:49:45Z,ff_hsx_symbol_daily_v1,92109c1bdbe388bfac74521c1cd271a6da7a36d4dde1cf5f63f656c9f21af3bc
2021-02-24,NVL,HOSE,56600000.0,9585700000.0,-9529100000.0,700.0,119100.0,-118400.0,0.0,0.0,0.0,0.0,80800.0,81800.0,79400.0,80400.0,80690.0,HSX_FOREIGN_API,HOSE_SYMBOL_LEVEL,VND,2026-08-25T03:49:45Z,ff_hsx_symbol_daily_v1,27dd0b4348fd2c01f4386d73fa8ae194d59717efd10150d98890adad35a3c8bc
2021-02-25,NVL,HOSE,8794430000.0,8768490000.0,25940000.0,109200.0,109200.0,0.0,0.0,0.0,0.0,0.0,80800.0,81600.0,79200.0,80000.0,80440.0,HSX_FOREIGN_API,HOSE_SYMBOL_LEVEL,VND,2026-08-25T03:49:45Z,ff_hsx_symbol_daily_v1,97ddef78ffbff85938767409e168899b5ba4520423e0d6288abf24b908518eb1
2021-02-26,NVL,HOSE,2774020000.0,17614560000.0,-14840540000.0,34900.0,221100.0,-186200.0,0.0,0.0,0.0,0.0,79500.0,81000.0,79200.0,79600.0,79890.0,HSX_FOREIGN_API,HOSE_SYMBOL_LEVEL,VND,2026-08-25T03:49:45Z,ff_hsx_symbol_daily_v1,8d3710e9bf74b43602c634debe0002717eccc7f7e58212d5ce228cac559f6ade
2021-03-01,NVL,HOSE,6942760000.0,21013350000.0,-14070590000.0,87200.0,264500.0,-177300.0,0.0,0.0,0.0,0.0,79600.0,80000.0,79100.0,79700.0,79470.0,HSX_FOREIGN_API,HOSE_SYMBOL_LEVEL,VND,2026-08-25T03:49:45Z,ff_hsx_symbol_daily_v1,03b543fa012180a621c7817fa272c3dac1eb68492b5a81d92a00b580e0cb0104
2021-03-02,NVL,HOSE,12531310000.0,13912090000.0,-1380780000.0,158000.0,175300.0,-17300.0,0.0,0.0,0.0,0.0,79700.0,80000.0,79200.0,79300.0,79450.0,HSX_FOREIGN_API,HOSE_SYMBOL_LEVEL,VND,2026-08-25T03:49:45Z,ff_hsx_symbol_daily_v1,6567507b070a59e972b7ffed3ac75badf4c9c4564b5db3014ddf7df6b3b61549
2021-03-03,NVL,HOSE,12731930000.0,7358260000.0,5373670000.0,159800.0,91100.0,68700.0,0.0,0.0,0.0,0.0,79100.0,82000.0,78800.0,81400.0,79750.0,HSX_FOREIGN_API,HOSE_SYMBOL_LEVEL,VND,2026-08-25T03:49:45Z,ff_hsx_symbol_daily_v1,df18b888ad2307753f8b55d2d129a1d3b8aeb1432c11b83562c246185f46e89d
2021-03-04,NVL,HOSE,11570800000.0,3763690000.0,7807110000.0,143200.0,46500.0,96700.0,0.0,0.0,0.0,0.0,81800.0,81900.0,80000.0,80600.0,81070.0,HSX_FOREIGN_API,HOSE_SYMBOL_LEVEL,VND,2026-08-25T03:49:45Z,ff_hsx_symbol_daily_v1,98e3ce77b9802147cf1dd7259db0c070d16e22ddb92ee6376f0a538ba91baba1
2021-03-05,NVL,HOSE,29862260000.0,66930750000.0,-37068490000.0,372700.0,837900.0,-465200.0,0.0,0.0,0.0,0.0,81200.0,81400.0,78000.0,79900.0,80370.0,HSX_FOREIGN_API,HOSE_SYMBOL_LEVEL,VND,2026-08-25T03:49:45Z,ff_hsx_symbol_daily_v1,e329fb8a96f50fd342810cb0acec18ac9717ad87bd006e7136d4c9d99327fd33
2021-03-08,NVL,HOSE,7600750000.0,30240220000.0,-22639470000.0,94700.0,375400.0,-280700.0,0.0,0.0,0.0,0.0,80300.0,81600.0,79000.0,81400.0,80100.0,HSX_FOREIGN_API,HOSE_SYMBOL_LEVEL,VND,2026-08-25T03:49:45Z,ff_hsx_symbol_daily_v1,77e61865365b148c1f389e8f7f2a5f88a7cb0081010a9e139b307fc887dfe3d6
2021-03-09,NVL,HOSE,4318540000.0,4680270000.0,-361730000.0,53200.0,57400.0,-4200.0,0.0,0.0,0.0,0.0,81400.0,82200.0,80200.0,82000.0,81760.0,HSX_FOREIGN_API,HOSE_SYMBOL_LEVEL,VND,2026-08-25T03:49:45Z,ff_hsx_symbol_daily_v1,ca5a6c0b0ae511b94bef8224876c8c429cf084d8465743c277ed60b664c6a281
2021-03-10,NVL,HOSE,5497450000.0,19088890000.0,-13591440000.0,67700.0,234100.0,-166400.0,0.0,0.0,0.0,0.0,82200.0,82500.0,80100.0,82500.0,81140.0,HSX_FOREIGN_API,HOSE_SYMBOL_LEVEL,VND,2026-08-25T03:49:45Z,ff_hsx_symbol_daily_v1,5d9d2b1a81ee08c1e259858e2d087ea7a6eeace97eb524907494d79443f6660a
2021-03-11,NVL,HOSE,8300000.0,3371890000.0,-3363590000.0,100.0,40800.0,-40700.0,0.0,0.0,0.0,0.0,83200.0,83500.0,82100.0,82900.0,83020.0,HSX_FOREIGN_API,HOSE_SYMBOL_LEVEL,VND,2026-08-25T03:49:45Z,ff_hsx_symbol_daily_v1,38f64b404c9c8f4ccdbf1f8807c947d1e52ecccb18f804c6ccb919cc7374e6a8
2021-03-12,NVL,HOSE,27020950000.0,19432100000.0,7588850000.0,328200.0,236100.0,92100.0,16460000000.0,16460000000.0,200000.0,200000.0,82600.0,82800.0,81800.0,82200.0,82240.0,HSX_FOREIGN_API,HOSE_SYMBOL_LEVEL,VND,2026-08-25T03:49:45Z,ff_hsx_symbol_daily_v1,f4bdba556e4022cc2a4123f0c3d5bb1847171f9be0da96b9f22bd74e5e75ce62
2021-03-15,NVL,HOSE,653230000.0,66635190000.0,-65981960000.0,8000.0,807400.0,-799400.0,0.0,0.0,0.0,0.0,82200.0,83000.0,81300.0,81900.0,82470.0,HSX_FOREIGN_API,HOSE_SYMBOL_LEVEL,VND,2026-08-25T03:49:45Z,ff_hsx_symbol_daily_v1,60198cf2551d61bb14c361e8634b7172d70aa30a999c18113a836721db995376
2021-03-16,NVL,HOSE,1621210000.0,22882450000.0,-21261240000.0,20100.0,283000.0,-262900.0,0.0,0.0,0.0,0.0,81400.0,81900.0,80400.0,80900.0,80900.0,HSX_FOREIGN_API,HOSE_SYMBOL_LEVEL,VND,2026-08-25T03:49:45Z,ff_hsx_symbol_daily_v1,872b37cce0cdf46c3a0e5830358eebb4956fe6fe51f46efc68af94c95b18b80c
2021-03-17,NVL,HOSE,1476780000.0,27298880000.0,-25822100000.0,18500.0,340700.0,-322200.0,0.0,0.0,0.0,0.0,80300.0,80900.0,79600.0,80500.0,80030.0,HSX_FOREIGN_API,HOSE_SYMBOL_LEVEL,VND,2026-08-25T03:49:45Z,ff_hsx_symbol_daily_v1,82ef8bf9e347783e5810d52748f8f172a6d181c5ba8591fe3dc2e403d2875590
2021-03-18,NVL,HOSE,1447790000.0,81670000.0,1366120000.0,17900.0,1000.0,16900.0,0.0,0.0,0.0,0.0,81400.0,82000.0,80000.0,81200.0,81150.0,HSX_FOREIGN_API,HOSE_SYMBOL_LEVEL,VND,2026-08-25T03:49:45Z,ff_hsx_symbol_daily_v1,bdb142d00257c20d935c3a0cb65a5a9390c9d2cdb72199685dd64531b95cdde3
2021-03-19,NVL,HOSE,4715600000.0,202492610000.0,-197777010000.0,59000.0,2555300.0,-2496300.0,0.0,0.0,0.0,0.0,80800.0,81200.0,79000.0,79000.0,79450.0,HSX_FOREIGN_API,HOSE_SYMBOL_LEVEL,VND,2026-08-25T03:49:45Z,ff_hsx_symbol_daily_v1,219bec27e1af87039a90f8a366f72b328fa53f6f891f61f50d48745c737b748b
2021-03-22,NVL,HOSE,8100780000.0,298560000.0,7802220000.0,100400.0,3700.0,96700.0,0.0,0.0,0.0,0.0,80000.0,81100.0,80000.0,80800.0,80680.0,HSX_FOREIGN_API,HOSE_SYMBOL_LEVEL,VND,2026-08-25T03:49:45Z,ff_hsx_symbol_daily_v1,373ac183dfa46c3783de46603357f7d410dc28e49dc351eef8585047198ea840
2021-03-23,NVL,HOSE,2794720000.0,5968060000.0,-3173340000.0,34700.0,74000.0,-39300.0,0.0,0.0,0.0,0.0,81000.0,82000.0,79900.0,80000.0,81160.0,HSX_FOREIGN_API,HOSE_SYMBOL_LEVEL,VND,2026-08-25T03:49:45Z,ff_hsx_symbol_daily_v1,0fbc6b1fa15d7e5f5d047949e5e6cda89aeb5c35d810f3962846ecdef4a1f156
2021-03-24,NVL,HOSE,33563740000.0,37284920000.0,-3721180000.0,421300.0,469000.0,-47700.0,0.0,0.0,0.0,0.0,79800.0,80000.0,79200.0,79800.0,79510.0,HSX_FOREIGN_API,HOSE_SYMBOL_LEVEL,VND,2026-08-25T03:49:45Z,ff_hsx_symbol_daily_v1,db0e704ed2b9b7ef8d917bb220d3b8aad229778df7f136439391c8e8d88c8479
2021-03-25,NVL,HOSE,35813260000.0,2586450000.0,33226810000.0,447000.0,32400.0,414600.0,0.0,0.0,0.0,0.0,79900.0,81000.0,79300.0,80000.0,80090.0,HSX_FOREIGN_API,HOSE_SYMBOL_LEVEL,VND,2026-08-25T03:49:45Z,ff_hsx_symbol_daily_v1,0bd5129880112d111224eef00c73ef9ffb60a6cbb1cc3012e8edcfd929d8d932
2021-03-26,NVL,HOSE,10748760000.0,33112370000.0,-22363610000.0,135400.0,416200.0,-280800.0,0.0,0.0,0.0,0.0,79700.0,79800.0,78800.0,79500.0,79380.0,HSX_FOREIGN_API,HOSE_SYMBOL_LEVEL,VND,2026-08-25T03:49:45Z,ff_hsx_symbol_daily_v1,e2ea34a226ac1caf3c9a60aa053c190ff39eb90ea524c0f02594206191c20999
2021-03-29,NVL,HOSE,21076190000.0,0.0,21076190000.0,264200.0,0.0,264200.0,0.0,0.0,0.0,0.0,80000.0,80100.0,79500.0,80000.0,79760.0,HSX_FOREIGN_API,HOSE_SYMBOL_LEVEL,VND,2026-08-25T03:49:45Z,ff_hsx_symbol_daily_v1,f20c5e90e7051791e693ccd82b3bd775be583a322cb1342409f384150c913927
2021-03-30,NVL,HOSE,12395170000.0,3577220000.0,8817950000.0,154100.0,44600.0,109500.0,0.0,0.0,0.0,0.0,80300.0,80800.0,79900.0,80700.0,80440.0,HSX_FOREIGN_API,HOSE_SYMBOL_LEVEL,VND,2026-08-25T03:49:45Z,ff_hsx_symbol_daily_v1,ff90bc9ab6540ebc9e2c343110f1952bf890398ce208c242bebff8019501875c
2021-03-31,NVL,HOSE,9365850000.0,458870000.0,8906980000.0,116200.0,5700.0,110500.0,0.0,0.0,0.0,0.0,80500.0,80800.0,80100.0,80500.0,80530.0,HSX_FOREIGN_API,HOSE_SYMBOL_LEVEL,VND,2026-08-25T03:49:45Z,ff_hsx_symbol_daily_v1,bc1fb69f230fccd2065f41ce3aeb0918ae30bd161b20d94df93ea6ead07a7f84
2021-04-01,NVL,HOSE,47830320000.0,2018200000.0,45812120000.0,581600.0,24600.0,557000.0,0.0,0.0,0.0,0.0,80500.0,83000.0,80500.0,81800.0,82080.0,HSX_FOREIGN_API,HOSE_SYMBOL_LEVEL,VND,2026-08-25T03:49:45Z,ff_hsx_symbol_daily_v1,eeb7cc31a0dbe234e6cbaa234b9a82aa6171ab39daa1c469aade1b09157ab42c
2021-04-02,NVL,HOSE,31047620000.0,536730000.0,30510890000.0,375600.0,6500.0,369100.0,0.0,0.0,0.0,0.0,82500.0,82900.0,81800.0,82000.0,82630.0,HSX_FOREIGN_API,HOSE_SYMBOL_LEVEL,VND,2026-08-25T03:49:45Z,ff_hsx_symbol_daily_v1,890c66652c9c674ebd2f0e159fd8d4e85904aa3ff49bab55cdc7d6f7fe7edef3
2021-04-05,NVL,HOSE,66678810000.0,47016640000.0,19662170000.0,772600.0,556400.0,216200.0,0.0,0.0,0.0,0.0,86800.0,86800.0,83100.0,85500.0,84980.0,HSX_FOREIGN_API,HOSE_SYMBOL_LEVEL,VND,2026-08-25T03:49:45Z,ff_hsx_symbol_daily_v1,87caf4dd05ddcadfd8d82ba3b19fd43ef48bd95ae8751bf64e26e570a0a2e785
2021-04-06,NVL,HOSE,15914260000.0,12599360000.0,3314900000.0,184100.0,145400.0,38700.0,0.0,0.0,0.0,0.0,85500.0,87500.0,84600.0,86800.0,86860.0,HSX_FOREIGN_API,HOSE_SYMBOL_LEVEL,VND,2026-08-25T03:49:45Z,ff_hsx_symbol_daily_v1,3406ab039a899c5a85b0c1db5ad9ccfa4bb6edd4b05c0818e45e3b91c566e3e4
2021-04-07,NVL,HOSE,58428030000.0,40605220000.0,17822810000.0,664200.0,461600.0,202600.0,2921600000.0,2921600000.0,33200.0,33200.0,86800.0,88500.0,86200.0,88100.0,87860.0,HSX_FOREIGN_API,HOSE_SYMBOL_LEVEL,VND,2026-08-25T03:49:45Z,ff_hsx_symbol_daily_v1,a085fa9061cc3d823e478b3c87539b7c95810cdb1d2c0ca2f8ebb1578d23abff
2021-04-08,NVL,HOSE,37840142300.0,2611050000.0,35229092300.0,424600.0,29300.0,395300.0,2208402300.0,0.0,24700.0,0.0,88500.0,90100.0,88200.0,88800.0,89400.0,HSX_FOREIGN_API,HOSE_SYMBOL_LEVEL,VND,2026-08-25T03:49:45Z,ff_hsx_symbol_daily_v1,98bc5b75384347fe7c70255383686232d50b305ae4aa5c140cf9df5fc631476b
2021-04-09,NVL,HOSE,28235750000.0,1836750000.0,26399000000.0,319000.0,20600.0,298400.0,0.0,0.0,0.0,0.0,88100.0,90100.0,87700.0,90000.0,88660.0,HSX_FOREIGN_API,HOSE_SYMBOL_LEVEL,VND,2026-08-25T03:49:45Z,ff_hsx_symbol_daily_v1,0b6566a12bbb4c0d8ad47f35af5f1c75829b66bd49c7fb6e3ef298e512a09915
2021-04-12,NVL,HOSE,85680720000.0,12956200000.0,72724520000.0,915500.0,137700.0,777800.0,0.0,0.0,0.0,0.0,90500.0,96000.0,90100.0,95300.0,93870.0,HSX_FOREIGN_API,HOSE_SYMBOL_LEVEL,VND,2026-08-25T03:49:45Z,ff_hsx_symbol_daily_v1,1889e716ba9b99063ff616d207d02dbc679e94306cf64aa6cb9afd3de99b5fed
2021-04-13,NVL,HOSE,71625460000.0,14188430000.0,57437030000.0,741000.0,147200.0,593800.0,0.0,0.0,0.0,0.0,96000.0,98000.0,95300.0,96600.0,96360.0,HSX_FOREIGN_API,HOSE_SYMBOL_LEVEL,VND,2026-08-25T03:49:45Z,ff_hsx_symbol_daily_v1,4053c0eec17512c6944bab1526b6c5cf83f2556b41bb38022cd06008410d6dd6
2021-04-14,NVL,HOSE,94997800000.0,22687930000.0,72309870000.0,962200.0,232000.0,730200.0,0.0,0.0,0.0,0.0,96600.0,100100.0,95500.0,100100.0,98540.0,HSX_FOREIGN_API,HOSE_SYMBOL_LEVEL,VND,2026-08-25T03:49:45Z,ff_hsx_symbol_daily_v1,0a6a9a047b39e9e15c6f593168c72a51777ebf814dce615e4db787fafce479bc
2021-04-15,NVL,HOSE,192371990000.0,79850240000.0,112521750000.0,1873700.0,779100.0,1094600.0,0.0,0.0,0.0,0.0,102700.0,104000.0,100100.0,102500.0,102590.0,HSX_FOREIGN_API,HOSE_SYMBOL_LEVEL,VND,2026-08-25T03:49:45Z,ff_hsx_symbol_daily_v1,9eaeab9129cdad5fe88b4d1665c8e4213fb0165aa89af1ed38b6d71a0a5230e0
2021-04-16,NVL,HOSE,168226132600.0,78484552600.0,89741580000.0,1557800.0,725800.0,832000.0,44924652600.0,44924652600.0,416100.0,416100.0,102500.0,109600.0,102500.0,108000.0,107970.0,HSX_FOREIGN_API,HOSE_SYMBOL_LEVEL,VND,2026-08-25T03:49:45Z,ff_hsx_symbol_daily_v1,1e5a68f9631068978548634fc28b82fa6d68ee4ecc2ec10d0c4b3d8e9900faef
2021-04-19,NVL,HOSE,84731040000.0,65483160000.0,19247880000.0,778300.0,601400.0,176900.0,0.0,0.0,0.0,0.0,109000.0,110000.0,107500.0,109000.0,108900.0,HSX_FOREIGN_API,HOSE_SYMBOL_LEVEL,VND,2026-08-25T03:49:45Z,ff_hsx_symbol_daily_v1,8953acfe42a2c12c0f67b1b789b070e770b81aa9d4c668308702499a5ab7422e
2021-04-20,NVL,HOSE,101961025200.0,57705735200.0,44255290000.0,939500.0,531100.0,408400.0,23520415200.0,23520415200.0,216800.0,216800.0,109000.0,109800.0,106100.0,108500.0,108490.0,HSX_FOREIGN_API,HOSE_SYMBOL_LEVEL,VND,2026-08-25T03:49:45Z,ff_hsx_symbol_daily_v1,2482278e230d1d0f1a06001f05e52e4e3eaac78316eee4e048201222d275da56
2021-04-22,NVL,HOSE,36933830000.0,45181690000.0,-8247860000.0,345100.0,422400.0,-77300.0,0.0,0.0,0.0,0.0,108000.0,108500.0,106000.0,107300.0,106930.0,HSX_FOREIGN_API,HOSE_SYMBOL_LEVEL,VND,2026-08-25T03:49:45Z,ff_hsx_symbol_daily_v1,0c9f3c95ee06432531719746cd1f9cb9b1dd8fe1e12e5c90ddeaf50d4a4240b5
2021-04-23,NVL,HOSE,42716250000.0,77536550000.0,-34820300000.0,398700.0,725400.0,-326700.0,0.0,0.0,0.0,0.0,107300.0,107500.0,106100.0,107000.0,106930.0,HSX_FOREIGN_API,HOSE_SYMBOL_LEVEL,VND,2026-08-25T03:49:45Z,ff_hsx_symbol_daily_v1,d66f7e36753bf6fc3eefd5e05b1ae8895893b6d96f49a405838024e700b4246c
2021-04-26,NVL,HOSE,126282520000.0,28143630000.0,98138890000.0,1144200.0,255200.0,889000.0,0.0,0.0,0.0,0.0,108500.0,114400.0,106900.0,114400.0,109820.0,HSX_FOREIGN_API,HOSE_SYMBOL_LEVEL,VND,2026-08-25T03:49:45Z,ff_hsx_symbol_daily_v1,09b2355b1579e2a3d18dfecc060395fc468fd303a45aa3e4ab8111c2a996af14
2021-04-27,NVL,HOSE,148374970000.0,57463210000.0,90911760000.0,1291000.0,480700.0,810300.0,105971400000.0,0.0,937800.0,0.0,114400.0,122000.0,114400.0,121500.0,119290.0,HSX_FOREIGN_API,HOSE_SYMBOL_LEVEL,VND,2026-08-25T03:49:45Z,ff_hsx_symbol_daily_v1,694383694edf8a80d4a6cbd5fd9d96828487c7f7fe449bbba2629d7eb0f43a3b
2021-04-28,NVL,HOSE,107851870000.0,44841910000.0,63009960000.0,883300.0,372300.0,511000.0,0.0,0.0,0.0,0.0,121600.0,128000.0,118500.0,128000.0,121090.0,HSX_FOREIGN_API,HOSE_SYMBOL_LEVEL,VND,2026-08-25T03:49:45Z,ff_hsx_symbol_daily_v1,7a07c3b8152e5364d280c0307826d9bf52792d0569dd20a370e8db8877af1103
2021-04-29,NVL,HOSE,125543570000.0,66617460000.0,58926110000.0,956700.0,508800.0,447900.0,0.0,0.0,0.0,0.0,130000.0,132500.0,129000.0,131400.0,131410.0,HSX_FOREIGN_API,HOSE_SYMBOL_LEVEL,VND,2026-08-25T03:49:45Z,ff_hsx_symbol_daily_v1,a9b2c48a89030c46b2351979daa28ef494b773bc2dbb9eacaad5ca4bc99e1568
2021-05-04,NVL,HOSE,87113920000.0,12455210000.0,74658710000.0,666100.0,95500.0,570600.0,0.0,0.0,0.0,0.0,131400.0,132000.0,125100.0,131500.0,130720.0,HSX_FOREIGN_API,HOSE_SYMBOL_LEVEL,VND,2026-08-25T03:49:45Z,ff_hsx_symbol_daily_v1,059967e861ddcd1284e48d0856201807b5f035bd11ef091f13a038f9dbc37d74
2021-05-05,NVL,HOSE,34846290000.0,33198350000.0,1647940000.0,263900.0,249500.0,14400.0,0.0,0.0,0.0,0.0,131000.0,134800.0,130600.0,133000.0,132950.0,HSX_FOREIGN_API,HOSE_SYMBOL_LEVEL,VND,2026-08-25T03:49:45Z,ff_hsx_symbol_daily_v1,21bf4a917719b737ee14ff411614a49235192f2754a93db3de0a894b063c21d4
2021-05-06,NVL,HOSE,54235040000.0,3573750000.0,50661290000.0,407900.0,26800.0,381100.0,0.0,0.0,0.0,0.0,132500.0,136500.0,131200.0,135700.0,133270.0,HSX_FOREIGN_API,HOSE_SYMBOL_LEVEL,VND,2026-08-25T03:49:45Z,ff_hsx_symbol_daily_v1,e788b36d5309613cf8fd341beefc60947b5316419321c5c360c389bf71082472
2021-05-07,NVL,HOSE,70788340000.0,29682010000.0,41106330000.0,513900.0,214800.0,299100.0,0.0,0.0,0.0,0.0,136000.0,141000.0,135800.0,135800.0,137770.0,HSX_FOREIGN_API,HOSE_SYMBOL_LEVEL,VND,2026-08-25T03:49:45Z,ff_hsx_symbol_daily_v1,c4abd422a917a8eeb60c882f16530d025f3bcf468e51a257bb90941ab67822e4
2021-05-10,NVL,HOSE,896830000.0,25305990000.0,-24409160000.0,6800.0,195200.0,-188400.0,0.0,0.0,0.0,0.0,133000.0,135500.0,128500.0,128500.0,130690.0,HSX_FOREIGN_API,HOSE_SYMBOL_LEVEL,VND,2026-08-25T03:49:45Z,ff_hsx_symbol_daily_v1,7c6541d9a702be4e4b9f5c88f95022bfcc32d231e1acf7558c1d387706e90fa8
2021-05-11,NVL,HOSE,41103310000.0,203209830000.0,-162106520000.0,321300.0,1591800.0,-1270500.0,38385300000.0,38385300000.0,300000.0,300000.0,128500.0,130500.0,126900.0,128500.0,127950.0,HSX_FOREIGN_API,HOSE_SYMBOL_LEVEL,VND,2026-08-25T03:49:45Z,ff_hsx_symbol_daily_v1,71b5cd92c95d726b6fe70d4457d4d4997c86a261afe59e29b2c852600659e9b4
2021-05-12,NVL,HOSE,39336920000.0,182231330000.0,-142894410000.0,305700.0,1420900.0,-1115200.0,32225000000.0,32225000000.0,250000.0,250000.0,127500.0,130000.0,127000.0,130000.0,128060.0,HSX_FOREIGN_API,HOSE_SYMBOL_LEVEL,VND,2026-08-25T03:49:45Z,ff_hsx_symbol_daily_v1,ea4c7258b165e90318beda82560b6aecf8dd4d9413daa9d183d75b61b28d9c73
2021-05-13,NVL,HOSE,11017940000.0,140839050000.0,-129821110000.0,83000.0,1057300.0,-974300.0,0.0,0.0,0.0,0.0,130000.0,139000.0,129000.0,134000.0,133010.0,HSX_FOREIGN_API,HOSE_SYMBOL_LEVEL,VND,2026-08-25T03:49:45Z,ff_hsx_symbol_daily_v1,e107fabf568e856883bb4fcdf7ba5ebdd3137375f7619a62fb4361326b709f8d
2021-05-14,NVL,HOSE,14619710000.0,55907550000.0,-41287840000.0,109400.0,418800.0,-309400.0,0.0,0.0,0.0,0.0,133000.0,134900.0,132600.0,134100.0,133320.0,HSX_FOREIGN_API,HOSE_SYMBOL_LEVEL,VND,2026-08-25T03:49:45Z,ff_hsx_symbol_daily_v1,f726eb211b65b1684a7f89741710035649b3bde9454293f01efe6f97e1d9cfa4
2021-05-17,NVL,HOSE,50980920000.0,69871290000.0,-18890370000.0,372900.0,511600.0,-138700.0,0.0,0.0,0.0,0.0,133600.0,138000.0,133600.0,137600.0,136560.0,HSX_FOREIGN_API,HOSE_SYMBOL_LEVEL,VND,2026-08-25T03:49:45Z,ff_hsx_symbol_daily_v1,309acec684e9dfc81fa36c7883ceb9329adaeb49adf48d0dfa08907c2765cc29
2021-05-18,NVL,HOSE,4650130000.0,29420170000.0,-24770040000.0,33400.0,210100.0,-176700.0,0.0,0.0,0.0,0.0,138000.0,142000.0,137300.0,141700.0,139870.0,HSX_FOREIGN_API,HOSE_SYMBOL_LEVEL,VND,2026-08-25T03:49:45Z,ff_hsx_symbol_daily_v1,222ec1acac24ae6cfeb10a499661d259bdedbf30c626b080be33f5404be9bba8
2021-05-19,NVL,HOSE,6011690000.0,68471630000.0,-62459940000.0,42000.0,481800.0,-439800.0,0.0,0.0,0.0,0.0,143600.0,144800.0,141000.0,142000.0,143380.0,HSX_FOREIGN_API,HOSE_SYMBOL_LEVEL,VND,2026-08-25T03:49:45Z,ff_hsx_symbol_daily_v1,bf462ee1c357adce829b0d799b48c7f2c3a74cd1bae101051f4521dca06691f4
2021-05-20,NVL,HOSE,2027240000.0,93043010000.0,-91015770000.0,14600.0,670400.0,-655800.0,0.0,0.0,0.0,0.0,142900.0,144000.0,136800.0,141000.0,141030.0,HSX_FOREIGN_API,HOSE_SYMBOL_LEVEL,VND,2026-08-25T03:49:45Z,ff_hsx_symbol_daily_v1,679ef386eb6cdb1bba626e37a3b1c155b5ed3aa58ec0a7ce857ab6c1643ce6ca
2021-05-21,NVL,HOSE,59602600000.0,54657700000.0,4944900000.0,431800.0,396900.0,34900.0,0.0,0.0,0.0,0.0,138300.0,140400.0,136000.0,137300.0,137740.0,HSX_FOREIGN_API,HOSE_SYMBOL_LEVEL,VND,2026-08-25T03:49:45Z,ff_hsx_symbol_daily_v1,f505effed5c17bb5fd82697ab5160dc55f5d641641f611c714ca7beb22996b7a
2021-05-24,NVL,HOSE,31582040000.0,31455010000.0,127030000.0,234600.0,233000.0,1600.0,0.0,0.0,0.0,0.0,137400.0,138000.0,134000.0,135000.0,134920.0,HSX_FOREIGN_API,HOSE_SYMBOL_LEVEL,VND,2026-08-25T03:49:45Z,ff_hsx_symbol_daily_v1,cad345165a153750e6936786ea21ffcf5685910fc5e4b762dac78308d38df34d
2021-05-25,NVL,HOSE,22465780000.0,38552050000.0,-16086270000.0,167200.0,285600.0,-118400.0,0.0,0.0,0.0,0.0,135000.0,136000.0,132800.0,135500.0,134620.0,HSX_FOREIGN_API,HOSE_SYMBOL_LEVEL,VND,2026-08-25T03:49:45Z,ff_hsx_symbol_daily_v1,c91847f477db603baa7e13735f99ac08bcdce37eef201b976a39100f1037a007
2021-05-26,NVL,HOSE,12040920000.0,88496460000.0,-76455540000.0,89500.0,657900.0,-568400.0,0.0,0.0,0.0,0.0,134000.0,135500.0,133000.0,133500.0,134550.0,HSX_FOREIGN_API,HOSE_SYMBOL_LEVEL,VND,2026-08-25T03:49:45Z,ff_hsx_symbol_daily_v1,6b4442867ba0244494922aa404f27c237760530845442be07e8ccd7882a76058
2021-05-27,NVL,HOSE,99986820000.0,79880520000.0,20106300000.0,739300.0,590500.0,148800.0,12240000000.0,12240000000.0,90000.0,90000.0,135000.0,136900.0,134400.0,136000.0,135260.0,HSX_FOREIGN_API,HOSE_SYMBOL_LEVEL,VND,2026-08-25T03:49:45Z,ff_hsx_symbol_daily_v1,21e5a5e89de9a60197873b84c774dd9a64b7686c415df7e10662ec3aa65acb2c
2021-05-28,NVL,HOSE,82435370000.0,141609710000.0,-59174340000.0,610700.0,1048100.0,-437400.0,0.0,0.0,0.0,0.0,135600.0,136000.0,134200.0,134900.0,135080.0,HSX_FOREIGN_API,HOSE_SYMBOL_LEVEL,VND,2026-08-25T03:49:45Z,ff_hsx_symbol_daily_v1,d7f1ac45540c86db0058020f4e29b1d3d79510ad50263ed8e64a5e88e9e00b03
2021-05-31,NVL,HOSE,117852330000.0,75853200000.0,41999130000.0,874200.0,562400.0,311800.0,4044690000.0,4044690000.0,30000.0,30000.0,134000.0,135300.0,134000.0,134600.0,134820.0,HSX_FOREIGN_API,HOSE_SYMBOL_LEVEL,VND,2026-08-25T03:49:45Z,ff_hsx_symbol_daily_v1,a827b060955d888a1ff95b45f4a7a177240e2fca7eed385c4db61674f76a7a56
2021-06-01,NVL,HOSE,75206380000.0,66979310000.0,8227070000.0,556700.0,496100.0,60600.0,0.0,0.0,0.0,0.0,135000.0,135800.0,134600.0,135800.0,135030.0,HSX_FOREIGN_API,HOSE_SYMBOL_LEVEL,VND,2026-08-25T03:49:45Z,ff_hsx_symbol_daily_v1,4959d441d89c428062c1f3faeef0bb0486c13a4169b905a3c4609b8c4c6de7f8
2021-06-02,NVL,HOSE,156614850000.0,230133790000.0,-73518940000.0,1130100.0,1660800.0,-530700.0,0.0,0.0,0.0,0.0,135600.0,140000.0,135300.0,139400.0,138450.0,HSX_FOREIGN_API,HOSE_SYMBOL_LEVEL,VND,2026-08-25T03:49:45Z,ff_hsx_symbol_daily_v1,0dd5ab4a3711611ce4733b26779096b4df4804df69beb1b14e6ddd60aa819cd3
2021-06-03,NVL,HOSE,100035460000.0,62478590000.0,37556870000.0,708300.0,443400.0,264900.0,0.0,0.0,0.0,0.0,140000.0,142000.0,139600.0,141000.0,141120.0,HSX_FOREIGN_API,HOSE_SYMBOL_LEVEL,VND,2026-08-25T03:49:45Z,ff_hsx_symbol_daily_v1,af63e3be34ba9a41ef210641a58d2f0d594a5e3078c14596007b16e5c2cfa6d0
2021-06-04,NVL,HOSE,77730720000.0,66453620000.0,11277100000.0,554100.0,473400.0,80700.0,0.0,0.0,0.0,0.0,142900.0,142900.0,139600.0,139800.0,140590.0,HSX_FOREIGN_API,HOSE_SYMBOL_LEVEL,VND,2026-08-25T03:49:45Z,ff_hsx_symbol_daily_v1,e866f86d70fbd8afbad72719e109730d9444757c390ddfc7b3116f06be655f59
2021-06-07,NVL,HOSE,154939060000.0,59954360000.0,94984700000.0,1105300.0,429500.0,675800.0,0.0,0.0,0.0,0.0,139500.0,141200.0,138300.0,138600.0,139910.0,HSX_FOREIGN_API,HOSE_SYMBOL_LEVEL,VND,2026-08-25T03:49:45Z,ff_hsx_symbol_daily_v1,b72e161cc3db819ddd0cb6ff4a8227d76714bd76ff0c0d813de69c6a555d0851
2021-06-08,NVL,HOSE,123838590000.0,184911500000.0,-61072910000.0,912500.0,1363100.0,-450600.0,0.0,0.0,0.0,0.0,138600.0,138600.0,133900.0,136000.0,136240.0,HSX_FOREIGN_API,HOSE_SYMBOL_LEVEL,VND,2026-08-25T03:49:45Z,ff_hsx_symbol_daily_v1,2f71452b37dee674179dee1284220d26e79c13793733e0bbcbfba16d20618274
2021-06-09,NVL,HOSE,16238050000.0,151946700000.0,-135708650000.0,153000.0,1431000.0,-1278000.0,0.0,0.0,0.0,0.0,107000.0,107200.0,105000.0,106300.0,106520.0,HSX_FOREIGN_API,HOSE_SYMBOL_LEVEL,VND,2026-08-25T03:49:45Z,ff_hsx_symbol_daily_v1,c934445c016b560d46a35acc7073bd12e2659d4b250f1d0235b22a9a96fcd1a4
2021-06-10,NVL,HOSE,54411290000.0,128531540000.0,-74120250000.0,518300.0,1225800.0,-707500.0,31448400000.0,31448400000.0,300000.0,300000.0,105800.0,106500.0,103600.0,103600.0,105050.0,HSX_FOREIGN_API,HOSE_SYMBOL_LEVEL,VND,2026-08-25T03:49:45Z,ff_hsx_symbol_daily_v1,3d5f6dfdc26a9807f44616a244494265061be31192a09c74494df739f19c4f4d
2021-06-11,NVL,HOSE,63634010000.0,61874040000.0,1759970000.0,606600.0,590000.0,16600.0,0.0,0.0,0.0,0.0,104000.0,105200.0,103600.0,104900.0,104810.0,HSX_FOREIGN_API,HOSE_SYMBOL_LEVEL,VND,2026-08-25T03:49:45Z,ff_hsx_symbol_daily_v1,8705af1a1744da887f4aecb546ef7ee8f73786f4703ccb5cb9280ee3b02ce512
2021-06-14,NVL,HOSE,1943480000.0,31770070000.0,-29826590000.0,18700.0,305500.0,-286800.0,0.0,0.0,0.0,0.0,105000.0,105000.0,103100.0,103900.0,104030.0,HSX_FOREIGN_API,HOSE_SYMBOL_LEVEL,VND,2026-08-25T03:49:45Z,ff_hsx_symbol_daily_v1,d5b31a59e4a1379c496f29f84ef99806fc28c7784dc61b57d0174c31e46832e8
2021-06-15,NVL,HOSE,21887220000.0,34291810000.0,-12404590000.0,210700.0,330600.0,-119900.0,0.0,0.0,0.0,0.0,103200.0,104300.0,103100.0,104000.0,103710.0,HSX_FOREIGN_API,HOSE_SYMBOL_LEVEL,VND,2026-08-25T03:49:45Z,ff_hsx_symbol_daily_v1,100d1deb1ac616c7e7f373f568993eea0073616dcf81ed2a9cb466406202c736
2021-06-16,NVL,HOSE,10432000000.0,34415180000.0,-23983180000.0,100600.0,332400.0,-231800.0,0.0,0.0,0.0,0.0,104000.0,104200.0,103000.0,103500.0,103540.0,HSX_FOREIGN_API,HOSE_SYMBOL_LEVEL,VND,2026-08-25T03:49:45Z,ff_hsx_symbol_daily_v1,9595ffd4a7b8827d45ae1ba3cdc4ab5b3023343e4bd77b8c576e8e373cbc5db3
2021-06-17,NVL,HOSE,67672930000.0,100309780000.0,-32636850000.0,660400.0,977800.0,-317400.0,59410400000.0,59410400000.0,580000.0,580000.0,103000.0,103100.0,102200.0,102200.0,102680.0,HSX_FOREIGN_API,HOSE_SYMBOL_LEVEL,VND,2026-08-25T03:49:45Z,ff_hsx_symbol_daily_v1,c997ec6660a1aabd8e358846b7997f3846cdd43cb78e5ca47e170b62d09b5274
2021-06-18,NVL,HOSE,12192800000.0,105996090000.0,-93803290000.0,118100.0,1026900.0,-908800.0,4120000000.0,4120000000.0,40000.0,40000.0,103000.0,104000.0,102500.0,103000.0,103370.0,HSX_FOREIGN_API,HOSE_SYMBOL_LEVEL,VND,2026-08-25T03:49:45Z,ff_hsx_symbol_daily_v1,0687705f1f8d6f325c56c68869cadc85915911131237090d9edb195f2a55574d
2021-06-21,NVL,HOSE,11612870000.0,373449330000.0,-361836460000.0,108700.0,3495300.0,-3386600.0,0.0,0.0,0.0,0.0,104200.0,110000.0,103500.0,109000.0,106970.0,HSX_FOREIGN_API,HOSE_SYMBOL_LEVEL,VND,2026-08-25T03:49:45Z,ff_hsx_symbol_daily_v1,4be905738e31eb470519b371e5147c85099ea14d2377268621068000c6efa7b9
2021-06-22,NVL,HOSE,9331080000.0,24123830000.0,-14792750000.0,82100.0,212900.0,-130800.0,0.0,0.0,0.0,0.0,112000.0,114500.0,111100.0,113500.0,112880.0,HSX_FOREIGN_API,HOSE_SYMBOL_LEVEL,VND,2026-08-25T03:49:45Z,ff_hsx_symbol_daily_v1,df9ba21e391061a14fa77195c37f5d23b32b69699b466e2c423528045dde3224
2021-06-23,NVL,HOSE,995950000.0,2851990000.0,-1856040000.0,8800.0,25100.0,-16300.0,0.0,0.0,0.0,0.0,114900.0,115400.0,111500.0,112000.0,113850.0,HSX_FOREIGN_API,HOSE_SYMBOL_LEVEL,VND,2026-08-25T03:49:45Z,ff_hsx_symbol_daily_v1,10563e46113cf3b88196c842316e8d346c7c5f70a3f794305f7bedac5753d4c3
2021-06-24,NVL,HOSE,5243100000.0,5768990000.0,-525890000.0,46500.0,51700.0,-5200.0,0.0,0.0,0.0,0.0,110600.0,115000.0,108400.0,115000.0,112420.0,HSX_FOREIGN_API,HOSE_SYMBOL_LEVEL,VND,2026-08-25T03:49:45Z,ff_hsx_symbol_daily_v1,3e9062410a242dbb522771cc50c3f9292d986e3c8ab4e28d35e00d1f334ef476
2021-06-25,NVL,HOSE,371438290000.0,376993990000.0,-5555700000.0,3097800.0,3143500.0,-45700.0,360000000000.0,360000000000.0,3000000.0,3000000.0,113500.0,119500.0,113500.0,119100.0,117920.0,HSX_FOREIGN_API,HOSE_SYMBOL_LEVEL,VND,2026-08-25T03:49:45Z,ff_hsx_symbol_daily_v1,4248afa559770ae6d3a4dc1ca402bbdc1e22a3bf40df025826c1562b60f10bcf
2021-06-28,NVL,HOSE,5914560000.0,25051660000.0,-19137100000.0,48700.0,206600.0,-157900.0,0.0,0.0,0.0,0.0,120000.0,122900.0,119500.0,120000.0,121490.0,HSX_FOREIGN_API,HOSE_SYMBOL_LEVEL,VND,2026-08-25T03:49:45Z,ff_hsx_symbol_daily_v1,a2fa0f62ed047d12db126a9a4af81b78b463ee2ef5cfe4090f9a96363904aa6b
2021-06-29,NVL,HOSE,7033010000.0,28663310000.0,-21630300000.0,58600.0,238900.0,-180300.0,0.0,0.0,0.0,0.0,120800.0,121400.0,118400.0,121000.0,120230.0,HSX_FOREIGN_API,HOSE_SYMBOL_LEVEL,VND,2026-08-25T03:49:45Z,ff_hsx_symbol_daily_v1,fdda083bf76c522a971ef0463ca9503d0a5a656d6bd44b75cefcc4171a7c0f8f
2021-06-30,NVL,HOSE,1587843592000.0,81860702000.0,1505982890000.0,13122700.0,676900.0,12445800.0,1572652712000.0,5085612000.0,12997100.0,42000.0,122000.0,122000.0,120000.0,121000.0,121090.0,HSX_FOREIGN_API,HOSE_SYMBOL_LEVEL,VND,2026-08-25T03:49:45Z,ff_hsx_symbol_daily_v1,0cea1314c7bfdee950d7fb4912c44e546ec1776f3bb4194d78e5de9a9a3eef20
2021-07-01,NVL,HOSE,2426670000.0,59831890000.0,-57405220000.0,20100.0,493300.0,-473200.0,0.0,0.0,0.0,0.0,123100.0,123600.0,119200.0,120000.0,121590.0,HSX_FOREIGN_API,HOSE_SYMBOL_LEVEL,VND,2026-08-25T03:49:45Z,ff_hsx_symbol_daily_v1,6f9f68c693d9cb2ea0c7b22cf6e14d0ad789c77b2f62a7d61730a1c2ac47acfd
2021-07-02,NVL,HOSE,1883161560000.0,29639520000.0,1853522040000.0,15693400.0,248500.0,15444900.0,1878792000000.0,0.0,15656600.0,0.0,121900.0,121900.0,117000.0,119000.0,120250.0,HSX_FOREIGN_API,HOSE_SYMBOL_LEVEL,VND,2026-08-25T03:49:45Z,ff_hsx_symbol_daily_v1,d67681ade8927d546543e6a51f30e1f5a8172a6458666623702a2a6859a91877
2021-07-05,NVL,HOSE,4567420000.0,67070320000.0,-62502900000.0,39600.0,581700.0,-542100.0,0.0,0.0,0.0,0.0,118100.0,118200.0,114300.0,115000.0,115840.0,HSX_FOREIGN_API,HOSE_SYMBOL_LEVEL,VND,2026-08-25T03:49:45Z,ff_hsx_symbol_daily_v1,d621c0f82a03700ad5415d4b190a978b3dac2c9ac46b59689a86837145552457
2021-07-06,NVL,HOSE,77935632000.0,51845212000.0,26090420000.0,668000.0,445000.0,223000.0,22510362000.0,22510362000.0,193000.0,193000.0,114900.0,117500.0,114000.0,117000.0,116410.0,HSX_FOREIGN_API,HOSE_SYMBOL_LEVEL,VND,2026-08-25T03:49:45Z,ff_hsx_symbol_daily_v1,6608b3720f09101b3e12319c766a475cf79bbcc372588e2cf41c84bf43a26ef3
2021-07-07,NVL,HOSE,121616798600.0,49528528600.0,72088270000.0,1037800.0,422800.0,615000.0,2978378600.0,2978378600.0,25400.0,25400.0,117000.0,118000.0,115500.0,118000.0,117260.0,HSX_FOREIGN_API,HOSE_SYMBOL_LEVEL,VND,2026-08-25T03:49:45Z,ff_hsx_symbol_daily_v1,82f4513c67de090f6366442c3be442a514a29d30882d4c6b0a9919cb6b6a181a
2021-07-08,NVL,HOSE,120140550000.0,745179230000.0,-625038680000.0,1084800.0,6722700.0,-5637900.0,0.0,0.0,0.0,0.0,114200.0,117000.0,109800.0,110800.0,110960.0,HSX_FOREIGN_API,HOSE_SYMBOL_LEVEL,VND,2026-08-25T03:49:45Z,ff_hsx_symbol_daily_v1,54aa4384f89a364ac58d0bd2281d4d03e27ed22e7855d8e10b5244c7e6ff5f7c
2021-07-09,NVL,HOSE,81422660000.0,262296070000.0,-180873410000.0,763200.0,2496000.0,-1732800.0,0.0,0.0,0.0,0.0,111400.0,111400.0,103200.0,103500.0,105560.0,HSX_FOREIGN_API,HOSE_SYMBOL_LEVEL,VND,2026-08-25T03:49:45Z,ff_hsx_symbol_daily_v1,3331105482cd28325c2c93c73625d4fd43dec596ecdee9132edb6aa03b9675f5
2021-07-12,NVL,HOSE,111038530000.0,75544800000.0,35493730000.0,1079600.0,734200.0,345400.0,0.0,0.0,0.0,0.0,104300.0,107500.0,100500.0,105100.0,103220.0,HSX_FOREIGN_API,HOSE_SYMBOL_LEVEL,VND,2026-08-25T03:49:45Z,ff_hsx_symbol_daily_v1,f10f3f41141f03b56a67cdc64eb8a5cba23a05670ad39849828436484641633f
2021-07-13,NVL,HOSE,51199580000.0,36851670000.0,14347910000.0,493900.0,356800.0,137100.0,0.0,0.0,0.0,0.0,105200.0,105400.0,102000.0,104700.0,103570.0,HSX_FOREIGN_API,HOSE_SYMBOL_LEVEL,VND,2026-08-25T03:49:45Z,ff_hsx_symbol_daily_v1,7391c4bd1fc0b641b5ddc575930d0c5b368e92d5a585d9ca711dbfcf7bfe499a
2021-07-14,NVL,HOSE,72527230000.0,125365170000.0,-52837940000.0,701200.0,1225700.0,-524500.0,0.0,0.0,0.0,0.0,104700.0,104900.0,100800.0,104000.0,102980.0,HSX_FOREIGN_API,HOSE_SYMBOL_LEVEL,VND,2026-08-25T03:49:45Z,ff_hsx_symbol_daily_v1,b1d1a70b553f20cb312931274a2b3a634bf6877d1f3901fd4dbd997a4e58d408
2021-07-15,NVL,HOSE,90143380000.0,51474050000.0,38669330000.0,869400.0,497200.0,372200.0,0.0,0.0,0.0,0.0,103000.0,104000.0,102500.0,104000.0,103630.0,HSX_FOREIGN_API,HOSE_SYMBOL_LEVEL,VND,2026-08-25T03:49:45Z,ff_hsx_symbol_daily_v1,6545d47ba8f85f0b1cddbbf055f4d18ce33b0d1cb934541ed5d151ca2bd4e581
2021-07-16,NVL,HOSE,105081990000.0,8409010000.0,96672980000.0,1007500.0,80500.0,927000.0,2087000000.0,2087000000.0,20000.0,20000.0,104000.0,106200.0,102200.0,104600.0,104350.0,HSX_FOREIGN_API,HOSE_SYMBOL_LEVEL,VND,2026-08-25T03:49:45Z,ff_hsx_symbol_daily_v1,cc0657ad810647f0a5f1af5ddbdbf489c06682ffc126ce74d1561b48d7f99984
2021-07-19,NVL,HOSE,135373385000.0,86141495000.0,49231890000.0,1317934.0,840334.0,477600.0,84945235000.0,84945235000.0,828734.0,828734.0,103000.0,104000.0,102500.0,103000.0,103230.0,HSX_FOREIGN_API,HOSE_SYMBOL_LEVEL,VND,2026-08-25T03:49:45Z,ff_hsx_symbol_daily_v1,fbef7b363dcae5f60fcfa7eb783384112ff9c9087189cfc4772e2c48c4443245
2021-07-20,NVL,HOSE,46954480000.0,154041960000.0,-107087480000.0,456300.0,1503000.0,-1046700.0,0.0,0.0,0.0,0.0,103000.0,103500.0,101900.0,103500.0,102570.0,HSX_FOREIGN_API,HOSE_SYMBOL_LEVEL,VND,2026-08-25T03:49:45Z,ff_hsx_symbol_daily_v1,15916c6d5c482fd58fb5c7d13ca34cacdd3672117c83b32ba7c2ecf6fd1f9b15
2021-07-21,NVL,HOSE,196465090000.0,190654140000.0,5810950000.0,1894500.0,1841600.0,52900.0,62172000000.0,62172000000.0,600000.0,600000.0,103300.0,104300.0,102900.0,103100.0,103610.0,HSX_FOREIGN_API,HOSE_SYMBOL_LEVEL,VND,2026-08-25T03:49:45Z,ff_hsx_symbol_daily_v1,6226ff2f29f1a4d2394bce3313fb62d66a8c5b50df55bbe1cae543900a56bcdf
2021-07-22,NVL,HOSE,183257230000.0,136747560000.0,46509670000.0,1751700.0,1307200.0,444500.0,60705120000.0,60705120000.0,580000.0,580000.0,102800.0,105000.0,102800.0,104900.0,104440.0,HSX_FOREIGN_API,HOSE_SYMBOL_LEVEL,VND,2026-08-25T03:49:45Z,ff_hsx_symbol_daily_v1,fc7f3f0e7d94bb1dd89e3b6a4df973c81cd9876083c94ce282058f715dc5bf11
2021-07-23,NVL,HOSE,38741590000.0,43199750000.0,-4458160000.0,373300.0,417900.0,-44600.0,0.0,0.0,0.0,0.0,104800.0,104800.0,103000.0,103000.0,103630.0,HSX_FOREIGN_API,HOSE_SYMBOL_LEVEL,VND,2026-08-25T03:49:45Z,ff_hsx_symbol_daily_v1,8bb9a56fe77066f50fd8d3ed6fd7ede3ad3da25423397c25bbb19b31752070cd
2021-07-26,NVL,HOSE,258880330000.0,177891730000.0,80988600000.0,2424100.0,1666800.0,757300.0,41137200000.0,41137200000.0,390000.0,390000.0,102900.0,107500.0,102400.0,107500.0,105480.0,HSX_FOREIGN_API,HOSE_SYMBOL_LEVEL,VND,2026-08-25T03:49:45Z,ff_hsx_symbol_daily_v1,f3892ea96c9f2597f04960113b952ccf731e7dd13a84f506161d23942a6d0fb6
2021-07-27,NVL,HOSE,309663360000.0,203618640000.0,106044720000.0,2910500.0,1913600.0,996900.0,35010400000.0,35010400000.0,330000.0,330000.0,105000.0,106800.0,105000.0,106500.0,106220.0,HSX_FOREIGN_API,HOSE_SYMBOL_LEVEL,VND,2026-08-25T03:49:45Z,ff_hsx_symbol_daily_v1,c9152dcedd829acbf8ca8dc696d198be8185d2ed54464bf6117971eb352ff074
2021-07-28,NVL,HOSE,10659700000.0,17717610000.0,-7057910000.0,102000.0,168800.0,-66800.0,0.0,5325000000.0,0.0,50000.0,105000.0,105000.0,104100.0,104100.0,104610.0,HSX_FOREIGN_API,HOSE_SYMBOL_LEVEL,VND,2026-08-25T03:49:45Z,ff_hsx_symbol_daily_v1,05220d96bc6631ccfef338357e9ffb8b23fdd3eb2f482b5db5473a8408f600df
2021-07-29,NVL,HOSE,43388800000.0,20130680000.0,23258120000.0,417000.0,193500.0,223500.0,0.0,0.0,0.0,0.0,104400.0,104600.0,103700.0,104000.0,104130.0,HSX_FOREIGN_API,HOSE_SYMBOL_LEVEL,VND,2026-08-25T03:49:45Z,ff_hsx_symbol_daily_v1,4a1ca9a8a9a2474a6826c5c9ca73fbe17d1533c1176abd29c32ca9ba3b32ed8f
2021-07-30,NVL,HOSE,36990540000.0,11569830000.0,25420710000.0,355900.0,111300.0,244600.0,0.0,0.0,0.0,0.0,103700.0,104700.0,103500.0,104000.0,103970.0,HSX_FOREIGN_API,HOSE_SYMBOL_LEVEL,VND,2026-08-25T03:49:45Z,ff_hsx_symbol_daily_v1,2ca844c0b1e3b214ba7d011ff33db130107f400eff0472e98fde61585268f468
2021-08-02,NVL,HOSE,37613660000.0,9879420000.0,27734240000.0,359800.0,93900.0,265900.0,0.0,0.0,0.0,0.0,103500.0,106800.0,103000.0,104600.0,105000.0,HSX_FOREIGN_API,HOSE_SYMBOL_LEVEL,VND,2026-08-25T03:49:45Z,ff_hsx_symbol_daily_v1,c4fd4c6eb394d50851ee0d99c7c33e1ffd84551d85f806012f978b552cef1234
2021-08-03,NVL,HOSE,7856030000.0,19151000000.0,-11294970000.0,74600.0,181500.0,-106900.0,0.0,0.0,0.0,0.0,104100.0,106200.0,104100.0,105500.0,105450.0,HSX_FOREIGN_API,HOSE_SYMBOL_LEVEL,VND,2026-08-25T03:49:45Z,ff_hsx_symbol_daily_v1,43428c8bed76cd81ff0171b5a2b71aa013c7f843d01a8f81ae686bc54e619925
2021-08-04,NVL,HOSE,29975610000.0,64598820000.0,-34623210000.0,279300.0,598800.0,-319500.0,0.0,0.0,0.0,0.0,105800.0,109900.0,105400.0,107500.0,107490.0,HSX_FOREIGN_API,HOSE_SYMBOL_LEVEL,VND,2026-08-25T03:49:45Z,ff_hsx_symbol_daily_v1,f3bb794814a987ae6dc031e31d6bef728906a78eb4d5771faaebb9e24cdef746
2021-08-05,NVL,HOSE,44777360000.0,67083020000.0,-22305660000.0,413300.0,619100.0,-205800.0,0.0,0.0,0.0,0.0,108000.0,109600.0,108000.0,108000.0,108600.0,HSX_FOREIGN_API,HOSE_SYMBOL_LEVEL,VND,2026-08-25T03:49:45Z,ff_hsx_symbol_daily_v1,dbbad5ad50954c98f16438b3b707406a4b64fa44fb075451a1258ff963a415cd
2021-08-06,NVL,HOSE,15125860000.0,37291430000.0,-22165570000.0,140200.0,345300.0,-205100.0,0.0,0.0,0.0,0.0,108000.0,108500.0,107400.0,107500.0,107880.0,HSX_FOREIGN_API,HOSE_SYMBOL_LEVEL,VND,2026-08-25T03:49:45Z,ff_hsx_symbol_daily_v1,6157814eedf8ecd0df5de92965da04199118fc81329787f3201cc469d00a2a75
2021-08-09,NVL,HOSE,11538550000.0,63994890000.0,-52456340000.0,108600.0,602700.0,-494100.0,0.0,0.0,0.0,0.0,107500.0,107600.0,106000.0,106000.0,106390.0,HSX_FOREIGN_API,HOSE_SYMBOL_LEVEL,VND,2026-08-25T03:49:45Z,ff_hsx_symbol_daily_v1,d560436ff3ab58a4937afb4dd7c6d863e38b347b4041da93095a59d82c130e6f
2021-08-10,NVL,HOSE,9058600000.0,55611670000.0,-46553070000.0,86100.0,529600.0,-443500.0,0.0,0.0,0.0,0.0,106000.0,107000.0,104600.0,104600.0,105410.0,HSX_FOREIGN_API,HOSE_SYMBOL_LEVEL,VND,2026-08-25T03:49:45Z,ff_hsx_symbol_daily_v1,1564b28b0fd49202c0e44858221ba4f3ebff6a6d98e00b1d2c7ab956624191d1
2021-08-11,NVL,HOSE,13972270000.0,60799650000.0,-46827380000.0,133800.0,582100.0,-448300.0,0.0,0.0,0.0,0.0,104600.0,105400.0,103500.0,103900.0,104520.0,HSX_FOREIGN_API,HOSE_SYMBOL_LEVEL,VND,2026-08-25T03:49:45Z,ff_hsx_symbol_daily_v1,a7bbad4b74ccadcbaa891e4b3fcbd79f73b4af26ec6d901ebd02a106112d0cb8
2021-08-12,NVL,HOSE,1808500000.0,37794230000.0,-35985730000.0,17400.0,363800.0,-346400.0,0.0,0.0,0.0,0.0,103800.0,104300.0,103500.0,103600.0,103860.0,HSX_FOREIGN_API,HOSE_SYMBOL_LEVEL,VND,2026-08-25T03:49:45Z,ff_hsx_symbol_daily_v1,6c740a7262ebd8f85c7f05ac1c7c1f1d4a3075bbaaa3019a66cedfc71141c221
2021-08-13,NVL,HOSE,3995890000.0,28278340000.0,-24282450000.0,38600.0,273600.0,-235000.0,0.0,0.0,0.0,0.0,103500.0,103900.0,103100.0,103500.0,103390.0,HSX_FOREIGN_API,HOSE_SYMBOL_LEVEL,VND,2026-08-25T03:49:45Z,ff_hsx_symbol_daily_v1,e7828acea95f7630f1e7f87340b6ea46077bfb66834908d360363d03c78b84ba
2021-08-16,NVL,HOSE,4395670000.0,54429930000.0,-50034260000.0,42300.0,523500.0,-481200.0,0.0,0.0,0.0,0.0,103600.0,104500.0,103400.0,103800.0,103910.0,HSX_FOREIGN_API,HOSE_SYMBOL_LEVEL,VND,2026-08-25T03:49:45Z,ff_hsx_symbol_daily_v1,9a6483adcf53f511b86066254962da8f6b639c0c0b9b451e326001324982d36d
2021-08-17,NVL,HOSE,1597190000.0,10085550000.0,-8488360000.0,15400.0,97600.0,-82200.0,0.0,0.0,0.0,0.0,104000.0,104000.0,103200.0,103200.0,103500.0,HSX_FOREIGN_API,HOSE_SYMBOL_LEVEL,VND,2026-08-25T03:49:45Z,ff_hsx_symbol_daily_v1,ac2516425ecf2a5034294f8761a381930cebc00f94c3f8c03a3deacdc0fa4075
2021-08-18,NVL,HOSE,741150000.0,89198700000.0,-88457550000.0,7200.0,866200.0,-859000.0,0.0,0.0,0.0,0.0,103800.0,103800.0,102600.0,103000.0,103030.0,HSX_FOREIGN_API,HOSE_SYMBOL_LEVEL,VND,2026-08-25T03:49:45Z,ff_hsx_symbol_daily_v1,c1fdc8023672c55012439402b523933ce4cb2b23eaca532580fb70dd73a548f4
2021-08-19,NVL,HOSE,8162020000.0,118573950000.0,-110411930000.0,78300.0,1139400.0,-1061100.0,0.0,0.0,0.0,0.0,102500.0,105000.0,102200.0,104900.0,103590.0,HSX_FOREIGN_API,HOSE_SYMBOL_LEVEL,VND,2026-08-25T03:49:45Z,ff_hsx_symbol_daily_v1,c87271bf6d1f7c2764d894dbc8c8e276cd82886317bfba7c7b23c5b6159c374e
2021-08-20,NVL,HOSE,2956330000.0,34055640000.0,-31099310000.0,28500.0,330200.0,-301700.0,0.0,0.0,0.0,0.0,104800.0,104800.0,102600.0,103700.0,103500.0,HSX_FOREIGN_API,HOSE_SYMBOL_LEVEL,VND,2026-08-25T03:49:45Z,ff_hsx_symbol_daily_v1,b180d99f4f4b381f2b5441a27229a2e9182671bfff417be6f6e2a39c4ccfec38
2021-08-23,NVL,HOSE,2387850000.0,55543250000.0,-53155400000.0,22900.0,530000.0,-507100.0,0.0,0.0,0.0,0.0,103700.0,106200.0,103500.0,104900.0,104790.0,HSX_FOREIGN_API,HOSE_SYMBOL_LEVEL,VND,2026-08-25T03:49:45Z,ff_hsx_symbol_daily_v1,aa303d6876b29ada9c5a2a8a91c8478cf8810966e79933553e30756a612c762d
2021-08-24,NVL,HOSE,3242710000.0,7569850000.0,-4327140000.0,31000.0,72300.0,-41300.0,0.0,0.0,0.0,0.0,105500.0,106000.0,103500.0,105500.0,105020.0,HSX_FOREIGN_API,HOSE_SYMBOL_LEVEL,VND,2026-08-25T03:49:45Z,ff_hsx_symbol_daily_v1,dfb172b011cf5cc8f2d64afbbfcac11d82824c667961c37cc9ec566352e5b7e0
2021-08-25,NVL,HOSE,8807700000.0,8455080000.0,352620000.0,83700.0,80200.0,3500.0,0.0,0.0,0.0,0.0,105500.0,107000.0,104800.0,105500.0,106010.0,HSX_FOREIGN_API,HOSE_SYMBOL_LEVEL,VND,2026-08-25T03:49:45Z,ff_hsx_symbol_daily_v1,574daf1626b3b0c1600307194bb67b667f0141771ce4b900182bfb53312d3554
2021-08-26,NVL,HOSE,5106040000.0,18683860000.0,-13577820000.0,49000.0,179800.0,-130800.0,0.0,0.0,0.0,0.0,105500.0,105700.0,103500.0,103700.0,104030.0,HSX_FOREIGN_API,HOSE_SYMBOL_LEVEL,VND,2026-08-25T03:49:45Z,ff_hsx_symbol_daily_v1,abec96e0e107198a6b406f0f9fb7613ec2fa5df27a1661eaf1bb8e415abd062a
2021-08-27,NVL,HOSE,8905770000.0,2453610000.0,6452160000.0,86300.0,23800.0,62500.0,0.0,0.0,0.0,0.0,103500.0,103800.0,102700.0,103800.0,103200.0,HSX_FOREIGN_API,HOSE_SYMBOL_LEVEL,VND,2026-08-25T03:49:45Z,ff_hsx_symbol_daily_v1,ff0dc87a22f39d6b15235d9137310f2574c6e490d285a30b385b5c4a36ec3c95
2021-08-30,NVL,HOSE,17618657400.0,13564567400.0,4054090000.0,169773.0,130673.0,39100.0,10813157400.0,10813157400.0,104173.0,104173.0,103800.0,104300.0,103400.0,104000.0,103690.0,HSX_FOREIGN_API,HOSE_SYMBOL_LEVEL,VND,2026-08-25T03:49:45Z,ff_hsx_symbol_daily_v1,fea9223f07ab0705bdab34d49af58ce69b1b8b357ff782c3c48b14b61f7576e4
2021-08-31,NVL,HOSE,67219150000.0,56300110000.0,10919040000.0,644200.0,539300.0,104900.0,52669800000.0,52669800000.0,504500.0,504500.0,104000.0,105400.0,103300.0,104400.0,104110.0,HSX_FOREIGN_API,HOSE_SYMBOL_LEVEL,VND,2026-08-25T03:49:45Z,ff_hsx_symbol_daily_v1,301e26c76d86adce0d1a536cade8d4c0fe2f2a713750183d1b801fd7eddafa99
2021-09-01,NVL,HOSE,29337260000.0,23245520000.0,6091740000.0,279900.0,221800.0,58100.0,0.0,0.0,0.0,0.0,104400.0,105500.0,104100.0,104700.0,104820.0,HSX_FOREIGN_API,HOSE_SYMBOL_LEVEL,VND,2026-08-25T03:49:45Z,ff_hsx_symbol_daily_v1,57e0252d7ef9a2882196471830f1ce6cce0061ac454fe045cec730b30f11d91f
2021-09-06,NVL,HOSE,4231240000.0,35200940000.0,-30969700000.0,40200.0,335300.0,-295100.0,0.0,0.0,0.0,0.0,105300.0,106200.0,104600.0,104800.0,105050.0,HSX_FOREIGN_API,HOSE_SYMBOL_LEVEL,VND,2026-08-25T03:49:45Z,ff_hsx_symbol_daily_v1,4e10dcf3f7d85c738bff53a060facab4da252dbfeae8f594b61a17569a977050
2021-09-07,NVL,HOSE,4941630000.0,18244240000.0,-13302610000.0,47100.0,174300.0,-127200.0,0.0,0.0,0.0,0.0,104800.0,105500.0,104300.0,104800.0,104830.0,HSX_FOREIGN_API,HOSE_SYMBOL_LEVEL,VND,2026-08-25T03:49:45Z,ff_hsx_symbol_daily_v1,995b81c2fc3bc9da736586f880e4338041236de629667d7f3a57dea3a2e4c38c
2021-09-08,NVL,HOSE,5722520000.0,11843270000.0,-6120750000.0,54800.0,113800.0,-59000.0,0.0,0.0,0.0,0.0,104800.0,104900.0,104000.0,104000.0,104280.0,HSX_FOREIGN_API,HOSE_SYMBOL_LEVEL,VND,2026-08-25T03:49:45Z,ff_hsx_symbol_daily_v1,d4c5cfe31d06dd1d0c23d978f8f9b73c9fcaedd29f67d175317e86f0365c2495
2021-09-09,NVL,HOSE,9153020000.0,23365010000.0,-14211990000.0,88300.0,226100.0,-137800.0,0.0,0.0,0.0,0.0,103800.0,104300.0,103200.0,103200.0,103620.0,HSX_FOREIGN_API,HOSE_SYMBOL_LEVEL,VND,2026-08-25T03:49:45Z,ff_hsx_symbol_daily_v1,85fab30f664fb696cae260695ac798c218e9a156885f210c8b1aaa4fc3f50fd5
2021-09-10,NVL,HOSE,5220610000.0,39643020000.0,-34422410000.0,50500.0,383900.0,-333400.0,0.0,0.0,0.0,0.0,103300.0,104000.0,103100.0,103300.0,103500.0,HSX_FOREIGN_API,HOSE_SYMBOL_LEVEL,VND,2026-08-25T03:49:45Z,ff_hsx_symbol_daily_v1,709e8e5f72137f0d6eebdf08c43a8918d0bd2449a74225975583d9fb8efe3a53
2021-09-13,NVL,HOSE,309170000.0,29073790000.0,-28764620000.0,3000.0,282300.0,-279300.0,0.0,0.0,0.0,0.0,103200.0,103400.0,102700.0,103000.0,103010.0,HSX_FOREIGN_API,HOSE_SYMBOL_LEVEL,VND,2026-08-25T03:49:45Z,ff_hsx_symbol_daily_v1,f120a0b53ca20b6d5fc3600c07eb8b289e6f69fa66b609f4a708cde39f8b4394
2021-09-14,NVL,HOSE,781860000.0,53997300000.0,-53215440000.0,7600.0,524900.0,-517300.0,0.0,0.0,0.0,0.0,103200.0,103400.0,102600.0,103000.0,102940.0,HSX_FOREIGN_API,HOSE_SYMBOL_LEVEL,VND,2026-08-25T03:49:45Z,ff_hsx_symbol_daily_v1,918c7d970c829946b1bd4d0395aad10137491249e72f27a435c49e0117c77458
2021-09-15,NVL,HOSE,710140000.0,11804890000.0,-11094750000.0,6900.0,114500.0,-107600.0,0.0,0.0,0.0,0.0,103000.0,103100.0,102600.0,103100.0,102860.0,HSX_FOREIGN_API,HOSE_SYMBOL_LEVEL,VND,2026-08-25T03:49:45Z,ff_hsx_symbol_daily_v1,c45393a8faacb0cbe1dfb0f41da5cd53f60dddedd612be03295acb3fbe2f585a
2021-09-16,NVL,HOSE,174780000.0,25526520000.0,-25351740000.0,1700.0,247700.0,-246000.0,0.0,0.0,0.0,0.0,103500.0,103700.0,102600.0,103100.0,102960.0,HSX_FOREIGN_API,HOSE_SYMBOL_LEVEL,VND,2026-08-25T03:49:45Z,ff_hsx_symbol_daily_v1,7273f34e399766559ed110b1122129d2ac5d207fcf2c40d057d0c4a5f5e23bef
2021-09-17,NVL,HOSE,6674860000.0,133642240000.0,-126967380000.0,64700.0,1296600.0,-1231900.0,0.0,0.0,0.0,0.0,103100.0,103500.0,102700.0,103200.0,103080.0,HSX_FOREIGN_API,HOSE_SYMBOL_LEVEL,VND,2026-08-25T03:49:45Z,ff_hsx_symbol_daily_v1,587a53a25ddf234dc28f081a98e0b6a194a8abbc73df6ff51a6ce1e2f1a79513
2021-09-20,NVL,HOSE,1077750000.0,44971240000.0,-43893490000.0,10500.0,437900.0,-427400.0,0.0,0.0,0.0,0.0,103000.0,103500.0,102300.0,103000.0,102830.0,HSX_FOREIGN_API,HOSE_SYMBOL_LEVEL,VND,2026-08-25T03:49:45Z,ff_hsx_symbol_daily_v1,852e3c5761987dfb56535b97fb9437fad735ef6cdf7427622cf48fbb08ac95a2
2021-09-21,NVL,HOSE,595640000.0,18048550000.0,-17452910000.0,5800.0,175600.0,-169800.0,0.0,0.0,0.0,0.0,103000.0,103000.0,102300.0,103000.0,102670.0,HSX_FOREIGN_API,HOSE_SYMBOL_LEVEL,VND,2026-08-25T03:49:45Z,ff_hsx_symbol_daily_v1,460f9d499a4e7480f4f83565fb7557c5a16470b7df00cf4fe7e6ebfb4f7396f6
2021-09-22,NVL,HOSE,1565330000.0,17002750000.0,-15437420000.0,15200.0,165100.0,-149900.0,0.0,0.0,0.0,0.0,102900.0,103200.0,102500.0,103100.0,102870.0,HSX_FOREIGN_API,HOSE_SYMBOL_LEVEL,VND,2026-08-25T03:49:45Z,ff_hsx_symbol_daily_v1,646fe7d31b47fba95d046889dbe3b2d5de2c1daac6deddee88958c6ef93332a9
2021-09-23,NVL,HOSE,12966830000.0,60537370000.0,-47570540000.0,126500.0,590400.0,-463900.0,0.0,0.0,0.0,0.0,102800.0,103000.0,102300.0,103000.0,102670.0,HSX_FOREIGN_API,HOSE_SYMBOL_LEVEL,VND,2026-08-25T03:49:45Z,ff_hsx_symbol_daily_v1,779f9eaa49c0c1e045da8447c44b55de728169fbd19d70e8a0df6da109dcdd06
2021-09-24,NVL,HOSE,6586630000.0,43262370000.0,-36675740000.0,64100.0,420700.0,-356600.0,0.0,0.0,0.0,0.0,102900.0,103000.0,102400.0,103000.0,102750.0,HSX_FOREIGN_API,HOSE_SYMBOL_LEVEL,VND,2026-08-25T03:49:45Z,ff_hsx_symbol_daily_v1,6c3cb016bf4eb6bcdbd4f785509d04861264e25b97479c74946dec0b48b5934b
2021-09-27,NVL,HOSE,4403810000.0,34987940000.0,-30584130000.0,43000.0,341500.0,-298500.0,0.0,0.0,0.0,0.0,102800.0,102900.0,102300.0,102400.0,102480.0,HSX_FOREIGN_API,HOSE_SYMBOL_LEVEL,VND,2026-08-25T03:49:45Z,ff_hsx_symbol_daily_v1,61028a2c5afa677110e5232ea37aed44da25f8690e01f975385a99518154bce8
2021-09-28,NVL,HOSE,10408760000.0,5758330000.0,4650430000.0,101600.0,56200.0,45400.0,0.0,0.0,0.0,0.0,102200.0,102600.0,102200.0,102600.0,102380.0,HSX_FOREIGN_API,HOSE_SYMBOL_LEVEL,VND,2026-08-25T03:49:45Z,ff_hsx_symbol_daily_v1,c22b0ce6472f22d58ff70e20fc6b56d420ebde8eafa3c74af57bd081518c5872
2021-09-29,NVL,HOSE,1752310000.0,45836220000.0,-44083910000.0,17200.0,449400.0,-432200.0,0.0,0.0,0.0,0.0,102500.0,102600.0,101400.0,102000.0,102010.0,HSX_FOREIGN_API,HOSE_SYMBOL_LEVEL,VND,2026-08-25T03:49:45Z,ff_hsx_symbol_daily_v1,f8eaf7ca71c6fa02219a531d5d9897a3f75bce89cc0db77c341adff6e2bbf93b
2021-09-30,NVL,HOSE,4297890000.0,17579790000.0,-13281900000.0,42200.0,172700.0,-130500.0,0.0,0.0,0.0,0.0,102000.0,102000.0,101500.0,102000.0,101840.0,HSX_FOREIGN_API,HOSE_SYMBOL_LEVEL,VND,2026-08-25T03:49:45Z,ff_hsx_symbol_daily_v1,142d4ec57e78755aac4747795e431f4cfb407d01ef39a25a6eaeb40482abf9ce
2021-10-01,NVL,HOSE,13501657400.0,19637017400.0,-6135360000.0,135626.0,195926.0,-60300.0,3798467400.0,3798467400.0,40026.0,40026.0,101700.0,102000.0,101200.0,102000.0,101650.0,HSX_FOREIGN_API,HOSE_SYMBOL_LEVEL,VND,2026-08-25T03:49:45Z,ff_hsx_symbol_daily_v1,857e68331ec3ebaf3f74caca9a0add397e45ff3c4399533e0b2ebcd88557068f
2021-10-04,NVL,HOSE,945360000.0,1644800000.0,-699440000.0,9300.0,16200.0,-6900.0,0.0,0.0,0.0,0.0,101400.0,102000.0,101200.0,102000.0,101580.0,HSX_FOREIGN_API,HOSE_SYMBOL_LEVEL,VND,2026-08-25T03:49:45Z,ff_hsx_symbol_daily_v1,85e18357a45d64e97cce296646b64d582a2ecb83648d56eee746106ee6224666
2021-10-05,NVL,HOSE,10390000.0,18074900000.0,-18064510000.0,100.0,173700.0,-173600.0,0.0,0.0,0.0,0.0,102000.0,105500.0,101500.0,104400.0,103650.0,HSX_FOREIGN_API,HOSE_SYMBOL_LEVEL,VND,2026-08-25T03:49:45Z,ff_hsx_symbol_daily_v1,0b1d53dcf34e7a1393ec38d45bdef0c4a3222969c7363675fee8e05820b58d2f
2021-10-06,NVL,HOSE,2431800000.0,134224770000.0,-131792970000.0,23200.0,1312800.0,-1289600.0,0.0,101500000000.0,0.0,1000000.0,105300.0,105800.0,104200.0,105000.0,105070.0,HSX_FOREIGN_API,HOSE_SYMBOL_LEVEL,VND,2026-08-25T03:49:45Z,ff_hsx_symbol_daily_v1,ac9b40711e5c2c355ce32b34711b00afd39136b01b5ba042604f850bc455e2c2
2021-10-07,NVL,HOSE,953830000.0,23993890000.0,-23040060000.0,9100.0,228700.0,-219600.0,0.0,0.0,0.0,0.0,105000.0,105800.0,104100.0,104100.0,105110.0,HSX_FOREIGN_API,HOSE_SYMBOL_LEVEL,VND,2026-08-25T03:49:45Z,ff_hsx_symbol_daily_v1,6c986959a9136661b9fd69d0c75a2d9e65a8ac25450af9a62c8ff10b099f07a8
2021-10-08,NVL,HOSE,8212850000.0,16790430000.0,-8577580000.0,79100.0,161900.0,-82800.0,0.0,0.0,0.0,0.0,104200.0,104500.0,103100.0,104500.0,103790.0,HSX_FOREIGN_API,HOSE_SYMBOL_LEVEL,VND,2026-08-25T03:49:45Z,ff_hsx_symbol_daily_v1,f6651a1ef18e497376c8eb71c96abb5f6f45d23fc7f4ca04452e99af8e3328b2
2021-10-11,NVL,HOSE,4344240000.0,55270770000.0,-50926530000.0,41800.0,531900.0,-490100.0,0.0,0.0,0.0,0.0,104500.0,104600.0,103700.0,104000.0,104090.0,HSX_FOREIGN_API,HOSE_SYMBOL_LEVEL,VND,2026-08-25T03:49:45Z,ff_hsx_symbol_daily_v1,98812428e8d6d6162d4e4513936a9cf392dab5092df114ab51ce859bd670ffd9
2021-10-12,NVL,HOSE,9115306000.0,19371966000.0,-10256660000.0,88300.0,187800.0,-99500.0,6086676000.0,6086676000.0,59000.0,59000.0,103700.0,103700.0,102900.0,103000.0,103240.0,HSX_FOREIGN_API,HOSE_SYMBOL_LEVEL,VND,2026-08-25T03:49:45Z,ff_hsx_symbol_daily_v1,32e54b1db43de8ffbd9b34649764ff9dd67002b222d2c59a1110a007fb6cdcd5
2021-10-13,NVL,HOSE,2496940000.0,33665000000.0,-31168060000.0,24200.0,326300.0,-302100.0,0.0,0.0,0.0,0.0,103000.0,103700.0,102600.0,102600.0,103100.0,HSX_FOREIGN_API,HOSE_SYMBOL_LEVEL,VND,2026-08-25T03:49:45Z,ff_hsx_symbol_daily_v1,62eba9cf6c9694339197530601172cb06de7b681aa607e835b8f28867b485b3f
2021-10-14,NVL,HOSE,30493680000.0,21516030000.0,8977650000.0,297600.0,209900.0,87700.0,0.0,0.0,0.0,0.0,102900.0,103000.0,102000.0,102300.0,102450.0,HSX_FOREIGN_API,HOSE_SYMBOL_LEVEL,VND,2026-08-25T03:49:45Z,ff_hsx_symbol_daily_v1,f95a53c7b55bacea68a375a3e7fad43dadbd2f75a0e06f188743ea580fcd381e
2021-10-15,NVL,HOSE,2898240000.0,17463660000.0,-14565420000.0,28300.0,171100.0,-142800.0,0.0,0.0,0.0,0.0,102300.0,102600.0,101800.0,102000.0,102240.0,HSX_FOREIGN_API,HOSE_SYMBOL_LEVEL,VND,2026-08-25T03:49:45Z,ff_hsx_symbol_daily_v1,9cb14b8a91ffb2a3eb21b4b52c5d74acff3f2e7b02a93ca23c60177f3ef27e42
2021-10-18,NVL,HOSE,2403380000.0,25316190000.0,-22912810000.0,23600.0,248900.0,-225300.0,0.0,0.0,0.0,0.0,102000.0,102200.0,101500.0,101700.0,101800.0,HSX_FOREIGN_API,HOSE_SYMBOL_LEVEL,VND,2026-08-25T03:49:45Z,ff_hsx_symbol_daily_v1,48b202a601d7bf744fc8e2ca6dacc345cf99e6d0a5493c30ce931545a34c6df8
2021-10-19,NVL,HOSE,9534750000.0,79529740000.0,-69994990000.0,92700.0,775300.0,-682600.0,0.0,0.0,0.0,0.0,101900.0,104000.0,101200.0,102600.0,102320.0,HSX_FOREIGN_API,HOSE_SYMBOL_LEVEL,VND,2026-08-25T03:49:45Z,ff_hsx_symbol_daily_v1,3ff62fc9a164116ebc46f81ea12cb97db26cf596e9ba57de2e1847415df0e97b
2021-10-20,NVL,HOSE,12165820000.0,98891680000.0,-86725860000.0,119000.0,967300.0,-848300.0,0.0,0.0,0.0,0.0,102600.0,103800.0,101500.0,102300.0,102310.0,HSX_FOREIGN_API,HOSE_SYMBOL_LEVEL,VND,2026-08-25T03:49:45Z,ff_hsx_symbol_daily_v1,5c6d029ca2e36fe8aee4f8b0686a4a3b6cae676afca4906fc4d9d9ba8b0e071c
2021-10-21,NVL,HOSE,3092080000.0,68305670000.0,-65213590000.0,30300.0,669400.0,-639100.0,0.0,0.0,0.0,0.0,102500.0,102600.0,101700.0,102000.0,102090.0,HSX_FOREIGN_API,HOSE_SYMBOL_LEVEL,VND,2026-08-25T03:49:45Z,ff_hsx_symbol_daily_v1,4d2b2dc314fd1bf0a0c4420124483190e9e205302237f63fa4a788aeca33e640
2021-10-22,NVL,HOSE,1048620000.0,9421540000.0,-8372920000.0,10200.0,91400.0,-81200.0,0.0,0.0,0.0,0.0,102000.0,103900.0,101900.0,103300.0,102930.0,HSX_FOREIGN_API,HOSE_SYMBOL_LEVEL,VND,2026-08-25T03:49:45Z,ff_hsx_symbol_daily_v1,c7809ed44327eaf8b5f33ae1a0dc2e1a3696b01fa66cdbf916c4fa7698735d9a
2021-10-25,NVL,HOSE,5089380000.0,26599560000.0,-21510180000.0,49000.0,256400.0,-207400.0,0.0,0.0,0.0,0.0,103600.0,104900.0,103000.0,103800.0,104050.0,HSX_FOREIGN_API,HOSE_SYMBOL_LEVEL,VND,2026-08-25T03:49:45Z,ff_hsx_symbol_daily_v1,c17c22497afff18bffa53dfe3915a73a9f45134a8dae4e9e8e197954acc780ac
2021-10-26,NVL,HOSE,3521070000.0,22302490000.0,-18781420000.0,34100.0,215000.0,-180900.0,0.0,0.0,0.0,0.0,104000.0,104700.0,102600.0,103300.0,103860.0,HSX_FOREIGN_API,HOSE_SYMBOL_LEVEL,VND,2026-08-25T03:49:45Z,ff_hsx_symbol_daily_v1,fc7009cfa338f1e98f084329650d4bf0810db7b1493c68da3a528ca49d7e3a2d
2021-10-27,NVL,HOSE,10692530000.0,1044160000.0,9648370000.0,103000.0,10100.0,92900.0,0.0,0.0,0.0,0.0,103300.0,104500.0,102700.0,103900.0,103650.0,HSX_FOREIGN_API,HOSE_SYMBOL_LEVEL,VND,2026-08-25T03:49:45Z,ff_hsx_symbol_daily_v1,0fd59dbb29a5158518a7d0d2f65d3e7344dcb63d54192240f4a66e861a2475e3
2021-10-28,NVL,HOSE,17157550000.0,18683890000.0,-1526340000.0,161400.0,171200.0,-9800.0,0.0,0.0,0.0,0.0,104000.0,110000.0,103700.0,107800.0,107040.0,HSX_FOREIGN_API,HOSE_SYMBOL_LEVEL,VND,2026-08-25T03:49:45Z,ff_hsx_symbol_daily_v1,a428466f33846a48fa18b2e582dab4fc182bc0ff1c7bf36fc3eb342cf0218156
2021-10-29,NVL,HOSE,64447250000.0,100891220000.0,-36443970000.0,583500.0,913700.0,-330200.0,0.0,0.0,0.0,0.0,109300.0,112000.0,108900.0,109300.0,110330.0,HSX_FOREIGN_API,HOSE_SYMBOL_LEVEL,VND,2026-08-25T03:49:45Z,ff_hsx_symbol_daily_v1,3bfeac3d884bdd4fee09e4241f909a5612835cc85624a0f2deb9aa7d81521b6c
2021-11-01,NVL,HOSE,8751370000.0,37721540000.0,-28970170000.0,79400.0,343400.0,-264000.0,0.0,0.0,0.0,0.0,110700.0,110900.0,109000.0,109600.0,110220.0,HSX_FOREIGN_API,HOSE_SYMBOL_LEVEL,VND,2026-08-25T03:49:45Z,ff_hsx_symbol_daily_v1,0226af8598d1c208dfb4c378d3f8a34195c50886768fc8157d02b9f6abee4a67
2021-11-02,NVL,HOSE,5783600000.0,619957320000.0,-614173720000.0,53400.0,5296300.0,-5242900.0,0.0,610576840000.0,0.0,5209700.0,107900.0,109000.0,107700.0,108100.0,108190.0,HSX_FOREIGN_API,HOSE_SYMBOL_LEVEL,VND,2026-08-25T03:49:45Z,ff_hsx_symbol_daily_v1,5173284a0cb10584a45edb81c9f00578d67ccb8bd41252e7fcc44b2ae0ae53ba
2021-11-03,NVL,HOSE,69864810000.0,23251630000.0,46613180000.0,657600.0,218700.0,438900.0,0.0,0.0,0.0,0.0,108000.0,108100.0,105100.0,105200.0,106200.0,HSX_FOREIGN_API,HOSE_SYMBOL_LEVEL,VND,2026-08-25T03:49:45Z,ff_hsx_symbol_daily_v1,7341c56df291ee97d7f778049573aed85b470e8b537c0b092b97b5303b4df99f
2021-11-04,NVL,HOSE,27450950000.0,15784790000.0,11666160000.0,259700.0,150400.0,109300.0,0.0,0.0,0.0,0.0,105500.0,106300.0,104000.0,104000.0,104980.0,HSX_FOREIGN_API,HOSE_SYMBOL_LEVEL,VND,2026-08-25T03:49:45Z,ff_hsx_symbol_daily_v1,41e888fe63dfe8dc3746196167e6bc81708683c61e7b92e383650f5d35ba4d35
2021-11-05,NVL,HOSE,6753400000.0,5818440000.0,934960000.0,64900.0,55500.0,9400.0,0.0,0.0,0.0,0.0,104000.0,105800.0,103600.0,105000.0,104260.0,HSX_FOREIGN_API,HOSE_SYMBOL_LEVEL,VND,2026-08-25T03:49:45Z,ff_hsx_symbol_daily_v1,191569478a4ddbc6baf00ce9a1c7c2ac778ddab4eaba03cb5c15561b7c7ba4f0
2021-11-08,NVL,HOSE,12029860000.0,6697410000.0,5332450000.0,114700.0,64000.0,50700.0,0.0,0.0,0.0,0.0,105300.0,105800.0,104400.0,104600.0,105010.0,HSX_FOREIGN_API,HOSE_SYMBOL_LEVEL,VND,2026-08-25T03:49:45Z,ff_hsx_symbol_daily_v1,c48795208f707fb174d445354f3e4e46528eabced7db7db3f112c7708740126b
2021-11-09,NVL,HOSE,11155560000.0,90645350000.0,-79489790000.0,107300.0,876100.0,-768800.0,0.0,0.0,0.0,0.0,104500.0,104900.0,103000.0,103000.0,103950.0,HSX_FOREIGN_API,HOSE_SYMBOL_LEVEL,VND,2026-08-25T03:49:45Z,ff_hsx_symbol_daily_v1,df1ac296002f36e5ec450ffe6250589c987f5ca4cea391697e269546713ec3e7
2021-11-10,NVL,HOSE,8579110000.0,18205370000.0,-9626260000.0,82600.0,175700.0,-93100.0,0.0,0.0,0.0,0.0,103600.0,104600.0,103000.0,104000.0,103670.0,HSX_FOREIGN_API,HOSE_SYMBOL_LEVEL,VND,2026-08-25T03:49:45Z,ff_hsx_symbol_daily_v1,25d300f1360c13de88de6495f67cb47f3e69873825b86ec6ef9ef5013d0a621a
2021-11-11,NVL,HOSE,12142740000.0,38919300000.0,-26776560000.0,114200.0,368400.0,-254200.0,0.0,0.0,0.0,0.0,105000.0,107900.0,104000.0,105500.0,106240.0,HSX_FOREIGN_API,HOSE_SYMBOL_LEVEL,VND,2026-08-25T03:49:45Z,ff_hsx_symbol_daily_v1,942b4df8a6a7ae252dca88c75d647e15bb31f1ff0e98b3961b7f119e0c3a0768
2021-11-12,NVL,HOSE,1182510000.0,1789090000.0,-606580000.0,11200.0,17000.0,-5800.0,0.0,0.0,0.0,0.0,106000.0,107000.0,105000.0,106000.0,105550.0,HSX_FOREIGN_API,HOSE_SYMBOL_LEVEL,VND,2026-08-25T03:49:45Z,ff_hsx_symbol_daily_v1,027ba6a0b7928ba230c809cfc5f9f33abb67521f2e2346de481a98ea919e0b35
2021-11-15,NVL,HOSE,6459920000.0,21843440000.0,-15383520000.0,62000.0,208500.0,-146500.0,0.0,0.0,0.0,0.0,106800.0,106800.0,103600.0,103600.0,104980.0,HSX_FOREIGN_API,HOSE_SYMBOL_LEVEL,VND,2026-08-25T03:49:45Z,ff_hsx_symbol_daily_v1,2cce288d392603657555672433615c0109fce9a28dabb887a5b2f0305c934a8d
2021-11-16,NVL,HOSE,8674440000.0,10039650000.0,-1365210000.0,83700.0,97000.0,-13300.0,0.0,0.0,0.0,0.0,103600.0,104600.0,103100.0,103100.0,103610.0,HSX_FOREIGN_API,HOSE_SYMBOL_LEVEL,VND,2026-08-25T03:49:45Z,ff_hsx_symbol_daily_v1,0643b29c5bf9abebfd8f772b84970eb46a0125ff590467ca9decbba351a4d53a
2021-11-17,NVL,HOSE,5418290000.0,991610000.0,4426680000.0,52400.0,9600.0,42800.0,0.0,0.0,0.0,0.0,104100.0,104100.0,103000.0,103200.0,103260.0,HSX_FOREIGN_API,HOSE_SYMBOL_LEVEL,VND,2026-08-25T03:49:45Z,ff_hsx_symbol_daily_v1,4cee79de9e2f4209ed05c6cb655dc8e69e55ab955f5cd61b2329ee7b3cc6bf01
2021-11-18,NVL,HOSE,4053950000.0,11141350000.0,-7087400000.0,39400.0,108600.0,-69200.0,0.0,0.0,0.0,0.0,103600.0,103600.0,102400.0,102700.0,102800.0,HSX_FOREIGN_API,HOSE_SYMBOL_LEVEL,VND,2026-08-25T03:49:45Z,ff_hsx_symbol_daily_v1,969ec5fa7b7ed7e6c3522fc16a6955074553dba7463a16a8f2fcb2d7b9883f51
2021-11-19,NVL,HOSE,6878590000.0,31776990000.0,-24898400000.0,67200.0,310800.0,-243600.0,0.0,0.0,0.0,0.0,102600.0,103000.0,101500.0,102200.0,102380.0,HSX_FOREIGN_API,HOSE_SYMBOL_LEVEL,VND,2026-08-25T03:49:45Z,ff_hsx_symbol_daily_v1,60d38f027d50f65fbcf19c6cb5db387f4c67264c81f83787a7c00fd93edaffbf
2021-11-22,NVL,HOSE,5893110000.0,6809870000.0,-916760000.0,57700.0,66700.0,-9000.0,0.0,0.0,0.0,0.0,102500.0,102700.0,101400.0,102100.0,102050.0,HSX_FOREIGN_API,HOSE_SYMBOL_LEVEL,VND,2026-08-25T03:49:45Z,ff_hsx_symbol_daily_v1,b72f9543a00c3aaf4aeb7df5af228ef379e2a9a04aa1827c4f64ab1d13eff519
2021-11-23,NVL,HOSE,11470030000.0,1876060000.0,9593970000.0,110200.0,18200.0,92000.0,0.0,0.0,0.0,0.0,102200.0,106200.0,102200.0,106200.0,103970.0,HSX_FOREIGN_API,HOSE_SYMBOL_LEVEL,VND,2026-08-25T03:49:45Z,ff_hsx_symbol_daily_v1,b4ae86a3d6fd315e6c93e33627b1261e9aedd3e28479a467ab258037463a32ce
2021-11-24,NVL,HOSE,6376530000.0,46262500000.0,-39885970000.0,59700.0,434200.0,-374500.0,0.0,0.0,0.0,0.0,107200.0,108000.0,105800.0,106400.0,106710.0,HSX_FOREIGN_API,HOSE_SYMBOL_LEVEL,VND,2026-08-25T03:49:45Z,ff_hsx_symbol_daily_v1,aac7c42115f38b7419982f8e200e6e42a3a91aad9130c04be1143cfd0cee02ec
2021-11-25,NVL,HOSE,23159820000.0,48117150000.0,-24957330000.0,213300.0,442300.0,-229000.0,0.0,0.0,0.0,0.0,107000.0,109800.0,106700.0,109000.0,108570.0,HSX_FOREIGN_API,HOSE_SYMBOL_LEVEL,VND,2026-08-25T03:49:45Z,ff_hsx_symbol_daily_v1,a41186901c3a99c8bcae69509401806118a1ef0a3b47145a1afbb699302fe6aa
2021-11-26,NVL,HOSE,20581540000.0,35345790000.0,-14764250000.0,184600.0,317800.0,-133200.0,0.0,0.0,0.0,0.0,109200.0,112900.0,109100.0,110700.0,111750.0,HSX_FOREIGN_API,HOSE_SYMBOL_LEVEL,VND,2026-08-25T03:49:45Z,ff_hsx_symbol_daily_v1,5b2c289a312de865c365423da27d77f7b2d87d99564a29b0a08b92cd03e825f2
2021-11-29,NVL,HOSE,15065130000.0,19424570000.0,-4359440000.0,137900.0,177100.0,-39200.0,0.0,0.0,0.0,0.0,107400.0,110700.0,107400.0,110200.0,109040.0,HSX_FOREIGN_API,HOSE_SYMBOL_LEVEL,VND,2026-08-25T03:49:45Z,ff_hsx_symbol_daily_v1,8ec642c12395406ba7cc083f93d424d71807e15d3dcff5e756b7d933337a5cd9
2021-11-30,NVL,HOSE,89304100000.0,74810340000.0,14493760000.0,814000.0,683200.0,130800.0,0.0,0.0,0.0,0.0,111000.0,111900.0,108100.0,110000.0,109080.0,HSX_FOREIGN_API,HOSE_SYMBOL_LEVEL,VND,2026-08-25T03:49:45Z,ff_hsx_symbol_daily_v1,437d2149a4bb7bfb408430f4e8f965f43ffecb082e4f4b7a25b9a80fc92ecbbb
2021-12-01,NVL,HOSE,11051550000.0,24884860000.0,-13833310000.0,97200.0,219700.0,-122500.0,0.0,0.0,0.0,0.0,111000.0,115000.0,110500.0,114000.0,113290.0,HSX_FOREIGN_API,HOSE_SYMBOL_LEVEL,VND,2026-08-25T03:49:45Z,ff_hsx_symbol_daily_v1,989e4968a0341ebb3d091682db1ff691ceb0886ab5475912104f3d3c77fc6f40
2021-12-02,NVL,HOSE,23351970000.0,14621880000.0,8730090000.0,203900.0,126900.0,77000.0,0.0,0.0,0.0,0.0,116000.0,116800.0,113100.0,114300.0,115300.0,HSX_FOREIGN_API,HOSE_SYMBOL_LEVEL,VND,2026-08-25T03:49:45Z,ff_hsx_symbol_daily_v1,06d989ce3ef3482a2207578fdbb5930089f3403d83244eba682ac319f35ed2f3
2021-12-03,NVL,HOSE,4763070000.0,52598910000.0,-47835840000.0,42300.0,459000.0,-416700.0,0.0,0.0,0.0,0.0,116500.0,116500.0,110700.0,111000.0,113280.0,HSX_FOREIGN_API,HOSE_SYMBOL_LEVEL,VND,2026-08-25T03:49:45Z,ff_hsx_symbol_daily_v1,9f7eb5b20f30bc34231cd06adcfc811d1db4c9113639c80d5320a90ce1cceacb
2021-12-06,NVL,HOSE,35387230000.0,45643620000.0,-10256390000.0,320000.0,410600.0,-90600.0,0.0,0.0,0.0,0.0,110000.0,113400.0,109000.0,111000.0,110090.0,HSX_FOREIGN_API,HOSE_SYMBOL_LEVEL,VND,2026-08-25T03:49:45Z,ff_hsx_symbol_daily_v1,6649a0c664c7d576068b536b15b7321398fe90df4428f688fb16a303fbab719e
2021-12-07,NVL,HOSE,10726740000.0,77406810000.0,-66680070000.0,96200.0,692200.0,-596000.0,0.0,0.0,0.0,0.0,111200.0,112900.0,110000.0,112600.0,111280.0,HSX_FOREIGN_API,HOSE_SYMBOL_LEVEL,VND,2026-08-25T03:49:45Z,ff_hsx_symbol_daily_v1,273d8c317a96837c5731a7b9c0be0d624f957322d4bdcf0d13ebde525ece1367
2021-12-08,NVL,HOSE,6745280000.0,56746650000.0,-50001370000.0,60000.0,502800.0,-442800.0,0.0,0.0,0.0,0.0,113000.0,114000.0,111500.0,113900.0,112880.0,HSX_FOREIGN_API,HOSE_SYMBOL_LEVEL,VND,2026-08-25T03:49:45Z,ff_hsx_symbol_daily_v1,6ea34c094365868d1237e6771e49657c4e3c2abfb9c9800f591354e75659ef30
2021-12-09,NVL,HOSE,21226160000.0,32981200000.0,-11755040000.0,185300.0,287500.0,-102200.0,0.0,0.0,0.0,0.0,114000.0,115800.0,113500.0,115000.0,114870.0,HSX_FOREIGN_API,HOSE_SYMBOL_LEVEL,VND,2026-08-25T03:49:45Z,ff_hsx_symbol_daily_v1,014fe1d69ff9329fa140cec2b58441b5e11b0ee1a140e4d2e8808f86b6a8a41f
2021-12-10,NVL,HOSE,5394430000.0,59313420000.0,-53918990000.0,47600.0,521200.0,-473600.0,0.0,0.0,0.0,0.0,115500.0,115700.0,113000.0,113000.0,113960.0,HSX_FOREIGN_API,HOSE_SYMBOL_LEVEL,VND,2026-08-25T03:49:45Z,ff_hsx_symbol_daily_v1,38b1f71d0c002614752b42214025ed258cfc4a70eeda515bbd39d956dc40f19c
2021-12-13,NVL,HOSE,4003680000.0,17537750000.0,-13534070000.0,35800.0,155900.0,-120100.0,0.0,0.0,0.0,0.0,113000.0,114000.0,111000.0,112100.0,111720.0,HSX_FOREIGN_API,HOSE_SYMBOL_LEVEL,VND,2026-08-25T03:49:45Z,ff_hsx_symbol_daily_v1,2ddf5f2c3d61f8fc9aa8e13c54d822da6ec71a36218ce72201e379159f60e667
2021-12-14,NVL,HOSE,14626750000.0,46232760000.0,-31606010000.0,131300.0,410000.0,-278700.0,0.0,0.0,0.0,0.0,111200.0,114100.0,111100.0,113100.0,111940.0,HSX_FOREIGN_API,HOSE_SYMBOL_LEVEL,VND,2026-08-25T03:49:45Z,ff_hsx_symbol_daily_v1,73422b355decd7c1fca53ffc11c9a3a4f76621becb5c112c4ec8a2f4aca3ffdd
2021-12-15,NVL,HOSE,14371290000.0,22248720000.0,-7877430000.0,127100.0,194200.0,-67100.0,0.0,0.0,0.0,0.0,113100.0,115000.0,112000.0,115000.0,114020.0,HSX_FOREIGN_API,HOSE_SYMBOL_LEVEL,VND,2026-08-25T03:49:45Z,ff_hsx_symbol_daily_v1,eb3df965992cb6b38fb6c4e61dcd0c582dc4fda343dda0e2c33055697b2d7948
2021-12-16,NVL,HOSE,13382670000.0,24536940000.0,-11154270000.0,116400.0,213500.0,-97100.0,0.0,0.0,0.0,0.0,115800.0,117000.0,114000.0,115000.0,114810.0,HSX_FOREIGN_API,HOSE_SYMBOL_LEVEL,VND,2026-08-25T03:49:45Z,ff_hsx_symbol_daily_v1,f201984ce3e859b1c6a36b4f6a3cdd06723c4bfca4d4bb5613ac4bc2fab4e141
2021-12-17,NVL,HOSE,2165880000.0,115130430000.0,-112964550000.0,18900.0,999900.0,-981000.0,0.0,0.0,0.0,0.0,115100.0,116700.0,113900.0,115200.0,114570.0,HSX_FOREIGN_API,HOSE_SYMBOL_LEVEL,VND,2026-08-25T03:49:45Z,ff_hsx_symbol_daily_v1,cdc5c3248b2d26f280eedb45d5a367ca9b78b414d1adf53ca628f03d9930af35
2021-12-20,NVL,HOSE,3839240000.0,5736470000.0,-1897230000.0,33400.0,50200.0,-16800.0,0.0,0.0,0.0,0.0,114900.0,115500.0,113900.0,115300.0,114720.0,HSX_FOREIGN_API,HOSE_SYMBOL_LEVEL,VND,2026-08-25T03:49:45Z,ff_hsx_symbol_daily_v1,1ffaaaaa4b46a399a5e094d2dafd64b97d9ae3bf5fa824bba9d15a251188add0
2021-12-21,NVL,HOSE,253275150000.0,301109390000.0,-47834240000.0,2279110.0,2686210.0,-407100.0,245000310000.0,237008310000.0,2207210.0,2135210.0,115300.0,117000.0,114400.0,116600.0,115590.0,HSX_FOREIGN_API,HOSE_SYMBOL_LEVEL,VND,2026-08-25T03:49:45Z,ff_hsx_symbol_daily_v1,47505a76fd45d6c14b8260d5b69ea6edd7a9eddf35f35cffed8b8eb0ddd9046d
2021-12-22,NVL,HOSE,5637560000.0,12979830000.0,-7342270000.0,48400.0,112000.0,-63600.0,0.0,0.0,0.0,0.0,117000.0,117900.0,114500.0,116700.0,116290.0,HSX_FOREIGN_API,HOSE_SYMBOL_LEVEL,VND,2026-08-25T03:49:45Z,ff_hsx_symbol_daily_v1,94e7845c570ff32597373b6903da622362b24d940317a56187d06c059396fc34
2021-12-23,NVL,HOSE,6418740000.0,22233510000.0,-15814770000.0,56500.0,193700.0,-137200.0,0.0,0.0,0.0,0.0,116000.0,117500.0,111500.0,113000.0,114470.0,HSX_FOREIGN_API,HOSE_SYMBOL_LEVEL,VND,2026-08-25T03:49:45Z,ff_hsx_symbol_daily_v1,31dd1c2145a52c442a90bc36e9d05f8e5cd7d708617749b5b824197b47dc70d8
2021-12-24,NVL,HOSE,5330350000.0,4397520000.0,932830000.0,60000.0,49700.0,10300.0,0.0,0.0,0.0,0.0,89800.0,89800.0,87000.0,88900.0,88400.0,HSX_FOREIGN_API,HOSE_SYMBOL_LEVEL,VND,2026-08-25T03:49:45Z,ff_hsx_symbol_daily_v1,f17cb09b7629e69c51510da01f0289869159d60575153d3b04bd4c3c991ae591
2021-12-27,NVL,HOSE,15413060000.0,808780000.0,14604280000.0,174400.0,9100.0,165300.0,0.0,0.0,0.0,0.0,88900.0,89900.0,87800.0,89000.0,88490.0,HSX_FOREIGN_API,HOSE_SYMBOL_LEVEL,VND,2026-08-25T03:49:45Z,ff_hsx_symbol_daily_v1,f31437558a1b526ad9df40c529bd3a7cad573222a96594b84db0ab3a0bfd3b15
2021-12-28,NVL,HOSE,1326960000.0,16310570000.0,-14983610000.0,15100.0,185600.0,-170500.0,0.0,0.0,0.0,0.0,89400.0,89400.0,87000.0,87000.0,87840.0,HSX_FOREIGN_API,HOSE_SYMBOL_LEVEL,VND,2026-08-25T03:49:45Z,ff_hsx_symbol_daily_v1,5cdfd5d8784422bcc9c07532f4322048d5cb09879fb341c843f19f9529b816ce
2021-12-29,NVL,HOSE,706010000.0,2190550000.0,-1484540000.0,8200.0,25400.0,-17200.0,0.0,0.0,0.0,0.0,87100.0,87800.0,85100.0,87000.0,86120.0,HSX_FOREIGN_API,HOSE_SYMBOL_LEVEL,VND,2026-08-25T03:49:45Z,ff_hsx_symbol_daily_v1,bbe0ebb02620014714c3770d692c29d3779fc4b7bfb2dc8a3cd0caa0e3f710ac
2021-12-30,NVL,HOSE,6679930000.0,1383980000.0,5295950000.0,77300.0,16000.0,61300.0,0.0,0.0,0.0,0.0,87000.0,87200.0,85700.0,86300.0,86370.0,HSX_FOREIGN_API,HOSE_SYMBOL_LEVEL,VND,2026-08-25T03:49:45Z,ff_hsx_symbol_daily_v1,2a55b1f56fa74eba13528146d44d5361153f4145c4e998881eed329244dbd7c1
2021-12-31,NVL,HOSE,540550000.0,6871080000.0,-6330530000.0,6100.0,75800.0,-69700.0,0.0,0.0,0.0,0.0,86300.0,91000.0,86100.0,91000.0,88400.0,HSX_FOREIGN_API,HOSE_SYMBOL_LEVEL,VND,2026-08-25T03:49:45Z,ff_hsx_symbol_daily_v1,866fe15edac47c2dbc89b51e3baea16c1f251ccae9bffdce85d995edfb30b547
2022-01-04,NVL,HOSE,743080000.0,42495590000.0,-41752510000.0,8300.0,475300.0,-467000.0,0.0,0.0,0.0,0.0,90500.0,90500.0,88500.0,89000.0,89340.0,HSX_FOREIGN_API,HOSE_SYMBOL_LEVEL,VND,2026-08-25T03:49:45Z,ff_hsx_symbol_daily_v1,addcd8b6194004ef45502c1bf35ad6a80c46949c07a507b106e7fabed4d4fb7e
2022-01-05,NVL,HOSE,5832360000.0,26794130000.0,-20961770000.0,65900.0,303200.0,-237300.0,0.0,0.0,0.0,0.0,89000.0,89100.0,87800.0,89100.0,88300.0,HSX_FOREIGN_API,HOSE_SYMBOL_LEVEL,VND,2026-08-25T03:49:45Z,ff_hsx_symbol_daily_v1,8be194ee76eb79f2a3f8309e5bc1399dddb39c5c5a4e070f915132a47b99f2df
2022-01-06,NVL,HOSE,1999720000.0,64010150000.0,-62010430000.0,22600.0,725300.0,-702700.0,0.0,0.0,0.0,0.0,88500.0,90000.0,87800.0,88200.0,88510.0,HSX_FOREIGN_API,HOSE_SYMBOL_LEVEL,VND,2026-08-25T03:49:45Z,ff_hsx_symbol_daily_v1,7475dec66d9c5cd29e308d6aef75ef575f9c6daf9cf98ffad00dae1345497af3
2022-01-07,NVL,HOSE,4585560000.0,126352420000.0,-121766860000.0,52700.0,1453300.0,-1400600.0,0.0,0.0,0.0,0.0,88200.0,88600.0,86400.0,86400.0,87110.0,HSX_FOREIGN_API,HOSE_SYMBOL_LEVEL,VND,2026-08-25T03:49:45Z,ff_hsx_symbol_daily_v1,4f13b0de713a0a924eb9e710784afe23f39bd9ee8dbd7181515f869896cf4657
2022-01-10,NVL,HOSE,6438340000.0,66158610000.0,-59720270000.0,74800.0,781200.0,-706400.0,0.0,0.0,0.0,0.0,86400.0,88000.0,83900.0,83900.0,85250.0,HSX_FOREIGN_API,HOSE_SYMBOL_LEVEL,VND,2026-08-25T03:49:45Z,ff_hsx_symbol_daily_v1,730efc854ffe617993b27521830b3ccec0fba6e014dd548a13fd9b7edd3e1ef7
2022-01-11,NVL,HOSE,12116000000.0,24042550000.0,-11926550000.0,144600.0,287500.0,-142900.0,0.0,0.0,0.0,0.0,83900.0,85000.0,82300.0,84500.0,83560.0,HSX_FOREIGN_API,HOSE_SYMBOL_LEVEL,VND,2026-08-25T03:49:45Z,ff_hsx_symbol_daily_v1,6e323c4f5662d3ee40f68beef0d173c1fb40ee2410fdd8e9ed544113eef6f29d
2022-01-12,NVL,HOSE,17810070000.0,34491920000.0,-16681850000.0,214900.0,416200.0,-201300.0,0.0,0.0,0.0,0.0,83600.0,84500.0,82400.0,83800.0,82890.0,HSX_FOREIGN_API,HOSE_SYMBOL_LEVEL,VND,2026-08-25T03:49:45Z,ff_hsx_symbol_daily_v1,5f7130b306dff70b5c640b0e44a05e641183f6d7141a1c03de152ad1418d02c2
2022-01-13,NVL,HOSE,9014720000.0,70244230000.0,-61229510000.0,109300.0,850500.0,-741200.0,0.0,0.0,0.0,0.0,84000.0,84000.0,82200.0,83500.0,82750.0,HSX_FOREIGN_API,HOSE_SYMBOL_LEVEL,VND,2026-08-25T03:49:45Z,ff_hsx_symbol_daily_v1,f0fcbf0856ebf27a3f2f19f68920e23781926ae44abccd47b5c91bced70c55c0
2022-01-14,NVL,HOSE,6621660000.0,18335650000.0,-11713990000.0,80600.0,223400.0,-142800.0,0.0,0.0,0.0,0.0,82100.0,83500.0,81700.0,82000.0,82140.0,HSX_FOREIGN_API,HOSE_SYMBOL_LEVEL,VND,2026-08-25T03:49:45Z,ff_hsx_symbol_daily_v1,7f4353193da07e43e74f90866889e2e09676b633772f743b9fefb101fd79393f
2022-01-17,NVL,HOSE,8528900000.0,7225620000.0,1303280000.0,105800.0,90200.0,15600.0,0.0,0.0,0.0,0.0,82000.0,83000.0,78800.0,80000.0,79970.0,HSX_FOREIGN_API,HOSE_SYMBOL_LEVEL,VND,2026-08-25T03:49:45Z,ff_hsx_symbol_daily_v1,200ef26c6e8cd5c0d432ad721f6f4eedbe9e5c9a3b9710d4f374f2776302d07e
2022-01-18,NVL,HOSE,55531080000.0,30875040000.0,24656040000.0,696200.0,389100.0,307100.0,0.0,0.0,0.0,0.0,80000.0,80100.0,79100.0,80100.0,79640.0,HSX_FOREIGN_API,HOSE_SYMBOL_LEVEL,VND,2026-08-25T03:49:45Z,ff_hsx_symbol_daily_v1,d761f0495818b65e14a2530b3ea5faa1f1bdc4b7d525eb39cf51ec6434d580e5
2022-01-19,NVL,HOSE,21276470000.0,92333960000.0,-71057490000.0,269400.0,1168800.0,-899400.0,0.0,0.0,0.0,0.0,79500.0,80000.0,78100.0,80000.0,79090.0,HSX_FOREIGN_API,HOSE_SYMBOL_LEVEL,VND,2026-08-25T03:49:45Z,ff_hsx_symbol_daily_v1,4811fb533be342264ef4a71e88b4631422960bc1b8f076bc6ba06d86009cdc9d
2022-01-20,NVL,HOSE,6367790000.0,128019820000.0,-121652030000.0,79900.0,1616500.0,-1536600.0,0.0,0.0,0.0,0.0,79500.0,80200.0,78300.0,80200.0,79310.0,HSX_FOREIGN_API,HOSE_SYMBOL_LEVEL,VND,2026-08-25T03:49:45Z,ff_hsx_symbol_daily_v1,0bd8661e2fd1077193155e387472eae061045d0fb8f9776281808d1b43db66cb
2022-01-21,NVL,HOSE,2774460000.0,40947130000.0,-38172670000.0,34900.0,519300.0,-484400.0,0.0,0.0,0.0,0.0,80200.0,80200.0,78600.0,80000.0,79230.0,HSX_FOREIGN_API,HOSE_SYMBOL_LEVEL,VND,2026-08-25T03:49:45Z,ff_hsx_symbol_daily_v1,de949ec3a7dc453f1ec608293c6e85e0ffb9e0b856b1b705e19665ad30e802f4
2022-01-24,NVL,HOSE,9391760000.0,22149100000.0,-12757340000.0,119200.0,281800.0,-162600.0,0.0,0.0,0.0,0.0,78500.0,80000.0,78100.0,78100.0,78530.0,HSX_FOREIGN_API,HOSE_SYMBOL_LEVEL,VND,2026-08-25T03:49:45Z,ff_hsx_symbol_daily_v1,bcb0dd1576f37a72523b587e15d2dd5d78c00dfddb6db456ba4a8282a796fe34
2022-01-25,NVL,HOSE,19613230000.0,44639630000.0,-25026400000.0,248300.0,568200.0,-319900.0,0.0,0.0,0.0,0.0,78200.0,79800.0,77800.0,79000.0,78740.0,HSX_FOREIGN_API,HOSE_SYMBOL_LEVEL,VND,2026-08-25T03:49:45Z,ff_hsx_symbol_daily_v1,404c8e588f2d850bd7531d9f698a6b6848f6fab81748d18c7f727404bf5f8da6
2022-01-26,NVL,HOSE,7228330000.0,65856190000.0,-58627860000.0,91600.0,865700.0,-774100.0,0.0,37000000000.0,0.0,500000.0,79700.0,79700.0,78300.0,79400.0,78890.0,HSX_FOREIGN_API,HOSE_SYMBOL_LEVEL,VND,2026-08-25T03:49:45Z,ff_hsx_symbol_daily_v1,d0bd1760fb1ca84c42299dab94e1703508118b2a6280acf538b5643fa6e01f33
2022-01-27,NVL,HOSE,22034360000.0,71924700000.0,-49890340000.0,276700.0,941900.0,-665200.0,0.0,37000000000.0,0.0,500000.0,79200.0,80000.0,78500.0,79000.0,79230.0,HSX_FOREIGN_API,HOSE_SYMBOL_LEVEL,VND,2026-08-25T03:49:45Z,ff_hsx_symbol_daily_v1,ad2ecfb69158c7f01bb0a0a996f71a19399a9ee4429151c9bd6c7b15f6cf95bb
2022-01-28,NVL,HOSE,5658540000.0,64979470000.0,-59320930000.0,71400.0,852000.0,-780600.0,0.0,37250000000.0,0.0,500000.0,79500.0,79900.0,78600.0,79900.0,79260.0,HSX_FOREIGN_API,HOSE_SYMBOL_LEVEL,VND,2026-08-25T03:49:45Z,ff_hsx_symbol_daily_v1,72d556bbccd6fd0c5cacc74d97ab6955e15ea8cf4ea4f525457a4c395685dbea
2022-02-07,NVL,HOSE,735230000.0,5103260000.0,-4368030000.0,9100.0,63600.0,-54500.0,0.0,0.0,0.0,0.0,79500.0,82000.0,79500.0,80000.0,80260.0,HSX_FOREIGN_API,HOSE_SYMBOL_LEVEL,VND,2026-08-25T03:49:45Z,ff_hsx_symbol_daily_v1,72f0d942ba0bbe8862e0ad78ddd443ca1a3f7f75301d4284207b8eb9687f94e5
2022-02-08,NVL,HOSE,1771210000.0,7309250000.0,-5538040000.0,22300.0,92100.0,-69800.0,0.0,0.0,0.0,0.0,80000.0,80000.0,79100.0,79200.0,79450.0,HSX_FOREIGN_API,HOSE_SYMBOL_LEVEL,VND,2026-08-25T03:49:45Z,ff_hsx_symbol_daily_v1,756129f24d777973d7cd8b58a0f4c5374a0d06a40f90d5418bf6a1c481b30781
2022-02-09,NVL,HOSE,11164050000.0,78362000000.0,-67197950000.0,141400.0,1005900.0,-864500.0,0.0,38650000000.0,0.0,500000.0,79700.0,79800.0,78300.0,79000.0,78820.0,HSX_FOREIGN_API,HOSE_SYMBOL_LEVEL,VND,2026-08-25T03:49:45Z,ff_hsx_symbol_daily_v1,497ee406e6571a9fe104197fbe235d2928be1c884529e8aa3f2c4c5b59472901
2022-02-10,NVL,HOSE,51262180000.0,136699120000.0,-85436940000.0,664600.0,1751800.0,-1087200.0,44630000000.0,38750000000.0,580000.0,500000.0,79100.0,79100.0,78000.0,78500.0,78340.0,HSX_FOREIGN_API,HOSE_SYMBOL_LEVEL,VND,2026-08-25T03:49:45Z,ff_hsx_symbol_daily_v1,549b11cc8dc00422e85979664decfd83296a38d4f55a433f7b7a3d8047d7c3bf
2022-02-11,NVL,HOSE,5243150000.0,44145120000.0,-38901970000.0,67200.0,565800.0,-498600.0,0.0,0.0,0.0,0.0,78500.0,78500.0,77700.0,78100.0,78080.0,HSX_FOREIGN_API,HOSE_SYMBOL_LEVEL,VND,2026-08-25T03:49:45Z,ff_hsx_symbol_daily_v1,6a8799ffdd118dfcabc53f36da459ca9e9e6b18f528d42738fca34ca8ff6ba37
2022-02-14,NVL,HOSE,64090900000.0,23059770000.0,41031130000.0,822500.0,296300.0,526200.0,0.0,0.0,0.0,0.0,78000.0,78400.0,76700.0,78000.0,77600.0,HSX_FOREIGN_API,HOSE_SYMBOL_LEVEL,VND,2026-08-25T03:49:45Z,ff_hsx_symbol_daily_v1,dc7613850c7d9c21c381b0cb5764f8a9dfd6f38f9b8c324ad41ce17fc0bf5a55
2022-02-15,NVL,HOSE,58769210000.0,17215040000.0,41554170000.0,751400.0,220800.0,530600.0,0.0,0.0,0.0,0.0,78000.0,79600.0,77500.0,79000.0,78040.0,HSX_FOREIGN_API,HOSE_SYMBOL_LEVEL,VND,2026-08-25T03:49:45Z,ff_hsx_symbol_daily_v1,f3069abbdb71d76afc140cac1cf882b45fdd001201c39bba42ccbbeb1d053593
2022-02-16,NVL,HOSE,3482010000.0,36166710000.0,-32684700000.0,44200.0,459400.0,-415200.0,0.0,0.0,0.0,0.0,79900.0,79900.0,77800.0,78100.0,78680.0,HSX_FOREIGN_API,HOSE_SYMBOL_LEVEL,VND,2026-08-25T03:49:45Z,ff_hsx_symbol_daily_v1,a4d30b8d46b78655a679d5523c446ea922147e43cb841e2f30e11392f03894d5
2022-02-17,NVL,HOSE,44668720000.0,39917700000.0,4751020000.0,573600.0,512300.0,61300.0,0.0,0.0,0.0,0.0,78200.0,79000.0,77300.0,79000.0,78010.0,HSX_FOREIGN_API,HOSE_SYMBOL_LEVEL,VND,2026-08-25T03:49:45Z,ff_hsx_symbol_daily_v1,9d6b9e970850857396576652bd6abf18808295573dc8f874a25b75d495b3ee36
2022-02-18,NVL,HOSE,5991860000.0,41459290000.0,-35467430000.0,76500.0,527400.0,-450900.0,0.0,5040000000.0,0.0,60000.0,78200.0,78800.0,77600.0,78500.0,78120.0,HSX_FOREIGN_API,HOSE_SYMBOL_LEVEL,VND,2026-08-25T03:49:45Z,ff_hsx_symbol_daily_v1,4ce4ec2404f82e0ebd5573cf9b176f17c8f08d2008582ef67338ed6570d40e71
2022-02-21,NVL,HOSE,2370260000.0,1580160000.0,790100000.0,30300.0,20200.0,10100.0,0.0,0.0,0.0,0.0,78500.0,78600.0,78000.0,78500.0,78250.0,HSX_FOREIGN_API,HOSE_SYMBOL_LEVEL,VND,2026-08-25T03:49:45Z,ff_hsx_symbol_daily_v1,ef80dccfda8d563cd073b95c99e2087b79675b04916d745a4607b7af6ffc04d0
2022-02-22,NVL,HOSE,2511720000.0,38508420000.0,-35996700000.0,32300.0,495700.0,-463400.0,0.0,0.0,0.0,0.0,77500.0,78500.0,77400.0,78100.0,77800.0,HSX_FOREIGN_API,HOSE_SYMBOL_LEVEL,VND,2026-08-25T03:49:45Z,ff_hsx_symbol_daily_v1,7a80456b83c16a445ef8b9c18d8ed3e9e25e63cc36b50294b6cf685148bf0b74
2022-02-23,NVL,HOSE,4853480000.0,29052730000.0,-24199250000.0,66100.0,374500.0,-308400.0,4380000000.0,0.0,60000.0,0.0,78000.0,78100.0,77400.0,77400.0,77630.0,HSX_FOREIGN_API,HOSE_SYMBOL_LEVEL,VND,2026-08-25T03:49:45Z,ff_hsx_symbol_daily_v1,702fdc9b1f0de6b670348ad6a5635e0106d1a9ed47521c82aaa02fefd56f8f42
2022-02-24,NVL,HOSE,2067540000.0,11541140000.0,-9473600000.0,27100.0,150700.0,-123600.0,0.0,0.0,0.0,0.0,77400.0,77400.0,75800.0,76000.0,76470.0,HSX_FOREIGN_API,HOSE_SYMBOL_LEVEL,VND,2026-08-25T03:49:45Z,ff_hsx_symbol_daily_v1,9acdf2687edb3f4bd6787c08b43385421b3eda51914429aa22e224db799556b8
2022-02-25,NVL,HOSE,5506380000.0,67154450000.0,-61648070000.0,72500.0,890000.0,-817500.0,0.0,0.0,0.0,0.0,76500.0,76500.0,74400.0,76300.0,75600.0,HSX_FOREIGN_API,HOSE_SYMBOL_LEVEL,VND,2026-08-25T03:49:45Z,ff_hsx_symbol_daily_v1,87d8292a3e25d207e61690e5719147d9c98321dae3a276519b17e9ea7fa6fd7f
2022-02-28,NVL,HOSE,4902030000.0,30304540000.0,-25402510000.0,65000.0,401300.0,-336300.0,0.0,0.0,0.0,0.0,76500.0,76600.0,75000.0,75300.0,75530.0,HSX_FOREIGN_API,HOSE_SYMBOL_LEVEL,VND,2026-08-25T03:49:45Z,ff_hsx_symbol_daily_v1,4811a672c4b572210db8041d545e5212be9a712f7a10b0d0e0857ac50e939225
2022-03-01,NVL,HOSE,16030270000.0,25964200000.0,-9933930000.0,212800.0,344300.0,-131500.0,0.0,0.0,0.0,0.0,75300.0,76000.0,74800.0,75400.0,75310.0,HSX_FOREIGN_API,HOSE_SYMBOL_LEVEL,VND,2026-08-25T03:49:45Z,ff_hsx_symbol_daily_v1,1f7f354e4376aca7fb24d7bd230b0600cbc9c01b042ed0f118a774364cbc23fa
2022-03-02,NVL,HOSE,16191650000.0,44044120000.0,-27852470000.0,212600.0,578100.0,-365500.0,0.0,0.0,0.0,0.0,75300.0,77800.0,75200.0,76400.0,76320.0,HSX_FOREIGN_API,HOSE_SYMBOL_LEVEL,VND,2026-08-25T03:49:45Z,ff_hsx_symbol_daily_v1,e2f87e18d9a24ca6b9e67143c67ec2aacdfe5ccd662e7016cb8de3d86c34475f
2022-03-03,NVL,HOSE,814140000.0,3029620000.0,-2215480000.0,10600.0,39400.0,-28800.0,0.0,0.0,0.0,0.0,76700.0,78000.0,76200.0,78000.0,76830.0,HSX_FOREIGN_API,HOSE_SYMBOL_LEVEL,VND,2026-08-25T03:49:45Z,ff_hsx_symbol_daily_v1,2eca4f29690fed8310fb34feeca044bf01aed23822341d2e63384bc70c882830
2022-03-04,NVL,HOSE,101000000.0,42509040000.0,-42408040000.0,1300.0,547200.0,-545900.0,0.0,0.0,0.0,0.0,78900.0,79000.0,77000.0,77000.0,77940.0,HSX_FOREIGN_API,HOSE_SYMBOL_LEVEL,VND,2026-08-25T03:49:45Z,ff_hsx_symbol_daily_v1,c11a6515e14a1882fc46e570c31735a098826249e21663867ab31e138a5e9263
2022-03-07,NVL,HOSE,2984540000.0,102643190000.0,-99658650000.0,39300.0,1390000.0,-1350700.0,0.0,73000000000.0,0.0,1000000.0,76500.0,76900.0,75500.0,76000.0,75980.0,HSX_FOREIGN_API,HOSE_SYMBOL_LEVEL,VND,2026-08-25T03:49:45Z,ff_hsx_symbol_daily_v1,7dfba1c507cf6e30882d9e92309b8571fa076e553825983ade4097a46f8a7618
2022-03-08,NVL,HOSE,1973150000.0,70380300000.0,-68407150000.0,26000.0,931800.0,-905800.0,0.0,0.0,0.0,0.0,75600.0,76400.0,75100.0,76000.0,75740.0,HSX_FOREIGN_API,HOSE_SYMBOL_LEVEL,VND,2026-08-25T03:49:45Z,ff_hsx_symbol_daily_v1,57a515b81e60bf6d309b09ea9c87fe3b58d2725fecaa55bd53440c8984d3a517
2022-03-09,NVL,HOSE,10377350000.0,51651540000.0,-41274190000.0,136200.0,678800.0,-542600.0,0.0,0.0,0.0,0.0,76400.0,76800.0,75500.0,76500.0,76220.0,HSX_FOREIGN_API,HOSE_SYMBOL_LEVEL,VND,2026-08-25T03:49:45Z,ff_hsx_symbol_daily_v1,83a14eb81abb8a8ebd155cc7bf9676ab732150d6e0722a00f858ec110f55ad3d
2022-03-10,NVL,HOSE,6278830000.0,35037590000.0,-28758760000.0,81500.0,454800.0,-373300.0,0.0,0.0,0.0,0.0,77000.0,79500.0,76400.0,77000.0,77490.0,HSX_FOREIGN_API,HOSE_SYMBOL_LEVEL,VND,2026-08-25T03:49:45Z,ff_hsx_symbol_daily_v1,9c315024cddc1f840cf98c0dbf66f3286a052ae2c6aebf60148a6fad49a76193
2022-03-11,NVL,HOSE,3510150000.0,48519510000.0,-45009360000.0,45500.0,629600.0,-584100.0,0.0,0.0,0.0,0.0,78000.0,78400.0,76500.0,77200.0,77060.0,HSX_FOREIGN_API,HOSE_SYMBOL_LEVEL,VND,2026-08-25T03:49:45Z,ff_hsx_symbol_daily_v1,c4264a0700b21cb3a3c6fd1bdd1d1ee373b4162fa1cee3a7a0bb57d0abbf7777
2022-03-14,NVL,HOSE,3703270000.0,152972710000.0,-149269440000.0,48800.0,2014700.0,-1965900.0,0.0,0.0,0.0,0.0,76700.0,77400.0,75400.0,76500.0,76110.0,HSX_FOREIGN_API,HOSE_SYMBOL_LEVEL,VND,2026-08-25T03:49:45Z,ff_hsx_symbol_daily_v1,824445c18039aa89b1ccb13cd920c758dd369b66d23ace98070b0df7b8c1e208
2022-03-15,NVL,HOSE,1116820000.0,90191250000.0,-89074430000.0,14700.0,1190660.0,-1175960.0,0.0,1514530000.0,0.0,20060.0,75800.0,77200.0,75500.0,76600.0,75860.0,HSX_FOREIGN_API,HOSE_SYMBOL_LEVEL,VND,2026-08-25T03:49:45Z,ff_hsx_symbol_daily_v1,deeeace1da337b96bdb44d02149dc80f25764036e815dff48ab8397c11342810
2022-03-16,NVL,HOSE,1634520000.0,15774450000.0,-14139930000.0,21200.0,204500.0,-183300.0,0.0,0.0,0.0,0.0,76900.0,78400.0,76200.0,77400.0,77330.0,HSX_FOREIGN_API,HOSE_SYMBOL_LEVEL,VND,2026-08-25T03:49:45Z,ff_hsx_symbol_daily_v1,a5e4c0ba9cf0be65ab6eb9999383628a0083e6c4afae74ecf600adc5675059df
2022-03-17,NVL,HOSE,1781880000.0,25374750000.0,-23592870000.0,23200.0,330100.0,-306900.0,0.0,0.0,0.0,0.0,77400.0,78500.0,76500.0,76600.0,77400.0,HSX_FOREIGN_API,HOSE_SYMBOL_LEVEL,VND,2026-08-25T03:49:45Z,ff_hsx_symbol_daily_v1,35c9fd136951e64c4899cddf8a25aa6b7d8e9705e664227d0fcead10ae3ad25b
2022-03-18,NVL,HOSE,2509750000.0,81365320000.0,-78855570000.0,32900.0,1057500.0,-1024600.0,0.0,0.0,0.0,0.0,76800.0,77100.0,75200.0,77100.0,76190.0,HSX_FOREIGN_API,HOSE_SYMBOL_LEVEL,VND,2026-08-25T03:49:45Z,ff_hsx_symbol_daily_v1,bdbbf36833ee071b4ecaf460e16991eeba41026e35da1c180bf3ddbf011bfb5a
2022-03-21,NVL,HOSE,30283450000.0,10578240000.0,19705210000.0,382400.0,132100.0,250300.0,0.0,0.0,0.0,0.0,77300.0,82400.0,76600.0,82400.0,79750.0,HSX_FOREIGN_API,HOSE_SYMBOL_LEVEL,VND,2026-08-25T03:49:45Z,ff_hsx_symbol_daily_v1,eedba2c12c8d2a2de672e288b1fe05c93822c3c19bbe4a786f48367c2c818369
2022-03-22,NVL,HOSE,8229460000.0,151713060000.0,-143483600000.0,96400.0,1791000.0,-1694600.0,0.0,0.0,0.0,0.0,85000.0,86700.0,83500.0,84100.0,84980.0,HSX_FOREIGN_API,HOSE_SYMBOL_LEVEL,VND,2026-08-25T03:49:45Z,ff_hsx_symbol_daily_v1,fdd8f34fd9c3c0d854598710ec68b687e74d4c79a73604e006308fa41fd786e8
2022-03-23,NVL,HOSE,1486360000.0,55708880000.0,-54222520000.0,17700.0,662900.0,-645200.0,0.0,0.0,0.0,0.0,85500.0,85700.0,83300.0,83800.0,84230.0,HSX_FOREIGN_API,HOSE_SYMBOL_LEVEL,VND,2026-08-25T03:49:45Z,ff_hsx_symbol_daily_v1,abf7c725986374ca71712bf09bb4a50193050e6d18f18bca7c20a00cbc912678
2022-03-24,NVL,HOSE,10660970000.0,29721310000.0,-19060340000.0,127900.0,356200.0,-228300.0,0.0,0.0,0.0,0.0,84000.0,84500.0,82400.0,82800.0,83180.0,HSX_FOREIGN_API,HOSE_SYMBOL_LEVEL,VND,2026-08-25T03:49:45Z,ff_hsx_symbol_daily_v1,d8cb07e3b82de5ccb15f7066d274531b3bd60a5cb7b3b53356a5ea70474bd594
2022-03-25,NVL,HOSE,25065990000.0,51962330000.0,-26896340000.0,298600.0,618900.0,-320300.0,0.0,0.0,0.0,0.0,82800.0,85300.0,82800.0,83600.0,83770.0,HSX_FOREIGN_API,HOSE_SYMBOL_LEVEL,VND,2026-08-25T03:49:45Z,ff_hsx_symbol_daily_v1,b0f160f8aa245657b33fb77623ec6a22e03f85972ec164cf8e11ff33fced9a53
2022-03-28,NVL,HOSE,5733300000.0,16385770000.0,-10652470000.0,69200.0,198000.0,-128800.0,0.0,2822300000.0,0.0,33800.0,83500.0,83500.0,82200.0,82500.0,82690.0,HSX_FOREIGN_API,HOSE_SYMBOL_LEVEL,VND,2026-08-25T03:49:45Z,ff_hsx_symbol_daily_v1,235d99512524581730ade4f03a11a508234dc1627ffa159f8b227ae3c4e2fd96
2022-03-29,NVL,HOSE,544910000.0,24922540000.0,-24377630000.0,6600.0,302400.0,-295800.0,0.0,0.0,0.0,0.0,82500.0,83300.0,82100.0,82500.0,82590.0,HSX_FOREIGN_API,HOSE_SYMBOL_LEVEL,VND,2026-08-25T03:49:45Z,ff_hsx_symbol_daily_v1,30fd75ddba131e78e7cc287d7a488ccb33b61e9a22a0ec814e82f849f51b6c78
2022-03-30,NVL,HOSE,9139570000.0,19366500000.0,-10226930000.0,112400.0,238100.0,-125700.0,0.0,0.0,0.0,0.0,82400.0,82500.0,79800.0,80000.0,81070.0,HSX_FOREIGN_API,HOSE_SYMBOL_LEVEL,VND,2026-08-25T03:49:45Z,ff_hsx_symbol_daily_v1,dd39bc7f6f2970005f00769162e39e29143ca1bc46983641fec536b82cead295
2022-03-31,NVL,HOSE,13589130000.0,3630890000.0,9958240000.0,169300.0,45200.0,124100.0,0.0,0.0,0.0,0.0,80000.0,81000.0,79900.0,80100.0,80300.0,HSX_FOREIGN_API,HOSE_SYMBOL_LEVEL,VND,2026-08-25T03:49:45Z,ff_hsx_symbol_daily_v1,16bb7234fe68f181ad7d5206f48098438d2b9103465c10081de0d46d808f9e4e
2022-04-01,NVL,HOSE,31349220000.0,1949260000.0,29399960000.0,390500.0,24300.0,366200.0,0.0,0.0,0.0,0.0,80100.0,82600.0,78700.0,82600.0,80110.0,HSX_FOREIGN_API,HOSE_SYMBOL_LEVEL,VND,2026-08-25T03:49:45Z,ff_hsx_symbol_daily_v1,ec22fba645615c4ba41b9d352df99f9acc89bedeb4afd15dac091ae249f94249
2022-04-04,NVL,HOSE,9654440000.0,42140650000.0,-32486210000.0,112600.0,502300.0,-389700.0,0.0,0.0,0.0,0.0,82800.0,87600.0,82600.0,86500.0,84660.0,HSX_FOREIGN_API,HOSE_SYMBOL_LEVEL,VND,2026-08-25T03:49:45Z,ff_hsx_symbol_daily_v1,695ea602470da139017bd3bd40d0b99d2c5703510e98ffe556ab9523cfcdb4df
2022-04-05,NVL,HOSE,73369050000.0,21062690000.0,52306360000.0,837600.0,241400.0,596200.0,0.0,0.0,0.0,0.0,85800.0,88000.0,84600.0,87700.0,86780.0,HSX_FOREIGN_API,HOSE_SYMBOL_LEVEL,VND,2026-08-25T03:49:45Z,ff_hsx_symbol_daily_v1,6b74aa38cc0ed8c5bc191b173033a9e6fb5fea52d3df42bbc495407bc17ea5e1
2022-04-06,NVL,HOSE,87701380000.0,38826990000.0,48874390000.0,1024000.0,452700.0,571300.0,0.0,0.0,0.0,0.0,88200.0,88300.0,84800.0,86300.0,86500.0,HSX_FOREIGN_API,HOSE_SYMBOL_LEVEL,VND,2026-08-25T03:49:45Z,ff_hsx_symbol_daily_v1,2d28601d1996a4f1d12acf8120603b5eb96616ba1dea823a2419c46aaca2bf04
2022-04-07,NVL,HOSE,69109430000.0,10502180000.0,58607250000.0,815400.0,123800.0,691600.0,0.0,0.0,0.0,0.0,85700.0,86000.0,84200.0,84600.0,84770.0,HSX_FOREIGN_API,HOSE_SYMBOL_LEVEL,VND,2026-08-25T03:49:45Z,ff_hsx_symbol_daily_v1,2029e76138b397e7cec94cc4ace2c60e66882c9f3e871465f8b79616a648de01
2022-04-08,NVL,HOSE,37447470000.0,29284530000.0,8162940000.0,439900.0,342600.0,97300.0,0.0,0.0,0.0,0.0,83800.0,86400.0,83700.0,85400.0,85060.0,HSX_FOREIGN_API,HOSE_SYMBOL_LEVEL,VND,2026-08-25T03:49:45Z,ff_hsx_symbol_daily_v1,689375920fffe2543d2a2e151c66905d36fb2ea9a242b9aeb727a12dac22f236
2022-04-12,NVL,HOSE,90950900000.0,32287100000.0,58663800000.0,1066200.0,378800.0,687400.0,0.0,0.0,0.0,0.0,85500.0,86400.0,84700.0,85000.0,85330.0,HSX_FOREIGN_API,HOSE_SYMBOL_LEVEL,VND,2026-08-25T03:49:45Z,ff_hsx_symbol_daily_v1,4a20c604278892e603943aae8aff58717736b143ca5151826ae9fda13bd38326
2022-04-13,NVL,HOSE,58311590000.0,20133170000.0,38178420000.0,685800.0,237000.0,448800.0,0.0,0.0,0.0,0.0,85700.0,87800.0,84400.0,86500.0,85650.0,HSX_FOREIGN_API,HOSE_SYMBOL_LEVEL,VND,2026-08-25T03:49:45Z,ff_hsx_symbol_daily_v1,abb0c16a3e9f8416386139b97ad45776fc2b7feec0fde024b92fdf130c768969
2022-04-14,NVL,HOSE,42508650000.0,3665750000.0,38842900000.0,500100.0,42800.0,457300.0,0.0,0.0,0.0,0.0,86500.0,87800.0,84000.0,85000.0,86460.0,HSX_FOREIGN_API,HOSE_SYMBOL_LEVEL,VND,2026-08-25T03:49:45Z,ff_hsx_symbol_daily_v1,4ac5106c2127b930a0d2a0a69a355a2512d8d435ee2612e00f22ef649b38bbd3
2022-04-15,NVL,HOSE,44911080000.0,4818170000.0,40092910000.0,531000.0,57000.0,474000.0,0.0,0.0,0.0,0.0,84200.0,85100.0,84100.0,84100.0,84540.0,HSX_FOREIGN_API,HOSE_SYMBOL_LEVEL,VND,2026-08-25T03:49:45Z,ff_hsx_symbol_daily_v1,84efde57735cb0d8b070666b46561151abc5c98962af6a2aaf26c040f1464b8a
2022-04-18,NVL,HOSE,8234010000.0,21806830000.0,-13572820000.0,99900.0,265000.0,-165100.0,0.0,0.0,0.0,0.0,83000.0,83500.0,81700.0,82200.0,82440.0,HSX_FOREIGN_API,HOSE_SYMBOL_LEVEL,VND,2026-08-25T03:49:45Z,ff_hsx_symbol_daily_v1,8928682321509db5d627822bc62f78dc7c19e7ba20486c322f79eeb25d9deaad
2022-04-19,NVL,HOSE,22704380000.0,24102760000.0,-1398380000.0,276000.0,293100.0,-17100.0,0.0,0.0,0.0,0.0,82500.0,82800.0,81600.0,82000.0,82220.0,HSX_FOREIGN_API,HOSE_SYMBOL_LEVEL,VND,2026-08-25T03:49:45Z,ff_hsx_symbol_daily_v1,817730f5ca3de4c0c796b3e086dc930e90d9122dde246f07ec3bcf6aee06e29b
2022-04-20,NVL,HOSE,21631650000.0,23778290000.0,-2146640000.0,264600.0,292000.0,-27400.0,0.0,0.0,0.0,0.0,82300.0,82500.0,80600.0,81400.0,81590.0,HSX_FOREIGN_API,HOSE_SYMBOL_LEVEL,VND,2026-08-25T03:49:45Z,ff_hsx_symbol_daily_v1,6ad0a9dc4e9cd1653e20d082f3a80231cd2e9abb5866aba7ff96a145d4a0b884
2022-04-21,NVL,HOSE,21856750000.0,11402720000.0,10454030000.0,272800.0,142400.0,130400.0,0.0,0.0,0.0,0.0,81000.0,81100.0,79600.0,80100.0,80160.0,HSX_FOREIGN_API,HOSE_SYMBOL_LEVEL,VND,2026-08-25T03:49:45Z,ff_hsx_symbol_daily_v1,046a8e408b2ee1186d78c694250ce3cb17e65754a509da18ea1dc9f3e9f92607
2022-04-22,NVL,HOSE,11775800000.0,1152180000.0,10623620000.0,146000.0,14300.0,131700.0,0.0,0.0,0.0,0.0,80500.0,81200.0,80100.0,81000.0,80690.0,HSX_FOREIGN_API,HOSE_SYMBOL_LEVEL,VND,2026-08-25T03:49:45Z,ff_hsx_symbol_daily_v1,1655fb7747b42a9e6f5c6879c418c39dc5145537d2c34161d6097bad620acca2
2022-04-25,NVL,HOSE,3797990000.0,14434190000.0,-10636200000.0,47900.0,180372.0,-132472.0,0.0,1605760000.0,0.0,20072.0,82200.0,82200.0,79000.0,80100.0,80230.0,HSX_FOREIGN_API,HOSE_SYMBOL_LEVEL,VND,2026-08-25T03:49:45Z,ff_hsx_symbol_daily_v1,0155c5128cc6cd9bd6b3a59ecc3e5cec0fc1e8168116064e31f78dc6a812d27c
2022-04-26,NVL,HOSE,34703420000.0,119900220000.0,-85196800000.0,430400.0,1495000.0,-1064600.0,0.0,3208000000.0,0.0,40100.0,80100.0,82000.0,79200.0,81000.0,80150.0,HSX_FOREIGN_API,HOSE_SYMBOL_LEVEL,VND,2026-08-25T03:49:45Z,ff_hsx_symbol_daily_v1,267a98f2cf10179f28768bf225a275d14bd42ce20f2099d19d15d3081e3641ac
2022-04-27,NVL,HOSE,10047550000.0,44566690000.0,-34519140000.0,124800.0,554300.0,-429500.0,0.0,3240080000.0,0.0,40100.0,81000.0,81300.0,79900.0,81300.0,80480.0,HSX_FOREIGN_API,HOSE_SYMBOL_LEVEL,VND,2026-08-25T03:49:45Z,ff_hsx_symbol_daily_v1,8b09d3c2e40877d7636eddb4891fc9a98e8f0e65fdc2dc000d4b2f7ede4f2487
2022-04-28,NVL,HOSE,397440000.0,13122290000.0,-12724850000.0,4900.0,161700.0,-156800.0,0.0,0.0,0.0,0.0,81300.0,82000.0,80600.0,81700.0,81230.0,HSX_FOREIGN_API,HOSE_SYMBOL_LEVEL,VND,2026-08-25T03:49:45Z,ff_hsx_symbol_daily_v1,a33f98059d82652ad2be79ec493564751a07979cb2a44234ebe313c4b301f2af
2022-04-29,NVL,HOSE,86170790000.0,110179720000.0,-24008930000.0,1105700.0,1401200.0,-295500.0,77500000000.0,77500000000.0,1000000.0,1000000.0,81900.0,82800.0,80800.0,82000.0,82010.0,HSX_FOREIGN_API,HOSE_SYMBOL_LEVEL,VND,2026-08-25T03:49:45Z,ff_hsx_symbol_daily_v1,e66fb1faaea8945de4ac2b95561db14697b1f880272196624ea8777dfe7d5845
2022-05-04,NVL,HOSE,4893950000.0,11401850000.0,-6507900000.0,60800.0,141100.0,-80300.0,0.0,0.0,0.0,0.0,82000.0,82300.0,80000.0,80500.0,80850.0,HSX_FOREIGN_API,HOSE_SYMBOL_LEVEL,VND,2026-08-25T03:49:45Z,ff_hsx_symbol_daily_v1,7a0833719b75bec2726a6284f037968f3e0ac89c97b360e00c904b183bab44f3
2022-05-05,NVL,HOSE,45001760000.0,56805500000.0,-11803740000.0,558600.0,704900.0,-146300.0,40250000000.0,40250000000.0,500000.0,500000.0,81000.0,81700.0,80100.0,81200.0,80830.0,HSX_FOREIGN_API,HOSE_SYMBOL_LEVEL,VND,2026-08-25T03:49:45Z,ff_hsx_symbol_daily_v1,600d5267ca46791b91e4f01e606178e0829feace81221c92df22bbebbb0ec57f
2022-05-06,NVL,HOSE,6229910000.0,48455510000.0,-42225600000.0,77400.0,604400.0,-527000.0,0.0,0.0,0.0,0.0,81000.0,81000.0,79800.0,80800.0,80360.0,HSX_FOREIGN_API,HOSE_SYMBOL_LEVEL,VND,2026-08-25T03:49:45Z,ff_hsx_symbol_daily_v1,0105060694d8ba2b4437ce1de65f801673b2abb42574cdfac067bcdbf37cfa14
2022-05-09,NVL,HOSE,9103270000.0,47638380000.0,-38535110000.0,115000.0,602500.0,-487500.0,0.0,0.0,0.0,0.0,80400.0,80500.0,78200.0,78500.0,79250.0,HSX_FOREIGN_API,HOSE_SYMBOL_LEVEL,VND,2026-08-25T03:49:45Z,ff_hsx_symbol_daily_v1,a4890ec4e664c6f67a6e0560ea8d2d089d82c2360b30a7e1d196b1efd0fda934
2022-05-10,NVL,HOSE,13436640000.0,9635500000.0,3801140000.0,172200.0,124100.0,48100.0,0.0,0.0,0.0,0.0,77000.0,79000.0,76600.0,79000.0,77650.0,HSX_FOREIGN_API,HOSE_SYMBOL_LEVEL,VND,2026-08-25T03:49:45Z,ff_hsx_symbol_daily_v1,53c3fe95c4df2f47c4a7e24e1e204474afb69ee33f99a815634c0963fc734e90
2022-05-11,NVL,HOSE,1660430000.0,22830490000.0,-21170060000.0,21100.0,289300.0,-268200.0,0.0,0.0,0.0,0.0,80100.0,80700.0,78100.0,78700.0,79030.0,HSX_FOREIGN_API,HOSE_SYMBOL_LEVEL,VND,2026-08-25T03:49:45Z,ff_hsx_symbol_daily_v1,6fdc9f78d007dc7454770b912accdf0c52c2afe6e3bf385d6a0924e6168fe28c
2022-05-12,NVL,HOSE,3727900000.0,18190080000.0,-14462180000.0,48600.0,236900.0,-188300.0,0.0,0.0,0.0,0.0,79500.0,80000.0,74700.0,75300.0,76460.0,HSX_FOREIGN_API,HOSE_SYMBOL_LEVEL,VND,2026-08-25T03:49:45Z,ff_hsx_symbol_daily_v1,701768dcf998f051616d8eaf2ed6d633d71f2dc36e3a2b2954dc473f103de858
2022-05-13,NVL,HOSE,37275560000.0,69395600000.0,-32120040000.0,500100.0,927900.0,-427800.0,0.0,0.0,0.0,0.0,75000.0,77300.0,72500.0,75000.0,74900.0,HSX_FOREIGN_API,HOSE_SYMBOL_LEVEL,VND,2026-08-25T03:49:45Z,ff_hsx_symbol_daily_v1,813aa2f44a5667ec4f04278497130a5478a45cf3a5ce80988308b01854fae14b
2022-05-16,NVL,HOSE,30322890000.0,23525580000.0,6797310000.0,404800.0,315200.0,89600.0,0.0,0.0,0.0,0.0,75100.0,75300.0,73600.0,75000.0,74850.0,HSX_FOREIGN_API,HOSE_SYMBOL_LEVEL,VND,2026-08-25T03:49:45Z,ff_hsx_symbol_daily_v1,e72aff4bff44940fbdeca1482ad7ee08320b8e91000670d9e3e217b6c8b3a777
2022-05-17,NVL,HOSE,27815530000.0,19757440000.0,8058090000.0,365500.0,262500.0,103000.0,0.0,0.0,0.0,0.0,75000.0,78300.0,74100.0,78300.0,75090.0,HSX_FOREIGN_API,HOSE_SYMBOL_LEVEL,VND,2026-08-25T03:49:45Z,ff_hsx_symbol_daily_v1,3041824844d29cb8d89e14a792656a8044b564bfc3de193c3885406710fc6738
2022-05-18,NVL,HOSE,25627660000.0,14924610000.0,10703050000.0,331300.0,193900.0,137400.0,0.0,0.0,0.0,0.0,78300.0,78300.0,75000.0,78300.0,76980.0,HSX_FOREIGN_API,HOSE_SYMBOL_LEVEL,VND,2026-08-25T03:49:45Z,ff_hsx_symbol_daily_v1,d45bcd3739b85f10d6bea8ddbe2d4212edecdd5d042503c73b53628505707632
2022-05-19,NVL,HOSE,22005070000.0,16724960000.0,5280110000.0,283100.0,216600.0,66500.0,0.0,0.0,0.0,0.0,76900.0,78300.0,75000.0,78000.0,76890.0,HSX_FOREIGN_API,HOSE_SYMBOL_LEVEL,VND,2026-08-25T03:49:45Z,ff_hsx_symbol_daily_v1,fa9b92add135f6dcac74fe4f8c0dfd83a933962fde66ced459d18a210bb44ccd
2022-05-20,NVL,HOSE,5436390000.0,5858140000.0,-421750000.0,69600.0,75600.0,-6000.0,0.0,0.0,0.0,0.0,77900.0,78500.0,77100.0,77800.0,77800.0,HSX_FOREIGN_API,HOSE_SYMBOL_LEVEL,VND,2026-08-25T03:49:45Z,ff_hsx_symbol_daily_v1,ab30f7ebd98d9756f55da0caa923d46a018e9519d9ea5c3444c8c4c28478fc72
2022-05-23,NVL,HOSE,10747650000.0,43223340000.0,-32475690000.0,140500.0,566200.0,-425700.0,0.0,0.0,0.0,0.0,77500.0,77600.0,76000.0,76400.0,76390.0,HSX_FOREIGN_API,HOSE_SYMBOL_LEVEL,VND,2026-08-25T03:49:45Z,ff_hsx_symbol_daily_v1,b32ab56693dad86860276c71a50ed56d58e59f3f2c59a7a0ce7f38bbb33a3793
2022-05-24,NVL,HOSE,21217390000.0,8712240000.0,12505150000.0,276900.0,114400.0,162500.0,0.0,0.0,0.0,0.0,76400.0,77200.0,75100.0,77200.0,76040.0,HSX_FOREIGN_API,HOSE_SYMBOL_LEVEL,VND,2026-08-25T03:49:45Z,ff_hsx_symbol_daily_v1,d2ebb3921d98ec372358554e87fe511a2228d2d46a6ab5cd6a09d44ffbb44ddc
2022-05-25,NVL,HOSE,6629170000.0,6286330000.0,342840000.0,84600.0,80600.0,4000.0,0.0,0.0,0.0,0.0,78000.0,78900.0,76900.0,78900.0,77920.0,HSX_FOREIGN_API,HOSE_SYMBOL_LEVEL,VND,2026-08-25T03:49:45Z,ff_hsx_symbol_daily_v1,c184c3c1cb150076f612e8c27d7a2e3b6f192bbc4544a2e9060858ba2190d25d
2022-05-26,NVL,HOSE,4024750000.0,26936190000.0,-22911440000.0,51600.0,346800.0,-295200.0,0.0,0.0,0.0,0.0,78500.0,80000.0,77100.0,78000.0,78030.0,HSX_FOREIGN_API,HOSE_SYMBOL_LEVEL,VND,2026-08-25T03:49:45Z,ff_hsx_symbol_daily_v1,acc64832fb0fa74ceea11137f67f653d3661ad95ce8219cc06791713881261f9
2022-05-27,NVL,HOSE,14383330000.0,17258650000.0,-2875320000.0,184100.0,222200.0,-38100.0,0.0,0.0,0.0,0.0,78000.0,79500.0,77300.0,78400.0,78300.0,HSX_FOREIGN_API,HOSE_SYMBOL_LEVEL,VND,2026-08-25T03:49:45Z,ff_hsx_symbol_daily_v1,40640a8ac8b0485af5ad4d51a87932ad3d6e2f174fc41e304a784810bbd9ec27
2022-05-30,NVL,HOSE,15773450000.0,1864960000.0,13908490000.0,202200.0,24000.0,178200.0,0.0,0.0,0.0,0.0,78500.0,78700.0,77100.0,78700.0,77810.0,HSX_FOREIGN_API,HOSE_SYMBOL_LEVEL,VND,2026-08-25T03:49:45Z,ff_hsx_symbol_daily_v1,13684342176742a37d492389b0e30c6ecb5f8150f68afa68a0f9d265a27188b0
2022-05-31,NVL,HOSE,50081690000.0,48337340000.0,1744350000.0,670900.0,648700.0,22200.0,36750000000.0,36750000000.0,500000.0,500000.0,78000.0,78500.0,77700.0,78000.0,77930.0,HSX_FOREIGN_API,HOSE_SYMBOL_LEVEL,VND,2026-08-25T03:49:45Z,ff_hsx_symbol_daily_v1,badd5e2155ccd1e9105041c4e3889445ed4cc56a138368b5c1ceb06305b98183
2022-06-01,NVL,HOSE,18463740000.0,16929360000.0,1534380000.0,237100.0,217900.0,19200.0,0.0,0.0,0.0,0.0,78000.0,78300.0,77400.0,78000.0,77820.0,HSX_FOREIGN_API,HOSE_SYMBOL_LEVEL,VND,2026-08-25T03:49:45Z,ff_hsx_symbol_daily_v1,e14d367e8ac40fea9fcefe07d6bd97efe9d209727ae0bfc29743b2bbc9300b55
2022-06-02,NVL,HOSE,11406810000.0,12139440000.0,-732630000.0,144900.0,153700.0,-8800.0,0.0,0.0,0.0,0.0,78100.0,79900.0,78100.0,78900.0,78810.0,HSX_FOREIGN_API,HOSE_SYMBOL_LEVEL,VND,2026-08-25T03:49:45Z,ff_hsx_symbol_daily_v1,7f302861585b77480fad94243bb094dc7ef604e7be6c3e6f7190aed4bb35ae76
2022-06-03,NVL,HOSE,7730150000.0,21471190000.0,-13741040000.0,99800.0,277700.0,-177900.0,0.0,0.0,0.0,0.0,79000.0,79300.0,76000.0,77500.0,77620.0,HSX_FOREIGN_API,HOSE_SYMBOL_LEVEL,VND,2026-08-25T03:49:45Z,ff_hsx_symbol_daily_v1,549fc0413a2cde275cc747238b06892eff7109044ae522560ade9045daaf4293
2022-06-06,NVL,HOSE,8126080000.0,46428322000.0,-38302242000.0,106500.0,608102.0,-501602.0,0.0,1520152000.0,0.0,20002.0,76100.0,77100.0,75500.0,76300.0,76320.0,HSX_FOREIGN_API,HOSE_SYMBOL_LEVEL,VND,2026-08-25T03:49:45Z,ff_hsx_symbol_daily_v1,bbad00421219589be4f091b3df1c0d5ff7492e501717192e33f9b85e744a1fd7
2022-06-07,NVL,HOSE,8016080000.0,20602150000.0,-12586070000.0,105500.0,271500.0,-166000.0,0.0,0.0,0.0,0.0,76000.0,76500.0,75200.0,76000.0,75710.0,HSX_FOREIGN_API,HOSE_SYMBOL_LEVEL,VND,2026-08-25T03:49:45Z,ff_hsx_symbol_daily_v1,8116dd54dc567a1ed95c2ddce9cde9b7e5ae248a589d3df121acfe1171194214
2022-06-08,NVL,HOSE,5649610000.0,51131090000.0,-45481480000.0,73900.0,669200.0,-595300.0,0.0,5368890000.0,0.0,70300.0,76900.0,77400.0,76000.0,76400.0,76480.0,HSX_FOREIGN_API,HOSE_SYMBOL_LEVEL,VND,2026-08-25T03:49:45Z,ff_hsx_symbol_daily_v1,ca389e91e0176ef93a659bd263566338a031fc98a6dc56a0579bca8258501fbe
2022-06-09,NVL,HOSE,3362830000.0,16441810000.0,-13078980000.0,43800.0,214500.0,-170700.0,0.0,0.0,0.0,0.0,76800.0,77300.0,76200.0,76500.0,76770.0,HSX_FOREIGN_API,HOSE_SYMBOL_LEVEL,VND,2026-08-25T03:49:45Z,ff_hsx_symbol_daily_v1,4acdf76614c559039e20bf98501bc14835628531f00b3f508b11d8fad81e95cc
2022-06-10,NVL,HOSE,713890000.0,2549170000.0,-1835280000.0,9300.0,33200.0,-23900.0,0.0,0.0,0.0,0.0,76900.0,77500.0,76300.0,77000.0,76730.0,HSX_FOREIGN_API,HOSE_SYMBOL_LEVEL,VND,2026-08-25T03:49:45Z,ff_hsx_symbol_daily_v1,fa2d74bdafb7a67d2731410353bd1fcaf85717f2335ad6b5a0228edffd9298fa
2022-06-13,NVL,HOSE,2392780000.0,3754240000.0,-1361460000.0,31400.0,49300.0,-17900.0,0.0,0.0,0.0,0.0,77000.0,77000.0,75900.0,76000.0,76320.0,HSX_FOREIGN_API,HOSE_SYMBOL_LEVEL,VND,2026-08-25T03:49:45Z,ff_hsx_symbol_daily_v1,6641e9fab92b708b03406ded27eb9bb4482ed2ad7178cae7d3bd30932974772b
2022-06-14,NVL,HOSE,7746680000.0,32202470000.0,-24455790000.0,101500.0,421900.0,-320400.0,0.0,0.0,0.0,0.0,76100.0,77000.0,76000.0,76600.0,76320.0,HSX_FOREIGN_API,HOSE_SYMBOL_LEVEL,VND,2026-08-25T03:49:45Z,ff_hsx_symbol_daily_v1,a2911bc4c317a87255b30e517ddae428e480c0e5e83130dd268b477827650687
2022-06-15,NVL,HOSE,6652880000.0,26191010000.0,-19538130000.0,86900.0,342700.0,-255800.0,0.0,0.0,0.0,0.0,76800.0,77000.0,75600.0,76400.0,76420.0,HSX_FOREIGN_API,HOSE_SYMBOL_LEVEL,VND,2026-08-25T03:49:45Z,ff_hsx_symbol_daily_v1,73d06809a3ba2b662ab278dbbf2695cbdfd7724e177bba306cc14341476b8938
2022-06-16,NVL,HOSE,21944100000.0,3644100000.0,18300000000.0,284000.0,47400.0,236600.0,0.0,0.0,0.0,0.0,77000.0,78300.0,76400.0,77500.0,77230.0,HSX_FOREIGN_API,HOSE_SYMBOL_LEVEL,VND,2026-08-25T03:49:45Z,ff_hsx_symbol_daily_v1,1c867637407259f351474089bc2f4ca5b9124687222abc5a0a7ae3777c9c5d25
2022-06-17,NVL,HOSE,17470430000.0,82249520000.0,-64779090000.0,229900.0,1082300.0,-852400.0,0.0,0.0,0.0,0.0,77300.0,78300.0,75700.0,75700.0,76260.0,HSX_FOREIGN_API,HOSE_SYMBOL_LEVEL,VND,2026-08-25T03:49:45Z,ff_hsx_symbol_daily_v1,8ad7eceb2e7076e1b7e86d23cee3020fb8a238956d5fc2c7f8535780462ab9dd
2022-06-20,NVL,HOSE,67454990000.0,57057390000.0,10397600000.0,891300.0,754600.0,136700.0,7595000000.0,7595000000.0,100000.0,100000.0,76900.0,76900.0,75200.0,75500.0,75600.0,HSX_FOREIGN_API,HOSE_SYMBOL_LEVEL,VND,2026-08-25T03:49:45Z,ff_hsx_symbol_daily_v1,943850edd020d72af0a5667e62a85c99e3bd3e7dcdebdc4dc3accd131fca6713
2022-06-21,NVL,HOSE,23742020000.0,15799040000.0,7942980000.0,313200.0,209000.0,104200.0,0.0,0.0,0.0,0.0,76000.0,76300.0,75200.0,75500.0,75730.0,HSX_FOREIGN_API,HOSE_SYMBOL_LEVEL,VND,2026-08-25T03:49:45Z,ff_hsx_symbol_daily_v1,e652070e6df02c715525c06133c3b03b908356baf05d4c292b29b33ff9718755
2022-06-22,NVL,HOSE,1881120000.0,40865650000.0,-38984530000.0,24900.0,542800.0,-517900.0,0.0,0.0,0.0,0.0,76000.0,76100.0,74900.0,75500.0,75410.0,HSX_FOREIGN_API,HOSE_SYMBOL_LEVEL,VND,2026-08-25T03:49:45Z,ff_hsx_symbol_daily_v1,38ba1eceda7abe91359768c7179a88e2b29cbb1bb8a5682639bc072d607c590a
2022-06-23,NVL,HOSE,4710510000.0,40525170000.0,-35814660000.0,63000.0,541200.0,-478200.0,0.0,0.0,0.0,0.0,75000.0,75300.0,74500.0,74900.0,74940.0,HSX_FOREIGN_API,HOSE_SYMBOL_LEVEL,VND,2026-08-25T03:49:45Z,ff_hsx_symbol_daily_v1,269030c069c3c404795c026d467aa7401ad3e206be7979c33746092407a2aff3
2022-06-24,NVL,HOSE,9291150000.0,49896020000.0,-40604870000.0,125500.0,673700.0,-548200.0,0.0,0.0,0.0,0.0,72000.0,75800.0,72000.0,74000.0,73280.0,HSX_FOREIGN_API,HOSE_SYMBOL_LEVEL,VND,2026-08-25T03:49:45Z,ff_hsx_symbol_daily_v1,1479ea6bc7e197906d6d709504f16c5a337e885e2f13c9ae2c94b61b99cfa79a
2022-06-27,NVL,HOSE,8590920000.0,85027470000.0,-76436550000.0,115100.0,1142600.0,-1027500.0,0.0,0.0,0.0,0.0,74500.0,78800.0,73000.0,78800.0,75610.0,HSX_FOREIGN_API,HOSE_SYMBOL_LEVEL,VND,2026-08-25T03:49:45Z,ff_hsx_symbol_daily_v1,66ae186b320c008113a495983f396746c34ffb5440025692c6fefa27f4b1ec24
2022-06-28,NVL,HOSE,54232900000.0,107441610000.0,-53208710000.0,719100.0,1429800.0,-710700.0,0.0,0.0,0.0,0.0,77500.0,77500.0,74600.0,75100.0,75440.0,HSX_FOREIGN_API,HOSE_SYMBOL_LEVEL,VND,2026-08-25T03:49:45Z,ff_hsx_symbol_daily_v1,453a24b059647839a558ffae28ce6f391f179189e19208278552e1971b7f2ba3
2022-06-29,NVL,HOSE,42257849008.0,75988329008.0,-33730480000.0,560208.0,1007308.0,-447100.0,19622259008.0,46056359008.0,259808.0,609808.0,75300.0,76100.0,74700.0,75100.0,75530.0,HSX_FOREIGN_API,HOSE_SYMBOL_LEVEL,VND,2026-08-25T03:49:45Z,ff_hsx_symbol_daily_v1,09fd6d921e9421f173147dec89de0ba8981cdac184363992320b02fd1d6fd56b
2022-06-30,NVL,HOSE,1644180000.0,24902100000.0,-23257920000.0,22000.0,332500.0,-310500.0,0.0,0.0,0.0,0.0,76000.0,76000.0,74400.0,74500.0,74810.0,HSX_FOREIGN_API,HOSE_SYMBOL_LEVEL,VND,2026-08-25T03:49:45Z,ff_hsx_symbol_daily_v1,f5183c2a465cbe5aafdedb0c47b7c5f2fbc8252af788b9b74775331fa621bb89
2022-07-01,NVL,HOSE,16680870000.0,21440920000.0,-4760050000.0,224700.0,289100.0,-64400.0,0.0,0.0,0.0,0.0,74900.0,74900.0,73800.0,74400.0,74210.0,HSX_FOREIGN_API,HOSE_SYMBOL_LEVEL,VND,2026-08-25T03:49:45Z,ff_hsx_symbol_daily_v1,3b0df147162817e5a5df9a7d07cf85f04bdb85cc5598f6e8be329e6a0f854b27
2022-07-04,NVL,HOSE,35835380000.0,64888030000.0,-29052650000.0,484400.0,878100.0,-393700.0,0.0,0.0,0.0,0.0,74500.0,75000.0,73400.0,74000.0,74050.0,HSX_FOREIGN_API,HOSE_SYMBOL_LEVEL,VND,2026-08-25T03:49:45Z,ff_hsx_symbol_daily_v1,e0ccde79f768ac7d681076667e27d190ad25ce86a8a4b20aa6de7acb6e8aaee1
2022-07-05,NVL,HOSE,2936570000.0,25913180000.0,-22976610000.0,39800.0,352800.0,-313000.0,0.0,0.0,0.0,0.0,74100.0,74800.0,73100.0,73500.0,73460.0,HSX_FOREIGN_API,HOSE_SYMBOL_LEVEL,VND,2026-08-25T03:49:45Z,ff_hsx_symbol_daily_v1,70b7723ce34ff890acbdb7f4dcb502132751c2c81156ac8aea1c3ef791da3a8b
2022-07-06,NVL,HOSE,7753500000.0,675410000.0,7078090000.0,105600.0,9200.0,96400.0,0.0,0.0,0.0,0.0,74000.0,74000.0,73100.0,73400.0,73430.0,HSX_FOREIGN_API,HOSE_SYMBOL_LEVEL,VND,2026-08-25T03:49:45Z,ff_hsx_symbol_daily_v1,05fcb67b5fef355ed11a4c670f7f7f58941cff05c01786f52a88f594d1a1046e
2022-07-07,NVL,HOSE,11067480000.0,2506380000.0,8561100000.0,149600.0,34200.0,115400.0,0.0,0.0,0.0,0.0,73200.0,74000.0,73100.0,74000.0,73480.0,HSX_FOREIGN_API,HOSE_SYMBOL_LEVEL,VND,2026-08-25T03:49:45Z,ff_hsx_symbol_daily_v1,c7e5dd9993fb4a89e07b47b1fd24f532bb218df760c4d46f7e51ec47db9a8b34
2022-07-08,NVL,HOSE,3748080000.0,4952030000.0,-1203950000.0,50800.0,67200.0,-16400.0,0.0,0.0,0.0,0.0,74000.0,74900.0,73200.0,73800.0,73710.0,HSX_FOREIGN_API,HOSE_SYMBOL_LEVEL,VND,2026-08-25T03:49:45Z,ff_hsx_symbol_daily_v1,34762268b3fb0c44006ce81311207c9c844df6cbc1f87fc64959abb3f947c6c7
2022-07-11,NVL,HOSE,1961680000.0,953020000.0,1008660000.0,26700.0,13000.0,13700.0,0.0,0.0,0.0,0.0,73800.0,73800.0,73200.0,73400.0,73480.0,HSX_FOREIGN_API,HOSE_SYMBOL_LEVEL,VND,2026-08-25T03:49:45Z,ff_hsx_symbol_daily_v1,dcc353e18d83b46ca3aefaaf477fa4d1c5d629a250b80bce1f180b4e908eedfb
2022-07-12,NVL,HOSE,1113670000.0,16951390000.0,-15837720000.0,15200.0,231400.0,-216200.0,0.0,0.0,0.0,0.0,73300.0,73700.0,72900.0,73400.0,73210.0,HSX_FOREIGN_API,HOSE_SYMBOL_LEVEL,VND,2026-08-25T03:49:45Z,ff_hsx_symbol_daily_v1,c00e6bf6dcffe82e58c4de254267e16652c710488489223fb4af4600836ab538
2022-07-13,NVL,HOSE,368000000.0,22353320000.0,-21985320000.0,5000.0,304500.0,-299500.0,0.0,0.0,0.0,0.0,73200.0,73900.0,72900.0,73600.0,73330.0,HSX_FOREIGN_API,HOSE_SYMBOL_LEVEL,VND,2026-08-25T03:49:45Z,ff_hsx_symbol_daily_v1,576538eea2a9059e01bacc47281ce52c6fa2fd55c9ed4346269ad61a3e5cc663
2022-07-14,NVL,HOSE,3108820000.0,44100000.0,3064720000.0,42200.0,600.0,41600.0,0.0,0.0,0.0,0.0,73600.0,73700.0,73000.0,73700.0,73350.0,HSX_FOREIGN_API,HOSE_SYMBOL_LEVEL,VND,2026-08-25T03:49:45Z,ff_hsx_symbol_daily_v1,3e7e0fa2456325ca3fa2186698614a068fb2d5c57bc15cdbe2b0eb2fd6f1efeb
2022-07-15,NVL,HOSE,29420000.0,17038140000.0,-17008720000.0,400.0,232400.0,-232000.0,0.0,0.0,0.0,0.0,74000.0,74000.0,72800.0,73600.0,73430.0,HSX_FOREIGN_API,HOSE_SYMBOL_LEVEL,VND,2026-08-25T03:49:45Z,ff_hsx_symbol_daily_v1,fd04a90a5670375bee08449c0d7e5e217b5092cfbc4ffaa2125593d88cf6a7b0
2022-07-18,NVL,HOSE,7330000.0,15131760000.0,-15124430000.0,100.0,205800.0,-205700.0,0.0,0.0,0.0,0.0,73800.0,73800.0,73100.0,73600.0,73370.0,HSX_FOREIGN_API,HOSE_SYMBOL_LEVEL,VND,2026-08-25T03:49:45Z,ff_hsx_symbol_daily_v1,fad6b586e6104b243705f7217276fdffb56b4b3d7edf4f248929e94b33e8c48d
2022-07-19,NVL,HOSE,4558550000.0,23505320000.0,-18946770000.0,61900.0,319600.0,-257700.0,0.0,0.0,0.0,0.0,74000.0,74700.0,73200.0,73600.0,73990.0,HSX_FOREIGN_API,HOSE_SYMBOL_LEVEL,VND,2026-08-25T03:49:45Z,ff_hsx_symbol_daily_v1,a358cc8530f26078a6d944c06a1bcccfb2e0a531426c8e56e9f388ca4f2dca4a
2022-07-20,NVL,HOSE,3913900000.0,433700000.0,3480200000.0,53000.0,5900.0,47100.0,0.0,0.0,0.0,0.0,73800.0,74000.0,73100.0,73900.0,73640.0,HSX_FOREIGN_API,HOSE_SYMBOL_LEVEL,VND,2026-08-25T03:49:45Z,ff_hsx_symbol_daily_v1,b1f7ba215e8500effac4de36c298b760b55993b3c4147b8f1010c9d5c5b0c35d
2022-07-21,NVL,HOSE,3123740000.0,6008220000.0,-2884480000.0,42100.0,81200.0,-39100.0,0.0,0.0,0.0,0.0,74400.0,74700.0,73400.0,74200.0,74200.0,HSX_FOREIGN_API,HOSE_SYMBOL_LEVEL,VND,2026-08-25T03:49:45Z,ff_hsx_symbol_daily_v1,9175bfc096af94513db7b442f00ae0bc5e9d0188e44e00d1c92157a63b6a30e4
2022-07-22,NVL,HOSE,1877060000.0,869540000.0,1007520000.0,25400.0,11800.0,13600.0,0.0,0.0,0.0,0.0,74500.0,74500.0,73400.0,73900.0,73890.0,HSX_FOREIGN_API,HOSE_SYMBOL_LEVEL,VND,2026-08-25T03:49:45Z,ff_hsx_symbol_daily_v1,e171cc18f70cf6a713056df434f8a4095b5eddfd0d21d7f138667a31cb015ea1
2022-07-25,NVL,HOSE,7728820000.0,4626720000.0,3102100000.0,105000.0,63000.0,42000.0,0.0,0.0,0.0,0.0,73300.0,74300.0,73300.0,73700.0,73470.0,HSX_FOREIGN_API,HOSE_SYMBOL_LEVEL,VND,2026-08-25T03:49:45Z,ff_hsx_symbol_daily_v1,9cb5ccbe9639da500e0bf091a9a27b2e2a864d9158dc5d1b377d71a75e5ac6b9
2022-07-26,NVL,HOSE,906090000.0,1216370000.0,-310280000.0,12300.0,16500.0,-4200.0,0.0,0.0,0.0,0.0,73200.0,73900.0,73200.0,73900.0,73680.0,HSX_FOREIGN_API,HOSE_SYMBOL_LEVEL,VND,2026-08-25T03:49:45Z,ff_hsx_symbol_daily_v1,6e48ed1203a46a50cddd8293f63e9db7962e45a975ffe462fd622b8ee682d099
2022-07-27,NVL,HOSE,1444920000.0,221100000.0,1223820000.0,19600.0,3000.0,16600.0,0.0,0.0,0.0,0.0,74400.0,74500.0,73300.0,73700.0,73770.0,HSX_FOREIGN_API,HOSE_SYMBOL_LEVEL,VND,2026-08-25T03:49:45Z,ff_hsx_symbol_daily_v1,b08977b5b7b33b7e764e0642328a052b56e5310bab8b76ee9e562a5407ffe1ff
2022-07-28,NVL,HOSE,11640330000.0,8873960000.0,2766370000.0,157600.0,120400.0,37200.0,0.0,0.0,0.0,0.0,73900.0,74000.0,73500.0,74000.0,73740.0,HSX_FOREIGN_API,HOSE_SYMBOL_LEVEL,VND,2026-08-25T03:49:45Z,ff_hsx_symbol_daily_v1,a61a028142379a52f9c8802b5b37643ed30d93220037025105b623d8c33e2167
2022-07-29,NVL,HOSE,5113250000.0,319988090000.0,-314874840000.0,69000.0,4050900.0,-3981900.0,0.0,313742240000.0,0.0,3966400.0,74000.0,74500.0,73500.0,74500.0,74030.0,HSX_FOREIGN_API,HOSE_SYMBOL_LEVEL,VND,2026-08-25T03:49:45Z,ff_hsx_symbol_daily_v1,73aa134e18f64159ccaedcac7ed3c404d2e3d6f492a04e4ffc81ae64efcb45a0
2022-08-01,NVL,HOSE,6545330000.0,2537930000.0,4007400000.0,87700.0,34200.0,53500.0,0.0,0.0,0.0,0.0,74000.0,74700.0,74000.0,74700.0,74230.0,HSX_FOREIGN_API,HOSE_SYMBOL_LEVEL,VND,2026-08-25T03:49:45Z,ff_hsx_symbol_daily_v1,8508f210ccbdebc2dd931f83088d49d60ea688a8f633b95c689863b31939626b
2022-08-02,NVL,HOSE,18551670000.0,350040000.0,18201630000.0,246300.0,4700.0,241600.0,0.0,0.0,0.0,0.0,74700.0,75700.0,74000.0,75700.0,74600.0,HSX_FOREIGN_API,HOSE_SYMBOL_LEVEL,VND,2026-08-25T03:49:45Z,ff_hsx_symbol_daily_v1,6f4398fa11aeb7d3932250bdd49d815b97a016e3cfd3d7a470c777f9feefa832
2022-08-03,NVL,HOSE,15966490000.0,30466460000.0,-14499970000.0,209900.0,401300.0,-191400.0,0.0,0.0,0.0,0.0,75000.0,76400.0,75000.0,76200.0,75700.0,HSX_FOREIGN_API,HOSE_SYMBOL_LEVEL,VND,2026-08-25T03:49:45Z,ff_hsx_symbol_daily_v1,0b410e355061d1bb8373e45eac19ceede0343506166b1de434c149ec981e9367
2022-08-04,NVL,HOSE,66744880000.0,36742420000.0,30002460000.0,858100.0,471900.0,386200.0,0.0,0.0,0.0,0.0,76300.0,78500.0,76000.0,78500.0,77850.0,HSX_FOREIGN_API,HOSE_SYMBOL_LEVEL,VND,2026-08-25T03:49:45Z,ff_hsx_symbol_daily_v1,0829d06f07a4987e184f00653970fed507a1ca9862ca8ff8c592676a5c58a412
2022-08-05,NVL,HOSE,55114010000.0,9407420000.0,45706590000.0,682300.0,116700.0,565600.0,0.0,0.0,0.0,0.0,78500.0,82400.0,78400.0,80900.0,80530.0,HSX_FOREIGN_API,HOSE_SYMBOL_LEVEL,VND,2026-08-25T03:49:45Z,ff_hsx_symbol_daily_v1,7b532dee67df2fe77eb0977365723f0cf1ba44cc4f1e4c8a7167a12f37edeb0f
2022-08-08,NVL,HOSE,31528280000.0,3273250000.0,28255030000.0,391700.0,40400.0,351300.0,0.0,0.0,0.0,0.0,78100.0,82000.0,78100.0,81800.0,80960.0,HSX_FOREIGN_API,HOSE_SYMBOL_LEVEL,VND,2026-08-25T03:49:45Z,ff_hsx_symbol_daily_v1,9e513f053fadbce30ddfd9b79c76b09c12a44505c98c7187c24870782665eef9
2022-08-09,NVL,HOSE,3130510000.0,7057560000.0,-3927050000.0,38100.0,85100.0,-47000.0,0.0,0.0,0.0,0.0,82000.0,83600.0,81000.0,83300.0,82580.0,HSX_FOREIGN_API,HOSE_SYMBOL_LEVEL,VND,2026-08-25T03:49:45Z,ff_hsx_symbol_daily_v1,c28577aa5766c177ce33c6b53aa0f65b84dbe620870d3b1bd7be5c62264771b3
2022-08-10,NVL,HOSE,10838810000.0,6342900000.0,4495910000.0,130800.0,76500.0,54300.0,0.0,0.0,0.0,0.0,83300.0,84000.0,82300.0,83200.0,83070.0,HSX_FOREIGN_API,HOSE_SYMBOL_LEVEL,VND,2026-08-25T03:49:45Z,ff_hsx_symbol_daily_v1,5b743209a36ee4ff1dad7e4340e2ec8a366cd12e6cb17f299d41f7dc2c583a50
2022-08-11,NVL,HOSE,16719030000.0,15678230000.0,1040800000.0,201800.0,189500.0,12300.0,0.0,0.0,0.0,0.0,84000.0,84200.0,81100.0,81300.0,82980.0,HSX_FOREIGN_API,HOSE_SYMBOL_LEVEL,VND,2026-08-25T03:49:45Z,ff_hsx_symbol_daily_v1,7ac923bc67d19c5e1cf3ae9a45d9797bdd9677fe726e7d4a5a7706e66c2c1f64
2022-08-12,NVL,HOSE,19052450000.0,2860450000.0,16192000000.0,234800.0,35300.0,199500.0,0.0,0.0,0.0,0.0,81100.0,82000.0,78700.0,81500.0,80920.0,HSX_FOREIGN_API,HOSE_SYMBOL_LEVEL,VND,2026-08-25T03:49:45Z,ff_hsx_symbol_daily_v1,c5f5358a5e6b4e0b4907b2753464d41d1513720f071ebf3ba9e02a3a4a567b0a
2022-08-15,NVL,HOSE,70223630000.0,34893330000.0,35330300000.0,859300.0,427700.0,431600.0,57273200000.0,24540000000.0,700000.0,300000.0,82000.0,82000.0,79000.0,81800.0,81030.0,HSX_FOREIGN_API,HOSE_SYMBOL_LEVEL,VND,2026-08-25T03:49:45Z,ff_hsx_symbol_daily_v1,9ebb1aed89461feedd3c34c797f1fa195866ef8d09eb359506d44c5c2f4d1613
2022-08-16,NVL,HOSE,27896080000.0,1068760000.0,26827320000.0,339700.0,13100.0,326600.0,16412000000.0,0.0,200000.0,0.0,81500.0,83000.0,80600.0,83000.0,81950.0,HSX_FOREIGN_API,HOSE_SYMBOL_LEVEL,VND,2026-08-25T03:49:45Z,ff_hsx_symbol_daily_v1,db6bc3ef8672d9fa4ed57bcb45ee497d742005b4457a1cd9799e870d95e8dfff
2022-08-17,NVL,HOSE,21099390000.0,10446210000.0,10653180000.0,252400.0,125600.0,126800.0,0.0,0.0,0.0,0.0,83000.0,84900.0,82600.0,84400.0,83720.0,HSX_FOREIGN_API,HOSE_SYMBOL_LEVEL,VND,2026-08-25T03:49:45Z,ff_hsx_symbol_daily_v1,2e71d2a50166d53c4041a88af9673238a52dd3648cb7381c87cf64f3ed2e9342
2022-08-18,NVL,HOSE,17758970000.0,25543840000.0,-7784870000.0,212000.0,304600.0,-92600.0,0.0,0.0,0.0,0.0,84700.0,85400.0,83000.0,83100.0,84300.0,HSX_FOREIGN_API,HOSE_SYMBOL_LEVEL,VND,2026-08-25T03:49:45Z,ff_hsx_symbol_daily_v1,2a3b1f24fa9d4fddd6c8eba56de19980e0c10fc2c8e093637a1600eb485f6835
2022-08-19,NVL,HOSE,42579420000.0,3561120000.0,39018300000.0,514700.0,43100.0,471600.0,33127600000.0,0.0,400000.0,0.0,83100.0,84000.0,82300.0,82300.0,83330.0,HSX_FOREIGN_API,HOSE_SYMBOL_LEVEL,VND,2026-08-25T03:49:45Z,ff_hsx_symbol_daily_v1,2ec5b9418b1f6920601c4b4a6ff5aa46805f1206c9291c46734129af75e1c906
2022-08-22,NVL,HOSE,26462380000.0,2029410000.0,24432970000.0,323200.0,24800.0,298400.0,0.0,0.0,0.0,0.0,82000.0,82800.0,80500.0,81800.0,81840.0,HSX_FOREIGN_API,HOSE_SYMBOL_LEVEL,VND,2026-08-25T03:49:45Z,ff_hsx_symbol_daily_v1,6ee08bb252c4c390b3e596337cc7a5ceb5620faa2454877edfb6afa44ef818a4
2022-08-23,NVL,HOSE,13220190000.0,17784670000.0,-4564480000.0,162600.0,218200.0,-55600.0,0.0,0.0,0.0,0.0,80600.0,82500.0,80500.0,82000.0,81490.0,HSX_FOREIGN_API,HOSE_SYMBOL_LEVEL,VND,2026-08-25T03:49:45Z,ff_hsx_symbol_daily_v1,825951690d9308c9c1b6d0fe1e0d12d0fc310e4f36653dbf6925752092d16374
2022-08-24,NVL,HOSE,2231240000.0,11145170000.0,-8913930000.0,27100.0,135400.0,-108300.0,0.0,0.0,0.0,0.0,82700.0,82900.0,81800.0,82900.0,82270.0,HSX_FOREIGN_API,HOSE_SYMBOL_LEVEL,VND,2026-08-25T03:49:45Z,ff_hsx_symbol_daily_v1,d78fce064680d74b879c74d526f42053e5fe826ece8492f138dbb399dbab5cc7
2022-08-25,NVL,HOSE,9223200000.0,52721310000.0,-43498110000.0,110500.0,629600.0,-519100.0,0.0,0.0,0.0,0.0,83400.0,84900.0,82900.0,83600.0,83910.0,HSX_FOREIGN_API,HOSE_SYMBOL_LEVEL,VND,2026-08-25T03:49:45Z,ff_hsx_symbol_daily_v1,4d409fd74e70cebe7512f48b5019987c9b045dbcfb02e6b5df604251430dc34e
2022-08-26,NVL,HOSE,3923400000.0,10623210000.0,-6699810000.0,47100.0,127200.0,-80100.0,0.0,0.0,0.0,0.0,83800.0,84800.0,82700.0,83300.0,83600.0,HSX_FOREIGN_API,HOSE_SYMBOL_LEVEL,VND,2026-08-25T03:49:45Z,ff_hsx_symbol_daily_v1,782e6aacaa132ac3661ce82b9be923c9315dc2c762a6ca56deff89d83cb04af3
2022-08-29,NVL,HOSE,1926100000.0,11165760000.0,-9239660000.0,23500.0,136400.0,-112900.0,0.0,0.0,0.0,0.0,82100.0,82900.0,81500.0,82100.0,81950.0,HSX_FOREIGN_API,HOSE_SYMBOL_LEVEL,VND,2026-08-25T03:49:45Z,ff_hsx_symbol_daily_v1,da91ae0ea57dcfbad393eda4b545b4a177230f110101caa3f9a2fd31f73ae5cb
2022-08-30,NVL,HOSE,4614400000.0,7250950000.0,-2636550000.0,56400.0,88500.0,-32100.0,0.0,0.0,0.0,0.0,82100.0,82700.0,81000.0,82200.0,81830.0,HSX_FOREIGN_API,HOSE_SYMBOL_LEVEL,VND,2026-08-25T03:49:45Z,ff_hsx_symbol_daily_v1,26a1706c7e63e39b9c0eeb2e6a71658f8f5efe079894ac9e6d39c49122bee433
2022-08-31,NVL,HOSE,4048930000.0,107717470000.0,-103668540000.0,49200.0,1230300.0,-1181100.0,0.0,101647560000.0,0.0,1156400.0,82300.0,82900.0,81200.0,81900.0,82190.0,HSX_FOREIGN_API,HOSE_SYMBOL_LEVEL,VND,2026-08-25T03:49:45Z,ff_hsx_symbol_daily_v1,618fd89b05240868e9f6448e0e6be33f471191afbb48f5690521ee083b34d1a9
2022-09-05,NVL,HOSE,45191220000.0,287365140000.0,-242173920000.0,553000.0,3314400.0,-2761400.0,36775800000.0,282923040000.0,450000.0,3259900.0,81100.0,82400.0,80800.0,81500.0,81510.0,HSX_FOREIGN_API,HOSE_SYMBOL_LEVEL,VND,2026-08-25T03:49:45Z,ff_hsx_symbol_daily_v1,9703062d2f98ae6464808f2fe9f805b44cb971bef9e7709d32c462e94c68b122
2022-09-06,NVL,HOSE,43925170000.0,38063010000.0,5862160000.0,537300.0,465100.0,72200.0,34371960000.0,34371960000.0,420000.0,420000.0,81000.0,82400.0,80800.0,82100.0,81620.0,HSX_FOREIGN_API,HOSE_SYMBOL_LEVEL,VND,2026-08-25T03:49:45Z,ff_hsx_symbol_daily_v1,53428bacd074966e0f5c9883feb227ce32849897e6c285193f6830ecae9c881d
2022-09-07,NVL,HOSE,40278840000.0,44899660000.0,-4620820000.0,486700.0,542600.0,-55900.0,28714250000.0,28714250000.0,347000.0,347000.0,82500.0,83900.0,81700.0,83800.0,82900.0,HSX_FOREIGN_API,HOSE_SYMBOL_LEVEL,VND,2026-08-25T03:49:45Z,ff_hsx_symbol_daily_v1,60a052ff657ad46485debd8fcd8fb6468e9db1fbe0ce7317264a1b84cdfabf02
2022-09-08,NVL,HOSE,10012770000.0,1829020000.0,8183750000.0,118600.0,21600.0,97000.0,0.0,0.0,0.0,0.0,83800.0,86100.0,83000.0,85000.0,84830.0,HSX_FOREIGN_API,HOSE_SYMBOL_LEVEL,VND,2026-08-25T03:49:45Z,ff_hsx_symbol_daily_v1,ba64899511832eb8b85dbb0017dde9391a98af0eeea2d0740a873304299a1673
2022-09-09,NVL,HOSE,7576690000.0,12584810000.0,-5008120000.0,89600.0,148900.0,-59300.0,0.0,0.0,0.0,0.0,85200.0,85300.0,83600.0,84700.0,84530.0,HSX_FOREIGN_API,HOSE_SYMBOL_LEVEL,VND,2026-08-25T03:49:45Z,ff_hsx_symbol_daily_v1,8c1cf0bef5601956e63cc7a5715a8387d6148a97b5ca8c5b576f21ed63c89d5f
2022-09-12,NVL,HOSE,1555200000.0,1627939700.0,-72739700.0,18450.0,19343.0,-893.0,0.0,0.0,0.0,0.0,84900.0,84900.0,83700.0,83900.0,84230.0,HSX_FOREIGN_API,HOSE_SYMBOL_LEVEL,VND,2026-08-25T03:49:45Z,ff_hsx_symbol_daily_v1,5ee4832cf1267d75f81d5823675bf2002f6b93c537ff7a88d04a26bb5bf82089
2022-09-13,NVL,HOSE,9401939800.0,30291832100.0,-20889892300.0,112450.0,362746.0,-250296.0,0.0,0.0,0.0,0.0,84000.0,84000.0,82900.0,83500.0,83520.0,HSX_FOREIGN_API,HOSE_SYMBOL_LEVEL,VND,2026-08-25T03:49:45Z,ff_hsx_symbol_daily_v1,3aab0ed3257aba15d646e308cc953655c2bdec850854867d5ddab49e0ca8c399
2022-09-14,NVL,HOSE,4565980000.0,39856677000.0,-35290697000.0,54900.0,479545.0,-424645.0,0.0,0.0,0.0,0.0,83000.0,83900.0,82000.0,83500.0,82780.0,HSX_FOREIGN_API,HOSE_SYMBOL_LEVEL,VND,2026-08-25T03:49:45Z,ff_hsx_symbol_daily_v1,051fa9b1e7f24759e7d4fa9380bace669185fdff4443b537eb95dc1360b0c836
2022-09-15,NVL,HOSE,11432600000.0,21949304100.0,-10516704100.0,134700.0,259201.0,-124501.0,0.0,0.0,0.0,0.0,83500.0,85500.0,83500.0,85300.0,84840.0,HSX_FOREIGN_API,HOSE_SYMBOL_LEVEL,VND,2026-08-25T03:49:45Z,ff_hsx_symbol_daily_v1,4b1b6cca6c1e5f051916d9eb0646c092871762253d8e88f249b12428c3908e49
2022-09-16,NVL,HOSE,66515108800.0,28261568000.0,38253540800.0,770228.0,331564.0,438664.0,0.0,0.0,0.0,0.0,85500.0,86400.0,84100.0,86400.0,85590.0,HSX_FOREIGN_API,HOSE_SYMBOL_LEVEL,VND,2026-08-25T03:49:45Z,ff_hsx_symbol_daily_v1,29a1575dad11ccdfa0dbd7a16906e7afdd24180497e901e8cd91b331999914bf
2022-09-19,NVL,HOSE,17760080000.0,23386483700.0,-5626403700.0,207900.0,272587.0,-64687.0,0.0,0.0,0.0,0.0,86700.0,86800.0,84800.0,85000.0,85830.0,HSX_FOREIGN_API,HOSE_SYMBOL_LEVEL,VND,2026-08-25T03:49:45Z,ff_hsx_symbol_daily_v1,e59105b3d344d47a7c45ffaafcbb640b555e54a209ba7cc2db26fc6985921242
2022-09-20,NVL,HOSE,12071780000.0,998150000.0,11073630000.0,142800.0,11800.0,131000.0,0.0,0.0,0.0,0.0,85000.0,85000.0,84000.0,84600.0,84440.0,HSX_FOREIGN_API,HOSE_SYMBOL_LEVEL,VND,2026-08-25T03:49:45Z,ff_hsx_symbol_daily_v1,c29836a44a85d8bf561b2ab5ddcfec06f47b49556212cd9a214bf1dd57698802
2022-09-21,NVL,HOSE,5887863800.0,3711045200.0,2176818600.0,69918.0,44086.0,25832.0,0.0,0.0,0.0,0.0,84700.0,84700.0,84000.0,84600.0,84250.0,HSX_FOREIGN_API,HOSE_SYMBOL_LEVEL,VND,2026-08-25T03:49:45Z,ff_hsx_symbol_daily_v1,7b9b5204a329a80f6ab8e6c651a9c53bdc12947893b1d523545b29cc9cf0b167
2022-09-22,NVL,HOSE,9876860000.0,41623357800.0,-31746497800.0,117300.0,495831.0,-378531.0,0.0,0.0,0.0,0.0,84000.0,84600.0,83200.0,84600.0,83830.0,HSX_FOREIGN_API,HOSE_SYMBOL_LEVEL,VND,2026-08-25T03:49:45Z,ff_hsx_symbol_daily_v1,3116d8d5d62c8a3c87ef9c72e64b3bc9ca59cf6ea744e2c10264dd256c837674
2022-09-23,NVL,HOSE,4864860000.0,9715270000.0,-4850410000.0,57400.0,115000.0,-57600.0,0.0,0.0,0.0,0.0,84600.0,85200.0,83800.0,84500.0,84490.0,HSX_FOREIGN_API,HOSE_SYMBOL_LEVEL,VND,2026-08-25T03:49:45Z,ff_hsx_symbol_daily_v1,a57fcfce41d0618de8a1dbc40f1a4ab06dd746b3d87b996ef803164fe602ee57
2022-09-26,NVL,HOSE,14058790000.0,14487142700.0,-428352700.0,166900.0,172017.0,-5117.0,0.0,0.0,0.0,0.0,84500.0,84500.0,83800.0,84500.0,84210.0,HSX_FOREIGN_API,HOSE_SYMBOL_LEVEL,VND,2026-08-25T03:49:45Z,ff_hsx_symbol_daily_v1,f11f5587efaae7cdadbfa65df2769043a33e162f762637e4b33d94261ead7b09
2022-09-27,NVL,HOSE,4721190000.0,3748465900.0,972724100.0,55900.0,44445.0,11455.0,0.0,0.0,0.0,0.0,84600.0,84900.0,84000.0,84500.0,84410.0,HSX_FOREIGN_API,HOSE_SYMBOL_LEVEL,VND,2026-08-25T03:49:45Z,ff_hsx_symbol_daily_v1,56dfe586a782d0a976d8568b6c36f9ecf065fb9f2181a0e9e484a60f415f0b83
2022-09-28,NVL,HOSE,3802350000.0,40266911700.0,-36464561700.0,45100.0,478707.0,-433607.0,0.0,0.0,0.0,0.0,84500.0,84800.0,83000.0,84200.0,84240.0,HSX_FOREIGN_API,HOSE_SYMBOL_LEVEL,VND,2026-08-25T03:49:45Z,ff_hsx_symbol_daily_v1,4eec31b03b4c285595b487b03817bcb0e3930e712f42e18c85131089f5c3dc7c
2022-09-29,NVL,HOSE,9875970000.0,38923400000.0,-29047430000.0,117000.0,461800.0,-344800.0,0.0,0.0,0.0,0.0,85000.0,85400.0,83900.0,84800.0,84540.0,HSX_FOREIGN_API,HOSE_SYMBOL_LEVEL,VND,2026-08-25T03:49:45Z,ff_hsx_symbol_daily_v1,0f48a4589617a301231518db7a90ecc6849b48ecb425468115803358a2613411
2022-09-30,NVL,HOSE,25970510000.0,158306950000.0,-132336440000.0,306800.0,1963560.0,-1656760.0,0.0,108653440000.0,0.0,1375360.0,84900.0,85500.0,83900.0,84900.0,84860.0,HSX_FOREIGN_API,HOSE_SYMBOL_LEVEL,VND,2026-08-25T03:49:45Z,ff_hsx_symbol_daily_v1,ac1f83202551f65660cc981b8caab0cfc45fed6111e3b6687d675bb95270a178
2022-10-03,NVL,HOSE,14329559100.0,43481964000.0,-29152404900.0,172786.0,526290.0,-353504.0,0.0,0.0,0.0,0.0,84000.0,85000.0,81000.0,82000.0,83100.0,HSX_FOREIGN_API,HOSE_SYMBOL_LEVEL,VND,2026-08-25T03:49:45Z,ff_hsx_symbol_daily_v1,20019de3ebe025551496426632d4f8cc151b64a0042f0d7c4e62d2efb0d0b3f4
2022-10-04,NVL,HOSE,25579580000.0,32957823900.0,-7378243900.0,311800.0,402910.0,-91110.0,0.0,0.0,0.0,0.0,82300.0,82900.0,81000.0,82000.0,82100.0,HSX_FOREIGN_API,HOSE_SYMBOL_LEVEL,VND,2026-08-25T03:49:45Z,ff_hsx_symbol_daily_v1,9ea70c7acf774f30a4554cbc67b463f6fa91ac9a7d04370ef7b7b58ce685b100
2022-10-05,NVL,HOSE,30656400000.0,62282350000.0,-31625950000.0,373500.0,759300.0,-385800.0,0.0,0.0,0.0,0.0,82000.0,82600.0,81300.0,82000.0,82080.0,HSX_FOREIGN_API,HOSE_SYMBOL_LEVEL,VND,2026-08-25T03:49:45Z,ff_hsx_symbol_daily_v1,99d4dee72981cc02f6e640a2be88a056a93023ade043c00de0117764c94d3f02
2022-10-06,NVL,HOSE,5689510000.0,43562888200.0,-37873378200.0,70700.0,541291.0,-470591.0,0.0,0.0,0.0,0.0,82000.0,82900.0,80100.0,80200.0,80710.0,HSX_FOREIGN_API,HOSE_SYMBOL_LEVEL,VND,2026-08-25T03:49:45Z,ff_hsx_symbol_daily_v1,c628bee5296d36d88ca52a182a5d58758597ea9319c39a68324dd147d86feef7
2022-10-07,NVL,HOSE,61776290000.0,85002360000.0,-23226070000.0,784000.0,1085100.0,-301100.0,0.0,0.0,0.0,0.0,80100.0,80200.0,77400.0,79000.0,78680.0,HSX_FOREIGN_API,HOSE_SYMBOL_LEVEL,VND,2026-08-25T03:49:45Z,ff_hsx_symbol_daily_v1,2a750f8d6bfb5b0c3dd4df8618a58892960fc7ad6c920f734140d2f620840ed9
2022-10-10,NVL,HOSE,133827490000.0,17433020000.0,116394470000.0,1658300.0,230020.0,1428280.0,110382750000.0,0.0,1350000.0,0.0,75400.0,78000.0,74900.0,76400.0,76030.0,HSX_FOREIGN_API,HOSE_SYMBOL_LEVEL,VND,2026-08-25T03:49:45Z,ff_hsx_symbol_daily_v1,13b4236c8a41a0da6b5577edde7a132caab86d19f8292c4c27456857a0d11012
2022-10-11,NVL,HOSE,15657530000.0,70223400000.0,-54565870000.0,213800.0,959700.0,-745900.0,0.0,0.0,0.0,0.0,75800.0,75800.0,71100.0,75000.0,73140.0,HSX_FOREIGN_API,HOSE_SYMBOL_LEVEL,VND,2026-08-25T03:49:45Z,ff_hsx_symbol_daily_v1,0ee8fc80853e88fe34991635a1d0a58bdf2b48835998f412d18e1e1204903470
2022-10-12,NVL,HOSE,16151690000.0,23742470000.0,-7590780000.0,214000.0,315600.0,-101600.0,0.0,0.0,0.0,0.0,74000.0,78000.0,74000.0,76000.0,75460.0,HSX_FOREIGN_API,HOSE_SYMBOL_LEVEL,VND,2026-08-25T03:49:45Z,ff_hsx_symbol_daily_v1,476017e93a66f3956b83fdc2499692e5f43074d7db8d1380ecf46e24eff10545
2022-10-13,NVL,HOSE,10137720000.0,20772500000.0,-10634780000.0,137300.0,281000.0,-143700.0,0.0,0.0,0.0,0.0,75000.0,75900.0,72800.0,75500.0,73930.0,HSX_FOREIGN_API,HOSE_SYMBOL_LEVEL,VND,2026-08-25T03:49:45Z,ff_hsx_symbol_daily_v1,f45ff372eb01ce2739c0b134f0a41cb8927d9aed15f6d33a20dd5511274e3f58
2022-10-14,NVL,HOSE,11830290000.0,6918500000.0,4911790000.0,159200.0,92800.0,66400.0,0.0,0.0,0.0,0.0,75000.0,76000.0,74000.0,76000.0,75000.0,HSX_FOREIGN_API,HOSE_SYMBOL_LEVEL,VND,2026-08-25T03:49:45Z,ff_hsx_symbol_daily_v1,8f2cdcb070f1188a5294386f51dc93f5589d4e165b1fbe26feb449cb32c66baf
2022-10-17,NVL,HOSE,58327100000.0,80534790000.0,-22207690000.0,797800.0,1094800.0,-297000.0,54750000000.0,54750000000.0,750000.0,750000.0,76000.0,76000.0,73000.0,75000.0,74830.0,HSX_FOREIGN_API,HOSE_SYMBOL_LEVEL,VND,2026-08-25T03:49:45Z,ff_hsx_symbol_daily_v1,e6266890810b486428d231a8b37223122d2febc16a419d75a68003f349436ba9
2022-10-18,NVL,HOSE,46702548000.0,58215710000.0,-11513162000.0,633140.0,786600.0,-153460.0,29240000000.0,29240000000.0,400000.0,400000.0,75000.0,75100.0,74000.0,75100.0,74790.0,HSX_FOREIGN_API,HOSE_SYMBOL_LEVEL,VND,2026-08-25T03:49:45Z,ff_hsx_symbol_daily_v1,747d367e7b444fdf064196cbb32a8ce0040499a417caedd23888f677f6905395
2022-10-19,NVL,HOSE,22440788500.0,15021464500.0,7419324000.0,305470.0,206501.0,98969.0,14540000000.0,14540000000.0,200000.0,200000.0,75000.0,75000.0,74000.0,75000.0,74800.0,HSX_FOREIGN_API,HOSE_SYMBOL_LEVEL,VND,2026-08-25T03:49:45Z,ff_hsx_symbol_daily_v1,ec8508f6c2194a41adfa7af32fd37289b9076f93d34e75ddefef92bdfe737607
2022-10-20,NVL,HOSE,21034421800.0,51013250000.0,-29978828200.0,280205.0,680500.0,-400295.0,0.0,0.0,0.0,0.0,74200.0,75100.0,74000.0,75100.0,74900.0,HSX_FOREIGN_API,HOSE_SYMBOL_LEVEL,VND,2026-08-25T03:49:45Z,ff_hsx_symbol_daily_v1,68c209eca2955173775a0b5a021369f0e9cf31d6fc8cff0ba06ba0f85c6a0daf
2022-10-21,NVL,HOSE,148300000.0,35427110000.0,-35278810000.0,2000.0,475500.0,-473500.0,0.0,0.0,0.0,0.0,75000.0,75000.0,73000.0,75000.0,74290.0,HSX_FOREIGN_API,HOSE_SYMBOL_LEVEL,VND,2026-08-25T03:49:45Z,ff_hsx_symbol_daily_v1,5e032af9cb34c92fbeb72ccd91ddc4a2045839644252ae34c372a791899e0207
2022-10-24,NVL,HOSE,15564220000.0,36902780000.0,-21338560000.0,209510.0,497300.0,-287790.0,0.0,0.0,0.0,0.0,73800.0,75000.0,72900.0,74400.0,73540.0,HSX_FOREIGN_API,HOSE_SYMBOL_LEVEL,VND,2026-08-25T03:49:45Z,ff_hsx_symbol_daily_v1,225406b802748ac5231da186a279841f06b9cc0ee0de48961f23e5bdbf88fc14
2022-10-25,NVL,HOSE,9506870000.0,19308380000.0,-9801510000.0,127700.0,259900.0,-132200.0,0.0,0.0,0.0,0.0,74200.0,75000.0,70500.0,75000.0,74100.0,HSX_FOREIGN_API,HOSE_SYMBOL_LEVEL,VND,2026-08-25T03:49:45Z,ff_hsx_symbol_daily_v1,6deb273dbbc4728b6fd2abb329c68cbffe66b1d8f83f4eef374e1634ad3bb06f
2022-10-26,NVL,HOSE,6346750000.0,18536710000.0,-12189960000.0,85900.0,249200.0,-163300.0,0.0,0.0,0.0,0.0,75000.0,75300.0,73000.0,74500.0,74380.0,HSX_FOREIGN_API,HOSE_SYMBOL_LEVEL,VND,2026-08-25T03:49:45Z,ff_hsx_symbol_daily_v1,fa589c6fa37ccb86047892fc8d958b4bad262056a84e97b182fc97ab6c9b185f
2022-10-27,NVL,HOSE,9687250000.0,31495200000.0,-21807950000.0,131300.0,427800.0,-296500.0,0.0,0.0,0.0,0.0,74900.0,74900.0,73100.0,73900.0,73820.0,HSX_FOREIGN_API,HOSE_SYMBOL_LEVEL,VND,2026-08-25T03:49:45Z,ff_hsx_symbol_daily_v1,987ad830be7fba803249643afaff765f7e040ae3b5d263d4fd75f82dedadec50
2022-10-28,NVL,HOSE,9900620000.0,16375083300.0,-6474463300.0,135400.0,225673.0,-90273.0,0.0,0.0,0.0,0.0,73500.0,74000.0,72000.0,72500.0,73070.0,HSX_FOREIGN_API,HOSE_SYMBOL_LEVEL,VND,2026-08-25T03:49:45Z,ff_hsx_symbol_daily_v1,0e4ea0d7f32b531dc8c49c5eef4d400042efed0b80a6fbe5b94a927e5714c9e2
2022-10-31,NVL,HOSE,17202150000.0,39984860000.0,-22782710000.0,253800.0,580400.0,-326600.0,0.0,0.0,0.0,0.0,71200.0,71900.0,67500.0,70000.0,68350.0,HSX_FOREIGN_API,HOSE_SYMBOL_LEVEL,VND,2026-08-25T03:49:45Z,ff_hsx_symbol_daily_v1,182fb8af1f6e0808f41484f07c4e9352f2e596f62195825292606c85aefeb5e2
2022-11-01,NVL,HOSE,11979682000.0,39353229800.0,-27373547800.0,172820.0,567321.0,-394501.0,0.0,0.0,0.0,0.0,70900.0,71400.0,65600.0,70000.0,69310.0,HSX_FOREIGN_API,HOSE_SYMBOL_LEVEL,VND,2026-08-25T03:49:45Z,ff_hsx_symbol_daily_v1,8c1f3e90b0b918f3187459653f91840986ed828cae1ad66f33857b29734687a3
2022-11-02,NVL,HOSE,11957560000.0,33666288300.0,-21708728300.0,177100.0,492441.0,-315341.0,6803400000.0,6803400000.0,100000.0,100000.0,70000.0,70000.0,66000.0,69200.0,68030.0,HSX_FOREIGN_API,HOSE_SYMBOL_LEVEL,VND,2026-08-25T03:49:45Z,ff_hsx_symbol_daily_v1,c87eb9e04125ec620103ae00ec9c97f21e98d9bf18ca269eed4c6362f0104da4
2022-11-03,NVL,HOSE,6730550000.0,378006000.0,6352544000.0,103200.0,5655.0,97545.0,0.0,0.0,0.0,0.0,68200.0,68200.0,64400.0,64400.0,65050.0,HSX_FOREIGN_API,HOSE_SYMBOL_LEVEL,VND,2026-08-25T03:49:45Z,ff_hsx_symbol_daily_v1,786ea6ba306cfbc9dc98b147648a0dca05206655f0b3b1719a60c0ebc8886595
2022-11-04,NVL,HOSE,9104800000.0,0.0,9104800000.0,152000.0,0.0,152000.0,0.0,0.0,0.0,0.0,59900.0,59900.0,59900.0,59900.0,59900.0,HSX_FOREIGN_API,HOSE_SYMBOL_LEVEL,VND,2026-08-25T03:49:45Z,ff_hsx_symbol_daily_v1,2cae834aeec0861fb665a247e6c6af0ef8932a212611d78bdf19166caf2a7738
2022-11-07,NVL,HOSE,31334490000.0,5423760000.0,25910730000.0,561550.0,97200.0,464350.0,10423440000.0,5423760000.0,186800.0,97200.0,55800.0,55800.0,55800.0,55800.0,55800.0,HSX_FOREIGN_API,HOSE_SYMBOL_LEVEL,VND,2026-08-25T03:49:45Z,ff_hsx_symbol_daily_v1,b223b30f8fcc41f80aafc098769e1fecf020db579705df8570039985d4300ba4
2022-11-08,NVL,HOSE,18336270000.0,1987770000.0,16348500000.0,353300.0,38300.0,315000.0,1987770000.0,1987770000.0,38300.0,38300.0,51900.0,51900.0,51900.0,51900.0,51900.0,HSX_FOREIGN_API,HOSE_SYMBOL_LEVEL,VND,2026-08-25T03:49:45Z,ff_hsx_symbol_daily_v1,9d2045f5535cbbd7ad994f88ed7fced7b746f434ae6795fe15b780a8dfa78b24
2022-11-09,NVL,HOSE,26267375400.0,2627520000.0,23639855400.0,543838.0,54400.0,489438.0,2627520000.0,2627520000.0,54400.0,54400.0,48300.0,48300.0,48300.0,48300.0,48300.0,HSX_FOREIGN_API,HOSE_SYMBOL_LEVEL,VND,2026-08-25T03:49:45Z,ff_hsx_symbol_daily_v1,c939f5db823ec3fa448dc53e0709d7718f7b0b76c936e57d14eae17cb0b8cc9f
2022-11-10,NVL,HOSE,16506089500.0,0.0,16506089500.0,367210.0,0.0,367210.0,2517200000.0,0.0,56000.0,0.0,44950.0,44950.0,44950.0,44950.0,44950.0,HSX_FOREIGN_API,HOSE_SYMBOL_LEVEL,VND,2026-08-25T03:49:45Z,ff_hsx_symbol_daily_v1,4eb81f537d470d34fe96c6223ce45228a8bd1c3597d4f25a6d9ebaa75146a814
2022-11-11,NVL,HOSE,28972755000.0,0.0,28972755000.0,692300.0,0.0,692300.0,2184570000.0,0.0,52200.0,0.0,41850.0,41850.0,41850.0,41850.0,41850.0,HSX_FOREIGN_API,HOSE_SYMBOL_LEVEL,VND,2026-08-25T03:49:45Z,ff_hsx_symbol_daily_v1,e0b623946627e990f714a4417db26a709c8e84c7c935bfa98a3c96986016c61e
2022-11-14,NVL,HOSE,16296718950.0,15287875000.0,1008843950.0,418401.0,392500.0,25901.0,16210990000.0,14925640000.0,416200.0,383200.0,38950.0,38950.0,38950.0,38950.0,38950.0,HSX_FOREIGN_API,HOSE_SYMBOL_LEVEL,VND,2026-08-25T03:49:45Z,ff_hsx_symbol_daily_v1,76873d595063568aced0536cbd92d37cbeb515d8f6fe3e102b8d674db3d9e888
2022-11-15,NVL,HOSE,16240000000.0,6796875000.0,9443125000.0,448000.0,187500.0,260500.0,9106000000.0,6796875000.0,251200.0,187500.0,36250.0,36250.0,36250.0,36250.0,36250.0,HSX_FOREIGN_API,HOSE_SYMBOL_LEVEL,VND,2026-08-25T03:49:45Z,ff_hsx_symbol_daily_v1,a60936ffb25f300ffd37a9e80a561dd2dfe7056fc45624a5b16a9f40fe7a467f
2022-11-16,NVL,HOSE,12069000000.0,4623750000.0,7445250000.0,357600.0,137000.0,220600.0,9325125000.0,4623750000.0,276300.0,137000.0,33750.0,33750.0,33750.0,33750.0,33750.0,HSX_FOREIGN_API,HOSE_SYMBOL_LEVEL,VND,2026-08-25T03:49:45Z,ff_hsx_symbol_daily_v1,60a17027ae77e8905816fb3e4097c7655f391aa867c543db994868ad31afe3c7
2022-11-17,NVL,HOSE,23242751000.0,14818759000.0,8423992000.0,740215.0,471935.0,268280.0,20143100000.0,14817660000.0,641500.0,471900.0,31400.0,31400.0,31400.0,31400.0,31400.0,HSX_FOREIGN_API,HOSE_SYMBOL_LEVEL,VND,2026-08-25T03:49:45Z,ff_hsx_symbol_daily_v1,89e4218ab6f36034da981be126e4ba174d2c1bfc2804373a54999b774bbbe359
2022-11-18,NVL,HOSE,1579529250.0,1121532750.0,457996500.0,54001.0,38343.0,15658.0,508950000.0,508950000.0,17400.0,17400.0,29250.0,29250.0,29250.0,29250.0,29250.0,HSX_FOREIGN_API,HOSE_SYMBOL_LEVEL,VND,2026-08-25T03:49:45Z,ff_hsx_symbol_daily_v1,f738ae17aeaae8971f326684101896514bfef9b2a64054f1995472e7334e6d13
2022-11-21,NVL,HOSE,6207550000.0,3815038150.0,2392511850.0,227800.0,140001.0,87799.0,5436375000.0,3801375000.0,199500.0,139500.0,27250.0,27250.0,27250.0,27250.0,27250.0,HSX_FOREIGN_API,HOSE_SYMBOL_LEVEL,VND,2026-08-25T03:49:45Z,ff_hsx_symbol_daily_v1,1a4569b06d501e4f7bfb63b9119fb320c0f3939f0fa24f6d54dd3818be9cd176
2022-11-22,NVL,HOSE,39483442000.0,69212628050.0,-29729186050.0,1534990.0,2717120.0,-1182130.0,3490695000.0,1564095000.0,137700.0,61700.0,25350.0,28300.0,25350.0,25350.0,25590.0,HSX_FOREIGN_API,HOSE_SYMBOL_LEVEL,VND,2026-08-25T03:49:45Z,ff_hsx_symbol_daily_v1,3509388c97c5408ea830cba424ddf5a9eaa64fce67c20a2f49d5534a1f8ca276
2022-11-23,NVL,HOSE,23539745000.0,203536205000.0,-179996460000.0,996400.0,8617200.0,-7620800.0,0.0,0.0,0.0,0.0,23600.0,25000.0,23600.0,23600.0,23640.0,HSX_FOREIGN_API,HOSE_SYMBOL_LEVEL,VND,2026-08-25T03:49:45Z,ff_hsx_symbol_daily_v1,fa13d6173d257093f3e9d6e670abc6af85cfde62e124cd4f12a23d13d86c982d
2022-11-24,NVL,HOSE,687035000.0,931388000.0,-244353000.0,31300.0,42430.0,-11130.0,0.0,0.0,0.0,0.0,21950.0,21950.0,21950.0,21950.0,21950.0,HSX_FOREIGN_API,HOSE_SYMBOL_LEVEL,VND,2026-08-25T03:49:45Z,ff_hsx_symbol_daily_v1,2420a14ed0f93d261b52fe1e5fc0a39b18020094ae1c8cb2f5b75de5fe6528ab
2022-11-25,NVL,HOSE,2220870000.0,1055322250.0,1165547750.0,108600.0,51605.0,56995.0,441720000.0,441720000.0,21600.0,21600.0,20450.0,20450.0,20450.0,20450.0,20450.0,HSX_FOREIGN_API,HOSE_SYMBOL_LEVEL,VND,2026-08-25T03:49:45Z,ff_hsx_symbol_daily_v1,0caf3dd5629d95827f2df646c33ef243db91d995eecb1b695f8a00b5331b00bf
2022-11-28,NVL,HOSE,41477435000.0,94109896800.0,-52632461800.0,2087900.0,4807956.0,-2720056.0,0.0,0.0,0.0,0.0,19050.0,21200.0,19050.0,20450.0,19630.0,HSX_FOREIGN_API,HOSE_SYMBOL_LEVEL,VND,2026-08-25T03:49:45Z,ff_hsx_symbol_daily_v1,9fa7b7a6d9dee6f71b6ea388554574746350fe3d33a4eb13b682f3dae9c1da0c
2022-11-29,NVL,HOSE,87722810000.0,70598541050.0,17124268950.0,4017000.0,3231233.0,785767.0,65550000000.0,65550000000.0,3000000.0,3000000.0,21400.0,21850.0,21000.0,21850.0,21790.0,HSX_FOREIGN_API,HOSE_SYMBOL_LEVEL,VND,2026-08-25T03:49:45Z,ff_hsx_symbol_daily_v1,19d1ab8fe777e54066bc6f413caaedd13c54740bd5a84e93723b719380757527
2022-11-30,NVL,HOSE,12532903350.0,14230897100.0,-1697993750.0,537501.0,609926.0,-72425.0,0.0,0.0,0.0,0.0,23350.0,23350.0,23000.0,23350.0,23320.0,HSX_FOREIGN_API,HOSE_SYMBOL_LEVEL,VND,2026-08-25T03:49:45Z,ff_hsx_symbol_daily_v1,d8f374b6f00115bb352873943bbad1aabd755cf937e2f9c48bff74e86981debb
2022-12-01,NVL,HOSE,39904354500.0,11161826700.0,28742527800.0,1607810.0,451366.0,1156444.0,0.0,0.0,0.0,0.0,24900.0,24950.0,22000.0,23350.0,24430.0,HSX_FOREIGN_API,HOSE_SYMBOL_LEVEL,VND,2026-08-25T03:49:45Z,ff_hsx_symbol_daily_v1,a9997b64da534864bc91e063fd21077b923ad93f277abf29aa4844747408614c
2022-12-02,NVL,HOSE,30703533000.0,10616004600.0,20087528400.0,1323806.0,464425.0,859381.0,0.0,0.0,0.0,0.0,23350.0,24050.0,22300.0,23800.0,23040.0,HSX_FOREIGN_API,HOSE_SYMBOL_LEVEL,VND,2026-08-25T03:49:45Z,ff_hsx_symbol_daily_v1,baeb062af7dc71ccca523c27606d6f1adbea2d4903ec794ee7f6c24450e42a00
2022-12-05,NVL,HOSE,17058460000.0,14685559800.0,2372900200.0,738400.0,636031.0,102369.0,0.0,0.0,0.0,0.0,24000.0,24700.0,22150.0,22150.0,22920.0,HSX_FOREIGN_API,HOSE_SYMBOL_LEVEL,VND,2026-08-25T03:49:45Z,ff_hsx_symbol_daily_v1,9d1760aa38cd0053a540726b9d465d6232b91587ffd4cdff126c3f5b2b2413dd
2022-12-06,NVL,HOSE,14948781000.0,4249595000.0,10699186000.0,722360.0,202900.0,519460.0,0.0,0.0,0.0,0.0,21100.0,21200.0,20600.0,20600.0,20690.0,HSX_FOREIGN_API,HOSE_SYMBOL_LEVEL,VND,2026-08-25T03:49:45Z,ff_hsx_symbol_daily_v1,7aa6f851d96838d6095b2132866de78b90903d9a3556ccd824910f9cbe2cf557
2022-12-07,NVL,HOSE,8281258000.0,2482310000.0,5798948000.0,431315.0,128900.0,302415.0,0.0,0.0,0.0,0.0,19200.0,19400.0,19200.0,19200.0,19210.0,HSX_FOREIGN_API,HOSE_SYMBOL_LEVEL,VND,2026-08-25T03:49:45Z,ff_hsx_symbol_daily_v1,7d646b64c219441685d5e19dcaf2f3d148fc194222bb7fcf196c08207b64397f
2022-12-08,NVL,HOSE,24102621500.0,4365145000.0,19737476500.0,1321585.0,242000.0,1079585.0,0.0,0.0,0.0,0.0,17900.0,18900.0,17900.0,17900.0,18090.0,HSX_FOREIGN_API,HOSE_SYMBOL_LEVEL,VND,2026-08-25T03:49:45Z,ff_hsx_symbol_daily_v1,b9d391955122460b13211fc1b651b8bb61dfcd2efbc8f0a4ffb4c67977277c4c
2022-12-09,NVL,HOSE,21905805000.0,33224702750.0,-11318897750.0,1298400.0,1986665.0,-688265.0,0.0,0.0,0.0,0.0,16650.0,17700.0,16650.0,16650.0,16740.0,HSX_FOREIGN_API,HOSE_SYMBOL_LEVEL,VND,2026-08-25T03:49:45Z,ff_hsx_symbol_daily_v1,2d30b5a34fe9d91eaecec68d297293cbc8b66db793a357b395328a56cb42a2a7
2022-12-12,NVL,HOSE,53400000.0,3068720000.0,-3015320000.0,3000.0,172400.0,-169400.0,0.0,0.0,0.0,0.0,17800.0,17800.0,17800.0,17800.0,17800.0,HSX_FOREIGN_API,HOSE_SYMBOL_LEVEL,VND,2026-08-25T03:49:45Z,ff_hsx_symbol_daily_v1,eda2def9f9752c90c585de0f7d08adb720601390fbe87760daaaf7d5e5407813
2022-12-13,NVL,HOSE,225747017200.0,66810299400.0,158936717800.0,12244821.0,3703218.0,8541603.0,0.0,0.0,0.0,0.0,19000.0,19000.0,17050.0,18200.0,18240.0,HSX_FOREIGN_API,HOSE_SYMBOL_LEVEL,VND,2026-08-25T03:49:45Z,ff_hsx_symbol_daily_v1,5b143c5f7b2e881d817c1c0ef48890bfba118b38aebc2d4333030452588c4d0b
2022-12-14,NVL,HOSE,55923183200.0,5125265000.0,50797918200.0,3008198.0,277400.0,2730798.0,0.0,0.0,0.0,0.0,18700.0,19000.0,18200.0,18500.0,18580.0,HSX_FOREIGN_API,HOSE_SYMBOL_LEVEL,VND,2026-08-25T03:49:45Z,ff_hsx_symbol_daily_v1,4e6dc91f23e3152f35c937eda40c38ba01756a45476aad689fe373c22b3d2a80
2022-12-15,NVL,HOSE,13382980000.0,5163837350.0,8219142650.0,729200.0,281583.0,447617.0,0.0,0.0,0.0,0.0,18250.0,18600.0,17700.0,17900.0,18250.0,HSX_FOREIGN_API,HOSE_SYMBOL_LEVEL,VND,2026-08-25T03:49:45Z,ff_hsx_symbol_daily_v1,552449865d6a7c00faf652b39ccc6bfb92483b98fc6b09265380c31b685305b9
2022-12-16,NVL,HOSE,93170987250.0,30317330000.0,62853657250.0,5140535.0,1670400.0,3470135.0,0.0,0.0,0.0,0.0,17300.0,18200.0,17300.0,18200.0,17940.0,HSX_FOREIGN_API,HOSE_SYMBOL_LEVEL,VND,2026-08-25T03:49:45Z,ff_hsx_symbol_daily_v1,4fb4a44209808ec46d5fc07e2b47520fefaf9e482c819dc6a96741ce39bc8393
2022-12-19,NVL,HOSE,7564782000.0,8263810000.0,-699028000.0,418640.0,449800.0,-31160.0,0.0,0.0,0.0,0.0,18200.0,18900.0,17500.0,17500.0,18270.0,HSX_FOREIGN_API,HOSE_SYMBOL_LEVEL,VND,2026-08-25T03:49:45Z,ff_hsx_symbol_daily_v1,e5561bec6c4c91f6741868234585e653b2b52b5a77556611b287c7a04f5bb430
2022-12-20,NVL,HOSE,11882781000.0,4751850000.0,7130931000.0,708648.0,282300.0,426348.0,0.0,0.0,0.0,0.0,17250.0,17600.0,16300.0,16300.0,16600.0,HSX_FOREIGN_API,HOSE_SYMBOL_LEVEL,VND,2026-08-25T03:49:45Z,ff_hsx_symbol_daily_v1,7f4c541251f7f702f9d1954d4daf8d22f45176ffae46d502f210b5b5b8213b62
2022-12-21,NVL,HOSE,51323240000.0,6124080000.0,45199160000.0,3319500.0,394200.0,2925300.0,0.0,0.0,0.0,0.0,16200.0,16600.0,15200.0,15200.0,15390.0,HSX_FOREIGN_API,HOSE_SYMBOL_LEVEL,VND,2026-08-25T03:49:45Z,ff_hsx_symbol_daily_v1,9abf5a09567911684e278cf154bbe474359f39473aaa22d921a7fb81fcbe4040
2022-12-22,NVL,HOSE,31767945000.0,6466065000.0,25301880000.0,2178500.0,442800.0,1735700.0,0.0,0.0,0.0,0.0,15200.0,15700.0,14200.0,15500.0,14700.0,HSX_FOREIGN_API,HOSE_SYMBOL_LEVEL,VND,2026-08-25T03:49:45Z,ff_hsx_symbol_daily_v1,de861b75a906ee7fa6a395cc5e68f24f51965970f62186368cd825ee8a1518c9
2022-12-23,NVL,HOSE,8957500000.0,13381400000.0,-4423900000.0,578700.0,865400.0,-286700.0,0.0,0.0,0.0,0.0,15500.0,15900.0,15100.0,15100.0,15450.0,HSX_FOREIGN_API,HOSE_SYMBOL_LEVEL,VND,2026-08-25T03:49:45Z,ff_hsx_symbol_daily_v1,c572a8e710779ab0bd8cbcae76ace7ca2a0048609b525a085388bb48f79614c1
2022-12-26,NVL,HOSE,4795120750.0,8752270000.0,-3957149250.0,336915.0,599600.0,-262685.0,0.0,0.0,0.0,0.0,15200.0,15200.0,14050.0,14050.0,14300.0,HSX_FOREIGN_API,HOSE_SYMBOL_LEVEL,VND,2026-08-25T03:49:45Z,ff_hsx_symbol_daily_v1,e07f8b2e615926274c26489d931d9199bf957444ec3e691b2551060b04007de7
2022-12-27,NVL,HOSE,103694837000.0,5890295000.0,97804542000.0,7591905.0,428900.0,7163005.0,0.0,0.0,0.0,0.0,13200.0,14400.0,13100.0,14400.0,13500.0,HSX_FOREIGN_API,HOSE_SYMBOL_LEVEL,VND,2026-08-25T03:49:45Z,ff_hsx_symbol_daily_v1,7ffa8ef5511bf6f0a553ecc4f09f5cf8cabc0c20dc58818eb869a12717e738a2
2022-12-28,NVL,HOSE,50709070000.0,15246879800.0,35462190200.0,3547000.0,1075450.0,2471550.0,3775190000.0,3775190000.0,265000.0,265000.0,14500.0,14600.0,13800.0,14350.0,14200.0,HSX_FOREIGN_API,HOSE_SYMBOL_LEVEL,VND,2026-08-25T03:49:45Z,ff_hsx_symbol_daily_v1,53a5cc933932973de4a5beed5e450fd507819f764464fc7c641cb4b9636c0d1b
2022-12-29,NVL,HOSE,20484607500.0,213927245000.0,-193442637500.0,1368690.0,14121600.0,-12752910.0,0.0,152000000000.0,0.0,10000000.0,14050.0,15350.0,14050.0,14650.0,15050.0,HSX_FOREIGN_API,HOSE_SYMBOL_LEVEL,VND,2026-08-25T03:49:45Z,ff_hsx_symbol_daily_v1,b3d77b20a0e0b6a766c6e72d6aeb212a27bab7f20e37573ed6d31a74fe96c0f5
2022-12-30,NVL,HOSE,5685615000.0,28019850000.0,-22334235000.0,399200.0,1951700.0,-1552500.0,0.0,0.0,0.0,0.0,14800.0,14900.0,14000.0,14000.0,14270.0,HSX_FOREIGN_API,HOSE_SYMBOL_LEVEL,VND,2026-08-25T03:49:45Z,ff_hsx_symbol_daily_v1,5bd37329181a41e913bc67d440b867dc05dc20769148f37c7b788844a497cc6d
2023-01-03,NVL,HOSE,17019089150.0,5408085000.0,11611004150.0,1185301.0,378600.0,806701.0,0.0,0.0,0.0,0.0,14000.0,14700.0,13850.0,14650.0,14350.0,HSX_FOREIGN_API,HOSE_SYMBOL_LEVEL,VND,2026-08-25T03:49:45Z,ff_hsx_symbol_daily_v1,3b72cd3c4e95af9e85b658f087bb849f2ba250f5b7b7539bae249b7e7869c4ce
2023-01-04,NVL,HOSE,5302276000.0,14588847500.0,-9286571500.0,373220.0,1022505.0,-649285.0,0.0,0.0,0.0,0.0,14650.0,14700.0,14000.0,14000.0,14270.0,HSX_FOREIGN_API,HOSE_SYMBOL_LEVEL,VND,2026-08-25T03:49:45Z,ff_hsx_symbol_daily_v1,44a0e6087f7747394dc4048eb5a1bec12fe6d2cd6b5565ba4656fca86e730202
2023-01-05,NVL,HOSE,10947281000.0,6928800000.0,4018481000.0,791205.0,496700.0,294505.0,0.0,0.0,0.0,0.0,14000.0,14250.0,13500.0,13700.0,13810.0,HSX_FOREIGN_API,HOSE_SYMBOL_LEVEL,VND,2026-08-25T03:49:45Z,ff_hsx_symbol_daily_v1,4083ea696252a5209781a8d67db29570f3af8544e0af613a8ba1cba42a174576
2023-01-06,NVL,HOSE,8695765000.0,3890805000.0,4804960000.0,622800.0,280500.0,342300.0,0.0,0.0,0.0,0.0,13700.0,14400.0,13600.0,13600.0,13960.0,HSX_FOREIGN_API,HOSE_SYMBOL_LEVEL,VND,2026-08-25T03:49:45Z,ff_hsx_symbol_daily_v1,d10209a5ef3a41db38e6cbabcb79c5246770e90e8aa28ed6db22c1cf3f35af44
2023-01-09,NVL,HOSE,10254610000.0,1977205000.0,8277405000.0,732100.0,141400.0,590700.0,0.0,0.0,0.0,0.0,13900.0,14250.0,13700.0,13850.0,13990.0,HSX_FOREIGN_API,HOSE_SYMBOL_LEVEL,VND,2026-08-25T03:49:45Z,ff_hsx_symbol_daily_v1,177ec0e379a7d672fdcdd88950e4512182f8649a7787f4b42aafa39fbb031130
2023-01-10,NVL,HOSE,13584045000.0,211050000.0,13372995000.0,970600.0,15100.0,955500.0,0.0,0.0,0.0,0.0,14050.0,14150.0,13800.0,13950.0,13990.0,HSX_FOREIGN_API,HOSE_SYMBOL_LEVEL,VND,2026-08-25T03:49:45Z,ff_hsx_symbol_daily_v1,ddd85cd4b64ecc70acdf3c1fae818bceb3ff09333714178630ca2df0ae6625a2
2023-01-11,NVL,HOSE,16183258200.0,758214500.0,15425043700.0,1090768.0,50905.0,1039863.0,0.0,0.0,0.0,0.0,14100.0,14900.0,14050.0,14900.0,14810.0,HSX_FOREIGN_API,HOSE_SYMBOL_LEVEL,VND,2026-08-25T03:49:45Z,ff_hsx_symbol_daily_v1,a720df8640d36ddd984d13a80de9b9a8beabc36389a59cc504515973735790dc
2023-01-12,NVL,HOSE,9944170600.0,13818035000.0,-3873864400.0,657101.0,920800.0,-263699.0,0.0,0.0,0.0,0.0,15200.0,15700.0,14700.0,14950.0,15100.0,HSX_FOREIGN_API,HOSE_SYMBOL_LEVEL,VND,2026-08-25T03:49:45Z,ff_hsx_symbol_daily_v1,4126edd8e0e7200dfd8e5b25d93c0dbd53b51392b411d0931355a3b312878049
2023-01-13,NVL,HOSE,8307220000.0,10148471400.0,-1841251400.0,568600.0,686875.0,-118275.0,0.0,0.0,0.0,0.0,15200.0,15200.0,14250.0,14300.0,14620.0,HSX_FOREIGN_API,HOSE_SYMBOL_LEVEL,VND,2026-08-25T03:49:45Z,ff_hsx_symbol_daily_v1,85d7857d67b0fb4618b449ecdeec35512b76084c9592900744a2d9464606f555
2023-01-16,NVL,HOSE,8471560000.0,13513561850.0,-5042001850.0,615800.0,979987.0,-364187.0,0.0,0.0,0.0,0.0,14300.0,14350.0,13650.0,13650.0,13840.0,HSX_FOREIGN_API,HOSE_SYMBOL_LEVEL,VND,2026-08-25T03:49:45Z,ff_hsx_symbol_daily_v1,6eb6880826f49e9e0f446a241b1798114c9eda5c5c86fcdcff9b938726ec1afa
2023-01-17,NVL,HOSE,16374910000.0,1256366600.0,15118543400.0,1175600.0,90744.0,1084856.0,0.0,0.0,0.0,0.0,13900.0,14100.0,13700.0,14000.0,13910.0,HSX_FOREIGN_API,HOSE_SYMBOL_LEVEL,VND,2026-08-25T03:49:45Z,ff_hsx_symbol_daily_v1,b14502f5e987fbef9ef1a96216102cd9aac6d88cf7ba67dbb4b7b4c186475fb4
2023-01-18,NVL,HOSE,16798250000.0,215185000.0,16583065000.0,1189400.0,15200.0,1174200.0,0.0,0.0,0.0,0.0,14100.0,14250.0,14000.0,14150.0,14110.0,HSX_FOREIGN_API,HOSE_SYMBOL_LEVEL,VND,2026-08-25T03:49:45Z,ff_hsx_symbol_daily_v1,15c0770d1104fa61c22cb58ddb6d31f8dec34e720580574a13f36471ac18cc87
2023-01-19,NVL,HOSE,15603315000.0,2931500000.0,12671815000.0,1107200.0,208700.0,898500.0,0.0,0.0,0.0,0.0,14150.0,14200.0,13950.0,14050.0,14070.0,HSX_FOREIGN_API,HOSE_SYMBOL_LEVEL,VND,2026-08-25T03:49:45Z,ff_hsx_symbol_daily_v1,daa674b6ad4d8de136ed564cbe8af22eb0b0dd3937a294ca431b7206bc4ba22a
2023-01-27,NVL,HOSE,19840431250.0,3802270000.0,16038161250.0,1408303.0,271700.0,1136603.0,0.0,0.0,0.0,0.0,14000.0,14300.0,13850.0,13950.0,14040.0,HSX_FOREIGN_API,HOSE_SYMBOL_LEVEL,VND,2026-08-25T03:49:45Z,ff_hsx_symbol_daily_v1,e70bce525b6d557913fda016fe581380b69642d655bb013c418a252ef9108489
2023-01-30,NVL,HOSE,3419650000.0,4621745000.0,-1202095000.0,245400.0,331300.0,-85900.0,0.0,0.0,0.0,0.0,13950.0,14450.0,13650.0,13950.0,14000.0,HSX_FOREIGN_API,HOSE_SYMBOL_LEVEL,VND,2026-08-25T03:49:45Z,ff_hsx_symbol_daily_v1,88111909ea1cb0ff23dc57dab9c0fc988d868a9d12c062effe971da8d0d0454c
2023-01-31,NVL,HOSE,4136881300.0,4321785000.0,-184903700.0,291290.0,304000.0,-12710.0,0.0,0.0,0.0,0.0,14300.0,14400.0,14050.0,14200.0,14210.0,HSX_FOREIGN_API,HOSE_SYMBOL_LEVEL,VND,2026-08-25T03:49:45Z,ff_hsx_symbol_daily_v1,97c10c6d6c4c89e86ff05c3016baf4a1ff41cfb805c05a9fd29a5b6388cbf716
2023-02-01,NVL,HOSE,7286065000.0,4232804900.0,3053260100.0,492000.0,286644.0,205356.0,0.0,0.0,0.0,0.0,14350.0,15150.0,14300.0,14550.0,14740.0,HSX_FOREIGN_API,HOSE_SYMBOL_LEVEL,VND,2026-08-25T03:49:45Z,ff_hsx_symbol_daily_v1,c4ef25a660de26a6ffad36f9c2e55b1ddd66e066435b13977ec698992925f081
2023-02-02,NVL,HOSE,6504107500.0,14801230000.0,-8297122500.0,452450.0,1031600.0,-579150.0,0.0,0.0,0.0,0.0,14850.0,14850.0,14050.0,14200.0,14360.0,HSX_FOREIGN_API,HOSE_SYMBOL_LEVEL,VND,2026-08-25T03:49:45Z,ff_hsx_symbol_daily_v1,0c9c4eb776637b260c4bbce0b6b970f1b77452db5538a492fa8b84ac69145cc6
2023-02-03,NVL,HOSE,57448575200.0,8018855000.0,49429720200.0,3975126.0,555900.0,3419226.0,14400000000.0,0.0,1000000.0,0.0,14450.0,14950.0,14300.0,14950.0,14590.0,HSX_FOREIGN_API,HOSE_SYMBOL_LEVEL,VND,2026-08-25T03:49:45Z,ff_hsx_symbol_daily_v1,b5139ba19e16508232b6a697714dd8f2fc1b9adff1f2c90db45e6b653bda9d4c
2023-02-06,NVL,HOSE,15056810000.0,6954190000.0,8102620000.0,979050.0,457600.0,521450.0,0.0,0.0,0.0,0.0,14900.0,15750.0,14600.0,15400.0,15330.0,HSX_FOREIGN_API,HOSE_SYMBOL_LEVEL,VND,2026-08-25T03:49:45Z,ff_hsx_symbol_daily_v1,569b2ff003fb3aa8d2f860b62567cc61292a8e5511f2f75bb1656818e2b61afc
2023-02-07,NVL,HOSE,2371293600.0,19586205000.0,-17214911400.0,159734.0,1296200.0,-1136466.0,0.0,0.0,0.0,0.0,15350.0,15600.0,14550.0,14600.0,15100.0,HSX_FOREIGN_API,HOSE_SYMBOL_LEVEL,VND,2026-08-25T03:49:45Z,ff_hsx_symbol_daily_v1,ccf5e5f6c5e77ad8cb67653960cae2d2893647b8a00493461d1d76401b3adf89
2023-02-08,NVL,HOSE,10698900000.0,25450583800.0,-14751683800.0,742920.0,1764316.0,-1021396.0,0.0,0.0,0.0,0.0,14800.0,14900.0,13900.0,14300.0,14400.0,HSX_FOREIGN_API,HOSE_SYMBOL_LEVEL,VND,2026-08-25T03:49:45Z,ff_hsx_symbol_daily_v1,c2e748a4dbabfdf6b581bebe6c9b0b604d400eb84f30592b41c176607e0ea681
2023-02-09,NVL,HOSE,20803961500.0,16204635000.0,4599326500.0,1457480.0,1136300.0,321180.0,0.0,0.0,0.0,0.0,14350.0,14500.0,14000.0,14150.0,14260.0,HSX_FOREIGN_API,HOSE_SYMBOL_LEVEL,VND,2026-08-25T03:49:45Z,ff_hsx_symbol_daily_v1,fa5535d1cdf5fbee8ac4ad4f3f1c6f7bd095dace1c4b4d71128ffb3e2bb1685a
2023-02-10,NVL,HOSE,4550390000.0,10139585000.0,-5589195000.0,330800.0,726900.0,-396100.0,0.0,0.0,0.0,0.0,14150.0,14200.0,13700.0,13750.0,13890.0,HSX_FOREIGN_API,HOSE_SYMBOL_LEVEL,VND,2026-08-25T03:49:45Z,ff_hsx_symbol_daily_v1,c2b52b3b928d98c8a59ccc3b1484ecaa07eb9bf82e408600dfd865e4a423ad73
2023-02-13,NVL,HOSE,1486703000.0,210604000.0,1276099000.0,116110.0,16430.0,99680.0,0.0,0.0,0.0,0.0,12800.0,13200.0,12800.0,12800.0,12820.0,HSX_FOREIGN_API,HOSE_SYMBOL_LEVEL,VND,2026-08-25T03:49:45Z,ff_hsx_symbol_daily_v1,246b93618cbdabf9cb7b34d5e9078b4ed9eb1d32eef53456bbcddd09c398993a
2023-02-14,NVL,HOSE,3494316450.0,12086845000.0,-8592528550.0,292411.0,1010600.0,-718189.0,0.0,0.0,0.0,0.0,11950.0,12300.0,11950.0,11950.0,11960.0,HSX_FOREIGN_API,HOSE_SYMBOL_LEVEL,VND,2026-08-25T03:49:45Z,ff_hsx_symbol_daily_v1,5d3326e877b5e491e447a55efea5e62b676a9927dbf85e20fecb55c41a63bba5
2023-02-15,NVL,HOSE,5013609500.0,77510857900.0,-72497248400.0,446560.0,6945568.0,-6499008.0,0.0,0.0,0.0,0.0,11150.0,11850.0,11150.0,11150.0,11220.0,HSX_FOREIGN_API,HOSE_SYMBOL_LEVEL,VND,2026-08-25T03:49:45Z,ff_hsx_symbol_daily_v1,eb80b9fdaf92ac70f24d6b2a6af075417fda61091b483622a4c2daf53f8a89b3
2023-02-16,NVL,HOSE,4632205000.0,167737000.0,4464468000.0,404800.0,14698.0,390102.0,0.0,0.0,0.0,0.0,11500.0,11500.0,11250.0,11500.0,11430.0,HSX_FOREIGN_API,HOSE_SYMBOL_LEVEL,VND,2026-08-25T03:49:45Z,ff_hsx_symbol_daily_v1,8d18235b621702b8fbc26e7251e8ec8cb9b16cea931d7fe5d8b35dfaee28614a
2023-02-17,NVL,HOSE,9609580000.0,2562890000.0,7046690000.0,811500.0,217400.0,594100.0,0.0,0.0,0.0,0.0,11600.0,12250.0,11200.0,11650.0,11740.0,HSX_FOREIGN_API,HOSE_SYMBOL_LEVEL,VND,2026-08-25T03:49:45Z,ff_hsx_symbol_daily_v1,4263a931166db1e65997738356c6132441fd5158ba378dc871f5c480456ab966
2023-02-20,NVL,HOSE,23713290000.0,847114000.0,22866176000.0,1931000.0,68620.0,1862380.0,0.0,0.0,0.0,0.0,11850.0,12450.0,11800.0,12450.0,12260.0,HSX_FOREIGN_API,HOSE_SYMBOL_LEVEL,VND,2026-08-25T03:49:45Z,ff_hsx_symbol_daily_v1,c0e3ab00f11295a9fbe4820f0887fb176bbf2bd2696c46f64e308ff2e43eef7b
2023-02-21,NVL,HOSE,12992162000.0,2629330700.0,10362831300.0,998095.0,200816.0,797279.0,0.0,0.0,0.0,0.0,12950.0,13300.0,12750.0,12850.0,13040.0,HSX_FOREIGN_API,HOSE_SYMBOL_LEVEL,VND,2026-08-25T03:49:45Z,ff_hsx_symbol_daily_v1,73d6719ea3d55f478599f2bd8e645859a4ec1c5f4f9a89ebb7f20d15f975f783
2023-02-22,NVL,HOSE,6507840000.0,7642190000.0,-1134350000.0,532220.0,631400.0,-99180.0,1567410000.0,1567410000.0,130000.0,130000.0,12300.0,12550.0,12000.0,12000.0,12150.0,HSX_FOREIGN_API,HOSE_SYMBOL_LEVEL,VND,2026-08-25T03:49:45Z,ff_hsx_symbol_daily_v1,bc47d65eba0fb0e1df313f013b09ba2579e8bfc8fad2d851c863926301496cf1
2023-02-23,NVL,HOSE,3071747400.0,6167049400.0,-3095302000.0,266822.0,535346.0,-268524.0,0.0,0.0,0.0,0.0,11800.0,11900.0,11200.0,11800.0,11480.0,HSX_FOREIGN_API,HOSE_SYMBOL_LEVEL,VND,2026-08-25T03:49:45Z,ff_hsx_symbol_daily_v1,a889dd88cfbb7c36b5ae5b4601059148b18c1f79b3b279741b00e3ce35bac324
2023-02-24,NVL,HOSE,5387323500.0,10051599150.0,-4664275650.0,458505.0,859255.0,-400750.0,0.0,0.0,0.0,0.0,11950.0,12100.0,11400.0,11400.0,11690.0,HSX_FOREIGN_API,HOSE_SYMBOL_LEVEL,VND,2026-08-25T03:49:45Z,ff_hsx_symbol_daily_v1,397741095ca271cdde64b7ad5918cf70ec1c02dc40b5470cb9abfcbd619c9d5c
2023-02-27,NVL,HOSE,3328311000.0,29392731050.0,-26064420050.0,303380.0,2647675.0,-2344295.0,0.0,0.0,0.0,0.0,11600.0,11600.0,10750.0,10750.0,11040.0,HSX_FOREIGN_API,HOSE_SYMBOL_LEVEL,VND,2026-08-25T03:49:45Z,ff_hsx_symbol_daily_v1,31ab6c0519dd72344266b895693f2f1032dd7db72d5b713fb7b71e91d0b85afe
2023-02-28,NVL,HOSE,5074387950.0,7457253700.0,-2382865750.0,471015.0,692347.0,-221332.0,3593385200.0,3593385200.0,333400.0,333400.0,10900.0,11000.0,10600.0,10600.0,10780.0,HSX_FOREIGN_API,HOSE_SYMBOL_LEVEL,VND,2026-08-25T03:49:45Z,ff_hsx_symbol_daily_v1,88f3633ea5cfd616723792ed06fc5479c02346963030ccfda0bab3e691ea4abc
2023-03-01,NVL,HOSE,9421173500.0,10609210000.0,-1188036500.0,914010.0,1027100.0,-113090.0,0.0,0.0,0.0,0.0,10550.0,10600.0,10050.0,10250.0,10280.0,HSX_FOREIGN_API,HOSE_SYMBOL_LEVEL,VND,2026-08-25T03:49:45Z,ff_hsx_symbol_daily_v1,c995c4a3efa66c712565b31be658c3bb1a6a709b4a2edd4f010020b0999f4c57
2023-03-02,NVL,HOSE,1080045000.0,18597820000.0,-17517775000.0,104300.0,1782470.0,-1678170.0,0.0,0.0,0.0,0.0,10250.0,10650.0,10250.0,10350.0,10460.0,HSX_FOREIGN_API,HOSE_SYMBOL_LEVEL,VND,2026-08-25T03:49:45Z,ff_hsx_symbol_daily_v1,e7b024f29fea29f65f30f1c224c31a9df4722c4684745e8a573345c3cdbfd4d4
2023-03-03,NVL,HOSE,11181085200.0,19996784200.0,-8815699000.0,1084000.0,1940035.0,-856035.0,409900200.0,409900200.0,39800.0,39800.0,10600.0,10600.0,10150.0,10350.0,10300.0,HSX_FOREIGN_API,HOSE_SYMBOL_LEVEL,VND,2026-08-25T03:49:45Z,ff_hsx_symbol_daily_v1,6e6f19b0d58f47c1d027e02a1a471f650c781e790f04473cf768f1bd5c21fd1e
2023-03-06,NVL,HOSE,140335000.0,78203899800.0,-78063564800.0,12700.0,7077276.0,-7064576.0,0.0,0.0,0.0,0.0,11050.0,11050.0,11000.0,11050.0,11050.0,HSX_FOREIGN_API,HOSE_SYMBOL_LEVEL,VND,2026-08-25T03:49:45Z,ff_hsx_symbol_daily_v1,d5a3184ede651d59fdf4fbe07e795eb66661dc182579796aadde3416fcfcfe99
2023-03-07,NVL,HOSE,9993539650.0,2139685000.0,7853854650.0,877786.0,192700.0,685086.0,0.0,0.0,0.0,0.0,11400.0,11550.0,10800.0,10850.0,11170.0,HSX_FOREIGN_API,HOSE_SYMBOL_LEVEL,VND,2026-08-25T03:49:45Z,ff_hsx_symbol_daily_v1,cf979d3447e3a5387efd2b52367e5179ba7beaf3cf29132dff6c3400d358d479
2023-03-08,NVL,HOSE,1651910000.0,998550000.0,653360000.0,152500.0,91500.0,61000.0,0.0,0.0,0.0,0.0,10750.0,11150.0,10550.0,11050.0,10830.0,HSX_FOREIGN_API,HOSE_SYMBOL_LEVEL,VND,2026-08-25T03:49:45Z,ff_hsx_symbol_daily_v1,7c4634a5cac6f8c71755f7769dd0905eb59b2ab957ad5b93a9509d3daee0e690
2023-03-09,NVL,HOSE,753015000.0,4505195000.0,-3752180000.0,68500.0,409900.0,-341400.0,0.0,0.0,0.0,0.0,11150.0,11200.0,10850.0,10950.0,10990.0,HSX_FOREIGN_API,HOSE_SYMBOL_LEVEL,VND,2026-08-25T03:49:45Z,ff_hsx_symbol_daily_v1,ff88ce29cd627afd9c5c5ff76e2624d7523f00192041e586007a3a427620e3d0
2023-03-10,NVL,HOSE,150777500.0,2018663000.0,-1867885500.0,14050.0,187028.0,-172978.0,0.0,0.0,0.0,0.0,10800.0,10900.0,10600.0,10650.0,10730.0,HSX_FOREIGN_API,HOSE_SYMBOL_LEVEL,VND,2026-08-25T03:49:45Z,ff_hsx_symbol_daily_v1,4b9613308813b05687be10312f62d74120bcee5e333b3c6d57766f6bc2cf94ef
2023-03-13,NVL,HOSE,7016907000.0,3135345000.0,3881562000.0,636127.0,286600.0,349527.0,0.0,0.0,0.0,0.0,10650.0,11200.0,10600.0,11000.0,10980.0,HSX_FOREIGN_API,HOSE_SYMBOL_LEVEL,VND,2026-08-25T03:49:45Z,ff_hsx_symbol_daily_v1,0d021d4e3b7fdd45fd6c95d696b77d99f2c9e8e0c58d08a5d48de0ccac1459a6
2023-03-14,NVL,HOSE,5919751050.0,2825080000.0,3094671050.0,542911.0,260700.0,282211.0,0.0,0.0,0.0,0.0,11000.0,11150.0,10650.0,10700.0,10860.0,HSX_FOREIGN_API,HOSE_SYMBOL_LEVEL,VND,2026-08-25T03:49:45Z,ff_hsx_symbol_daily_v1,c710be442255064fd26dbd21efaacfa0fdf8c7897ed2f9c916f4a77f8d230479
2023-03-15,NVL,HOSE,6733305000.0,462137000.0,6271168000.0,604700.0,41910.0,562790.0,0.0,0.0,0.0,0.0,11000.0,11350.0,10900.0,11350.0,11160.0,HSX_FOREIGN_API,HOSE_SYMBOL_LEVEL,VND,2026-08-25T03:49:45Z,ff_hsx_symbol_daily_v1,da4d0d240995dc7bd4c359e90bc176a7481b42554a5f4fc92c5c058a3e758487
2023-03-16,NVL,HOSE,14443978000.0,2454870000.0,11989108000.0,1289120.0,219600.0,1069520.0,0.0,0.0,0.0,0.0,11100.0,11350.0,11050.0,11150.0,11200.0,HSX_FOREIGN_API,HOSE_SYMBOL_LEVEL,VND,2026-08-25T03:49:45Z,ff_hsx_symbol_daily_v1,56d0fcad3f579c2e938cf9bf4b144e6f5d397625294f8fb024861e119e8a6f8a
2023-03-17,NVL,HOSE,136032355000.0,9115793750.0,126916561250.0,11852900.0,799903.0,11052997.0,0.0,0.0,0.0,0.0,11350.0,11500.0,11150.0,11500.0,11410.0,HSX_FOREIGN_API,HOSE_SYMBOL_LEVEL,VND,2026-08-25T03:49:45Z,ff_hsx_symbol_daily_v1,8619949076c2230c7eceec1f3b60aa6183e5ea4de57ce09c4e3161f985629420
2023-03-20,NVL,HOSE,5392853900.0,7247876250.0,-1855022350.0,478753.0,645037.0,-166284.0,0.0,0.0,0.0,0.0,11450.0,11500.0,11050.0,11100.0,11250.0,HSX_FOREIGN_API,HOSE_SYMBOL_LEVEL,VND,2026-08-25T03:49:45Z,ff_hsx_symbol_daily_v1,d8e714c0680d9af082e9a9be96cc56a89e14a0a5f4e1d87f1f7950cdfa1b2eb0
2023-03-21,NVL,HOSE,16240580000.0,5309530000.0,10931050000.0,1467400.0,482500.0,984900.0,0.0,0.0,0.0,0.0,11250.0,11250.0,10900.0,11050.0,11030.0,HSX_FOREIGN_API,HOSE_SYMBOL_LEVEL,VND,2026-08-25T03:49:45Z,ff_hsx_symbol_daily_v1,cdef13bf6f3b1b2992ba38572ddd705c01dab671c83df6b874cb5ab478901169
2023-03-22,NVL,HOSE,692145000.0,6885600700.0,-6193455700.0,62100.0,619718.0,-557618.0,0.0,0.0,0.0,0.0,11250.0,11250.0,11050.0,11100.0,11120.0,HSX_FOREIGN_API,HOSE_SYMBOL_LEVEL,VND,2026-08-25T03:49:45Z,ff_hsx_symbol_daily_v1,98bdc420d2c928daba5614e10f0d50cc28b0b97fc8e9db64ea929b1ef2a34960
2023-03-23,NVL,HOSE,5667880000.0,1554349100.0,4113530900.0,510700.0,140931.0,369769.0,0.0,0.0,0.0,0.0,11000.0,11150.0,10900.0,11150.0,11060.0,HSX_FOREIGN_API,HOSE_SYMBOL_LEVEL,VND,2026-08-25T03:49:45Z,ff_hsx_symbol_daily_v1,3b52ad41eec7aae375cf35e3a72c9eda23d95ff146db374f5051e9447bf0ee89
2023-03-24,NVL,HOSE,6945752000.0,302074400.0,6643677600.0,589810.0,25624.0,564186.0,0.0,0.0,0.0,0.0,11200.0,11900.0,11100.0,11900.0,11710.0,HSX_FOREIGN_API,HOSE_SYMBOL_LEVEL,VND,2026-08-25T03:49:45Z,ff_hsx_symbol_daily_v1,9d4f76628cd87bc3fb3632006d76a7d4e1ae7111d79b45726fc5535a0775305e
2023-03-27,NVL,HOSE,5137305000.0,3395150000.0,1742155000.0,408320.0,272420.0,135900.0,0.0,0.0,0.0,0.0,12300.0,12700.0,12100.0,12700.0,12520.0,HSX_FOREIGN_API,HOSE_SYMBOL_LEVEL,VND,2026-08-25T03:49:45Z,ff_hsx_symbol_daily_v1,7d852d0a23f790da1fd715c42d92156b982954aa1b2da41876d40abb711ebcbf
2023-03-28,NVL,HOSE,8482816000.0,1640269000.0,6842547000.0,658152.0,128254.0,529898.0,0.0,0.0,0.0,0.0,12950.0,13300.0,12600.0,12600.0,12910.0,HSX_FOREIGN_API,HOSE_SYMBOL_LEVEL,VND,2026-08-25T03:49:45Z,ff_hsx_symbol_daily_v1,78f9be5d467f39a60c61668eb38cb60cbf2ab18fa1218bb005bce15968b5b07d
2023-03-29,NVL,HOSE,5388700000.0,1406594250.0,3982105750.0,429800.0,112245.0,317555.0,0.0,0.0,0.0,0.0,12450.0,12750.0,12400.0,12550.0,12520.0,HSX_FOREIGN_API,HOSE_SYMBOL_LEVEL,VND,2026-08-25T03:49:45Z,ff_hsx_symbol_daily_v1,0a5fbf219dfb1c501af7fffd3e9b4ec487e16bb792a1f30d785c8673eb443597
2023-03-30,NVL,HOSE,3460194600.0,1897998500.0,1562196100.0,269088.0,147410.0,121678.0,0.0,0.0,0.0,0.0,12750.0,13150.0,12600.0,12800.0,12880.0,HSX_FOREIGN_API,HOSE_SYMBOL_LEVEL,VND,2026-08-25T03:49:45Z,ff_hsx_symbol_daily_v1,4321bac732e2da702075014ab45236002b7aa96d463bad936e24f47429356ad0
2023-03-31,NVL,HOSE,4984335000.0,4758385000.0,225950000.0,390700.0,372100.0,18600.0,0.0,0.0,0.0,0.0,12950.0,12950.0,12650.0,12700.0,12760.0,HSX_FOREIGN_API,HOSE_SYMBOL_LEVEL,VND,2026-08-25T03:49:45Z,ff_hsx_symbol_daily_v1,26daf7178b687f69bf17402d8316771f53b6f5bdc3d397e69ba522b9eaa2db5a
2023-04-03,NVL,HOSE,1192710000.0,5258216000.0,-4065506000.0,90900.0,408510.0,-317610.0,0.0,0.0,0.0,0.0,12900.0,13250.0,12700.0,12850.0,12940.0,HSX_FOREIGN_API,HOSE_SYMBOL_LEVEL,VND,2026-08-25T03:49:45Z,ff_hsx_symbol_daily_v1,daa14ab7b7983dac84eb22473039b7e4d96626520b388ea42049d8c0980a845d
2023-04-04,NVL,HOSE,1831280250.0,4784690000.0,-2953409750.0,143365.0,373600.0,-230235.0,0.0,0.0,0.0,0.0,12900.0,12900.0,12650.0,12750.0,12770.0,HSX_FOREIGN_API,HOSE_SYMBOL_LEVEL,VND,2026-08-25T03:49:45Z,ff_hsx_symbol_daily_v1,0ceeea1b20b980e219bd6fc74405145dfcc21f113c99d6344dab78b9d14269c5
2023-04-05,NVL,HOSE,2568785000.0,1740230000.0,828555000.0,197700.0,133400.0,64300.0,0.0,0.0,0.0,0.0,12800.0,13300.0,12750.0,12850.0,13010.0,HSX_FOREIGN_API,HOSE_SYMBOL_LEVEL,VND,2026-08-25T03:49:45Z,ff_hsx_symbol_daily_v1,c4cd1c879c9ae6616fe94f084cae9ef4d64130f342c3f3642c6f6a3e5a68a11a
2023-04-06,NVL,HOSE,14139170000.0,1410805500.0,12728364500.0,1060800.0,104810.0,955990.0,0.0,0.0,0.0,0.0,13250.0,13700.0,13050.0,13250.0,13420.0,HSX_FOREIGN_API,HOSE_SYMBOL_LEVEL,VND,2026-08-25T03:49:45Z,ff_hsx_symbol_daily_v1,c7ab3fb5db7acea03dad7de7225bed58d3364a6fa8e6eadb6a7963b44d400b6a
2023-04-07,NVL,HOSE,9181595800.0,636235000.0,8545360800.0,690048.0,47700.0,642348.0,0.0,0.0,0.0,0.0,13400.0,13500.0,13100.0,13400.0,13320.0,HSX_FOREIGN_API,HOSE_SYMBOL_LEVEL,VND,2026-08-25T03:49:45Z,ff_hsx_symbol_daily_v1,ca6f2262a4616b6a9d6b924dd22c96f643991d9ab55b34864fa29eda54ccf400
2023-04-10,NVL,HOSE,8435955000.0,2059250000.0,6376705000.0,625900.0,151800.0,474100.0,0.0,0.0,0.0,0.0,13650.0,13900.0,13250.0,13300.0,13540.0,HSX_FOREIGN_API,HOSE_SYMBOL_LEVEL,VND,2026-08-25T03:49:45Z,ff_hsx_symbol_daily_v1,71f672cf7b70f61e6a692712b8cd659fe7ef68f9d0b0b8e6814601e47aa87daa
2023-04-11,NVL,HOSE,6379305000.0,8143155000.0,-1763850000.0,481900.0,615700.0,-133800.0,0.0,0.0,0.0,0.0,13150.0,14200.0,12650.0,14200.0,13370.0,HSX_FOREIGN_API,HOSE_SYMBOL_LEVEL,VND,2026-08-25T03:49:45Z,ff_hsx_symbol_daily_v1,405690b27009738e9b1efda6a1662992ab17711269f54645463620c563084a55
2023-04-12,NVL,HOSE,5590329500.0,8601259050.0,-3010929550.0,372310.0,578419.0,-206109.0,0.0,0.0,0.0,0.0,14800.0,15150.0,14500.0,15050.0,14990.0,HSX_FOREIGN_API,HOSE_SYMBOL_LEVEL,VND,2026-08-25T03:49:45Z,ff_hsx_symbol_daily_v1,da00bacc0e2ebbfd97f13b0e2878ebdb9cacbc3629e173d65db73954b4698abe
2023-04-13,NVL,HOSE,7589005000.0,1395085000.0,6193920000.0,518500.0,94900.0,423600.0,0.0,0.0,0.0,0.0,15050.0,15050.0,14300.0,14500.0,14620.0,HSX_FOREIGN_API,HOSE_SYMBOL_LEVEL,VND,2026-08-25T03:49:45Z,ff_hsx_symbol_daily_v1,57c7abe2c8d86cd81ad44c562296067fba7db14eb9f722737ae8890c658f0b74
2023-04-14,NVL,HOSE,4613872000.0,797030000.0,3816842000.0,322520.0,54800.0,267720.0,0.0,0.0,0.0,0.0,14550.0,14950.0,14150.0,14200.0,14450.0,HSX_FOREIGN_API,HOSE_SYMBOL_LEVEL,VND,2026-08-25T03:49:45Z,ff_hsx_symbol_daily_v1,d6056baad963ba09fe2c4f080cbe99ef3b2649ef1b3c979a51acf662ef5dc095
2023-04-17,NVL,HOSE,3789240000.0,2520596500.0,1268643500.0,259600.0,172110.0,87490.0,0.0,0.0,0.0,0.0,14450.0,14800.0,14300.0,14800.0,14590.0,HSX_FOREIGN_API,HOSE_SYMBOL_LEVEL,VND,2026-08-25T03:49:45Z,ff_hsx_symbol_daily_v1,7626c2a1c314f6bea0f31f2c1320afec79eab2ac09c8820fec0b22fe3f14b64d
2023-04-18,NVL,HOSE,9269110000.0,2168959000.0,7100151000.0,632900.0,149205.0,483695.0,0.0,0.0,0.0,0.0,14900.0,15200.0,14350.0,14850.0,14710.0,HSX_FOREIGN_API,HOSE_SYMBOL_LEVEL,VND,2026-08-25T03:49:45Z,ff_hsx_symbol_daily_v1,222810696ce44bba9510d17c97bbefcbad6b4dfecbc926e84ab95e4ae07b2523
2023-04-19,NVL,HOSE,2417177000.0,3457792000.0,-1040615000.0,162735.0,228310.0,-65575.0,0.0,0.0,0.0,0.0,15000.0,15350.0,14550.0,14550.0,14980.0,HSX_FOREIGN_API,HOSE_SYMBOL_LEVEL,VND,2026-08-25T03:49:45Z,ff_hsx_symbol_daily_v1,e6313976ef73468b820918a35f5fd6b42311aa64457f2efb19fa0b317b12a99d
2023-04-20,NVL,HOSE,2798590000.0,150945000.0,2647645000.0,193600.0,10400.0,183200.0,0.0,0.0,0.0,0.0,14550.0,14600.0,14300.0,14400.0,14440.0,HSX_FOREIGN_API,HOSE_SYMBOL_LEVEL,VND,2026-08-25T03:49:45Z,ff_hsx_symbol_daily_v1,af3dc2ae5b0abdb183d6323b583ddb645bac4320ba70504dac758dc07f633bbf
2023-04-21,NVL,HOSE,585345000.0,3082715000.0,-2497370000.0,41620.0,218800.0,-177180.0,0.0,0.0,0.0,0.0,14400.0,14450.0,13550.0,13600.0,13960.0,HSX_FOREIGN_API,HOSE_SYMBOL_LEVEL,VND,2026-08-25T03:49:45Z,ff_hsx_symbol_daily_v1,dc3f86520d01ec6b941c4e6bd94243e64974655227baa296cc1ce7333d8e414e
2023-04-24,NVL,HOSE,8676807500.0,9523699950.0,-846892450.0,634750.0,702227.0,-67477.0,0.0,0.0,0.0,0.0,13700.0,14150.0,13200.0,14050.0,13650.0,HSX_FOREIGN_API,HOSE_SYMBOL_LEVEL,VND,2026-08-25T03:49:45Z,ff_hsx_symbol_daily_v1,5458496e243f783ea1148ae39035740e2dd2cea2a0ce38d67324a4b612c1907c
2023-04-25,NVL,HOSE,815790000.0,6796225000.0,-5980435000.0,59000.0,484800.0,-425800.0,0.0,0.0,0.0,0.0,14300.0,14350.0,13700.0,13750.0,14040.0,HSX_FOREIGN_API,HOSE_SYMBOL_LEVEL,VND,2026-08-25T03:49:45Z,ff_hsx_symbol_daily_v1,eb21d205ed5999a89f9bb1cf6412253a5d432a577e87f3645b9593e55dec1d0e
2023-04-26,NVL,HOSE,45063363950.0,53093768950.0,-8030405000.0,3232001.0,3817101.0,-585100.0,43433338950.0,43433338950.0,3113501.0,3113501.0,13700.0,14000.0,13500.0,13950.0,13750.0,HSX_FOREIGN_API,HOSE_SYMBOL_LEVEL,VND,2026-08-25T03:49:45Z,ff_hsx_symbol_daily_v1,d4c41d2b1b267b4ead28de910cfb280c79790bbcee15915b31c469f3fb98684f
2023-04-27,NVL,HOSE,16121615000.0,12957350000.0,3164265000.0,1139500.0,922400.0,217100.0,0.0,0.0,0.0,0.0,13950.0,14400.0,13800.0,14100.0,14110.0,HSX_FOREIGN_API,HOSE_SYMBOL_LEVEL,VND,2026-08-25T03:49:45Z,ff_hsx_symbol_daily_v1,e016a40497d4bde1de6e2e4de8f79e957df4ffdcaba5abdc876928ebe1f19a25
2023-04-28,NVL,HOSE,20220780000.0,7726645000.0,12494135000.0,1408900.0,538400.0,870500.0,0.0,0.0,0.0,0.0,14400.0,14600.0,14150.0,14300.0,14390.0,HSX_FOREIGN_API,HOSE_SYMBOL_LEVEL,VND,2026-08-25T03:49:45Z,ff_hsx_symbol_daily_v1,c293aa41372729bf36e8fa399f0bff3c7d0c697cfb8892d1cab555693f50ae92
2023-05-04,NVL,HOSE,1823501000.0,5180115000.0,-3356614000.0,133320.0,376100.0,-242780.0,0.0,0.0,0.0,0.0,13850.0,14000.0,13500.0,13550.0,13750.0,HSX_FOREIGN_API,HOSE_SYMBOL_LEVEL,VND,2026-08-25T03:49:45Z,ff_hsx_symbol_daily_v1,f286b4c496ffc90799017e099ac0641dbcbb92a8b3b70add8975ea05b7345ff8
2023-05-05,NVL,HOSE,787079000.0,2756215000.0,-1969136000.0,59010.0,205300.0,-146290.0,0.0,0.0,0.0,0.0,13500.0,13550.0,13150.0,13550.0,13360.0,HSX_FOREIGN_API,HOSE_SYMBOL_LEVEL,VND,2026-08-25T03:49:45Z,ff_hsx_symbol_daily_v1,144764c9688172a55bef7e8355bed00b2ab04f1a3ce90318419faece4f3bf6c5
2023-05-08,NVL,HOSE,1807645000.0,2750370000.0,-942725000.0,138100.0,208200.0,-70100.0,0.0,0.0,0.0,0.0,13500.0,13500.0,12950.0,12950.0,13170.0,HSX_FOREIGN_API,HOSE_SYMBOL_LEVEL,VND,2026-08-25T03:49:45Z,ff_hsx_symbol_daily_v1,2836e63de65a7689c6218cccd856088894266ae99452ba2dc89a63d4eef18211
2023-05-09,NVL,HOSE,2726918000.0,13208835000.0,-10481917000.0,207420.0,1010200.0,-802780.0,0.0,0.0,0.0,0.0,13000.0,13250.0,12950.0,13000.0,13090.0,HSX_FOREIGN_API,HOSE_SYMBOL_LEVEL,VND,2026-08-25T03:49:45Z,ff_hsx_symbol_daily_v1,286a13446763f355fcb66423dacd10f93a9d51b30b2f4b78eabbe8de5d7f3171
2023-05-10,NVL,HOSE,3205922500.0,3118675000.0,87247500.0,240175.0,234000.0,6175.0,0.0,0.0,0.0,0.0,13150.0,13500.0,13100.0,13300.0,13350.0,HSX_FOREIGN_API,HOSE_SYMBOL_LEVEL,VND,2026-08-25T03:49:45Z,ff_hsx_symbol_daily_v1,125cb004f650606936d05717c08904f85f19d680b4b2c3bdf5077eba7d9c31ca
2023-05-11,NVL,HOSE,3456175500.0,4382155000.0,-925979500.0,250430.0,318500.0,-68070.0,0.0,0.0,0.0,0.0,13450.0,13950.0,13450.0,13800.0,13730.0,HSX_FOREIGN_API,HOSE_SYMBOL_LEVEL,VND,2026-08-25T03:49:45Z,ff_hsx_symbol_daily_v1,efc20f5b6f024712deae1491f00d6299f5b83c16ea995ba8cb8fe49dcbd8eb21
2023-05-12,NVL,HOSE,147585000.0,6304355000.0,-6156770000.0,10700.0,457600.0,-446900.0,0.0,0.0,0.0,0.0,13900.0,13950.0,13700.0,13700.0,13800.0,HSX_FOREIGN_API,HOSE_SYMBOL_LEVEL,VND,2026-08-25T03:49:45Z,ff_hsx_symbol_daily_v1,f8dbd17e4a4875ec2c2fabe84a049debe8773c3f73a62be3bf9940559d7383f8
2023-05-15,NVL,HOSE,1118946350.0,6271320000.0,-5152373650.0,80413.0,454500.0,-374087.0,0.0,0.0,0.0,0.0,14000.0,14100.0,13500.0,13500.0,13820.0,HSX_FOREIGN_API,HOSE_SYMBOL_LEVEL,VND,2026-08-25T03:49:45Z,ff_hsx_symbol_daily_v1,721b3d889d046eb776f4b5a65f0cb0d7167977122e92698a4a3475a7307714e8
2023-05-16,NVL,HOSE,47355000.0,4180285000.0,-4132930000.0,3500.0,310100.0,-306600.0,0.0,0.0,0.0,0.0,13550.0,13700.0,13400.0,13650.0,13550.0,HSX_FOREIGN_API,HOSE_SYMBOL_LEVEL,VND,2026-08-25T03:49:45Z,ff_hsx_symbol_daily_v1,dba9437f15d8485b92f9fcfbc854d0b6b62c7c0230739e246e615606e9bcbad4
2023-05-17,NVL,HOSE,5537120000.0,14865000.0,5522255000.0,408250.0,1100.0,407150.0,0.0,0.0,0.0,0.0,13650.0,13700.0,13300.0,13300.0,13530.0,HSX_FOREIGN_API,HOSE_SYMBOL_LEVEL,VND,2026-08-25T03:49:45Z,ff_hsx_symbol_daily_v1,1818df2b2d30e5503b32c29522874a112d7f001f00326dad03564b73196ec241
2023-05-18,NVL,HOSE,813560000.0,25670825000.0,-24857265000.0,61200.0,1925700.0,-1864500.0,0.0,0.0,0.0,0.0,13350.0,13450.0,13200.0,13300.0,13320.0,HSX_FOREIGN_API,HOSE_SYMBOL_LEVEL,VND,2026-08-25T03:49:45Z,ff_hsx_symbol_daily_v1,2baa500027b84c1c252f0b10f7591cd246730da4e3f4d85330658d956e8246dd
2023-05-19,NVL,HOSE,874965000.0,28627525000.0,-27752560000.0,66200.0,2172600.0,-2106400.0,0.0,0.0,0.0,0.0,13300.0,13350.0,13050.0,13200.0,13170.0,HSX_FOREIGN_API,HOSE_SYMBOL_LEVEL,VND,2026-08-25T03:49:45Z,ff_hsx_symbol_daily_v1,c8a2ee531b3c9dd78f69dcafc07c835b89e2e8557934a1ecc26e7f7ea3e20596
2023-05-22,NVL,HOSE,3281910000.0,32088125000.0,-28806215000.0,245500.0,2400000.0,-2154500.0,0.0,0.0,0.0,0.0,13400.0,13550.0,13250.0,13350.0,13350.0,HSX_FOREIGN_API,HOSE_SYMBOL_LEVEL,VND,2026-08-25T03:49:45Z,ff_hsx_symbol_daily_v1,29b7c931c797681a74382c700176eb8224ab52d07d4db19c92531a0cfdad08af
2023-05-23,NVL,HOSE,1620945000.0,18266785000.0,-16645840000.0,122200.0,1375000.0,-1252800.0,0.0,0.0,0.0,0.0,13350.0,13450.0,13100.0,13200.0,13230.0,HSX_FOREIGN_API,HOSE_SYMBOL_LEVEL,VND,2026-08-25T03:49:45Z,ff_hsx_symbol_daily_v1,9acc729f130a05ea1e06f7f7540c11eb24ca76ad2101fa5071df675a89359ced
2023-05-24,NVL,HOSE,3774580000.0,33945070000.0,-30170490000.0,280900.0,2521300.0,-2240400.0,0.0,0.0,0.0,0.0,13350.0,13650.0,13250.0,13250.0,13430.0,HSX_FOREIGN_API,HOSE_SYMBOL_LEVEL,VND,2026-08-25T03:49:45Z,ff_hsx_symbol_daily_v1,bf1dbd0dd186755c35fe463c88a99db539972062bf32340187d5ce2462f1a9f2
2023-05-25,NVL,HOSE,2529470000.0,15727055050.0,-13197585050.0,191100.0,1188589.0,-997489.0,0.0,0.0,0.0,0.0,13250.0,13350.0,13150.0,13200.0,13220.0,HSX_FOREIGN_API,HOSE_SYMBOL_LEVEL,VND,2026-08-25T03:49:45Z,ff_hsx_symbol_daily_v1,159132c2811296be2120bc34551bbc7b6df1de0d6dac4a17b7ce7f669799eabd
2023-05-26,NVL,HOSE,686855000.0,28296595000.0,-27609740000.0,53000.0,2176600.0,-2123600.0,0.0,0.0,0.0,0.0,13200.0,13250.0,12750.0,12950.0,12970.0,HSX_FOREIGN_API,HOSE_SYMBOL_LEVEL,VND,2026-08-25T03:49:45Z,ff_hsx_symbol_daily_v1,b171b6248e1c7c0d2e9a12411c1391931a945f237cbb218e5fe1a9a9e0eeb25f
2023-05-29,NVL,HOSE,2092741000.0,17516789000.0,-15424048000.0,160020.0,1341750.0,-1181730.0,0.0,0.0,0.0,0.0,13000.0,13250.0,12950.0,13050.0,13050.0,HSX_FOREIGN_API,HOSE_SYMBOL_LEVEL,VND,2026-08-25T03:49:45Z,ff_hsx_symbol_daily_v1,4a6bb41f054e5d66be6ccfb48c77038ee079f17d394608dd8e0b2f2444aaa06d
2023-05-30,NVL,HOSE,4579555000.0,49674985000.0,-45095430000.0,340900.0,3704600.0,-3363700.0,0.0,0.0,0.0,0.0,13200.0,13600.0,13150.0,13350.0,13390.0,HSX_FOREIGN_API,HOSE_SYMBOL_LEVEL,VND,2026-08-25T03:49:45Z,ff_hsx_symbol_daily_v1,d31ab62935e836d5784fa9c00d7bc51d68247a11560a7bc918e13b1d560a929d
2023-05-31,NVL,HOSE,11050570000.0,88228284450.0,-77177714450.0,815100.0,6484193.0,-5669093.0,0.0,0.0,0.0,0.0,13500.0,13800.0,13400.0,13500.0,13610.0,HSX_FOREIGN_API,HOSE_SYMBOL_LEVEL,VND,2026-08-25T03:49:45Z,ff_hsx_symbol_daily_v1,b925debd643605a6b522a28917813710341364684af9b100b25e3c78beb86966
2023-06-01,NVL,HOSE,18562831950.0,1526295000.0,17036536950.0,1342307.0,110644.0,1231663.0,0.0,0.0,0.0,0.0,13550.0,13950.0,13500.0,13900.0,13810.0,HSX_FOREIGN_API,HOSE_SYMBOL_LEVEL,VND,2026-08-25T03:49:45Z,ff_hsx_symbol_daily_v1,126f3d2137b27102c9a5df011ce666f1ec571c189ac51e267894a4122a9b3bd6
2023-06-02,NVL,HOSE,10342800000.0,6549445000.0,3793355000.0,747400.0,472600.0,274800.0,0.0,0.0,0.0,0.0,14100.0,14200.0,13750.0,13850.0,13900.0,HSX_FOREIGN_API,HOSE_SYMBOL_LEVEL,VND,2026-08-25T03:49:45Z,ff_hsx_symbol_daily_v1,e20509bbc484eeccee7d2547c46e5e49ec9e5fd3bcc6754debe17b1151bc1ecd
2023-06-05,NVL,HOSE,269895000.0,10540765000.0,-10270870000.0,19700.0,770400.0,-750700.0,0.0,0.0,0.0,0.0,14000.0,14050.0,13450.0,13500.0,13670.0,HSX_FOREIGN_API,HOSE_SYMBOL_LEVEL,VND,2026-08-25T03:49:45Z,ff_hsx_symbol_daily_v1,861c0325f26331f0494957ebfb48b0109a3ab67339d42b9be6323f776fbf0a40
2023-06-06,NVL,HOSE,4180030000.0,1064830000.0,3115200000.0,308400.0,78600.0,229800.0,0.0,0.0,0.0,0.0,13500.0,13650.0,13400.0,13600.0,13550.0,HSX_FOREIGN_API,HOSE_SYMBOL_LEVEL,VND,2026-08-25T03:49:45Z,ff_hsx_symbol_daily_v1,9f28617a1b3da80b0329a060014b0fcaff147c12c64e177c5494b9e7e0ccd5d9
2023-06-07,NVL,HOSE,13311645000.0,7176966000.0,6134679000.0,929500.0,512240.0,417260.0,0.0,0.0,0.0,0.0,13800.0,14550.0,13650.0,14550.0,14190.0,HSX_FOREIGN_API,HOSE_SYMBOL_LEVEL,VND,2026-08-25T03:49:45Z,ff_hsx_symbol_daily_v1,c8461d73fc2b4665858e83988514cf565e1d98e525270e303ac0b71b066c9fef
2023-06-08,NVL,HOSE,141010617400.0,137177071400.0,3833546000.0,9694428.0,9426948.0,267480.0,132136232400.0,132136232400.0,9081528.0,9081528.0,14800.0,15000.0,14200.0,14200.0,14690.0,HSX_FOREIGN_API,HOSE_SYMBOL_LEVEL,VND,2026-08-25T03:49:45Z,ff_hsx_symbol_daily_v1,8d7449fc6809d0220cdfad71da66d1c9488c84af828106256f41a34b4bf1480b
2023-06-09,NVL,HOSE,7908350000.0,1426915000.0,6481435000.0,549200.0,99100.0,450100.0,0.0,0.0,0.0,0.0,14250.0,14700.0,14150.0,14600.0,14420.0,HSX_FOREIGN_API,HOSE_SYMBOL_LEVEL,VND,2026-08-25T03:49:45Z,ff_hsx_symbol_daily_v1,ee986c6ed7e676ce4bbc6a0202601148995a399d752ee0cf45a226a979b411d7
2023-06-12,NVL,HOSE,15753915000.0,15183395000.0,570520000.0,1085870.0,1049465.0,36405.0,0.0,0.0,0.0,0.0,14800.0,15000.0,14200.0,14600.0,14610.0,HSX_FOREIGN_API,HOSE_SYMBOL_LEVEL,VND,2026-08-25T03:49:45Z,ff_hsx_symbol_daily_v1,0b378c30960f346d6f22ed698007bb9888aca253205f9e261d5acbf73fe78a45
2023-06-13,NVL,HOSE,10844390000.0,36781672000.0,-25937282000.0,707596.0,2482620.0,-1775024.0,0.0,0.0,0.0,0.0,14700.0,15600.0,14450.0,15600.0,15100.0,HSX_FOREIGN_API,HOSE_SYMBOL_LEVEL,VND,2026-08-25T03:49:45Z,ff_hsx_symbol_daily_v1,46b72aa728245fb41d2455f4ce6305779fddbd45beab7d146303c783c43bbd93
2023-06-14,NVL,HOSE,6287125000.0,9723065000.0,-3435940000.0,404100.0,627900.0,-223800.0,0.0,0.0,0.0,0.0,15600.0,15850.0,15200.0,15200.0,15500.0,HSX_FOREIGN_API,HOSE_SYMBOL_LEVEL,VND,2026-08-25T03:49:45Z,ff_hsx_symbol_daily_v1,48a3993efb4a842ba6a970e20ec35cd7cae6f962433c1617bd79bb66f387f6f7
2023-06-15,NVL,HOSE,17147019400.0,1424410000.0,15722609400.0,1125382.0,93500.0,1031882.0,0.0,0.0,0.0,0.0,15200.0,15450.0,15050.0,15250.0,15230.0,HSX_FOREIGN_API,HOSE_SYMBOL_LEVEL,VND,2026-08-25T03:49:45Z,ff_hsx_symbol_daily_v1,b9062d0e3208ab0dbd60499840816137529c356132808f1c982346fe90c0f811
2023-06-16,NVL,HOSE,98677695000.0,145893074500.0,-47215379500.0,6604900.0,9791095.0,-3186195.0,0.0,14900.0,0.0,1.0,15450.0,15600.0,14800.0,14900.0,15180.0,HSX_FOREIGN_API,HOSE_SYMBOL_LEVEL,VND,2026-08-25T03:49:45Z,ff_hsx_symbol_daily_v1,60466897e6df6cc075017b26984f431b073c91d1b2cbcd64c4871f72ae3b0758
2023-06-19,NVL,HOSE,5411829350.0,347145820200.0,-341733990850.0,375823.0,24386028.0,-24010205.0,0.0,0.0,0.0,0.0,14900.0,15000.0,14000.0,14000.0,14310.0,HSX_FOREIGN_API,HOSE_SYMBOL_LEVEL,VND,2026-08-25T03:49:45Z,ff_hsx_symbol_daily_v1,f9b375b6afb6b2e936b1381a76a04aea0f02b6fd92942c8ff0975ffd6064d24d
2023-06-20,NVL,HOSE,1000390000.0,21576074700.0,-20575684700.0,69800.0,1518516.0,-1448716.0,0.0,0.0,0.0,0.0,14050.0,14550.0,14000.0,14500.0,14290.0,HSX_FOREIGN_API,HOSE_SYMBOL_LEVEL,VND,2026-08-25T03:49:45Z,ff_hsx_symbol_daily_v1,f914cba71920ab41e1ceb9deca09fc8e43457146153890c2b6e78e2b82c6d918
2023-06-21,NVL,HOSE,3380990000.0,12503090000.0,-9122100000.0,234700.0,867300.0,-632600.0,0.0,0.0,0.0,0.0,14600.0,14600.0,14250.0,14500.0,14410.0,HSX_FOREIGN_API,HOSE_SYMBOL_LEVEL,VND,2026-08-25T03:49:45Z,ff_hsx_symbol_daily_v1,e46b13169436b5617001de396a928a3d50bbdd80de18724d32112203fa8d0a4c
2023-06-22,NVL,HOSE,3309850000.0,6483235000.0,-3173385000.0,224170.0,440200.0,-216030.0,0.0,0.0,0.0,0.0,14550.0,15000.0,14500.0,14650.0,14720.0,HSX_FOREIGN_API,HOSE_SYMBOL_LEVEL,VND,2026-08-25T03:49:45Z,ff_hsx_symbol_daily_v1,e22ed3fa46f01d37deb1d10ab1827c0407b35d7a90482531f56a7ad14ede9d05
2023-06-23,NVL,HOSE,1112580000.0,3711471750.0,-2598891750.0,76700.0,252733.0,-176033.0,0.0,0.0,0.0,0.0,14800.0,14850.0,14300.0,14500.0,14590.0,HSX_FOREIGN_API,HOSE_SYMBOL_LEVEL,VND,2026-08-25T03:49:45Z,ff_hsx_symbol_daily_v1,09bc5849c128056e21ccefcd9c90aa8f60754e948e5e95ed5aa907b08b39100d
2023-06-26,NVL,HOSE,2952360000.0,4111614300.0,-1159254300.0,200000.0,277727.0,-77727.0,0.0,0.0,0.0,0.0,14650.0,15200.0,14450.0,14900.0,14800.0,HSX_FOREIGN_API,HOSE_SYMBOL_LEVEL,VND,2026-08-25T03:49:45Z,ff_hsx_symbol_daily_v1,a3d63db8b07e5b7a09ac34cf8462d00f2ddd822308f476eb95c38866a12c9c80
2023-06-27,NVL,HOSE,6433210000.0,808899000.0,5624311000.0,428000.0,53520.0,374480.0,0.0,0.0,0.0,0.0,15000.0,15350.0,14850.0,15000.0,15060.0,HSX_FOREIGN_API,HOSE_SYMBOL_LEVEL,VND,2026-08-25T03:49:45Z,ff_hsx_symbol_daily_v1,0c7fe97af7132bf466acc661ae189a341224d8f36c0ddb9fd2b81c70e779a0d9
2023-06-28,NVL,HOSE,15258022700.0,10249516000.0,5008506700.0,979159.0,653450.0,325709.0,0.0,0.0,0.0,0.0,15350.0,15850.0,15150.0,15600.0,15570.0,HSX_FOREIGN_API,HOSE_SYMBOL_LEVEL,VND,2026-08-25T03:49:45Z,ff_hsx_symbol_daily_v1,d69258d7cdcd228187fa8656b941e4e76fb7ab2d3f3a317afe2096d23c142ac0
2023-06-29,NVL,HOSE,9353634400.0,11396163200.0,-2042528800.0,610911.0,744152.0,-133241.0,0.0,0.0,0.0,0.0,15800.0,15800.0,15000.0,15000.0,15320.0,HSX_FOREIGN_API,HOSE_SYMBOL_LEVEL,VND,2026-08-25T03:49:45Z,ff_hsx_symbol_daily_v1,8ec0c566ef51e94dea35e58734444a7d45d129e8ba85e491367307c2ba9a738f
2023-06-30,NVL,HOSE,1878665000.0,8715935000.0,-6837270000.0,125800.0,581500.0,-455700.0,0.0,0.0,0.0,0.0,15000.0,15250.0,14850.0,14850.0,15020.0,HSX_FOREIGN_API,HOSE_SYMBOL_LEVEL,VND,2026-08-25T03:49:45Z,ff_hsx_symbol_daily_v1,723169119ea4bf5b36192a4666ade714f67edc0db5d4444dcf292da7b84ca671
2023-07-03,NVL,HOSE,8285936000.0,9598465750.0,-1312529750.0,562030.0,648598.0,-86568.0,0.0,0.0,0.0,0.0,15000.0,15050.0,14500.0,14550.0,14710.0,HSX_FOREIGN_API,HOSE_SYMBOL_LEVEL,VND,2026-08-25T03:49:45Z,ff_hsx_symbol_daily_v1,d17d6006ade3e32d1ac4b4e9d6b546bfb466f608b21ed398963e6192e4d1623b
2023-07-04,NVL,HOSE,5355840000.0,7736455000.0,-2380615000.0,367100.0,530700.0,-163600.0,0.0,0.0,0.0,0.0,14550.0,14850.0,14350.0,14850.0,14580.0,HSX_FOREIGN_API,HOSE_SYMBOL_LEVEL,VND,2026-08-25T03:49:45Z,ff_hsx_symbol_daily_v1,36e36d576da08b3d25c2b0c9fd0cb52ab6f2255a035dedb040af71ddab00013d
2023-07-05,NVL,HOSE,1810405000.0,12567175650.0,-10756770650.0,121700.0,845629.0,-723929.0,0.0,0.0,0.0,0.0,15000.0,15100.0,14700.0,14700.0,14890.0,HSX_FOREIGN_API,HOSE_SYMBOL_LEVEL,VND,2026-08-25T03:49:45Z,ff_hsx_symbol_daily_v1,8a08c117b375387b9281415d19d483ef3ede4826ec52efeab99e5d04e4bd7add
2023-07-06,NVL,HOSE,3091450000.0,4969990000.0,-1878540000.0,213550.0,341800.0,-128250.0,0.0,0.0,0.0,0.0,14700.0,14750.0,14200.0,14400.0,14460.0,HSX_FOREIGN_API,HOSE_SYMBOL_LEVEL,VND,2026-08-25T03:49:45Z,ff_hsx_symbol_daily_v1,2900a465816a18e62d8b5f07fe4d20cead37ca79cbcf66400c96ad6956d1d91a
2023-07-07,NVL,HOSE,1562965000.0,3687995000.0,-2125030000.0,108900.0,255200.0,-146300.0,0.0,0.0,0.0,0.0,14250.0,14550.0,14250.0,14500.0,14360.0,HSX_FOREIGN_API,HOSE_SYMBOL_LEVEL,VND,2026-08-25T03:49:45Z,ff_hsx_symbol_daily_v1,c0e830dec4522a9f1632eb1141e7b9d1f32fd7d6892769ca8d6d0e2c1a1d633a
2023-07-10,NVL,HOSE,7718410000.0,5990590000.0,1727820000.0,517800.0,404600.0,113200.0,0.0,0.0,0.0,0.0,14600.0,15100.0,14500.0,14900.0,14850.0,HSX_FOREIGN_API,HOSE_SYMBOL_LEVEL,VND,2026-08-25T03:49:45Z,ff_hsx_symbol_daily_v1,8d52d3cb9a4b4f5a26b41c14e8873ed1fe2ddf4a495684980608c0a6d52a621d
2023-07-11,NVL,HOSE,3194290000.0,2821610000.0,372680000.0,215600.0,190100.0,25500.0,0.0,0.0,0.0,0.0,15000.0,15050.0,14650.0,14700.0,14830.0,HSX_FOREIGN_API,HOSE_SYMBOL_LEVEL,VND,2026-08-25T03:49:45Z,ff_hsx_symbol_daily_v1,2790b6c528db852d0dc0a5978b16692c86f3d78b04915c927a7c1a5c22c3ec8b
2023-07-12,NVL,HOSE,2803255000.0,4321625000.0,-1518370000.0,191800.0,295200.0,-103400.0,0.0,0.0,0.0,0.0,14800.0,14850.0,14450.0,14600.0,14620.0,HSX_FOREIGN_API,HOSE_SYMBOL_LEVEL,VND,2026-08-25T03:49:45Z,ff_hsx_symbol_daily_v1,fac5c13ac87bd3dc291c9075e22180f78cc350bbc72fc45922f10b99604d8a83
2023-07-13,NVL,HOSE,1166460000.0,3344840000.0,-2178380000.0,78400.0,225300.0,-146900.0,0.0,0.0,0.0,0.0,14700.0,15150.0,14600.0,14950.0,14850.0,HSX_FOREIGN_API,HOSE_SYMBOL_LEVEL,VND,2026-08-25T03:49:45Z,ff_hsx_symbol_daily_v1,8c18835cbe7b382cd38e042bdb0d458a0d3334510b8dcf54f4783ecce0920496
2023-07-14,NVL,HOSE,4591820000.0,17959395000.0,-13367575000.0,304000.0,1192600.0,-888600.0,0.0,0.0,0.0,0.0,15050.0,15350.0,14900.0,15150.0,15090.0,HSX_FOREIGN_API,HOSE_SYMBOL_LEVEL,VND,2026-08-25T03:49:45Z,ff_hsx_symbol_daily_v1,993fab1a587e4d386ca0db53c6f7f58883562726409d3dc252fdfd9c2de37a88
2023-07-17,NVL,HOSE,45639445000.0,5065176000.0,40574269000.0,2973400.0,330490.0,2642910.0,0.0,0.0,0.0,0.0,15300.0,15500.0,15100.0,15350.0,15320.0,HSX_FOREIGN_API,HOSE_SYMBOL_LEVEL,VND,2026-08-25T03:49:45Z,ff_hsx_symbol_daily_v1,0f529b44ace0900fe84b0ed7096b97a2927ac5ca16577aa51077dcdb7e3796d7
2023-07-18,NVL,HOSE,4632045000.0,2663495000.0,1968550000.0,306100.0,176000.0,130100.0,0.0,0.0,0.0,0.0,15200.0,15250.0,14850.0,15050.0,15100.0,HSX_FOREIGN_API,HOSE_SYMBOL_LEVEL,VND,2026-08-25T03:49:45Z,ff_hsx_symbol_daily_v1,f762c23fbb6d7c6492477885850746ca39e441ded0ca12fcd686698827a9aff9
2023-07-19,NVL,HOSE,6161485000.0,1023747050.0,5137737950.0,413100.0,68752.0,344348.0,0.0,0.0,0.0,0.0,15100.0,15200.0,14650.0,14700.0,14860.0,HSX_FOREIGN_API,HOSE_SYMBOL_LEVEL,VND,2026-08-25T03:49:45Z,ff_hsx_symbol_daily_v1,8ce3e54785af22c838d7aeda983125d6436c91533518913e7da99a21621d9262
2023-07-20,NVL,HOSE,14664290000.0,2918105000.0,11746185000.0,993800.0,198600.0,795200.0,0.0,0.0,0.0,0.0,14700.0,14900.0,14600.0,14800.0,14720.0,HSX_FOREIGN_API,HOSE_SYMBOL_LEVEL,VND,2026-08-25T03:49:45Z,ff_hsx_symbol_daily_v1,88bcf53a93dd2999a4a0e085c05612d61e4876ed266d11fa0d6799a7713b9dad
2023-07-21,NVL,HOSE,3222812000.0,4453732300.0,-1230920300.0,214265.0,299220.0,-84955.0,0.0,0.0,0.0,0.0,14800.0,15200.0,14700.0,15150.0,14990.0,HSX_FOREIGN_API,HOSE_SYMBOL_LEVEL,VND,2026-08-25T03:49:45Z,ff_hsx_symbol_daily_v1,ca8d15150f36bfe3bb734f77ded9e4109911d01f5afd878bb44b193c99e340ee
2023-07-24,NVL,HOSE,21574765000.0,5928149500.0,15646615500.0,1341300.0,368345.0,972955.0,0.0,0.0,0.0,0.0,15400.0,16200.0,15400.0,16200.0,15970.0,HSX_FOREIGN_API,HOSE_SYMBOL_LEVEL,VND,2026-08-25T03:49:45Z,ff_hsx_symbol_daily_v1,aee9655f82113f27eb32a5471c803c553e630e2253db4e560b27d0633594c610
2023-07-25,NVL,HOSE,9837357000.0,6292720000.0,3544637000.0,596910.0,381600.0,215310.0,0.0,0.0,0.0,0.0,16500.0,16900.0,16050.0,16200.0,16430.0,HSX_FOREIGN_API,HOSE_SYMBOL_LEVEL,VND,2026-08-25T03:49:45Z,ff_hsx_symbol_daily_v1,10b2ac6d4aa6920c11deb170e85814c338eb8ba2128eb7278b7efe022b47a653
2023-07-26,NVL,HOSE,47627080000.0,5778276000.0,41848804000.0,2877600.0,353250.0,2524350.0,0.0,0.0,0.0,0.0,16250.0,17200.0,16050.0,17200.0,16650.0,HSX_FOREIGN_API,HOSE_SYMBOL_LEVEL,VND,2026-08-25T03:49:45Z,ff_hsx_symbol_daily_v1,7f56819cc0d8053d96e13e7299b8d97fe04196d5d1569b4863653c315c53351c
2023-07-27,NVL,HOSE,21405445000.0,14698348400.0,6707096600.0,1210100.0,837291.0,372809.0,0.0,0.0,0.0,0.0,17300.0,18150.0,17200.0,17850.0,17660.0,HSX_FOREIGN_API,HOSE_SYMBOL_LEVEL,VND,2026-08-25T03:49:45Z,ff_hsx_symbol_daily_v1,f93065e2c4ccb85980af9c3fe936f690128ecd40d53ea44ef4646283a01a97f1
2023-07-28,NVL,HOSE,22684639100.0,12209405000.0,10475234100.0,1237206.0,672300.0,564906.0,0.0,0.0,0.0,0.0,17850.0,18900.0,17650.0,18350.0,18300.0,HSX_FOREIGN_API,HOSE_SYMBOL_LEVEL,VND,2026-08-25T03:49:45Z,ff_hsx_symbol_daily_v1,dfbd9dd627e49c1f03a379618ee5ff6e95fcd8db0c8a4fc55ed7c2f38cd1f814
2023-07-31,NVL,HOSE,9049230650.0,14006930000.0,-4957699350.0,492696.0,769200.0,-276504.0,0.0,0.0,0.0,0.0,18150.0,18850.0,17700.0,18850.0,18190.0,HSX_FOREIGN_API,HOSE_SYMBOL_LEVEL,VND,2026-08-25T03:49:45Z,ff_hsx_symbol_daily_v1,36f75c9e0faea150957e9e11bcbd6cc7d1067a88c54022186795602ad1611f8c
2023-08-01,NVL,HOSE,9371796300.0,28243260000.0,-18871463700.0,509391.0,1535000.0,-1025609.0,0.0,0.0,0.0,0.0,18850.0,18900.0,17800.0,17800.0,18260.0,HSX_FOREIGN_API,HOSE_SYMBOL_LEVEL,VND,2026-08-25T03:49:45Z,ff_hsx_symbol_daily_v1,14f319eb7cdb48a8b34d6ea95fdc121397e9998fe3380868271842e0a4bb6402
2023-08-02,NVL,HOSE,51637119000.0,7281945000.0,44355174000.0,2841920.0,400800.0,2441120.0,0.0,0.0,0.0,0.0,17750.0,18500.0,17700.0,18350.0,18150.0,HSX_FOREIGN_API,HOSE_SYMBOL_LEVEL,VND,2026-08-25T03:49:45Z,ff_hsx_symbol_daily_v1,178faea4ea50e83fa938e7ecebefb7d7e0cdb42cf68209085ecab0de9bfd0923
2023-08-03,NVL,HOSE,4354427000.0,8462015000.0,-4107588000.0,236805.0,461800.0,-224995.0,0.0,0.0,0.0,0.0,18350.0,18600.0,18050.0,18550.0,18320.0,HSX_FOREIGN_API,HOSE_SYMBOL_LEVEL,VND,2026-08-25T03:49:45Z,ff_hsx_symbol_daily_v1,bac5d1c13aa4aaa7d1e6e08452dca2ddb9777935dc3c4af135666f73585fd0bf
2023-08-04,NVL,HOSE,25058570000.0,5722838200.0,19335731800.0,1283860.0,292546.0,991314.0,0.0,0.0,0.0,0.0,19550.0,19800.0,19050.0,19800.0,19590.0,HSX_FOREIGN_API,HOSE_SYMBOL_LEVEL,VND,2026-08-25T03:49:45Z,ff_hsx_symbol_daily_v1,1984b0e7ce81f36dfbeb759670bdfdddabd31122db2a7da71c49a5a88aa0539d
2023-08-07,NVL,HOSE,7525213900.0,49465885800.0,-41940671900.0,369927.0,2439427.0,-2069500.0,0.0,0.0,0.0,0.0,20300.0,20700.0,19800.0,20200.0,20260.0,HSX_FOREIGN_API,HOSE_SYMBOL_LEVEL,VND,2026-08-25T03:49:45Z,ff_hsx_symbol_daily_v1,8c729eecf7fec081ccdb8ce5bac6a92b2b6e1f1f8a07485ae090cfb007ff8e94
2023-08-08,NVL,HOSE,2246845000.0,2645637500.0,-398792500.0,110800.0,129110.0,-18310.0,0.0,0.0,0.0,0.0,20500.0,20700.0,20050.0,20350.0,20350.0,HSX_FOREIGN_API,HOSE_SYMBOL_LEVEL,VND,2026-08-25T03:49:45Z,ff_hsx_symbol_daily_v1,4098cd40b4e3254a039b40ac9cfe91be88f8db009522600b6c88b0224c6411ba
2023-08-09,NVL,HOSE,6051055450.0,21242297050.0,-15191241600.0,302159.0,1063444.0,-761285.0,0.0,0.0,0.0,0.0,20050.0,20300.0,19750.0,19900.0,19990.0,HSX_FOREIGN_API,HOSE_SYMBOL_LEVEL,VND,2026-08-25T03:49:45Z,ff_hsx_symbol_daily_v1,2066133c9050b48c6a99bdc68ef2cd5e79973903b1444233c26be2393a986242
2023-08-10,NVL,HOSE,26299471350.0,13444710000.0,12854761350.0,1267785.0,645900.0,621885.0,0.0,0.0,0.0,0.0,19900.0,21100.0,19900.0,20600.0,20590.0,HSX_FOREIGN_API,HOSE_SYMBOL_LEVEL,VND,2026-08-25T03:49:45Z,ff_hsx_symbol_daily_v1,f490060d14dab6925c3030416905a62928cb24c0e338b03cfbdd8a1b6ae49b2e
2023-08-11,NVL,HOSE,5915580000.0,26642058900.0,-20726478900.0,287200.0,1297721.0,-1010521.0,0.0,0.0,0.0,0.0,20850.0,20950.0,20050.0,20900.0,20470.0,HSX_FOREIGN_API,HOSE_SYMBOL_LEVEL,VND,2026-08-25T03:49:45Z,ff_hsx_symbol_daily_v1,c9567b6151e29a3c971c366dbdb02ab55a4845886ba125ec7a9cd4b62e6a4261
2023-08-14,NVL,HOSE,3085757000.0,2793710000.0,292047000.0,144220.0,130450.0,13770.0,0.0,0.0,0.0,0.0,21200.0,21700.0,21050.0,21250.0,21380.0,HSX_FOREIGN_API,HOSE_SYMBOL_LEVEL,VND,2026-08-25T03:49:45Z,ff_hsx_symbol_daily_v1,ad205b6b8b47f9c845a55c16e7fc4f146f8dbfbcf83005eb3adc21632e65795a
2023-08-15,NVL,HOSE,45100385750.0,18034500650.0,27065885100.0,2159949.0,864219.0,1295730.0,0.0,0.0,0.0,0.0,21300.0,21400.0,20600.0,20750.0,20880.0,HSX_FOREIGN_API,HOSE_SYMBOL_LEVEL,VND,2026-08-25T03:49:45Z,ff_hsx_symbol_daily_v1,5c8c93ed1db333eb8bbd51eeb07cf72cda5cab59a083972ed52a7af127e76b84
2023-08-16,NVL,HOSE,7149980500.0,21013685000.0,-13863704500.0,348150.0,1027100.0,-678950.0,0.0,0.0,0.0,0.0,20650.0,20900.0,20300.0,20650.0,20530.0,HSX_FOREIGN_API,HOSE_SYMBOL_LEVEL,VND,2026-08-25T03:49:45Z,ff_hsx_symbol_daily_v1,9c71e51ada30dff8ef54b8f17512c53380800f9f2b595662117807a5b5a2d773
2023-08-17,NVL,HOSE,5868191350.0,11991679900.0,-6123488550.0,283129.0,578613.0,-295484.0,0.0,0.0,0.0,0.0,20500.0,21150.0,20500.0,20650.0,20750.0,HSX_FOREIGN_API,HOSE_SYMBOL_LEVEL,VND,2026-08-25T03:49:45Z,ff_hsx_symbol_daily_v1,d4cf4fb6fe555e09a8ee59a8e4f77eb7eba9fc8aac4b7590b1c6abbed5a1c673
2023-08-18,NVL,HOSE,3203900000.0,6686360000.0,-3482460000.0,163700.0,342100.0,-178400.0,0.0,0.0,0.0,0.0,20450.0,20500.0,19250.0,19250.0,19800.0,HSX_FOREIGN_API,HOSE_SYMBOL_LEVEL,VND,2026-08-25T03:49:45Z,ff_hsx_symbol_daily_v1,a48820497b722bfb201a4a0b33662a98f8d34335f6313fb45990d52c46e42fc2
2023-08-21,NVL,HOSE,33641332700.0,8155050000.0,25486282700.0,1824578.0,441900.0,1382678.0,0.0,0.0,0.0,0.0,18800.0,19100.0,18050.0,18500.0,18550.0,HSX_FOREIGN_API,HOSE_SYMBOL_LEVEL,VND,2026-08-25T03:49:45Z,ff_hsx_symbol_daily_v1,a14ab668f1ddcc147f99252685d4e025ba2821be528b212aadffcb1305bc38b6
2023-08-22,NVL,HOSE,10107043000.0,8659589400.0,1447453600.0,560475.0,478213.0,82262.0,0.0,0.0,0.0,0.0,18550.0,18900.0,17300.0,18500.0,18010.0,HSX_FOREIGN_API,HOSE_SYMBOL_LEVEL,VND,2026-08-25T03:49:45Z,ff_hsx_symbol_daily_v1,ac83971d84f9b3e87fa4d490e06120d4bd64bf0e2041e2f6117229e5b225bbff
2023-08-23,NVL,HOSE,25812385000.0,9109066000.0,16703319000.0,1366800.0,480629.0,886171.0,0.0,0.0,0.0,0.0,18800.0,19250.0,18550.0,18700.0,18900.0,HSX_FOREIGN_API,HOSE_SYMBOL_LEVEL,VND,2026-08-25T03:49:45Z,ff_hsx_symbol_daily_v1,aa4778d98c68692a3cb86215f448e00cdd8558c818e6b5c3e75ac37a5d9e1a1a
2023-08-24,NVL,HOSE,3825236050.0,7029450000.0,-3204213950.0,195041.0,360500.0,-165459.0,0.0,0.0,0.0,0.0,18800.0,19950.0,18550.0,19800.0,19240.0,HSX_FOREIGN_API,HOSE_SYMBOL_LEVEL,VND,2026-08-25T03:49:45Z,ff_hsx_symbol_daily_v1,b540f08b87776c1b092c4719f209f9969e081bc59754f00d3e3a5995c2c4c0d9
2023-08-25,NVL,HOSE,1438265000.0,39863282550.0,-38425017550.0,73300.0,2029920.0,-1956620.0,0.0,0.0,0.0,0.0,19800.0,20000.0,19300.0,19400.0,19630.0,HSX_FOREIGN_API,HOSE_SYMBOL_LEVEL,VND,2026-08-25T03:49:45Z,ff_hsx_symbol_daily_v1,0a7daba04b0b811d2a586ebd557a5704c0913c7caf950860c8959b83d4b425b8
2023-08-28,NVL,HOSE,8103750600.0,8069775000.0,33975600.0,410311.0,409300.0,1011.0,0.0,0.0,0.0,0.0,19600.0,20100.0,19350.0,20000.0,19790.0,HSX_FOREIGN_API,HOSE_SYMBOL_LEVEL,VND,2026-08-25T03:49:45Z,ff_hsx_symbol_daily_v1,1e1701d234b0f2402b9235d8ef3bf7082e23106835380493d5d4714077067096
2023-08-29,NVL,HOSE,451993900.0,4951980000.0,-4499986100.0,22020.0,242700.0,-220680.0,0.0,0.0,0.0,0.0,20200.0,21050.0,20100.0,20350.0,20510.0,HSX_FOREIGN_API,HOSE_SYMBOL_LEVEL,VND,2026-08-25T03:49:45Z,ff_hsx_symbol_daily_v1,869961baa6c310dbb2d79ac4d240b698a7333ec150b9a4729122a51de51f7888
2023-08-30,NVL,HOSE,1288095000.0,1509165000.0,-221070000.0,64370.0,75150.0,-10780.0,0.0,0.0,0.0,0.0,20500.0,20600.0,19500.0,20050.0,20020.0,HSX_FOREIGN_API,HOSE_SYMBOL_LEVEL,VND,2026-08-25T03:49:45Z,ff_hsx_symbol_daily_v1,3bc017a2a474ecf0400c8dce8827fa22744c743a47692f3cff1f86af92485c77
2023-08-31,NVL,HOSE,4745360000.0,13678057350.0,-8932697350.0,232700.0,670021.0,-437321.0,0.0,0.0,0.0,0.0,20100.0,20500.0,20000.0,20450.0,20250.0,HSX_FOREIGN_API,HOSE_SYMBOL_LEVEL,VND,2026-08-25T03:49:45Z,ff_hsx_symbol_daily_v1,06c2636ba0a7f736d122289c1bae9a3c693ea471ebafb7a1582ab73e29a1d279
2023-09-05,NVL,HOSE,18624735000.0,6553672000.0,12071063000.0,869200.0,306728.0,562472.0,0.0,0.0,0.0,0.0,20900.0,21700.0,20800.0,21400.0,21310.0,HSX_FOREIGN_API,HOSE_SYMBOL_LEVEL,VND,2026-08-25T03:49:45Z,ff_hsx_symbol_daily_v1,ae93abf8bb0ca668ff7cc64bd7bdfa72af1c789bb95aaab9b1fd43ff95d7640e
2023-09-06,NVL,HOSE,16646853800.0,8594236800.0,8052617000.0,772677.0,401137.0,371540.0,5453511800.0,5453511800.0,254837.0,254837.0,21300.0,21800.0,21000.0,21800.0,21480.0,HSX_FOREIGN_API,HOSE_SYMBOL_LEVEL,VND,2026-08-25T03:49:45Z,ff_hsx_symbol_daily_v1,9447f561ab22415ce945f557b19abc4acbf93e697e0e3c2b251c6109c8e149b8
2023-09-07,NVL,HOSE,3198535000.0,23723350000.0,-20524815000.0,146300.0,1093350.0,-947050.0,0.0,0.0,0.0,0.0,22000.0,22150.0,21500.0,21600.0,21790.0,HSX_FOREIGN_API,HOSE_SYMBOL_LEVEL,VND,2026-08-25T03:49:45Z,ff_hsx_symbol_daily_v1,1bc12f92d1fea923708a5994ba3581f8fa1c73dfff4e3eaac5b48a8084e3e771
2023-09-08,NVL,HOSE,24730315000.0,12181040000.0,12549275000.0,1123100.0,557700.0,565400.0,0.0,0.0,0.0,0.0,21600.0,22250.0,21400.0,22000.0,21890.0,HSX_FOREIGN_API,HOSE_SYMBOL_LEVEL,VND,2026-08-25T03:49:45Z,ff_hsx_symbol_daily_v1,fd185730a6e86d7e0f626a49e001c26549fa84da9b317231864e674124e0853e
2023-09-11,NVL,HOSE,2515795000.0,34594165000.0,-32078370000.0,117400.0,1608900.0,-1491500.0,0.0,0.0,0.0,0.0,22050.0,22200.0,20500.0,20500.0,21230.0,HSX_FOREIGN_API,HOSE_SYMBOL_LEVEL,VND,2026-08-25T03:49:45Z,ff_hsx_symbol_daily_v1,022d8b9a510fb7c5050cad9ea718e20541283d0928d050e17597a6434ea8813d
2023-09-12,NVL,HOSE,4340283400.0,20550753300.0,-16210469900.0,209628.0,1009850.0,-800222.0,0.0,0.0,0.0,0.0,20150.0,20950.0,19650.0,20950.0,20300.0,HSX_FOREIGN_API,HOSE_SYMBOL_LEVEL,VND,2026-08-25T03:49:45Z,ff_hsx_symbol_daily_v1,d50cca27cbb2de74a306a606337a671840c35beadbc18c65d654ca145120e850
2023-09-13,NVL,HOSE,1305550000.0,33293831250.0,-31988281250.0,64300.0,1612555.0,-1548255.0,0.0,0.0,0.0,0.0,21000.0,21100.0,19500.0,19950.0,20240.0,HSX_FOREIGN_API,HOSE_SYMBOL_LEVEL,VND,2026-08-25T03:49:45Z,ff_hsx_symbol_daily_v1,752353580f0c84c310241b0a469a15ddf863806fceeffbe59712e49253c69ad7
2023-09-14,NVL,HOSE,2554190000.0,2515941900.0,38248100.0,133425.0,131918.0,1507.0,0.0,0.0,0.0,0.0,19600.0,19800.0,18600.0,18700.0,19050.0,HSX_FOREIGN_API,HOSE_SYMBOL_LEVEL,VND,2026-08-25T03:49:45Z,ff_hsx_symbol_daily_v1,f7db4444f14515e6133167936ab1eb08017f45d41d9d4d639da81500a4817df7
2023-09-15,NVL,HOSE,1856493000.0,16913290000.0,-15056797000.0,97730.0,894300.0,-796570.0,0.0,0.0,0.0,0.0,19000.0,19250.0,18650.0,18900.0,18950.0,HSX_FOREIGN_API,HOSE_SYMBOL_LEVEL,VND,2026-08-25T03:49:45Z,ff_hsx_symbol_daily_v1,66d7d711c0a4974b2097a722e5bb93370035c065b67099490f811b0025191357
2023-09-18,NVL,HOSE,641456200.0,3618288650.0,-2976832450.0,34809.0,197517.0,-162708.0,0.0,0.0,0.0,0.0,18900.0,18900.0,18050.0,18150.0,18400.0,HSX_FOREIGN_API,HOSE_SYMBOL_LEVEL,VND,2026-08-25T03:49:45Z,ff_hsx_symbol_daily_v1,572971ebee2353d21642f991c1be3c3464de8c11c71a76d938b81f7a75a18ce5
2023-09-19,NVL,HOSE,9608976700.0,16591248200.0,-6982271500.0,553043.0,949844.0,-396801.0,0.0,0.0,0.0,0.0,18250.0,18450.0,17050.0,17300.0,17460.0,HSX_FOREIGN_API,HOSE_SYMBOL_LEVEL,VND,2026-08-25T03:49:45Z,ff_hsx_symbol_daily_v1,519e154b99b0812fab40cd63dd997ed5b3cb4295e8e1097ad541d90abc07dfc6
2023-09-20,NVL,HOSE,11086564250.0,11949869250.0,-863305000.0,634729.0,678593.0,-43864.0,0.0,0.0,0.0,0.0,17200.0,18500.0,16600.0,18500.0,17600.0,HSX_FOREIGN_API,HOSE_SYMBOL_LEVEL,VND,2026-08-25T03:49:45Z,ff_hsx_symbol_daily_v1,b5103d2c13315d525d62c263be157d10ed91d4237ea9b742531f368b4b64c666
2023-09-21,NVL,HOSE,5134150000.0,1936241450.0,3197908550.0,278800.0,103575.0,175225.0,0.0,0.0,0.0,0.0,18750.0,19150.0,18000.0,18200.0,18640.0,HSX_FOREIGN_API,HOSE_SYMBOL_LEVEL,VND,2026-08-25T03:49:45Z,ff_hsx_symbol_daily_v1,a1583efddb35a6c24ee61ec7c24355350d88c193d2df34e8bdaee79b83498d48
2023-09-22,NVL,HOSE,6934067100.0,12814450000.0,-5880382900.0,403174.0,735000.0,-331826.0,0.0,0.0,0.0,0.0,17700.0,17800.0,16950.0,17400.0,17360.0,HSX_FOREIGN_API,HOSE_SYMBOL_LEVEL,VND,2026-08-25T03:49:45Z,ff_hsx_symbol_daily_v1,36888809631a5c8e92a38c178a3f46205e58b3f55283d2f8acdef6fe15174689
2023-09-25,NVL,HOSE,3812419500.0,14355873600.0,-10543454100.0,222375.0,844847.0,-622472.0,87000.0,87000.0,5.0,5.0,17200.0,17600.0,16200.0,16200.0,16770.0,HSX_FOREIGN_API,HOSE_SYMBOL_LEVEL,VND,2026-08-25T03:49:45Z,ff_hsx_symbol_daily_v1,56a0dfc3a6c2bb8156eef3f88b5d7ebc013fc3bd7cec56b919a3d0d03e551bbe
2023-09-26,NVL,HOSE,21422980000.0,13048406000.0,8374574000.0,1337350.0,834270.0,503080.0,0.0,0.0,0.0,0.0,15800.0,16500.0,15150.0,15150.0,15840.0,HSX_FOREIGN_API,HOSE_SYMBOL_LEVEL,VND,2026-08-25T03:49:45Z,ff_hsx_symbol_daily_v1,562e727625b0c6e0a722d5752f4a8db39cdfc216be99d1166c5dd051394f3367
2023-09-27,NVL,HOSE,14994234900.0,6105912850.0,8888322050.0,1004922.0,404984.0,599938.0,0.0,0.0,0.0,0.0,15250.0,15500.0,14500.0,15500.0,15030.0,HSX_FOREIGN_API,HOSE_SYMBOL_LEVEL,VND,2026-08-25T03:49:45Z,ff_hsx_symbol_daily_v1,df1ab05696e74ca83bd20d09281a852aae453939cd81e3df3be20371571f81c0
2023-09-28,NVL,HOSE,5147225000.0,1314725450.0,3832499550.0,326842.0,83884.0,242958.0,0.0,0.0,0.0,0.0,15500.0,16050.0,15300.0,15750.0,15730.0,HSX_FOREIGN_API,HOSE_SYMBOL_LEVEL,VND,2026-08-25T03:49:45Z,ff_hsx_symbol_daily_v1,bfd12bff68ea93f0eb7091f4715a16bde1d9ffc6e86109ff3f79ead7a9bb212a
2023-09-29,NVL,HOSE,901839000.0,14892717800.0,-13990878800.0,56530.0,943292.0,-886762.0,0.0,0.0,0.0,0.0,16000.0,16150.0,15550.0,15600.0,15820.0,HSX_FOREIGN_API,HOSE_SYMBOL_LEVEL,VND,2026-08-25T03:49:45Z,ff_hsx_symbol_daily_v1,16a48faddb87248dbae380c687039b342f64bea57767637dd4392b0734a46086
2023-10-02,NVL,HOSE,6997049800.0,851579250.0,6145470550.0,448008.0,54771.0,393237.0,0.0,0.0,0.0,0.0,15600.0,15850.0,15300.0,15400.0,15550.0,HSX_FOREIGN_API,HOSE_SYMBOL_LEVEL,VND,2026-08-25T03:49:45Z,ff_hsx_symbol_daily_v1,df60ad9525ac827e2329847a26e027c7b52116c0af5683b337affcc3cc479042
2023-10-03,NVL,HOSE,5215051000.0,4345789200.0,869261800.0,359091.0,289748.0,69343.0,0.0,987000000.0,0.0,60000.0,15150.0,15400.0,14350.0,14350.0,14610.0,HSX_FOREIGN_API,HOSE_SYMBOL_LEVEL,VND,2026-08-25T03:49:45Z,ff_hsx_symbol_daily_v1,44fc02486f263aad6ca469acd34f0811227cb8cc234d8c953242da96bade5045
2023-10-04,NVL,HOSE,21154556850.0,2663054000.0,18491502850.0,1472251.0,182166.0,1290085.0,0.0,0.0,0.0,0.0,13900.0,14900.0,13900.0,14600.0,14490.0,HSX_FOREIGN_API,HOSE_SYMBOL_LEVEL,VND,2026-08-25T03:49:45Z,ff_hsx_symbol_daily_v1,ca259c1633ecbdd9db88cba8fc16d658561b143a9cb326aba25f4e73bc702436
2023-10-05,NVL,HOSE,1488502500.0,14107745000.0,-12619242500.0,104290.0,977900.0,-873610.0,0.0,0.0,0.0,0.0,14600.0,14800.0,13800.0,13800.0,14250.0,HSX_FOREIGN_API,HOSE_SYMBOL_LEVEL,VND,2026-08-25T03:49:45Z,ff_hsx_symbol_daily_v1,e7c942b5a930ffc6009d277028a029c3915a183f6de995d9025bedbc456e4518
2023-10-06,NVL,HOSE,13364784400.0,4122640000.0,9242144400.0,974019.0,296600.0,677419.0,0.0,0.0,0.0,0.0,13800.0,14000.0,13500.0,13900.0,13750.0,HSX_FOREIGN_API,HOSE_SYMBOL_LEVEL,VND,2026-08-25T03:49:45Z,ff_hsx_symbol_daily_v1,96f427221dbe4413c4469fa6a30ca75f26fb0057ef71a06f166eca268380cafe
2023-10-09,NVL,HOSE,14655744400.0,359225000.0,14296519400.0,1027388.0,25400.0,1001988.0,0.0,0.0,0.0,0.0,14000.0,14450.0,13900.0,14350.0,14220.0,HSX_FOREIGN_API,HOSE_SYMBOL_LEVEL,VND,2026-08-25T03:49:45Z,ff_hsx_symbol_daily_v1,3d6a70ce4e64e833322749fab4bd7a741365ce06f9b58acf8670d24bea18af9e
2023-10-10,NVL,HOSE,1936140000.0,5462165000.0,-3526025000.0,132320.0,376800.0,-244480.0,0.0,0.0,0.0,0.0,14500.0,14750.0,14200.0,14200.0,14500.0,HSX_FOREIGN_API,HOSE_SYMBOL_LEVEL,VND,2026-08-25T03:49:45Z,ff_hsx_symbol_daily_v1,004d680e9563180f0c443f3a511015806e9a38076a9dd021381fa397f1ecf756
2023-10-11,NVL,HOSE,6258374000.0,48280000.0,6210094000.0,437330.0,3400.0,433930.0,0.0,0.0,0.0,0.0,14250.0,14450.0,14100.0,14450.0,14260.0,HSX_FOREIGN_API,HOSE_SYMBOL_LEVEL,VND,2026-08-25T03:49:45Z,ff_hsx_symbol_daily_v1,d476c8ca340c00ca4cd6fe40a8c6da1efe4a61301322c6180ddda7d4f50d1cf1
2023-10-12,NVL,HOSE,4448432500.0,9834310000.0,-5385877500.0,299750.0,659000.0,-359250.0,0.0,0.0,0.0,0.0,14600.0,15150.0,14600.0,14850.0,14920.0,HSX_FOREIGN_API,HOSE_SYMBOL_LEVEL,VND,2026-08-25T03:49:45Z,ff_hsx_symbol_daily_v1,baba95e34019867956a8e96f8e31b572222004ed14e7fb7375193f281c90bba4
2023-10-13,NVL,HOSE,4567789750.0,9658350000.0,-5090560250.0,306905.0,662400.0,-355495.0,0.0,0.0,0.0,0.0,14600.0,15000.0,14400.0,14950.0,14690.0,HSX_FOREIGN_API,HOSE_SYMBOL_LEVEL,VND,2026-08-25T03:49:45Z,ff_hsx_symbol_daily_v1,8a73f8bdef42ba67fd3e3de23eafe09e69abcad34981d3dbcbb854ad08bd3237
2023-10-16,NVL,HOSE,193996000.0,14456690000.0,-14262694000.0,13240.0,972700.0,-959460.0,0.0,0.0,0.0,0.0,14950.0,15300.0,14500.0,14550.0,14870.0,HSX_FOREIGN_API,HOSE_SYMBOL_LEVEL,VND,2026-08-25T03:49:45Z,ff_hsx_symbol_daily_v1,6ca0416496b8fda94624ae4623409169fddb72906f7068ecc74c3325438293dc
2023-10-17,NVL,HOSE,5818015000.0,2027360000.0,3790655000.0,413500.0,140000.0,273500.0,0.0,0.0,0.0,0.0,14700.0,14750.0,13750.0,13750.0,14340.0,HSX_FOREIGN_API,HOSE_SYMBOL_LEVEL,VND,2026-08-25T03:49:45Z,ff_hsx_symbol_daily_v1,b9bc43cd5995abb6b9282bd922ead1970ffeaa6af089fef1063705b914315831
2023-10-18,NVL,HOSE,4428139000.0,16632590000.0,-12204451000.0,329630.0,1242800.0,-913170.0,0.0,0.0,0.0,0.0,13850.0,14000.0,12800.0,13000.0,13480.0,HSX_FOREIGN_API,HOSE_SYMBOL_LEVEL,VND,2026-08-25T03:49:45Z,ff_hsx_symbol_daily_v1,6e0fc989ee1961551d1f7948b41028b84adb70e0fb745a53311ddf9dac4ff40a
2023-10-19,NVL,HOSE,5534970000.0,2313955000.0,3221015000.0,420000.0,178700.0,241300.0,0.0,0.0,0.0,0.0,13200.0,13700.0,12800.0,13200.0,13140.0,HSX_FOREIGN_API,HOSE_SYMBOL_LEVEL,VND,2026-08-25T03:49:45Z,ff_hsx_symbol_daily_v1,80cc26e5f270f09c5224bd4e34cc0404ef0d418a89f1cd3ce53893053fd11756
2023-10-20,NVL,HOSE,7126100000.0,6390605000.0,735495000.0,526000.0,483900.0,42100.0,0.0,0.0,0.0,0.0,13250.0,13800.0,13000.0,13800.0,13350.0,HSX_FOREIGN_API,HOSE_SYMBOL_LEVEL,VND,2026-08-25T03:49:45Z,ff_hsx_symbol_daily_v1,15ebe725c9c74e25942e7d892252878ca6f66568541e7f72e254bc9fcb68f17e
2023-10-23,NVL,HOSE,439030000.0,13761425000.0,-13322395000.0,32300.0,1009000.0,-976700.0,0.0,0.0,0.0,0.0,13800.0,13950.0,13350.0,13350.0,13610.0,HSX_FOREIGN_API,HOSE_SYMBOL_LEVEL,VND,2026-08-25T03:49:45Z,ff_hsx_symbol_daily_v1,95da0362b51fa87be2615607e8f53512c024be4ce6d18d8e96291e0605ec6cc1
2023-10-24,NVL,HOSE,43175000.0,3664310000.0,-3621135000.0,3200.0,273600.0,-270400.0,0.0,0.0,0.0,0.0,13500.0,13750.0,13300.0,13650.0,13540.0,HSX_FOREIGN_API,HOSE_SYMBOL_LEVEL,VND,2026-08-25T03:49:45Z,ff_hsx_symbol_daily_v1,0a1f4bc96261adf641e13284d53aadadb5fc85ca13a4e2954cc22f283247b000
2023-10-25,NVL,HOSE,1934010000.0,3103550000.0,-1169540000.0,137500.0,222600.0,-85100.0,0.0,0.0,0.0,0.0,13800.0,14250.0,13800.0,13850.0,14010.0,HSX_FOREIGN_API,HOSE_SYMBOL_LEVEL,VND,2026-08-25T03:49:45Z,ff_hsx_symbol_daily_v1,7963a25e2ad93dd4371101e1e72b6ecc9420e0cc5231181551baf39373132a92
2023-10-26,NVL,HOSE,493950000.0,24987265000.0,-24493315000.0,38100.0,1920300.0,-1882200.0,0.0,0.0,0.0,0.0,13400.0,13600.0,12900.0,12900.0,13020.0,HSX_FOREIGN_API,HOSE_SYMBOL_LEVEL,VND,2026-08-25T03:49:45Z,ff_hsx_symbol_daily_v1,4945d743384c0da07550ec0f59f3f26d6b4a90d19ff70e17e1005c882b8c5842
2023-10-27,NVL,HOSE,157705000.0,15022352050.0,-14864647050.0,12300.0,1177707.0,-1165407.0,0.0,0.0,0.0,0.0,13100.0,13500.0,12150.0,13300.0,12880.0,HSX_FOREIGN_API,HOSE_SYMBOL_LEVEL,VND,2026-08-25T03:49:45Z,ff_hsx_symbol_daily_v1,4a213aef9dcc9ee2453d9131f55f4d0178dbfb2d644742e95aab0529a98a9e09
2023-10-30,NVL,HOSE,2224255000.0,2144345000.0,79910000.0,166900.0,164300.0,2600.0,0.0,0.0,0.0,0.0,13250.0,13800.0,12950.0,13300.0,13450.0,HSX_FOREIGN_API,HOSE_SYMBOL_LEVEL,VND,2026-08-25T03:49:45Z,ff_hsx_symbol_daily_v1,380fb54fdebe8a35c62eace1431ed5f3fe9ce7daed833787219b6cbe9fddd362
2023-10-31,NVL,HOSE,4368110000.0,6120445000.0,-1752335000.0,331600.0,463000.0,-131400.0,0.0,0.0,0.0,0.0,13400.0,13600.0,12800.0,12900.0,13220.0,HSX_FOREIGN_API,HOSE_SYMBOL_LEVEL,VND,2026-08-25T03:49:45Z,ff_hsx_symbol_daily_v1,e8f20efff0e13fda5deb8c6609436c9615f0e3c3bbe2787cbac638e0fdf3b5f9
2023-11-01,NVL,HOSE,2944343750.0,579840000.0,2364503750.0,228065.0,45300.0,182765.0,0.0,0.0,0.0,0.0,13000.0,13100.0,12600.0,13100.0,12870.0,HSX_FOREIGN_API,HOSE_SYMBOL_LEVEL,VND,2026-08-25T03:49:45Z,ff_hsx_symbol_daily_v1,208f1f447ec183903d78dc51a128ed26357e6c9ee2bc449b8bb4792d3529dcbf
2023-11-02,NVL,HOSE,4965255000.0,2232735000.0,2732520000.0,366500.0,165300.0,201200.0,0.0,0.0,0.0,0.0,13350.0,14000.0,13100.0,14000.0,13680.0,HSX_FOREIGN_API,HOSE_SYMBOL_LEVEL,VND,2026-08-25T03:49:45Z,ff_hsx_symbol_daily_v1,c785b03aa8678994402769c6f2209e8744d75ef8220cdb21f03c3e0ae0ddc684
2023-11-03,NVL,HOSE,11015915000.0,4762455000.0,6253460000.0,756420.0,324100.0,432320.0,0.0,0.0,0.0,0.0,14900.0,14900.0,14350.0,14550.0,14620.0,HSX_FOREIGN_API,HOSE_SYMBOL_LEVEL,VND,2026-08-25T03:49:45Z,ff_hsx_symbol_daily_v1,39aa7f486ba5c8ab2ffba02946483bc05027b016143cb98393e6ff70f1bd0baf
2023-11-06,NVL,HOSE,6625950000.0,2818900000.0,3807050000.0,459900.0,194400.0,265500.0,0.0,0.0,0.0,0.0,14600.0,14900.0,14250.0,14800.0,14520.0,HSX_FOREIGN_API,HOSE_SYMBOL_LEVEL,VND,2026-08-25T03:49:45Z,ff_hsx_symbol_daily_v1,e778135a1613db9ec1ea164ee8218e2fb2be2c79563e202be648d13af5eb8558
2023-11-07,NVL,HOSE,3323455000.0,4491955000.0,-1168500000.0,226800.0,307200.0,-80400.0,0.0,0.0,0.0,0.0,14650.0,14850.0,14450.0,14500.0,14600.0,HSX_FOREIGN_API,HOSE_SYMBOL_LEVEL,VND,2026-08-25T03:49:45Z,ff_hsx_symbol_daily_v1,09dd2e958addd11d7645ea0dd24a8875a65579554a67a026d1987ffe8edcb0a6
2023-11-08,NVL,HOSE,19812060000.0,1231205000.0,18580855000.0,1305300.0,83500.0,1221800.0,0.0,0.0,0.0,0.0,14500.0,15500.0,14400.0,15500.0,15090.0,HSX_FOREIGN_API,HOSE_SYMBOL_LEVEL,VND,2026-08-25T03:49:45Z,ff_hsx_symbol_daily_v1,f3ea764c98d249286392a4873fb299bcccb643c3a927b73f85daffb4a2f9c92e
2023-11-09,NVL,HOSE,17918200000.0,11765744100.0,6152455900.0,1099300.0,731753.0,367547.0,0.0,0.0,0.0,0.0,15800.0,16550.0,15750.0,16300.0,16260.0,HSX_FOREIGN_API,HOSE_SYMBOL_LEVEL,VND,2026-08-25T03:49:45Z,ff_hsx_symbol_daily_v1,bc3b3e6b19e1e0d73e2a03bb342dce3c135d0681a751be2add8452e2b60f0b59
2023-11-10,NVL,HOSE,1056815000.0,4107432500.0,-3050617500.0,65200.0,253950.0,-188750.0,0.0,0.0,0.0,0.0,16050.0,16950.0,15950.0,16000.0,16300.0,HSX_FOREIGN_API,HOSE_SYMBOL_LEVEL,VND,2026-08-25T03:49:45Z,ff_hsx_symbol_daily_v1,6ef0ba49fe05f6b035e55a9f340d5c39fe3b90f790fa8ebbe31062f50487bf1f
2023-11-13,NVL,HOSE,388790000.0,12944425000.0,-12555635000.0,24400.0,809000.0,-784600.0,0.0,0.0,0.0,0.0,15950.0,16300.0,15500.0,15750.0,15930.0,HSX_FOREIGN_API,HOSE_SYMBOL_LEVEL,VND,2026-08-25T03:49:45Z,ff_hsx_symbol_daily_v1,2353555052340a36d9f92321a10c6c41b0c72117ed864a5d4acf63528f2ab6a0
2023-11-14,NVL,HOSE,2561530000.0,2910000000.0,-348470000.0,158000.0,180300.0,-22300.0,0.0,0.0,0.0,0.0,16050.0,16400.0,15800.0,16100.0,16120.0,HSX_FOREIGN_API,HOSE_SYMBOL_LEVEL,VND,2026-08-25T03:49:45Z,ff_hsx_symbol_daily_v1,a7f0d8eaef18c96a1c70adb12264b2087ba9673b944164a16e3cc5a2c25a5987
2023-11-15,NVL,HOSE,840405000.0,9743080600.0,-8902675600.0,50700.0,590304.0,-539604.0,0.0,0.0,0.0,0.0,16650.0,16750.0,16200.0,16250.0,16540.0,HSX_FOREIGN_API,HOSE_SYMBOL_LEVEL,VND,2026-08-25T03:49:45Z,ff_hsx_symbol_daily_v1,97d4fab6819b8ace842f67e6d732ed18d6a2c1fc53bde4c3577ea85d0390204c
2023-11-16,NVL,HOSE,6262730000.0,4876705000.0,1386025000.0,377900.0,294900.0,83000.0,0.0,0.0,0.0,0.0,16200.0,16800.0,16100.0,16750.0,16560.0,HSX_FOREIGN_API,HOSE_SYMBOL_LEVEL,VND,2026-08-25T03:49:45Z,ff_hsx_symbol_daily_v1,342c000601f041682b1ee046a3f879fde16f3e8db4c590b2b5f45a1b0b2b7dd9
2023-11-17,NVL,HOSE,2562670000.0,5084815000.0,-2522145000.0,158600.0,310600.0,-152000.0,0.0,0.0,0.0,0.0,16750.0,16950.0,15850.0,16100.0,16350.0,HSX_FOREIGN_API,HOSE_SYMBOL_LEVEL,VND,2026-08-25T03:49:45Z,ff_hsx_symbol_daily_v1,d54b38f9e7d9d15f9d44072fbe27dbe53efa70bc74fa456bc503f59f5297ab44
2023-11-20,NVL,HOSE,3719687000.0,174143900.0,3545543100.0,231112.0,10759.0,220353.0,0.0,0.0,0.0,0.0,15700.0,16350.0,15700.0,16200.0,16010.0,HSX_FOREIGN_API,HOSE_SYMBOL_LEVEL,VND,2026-08-25T03:49:45Z,ff_hsx_symbol_daily_v1,0955821689cc871dc469037af56a2b309c08bd6ed7c63413e971a253457529b2
2023-11-21,NVL,HOSE,164870000.0,4810065000.0,-4645195000.0,10100.0,294500.0,-284400.0,0.0,0.0,0.0,0.0,16500.0,16500.0,16150.0,16250.0,16300.0,HSX_FOREIGN_API,HOSE_SYMBOL_LEVEL,VND,2026-08-25T03:49:45Z,ff_hsx_symbol_daily_v1,c3fbbb931f133834170850672524dc567c7accf8677260b6f1415761ac6aa3f9
2023-11-22,NVL,HOSE,273462000.0,10025655950.0,-9752193950.0,16210.0,591615.0,-575405.0,0.0,0.0,0.0,0.0,16250.0,17350.0,16200.0,17350.0,17070.0,HSX_FOREIGN_API,HOSE_SYMBOL_LEVEL,VND,2026-08-25T03:49:45Z,ff_hsx_symbol_daily_v1,18ccd292814ca19531a1755a34e40326d6603ef539dc4dae6fbcb1918c3a3366
2023-11-23,NVL,HOSE,10856650000.0,8005805000.0,2850845000.0,638100.0,448300.0,189800.0,0.0,0.0,0.0,0.0,17700.0,18300.0,17000.0,17000.0,17830.0,HSX_FOREIGN_API,HOSE_SYMBOL_LEVEL,VND,2026-08-25T03:49:45Z,ff_hsx_symbol_daily_v1,e13a0df6dcc36dc6b8d0da9936e4f48627b6174754d0a18b97ae8abae5b6708f
2023-11-24,NVL,HOSE,866840000.0,7108145000.0,-6241305000.0,50400.0,411000.0,-360600.0,0.0,0.0,0.0,0.0,17400.0,17600.0,16750.0,17600.0,17100.0,HSX_FOREIGN_API,HOSE_SYMBOL_LEVEL,VND,2026-08-25T03:49:45Z,ff_hsx_symbol_daily_v1,97c85cdf0e498e513eb875a1a73c6486b4944b915cf26b3e59371bbdb94bffd9
2023-11-27,NVL,HOSE,6352421000.0,410423650.0,5941997350.0,358870.0,23341.0,335529.0,0.0,0.0,0.0,0.0,17650.0,18000.0,17350.0,17350.0,17650.0,HSX_FOREIGN_API,HOSE_SYMBOL_LEVEL,VND,2026-08-25T03:49:45Z,ff_hsx_symbol_daily_v1,26299d0259428bec09a6bf7fe0228f9c211ed1b8a90a0c55d1b8337a46e73674
2023-11-28,NVL,HOSE,348117400.0,7612572950.0,-7264455550.0,20454.0,443529.0,-423075.0,0.0,0.0,0.0,0.0,17350.0,17450.0,16800.0,17450.0,17100.0,HSX_FOREIGN_API,HOSE_SYMBOL_LEVEL,VND,2026-08-25T03:49:45Z,ff_hsx_symbol_daily_v1,b6b5dbe25dc6412b8c390d451979b0e536f0d25df47039663613d9eb86708f75
2023-11-29,NVL,HOSE,530660000.0,4986562350.0,-4455902350.0,29700.0,277633.0,-247933.0,0.0,0.0,0.0,0.0,17500.0,18250.0,17500.0,18100.0,17960.0,HSX_FOREIGN_API,HOSE_SYMBOL_LEVEL,VND,2026-08-25T03:49:45Z,ff_hsx_symbol_daily_v1,31ebf71d8642e40d3f75ecdede2efa39a21a6fc061a3474834b11c3622fce8e2
2023-11-30,NVL,HOSE,188520000.0,2387130550.0,-2198610550.0,10500.0,133293.0,-122793.0,0.0,0.0,0.0,0.0,18100.0,18100.0,17700.0,17700.0,17950.0,HSX_FOREIGN_API,HOSE_SYMBOL_LEVEL,VND,2026-08-25T03:49:45Z,ff_hsx_symbol_daily_v1,e4beec3b13590d1aef209980a021d3117e7eaeee784b273644c26dffb278d340
2023-12-01,NVL,HOSE,794918200.0,58610000.0,736308200.0,45107.0,3300.0,41807.0,0.0,0.0,0.0,0.0,17750.0,17950.0,17400.0,17700.0,17650.0,HSX_FOREIGN_API,HOSE_SYMBOL_LEVEL,VND,2026-08-25T03:49:45Z,ff_hsx_symbol_daily_v1,c7776976e36e61abc22798cd4ecd8ad31fc53f30101abc3f98093406f3128dde
2023-12-04,NVL,HOSE,11865897700.0,29727288150.0,-17861390450.0,653567.0,1641283.0,-987716.0,0.0,0.0,0.0,0.0,18050.0,18450.0,17950.0,18150.0,18180.0,HSX_FOREIGN_API,HOSE_SYMBOL_LEVEL,VND,2026-08-25T03:49:45Z,ff_hsx_symbol_daily_v1,eb30195803552399fcd8831de8634aeb11430589189533bdfb0460196612b8de
2023-12-05,NVL,HOSE,12156449250.0,9214543350.0,2941905900.0,659980.0,501401.0,158579.0,0.0,0.0,0.0,0.0,18400.0,18700.0,18150.0,18200.0,18390.0,HSX_FOREIGN_API,HOSE_SYMBOL_LEVEL,VND,2026-08-25T03:49:45Z,ff_hsx_symbol_daily_v1,034931a0ca6aef839e232f1f397e3d72de15fbab7ad0133359acb25f0b01bde0
2023-12-06,NVL,HOSE,11922961400.0,17772555000.0,-5849593600.0,655303.0,978500.0,-323197.0,0.0,0.0,0.0,0.0,18250.0,18350.0,18050.0,18300.0,18200.0,HSX_FOREIGN_API,HOSE_SYMBOL_LEVEL,VND,2026-08-25T03:49:45Z,ff_hsx_symbol_daily_v1,cce2d5963ddc55e6ee3bbb7c83f9d59f5ad8a168b2c991bb2a57cafaaff4e76f
2023-12-07,NVL,HOSE,14210775250.0,2353672400.0,11857102850.0,801173.0,132632.0,668541.0,0.0,0.0,0.0,0.0,18250.0,18450.0,17300.0,17500.0,17780.0,HSX_FOREIGN_API,HOSE_SYMBOL_LEVEL,VND,2026-08-25T03:49:45Z,ff_hsx_symbol_daily_v1,d59318368b7106d70bc32b5827487727df36b37b29c117cc5a66f657d39ad646
2023-12-08,NVL,HOSE,12880170500.0,0.0,12880170500.0,728039.0,0.0,728039.0,0.0,0.0,0.0,0.0,17600.0,17850.0,17400.0,17600.0,17650.0,HSX_FOREIGN_API,HOSE_SYMBOL_LEVEL,VND,2026-08-25T03:49:45Z,ff_hsx_symbol_daily_v1,c098707859b04d7d326fcf37e3a278ecc1360694ae7dbe40bb12f9070f072ba8
2023-12-11,NVL,HOSE,14233675500.0,1817032900.0,12416642600.0,809830.0,103472.0,706358.0,0.0,0.0,0.0,0.0,17600.0,17750.0,17350.0,17600.0,17570.0,HSX_FOREIGN_API,HOSE_SYMBOL_LEVEL,VND,2026-08-25T03:49:45Z,ff_hsx_symbol_daily_v1,7ad6298c80c31b1506dcfdbae0394258db01996066147de06401948921d29e2f
2023-12-12,NVL,HOSE,14239778150.0,693660000.0,13546118150.0,805335.0,39200.0,766135.0,0.0,0.0,0.0,0.0,17850.0,17850.0,17600.0,17700.0,17680.0,HSX_FOREIGN_API,HOSE_SYMBOL_LEVEL,VND,2026-08-25T03:49:45Z,ff_hsx_symbol_daily_v1,a0e850e1946119d02c63347ac05947818dd1151d17c75f59a7991488c106facd
2023-12-13,NVL,HOSE,164160000.0,4012705050.0,-3848545050.0,9500.0,229408.0,-219908.0,0.0,0.0,0.0,0.0,17850.0,17850.0,17000.0,17000.0,17440.0,HSX_FOREIGN_API,HOSE_SYMBOL_LEVEL,VND,2026-08-25T03:49:45Z,ff_hsx_symbol_daily_v1,865b616855c807b7f9a3dbae8674f038e3e663bbfa6e49065d90fc66ad755c4e
2023-12-14,NVL,HOSE,981122800.0,5755776900.0,-4774654100.0,59232.0,346189.0,-286957.0,0.0,0.0,0.0,0.0,17200.0,17250.0,16250.0,16300.0,16590.0,HSX_FOREIGN_API,HOSE_SYMBOL_LEVEL,VND,2026-08-25T03:49:45Z,ff_hsx_symbol_daily_v1,fee9e54dc110f070ef850b58077126e3345624ff2c08a9d42d421ddc43617203
2023-12-15,NVL,HOSE,243376030000.0,126527036800.0,116848993200.0,14421600.0,7495013.0,6926587.0,0.0,0.0,0.0,0.0,16300.0,17100.0,15800.0,16900.0,16670.0,HSX_FOREIGN_API,HOSE_SYMBOL_LEVEL,VND,2026-08-25T03:49:45Z,ff_hsx_symbol_daily_v1,bd267bbd0e79974e55add7b86b46d0a2534a0ab30195e1c9723c89ed1fe711a2
2023-12-18,NVL,HOSE,40230000.0,1729970000.0,-1689740000.0,2400.0,104900.0,-102500.0,0.0,0.0,0.0,0.0,16950.0,16950.0,16400.0,16400.0,16670.0,HSX_FOREIGN_API,HOSE_SYMBOL_LEVEL,VND,2026-08-25T03:49:45Z,ff_hsx_symbol_daily_v1,5a28aec84f67b554f64089d08baf8425b0a1777817feaa6d5a85e72f2fe4796e
2023-12-19,NVL,HOSE,453766750.0,4311952050.0,-3858185300.0,27515.0,257883.0,-230368.0,0.0,0.0,0.0,0.0,16400.0,16800.0,16200.0,16800.0,16480.0,HSX_FOREIGN_API,HOSE_SYMBOL_LEVEL,VND,2026-08-25T03:49:45Z,ff_hsx_symbol_daily_v1,4740e1992b574d71db69f04c68c97acbbcd52f002ae37f13be628c3e183e29a6
2023-12-20,NVL,HOSE,76356000.0,34381189250.0,-34304833250.0,4580.0,2059860.0,-2055280.0,0.0,0.0,0.0,0.0,16800.0,16900.0,16600.0,16750.0,16710.0,HSX_FOREIGN_API,HOSE_SYMBOL_LEVEL,VND,2026-08-25T03:49:45Z,ff_hsx_symbol_daily_v1,81ce5793e8d758b0e64272eb094efff420781d3fa924a27074e522f541ab6092
2023-12-21,NVL,HOSE,439550000.0,9268475000.0,-8828925000.0,26400.0,558300.0,-531900.0,0.0,0.0,0.0,0.0,16600.0,16700.0,16500.0,16600.0,16610.0,HSX_FOREIGN_API,HOSE_SYMBOL_LEVEL,VND,2026-08-25T03:49:45Z,ff_hsx_symbol_daily_v1,f2cda1b51d1accd4b29523e6316b3816d062e682c8b11caddd1931a83d61c3f7
2023-12-22,NVL,HOSE,75775000.0,2669994000.0,-2594219000.0,4500.0,160748.0,-156248.0,0.0,0.0,0.0,0.0,16650.0,16900.0,16500.0,16600.0,16710.0,HSX_FOREIGN_API,HOSE_SYMBOL_LEVEL,VND,2026-08-25T03:49:45Z,ff_hsx_symbol_daily_v1,ddb9ce1863baedbd86897910ff758ff241e09640abb10f4b13b48590af5a31c9
2023-12-25,NVL,HOSE,445700000.0,2948170000.0,-2502470000.0,26300.0,174900.0,-148600.0,0.0,0.0,0.0,0.0,16600.0,17100.0,16550.0,16900.0,16830.0,HSX_FOREIGN_API,HOSE_SYMBOL_LEVEL,VND,2026-08-25T03:49:45Z,ff_hsx_symbol_daily_v1,1e797d63da5610cea798d72874801898117e6ee258be00eccf8e6501d00d4732
2023-12-26,NVL,HOSE,695030000.0,849990000.0,-154960000.0,41200.0,50200.0,-9000.0,0.0,0.0,0.0,0.0,17000.0,17150.0,16800.0,16900.0,16960.0,HSX_FOREIGN_API,HOSE_SYMBOL_LEVEL,VND,2026-08-25T03:49:45Z,ff_hsx_symbol_daily_v1,8a3481137fbf34734c9ceac0ea30492dfbfc7627967d17f0a5b2b219e481b142
2023-12-27,NVL,HOSE,161340000.0,1547589300.0,-1386249300.0,9600.0,92010.0,-82410.0,0.0,0.0,0.0,0.0,16900.0,17000.0,16750.0,16800.0,16880.0,HSX_FOREIGN_API,HOSE_SYMBOL_LEVEL,VND,2026-08-25T03:49:45Z,ff_hsx_symbol_daily_v1,43dcdca8982913682b999c910ba8554958b25077e0adc34ee623a1812b109b34
2023-12-28,NVL,HOSE,2966880000.0,247822000.0,2719058000.0,176100.0,14720.0,161380.0,0.0,0.0,0.0,0.0,16750.0,16950.0,16700.0,16700.0,16800.0,HSX_FOREIGN_API,HOSE_SYMBOL_LEVEL,VND,2026-08-25T03:49:45Z,ff_hsx_symbol_daily_v1,e52989dd0a6201f191eaeac7440cc1e2a59a868282027db12db3a914057c74a8
2023-12-29,NVL,HOSE,1837920000.0,818606800.0,1019313200.0,106800.0,47676.0,59124.0,0.0,0.0,0.0,0.0,16700.0,17250.0,16700.0,17050.0,17070.0,HSX_FOREIGN_API,HOSE_SYMBOL_LEVEL,VND,2026-08-25T03:49:45Z,ff_hsx_symbol_daily_v1,6f5b72e295321867bf9f989192b2622af103b2670dd69e6b5799ac1c549c3c01
2024-01-02,NVL,HOSE,213965000.0,584030600.0,-370065600.0,12600.0,34284.0,-21684.0,0.0,0.0,0.0,0.0,17200.0,17300.0,16700.0,16750.0,16970.0,HSX_FOREIGN_API,HOSE_SYMBOL_LEVEL,VND,2026-08-25T03:49:45Z,ff_hsx_symbol_daily_v1,b1734c0510674c66fd6a9e67c4fba82b2758886530d809c9cc8af1443b393ff2
2024-01-03,NVL,HOSE,3331320000.0,3375825000.0,-44505000.0,198300.0,201400.0,-3100.0,0.0,0.0,0.0,0.0,16700.0,16850.0,16650.0,16800.0,16770.0,HSX_FOREIGN_API,HOSE_SYMBOL_LEVEL,VND,2026-08-25T03:49:45Z,ff_hsx_symbol_daily_v1,eb8d008560a5509d4aa928d45651275a4e99b903ce49fe3468cbe8a1e06c3688
2024-01-04,NVL,HOSE,230545000.0,1867859950.0,-1637314950.0,13600.0,109754.0,-96154.0,0.0,0.0,0.0,0.0,16900.0,17150.0,16850.0,16850.0,17010.0,HSX_FOREIGN_API,HOSE_SYMBOL_LEVEL,VND,2026-08-25T03:49:45Z,ff_hsx_symbol_daily_v1,c0380227f7eb1d48735bce2a09a77e2e18db305a59eb418b6b09f07d51856b1f
2024-01-05,NVL,HOSE,277530000.0,2115440000.0,-1837910000.0,16400.0,125200.0,-108800.0,0.0,0.0,0.0,0.0,16850.0,17050.0,16800.0,16850.0,16930.0,HSX_FOREIGN_API,HOSE_SYMBOL_LEVEL,VND,2026-08-25T03:49:45Z,ff_hsx_symbol_daily_v1,8fbaab2b5944612d6049f6ec4cf00f625512f08989a5ae12d483eae60328a4c9
2024-01-08,NVL,HOSE,14064215000.0,457900000.0,13606315000.0,810400.0,26400.0,784000.0,0.0,0.0,0.0,0.0,17050.0,17500.0,17000.0,17300.0,17290.0,HSX_FOREIGN_API,HOSE_SYMBOL_LEVEL,VND,2026-08-25T03:49:45Z,ff_hsx_symbol_daily_v1,aeff769767d67d7b9dec2e1a2c659b6121b5614ee33968c584a3bf2933c3de94
2024-01-09,NVL,HOSE,257305000.0,660634550.0,-403329550.0,14900.0,38486.0,-23586.0,0.0,0.0,0.0,0.0,17400.0,17450.0,17000.0,17050.0,17210.0,HSX_FOREIGN_API,HOSE_SYMBOL_LEVEL,VND,2026-08-25T03:49:45Z,ff_hsx_symbol_daily_v1,ac70d7576ece8f944b2c05471cc725636cf82c7fef683f81c5a7ec5af091459b
2024-01-10,NVL,HOSE,955695000.0,50700000.0,904995000.0,56700.0,3000.0,53700.0,0.0,0.0,0.0,0.0,17050.0,17200.0,16800.0,16900.0,16970.0,HSX_FOREIGN_API,HOSE_SYMBOL_LEVEL,VND,2026-08-25T03:49:45Z,ff_hsx_symbol_daily_v1,bafeb2999f3813dab89cb28bcb40a54b51954ef64c85d74f0d8fcf333a45ecba
2024-01-11,NVL,HOSE,8494550000.0,1733710000.0,6760840000.0,502300.0,102600.0,399700.0,0.0,0.0,0.0,0.0,16900.0,17050.0,16750.0,16850.0,16890.0,HSX_FOREIGN_API,HOSE_SYMBOL_LEVEL,VND,2026-08-25T03:49:45Z,ff_hsx_symbol_daily_v1,0fb3f3a47cfc53cf02f20702e36effdc8f710b8686f7e753ab266fd160022b48
2024-01-12,NVL,HOSE,7384895000.0,9243405000.0,-1858510000.0,446300.0,559500.0,-113200.0,0.0,0.0,0.0,0.0,16650.0,16750.0,16050.0,16300.0,16460.0,HSX_FOREIGN_API,HOSE_SYMBOL_LEVEL,VND,2026-08-25T03:49:45Z,ff_hsx_symbol_daily_v1,974295e55c01df7677fb7f242a857980fe47221617343d0937e6f7f1da0e838b
2024-01-15,NVL,HOSE,49300000.0,107545000.0,-58245000.0,3000.0,6500.0,-3500.0,0.0,0.0,0.0,0.0,16500.0,16600.0,16300.0,16300.0,16450.0,HSX_FOREIGN_API,HOSE_SYMBOL_LEVEL,VND,2026-08-25T03:49:45Z,ff_hsx_symbol_daily_v1,7f92c6676d7f454fe563f5bbae2dbcddedb14c6452c8840cb6fc76ca220acd78
2024-01-16,NVL,HOSE,74755000.0,897787700.0,-823032700.0,4600.0,55079.0,-50479.0,0.0,0.0,0.0,0.0,16200.0,16700.0,16150.0,16650.0,16370.0,HSX_FOREIGN_API,HOSE_SYMBOL_LEVEL,VND,2026-08-25T03:49:45Z,ff_hsx_symbol_daily_v1,73102cc18f529fdaa9d94c71bab8eee3be4e82151937f468b688ae8fa70789d9
2024-01-17,NVL,HOSE,6265740000.0,3485950000.0,2779790000.0,385500.0,214700.0,170800.0,0.0,0.0,0.0,0.0,16450.0,16600.0,16100.0,16200.0,16330.0,HSX_FOREIGN_API,HOSE_SYMBOL_LEVEL,VND,2026-08-25T03:49:45Z,ff_hsx_symbol_daily_v1,de985961806cd2207cae3a87cb3d6a0e2a07155e6995b8c47bdc89299ff54c34
2024-01-18,NVL,HOSE,372245000.0,2500440000.0,-2128195000.0,22700.0,153100.0,-130400.0,0.0,0.0,0.0,0.0,16400.0,16600.0,16250.0,16300.0,16390.0,HSX_FOREIGN_API,HOSE_SYMBOL_LEVEL,VND,2026-08-25T03:49:45Z,ff_hsx_symbol_daily_v1,00d226ed2c189e8a42789ea635d7844005c7043d9acf0db91e6a68c8f5a0a151
2024-01-19,NVL,HOSE,85285000.0,1659630000.0,-1574345000.0,5200.0,101300.0,-96100.0,0.0,0.0,0.0,0.0,16550.0,16550.0,16250.0,16400.0,16380.0,HSX_FOREIGN_API,HOSE_SYMBOL_LEVEL,VND,2026-08-25T03:49:45Z,ff_hsx_symbol_daily_v1,de7740d2f91ed57f6dd74be046aeef60e64dc797da84f0edce77d31e25624289
2024-01-22,NVL,HOSE,32554885000.0,8312631600.0,24242253400.0,1930800.0,488133.0,1442667.0,0.0,0.0,0.0,0.0,16400.0,17400.0,16200.0,17300.0,16830.0,HSX_FOREIGN_API,HOSE_SYMBOL_LEVEL,VND,2026-08-25T03:49:45Z,ff_hsx_symbol_daily_v1,8da31645515ebc770babf396b6e8651a2ed6581f8c84aad6a3bd1ec5d7914365
2024-01-23,NVL,HOSE,308295000.0,3414295000.0,-3106000000.0,18100.0,200400.0,-182300.0,0.0,0.0,0.0,0.0,17300.0,17350.0,16900.0,17000.0,17060.0,HSX_FOREIGN_API,HOSE_SYMBOL_LEVEL,VND,2026-08-25T03:49:45Z,ff_hsx_symbol_daily_v1,6db7258f04b0f9ec87b7bc8043f17dcd3dbdda747047021c2397a8c4bf1f6f88
2024-01-24,NVL,HOSE,192615000.0,199635000.0,-7020000.0,11400.0,11800.0,-400.0,0.0,0.0,0.0,0.0,17000.0,17050.0,16650.0,16700.0,16850.0,HSX_FOREIGN_API,HOSE_SYMBOL_LEVEL,VND,2026-08-25T03:49:45Z,ff_hsx_symbol_daily_v1,f4bc1c6b676a77c418fb5fca66ca23945fbfed6e753cf2d4326e06aca661e744
2024-01-25,NVL,HOSE,23310000.0,1901045000.0,-1877735000.0,1400.0,113900.0,-112500.0,0.0,0.0,0.0,0.0,16750.0,16800.0,16500.0,16600.0,16640.0,HSX_FOREIGN_API,HOSE_SYMBOL_LEVEL,VND,2026-08-25T03:49:45Z,ff_hsx_symbol_daily_v1,c1bdaa1364b5988d0c768c56e3181f5d943f3e1adf4fe5a19ce5f30b1329edae
2024-01-26,NVL,HOSE,471540000.0,1414059050.0,-942519050.0,28200.0,84859.0,-56659.0,0.0,0.0,0.0,0.0,16600.0,16900.0,16600.0,16600.0,16720.0,HSX_FOREIGN_API,HOSE_SYMBOL_LEVEL,VND,2026-08-25T03:49:45Z,ff_hsx_symbol_daily_v1,60a7b54c31e85d85ca6c097f33ca75ca6ed37f18cea7953108a476de64384201
2024-01-29,NVL,HOSE,243540000.0,1942075000.0,-1698535000.0,14700.0,117000.0,-102300.0,0.0,0.0,0.0,0.0,16650.0,16750.0,16350.0,16400.0,16590.0,HSX_FOREIGN_API,HOSE_SYMBOL_LEVEL,VND,2026-08-25T03:49:45Z,ff_hsx_symbol_daily_v1,36685d55d52f2edb41c532bd50586969594b927533d8e453439a66c9fc098375
2024-01-30,NVL,HOSE,106780000.0,3189520000.0,-3082740000.0,6500.0,193900.0,-187400.0,0.0,0.0,0.0,0.0,16400.0,16550.0,16300.0,16450.0,16400.0,HSX_FOREIGN_API,HOSE_SYMBOL_LEVEL,VND,2026-08-25T03:49:45Z,ff_hsx_symbol_daily_v1,bb292ca916f03bac4e2e7207030c97b51970cda52e816ce4861e94704146236f
2024-01-31,NVL,HOSE,506875000.0,1476495000.0,-969620000.0,30350.0,87900.0,-57550.0,0.0,0.0,0.0,0.0,17000.0,17050.0,16600.0,16700.0,16800.0,HSX_FOREIGN_API,HOSE_SYMBOL_LEVEL,VND,2026-08-25T03:49:45Z,ff_hsx_symbol_daily_v1,7fadd6dab9221acf99f4e4f3dd4c889b93b639a9522a863d095fa193f6f9fa6f
2024-02-01,NVL,HOSE,1593359400.0,2517435000.0,-924075600.0,95435.0,151000.0,-55565.0,0.0,0.0,0.0,0.0,16750.0,16900.0,16600.0,16700.0,16700.0,HSX_FOREIGN_API,HOSE_SYMBOL_LEVEL,VND,2026-08-25T03:49:45Z,ff_hsx_symbol_daily_v1,d0b47afb43cefc605e96db88bfb6f8ef1565e791f4f1f1270ae5171fb44ede3a
2024-02-02,NVL,HOSE,129812393000.0,38660472000.0,91151921000.0,7618110.0,2305210.0,5312900.0,32820510000.0,32820510000.0,1965300.0,1965300.0,16700.0,17350.0,16650.0,17000.0,17090.0,HSX_FOREIGN_API,HOSE_SYMBOL_LEVEL,VND,2026-08-25T03:49:45Z,ff_hsx_symbol_daily_v1,0d3307f16732471b146813ba97073dad406d4daeebe4a79a0315fd8bb2883286
2024-02-05,NVL,HOSE,496969000.0,9592371000.0,-9095402000.0,29410.0,564028.0,-534618.0,0.0,0.0,0.0,0.0,17000.0,17100.0,16750.0,17000.0,16900.0,HSX_FOREIGN_API,HOSE_SYMBOL_LEVEL,VND,2026-08-25T03:49:45Z,ff_hsx_symbol_daily_v1,3af7dd104ee753072531bcfdd9b66210e753aa1109b9f47179f15f883500e6ba
2024-02-06,NVL,HOSE,3175115000.0,5092460000.0,-1917345000.0,183700.0,292800.0,-109100.0,0.0,0.0,0.0,0.0,17000.0,17500.0,17000.0,17250.0,17320.0,HSX_FOREIGN_API,HOSE_SYMBOL_LEVEL,VND,2026-08-25T03:49:45Z,ff_hsx_symbol_daily_v1,243f82c00cc87d1796f993733244cae5793b6c694fb9614788632b1dc98bc6ef
2024-02-07,NVL,HOSE,1150140000.0,81947107300.0,-80796967300.0,66500.0,4738951.0,-4672451.0,0.0,0.0,0.0,0.0,17300.0,17450.0,17050.0,17300.0,17280.0,HSX_FOREIGN_API,HOSE_SYMBOL_LEVEL,VND,2026-08-25T03:49:45Z,ff_hsx_symbol_daily_v1,125430eed5784aaeac6068753c66ea4c3ef117e5319a53af29982c9a1d081669
2024-02-15,NVL,HOSE,10962515000.0,2804068300.0,8158446700.0,626400.0,161617.0,464783.0,0.0,0.0,0.0,0.0,17500.0,17650.0,17300.0,17500.0,17470.0,HSX_FOREIGN_API,HOSE_SYMBOL_LEVEL,VND,2026-08-25T03:49:45Z,ff_hsx_symbol_daily_v1,21b358a631a517543ff731c6bde5ed40074dfb28e48f22da6c00447b0735806a
2024-02-16,NVL,HOSE,60631650000.0,18337016600.0,42294633400.0,3393900.0,1034498.0,2359402.0,0.0,0.0,0.0,0.0,17500.0,18000.0,17500.0,17700.0,17790.0,HSX_FOREIGN_API,HOSE_SYMBOL_LEVEL,VND,2026-08-25T03:49:45Z,ff_hsx_symbol_daily_v1,4eccb3c65fd1c83f5fb5a4336aa5faed7164919ba979fd2041763f92fd19978e
2024-02-19,NVL,HOSE,2154901000.0,7384790000.0,-5229889000.0,123024.0,419650.0,-296626.0,0.0,0.0,0.0,0.0,17700.0,17800.0,17400.0,17550.0,17510.0,HSX_FOREIGN_API,HOSE_SYMBOL_LEVEL,VND,2026-08-25T03:49:45Z,ff_hsx_symbol_daily_v1,ede392f9eeda7ceb5cf574b863d6b27df97c11265074a5bb226efaaf4d729ec0
2024-02-20,NVL,HOSE,2488950000.0,17306546600.0,-14817596600.0,142200.0,988583.0,-846383.0,0.0,0.0,0.0,0.0,17550.0,17650.0,17300.0,17550.0,17490.0,HSX_FOREIGN_API,HOSE_SYMBOL_LEVEL,VND,2026-08-25T03:49:45Z,ff_hsx_symbol_daily_v1,d44bc1f52c60a0881c9918a3cfa17eb55d1284b57b7f1be4aad21c72e9e97e45
2024-02-21,NVL,HOSE,11505410000.0,61535267300.0,-50029857300.0,652000.0,3518181.0,-2866181.0,0.0,0.0,0.0,0.0,17700.0,17800.0,17300.0,17350.0,17540.0,HSX_FOREIGN_API,HOSE_SYMBOL_LEVEL,VND,2026-08-25T03:49:45Z,ff_hsx_symbol_daily_v1,d75772f9d6a69e04c9a1331eb310b474bd3769cb1a96b221ddef381dd766bcae
2024-02-22,NVL,HOSE,1236570000.0,2436140000.0,-1199570000.0,71600.0,140800.0,-69200.0,0.0,0.0,0.0,0.0,17350.0,17400.0,17100.0,17100.0,17250.0,HSX_FOREIGN_API,HOSE_SYMBOL_LEVEL,VND,2026-08-25T03:49:45Z,ff_hsx_symbol_daily_v1,5ca0fa42a605dc88bc9d7dee04b66ad3e1274840c25e122cdeea0b79f45fe937
2024-02-23,NVL,HOSE,376365000.0,4066220000.0,-3689855000.0,22200.0,241600.0,-219400.0,0.0,0.0,0.0,0.0,17100.0,17250.0,16600.0,17000.0,16900.0,HSX_FOREIGN_API,HOSE_SYMBOL_LEVEL,VND,2026-08-25T03:49:45Z,ff_hsx_symbol_daily_v1,ceccd05df4096a85d0a8667345a2bbe4e904ca3abae1fa31ff94045c6f3506f6
2024-02-26,NVL,HOSE,2644253800.0,18540150.0,2625713650.0,157702.0,1116.0,156586.0,0.0,0.0,0.0,0.0,16800.0,16950.0,16550.0,16800.0,16700.0,HSX_FOREIGN_API,HOSE_SYMBOL_LEVEL,VND,2026-08-25T03:49:45Z,ff_hsx_symbol_daily_v1,a3cbb56cf95f7b77a44a435a8df8a1330adac9668e258b54c201b30d7eada733
2024-02-27,NVL,HOSE,26765905000.0,3433661450.0,23332243550.0,1578000.0,202109.0,1375891.0,0.0,0.0,0.0,0.0,16950.0,17100.0,16750.0,17050.0,16960.0,HSX_FOREIGN_API,HOSE_SYMBOL_LEVEL,VND,2026-08-25T03:49:45Z,ff_hsx_symbol_daily_v1,e00ed02894f2bd68c3edde0e5e95cbe0712798945cc7fe073589cf61558b7e37
2024-02-28,NVL,HOSE,23915410000.0,1297834050.0,22617575950.0,1410600.0,76350.0,1334250.0,0.0,0.0,0.0,0.0,17150.0,17200.0,16850.0,17000.0,16960.0,HSX_FOREIGN_API,HOSE_SYMBOL_LEVEL,VND,2026-08-25T03:49:45Z,ff_hsx_symbol_daily_v1,707f9a8babbe5697e1b73784c192a94a9a4dce4e55f3f767717901fa2da9c3d8
2024-02-29,NVL,HOSE,17082770000.0,3210085100.0,13872684900.0,996910.0,188031.0,808879.0,0.0,0.0,0.0,0.0,17000.0,17300.0,16900.0,17100.0,17110.0,HSX_FOREIGN_API,HOSE_SYMBOL_LEVEL,VND,2026-08-25T03:49:45Z,ff_hsx_symbol_daily_v1,060c54fd35c33e90bf2bfe2d3c99edcec6c00f9ecafae48a3f6ebad36ccbc9db
2024-03-01,NVL,HOSE,12751535000.0,1391232800.0,11360302200.0,738600.0,80436.0,658164.0,0.0,0.0,0.0,0.0,17150.0,17400.0,17050.0,17300.0,17240.0,HSX_FOREIGN_API,HOSE_SYMBOL_LEVEL,VND,2026-08-25T03:49:45Z,ff_hsx_symbol_daily_v1,7c42ca68312473b29c0a5babb12897ddbede0adee392353dc34c351fe5a27cf9
2024-03-04,NVL,HOSE,37676815000.0,474230000.0,37202585000.0,2148100.0,27050.0,2121050.0,0.0,0.0,0.0,0.0,17500.0,17700.0,17300.0,17500.0,17550.0,HSX_FOREIGN_API,HOSE_SYMBOL_LEVEL,VND,2026-08-25T03:49:45Z,ff_hsx_symbol_daily_v1,ff40023bbe81643e073fbed7c37b5e351b70fa0e74a3690e6e80512ec9830a8d
2024-03-05,NVL,HOSE,2169855000.0,470020000.0,1699835000.0,126100.0,27100.0,99000.0,0.0,0.0,0.0,0.0,17500.0,17500.0,17100.0,17200.0,17230.0,HSX_FOREIGN_API,HOSE_SYMBOL_LEVEL,VND,2026-08-25T03:49:45Z,ff_hsx_symbol_daily_v1,47de0276e8ca76178e3098f8a05ea7673938cfcfadcd84aec406e55bae38051d
2024-03-06,NVL,HOSE,452160000.0,25375000.0,426785000.0,26750.0,1500.0,25250.0,0.0,0.0,0.0,0.0,17200.0,17250.0,16750.0,16800.0,16960.0,HSX_FOREIGN_API,HOSE_SYMBOL_LEVEL,VND,2026-08-25T03:49:45Z,ff_hsx_symbol_daily_v1,4ed8b6bec3f8504290bce2c62a377d2597eaa0e19351b8e92119c746f2c1302f
2024-03-07,NVL,HOSE,3649315000.0,136975000.0,3512340000.0,216100.0,8100.0,208000.0,0.0,0.0,0.0,0.0,16800.0,17000.0,16700.0,16900.0,16830.0,HSX_FOREIGN_API,HOSE_SYMBOL_LEVEL,VND,2026-08-25T03:49:45Z,ff_hsx_symbol_daily_v1,e18c6eee1d667b1468159edca3145bc189873923d87c06afc58099127ac6131c
2024-03-08,NVL,HOSE,834244500.0,1846276850.0,-1012032350.0,50010.0,111889.0,-61879.0,0.0,0.0,0.0,0.0,16950.0,17050.0,16450.0,16500.0,16630.0,HSX_FOREIGN_API,HOSE_SYMBOL_LEVEL,VND,2026-08-25T03:49:45Z,ff_hsx_symbol_daily_v1,0c235e2bd14dbeebd41a963864070f06be3aa3f4d5bff83ca31290c05b491b51
2024-03-11,NVL,HOSE,1201400000.0,1068181250.0,133218750.0,73700.0,66485.0,7215.0,0.0,0.0,0.0,0.0,16500.0,16500.0,16000.0,16050.0,16260.0,HSX_FOREIGN_API,HOSE_SYMBOL_LEVEL,VND,2026-08-25T03:49:45Z,ff_hsx_symbol_daily_v1,b769b669543ad2e12f97beaa0ebd5f6e776f5056ddab55717302166341fd9659
2024-03-12,NVL,HOSE,467195000.0,700249200.0,-233054200.0,28900.0,43416.0,-14516.0,0.0,0.0,0.0,0.0,16050.0,16250.0,16000.0,16150.0,16140.0,HSX_FOREIGN_API,HOSE_SYMBOL_LEVEL,VND,2026-08-25T03:49:45Z,ff_hsx_symbol_daily_v1,3a72026b9a068f10f457065b4680212ae7b88f5430f6e759ce330d43a47aae1d
2024-03-13,NVL,HOSE,651730000.0,525045000.0,126685000.0,39600.0,32000.0,7600.0,0.0,0.0,0.0,0.0,16300.0,16550.0,16250.0,16550.0,16440.0,HSX_FOREIGN_API,HOSE_SYMBOL_LEVEL,VND,2026-08-25T03:49:45Z,ff_hsx_symbol_daily_v1,8cd605917b6a748ab31b29aff6870e22e224bf89426c2a234b48cae68b817ec6
2024-03-14,NVL,HOSE,2478190000.0,9980400.0,2468209600.0,150100.0,603.0,149497.0,0.0,0.0,0.0,0.0,16650.0,16750.0,16350.0,16450.0,16580.0,HSX_FOREIGN_API,HOSE_SYMBOL_LEVEL,VND,2026-08-25T03:49:45Z,ff_hsx_symbol_daily_v1,1098cd27cb40fc8d1a5a374116c6d3f374f0a8ae5819e734f9cc37c863a2c35c
2024-03-15,NVL,HOSE,5791748600.0,21412105000.0,-15620356400.0,351008.0,1297400.0,-946392.0,0.0,0.0,0.0,0.0,16450.0,16800.0,16400.0,16500.0,16600.0,HSX_FOREIGN_API,HOSE_SYMBOL_LEVEL,VND,2026-08-25T03:49:45Z,ff_hsx_symbol_daily_v1,a06b7fbd5f50dc71676078aa79913becde925972f890c6af3b7881075cbd95a7
2024-03-18,NVL,HOSE,40861685000.0,20702220000.0,20159465000.0,2491400.0,1225800.0,1265600.0,0.0,0.0,0.0,0.0,16500.0,17100.0,16150.0,16700.0,16630.0,HSX_FOREIGN_API,HOSE_SYMBOL_LEVEL,VND,2026-08-25T03:49:45Z,ff_hsx_symbol_daily_v1,4ab97cb61f37948aa0b80d07e05879764573e858193a11dc3d48e22ae8f4bc3c
2024-03-19,NVL,HOSE,264390000.0,14370534100.0,-14106144100.0,16000.0,864023.0,-848023.0,0.0,0.0,0.0,0.0,16900.0,16900.0,16500.0,16500.0,16660.0,HSX_FOREIGN_API,HOSE_SYMBOL_LEVEL,VND,2026-08-25T03:49:45Z,ff_hsx_symbol_daily_v1,0ee21881dc7f5919940ce6299ccd94b6a270533b37840b9dfab08398fbc16e23
2024-03-20,NVL,HOSE,8225000.0,25685813250.0,-25677588250.0,500.0,1553850.0,-1553350.0,0.0,0.0,0.0,0.0,16500.0,16650.0,16350.0,16550.0,16520.0,HSX_FOREIGN_API,HOSE_SYMBOL_LEVEL,VND,2026-08-25T03:49:45Z,ff_hsx_symbol_daily_v1,5139b561fbdca857dda82129e29a71326fcc904f094345a7083d2bc075a8b2d0
2024-03-21,NVL,HOSE,8545848500.0,32557115000.0,-24011266500.0,501645.0,1932900.0,-1431255.0,0.0,0.0,0.0,0.0,16800.0,17100.0,16600.0,17100.0,16920.0,HSX_FOREIGN_API,HOSE_SYMBOL_LEVEL,VND,2026-08-25T03:49:45Z,ff_hsx_symbol_daily_v1,87c4dca30e6aa5e835832fabb3d24f683639a07bd2c0cdc33e67fbdad7294c92
2024-03-22,NVL,HOSE,579736500.0,27677270000.0,-27097533500.0,33890.0,1612300.0,-1578410.0,0.0,0.0,0.0,0.0,17350.0,17450.0,16950.0,17100.0,17160.0,HSX_FOREIGN_API,HOSE_SYMBOL_LEVEL,VND,2026-08-25T03:49:45Z,ff_hsx_symbol_daily_v1,3cb3a23e1430de7faa4b6bc4b65f369219269c7584d6558f26431a8bb5cf06c7
2024-03-25,NVL,HOSE,242081934900.0,4697085000.0,237384849900.0,13548114.0,266900.0,13281214.0,0.0,0.0,0.0,0.0,17200.0,18200.0,17150.0,17700.0,17840.0,HSX_FOREIGN_API,HOSE_SYMBOL_LEVEL,VND,2026-08-25T03:49:45Z,ff_hsx_symbol_daily_v1,6021d5c4325b0defc6721eb90443ebd37ec98b542fb20b515c07e40730decd9f
2024-03-26,NVL,HOSE,7222092900.0,8699036000.0,-1476943100.0,404551.0,485907.0,-81356.0,0.0,0.0,0.0,0.0,17800.0,18050.0,17600.0,17850.0,17890.0,HSX_FOREIGN_API,HOSE_SYMBOL_LEVEL,VND,2026-08-25T03:49:45Z,ff_hsx_symbol_daily_v1,a32ac69aa5b1fb919ab14f038e0dddf30d36207167196c561c56ddd7152e85e6
2024-03-27,NVL,HOSE,8625405000.0,2252275000.0,6373130000.0,484100.0,126300.0,357800.0,0.0,0.0,0.0,0.0,18000.0,18100.0,17600.0,18100.0,17880.0,HSX_FOREIGN_API,HOSE_SYMBOL_LEVEL,VND,2026-08-25T03:49:45Z,ff_hsx_symbol_daily_v1,2b027c227981d022943deee639fe7400621d8d479e8aab0d0b6aa828bbec84fc
2024-03-28,NVL,HOSE,383496000.0,158943875000.0,-158560379000.0,21345.0,8887600.0,-8866255.0,0.0,0.0,0.0,0.0,18300.0,18300.0,17550.0,17650.0,17870.0,HSX_FOREIGN_API,HOSE_SYMBOL_LEVEL,VND,2026-08-25T03:49:45Z,ff_hsx_symbol_daily_v1,dc5a8cd8cdf77edfb1ac12ed4d50eb64ba020b8d2a5e7695d594e4d5cacb2f0a
2024-03-29,NVL,HOSE,1631610000.0,49448305000.0,-47816695000.0,93700.0,2842900.0,-2749200.0,0.0,0.0,0.0,0.0,17750.0,17750.0,17200.0,17250.0,17380.0,HSX_FOREIGN_API,HOSE_SYMBOL_LEVEL,VND,2026-08-25T03:49:45Z,ff_hsx_symbol_daily_v1,d1a8f5cd80bb38898447e3370b292844b24d236cacdc16f52faa9e1848d69e78
2024-04-01,NVL,HOSE,40561410000.0,11153422500.0,29407987500.0,2307800.0,637731.0,1670069.0,0.0,0.0,0.0,0.0,17450.0,17750.0,17300.0,17450.0,17520.0,HSX_FOREIGN_API,HOSE_SYMBOL_LEVEL,VND,2026-08-25T03:49:45Z,ff_hsx_symbol_daily_v1,355bd278e8963a85785b3cb7fa58a672ee0816201fd6de338b2391d9f273cfb6
2024-04-02,NVL,HOSE,562942250.0,34108760000.0,-33545817750.0,32801.0,1974700.0,-1941899.0,0.0,0.0,0.0,0.0,17400.0,17400.0,17050.0,17400.0,17240.0,HSX_FOREIGN_API,HOSE_SYMBOL_LEVEL,VND,2026-08-25T03:49:45Z,ff_hsx_symbol_daily_v1,615b1a97a7a82d66360489dfcb05362d2769421be01561775950b7f834727a6d
2024-04-03,NVL,HOSE,856440000.0,9537535000.0,-8681095000.0,48800.0,544600.0,-495800.0,0.0,0.0,0.0,0.0,17550.0,17700.0,17200.0,17200.0,17460.0,HSX_FOREIGN_API,HOSE_SYMBOL_LEVEL,VND,2026-08-25T03:49:45Z,ff_hsx_symbol_daily_v1,919d10aa505d01d8f363720d9be491683b5699445194cc0532051dd1177e410f
2024-04-04,NVL,HOSE,17937990000.0,27456834000.0,-9518844000.0,1014800.0,1560455.0,-545655.0,0.0,0.0,0.0,0.0,17600.0,17900.0,17400.0,17500.0,17650.0,HSX_FOREIGN_API,HOSE_SYMBOL_LEVEL,VND,2026-08-25T03:49:45Z,ff_hsx_symbol_daily_v1,8fa6441b3ee37721f61f5c2e8fea0fd9a986eabd223b90fc99d1979199e315dc
2024-04-05,NVL,HOSE,244478266000.0,20256188950.0,224222077050.0,13481415.0,1127085.0,12354330.0,0.0,0.0,0.0,0.0,17450.0,18700.0,17200.0,18300.0,18100.0,HSX_FOREIGN_API,HOSE_SYMBOL_LEVEL,VND,2026-08-25T03:49:45Z,ff_hsx_symbol_daily_v1,3d60cdbe2fab2d2d216127a95bfcb24f87e03a0e79b1ea691c2de2bbb1c76422
2024-04-08,NVL,HOSE,3558352500.0,14785141000.0,-11226788500.0,196505.0,798610.0,-602105.0,0.0,0.0,0.0,0.0,18500.0,18950.0,18100.0,18100.0,18550.0,HSX_FOREIGN_API,HOSE_SYMBOL_LEVEL,VND,2026-08-25T03:49:45Z,ff_hsx_symbol_daily_v1,daee72c6e8e3a453e9c53e1fc91dd636cc09ddefcb0b41350da55bf3ab72b00b
2024-04-09,NVL,HOSE,2401405000.0,17757605400.0,-15356200400.0,134200.0,982428.0,-848228.0,0.0,0.0,0.0,0.0,18200.0,18250.0,17800.0,18100.0,17990.0,HSX_FOREIGN_API,HOSE_SYMBOL_LEVEL,VND,2026-08-25T03:49:45Z,ff_hsx_symbol_daily_v1,b2e6fd5f086be70cf46d41cf73b10991387f3fd5ab14a9f4490706f4cdc37715
2024-04-10,NVL,HOSE,12573665900.0,180960342500.0,-168386676600.0,691538.0,9983250.0,-9291712.0,0.0,0.0,0.0,0.0,18200.0,18350.0,17750.0,17750.0,18060.0,HSX_FOREIGN_API,HOSE_SYMBOL_LEVEL,VND,2026-08-25T03:49:45Z,ff_hsx_symbol_daily_v1,4df27eccb5e3d6f57fca8c0e10983426d3355a0c896ad06eb507900c7d8ab728
2024-04-11,NVL,HOSE,3219963100.0,53257739100.0,-50037776000.0,184303.0,3028437.0,-2844134.0,0.0,0.0,0.0,0.0,17500.0,17800.0,17400.0,17750.0,17580.0,HSX_FOREIGN_API,HOSE_SYMBOL_LEVEL,VND,2026-08-25T03:49:45Z,ff_hsx_symbol_daily_v1,ff29a184286ed7aa72d1fc9647d310cb510d97eda042253c0030725e83e5d3bb
2024-04-12,NVL,HOSE,5862986300.0,28551175000.0,-22688188700.0,330011.0,1604600.0,-1274589.0,0.0,0.0,0.0,0.0,17800.0,17950.0,17700.0,17700.0,17780.0,HSX_FOREIGN_API,HOSE_SYMBOL_LEVEL,VND,2026-08-25T03:49:45Z,ff_hsx_symbol_daily_v1,918c700f1ddde00fb3a20950e06b968ae3bbab660f90d39950e782c9d9965c19
2024-04-15,NVL,HOSE,1077800000.0,37118000.0,1040682000.0,64200.0,2114.0,62086.0,0.0,0.0,0.0,0.0,17600.0,17700.0,16500.0,16500.0,17080.0,HSX_FOREIGN_API,HOSE_SYMBOL_LEVEL,VND,2026-08-25T03:49:45Z,ff_hsx_symbol_daily_v1,edb712631f2b3496882a9059ea1bc73c19d629a9fd52f7245544578d1b30ce5b
2024-04-16,NVL,HOSE,12404218500.0,18111380150.0,-5707161650.0,789745.0,1133997.0,-344252.0,0.0,0.0,0.0,0.0,16200.0,16350.0,15500.0,15750.0,15850.0,HSX_FOREIGN_API,HOSE_SYMBOL_LEVEL,VND,2026-08-25T03:49:45Z,ff_hsx_symbol_daily_v1,5b43fb1220fc30ad622ee65c3ade9eb6d733bc54c009a57333e5285d4cdde76a
2024-04-17,NVL,HOSE,8566745000.0,3074030000.0,5492715000.0,568100.0,195700.0,372400.0,0.0,0.0,0.0,0.0,15900.0,16100.0,15050.0,15050.0,15640.0,HSX_FOREIGN_API,HOSE_SYMBOL_LEVEL,VND,2026-08-25T03:49:45Z,ff_hsx_symbol_daily_v1,3846b035cc6fb8c74451b76deeeb6fa1f2fe9e28d44e477358afffb0da480bcf
2024-04-19,NVL,HOSE,27198795000.0,22852734700.0,4346060300.0,1866300.0,1563723.0,302577.0,0.0,0.0,0.0,0.0,14800.0,14950.0,14200.0,14450.0,14600.0,HSX_FOREIGN_API,HOSE_SYMBOL_LEVEL,VND,2026-08-25T03:49:45Z,ff_hsx_symbol_daily_v1,3b26ad43abf52e8cfeaf88f5c6c06af39a1985f089fe95541f58622064dbedcc
2024-04-22,NVL,HOSE,389106250.0,11183185800.0,-10794079550.0,26335.0,751731.0,-725396.0,0.0,0.0,0.0,0.0,14800.0,15050.0,14650.0,14900.0,14860.0,HSX_FOREIGN_API,HOSE_SYMBOL_LEVEL,VND,2026-08-25T03:49:45Z,ff_hsx_symbol_daily_v1,cba51771807bbbb4d5255208200307fe6cf033b594441a83bdda0ae708ea6e7b
2024-04-23,NVL,HOSE,5914205000.0,6238934500.0,-324729500.0,402400.0,423505.0,-21105.0,0.0,0.0,0.0,0.0,14900.0,14950.0,14400.0,14500.0,14620.0,HSX_FOREIGN_API,HOSE_SYMBOL_LEVEL,VND,2026-08-25T03:49:45Z,ff_hsx_symbol_daily_v1,2a240a34abeec6a82f4cff23edabbebdf1737fc068f4c1ef75a034e5f377dc4c
2024-04-24,NVL,HOSE,4054949800.0,24847091800.0,-20792142000.0,268548.0,1656313.0,-1387765.0,0.0,0.0,0.0,0.0,14700.0,15400.0,14600.0,15200.0,15040.0,HSX_FOREIGN_API,HOSE_SYMBOL_LEVEL,VND,2026-08-25T03:49:45Z,ff_hsx_symbol_daily_v1,f12faeb81991ba7833e055af477ceea5a007f53af965b00a71362d4963f3b802
2024-04-25,NVL,HOSE,479975000.0,136155000.0,343820000.0,32000.0,9000.0,23000.0,0.0,0.0,0.0,0.0,15200.0,15200.0,14950.0,15200.0,15080.0,HSX_FOREIGN_API,HOSE_SYMBOL_LEVEL,VND,2026-08-25T03:49:45Z,ff_hsx_symbol_daily_v1,6def602689d53138919316234557154e15237828968bde8af7ffb2f96659fd7d
2024-04-26,NVL,HOSE,5062155000.0,738295000.0,4323860000.0,332300.0,48000.0,284300.0,0.0,0.0,0.0,0.0,14950.0,15600.0,14950.0,15250.0,15290.0,HSX_FOREIGN_API,HOSE_SYMBOL_LEVEL,VND,2026-08-25T03:49:45Z,ff_hsx_symbol_daily_v1,b255fc6e1ec33a6e5faa3a0dd38558f28d1f728508c16a4b2756967944786e60
2024-05-02,NVL,HOSE,2226365000.0,3225120000.0,-998755000.0,149100.0,216900.0,-67800.0,0.0,0.0,0.0,0.0,15000.0,15050.0,14700.0,14950.0,14850.0,HSX_FOREIGN_API,HOSE_SYMBOL_LEVEL,VND,2026-08-25T03:49:45Z,ff_hsx_symbol_daily_v1,cb48b68bf4a969b53711ea863309371240912e07cbbac1223813e6a421df5885
2024-05-03,NVL,HOSE,1328210000.0,1369280000.0,-41070000.0,89600.0,92424.0,-2824.0,0.0,0.0,0.0,0.0,15000.0,15050.0,14550.0,14600.0,14830.0,HSX_FOREIGN_API,HOSE_SYMBOL_LEVEL,VND,2026-08-25T03:49:45Z,ff_hsx_symbol_daily_v1,c605906db7beb497b01b671dad9573ec299297e39078926fefb4625b9ab0d32e
2024-05-06,NVL,HOSE,7109215000.0,118105000.0,6991110000.0,478100.0,7900.0,470200.0,0.0,0.0,0.0,0.0,14750.0,15000.0,14600.0,14900.0,14860.0,HSX_FOREIGN_API,HOSE_SYMBOL_LEVEL,VND,2026-08-25T03:49:45Z,ff_hsx_symbol_daily_v1,575237a260f0eb68a188fcc4e7b0fd092aaa514158a04b7c23b10a10a1b2168b
2024-05-07,NVL,HOSE,923145000.0,5334164250.0,-4411019250.0,63200.0,364445.0,-301245.0,0.0,0.0,0.0,0.0,14850.0,14850.0,14450.0,14600.0,14620.0,HSX_FOREIGN_API,HOSE_SYMBOL_LEVEL,VND,2026-08-25T03:49:45Z,ff_hsx_symbol_daily_v1,2d7d1f344c2b3381c27f45e1c7e1ffdd57a817a218f4bf1d2795d3cca1c2e0ed
2024-05-08,NVL,HOSE,10537415000.0,567510100.0,9969904900.0,770800.0,41223.0,729577.0,0.0,0.0,0.0,0.0,13600.0,14000.0,13600.0,13600.0,13710.0,HSX_FOREIGN_API,HOSE_SYMBOL_LEVEL,VND,2026-08-25T03:49:45Z,ff_hsx_symbol_daily_v1,6cdd40f185005ff8c1c187f0b49c5c28e17c83123a08dcd0a462657b55cb5e23
2024-05-09,NVL,HOSE,5602935000.0,4726935000.0,876000000.0,403700.0,341800.0,61900.0,0.0,0.0,0.0,0.0,13950.0,14150.0,13700.0,13750.0,13900.0,HSX_FOREIGN_API,HOSE_SYMBOL_LEVEL,VND,2026-08-25T03:49:45Z,ff_hsx_symbol_daily_v1,e68f121a8b8ea98af14dde61d43610531a73855c5f7949b81c259310fe7d4df9
2024-05-10,NVL,HOSE,3876585000.0,1786235000.0,2090350000.0,284900.0,131700.0,153200.0,0.0,0.0,0.0,0.0,13900.0,13900.0,13450.0,13550.0,13590.0,HSX_FOREIGN_API,HOSE_SYMBOL_LEVEL,VND,2026-08-25T03:49:45Z,ff_hsx_symbol_daily_v1,c986c5b7118e55dcffb12d3b408544633c317b1f1038b6bfd7ff2889704b33bf
2024-05-13,NVL,HOSE,5557740000.0,994085000.0,4563655000.0,405300.0,72700.0,332600.0,0.0,0.0,0.0,0.0,13650.0,13750.0,13550.0,13750.0,13680.0,HSX_FOREIGN_API,HOSE_SYMBOL_LEVEL,VND,2026-08-25T03:49:45Z,ff_hsx_symbol_daily_v1,25f6979773b984b797e5f76d3b4ddfa284266ed4d10a8e131ef9e96744dc5e5f
2024-05-14,NVL,HOSE,15566465000.0,99255000.0,15467210000.0,1132000.0,7200.0,1124800.0,0.0,0.0,0.0,0.0,13800.0,13900.0,13650.0,13800.0,13770.0,HSX_FOREIGN_API,HOSE_SYMBOL_LEVEL,VND,2026-08-25T03:49:45Z,ff_hsx_symbol_daily_v1,2abaac66b4ec4d63b157ae90a0c35a954d8e5ee1aed7a0791d5a3c8ddc3c68bd
2024-05-15,NVL,HOSE,79246852400.0,640535000.0,78606317400.0,5612023.0,45400.0,5566623.0,0.0,0.0,0.0,0.0,13700.0,14400.0,13700.0,14200.0,14130.0,HSX_FOREIGN_API,HOSE_SYMBOL_LEVEL,VND,2026-08-25T03:49:45Z,ff_hsx_symbol_daily_v1,b01563b6ad92a4f4baeef025e4c5a88c49402391cbed97c43340ef2f68535dbe
2024-05-16,NVL,HOSE,17245509050.0,109750000.0,17135759050.0,1209563.0,7700.0,1201863.0,0.0,0.0,0.0,0.0,14350.0,14450.0,14150.0,14250.0,14270.0,HSX_FOREIGN_API,HOSE_SYMBOL_LEVEL,VND,2026-08-25T03:49:45Z,ff_hsx_symbol_daily_v1,7d0f7388e0480eea99909526541b5af1e8f1378beca8672884bcf85c5e6222ef
2024-05-17,NVL,HOSE,33036030000.0,17110000.0,33018920000.0,2317900.0,1200.0,2316700.0,0.0,0.0,0.0,0.0,14200.0,14400.0,14100.0,14300.0,14260.0,HSX_FOREIGN_API,HOSE_SYMBOL_LEVEL,VND,2026-08-25T03:49:45Z,ff_hsx_symbol_daily_v1,cfd6d8c4e05325f6edf6cbcbed2911ad8b69d4b99d2f62e15f3d2a6ba3d89e9b
2024-05-20,NVL,HOSE,4767535000.0,2173565000.0,2593970000.0,332000.0,151000.0,181000.0,0.0,0.0,0.0,0.0,14450.0,14600.0,14250.0,14300.0,14360.0,HSX_FOREIGN_API,HOSE_SYMBOL_LEVEL,VND,2026-08-25T03:49:45Z,ff_hsx_symbol_daily_v1,31bf461413b1c526adf6e18256cfe60a7b395521eefff0ea3ef97c872fba726e
2024-05-21,NVL,HOSE,20950940000.0,1873425700.0,19077514300.0,1484000.0,133527.0,1350473.0,0.0,0.0,0.0,0.0,14300.0,14300.0,14000.0,14300.0,14130.0,HSX_FOREIGN_API,HOSE_SYMBOL_LEVEL,VND,2026-08-25T03:49:45Z,ff_hsx_symbol_daily_v1,c214eea2f04d4d519698e8d51ef0cf34d504e843526a43309ec552c36476bce2
2024-05-22,NVL,HOSE,44612289900.0,6418840000.0,38193449900.0,3083797.0,442100.0,2641697.0,0.0,0.0,0.0,0.0,14300.0,14650.0,14250.0,14450.0,14490.0,HSX_FOREIGN_API,HOSE_SYMBOL_LEVEL,VND,2026-08-25T03:49:45Z,ff_hsx_symbol_daily_v1,d9025fe5e7d48f5b8db54707fdd03b378d34bf9c7b093d1b38fb2ba3a4fb2213
2024-05-23,NVL,HOSE,1103791200.0,1882955000.0,-779163800.0,77023.0,130600.0,-53577.0,0.0,0.0,0.0,0.0,14450.0,14600.0,14200.0,14400.0,14390.0,HSX_FOREIGN_API,HOSE_SYMBOL_LEVEL,VND,2026-08-25T03:49:45Z,ff_hsx_symbol_daily_v1,eaed4c644ec61c54084a1c76fc54e66d698ca402cf3accc2a5bc9a98c9000d9e
2024-05-24,NVL,HOSE,5292505000.0,18924325000.0,-13631820000.0,361400.0,1280525.0,-919125.0,0.0,0.0,0.0,0.0,14500.0,14950.0,14200.0,14450.0,14640.0,HSX_FOREIGN_API,HOSE_SYMBOL_LEVEL,VND,2026-08-25T03:49:45Z,ff_hsx_symbol_daily_v1,55edb4d0db72bd84cc6b271b9a055f1c5d784551990ec01205b597928b4b599c
2024-05-27,NVL,HOSE,7746335250.0,6372950300.0,1373384950.0,537245.0,441498.0,95747.0,0.0,0.0,0.0,0.0,14600.0,14600.0,14300.0,14500.0,14420.0,HSX_FOREIGN_API,HOSE_SYMBOL_LEVEL,VND,2026-08-25T03:49:45Z,ff_hsx_symbol_daily_v1,6291ef371e10a4fc354faf54d68b8ef72757718f3129c2c1f46fa11fa2dae8c5
2024-05-28,NVL,HOSE,9554700000.0,898110000.0,8656590000.0,659000.0,61800.0,597200.0,0.0,0.0,0.0,0.0,14500.0,14600.0,14350.0,14500.0,14470.0,HSX_FOREIGN_API,HOSE_SYMBOL_LEVEL,VND,2026-08-25T03:49:45Z,ff_hsx_symbol_daily_v1,de9ad45dd3c1fe70127ba16f0a07d186739b2f5c1eea717d0f1fa393ea47f8d6
2024-05-29,NVL,HOSE,6759002950.0,1154642900.0,5604360050.0,471857.0,80334.0,391523.0,0.0,0.0,0.0,0.0,14550.0,14550.0,14150.0,14150.0,14290.0,HSX_FOREIGN_API,HOSE_SYMBOL_LEVEL,VND,2026-08-25T03:49:45Z,ff_hsx_symbol_daily_v1,e1a01be84c0270231796e95b93695ac45919da0859142429d3bfcae0f4bf7fde
2024-05-30,NVL,HOSE,6089505200.0,2426430000.0,3663075200.0,430556.0,171800.0,258756.0,0.0,0.0,0.0,0.0,14100.0,14200.0,14050.0,14150.0,14120.0,HSX_FOREIGN_API,HOSE_SYMBOL_LEVEL,VND,2026-08-25T03:49:45Z,ff_hsx_symbol_daily_v1,08e492d68f2ad5a15badd5a64c31b6c7617d60040d4955247cd3f4ea89cc8239
2024-05-31,NVL,HOSE,16893690000.0,2291575000.0,14602115000.0,1186600.0,158700.0,1027900.0,0.0,0.0,0.0,0.0,14200.0,14600.0,14150.0,14450.0,14360.0,HSX_FOREIGN_API,HOSE_SYMBOL_LEVEL,VND,2026-08-25T03:49:45Z,ff_hsx_symbol_daily_v1,d2fe8f72345c8c87e6710d9fa492bdff6013487d3cca24ebad4c02792fad5531
2024-06-03,NVL,HOSE,22053170000.0,3598030000.0,18455140000.0,1473800.0,238700.0,1235100.0,0.0,0.0,0.0,0.0,14650.0,15150.0,14650.0,14950.0,14960.0,HSX_FOREIGN_API,HOSE_SYMBOL_LEVEL,VND,2026-08-25T03:49:45Z,ff_hsx_symbol_daily_v1,3c74eedbdcb577d7c930618984cfbb8b71d1adbf8c0abf84e65ae04d48b116a8
2024-06-04,NVL,HOSE,2703274700.0,383688800.0,2319585900.0,181494.0,25862.0,155632.0,0.0,0.0,0.0,0.0,15050.0,15050.0,14750.0,14800.0,14870.0,HSX_FOREIGN_API,HOSE_SYMBOL_LEVEL,VND,2026-08-25T03:49:45Z,ff_hsx_symbol_daily_v1,d9b921eff54d5a57fe7e766171b0fefe0ba795a312c762c7bbf219ce9fd04c13
2024-06-05,NVL,HOSE,39835000.0,910200000.0,-870365000.0,2700.0,61700.0,-59000.0,0.0,0.0,0.0,0.0,14900.0,15000.0,14700.0,14700.0,14800.0,HSX_FOREIGN_API,HOSE_SYMBOL_LEVEL,VND,2026-08-25T03:49:45Z,ff_hsx_symbol_daily_v1,39eda951ab21fb595327ca804dc90714a0bf65d5007454b57550a17199ef2350
2024-06-06,NVL,HOSE,2148710000.0,2324850000.0,-176140000.0,146000.0,158000.0,-12000.0,0.0,0.0,0.0,0.0,14800.0,14850.0,14600.0,14700.0,14710.0,HSX_FOREIGN_API,HOSE_SYMBOL_LEVEL,VND,2026-08-25T03:49:45Z,ff_hsx_symbol_daily_v1,a7531b629f9694cb03b2dbf6ae414a89448f944c5fc8960640cd9deec1673166
2024-06-07,NVL,HOSE,1395810000.0,1448157500.0,-52347500.0,94400.0,98100.0,-3700.0,0.0,0.0,0.0,0.0,14750.0,14900.0,14700.0,14750.0,14780.0,HSX_FOREIGN_API,HOSE_SYMBOL_LEVEL,VND,2026-08-25T03:49:45Z,ff_hsx_symbol_daily_v1,68ebbf0e66df866d000ad872449d71636e7c27fe40133f2aa1653cedf603598e
2024-06-10,NVL,HOSE,10040332000.0,29229290000.0,-19188958000.0,678920.0,1982100.0,-1303180.0,0.0,0.0,0.0,0.0,14850.0,14850.0,14650.0,14700.0,14760.0,HSX_FOREIGN_API,HOSE_SYMBOL_LEVEL,VND,2026-08-25T03:49:45Z,ff_hsx_symbol_daily_v1,1c72db66bdb96ee9ed5aee68b4bb50392a27639e82a4ed342d44c464f0cf1970
2024-06-11,NVL,HOSE,94571097400.0,98495872400.0,-3924775000.0,6447442.0,6729342.0,-281900.0,82008977400.0,82008977400.0,5578842.0,5578842.0,14750.0,14750.0,14200.0,14200.0,14420.0,HSX_FOREIGN_API,HOSE_SYMBOL_LEVEL,VND,2026-08-25T03:49:45Z,ff_hsx_symbol_daily_v1,b821b457b86f966b2f8bbcd3582214c4b28b6128263d12ec53f9c205db064eb8
2024-06-12,NVL,HOSE,12077895000.0,1632660000.0,10445235000.0,845260.0,113900.0,731360.0,0.0,0.0,0.0,0.0,14200.0,14400.0,14150.0,14350.0,14280.0,HSX_FOREIGN_API,HOSE_SYMBOL_LEVEL,VND,2026-08-25T03:49:45Z,ff_hsx_symbol_daily_v1,6ac2deb4d8c59cd9fe0c2c128ba36e1a7caff42b368306aa346c4ca9d1a45d81
2024-06-13,NVL,HOSE,9333536850.0,3540605000.0,5792931850.0,645727.0,245300.0,400427.0,0.0,0.0,0.0,0.0,14450.0,14550.0,14350.0,14350.0,14430.0,HSX_FOREIGN_API,HOSE_SYMBOL_LEVEL,VND,2026-08-25T03:49:45Z,ff_hsx_symbol_daily_v1,8ef9ca26a5569152734da058936037e022c463619a2aefe16c4423d85935acb9
2024-06-14,NVL,HOSE,7819995000.0,9899185000.0,-2079190000.0,546200.0,696400.0,-150200.0,0.0,0.0,0.0,0.0,14350.0,14450.0,14150.0,14150.0,14270.0,HSX_FOREIGN_API,HOSE_SYMBOL_LEVEL,VND,2026-08-25T03:49:45Z,ff_hsx_symbol_daily_v1,fa73c22c2a14554c5d8cad27d08ab4f713a6f2c3aad801b06e82e8c264abb45e
2024-06-17,NVL,HOSE,3494288600.0,608215000.0,2886073600.0,247884.0,43200.0,204684.0,0.0,0.0,0.0,0.0,14150.0,14200.0,14000.0,14100.0,14090.0,HSX_FOREIGN_API,HOSE_SYMBOL_LEVEL,VND,2026-08-25T03:49:45Z,ff_hsx_symbol_daily_v1,f203d561b83ec93832e5e90cf3cd0926cfa095e36742746a654c061e5fde271e
2024-06-18,NVL,HOSE,1526175000.0,2704825200.0,-1178650200.0,107900.0,191931.0,-84031.0,0.0,0.0,0.0,0.0,14200.0,14250.0,14050.0,14050.0,14120.0,HSX_FOREIGN_API,HOSE_SYMBOL_LEVEL,VND,2026-08-25T03:49:45Z,ff_hsx_symbol_daily_v1,aec06b8caf313f0f5c8f9976cd13d70b1f9d815e15464f104ef565f0fbc755bf
2024-06-19,NVL,HOSE,636610350.0,15469765000.0,-14833154650.0,45747.0,1112500.0,-1066753.0,0.0,0.0,0.0,0.0,14100.0,14100.0,13800.0,13900.0,13910.0,HSX_FOREIGN_API,HOSE_SYMBOL_LEVEL,VND,2026-08-25T03:49:45Z,ff_hsx_symbol_daily_v1,c8a9ed50becf42ce898a3c7e896b6a5fe1c360363e3bce73f8260e8acd503322
2024-06-20,NVL,HOSE,463560000.0,331760000.0,131800000.0,34100.0,24200.0,9900.0,0.0,0.0,0.0,0.0,13800.0,13900.0,13450.0,13600.0,13660.0,HSX_FOREIGN_API,HOSE_SYMBOL_LEVEL,VND,2026-08-25T03:49:45Z,ff_hsx_symbol_daily_v1,32754c2ed47e502d686b25316b9b16e9d6ff6120e404d06f10f24fa692a5714e
2024-06-21,NVL,HOSE,349283510800.0,362048564550.0,-12765053750.0,25681778.0,26643371.0,-961593.0,341057780800.0,341057780800.0,25077778.0,25077778.0,13650.0,13850.0,13400.0,13400.0,13580.0,HSX_FOREIGN_API,HOSE_SYMBOL_LEVEL,VND,2026-08-25T03:49:45Z,ff_hsx_symbol_daily_v1,cd3b2c7de59758b11521d460d1839600958a77c67f132ec62ed36fde08fa4578
2024-06-24,NVL,HOSE,1140010000.0,5709990000.0,-4569980000.0,85700.0,424200.0,-338500.0,0.0,0.0,0.0,0.0,13400.0,13650.0,13200.0,13300.0,13370.0,HSX_FOREIGN_API,HOSE_SYMBOL_LEVEL,VND,2026-08-25T03:49:45Z,ff_hsx_symbol_daily_v1,97380d84a973503dd8e6f861e4870f1cdd79b0b20d7452963067c4057068bc8d
2024-06-25,NVL,HOSE,8940810000.0,2677989450.0,6262820550.0,665900.0,200301.0,465599.0,0.0,0.0,0.0,0.0,13300.0,13500.0,13250.0,13400.0,13360.0,HSX_FOREIGN_API,HOSE_SYMBOL_LEVEL,VND,2026-08-25T03:49:45Z,ff_hsx_symbol_daily_v1,d43462de6d49878832e17a1e15cf6015242d6cf030ea9d71af7bbd77c8a51682
2024-06-26,NVL,HOSE,1499380000.0,6766785550.0,-5267405550.0,112300.0,507033.0,-394733.0,0.0,0.0,0.0,0.0,13450.0,13550.0,13300.0,13300.0,13370.0,HSX_FOREIGN_API,HOSE_SYMBOL_LEVEL,VND,2026-08-25T03:49:45Z,ff_hsx_symbol_daily_v1,495109ae8d2d87c73efd72d9eb17d67d3f2f2ce83428bc0e224dbca85409b107
2024-06-27,NVL,HOSE,2855260000.0,5211505000.0,-2356245000.0,214700.0,384200.0,-169500.0,0.0,0.0,0.0,0.0,13450.0,13650.0,13150.0,13550.0,13390.0,HSX_FOREIGN_API,HOSE_SYMBOL_LEVEL,VND,2026-08-25T03:49:45Z,ff_hsx_symbol_daily_v1,818102095aa19c1717170fe63daba3bfde616a00b0662cd80b7018a7178b4f08
2024-06-28,NVL,HOSE,119710000.0,11517154000.0,-11397444000.0,8900.0,842344.0,-833444.0,0.0,0.0,0.0,0.0,13550.0,13800.0,13300.0,13300.0,13570.0,HSX_FOREIGN_API,HOSE_SYMBOL_LEVEL,VND,2026-08-25T03:49:45Z,ff_hsx_symbol_daily_v1,b78516b6fcd45cad55841cc2ef7bfc79ef2de638e098e9ff25583638a31cea13
2024-07-01,NVL,HOSE,344012500.0,10329769950.0,-9985757450.0,25950.0,779233.0,-753283.0,0.0,0.0,0.0,0.0,13350.0,13400.0,13150.0,13300.0,13250.0,HSX_FOREIGN_API,HOSE_SYMBOL_LEVEL,VND,2026-08-25T03:49:45Z,ff_hsx_symbol_daily_v1,3aab22ad1e3e54ee90f99a718b570ce23a4055d3e0968f609106a1c7c187395a
2024-07-02,NVL,HOSE,3844965000.0,820560000.0,3024405000.0,288000.0,61200.0,226800.0,0.0,0.0,0.0,0.0,13400.0,13500.0,13250.0,13450.0,13350.0,HSX_FOREIGN_API,HOSE_SYMBOL_LEVEL,VND,2026-08-25T03:49:45Z,ff_hsx_symbol_daily_v1,a3327021d5c82fd059b90b82cb7423d19e81fa32ff833fe0d16b71d051b12e1d
2024-07-03,NVL,HOSE,12098860000.0,2419240000.0,9679620000.0,891100.0,177500.0,713600.0,0.0,0.0,0.0,0.0,13500.0,13700.0,13400.0,13500.0,13520.0,HSX_FOREIGN_API,HOSE_SYMBOL_LEVEL,VND,2026-08-25T03:49:45Z,ff_hsx_symbol_daily_v1,848dbab037674fd5d5298f70d03d3cdc38091fe78a5c8a30f1c1ac9b141b2f42
2024-07-04,NVL,HOSE,237435000.0,1485055000.0,-1247620000.0,17600.0,109200.0,-91600.0,0.0,0.0,0.0,0.0,13550.0,13650.0,13350.0,13400.0,13510.0,HSX_FOREIGN_API,HOSE_SYMBOL_LEVEL,VND,2026-08-25T03:49:45Z,ff_hsx_symbol_daily_v1,70efe4bfdee156600c495e40d460e17d1d08570f99ba899dadbd5fa310b274bf
2024-07-05,NVL,HOSE,127935000.0,3707693400.0,-3579758400.0,9600.0,280601.0,-271001.0,0.0,0.0,0.0,0.0,13350.0,13450.0,13150.0,13200.0,13250.0,HSX_FOREIGN_API,HOSE_SYMBOL_LEVEL,VND,2026-08-25T03:49:45Z,ff_hsx_symbol_daily_v1,92db3717ed912dd24d145d9bb52e34bd66d0f52a638d2178e948a0152b543b97
2024-07-08,NVL,HOSE,154143000.0,3743015900.0,-3588872900.0,11580.0,281931.0,-270351.0,0.0,0.0,0.0,0.0,13550.0,13550.0,13200.0,13250.0,13340.0,HSX_FOREIGN_API,HOSE_SYMBOL_LEVEL,VND,2026-08-25T03:49:45Z,ff_hsx_symbol_daily_v1,3de7398fbfaa5dfe0b27436f211f1de2d9e1632c1dbe3b53d512ef99f1fc9230
2024-07-09,NVL,HOSE,10179361000.0,2798705000.0,7380656000.0,763870.0,210200.0,553670.0,0.0,0.0,0.0,0.0,13250.0,13400.0,13250.0,13300.0,13300.0,HSX_FOREIGN_API,HOSE_SYMBOL_LEVEL,VND,2026-08-25T03:49:45Z,ff_hsx_symbol_daily_v1,dea97bf08496c71e3956195eb949e1f0ca06dd70132df41e4c752881f89cab57
2024-07-10,NVL,HOSE,235625000.0,28995000.0,206630000.0,17850.0,2200.0,15650.0,0.0,0.0,0.0,0.0,13300.0,13350.0,13100.0,13150.0,13200.0,HSX_FOREIGN_API,HOSE_SYMBOL_LEVEL,VND,2026-08-25T03:49:45Z,ff_hsx_symbol_daily_v1,20dea7b3a2e36e2371e62c51050ae49f96d5918ad478ba521b521341f816a5ef
2024-07-11,NVL,HOSE,32241065000.0,1384655000.0,30856410000.0,2409000.0,103600.0,2305400.0,0.0,0.0,0.0,0.0,13150.0,13500.0,13150.0,13400.0,13390.0,HSX_FOREIGN_API,HOSE_SYMBOL_LEVEL,VND,2026-08-25T03:49:45Z,ff_hsx_symbol_daily_v1,8efd7c23102801e2069be53051d4a4991a619903fd6304a04e522ee97eef814e
2024-07-12,NVL,HOSE,1487575000.0,0.0,1487575000.0,111400.0,0.0,111400.0,0.0,0.0,0.0,0.0,13500.0,13500.0,13250.0,13250.0,13340.0,HSX_FOREIGN_API,HOSE_SYMBOL_LEVEL,VND,2026-08-25T03:49:45Z,ff_hsx_symbol_daily_v1,232b24eeabf5117401cfb4b45f72d808dbe55fdae726791eae65af05e12895dc
2024-07-15,NVL,HOSE,122949000.0,176220000.0,-53271000.0,9380.0,13200.0,-3820.0,0.0,0.0,0.0,0.0,13300.0,13400.0,13050.0,13200.0,13170.0,HSX_FOREIGN_API,HOSE_SYMBOL_LEVEL,VND,2026-08-25T03:49:45Z,ff_hsx_symbol_daily_v1,e3d09b27d688d6028af08d8fdebd68a35c7a47d3729c263378ad123fb6c727e0
2024-07-16,NVL,HOSE,1169860000.0,46817355000.0,-45647495000.0,92600.0,3618800.0,-3526200.0,0.0,0.0,0.0,0.0,13200.0,13250.0,12500.0,12600.0,12790.0,HSX_FOREIGN_API,HOSE_SYMBOL_LEVEL,VND,2026-08-25T03:49:45Z,ff_hsx_symbol_daily_v1,f632cbb10114d22680dae02225d1ac70b7180db24a281af78eb631822fb9d2ec
2024-07-17,NVL,HOSE,14844588750.0,1740475000.0,13104113750.0,1219765.0,137500.0,1082265.0,0.0,0.0,0.0,0.0,12600.0,12750.0,11950.0,12100.0,12270.0,HSX_FOREIGN_API,HOSE_SYMBOL_LEVEL,VND,2026-08-25T03:49:45Z,ff_hsx_symbol_daily_v1,174fe3c28f1b793031a9697c4e2e863d60f42d5fe5c9d8e7242097e887164dc6
2024-07-18,NVL,HOSE,1313935000.0,136205000.0,1177730000.0,107800.0,11100.0,96700.0,0.0,0.0,0.0,0.0,12250.0,12350.0,12000.0,12350.0,12160.0,HSX_FOREIGN_API,HOSE_SYMBOL_LEVEL,VND,2026-08-25T03:49:45Z,ff_hsx_symbol_daily_v1,8a41068df2b89bf5b3e3f408762d6d2281beb17c45c6569205e53016ce9181ba
2024-07-19,NVL,HOSE,400345000.0,4228985000.0,-3828640000.0,33400.0,353100.0,-319700.0,0.0,0.0,0.0,0.0,12350.0,12400.0,11850.0,11900.0,12020.0,HSX_FOREIGN_API,HOSE_SYMBOL_LEVEL,VND,2026-08-25T03:49:45Z,ff_hsx_symbol_daily_v1,d429ed2982e997e12adaa77c5269ee99117076afe5b334a7cbd3db2383a9bff4
2024-07-22,NVL,HOSE,7187515000.0,14258280000.0,-7070765000.0,628700.0,1274300.0,-645600.0,0.0,0.0,0.0,0.0,11900.0,11900.0,11100.0,11150.0,11230.0,HSX_FOREIGN_API,HOSE_SYMBOL_LEVEL,VND,2026-08-25T03:49:45Z,ff_hsx_symbol_daily_v1,2d720a8e6b2e3d7e8481d68320d85c942e200d25a919502255c2c313dab12dc4
2024-07-23,NVL,HOSE,8547965000.0,1325230000.0,7222735000.0,761980.0,117200.0,644780.0,0.0,0.0,0.0,0.0,11400.0,11400.0,11100.0,11100.0,11220.0,HSX_FOREIGN_API,HOSE_SYMBOL_LEVEL,VND,2026-08-25T03:49:45Z,ff_hsx_symbol_daily_v1,4c31499890559c394ad535a28ecb9af4856c14e7a88ebfa6088609dd00189ea8
2024-07-24,NVL,HOSE,4578575000.0,167800000.0,4410775000.0,408100.0,15000.0,393100.0,0.0,0.0,0.0,0.0,11150.0,11600.0,11000.0,11400.0,11250.0,HSX_FOREIGN_API,HOSE_SYMBOL_LEVEL,VND,2026-08-25T03:49:45Z,ff_hsx_symbol_daily_v1,e58344b2371a8f77c1be16a1331bd4c69a22c48de029528f9bb9e4e571dd3db2
2024-07-25,NVL,HOSE,1532924000.0,1728055000.0,-195131000.0,135865.0,152800.0,-16935.0,0.0,0.0,0.0,0.0,11400.0,11400.0,11150.0,11300.0,11260.0,HSX_FOREIGN_API,HOSE_SYMBOL_LEVEL,VND,2026-08-25T03:49:45Z,ff_hsx_symbol_daily_v1,98e8ae82b471b05f36b879850e58a30b22925b239398bbca6ba48a50f24bb2b4
2024-07-26,NVL,HOSE,788694500.0,5851455000.0,-5062760500.0,70610.0,523000.0,-452390.0,0.0,0.0,0.0,0.0,11300.0,11400.0,10900.0,11050.0,11100.0,HSX_FOREIGN_API,HOSE_SYMBOL_LEVEL,VND,2026-08-25T03:49:45Z,ff_hsx_symbol_daily_v1,18ea1863a3c9093a32a331fb8e1127b292e7659be501573c1c88d91f63e7ddcb
2024-07-29,NVL,HOSE,9745155000.0,1103750000.0,8641405000.0,881800.0,99200.0,782600.0,0.0,0.0,0.0,0.0,11150.0,11200.0,11000.0,11000.0,11060.0,HSX_FOREIGN_API,HOSE_SYMBOL_LEVEL,VND,2026-08-25T03:49:45Z,ff_hsx_symbol_daily_v1,7d74bdc4cdb5bcc1d3e2ef45af8ba258fc1f0af3f9f0fb675565d1d79422eaff
2024-07-30,NVL,HOSE,10607537500.0,8225320100.0,2382217400.0,977950.0,736906.0,241044.0,0.0,0.0,0.0,0.0,10900.0,11400.0,10600.0,11400.0,10930.0,HSX_FOREIGN_API,HOSE_SYMBOL_LEVEL,VND,2026-08-25T03:49:45Z,ff_hsx_symbol_daily_v1,197975a4881d18ea6103f57e38ae8df7b4e09deb0a25d5b27720922762c3447c
2024-07-31,NVL,HOSE,9558710000.0,2662280000.0,6896430000.0,801300.0,223000.0,578300.0,0.0,0.0,0.0,0.0,11900.0,12150.0,11700.0,11850.0,11950.0,HSX_FOREIGN_API,HOSE_SYMBOL_LEVEL,VND,2026-08-25T03:49:45Z,ff_hsx_symbol_daily_v1,707017d4e614ce45316a24d80a871d5e4ea98ff4470a50997ad458c2d744c1fe
2024-08-01,NVL,HOSE,3030454000.0,6667300000.0,-3636846000.0,269110.0,571000.0,-301890.0,0.0,0.0,0.0,0.0,11900.0,11900.0,11100.0,11200.0,11440.0,HSX_FOREIGN_API,HOSE_SYMBOL_LEVEL,VND,2026-08-25T03:49:45Z,ff_hsx_symbol_daily_v1,b3cbfdbbfec3053de6b35f88a9286b689a8b02250a1381d5b902c3c958107dc6
2024-08-02,NVL,HOSE,16346060000.0,2909810000.0,13436250000.0,1438700.0,258000.0,1180700.0,0.0,0.0,0.0,0.0,11200.0,11500.0,11050.0,11500.0,11300.0,HSX_FOREIGN_API,HOSE_SYMBOL_LEVEL,VND,2026-08-25T03:49:45Z,ff_hsx_symbol_daily_v1,770558987e0706da418c4fd5e9bc3b1a6994e54face0eba5343896d07707d325
2024-08-05,NVL,HOSE,3181505000.0,15441702500.0,-12260197500.0,287800.0,1392150.0,-1104350.0,0.0,0.0,0.0,0.0,11500.0,11500.0,10800.0,11000.0,11080.0,HSX_FOREIGN_API,HOSE_SYMBOL_LEVEL,VND,2026-08-25T03:49:45Z,ff_hsx_symbol_daily_v1,4c672691cbb8501fc8ff276e42ed2016066cf43ecd60dfaa7584e2a212dacaf0
2024-08-06,NVL,HOSE,12494105000.0,12178700000.0,315405000.0,1098600.0,1071700.0,26900.0,0.0,7126280000.0,0.0,620000.0,11250.0,11500.0,11000.0,11350.0,11280.0,HSX_FOREIGN_API,HOSE_SYMBOL_LEVEL,VND,2026-08-25T03:49:45Z,ff_hsx_symbol_daily_v1,40f427379ccb6522597f961234b0b9527d3c1605b35bf16b234fcbe577f6843c
2024-08-07,NVL,HOSE,12383105000.0,8665030000.0,3718075000.0,1081700.0,751800.0,329900.0,0.0,0.0,0.0,0.0,11350.0,11800.0,11300.0,11400.0,11500.0,HSX_FOREIGN_API,HOSE_SYMBOL_LEVEL,VND,2026-08-25T03:49:45Z,ff_hsx_symbol_daily_v1,4e247249cc3648f1b5cfaf02ac30cce119144cbd261199aaba9d22e4b867811d
2024-08-08,NVL,HOSE,9951280000.0,7653755000.0,2297525000.0,871700.0,668900.0,202800.0,0.0,0.0,0.0,0.0,11400.0,11600.0,11300.0,11400.0,11420.0,HSX_FOREIGN_API,HOSE_SYMBOL_LEVEL,VND,2026-08-25T03:49:45Z,ff_hsx_symbol_daily_v1,3e2d71243b525d9bb1e66ac7f187b31a0e4e1bb442165b2f3c2642b55c2abde6
2024-08-09,NVL,HOSE,1541645000.0,12045317500.0,-10503672500.0,134800.0,1055165.0,-920365.0,0.0,0.0,0.0,0.0,11600.0,11600.0,11250.0,11400.0,11410.0,HSX_FOREIGN_API,HOSE_SYMBOL_LEVEL,VND,2026-08-25T03:49:45Z,ff_hsx_symbol_daily_v1,3563669f96177c40eebcf82e32a716507d435d48d5b9982de6958390d11d102c
2024-08-12,NVL,HOSE,1352600000.0,2661745000.0,-1309145000.0,120600.0,235900.0,-115300.0,0.0,0.0,0.0,0.0,11400.0,11400.0,11150.0,11200.0,11240.0,HSX_FOREIGN_API,HOSE_SYMBOL_LEVEL,VND,2026-08-25T03:49:45Z,ff_hsx_symbol_daily_v1,c08dcc16a019ddfcc83772c51a1b7250c5f96d501f293b609f554af602ca5078
2024-08-13,NVL,HOSE,2300205000.0,2661199850.0,-360994850.0,203600.0,236275.0,-32675.0,0.0,0.0,0.0,0.0,11250.0,11400.0,11150.0,11250.0,11260.0,HSX_FOREIGN_API,HOSE_SYMBOL_LEVEL,VND,2026-08-25T03:49:45Z,ff_hsx_symbol_daily_v1,7aa33343736883b027fc0b0e8ab6b56c3bb2f2419d514753bd36863a3508d1db
2024-08-14,NVL,HOSE,1268922000.0,6531695000.0,-5262773000.0,113010.0,580400.0,-467390.0,0.0,0.0,0.0,0.0,11300.0,11400.0,11100.0,11150.0,11220.0,HSX_FOREIGN_API,HOSE_SYMBOL_LEVEL,VND,2026-08-25T03:49:45Z,ff_hsx_symbol_daily_v1,3e8e5a041fc389b2c59c03dc12779e9b191d4a49e29b0909ecd0b7249e630c97
2024-08-15,NVL,HOSE,2949415000.0,5113465000.0,-2164050000.0,264700.0,458900.0,-194200.0,0.0,0.0,0.0,0.0,11200.0,11250.0,11050.0,11200.0,11140.0,HSX_FOREIGN_API,HOSE_SYMBOL_LEVEL,VND,2026-08-25T03:49:45Z,ff_hsx_symbol_daily_v1,82a3777249c5d3060ef836b44578530bfe71f15e5a129ce278d372a00dc464c2
2024-08-16,NVL,HOSE,36006315000.0,5464382400.0,30541932600.0,3096500.0,465793.0,2630707.0,0.0,0.0,0.0,0.0,11250.0,11950.0,11250.0,11950.0,11770.0,HSX_FOREIGN_API,HOSE_SYMBOL_LEVEL,VND,2026-08-25T03:49:45Z,ff_hsx_symbol_daily_v1,647b48b421956b3f9025b8f06b47cb5d02a6e5ee1753d54f6418c49c6aff3a14
2024-08-19,NVL,HOSE,4554520000.0,10906400000.0,-6351880000.0,371400.0,892000.0,-520600.0,0.0,0.0,0.0,0.0,12150.0,12400.0,12000.0,12100.0,12170.0,HSX_FOREIGN_API,HOSE_SYMBOL_LEVEL,VND,2026-08-25T03:49:45Z,ff_hsx_symbol_daily_v1,53649b2994346afffcad96d6e811028962f07bece9119546ae2f38512624018c
2024-08-20,NVL,HOSE,51838955000.0,906750000.0,50932205000.0,4200000.0,73100.0,4126900.0,0.0,0.0,0.0,0.0,12100.0,12800.0,12000.0,12700.0,12460.0,HSX_FOREIGN_API,HOSE_SYMBOL_LEVEL,VND,2026-08-25T03:49:45Z,ff_hsx_symbol_daily_v1,53436516b8d35b3e7350596e3176e3510cbcf4a5cd28837bcd03b789eb1d7a6b
2024-08-21,NVL,HOSE,863165000.0,29095895000.0,-28232730000.0,68200.0,2293400.0,-2225200.0,0.0,0.0,0.0,0.0,12750.0,12900.0,12500.0,12600.0,12640.0,HSX_FOREIGN_API,HOSE_SYMBOL_LEVEL,VND,2026-08-25T03:49:45Z,ff_hsx_symbol_daily_v1,c4af0a918b6119f156250018fc84a463508e92eaef05774881f8ff5efc171383
2024-08-22,NVL,HOSE,12604780000.0,10219430000.0,2385350000.0,989700.0,799350.0,190350.0,0.0,0.0,0.0,0.0,12650.0,13100.0,12500.0,12900.0,12850.0,HSX_FOREIGN_API,HOSE_SYMBOL_LEVEL,VND,2026-08-25T03:49:45Z,ff_hsx_symbol_daily_v1,f1bc58a6db7ec159b8fadd34ada41a5c1f7cdfba482fa0b64805a58f13b24fde
2024-08-23,NVL,HOSE,7770260000.0,37401560000.0,-29631300000.0,602500.0,2881000.0,-2278500.0,0.0,0.0,0.0,0.0,12650.0,13350.0,12550.0,13200.0,12950.0,HSX_FOREIGN_API,HOSE_SYMBOL_LEVEL,VND,2026-08-25T03:49:45Z,ff_hsx_symbol_daily_v1,038e2e3f48ae883a322ed3158308832876b5b0140b18655f502b6c49d4dc40f9
2024-08-26,NVL,HOSE,2269947000.0,20255302000.0,-17985355000.0,171410.0,1529614.0,-1358204.0,0.0,0.0,0.0,0.0,13250.0,13400.0,13100.0,13200.0,13240.0,HSX_FOREIGN_API,HOSE_SYMBOL_LEVEL,VND,2026-08-25T03:49:45Z,ff_hsx_symbol_daily_v1,b49fbb7f13a9c758e6abe083c3a80a3b3b6ff1e7e21f955347a8e22258f79d3d
2024-08-27,NVL,HOSE,8369840000.0,10942131000.0,-2572291000.0,635300.0,824610.0,-189310.0,0.0,0.0,0.0,0.0,13200.0,13350.0,13050.0,13300.0,13200.0,HSX_FOREIGN_API,HOSE_SYMBOL_LEVEL,VND,2026-08-25T03:49:45Z,ff_hsx_symbol_daily_v1,147a9beb18282973238a7cdb641ea863f881a07d7025d3908b0e3c490be3d813
2024-08-28,NVL,HOSE,4562585000.0,8894445000.0,-4331860000.0,346700.0,664700.0,-318000.0,0.0,0.0,0.0,0.0,13300.0,13500.0,12850.0,13300.0,13200.0,HSX_FOREIGN_API,HOSE_SYMBOL_LEVEL,VND,2026-08-25T03:49:45Z,ff_hsx_symbol_daily_v1,9e4dd6f63dcbb598f0717a3897e8c6ed94cf7f4a15b1c1036c558c056b333c4f
2024-08-29,NVL,HOSE,939620000.0,4513493000.0,-3573873000.0,71900.0,341210.0,-269310.0,0.0,0.0,0.0,0.0,13250.0,13300.0,12950.0,13000.0,13120.0,HSX_FOREIGN_API,HOSE_SYMBOL_LEVEL,VND,2026-08-25T03:49:45Z,ff_hsx_symbol_daily_v1,6dd98c94088efed7dccc2bc509a42831424507ceea391a12bbfa402456820a4a
2024-08-30,NVL,HOSE,14945624000.0,1325215000.0,13620409000.0,1153508.0,102700.0,1050808.0,0.0,0.0,0.0,0.0,13000.0,13050.0,12750.0,12950.0,12940.0,HSX_FOREIGN_API,HOSE_SYMBOL_LEVEL,VND,2026-08-25T03:49:45Z,ff_hsx_symbol_daily_v1,6cc4ecc11952de3cf98c0921d08b6325baded0736cae56936f5296e99c7eb6f7
2024-09-04,NVL,HOSE,18429730000.0,5014765000.0,13414965000.0,1439600.0,393700.0,1045900.0,0.0,0.0,0.0,0.0,12750.0,13000.0,12650.0,12950.0,12810.0,HSX_FOREIGN_API,HOSE_SYMBOL_LEVEL,VND,2026-08-25T03:49:45Z,ff_hsx_symbol_daily_v1,6c630b60f0d5654cc6fccf983a2ab1740f3b08451c72490f6fa05c2bda4710a6
2024-09-05,NVL,HOSE,33308645000.0,2856023700.0,30452621300.0,2551600.0,220162.0,2331438.0,0.0,0.0,0.0,0.0,13000.0,13250.0,12800.0,12950.0,13040.0,HSX_FOREIGN_API,HOSE_SYMBOL_LEVEL,VND,2026-08-25T03:49:45Z,ff_hsx_symbol_daily_v1,b6ea817c2b0fe8ba11daf61cef775c31cd4a9d4e5fb61749039571316f00b6a3
2024-09-06,NVL,HOSE,8037656000.0,2612225000.0,5425431000.0,628420.0,203000.0,425420.0,0.0,0.0,0.0,0.0,12950.0,13000.0,12650.0,13000.0,12830.0,HSX_FOREIGN_API,HOSE_SYMBOL_LEVEL,VND,2026-08-25T03:49:45Z,ff_hsx_symbol_daily_v1,4b91010d1778166de18e7a305d9cadccc1a7bb505574d6f04097d01891d6591b
2024-09-09,NVL,HOSE,19284930000.0,4442800000.0,14842130000.0,1461800.0,337400.0,1124400.0,0.0,0.0,0.0,0.0,13000.0,13400.0,12900.0,13200.0,13170.0,HSX_FOREIGN_API,HOSE_SYMBOL_LEVEL,VND,2026-08-25T03:49:45Z,ff_hsx_symbol_daily_v1,4addb2f038b715f152573e5577087904e88ed52cd427b3c45001d41fad9c19af
2024-09-10,NVL,HOSE,1987645000.0,21657988800.0,-19670343800.0,153200.0,1671421.0,-1518221.0,0.0,0.0,0.0,0.0,13300.0,13300.0,12700.0,12700.0,12890.0,HSX_FOREIGN_API,HOSE_SYMBOL_LEVEL,VND,2026-08-25T03:49:45Z,ff_hsx_symbol_daily_v1,47eeae7c8e49910057a804457c167bd29b4f07cb0e09fdac1b04ba9d5c0169b8
2024-09-11,NVL,HOSE,4089970000.0,17717335000.0,-13627365000.0,339000.0,1468600.0,-1129600.0,0.0,0.0,0.0,0.0,12750.0,12750.0,11850.0,11850.0,11930.0,HSX_FOREIGN_API,HOSE_SYMBOL_LEVEL,VND,2026-08-25T03:49:45Z,ff_hsx_symbol_daily_v1,0ee30416227248f0e9c843c522fd94b5553f7769683bd64a6b982f8c3994a8f9
2024-09-12,NVL,HOSE,1527980000.0,23754546050.0,-22226566050.0,133200.0,2044564.0,-1911364.0,0.0,0.0,0.0,0.0,11800.0,11850.0,11300.0,11400.0,11520.0,HSX_FOREIGN_API,HOSE_SYMBOL_LEVEL,VND,2026-08-25T03:49:45Z,ff_hsx_symbol_daily_v1,5b1e105a94e64e74a672b63854ee2a53d02c3a0ab3e581012669db23af8d8161
2024-09-13,NVL,HOSE,2262430000.0,12302765000.0,-10040335000.0,196800.0,1069500.0,-872700.0,0.0,0.0,0.0,0.0,11550.0,11650.0,11400.0,11550.0,11500.0,HSX_FOREIGN_API,HOSE_SYMBOL_LEVEL,VND,2026-08-25T03:49:45Z,ff_hsx_symbol_daily_v1,2c902bb2c933556c20d37c14a09e2f2c70816a9646d52796ec5cb9f4a4bfce7c
2024-09-16,NVL,HOSE,1708765000.0,3780785000.0,-2072020000.0,151600.0,328400.0,-176800.0,0.0,0.0,0.0,0.0,11550.0,11650.0,11200.0,11200.0,11410.0,HSX_FOREIGN_API,HOSE_SYMBOL_LEVEL,VND,2026-08-25T03:49:45Z,ff_hsx_symbol_daily_v1,4a2eb3848ded768356fc45b9206e9ef51d49ee7da30c0f21e09f9c9d9038111c
2024-09-17,NVL,HOSE,47967875000.0,3270990000.0,44696885000.0,4385300.0,295700.0,4089600.0,0.0,0.0,0.0,0.0,11200.0,11350.0,10650.0,11200.0,10970.0,HSX_FOREIGN_API,HOSE_SYMBOL_LEVEL,VND,2026-08-25T03:49:45Z,ff_hsx_symbol_daily_v1,8a339902efe7a2ddd3409fa930b6f0d5f3341f5afd787e847b3f7ad9c138f4e6
2024-09-18,NVL,HOSE,9299125000.0,786705000.0,8512420000.0,816300.0,69300.0,747000.0,0.0,0.0,0.0,0.0,11250.0,11500.0,11250.0,11300.0,11390.0,HSX_FOREIGN_API,HOSE_SYMBOL_LEVEL,VND,2026-08-25T03:49:45Z,ff_hsx_symbol_daily_v1,9f0eb7209812c5e4a3532222fea032ad42ec005d605f054bab6391b280e90a2e
2024-09-19,NVL,HOSE,10121435000.0,360235050.0,9761199950.0,888400.0,31740.0,856660.0,0.0,0.0,0.0,0.0,11450.0,11500.0,11300.0,11350.0,11370.0,HSX_FOREIGN_API,HOSE_SYMBOL_LEVEL,VND,2026-08-25T03:49:45Z,ff_hsx_symbol_daily_v1,184eaebfdeb5975ed9159f92575336a1030c8d30e5572ad1562095d3dd5bb8cc
2024-09-20,NVL,HOSE,25429840000.0,13948535000.0,11481305000.0,2235000.0,1226400.0,1008600.0,0.0,0.0,0.0,0.0,11300.0,11500.0,11300.0,11400.0,11350.0,HSX_FOREIGN_API,HOSE_SYMBOL_LEVEL,VND,2026-08-25T03:49:45Z,ff_hsx_symbol_daily_v1,6509f60eba0586dea07244af2bb1c178f0e22ca636644b85324a7494cb8b8106
2024-09-23,NVL,HOSE,3622510000.0,6286060000.0,-2663550000.0,322100.0,558200.0,-236100.0,0.0,0.0,0.0,0.0,11400.0,11400.0,11200.0,11250.0,11250.0,HSX_FOREIGN_API,HOSE_SYMBOL_LEVEL,VND,2026-08-25T03:49:45Z,ff_hsx_symbol_daily_v1,e72971e23f3a9288d86bc66214a330290e27fb8dcc946ba8bfbf8c4332119cc6
2024-09-24,NVL,HOSE,4842505000.0,6178855000.0,-1336350000.0,426800.0,544600.0,-117800.0,0.0,0.0,0.0,0.0,11200.0,11400.0,11200.0,11350.0,11330.0,HSX_FOREIGN_API,HOSE_SYMBOL_LEVEL,VND,2026-08-25T03:49:45Z,ff_hsx_symbol_daily_v1,f839c0dedd8c02a2f6ca0029b950b7067fd2e409ab8924fea0ac69625e2d9652
2024-09-25,NVL,HOSE,9005930000.0,7576846450.0,1429083550.0,793700.0,669021.0,124679.0,0.0,0.0,0.0,0.0,11400.0,11450.0,11250.0,11400.0,11340.0,HSX_FOREIGN_API,HOSE_SYMBOL_LEVEL,VND,2026-08-25T03:49:45Z,ff_hsx_symbol_daily_v1,533976f5ddcb6d8f1137ea095dfc98624cf7f83d8976c1a71313f921006577b3
2024-09-26,NVL,HOSE,13780941200.0,13774125000.0,6816200.0,1174184.0,1183800.0,-9616.0,0.0,0.0,0.0,0.0,11600.0,11900.0,11500.0,11550.0,11690.0,HSX_FOREIGN_API,HOSE_SYMBOL_LEVEL,VND,2026-08-25T03:49:45Z,ff_hsx_symbol_daily_v1,be2063084e360cb90a817526b21b39eea1e12914451e1f05008d8f76ed543d10
2024-09-27,NVL,HOSE,20145286800.0,2218290000.0,17926996800.0,1735996.0,191200.0,1544796.0,0.0,0.0,0.0,0.0,11750.0,11750.0,11500.0,11550.0,11600.0,HSX_FOREIGN_API,HOSE_SYMBOL_LEVEL,VND,2026-08-25T03:49:45Z,ff_hsx_symbol_daily_v1,94dabe2a0287c09293540f37914af3361bba358518a72c68063e98d788d05ed7
2024-09-30,NVL,HOSE,9233780000.0,972556400.0,8261223600.0,849400.0,89424.0,759976.0,0.0,0.0,0.0,0.0,10750.0,11150.0,10750.0,11050.0,10970.0,HSX_FOREIGN_API,HOSE_SYMBOL_LEVEL,VND,2026-08-25T03:49:45Z,ff_hsx_symbol_daily_v1,ffbc35b75e01b723bf09f9e866371db00fede9ce337edef88b902afbd5b61f68
2024-10-01,NVL,HOSE,8220515000.0,1449755000.0,6770760000.0,733600.0,128900.0,604700.0,0.0,0.0,0.0,0.0,11100.0,11300.0,11100.0,11200.0,11210.0,HSX_FOREIGN_API,HOSE_SYMBOL_LEVEL,VND,2026-08-25T03:49:45Z,ff_hsx_symbol_daily_v1,db2089d7d5300be3ce84a5eeda66c8ae9be49730a33e7cf86f1b662a3ba376a4
2024-10-02,NVL,HOSE,2462520000.0,1839976300.0,622543700.0,222200.0,165662.0,56538.0,0.0,0.0,0.0,0.0,11150.0,11200.0,11000.0,11050.0,11070.0,HSX_FOREIGN_API,HOSE_SYMBOL_LEVEL,VND,2026-08-25T03:49:45Z,ff_hsx_symbol_daily_v1,9db274e34693d06219bc780736ceb346665e0ec766a3fb13dae5b3e8022f7ed1
2024-10-03,NVL,HOSE,5117715000.0,3840704000.0,1277011000.0,467000.0,349649.0,117351.0,0.0,0.0,0.0,0.0,11000.0,11100.0,10800.0,10850.0,10920.0,HSX_FOREIGN_API,HOSE_SYMBOL_LEVEL,VND,2026-08-25T03:49:45Z,ff_hsx_symbol_daily_v1,f5ffb4e1018446011bfbcf730ec8ca54af4c3ae2f25ccdb30c34477cd951fc63
2024-10-04,NVL,HOSE,7646845000.0,4816929850.0,2829915150.0,699400.0,440699.0,258701.0,0.0,0.0,0.0,0.0,10850.0,11000.0,10850.0,10850.0,10920.0,HSX_FOREIGN_API,HOSE_SYMBOL_LEVEL,VND,2026-08-25T03:49:45Z,ff_hsx_symbol_daily_v1,8d29b22119381b23bc6ad2bc4c234633c47e403af4998e6bd25883a6bf8b22dd
2024-10-07,NVL,HOSE,2986950000.0,5421505000.0,-2434555000.0,275200.0,499000.0,-223800.0,0.0,0.0,0.0,0.0,10900.0,11000.0,10750.0,10800.0,10840.0,HSX_FOREIGN_API,HOSE_SYMBOL_LEVEL,VND,2026-08-25T03:49:45Z,ff_hsx_symbol_daily_v1,cb6a966761cf08a021d1a838715309551646d76e747223f4afcfedc1f37fb25b
2024-10-08,NVL,HOSE,1425420000.0,271952500.0,1153467500.0,133200.0,25210.0,107990.0,0.0,0.0,0.0,0.0,10800.0,10900.0,10500.0,10700.0,10670.0,HSX_FOREIGN_API,HOSE_SYMBOL_LEVEL,VND,2026-08-25T03:49:45Z,ff_hsx_symbol_daily_v1,6fdf518fa8410a940df4233402303772c77fc54f0e4052fdb1faa4576977f025
2024-10-09,NVL,HOSE,2929430000.0,34410000.0,2895020000.0,271500.0,3200.0,268300.0,0.0,0.0,0.0,0.0,10700.0,10850.0,10700.0,10750.0,10780.0,HSX_FOREIGN_API,HOSE_SYMBOL_LEVEL,VND,2026-08-25T03:49:45Z,ff_hsx_symbol_daily_v1,e7a82417ae8018ebd624e4eb35d99b2210eac3aa2ab41b1237a1511bc5eb971d
2024-10-10,NVL,HOSE,1948140000.0,0.0,1948140000.0,180100.0,0.0,180100.0,0.0,0.0,0.0,0.0,10800.0,10900.0,10750.0,10800.0,10820.0,HSX_FOREIGN_API,HOSE_SYMBOL_LEVEL,VND,2026-08-25T03:49:45Z,ff_hsx_symbol_daily_v1,89eb92efb89dabbc63a3c19992fe070efcec038c86c804f5e34e868687fa436a
2024-10-11,NVL,HOSE,3662385000.0,87307200.0,3575077800.0,339200.0,8084.0,331116.0,0.0,0.0,0.0,0.0,10750.0,10850.0,10700.0,10800.0,10780.0,HSX_FOREIGN_API,HOSE_SYMBOL_LEVEL,VND,2026-08-25T03:49:45Z,ff_hsx_symbol_daily_v1,3dfe6e970984cfed107322b018befc78faa9d4e8c3796b8b20d23bc0cb3c55f0
2024-10-14,NVL,HOSE,2193210000.0,599285800.0,1593924200.0,202700.0,55462.0,147238.0,0.0,0.0,0.0,0.0,10850.0,10900.0,10550.0,10650.0,10730.0,HSX_FOREIGN_API,HOSE_SYMBOL_LEVEL,VND,2026-08-25T03:49:45Z,ff_hsx_symbol_daily_v1,929b9b184a590a1788cbf0dfb5a0bf5764d3468562831be98254e5d6b832848d
2024-10-15,NVL,HOSE,290520000.0,2477125000.0,-2186605000.0,27500.0,233000.0,-205500.0,0.0,0.0,0.0,0.0,10650.0,10750.0,10450.0,10450.0,10570.0,HSX_FOREIGN_API,HOSE_SYMBOL_LEVEL,VND,2026-08-25T03:49:45Z,ff_hsx_symbol_daily_v1,d663373e2f384edb6c320038e322aa4520382275b64a068eb2cffc5934bb0f6f
2024-10-16,NVL,HOSE,576870000.0,10242470000.0,-9665600000.0,56000.0,996600.0,-940600.0,0.0,0.0,0.0,0.0,10400.0,10500.0,10200.0,10200.0,10300.0,HSX_FOREIGN_API,HOSE_SYMBOL_LEVEL,VND,2026-08-25T03:49:45Z,ff_hsx_symbol_daily_v1,7e139e655bc23917b8097e3d53932fdbfdba9c0c1eaf21b208effb8fd5b5a587
2024-10-17,NVL,HOSE,6086616500.0,14251045000.0,-8164428500.0,597210.0,1396100.0,-798890.0,0.0,0.0,0.0,0.0,10200.0,10500.0,10050.0,10450.0,10220.0,HSX_FOREIGN_API,HOSE_SYMBOL_LEVEL,VND,2026-08-25T03:49:45Z,ff_hsx_symbol_daily_v1,b1eb27fa98aed1c090b706facd961f27a0d39a447970446a27a3bd6c2b85ad36
2024-10-18,NVL,HOSE,783204600.0,3926770900.0,-3143566300.0,75124.0,378002.0,-302878.0,0.0,0.0,0.0,0.0,10550.0,10550.0,10350.0,10350.0,10410.0,HSX_FOREIGN_API,HOSE_SYMBOL_LEVEL,VND,2026-08-25T03:49:45Z,ff_hsx_symbol_daily_v1,f5b441cd8c395ff633e6051a8eded48db6d0a033df0c555249707d22a34cf714
2024-10-21,NVL,HOSE,273543800.0,6328080000.0,-6054536200.0,26496.0,614100.0,-587604.0,0.0,0.0,0.0,0.0,10400.0,10400.0,10250.0,10250.0,10320.0,HSX_FOREIGN_API,HOSE_SYMBOL_LEVEL,VND,2026-08-25T03:49:45Z,ff_hsx_symbol_daily_v1,c386159597a75407651b200eb5de0419abb81bd73244c75f309f6c9f63b3e3b2
2024-10-22,NVL,HOSE,1109500000.0,8673915000.0,-7564415000.0,108300.0,848600.0,-740300.0,0.0,0.0,0.0,0.0,10200.0,10350.0,10150.0,10150.0,10230.0,HSX_FOREIGN_API,HOSE_SYMBOL_LEVEL,VND,2026-08-25T03:49:45Z,ff_hsx_symbol_daily_v1,1defaaf62e725400c26254894f1ef67da71fd1e0383db07c00702cdaae8a7c97
2024-10-23,NVL,HOSE,3349029600.0,3104165000.0,244864600.0,327048.0,303400.0,23648.0,0.0,0.0,0.0,0.0,10150.0,10350.0,10100.0,10250.0,10230.0,HSX_FOREIGN_API,HOSE_SYMBOL_LEVEL,VND,2026-08-25T03:49:45Z,ff_hsx_symbol_daily_v1,5196734e6a463d092765e56ef3684c8aca1e13654febd4b96bc68a47a93e293d
2024-10-24,NVL,HOSE,1075710000.0,324275000.0,751435000.0,105300.0,31600.0,73700.0,0.0,0.0,0.0,0.0,10250.0,10350.0,10150.0,10150.0,10230.0,HSX_FOREIGN_API,HOSE_SYMBOL_LEVEL,VND,2026-08-25T03:49:45Z,ff_hsx_symbol_daily_v1,9f17eb17586ac1b134291b2344d6bcf590d9fcd5664811fad1344f633a73bceb
2024-10-25,NVL,HOSE,214237500.0,128705000.0,85532500.0,21050.0,12600.0,8450.0,0.0,0.0,0.0,0.0,10100.0,10300.0,10100.0,10200.0,10180.0,HSX_FOREIGN_API,HOSE_SYMBOL_LEVEL,VND,2026-08-25T03:49:45Z,ff_hsx_symbol_daily_v1,6731864e926c39bf33188da03182f4668c6281a597187fea0a8a4b3eb008de75
2024-10-28,NVL,HOSE,1728445000.0,3719460000.0,-1991015000.0,167000.0,355700.0,-188700.0,0.0,0.0,0.0,0.0,10300.0,10600.0,10250.0,10350.0,10440.0,HSX_FOREIGN_API,HOSE_SYMBOL_LEVEL,VND,2026-08-25T03:49:45Z,ff_hsx_symbol_daily_v1,e60c3e8a9929b431dea9c5bb838d12a8b6f1bbf4d8296eb9eed7d656368c7eed
2024-10-29,NVL,HOSE,458910000.0,2990837650.0,-2531927650.0,44000.0,285486.0,-241486.0,0.0,0.0,0.0,0.0,10500.0,10600.0,10350.0,10350.0,10470.0,HSX_FOREIGN_API,HOSE_SYMBOL_LEVEL,VND,2026-08-25T03:49:45Z,ff_hsx_symbol_daily_v1,cdae1ec7ad5a7e760c3280d92dba79ccde461d5f3936072a768280534ff8f711
2024-10-30,NVL,HOSE,14041150000.0,3169305000.0,10871845000.0,1315400.0,301900.0,1013500.0,0.0,0.0,0.0,0.0,10500.0,10900.0,10350.0,10700.0,10690.0,HSX_FOREIGN_API,HOSE_SYMBOL_LEVEL,VND,2026-08-25T03:49:45Z,ff_hsx_symbol_daily_v1,fb37fe4397b5fe130ab7fbd578d0abfbfced8e48c3c87b460ffcf91400f095ed
2024-10-31,NVL,HOSE,57356200.0,20025434250.0,-19968078050.0,5327.0,1887859.0,-1882532.0,0.0,0.0,0.0,0.0,10850.0,10850.0,10500.0,10500.0,10680.0,HSX_FOREIGN_API,HOSE_SYMBOL_LEVEL,VND,2026-08-25T03:49:45Z,ff_hsx_symbol_daily_v1,dae061b7e5a009fd1137e9aee755d879d85354adf08f289dda1439abdcbcb32c
2024-11-01,NVL,HOSE,2079155000.0,2881600000.0,-802445000.0,198100.0,274800.0,-76700.0,0.0,0.0,0.0,0.0,10500.0,10650.0,10350.0,10350.0,10460.0,HSX_FOREIGN_API,HOSE_SYMBOL_LEVEL,VND,2026-08-25T03:49:45Z,ff_hsx_symbol_daily_v1,b474fcaf4da09d85faf85613b092bc2f40e1f47061d5e16b6324a68c050c2862
2024-11-04,NVL,HOSE,48225000.0,1025114500.0,-976889500.0,4700.0,99265.0,-94565.0,0.0,0.0,0.0,0.0,10300.0,10400.0,10200.0,10200.0,10270.0,HSX_FOREIGN_API,HOSE_SYMBOL_LEVEL,VND,2026-08-25T03:49:45Z,ff_hsx_symbol_daily_v1,109adc953f63308a42e1fdec0d0f13930baee6c5e1ac8e32b160c3faf08f7ead
2024-11-05,NVL,HOSE,1689175000.0,3354360000.0,-1665185000.0,163300.0,323400.0,-160100.0,0.0,0.0,0.0,0.0,10250.0,10500.0,10250.0,10300.0,10350.0,HSX_FOREIGN_API,HOSE_SYMBOL_LEVEL,VND,2026-08-25T03:49:45Z,ff_hsx_symbol_daily_v1,1c2e5bd2e30a84025043cc5873494a7d0b51ede0db00a87e8ec504e582b6c408
2024-11-06,NVL,HOSE,26249400.0,1978296600.0,-1952047200.0,2536.0,190129.0,-187593.0,0.0,0.0,0.0,0.0,10350.0,10500.0,10300.0,10400.0,10390.0,HSX_FOREIGN_API,HOSE_SYMBOL_LEVEL,VND,2026-08-25T03:49:45Z,ff_hsx_symbol_daily_v1,67b003b9209e07520db3f8ec8140792fbfbb95e00929e362d75381afc10a5bac
2024-11-07,NVL,HOSE,22178545000.0,23708510000.0,-1529965000.0,2046500.0,2191300.0,-144800.0,0.0,0.0,0.0,0.0,10550.0,11050.0,10450.0,10800.0,10790.0,HSX_FOREIGN_API,HOSE_SYMBOL_LEVEL,VND,2026-08-25T03:49:45Z,ff_hsx_symbol_daily_v1,b1396b66e3ec61d7f4a0a7f58c925d65be5117d85cd9768cd8e6e9096435e2bf
2024-11-08,NVL,HOSE,55015900.0,3434130000.0,-3379114100.0,5137.0,320600.0,-315463.0,0.0,0.0,0.0,0.0,10900.0,10900.0,10650.0,10700.0,10720.0,HSX_FOREIGN_API,HOSE_SYMBOL_LEVEL,VND,2026-08-25T03:49:45Z,ff_hsx_symbol_daily_v1,3d3dafaff1b98c5c19af1e20d21ead79b27f16d4e8685f4a98f5172c8a8d94ae
2024-11-11,NVL,HOSE,695677000.0,434840000.0,260837000.0,65710.0,41000.0,24710.0,0.0,0.0,0.0,0.0,10550.0,10750.0,10500.0,10650.0,10610.0,HSX_FOREIGN_API,HOSE_SYMBOL_LEVEL,VND,2026-08-25T03:49:45Z,ff_hsx_symbol_daily_v1,2a68c306a0565d935054d8552ea5f8e34feee89f130ca1ca746ca5b2f7f95031
2024-11-12,NVL,HOSE,4290802100.0,1171980000.0,3118822100.0,404450.0,111200.0,293250.0,0.0,0.0,0.0,0.0,10650.0,10750.0,10500.0,10550.0,10570.0,HSX_FOREIGN_API,HOSE_SYMBOL_LEVEL,VND,2026-08-25T03:49:45Z,ff_hsx_symbol_daily_v1,af876f4a27f33eef46714621e6f63d120366f9e3dd1bd063f13a51f1bb11ba47
2024-11-13,NVL,HOSE,27507155000.0,2487795300.0,25019359700.0,2552700.0,231591.0,2321109.0,0.0,0.0,0.0,0.0,10600.0,10950.0,10550.0,10800.0,10790.0,HSX_FOREIGN_API,HOSE_SYMBOL_LEVEL,VND,2026-08-25T03:49:45Z,ff_hsx_symbol_daily_v1,c634ad70029d48f18db9bd225802643a6789994549a1e7702cf731cf81bacf68
2024-11-14,NVL,HOSE,6342177000.0,995720000.0,5346457000.0,588230.0,92100.0,496130.0,0.0,0.0,0.0,0.0,10700.0,10950.0,10650.0,10800.0,10810.0,HSX_FOREIGN_API,HOSE_SYMBOL_LEVEL,VND,2026-08-25T03:49:45Z,ff_hsx_symbol_daily_v1,0b543d8834ad1c21e4e80c858d21b6d9a994ae0e728b95d6627d3f3f54c2a05a
2024-11-15,NVL,HOSE,3306530000.0,3984215000.0,-677685000.0,311400.0,376000.0,-64600.0,0.0,0.0,0.0,0.0,10700.0,10750.0,10400.0,10400.0,10580.0,HSX_FOREIGN_API,HOSE_SYMBOL_LEVEL,VND,2026-08-25T03:49:45Z,ff_hsx_symbol_daily_v1,138ff2a9b71f9105362802745ea00202ed6c13065b7ea0ef1a42ee1417e61522
2024-11-18,NVL,HOSE,2853930000.0,10981630850.0,-8127700850.0,269600.0,1042788.0,-773188.0,0.0,0.0,0.0,0.0,10500.0,10650.0,10450.0,10550.0,10540.0,HSX_FOREIGN_API,HOSE_SYMBOL_LEVEL,VND,2026-08-25T03:49:45Z,ff_hsx_symbol_daily_v1,ac618fd10ce5966754fee159d9652c672f8d198d6d9a4c042a503d99b9ea2a6d
2024-11-19,NVL,HOSE,14127005000.0,7296740000.0,6830265000.0,1302300.0,672800.0,629500.0,0.0,0.0,0.0,0.0,10550.0,11100.0,10550.0,10750.0,10860.0,HSX_FOREIGN_API,HOSE_SYMBOL_LEVEL,VND,2026-08-25T03:49:45Z,ff_hsx_symbol_daily_v1,7efd8011021290f48407c09fc5b7e603123da7ebfc95d0f966e3fcd352eff6fc
2024-11-20,NVL,HOSE,28087760000.0,5532505000.0,22555255000.0,2495400.0,489800.0,2005600.0,0.0,0.0,0.0,0.0,11150.0,11400.0,11000.0,11250.0,11220.0,HSX_FOREIGN_API,HOSE_SYMBOL_LEVEL,VND,2026-08-25T03:49:45Z,ff_hsx_symbol_daily_v1,7a00d0762263addcb7a15dfd29f7069ca40211f290c5a33027f43c7afbd42da6
2024-11-21,NVL,HOSE,18526725000.0,5769125000.0,12757600000.0,1656000.0,513500.0,1142500.0,0.0,0.0,0.0,0.0,11250.0,11300.0,11100.0,11250.0,11200.0,HSX_FOREIGN_API,HOSE_SYMBOL_LEVEL,VND,2026-08-25T03:49:45Z,ff_hsx_symbol_daily_v1,b865823085aa805d685ac3cf5fdebf95f88ec2f217d8558781d822e02d317b21
2024-11-22,NVL,HOSE,17580060250.0,3973736000.0,13606324250.0,1582695.0,357100.0,1225595.0,2897361000.0,2897361000.0,261000.0,261000.0,11250.0,11250.0,11000.0,11000.0,11110.0,HSX_FOREIGN_API,HOSE_SYMBOL_LEVEL,VND,2026-08-25T03:49:45Z,ff_hsx_symbol_daily_v1,f045c986c396fcfad22f4874f6155fc2c225cd9faeda71259a7734871b5d418c
2024-11-25,NVL,HOSE,18329820000.0,8819040000.0,9510780000.0,1668000.0,806600.0,861400.0,0.0,0.0,0.0,0.0,11150.0,11200.0,10750.0,11000.0,10970.0,HSX_FOREIGN_API,HOSE_SYMBOL_LEVEL,VND,2026-08-25T03:49:45Z,ff_hsx_symbol_daily_v1,e44d4436e9300ab6fd006db3470b9bf8e5c0b7c9c1ccb7bdb34797dbf98d5b22
2024-11-26,NVL,HOSE,12537162000.0,14330000.0,12522832000.0,1132210.0,1300.0,1130910.0,0.0,0.0,0.0,0.0,10850.0,11200.0,10800.0,11100.0,11080.0,HSX_FOREIGN_API,HOSE_SYMBOL_LEVEL,VND,2026-08-25T03:49:45Z,ff_hsx_symbol_daily_v1,68a363ec6772ea8989c5243d076519ca4fd3758464050e89f256e8ba6d72523a
2024-11-27,NVL,HOSE,11605550000.0,3414515400.0,8191034600.0,1032000.0,302604.0,729396.0,0.0,0.0,0.0,0.0,11200.0,11500.0,11100.0,11200.0,11280.0,HSX_FOREIGN_API,HOSE_SYMBOL_LEVEL,VND,2026-08-25T03:49:45Z,ff_hsx_symbol_daily_v1,ffb60e4f686d840cff3382382d5d166ab7d52a68acad1b374a1562724860748b
2024-11-28,NVL,HOSE,1386025000.0,11348580000.0,-9962555000.0,124100.0,1012400.0,-888300.0,0.0,0.0,0.0,0.0,11300.0,11400.0,11000.0,11100.0,11160.0,HSX_FOREIGN_API,HOSE_SYMBOL_LEVEL,VND,2026-08-25T03:49:45Z,ff_hsx_symbol_daily_v1,cda8fbd72df87eb9315820e0584022d2268c47b2040b6f8a0d4c49ccd4e8753e
2024-11-29,NVL,HOSE,9205645000.0,3468950000.0,5736695000.0,836000.0,315200.0,520800.0,0.0,0.0,0.0,0.0,11050.0,11100.0,10950.0,10950.0,11010.0,HSX_FOREIGN_API,HOSE_SYMBOL_LEVEL,VND,2026-08-25T03:49:45Z,ff_hsx_symbol_daily_v1,bc965a53a6e5d2a338f6d49d809cf91424f1dc637281e33717a211375a9b5413
2024-12-02,NVL,HOSE,27375000.0,4020825000.0,-3993450000.0,2500.0,366100.0,-363600.0,0.0,0.0,0.0,0.0,11000.0,11100.0,10900.0,10950.0,10970.0,HSX_FOREIGN_API,HOSE_SYMBOL_LEVEL,VND,2026-08-25T03:49:45Z,ff_hsx_symbol_daily_v1,b0249dcfdf188e3d29148730500bf93dfc103e9a4f8f7e4b25a1aed1268b87a4
2024-12-03,NVL,HOSE,1051435000.0,8211495000.0,-7160060000.0,95600.0,753500.0,-657900.0,0.0,0.0,0.0,0.0,11000.0,11050.0,10700.0,10700.0,10850.0,HSX_FOREIGN_API,HOSE_SYMBOL_LEVEL,VND,2026-08-25T03:49:45Z,ff_hsx_symbol_daily_v1,84ed8e9f6112734d6e5584d9efb704be122f148b09eb36a36560d920883d9ef1
2024-12-04,NVL,HOSE,2828745000.0,21137445000.0,-18308700000.0,262600.0,1979200.0,-1716600.0,0.0,0.0,0.0,0.0,10700.0,10800.0,10500.0,10500.0,10650.0,HSX_FOREIGN_API,HOSE_SYMBOL_LEVEL,VND,2026-08-25T03:49:45Z,ff_hsx_symbol_daily_v1,8e95d6bd9f85a16a7c6a5b035815504e377bce0554c0310daf066dae03d8e0a1
2024-12-05,NVL,HOSE,3153385000.0,12400795000.0,-9247410000.0,292000.0,1163700.0,-871700.0,0.0,0.0,0.0,0.0,10500.0,11000.0,10500.0,10850.0,10710.0,HSX_FOREIGN_API,HOSE_SYMBOL_LEVEL,VND,2026-08-25T03:49:45Z,ff_hsx_symbol_daily_v1,2ef8e7621790c1832f0f87424342faf974911751c2bd3df6ca60d08a9bb2d486
2024-12-06,NVL,HOSE,346830000.0,3802815500.0,-3455985500.0,32400.0,352030.0,-319630.0,0.0,0.0,0.0,0.0,10900.0,10950.0,10650.0,10650.0,10770.0,HSX_FOREIGN_API,HOSE_SYMBOL_LEVEL,VND,2026-08-25T03:49:45Z,ff_hsx_symbol_daily_v1,9263a5a53c77dff7843695dc67a9faeddda70d3ead1f99f0af46eddc7d3b7a98
2024-12-09,NVL,HOSE,68160000.0,6212425000.0,-6144265000.0,6400.0,579900.0,-573500.0,0.0,0.0,0.0,0.0,10650.0,10800.0,10600.0,10700.0,10710.0,HSX_FOREIGN_API,HOSE_SYMBOL_LEVEL,VND,2026-08-25T03:49:45Z,ff_hsx_symbol_daily_v1,d0760e95e20a9402ba78bea019bd54ee7b0c25aadb884df515bfd677e4f1e117
2024-12-10,NVL,HOSE,240980000.0,12624409800.0,-12383429800.0,22500.0,1181406.0,-1158906.0,0.0,0.0,0.0,0.0,10700.0,10850.0,10600.0,10600.0,10680.0,HSX_FOREIGN_API,HOSE_SYMBOL_LEVEL,VND,2026-08-25T03:49:45Z,ff_hsx_symbol_daily_v1,8a25a0d62e330c67a1a271d827c88e422fa4452a86d0a8cbc47900b4d06ef733
2024-12-11,NVL,HOSE,584315000.0,7354905000.0,-6770590000.0,55300.0,695100.0,-639800.0,0.0,0.0,0.0,0.0,10650.0,10700.0,10500.0,10550.0,10580.0,HSX_FOREIGN_API,HOSE_SYMBOL_LEVEL,VND,2026-08-25T03:49:45Z,ff_hsx_symbol_daily_v1,2605b9d18d6eb4826506fda1f5d88d62ac5ff7bc86f15013d3a31dfe56c1ba5e
2024-12-12,NVL,HOSE,105175000.0,2026245000.0,-1921070000.0,10000.0,191400.0,-181400.0,0.0,0.0,0.0,0.0,10550.0,10650.0,10500.0,10500.0,10560.0,HSX_FOREIGN_API,HOSE_SYMBOL_LEVEL,VND,2026-08-25T03:49:45Z,ff_hsx_symbol_daily_v1,0de51efc2722b3def566d1f6aed898d4d178a613bf6044723da657fbb56d5164
2024-12-13,NVL,HOSE,92305000.0,1566320000.0,-1474015000.0,8800.0,148900.0,-140100.0,0.0,0.0,0.0,0.0,10500.0,10550.0,10450.0,10450.0,10500.0,HSX_FOREIGN_API,HOSE_SYMBOL_LEVEL,VND,2026-08-25T03:49:45Z,ff_hsx_symbol_daily_v1,eaec372470361660d6012be46aeaecb0ccc8add5523ab5231b6dae2441522c94
2024-12-16,NVL,HOSE,42850000.0,434310000.0,-391460000.0,4100.0,41500.0,-37400.0,0.0,0.0,0.0,0.0,10500.0,10550.0,10400.0,10400.0,10460.0,HSX_FOREIGN_API,HOSE_SYMBOL_LEVEL,VND,2026-08-25T03:49:45Z,ff_hsx_symbol_daily_v1,a1a18e6f6074deac6416b59738cb1a29a60ec326b68008a27deb659add5f9bc8
2024-12-17,NVL,HOSE,12575000.0,2220342400.0,-2207767400.0,1200.0,212068.0,-210868.0,0.0,0.0,0.0,0.0,10450.0,10550.0,10450.0,10450.0,10490.0,HSX_FOREIGN_API,HOSE_SYMBOL_LEVEL,VND,2026-08-25T03:49:45Z,ff_hsx_symbol_daily_v1,e778b513aec203f26019979f4135767adc8352bfb5524f7a7438992f974a7f97
2024-12-18,NVL,HOSE,1060000.0,461000000.0,-459940000.0,100.0,43700.0,-43600.0,0.0,0.0,0.0,0.0,10450.0,10600.0,10450.0,10550.0,10550.0,HSX_FOREIGN_API,HOSE_SYMBOL_LEVEL,VND,2026-08-25T03:49:45Z,ff_hsx_symbol_daily_v1,2bec309ad194ed997122e2181992889620f3dafc0860db1b2214b719d95fbcde
2024-12-19,NVL,HOSE,25190000.0,7477065000.0,-7451875000.0,2400.0,710500.0,-708100.0,0.0,0.0,0.0,0.0,10500.0,10600.0,10450.0,10450.0,10520.0,HSX_FOREIGN_API,HOSE_SYMBOL_LEVEL,VND,2026-08-25T03:49:45Z,ff_hsx_symbol_daily_v1,49b5d873535c79d79620ee2fa0dc54aa4761e3db3bafdcfaeff7fe3af836135c
2024-12-20,NVL,HOSE,13188605000.0,82707308700.0,-69518703700.0,1305200.0,8182413.0,-6877213.0,0.0,333300.0,0.0,33.0,10500.0,10550.0,10100.0,10100.0,10200.0,HSX_FOREIGN_API,HOSE_SYMBOL_LEVEL,VND,2026-08-25T03:49:45Z,ff_hsx_symbol_daily_v1,10382ef5e73989f869a863f702f973718267c5233c9f029d6c410b915077f4d0
2024-12-23,NVL,HOSE,29022279200.0,31295000.0,28990984200.0,2768419.0,3000.0,2765419.0,0.0,0.0,0.0,0.0,10350.0,10600.0,10300.0,10500.0,10460.0,HSX_FOREIGN_API,HOSE_SYMBOL_LEVEL,VND,2026-08-25T03:49:45Z,ff_hsx_symbol_daily_v1,f301a27343140a5bee8561deffbd2c52db207653abe3c0eb97a4aefe7610dc96
2024-12-24,NVL,HOSE,5709492000.0,0.0,5709492000.0,551114.0,0.0,551114.0,0.0,0.0,0.0,0.0,10500.0,10550.0,10250.0,10300.0,10350.0,HSX_FOREIGN_API,HOSE_SYMBOL_LEVEL,VND,2026-08-25T03:49:45Z,ff_hsx_symbol_daily_v1,08daeeb398c13484b2461504eb02dfe8fffdfac240a33bd44dc4e532f4a0c04e
2024-12-25,NVL,HOSE,17733246400.0,34390300.0,17698856100.0,1710055.0,3286.0,1706769.0,10055282300.0,0.0,976241.0,0.0,10350.0,10550.0,10300.0,10400.0,10440.0,HSX_FOREIGN_API,HOSE_SYMBOL_LEVEL,VND,2026-08-25T03:49:45Z,ff_hsx_symbol_daily_v1,d976c0df8c40ec5148470be0b56211f7939fba8995bdb54ad8cc63df3b94c5ac
2024-12-26,NVL,HOSE,991927000.0,22990000.0,968937000.0,94914.0,2200.0,92714.0,0.0,0.0,0.0,0.0,10400.0,10550.0,10400.0,10400.0,10440.0,HSX_FOREIGN_API,HOSE_SYMBOL_LEVEL,VND,2026-08-25T03:49:45Z,ff_hsx_symbol_daily_v1,bb902c972f11bfc3922ad9de8a9e97b1faf3d1b869063eb15fd92191e6aec87f
2024-12-27,NVL,HOSE,6780882000.0,3585305000.0,3195577000.0,658714.0,347200.0,311514.0,0.0,0.0,0.0,0.0,10400.0,10450.0,10200.0,10200.0,10290.0,HSX_FOREIGN_API,HOSE_SYMBOL_LEVEL,VND,2026-08-25T03:49:45Z,ff_hsx_symbol_daily_v1,4cc73811232b472ef1ed6ee835f61bd9c76f578c75e05bb9e92b8810e43eb16d
2024-12-30,NVL,HOSE,291312700.0,3868480000.0,-3577167300.0,28214.0,371000.0,-342786.0,0.0,0.0,0.0,0.0,10550.0,10550.0,10250.0,10300.0,10400.0,HSX_FOREIGN_API,HOSE_SYMBOL_LEVEL,VND,2026-08-25T03:49:45Z,ff_hsx_symbol_daily_v1,39c1999b12e822be0d36a05ba5c73322ac888d37e2988b504de34a211d337403
2024-12-31,NVL,HOSE,110431300.0,3286330000.0,-3175898700.0,10714.0,318800.0,-308086.0,0.0,0.0,0.0,0.0,10300.0,10350.0,10250.0,10250.0,10290.0,HSX_FOREIGN_API,HOSE_SYMBOL_LEVEL,VND,2026-08-25T03:49:45Z,ff_hsx_symbol_daily_v1,9bad5247516c72fe1df84dd8aa2ffdb266c51000cf43df678531ef5842ee50e1
2025-01-02,NVL,HOSE,6068854450.0,314155000.0,5754699450.0,583021.0,30100.0,552921.0,0.0,0.0,0.0,0.0,10350.0,10500.0,10300.0,10400.0,10380.0,HSX_FOREIGN_API,HOSE_SYMBOL_LEVEL,VND,2026-08-25T03:49:45Z,ff_hsx_symbol_daily_v1,8b16e147bd3b573757c2706694a5589e80bc8a9f8d05fd4bc89c72b9b122516e
2025-01-03,NVL,HOSE,9971620000.0,2499715500.0,7471904500.0,942800.0,237110.0,705690.0,0.0,0.0,0.0,0.0,10400.0,10800.0,10400.0,10550.0,10610.0,HSX_FOREIGN_API,HOSE_SYMBOL_LEVEL,VND,2026-08-25T03:49:45Z,ff_hsx_symbol_daily_v1,e2dc2e93b9bf9178e35f59557b6479459609080377e6ac7bbbc204b9e50bdf2f
2025-01-06,NVL,HOSE,6334685000.0,2560195000.0,3774490000.0,601100.0,243600.0,357500.0,0.0,0.0,0.0,0.0,10600.0,10600.0,10300.0,10400.0,10500.0,HSX_FOREIGN_API,HOSE_SYMBOL_LEVEL,VND,2026-08-25T03:49:45Z,ff_hsx_symbol_daily_v1,7af737f851be73f3d27f72227b3bc6899cf52e5bc86d149c7ec6a4d0ad8d4f4d
2025-01-07,NVL,HOSE,19570000.0,5490230000.0,-5470660000.0,1900.0,530900.0,-529000.0,0.0,0.0,0.0,0.0,10450.0,10450.0,10200.0,10250.0,10310.0,HSX_FOREIGN_API,HOSE_SYMBOL_LEVEL,VND,2026-08-25T03:49:45Z,ff_hsx_symbol_daily_v1,50a3ec39810954b1aa2e27da71bfa3dd166c3c42bd6e362a15d160f547c92c1f
2025-01-08,NVL,HOSE,171150000.0,7398095000.0,-7226945000.0,16700.0,720200.0,-703500.0,0.0,0.0,0.0,0.0,10250.0,10450.0,10200.0,10400.0,10280.0,HSX_FOREIGN_API,HOSE_SYMBOL_LEVEL,VND,2026-08-25T03:49:45Z,ff_hsx_symbol_daily_v1,bbe4d67be98ea018e9c16ff2fb235a81d5236170f035445ffac3dd0d1d9c4d98
2025-01-09,NVL,HOSE,1848430000.0,309170000.0,1539260000.0,178700.0,30000.0,148700.0,0.0,0.0,0.0,0.0,10350.0,10450.0,10250.0,10250.0,10320.0,HSX_FOREIGN_API,HOSE_SYMBOL_LEVEL,VND,2026-08-25T03:49:45Z,ff_hsx_symbol_daily_v1,9725f7aa906dc68b4e806b32d938a6a89dbe1a1562a9076f0ce0434db3d75367
2025-01-10,NVL,HOSE,601041000.0,5690300000.0,-5089259000.0,60300.0,559100.0,-498800.0,0.0,0.0,0.0,0.0,10250.0,10300.0,9920.0,9920.0,10080.0,HSX_FOREIGN_API,HOSE_SYMBOL_LEVEL,VND,2026-08-25T03:49:45Z,ff_hsx_symbol_daily_v1,c621e3e50b1861b108683b2b12de447445049d8d26d6343c43447da638eeaecc
2025-01-13,NVL,HOSE,2330867000.0,10387647000.0,-8056780000.0,244200.0,1070600.0,-826400.0,0.0,0.0,0.0,0.0,9930.0,9990.0,9400.0,9490.0,9690.0,HSX_FOREIGN_API,HOSE_SYMBOL_LEVEL,VND,2026-08-25T03:49:45Z,ff_hsx_symbol_daily_v1,550aa3a0596efd43a80bd6d9663ef6447c4efd0d8ea61fcc1d0d62a8a5a14afd
2025-01-14,NVL,HOSE,4245438000.0,3552444000.0,692994000.0,468700.0,386100.0,82600.0,0.0,0.0,0.0,0.0,9500.0,9540.0,8950.0,8950.0,9100.0,HSX_FOREIGN_API,HOSE_SYMBOL_LEVEL,VND,2026-08-25T03:49:45Z,ff_hsx_symbol_daily_v1,5242ff93405908dcab79293d8edca62964068ae940ced5ec030da4e85cd80531
2025-01-15,NVL,HOSE,32509000.0,186146000.0,-153637000.0,3500.0,20100.0,-16600.0,0.0,0.0,0.0,0.0,9200.0,9430.0,9190.0,9200.0,9290.0,HSX_FOREIGN_API,HOSE_SYMBOL_LEVEL,VND,2026-08-25T03:49:45Z,ff_hsx_symbol_daily_v1,e45c11cbdcf0e9b2fd32cdf53ad4564c60903d1b40842e4ced152994f4d3daca
2025-01-16,NVL,HOSE,69290000.0,2316877000.0,-2247587000.0,7500.0,251400.0,-243900.0,0.0,0.0,0.0,0.0,9200.0,9400.0,9150.0,9170.0,9250.0,HSX_FOREIGN_API,HOSE_SYMBOL_LEVEL,VND,2026-08-25T03:49:45Z,ff_hsx_symbol_daily_v1,40a70637f9ddb89614d913e6b366841e48bb8d12c9385695b56b9ddf91ddd91e
2025-01-17,NVL,HOSE,400758000.0,1245644000.0,-844886000.0,43400.0,134700.0,-91300.0,0.0,0.0,0.0,0.0,9210.0,9330.0,9150.0,9280.0,9250.0,HSX_FOREIGN_API,HOSE_SYMBOL_LEVEL,VND,2026-08-25T03:49:45Z,ff_hsx_symbol_daily_v1,8e14446278717330d4cab4377f8f0a3a568095c72cc44ae2a0c58dbf9ad85f37
2025-01-20,NVL,HOSE,211599000.0,4839289000.0,-4627690000.0,23300.0,532800.0,-509500.0,0.0,0.0,0.0,0.0,9240.0,9240.0,9010.0,9050.0,9080.0,HSX_FOREIGN_API,HOSE_SYMBOL_LEVEL,VND,2026-08-25T03:49:45Z,ff_hsx_symbol_daily_v1,534870f4ff31d67b7f8622519df12e8f8e408eb50c384f939c2a3d6cd4257772
2025-01-21,NVL,HOSE,418350000.0,41682000.0,376668000.0,46000.0,4600.0,41400.0,0.0,0.0,0.0,0.0,9120.0,9140.0,9040.0,9040.0,9080.0,HSX_FOREIGN_API,HOSE_SYMBOL_LEVEL,VND,2026-08-25T03:49:45Z,ff_hsx_symbol_daily_v1,3470b7285db3efc997a698141c5033c108db084e6716bd4ef81d08d644b3d65a
2025-01-22,NVL,HOSE,272073000.0,10378573000.0,-10106500000.0,30300.0,1173200.0,-1142900.0,0.0,0.0,0.0,0.0,9050.0,9100.0,8680.0,8680.0,8830.0,HSX_FOREIGN_API,HOSE_SYMBOL_LEVEL,VND,2026-08-25T03:49:45Z,ff_hsx_symbol_daily_v1,f7ef648310d10e70b496a4efa8344a4b5dee0ed5b6b4d1485582c6fbd5daed3e
2025-01-23,NVL,HOSE,3770464000.0,324058000.0,3446406000.0,430400.0,37000.0,393400.0,0.0,0.0,0.0,0.0,8690.0,8850.0,8680.0,8730.0,8750.0,HSX_FOREIGN_API,HOSE_SYMBOL_LEVEL,VND,2026-08-25T03:49:45Z,ff_hsx_symbol_daily_v1,7d29240d7e82d1442cc15d83b7bda322884e044b10e39253d88d31453512a13b
2025-01-24,NVL,HOSE,4329657000.0,1343807000.0,2985850000.0,483900.0,150500.0,333400.0,0.0,0.0,0.0,0.0,8880.0,9030.0,8810.0,8930.0,8940.0,HSX_FOREIGN_API,HOSE_SYMBOL_LEVEL,VND,2026-08-25T03:49:45Z,ff_hsx_symbol_daily_v1,9be3999a08dccec41f4a7ea6e26b68ca85d629d477bfd4b836906575ac347f49
2025-02-03,NVL,HOSE,1710504000.0,1353371000.0,357133000.0,191100.0,151400.0,39700.0,0.0,0.0,0.0,0.0,8930.0,9010.0,8880.0,8900.0,8940.0,HSX_FOREIGN_API,HOSE_SYMBOL_LEVEL,VND,2026-08-25T03:49:45Z,ff_hsx_symbol_daily_v1,4461075f2c6d410676f392c51ff8eea13c08dc43a25b1e63581d73de1287a139
2025-02-04,NVL,HOSE,10990192000.0,2104671680.0,8885520320.0,1217500.0,227813.0,989687.0,0.0,0.0,0.0,0.0,8930.0,9420.0,8930.0,9390.0,9160.0,HSX_FOREIGN_API,HOSE_SYMBOL_LEVEL,VND,2026-08-25T03:49:45Z,ff_hsx_symbol_daily_v1,a7a623e5458d9ae3e04d586fc74428c2d1202855f0ac1853716adffb6046c574
2025-02-05,NVL,HOSE,798516000.0,12829221900.0,-12030705900.0,84300.0,1355887.0,-1271587.0,0.0,0.0,0.0,0.0,9440.0,9580.0,9400.0,9400.0,9490.0,HSX_FOREIGN_API,HOSE_SYMBOL_LEVEL,VND,2026-08-25T03:49:45Z,ff_hsx_symbol_daily_v1,5ea2d03101ab621ee0b4e953e7fd70c94a79e9de50998ad2f55325d73225935f
2025-02-06,NVL,HOSE,9523571000.0,1193584500.0,8329986500.0,1013700.0,126630.0,887070.0,0.0,0.0,0.0,0.0,9420.0,9480.0,9320.0,9390.0,9390.0,HSX_FOREIGN_API,HOSE_SYMBOL_LEVEL,VND,2026-08-25T03:49:45Z,ff_hsx_symbol_daily_v1,75445e7cda2d0437b4e2f2df99889280cec80c289b0091e655353437f77b694b
2025-02-07,NVL,HOSE,691754000.0,7702465430.0,-7010711430.0,72800.0,810497.0,-737697.0,0.0,0.0,0.0,0.0,9440.0,9640.0,9400.0,9450.0,9500.0,HSX_FOREIGN_API,HOSE_SYMBOL_LEVEL,VND,2026-08-25T03:49:45Z,ff_hsx_symbol_daily_v1,3443ef6d1755c0eb1d11068b61dfb29a835cbb40051f79dba72e04efaa5918b4
2025-02-10,NVL,HOSE,5681334000.0,3969863950.0,1711470050.0,611000.0,427355.0,183645.0,0.0,0.0,0.0,0.0,9450.0,9450.0,9230.0,9230.0,9300.0,HSX_FOREIGN_API,HOSE_SYMBOL_LEVEL,VND,2026-08-25T03:49:45Z,ff_hsx_symbol_daily_v1,9934719e1ea76b4ee691b7e271dd003410240720832afccb1e8c067d48f7c04a
2025-02-11,NVL,HOSE,163667000.0,5676833800.0,-5513166800.0,17800.0,617455.0,-599655.0,0.0,0.0,0.0,0.0,9240.0,9370.0,9150.0,9200.0,9200.0,HSX_FOREIGN_API,HOSE_SYMBOL_LEVEL,VND,2026-08-25T03:49:45Z,ff_hsx_symbol_daily_v1,19c0e1043adf646c7885ba3e86cff731e01b1e3ca91e0b1f3accab3e7b63831d
2025-02-12,NVL,HOSE,1159543000.0,4369695840.0,-3210152840.0,126000.0,474960.0,-348960.0,0.0,0.0,0.0,0.0,9220.0,9260.0,9160.0,9160.0,9200.0,HSX_FOREIGN_API,HOSE_SYMBOL_LEVEL,VND,2026-08-25T03:49:45Z,ff_hsx_symbol_daily_v1,65b303af7cfb56f7168226157e4f8741f47ad5996a257447abf586b9015e4b5d
2025-02-13,NVL,HOSE,3867094000.0,8366619450.0,-4499525450.0,427100.0,922743.0,-495643.0,0.0,0.0,0.0,0.0,9160.0,9180.0,9010.0,9020.0,9060.0,HSX_FOREIGN_API,HOSE_SYMBOL_LEVEL,VND,2026-08-25T03:49:45Z,ff_hsx_symbol_daily_v1,17c8056995a2c961d4850f695e8658ddbedbfe818432189a2eb88d6def6c5723
2025-02-14,NVL,HOSE,16299281000.0,3828027000.0,12471254000.0,1780300.0,415700.0,1364600.0,0.0,0.0,0.0,0.0,9090.0,9340.0,9060.0,9250.0,9180.0,HSX_FOREIGN_API,HOSE_SYMBOL_LEVEL,VND,2026-08-25T03:49:45Z,ff_hsx_symbol_daily_v1,66086a04d6c2bfd28d468e011e1e4f84b2bfc415e1f5b2c82afca51ebe5259c7
2025-02-17,NVL,HOSE,4624506000.0,4438591680.0,185914320.0,498700.0,479831.0,18869.0,0.0,0.0,0.0,0.0,9260.0,9330.0,9180.0,9210.0,9250.0,HSX_FOREIGN_API,HOSE_SYMBOL_LEVEL,VND,2026-08-25T03:49:45Z,ff_hsx_symbol_daily_v1,c19b5a1cc2f7c6e9245099e2bfb822c29806a27cc73a7cc0fa2797bf58c6602e
2025-02-18,NVL,HOSE,39729624000.0,2510961000.0,37218663000.0,4428400.0,268800.0,4159600.0,26400000000.0,0.0,3000000.0,0.0,9190.0,9490.0,9190.0,9350.0,9360.0,HSX_FOREIGN_API,HOSE_SYMBOL_LEVEL,VND,2026-08-25T03:49:45Z,ff_hsx_symbol_daily_v1,b39048921824e640c0861119aa5a68db1236c9d3e5468101745ab51b77ba2387
2025-02-19,NVL,HOSE,9438552000.0,13073890920.0,-3635338920.0,1000400.0,1389654.0,-389254.0,0.0,0.0,0.0,0.0,9470.0,9470.0,9350.0,9450.0,9420.0,HSX_FOREIGN_API,HOSE_SYMBOL_LEVEL,VND,2026-08-25T03:49:45Z,ff_hsx_symbol_daily_v1,f11a81e4e1d941a366628ace6a1112c9584375548f2a1feaa1c54dfe92eab591
2025-02-20,NVL,HOSE,24365556000.0,7884813930.0,16480742070.0,2454200.0,788153.0,1666047.0,0.0,0.0,0.0,0.0,9500.0,10100.0,9480.0,10100.0,9980.0,HSX_FOREIGN_API,HOSE_SYMBOL_LEVEL,VND,2026-08-25T03:49:45Z,ff_hsx_symbol_daily_v1,baf681905606196d0132d6daa498a5e6232a312cd8814e7ec2f86454d1970744
2025-02-21,NVL,HOSE,27362215000.0,43573211300.0,-16210996300.0,2817700.0,4204818.0,-1387118.0,22080000000.0,24150000000.0,2300000.0,2300000.0,10400.0,10400.0,10050.0,10150.0,10220.0,HSX_FOREIGN_API,HOSE_SYMBOL_LEVEL,VND,2026-08-25T03:49:45Z,ff_hsx_symbol_daily_v1,0cdd5bdf8d52f811ca2672c81050a6feb3d9c4637a382d5dba1a6a5b0b7d2b2d
2025-02-24,NVL,HOSE,8315729000.0,18824357950.0,-10508628950.0,829901.0,1874258.0,-1044357.0,0.0,0.0,0.0,0.0,10250.0,10300.0,9930.0,10000.0,10040.0,HSX_FOREIGN_API,HOSE_SYMBOL_LEVEL,VND,2026-08-25T03:49:45Z,ff_hsx_symbol_daily_v1,c8710de6b113a9c2dddab8465c9eeef9272c38e7ecac688279c2d433be0059ee
2025-02-25,NVL,HOSE,3499094000.0,17247278700.0,-13748184700.0,350100.0,1730372.0,-1380272.0,0.0,0.0,0.0,0.0,10100.0,10150.0,9880.0,9950.0,9980.0,HSX_FOREIGN_API,HOSE_SYMBOL_LEVEL,VND,2026-08-25T03:49:45Z,ff_hsx_symbol_daily_v1,53c11035c4c6f00da105ff759819cae22d60cc821d8fbe00aedf78c34478e6f8
2025-02-26,NVL,HOSE,2334860000.0,16119412520.0,-13784552520.0,235000.0,1623316.0,-1388316.0,0.0,0.0,0.0,0.0,10000.0,10050.0,9900.0,9900.0,9940.0,HSX_FOREIGN_API,HOSE_SYMBOL_LEVEL,VND,2026-08-25T03:49:45Z,ff_hsx_symbol_daily_v1,1aad6f72f6cdf346ea91c5a05ccea4f4acbea1ca3d429a6e4fdb40de2b89a454
2025-02-27,NVL,HOSE,25566845000.0,50577819000.0,-25010974000.0,2573200.0,4879800.0,-2306600.0,19800000000.0,31620000000.0,2000000.0,3000000.0,10000.0,10200.0,9980.0,10100.0,10070.0,HSX_FOREIGN_API,HOSE_SYMBOL_LEVEL,VND,2026-08-25T03:49:45Z,ff_hsx_symbol_daily_v1,9e03b7093699d9afd34d15bb2004b7dab201d0be8e8444e07d74ecae71073d48
2025-02-28,NVL,HOSE,34915220000.0,11127866800.0,23787353200.0,3443700.0,1043076.0,2400624.0,19800000000.0,0.0,2000000.0,0.0,10300.0,10800.0,10250.0,10600.0,10600.0,HSX_FOREIGN_API,HOSE_SYMBOL_LEVEL,VND,2026-08-25T03:49:45Z,ff_hsx_symbol_daily_v1,66dbcdc0e620134191071f8ee47ed94a02240ee02bf01161162fbece74cc8d2f
2025-03-03,NVL,HOSE,19825275800.0,16392863200.0,3432412600.0,1941342.0,1560728.0,380614.0,10056835800.0,0.0,1015842.0,0.0,10500.0,10750.0,10350.0,10400.0,10560.0,HSX_FOREIGN_API,HOSE_SYMBOL_LEVEL,VND,2026-08-25T03:49:45Z,ff_hsx_symbol_daily_v1,0c890db7b7dc8db109d2459b4dcc30fdf69c02567293149acb60cc012ab6c24c
2025-03-04,NVL,HOSE,14527805000.0,40226192150.0,-25698387150.0,1405300.0,3904762.0,-2499462.0,0.0,0.0,0.0,0.0,10400.0,10500.0,10200.0,10300.0,10350.0,HSX_FOREIGN_API,HOSE_SYMBOL_LEVEL,VND,2026-08-25T03:49:45Z,ff_hsx_symbol_daily_v1,f8458f2db0b64599bb4f563f28bcc1163bc2f736b79c6ba961a179ac7bdaa7a2
2025-03-05,NVL,HOSE,3599969400.0,10932409700.0,-7332440300.0,348398.0,1060542.0,-712144.0,0.0,0.0,0.0,0.0,10300.0,10450.0,10200.0,10200.0,10290.0,HSX_FOREIGN_API,HOSE_SYMBOL_LEVEL,VND,2026-08-25T03:49:45Z,ff_hsx_symbol_daily_v1,03c6d6336d27bb4e41effaaec78e0ea258b45e581b4259f627374a2e108c6065
2025-03-06,NVL,HOSE,11235940000.0,11126585000.0,109355000.0,1096100.0,1083200.0,12900.0,0.0,0.0,0.0,0.0,10250.0,10400.0,10150.0,10350.0,10260.0,HSX_FOREIGN_API,HOSE_SYMBOL_LEVEL,VND,2026-08-25T03:49:45Z,ff_hsx_symbol_daily_v1,7359feab65b16d5e77e29c536b0fd09c402bbfd8c082a78a2aab5ea90b9285f0
2025-03-07,NVL,HOSE,18328965000.0,5193677200.0,13135287800.0,1725800.0,492562.0,1233238.0,0.0,0.0,0.0,0.0,10400.0,10750.0,10400.0,10500.0,10610.0,HSX_FOREIGN_API,HOSE_SYMBOL_LEVEL,VND,2026-08-25T03:49:45Z,ff_hsx_symbol_daily_v1,24b09b715382c23e14dfb9713e0ec546a2468ac26bf40cd350117815dceb1c06
2025-03-10,NVL,HOSE,6339692050.0,15761400000.0,-9421707950.0,604749.0,1497300.0,-892551.0,0.0,0.0,0.0,0.0,10650.0,10700.0,10400.0,10400.0,10490.0,HSX_FOREIGN_API,HOSE_SYMBOL_LEVEL,VND,2026-08-25T03:49:45Z,ff_hsx_symbol_daily_v1,7a60fb78c817539ab3d8a1ba687bfd4b672ddf3ca892ef06e1da3356857d012b
2025-03-11,NVL,HOSE,26111847000.0,4432105000.0,21679742000.0,2489224.0,430200.0,2059024.0,0.0,0.0,0.0,0.0,10300.0,10650.0,10200.0,10550.0,10460.0,HSX_FOREIGN_API,HOSE_SYMBOL_LEVEL,VND,2026-08-25T03:49:45Z,ff_hsx_symbol_daily_v1,4117d1615fe70573cb7394b77c3f0325bd3ab67cb082be96fe9126c3c62d3bad
2025-03-12,NVL,HOSE,4649030000.0,2625235000.0,2023795000.0,441400.0,248100.0,193300.0,0.0,0.0,0.0,0.0,10550.0,10650.0,10450.0,10500.0,10530.0,HSX_FOREIGN_API,HOSE_SYMBOL_LEVEL,VND,2026-08-25T03:49:45Z,ff_hsx_symbol_daily_v1,a4565dcc19e178d1f53c66c90e045ca20de01bcac683fcb58f29089ac75275a7
2025-03-13,NVL,HOSE,7650327800.0,17106525000.0,-9456197200.0,724696.0,1613800.0,-889104.0,0.0,0.0,0.0,0.0,10500.0,10800.0,10400.0,10400.0,10580.0,HSX_FOREIGN_API,HOSE_SYMBOL_LEVEL,VND,2026-08-25T03:49:45Z,ff_hsx_symbol_daily_v1,dda910890f28e291d23af55a80b7647431d74dfb3c9489972a80c5a32e00bcc9
2025-03-14,NVL,HOSE,55292840000.0,5634645000.0,49658195000.0,5129100.0,532400.0,4596700.0,0.0,0.0,0.0,0.0,10450.0,11100.0,10350.0,11100.0,10890.0,HSX_FOREIGN_API,HOSE_SYMBOL_LEVEL,VND,2026-08-25T03:49:45Z,ff_hsx_symbol_daily_v1,9417f88f4c44c057900f0cb02335419dfba5cd480df828de1124aa40c0d47caa
2025-03-17,NVL,HOSE,10394805000.0,16552525000.0,-6157720000.0,932400.0,1483700.0,-551300.0,0.0,0.0,0.0,0.0,11300.0,11300.0,11050.0,11150.0,11150.0,HSX_FOREIGN_API,HOSE_SYMBOL_LEVEL,VND,2026-08-25T03:49:45Z,ff_hsx_symbol_daily_v1,90bbf96562bd7f6595258e3aeb24a26e239091c5b2ddb7959362ce953ef74b7a
2025-03-18,NVL,HOSE,11419590000.0,6944952850.0,4474637150.0,1040000.0,632017.0,407983.0,0.0,0.0,0.0,0.0,11050.0,11150.0,10800.0,10950.0,10980.0,HSX_FOREIGN_API,HOSE_SYMBOL_LEVEL,VND,2026-08-25T03:49:45Z,ff_hsx_symbol_daily_v1,8419b14ae71dee22cab27879e0ab128fdade48d9f04325090a91d6e4c5108729
2025-03-19,NVL,HOSE,639680000.0,13588450000.0,-12948770000.0,59500.0,1258800.0,-1199300.0,0.0,0.0,0.0,0.0,10800.0,10900.0,10700.0,10800.0,10780.0,HSX_FOREIGN_API,HOSE_SYMBOL_LEVEL,VND,2026-08-25T03:49:45Z,ff_hsx_symbol_daily_v1,018b22d50e66495f636143d9b2f1cdcb5b3469b4ed5d442a5eed87899c46d6e1
2025-03-20,NVL,HOSE,29235000.0,14412000200.0,-14382765200.0,2700.0,1331512.0,-1328812.0,0.0,0.0,0.0,0.0,10850.0,10900.0,10750.0,10850.0,10820.0,HSX_FOREIGN_API,HOSE_SYMBOL_LEVEL,VND,2026-08-25T03:49:45Z,ff_hsx_symbol_daily_v1,f7d22e75b6f4fd22a7397a9165d66e92e933b99ce8c3ca6aa02c60d66050207d
2025-03-21,NVL,HOSE,277190000.0,25222885400.0,-24945695400.0,25500.0,2331763.0,-2306263.0,0.0,0.0,0.0,0.0,10950.0,11000.0,10750.0,10750.0,10840.0,HSX_FOREIGN_API,HOSE_SYMBOL_LEVEL,VND,2026-08-25T03:49:45Z,ff_hsx_symbol_daily_v1,19dc5bb1ec1ff8ab4d1abf6c97c2ce7a03b56a089f5383d8c3ca9cff966e0efb
2025-03-24,NVL,HOSE,1266685000.0,60490267600.0,-59223582600.0,123900.0,5800260.0,-5676360.0,0.0,0.0,0.0,0.0,10750.0,10750.0,10150.0,10300.0,10380.0,HSX_FOREIGN_API,HOSE_SYMBOL_LEVEL,VND,2026-08-25T03:49:45Z,ff_hsx_symbol_daily_v1,0d8ae3eb8a015f60cac9451baf9d04fc6aaa1c1742057143b4c72cab8ed5b31c
2025-03-25,NVL,HOSE,2947780000.0,11672545000.0,-8724765000.0,284800.0,1124100.0,-839300.0,0.0,0.0,0.0,0.0,10400.0,10450.0,10300.0,10350.0,10380.0,HSX_FOREIGN_API,HOSE_SYMBOL_LEVEL,VND,2026-08-25T03:49:45Z,ff_hsx_symbol_daily_v1,88b013e6d9625992882abf218f0259a7844a3011ab8ec9304b05553622d4d4c1
2025-03-26,NVL,HOSE,2514490000.0,6571300000.0,-4056810000.0,243300.0,635700.0,-392400.0,0.0,0.0,0.0,0.0,10400.0,10550.0,10250.0,10250.0,10340.0,HSX_FOREIGN_API,HOSE_SYMBOL_LEVEL,VND,2026-08-25T03:49:45Z,ff_hsx_symbol_daily_v1,fc9573070fa8e1fbfbbb2676b9e49b6d89332e9dddfae4c76805f40f57858c6d
2025-03-27,NVL,HOSE,3505170000.0,3147445000.0,357725000.0,340800.0,306900.0,33900.0,0.0,0.0,0.0,0.0,10300.0,10350.0,10200.0,10250.0,10260.0,HSX_FOREIGN_API,HOSE_SYMBOL_LEVEL,VND,2026-08-25T03:49:45Z,ff_hsx_symbol_daily_v1,f51dfe03114bd2a31b99608028b0ccebd9107bd3e518f1add11d31131a269207
2025-03-28,NVL,HOSE,525615000.0,2446625000.0,-1921010000.0,50800.0,237500.0,-186700.0,0.0,0.0,0.0,0.0,10300.0,10400.0,10250.0,10250.0,10300.0,HSX_FOREIGN_API,HOSE_SYMBOL_LEVEL,VND,2026-08-25T03:49:45Z,ff_hsx_symbol_daily_v1,67f704b86d6c572fa31970bcc3fc0ea1f698e5bd56d813376eaeb45786a3a8fe
2025-03-31,NVL,HOSE,3303360000.0,1633030000.0,1670330000.0,319200.0,158100.0,161100.0,0.0,0.0,0.0,0.0,10250.0,10400.0,10200.0,10300.0,10310.0,HSX_FOREIGN_API,HOSE_SYMBOL_LEVEL,VND,2026-08-25T03:49:45Z,ff_hsx_symbol_daily_v1,e820355387a4d471cdf66c1856f995b8434c6c7f5e08a7b73e188216d272bab1
2025-04-01,NVL,HOSE,243255400.0,2285430000.0,-2042174600.0,23501.0,220800.0,-197299.0,0.0,0.0,0.0,0.0,10400.0,10400.0,10300.0,10350.0,10340.0,HSX_FOREIGN_API,HOSE_SYMBOL_LEVEL,VND,2026-08-25T03:49:45Z,ff_hsx_symbol_daily_v1,ba5b3246eeb0f9881dcf85e75c7d444cf942375cd9367fe6ac23a4812e77c11c
2025-04-02,NVL,HOSE,3747470000.0,864150350.0,2883319650.0,360500.0,83501.0,276999.0,0.0,0.0,0.0,0.0,10350.0,10500.0,10250.0,10300.0,10350.0,HSX_FOREIGN_API,HOSE_SYMBOL_LEVEL,VND,2026-08-25T03:49:45Z,ff_hsx_symbol_daily_v1,a7de481f537d4ee4352ae45ac5906ccfb9f7b4f0fe2dd983c1dde2839ec5e7fc
2025-04-03,NVL,HOSE,4294796530.0,4655240000.0,-360443470.0,444417.0,478300.0,-33883.0,0.0,0.0,0.0,0.0,9580.0,9900.0,9580.0,9580.0,9620.0,HSX_FOREIGN_API,HOSE_SYMBOL_LEVEL,VND,2026-08-25T03:49:45Z,ff_hsx_symbol_daily_v1,63dce807ca63873e96b85db7bbfc834800c0804463fe8ac0d21a7cd5b72371a5
2025-04-04,NVL,HOSE,3339640000.0,4177749720.0,-838109720.0,371900.0,455217.0,-83317.0,0.0,0.0,0.0,0.0,8910.0,9420.0,8910.0,9100.0,9000.0,HSX_FOREIGN_API,HOSE_SYMBOL_LEVEL,VND,2026-08-25T03:49:45Z,ff_hsx_symbol_daily_v1,d2306fd28cc2ad09b7ce5ddf9f7084795f18a75ff5808d9dc8ef44e508259874
2025-04-08,NVL,HOSE,3120579000.0,2973819000.0,146760000.0,361300.0,340200.0,21100.0,0.0,0.0,0.0,0.0,9100.0,9100.0,8470.0,8470.0,8530.0,HSX_FOREIGN_API,HOSE_SYMBOL_LEVEL,VND,2026-08-25T03:49:45Z,ff_hsx_symbol_daily_v1,91da7101ecd585c9e4aa2cec7b74ed505d1e6bd7db4f7e99b99524a9b881538f
2025-04-09,NVL,HOSE,15026945000.0,3538821000.0,11488124000.0,1861900.0,433300.0,1428600.0,0.0,0.0,0.0,0.0,7880.0,8490.0,7880.0,8100.0,8110.0,HSX_FOREIGN_API,HOSE_SYMBOL_LEVEL,VND,2026-08-25T03:49:45Z,ff_hsx_symbol_daily_v1,7ea2231041ea55da3a2cbb47c1f958d66f30158665859fff16100c9012f734d0
2025-04-10,NVL,HOSE,0.0,39836000.0,-39836000.0,0.0,4600.0,-4600.0,0.0,0.0,0.0,0.0,8660.0,8660.0,8660.0,8660.0,8660.0,HSX_FOREIGN_API,HOSE_SYMBOL_LEVEL,VND,2026-08-25T03:49:45Z,ff_hsx_symbol_daily_v1,bb1c07b0d8cd84f640a91e087ab5570d7478a17312aec91e4c9241a6ada81a65
2025-04-11,NVL,HOSE,6517258000.0,3588970000.0,2928288000.0,717900.0,394100.0,323800.0,0.0,0.0,0.0,0.0,9260.0,9260.0,8930.0,9260.0,9130.0,HSX_FOREIGN_API,HOSE_SYMBOL_LEVEL,VND,2026-08-25T03:49:45Z,ff_hsx_symbol_daily_v1,0f6f577bec6cbf305b0603ecc4f12754635821958ede33a41082b058c78385e9
2025-04-14,NVL,HOSE,619384400.0,8761438000.0,-8142053600.0,67370.0,949300.0,-881930.0,0.0,0.0,0.0,0.0,9350.0,9350.0,9150.0,9230.0,9210.0,HSX_FOREIGN_API,HOSE_SYMBOL_LEVEL,VND,2026-08-25T03:49:45Z,ff_hsx_symbol_daily_v1,da1d8dc5c8e28c7ebbc5f016724cf724b4f165dee15e4840bbb9b955c13695b6
2025-04-15,NVL,HOSE,2853444000.0,18992928560.0,-16139484560.0,309400.0,2010172.0,-1700772.0,0.0,0.0,0.0,0.0,9230.0,9700.0,9160.0,9250.0,9400.0,HSX_FOREIGN_API,HOSE_SYMBOL_LEVEL,VND,2026-08-25T03:49:45Z,ff_hsx_symbol_daily_v1,c9a96ec96c2f11baa5543df3b42a7049703384822a2c21a49d8ac0573e6f262f
2025-04-16,NVL,HOSE,1754036000.0,6884122000.0,-5130086000.0,188800.0,732800.0,-544000.0,0.0,0.0,0.0,0.0,9250.0,9630.0,9250.0,9370.0,9410.0,HSX_FOREIGN_API,HOSE_SYMBOL_LEVEL,VND,2026-08-25T03:49:45Z,ff_hsx_symbol_daily_v1,3928eea7870c29f6980b91214c34f0d68acb907c28203a392859697a3577cf56
2025-04-17,NVL,HOSE,2156224000.0,4940217000.0,-2783993000.0,234300.0,529000.0,-294700.0,0.0,0.0,0.0,0.0,9300.0,9480.0,9100.0,9360.0,9300.0,HSX_FOREIGN_API,HOSE_SYMBOL_LEVEL,VND,2026-08-25T03:49:45Z,ff_hsx_symbol_daily_v1,ccee0e3802f90810acf562afc54770aea17204e639c5b67149b49a6865c894a7
2025-04-18,NVL,HOSE,11604537000.0,3017850000.0,8586687000.0,1214500.0,315200.0,899300.0,0.0,0.0,0.0,0.0,9500.0,9870.0,9440.0,9670.0,9620.0,HSX_FOREIGN_API,HOSE_SYMBOL_LEVEL,VND,2026-08-25T03:49:45Z,ff_hsx_symbol_daily_v1,b0c77d09a1081cea9531bb2221ab8e5e0830ac0f03cf059a352ff78fb4fadc88
2025-04-21,NVL,HOSE,7779134000.0,2893504000.0,4885630000.0,762700.0,292500.0,470200.0,0.0,0.0,0.0,0.0,9750.0,10300.0,9720.0,10300.0,10210.0,HSX_FOREIGN_API,HOSE_SYMBOL_LEVEL,VND,2026-08-25T03:49:45Z,ff_hsx_symbol_daily_v1,7704acc6e98cd4b31ee23bc3437b2786cb0f630d0be0759d75178cb40118c3c4
2025-04-22,NVL,HOSE,40607238000.0,11978310000.0,28628928000.0,3949700.0,1135200.0,2814500.0,0.0,0.0,0.0,0.0,10400.0,10950.0,9960.0,10650.0,10520.0,HSX_FOREIGN_API,HOSE_SYMBOL_LEVEL,VND,2026-08-25T03:49:45Z,ff_hsx_symbol_daily_v1,c524ead562b5ff3a7c9ad9519a23a0b730068183f8f7f9ea72d3a378180ebfd8
2025-04-23,NVL,HOSE,18174675000.0,3658450000.0,14516225000.0,1666500.0,331900.0,1334600.0,220000000.0,0.0,20000.0,0.0,11150.0,11150.0,10800.0,10800.0,10950.0,HSX_FOREIGN_API,HOSE_SYMBOL_LEVEL,VND,2026-08-25T03:49:45Z,ff_hsx_symbol_daily_v1,5c7842cae58c4b8435ae449a37a563f29f107cd8e78685bdb3a0b5cd485e9f79
2025-04-24,NVL,HOSE,51049865000.0,4019960000.0,47029905000.0,4520000.0,363900.0,4156100.0,905130000.0,0.0,80100.0,0.0,10850.0,11550.0,10750.0,11300.0,11290.0,HSX_FOREIGN_API,HOSE_SYMBOL_LEVEL,VND,2026-08-25T03:49:45Z,ff_hsx_symbol_daily_v1,45f9a679da14c6cbf36089b81d3b2528bc0a6be100a5c17e95e1f6ac4847e14d
2025-04-25,NVL,HOSE,40755345000.0,18555220000.0,22200125000.0,3780700.0,1685800.0,2094900.0,25656000000.0,0.0,2400000.0,0.0,11300.0,11400.0,10750.0,10850.0,10950.0,HSX_FOREIGN_API,HOSE_SYMBOL_LEVEL,VND,2026-08-25T03:49:45Z,ff_hsx_symbol_daily_v1,a0faac35c5ba7b7993e4c0877cbaafec4e38f78880530ac9b117ba326a356aa9
2025-04-28,NVL,HOSE,51086800000.0,13385485000.0,37701315000.0,4532400.0,1195900.0,3336500.0,0.0,0.0,0.0,0.0,11050.0,11600.0,10900.0,11450.0,11330.0,HSX_FOREIGN_API,HOSE_SYMBOL_LEVEL,VND,2026-08-25T03:49:45Z,ff_hsx_symbol_daily_v1,15aa19bd577ec443b8ed4020d334447816c61d24cafdc19ff87a174fd96bdaf4
2025-04-29,NVL,HOSE,28017485000.0,64283035000.0,-36265550000.0,2487710.0,5509600.0,-3021890.0,23520000000.0,25200000000.0,2100000.0,2100000.0,11650.0,11800.0,11250.0,11400.0,11480.0,HSX_FOREIGN_API,HOSE_SYMBOL_LEVEL,VND,2026-08-25T03:49:45Z,ff_hsx_symbol_daily_v1,433eb616f695a76cb8d3cf74028fc01d7f15768dc3d689ee0396473457d7c25b
2025-05-05,NVL,HOSE,14622670000.0,1524295000.0,13098375000.0,1284000.0,134700.0,1149300.0,0.0,0.0,0.0,0.0,11500.0,11600.0,11250.0,11450.0,11400.0,HSX_FOREIGN_API,HOSE_SYMBOL_LEVEL,VND,2026-08-25T03:49:45Z,ff_hsx_symbol_daily_v1,48a4685fe4e43f543e094091516d8ca73a08f06f4eb15e725be2152ed3362e4f
2025-05-06,NVL,HOSE,64206095000.0,9420015000.0,54786080000.0,5302400.0,778500.0,4523900.0,0.0,0.0,0.0,0.0,11500.0,12250.0,11500.0,12250.0,12150.0,HSX_FOREIGN_API,HOSE_SYMBOL_LEVEL,VND,2026-08-25T03:49:45Z,ff_hsx_symbol_daily_v1,7d8e3334d0c292985a392f104adf6408a55871a79bb303d104b552c859658b72
2025-05-07,NVL,HOSE,118206727940.0,48648530000.0,69558197940.0,9746134.0,3776300.0,5969834.0,51670572940.0,31200000000.0,4528534.0,2400000.0,12300.0,13050.0,12150.0,12650.0,12750.0,HSX_FOREIGN_API,HOSE_SYMBOL_LEVEL,VND,2026-08-25T03:49:45Z,ff_hsx_symbol_daily_v1,69580202899ce400729e564acd984e88706a2a7942f661ea5624df1cc93f68fd
2025-05-08,NVL,HOSE,28134590000.0,37192465000.0,-9057875000.0,2260400.0,2994000.0,-733600.0,0.0,0.0,0.0,0.0,12200.0,12700.0,12200.0,12600.0,12450.0,HSX_FOREIGN_API,HOSE_SYMBOL_LEVEL,VND,2026-08-25T03:49:45Z,ff_hsx_symbol_daily_v1,3404a1deceb8809917bf7a7d7c70f613ff0d646585e3e523c3d245324f5f9f91
2025-05-09,NVL,HOSE,19984694750.0,111421011600.0,-91436316850.0,1663031.0,8983734.0,-7320703.0,15589000000.0,16899000000.0,1310000.0,1310000.0,12900.0,12900.0,12050.0,12300.0,12350.0,HSX_FOREIGN_API,HOSE_SYMBOL_LEVEL,VND,2026-08-25T03:49:45Z,ff_hsx_symbol_daily_v1,3309001bba815ab20105aad29c77f39d6bb59049adfc0b52bfdbb300b2edbe8c
2025-05-12,NVL,HOSE,5292240000.0,4293425000.0,998815000.0,424400.0,345300.0,79100.0,0.0,0.0,0.0,0.0,12400.0,12600.0,12150.0,12300.0,12350.0,HSX_FOREIGN_API,HOSE_SYMBOL_LEVEL,VND,2026-08-25T03:49:45Z,ff_hsx_symbol_daily_v1,0d857c3350d5a8bb5a60e8516120bfa5c103131313878d2e6d5df904d2e9fc5f
2025-05-13,NVL,HOSE,57817255000.0,42106480000.0,15710775000.0,4813100.0,3495600.0,1317500.0,0.0,0.0,0.0,0.0,12200.0,12250.0,11800.0,12050.0,12050.0,HSX_FOREIGN_API,HOSE_SYMBOL_LEVEL,VND,2026-08-25T03:49:45Z,ff_hsx_symbol_daily_v1,a75a4e1f6c70ae50894f267a3971cf6fac43578de12603d6868d5a1d27d33877
2025-05-14,NVL,HOSE,50868675850.0,10054720000.0,40813955850.0,4161746.0,825500.0,3336246.0,0.0,0.0,0.0,0.0,12050.0,12350.0,12000.0,12250.0,12200.0,HSX_FOREIGN_API,HOSE_SYMBOL_LEVEL,VND,2026-08-25T03:49:45Z,ff_hsx_symbol_daily_v1,c2990b64d4b6fd9437ae37fa365418e8ca491a0331b009a4c60a039c240bc530
2025-05-15,NVL,HOSE,32695971000.0,14008280000.0,18687691000.0,2696830.0,1157100.0,1539730.0,0.0,0.0,0.0,0.0,12300.0,12400.0,11950.0,12100.0,12150.0,HSX_FOREIGN_API,HOSE_SYMBOL_LEVEL,VND,2026-08-25T03:49:45Z,ff_hsx_symbol_daily_v1,59848039a2a2c66a30c0c9d00f2e1494764600df88514582fe24c3cfdd417542
2025-05-16,NVL,HOSE,20994550000.0,21827317200.0,-832767200.0,1726700.0,1786501.0,-59801.0,0.0,0.0,0.0,0.0,12200.0,12500.0,11950.0,12150.0,12200.0,HSX_FOREIGN_API,HOSE_SYMBOL_LEVEL,VND,2026-08-25T03:49:45Z,ff_hsx_symbol_daily_v1,0e9103c90f04c767a422ffdf198f49f5365fc51efe7298889a03d696c4feca36
2025-05-19,NVL,HOSE,36269740000.0,23966535000.0,12303205000.0,2960300.0,1958500.0,1001800.0,0.0,0.0,0.0,0.0,12100.0,12450.0,12000.0,12050.0,12200.0,HSX_FOREIGN_API,HOSE_SYMBOL_LEVEL,VND,2026-08-25T03:49:45Z,ff_hsx_symbol_daily_v1,c5fdd48b01b647d058475a13e04bd3e5ac954ae16004d27f47a3bc865e79c0b3
2025-05-20,NVL,HOSE,5598820000.0,41595545000.0,-35996725000.0,478900.0,3534100.0,-3055200.0,0.0,0.0,0.0,0.0,12050.0,12150.0,11500.0,11850.0,11800.0,HSX_FOREIGN_API,HOSE_SYMBOL_LEVEL,VND,2026-08-25T03:49:45Z,ff_hsx_symbol_daily_v1,f62319b2c5a035169c8a31e935068b24ee74c36f81dd9f41b7c5f7d5a7edc30b
2025-05-21,NVL,HOSE,73363370250.0,4288633250.0,69074737000.0,5978005.0,346495.0,5631510.0,0.0,0.0,0.0,0.0,11950.0,12650.0,11850.0,12650.0,12350.0,HSX_FOREIGN_API,HOSE_SYMBOL_LEVEL,VND,2026-08-25T03:49:45Z,ff_hsx_symbol_daily_v1,2ebff17acc566360f50ac6816017c2a627504241b4097bd99e5d0bc0542c92b7
2025-05-22,NVL,HOSE,24425950900.0,40455010000.0,-16029059100.0,1907182.0,3154800.0,-1247618.0,0.0,0.0,0.0,0.0,13050.0,13100.0,12500.0,12500.0,12850.0,HSX_FOREIGN_API,HOSE_SYMBOL_LEVEL,VND,2026-08-25T03:49:45Z,ff_hsx_symbol_daily_v1,3a5a90ccb32e1d7f9773b59d399dd2902733df3c7cbe9541cd6ebb03a2a242a4
2025-05-23,NVL,HOSE,23128765000.0,2288430000.0,20840335000.0,1835975.0,180000.0,1655975.0,0.0,0.0,0.0,0.0,12550.0,12850.0,12450.0,12450.0,12600.0,HSX_FOREIGN_API,HOSE_SYMBOL_LEVEL,VND,2026-08-25T03:49:45Z,ff_hsx_symbol_daily_v1,399751a01352e279e86ef39e6bd35aaa12adc9ab83878431af07709bddfdf073
2025-05-26,NVL,HOSE,17551159450.0,51620030000.0,-34068870550.0,1394942.0,4050100.0,-2655158.0,0.0,0.0,0.0,0.0,12650.0,13000.0,12200.0,12800.0,12700.0,HSX_FOREIGN_API,HOSE_SYMBOL_LEVEL,VND,2026-08-25T03:49:45Z,ff_hsx_symbol_daily_v1,ce2b99a89bae6fbd6baf4c3c3d56f641a829d420e970b3b0f7924dccf666e341
2025-05-27,NVL,HOSE,1642375000.0,100768004650.0,-99125629650.0,127600.0,7839149.0,-7711549.0,0.0,0.0,0.0,0.0,12900.0,13200.0,12700.0,12850.0,12900.0,HSX_FOREIGN_API,HOSE_SYMBOL_LEVEL,VND,2026-08-25T03:49:45Z,ff_hsx_symbol_daily_v1,87d824b2969bdcf74360422f18191a4fd0d3a30e75a0230aaa4a226674a8ed5f
2025-05-28,NVL,HOSE,84036421100.0,95133605000.0,-11097183900.0,6442409.0,7343500.0,-901091.0,0.0,0.0,0.0,0.0,13050.0,13350.0,12700.0,13050.0,13050.0,HSX_FOREIGN_API,HOSE_SYMBOL_LEVEL,VND,2026-08-25T03:49:45Z,ff_hsx_symbol_daily_v1,764ef5aa0e68ffdba7f2c9368dd6d710f9f21bafdbda590a95a945345f9b09ae
2025-05-29,NVL,HOSE,296319034450.0,5619860000.0,290699174450.0,21448763.0,408200.0,21040563.0,0.0,0.0,0.0,0.0,13350.0,13950.0,13200.0,13950.0,13750.0,HSX_FOREIGN_API,HOSE_SYMBOL_LEVEL,VND,2026-08-25T03:49:45Z,ff_hsx_symbol_daily_v1,edbd6ee02c565cbb7e924115b82ea1c3d88e18b316ccf1f836b25d3b2ad15ab3
2025-05-30,NVL,HOSE,251145994050.0,31631245000.0,219514749050.0,17695725.0,2230800.0,15464925.0,0.0,0.0,0.0,0.0,14100.0,14400.0,14000.0,14150.0,14200.0,HSX_FOREIGN_API,HOSE_SYMBOL_LEVEL,VND,2026-08-25T03:49:45Z,ff_hsx_symbol_daily_v1,c8996b7b27c57c6718686373dba969ace55d0d3df855420e6c9c13718df2ac22
2025-06-02,NVL,HOSE,92115848000.0,62241241550.0,29874606450.0,6372456.0,4283079.0,2089377.0,0.0,0.0,0.0,0.0,14200.0,14900.0,14150.0,14550.0,14500.0,HSX_FOREIGN_API,HOSE_SYMBOL_LEVEL,VND,2026-08-25T03:49:45Z,ff_hsx_symbol_daily_v1,1d62d3a366ba836830c2b1e843b1db85d93ade081478b457d48c76807adedc13
2025-06-03,NVL,HOSE,57072547000.0,73374025000.0,-16301478000.0,3989262.0,5102700.0,-1113438.0,0.0,0.0,0.0,0.0,14600.0,14700.0,14100.0,14200.0,14350.0,HSX_FOREIGN_API,HOSE_SYMBOL_LEVEL,VND,2026-08-25T03:49:45Z,ff_hsx_symbol_daily_v1,178451968e91747db8a1def8479243e233ff6dfda548e4c331cefa173f1101f2
2025-06-04,NVL,HOSE,90540725000.0,26545815000.0,63994910000.0,6356600.0,1881200.0,4475400.0,0.0,0.0,0.0,0.0,14250.0,14500.0,13900.0,14200.0,14200.0,HSX_FOREIGN_API,HOSE_SYMBOL_LEVEL,VND,2026-08-25T03:49:45Z,ff_hsx_symbol_daily_v1,061d32ade75c70ff77151adfe7bc0e75ccad5870472b682522c129c685809b76
2025-06-05,NVL,HOSE,38569225000.0,21531955000.0,17037270000.0,2718400.0,1524500.0,1193900.0,0.0,0.0,0.0,0.0,14200.0,14400.0,13950.0,14300.0,14150.0,HSX_FOREIGN_API,HOSE_SYMBOL_LEVEL,VND,2026-08-25T03:49:45Z,ff_hsx_symbol_daily_v1,096810c46d0371b7b04380551b684d8b75ebf7bf69152e0d8e16974fa164bc52
2025-06-06,NVL,HOSE,43211270000.0,19051805000.0,24159465000.0,3024500.0,1336200.0,1688300.0,0.0,0.0,0.0,0.0,14200.0,14400.0,14100.0,14300.0,14250.0,HSX_FOREIGN_API,HOSE_SYMBOL_LEVEL,VND,2026-08-25T03:49:45Z,ff_hsx_symbol_daily_v1,605eccb1d5d5a711c08f4059f29b04b9e0c1eaf1429b25f37c26c6659024e56b
2025-06-09,NVL,HOSE,24456923550.0,61783840000.0,-37326916450.0,1673243.0,4216200.0,-2542957.0,0.0,0.0,0.0,0.0,14650.0,14900.0,14200.0,14400.0,14600.0,HSX_FOREIGN_API,HOSE_SYMBOL_LEVEL,VND,2026-08-25T03:49:45Z,ff_hsx_symbol_daily_v1,8a19163a38f58c920e37ce4fec56f24e0c2a4bf2e8c2ca80969cec6f96be0747
2025-06-10,NVL,HOSE,23284788500.0,8843490000.0,14441298500.0,1621643.0,615200.0,1006443.0,0.0,0.0,0.0,0.0,14400.0,14500.0,14200.0,14350.0,14350.0,HSX_FOREIGN_API,HOSE_SYMBOL_LEVEL,VND,2026-08-25T03:49:45Z,ff_hsx_symbol_daily_v1,20135f07e444ae99cacdc4a4e7ff157c67bf815b9c9161c0ed5b8b3ee63c2363
2025-06-11,NVL,HOSE,24888569800.0,25299965000.0,-411395200.0,1790143.0,1781400.0,8743.0,0.0,0.0,0.0,0.0,14400.0,14450.0,13550.0,13900.0,14000.0,HSX_FOREIGN_API,HOSE_SYMBOL_LEVEL,VND,2026-08-25T03:49:45Z,ff_hsx_symbol_daily_v1,0afc3abe789846a91d2b651e83d427bdee5e73f41e5a6e63df7adf0e6836e161
2025-06-12,NVL,HOSE,78404971000.0,6464954550.0,71940016450.0,5503644.0,456893.0,5046751.0,0.0,0.0,0.0,0.0,13900.0,14400.0,13900.0,14250.0,14250.0,HSX_FOREIGN_API,HOSE_SYMBOL_LEVEL,VND,2026-08-25T03:49:45Z,ff_hsx_symbol_daily_v1,5c22f43ff5563f5816b3f702bacc2be082b2e1c7e9baa9970a7510a76f908069
2025-06-13,NVL,HOSE,75868335100.0,9962777750.0,65905557350.0,5430754.0,712638.0,4718116.0,0.0,0.0,0.0,0.0,14050.0,14300.0,13650.0,14300.0,13950.0,HSX_FOREIGN_API,HOSE_SYMBOL_LEVEL,VND,2026-08-25T03:49:45Z,ff_hsx_symbol_daily_v1,24eb262527302fd0728f1958d7457c8f1240e06e87a7c9682d7945d2a6d8c354
2025-06-16,NVL,HOSE,149941887700.0,33263068500.0,116678819200.0,10205122.0,2254593.0,7950529.0,0.0,0.0,0.0,0.0,14200.0,14900.0,14200.0,14900.0,14650.0,HSX_FOREIGN_API,HOSE_SYMBOL_LEVEL,VND,2026-08-25T03:49:45Z,ff_hsx_symbol_daily_v1,2e65cb5bb77819396403cce396b223f53b27a623f35f7ebff202b53134404437
2025-06-17,NVL,HOSE,159458844000.0,43791050000.0,115667794000.0,10452398.0,2889100.0,7563298.0,0.0,0.0,0.0,0.0,15000.0,15500.0,14900.0,15450.0,15250.0,HSX_FOREIGN_API,HOSE_SYMBOL_LEVEL,VND,2026-08-25T03:49:45Z,ff_hsx_symbol_daily_v1,ea9513e6965dab7c8ebeba4d68fb137c63a1398c237fb630991733ecc63aa3a1
2025-06-18,NVL,HOSE,77491148000.0,33754285000.0,43736863000.0,4924820.0,2151100.0,2773720.0,0.0,0.0,0.0,0.0,15750.0,16200.0,15450.0,15600.0,15700.0,HSX_FOREIGN_API,HOSE_SYMBOL_LEVEL,VND,2026-08-25T03:49:45Z,ff_hsx_symbol_daily_v1,f74219aee09eca4f68dced233a8960240492a564e005e07bf0e4fc19a4a0362f
2025-06-19,NVL,HOSE,55626954250.0,21132130000.0,34494824250.0,3586165.0,1363300.0,2222865.0,0.0,0.0,0.0,0.0,15850.0,15850.0,15300.0,15550.0,15500.0,HSX_FOREIGN_API,HOSE_SYMBOL_LEVEL,VND,2026-08-25T03:49:45Z,ff_hsx_symbol_daily_v1,fcd8b679564037e23f63bfdf0d5fae5c5bb6701e5950ebdebe69b466aa97d0fa
2025-06-20,NVL,HOSE,168549890700.0,136434570000.0,32115320700.0,10911469.0,8837300.0,2074169.0,0.0,0.0,0.0,0.0,15750.0,15750.0,15100.0,15450.0,15400.0,HSX_FOREIGN_API,HOSE_SYMBOL_LEVEL,VND,2026-08-25T03:49:45Z,ff_hsx_symbol_daily_v1,52db9931d0f7ac45dcbf722a9cbc0997b96161ffedcffca0debdda2034e4f724
2025-06-23,NVL,HOSE,26883599600.0,16700790150.0,10182809450.0,1782646.0,1107307.0,675339.0,0.0,0.0,0.0,0.0,15000.0,15200.0,14900.0,15050.0,15000.0,HSX_FOREIGN_API,HOSE_SYMBOL_LEVEL,VND,2026-08-25T03:49:45Z,ff_hsx_symbol_daily_v1,f2df9cb67d58067211521b6ede6d488ed08de5846936cdc4c4e29043dab4197b
2025-06-24,NVL,HOSE,35711530000.0,64315225000.0,-28603695000.0,2364700.0,4247000.0,-1882300.0,0.0,0.0,0.0,0.0,15300.0,15400.0,14950.0,15050.0,15100.0,HSX_FOREIGN_API,HOSE_SYMBOL_LEVEL,VND,2026-08-25T03:49:45Z,ff_hsx_symbol_daily_v1,19e590b6b27a53e42dbb7b547b37f14b66bb39a55086abd926775b9118853c56
2025-06-25,NVL,HOSE,3558690000.0,7498480000.0,-3939790000.0,235900.0,498200.0,-262300.0,0.0,0.0,0.0,0.0,15200.0,15250.0,14900.0,14900.0,15000.0,HSX_FOREIGN_API,HOSE_SYMBOL_LEVEL,VND,2026-08-25T03:49:45Z,ff_hsx_symbol_daily_v1,940535de9f290a5bedc5d200c013424a25a3c1c57ed577ff1d186b69f36e9d6c
2025-06-26,NVL,HOSE,30302040000.0,19533375000.0,10768665000.0,2015900.0,1296200.0,719700.0,0.0,0.0,0.0,0.0,14950.0,15250.0,14800.0,15150.0,15000.0,HSX_FOREIGN_API,HOSE_SYMBOL_LEVEL,VND,2026-08-25T03:49:45Z,ff_hsx_symbol_daily_v1,69dadebcc8751a17fc2d969e67c204153e17f2de8be8a1af30801f41b0281955
2025-06-27,NVL,HOSE,2026990000.0,22861730000.0,-20834740000.0,134660.0,1510800.0,-1376140.0,0.0,0.0,0.0,0.0,15200.0,15300.0,15000.0,15000.0,15150.0,HSX_FOREIGN_API,HOSE_SYMBOL_LEVEL,VND,2026-08-25T03:49:45Z,ff_hsx_symbol_daily_v1,d25b3cc6950af05d41656261e3e8d944ac7c0b1178ba82cd5b5ce68d21624d6c
2025-06-30,NVL,HOSE,33303555000.0,17609052800.0,15694502200.0,2180900.0,1148808.0,1032092.0,0.0,0.0,0.0,0.0,15200.0,15600.0,15100.0,15150.0,15350.0,HSX_FOREIGN_API,HOSE_SYMBOL_LEVEL,VND,2026-08-25T03:49:45Z,ff_hsx_symbol_daily_v1,be6c8cac8c10447bd1c7b2c384952cb534c739d791807166018260e2bf28bc25
2025-07-01,NVL,HOSE,24282414500.0,8641225000.0,15641189500.0,1605690.0,570000.0,1035690.0,0.0,0.0,0.0,0.0,15300.0,15300.0,14950.0,15150.0,15100.0,HSX_FOREIGN_API,HOSE_SYMBOL_LEVEL,VND,2026-08-25T03:49:45Z,ff_hsx_symbol_daily_v1,1f480c03a7b19eb3647d1b39e77a9ca09fa5142a0b64a0a16a85fa4e6245f9fa
2025-07-02,NVL,HOSE,24303641450.0,5896295750.0,18407345700.0,1610729.0,391715.0,1219014.0,0.0,0.0,0.0,0.0,15000.0,15250.0,14950.0,15100.0,15050.0,HSX_FOREIGN_API,HOSE_SYMBOL_LEVEL,VND,2026-08-25T03:49:45Z,ff_hsx_symbol_daily_v1,795c78c04ddb905e4800503175d6b6df8cec0249491d4cc49df332ec3a7f0975
2025-07-03,NVL,HOSE,13912715000.0,26466694000.0,-12553979000.0,922900.0,1756960.0,-834060.0,0.0,0.0,0.0,0.0,15050.0,15200.0,14900.0,14900.0,15100.0,HSX_FOREIGN_API,HOSE_SYMBOL_LEVEL,VND,2026-08-25T03:49:45Z,ff_hsx_symbol_daily_v1,5ba3796052991380401bd7c49481e645a964408717047d20d64d26d83078b993
2025-07-04,NVL,HOSE,108287675000.0,28118725000.0,80168950000.0,7125400.0,1854000.0,5271400.0,0.0,0.0,0.0,0.0,15000.0,15450.0,14950.0,15200.0,15200.0,HSX_FOREIGN_API,HOSE_SYMBOL_LEVEL,VND,2026-08-25T03:49:45Z,ff_hsx_symbol_daily_v1,920f8a11965bf7d72a67125ae041de258b3c10e834b20806fe1a6c24ab768c62
2025-07-07,NVL,HOSE,46322310000.0,21546030000.0,24776280000.0,3039400.0,1416800.0,1622600.0,0.0,0.0,0.0,0.0,15200.0,15450.0,15050.0,15300.0,15250.0,HSX_FOREIGN_API,HOSE_SYMBOL_LEVEL,VND,2026-08-25T03:49:45Z,ff_hsx_symbol_daily_v1,c5b5555b822dcca4bc9b8d966271cb59a563378f7b1a9b9b9525becc1e91e85c
2025-07-08,NVL,HOSE,77168975800.0,18286280000.0,58882695800.0,4989226.0,1164000.0,3825226.0,2655230000.0,2655230000.0,170000.0,170000.0,15400.0,15850.0,15250.0,15700.0,15550.0,HSX_FOREIGN_API,HOSE_SYMBOL_LEVEL,VND,2026-08-25T03:49:45Z,ff_hsx_symbol_daily_v1,50e591657f02faab8b3e2fb221728de7ba02d941648ff8101ce395df9088d052
2025-07-09,NVL,HOSE,32340445000.0,59776510000.0,-27436065000.0,2081700.0,3827500.0,-1745800.0,0.0,0.0,0.0,0.0,15800.0,15800.0,15400.0,15450.0,15550.0,HSX_FOREIGN_API,HOSE_SYMBOL_LEVEL,VND,2026-08-25T03:49:45Z,ff_hsx_symbol_daily_v1,473fa89a992f893632fb3d44aa36ed3e43700c20af7436307d588ad39f246e48
2025-07-10,NVL,HOSE,33757615000.0,20955125000.0,12802490000.0,2183300.0,1351600.0,831700.0,0.0,0.0,0.0,0.0,15450.0,15600.0,15300.0,15450.0,15450.0,HSX_FOREIGN_API,HOSE_SYMBOL_LEVEL,VND,2026-08-25T03:49:45Z,ff_hsx_symbol_daily_v1,c8c3fa117476bc08f3aa8348622b4f7ec52537eb72ecf92e2267503206c62aa5
2025-07-11,NVL,HOSE,12934604000.0,42687362500.0,-29752758500.0,844870.0,2782210.0,-1937340.0,0.0,0.0,0.0,0.0,15450.0,15550.0,15100.0,15100.0,15250.0,HSX_FOREIGN_API,HOSE_SYMBOL_LEVEL,VND,2026-08-25T03:49:45Z,ff_hsx_symbol_daily_v1,6af106239ccd01887d2efa719872740dc506ca013a1ede0697d826c0e77010e0
2025-07-14,NVL,HOSE,31118231850.0,18220624600.0,12897607250.0,2069073.0,1210300.0,858773.0,2390169600.0,2390169600.0,159600.0,159600.0,15100.0,15550.0,14500.0,15250.0,15000.0,HSX_FOREIGN_API,HOSE_SYMBOL_LEVEL,VND,2026-08-25T03:49:45Z,ff_hsx_symbol_daily_v1,c0c4fbc3181e931b9672dcee0900ed73aa8ffbe061f350b2bddbaec77b699716
2025-07-15,NVL,HOSE,19283915000.0,1246458600.0,18037456400.0,1254600.0,81309.0,1173291.0,0.0,0.0,0.0,0.0,15500.0,15550.0,15100.0,15100.0,15350.0,HSX_FOREIGN_API,HOSE_SYMBOL_LEVEL,VND,2026-08-25T03:49:45Z,ff_hsx_symbol_daily_v1,7fb151b6883e94bb2a8f7cbf3da3aefceb682da371eec72105b48b89450416ae
2025-07-16,NVL,HOSE,75292985000.0,61711000.0,75231274000.0,4907100.0,4020.0,4903080.0,0.0,0.0,0.0,0.0,15100.0,15500.0,15050.0,15350.0,15350.0,HSX_FOREIGN_API,HOSE_SYMBOL_LEVEL,VND,2026-08-25T03:49:45Z,ff_hsx_symbol_daily_v1,3a1d63934800fffcfc2d4e36f9c49d483d250d868f704f6fe74c8a56b104b787
2025-07-17,NVL,HOSE,120869450000.0,9273270000.0,111596180000.0,7535000.0,580200.0,6954800.0,0.0,572000000.0,0.0,40000.0,15500.0,16400.0,15450.0,16400.0,16250.0,HSX_FOREIGN_API,HOSE_SYMBOL_LEVEL,VND,2026-08-25T03:49:45Z,ff_hsx_symbol_daily_v1,d0d5e070bbe806f9659baf3ed0ff407fe3d9b93e3ae160b8e146c5e14dfaca08
2025-07-18,NVL,HOSE,46900716600.0,24751755000.0,22148961600.0,2742696.0,1433700.0,1308996.0,0.0,0.0,0.0,0.0,17150.0,17500.0,16800.0,16950.0,17200.0,HSX_FOREIGN_API,HOSE_SYMBOL_LEVEL,VND,2026-08-25T03:49:45Z,ff_hsx_symbol_daily_v1,ab29ec7a9775b35b738dafea75654ec3c0e6980e8ad5253955f85f46fc5ae537
2025-07-21,NVL,HOSE,80936350000.0,15130615000.0,65805735000.0,4840500.0,891400.0,3949100.0,0.0,0.0,0.0,0.0,17200.0,17200.0,16500.0,16550.0,16750.0,HSX_FOREIGN_API,HOSE_SYMBOL_LEVEL,VND,2026-08-25T03:49:45Z,ff_hsx_symbol_daily_v1,16f793a8e88cdda9a822d0dc31ccdbabc1c21749ed376621e228a5c349e9ff5f
2025-07-22,NVL,HOSE,171671690000.0,120299253450.0,51372436550.0,10296500.0,7209693.0,3086807.0,0.0,0.0,0.0,0.0,16450.0,16950.0,16400.0,16950.0,16650.0,HSX_FOREIGN_API,HOSE_SYMBOL_LEVEL,VND,2026-08-25T03:49:45Z,ff_hsx_symbol_daily_v1,4ffbea5f5c17cc3aea63c8dadb96ae1a0219d698f905114fb7cabf999b263113
2025-07-23,NVL,HOSE,48204240000.0,48982125000.0,-777885000.0,2850600.0,2892800.0,-42200.0,0.0,0.0,0.0,0.0,17100.0,17100.0,16700.0,16850.0,16900.0,HSX_FOREIGN_API,HOSE_SYMBOL_LEVEL,VND,2026-08-25T03:49:45Z,ff_hsx_symbol_daily_v1,48d58f5a01338084260a2bed802ffecf118db9f7ceea3e14f1d2d1ba5182d083
2025-07-24,NVL,HOSE,31292365000.0,67537955000.0,-36245590000.0,1862800.0,4028300.0,-2165500.0,0.0,0.0,0.0,0.0,16850.0,17050.0,16550.0,16850.0,16750.0,HSX_FOREIGN_API,HOSE_SYMBOL_LEVEL,VND,2026-08-25T03:49:45Z,ff_hsx_symbol_daily_v1,03cb6eedcf3b224dcc86669bd620d76974ac361500356c218df7145da353129b
2025-07-25,NVL,HOSE,52544940000.0,15670079800.0,36874860200.0,3113600.0,933486.0,2180114.0,0.0,0.0,0.0,0.0,16650.0,17100.0,16600.0,17100.0,16800.0,HSX_FOREIGN_API,HOSE_SYMBOL_LEVEL,VND,2026-08-25T03:49:45Z,ff_hsx_symbol_daily_v1,6e68790b90840dfa131de1b6c9685b856d29e7e945ae570ccd9d334bf4683e09
2025-07-28,NVL,HOSE,66051407500.0,121673167600.0,-55621760100.0,3743050.0,6895452.0,-3152402.0,0.0,0.0,0.0,0.0,17400.0,18000.0,17350.0,17500.0,17600.0,HSX_FOREIGN_API,HOSE_SYMBOL_LEVEL,VND,2026-08-25T03:49:45Z,ff_hsx_symbol_daily_v1,957d7e57aefbe3ce536dd00a418acecbd266b814f05dda048df4b78170704599
2025-07-29,NVL,HOSE,123364284300.0,54424529800.0,68939754500.0,7216631.0,3144600.0,4072031.0,523784800.0,523784800.0,30800.0,30800.0,17650.0,17750.0,16300.0,16300.0,17000.0,HSX_FOREIGN_API,HOSE_SYMBOL_LEVEL,VND,2026-08-25T03:49:45Z,ff_hsx_symbol_daily_v1,e82bedef2362f3b81b8fe0f91d2faf23e76397a3aab8b0e74e8262092de823ba
2025-07-30,NVL,HOSE,82354180000.0,11563702000.0,70790478000.0,5077200.0,698310.0,4378890.0,0.0,0.0,0.0,0.0,16300.0,16750.0,15950.0,16600.0,16350.0,HSX_FOREIGN_API,HOSE_SYMBOL_LEVEL,VND,2026-08-25T03:49:45Z,ff_hsx_symbol_daily_v1,5961b400b97dd70b332c9247e80d4559226bb4a3fc11a6f0b1ec51e622fb1134
2025-07-31,NVL,HOSE,81421030000.0,14658260300.0,66762769700.0,4933100.0,895226.0,4037874.0,0.0,0.0,0.0,0.0,16750.0,16800.0,16050.0,16650.0,16450.0,HSX_FOREIGN_API,HOSE_SYMBOL_LEVEL,VND,2026-08-25T03:49:45Z,ff_hsx_symbol_daily_v1,03140b9975e9e796da628ee935a62fe8a719a4c97ce504ba8d9ead1830650618
2025-08-01,NVL,HOSE,124602845000.0,39162662200.0,85440182800.0,7265555.0,2281301.0,4984254.0,0.0,0.0,0.0,0.0,16950.0,17350.0,16650.0,17250.0,17150.0,HSX_FOREIGN_API,HOSE_SYMBOL_LEVEL,VND,2026-08-25T03:49:45Z,ff_hsx_symbol_daily_v1,f032a12dbd3c1cde9f8742302b0ba8f0ab5cd2084d89cd266723e5086d700e85
2025-08-04,NVL,HOSE,119896440250.0,20615280800.0,99281159450.0,6618037.0,1135626.0,5482411.0,0.0,990000000.0,0.0,60000.0,17300.0,18450.0,17300.0,18450.0,18200.0,HSX_FOREIGN_API,HOSE_SYMBOL_LEVEL,VND,2026-08-25T03:49:45Z,ff_hsx_symbol_daily_v1,b00afdad4a4eb082cc7aa99f7312a0f5065080fd8b5042408375ce18326a272a
2025-08-05,NVL,HOSE,130895420500.0,67962980000.0,62932440500.0,7148515.0,3620150.0,3528365.0,0.0,0.0,0.0,0.0,18750.0,19100.0,17500.0,18000.0,18550.0,HSX_FOREIGN_API,HOSE_SYMBOL_LEVEL,VND,2026-08-25T03:49:45Z,ff_hsx_symbol_daily_v1,da3fae51dde906388a5d35d2e99ed15c7c32c610c873acd14dd519eb917e6214
2025-08-06,NVL,HOSE,62097415150.0,61044610000.0,1052805150.0,3426945.0,3388300.0,38645.0,0.0,0.0,0.0,0.0,18000.0,18450.0,17650.0,18200.0,18000.0,HSX_FOREIGN_API,HOSE_SYMBOL_LEVEL,VND,2026-08-25T03:49:45Z,ff_hsx_symbol_daily_v1,824329de8a71cc5d71fb10d1854d11231aeb3a8587b154494229ff8769cd4017
2025-08-07,NVL,HOSE,34352666950.0,57126785000.0,-22774118050.0,1883017.0,3126700.0,-1243683.0,18205000000.0,0.0,1000000.0,0.0,18600.0,18600.0,18050.0,18200.0,18250.0,HSX_FOREIGN_API,HOSE_SYMBOL_LEVEL,VND,2026-08-25T03:49:45Z,ff_hsx_symbol_daily_v1,96124716b8e15ab5f2a70a3a2a46ae9b3f9e496ba237730350f6cb5b1ebf6dcb
2025-08-08,NVL,HOSE,64457840000.0,42437620000.0,22020220000.0,3515200.0,2314450.0,1200750.0,0.0,0.0,0.0,0.0,18450.0,18800.0,18000.0,18550.0,18400.0,HSX_FOREIGN_API,HOSE_SYMBOL_LEVEL,VND,2026-08-25T03:49:45Z,ff_hsx_symbol_daily_v1,3ab9f89822cb464f4c63b26bdefc917f1fad1c375520f83422301f735b0ef146
2025-08-11,NVL,HOSE,106607801400.0,123314295000.0,-16706493600.0,5662922.0,6508450.0,-845528.0,0.0,0.0,0.0,0.0,18750.0,19300.0,18550.0,18800.0,18900.0,HSX_FOREIGN_API,HOSE_SYMBOL_LEVEL,VND,2026-08-25T03:49:45Z,ff_hsx_symbol_daily_v1,3f770ee703db24fd23b9645501c8187c8af14a9d47edfc5fd964b127e89221f7
2025-08-12,NVL,HOSE,11489926300.0,26024951900.0,-14535025600.0,621462.0,1407555.0,-786093.0,0.0,0.0,0.0,0.0,18700.0,18750.0,18200.0,18500.0,18450.0,HSX_FOREIGN_API,HOSE_SYMBOL_LEVEL,VND,2026-08-25T03:49:45Z,ff_hsx_symbol_daily_v1,0502e2252cd28ff5ee0e4dd09ec99d41b1d2c4e536bd306e75c335a1dd41899e
2025-08-13,NVL,HOSE,73696575000.0,59575100000.0,14121475000.0,3948800.0,3203500.0,745300.0,0.0,0.0,0.0,0.0,18500.0,19200.0,18150.0,18450.0,18550.0,HSX_FOREIGN_API,HOSE_SYMBOL_LEVEL,VND,2026-08-25T03:49:45Z,ff_hsx_symbol_daily_v1,75ebdb7d05fd6e6a918e771e36cebaff69ae748bc506107f043d98898d5329e3
2025-08-14,NVL,HOSE,53843325000.0,19961099000.0,33882226000.0,2885900.0,1076344.0,1809556.0,0.0,0.0,0.0,0.0,18750.0,19100.0,18400.0,18900.0,18700.0,HSX_FOREIGN_API,HOSE_SYMBOL_LEVEL,VND,2026-08-25T03:49:45Z,ff_hsx_symbol_daily_v1,d8589981f632e06d598928cafc0b8ea74a1f590d202cc2f11efeda3e9600ba50
2025-08-15,NVL,HOSE,41783295000.0,11953955000.0,29829340000.0,2273500.0,647000.0,1626500.0,0.0,0.0,0.0,0.0,19000.0,19050.0,18000.0,18150.0,18500.0,HSX_FOREIGN_API,HOSE_SYMBOL_LEVEL,VND,2026-08-25T03:49:45Z,ff_hsx_symbol_daily_v1,12a1ba2f2c592e7a3201d9168604865df6d5761e8b507cced5512ad9cd7cfe60
2025-08-18,NVL,HOSE,6224675000.0,40436176000.0,-34211501000.0,347700.0,2248355.0,-1900655.0,0.0,0.0,0.0,0.0,17850.0,18300.0,17600.0,18000.0,17900.0,HSX_FOREIGN_API,HOSE_SYMBOL_LEVEL,VND,2026-08-25T03:49:45Z,ff_hsx_symbol_daily_v1,ff79fcf14d0b8937cf5488b4d43a651ca9bba71fbd19e9408583406b4eaa5113
2025-08-19,NVL,HOSE,97284812000.0,75551445000.0,21733367000.0,5390522.0,4162400.0,1228122.0,0.0,0.0,0.0,0.0,18000.0,18700.0,17500.0,18000.0,18050.0,HSX_FOREIGN_API,HOSE_SYMBOL_LEVEL,VND,2026-08-25T03:49:45Z,ff_hsx_symbol_daily_v1,6550d3c571be8106ece8cdc15cc93d6e229c70f2994986d13fb936217bc72849
2025-08-20,NVL,HOSE,75564657000.0,58812910000.0,16751747000.0,4356490.0,3324800.0,1031690.0,0.0,0.0,0.0,0.0,18000.0,18100.0,16900.0,17400.0,17400.0,HSX_FOREIGN_API,HOSE_SYMBOL_LEVEL,VND,2026-08-25T03:49:45Z,ff_hsx_symbol_daily_v1,2cbd2ff19fc30fae6b65074326db4dfc8d2e364729569166de2f4d7d3ac1e2a3
2025-08-21,NVL,HOSE,29236120000.0,44655957500.0,-15419837500.0,1704700.0,2613890.0,-909190.0,0.0,0.0,0.0,0.0,17500.0,17600.0,16700.0,16850.0,17100.0,HSX_FOREIGN_API,HOSE_SYMBOL_LEVEL,VND,2026-08-25T03:49:45Z,ff_hsx_symbol_daily_v1,f5c2c5c00933a6124ed2991a74543b69b2623933b3d7bec4e93c0d87e17f1c23
2025-08-22,NVL,HOSE,63996361000.0,120292940000.0,-56296579000.0,3973905.0,7416800.0,-3442895.0,0.0,0.0,0.0,0.0,16600.0,16650.0,15800.0,15900.0,16150.0,HSX_FOREIGN_API,HOSE_SYMBOL_LEVEL,VND,2026-08-25T03:49:45Z,ff_hsx_symbol_daily_v1,5865a18d5beef3bb238832d61a36960fd6910b78b9de1e5fd5124b8b22157fff
2025-08-25,NVL,HOSE,44128898050.0,46362180000.0,-2233281950.0,2740407.0,2884700.0,-144293.0,0.0,0.0,0.0,0.0,16050.0,16350.0,15900.0,16050.0,16100.0,HSX_FOREIGN_API,HOSE_SYMBOL_LEVEL,VND,2026-08-25T03:49:45Z,ff_hsx_symbol_daily_v1,32affec06efe696877fc9dc4e57eb8b13993b4119db56e0816be1a7f366888ab
2025-08-26,NVL,HOSE,13473384000.0,21578960000.0,-8105576000.0,821840.0,1325700.0,-503860.0,0.0,0.0,0.0,0.0,16050.0,16800.0,16000.0,16800.0,16400.0,HSX_FOREIGN_API,HOSE_SYMBOL_LEVEL,VND,2026-08-25T03:49:45Z,ff_hsx_symbol_daily_v1,20b396496d6ef87ab45c76f35d2d578966215d1f728a4aa8a2fe273190980cc7
2025-08-27,NVL,HOSE,56590781500.0,65118886000.0,-8528104500.0,3322530.0,3820028.0,-497498.0,0.0,0.0,0.0,0.0,17000.0,17450.0,16800.0,16800.0,17050.0,HSX_FOREIGN_API,HOSE_SYMBOL_LEVEL,VND,2026-08-25T03:49:45Z,ff_hsx_symbol_daily_v1,bf6108accd81786750cb7e5113a0d663f9e4c7ae17136f36703d1c787973a811
2025-08-28,NVL,HOSE,9971215000.0,54671697450.0,-44700482450.0,598900.0,3287879.0,-2688979.0,0.0,0.0,0.0,0.0,17000.0,17000.0,16450.0,16700.0,16600.0,HSX_FOREIGN_API,HOSE_SYMBOL_LEVEL,VND,2026-08-25T03:49:45Z,ff_hsx_symbol_daily_v1,a1f5d2f8f19dc17e1721febe1c366756773a890d6690204a2a99b9dfaa86b1ff
2025-08-29,NVL,HOSE,8888690000.0,48789923800.0,-39901233800.0,522900.0,2867962.0,-2345062.0,0.0,0.0,0.0,0.0,16950.0,17300.0,16750.0,16800.0,17000.0,HSX_FOREIGN_API,HOSE_SYMBOL_LEVEL,VND,2026-08-25T03:49:45Z,ff_hsx_symbol_daily_v1,6f39deb14ab0351610720cec97ba858f5506c33167df1242e012bb9e89b7cf1a
2025-09-03,NVL,HOSE,64232258000.0,5911209600.0,58321048400.0,3699610.0,341252.0,3358358.0,0.0,0.0,0.0,0.0,17000.0,17550.0,16950.0,17300.0,17350.0,HSX_FOREIGN_API,HOSE_SYMBOL_LEVEL,VND,2026-08-25T03:49:45Z,ff_hsx_symbol_daily_v1,f1e310e5ef2465129cea26cae0b63a516c4a1096b094c2e5adf47a55f84c466d
2025-09-04,NVL,HOSE,3980845900.0,15498255000.0,-11517409100.0,230133.0,892000.0,-661867.0,0.0,0.0,0.0,0.0,17500.0,17600.0,17150.0,17200.0,17300.0,HSX_FOREIGN_API,HOSE_SYMBOL_LEVEL,VND,2026-08-25T03:49:45Z,ff_hsx_symbol_daily_v1,1ee99c2a1e4fabc25e546501e82c67aaa1a9477b7a773aa6e41ef87dfbd46520
2025-09-05,NVL,HOSE,92970395000.0,16241047850.0,76729347150.0,5305200.0,927493.0,4377707.0,0.0,0.0,0.0,0.0,17350.0,18000.0,17300.0,17300.0,17550.0,HSX_FOREIGN_API,HOSE_SYMBOL_LEVEL,VND,2026-08-25T03:49:45Z,ff_hsx_symbol_daily_v1,01291fbff335bf17d2238c73ff89549a8d2db090a3b4d7cc887dc7eaac1ebf03
2025-09-08,NVL,HOSE,7430625000.0,77370400000.0,-69939775000.0,439350.0,4593600.0,-4154250.0,0.0,0.0,0.0,0.0,17200.0,17500.0,16200.0,16200.0,16700.0,HSX_FOREIGN_API,HOSE_SYMBOL_LEVEL,VND,2026-08-25T03:49:45Z,ff_hsx_symbol_daily_v1,7d91e9e9ca1e3f85780435eed542edc8ba0ddd0e2adac68102f33034d3d32c8f
2025-09-09,NVL,HOSE,9943720000.0,10715355000.0,-771635000.0,621200.0,662850.0,-41650.0,0.0,0.0,0.0,0.0,16200.0,16450.0,15850.0,16250.0,16050.0,HSX_FOREIGN_API,HOSE_SYMBOL_LEVEL,VND,2026-08-25T03:49:45Z,ff_hsx_symbol_daily_v1,7f7587de7fc6cebf87278c627f3c20c80a792555dab2258af005c6a5fd86f5fe
2025-09-10,NVL,HOSE,3763985000.0,161614640000.0,-157850655000.0,237000.0,10210500.0,-9973500.0,0.0,0.0,0.0,0.0,16450.0,16450.0,15550.0,15800.0,15800.0,HSX_FOREIGN_API,HOSE_SYMBOL_LEVEL,VND,2026-08-25T03:49:45Z,ff_hsx_symbol_daily_v1,12f0d6ac68b007fb2ea45293f0cbc45e9b73d10ab4152d78af23e22be1b9a2c9
2025-09-11,NVL,HOSE,27157530000.0,66004895000.0,-38847365000.0,1767500.0,4275600.0,-2508100.0,0.0,0.0,0.0,0.0,15750.0,15800.0,15100.0,15700.0,15450.0,HSX_FOREIGN_API,HOSE_SYMBOL_LEVEL,VND,2026-08-25T03:49:45Z,ff_hsx_symbol_daily_v1,3bdab3a2d873487d2c7c2e9c038e109db64abfce45b94bf4d627737fc0923127
2025-09-12,NVL,HOSE,2402215000.0,9040225500.0,-6638010500.0,151900.0,564010.0,-412110.0,0.0,0.0,0.0,0.0,15900.0,16250.0,15750.0,15750.0,15900.0,HSX_FOREIGN_API,HOSE_SYMBOL_LEVEL,VND,2026-08-25T03:49:45Z,ff_hsx_symbol_daily_v1,74e6474a8d49e7abccb82e43d9ee4a7fecfe4525710f3636d419349260a44afa
2025-09-15,NVL,HOSE,16471185000.0,66112155000.0,-49640970000.0,1049700.0,4218400.0,-3168700.0,0.0,0.0,0.0,0.0,15400.0,15850.0,15400.0,15650.0,15650.0,HSX_FOREIGN_API,HOSE_SYMBOL_LEVEL,VND,2026-08-25T03:49:45Z,ff_hsx_symbol_daily_v1,a6e99b6e929be15a13f7b23d4f8e8bd05c30cf122061350ab4c774d114deaf7a
2025-09-16,NVL,HOSE,4565590000.0,40561630000.0,-35996040000.0,287300.0,2560400.0,-2273100.0,0.0,0.0,0.0,0.0,16000.0,16150.0,15650.0,15700.0,15900.0,HSX_FOREIGN_API,HOSE_SYMBOL_LEVEL,VND,2026-08-25T03:49:45Z,ff_hsx_symbol_daily_v1,5bfa7070080e61ee94672a9b5485621849de0d1a8fbea5817a8ccc33db31c6a6
2025-09-17,NVL,HOSE,2011896000.0,28473655000.0,-26461759000.0,128010.0,1821400.0,-1693390.0,0.0,0.0,0.0,0.0,15700.0,15900.0,15500.0,15500.0,15650.0,HSX_FOREIGN_API,HOSE_SYMBOL_LEVEL,VND,2026-08-25T03:49:45Z,ff_hsx_symbol_daily_v1,9f949b9df0e0b34936325cfcb2becbfd7c461cfd615bb676f11dd50b99b634a1
2025-09-18,NVL,HOSE,13262117500.0,54553540000.0,-41291422500.0,875550.0,3599300.0,-2723750.0,0.0,0.0,0.0,0.0,15500.0,15700.0,15000.0,15100.0,15200.0,HSX_FOREIGN_API,HOSE_SYMBOL_LEVEL,VND,2026-08-25T03:49:45Z,ff_hsx_symbol_daily_v1,63c3d52bec89bbca538cc1559ddde270ce03a9c971be47dad7b8877676aee0fd
2025-09-19,NVL,HOSE,89532146400.0,84287765000.0,5244381400.0,5692936.0,5327600.0,365336.0,0.0,0.0,0.0,0.0,15250.0,16150.0,15100.0,15950.0,15700.0,HSX_FOREIGN_API,HOSE_SYMBOL_LEVEL,VND,2026-08-25T03:49:45Z,ff_hsx_symbol_daily_v1,a0451e2326d942c8be02bcb97cfb9c2cbe7351cdda06e181a4ae4fa93bcbfeaa
2025-09-22,NVL,HOSE,38536840000.0,57365759750.0,-18828919750.0,2423600.0,3614457.0,-1190857.0,0.0,0.0,0.0,0.0,16150.0,16200.0,15550.0,15600.0,15900.0,HSX_FOREIGN_API,HOSE_SYMBOL_LEVEL,VND,2026-08-25T03:49:45Z,ff_hsx_symbol_daily_v1,28c26809042cf0ee378d7eae79c2481bc471accabd566d9501b7eede469fb7fe
2025-09-23,NVL,HOSE,17907515000.0,25864127400.0,-7956612400.0,1124400.0,1625736.0,-501336.0,3945250000.0,3945250000.0,250000.0,250000.0,15800.0,16200.0,15650.0,15650.0,15900.0,HSX_FOREIGN_API,HOSE_SYMBOL_LEVEL,VND,2026-08-25T03:49:45Z,ff_hsx_symbol_daily_v1,28f660db8e4610f8549570f916aad9f6d79f06f3d7d0ae2f1178f4e337da2d19
2025-09-24,NVL,HOSE,13589510000.0,51362730000.0,-37773220000.0,841300.0,3231200.0,-2389900.0,0.0,0.0,0.0,0.0,15850.0,16300.0,15650.0,16150.0,16000.0,HSX_FOREIGN_API,HOSE_SYMBOL_LEVEL,VND,2026-08-25T03:49:45Z,ff_hsx_symbol_daily_v1,9d1303f5cebef164306cbdb7f0f7e2e6a3888e965a6cc9b2aed87a47ec67c38d
2025-09-25,NVL,HOSE,11480755000.0,47775106900.0,-36294351900.0,713500.0,2958306.0,-2244806.0,0.0,0.0,0.0,0.0,16200.0,16350.0,15900.0,16000.0,16150.0,HSX_FOREIGN_API,HOSE_SYMBOL_LEVEL,VND,2026-08-25T03:49:45Z,ff_hsx_symbol_daily_v1,258f1632c45f8d7cf47f6a5c0e40cbf2b2e702d293b8a91e4a01e4f5362b9276
2025-09-26,NVL,HOSE,10092728500.0,30315602000.0,-20222873500.0,642410.0,1917107.0,-1274697.0,0.0,0.0,0.0,0.0,16000.0,16000.0,15600.0,15600.0,15800.0,HSX_FOREIGN_API,HOSE_SYMBOL_LEVEL,VND,2026-08-25T03:49:45Z,ff_hsx_symbol_daily_v1,aaba0e4cc4c3d2564e0da6cd553f07db01868a46a3e7eeca7f59a6972f833596
2025-09-29,NVL,HOSE,10878650000.0,27711350000.0,-16832700000.0,693700.0,1767500.0,-1073800.0,0.0,0.0,0.0,0.0,15650.0,15900.0,15550.0,15600.0,15700.0,HSX_FOREIGN_API,HOSE_SYMBOL_LEVEL,VND,2026-08-25T03:49:45Z,ff_hsx_symbol_daily_v1,4dc832ebb5a0cb33a45b9e0e48ddfb957d6c7f49a50be067185ebe35d2945ea4
2025-09-30,NVL,HOSE,12227715000.0,46832777550.0,-34605062550.0,801500.0,3065417.0,-2263917.0,0.0,0.0,0.0,0.0,15750.0,15750.0,15000.0,15250.0,15250.0,HSX_FOREIGN_API,HOSE_SYMBOL_LEVEL,VND,2026-08-25T03:49:45Z,ff_hsx_symbol_daily_v1,7f438e43d7afb250de6ee89ed0523ddc271bfbe8605ed47e3bcbdedb6d742afe
2025-10-01,NVL,HOSE,49883915000.0,22083308000.0,27800607000.0,3207400.0,1421686.0,1785714.0,0.0,0.0,0.0,0.0,15250.0,15700.0,15250.0,15650.0,15550.0,HSX_FOREIGN_API,HOSE_SYMBOL_LEVEL,VND,2026-08-25T03:49:45Z,ff_hsx_symbol_daily_v1,fe221775bc3366aeae69ddcaed0f5d2efac662c181c015f71dced2c73c41501e
2025-10-02,NVL,HOSE,33010822650.0,20359915000.0,12650907650.0,2120923.0,1311000.0,809923.0,0.0,0.0,0.0,0.0,15700.0,15700.0,15400.0,15500.0,15550.0,HSX_FOREIGN_API,HOSE_SYMBOL_LEVEL,VND,2026-08-25T03:49:45Z,ff_hsx_symbol_daily_v1,e833880609973e7deecd67b6da04f3bd9475cbf0e0084be6e61e205b6df8e848
2025-10-03,NVL,HOSE,33210190000.0,38277095000.0,-5066905000.0,2177600.0,2514200.0,-336600.0,0.0,0.0,0.0,0.0,15400.0,15450.0,15100.0,15100.0,15250.0,HSX_FOREIGN_API,HOSE_SYMBOL_LEVEL,VND,2026-08-25T03:49:45Z,ff_hsx_symbol_daily_v1,e0c57e24e6e75184358b6646bc2f23afd1da5427a9479ec85acf087165628a81
2025-10-06,NVL,HOSE,35239130000.0,13405995000.0,21833135000.0,2257900.0,859900.0,1398000.0,0.0,0.0,0.0,0.0,15250.0,15900.0,15250.0,15800.0,15650.0,HSX_FOREIGN_API,HOSE_SYMBOL_LEVEL,VND,2026-08-25T03:49:45Z,ff_hsx_symbol_daily_v1,8f46c5d0f3523e340ba4cb3a1649ea4b2ee31b08c158bb00028cc15550ba933a
2025-10-07,NVL,HOSE,5599600000.0,5366185000.0,233415000.0,360900.0,343900.0,17000.0,0.0,0.0,0.0,0.0,15850.0,15850.0,15400.0,15400.0,15550.0,HSX_FOREIGN_API,HOSE_SYMBOL_LEVEL,VND,2026-08-25T03:49:45Z,ff_hsx_symbol_daily_v1,7ae3ead209be324dbdd73f636f381ba2a1afa537b7ca3fc0abb8ca447ae20f04
2025-10-08,NVL,HOSE,23393380000.0,29421320000.0,-6027940000.0,1532000.0,1922140.0,-390140.0,0.0,0.0,0.0,0.0,15650.0,15700.0,15100.0,15300.0,15300.0,HSX_FOREIGN_API,HOSE_SYMBOL_LEVEL,VND,2026-08-25T03:49:45Z,ff_hsx_symbol_daily_v1,d03bfc5e68023cd738895e2ad6f7179e2043d97e8391fe0de1f33e624d80e8f6
2025-10-09,NVL,HOSE,7830570000.0,17245820000.0,-9415250000.0,509200.0,1125200.0,-616000.0,0.0,0.0,0.0,0.0,15300.0,15550.0,15250.0,15300.0,15350.0,HSX_FOREIGN_API,HOSE_SYMBOL_LEVEL,VND,2026-08-25T03:49:45Z,ff_hsx_symbol_daily_v1,f5f7585da4a5694d030870163a2b873cc23822fc0885dddec8762b5945c2cc40
2025-10-10,NVL,HOSE,33380980000.0,31336906800.0,2044073200.0,2123000.0,1993024.0,129976.0,0.0,0.0,0.0,0.0,15450.0,16000.0,15450.0,15600.0,15750.0,HSX_FOREIGN_API,HOSE_SYMBOL_LEVEL,VND,2026-08-25T03:49:45Z,ff_hsx_symbol_daily_v1,ba5a03c384737a6876c7f7ae790d09728a9c219536e80eaba61d4cd9ac57a003
2025-10-13,NVL,HOSE,44162890000.0,21715225700.0,22447664300.0,2823500.0,1402001.0,1421499.0,0.0,0.0,0.0,0.0,15400.0,16200.0,15250.0,16000.0,15700.0,HSX_FOREIGN_API,HOSE_SYMBOL_LEVEL,VND,2026-08-25T03:49:45Z,ff_hsx_symbol_daily_v1,f2312511bc7b52499306bc1ebf22f83990c0e8bde5bc3cb6b5973ca203f52767
2025-10-14,NVL,HOSE,12109135000.0,62192035000.0,-50082900000.0,771500.0,3949200.0,-3177700.0,0.0,0.0,0.0,0.0,16150.0,16200.0,15450.0,15500.0,15750.0,HSX_FOREIGN_API,HOSE_SYMBOL_LEVEL,VND,2026-08-25T03:49:45Z,ff_hsx_symbol_daily_v1,53737aa0d0a2a4132ee6b76ff33968074fe13c76e823b1247485a7bf9b7cbc6d
2025-10-15,NVL,HOSE,6210125000.0,6073566650.0,136558350.0,399000.0,389603.0,9397.0,0.0,0.0,0.0,0.0,15750.0,15750.0,15450.0,15600.0,15550.0,HSX_FOREIGN_API,HOSE_SYMBOL_LEVEL,VND,2026-08-25T03:49:45Z,ff_hsx_symbol_daily_v1,a5e671e3bdb1a3f8f154e97eb846ce6cd65297b5c7806b44bdc4ff576f3d861f
2025-10-16,NVL,HOSE,61529285000.0,14815547250.0,46713737750.0,3816000.0,915015.0,2900985.0,0.0,0.0,0.0,0.0,15700.0,16450.0,15700.0,16250.0,16150.0,HSX_FOREIGN_API,HOSE_SYMBOL_LEVEL,VND,2026-08-25T03:49:45Z,ff_hsx_symbol_daily_v1,7aed3392610f9dfa2c7387b4f1f1e3153d2ebc7e8ec81f3f51e19da0d3ec320f
2025-10-17,NVL,HOSE,36968673600.0,48388545000.0,-11419871400.0,2223068.0,2923600.0,-700532.0,0.0,0.0,0.0,0.0,16250.0,16950.0,16050.0,16600.0,16600.0,HSX_FOREIGN_API,HOSE_SYMBOL_LEVEL,VND,2026-08-25T03:49:45Z,ff_hsx_symbol_daily_v1,34272b454aa237959579041c243063d12abdf005777e491d26dece1d380eb78b
2025-10-20,NVL,HOSE,20556100000.0,20602375000.0,-46275000.0,1321600.0,1319300.0,2300.0,0.0,0.0,0.0,0.0,15450.0,15800.0,15450.0,15450.0,15500.0,HSX_FOREIGN_API,HOSE_SYMBOL_LEVEL,VND,2026-08-25T03:49:45Z,ff_hsx_symbol_daily_v1,28173f918a3498536193e24385c81dd2b840c52c613ef72548abdfbe6d8e568a
2025-10-21,NVL,HOSE,11073535000.0,15041449800.0,-3967914800.0,767900.0,1029067.0,-261167.0,0.0,0.0,0.0,0.0,14600.0,14900.0,14400.0,14400.0,14450.0,HSX_FOREIGN_API,HOSE_SYMBOL_LEVEL,VND,2026-08-25T03:49:45Z,ff_hsx_symbol_daily_v1,01de71b410bb19418756715b96117dbd2e283a82d85f389710ece26f5f454642
2025-10-22,NVL,HOSE,26348105000.0,76251635000.0,-49903530000.0,1868100.0,5302600.0,-3434500.0,0.0,0.0,0.0,0.0,14500.0,15150.0,13550.0,14000.0,14200.0,HSX_FOREIGN_API,HOSE_SYMBOL_LEVEL,VND,2026-08-25T03:49:45Z,ff_hsx_symbol_daily_v1,db1399df63bc42f22583bfe35d2be8b5736356ac9619f23ce39fab587d2b9da3
2025-10-23,NVL,HOSE,6881575000.0,4414390000.0,2467185000.0,481100.0,308400.0,172700.0,0.0,0.0,0.0,0.0,14050.0,14500.0,14050.0,14200.0,14350.0,HSX_FOREIGN_API,HOSE_SYMBOL_LEVEL,VND,2026-08-25T03:49:45Z,ff_hsx_symbol_daily_v1,687428fc58589d9b6da9535d3dda58fb5de715d3ea2d453c0ea0072494a24009
2025-10-24,NVL,HOSE,5256555000.0,12478355000.0,-7221800000.0,369500.0,876300.0,-506800.0,0.0,0.0,0.0,0.0,14250.0,14500.0,14100.0,14300.0,14300.0,HSX_FOREIGN_API,HOSE_SYMBOL_LEVEL,VND,2026-08-25T03:49:45Z,ff_hsx_symbol_daily_v1,a3bd47b6c30f6d4db3e2f70acd0e76b656b750042752b2e9845f730d1755362c
2025-10-27,NVL,HOSE,3212130000.0,9272540000.0,-6060410000.0,229770.0,652400.0,-422630.0,0.0,0.0,0.0,0.0,14400.0,14500.0,13800.0,13800.0,14100.0,HSX_FOREIGN_API,HOSE_SYMBOL_LEVEL,VND,2026-08-25T03:49:45Z,ff_hsx_symbol_daily_v1,aff80c2bf178a35de2e4618265229065f356ea765f552510cd496452537946e0
2025-10-28,NVL,HOSE,48340075200.0,74773100000.0,-26433024800.0,3676136.0,5631400.0,-1955264.0,0.0,0.0,0.0,0.0,13800.0,13800.0,12900.0,13400.0,13250.0,HSX_FOREIGN_API,HOSE_SYMBOL_LEVEL,VND,2026-08-25T03:49:45Z,ff_hsx_symbol_daily_v1,28cb2b45767e52a6f88154eda162d001ef60adaad7a7083b5aa7a8be97fb9302
2025-10-29,NVL,HOSE,3413565000.0,1375788000.0,2037777000.0,254500.0,102510.0,151990.0,0.0,0.0,0.0,0.0,13400.0,13900.0,13250.0,13550.0,13500.0,HSX_FOREIGN_API,HOSE_SYMBOL_LEVEL,VND,2026-08-25T03:49:45Z,ff_hsx_symbol_daily_v1,5e8cc9db9787c6512816733d779a9ce510d600209e33a1a0942682615bb761dc
2025-10-30,NVL,HOSE,7747565000.0,1622530000.0,6125035000.0,561000.0,117700.0,443300.0,0.0,0.0,0.0,0.0,13600.0,14100.0,13600.0,13800.0,13800.0,HSX_FOREIGN_API,HOSE_SYMBOL_LEVEL,VND,2026-08-25T03:49:45Z,ff_hsx_symbol_daily_v1,a9d9c22f14947405f2995ec906f06478a740cdb3d08fdd2a0d112a2cb33352f0
2025-10-31,NVL,HOSE,600889000.0,11251646100.0,-10650757100.0,43970.0,821003.0,-777033.0,0.0,0.0,0.0,0.0,13800.0,13800.0,13600.0,13650.0,13700.0,HSX_FOREIGN_API,HOSE_SYMBOL_LEVEL,VND,2026-08-25T03:49:45Z,ff_hsx_symbol_daily_v1,b0122033dadfdc08d6adabdcf42d8273a557387da7542996a6c2d231eafb8864
2025-11-03,NVL,HOSE,17802895000.0,10239911950.0,7562983050.0,1349900.0,767543.0,582357.0,0.0,0.0,0.0,0.0,13400.0,13650.0,12900.0,12900.0,13200.0,HSX_FOREIGN_API,HOSE_SYMBOL_LEVEL,VND,2026-08-25T03:49:45Z,ff_hsx_symbol_daily_v1,a0ad0422b4f1c1f15d9d342807d734359566873cb6c1361c154b907b6505194c
2025-11-04,NVL,HOSE,44352545000.0,35947765000.0,8404780000.0,3450200.0,2786600.0,663600.0,0.0,0.0,0.0,0.0,12900.0,13450.0,12500.0,13400.0,12900.0,HSX_FOREIGN_API,HOSE_SYMBOL_LEVEL,VND,2026-08-25T03:49:45Z,ff_hsx_symbol_daily_v1,d63b63d63c49a8adc9c8b0eefc6c7a3b8b6a3d3051fe730e463d3750126f7836
2025-11-05,NVL,HOSE,28182445000.0,35137402800.0,-6954957800.0,2059000.0,2583599.0,-524599.0,0.0,0.0,0.0,0.0,13600.0,13850.0,13450.0,13750.0,13650.0,HSX_FOREIGN_API,HOSE_SYMBOL_LEVEL,VND,2026-08-25T03:49:45Z,ff_hsx_symbol_daily_v1,ae4e229df9d265a5e65cb9bcf649268f142ac8384a2af81460809dcca93ee5d5
2025-11-06,NVL,HOSE,1613720000.0,4816565000.0,-3202845000.0,118300.0,353100.0,-234800.0,0.0,0.0,0.0,0.0,13750.0,13750.0,13500.0,13500.0,13600.0,HSX_FOREIGN_API,HOSE_SYMBOL_LEVEL,VND,2026-08-25T03:49:45Z,ff_hsx_symbol_daily_v1,e6abc5b2438185de012dba0c2a73481d596734fc8afdb1f286fdbf619bf586cb
2025-11-07,NVL,HOSE,4873055000.0,11900970000.0,-7027915000.0,370600.0,896500.0,-525900.0,0.0,0.0,0.0,0.0,13500.0,13600.0,12950.0,13000.0,13250.0,HSX_FOREIGN_API,HOSE_SYMBOL_LEVEL,VND,2026-08-25T03:49:45Z,ff_hsx_symbol_daily_v1,736c02f815c7cfd50ec87ec537cb3f5d2708d8a592c39e51c6af8a48f2fea2bb
2025-11-10,NVL,HOSE,18814715000.0,50373410000.0,-31558695000.0,1485200.0,3971000.0,-2485800.0,0.0,0.0,0.0,0.0,12900.0,13000.0,12300.0,12300.0,12600.0,HSX_FOREIGN_API,HOSE_SYMBOL_LEVEL,VND,2026-08-25T03:49:45Z,ff_hsx_symbol_daily_v1,12f8cfadd52e3decc2775d5056eb7b17b485dc1c9cc20d55d92eb1db61782aa7
2025-11-11,NVL,HOSE,25217945000.0,47999965000.0,-22782020000.0,2064600.0,3923800.0,-1859200.0,0.0,0.0,0.0,0.0,12400.0,12500.0,12050.0,12200.0,12250.0,HSX_FOREIGN_API,HOSE_SYMBOL_LEVEL,VND,2026-08-25T03:49:45Z,ff_hsx_symbol_daily_v1,179fb3cabf51b11e340a7029789f30db43144d442a2feafd1121381dcd9113df
2025-11-12,NVL,HOSE,18896485000.0,2283972750.0,16612512250.0,1504700.0,177821.0,1326879.0,0.0,0.0,0.0,0.0,12300.0,13050.0,12250.0,13050.0,12700.0,HSX_FOREIGN_API,HOSE_SYMBOL_LEVEL,VND,2026-08-25T03:49:45Z,ff_hsx_symbol_daily_v1,915f70fd762439dcb13aa0c1ccf1a7fd4a5f68442d29c5b8a115fbfb34d7e3d0
2025-11-13,NVL,HOSE,18016820000.0,15797890000.0,2218930000.0,1354100.0,1184700.0,169400.0,0.0,0.0,0.0,0.0,13300.0,13450.0,13200.0,13250.0,13350.0,HSX_FOREIGN_API,HOSE_SYMBOL_LEVEL,VND,2026-08-25T03:49:45Z,ff_hsx_symbol_daily_v1,b5139b6c5b58600ad89a59973b52504a4c4cb431b213b715f522134320ca3ebe
2025-11-14,NVL,HOSE,24403370000.0,37522504100.0,-13119134100.0,1737000.0,2660760.0,-923760.0,0.0,0.0,0.0,0.0,13350.0,14150.0,13350.0,14150.0,14100.0,HSX_FOREIGN_API,HOSE_SYMBOL_LEVEL,VND,2026-08-25T03:49:45Z,ff_hsx_symbol_daily_v1,9973512cfd579c523e74c8ef5d03566672406c9f4030b8008a6347965a08e0ee
2025-11-17,NVL,HOSE,14472980000.0,13746250000.0,726730000.0,959600.0,920500.0,39100.0,0.0,0.0,0.0,0.0,14800.0,15100.0,14600.0,15100.0,15000.0,HSX_FOREIGN_API,HOSE_SYMBOL_LEVEL,VND,2026-08-25T03:49:45Z,ff_hsx_symbol_daily_v1,e581ec92ef690523535ab7baaa02ec6562b59337076dbd85a0037fb2eca85b74
2025-11-18,NVL,HOSE,62570255000.0,26764735000.0,35805520000.0,4013100.0,1718400.0,2294700.0,0.0,0.0,0.0,0.0,15800.0,16100.0,15300.0,15850.0,15700.0,HSX_FOREIGN_API,HOSE_SYMBOL_LEVEL,VND,2026-08-25T03:49:45Z,ff_hsx_symbol_daily_v1,66bb143e8a16ec22da81bd6016b46c10ee3fc6001c8ca41c36f26840adf86e97
2025-11-19,NVL,HOSE,57049295000.0,23545227700.0,33504067300.0,3656100.0,1491314.0,2164786.0,800000000.0,0.0,50000.0,0.0,15650.0,16150.0,15400.0,15650.0,15700.0,HSX_FOREIGN_API,HOSE_SYMBOL_LEVEL,VND,2026-08-25T03:49:45Z,ff_hsx_symbol_daily_v1,4682a065847dbf9702cb8dc7d69fc6a36771fcc21415d7259847a96173dad142
2025-11-20,NVL,HOSE,30358139000.0,6628550850.0,23729588150.0,1984030.0,433431.0,1550599.0,1280000000.0,0.0,80000.0,0.0,15600.0,15700.0,14950.0,15100.0,15250.0,HSX_FOREIGN_API,HOSE_SYMBOL_LEVEL,VND,2026-08-25T03:49:45Z,ff_hsx_symbol_daily_v1,360d535e434478c64f9dd1f94ebf3dc391e6d78313b0debf107a09543904548f
2025-11-21,NVL,HOSE,24086990000.0,30595295000.0,-6508305000.0,1584700.0,1993900.0,-409200.0,0.0,0.0,0.0,0.0,14900.0,15550.0,14900.0,15400.0,15300.0,HSX_FOREIGN_API,HOSE_SYMBOL_LEVEL,VND,2026-08-25T03:49:45Z,ff_hsx_symbol_daily_v1,aa8542ac8e5722fa6989ad4f3a6b82d85b0ae64d1c817f3013a26c90ae727bed
2025-11-24,NVL,HOSE,29746005000.0,48278885000.0,-18532880000.0,1873500.0,3058800.0,-1185300.0,0.0,0.0,0.0,0.0,15650.0,16100.0,15500.0,15800.0,15850.0,HSX_FOREIGN_API,HOSE_SYMBOL_LEVEL,VND,2026-08-25T03:49:45Z,ff_hsx_symbol_daily_v1,489279848304b3546af97541b4ba5faad39cd3fbeb2e9bb8416735928f1224dc
2025-11-25,NVL,HOSE,11619180000.0,20430366800.0,-8811186800.0,750800.0,1312521.0,-561721.0,0.0,0.0,0.0,0.0,15800.0,15900.0,15200.0,15300.0,15500.0,HSX_FOREIGN_API,HOSE_SYMBOL_LEVEL,VND,2026-08-25T03:49:45Z,ff_hsx_symbol_daily_v1,aa62456605725aeba947bfc3dc086a216556184af31b04a4c9dcca9aeb3b7cde
2025-11-26,NVL,HOSE,19015680000.0,4744865000.0,14270815000.0,1235200.0,305700.0,929500.0,0.0,0.0,0.0,0.0,15350.0,15700.0,15300.0,15500.0,15450.0,HSX_FOREIGN_API,HOSE_SYMBOL_LEVEL,VND,2026-08-25T03:49:45Z,ff_hsx_symbol_daily_v1,0d9a409b196bb5bb85d48043a3b809a8b295bf2f4025d0f2b0cc5cfee01f42ff
2025-11-27,NVL,HOSE,28378431500.0,13461682400.0,14916749100.0,1895010.0,890615.0,1004395.0,0.0,0.0,0.0,0.0,15550.0,15550.0,14800.0,14850.0,15000.0,HSX_FOREIGN_API,HOSE_SYMBOL_LEVEL,VND,2026-08-25T03:49:45Z,ff_hsx_symbol_daily_v1,f46e14dcf4b9299b92935172a24c243327810a9a219a293b9042ae543b98324d
2025-11-28,NVL,HOSE,30512130000.0,16661570000.0,13850560000.0,2089500.0,1119200.0,970300.0,0.0,0.0,0.0,0.0,14800.0,15050.0,14100.0,14800.0,14700.0,HSX_FOREIGN_API,HOSE_SYMBOL_LEVEL,VND,2026-08-25T03:49:45Z,ff_hsx_symbol_daily_v1,9001b029a0f1fef18e2b96d8be9aa1ea8460e0dbfa38ea42dc96a1a819183742
2025-12-01,NVL,HOSE,9246575000.0,17289415000.0,-8042840000.0,625100.0,1166300.0,-541200.0,0.0,0.0,0.0,0.0,14850.0,15200.0,14600.0,14750.0,14800.0,HSX_FOREIGN_API,HOSE_SYMBOL_LEVEL,VND,2026-08-25T03:49:45Z,ff_hsx_symbol_daily_v1,37f76897ce1aefb3bee99fd33a3e7f612c569ef519b0a01178df7e4de284620d
2025-12-02,NVL,HOSE,19744535000.0,24119780000.0,-4375245000.0,1366700.0,1647300.0,-280600.0,0.0,0.0,0.0,0.0,14750.0,14900.0,14250.0,14850.0,14600.0,HSX_FOREIGN_API,HOSE_SYMBOL_LEVEL,VND,2026-08-25T03:49:45Z,ff_hsx_symbol_daily_v1,b80fc7590ac62c1a653faf621efa5e45207a15b45b08312a1cc738cd39cb562f
2025-12-03,NVL,HOSE,3228175000.0,28461540000.0,-25233365000.0,215600.0,1898500.0,-1682900.0,0.0,0.0,0.0,0.0,15100.0,15150.0,14800.0,15000.0,15000.0,HSX_FOREIGN_API,HOSE_SYMBOL_LEVEL,VND,2026-08-25T03:49:45Z,ff_hsx_symbol_daily_v1,b295a2ddf89ef427cc8f8a19b13fc611f71bde6539fa3298358d1b818d259fb1
2025-12-04,NVL,HOSE,10761175000.0,16487526400.0,-5726351400.0,714500.0,1091828.0,-377328.0,0.0,0.0,0.0,0.0,15100.0,15250.0,14950.0,15000.0,15050.0,HSX_FOREIGN_API,HOSE_SYMBOL_LEVEL,VND,2026-08-25T03:49:45Z,ff_hsx_symbol_daily_v1,35d27a5e4624c00de5f6ebceed2b1eb3dd9196c0441007c90d002357a8671637
2025-12-05,NVL,HOSE,4690830000.0,5705053150.0,-1014223150.0,315000.0,383887.0,-68887.0,0.0,0.0,0.0,0.0,15000.0,15050.0,14650.0,14850.0,14850.0,HSX_FOREIGN_API,HOSE_SYMBOL_LEVEL,VND,2026-08-25T03:49:45Z,ff_hsx_symbol_daily_v1,f6eb6ff2425e29d8709ecfb0c60282d9deb93c06ceedb18e33d2251a9808c3a2
2025-12-08,NVL,HOSE,6833590000.0,6583924200.0,249665800.0,468200.0,451858.0,16342.0,0.0,0.0,0.0,0.0,14850.0,14850.0,14400.0,14700.0,14600.0,HSX_FOREIGN_API,HOSE_SYMBOL_LEVEL,VND,2026-08-25T03:49:45Z,ff_hsx_symbol_daily_v1,ef2b0a1171e55754d0d458503acb9dc201033afb24b8125f3f741159293d64c1
2025-12-09,NVL,HOSE,15965540000.0,5875778600.0,10089761400.0,1113200.0,408402.0,704798.0,0.0,0.0,0.0,0.0,14600.0,14600.0,14100.0,14450.0,14300.0,HSX_FOREIGN_API,HOSE_SYMBOL_LEVEL,VND,2026-08-25T03:49:45Z,ff_hsx_symbol_daily_v1,5932a5eb75a07e7cc6e46104ee6b9f5fe0f27ac6f09fd6637ad3b73e70f56488
2025-12-10,NVL,HOSE,3182895000.0,1319960000.0,1862935000.0,222700.0,92100.0,130600.0,0.0,0.0,0.0,0.0,14500.0,14500.0,14150.0,14450.0,14300.0,HSX_FOREIGN_API,HOSE_SYMBOL_LEVEL,VND,2026-08-25T03:49:45Z,ff_hsx_symbol_daily_v1,7a729eab8f42fb4bfafb6a43b73100392f32c662d87dfcc68c73ae6d3595c00d
2025-12-11,NVL,HOSE,1687450000.0,8541994950.0,-6854544950.0,116800.0,592789.0,-475989.0,0.0,0.0,0.0,0.0,14400.0,14750.0,14300.0,14350.0,14450.0,HSX_FOREIGN_API,HOSE_SYMBOL_LEVEL,VND,2026-08-25T03:49:45Z,ff_hsx_symbol_daily_v1,24356a7c1d9dfff5f5c2fc2bdfda2c996b36a1c982934cb4039214cfbe8fad3f
2025-12-12,NVL,HOSE,16538455000.0,9638470000.0,6899985000.0,1214100.0,686000.0,528100.0,0.0,0.0,0.0,0.0,14350.0,14500.0,13350.0,13350.0,13800.0,HSX_FOREIGN_API,HOSE_SYMBOL_LEVEL,VND,2026-08-25T03:49:45Z,ff_hsx_symbol_daily_v1,fb9ad20d6f59d737d467647632dce83460af03e347eca8b8958f8c0a06b262f4
2025-12-15,NVL,HOSE,20892130000.0,13978540000.0,6913590000.0,1560800.0,1045300.0,515500.0,0.0,0.0,0.0,0.0,13250.0,13550.0,13200.0,13300.0,13400.0,HSX_FOREIGN_API,HOSE_SYMBOL_LEVEL,VND,2026-08-25T03:49:45Z,ff_hsx_symbol_daily_v1,677fabab64fab1780a179f59ae6c63331b065ad82b233e4052f2714e0b67a84a
2025-12-16,NVL,HOSE,9970725000.0,20783305000.0,-10812580000.0,743700.0,1538800.0,-795100.0,0.0,0.0,0.0,0.0,13200.0,13850.0,13000.0,13550.0,13450.0,HSX_FOREIGN_API,HOSE_SYMBOL_LEVEL,VND,2026-08-25T03:49:45Z,ff_hsx_symbol_daily_v1,a8d3a9bd5acd57921f5c38b8298d7acb66fda61d45f899f700563d8b964cb569
2025-12-17,NVL,HOSE,3166442500.0,18378710000.0,-15212267500.0,236950.0,1375200.0,-1138250.0,0.0,0.0,0.0,0.0,13550.0,13550.0,13250.0,13250.0,13350.0,HSX_FOREIGN_API,HOSE_SYMBOL_LEVEL,VND,2026-08-25T03:49:45Z,ff_hsx_symbol_daily_v1,c1c939ee3fe29a3571379580e73c215ff951ffb14a36de9eb2837d9518248aae
2025-12-18,NVL,HOSE,747180000.0,30895506200.0,-30148326200.0,56400.0,2339672.0,-2283272.0,0.0,0.0,0.0,0.0,13450.0,13450.0,13050.0,13250.0,13250.0,HSX_FOREIGN_API,HOSE_SYMBOL_LEVEL,VND,2026-08-25T03:49:45Z,ff_hsx_symbol_daily_v1,b772f8aa7b621f29dbe0e91421502a1e51deab19642b6a69a178dc960f2e3eee
2025-12-19,NVL,HOSE,29728290000.0,10675045000.0,19053245000.0,2151900.0,780000.0,1371900.0,0.0,0.0,0.0,0.0,13300.0,13850.0,13250.0,13850.0,13650.0,HSX_FOREIGN_API,HOSE_SYMBOL_LEVEL,VND,2026-08-25T03:49:45Z,ff_hsx_symbol_daily_v1,9dead7d5b0f2a14ffd249160bfcb0277532d202c763064580b2d70a36e89f85d
2025-12-22,NVL,HOSE,1375878000.0,14583285000.0,-13207407000.0,99680.0,1056200.0,-956520.0,0.0,0.0,0.0,0.0,13800.0,13950.0,13650.0,13800.0,13800.0,HSX_FOREIGN_API,HOSE_SYMBOL_LEVEL,VND,2026-08-25T03:49:45Z,ff_hsx_symbol_daily_v1,fc3552d90be5a8d2598a77dea9eca46d14c595968f0828abf59e6a30fc207ee0
2025-12-23,NVL,HOSE,4801910000.0,5245315000.0,-443405000.0,353000.0,384200.0,-31200.0,0.0,0.0,0.0,0.0,13900.0,13900.0,13400.0,13450.0,13550.0,HSX_FOREIGN_API,HOSE_SYMBOL_LEVEL,VND,2026-08-25T03:49:45Z,ff_hsx_symbol_daily_v1,ef77f7594483ec437f9d071ea1348ca99a3b15d43ee386f23924d4575a207c48
2025-12-24,NVL,HOSE,2678695000.0,21531880000.0,-18853185000.0,199300.0,1599500.0,-1400200.0,0.0,0.0,0.0,0.0,13450.0,13700.0,13250.0,13400.0,13450.0,HSX_FOREIGN_API,HOSE_SYMBOL_LEVEL,VND,2026-08-25T03:49:45Z,ff_hsx_symbol_daily_v1,150418396620ebda798ed81e3e1c2f639851ba58a5c31ba2cec73d326492c027
2025-12-25,NVL,HOSE,9373285000.0,22531055000.0,-13157770000.0,694500.0,1652700.0,-958200.0,0.0,0.0,0.0,0.0,13350.0,13900.0,13300.0,13300.0,13600.0,HSX_FOREIGN_API,HOSE_SYMBOL_LEVEL,VND,2026-08-25T03:49:45Z,ff_hsx_symbol_daily_v1,78e0150437436f99879c0d425c85bdc6534817bde22681c95ba1385a8eccb838
2025-12-26,NVL,HOSE,16333320500.0,47669795000.0,-31336474500.0,1246253.0,3634800.0,-2388547.0,0.0,0.0,0.0,0.0,13400.0,13500.0,12650.0,13250.0,13100.0,HSX_FOREIGN_API,HOSE_SYMBOL_LEVEL,VND,2026-08-25T03:49:45Z,ff_hsx_symbol_daily_v1,399d73c872fdffad31a7bf4c402ca6b8b8aa380d452bdb5d513179195b7d750f
2025-12-29,NVL,HOSE,45098555000.0,17803165000.0,27295390000.0,3245500.0,1293000.0,1952500.0,0.0,0.0,0.0,0.0,13550.0,14150.0,13550.0,14150.0,13900.0,HSX_FOREIGN_API,HOSE_SYMBOL_LEVEL,VND,2026-08-25T03:49:45Z,ff_hsx_symbol_daily_v1,006f14d0fca58a0beb63c7c11696dacc912f894f844731b09774f78d2ee7146f
2025-12-30,NVL,HOSE,11608049050.0,32026476000.0,-20418426950.0,802107.0,2234840.0,-1432733.0,0.0,0.0,0.0,0.0,14550.0,14650.0,13900.0,13900.0,14300.0,HSX_FOREIGN_API,HOSE_SYMBOL_LEVEL,VND,2026-08-25T03:49:45Z,ff_hsx_symbol_daily_v1,7a6dabed722bdd6ff1d3f0b65a4b359edf0a4b3ec5aa8cec48185b78b2ffa70f
2025-12-31,NVL,HOSE,7137307650.0,3149630000.0,3987677650.0,518990.0,225850.0,293140.0,0.0,0.0,0.0,0.0,13950.0,14050.0,13350.0,13350.0,13700.0,HSX_FOREIGN_API,HOSE_SYMBOL_LEVEL,VND,2026-08-25T03:49:45Z,ff_hsx_symbol_daily_v1,0dcac0909137e147455bb1813032b5f154c7709287a65d256fffb4456bac44ff
2026-01-05,NVL,HOSE,24404303050.0,13891424900.0,10512878150.0,1808660.0,1031527.0,777133.0,0.0,0.0,0.0,0.0,13600.0,13750.0,13200.0,13350.0,13500.0,HSX_FOREIGN_API,HOSE_SYMBOL_LEVEL,VND,2026-08-25T03:49:45Z,ff_hsx_symbol_daily_v1,532825c79a84d24f015a1c17539515e3e0262f0ca7de54618b5a0abb3453805f
2026-01-06,NVL,HOSE,11821845000.0,9199540000.0,2622305000.0,878200.0,684600.0,193600.0,0.0,0.0,0.0,0.0,13500.0,13700.0,13300.0,13350.0,13450.0,HSX_FOREIGN_API,HOSE_SYMBOL_LEVEL,VND,2026-08-25T03:49:45Z,ff_hsx_symbol_daily_v1,5350c3bdef8536cf3af4b0856ca21892fd72645c0a656596152c6bde4b7d2e83
2026-01-07,NVL,HOSE,6691344750.0,16516385000.0,-9825040250.0,506503.0,1251200.0,-744697.0,0.0,0.0,0.0,0.0,13350.0,13450.0,13050.0,13200.0,13200.0,HSX_FOREIGN_API,HOSE_SYMBOL_LEVEL,VND,2026-08-25T03:49:45Z,ff_hsx_symbol_daily_v1,09324af51395839687095f37fd7019968468fadf1d3a16182b61e853a3e74ef4
2026-01-08,NVL,HOSE,10699720000.0,25015560000.0,-14315840000.0,799010.0,1880200.0,-1081190.0,0.0,0.0,0.0,0.0,13300.0,13500.0,13100.0,13300.0,13300.0,HSX_FOREIGN_API,HOSE_SYMBOL_LEVEL,VND,2026-08-25T03:49:45Z,ff_hsx_symbol_daily_v1,b5149ec403c864b10558ecda56ceee6d13f3b4dcb15f87c0146f797d58ea77a0
2026-01-09,NVL,HOSE,5801176700.0,73925640000.0,-68124463300.0,450254.0,5746100.0,-5295846.0,0.0,0.0,0.0,0.0,13250.0,13300.0,12500.0,12550.0,12800.0,HSX_FOREIGN_API,HOSE_SYMBOL_LEVEL,VND,2026-08-25T03:49:45Z,ff_hsx_symbol_daily_v1,06f6f7c7f03398d03c20e036c9e356e3dca732934b921ffe0e6b5fa668677e58
2026-01-12,NVL,HOSE,16159719900.0,61535674700.0,-45375954800.0,1283002.0,4864098.0,-3581096.0,0.0,0.0,0.0,0.0,12600.0,13050.0,12200.0,12800.0,12650.0,HSX_FOREIGN_API,HOSE_SYMBOL_LEVEL,VND,2026-08-25T03:49:45Z,ff_hsx_symbol_daily_v1,2e626f67d4a2693cda8f61241cdc1759e219a6852c09a2abb531c60849f9fb68
2026-01-13,NVL,HOSE,4621395000.0,32361180000.0,-27739785000.0,356700.0,2513600.0,-2156900.0,0.0,0.0,0.0,0.0,13100.0,13100.0,12750.0,12750.0,12900.0,HSX_FOREIGN_API,HOSE_SYMBOL_LEVEL,VND,2026-08-25T03:49:45Z,ff_hsx_symbol_daily_v1,1082efa2cfc0143bdfc21dafc8c45c0f63c58b3ba73ecf61e367d14a9b1a7fa1
2026-01-14,NVL,HOSE,12343385000.0,11190590000.0,1152795000.0,957100.0,860275.0,96825.0,0.0,0.0,0.0,0.0,12750.0,13200.0,12700.0,12900.0,12950.0,HSX_FOREIGN_API,HOSE_SYMBOL_LEVEL,VND,2026-08-25T03:49:45Z,ff_hsx_symbol_daily_v1,c3e8d96a150a9e20e866a106011e3394dcd6e01f24d61331bfe90973cedeb9c8
2026-01-15,NVL,HOSE,2942612550.0,16225145000.0,-13282532450.0,228363.0,1260100.0,-1031737.0,0.0,0.0,0.0,0.0,12950.0,13100.0,12750.0,12800.0,12900.0,HSX_FOREIGN_API,HOSE_SYMBOL_LEVEL,VND,2026-08-25T03:49:45Z,ff_hsx_symbol_daily_v1,e02dd4d93fd17ffc4ec289cf15b6fbb4fc4a845a1322a41d8c654bc1ae3287e5
2026-01-16,NVL,HOSE,5803454500.0,12488460000.0,-6685005500.0,447605.0,968000.0,-520395.0,0.0,0.0,0.0,0.0,12950.0,13100.0,12800.0,13050.0,12950.0,HSX_FOREIGN_API,HOSE_SYMBOL_LEVEL,VND,2026-08-25T03:49:45Z,ff_hsx_symbol_daily_v1,3570f260032374f7204c1244741626c300fbce6f1fb2df1308b8411fa25e966f
2026-01-19,NVL,HOSE,2481345000.0,11299359650.0,-8818014650.0,191800.0,873983.0,-682183.0,0.0,0.0,0.0,0.0,13050.0,13100.0,12800.0,12950.0,12950.0,HSX_FOREIGN_API,HOSE_SYMBOL_LEVEL,VND,2026-08-25T03:49:45Z,ff_hsx_symbol_daily_v1,9be13f3215a1b40f915124b11988a9d21b3701c20db1526e229aad7dde7c25f6
2026-01-20,NVL,HOSE,8236836186.0,25770388436.0,-17533552250.0,635754.0,2004069.0,-1368315.0,5395898436.0,5395898436.0,413669.0,413669.0,12800.0,12950.0,12750.0,12750.0,12800.0,HSX_FOREIGN_API,HOSE_SYMBOL_LEVEL,VND,2026-08-25T03:49:45Z,ff_hsx_symbol_daily_v1,d8be809c80ef869e4e434b791723dac3763a02e68c4a7751ebb81bd64891c470
2026-01-21,NVL,HOSE,2343663000.0,15285580000.0,-12941917000.0,185040.0,1207800.0,-1022760.0,0.0,0.0,0.0,0.0,12600.0,12900.0,12500.0,12600.0,12650.0,HSX_FOREIGN_API,HOSE_SYMBOL_LEVEL,VND,2026-08-25T03:49:45Z,ff_hsx_symbol_daily_v1,e3c15c26dfe53d50ab2f151f8c22c00c88f570314a5a19b07ecd1b90775754a2
2026-01-22,NVL,HOSE,18308470000.0,53235875000.0,-34927405000.0,1467100.0,4182700.0,-2715600.0,0.0,0.0,0.0,0.0,12750.0,13350.0,12300.0,12800.0,12800.0,HSX_FOREIGN_API,HOSE_SYMBOL_LEVEL,VND,2026-08-25T03:49:45Z,ff_hsx_symbol_daily_v1,c48c99f091811a400aa5bf25e255ce57d0da5f9b2c99b84894dd0b6790de3125
2026-01-23,NVL,HOSE,894280000.0,66773387150.0,-65879107150.0,71200.0,5299531.0,-5228331.0,0.0,0.0,0.0,0.0,12950.0,13000.0,12500.0,12500.0,12600.0,HSX_FOREIGN_API,HOSE_SYMBOL_LEVEL,VND,2026-08-25T03:49:45Z,ff_hsx_symbol_daily_v1,fec3bbaec8f15c4fac5c61c9bbf4c3f9db8dab1699acb39d274face32c9d06a7
2026-01-26,NVL,HOSE,1598447900.0,43807285000.0,-42208837100.0,132143.0,3646400.0,-3514257.0,0.0,0.0,0.0,0.0,12500.0,12650.0,11850.0,11850.0,12100.0,HSX_FOREIGN_API,HOSE_SYMBOL_LEVEL,VND,2026-08-25T03:49:45Z,ff_hsx_symbol_daily_v1,b9727f8accdb1ff3f8761a8df09cf5c024c0b436a6b1f4f8fff4caebcade3e4b
2026-01-27,NVL,HOSE,6712710000.0,70784550000.0,-64071840000.0,583100.0,6123800.0,-5540700.0,0.0,0.0,0.0,0.0,12000.0,12150.0,11400.0,11400.0,11550.0,HSX_FOREIGN_API,HOSE_SYMBOL_LEVEL,VND,2026-08-25T03:49:45Z,ff_hsx_symbol_daily_v1,1d25c61549036dcc80f08b91d4ad5de1d60f33753b2a3cda86391487b65ba687
2026-01-28,NVL,HOSE,10252065000.0,1402520000.0,8849545000.0,875900.0,118100.0,757800.0,0.0,0.0,0.0,0.0,11650.0,12000.0,11400.0,11900.0,11700.0,HSX_FOREIGN_API,HOSE_SYMBOL_LEVEL,VND,2026-08-25T03:49:45Z,ff_hsx_symbol_daily_v1,e0f55107f5e34068db608967d744fdda62d7ee7b403c292df11a389e98838cae
2026-01-29,NVL,HOSE,848249500.0,1165975000.0,-317725500.0,70160.0,97500.0,-27340.0,0.0,0.0,0.0,0.0,12000.0,12150.0,11900.0,12150.0,12050.0,HSX_FOREIGN_API,HOSE_SYMBOL_LEVEL,VND,2026-08-25T03:49:45Z,ff_hsx_symbol_daily_v1,203243cc75841353202d9979b275292a2f2d071b39b2d464c181389b58448320
2026-01-30,NVL,HOSE,31124045000.0,5795040000.0,25329005000.0,2492200.0,467400.0,2024800.0,0.0,0.0,0.0,0.0,12300.0,13000.0,12150.0,13000.0,12650.0,HSX_FOREIGN_API,HOSE_SYMBOL_LEVEL,VND,2026-08-25T03:49:45Z,ff_hsx_symbol_daily_v1,c15813470617bb0e668f3e3cb5445870cfef5a3fcb22c2bbaab5e32a19b1c6aa
2026-02-02,NVL,HOSE,15543205000.0,49977250000.0,-34434045000.0,1193700.0,3882600.0,-2688900.0,0.0,0.0,0.0,0.0,13300.0,13400.0,12600.0,12850.0,12950.0,HSX_FOREIGN_API,HOSE_SYMBOL_LEVEL,VND,2026-08-25T03:49:45Z,ff_hsx_symbol_daily_v1,4f9485dde9a2cf974a5345537970dc537ea0db985c705e95b77c28cc1f2f0cf5
2026-02-03,NVL,HOSE,31005696000.0,8859319000.0,22146377000.0,2394480.0,688410.0,1706070.0,0.0,0.0,0.0,0.0,12750.0,13100.0,12750.0,12850.0,12900.0,HSX_FOREIGN_API,HOSE_SYMBOL_LEVEL,VND,2026-08-25T03:49:45Z,ff_hsx_symbol_daily_v1,f328ad0c2108317b8a2d02fe3a2c562d2179df9719b867f9bbe3d8f3cab1d919
2026-02-04,NVL,HOSE,4906066150.0,9955100000.0,-5049033850.0,386750.0,787100.0,-400350.0,0.0,0.0,0.0,0.0,12850.0,12850.0,12550.0,12550.0,12650.0,HSX_FOREIGN_API,HOSE_SYMBOL_LEVEL,VND,2026-08-25T03:49:45Z,ff_hsx_symbol_daily_v1,60533e98130a2d53c13b3beccebff13137f97083a1740e5e06fef1f2eca8721c
2026-02-05,NVL,HOSE,5203250000.0,7947210800.0,-2743960800.0,410500.0,632608.0,-222108.0,0.0,0.0,0.0,0.0,12550.0,12700.0,12350.0,12350.0,12550.0,HSX_FOREIGN_API,HOSE_SYMBOL_LEVEL,VND,2026-08-25T03:49:45Z,ff_hsx_symbol_daily_v1,b3f12ba2dd31e9a23ff9bb39955852310ed2a2d90ece33f9e34b771bcff1301f
2026-02-06,NVL,HOSE,21638475600.0,11404855000.0,10233620600.0,1776380.0,938000.0,838380.0,0.0,0.0,0.0,0.0,12100.0,12450.0,12000.0,12200.0,12150.0,HSX_FOREIGN_API,HOSE_SYMBOL_LEVEL,VND,2026-08-25T03:49:45Z,ff_hsx_symbol_daily_v1,c133f133bccc974e2c6b4074d87d8cdff1edd7c89a3d8fa97d7fa8ab6abf80a4
2026-02-09,NVL,HOSE,4819920000.0,12557545000.0,-7737625000.0,393200.0,1028000.0,-634800.0,0.0,0.0,0.0,0.0,12150.0,12400.0,12100.0,12200.0,12250.0,HSX_FOREIGN_API,HOSE_SYMBOL_LEVEL,VND,2026-08-25T03:49:45Z,ff_hsx_symbol_daily_v1,a8563caf3c2c06334fde40bb8fe8e69f110f9fb72a336671e1bc92fba777c343
2026-02-10,NVL,HOSE,12616865000.0,172900000.0,12443965000.0,1023200.0,14000.0,1009200.0,0.0,0.0,0.0,0.0,12200.0,12450.0,12200.0,12300.0,12300.0,HSX_FOREIGN_API,HOSE_SYMBOL_LEVEL,VND,2026-08-25T03:49:45Z,ff_hsx_symbol_daily_v1,1e3160e78e6799a497bc29d52b3e702ca26a638dcde5871c7a00bf3eb50a06b6
2026-02-11,NVL,HOSE,10146180000.0,6004715000.0,4141465000.0,809900.0,473600.0,336300.0,0.0,0.0,0.0,0.0,12300.0,12800.0,12300.0,12800.0,12600.0,HSX_FOREIGN_API,HOSE_SYMBOL_LEVEL,VND,2026-08-25T03:49:45Z,ff_hsx_symbol_daily_v1,353ee2bfd6c09d6dd49127717acb5b6019cbf10aeb1a6f7ff3ce4d7b7b085a94
2026-02-12,NVL,HOSE,5296215000.0,3587845000.0,1708370000.0,412400.0,282300.0,130100.0,0.0,0.0,0.0,0.0,12800.0,13000.0,12650.0,12950.0,12850.0,HSX_FOREIGN_API,HOSE_SYMBOL_LEVEL,VND,2026-08-25T03:49:45Z,ff_hsx_symbol_daily_v1,2a848517293036cdd88db626e840b4ed4396f10e3167130f16ffeb4a30622208
2026-02-13,NVL,HOSE,5270095000.0,554182000.0,4715913000.0,414000.0,43288.0,370712.0,0.0,0.0,0.0,0.0,12950.0,12950.0,12650.0,12650.0,12750.0,HSX_FOREIGN_API,HOSE_SYMBOL_LEVEL,VND,2026-08-25T03:49:45Z,ff_hsx_symbol_daily_v1,f69e18845c349ddb7ac918863a8defcb087746300685b681c57b36fbc78b1a7e
2026-02-23,NVL,HOSE,8806536000.0,4088350450.0,4718185550.0,692380.0,321720.0,370660.0,0.0,0.0,0.0,0.0,12750.0,12800.0,12600.0,12750.0,12700.0,HSX_FOREIGN_API,HOSE_SYMBOL_LEVEL,VND,2026-08-25T03:49:45Z,ff_hsx_symbol_daily_v1,e8212f000b2a4170bbd11d152c170a028a88c30d80457c9327e10d958aa3044b
2026-02-24,NVL,HOSE,16460370000.0,7402605000.0,9057765000.0,1293400.0,582400.0,711000.0,0.0,0.0,0.0,0.0,12700.0,12800.0,12650.0,12750.0,12700.0,HSX_FOREIGN_API,HOSE_SYMBOL_LEVEL,VND,2026-08-25T03:49:45Z,ff_hsx_symbol_daily_v1,d8e80454f15a3360d216d679e78b1944bae6fe412b75b283dff973056b5fc8cc
2026-02-25,NVL,HOSE,7542580000.0,14591656250.0,-7049076250.0,593800.0,1151780.0,-557980.0,0.0,0.0,0.0,0.0,12750.0,12900.0,12600.0,12650.0,12700.0,HSX_FOREIGN_API,HOSE_SYMBOL_LEVEL,VND,2026-08-25T03:49:45Z,ff_hsx_symbol_daily_v1,6e02ff54b173fdff75286a835b6bc6cf631a9273cec6f71a490ff24a8c348dd2
2026-02-26,NVL,HOSE,5651993000.0,10685645000.0,-5033652000.0,445060.0,846800.0,-401740.0,0.0,0.0,0.0,0.0,12650.0,12800.0,12500.0,12600.0,12650.0,HSX_FOREIGN_API,HOSE_SYMBOL_LEVEL,VND,2026-08-25T03:49:45Z,ff_hsx_symbol_daily_v1,7938f72990a9b91f6f5f620a5030213131b1d5e49e0a99475762b90861b88195
2026-02-27,NVL,HOSE,2496867250.0,24953680000.0,-22456812750.0,201705.0,2019400.0,-1817695.0,0.0,0.0,0.0,0.0,12650.0,12650.0,12200.0,12300.0,12350.0,HSX_FOREIGN_API,HOSE_SYMBOL_LEVEL,VND,2026-08-25T03:49:45Z,ff_hsx_symbol_daily_v1,527981bf0dee98b680a2d2858aa03987a9b1c89e6acec090fea502933e737428
2026-03-02,NVL,HOSE,5529574000.0,15226026450.0,-9696452450.0,466360.0,1281588.0,-815228.0,0.0,0.0,0.0,0.0,11600.0,12000.0,11600.0,11600.0,11800.0,HSX_FOREIGN_API,HOSE_SYMBOL_LEVEL,VND,2026-08-25T03:49:45Z,ff_hsx_symbol_daily_v1,9c2830acda55891cbf17de2238ccafa195d95e98d6ce1ea95bd548c65dc84f02
2026-03-03,NVL,HOSE,3726730000.0,31439699200.0,-27712969200.0,321100.0,2710962.0,-2389862.0,0.0,0.0,0.0,0.0,11550.0,11800.0,11500.0,11550.0,11600.0,HSX_FOREIGN_API,HOSE_SYMBOL_LEVEL,VND,2026-08-25T03:49:45Z,ff_hsx_symbol_daily_v1,9b372de505a67d73634de13a148f28ef863d86716ce1e0178c20e82070c48dcd
2026-03-04,NVL,HOSE,17714085500.0,58733832050.0,-41019746550.0,1591630.0,5230502.0,-3638872.0,0.0,0.0,0.0,0.0,11550.0,11750.0,10900.0,11100.0,11200.0,HSX_FOREIGN_API,HOSE_SYMBOL_LEVEL,VND,2026-08-25T03:49:45Z,ff_hsx_symbol_daily_v1,b089b4ae30755421d4f33867ae5120c1de056b0f43e251cde09cbf6c4798ac1f
2026-03-05,NVL,HOSE,11574770000.0,53546734900.0,-41971964900.0,1029750.0,4775069.0,-3745319.0,0.0,0.0,0.0,0.0,11450.0,11600.0,11100.0,11150.0,11300.0,HSX_FOREIGN_API,HOSE_SYMBOL_LEVEL,VND,2026-08-25T03:49:45Z,ff_hsx_symbol_daily_v1,40007c94d6dcb14dd5e7d1b1b184194b1135fcce77dc63b470f14b7f52b8c3dc
2026-03-06,NVL,HOSE,3643360000.0,29529100000.0,-25885740000.0,323900.0,2636100.0,-2312200.0,0.0,0.0,0.0,0.0,11400.0,11450.0,11100.0,11250.0,11250.0,HSX_FOREIGN_API,HOSE_SYMBOL_LEVEL,VND,2026-08-25T03:49:45Z,ff_hsx_symbol_daily_v1,7a3a26e45e533274c925316d359ab518ed92a2aaa40191f76d11e30320146733
2026-03-09,NVL,HOSE,3370825000.0,2906375000.0,464450000.0,320840.0,275900.0,44940.0,0.0,0.0,0.0,0.0,10500.0,10700.0,10500.0,10500.0,10500.0,HSX_FOREIGN_API,HOSE_SYMBOL_LEVEL,VND,2026-08-25T03:49:45Z,ff_hsx_symbol_daily_v1,cdaa61febc2a2ea364f33688f1cb5dd298360e8f02316e6832eb6992b9e84dd4
2026-03-10,NVL,HOSE,12497352000.0,28440369750.0,-15943017750.0,1190910.0,2708325.0,-1517415.0,0.0,0.0,0.0,0.0,10000.0,10800.0,10000.0,10650.0,10450.0,HSX_FOREIGN_API,HOSE_SYMBOL_LEVEL,VND,2026-08-25T03:49:45Z,ff_hsx_symbol_daily_v1,3d0c6772fc622750b70ef4e610521ee972051fc330bff7479f5d45796194744f
2026-03-11,NVL,HOSE,10434125000.0,27530820000.0,-17096695000.0,955000.0,2490000.0,-1535000.0,0.0,0.0,0.0,0.0,10600.0,11300.0,10550.0,11100.0,11050.0,HSX_FOREIGN_API,HOSE_SYMBOL_LEVEL,VND,2026-08-25T03:49:45Z,ff_hsx_symbol_daily_v1,f573fdc3ce3251fe1948901ce68b793b91e31c2a1eaf7a855390de60d71b1178
2026-03-12,NVL,HOSE,7458870000.0,14972170000.0,-7513300000.0,665425.0,1304000.0,-638575.0,0.0,0.0,0.0,0.0,11000.0,11850.0,10950.0,11850.0,11650.0,HSX_FOREIGN_API,HOSE_SYMBOL_LEVEL,VND,2026-08-25T03:49:45Z,ff_hsx_symbol_daily_v1,159b724e0db8fcadb52246206d488033f863b61beff872da2a81645f6aefee60
2026-03-13,NVL,HOSE,14144825000.0,19551915000.0,-5407090000.0,1140000.0,1560200.0,-420200.0,0.0,0.0,0.0,0.0,12000.0,12650.0,11900.0,12650.0,12550.0,HSX_FOREIGN_API,HOSE_SYMBOL_LEVEL,VND,2026-08-25T03:49:45Z,ff_hsx_symbol_daily_v1,fac9453826a1610c2a78083ab210986f7fa2dc307d6b1a5dce26933e2fdfa6d4
2026-03-16,NVL,HOSE,69102115000.0,109799788200.0,-40697673200.0,5171100.0,8200348.0,-3029248.0,0.0,0.0,0.0,0.0,13400.0,13500.0,13100.0,13500.0,13400.0,HSX_FOREIGN_API,HOSE_SYMBOL_LEVEL,VND,2026-08-25T03:49:45Z,ff_hsx_symbol_daily_v1,1117c55ef530d5938403f10fa468771a9c8af5ee0d324fb719e9e1ba2c2a7ff6
2026-03-17,NVL,HOSE,38000960000.0,43774952450.0,-5773992450.0,2809710.0,3220270.0,-410560.0,0.0,0.0,0.0,0.0,13600.0,14000.0,13300.0,13400.0,13600.0,HSX_FOREIGN_API,HOSE_SYMBOL_LEVEL,VND,2026-08-25T03:49:45Z,ff_hsx_symbol_daily_v1,ed734aa5d31ece441d8f3b49ae2720ea2a782e6c3df138c7a817ec0e04f2256c
2026-03-18,NVL,HOSE,28201722800.0,26535275000.0,1666447800.0,2150608.0,2012400.0,138208.0,0.0,0.0,0.0,0.0,13350.0,13500.0,12800.0,13000.0,13100.0,HSX_FOREIGN_API,HOSE_SYMBOL_LEVEL,VND,2026-08-25T03:49:45Z,ff_hsx_symbol_daily_v1,1675481fc6d4c11cd77060c7e24f488b1353dec2863fc90e24c3fe69f6612aa9
2026-03-19,NVL,HOSE,48083980000.0,71071185000.0,-22987205000.0,3561200.0,5202000.0,-1640800.0,8340000000.0,8340000000.0,600000.0,600000.0,12800.0,13900.0,12800.0,13900.0,13650.0,HSX_FOREIGN_API,HOSE_SYMBOL_LEVEL,VND,2026-08-25T03:49:45Z,ff_hsx_symbol_daily_v1,16c9f78b8c6f78625636498f0965765eeb7f9a8a96d39b69eb463cf3f38a42dc
2026-03-20,NVL,HOSE,32382996450.0,146208250000.0,-113825253550.0,2317360.0,10574100.0,-8256740.0,0.0,0.0,0.0,0.0,14200.0,14800.0,13450.0,13450.0,14100.0,HSX_FOREIGN_API,HOSE_SYMBOL_LEVEL,VND,2026-08-25T03:49:45Z,ff_hsx_symbol_daily_v1,2177f1b04144b753c8455f066c4007b7593bfebe1154ba627c2f8eccf2ee2748
2026-03-23,NVL,HOSE,45133320400.0,90021807400.0,-44888487000.0,3447960.0,6847500.0,-3399540.0,7177752400.0,7177752400.0,564200.0,564200.0,13400.0,13800.0,12550.0,12550.0,12950.0,HSX_FOREIGN_API,HOSE_SYMBOL_LEVEL,VND,2026-08-25T03:49:45Z,ff_hsx_symbol_daily_v1,c143623065b58487369b4c8015bc322e88febf56dca6cd0ed8ac1b8a5c801b37
2026-03-24,NVL,HOSE,34703555000.0,27959128850.0,6744426150.0,2625100.0,2105931.0,519169.0,0.0,0.0,0.0,0.0,12950.0,13400.0,12700.0,13250.0,13250.0,HSX_FOREIGN_API,HOSE_SYMBOL_LEVEL,VND,2026-08-25T03:49:45Z,ff_hsx_symbol_daily_v1,890affd63bf9647fd008e9a99d6209535fc435215393813f9e5ad307a9bc23e8
2026-03-25,NVL,HOSE,23035260000.0,42534640000.0,-19499380000.0,1706100.0,3124000.0,-1417900.0,1456805000.0,1456805000.0,107000.0,107000.0,13500.0,14000.0,13200.0,13800.0,13600.0,HSX_FOREIGN_API,HOSE_SYMBOL_LEVEL,VND,2026-08-25T03:49:45Z,ff_hsx_symbol_daily_v1,f70b367477fe43932a05d2c07b4824dbf7aea30b5e6bde236f8b8b9ae36c2919
2026-03-26,NVL,HOSE,55104710000.0,72894635000.0,-17789925000.0,3929100.0,5178200.0,-1249100.0,0.0,0.0,0.0,0.0,13800.0,14500.0,13550.0,14200.0,14000.0,HSX_FOREIGN_API,HOSE_SYMBOL_LEVEL,VND,2026-08-25T03:49:45Z,ff_hsx_symbol_daily_v1,fc2ebbb00093ae91122f0b5a52637cbb9db4fbefa00767752146878b6bb166bc
2026-03-27,NVL,HOSE,9396390000.0,83728298950.0,-74331908950.0,657700.0,5851917.0,-5194217.0,2792630000.0,2792630000.0,194000.0,194000.0,14100.0,14900.0,13950.0,14300.0,14350.0,HSX_FOREIGN_API,HOSE_SYMBOL_LEVEL,VND,2026-08-25T03:49:45Z,ff_hsx_symbol_daily_v1,03cd8af9e9f8d0baf46fe05e3c1899c6590de30bd47986d65e6a42a650d8b380
2026-03-30,NVL,HOSE,8299007000.0,33063529000.0,-24764522000.0,591840.0,2358516.0,-1766676.0,0.0,0.0,0.0,0.0,14000.0,14250.0,13850.0,13850.0,14000.0,HSX_FOREIGN_API,HOSE_SYMBOL_LEVEL,VND,2026-08-25T03:49:45Z,ff_hsx_symbol_daily_v1,a2551c70673f53f24da5250c9fed33dc71830fd6f8a6c06e85c76a30f2ff6a0d
2026-03-31,NVL,HOSE,27949125000.0,26689790500.0,1259334500.0,1981800.0,1891875.0,89925.0,0.0,0.0,0.0,0.0,13900.0,14350.0,13850.0,14150.0,14100.0,HSX_FOREIGN_API,HOSE_SYMBOL_LEVEL,VND,2026-08-25T03:49:45Z,ff_hsx_symbol_daily_v1,b37b60e39351fd33d950dbd463ee4f6283e42dc1c43e282ae2e6f93e8d0015fd
2026-04-01,NVL,HOSE,39223560000.0,35047719350.0,4175840650.0,2770700.0,2490553.0,280147.0,0.0,0.0,0.0,0.0,14450.0,14550.0,13900.0,14150.0,14150.0,HSX_FOREIGN_API,HOSE_SYMBOL_LEVEL,VND,2026-08-25T03:49:45Z,ff_hsx_symbol_daily_v1,36b3bc67cf9ed098b5c9f3432352fc554d544f602580e943beacdb1365486ff9
2026-04-02,NVL,HOSE,2696280000.0,5334815000.0,-2638535000.0,194600.0,383130.0,-188530.0,0.0,0.0,0.0,0.0,13900.0,14150.0,13750.0,13900.0,13900.0,HSX_FOREIGN_API,HOSE_SYMBOL_LEVEL,VND,2026-08-25T03:49:45Z,ff_hsx_symbol_daily_v1,393a925b17ec5ce8154005a9c3f6bbdb452f84382c8f26eca82469363374d0dc
2026-04-03,NVL,HOSE,80132370000.0,21291736150.0,58840633850.0,5589800.0,1467470.0,4122330.0,7201000000.0,3600500000.0,500000.0,250000.0,13900.0,14750.0,13900.0,14300.0,14350.0,HSX_FOREIGN_API,HOSE_SYMBOL_LEVEL,VND,2026-08-25T03:49:45Z,ff_hsx_symbol_daily_v1,cb9dda0b4a37bddba8e4b2af28ce1cd14f7614c928c55f9f7b4bbac70b1fe1d3
2026-04-06,NVL,HOSE,7061485000.0,34318265000.0,-27256780000.0,486100.0,2319700.0,-1833600.0,0.0,0.0,0.0,0.0,14400.0,15200.0,14350.0,14550.0,14700.0,HSX_FOREIGN_API,HOSE_SYMBOL_LEVEL,VND,2026-08-25T03:49:45Z,ff_hsx_symbol_daily_v1,259a30933a6b8e56f832059214a03da49a4d6f2789a1adafb4762ba0d2838649
2026-04-07,NVL,HOSE,7246420000.0,94938500.0,7151481500.0,504400.0,6642.0,497758.0,0.0,0.0,0.0,0.0,14750.0,14900.0,14000.0,14750.0,14450.0,HSX_FOREIGN_API,HOSE_SYMBOL_LEVEL,VND,2026-08-25T03:49:45Z,ff_hsx_symbol_daily_v1,d05d935238bae9d4e5d737b2119774385da4dcf1ef22516542c60ac82bc72b43
2026-04-08,NVL,HOSE,33645770000.0,25301116750.0,8344653250.0,2162000.0,1616009.0,545991.0,0.0,0.0,0.0,0.0,15200.0,15750.0,14900.0,15750.0,15500.0,HSX_FOREIGN_API,HOSE_SYMBOL_LEVEL,VND,2026-08-25T03:49:45Z,ff_hsx_symbol_daily_v1,720331ccfc26a025b8d912c40a147d4a366a8a6ddb6d0fa8874a3200d5310a5b
2026-04-09,NVL,HOSE,93437460000.0,31608338300.0,61829121700.0,5662550.0,1921914.0,3740636.0,0.0,0.0,0.0,0.0,15950.0,16850.0,15900.0,16700.0,16700.0,HSX_FOREIGN_API,HOSE_SYMBOL_LEVEL,VND,2026-08-25T03:49:45Z,ff_hsx_symbol_daily_v1,f6d93876385e38ced17c00bd9840805dc6618ba61e05a4e0b3a5e083bf8774e1
2026-04-10,NVL,HOSE,63035442500.0,12409592250.0,50625850250.0,3722270.0,721143.0,3001127.0,0.0,0.0,0.0,0.0,16950.0,17450.0,16600.0,16800.0,16950.0,HSX_FOREIGN_API,HOSE_SYMBOL_LEVEL,VND,2026-08-25T03:49:45Z,ff_hsx_symbol_daily_v1,e409741e9cca547eb91e2bd47d90384af3ba015c52925a863f7f19b7e5edfb6d
2026-04-13,NVL,HOSE,35060767300.0,67369614550.0,-32308847250.0,2063513.0,3921320.0,-1857807.0,0.0,0.0,0.0,0.0,16700.0,17500.0,16550.0,17200.0,17100.0,HSX_FOREIGN_API,HOSE_SYMBOL_LEVEL,VND,2026-08-25T03:49:45Z,ff_hsx_symbol_daily_v1,95ab46d57cc536268415cd77b30fba03d8189f181d73005882513ec70a352323
2026-04-14,NVL,HOSE,16582720000.0,56096970250.0,-39514250250.0,974600.0,3290308.0,-2315708.0,0.0,0.0,0.0,0.0,17350.0,17500.0,16700.0,17100.0,17000.0,HSX_FOREIGN_API,HOSE_SYMBOL_LEVEL,VND,2026-08-25T03:49:45Z,ff_hsx_symbol_daily_v1,b27acb676f6320358385a0b87bc2c9ad06385ebc0c3f4fda91628d1a3d045384
2026-04-15,NVL,HOSE,68814882200.0,38055116000.0,30759766200.0,3864716.0,2137402.0,1727314.0,0.0,0.0,0.0,0.0,17400.0,18200.0,17400.0,17500.0,17800.0,HSX_FOREIGN_API,HOSE_SYMBOL_LEVEL,VND,2026-08-25T03:49:45Z,ff_hsx_symbol_daily_v1,5ff5e379a5ed32dce3187142e723e7dd1213da015f36f187f6ce27c8d5549a89
2026-04-16,NVL,HOSE,62780967500.0,139208940000.0,-76427972500.0,3695400.0,8161400.0,-4466000.0,0.0,0.0,0.0,0.0,17500.0,17500.0,16650.0,17000.0,17000.0,HSX_FOREIGN_API,HOSE_SYMBOL_LEVEL,VND,2026-08-25T03:49:45Z,ff_hsx_symbol_daily_v1,4971a01e91925f0fd3678039de615726643669574d6f60ce4e92b4f206dfc28f
2026-04-17,NVL,HOSE,26677690000.0,15120050000.0,11557640000.0,1569100.0,882500.0,686600.0,0.0,0.0,0.0,0.0,17000.0,17450.0,16850.0,17050.0,17050.0,HSX_FOREIGN_API,HOSE_SYMBOL_LEVEL,VND,2026-08-25T03:49:45Z,ff_hsx_symbol_daily_v1,69d6cd05a17fb29e52c4ac9800fb41063a62892f0c0c5b9bc585ddb795c330eb
2026-04-20,NVL,HOSE,22779285000.0,12065547300.0,10713737700.0,1335800.0,708271.0,627529.0,0.0,0.0,0.0,0.0,17050.0,17250.0,16850.0,17150.0,17050.0,HSX_FOREIGN_API,HOSE_SYMBOL_LEVEL,VND,2026-08-25T03:49:45Z,ff_hsx_symbol_daily_v1,8d47a5d48782ae5b4e91e971629e0093a0deb73a66cae6e4259b0ce0a6f39427
2026-04-21,NVL,HOSE,62634374000.0,77497272450.0,-14862898450.0,3515820.0,4351399.0,-835579.0,0.0,0.0,0.0,0.0,17300.0,18100.0,17200.0,17700.0,17800.0,HSX_FOREIGN_API,HOSE_SYMBOL_LEVEL,VND,2026-08-25T03:49:45Z,ff_hsx_symbol_daily_v1,1189b57deba97f2c0cfee836475029e056cc4e8dbbe4766261d20d52b1dce77a
2026-04-22,NVL,HOSE,27460647500.0,55408896700.0,-27948249200.0,1488575.0,3040468.0,-1551893.0,0.0,0.0,0.0,0.0,17700.0,18750.0,17700.0,18750.0,18350.0,HSX_FOREIGN_API,HOSE_SYMBOL_LEVEL,VND,2026-08-25T03:49:45Z,ff_hsx_symbol_daily_v1,4597584f4450cdcf1ca4c2178a64df733938efe4bfd3f65e159bab86cc2dc8ea
2026-04-23,NVL,HOSE,122038350000.0,96884645000.0,25153705000.0,6342300.0,5026900.0,1315400.0,0.0,0.0,0.0,0.0,18900.0,19800.0,18850.0,19200.0,19300.0,HSX_FOREIGN_API,HOSE_SYMBOL_LEVEL,VND,2026-08-25T03:49:45Z,ff_hsx_symbol_daily_v1,74fba49716241d2e16ff269e74bf689e6d7fe512cb6566b2766b9af807230e99
2026-04-24,NVL,HOSE,91319240000.0,79630417950.0,11688822050.0,4816500.0,4139398.0,677102.0,0.0,0.0,0.0,0.0,19350.0,19700.0,18450.0,19450.0,19050.0,HSX_FOREIGN_API,HOSE_SYMBOL_LEVEL,VND,2026-08-25T03:49:45Z,ff_hsx_symbol_daily_v1,63525185bfdceeddc12e14c103fbfda830c35e73954dce415ccc875b440f82a7
2026-04-28,NVL,HOSE,158003763000.0,38952771000.0,119050992000.0,7921430.0,1942310.0,5979120.0,0.0,0.0,0.0,0.0,19450.0,20600.0,19100.0,20500.0,20000.0,HSX_FOREIGN_API,HOSE_SYMBOL_LEVEL,VND,2026-08-25T03:49:45Z,ff_hsx_symbol_daily_v1,3b29664a0dc61193c7f5d2f74281c3fdfb1a058eeca3057c3e5e24ceb8ad3ae7
2026-04-29,NVL,HOSE,8656365000.0,114039138150.0,-105382773150.0,422810.0,5553633.0,-5130823.0,0.0,0.0,0.0,0.0,20500.0,21000.0,20200.0,20500.0,20500.0,HSX_FOREIGN_API,HOSE_SYMBOL_LEVEL,VND,2026-08-25T03:49:45Z,ff_hsx_symbol_daily_v1,1a20f6e2b8168b6754cf8bb64f59c459b690b757b8c4175d3b8d559d19276200
2026-05-04,NVL,HOSE,13738982150.0,58095320000.0,-44356337850.0,681203.0,2975700.0,-2294497.0,0.0,0.0,0.0,0.0,20650.0,20700.0,19100.0,19100.0,19550.0,HSX_FOREIGN_API,HOSE_SYMBOL_LEVEL,VND,2026-08-25T03:49:45Z,ff_hsx_symbol_daily_v1,97e3a146b7cd0dbb8c6ff8a11f23151571da84dc47335e7c75488275bcf38526
2026-05-05,NVL,HOSE,8296270000.0,63343995000.0,-55047725000.0,463400.0,3534000.0,-3070600.0,555360000.0,1256680000.0,31200.0,70600.0,17800.0,18250.0,17800.0,17800.0,17850.0,HSX_FOREIGN_API,HOSE_SYMBOL_LEVEL,VND,2026-08-25T03:49:45Z,ff_hsx_symbol_daily_v1,d0a97d6308e61fb6f27118368f2b780067ce14d27d2dd72ba57129501b4c759d
2026-05-06,NVL,HOSE,70058819300.0,157413295000.0,-87354475700.0,4074298.0,9167300.0,-5093002.0,0.0,0.0,0.0,0.0,16600.0,17600.0,16600.0,17150.0,17000.0,HSX_FOREIGN_API,HOSE_SYMBOL_LEVEL,VND,2026-08-25T03:49:45Z,ff_hsx_symbol_daily_v1,d7bf5eecb79ce38120e43fb55165fe839277a19698786328e20f1b0bb05c3067
2026-05-07,NVL,HOSE,84007679900.0,37746620000.0,46261059900.0,5062576.0,2217400.0,2845176.0,0.0,0.0,0.0,0.0,17300.0,17550.0,16100.0,16550.0,16750.0,HSX_FOREIGN_API,HOSE_SYMBOL_LEVEL,VND,2026-08-25T03:49:45Z,ff_hsx_symbol_daily_v1,4d54bc1b078fa5dce6d014278104617ef1bebeb507a03fc8381d8e1e7f2f031f
2026-05-08,NVL,HOSE,40020437200.0,72315990000.0,-32295552800.0,2439306.0,4326900.0,-1887594.0,0.0,0.0,0.0,0.0,16550.0,17400.0,16000.0,17200.0,16650.0,HSX_FOREIGN_API,HOSE_SYMBOL_LEVEL,VND,2026-08-25T03:49:45Z,ff_hsx_symbol_daily_v1,3875c0b54c6296b73e7c033739a064958ee25bd0b41079b47ea3d1afba35ccd8
2026-05-11,NVL,HOSE,2169700000.0,54188930000.0,-52019230000.0,128800.0,3204000.0,-3075200.0,0.0,0.0,0.0,0.0,17100.0,17250.0,16600.0,16800.0,16900.0,HSX_FOREIGN_API,HOSE_SYMBOL_LEVEL,VND,2026-08-25T03:49:45Z,ff_hsx_symbol_daily_v1,1a47facfded361ea3cadca6039079329eae7894d4aad59d970956e6779509822
2026-05-12,NVL,HOSE,10449392500.0,59311465000.0,-48862072500.0,634750.0,3531600.0,-2896850.0,0.0,0.0,0.0,0.0,16800.0,17250.0,16200.0,16300.0,16700.0,HSX_FOREIGN_API,HOSE_SYMBOL_LEVEL,VND,2026-08-25T03:49:45Z,ff_hsx_symbol_daily_v1,bafbca8159c80b3f781de10b9ca4f437ca570103b5adc137990343d729f5e3a7
2026-05-13,NVL,HOSE,15835910000.0,25038474250.0,-9202564250.0,957700.0,1515485.0,-557785.0,0.0,0.0,0.0,0.0,16350.0,16800.0,16250.0,16700.0,16500.0,HSX_FOREIGN_API,HOSE_SYMBOL_LEVEL,VND,2026-08-25T03:49:45Z,ff_hsx_symbol_daily_v1,8e4959349c3484ed04519d330d72e4b0ae2b9acf6fb7615997ed82d24095b109
2026-05-14,NVL,HOSE,2325156500.0,21140239600.0,-18815083100.0,139801.0,1276324.0,-1136523.0,0.0,0.0,0.0,0.0,16800.0,16800.0,16450.0,16650.0,16550.0,HSX_FOREIGN_API,HOSE_SYMBOL_LEVEL,VND,2026-08-25T03:49:45Z,ff_hsx_symbol_daily_v1,b101536411feb9d8d01633af3e968acadf9b503359df7e7ef2e0ac39c4d9ea45
2026-05-15,NVL,HOSE,10503195000.0,48132765000.0,-37629570000.0,617100.0,2836900.0,-2219800.0,0.0,0.0,0.0,0.0,16700.0,17300.0,16500.0,17300.0,17050.0,HSX_FOREIGN_API,HOSE_SYMBOL_LEVEL,VND,2026-08-25T03:49:45Z,ff_hsx_symbol_daily_v1,c705ff1c9218dc991d41f30fa3a24122e575ed7a0e98bb8d24392e7cccf98b29
2026-05-18,NVL,HOSE,10626654200.0,26692801300.0,-16066147100.0,613502.0,1542731.0,-929229.0,0.0,0.0,0.0,0.0,17300.0,17600.0,17000.0,17150.0,17250.0,HSX_FOREIGN_API,HOSE_SYMBOL_LEVEL,VND,2026-08-25T03:49:45Z,ff_hsx_symbol_daily_v1,fb4535cebea7eefd04e0f1f7f599535be87bbe0ba8de9f8241da1fa1760bd28d
2026-05-19,NVL,HOSE,15871544000.0,3888660000.0,11982884000.0,953430.0,229800.0,723630.0,0.0,0.0,0.0,0.0,17150.0,17250.0,16350.0,16700.0,16750.0,HSX_FOREIGN_API,HOSE_SYMBOL_LEVEL,VND,2026-08-25T03:49:45Z,ff_hsx_symbol_daily_v1,aee04b0a15e8f3305dd0e549eac3cc26c2d5dacfd00250f5cf76437ab986c2d4
2026-05-20,NVL,HOSE,6128780000.0,15719054100.0,-9590274100.0,384700.0,970478.0,-585778.0,0.0,0.0,0.0,0.0,16700.0,16700.0,15550.0,15900.0,15750.0,HSX_FOREIGN_API,HOSE_SYMBOL_LEVEL,VND,2026-08-25T03:49:45Z,ff_hsx_symbol_daily_v1,c8e944302e2dc09d926e96879b4f030660f95f9af33df834fb820d996a9e27bc
2026-05-21,NVL,HOSE,16058655000.0,14456415000.0,1602240000.0,1041900.0,928610.0,113290.0,0.0,0.0,0.0,0.0,16150.0,16150.0,15250.0,15300.0,15550.0,HSX_FOREIGN_API,HOSE_SYMBOL_LEVEL,VND,2026-08-25T03:49:45Z,ff_hsx_symbol_daily_v1,cb99e74a8e87d055cd6926dc3cc6d7cc6556ae9519315dd9d22b3ef3d748235b
2026-05-22,NVL,HOSE,24065895000.0,11826653000.0,12239242000.0,1556900.0,763430.0,793470.0,0.0,0.0,0.0,0.0,15200.0,15750.0,15200.0,15500.0,15500.0,HSX_FOREIGN_API,HOSE_SYMBOL_LEVEL,VND,2026-08-25T03:49:45Z,ff_hsx_symbol_daily_v1,a65368c8e2b1fdae5fb6bcb22ff54579f924b44896f8a716944a750a12e43709
2026-05-25,NVL,HOSE,4361230000.0,2551802400.0,1809427600.0,278300.0,162628.0,115672.0,0.0,0.0,0.0,0.0,15650.0,16000.0,15450.0,15500.0,15700.0,HSX_FOREIGN_API,HOSE_SYMBOL_LEVEL,VND,2026-08-25T03:49:45Z,ff_hsx_symbol_daily_v1,767096a2236069a5aaa7c007364a670202dae613840c6e9ccf9c434470702535
2026-05-26,NVL,HOSE,2766334000.0,6624550000.0,-3858216000.0,177280.0,421100.0,-243820.0,0.0,0.0,0.0,0.0,15500.0,15950.0,15450.0,15550.0,15650.0,HSX_FOREIGN_API,HOSE_SYMBOL_LEVEL,VND,2026-08-25T03:49:45Z,ff_hsx_symbol_daily_v1,76320747e16f60e1cd9ef76d8c23ee56578b9e0fd89ea129723dacdf568b6b1f
2026-05-27,NVL,HOSE,32210420200.0,21062851000.0,11147569200.0,2127801.0,1364920.0,762881.0,0.0,0.0,0.0,0.0,15700.0,15700.0,14950.0,15400.0,15250.0,HSX_FOREIGN_API,HOSE_SYMBOL_LEVEL,VND,2026-08-25T03:49:45Z,ff_hsx_symbol_daily_v1,e49a6795e7dd665856423a5fc78e8d825d67d3f4914914f56f79899538b1765a
2026-05-28,NVL,HOSE,9827655000.0,6003655300.0,3823999700.0,645900.0,389211.0,256689.0,0.0,0.0,0.0,0.0,15450.0,15700.0,15050.0,15050.0,15300.0,HSX_FOREIGN_API,HOSE_SYMBOL_LEVEL,VND,2026-08-25T03:49:45Z,ff_hsx_symbol_daily_v1,d0e4f098259f5e2fdac587f0982b9e69083b359d5f24e8d0cff67ff5273654df
2026-05-29,NVL,HOSE,43883986850.0,13135451250.0,30748535600.0,2925937.0,871825.0,2054112.0,0.0,0.0,0.0,0.0,15000.0,15450.0,14700.0,15100.0,15050.0,HSX_FOREIGN_API,HOSE_SYMBOL_LEVEL,VND,2026-08-25T03:49:45Z,ff_hsx_symbol_daily_v1,d3302d73936bf3d400d968a01036af81219eb9dafed124a7e4e6aeaecfee40ef
2026-06-01,NVL,HOSE,10410595000.0,6680380000.0,3730215000.0,685300.0,438100.0,247200.0,0.0,0.0,0.0,0.0,15200.0,15450.0,14950.0,15250.0,15150.0,HSX_FOREIGN_API,HOSE_SYMBOL_LEVEL,VND,2026-08-25T03:49:45Z,ff_hsx_symbol_daily_v1,17b54736cf998b81c3335d150886837089e42f678904a6e102bd4505f01e76a6
2026-06-02,NVL,HOSE,12850825000.0,15100975000.0,-2250150000.0,883600.0,1000800.0,-117200.0,0.0,0.0,0.0,0.0,15200.0,15350.0,14200.0,14200.0,14500.0,HSX_FOREIGN_API,HOSE_SYMBOL_LEVEL,VND,2026-08-25T03:49:45Z,ff_hsx_symbol_daily_v1,7afc65dd0154a9ec99273e8d9aac6a931fcdecea270a11effb70d7b0d90abb12
2026-06-03,NVL,HOSE,93668175000.0,58100094550.0,35568080450.0,6909200.0,4267071.0,2642129.0,0.0,0.0,0.0,0.0,13800.0,14150.0,13250.0,13600.0,13550.0,HSX_FOREIGN_API,HOSE_SYMBOL_LEVEL,VND,2026-08-25T03:49:45Z,ff_hsx_symbol_daily_v1,96445c70a31fae6d747f218e7952f1c78f3a322bb1e3f1e387aa56c312679aa5
2026-06-04,NVL,HOSE,17577208700.0,8621912300.0,8955296400.0,1275601.0,623885.0,651716.0,0.0,0.0,0.0,0.0,13750.0,14000.0,13550.0,13850.0,13750.0,HSX_FOREIGN_API,HOSE_SYMBOL_LEVEL,VND,2026-08-25T03:49:45Z,ff_hsx_symbol_daily_v1,e35b052cca88deead98b201b8ec60ab6829f5da5753b3e33437de2c512b70ea9
2026-06-05,NVL,HOSE,19188786000.0,2071685000.0,17117101000.0,1394320.0,149400.0,1244920.0,0.0,0.0,0.0,0.0,13950.0,14000.0,13550.0,13550.0,13750.0,HSX_FOREIGN_API,HOSE_SYMBOL_LEVEL,VND,2026-08-25T03:49:45Z,ff_hsx_symbol_daily_v1,a1845a9e30442864c9cdadc1daa95a09757b68e9a6fdf577ee3edb926836759d
2026-06-08,NVL,HOSE,57384248500.0,25380315000.0,32003933500.0,4147465.0,1813800.0,2333665.0,0.0,0.0,0.0,0.0,13600.0,14200.0,13550.0,13850.0,13900.0,HSX_FOREIGN_API,HOSE_SYMBOL_LEVEL,VND,2026-08-25T03:49:45Z,ff_hsx_symbol_daily_v1,c0b94ad1c9f476d3e7350c92d3a95087c9aa71a3777f31b8dcc57330c07e6315
2026-06-09,NVL,HOSE,6116454000.0,15482860000.0,-9366406000.0,454580.0,1126100.0,-671520.0,0.0,0.0,0.0,0.0,13950.0,13950.0,13250.0,13250.0,13500.0,HSX_FOREIGN_API,HOSE_SYMBOL_LEVEL,VND,2026-08-25T03:49:45Z,ff_hsx_symbol_daily_v1,77c3a6a7217c64bcbe52a2523776dc812ad0d44cc80584d730f023207ee40c5b
2026-06-10,NVL,HOSE,10764073750.0,4806915000.0,5957158750.0,842525.0,374500.0,468025.0,0.0,0.0,0.0,0.0,12650.0,13200.0,12500.0,13200.0,12950.0,HSX_FOREIGN_API,HOSE_SYMBOL_LEVEL,VND,2026-08-25T03:49:45Z,ff_hsx_symbol_daily_v1,dfbc8c717c7a04552f0273d16b2ad56bef0ca5d57c567341f0a4a27c518eb127
2026-06-11,NVL,HOSE,8264310000.0,60763165800.0,-52498855800.0,617600.0,4555099.0,-3937499.0,0.0,0.0,0.0,0.0,13300.0,13550.0,13000.0,13000.0,13300.0,HSX_FOREIGN_API,HOSE_SYMBOL_LEVEL,VND,2026-08-25T03:49:45Z,ff_hsx_symbol_daily_v1,21d7f33ca3e9b8a53562d6f5e680026ea596368ecefe7d465ecf0c60c8eec0e8
2026-06-12,NVL,HOSE,9005195000.0,17949930000.0,-8944735000.0,687090.0,1370000.0,-682910.0,0.0,0.0,0.0,0.0,13250.0,13250.0,12900.0,13000.0,13100.0,HSX_FOREIGN_API,HOSE_SYMBOL_LEVEL,VND,2026-08-25T03:49:45Z,ff_hsx_symbol_daily_v1,ab54198f802f795c1b4f789b2245451a9c33a8746cfeaeb96575147d89896c10
2026-06-15,NVL,HOSE,5157000000.0,10507432000.0,-5350432000.0,392700.0,803820.0,-411120.0,0.0,0.0,0.0,0.0,13200.0,13400.0,13000.0,13250.0,13150.0,HSX_FOREIGN_API,HOSE_SYMBOL_LEVEL,VND,2026-08-25T03:49:45Z,ff_hsx_symbol_daily_v1,56d736a746e96a1bd946abec0cf9cd5f98a7fc89987dfccb87ec6095d0176c66
2026-06-16,NVL,HOSE,13630200000.0,17112910000.0,-3482710000.0,1019300.0,1276200.0,-256900.0,0.0,0.0,0.0,0.0,13300.0,13750.0,13150.0,13500.0,13450.0,HSX_FOREIGN_API,HOSE_SYMBOL_LEVEL,VND,2026-08-25T03:49:45Z,ff_hsx_symbol_daily_v1,b06269f49d252c329f544770ac53c7d1228995f06c8b85f10db9a200dfcd9974
2026-06-17,NVL,HOSE,205095000.0,19583983350.0,-19378888350.0,15100.0,1447143.0,-1432043.0,0.0,0.0,0.0,0.0,13500.0,13750.0,13350.0,13350.0,13500.0,HSX_FOREIGN_API,HOSE_SYMBOL_LEVEL,VND,2026-08-25T03:49:45Z,ff_hsx_symbol_daily_v1,c197548199e6a79632ffaf262f74f35244e4586df3b70d997b36ad93d8ff3f04
2026-06-18,NVL,HOSE,366630000.0,8553195000.0,-8186565000.0,27600.0,647600.0,-620000.0,0.0,0.0,0.0,0.0,13400.0,13500.0,13000.0,13300.0,13200.0,HSX_FOREIGN_API,HOSE_SYMBOL_LEVEL,VND,2026-08-25T03:49:45Z,ff_hsx_symbol_daily_v1,f1a32297cf820ca7c68e2093aa8841d9549f1630fa7cfe3679beedd96e6fbbad
2026-06-19,NVL,HOSE,7430985000.0,27199016800.0,-19768031800.0,573400.0,2080897.0,-1507497.0,0.0,0.0,0.0,0.0,13300.0,13500.0,12900.0,12900.0,13100.0,HSX_FOREIGN_API,HOSE_SYMBOL_LEVEL,VND,2026-08-25T03:49:45Z,ff_hsx_symbol_daily_v1,de70f6251ccada9b0cb4ce58a62176d1c4755651cd969d917d928e92807785bf
2026-06-22,NVL,HOSE,19448490000.0,10070725000.0,9377765000.0,1525400.0,791700.0,733700.0,0.0,0.0,0.0,0.0,12900.0,12950.0,12550.0,12950.0,12750.0,HSX_FOREIGN_API,HOSE_SYMBOL_LEVEL,VND,2026-08-25T03:49:45Z,ff_hsx_symbol_daily_v1,deb5f67bc398ca7565c1cee88d3cca27a23616491d58591a7ca2150af713aa9c
2026-06-23,NVL,HOSE,2981114300.0,33790005000.0,-30808890700.0,236217.0,2681500.0,-2445283.0,0.0,0.0,0.0,0.0,12750.0,12950.0,12300.0,12300.0,12550.0,HSX_FOREIGN_API,HOSE_SYMBOL_LEVEL,VND,2026-08-25T03:49:45Z,ff_hsx_symbol_daily_v1,9c721626c4ac0cf40779ad854ee59e80a9e6fade5375cfe93a8a79d7e8917e0b
2026-06-24,NVL,HOSE,44121510000.0,12083439300.0,32038070700.0,3600700.0,974570.0,2626130.0,0.0,0.0,0.0,0.0,12300.0,13000.0,11800.0,12950.0,12500.0,HSX_FOREIGN_API,HOSE_SYMBOL_LEVEL,VND,2026-08-25T03:49:45Z,ff_hsx_symbol_daily_v1,7bb31b61f0d1292e7f6601c0a3fae2fdaf6b28ba555fb12aac58cf2f08fc65a1
2026-06-25,NVL,HOSE,71140000.0,30319990000.0,-30248850000.0,5600.0,2378000.0,-2372400.0,0.0,0.0,0.0,0.0,13000.0,13000.0,12650.0,12650.0,12750.0,HSX_FOREIGN_API,HOSE_SYMBOL_LEVEL,VND,2026-08-25T03:49:45Z,ff_hsx_symbol_daily_v1,b96b8c6839c36fd4edb4d8f3f0dcd3529a720dab5f965ea6b795e78d9ad4c7bb
2026-06-26,NVL,HOSE,19820597900.0,8703365000.0,11117232900.0,1576154.0,688100.0,888054.0,0.0,0.0,0.0,0.0,12750.0,12750.0,12500.0,12550.0,12600.0,HSX_FOREIGN_API,HOSE_SYMBOL_LEVEL,VND,2026-08-25T03:49:45Z,ff_hsx_symbol_daily_v1,f2c4f6aff0f116b05764516e1845851176f7af33dfd717413ffc9e0d932ff254
2026-06-29,NVL,HOSE,3716824000.0,12684765000.0,-8967941000.0,296320.0,1016500.0,-720180.0,0.0,0.0,0.0,0.0,12550.0,12650.0,12350.0,12550.0,12450.0,HSX_FOREIGN_API,HOSE_SYMBOL_LEVEL,VND,2026-08-25T03:49:45Z,ff_hsx_symbol_daily_v1,4529f77b294b200f3bea7514b0392639ae11b47ce8345fd76678efe3502d85e8
2026-06-30,NVL,HOSE,5998160000.0,1821970000.0,4176190000.0,480100.0,145500.0,334600.0,0.0,0.0,0.0,0.0,12600.0,12650.0,12400.0,12400.0,12500.0,HSX_FOREIGN_API,HOSE_SYMBOL_LEVEL,VND,2026-08-25T03:49:45Z,ff_hsx_symbol_daily_v1,aeb53acc246ba1934abd3d169d45561fed1f44a2f8346a6c1a3caa47464079a8
2026-07-01,NVL,HOSE,12776311050.0,23242245000.0,-10465933950.0,1019529.0,1826700.0,-807171.0,0.0,0.0,0.0,0.0,12400.0,12850.0,12400.0,12550.0,12650.0,HSX_FOREIGN_API,HOSE_SYMBOL_LEVEL,VND,2026-08-25T03:49:45Z,ff_hsx_symbol_daily_v1,e9a7845b4930bc12af55ef0de773224d959e4c1f19042e6d6671f8a01d27b6c8
2026-07-02,NVL,HOSE,1731200000.0,10535910000.0,-8804710000.0,138500.0,840200.0,-701700.0,0.0,0.0,0.0,0.0,12550.0,12700.0,12450.0,12450.0,12550.0,HSX_FOREIGN_API,HOSE_SYMBOL_LEVEL,VND,2026-08-25T03:49:45Z,ff_hsx_symbol_daily_v1,7e987f1053694c3451da9af6d499a021b6481d62a9aa116cb6fa935ec0970911
2026-07-03,NVL,HOSE,38454000.0,9701635000.0,-9663181000.0,3110.0,787600.0,-784490.0,0.0,0.0,0.0,0.0,12450.0,12600.0,12200.0,12300.0,12300.0,HSX_FOREIGN_API,HOSE_SYMBOL_LEVEL,VND,2026-08-25T03:49:45Z,ff_hsx_symbol_daily_v1,62ed8ef8d49e5e3b2f88faa5d00d016a9429c247d2bc26acd89a4a455858141f
2026-07-06,NVL,HOSE,9233529000.0,21085680000.0,-11852151000.0,784350.0,1736100.0,-951750.0,0.0,0.0,0.0,0.0,12300.0,12450.0,11700.0,12350.0,12050.0,HSX_FOREIGN_API,HOSE_SYMBOL_LEVEL,VND,2026-08-25T03:49:45Z,ff_hsx_symbol_daily_v1,809e92b47ff78abeaf561652eaf5c1c7fa166a116c843fc2a766d35be23179b0
2026-07-07,NVL,HOSE,18038245000.0,6080375000.0,11957870000.0,1468100.0,493600.0,974500.0,0.0,0.0,0.0,0.0,12250.0,12550.0,12100.0,12550.0,12350.0,HSX_FOREIGN_API,HOSE_SYMBOL_LEVEL,VND,2026-08-25T03:49:45Z,ff_hsx_symbol_daily_v1,be220a68f9d7a19efc9020e75c9c341e23a989578f13d1aa0ff976751f025acf
2026-07-08,NVL,HOSE,30598775000.0,8027955000.0,22570820000.0,2413600.0,632200.0,1781400.0,0.0,0.0,0.0,0.0,12500.0,12850.0,12400.0,12650.0,12700.0,HSX_FOREIGN_API,HOSE_SYMBOL_LEVEL,VND,2026-08-25T03:49:45Z,ff_hsx_symbol_daily_v1,cbd68052b12932ef3603e223e5c8495524bc821dda32910c984a0d82598cbf2b
2026-07-09,NVL,HOSE,8014823000.0,8683120000.0,-668297000.0,639449.0,690900.0,-51451.0,0.0,0.0,0.0,0.0,12600.0,12700.0,12400.0,12450.0,12550.0,HSX_FOREIGN_API,HOSE_SYMBOL_LEVEL,VND,2026-08-25T03:49:45Z,ff_hsx_symbol_daily_v1,7a2211477b4ffe8a78fc62c083fa0a120b7f3eea6fb70ad0b55a95866e127ad9
2026-07-10,NVL,HOSE,24572092750.0,1074557000.0,23497535750.0,1952155.0,85720.0,1866435.0,0.0,0.0,0.0,0.0,12400.0,12750.0,12350.0,12350.0,12550.0,HSX_FOREIGN_API,HOSE_SYMBOL_LEVEL,VND,2026-08-25T03:49:45Z,ff_hsx_symbol_daily_v1,c9c3d2e36dd4715c72d95ce51140297266a4e2fa5f3ec5b0d71b2d7bb49e8e90
2026-07-13,NVL,HOSE,23073403600.0,17700546100.0,5372857500.0,1885888.0,1449331.0,436557.0,0.0,0.0,0.0,0.0,12350.0,12600.0,12050.0,12150.0,12250.0,HSX_FOREIGN_API,HOSE_SYMBOL_LEVEL,VND,2026-08-25T03:49:45Z,ff_hsx_symbol_daily_v1,5175d6766b778883df7b00c85c825a80c4777bbe5c6cf9bea1f4efcfbcbb9240
2026-07-14,NVL,HOSE,14642775000.0,14259303350.0,383471650.0,1203700.0,1170728.0,32972.0,0.0,0.0,0.0,0.0,12150.0,12350.0,11950.0,12200.0,12150.0,HSX_FOREIGN_API,HOSE_SYMBOL_LEVEL,VND,2026-08-25T03:49:45Z,ff_hsx_symbol_daily_v1,8e8fd75365d98f6495de31732501f7453670b47f848d94bdbe29862242e0622b
2026-07-15,NVL,HOSE,13038657250.0,26485526400.0,-13446869150.0,1085519.0,2200100.0,-1114581.0,1180406400.0,1180406400.0,98400.0,98400.0,12150.0,12300.0,11850.0,11850.0,12000.0,HSX_FOREIGN_API,HOSE_SYMBOL_LEVEL,VND,2026-08-25T03:49:45Z,ff_hsx_symbol_daily_v1,a2be57519fb3825465a580dbcc5e0ddd294d18eba357d2b85a376e71deaf69ab
2026-07-16,NVL,HOSE,55155265000.0,10532605000.0,44622660000.0,4617800.0,861400.0,3756400.0,0.0,0.0,0.0,0.0,11850.0,12650.0,11450.0,12650.0,12150.0,HSX_FOREIGN_API,HOSE_SYMBOL_LEVEL,VND,2026-08-25T03:49:45Z,ff_hsx_symbol_daily_v1,84e11c9204bf232a1e57e6fd0456d7bde8baf9151a38cc30bc53e987e330baf1
2026-07-17,NVL,HOSE,18644650000.0,5379289000.0,13265361000.0,1476100.0,425720.0,1050380.0,0.0,0.0,0.0,0.0,12800.0,12800.0,12500.0,12650.0,12650.0,HSX_FOREIGN_API,HOSE_SYMBOL_LEVEL,VND,2026-08-25T03:49:45Z,ff_hsx_symbol_daily_v1,365f78860bf3c209e92633efdfa49cad97cbb009e84c3c9c703b1b71f2cb9155
2026-07-20,NVL,HOSE,26729345000.0,2938344750.0,23791000250.0,2123100.0,235380.0,1887720.0,0.0,0.0,0.0,0.0,12500.0,13000.0,12200.0,12450.0,12500.0,HSX_FOREIGN_API,HOSE_SYMBOL_LEVEL,VND,2026-08-25T03:49:45Z,ff_hsx_symbol_daily_v1,8df7997679a243b58bdd603c430ef8c9b50461a278c6ba40288ef7b3c84d69cb
2026-07-21,NVL,HOSE,44769325000.0,9849940000.0,34919385000.0,3550488.0,783200.0,2767288.0,0.0,0.0,0.0,0.0,12300.0,12800.0,12300.0,12600.0,12600.0,HSX_FOREIGN_API,HOSE_SYMBOL_LEVEL,VND,2026-08-25T03:49:45Z,ff_hsx_symbol_daily_v1,e39f55025d8b15f7d4b8b72f17e086c5b2edbf4f045728c091a1e55aaa8e1fb2
2026-07-22,NVL,HOSE,26970866600.0,16929810000.0,10041056600.0,2116120.0,1327600.0,788520.0,0.0,0.0,0.0,0.0,12650.0,12900.0,12550.0,12600.0,12700.0,HSX_FOREIGN_API,HOSE_SYMBOL_LEVEL,VND,2026-08-25T03:49:45Z,ff_hsx_symbol_daily_v1,bb7bd0d819ecaf19f03d3fe342f133feac622b774b9feb6449eb397e3ea870f5
2026-07-23,NVL,HOSE,10950856500.0,23393170000.0,-12442313500.0,876730.0,1874800.0,-998070.0,0.0,0.0,0.0,0.0,12650.0,12900.0,12150.0,12700.0,12500.0,HSX_FOREIGN_API,HOSE_SYMBOL_LEVEL,VND,2026-08-25T03:49:45Z,ff_hsx_symbol_daily_v1,30b7e254a446d8580e2b46a5277f94622d3365b791c4ec1ddf1105018e27d5c5
2026-07-24,NVL,HOSE,3605825000.0,20176390000.0,-16570565000.0,279050.0,1551600.0,-1272550.0,0.0,0.0,0.0,0.0,12600.0,13350.0,12500.0,12950.0,12950.0,HSX_FOREIGN_API,HOSE_SYMBOL_LEVEL,VND,2026-08-25T03:49:45Z,ff_hsx_symbol_daily_v1,c2839f29e84085f9d48c53afd891002232cdd8cee220f9ba0adb8b98c8bc634c
2026-07-27,NVL,HOSE,9002445000.0,17989621150.0,-8987176150.0,693200.0,1390388.0,-697188.0,0.0,0.0,0.0,0.0,13050.0,13250.0,12700.0,12700.0,12900.0,HSX_FOREIGN_API,HOSE_SYMBOL_LEVEL,VND,2026-08-25T03:49:45Z,ff_hsx_symbol_daily_v1,258c725cf8c5d6f3190ebe835accd1ed3ade5f07ce596b40d15ad7b8825d403b
2026-07-28,NVL,HOSE,9020205000.0,56674220000.0,-47654015000.0,722400.0,4497300.0,-3774900.0,0.0,0.0,0.0,0.0,12400.0,12950.0,12300.0,12950.0,12650.0,HSX_FOREIGN_API,HOSE_SYMBOL_LEVEL,VND,2026-08-25T03:49:45Z,ff_hsx_symbol_daily_v1,e8961db7d31759d2e2ed2e6f6d2a9ce847f43dbdebabd688651d20a63d78948c
2026-07-29,NVL,HOSE,688980000.0,38944371250.0,-38255391250.0,54100.0,3074435.0,-3020335.0,0.0,0.0,0.0,0.0,13000.0,13000.0,12300.0,12850.0,12650.0,HSX_FOREIGN_API,HOSE_SYMBOL_LEVEL,VND,2026-08-25T03:49:45Z,ff_hsx_symbol_daily_v1,1e2f5c69fbd1f29db2c18bfb9f33dfdad91271a1b29b6409a6fa2651b64789f8
2026-07-30,NVL,HOSE,1057839250.0,48363120000.0,-47305280750.0,82107.0,3762300.0,-3680193.0,0.0,0.0,0.0,0.0,12750.0,13050.0,12650.0,13000.0,12900.0,HSX_FOREIGN_API,HOSE_SYMBOL_LEVEL,VND,2026-08-25T03:49:45Z,ff_hsx_symbol_daily_v1,96b465217239db3a23c3cdf98aa4f285520bb9e07ffc731b66d17d095ae4fd55
2026-07-31,NVL,HOSE,5059965000.0,70439995000.0,-65380030000.0,380500.0,5329600.0,-4949100.0,0.0,0.0,0.0,0.0,13300.0,13500.0,13000.0,13000.0,13200.0,HSX_FOREIGN_API,HOSE_SYMBOL_LEVEL,VND,2026-08-25T03:49:45Z,ff_hsx_symbol_daily_v1,743a9ea4996e8d843f094823a6db8c755659a8e2d3ed8319b47a4e5e603139b9
2026-08-03,NVL,HOSE,7964095000.0,55657040000.0,-47692945000.0,609700.0,4268850.0,-3659150.0,0.0,0.0,0.0,0.0,12900.0,13300.0,12800.0,13150.0,13050.0,HSX_FOREIGN_API,HOSE_SYMBOL_LEVEL,VND,2026-08-25T03:49:45Z,ff_hsx_symbol_daily_v1,bb10291eb6b9d031d2f645317bef50612e210dc98dfc049e5eb74656a7b8c13d
2026-08-04,NVL,HOSE,9179400000.0,50270131850.0,-41090731850.0,692300.0,3792517.0,-3100217.0,0.0,0.0,0.0,0.0,13200.0,13400.0,13000.0,13400.0,13250.0,HSX_FOREIGN_API,HOSE_SYMBOL_LEVEL,VND,2026-08-25T03:49:45Z,ff_hsx_symbol_daily_v1,5e3dee8c7ad795d1fd66817f1c89eebbf1ebcd7ce56d915b65f79bd237cb38b2
2026-08-05,NVL,HOSE,135552667700.0,175108044400.0,-39555376700.0,9785100.0,12662316.0,-2877216.0,113436932700.0,113436932700.0,8191200.0,8191200.0,13450.0,14100.0,13450.0,13900.0,13850.0,HSX_FOREIGN_API,HOSE_SYMBOL_LEVEL,VND,2026-08-25T03:49:45Z,ff_hsx_symbol_daily_v1,206e1bc3c8f8d722d02bc4994bd4679d3c9a5d932fe8383a015a6e1329979352
2026-08-06,NVL,HOSE,9689954000.0,9655396300.0,34557700.0,692336.0,689937.0,2399.0,0.0,0.0,0.0,0.0,13900.0,14200.0,13650.0,13700.0,13950.0,HSX_FOREIGN_API,HOSE_SYMBOL_LEVEL,VND,2026-08-25T03:49:45Z,ff_hsx_symbol_daily_v1,770f5e450d646ae30b9e0979763c1f34534bbd775f3d5794bc3e959786d274cb
2026-08-07,NVL,HOSE,3640735000.0,5174923200.0,-1534188200.0,265000.0,376188.0,-111188.0,0.0,0.0,0.0,0.0,13600.0,13950.0,13600.0,13900.0,13800.0,HSX_FOREIGN_API,HOSE_SYMBOL_LEVEL,VND,2026-08-25T03:49:45Z,ff_hsx_symbol_daily_v1,d238b21933d073899f439aa415b92413609fc7672f48d1c42c26f2a6bbf3be92
2026-08-10,NVL,HOSE,2462090000.0,1059745000.0,1402345000.0,175700.0,75375.0,100325.0,0.0,0.0,0.0,0.0,13750.0,14250.0,13750.0,13900.0,14050.0,HSX_FOREIGN_API,HOSE_SYMBOL_LEVEL,VND,2026-08-25T03:49:45Z,ff_hsx_symbol_daily_v1,0638781ea045a297099dbee05002dc27946958e90e64e9ffc889d709ad351ef4
2026-08-11,NVL,HOSE,3950410000.0,963250000.0,2987160000.0,286900.0,70000.0,216900.0,0.0,0.0,0.0,0.0,13750.0,14000.0,13550.0,13550.0,13750.0,HSX_FOREIGN_API,HOSE_SYMBOL_LEVEL,VND,2026-08-25T03:49:45Z,ff_hsx_symbol_daily_v1,ee0c6df885bce751cc65ff434924c35206f7a96774c69a7fe49e5f03a5755d75
2026-08-12,NVL,HOSE,21627865000.0,602807500.0,21025057500.0,1571200.0,43974.0,1527226.0,0.0,0.0,0.0,0.0,13550.0,13900.0,13550.0,13550.0,13750.0,HSX_FOREIGN_API,HOSE_SYMBOL_LEVEL,VND,2026-08-25T03:49:45Z,ff_hsx_symbol_daily_v1,537b010634ea978448624e1e1a08f56105332eef7e0cea4adc4a926fa13a0aa3
2026-08-13,NVL,HOSE,4611785000.0,21580235000.0,-16968450000.0,338800.0,1584300.0,-1245500.0,0.0,0.0,0.0,0.0,13600.0,13750.0,13400.0,13400.0,13600.0,HSX_FOREIGN_API,HOSE_SYMBOL_LEVEL,VND,2026-08-25T03:49:45Z,ff_hsx_symbol_daily_v1,70b47f5c33610d22d6ebe9733a93fcf159deea820898d70389e44110aea8d307
2026-08-14,NVL,HOSE,5206603250.0,6832068400.0,-1625465150.0,391750.0,510401.0,-118651.0,0.0,0.0,0.0,0.0,13400.0,13700.0,13150.0,13250.0,13400.0,HSX_FOREIGN_API,HOSE_SYMBOL_LEVEL,VND,2026-08-25T03:49:45Z,ff_hsx_symbol_daily_v1,1f98f1c83a008bd19f803498104c960d2d2e93e3a59c2dafb1a0606d4154cbd1
2026-08-17,NVL,HOSE,26810480000.0,7028357250.0,19782122750.0,2022800.0,533350.0,1489450.0,0.0,0.0,0.0,0.0,13200.0,13500.0,13000.0,13200.0,13200.0,HSX_FOREIGN_API,HOSE_SYMBOL_LEVEL,VND,2026-08-25T03:49:45Z,ff_hsx_symbol_daily_v1,310e4189dc5d484a786744be103684ce38cf32f727be39fcb975f5c9f1b333c5
2026-08-18,NVL,HOSE,5636845000.0,5608215000.0,28630000.0,423800.0,422581.0,1219.0,0.0,0.0,0.0,0.0,13300.0,13550.0,13100.0,13200.0,13350.0,HSX_FOREIGN_API,HOSE_SYMBOL_LEVEL,VND,2026-08-25T03:49:45Z,ff_hsx_symbol_daily_v1,824ae539db64ba67fd8e4b68d8b1623bc4c824e387f61aba2267d5b94a6f2a62
2026-08-19,NVL,HOSE,2181983100.0,8325525000.0,-6143541900.0,167089.0,633000.0,-465911.0,0.0,0.0,0.0,0.0,13150.0,13400.0,12850.0,13000.0,13050.0,HSX_FOREIGN_API,HOSE_SYMBOL_LEVEL,VND,2026-08-25T03:49:45Z,ff_hsx_symbol_daily_v1,d426b3d9b07259b8c3631d95153c34850d88b7367c28a504507aa9bb3924b8b6
2026-08-20,NVL,HOSE,3045117400.0,21139647950.0,-18094530550.0,235264.0,1632801.0,-1397537.0,0.0,0.0,0.0,0.0,12900.0,13100.0,12800.0,13000.0,12950.0,HSX_FOREIGN_API,HOSE_SYMBOL_LEVEL,VND,2026-08-25T03:49:45Z,ff_hsx_symbol_daily_v1,1b869d3cefbf6016feb3ddaf35995118836a873641c01bf6444bf523029972ff
2026-08-21,NVL,HOSE,19816375000.0,2775505000.0,17040870000.0,1500100.0,212000.0,1288100.0,0.0,0.0,0.0,0.0,13000.0,13450.0,12900.0,13350.0,13200.0,HSX_FOREIGN_API,HOSE_SYMBOL_LEVEL,VND,2026-08-25T03:49:45Z,ff_hsx_symbol_daily_v1,3e7195dda551a5a2661b120b529ced9ba33566ef2876beff11bb4a3d0cf384ca
2026-08-24,NVL,HOSE,12419515000.0,461615500.0,11957899500.0,911700.0,33893.0,877807.0,0.0,0.0,0.0,0.0,13550.0,13800.0,13400.0,13550.0,13600.0,HSX_FOREIGN_API,HOSE_SYMBOL_LEVEL,VND,2026-08-25T03:49:45Z,ff_hsx_symbol_daily_v1,ff867ceeb9f9a8802997c2cb0402edee31d575ae0d62898b173e352b8ea5c10f
