trade_date,symbol,exchange,foreign_buy_value,foreign_sell_value,foreign_net_value,foreign_buy_volume,foreign_sell_volume,foreign_net_volume,biglot_buy_value,biglot_sell_value,biglot_buy_volume,biglot_sell_volume,open_price,high_price,low_price,close_price,average_price,source,source_scope,source_units,fetched_at,schema_version,row_hash
2023-08-07,SIP,HOSE,0.0,0.0,0.0,0.0,0.0,0.0,0.0,0.0,0.0,0.0,0.0,0.0,0.0,0.0,0.0,HSX_FOREIGN_API,HOSE_SYMBOL_LEVEL,VND,2026-08-25T04:21:07Z,ff_hsx_symbol_daily_v1,07a78c1e0b377201774235624174ec3901013a9c264d46c5b465db9f2af78773
2023-08-08,SIP,HOSE,0.0,0.0,0.0,0.0,0.0,0.0,0.0,0.0,0.0,0.0,133500.0,133500.0,129000.0,130300.0,130590.0,HSX_FOREIGN_API,HOSE_SYMBOL_LEVEL,VND,2026-08-25T04:21:07Z,ff_hsx_symbol_daily_v1,e13cfec4acc65f78a3ba5dc603c0840e4f4a078629795d81a6691cc712a94d92
2023-08-09,SIP,HOSE,25910000.0,2757260000.0,-2731350000.0,200.0,21500.0,-21300.0,0.0,0.0,0.0,0.0,131000.0,131000.0,125600.0,126500.0,128000.0,HSX_FOREIGN_API,HOSE_SYMBOL_LEVEL,VND,2026-08-25T04:21:07Z,ff_hsx_symbol_daily_v1,cc7e53b1e757f8eae69e2debbec06799881256ab40144765ea70b79a73cc9046
2023-08-10,SIP,HOSE,138920000.0,0.0,138920000.0,1100.0,0.0,1100.0,0.0,0.0,0.0,0.0,127000.0,128500.0,125600.0,126000.0,126520.0,HSX_FOREIGN_API,HOSE_SYMBOL_LEVEL,VND,2026-08-25T04:21:07Z,ff_hsx_symbol_daily_v1,826e87aed9ab8883b5416b28db9a5e7b65bc8a55c15f73b46a772a96b5d7adfc
2023-08-11,SIP,HOSE,37100000.0,37080000.0,20000.0,300.0,300.0,0.0,0.0,0.0,0.0,0.0,126000.0,126000.0,123500.0,124900.0,124510.0,HSX_FOREIGN_API,HOSE_SYMBOL_LEVEL,VND,2026-08-25T04:21:07Z,ff_hsx_symbol_daily_v1,9c0dbbb39a7fc02005e9813f4dbb30d7e25273e6c306770fcaf5e4bdd84fea31
2023-08-14,SIP,HOSE,0.0,247000000.0,-247000000.0,0.0,2000.0,-2000.0,0.0,0.0,0.0,0.0,125000.0,125000.0,123500.0,124000.0,124240.0,HSX_FOREIGN_API,HOSE_SYMBOL_LEVEL,VND,2026-08-25T04:21:07Z,ff_hsx_symbol_daily_v1,ed9a445231d462a6981ffe543b24795cbe4e1c388cdc15ca7f2bf2c8fdfb1ed3
2023-08-15,SIP,HOSE,124600000.0,0.0,124600000.0,1000.0,0.0,1000.0,0.0,0.0,0.0,0.0,123600.0,130100.0,123600.0,130000.0,127860.0,HSX_FOREIGN_API,HOSE_SYMBOL_LEVEL,VND,2026-08-25T04:21:07Z,ff_hsx_symbol_daily_v1,aabe66109fd167e7a6c509f2fd4928b18da6971216f1a215ae8c2d8df868921f
2023-08-16,SIP,HOSE,0.0,102040000.0,-102040000.0,0.0,800.0,-800.0,0.0,0.0,0.0,0.0,129900.0,129900.0,126000.0,128000.0,127270.0,HSX_FOREIGN_API,HOSE_SYMBOL_LEVEL,VND,2026-08-25T04:21:07Z,ff_hsx_symbol_daily_v1,2d537cfa30026a852d2e25551b0c597f071dac55e8e4db31e23f2c223c631511
2023-08-17,SIP,HOSE,231190000.0,0.0,231190000.0,1800.0,0.0,1800.0,0.0,0.0,0.0,0.0,128000.0,129900.0,127600.0,127600.0,128380.0,HSX_FOREIGN_API,HOSE_SYMBOL_LEVEL,VND,2026-08-25T04:21:07Z,ff_hsx_symbol_daily_v1,596ff0cee84298ff3f6816ee5f550bdba51d6b0718eedf0f177c47b0b8930405
2023-08-18,SIP,HOSE,0.0,0.0,0.0,0.0,0.0,0.0,0.0,0.0,0.0,0.0,127600.0,127600.0,121500.0,121700.0,124210.0,HSX_FOREIGN_API,HOSE_SYMBOL_LEVEL,VND,2026-08-25T04:21:07Z,ff_hsx_symbol_daily_v1,e33090fd415ddac3166077854582e775e2a61e2f37882bc7929b3dea17a550b3
2023-08-21,SIP,HOSE,0.0,0.0,0.0,0.0,0.0,0.0,0.0,0.0,0.0,0.0,121900.0,128500.0,120000.0,123000.0,122510.0,HSX_FOREIGN_API,HOSE_SYMBOL_LEVEL,VND,2026-08-25T04:21:07Z,ff_hsx_symbol_daily_v1,33c889c86f9838fa5b03d0b4dfb3ce18ff52c607c4da5b13940e57b9a7b3edf9
2023-08-22,SIP,HOSE,0.0,0.0,0.0,0.0,0.0,0.0,0.0,0.0,0.0,0.0,126500.0,126500.0,121000.0,122200.0,122290.0,HSX_FOREIGN_API,HOSE_SYMBOL_LEVEL,VND,2026-08-25T04:21:07Z,ff_hsx_symbol_daily_v1,b8db021df1e26e5e9308808e695b54830401dbadcb709ec329276fa9421b58f7
2023-08-23,SIP,HOSE,1992600000.0,125700000.0,1866900000.0,16200.0,1000.0,15200.0,0.0,0.0,0.0,0.0,125900.0,126000.0,121300.0,125800.0,124040.0,HSX_FOREIGN_API,HOSE_SYMBOL_LEVEL,VND,2026-08-25T04:21:07Z,ff_hsx_symbol_daily_v1,6f669b211f694a92a87712bcc0764cc019ae581524789bb6093e55141cc3a56a
2023-08-24,SIP,HOSE,0.0,0.0,0.0,0.0,0.0,0.0,0.0,0.0,0.0,0.0,125800.0,127500.0,124000.0,127500.0,126400.0,HSX_FOREIGN_API,HOSE_SYMBOL_LEVEL,VND,2026-08-25T04:21:07Z,ff_hsx_symbol_daily_v1,be5e258c4272c3b9cca01f6e75fb3e3e8c11eb7b399d315770cbe2520315d3ad
2023-08-25,SIP,HOSE,0.0,51960000.0,-51960000.0,0.0,400.0,-400.0,0.0,0.0,0.0,0.0,128400.0,132000.0,127800.0,131200.0,129150.0,HSX_FOREIGN_API,HOSE_SYMBOL_LEVEL,VND,2026-08-25T04:21:07Z,ff_hsx_symbol_daily_v1,eafc095098ef876344b46d77db68007bc34708e7c44de3af7642d3698fa7d3a0
2023-08-28,SIP,HOSE,132400000.0,134450000.0,-2050000.0,1000.0,1000.0,0.0,0.0,0.0,0.0,0.0,133200.0,134800.0,132000.0,132400.0,133830.0,HSX_FOREIGN_API,HOSE_SYMBOL_LEVEL,VND,2026-08-25T04:21:07Z,ff_hsx_symbol_daily_v1,4004e153bdeda3b067da7cdb701e750fd5b6d619c25647b81b7d88863187b176
2023-08-29,SIP,HOSE,1242800000.0,0.0,1242800000.0,9300.0,0.0,9300.0,0.0,0.0,0.0,0.0,134900.0,134900.0,132000.0,132500.0,132760.0,HSX_FOREIGN_API,HOSE_SYMBOL_LEVEL,VND,2026-08-25T04:21:07Z,ff_hsx_symbol_daily_v1,610aa4f33451cccf49a720704f13ba42e5e079dc935f03d34b14c11b154f507d
2023-08-30,SIP,HOSE,645920000.0,0.0,645920000.0,4840.0,0.0,4840.0,0.0,0.0,0.0,0.0,133900.0,134000.0,132000.0,132100.0,132800.0,HSX_FOREIGN_API,HOSE_SYMBOL_LEVEL,VND,2026-08-25T04:21:07Z,ff_hsx_symbol_daily_v1,b0682e81877001bfcf310e968696911e66d82127d5d8a65f0577298d6d5e5c57
2023-08-31,SIP,HOSE,397790000.0,411070000.0,-13280000.0,3000.0,3100.0,-100.0,0.0,0.0,0.0,0.0,133000.0,134000.0,131500.0,133000.0,132650.0,HSX_FOREIGN_API,HOSE_SYMBOL_LEVEL,VND,2026-08-25T04:21:07Z,ff_hsx_symbol_daily_v1,b80e0dc34091cb9336ed817cca033039a9e66f0cea1a16faba2bee5c43bd6124
2023-09-05,SIP,HOSE,1043120000.0,1558070000.0,-514950000.0,7700.0,11500.0,-3800.0,0.0,0.0,0.0,0.0,135000.0,136500.0,134000.0,136500.0,135430.0,HSX_FOREIGN_API,HOSE_SYMBOL_LEVEL,VND,2026-08-25T04:21:07Z,ff_hsx_symbol_daily_v1,3728f68259e46e83040fb994f1f50e106675eea53229ac1bc430fd1ef349c8c0
2023-09-06,SIP,HOSE,702742000.0,453390000.0,249352000.0,5120.0,3300.0,1820.0,0.0,0.0,0.0,0.0,137500.0,138200.0,136000.0,136500.0,136950.0,HSX_FOREIGN_API,HOSE_SYMBOL_LEVEL,VND,2026-08-25T04:21:07Z,ff_hsx_symbol_daily_v1,e991f0eae9d532db5feef0f4f728348c6f2f59c659aca3f5e05f68a207e1e4ed
2023-09-07,SIP,HOSE,49010000.0,1137600000.0,-1088590000.0,700.0,16000.0,-15300.0,0.0,0.0,0.0,0.0,71500.0,71900.0,69000.0,69500.0,70260.0,HSX_FOREIGN_API,HOSE_SYMBOL_LEVEL,VND,2026-08-25T04:21:07Z,ff_hsx_symbol_daily_v1,34f7bbb7e3efdc68e320fec5394dc7c3d094e78edca88ec6b1db88b4fd416721
2023-09-08,SIP,HOSE,528590000.0,13800000.0,514790000.0,7600.0,200.0,7400.0,0.0,0.0,0.0,0.0,69500.0,70200.0,68500.0,69400.0,69440.0,HSX_FOREIGN_API,HOSE_SYMBOL_LEVEL,VND,2026-08-25T04:21:07Z,ff_hsx_symbol_daily_v1,669cfad766a04771d584abaae109481e37c2bd802ae4dae26538869cfd7970eb
2023-09-11,SIP,HOSE,0.0,447210000.0,-447210000.0,0.0,6500.0,-6500.0,0.0,0.0,0.0,0.0,69600.0,70200.0,66900.0,67800.0,68640.0,HSX_FOREIGN_API,HOSE_SYMBOL_LEVEL,VND,2026-08-25T04:21:07Z,ff_hsx_symbol_daily_v1,f6d6509c8628a86c3899aae4949fd4a48a3a167d20aa636e73ebab7ef5beb5e9
2023-09-12,SIP,HOSE,230270000.0,135680000.0,94590000.0,3400.0,2000.0,1400.0,0.0,0.0,0.0,0.0,67800.0,68400.0,67000.0,67800.0,67440.0,HSX_FOREIGN_API,HOSE_SYMBOL_LEVEL,VND,2026-08-25T04:21:07Z,ff_hsx_symbol_daily_v1,d692c5482727a5a43be735fd3809cdf59a14851ce076260935dde742296bfc38
2023-09-13,SIP,HOSE,383940000.0,114450000.0,269490000.0,5700.0,1700.0,4000.0,0.0,0.0,0.0,0.0,67800.0,68100.0,66700.0,66700.0,67370.0,HSX_FOREIGN_API,HOSE_SYMBOL_LEVEL,VND,2026-08-25T04:21:07Z,ff_hsx_symbol_daily_v1,560f925cd0599323b9426f6d78449e24e3fd592db5964e867734dcb614672094
2023-09-14,SIP,HOSE,0.0,0.0,0.0,0.0,0.0,0.0,0.0,0.0,0.0,0.0,66700.0,66700.0,65000.0,65000.0,65810.0,HSX_FOREIGN_API,HOSE_SYMBOL_LEVEL,VND,2026-08-25T04:21:07Z,ff_hsx_symbol_daily_v1,2b14d27c433f6051183c420da714e364579c5838772505db8d9adc0312307f4e
2023-09-15,SIP,HOSE,19800000.0,325000000.0,-305200000.0,300.0,5000.0,-4700.0,0.0,0.0,0.0,0.0,66000.0,67000.0,63800.0,63800.0,64390.0,HSX_FOREIGN_API,HOSE_SYMBOL_LEVEL,VND,2026-08-25T04:21:07Z,ff_hsx_symbol_daily_v1,9c3b7b75317f2da74a3dde08bd7c7acca39a9e9cc79936c16becdfbb5c7caacd
2023-09-18,SIP,HOSE,377600000.0,44800000.0,332800000.0,5900.0,700.0,5200.0,0.0,0.0,0.0,0.0,63800.0,64900.0,63000.0,63100.0,63660.0,HSX_FOREIGN_API,HOSE_SYMBOL_LEVEL,VND,2026-08-25T04:21:07Z,ff_hsx_symbol_daily_v1,909fe16fbf115707e3d7980337d2e8ce9335b95f6b71134e60ed8c77a115f111
2023-09-19,SIP,HOSE,0.0,6290000.0,-6290000.0,0.0,100.0,-100.0,0.0,0.0,0.0,0.0,63100.0,64300.0,62500.0,63300.0,63230.0,HSX_FOREIGN_API,HOSE_SYMBOL_LEVEL,VND,2026-08-25T04:21:07Z,ff_hsx_symbol_daily_v1,02427d52200c9472e3c7b755bad7cc9a0ab28fc79559b202bff7e1c5f91d13da
2023-09-20,SIP,HOSE,174150000.0,0.0,174150000.0,2700.0,0.0,2700.0,0.0,0.0,0.0,0.0,62700.0,65400.0,62700.0,64600.0,64510.0,HSX_FOREIGN_API,HOSE_SYMBOL_LEVEL,VND,2026-08-25T04:21:07Z,ff_hsx_symbol_daily_v1,66c5635d0c83e19d031f9aa27681c8a9bc9e0a065847c663e268a0b878e78632
2023-09-21,SIP,HOSE,66000000.0,0.0,66000000.0,1000.0,0.0,1000.0,0.0,0.0,0.0,0.0,65000.0,67000.0,64000.0,65100.0,65810.0,HSX_FOREIGN_API,HOSE_SYMBOL_LEVEL,VND,2026-08-25T04:21:07Z,ff_hsx_symbol_daily_v1,4ef73326db861a5e69d57d5fb5b2054b49139311f822c812c5fe2a66e815e637
2023-09-22,SIP,HOSE,0.0,4986530000.0,-4986530000.0,0.0,79300.0,-79300.0,0.0,0.0,0.0,0.0,64200.0,65000.0,61000.0,62900.0,63140.0,HSX_FOREIGN_API,HOSE_SYMBOL_LEVEL,VND,2026-08-25T04:21:07Z,ff_hsx_symbol_daily_v1,bd71c8ad15a5121302301571b5ab136cd07bc13a14efd625ed9bf8b986757230
2023-09-25,SIP,HOSE,6120000.0,0.0,6120000.0,100.0,0.0,100.0,0.0,0.0,0.0,0.0,63900.0,63900.0,60500.0,60500.0,62300.0,HSX_FOREIGN_API,HOSE_SYMBOL_LEVEL,VND,2026-08-25T04:21:07Z,ff_hsx_symbol_daily_v1,a1003e6968e87c533cddc454432eaccdec07aef23d0d051f806b149495416889
2023-09-26,SIP,HOSE,976600000.0,263560000.0,713040000.0,16000.0,4400.0,11600.0,0.0,0.0,0.0,0.0,59600.0,62000.0,59600.0,60400.0,60430.0,HSX_FOREIGN_API,HOSE_SYMBOL_LEVEL,VND,2026-08-25T04:21:07Z,ff_hsx_symbol_daily_v1,8f820721f27faac330f374c6482af5fe3f52bed74ad901f943085016870d2405
2023-09-27,SIP,HOSE,0.0,178500000.0,-178500000.0,0.0,3000.0,-3000.0,0.0,0.0,0.0,0.0,60400.0,61000.0,58600.0,61000.0,59780.0,HSX_FOREIGN_API,HOSE_SYMBOL_LEVEL,VND,2026-08-25T04:21:07Z,ff_hsx_symbol_daily_v1,0985a1a5652ff6293dd4ba2c3d65257d3b00acfb2f68c9eefeb10650fbf9887a
2023-09-28,SIP,HOSE,96000000.0,30500000.0,65500000.0,1600.0,500.0,1100.0,0.0,0.0,0.0,0.0,60300.0,62000.0,59600.0,60000.0,59990.0,HSX_FOREIGN_API,HOSE_SYMBOL_LEVEL,VND,2026-08-25T04:21:07Z,ff_hsx_symbol_daily_v1,e15c5c9f2ddda18eb6245e50cdcc5da3dcc4b076f1a49ed454caeb43c41ec7b7
2023-09-29,SIP,HOSE,12030000.0,662920000.0,-650890000.0,200.0,11000.0,-10800.0,0.0,0.0,0.0,0.0,60000.0,61300.0,60000.0,60700.0,60450.0,HSX_FOREIGN_API,HOSE_SYMBOL_LEVEL,VND,2026-08-25T04:21:07Z,ff_hsx_symbol_daily_v1,054c9b3804fa935e952eb6daff6f8c17560f3834dbff593c324106c378fd8f00
2023-10-02,SIP,HOSE,18200000.0,0.0,18200000.0,300.0,0.0,300.0,0.0,0.0,0.0,0.0,60000.0,61400.0,60000.0,61000.0,60970.0,HSX_FOREIGN_API,HOSE_SYMBOL_LEVEL,VND,2026-08-25T04:21:07Z,ff_hsx_symbol_daily_v1,6df5e969e323fbf99a60bcc1b3860eaff6de6ef76ec1a4c1e50d079c1978e331
2023-10-03,SIP,HOSE,17980000.0,0.0,17980000.0,300.0,0.0,300.0,0.0,0.0,0.0,0.0,60200.0,61000.0,59000.0,59500.0,59780.0,HSX_FOREIGN_API,HOSE_SYMBOL_LEVEL,VND,2026-08-25T04:21:07Z,ff_hsx_symbol_daily_v1,fded7da658ff9c59c43b239c3ea82cb1a304c6588effecbbc0025dba1438bb8a
2023-10-04,SIP,HOSE,29750000.0,862750000.0,-833000000.0,500.0,14600.0,-14100.0,0.0,0.0,0.0,0.0,58800.0,59600.0,58000.0,59400.0,59130.0,HSX_FOREIGN_API,HOSE_SYMBOL_LEVEL,VND,2026-08-25T04:21:07Z,ff_hsx_symbol_daily_v1,6b3b4e95fe59f23058ac92140e787201e44a655c9380c1d1d707ee772e766716
2023-10-05,SIP,HOSE,30000000.0,0.0,30000000.0,500.0,0.0,500.0,0.0,0.0,0.0,0.0,59500.0,60300.0,59200.0,59500.0,59780.0,HSX_FOREIGN_API,HOSE_SYMBOL_LEVEL,VND,2026-08-25T04:21:07Z,ff_hsx_symbol_daily_v1,5857d6a2f4c5656ebc150e1bafc9b5827feec22a9a0b8bc50452a6b36323bd35
2023-10-06,SIP,HOSE,252541200.0,0.0,252541200.0,4220.0,0.0,4220.0,0.0,0.0,0.0,0.0,59500.0,60500.0,58800.0,60000.0,59460.0,HSX_FOREIGN_API,HOSE_SYMBOL_LEVEL,VND,2026-08-25T04:21:07Z,ff_hsx_symbol_daily_v1,cd881b7f357b75ef0a20f481297cc73aa9eebfff05d800444209387c6238058c
2023-10-09,SIP,HOSE,0.0,30600000.0,-30600000.0,0.0,500.0,-500.0,0.0,0.0,0.0,0.0,60000.0,61500.0,59000.0,61000.0,60510.0,HSX_FOREIGN_API,HOSE_SYMBOL_LEVEL,VND,2026-08-25T04:21:07Z,ff_hsx_symbol_daily_v1,72105fbe947a100839a8364ec6e8290753ef9dd2b4a2eab0889d251db2c7e4e4
2023-10-10,SIP,HOSE,61200000.0,30490000.0,30710000.0,1000.0,500.0,500.0,0.0,0.0,0.0,0.0,60600.0,61800.0,60600.0,61300.0,61210.0,HSX_FOREIGN_API,HOSE_SYMBOL_LEVEL,VND,2026-08-25T04:21:07Z,ff_hsx_symbol_daily_v1,82632ed9ac691f38057fb5bdb87d9edc697aca3ee9503c2ef063f3560bc9f6ba
2023-10-11,SIP,HOSE,0.0,0.0,0.0,0.0,0.0,0.0,0.0,0.0,0.0,0.0,61700.0,61700.0,60000.0,60600.0,60930.0,HSX_FOREIGN_API,HOSE_SYMBOL_LEVEL,VND,2026-08-25T04:21:07Z,ff_hsx_symbol_daily_v1,25fa89aec0fe262c54ef3dc1f3c997d666ee2c20ad947adba7ed11f61389f46b
2023-10-12,SIP,HOSE,12620000.0,306390000.0,-293770000.0,200.0,5100.0,-4900.0,0.0,0.0,0.0,0.0,60500.0,63900.0,59600.0,62900.0,61520.0,HSX_FOREIGN_API,HOSE_SYMBOL_LEVEL,VND,2026-08-25T04:21:07Z,ff_hsx_symbol_daily_v1,d1eefc6b6e366f6a1520950cf205b199b57d26dcf951b26ef010d2f7b5aa7f25
2023-10-13,SIP,HOSE,0.0,470330000.0,-470330000.0,0.0,7600.0,-7600.0,0.0,0.0,0.0,0.0,62500.0,63800.0,61300.0,62900.0,62090.0,HSX_FOREIGN_API,HOSE_SYMBOL_LEVEL,VND,2026-08-25T04:21:07Z,ff_hsx_symbol_daily_v1,5ac2ea736fc4ff25fabc97ebd70873a656e707e57bb3b2b8a47f19b076314b69
2023-10-16,SIP,HOSE,0.0,24850000.0,-24850000.0,0.0,400.0,-400.0,0.0,0.0,0.0,0.0,63000.0,63000.0,61300.0,61400.0,62140.0,HSX_FOREIGN_API,HOSE_SYMBOL_LEVEL,VND,2026-08-25T04:21:07Z,ff_hsx_symbol_daily_v1,d328797d82b4edd933c7be2b83f1201b7093fbb2f78d5b14a3af7b14b6a2a43a
2023-10-17,SIP,HOSE,127870000.0,18350000.0,109520000.0,2100.0,300.0,1800.0,0.0,0.0,0.0,0.0,61500.0,61900.0,59000.0,59000.0,60490.0,HSX_FOREIGN_API,HOSE_SYMBOL_LEVEL,VND,2026-08-25T04:21:07Z,ff_hsx_symbol_daily_v1,faf65dd035e275ac89d02a24da4b4303eacdd99aa14483f51f7287f00967fffc
2023-10-18,SIP,HOSE,277190000.0,51090000.0,226100000.0,4900.0,900.0,4000.0,0.0,0.0,0.0,0.0,59100.0,59100.0,55000.0,55900.0,56540.0,HSX_FOREIGN_API,HOSE_SYMBOL_LEVEL,VND,2026-08-25T04:21:07Z,ff_hsx_symbol_daily_v1,a2b68ead2c6a707dc3d3e2afeab8b8f43608645d18b813bf7530521e0252bd29
2023-10-19,SIP,HOSE,49687000.0,32970000.0,16717000.0,906.0,600.0,306.0,0.0,0.0,0.0,0.0,56700.0,56700.0,53000.0,53000.0,54080.0,HSX_FOREIGN_API,HOSE_SYMBOL_LEVEL,VND,2026-08-25T04:21:07Z,ff_hsx_symbol_daily_v1,41597a304d40d90b51e4c48f68226af681828046e5324d0e0bc2797b36184f7c
2023-10-20,SIP,HOSE,0.0,599470000.0,-599470000.0,0.0,11600.0,-11600.0,0.0,0.0,0.0,0.0,53100.0,53800.0,50500.0,53500.0,51900.0,HSX_FOREIGN_API,HOSE_SYMBOL_LEVEL,VND,2026-08-25T04:21:07Z,ff_hsx_symbol_daily_v1,da4ca3b0abc2b151352319cda19369e1f07ed5b20f990467dc0d78906181d246
2023-10-23,SIP,HOSE,0.0,15800000.0,-15800000.0,0.0,300.0,-300.0,0.0,0.0,0.0,0.0,54000.0,54000.0,52000.0,53000.0,52860.0,HSX_FOREIGN_API,HOSE_SYMBOL_LEVEL,VND,2026-08-25T04:21:07Z,ff_hsx_symbol_daily_v1,eba53ff95203f40cbcecbc7bc3abb691a8302dbaeb71dbeb0337cb92d59c4293
2023-10-24,SIP,HOSE,0.0,74200000.0,-74200000.0,0.0,1400.0,-1400.0,0.0,0.0,0.0,0.0,53500.0,53500.0,52000.0,53100.0,53060.0,HSX_FOREIGN_API,HOSE_SYMBOL_LEVEL,VND,2026-08-25T04:21:07Z,ff_hsx_symbol_daily_v1,121d4481f2b16955fb31d95d9af465d8eba49cca177a40e7b892b5cea44b4d4d
2023-10-25,SIP,HOSE,0.0,171840000.0,-171840000.0,0.0,3200.0,-3200.0,0.0,0.0,0.0,0.0,53600.0,54000.0,52700.0,53100.0,53500.0,HSX_FOREIGN_API,HOSE_SYMBOL_LEVEL,VND,2026-08-25T04:21:07Z,ff_hsx_symbol_daily_v1,b6af0a4e5897629b5e98b5aedb44be3edad19fd4eff6d41d090f13b87e263d52
2023-10-26,SIP,HOSE,40640000.0,167000000.0,-126360000.0,800.0,3300.0,-2500.0,0.0,0.0,0.0,0.0,52500.0,52500.0,49850.0,50800.0,50920.0,HSX_FOREIGN_API,HOSE_SYMBOL_LEVEL,VND,2026-08-25T04:21:07Z,ff_hsx_symbol_daily_v1,b73a9fd91a77036d093d5eb20f49a08d98c92aa2ed4ffb88f57d419d1a636ef1
2023-10-27,SIP,HOSE,2603843100.0,20720000.0,2583123100.0,50050.0,400.0,49650.0,0.0,0.0,0.0,0.0,50900.0,53900.0,50900.0,53000.0,52070.0,HSX_FOREIGN_API,HOSE_SYMBOL_LEVEL,VND,2026-08-25T04:21:07Z,ff_hsx_symbol_daily_v1,5a55ca90f00ec1470af81254774327666936db8cc5f91c4a96b9e29ca9ec5969
2023-10-30,SIP,HOSE,530490000.0,0.0,530490000.0,10200.0,0.0,10200.0,0.0,0.0,0.0,0.0,52000.0,52900.0,51800.0,51800.0,52060.0,HSX_FOREIGN_API,HOSE_SYMBOL_LEVEL,VND,2026-08-25T04:21:07Z,ff_hsx_symbol_daily_v1,1fe70ab2783d940cf3ebc0ce05698d1ab095ffa762d93be463edcedb161c8bdd
2023-10-31,SIP,HOSE,30654000.0,30600000.0,54000.0,605.0,600.0,5.0,0.0,0.0,0.0,0.0,51800.0,52000.0,50100.0,51000.0,51090.0,HSX_FOREIGN_API,HOSE_SYMBOL_LEVEL,VND,2026-08-25T04:21:07Z,ff_hsx_symbol_daily_v1,00071cbd8b8af47500e54d5d30706678a39e3e7d67de8ab0b108deb69bc62ef1
2023-11-01,SIP,HOSE,97350000.0,0.0,97350000.0,1900.0,0.0,1900.0,0.0,0.0,0.0,0.0,50800.0,51900.0,50600.0,51200.0,51010.0,HSX_FOREIGN_API,HOSE_SYMBOL_LEVEL,VND,2026-08-25T04:21:07Z,ff_hsx_symbol_daily_v1,5b3a1c382916ceed2ce0ca17d9666bbb53b47f5724b6b903fa34dc027ce31233
2023-11-02,SIP,HOSE,0.0,0.0,0.0,0.0,0.0,0.0,0.0,0.0,0.0,0.0,51400.0,53500.0,51200.0,53000.0,52450.0,HSX_FOREIGN_API,HOSE_SYMBOL_LEVEL,VND,2026-08-25T04:21:07Z,ff_hsx_symbol_daily_v1,2fccb6b41b35779f03c66ec1390ab95d0271440d18c4e6789164c38f3a188f00
2023-11-03,SIP,HOSE,5300000.0,0.0,5300000.0,100.0,0.0,100.0,0.0,0.0,0.0,0.0,53000.0,53700.0,52700.0,53700.0,52950.0,HSX_FOREIGN_API,HOSE_SYMBOL_LEVEL,VND,2026-08-25T04:21:07Z,ff_hsx_symbol_daily_v1,209d68a80aff8ca05dee39c6bedbfc462b8cf7fafc5a7eeda0fedcf5ab5256ce
2023-11-06,SIP,HOSE,0.0,32140000.0,-32140000.0,0.0,600.0,-600.0,0.0,0.0,0.0,0.0,54000.0,54000.0,53400.0,53500.0,53650.0,HSX_FOREIGN_API,HOSE_SYMBOL_LEVEL,VND,2026-08-25T04:21:07Z,ff_hsx_symbol_daily_v1,d202f8e0a2b18a702bb2e9ad527286898d7103aa73c55b8d3b6b4cf5601e0773
2023-11-07,SIP,HOSE,90860000.0,0.0,90860000.0,1700.0,0.0,1700.0,0.0,0.0,0.0,0.0,53500.0,53800.0,53000.0,53300.0,53280.0,HSX_FOREIGN_API,HOSE_SYMBOL_LEVEL,VND,2026-08-25T04:21:07Z,ff_hsx_symbol_daily_v1,ad14c21a33e8219e61e25e43013c2ef416744fc93f998ff21b90c15aa7a334f1
2023-11-08,SIP,HOSE,64690000.0,0.0,64690000.0,1200.0,0.0,1200.0,0.0,0.0,0.0,0.0,53200.0,56500.0,53200.0,55400.0,54880.0,HSX_FOREIGN_API,HOSE_SYMBOL_LEVEL,VND,2026-08-25T04:21:07Z,ff_hsx_symbol_daily_v1,13eed6278811b385f31ee8935ab2d4aa61072509c0fb04d2f7bfd8e44cfd7780
2023-11-09,SIP,HOSE,0.0,196030000.0,-196030000.0,0.0,3500.0,-3500.0,0.0,0.0,0.0,0.0,55900.0,57500.0,55700.0,55700.0,56540.0,HSX_FOREIGN_API,HOSE_SYMBOL_LEVEL,VND,2026-08-25T04:21:07Z,ff_hsx_symbol_daily_v1,66303359a3024069da344cd7daa6cbd3e3659c4694bb9c23074a0d7aa4daa0e9
2023-11-10,SIP,HOSE,0.0,0.0,0.0,0.0,0.0,0.0,0.0,0.0,0.0,0.0,55700.0,57000.0,55700.0,55700.0,56490.0,HSX_FOREIGN_API,HOSE_SYMBOL_LEVEL,VND,2026-08-25T04:21:07Z,ff_hsx_symbol_daily_v1,6a69a0b58893afc3831fffa70fd62f03aabc6d7990448bfc137559fe6459dc6c
2023-11-13,SIP,HOSE,66690000.0,0.0,66690000.0,1200.0,0.0,1200.0,0.0,0.0,0.0,0.0,55700.0,55700.0,55000.0,55600.0,55310.0,HSX_FOREIGN_API,HOSE_SYMBOL_LEVEL,VND,2026-08-25T04:21:07Z,ff_hsx_symbol_daily_v1,ee0f38a755b07e79da8e82cfcd53b1ffe219d59dbab8d83e186e02e9636f3698
2023-11-14,SIP,HOSE,0.0,61520000.0,-61520000.0,0.0,1100.0,-1100.0,0.0,0.0,0.0,0.0,55500.0,57000.0,55300.0,56000.0,55710.0,HSX_FOREIGN_API,HOSE_SYMBOL_LEVEL,VND,2026-08-25T04:21:07Z,ff_hsx_symbol_daily_v1,f41e47371c979d6663cbc4d84e67ec5afae26427f349d9d30c57aad72e404a9a
2023-11-15,SIP,HOSE,0.0,0.0,0.0,0.0,0.0,0.0,0.0,0.0,0.0,0.0,57000.0,57300.0,56600.0,56900.0,56920.0,HSX_FOREIGN_API,HOSE_SYMBOL_LEVEL,VND,2026-08-25T04:21:07Z,ff_hsx_symbol_daily_v1,080a1a740df5a2d898e96dfe0a957712f45f6be2174d869505ae7739ba16313c
2023-11-16,SIP,HOSE,0.0,0.0,0.0,0.0,0.0,0.0,0.0,0.0,0.0,0.0,56900.0,57500.0,56400.0,57500.0,56910.0,HSX_FOREIGN_API,HOSE_SYMBOL_LEVEL,VND,2026-08-25T04:21:07Z,ff_hsx_symbol_daily_v1,41263a3b8358f0177576d81fcff1dc614add4c37b79bf2df727ed1cb4ab4d111
2023-11-17,SIP,HOSE,0.0,2328000.0,-2328000.0,0.0,40.0,-40.0,0.0,0.0,0.0,0.0,58200.0,59400.0,56400.0,57700.0,57860.0,HSX_FOREIGN_API,HOSE_SYMBOL_LEVEL,VND,2026-08-25T04:21:07Z,ff_hsx_symbol_daily_v1,03c61a4cd0f70d0641eb0fab3d20e0a9b640e1cad968074841459387d5fe635b
2023-11-20,SIP,HOSE,23320000.0,0.0,23320000.0,400.0,0.0,400.0,0.0,0.0,0.0,0.0,57400.0,58600.0,56200.0,58400.0,58010.0,HSX_FOREIGN_API,HOSE_SYMBOL_LEVEL,VND,2026-08-25T04:21:07Z,ff_hsx_symbol_daily_v1,50e6cac8dbfb1d03af7b156a6f1f9acb20074637767bf125ed2c624fde3d787d
2023-11-21,SIP,HOSE,0.0,0.0,0.0,0.0,0.0,0.0,0.0,0.0,0.0,0.0,58400.0,59100.0,58000.0,58600.0,58760.0,HSX_FOREIGN_API,HOSE_SYMBOL_LEVEL,VND,2026-08-25T04:21:07Z,ff_hsx_symbol_daily_v1,186511b95569a49553908c681646006d6099f73a63961fda0963944ecf44c3e2
2023-11-22,SIP,HOSE,30270000.0,2984030000.0,-2953760000.0,500.0,50000.0,-49500.0,0.0,0.0,0.0,0.0,59000.0,61000.0,58900.0,60000.0,59850.0,HSX_FOREIGN_API,HOSE_SYMBOL_LEVEL,VND,2026-08-25T04:21:07Z,ff_hsx_symbol_daily_v1,4babf5154e8e76ce101a572f3a98c468bd8c96c8e2a0361764a148387f9e8d04
2023-11-23,SIP,HOSE,0.0,6020000.0,-6020000.0,0.0,100.0,-100.0,0.0,0.0,0.0,0.0,60200.0,61000.0,56000.0,56000.0,59570.0,HSX_FOREIGN_API,HOSE_SYMBOL_LEVEL,VND,2026-08-25T04:21:07Z,ff_hsx_symbol_daily_v1,ea49132373dcef22909eb816302dd6d913e5b5655dc5da1c86642a470406eb4f
2023-11-24,SIP,HOSE,28050000.0,0.0,28050000.0,500.0,0.0,500.0,0.0,0.0,0.0,0.0,57100.0,58000.0,56000.0,58000.0,57110.0,HSX_FOREIGN_API,HOSE_SYMBOL_LEVEL,VND,2026-08-25T04:21:07Z,ff_hsx_symbol_daily_v1,369cd97f4255031b3ff238b4df7a08b7a51c56147d753903190ba8519bda20e0
2023-11-27,SIP,HOSE,11670000.0,0.0,11670000.0,200.0,0.0,200.0,0.0,0.0,0.0,0.0,59000.0,59000.0,57500.0,57800.0,58030.0,HSX_FOREIGN_API,HOSE_SYMBOL_LEVEL,VND,2026-08-25T04:21:07Z,ff_hsx_symbol_daily_v1,d9c4999a14d07b0df463b823dd64ae80169e40c54a5da458c4b40362940a218a
2023-11-28,SIP,HOSE,0.0,11460000.0,-11460000.0,0.0,200.0,-200.0,0.0,0.0,0.0,0.0,57800.0,57900.0,56500.0,57600.0,57100.0,HSX_FOREIGN_API,HOSE_SYMBOL_LEVEL,VND,2026-08-25T04:21:07Z,ff_hsx_symbol_daily_v1,9a9cd32cb534a8428c0518c8e661b8d3a684a78d6b6d718b1dacdc67a4115672
2023-11-29,SIP,HOSE,0.0,0.0,0.0,0.0,0.0,0.0,0.0,0.0,0.0,0.0,58000.0,58500.0,57600.0,58000.0,58020.0,HSX_FOREIGN_API,HOSE_SYMBOL_LEVEL,VND,2026-08-25T04:21:07Z,ff_hsx_symbol_daily_v1,7318901e6fdff2a8c650bb03ef3c9a71b8a7c9975516278c778d2bd2f63f75e0
2023-11-30,SIP,HOSE,1784600000.0,5900000.0,1778700000.0,30200.0,100.0,30100.0,0.0,0.0,0.0,0.0,58300.0,59800.0,58300.0,59100.0,59110.0,HSX_FOREIGN_API,HOSE_SYMBOL_LEVEL,VND,2026-08-25T04:21:07Z,ff_hsx_symbol_daily_v1,0290269a4c79a9910f354efb489f50fd3b1f3cd368525405f5369feaeba6b3ce
2023-12-01,SIP,HOSE,444700000.0,240090000.0,204610000.0,7600.0,4100.0,3500.0,0.0,0.0,0.0,0.0,59200.0,59200.0,58000.0,58500.0,58350.0,HSX_FOREIGN_API,HOSE_SYMBOL_LEVEL,VND,2026-08-25T04:21:07Z,ff_hsx_symbol_daily_v1,6caaaca1e298dc20345ee31cfd78f6e95d3fffb9b2d0d8674e81b252a390bd25
2023-12-04,SIP,HOSE,0.0,177720000.0,-177720000.0,0.0,3000.0,-3000.0,0.0,0.0,0.0,0.0,59700.0,59900.0,58700.0,59600.0,59470.0,HSX_FOREIGN_API,HOSE_SYMBOL_LEVEL,VND,2026-08-25T04:21:07Z,ff_hsx_symbol_daily_v1,9377fda1aa27d8eb353636e37b1b1ac3cbcf3cc2b2fb59907af0eca3f61887bf
2023-12-05,SIP,HOSE,2120080000.0,35900000.0,2084180000.0,35300.0,600.0,34700.0,0.0,0.0,0.0,0.0,59600.0,60500.0,59100.0,60400.0,59970.0,HSX_FOREIGN_API,HOSE_SYMBOL_LEVEL,VND,2026-08-25T04:21:07Z,ff_hsx_symbol_daily_v1,e836510b39936714c2e22582a7ddafeb80b9f29c27c09538577c5ce8c7979d1c
2023-12-06,SIP,HOSE,0.0,72000000.0,-72000000.0,0.0,1200.0,-1200.0,0.0,0.0,0.0,0.0,60800.0,60800.0,59900.0,60100.0,60070.0,HSX_FOREIGN_API,HOSE_SYMBOL_LEVEL,VND,2026-08-25T04:21:07Z,ff_hsx_symbol_daily_v1,8ed6ac5a9a3196831b50694f010cd333c23c94ecbf0b10886223266c9505fc40
2023-12-07,SIP,HOSE,111590000.0,47510000.0,64080000.0,1900.0,800.0,1100.0,0.0,0.0,0.0,0.0,60100.0,60100.0,58000.0,58500.0,58760.0,HSX_FOREIGN_API,HOSE_SYMBOL_LEVEL,VND,2026-08-25T04:21:07Z,ff_hsx_symbol_daily_v1,5a94340ce2be390107be18864d2bba837264c8dd89f5f81536e2dd44596618ad
2023-12-08,SIP,HOSE,0.0,0.0,0.0,0.0,0.0,0.0,0.0,0.0,0.0,0.0,58200.0,59700.0,58200.0,58500.0,58460.0,HSX_FOREIGN_API,HOSE_SYMBOL_LEVEL,VND,2026-08-25T04:21:07Z,ff_hsx_symbol_daily_v1,c1725d8892a2eb10c9fee7d385c2c3d71971e6144cf3c81d9576ebe09dd68f84
2023-12-11,SIP,HOSE,52560000.0,0.0,52560000.0,900.0,0.0,900.0,0.0,0.0,0.0,0.0,58600.0,58900.0,58100.0,58600.0,58350.0,HSX_FOREIGN_API,HOSE_SYMBOL_LEVEL,VND,2026-08-25T04:21:07Z,ff_hsx_symbol_daily_v1,971f8ce9f5351e5fabd96f5ddd3db514ab473802da6a0f9bb5d3ee08418015c0
2023-12-12,SIP,HOSE,5880000.0,0.0,5880000.0,100.0,0.0,100.0,0.0,0.0,0.0,0.0,58700.0,58800.0,58300.0,58700.0,58480.0,HSX_FOREIGN_API,HOSE_SYMBOL_LEVEL,VND,2026-08-25T04:21:07Z,ff_hsx_symbol_daily_v1,13b7d1c6f9bd636fd971cdc577dc07d0a36961a4975b6ae586f2fb45790445ed
2023-12-13,SIP,HOSE,0.0,0.0,0.0,0.0,0.0,0.0,0.0,0.0,0.0,0.0,58800.0,58800.0,57500.0,57500.0,57930.0,HSX_FOREIGN_API,HOSE_SYMBOL_LEVEL,VND,2026-08-25T04:21:07Z,ff_hsx_symbol_daily_v1,d7fa8736fa1c09a44c4ec5c08039d673cd4310666fd7a17255cedb44a17c5821
2023-12-14,SIP,HOSE,81040000.0,0.0,81040000.0,1400.0,0.0,1400.0,0.0,0.0,0.0,0.0,58600.0,58600.0,56000.0,57800.0,57640.0,HSX_FOREIGN_API,HOSE_SYMBOL_LEVEL,VND,2026-08-25T04:21:07Z,ff_hsx_symbol_daily_v1,5d62f62a6d32100afff784cef0204194284f9fc2ef162e56f939f3853bdc7277
2023-12-15,SIP,HOSE,0.0,0.0,0.0,0.0,0.0,0.0,0.0,0.0,0.0,0.0,57800.0,57800.0,57000.0,57800.0,57350.0,HSX_FOREIGN_API,HOSE_SYMBOL_LEVEL,VND,2026-08-25T04:21:07Z,ff_hsx_symbol_daily_v1,1c76794ed8966b7c0b10af392f2ba40c63c4928cf583e49bfb1603db50882ef0
2023-12-18,SIP,HOSE,109280000.0,0.0,109280000.0,1900.0,0.0,1900.0,0.0,0.0,0.0,0.0,56400.0,57900.0,56400.0,57200.0,57350.0,HSX_FOREIGN_API,HOSE_SYMBOL_LEVEL,VND,2026-08-25T04:21:07Z,ff_hsx_symbol_daily_v1,6b0e3205e51bab1f16d05fb8c6a84a66d54e2fa785fc49968cad6235e550778c
2023-12-19,SIP,HOSE,0.0,0.0,0.0,0.0,0.0,0.0,0.0,0.0,0.0,0.0,56500.0,58400.0,56500.0,58400.0,57290.0,HSX_FOREIGN_API,HOSE_SYMBOL_LEVEL,VND,2026-08-25T04:21:07Z,ff_hsx_symbol_daily_v1,ddf005b5d9536df684fab11a8d3da0d4ccd571a644f8a005bee0517aef2735d5
2023-12-20,SIP,HOSE,0.0,0.0,0.0,0.0,0.0,0.0,0.0,0.0,0.0,0.0,58000.0,58300.0,57200.0,58000.0,57930.0,HSX_FOREIGN_API,HOSE_SYMBOL_LEVEL,VND,2026-08-25T04:21:07Z,ff_hsx_symbol_daily_v1,02de58a5120f46ab240ecf55207751ee024ae7906f8c1ba96b83375f3b0142f2
2023-12-21,SIP,HOSE,0.0,51930000.0,-51930000.0,0.0,900.0,-900.0,0.0,0.0,0.0,0.0,57700.0,57900.0,57300.0,57900.0,57560.0,HSX_FOREIGN_API,HOSE_SYMBOL_LEVEL,VND,2026-08-25T04:21:07Z,ff_hsx_symbol_daily_v1,4576f92ced1d0ea73375088785955342b9e1fdb7d941a41a816d35593af675c4
2023-12-22,SIP,HOSE,0.0,0.0,0.0,0.0,0.0,0.0,0.0,0.0,0.0,0.0,58000.0,58000.0,57200.0,57900.0,57440.0,HSX_FOREIGN_API,HOSE_SYMBOL_LEVEL,VND,2026-08-25T04:21:07Z,ff_hsx_symbol_daily_v1,855ca64e105f79556ea651f451a361e3ecdc43589c280dc5350c4a16c0330e7f
2023-12-25,SIP,HOSE,0.0,867000000.0,-867000000.0,0.0,15000.0,-15000.0,0.0,0.0,0.0,0.0,58400.0,58400.0,57100.0,57900.0,57700.0,HSX_FOREIGN_API,HOSE_SYMBOL_LEVEL,VND,2026-08-25T04:21:07Z,ff_hsx_symbol_daily_v1,a42ef112092bf8a77ca88045df9ade36e7a3050c524d2e18e671e88a6484cfb4
2023-12-26,SIP,HOSE,588340000.0,134880000.0,453460000.0,10000.0,2300.0,7700.0,0.0,0.0,0.0,0.0,58000.0,59100.0,57900.0,58600.0,58590.0,HSX_FOREIGN_API,HOSE_SYMBOL_LEVEL,VND,2026-08-25T04:21:07Z,ff_hsx_symbol_daily_v1,b285bc91697d19a3adf219446fa8a656e639fe0a897237d8768b381f9766ab2b
2023-12-27,SIP,HOSE,0.0,0.0,0.0,0.0,0.0,0.0,0.0,0.0,0.0,0.0,58100.0,59000.0,57800.0,58500.0,58110.0,HSX_FOREIGN_API,HOSE_SYMBOL_LEVEL,VND,2026-08-25T04:21:07Z,ff_hsx_symbol_daily_v1,e5a561bb4ccc0e73d7a519a033df9dc2b118daa457c58091a707e6527bf3535c
2023-12-28,SIP,HOSE,0.0,106250000.0,-106250000.0,0.0,1700.0,-1700.0,0.0,0.0,0.0,0.0,58000.0,62500.0,58000.0,62500.0,61240.0,HSX_FOREIGN_API,HOSE_SYMBOL_LEVEL,VND,2026-08-25T04:21:07Z,ff_hsx_symbol_daily_v1,22531a31fdc9231862070485057014c434873a83882ee0eed579241cbb308dff
2023-12-29,SIP,HOSE,952980000.0,5734050000.0,-4781070000.0,15100.0,88900.0,-73800.0,0.0,0.0,0.0,0.0,63100.0,65300.0,63000.0,63600.0,64550.0,HSX_FOREIGN_API,HOSE_SYMBOL_LEVEL,VND,2026-08-25T04:21:07Z,ff_hsx_symbol_daily_v1,854509fc443c2203684eea89b948c3e87d4f16f57a33ef6d8d78009d827cca21
2024-01-02,SIP,HOSE,170440000.0,1638180000.0,-1467740000.0,2600.0,25100.0,-22500.0,0.0,0.0,0.0,0.0,65400.0,66600.0,64200.0,65100.0,65230.0,HSX_FOREIGN_API,HOSE_SYMBOL_LEVEL,VND,2026-08-25T04:21:07Z,ff_hsx_symbol_daily_v1,0a14e2e5caf898fbbd9ab5565b8b1c37f265381503151aa10b86bf2138c28740
2024-01-03,SIP,HOSE,622280000.0,1325310000.0,-703030000.0,9700.0,20600.0,-10900.0,0.0,0.0,0.0,0.0,65200.0,65500.0,63800.0,64300.0,64370.0,HSX_FOREIGN_API,HOSE_SYMBOL_LEVEL,VND,2026-08-25T04:21:07Z,ff_hsx_symbol_daily_v1,33c982cad7994df3ab9fdec0a46307825963781aeceb080719d456dc3ade2733
2024-01-04,SIP,HOSE,237520000.0,57640000.0,179880000.0,3700.0,900.0,2800.0,0.0,0.0,0.0,0.0,64900.0,65000.0,63600.0,64000.0,64090.0,HSX_FOREIGN_API,HOSE_SYMBOL_LEVEL,VND,2026-08-25T04:21:07Z,ff_hsx_symbol_daily_v1,d27d9058038e4eef923b56e6aa8301c10e74596bd02ed531835f04adf1a74978
2024-01-05,SIP,HOSE,0.0,32320000.0,-32320000.0,0.0,500.0,-500.0,0.0,0.0,0.0,0.0,65000.0,66400.0,64200.0,64700.0,64950.0,HSX_FOREIGN_API,HOSE_SYMBOL_LEVEL,VND,2026-08-25T04:21:07Z,ff_hsx_symbol_daily_v1,3e9c1222ae77d6297d82b1d70fb936b9ef5cd0a94603ccb100f3350302c8a6a7
2024-01-08,SIP,HOSE,32450000.0,0.0,32450000.0,500.0,0.0,500.0,0.0,0.0,0.0,0.0,65300.0,65500.0,64200.0,64400.0,64620.0,HSX_FOREIGN_API,HOSE_SYMBOL_LEVEL,VND,2026-08-25T04:21:07Z,ff_hsx_symbol_daily_v1,e02641032913794601b080ae4ce422f173cbf006dc027cc08c320925cc6f65e8
2024-01-09,SIP,HOSE,972970000.0,0.0,972970000.0,14800.0,0.0,14800.0,0.0,0.0,0.0,0.0,64400.0,67200.0,64400.0,67000.0,66140.0,HSX_FOREIGN_API,HOSE_SYMBOL_LEVEL,VND,2026-08-25T04:21:07Z,ff_hsx_symbol_daily_v1,bd752ad7f26a538db7c25973f3a3b2a7cbd94eb3d4da666a9d150b387a321a92
2024-01-10,SIP,HOSE,106920000.0,0.0,106920000.0,1600.0,0.0,1600.0,0.0,0.0,0.0,0.0,67500.0,67500.0,65500.0,65500.0,66370.0,HSX_FOREIGN_API,HOSE_SYMBOL_LEVEL,VND,2026-08-25T04:21:07Z,ff_hsx_symbol_daily_v1,19f80cfc3c3cb563af91704883e25890f116b4e2f6226060764963059dc8d18d
2024-01-11,SIP,HOSE,0.0,0.0,0.0,0.0,0.0,0.0,0.0,0.0,0.0,0.0,65500.0,65500.0,63000.0,63300.0,64140.0,HSX_FOREIGN_API,HOSE_SYMBOL_LEVEL,VND,2026-08-25T04:21:07Z,ff_hsx_symbol_daily_v1,dc5e96d088794e4b6bcd838bdb591eaba2f8fe126c4a6e603230660b072943dd
2024-01-12,SIP,HOSE,0.0,0.0,0.0,0.0,0.0,0.0,0.0,0.0,0.0,0.0,63000.0,64400.0,62400.0,62800.0,63070.0,HSX_FOREIGN_API,HOSE_SYMBOL_LEVEL,VND,2026-08-25T04:21:07Z,ff_hsx_symbol_daily_v1,98cee8d24957f0855da472ec2f5b50fb8eea1ffc23b17ad2a4280cc468d3e9bb
2024-01-15,SIP,HOSE,0.0,6280000.0,-6280000.0,0.0,100.0,-100.0,0.0,0.0,0.0,0.0,63300.0,63900.0,62500.0,62500.0,62940.0,HSX_FOREIGN_API,HOSE_SYMBOL_LEVEL,VND,2026-08-25T04:21:07Z,ff_hsx_symbol_daily_v1,3c0bc11c5f290cace883b8d8b6bc4d2b562f19310a359e6554a5ccc431300f77
2024-01-16,SIP,HOSE,0.0,3327100000.0,-3327100000.0,0.0,52800.0,-52800.0,0.0,0.0,0.0,0.0,63200.0,64000.0,62400.0,63300.0,62650.0,HSX_FOREIGN_API,HOSE_SYMBOL_LEVEL,VND,2026-08-25T04:21:07Z,ff_hsx_symbol_daily_v1,2f33efbf7c927e0c6a8196fd9ecc8f5feaa8c054e345d7263fae526e3174d829
2024-01-17,SIP,HOSE,0.0,9473640000.0,-9473640000.0,0.0,150000.0,-150000.0,0.0,0.0,0.0,0.0,64000.0,64000.0,62700.0,62700.0,63150.0,HSX_FOREIGN_API,HOSE_SYMBOL_LEVEL,VND,2026-08-25T04:21:07Z,ff_hsx_symbol_daily_v1,23c010bd52bb3fd83f61453d8f11941c9f83d5261efbbf30251a6b5ed53a7608
2024-01-18,SIP,HOSE,0.0,31900000.0,-31900000.0,0.0,500.0,-500.0,0.0,0.0,0.0,0.0,62700.0,64500.0,62700.0,64100.0,63790.0,HSX_FOREIGN_API,HOSE_SYMBOL_LEVEL,VND,2026-08-25T04:21:07Z,ff_hsx_symbol_daily_v1,b48981700fc223f64a18620a2d45b195fab720965e92d3766a486a7740f334cc
2024-01-19,SIP,HOSE,914580000.0,77890000.0,836690000.0,14000.0,1200.0,12800.0,0.0,0.0,0.0,0.0,64000.0,66000.0,63500.0,65000.0,65320.0,HSX_FOREIGN_API,HOSE_SYMBOL_LEVEL,VND,2026-08-25T04:21:07Z,ff_hsx_symbol_daily_v1,d4630063717b726a0bc3a9ae2d53600b42cdaa060cee1cf34fd3f13f8df7476e
2024-01-22,SIP,HOSE,112240000.0,203320000.0,-91080000.0,1700.0,3000.0,-1300.0,0.0,0.0,0.0,0.0,65300.0,69000.0,65000.0,69000.0,67110.0,HSX_FOREIGN_API,HOSE_SYMBOL_LEVEL,VND,2026-08-25T04:21:07Z,ff_hsx_symbol_daily_v1,d95ffdad1fb2330db5b66e64fb2ce022b8a3675e884bfa4e228ea05104ccc456
2024-01-23,SIP,HOSE,0.0,180340000.0,-180340000.0,0.0,2600.0,-2600.0,0.0,0.0,0.0,0.0,69200.0,71000.0,68700.0,68800.0,69680.0,HSX_FOREIGN_API,HOSE_SYMBOL_LEVEL,VND,2026-08-25T04:21:07Z,ff_hsx_symbol_daily_v1,ece0dc996744db3a8ce48c6513ce5c37943b05e40d5ad51d71a08eaddfe1c9b5
2024-01-24,SIP,HOSE,0.0,54910000.0,-54910000.0,0.0,800.0,-800.0,0.0,0.0,0.0,0.0,69200.0,69200.0,67600.0,67600.0,68170.0,HSX_FOREIGN_API,HOSE_SYMBOL_LEVEL,VND,2026-08-25T04:21:07Z,ff_hsx_symbol_daily_v1,0d84fce6cb229e65d3aa1cb61a7671f2bd01a7667d2bf5133f575d0373d2a568
2024-01-25,SIP,HOSE,242910000.0,259320000.0,-16410000.0,3500.0,3800.0,-300.0,0.0,0.0,0.0,0.0,68000.0,69500.0,67000.0,69500.0,68480.0,HSX_FOREIGN_API,HOSE_SYMBOL_LEVEL,VND,2026-08-25T04:21:07Z,ff_hsx_symbol_daily_v1,f246e06120ee22ce586734ceb433ac527a8b18ff9c8cf5c20cc69663dca25105
2024-01-26,SIP,HOSE,615470000.0,29080000.0,586390000.0,8500.0,400.0,8100.0,0.0,0.0,0.0,0.0,70000.0,72900.0,70000.0,72100.0,71780.0,HSX_FOREIGN_API,HOSE_SYMBOL_LEVEL,VND,2026-08-25T04:21:07Z,ff_hsx_symbol_daily_v1,1d309065993df4f9405852810f5a89e36ca59c6b9b6adc82285fdd6c32997360
2024-01-29,SIP,HOSE,11494670000.0,2077220000.0,9417450000.0,156000.0,28100.0,127900.0,0.0,0.0,0.0,0.0,72600.0,74300.0,72100.0,73800.0,73620.0,HSX_FOREIGN_API,HOSE_SYMBOL_LEVEL,VND,2026-08-25T04:21:07Z,ff_hsx_symbol_daily_v1,88700372732eda6b66a5bf1c9aa330bb818ca90dceaebcc4ac3336c326a84236
2024-01-30,SIP,HOSE,5745320000.0,1897450000.0,3847870000.0,77300.0,25600.0,51700.0,0.0,0.0,0.0,0.0,73900.0,76800.0,73500.0,75600.0,74920.0,HSX_FOREIGN_API,HOSE_SYMBOL_LEVEL,VND,2026-08-25T04:21:07Z,ff_hsx_symbol_daily_v1,2849b2ca2488d1bd39ddb84e4e316390f48c1b382743c6a656fac11e65a60248
2024-01-31,SIP,HOSE,1464830000.0,801460000.0,663370000.0,19100.0,10400.0,8700.0,0.0,0.0,0.0,0.0,75500.0,78500.0,75500.0,77500.0,76970.0,HSX_FOREIGN_API,HOSE_SYMBOL_LEVEL,VND,2026-08-25T04:21:07Z,ff_hsx_symbol_daily_v1,b3bb162923bb0563eadc9aca2467cbdaa1db465acec2c3b8d597ccabf355e8d1
2024-02-01,SIP,HOSE,1054580000.0,611910000.0,442670000.0,13331.0,7700.0,5631.0,0.0,0.0,0.0,0.0,77500.0,80000.0,77000.0,79000.0,79100.0,HSX_FOREIGN_API,HOSE_SYMBOL_LEVEL,VND,2026-08-25T04:21:07Z,ff_hsx_symbol_daily_v1,bc384036bab0a72736ae1102571a7b6b429898ae5e219e89cbdf83cc1ca665d8
2024-02-02,SIP,HOSE,4051770000.0,1252570000.0,2799200000.0,51400.0,15900.0,35500.0,0.0,0.0,0.0,0.0,79100.0,79700.0,77100.0,77800.0,78360.0,HSX_FOREIGN_API,HOSE_SYMBOL_LEVEL,VND,2026-08-25T04:21:07Z,ff_hsx_symbol_daily_v1,7881ea7b4f6eef367b3d71aa2d6f653a2072b44bf01e66a5646466481b7ade9a
2024-02-05,SIP,HOSE,10513610000.0,1259400000.0,9254210000.0,132400.0,16000.0,116400.0,0.0,0.0,0.0,0.0,77900.0,80600.0,77500.0,79800.0,79310.0,HSX_FOREIGN_API,HOSE_SYMBOL_LEVEL,VND,2026-08-25T04:21:07Z,ff_hsx_symbol_daily_v1,5741f2a79b65cb5fb46e95ed0996b27b6d3a6a6ad797a7e82f81e87c5ae7bb8f
2024-02-06,SIP,HOSE,213440000.0,0.0,213440000.0,2700.0,0.0,2700.0,0.0,0.0,0.0,0.0,80500.0,80500.0,78600.0,79700.0,79340.0,HSX_FOREIGN_API,HOSE_SYMBOL_LEVEL,VND,2026-08-25T04:21:07Z,ff_hsx_symbol_daily_v1,2bd194b10faba268ece8ad2e9cd7426a0209f2bc505d6d1a84cb2c9fb8c83233
2024-02-07,SIP,HOSE,4356870000.0,238800000.0,4118070000.0,54600.0,3000.0,51600.0,0.0,0.0,0.0,0.0,79100.0,80500.0,79100.0,80000.0,79740.0,HSX_FOREIGN_API,HOSE_SYMBOL_LEVEL,VND,2026-08-25T04:21:07Z,ff_hsx_symbol_daily_v1,9efaee38226ccd892af91870b37514f891d0b3276c4c83fb9328016ae70accb0
2024-02-15,SIP,HOSE,855640000.0,2553750000.0,-1698110000.0,10900.0,32400.0,-21500.0,0.0,0.0,0.0,0.0,80000.0,80000.0,77700.0,78000.0,78570.0,HSX_FOREIGN_API,HOSE_SYMBOL_LEVEL,VND,2026-08-25T04:21:07Z,ff_hsx_symbol_daily_v1,5fde6dcaddc2c590da8de83341c2b7b4c762d42e7302936108aab85df7fd63ae
2024-02-16,SIP,HOSE,12452260000.0,771580000.0,11680680000.0,156000.0,9700.0,146300.0,0.0,0.0,0.0,0.0,78500.0,81000.0,78100.0,80000.0,79710.0,HSX_FOREIGN_API,HOSE_SYMBOL_LEVEL,VND,2026-08-25T04:21:07Z,ff_hsx_symbol_daily_v1,c6cb7b49efc8db38338a74dc1abdc25565504fa7e43f225a0503afa8f3c2f998
2024-02-19,SIP,HOSE,1534168400.0,2586780000.0,-1052611600.0,19364.0,32800.0,-13436.0,0.0,0.0,0.0,0.0,80000.0,80000.0,78200.0,78600.0,78900.0,HSX_FOREIGN_API,HOSE_SYMBOL_LEVEL,VND,2026-08-25T04:21:07Z,ff_hsx_symbol_daily_v1,75520afd1e3bb199fe7655855b2e9f2e60aa515e1b95979082c5f5ce84fa6a57
2024-02-20,SIP,HOSE,9927670000.0,2804620000.0,7123050000.0,123000.0,34700.0,88300.0,0.0,0.0,0.0,0.0,78100.0,82000.0,78000.0,82000.0,80420.0,HSX_FOREIGN_API,HOSE_SYMBOL_LEVEL,VND,2026-08-25T04:21:07Z,ff_hsx_symbol_daily_v1,d85ab99f3c6be7833cad8d2f2622fe562e70e5cc6fc2591436ec3e93dda52a28
2024-02-21,SIP,HOSE,141770000.0,5840150000.0,-5698380000.0,1700.0,70100.0,-68400.0,0.0,0.0,0.0,0.0,82100.0,84300.0,82000.0,82000.0,83080.0,HSX_FOREIGN_API,HOSE_SYMBOL_LEVEL,VND,2026-08-25T04:21:07Z,ff_hsx_symbol_daily_v1,85e300c5db0870ba0472ec053e88c3e00df49f3fc429f3f8fcc126f9b2fbd95f
2024-02-22,SIP,HOSE,1821690000.0,583400000.0,1238290000.0,22200.0,7100.0,15100.0,0.0,0.0,0.0,0.0,83000.0,83000.0,81800.0,82000.0,82160.0,HSX_FOREIGN_API,HOSE_SYMBOL_LEVEL,VND,2026-08-25T04:21:07Z,ff_hsx_symbol_daily_v1,8cd66cb5dfbd224ac316ca38456596d2eb4a0ec47e03694062a8ab424751c9f1
2024-02-23,SIP,HOSE,3034800000.0,855470000.0,2179330000.0,37000.0,10500.0,26500.0,0.0,0.0,0.0,0.0,82000.0,83500.0,80200.0,80200.0,81820.0,HSX_FOREIGN_API,HOSE_SYMBOL_LEVEL,VND,2026-08-25T04:21:07Z,ff_hsx_symbol_daily_v1,5ce7d2b180b26d59536238f3fca30f6fd1b5486f87846a5762ce19bb5d6b2051
2024-02-26,SIP,HOSE,2812220000.0,1762280000.0,1049940000.0,34600.0,21500.0,13100.0,0.0,0.0,0.0,0.0,80300.0,82700.0,79100.0,82500.0,81520.0,HSX_FOREIGN_API,HOSE_SYMBOL_LEVEL,VND,2026-08-25T04:21:07Z,ff_hsx_symbol_daily_v1,f27616d6b259964707ce452007f0b17c568ee08206522dc778e56b113b587420
2024-02-27,SIP,HOSE,4208740000.0,3117900000.0,1090840000.0,50700.0,37900.0,12800.0,0.0,0.0,0.0,0.0,82300.0,84000.0,81600.0,83200.0,82800.0,HSX_FOREIGN_API,HOSE_SYMBOL_LEVEL,VND,2026-08-25T04:21:07Z,ff_hsx_symbol_daily_v1,2303298948dfcf60425e429986afac1b894e9222a6601f6eb4fd0d6d60eaf68b
2024-02-28,SIP,HOSE,0.0,1609750000.0,-1609750000.0,0.0,19400.0,-19400.0,0.0,0.0,0.0,0.0,83700.0,83700.0,82100.0,83000.0,82970.0,HSX_FOREIGN_API,HOSE_SYMBOL_LEVEL,VND,2026-08-25T04:21:07Z,ff_hsx_symbol_daily_v1,c025d3a524838d8a5d8395f97e3a8b639f35ae7bd3b7b12ff8dba3711724000d
2024-02-29,SIP,HOSE,19775920000.0,6058640000.0,13717280000.0,238400.0,73400.0,165000.0,0.0,0.0,0.0,0.0,84000.0,84000.0,81600.0,84000.0,82780.0,HSX_FOREIGN_API,HOSE_SYMBOL_LEVEL,VND,2026-08-25T04:21:07Z,ff_hsx_symbol_daily_v1,7caa6f3cd934f7c852673ba4025637441eef99ee11e8d0cb0d46f339ff1d3489
2024-03-01,SIP,HOSE,607020000.0,4206280000.0,-3599260000.0,7200.0,50000.0,-42800.0,0.0,0.0,0.0,0.0,84500.0,85000.0,83400.0,85000.0,84380.0,HSX_FOREIGN_API,HOSE_SYMBOL_LEVEL,VND,2026-08-25T04:21:07Z,ff_hsx_symbol_daily_v1,f3569b5b5926172d0c7ef9299c80b28b623e97ce31f49a987561da18f5d0edf4
2024-03-04,SIP,HOSE,448130000.0,431710000.0,16420000.0,5300.0,5100.0,200.0,0.0,0.0,0.0,0.0,85200.0,85200.0,84000.0,84100.0,84480.0,HSX_FOREIGN_API,HOSE_SYMBOL_LEVEL,VND,2026-08-25T04:21:07Z,ff_hsx_symbol_daily_v1,9549244aae423edb7b5c1a5f2998b1279b24f37a20e60cca92b51965107eab2b
2024-03-05,SIP,HOSE,613850000.0,0.0,613850000.0,7400.0,0.0,7400.0,0.0,0.0,0.0,0.0,84400.0,84400.0,82600.0,84000.0,83120.0,HSX_FOREIGN_API,HOSE_SYMBOL_LEVEL,VND,2026-08-25T04:21:07Z,ff_hsx_symbol_daily_v1,633fb879b38c4d056a643c9d49543794f7a678c3e4702e74b9d9de89c9643cd1
2024-03-06,SIP,HOSE,16500000.0,0.0,16500000.0,200.0,0.0,200.0,0.0,0.0,0.0,0.0,82400.0,83100.0,82200.0,82400.0,82610.0,HSX_FOREIGN_API,HOSE_SYMBOL_LEVEL,VND,2026-08-25T04:21:07Z,ff_hsx_symbol_daily_v1,19640826bb611f8e1c02d7e1aef98f18d4af1b23fbd4e6246edba4709eb21770
2024-03-07,SIP,HOSE,1071970000.0,0.0,1071970000.0,12900.0,0.0,12900.0,0.0,0.0,0.0,0.0,82400.0,83600.0,82200.0,83200.0,83010.0,HSX_FOREIGN_API,HOSE_SYMBOL_LEVEL,VND,2026-08-25T04:21:07Z,ff_hsx_symbol_daily_v1,20ac9a4de397daaea1a38547cd47c6898cee58e9ae67a9431981bc0ee8d6b285
2024-03-08,SIP,HOSE,148470000.0,8300000.0,140170000.0,1800.0,100.0,1700.0,0.0,0.0,0.0,0.0,83000.0,84000.0,82000.0,83600.0,82960.0,HSX_FOREIGN_API,HOSE_SYMBOL_LEVEL,VND,2026-08-25T04:21:07Z,ff_hsx_symbol_daily_v1,2d5aed2090bb8d34fbbbfc8259bf20bcdc8057e15d8901c23464824b42e84e28
2024-03-11,SIP,HOSE,7009890000.0,527670000.0,6482220000.0,81800.0,6100.0,75700.0,0.0,0.0,0.0,0.0,83700.0,86800.0,83300.0,85100.0,85640.0,HSX_FOREIGN_API,HOSE_SYMBOL_LEVEL,VND,2026-08-25T04:21:07Z,ff_hsx_symbol_daily_v1,e3a847bd29ea0f6db92dc1f97f2a13d725d2a741f5974af35ee62b0e56e3f3b4
2024-03-12,SIP,HOSE,10720070000.0,2215530000.0,8504540000.0,119900.0,25100.0,94800.0,0.0,0.0,0.0,0.0,85900.0,91000.0,85600.0,91000.0,90070.0,HSX_FOREIGN_API,HOSE_SYMBOL_LEVEL,VND,2026-08-25T04:21:07Z,ff_hsx_symbol_daily_v1,5f75b9ab80a0448b5b4b0ff8b901ee885b9087f3a7b66bee99891819500c5056
2024-03-13,SIP,HOSE,5809010000.0,2349810000.0,3459200000.0,62200.0,25100.0,37100.0,0.0,0.0,0.0,0.0,94400.0,94400.0,91100.0,93800.0,93380.0,HSX_FOREIGN_API,HOSE_SYMBOL_LEVEL,VND,2026-08-25T04:21:07Z,ff_hsx_symbol_daily_v1,a1cecf94ea198e98fbad92e25db841f8a473f124abc957907eb8aa5e3d90cd26
2024-03-14,SIP,HOSE,4876470000.0,1311230000.0,3565240000.0,52100.0,14000.0,38100.0,0.0,0.0,0.0,0.0,94400.0,94400.0,92900.0,93200.0,93530.0,HSX_FOREIGN_API,HOSE_SYMBOL_LEVEL,VND,2026-08-25T04:21:07Z,ff_hsx_symbol_daily_v1,dd61c08fe82c30ea9e22734a4ea1223efc7e11e54778a04596f0b5f544659576
2024-03-15,SIP,HOSE,429090000.0,7576840000.0,-7147750000.0,4700.0,81900.0,-77200.0,0.0,0.0,0.0,0.0,94500.0,94500.0,90300.0,93000.0,92210.0,HSX_FOREIGN_API,HOSE_SYMBOL_LEVEL,VND,2026-08-25T04:21:07Z,ff_hsx_symbol_daily_v1,37f8c32e8f8a8549f487b7268cf5b21f966040a1211c2e146bcae9c0444b475f
2024-03-18,SIP,HOSE,7626000000.0,4474340000.0,3151660000.0,87200.0,49900.0,37300.0,0.0,0.0,0.0,0.0,93000.0,93800.0,86500.0,90000.0,88600.0,HSX_FOREIGN_API,HOSE_SYMBOL_LEVEL,VND,2026-08-25T04:21:07Z,ff_hsx_symbol_daily_v1,191fabbd3c482ee5822ddb400e6edfdb1260f358dac825a0de050436a724ecfb
2024-03-19,SIP,HOSE,10787740000.0,2627370000.0,8160370000.0,118900.0,29000.0,89900.0,0.0,0.0,0.0,0.0,90000.0,91500.0,88200.0,91400.0,90660.0,HSX_FOREIGN_API,HOSE_SYMBOL_LEVEL,VND,2026-08-25T04:21:07Z,ff_hsx_symbol_daily_v1,b7f97d10dc4b4866cb65243cfa2dae6cef4522e1457fa7d9fa0a89246aac6255
2024-03-20,SIP,HOSE,188980000.0,1042550000.0,-853570000.0,2100.0,11500.0,-9400.0,0.0,0.0,0.0,0.0,91400.0,91800.0,89000.0,90800.0,90300.0,HSX_FOREIGN_API,HOSE_SYMBOL_LEVEL,VND,2026-08-25T04:21:07Z,ff_hsx_symbol_daily_v1,e107148fa17e922b8742787c040e569048257131b05289ccba6ec672233767e3
2024-03-21,SIP,HOSE,1272600000.0,7439780000.0,-6167180000.0,14000.0,82400.0,-68400.0,0.0,0.0,0.0,0.0,90800.0,90900.0,89800.0,90900.0,90440.0,HSX_FOREIGN_API,HOSE_SYMBOL_LEVEL,VND,2026-08-25T04:21:07Z,ff_hsx_symbol_daily_v1,790cc0aeb9724025746601e00f105c149b8aa4ac08770dff603b8e59a1b7756c
2024-03-22,SIP,HOSE,270000000.0,3500290000.0,-3230290000.0,3000.0,39113.0,-36113.0,0.0,0.0,0.0,0.0,91000.0,91000.0,88900.0,90000.0,89380.0,HSX_FOREIGN_API,HOSE_SYMBOL_LEVEL,VND,2026-08-25T04:21:07Z,ff_hsx_symbol_daily_v1,5a69407239ffb1db12181ac1ef360ca0e8d1e7fcda551e4e65554da0d55b1015
2024-03-25,SIP,HOSE,2864530000.0,116710000.0,2747820000.0,32600.0,1300.0,31300.0,0.0,0.0,0.0,0.0,90000.0,90000.0,86500.0,89000.0,87880.0,HSX_FOREIGN_API,HOSE_SYMBOL_LEVEL,VND,2026-08-25T04:21:07Z,ff_hsx_symbol_daily_v1,d553d3471b15ded5988a813db00dbf02ac9110884802187233fdae3ec90c66e8
2024-03-26,SIP,HOSE,26280000.0,0.0,26280000.0,300.0,0.0,300.0,0.0,0.0,0.0,0.0,87100.0,90900.0,87000.0,90500.0,89310.0,HSX_FOREIGN_API,HOSE_SYMBOL_LEVEL,VND,2026-08-25T04:21:07Z,ff_hsx_symbol_daily_v1,4b5333928fa3b48d6a940535db387ad6471f97b8f790fd20ebfa4134e259a926
2024-03-27,SIP,HOSE,80100000.0,532950000.0,-452850000.0,900.0,6000.0,-5100.0,0.0,0.0,0.0,0.0,90500.0,90500.0,88100.0,89000.0,88670.0,HSX_FOREIGN_API,HOSE_SYMBOL_LEVEL,VND,2026-08-25T04:21:07Z,ff_hsx_symbol_daily_v1,62bead65e8e37ee2a3a3014d407796a597a5cadc1e84e84d1e0288abdf141d63
2024-03-28,SIP,HOSE,3990750000.0,576640000.0,3414110000.0,44100.0,6400.0,37700.0,0.0,0.0,0.0,0.0,89000.0,91000.0,88500.0,90900.0,90220.0,HSX_FOREIGN_API,HOSE_SYMBOL_LEVEL,VND,2026-08-25T04:21:07Z,ff_hsx_symbol_daily_v1,3c5709dbcc4105eb12f43ad73836f820b5e0814760357de96bdbe5a2ea736b91
2024-03-29,SIP,HOSE,11391455000.0,663550000.0,10727905000.0,122210.0,7000.0,115210.0,0.0,0.0,0.0,0.0,91000.0,96600.0,90000.0,94000.0,93250.0,HSX_FOREIGN_API,HOSE_SYMBOL_LEVEL,VND,2026-08-25T04:21:07Z,ff_hsx_symbol_daily_v1,e8e4de50070c5a28b80303ee26c14a01a75f2c1953314354824110e0d6162af5
2024-04-01,SIP,HOSE,120410000.0,1166460000.0,-1046050000.0,1300.0,12600.0,-11300.0,0.0,0.0,0.0,0.0,94000.0,94000.0,91500.0,91800.0,92280.0,HSX_FOREIGN_API,HOSE_SYMBOL_LEVEL,VND,2026-08-25T04:21:07Z,ff_hsx_symbol_daily_v1,06cc3957f72e796ec919acb6ff62d807764cb48f1229bcddb13a67e950ac559b
2024-04-02,SIP,HOSE,171720000.0,4569350000.0,-4397630000.0,1900.0,50400.0,-48500.0,0.0,0.0,0.0,0.0,90600.0,91500.0,88000.0,90600.0,90520.0,HSX_FOREIGN_API,HOSE_SYMBOL_LEVEL,VND,2026-08-25T04:21:07Z,ff_hsx_symbol_daily_v1,32e56063dfdb8469f48019915f939241e0dcb64b82f85b87dad6c17e6267cf32
2024-04-03,SIP,HOSE,8898050000.0,10486150000.0,-1588100000.0,100200.0,117400.0,-17200.0,0.0,0.0,0.0,0.0,90600.0,90600.0,88000.0,88400.0,89100.0,HSX_FOREIGN_API,HOSE_SYMBOL_LEVEL,VND,2026-08-25T04:21:07Z,ff_hsx_symbol_daily_v1,41b2bcd1d408d185d5b6a9e21b121cbad94c761a5dff5bef0f10634edf57a3eb
2024-04-04,SIP,HOSE,4221520000.0,4182315100.0,39204900.0,49400.0,48553.0,847.0,0.0,0.0,0.0,0.0,88000.0,89000.0,84200.0,84900.0,86180.0,HSX_FOREIGN_API,HOSE_SYMBOL_LEVEL,VND,2026-08-25T04:21:07Z,ff_hsx_symbol_daily_v1,80aa9dadaab8fade97a6afa2a582c8bac2487b3f23c8c837fc16640b8c94b830
2024-04-05,SIP,HOSE,2212280000.0,163370000.0,2048910000.0,26100.0,1900.0,24200.0,0.0,0.0,0.0,0.0,84500.0,87600.0,84000.0,84700.0,85120.0,HSX_FOREIGN_API,HOSE_SYMBOL_LEVEL,VND,2026-08-25T04:21:07Z,ff_hsx_symbol_daily_v1,e3f6ad6087259f8cc9a3dd5c21a5474b0c5520b36693d2ab93288ef13527a797
2024-04-08,SIP,HOSE,1440490000.0,451100000.0,989390000.0,17500.0,5500.0,12000.0,0.0,0.0,0.0,0.0,85000.0,85000.0,81000.0,81000.0,82290.0,HSX_FOREIGN_API,HOSE_SYMBOL_LEVEL,VND,2026-08-25T04:21:07Z,ff_hsx_symbol_daily_v1,ba03a088e0b1b0b6cfd0c64ffb70d239d18f2469482c3f3f1b07d559774d7049
2024-04-09,SIP,HOSE,1773130000.0,0.0,1773130000.0,21700.0,0.0,21700.0,0.0,0.0,0.0,0.0,80100.0,82500.0,80100.0,82100.0,81800.0,HSX_FOREIGN_API,HOSE_SYMBOL_LEVEL,VND,2026-08-25T04:21:07Z,ff_hsx_symbol_daily_v1,9c228e55a8e001a470d3f1d903f9c6e2e790b1b5d2e405846482d6897ef246d7
2024-04-10,SIP,HOSE,8140000.0,5458300000.0,-5450160000.0,100.0,66700.0,-66600.0,0.0,0.0,0.0,0.0,82800.0,82800.0,80800.0,81300.0,81730.0,HSX_FOREIGN_API,HOSE_SYMBOL_LEVEL,VND,2026-08-25T04:21:07Z,ff_hsx_symbol_daily_v1,a0b820ff4b9a943198d9f950a34af92705dbb72116a3dec87b0814b0bf21491b
2024-04-11,SIP,HOSE,1286120000.0,690490000.0,595630000.0,15900.0,8500.0,7400.0,0.0,0.0,0.0,0.0,79700.0,82000.0,79700.0,81100.0,81060.0,HSX_FOREIGN_API,HOSE_SYMBOL_LEVEL,VND,2026-08-25T04:21:07Z,ff_hsx_symbol_daily_v1,ced3cbe8ee05bfa5bbebc23fda6cac25f86020e5886897a1bd171120ec3c4287
2024-04-12,SIP,HOSE,278580000.0,318150000.0,-39570000.0,3400.0,3900.0,-500.0,0.0,0.0,0.0,0.0,81100.0,82300.0,81100.0,82200.0,81830.0,HSX_FOREIGN_API,HOSE_SYMBOL_LEVEL,VND,2026-08-25T04:21:07Z,ff_hsx_symbol_daily_v1,3c47ebba483fa36a88b31490e010fd67198fddfa50a9a2bb8e167194d3ddf2f1
2024-04-15,SIP,HOSE,1508530000.0,4305240000.0,-2796710000.0,19400.0,53200.0,-33800.0,0.0,0.0,0.0,0.0,82200.0,82200.0,76500.0,76500.0,78810.0,HSX_FOREIGN_API,HOSE_SYMBOL_LEVEL,VND,2026-08-25T04:21:07Z,ff_hsx_symbol_daily_v1,864de698189003c9840ae26bc4d31194323c766b7534254c7dcabcc5a685d818
2024-04-16,SIP,HOSE,29885880000.0,2622580000.0,27263300000.0,383910.0,33700.0,350210.0,0.0,0.0,0.0,0.0,75500.0,79000.0,74000.0,78200.0,77500.0,HSX_FOREIGN_API,HOSE_SYMBOL_LEVEL,VND,2026-08-25T04:21:07Z,ff_hsx_symbol_daily_v1,7493b26c948aacf219dc7ffc22dd8529ee3b6ef14daeb4e1b7904fa25e438986
2024-04-17,SIP,HOSE,861650000.0,1001951300.0,-140301300.0,11000.0,12746.0,-1746.0,0.0,0.0,0.0,0.0,79500.0,80000.0,77100.0,77600.0,78570.0,HSX_FOREIGN_API,HOSE_SYMBOL_LEVEL,VND,2026-08-25T04:21:07Z,ff_hsx_symbol_daily_v1,23ffb446c02e969491e19eb07e40eb7997268f0131fea1cb3f64831dbf41e0f2
2024-04-19,SIP,HOSE,154067000.0,1435604800.0,-1281537800.0,2010.0,18517.0,-16507.0,0.0,0.0,0.0,0.0,77000.0,78500.0,76500.0,76500.0,77180.0,HSX_FOREIGN_API,HOSE_SYMBOL_LEVEL,VND,2026-08-25T04:21:07Z,ff_hsx_symbol_daily_v1,3e0b7a36409d762f97914bf9e5f5215e9f2b16b856fa5e0ed546b9f98f5ca651
2024-04-22,SIP,HOSE,178680000.0,813309200.0,-634629200.0,2300.0,10483.0,-8183.0,0.0,0.0,0.0,0.0,78400.0,78400.0,77500.0,77700.0,77770.0,HSX_FOREIGN_API,HOSE_SYMBOL_LEVEL,VND,2026-08-25T04:21:07Z,ff_hsx_symbol_daily_v1,5936baff26394611af8a514dfd806b6e397f316b94771db0bcfac29c09e03e6c
2024-04-23,SIP,HOSE,0.0,718447200.0,-718447200.0,0.0,9283.0,-9283.0,0.0,0.0,0.0,0.0,77700.0,77900.0,76800.0,77500.0,77350.0,HSX_FOREIGN_API,HOSE_SYMBOL_LEVEL,VND,2026-08-25T04:21:07Z,ff_hsx_symbol_daily_v1,95a9f8c4308be63f3ae0d962e62b5d57f7d4baca28e44b0e9202650b135dd56a
2024-04-24,SIP,HOSE,408470000.0,1464460000.0,-1055990000.0,5100.0,18000.0,-12900.0,0.0,0.0,0.0,0.0,78000.0,82200.0,78000.0,82000.0,80560.0,HSX_FOREIGN_API,HOSE_SYMBOL_LEVEL,VND,2026-08-25T04:21:07Z,ff_hsx_symbol_daily_v1,71e08c47d8d75055dca790e022ba802ef106110686bedc45a10ab2b103b50092
2024-04-25,SIP,HOSE,453300000.0,114200000.0,339100000.0,5600.0,1400.0,4200.0,0.0,0.0,0.0,0.0,82000.0,82000.0,80800.0,81100.0,81080.0,HSX_FOREIGN_API,HOSE_SYMBOL_LEVEL,VND,2026-08-25T04:21:07Z,ff_hsx_symbol_daily_v1,dddf46adf51e2203323515a356e5510a9fc4459c836a4d24a0e8be4e3e291b08
2024-04-26,SIP,HOSE,0.0,703620000.0,-703620000.0,0.0,8700.0,-8700.0,0.0,0.0,0.0,0.0,80100.0,81500.0,80100.0,81000.0,80810.0,HSX_FOREIGN_API,HOSE_SYMBOL_LEVEL,VND,2026-08-25T04:21:07Z,ff_hsx_symbol_daily_v1,4316460512ef4ef4495d4189570ab51dd4b686825eaf88052b95444c0664e23e
2024-05-02,SIP,HOSE,596210000.0,3223460000.0,-2627250000.0,7200.0,38800.0,-31600.0,0.0,0.0,0.0,0.0,81000.0,83800.0,80700.0,83400.0,82590.0,HSX_FOREIGN_API,HOSE_SYMBOL_LEVEL,VND,2026-08-25T04:21:07Z,ff_hsx_symbol_daily_v1,5d41a70a0bc962deed88de524aafe51fb90162de99c6239ad5d1cce78682dcf7
2024-05-03,SIP,HOSE,0.0,1641790000.0,-1641790000.0,0.0,19500.0,-19500.0,0.0,0.0,0.0,0.0,84800.0,84800.0,83000.0,83400.0,83800.0,HSX_FOREIGN_API,HOSE_SYMBOL_LEVEL,VND,2026-08-25T04:21:07Z,ff_hsx_symbol_daily_v1,5eaea93040ba6be7332c933a96a1e271f60e62effd6a65ee58ae05e60fc382df
2024-05-06,SIP,HOSE,7272640000.0,314040000.0,6958600000.0,84100.0,3700.0,80400.0,0.0,0.0,0.0,0.0,83100.0,87700.0,83100.0,87700.0,85580.0,HSX_FOREIGN_API,HOSE_SYMBOL_LEVEL,VND,2026-08-25T04:21:07Z,ff_hsx_symbol_daily_v1,08c20e59c13d31f1e5b8e0fb960d930b964ca57977b39976e7688fad18c029f0
2024-05-07,SIP,HOSE,4185730000.0,1472250000.0,2713480000.0,47900.0,16900.0,31000.0,0.0,0.0,0.0,0.0,87700.0,87800.0,86500.0,87600.0,87280.0,HSX_FOREIGN_API,HOSE_SYMBOL_LEVEL,VND,2026-08-25T04:21:07Z,ff_hsx_symbol_daily_v1,cf0b0887c7b0cc5510a8efc7be9adf6cf665d978cbe53d371ba22ce4e5df3637
2024-05-08,SIP,HOSE,129380000.0,199350000.0,-69970000.0,1500.0,2300.0,-800.0,0.0,0.0,0.0,0.0,87000.0,87200.0,81500.0,85800.0,86160.0,HSX_FOREIGN_API,HOSE_SYMBOL_LEVEL,VND,2026-08-25T04:21:07Z,ff_hsx_symbol_daily_v1,4502d01206433fbbc0eedc961e689c201a18c3fe432cfa3249d1199bf2744186
2024-05-09,SIP,HOSE,0.0,17360000.0,-17360000.0,0.0,200.0,-200.0,0.0,0.0,0.0,0.0,86000.0,87200.0,85800.0,85800.0,86410.0,HSX_FOREIGN_API,HOSE_SYMBOL_LEVEL,VND,2026-08-25T04:21:07Z,ff_hsx_symbol_daily_v1,9696f562a63d78cc8b437a47b8f92d948806be1af30bfe2154da96e84dfd4e69
2024-05-10,SIP,HOSE,217260000.0,102840000.0,114420000.0,2500.0,1200.0,1300.0,0.0,0.0,0.0,0.0,86300.0,87100.0,85300.0,87000.0,86390.0,HSX_FOREIGN_API,HOSE_SYMBOL_LEVEL,VND,2026-08-25T04:21:07Z,ff_hsx_symbol_daily_v1,40d49f46d0244a9e11b8dc5eca7b6a1b6fa257c7cc0efbdc5df83b7a201678a3
2024-05-13,SIP,HOSE,0.0,327014900.0,-327014900.0,0.0,3746.0,-3746.0,0.0,0.0,0.0,0.0,87000.0,88500.0,86100.0,86100.0,87380.0,HSX_FOREIGN_API,HOSE_SYMBOL_LEVEL,VND,2026-08-25T04:21:07Z,ff_hsx_symbol_daily_v1,3e9a3118027effc27a19852f31ae23cba658785be76d6a2569c2c750b0f383f9
2024-05-14,SIP,HOSE,1305880000.0,314230000.0,991650000.0,15000.0,3600.0,11400.0,0.0,0.0,0.0,0.0,86100.0,87700.0,86100.0,87000.0,86970.0,HSX_FOREIGN_API,HOSE_SYMBOL_LEVEL,VND,2026-08-25T04:21:07Z,ff_hsx_symbol_daily_v1,b40a8614ab71dddb1881fdda1d0f371e3de560656be0a87f43fcb01567b112ce
2024-05-15,SIP,HOSE,523650000.0,17400000.0,506250000.0,6000.0,200.0,5800.0,0.0,0.0,0.0,0.0,86500.0,87600.0,86500.0,87300.0,87120.0,HSX_FOREIGN_API,HOSE_SYMBOL_LEVEL,VND,2026-08-25T04:21:07Z,ff_hsx_symbol_daily_v1,b35302b1bb46ddcbf74981b5999968913f0d35ba17728e57ed5f2b83d346327e
2024-05-16,SIP,HOSE,22191460000.0,4673310000.0,17518150000.0,246900.0,51900.0,195000.0,0.0,0.0,0.0,0.0,87600.0,91800.0,87600.0,91200.0,89780.0,HSX_FOREIGN_API,HOSE_SYMBOL_LEVEL,VND,2026-08-25T04:21:07Z,ff_hsx_symbol_daily_v1,00072296f57853b1c6cc471087a9f33c754c7c26a7e757a3358313755896c8ea
2024-05-17,SIP,HOSE,531530000.0,36310000.0,495220000.0,5900.0,400.0,5500.0,0.0,0.0,0.0,0.0,90900.0,91200.0,89600.0,90200.0,90320.0,HSX_FOREIGN_API,HOSE_SYMBOL_LEVEL,VND,2026-08-25T04:21:07Z,ff_hsx_symbol_daily_v1,e3ffdf2c364a38571715333b832c5ccb568ffe6eb587d5e6c526940d3a409ebc
2024-05-20,SIP,HOSE,0.0,1361790000.0,-1361790000.0,0.0,14900.0,-14900.0,0.0,0.0,0.0,0.0,90300.0,93500.0,90200.0,91900.0,91850.0,HSX_FOREIGN_API,HOSE_SYMBOL_LEVEL,VND,2026-08-25T04:21:07Z,ff_hsx_symbol_daily_v1,0678926c239d5fc701de670a29f949aa6ce43990b0a4d962ff8eb18fe937b6dd
2024-05-21,SIP,HOSE,0.0,5803490000.0,-5803490000.0,0.0,64400.0,-64400.0,0.0,0.0,0.0,0.0,91500.0,91500.0,89200.0,89600.0,89990.0,HSX_FOREIGN_API,HOSE_SYMBOL_LEVEL,VND,2026-08-25T04:21:07Z,ff_hsx_symbol_daily_v1,6d0ab5cd3c3e602d0589ba19a181bf6a1e15896d2fb1823ac0d720e91921b04a
2024-05-22,SIP,HOSE,18651980000.0,2485580000.0,16166400000.0,207200.0,27600.0,179600.0,0.0,0.0,0.0,0.0,89800.0,91000.0,89700.0,90500.0,90060.0,HSX_FOREIGN_API,HOSE_SYMBOL_LEVEL,VND,2026-08-25T04:21:07Z,ff_hsx_symbol_daily_v1,7c97c1ad722714b770643169a2ae4ff67697cfc48be292e633e24e325c31d1b2
2024-05-23,SIP,HOSE,6708740000.0,0.0,6708740000.0,74000.0,0.0,74000.0,0.0,0.0,0.0,0.0,90000.0,91500.0,89900.0,91500.0,90610.0,HSX_FOREIGN_API,HOSE_SYMBOL_LEVEL,VND,2026-08-25T04:21:07Z,ff_hsx_symbol_daily_v1,308b16683abc0232a2f34ca45e87bba2af828c6860f544038aa5999c59c193b5
2024-05-24,SIP,HOSE,6408660000.0,607370000.0,5801290000.0,70000.0,6700.0,63300.0,0.0,0.0,0.0,0.0,91500.0,93100.0,88000.0,89200.0,91370.0,HSX_FOREIGN_API,HOSE_SYMBOL_LEVEL,VND,2026-08-25T04:21:07Z,ff_hsx_symbol_daily_v1,6902a8d572c9c59093cb1d846e4e282e5cdccb5e1bdd976b49f4f09a8d0ede3f
2024-05-27,SIP,HOSE,1021570000.0,221790000.0,799780000.0,11500.0,2500.0,9000.0,0.0,0.0,0.0,0.0,89800.0,89800.0,87100.0,89000.0,88360.0,HSX_FOREIGN_API,HOSE_SYMBOL_LEVEL,VND,2026-08-25T04:21:07Z,ff_hsx_symbol_daily_v1,eda56f5cabf4f7d743e88cde569131cea2c86eb9722f613008fd444684f75f3c
2024-05-28,SIP,HOSE,774570000.0,177800000.0,596770000.0,8600.0,2000.0,6600.0,0.0,0.0,0.0,0.0,89500.0,91000.0,88200.0,91000.0,90290.0,HSX_FOREIGN_API,HOSE_SYMBOL_LEVEL,VND,2026-08-25T04:21:07Z,ff_hsx_symbol_daily_v1,b964027a53d4b5b69a6bda1b2c463babab29b39094eaaee5ed53a42b6abdd779
2024-05-29,SIP,HOSE,8107560000.0,3979080000.0,4128480000.0,88700.0,43700.0,45000.0,0.0,0.0,0.0,0.0,92300.0,92300.0,90100.0,90100.0,91410.0,HSX_FOREIGN_API,HOSE_SYMBOL_LEVEL,VND,2026-08-25T04:21:07Z,ff_hsx_symbol_daily_v1,0015ed584d3ee616453e76fab1e8b15d5164bf1e4d692f72665e58fc4467572a
2024-05-30,SIP,HOSE,0.0,98450000.0,-98450000.0,0.0,1100.0,-1100.0,0.0,0.0,0.0,0.0,89100.0,90300.0,87000.0,89800.0,88550.0,HSX_FOREIGN_API,HOSE_SYMBOL_LEVEL,VND,2026-08-25T04:21:07Z,ff_hsx_symbol_daily_v1,b1456ac23b4658dab3ee3930eaf35bf3fb9cd15330b04f5116d153e3823f3972
2024-05-31,SIP,HOSE,840820000.0,286930000.0,553890000.0,9400.0,3200.0,6200.0,0.0,0.0,0.0,0.0,90000.0,90000.0,88500.0,89700.0,89210.0,HSX_FOREIGN_API,HOSE_SYMBOL_LEVEL,VND,2026-08-25T04:21:07Z,ff_hsx_symbol_daily_v1,8ccba3d652f8cab42815dbb371355fb2f6c16ed09f85509621e675f1a8536b3e
2024-06-03,SIP,HOSE,1289870000.0,3854790000.0,-2564920000.0,14400.0,43100.0,-28700.0,0.0,0.0,0.0,0.0,89300.0,90000.0,88800.0,89500.0,89520.0,HSX_FOREIGN_API,HOSE_SYMBOL_LEVEL,VND,2026-08-25T04:21:07Z,ff_hsx_symbol_daily_v1,fe01785d914d8bdd62f4bbdf3d7b2b168dc3517e62b1e46f7ff8e40f8647ef9b
2024-06-04,SIP,HOSE,992270000.0,722330000.0,269940000.0,11000.0,8000.0,3000.0,0.0,0.0,0.0,0.0,89500.0,91500.0,89500.0,89900.0,90150.0,HSX_FOREIGN_API,HOSE_SYMBOL_LEVEL,VND,2026-08-25T04:21:07Z,ff_hsx_symbol_daily_v1,d0ec712196dc9862318c53299a560d783d658134015f6b5a4b15881c603dfef6
2024-06-05,SIP,HOSE,17821070000.0,2206790000.0,15614280000.0,190900.0,23000.0,167900.0,0.0,0.0,0.0,0.0,90300.0,96100.0,90000.0,96100.0,95420.0,HSX_FOREIGN_API,HOSE_SYMBOL_LEVEL,VND,2026-08-25T04:21:07Z,ff_hsx_symbol_daily_v1,43361732b3b65dcb188a40e9edeafe1f68339f32b76f5259b2dfd301d517d21d
2024-06-06,SIP,HOSE,2863600000.0,481400000.0,2382200000.0,29800.0,5000.0,24800.0,0.0,0.0,0.0,0.0,98000.0,98000.0,94800.0,95600.0,96090.0,HSX_FOREIGN_API,HOSE_SYMBOL_LEVEL,VND,2026-08-25T04:21:07Z,ff_hsx_symbol_daily_v1,ada84a87f2e1a121bb333d65a6387938ebb2f9cef03467768bdaeb1cbd384e0e
2024-06-07,SIP,HOSE,1539460000.0,1027710000.0,511750000.0,15900.0,10500.0,5400.0,0.0,0.0,0.0,0.0,96100.0,98900.0,95500.0,97000.0,96840.0,HSX_FOREIGN_API,HOSE_SYMBOL_LEVEL,VND,2026-08-25T04:21:07Z,ff_hsx_symbol_daily_v1,067f54b21e4a441bbcbf3ff8bebc62b5b53616705df91cabf6ef62d7252dff41
2024-06-10,SIP,HOSE,10521437900.0,6199930000.0,4321507900.0,108987.0,64000.0,44987.0,0.0,0.0,0.0,0.0,98200.0,98200.0,95100.0,98000.0,96520.0,HSX_FOREIGN_API,HOSE_SYMBOL_LEVEL,VND,2026-08-25T04:21:07Z,ff_hsx_symbol_daily_v1,2ef06aa71eb22a4cbafaeb236f65019b9e5dae61b5432e92f0f80963eb9b0d2c
2024-06-11,SIP,HOSE,12456970000.0,8873910000.0,3583060000.0,131300.0,93900.0,37400.0,0.0,0.0,0.0,0.0,98000.0,98300.0,91200.0,95800.0,94330.0,HSX_FOREIGN_API,HOSE_SYMBOL_LEVEL,VND,2026-08-25T04:21:07Z,ff_hsx_symbol_daily_v1,ed7e01eca4194294145a02888232d426a4810b3c4363439c842e34bd44909ef8
2024-06-12,SIP,HOSE,15414402200.0,1503080000.0,13911322200.0,162226.0,15900.0,146326.0,0.0,0.0,0.0,0.0,94000.0,95900.0,93500.0,95100.0,94740.0,HSX_FOREIGN_API,HOSE_SYMBOL_LEVEL,VND,2026-08-25T04:21:07Z,ff_hsx_symbol_daily_v1,2c341836f8b1bdf04f066e346a767b334edcb7456a9624c060d65c6fe8497889
2024-06-13,SIP,HOSE,0.0,37550000.0,-37550000.0,0.0,400.0,-400.0,0.0,0.0,0.0,0.0,95500.0,95500.0,93500.0,94400.0,94040.0,HSX_FOREIGN_API,HOSE_SYMBOL_LEVEL,VND,2026-08-25T04:21:07Z,ff_hsx_symbol_daily_v1,0591936c8e4c5962c841516c567e9705045cb6f650b67bb1b8ba581d19445b6f
2024-06-14,SIP,HOSE,7164390000.0,1964420000.0,5199970000.0,75900.0,20800.0,55100.0,0.0,0.0,0.0,0.0,94500.0,95700.0,92000.0,92000.0,93710.0,HSX_FOREIGN_API,HOSE_SYMBOL_LEVEL,VND,2026-08-25T04:21:07Z,ff_hsx_symbol_daily_v1,5b01536f10cd2a7656aab5f829bc185c40a581a9fef6e960dc06a53d32c17382
2024-06-17,SIP,HOSE,80350000.0,18090000.0,62260000.0,900.0,200.0,700.0,0.0,0.0,0.0,0.0,91700.0,91800.0,89000.0,89400.0,90200.0,HSX_FOREIGN_API,HOSE_SYMBOL_LEVEL,VND,2026-08-25T04:21:07Z,ff_hsx_symbol_daily_v1,80aecf68740a11b3626417f5ba9580a8cad178373a7162e81b2efab0f7a4ba01
2024-06-18,SIP,HOSE,0.0,253240000.0,-253240000.0,0.0,2800.0,-2800.0,0.0,0.0,0.0,0.0,89500.0,91500.0,89500.0,91500.0,90650.0,HSX_FOREIGN_API,HOSE_SYMBOL_LEVEL,VND,2026-08-25T04:21:07Z,ff_hsx_symbol_daily_v1,414feb580419cc45e14cc9596fa5bb6220e090468b7e2e84cab3dd1ba132b8dd
2024-06-19,SIP,HOSE,0.0,190160000.0,-190160000.0,0.0,2100.0,-2100.0,0.0,0.0,0.0,0.0,91500.0,91500.0,90200.0,91000.0,90730.0,HSX_FOREIGN_API,HOSE_SYMBOL_LEVEL,VND,2026-08-25T04:21:07Z,ff_hsx_symbol_daily_v1,c6f0fd64128a2301bfd52d1d146c43f25a7dfd74fa2a0924387cd6863e866160
2024-06-20,SIP,HOSE,1417870000.0,344420000.0,1073450000.0,15200.0,3700.0,11500.0,0.0,0.0,0.0,0.0,91500.0,95400.0,91500.0,94400.0,93760.0,HSX_FOREIGN_API,HOSE_SYMBOL_LEVEL,VND,2026-08-25T04:21:07Z,ff_hsx_symbol_daily_v1,3408f9111f56213f973862402ec2af1ada90a438b1fe792883895fe6983b1de4
2024-06-21,SIP,HOSE,114460000.0,0.0,114460000.0,1200.0,0.0,1200.0,0.0,0.0,0.0,0.0,94800.0,95500.0,94000.0,95000.0,94710.0,HSX_FOREIGN_API,HOSE_SYMBOL_LEVEL,VND,2026-08-25T04:21:07Z,ff_hsx_symbol_daily_v1,e79468fa637e71eabf86ea0f4d5f934493714124612724755ca0adf7f97d455b
2024-06-24,SIP,HOSE,1126960000.0,1786000000.0,-659040000.0,12500.0,20000.0,-7500.0,0.0,0.0,0.0,0.0,94200.0,94500.0,89300.0,89300.0,90980.0,HSX_FOREIGN_API,HOSE_SYMBOL_LEVEL,VND,2026-08-25T04:21:07Z,ff_hsx_symbol_daily_v1,f03114c67f8b4bb6f9d48987077031c22505f9d19d9bd1dca5096ae503ff2223
2024-06-25,SIP,HOSE,2140780000.0,700131300.0,1440648700.0,23800.0,7788.0,16012.0,0.0,0.0,0.0,0.0,89100.0,90900.0,89100.0,90900.0,89910.0,HSX_FOREIGN_API,HOSE_SYMBOL_LEVEL,VND,2026-08-25T04:21:07Z,ff_hsx_symbol_daily_v1,194bbdf828d68bb2c03c642bbbea90fd5a45db4f63be367ca8772e150d471b98
2024-06-26,SIP,HOSE,471820000.0,542105900.0,-70285900.0,5300.0,6088.0,-788.0,0.0,0.0,0.0,0.0,89500.0,90900.0,87700.0,90900.0,89090.0,HSX_FOREIGN_API,HOSE_SYMBOL_LEVEL,VND,2026-08-25T04:21:07Z,ff_hsx_symbol_daily_v1,f87b4735a04ceca89f7e21df81ac109845993c7dc8bcfbfa20ccac4477cd81c4
2024-06-27,SIP,HOSE,0.0,2964620000.0,-2964620000.0,0.0,32500.0,-32500.0,0.0,1911000000.0,0.0,21000.0,90900.0,92800.0,90000.0,90100.0,90850.0,HSX_FOREIGN_API,HOSE_SYMBOL_LEVEL,VND,2026-08-25T04:21:07Z,ff_hsx_symbol_daily_v1,85c51607a09f1e54b945274c1fd1ef4d06b2210adb0336c1e32076870a07463d
2024-06-28,SIP,HOSE,0.0,2277183200.0,-2277183200.0,0.0,25583.0,-25583.0,0.0,0.0,0.0,0.0,90200.0,90200.0,87900.0,89000.0,88780.0,HSX_FOREIGN_API,HOSE_SYMBOL_LEVEL,VND,2026-08-25T04:21:07Z,ff_hsx_symbol_daily_v1,28b6cb10e5664d2675d8c21186cd0b88647d6fdc68da7cc06f4690e060763027
2024-07-01,SIP,HOSE,1961794000.0,470510000.0,1491284000.0,21700.0,5300.0,16400.0,1899534000.0,0.0,21000.0,0.0,89100.0,90200.0,88200.0,90200.0,89000.0,HSX_FOREIGN_API,HOSE_SYMBOL_LEVEL,VND,2026-08-25T04:21:07Z,ff_hsx_symbol_daily_v1,84975e85781048c70ad551b0228ae5e9fc88bc63e60082bd5ee31f7ff96b0144
2024-07-02,SIP,HOSE,668890000.0,38865000.0,630025000.0,7400.0,430.0,6970.0,0.0,0.0,0.0,0.0,90200.0,91000.0,89100.0,90800.0,90400.0,HSX_FOREIGN_API,HOSE_SYMBOL_LEVEL,VND,2026-08-25T04:21:07Z,ff_hsx_symbol_daily_v1,5ef8a6b012bf1e69747740f7325dabaec05b61c390a537e463e10439cce284a9
2024-07-03,SIP,HOSE,18929100000.0,0.0,18929100000.0,205300.0,0.0,205300.0,0.0,0.0,0.0,0.0,90700.0,93500.0,90100.0,92500.0,92110.0,HSX_FOREIGN_API,HOSE_SYMBOL_LEVEL,VND,2026-08-25T04:21:07Z,ff_hsx_symbol_daily_v1,9815b00f56931467ce626e47f705589045928fe4665baff82720a80e3c11e906
2024-07-04,SIP,HOSE,27210000.0,0.0,27210000.0,300.0,0.0,300.0,0.0,0.0,0.0,0.0,92600.0,93000.0,90000.0,91000.0,92010.0,HSX_FOREIGN_API,HOSE_SYMBOL_LEVEL,VND,2026-08-25T04:21:07Z,ff_hsx_symbol_daily_v1,5f93ab55270510e04189c0132e21421aa7a08728548d91428a2829649509a422
2024-07-05,SIP,HOSE,2206920000.0,18140000.0,2188780000.0,24200.0,200.0,24000.0,0.0,0.0,0.0,0.0,92100.0,92100.0,90400.0,90500.0,91000.0,HSX_FOREIGN_API,HOSE_SYMBOL_LEVEL,VND,2026-08-25T04:21:07Z,ff_hsx_symbol_daily_v1,c5f2a154c48f69e1319d4b92905a6546f325d7e5966eeca7a5cc062990c10a81
2024-07-08,SIP,HOSE,8883240000.0,0.0,8883240000.0,96300.0,0.0,96300.0,0.0,0.0,0.0,0.0,90800.0,93400.0,90800.0,92900.0,92450.0,HSX_FOREIGN_API,HOSE_SYMBOL_LEVEL,VND,2026-08-25T04:21:07Z,ff_hsx_symbol_daily_v1,712e85f757dfd95b0849b8af27389e4a487e6ecd1d293fd7bc5b4e0d9cc20c4f
2024-07-09,SIP,HOSE,4919670000.0,392900000.0,4526770000.0,52500.0,4200.0,48300.0,0.0,0.0,0.0,0.0,93800.0,94400.0,92200.0,92200.0,93400.0,HSX_FOREIGN_API,HOSE_SYMBOL_LEVEL,VND,2026-08-25T04:21:07Z,ff_hsx_symbol_daily_v1,bfc559629d063a188dc4de36ff7d0a3157edcda032c3ea119f35350e4437218e
2024-07-10,SIP,HOSE,826910000.0,908420000.0,-81510000.0,10000.0,11000.0,-1000.0,0.0,0.0,0.0,0.0,82000.0,83400.0,81500.0,82300.0,82660.0,HSX_FOREIGN_API,HOSE_SYMBOL_LEVEL,VND,2026-08-25T04:21:07Z,ff_hsx_symbol_daily_v1,00842e9cab6acd62f618e02de019bf23ba3d65b84820ab2517e40f6fb81b6b8f
2024-07-11,SIP,HOSE,0.0,6505770000.0,-6505770000.0,0.0,79300.0,-79300.0,0.0,0.0,0.0,0.0,82500.0,82900.0,81000.0,81400.0,81840.0,HSX_FOREIGN_API,HOSE_SYMBOL_LEVEL,VND,2026-08-25T04:21:07Z,ff_hsx_symbol_daily_v1,274956cbc598447b52ed702c555e49a77df0d53bf18238bf8a0a2c4c73dac40d
2024-07-12,SIP,HOSE,0.0,3014140000.0,-3014140000.0,0.0,37100.0,-37100.0,0.0,0.0,0.0,0.0,81500.0,81900.0,80500.0,81400.0,81100.0,HSX_FOREIGN_API,HOSE_SYMBOL_LEVEL,VND,2026-08-25T04:21:07Z,ff_hsx_symbol_daily_v1,b2106c453169670529ea39ca4c59324f60c6c2d6bd89a8a4f329b445524baf64
2024-07-15,SIP,HOSE,205860000.0,508980000.0,-303120000.0,2500.0,6200.0,-3700.0,0.0,0.0,0.0,0.0,81600.0,83300.0,81600.0,82800.0,82400.0,HSX_FOREIGN_API,HOSE_SYMBOL_LEVEL,VND,2026-08-25T04:21:07Z,ff_hsx_symbol_daily_v1,b9b3ab6bf85557ecd1b92dc0d8f4a39f6e55a658e7be8fdc89ae2da47bc4a9ce
2024-07-16,SIP,HOSE,26393630000.0,1831010000.0,24562620000.0,305300.0,21200.0,284100.0,0.0,0.0,0.0,0.0,83000.0,87500.0,83000.0,86900.0,86230.0,HSX_FOREIGN_API,HOSE_SYMBOL_LEVEL,VND,2026-08-25T04:21:07Z,ff_hsx_symbol_daily_v1,14e837294abb00b091a26db759a3f4f65a2c45fbf4ed15252ac6e7bcfb49d596
2024-07-17,SIP,HOSE,12188030000.0,1691880000.0,10496150000.0,142300.0,19900.0,122400.0,0.0,0.0,0.0,0.0,87900.0,87900.0,81800.0,82900.0,85130.0,HSX_FOREIGN_API,HOSE_SYMBOL_LEVEL,VND,2026-08-25T04:21:07Z,ff_hsx_symbol_daily_v1,551afeecf898be9f7e7a932fc2ee80e6dc987d18930d6587f12f5ec064a86d88
2024-07-18,SIP,HOSE,2415740000.0,658100000.0,1757640000.0,29400.0,8000.0,21400.0,0.0,0.0,0.0,0.0,83000.0,83300.0,80800.0,83200.0,82030.0,HSX_FOREIGN_API,HOSE_SYMBOL_LEVEL,VND,2026-08-25T04:21:07Z,ff_hsx_symbol_daily_v1,35b1ea079db2ebda7a76e630cee488f51e497b8e3b25ca837b2fdc9a673b673c
2024-07-19,SIP,HOSE,2234350000.0,1380810000.0,853540000.0,27300.0,16800.0,10500.0,0.0,0.0,0.0,0.0,83200.0,83200.0,81200.0,82000.0,81960.0,HSX_FOREIGN_API,HOSE_SYMBOL_LEVEL,VND,2026-08-25T04:21:07Z,ff_hsx_symbol_daily_v1,706d43fa9e8f4964df9dca58cc536b2cf8d5ad82f908e668c7cc329a267f2f3e
2024-07-22,SIP,HOSE,9416860000.0,6291330000.0,3125530000.0,118700.0,79200.0,39500.0,0.0,0.0,0.0,0.0,82000.0,82000.0,77600.0,79000.0,79200.0,HSX_FOREIGN_API,HOSE_SYMBOL_LEVEL,VND,2026-08-25T04:21:07Z,ff_hsx_symbol_daily_v1,f303b26e58e5c060d9d9bfee4a0ce2759acca81faca32ab9c8b6c7c217dfbfb9
2024-07-23,SIP,HOSE,9165530000.0,4466610000.0,4698920000.0,119500.0,57700.0,61800.0,0.0,0.0,0.0,0.0,78500.0,79500.0,74700.0,75500.0,76800.0,HSX_FOREIGN_API,HOSE_SYMBOL_LEVEL,VND,2026-08-25T04:21:07Z,ff_hsx_symbol_daily_v1,dbddc5ff1687c064712b6757e91cb25295fe01fa355db7ddeb76574e0c394308
2024-07-24,SIP,HOSE,33316040000.0,8524400000.0,24791640000.0,431100.0,109700.0,321400.0,0.0,0.0,0.0,0.0,74300.0,79900.0,73500.0,78000.0,77030.0,HSX_FOREIGN_API,HOSE_SYMBOL_LEVEL,VND,2026-08-25T04:21:07Z,ff_hsx_symbol_daily_v1,59215480098accdec1d526c0acc1c9125f36d9240664756a1506a6afe1e9bb4e
2024-07-25,SIP,HOSE,2343400000.0,370000000.0,1973400000.0,30300.0,4800.0,25500.0,0.0,0.0,0.0,0.0,76200.0,78000.0,76200.0,77800.0,77400.0,HSX_FOREIGN_API,HOSE_SYMBOL_LEVEL,VND,2026-08-25T04:21:07Z,ff_hsx_symbol_daily_v1,78582e58ab478c025b4f143078d78a9562f4a960e463cf4fa1cf0fe0d329a2c4
2024-07-26,SIP,HOSE,851610000.0,1692250000.0,-840640000.0,11100.0,21700.0,-10600.0,0.0,1560000000.0,0.0,20000.0,77800.0,78500.0,76000.0,78400.0,77550.0,HSX_FOREIGN_API,HOSE_SYMBOL_LEVEL,VND,2026-08-25T04:21:07Z,ff_hsx_symbol_daily_v1,ee464ab82f78c543c3fdb0e2273605a62e1234175cf2c014d511789fd175b3f2
2024-07-29,SIP,HOSE,10911660000.0,179720000.0,10731940000.0,143100.0,2300.0,140800.0,0.0,0.0,0.0,0.0,79000.0,79200.0,75000.0,78000.0,75810.0,HSX_FOREIGN_API,HOSE_SYMBOL_LEVEL,VND,2026-08-25T04:21:07Z,ff_hsx_symbol_daily_v1,114a148954c36e874ca3e0ed64be51742c2ae059cadebe3bbabe322e2d1949e6
2024-07-30,SIP,HOSE,3094770000.0,885620000.0,2209150000.0,40100.0,11600.0,28500.0,1550640000.0,0.0,20000.0,0.0,77600.0,77600.0,75200.0,77500.0,76190.0,HSX_FOREIGN_API,HOSE_SYMBOL_LEVEL,VND,2026-08-25T04:21:07Z,ff_hsx_symbol_daily_v1,84ef51415aa3534816cf24b08020c834e9d67948ea4c2eb9dcd966c29d239206
2024-07-31,SIP,HOSE,1813540000.0,5249580000.0,-3436040000.0,24200.0,68900.0,-44700.0,0.0,0.0,0.0,0.0,77500.0,77600.0,74800.0,74800.0,75440.0,HSX_FOREIGN_API,HOSE_SYMBOL_LEVEL,VND,2026-08-25T04:21:07Z,ff_hsx_symbol_daily_v1,6dd1a807cdb27560cdba3b4784592fbe8b8f4c093a0741ce4a6965e467d989f5
2024-08-01,SIP,HOSE,274620000.0,13274480000.0,-12999860000.0,3800.0,183000.0,-179200.0,0.0,1560300000.0,0.0,21000.0,75000.0,75200.0,70100.0,71800.0,71950.0,HSX_FOREIGN_API,HOSE_SYMBOL_LEVEL,VND,2026-08-25T04:21:07Z,ff_hsx_symbol_daily_v1,1983111717467abcc1688ba99a35c501d4291cd2ca5f3aa6bc772d916dfb4764
2024-08-02,SIP,HOSE,1541410000.0,3546290000.0,-2004880000.0,21800.0,50100.0,-28300.0,0.0,0.0,0.0,0.0,70000.0,73700.0,69100.0,73700.0,70960.0,HSX_FOREIGN_API,HOSE_SYMBOL_LEVEL,VND,2026-08-25T04:21:07Z,ff_hsx_symbol_daily_v1,056e315cfc6975b2b9df8cc13c3d39418de86441575d84e2cab9d6513a502581
2024-08-05,SIP,HOSE,3206304000.0,1113910000.0,2092394000.0,44900.0,15700.0,29200.0,1550934000.0,0.0,21000.0,0.0,72900.0,72900.0,68600.0,68600.0,70080.0,HSX_FOREIGN_API,HOSE_SYMBOL_LEVEL,VND,2026-08-25T04:21:07Z,ff_hsx_symbol_daily_v1,d44812821e307fcb66568b1de4479442d52f4f558e17224dd8f105a192b15516
2024-08-06,SIP,HOSE,0.0,2523730000.0,-2523730000.0,0.0,36200.0,-36200.0,0.0,0.0,0.0,0.0,72000.0,72000.0,68600.0,71000.0,69890.0,HSX_FOREIGN_API,HOSE_SYMBOL_LEVEL,VND,2026-08-25T04:21:07Z,ff_hsx_symbol_daily_v1,edd30f422eb1e387d8006bac793b82d39ea7c4e03ee1a5844d0964874bab9351
2024-08-07,SIP,HOSE,249980000.0,1192580000.0,-942600000.0,3500.0,16800.0,-13300.0,0.0,0.0,0.0,0.0,71900.0,71900.0,70200.0,71000.0,70950.0,HSX_FOREIGN_API,HOSE_SYMBOL_LEVEL,VND,2026-08-25T04:21:07Z,ff_hsx_symbol_daily_v1,d1fe812db10dfad5da94cbf3650e4eea3d8cfb56c7db82ed492e7e906ea95eef
2024-08-08,SIP,HOSE,580060000.0,1919980000.0,-1339920000.0,8200.0,27400.0,-19200.0,0.0,0.0,0.0,0.0,71400.0,71400.0,69300.0,70700.0,70080.0,HSX_FOREIGN_API,HOSE_SYMBOL_LEVEL,VND,2026-08-25T04:21:07Z,ff_hsx_symbol_daily_v1,40ed88f3aed0aa5e65dff7928db7529dd9a23d6aa08ac27daff18c6c8f63726c
2024-08-09,SIP,HOSE,339020000.0,0.0,339020000.0,4800.0,0.0,4800.0,0.0,0.0,0.0,0.0,70700.0,71400.0,70000.0,70800.0,70570.0,HSX_FOREIGN_API,HOSE_SYMBOL_LEVEL,VND,2026-08-25T04:21:07Z,ff_hsx_symbol_daily_v1,647ba8220aeb3d87748f76d2a23a667323803ffb7463c861ce7e675c26c6b101
2024-08-12,SIP,HOSE,9478400000.0,21830000.0,9456570000.0,133100.0,300.0,132800.0,0.0,0.0,0.0,0.0,70800.0,73300.0,70400.0,73300.0,71340.0,HSX_FOREIGN_API,HOSE_SYMBOL_LEVEL,VND,2026-08-25T04:21:07Z,ff_hsx_symbol_daily_v1,cae2fdff9440f91fb647ff4a505917f2db903e31b217dc69878eb5c0b76c923d
2024-08-13,SIP,HOSE,366000000.0,22080000.0,343920000.0,5000.0,300.0,4700.0,0.0,0.0,0.0,0.0,73800.0,74000.0,72100.0,73200.0,72940.0,HSX_FOREIGN_API,HOSE_SYMBOL_LEVEL,VND,2026-08-25T04:21:07Z,ff_hsx_symbol_daily_v1,20d7cf8ed75d55d168982fa91791fb2acc7e1771c9526ad6c673badf08654cb3
2024-08-14,SIP,HOSE,1272010000.0,124690000.0,1147320000.0,17500.0,1700.0,15800.0,0.0,0.0,0.0,0.0,73700.0,73700.0,72400.0,72400.0,73120.0,HSX_FOREIGN_API,HOSE_SYMBOL_LEVEL,VND,2026-08-25T04:21:07Z,ff_hsx_symbol_daily_v1,7815e3d012fddd9e356ae94b8a931324fa53a827e4549a4d37f33162719cd6f7
2024-08-15,SIP,HOSE,575440000.0,4488610000.0,-3913170000.0,8100.0,63100.0,-55000.0,0.0,0.0,0.0,0.0,72800.0,72800.0,70100.0,70200.0,70810.0,HSX_FOREIGN_API,HOSE_SYMBOL_LEVEL,VND,2026-08-25T04:21:07Z,ff_hsx_symbol_daily_v1,3c45865f69a1b140b76ce3739a61231d24560c70c48b76042f9ffbf988394629
2024-08-16,SIP,HOSE,0.0,939930000.0,-939930000.0,0.0,13000.0,-13000.0,0.0,0.0,0.0,0.0,70400.0,73700.0,70400.0,73500.0,72610.0,HSX_FOREIGN_API,HOSE_SYMBOL_LEVEL,VND,2026-08-25T04:21:07Z,ff_hsx_symbol_daily_v1,78271bb42dd19f0437d8cff82a0653b85b032510f69e2048b6e7d32f16351959
2024-08-19,SIP,HOSE,1230250000.0,634840000.0,595410000.0,16600.0,8600.0,8000.0,0.0,0.0,0.0,0.0,73600.0,74900.0,73100.0,74800.0,74030.0,HSX_FOREIGN_API,HOSE_SYMBOL_LEVEL,VND,2026-08-25T04:21:07Z,ff_hsx_symbol_daily_v1,542e18a43f9b8e94724fa30f54eb5c760fd30daa88b4cd49da9abe6b660ba5e6
2024-08-20,SIP,HOSE,469640000.0,4024560000.0,-3554920000.0,6300.0,54200.0,-47900.0,0.0,0.0,0.0,0.0,74100.0,75000.0,73900.0,75000.0,74470.0,HSX_FOREIGN_API,HOSE_SYMBOL_LEVEL,VND,2026-08-25T04:21:07Z,ff_hsx_symbol_daily_v1,81c452834d6c022885c5145cf49233e68de305d6cbf4e2e9410d489c9d9816fc
2024-08-21,SIP,HOSE,244840000.0,2240810000.0,-1995970000.0,3300.0,30300.0,-27000.0,0.0,0.0,0.0,0.0,75000.0,75000.0,73700.0,74700.0,74110.0,HSX_FOREIGN_API,HOSE_SYMBOL_LEVEL,VND,2026-08-25T04:21:07Z,ff_hsx_symbol_daily_v1,76cc41edef5330eb4a41fbd17f440702eafe17dd3a0c86cec376c20032b48416
2024-08-22,SIP,HOSE,295200000.0,2128690000.0,-1833490000.0,4000.0,28800.0,-24800.0,0.0,0.0,0.0,0.0,74200.0,74700.0,73700.0,74600.0,74030.0,HSX_FOREIGN_API,HOSE_SYMBOL_LEVEL,VND,2026-08-25T04:21:07Z,ff_hsx_symbol_daily_v1,8492ad071fa91483a3baf9f67a05b24f62679a65d7aba55e112ccdc261777dea
2024-08-23,SIP,HOSE,2038560000.0,3606212100.0,-1567652100.0,27200.0,48020.0,-20820.0,0.0,0.0,0.0,0.0,74200.0,76400.0,74000.0,75200.0,75000.0,HSX_FOREIGN_API,HOSE_SYMBOL_LEVEL,VND,2026-08-25T04:21:07Z,ff_hsx_symbol_daily_v1,cd0f9e20effad9ed29ad07a239d39e71609cb5860d355059d976b5616b9ca637
2024-08-26,SIP,HOSE,27238280000.0,1925130000.0,25313150000.0,360900.0,25500.0,335400.0,0.0,0.0,0.0,0.0,75400.0,76400.0,72500.0,75400.0,74830.0,HSX_FOREIGN_API,HOSE_SYMBOL_LEVEL,VND,2026-08-25T04:21:07Z,ff_hsx_symbol_daily_v1,4dc721a05461cabbf65ed2fe8b0f23beae0f8d6a9dc89afa37416c5d043ab461
2024-08-27,SIP,HOSE,16695910000.0,2171210000.0,14524700000.0,221000.0,29000.0,192000.0,0.0,0.0,0.0,0.0,75500.0,76300.0,74300.0,76000.0,75370.0,HSX_FOREIGN_API,HOSE_SYMBOL_LEVEL,VND,2026-08-25T04:21:07Z,ff_hsx_symbol_daily_v1,a08371a97851506958b355f4e6617814055e32cac53170956bfb15f18637a9ba
2024-08-28,SIP,HOSE,12633700000.0,705610000.0,11928090000.0,166700.0,9300.0,157400.0,0.0,0.0,0.0,0.0,76000.0,76700.0,74600.0,75900.0,75620.0,HSX_FOREIGN_API,HOSE_SYMBOL_LEVEL,VND,2026-08-25T04:21:07Z,ff_hsx_symbol_daily_v1,efe45c889b560bc208e4a1d2138f31ee31e57cf6577b3515ab3558d9dff1fb04
2024-08-29,SIP,HOSE,12310930000.0,3064510000.0,9246420000.0,162000.0,40400.0,121600.0,0.0,0.0,0.0,0.0,75900.0,76400.0,75100.0,75900.0,75860.0,HSX_FOREIGN_API,HOSE_SYMBOL_LEVEL,VND,2026-08-25T04:21:07Z,ff_hsx_symbol_daily_v1,987685a98deb5162fa7195e3972ba30c721c2e71436f62b6176ecf680d80a70d
2024-08-30,SIP,HOSE,14120299200.0,3327480000.0,10792819200.0,184788.0,43700.0,141088.0,0.0,0.0,0.0,0.0,75900.0,76900.0,75400.0,76900.0,76090.0,HSX_FOREIGN_API,HOSE_SYMBOL_LEVEL,VND,2026-08-25T04:21:07Z,ff_hsx_symbol_daily_v1,03a43c635d86d9dd179fef6b266a040ba6c5c158af9299ed47088aec87972ba3
2024-09-04,SIP,HOSE,1072110000.0,1094050000.0,-21940000.0,14100.0,14400.0,-300.0,0.0,0.0,0.0,0.0,76300.0,76400.0,75300.0,76200.0,75900.0,HSX_FOREIGN_API,HOSE_SYMBOL_LEVEL,VND,2026-08-25T04:21:07Z,ff_hsx_symbol_daily_v1,b66826411ed0c561853a4d3bccdc120c9520283f02f085f09940d5452c799f5d
2024-09-05,SIP,HOSE,374150000.0,67870000.0,306280000.0,5000.0,900.0,4100.0,0.0,0.0,0.0,0.0,76400.0,76400.0,74200.0,74200.0,75020.0,HSX_FOREIGN_API,HOSE_SYMBOL_LEVEL,VND,2026-08-25T04:21:07Z,ff_hsx_symbol_daily_v1,b913064b90af432676877f94f9a12d260deda6bbc52fcf629c29ecd3f1adc399
2024-09-06,SIP,HOSE,3408530000.0,1603840000.0,1804690000.0,46300.0,21800.0,24500.0,0.0,0.0,0.0,0.0,73600.0,74400.0,73000.0,74200.0,73610.0,HSX_FOREIGN_API,HOSE_SYMBOL_LEVEL,VND,2026-08-25T04:21:07Z,ff_hsx_symbol_daily_v1,3b863fda79e3f5eff0790e51d705ca1f25f8bfed59d775391e5b4f42a6dfc2f0
2024-09-09,SIP,HOSE,7616350000.0,3159390000.0,4456960000.0,103770.0,43200.0,60570.0,0.0,0.0,0.0,0.0,73800.0,74200.0,72700.0,73600.0,73210.0,HSX_FOREIGN_API,HOSE_SYMBOL_LEVEL,VND,2026-08-25T04:21:07Z,ff_hsx_symbol_daily_v1,5956694ff3927f76ad2f942dfb3d8e01e30148da8009c4c040d8a2499cad3b34
2024-09-10,SIP,HOSE,4644440000.0,2114460000.0,2529980000.0,63700.0,29000.0,34700.0,0.0,0.0,0.0,0.0,73900.0,73900.0,72000.0,72000.0,72710.0,HSX_FOREIGN_API,HOSE_SYMBOL_LEVEL,VND,2026-08-25T04:21:07Z,ff_hsx_symbol_daily_v1,a62b42498c071d841c8189ee01e6a782ec77405b93a29578866c78462f951077
2024-09-11,SIP,HOSE,4303952000.0,304140000.0,3999812000.0,59650.0,4200.0,55450.0,0.0,0.0,0.0,0.0,72000.0,72700.0,71900.0,72600.0,72100.0,HSX_FOREIGN_API,HOSE_SYMBOL_LEVEL,VND,2026-08-25T04:21:07Z,ff_hsx_symbol_daily_v1,108a04aa85b01477c4934fd0db3211cc365f4c74d3ffc3a6002284fcc3f4bd8e
2024-09-12,SIP,HOSE,6910849000.0,197390000.0,6713459000.0,94515.0,2700.0,91815.0,0.0,0.0,0.0,0.0,72800.0,73500.0,72700.0,73200.0,73040.0,HSX_FOREIGN_API,HOSE_SYMBOL_LEVEL,VND,2026-08-25T04:21:07Z,ff_hsx_symbol_daily_v1,e0cc1cf7ded11f328ec2572fe3b1fda1ae0a84166dcb6d84544a955adc54c566
2024-09-13,SIP,HOSE,5095570000.0,29460000.0,5066110000.0,69500.0,400.0,69100.0,0.0,0.0,0.0,0.0,73600.0,73700.0,73000.0,73500.0,73210.0,HSX_FOREIGN_API,HOSE_SYMBOL_LEVEL,VND,2026-08-25T04:21:07Z,ff_hsx_symbol_daily_v1,193fc082466543cd8dd45bbc84447715a25ec9fb1a9d5b3a5c7525ed819a6df0
2024-09-16,SIP,HOSE,6465400000.0,7340000.0,6458060000.0,87900.0,100.0,87800.0,0.0,0.0,0.0,0.0,73500.0,74100.0,73000.0,73400.0,73620.0,HSX_FOREIGN_API,HOSE_SYMBOL_LEVEL,VND,2026-08-25T04:21:07Z,ff_hsx_symbol_daily_v1,8e951d8c861882e9e0f40bc8eed45eb6c6bd67c47a04a8cede7b8723ba0ea84e
2024-09-17,SIP,HOSE,1513282000.0,21980000.0,1491302000.0,20635.0,300.0,20335.0,0.0,0.0,0.0,0.0,73400.0,74000.0,73000.0,74000.0,73400.0,HSX_FOREIGN_API,HOSE_SYMBOL_LEVEL,VND,2026-08-25T04:21:07Z,ff_hsx_symbol_daily_v1,c07d25cd559e5fc2e5b7e558485efc604e9295f59c0f38a0d213c6a77f33de7a
2024-09-18,SIP,HOSE,1351980000.0,912870000.0,439110000.0,18200.0,12300.0,5900.0,0.0,0.0,0.0,0.0,73700.0,74500.0,73700.0,74400.0,74280.0,HSX_FOREIGN_API,HOSE_SYMBOL_LEVEL,VND,2026-08-25T04:21:07Z,ff_hsx_symbol_daily_v1,bcf671b72e04d60fee5ec683586e61e2e393fad82d5529f754adbb0f201034a4
2024-09-19,SIP,HOSE,1649080000.0,841620000.0,807460000.0,22200.0,11300.0,10900.0,0.0,0.0,0.0,0.0,74700.0,74700.0,73900.0,74600.0,74230.0,HSX_FOREIGN_API,HOSE_SYMBOL_LEVEL,VND,2026-08-25T04:21:07Z,ff_hsx_symbol_daily_v1,21dd201671df45f8225333f655c252f84292907d1323324e922098334df7bcd4
2024-09-20,SIP,HOSE,0.0,216660000.0,-216660000.0,0.0,2900.0,-2900.0,0.0,0.0,0.0,0.0,75100.0,75300.0,73500.0,73500.0,74290.0,HSX_FOREIGN_API,HOSE_SYMBOL_LEVEL,VND,2026-08-25T04:21:07Z,ff_hsx_symbol_daily_v1,2e8d6883f8a3eb43b80d872d8febc23cd80ff6db1e04c57a0eb3dc2f9071fa2c
2024-09-23,SIP,HOSE,73700000.0,2504101800.0,-2430401800.0,1000.0,34295.0,-33295.0,0.0,0.0,0.0,0.0,74000.0,74000.0,72700.0,72700.0,73350.0,HSX_FOREIGN_API,HOSE_SYMBOL_LEVEL,VND,2026-08-25T04:21:07Z,ff_hsx_symbol_daily_v1,e6ad79919a55c72b769adc403bd2b0ac40187da26f9d828a394d8580c42d73ce
2024-09-24,SIP,HOSE,233650000.0,4402330000.0,-4168680000.0,3200.0,60400.0,-57200.0,0.0,0.0,0.0,0.0,72500.0,74000.0,72500.0,73000.0,72950.0,HSX_FOREIGN_API,HOSE_SYMBOL_LEVEL,VND,2026-08-25T04:21:07Z,ff_hsx_symbol_daily_v1,11e07f27beb9430a60c1e68210442d6d755e0f60ce106d401ffdf79b5dc9afa7
2024-09-25,SIP,HOSE,6197970000.0,3705350000.0,2492620000.0,84000.0,50400.0,33600.0,0.0,0.0,0.0,0.0,73100.0,74100.0,73100.0,73900.0,73580.0,HSX_FOREIGN_API,HOSE_SYMBOL_LEVEL,VND,2026-08-25T04:21:07Z,ff_hsx_symbol_daily_v1,c7ce937ddfa3528670884c787a00481bc87118a19a62cfe5fe614e2313f8601a
2024-09-26,SIP,HOSE,1129167500.0,10682840000.0,-9553672500.0,15365.0,146200.0,-130835.0,0.0,0.0,0.0,0.0,73900.0,74000.0,72600.0,72600.0,73120.0,HSX_FOREIGN_API,HOSE_SYMBOL_LEVEL,VND,2026-08-25T04:21:07Z,ff_hsx_symbol_daily_v1,73c3baeaac8f162e2062e1119e53f1b05998dba474016c149c1bfd766321d349
2024-09-27,SIP,HOSE,758951700.0,7115800000.0,-6356848300.0,10443.0,97900.0,-87457.0,0.0,0.0,0.0,0.0,72700.0,73200.0,72400.0,72500.0,72660.0,HSX_FOREIGN_API,HOSE_SYMBOL_LEVEL,VND,2026-08-25T04:21:07Z,ff_hsx_symbol_daily_v1,c41ab6e2787ddc526aa07019e3946d6908b7e40d6363c85b6ab4f38a562eaed1
2024-09-30,SIP,HOSE,0.0,7589240000.0,-7589240000.0,0.0,105800.0,-105800.0,0.0,0.0,0.0,0.0,72300.0,72500.0,71400.0,71400.0,71770.0,HSX_FOREIGN_API,HOSE_SYMBOL_LEVEL,VND,2026-08-25T04:21:07Z,ff_hsx_symbol_daily_v1,3aaab2624a7126aea508b76ace813ec866d2b52951dbb750853023fb84e13161
2024-10-01,SIP,HOSE,0.0,534100000.0,-534100000.0,0.0,7400.0,-7400.0,0.0,0.0,0.0,0.0,71500.0,72500.0,71400.0,72000.0,72050.0,HSX_FOREIGN_API,HOSE_SYMBOL_LEVEL,VND,2026-08-25T04:21:07Z,ff_hsx_symbol_daily_v1,10ef7fca443a2e9fc21f3cf947f8cc2ae31485a627e8a83f7fee20ca8acbd365
2024-10-02,SIP,HOSE,3930900000.0,372570000.0,3558330000.0,54000.0,5200.0,48800.0,0.0,0.0,0.0,0.0,72000.0,73200.0,71500.0,73000.0,72400.0,HSX_FOREIGN_API,HOSE_SYMBOL_LEVEL,VND,2026-08-25T04:21:07Z,ff_hsx_symbol_daily_v1,8fa4681e14914c9e3ef64847e88b1955587b7ee1bfe046ef35d0ef2cb6f862db
2024-10-03,SIP,HOSE,28580000.0,11871737000.0,-11843157000.0,400.0,165293.0,-164893.0,0.0,0.0,0.0,0.0,72500.0,73400.0,71000.0,72200.0,72080.0,HSX_FOREIGN_API,HOSE_SYMBOL_LEVEL,VND,2026-08-25T04:21:07Z,ff_hsx_symbol_daily_v1,523c478041c2e59c27c3b3700ac369cf6f748422f65f1742f9213e8164fc43d5
2024-10-04,SIP,HOSE,3314300000.0,4185356100.0,-871056100.0,46100.0,58311.0,-12211.0,0.0,0.0,0.0,0.0,72300.0,72300.0,71500.0,71900.0,71740.0,HSX_FOREIGN_API,HOSE_SYMBOL_LEVEL,VND,2026-08-25T04:21:07Z,ff_hsx_symbol_daily_v1,71049d933a0b068d3587b670d54ec51a60f77a12288e4277e6875ea67da6e80b
2024-10-07,SIP,HOSE,172520000.0,610510000.0,-437990000.0,2400.0,8500.0,-6100.0,0.0,0.0,0.0,0.0,71900.0,72200.0,71500.0,71500.0,71690.0,HSX_FOREIGN_API,HOSE_SYMBOL_LEVEL,VND,2026-08-25T04:21:07Z,ff_hsx_symbol_daily_v1,8bb159556a9183d9dc7cf060f16db833cbc046df9536023e7bc147f49e07f475
2024-10-08,SIP,HOSE,7777950000.0,86940000.0,7691010000.0,106300.0,1200.0,105100.0,0.0,0.0,0.0,0.0,71500.0,73800.0,71400.0,73100.0,72280.0,HSX_FOREIGN_API,HOSE_SYMBOL_LEVEL,VND,2026-08-25T04:21:07Z,ff_hsx_symbol_daily_v1,10f5ee0f7b4ba189a52bd3add128c32cb0fc8f51bc2ebd6fa6a93c19885131a6
2024-10-09,SIP,HOSE,3148730000.0,14680000.0,3134050000.0,43000.0,200.0,42800.0,0.0,0.0,0.0,0.0,73000.0,73500.0,72800.0,73300.0,73250.0,HSX_FOREIGN_API,HOSE_SYMBOL_LEVEL,VND,2026-08-25T04:21:07Z,ff_hsx_symbol_daily_v1,b7be36fb4e789dac6f32180b95f307cc778da69f9764c216ea5c68bfb97ac4c1
2024-10-10,SIP,HOSE,3535780000.0,0.0,3535780000.0,48100.0,0.0,48100.0,0.0,0.0,0.0,0.0,73300.0,74000.0,73100.0,73300.0,73540.0,HSX_FOREIGN_API,HOSE_SYMBOL_LEVEL,VND,2026-08-25T04:21:07Z,ff_hsx_symbol_daily_v1,5bfa4206e6519761d8cadf46ef2c6acff0b8754c1b930c752cc70d8191d0f227
2024-10-11,SIP,HOSE,2874187000.0,73660000.0,2800527000.0,39031.0,1000.0,38031.0,0.0,0.0,0.0,0.0,73300.0,73900.0,73300.0,73500.0,73620.0,HSX_FOREIGN_API,HOSE_SYMBOL_LEVEL,VND,2026-08-25T04:21:07Z,ff_hsx_symbol_daily_v1,026eb20f78b52336e67d31cd89a9858bda5ee7aeda2e0a478b3745ce373ebbb9
2024-10-14,SIP,HOSE,6081560000.0,247830000.0,5833730000.0,81500.0,3300.0,78200.0,0.0,0.0,0.0,0.0,73500.0,75300.0,73500.0,74300.0,74620.0,HSX_FOREIGN_API,HOSE_SYMBOL_LEVEL,VND,2026-08-25T04:21:07Z,ff_hsx_symbol_daily_v1,5f8dc247c0a6cf8d114092187f5263f1d4e7a033d725e15d78ddbd357f620232
2024-10-15,SIP,HOSE,477630000.0,364620000.0,113010000.0,6400.0,4900.0,1500.0,0.0,0.0,0.0,0.0,74300.0,75400.0,74000.0,74000.0,74620.0,HSX_FOREIGN_API,HOSE_SYMBOL_LEVEL,VND,2026-08-25T04:21:07Z,ff_hsx_symbol_daily_v1,8c233607894b422a1f81c38ce3b0dad72edd59ee5d7b4b055b03cc1fa9589b05
2024-10-16,SIP,HOSE,14680000.0,1497030000.0,-1482350000.0,200.0,20300.0,-20100.0,0.0,0.0,0.0,0.0,74100.0,75000.0,73000.0,73300.0,73790.0,HSX_FOREIGN_API,HOSE_SYMBOL_LEVEL,VND,2026-08-25T04:21:07Z,ff_hsx_symbol_daily_v1,fed1527a56dd2053e66968c74d9b940b723f89dc14daeadebb38657c7fca1edd
2024-10-17,SIP,HOSE,22020000.0,1841420000.0,-1819400000.0,300.0,25300.0,-25000.0,0.0,0.0,0.0,0.0,73500.0,73500.0,72400.0,73100.0,72860.0,HSX_FOREIGN_API,HOSE_SYMBOL_LEVEL,VND,2026-08-25T04:21:07Z,ff_hsx_symbol_daily_v1,9bdb22d4177cc575bc8160d9d72258fb0bafccedb151ed48def3cd71025b8a5e
2024-10-18,SIP,HOSE,493150000.0,445672800.0,47477200.0,6700.0,6056.0,644.0,0.0,0.0,0.0,0.0,73200.0,74100.0,73200.0,73200.0,73670.0,HSX_FOREIGN_API,HOSE_SYMBOL_LEVEL,VND,2026-08-25T04:21:07Z,ff_hsx_symbol_daily_v1,5fa145a33de3b049dc5cd1e626b8647bf6f6d4ecfec197d1e647edc76074e977
2024-10-21,SIP,HOSE,284600000.0,1480440000.0,-1195840000.0,3900.0,20300.0,-16400.0,0.0,0.0,0.0,0.0,73700.0,73700.0,72300.0,72300.0,73160.0,HSX_FOREIGN_API,HOSE_SYMBOL_LEVEL,VND,2026-08-25T04:21:07Z,ff_hsx_symbol_daily_v1,a630f76df417f1ebd38ba505c1c9f55be47980fa733743bcb139886c32254d49
2024-10-22,SIP,HOSE,43160000.0,2231410000.0,-2188250000.0,600.0,31000.0,-30400.0,0.0,0.0,0.0,0.0,72100.0,72700.0,71600.0,71600.0,71920.0,HSX_FOREIGN_API,HOSE_SYMBOL_LEVEL,VND,2026-08-25T04:21:07Z,ff_hsx_symbol_daily_v1,f5b3ad047114a7e1a2d0b2b0ebcf5d403393e701b4339e27180a892b537621f9
2024-10-23,SIP,HOSE,49720000.0,2274930000.0,-2225210000.0,700.0,31800.0,-31100.0,0.0,0.0,0.0,0.0,71700.0,71800.0,71000.0,71600.0,71470.0,HSX_FOREIGN_API,HOSE_SYMBOL_LEVEL,VND,2026-08-25T04:21:07Z,ff_hsx_symbol_daily_v1,c2008c481eff75ccd1552c9a79ccdd77c9d3ea9cb570e3d14bf526d460c96bef
2024-10-24,SIP,HOSE,465390000.0,858300000.0,-392910000.0,6500.0,12000.0,-5500.0,0.0,0.0,0.0,0.0,71600.0,72000.0,71400.0,71500.0,71530.0,HSX_FOREIGN_API,HOSE_SYMBOL_LEVEL,VND,2026-08-25T04:21:07Z,ff_hsx_symbol_daily_v1,ac1088c4b3a3520d18449b720510a5b9fac6139b165089d30c9c11a592a2026d
2024-10-25,SIP,HOSE,21090000.0,1731660000.0,-1710570000.0,300.0,24400.0,-24100.0,0.0,0.0,0.0,0.0,71500.0,71600.0,70100.0,70100.0,70660.0,HSX_FOREIGN_API,HOSE_SYMBOL_LEVEL,VND,2026-08-25T04:21:07Z,ff_hsx_symbol_daily_v1,d0946031252c1f2980182408de91b94236283152e56160481c91818c59e838fd
2024-10-28,SIP,HOSE,0.0,98540000.0,-98540000.0,0.0,1400.0,-1400.0,0.0,0.0,0.0,0.0,70300.0,70900.0,70000.0,70500.0,70370.0,HSX_FOREIGN_API,HOSE_SYMBOL_LEVEL,VND,2026-08-25T04:21:07Z,ff_hsx_symbol_daily_v1,cc901db21be4f5ae8d2bfcb768d26020d3928dac7ef8c04998042625817d2408
2024-10-29,SIP,HOSE,14200000.0,788030000.0,-773830000.0,200.0,11100.0,-10900.0,0.0,0.0,0.0,0.0,70500.0,71500.0,70500.0,71000.0,70880.0,HSX_FOREIGN_API,HOSE_SYMBOL_LEVEL,VND,2026-08-25T04:21:07Z,ff_hsx_symbol_daily_v1,92fafc9cfe6c0b24ab44c202cf724879070540a0b01ed17131dcfd2a13fd3a57
2024-10-30,SIP,HOSE,4183670000.0,0.0,4183670000.0,56500.0,0.0,56500.0,0.0,0.0,0.0,0.0,73000.0,75000.0,72600.0,74200.0,73990.0,HSX_FOREIGN_API,HOSE_SYMBOL_LEVEL,VND,2026-08-25T04:21:07Z,ff_hsx_symbol_daily_v1,f550022163122442abdf3efc4fef86fb40ebb90a1099c232a9e9f2421e8d39b3
2024-10-31,SIP,HOSE,353062000.0,73900000.0,279162000.0,4767.0,1000.0,3767.0,0.0,0.0,0.0,0.0,74200.0,74300.0,73800.0,74100.0,74030.0,HSX_FOREIGN_API,HOSE_SYMBOL_LEVEL,VND,2026-08-25T04:21:07Z,ff_hsx_symbol_daily_v1,fcbd4e2f7fed8ce4f06635ae63ff14c75a9b10e42ce5a61969f405764593fc18
2024-11-01,SIP,HOSE,244590000.0,66350000.0,178240000.0,3300.0,900.0,2400.0,0.0,0.0,0.0,0.0,73400.0,74400.0,73100.0,73700.0,73770.0,HSX_FOREIGN_API,HOSE_SYMBOL_LEVEL,VND,2026-08-25T04:21:07Z,ff_hsx_symbol_daily_v1,d2c7e0b4b3492f1fd869726eb7b0fcb83fcc6ff35eaec5e76e1e50ab6045d6e7
2024-11-04,SIP,HOSE,0.0,2263740000.0,-2263740000.0,0.0,31200.0,-31200.0,0.0,0.0,0.0,0.0,74300.0,74300.0,72000.0,72100.0,72400.0,HSX_FOREIGN_API,HOSE_SYMBOL_LEVEL,VND,2026-08-25T04:21:07Z,ff_hsx_symbol_daily_v1,f2304d9fd4aaeae4488d83535961d68325c0882d8e938671775c23acd21847d5
2024-11-05,SIP,HOSE,1341920000.0,532290000.0,809630000.0,18200.0,7300.0,10900.0,0.0,0.0,0.0,0.0,72600.0,74000.0,72000.0,74000.0,72560.0,HSX_FOREIGN_API,HOSE_SYMBOL_LEVEL,VND,2026-08-25T04:21:07Z,ff_hsx_symbol_daily_v1,20241a78eeb8c4c7eff2ee58f4cb253641b0be780a477b8856a2cb04d43b4ea6
2024-11-06,SIP,HOSE,11084802500.0,2119220000.0,8965582500.0,143200.0,27700.0,115500.0,0.0,0.0,0.0,0.0,74400.0,79100.0,74400.0,79100.0,78020.0,HSX_FOREIGN_API,HOSE_SYMBOL_LEVEL,VND,2026-08-25T04:21:07Z,ff_hsx_symbol_daily_v1,1e56c782530e80c78d5b5d818805b4837927e67bd7b7e6a1bee4cf8cab01b99b
2024-11-07,SIP,HOSE,10026390000.0,2629530000.0,7396860000.0,126400.0,33100.0,93300.0,0.0,0.0,0.0,0.0,78500.0,80400.0,78300.0,79400.0,79260.0,HSX_FOREIGN_API,HOSE_SYMBOL_LEVEL,VND,2026-08-25T04:21:07Z,ff_hsx_symbol_daily_v1,9920452e4a7dd10af988aeb72ddb3edde502a79ac100084f2cc9dae861a1b6d2
2024-11-08,SIP,HOSE,10699730000.0,1022270000.0,9677460000.0,133500.0,12800.0,120700.0,0.0,0.0,0.0,0.0,79400.0,81200.0,78400.0,81200.0,79840.0,HSX_FOREIGN_API,HOSE_SYMBOL_LEVEL,VND,2026-08-25T04:21:07Z,ff_hsx_symbol_daily_v1,4a02a5a01e1ffd2384756951cf8f054323388e250f888bdac3b37bbeee985f20
2024-11-11,SIP,HOSE,3519800000.0,4997100000.0,-1477300000.0,42900.0,61100.0,-18200.0,0.0,0.0,0.0,0.0,81300.0,82400.0,80200.0,82400.0,81670.0,HSX_FOREIGN_API,HOSE_SYMBOL_LEVEL,VND,2026-08-25T04:21:07Z,ff_hsx_symbol_daily_v1,875609f623f2f3a9dec857be5b0d589d635af69222337d96acc5b6c250af5212
2024-11-12,SIP,HOSE,1030090000.0,385070000.0,645020000.0,12600.0,4700.0,7900.0,0.0,0.0,0.0,0.0,82300.0,82300.0,81300.0,81900.0,81820.0,HSX_FOREIGN_API,HOSE_SYMBOL_LEVEL,VND,2026-08-25T04:21:07Z,ff_hsx_symbol_daily_v1,6121dc059b5103713e081482552e3c3cc44bdff6e94ea29f3695a061c9e5b77f
2024-11-13,SIP,HOSE,10650550000.0,569536800.0,10081013200.0,129600.0,6882.0,122718.0,0.0,0.0,0.0,0.0,81500.0,83500.0,81200.0,82800.0,82240.0,HSX_FOREIGN_API,HOSE_SYMBOL_LEVEL,VND,2026-08-25T04:21:07Z,ff_hsx_symbol_daily_v1,cdc3684e7c3c51911df22d2ec8a7dc72303605abccc91f40956a730dc3f1e19b
2024-11-14,SIP,HOSE,4368940000.0,445310000.0,3923630000.0,53300.0,5400.0,47900.0,0.0,0.0,0.0,0.0,82400.0,82800.0,81100.0,82000.0,81900.0,HSX_FOREIGN_API,HOSE_SYMBOL_LEVEL,VND,2026-08-25T04:21:07Z,ff_hsx_symbol_daily_v1,e58063c0cff256ecc4d51d2a34f7d4c299e12a4654ccc3357c044b4f867b0f2b
2024-11-15,SIP,HOSE,13516730000.0,2460010000.0,11056720000.0,166200.0,29550.0,136650.0,0.0,0.0,0.0,0.0,81000.0,86600.0,79900.0,81900.0,81730.0,HSX_FOREIGN_API,HOSE_SYMBOL_LEVEL,VND,2026-08-25T04:21:07Z,ff_hsx_symbol_daily_v1,9d0b957d587c7de4fc98c2f95b40be83d89a9ddba1c0cfa19e2e651f5711b605
2024-11-18,SIP,HOSE,7083800000.0,530090000.0,6553710000.0,89000.0,6600.0,82400.0,0.0,0.0,0.0,0.0,81900.0,81900.0,77900.0,77900.0,79440.0,HSX_FOREIGN_API,HOSE_SYMBOL_LEVEL,VND,2026-08-25T04:21:07Z,ff_hsx_symbol_daily_v1,a58d6b4e4387774b44010fe1970320ba28dfac719b87369bf7f485ee77d2df75
2024-11-19,SIP,HOSE,11153250000.0,1449570000.0,9703680000.0,146800.0,18800.0,128000.0,0.0,0.0,0.0,0.0,78500.0,78700.0,74500.0,74500.0,76340.0,HSX_FOREIGN_API,HOSE_SYMBOL_LEVEL,VND,2026-08-25T04:21:07Z,ff_hsx_symbol_daily_v1,035672defd27681ffb8917ef1c6ca2dcf867d1e07a5bddfef0d96e52bf63a44a
2024-11-20,SIP,HOSE,6042870000.0,197110000.0,5845760000.0,80500.0,2600.0,77900.0,0.0,0.0,0.0,0.0,75000.0,76000.0,73000.0,75000.0,75060.0,HSX_FOREIGN_API,HOSE_SYMBOL_LEVEL,VND,2026-08-25T04:21:07Z,ff_hsx_symbol_daily_v1,28f0e6ba205451fc6f0009c17a289a9018c0a0ed591b796ef771728202e51292
2024-11-21,SIP,HOSE,6746120000.0,3144060000.0,3602060000.0,89700.0,41800.0,47900.0,0.0,0.0,0.0,0.0,75100.0,76200.0,73800.0,75700.0,74870.0,HSX_FOREIGN_API,HOSE_SYMBOL_LEVEL,VND,2026-08-25T04:21:07Z,ff_hsx_symbol_daily_v1,17b39e085982daf5250b52f0fef82009e80e18052c531a89edcb3358da50fdbc
2024-11-22,SIP,HOSE,5302720000.0,1414290000.0,3888430000.0,70200.0,18700.0,51500.0,0.0,0.0,0.0,0.0,75500.0,76100.0,74500.0,75500.0,75350.0,HSX_FOREIGN_API,HOSE_SYMBOL_LEVEL,VND,2026-08-25T04:21:07Z,ff_hsx_symbol_daily_v1,fd018cd05d9cb873776438284318c13011c983e88442557140bedcdda3444fc1
2024-11-25,SIP,HOSE,11118450000.0,1324340000.0,9794110000.0,144500.0,17300.0,127200.0,0.0,0.0,0.0,0.0,75500.0,77300.0,75500.0,77300.0,76630.0,HSX_FOREIGN_API,HOSE_SYMBOL_LEVEL,VND,2026-08-25T04:21:07Z,ff_hsx_symbol_daily_v1,a31bdc5e00700117a540dd59a2a51ee9125eff88eb8ccdf4c8fb8e3df2a97fd8
2024-11-26,SIP,HOSE,5068630000.0,3711700000.0,1356930000.0,65200.0,47800.0,17400.0,0.0,0.0,0.0,0.0,77300.0,78100.0,77000.0,78000.0,77660.0,HSX_FOREIGN_API,HOSE_SYMBOL_LEVEL,VND,2026-08-25T04:21:07Z,ff_hsx_symbol_daily_v1,4e4967718f0425554c47f08af6b8489e6ad24c3712083cb7be4ef30fd64223f0
2024-11-27,SIP,HOSE,1021590000.0,2592370000.0,-1570780000.0,13200.0,33500.0,-20300.0,0.0,0.0,0.0,0.0,78000.0,78100.0,76600.0,77000.0,77110.0,HSX_FOREIGN_API,HOSE_SYMBOL_LEVEL,VND,2026-08-25T04:21:07Z,ff_hsx_symbol_daily_v1,f214c11976f812d696eb450603fa9e1d7c02dd0e69bff07b43267bb8b1dab830
2024-11-28,SIP,HOSE,9019880000.0,880250000.0,8139630000.0,115700.0,11300.0,104400.0,0.0,0.0,0.0,0.0,77000.0,78500.0,77000.0,78400.0,77960.0,HSX_FOREIGN_API,HOSE_SYMBOL_LEVEL,VND,2026-08-25T04:21:07Z,ff_hsx_symbol_daily_v1,6b9967ca34b7c3228e8d58f00651ac952c4513c52fdd32ecbd5e03833dc2377a
2024-11-29,SIP,HOSE,0.0,2071880000.0,-2071880000.0,0.0,26400.0,-26400.0,0.0,0.0,0.0,0.0,78600.0,79300.0,77800.0,78600.0,78430.0,HSX_FOREIGN_API,HOSE_SYMBOL_LEVEL,VND,2026-08-25T04:21:07Z,ff_hsx_symbol_daily_v1,8d21d620ad691742b9f47365c9f71b3800c54e934f23fb07d4c06c2ebacc6812
2024-12-02,SIP,HOSE,9380820000.0,3696440000.0,5684380000.0,114800.0,46300.0,68500.0,0.0,0.0,0.0,0.0,78900.0,82700.0,78100.0,82200.0,81190.0,HSX_FOREIGN_API,HOSE_SYMBOL_LEVEL,VND,2026-08-25T04:21:07Z,ff_hsx_symbol_daily_v1,e2f5bc182fc9f7a32db27c46b95b42db02ee27ebd11f253160638ad527f08576
2024-12-03,SIP,HOSE,12796910000.0,5772540000.0,7024370000.0,153800.0,69300.0,84500.0,0.0,0.0,0.0,0.0,82200.0,83800.0,82000.0,83700.0,83180.0,HSX_FOREIGN_API,HOSE_SYMBOL_LEVEL,VND,2026-08-25T04:21:07Z,ff_hsx_symbol_daily_v1,bf12b446c125cd20e0091a7b0c4f687e932bb454a640803f47678dc7424b9b22
2024-12-04,SIP,HOSE,24897800000.0,2380620000.0,22517180000.0,295700.0,28600.0,267100.0,0.0,1653600000.0,0.0,20000.0,83700.0,85400.0,83200.0,84000.0,84300.0,HSX_FOREIGN_API,HOSE_SYMBOL_LEVEL,VND,2026-08-25T04:21:07Z,ff_hsx_symbol_daily_v1,82d886181c1075d4bf46f23e5f2770679ca00e9bdfc7c399cb26ca01f8de86ca
2024-12-05,SIP,HOSE,3201880000.0,1902140000.0,1299740000.0,38500.0,22700.0,15800.0,0.0,0.0,0.0,0.0,83600.0,84300.0,82200.0,84300.0,83460.0,HSX_FOREIGN_API,HOSE_SYMBOL_LEVEL,VND,2026-08-25T04:21:07Z,ff_hsx_symbol_daily_v1,06eb8cae021d79f244a024adbdb9eb9505c4a6165453be67e6274e2e96934f17
2024-12-06,SIP,HOSE,1846300000.0,14493660000.0,-12647360000.0,21500.0,170900.0,-149400.0,0.0,0.0,0.0,0.0,85500.0,86800.0,83500.0,84000.0,84930.0,HSX_FOREIGN_API,HOSE_SYMBOL_LEVEL,VND,2026-08-25T04:21:07Z,ff_hsx_symbol_daily_v1,1d2cb9f72c1e854c8a4a8a5b01dc7834f77da269261808a20d90b3c303a66312
2024-12-09,SIP,HOSE,19140770000.0,0.0,19140770000.0,228200.0,0.0,228200.0,0.0,0.0,0.0,0.0,84000.0,84500.0,83300.0,84000.0,83810.0,HSX_FOREIGN_API,HOSE_SYMBOL_LEVEL,VND,2026-08-25T04:21:07Z,ff_hsx_symbol_daily_v1,3408e685435c8271a84bd392a24375680c3e1275b13cfbafb0c4f160476217d5
2024-12-10,SIP,HOSE,12136110000.0,2178590000.0,9957520000.0,145000.0,26000.0,119000.0,0.0,0.0,0.0,0.0,83900.0,84700.0,82600.0,83600.0,83490.0,HSX_FOREIGN_API,HOSE_SYMBOL_LEVEL,VND,2026-08-25T04:21:07Z,ff_hsx_symbol_daily_v1,ac547adf5cecb1f533db5fe1aeafc28a0b65512e6e59f8115f2a09d260920945
2024-12-11,SIP,HOSE,4014290000.0,1286000000.0,2728290000.0,48000.0,15400.0,32600.0,0.0,0.0,0.0,0.0,84200.0,84200.0,83000.0,84000.0,83540.0,HSX_FOREIGN_API,HOSE_SYMBOL_LEVEL,VND,2026-08-25T04:21:07Z,ff_hsx_symbol_daily_v1,855fe1e97a09ca3549b328afe41b07e318f1b21ae24f3619151f87c285576bf3
2024-12-12,SIP,HOSE,10280160000.0,6423466500.0,3856693500.0,122400.0,76515.0,45885.0,0.0,0.0,0.0,0.0,83100.0,85400.0,82600.0,83500.0,83970.0,HSX_FOREIGN_API,HOSE_SYMBOL_LEVEL,VND,2026-08-25T04:21:07Z,ff_hsx_symbol_daily_v1,020de3ea0aa2db32ca8868838eea4ef772c20a64b3f503d78786a05c9a30fe02
2024-12-13,SIP,HOSE,1846480000.0,349180000.0,1497300000.0,22400.0,4200.0,18200.0,0.0,0.0,0.0,0.0,83500.0,83500.0,81900.0,82400.0,82570.0,HSX_FOREIGN_API,HOSE_SYMBOL_LEVEL,VND,2026-08-25T04:21:07Z,ff_hsx_symbol_daily_v1,1d1b375dc8d8e8367fb971ead510e48f3506fd0465588a1b39bb2b74351a3740
2024-12-16,SIP,HOSE,70619232000.0,4534050000.0,66085182000.0,832492.0,53400.0,779092.0,0.0,0.0,0.0,0.0,82400.0,86900.0,82400.0,84700.0,84960.0,HSX_FOREIGN_API,HOSE_SYMBOL_LEVEL,VND,2026-08-25T04:21:07Z,ff_hsx_symbol_daily_v1,2b34346bc0abcfaf8516b661c34e350c5d82bb02c86049ad232e004dbca0918e
2024-12-17,SIP,HOSE,42719334900.0,7402640000.0,35316694900.0,503793.0,87300.0,416493.0,0.0,0.0,0.0,0.0,84800.0,85200.0,84000.0,84500.0,84740.0,HSX_FOREIGN_API,HOSE_SYMBOL_LEVEL,VND,2026-08-25T04:21:07Z,ff_hsx_symbol_daily_v1,972f71be3e6216e243912e02e9ef01a55ccaac7d598c28d4c161afa1baa85031
2024-12-18,SIP,HOSE,5960750000.0,7757770000.0,-1797020000.0,72000.0,93700.0,-21700.0,0.0,0.0,0.0,0.0,84100.0,84200.0,81500.0,83700.0,82750.0,HSX_FOREIGN_API,HOSE_SYMBOL_LEVEL,VND,2026-08-25T04:21:07Z,ff_hsx_symbol_daily_v1,6e9312bc1a6091cb290fc33a85060caadeb8ba346b16650a1765651535a26f26
2024-12-19,SIP,HOSE,2104060000.0,2035830000.0,68230000.0,25400.0,24700.0,700.0,0.0,0.0,0.0,0.0,82400.0,83000.0,81700.0,83000.0,82300.0,HSX_FOREIGN_API,HOSE_SYMBOL_LEVEL,VND,2026-08-25T04:21:07Z,ff_hsx_symbol_daily_v1,37d4c611f2944eb7676f260095da05835cd65aa816e6c3312427d22e10346e2b
2024-12-20,SIP,HOSE,160043360000.0,74086060000.0,85957300000.0,1896400.0,879300.0,1017100.0,0.0,0.0,0.0,0.0,83000.0,84400.0,82300.0,84400.0,84140.0,HSX_FOREIGN_API,HOSE_SYMBOL_LEVEL,VND,2026-08-25T04:21:07Z,ff_hsx_symbol_daily_v1,9fc306a848a2d8f908b5f2f90237dce977b035d091f7421ab076d96ed0671258
2024-12-23,SIP,HOSE,1761360000.0,4854420000.0,-3093060000.0,21000.0,58000.0,-37000.0,0.0,0.0,0.0,0.0,84300.0,84400.0,83000.0,84000.0,83810.0,HSX_FOREIGN_API,HOSE_SYMBOL_LEVEL,VND,2026-08-25T04:21:07Z,ff_hsx_symbol_daily_v1,7fc7d17befc48b4ea137534892be2f6d9a7ebd4311bd5f7d9e93a121af4884ca
2024-12-24,SIP,HOSE,14906570000.0,4857240000.0,10049330000.0,175900.0,56800.0,119100.0,0.0,0.0,0.0,0.0,84000.0,86200.0,83600.0,84500.0,85020.0,HSX_FOREIGN_API,HOSE_SYMBOL_LEVEL,VND,2026-08-25T04:21:07Z,ff_hsx_symbol_daily_v1,6ce7edfe953937d2dcd560dae35ffe50e8d1a8ee5dcd73dd476bc2bd6c5e6db4
2024-12-25,SIP,HOSE,12064360000.0,4633834500.0,7430525500.0,142200.0,56215.0,85985.0,0.0,1817000000.0,0.0,23000.0,84500.0,85600.0,84100.0,85400.0,84880.0,HSX_FOREIGN_API,HOSE_SYMBOL_LEVEL,VND,2026-08-25T04:21:07Z,ff_hsx_symbol_daily_v1,90c594ed288bf707e0e6b20ef0a1ca06258699c43ccaf5523a25eb41f75e99e8
2024-12-26,SIP,HOSE,1350370000.0,3930210000.0,-2579840000.0,15900.0,46200.0,-30300.0,0.0,0.0,0.0,0.0,85600.0,86100.0,84000.0,85000.0,84800.0,HSX_FOREIGN_API,HOSE_SYMBOL_LEVEL,VND,2026-08-25T04:21:07Z,ff_hsx_symbol_daily_v1,f24f53d3d0a907075c3ab285ca2cb1140ebe20d484339369ae6238d32a6599b8
2024-12-27,SIP,HOSE,7362700000.0,15517830000.0,-8155130000.0,88500.0,186500.0,-98000.0,0.0,0.0,0.0,0.0,85000.0,85000.0,82300.0,83100.0,83190.0,HSX_FOREIGN_API,HOSE_SYMBOL_LEVEL,VND,2026-08-25T04:21:07Z,ff_hsx_symbol_daily_v1,a19680789904bf7fbac901f8f3a404f7fcb56a9f7f9047fd9c41c4f0d4074515
2024-12-30,SIP,HOSE,13352930000.0,2328530000.0,11024400000.0,162100.0,28300.0,133800.0,0.0,0.0,0.0,0.0,83100.0,83100.0,81800.0,83000.0,82360.0,HSX_FOREIGN_API,HOSE_SYMBOL_LEVEL,VND,2026-08-25T04:21:07Z,ff_hsx_symbol_daily_v1,a8dbdb5c4c2e990b54b42708e3d1107b73f1c9c537a638a091d6513b4d0cf318
2024-12-31,SIP,HOSE,1909530000.0,521240000.0,1388290000.0,23000.0,6300.0,16700.0,0.0,0.0,0.0,0.0,83000.0,83100.0,81900.0,83100.0,82560.0,HSX_FOREIGN_API,HOSE_SYMBOL_LEVEL,VND,2026-08-25T04:21:07Z,ff_hsx_symbol_daily_v1,6f4596327bd7df123392f4d14a07c795a85f8da7b671b71c2e89b6526d035089
2025-01-02,SIP,HOSE,5211810000.0,2764620000.0,2447190000.0,63600.0,33600.0,30000.0,0.0,0.0,0.0,0.0,82600.0,82900.0,81000.0,82000.0,81870.0,HSX_FOREIGN_API,HOSE_SYMBOL_LEVEL,VND,2026-08-25T04:21:07Z,ff_hsx_symbol_daily_v1,0d7faccfcf96c028de2c55b57634fc6c1fac5211f67ad73080e4dbb7f18148ae
2025-01-03,SIP,HOSE,9131710000.0,8722500000.0,409210000.0,112200.0,107000.0,5200.0,0.0,0.0,0.0,0.0,81500.0,82100.0,81100.0,81200.0,81450.0,HSX_FOREIGN_API,HOSE_SYMBOL_LEVEL,VND,2026-08-25T04:21:07Z,ff_hsx_symbol_daily_v1,57f4d9167097e49b29cf380dace6423935ddde426bb4cf44ecbb76c1dbbc5524
2025-01-06,SIP,HOSE,3482630000.0,4545440000.0,-1062810000.0,43700.0,56300.0,-12600.0,0.0,0.0,0.0,0.0,81200.0,81800.0,78500.0,79000.0,80340.0,HSX_FOREIGN_API,HOSE_SYMBOL_LEVEL,VND,2026-08-25T04:21:07Z,ff_hsx_symbol_daily_v1,dd2dc5a01662f47be611943c6c8e386cf4a64be6300a9a8ee705cf8625dbc050
2025-01-07,SIP,HOSE,4412020000.0,1143500000.0,3268520000.0,55200.0,14400.0,40800.0,0.0,0.0,0.0,0.0,79200.0,80500.0,78700.0,80200.0,79800.0,HSX_FOREIGN_API,HOSE_SYMBOL_LEVEL,VND,2026-08-25T04:21:07Z,ff_hsx_symbol_daily_v1,760bf351489217771d347648bee772bef0b6163b08e6d41541e1cfce7539a991
2025-01-08,SIP,HOSE,6546870000.0,1425300000.0,5121570000.0,81600.0,17900.0,63700.0,0.0,0.0,0.0,0.0,80300.0,80900.0,79000.0,80900.0,79940.0,HSX_FOREIGN_API,HOSE_SYMBOL_LEVEL,VND,2026-08-25T04:21:07Z,ff_hsx_symbol_daily_v1,212ab6cec5f186491ab09dc8b8d86a6450bbd912164ad9c86634023fb8811c56
2025-01-09,SIP,HOSE,1682720000.0,1782650000.0,-99930000.0,20900.0,22100.0,-1200.0,0.0,0.0,0.0,0.0,80500.0,81200.0,80000.0,80500.0,80510.0,HSX_FOREIGN_API,HOSE_SYMBOL_LEVEL,VND,2026-08-25T04:21:07Z,ff_hsx_symbol_daily_v1,68717f013a43fd9a08682692457d8465a5afede3b584e574772ec5d3ff6d0de3
2025-01-10,SIP,HOSE,3741210000.0,1494760000.0,2246450000.0,47800.0,18700.0,29100.0,0.0,0.0,0.0,0.0,80200.0,80400.0,78000.0,78000.0,79160.0,HSX_FOREIGN_API,HOSE_SYMBOL_LEVEL,VND,2026-08-25T04:21:07Z,ff_hsx_symbol_daily_v1,97a524e45a830947aa40cd108e87ba14d440e02396e5e7071920d9403ca1be75
2025-01-13,SIP,HOSE,7722770000.0,466410000.0,7256360000.0,99000.0,6000.0,93000.0,0.0,0.0,0.0,0.0,77100.0,79000.0,76500.0,78800.0,77920.0,HSX_FOREIGN_API,HOSE_SYMBOL_LEVEL,VND,2026-08-25T04:21:07Z,ff_hsx_symbol_daily_v1,f4901bff8a8f7b3130d07fb2e4e9f5c5579ac06ab51fd5afa29f8c44ccbeaf22
2025-01-14,SIP,HOSE,6227130000.0,6229600000.0,-2470000.0,78900.0,78900.0,0.0,0.0,0.0,0.0,0.0,78800.0,79800.0,78600.0,78600.0,79030.0,HSX_FOREIGN_API,HOSE_SYMBOL_LEVEL,VND,2026-08-25T04:21:07Z,ff_hsx_symbol_daily_v1,397557b068962af4f06aa3f947df7b57dab497f4afd9f177de60ba00decc7bb1
2025-01-15,SIP,HOSE,4334520000.0,2234730000.0,2099790000.0,54400.0,28000.0,26400.0,0.0,0.0,0.0,0.0,79300.0,80400.0,78600.0,80400.0,79720.0,HSX_FOREIGN_API,HOSE_SYMBOL_LEVEL,VND,2026-08-25T04:21:07Z,ff_hsx_symbol_daily_v1,d6378a22da860f6afa4967b0cb6ec1e5f92949dba826246152a306c073655a59
2025-01-16,SIP,HOSE,0.0,3930400000.0,-3930400000.0,0.0,49200.0,-49200.0,0.0,0.0,0.0,0.0,80800.0,80800.0,79500.0,79600.0,79920.0,HSX_FOREIGN_API,HOSE_SYMBOL_LEVEL,VND,2026-08-25T04:21:07Z,ff_hsx_symbol_daily_v1,0cd963b82f8e57f86c5ef2c5b4f93fdfb3333851dbd39c7d2047fbc111844ec3
2025-01-17,SIP,HOSE,812000000.0,1598780000.0,-786780000.0,10000.0,19900.0,-9900.0,0.0,0.0,0.0,0.0,79600.0,81200.0,79600.0,81200.0,80510.0,HSX_FOREIGN_API,HOSE_SYMBOL_LEVEL,VND,2026-08-25T04:21:07Z,ff_hsx_symbol_daily_v1,44ef69ab23605b2ee6efc192398087d96df297dc6c657dc4ee56111d374b931b
2025-01-20,SIP,HOSE,1620420000.0,205000000.0,1415420000.0,19900.0,2500.0,17400.0,0.0,0.0,0.0,0.0,82000.0,82100.0,80600.0,81700.0,81220.0,HSX_FOREIGN_API,HOSE_SYMBOL_LEVEL,VND,2026-08-25T04:21:07Z,ff_hsx_symbol_daily_v1,2661cb0198bc100d9bf97f46d23b7e241d5ec7c5273d0bbb025babb5a4ca9a89
2025-01-21,SIP,HOSE,2335790000.0,64950000.0,2270840000.0,28900.0,800.0,28100.0,0.0,0.0,0.0,0.0,81800.0,81800.0,80500.0,80500.0,80970.0,HSX_FOREIGN_API,HOSE_SYMBOL_LEVEL,VND,2026-08-25T04:21:07Z,ff_hsx_symbol_daily_v1,7f263e8d0534e3c9a984e521622712f20a340f608185470f27a60708677ef608
2025-01-22,SIP,HOSE,548850000.0,1618550000.0,-1069700000.0,6800.0,20000.0,-13200.0,0.0,0.0,0.0,0.0,80600.0,82000.0,80400.0,80600.0,80870.0,HSX_FOREIGN_API,HOSE_SYMBOL_LEVEL,VND,2026-08-25T04:21:07Z,ff_hsx_symbol_daily_v1,0dad3d3448d819d4beb53e3489ca7f9c7dcdf5f96244273fa4cc13cb6d751018
2025-01-23,SIP,HOSE,5077010000.0,503190000.0,4573820000.0,62100.0,6200.0,55900.0,0.0,0.0,0.0,0.0,81100.0,82000.0,80600.0,82000.0,81610.0,HSX_FOREIGN_API,HOSE_SYMBOL_LEVEL,VND,2026-08-25T04:21:07Z,ff_hsx_symbol_daily_v1,5a5df682adffe2e55893c640258325c7ca2533b39b9ab45e047bc351fd6dcf5e
2025-01-24,SIP,HOSE,1654360000.0,1986400000.0,-332040000.0,20300.0,24300.0,-4000.0,0.0,0.0,0.0,0.0,82400.0,82500.0,81100.0,81500.0,81650.0,HSX_FOREIGN_API,HOSE_SYMBOL_LEVEL,VND,2026-08-25T04:21:07Z,ff_hsx_symbol_daily_v1,84867f139928934e5b910df75e0fea1575796dd1eb44ff0b8541518693b9f5d4
2025-02-03,SIP,HOSE,972000000.0,2614310000.0,-1642310000.0,12000.0,32300.0,-20300.0,0.0,0.0,0.0,0.0,81500.0,81500.0,80200.0,81000.0,80910.0,HSX_FOREIGN_API,HOSE_SYMBOL_LEVEL,VND,2026-08-25T04:21:07Z,ff_hsx_symbol_daily_v1,5719cc18e8ede618d56203c1ee08f6eae13cd04fa3ec4c79802dadfdc638cb11
2025-02-04,SIP,HOSE,4298390000.0,1508420000.0,2789970000.0,52600.0,18500.0,34100.0,0.0,0.0,0.0,0.0,81000.0,82500.0,80500.0,82300.0,81500.0,HSX_FOREIGN_API,HOSE_SYMBOL_LEVEL,VND,2026-08-25T04:21:07Z,ff_hsx_symbol_daily_v1,5cfeca3b436a03f52fbb015df094c7a7fc76ddaff96c70ef160d1a992ebf54d1
2025-02-05,SIP,HOSE,265920000.0,8439430000.0,-8173510000.0,3200.0,102500.0,-99300.0,0.0,0.0,0.0,0.0,82800.0,83800.0,81800.0,82800.0,82640.0,HSX_FOREIGN_API,HOSE_SYMBOL_LEVEL,VND,2026-08-25T04:21:07Z,ff_hsx_symbol_daily_v1,43561eea8c929584f3dd248896b17f7ca2a0d12df4779fd6176ad1fb1a61cc3a
2025-02-06,SIP,HOSE,927552900.0,132320000.0,795232900.0,11201.0,1600.0,9601.0,0.0,0.0,0.0,0.0,83000.0,83500.0,81800.0,82800.0,82480.0,HSX_FOREIGN_API,HOSE_SYMBOL_LEVEL,VND,2026-08-25T04:21:07Z,ff_hsx_symbol_daily_v1,06fa0b72a6cc7d4a2b98a99e9bbc307555af5506a955d189ad0d319b85928948
2025-02-07,SIP,HOSE,864180000.0,2834521800.0,-1970341800.0,10600.0,34500.0,-23900.0,0.0,0.0,0.0,0.0,82800.0,82800.0,81500.0,81500.0,81920.0,HSX_FOREIGN_API,HOSE_SYMBOL_LEVEL,VND,2026-08-25T04:21:07Z,ff_hsx_symbol_daily_v1,1ff4c29032d111e37224aee7904d3bbc482dbccb5265fad927c19c8535179d2e
2025-02-10,SIP,HOSE,2401490000.0,1474520000.0,926970000.0,30000.0,18300.0,11700.0,0.0,0.0,0.0,0.0,81400.0,81400.0,79800.0,79800.0,80320.0,HSX_FOREIGN_API,HOSE_SYMBOL_LEVEL,VND,2026-08-25T04:21:07Z,ff_hsx_symbol_daily_v1,b4e3d9cd79253c9845c8edb854e5fd2784d42ccacdfa940b71b9a158cc6f5ac8
2025-02-11,SIP,HOSE,191310000.0,3800570000.0,-3609260000.0,2400.0,47700.0,-45300.0,0.0,0.0,0.0,0.0,79800.0,80300.0,79500.0,80200.0,79780.0,HSX_FOREIGN_API,HOSE_SYMBOL_LEVEL,VND,2026-08-25T04:21:07Z,ff_hsx_symbol_daily_v1,651a6b3351497b89c5b13880a66d3df87914d5571d3952f3d2a97fe6708714ab
2025-02-12,SIP,HOSE,6412770000.0,1187930000.0,5224840000.0,78300.0,14500.0,63800.0,0.0,0.0,0.0,0.0,80800.0,83300.0,80800.0,81200.0,81890.0,HSX_FOREIGN_API,HOSE_SYMBOL_LEVEL,VND,2026-08-25T04:21:07Z,ff_hsx_symbol_daily_v1,0788e55979c1ab40eb075a0f9dc73eacf820d8f6ba5276d231f8876ad72add72
2025-02-13,SIP,HOSE,0.0,2544970000.0,-2544970000.0,0.0,31500.0,-31500.0,0.0,0.0,0.0,0.0,81900.0,81900.0,80400.0,80800.0,80840.0,HSX_FOREIGN_API,HOSE_SYMBOL_LEVEL,VND,2026-08-25T04:21:07Z,ff_hsx_symbol_daily_v1,689ae30fa59fee76d3c7bb451c44ae13e08654f177f56288b7a31564c6411a9f
2025-02-14,SIP,HOSE,3019972000.0,358100000.0,2661872000.0,37101.0,4400.0,32701.0,0.0,0.0,0.0,0.0,81100.0,82500.0,80800.0,81200.0,81510.0,HSX_FOREIGN_API,HOSE_SYMBOL_LEVEL,VND,2026-08-25T04:21:07Z,ff_hsx_symbol_daily_v1,22fc7b8d4de570e1d7e273085d8d6303e584cdecc4e420f57ba84a4e1e41ace2
2025-02-17,SIP,HOSE,1104830000.0,3463620000.0,-2358790000.0,13700.0,42900.0,-29200.0,0.0,0.0,0.0,0.0,81200.0,81200.0,80500.0,80600.0,80720.0,HSX_FOREIGN_API,HOSE_SYMBOL_LEVEL,VND,2026-08-25T04:21:07Z,ff_hsx_symbol_daily_v1,d564b2f6638c1fad76ec73959b3c01fad33788b076886c8fa7e723d1235d52b2
2025-02-18,SIP,HOSE,567000000.0,467680000.0,99320000.0,7000.0,5800.0,1200.0,0.0,0.0,0.0,0.0,80100.0,81000.0,80100.0,81000.0,80600.0,HSX_FOREIGN_API,HOSE_SYMBOL_LEVEL,VND,2026-08-25T04:21:07Z,ff_hsx_symbol_daily_v1,ad569dad7521b8dd0f62c062f5875933f5b4332c3758cf0fb6c8c618a5252435
2025-02-19,SIP,HOSE,49683620000.0,4793750000.0,44889870000.0,590400.0,56700.0,533700.0,0.0,0.0,0.0,0.0,80800.0,86600.0,80800.0,86600.0,84700.0,HSX_FOREIGN_API,HOSE_SYMBOL_LEVEL,VND,2026-08-25T04:21:07Z,ff_hsx_symbol_daily_v1,078a0a8fa91757fa97ce295179e06f286d8f4daf64875f4db34f3433c4d534cb
2025-02-20,SIP,HOSE,2972230000.0,1059460000.0,1912770000.0,34600.0,12300.0,22300.0,0.0,0.0,0.0,0.0,86600.0,86700.0,85400.0,85700.0,85900.0,HSX_FOREIGN_API,HOSE_SYMBOL_LEVEL,VND,2026-08-25T04:21:07Z,ff_hsx_symbol_daily_v1,0a23ae97ca150b46d3baf8dbbe9daefd27f7ee66b673114191665a34c0ff0df7
2025-02-21,SIP,HOSE,8744240000.0,5183000000.0,3561240000.0,101200.0,59300.0,41900.0,0.0,0.0,0.0,0.0,85700.0,88800.0,85400.0,87500.0,86880.0,HSX_FOREIGN_API,HOSE_SYMBOL_LEVEL,VND,2026-08-25T04:21:07Z,ff_hsx_symbol_daily_v1,67377b0e8da68bed969814916515d4407b964478b01f1d2a4055e1d92acb1c2c
2025-02-24,SIP,HOSE,4814460000.0,15537230000.0,-10722770000.0,54600.0,176300.0,-121700.0,0.0,0.0,0.0,0.0,87900.0,90000.0,86500.0,90000.0,88420.0,HSX_FOREIGN_API,HOSE_SYMBOL_LEVEL,VND,2026-08-25T04:21:07Z,ff_hsx_symbol_daily_v1,8c803e3ad8c45c38d7170683cd1ac03e27411514e40ff1a3634b0a63cb79e4d6
2025-02-25,SIP,HOSE,18828960000.0,11699646000.0,7129314000.0,209600.0,130350.0,79250.0,0.0,0.0,0.0,0.0,90000.0,90100.0,89300.0,89900.0,89790.0,HSX_FOREIGN_API,HOSE_SYMBOL_LEVEL,VND,2026-08-25T04:21:07Z,ff_hsx_symbol_daily_v1,9810ea4b41bfe928b86cc0856cd942e8b3712fce762774e47e963e170bb0766b
2025-02-26,SIP,HOSE,897050000.0,12870780000.0,-11973730000.0,10100.0,141900.0,-131800.0,0.0,0.0,0.0,0.0,89900.0,91700.0,88800.0,88800.0,90450.0,HSX_FOREIGN_API,HOSE_SYMBOL_LEVEL,VND,2026-08-25T04:21:07Z,ff_hsx_symbol_daily_v1,405523d07121856beb42c969ba6a968cc64cf652ae0599fe06169b84f53fe06f
2025-02-27,SIP,HOSE,8467520000.0,4039224800.0,4428295200.0,95700.0,44925.0,50775.0,0.0,0.0,0.0,0.0,88800.0,90500.0,87500.0,90500.0,89110.0,HSX_FOREIGN_API,HOSE_SYMBOL_LEVEL,VND,2026-08-25T04:21:07Z,ff_hsx_symbol_daily_v1,a7f21dba435c17536bb0d286016fec4587123005f23f1e005826d3598789100d
2025-02-28,SIP,HOSE,2921780300.0,3407550000.0,-485769700.0,32201.0,37600.0,-5399.0,0.0,0.0,0.0,0.0,90500.0,91400.0,89700.0,91000.0,90420.0,HSX_FOREIGN_API,HOSE_SYMBOL_LEVEL,VND,2026-08-25T04:21:07Z,ff_hsx_symbol_daily_v1,80298bd4284b9b33f744a7ec16e5c05d32754905178d9d381dc8e39b31ba3e78
2025-03-03,SIP,HOSE,26272160000.0,292370000.0,25979790000.0,287200.0,3200.0,284000.0,0.0,0.0,0.0,0.0,91200.0,92400.0,90200.0,92200.0,91500.0,HSX_FOREIGN_API,HOSE_SYMBOL_LEVEL,VND,2026-08-25T04:21:07Z,ff_hsx_symbol_daily_v1,c2bdb0bdea09c54e2d09fc35ab29e00b7fec33494e9b0b7a7de925ea464fe78d
2025-03-04,SIP,HOSE,1271520000.0,9004770000.0,-7733250000.0,13900.0,98900.0,-85000.0,0.0,0.0,0.0,0.0,92200.0,92400.0,90000.0,92000.0,90960.0,HSX_FOREIGN_API,HOSE_SYMBOL_LEVEL,VND,2026-08-25T04:21:07Z,ff_hsx_symbol_daily_v1,fedee244e218fb394a2575028106a26044e0234a54206fcd8217727cba20dfcb
2025-03-05,SIP,HOSE,108840000.0,3494904000.0,-3386064000.0,1200.0,38605.0,-37405.0,0.0,0.0,0.0,0.0,91800.0,91800.0,89700.0,89700.0,90280.0,HSX_FOREIGN_API,HOSE_SYMBOL_LEVEL,VND,2026-08-25T04:21:07Z,ff_hsx_symbol_daily_v1,05732211cfb0317a0f6788865f06d9ffc8057e4492bdb6fb655563dde1ab6acb
2025-03-06,SIP,HOSE,637130000.0,10398390000.0,-9761260000.0,7100.0,115900.0,-108800.0,0.0,0.0,0.0,0.0,90000.0,91000.0,89400.0,91000.0,89900.0,HSX_FOREIGN_API,HOSE_SYMBOL_LEVEL,VND,2026-08-25T04:21:07Z,ff_hsx_symbol_daily_v1,1794f508668bb173ea20acd4b3cde1640ecbb0a91adb0f20e26085d37973b977
2025-03-07,SIP,HOSE,2622960000.0,4431240000.0,-1808280000.0,29200.0,49200.0,-20000.0,0.0,0.0,0.0,0.0,91100.0,91100.0,89500.0,89600.0,90070.0,HSX_FOREIGN_API,HOSE_SYMBOL_LEVEL,VND,2026-08-25T04:21:07Z,ff_hsx_symbol_daily_v1,d99150711de7101089acda99094e5280c4f0b93a1fccd47f3cef0b1933304cca
2025-03-10,SIP,HOSE,17941793600.0,3439390000.0,14502403600.0,196257.0,37500.0,158757.0,0.0,0.0,0.0,0.0,90500.0,93000.0,90200.0,91100.0,91710.0,HSX_FOREIGN_API,HOSE_SYMBOL_LEVEL,VND,2026-08-25T04:21:07Z,ff_hsx_symbol_daily_v1,a295e3c57298001f2a597fafe56f0ebe4b0e14e86792f37829b87261f26c2bf3
2025-03-11,SIP,HOSE,25647623200.0,1318230000.0,24329393200.0,279057.0,14400.0,264657.0,0.0,0.0,0.0,0.0,90000.0,92500.0,89500.0,92000.0,91670.0,HSX_FOREIGN_API,HOSE_SYMBOL_LEVEL,VND,2026-08-25T04:21:07Z,ff_hsx_symbol_daily_v1,6ea2aa2f8e7a5a36f83b134847d8249ebfc9ff364b80aba336c6adb4dc91de41
2025-03-12,SIP,HOSE,27554644800.0,1556563500.0,25998081300.0,299125.0,16900.0,282225.0,0.0,0.0,0.0,0.0,92000.0,92700.0,91200.0,91500.0,92090.0,HSX_FOREIGN_API,HOSE_SYMBOL_LEVEL,VND,2026-08-25T04:21:07Z,ff_hsx_symbol_daily_v1,d61112fd18f54933eea81d160ae768b08ab52f9f7f9cc4f645d6307172db82e6
2025-03-13,SIP,HOSE,15158028400.0,5575294400.0,9582734000.0,166225.0,61087.0,105138.0,0.0,0.0,0.0,0.0,91500.0,92200.0,89900.0,90100.0,90970.0,HSX_FOREIGN_API,HOSE_SYMBOL_LEVEL,VND,2026-08-25T04:21:07Z,ff_hsx_symbol_daily_v1,8c6b0121e149e79b8dec6cfb34aefe510d4347ef59bd9f7b15dff1a7832f7c7a
2025-03-14,SIP,HOSE,21821696900.0,2683960000.0,19137736900.0,241525.0,29800.0,211725.0,0.0,0.0,0.0,0.0,90400.0,91300.0,89700.0,91300.0,90380.0,HSX_FOREIGN_API,HOSE_SYMBOL_LEVEL,VND,2026-08-25T04:21:07Z,ff_hsx_symbol_daily_v1,f629a6c08267aa990387195e113b62efc99e49b3d803409a7fe7d4f3e81cc1a2
2025-03-17,SIP,HOSE,6103560800.0,1205610000.0,4897950800.0,67117.0,13200.0,53917.0,0.0,0.0,0.0,0.0,91300.0,92400.0,90200.0,90900.0,90840.0,HSX_FOREIGN_API,HOSE_SYMBOL_LEVEL,VND,2026-08-25T04:21:07Z,ff_hsx_symbol_daily_v1,9340df25c888c49d61bdc75896881f0d30928c8bc1206acfe748e1de2a67c6be
2025-03-18,SIP,HOSE,13142105500.0,8177074000.0,4965031500.0,143617.0,87800.0,55817.0,0.0,0.0,0.0,0.0,91300.0,94800.0,89100.0,89100.0,91570.0,HSX_FOREIGN_API,HOSE_SYMBOL_LEVEL,VND,2026-08-25T04:21:07Z,ff_hsx_symbol_daily_v1,50f33438ab7c2236e29689955ee0455446cf20244eb49e8ea08d1ee65123ab47
2025-03-19,SIP,HOSE,3437710000.0,2129910000.0,1307800000.0,39400.0,24100.0,15300.0,0.0,0.0,0.0,0.0,88500.0,89100.0,86800.0,87200.0,87930.0,HSX_FOREIGN_API,HOSE_SYMBOL_LEVEL,VND,2026-08-25T04:21:07Z,ff_hsx_symbol_daily_v1,aafbc98b4baa0c2183d650d2c9081304633f8fa35378962dc631b58a085ff6a8
2025-03-20,SIP,HOSE,24978430000.0,1610645000.0,23367785000.0,281100.0,18302.0,262798.0,0.0,0.0,0.0,0.0,88500.0,90000.0,86800.0,90000.0,88430.0,HSX_FOREIGN_API,HOSE_SYMBOL_LEVEL,VND,2026-08-25T04:21:07Z,ff_hsx_symbol_daily_v1,38c75dea205a5536ab9cd631487efaec3def3cde998b96c2606fc7244f52b8b0
2025-03-21,SIP,HOSE,130853977100.0,61658246400.0,69195730700.0,1451286.0,684416.0,766870.0,27030000000.0,9010000000.0,300000.0,100000.0,90000.0,90900.0,89200.0,90100.0,90170.0,HSX_FOREIGN_API,HOSE_SYMBOL_LEVEL,VND,2026-08-25T04:21:07Z,ff_hsx_symbol_daily_v1,bbd14004ef80a5531ac14f1830a450f1d8ce3e03c70962ace902cf198ded0ae4
2025-03-24,SIP,HOSE,4638940000.0,542810000.0,4096130000.0,52000.0,6100.0,45900.0,0.0,0.0,0.0,0.0,90000.0,90000.0,88500.0,89800.0,89090.0,HSX_FOREIGN_API,HOSE_SYMBOL_LEVEL,VND,2026-08-25T04:21:07Z,ff_hsx_symbol_daily_v1,70dc1c44d6fe937995ec80e2246eba95b002489e6354f6319f683488da55039a
2025-03-25,SIP,HOSE,4460621600.0,9938055100.0,-5477433500.0,49096.0,109100.0,-60004.0,0.0,0.0,0.0,0.0,89800.0,92300.0,89200.0,91300.0,91150.0,HSX_FOREIGN_API,HOSE_SYMBOL_LEVEL,VND,2026-08-25T04:21:07Z,ff_hsx_symbol_daily_v1,2555097a1d778cc056f3a5872d590b0de2bf0a6b4e9fa0013b9311557cdcb915
2025-03-26,SIP,HOSE,1287620000.0,824060000.0,463560000.0,14100.0,9000.0,5100.0,0.0,0.0,0.0,0.0,91300.0,92400.0,90600.0,91800.0,91570.0,HSX_FOREIGN_API,HOSE_SYMBOL_LEVEL,VND,2026-08-25T04:21:07Z,ff_hsx_symbol_daily_v1,51b2549f01460de54ba36c3e07401ccc747c191227044229b9673e143a86cf3b
2025-03-27,SIP,HOSE,8595650000.0,762281400.0,7833368600.0,93200.0,8300.0,84900.0,0.0,0.0,0.0,0.0,92200.0,93400.0,90800.0,91000.0,92240.0,HSX_FOREIGN_API,HOSE_SYMBOL_LEVEL,VND,2026-08-25T04:21:07Z,ff_hsx_symbol_daily_v1,b40ca739734319c839f3123f2024be7290d9599f634b43699c6bfe6f2bb6a1a7
2025-03-28,SIP,HOSE,6481240000.0,1870330000.0,4610910000.0,71000.0,20500.0,50500.0,0.0,0.0,0.0,0.0,91300.0,91900.0,90800.0,91500.0,91290.0,HSX_FOREIGN_API,HOSE_SYMBOL_LEVEL,VND,2026-08-25T04:21:07Z,ff_hsx_symbol_daily_v1,875e7d5c8a1a48bd1dffca5085b5cb914cf4c88e8c5fbfc81677418c38b3ed25
2025-03-31,SIP,HOSE,4922690000.0,4988924500.0,-66234500.0,56400.0,56200.0,200.0,0.0,0.0,0.0,0.0,90000.0,90500.0,85500.0,86200.0,87910.0,HSX_FOREIGN_API,HOSE_SYMBOL_LEVEL,VND,2026-08-25T04:21:07Z,ff_hsx_symbol_daily_v1,e5af25d62708b03fb9d4080ee05b18af7e66c4e6883c8b14457495397fa41c24
2025-04-01,SIP,HOSE,4779980000.0,3184230000.0,1595750000.0,56100.0,36700.0,19400.0,0.0,0.0,0.0,0.0,86200.0,87600.0,84500.0,86000.0,85800.0,HSX_FOREIGN_API,HOSE_SYMBOL_LEVEL,VND,2026-08-25T04:21:07Z,ff_hsx_symbol_daily_v1,fecf562bf12d1b035bb07af54a5b2a134c975e5595924c67848db7fa3ae6ea48
2025-04-02,SIP,HOSE,8610000.0,5267130000.0,-5258520000.0,100.0,61000.0,-60900.0,0.0,0.0,0.0,0.0,86100.0,86800.0,85800.0,86100.0,86310.0,HSX_FOREIGN_API,HOSE_SYMBOL_LEVEL,VND,2026-08-25T04:21:07Z,ff_hsx_symbol_daily_v1,14d67457237af2efe7db91d79a8b6587af077421d8c74f991b76773b3a6c27f0
2025-04-03,SIP,HOSE,281610000.0,2768580000.0,-2486970000.0,3500.0,34500.0,-31000.0,0.0,0.0,0.0,0.0,80100.0,82000.0,80100.0,80100.0,80130.0,HSX_FOREIGN_API,HOSE_SYMBOL_LEVEL,VND,2026-08-25T04:21:07Z,ff_hsx_symbol_daily_v1,0914bca615ff2f2995084925538f26613f0030509c3351aba42b450283b62a98
2025-04-04,SIP,HOSE,7450000.0,3665400000.0,-3657950000.0,100.0,49200.0,-49100.0,0.0,0.0,0.0,0.0,74500.0,74500.0,74500.0,74500.0,74500.0,HSX_FOREIGN_API,HOSE_SYMBOL_LEVEL,VND,2026-08-25T04:21:07Z,ff_hsx_symbol_daily_v1,62af6ddfcb6bc5fb0cefabedaab80fb0589fe7b31734ad2597ee5a6c8f434f1c
2025-04-08,SIP,HOSE,15713775000.0,0.0,15713775000.0,226750.0,0.0,226750.0,0.0,0.0,0.0,0.0,69300.0,69300.0,69300.0,69300.0,69300.0,HSX_FOREIGN_API,HOSE_SYMBOL_LEVEL,VND,2026-08-25T04:21:07Z,ff_hsx_symbol_daily_v1,d62120b8a4d0c8ccf67e4addb1d7ff1541bc3d832b8b9701484d235f1cf1086c
2025-04-09,SIP,HOSE,14618925000.0,5985600000.0,8633325000.0,226650.0,92800.0,133850.0,5985600000.0,5985600000.0,92800.0,92800.0,64500.0,64500.0,64500.0,64500.0,64500.0,HSX_FOREIGN_API,HOSE_SYMBOL_LEVEL,VND,2026-08-25T04:21:07Z,ff_hsx_symbol_daily_v1,ac25d42b6c1b81b000b75f1f501383affba244d01b2873a84038317e44bbbcc4
2025-04-10,SIP,HOSE,0.0,17008500000.0,-17008500000.0,0.0,246500.0,-246500.0,0.0,13800000000.0,0.0,200000.0,69000.0,69000.0,69000.0,69000.0,69000.0,HSX_FOREIGN_API,HOSE_SYMBOL_LEVEL,VND,2026-08-25T04:21:07Z,ff_hsx_symbol_daily_v1,27470f84a88f66f9aa8d2c9adaabce62816e0a4967b004cd8b13e89113b416d6
2025-04-11,SIP,HOSE,7389300000.0,85138746600.0,-77749446600.0,114100.0,1315652.0,-1201552.0,0.0,0.0,0.0,0.0,65200.0,67200.0,64200.0,65500.0,64730.0,HSX_FOREIGN_API,HOSE_SYMBOL_LEVEL,VND,2026-08-25T04:21:07Z,ff_hsx_symbol_daily_v1,187e620149afb117b04deee0de5bb9028ebd1428307facbf8f661ff7c064bf93
2025-04-14,SIP,HOSE,14892910000.0,33015370000.0,-18122460000.0,215600.0,481400.0,-265800.0,0.0,0.0,0.0,0.0,70000.0,70000.0,67000.0,69000.0,69120.0,HSX_FOREIGN_API,HOSE_SYMBOL_LEVEL,VND,2026-08-25T04:21:07Z,ff_hsx_symbol_daily_v1,5ec2028ff583dca5e3da5c54ce82d33f0ebf28e128b4484061a1f897c9145829
2025-04-15,SIP,HOSE,829050800.0,26778020000.0,-25948969200.0,12874.0,408300.0,-395426.0,0.0,0.0,0.0,0.0,67900.0,68300.0,64200.0,64200.0,64990.0,HSX_FOREIGN_API,HOSE_SYMBOL_LEVEL,VND,2026-08-25T04:21:07Z,ff_hsx_symbol_daily_v1,e4ba17552929051558475f4927715a6f542d31d0d34fcd892b33b2820142f9ca
2025-04-16,SIP,HOSE,11834430000.0,25928830000.0,-14094400000.0,195600.0,426800.0,-231200.0,0.0,0.0,0.0,0.0,62500.0,65000.0,59800.0,59800.0,60740.0,HSX_FOREIGN_API,HOSE_SYMBOL_LEVEL,VND,2026-08-25T04:21:07Z,ff_hsx_symbol_daily_v1,78b605d50a1fb5ed5710b4e965fc45323f3198c447cf136683c55ac415267d99
2025-04-17,SIP,HOSE,13842760000.0,36087480000.0,-22244720000.0,239000.0,622000.0,-383000.0,0.0,0.0,0.0,0.0,57000.0,61000.0,56800.0,58400.0,58040.0,HSX_FOREIGN_API,HOSE_SYMBOL_LEVEL,VND,2026-08-25T04:21:07Z,ff_hsx_symbol_daily_v1,b7d7c74515378ff5cb8eeed598b1d1709a2a97c24521a9ab8278afc7950253a5
2025-04-18,SIP,HOSE,3617360000.0,4018420000.0,-401060000.0,59400.0,66100.0,-6700.0,0.0,0.0,0.0,0.0,60200.0,61500.0,59600.0,60800.0,60910.0,HSX_FOREIGN_API,HOSE_SYMBOL_LEVEL,VND,2026-08-25T04:21:07Z,ff_hsx_symbol_daily_v1,e990322b141b9e71981582316f21fb642054ff50eb2000a72168101ccd37ead6
2025-04-21,SIP,HOSE,2481590000.0,5204270000.0,-2722680000.0,41700.0,87200.0,-45500.0,0.0,0.0,0.0,0.0,60800.0,60800.0,58000.0,60100.0,59700.0,HSX_FOREIGN_API,HOSE_SYMBOL_LEVEL,VND,2026-08-25T04:21:07Z,ff_hsx_symbol_daily_v1,830bd7faf6762bbfddb0a588c4031fcf44d2529269e385b2aa455ace9b01c881
2025-04-22,SIP,HOSE,5368340000.0,7788397300.0,-2420057300.0,95000.0,136019.0,-41019.0,0.0,0.0,0.0,0.0,58300.0,59500.0,55900.0,56100.0,56490.0,HSX_FOREIGN_API,HOSE_SYMBOL_LEVEL,VND,2026-08-25T04:21:07Z,ff_hsx_symbol_daily_v1,4f0378196a612fcdf096ad14a9d6ba73027043368816ccc24f6ce03061833466
2025-04-23,SIP,HOSE,10557970000.0,13052700000.0,-2494730000.0,182400.0,225500.0,-43100.0,0.0,0.0,0.0,0.0,57200.0,59000.0,56200.0,58200.0,57820.0,HSX_FOREIGN_API,HOSE_SYMBOL_LEVEL,VND,2026-08-25T04:21:07Z,ff_hsx_symbol_daily_v1,4a5297f02ceba65ad44da76d89566f389c229a81390863809397e5b7008c7820
2025-04-24,SIP,HOSE,2131830000.0,7013901000.0,-4882071000.0,35300.0,112855.0,-77555.0,0.0,6220000000.0,0.0,100000.0,59200.0,62200.0,59000.0,62200.0,61900.0,HSX_FOREIGN_API,HOSE_SYMBOL_LEVEL,VND,2026-08-25T04:21:07Z,ff_hsx_symbol_daily_v1,254c1ac83003eda148831032f0c99c3f5aba70c89307cfaae135baaaf2a4af95
2025-04-25,SIP,HOSE,3509940000.0,11726210000.0,-8216270000.0,56400.0,187900.0,-131500.0,0.0,0.0,0.0,0.0,62500.0,63600.0,61500.0,61600.0,62340.0,HSX_FOREIGN_API,HOSE_SYMBOL_LEVEL,VND,2026-08-25T04:21:07Z,ff_hsx_symbol_daily_v1,0bdd3068cb322a02965e6de0c2c6713447040acc2479305bdedee256431d3511
2025-04-28,SIP,HOSE,2322340000.0,5086290000.0,-2763950000.0,37900.0,82800.0,-44900.0,0.0,0.0,0.0,0.0,62900.0,62900.0,60900.0,62500.0,61560.0,HSX_FOREIGN_API,HOSE_SYMBOL_LEVEL,VND,2026-08-25T04:21:07Z,ff_hsx_symbol_daily_v1,158732ac9d51117e22639a08be8c8b694f969ee5d2b75200ce785ec4521a48e5
2025-04-29,SIP,HOSE,605900000.0,953860000.0,-347960000.0,9700.0,15200.0,-5500.0,0.0,0.0,0.0,0.0,61300.0,63500.0,61300.0,63500.0,62850.0,HSX_FOREIGN_API,HOSE_SYMBOL_LEVEL,VND,2026-08-25T04:21:07Z,ff_hsx_symbol_daily_v1,6529338d55b11cf5cfff6c48283d6387f5fc694efefac3a2e78d0314a9b5428e
2025-05-05,SIP,HOSE,1629310000.0,512060000.0,1117250000.0,25300.0,7900.0,17400.0,0.0,0.0,0.0,0.0,63500.0,66000.0,63500.0,66000.0,64700.0,HSX_FOREIGN_API,HOSE_SYMBOL_LEVEL,VND,2026-08-25T04:21:07Z,ff_hsx_symbol_daily_v1,6778df1067d37a00d36e3b3b66fb1fdf77a81ccc9c32b9dc9ed68c5b3ebe43a2
2025-05-06,SIP,HOSE,243390000.0,5980280000.0,-5736890000.0,3700.0,91400.0,-87700.0,0.0,0.0,0.0,0.0,66500.0,66500.0,64700.0,65600.0,65300.0,HSX_FOREIGN_API,HOSE_SYMBOL_LEVEL,VND,2026-08-25T04:21:07Z,ff_hsx_symbol_daily_v1,7b31f50b02cee6d7b1189a0becc254d70f9b3e4404c5d934624a2902d2ebd226
2025-05-07,SIP,HOSE,332050000.0,922850000.0,-590800000.0,5100.0,14100.0,-9000.0,0.0,0.0,0.0,0.0,65300.0,66400.0,64700.0,66000.0,65600.0,HSX_FOREIGN_API,HOSE_SYMBOL_LEVEL,VND,2026-08-25T04:21:07Z,ff_hsx_symbol_daily_v1,02a8697cce71bc27b5fd9e729f137d7e7d315263878e3c53ff91aa2cb28ef74a
2025-05-08,SIP,HOSE,6328380000.0,16149120000.0,-9820740000.0,93300.0,240100.0,-146800.0,0.0,0.0,0.0,0.0,66500.0,68100.0,65600.0,68100.0,67300.0,HSX_FOREIGN_API,HOSE_SYMBOL_LEVEL,VND,2026-08-25T04:21:07Z,ff_hsx_symbol_daily_v1,4a8741575edafa97dcc8c29ac77d27bd869d47cfa93a8d46333ce011a976f4b7
2025-05-09,SIP,HOSE,4036910000.0,3175250000.0,861660000.0,59800.0,46900.0,12900.0,0.0,0.0,0.0,0.0,68500.0,68500.0,66900.0,67300.0,67500.0,HSX_FOREIGN_API,HOSE_SYMBOL_LEVEL,VND,2026-08-25T04:21:07Z,ff_hsx_symbol_daily_v1,c824d400ddc4debb70ccb638fb37a8c66e95bd5ef9415c4352943e3131ba186e
2025-05-12,SIP,HOSE,2871470000.0,0.0,2871470000.0,42300.0,0.0,42300.0,0.0,0.0,0.0,0.0,67100.0,69900.0,66900.0,69900.0,68200.0,HSX_FOREIGN_API,HOSE_SYMBOL_LEVEL,VND,2026-08-25T04:21:07Z,ff_hsx_symbol_daily_v1,adedac5a72e807c2b9dee150a1b6eb35a9c87f96dbff4a7240a873a3ac2d30a8
2025-05-13,SIP,HOSE,13134360000.0,11138330000.0,1996030000.0,186400.0,157600.0,28800.0,0.0,0.0,0.0,0.0,71200.0,71300.0,69900.0,70600.0,70600.0,HSX_FOREIGN_API,HOSE_SYMBOL_LEVEL,VND,2026-08-25T04:21:07Z,ff_hsx_symbol_daily_v1,8dc7d3cdcdeabc5465e61a8d90d9c4f73b2e11f4de25aeeccf1b32e9af0ac0cc
2025-05-14,SIP,HOSE,12868060000.0,4429470000.0,8438590000.0,183800.0,63200.0,120600.0,0.0,0.0,0.0,0.0,70600.0,70600.0,69500.0,69700.0,69900.0,HSX_FOREIGN_API,HOSE_SYMBOL_LEVEL,VND,2026-08-25T04:21:07Z,ff_hsx_symbol_daily_v1,4d09edafce33864a87c0e8e8c1c68dad9d3298b19ae1db791602cf38c53b1a00
2025-05-15,SIP,HOSE,2198690000.0,1360880000.0,837810000.0,32300.0,19800.0,12500.0,0.0,0.0,0.0,0.0,69200.0,70000.0,67600.0,69100.0,68500.0,HSX_FOREIGN_API,HOSE_SYMBOL_LEVEL,VND,2026-08-25T04:21:07Z,ff_hsx_symbol_daily_v1,ffb680dbf5795e9c5cb25707ed2d0cf698bd01dd896c2f319c812516238ec8f3
2025-05-16,SIP,HOSE,15010070000.0,68700.0,15010001300.0,219700.0,1.0,219699.0,0.0,0.0,0.0,0.0,68700.0,69400.0,67800.0,67900.0,68300.0,HSX_FOREIGN_API,HOSE_SYMBOL_LEVEL,VND,2026-08-25T04:21:07Z,ff_hsx_symbol_daily_v1,a24d212a63d44d9386f4c439b105cbc5894b7aa3b350188774a7830bf1ffaae7
2025-05-19,SIP,HOSE,4737590000.0,927596900.0,3809993100.0,71200.0,13901.0,57299.0,0.0,0.0,0.0,0.0,67500.0,67500.0,65400.0,65700.0,66400.0,HSX_FOREIGN_API,HOSE_SYMBOL_LEVEL,VND,2026-08-25T04:21:07Z,ff_hsx_symbol_daily_v1,afc2c712c1e52f28f54d68405db61b2bfca416945c8dab6a96ad6ab76c40c9ac
2025-05-20,SIP,HOSE,5287510000.0,684210000.0,4603300000.0,79372.0,10300.0,69072.0,0.0,0.0,0.0,0.0,65800.0,67600.0,65800.0,67600.0,66600.0,HSX_FOREIGN_API,HOSE_SYMBOL_LEVEL,VND,2026-08-25T04:21:07Z,ff_hsx_symbol_daily_v1,b41dfad3305231d747a1f71b86652a227f1685b200827cd567645cddfc40efbb
2025-05-21,SIP,HOSE,306350000.0,3477930000.0,-3171580000.0,4600.0,52200.0,-47600.0,0.0,0.0,0.0,0.0,67700.0,67700.0,66000.0,66100.0,66400.0,HSX_FOREIGN_API,HOSE_SYMBOL_LEVEL,VND,2026-08-25T04:21:07Z,ff_hsx_symbol_daily_v1,3502389a805f658c00f52e50bec1066426e69ec4afe176d835cfc86de0511a66
2025-05-22,SIP,HOSE,4554540000.0,2877610000.0,1676930000.0,69300.0,43900.0,25400.0,0.0,0.0,0.0,0.0,66100.0,66300.0,65000.0,65000.0,65700.0,HSX_FOREIGN_API,HOSE_SYMBOL_LEVEL,VND,2026-08-25T04:21:07Z,ff_hsx_symbol_daily_v1,577bc5605bed5cd7b39d047a32393431fb9359e29600f27aa45f0de41250f262
2025-05-23,SIP,HOSE,2818180000.0,1028140000.0,1790040000.0,43200.0,15800.0,27400.0,0.0,0.0,0.0,0.0,65100.0,66000.0,64700.0,65100.0,65200.0,HSX_FOREIGN_API,HOSE_SYMBOL_LEVEL,VND,2026-08-25T04:21:07Z,ff_hsx_symbol_daily_v1,b0587e1eb1a2ba3d4b10c20ca488220457d14dc7fca2ab30e57c005869e5d70a
2025-05-26,SIP,HOSE,1991460000.0,6141080000.0,-4149620000.0,29900.0,91300.0,-61400.0,0.0,0.0,0.0,0.0,65000.0,69000.0,64500.0,69000.0,67100.0,HSX_FOREIGN_API,HOSE_SYMBOL_LEVEL,VND,2026-08-25T04:21:07Z,ff_hsx_symbol_daily_v1,94ad5f6e83d3d7599a5a37cfa3dcce363d5aafdaed8145bc10f10b9743c9abf2
2025-05-27,SIP,HOSE,11139860000.0,3263090000.0,7876770000.0,161300.0,47300.0,114000.0,0.0,0.0,0.0,0.0,69800.0,69800.0,68300.0,69100.0,69000.0,HSX_FOREIGN_API,HOSE_SYMBOL_LEVEL,VND,2026-08-25T04:21:07Z,ff_hsx_symbol_daily_v1,365888f71945f5229de929d75a52c617bc9ccbacfa0c41d531a379626da60bf4
2025-05-28,SIP,HOSE,6990720000.0,4472140000.0,2518580000.0,100100.0,64500.0,35600.0,0.0,0.0,0.0,0.0,69500.0,70500.0,67900.0,68500.0,69500.0,HSX_FOREIGN_API,HOSE_SYMBOL_LEVEL,VND,2026-08-25T04:21:07Z,ff_hsx_symbol_daily_v1,5de77a435c96899c4936f1a16e7e985616c34133b01d85f9bcc1d081ed73b103
2025-05-29,SIP,HOSE,7001770000.0,6242240000.0,759530000.0,98700.0,88300.0,10400.0,0.0,0.0,0.0,0.0,70100.0,72000.0,69600.0,71000.0,70900.0,HSX_FOREIGN_API,HOSE_SYMBOL_LEVEL,VND,2026-08-25T04:21:07Z,ff_hsx_symbol_daily_v1,9aea7a056e46935b82e82aef7c0ace22d150f17c1b4ac73cb5cc9e5f37653a4b
2025-05-30,SIP,HOSE,145680000.0,4037740000.0,-3892060000.0,2100.0,58400.0,-56300.0,0.0,0.0,0.0,0.0,70500.0,70500.0,68500.0,68600.0,69100.0,HSX_FOREIGN_API,HOSE_SYMBOL_LEVEL,VND,2026-08-25T04:21:07Z,ff_hsx_symbol_daily_v1,1133b440559cd547abac00c96e5e7508595984fc60e7368f1a3067f0ed7de603
2025-06-02,SIP,HOSE,5289085000.0,5313145000.0,-24060000.0,76900.0,77300.0,-400.0,3093975000.0,3093975000.0,45000.0,45000.0,68600.0,69300.0,67900.0,69100.0,68600.0,HSX_FOREIGN_API,HOSE_SYMBOL_LEVEL,VND,2026-08-25T04:21:07Z,ff_hsx_symbol_daily_v1,ce47be31341b2145e02942aecdc569bcf3a471448d4ad955d24506ba8f015f15
2025-06-03,SIP,HOSE,7271210000.0,3086200000.0,4185010000.0,104200.0,44400.0,59800.0,0.0,0.0,0.0,0.0,69300.0,70100.0,69000.0,69300.0,69600.0,HSX_FOREIGN_API,HOSE_SYMBOL_LEVEL,VND,2026-08-25T04:21:07Z,ff_hsx_symbol_daily_v1,efc4a1750b20fdce70f1907cb0b84dc53aab9e755418fea7f0b87b3f09f8b3bd
2025-06-04,SIP,HOSE,13810000.0,1899950000.0,-1886140000.0,200.0,27400.0,-27200.0,0.0,0.0,0.0,0.0,69900.0,70100.0,68900.0,68900.0,69300.0,HSX_FOREIGN_API,HOSE_SYMBOL_LEVEL,VND,2026-08-25T04:21:07Z,ff_hsx_symbol_daily_v1,b57b3b5254c0e88a4b07a1c940b9a09d7f450328c02887409dd02acecbe45722
2025-06-05,SIP,HOSE,5157440000.0,1201290000.0,3956150000.0,74700.0,17200.0,57500.0,0.0,0.0,0.0,0.0,68900.0,70300.0,68600.0,69500.0,69300.0,HSX_FOREIGN_API,HOSE_SYMBOL_LEVEL,VND,2026-08-25T04:21:07Z,ff_hsx_symbol_daily_v1,9d39866a4a93ecb450ad5ec819b51f5cedaf8596435b9b5fbec56c73102e1992
2025-06-06,SIP,HOSE,6770000.0,5882950000.0,-5876180000.0,100.0,85500.0,-85400.0,0.0,0.0,0.0,0.0,70000.0,70000.0,67700.0,67700.0,68400.0,HSX_FOREIGN_API,HOSE_SYMBOL_LEVEL,VND,2026-08-25T04:21:07Z,ff_hsx_symbol_daily_v1,5276e07f1c3b1a242650cfea5de9452b86dfd43c46a1268429d6da99c92f3721
2025-06-09,SIP,HOSE,499920000.0,11799940000.0,-11300020000.0,7700.0,179800.0,-172100.0,0.0,0.0,0.0,0.0,67300.0,67500.0,64100.0,64500.0,65200.0,HSX_FOREIGN_API,HOSE_SYMBOL_LEVEL,VND,2026-08-25T04:21:07Z,ff_hsx_symbol_daily_v1,299e2ed362440a7627ffbe23efb552bbf625280c602002ab371d5eb17997cf29
2025-06-10,SIP,HOSE,2135170000.0,13417480000.0,-11282310000.0,33100.0,207500.0,-174400.0,0.0,0.0,0.0,0.0,64000.0,65300.0,64000.0,64500.0,64600.0,HSX_FOREIGN_API,HOSE_SYMBOL_LEVEL,VND,2026-08-25T04:21:07Z,ff_hsx_symbol_daily_v1,870c09eb410cc3a255bd10917726dfb1b7424cd167e4e1d5e60aeb6460574597
2025-06-11,SIP,HOSE,412380000.0,13833070000.0,-13420690000.0,6400.0,214300.0,-207900.0,0.0,0.0,0.0,0.0,65000.0,65200.0,64300.0,64300.0,64600.0,HSX_FOREIGN_API,HOSE_SYMBOL_LEVEL,VND,2026-08-25T04:21:07Z,ff_hsx_symbol_daily_v1,c632f422f17dfa2cd7f1b0bb18b1cb50c0bcc7178edf5d4fd171f392722c04c0
2025-06-12,SIP,HOSE,595130000.0,189560000.0,405570000.0,9100.0,2900.0,6200.0,0.0,0.0,0.0,0.0,65000.0,65700.0,64600.0,65100.0,65300.0,HSX_FOREIGN_API,HOSE_SYMBOL_LEVEL,VND,2026-08-25T04:21:07Z,ff_hsx_symbol_daily_v1,daf935a5bac7e3528e76935b1fa19261b969096954b39ed4bb274b9acf8bf3b2
2025-06-13,SIP,HOSE,1196540000.0,697970500.0,498569500.0,18700.0,10857.0,7843.0,0.0,0.0,0.0,0.0,61400.0,64900.0,61400.0,64400.0,64000.0,HSX_FOREIGN_API,HOSE_SYMBOL_LEVEL,VND,2026-08-25T04:21:07Z,ff_hsx_symbol_daily_v1,d67267c11e57e38a9e8419512d5beb17d01e3748f659dc38db2dd23dd581a2e3
2025-06-16,SIP,HOSE,3311590000.0,13549950000.0,-10238360000.0,51300.0,209600.0,-158300.0,0.0,0.0,0.0,0.0,64400.0,65500.0,64300.0,64900.0,64700.0,HSX_FOREIGN_API,HOSE_SYMBOL_LEVEL,VND,2026-08-25T04:21:07Z,ff_hsx_symbol_daily_v1,c52c08c253710fc212b1d24b1f9e347e6795428a3cbd0ad44883ccbf9d75dffc
2025-06-17,SIP,HOSE,3423630000.0,7263350000.0,-3839720000.0,52500.0,111500.0,-59000.0,0.0,0.0,0.0,0.0,65900.0,65900.0,64800.0,65000.0,65200.0,HSX_FOREIGN_API,HOSE_SYMBOL_LEVEL,VND,2026-08-25T04:21:07Z,ff_hsx_symbol_daily_v1,efa4bff378c5e981e043a6f7d6f669a92f33db00e095e3378e459f67118e6af4
2025-06-18,SIP,HOSE,1648060000.0,7617250000.0,-5969190000.0,25300.0,117300.0,-92000.0,0.0,0.0,0.0,0.0,65300.0,65500.0,64600.0,64600.0,65000.0,HSX_FOREIGN_API,HOSE_SYMBOL_LEVEL,VND,2026-08-25T04:21:07Z,ff_hsx_symbol_daily_v1,63b4cb38cc2c46d6140bf32f2ebf4e9a843b163c0a0b1bf3b88823030658e150
2025-06-19,SIP,HOSE,3963700000.0,1232140000.0,2731560000.0,61000.0,18800.0,42200.0,0.0,0.0,0.0,0.0,64700.0,66500.0,64600.0,65500.0,65300.0,HSX_FOREIGN_API,HOSE_SYMBOL_LEVEL,VND,2026-08-25T04:21:07Z,ff_hsx_symbol_daily_v1,cf27522769ed4011d850c41e5966b5ba6c4ab87d14b61c9b69ee5f94fa47782e
2025-06-20,SIP,HOSE,19103720000.0,57228530000.0,-38124810000.0,297700.0,894900.0,-597200.0,0.0,0.0,0.0,0.0,65300.0,65700.0,63900.0,63900.0,64200.0,HSX_FOREIGN_API,HOSE_SYMBOL_LEVEL,VND,2026-08-25T04:21:07Z,ff_hsx_symbol_daily_v1,08abadd4a2e4921e46be8125a16a2880ebd6831e53eab0c429deb7234b15b368
2025-06-23,SIP,HOSE,3223380000.0,2843190000.0,380190000.0,49500.0,42500.0,7000.0,0.0,0.0,0.0,0.0,64200.0,67800.0,64200.0,67000.0,65700.0,HSX_FOREIGN_API,HOSE_SYMBOL_LEVEL,VND,2026-08-25T04:21:07Z,ff_hsx_symbol_daily_v1,29bd954b36898817ee26e10193a565dbc916698e813c028b709997bb8954d07c
2025-06-24,SIP,HOSE,3276990000.0,7077180000.0,-3800190000.0,48300.0,104700.0,-56400.0,0.0,0.0,0.0,0.0,67600.0,68500.0,67000.0,67200.0,67700.0,HSX_FOREIGN_API,HOSE_SYMBOL_LEVEL,VND,2026-08-25T04:21:07Z,ff_hsx_symbol_daily_v1,4f583d18bf2e3f2d6ea6160e4a0d831bb12c96a19400d89a357ffd98c8b2b908
2025-06-25,SIP,HOSE,6955720000.0,1658380000.0,5297340000.0,102100.0,24400.0,77700.0,0.0,0.0,0.0,0.0,67400.0,68700.0,67300.0,68100.0,68200.0,HSX_FOREIGN_API,HOSE_SYMBOL_LEVEL,VND,2026-08-25T04:21:07Z,ff_hsx_symbol_daily_v1,4dba4074e794df4c15908d951883263dd14cd97b2ae9ea89896474578913d106
2025-06-26,SIP,HOSE,6176390000.0,4637360000.0,1539030000.0,89500.0,67100.0,22400.0,0.0,0.0,0.0,0.0,68700.0,69700.0,68500.0,68900.0,69000.0,HSX_FOREIGN_API,HOSE_SYMBOL_LEVEL,VND,2026-08-25T04:21:07Z,ff_hsx_symbol_daily_v1,fb62953b9e42a8203651b4c8df3888cbcd4d9655d2381dce7bdede2b6671ba6c
2025-06-27,SIP,HOSE,1213380000.0,3812250000.0,-2598870000.0,17800.0,55500.0,-37700.0,0.0,0.0,0.0,0.0,69500.0,69500.0,68000.0,68200.0,68500.0,HSX_FOREIGN_API,HOSE_SYMBOL_LEVEL,VND,2026-08-25T04:21:07Z,ff_hsx_symbol_daily_v1,492c3c8d5944410d5459cba529ef0fc65f5b55ae6abca9e63dfad6d6299a9f92
2025-06-30,SIP,HOSE,7387040000.0,903830000.0,6483210000.0,107400.0,13100.0,94300.0,0.0,0.0,0.0,0.0,68300.0,69200.0,68300.0,68800.0,68800.0,HSX_FOREIGN_API,HOSE_SYMBOL_LEVEL,VND,2026-08-25T04:21:07Z,ff_hsx_symbol_daily_v1,59a25d1fee8b792054d3c537b90bc03d559d55305f3c33d6f7ea533abe57ca36
2025-07-01,SIP,HOSE,3395090000.0,2436030000.0,959060000.0,49000.0,35000.0,14000.0,0.0,0.0,0.0,0.0,68700.0,70400.0,68500.0,69100.0,69500.0,HSX_FOREIGN_API,HOSE_SYMBOL_LEVEL,VND,2026-08-25T04:21:07Z,ff_hsx_symbol_daily_v1,1e4a0ff2fb7b490450f001207f92c981fddc9df7614d248de6caf3836b8addea
2025-07-02,SIP,HOSE,8467400000.0,11488040000.0,-3020640000.0,119400.0,157700.0,-38300.0,0.0,4677870000.0,0.0,63300.0,69700.0,73900.0,69300.0,73900.0,72200.0,HSX_FOREIGN_API,HOSE_SYMBOL_LEVEL,VND,2026-08-25T04:21:07Z,ff_hsx_symbol_daily_v1,ba99b058078f7ab9060bd5c3457cf899782193cd5fcf18f9164c43efbdb01968
2025-07-03,SIP,HOSE,12126850000.0,21496100000.0,-9369250000.0,170800.0,302800.0,-132000.0,0.0,0.0,0.0,0.0,72000.0,72500.0,68800.0,68900.0,70800.0,HSX_FOREIGN_API,HOSE_SYMBOL_LEVEL,VND,2026-08-25T04:21:07Z,ff_hsx_symbol_daily_v1,c574ca4f6db04839cd8fb1036c0f6dbe47c8b1ed2c4bf4689f4b8f117d87472e
2025-07-04,SIP,HOSE,1294260000.0,12927850000.0,-11633590000.0,18900.0,188400.0,-169500.0,0.0,0.0,0.0,0.0,70000.0,70000.0,67300.0,69000.0,68400.0,HSX_FOREIGN_API,HOSE_SYMBOL_LEVEL,VND,2026-08-25T04:21:07Z,ff_hsx_symbol_daily_v1,3f0209c2a8138bc71308a91c0cf834517faa7d8bbbad2a088322a72a895442f4
2025-07-07,SIP,HOSE,6781320000.0,5676690000.0,1104630000.0,95800.0,79000.0,16800.0,0.0,0.0,0.0,0.0,71000.0,72700.0,69700.0,70600.0,70800.0,HSX_FOREIGN_API,HOSE_SYMBOL_LEVEL,VND,2026-08-25T04:21:07Z,ff_hsx_symbol_daily_v1,909127c7a840ed5656e53bc3978aeba28ef54700323f6b486f27d2424d3b4abd
2025-07-08,SIP,HOSE,5378350000.0,7212390000.0,-1834040000.0,74500.0,100400.0,-25900.0,0.0,0.0,0.0,0.0,72900.0,72900.0,71300.0,71800.0,72100.0,HSX_FOREIGN_API,HOSE_SYMBOL_LEVEL,VND,2026-08-25T04:21:07Z,ff_hsx_symbol_daily_v1,39d8d689b548301a3a1b4ef5262ec1c6108bdaa2879e8656c62182feb7328895
2025-07-09,SIP,HOSE,1679080000.0,2564740000.0,-885660000.0,23600.0,35900.0,-12300.0,0.0,0.0,0.0,0.0,72500.0,72500.0,70600.0,70900.0,71200.0,HSX_FOREIGN_API,HOSE_SYMBOL_LEVEL,VND,2026-08-25T04:21:07Z,ff_hsx_symbol_daily_v1,7f4b12f002c2ed88438d8e3a8c247741664fea032ede900153260175f569d15e
2025-07-10,SIP,HOSE,3842060000.0,1554400000.0,2287660000.0,54000.0,21800.0,32200.0,0.0,0.0,0.0,0.0,70800.0,72000.0,70700.0,71000.0,71200.0,HSX_FOREIGN_API,HOSE_SYMBOL_LEVEL,VND,2026-08-25T04:21:07Z,ff_hsx_symbol_daily_v1,59f326c7c5c21d16b825d955918f059135c25fbb86667609f18582be54239fe5
2025-07-11,SIP,HOSE,10531410000.0,2445280000.0,8086130000.0,148500.0,34400.0,114100.0,0.0,0.0,0.0,0.0,71200.0,71800.0,70400.0,70700.0,70900.0,HSX_FOREIGN_API,HOSE_SYMBOL_LEVEL,VND,2026-08-25T04:21:07Z,ff_hsx_symbol_daily_v1,930cea5761936a961abdc0507cf750200f78f7d519e519183feb159a514c76cc
2025-07-14,SIP,HOSE,6087912500.0,5298320000.0,789592500.0,97875.0,85600.0,12275.0,0.0,0.0,0.0,0.0,62500.0,62600.0,61000.0,62200.0,62100.0,HSX_FOREIGN_API,HOSE_SYMBOL_LEVEL,VND,2026-08-25T04:21:07Z,ff_hsx_symbol_daily_v1,7e7a38d9a589739729983765373f2664ee91f1d8b394f47232bad2355e8bea65
2025-07-15,SIP,HOSE,2093380000.0,5701295000.0,-3607915000.0,33500.0,91735.0,-58235.0,0.0,0.0,0.0,0.0,62500.0,62800.0,61800.0,61800.0,62200.0,HSX_FOREIGN_API,HOSE_SYMBOL_LEVEL,VND,2026-08-25T04:21:07Z,ff_hsx_symbol_daily_v1,8723bbdf9ef19f9cf2b2b2d915fff3d56f684abaa08666bae6a2ba1c67d272f0
2025-07-16,SIP,HOSE,1326790000.0,10811840000.0,-9485050000.0,21600.0,175900.0,-154300.0,0.0,0.0,0.0,0.0,61700.0,61800.0,61100.0,61500.0,61400.0,HSX_FOREIGN_API,HOSE_SYMBOL_LEVEL,VND,2026-08-25T04:21:07Z,ff_hsx_symbol_daily_v1,3d408af7c41cf5b4185aa556f81abfaed75401888aac99ae97bf4014253f17b9
2025-07-17,SIP,HOSE,2001510000.0,13046230000.0,-11044720000.0,32300.0,210000.0,-177700.0,0.0,0.0,0.0,0.0,61700.0,62900.0,61500.0,61800.0,62100.0,HSX_FOREIGN_API,HOSE_SYMBOL_LEVEL,VND,2026-08-25T04:21:07Z,ff_hsx_symbol_daily_v1,33e2944fa69b42a861b37fb742ec0c76641a5a394a22a87d373f5c497e2f5b68
2025-07-18,SIP,HOSE,1231020000.0,40107660000.0,-38876640000.0,19900.0,648600.0,-628700.0,0.0,0.0,0.0,0.0,62000.0,63100.0,61400.0,61500.0,62000.0,HSX_FOREIGN_API,HOSE_SYMBOL_LEVEL,VND,2026-08-25T04:21:07Z,ff_hsx_symbol_daily_v1,6b7daaa75a9fdbf1760c2f29c55034187ecd0c8439244d4514dd4986b9ae1fec
2025-07-21,SIP,HOSE,15522650000.0,8260620000.0,7262030000.0,249500.0,133100.0,116400.0,0.0,0.0,0.0,0.0,62000.0,63400.0,61500.0,62600.0,62300.0,HSX_FOREIGN_API,HOSE_SYMBOL_LEVEL,VND,2026-08-25T04:21:07Z,ff_hsx_symbol_daily_v1,20eb129618d3e5b0e1bd89473ad7767c150e8c66ef8ecbee8ab90391db59bab7
2025-07-22,SIP,HOSE,10231161400.0,7938670000.0,2292491400.0,163450.0,126800.0,36650.0,0.0,0.0,0.0,0.0,62500.0,63200.0,62200.0,62800.0,62700.0,HSX_FOREIGN_API,HOSE_SYMBOL_LEVEL,VND,2026-08-25T04:21:07Z,ff_hsx_symbol_daily_v1,9f3b498b2185e0156f21ec7b1d89d2be45b5f9c16b24c698c8ca9b61a1506286
2025-07-23,SIP,HOSE,1944010000.0,8949118000.0,-7005108000.0,30800.0,140700.0,-109900.0,0.0,5537898000.0,0.0,87000.0,63000.0,64000.0,62600.0,64000.0,63600.0,HSX_FOREIGN_API,HOSE_SYMBOL_LEVEL,VND,2026-08-25T04:21:07Z,ff_hsx_symbol_daily_v1,c4a843b2357dcea54de88cdd509236279f851222d880bc3784dd0a4db88f053e
2025-07-24,SIP,HOSE,30465340000.0,6557100000.0,23908240000.0,456900.0,98200.0,358700.0,0.0,0.0,0.0,0.0,65700.0,68400.0,65000.0,68400.0,66800.0,HSX_FOREIGN_API,HOSE_SYMBOL_LEVEL,VND,2026-08-25T04:21:07Z,ff_hsx_symbol_daily_v1,d939ce1a68a42a4506de16130d3ec19bcd392b6dc19f19aab823a8cc9d8ac554
2025-07-25,SIP,HOSE,12139090000.0,929860000.0,11209230000.0,177800.0,13600.0,164200.0,0.0,0.0,0.0,0.0,68300.0,68900.0,67500.0,67700.0,68200.0,HSX_FOREIGN_API,HOSE_SYMBOL_LEVEL,VND,2026-08-25T04:21:07Z,ff_hsx_symbol_daily_v1,c7cc47b7a6e7d3235e4199d0f7aa1b320eab86b838a0d3cd36f5dd931e85a608
2025-07-28,SIP,HOSE,15923250000.0,14084760000.0,1838490000.0,235700.0,208100.0,27600.0,0.0,0.0,0.0,0.0,67800.0,68400.0,67000.0,67000.0,67600.0,HSX_FOREIGN_API,HOSE_SYMBOL_LEVEL,VND,2026-08-25T04:21:07Z,ff_hsx_symbol_daily_v1,6cff47cd8f59db57d4eca4546b7f4fd10643fbc8d28e0e2606cd752fd2ce52ec
2025-07-29,SIP,HOSE,37491670000.0,7116750000.0,30374920000.0,565800.0,107600.0,458200.0,0.0,0.0,0.0,0.0,67100.0,67800.0,63400.0,65900.0,66300.0,HSX_FOREIGN_API,HOSE_SYMBOL_LEVEL,VND,2026-08-25T04:21:07Z,ff_hsx_symbol_daily_v1,f5b24ab4d9657239d8e198a6227530bae977579a3ef6bcaebcaa26aefe604dda
2025-07-30,SIP,HOSE,0.0,613390000.0,-613390000.0,0.0,9500.0,-9500.0,0.0,0.0,0.0,0.0,65200.0,65700.0,64200.0,65200.0,64800.0,HSX_FOREIGN_API,HOSE_SYMBOL_LEVEL,VND,2026-08-25T04:21:07Z,ff_hsx_symbol_daily_v1,d3cf66badd7113586cbb1d16f9c0001d74623b05a01e9a53da3538035b662fd9
2025-07-31,SIP,HOSE,4750670000.0,9458140000.0,-4707470000.0,71400.0,142600.0,-71200.0,0.0,0.0,0.0,0.0,67300.0,68500.0,65300.0,67300.0,66600.0,HSX_FOREIGN_API,HOSE_SYMBOL_LEVEL,VND,2026-08-25T04:21:07Z,ff_hsx_symbol_daily_v1,e92a79d558f7efda66701eda4419e2478985ae32f9d9f0f3aeda277e3abc8ce8
2025-08-01,SIP,HOSE,131000000.0,12895040000.0,-12764040000.0,2000.0,196000.0,-194000.0,0.0,0.0,0.0,0.0,67300.0,67300.0,64700.0,64800.0,65600.0,HSX_FOREIGN_API,HOSE_SYMBOL_LEVEL,VND,2026-08-25T04:21:07Z,ff_hsx_symbol_daily_v1,93af76d1932c683a57e43e2b87969a50aa06942081258a30cd491dbfd780aaa3
2025-08-04,SIP,HOSE,128400000.0,7315230000.0,-7186830000.0,2000.0,113300.0,-111300.0,0.0,0.0,0.0,0.0,65000.0,65400.0,64100.0,64600.0,64500.0,HSX_FOREIGN_API,HOSE_SYMBOL_LEVEL,VND,2026-08-25T04:21:07Z,ff_hsx_symbol_daily_v1,e92a911b23a08018d6ef0104f44831053bcef5f7340ecf01b2c0075660ba8184
2025-08-05,SIP,HOSE,1571080000.0,3758450000.0,-2187370000.0,24500.0,57500.0,-33000.0,0.0,0.0,0.0,0.0,65500.0,66400.0,63000.0,63800.0,64800.0,HSX_FOREIGN_API,HOSE_SYMBOL_LEVEL,VND,2026-08-25T04:21:07Z,ff_hsx_symbol_daily_v1,93f0df826c1ac9d443d8a37bb6c92c5b452d84c7d9b58a6ebe02598096417955
2025-08-06,SIP,HOSE,5991130000.0,566600000.0,5424530000.0,93100.0,8800.0,84300.0,0.0,0.0,0.0,0.0,64500.0,64900.0,63700.0,64400.0,64200.0,HSX_FOREIGN_API,HOSE_SYMBOL_LEVEL,VND,2026-08-25T04:21:07Z,ff_hsx_symbol_daily_v1,e323e4b429e72ede75e3fde08608e17384fe47349d97b31d1f70fcd9958d9b8c
2025-08-07,SIP,HOSE,33714370000.0,186260000.0,33528110000.0,505100.0,2800.0,502300.0,0.0,0.0,0.0,0.0,66500.0,67300.0,65800.0,66400.0,66700.0,HSX_FOREIGN_API,HOSE_SYMBOL_LEVEL,VND,2026-08-25T04:21:07Z,ff_hsx_symbol_daily_v1,623abf6237d2aa209dc0320113d23ab0b44dcf804836a58d4e442672618045a6
2025-08-08,SIP,HOSE,11985670000.0,2089730000.0,9895940000.0,181700.0,31600.0,150100.0,0.0,0.0,0.0,0.0,67400.0,67400.0,64800.0,65700.0,66000.0,HSX_FOREIGN_API,HOSE_SYMBOL_LEVEL,VND,2026-08-25T04:21:07Z,ff_hsx_symbol_daily_v1,ee9398efe1a47abf0bcaffa03881d8c18f107fb87fe97a07d73b425d6d3a3793
2025-08-11,SIP,HOSE,4982450000.0,1920580000.0,3061870000.0,74400.0,29100.0,45300.0,0.0,0.0,0.0,0.0,65700.0,68000.0,65500.0,67000.0,66800.0,HSX_FOREIGN_API,HOSE_SYMBOL_LEVEL,VND,2026-08-25T04:21:07Z,ff_hsx_symbol_daily_v1,256871dae729fe54a8f6dd53960ebf74426f892db9857408df679966866af969
2025-08-12,SIP,HOSE,59840000.0,13225120000.0,-13165280000.0,900.0,198800.0,-197900.0,0.0,0.0,0.0,0.0,67800.0,67800.0,65900.0,66500.0,66400.0,HSX_FOREIGN_API,HOSE_SYMBOL_LEVEL,VND,2026-08-25T04:21:07Z,ff_hsx_symbol_daily_v1,5a6e618ae76b791aff8452d6992f7bfc703ff820d3db452679ee1056445b7cb1
2025-08-13,SIP,HOSE,17841739500.0,455990000.0,17385749500.0,263515.0,6800.0,256715.0,0.0,0.0,0.0,0.0,66800.0,68700.0,66600.0,67500.0,67400.0,HSX_FOREIGN_API,HOSE_SYMBOL_LEVEL,VND,2026-08-25T04:21:07Z,ff_hsx_symbol_daily_v1,3a0768ab3407e3a4b0a902a17ea0d202eed79af516ab9d49f572600dd12c5eb3
2025-08-14,SIP,HOSE,26770000.0,1911470000.0,-1884700000.0,400.0,28500.0,-28100.0,0.0,0.0,0.0,0.0,67500.0,67600.0,66200.0,66700.0,66800.0,HSX_FOREIGN_API,HOSE_SYMBOL_LEVEL,VND,2026-08-25T04:21:07Z,ff_hsx_symbol_daily_v1,3e4f9d5b7d887d05fbfd68d84e10a2cea6ffa8790d988452e5d368edcc41f58a
2025-08-15,SIP,HOSE,84260000.0,223520000.0,-139260000.0,1300.0,3400.0,-2100.0,0.0,0.0,0.0,0.0,66500.0,66700.0,64300.0,64400.0,65100.0,HSX_FOREIGN_API,HOSE_SYMBOL_LEVEL,VND,2026-08-25T04:21:07Z,ff_hsx_symbol_daily_v1,cf8281b6c4d6d5021ca96348d50a27fdea04dae95b855ca2a47f239e0ab38f19
2025-08-18,SIP,HOSE,45220000.0,8189750000.0,-8144530000.0,700.0,126800.0,-126100.0,0.0,0.0,0.0,0.0,64200.0,65500.0,64000.0,64400.0,64500.0,HSX_FOREIGN_API,HOSE_SYMBOL_LEVEL,VND,2026-08-25T04:21:07Z,ff_hsx_symbol_daily_v1,391fcca975d7f187e6ad2699923d5716306522f832d7317b2eb8e881307e6c09
2025-08-19,SIP,HOSE,896630000.0,5995370000.0,-5098740000.0,13900.0,93100.0,-79200.0,0.0,0.0,0.0,0.0,64400.0,64900.0,64200.0,64400.0,64500.0,HSX_FOREIGN_API,HOSE_SYMBOL_LEVEL,VND,2026-08-25T04:21:07Z,ff_hsx_symbol_daily_v1,50581f72a614f3a5e85510b82492a69936d066fd7346c9d1ed6ba9d059d58abc
2025-08-20,SIP,HOSE,2478160000.0,4776640000.0,-2298480000.0,38900.0,75000.0,-36100.0,0.0,0.0,0.0,0.0,64400.0,64500.0,62500.0,62900.0,63400.0,HSX_FOREIGN_API,HOSE_SYMBOL_LEVEL,VND,2026-08-25T04:21:07Z,ff_hsx_symbol_daily_v1,3d60fbe588cdc1be7025687fa655bb204f5759d97054f858b7f3a209d107a7b3
2025-08-21,SIP,HOSE,891590000.0,2850810000.0,-1959220000.0,13900.0,45225.0,-31325.0,0.0,0.0,0.0,0.0,63000.0,64600.0,61500.0,62300.0,62900.0,HSX_FOREIGN_API,HOSE_SYMBOL_LEVEL,VND,2026-08-25T04:21:07Z,ff_hsx_symbol_daily_v1,8aec7d1987d2e1c27600a79399f8d0089d5f74a70e8b0f29979a2d22bf12163f
2025-08-22,SIP,HOSE,814865000.0,3046337000.0,-2231472000.0,13750.0,49718.0,-35968.0,0.0,0.0,0.0,0.0,62000.0,62000.0,58600.0,58700.0,59900.0,HSX_FOREIGN_API,HOSE_SYMBOL_LEVEL,VND,2026-08-25T04:21:07Z,ff_hsx_symbol_daily_v1,911197fef69bdd97233ace4409f4c727d8598d3e4406b24149515c93e1148813
2025-08-25,SIP,HOSE,5900000.0,1952719200.0,-1946819200.0,100.0,33187.0,-33087.0,0.0,0.0,0.0,0.0,58900.0,60500.0,57800.0,57800.0,58900.0,HSX_FOREIGN_API,HOSE_SYMBOL_LEVEL,VND,2026-08-25T04:21:07Z,ff_hsx_symbol_daily_v1,719ad7a04da6eac44d915f634cf8431d6db6990b7cc29faf115d85b2892a25d2
2025-08-26,SIP,HOSE,659580000.0,1119670000.0,-460090000.0,11300.0,19100.0,-7800.0,0.0,0.0,0.0,0.0,57800.0,59000.0,57300.0,58600.0,58500.0,HSX_FOREIGN_API,HOSE_SYMBOL_LEVEL,VND,2026-08-25T04:21:07Z,ff_hsx_symbol_daily_v1,120b1564478944a9c9427fcd311e95f30946394ff9888e1a2ae9ffee5f379c0d
2025-08-27,SIP,HOSE,2741050000.0,10844857100.0,-8103807100.0,46300.0,183354.0,-137054.0,0.0,0.0,0.0,0.0,59000.0,59900.0,58800.0,59200.0,59200.0,HSX_FOREIGN_API,HOSE_SYMBOL_LEVEL,VND,2026-08-25T04:21:07Z,ff_hsx_symbol_daily_v1,705b54538ff1ea5ef1df1837aeae6e02df599d0b0bcb3fd35a65c5e2437413c2
2025-08-28,SIP,HOSE,417800000.0,936910000.0,-519110000.0,7000.0,15700.0,-8700.0,0.0,0.0,0.0,0.0,59800.0,60400.0,59400.0,59700.0,59800.0,HSX_FOREIGN_API,HOSE_SYMBOL_LEVEL,VND,2026-08-25T04:21:07Z,ff_hsx_symbol_daily_v1,b2edd700cb34cf3f209d7f1f237413692835261b7681983569fc64101778c7bb
2025-08-29,SIP,HOSE,227790000.0,2288970000.0,-2061180000.0,3800.0,38445.0,-34645.0,0.0,0.0,0.0,0.0,60000.0,60000.0,58900.0,58900.0,59400.0,HSX_FOREIGN_API,HOSE_SYMBOL_LEVEL,VND,2026-08-25T04:21:07Z,ff_hsx_symbol_daily_v1,fb388ceea24faa4814a01f6fa3bf47a96cc98dc0edc9a79ee39a0944e6a5c56b
2025-09-03,SIP,HOSE,1718920000.0,596920000.0,1122000000.0,29100.0,10000.0,19100.0,0.0,0.0,0.0,0.0,58900.0,60000.0,58800.0,59700.0,59600.0,HSX_FOREIGN_API,HOSE_SYMBOL_LEVEL,VND,2026-08-25T04:21:07Z,ff_hsx_symbol_daily_v1,5700be6157a06a21d0ffef7c33a93895eedf3f8d99af04948eaa95957f83d0ca
2025-09-04,SIP,HOSE,1820100000.0,176280000.0,1643820000.0,30200.0,2900.0,27300.0,0.0,0.0,0.0,0.0,60000.0,61400.0,60000.0,60800.0,60700.0,HSX_FOREIGN_API,HOSE_SYMBOL_LEVEL,VND,2026-08-25T04:21:07Z,ff_hsx_symbol_daily_v1,c6441878554dc821c6590d9dfe6143f8aebbe0977e2c88b4d4b793645738d0a4
2025-09-05,SIP,HOSE,1758890000.0,92730000.0,1666160000.0,28400.0,1500.0,26900.0,0.0,0.0,0.0,0.0,61200.0,63200.0,61100.0,61100.0,62100.0,HSX_FOREIGN_API,HOSE_SYMBOL_LEVEL,VND,2026-08-25T04:21:07Z,ff_hsx_symbol_daily_v1,6191a220b5ca16352933192ddde9cd94e1c3c1c175901a693533090566abc0f7
2025-09-08,SIP,HOSE,2450080000.0,1286197600.0,1163882400.0,40700.0,21050.0,19650.0,0.0,0.0,0.0,0.0,61200.0,61600.0,59500.0,59500.0,60200.0,HSX_FOREIGN_API,HOSE_SYMBOL_LEVEL,VND,2026-08-25T04:21:07Z,ff_hsx_symbol_daily_v1,efbbc0338bb8dd18caf2e68434411b2011ffe743202e7979d43e293c7e00edf5
2025-09-09,SIP,HOSE,53030000.0,2094510400.0,-2041480400.0,900.0,35150.0,-34250.0,0.0,0.0,0.0,0.0,59500.0,60100.0,58600.0,58700.0,59100.0,HSX_FOREIGN_API,HOSE_SYMBOL_LEVEL,VND,2026-08-25T04:21:07Z,ff_hsx_symbol_daily_v1,95461e2a76235ea2c309df95a03667651e61a777a5c2bfaae6da1f6ae1ad0c58
2025-09-10,SIP,HOSE,621740000.0,2017920000.0,-1396180000.0,10700.0,34500.0,-23800.0,0.0,0.0,0.0,0.0,58900.0,59100.0,57800.0,58000.0,58200.0,HSX_FOREIGN_API,HOSE_SYMBOL_LEVEL,VND,2026-08-25T04:21:07Z,ff_hsx_symbol_daily_v1,afbd41aeb79a1e88a58782f15861dc747f96ae2a9e0098ef881c6b1c29eff56e
2025-09-11,SIP,HOSE,374940000.0,691610000.0,-316670000.0,6500.0,12000.0,-5500.0,0.0,0.0,0.0,0.0,58000.0,58600.0,57100.0,58200.0,57700.0,HSX_FOREIGN_API,HOSE_SYMBOL_LEVEL,VND,2026-08-25T04:21:07Z,ff_hsx_symbol_daily_v1,d63cba746d3172f382155d4829ff3915bc73641a88783414a3fb37b1690dc862
2025-09-12,SIP,HOSE,396050000.0,23540000.0,372510000.0,6700.0,400.0,6300.0,0.0,0.0,0.0,0.0,58400.0,59700.0,58400.0,59200.0,59100.0,HSX_FOREIGN_API,HOSE_SYMBOL_LEVEL,VND,2026-08-25T04:21:07Z,ff_hsx_symbol_daily_v1,cf76a57a9d289b234d269a96635e6b92e21792ee81a30efec981010df4f78a5a
2025-09-15,SIP,HOSE,4020400000.0,557970000.0,3462430000.0,67200.0,9300.0,57900.0,0.0,0.0,0.0,0.0,60000.0,61000.0,59400.0,61000.0,60100.0,HSX_FOREIGN_API,HOSE_SYMBOL_LEVEL,VND,2026-08-25T04:21:07Z,ff_hsx_symbol_daily_v1,16d46fab3fff5e79476f8ce243f0c8825b0f6c18912b1c4d7570e71006ec12e0
2025-09-16,SIP,HOSE,1544310000.0,751454000.0,792856000.0,25700.0,12380.0,13320.0,0.0,0.0,0.0,0.0,61300.0,61400.0,59800.0,60200.0,60300.0,HSX_FOREIGN_API,HOSE_SYMBOL_LEVEL,VND,2026-08-25T04:21:07Z,ff_hsx_symbol_daily_v1,fa9e87a4092f0964aa3886f102250c739688249df7c8c7a8fc277d54da9a96b7
2025-09-17,SIP,HOSE,1588120000.0,11447615600.0,-9859495600.0,26700.0,192990.0,-166290.0,0.0,0.0,0.0,0.0,60000.0,60200.0,58500.0,58700.0,59400.0,HSX_FOREIGN_API,HOSE_SYMBOL_LEVEL,VND,2026-08-25T04:21:07Z,ff_hsx_symbol_daily_v1,af00a0800071b64c48a7697dcf5eb512967e17f4d6d0335db9af19198c3e9212
2025-09-18,SIP,HOSE,11770000.0,2553180000.0,-2541410000.0,200.0,43600.0,-43400.0,0.0,0.0,0.0,0.0,59000.0,59000.0,58200.0,58700.0,58500.0,HSX_FOREIGN_API,HOSE_SYMBOL_LEVEL,VND,2026-08-25T04:21:07Z,ff_hsx_symbol_daily_v1,d4685970db82426f3b452826ea710c52c2e6d65ed6ca9972185788a8725d910f
2025-09-19,SIP,HOSE,80500000.0,16691510000.0,-16611010000.0,1400.0,289300.0,-287900.0,0.0,0.0,0.0,0.0,58700.0,59000.0,57500.0,57500.0,57900.0,HSX_FOREIGN_API,HOSE_SYMBOL_LEVEL,VND,2026-08-25T04:21:07Z,ff_hsx_symbol_daily_v1,60a3f9cd0cdc1486494a5728405477bea3b7e08ea57bd43406128d319582973a
2025-09-22,SIP,HOSE,34560000.0,7856154000.0,-7821594000.0,600.0,136355.0,-135755.0,0.0,0.0,0.0,0.0,57800.0,58200.0,57400.0,57600.0,57600.0,HSX_FOREIGN_API,HOSE_SYMBOL_LEVEL,VND,2026-08-25T04:21:07Z,ff_hsx_symbol_daily_v1,bab673bd6a5238542cba927286aa2fc31acea64ba2b20c0d88900982633babc9
2025-09-23,SIP,HOSE,178940000.0,5843850000.0,-5664910000.0,3100.0,101300.0,-98200.0,0.0,0.0,0.0,0.0,58000.0,58600.0,57300.0,57600.0,57900.0,HSX_FOREIGN_API,HOSE_SYMBOL_LEVEL,VND,2026-08-25T04:21:07Z,ff_hsx_symbol_daily_v1,36232d5b15791f6a5ef8c9a142ebf0fa34459ad720f5f6ce86980322121e1cba
2025-09-24,SIP,HOSE,1662840000.0,8024250000.0,-6361410000.0,29000.0,140000.0,-111000.0,0.0,0.0,0.0,0.0,57600.0,57900.0,57000.0,57300.0,57400.0,HSX_FOREIGN_API,HOSE_SYMBOL_LEVEL,VND,2026-08-25T04:21:07Z,ff_hsx_symbol_daily_v1,cbc3f91b2552e2ee990cef167c20c578b8e3327e282be00d39b8a0b0d2d4011e
2025-09-25,SIP,HOSE,1600060000.0,5517522000.0,-3917462000.0,27700.0,95630.0,-67930.0,0.0,0.0,0.0,0.0,58000.0,58100.0,57500.0,57700.0,57800.0,HSX_FOREIGN_API,HOSE_SYMBOL_LEVEL,VND,2026-08-25T04:21:07Z,ff_hsx_symbol_daily_v1,778b01dde51ea4966ded897799151556b8eb23e038014705a8160ba8d171d813
2025-09-26,SIP,HOSE,577620000.0,6500296900.0,-5922676900.0,10000.0,112694.0,-102694.0,0.0,0.0,0.0,0.0,57800.0,58200.0,57400.0,57500.0,57700.0,HSX_FOREIGN_API,HOSE_SYMBOL_LEVEL,VND,2026-08-25T04:21:07Z,ff_hsx_symbol_daily_v1,7812e4a56b917f0849079d92d972880a5a4230e28a613627ed3c2f5f001b3f5e
2025-09-29,SIP,HOSE,6846000.0,3148200000.0,-3141354000.0,120.0,55300.0,-55180.0,0.0,0.0,0.0,0.0,57400.0,57600.0,56000.0,56000.0,56600.0,HSX_FOREIGN_API,HOSE_SYMBOL_LEVEL,VND,2026-08-25T04:21:07Z,ff_hsx_symbol_daily_v1,362a5a8f0828efd7887bf6dd868dac1a906303d3f848c45d3bd2fbed5827c07a
2025-09-30,SIP,HOSE,2082380000.0,6489250000.0,-4406870000.0,37800.0,117300.0,-79500.0,0.0,0.0,0.0,0.0,56600.0,56600.0,54700.0,55200.0,55200.0,HSX_FOREIGN_API,HOSE_SYMBOL_LEVEL,VND,2026-08-25T04:21:07Z,ff_hsx_symbol_daily_v1,02b7c1f1b1b0006d6121434686b3a82a3aed7adc9f8304e918ffa933ef989c70
2025-10-01,SIP,HOSE,4298100000.0,13476040000.0,-9177940000.0,77300.0,242300.0,-165000.0,0.0,0.0,0.0,0.0,55500.0,56000.0,55200.0,55500.0,55700.0,HSX_FOREIGN_API,HOSE_SYMBOL_LEVEL,VND,2026-08-25T04:21:07Z,ff_hsx_symbol_daily_v1,79b85d7d163d0a526985cd6243735ef53b2f30d543c26f4d2098dd312a0a1666
2025-10-02,SIP,HOSE,1480120000.0,15912360900.0,-14432240900.0,26800.0,289027.0,-262227.0,0.0,0.0,0.0,0.0,56400.0,56400.0,54700.0,54800.0,55100.0,HSX_FOREIGN_API,HOSE_SYMBOL_LEVEL,VND,2026-08-25T04:21:07Z,ff_hsx_symbol_daily_v1,9f7abf0d578e6186277f39e721290b8a8f7785c21c89082d792e234f6398d847
2025-10-03,SIP,HOSE,725400000.0,6860258100.0,-6134858100.0,13400.0,126799.0,-113399.0,0.0,0.0,0.0,0.0,55200.0,55200.0,53800.0,53900.0,54100.0,HSX_FOREIGN_API,HOSE_SYMBOL_LEVEL,VND,2026-08-25T04:21:07Z,ff_hsx_symbol_daily_v1,457d5bec321802722789f29bc256d4c61060dc3ff1bbf08a36e32f37380f838d
2025-10-06,SIP,HOSE,549900000.0,587370000.0,-37470000.0,10000.0,10600.0,-600.0,0.0,0.0,0.0,0.0,54200.0,55800.0,54200.0,55800.0,55200.0,HSX_FOREIGN_API,HOSE_SYMBOL_LEVEL,VND,2026-08-25T04:21:07Z,ff_hsx_symbol_daily_v1,4ec98fbaeb573f02c09b0aad449084e09a10a3f03049c0744efd57862ad7a6b3
2025-10-07,SIP,HOSE,503740000.0,3605695600.0,-3101955600.0,9100.0,65160.0,-56060.0,0.0,0.0,0.0,0.0,56000.0,56000.0,54800.0,54900.0,55300.0,HSX_FOREIGN_API,HOSE_SYMBOL_LEVEL,VND,2026-08-25T04:21:07Z,ff_hsx_symbol_daily_v1,a2b3e6661ffc3d65301673b6d59579bf1da7d49ad4f1d241ee7ddd9e4c3dd380
2025-10-08,SIP,HOSE,805990000.0,2445030900.0,-1639040900.0,14700.0,44578.0,-29878.0,0.0,0.0,0.0,0.0,55600.0,55700.0,54600.0,54900.0,54900.0,HSX_FOREIGN_API,HOSE_SYMBOL_LEVEL,VND,2026-08-25T04:21:07Z,ff_hsx_symbol_daily_v1,ad5638b079298e25d15399d398461cc14cc24e8d8be479cac1cf82e8532d9e52
2025-10-09,SIP,HOSE,1367410000.0,440211900.0,927198100.0,24800.0,7991.0,16809.0,0.0,0.0,0.0,0.0,54900.0,55500.0,54600.0,55500.0,55200.0,HSX_FOREIGN_API,HOSE_SYMBOL_LEVEL,VND,2026-08-25T04:21:07Z,ff_hsx_symbol_daily_v1,2c71972b9dee22bba0ffe1dbfb698e2733075fc7be35287300de3f7b8b633a9d
2025-10-10,SIP,HOSE,614890000.0,357390000.0,257500000.0,11100.0,6400.0,4700.0,0.0,0.0,0.0,0.0,55200.0,56200.0,55200.0,55500.0,55500.0,HSX_FOREIGN_API,HOSE_SYMBOL_LEVEL,VND,2026-08-25T04:21:07Z,ff_hsx_symbol_daily_v1,1550303c2509ffe40f1afc0068ffd0ad0fbfb902217ad259a05270bc45c52b85
2025-10-13,SIP,HOSE,911130000.0,840180000.0,70950000.0,16400.0,15100.0,1300.0,0.0,0.0,0.0,0.0,55300.0,56200.0,54700.0,55300.0,55500.0,HSX_FOREIGN_API,HOSE_SYMBOL_LEVEL,VND,2026-08-25T04:21:07Z,ff_hsx_symbol_daily_v1,c3ccdb97dc4534f0f70bfe0d4412db4fdde2c36385a135a10e8e41456cf225a1
2025-10-14,SIP,HOSE,986390000.0,2031980000.0,-1045590000.0,17900.0,37000.0,-19100.0,0.0,0.0,0.0,0.0,55600.0,55600.0,54600.0,55100.0,55000.0,HSX_FOREIGN_API,HOSE_SYMBOL_LEVEL,VND,2026-08-25T04:21:07Z,ff_hsx_symbol_daily_v1,ecbc796b62d64c01e526a5ff9becc5771a4f01ac5499f54ef057e22e6a5aad11
2025-10-15,SIP,HOSE,2232080000.0,1719780000.0,512300000.0,41100.0,31500.0,9600.0,0.0,0.0,0.0,0.0,55300.0,55300.0,53900.0,54000.0,54400.0,HSX_FOREIGN_API,HOSE_SYMBOL_LEVEL,VND,2026-08-25T04:21:07Z,ff_hsx_symbol_daily_v1,832a1409d97d9f555ba5cfd47dadfa5aa963928e4354a5c2989435b726b619ab
2025-10-16,SIP,HOSE,1214230000.0,523230000.0,691000000.0,22500.0,9700.0,12800.0,0.0,0.0,0.0,0.0,54000.0,54500.0,53700.0,54000.0,53900.0,HSX_FOREIGN_API,HOSE_SYMBOL_LEVEL,VND,2026-08-25T04:21:07Z,ff_hsx_symbol_daily_v1,bce08a8d4df79b0004b8dfb68e59769b529e8747385bce23de654dd9d5ec6546
2025-10-17,SIP,HOSE,519280000.0,1143214500.0,-623934500.0,9600.0,21188.0,-11588.0,0.0,0.0,0.0,0.0,54000.0,54500.0,53500.0,53600.0,54000.0,HSX_FOREIGN_API,HOSE_SYMBOL_LEVEL,VND,2026-08-25T04:21:07Z,ff_hsx_symbol_daily_v1,b026f92c8be1ac8b0e1ffb29b11ff070ddae5af615317bf018e0e475d564ba51
2025-10-20,SIP,HOSE,843210000.0,2835610000.0,-1992400000.0,16000.0,53600.0,-37600.0,0.0,0.0,0.0,0.0,53700.0,54000.0,50000.0,50000.0,52600.0,HSX_FOREIGN_API,HOSE_SYMBOL_LEVEL,VND,2026-08-25T04:21:07Z,ff_hsx_symbol_daily_v1,808e94d310dc8378d0249b8897d70df7cb9adad305f1d503c9e28ae30c7a70f2
2025-10-21,SIP,HOSE,5105920000.0,731140000.0,4374780000.0,99900.0,14300.0,85600.0,0.0,0.0,0.0,0.0,50700.0,51700.0,50200.0,51500.0,51100.0,HSX_FOREIGN_API,HOSE_SYMBOL_LEVEL,VND,2026-08-25T04:21:07Z,ff_hsx_symbol_daily_v1,9ee0dc14ac087c971a29dd66b480a1c6318a1b3cf22a3db734cf3f0c9d90dbb4
2025-10-22,SIP,HOSE,4321880000.0,7479285400.0,-3157405400.0,81800.0,141341.0,-59541.0,0.0,0.0,0.0,0.0,53100.0,54600.0,51600.0,52400.0,52600.0,HSX_FOREIGN_API,HOSE_SYMBOL_LEVEL,VND,2026-08-25T04:21:07Z,ff_hsx_symbol_daily_v1,9a36bab0f4b17a74d01ab13f01f48ee85f5cc3b6b27c8ebd3d997e251f4aaae5
2025-10-23,SIP,HOSE,48200000.0,766132000.0,-717932000.0,900.0,14325.0,-13425.0,0.0,0.0,0.0,0.0,53800.0,53800.0,52800.0,53400.0,53500.0,HSX_FOREIGN_API,HOSE_SYMBOL_LEVEL,VND,2026-08-25T04:21:07Z,ff_hsx_symbol_daily_v1,3d3f458067b934f41e6d5d58f1908b22c18b5b680113a47ba956eb0a6f44a3d7
2025-10-24,SIP,HOSE,460840000.0,1035930000.0,-575090000.0,8800.0,19500.0,-10700.0,0.0,0.0,0.0,0.0,53800.0,53800.0,52100.0,53300.0,53000.0,HSX_FOREIGN_API,HOSE_SYMBOL_LEVEL,VND,2026-08-25T04:21:07Z,ff_hsx_symbol_daily_v1,a056499553e5af341a79093017720d7b818d6cde2cfdf502ab70a03c4eb6b106
2025-10-27,SIP,HOSE,1436960000.0,2381870000.0,-944910000.0,26100.0,43200.0,-17100.0,0.0,0.0,0.0,0.0,55400.0,55500.0,54200.0,54500.0,55000.0,HSX_FOREIGN_API,HOSE_SYMBOL_LEVEL,VND,2026-08-25T04:21:07Z,ff_hsx_symbol_daily_v1,66707af182c134e2cce95e4ff43863b98d8de9c46080c845351387bc0f8aef44
2025-10-28,SIP,HOSE,38320000.0,1808688500.0,-1770368500.0,700.0,33469.0,-32769.0,0.0,0.0,0.0,0.0,55100.0,55100.0,53500.0,55000.0,53800.0,HSX_FOREIGN_API,HOSE_SYMBOL_LEVEL,VND,2026-08-25T04:21:07Z,ff_hsx_symbol_daily_v1,ee20bc48b7c1bd4cc02e566068c5b938a83fc6025f7dfab724d93878ebc331c8
2025-10-29,SIP,HOSE,4048360000.0,1805987100.0,2242372900.0,72000.0,31910.0,40090.0,0.0,0.0,0.0,0.0,55000.0,57500.0,54900.0,56600.0,56300.0,HSX_FOREIGN_API,HOSE_SYMBOL_LEVEL,VND,2026-08-25T04:21:07Z,ff_hsx_symbol_daily_v1,477199b6b85b8f842acd9dff6948bfea56b9a0e3111d0a899a678bc13ef5093d
2025-10-30,SIP,HOSE,736223000.0,514970000.0,221253000.0,13045.0,9100.0,3945.0,0.0,0.0,0.0,0.0,56200.0,57100.0,56100.0,56300.0,56400.0,HSX_FOREIGN_API,HOSE_SYMBOL_LEVEL,VND,2026-08-25T04:21:07Z,ff_hsx_symbol_daily_v1,094454e3479e410e47fe47ed0eb42b87d45d61f4dbe510c0830a11094938a51c
2025-10-31,SIP,HOSE,1817150000.0,335468800.0,1481681200.0,32100.0,5918.0,26182.0,0.0,0.0,0.0,0.0,56800.0,57100.0,56000.0,56300.0,56600.0,HSX_FOREIGN_API,HOSE_SYMBOL_LEVEL,VND,2026-08-25T04:21:07Z,ff_hsx_symbol_daily_v1,80c20fb513615092bdcc43afcc296876d977382c52fc111f89e52a332541b20c
2025-11-03,SIP,HOSE,2120580000.0,2799556900.0,-678976900.0,37300.0,49207.0,-11907.0,0.0,0.0,0.0,0.0,56600.0,57800.0,56100.0,56500.0,56900.0,HSX_FOREIGN_API,HOSE_SYMBOL_LEVEL,VND,2026-08-25T04:21:07Z,ff_hsx_symbol_daily_v1,42c164ab2339823b01958bede62ef7ef1486a15d0816725e99b769201cb6f167
2025-11-04,SIP,HOSE,727900000.0,3364660000.0,-2636760000.0,13200.0,60500.0,-47300.0,0.0,0.0,0.0,0.0,56500.0,56600.0,53800.0,56000.0,55200.0,HSX_FOREIGN_API,HOSE_SYMBOL_LEVEL,VND,2026-08-25T04:21:07Z,ff_hsx_symbol_daily_v1,2ec58355ad35ee94c7c9d49dcf423b15fb83492c0e018cce886fd5d186df4e21
2025-11-05,SIP,HOSE,1241980000.0,1403470000.0,-161490000.0,22300.0,25100.0,-2800.0,0.0,0.0,0.0,0.0,56200.0,56500.0,55300.0,55900.0,55800.0,HSX_FOREIGN_API,HOSE_SYMBOL_LEVEL,VND,2026-08-25T04:21:07Z,ff_hsx_symbol_daily_v1,da7e7f094f27ce8da91138b183d82d64916f66b0b86121c8b644a5f97285a176
2025-11-06,SIP,HOSE,1878050000.0,2061480000.0,-183430000.0,33000.0,36400.0,-3400.0,0.0,0.0,0.0,0.0,55900.0,57600.0,55800.0,56500.0,56800.0,HSX_FOREIGN_API,HOSE_SYMBOL_LEVEL,VND,2026-08-25T04:21:07Z,ff_hsx_symbol_daily_v1,c789f28f7a7755f6fbfabb4ac83a1f61d91d0047afc22c0652b9e3b8f5ab731f
2025-11-07,SIP,HOSE,302500000.0,2164780000.0,-1862280000.0,5500.0,38700.0,-33200.0,0.0,0.0,0.0,0.0,56500.0,56900.0,54800.0,55000.0,55600.0,HSX_FOREIGN_API,HOSE_SYMBOL_LEVEL,VND,2026-08-25T04:21:07Z,ff_hsx_symbol_daily_v1,df46394261a9f33574b098688b0fe7824143e5acef1b6ee0c384893e7f69dddc
2025-11-10,SIP,HOSE,662670000.0,727120000.0,-64450000.0,12200.0,13300.0,-1100.0,0.0,0.0,0.0,0.0,55000.0,55300.0,54000.0,55000.0,54500.0,HSX_FOREIGN_API,HOSE_SYMBOL_LEVEL,VND,2026-08-25T04:21:07Z,ff_hsx_symbol_daily_v1,71d528dc26c6a0eae0207b261673e4ab83b1df1fd261d825b2abc01728298f23
2025-11-11,SIP,HOSE,98460000.0,334040000.0,-235580000.0,1800.0,6100.0,-4300.0,0.0,0.0,0.0,0.0,55000.0,55000.0,54300.0,54300.0,54500.0,HSX_FOREIGN_API,HOSE_SYMBOL_LEVEL,VND,2026-08-25T04:21:07Z,ff_hsx_symbol_daily_v1,e5ff396ee8d2d5db092b79303495c8667a07715502fbe9f29fac41c4e3e1f08e
2025-11-12,SIP,HOSE,1517720000.0,496544800.0,1021175200.0,27600.0,9025.0,18575.0,0.0,0.0,0.0,0.0,55300.0,55400.0,54400.0,55400.0,55100.0,HSX_FOREIGN_API,HOSE_SYMBOL_LEVEL,VND,2026-08-25T04:21:07Z,ff_hsx_symbol_daily_v1,479c7829720e9c9d3bb21b2a5184873c7e96e157e6ec8ea6ae637612f068609d
2025-11-13,SIP,HOSE,7713590000.0,1082240000.0,6631350000.0,136200.0,18800.0,117400.0,0.0,0.0,0.0,0.0,55400.0,58500.0,55300.0,58000.0,57100.0,HSX_FOREIGN_API,HOSE_SYMBOL_LEVEL,VND,2026-08-25T04:21:07Z,ff_hsx_symbol_daily_v1,681a91c89d727dd4ee61f662cdcfb944ad0021562d369cc275d4851a314656fe
2025-11-14,SIP,HOSE,7079040000.0,2479310000.0,4599730000.0,121400.0,42300.0,79100.0,0.0,0.0,0.0,0.0,57500.0,59300.0,57300.0,59000.0,58300.0,HSX_FOREIGN_API,HOSE_SYMBOL_LEVEL,VND,2026-08-25T04:21:07Z,ff_hsx_symbol_daily_v1,4c3312702a9d76672ebc7ab5a5c4e8e495852e6523f446e5b5826b36f2d9db75
2025-11-17,SIP,HOSE,5132750000.0,2733810000.0,2398940000.0,85100.0,45500.0,39600.0,0.0,0.0,0.0,0.0,59400.0,60800.0,58200.0,60500.0,60200.0,HSX_FOREIGN_API,HOSE_SYMBOL_LEVEL,VND,2026-08-25T04:21:07Z,ff_hsx_symbol_daily_v1,199a25a17ba78d72060505cd0c3579083ac59e0eb85f874f4d45823484eb453a
2025-11-18,SIP,HOSE,252770000.0,3579888400.0,-3327118400.0,4210.0,59944.0,-55734.0,0.0,0.0,0.0,0.0,60600.0,60600.0,59200.0,59700.0,59700.0,HSX_FOREIGN_API,HOSE_SYMBOL_LEVEL,VND,2026-08-25T04:21:07Z,ff_hsx_symbol_daily_v1,cb7162a7b4f0bdb65810d733ffd4a0f6b13f74a194bbe0463820a65255358d1c
2025-11-19,SIP,HOSE,596790000.0,4764840000.0,-4168050000.0,10300.0,81900.0,-71600.0,0.0,0.0,0.0,0.0,58800.0,58800.0,57600.0,57800.0,58100.0,HSX_FOREIGN_API,HOSE_SYMBOL_LEVEL,VND,2026-08-25T04:21:07Z,ff_hsx_symbol_daily_v1,50f1437a49a3904d20637df7f05a026dab21a50e06660efe71a17ddf22605a4f
2025-11-20,SIP,HOSE,596190000.0,2443770000.0,-1847580000.0,10400.0,42600.0,-32200.0,0.0,0.0,0.0,0.0,57800.0,58000.0,57000.0,58000.0,57500.0,HSX_FOREIGN_API,HOSE_SYMBOL_LEVEL,VND,2026-08-25T04:21:07Z,ff_hsx_symbol_daily_v1,e4509b3deefb9b60754bb4cfc5bae533874bfa2896e3690216e3ad0a1fbdf54a
2025-11-21,SIP,HOSE,602340000.0,1204800000.0,-602460000.0,10400.0,20800.0,-10400.0,0.0,0.0,0.0,0.0,58200.0,58700.0,57300.0,57700.0,58000.0,HSX_FOREIGN_API,HOSE_SYMBOL_LEVEL,VND,2026-08-25T04:21:07Z,ff_hsx_symbol_daily_v1,98e68a2fb9594b3cfb45289cafee95abb51c13de69ecf939b2ea4ce1265201f2
2025-11-24,SIP,HOSE,2619260000.0,27578458000.0,-24959198000.0,46700.0,488203.0,-441503.0,0.0,0.0,0.0,0.0,58300.0,58300.0,55700.0,57000.0,56500.0,HSX_FOREIGN_API,HOSE_SYMBOL_LEVEL,VND,2026-08-25T04:21:07Z,ff_hsx_symbol_daily_v1,c36614b074a805049c784ebb93125ebe29b9f2ba963ebd25e73b4e6b4446afdd
2025-11-25,SIP,HOSE,2853380000.0,1165560000.0,1687820000.0,50400.0,20500.0,29900.0,0.0,0.0,0.0,0.0,56600.0,57800.0,55600.0,57000.0,56600.0,HSX_FOREIGN_API,HOSE_SYMBOL_LEVEL,VND,2026-08-25T04:21:07Z,ff_hsx_symbol_daily_v1,54095de8fadd62510e7237115ef9fddfc96b4d7c4e1452f1006cfb3f27998cb4
2025-11-26,SIP,HOSE,865500000.0,2562200000.0,-1696700000.0,15000.0,45000.0,-30000.0,0.0,0.0,0.0,0.0,57000.0,57700.0,56500.0,57700.0,57100.0,HSX_FOREIGN_API,HOSE_SYMBOL_LEVEL,VND,2026-08-25T04:21:07Z,ff_hsx_symbol_daily_v1,1150c655da7da0083570daf2c3caeea885914d7179e0d6221b95c4eebe8aab7d
2025-11-27,SIP,HOSE,85800000.0,1939190000.0,-1853390000.0,1500.0,33900.0,-32400.0,0.0,0.0,0.0,0.0,57700.0,57700.0,56600.0,57000.0,57100.0,HSX_FOREIGN_API,HOSE_SYMBOL_LEVEL,VND,2026-08-25T04:21:07Z,ff_hsx_symbol_daily_v1,4121b0e0107672ae8ce5ed1a55feddee874458c2ca164cd39cc819ba7605fbb0
2025-11-28,SIP,HOSE,849000000.0,1077840000.0,-228840000.0,15000.0,19100.0,-4100.0,0.0,0.0,0.0,0.0,56900.0,56900.0,55800.0,56600.0,56300.0,HSX_FOREIGN_API,HOSE_SYMBOL_LEVEL,VND,2026-08-25T04:21:07Z,ff_hsx_symbol_daily_v1,bf7f99a5a8e79be2f93cc3396db02e27df5074a3761f071f04a330d5e6550a88
2025-12-01,SIP,HOSE,55500000.0,1200770000.0,-1145270000.0,1000.0,21525.0,-20525.0,0.0,0.0,0.0,0.0,56500.0,56700.0,55000.0,56000.0,55500.0,HSX_FOREIGN_API,HOSE_SYMBOL_LEVEL,VND,2026-08-25T04:21:07Z,ff_hsx_symbol_daily_v1,08edd21d0a3fa8c4e79a4c50311401ee83f3fd3357a572767da2c5315099d1cf
2025-12-02,SIP,HOSE,247210000.0,339350000.0,-92140000.0,4500.0,6100.0,-1600.0,0.0,0.0,0.0,0.0,55800.0,55900.0,54900.0,55800.0,55200.0,HSX_FOREIGN_API,HOSE_SYMBOL_LEVEL,VND,2026-08-25T04:21:07Z,ff_hsx_symbol_daily_v1,7a636720a7a6b0c1a8982d1dc6d84909f0b6d7fb8065c34fadd03f4d5795330c
2025-12-03,SIP,HOSE,2020770000.0,22360000.0,1998410000.0,36100.0,400.0,35700.0,0.0,0.0,0.0,0.0,55900.0,56400.0,55500.0,56400.0,56000.0,HSX_FOREIGN_API,HOSE_SYMBOL_LEVEL,VND,2026-08-25T04:21:07Z,ff_hsx_symbol_daily_v1,600ea097c2f32145d51f4dadf8cbb9d732f406a852c71d5ef0768bf2e4754576
2025-12-04,SIP,HOSE,665190000.0,258770000.0,406420000.0,11800.0,4600.0,7200.0,0.0,0.0,0.0,0.0,56400.0,56900.0,55800.0,55900.0,56200.0,HSX_FOREIGN_API,HOSE_SYMBOL_LEVEL,VND,2026-08-25T04:21:07Z,ff_hsx_symbol_daily_v1,9c196e24a50da1a847e437670a6e3be11994a17f7d1bf1574d46742d934ec2ca
2025-12-05,SIP,HOSE,0.0,1455890000.0,-1455890000.0,0.0,26200.0,-26200.0,0.0,0.0,0.0,0.0,56200.0,56200.0,55000.0,55200.0,55400.0,HSX_FOREIGN_API,HOSE_SYMBOL_LEVEL,VND,2026-08-25T04:21:07Z,ff_hsx_symbol_daily_v1,7b3cfa35124b29850a2d1179cd126d70abd82e81ba50a10e1defa26413db3cc6
2025-12-08,SIP,HOSE,27300000.0,1970190000.0,-1942890000.0,500.0,36100.0,-35600.0,0.0,0.0,0.0,0.0,54900.0,55200.0,54200.0,54800.0,54600.0,HSX_FOREIGN_API,HOSE_SYMBOL_LEVEL,VND,2026-08-25T04:21:07Z,ff_hsx_symbol_daily_v1,2d1d02240d50330f5f0ccfe59d0ba54faa8aa80b7d3d4bea09d41d946772f8c4
2025-12-09,SIP,HOSE,232530000.0,3662426700.0,-3429896700.0,4300.0,68153.0,-63853.0,0.0,0.0,0.0,0.0,54500.0,54800.0,53100.0,53500.0,53900.0,HSX_FOREIGN_API,HOSE_SYMBOL_LEVEL,VND,2026-08-25T04:21:07Z,ff_hsx_symbol_daily_v1,3db1749d58eaead8a24ee95e5a5f70f7e3dbcec7ad9c0853b7833429f60e905e
2025-12-10,SIP,HOSE,281960000.0,10700000.0,271260000.0,5300.0,200.0,5100.0,0.0,0.0,0.0,0.0,53500.0,53600.0,53100.0,53400.0,53400.0,HSX_FOREIGN_API,HOSE_SYMBOL_LEVEL,VND,2026-08-25T04:21:07Z,ff_hsx_symbol_daily_v1,36841c5dedeb3d75fddcaa5494f89bc25097960db8431c68ce7945a10be4994e
2025-12-11,SIP,HOSE,359210000.0,64580000.0,294630000.0,6700.0,1200.0,5500.0,0.0,0.0,0.0,0.0,53400.0,54500.0,53200.0,54000.0,53900.0,HSX_FOREIGN_API,HOSE_SYMBOL_LEVEL,VND,2026-08-25T04:21:07Z,ff_hsx_symbol_daily_v1,8f941e22198212a39773ac16fbad56af27ae57d81f2e1ea2ae5c5c17969b5ecd
2025-12-12,SIP,HOSE,16050000.0,488580000.0,-472530000.0,300.0,9200.0,-8900.0,0.0,0.0,0.0,0.0,54000.0,54000.0,52800.0,53000.0,53300.0,HSX_FOREIGN_API,HOSE_SYMBOL_LEVEL,VND,2026-08-25T04:21:07Z,ff_hsx_symbol_daily_v1,2c3d85b9f981343ff32c261b559c2eddaa1c767c246ce43e6f92b8f630621238
2025-12-15,SIP,HOSE,691700000.0,36960000.0,654740000.0,13300.0,700.0,12600.0,0.0,0.0,0.0,0.0,52800.0,53000.0,51600.0,52100.0,52300.0,HSX_FOREIGN_API,HOSE_SYMBOL_LEVEL,VND,2026-08-25T04:21:07Z,ff_hsx_symbol_daily_v1,ef0b11fcc236d133b409bfd0a99445b00a7d7c6cd98a558b663bd3ae87eb38e6
2025-12-16,SIP,HOSE,1723830000.0,300860000.0,1422970000.0,33700.0,5800.0,27900.0,0.0,0.0,0.0,0.0,52500.0,52500.0,50500.0,52200.0,51500.0,HSX_FOREIGN_API,HOSE_SYMBOL_LEVEL,VND,2026-08-25T04:21:07Z,ff_hsx_symbol_daily_v1,33978ae1ff4135374479c5ec1163594d0b7b5b450ecfd14e188c93ec5743ffae
2025-12-17,SIP,HOSE,306650000.0,31560000.0,275090000.0,5900.0,600.0,5300.0,0.0,0.0,0.0,0.0,52300.0,52800.0,51700.0,52000.0,52000.0,HSX_FOREIGN_API,HOSE_SYMBOL_LEVEL,VND,2026-08-25T04:21:07Z,ff_hsx_symbol_daily_v1,4cf527cdc4c4b98c8328fd26a7d65f435812fef41e0f4f7bd3994d7d2372be0f
2025-12-18,SIP,HOSE,0.0,15570000.0,-15570000.0,0.0,300.0,-300.0,0.0,0.0,0.0,0.0,52000.0,52000.0,51000.0,51300.0,51300.0,HSX_FOREIGN_API,HOSE_SYMBOL_LEVEL,VND,2026-08-25T04:21:07Z,ff_hsx_symbol_daily_v1,bf313a0745972e50ea292109c39e21982403a90e552835957d38fcca57b8a5e2
2025-12-19,SIP,HOSE,2039470000.0,669990000.0,1369480000.0,39100.0,12900.0,26200.0,0.0,0.0,0.0,0.0,51300.0,52200.0,51300.0,52200.0,51800.0,HSX_FOREIGN_API,HOSE_SYMBOL_LEVEL,VND,2026-08-25T04:21:07Z,ff_hsx_symbol_daily_v1,88aea870c91abed32423334b7da5830400547413aac17cc6d739e00ade4fcf97
2025-12-22,SIP,HOSE,197980000.0,454930000.0,-256950000.0,3800.0,8700.0,-4900.0,0.0,0.0,0.0,0.0,51900.0,52500.0,51900.0,52300.0,52200.0,HSX_FOREIGN_API,HOSE_SYMBOL_LEVEL,VND,2026-08-25T04:21:07Z,ff_hsx_symbol_daily_v1,64f7caba4563cdaddd01ed678833bcca6bc3df8912ccd19e010d392249734954
2025-12-23,SIP,HOSE,523000000.0,336190000.0,186810000.0,10000.0,6400.0,3600.0,0.0,0.0,0.0,0.0,52900.0,52900.0,52000.0,52200.0,52300.0,HSX_FOREIGN_API,HOSE_SYMBOL_LEVEL,VND,2026-08-25T04:21:07Z,ff_hsx_symbol_daily_v1,79717ed14d1282e740264af9cd1ce04203f8ceda719cf693f5fe8c40275c5405
2025-12-24,SIP,HOSE,145880000.0,251180000.0,-105300000.0,2800.0,4800.0,-2000.0,0.0,0.0,0.0,0.0,52400.0,52500.0,52000.0,52400.0,52200.0,HSX_FOREIGN_API,HOSE_SYMBOL_LEVEL,VND,2026-08-25T04:21:07Z,ff_hsx_symbol_daily_v1,4842730c84022e576e2deb51275a3c7d7a6d37c0093ede27480edd45b2a2fde9
2025-12-25,SIP,HOSE,895740000.0,3726990000.0,-2831250000.0,17200.0,72000.0,-54800.0,0.0,0.0,0.0,0.0,52400.0,52500.0,51300.0,51500.0,51800.0,HSX_FOREIGN_API,HOSE_SYMBOL_LEVEL,VND,2026-08-25T04:21:07Z,ff_hsx_symbol_daily_v1,385651ee2636ee4565746f9457a54b16ad0053b7d17b15476869bde2a59ad4cd
2025-12-26,SIP,HOSE,45990000.0,172990000.0,-127000000.0,900.0,3400.0,-2500.0,0.0,0.0,0.0,0.0,51000.0,51700.0,50700.0,51300.0,51000.0,HSX_FOREIGN_API,HOSE_SYMBOL_LEVEL,VND,2026-08-25T04:21:07Z,ff_hsx_symbol_daily_v1,dd5b9eb1517884762f2ab5103e5582b352fe047dcfaece0f270ac2b020310e16
2025-12-29,SIP,HOSE,3441320000.0,193410000.0,3247910000.0,66200.0,3700.0,62500.0,0.0,0.0,0.0,0.0,51300.0,52400.0,51300.0,52100.0,51900.0,HSX_FOREIGN_API,HOSE_SYMBOL_LEVEL,VND,2026-08-25T04:21:07Z,ff_hsx_symbol_daily_v1,abcd60410ed1e60cff6fb0a42e87a32b418fd780faedd729b8f7524dcb2c2815
2025-12-30,SIP,HOSE,695560000.0,0.0,695560000.0,13300.0,0.0,13300.0,0.0,0.0,0.0,0.0,52100.0,52500.0,51800.0,51800.0,52200.0,HSX_FOREIGN_API,HOSE_SYMBOL_LEVEL,VND,2026-08-25T04:21:07Z,ff_hsx_symbol_daily_v1,0c86e50061c283e9e1aaa14503f5f630e2f24b11a7f67dfaf60b95749666d1ca
2025-12-31,SIP,HOSE,763240000.0,684510000.0,78730000.0,14600.0,12800.0,1800.0,0.0,0.0,0.0,0.0,51900.0,53800.0,51800.0,52600.0,52700.0,HSX_FOREIGN_API,HOSE_SYMBOL_LEVEL,VND,2026-08-25T04:21:07Z,ff_hsx_symbol_daily_v1,47d877a2d619c2b7fc55dcc7d8717420610136255dfb9b21586da5273d9f7164
2026-01-05,SIP,HOSE,167950000.0,63460000.0,104490000.0,3200.0,1200.0,2000.0,0.0,0.0,0.0,0.0,53500.0,53500.0,51900.0,52000.0,52400.0,HSX_FOREIGN_API,HOSE_SYMBOL_LEVEL,VND,2026-08-25T04:21:07Z,ff_hsx_symbol_daily_v1,2001092315d2974ae104585bb14099be8054de2725f9de41d2bb561a7e426e96
2026-01-06,SIP,HOSE,230560000.0,1123230000.0,-892670000.0,4400.0,21400.0,-17000.0,0.0,0.0,0.0,0.0,52000.0,53400.0,51800.0,52400.0,52500.0,HSX_FOREIGN_API,HOSE_SYMBOL_LEVEL,VND,2026-08-25T04:21:07Z,ff_hsx_symbol_daily_v1,d4084610b86671fd391ca5205af27e2e03bafd41cc6c7034e8744c846df49216
2026-01-07,SIP,HOSE,5770260000.0,1055410000.0,4714850000.0,108200.0,19400.0,88800.0,0.0,0.0,0.0,0.0,52500.0,55000.0,52500.0,54300.0,53600.0,HSX_FOREIGN_API,HOSE_SYMBOL_LEVEL,VND,2026-08-25T04:21:07Z,ff_hsx_symbol_daily_v1,346aeb14d51bb2eef46b1903974f385a9b2a5bf0d8cd919cf0b3949b5aab9cff
2026-01-08,SIP,HOSE,8256360000.0,308100000.0,7948260000.0,151800.0,5600.0,146200.0,0.0,0.0,0.0,0.0,55000.0,55500.0,53900.0,54300.0,54300.0,HSX_FOREIGN_API,HOSE_SYMBOL_LEVEL,VND,2026-08-25T04:21:07Z,ff_hsx_symbol_daily_v1,083876ca33b5233882e2df07382e8a0ab0b39deab1a281bf09627b0d3e366a33
2026-01-09,SIP,HOSE,10280430000.0,292860000.0,9987570000.0,185000.0,5200.0,179800.0,0.0,0.0,0.0,0.0,54500.0,56700.0,54500.0,56000.0,55600.0,HSX_FOREIGN_API,HOSE_SYMBOL_LEVEL,VND,2026-08-25T04:21:07Z,ff_hsx_symbol_daily_v1,5422b7c9d7608ddcdd0492345bf0d01c5cc61fc11dbe728f19962ca84580a77a
2026-01-12,SIP,HOSE,1085050000.0,5114300000.0,-4029250000.0,19600.0,92200.0,-72600.0,0.0,0.0,0.0,0.0,56100.0,56200.0,55100.0,55600.0,55500.0,HSX_FOREIGN_API,HOSE_SYMBOL_LEVEL,VND,2026-08-25T04:21:07Z,ff_hsx_symbol_daily_v1,46a08048e2d88b8ec6e5b8e8cf5afabdf2af9255621a66f8b47c7a9df08a5a70
2026-01-13,SIP,HOSE,4819820000.0,4291310000.0,528510000.0,87000.0,77100.0,9900.0,0.0,0.0,0.0,0.0,56000.0,56300.0,54900.0,55500.0,55500.0,HSX_FOREIGN_API,HOSE_SYMBOL_LEVEL,VND,2026-08-25T04:21:07Z,ff_hsx_symbol_daily_v1,80dc9516d0ee9fc7f4538db2418e6b72e451abc1f9f3f1e8ee7b932e1c3a137b
2026-01-14,SIP,HOSE,13171790000.0,24362080000.0,-11190290000.0,234200.0,433100.0,-198900.0,0.0,0.0,0.0,0.0,55600.0,57000.0,55500.0,56500.0,56300.0,HSX_FOREIGN_API,HOSE_SYMBOL_LEVEL,VND,2026-08-25T04:21:07Z,ff_hsx_symbol_daily_v1,8f0e486c5b5e4348ba7ea221d033c5669caae987c211b5944c93bbdf8959e8ca
2026-01-15,SIP,HOSE,1324130000.0,3085580000.0,-1761450000.0,23200.0,54100.0,-30900.0,0.0,0.0,0.0,0.0,56300.0,57700.0,56300.0,57100.0,57000.0,HSX_FOREIGN_API,HOSE_SYMBOL_LEVEL,VND,2026-08-25T04:21:07Z,ff_hsx_symbol_daily_v1,7e1e5254146a671bdbe8de7f3c04ca7ee7e42ad565b8549362622a2754767b8a
2026-01-16,SIP,HOSE,4765220000.0,1576200000.0,3189020000.0,83300.0,27600.0,55700.0,0.0,0.0,0.0,0.0,57100.0,57500.0,56800.0,57200.0,57200.0,HSX_FOREIGN_API,HOSE_SYMBOL_LEVEL,VND,2026-08-25T04:21:07Z,ff_hsx_symbol_daily_v1,274bbcc5b18f627c54022014ea3d8b35e691a19d2a6e6061419442ea91a13d36
2026-01-19,SIP,HOSE,3130120000.0,24295700000.0,-21165580000.0,53600.0,413400.0,-359800.0,0.0,0.0,0.0,0.0,57200.0,60900.0,57100.0,59000.0,58900.0,HSX_FOREIGN_API,HOSE_SYMBOL_LEVEL,VND,2026-08-25T04:21:07Z,ff_hsx_symbol_daily_v1,410d3021d6a04ce71e1453d52dbef1f36e0b082b9f967691aebc0a13ab085e61
2026-01-20,SIP,HOSE,4002290000.0,23830370000.0,-19828080000.0,69400.0,411100.0,-341700.0,0.0,0.0,0.0,0.0,59000.0,59600.0,57200.0,57200.0,58000.0,HSX_FOREIGN_API,HOSE_SYMBOL_LEVEL,VND,2026-08-25T04:21:07Z,ff_hsx_symbol_daily_v1,52ec945c0190b6bcc24fd94c3a653dcc567cbad1a94a16a52bae0c97a57e8a22
2026-01-21,SIP,HOSE,7199610000.0,18772316900.0,-11572706900.0,127800.0,332863.0,-205063.0,0.0,0.0,0.0,0.0,57200.0,57500.0,55600.0,56100.0,56400.0,HSX_FOREIGN_API,HOSE_SYMBOL_LEVEL,VND,2026-08-25T04:21:07Z,ff_hsx_symbol_daily_v1,dbe0301e2b7a29803797a02296b73adca8fee9ef7dfa0539c9b8bd86d6348fca
2026-01-22,SIP,HOSE,9685280000.0,671532500.0,9013747500.0,169000.0,11790.0,157210.0,0.0,0.0,0.0,0.0,57000.0,58600.0,56500.0,58100.0,57600.0,HSX_FOREIGN_API,HOSE_SYMBOL_LEVEL,VND,2026-08-25T04:21:07Z,ff_hsx_symbol_daily_v1,3aa7a7509d4b3a77ef439b0106ac3f76787547ccdbf6d0a2fdd98c15a698a942
2026-01-23,SIP,HOSE,1836770000.0,2134939000.0,-298169000.0,31700.0,36930.0,-5230.0,0.0,0.0,0.0,0.0,58600.0,58600.0,57000.0,58000.0,57900.0,HSX_FOREIGN_API,HOSE_SYMBOL_LEVEL,VND,2026-08-25T04:21:07Z,ff_hsx_symbol_daily_v1,73c5418eb70c50de8ed580653ea5d2cb2f9547c63dc6796628f9978a37e887fa
2026-01-26,SIP,HOSE,3662300000.0,1600830000.0,2061470000.0,64400.0,28000.0,36400.0,0.0,0.0,0.0,0.0,58000.0,58200.0,56000.0,56100.0,56800.0,HSX_FOREIGN_API,HOSE_SYMBOL_LEVEL,VND,2026-08-25T04:21:07Z,ff_hsx_symbol_daily_v1,d000ed46b8f7f5f4fa6d23d71d4e77214016cb7c60bd0a5db74a99bc7008f341
2026-01-27,SIP,HOSE,2852640000.0,439450000.0,2413190000.0,50200.0,7800.0,42400.0,0.0,0.0,0.0,0.0,55900.0,57500.0,55900.0,57500.0,56800.0,HSX_FOREIGN_API,HOSE_SYMBOL_LEVEL,VND,2026-08-25T04:21:07Z,ff_hsx_symbol_daily_v1,6ef685c8396d0d88f83f4510cfbcccb1f978d49bad67620fdbb3cfba038bd132
2026-01-28,SIP,HOSE,1102400000.0,3090420000.0,-1988020000.0,19100.0,53900.0,-34800.0,0.0,0.0,0.0,0.0,58000.0,58400.0,56200.0,57000.0,57400.0,HSX_FOREIGN_API,HOSE_SYMBOL_LEVEL,VND,2026-08-25T04:21:07Z,ff_hsx_symbol_daily_v1,3c63b3b628824045bbac9aba9e1217f68c4816f6860606d563f71b52887286df
2026-01-29,SIP,HOSE,898920000.0,1880650000.0,-981730000.0,15500.0,32700.0,-17200.0,0.0,0.0,0.0,0.0,58000.0,58700.0,57100.0,58600.0,58100.0,HSX_FOREIGN_API,HOSE_SYMBOL_LEVEL,VND,2026-08-25T04:21:07Z,ff_hsx_symbol_daily_v1,5819ae349c9edb9972c7811382be0af46bbd080cca0a65688d8716a254bca43c
2026-01-30,SIP,HOSE,13035870000.0,11811470000.0,1224400000.0,213800.0,196700.0,17100.0,0.0,0.0,0.0,0.0,59100.0,61700.0,59100.0,61000.0,60500.0,HSX_FOREIGN_API,HOSE_SYMBOL_LEVEL,VND,2026-08-25T04:21:07Z,ff_hsx_symbol_daily_v1,bb642786e5ed9761fa83a6d8b4dbab1c413bb7fb716cd14cf04c5077da7c69f5
2026-02-02,SIP,HOSE,2340360000.0,4982910000.0,-2642550000.0,38600.0,81500.0,-42900.0,0.0,0.0,0.0,0.0,61500.0,62000.0,60200.0,61000.0,61000.0,HSX_FOREIGN_API,HOSE_SYMBOL_LEVEL,VND,2026-08-25T04:21:07Z,ff_hsx_symbol_daily_v1,b96dc41a2548433563871948af0c7a4c87c38d0108982fd2820b56087e6a4a81
2026-02-03,SIP,HOSE,9940380000.0,9427000000.0,513380000.0,158200.0,149210.0,8990.0,0.0,0.0,0.0,0.0,61100.0,64900.0,61100.0,64500.0,63400.0,HSX_FOREIGN_API,HOSE_SYMBOL_LEVEL,VND,2026-08-25T04:21:07Z,ff_hsx_symbol_daily_v1,0f7b624b3af05e9807ad9ae152018f7e709bbc1ff73154d5a4fc2475da2589a8
2026-02-04,SIP,HOSE,4117910000.0,14418560000.0,-10300650000.0,64500.0,226000.0,-161500.0,0.0,0.0,0.0,0.0,64600.0,67000.0,62800.0,64000.0,64000.0,HSX_FOREIGN_API,HOSE_SYMBOL_LEVEL,VND,2026-08-25T04:21:07Z,ff_hsx_symbol_daily_v1,fbaf5b351a4074bf00f6f69d94b1819f4ef83f10f1d7e20eb4bd5b52dd06e634
2026-02-05,SIP,HOSE,3648850000.0,6119300000.0,-2470450000.0,57500.0,95275.0,-37775.0,0.0,0.0,0.0,0.0,63900.0,64900.0,62500.0,62500.0,63900.0,HSX_FOREIGN_API,HOSE_SYMBOL_LEVEL,VND,2026-08-25T04:21:07Z,ff_hsx_symbol_daily_v1,bd55022e56ce0f1b195716a31ae8d19705e5af52a61bdd0f7e698ebedfbd20e0
2026-02-06,SIP,HOSE,15394890000.0,4381320000.0,11013570000.0,252000.0,71300.0,180700.0,0.0,0.0,0.0,0.0,62100.0,62400.0,59800.0,60000.0,61000.0,HSX_FOREIGN_API,HOSE_SYMBOL_LEVEL,VND,2026-08-25T04:21:07Z,ff_hsx_symbol_daily_v1,712c1536b4994445e0c78ee0faf07e01342fc2d7d9b870960349e4a84cde3f3b
2026-02-09,SIP,HOSE,1006120000.0,1981300000.0,-975180000.0,16700.0,32900.0,-16200.0,0.0,0.0,0.0,0.0,60100.0,61000.0,59700.0,60000.0,60100.0,HSX_FOREIGN_API,HOSE_SYMBOL_LEVEL,VND,2026-08-25T04:21:07Z,ff_hsx_symbol_daily_v1,3561f4cf8a20c175ceacd41516810209be71ac9aad361c04079e36c4ccb02336
2026-02-10,SIP,HOSE,4183308600.0,4137850000.0,45458600.0,72418.0,70300.0,2118.0,0.0,0.0,0.0,0.0,60100.0,60200.0,57000.0,57500.0,58500.0,HSX_FOREIGN_API,HOSE_SYMBOL_LEVEL,VND,2026-08-25T04:21:07Z,ff_hsx_symbol_daily_v1,e974a057c9ea5e0286d38e21d52531d73dc40a3658e62a1104e17f515666ffb5
2026-02-11,SIP,HOSE,1657070000.0,1920390000.0,-263320000.0,28300.0,32900.0,-4600.0,0.0,0.0,0.0,0.0,57700.0,58800.0,57700.0,58600.0,58500.0,HSX_FOREIGN_API,HOSE_SYMBOL_LEVEL,VND,2026-08-25T04:21:07Z,ff_hsx_symbol_daily_v1,6fbc10b27c2d0b614a3cbeee7d9c3fcaf0bcae37bf8ecd6cd5d31f5e374dd2e7
2026-02-12,SIP,HOSE,35310000.0,3636680000.0,-3601370000.0,600.0,61700.0,-61100.0,0.0,0.0,0.0,0.0,58500.0,59600.0,58500.0,59400.0,58900.0,HSX_FOREIGN_API,HOSE_SYMBOL_LEVEL,VND,2026-08-25T04:21:07Z,ff_hsx_symbol_daily_v1,296f74b193d3c79d0aef513439e2edee8febfe00a2ffff065051db7f7204c621
2026-02-13,SIP,HOSE,2568000000.0,4726350000.0,-2158350000.0,42900.0,79400.0,-36500.0,0.0,0.0,0.0,0.0,59500.0,60300.0,58700.0,59300.0,59600.0,HSX_FOREIGN_API,HOSE_SYMBOL_LEVEL,VND,2026-08-25T04:21:07Z,ff_hsx_symbol_daily_v1,c8c52cf92e16d83d042f86c261be657c93c366d80705b1afbd811a13a58039e5
2026-02-23,SIP,HOSE,617860000.0,3285970000.0,-2668110000.0,10200.0,54100.0,-43900.0,0.0,0.0,0.0,0.0,60500.0,61100.0,60200.0,60500.0,60700.0,HSX_FOREIGN_API,HOSE_SYMBOL_LEVEL,VND,2026-08-25T04:21:07Z,ff_hsx_symbol_daily_v1,affdceb7ba02e4c44b8bcf1deefe2d3de25bad09c04fb87472352823e94b9eb7
2026-02-24,SIP,HOSE,3024010000.0,4117310000.0,-1093300000.0,49000.0,66500.0,-17500.0,0.0,0.0,0.0,0.0,60800.0,62500.0,60300.0,62400.0,61600.0,HSX_FOREIGN_API,HOSE_SYMBOL_LEVEL,VND,2026-08-25T04:21:07Z,ff_hsx_symbol_daily_v1,795833d3088be30bf258bb2c7e7def565ca241de85d58c54685912bd5fb7a760
2026-02-25,SIP,HOSE,1784110000.0,9675550000.0,-7891440000.0,28300.0,154100.0,-125800.0,0.0,0.0,0.0,0.0,62400.0,63800.0,61500.0,62900.0,62900.0,HSX_FOREIGN_API,HOSE_SYMBOL_LEVEL,VND,2026-08-25T04:21:07Z,ff_hsx_symbol_daily_v1,0f16c7cf523f16837d0e1e08c708b1a7e9089ef628b93f62ca96e9ad7e39bf4e
2026-02-26,SIP,HOSE,338180000.0,3193990000.0,-2855810000.0,5400.0,50900.0,-45500.0,0.0,0.0,0.0,0.0,62900.0,63200.0,62200.0,63200.0,62800.0,HSX_FOREIGN_API,HOSE_SYMBOL_LEVEL,VND,2026-08-25T04:21:07Z,ff_hsx_symbol_daily_v1,309b147c9cef77f14e08af810ac493e93973946dfcd1439beb9320b2f56ffa29
2026-02-27,SIP,HOSE,1510090000.0,1676970000.0,-166880000.0,24300.0,26800.0,-2500.0,0.0,0.0,0.0,0.0,63200.0,63200.0,61800.0,62200.0,62400.0,HSX_FOREIGN_API,HOSE_SYMBOL_LEVEL,VND,2026-08-25T04:21:07Z,ff_hsx_symbol_daily_v1,4eb0dfddffd8450d2bd9d58ff7be3d58193c0c28a1405ed2c84ddb453410a58f
2026-03-02,SIP,HOSE,10212400000.0,145930000.0,10066470000.0,165600.0,2400.0,163200.0,0.0,0.0,0.0,0.0,60500.0,63300.0,60100.0,62000.0,61800.0,HSX_FOREIGN_API,HOSE_SYMBOL_LEVEL,VND,2026-08-25T04:21:07Z,ff_hsx_symbol_daily_v1,256210aa5b2b0148594fdd7314862ae4f18269388469ae10d801a72134f0c76b
2026-03-03,SIP,HOSE,2677930000.0,1302880000.0,1375050000.0,44300.0,21100.0,23200.0,0.0,0.0,0.0,0.0,61900.0,62500.0,59500.0,60000.0,60700.0,HSX_FOREIGN_API,HOSE_SYMBOL_LEVEL,VND,2026-08-25T04:21:07Z,ff_hsx_symbol_daily_v1,dd6039ba6881fc2337a76c6b36fd9199415a6a996047da62fb5b2a827c9218f1
2026-03-04,SIP,HOSE,1438120000.0,2186660000.0,-748540000.0,24400.0,37200.0,-12800.0,0.0,0.0,0.0,0.0,59500.0,60700.0,57800.0,59100.0,58800.0,HSX_FOREIGN_API,HOSE_SYMBOL_LEVEL,VND,2026-08-25T04:21:07Z,ff_hsx_symbol_daily_v1,230015da5edf9f214a7fc04508a9b9d86f5eeeebfd407992c48ed6c104b21e5c
2026-03-05,SIP,HOSE,1444340000.0,6475680000.0,-5031340000.0,24500.0,110000.0,-85500.0,0.0,0.0,0.0,0.0,59600.0,60800.0,58000.0,58000.0,59100.0,HSX_FOREIGN_API,HOSE_SYMBOL_LEVEL,VND,2026-08-25T04:21:07Z,ff_hsx_symbol_daily_v1,cc6c4d04ec2110c397db7271839b2272dfe5d4774dfb48fb83a3f571d47bdb0d
2026-03-06,SIP,HOSE,2264030000.0,3580232300.0,-1316202300.0,38700.0,60866.0,-22166.0,0.0,0.0,0.0,0.0,58700.0,59700.0,58000.0,58300.0,58800.0,HSX_FOREIGN_API,HOSE_SYMBOL_LEVEL,VND,2026-08-25T04:21:07Z,ff_hsx_symbol_daily_v1,016497c505c1758d20e702cec04577d26f1780d34b87842caa128293652c723d
2026-03-09,SIP,HOSE,1714740000.0,2795940000.0,-1081200000.0,31500.0,50900.0,-19400.0,0.0,0.0,0.0,0.0,55200.0,56600.0,54300.0,54300.0,54500.0,HSX_FOREIGN_API,HOSE_SYMBOL_LEVEL,VND,2026-08-25T04:21:07Z,ff_hsx_symbol_daily_v1,95a9df6662a8348c219b43d70221e90b7df107ebae31c300a9e63fec6e8ab7f7
2026-03-10,SIP,HOSE,1362640000.0,1221130000.0,141510000.0,24400.0,21800.0,2600.0,0.0,0.0,0.0,0.0,55700.0,56900.0,55400.0,56200.0,56000.0,HSX_FOREIGN_API,HOSE_SYMBOL_LEVEL,VND,2026-08-25T04:21:07Z,ff_hsx_symbol_daily_v1,67af3e47337a4e9355c3b0f813c60f8a9ea8530c2f27636ccaeaffd391a2647b
2026-03-11,SIP,HOSE,551310000.0,536540000.0,14770000.0,9700.0,9300.0,400.0,0.0,0.0,0.0,0.0,56500.0,58500.0,56200.0,58000.0,57500.0,HSX_FOREIGN_API,HOSE_SYMBOL_LEVEL,VND,2026-08-25T04:21:07Z,ff_hsx_symbol_daily_v1,20349cf4d4091e3de382a22fa4b16b526d3b7b0731f626534e2f16647a4a7920
2026-03-12,SIP,HOSE,2873840000.0,209760000.0,2664080000.0,49500.0,3600.0,45900.0,0.0,0.0,0.0,0.0,57400.0,58800.0,57400.0,57700.0,58200.0,HSX_FOREIGN_API,HOSE_SYMBOL_LEVEL,VND,2026-08-25T04:21:07Z,ff_hsx_symbol_daily_v1,908de1af9d87dda5f9d6f28888cbdd574f0b247164944ede39abea9443832ddd
2026-03-13,SIP,HOSE,709470000.0,3067080000.0,-2357610000.0,12200.0,52600.0,-40400.0,0.0,0.0,0.0,0.0,57700.0,58700.0,57600.0,58300.0,58400.0,HSX_FOREIGN_API,HOSE_SYMBOL_LEVEL,VND,2026-08-25T04:21:07Z,ff_hsx_symbol_daily_v1,f37ea47b10b5253302c19fb97da6304b86b0db03b2482c6a7b10af8542312e40
2026-03-16,SIP,HOSE,1088836000.0,3104580000.0,-2015744000.0,18720.0,53700.0,-34980.0,0.0,0.0,0.0,0.0,58200.0,58800.0,57200.0,57600.0,57900.0,HSX_FOREIGN_API,HOSE_SYMBOL_LEVEL,VND,2026-08-25T04:21:07Z,ff_hsx_symbol_daily_v1,92030261515b2bb3158665a88e73c970f2907b3202c183a007dca6155dfa3e3a
2026-03-17,SIP,HOSE,847910000.0,2159240000.0,-1311330000.0,14500.0,37100.0,-22600.0,0.0,0.0,0.0,0.0,57700.0,58800.0,57600.0,57600.0,58200.0,HSX_FOREIGN_API,HOSE_SYMBOL_LEVEL,VND,2026-08-25T04:21:07Z,ff_hsx_symbol_daily_v1,2f68a43e2ba1e741a128d188858fa9f103b33fc0f33bbbbfc642fda29b67d2d1
2026-03-18,SIP,HOSE,1475120000.0,328270000.0,1146850000.0,25700.0,5700.0,20000.0,0.0,0.0,0.0,0.0,57600.0,58200.0,56900.0,57100.0,57400.0,HSX_FOREIGN_API,HOSE_SYMBOL_LEVEL,VND,2026-08-25T04:21:07Z,ff_hsx_symbol_daily_v1,54607ccf49ceeab1a277be12d4373365d379fdc7504b1768c210149220eb5f96
2026-03-19,SIP,HOSE,3581180000.0,4868980000.0,-1287800000.0,61200.0,83600.0,-22400.0,0.0,0.0,0.0,0.0,56700.0,59500.0,56100.0,58800.0,58100.0,HSX_FOREIGN_API,HOSE_SYMBOL_LEVEL,VND,2026-08-25T04:21:07Z,ff_hsx_symbol_daily_v1,6da65792035136670c8528633b64c566320c99e48c04dc8cf1b163104b1434f8
2026-03-20,SIP,HOSE,768350000.0,18103680000.0,-17335330000.0,13500.0,327883.0,-314383.0,0.0,0.0,0.0,0.0,58800.0,58800.0,55000.0,55000.0,56100.0,HSX_FOREIGN_API,HOSE_SYMBOL_LEVEL,VND,2026-08-25T04:21:07Z,ff_hsx_symbol_daily_v1,2ff6cb0d8040cc83bc0a6fd1a6260f2f5b411d735bf1f7b2ba03922d3dd62837
2026-03-23,SIP,HOSE,3697000000.0,2321660000.0,1375340000.0,66900.0,42000.0,24900.0,0.0,0.0,0.0,0.0,55200.0,55900.0,54300.0,54900.0,55200.0,HSX_FOREIGN_API,HOSE_SYMBOL_LEVEL,VND,2026-08-25T04:21:07Z,ff_hsx_symbol_daily_v1,8e703b187415d777cf487d895ee6c8963c583b6e4a9b0130a98413d2928fee13
2026-03-24,SIP,HOSE,334840000.0,1647950000.0,-1313110000.0,6000.0,29300.0,-23300.0,0.0,0.0,0.0,0.0,55300.0,57000.0,55200.0,55600.0,56000.0,HSX_FOREIGN_API,HOSE_SYMBOL_LEVEL,VND,2026-08-25T04:21:07Z,ff_hsx_symbol_daily_v1,149882b2fb382eee7d0a33e4d8dcb374d9af39da0528b119a0fe60613912840b
2026-03-25,SIP,HOSE,158300000.0,1822010000.0,-1663710000.0,2800.0,32200.0,-29400.0,0.0,0.0,0.0,0.0,55900.0,57300.0,55900.0,56800.0,56700.0,HSX_FOREIGN_API,HOSE_SYMBOL_LEVEL,VND,2026-08-25T04:21:07Z,ff_hsx_symbol_daily_v1,431cd9cc0299063a6c134af7f0ecd7d4a7c9a64a561079d90df186275ccb2757
2026-03-26,SIP,HOSE,181290000.0,900650000.0,-719360000.0,3200.0,15900.0,-12700.0,0.0,0.0,0.0,0.0,56800.0,56900.0,56200.0,56300.0,56500.0,HSX_FOREIGN_API,HOSE_SYMBOL_LEVEL,VND,2026-08-25T04:21:07Z,ff_hsx_symbol_daily_v1,93d2876e7e3cea38da5b49b0ebdbb77a731dbc9b980d9485588917e24325ece6
2026-03-27,SIP,HOSE,1865380000.0,2455950000.0,-590570000.0,32400.0,42700.0,-10300.0,0.0,0.0,0.0,0.0,56600.0,58400.0,56400.0,58000.0,57700.0,HSX_FOREIGN_API,HOSE_SYMBOL_LEVEL,VND,2026-08-25T04:21:07Z,ff_hsx_symbol_daily_v1,c66ef3024f76b7d1e96ba53d1a3adea871b0238103ab1076d40d480b11977011
2026-03-30,SIP,HOSE,8232240000.0,3697640000.0,4534600000.0,139300.0,62800.0,76500.0,0.0,0.0,0.0,0.0,57000.0,60400.0,57000.0,60000.0,59000.0,HSX_FOREIGN_API,HOSE_SYMBOL_LEVEL,VND,2026-08-25T04:21:07Z,ff_hsx_symbol_daily_v1,dd3c532815c341a59d1353cd07d7894be04c1e2af6866cbb8f7c27791353c7ff
2026-03-31,SIP,HOSE,1120210000.0,4038470000.0,-2918260000.0,18700.0,66600.0,-47900.0,0.0,0.0,0.0,0.0,60000.0,61200.0,59200.0,61200.0,60600.0,HSX_FOREIGN_API,HOSE_SYMBOL_LEVEL,VND,2026-08-25T04:21:07Z,ff_hsx_symbol_daily_v1,58ad1bdad20fdca3591a5bae8c9d25d0352b0d8a676dc377aa75b74a2b2b8b73
2026-04-01,SIP,HOSE,498220000.0,963330000.0,-465110000.0,8100.0,15600.0,-7500.0,0.0,0.0,0.0,0.0,61500.0,62000.0,61100.0,61400.0,61500.0,HSX_FOREIGN_API,HOSE_SYMBOL_LEVEL,VND,2026-08-25T04:21:07Z,ff_hsx_symbol_daily_v1,12668767f6af9f1e9037185a9921ab92a9057bca79ec30ce3314b0365584f595
2026-04-02,SIP,HOSE,2448410000.0,1635940000.0,812470000.0,40500.0,27000.0,13500.0,0.0,0.0,0.0,0.0,60600.0,61000.0,60000.0,60900.0,60600.0,HSX_FOREIGN_API,HOSE_SYMBOL_LEVEL,VND,2026-08-25T04:21:07Z,ff_hsx_symbol_daily_v1,b3ba0b718653a792bc238567a0d47c1c291ad5a69fd4dd76aef0ab08fac3677a
2026-04-03,SIP,HOSE,5373340000.0,675900900.0,4697439100.0,88800.0,11120.0,77680.0,0.0,0.0,0.0,0.0,61200.0,61500.0,59400.0,59400.0,60400.0,HSX_FOREIGN_API,HOSE_SYMBOL_LEVEL,VND,2026-08-25T04:21:07Z,ff_hsx_symbol_daily_v1,be0582f880e32094a9922d19b2b3b62d4f653174c4c74f9d61cd179bbcb61cd9
2026-04-06,SIP,HOSE,2014160000.0,1391020000.0,623140000.0,34200.0,23400.0,10800.0,0.0,0.0,0.0,0.0,59400.0,60900.0,58300.0,60900.0,59500.0,HSX_FOREIGN_API,HOSE_SYMBOL_LEVEL,VND,2026-08-25T04:21:07Z,ff_hsx_symbol_daily_v1,b58e86c749f22a581ac39729373261b381e7f3a7689a28e2c582fe430c36aaa6
2026-04-07,SIP,HOSE,83270000.0,5012510000.0,-4929240000.0,1400.0,84400.0,-83000.0,0.0,0.0,0.0,0.0,60700.0,60700.0,58600.0,60400.0,59600.0,HSX_FOREIGN_API,HOSE_SYMBOL_LEVEL,VND,2026-08-25T04:21:07Z,ff_hsx_symbol_daily_v1,c9024980d26aea5b66dd9158f2b2f7e85b8989f825b8dc40434ffd939bce3d95
2026-04-08,SIP,HOSE,2273920000.0,836610000.0,1437310000.0,37200.0,13700.0,23500.0,0.0,0.0,0.0,0.0,61400.0,61500.0,60200.0,61300.0,61100.0,HSX_FOREIGN_API,HOSE_SYMBOL_LEVEL,VND,2026-08-25T04:21:07Z,ff_hsx_symbol_daily_v1,e3f9d39b961bef0f26fc20c826c3b1b2d8b59bdb8590ba00ba3f24348660d095
2026-04-09,SIP,HOSE,671630000.0,2525990000.0,-1854360000.0,11000.0,41800.0,-30800.0,0.0,0.0,0.0,0.0,61300.0,61800.0,60100.0,61400.0,60900.0,HSX_FOREIGN_API,HOSE_SYMBOL_LEVEL,VND,2026-08-25T04:21:07Z,ff_hsx_symbol_daily_v1,d13bc5b8f67ad4b3bf1934aa18982510c0c112e0f4b4899c1e2e67a4fed5e766
2026-04-10,SIP,HOSE,73330000.0,1213120000.0,-1139790000.0,1200.0,19900.0,-18700.0,0.0,0.0,0.0,0.0,61600.0,61600.0,60700.0,60800.0,61000.0,HSX_FOREIGN_API,HOSE_SYMBOL_LEVEL,VND,2026-08-25T04:21:07Z,ff_hsx_symbol_daily_v1,32287897bc1c1997b8e8f641c325695b969725d30d8c59f9241a6d29f094aac9
2026-04-13,SIP,HOSE,323100000.0,0.0,323100000.0,5300.0,0.0,5300.0,0.0,0.0,0.0,0.0,60600.0,61500.0,60300.0,61500.0,61000.0,HSX_FOREIGN_API,HOSE_SYMBOL_LEVEL,VND,2026-08-25T04:21:07Z,ff_hsx_symbol_daily_v1,3b5ee6f9a0b578bd411e5e7b00c8a29f952e8c970378196a8466593e345adbcc
2026-04-14,SIP,HOSE,514640000.0,4928750000.0,-4414110000.0,8400.0,81000.0,-72600.0,0.0,0.0,0.0,0.0,61800.0,62000.0,60600.0,60600.0,61100.0,HSX_FOREIGN_API,HOSE_SYMBOL_LEVEL,VND,2026-08-25T04:21:07Z,ff_hsx_symbol_daily_v1,3437a5f0f204613d642b77bf0d2feebd5d1bc372a7bbb17c676d9f579c659646
2026-04-15,SIP,HOSE,1502010000.0,54820000.0,1447190000.0,24600.0,900.0,23700.0,0.0,0.0,0.0,0.0,60600.0,61500.0,60600.0,60900.0,61200.0,HSX_FOREIGN_API,HOSE_SYMBOL_LEVEL,VND,2026-08-25T04:21:07Z,ff_hsx_symbol_daily_v1,c67ed64c9ab9253680a5baff2401bfe57d3b5d550d3513881c35bfca2a982247
2026-04-16,SIP,HOSE,1146600000.0,1144580000.0,2020000.0,18800.0,18800.0,0.0,0.0,0.0,0.0,0.0,61000.0,61500.0,60400.0,61500.0,61000.0,HSX_FOREIGN_API,HOSE_SYMBOL_LEVEL,VND,2026-08-25T04:21:07Z,ff_hsx_symbol_daily_v1,c815c2e2a99b2e4a7e1128c858e9af4323da2d4e0df7340b5d1194120e64224f
2026-04-17,SIP,HOSE,1068080000.0,2802270000.0,-1734190000.0,17300.0,45300.0,-28000.0,0.0,0.0,0.0,0.0,61500.0,62500.0,61100.0,61900.0,61800.0,HSX_FOREIGN_API,HOSE_SYMBOL_LEVEL,VND,2026-08-25T04:21:07Z,ff_hsx_symbol_daily_v1,a589d118de720de14f115d41167e4603d38f5593b3f73d59561507d37bc54070
2026-04-20,SIP,HOSE,159700000.0,2318620000.0,-2158920000.0,2600.0,37800.0,-35200.0,0.0,0.0,0.0,0.0,61900.0,61900.0,60600.0,61300.0,61200.0,HSX_FOREIGN_API,HOSE_SYMBOL_LEVEL,VND,2026-08-25T04:21:07Z,ff_hsx_symbol_daily_v1,6ee5e77858a9b972fdb6036261bcd4042a3f3bddb53e6d40b3306aa80f22ca9a
2026-04-21,SIP,HOSE,157250000.0,2000340000.0,-1843090000.0,2600.0,33000.0,-30400.0,0.0,0.0,0.0,0.0,61300.0,61300.0,60100.0,60100.0,60500.0,HSX_FOREIGN_API,HOSE_SYMBOL_LEVEL,VND,2026-08-25T04:21:07Z,ff_hsx_symbol_daily_v1,d649ea1848fce11c55775fdf92012b3cbbc13bf28bd85ee7c6d64e35187da3ae
2026-04-22,SIP,HOSE,101050000.0,2514460000.0,-2413410000.0,1700.0,42300.0,-40600.0,0.0,0.0,0.0,0.0,60200.0,60500.0,58700.0,59400.0,59300.0,HSX_FOREIGN_API,HOSE_SYMBOL_LEVEL,VND,2026-08-25T04:21:07Z,ff_hsx_symbol_daily_v1,87dce3bf82ab92c02b14004388d8e9ef23a6777f845b7cdbf2b9711a101a627b
2026-04-23,SIP,HOSE,841870000.0,2403970000.0,-1562100000.0,14400.0,41200.0,-26800.0,0.0,0.0,0.0,0.0,59400.0,59800.0,57600.0,58200.0,58400.0,HSX_FOREIGN_API,HOSE_SYMBOL_LEVEL,VND,2026-08-25T04:21:07Z,ff_hsx_symbol_daily_v1,953f79c293dc36750a40e1c270c0980556d490cacf74baca7abfa4c4db625434
2026-04-24,SIP,HOSE,2948430000.0,1872880000.0,1075550000.0,50100.0,31500.0,18600.0,0.0,0.0,0.0,0.0,58200.0,60400.0,58200.0,60300.0,59200.0,HSX_FOREIGN_API,HOSE_SYMBOL_LEVEL,VND,2026-08-25T04:21:07Z,ff_hsx_symbol_daily_v1,a332bb3bc1bad342b4122b2c0966c7da3f7920ecfbc37bdbbfbdb8bf9144dd9c
2026-04-28,SIP,HOSE,1089450000.0,1354890000.0,-265440000.0,18200.0,22700.0,-4500.0,0.0,0.0,0.0,0.0,60300.0,60700.0,59100.0,60700.0,60000.0,HSX_FOREIGN_API,HOSE_SYMBOL_LEVEL,VND,2026-08-25T04:21:07Z,ff_hsx_symbol_daily_v1,1f6caa9597c9bc2f5b5ec755ac7abd5062fe8ffb27de905f4c7e6994c10b1454
2026-04-29,SIP,HOSE,296940000.0,155850000.0,141090000.0,4900.0,2600.0,2300.0,0.0,0.0,0.0,0.0,60300.0,60700.0,59300.0,60700.0,60400.0,HSX_FOREIGN_API,HOSE_SYMBOL_LEVEL,VND,2026-08-25T04:21:07Z,ff_hsx_symbol_daily_v1,2c720be64e09f8020c9e8d9acd2ae99e22ab1c0bacda3dded7f096e5230e546c
2026-05-04,SIP,HOSE,944920000.0,1605030000.0,-660110000.0,15600.0,26800.0,-11200.0,0.0,0.0,0.0,0.0,60700.0,60700.0,59500.0,60600.0,60100.0,HSX_FOREIGN_API,HOSE_SYMBOL_LEVEL,VND,2026-08-25T04:21:07Z,ff_hsx_symbol_daily_v1,5d0e4f956279ec6e6fb735844e1aa5b0b21c790bdef79873e183c804cf9a1331
2026-05-05,SIP,HOSE,281660000.0,1306730000.0,-1025070000.0,4700.0,21600.0,-16900.0,0.0,283680000.0,0.0,4500.0,60700.0,60700.0,59400.0,60000.0,59800.0,HSX_FOREIGN_API,HOSE_SYMBOL_LEVEL,VND,2026-08-25T04:21:07Z,ff_hsx_symbol_daily_v1,1884f26c96e9e26ef615de0f07bcafddc9fff63d7f5779669e5d6dfc4aa8f54d
2026-05-06,SIP,HOSE,261130000.0,672150000.0,-411020000.0,4400.0,11300.0,-6900.0,0.0,0.0,0.0,0.0,59600.0,60200.0,59200.0,60100.0,59600.0,HSX_FOREIGN_API,HOSE_SYMBOL_LEVEL,VND,2026-08-25T04:21:07Z,ff_hsx_symbol_daily_v1,dbab4382e5de6af9ead47be7f4f79707990c0ccda4eb70da4d752b02b2363f37
2026-05-07,SIP,HOSE,463100000.0,3631710000.0,-3168610000.0,7800.0,61300.0,-53500.0,0.0,0.0,0.0,0.0,59700.0,60000.0,59000.0,59000.0,59300.0,HSX_FOREIGN_API,HOSE_SYMBOL_LEVEL,VND,2026-08-25T04:21:07Z,ff_hsx_symbol_daily_v1,6ec406f3b54ed9182355b344da11a319de8b0e091bde59503bf4a3e10bde5dfa
2026-05-08,SIP,HOSE,158590000.0,621410000.0,-462820000.0,2700.0,10600.0,-7900.0,0.0,0.0,0.0,0.0,58600.0,59500.0,58200.0,58600.0,58600.0,HSX_FOREIGN_API,HOSE_SYMBOL_LEVEL,VND,2026-08-25T04:21:07Z,ff_hsx_symbol_daily_v1,79ed68ed325871f07c03f9ddfb60ec2f3380e0759164e82d5ab9b2074137b303
2026-05-11,SIP,HOSE,2093849200.0,1169920000.0,923929200.0,35431.0,19800.0,15631.0,0.0,0.0,0.0,0.0,59300.0,59500.0,58800.0,59500.0,59100.0,HSX_FOREIGN_API,HOSE_SYMBOL_LEVEL,VND,2026-08-25T04:21:07Z,ff_hsx_symbol_daily_v1,b95661c3c8b20675394c9f28c3fd273fa3aa75a8f9b085838082e1508d3c0c68
2026-05-12,SIP,HOSE,549032000.0,7044380000.0,-6495348000.0,9330.0,120100.0,-110770.0,0.0,0.0,0.0,0.0,59600.0,59700.0,58500.0,58800.0,58800.0,HSX_FOREIGN_API,HOSE_SYMBOL_LEVEL,VND,2026-08-25T04:21:07Z,ff_hsx_symbol_daily_v1,1f43c110a8ec170f8568796027e9b5e621c38fc752db583c10925f549294c881
2026-05-13,SIP,HOSE,305656000.0,1529970000.0,-1224314000.0,5205.0,26100.0,-20895.0,0.0,0.0,0.0,0.0,59100.0,59500.0,58500.0,59000.0,58900.0,HSX_FOREIGN_API,HOSE_SYMBOL_LEVEL,VND,2026-08-25T04:21:07Z,ff_hsx_symbol_daily_v1,4366823d4c334fe709651ea0da25018c1c2622262c916ba5935fdd692dffaea2
2026-05-14,SIP,HOSE,43990000.0,493310000.0,-449320000.0,800.0,9000.0,-8200.0,0.0,0.0,0.0,0.0,55800.0,55800.0,54100.0,54900.0,54900.0,HSX_FOREIGN_API,HOSE_SYMBOL_LEVEL,VND,2026-08-25T04:21:07Z,ff_hsx_symbol_daily_v1,b108a2dfe2810d3c2b734e6411f82c6a8d2c6d8a99397fef22c1fe8e4ebfbb01
2026-05-15,SIP,HOSE,261870000.0,935790000.0,-673920000.0,4800.0,17200.0,-12400.0,0.0,0.0,0.0,0.0,55400.0,55400.0,53800.0,54000.0,54400.0,HSX_FOREIGN_API,HOSE_SYMBOL_LEVEL,VND,2026-08-25T04:21:07Z,ff_hsx_symbol_daily_v1,1db267f43cb9afbc7617e10462b371c27040009aed82f301d883dc6af2d810a2
2026-05-18,SIP,HOSE,206190000.0,972200000.0,-766010000.0,3900.0,18400.0,-14500.0,0.0,0.0,0.0,0.0,53200.0,53700.0,52500.0,53400.0,53000.0,HSX_FOREIGN_API,HOSE_SYMBOL_LEVEL,VND,2026-08-25T04:21:07Z,ff_hsx_symbol_daily_v1,992411b54607ac0f34db3272d5119292cabd2d16524b94fe47365ea318116035
2026-05-19,SIP,HOSE,795820000.0,737120000.0,58700000.0,15100.0,14000.0,1100.0,0.0,0.0,0.0,0.0,53200.0,53500.0,52200.0,52300.0,52700.0,HSX_FOREIGN_API,HOSE_SYMBOL_LEVEL,VND,2026-08-25T04:21:07Z,ff_hsx_symbol_daily_v1,8e2ae0f8f251d6f58d066cb7caa5ef4f2f9e5453eee2e86f6f9a0734772d6557
2026-05-20,SIP,HOSE,687700000.0,512470000.0,175230000.0,13400.0,10000.0,3400.0,0.0,0.0,0.0,0.0,52700.0,53000.0,50000.0,52000.0,51600.0,HSX_FOREIGN_API,HOSE_SYMBOL_LEVEL,VND,2026-08-25T04:21:07Z,ff_hsx_symbol_daily_v1,2cf9cd28c20d304d143757395a885feb95fa3c910cfec3ea8d7bd45c95c3376b
2026-05-21,SIP,HOSE,238280000.0,780377700.0,-542097700.0,4600.0,15100.0,-10500.0,0.0,0.0,0.0,0.0,52100.0,52300.0,51500.0,52000.0,51700.0,HSX_FOREIGN_API,HOSE_SYMBOL_LEVEL,VND,2026-08-25T04:21:07Z,ff_hsx_symbol_daily_v1,ce7d987d40f731798926155bc9a9cda4c322869299f7afbe4d0a6c9c1a06910c
2026-05-22,SIP,HOSE,797080000.0,959940000.0,-162860000.0,15400.0,18600.0,-3200.0,0.0,0.0,0.0,0.0,51800.0,52000.0,51500.0,52000.0,51700.0,HSX_FOREIGN_API,HOSE_SYMBOL_LEVEL,VND,2026-08-25T04:21:07Z,ff_hsx_symbol_daily_v1,59f1faa28fd37717ab5a56af987d061c6ddedee257be1d4b1003fd214171f930
2026-05-25,SIP,HOSE,285950000.0,443350000.0,-157400000.0,5500.0,8500.0,-3000.0,0.0,0.0,0.0,0.0,52000.0,52500.0,51800.0,51900.0,51900.0,HSX_FOREIGN_API,HOSE_SYMBOL_LEVEL,VND,2026-08-25T04:21:07Z,ff_hsx_symbol_daily_v1,02d4a77cf15a9e9b52ae1078d506bf797dc0f2894a2cad520b8be431a1c67155
2026-05-26,SIP,HOSE,227210000.0,462202400.0,-234992400.0,4400.0,8924.0,-4524.0,0.0,0.0,0.0,0.0,51800.0,52000.0,51200.0,51800.0,51600.0,HSX_FOREIGN_API,HOSE_SYMBOL_LEVEL,VND,2026-08-25T04:21:07Z,ff_hsx_symbol_daily_v1,2057a4c7ad606d2c8d04b520d390dc39847fc0c752894737fe920028a803e42f
2026-05-27,SIP,HOSE,852650000.0,353593100.0,499056900.0,16600.0,6830.0,9770.0,0.0,0.0,0.0,0.0,51800.0,52100.0,51200.0,51800.0,51400.0,HSX_FOREIGN_API,HOSE_SYMBOL_LEVEL,VND,2026-08-25T04:21:07Z,ff_hsx_symbol_daily_v1,a204cedfb6d5d803d1c910c53d4badea2db4521788978bd59d44cc287b222c6c
2026-05-28,SIP,HOSE,40960000.0,154810000.0,-113850000.0,800.0,3000.0,-2200.0,0.0,0.0,0.0,0.0,51800.0,51800.0,51000.0,51300.0,51200.0,HSX_FOREIGN_API,HOSE_SYMBOL_LEVEL,VND,2026-08-25T04:21:07Z,ff_hsx_symbol_daily_v1,f46a1ef8fbadf21776a0fcd2e2d65b8e28893cd6c80c889d59332fa8231a7eb9
2026-05-29,SIP,HOSE,811690000.0,102490000.0,709200000.0,15700.0,2000.0,13700.0,0.0,0.0,0.0,0.0,51200.0,51700.0,51000.0,51700.0,51400.0,HSX_FOREIGN_API,HOSE_SYMBOL_LEVEL,VND,2026-08-25T04:21:07Z,ff_hsx_symbol_daily_v1,363a87b15983007e910af43c120bc65efb1ac077aace8d0f1396cba81d6173c3
2026-06-01,SIP,HOSE,196180000.0,1233890000.0,-1037710000.0,3800.0,23800.0,-20000.0,0.0,0.0,0.0,0.0,52000.0,52200.0,50900.0,51600.0,51600.0,HSX_FOREIGN_API,HOSE_SYMBOL_LEVEL,VND,2026-08-25T04:21:07Z,ff_hsx_symbol_daily_v1,326a0c117899f626dea1c27e4928c0317bfc6466c09411ca2da026463e32eccc
2026-06-02,SIP,HOSE,111740000.0,1303250000.0,-1191510000.0,2200.0,25600.0,-23400.0,0.0,0.0,0.0,0.0,51600.0,51600.0,50600.0,50800.0,50900.0,HSX_FOREIGN_API,HOSE_SYMBOL_LEVEL,VND,2026-08-25T04:21:07Z,ff_hsx_symbol_daily_v1,1f6eb8e5d2dce4c3a150507432466ea34af1d991ea83fad09c1cd03b996b3887
2026-06-03,SIP,HOSE,335810000.0,503470000.0,-167660000.0,6600.0,9900.0,-3300.0,0.0,0.0,0.0,0.0,51000.0,51000.0,50700.0,51000.0,50900.0,HSX_FOREIGN_API,HOSE_SYMBOL_LEVEL,VND,2026-08-25T04:21:07Z,ff_hsx_symbol_daily_v1,dd5625fa05b29693b18bf5c427cf79d1c18fb368cb917ee8aaaedcef3e6ddd7c
2026-06-04,SIP,HOSE,86190000.0,40560000.0,45630000.0,1700.0,800.0,900.0,0.0,0.0,0.0,0.0,51300.0,51300.0,50600.0,51000.0,50700.0,HSX_FOREIGN_API,HOSE_SYMBOL_LEVEL,VND,2026-08-25T04:21:07Z,ff_hsx_symbol_daily_v1,b28f2c393b8bfb22b1eadee6b1e18ee7cc87c292e89bab456ceed46b677bd46b
2026-06-05,SIP,HOSE,132020000.0,289620000.0,-157600000.0,2600.0,5700.0,-3100.0,0.0,0.0,0.0,0.0,51000.0,51100.0,50700.0,51000.0,50900.0,HSX_FOREIGN_API,HOSE_SYMBOL_LEVEL,VND,2026-08-25T04:21:07Z,ff_hsx_symbol_daily_v1,0c50b0845177b8472bc77e14fd43e3f9aa5613b6dc610447bc10220b0804375c
2026-06-08,SIP,HOSE,5000000.0,463660000.0,-458660000.0,100.0,9200.0,-9100.0,0.0,0.0,0.0,0.0,50900.0,50900.0,49950.0,50000.0,50200.0,HSX_FOREIGN_API,HOSE_SYMBOL_LEVEL,VND,2026-08-25T04:21:07Z,ff_hsx_symbol_daily_v1,7bacdac96aa472493464d09c2f1e7097dee4721b4fddc4cfa309dcaf1d2fb53b
2026-06-09,SIP,HOSE,184785000.0,1201730000.0,-1016945000.0,3700.0,24100.0,-20400.0,0.0,0.0,0.0,0.0,50200.0,50200.0,49700.0,49800.0,49850.0,HSX_FOREIGN_API,HOSE_SYMBOL_LEVEL,VND,2026-08-25T04:21:07Z,ff_hsx_symbol_daily_v1,c548b1d65d46134951dd0b19113140f7a07ec3894c2890a3109c45214a5e1122
2026-06-10,SIP,HOSE,1372330000.0,826935000.0,545395000.0,27400.0,16500.0,10900.0,0.0,0.0,0.0,0.0,49800.0,51000.0,49550.0,51000.0,50400.0,HSX_FOREIGN_API,HOSE_SYMBOL_LEVEL,VND,2026-08-25T04:21:07Z,ff_hsx_symbol_daily_v1,2bce787d217c4c77cfc075f37ab95de3beacbe9bdbf702e76901d7a5c39f2f5f
2026-06-11,SIP,HOSE,61800000.0,102980000.0,-41180000.0,1200.0,2000.0,-800.0,0.0,0.0,0.0,0.0,51000.0,52000.0,50700.0,52000.0,51600.0,HSX_FOREIGN_API,HOSE_SYMBOL_LEVEL,VND,2026-08-25T04:21:07Z,ff_hsx_symbol_daily_v1,59c7400a6325326cf280781cf30329e338ea981b08416602e9f5406e794e5bde
2026-06-12,SIP,HOSE,170580000.0,606300000.0,-435720000.0,3300.0,11700.0,-8400.0,0.0,0.0,0.0,0.0,52300.0,52500.0,51500.0,52000.0,51800.0,HSX_FOREIGN_API,HOSE_SYMBOL_LEVEL,VND,2026-08-25T04:21:07Z,ff_hsx_symbol_daily_v1,10886aec37dc2bc88be6af3f27aa13ec98f9f0154b74d73b0802b66e9c23472b
2026-06-15,SIP,HOSE,414070000.0,1415190000.0,-1001120000.0,8000.0,27300.0,-19300.0,0.0,0.0,0.0,0.0,52000.0,52500.0,51400.0,51600.0,51600.0,HSX_FOREIGN_API,HOSE_SYMBOL_LEVEL,VND,2026-08-25T04:21:07Z,ff_hsx_symbol_daily_v1,abe46d8d77be071fe4729d27fd19e7ffa093f5c1fd8ca1725d59eb50dd88d4fb
2026-06-16,SIP,HOSE,92400000.0,949500000.0,-857100000.0,1800.0,18500.0,-16700.0,0.0,0.0,0.0,0.0,51600.0,52000.0,51000.0,51300.0,51400.0,HSX_FOREIGN_API,HOSE_SYMBOL_LEVEL,VND,2026-08-25T04:21:07Z,ff_hsx_symbol_daily_v1,0463412aac4250cb10466dc07ab0e9d3baf3d3336cfb0281173e317a612f7175
2026-06-17,SIP,HOSE,1239380000.0,427220000.0,812160000.0,24100.0,8300.0,15800.0,0.0,0.0,0.0,0.0,51300.0,51900.0,51200.0,51200.0,51500.0,HSX_FOREIGN_API,HOSE_SYMBOL_LEVEL,VND,2026-08-25T04:21:07Z,ff_hsx_symbol_daily_v1,dccdbb0cd841ef0118c7f462515656fa0818f0f640ee4e8718b4bffeb6ccc823
2026-06-18,SIP,HOSE,667940000.0,36190000.0,631750000.0,13000.0,700.0,12300.0,0.0,0.0,0.0,0.0,51500.0,52000.0,50900.0,51200.0,51300.0,HSX_FOREIGN_API,HOSE_SYMBOL_LEVEL,VND,2026-08-25T04:21:07Z,ff_hsx_symbol_daily_v1,6c7f40086acac6d7401df25e1088048e02518b7225117eeac8a282e348df463e
2026-06-19,SIP,HOSE,589950000.0,356870000.0,233080000.0,11500.0,7000.0,4500.0,0.0,0.0,0.0,0.0,51400.0,51500.0,50800.0,51300.0,51100.0,HSX_FOREIGN_API,HOSE_SYMBOL_LEVEL,VND,2026-08-25T04:21:07Z,ff_hsx_symbol_daily_v1,2bf3c5a9a3dca7da025db4ace98369a2a8616a9baafc1d4de72dfb85d6d058c9
2026-06-22,SIP,HOSE,35500000.0,1312980000.0,-1277480000.0,700.0,25900.0,-25200.0,0.0,0.0,0.0,0.0,51400.0,51400.0,50300.0,50500.0,50600.0,HSX_FOREIGN_API,HOSE_SYMBOL_LEVEL,VND,2026-08-25T04:21:07Z,ff_hsx_symbol_daily_v1,8db5cc6fa7d4fa9b49187f545d6a0cff192f84df56fb55ab5cdde60e29cc2aaf
2026-06-23,SIP,HOSE,55470000.0,570500000.0,-515030000.0,1100.0,11300.0,-10200.0,0.0,0.0,0.0,0.0,50500.0,50800.0,50100.0,50200.0,50400.0,HSX_FOREIGN_API,HOSE_SYMBOL_LEVEL,VND,2026-08-25T04:21:07Z,ff_hsx_symbol_daily_v1,64e2a98a0e9d60733c1a33b97f2288f8fb04b66767e834f6945e97a6dbc58469
2026-06-24,SIP,HOSE,25000000.0,395860000.0,-370860000.0,500.0,7900.0,-7400.0,0.0,0.0,0.0,0.0,50500.0,50500.0,50000.0,50000.0,50100.0,HSX_FOREIGN_API,HOSE_SYMBOL_LEVEL,VND,2026-08-25T04:21:07Z,ff_hsx_symbol_daily_v1,94767382020a1f782b9f7cc38bdd27c0c0d9d878ae65325c0e0b6f4e994cb6b6
2026-06-25,SIP,HOSE,20000000.0,40080000.0,-20080000.0,400.0,800.0,-400.0,0.0,0.0,0.0,0.0,50200.0,50300.0,49950.0,50200.0,50100.0,HSX_FOREIGN_API,HOSE_SYMBOL_LEVEL,VND,2026-08-25T04:21:07Z,ff_hsx_symbol_daily_v1,960c02c43d4320db06d320b426461c25de44604f168fd816d8c0628bbaee0527
2026-06-26,SIP,HOSE,30120000.0,350970000.0,-320850000.0,600.0,7000.0,-6400.0,0.0,0.0,0.0,0.0,50100.0,50400.0,50000.0,50100.0,50100.0,HSX_FOREIGN_API,HOSE_SYMBOL_LEVEL,VND,2026-08-25T04:21:07Z,ff_hsx_symbol_daily_v1,8bf46fe1ad13554d5c4ab31d2c201a1c903cd9a958fb47aaed523219337dba1b
2026-06-29,SIP,HOSE,514310000.0,352060000.0,162250000.0,10200.0,7000.0,3200.0,0.0,0.0,0.0,0.0,50100.0,50500.0,50100.0,50300.0,50300.0,HSX_FOREIGN_API,HOSE_SYMBOL_LEVEL,VND,2026-08-25T04:21:07Z,ff_hsx_symbol_daily_v1,dbd0cf091c489d4ed886e5942255ae00394c591167787987ed9e24828c285923
2026-06-30,SIP,HOSE,734380000.0,322900000.0,411480000.0,14600.0,6400.0,8200.0,0.0,0.0,0.0,0.0,50700.0,50700.0,50000.0,50300.0,50200.0,HSX_FOREIGN_API,HOSE_SYMBOL_LEVEL,VND,2026-08-25T04:21:07Z,ff_hsx_symbol_daily_v1,b7ffa1ddce8d27c1d29719f98f8f1fdf7805cbc23ee791907682ebd31bf7e289
2026-07-01,SIP,HOSE,50300000.0,550647300.0,-500347300.0,1000.0,11005.0,-10005.0,0.0,0.0,0.0,0.0,50200.0,50500.0,49950.0,50000.0,50000.0,HSX_FOREIGN_API,HOSE_SYMBOL_LEVEL,VND,2026-08-25T04:21:07Z,ff_hsx_symbol_daily_v1,0fa52d27f036be0a536bee3fbb3c3aa18be7151faff3bcd7be4a64e67d84aa49
2026-07-02,SIP,HOSE,65115000.0,154845000.0,-89730000.0,1300.0,3100.0,-1800.0,0.0,0.0,0.0,0.0,49950.0,50400.0,49950.0,50000.0,50000.0,HSX_FOREIGN_API,HOSE_SYMBOL_LEVEL,VND,2026-08-25T04:21:07Z,ff_hsx_symbol_daily_v1,50da33af2f58982e38f877ecf589a80649ea6ecbcf919eace6c5a4fd361dfa63
2026-07-03,SIP,HOSE,44955000.0,182419500.0,-137464500.0,900.0,3655.0,-2755.0,0.0,0.0,0.0,0.0,49950.0,50000.0,49800.0,49950.0,49900.0,HSX_FOREIGN_API,HOSE_SYMBOL_LEVEL,VND,2026-08-25T04:21:07Z,ff_hsx_symbol_daily_v1,694860b126d3e2cca472a1a2562a4ecee92cb05134ad9069f5718a54fcdc6a23
2026-07-06,SIP,HOSE,0.0,353905000.0,-353905000.0,0.0,7100.0,-7100.0,0.0,0.0,0.0,0.0,50200.0,50200.0,49500.0,49750.0,49800.0,HSX_FOREIGN_API,HOSE_SYMBOL_LEVEL,VND,2026-08-25T04:21:07Z,ff_hsx_symbol_daily_v1,fcbbac13e6c131443a67db652205e1730c93dd47f3b2db44ea06083d7ca946ea
2026-07-07,SIP,HOSE,0.0,64675000.0,-64675000.0,0.0,1300.0,-1300.0,0.0,0.0,0.0,0.0,50100.0,50100.0,49550.0,49700.0,49650.0,HSX_FOREIGN_API,HOSE_SYMBOL_LEVEL,VND,2026-08-25T04:21:07Z,ff_hsx_symbol_daily_v1,3f57cd20852bf70ed09fa54c9e69c7527a59a9f328d005e75e1abd96e407427d
2026-07-08,SIP,HOSE,298570000.0,54770000.0,243800000.0,6000.0,1100.0,4900.0,0.0,0.0,0.0,0.0,49700.0,50000.0,49600.0,49900.0,49750.0,HSX_FOREIGN_API,HOSE_SYMBOL_LEVEL,VND,2026-08-25T04:21:07Z,ff_hsx_symbol_daily_v1,542beec26451e3eaed547912aff4c8536189037c36c9c12bbfc93bcd0082955d
2026-07-09,SIP,HOSE,104265000.0,963315000.0,-859050000.0,2100.0,19400.0,-17300.0,0.0,0.0,0.0,0.0,49800.0,49900.0,49500.0,49500.0,49650.0,HSX_FOREIGN_API,HOSE_SYMBOL_LEVEL,VND,2026-08-25T04:21:07Z,ff_hsx_symbol_daily_v1,1cc4d2a6d438093ee48143c89cea47c3f706cdfb5690d4d17665700a61c3ad55
2026-07-10,SIP,HOSE,451995000.0,34740000.0,417255000.0,9100.0,700.0,8400.0,0.0,0.0,0.0,0.0,49500.0,49800.0,49350.0,49600.0,49650.0,HSX_FOREIGN_API,HOSE_SYMBOL_LEVEL,VND,2026-08-25T04:21:07Z,ff_hsx_symbol_daily_v1,613e635b761eadd558a54dde87585e7545d3f83f1fd9078f2919dbb5030d57e7
2026-07-13,SIP,HOSE,2480000.0,455160000.0,-452680000.0,50.0,9200.0,-9150.0,0.0,0.0,0.0,0.0,49600.0,49650.0,49100.0,49250.0,49350.0,HSX_FOREIGN_API,HOSE_SYMBOL_LEVEL,VND,2026-08-25T04:21:07Z,ff_hsx_symbol_daily_v1,79a2954dd5427ef961b20bcf585ca9c51cefcd16b2d3360664d3297920395c7d
2026-07-14,SIP,HOSE,73980000.0,309700000.0,-235720000.0,1500.0,6300.0,-4800.0,0.0,0.0,0.0,0.0,49100.0,49600.0,49000.0,49500.0,49250.0,HSX_FOREIGN_API,HOSE_SYMBOL_LEVEL,VND,2026-08-25T04:21:07Z,ff_hsx_symbol_daily_v1,5a5184fbed6c79ef9d60b8398440d6396131fa48a6be0726826200a66006af4a
2026-07-15,SIP,HOSE,0.0,625495000.0,-625495000.0,0.0,12700.0,-12700.0,0.0,0.0,0.0,0.0,49500.0,49500.0,49000.0,49000.0,49200.0,HSX_FOREIGN_API,HOSE_SYMBOL_LEVEL,VND,2026-08-25T04:21:07Z,ff_hsx_symbol_daily_v1,6523defb6009dcdeb6a0ec244b8f63c1f2803ff6f19e16cfaeab328e6b483bc6
2026-07-16,SIP,HOSE,158980000.0,647500000.0,-488520000.0,3300.0,13300.0,-10000.0,0.0,0.0,0.0,0.0,49000.0,49150.0,47900.0,48050.0,48350.0,HSX_FOREIGN_API,HOSE_SYMBOL_LEVEL,VND,2026-08-25T04:21:07Z,ff_hsx_symbol_daily_v1,d332f022146511bd83c0963f40633d6c61a20c74fdf43bae84b3d6ee4ec92698
2026-07-17,SIP,HOSE,4830000.0,887550000.0,-882720000.0,100.0,18300.0,-18200.0,0.0,0.0,0.0,0.0,48100.0,48950.0,48100.0,48450.0,48500.0,HSX_FOREIGN_API,HOSE_SYMBOL_LEVEL,VND,2026-08-25T04:21:07Z,ff_hsx_symbol_daily_v1,546c2ac3ec0bf85aed0a185e66a3a8d51287eaa0de9275410b545809dc3b7267
2026-07-20,SIP,HOSE,80065000.0,757430000.0,-677365000.0,1700.0,15900.0,-14200.0,0.0,0.0,0.0,0.0,48500.0,48500.0,46950.0,46950.0,47400.0,HSX_FOREIGN_API,HOSE_SYMBOL_LEVEL,VND,2026-08-25T04:21:07Z,ff_hsx_symbol_daily_v1,f051f146aef62d26256657c494876f8abb77b970d7118d6ee38e51b04be89b24
2026-07-21,SIP,HOSE,56280000.0,1222910000.0,-1166630000.0,1200.0,26000.0,-24800.0,0.0,0.0,0.0,0.0,46850.0,47350.0,46800.0,46950.0,47050.0,HSX_FOREIGN_API,HOSE_SYMBOL_LEVEL,VND,2026-08-25T04:21:07Z,ff_hsx_symbol_daily_v1,04809140cd8da2b02a1ea4a679ace18391d05535bfefeb377faa2b1c73e360a0
2026-07-22,SIP,HOSE,144800000.0,243040000.0,-98240000.0,3100.0,5200.0,-2100.0,0.0,0.0,0.0,0.0,46950.0,47200.0,46400.0,46800.0,46800.0,HSX_FOREIGN_API,HOSE_SYMBOL_LEVEL,VND,2026-08-25T04:21:07Z,ff_hsx_symbol_daily_v1,7556ea953b58456321621d2945b75835c283cd1bdf48dbd1f870a10a2082ef69
2026-07-23,SIP,HOSE,535520000.0,69900000.0,465620000.0,11400.0,1500.0,9900.0,0.0,0.0,0.0,0.0,46800.0,47500.0,46100.0,46750.0,46650.0,HSX_FOREIGN_API,HOSE_SYMBOL_LEVEL,VND,2026-08-25T04:21:07Z,ff_hsx_symbol_daily_v1,351dc07e6f95b07a3287e3b157f9b51aa707d52bd15b87ca1a9bee3ef21d7d8a
2026-07-24,SIP,HOSE,491830000.0,28085000.0,463745000.0,10500.0,600.0,9900.0,0.0,0.0,0.0,0.0,46750.0,47200.0,46550.0,46700.0,46850.0,HSX_FOREIGN_API,HOSE_SYMBOL_LEVEL,VND,2026-08-25T04:21:07Z,ff_hsx_symbol_daily_v1,6815a22988c5a0668f51e81399d7c533356ad0e6f50db3aabcef9342915f63a6
2026-07-27,SIP,HOSE,117470000.0,4737150.0,112732850.0,2500.0,101.0,2399.0,0.0,0.0,0.0,0.0,46700.0,47250.0,46500.0,46600.0,46850.0,HSX_FOREIGN_API,HOSE_SYMBOL_LEVEL,VND,2026-08-25T04:21:07Z,ff_hsx_symbol_daily_v1,da8abf6bb6364c9f21c49ec12b7503a995471fe9e01e065d255182c9f179b117
2026-07-28,SIP,HOSE,298230000.0,199290000.0,98940000.0,6400.0,4300.0,2100.0,0.0,0.0,0.0,0.0,46200.0,47150.0,46200.0,47150.0,46550.0,HSX_FOREIGN_API,HOSE_SYMBOL_LEVEL,VND,2026-08-25T04:21:07Z,ff_hsx_symbol_daily_v1,72fa085fae9c095adc9b47b740e9fc3638db2e857978f33db3098c491df57758
2026-07-29,SIP,HOSE,23575000.0,51960000.0,-28385000.0,500.0,1100.0,-600.0,0.0,0.0,0.0,0.0,47250.0,47350.0,46900.0,47100.0,47100.0,HSX_FOREIGN_API,HOSE_SYMBOL_LEVEL,VND,2026-08-25T04:21:07Z,ff_hsx_symbol_daily_v1,f99e0db3c8b55c251009d13af04967ed6ebc7a37e75d9b85c83ea1371e8343c6
2026-07-30,SIP,HOSE,578515000.0,527210000.0,51305000.0,12100.0,11000.0,1100.0,0.0,0.0,0.0,0.0,47150.0,48200.0,47150.0,48200.0,47900.0,HSX_FOREIGN_API,HOSE_SYMBOL_LEVEL,VND,2026-08-25T04:21:07Z,ff_hsx_symbol_daily_v1,53aa3be3bbe2f9b6dbd7a4cd4dade1d901e69ec02391c1392ca44ce8d5f03ba9
2026-07-31,SIP,HOSE,223195000.0,43550000.0,179645000.0,4600.0,900.0,3700.0,0.0,0.0,0.0,0.0,48700.0,48700.0,48100.0,48100.0,48450.0,HSX_FOREIGN_API,HOSE_SYMBOL_LEVEL,VND,2026-08-25T04:21:07Z,ff_hsx_symbol_daily_v1,9c1b7da937572142da912657bc04b016ae17cfcb90e307d13ecbb87fe4ce19c4
2026-08-03,SIP,HOSE,913460000.0,0.0,913460000.0,18500.0,0.0,18500.0,0.0,0.0,0.0,0.0,48550.0,49750.0,48550.0,49650.0,49350.0,HSX_FOREIGN_API,HOSE_SYMBOL_LEVEL,VND,2026-08-25T04:21:07Z,ff_hsx_symbol_daily_v1,0fda9a4af9cfac0c868634fbae224a357d7967f1a8a16649190609daa58f45db
2026-08-04,SIP,HOSE,5479875000.0,34855000.0,5445020000.0,108700.0,700.0,108000.0,0.0,0.0,0.0,0.0,49650.0,51200.0,49450.0,51000.0,50500.0,HSX_FOREIGN_API,HOSE_SYMBOL_LEVEL,VND,2026-08-25T04:21:07Z,ff_hsx_symbol_daily_v1,d8615c1b8ec60c4a2880611cec28377f4f4714ba9cb864025430d635f5caf021
2026-08-05,SIP,HOSE,7479470000.0,455700000.0,7023770000.0,145500.0,8900.0,136600.0,0.0,0.0,0.0,0.0,51000.0,51700.0,50800.0,51000.0,51400.0,HSX_FOREIGN_API,HOSE_SYMBOL_LEVEL,VND,2026-08-25T04:21:07Z,ff_hsx_symbol_daily_v1,bfa7259f338de0ab462e224be609f5eb9e143480f038d61560797fb0fa85364d
2026-08-06,SIP,HOSE,549230400.0,556460000.0,-7229600.0,10861.0,11000.0,-139.0,0.0,0.0,0.0,0.0,51100.0,51100.0,50000.0,50100.0,50400.0,HSX_FOREIGN_API,HOSE_SYMBOL_LEVEL,VND,2026-08-25T04:21:07Z,ff_hsx_symbol_daily_v1,ec742da5d95db0a254ae2cb7d701db32ecf35b42c7bcaf2542baf76d9e54865a
2026-08-07,SIP,HOSE,5150000.0,698490000.0,-693340000.0,100.0,13700.0,-13600.0,0.0,0.0,0.0,0.0,49700.0,51700.0,49700.0,50900.0,51000.0,HSX_FOREIGN_API,HOSE_SYMBOL_LEVEL,VND,2026-08-25T04:21:07Z,ff_hsx_symbol_daily_v1,e56bb47d966d86327dba3f3d1485c7444df7080064dc18f75a171a7e7db987d4
2026-08-10,SIP,HOSE,0.0,428320000.0,-428320000.0,0.0,8400.0,-8400.0,0.0,0.0,0.0,0.0,51000.0,51200.0,50600.0,51100.0,50900.0,HSX_FOREIGN_API,HOSE_SYMBOL_LEVEL,VND,2026-08-25T04:21:07Z,ff_hsx_symbol_daily_v1,a1fe3706620ac2062319a3003cf2d7282bbd44e140e3f1ffe1cc10505ea0ad99
2026-08-11,SIP,HOSE,153180000.0,76650000.0,76530000.0,3000.0,1500.0,1500.0,0.0,0.0,0.0,0.0,51100.0,51400.0,50800.0,50900.0,51100.0,HSX_FOREIGN_API,HOSE_SYMBOL_LEVEL,VND,2026-08-25T04:21:07Z,ff_hsx_symbol_daily_v1,dcd8aa0713a8aefaf0e23edaa13428315453c9e16c62be67d0260d67cd814170
2026-08-12,SIP,HOSE,10200000.0,30600000.0,-20400000.0,200.0,600.0,-400.0,0.0,0.0,0.0,0.0,50900.0,51100.0,50700.0,51100.0,50900.0,HSX_FOREIGN_API,HOSE_SYMBOL_LEVEL,VND,2026-08-25T04:21:07Z,ff_hsx_symbol_daily_v1,6090b54d95da6bed16d76ab8bfe7039bd2d40c5870ece2d957f6c08930393055
2026-08-13,SIP,HOSE,354590000.0,40820000.0,313770000.0,6900.0,800.0,6100.0,0.0,0.0,0.0,0.0,51200.0,51600.0,50800.0,50900.0,51300.0,HSX_FOREIGN_API,HOSE_SYMBOL_LEVEL,VND,2026-08-25T04:21:07Z,ff_hsx_symbol_daily_v1,bf314fde4133726927b4bfea9ba9352543f9c014e6e5821179ad48a650fbd9da
2026-08-14,SIP,HOSE,25250000.0,643210000.0,-617960000.0,500.0,12800.0,-12300.0,0.0,0.0,0.0,0.0,51400.0,51400.0,50000.0,50000.0,50300.0,HSX_FOREIGN_API,HOSE_SYMBOL_LEVEL,VND,2026-08-25T04:21:07Z,ff_hsx_symbol_daily_v1,11cd15c1838528faf05848450d7d0aa106a456ae60aa7a467cbb430e8ce870ac
2026-08-17,SIP,HOSE,464105000.0,5040000.0,459065000.0,9300.0,100.0,9200.0,0.0,0.0,0.0,0.0,49700.0,50400.0,49500.0,49900.0,49750.0,HSX_FOREIGN_API,HOSE_SYMBOL_LEVEL,VND,2026-08-25T04:21:07Z,ff_hsx_symbol_daily_v1,e987fe3148aedefb860a2d7cc476ae6b42b9f9396ab52074d4c1b761ccab480a
2026-08-18,SIP,HOSE,549970000.0,79645000.0,470325000.0,11000.0,1600.0,9400.0,0.0,0.0,0.0,0.0,49950.0,50200.0,49400.0,49400.0,49700.0,HSX_FOREIGN_API,HOSE_SYMBOL_LEVEL,VND,2026-08-25T04:21:07Z,ff_hsx_symbol_daily_v1,44bba11efb29249df58808b55c0b81b26e59dc05421db3b35119e196b8c9bd11
2026-08-19,SIP,HOSE,251080000.0,172590000.0,78490000.0,5100.0,3500.0,1600.0,0.0,0.0,0.0,0.0,49100.0,49700.0,49100.0,49700.0,49400.0,HSX_FOREIGN_API,HOSE_SYMBOL_LEVEL,VND,2026-08-25T04:21:07Z,ff_hsx_symbol_daily_v1,dfe0deef214d0b1861933a998316df85a9bc606144460723f3a09d3550e0e97b
2026-08-20,SIP,HOSE,443770000.0,162965000.0,280805000.0,9000.0,3300.0,5700.0,0.0,0.0,0.0,0.0,49600.0,49900.0,48800.0,49300.0,49100.0,HSX_FOREIGN_API,HOSE_SYMBOL_LEVEL,VND,2026-08-25T04:21:07Z,ff_hsx_symbol_daily_v1,969a2bc5a6cb14bdfcb7ed18aa050a87fe7139eaa300f72e28faf8a3354f474a
2026-08-21,SIP,HOSE,221890000.0,279760000.0,-57870000.0,4500.0,5700.0,-1200.0,0.0,0.0,0.0,0.0,49150.0,50000.0,48800.0,49900.0,49250.0,HSX_FOREIGN_API,HOSE_SYMBOL_LEVEL,VND,2026-08-25T04:21:07Z,ff_hsx_symbol_daily_v1,1a5bbe510d67c23d4c05273cd10cc9ee273fa62ae9933c47c7dd1649fa5a6912
2026-08-24,SIP,HOSE,5010000.0,326205000.0,-321195000.0,100.0,6500.0,-6400.0,0.0,0.0,0.0,0.0,50000.0,50400.0,49900.0,50000.0,50100.0,HSX_FOREIGN_API,HOSE_SYMBOL_LEVEL,VND,2026-08-25T04:21:07Z,ff_hsx_symbol_daily_v1,4136ef890ae6833380db755cbdc0873818de50d8e7e3b5efdd566470193d8b1b
