trade_date,symbol,exchange,foreign_buy_value,foreign_sell_value,foreign_net_value,foreign_buy_volume,foreign_sell_volume,foreign_net_volume,biglot_buy_value,biglot_sell_value,biglot_buy_volume,biglot_sell_volume,open_price,high_price,low_price,close_price,average_price,source,source_scope,source_units,fetched_at,schema_version,row_hash
2018-06-04,TCB,HOSE,0.0,1024000000.0,-1024000000.0,0.0,10000.0,-10000.0,0.0,0.0,0.0,0.0,102400.0,105000.0,102400.0,102400.0,102490.0,HSX_FOREIGN_API,HOSE_SYMBOL_LEVEL,VND,2026-08-25T04:25:44Z,ff_hsx_symbol_daily_v1,cb8cc80d6e69a86e9cde8604c29093a8fd0193e0c2f1add752115923ac7f2e2b
2018-06-05,TCB,HOSE,0.0,0.0,0.0,0.0,0.0,0.0,0.0,0.0,0.0,0.0,99100.0,106000.0,96000.0,96000.0,100190.0,HSX_FOREIGN_API,HOSE_SYMBOL_LEVEL,VND,2026-08-25T04:25:44Z,ff_hsx_symbol_daily_v1,3974251e3c897a47b497e8e513249f6a65f233c74758cbad7d1a110876e9eb8f
2018-06-06,TCB,HOSE,8339240000.0,8949934000.0,-610694000.0,81200.0,87630.0,-6430.0,8339240000.0,8339240000.0,81200.0,81200.0,95000.0,96000.0,91000.0,92000.0,92980.0,HSX_FOREIGN_API,HOSE_SYMBOL_LEVEL,VND,2026-08-25T04:25:44Z,ff_hsx_symbol_daily_v1,d8c14d589134cfcda49fab859500c9ff400136a9370ce1893b1b5027ca5e62d9
2018-06-07,TCB,HOSE,7833000000.0,7060800000.0,772200000.0,80000.0,71800.0,8200.0,6888000000.0,6888000000.0,70000.0,70000.0,94500.0,98400.0,93100.0,98400.0,97000.0,HSX_FOREIGN_API,HOSE_SYMBOL_LEVEL,VND,2026-08-25T04:25:44Z,ff_hsx_symbol_daily_v1,961524e9abc0c66a7afd9c3590b129c2a3b455b666fe49ea4e89fa9491a35635
2018-06-08,TCB,HOSE,0.0,0.0,0.0,0.0,0.0,0.0,0.0,0.0,0.0,0.0,101000.0,105200.0,99500.0,105200.0,103830.0,HSX_FOREIGN_API,HOSE_SYMBOL_LEVEL,VND,2026-08-25T04:25:44Z,ff_hsx_symbol_daily_v1,c5fb9e403b8ba51354f94d206c1aa007c0eca815f5fb72b2e16f5d83afc12cce
2018-06-11,TCB,HOSE,673864000.0,0.0,673864000.0,6430.0,0.0,6430.0,0.0,0.0,0.0,0.0,104800.0,109000.0,103200.0,109000.0,106710.0,HSX_FOREIGN_API,HOSE_SYMBOL_LEVEL,VND,2026-08-25T04:25:44Z,ff_hsx_symbol_daily_v1,e224da8725b79fb3d88c674cbf0e1fa176d4e73bdd8f21aacec6ab8d99a846dd
2018-06-12,TCB,HOSE,5383100000.0,7051540000.0,-1668440000.0,46300.0,62300.0,-16000.0,5188700000.0,5188700000.0,44500.0,44500.0,108000.0,108000.0,102900.0,105000.0,104930.0,HSX_FOREIGN_API,HOSE_SYMBOL_LEVEL,VND,2026-08-25T04:25:44Z,ff_hsx_symbol_daily_v1,dfdb73e4b1cedae566a9416a1f5cd7e0ebdded597cc2ae33f4bcd1a0af973b93
2018-06-13,TCB,HOSE,0.0,0.0,0.0,0.0,0.0,0.0,0.0,0.0,0.0,0.0,105000.0,108000.0,104500.0,105400.0,105390.0,HSX_FOREIGN_API,HOSE_SYMBOL_LEVEL,VND,2026-08-25T04:25:44Z,ff_hsx_symbol_daily_v1,f29f59efd7ddb7f6232973dac8a24fe15aa3b3d8f284e4f90892582e3a55bf0b
2018-06-14,TCB,HOSE,19722500000.0,19722500000.0,0.0,175000.0,175000.0,0.0,19722500000.0,19722500000.0,175000.0,175000.0,106500.0,106500.0,103500.0,105000.0,105030.0,HSX_FOREIGN_API,HOSE_SYMBOL_LEVEL,VND,2026-08-25T04:25:44Z,ff_hsx_symbol_daily_v1,7075613658fb6abd8d8645effb6029ef356ecc87cabe7ef01d4f4a012978d2e9
2018-06-15,TCB,HOSE,208001517900.0,206123617900.0,1877900000.0,1853273.0,1835473.0,17800.0,206123617900.0,206123617900.0,1835473.0,1835473.0,105500.0,105500.0,103500.0,105200.0,104840.0,HSX_FOREIGN_API,HOSE_SYMBOL_LEVEL,VND,2026-08-25T04:25:44Z,ff_hsx_symbol_daily_v1,8e7cf5b38def63dfd09f11c77baea94ac8930a51b3b2bb98d15a4e308a4289f0
2018-06-18,TCB,HOSE,37606500000.0,37606500000.0,0.0,334280.0,334280.0,0.0,37606500000.0,37606500000.0,334280.0,334280.0,104100.0,105000.0,98000.0,100000.0,101890.0,HSX_FOREIGN_API,HOSE_SYMBOL_LEVEL,VND,2026-08-25T04:25:44Z,ff_hsx_symbol_daily_v1,1c15c75c9b06c8734952011733a2c3b0515aadbff308f4faa54f6655827c8a52
2018-06-19,TCB,HOSE,225663000000.0,225663000000.0,0.0,2109000.0,2109000.0,0.0,225663000000.0,225663000000.0,2109000.0,2109000.0,95100.0,97000.0,93000.0,95000.0,93620.0,HSX_FOREIGN_API,HOSE_SYMBOL_LEVEL,VND,2026-08-25T04:25:44Z,ff_hsx_symbol_daily_v1,60e9a3b683a3bdc51eb990008e9595299bad13861df7a17ccdcc76c9b65db529
2018-06-20,TCB,HOSE,0.0,0.0,0.0,0.0,0.0,0.0,0.0,0.0,0.0,0.0,95000.0,96500.0,93100.0,95200.0,95040.0,HSX_FOREIGN_API,HOSE_SYMBOL_LEVEL,VND,2026-08-25T04:25:44Z,ff_hsx_symbol_daily_v1,4f17c6754efce27b38e7f673c53e5d1b7144c9bed548b085b42728044a6f3715
2018-06-21,TCB,HOSE,0.0,0.0,0.0,0.0,0.0,0.0,0.0,0.0,0.0,0.0,95400.0,95400.0,93300.0,95200.0,94290.0,HSX_FOREIGN_API,HOSE_SYMBOL_LEVEL,VND,2026-08-25T04:25:44Z,ff_hsx_symbol_daily_v1,df9d31ecf11f20f4c6fe7965911dfb18c291ea05537e7f6a4fc7ed00b28b9490
2018-06-22,TCB,HOSE,0.0,0.0,0.0,0.0,0.0,0.0,0.0,0.0,0.0,0.0,95100.0,95100.0,93600.0,95000.0,94330.0,HSX_FOREIGN_API,HOSE_SYMBOL_LEVEL,VND,2026-08-25T04:25:44Z,ff_hsx_symbol_daily_v1,5ef319160378ecebb3142287565a1cca55bd9ed45657b203eac6ea73f96b9111
2018-06-25,TCB,HOSE,15748000000.0,15748000000.0,0.0,155000.0,155000.0,0.0,15748000000.0,15748000000.0,155000.0,155000.0,96000.0,97000.0,95700.0,95900.0,96070.0,HSX_FOREIGN_API,HOSE_SYMBOL_LEVEL,VND,2026-08-25T04:25:44Z,ff_hsx_symbol_daily_v1,670df929c686a73437a88f3e1c00ec122932098318dedca8be5a6bc7ed99b1f6
2018-06-26,TCB,HOSE,0.0,0.0,0.0,0.0,0.0,0.0,0.0,0.0,0.0,0.0,94400.0,95500.0,94200.0,95000.0,94870.0,HSX_FOREIGN_API,HOSE_SYMBOL_LEVEL,VND,2026-08-25T04:25:44Z,ff_hsx_symbol_daily_v1,edac9b0d122547937a60031c021977c1c61217ccd2c9a62f2c9fe0eb65c45131
2018-06-27,TCB,HOSE,0.0,0.0,0.0,0.0,0.0,0.0,0.0,0.0,0.0,0.0,93500.0,95000.0,93500.0,93600.0,94010.0,HSX_FOREIGN_API,HOSE_SYMBOL_LEVEL,VND,2026-08-25T04:25:44Z,ff_hsx_symbol_daily_v1,1be89d93db8b6e0f30bed829d78f5e61104460572e742e78ddef5ad65a5ff039
2018-06-28,TCB,HOSE,8908900000.0,8908900000.0,0.0,89000.0,89000.0,0.0,8908900000.0,8908900000.0,89000.0,89000.0,93000.0,93500.0,88500.0,92200.0,91690.0,HSX_FOREIGN_API,HOSE_SYMBOL_LEVEL,VND,2026-08-25T04:25:44Z,ff_hsx_symbol_daily_v1,f2ff97cb7e9c4c662da3f3cbfc49b4dce2ec38f4785c7df0f36eced2ba066342
2018-06-29,TCB,HOSE,16890180000.0,16890180000.0,0.0,171300.0,171300.0,0.0,16890180000.0,16890180000.0,171300.0,171300.0,91000.0,92000.0,87000.0,91700.0,90690.0,HSX_FOREIGN_API,HOSE_SYMBOL_LEVEL,VND,2026-08-25T04:25:44Z,ff_hsx_symbol_daily_v1,ada181010895d21103a40422a7d42e85bc405b35f4b2a44815a12add813b8db6
2018-07-02,TCB,HOSE,0.0,0.0,0.0,0.0,0.0,0.0,0.0,0.0,0.0,0.0,91800.0,91800.0,87000.0,87900.0,88670.0,HSX_FOREIGN_API,HOSE_SYMBOL_LEVEL,VND,2026-08-25T04:25:44Z,ff_hsx_symbol_daily_v1,ba9f21d4348f9ec948b86e9651fd849f2e6daea58c3b0c89bbdc8b6ca0dfee2b
2018-07-03,TCB,HOSE,14100000000.0,14100000000.0,0.0,150000.0,150000.0,0.0,14100000000.0,14100000000.0,150000.0,150000.0,87500.0,88300.0,81800.0,81800.0,82590.0,HSX_FOREIGN_API,HOSE_SYMBOL_LEVEL,VND,2026-08-25T04:25:44Z,ff_hsx_symbol_daily_v1,e95a6b41e2099587d61b8723f275e85c19db0ac9b8ecbbda190ba8c212efe50b
2018-07-04,TCB,HOSE,0.0,1717402000.0,-1717402000.0,0.0,22100.0,-22100.0,0.0,0.0,0.0,0.0,80500.0,81000.0,76100.0,81000.0,78040.0,HSX_FOREIGN_API,HOSE_SYMBOL_LEVEL,VND,2026-08-25T04:25:44Z,ff_hsx_symbol_daily_v1,99a98ec1553b4d57b40059b85d1df650ad1f017d47f72c7cb3b96c1920bd6fe0
2018-07-05,TCB,HOSE,0.0,0.0,0.0,0.0,0.0,0.0,0.0,0.0,0.0,0.0,28850.0,28850.0,27000.0,28150.0,28600.0,HSX_FOREIGN_API,HOSE_SYMBOL_LEVEL,VND,2026-08-25T04:25:44Z,ff_hsx_symbol_daily_v1,f8b4579a6f3c6d15b048fe759d5e4d0d0ea21d8b1e7b8af4ac71a4ec7ac9ebc4
2018-07-06,TCB,HOSE,0.0,0.0,0.0,0.0,0.0,0.0,0.0,0.0,0.0,0.0,28000.0,29000.0,27000.0,28800.0,28250.0,HSX_FOREIGN_API,HOSE_SYMBOL_LEVEL,VND,2026-08-25T04:25:44Z,ff_hsx_symbol_daily_v1,1db2050030b026d0618d33ddbc0122e09acd37c153143806736bd83b7d33735f
2018-07-09,TCB,HOSE,1929928000.0,1249248000.0,680680000.0,62660.0,40560.0,22100.0,1929928000.0,1249248000.0,62660.0,40560.0,29000.0,29200.0,27850.0,28500.0,28560.0,HSX_FOREIGN_API,HOSE_SYMBOL_LEVEL,VND,2026-08-25T04:25:44Z,ff_hsx_symbol_daily_v1,081b69400eb34c750a029a8987542cd414ed7fc1091f48a866f9cd78886be415
2018-07-10,TCB,HOSE,0.0,620976500.0,-620976500.0,0.0,22400.0,-22400.0,0.0,0.0,0.0,0.0,28500.0,28500.0,27500.0,27650.0,28010.0,HSX_FOREIGN_API,HOSE_SYMBOL_LEVEL,VND,2026-08-25T04:25:44Z,ff_hsx_symbol_daily_v1,e847dc203976775bc1171c4ef09b42a18908671d7de15088901f89cb33d48ed4
2018-07-11,TCB,HOSE,14184000000.0,14184000000.0,0.0,480000.0,480000.0,0.0,14184000000.0,14184000000.0,480000.0,480000.0,27100.0,27100.0,25750.0,25750.0,26120.0,HSX_FOREIGN_API,HOSE_SYMBOL_LEVEL,VND,2026-08-25T04:25:44Z,ff_hsx_symbol_daily_v1,e94fda330be24b223c2d50356186a82f6538786e2c5e7e559f8359fb800c85df
2018-07-12,TCB,HOSE,4625645000.0,4625645000.0,0.0,167900.0,167900.0,0.0,4625645000.0,4625645000.0,167900.0,167900.0,25100.0,26000.0,25100.0,26000.0,25770.0,HSX_FOREIGN_API,HOSE_SYMBOL_LEVEL,VND,2026-08-25T04:25:44Z,ff_hsx_symbol_daily_v1,c0d39e3a0ccd393c8450a44ced67c48f12551c10198e7a1ef4960e2bf4fdd74e
2018-07-13,TCB,HOSE,622720000.0,466570000.0,156150000.0,22400.0,17800.0,4600.0,622720000.0,0.0,22400.0,0.0,26400.0,26500.0,26000.0,26200.0,26200.0,HSX_FOREIGN_API,HOSE_SYMBOL_LEVEL,VND,2026-08-25T04:25:44Z,ff_hsx_symbol_daily_v1,8baaf86e5b6e1b0293818be13c38e4872feca40cb5722ab56e90247c3e27e6b8
2018-07-16,TCB,HOSE,0.0,0.0,0.0,0.0,0.0,0.0,0.0,0.0,0.0,0.0,26000.0,26200.0,25750.0,26200.0,26030.0,HSX_FOREIGN_API,HOSE_SYMBOL_LEVEL,VND,2026-08-25T04:25:44Z,ff_hsx_symbol_daily_v1,80fc32a4f38209cc07863421c618c3d7afe7f51547a18375a951dc41020b6b8a
2018-07-17,TCB,HOSE,0.0,0.0,0.0,0.0,0.0,0.0,0.0,0.0,0.0,0.0,26200.0,27500.0,25700.0,27100.0,26710.0,HSX_FOREIGN_API,HOSE_SYMBOL_LEVEL,VND,2026-08-25T04:25:44Z,ff_hsx_symbol_daily_v1,773f267ed282c28e614588c7c9f393e41c33a52dc8133c4896fb2ad52b9ab94a
2018-07-18,TCB,HOSE,489500000.0,0.0,489500000.0,17800.0,0.0,17800.0,0.0,0.0,0.0,0.0,27500.0,28500.0,27300.0,27950.0,28060.0,HSX_FOREIGN_API,HOSE_SYMBOL_LEVEL,VND,2026-08-25T04:25:44Z,ff_hsx_symbol_daily_v1,d616ba7936ce1c014db897a01d30995cea6aa602f1977ff831ba63266846a8ce
2018-07-19,TCB,HOSE,837200000.0,837200000.0,0.0,28000.0,28000.0,0.0,837200000.0,837200000.0,28000.0,28000.0,28000.0,28000.0,27500.0,27900.0,27810.0,HSX_FOREIGN_API,HOSE_SYMBOL_LEVEL,VND,2026-08-25T04:25:44Z,ff_hsx_symbol_daily_v1,5acfe55eb6d9307ee46d75e69a25147c0c7e645b781a7cf27ed25b7e054b69f4
2018-07-20,TCB,HOSE,1319370000.0,0.0,1319370000.0,44200.0,0.0,44200.0,1319370000.0,0.0,44200.0,0.0,27500.0,27900.0,27200.0,27900.0,27540.0,HSX_FOREIGN_API,HOSE_SYMBOL_LEVEL,VND,2026-08-25T04:25:44Z,ff_hsx_symbol_daily_v1,7599d62f0e4ef9d895d0ff14a6607b3199da4c8e5570e5b7a040f817efd689ff
2018-07-23,TCB,HOSE,1263252000.0,1263252000.0,0.0,42320.0,42320.0,0.0,1263252000.0,1263252000.0,42320.0,42320.0,27300.0,27850.0,26600.0,26600.0,27280.0,HSX_FOREIGN_API,HOSE_SYMBOL_LEVEL,VND,2026-08-25T04:25:44Z,ff_hsx_symbol_daily_v1,1999135e78a44107cecd3c359ee172f7fd9a90b60faa3ca5cc1ca749657d99fc
2018-07-24,TCB,HOSE,0.0,0.0,0.0,0.0,0.0,0.0,0.0,0.0,0.0,0.0,27000.0,27500.0,26300.0,26400.0,26780.0,HSX_FOREIGN_API,HOSE_SYMBOL_LEVEL,VND,2026-08-25T04:25:44Z,ff_hsx_symbol_daily_v1,23a4f567380f9c4c7d9aaebdfe28338bc24e14c9f36190123a6fe9f4a9897a29
2018-07-25,TCB,HOSE,25092924000.0,25092924000.0,0.0,889820.0,889820.0,0.0,25092924000.0,25092924000.0,889820.0,889820.0,26800.0,26850.0,24900.0,26750.0,26130.0,HSX_FOREIGN_API,HOSE_SYMBOL_LEVEL,VND,2026-08-25T04:25:44Z,ff_hsx_symbol_daily_v1,665ef577a09fc0c1580cc7c59e569277cb8b05e9bb5156ac3c4d4ac1a7283ed8
2018-07-26,TCB,HOSE,3775200000.0,3814200000.0,-39000000.0,132000.0,133500.0,-1500.0,3775200000.0,3775200000.0,132000.0,132000.0,26000.0,26250.0,25500.0,25800.0,25850.0,HSX_FOREIGN_API,HOSE_SYMBOL_LEVEL,VND,2026-08-25T04:25:44Z,ff_hsx_symbol_daily_v1,546933bd75e841378dc612d2e94803505a2580293419ffee365b92e078e329d3
2018-07-27,TCB,HOSE,49127724000.0,49127724000.0,0.0,1779990.0,1779990.0,0.0,49127724000.0,49127724000.0,1779990.0,1779990.0,25800.0,26200.0,25600.0,25950.0,25910.0,HSX_FOREIGN_API,HOSE_SYMBOL_LEVEL,VND,2026-08-25T04:25:44Z,ff_hsx_symbol_daily_v1,5e850b821bfb9919401acf325f059e7dca6dfdee64e126042870d3c4dc7b19dd
2018-07-30,TCB,HOSE,1238482500.0,1238482500.0,0.0,44630.0,44630.0,0.0,1238482500.0,1238482500.0,44630.0,44630.0,25950.0,26200.0,25900.0,26100.0,26050.0,HSX_FOREIGN_API,HOSE_SYMBOL_LEVEL,VND,2026-08-25T04:25:44Z,ff_hsx_symbol_daily_v1,4af6126386d36f2d69e3fc5d3535d1f089da50769503748caf47ebe4c08d01eb
2018-07-31,TCB,HOSE,39225000.0,0.0,39225000.0,1500.0,0.0,1500.0,0.0,0.0,0.0,0.0,26150.0,27900.0,26000.0,27800.0,27270.0,HSX_FOREIGN_API,HOSE_SYMBOL_LEVEL,VND,2026-08-25T04:25:44Z,ff_hsx_symbol_daily_v1,7259d22825c0b2f132154ba702a501e859a19da10e728ab3700510dbd375f2d0
2018-08-01,TCB,HOSE,0.0,0.0,0.0,0.0,0.0,0.0,0.0,0.0,0.0,0.0,27900.0,28650.0,27150.0,27550.0,28110.0,HSX_FOREIGN_API,HOSE_SYMBOL_LEVEL,VND,2026-08-25T04:25:44Z,ff_hsx_symbol_daily_v1,2a087c1378bf382f3b08382e9bb03f2a17b04e7aa9947ad41bcf44ccf41a44b9
2018-08-02,TCB,HOSE,93503455500.0,93503455500.0,0.0,3174990.0,3174990.0,0.0,93503455500.0,93503455500.0,3174990.0,3174990.0,27300.0,28500.0,27000.0,28500.0,27750.0,HSX_FOREIGN_API,HOSE_SYMBOL_LEVEL,VND,2026-08-25T04:25:44Z,ff_hsx_symbol_daily_v1,10615a17f7e0a9ffea300c37cc553b657783323b05f04cc4d831bf69f002e99a
2018-08-03,TCB,HOSE,292656000000.0,292908895000.0,-252895000.0,9640000.0,9648900.0,-8900.0,292656000000.0,292656000000.0,9640000.0,9640000.0,28600.0,28900.0,28000.0,28350.0,28440.0,HSX_FOREIGN_API,HOSE_SYMBOL_LEVEL,VND,2026-08-25T04:25:44Z,ff_hsx_symbol_daily_v1,209ffc9af026a79f13a8e27ac0bd8d1fe1cc876dd2d4f8b8980153c18334823d
2018-08-06,TCB,HOSE,0.0,0.0,0.0,0.0,0.0,0.0,0.0,0.0,0.0,0.0,28000.0,28300.0,27800.0,28000.0,28110.0,HSX_FOREIGN_API,HOSE_SYMBOL_LEVEL,VND,2026-08-25T04:25:44Z,ff_hsx_symbol_daily_v1,b085b9bf79dd2cf373c8d8ffd0d2fbd22587cfd2db77f513821127bc833b5a54
2018-08-07,TCB,HOSE,0.0,0.0,0.0,0.0,0.0,0.0,0.0,0.0,0.0,0.0,27750.0,28200.0,27400.0,27950.0,27880.0,HSX_FOREIGN_API,HOSE_SYMBOL_LEVEL,VND,2026-08-25T04:25:44Z,ff_hsx_symbol_daily_v1,47a0ff2acf8c52f4b2190b9c5fb773ca608bb7c60c5773f50dd699b7ac0177f4
2018-08-08,TCB,HOSE,250535000.0,0.0,250535000.0,8900.0,0.0,8900.0,0.0,0.0,0.0,0.0,28150.0,28150.0,27400.0,27750.0,27640.0,HSX_FOREIGN_API,HOSE_SYMBOL_LEVEL,VND,2026-08-25T04:25:44Z,ff_hsx_symbol_daily_v1,cd597af94ac6b00b6b5da607e62b90300ec42b9189c142dd7382f631d524ad85
2018-08-09,TCB,HOSE,1179477000.0,1179477000.0,0.0,39780.0,39780.0,0.0,1179477000.0,1179477000.0,39780.0,39780.0,27900.0,28300.0,27400.0,27400.0,27800.0,HSX_FOREIGN_API,HOSE_SYMBOL_LEVEL,VND,2026-08-25T04:25:44Z,ff_hsx_symbol_daily_v1,a6d5d791a9afa795dee80ef51376d43de984f7880c30b49b868c0ce5ecc04535
2018-08-10,TCB,HOSE,12625985300.0,12625985300.0,0.0,430921.0,430921.0,0.0,12625985300.0,12625985300.0,430921.0,430921.0,27400.0,27700.0,26400.0,27200.0,26900.0,HSX_FOREIGN_API,HOSE_SYMBOL_LEVEL,VND,2026-08-25T04:25:44Z,ff_hsx_symbol_daily_v1,189c6d5f0a829b3e472473eab9ba5fb13b38df5507c3db9fcb7e12dcc552ee76
2018-08-13,TCB,HOSE,3572025000.0,3572025000.0,0.0,122750.0,122750.0,0.0,3572025000.0,3572025000.0,122750.0,122750.0,27000.0,27650.0,26800.0,27450.0,27280.0,HSX_FOREIGN_API,HOSE_SYMBOL_LEVEL,VND,2026-08-25T04:25:44Z,ff_hsx_symbol_daily_v1,b17cd733cb2df8e906f5df53d0586ba50058fa53e883cba1a9daedcb3022d5a1
2018-08-14,TCB,HOSE,16440402500.0,16440402500.0,0.0,560150.0,560150.0,0.0,16440402500.0,16440402500.0,560150.0,560150.0,27500.0,27500.0,27000.0,27200.0,27320.0,HSX_FOREIGN_API,HOSE_SYMBOL_LEVEL,VND,2026-08-25T04:25:44Z,ff_hsx_symbol_daily_v1,299f88ef4a168f0376012f77a642aaf19a6c6953bc5edf9a0f7d39a108a6af23
2018-08-15,TCB,HOSE,3023490000.0,4228073000.0,-1204583000.0,103900.0,148700.0,-44800.0,3023490000.0,3023490000.0,103900.0,103900.0,27000.0,27200.0,26500.0,26500.0,26930.0,HSX_FOREIGN_API,HOSE_SYMBOL_LEVEL,VND,2026-08-25T04:25:44Z,ff_hsx_symbol_daily_v1,6112785bda254a010b0f8d99c9a34133496bf66509e2ded85fdafba1cbba4768
2018-08-16,TCB,HOSE,17010000000.0,17010000000.0,0.0,600000.0,600000.0,0.0,17010000000.0,17010000000.0,600000.0,600000.0,26500.0,26900.0,25950.0,26500.0,26280.0,HSX_FOREIGN_API,HOSE_SYMBOL_LEVEL,VND,2026-08-25T04:25:44Z,ff_hsx_symbol_daily_v1,9e4265250acd67591100728e99da194300ea733f97fe8b24164460a6fe41b93f
2018-08-17,TCB,HOSE,56416500000.0,56416500000.0,0.0,1990000.0,1990000.0,0.0,56416500000.0,56416500000.0,1990000.0,1990000.0,26500.0,26900.0,26500.0,26500.0,26650.0,HSX_FOREIGN_API,HOSE_SYMBOL_LEVEL,VND,2026-08-25T04:25:44Z,ff_hsx_symbol_daily_v1,f14516a13aeb0980ca9222fb736891c205cc02d0558455786667f17e076fa943
2018-08-20,TCB,HOSE,2202709950.0,932629950.0,1270080000.0,77697.0,32897.0,44800.0,2202709950.0,932629950.0,77697.0,32897.0,26700.0,26700.0,25900.0,26500.0,26370.0,HSX_FOREIGN_API,HOSE_SYMBOL_LEVEL,VND,2026-08-25T04:25:44Z,ff_hsx_symbol_daily_v1,db803194fd4cc0258c30b72b94a3ceb19486c24c091ead8b5f878190cf4d31a2
2018-08-21,TCB,HOSE,0.0,0.0,0.0,0.0,0.0,0.0,0.0,0.0,0.0,0.0,26500.0,26650.0,26250.0,26500.0,26450.0,HSX_FOREIGN_API,HOSE_SYMBOL_LEVEL,VND,2026-08-25T04:25:44Z,ff_hsx_symbol_daily_v1,c5d37cade797e906d43b223a39fb4db62742949398c48779bdd6373ec84d6e36
2018-08-22,TCB,HOSE,0.0,0.0,0.0,0.0,0.0,0.0,0.0,0.0,0.0,0.0,26700.0,27400.0,26550.0,26650.0,26960.0,HSX_FOREIGN_API,HOSE_SYMBOL_LEVEL,VND,2026-08-25T04:25:44Z,ff_hsx_symbol_daily_v1,4f38198e8ae99a218326ac8ed6946cfb8955f96b34b56a41e4655111e040fa83
2018-08-23,TCB,HOSE,3804750000.0,3804750000.0,0.0,133500.0,133500.0,0.0,3804750000.0,3804750000.0,133500.0,133500.0,27000.0,27150.0,26650.0,26750.0,26890.0,HSX_FOREIGN_API,HOSE_SYMBOL_LEVEL,VND,2026-08-25T04:25:44Z,ff_hsx_symbol_daily_v1,d47af8e92f1bd087478e4e3b0d04d064857ca063d3c9f19762d2d7f9a3bb2832
2018-08-24,TCB,HOSE,0.0,0.0,0.0,0.0,0.0,0.0,0.0,0.0,0.0,0.0,26750.0,26950.0,26500.0,26600.0,26680.0,HSX_FOREIGN_API,HOSE_SYMBOL_LEVEL,VND,2026-08-25T04:25:44Z,ff_hsx_symbol_daily_v1,e9064ac434798155cef40ef761c98f03fa8c8d1225fc341abf245154d28f343f
2018-08-27,TCB,HOSE,1076832500.0,1076832500.0,0.0,37850.0,37850.0,0.0,1076832500.0,1076832500.0,37850.0,37850.0,26600.0,26850.0,26500.0,26500.0,26630.0,HSX_FOREIGN_API,HOSE_SYMBOL_LEVEL,VND,2026-08-25T04:25:44Z,ff_hsx_symbol_daily_v1,a75f4cbd4f74be2cd4da65a526533c607b2ae5e28ffadaf48a003a807bf2e709
2018-08-28,TCB,HOSE,1984500000.0,1984500000.0,0.0,70000.0,70000.0,0.0,1984500000.0,1984500000.0,70000.0,70000.0,26600.0,26800.0,26200.0,26250.0,26360.0,HSX_FOREIGN_API,HOSE_SYMBOL_LEVEL,VND,2026-08-25T04:25:44Z,ff_hsx_symbol_daily_v1,a72132b519efe8710e5c4fb15c191ccf04abd11e303f4bf8cf1f20ea34c5ac45
2018-08-29,TCB,HOSE,0.0,0.0,0.0,0.0,0.0,0.0,0.0,0.0,0.0,0.0,26250.0,26350.0,26100.0,26150.0,26180.0,HSX_FOREIGN_API,HOSE_SYMBOL_LEVEL,VND,2026-08-25T04:25:44Z,ff_hsx_symbol_daily_v1,93d9d3bb5ec0e0dd5d1ffc8c0914f46ba2f8451a37a3a74aa749bc2129879f07
2018-08-30,TCB,HOSE,4611750000.0,4611750000.0,0.0,165000.0,165000.0,0.0,4611750000.0,4611750000.0,165000.0,165000.0,26150.0,26300.0,26050.0,26300.0,26170.0,HSX_FOREIGN_API,HOSE_SYMBOL_LEVEL,VND,2026-08-25T04:25:44Z,ff_hsx_symbol_daily_v1,d95a6e268da8704ccc5da76f430a4f2af4a1ce0f9a1f98ae719d0343c147e798
2018-08-31,TCB,HOSE,1615469000.0,1615469000.0,0.0,57490.0,57490.0,0.0,1615469000.0,1615469000.0,57490.0,57490.0,26300.0,26850.0,26300.0,26300.0,26500.0,HSX_FOREIGN_API,HOSE_SYMBOL_LEVEL,VND,2026-08-25T04:25:44Z,ff_hsx_symbol_daily_v1,cbc7b4057e119d79f000b18d545a447a7671c3b11cef54852980975319dd644e
2018-09-04,TCB,HOSE,37513500000.0,37513500000.0,0.0,1335000.0,1335000.0,0.0,37513500000.0,37513500000.0,1335000.0,1335000.0,26300.0,26600.0,26050.0,26100.0,26280.0,HSX_FOREIGN_API,HOSE_SYMBOL_LEVEL,VND,2026-08-25T04:25:44Z,ff_hsx_symbol_daily_v1,f3dbea87abdb8aca9a1d9c1f81ba6c4ef2ee88ec053c09e404c3988da4fc2880
2018-09-05,TCB,HOSE,0.0,0.0,0.0,0.0,0.0,0.0,0.0,0.0,0.0,0.0,26100.0,26250.0,25750.0,25800.0,25960.0,HSX_FOREIGN_API,HOSE_SYMBOL_LEVEL,VND,2026-08-25T04:25:44Z,ff_hsx_symbol_daily_v1,f4d0f6eebe12b70e38918e254aced97ab48d50b3e47944662928b7a66726438a
2018-09-06,TCB,HOSE,6599160000.0,6599160000.0,0.0,239100.0,239100.0,0.0,6599160000.0,6599160000.0,239100.0,239100.0,25800.0,25900.0,24800.0,24800.0,25160.0,HSX_FOREIGN_API,HOSE_SYMBOL_LEVEL,VND,2026-08-25T04:25:44Z,ff_hsx_symbol_daily_v1,eaf099c744a71ef13357f23a8bcde9e94cb07a002849d392db0f147946423e66
2018-09-07,TCB,HOSE,21282150000.0,21282150000.0,0.0,803100.0,803100.0,0.0,21282150000.0,21282150000.0,803100.0,803100.0,25000.0,25300.0,24900.0,25250.0,25090.0,HSX_FOREIGN_API,HOSE_SYMBOL_LEVEL,VND,2026-08-25T04:25:44Z,ff_hsx_symbol_daily_v1,94db4a87211b58b27f72d5c919b874cd6207a8280af470dbdccea3c80ec52361
2018-09-10,TCB,HOSE,13500000000.0,13500000000.0,0.0,500000.0,500000.0,0.0,13500000000.0,13500000000.0,500000.0,500000.0,25400.0,25500.0,25000.0,25500.0,25280.0,HSX_FOREIGN_API,HOSE_SYMBOL_LEVEL,VND,2026-08-25T04:25:44Z,ff_hsx_symbol_daily_v1,07d72d8d4c62fee6d8c6c7746ecc78fab1be3050436e8a3a84e74de32225ea14
2018-09-11,TCB,HOSE,24525000000.0,24525000000.0,0.0,900000.0,900000.0,0.0,24525000000.0,24525000000.0,900000.0,900000.0,25450.0,25500.0,25300.0,25400.0,25390.0,HSX_FOREIGN_API,HOSE_SYMBOL_LEVEL,VND,2026-08-25T04:25:44Z,ff_hsx_symbol_daily_v1,147b7cee8913ed3a920833775a7824dc870f7905b0d00749ba551f857714f3bf
2018-09-12,TCB,HOSE,971427000.0,971427000.0,0.0,35780.0,35780.0,0.0,971427000.0,971427000.0,35780.0,35780.0,25500.0,25550.0,25000.0,25000.0,25280.0,HSX_FOREIGN_API,HOSE_SYMBOL_LEVEL,VND,2026-08-25T04:25:44Z,ff_hsx_symbol_daily_v1,5a43975125671b6f09dd5ab657a6f5cd36e5a57de0110f8408049b5cb1dd841b
2018-09-13,TCB,HOSE,38525617500.0,38525617500.0,0.0,1440210.0,1440210.0,0.0,38525617500.0,38525617500.0,1440210.0,1440210.0,25000.0,25400.0,25000.0,25200.0,25140.0,HSX_FOREIGN_API,HOSE_SYMBOL_LEVEL,VND,2026-08-25T04:25:44Z,ff_hsx_symbol_daily_v1,4d229feeb2288db9e13386df2ca454fac41d6e30f71e670a23cf09c2091449da
2018-09-14,TCB,HOSE,2695000000.0,2695000000.0,0.0,100000.0,100000.0,0.0,2695000000.0,2695000000.0,100000.0,100000.0,25200.0,25400.0,25150.0,25250.0,25270.0,HSX_FOREIGN_API,HOSE_SYMBOL_LEVEL,VND,2026-08-25T04:25:44Z,ff_hsx_symbol_daily_v1,53f20f1850b84d49a771b218a8eceb0e935067ff336089ce8b216975589e73e5
2018-09-17,TCB,HOSE,0.0,0.0,0.0,0.0,0.0,0.0,0.0,0.0,0.0,0.0,25250.0,27000.0,25150.0,26050.0,25840.0,HSX_FOREIGN_API,HOSE_SYMBOL_LEVEL,VND,2026-08-25T04:25:44Z,ff_hsx_symbol_daily_v1,d4819702c7264a1acf8b8e56de653597e8e72d9fc9f683bedfafd7e56a297dc3
2018-09-18,TCB,HOSE,0.0,0.0,0.0,0.0,0.0,0.0,0.0,0.0,0.0,0.0,26050.0,26150.0,25550.0,26150.0,26020.0,HSX_FOREIGN_API,HOSE_SYMBOL_LEVEL,VND,2026-08-25T04:25:44Z,ff_hsx_symbol_daily_v1,a5af71bf1c9862d8234697b503ddc8d5774db8dc72cc80f30c15ad26766f0394
2018-09-19,TCB,HOSE,938002000.0,938002000.0,0.0,33560.0,33560.0,0.0,938002000.0,938002000.0,33560.0,33560.0,26200.0,27050.0,26200.0,26600.0,26680.0,HSX_FOREIGN_API,HOSE_SYMBOL_LEVEL,VND,2026-08-25T04:25:44Z,ff_hsx_symbol_daily_v1,f1cabdcf94d037717a03ce75e1e8f530b4eeb2937872f6a1d5d7260ff8a0b164
2018-09-20,TCB,HOSE,757908000.0,757908000.0,0.0,26640.0,26640.0,0.0,757908000.0,757908000.0,26640.0,26640.0,26600.0,28000.0,26600.0,28000.0,27650.0,HSX_FOREIGN_API,HOSE_SYMBOL_LEVEL,VND,2026-08-25T04:25:44Z,ff_hsx_symbol_daily_v1,514a67fbeac3f39f268d9d9c6f798c6197c0b057486c06c1e46cc04b48cc00d5
2018-09-21,TCB,HOSE,929947500.0,929947500.0,0.0,31050.0,31050.0,0.0,929947500.0,929947500.0,31050.0,31050.0,28000.0,28450.0,27800.0,28300.0,28130.0,HSX_FOREIGN_API,HOSE_SYMBOL_LEVEL,VND,2026-08-25T04:25:44Z,ff_hsx_symbol_daily_v1,844b0c9c7102767fdc929472ff18cfaa13bd65d373e4c536fbf576751a37aef3
2018-09-24,TCB,HOSE,0.0,0.0,0.0,0.0,0.0,0.0,0.0,0.0,0.0,0.0,28300.0,28450.0,27950.0,28100.0,28190.0,HSX_FOREIGN_API,HOSE_SYMBOL_LEVEL,VND,2026-08-25T04:25:44Z,ff_hsx_symbol_daily_v1,83b82479c90b8ca410cabda619f0c07c4b118c01685cca9c37deb2c2d7b97fb3
2018-09-25,TCB,HOSE,0.0,0.0,0.0,0.0,0.0,0.0,0.0,0.0,0.0,0.0,28000.0,28200.0,27800.0,28000.0,28050.0,HSX_FOREIGN_API,HOSE_SYMBOL_LEVEL,VND,2026-08-25T04:25:44Z,ff_hsx_symbol_daily_v1,e6b5fe4c61c252fcf7fae744eac34adfeef0ca08648ff51451f9c032809fd954
2018-09-26,TCB,HOSE,0.0,0.0,0.0,0.0,0.0,0.0,0.0,0.0,0.0,0.0,28000.0,29350.0,27800.0,28900.0,28760.0,HSX_FOREIGN_API,HOSE_SYMBOL_LEVEL,VND,2026-08-25T04:25:44Z,ff_hsx_symbol_daily_v1,15e43195d29437ec0b18c86fcfe5f115f2316f4f09ec1489ad9af47df640f67e
2018-09-27,TCB,HOSE,16364331000.0,16364331000.0,0.0,529590.0,529590.0,0.0,16364331000.0,16364331000.0,529590.0,529590.0,29200.0,29650.0,29150.0,29400.0,29440.0,HSX_FOREIGN_API,HOSE_SYMBOL_LEVEL,VND,2026-08-25T04:25:44Z,ff_hsx_symbol_daily_v1,617bfde1d97c6c672f5dd97277d6b70ec8058c3228b08cc09ea167ad7e8cb151
2018-09-28,TCB,HOSE,15725000000.0,15725000000.0,0.0,500000.0,500000.0,0.0,15725000000.0,15725000000.0,500000.0,500000.0,29500.0,29650.0,29000.0,29150.0,29280.0,HSX_FOREIGN_API,HOSE_SYMBOL_LEVEL,VND,2026-08-25T04:25:44Z,ff_hsx_symbol_daily_v1,0c951bb82310b6c4c42c466b2d66df4d3788112bdd993de8942284ea185e7598
2018-10-01,TCB,HOSE,15575000000.0,15575000000.0,0.0,500000.0,500000.0,0.0,15575000000.0,15575000000.0,500000.0,500000.0,29150.0,29250.0,28600.0,28650.0,28920.0,HSX_FOREIGN_API,HOSE_SYMBOL_LEVEL,VND,2026-08-25T04:25:44Z,ff_hsx_symbol_daily_v1,33c58a09235fe10bd40470053cc2dffe199f44222f343a4de8be8160b96463e6
2018-10-02,TCB,HOSE,15325000000.0,15325000000.0,0.0,500000.0,500000.0,0.0,15325000000.0,15325000000.0,500000.0,500000.0,28600.0,29400.0,28600.0,29100.0,29090.0,HSX_FOREIGN_API,HOSE_SYMBOL_LEVEL,VND,2026-08-25T04:25:44Z,ff_hsx_symbol_daily_v1,372ab7cbe1e8453d9459d59616295cecce492785ae95140e7efdd13e064ce6b9
2018-10-03,TCB,HOSE,0.0,0.0,0.0,0.0,0.0,0.0,0.0,0.0,0.0,0.0,29400.0,29500.0,29150.0,29350.0,29330.0,HSX_FOREIGN_API,HOSE_SYMBOL_LEVEL,VND,2026-08-25T04:25:44Z,ff_hsx_symbol_daily_v1,1b3055fa02aa55fd69bf652adc7e7a5357e600d6f5c4405a01dc5416e3d3eb6e
2018-10-04,TCB,HOSE,29850410000.0,29850410000.0,0.0,950650.0,950650.0,0.0,29850410000.0,29850410000.0,950650.0,950650.0,29500.0,30200.0,29350.0,30200.0,29880.0,HSX_FOREIGN_API,HOSE_SYMBOL_LEVEL,VND,2026-08-25T04:25:44Z,ff_hsx_symbol_daily_v1,6bc027ab794436740227831cd49491c6bac4897a35b8c1c1d933e11129f6909f
2018-10-05,TCB,HOSE,0.0,0.0,0.0,0.0,0.0,0.0,0.0,0.0,0.0,0.0,30100.0,30250.0,29750.0,29800.0,29970.0,HSX_FOREIGN_API,HOSE_SYMBOL_LEVEL,VND,2026-08-25T04:25:44Z,ff_hsx_symbol_daily_v1,7cda1a2a6f862e448fba63de6d0d6506cf70cabceea3f0eff6b40f9726462aa0
2018-10-08,TCB,HOSE,11079022500.0,11079022500.0,0.0,347850.0,347850.0,0.0,11079022500.0,11079022500.0,347850.0,347850.0,29100.0,29750.0,29100.0,29350.0,29410.0,HSX_FOREIGN_API,HOSE_SYMBOL_LEVEL,VND,2026-08-25T04:25:44Z,ff_hsx_symbol_daily_v1,8730f914e5cb8024809f4dca97897fec0bb9cc50e1fd0b52e2d318c8d97359c1
2018-10-09,TCB,HOSE,0.0,0.0,0.0,0.0,0.0,0.0,0.0,0.0,0.0,0.0,29400.0,29750.0,29150.0,29750.0,29550.0,HSX_FOREIGN_API,HOSE_SYMBOL_LEVEL,VND,2026-08-25T04:25:44Z,ff_hsx_symbol_daily_v1,e3e29a4cecbf429ac485e8ad727de13018e15147c34cb425b098fdc487ded139
2018-10-10,TCB,HOSE,0.0,0.0,0.0,0.0,0.0,0.0,0.0,0.0,0.0,0.0,29800.0,30100.0,29650.0,29700.0,29870.0,HSX_FOREIGN_API,HOSE_SYMBOL_LEVEL,VND,2026-08-25T04:25:44Z,ff_hsx_symbol_daily_v1,172802a377de27f07838da6d45409b4ceb91c05942e6bdadae3735bb098df654
2018-10-11,TCB,HOSE,31569342500.0,31569342500.0,0.0,994310.0,994310.0,0.0,31569342500.0,31569342500.0,994310.0,994310.0,28200.0,29100.0,27700.0,27850.0,28140.0,HSX_FOREIGN_API,HOSE_SYMBOL_LEVEL,VND,2026-08-25T04:25:44Z,ff_hsx_symbol_daily_v1,cb97108d991a6a5426c50d9128ef4ca81bde9daf436dc5ee6f5077e313619a61
2018-10-12,TCB,HOSE,7617785000.0,7762883500.0,-145098500.0,256060.0,261270.0,-5210.0,7617785000.0,7617785000.0,256060.0,256060.0,27850.0,28800.0,27300.0,28700.0,28170.0,HSX_FOREIGN_API,HOSE_SYMBOL_LEVEL,VND,2026-08-25T04:25:44Z,ff_hsx_symbol_daily_v1,cf9ffeab796e6a869cd8ca3692c6da19eb4695ceadb0fc089a8e0ab28f65fd54
2018-10-15,TCB,HOSE,0.0,0.0,0.0,0.0,0.0,0.0,0.0,0.0,0.0,0.0,28700.0,28750.0,28000.0,28200.0,28440.0,HSX_FOREIGN_API,HOSE_SYMBOL_LEVEL,VND,2026-08-25T04:25:44Z,ff_hsx_symbol_daily_v1,f1a89210978e85b6627b086c914181f1a4d5b85e9484473f30dff00aec34293a
2018-10-16,TCB,HOSE,803196000.0,803196000.0,0.0,26640.0,26640.0,0.0,803196000.0,803196000.0,26640.0,26640.0,28150.0,28900.0,28150.0,28700.0,28450.0,HSX_FOREIGN_API,HOSE_SYMBOL_LEVEL,VND,2026-08-25T04:25:44Z,ff_hsx_symbol_daily_v1,b8190909dd786f38fa122bee722e3f88f6d2d1b1b477d632840250cb45055299
2018-10-17,TCB,HOSE,12844033000.0,12691380000.0,152653000.0,418610.0,413400.0,5210.0,12691380000.0,12691380000.0,413400.0,413400.0,29300.0,29300.0,28950.0,29100.0,29160.0,HSX_FOREIGN_API,HOSE_SYMBOL_LEVEL,VND,2026-08-25T04:25:44Z,ff_hsx_symbol_daily_v1,406d8a894091703c3c4390208639b295b32490aca30384eec4752dc51dbd9399
2018-10-18,TCB,HOSE,0.0,0.0,0.0,0.0,0.0,0.0,0.0,0.0,0.0,0.0,28800.0,29100.0,28700.0,28900.0,28890.0,HSX_FOREIGN_API,HOSE_SYMBOL_LEVEL,VND,2026-08-25T04:25:44Z,ff_hsx_symbol_daily_v1,09839140a64a1ffb25de708605be515edb9c2f0320ffccf016f2858610d07c45
2018-10-19,TCB,HOSE,0.0,0.0,0.0,0.0,0.0,0.0,0.0,0.0,0.0,0.0,28400.0,29000.0,28100.0,29000.0,28710.0,HSX_FOREIGN_API,HOSE_SYMBOL_LEVEL,VND,2026-08-25T04:25:44Z,ff_hsx_symbol_daily_v1,11c207bbf914eb39b8de33fa4333430990d7d9210f5b97c406326335a15a201e
2018-10-22,TCB,HOSE,0.0,0.0,0.0,0.0,0.0,0.0,0.0,0.0,0.0,0.0,29000.0,29200.0,28800.0,28800.0,28920.0,HSX_FOREIGN_API,HOSE_SYMBOL_LEVEL,VND,2026-08-25T04:25:44Z,ff_hsx_symbol_daily_v1,969da5835549562eac68020c260603244a2db86d8f7ab2bd2340475b9d6de5c4
2018-10-23,TCB,HOSE,0.0,0.0,0.0,0.0,0.0,0.0,0.0,0.0,0.0,0.0,28800.0,28800.0,26800.0,27800.0,27860.0,HSX_FOREIGN_API,HOSE_SYMBOL_LEVEL,VND,2026-08-25T04:25:44Z,ff_hsx_symbol_daily_v1,890c6b8038295abc3d8a6f647c0b3e6ad79eb70ea6c90ebd6d5451055d4ae4d6
2018-10-24,TCB,HOSE,8019000000.0,8019000000.0,0.0,270000.0,270000.0,0.0,8019000000.0,8019000000.0,270000.0,270000.0,27900.0,28000.0,26500.0,26500.0,27240.0,HSX_FOREIGN_API,HOSE_SYMBOL_LEVEL,VND,2026-08-25T04:25:44Z,ff_hsx_symbol_daily_v1,744f97ac9f4fa1e1f5d1991099be98d5416938b723223210f58592c7d24ce4a4
2018-10-25,TCB,HOSE,754393500.0,754393500.0,0.0,26610.0,26610.0,0.0,754393500.0,754393500.0,26610.0,26610.0,25200.0,26300.0,25100.0,26100.0,25690.0,HSX_FOREIGN_API,HOSE_SYMBOL_LEVEL,VND,2026-08-25T04:25:44Z,ff_hsx_symbol_daily_v1,935ea5c65efb84c3c3dfec7406625bd7ba13fec9a0aa181cb85fbee4650ce193
2018-10-26,TCB,HOSE,0.0,0.0,0.0,0.0,0.0,0.0,0.0,0.0,0.0,0.0,26900.0,26900.0,25500.0,25850.0,26000.0,HSX_FOREIGN_API,HOSE_SYMBOL_LEVEL,VND,2026-08-25T04:25:44Z,ff_hsx_symbol_daily_v1,c73886de603c3816f047bfedbfa08e5b8d483cf2ac18063f2bbc691377aa615d
2018-10-29,TCB,HOSE,0.0,0.0,0.0,0.0,0.0,0.0,0.0,0.0,0.0,0.0,25800.0,26000.0,25500.0,25700.0,25770.0,HSX_FOREIGN_API,HOSE_SYMBOL_LEVEL,VND,2026-08-25T04:25:44Z,ff_hsx_symbol_daily_v1,05a1607567e467a0d1661d0df30140cb379adae30504edfe8fa81a93c4b053c7
2018-10-30,TCB,HOSE,0.0,0.0,0.0,0.0,0.0,0.0,0.0,0.0,0.0,0.0,25700.0,26100.0,25600.0,25800.0,25900.0,HSX_FOREIGN_API,HOSE_SYMBOL_LEVEL,VND,2026-08-25T04:25:44Z,ff_hsx_symbol_daily_v1,43008ae33d84d718322bb7653ff77ffd6cf5ed0d0fbb982b64b97b89087623ec
2018-10-31,TCB,HOSE,3693708000.0,3693708000.0,0.0,133830.0,133830.0,0.0,3693708000.0,3693708000.0,133830.0,133830.0,26100.0,26900.0,26100.0,26900.0,26550.0,HSX_FOREIGN_API,HOSE_SYMBOL_LEVEL,VND,2026-08-25T04:25:44Z,ff_hsx_symbol_daily_v1,2b15ff93279b64c723e0aa3797197f662f6cd94b5e2987428ce8208f73a41e51
2018-11-01,TCB,HOSE,0.0,0.0,0.0,0.0,0.0,0.0,0.0,0.0,0.0,0.0,26950.0,26950.0,26100.0,26100.0,26450.0,HSX_FOREIGN_API,HOSE_SYMBOL_LEVEL,VND,2026-08-25T04:25:44Z,ff_hsx_symbol_daily_v1,630830a0ceb5b831be9f549a3cf1505cdf54b141c081ebde642737863d3baf65
2018-11-02,TCB,HOSE,136431000000.0,136431000000.0,0.0,4890000.0,4890000.0,0.0,136431000000.0,136431000000.0,4890000.0,4890000.0,26600.0,26950.0,26200.0,26600.0,26670.0,HSX_FOREIGN_API,HOSE_SYMBOL_LEVEL,VND,2026-08-25T04:25:44Z,ff_hsx_symbol_daily_v1,6d947958a392d8dcf05986d51ecdd6c0295acd4d2469ad7f1745a03a02ffe0aa
2018-11-05,TCB,HOSE,0.0,0.0,0.0,0.0,0.0,0.0,0.0,0.0,0.0,0.0,26700.0,26950.0,26500.0,26850.0,26740.0,HSX_FOREIGN_API,HOSE_SYMBOL_LEVEL,VND,2026-08-25T04:25:44Z,ff_hsx_symbol_daily_v1,446d8bbe47f9305727c508b32e46c54dc6d94f2730b317b83cead860816b81a7
2018-11-06,TCB,HOSE,0.0,0.0,0.0,0.0,0.0,0.0,0.0,0.0,0.0,0.0,27400.0,27400.0,26750.0,26950.0,26960.0,HSX_FOREIGN_API,HOSE_SYMBOL_LEVEL,VND,2026-08-25T04:25:44Z,ff_hsx_symbol_daily_v1,42ae932947dff7fcadfdf9122ca5a19a5cd1b4e6680b22c07c80b532032b9595
2018-11-07,TCB,HOSE,0.0,0.0,0.0,0.0,0.0,0.0,0.0,0.0,0.0,0.0,26700.0,27200.0,26700.0,27000.0,26990.0,HSX_FOREIGN_API,HOSE_SYMBOL_LEVEL,VND,2026-08-25T04:25:44Z,ff_hsx_symbol_daily_v1,40c8d26c3bf85721fcf8babe200c6a2a0e2c54b24de360c12c049956cdfd5cd2
2018-11-08,TCB,HOSE,0.0,0.0,0.0,0.0,0.0,0.0,0.0,0.0,0.0,0.0,27500.0,27500.0,26950.0,27000.0,27150.0,HSX_FOREIGN_API,HOSE_SYMBOL_LEVEL,VND,2026-08-25T04:25:44Z,ff_hsx_symbol_daily_v1,d3e48819f63d42bb3e2470676e495929e1dce07216c79ebdfa0098193f3678c6
2018-11-09,TCB,HOSE,0.0,0.0,0.0,0.0,0.0,0.0,0.0,0.0,0.0,0.0,26850.0,26950.0,26350.0,26350.0,26580.0,HSX_FOREIGN_API,HOSE_SYMBOL_LEVEL,VND,2026-08-25T04:25:44Z,ff_hsx_symbol_daily_v1,30cbe781b9610d57abefdd0a946f52e7bf2c66dd587b75d76da2007475c38b01
2018-11-12,TCB,HOSE,0.0,0.0,0.0,0.0,0.0,0.0,0.0,0.0,0.0,0.0,26300.0,26500.0,25850.0,26300.0,26180.0,HSX_FOREIGN_API,HOSE_SYMBOL_LEVEL,VND,2026-08-25T04:25:44Z,ff_hsx_symbol_daily_v1,be663d48ab014b8b93275a2520ee758dafcb4ffb12835e3c07cc53dec45ea6d6
2018-11-13,TCB,HOSE,1338559000.0,1320419000.0,18140000.0,47690.0,46990.0,700.0,1320419000.0,1320419000.0,46990.0,46990.0,25700.0,26000.0,25700.0,25750.0,25840.0,HSX_FOREIGN_API,HOSE_SYMBOL_LEVEL,VND,2026-08-25T04:25:44Z,ff_hsx_symbol_daily_v1,9e97bf057593658d1f2997cb4fc5a111326b2c40029a85c11fb16db4160e4f99
2018-11-14,TCB,HOSE,703627000.0,703627000.0,0.0,25540.0,25540.0,0.0,703627000.0,703627000.0,25540.0,25540.0,25600.0,26000.0,25150.0,25250.0,25490.0,HSX_FOREIGN_API,HOSE_SYMBOL_LEVEL,VND,2026-08-25T04:25:44Z,ff_hsx_symbol_daily_v1,2bc2a4981391ebede79648a1f06bb6aa9ea3994c36564e945064824bb673e0e4
2018-11-15,TCB,HOSE,0.0,0.0,0.0,0.0,0.0,0.0,0.0,0.0,0.0,0.0,25250.0,25550.0,25050.0,25250.0,25290.0,HSX_FOREIGN_API,HOSE_SYMBOL_LEVEL,VND,2026-08-25T04:25:44Z,ff_hsx_symbol_daily_v1,24aec090c7247777b1f6f026cd851fdd3156cdeea82756087003d53b433f4136
2018-11-16,TCB,HOSE,4644000000.0,4644000000.0,0.0,172000.0,172000.0,0.0,4644000000.0,4644000000.0,172000.0,172000.0,25500.0,26400.0,25450.0,25700.0,25750.0,HSX_FOREIGN_API,HOSE_SYMBOL_LEVEL,VND,2026-08-25T04:25:44Z,ff_hsx_symbol_daily_v1,de50f543af1baea599e60c5e4493bf757932ae91942372a945ce5da5a3321e2d
2018-11-19,TCB,HOSE,0.0,0.0,0.0,0.0,0.0,0.0,0.0,0.0,0.0,0.0,25700.0,26700.0,25700.0,26500.0,26320.0,HSX_FOREIGN_API,HOSE_SYMBOL_LEVEL,VND,2026-08-25T04:25:44Z,ff_hsx_symbol_daily_v1,ef5ded8a85d27674e9b93a980c9f17aa6161da6a88ef5aceac7108dd186aba6c
2018-11-20,TCB,HOSE,1134000000.0,1134000000.0,0.0,40000.0,40000.0,0.0,1134000000.0,1134000000.0,40000.0,40000.0,26300.0,26550.0,26100.0,26400.0,26360.0,HSX_FOREIGN_API,HOSE_SYMBOL_LEVEL,VND,2026-08-25T04:25:44Z,ff_hsx_symbol_daily_v1,64f4fcce2ccfa3996e04eb5b2622d7f9c9709bc444cebbe9a52016216fd2a35b
2018-11-21,TCB,HOSE,92790690000.0,92790690000.0,0.0,3290450.0,3290450.0,0.0,92790690000.0,92790690000.0,3290450.0,3290450.0,26000.0,26800.0,25900.0,26500.0,26380.0,HSX_FOREIGN_API,HOSE_SYMBOL_LEVEL,VND,2026-08-25T04:25:44Z,ff_hsx_symbol_daily_v1,35f90120b8b26414dd2310f9054b7e71f9841d3bb8c2c9007ed1793f7ec88deb
2018-11-22,TCB,HOSE,676431000.0,676431000.0,0.0,23860.0,23860.0,0.0,676431000.0,676431000.0,23860.0,23860.0,26900.0,26900.0,24650.0,26500.0,26520.0,HSX_FOREIGN_API,HOSE_SYMBOL_LEVEL,VND,2026-08-25T04:25:44Z,ff_hsx_symbol_daily_v1,dcb3ba835c5ec1ff47a817770260cea82d195e090edf2f439472dd86acec3c60
2018-11-23,TCB,HOSE,0.0,0.0,0.0,0.0,0.0,0.0,0.0,0.0,0.0,0.0,26500.0,26600.0,26100.0,26100.0,26320.0,HSX_FOREIGN_API,HOSE_SYMBOL_LEVEL,VND,2026-08-25T04:25:44Z,ff_hsx_symbol_daily_v1,891d1044ebb490cbe16e4808d4953a8cdef5d78225385d9d10a1e95f1042b215
2018-11-26,TCB,HOSE,0.0,0.0,0.0,0.0,0.0,0.0,0.0,0.0,0.0,0.0,26000.0,26450.0,25950.0,25950.0,26170.0,HSX_FOREIGN_API,HOSE_SYMBOL_LEVEL,VND,2026-08-25T04:25:44Z,ff_hsx_symbol_daily_v1,b33fe22c378c3de7163a473750a62786849da653bff3e79d8cd211473d69a1fe
2018-11-27,TCB,HOSE,9361462500.0,9361462500.0,0.0,337350.0,337350.0,0.0,9361462500.0,9361462500.0,337350.0,337350.0,26300.0,26500.0,25950.0,26000.0,26210.0,HSX_FOREIGN_API,HOSE_SYMBOL_LEVEL,VND,2026-08-25T04:25:44Z,ff_hsx_symbol_daily_v1,99517aac67406d90667917da6a99a48e088956306b11aabebf13d73c868ec3fd
2018-11-28,TCB,HOSE,0.0,0.0,0.0,0.0,0.0,0.0,0.0,0.0,0.0,0.0,26000.0,26150.0,25900.0,26150.0,26040.0,HSX_FOREIGN_API,HOSE_SYMBOL_LEVEL,VND,2026-08-25T04:25:44Z,ff_hsx_symbol_daily_v1,3aef5f1ed61be0ef1dd7b687e2f2fafbf6a2845d56d90816b11d17c4aa2a0a41
2018-11-29,TCB,HOSE,8957136500.0,8957136500.0,0.0,320470.0,320470.0,0.0,8957136500.0,8957136500.0,320470.0,320470.0,26450.0,26600.0,26050.0,26050.0,26360.0,HSX_FOREIGN_API,HOSE_SYMBOL_LEVEL,VND,2026-08-25T04:25:44Z,ff_hsx_symbol_daily_v1,0a24ed13b83a450820569891e1a134fe40ea183eff131388928b82141771c550
2018-11-30,TCB,HOSE,0.0,0.0,0.0,0.0,0.0,0.0,0.0,0.0,0.0,0.0,26250.0,26300.0,26000.0,26050.0,26090.0,HSX_FOREIGN_API,HOSE_SYMBOL_LEVEL,VND,2026-08-25T04:25:44Z,ff_hsx_symbol_daily_v1,701c186a5d2902d962f56975988cbd3adb17b57ad1560962ad981dcec7ae21f8
2018-12-03,TCB,HOSE,0.0,0.0,0.0,0.0,0.0,0.0,0.0,0.0,0.0,0.0,26500.0,27200.0,26300.0,27200.0,26840.0,HSX_FOREIGN_API,HOSE_SYMBOL_LEVEL,VND,2026-08-25T04:25:44Z,ff_hsx_symbol_daily_v1,76fba202d553a90c3c59917d2f47241e4f105f9d48f7bd4af4b4633cbabba038
2018-12-04,TCB,HOSE,0.0,0.0,0.0,0.0,0.0,0.0,0.0,0.0,0.0,0.0,27200.0,27950.0,27200.0,27800.0,27600.0,HSX_FOREIGN_API,HOSE_SYMBOL_LEVEL,VND,2026-08-25T04:25:44Z,ff_hsx_symbol_daily_v1,ddf280a0ecb9d6022a2960c879ace3731362ea02f800f02fb2c6038e4522c098
2018-12-05,TCB,HOSE,0.0,0.0,0.0,0.0,0.0,0.0,0.0,0.0,0.0,0.0,27500.0,28300.0,27300.0,28000.0,27840.0,HSX_FOREIGN_API,HOSE_SYMBOL_LEVEL,VND,2026-08-25T04:25:44Z,ff_hsx_symbol_daily_v1,d9237796d4e215714d7584e1b130256fb17d4a1e3ee0d2767e7091691b97c424
2018-12-06,TCB,HOSE,0.0,0.0,0.0,0.0,0.0,0.0,0.0,0.0,0.0,0.0,28000.0,28450.0,27900.0,28150.0,28220.0,HSX_FOREIGN_API,HOSE_SYMBOL_LEVEL,VND,2026-08-25T04:25:44Z,ff_hsx_symbol_daily_v1,bbf6abe63cc49d2baa7741d1c2283ee6b826590fed02d093462e0a58d7191027
2018-12-07,TCB,HOSE,1566103000.0,3122743000.0,-1556640000.0,52030.0,107230.0,-55200.0,1566103000.0,1566103000.0,52030.0,52030.0,28200.0,28500.0,27800.0,28000.0,28190.0,HSX_FOREIGN_API,HOSE_SYMBOL_LEVEL,VND,2026-08-25T04:25:44Z,ff_hsx_symbol_daily_v1,67fa0464f3286f579aefeb0e06a0ca3480bb50fbd84679549796d3bffc898766
2018-12-10,TCB,HOSE,0.0,0.0,0.0,0.0,0.0,0.0,0.0,0.0,0.0,0.0,27900.0,28350.0,27700.0,28250.0,28070.0,HSX_FOREIGN_API,HOSE_SYMBOL_LEVEL,VND,2026-08-25T04:25:44Z,ff_hsx_symbol_daily_v1,a7462ba9db42b6a54985bee0c71a8ca36d8b9e97f5be3984b15064fa808d8fbf
2018-12-11,TCB,HOSE,0.0,0.0,0.0,0.0,0.0,0.0,0.0,0.0,0.0,0.0,28350.0,28500.0,28100.0,28300.0,28270.0,HSX_FOREIGN_API,HOSE_SYMBOL_LEVEL,VND,2026-08-25T04:25:44Z,ff_hsx_symbol_daily_v1,d7996d6f2c7ef974cb391394fc287c8d52b9800277f48fd520f36cdd08a8a216
2018-12-12,TCB,HOSE,1669800000.0,17190000.0,1652610000.0,55200.0,600.0,54600.0,1669800000.0,0.0,55200.0,0.0,28500.0,28900.0,28300.0,28900.0,28630.0,HSX_FOREIGN_API,HOSE_SYMBOL_LEVEL,VND,2026-08-25T04:25:44Z,ff_hsx_symbol_daily_v1,0e2e688979b47d4f1220d586cc05551bc5567790f99ccf6bc70975dfb86e4a34
2018-12-13,TCB,HOSE,0.0,0.0,0.0,0.0,0.0,0.0,0.0,0.0,0.0,0.0,29000.0,29150.0,28700.0,28700.0,28900.0,HSX_FOREIGN_API,HOSE_SYMBOL_LEVEL,VND,2026-08-25T04:25:44Z,ff_hsx_symbol_daily_v1,f17b6765d246395ee29fbd4daa1fa7cceb3d202c9035cb6b5878558dc2196f71
2018-12-14,TCB,HOSE,10991521000.0,10991521000.0,0.0,358030.0,358030.0,0.0,10991521000.0,10991521000.0,358030.0,358030.0,28500.0,28800.0,28500.0,28650.0,28650.0,HSX_FOREIGN_API,HOSE_SYMBOL_LEVEL,VND,2026-08-25T04:25:44Z,ff_hsx_symbol_daily_v1,05a7c108bd00284654df678c3e193aafe7122c124fb83b069b249edde92888f4
2018-12-17,TCB,HOSE,16433000.0,0.0,16433000.0,580.0,0.0,580.0,0.0,0.0,0.0,0.0,28300.0,28500.0,27400.0,27400.0,28070.0,HSX_FOREIGN_API,HOSE_SYMBOL_LEVEL,VND,2026-08-25T04:25:44Z,ff_hsx_symbol_daily_v1,3db4bdf2d1499328372b3a00461b9bd2777f0799bd029519fe36b3853c536330
2018-12-18,TCB,HOSE,540000.0,0.0,540000.0,20.0,0.0,20.0,0.0,0.0,0.0,0.0,27000.0,27500.0,26700.0,27500.0,27050.0,HSX_FOREIGN_API,HOSE_SYMBOL_LEVEL,VND,2026-08-25T04:25:44Z,ff_hsx_symbol_daily_v1,2c9dc4b3358dfcc08b4c44ce7a508234b5c1e138d75d72972f35ad1fd233da0a
2018-12-19,TCB,HOSE,5477220000.0,5477220000.0,0.0,186300.0,186300.0,0.0,5477220000.0,5477220000.0,186300.0,186300.0,27400.0,27500.0,26950.0,27500.0,27200.0,HSX_FOREIGN_API,HOSE_SYMBOL_LEVEL,VND,2026-08-25T04:25:44Z,ff_hsx_symbol_daily_v1,4c044a6f718ac704fc22ffd8de0e71c9e58b086cf32667dc52e027a101ad69f3
2018-12-20,TCB,HOSE,0.0,0.0,0.0,0.0,0.0,0.0,0.0,0.0,0.0,0.0,27200.0,27700.0,27100.0,27250.0,27390.0,HSX_FOREIGN_API,HOSE_SYMBOL_LEVEL,VND,2026-08-25T04:25:44Z,ff_hsx_symbol_daily_v1,c3619fe4fd9e5910af563f3824f399a6e021c1d0c1ad94ac77e7594fe6feb083
2018-12-21,TCB,HOSE,5451050000.0,5451050000.0,0.0,187000.0,187000.0,0.0,5451050000.0,5451050000.0,187000.0,187000.0,27000.0,27300.0,26700.0,27300.0,27000.0,HSX_FOREIGN_API,HOSE_SYMBOL_LEVEL,VND,2026-08-25T04:25:44Z,ff_hsx_symbol_daily_v1,8bcf2c5252231df9a0297fd53c6a7dac5d1ad475247f2b60e2378eddba5c5106
2018-12-24,TCB,HOSE,622836000.0,622836000.0,0.0,21330.0,21330.0,0.0,622836000.0,622836000.0,21330.0,21330.0,27300.0,27400.0,26900.0,26900.0,27120.0,HSX_FOREIGN_API,HOSE_SYMBOL_LEVEL,VND,2026-08-25T04:25:44Z,ff_hsx_symbol_daily_v1,1cd686d3046fad13e039206d854d9b73a22d511bfa74f5747da53d10896653ad
2018-12-25,TCB,HOSE,575000000.0,575000000.0,0.0,20000.0,20000.0,0.0,575000000.0,575000000.0,20000.0,20000.0,26200.0,26550.0,25800.0,26400.0,26240.0,HSX_FOREIGN_API,HOSE_SYMBOL_LEVEL,VND,2026-08-25T04:25:44Z,ff_hsx_symbol_daily_v1,f05a9b68e5a46563176866af3dd5ffb788bd0d3d7de46a77789678c74a655a14
2018-12-26,TCB,HOSE,0.0,0.0,0.0,0.0,0.0,0.0,0.0,0.0,0.0,0.0,26300.0,26600.0,25950.0,26000.0,26120.0,HSX_FOREIGN_API,HOSE_SYMBOL_LEVEL,VND,2026-08-25T04:25:44Z,ff_hsx_symbol_daily_v1,ebb5d56fb6e3e947b13bcf340001ca0e4c905b01d355c6aebf228603d209e18f
2018-12-27,TCB,HOSE,4008204000.0,4008204000.0,0.0,144180.0,144180.0,0.0,4008204000.0,4008204000.0,144180.0,144180.0,26500.0,26650.0,26050.0,26050.0,26380.0,HSX_FOREIGN_API,HOSE_SYMBOL_LEVEL,VND,2026-08-25T04:25:44Z,ff_hsx_symbol_daily_v1,058a5e7afe4ecc538d58e0f0216bec043ffbfa6c0c6b8d8361d6820580f39108
2018-12-28,TCB,HOSE,4883219000.0,4883219000.0,0.0,175340.0,175340.0,0.0,4883219000.0,4883219000.0,175340.0,175340.0,26300.0,26300.0,25850.0,25850.0,26080.0,HSX_FOREIGN_API,HOSE_SYMBOL_LEVEL,VND,2026-08-25T04:25:44Z,ff_hsx_symbol_daily_v1,2be9aea1136a1936bb51a61f2fc69af251a810b2fe96a84660e34051d36b75d0
2019-01-02,TCB,HOSE,0.0,0.0,0.0,0.0,0.0,0.0,0.0,0.0,0.0,0.0,26000.0,26050.0,25600.0,25600.0,25800.0,HSX_FOREIGN_API,HOSE_SYMBOL_LEVEL,VND,2026-08-25T04:25:44Z,ff_hsx_symbol_daily_v1,cb6a835defc7fcd189bce11481f9f17ec49fb630fa80ec797a5cee83b90e7b06
2019-01-03,TCB,HOSE,1535702500.0,1535702500.0,0.0,56150.0,56150.0,0.0,1535702500.0,1535702500.0,56150.0,56150.0,25700.0,25750.0,25000.0,25000.0,25340.0,HSX_FOREIGN_API,HOSE_SYMBOL_LEVEL,VND,2026-08-25T04:25:44Z,ff_hsx_symbol_daily_v1,06a55983b6795fad165f61dca6bd4317ab637a1eef5750ce188b017406b00b85
2019-01-04,TCB,HOSE,1257250000.0,1691571000.0,-434321000.0,47000.0,64400.0,-17400.0,1257250000.0,1257250000.0,47000.0,47000.0,25000.0,25000.0,23250.0,24950.0,24550.0,HSX_FOREIGN_API,HOSE_SYMBOL_LEVEL,VND,2026-08-25T04:25:44Z,ff_hsx_symbol_daily_v1,96d64b5c5dafad3a34e16bfcb4d0bf67a8055e02c0cb58dbc51af62aed35ce25
2019-01-07,TCB,HOSE,1772225000.0,1772225000.0,0.0,66500.0,66500.0,0.0,1772225000.0,1772225000.0,66500.0,66500.0,25150.0,25500.0,25100.0,25100.0,25220.0,HSX_FOREIGN_API,HOSE_SYMBOL_LEVEL,VND,2026-08-25T04:25:44Z,ff_hsx_symbol_daily_v1,bf0486fa092b5de96b79553f8bd7a7408f514b9bf5265822a21bc59847098e67
2019-01-08,TCB,HOSE,0.0,0.0,0.0,0.0,0.0,0.0,0.0,0.0,0.0,0.0,25150.0,25200.0,25050.0,25100.0,25120.0,HSX_FOREIGN_API,HOSE_SYMBOL_LEVEL,VND,2026-08-25T04:25:44Z,ff_hsx_symbol_daily_v1,ee4ce1151f278ae572259c6c052cc88fb7f5bb1f9f2e987a27e30100cd570ead
2019-01-09,TCB,HOSE,1978327500.0,1539847500.0,438480000.0,74750.0,57350.0,17400.0,1539847500.0,1539847500.0,57350.0,57350.0,25200.0,26000.0,25100.0,25800.0,25610.0,HSX_FOREIGN_API,HOSE_SYMBOL_LEVEL,VND,2026-08-25T04:25:44Z,ff_hsx_symbol_daily_v1,336ded745be4dd8a751fd9b2aa9f9c7cbb262cc8e4025605b5ecf5377ddf14ce
2019-01-10,TCB,HOSE,0.0,0.0,0.0,0.0,0.0,0.0,0.0,0.0,0.0,0.0,25800.0,25950.0,25750.0,25800.0,25840.0,HSX_FOREIGN_API,HOSE_SYMBOL_LEVEL,VND,2026-08-25T04:25:44Z,ff_hsx_symbol_daily_v1,9ff5af6d3dee107e7eb751a48230b1dfb9258f05097ac9555ab80ec213a89d35
2019-01-11,TCB,HOSE,20846583600.0,20846583600.0,0.0,755311.0,755311.0,0.0,20846583600.0,20846583600.0,755311.0,755311.0,25850.0,26300.0,25850.0,26000.0,26090.0,HSX_FOREIGN_API,HOSE_SYMBOL_LEVEL,VND,2026-08-25T04:25:44Z,ff_hsx_symbol_daily_v1,afc324b425839539e5a671a5d58ceed2f8b0f1c3eae061a5f906e10c1050d1a8
2019-01-14,TCB,HOSE,0.0,0.0,0.0,0.0,0.0,0.0,0.0,0.0,0.0,0.0,25900.0,26050.0,25750.0,25850.0,25890.0,HSX_FOREIGN_API,HOSE_SYMBOL_LEVEL,VND,2026-08-25T04:25:44Z,ff_hsx_symbol_daily_v1,dfa4b8ebf5d4a88b3cc83271145760aebe1241516cd55b845f08b17164c145c0
2019-01-15,TCB,HOSE,11096774500.0,11096774500.0,0.0,401330.0,401330.0,0.0,11096774500.0,11096774500.0,401330.0,401330.0,25850.0,26500.0,25850.0,26500.0,26190.0,HSX_FOREIGN_API,HOSE_SYMBOL_LEVEL,VND,2026-08-25T04:25:44Z,ff_hsx_symbol_daily_v1,0e131f4743ca9f5b66f438fd170fb92f3cabd26c31c4e90a593ccec3d749e412
2019-01-16,TCB,HOSE,0.0,0.0,0.0,0.0,0.0,0.0,0.0,0.0,0.0,0.0,26600.0,26750.0,26450.0,26500.0,26560.0,HSX_FOREIGN_API,HOSE_SYMBOL_LEVEL,VND,2026-08-25T04:25:44Z,ff_hsx_symbol_daily_v1,c84c5d304bbeb413249cfc609617f5413ae1588a0081ee2aecd1f9884f38c259
2019-01-17,TCB,HOSE,4139100000.0,4139100000.0,0.0,146000.0,146000.0,0.0,4139100000.0,4139100000.0,146000.0,146000.0,26500.0,26850.0,26400.0,26650.0,26620.0,HSX_FOREIGN_API,HOSE_SYMBOL_LEVEL,VND,2026-08-25T04:25:44Z,ff_hsx_symbol_daily_v1,8055037c1efe3675c7f882ac4a1d85d9ed905cecb7a10a5854e8376ae3149d86
2019-01-18,TCB,HOSE,0.0,0.0,0.0,0.0,0.0,0.0,0.0,0.0,0.0,0.0,26800.0,26950.0,26500.0,26750.0,26720.0,HSX_FOREIGN_API,HOSE_SYMBOL_LEVEL,VND,2026-08-25T04:25:44Z,ff_hsx_symbol_daily_v1,aaf8ef0f687bef012d58d1a9ab43103d54b0016762f6dcee28931917a3fc5b49
2019-01-21,TCB,HOSE,0.0,0.0,0.0,0.0,0.0,0.0,0.0,0.0,0.0,0.0,26900.0,27500.0,26900.0,27400.0,27160.0,HSX_FOREIGN_API,HOSE_SYMBOL_LEVEL,VND,2026-08-25T04:25:44Z,ff_hsx_symbol_daily_v1,2a18b542c6942f68f9b11576d4f02db96e49da5c5aa3f42d720ea3bd7f06db34
2019-01-22,TCB,HOSE,0.0,0.0,0.0,0.0,0.0,0.0,0.0,0.0,0.0,0.0,27600.0,27600.0,26800.0,26800.0,27270.0,HSX_FOREIGN_API,HOSE_SYMBOL_LEVEL,VND,2026-08-25T04:25:44Z,ff_hsx_symbol_daily_v1,8df4bd4d7beac15a28fba402133f238f3f97871526addf9284482566320b91eb
2019-01-23,TCB,HOSE,635170500.0,635170500.0,0.0,22170.0,22170.0,0.0,635170500.0,635170500.0,22170.0,22170.0,26900.0,26900.0,26550.0,26550.0,26710.0,HSX_FOREIGN_API,HOSE_SYMBOL_LEVEL,VND,2026-08-25T04:25:44Z,ff_hsx_symbol_daily_v1,49ef1a639039ff50b6b92eafaf5219c93ce9bba640455830ad3b373595a715da
2019-01-24,TCB,HOSE,21300000000.0,21300000000.0,0.0,750000.0,750000.0,0.0,21300000000.0,21300000000.0,750000.0,750000.0,26700.0,26850.0,26450.0,26650.0,26620.0,HSX_FOREIGN_API,HOSE_SYMBOL_LEVEL,VND,2026-08-25T04:25:44Z,ff_hsx_symbol_daily_v1,020714e629b0d1e389819f3f025c2ab7233c8b83c05be95e76c8a4062fdb89d6
2019-01-25,TCB,HOSE,0.0,0.0,0.0,0.0,0.0,0.0,0.0,0.0,0.0,0.0,26950.0,27250.0,26650.0,26650.0,26920.0,HSX_FOREIGN_API,HOSE_SYMBOL_LEVEL,VND,2026-08-25T04:25:44Z,ff_hsx_symbol_daily_v1,f69a4e292c9adf7c2e8a48e8c46ac11bdea87709a17740b5446a0446d4888095
2019-01-28,TCB,HOSE,0.0,0.0,0.0,0.0,0.0,0.0,0.0,0.0,0.0,0.0,26750.0,26800.0,26050.0,26200.0,26370.0,HSX_FOREIGN_API,HOSE_SYMBOL_LEVEL,VND,2026-08-25T04:25:44Z,ff_hsx_symbol_daily_v1,096847a4079a9ec868ec4521e16f5d39fd512461eae45b86d74fe8c7fa19b679
2019-01-29,TCB,HOSE,28000000000.0,28000000000.0,0.0,1000000.0,1000000.0,0.0,28000000000.0,28000000000.0,1000000.0,1000000.0,26200.0,26500.0,25900.0,26500.0,26160.0,HSX_FOREIGN_API,HOSE_SYMBOL_LEVEL,VND,2026-08-25T04:25:44Z,ff_hsx_symbol_daily_v1,c10e5eadff2236640d7a8f8a56134c730cbc7fa685e1da989af5ce6695f3bd6d
2019-01-30,TCB,HOSE,31185000000.0,31185000000.0,0.0,1100000.0,1100000.0,0.0,31185000000.0,31185000000.0,1100000.0,1100000.0,26500.0,26700.0,26300.0,26600.0,26500.0,HSX_FOREIGN_API,HOSE_SYMBOL_LEVEL,VND,2026-08-25T04:25:44Z,ff_hsx_symbol_daily_v1,e47fbfa41463db248729346e17b38274d2ab14f8d09c935ad1cce1f31fa44b4b
2019-01-31,TCB,HOSE,618503000.0,618503000.0,0.0,21740.0,21740.0,0.0,618503000.0,618503000.0,21740.0,21740.0,26600.0,26600.0,26300.0,26500.0,26410.0,HSX_FOREIGN_API,HOSE_SYMBOL_LEVEL,VND,2026-08-25T04:25:44Z,ff_hsx_symbol_daily_v1,3696e579e2872731ea47b678e15faf87cc5cf16f6e7c24df8f50dd374fcfa962
2019-02-01,TCB,HOSE,0.0,0.0,0.0,0.0,0.0,0.0,0.0,0.0,0.0,0.0,26500.0,27200.0,26300.0,27200.0,27080.0,HSX_FOREIGN_API,HOSE_SYMBOL_LEVEL,VND,2026-08-25T04:25:44Z,ff_hsx_symbol_daily_v1,03063096abddb51d3902c8037fb07843d039e7063fb4380200aa1d9b5ea8803f
2019-02-11,TCB,HOSE,0.0,0.0,0.0,0.0,0.0,0.0,0.0,0.0,0.0,0.0,27000.0,27300.0,26800.0,27050.0,27080.0,HSX_FOREIGN_API,HOSE_SYMBOL_LEVEL,VND,2026-08-25T04:25:44Z,ff_hsx_symbol_daily_v1,2d76b1b16d878f331ab937aa442f0d9dfb9aa95c50377a6a2dbf09bc76c6a179
2019-02-12,TCB,HOSE,0.0,0.0,0.0,0.0,0.0,0.0,0.0,0.0,0.0,0.0,27150.0,27650.0,26950.0,27450.0,27450.0,HSX_FOREIGN_API,HOSE_SYMBOL_LEVEL,VND,2026-08-25T04:25:44Z,ff_hsx_symbol_daily_v1,4a5292aac01f7ca3bb9b163009fb80fcf2d1e5a9bea6ea9ca23cafa52a6623d7
2019-02-13,TCB,HOSE,0.0,0.0,0.0,0.0,0.0,0.0,0.0,0.0,0.0,0.0,27450.0,27750.0,27400.0,27550.0,27600.0,HSX_FOREIGN_API,HOSE_SYMBOL_LEVEL,VND,2026-08-25T04:25:44Z,ff_hsx_symbol_daily_v1,e3b4a2fa33590cbad44ace065bab74dd1e8fc92ed3890dffcada66bdb590cbc3
2019-02-14,TCB,HOSE,0.0,0.0,0.0,0.0,0.0,0.0,0.0,0.0,0.0,0.0,27500.0,27600.0,27250.0,27300.0,27410.0,HSX_FOREIGN_API,HOSE_SYMBOL_LEVEL,VND,2026-08-25T04:25:44Z,ff_hsx_symbol_daily_v1,f8aebdb72ba281d30cc700293fa1de472694326f7c2d06eded5d4887bf543e2a
2019-02-15,TCB,HOSE,615244000.0,615244000.0,0.0,21070.0,21070.0,0.0,615244000.0,615244000.0,21070.0,21070.0,27200.0,27650.0,27100.0,27250.0,27360.0,HSX_FOREIGN_API,HOSE_SYMBOL_LEVEL,VND,2026-08-25T04:25:44Z,ff_hsx_symbol_daily_v1,8157d2360760864fcf2e78097987b5d9babbfd85750fe6b0c7150b98b7583520
2019-02-18,TCB,HOSE,0.0,0.0,0.0,0.0,0.0,0.0,0.0,0.0,0.0,0.0,27300.0,27550.0,27250.0,27350.0,27370.0,HSX_FOREIGN_API,HOSE_SYMBOL_LEVEL,VND,2026-08-25T04:25:44Z,ff_hsx_symbol_daily_v1,20d3af0231649d71578840c28c60abb0ac3859c7b006ebda1a235dcd995b9324
2019-02-19,TCB,HOSE,0.0,0.0,0.0,0.0,0.0,0.0,0.0,0.0,0.0,0.0,27400.0,28200.0,27400.0,27550.0,27770.0,HSX_FOREIGN_API,HOSE_SYMBOL_LEVEL,VND,2026-08-25T04:25:44Z,ff_hsx_symbol_daily_v1,32ff5af29086596d73d88e2230840597d2798b985ca808b13baa34a6c2389c04
2019-02-20,TCB,HOSE,0.0,0.0,0.0,0.0,0.0,0.0,0.0,0.0,0.0,0.0,27650.0,27800.0,27450.0,27550.0,27630.0,HSX_FOREIGN_API,HOSE_SYMBOL_LEVEL,VND,2026-08-25T04:25:44Z,ff_hsx_symbol_daily_v1,cfe600a80cd47ae344189d0e7fae627d210be4efe29050350cdb8c5597a5a8f2
2019-02-21,TCB,HOSE,0.0,0.0,0.0,0.0,0.0,0.0,0.0,0.0,0.0,0.0,27600.0,27700.0,27300.0,27500.0,27490.0,HSX_FOREIGN_API,HOSE_SYMBOL_LEVEL,VND,2026-08-25T04:25:44Z,ff_hsx_symbol_daily_v1,d287e079899e53df649ce89bbf2d2a7438609d6f65661d2c8ce1de2c2361a558
2019-02-22,TCB,HOSE,0.0,0.0,0.0,0.0,0.0,0.0,0.0,0.0,0.0,0.0,27500.0,28000.0,27400.0,27700.0,27790.0,HSX_FOREIGN_API,HOSE_SYMBOL_LEVEL,VND,2026-08-25T04:25:44Z,ff_hsx_symbol_daily_v1,e4f531c35e0a1448b2de335cd57167aabed744e04b9d558678fcbf469ecd0dc2
2019-02-25,TCB,HOSE,5615712000.0,5615712000.0,0.0,189720.0,189720.0,0.0,5615712000.0,5615712000.0,189720.0,189720.0,27900.0,28000.0,27700.0,27750.0,27860.0,HSX_FOREIGN_API,HOSE_SYMBOL_LEVEL,VND,2026-08-25T04:25:44Z,ff_hsx_symbol_daily_v1,b37f16a7a76c37cfc7c6d0404cfb55a0d518682fff528eb5765b32898cd172cd
2019-02-26,TCB,HOSE,0.0,0.0,0.0,0.0,0.0,0.0,0.0,0.0,0.0,0.0,27700.0,27850.0,27250.0,27450.0,27560.0,HSX_FOREIGN_API,HOSE_SYMBOL_LEVEL,VND,2026-08-25T04:25:44Z,ff_hsx_symbol_daily_v1,95f5d0a54755cc54981c92113d0a8c673f7bc0aa6ae66a9a0fb3caa3f96d710f
2019-02-27,TCB,HOSE,7272930000.0,7272930000.0,0.0,247800.0,247800.0,0.0,7272930000.0,7272930000.0,247800.0,247800.0,27450.0,27500.0,27050.0,27200.0,27300.0,HSX_FOREIGN_API,HOSE_SYMBOL_LEVEL,VND,2026-08-25T04:25:44Z,ff_hsx_symbol_daily_v1,1f5e5849eaf8009c78988d1d4ba64559b8274ed676597c1035d6a941d6a599b6
2019-02-28,TCB,HOSE,0.0,92632500.0,-92632500.0,0.0,3450.0,-3450.0,0.0,0.0,0.0,0.0,27100.0,27200.0,26400.0,26500.0,26780.0,HSX_FOREIGN_API,HOSE_SYMBOL_LEVEL,VND,2026-08-25T04:25:44Z,ff_hsx_symbol_daily_v1,f31cd7ea72db220a4e8fb7b09d8964dd3ef12c215285f4f8112d4f36d685ca3e
2019-03-01,TCB,HOSE,3810240000.0,3810240000.0,0.0,134400.0,134400.0,0.0,3810240000.0,3810240000.0,134400.0,134400.0,26600.0,26850.0,26400.0,26600.0,26600.0,HSX_FOREIGN_API,HOSE_SYMBOL_LEVEL,VND,2026-08-25T04:25:44Z,ff_hsx_symbol_daily_v1,64404f2480ec36168c60e7f3772a60172ab6228ba7032650f4e131f112d27d78
2019-03-04,TCB,HOSE,0.0,0.0,0.0,0.0,0.0,0.0,0.0,0.0,0.0,0.0,26700.0,27100.0,26700.0,27000.0,26930.0,HSX_FOREIGN_API,HOSE_SYMBOL_LEVEL,VND,2026-08-25T04:25:44Z,ff_hsx_symbol_daily_v1,2470e63ad7f3e139f341b062c6bd6f3062c782e97f7be61e79a51ee2947d1965
2019-03-05,TCB,HOSE,2977632500.0,2933285000.0,44347500.0,103450.0,101800.0,1650.0,2885000000.0,2885000000.0,100000.0,100000.0,26850.0,27200.0,26700.0,26800.0,26960.0,HSX_FOREIGN_API,HOSE_SYMBOL_LEVEL,VND,2026-08-25T04:25:44Z,ff_hsx_symbol_daily_v1,dcd09f5fedd26894605052b869734b1481c04949dedf4f35a1a8bd4ed30dbc2b
2019-03-06,TCB,HOSE,0.0,0.0,0.0,0.0,0.0,0.0,0.0,0.0,0.0,0.0,26800.0,26900.0,26650.0,26800.0,26760.0,HSX_FOREIGN_API,HOSE_SYMBOL_LEVEL,VND,2026-08-25T04:25:44Z,ff_hsx_symbol_daily_v1,3930c57ed4ccb9d271668aa8a31efdb51fffb2aee81f208abd156e11cef276e8
2019-03-07,TCB,HOSE,0.0,0.0,0.0,0.0,0.0,0.0,0.0,0.0,0.0,0.0,26900.0,27050.0,26750.0,26750.0,26860.0,HSX_FOREIGN_API,HOSE_SYMBOL_LEVEL,VND,2026-08-25T04:25:44Z,ff_hsx_symbol_daily_v1,826bbcd7f4029347c173b4768725c9ccb3a205dfb089122861d48b9a25a6969e
2019-03-08,TCB,HOSE,47790000.0,0.0,47790000.0,1800.0,0.0,1800.0,0.0,0.0,0.0,0.0,26550.0,26650.0,26250.0,26250.0,26430.0,HSX_FOREIGN_API,HOSE_SYMBOL_LEVEL,VND,2026-08-25T04:25:44Z,ff_hsx_symbol_daily_v1,a98f73c34389b77697b4b8ff99568f411e2a190e870146e81108c36271a257be
2019-03-11,TCB,HOSE,0.0,0.0,0.0,0.0,0.0,0.0,0.0,0.0,0.0,0.0,26500.0,26500.0,26250.0,26300.0,26340.0,HSX_FOREIGN_API,HOSE_SYMBOL_LEVEL,VND,2026-08-25T04:25:44Z,ff_hsx_symbol_daily_v1,4748155c6930fffd8dbdc8cccc8045121581236473672cbbdc099e57153ccf6a
2019-03-12,TCB,HOSE,0.0,0.0,0.0,0.0,0.0,0.0,0.0,0.0,0.0,0.0,26600.0,26800.0,26250.0,26800.0,26510.0,HSX_FOREIGN_API,HOSE_SYMBOL_LEVEL,VND,2026-08-25T04:25:44Z,ff_hsx_symbol_daily_v1,90ad47eecaa9e04ac05d6bbbbd579ad40983be1e9e4f005bbdf744ee04157316
2019-03-13,TCB,HOSE,19999992000.0,19999992000.0,0.0,698080.0,698080.0,0.0,19999992000.0,19999992000.0,698080.0,698080.0,26900.0,27550.0,26900.0,27150.0,27290.0,HSX_FOREIGN_API,HOSE_SYMBOL_LEVEL,VND,2026-08-25T04:25:44Z,ff_hsx_symbol_daily_v1,f27ddbfeffb6a0ce548168ce0f69461ebc4c79d37aacff94894efc8a56fe6374
2019-03-14,TCB,HOSE,10033870000.0,10033870000.0,0.0,345400.0,345400.0,0.0,10033870000.0,10033870000.0,345400.0,345400.0,27200.0,27250.0,26900.0,26900.0,27070.0,HSX_FOREIGN_API,HOSE_SYMBOL_LEVEL,VND,2026-08-25T04:25:44Z,ff_hsx_symbol_daily_v1,e5abeaca0bdf18c511baee283cfb8d4906e99b9af50d5db30f328d9e2bc22e6d
2019-03-15,TCB,HOSE,0.0,0.0,0.0,0.0,0.0,0.0,0.0,0.0,0.0,0.0,26900.0,27200.0,26750.0,26850.0,26940.0,HSX_FOREIGN_API,HOSE_SYMBOL_LEVEL,VND,2026-08-25T04:25:44Z,ff_hsx_symbol_daily_v1,e7501bfbc5f1e166c507a76abe892bdf0d92c14b366a338fcdd6f6c6e5e80714
2019-03-18,TCB,HOSE,629965000.0,629965000.0,0.0,21950.0,21950.0,0.0,629965000.0,629965000.0,21950.0,21950.0,26950.0,27250.0,26800.0,27050.0,27070.0,HSX_FOREIGN_API,HOSE_SYMBOL_LEVEL,VND,2026-08-25T04:25:44Z,ff_hsx_symbol_daily_v1,4ae3bbca3e2927ccc507e8ddf84609eeff24ea6760dea6aec9acbab19de127fd
2019-03-19,TCB,HOSE,0.0,0.0,0.0,0.0,0.0,0.0,0.0,0.0,0.0,0.0,27050.0,27200.0,26700.0,26750.0,27010.0,HSX_FOREIGN_API,HOSE_SYMBOL_LEVEL,VND,2026-08-25T04:25:44Z,ff_hsx_symbol_daily_v1,0234de003b6e5a7a06ef55fcdf2a1ca4997dd4a51531bdac969f7a40b60d06d3
2019-03-20,TCB,HOSE,0.0,527345000.0,-527345000.0,0.0,19740.0,-19740.0,0.0,0.0,0.0,0.0,26750.0,26750.0,26400.0,26600.0,26570.0,HSX_FOREIGN_API,HOSE_SYMBOL_LEVEL,VND,2026-08-25T04:25:44Z,ff_hsx_symbol_daily_v1,cbfee79294adddf51179d12c595ea82cc378435d69611794043275708ab3992a
2019-03-21,TCB,HOSE,0.0,0.0,0.0,0.0,0.0,0.0,0.0,0.0,0.0,0.0,26750.0,26750.0,26100.0,26100.0,26360.0,HSX_FOREIGN_API,HOSE_SYMBOL_LEVEL,VND,2026-08-25T04:25:44Z,ff_hsx_symbol_daily_v1,35ef2dd4e89d9722551b1e2d3656cfd6cda5449bd00d7430f2a9b0077f1b4ce1
2019-03-22,TCB,HOSE,16265700000.0,16265700000.0,0.0,583000.0,583000.0,0.0,16265700000.0,16265700000.0,583000.0,583000.0,26150.0,26300.0,25950.0,26100.0,26070.0,HSX_FOREIGN_API,HOSE_SYMBOL_LEVEL,VND,2026-08-25T04:25:44Z,ff_hsx_symbol_daily_v1,1e1c6e8ac67f541d4133e294ecaf892194fb6a0947666b622beec07b5ea73786
2019-03-25,TCB,HOSE,503370000.0,0.0,503370000.0,19740.0,0.0,19740.0,0.0,0.0,0.0,0.0,25500.0,25900.0,25450.0,25600.0,25610.0,HSX_FOREIGN_API,HOSE_SYMBOL_LEVEL,VND,2026-08-25T04:25:44Z,ff_hsx_symbol_daily_v1,bd76ac6456c75d04a59705ceb0e98eba3d2c902f25b6762abccde7a0f58c8dd5
2019-03-26,TCB,HOSE,4594800000.0,5101424000.0,-506624000.0,168000.0,187790.0,-19790.0,4594800000.0,4594800000.0,168000.0,168000.0,25600.0,25900.0,25400.0,25500.0,25650.0,HSX_FOREIGN_API,HOSE_SYMBOL_LEVEL,VND,2026-08-25T04:25:44Z,ff_hsx_symbol_daily_v1,c42a4a99cb0e30b64f98c1268ce1fbe1f835f228a2283b16fe5ead7323c11cb4
2019-03-27,TCB,HOSE,0.0,0.0,0.0,0.0,0.0,0.0,0.0,0.0,0.0,0.0,25700.0,25800.0,25450.0,25750.0,25640.0,HSX_FOREIGN_API,HOSE_SYMBOL_LEVEL,VND,2026-08-25T04:25:44Z,ff_hsx_symbol_daily_v1,470ee0c1401949e393f38dc0cc9e6cbe172f2f0affa2cdfcae8f126238cef5a5
2019-03-28,TCB,HOSE,1377500000.0,1377500000.0,0.0,50000.0,50000.0,0.0,1377500000.0,1377500000.0,50000.0,50000.0,25650.0,25800.0,25550.0,25550.0,25640.0,HSX_FOREIGN_API,HOSE_SYMBOL_LEVEL,VND,2026-08-25T04:25:44Z,ff_hsx_symbol_daily_v1,d1c021c5e0775bc94372006c03bb95e34d6c76a914da9b879a0066734b353c51
2019-03-29,TCB,HOSE,112055891500.0,112024326500.0,31565000.0,4105880.0,4104580.0,1300.0,111550257000.0,111550257000.0,4086090.0,4086090.0,25550.0,25800.0,25550.0,25600.0,25640.0,HSX_FOREIGN_API,HOSE_SYMBOL_LEVEL,VND,2026-08-25T04:25:44Z,ff_hsx_symbol_daily_v1,305138f9ff4db33ba9b679b1d8544d1296993e1cdaeed8dbd83b3fa8f2e94942
2019-04-01,TCB,HOSE,0.0,0.0,0.0,0.0,0.0,0.0,0.0,0.0,0.0,0.0,25700.0,25700.0,25500.0,25550.0,25570.0,HSX_FOREIGN_API,HOSE_SYMBOL_LEVEL,VND,2026-08-25T04:25:44Z,ff_hsx_symbol_daily_v1,5b980d2de7ba9bd74e866e52a4dc16cc41a71951457d410a20631323e4a23ade
2019-04-02,TCB,HOSE,0.0,0.0,0.0,0.0,0.0,0.0,0.0,0.0,0.0,0.0,25700.0,25850.0,25450.0,25500.0,25640.0,HSX_FOREIGN_API,HOSE_SYMBOL_LEVEL,VND,2026-08-25T04:25:44Z,ff_hsx_symbol_daily_v1,e21a5992c8eed225d679b3a6d121d23bb4b98e1f5e3e8918e2f58ead8639c6d3
2019-04-03,TCB,HOSE,471495000.0,0.0,471495000.0,18490.0,0.0,18490.0,0.0,0.0,0.0,0.0,25500.0,25600.0,25400.0,25450.0,25480.0,HSX_FOREIGN_API,HOSE_SYMBOL_LEVEL,VND,2026-08-25T04:25:44Z,ff_hsx_symbol_daily_v1,e0f59ee8c24d6740c4e2cca83afe26d79687ea524d8a8cbf44a2b3cb1026e845
2019-04-04,TCB,HOSE,553248000.0,553248000.0,0.0,20340.0,20340.0,0.0,553248000.0,553248000.0,20340.0,20340.0,25500.0,25550.0,25300.0,25450.0,25440.0,HSX_FOREIGN_API,HOSE_SYMBOL_LEVEL,VND,2026-08-25T04:25:44Z,ff_hsx_symbol_daily_v1,d2173ac3df0f1435cfdfcd669910f84a9b98d77cb44a785a941bc18ba14cb1dc
2019-04-05,TCB,HOSE,0.0,0.0,0.0,0.0,0.0,0.0,0.0,0.0,0.0,0.0,25500.0,25500.0,25400.0,25400.0,25440.0,HSX_FOREIGN_API,HOSE_SYMBOL_LEVEL,VND,2026-08-25T04:25:44Z,ff_hsx_symbol_daily_v1,ac0553734c8226d0229723e8d69a507b3ebe009e4a59a853a9e6ddcc5fe1762c
2019-04-08,TCB,HOSE,0.0,0.0,0.0,0.0,0.0,0.0,0.0,0.0,0.0,0.0,25400.0,25400.0,25100.0,25250.0,25220.0,HSX_FOREIGN_API,HOSE_SYMBOL_LEVEL,VND,2026-08-25T04:25:44Z,ff_hsx_symbol_daily_v1,3274f23e4deab19f147f3d8f7b155932b80069de83ddcad91d4e67e7ec8887a1
2019-04-09,TCB,HOSE,0.0,0.0,0.0,0.0,0.0,0.0,0.0,0.0,0.0,0.0,25400.0,25650.0,25250.0,25350.0,25460.0,HSX_FOREIGN_API,HOSE_SYMBOL_LEVEL,VND,2026-08-25T04:25:44Z,ff_hsx_symbol_daily_v1,f706b04dd044b893ffd41c7aca2adc7c35c882a5d8945deded4c0ca8b7feb4c5
2019-04-10,TCB,HOSE,546336000.0,546336000.0,0.0,20160.0,20160.0,0.0,546336000.0,546336000.0,20160.0,20160.0,25300.0,25500.0,25000.0,25100.0,25160.0,HSX_FOREIGN_API,HOSE_SYMBOL_LEVEL,VND,2026-08-25T04:25:44Z,ff_hsx_symbol_daily_v1,98f22137a89eee1dcfcacb1b0bb3eb722eb867405987a4be6d6c7615666909ff
2019-04-11,TCB,HOSE,0.0,0.0,0.0,0.0,0.0,0.0,0.0,0.0,0.0,0.0,25050.0,25200.0,25000.0,25100.0,25070.0,HSX_FOREIGN_API,HOSE_SYMBOL_LEVEL,VND,2026-08-25T04:25:44Z,ff_hsx_symbol_daily_v1,0b8456327ccbd6981daf593b5c724442d8b08bc40878156eaa0bfab997f43c45
2019-04-12,TCB,HOSE,0.0,0.0,0.0,0.0,0.0,0.0,0.0,0.0,0.0,0.0,25000.0,25100.0,24850.0,24900.0,24940.0,HSX_FOREIGN_API,HOSE_SYMBOL_LEVEL,VND,2026-08-25T04:25:44Z,ff_hsx_symbol_daily_v1,a007aeb7d1035146a566a8cfe1eed2213ec86f10949d146a7affa27925aca953
2019-04-16,TCB,HOSE,14276175000.0,14767449500.0,-491274500.0,563550.0,583480.0,-19930.0,14276175000.0,14276175000.0,563550.0,563550.0,24650.0,24750.0,24400.0,24550.0,24550.0,HSX_FOREIGN_API,HOSE_SYMBOL_LEVEL,VND,2026-08-25T04:25:44Z,ff_hsx_symbol_daily_v1,5149229442277fedceffed8ae5e40ff86ba0fd77854547287e7e1f5d7eb3239d
2019-04-17,TCB,HOSE,0.0,0.0,0.0,0.0,0.0,0.0,0.0,0.0,0.0,0.0,24750.0,25050.0,24650.0,24750.0,24860.0,HSX_FOREIGN_API,HOSE_SYMBOL_LEVEL,VND,2026-08-25T04:25:44Z,ff_hsx_symbol_daily_v1,5439632ca5a33c33c061bfeedd27e2b145771d3b0a254d3d5b38a10b35aeff79
2019-04-18,TCB,HOSE,0.0,0.0,0.0,0.0,0.0,0.0,0.0,0.0,0.0,0.0,24750.0,24800.0,24250.0,24250.0,24440.0,HSX_FOREIGN_API,HOSE_SYMBOL_LEVEL,VND,2026-08-25T04:25:44Z,ff_hsx_symbol_daily_v1,94e04c649e6be91a5473020ed24e0472eb2421c3f7257ae75037afd889469588
2019-04-19,TCB,HOSE,488285000.0,0.0,488285000.0,19930.0,0.0,19930.0,0.0,0.0,0.0,0.0,24500.0,24500.0,24200.0,24200.0,24270.0,HSX_FOREIGN_API,HOSE_SYMBOL_LEVEL,VND,2026-08-25T04:25:44Z,ff_hsx_symbol_daily_v1,ab7ca82b05c1c2f3c8a3b6d39953c66f07b62e2d7bf73ec1dbea925342aae744
2019-04-22,TCB,HOSE,0.0,0.0,0.0,0.0,0.0,0.0,0.0,0.0,0.0,0.0,24200.0,24300.0,23650.0,23750.0,23820.0,HSX_FOREIGN_API,HOSE_SYMBOL_LEVEL,VND,2026-08-25T04:25:44Z,ff_hsx_symbol_daily_v1,f0250e41181598dbfd1c70b2ea2645f0ecda8f52ca25fa10433a03ed261aa63c
2019-04-23,TCB,HOSE,2209800000.0,2209800000.0,0.0,87000.0,87000.0,0.0,2209800000.0,2209800000.0,87000.0,87000.0,23600.0,23850.0,23550.0,23600.0,23670.0,HSX_FOREIGN_API,HOSE_SYMBOL_LEVEL,VND,2026-08-25T04:25:44Z,ff_hsx_symbol_daily_v1,961c9644b8209692a04cfa3266fb1e35e4cae8d6f0ba0766bf6f04e60d6c8fba
2019-04-24,TCB,HOSE,571155000.0,571155000.0,0.0,22620.0,22620.0,0.0,571155000.0,571155000.0,22620.0,22620.0,23700.0,24350.0,23700.0,24350.0,24020.0,HSX_FOREIGN_API,HOSE_SYMBOL_LEVEL,VND,2026-08-25T04:25:44Z,ff_hsx_symbol_daily_v1,6516dd729831a46b3e5d32825740128785c1704dfb0fea4923374b30ddf21e5a
2019-04-25,TCB,HOSE,143108115500.0,143108115500.0,0.0,5877130.0,5877130.0,0.0,143108115500.0,143108115500.0,5877130.0,5877130.0,24400.0,24400.0,24150.0,24150.0,24260.0,HSX_FOREIGN_API,HOSE_SYMBOL_LEVEL,VND,2026-08-25T04:25:44Z,ff_hsx_symbol_daily_v1,ba09a3d87f3175acf5cf0cbd54d73caed8b8290b1bfc0152acdaa4c094e98a1d
2019-04-26,TCB,HOSE,0.0,0.0,0.0,0.0,0.0,0.0,0.0,0.0,0.0,0.0,24050.0,24200.0,24000.0,24150.0,24110.0,HSX_FOREIGN_API,HOSE_SYMBOL_LEVEL,VND,2026-08-25T04:25:44Z,ff_hsx_symbol_daily_v1,764145935c708e690af7373df14fe1361074b009fd661ff1e3875cbbf6abc985
2019-05-02,TCB,HOSE,113931303600.0,113931303600.0,0.0,4415942.0,4415942.0,0.0,113931303600.0,113931303600.0,4415942.0,4415942.0,24100.0,24200.0,23800.0,23850.0,23900.0,HSX_FOREIGN_API,HOSE_SYMBOL_LEVEL,VND,2026-08-25T04:25:44Z,ff_hsx_symbol_daily_v1,af53e8ad835050507feb1d25ac43a3f90be0d59a51958d826efd44464698abe7
2019-05-03,TCB,HOSE,0.0,0.0,0.0,0.0,0.0,0.0,0.0,0.0,0.0,0.0,23850.0,24000.0,23650.0,24000.0,23930.0,HSX_FOREIGN_API,HOSE_SYMBOL_LEVEL,VND,2026-08-25T04:25:44Z,ff_hsx_symbol_daily_v1,fc7aaf78851c13e7ea834b16f6c0e8d48229e0c7d359a9f4016a1b63f2add1fa
2019-05-06,TCB,HOSE,0.0,0.0,0.0,0.0,0.0,0.0,0.0,0.0,0.0,0.0,23650.0,23900.0,23100.0,23300.0,23520.0,HSX_FOREIGN_API,HOSE_SYMBOL_LEVEL,VND,2026-08-25T04:25:44Z,ff_hsx_symbol_daily_v1,3a792283520b198b4796a8c0b3ace5faf139a4d4c8c08850a76ff1ae36465aca
2019-05-07,TCB,HOSE,0.0,0.0,0.0,0.0,0.0,0.0,0.0,0.0,0.0,0.0,23700.0,23700.0,23100.0,23200.0,23320.0,HSX_FOREIGN_API,HOSE_SYMBOL_LEVEL,VND,2026-08-25T04:25:44Z,ff_hsx_symbol_daily_v1,60aa47a4c29274fe3a873fd8ffa0d36912107a5be04692da0d8e0ab00305baa8
2019-05-08,TCB,HOSE,16627370280.0,16627370280.0,0.0,675630.0,675630.0,0.0,16627370280.0,16627370280.0,675630.0,675630.0,23000.0,23000.0,22650.0,22950.0,22910.0,HSX_FOREIGN_API,HOSE_SYMBOL_LEVEL,VND,2026-08-25T04:25:44Z,ff_hsx_symbol_daily_v1,3ebd8a12c2f1c160cb53f7a37622ca3f988f1390dc871ef8597499b229577035
2019-05-09,TCB,HOSE,245500000000.0,245500000000.0,0.0,10000000.0,10000000.0,0.0,245500000000.0,245500000000.0,10000000.0,10000000.0,22900.0,23200.0,22800.0,22800.0,23000.0,HSX_FOREIGN_API,HOSE_SYMBOL_LEVEL,VND,2026-08-25T04:25:44Z,ff_hsx_symbol_daily_v1,e9af48aeaf8f27526d4dafd549765bf16f3585ad1651d4e40450d66aad1061dd
2019-05-10,TCB,HOSE,0.0,0.0,0.0,0.0,0.0,0.0,0.0,0.0,0.0,0.0,23000.0,23150.0,22800.0,23150.0,23010.0,HSX_FOREIGN_API,HOSE_SYMBOL_LEVEL,VND,2026-08-25T04:25:44Z,ff_hsx_symbol_daily_v1,a4b0a81ea21a71f2130f8cbd8a966a6dfcc92aa7375714a41a92e3db145982dd
2019-05-13,TCB,HOSE,173782125000.0,173782125000.0,0.0,7021500.0,7021500.0,0.0,173782125000.0,173782125000.0,7021500.0,7021500.0,23250.0,23300.0,23100.0,23200.0,23200.0,HSX_FOREIGN_API,HOSE_SYMBOL_LEVEL,VND,2026-08-25T04:25:44Z,ff_hsx_symbol_daily_v1,7cfc1c4cced42bbaeb05bae82b1a04ed3cc0d4a8505659c5fd827ff6634c1902
2019-05-14,TCB,HOSE,0.0,0.0,0.0,0.0,0.0,0.0,0.0,0.0,0.0,0.0,23000.0,23200.0,22850.0,23000.0,22970.0,HSX_FOREIGN_API,HOSE_SYMBOL_LEVEL,VND,2026-08-25T04:25:44Z,ff_hsx_symbol_daily_v1,246dc47a28d748e741ca0c345a6d383e9bf196c8337840d2a7eb833baaa1fed2
2019-05-15,TCB,HOSE,0.0,0.0,0.0,0.0,0.0,0.0,0.0,0.0,0.0,0.0,23100.0,24050.0,23000.0,23950.0,23480.0,HSX_FOREIGN_API,HOSE_SYMBOL_LEVEL,VND,2026-08-25T04:25:44Z,ff_hsx_symbol_daily_v1,e8a8e5d8a8c3927ca02cae95ecbf4fa08fff050bfbcdbd27dae55129b05b1979
2019-05-16,TCB,HOSE,89875200000.0,89875200000.0,0.0,3510750.0,3510750.0,0.0,89875200000.0,89875200000.0,3510750.0,3510750.0,24100.0,24100.0,23650.0,23750.0,23810.0,HSX_FOREIGN_API,HOSE_SYMBOL_LEVEL,VND,2026-08-25T04:25:44Z,ff_hsx_symbol_daily_v1,fff5c5c2909ec6836eea48190fb227d9b135d677706dc43b7a6505480fc5d9a4
2019-05-17,TCB,HOSE,0.0,0.0,0.0,0.0,0.0,0.0,0.0,0.0,0.0,0.0,23700.0,23800.0,23550.0,23600.0,23620.0,HSX_FOREIGN_API,HOSE_SYMBOL_LEVEL,VND,2026-08-25T04:25:44Z,ff_hsx_symbol_daily_v1,edb36fbb5b2e0300250e83f8bfece2f46de1aefa7cd87b8ce5e417129bb97618
2019-05-20,TCB,HOSE,905465000.0,905465000.0,0.0,35860.0,35860.0,0.0,905465000.0,905465000.0,35860.0,35860.0,23550.0,23900.0,23400.0,23850.0,23720.0,HSX_FOREIGN_API,HOSE_SYMBOL_LEVEL,VND,2026-08-25T04:25:44Z,ff_hsx_symbol_daily_v1,57c8a5af3a7ef65e13ad7cdce38dc17723ceae0e8ed62195c434354fa6baa2a6
2019-05-21,TCB,HOSE,0.0,0.0,0.0,0.0,0.0,0.0,0.0,0.0,0.0,0.0,23850.0,24300.0,23850.0,24050.0,24110.0,HSX_FOREIGN_API,HOSE_SYMBOL_LEVEL,VND,2026-08-25T04:25:44Z,ff_hsx_symbol_daily_v1,234a5b62e856026c30afaaae0282bf6fe42c53f8fd2a2a723612337df57f666a
2019-05-22,TCB,HOSE,0.0,0.0,0.0,0.0,0.0,0.0,0.0,0.0,0.0,0.0,24100.0,24200.0,23700.0,23700.0,23960.0,HSX_FOREIGN_API,HOSE_SYMBOL_LEVEL,VND,2026-08-25T04:25:44Z,ff_hsx_symbol_daily_v1,7abbc1d5732e9f1327ac11ba85769e0ceb587b31184ccbd262f52c85ecd88786
2019-05-23,TCB,HOSE,0.0,0.0,0.0,0.0,0.0,0.0,0.0,0.0,0.0,0.0,23650.0,23850.0,23550.0,23650.0,23700.0,HSX_FOREIGN_API,HOSE_SYMBOL_LEVEL,VND,2026-08-25T04:25:44Z,ff_hsx_symbol_daily_v1,22f1fd30fedf9b3b7accd8857c88d87c0f097f891313932815afea089c887527
2019-05-24,TCB,HOSE,92767510000.0,92767510000.0,0.0,3666700.0,3666700.0,0.0,92767510000.0,92767510000.0,3666700.0,3666700.0,23550.0,23700.0,23200.0,23200.0,23460.0,HSX_FOREIGN_API,HOSE_SYMBOL_LEVEL,VND,2026-08-25T04:25:44Z,ff_hsx_symbol_daily_v1,a924e685e60ed1694f2b632674c4a1d6784d16520f3c2faa31770123648a1f58
2019-05-27,TCB,HOSE,0.0,0.0,0.0,0.0,0.0,0.0,0.0,0.0,0.0,0.0,23200.0,23350.0,23100.0,23150.0,23210.0,HSX_FOREIGN_API,HOSE_SYMBOL_LEVEL,VND,2026-08-25T04:25:44Z,ff_hsx_symbol_daily_v1,96827724eb855f6686b0e25a83d61d6431d87ffb35614f3768f49b26ecfd514d
2019-05-28,TCB,HOSE,0.0,0.0,0.0,0.0,0.0,0.0,0.0,0.0,0.0,0.0,23100.0,23400.0,22900.0,23100.0,23060.0,HSX_FOREIGN_API,HOSE_SYMBOL_LEVEL,VND,2026-08-25T04:25:44Z,ff_hsx_symbol_daily_v1,d3a8e2454943b8f317ea5cf27844f64e0bbd7d8a8dc4bb9706530213e5191e84
2019-05-29,TCB,HOSE,0.0,0.0,0.0,0.0,0.0,0.0,0.0,0.0,0.0,0.0,23050.0,23100.0,22750.0,22750.0,22900.0,HSX_FOREIGN_API,HOSE_SYMBOL_LEVEL,VND,2026-08-25T04:25:44Z,ff_hsx_symbol_daily_v1,9c6df3a26816afba5688e9e8ee7790d6d43754622810dec96bd68e4e0acd8864
2019-05-30,TCB,HOSE,0.0,0.0,0.0,0.0,0.0,0.0,0.0,0.0,0.0,0.0,22750.0,23050.0,22500.0,22950.0,22810.0,HSX_FOREIGN_API,HOSE_SYMBOL_LEVEL,VND,2026-08-25T04:25:44Z,ff_hsx_symbol_daily_v1,c6d7b96583f09ef0076f088c84930699d46658de83a8389ec8375651ac7a5c88
2019-05-31,TCB,HOSE,0.0,0.0,0.0,0.0,0.0,0.0,0.0,0.0,0.0,0.0,22950.0,23000.0,22600.0,22600.0,22760.0,HSX_FOREIGN_API,HOSE_SYMBOL_LEVEL,VND,2026-08-25T04:25:44Z,ff_hsx_symbol_daily_v1,3151146ac4c691ebd5d6e983aa386d1b406e27a55a4446eea77e1e3d1dcd35f9
2019-06-03,TCB,HOSE,22465296000.0,22465296000.0,0.0,930240.0,930240.0,0.0,22465296000.0,22465296000.0,930240.0,930240.0,22400.0,22500.0,21500.0,21500.0,21960.0,HSX_FOREIGN_API,HOSE_SYMBOL_LEVEL,VND,2026-08-25T04:25:44Z,ff_hsx_symbol_daily_v1,9d3ab577ec1ca8d36c2830c817180a3d54088c3ae8a290effd3ded63afedf576
2019-06-04,TCB,HOSE,34500000000.0,34500000000.0,0.0,1500000.0,1500000.0,0.0,34500000000.0,34500000000.0,1500000.0,1500000.0,21750.0,21800.0,21100.0,21200.0,21380.0,HSX_FOREIGN_API,HOSE_SYMBOL_LEVEL,VND,2026-08-25T04:25:44Z,ff_hsx_symbol_daily_v1,a5003b36d3f8c95876464cbc8b7828716d5abe90c7e05b14fbd0176c0301b54a
2019-06-05,TCB,HOSE,0.0,0.0,0.0,0.0,0.0,0.0,0.0,0.0,0.0,0.0,21600.0,21800.0,21300.0,21300.0,21510.0,HSX_FOREIGN_API,HOSE_SYMBOL_LEVEL,VND,2026-08-25T04:25:44Z,ff_hsx_symbol_daily_v1,53a41651c2710c69199e0700531751172d88c12f25b51d7850713d0a4f4382ba
2019-06-06,TCB,HOSE,0.0,0.0,0.0,0.0,0.0,0.0,0.0,0.0,0.0,0.0,21300.0,21500.0,20900.0,21350.0,21200.0,HSX_FOREIGN_API,HOSE_SYMBOL_LEVEL,VND,2026-08-25T04:25:44Z,ff_hsx_symbol_daily_v1,fc33448462846ecb675bf5e23b0625c3e4e3283d5b20d504752a52a4525df2f8
2019-06-07,TCB,HOSE,0.0,0.0,0.0,0.0,0.0,0.0,0.0,0.0,0.0,0.0,21350.0,21600.0,21350.0,21600.0,21460.0,HSX_FOREIGN_API,HOSE_SYMBOL_LEVEL,VND,2026-08-25T04:25:44Z,ff_hsx_symbol_daily_v1,67014b689619c344d9a86968c9f86f610642d5b8cb9724551d9d1011beb64194
2019-06-10,TCB,HOSE,10294284000.0,10480892000.0,-186608000.0,445640.0,454200.0,-8560.0,10294284000.0,10294284000.0,445640.0,445640.0,21800.0,21900.0,21300.0,21500.0,21610.0,HSX_FOREIGN_API,HOSE_SYMBOL_LEVEL,VND,2026-08-25T04:25:44Z,ff_hsx_symbol_daily_v1,b026f993d6cf9d20ef41a75e0691e07ea665a041618e26750db730db03b7dbf4
2019-06-11,TCB,HOSE,6900000000.0,6900000000.0,0.0,300000.0,300000.0,0.0,6900000000.0,6900000000.0,300000.0,300000.0,21500.0,21700.0,21450.0,21500.0,21550.0,HSX_FOREIGN_API,HOSE_SYMBOL_LEVEL,VND,2026-08-25T04:25:44Z,ff_hsx_symbol_daily_v1,18a72ab194209d0f4d87ada887c85aa7bf553a841c3ddc0465b26161d7d640b5
2019-06-12,TCB,HOSE,0.0,0.0,0.0,0.0,0.0,0.0,0.0,0.0,0.0,0.0,21500.0,21600.0,21300.0,21300.0,21450.0,HSX_FOREIGN_API,HOSE_SYMBOL_LEVEL,VND,2026-08-25T04:25:44Z,ff_hsx_symbol_daily_v1,9ae55518582e06311ba680785b54caad548d4b27610c86cdc07d4c9b87f9ce8e
2019-06-13,TCB,HOSE,182328000.0,0.0,182328000.0,8560.0,0.0,8560.0,0.0,0.0,0.0,0.0,21300.0,21300.0,21100.0,21150.0,21220.0,HSX_FOREIGN_API,HOSE_SYMBOL_LEVEL,VND,2026-08-25T04:25:44Z,ff_hsx_symbol_daily_v1,9b0229b204cffc25421915ae56cd425e2f456c80b225e2c2d6c975d414fe0a83
2019-06-14,TCB,HOSE,452000000.0,452000000.0,0.0,20000.0,20000.0,0.0,452000000.0,452000000.0,20000.0,20000.0,21200.0,21450.0,21200.0,21200.0,21320.0,HSX_FOREIGN_API,HOSE_SYMBOL_LEVEL,VND,2026-08-25T04:25:44Z,ff_hsx_symbol_daily_v1,cedf1f8b389c7db29f96cc61c91226ab3a8150776f22333ae8f407426678c60b
2019-06-17,TCB,HOSE,0.0,0.0,0.0,0.0,0.0,0.0,0.0,0.0,0.0,0.0,21300.0,21350.0,20800.0,20800.0,20970.0,HSX_FOREIGN_API,HOSE_SYMBOL_LEVEL,VND,2026-08-25T04:25:44Z,ff_hsx_symbol_daily_v1,ca0fe7d427059c79785d10101da849aa4351e983e8888f2873656e9931db8f05
2019-06-18,TCB,HOSE,11125000000.0,11125000000.0,0.0,500000.0,500000.0,0.0,11125000000.0,11125000000.0,500000.0,500000.0,20900.0,20950.0,20100.0,20300.0,20300.0,HSX_FOREIGN_API,HOSE_SYMBOL_LEVEL,VND,2026-08-25T04:25:44Z,ff_hsx_symbol_daily_v1,c69c68efa50398ccbd7ca0264af47a71728ba07b0406949d50a823d472f71949
2019-06-19,TCB,HOSE,0.0,0.0,0.0,0.0,0.0,0.0,0.0,0.0,0.0,0.0,20600.0,20650.0,20000.0,20100.0,20230.0,HSX_FOREIGN_API,HOSE_SYMBOL_LEVEL,VND,2026-08-25T04:25:44Z,ff_hsx_symbol_daily_v1,284ab67a5c2abc2e6383c3582789426e05eca355bfc9124d5a774423b7a99465
2019-06-20,TCB,HOSE,0.0,0.0,0.0,0.0,0.0,0.0,0.0,0.0,0.0,0.0,20200.0,20800.0,20150.0,20600.0,20570.0,HSX_FOREIGN_API,HOSE_SYMBOL_LEVEL,VND,2026-08-25T04:25:44Z,ff_hsx_symbol_daily_v1,9cc2fe3ab9d60a0b2a3dbb1d704f39fd7869102dc7d338212a270f0507dfdbba
2019-06-21,TCB,HOSE,440000000.0,440000000.0,0.0,20000.0,20000.0,0.0,440000000.0,440000000.0,20000.0,20000.0,20800.0,21100.0,20700.0,20800.0,20880.0,HSX_FOREIGN_API,HOSE_SYMBOL_LEVEL,VND,2026-08-25T04:25:44Z,ff_hsx_symbol_daily_v1,932c84290c213bfa7bdfdde925aad9ec549bb7cc39e4f132394d56d44f5c7d57
2019-06-24,TCB,HOSE,5555602500.0,5555602500.0,0.0,249690.0,249690.0,0.0,5555602500.0,5555602500.0,249690.0,249690.0,20700.0,21050.0,20650.0,20900.0,20830.0,HSX_FOREIGN_API,HOSE_SYMBOL_LEVEL,VND,2026-08-25T04:25:44Z,ff_hsx_symbol_daily_v1,bd7032f1ed92f657a479b2dab6f05ab79816c3c17234056b2c4189d308465e3b
2019-06-25,TCB,HOSE,2492248500.0,2492248500.0,0.0,111510.0,111510.0,0.0,2492248500.0,2492248500.0,111510.0,111510.0,20650.0,20900.0,20650.0,20750.0,20800.0,HSX_FOREIGN_API,HOSE_SYMBOL_LEVEL,VND,2026-08-25T04:25:44Z,ff_hsx_symbol_daily_v1,09020a917e44d17da306f5835e4906a9fe743b7485319ba980e9c9a55f0ae482
2019-06-26,TCB,HOSE,0.0,0.0,0.0,0.0,0.0,0.0,0.0,0.0,0.0,0.0,20550.0,20700.0,20300.0,20400.0,20480.0,HSX_FOREIGN_API,HOSE_SYMBOL_LEVEL,VND,2026-08-25T04:25:44Z,ff_hsx_symbol_daily_v1,9d9681c3f272e71ba4b63437f58d84de9936b9b415869ff59a8286d8eefc7215
2019-06-27,TCB,HOSE,3084482000.0,3084482000.0,0.0,141490.0,141490.0,0.0,3084482000.0,3084482000.0,141490.0,141490.0,20400.0,20500.0,20200.0,20200.0,20390.0,HSX_FOREIGN_API,HOSE_SYMBOL_LEVEL,VND,2026-08-25T04:25:44Z,ff_hsx_symbol_daily_v1,5a9392ec10cbeaeeb102d4eeac099b2984c509e564d3d981b650ca931622f92b
2019-06-28,TCB,HOSE,4378536000.0,4378536000.0,0.0,202710.0,202710.0,0.0,4378536000.0,4378536000.0,202710.0,202710.0,20350.0,20400.0,19950.0,20350.0,20140.0,HSX_FOREIGN_API,HOSE_SYMBOL_LEVEL,VND,2026-08-25T04:25:44Z,ff_hsx_symbol_daily_v1,b16b0a62a970c505c15d51cdaafc938568d3ddd462b6f7f185f71ba6ac960541
2019-07-01,TCB,HOSE,0.0,0.0,0.0,0.0,0.0,0.0,0.0,0.0,0.0,0.0,20550.0,21100.0,20550.0,21000.0,20860.0,HSX_FOREIGN_API,HOSE_SYMBOL_LEVEL,VND,2026-08-25T04:25:44Z,ff_hsx_symbol_daily_v1,ee35d2242d3ddc062ae7d9c4bb9896f78d84da37cc445ca0a4c141eb6c18f201
2019-07-02,TCB,HOSE,0.0,0.0,0.0,0.0,0.0,0.0,0.0,0.0,0.0,0.0,21100.0,21250.0,20750.0,20900.0,21010.0,HSX_FOREIGN_API,HOSE_SYMBOL_LEVEL,VND,2026-08-25T04:25:44Z,ff_hsx_symbol_daily_v1,26b575693413eeb79ca950ec01cb1c810697e1d8570f33f6316ced52c8d21f95
2019-07-03,TCB,HOSE,0.0,0.0,0.0,0.0,0.0,0.0,0.0,0.0,0.0,0.0,20750.0,21000.0,20650.0,20800.0,20790.0,HSX_FOREIGN_API,HOSE_SYMBOL_LEVEL,VND,2026-08-25T04:25:44Z,ff_hsx_symbol_daily_v1,5e50587c24f04cbd41e5245803259f4d86c1c70721d592e1c1f5afc17453b925
2019-07-04,TCB,HOSE,4359220000.0,4359220000.0,0.0,195920.0,195920.0,0.0,4359220000.0,4359220000.0,195920.0,195920.0,20850.0,21500.0,20800.0,21400.0,21190.0,HSX_FOREIGN_API,HOSE_SYMBOL_LEVEL,VND,2026-08-25T04:25:44Z,ff_hsx_symbol_daily_v1,b77f13ff32256092bbd3304bf98fd2bfd9ea744d022dfe13f1043646c4939d8e
2019-07-05,TCB,HOSE,0.0,0.0,0.0,0.0,0.0,0.0,0.0,0.0,0.0,0.0,21450.0,21600.0,21200.0,21350.0,21370.0,HSX_FOREIGN_API,HOSE_SYMBOL_LEVEL,VND,2026-08-25T04:25:44Z,ff_hsx_symbol_daily_v1,9287601c0ae49299baea88ca47cc3fe384ff6dee59cedd0a8b7717369d6ebc4b
2019-07-08,TCB,HOSE,916560000.0,916560000.0,0.0,40200.0,40200.0,0.0,916560000.0,916560000.0,40200.0,40200.0,21300.0,21350.0,20550.0,20900.0,20870.0,HSX_FOREIGN_API,HOSE_SYMBOL_LEVEL,VND,2026-08-25T04:25:44Z,ff_hsx_symbol_daily_v1,031a98c4d441d8c8189d4f169708ad294c33a6ea710f18b5b37e7c59fba7835e
2019-07-09,TCB,HOSE,10220431500.0,10220431500.0,0.0,457290.0,457290.0,0.0,10220431500.0,10220431500.0,457290.0,457290.0,20700.0,20900.0,20600.0,20700.0,20740.0,HSX_FOREIGN_API,HOSE_SYMBOL_LEVEL,VND,2026-08-25T04:25:44Z,ff_hsx_symbol_daily_v1,2336af7c2bcebb189f03c9999f39fcaff73e7a0c2b1383ec0c55591164859869
2019-07-10,TCB,HOSE,0.0,0.0,0.0,0.0,0.0,0.0,0.0,0.0,0.0,0.0,20850.0,21000.0,20700.0,20700.0,20830.0,HSX_FOREIGN_API,HOSE_SYMBOL_LEVEL,VND,2026-08-25T04:25:44Z,ff_hsx_symbol_daily_v1,72875057c3e073482527407d71b4d98e973df386fc2c7a4852fe893baf59d632
2019-07-11,TCB,HOSE,17493918000.0,17493918000.0,0.0,791580.0,791580.0,0.0,17493918000.0,17493918000.0,791580.0,791580.0,20900.0,21100.0,20800.0,21000.0,20940.0,HSX_FOREIGN_API,HOSE_SYMBOL_LEVEL,VND,2026-08-25T04:25:44Z,ff_hsx_symbol_daily_v1,5ed953fc25cef9f2b6032e3db9388f0358b6a07c3da8e5e10587457b23d59890
2019-07-12,TCB,HOSE,0.0,0.0,0.0,0.0,0.0,0.0,0.0,0.0,0.0,0.0,21100.0,21200.0,20700.0,20700.0,20990.0,HSX_FOREIGN_API,HOSE_SYMBOL_LEVEL,VND,2026-08-25T04:25:44Z,ff_hsx_symbol_daily_v1,5888a5c3e59a8828ee862ebffdd096a819f89f0d1641262fb8b872a91c791344
2019-07-15,TCB,HOSE,0.0,0.0,0.0,0.0,0.0,0.0,0.0,0.0,0.0,0.0,20850.0,21250.0,20750.0,21150.0,20990.0,HSX_FOREIGN_API,HOSE_SYMBOL_LEVEL,VND,2026-08-25T04:25:44Z,ff_hsx_symbol_daily_v1,ad99a6c4a82a995ea8a8b115b31783a15884f537dc1b6fc2b0888c0c46d0a9d0
2019-07-16,TCB,HOSE,0.0,0.0,0.0,0.0,0.0,0.0,0.0,0.0,0.0,0.0,21150.0,21400.0,21100.0,21200.0,21260.0,HSX_FOREIGN_API,HOSE_SYMBOL_LEVEL,VND,2026-08-25T04:25:44Z,ff_hsx_symbol_daily_v1,9400c1593dbf7acffe6b041524480176beca06a6117663dd875a9f8f32859766
2019-07-17,TCB,HOSE,0.0,0.0,0.0,0.0,0.0,0.0,0.0,0.0,0.0,0.0,21300.0,21300.0,21000.0,21100.0,21160.0,HSX_FOREIGN_API,HOSE_SYMBOL_LEVEL,VND,2026-08-25T04:25:44Z,ff_hsx_symbol_daily_v1,b82155b9c8130c2237a7e88dbb6d19ac76a23495804e1b860d0a41c1782ce661
2019-07-18,TCB,HOSE,0.0,0.0,0.0,0.0,0.0,0.0,0.0,0.0,0.0,0.0,20950.0,21100.0,20800.0,20900.0,20920.0,HSX_FOREIGN_API,HOSE_SYMBOL_LEVEL,VND,2026-08-25T04:25:44Z,ff_hsx_symbol_daily_v1,1305e958e4e839a1cfaab9633d46c80b5798dfc3cc47b55710136a67dd00fee0
2019-07-19,TCB,HOSE,447000000.0,447000000.0,0.0,20000.0,20000.0,0.0,447000000.0,447000000.0,20000.0,20000.0,21000.0,21300.0,21000.0,21200.0,21160.0,HSX_FOREIGN_API,HOSE_SYMBOL_LEVEL,VND,2026-08-25T04:25:44Z,ff_hsx_symbol_daily_v1,8f850db835a7fdbe9ceea5b9f25ad0ec657a19053e4cc11bb39c5d481ac767ba
2019-07-22,TCB,HOSE,0.0,0.0,0.0,0.0,0.0,0.0,0.0,0.0,0.0,0.0,21150.0,21300.0,20950.0,21050.0,21090.0,HSX_FOREIGN_API,HOSE_SYMBOL_LEVEL,VND,2026-08-25T04:25:44Z,ff_hsx_symbol_daily_v1,07316a0941b936c4b1d84f24da1b977581faf0158254ebef7e2265731e2ce309
2019-07-23,TCB,HOSE,0.0,0.0,0.0,0.0,0.0,0.0,0.0,0.0,0.0,0.0,21050.0,21150.0,21000.0,21050.0,21070.0,HSX_FOREIGN_API,HOSE_SYMBOL_LEVEL,VND,2026-08-25T04:25:44Z,ff_hsx_symbol_daily_v1,9a4e74245416571642996c8b2cb269b730d62640a7bc94ec7bc434b7291d98fd
2019-07-24,TCB,HOSE,0.0,0.0,0.0,0.0,0.0,0.0,0.0,0.0,0.0,0.0,21100.0,21200.0,20900.0,20950.0,21020.0,HSX_FOREIGN_API,HOSE_SYMBOL_LEVEL,VND,2026-08-25T04:25:44Z,ff_hsx_symbol_daily_v1,93194704d702f5f5cc39f384cba954e0a5cef5b79cce6c2de9b94440ebc82f79
2019-07-25,TCB,HOSE,6048000000.0,6048000000.0,0.0,270000.0,270000.0,0.0,6048000000.0,6048000000.0,270000.0,270000.0,20950.0,21000.0,20900.0,20900.0,20930.0,HSX_FOREIGN_API,HOSE_SYMBOL_LEVEL,VND,2026-08-25T04:25:44Z,ff_hsx_symbol_daily_v1,ed37c84374eeda8a6c748863f2d1a8489e9c3bd2e26884d840dbdb7cd48684b2
2019-07-26,TCB,HOSE,447000000.0,447000000.0,0.0,20000.0,20000.0,0.0,447000000.0,447000000.0,20000.0,20000.0,20850.0,20950.0,20750.0,20800.0,20820.0,HSX_FOREIGN_API,HOSE_SYMBOL_LEVEL,VND,2026-08-25T04:25:44Z,ff_hsx_symbol_daily_v1,3c5d82a8b473472d166efd1f6a4eb3dcc80c36ed97de3ec3c7375f8567567dec
2019-07-29,TCB,HOSE,445000000.0,445000000.0,0.0,20000.0,20000.0,0.0,445000000.0,445000000.0,20000.0,20000.0,21000.0,21050.0,20750.0,20800.0,20850.0,HSX_FOREIGN_API,HOSE_SYMBOL_LEVEL,VND,2026-08-25T04:25:44Z,ff_hsx_symbol_daily_v1,7bd59f1ed31313c6eb0a9a979428312db9c894e2559be758ee0e653a3a255ec6
2019-07-30,TCB,HOSE,1112500000.0,1112500000.0,0.0,50000.0,50000.0,0.0,1112500000.0,1112500000.0,50000.0,50000.0,20900.0,20900.0,20650.0,20700.0,20750.0,HSX_FOREIGN_API,HOSE_SYMBOL_LEVEL,VND,2026-08-25T04:25:44Z,ff_hsx_symbol_daily_v1,d33c416e599296387843bde3dcc60efee8492fce784d44601c9e8ede21b9a63f
2019-07-31,TCB,HOSE,54868294500.0,54868294500.0,0.0,2669990.0,2669990.0,0.0,54868294500.0,54868294500.0,2669990.0,2669990.0,20700.0,20700.0,20550.0,20550.0,20610.0,HSX_FOREIGN_API,HOSE_SYMBOL_LEVEL,VND,2026-08-25T04:25:44Z,ff_hsx_symbol_daily_v1,48361411011f10ab916be921b0b7927a8c627e643f236c72f138cb297fc973c6
2019-08-01,TCB,HOSE,0.0,0.0,0.0,0.0,0.0,0.0,0.0,0.0,0.0,0.0,20600.0,20700.0,20500.0,20700.0,20640.0,HSX_FOREIGN_API,HOSE_SYMBOL_LEVEL,VND,2026-08-25T04:25:44Z,ff_hsx_symbol_daily_v1,9dd88c8a53ef0ffc254b873f4ea9ba26091b7bb513cadd746258a99721619230
2019-08-02,TCB,HOSE,13769246000.0,13769246000.0,0.0,668410.0,668410.0,0.0,13769246000.0,13769246000.0,668410.0,668410.0,20400.0,20700.0,20350.0,20550.0,20490.0,HSX_FOREIGN_API,HOSE_SYMBOL_LEVEL,VND,2026-08-25T04:25:44Z,ff_hsx_symbol_daily_v1,5d668196daa4979567dc0230188e3ee7c0ff588c5cf29a2c5e413c755a2ee7b8
2019-08-05,TCB,HOSE,0.0,0.0,0.0,0.0,0.0,0.0,0.0,0.0,0.0,0.0,20400.0,20550.0,20300.0,20400.0,20380.0,HSX_FOREIGN_API,HOSE_SYMBOL_LEVEL,VND,2026-08-25T04:25:44Z,ff_hsx_symbol_daily_v1,aef1ed0d157dac81b722b17bfd37804464a896840aeca8520b518d1ff6bc579b
2019-08-06,TCB,HOSE,0.0,0.0,0.0,0.0,0.0,0.0,0.0,0.0,0.0,0.0,20200.0,20300.0,19900.0,20250.0,20130.0,HSX_FOREIGN_API,HOSE_SYMBOL_LEVEL,VND,2026-08-25T04:25:44Z,ff_hsx_symbol_daily_v1,fe8458aed55d38089d8ddf5de83d003b263f457d3e5715d3a4eed0afc2261939
2019-08-07,TCB,HOSE,36479427300.0,36479427300.0,0.0,1684962.0,1684962.0,0.0,36479427300.0,36479427300.0,1684962.0,1684962.0,20300.0,20400.0,20050.0,20100.0,20180.0,HSX_FOREIGN_API,HOSE_SYMBOL_LEVEL,VND,2026-08-25T04:25:44Z,ff_hsx_symbol_daily_v1,1a273854b02e4ca246add346464942b9bf126292399b80cfc84ffd41bec02459
2019-08-08,TCB,HOSE,0.0,0.0,0.0,0.0,0.0,0.0,0.0,0.0,0.0,0.0,20100.0,20250.0,20000.0,20200.0,20090.0,HSX_FOREIGN_API,HOSE_SYMBOL_LEVEL,VND,2026-08-25T04:25:44Z,ff_hsx_symbol_daily_v1,13590013d2d0fe674ae0801cbb8b3fbc473d4d9af15c634a36be01c661625bcb
2019-08-09,TCB,HOSE,1153440000.0,1153440000.0,0.0,53400.0,53400.0,0.0,1153440000.0,1153440000.0,53400.0,53400.0,20200.0,20300.0,20100.0,20200.0,20170.0,HSX_FOREIGN_API,HOSE_SYMBOL_LEVEL,VND,2026-08-25T04:25:44Z,ff_hsx_symbol_daily_v1,242b037eb35f8aa50b26c49135fc4e813a028a0a1d9c0b13b5669af0fbc7945b
2019-08-12,TCB,HOSE,0.0,0.0,0.0,0.0,0.0,0.0,0.0,0.0,0.0,0.0,20200.0,20350.0,20200.0,20250.0,20240.0,HSX_FOREIGN_API,HOSE_SYMBOL_LEVEL,VND,2026-08-25T04:25:44Z,ff_hsx_symbol_daily_v1,ad15ad9aafba059bc5f76e95850d550bd4d49ea8166e3699a620b9d1a0b6ae22
2019-08-13,TCB,HOSE,5683125000.0,5683125000.0,0.0,262500.0,262500.0,0.0,5683125000.0,5683125000.0,262500.0,262500.0,20200.0,20700.0,20150.0,20650.0,20510.0,HSX_FOREIGN_API,HOSE_SYMBOL_LEVEL,VND,2026-08-25T04:25:44Z,ff_hsx_symbol_daily_v1,3dade8e57dc7e4d0e2e1710b0058de8c436591f3d2ed86795907bcb35b117766
2019-08-14,TCB,HOSE,0.0,0.0,0.0,0.0,0.0,0.0,0.0,0.0,0.0,0.0,20850.0,20950.0,20700.0,20850.0,20850.0,HSX_FOREIGN_API,HOSE_SYMBOL_LEVEL,VND,2026-08-25T04:25:44Z,ff_hsx_symbol_daily_v1,cd16fb8f340d175c5545b75d206f5f90b9e7201bd828594321fc7732a4b8f544
2019-08-15,TCB,HOSE,0.0,0.0,0.0,0.0,0.0,0.0,0.0,0.0,0.0,0.0,20400.0,21000.0,20400.0,21000.0,20730.0,HSX_FOREIGN_API,HOSE_SYMBOL_LEVEL,VND,2026-08-25T04:25:44Z,ff_hsx_symbol_daily_v1,54a47572c5c1720040fb78dcbb1a4615a28eda50232439d5d6d0f9876584a079
2019-08-16,TCB,HOSE,0.0,0.0,0.0,0.0,0.0,0.0,0.0,0.0,0.0,0.0,21000.0,22000.0,20900.0,21900.0,21540.0,HSX_FOREIGN_API,HOSE_SYMBOL_LEVEL,VND,2026-08-25T04:25:44Z,ff_hsx_symbol_daily_v1,82a491e0c5fa7234d3e790cad9dd72ccb6bade2721482f0b669d91bbb0051392
2019-08-19,TCB,HOSE,803864500.0,803864500.0,0.0,37130.0,37130.0,0.0,803864500.0,803864500.0,37130.0,37130.0,21900.0,21900.0,21500.0,21550.0,21620.0,HSX_FOREIGN_API,HOSE_SYMBOL_LEVEL,VND,2026-08-25T04:25:44Z,ff_hsx_symbol_daily_v1,2b8dec4ca9bad6d06f6f8bb5ff51527342a89224e5ea45ec42abb5458a33988f
2019-08-20,TCB,HOSE,0.0,0.0,0.0,0.0,0.0,0.0,0.0,0.0,0.0,0.0,21600.0,21700.0,21350.0,21550.0,21510.0,HSX_FOREIGN_API,HOSE_SYMBOL_LEVEL,VND,2026-08-25T04:25:44Z,ff_hsx_symbol_daily_v1,a8259c8e34a384f2611a631ff7e792343357f7b3cd92a4999092c7f768bc31ed
2019-08-21,TCB,HOSE,0.0,0.0,0.0,0.0,0.0,0.0,0.0,0.0,0.0,0.0,21650.0,21800.0,21400.0,21650.0,21630.0,HSX_FOREIGN_API,HOSE_SYMBOL_LEVEL,VND,2026-08-25T04:25:44Z,ff_hsx_symbol_daily_v1,e7407f864943e11fa705492cb3e26b5a3d703a025e4644d6de4d8472b78a1428
2019-08-22,TCB,HOSE,0.0,0.0,0.0,0.0,0.0,0.0,0.0,0.0,0.0,0.0,21650.0,21850.0,21600.0,21650.0,21680.0,HSX_FOREIGN_API,HOSE_SYMBOL_LEVEL,VND,2026-08-25T04:25:44Z,ff_hsx_symbol_daily_v1,6999fa4ca1e9708280befcc54a87434c8baac417411a5a85ecbf12113430ff8c
2019-08-23,TCB,HOSE,0.0,0.0,0.0,0.0,0.0,0.0,0.0,0.0,0.0,0.0,21600.0,21650.0,21450.0,21650.0,21560.0,HSX_FOREIGN_API,HOSE_SYMBOL_LEVEL,VND,2026-08-25T04:25:44Z,ff_hsx_symbol_daily_v1,e597e9367c292a0d08e6ece29208ee600515d2525121b6e5f55542ad23ee4be5
2019-08-26,TCB,HOSE,0.0,0.0,0.0,0.0,0.0,0.0,0.0,0.0,0.0,0.0,21200.0,21350.0,20950.0,21250.0,21160.0,HSX_FOREIGN_API,HOSE_SYMBOL_LEVEL,VND,2026-08-25T04:25:44Z,ff_hsx_symbol_daily_v1,fe1a40dcb414931d7283fe64eab7a818c48f0336570b259c6b61b4fec44d5458
2019-08-27,TCB,HOSE,0.0,0.0,0.0,0.0,0.0,0.0,0.0,0.0,0.0,0.0,21350.0,21550.0,21300.0,21450.0,21440.0,HSX_FOREIGN_API,HOSE_SYMBOL_LEVEL,VND,2026-08-25T04:25:44Z,ff_hsx_symbol_daily_v1,3863cf25fe5417f27c7c5b10b99258ba40f9247ec8b30ecb938b8d57b8173098
2019-08-28,TCB,HOSE,0.0,0.0,0.0,0.0,0.0,0.0,0.0,0.0,0.0,0.0,21400.0,21500.0,21350.0,21400.0,21420.0,HSX_FOREIGN_API,HOSE_SYMBOL_LEVEL,VND,2026-08-25T04:25:44Z,ff_hsx_symbol_daily_v1,61dc5a716f235fd024195c58acf6724817f6ef8c2033b73400c62821f1e7e904
2019-08-29,TCB,HOSE,0.0,0.0,0.0,0.0,0.0,0.0,0.0,0.0,0.0,0.0,21400.0,21400.0,21100.0,21350.0,21290.0,HSX_FOREIGN_API,HOSE_SYMBOL_LEVEL,VND,2026-08-25T04:25:44Z,ff_hsx_symbol_daily_v1,dc0987e79ebdb6dad358318b505d5e003f0d6aacba68cd84db5498d48ebb4078
2019-08-30,TCB,HOSE,456000000.0,456000000.0,0.0,20000.0,20000.0,0.0,456000000.0,456000000.0,20000.0,20000.0,21400.0,21500.0,21250.0,21500.0,21410.0,HSX_FOREIGN_API,HOSE_SYMBOL_LEVEL,VND,2026-08-25T04:25:44Z,ff_hsx_symbol_daily_v1,652b88696a530fe5e33f8e77990207bcdeead030c9c38dcf968f33ae92b0f861
2019-09-03,TCB,HOSE,0.0,0.0,0.0,0.0,0.0,0.0,0.0,0.0,0.0,0.0,21600.0,21650.0,21400.0,21400.0,21480.0,HSX_FOREIGN_API,HOSE_SYMBOL_LEVEL,VND,2026-08-25T04:25:44Z,ff_hsx_symbol_daily_v1,0ce7a77f0a96e9351ae8bfa40209ebf485988d928738ebda5b4e2e825a5c31e8
2019-09-04,TCB,HOSE,5463435000.0,5463435000.0,0.0,239100.0,239100.0,0.0,5463435000.0,5463435000.0,239100.0,239100.0,21250.0,21800.0,21250.0,21700.0,21550.0,HSX_FOREIGN_API,HOSE_SYMBOL_LEVEL,VND,2026-08-25T04:25:44Z,ff_hsx_symbol_daily_v1,86ca95d6c0c13056c7f8f1fbb255b58dd04680125987708d4295f35ccbc26832
2019-09-05,TCB,HOSE,0.0,0.0,0.0,0.0,0.0,0.0,0.0,0.0,0.0,0.0,21700.0,22450.0,21700.0,22200.0,22180.0,HSX_FOREIGN_API,HOSE_SYMBOL_LEVEL,VND,2026-08-25T04:25:44Z,ff_hsx_symbol_daily_v1,226a2550445edd1ea493079ffa08f8749a9b88ad03d51475683b8dcb2190eb49
2019-09-06,TCB,HOSE,0.0,0.0,0.0,0.0,0.0,0.0,0.0,0.0,0.0,0.0,22350.0,22450.0,22100.0,22200.0,22280.0,HSX_FOREIGN_API,HOSE_SYMBOL_LEVEL,VND,2026-08-25T04:25:44Z,ff_hsx_symbol_daily_v1,997ff03d6ad7c70566ac3ae1809d6fa04bc68d10f60e1c33cb7011a1da4a98e5
2019-09-09,TCB,HOSE,0.0,0.0,0.0,0.0,0.0,0.0,0.0,0.0,0.0,0.0,22200.0,22200.0,21650.0,21700.0,21860.0,HSX_FOREIGN_API,HOSE_SYMBOL_LEVEL,VND,2026-08-25T04:25:44Z,ff_hsx_symbol_daily_v1,86475ea8ce798fb824914a7ff3f9f4b8806d8ef1583672c9486db1e3a7dc9ff9
2019-09-10,TCB,HOSE,0.0,0.0,0.0,0.0,0.0,0.0,0.0,0.0,0.0,0.0,21600.0,21900.0,21450.0,21450.0,21630.0,HSX_FOREIGN_API,HOSE_SYMBOL_LEVEL,VND,2026-08-25T04:25:44Z,ff_hsx_symbol_daily_v1,dc2ffdb84b40ce8dcf3fdd68c58617491df1a8446a8c6fe2674ea76bf065ec51
2019-09-11,TCB,HOSE,0.0,0.0,0.0,0.0,0.0,0.0,0.0,0.0,0.0,0.0,21500.0,21750.0,21400.0,21750.0,21550.0,HSX_FOREIGN_API,HOSE_SYMBOL_LEVEL,VND,2026-08-25T04:25:44Z,ff_hsx_symbol_daily_v1,a89c2efa82566ebc140868bccd07cae5e36f79b31605008c4f26118abe6d35b6
2019-09-12,TCB,HOSE,0.0,0.0,0.0,0.0,0.0,0.0,0.0,0.0,0.0,0.0,21750.0,22000.0,21700.0,21950.0,21900.0,HSX_FOREIGN_API,HOSE_SYMBOL_LEVEL,VND,2026-08-25T04:25:44Z,ff_hsx_symbol_daily_v1,6c530c468186b15af1cb5619705cce588e7a9228cc8aaf6a3bfd4b55d135b872
2019-09-13,TCB,HOSE,0.0,0.0,0.0,0.0,0.0,0.0,0.0,0.0,0.0,0.0,21900.0,22650.0,21900.0,22650.0,22400.0,HSX_FOREIGN_API,HOSE_SYMBOL_LEVEL,VND,2026-08-25T04:25:44Z,ff_hsx_symbol_daily_v1,22851c816846657f628a4df20fa0faa40e022660554914e1bf19394fcaf294f6
2019-09-16,TCB,HOSE,3506822000.0,3506822000.0,0.0,144910.0,144910.0,0.0,3506822000.0,3506822000.0,144910.0,144910.0,22650.0,22750.0,22450.0,22600.0,22590.0,HSX_FOREIGN_API,HOSE_SYMBOL_LEVEL,VND,2026-08-25T04:25:44Z,ff_hsx_symbol_daily_v1,87d2a651c230e57abfb0202df5ab1cdb19cae6132286e4488f318f873ac0fe62
2019-09-17,TCB,HOSE,0.0,0.0,0.0,0.0,0.0,0.0,0.0,0.0,0.0,0.0,22500.0,22700.0,22450.0,22600.0,22540.0,HSX_FOREIGN_API,HOSE_SYMBOL_LEVEL,VND,2026-08-25T04:25:44Z,ff_hsx_symbol_daily_v1,6a9f49fe5f126f7b44a0e8adaba5e24fa127602d323006818c1f0411c63afeab
2019-09-18,TCB,HOSE,2105155500.0,2105155500.0,0.0,87170.0,87170.0,0.0,2105155500.0,2105155500.0,87170.0,87170.0,22500.0,22750.0,22400.0,22600.0,22600.0,HSX_FOREIGN_API,HOSE_SYMBOL_LEVEL,VND,2026-08-25T04:25:44Z,ff_hsx_symbol_daily_v1,f90e95f6ca4e59c6cc10a0430600444ad982fe41da6a30eba530fa98341d7b10
2019-09-19,TCB,HOSE,0.0,0.0,0.0,0.0,0.0,0.0,0.0,0.0,0.0,0.0,22600.0,22950.0,22500.0,22950.0,22780.0,HSX_FOREIGN_API,HOSE_SYMBOL_LEVEL,VND,2026-08-25T04:25:44Z,ff_hsx_symbol_daily_v1,2f8957446911e7753cbe4abf7c3540f591f99cee54bcd1118d621b3ac14200f7
2019-09-20,TCB,HOSE,0.0,0.0,0.0,0.0,0.0,0.0,0.0,0.0,0.0,0.0,23000.0,23200.0,22950.0,23150.0,23060.0,HSX_FOREIGN_API,HOSE_SYMBOL_LEVEL,VND,2026-08-25T04:25:44Z,ff_hsx_symbol_daily_v1,82e66345e2ebbbe18da84b6e8dbd787fb21f2f8673350f1ab05c9838cd39d475
2019-09-23,TCB,HOSE,0.0,0.0,0.0,0.0,0.0,0.0,0.0,0.0,0.0,0.0,23200.0,23250.0,22650.0,22650.0,23040.0,HSX_FOREIGN_API,HOSE_SYMBOL_LEVEL,VND,2026-08-25T04:25:44Z,ff_hsx_symbol_daily_v1,381345519fc14bd183a0226225d7f4a344954fb040a72fca345109d12503df5b
2019-09-24,TCB,HOSE,0.0,0.0,0.0,0.0,0.0,0.0,0.0,0.0,0.0,0.0,22650.0,22800.0,22550.0,22600.0,22650.0,HSX_FOREIGN_API,HOSE_SYMBOL_LEVEL,VND,2026-08-25T04:25:44Z,ff_hsx_symbol_daily_v1,e6850560ee622d71f587fa46dbcd7b3324e462aa4312a4428d6c7ced9e75602b
2019-09-25,TCB,HOSE,0.0,0.0,0.0,0.0,0.0,0.0,0.0,0.0,0.0,0.0,22600.0,22750.0,22400.0,22650.0,22530.0,HSX_FOREIGN_API,HOSE_SYMBOL_LEVEL,VND,2026-08-25T04:25:44Z,ff_hsx_symbol_daily_v1,d1987cc5ae386b011c1f08499eb4c081d8a4489aab8c348925f691ac5d7dfb5d
2019-09-26,TCB,HOSE,484000000.0,484000000.0,0.0,20000.0,20000.0,0.0,484000000.0,484000000.0,20000.0,20000.0,22650.0,23150.0,22650.0,23100.0,23010.0,HSX_FOREIGN_API,HOSE_SYMBOL_LEVEL,VND,2026-08-25T04:25:44Z,ff_hsx_symbol_daily_v1,77ec890dc45c01fade9a90d9f4b71b4962487e45a71b2bd317e352615630e11c
2019-09-27,TCB,HOSE,0.0,0.0,0.0,0.0,0.0,0.0,0.0,0.0,0.0,0.0,23100.0,23350.0,23000.0,23200.0,23220.0,HSX_FOREIGN_API,HOSE_SYMBOL_LEVEL,VND,2026-08-25T04:25:44Z,ff_hsx_symbol_daily_v1,d9b2f7a0751a4dc90bf141d9d4532b3b4c6d64b9575cbfcd47f417e99a7e4afc
2019-09-30,TCB,HOSE,0.0,0.0,0.0,0.0,0.0,0.0,0.0,0.0,0.0,0.0,23300.0,23500.0,23150.0,23350.0,23360.0,HSX_FOREIGN_API,HOSE_SYMBOL_LEVEL,VND,2026-08-25T04:25:44Z,ff_hsx_symbol_daily_v1,d2145eb23b0aaf175bf82dd787d789742abc2c5fb4f2c45ae98f7be06cdbc5da
2019-10-01,TCB,HOSE,0.0,0.0,0.0,0.0,0.0,0.0,0.0,0.0,0.0,0.0,23350.0,23750.0,23150.0,23750.0,23450.0,HSX_FOREIGN_API,HOSE_SYMBOL_LEVEL,VND,2026-08-25T04:25:44Z,ff_hsx_symbol_daily_v1,ef5887bc273c5eeaafc3993749cb297f38e8d0b19b3daa6fcc8a00d1729944e6
2019-10-02,TCB,HOSE,0.0,0.0,0.0,0.0,0.0,0.0,0.0,0.0,0.0,0.0,23700.0,23950.0,23600.0,23750.0,23760.0,HSX_FOREIGN_API,HOSE_SYMBOL_LEVEL,VND,2026-08-25T04:25:44Z,ff_hsx_symbol_daily_v1,6a352dce8d8df4c3edef10b231417c9e25ff1be341dc6854212c2734980d7869
2019-10-03,TCB,HOSE,0.0,0.0,0.0,0.0,0.0,0.0,0.0,0.0,0.0,0.0,23500.0,23800.0,23350.0,23800.0,23570.0,HSX_FOREIGN_API,HOSE_SYMBOL_LEVEL,VND,2026-08-25T04:25:44Z,ff_hsx_symbol_daily_v1,c46f3d039706307d71013410a200afdfe2147181b0acae5cec037fbb776fa102
2019-10-04,TCB,HOSE,509000000.0,509000000.0,0.0,20000.0,20000.0,0.0,509000000.0,509000000.0,20000.0,20000.0,23850.0,23950.0,23500.0,23600.0,23710.0,HSX_FOREIGN_API,HOSE_SYMBOL_LEVEL,VND,2026-08-25T04:25:44Z,ff_hsx_symbol_daily_v1,85099422b5c5dd110d4b916d2261072aafa5ca814377154b5042589cd49979ff
2019-10-07,TCB,HOSE,0.0,0.0,0.0,0.0,0.0,0.0,0.0,0.0,0.0,0.0,23650.0,23650.0,23150.0,23150.0,23390.0,HSX_FOREIGN_API,HOSE_SYMBOL_LEVEL,VND,2026-08-25T04:25:44Z,ff_hsx_symbol_daily_v1,3fb4572fcf9e2ec35ebaefcb2f08c03ecba1170978ea48431aa81a5e11a4e7e7
2019-10-08,TCB,HOSE,0.0,0.0,0.0,0.0,0.0,0.0,0.0,0.0,0.0,0.0,23150.0,23550.0,23150.0,23550.0,23330.0,HSX_FOREIGN_API,HOSE_SYMBOL_LEVEL,VND,2026-08-25T04:25:44Z,ff_hsx_symbol_daily_v1,9d9dc93331cc94dbd466af702cfaed44e1315ffde6328c2eb812d765d6847761
2019-10-09,TCB,HOSE,0.0,0.0,0.0,0.0,0.0,0.0,0.0,0.0,0.0,0.0,23600.0,23650.0,23450.0,23650.0,23540.0,HSX_FOREIGN_API,HOSE_SYMBOL_LEVEL,VND,2026-08-25T04:25:44Z,ff_hsx_symbol_daily_v1,083b4f791a34db3df26c4eea7ed1522ca98283ac072b548475c11543e98a3d5b
2019-10-10,TCB,HOSE,2253420400.0,2253420400.0,0.0,89068.0,89068.0,0.0,2253420400.0,2253420400.0,89068.0,89068.0,23550.0,23750.0,23550.0,23650.0,23650.0,HSX_FOREIGN_API,HOSE_SYMBOL_LEVEL,VND,2026-08-25T04:25:44Z,ff_hsx_symbol_daily_v1,d2826f3cda851f3089712443acfbb5f4c5790cd21cb217642b1466b345b05cbc
2019-10-11,TCB,HOSE,0.0,0.0,0.0,0.0,0.0,0.0,0.0,0.0,0.0,0.0,23600.0,23700.0,23550.0,23600.0,23610.0,HSX_FOREIGN_API,HOSE_SYMBOL_LEVEL,VND,2026-08-25T04:25:44Z,ff_hsx_symbol_daily_v1,c94b368f2baad04a6120847de184b2057f142db2ef547d29598c37459564c25a
2019-10-14,TCB,HOSE,0.0,0.0,0.0,0.0,0.0,0.0,0.0,0.0,0.0,0.0,23700.0,24200.0,23600.0,23900.0,23870.0,HSX_FOREIGN_API,HOSE_SYMBOL_LEVEL,VND,2026-08-25T04:25:44Z,ff_hsx_symbol_daily_v1,1d3e87a01076f8f9bcef1d945bfb501c829dba99bdee07dd5115954cf29ce1ce
2019-10-15,TCB,HOSE,0.0,0.0,0.0,0.0,0.0,0.0,0.0,0.0,0.0,0.0,23850.0,24250.0,23600.0,24250.0,24090.0,HSX_FOREIGN_API,HOSE_SYMBOL_LEVEL,VND,2026-08-25T04:25:44Z,ff_hsx_symbol_daily_v1,ddbac7b8bcbcbaa712a557bbef240e54c4ba9ae2bce6e9143b6309d1bcbc4edf
2019-10-16,TCB,HOSE,0.0,0.0,0.0,0.0,0.0,0.0,0.0,0.0,0.0,0.0,24300.0,24550.0,24300.0,24450.0,24420.0,HSX_FOREIGN_API,HOSE_SYMBOL_LEVEL,VND,2026-08-25T04:25:44Z,ff_hsx_symbol_daily_v1,e366017e0d84fcfa9039b9253e26d17ebc53e9ab80ffe51015ea77bc4b3c3197
2019-10-17,TCB,HOSE,1019850000.0,1019850000.0,0.0,39000.0,39000.0,0.0,1019850000.0,1019850000.0,39000.0,39000.0,24400.0,24400.0,24150.0,24400.0,24300.0,HSX_FOREIGN_API,HOSE_SYMBOL_LEVEL,VND,2026-08-25T04:25:44Z,ff_hsx_symbol_daily_v1,d544af25735cc9954a4b2d83a69115206ecb7aa3e5ebe26b8e39907f93d9272d
2019-10-18,TCB,HOSE,0.0,0.0,0.0,0.0,0.0,0.0,0.0,0.0,0.0,0.0,24400.0,24600.0,24300.0,24400.0,24410.0,HSX_FOREIGN_API,HOSE_SYMBOL_LEVEL,VND,2026-08-25T04:25:44Z,ff_hsx_symbol_daily_v1,cb5f6d71aecb34f2ea50bfb18d30b8d40d6b4ed12b66bb38cd38f310632f39d6
2019-10-21,TCB,HOSE,0.0,0.0,0.0,0.0,0.0,0.0,0.0,0.0,0.0,0.0,24400.0,24400.0,23600.0,23900.0,23990.0,HSX_FOREIGN_API,HOSE_SYMBOL_LEVEL,VND,2026-08-25T04:25:44Z,ff_hsx_symbol_daily_v1,f4f8b6521fac277f853929c341a97b7f0803f81a1a344d423b7a2519ef30e2e0
2019-10-22,TCB,HOSE,0.0,0.0,0.0,0.0,0.0,0.0,0.0,0.0,0.0,0.0,23900.0,24000.0,23750.0,24000.0,23890.0,HSX_FOREIGN_API,HOSE_SYMBOL_LEVEL,VND,2026-08-25T04:25:44Z,ff_hsx_symbol_daily_v1,71fa322022fdb5df1db1874d19ef3c8d18010588c92af2248b07c19b41e448a3
2019-10-23,TCB,HOSE,0.0,0.0,0.0,0.0,0.0,0.0,0.0,0.0,0.0,0.0,24000.0,24000.0,23800.0,23950.0,23870.0,HSX_FOREIGN_API,HOSE_SYMBOL_LEVEL,VND,2026-08-25T04:25:44Z,ff_hsx_symbol_daily_v1,3ef15f25fbbf4872606e7cc48a208f793a71a936c371d374bac8bd8832acdd17
2019-10-24,TCB,HOSE,0.0,0.0,0.0,0.0,0.0,0.0,0.0,0.0,0.0,0.0,24000.0,24000.0,23750.0,23850.0,23830.0,HSX_FOREIGN_API,HOSE_SYMBOL_LEVEL,VND,2026-08-25T04:25:44Z,ff_hsx_symbol_daily_v1,35c0430babdb93a1ae93a343bb66cf029334516301217f1eff08fb497a33f0c7
2019-10-25,TCB,HOSE,86554650000.0,86751476000.0,-196826000.0,3394300.0,3402570.0,-8270.0,86554650000.0,86554650000.0,3394300.0,3394300.0,23900.0,23900.0,23700.0,23850.0,23780.0,HSX_FOREIGN_API,HOSE_SYMBOL_LEVEL,VND,2026-08-25T04:25:44Z,ff_hsx_symbol_daily_v1,7aea61f842c033ca1e378dcd81236e852342a4c663f3e376ad32fbee99e569ee
2019-10-28,TCB,HOSE,0.0,0.0,0.0,0.0,0.0,0.0,0.0,0.0,0.0,0.0,23950.0,24000.0,23750.0,23800.0,23860.0,HSX_FOREIGN_API,HOSE_SYMBOL_LEVEL,VND,2026-08-25T04:25:44Z,ff_hsx_symbol_daily_v1,a8345ff4dcd552ad9eadfb5c464aa494a6b2bca4f0dac47ac7b4bcab6eeef551
2019-10-29,TCB,HOSE,1272500000.0,1272500000.0,0.0,50000.0,50000.0,0.0,1272500000.0,1272500000.0,50000.0,50000.0,23800.0,23800.0,23550.0,23700.0,23700.0,HSX_FOREIGN_API,HOSE_SYMBOL_LEVEL,VND,2026-08-25T04:25:44Z,ff_hsx_symbol_daily_v1,466f729f7b932787291a804323184266771180ac91589c0c578b9c53fcc17b4d
2019-10-30,TCB,HOSE,2915250000.0,2915250000.0,0.0,115000.0,115000.0,0.0,2915250000.0,2915250000.0,115000.0,115000.0,23700.0,24000.0,23600.0,23800.0,23730.0,HSX_FOREIGN_API,HOSE_SYMBOL_LEVEL,VND,2026-08-25T04:25:44Z,ff_hsx_symbol_daily_v1,0398bf53d195c1b1ff22c29156e43295c135d043bc785a4ad5cfa352d2273fd6
2019-10-31,TCB,HOSE,0.0,0.0,0.0,0.0,0.0,0.0,0.0,0.0,0.0,0.0,23800.0,23950.0,23700.0,23700.0,23850.0,HSX_FOREIGN_API,HOSE_SYMBOL_LEVEL,VND,2026-08-25T04:25:44Z,ff_hsx_symbol_daily_v1,8952d7acc8750203ea4939bcfc900f850c2e38c59d5bc581651bd40b75abae72
2019-11-01,TCB,HOSE,507000000.0,507000000.0,0.0,20000.0,20000.0,0.0,507000000.0,507000000.0,20000.0,20000.0,23700.0,23850.0,23600.0,23750.0,23740.0,HSX_FOREIGN_API,HOSE_SYMBOL_LEVEL,VND,2026-08-25T04:25:44Z,ff_hsx_symbol_daily_v1,1affcd3fd269204268eb88bade8215b27cd9e548a9ad13bfc5fc71c76bcb9bf4
2019-11-04,TCB,HOSE,222509000.0,0.0,222509000.0,9310.0,0.0,9310.0,0.0,0.0,0.0,0.0,23900.0,24400.0,23750.0,24350.0,24130.0,HSX_FOREIGN_API,HOSE_SYMBOL_LEVEL,VND,2026-08-25T04:25:44Z,ff_hsx_symbol_daily_v1,d48d2b3c44efab81a6dc6da3e903254cda574bd7c9bbb9834d05e4eb7ddee1a4
2019-11-05,TCB,HOSE,0.0,0.0,0.0,0.0,0.0,0.0,0.0,0.0,0.0,0.0,24500.0,24900.0,24400.0,24750.0,24690.0,HSX_FOREIGN_API,HOSE_SYMBOL_LEVEL,VND,2026-08-25T04:25:44Z,ff_hsx_symbol_daily_v1,acdbd6797093d0aa5bc459aa6e5f01be896953cdcc48df3fee98df8ce6e15a5c
2019-11-06,TCB,HOSE,0.0,0.0,0.0,0.0,0.0,0.0,0.0,0.0,0.0,0.0,24850.0,24850.0,24650.0,24750.0,24750.0,HSX_FOREIGN_API,HOSE_SYMBOL_LEVEL,VND,2026-08-25T04:25:44Z,ff_hsx_symbol_daily_v1,c58cb17c595d844b4ce8cc5b08eab578a174e059fd675cdae88dac1b07771e5e
2019-11-07,TCB,HOSE,7763075000.0,7763075000.0,0.0,293500.0,293500.0,0.0,7763075000.0,7763075000.0,293500.0,293500.0,24800.0,24800.0,24650.0,24800.0,24750.0,HSX_FOREIGN_API,HOSE_SYMBOL_LEVEL,VND,2026-08-25T04:25:44Z,ff_hsx_symbol_daily_v1,5a35145afec42e97f6c5ed7f64a9454067360c489f8416af244ab43c5b51cc51
2019-11-08,TCB,HOSE,0.0,0.0,0.0,0.0,0.0,0.0,0.0,0.0,0.0,0.0,24800.0,25150.0,24800.0,25100.0,25010.0,HSX_FOREIGN_API,HOSE_SYMBOL_LEVEL,VND,2026-08-25T04:25:44Z,ff_hsx_symbol_daily_v1,7218530b25ef7cb5a0340dbcd9488a7a6e136ace9e82be61b5e6bad0c3956c3a
2019-11-11,TCB,HOSE,0.0,0.0,0.0,0.0,0.0,0.0,0.0,0.0,0.0,0.0,25200.0,25500.0,25050.0,25150.0,25230.0,HSX_FOREIGN_API,HOSE_SYMBOL_LEVEL,VND,2026-08-25T04:25:44Z,ff_hsx_symbol_daily_v1,acc1f86836ba8dc5f485342ff14bef17ce50a8d837f730b392a660fba2b8dd44
2019-11-12,TCB,HOSE,0.0,0.0,0.0,0.0,0.0,0.0,0.0,0.0,0.0,0.0,25050.0,25200.0,25000.0,25150.0,25110.0,HSX_FOREIGN_API,HOSE_SYMBOL_LEVEL,VND,2026-08-25T04:25:44Z,ff_hsx_symbol_daily_v1,3f199a1b185985ccb599461248105216e377f0b5aa339ad48c57f94cd024744f
2019-11-13,TCB,HOSE,0.0,0.0,0.0,0.0,0.0,0.0,0.0,0.0,0.0,0.0,25300.0,25300.0,24750.0,24750.0,24980.0,HSX_FOREIGN_API,HOSE_SYMBOL_LEVEL,VND,2026-08-25T04:25:44Z,ff_hsx_symbol_daily_v1,bcf36e76394e937e839c077f725d7529e01a0875ac2dd4c65890c6d64be3dd17
2019-11-14,TCB,HOSE,0.0,0.0,0.0,0.0,0.0,0.0,0.0,0.0,0.0,0.0,24700.0,24750.0,24450.0,24700.0,24610.0,HSX_FOREIGN_API,HOSE_SYMBOL_LEVEL,VND,2026-08-25T04:25:44Z,ff_hsx_symbol_daily_v1,5e2fc52e5dffeb95fa0c96b833cdd0f1ed989031e52f491752d362a93ee7c5ce
2019-11-15,TCB,HOSE,3801600000.0,3801600000.0,0.0,144000.0,144000.0,0.0,3801600000.0,3801600000.0,144000.0,144000.0,24700.0,24950.0,24400.0,24900.0,24790.0,HSX_FOREIGN_API,HOSE_SYMBOL_LEVEL,VND,2026-08-25T04:25:44Z,ff_hsx_symbol_daily_v1,41f4c2d4d5ba30465d8e4c4fc754286eab0b373b83d45980fef02e97cdbae412
2019-11-18,TCB,HOSE,0.0,0.0,0.0,0.0,0.0,0.0,0.0,0.0,0.0,0.0,24900.0,24950.0,24450.0,24450.0,24720.0,HSX_FOREIGN_API,HOSE_SYMBOL_LEVEL,VND,2026-08-25T04:25:44Z,ff_hsx_symbol_daily_v1,b6fccf2f35513e475fd2368cdebb3eaa42641f87627b559ef89d5ca11e477af2
2019-11-19,TCB,HOSE,0.0,0.0,0.0,0.0,0.0,0.0,0.0,0.0,0.0,0.0,24450.0,24800.0,24450.0,24750.0,24680.0,HSX_FOREIGN_API,HOSE_SYMBOL_LEVEL,VND,2026-08-25T04:25:44Z,ff_hsx_symbol_daily_v1,53ad8dcaa2d72351fe2a68b787dbc90987d08032f087bb303f650e939c6f6dc2
2019-11-20,TCB,HOSE,0.0,0.0,0.0,0.0,0.0,0.0,0.0,0.0,0.0,0.0,24800.0,24900.0,24300.0,24400.0,24520.0,HSX_FOREIGN_API,HOSE_SYMBOL_LEVEL,VND,2026-08-25T04:25:44Z,ff_hsx_symbol_daily_v1,a96cab7475aa577332004c3bd9ca2ae2a742023915c7e4433f71d4045f76767d
2019-11-21,TCB,HOSE,0.0,0.0,0.0,0.0,0.0,0.0,0.0,0.0,0.0,0.0,24350.0,24400.0,23500.0,23500.0,23720.0,HSX_FOREIGN_API,HOSE_SYMBOL_LEVEL,VND,2026-08-25T04:25:44Z,ff_hsx_symbol_daily_v1,2bfce41353797ee8abfe2207fa5152f271ecd028e5b800bdfebceb0478e7b5f2
2019-11-22,TCB,HOSE,0.0,0.0,0.0,0.0,0.0,0.0,0.0,0.0,0.0,0.0,24000.0,24000.0,22800.0,23050.0,23490.0,HSX_FOREIGN_API,HOSE_SYMBOL_LEVEL,VND,2026-08-25T04:25:44Z,ff_hsx_symbol_daily_v1,f4c3eb948431b4e934ecc59e34fae017e92e2532cf0dd04ad32f7b050eb8d757
2019-11-25,TCB,HOSE,493000000.0,493000000.0,0.0,20000.0,20000.0,0.0,493000000.0,493000000.0,20000.0,20000.0,23100.0,23300.0,22850.0,23300.0,23070.0,HSX_FOREIGN_API,HOSE_SYMBOL_LEVEL,VND,2026-08-25T04:25:44Z,ff_hsx_symbol_daily_v1,d83fc5e5e975453483cca07f56c697a91c5366e0c9592e7378f03fd1dc7b7cee
2019-11-26,TCB,HOSE,3859500000.0,3859500000.0,0.0,155000.0,155000.0,0.0,3859500000.0,3859500000.0,155000.0,155000.0,23400.0,23500.0,23300.0,23450.0,23430.0,HSX_FOREIGN_API,HOSE_SYMBOL_LEVEL,VND,2026-08-25T04:25:44Z,ff_hsx_symbol_daily_v1,a77c08ae45610ee5ea048a81c8e9e3a5b39ba8413919d7b79d574d042fe4e404
2019-11-27,TCB,HOSE,0.0,0.0,0.0,0.0,0.0,0.0,0.0,0.0,0.0,0.0,23500.0,23600.0,23350.0,23350.0,23450.0,HSX_FOREIGN_API,HOSE_SYMBOL_LEVEL,VND,2026-08-25T04:25:44Z,ff_hsx_symbol_daily_v1,862cf6bc72c7208b45b17c9998a1a7e753851b74132f8a4ce6074d37028c5f16
2019-11-28,TCB,HOSE,0.0,0.0,0.0,0.0,0.0,0.0,0.0,0.0,0.0,0.0,23350.0,23350.0,22900.0,22900.0,23020.0,HSX_FOREIGN_API,HOSE_SYMBOL_LEVEL,VND,2026-08-25T04:25:44Z,ff_hsx_symbol_daily_v1,e389e5b0b311749584b6d0db1406b0297c61a5f9184e9b810b2a63d0fff8ef5c
2019-11-29,TCB,HOSE,0.0,0.0,0.0,0.0,0.0,0.0,0.0,0.0,0.0,0.0,23000.0,23100.0,22750.0,22900.0,22920.0,HSX_FOREIGN_API,HOSE_SYMBOL_LEVEL,VND,2026-08-25T04:25:44Z,ff_hsx_symbol_daily_v1,52fe1b500844729dff8a75cf61a24e40f88e54d790fc87010d3b3b8daf5771bf
2019-12-02,TCB,HOSE,24500000000.0,24500000000.0,0.0,1000000.0,1000000.0,0.0,24500000000.0,24500000000.0,1000000.0,1000000.0,22950.0,23050.0,22600.0,22700.0,22770.0,HSX_FOREIGN_API,HOSE_SYMBOL_LEVEL,VND,2026-08-25T04:25:44Z,ff_hsx_symbol_daily_v1,39076bceefd8664f74e3e447ee964227b88a5cd514d34155a0782988db61b1ce
2019-12-03,TCB,HOSE,126624686000.0,126624686000.0,0.0,5578180.0,5578180.0,0.0,126624686000.0,126624686000.0,5578180.0,5578180.0,22700.0,22750.0,22350.0,22550.0,22550.0,HSX_FOREIGN_API,HOSE_SYMBOL_LEVEL,VND,2026-08-25T04:25:44Z,ff_hsx_symbol_daily_v1,6d124aa19949650143062709f3b28eaa40139fb519cc98cd8f4b86d03ae152c4
2019-12-04,TCB,HOSE,19051532000.0,19051532000.0,0.0,790520.0,790520.0,0.0,19051532000.0,19051532000.0,790520.0,790520.0,22550.0,23450.0,22550.0,23450.0,22890.0,HSX_FOREIGN_API,HOSE_SYMBOL_LEVEL,VND,2026-08-25T04:25:44Z,ff_hsx_symbol_daily_v1,55a195c380f1e7297ea5e39d6d0c65d14a0a3faafb7cc149aa61253a47156cf2
2019-12-05,TCB,HOSE,0.0,0.0,0.0,0.0,0.0,0.0,0.0,0.0,0.0,0.0,23450.0,23550.0,23100.0,23250.0,23340.0,HSX_FOREIGN_API,HOSE_SYMBOL_LEVEL,VND,2026-08-25T04:25:44Z,ff_hsx_symbol_daily_v1,97b697627695364ef26bec94d6f5457b468281ef5202cf9cd4f7586a95d9fb1a
2019-12-06,TCB,HOSE,0.0,0.0,0.0,0.0,0.0,0.0,0.0,0.0,0.0,0.0,23250.0,23400.0,23100.0,23150.0,23220.0,HSX_FOREIGN_API,HOSE_SYMBOL_LEVEL,VND,2026-08-25T04:25:44Z,ff_hsx_symbol_daily_v1,431fc7b23992aeef28045a787c2d5bab715426ac9d8f6c7b5973aa6dd9c57896
2019-12-09,TCB,HOSE,3093750000.0,3093750000.0,0.0,125000.0,125000.0,0.0,3093750000.0,3093750000.0,125000.0,125000.0,23150.0,23250.0,22700.0,22800.0,22950.0,HSX_FOREIGN_API,HOSE_SYMBOL_LEVEL,VND,2026-08-25T04:25:44Z,ff_hsx_symbol_daily_v1,56896137fa582bb4f159adac99e9ab027ba20de4844393ad727d5ee302db171c
2019-12-10,TCB,HOSE,0.0,0.0,0.0,0.0,0.0,0.0,0.0,0.0,0.0,0.0,22750.0,22800.0,22300.0,22400.0,22500.0,HSX_FOREIGN_API,HOSE_SYMBOL_LEVEL,VND,2026-08-25T04:25:44Z,ff_hsx_symbol_daily_v1,ec04b2c906b6ff3636bed22fdc67c2b586f5024cbf4e530cdf000c5b039bb65c
2019-12-11,TCB,HOSE,0.0,0.0,0.0,0.0,0.0,0.0,0.0,0.0,0.0,0.0,22500.0,22750.0,22500.0,22700.0,22600.0,HSX_FOREIGN_API,HOSE_SYMBOL_LEVEL,VND,2026-08-25T04:25:44Z,ff_hsx_symbol_daily_v1,d5b73dfd304d3f66ed46547a50e3dfffd98944612795b947cf5ec23a643c44ae
2019-12-12,TCB,HOSE,47044757500.0,47044757500.0,0.0,1939990.0,1939990.0,0.0,47044757500.0,47044757500.0,1939990.0,1939990.0,22650.0,23300.0,22650.0,23150.0,23070.0,HSX_FOREIGN_API,HOSE_SYMBOL_LEVEL,VND,2026-08-25T04:25:44Z,ff_hsx_symbol_daily_v1,a279d4defb6391626412381aae99b48e839d9d2fb4ae4a602feb27178c1ff4ea
2019-12-13,TCB,HOSE,742500000.0,742500000.0,0.0,30000.0,30000.0,0.0,742500000.0,742500000.0,30000.0,30000.0,23200.0,23250.0,23000.0,23150.0,23120.0,HSX_FOREIGN_API,HOSE_SYMBOL_LEVEL,VND,2026-08-25T04:25:44Z,ff_hsx_symbol_daily_v1,4be7c02173cf41b41982c23fb6eefeeb25bbcf2f224a1d389c4f7091efe6c77f
2019-12-16,TCB,HOSE,0.0,0.0,0.0,0.0,0.0,0.0,0.0,0.0,0.0,0.0,23000.0,23150.0,22900.0,23150.0,22990.0,HSX_FOREIGN_API,HOSE_SYMBOL_LEVEL,VND,2026-08-25T04:25:44Z,ff_hsx_symbol_daily_v1,3cb8f388246257e840936a2113db6289b2dac2a5d234160ea6aa7b57b7b02f67
2019-12-17,TCB,HOSE,5775412500.0,5775642500.0,-230000.0,233350.0,233360.0,-10.0,5775412500.0,5775412500.0,233350.0,233350.0,23100.0,23150.0,22750.0,22750.0,22890.0,HSX_FOREIGN_API,HOSE_SYMBOL_LEVEL,VND,2026-08-25T04:25:44Z,ff_hsx_symbol_daily_v1,cef474a7c37c1a644bd14bcfc3a675d868f0270c98613af364581e29b26bfa95
2019-12-18,TCB,HOSE,0.0,339225000.0,-339225000.0,0.0,15000.0,-15000.0,0.0,0.0,0.0,0.0,22700.0,22800.0,22600.0,22700.0,22660.0,HSX_FOREIGN_API,HOSE_SYMBOL_LEVEL,VND,2026-08-25T04:25:44Z,ff_hsx_symbol_daily_v1,a65c2c816ff0869ead0b34b8a9e1c5880417b610aeb666637db8fb7f51ca0150
2019-12-19,TCB,HOSE,0.0,0.0,0.0,0.0,0.0,0.0,0.0,0.0,0.0,0.0,22600.0,22750.0,22300.0,22350.0,22450.0,HSX_FOREIGN_API,HOSE_SYMBOL_LEVEL,VND,2026-08-25T04:25:44Z,ff_hsx_symbol_daily_v1,2f9188438001299912cf2dcce6cbd9e34a967373e5f0be6d831c2e9132983dfd
2019-12-20,TCB,HOSE,5726186000.0,5725962000.0,224000.0,239590.0,239580.0,10.0,5725962000.0,5725962000.0,239580.0,239580.0,22400.0,22800.0,22400.0,22800.0,22660.0,HSX_FOREIGN_API,HOSE_SYMBOL_LEVEL,VND,2026-08-25T04:25:44Z,ff_hsx_symbol_daily_v1,7386ad9a062ba19d4a0f6080d0c90216264c10c3ef5b4be5cfa64345b85e591f
2019-12-23,TCB,HOSE,832000000.0,487000000.0,345000000.0,35000.0,20000.0,15000.0,487000000.0,487000000.0,20000.0,20000.0,23000.0,23250.0,22900.0,23100.0,23110.0,HSX_FOREIGN_API,HOSE_SYMBOL_LEVEL,VND,2026-08-25T04:25:44Z,ff_hsx_symbol_daily_v1,08e7b94eccbb03ad1bd80115d23f569fb3941df10cb276b53a4aa951fdf6a116
2019-12-24,TCB,HOSE,0.0,0.0,0.0,0.0,0.0,0.0,0.0,0.0,0.0,0.0,23150.0,23150.0,22850.0,23000.0,22980.0,HSX_FOREIGN_API,HOSE_SYMBOL_LEVEL,VND,2026-08-25T04:25:44Z,ff_hsx_symbol_daily_v1,7911a3700c208750b6e5258f4632fa31edae055a362d1b38a12593795f3b0aa6
2019-12-25,TCB,HOSE,0.0,0.0,0.0,0.0,0.0,0.0,0.0,0.0,0.0,0.0,23000.0,23150.0,22950.0,23000.0,23030.0,HSX_FOREIGN_API,HOSE_SYMBOL_LEVEL,VND,2026-08-25T04:25:44Z,ff_hsx_symbol_daily_v1,427ff135397bcdc8b1b1f15cc9fd6b8b89491cd4cd983f262c477f754f909d37
2019-12-26,TCB,HOSE,710448000.0,710448000.0,0.0,28880.0,28880.0,0.0,710448000.0,710448000.0,28880.0,28880.0,23000.0,23050.0,22900.0,23050.0,23000.0,HSX_FOREIGN_API,HOSE_SYMBOL_LEVEL,VND,2026-08-25T04:25:44Z,ff_hsx_symbol_daily_v1,6851e2745226eba0a5eb9fbb287b0fed83e79911af9b89ff181c758c32e100f6
2019-12-27,TCB,HOSE,9450810000.0,9450810000.0,0.0,383400.0,383400.0,0.0,9450810000.0,9450810000.0,383400.0,383400.0,23050.0,23200.0,22950.0,23200.0,23080.0,HSX_FOREIGN_API,HOSE_SYMBOL_LEVEL,VND,2026-08-25T04:25:44Z,ff_hsx_symbol_daily_v1,1632b34da6874cfd4345926df0d395a52eaf8d932fedf65247713a424d83e856
2019-12-30,TCB,HOSE,0.0,0.0,0.0,0.0,0.0,0.0,0.0,0.0,0.0,0.0,23500.0,23950.0,23350.0,23450.0,23670.0,HSX_FOREIGN_API,HOSE_SYMBOL_LEVEL,VND,2026-08-25T04:25:44Z,ff_hsx_symbol_daily_v1,a11f50268b60b27bbb8e801a2eade612414f0e8e25ea3836a3c14f373733a99a
2019-12-31,TCB,HOSE,0.0,0.0,0.0,0.0,0.0,0.0,0.0,0.0,0.0,0.0,23450.0,23750.0,23450.0,23550.0,23500.0,HSX_FOREIGN_API,HOSE_SYMBOL_LEVEL,VND,2026-08-25T04:25:44Z,ff_hsx_symbol_daily_v1,58a00233a0fbe9c60f969423cda06d3c53494eb93082dc60b47083d72ff1f0d8
2020-01-02,TCB,HOSE,564114500.0,610037000.0,-45922500.0,22430.0,24380.0,-1950.0,564114500.0,564114500.0,22430.0,22430.0,23550.0,23850.0,23500.0,23800.0,23740.0,HSX_FOREIGN_API,HOSE_SYMBOL_LEVEL,VND,2026-08-25T04:25:44Z,ff_hsx_symbol_daily_v1,a23535ce6391a7386621b3adeb3d545e0a17ff591942195f8eabe35295952535
2020-01-03,TCB,HOSE,0.0,0.0,0.0,0.0,0.0,0.0,0.0,0.0,0.0,0.0,23900.0,23950.0,23650.0,23650.0,23770.0,HSX_FOREIGN_API,HOSE_SYMBOL_LEVEL,VND,2026-08-25T04:25:44Z,ff_hsx_symbol_daily_v1,b0db9608c443302523b8c98cda834aa47998a1447d80bfadc6ddc77d6aa13b93
2020-01-06,TCB,HOSE,0.0,0.0,0.0,0.0,0.0,0.0,0.0,0.0,0.0,0.0,23400.0,23400.0,23050.0,23050.0,23230.0,HSX_FOREIGN_API,HOSE_SYMBOL_LEVEL,VND,2026-08-25T04:25:44Z,ff_hsx_symbol_daily_v1,5199c5b149e6c8d2ce80b3f678f4ecb051889dfdddf59a5590ef361f6736da1a
2020-01-07,TCB,HOSE,44947500.0,0.0,44947500.0,1950.0,0.0,1950.0,0.0,0.0,0.0,0.0,23050.0,23200.0,23000.0,23200.0,23110.0,HSX_FOREIGN_API,HOSE_SYMBOL_LEVEL,VND,2026-08-25T04:25:44Z,ff_hsx_symbol_daily_v1,00297a7a195620c272bceb11465bbec0ee0243da6d521e6fb47069415a66dbf7
2020-01-08,TCB,HOSE,0.0,0.0,0.0,0.0,0.0,0.0,0.0,0.0,0.0,0.0,22800.0,23050.0,22600.0,22750.0,22860.0,HSX_FOREIGN_API,HOSE_SYMBOL_LEVEL,VND,2026-08-25T04:25:44Z,ff_hsx_symbol_daily_v1,5ac420a56d1e204d1d9a2df25f18e1a8aa2e26cfeb445807f6a73f2273d56783
2020-01-09,TCB,HOSE,0.0,0.0,0.0,0.0,0.0,0.0,0.0,0.0,0.0,0.0,23000.0,23100.0,22850.0,23050.0,22990.0,HSX_FOREIGN_API,HOSE_SYMBOL_LEVEL,VND,2026-08-25T04:25:44Z,ff_hsx_symbol_daily_v1,43227282a5c9604891524e00e29f948f3c323f0c85582a57aee5488d6521c6aa
2020-01-10,TCB,HOSE,0.0,0.0,0.0,0.0,0.0,0.0,0.0,0.0,0.0,0.0,23000.0,23500.0,23000.0,23150.0,23200.0,HSX_FOREIGN_API,HOSE_SYMBOL_LEVEL,VND,2026-08-25T04:25:44Z,ff_hsx_symbol_daily_v1,aa2f475e3e80f0222bed7bf035fa14bfbc7a117bc8e75e33f47162ae6529fb74
2020-01-13,TCB,HOSE,0.0,0.0,0.0,0.0,0.0,0.0,0.0,0.0,0.0,0.0,23000.0,23150.0,22750.0,22950.0,22920.0,HSX_FOREIGN_API,HOSE_SYMBOL_LEVEL,VND,2026-08-25T04:25:44Z,ff_hsx_symbol_daily_v1,af98260468e19ed2329be08f099d95a7aec6e13798d6b1ecd9f255db4a3a7684
2020-01-14,TCB,HOSE,11686536500.0,11686536500.0,0.0,476030.0,476030.0,0.0,11686536500.0,11686536500.0,476030.0,476030.0,22950.0,23050.0,22900.0,22900.0,22970.0,HSX_FOREIGN_API,HOSE_SYMBOL_LEVEL,VND,2026-08-25T04:25:44Z,ff_hsx_symbol_daily_v1,d433bf50655ea6c24654aa9b0361a48787187ed6885470292b7cfb181f236a36
2020-01-15,TCB,HOSE,0.0,0.0,0.0,0.0,0.0,0.0,0.0,0.0,0.0,0.0,22900.0,23000.0,22800.0,22900.0,22890.0,HSX_FOREIGN_API,HOSE_SYMBOL_LEVEL,VND,2026-08-25T04:25:44Z,ff_hsx_symbol_daily_v1,09de27511e2ad0b8fa6db30d5500611882717f11aec7293b615cb640458b693f
2020-01-16,TCB,HOSE,0.0,0.0,0.0,0.0,0.0,0.0,0.0,0.0,0.0,0.0,22900.0,23350.0,22900.0,23300.0,23130.0,HSX_FOREIGN_API,HOSE_SYMBOL_LEVEL,VND,2026-08-25T04:25:44Z,ff_hsx_symbol_daily_v1,7b999d43dda87f1f4f5ff8410b846889bf4fb7fbf6fab88821c01a156a0b481f
2020-01-17,TCB,HOSE,0.0,0.0,0.0,0.0,0.0,0.0,0.0,0.0,0.0,0.0,23400.0,23600.0,23300.0,23400.0,23390.0,HSX_FOREIGN_API,HOSE_SYMBOL_LEVEL,VND,2026-08-25T04:25:44Z,ff_hsx_symbol_daily_v1,eea80a329a38a25681fe4c9ed107cf28d6a4f56fa9f6cf0192820692ebd2e7f2
2020-01-20,TCB,HOSE,0.0,0.0,0.0,0.0,0.0,0.0,0.0,0.0,0.0,0.0,23300.0,23450.0,23200.0,23350.0,23300.0,HSX_FOREIGN_API,HOSE_SYMBOL_LEVEL,VND,2026-08-25T04:25:44Z,ff_hsx_symbol_daily_v1,3c7e58135327b9879e809565d9f7f8f4fce223b05e870d38f3076d20aa651afb
2020-01-21,TCB,HOSE,3330825000.0,3330825000.0,0.0,133500.0,133500.0,0.0,3330825000.0,3330825000.0,133500.0,133500.0,23450.0,24050.0,23400.0,24050.0,23770.0,HSX_FOREIGN_API,HOSE_SYMBOL_LEVEL,VND,2026-08-25T04:25:44Z,ff_hsx_symbol_daily_v1,f8f3d588f775f95ae9bec4c523fb96a84ccfb4ea41f3a67cfbdd0a7969ab9e6d
2020-01-22,TCB,HOSE,0.0,0.0,0.0,0.0,0.0,0.0,0.0,0.0,0.0,0.0,24250.0,24250.0,23950.0,24200.0,24100.0,HSX_FOREIGN_API,HOSE_SYMBOL_LEVEL,VND,2026-08-25T04:25:44Z,ff_hsx_symbol_daily_v1,cc2c843c9a4240e4b80d2429b5b19a3da8df74b671927eff4022e95d43b81580
2020-01-30,TCB,HOSE,4006750000.0,4006750000.0,0.0,155000.0,155000.0,0.0,4006750000.0,4006750000.0,155000.0,155000.0,23500.0,23800.0,22750.0,22900.0,23220.0,HSX_FOREIGN_API,HOSE_SYMBOL_LEVEL,VND,2026-08-25T04:25:44Z,ff_hsx_symbol_daily_v1,8639599b1be5b3fdfff920fc00f146bbb9b14fd61051909693efc98726d78e20
2020-01-31,TCB,HOSE,0.0,0.0,0.0,0.0,0.0,0.0,0.0,0.0,0.0,0.0,22650.0,22900.0,21600.0,21600.0,22340.0,HSX_FOREIGN_API,HOSE_SYMBOL_LEVEL,VND,2026-08-25T04:25:44Z,ff_hsx_symbol_daily_v1,d486671312cee32ef1047d09faae1909688e0a68e7fc213600c094ff04c59584
2020-02-03,TCB,HOSE,0.0,0.0,0.0,0.0,0.0,0.0,0.0,0.0,0.0,0.0,20500.0,22100.0,20350.0,21450.0,20900.0,HSX_FOREIGN_API,HOSE_SYMBOL_LEVEL,VND,2026-08-25T04:25:44Z,ff_hsx_symbol_daily_v1,339489bd0582d513cdd16e7126ac38d50e6cf36acc56000ec6f349b38d119345
2020-02-04,TCB,HOSE,0.0,28380000.0,-28380000.0,0.0,1320.0,-1320.0,0.0,0.0,0.0,0.0,21500.0,21900.0,21200.0,21750.0,21590.0,HSX_FOREIGN_API,HOSE_SYMBOL_LEVEL,VND,2026-08-25T04:25:44Z,ff_hsx_symbol_daily_v1,4e868a166de0688a01a77857ebb26028b7c5899a4f6a2c004d9b786d576ba264
2020-02-05,TCB,HOSE,0.0,0.0,0.0,0.0,0.0,0.0,0.0,0.0,0.0,0.0,22000.0,22150.0,21550.0,21750.0,21840.0,HSX_FOREIGN_API,HOSE_SYMBOL_LEVEL,VND,2026-08-25T04:25:44Z,ff_hsx_symbol_daily_v1,30002d3026f4f7f671e3c65640f5120c5d29721a31ba11c14010a4fcc3666e1b
2020-02-06,TCB,HOSE,0.0,0.0,0.0,0.0,0.0,0.0,0.0,0.0,0.0,0.0,21650.0,22450.0,21500.0,22350.0,22050.0,HSX_FOREIGN_API,HOSE_SYMBOL_LEVEL,VND,2026-08-25T04:25:44Z,ff_hsx_symbol_daily_v1,9c6be58e128fae76c8fdf3df3629809596003eb34df1f647e9aa113cfce129ac
2020-02-07,TCB,HOSE,29502000.0,0.0,29502000.0,1320.0,0.0,1320.0,0.0,0.0,0.0,0.0,22350.0,22350.0,21900.0,22150.0,22100.0,HSX_FOREIGN_API,HOSE_SYMBOL_LEVEL,VND,2026-08-25T04:25:44Z,ff_hsx_symbol_daily_v1,ddd7a90fd60b9cd1e22695815d2362eab0d29c27f7a1390e8c66a1956ae037d7
2020-02-10,TCB,HOSE,19657728000.0,19661652000.0,-3924000.0,829440.0,829620.0,-180.0,19657728000.0,19657728000.0,829440.0,829440.0,21900.0,22000.0,21650.0,21850.0,21850.0,HSX_FOREIGN_API,HOSE_SYMBOL_LEVEL,VND,2026-08-25T04:25:44Z,ff_hsx_symbol_daily_v1,6d09f4a133870b1371266fed1f39c70b6070a352c05926cc97e0d882ab2a1341
2020-02-11,TCB,HOSE,0.0,0.0,0.0,0.0,0.0,0.0,0.0,0.0,0.0,0.0,21850.0,22300.0,21850.0,22150.0,22050.0,HSX_FOREIGN_API,HOSE_SYMBOL_LEVEL,VND,2026-08-25T04:25:44Z,ff_hsx_symbol_daily_v1,c7a925ca1e80a9129447157dda73e2efd310a25895a0919430ca98d83978703e
2020-02-12,TCB,HOSE,544270500000.0,544270500000.0,0.0,22965000.0,22965000.0,0.0,544270500000.0,544270500000.0,22965000.0,22965000.0,22300.0,22950.0,22200.0,22650.0,22630.0,HSX_FOREIGN_API,HOSE_SYMBOL_LEVEL,VND,2026-08-25T04:25:44Z,ff_hsx_symbol_daily_v1,6e1b4bc2c39426ac71aa24d188efe03fe8478840c744b12fc6dddd47e2bf6621
2020-02-13,TCB,HOSE,1992815000.0,1988756000.0,4059000.0,82360.0,82180.0,180.0,1988756000.0,1988756000.0,82180.0,82180.0,22550.0,22650.0,22400.0,22600.0,22520.0,HSX_FOREIGN_API,HOSE_SYMBOL_LEVEL,VND,2026-08-25T04:25:44Z,ff_hsx_symbol_daily_v1,f3f71e997c914c75f457579cde4a819e25f15649d83bda4992715e3e0f0d1f76
2020-02-14,TCB,HOSE,483000000.0,483000000.0,0.0,20000.0,20000.0,0.0,483000000.0,483000000.0,20000.0,20000.0,23100.0,23400.0,22900.0,23300.0,23200.0,HSX_FOREIGN_API,HOSE_SYMBOL_LEVEL,VND,2026-08-25T04:25:44Z,ff_hsx_symbol_daily_v1,bd2946f523ef841fbc4822dfb7622cfe54296084cad91f1ad647a0083002a2dd
2020-02-17,TCB,HOSE,0.0,115830000.0,-115830000.0,0.0,4950.0,-4950.0,0.0,0.0,0.0,0.0,23400.0,23900.0,23250.0,23800.0,23640.0,HSX_FOREIGN_API,HOSE_SYMBOL_LEVEL,VND,2026-08-25T04:25:44Z,ff_hsx_symbol_daily_v1,eeb351c3ded3e4109e8dfcfbdee907af20d695751632985ac572c99e6df93194
2020-02-18,TCB,HOSE,0.0,0.0,0.0,0.0,0.0,0.0,0.0,0.0,0.0,0.0,23800.0,24100.0,23550.0,23700.0,23870.0,HSX_FOREIGN_API,HOSE_SYMBOL_LEVEL,VND,2026-08-25T04:25:44Z,ff_hsx_symbol_daily_v1,2eb7d190417378da0d2402b813728d1edaccdc064c988155f45c4624927b9369
2020-02-19,TCB,HOSE,0.0,0.0,0.0,0.0,0.0,0.0,0.0,0.0,0.0,0.0,23600.0,23700.0,23450.0,23650.0,23550.0,HSX_FOREIGN_API,HOSE_SYMBOL_LEVEL,VND,2026-08-25T04:25:44Z,ff_hsx_symbol_daily_v1,d5c72b3919267b24155ac94565f1ffe96f74f546d4cb91af1f815693ae4ef9f3
2020-02-20,TCB,HOSE,117315000.0,0.0,117315000.0,4950.0,0.0,4950.0,0.0,0.0,0.0,0.0,23700.0,23900.0,23300.0,23500.0,23560.0,HSX_FOREIGN_API,HOSE_SYMBOL_LEVEL,VND,2026-08-25T04:25:44Z,ff_hsx_symbol_daily_v1,747ddf4dfca9bdb4815983ffbb8a299817fe204a4eba85c52013f16b14c8b5e6
2020-02-21,TCB,HOSE,0.0,0.0,0.0,0.0,0.0,0.0,0.0,0.0,0.0,0.0,23400.0,23700.0,23100.0,23100.0,23390.0,HSX_FOREIGN_API,HOSE_SYMBOL_LEVEL,VND,2026-08-25T04:25:44Z,ff_hsx_symbol_daily_v1,e67465fd59c947b33b6ebc9f6c98119099ccf5a44eebcb9377493eefe2352008
2020-02-24,TCB,HOSE,0.0,0.0,0.0,0.0,0.0,0.0,0.0,0.0,0.0,0.0,22750.0,22750.0,21500.0,21500.0,21790.0,HSX_FOREIGN_API,HOSE_SYMBOL_LEVEL,VND,2026-08-25T04:25:44Z,ff_hsx_symbol_daily_v1,f3c74e3ee962662f542934ded7c6f9a47080fdc2981f2e14c6c8f0aeb24c6787
2020-02-25,TCB,HOSE,0.0,0.0,0.0,0.0,0.0,0.0,0.0,0.0,0.0,0.0,21000.0,22250.0,20800.0,22200.0,21590.0,HSX_FOREIGN_API,HOSE_SYMBOL_LEVEL,VND,2026-08-25T04:25:44Z,ff_hsx_symbol_daily_v1,ffcdb0b933f8598abfe080f285ab18301930b4c59f09d7737804cce18aa02c32
2020-02-26,TCB,HOSE,0.0,0.0,0.0,0.0,0.0,0.0,0.0,0.0,0.0,0.0,21750.0,22500.0,21600.0,22350.0,22170.0,HSX_FOREIGN_API,HOSE_SYMBOL_LEVEL,VND,2026-08-25T04:25:44Z,ff_hsx_symbol_daily_v1,95b257f5931ede13092cebd46968231876fa27d126159e329fd54322c21b910a
2020-02-27,TCB,HOSE,22441622000.0,22441622000.0,0.0,938980.0,938980.0,0.0,22441622000.0,22441622000.0,938980.0,938980.0,22350.0,22750.0,22200.0,22750.0,22520.0,HSX_FOREIGN_API,HOSE_SYMBOL_LEVEL,VND,2026-08-25T04:25:44Z,ff_hsx_symbol_daily_v1,077e8a0f707cc402b919dbded8ce417b11b2e149388afca714777b2c2d8bedaa
2020-02-28,TCB,HOSE,0.0,0.0,0.0,0.0,0.0,0.0,0.0,0.0,0.0,0.0,22000.0,22400.0,21850.0,22250.0,22090.0,HSX_FOREIGN_API,HOSE_SYMBOL_LEVEL,VND,2026-08-25T04:25:44Z,ff_hsx_symbol_daily_v1,ca930e61c588014eca222c8d93c3be04edd19f0956b820118f9feada3ca4cd35
2020-03-02,TCB,HOSE,0.0,0.0,0.0,0.0,0.0,0.0,0.0,0.0,0.0,0.0,22400.0,22650.0,22100.0,22500.0,22390.0,HSX_FOREIGN_API,HOSE_SYMBOL_LEVEL,VND,2026-08-25T04:25:44Z,ff_hsx_symbol_daily_v1,71ac150c0d168029f11f28c37af6ba76eda076d3cbfe1a7ebdd4ecfe12759627
2020-03-03,TCB,HOSE,10651023500.0,10651023500.0,0.0,442870.0,442870.0,0.0,10651023500.0,10651023500.0,442870.0,442870.0,22850.0,23000.0,22500.0,22500.0,22750.0,HSX_FOREIGN_API,HOSE_SYMBOL_LEVEL,VND,2026-08-25T04:25:44Z,ff_hsx_symbol_daily_v1,b79152c6d339299e89a30d696e16ecbdbf073201f69333204ddc473f1a4a9724
2020-03-04,TCB,HOSE,0.0,0.0,0.0,0.0,0.0,0.0,0.0,0.0,0.0,0.0,22350.0,22600.0,22200.0,22550.0,22340.0,HSX_FOREIGN_API,HOSE_SYMBOL_LEVEL,VND,2026-08-25T04:25:44Z,ff_hsx_symbol_daily_v1,41e3b9685fc075b0788fdaf4b977c495887e9255acc168f7a18650ae6a9287b3
2020-03-05,TCB,HOSE,1851603000.0,2818118000.0,-966515000.0,76830.0,119720.0,-42890.0,1851603000.0,1851603000.0,76830.0,76830.0,22550.0,22850.0,22300.0,22300.0,22550.0,HSX_FOREIGN_API,HOSE_SYMBOL_LEVEL,VND,2026-08-25T04:25:44Z,ff_hsx_symbol_daily_v1,19dd6dd265b6c690efdb05da5ade04f8f85c3a874c8623cba1ed4d1e08bd9846
2020-03-06,TCB,HOSE,0.0,0.0,0.0,0.0,0.0,0.0,0.0,0.0,0.0,0.0,22200.0,22200.0,21800.0,22050.0,21970.0,HSX_FOREIGN_API,HOSE_SYMBOL_LEVEL,VND,2026-08-25T04:25:44Z,ff_hsx_symbol_daily_v1,9e9c6a5b5b239a369610cbd8c45eb0ff5007c4067ebc4f65837a0f1a310e1913
2020-03-09,TCB,HOSE,103077949650.0,103077949650.0,0.0,4376983.0,4376983.0,0.0,103077949650.0,103077949650.0,4376983.0,4376983.0,20650.0,21000.0,20550.0,20550.0,20630.0,HSX_FOREIGN_API,HOSE_SYMBOL_LEVEL,VND,2026-08-25T04:25:44Z,ff_hsx_symbol_daily_v1,9ff31e54002c84c38c5a82595f5d47e04c66eeb4eb548f56f6fdbd0540700873
2020-03-10,TCB,HOSE,941435500.0,0.0,941435500.0,42890.0,0.0,42890.0,941435500.0,0.0,42890.0,0.0,20400.0,21000.0,20100.0,20700.0,20520.0,HSX_FOREIGN_API,HOSE_SYMBOL_LEVEL,VND,2026-08-25T04:25:44Z,ff_hsx_symbol_daily_v1,3fa7a65026d1766b02830c0a793eeeb7a41d891df39b3cc9197fb02b578ea290
2020-03-11,TCB,HOSE,0.0,0.0,0.0,0.0,0.0,0.0,0.0,0.0,0.0,0.0,20800.0,20950.0,19300.0,19300.0,19720.0,HSX_FOREIGN_API,HOSE_SYMBOL_LEVEL,VND,2026-08-25T04:25:44Z,ff_hsx_symbol_daily_v1,82bfb99348557fc740ed5942d6968d2a1f07c1008698bbdbfc615266f704d6e0
2020-03-12,TCB,HOSE,2279760000.0,2279760000.0,0.0,110400.0,110400.0,0.0,2279760000.0,2279760000.0,110400.0,110400.0,18000.0,18500.0,17950.0,17950.0,18000.0,HSX_FOREIGN_API,HOSE_SYMBOL_LEVEL,VND,2026-08-25T04:25:44Z,ff_hsx_symbol_daily_v1,6f99e621e0c4d7c8a2b3260691113ddee1f37dbf86765c0c2c30276f014d9be8
2020-03-13,TCB,HOSE,3227328000.0,3227328000.0,0.0,168090.0,168090.0,0.0,3227328000.0,3227328000.0,168090.0,168090.0,16700.0,18550.0,16700.0,18250.0,17360.0,HSX_FOREIGN_API,HOSE_SYMBOL_LEVEL,VND,2026-08-25T04:25:44Z,ff_hsx_symbol_daily_v1,535e9e2331ce7f9b2af87105c2ce6200f2fb02488da6ff4a2462530b3b17cfa5
2020-03-16,TCB,HOSE,7166640000.0,7183940000.0,-17300000.0,367520.0,368520.0,-1000.0,7166640000.0,7166640000.0,367520.0,367520.0,18250.0,18250.0,17200.0,17450.0,17630.0,HSX_FOREIGN_API,HOSE_SYMBOL_LEVEL,VND,2026-08-25T04:25:44Z,ff_hsx_symbol_daily_v1,7301cbee625fde46bdd19f3edab8facef83495a176d461f96911bde3ac011f7a
2020-03-17,TCB,HOSE,17707988500.0,17720901500.0,-12913000.0,949490.0,950230.0,-740.0,17707988500.0,17707988500.0,949490.0,949490.0,17000.0,17950.0,16850.0,17950.0,17320.0,HSX_FOREIGN_API,HOSE_SYMBOL_LEVEL,VND,2026-08-25T04:25:44Z,ff_hsx_symbol_daily_v1,0fc9cefaff5870d4c695f5e31cd088074419122f653c7915404000e1b7dc21a2
2020-03-18,TCB,HOSE,0.0,0.0,0.0,0.0,0.0,0.0,0.0,0.0,0.0,0.0,18100.0,18200.0,17700.0,17950.0,17910.0,HSX_FOREIGN_API,HOSE_SYMBOL_LEVEL,VND,2026-08-25T04:25:44Z,ff_hsx_symbol_daily_v1,e1db0e37a0498478a14845314bdd88948818f494545b1c2ea3e996627a859f69
2020-03-19,TCB,HOSE,8409600000.0,9100987000.0,-691387000.0,438000.0,477790.0,-39790.0,8409600000.0,8409600000.0,438000.0,438000.0,17600.0,17800.0,17150.0,17250.0,17330.0,HSX_FOREIGN_API,HOSE_SYMBOL_LEVEL,VND,2026-08-25T04:25:44Z,ff_hsx_symbol_daily_v1,f22637d563b1b4d5c0e85c9253cf608f839b5a7a660c836d24fc22269a137c78
2020-03-20,TCB,HOSE,15879913000.0,15867000000.0,12913000.0,860740.0,860000.0,740.0,15867000000.0,15867000000.0,860000.0,860000.0,17450.0,17500.0,17150.0,17350.0,17320.0,HSX_FOREIGN_API,HOSE_SYMBOL_LEVEL,VND,2026-08-25T04:25:44Z,ff_hsx_symbol_daily_v1,59f4e2b539296b819e5e21dba9ca7aea6f59b4025a8887dcad59e43de90fda13
2020-03-23,TCB,HOSE,45976989000.0,45976989000.0,0.0,2487180.0,2487180.0,0.0,45976989000.0,45976989000.0,2487180.0,2487180.0,16200.0,17000.0,16150.0,16150.0,16220.0,HSX_FOREIGN_API,HOSE_SYMBOL_LEVEL,VND,2026-08-25T04:25:44Z,ff_hsx_symbol_daily_v1,a94021736e0bd9efc152cb955929629d404b2edbe03577ba02853f9896a4c369
2020-03-24,TCB,HOSE,2059822500.0,1403287500.0,656535000.0,121140.0,81350.0,39790.0,1403287500.0,1403287500.0,81350.0,81350.0,16500.0,16500.0,16000.0,16100.0,16160.0,HSX_FOREIGN_API,HOSE_SYMBOL_LEVEL,VND,2026-08-25T04:25:44Z,ff_hsx_symbol_daily_v1,875a8086dfd18450d3713e7341b8a6f96641d3f37b10c0863d626759987d0750
2020-03-25,TCB,HOSE,30925600000.0,30925600000.0,0.0,1798000.0,1798000.0,0.0,30925600000.0,30925600000.0,1798000.0,1798000.0,16500.0,16700.0,16300.0,16600.0,16470.0,HSX_FOREIGN_API,HOSE_SYMBOL_LEVEL,VND,2026-08-25T04:25:44Z,ff_hsx_symbol_daily_v1,36f05b7b911a8912f0ef05310c63ea5797956e549f05b4a63af7cb87c5381fed
2020-03-26,TCB,HOSE,75097587500.0,75308372000.0,-210784500.0,4230850.0,4243850.0,-13000.0,75097587500.0,75097587500.0,4230850.0,4230850.0,16600.0,16600.0,16100.0,16100.0,16230.0,HSX_FOREIGN_API,HOSE_SYMBOL_LEVEL,VND,2026-08-25T04:25:44Z,ff_hsx_symbol_daily_v1,28306849e3e1dce41ff795fc3d09aa86c7746fec69ea95f1a5648b2b1c8f51ba
2020-03-27,TCB,HOSE,2064000000.0,2064000000.0,0.0,120000.0,120000.0,0.0,2064000000.0,2064000000.0,120000.0,120000.0,16150.0,16200.0,15600.0,16000.0,15930.0,HSX_FOREIGN_API,HOSE_SYMBOL_LEVEL,VND,2026-08-25T04:25:44Z,ff_hsx_symbol_daily_v1,f8cfd573d1aa02239ec046bb7bd2171f263daab637585cbb62c62a9d546e53be
2020-03-30,TCB,HOSE,2282850000.0,2282850000.0,0.0,133500.0,133500.0,0.0,2282850000.0,2282850000.0,133500.0,133500.0,15100.0,15500.0,14900.0,14900.0,14990.0,HSX_FOREIGN_API,HOSE_SYMBOL_LEVEL,VND,2026-08-25T04:25:44Z,ff_hsx_symbol_daily_v1,c6710b4260a47f5fc520315ce13333d0e5d0f682e16f250c1262a6144ec36293
2020-03-31,TCB,HOSE,195000000.0,0.0,195000000.0,13000.0,0.0,13000.0,0.0,0.0,0.0,0.0,15000.0,15500.0,14000.0,15000.0,14930.0,HSX_FOREIGN_API,HOSE_SYMBOL_LEVEL,VND,2026-08-25T04:25:44Z,ff_hsx_symbol_daily_v1,138c03dc0426705071cdf3655719d60d170a95068107e57b121bebecfed2c94f
2020-04-01,TCB,HOSE,14398455000.0,14398455000.0,0.0,897100.0,897100.0,0.0,14398455000.0,14398455000.0,897100.0,897100.0,15000.0,15600.0,14350.0,15500.0,15270.0,HSX_FOREIGN_API,HOSE_SYMBOL_LEVEL,VND,2026-08-25T04:25:44Z,ff_hsx_symbol_daily_v1,1a1b000a4bcb18f9b69654daae01076360f78762eb114b15ec5f3cd5e7bb0655
2020-04-03,TCB,HOSE,0.0,0.0,0.0,0.0,0.0,0.0,0.0,0.0,0.0,0.0,15500.0,15950.0,15500.0,15850.0,15780.0,HSX_FOREIGN_API,HOSE_SYMBOL_LEVEL,VND,2026-08-25T04:25:44Z,ff_hsx_symbol_daily_v1,4e720eb12a157f2f2102665982612d1051e534db618afcdf8b23deb351683f21
2020-04-06,TCB,HOSE,42626368500.0,46016368500.0,-3390000000.0,2514830.0,2714830.0,-200000.0,42626368500.0,42626368500.0,2514830.0,2514830.0,16200.0,16950.0,16100.0,16950.0,16740.0,HSX_FOREIGN_API,HOSE_SYMBOL_LEVEL,VND,2026-08-25T04:25:44Z,ff_hsx_symbol_daily_v1,996d197f9b2dfb541fb5743f2da664585f5a4cee0429f51eab03449707a855f9
2020-04-07,TCB,HOSE,5346378000.0,5346378000.0,0.0,295380.0,295380.0,0.0,5346378000.0,5346378000.0,295380.0,295380.0,17000.0,17200.0,16800.0,16950.0,16980.0,HSX_FOREIGN_API,HOSE_SYMBOL_LEVEL,VND,2026-08-25T04:25:44Z,ff_hsx_symbol_daily_v1,c75e2cd825a04c31277651c44ccb9c39440e820d16413d08e09039e767b2788b
2020-04-08,TCB,HOSE,1245280000.0,5997498000.0,-4752218000.0,68800.0,355730.0,-286930.0,1245280000.0,1245280000.0,68800.0,68800.0,16800.0,16800.0,16300.0,16700.0,16580.0,HSX_FOREIGN_API,HOSE_SYMBOL_LEVEL,VND,2026-08-25T04:25:44Z,ff_hsx_symbol_daily_v1,c2ef18d1451b60d47b26e0798bae402cc82f368876360c000f1cb6c10933fd15
2020-04-09,TCB,HOSE,4602865500.0,1346500000.0,3256365500.0,270000.0,79000.0,191000.0,1193500000.0,1193500000.0,70000.0,70000.0,17100.0,17150.0,16850.0,16900.0,17000.0,HSX_FOREIGN_API,HOSE_SYMBOL_LEVEL,VND,2026-08-25T04:25:44Z,ff_hsx_symbol_daily_v1,efbeaf0503550faab9a50b4bc883ffc5ee721bb0e502e2d0560fed1263477ea4
2020-04-10,TCB,HOSE,909500000.0,909500000.0,0.0,53500.0,53500.0,0.0,909500000.0,909500000.0,53500.0,53500.0,16700.0,16950.0,16650.0,16750.0,16800.0,HSX_FOREIGN_API,HOSE_SYMBOL_LEVEL,VND,2026-08-25T04:25:44Z,ff_hsx_symbol_daily_v1,30f735f908abcb3e4e5b552e7059b2c51bae1a5a51af235867b69d7e896d1383
2020-04-13,TCB,HOSE,6353365500.0,1896147000.0,4457218500.0,367060.0,105930.0,261130.0,1896147000.0,1896147000.0,105930.0,105930.0,16750.0,17600.0,16750.0,17200.0,17210.0,HSX_FOREIGN_API,HOSE_SYMBOL_LEVEL,VND,2026-08-25T04:25:44Z,ff_hsx_symbol_daily_v1,f81f9c035f022dcfc87368666b5bb4507dde993121211732067e2606f3b0cb46
2020-04-14,TCB,HOSE,156150000.0,0.0,156150000.0,9000.0,0.0,9000.0,0.0,0.0,0.0,0.0,17350.0,17350.0,16900.0,17150.0,17120.0,HSX_FOREIGN_API,HOSE_SYMBOL_LEVEL,VND,2026-08-25T04:25:44Z,ff_hsx_symbol_daily_v1,37f5e252d698dbb6b944231f5e5356a2a814e8f686c93c6c84edc89b3f935d1f
2020-04-15,TCB,HOSE,5449032500.0,5449032500.0,0.0,296950.0,296950.0,0.0,5449032500.0,5449032500.0,296950.0,296950.0,17300.0,17550.0,17200.0,17550.0,17390.0,HSX_FOREIGN_API,HOSE_SYMBOL_LEVEL,VND,2026-08-25T04:25:44Z,ff_hsx_symbol_daily_v1,7f47456d2e17f8ee315e07d6b0a8292a5c01034a2dcef3e1f99ea3b9356b2edb
2020-04-16,TCB,HOSE,10590375000.0,10590375000.0,0.0,564820.0,564820.0,0.0,10590375000.0,10590375000.0,564820.0,564820.0,17500.0,17550.0,17200.0,17550.0,17400.0,HSX_FOREIGN_API,HOSE_SYMBOL_LEVEL,VND,2026-08-25T04:25:44Z,ff_hsx_symbol_daily_v1,4fc5136e024b7640eba20ed7b08543693f592c66ff6e5b7d078b4a333a31a4ae
2020-04-17,TCB,HOSE,44490375000.0,44490375000.0,0.0,2372820.0,2372820.0,0.0,44490375000.0,44490375000.0,2372820.0,2372820.0,17800.0,17850.0,17500.0,17750.0,17690.0,HSX_FOREIGN_API,HOSE_SYMBOL_LEVEL,VND,2026-08-25T04:25:44Z,ff_hsx_symbol_daily_v1,eec9159ce27d9e6ce5ef04677f7fcdb2e411a6cfce33c841a762b69e281ac403
2020-04-20,TCB,HOSE,20330886500.0,20330886500.0,0.0,1072870.0,1072870.0,0.0,20330886500.0,20330886500.0,1072870.0,1072870.0,17900.0,17950.0,17500.0,17700.0,17680.0,HSX_FOREIGN_API,HOSE_SYMBOL_LEVEL,VND,2026-08-25T04:25:44Z,ff_hsx_symbol_daily_v1,dc06c0ec223d27d737db82ffff9a4b4efc32e224e2d26ad267c8083e7359e3ff
2020-04-21,TCB,HOSE,0.0,0.0,0.0,0.0,0.0,0.0,0.0,0.0,0.0,0.0,17300.0,17400.0,16700.0,16850.0,17060.0,HSX_FOREIGN_API,HOSE_SYMBOL_LEVEL,VND,2026-08-25T04:25:44Z,ff_hsx_symbol_daily_v1,b493ffca60207b330d6a670c5cb76cc7472799d8731e9a81097b506a0b207b7a
2020-04-22,TCB,HOSE,3670740000.0,3670740000.0,0.0,203930.0,203930.0,0.0,3670740000.0,3670740000.0,203930.0,203930.0,16250.0,17200.0,16250.0,16900.0,16780.0,HSX_FOREIGN_API,HOSE_SYMBOL_LEVEL,VND,2026-08-25T04:25:44Z,ff_hsx_symbol_daily_v1,ded4ddac80fcf7c22b3c35100c179c95e137c3726ee37b81595c581408a299c8
2020-04-23,TCB,HOSE,72987160500.0,72987160500.0,0.0,4043610.0,4043610.0,0.0,72987160500.0,72987160500.0,4043610.0,4043610.0,17200.0,17300.0,16950.0,16950.0,17100.0,HSX_FOREIGN_API,HOSE_SYMBOL_LEVEL,VND,2026-08-25T04:25:44Z,ff_hsx_symbol_daily_v1,9c330ac7bd98f3d11dca60a534336200fd9df948d92e48d6e20414d8364a09a6
2020-04-24,TCB,HOSE,0.0,0.0,0.0,0.0,0.0,0.0,0.0,0.0,0.0,0.0,17100.0,17150.0,16900.0,17100.0,17030.0,HSX_FOREIGN_API,HOSE_SYMBOL_LEVEL,VND,2026-08-25T04:25:44Z,ff_hsx_symbol_daily_v1,33b5039a73e6ee06f5a3d63e38c6175f92621384f1b3ea8f093e02540402bbb8
2020-04-27,TCB,HOSE,11096000000.0,11096000000.0,0.0,608000.0,608000.0,0.0,11096000000.0,11096000000.0,608000.0,608000.0,17100.0,17250.0,17000.0,17050.0,17080.0,HSX_FOREIGN_API,HOSE_SYMBOL_LEVEL,VND,2026-08-25T04:25:44Z,ff_hsx_symbol_daily_v1,ec62d13726dbdee6b4e2d9125cf38c7971e63769afb037ae9d5698b39529a88f
2020-04-28,TCB,HOSE,7880236000.0,7880236000.0,0.0,432980.0,432980.0,0.0,7880236000.0,7880236000.0,432980.0,432980.0,17150.0,17150.0,16850.0,17100.0,17000.0,HSX_FOREIGN_API,HOSE_SYMBOL_LEVEL,VND,2026-08-25T04:25:44Z,ff_hsx_symbol_daily_v1,c0c91e5101bda0c05e62e981ad390fc5802283c2fb500de40066562eaf81e7a8
2020-04-29,TCB,HOSE,13687500000.0,13687500000.0,0.0,750000.0,750000.0,0.0,13687500000.0,13687500000.0,750000.0,750000.0,17100.0,17550.0,17000.0,17200.0,17310.0,HSX_FOREIGN_API,HOSE_SYMBOL_LEVEL,VND,2026-08-25T04:25:44Z,ff_hsx_symbol_daily_v1,92f4da9bbd34f4238281623f03e0bdb65c28b369a170256407307dd9414035f0
2020-05-04,TCB,HOSE,7360000000.0,7360000000.0,0.0,400000.0,400000.0,0.0,7360000000.0,7360000000.0,400000.0,400000.0,17200.0,17700.0,17150.0,17400.0,17450.0,HSX_FOREIGN_API,HOSE_SYMBOL_LEVEL,VND,2026-08-25T04:25:44Z,ff_hsx_symbol_daily_v1,51726ccbf1fb28b51c1529fb057c3aa9160c0e1b5f986fd22ba844de0cc17a7c
2020-05-05,TCB,HOSE,9671814000.0,9671814000.0,0.0,519990.0,519990.0,0.0,9671814000.0,9671814000.0,519990.0,519990.0,17500.0,17600.0,17350.0,17400.0,17410.0,HSX_FOREIGN_API,HOSE_SYMBOL_LEVEL,VND,2026-08-25T04:25:44Z,ff_hsx_symbol_daily_v1,e01f0ff984b307826e96a66d8c13dbf1212c4b4a3996e96753177017fe171e9f
2020-05-06,TCB,HOSE,9300000000.0,9300000000.0,0.0,500000.0,500000.0,0.0,9300000000.0,9300000000.0,500000.0,500000.0,17550.0,17550.0,17250.0,17550.0,17410.0,HSX_FOREIGN_API,HOSE_SYMBOL_LEVEL,VND,2026-08-25T04:25:44Z,ff_hsx_symbol_daily_v1,0b5187b8f577f5cee8a9077cffd6acf1f30d162d505af3c188577db6b8aaad17
2020-05-07,TCB,HOSE,8062500000.0,8062500000.0,0.0,430000.0,430000.0,0.0,8062500000.0,8062500000.0,430000.0,430000.0,17550.0,17700.0,17450.0,17700.0,17570.0,HSX_FOREIGN_API,HOSE_SYMBOL_LEVEL,VND,2026-08-25T04:25:44Z,ff_hsx_symbol_daily_v1,c9ad055401694fdf3ec6dbd9c14c6f64764710d1526b08e2529df7897dfb4794
2020-05-08,TCB,HOSE,9450000000.0,9450000000.0,0.0,500000.0,500000.0,0.0,9450000000.0,9450000000.0,500000.0,500000.0,17700.0,18900.0,17700.0,18900.0,18550.0,HSX_FOREIGN_API,HOSE_SYMBOL_LEVEL,VND,2026-08-25T04:25:44Z,ff_hsx_symbol_daily_v1,6b2ffd9d9d05cb653318e0272d41623a17717eac651454937bee13ef9da2c46c
2020-05-11,TCB,HOSE,2020000000.0,2020000000.0,0.0,100000.0,100000.0,0.0,2020000000.0,2020000000.0,100000.0,100000.0,19500.0,20200.0,19350.0,20200.0,19880.0,HSX_FOREIGN_API,HOSE_SYMBOL_LEVEL,VND,2026-08-25T04:25:44Z,ff_hsx_symbol_daily_v1,62c16000bbdb985be6c4093071c7e1c1b0b0a265c031b21fc04280c274edb756
2020-05-12,TCB,HOSE,29387880000.0,29387880000.0,0.0,1360550.0,1360550.0,0.0,29387880000.0,29387880000.0,1360550.0,1360550.0,20100.0,20750.0,19600.0,20600.0,20400.0,HSX_FOREIGN_API,HOSE_SYMBOL_LEVEL,VND,2026-08-25T04:25:44Z,ff_hsx_symbol_daily_v1,82356c467efacd1c6dfe2a8e14293e295dd6c814c6a472d77df9294adceab672
2020-05-13,TCB,HOSE,4034580000.0,4034580000.0,0.0,183390.0,183390.0,0.0,4034580000.0,4034580000.0,183390.0,183390.0,20300.0,20700.0,19800.0,20600.0,20250.0,HSX_FOREIGN_API,HOSE_SYMBOL_LEVEL,VND,2026-08-25T04:25:44Z,ff_hsx_symbol_daily_v1,43d39891dbfb70a25375af034c6149fe64663529717d4899133cb559cacdb47a
2020-05-14,TCB,HOSE,43743040000.0,43743040000.0,0.0,1988320.0,1988320.0,0.0,43743040000.0,43743040000.0,1988320.0,1988320.0,20400.0,20600.0,20100.0,20500.0,20360.0,HSX_FOREIGN_API,HOSE_SYMBOL_LEVEL,VND,2026-08-25T04:25:44Z,ff_hsx_symbol_daily_v1,04af988b60268c201414f7454e29dbbfb872e4444a754f0b29a9aa1ff8c81c92
2020-05-15,TCB,HOSE,11810232000.0,11810232000.0,0.0,539280.0,539280.0,0.0,11810232000.0,11810232000.0,539280.0,539280.0,20600.0,20600.0,20000.0,20250.0,20240.0,HSX_FOREIGN_API,HOSE_SYMBOL_LEVEL,VND,2026-08-25T04:25:44Z,ff_hsx_symbol_daily_v1,bb39094117ddf7c41deedbae2012663b75a84b1476ca8573196566fb389c1623
2020-05-18,TCB,HOSE,40094717500.0,40094717500.0,0.0,1851950.0,1851950.0,0.0,40094717500.0,40094717500.0,1851950.0,1851950.0,20050.0,20750.0,19900.0,20650.0,20360.0,HSX_FOREIGN_API,HOSE_SYMBOL_LEVEL,VND,2026-08-25T04:25:44Z,ff_hsx_symbol_daily_v1,804e57b2fd3bd6c8e6a94fbb3a331b0828b307de2c8d351972bdfdff91fb30a6
2020-05-19,TCB,HOSE,1433911500.0,1433911500.0,0.0,65030.0,65030.0,0.0,1433911500.0,1433911500.0,65030.0,65030.0,21350.0,21400.0,20950.0,21300.0,21250.0,HSX_FOREIGN_API,HOSE_SYMBOL_LEVEL,VND,2026-08-25T04:25:44Z,ff_hsx_symbol_daily_v1,d6e8666b93aaa481d1e07c4c5a346e591463f7131a0c9363b99467837cea3507
2020-05-20,TCB,HOSE,0.0,0.0,0.0,0.0,0.0,0.0,0.0,0.0,0.0,0.0,21000.0,21200.0,20950.0,21050.0,21030.0,HSX_FOREIGN_API,HOSE_SYMBOL_LEVEL,VND,2026-08-25T04:25:44Z,ff_hsx_symbol_daily_v1,4c7626417d33259a8e0a9ebadca07c47f502038bd74621559e01d4fd80dc867a
2020-05-21,TCB,HOSE,0.0,0.0,0.0,0.0,0.0,0.0,0.0,0.0,0.0,0.0,21050.0,22000.0,20850.0,22000.0,21430.0,HSX_FOREIGN_API,HOSE_SYMBOL_LEVEL,VND,2026-08-25T04:25:44Z,ff_hsx_symbol_daily_v1,56dc5b8c222decacef40c9afd8c0f6bc10a225eef48b7753643de34443c7d26b
2020-05-22,TCB,HOSE,8242390000.0,8242390000.0,0.0,350740.0,350740.0,0.0,8242390000.0,8242390000.0,350740.0,350740.0,21600.0,21600.0,21050.0,21050.0,21330.0,HSX_FOREIGN_API,HOSE_SYMBOL_LEVEL,VND,2026-08-25T04:25:44Z,ff_hsx_symbol_daily_v1,27ba08ca35ee72f554ddc5fdba9f43d9fefaf207427bbadfedc506426c47119c
2020-05-25,TCB,HOSE,13004100000.0,13004100000.0,0.0,577960.0,577960.0,0.0,13004100000.0,13004100000.0,577960.0,577960.0,21100.0,21300.0,20950.0,21050.0,21080.0,HSX_FOREIGN_API,HOSE_SYMBOL_LEVEL,VND,2026-08-25T04:25:44Z,ff_hsx_symbol_daily_v1,191db5b619bfc3f05e6a1e7eece1ead7c0f716506f5ee5d16db53a7e77326c00
2020-05-26,TCB,HOSE,9000000000.0,9000000000.0,0.0,400000.0,400000.0,0.0,9000000000.0,9000000000.0,400000.0,400000.0,21100.0,21300.0,21000.0,21150.0,21110.0,HSX_FOREIGN_API,HOSE_SYMBOL_LEVEL,VND,2026-08-25T04:25:44Z,ff_hsx_symbol_daily_v1,db3b98eeb9a4c1697c93582762f0d86ae0b13eedeeccbff9123ea59185f53046
2020-05-27,TCB,HOSE,0.0,0.0,0.0,0.0,0.0,0.0,0.0,0.0,0.0,0.0,21200.0,21400.0,20900.0,20900.0,21110.0,HSX_FOREIGN_API,HOSE_SYMBOL_LEVEL,VND,2026-08-25T04:25:44Z,ff_hsx_symbol_daily_v1,db414153e788ae1b8535080638535dd6aba0e9a94736cc99a62ec10a756dcb4f
2020-05-28,TCB,HOSE,5728975500.0,5728975500.0,0.0,256330.0,256330.0,0.0,5728975500.0,5728975500.0,256330.0,256330.0,20900.0,21200.0,20800.0,20900.0,20960.0,HSX_FOREIGN_API,HOSE_SYMBOL_LEVEL,VND,2026-08-25T04:25:44Z,ff_hsx_symbol_daily_v1,7e2e816ed107b15fd4ded884e2a144ff03b650a1ff3c40afb608577530019754
2020-05-29,TCB,HOSE,12220756500.0,12220756500.0,0.0,546790.0,546790.0,0.0,12220756500.0,12220756500.0,546790.0,546790.0,20850.0,20950.0,20700.0,20700.0,20800.0,HSX_FOREIGN_API,HOSE_SYMBOL_LEVEL,VND,2026-08-25T04:25:44Z,ff_hsx_symbol_daily_v1,708e29b395c9d73175ccd62614c89c61f069e29f4b652027750b72b58e6b468d
2020-06-01,TCB,HOSE,7666711000.0,7666711000.0,0.0,346910.0,346910.0,0.0,7666711000.0,7666711000.0,346910.0,346910.0,20800.0,21300.0,20800.0,21300.0,21120.0,HSX_FOREIGN_API,HOSE_SYMBOL_LEVEL,VND,2026-08-25T04:25:44Z,ff_hsx_symbol_daily_v1,f38a4b609fcff2e4306a7105069dc6197a57d03c203a771d1c357610be911440
2020-06-02,TCB,HOSE,3841337500.0,3841337500.0,0.0,168850.0,168850.0,0.0,3841337500.0,3841337500.0,168850.0,168850.0,21500.0,21500.0,21100.0,21150.0,21310.0,HSX_FOREIGN_API,HOSE_SYMBOL_LEVEL,VND,2026-08-25T04:25:44Z,ff_hsx_symbol_daily_v1,ad6af1f788e889fd5c8e22f19b1921693abfb59d2e10980eeef129a94353f8a0
2020-06-03,TCB,HOSE,1672174000.0,1672174000.0,0.0,73990.0,73990.0,0.0,1672174000.0,1672174000.0,73990.0,73990.0,21150.0,21450.0,21150.0,21350.0,21300.0,HSX_FOREIGN_API,HOSE_SYMBOL_LEVEL,VND,2026-08-25T04:25:44Z,ff_hsx_symbol_daily_v1,6d6697c9662a9d8f5a307e45bb54d2a91a01057301a463d4dfd72062da942136
2020-06-04,TCB,HOSE,0.0,0.0,0.0,0.0,0.0,0.0,0.0,0.0,0.0,0.0,21400.0,21450.0,21200.0,21200.0,21310.0,HSX_FOREIGN_API,HOSE_SYMBOL_LEVEL,VND,2026-08-25T04:25:44Z,ff_hsx_symbol_daily_v1,cdf933cfb153ccc3868ae2f978f79d9f855de0e251733e5a8ee18feb984edc5f
2020-06-05,TCB,HOSE,53089335000.0,53089335000.0,0.0,2343900.0,2343900.0,0.0,53089335000.0,53089335000.0,2343900.0,2343900.0,21250.0,21450.0,21100.0,21450.0,21300.0,HSX_FOREIGN_API,HOSE_SYMBOL_LEVEL,VND,2026-08-25T04:25:44Z,ff_hsx_symbol_daily_v1,43bc5a84a10d92c694264b2991660e97c8f309fca81dde0fe3c33ac60c963944
2020-06-08,TCB,HOSE,22950000000.0,22950000000.0,0.0,1000000.0,1000000.0,0.0,22950000000.0,22950000000.0,1000000.0,1000000.0,21550.0,21900.0,21550.0,21700.0,21760.0,HSX_FOREIGN_API,HOSE_SYMBOL_LEVEL,VND,2026-08-25T04:25:44Z,ff_hsx_symbol_daily_v1,44b05734a5de783d8e6fdc6b230be914de6dff25fcfa2b8e87ace864603db2ce
2020-06-09,TCB,HOSE,0.0,0.0,0.0,0.0,0.0,0.0,0.0,0.0,0.0,0.0,21700.0,21800.0,21500.0,21550.0,21670.0,HSX_FOREIGN_API,HOSE_SYMBOL_LEVEL,VND,2026-08-25T04:25:44Z,ff_hsx_symbol_daily_v1,0d139226e047ece0707e8e2c5c5f89c0a8f1fb7b92e01e3ccf3c080aa1e1233f
2020-06-10,TCB,HOSE,7279651000.0,7279651000.0,0.0,315820.0,315820.0,0.0,7279651000.0,7279651000.0,315820.0,315820.0,21350.0,21950.0,21250.0,21850.0,21660.0,HSX_FOREIGN_API,HOSE_SYMBOL_LEVEL,VND,2026-08-25T04:25:44Z,ff_hsx_symbol_daily_v1,e8e4eb31a81dba24fe3e90de60efc06e37067db5017099c4df98f87580aa1e4f
2020-06-11,TCB,HOSE,0.0,0.0,0.0,0.0,0.0,0.0,0.0,0.0,0.0,0.0,21900.0,21900.0,20900.0,20900.0,21370.0,HSX_FOREIGN_API,HOSE_SYMBOL_LEVEL,VND,2026-08-25T04:25:44Z,ff_hsx_symbol_daily_v1,63395f7f6e03d45757bf1789940dddc7f16a0197609afc54c0eb5ab9264352a3
2020-06-12,TCB,HOSE,5007627000.0,5742008500.0,-734381500.0,236790.0,271990.0,-35200.0,5007627000.0,5007627000.0,236790.0,236790.0,20600.0,21250.0,20500.0,21150.0,20850.0,HSX_FOREIGN_API,HOSE_SYMBOL_LEVEL,VND,2026-08-25T04:25:44Z,ff_hsx_symbol_daily_v1,ca5fbcbe89503afa401d05813e3f3e05cc7db181785bc22faf31e12607b77367
2020-06-15,TCB,HOSE,0.0,0.0,0.0,0.0,0.0,0.0,0.0,0.0,0.0,0.0,21100.0,21100.0,20050.0,20100.0,20450.0,HSX_FOREIGN_API,HOSE_SYMBOL_LEVEL,VND,2026-08-25T04:25:44Z,ff_hsx_symbol_daily_v1,6c11f93e56479e64802f296732d210db9e8460b8da3f97fd79817445a39395af
2020-06-16,TCB,HOSE,111443315000.0,111443315000.0,0.0,5183410.0,5183410.0,0.0,111443315000.0,111443315000.0,5183410.0,5183410.0,20500.0,20600.0,20300.0,20600.0,20460.0,HSX_FOREIGN_API,HOSE_SYMBOL_LEVEL,VND,2026-08-25T04:25:44Z,ff_hsx_symbol_daily_v1,bed5e04878102bff7619c9f0e306436c450370a6d119065cf7c2e5d38b357154
2020-06-17,TCB,HOSE,113300000.0,0.0,113300000.0,5500.0,0.0,5500.0,0.0,0.0,0.0,0.0,20600.0,20600.0,20250.0,20300.0,20340.0,HSX_FOREIGN_API,HOSE_SYMBOL_LEVEL,VND,2026-08-25T04:25:44Z,ff_hsx_symbol_daily_v1,c937c70a865c9d20de96b1623c757005fc14f66e1aa73455883b9de3a6dc0333
2020-06-18,TCB,HOSE,0.0,0.0,0.0,0.0,0.0,0.0,0.0,0.0,0.0,0.0,20300.0,20450.0,20200.0,20200.0,20300.0,HSX_FOREIGN_API,HOSE_SYMBOL_LEVEL,VND,2026-08-25T04:25:44Z,ff_hsx_symbol_daily_v1,5fb592a973fe65e774d9dc2b538ac3639058da9af3cb5ee036689d8a535cdd15
2020-06-19,TCB,HOSE,7413768000.0,7413768000.0,0.0,343230.0,343230.0,0.0,7413768000.0,7413768000.0,343230.0,343230.0,20200.0,20500.0,20200.0,20500.0,20400.0,HSX_FOREIGN_API,HOSE_SYMBOL_LEVEL,VND,2026-08-25T04:25:44Z,ff_hsx_symbol_daily_v1,d06680c42f83b6b4eb29e7b171183fc151b5fea4c29ffb158ce8a19b0e1cdaa6
2020-06-22,TCB,HOSE,1206471000.0,1206471000.0,0.0,55090.0,55090.0,0.0,1206471000.0,1206471000.0,55090.0,55090.0,20950.0,20950.0,20500.0,20750.0,20690.0,HSX_FOREIGN_API,HOSE_SYMBOL_LEVEL,VND,2026-08-25T04:25:44Z,ff_hsx_symbol_daily_v1,9986e37552a44446aadd9404d18ed931251d267a18a740c53641e563340cb2b0
2020-06-23,TCB,HOSE,2133420000.0,2544820500.0,-411400500.0,96100.0,116020.0,-19920.0,2133420000.0,2133420000.0,96100.0,96100.0,20750.0,20800.0,20600.0,20650.0,20650.0,HSX_FOREIGN_API,HOSE_SYMBOL_LEVEL,VND,2026-08-25T04:25:44Z,ff_hsx_symbol_daily_v1,dbe239a106c257d07233b12032f7a0c259aad54c64c5a9c1a0e3de4799a81aef
2020-06-24,TCB,HOSE,2837173500.0,2837173500.0,0.0,128670.0,128670.0,0.0,2837173500.0,2837173500.0,128670.0,128670.0,20700.0,20750.0,20400.0,20500.0,20580.0,HSX_FOREIGN_API,HOSE_SYMBOL_LEVEL,VND,2026-08-25T04:25:44Z,ff_hsx_symbol_daily_v1,3f0b8463cb38b0173d0c2354ae2bb7d4783cd587977538e9a39ca87530533158
2020-06-25,TCB,HOSE,0.0,0.0,0.0,0.0,0.0,0.0,0.0,0.0,0.0,0.0,20200.0,20400.0,20100.0,20200.0,20210.0,HSX_FOREIGN_API,HOSE_SYMBOL_LEVEL,VND,2026-08-25T04:25:44Z,ff_hsx_symbol_daily_v1,54de033a6c8264ec929c20550f6333c970026849dea7d13972ca18a50b46e9ca
2020-06-26,TCB,HOSE,1242120000.0,833760000.0,408360000.0,58520.0,38600.0,19920.0,833760000.0,833760000.0,38600.0,38600.0,20500.0,20500.0,20150.0,20350.0,20270.0,HSX_FOREIGN_API,HOSE_SYMBOL_LEVEL,VND,2026-08-25T04:25:44Z,ff_hsx_symbol_daily_v1,eb9fca70a157090af7974ce7565809876a76d6355c5dd3d72ff14753f80c8a45
2020-06-29,TCB,HOSE,1879852500.0,1879852500.0,0.0,86430.0,86430.0,0.0,1879852500.0,1879852500.0,86430.0,86430.0,20000.0,20100.0,19600.0,19650.0,19790.0,HSX_FOREIGN_API,HOSE_SYMBOL_LEVEL,VND,2026-08-25T04:25:44Z,ff_hsx_symbol_daily_v1,865c5891d70588019e3f60a695d35fb12c670e2b6fbe687f44657a767547fd03
2020-06-30,TCB,HOSE,0.0,0.0,0.0,0.0,0.0,0.0,0.0,0.0,0.0,0.0,19750.0,19900.0,19100.0,19550.0,19530.0,HSX_FOREIGN_API,HOSE_SYMBOL_LEVEL,VND,2026-08-25T04:25:44Z,ff_hsx_symbol_daily_v1,a28ac3dc7d3a6766e342992a81191112ebd3800b7d18c1ed94b358786c850a35
2020-07-01,TCB,HOSE,0.0,0.0,0.0,0.0,0.0,0.0,0.0,0.0,0.0,0.0,19500.0,19900.0,19450.0,19800.0,19580.0,HSX_FOREIGN_API,HOSE_SYMBOL_LEVEL,VND,2026-08-25T04:25:44Z,ff_hsx_symbol_daily_v1,7354fc6a2b842879b8ca80f4510bb396bba2faccf5ce4274035d86624f006a2e
2020-07-02,TCB,HOSE,23562580500.0,23562580500.0,0.0,1114070.0,1114070.0,0.0,23562580500.0,23562580500.0,1114070.0,1114070.0,19950.0,19950.0,19500.0,19750.0,19680.0,HSX_FOREIGN_API,HOSE_SYMBOL_LEVEL,VND,2026-08-25T04:25:44Z,ff_hsx_symbol_daily_v1,14fd78b3a689f6d534f47c9b103a36e14aac490774aad08959025d4671f9d724
2020-07-03,TCB,HOSE,6330000000.0,6330000000.0,0.0,300000.0,300000.0,0.0,6330000000.0,6330000000.0,300000.0,300000.0,19750.0,19800.0,19550.0,19800.0,19720.0,HSX_FOREIGN_API,HOSE_SYMBOL_LEVEL,VND,2026-08-25T04:25:44Z,ff_hsx_symbol_daily_v1,18cbc39034c1f7097dd5e989f9c742e947c6fabe922dbe04afd3415a157edd18
2020-07-06,TCB,HOSE,13874780000.0,13874780000.0,0.0,657200.0,657200.0,0.0,13874780000.0,13874780000.0,657200.0,657200.0,19800.0,20250.0,19800.0,20250.0,20040.0,HSX_FOREIGN_API,HOSE_SYMBOL_LEVEL,VND,2026-08-25T04:25:44Z,ff_hsx_symbol_daily_v1,5204352cb6438e9ec96aa1153453af5b74293d361929102ecc5b336dca93181a
2020-07-07,TCB,HOSE,29346216160.0,29346216160.0,0.0,1379760.0,1379760.0,0.0,29346216160.0,29346216160.0,1379760.0,1379760.0,20300.0,20400.0,20200.0,20250.0,20290.0,HSX_FOREIGN_API,HOSE_SYMBOL_LEVEL,VND,2026-08-25T04:25:44Z,ff_hsx_symbol_daily_v1,a395db36485ee89c3fbca5c15573c0df55b6a132901c43e0d40c8c27873eae23
2020-07-08,TCB,HOSE,8545255000.0,8545255000.0,0.0,394700.0,394700.0,0.0,8545255000.0,8545255000.0,394700.0,394700.0,20200.0,20250.0,20100.0,20100.0,20150.0,HSX_FOREIGN_API,HOSE_SYMBOL_LEVEL,VND,2026-08-25T04:25:44Z,ff_hsx_symbol_daily_v1,10273f712f9cb5d054db36675918c1761b6920a4f9543dafd8042b2fd07e0292
2020-07-09,TCB,HOSE,3536320000.0,3536320000.0,0.0,164480.0,164480.0,0.0,3536320000.0,3536320000.0,164480.0,164480.0,20250.0,20950.0,20100.0,20950.0,20610.0,HSX_FOREIGN_API,HOSE_SYMBOL_LEVEL,VND,2026-08-25T04:25:44Z,ff_hsx_symbol_daily_v1,f01306e2dcd624a2022691a5f084c0b960bb8adad68f989d166c22a1d20dab9f
2020-07-10,TCB,HOSE,0.0,0.0,0.0,0.0,0.0,0.0,0.0,0.0,0.0,0.0,20850.0,20950.0,20450.0,20450.0,20670.0,HSX_FOREIGN_API,HOSE_SYMBOL_LEVEL,VND,2026-08-25T04:25:44Z,ff_hsx_symbol_daily_v1,5fe08481b273d2f0fe441115f28b70450c235d4f54a7c501275532d60ce4d2d5
2020-07-13,TCB,HOSE,0.0,206500.0,-206500.0,0.0,10.0,-10.0,0.0,0.0,0.0,0.0,20800.0,20800.0,20000.0,20300.0,20390.0,HSX_FOREIGN_API,HOSE_SYMBOL_LEVEL,VND,2026-08-25T04:25:44Z,ff_hsx_symbol_daily_v1,8c7c8fb874c1a5bff21398d5956c73810d2be34dcc682aef0ac37bb1fb629d35
2020-07-14,TCB,HOSE,0.0,0.0,0.0,0.0,0.0,0.0,0.0,0.0,0.0,0.0,20200.0,20300.0,20000.0,20100.0,20140.0,HSX_FOREIGN_API,HOSE_SYMBOL_LEVEL,VND,2026-08-25T04:25:44Z,ff_hsx_symbol_daily_v1,d0b0a0923f83bd601ac09b87b35f3eb08204c85b8123ae5e232f63cee790adab
2020-07-15,TCB,HOSE,0.0,0.0,0.0,0.0,0.0,0.0,0.0,0.0,0.0,0.0,20300.0,20750.0,20300.0,20600.0,20570.0,HSX_FOREIGN_API,HOSE_SYMBOL_LEVEL,VND,2026-08-25T04:25:44Z,ff_hsx_symbol_daily_v1,55cbe3dc3ddc8dd345cf38113bf18857bae3bc3c094325a6aec8293e7994e054
2020-07-16,TCB,HOSE,206000.0,0.0,206000.0,10.0,0.0,10.0,0.0,0.0,0.0,0.0,20600.0,21000.0,20400.0,21000.0,20830.0,HSX_FOREIGN_API,HOSE_SYMBOL_LEVEL,VND,2026-08-25T04:25:44Z,ff_hsx_symbol_daily_v1,597eead969e3198b30c2f10a65a5f0a6a98b83080a39534f00c3a85250b1be8a
2020-07-17,TCB,HOSE,3396236000.0,3396236000.0,0.0,151280.0,151280.0,0.0,3396236000.0,3396236000.0,151280.0,151280.0,20700.0,20800.0,20550.0,20600.0,20670.0,HSX_FOREIGN_API,HOSE_SYMBOL_LEVEL,VND,2026-08-25T04:25:44Z,ff_hsx_symbol_daily_v1,3b25266100aff2c423cc2fc47cb1c00719edd064dabf876324f66548e25695d4
2020-07-20,TCB,HOSE,0.0,0.0,0.0,0.0,0.0,0.0,0.0,0.0,0.0,0.0,20500.0,20650.0,20450.0,20500.0,20530.0,HSX_FOREIGN_API,HOSE_SYMBOL_LEVEL,VND,2026-08-25T04:25:44Z,ff_hsx_symbol_daily_v1,e044799d2d74e3a767aafeac58243dfc6d55942bfb7d6da17647fa942a673302
2020-07-21,TCB,HOSE,0.0,0.0,0.0,0.0,0.0,0.0,0.0,0.0,0.0,0.0,20500.0,20550.0,20300.0,20500.0,20430.0,HSX_FOREIGN_API,HOSE_SYMBOL_LEVEL,VND,2026-08-25T04:25:44Z,ff_hsx_symbol_daily_v1,3a92c5753e9b01776ee8f439c6e7bfb2d8b419269b4b71da7b393fa3ac9e0a9b
2020-07-22,TCB,HOSE,0.0,0.0,0.0,0.0,0.0,0.0,0.0,0.0,0.0,0.0,20600.0,20600.0,20250.0,20250.0,20360.0,HSX_FOREIGN_API,HOSE_SYMBOL_LEVEL,VND,2026-08-25T04:25:44Z,ff_hsx_symbol_daily_v1,1144ef42735ca079352aba7a06c1026c8ee2da017b75ec7c209126cbe3c4ddb0
2020-07-23,TCB,HOSE,0.0,0.0,0.0,0.0,0.0,0.0,0.0,0.0,0.0,0.0,20200.0,20300.0,20100.0,20300.0,20230.0,HSX_FOREIGN_API,HOSE_SYMBOL_LEVEL,VND,2026-08-25T04:25:44Z,ff_hsx_symbol_daily_v1,4bf14bde26a9a226f425ff724d241602110c088fc204818b573a936002bc3078
2020-07-24,TCB,HOSE,17685500000.0,17685500000.0,0.0,815000.0,815000.0,0.0,17685500000.0,17685500000.0,815000.0,815000.0,20300.0,20300.0,19000.0,19500.0,19650.0,HSX_FOREIGN_API,HOSE_SYMBOL_LEVEL,VND,2026-08-25T04:25:44Z,ff_hsx_symbol_daily_v1,9a0834895a1748ee238ddeacb84d5507a528f932a9883a9cd82063e2b2423c9a
2020-07-27,TCB,HOSE,0.0,0.0,0.0,0.0,0.0,0.0,0.0,0.0,0.0,0.0,19100.0,19200.0,18150.0,18150.0,18630.0,HSX_FOREIGN_API,HOSE_SYMBOL_LEVEL,VND,2026-08-25T04:25:44Z,ff_hsx_symbol_daily_v1,2d2c0ef41b2d63eb6e548d6921e1e5a17879a4f94fa6e49db199cf2dfff8d5b7
2020-07-28,TCB,HOSE,0.0,0.0,0.0,0.0,0.0,0.0,0.0,0.0,0.0,0.0,18200.0,18800.0,18000.0,18750.0,18380.0,HSX_FOREIGN_API,HOSE_SYMBOL_LEVEL,VND,2026-08-25T04:25:44Z,ff_hsx_symbol_daily_v1,714e3c50ac4b9e6f7149c4ba863a9012e0e4eb07cddd3ecac807681de8ac1ab4
2020-07-29,TCB,HOSE,0.0,0.0,0.0,0.0,0.0,0.0,0.0,0.0,0.0,0.0,18300.0,18400.0,17500.0,18150.0,17910.0,HSX_FOREIGN_API,HOSE_SYMBOL_LEVEL,VND,2026-08-25T04:25:44Z,ff_hsx_symbol_daily_v1,0ca7695cbd17e9119d8e001e24e53230d31b16223aec47e408c66a3d3ef5b513
2020-07-30,TCB,HOSE,0.0,0.0,0.0,0.0,0.0,0.0,0.0,0.0,0.0,0.0,18200.0,19000.0,17500.0,18600.0,18400.0,HSX_FOREIGN_API,HOSE_SYMBOL_LEVEL,VND,2026-08-25T04:25:44Z,ff_hsx_symbol_daily_v1,d5932bdd65ae1267ec515011aea3b816b5c4f16d0298dc968d407e16f3687ef8
2020-07-31,TCB,HOSE,80387841000.0,80387841000.0,0.0,4039590.0,4039590.0,0.0,80387841000.0,80387841000.0,4039590.0,4039590.0,18200.0,18650.0,18150.0,18150.0,18330.0,HSX_FOREIGN_API,HOSE_SYMBOL_LEVEL,VND,2026-08-25T04:25:44Z,ff_hsx_symbol_daily_v1,4ebbdb05cfdd7bfdf387fa0d777c69a11e047a3190e01ef1ae89d7c1556cf184
2020-08-03,TCB,HOSE,0.0,0.0,0.0,0.0,0.0,0.0,0.0,0.0,0.0,0.0,18250.0,18600.0,18150.0,18600.0,18480.0,HSX_FOREIGN_API,HOSE_SYMBOL_LEVEL,VND,2026-08-25T04:25:44Z,ff_hsx_symbol_daily_v1,a4d3f75c8b6a7deeeffb249325f2a965946ae2bb58c2d3b2ed9e8ddab8492316
2020-08-04,TCB,HOSE,50453266000.0,50453266000.0,0.0,2535340.0,2535340.0,0.0,50453266000.0,50453266000.0,2535340.0,2535340.0,18900.0,19100.0,18750.0,18850.0,18910.0,HSX_FOREIGN_API,HOSE_SYMBOL_LEVEL,VND,2026-08-25T04:25:44Z,ff_hsx_symbol_daily_v1,a1ee19cbf9bc04b2a040fc805ff0a063108a74ea8a3a9a6436ae0478ad93c917
2020-08-05,TCB,HOSE,27914802500.0,27914802500.0,0.0,1385350.0,1385350.0,0.0,27914802500.0,27914802500.0,1385350.0,1385350.0,18900.0,19450.0,18700.0,19450.0,19100.0,HSX_FOREIGN_API,HOSE_SYMBOL_LEVEL,VND,2026-08-25T04:25:44Z,ff_hsx_symbol_daily_v1,7e9f0a8c23ffc95dad837795ae3756cc393a5c03b8ee3b40bf92aeb492f9a808
2020-08-06,TCB,HOSE,0.0,0.0,0.0,0.0,0.0,0.0,0.0,0.0,0.0,0.0,19400.0,19500.0,19100.0,19200.0,19340.0,HSX_FOREIGN_API,HOSE_SYMBOL_LEVEL,VND,2026-08-25T04:25:44Z,ff_hsx_symbol_daily_v1,65255ebccb18b18130067e6a8fb76fb08326e10c2d9707975b771e51090efecc
2020-08-07,TCB,HOSE,0.0,0.0,0.0,0.0,0.0,0.0,0.0,0.0,0.0,0.0,19300.0,19350.0,19050.0,19150.0,19170.0,HSX_FOREIGN_API,HOSE_SYMBOL_LEVEL,VND,2026-08-25T04:25:44Z,ff_hsx_symbol_daily_v1,313bf3f2491d21d3937e8242b54426ab4df8cec44bd9cfabdb7319959f5e5260
2020-08-10,TCB,HOSE,36813476500.0,36813476500.0,0.0,1800170.0,1800170.0,0.0,36813476500.0,36813476500.0,1800170.0,1800170.0,19300.0,19700.0,19300.0,19400.0,19550.0,HSX_FOREIGN_API,HOSE_SYMBOL_LEVEL,VND,2026-08-25T04:25:44Z,ff_hsx_symbol_daily_v1,581938050e2e12ba93bc582ef37a35cfd3ae1526989bdc74a860104609045e78
2020-08-11,TCB,HOSE,0.0,0.0,0.0,0.0,0.0,0.0,0.0,0.0,0.0,0.0,19550.0,19550.0,19300.0,19450.0,19420.0,HSX_FOREIGN_API,HOSE_SYMBOL_LEVEL,VND,2026-08-25T04:25:44Z,ff_hsx_symbol_daily_v1,b9480517d5254f78bd892fb04f477df5a9a7aa70f037d6f57c555f58d761fbaf
2020-08-12,TCB,HOSE,0.0,0.0,0.0,0.0,0.0,0.0,0.0,0.0,0.0,0.0,19450.0,19700.0,19450.0,19650.0,19580.0,HSX_FOREIGN_API,HOSE_SYMBOL_LEVEL,VND,2026-08-25T04:25:44Z,ff_hsx_symbol_daily_v1,36a8907df4b829a113817e12cb7d06fdfbd014c29b91b091926fc2968bd495bf
2020-08-13,TCB,HOSE,0.0,0.0,0.0,0.0,0.0,0.0,0.0,0.0,0.0,0.0,19750.0,19850.0,19600.0,19800.0,19750.0,HSX_FOREIGN_API,HOSE_SYMBOL_LEVEL,VND,2026-08-25T04:25:44Z,ff_hsx_symbol_daily_v1,f50e57fc9303fb27509214b79298a197945f98dda8fa2b87dd7b73b293aaf857
2020-08-14,TCB,HOSE,0.0,0.0,0.0,0.0,0.0,0.0,0.0,0.0,0.0,0.0,19800.0,20200.0,19650.0,19800.0,19980.0,HSX_FOREIGN_API,HOSE_SYMBOL_LEVEL,VND,2026-08-25T04:25:44Z,ff_hsx_symbol_daily_v1,55b64de46a6a1e985f48a0c72b379b592f855d8f00384269fd9bc272860b92ad
2020-08-17,TCB,HOSE,5077057500.0,5077057500.0,0.0,240050.0,240050.0,0.0,5077057500.0,5077057500.0,240050.0,240050.0,19750.0,20150.0,19750.0,20100.0,19950.0,HSX_FOREIGN_API,HOSE_SYMBOL_LEVEL,VND,2026-08-25T04:25:44Z,ff_hsx_symbol_daily_v1,2b8906c6d1b297bf5857580b3fead9dda699bd0b53d6f42dfc06ce165ed22e40
2020-08-18,TCB,HOSE,1570360000.0,1570360000.0,0.0,73040.0,73040.0,0.0,1570360000.0,1570360000.0,73040.0,73040.0,20100.0,20200.0,20000.0,20050.0,20110.0,HSX_FOREIGN_API,HOSE_SYMBOL_LEVEL,VND,2026-08-25T04:25:44Z,ff_hsx_symbol_daily_v1,e5f1993f653045bbf6633dea32eff1a6eae372857fa94401835d31c9e1f8f6e7
2020-08-19,TCB,HOSE,0.0,0.0,0.0,0.0,0.0,0.0,0.0,0.0,0.0,0.0,20100.0,20250.0,20000.0,20200.0,20160.0,HSX_FOREIGN_API,HOSE_SYMBOL_LEVEL,VND,2026-08-25T04:25:44Z,ff_hsx_symbol_daily_v1,7522120392a8ee7ff344964069a29cb806999a92e5d89a42f9ea18e7a13bd21e
2020-08-20,TCB,HOSE,0.0,0.0,0.0,0.0,0.0,0.0,0.0,0.0,0.0,0.0,20200.0,20250.0,19850.0,20000.0,20050.0,HSX_FOREIGN_API,HOSE_SYMBOL_LEVEL,VND,2026-08-25T04:25:44Z,ff_hsx_symbol_daily_v1,b52df438444952db98610d6a8cfbcad53d3e902d9d3c4d7f3b9239ef48e899c8
2020-08-21,TCB,HOSE,0.0,0.0,0.0,0.0,0.0,0.0,0.0,0.0,0.0,0.0,20100.0,20400.0,20100.0,20350.0,20270.0,HSX_FOREIGN_API,HOSE_SYMBOL_LEVEL,VND,2026-08-25T04:25:44Z,ff_hsx_symbol_daily_v1,7b4ccd54891dda450605bd5a8a94c2550d3c3ec727cfb06294b50483cc73af35
2020-08-24,TCB,HOSE,0.0,208500.0,-208500.0,0.0,10.0,-10.0,0.0,0.0,0.0,0.0,20750.0,21000.0,20500.0,20950.0,20830.0,HSX_FOREIGN_API,HOSE_SYMBOL_LEVEL,VND,2026-08-25T04:25:44Z,ff_hsx_symbol_daily_v1,af2939c1870ed7366ba0e4eb6e3e88b9bbd59505394029ec35150003778e47df
2020-08-25,TCB,HOSE,0.0,0.0,0.0,0.0,0.0,0.0,0.0,0.0,0.0,0.0,21000.0,21400.0,21000.0,21300.0,21270.0,HSX_FOREIGN_API,HOSE_SYMBOL_LEVEL,VND,2026-08-25T04:25:44Z,ff_hsx_symbol_daily_v1,2b280ce60cacdd7727e20c4bcb8a50e11f1d72c8170d030a1b047dc573f9daf4
2020-08-26,TCB,HOSE,0.0,0.0,0.0,0.0,0.0,0.0,0.0,0.0,0.0,0.0,21200.0,21300.0,21000.0,21100.0,21190.0,HSX_FOREIGN_API,HOSE_SYMBOL_LEVEL,VND,2026-08-25T04:25:44Z,ff_hsx_symbol_daily_v1,41085fec3c68f071172c58ba8619539f5eef13f3218e29ae92b9c7a20972a854
2020-08-27,TCB,HOSE,12081148000.0,12080937000.0,211000.0,535750.0,535740.0,10.0,12080937000.0,12080937000.0,535740.0,535740.0,21100.0,21200.0,21000.0,21150.0,21110.0,HSX_FOREIGN_API,HOSE_SYMBOL_LEVEL,VND,2026-08-25T04:25:44Z,ff_hsx_symbol_daily_v1,04ecf5c220431bf8b1fd3bcdfd2c2a201ebf6c19f0aa76d72a889281eda915b1
2020-08-28,TCB,HOSE,0.0,0.0,0.0,0.0,0.0,0.0,0.0,0.0,0.0,0.0,21300.0,21850.0,21250.0,21600.0,21570.0,HSX_FOREIGN_API,HOSE_SYMBOL_LEVEL,VND,2026-08-25T04:25:44Z,ff_hsx_symbol_daily_v1,c2550e54e62b0118471fa639036dc670c5f1db4c0cf7d561dfdbf3134347d4f6
2020-08-31,TCB,HOSE,0.0,0.0,0.0,0.0,0.0,0.0,0.0,0.0,0.0,0.0,21600.0,21800.0,21250.0,21300.0,21490.0,HSX_FOREIGN_API,HOSE_SYMBOL_LEVEL,VND,2026-08-25T04:25:44Z,ff_hsx_symbol_daily_v1,3cbd556cd47319fa3332b929eb61b18e66c49bda990402c226cee0bf9636f929
2020-09-01,TCB,HOSE,25025000000.0,25233250000.0,-208250000.0,1100000.0,1109800.0,-9800.0,25025000000.0,25025000000.0,1100000.0,1100000.0,21300.0,21700.0,21100.0,21700.0,21380.0,HSX_FOREIGN_API,HOSE_SYMBOL_LEVEL,VND,2026-08-25T04:25:44Z,ff_hsx_symbol_daily_v1,e10d4edf3b8a89f2df2b74cb90a07843fcbd28f58c9e3491934a2905b91fc4ec
2020-09-03,TCB,HOSE,1901008000.0,1901008000.0,0.0,81940.0,81940.0,0.0,1901008000.0,1901008000.0,81940.0,81940.0,21750.0,22100.0,21700.0,22000.0,21920.0,HSX_FOREIGN_API,HOSE_SYMBOL_LEVEL,VND,2026-08-25T04:25:44Z,ff_hsx_symbol_daily_v1,91e89b7844bc5c47aa6432d06b49f028f25e80edcecc1cdfbb8c850f25356b06
2020-09-04,TCB,HOSE,0.0,0.0,0.0,0.0,0.0,0.0,0.0,0.0,0.0,0.0,21700.0,21900.0,21700.0,21850.0,21790.0,HSX_FOREIGN_API,HOSE_SYMBOL_LEVEL,VND,2026-08-25T04:25:44Z,ff_hsx_symbol_daily_v1,548db8518532f6a0e3713f257bea26cff9010f87ac99eeb0cba0397bbdbdd121
2020-09-07,TCB,HOSE,0.0,0.0,0.0,0.0,0.0,0.0,0.0,0.0,0.0,0.0,21850.0,21950.0,21200.0,21200.0,21530.0,HSX_FOREIGN_API,HOSE_SYMBOL_LEVEL,VND,2026-08-25T04:25:44Z,ff_hsx_symbol_daily_v1,b6a855d64af1fedae35a720ca457daba64d78e69ddd1d11c63ed5a126ebc696b
2020-09-08,TCB,HOSE,0.0,0.0,0.0,0.0,0.0,0.0,0.0,0.0,0.0,0.0,21350.0,21500.0,21050.0,21500.0,21240.0,HSX_FOREIGN_API,HOSE_SYMBOL_LEVEL,VND,2026-08-25T04:25:44Z,ff_hsx_symbol_daily_v1,38772b831e4c835dc6774416ad3642912bbd73a6bae0189d36707714b709aef8
2020-09-09,TCB,HOSE,0.0,0.0,0.0,0.0,0.0,0.0,0.0,0.0,0.0,0.0,21100.0,21500.0,20950.0,21200.0,21140.0,HSX_FOREIGN_API,HOSE_SYMBOL_LEVEL,VND,2026-08-25T04:25:44Z,ff_hsx_symbol_daily_v1,1cc76eadc7f973ae2c4cbd7e3b3e5787efa975df278c5c350c07c1dbc95d1601
2020-09-10,TCB,HOSE,0.0,0.0,0.0,0.0,0.0,0.0,0.0,0.0,0.0,0.0,21300.0,21600.0,21300.0,21450.0,21440.0,HSX_FOREIGN_API,HOSE_SYMBOL_LEVEL,VND,2026-08-25T04:25:44Z,ff_hsx_symbol_daily_v1,f9ccaca2176bc25625b2063f64f1ae3f8a659ee2eaedee1d1793db57b9d26b1d
2020-09-11,TCB,HOSE,0.0,0.0,0.0,0.0,0.0,0.0,0.0,0.0,0.0,0.0,21250.0,21450.0,21100.0,21300.0,21260.0,HSX_FOREIGN_API,HOSE_SYMBOL_LEVEL,VND,2026-08-25T04:25:44Z,ff_hsx_symbol_daily_v1,f99aba49485b3217f1f6911abd27a956a3a2372441e1f7ae0873c2492ce1f64c
2020-09-14,TCB,HOSE,0.0,0.0,0.0,0.0,0.0,0.0,0.0,0.0,0.0,0.0,21300.0,21550.0,21300.0,21500.0,21450.0,HSX_FOREIGN_API,HOSE_SYMBOL_LEVEL,VND,2026-08-25T04:25:44Z,ff_hsx_symbol_daily_v1,c5ed9f892a83f5936a7be9371f157c3ec678f8b9b45734425891b4d44cd0ff9c
2020-09-15,TCB,HOSE,2911110000.0,2911110000.0,0.0,126570.0,126570.0,0.0,2911110000.0,2911110000.0,126570.0,126570.0,21500.0,21550.0,21350.0,21350.0,21440.0,HSX_FOREIGN_API,HOSE_SYMBOL_LEVEL,VND,2026-08-25T04:25:44Z,ff_hsx_symbol_daily_v1,4f2c63f2f815ea4edbd17b5d146071a88d393f36633b187b43ca5678ac07e698
2020-09-16,TCB,HOSE,0.0,0.0,0.0,0.0,0.0,0.0,0.0,0.0,0.0,0.0,21350.0,21450.0,21250.0,21400.0,21350.0,HSX_FOREIGN_API,HOSE_SYMBOL_LEVEL,VND,2026-08-25T04:25:44Z,ff_hsx_symbol_daily_v1,40a5d4f48f366a4eeaa4f8ed9376382525cd1211f9d5b8fbe710313ac9265724
2020-09-17,TCB,HOSE,114250000000.0,114250000000.0,0.0,5000000.0,5000000.0,0.0,114250000000.0,114250000000.0,5000000.0,5000000.0,21400.0,21600.0,21250.0,21300.0,21410.0,HSX_FOREIGN_API,HOSE_SYMBOL_LEVEL,VND,2026-08-25T04:25:44Z,ff_hsx_symbol_daily_v1,b2bafd5e25cb5c634657a5c9712dc6ccc0d2681c896e4d256fc20fd5c9bdf9a6
2020-09-18,TCB,HOSE,54581345000.0,54581345000.0,0.0,2399180.0,2399180.0,0.0,54581345000.0,54581345000.0,2399180.0,2399180.0,21400.0,21800.0,21350.0,21800.0,21650.0,HSX_FOREIGN_API,HOSE_SYMBOL_LEVEL,VND,2026-08-25T04:25:44Z,ff_hsx_symbol_daily_v1,419c32cadedf5b0faf9d8935067edb8c6414347fbe089e12e0ddd6ed65ae8c98
2020-09-21,TCB,HOSE,0.0,0.0,0.0,0.0,0.0,0.0,0.0,0.0,0.0,0.0,22000.0,22300.0,22000.0,22300.0,22200.0,HSX_FOREIGN_API,HOSE_SYMBOL_LEVEL,VND,2026-08-25T04:25:44Z,ff_hsx_symbol_daily_v1,2996243cf246acde4b6472027c8c5c6d190bef20ac4b27864f4f77c937666e63
2020-09-22,TCB,HOSE,0.0,0.0,0.0,0.0,0.0,0.0,0.0,0.0,0.0,0.0,22200.0,22450.0,22050.0,22350.0,22280.0,HSX_FOREIGN_API,HOSE_SYMBOL_LEVEL,VND,2026-08-25T04:25:44Z,ff_hsx_symbol_daily_v1,af99da5262159bd104a296d3eb5a772ba7ad743b478134afa1bc02d85f9d955b
2020-09-23,TCB,HOSE,0.0,0.0,0.0,0.0,0.0,0.0,0.0,0.0,0.0,0.0,22350.0,22500.0,22250.0,22300.0,22350.0,HSX_FOREIGN_API,HOSE_SYMBOL_LEVEL,VND,2026-08-25T04:25:44Z,ff_hsx_symbol_daily_v1,560415a27fb03ebac67b3d43b9857322e4e36fe1f5fe659e2ff262be390a74ee
2020-09-24,TCB,HOSE,28474753500.0,28474753500.0,0.0,1193910.0,1193910.0,0.0,28474753500.0,28474753500.0,1193910.0,1193910.0,22250.0,22450.0,22100.0,22450.0,22280.0,HSX_FOREIGN_API,HOSE_SYMBOL_LEVEL,VND,2026-08-25T04:25:44Z,ff_hsx_symbol_daily_v1,6bdc861fe2dae066078d8ee940b7a5419b76947ef980238e9e2fd6500940d93b
2020-09-25,TCB,HOSE,1213200000.0,1213200000.0,0.0,50550.0,50550.0,0.0,1213200000.0,1213200000.0,50550.0,50550.0,22450.0,22500.0,22250.0,22400.0,22380.0,HSX_FOREIGN_API,HOSE_SYMBOL_LEVEL,VND,2026-08-25T04:25:44Z,ff_hsx_symbol_daily_v1,b276a766d3c479c5cba3f3d6384e091314113a157cddf22c21542cf7df786832
2020-09-28,TCB,HOSE,0.0,0.0,0.0,0.0,0.0,0.0,0.0,0.0,0.0,0.0,22350.0,23000.0,22250.0,22850.0,22670.0,HSX_FOREIGN_API,HOSE_SYMBOL_LEVEL,VND,2026-08-25T04:25:44Z,ff_hsx_symbol_daily_v1,0dca69bf1918dbd2a9649cd57cf87981dd1c5dd2b5a1bf8299851cc0e9a8d6ca
2020-09-29,TCB,HOSE,158600000000.0,158600000000.0,0.0,6500000.0,6500000.0,0.0,158600000000.0,158600000000.0,6500000.0,6500000.0,22900.0,23000.0,22550.0,22550.0,22760.0,HSX_FOREIGN_API,HOSE_SYMBOL_LEVEL,VND,2026-08-25T04:25:44Z,ff_hsx_symbol_daily_v1,9f455f71d572dfb90fdc20242c5debd1c36ef13f6599795c79393e5e9dd38c3b
2020-09-30,TCB,HOSE,0.0,0.0,0.0,0.0,0.0,0.0,0.0,0.0,0.0,0.0,22550.0,22600.0,22300.0,22600.0,22460.0,HSX_FOREIGN_API,HOSE_SYMBOL_LEVEL,VND,2026-08-25T04:25:44Z,ff_hsx_symbol_daily_v1,3bf5ef1b4ce7dcf6c29a21b5d8a52d3cee13e519a1a31f1c751c1d0a0e01834e
2020-10-01,TCB,HOSE,9626431500.0,9626431500.0,0.0,398610.0,398610.0,0.0,9626431500.0,9626431500.0,398610.0,398610.0,22650.0,22900.0,22600.0,22800.0,22710.0,HSX_FOREIGN_API,HOSE_SYMBOL_LEVEL,VND,2026-08-25T04:25:44Z,ff_hsx_symbol_daily_v1,4fff5415e4571036d5793bbcc754b44866c6647cfcafe580ce3e3fd8afc8409c
2020-10-02,TCB,HOSE,527664500.0,527664500.0,0.0,21670.0,21670.0,0.0,527664500.0,527664500.0,21670.0,21670.0,22900.0,23000.0,22350.0,22550.0,22560.0,HSX_FOREIGN_API,HOSE_SYMBOL_LEVEL,VND,2026-08-25T04:25:44Z,ff_hsx_symbol_daily_v1,d9545640c1a1712ed39e55c837b4942343313963bd1de23cc763becf1692c39f
2020-10-05,TCB,HOSE,24505603000.0,24505603000.0,0.0,1016830.0,1016830.0,0.0,24505603000.0,24505603000.0,1016830.0,1016830.0,22550.0,22750.0,22250.0,22550.0,22450.0,HSX_FOREIGN_API,HOSE_SYMBOL_LEVEL,VND,2026-08-25T04:25:44Z,ff_hsx_symbol_daily_v1,01a802d889ca431e6209e2eb67122aa066270ee5bde14e5fed19dfc0d2117a02
2020-10-06,TCB,HOSE,0.0,0.0,0.0,0.0,0.0,0.0,0.0,0.0,0.0,0.0,22700.0,22750.0,22200.0,22400.0,22340.0,HSX_FOREIGN_API,HOSE_SYMBOL_LEVEL,VND,2026-08-25T04:25:44Z,ff_hsx_symbol_daily_v1,782635cdf91e301d6570525e7205bb98a48bde84d5973225a6966bd06c821e8e
2020-10-07,TCB,HOSE,0.0,0.0,0.0,0.0,0.0,0.0,0.0,0.0,0.0,0.0,22300.0,22350.0,21800.0,21800.0,22050.0,HSX_FOREIGN_API,HOSE_SYMBOL_LEVEL,VND,2026-08-25T04:25:44Z,ff_hsx_symbol_daily_v1,c923babe8ddfd09a2cc9c25a30ecf84e4f89f0f0248b513fce10dafc82d1ee5d
2020-10-08,TCB,HOSE,47348862000.0,47348862000.0,0.0,2032140.0,2032140.0,0.0,47348862000.0,47348862000.0,2032140.0,2032140.0,21900.0,22000.0,21350.0,21350.0,21560.0,HSX_FOREIGN_API,HOSE_SYMBOL_LEVEL,VND,2026-08-25T04:25:44Z,ff_hsx_symbol_daily_v1,133e3cf081341a0049090f3288915998d326243dc320a8d51f1bc449cdc2638f
2020-10-09,TCB,HOSE,102580164000.0,102580164000.0,0.0,4499130.0,4499130.0,0.0,102580164000.0,102580164000.0,4499130.0,4499130.0,21500.0,21950.0,21300.0,21350.0,21480.0,HSX_FOREIGN_API,HOSE_SYMBOL_LEVEL,VND,2026-08-25T04:25:44Z,ff_hsx_symbol_daily_v1,5dd69437494494d21c49036c8a7727bf074c00490039087f7954c264549e27f6
2020-10-12,TCB,HOSE,34063200000.0,34791361000.0,-728161000.0,1494000.0,1528000.0,-34000.0,34063200000.0,34063200000.0,1494000.0,1494000.0,21700.0,21850.0,21200.0,21200.0,21450.0,HSX_FOREIGN_API,HOSE_SYMBOL_LEVEL,VND,2026-08-25T04:25:44Z,ff_hsx_symbol_daily_v1,d1b0e4ae25668d884e68a67130c6b68a920895e791230c264bf69ccd3a9e2580
2020-10-13,TCB,HOSE,22197000000.0,22785176000.0,-588176000.0,980000.0,1007500.0,-27500.0,22197000000.0,22197000000.0,980000.0,980000.0,21250.0,21650.0,21200.0,21400.0,21390.0,HSX_FOREIGN_API,HOSE_SYMBOL_LEVEL,VND,2026-08-25T04:25:44Z,ff_hsx_symbol_daily_v1,9163dfbe4844d210b05217264396190031fb2e0b183d12a7ec829de323d9e9ac
2020-10-14,TCB,HOSE,602143222850.0,736300423850.0,-134157201000.0,26352001.0,32223361.0,-5871360.0,602143222850.0,602143222850.0,26352001.0,26352001.0,21600.0,22850.0,21600.0,22850.0,22650.0,HSX_FOREIGN_API,HOSE_SYMBOL_LEVEL,VND,2026-08-25T04:25:44Z,ff_hsx_symbol_daily_v1,316d9ff697edee049dc05d78aa1f3b1cf61494467a1b041952bdd55f74621b8c
2020-10-15,TCB,HOSE,48517548500.0,47747872000.0,769676500.0,1989390.0,1956880.0,32510.0,47747872000.0,47747872000.0,1956880.0,1956880.0,23450.0,23800.0,22800.0,22850.0,23320.0,HSX_FOREIGN_API,HOSE_SYMBOL_LEVEL,VND,2026-08-25T04:25:44Z,ff_hsx_symbol_daily_v1,db63cd497778ea7120d4c7f0b60376c3daf8aecb6064cde681f50777b3316dfb
2020-10-16,TCB,HOSE,134386406000.0,133779556000.0,606850000.0,5723490.0,5696990.0,26500.0,133756656000.0,133756656000.0,5695990.0,5695990.0,22900.0,23300.0,22600.0,22650.0,22910.0,HSX_FOREIGN_API,HOSE_SYMBOL_LEVEL,VND,2026-08-25T04:25:44Z,ff_hsx_symbol_daily_v1,71bb6897f6c4aa4ec8f5ec546c36df25ead47503fcae715b2f49c99d85fa59bd
2020-10-19,TCB,HOSE,149726466000.0,7728754000.0,141997712000.0,6190730.0,319370.0,5871360.0,148088754000.0,7728754000.0,6119370.0,319370.0,22950.0,23350.0,22850.0,23000.0,23120.0,HSX_FOREIGN_API,HOSE_SYMBOL_LEVEL,VND,2026-08-25T04:25:44Z,ff_hsx_symbol_daily_v1,cab276b6644b5069d667bc9d02390b1665acde96a5aeadd4bd6b5f81d6b829cc
2020-10-20,TCB,HOSE,24959160000.0,24959160000.0,0.0,1014600.0,1014600.0,0.0,24959160000.0,24959160000.0,1014600.0,1014600.0,23000.0,24150.0,23000.0,23900.0,23760.0,HSX_FOREIGN_API,HOSE_SYMBOL_LEVEL,VND,2026-08-25T04:25:44Z,ff_hsx_symbol_daily_v1,b07df10284de9d778691059dff482f3f499b0594569b749ccc00c5a021bb9a2b
2020-10-21,TCB,HOSE,80198700000.0,80174500000.0,24200000.0,3501000.0,3500000.0,1000.0,80174500000.0,80174500000.0,3500000.0,3500000.0,24200.0,24400.0,23700.0,23750.0,24050.0,HSX_FOREIGN_API,HOSE_SYMBOL_LEVEL,VND,2026-08-25T04:25:44Z,ff_hsx_symbol_daily_v1,7fcf4b57fef69da254432682b4e02823c4126cc64ab73c9409e226218593c564
2020-10-22,TCB,HOSE,0.0,0.0,0.0,0.0,0.0,0.0,0.0,0.0,0.0,0.0,23700.0,24000.0,23500.0,23950.0,23720.0,HSX_FOREIGN_API,HOSE_SYMBOL_LEVEL,VND,2026-08-25T04:25:44Z,ff_hsx_symbol_daily_v1,a51e924d5db6ce6997fefa19d5307fd8bfd0b4dce72d649bfefdb04a98de72e6
2020-10-23,TCB,HOSE,0.0,0.0,0.0,0.0,0.0,0.0,0.0,0.0,0.0,0.0,24100.0,24200.0,23850.0,24000.0,24000.0,HSX_FOREIGN_API,HOSE_SYMBOL_LEVEL,VND,2026-08-25T04:25:44Z,ff_hsx_symbol_daily_v1,a53a0ddf9c2b5a1e1d6df797493e6ad7d6d7d00fc349b4188de683d1c59aa773
2020-10-26,TCB,HOSE,0.0,0.0,0.0,0.0,0.0,0.0,0.0,0.0,0.0,0.0,24400.0,24950.0,23350.0,23350.0,24350.0,HSX_FOREIGN_API,HOSE_SYMBOL_LEVEL,VND,2026-08-25T04:25:44Z,ff_hsx_symbol_daily_v1,fb8da81e405453011eec97b073cd6fd65dbdab772cdab6c34763921d24391238
2020-10-27,TCB,HOSE,0.0,0.0,0.0,0.0,0.0,0.0,0.0,0.0,0.0,0.0,23800.0,23950.0,23300.0,23300.0,23590.0,HSX_FOREIGN_API,HOSE_SYMBOL_LEVEL,VND,2026-08-25T04:25:44Z,ff_hsx_symbol_daily_v1,a1ff101d09f68f8c9e8fdaf6b693cef63eef764fd3ea30eb7e5a6a63efadcc06
2020-10-28,TCB,HOSE,157535303100.0,157535303100.0,0.0,6326719.0,6326719.0,0.0,157535303100.0,157535303100.0,6326719.0,6326719.0,23300.0,23450.0,22400.0,22400.0,22860.0,HSX_FOREIGN_API,HOSE_SYMBOL_LEVEL,VND,2026-08-25T04:25:44Z,ff_hsx_symbol_daily_v1,985dbd541f101a41e7a26bbe40506a5f82a20decaa7b8974c1ceaa9fc7098664
2020-10-29,TCB,HOSE,0.0,0.0,0.0,0.0,0.0,0.0,0.0,0.0,0.0,0.0,22100.0,22700.0,21800.0,21800.0,22100.0,HSX_FOREIGN_API,HOSE_SYMBOL_LEVEL,VND,2026-08-25T04:25:44Z,ff_hsx_symbol_daily_v1,6237feb5e0ee0163e84e73919e887eedfc8840275cdf8686adfaf6f7cb849bbb
2020-10-30,TCB,HOSE,0.0,0.0,0.0,0.0,0.0,0.0,0.0,0.0,0.0,0.0,22100.0,22250.0,21350.0,21350.0,21710.0,HSX_FOREIGN_API,HOSE_SYMBOL_LEVEL,VND,2026-08-25T04:25:44Z,ff_hsx_symbol_daily_v1,4ed5b556a3f82aa2ca623811173fd63ef28da4b5bece4923437cb61eb72eaafb
2020-11-02,TCB,HOSE,0.0,0.0,0.0,0.0,0.0,0.0,0.0,0.0,0.0,0.0,21600.0,21850.0,21400.0,21400.0,21530.0,HSX_FOREIGN_API,HOSE_SYMBOL_LEVEL,VND,2026-08-25T04:25:44Z,ff_hsx_symbol_daily_v1,7228181cf084d1112222854d93bdf398564a01d22fbf3a92a661ab4a2148dd99
2020-11-03,TCB,HOSE,908059000.0,908059000.0,0.0,39740.0,39740.0,0.0,908059000.0,908059000.0,39740.0,39740.0,21800.0,22450.0,21650.0,22000.0,21990.0,HSX_FOREIGN_API,HOSE_SYMBOL_LEVEL,VND,2026-08-25T04:25:44Z,ff_hsx_symbol_daily_v1,7177e4d47d60bc845f47551812d41a095ccedac227b3ddfe7807f5b886928174
2020-11-04,TCB,HOSE,0.0,0.0,0.0,0.0,0.0,0.0,0.0,0.0,0.0,0.0,22350.0,22600.0,22150.0,22150.0,22320.0,HSX_FOREIGN_API,HOSE_SYMBOL_LEVEL,VND,2026-08-25T04:25:44Z,ff_hsx_symbol_daily_v1,b2ccd370d9aead40a3d2940d41e9135c0a19726d46162a3a1e6acaf3fc98af5a
2020-11-05,TCB,HOSE,0.0,0.0,0.0,0.0,0.0,0.0,0.0,0.0,0.0,0.0,22150.0,22350.0,21800.0,21800.0,22010.0,HSX_FOREIGN_API,HOSE_SYMBOL_LEVEL,VND,2026-08-25T04:25:44Z,ff_hsx_symbol_daily_v1,e06479b0d2ff973c97e46b701242db636633ae49d2fc6cf50f9de37c1b26cf73
2020-11-06,TCB,HOSE,0.0,0.0,0.0,0.0,0.0,0.0,0.0,0.0,0.0,0.0,21900.0,22000.0,21500.0,21600.0,21700.0,HSX_FOREIGN_API,HOSE_SYMBOL_LEVEL,VND,2026-08-25T04:25:44Z,ff_hsx_symbol_daily_v1,2e2ce602fd9465949ca5953e946f8fb2ad8c58586e7cdd4199b0ad713c4fa895
2020-11-09,TCB,HOSE,7755132000.0,7755132000.0,0.0,335720.0,335720.0,0.0,7755132000.0,7755132000.0,335720.0,335720.0,21850.0,22200.0,21800.0,22050.0,22000.0,HSX_FOREIGN_API,HOSE_SYMBOL_LEVEL,VND,2026-08-25T04:25:44Z,ff_hsx_symbol_daily_v1,2e8e155979f416f2898c3d1040841482369e08ffacb33e97341652e814057434
2020-11-10,TCB,HOSE,0.0,0.0,0.0,0.0,0.0,0.0,0.0,0.0,0.0,0.0,22500.0,22550.0,22050.0,22100.0,22340.0,HSX_FOREIGN_API,HOSE_SYMBOL_LEVEL,VND,2026-08-25T04:25:44Z,ff_hsx_symbol_daily_v1,baa3a1b0d12f1da59f60a55617c0e526caf2405d439b487b37c0833746609945
2020-11-11,TCB,HOSE,11800000000.0,11800000000.0,0.0,500000.0,500000.0,0.0,11800000000.0,11800000000.0,500000.0,500000.0,22200.0,22400.0,22000.0,22000.0,22150.0,HSX_FOREIGN_API,HOSE_SYMBOL_LEVEL,VND,2026-08-25T04:25:44Z,ff_hsx_symbol_daily_v1,7fd59d5b6befc6efb9780bee4bcec491f2290ae95f7cf746529e17c36f78a609
2020-11-12,TCB,HOSE,0.0,0.0,0.0,0.0,0.0,0.0,0.0,0.0,0.0,0.0,22100.0,22300.0,22000.0,22300.0,22170.0,HSX_FOREIGN_API,HOSE_SYMBOL_LEVEL,VND,2026-08-25T04:25:44Z,ff_hsx_symbol_daily_v1,452d334370be735519d2c38dab5d8533bb9315481e667456f7ad67f28525c883
2020-11-13,TCB,HOSE,9540000000.0,9540000000.0,0.0,400000.0,400000.0,0.0,9540000000.0,9540000000.0,400000.0,400000.0,22400.0,23150.0,22400.0,23000.0,22790.0,HSX_FOREIGN_API,HOSE_SYMBOL_LEVEL,VND,2026-08-25T04:25:44Z,ff_hsx_symbol_daily_v1,edffb84587e495dea2a95cfe3847a024c40ec4217168208fc24fcda43bf5370e
2020-11-16,TCB,HOSE,0.0,0.0,0.0,0.0,0.0,0.0,0.0,0.0,0.0,0.0,23400.0,23400.0,22800.0,22900.0,23000.0,HSX_FOREIGN_API,HOSE_SYMBOL_LEVEL,VND,2026-08-25T04:25:44Z,ff_hsx_symbol_daily_v1,b49a2babe0d2da7bc644760c93a442866e9c4f956721989237a4534d86164807
2020-11-17,TCB,HOSE,9227435000.0,9227435000.0,0.0,376630.0,376630.0,0.0,9227435000.0,9227435000.0,376630.0,376630.0,23000.0,23350.0,22850.0,23350.0,23040.0,HSX_FOREIGN_API,HOSE_SYMBOL_LEVEL,VND,2026-08-25T04:25:44Z,ff_hsx_symbol_daily_v1,9e5f2a58e929da9f183c42a3e1d4afbcfd4efbd5e6eee6ab8ca2f85d867bdbfd
2020-11-18,TCB,HOSE,0.0,0.0,0.0,0.0,0.0,0.0,0.0,0.0,0.0,0.0,23300.0,23600.0,23100.0,23350.0,23320.0,HSX_FOREIGN_API,HOSE_SYMBOL_LEVEL,VND,2026-08-25T04:25:44Z,ff_hsx_symbol_daily_v1,1b303e7f5b927daa2714cb155b927f9010a5be0b9d5b54c224f831861070d5f8
2020-11-19,TCB,HOSE,0.0,0.0,0.0,0.0,0.0,0.0,0.0,0.0,0.0,0.0,23350.0,23600.0,23200.0,23400.0,23380.0,HSX_FOREIGN_API,HOSE_SYMBOL_LEVEL,VND,2026-08-25T04:25:44Z,ff_hsx_symbol_daily_v1,895e1b5f1508050eee3bc886084ef71c9af839535ccc29054a06c86fc48ea4cd
2020-11-20,TCB,HOSE,0.0,0.0,0.0,0.0,0.0,0.0,0.0,0.0,0.0,0.0,23500.0,23500.0,23300.0,23400.0,23380.0,HSX_FOREIGN_API,HOSE_SYMBOL_LEVEL,VND,2026-08-25T04:25:44Z,ff_hsx_symbol_daily_v1,bfd549315da2ec782a4744059e6a5db4183d1eb4b876770ef4fba277a3c370c4
2020-11-23,TCB,HOSE,0.0,0.0,0.0,0.0,0.0,0.0,0.0,0.0,0.0,0.0,23400.0,23650.0,23100.0,23600.0,23340.0,HSX_FOREIGN_API,HOSE_SYMBOL_LEVEL,VND,2026-08-25T04:25:44Z,ff_hsx_symbol_daily_v1,178cd5ccb18a8946e918ce46ec007040272970fc36c23ae8798872c966c4b666
2020-11-24,TCB,HOSE,0.0,0.0,0.0,0.0,0.0,0.0,0.0,0.0,0.0,0.0,23700.0,24000.0,23400.0,23650.0,23750.0,HSX_FOREIGN_API,HOSE_SYMBOL_LEVEL,VND,2026-08-25T04:25:44Z,ff_hsx_symbol_daily_v1,c4b03589f259a1087dfcc2491eda6028483f631b99b132c5895a2aac1160fd01
2020-11-25,TCB,HOSE,0.0,0.0,0.0,0.0,0.0,0.0,0.0,0.0,0.0,0.0,23950.0,23950.0,23550.0,23600.0,23720.0,HSX_FOREIGN_API,HOSE_SYMBOL_LEVEL,VND,2026-08-25T04:25:44Z,ff_hsx_symbol_daily_v1,cfe3733763d1e7f3ef75160725237ee4bd6bb4dc987b62abc3eae5671cdc3204
2020-11-26,TCB,HOSE,0.0,0.0,0.0,0.0,0.0,0.0,0.0,0.0,0.0,0.0,23650.0,23700.0,23400.0,23600.0,23560.0,HSX_FOREIGN_API,HOSE_SYMBOL_LEVEL,VND,2026-08-25T04:25:44Z,ff_hsx_symbol_daily_v1,7c1449c3dba6393f2ad55de6829822880e00de505b63939628e5e14796c6f7ec
2020-11-27,TCB,HOSE,134616335000.0,134616335000.0,0.0,5331340.0,5331340.0,0.0,134616335000.0,134616335000.0,5331340.0,5331340.0,23600.0,23900.0,23550.0,23700.0,23690.0,HSX_FOREIGN_API,HOSE_SYMBOL_LEVEL,VND,2026-08-25T04:25:44Z,ff_hsx_symbol_daily_v1,8f09b7ab2f1fefd4598b4c3fa89ee7881f1eb0abc60e2c70422527d6db33c236
2020-11-30,TCB,HOSE,0.0,0.0,0.0,0.0,0.0,0.0,0.0,0.0,0.0,0.0,23950.0,24400.0,23700.0,24100.0,24060.0,HSX_FOREIGN_API,HOSE_SYMBOL_LEVEL,VND,2026-08-25T04:25:44Z,ff_hsx_symbol_daily_v1,f11d4ea39681121a952aa82d13b028da3fc957a64017deef1978f5dfc2d04a9b
2020-12-01,TCB,HOSE,0.0,0.0,0.0,0.0,0.0,0.0,0.0,0.0,0.0,0.0,23800.0,24500.0,23650.0,24500.0,24000.0,HSX_FOREIGN_API,HOSE_SYMBOL_LEVEL,VND,2026-08-25T04:25:44Z,ff_hsx_symbol_daily_v1,f40cdf7efe764e75eb5c682361277e1469779b4fb8c9d2c866614a3e04f40f22
2020-12-02,TCB,HOSE,751416000.0,751416000.0,0.0,28680.0,28680.0,0.0,751416000.0,751416000.0,28680.0,28680.0,24600.0,25300.0,24600.0,25100.0,25010.0,HSX_FOREIGN_API,HOSE_SYMBOL_LEVEL,VND,2026-08-25T04:25:44Z,ff_hsx_symbol_daily_v1,966d2e0c0f97d0633ac8416f3b9c6964a47b96ba053dc44d91cfc253a76b5388
2020-12-03,TCB,HOSE,0.0,0.0,0.0,0.0,0.0,0.0,0.0,0.0,0.0,0.0,25100.0,25500.0,25000.0,25000.0,25130.0,HSX_FOREIGN_API,HOSE_SYMBOL_LEVEL,VND,2026-08-25T04:25:44Z,ff_hsx_symbol_daily_v1,00e830cf0a4b7a6819b2a383144a09fa5492177e8a8dc9743987df2a41141e34
2020-12-04,TCB,HOSE,0.0,0.0,0.0,0.0,0.0,0.0,0.0,0.0,0.0,0.0,24850.0,25000.0,24750.0,24800.0,24880.0,HSX_FOREIGN_API,HOSE_SYMBOL_LEVEL,VND,2026-08-25T04:25:44Z,ff_hsx_symbol_daily_v1,eca33fd2a53a3f42d5dcb60207ee05e8efe328463839a56dd8445b518d8cb317
2020-12-07,TCB,HOSE,0.0,0.0,0.0,0.0,0.0,0.0,0.0,0.0,0.0,0.0,24800.0,25200.0,24800.0,25050.0,24990.0,HSX_FOREIGN_API,HOSE_SYMBOL_LEVEL,VND,2026-08-25T04:25:44Z,ff_hsx_symbol_daily_v1,4fb856ce2ed027043347b528e10b685ccd4b6b7da313fba052e8519675524b55
2020-12-08,TCB,HOSE,0.0,0.0,0.0,0.0,0.0,0.0,0.0,0.0,0.0,0.0,25200.0,25200.0,24900.0,25000.0,25070.0,HSX_FOREIGN_API,HOSE_SYMBOL_LEVEL,VND,2026-08-25T04:25:44Z,ff_hsx_symbol_daily_v1,52c4813ec26bae5abf903cfb2ad97bd1bde7b518e41d84f40cbf82a0acd06dda
2020-12-09,TCB,HOSE,2943755000.0,2943755000.0,0.0,113800.0,113800.0,0.0,2943755000.0,2943755000.0,113800.0,113800.0,25100.0,25900.0,25050.0,25750.0,25590.0,HSX_FOREIGN_API,HOSE_SYMBOL_LEVEL,VND,2026-08-25T04:25:44Z,ff_hsx_symbol_daily_v1,1a265da7218a4a388c22296a47e270509b471b89a0edd08eb01c2462a3d61a06
2020-12-10,TCB,HOSE,0.0,0.0,0.0,0.0,0.0,0.0,0.0,0.0,0.0,0.0,26000.0,26000.0,25300.0,25300.0,25620.0,HSX_FOREIGN_API,HOSE_SYMBOL_LEVEL,VND,2026-08-25T04:25:44Z,ff_hsx_symbol_daily_v1,5b22087b549bd92dc75fa7abb61cb6f73062a3da6badd88f8374111bfdc4bb19
2020-12-11,TCB,HOSE,0.0,0.0,0.0,0.0,0.0,0.0,0.0,0.0,0.0,0.0,25300.0,25650.0,25050.0,25650.0,25390.0,HSX_FOREIGN_API,HOSE_SYMBOL_LEVEL,VND,2026-08-25T04:25:44Z,ff_hsx_symbol_daily_v1,da361cf139d8e4f80400ed0f3a0d3790a223ab70d2695f2afbba0175c310f545
2020-12-14,TCB,HOSE,0.0,0.0,0.0,0.0,0.0,0.0,0.0,0.0,0.0,0.0,25900.0,26300.0,25700.0,26200.0,26030.0,HSX_FOREIGN_API,HOSE_SYMBOL_LEVEL,VND,2026-08-25T04:25:44Z,ff_hsx_symbol_daily_v1,2a035f48b6cca89dd441673313df3207c132a8afdb94f7df974bd71f5a2bff52
2020-12-15,TCB,HOSE,0.0,0.0,0.0,0.0,0.0,0.0,0.0,0.0,0.0,0.0,26100.0,26350.0,25950.0,26150.0,26170.0,HSX_FOREIGN_API,HOSE_SYMBOL_LEVEL,VND,2026-08-25T04:25:44Z,ff_hsx_symbol_daily_v1,8e1c48e2a098d03ce8a5177cf4119a7a7160a26b12f289b50e2bee58da74175e
2020-12-16,TCB,HOSE,0.0,0.0,0.0,0.0,0.0,0.0,0.0,0.0,0.0,0.0,26450.0,27950.0,26400.0,27950.0,27490.0,HSX_FOREIGN_API,HOSE_SYMBOL_LEVEL,VND,2026-08-25T04:25:44Z,ff_hsx_symbol_daily_v1,e546c8c98f78069bcae68ca09e401645126b078ef6435205d9a880bff00268bc
2020-12-17,TCB,HOSE,0.0,0.0,0.0,0.0,0.0,0.0,0.0,0.0,0.0,0.0,28000.0,29350.0,27950.0,28350.0,28630.0,HSX_FOREIGN_API,HOSE_SYMBOL_LEVEL,VND,2026-08-25T04:25:44Z,ff_hsx_symbol_daily_v1,158e7b4fdceaa297c5f405f516f10eb5d6f3dd3a65dbe4d413b7b35dc881ce43
2020-12-18,TCB,HOSE,11772156000.0,11772156000.0,0.0,388520.0,388520.0,0.0,11772156000.0,11772156000.0,388520.0,388520.0,28500.0,29250.0,28500.0,29200.0,28940.0,HSX_FOREIGN_API,HOSE_SYMBOL_LEVEL,VND,2026-08-25T04:25:44Z,ff_hsx_symbol_daily_v1,b674b98cd4b8463436c9d8a2b9156accc261187d65dded080607b40d3404875e
2020-12-21,TCB,HOSE,0.0,0.0,0.0,0.0,0.0,0.0,0.0,0.0,0.0,0.0,29500.0,29900.0,29100.0,29400.0,29570.0,HSX_FOREIGN_API,HOSE_SYMBOL_LEVEL,VND,2026-08-25T04:25:44Z,ff_hsx_symbol_daily_v1,0b16135fb2375449e9fbb7a102c2d9ebd213d9adc80b6a3970c7dd242b01d285
2020-12-22,TCB,HOSE,0.0,0.0,0.0,0.0,0.0,0.0,0.0,0.0,0.0,0.0,29150.0,29500.0,29050.0,29200.0,29220.0,HSX_FOREIGN_API,HOSE_SYMBOL_LEVEL,VND,2026-08-25T04:25:44Z,ff_hsx_symbol_daily_v1,b8190fd6dbfe25802406a964f18e38e8ff0d88b77f464fae8eb8c443b2e515b5
2020-12-23,TCB,HOSE,88789677600.0,88789677600.0,0.0,2845823.0,2845823.0,0.0,88789677600.0,88789677600.0,2845823.0,2845823.0,29200.0,29250.0,28500.0,28700.0,28850.0,HSX_FOREIGN_API,HOSE_SYMBOL_LEVEL,VND,2026-08-25T04:25:44Z,ff_hsx_symbol_daily_v1,fa74ab22f5f06e238f3d4488a2f80e424a45c36d0e50cc6f891a849fc7b6c9f5
2020-12-24,TCB,HOSE,0.0,416639000.0,-416639000.0,0.0,14970.0,-14970.0,0.0,0.0,0.0,0.0,28900.0,28900.0,26900.0,27950.0,27710.0,HSX_FOREIGN_API,HOSE_SYMBOL_LEVEL,VND,2026-08-25T04:25:44Z,ff_hsx_symbol_daily_v1,d9169d15b75e350ba003a9c7a1f78045f014eadd9759d4aeea326e73eefda836
2020-12-25,TCB,HOSE,0.0,0.0,0.0,0.0,0.0,0.0,0.0,0.0,0.0,0.0,27950.0,29600.0,27700.0,29550.0,28690.0,HSX_FOREIGN_API,HOSE_SYMBOL_LEVEL,VND,2026-08-25T04:25:44Z,ff_hsx_symbol_daily_v1,19773f4b0d0d2d6d9f014c726b8d947aba9ae5bf1c2b57b23ba4b70f5b45e42f
2020-12-28,TCB,HOSE,0.0,269605000.0,-269605000.0,0.0,9030.0,-9030.0,0.0,0.0,0.0,0.0,29900.0,30300.0,29500.0,29700.0,29980.0,HSX_FOREIGN_API,HOSE_SYMBOL_LEVEL,VND,2026-08-25T04:25:44Z,ff_hsx_symbol_daily_v1,977a4efb774b090c0b84c9ec0112f20af2873b58944d8f1e0c4bb3a8761f867d
2020-12-29,TCB,HOSE,1999610500.0,2031224500.0,-31614000.0,63970.0,65000.0,-1030.0,1555750000.0,1555750000.0,49000.0,49000.0,29650.0,29900.0,29500.0,29750.0,29750.0,HSX_FOREIGN_API,HOSE_SYMBOL_LEVEL,VND,2026-08-25T04:25:44Z,ff_hsx_symbol_daily_v1,c5ab45f6a6f8e5aca98ada63d05c13939d9afbe69883973ed3288ee24738980e
2020-12-30,TCB,HOSE,0.0,4467000.0,-4467000.0,0.0,150.0,-150.0,0.0,0.0,0.0,0.0,29800.0,30550.0,29700.0,29900.0,30060.0,HSX_FOREIGN_API,HOSE_SYMBOL_LEVEL,VND,2026-08-25T04:25:44Z,ff_hsx_symbol_daily_v1,f72c6e821c4c5c3203f0df24b204cb4ddcc8dd5c3406cab254296e84e57c0840
2020-12-31,TCB,HOSE,270448500.0,1504500.0,268944000.0,9030.0,50.0,8980.0,0.0,0.0,0.0,0.0,29950.0,31750.0,29900.0,31500.0,30630.0,HSX_FOREIGN_API,HOSE_SYMBOL_LEVEL,VND,2026-08-25T04:25:44Z,ff_hsx_symbol_daily_v1,4e21d6f9fcba5bcc559f022883757400af01e475feeff842a6ccb7480d80ff38
2021-01-04,TCB,HOSE,25616044000.0,25616044000.0,0.0,760120.0,760120.0,0.0,25616044000.0,25616044000.0,760120.0,760120.0,32000.0,33400.0,31900.0,33000.0,32990.0,HSX_FOREIGN_API,HOSE_SYMBOL_LEVEL,VND,2026-08-25T04:25:44Z,ff_hsx_symbol_daily_v1,ac8b6675a52d20f5c4b7f1e27887d279d85b041a321d8bcbeb0fb65c307f5d33
2021-01-05,TCB,HOSE,17975005000.0,17388780000.0,586225000.0,510500.0,492600.0,17900.0,17388780000.0,17388780000.0,492600.0,492600.0,32750.0,33350.0,32550.0,33050.0,33040.0,HSX_FOREIGN_API,HOSE_SYMBOL_LEVEL,VND,2026-08-25T04:25:44Z,ff_hsx_symbol_daily_v1,173352658a62c96ca9dd617d07e3175ad52f5b5568de92fc419ce83fad2d8c79
2021-01-06,TCB,HOSE,2689920000.0,2686600000.0,3320000.0,76100.0,76000.0,100.0,2686600000.0,2686600000.0,76000.0,76000.0,33200.0,34100.0,32950.0,33200.0,33470.0,HSX_FOREIGN_API,HOSE_SYMBOL_LEVEL,VND,2026-08-25T04:25:44Z,ff_hsx_symbol_daily_v1,bf13ade646913fbc12cd9baa18f0b222c577b9f1b951002c21584ed88e413840
2021-01-07,TCB,HOSE,0.0,0.0,0.0,0.0,0.0,0.0,0.0,0.0,0.0,0.0,33750.0,34600.0,33400.0,34600.0,34050.0,HSX_FOREIGN_API,HOSE_SYMBOL_LEVEL,VND,2026-08-25T04:25:44Z,ff_hsx_symbol_daily_v1,626d22cbeee9393f0d35facfc4c4bb8b0edec1bd999ef37009cd1ab6a30cc7f0
2021-01-08,TCB,HOSE,0.0,0.0,0.0,0.0,0.0,0.0,0.0,0.0,0.0,0.0,35000.0,36250.0,34900.0,35700.0,35700.0,HSX_FOREIGN_API,HOSE_SYMBOL_LEVEL,VND,2026-08-25T04:25:44Z,ff_hsx_symbol_daily_v1,1c1235ce279bddf0c04b1f7946c6c1f31f7cc7f50a2fbe6891da07461542fb0f
2021-01-11,TCB,HOSE,37509080000.0,37509080000.0,0.0,983200.0,983200.0,0.0,37509080000.0,37509080000.0,983200.0,983200.0,35750.0,36250.0,35200.0,35250.0,35730.0,HSX_FOREIGN_API,HOSE_SYMBOL_LEVEL,VND,2026-08-25T04:25:44Z,ff_hsx_symbol_daily_v1,48588271f8f6b1c3b0bc911366ee592a60b810e2b84e26ad759936f885bdba49
2021-01-12,TCB,HOSE,1774162000.0,1774162000.0,0.0,47060.0,47060.0,0.0,1774162000.0,1774162000.0,47060.0,47060.0,35000.0,35500.0,34500.0,35100.0,34870.0,HSX_FOREIGN_API,HOSE_SYMBOL_LEVEL,VND,2026-08-25T04:25:44Z,ff_hsx_symbol_daily_v1,287d75d09ef2b13ce440d743dbcea32fbbd75af70b178d3eadf3477f14f7f536
2021-01-13,TCB,HOSE,0.0,0.0,0.0,0.0,0.0,0.0,0.0,0.0,0.0,0.0,35450.0,36000.0,35100.0,35150.0,35590.0,HSX_FOREIGN_API,HOSE_SYMBOL_LEVEL,VND,2026-08-25T04:25:44Z,ff_hsx_symbol_daily_v1,86ccc4018e805caf973fdd002aa7c61c8734a28583f6bb00e606593068f76a9f
2021-01-14,TCB,HOSE,0.0,0.0,0.0,0.0,0.0,0.0,0.0,0.0,0.0,0.0,35350.0,35800.0,34850.0,35750.0,35430.0,HSX_FOREIGN_API,HOSE_SYMBOL_LEVEL,VND,2026-08-25T04:25:44Z,ff_hsx_symbol_daily_v1,5e3ee39fa342e50639170a06df19917c9e88864a20f331ee00219b9169b6351f
2021-01-15,TCB,HOSE,1522732500.0,1522732500.0,0.0,39810.0,39810.0,0.0,1522732500.0,1522732500.0,39810.0,39810.0,36300.0,37550.0,36250.0,36850.0,36890.0,HSX_FOREIGN_API,HOSE_SYMBOL_LEVEL,VND,2026-08-25T04:25:44Z,ff_hsx_symbol_daily_v1,a74e053830e9f9c78c2889da2d251568508efe81971e55e53910b4518d408deb
2021-01-18,TCB,HOSE,11079280000.0,11079280000.0,0.0,281200.0,281200.0,0.0,11079280000.0,11079280000.0,281200.0,281200.0,37200.0,37200.0,35900.0,36200.0,36730.0,HSX_FOREIGN_API,HOSE_SYMBOL_LEVEL,VND,2026-08-25T04:25:44Z,ff_hsx_symbol_daily_v1,c3576090eb890c541ce29059db619b08cca99f4f2f761c97f5eaf6fdf6a69874
2021-01-19,TCB,HOSE,890100000.0,991500000.0,-101400000.0,23000.0,26000.0,-3000.0,890100000.0,890100000.0,23000.0,23000.0,35900.0,36400.0,33700.0,33900.0,34730.0,HSX_FOREIGN_API,HOSE_SYMBOL_LEVEL,VND,2026-08-25T04:25:44Z,ff_hsx_symbol_daily_v1,dae9de081c0fb30f88752fe5a2e0f059a4f5ef89296b8c25e835711153aeafcb
2021-01-20,TCB,HOSE,10998250000.0,11142780000.0,-144530000.0,303400.0,307600.0,-4200.0,10998250000.0,10998250000.0,303400.0,303400.0,34200.0,34750.0,32000.0,34500.0,33660.0,HSX_FOREIGN_API,HOSE_SYMBOL_LEVEL,VND,2026-08-25T04:25:44Z,ff_hsx_symbol_daily_v1,80faf9bcb9796eac77be7a22fe3a278a192f0135c3b964e9368f93b61b7a8bb6
2021-01-21,TCB,HOSE,12505410000.0,12505410000.0,0.0,338900.0,338900.0,0.0,12505410000.0,12505410000.0,338900.0,338900.0,35250.0,36200.0,34500.0,36200.0,35530.0,HSX_FOREIGN_API,HOSE_SYMBOL_LEVEL,VND,2026-08-25T04:25:44Z,ff_hsx_symbol_daily_v1,c6a66285c72a6753e96d637d7dc24ee08ff01548c648cac662067b13784c1c54
2021-01-22,TCB,HOSE,109350000.0,0.0,109350000.0,3000.0,0.0,3000.0,0.0,0.0,0.0,0.0,36450.0,36900.0,35800.0,36300.0,36330.0,HSX_FOREIGN_API,HOSE_SYMBOL_LEVEL,VND,2026-08-25T04:25:44Z,ff_hsx_symbol_daily_v1,f2679e2d198e6406092fea3f8da136b43ae161045112547853a214dab7244c0c
2021-01-25,TCB,HOSE,150150000.0,0.0,150150000.0,4200.0,0.0,4200.0,0.0,0.0,0.0,0.0,35750.0,36350.0,35600.0,35800.0,35970.0,HSX_FOREIGN_API,HOSE_SYMBOL_LEVEL,VND,2026-08-25T04:25:44Z,ff_hsx_symbol_daily_v1,902c88a838615e7f3f288fbde61e1ebaa297f079b398cd6350e571ee01ebe79a
2021-01-26,TCB,HOSE,4213000000.0,4213000000.0,0.0,110000.0,110000.0,0.0,4213000000.0,4213000000.0,110000.0,110000.0,35500.0,35800.0,33500.0,35000.0,34930.0,HSX_FOREIGN_API,HOSE_SYMBOL_LEVEL,VND,2026-08-25T04:25:44Z,ff_hsx_symbol_daily_v1,9dcbbf41cf98b9c70c7f784dd2329370128a0e57cca0318f6b742d132448b54a
2021-01-27,TCB,HOSE,0.0,0.0,0.0,0.0,0.0,0.0,0.0,0.0,0.0,0.0,34250.0,35250.0,32650.0,33500.0,33760.0,HSX_FOREIGN_API,HOSE_SYMBOL_LEVEL,VND,2026-08-25T04:25:44Z,ff_hsx_symbol_daily_v1,264024b7cd34b99ac2f1968152f8c34ae1f1a07738f6efe9e4a13262db250605
2021-01-28,TCB,HOSE,1283072000.0,1283072000.0,0.0,35840.0,35840.0,0.0,1283072000.0,1283072000.0,35840.0,35840.0,31500.0,33000.0,31200.0,31200.0,31750.0,HSX_FOREIGN_API,HOSE_SYMBOL_LEVEL,VND,2026-08-25T04:25:44Z,ff_hsx_symbol_daily_v1,8847a262665d7446f8dab5851e4df4671a1a84eba40dba07328b830af9caeb66
2021-01-29,TCB,HOSE,0.0,0.0,0.0,0.0,0.0,0.0,0.0,0.0,0.0,0.0,29600.0,33350.0,29600.0,32000.0,31720.0,HSX_FOREIGN_API,HOSE_SYMBOL_LEVEL,VND,2026-08-25T04:25:44Z,ff_hsx_symbol_daily_v1,09ee955f3067573af321a8cac2ac3f3ee96d71d135a7fcc101ccbfd8a4698df2
2021-02-01,TCB,HOSE,0.0,0.0,0.0,0.0,0.0,0.0,0.0,0.0,0.0,0.0,32000.0,33500.0,31550.0,32200.0,32530.0,HSX_FOREIGN_API,HOSE_SYMBOL_LEVEL,VND,2026-08-25T04:25:44Z,ff_hsx_symbol_daily_v1,9fd7fa8ea55f1c6540465648ae2c2c73677b7f455210e3425ed0e3a7ff479d42
2021-02-02,TCB,HOSE,2928250000.0,2928250000.0,0.0,85000.0,85000.0,0.0,2928250000.0,2928250000.0,85000.0,85000.0,32200.0,34100.0,31950.0,34000.0,33160.0,HSX_FOREIGN_API,HOSE_SYMBOL_LEVEL,VND,2026-08-25T04:25:44Z,ff_hsx_symbol_daily_v1,7ed8d0554c875f24a8018b6c7b247719932b36c7f3a92fb9772027a9a0b3f3ed
2021-02-03,TCB,HOSE,2108300000.0,2108300000.0,0.0,58000.0,58000.0,0.0,2108300000.0,2108300000.0,58000.0,58000.0,34500.0,35500.0,34000.0,35000.0,34700.0,HSX_FOREIGN_API,HOSE_SYMBOL_LEVEL,VND,2026-08-25T04:25:44Z,ff_hsx_symbol_daily_v1,62b595acd6a1d08df35380fcfcdb37f13217cdd8b12c4d514b838b21231ae8ab
2021-02-04,TCB,HOSE,0.0,0.0,0.0,0.0,0.0,0.0,0.0,0.0,0.0,0.0,35000.0,35600.0,34600.0,35000.0,35180.0,HSX_FOREIGN_API,HOSE_SYMBOL_LEVEL,VND,2026-08-25T04:25:44Z,ff_hsx_symbol_daily_v1,ee49aace0cc0c9c7156c046808b32bf8fa9ca3920b2a66fc71eb3b84589cbded
2021-02-05,TCB,HOSE,5638097500.0,5638097500.0,0.0,150550.0,150550.0,0.0,5638097500.0,5638097500.0,150550.0,150550.0,35300.0,36300.0,35100.0,36300.0,35820.0,HSX_FOREIGN_API,HOSE_SYMBOL_LEVEL,VND,2026-08-25T04:25:44Z,ff_hsx_symbol_daily_v1,7b1a2e9975a7fcc14c3af15f101186a62a5f736bc35399f8b717c88d0a7cd5b9
2021-02-08,TCB,HOSE,0.0,0.0,0.0,0.0,0.0,0.0,0.0,0.0,0.0,0.0,36300.0,36500.0,34000.0,35000.0,35340.0,HSX_FOREIGN_API,HOSE_SYMBOL_LEVEL,VND,2026-08-25T04:25:44Z,ff_hsx_symbol_daily_v1,d3d6cf162d724ded994af3c566e48bfd74f8eab0c7e9b9ede2536c8c0269e2b5
2021-02-09,TCB,HOSE,0.0,0.0,0.0,0.0,0.0,0.0,0.0,0.0,0.0,0.0,35200.0,36400.0,34700.0,36000.0,35630.0,HSX_FOREIGN_API,HOSE_SYMBOL_LEVEL,VND,2026-08-25T04:25:44Z,ff_hsx_symbol_daily_v1,5fcc6b390148a720a2748fbf59cb0cee093584e6a40140c28239c05da7a9384f
2021-02-17,TCB,HOSE,770000000.0,770000000.0,0.0,20000.0,20000.0,0.0,770000000.0,770000000.0,20000.0,20000.0,36900.0,38400.0,36500.0,38400.0,37710.0,HSX_FOREIGN_API,HOSE_SYMBOL_LEVEL,VND,2026-08-25T04:25:44Z,ff_hsx_symbol_daily_v1,b5338d53b3b0d19cd37e2a7d7ffbc782073aca59d3b107cc3217b934ba708885
2021-02-18,TCB,HOSE,40364465000.0,40364465000.0,0.0,983300.0,983300.0,0.0,40364465000.0,40364465000.0,983300.0,983300.0,38500.0,39200.0,38000.0,38900.0,38610.0,HSX_FOREIGN_API,HOSE_SYMBOL_LEVEL,VND,2026-08-25T04:25:44Z,ff_hsx_symbol_daily_v1,4996ceeba1b6370aafdac00ec56979d549b5066766f6c68c519ad5113eab76a6
2021-02-19,TCB,HOSE,43680000000.0,43680000000.0,0.0,1050000.0,1050000.0,0.0,43680000000.0,43680000000.0,1050000.0,1050000.0,38200.0,39100.0,38200.0,38700.0,38630.0,HSX_FOREIGN_API,HOSE_SYMBOL_LEVEL,VND,2026-08-25T04:25:44Z,ff_hsx_symbol_daily_v1,f8e76a2b69f182461dc7e34a8fa7d4ab783fafb23742e8b3983421f7fe6b3c38
2021-02-22,TCB,HOSE,11459520000.0,12108220000.0,-648700000.0,276800.0,293800.0,-17000.0,11459520000.0,11459520000.0,276800.0,276800.0,38650.0,38850.0,38000.0,38600.0,38570.0,HSX_FOREIGN_API,HOSE_SYMBOL_LEVEL,VND,2026-08-25T04:25:44Z,ff_hsx_symbol_daily_v1,a4e540ce9ccba4a54bcee01163a3011d105cb867a6329ef196f0042e3842c743
2021-02-23,TCB,HOSE,0.0,0.0,0.0,0.0,0.0,0.0,0.0,0.0,0.0,0.0,38800.0,40350.0,38800.0,39800.0,39670.0,HSX_FOREIGN_API,HOSE_SYMBOL_LEVEL,VND,2026-08-25T04:25:44Z,ff_hsx_symbol_daily_v1,e4cf446115e00025a5e8b42fdcbb3aa251d2f9bf73eb996c0997ddaf26152101
2021-02-24,TCB,HOSE,12765000000.0,12765000000.0,0.0,300000.0,300000.0,0.0,12765000000.0,12765000000.0,300000.0,300000.0,40200.0,40200.0,38900.0,39100.0,39380.0,HSX_FOREIGN_API,HOSE_SYMBOL_LEVEL,VND,2026-08-25T04:25:44Z,ff_hsx_symbol_daily_v1,87fe852b0ec7f5537bb25d7b7f07369e7a853d5e1303c44ed9489f4925b115af
2021-02-25,TCB,HOSE,11495000000.0,11495000000.0,0.0,275000.0,275000.0,0.0,11495000000.0,11495000000.0,275000.0,275000.0,39500.0,39500.0,38500.0,39100.0,39040.0,HSX_FOREIGN_API,HOSE_SYMBOL_LEVEL,VND,2026-08-25T04:25:44Z,ff_hsx_symbol_daily_v1,b297def58233edb6544bc3f763f7246d88888e1c5ab1fbb51ca5ee9422df36ab
2021-02-26,TCB,HOSE,10252286000.0,10252286000.0,0.0,245270.0,245270.0,0.0,10252286000.0,10252286000.0,245270.0,245270.0,38300.0,39350.0,38300.0,39250.0,38820.0,HSX_FOREIGN_API,HOSE_SYMBOL_LEVEL,VND,2026-08-25T04:25:44Z,ff_hsx_symbol_daily_v1,7284c92eaa11eef55f169363878d1c153c58eff698a450497bd13df0c056bd4c
2021-03-01,TCB,HOSE,360770000000.0,360770000000.0,0.0,8600000.0,8600000.0,0.0,360770000000.0,360770000000.0,8600000.0,8600000.0,39700.0,40250.0,39300.0,40200.0,39810.0,HSX_FOREIGN_API,HOSE_SYMBOL_LEVEL,VND,2026-08-25T04:25:44Z,ff_hsx_symbol_daily_v1,004af4cbe9b75d1d7d4786968bedaee2e112657fd81ed919e41ce0852f2fcdb1
2021-03-02,TCB,HOSE,62304000000.0,62820890000.0,-516890000.0,1488000.0,1500700.0,-12700.0,62304000000.0,62304000000.0,1488000.0,1488000.0,40700.0,40750.0,40000.0,40300.0,40370.0,HSX_FOREIGN_API,HOSE_SYMBOL_LEVEL,VND,2026-08-25T04:25:44Z,ff_hsx_symbol_daily_v1,fb37f6da3900f9abf8769e8fa58bf36a2a968701dc2966abfa90aa2a96676e27
2021-03-03,TCB,HOSE,12602440000.0,12602440000.0,0.0,292400.0,292400.0,0.0,12602440000.0,12602440000.0,292400.0,292400.0,40350.0,40500.0,40000.0,40350.0,40240.0,HSX_FOREIGN_API,HOSE_SYMBOL_LEVEL,VND,2026-08-25T04:25:44Z,ff_hsx_symbol_daily_v1,6a65ffe25dd6745ed13148de69eee98ca220b2772f04c07298c7e615b4aff700
2021-03-04,TCB,HOSE,20060435000.0,20060435000.0,0.0,464900.0,464900.0,0.0,20060435000.0,20060435000.0,464900.0,464900.0,40400.0,40500.0,38600.0,39050.0,39480.0,HSX_FOREIGN_API,HOSE_SYMBOL_LEVEL,VND,2026-08-25T04:25:44Z,ff_hsx_symbol_daily_v1,1a2d965f7f93688475689b74d731768573f4c0a765664b4bcd7de738d7256b82
2021-03-05,TCB,HOSE,64712500000.0,64712500000.0,0.0,1550000.0,1550000.0,0.0,64712500000.0,64712500000.0,1550000.0,1550000.0,38900.0,39350.0,38300.0,39200.0,38790.0,HSX_FOREIGN_API,HOSE_SYMBOL_LEVEL,VND,2026-08-25T04:25:44Z,ff_hsx_symbol_daily_v1,ed67abf1fb952fc30b799cf621430203a5faf2727651a1a1d3569c3a7357b265
2021-03-08,TCB,HOSE,1466500000.0,1543900000.0,-77400000.0,35000.0,37000.0,-2000.0,1466500000.0,1466500000.0,35000.0,35000.0,39500.0,39700.0,38500.0,38850.0,39060.0,HSX_FOREIGN_API,HOSE_SYMBOL_LEVEL,VND,2026-08-25T04:25:44Z,ff_hsx_symbol_daily_v1,bb49ddb9986ced98f961433d3555d3b462bb279ce62289dbec1b9a20a00c10ef
2021-03-09,TCB,HOSE,83979613500.0,83979613500.0,0.0,2021170.0,2021170.0,0.0,83979613500.0,83979613500.0,2021170.0,2021170.0,38600.0,39300.0,38200.0,38950.0,38640.0,HSX_FOREIGN_API,HOSE_SYMBOL_LEVEL,VND,2026-08-25T04:25:44Z,ff_hsx_symbol_daily_v1,75cf27fb063b1736a49777b6f6e5f407b631e6943e350ea6a91af23cfef59897
2021-03-10,TCB,HOSE,7380380000.0,7380380000.0,0.0,177200.0,177200.0,0.0,7380380000.0,7380380000.0,177200.0,177200.0,39000.0,39400.0,38500.0,39300.0,39060.0,HSX_FOREIGN_API,HOSE_SYMBOL_LEVEL,VND,2026-08-25T04:25:44Z,ff_hsx_symbol_daily_v1,8a05b3d5d218331f073826abbb25441d7c280001445797b931780f0ffa66068a
2021-03-11,TCB,HOSE,73440325000.0,73440325000.0,0.0,1746500.0,1746500.0,0.0,73440325000.0,73440325000.0,1746500.0,1746500.0,39700.0,40500.0,39450.0,40150.0,40060.0,HSX_FOREIGN_API,HOSE_SYMBOL_LEVEL,VND,2026-08-25T04:25:44Z,ff_hsx_symbol_daily_v1,1934113153708c5972bc8574ed85a06ae4ee493f19d374585bb924e8b785079b
2021-03-12,TCB,HOSE,56294565000.0,56294565000.0,0.0,1310700.0,1310700.0,0.0,56294565000.0,56294565000.0,1310700.0,1310700.0,40400.0,40500.0,39750.0,40050.0,40100.0,HSX_FOREIGN_API,HOSE_SYMBOL_LEVEL,VND,2026-08-25T04:25:44Z,ff_hsx_symbol_daily_v1,38025c5b8287ad229b3a2e9694eb679ac4739f1c7cf260b5b82e3d5f370b3683
2021-03-15,TCB,HOSE,0.0,0.0,0.0,0.0,0.0,0.0,0.0,0.0,0.0,0.0,40200.0,40500.0,39900.0,40100.0,40220.0,HSX_FOREIGN_API,HOSE_SYMBOL_LEVEL,VND,2026-08-25T04:25:44Z,ff_hsx_symbol_daily_v1,14d25a32ba64702f441f10178b34b6df9b73edc98573928bf95de832f557b292
2021-03-16,TCB,HOSE,0.0,0.0,0.0,0.0,0.0,0.0,0.0,0.0,0.0,0.0,40100.0,40200.0,39300.0,39850.0,39730.0,HSX_FOREIGN_API,HOSE_SYMBOL_LEVEL,VND,2026-08-25T04:25:44Z,ff_hsx_symbol_daily_v1,1682240ea7dfdfa361103edbcd3382bee5ae4de49f62005d6366c3acad077d4e
2021-03-17,TCB,HOSE,0.0,0.0,0.0,0.0,0.0,0.0,0.0,0.0,0.0,0.0,40000.0,40400.0,39700.0,40300.0,40130.0,HSX_FOREIGN_API,HOSE_SYMBOL_LEVEL,VND,2026-08-25T04:25:44Z,ff_hsx_symbol_daily_v1,c5b72066fd4a3aeec6b3178d32c4bd0e5c1ff47e43e94f806521ec5cc3988b73
2021-03-18,TCB,HOSE,89535940000.0,89535940000.0,0.0,2077400.0,2077400.0,0.0,89535940000.0,89535940000.0,2077400.0,2077400.0,41200.0,41950.0,40700.0,41950.0,41390.0,HSX_FOREIGN_API,HOSE_SYMBOL_LEVEL,VND,2026-08-25T04:25:44Z,ff_hsx_symbol_daily_v1,c03c3089928853aac6fed564349a3ff148a6fdd407c4062763a66108dabf1657
2021-03-19,TCB,HOSE,32363760000.0,32363760000.0,0.0,721600.0,721600.0,0.0,32363760000.0,32363760000.0,721600.0,721600.0,41500.0,42150.0,41500.0,42000.0,41840.0,HSX_FOREIGN_API,HOSE_SYMBOL_LEVEL,VND,2026-08-25T04:25:44Z,ff_hsx_symbol_daily_v1,6f8a44de1d50a41bdef981fb5d19a5301478f5818687a14da6402a984a554668
2021-03-22,TCB,HOSE,28355697000.0,28355697000.0,0.0,631530.0,631530.0,0.0,28355697000.0,28355697000.0,631530.0,631530.0,42000.0,42000.0,41150.0,41300.0,41520.0,HSX_FOREIGN_API,HOSE_SYMBOL_LEVEL,VND,2026-08-25T04:25:44Z,ff_hsx_symbol_daily_v1,66455a3f7dd0a1b9e912aa5a5a5db9958ef59e2e2ea1b04d6f4e7efe96128d85
2021-03-23,TCB,HOSE,16107376950.0,16107376950.0,0.0,364833.0,364833.0,0.0,16107376950.0,16107376950.0,364833.0,364833.0,41100.0,41400.0,40400.0,40450.0,40800.0,HSX_FOREIGN_API,HOSE_SYMBOL_LEVEL,VND,2026-08-25T04:25:44Z,ff_hsx_symbol_daily_v1,9de95efa9307671f38c089b9f262628f1f41c706bce6810ec90c94c07837948a
2021-03-24,TCB,HOSE,0.0,0.0,0.0,0.0,0.0,0.0,0.0,0.0,0.0,0.0,39800.0,40450.0,39300.0,39300.0,39820.0,HSX_FOREIGN_API,HOSE_SYMBOL_LEVEL,VND,2026-08-25T04:25:44Z,ff_hsx_symbol_daily_v1,c7e0e5138f1540d6063c00a3d06e2a5196680bc9bd98d4fa8d47a594a48e45fc
2021-03-25,TCB,HOSE,0.0,0.0,0.0,0.0,0.0,0.0,0.0,0.0,0.0,0.0,39400.0,39800.0,39200.0,39350.0,39500.0,HSX_FOREIGN_API,HOSE_SYMBOL_LEVEL,VND,2026-08-25T04:25:44Z,ff_hsx_symbol_daily_v1,53b8f2c51c4a71623c77cf4bcf43cda6743884f45b5f7bf5d5a69accf7df41cf
2021-03-26,TCB,HOSE,0.0,0.0,0.0,0.0,0.0,0.0,0.0,0.0,0.0,0.0,39150.0,39650.0,38400.0,39400.0,39030.0,HSX_FOREIGN_API,HOSE_SYMBOL_LEVEL,VND,2026-08-25T04:25:44Z,ff_hsx_symbol_daily_v1,a546ef9a87f60b4fe2cc8b67447231e733c9e66e482a8c56aa020302c120cb14
2021-03-29,TCB,HOSE,0.0,0.0,0.0,0.0,0.0,0.0,0.0,0.0,0.0,0.0,39700.0,39750.0,39150.0,39550.0,39460.0,HSX_FOREIGN_API,HOSE_SYMBOL_LEVEL,VND,2026-08-25T04:25:44Z,ff_hsx_symbol_daily_v1,0d7739275e5d27787ceb153448b9e34e1c3658317a8d22d869daef19b6d3e41d
2021-03-30,TCB,HOSE,0.0,0.0,0.0,0.0,0.0,0.0,0.0,0.0,0.0,0.0,39700.0,40400.0,39450.0,40050.0,39890.0,HSX_FOREIGN_API,HOSE_SYMBOL_LEVEL,VND,2026-08-25T04:25:44Z,ff_hsx_symbol_daily_v1,40dee7b8df675768eb756822b732e83360ff068e18ec168ecea6285dd2c5984e
2021-03-31,TCB,HOSE,8441450000.0,8441450000.0,0.0,197000.0,197000.0,0.0,8441450000.0,8441450000.0,197000.0,197000.0,40200.0,40950.0,40050.0,40400.0,40450.0,HSX_FOREIGN_API,HOSE_SYMBOL_LEVEL,VND,2026-08-25T04:25:44Z,ff_hsx_symbol_daily_v1,d9e78b8bf72458ed25567be15bc115a136f18553732392d468a144850ad77110
2021-04-01,TCB,HOSE,0.0,64800000.0,-64800000.0,0.0,1600.0,-1600.0,0.0,0.0,0.0,0.0,40500.0,41000.0,40250.0,41000.0,40700.0,HSX_FOREIGN_API,HOSE_SYMBOL_LEVEL,VND,2026-08-25T04:25:44Z,ff_hsx_symbol_daily_v1,ee9b7ce27999da36e71e446d0c04c6edc30554418b431cb985e555651d005423
2021-04-02,TCB,HOSE,0.0,0.0,0.0,0.0,0.0,0.0,0.0,0.0,0.0,0.0,41600.0,41800.0,41200.0,41250.0,41550.0,HSX_FOREIGN_API,HOSE_SYMBOL_LEVEL,VND,2026-08-25T04:25:44Z,ff_hsx_symbol_daily_v1,73997063b0bcc35a94087d30eea7fafd4882776b8b9bf59656bb8f0f3b537706
2021-04-05,TCB,HOSE,88780800000.0,88780800000.0,0.0,2312000.0,2312000.0,0.0,88780800000.0,88780800000.0,2312000.0,2312000.0,41700.0,41800.0,41150.0,41500.0,41460.0,HSX_FOREIGN_API,HOSE_SYMBOL_LEVEL,VND,2026-08-25T04:25:44Z,ff_hsx_symbol_daily_v1,87ea4cec174f5489bf69638e3e351ff20270a38f34e9491cf7f8e7a917f5dd5c
2021-04-06,TCB,HOSE,1390030000.0,1332000000.0,58030000.0,31400.0,30000.0,1400.0,1332000000.0,1332000000.0,30000.0,30000.0,41450.0,42500.0,41100.0,42200.0,41890.0,HSX_FOREIGN_API,HOSE_SYMBOL_LEVEL,VND,2026-08-25T04:25:44Z,ff_hsx_symbol_daily_v1,005736576f8eaabd819c2bb1a96a0e8cfe47d1a8d7614d7a24d5ec2795fe404c
2021-04-07,TCB,HOSE,0.0,0.0,0.0,0.0,0.0,0.0,0.0,0.0,0.0,0.0,42000.0,42550.0,41800.0,42200.0,42270.0,HSX_FOREIGN_API,HOSE_SYMBOL_LEVEL,VND,2026-08-25T04:25:44Z,ff_hsx_symbol_daily_v1,4e80689971eabc5f9e13466ba50d628a5165c065bbe6f28399a8c0be7a61a609
2021-04-08,TCB,HOSE,0.0,0.0,0.0,0.0,0.0,0.0,0.0,0.0,0.0,0.0,42400.0,42450.0,41700.0,41950.0,42030.0,HSX_FOREIGN_API,HOSE_SYMBOL_LEVEL,VND,2026-08-25T04:25:44Z,ff_hsx_symbol_daily_v1,42eda591084c07f57ad67694c39be28c752726de692422cd3c0381bf49c597fd
2021-04-09,TCB,HOSE,4485000000.0,4485000000.0,0.0,100000.0,100000.0,0.0,4485000000.0,4485000000.0,100000.0,100000.0,41700.0,42000.0,41500.0,41600.0,41710.0,HSX_FOREIGN_API,HOSE_SYMBOL_LEVEL,VND,2026-08-25T04:25:44Z,ff_hsx_symbol_daily_v1,bbda8f43d626be13046f5bc4041d592c7a84f9c8ffe1646ffff12c58c1363b56
2021-04-12,TCB,HOSE,0.0,0.0,0.0,0.0,0.0,0.0,0.0,0.0,0.0,0.0,42000.0,42300.0,41600.0,42150.0,41960.0,HSX_FOREIGN_API,HOSE_SYMBOL_LEVEL,VND,2026-08-25T04:25:44Z,ff_hsx_symbol_daily_v1,9091abece406a97ddcec698cf1ce4acb9acf40fa442b83faa8691243e63b7d01
2021-04-13,TCB,HOSE,0.0,0.0,0.0,0.0,0.0,0.0,0.0,0.0,0.0,0.0,42500.0,42500.0,41500.0,41600.0,42030.0,HSX_FOREIGN_API,HOSE_SYMBOL_LEVEL,VND,2026-08-25T04:25:44Z,ff_hsx_symbol_daily_v1,96f28c2cddaed7780d9240a720e4e22acbef873b5ba9a7304ed571d3bd90bd08
2021-04-14,TCB,HOSE,0.0,0.0,0.0,0.0,0.0,0.0,0.0,0.0,0.0,0.0,41100.0,41950.0,40900.0,41800.0,41480.0,HSX_FOREIGN_API,HOSE_SYMBOL_LEVEL,VND,2026-08-25T04:25:44Z,ff_hsx_symbol_daily_v1,4d086204cebcb8a086cc91b118810c30842683a03c36c4d5163f5d5bf595b6ee
2021-04-15,TCB,HOSE,0.0,0.0,0.0,0.0,0.0,0.0,0.0,0.0,0.0,0.0,41950.0,41950.0,40900.0,40900.0,41270.0,HSX_FOREIGN_API,HOSE_SYMBOL_LEVEL,VND,2026-08-25T04:25:44Z,ff_hsx_symbol_daily_v1,14b12945ee9707c951b4a056da687e7e9ed39e8e53c837acc70fddd437002ff8
2021-04-16,TCB,HOSE,45444875000.0,45444875000.0,0.0,1038740.0,1038740.0,0.0,45444875000.0,45444875000.0,1038740.0,1038740.0,40800.0,41200.0,39600.0,40450.0,40300.0,HSX_FOREIGN_API,HOSE_SYMBOL_LEVEL,VND,2026-08-25T04:25:44Z,ff_hsx_symbol_daily_v1,03f99bbe20eadcab1e461b846c96ccb589bab869579c80c9952653fe7c65bee2
2021-04-19,TCB,HOSE,865000000.0,865000000.0,0.0,20000.0,20000.0,0.0,865000000.0,865000000.0,20000.0,20000.0,40800.0,41700.0,40000.0,41600.0,40710.0,HSX_FOREIGN_API,HOSE_SYMBOL_LEVEL,VND,2026-08-25T04:25:44Z,ff_hsx_symbol_daily_v1,4c88bb2c17d382a8c13d94175a3cfceb81593a790f8611f0122fe26302c167e2
2021-04-20,TCB,HOSE,1891250000.0,1891250000.0,0.0,42500.0,42500.0,0.0,1891250000.0,1891250000.0,42500.0,42500.0,41550.0,41900.0,40800.0,41150.0,41510.0,HSX_FOREIGN_API,HOSE_SYMBOL_LEVEL,VND,2026-08-25T04:25:44Z,ff_hsx_symbol_daily_v1,69bdea0508fe40f619dc7458cf3e9610ed759873fe005047ef160f9ebe4e1cb6
2021-04-22,TCB,HOSE,15400000000.0,15400000000.0,0.0,350000.0,350000.0,0.0,15400000000.0,15400000000.0,350000.0,350000.0,40700.0,41100.0,39700.0,39700.0,40520.0,HSX_FOREIGN_API,HOSE_SYMBOL_LEVEL,VND,2026-08-25T04:25:44Z,ff_hsx_symbol_daily_v1,13cdf9722f6fefa857d628b3a2ff183026dad1b1417a2997360b89e87ba580c3
2021-04-23,TCB,HOSE,0.0,0.0,0.0,0.0,0.0,0.0,0.0,0.0,0.0,0.0,39750.0,40550.0,39100.0,40500.0,39830.0,HSX_FOREIGN_API,HOSE_SYMBOL_LEVEL,VND,2026-08-25T04:25:44Z,ff_hsx_symbol_daily_v1,4f65178acc908f1df181bb69b2218830a0d40a8780e09ac9e62e4a94fc9fd4ca
2021-04-26,TCB,HOSE,0.0,0.0,0.0,0.0,0.0,0.0,0.0,0.0,0.0,0.0,40500.0,40800.0,39450.0,39450.0,39900.0,HSX_FOREIGN_API,HOSE_SYMBOL_LEVEL,VND,2026-08-25T04:25:44Z,ff_hsx_symbol_daily_v1,84efe2f5f784c44e7e54e3c98d9d6da192786e1b2c9b8a00fd11499c40581215
2021-04-27,TCB,HOSE,0.0,0.0,0.0,0.0,0.0,0.0,0.0,0.0,0.0,0.0,39450.0,40100.0,39350.0,39500.0,39780.0,HSX_FOREIGN_API,HOSE_SYMBOL_LEVEL,VND,2026-08-25T04:25:44Z,ff_hsx_symbol_daily_v1,8433149de686676130bfb9129cddad4c5eb9efe89028438bb767c0e3a4bbd3a4
2021-04-28,TCB,HOSE,0.0,0.0,0.0,0.0,0.0,0.0,0.0,0.0,0.0,0.0,39500.0,40400.0,39500.0,39950.0,40010.0,HSX_FOREIGN_API,HOSE_SYMBOL_LEVEL,VND,2026-08-25T04:25:44Z,ff_hsx_symbol_daily_v1,f310b7eab6b3d7fa281ae437cf93b1d1c9692e34ea034216cfdc242d1d475459
2021-04-29,TCB,HOSE,0.0,0.0,0.0,0.0,0.0,0.0,0.0,0.0,0.0,0.0,40050.0,41750.0,39950.0,41000.0,41010.0,HSX_FOREIGN_API,HOSE_SYMBOL_LEVEL,VND,2026-08-25T04:25:44Z,ff_hsx_symbol_daily_v1,a164420e599b71e903af71a64823a1ba334655f5c98064039c50461fa526a9ae
2021-05-04,TCB,HOSE,877000000.0,877000000.0,0.0,20000.0,20000.0,0.0,877000000.0,877000000.0,20000.0,20000.0,40300.0,43400.0,40100.0,43400.0,42500.0,HSX_FOREIGN_API,HOSE_SYMBOL_LEVEL,VND,2026-08-25T04:25:44Z,ff_hsx_symbol_daily_v1,76dc8b8d792419cf5abec74c0d8daed1e38d38473b9c416013517d5c4377525c
2021-05-05,TCB,HOSE,0.0,4555000.0,-4555000.0,0.0,100.0,-100.0,0.0,0.0,0.0,0.0,44400.0,46400.0,44350.0,45950.0,45430.0,HSX_FOREIGN_API,HOSE_SYMBOL_LEVEL,VND,2026-08-25T04:25:44Z,ff_hsx_symbol_daily_v1,600bb2b650698cb5f7289ec72ae20899f3920d317131058ef3c9cc324be6364c
2021-05-06,TCB,HOSE,0.0,0.0,0.0,0.0,0.0,0.0,0.0,0.0,0.0,0.0,45100.0,47450.0,45050.0,47100.0,46170.0,HSX_FOREIGN_API,HOSE_SYMBOL_LEVEL,VND,2026-08-25T04:25:44Z,ff_hsx_symbol_daily_v1,0c79ab572d7a7d47a5d43779620aa74e62387771d2b899306f149181b029e56b
2021-05-07,TCB,HOSE,30180000000.0,30180000000.0,0.0,600000.0,600000.0,0.0,30180000000.0,30180000000.0,600000.0,600000.0,46800.0,47800.0,46400.0,47050.0,47200.0,HSX_FOREIGN_API,HOSE_SYMBOL_LEVEL,VND,2026-08-25T04:25:44Z,ff_hsx_symbol_daily_v1,99dfbae7ed2b6351360cc0ce33eb7e3bdfc6fc00708e134867b139e988a910f2
2021-05-10,TCB,HOSE,68799837000.0,68799837000.0,0.0,1367790.0,1367790.0,0.0,68799837000.0,68799837000.0,1367790.0,1367790.0,46700.0,48400.0,46700.0,48100.0,47500.0,HSX_FOREIGN_API,HOSE_SYMBOL_LEVEL,VND,2026-08-25T04:25:44Z,ff_hsx_symbol_daily_v1,868177bc14abb1feee9ecd961c70e1560963e89cacfaae14584c16b5830c3f4a
2021-05-11,TCB,HOSE,3576025600.0,3576025600.0,0.0,74900.0,74900.0,0.0,3576025600.0,3576025600.0,74900.0,74900.0,48100.0,48250.0,47000.0,47000.0,47740.0,HSX_FOREIGN_API,HOSE_SYMBOL_LEVEL,VND,2026-08-25T04:25:44Z,ff_hsx_symbol_daily_v1,e73d7108e959a38f082323b6af1510642201a3107cc71d262617ba050ebc5b43
2021-05-12,TCB,HOSE,0.0,0.0,0.0,0.0,0.0,0.0,0.0,0.0,0.0,0.0,46700.0,49250.0,46700.0,49250.0,47840.0,HSX_FOREIGN_API,HOSE_SYMBOL_LEVEL,VND,2026-08-25T04:25:44Z,ff_hsx_symbol_daily_v1,7be0130dd16bf9f15241fe4743c1f03d0c8cae06ae3655a5d12be6abb5ddfc6d
2021-05-13,TCB,HOSE,28714340000.0,28714340000.0,0.0,545900.0,545900.0,0.0,28714340000.0,28714340000.0,545900.0,545900.0,48950.0,49850.0,48000.0,48000.0,49230.0,HSX_FOREIGN_API,HOSE_SYMBOL_LEVEL,VND,2026-08-25T04:25:44Z,ff_hsx_symbol_daily_v1,3bbd7aea32886ddc773c97490482b9ccdfa080028d02b855826c826fca3d08f1
2021-05-14,TCB,HOSE,0.0,0.0,0.0,0.0,0.0,0.0,0.0,0.0,0.0,0.0,48900.0,48950.0,48150.0,48650.0,48620.0,HSX_FOREIGN_API,HOSE_SYMBOL_LEVEL,VND,2026-08-25T04:25:44Z,ff_hsx_symbol_daily_v1,e44b657db662ac007501ec10a5fd8648db11d590889151f4c3b0ad5f8e984675
2021-05-17,TCB,HOSE,0.0,0.0,0.0,0.0,0.0,0.0,0.0,0.0,0.0,0.0,48750.0,49100.0,47600.0,47850.0,48210.0,HSX_FOREIGN_API,HOSE_SYMBOL_LEVEL,VND,2026-08-25T04:25:44Z,ff_hsx_symbol_daily_v1,f72569f0148b381ba6872a855a1c33da25d92f6ec0b357a197b30edc0eb1f1b4
2021-05-18,TCB,HOSE,0.0,0.0,0.0,0.0,0.0,0.0,0.0,0.0,0.0,0.0,47700.0,48900.0,47550.0,48350.0,48120.0,HSX_FOREIGN_API,HOSE_SYMBOL_LEVEL,VND,2026-08-25T04:25:44Z,ff_hsx_symbol_daily_v1,0be47e5dab3209d03bee57f1625ccdb6b4026a6a82ebbc78c5ad3563d5ba5063
2021-05-19,TCB,HOSE,0.0,0.0,0.0,0.0,0.0,0.0,0.0,0.0,0.0,0.0,48400.0,50200.0,48400.0,50100.0,49170.0,HSX_FOREIGN_API,HOSE_SYMBOL_LEVEL,VND,2026-08-25T04:25:44Z,ff_hsx_symbol_daily_v1,9c2f0071c8961b4e024b145530bdc792ec2eabe3f90051ccaa6870bf36d8919a
2021-05-20,TCB,HOSE,17420000000.0,17420000000.0,0.0,325000.0,325000.0,0.0,17420000000.0,17420000000.0,325000.0,325000.0,50700.0,50800.0,49900.0,50200.0,50250.0,HSX_FOREIGN_API,HOSE_SYMBOL_LEVEL,VND,2026-08-25T04:25:44Z,ff_hsx_symbol_daily_v1,def175b17dec4a5d98adc4d01e4c2dd9fa3c4b03bf0408aeaf05f20b08de79ae
2021-05-21,TCB,HOSE,55923180000.0,55923180000.0,0.0,1041400.0,1041400.0,0.0,55923180000.0,55923180000.0,1041400.0,1041400.0,50000.0,51700.0,49850.0,50800.0,50900.0,HSX_FOREIGN_API,HOSE_SYMBOL_LEVEL,VND,2026-08-25T04:25:44Z,ff_hsx_symbol_daily_v1,911e20bc77631b63efa0a17ed5bb23ec038ffd95fd9ea2346e9b1e40284d5d43
2021-05-24,TCB,HOSE,5080000000.0,5080000000.0,0.0,100000.0,100000.0,0.0,5080000000.0,5080000000.0,100000.0,100000.0,50700.0,51200.0,50400.0,50900.0,50830.0,HSX_FOREIGN_API,HOSE_SYMBOL_LEVEL,VND,2026-08-25T04:25:44Z,ff_hsx_symbol_daily_v1,1186d081869770b7b32e9bc02429595bc46f022656cda7d64d8ef9cb20df070d
2021-05-25,TCB,HOSE,4896000000.0,4896000000.0,0.0,90000.0,90000.0,0.0,4896000000.0,4896000000.0,90000.0,90000.0,51200.0,52100.0,51200.0,51600.0,51800.0,HSX_FOREIGN_API,HOSE_SYMBOL_LEVEL,VND,2026-08-25T04:25:44Z,ff_hsx_symbol_daily_v1,14ca7ebd952ec95db1be530c933eb1663083b21460cd5f044aa2444a30f6168f
2021-05-26,TCB,HOSE,1104000000.0,1104000000.0,0.0,20000.0,20000.0,0.0,1104000000.0,1104000000.0,20000.0,20000.0,51600.0,53000.0,51200.0,52800.0,51810.0,HSX_FOREIGN_API,HOSE_SYMBOL_LEVEL,VND,2026-08-25T04:25:44Z,ff_hsx_symbol_daily_v1,185920b067928aa5f2176023f1709081d12190b8889a2e3e58657387f54b44e7
2021-05-27,TCB,HOSE,68153760000.0,68153760000.0,0.0,1208400.0,1208400.0,0.0,68153760000.0,68153760000.0,1208400.0,1208400.0,53200.0,53500.0,50800.0,51400.0,52160.0,HSX_FOREIGN_API,HOSE_SYMBOL_LEVEL,VND,2026-08-25T04:25:44Z,ff_hsx_symbol_daily_v1,de3fbe6fb91e44455d92a73a2ed3a74fb85b406fb9cd57f569600db6e8f7610b
2021-05-28,TCB,HOSE,0.0,2992040000.0,-2992040000.0,0.0,57100.0,-57100.0,0.0,0.0,0.0,0.0,51700.0,53300.0,51200.0,53000.0,52100.0,HSX_FOREIGN_API,HOSE_SYMBOL_LEVEL,VND,2026-08-25T04:25:44Z,ff_hsx_symbol_daily_v1,025f575c088f60c9ad21eb9b896586e9838c36605767cd174a8c1aef927631f8
2021-05-31,TCB,HOSE,0.0,0.0,0.0,0.0,0.0,0.0,0.0,0.0,0.0,0.0,53200.0,53700.0,52200.0,53700.0,52990.0,HSX_FOREIGN_API,HOSE_SYMBOL_LEVEL,VND,2026-08-25T04:25:44Z,ff_hsx_symbol_daily_v1,8bcd09b0a42621fd7cbe941642fad179e0ea9271c06b93318b6ee6939ee9f83e
2021-06-01,TCB,HOSE,0.0,0.0,0.0,0.0,0.0,0.0,0.0,0.0,0.0,0.0,54100.0,54300.0,53000.0,53100.0,53800.0,HSX_FOREIGN_API,HOSE_SYMBOL_LEVEL,VND,2026-08-25T04:25:44Z,ff_hsx_symbol_daily_v1,4afad09f634a0fdcfc77d2408d767014e0e4e2ba7169842f44c6845b051305f7
2021-06-02,TCB,HOSE,7893790000.0,8309480000.0,-415690000.0,139600.0,147500.0,-7900.0,7412400000.0,7412400000.0,130500.0,130500.0,52900.0,53300.0,51800.0,52800.0,52570.0,HSX_FOREIGN_API,HOSE_SYMBOL_LEVEL,VND,2026-08-25T04:25:44Z,ff_hsx_symbol_daily_v1,8e701e755a0bae153c3a59149f8b685b3af954cfc3dc8fe7506c7c8042ce73f2
2021-06-03,TCB,HOSE,96613200000.0,97022770000.0,-409570000.0,1713000.0,1720600.0,-7600.0,96613200000.0,96613200000.0,1713000.0,1713000.0,53300.0,55100.0,52800.0,54800.0,53990.0,HSX_FOREIGN_API,HOSE_SYMBOL_LEVEL,VND,2026-08-25T04:25:44Z,ff_hsx_symbol_daily_v1,0271b1e1303cd9c60f2308db8af3dbc0d51d20a013db0890f1ae37fc5977e9f2
2021-06-04,TCB,HOSE,0.0,664460000.0,-664460000.0,0.0,12200.0,-12200.0,0.0,0.0,0.0,0.0,54800.0,55200.0,54000.0,54600.0,54680.0,HSX_FOREIGN_API,HOSE_SYMBOL_LEVEL,VND,2026-08-25T04:25:44Z,ff_hsx_symbol_daily_v1,713279652dd0fa9d47de054b6deec9222d324ad36c09fd392f4ebaa601e15c69
2021-06-07,TCB,HOSE,65141000000.0,65663370000.0,-522370000.0,1117000.0,1127000.0,-10000.0,64240000000.0,64240000000.0,1100000.0,1100000.0,53000.0,54400.0,51000.0,52400.0,52690.0,HSX_FOREIGN_API,HOSE_SYMBOL_LEVEL,VND,2026-08-25T04:25:44Z,ff_hsx_symbol_daily_v1,60a79bc6b104e4813aed6e33902010446692b16f95bb9a59a588ab7a3d43cb2f
2021-06-08,TCB,HOSE,33835080000.0,34334160000.0,-499080000.0,604700.0,614400.0,-9700.0,33437600000.0,33437600000.0,597100.0,597100.0,52300.0,52900.0,49000.0,49500.0,51060.0,HSX_FOREIGN_API,HOSE_SYMBOL_LEVEL,VND,2026-08-25T04:25:44Z,ff_hsx_symbol_daily_v1,a6fd87ef8b4b4527d5390b789ce44b41eda8d2a4183b9b21829ffc83928fe35a
2021-06-09,TCB,HOSE,606340000.0,283425000.0,322915000.0,12200.0,5700.0,6500.0,0.0,0.0,0.0,0.0,49700.0,51100.0,49000.0,50800.0,50170.0,HSX_FOREIGN_API,HOSE_SYMBOL_LEVEL,VND,2026-08-25T04:25:44Z,ff_hsx_symbol_daily_v1,f690a1cb7bfcb35f2b3354973e4215672e778968121e742c986acf901792866c
2021-06-10,TCB,HOSE,6135900000.0,6393870000.0,-257970000.0,113000.0,118100.0,-5100.0,6135900000.0,6135900000.0,113000.0,113000.0,50800.0,51200.0,50000.0,50100.0,50500.0,HSX_FOREIGN_API,HOSE_SYMBOL_LEVEL,VND,2026-08-25T04:25:44Z,ff_hsx_symbol_daily_v1,70fa5474d97b77b82b6f8dd0e775ca2f059f981083abde6fda88b38278fe92c4
2021-06-11,TCB,HOSE,40537650000.0,39664000000.0,873650000.0,757300.0,740000.0,17300.0,39664000000.0,39664000000.0,740000.0,740000.0,50500.0,53200.0,50100.0,52600.0,52140.0,HSX_FOREIGN_API,HOSE_SYMBOL_LEVEL,VND,2026-08-25T04:25:44Z,ff_hsx_symbol_daily_v1,c0a4f40a8f8b360433436d079804fbf729e5dc79d6b8a6c7c08fd4c0c8e8ce4d
2021-06-14,TCB,HOSE,41194882000.0,40894492000.0,300390000.0,733360.0,727660.0,5700.0,40894492000.0,40894492000.0,727660.0,727660.0,52700.0,53300.0,52000.0,52700.0,52730.0,HSX_FOREIGN_API,HOSE_SYMBOL_LEVEL,VND,2026-08-25T04:25:44Z,ff_hsx_symbol_daily_v1,e0b27b926662d8e4ce8da77808276656989c721bd457779dfd066078983bbb4b
2021-06-15,TCB,HOSE,4203630000.0,3935370000.0,268260000.0,75000.0,69900.0,5100.0,3935370000.0,3935370000.0,69900.0,69900.0,52600.0,53200.0,52000.0,52300.0,52650.0,HSX_FOREIGN_API,HOSE_SYMBOL_LEVEL,VND,2026-08-25T04:25:44Z,ff_hsx_symbol_daily_v1,9abd8257395c54bc069cb70befec8b81f1f326a5dc74125f3a8756722acdee67
2021-06-16,TCB,HOSE,0.0,0.0,0.0,0.0,0.0,0.0,0.0,0.0,0.0,0.0,51500.0,52200.0,50500.0,50700.0,51180.0,HSX_FOREIGN_API,HOSE_SYMBOL_LEVEL,VND,2026-08-25T04:25:44Z,ff_hsx_symbol_daily_v1,a275e1120c0ba99208d65badb76e43030c890df30954b329efa6e95bb4faefad
2021-06-17,TCB,HOSE,10886612000.0,10926692000.0,-40080000.0,200860.0,201660.0,-800.0,10886612000.0,10886612000.0,200860.0,200860.0,49500.0,50800.0,49500.0,50200.0,50190.0,HSX_FOREIGN_API,HOSE_SYMBOL_LEVEL,VND,2026-08-25T04:25:44Z,ff_hsx_symbol_daily_v1,874a9b6bcbc1d70e23e53a08bd1862d92cab7f2a853204d0a603c8c1bb61cd45
2021-06-18,TCB,HOSE,0.0,0.0,0.0,0.0,0.0,0.0,0.0,0.0,0.0,0.0,51000.0,51400.0,50600.0,51000.0,50950.0,HSX_FOREIGN_API,HOSE_SYMBOL_LEVEL,VND,2026-08-25T04:25:44Z,ff_hsx_symbol_daily_v1,5610d91b300b4e64a94ff9f1a50b45e8745db404db193a1d99bed18b2b65f0d6
2021-06-21,TCB,HOSE,1090000000.0,1637870000.0,-547870000.0,20000.0,30900.0,-10900.0,1090000000.0,1090000000.0,20000.0,20000.0,50500.0,51000.0,50000.0,50400.0,50390.0,HSX_FOREIGN_API,HOSE_SYMBOL_LEVEL,VND,2026-08-25T04:25:44Z,ff_hsx_symbol_daily_v1,202824d442d82a5f825b90e6d00231b189c6c44bf1ca204df15bf8e7a4189001
2021-06-22,TCB,HOSE,26381880000.0,26346320000.0,35560000.0,489500.0,488800.0,700.0,26346320000.0,26346320000.0,488800.0,488800.0,50800.0,51300.0,50300.0,50900.0,50760.0,HSX_FOREIGN_API,HOSE_SYMBOL_LEVEL,VND,2026-08-25T04:25:44Z,ff_hsx_symbol_daily_v1,2f7e279094231f2bf534ec23b831580a1c966ec98462f116002a4165c3807b64
2021-06-23,TCB,HOSE,1196800000.0,1196800000.0,0.0,22000.0,22000.0,0.0,1196800000.0,1196800000.0,22000.0,22000.0,50900.0,52100.0,50600.0,51100.0,51370.0,HSX_FOREIGN_API,HOSE_SYMBOL_LEVEL,VND,2026-08-25T04:25:44Z,ff_hsx_symbol_daily_v1,cdf9682c6ac8d9a22e4e6617ee8adcf0c7011600804e84e14b321fa331a7f61d
2021-06-24,TCB,HOSE,2743170000.0,2184000000.0,559170000.0,50900.0,40000.0,10900.0,2184000000.0,2184000000.0,40000.0,40000.0,51300.0,51700.0,50600.0,50900.0,51280.0,HSX_FOREIGN_API,HOSE_SYMBOL_LEVEL,VND,2026-08-25T04:25:44Z,ff_hsx_symbol_daily_v1,e53e8e58b8148a86cd6265b7d83f86042ccfaa4e730512a757e4f89fe0445025
2021-06-25,TCB,HOSE,1224000000.0,1224000000.0,0.0,22500.0,22500.0,0.0,1224000000.0,1224000000.0,22500.0,22500.0,51000.0,51600.0,50400.0,51600.0,51110.0,HSX_FOREIGN_API,HOSE_SYMBOL_LEVEL,VND,2026-08-25T04:25:44Z,ff_hsx_symbol_daily_v1,198abcf5eb99dc7fddfb0684d13f983a2d35b1ddc4e2758d753cecffa8dad589
2021-06-28,TCB,HOSE,0.0,0.0,0.0,0.0,0.0,0.0,0.0,0.0,0.0,0.0,52500.0,54000.0,52200.0,53600.0,53360.0,HSX_FOREIGN_API,HOSE_SYMBOL_LEVEL,VND,2026-08-25T04:25:44Z,ff_hsx_symbol_daily_v1,b1d9ac1cfa4f5af34700a3d2413438ce71bb318effe09e5634aeab973ad86ed6
2021-06-29,TCB,HOSE,11230800000.0,11230800000.0,0.0,196000.0,196000.0,0.0,11230800000.0,11230800000.0,196000.0,196000.0,53600.0,53800.0,52800.0,53500.0,53490.0,HSX_FOREIGN_API,HOSE_SYMBOL_LEVEL,VND,2026-08-25T04:25:44Z,ff_hsx_symbol_daily_v1,56f6dc67d0bebebf191d68efbd92fd749554e10950123b1bff8275d2e70bc669
2021-06-30,TCB,HOSE,0.0,0.0,0.0,0.0,0.0,0.0,0.0,0.0,0.0,0.0,53400.0,53800.0,52600.0,52700.0,53070.0,HSX_FOREIGN_API,HOSE_SYMBOL_LEVEL,VND,2026-08-25T04:25:44Z,ff_hsx_symbol_daily_v1,818781a4ecfc48dfff8366a0a2d58318784d669bc450ca4a68b78069af1afaad
2021-07-01,TCB,HOSE,0.0,0.0,0.0,0.0,0.0,0.0,0.0,0.0,0.0,0.0,52900.0,53500.0,52100.0,53300.0,52920.0,HSX_FOREIGN_API,HOSE_SYMBOL_LEVEL,VND,2026-08-25T04:25:44Z,ff_hsx_symbol_daily_v1,978dcbdf75078bce64b5c1fcef06e8b2a178a62810c68f5a3f6c3b3a74914f15
2021-07-02,TCB,HOSE,1415310000.0,1415310000.0,0.0,24830.0,24830.0,0.0,1415310000.0,1415310000.0,24830.0,24830.0,54200.0,54900.0,53600.0,54300.0,54370.0,HSX_FOREIGN_API,HOSE_SYMBOL_LEVEL,VND,2026-08-25T04:25:44Z,ff_hsx_symbol_daily_v1,d60e978428eee9e4e198e2b82650eeeb3c48b871852c4b32f6e45da89c7bc73c
2021-07-05,TCB,HOSE,27062980000.0,27062980000.0,0.0,465800.0,465800.0,0.0,27062980000.0,27062980000.0,465800.0,465800.0,54800.0,58100.0,53800.0,58000.0,56140.0,HSX_FOREIGN_API,HOSE_SYMBOL_LEVEL,VND,2026-08-25T04:25:44Z,ff_hsx_symbol_daily_v1,4ef903fb005024068b475587abd090fa050ab3e8d342a49a30a132cc9a0d9faf
2021-07-06,TCB,HOSE,63404300000.0,63404300000.0,0.0,1022650.0,1022650.0,0.0,63404300000.0,63404300000.0,1022650.0,1022650.0,57800.0,58600.0,54000.0,54000.0,56740.0,HSX_FOREIGN_API,HOSE_SYMBOL_LEVEL,VND,2026-08-25T04:25:44Z,ff_hsx_symbol_daily_v1,5559317fee340ee6fc40f14dae9e264a5ca3fac823148cb3aec893049beb501e
2021-07-07,TCB,HOSE,94544912000.0,94544912000.0,0.0,1638560.0,1638560.0,0.0,94544912000.0,94544912000.0,1638560.0,1638560.0,55000.0,56600.0,53600.0,56600.0,55100.0,HSX_FOREIGN_API,HOSE_SYMBOL_LEVEL,VND,2026-08-25T04:25:44Z,ff_hsx_symbol_daily_v1,65e051d34c6c3aab807c656328298dcfd6cdb0aa8795f736078db0e12442a966
2021-07-08,TCB,HOSE,31024400000.0,31024400000.0,0.0,512800.0,512800.0,0.0,31024400000.0,31024400000.0,512800.0,512800.0,55800.0,57400.0,55600.0,56600.0,56640.0,HSX_FOREIGN_API,HOSE_SYMBOL_LEVEL,VND,2026-08-25T04:25:44Z,ff_hsx_symbol_daily_v1,7d07c38abf4d3c86059bcaaecf8905448103869f4132a0edd562740e2aaa83a2
2021-07-09,TCB,HOSE,0.0,0.0,0.0,0.0,0.0,0.0,0.0,0.0,0.0,0.0,56100.0,58500.0,55600.0,56600.0,57150.0,HSX_FOREIGN_API,HOSE_SYMBOL_LEVEL,VND,2026-08-25T04:25:44Z,ff_hsx_symbol_daily_v1,b1d12bebcd9fdcabf44ebb24fc764517e48142ba26f7d42d7a03875ddb32de61
2021-07-12,TCB,HOSE,127104450000.0,127211100000.0,-106650000.0,2100900.0,2102900.0,-2000.0,127104450000.0,127104450000.0,2100900.0,2100900.0,55500.0,56500.0,52700.0,53500.0,53490.0,HSX_FOREIGN_API,HOSE_SYMBOL_LEVEL,VND,2026-08-25T04:25:44Z,ff_hsx_symbol_daily_v1,3439605e79324d780bfdb68e9f7decf75b912b6cb29d423e0e0db35f0d6a56aa
2021-07-13,TCB,HOSE,74360000000.0,74360000000.0,0.0,1300000.0,1300000.0,0.0,74360000000.0,74360000000.0,1300000.0,1300000.0,54100.0,54300.0,52800.0,53900.0,53660.0,HSX_FOREIGN_API,HOSE_SYMBOL_LEVEL,VND,2026-08-25T04:25:44Z,ff_hsx_symbol_daily_v1,5c6ab68a0883feba23014f5128ade2af729e28a169d25e372f280f3602363236
2021-07-14,TCB,HOSE,99089280000.0,99089280000.0,0.0,1720300.0,1720300.0,0.0,99089280000.0,99089280000.0,1720300.0,1720300.0,53700.0,53800.0,50600.0,51000.0,52130.0,HSX_FOREIGN_API,HOSE_SYMBOL_LEVEL,VND,2026-08-25T04:25:44Z,ff_hsx_symbol_daily_v1,01991f18b655094bbd650bde4b7a7bf6dba108c57605b8de856d6fdd834cbc48
2021-07-15,TCB,HOSE,106863600000.0,106863600000.0,0.0,1960800.0,1960800.0,0.0,106863600000.0,106863600000.0,1960800.0,1960800.0,51000.0,53200.0,50800.0,52100.0,52030.0,HSX_FOREIGN_API,HOSE_SYMBOL_LEVEL,VND,2026-08-25T04:25:44Z,ff_hsx_symbol_daily_v1,6e27f4e2153dd4c80dd3096a3f2ce7f589312875f238960339a8c3bb3407ff73
2021-07-16,TCB,HOSE,0.0,0.0,0.0,0.0,0.0,0.0,0.0,0.0,0.0,0.0,52600.0,52900.0,51600.0,51600.0,52220.0,HSX_FOREIGN_API,HOSE_SYMBOL_LEVEL,VND,2026-08-25T04:25:44Z,ff_hsx_symbol_daily_v1,bc4afb24dd6e92b367585b95b1d62fcd122c4ec8f1b0f8b829ca3997f3aa1117
2021-07-19,TCB,HOSE,11040000000.0,11040000000.0,0.0,200000.0,200000.0,0.0,11040000000.0,11040000000.0,200000.0,200000.0,50000.0,50900.0,48000.0,48000.0,49220.0,HSX_FOREIGN_API,HOSE_SYMBOL_LEVEL,VND,2026-08-25T04:25:44Z,ff_hsx_symbol_daily_v1,ba8f1d8434f146e4594692b0b3730726d3be77c53b38ba73d5156848212494ce
2021-07-20,TCB,HOSE,9418680000.0,9423480000.0,-4800000.0,183600.0,183700.0,-100.0,9418680000.0,9418680000.0,183600.0,183600.0,48300.0,49600.0,47000.0,49500.0,48110.0,HSX_FOREIGN_API,HOSE_SYMBOL_LEVEL,VND,2026-08-25T04:25:44Z,ff_hsx_symbol_daily_v1,1348b747bfe2f656df48c3e14e272800074a4d7049f4896493171977f2dfb6cf
2021-07-21,TCB,HOSE,0.0,0.0,0.0,0.0,0.0,0.0,0.0,0.0,0.0,0.0,50600.0,51400.0,49600.0,50300.0,50740.0,HSX_FOREIGN_API,HOSE_SYMBOL_LEVEL,VND,2026-08-25T04:25:44Z,ff_hsx_symbol_daily_v1,1275d4d445d47b5a1fc1cd9907b374e8f231418b5aae81dd7348e1927e6ed0aa
2021-07-22,TCB,HOSE,12250260000.0,12250260000.0,0.0,227700.0,227700.0,0.0,12250260000.0,12250260000.0,227700.0,227700.0,50100.0,51500.0,49800.0,51100.0,50820.0,HSX_FOREIGN_API,HOSE_SYMBOL_LEVEL,VND,2026-08-25T04:25:44Z,ff_hsx_symbol_daily_v1,8078c64340be400a3405c39354990fd2af4766b11c980f31ce0dfa61836f33d2
2021-07-23,TCB,HOSE,0.0,110440000.0,-110440000.0,0.0,2200.0,-2200.0,0.0,0.0,0.0,0.0,50600.0,51100.0,49500.0,49500.0,50300.0,HSX_FOREIGN_API,HOSE_SYMBOL_LEVEL,VND,2026-08-25T04:25:44Z,ff_hsx_symbol_daily_v1,d73ff59be2638621d1359801043451647c77f2b2cb9311e3d5d37d36794a9a0f
2021-07-26,TCB,HOSE,0.0,0.0,0.0,0.0,0.0,0.0,0.0,0.0,0.0,0.0,49000.0,49650.0,48700.0,49000.0,49080.0,HSX_FOREIGN_API,HOSE_SYMBOL_LEVEL,VND,2026-08-25T04:25:44Z,ff_hsx_symbol_daily_v1,cb9be005aabb728ac292aea1285a21d1291579cda7912ef5ca3194fbd492492f
2021-07-27,TCB,HOSE,60333360000.0,60333360000.0,0.0,1151400.0,1151400.0,0.0,60333360000.0,60333360000.0,1151400.0,1151400.0,50000.0,50300.0,49550.0,49750.0,49860.0,HSX_FOREIGN_API,HOSE_SYMBOL_LEVEL,VND,2026-08-25T04:25:44Z,ff_hsx_symbol_daily_v1,5780ac2e796e4c6836dd92b24824de16286b2209d2fcc1b5b907c855487a687f
2021-07-28,TCB,HOSE,109450000.0,0.0,109450000.0,2200.0,0.0,2200.0,0.0,0.0,0.0,0.0,49750.0,50300.0,49500.0,49700.0,49860.0,HSX_FOREIGN_API,HOSE_SYMBOL_LEVEL,VND,2026-08-25T04:25:44Z,ff_hsx_symbol_daily_v1,38251ea17916070fc29b68697209c2e9d8912ffc7e93dcaf109708c6b47cc36f
2021-07-29,TCB,HOSE,11586420000.0,11586420000.0,0.0,218200.0,218200.0,0.0,11586420000.0,11586420000.0,218200.0,218200.0,50100.0,50800.0,50000.0,50600.0,50440.0,HSX_FOREIGN_API,HOSE_SYMBOL_LEVEL,VND,2026-08-25T04:25:44Z,ff_hsx_symbol_daily_v1,7ef66adc73f90b8ad9d931aa820feba12c583b6853eba19fc2f9e0196f65ceba
2021-07-30,TCB,HOSE,23695800000.0,23695800000.0,0.0,438000.0,438000.0,0.0,23695800000.0,23695800000.0,438000.0,438000.0,50700.0,51600.0,50500.0,51100.0,51140.0,HSX_FOREIGN_API,HOSE_SYMBOL_LEVEL,VND,2026-08-25T04:25:44Z,ff_hsx_symbol_daily_v1,e98290d60f853d088d5e30fc4c7768ddbc2725497dbbae0806bcf96ae47fe7c2
2021-08-02,TCB,HOSE,10560000000.0,10560000000.0,0.0,200000.0,200000.0,0.0,10560000000.0,10560000000.0,200000.0,200000.0,51000.0,51400.0,50600.0,50800.0,51040.0,HSX_FOREIGN_API,HOSE_SYMBOL_LEVEL,VND,2026-08-25T04:25:44Z,ff_hsx_symbol_daily_v1,7109e561c6a13d05fb5857ec7cb2149f8fae96a8315555df36caf6323e93f9e2
2021-08-03,TCB,HOSE,0.0,0.0,0.0,0.0,0.0,0.0,0.0,0.0,0.0,0.0,50800.0,52000.0,50800.0,51800.0,51510.0,HSX_FOREIGN_API,HOSE_SYMBOL_LEVEL,VND,2026-08-25T04:25:44Z,ff_hsx_symbol_daily_v1,d2271fc5bc817f366fa850374cd179db2e1a8853bcdba7ec6829f1427ab49331
2021-08-04,TCB,HOSE,0.0,0.0,0.0,0.0,0.0,0.0,0.0,0.0,0.0,0.0,52500.0,52600.0,51800.0,52000.0,52250.0,HSX_FOREIGN_API,HOSE_SYMBOL_LEVEL,VND,2026-08-25T04:25:44Z,ff_hsx_symbol_daily_v1,ec05918e4369c2d4e152541d5f6d8534afa039f227e2afb25fbbd0fc0e4f3c15
2021-08-05,TCB,HOSE,27240000000.0,27240000000.0,0.0,500000.0,500000.0,0.0,27240000000.0,27240000000.0,500000.0,500000.0,51900.0,52700.0,51700.0,52500.0,52320.0,HSX_FOREIGN_API,HOSE_SYMBOL_LEVEL,VND,2026-08-25T04:25:44Z,ff_hsx_symbol_daily_v1,c9519233a913cf62047b13663dfd8897d6688fef61a3f65e2b14c2914fbe28f2
2021-08-06,TCB,HOSE,50170230000.0,50170230000.0,0.0,894300.0,894300.0,0.0,50170230000.0,50170230000.0,894300.0,894300.0,52500.0,53200.0,51800.0,51800.0,52490.0,HSX_FOREIGN_API,HOSE_SYMBOL_LEVEL,VND,2026-08-25T04:25:44Z,ff_hsx_symbol_daily_v1,36e8d8819a863c139d3759b85a6cbcfa1e05ccbadf22f50610daf171c2b3000e
2021-08-09,TCB,HOSE,0.0,0.0,0.0,0.0,0.0,0.0,0.0,0.0,0.0,0.0,51500.0,52700.0,51300.0,52500.0,51850.0,HSX_FOREIGN_API,HOSE_SYMBOL_LEVEL,VND,2026-08-25T04:25:44Z,ff_hsx_symbol_daily_v1,32bd228ce88392dcb1ca4bdfb3b8adae42c60a93121086288841e364aaf6a812
2021-08-10,TCB,HOSE,0.0,0.0,0.0,0.0,0.0,0.0,0.0,0.0,0.0,0.0,53000.0,53000.0,51900.0,52300.0,52370.0,HSX_FOREIGN_API,HOSE_SYMBOL_LEVEL,VND,2026-08-25T04:25:44Z,ff_hsx_symbol_daily_v1,3dbd5b3083728d4cab0ce96524594117c094a51c4202d372f00a5b951b5cadd0
2021-08-11,TCB,HOSE,53664000000.0,53664000000.0,0.0,960000.0,960000.0,0.0,53664000000.0,53664000000.0,960000.0,960000.0,52300.0,53500.0,51900.0,52300.0,52700.0,HSX_FOREIGN_API,HOSE_SYMBOL_LEVEL,VND,2026-08-25T04:25:44Z,ff_hsx_symbol_daily_v1,cd9472573d2eab0db3675894812cb705725abd0438d76a113314feb467053318
2021-08-12,TCB,HOSE,0.0,0.0,0.0,0.0,0.0,0.0,0.0,0.0,0.0,0.0,52400.0,53000.0,52000.0,52000.0,52400.0,HSX_FOREIGN_API,HOSE_SYMBOL_LEVEL,VND,2026-08-25T04:25:44Z,ff_hsx_symbol_daily_v1,e9f3f4513d3bf826474f550f51c7eeefc9690721ee29708f4be98924700df70c
2021-08-13,TCB,HOSE,31091880000.0,31091880000.0,0.0,567300.0,567300.0,0.0,31091880000.0,31091880000.0,567300.0,567300.0,52000.0,52200.0,51100.0,52200.0,51700.0,HSX_FOREIGN_API,HOSE_SYMBOL_LEVEL,VND,2026-08-25T04:25:44Z,ff_hsx_symbol_daily_v1,448ff75de6ae8f13b30c366293f14346b1b9a767349cd3d8136f2223954c97fa
2021-08-16,TCB,HOSE,11160000000.0,11160000000.0,0.0,200000.0,200000.0,0.0,11160000000.0,11160000000.0,200000.0,200000.0,52300.0,54400.0,52100.0,54000.0,53170.0,HSX_FOREIGN_API,HOSE_SYMBOL_LEVEL,VND,2026-08-25T04:25:44Z,ff_hsx_symbol_daily_v1,c5b0113b7fd757a7a585fb33a7faf3ebabdb61052eedf23e4f539043e1faf528
2021-08-17,TCB,HOSE,88327160000.0,88327160000.0,0.0,1530800.0,1530800.0,0.0,88327160000.0,88327160000.0,1530800.0,1530800.0,54300.0,54700.0,52800.0,53300.0,53770.0,HSX_FOREIGN_API,HOSE_SYMBOL_LEVEL,VND,2026-08-25T04:25:44Z,ff_hsx_symbol_daily_v1,fa1c01bea47074bd509c5a3954747077690d329607b4ab383af852245fac4001
2021-08-18,TCB,HOSE,79832200000.0,79970230000.0,-138030000.0,1414600.0,1417200.0,-2600.0,79832200000.0,79832200000.0,1414600.0,1414600.0,53000.0,53500.0,52500.0,52800.0,53050.0,HSX_FOREIGN_API,HOSE_SYMBOL_LEVEL,VND,2026-08-25T04:25:44Z,ff_hsx_symbol_daily_v1,fa2a3f6fec2ed164fcef56a13d069649e35d9b1a9a305251693566e6c9cf170b
2021-08-19,TCB,HOSE,0.0,0.0,0.0,0.0,0.0,0.0,0.0,0.0,0.0,0.0,52500.0,53300.0,52100.0,53000.0,52560.0,HSX_FOREIGN_API,HOSE_SYMBOL_LEVEL,VND,2026-08-25T04:25:44Z,ff_hsx_symbol_daily_v1,4b55c2ab7d9c7a2678bf063e50d23ef71c0e6b787d24dfc2eb0b790001fd212d
2021-08-20,TCB,HOSE,9072000000.0,9072000000.0,0.0,160000.0,160000.0,0.0,9072000000.0,9072000000.0,160000.0,160000.0,52800.0,53000.0,49800.0,50500.0,51490.0,HSX_FOREIGN_API,HOSE_SYMBOL_LEVEL,VND,2026-08-25T04:25:44Z,ff_hsx_symbol_daily_v1,27b22babbb941db0eef6bc4e98a41aa9799a8f84c99b5c1836d075aa2be28825
2021-08-23,TCB,HOSE,9494380000.0,9363600000.0,130780000.0,176000.0,173400.0,2600.0,9363600000.0,9363600000.0,173400.0,173400.0,50300.0,50800.0,48750.0,48750.0,49480.0,HSX_FOREIGN_API,HOSE_SYMBOL_LEVEL,VND,2026-08-25T04:25:44Z,ff_hsx_symbol_daily_v1,032c8cacd52576b9d13038cfee7838555e1d0b148d04f6c918b4f2ccbdcf5e74
2021-08-24,TCB,HOSE,0.0,175695000.0,-175695000.0,0.0,3600.0,-3600.0,0.0,0.0,0.0,0.0,48750.0,49200.0,48400.0,49000.0,48800.0,HSX_FOREIGN_API,HOSE_SYMBOL_LEVEL,VND,2026-08-25T04:25:44Z,ff_hsx_symbol_daily_v1,6e1c17df73c301b1f9511b90090688772d0e62ded53c98cb975e28c32a0e1e0a
2021-08-25,TCB,HOSE,3030816000.0,3030816000.0,0.0,57840.0,57840.0,0.0,3030816000.0,3030816000.0,57840.0,57840.0,48900.0,49200.0,48500.0,49150.0,48980.0,HSX_FOREIGN_API,HOSE_SYMBOL_LEVEL,VND,2026-08-25T04:25:44Z,ff_hsx_symbol_daily_v1,91425fc03c5a933642876ec596cf917ffea9081b2b384493c32cfffd08982eff
2021-08-26,TCB,HOSE,3150000000.0,3150000000.0,0.0,60000.0,60000.0,0.0,3150000000.0,3150000000.0,60000.0,60000.0,49300.0,49350.0,48200.0,48300.0,48790.0,HSX_FOREIGN_API,HOSE_SYMBOL_LEVEL,VND,2026-08-25T04:25:44Z,ff_hsx_symbol_daily_v1,6e794cc133eb2c5cab1f046472601513958f4f983b0c2c78605b49ae93bdac25
2021-08-27,TCB,HOSE,172080000.0,0.0,172080000.0,3600.0,0.0,3600.0,0.0,0.0,0.0,0.0,47800.0,48150.0,47000.0,48050.0,47530.0,HSX_FOREIGN_API,HOSE_SYMBOL_LEVEL,VND,2026-08-25T04:25:44Z,ff_hsx_symbol_daily_v1,26ce966ef4a71f36f370aca0032ccd2bfdaeb2c2906faa779d257b475a4f29b1
2021-08-30,TCB,HOSE,0.0,0.0,0.0,0.0,0.0,0.0,0.0,0.0,0.0,0.0,48600.0,49400.0,48100.0,49200.0,48610.0,HSX_FOREIGN_API,HOSE_SYMBOL_LEVEL,VND,2026-08-25T04:25:44Z,ff_hsx_symbol_daily_v1,1fcd5454535865f3c523ff2899b508725dff0011f90b243f320151fd65eef4da
2021-08-31,TCB,HOSE,0.0,0.0,0.0,0.0,0.0,0.0,0.0,0.0,0.0,0.0,49500.0,49500.0,47000.0,48500.0,48930.0,HSX_FOREIGN_API,HOSE_SYMBOL_LEVEL,VND,2026-08-25T04:25:44Z,ff_hsx_symbol_daily_v1,07c918bab463dda5da9284a68136f851f1b0a63f0a588b9beb3a51ff1e5c0785
2021-09-01,TCB,HOSE,0.0,0.0,0.0,0.0,0.0,0.0,0.0,0.0,0.0,0.0,48200.0,48950.0,48200.0,48300.0,48410.0,HSX_FOREIGN_API,HOSE_SYMBOL_LEVEL,VND,2026-08-25T04:25:44Z,ff_hsx_symbol_daily_v1,4ca39732e488bb28aa00b7a362a064f914a9173289df3a96c9ebf411c77abc31
2021-09-06,TCB,HOSE,0.0,0.0,0.0,0.0,0.0,0.0,0.0,0.0,0.0,0.0,48650.0,48950.0,47900.0,48950.0,48360.0,HSX_FOREIGN_API,HOSE_SYMBOL_LEVEL,VND,2026-08-25T04:25:44Z,ff_hsx_symbol_daily_v1,8993933bc56af16609e2b12ec0964d8a1f83e0b101bf95ebf22ae93b8fde5f33
2021-09-07,TCB,HOSE,0.0,0.0,0.0,0.0,0.0,0.0,0.0,0.0,0.0,0.0,49050.0,50400.0,49050.0,49650.0,49660.0,HSX_FOREIGN_API,HOSE_SYMBOL_LEVEL,VND,2026-08-25T04:25:44Z,ff_hsx_symbol_daily_v1,9f62109a5d69290897f6b2d8a16ec04a5e3987be3dc0dbdb051afa27124890eb
2021-09-08,TCB,HOSE,0.0,0.0,0.0,0.0,0.0,0.0,0.0,0.0,0.0,0.0,49600.0,49650.0,48600.0,48800.0,49220.0,HSX_FOREIGN_API,HOSE_SYMBOL_LEVEL,VND,2026-08-25T04:25:44Z,ff_hsx_symbol_daily_v1,86282b1b1a0db05cc242486a83c2e8550205ae855d06a83afbed495169712833
2021-09-09,TCB,HOSE,0.0,0.0,0.0,0.0,0.0,0.0,0.0,0.0,0.0,0.0,48500.0,49500.0,48500.0,49300.0,48870.0,HSX_FOREIGN_API,HOSE_SYMBOL_LEVEL,VND,2026-08-25T04:25:44Z,ff_hsx_symbol_daily_v1,f246c788cd30a86f0f1e6f11b06156f09f582c14ea83b569ac39b3b98eacade9
2021-09-10,TCB,HOSE,0.0,0.0,0.0,0.0,0.0,0.0,0.0,0.0,0.0,0.0,49800.0,49800.0,49000.0,49300.0,49380.0,HSX_FOREIGN_API,HOSE_SYMBOL_LEVEL,VND,2026-08-25T04:25:44Z,ff_hsx_symbol_daily_v1,e1e1a17f50ce7375d35a5cbb6e682fbc8832b170b315da7ddd2c2b55856501a9
2021-09-13,TCB,HOSE,0.0,0.0,0.0,0.0,0.0,0.0,0.0,0.0,0.0,0.0,49150.0,49450.0,48900.0,48950.0,49150.0,HSX_FOREIGN_API,HOSE_SYMBOL_LEVEL,VND,2026-08-25T04:25:44Z,ff_hsx_symbol_daily_v1,3181bb91468a51d414f5e7645f76c6298f93a114199c34cdc97830b75e1ed90e
2021-09-14,TCB,HOSE,0.0,0.0,0.0,0.0,0.0,0.0,0.0,0.0,0.0,0.0,48950.0,49100.0,48500.0,48500.0,48800.0,HSX_FOREIGN_API,HOSE_SYMBOL_LEVEL,VND,2026-08-25T04:25:44Z,ff_hsx_symbol_daily_v1,d086a8955a7da87087958f43ffc12437e3d26fe521f526011529dfa070505102
2021-09-15,TCB,HOSE,0.0,0.0,0.0,0.0,0.0,0.0,0.0,0.0,0.0,0.0,48200.0,48800.0,48100.0,48400.0,48490.0,HSX_FOREIGN_API,HOSE_SYMBOL_LEVEL,VND,2026-08-25T04:25:44Z,ff_hsx_symbol_daily_v1,a964e60b0ab85b0ca5b9361b6e9a7d798c6294cf12ff98b4dbdcac98ee3fba1e
2021-09-16,TCB,HOSE,0.0,0.0,0.0,0.0,0.0,0.0,0.0,0.0,0.0,0.0,48900.0,49150.0,48600.0,49100.0,48930.0,HSX_FOREIGN_API,HOSE_SYMBOL_LEVEL,VND,2026-08-25T04:25:44Z,ff_hsx_symbol_daily_v1,e0fc18147bc7a6ae8bed966b950080935e435ae79872202492db4381d0558929
2021-09-17,TCB,HOSE,0.0,0.0,0.0,0.0,0.0,0.0,0.0,0.0,0.0,0.0,49200.0,49900.0,49200.0,49750.0,49600.0,HSX_FOREIGN_API,HOSE_SYMBOL_LEVEL,VND,2026-08-25T04:25:44Z,ff_hsx_symbol_daily_v1,5257e2acaffae7ae2c4e8206865113d245720e5167cef2ba9b52c98ac52fe7d9
2021-09-20,TCB,HOSE,0.0,0.0,0.0,0.0,0.0,0.0,0.0,0.0,0.0,0.0,50500.0,51600.0,50100.0,50700.0,51000.0,HSX_FOREIGN_API,HOSE_SYMBOL_LEVEL,VND,2026-08-25T04:25:44Z,ff_hsx_symbol_daily_v1,609f4c0fca9ae9e20210c121cb4d120b007e6f6cbdd978211ff5a56c925cedd6
2021-09-21,TCB,HOSE,17988980000.0,17988980000.0,0.0,331900.0,331900.0,0.0,17988980000.0,17988980000.0,331900.0,331900.0,50100.0,50900.0,49750.0,50400.0,50300.0,HSX_FOREIGN_API,HOSE_SYMBOL_LEVEL,VND,2026-08-25T04:25:44Z,ff_hsx_symbol_daily_v1,f88c22fce5b169ab1c56c8ce75495e1d191fd2fc2d9a93656f7d338631e9d6a0
2021-09-22,TCB,HOSE,0.0,0.0,0.0,0.0,0.0,0.0,0.0,0.0,0.0,0.0,50900.0,50900.0,49900.0,50500.0,50240.0,HSX_FOREIGN_API,HOSE_SYMBOL_LEVEL,VND,2026-08-25T04:25:44Z,ff_hsx_symbol_daily_v1,562362283faea0221c640ae6563b3a71af780f319d258d6fc2a7935aec82a98a
2021-09-23,TCB,HOSE,0.0,0.0,0.0,0.0,0.0,0.0,0.0,0.0,0.0,0.0,50600.0,51300.0,50000.0,50200.0,50480.0,HSX_FOREIGN_API,HOSE_SYMBOL_LEVEL,VND,2026-08-25T04:25:44Z,ff_hsx_symbol_daily_v1,bd08d014e1b93fa4b942f7602b588d3e4da220598f343bcb5ea92d94f07f6bbb
2021-09-24,TCB,HOSE,0.0,0.0,0.0,0.0,0.0,0.0,0.0,0.0,0.0,0.0,50700.0,51500.0,50300.0,50600.0,50850.0,HSX_FOREIGN_API,HOSE_SYMBOL_LEVEL,VND,2026-08-25T04:25:44Z,ff_hsx_symbol_daily_v1,7c0bf87c9d46c9fee0cb66a6eaa1abbc7ee901024a99c90686e30253cfc9b896
2021-09-27,TCB,HOSE,0.0,0.0,0.0,0.0,0.0,0.0,0.0,0.0,0.0,0.0,50700.0,51100.0,49500.0,49500.0,50340.0,HSX_FOREIGN_API,HOSE_SYMBOL_LEVEL,VND,2026-08-25T04:25:44Z,ff_hsx_symbol_daily_v1,52eba56edaea0936745f47f12f6d9ba191ae3dd6828a6dea33ef6eb6d40f2c74
2021-09-28,TCB,HOSE,0.0,0.0,0.0,0.0,0.0,0.0,0.0,0.0,0.0,0.0,49300.0,49850.0,48800.0,49800.0,49300.0,HSX_FOREIGN_API,HOSE_SYMBOL_LEVEL,VND,2026-08-25T04:25:44Z,ff_hsx_symbol_daily_v1,bf33e673b7ba8df01d823887a399369513874f80a607df0918ca3966044428fe
2021-09-29,TCB,HOSE,0.0,0.0,0.0,0.0,0.0,0.0,0.0,0.0,0.0,0.0,49200.0,49750.0,48900.0,49400.0,49270.0,HSX_FOREIGN_API,HOSE_SYMBOL_LEVEL,VND,2026-08-25T04:25:44Z,ff_hsx_symbol_daily_v1,15922796f5597f64de9ce2211eb668a658dd1a11ccd8f1fe49da1e88da4a03d2
2021-09-30,TCB,HOSE,0.0,0.0,0.0,0.0,0.0,0.0,0.0,0.0,0.0,0.0,49700.0,50400.0,49600.0,49600.0,49960.0,HSX_FOREIGN_API,HOSE_SYMBOL_LEVEL,VND,2026-08-25T04:25:44Z,ff_hsx_symbol_daily_v1,07b855ffa1d75e8cc9fcf17614e0d9521bd17a84be3112603bfa118a69bb6203
2021-10-01,TCB,HOSE,1060000000.0,1079840000.0,-19840000.0,20000.0,20400.0,-400.0,1060000000.0,1060000000.0,20000.0,20000.0,49600.0,49800.0,48900.0,49000.0,49270.0,HSX_FOREIGN_API,HOSE_SYMBOL_LEVEL,VND,2026-08-25T04:25:44Z,ff_hsx_symbol_daily_v1,da47909b7f4e284b65d624483f322fa5a02a8aaa247166943491aef5e0d66084
2021-10-04,TCB,HOSE,0.0,0.0,0.0,0.0,0.0,0.0,0.0,0.0,0.0,0.0,48800.0,48950.0,48300.0,48350.0,48470.0,HSX_FOREIGN_API,HOSE_SYMBOL_LEVEL,VND,2026-08-25T04:25:44Z,ff_hsx_symbol_daily_v1,b1969450eeaf42b9852a653702f2192a3f853f138ec4e0706241d2d013788daa
2021-10-05,TCB,HOSE,0.0,0.0,0.0,0.0,0.0,0.0,0.0,0.0,0.0,0.0,48600.0,49200.0,48600.0,49100.0,48930.0,HSX_FOREIGN_API,HOSE_SYMBOL_LEVEL,VND,2026-08-25T04:25:44Z,ff_hsx_symbol_daily_v1,2c7e3fb93266d0a9b840c9934cae94cc6a6020fd7dc262f0593bd9e8e8c827b8
2021-10-06,TCB,HOSE,201252805000.0,201233025000.0,19780000.0,3833410.0,3833010.0,400.0,201233025000.0,201233025000.0,3833010.0,3833010.0,49450.0,50500.0,49200.0,50300.0,49790.0,HSX_FOREIGN_API,HOSE_SYMBOL_LEVEL,VND,2026-08-25T04:25:44Z,ff_hsx_symbol_daily_v1,35466a66a4737794182bd66320701e60209b2e9020ff15de4eae10154897cfbe
2021-10-07,TCB,HOSE,2313400000.0,2313400000.0,0.0,43000.0,43000.0,0.0,2313400000.0,2313400000.0,43000.0,43000.0,50600.0,50800.0,50000.0,50000.0,50360.0,HSX_FOREIGN_API,HOSE_SYMBOL_LEVEL,VND,2026-08-25T04:25:44Z,ff_hsx_symbol_daily_v1,a01e292e419d0408aff655393bf2d775f8865040730aaac4cef9c5e62769eb77
2021-10-08,TCB,HOSE,4280000000.0,6450760000.0,-2170760000.0,80000.0,123000.0,-43000.0,4280000000.0,4280000000.0,80000.0,80000.0,50100.0,50900.0,50000.0,50700.0,50510.0,HSX_FOREIGN_API,HOSE_SYMBOL_LEVEL,VND,2026-08-25T04:25:44Z,ff_hsx_symbol_daily_v1,314cc7d7e3748237eac648b994fa4c860c32d9ef45bd6250b651a78eeb0b6d8a
2021-10-11,TCB,HOSE,0.0,0.0,0.0,0.0,0.0,0.0,0.0,0.0,0.0,0.0,51000.0,53000.0,51000.0,53000.0,52280.0,HSX_FOREIGN_API,HOSE_SYMBOL_LEVEL,VND,2026-08-25T04:25:44Z,ff_hsx_symbol_daily_v1,b48b461bbdee1e7b4d7b5c67d52ebfac356a2508404d79315f40ee85653dd3a6
2021-10-12,TCB,HOSE,0.0,2276660000.0,-2276660000.0,0.0,43000.0,-43000.0,0.0,0.0,0.0,0.0,53400.0,53400.0,52600.0,53000.0,53010.0,HSX_FOREIGN_API,HOSE_SYMBOL_LEVEL,VND,2026-08-25T04:25:44Z,ff_hsx_symbol_daily_v1,c9cff8191f6bda844747b7a3fd6e33aa06275cf150be12005858e7f464512dff
2021-10-13,TCB,HOSE,51965550000.0,51965550000.0,0.0,916500.0,916500.0,0.0,51965550000.0,51965550000.0,916500.0,916500.0,53000.0,53200.0,52300.0,52400.0,52750.0,HSX_FOREIGN_API,HOSE_SYMBOL_LEVEL,VND,2026-08-25T04:25:44Z,ff_hsx_symbol_daily_v1,bf339fef75287495532289929dbe88e9334f6c2390823a43e6121f5221a003ba
2021-10-14,TCB,HOSE,3976000000.0,3976000000.0,0.0,71000.0,71000.0,0.0,3976000000.0,3976000000.0,71000.0,71000.0,52500.0,53000.0,52200.0,52500.0,52510.0,HSX_FOREIGN_API,HOSE_SYMBOL_LEVEL,VND,2026-08-25T04:25:44Z,ff_hsx_symbol_daily_v1,c55ecdff3cff98ef7bc4f9e8700251b6817fda392aa8aec214a0c8654c2bea23
2021-10-15,TCB,HOSE,0.0,0.0,0.0,0.0,0.0,0.0,0.0,0.0,0.0,0.0,52900.0,52900.0,52300.0,52600.0,52660.0,HSX_FOREIGN_API,HOSE_SYMBOL_LEVEL,VND,2026-08-25T04:25:44Z,ff_hsx_symbol_daily_v1,efc0ab3a6337bef7f855a3d3881743ec7a0f457dafba7d46da3cbafddc5852ab
2021-10-18,TCB,HOSE,1124000000.0,1124000000.0,0.0,20000.0,20000.0,0.0,1124000000.0,1124000000.0,20000.0,20000.0,53200.0,53600.0,52700.0,52900.0,53130.0,HSX_FOREIGN_API,HOSE_SYMBOL_LEVEL,VND,2026-08-25T04:25:44Z,ff_hsx_symbol_daily_v1,39114e09cc40b81c1b3eb3b05453dcb3792126cd3499c77aed35697dbeed6f18
2021-10-19,TCB,HOSE,1981000000.0,1981000000.0,0.0,35000.0,35000.0,0.0,1981000000.0,1981000000.0,35000.0,35000.0,52900.0,53000.0,52000.0,52700.0,52690.0,HSX_FOREIGN_API,HOSE_SYMBOL_LEVEL,VND,2026-08-25T04:25:44Z,ff_hsx_symbol_daily_v1,bcf36c52282bb13bc2fff17d68892a9328eaf63fe2818618a7270d2b33933cc4
2021-10-20,TCB,HOSE,0.0,0.0,0.0,0.0,0.0,0.0,0.0,0.0,0.0,0.0,52800.0,53900.0,52500.0,53200.0,53100.0,HSX_FOREIGN_API,HOSE_SYMBOL_LEVEL,VND,2026-08-25T04:25:44Z,ff_hsx_symbol_daily_v1,2c040cdacf26c9c3270a5053002bc24e74a272128a743df64baf8b7247720b31
2021-10-21,TCB,HOSE,2845000000.0,2845000000.0,0.0,50000.0,50000.0,0.0,2845000000.0,2845000000.0,50000.0,50000.0,54000.0,54000.0,52900.0,52900.0,53330.0,HSX_FOREIGN_API,HOSE_SYMBOL_LEVEL,VND,2026-08-25T04:25:44Z,ff_hsx_symbol_daily_v1,5d448bcc0d2cf98586769607bdbe0c96226dc08346545a9f0e357c1f6a535608
2021-10-22,TCB,HOSE,0.0,0.0,0.0,0.0,0.0,0.0,0.0,0.0,0.0,0.0,52900.0,53000.0,52200.0,52300.0,52640.0,HSX_FOREIGN_API,HOSE_SYMBOL_LEVEL,VND,2026-08-25T04:25:44Z,ff_hsx_symbol_daily_v1,82a9eff1e2709309959c5cfff91d9c50021c2371e2c5ca39da9b0ebf37f74ba5
2021-10-25,TCB,HOSE,27218269000.0,22656829000.0,4561440000.0,486910.0,405310.0,81600.0,27218269000.0,22656829000.0,486910.0,405310.0,52100.0,52100.0,50800.0,50900.0,51330.0,HSX_FOREIGN_API,HOSE_SYMBOL_LEVEL,VND,2026-08-25T04:25:44Z,ff_hsx_symbol_daily_v1,ed27d987f462db25c1a03000f20a1853f565f4e1de3d4322757ff6d7805b956e
2021-10-26,TCB,HOSE,0.0,0.0,0.0,0.0,0.0,0.0,0.0,0.0,0.0,0.0,50400.0,51000.0,49950.0,51000.0,50450.0,HSX_FOREIGN_API,HOSE_SYMBOL_LEVEL,VND,2026-08-25T04:25:44Z,ff_hsx_symbol_daily_v1,33a262cdea66c82fe6d3cbbae2f7338869919ec2650a8fbfa9ea1ef6717d0346
2021-10-27,TCB,HOSE,0.0,0.0,0.0,0.0,0.0,0.0,0.0,0.0,0.0,0.0,51200.0,51800.0,50900.0,51500.0,51350.0,HSX_FOREIGN_API,HOSE_SYMBOL_LEVEL,VND,2026-08-25T04:25:44Z,ff_hsx_symbol_daily_v1,c9a2eb7298be430fb71e57889bb927c2f816015505478a7fed7a87ce7ffbd1f7
2021-10-28,TCB,HOSE,137750000000.0,137750000000.0,0.0,2500000.0,2500000.0,0.0,137750000000.0,137750000000.0,2500000.0,2500000.0,52000.0,52100.0,51500.0,51800.0,51710.0,HSX_FOREIGN_API,HOSE_SYMBOL_LEVEL,VND,2026-08-25T04:25:44Z,ff_hsx_symbol_daily_v1,396b5db402a0cafbd89e58f4d799f881ed28b9562abd630a866837b3f531b96f
2021-10-29,TCB,HOSE,0.0,0.0,0.0,0.0,0.0,0.0,0.0,0.0,0.0,0.0,51900.0,52000.0,51300.0,51600.0,51620.0,HSX_FOREIGN_API,HOSE_SYMBOL_LEVEL,VND,2026-08-25T04:25:44Z,ff_hsx_symbol_daily_v1,222af5d5a08d81cf282fd27169d2d19501aa5784559c735505659e4ef95f94bc
2021-11-01,TCB,HOSE,1104000000.0,1104000000.0,0.0,20000.0,20000.0,0.0,1104000000.0,1104000000.0,20000.0,20000.0,51700.0,52500.0,51500.0,51600.0,51810.0,HSX_FOREIGN_API,HOSE_SYMBOL_LEVEL,VND,2026-08-25T04:25:44Z,ff_hsx_symbol_daily_v1,27357e980c9f25f3dfcf928228f53907649c914bebcf637f46b41166706720e7
2021-11-02,TCB,HOSE,0.0,0.0,0.0,0.0,0.0,0.0,0.0,0.0,0.0,0.0,51800.0,51800.0,51500.0,51600.0,51630.0,HSX_FOREIGN_API,HOSE_SYMBOL_LEVEL,VND,2026-08-25T04:25:44Z,ff_hsx_symbol_daily_v1,2f78ad58c3d344c8ba505189f06e25301e0526c8c4294ba8995ed02ec1735ecb
2021-11-03,TCB,HOSE,0.0,0.0,0.0,0.0,0.0,0.0,0.0,0.0,0.0,0.0,52300.0,54200.0,52000.0,53700.0,53300.0,HSX_FOREIGN_API,HOSE_SYMBOL_LEVEL,VND,2026-08-25T04:25:44Z,ff_hsx_symbol_daily_v1,511652b4f46f0f6045b22f66cdbe4d67fb07bb1b3dfb7ea1af7b781601e6b3ee
2021-11-04,TCB,HOSE,0.0,0.0,0.0,0.0,0.0,0.0,0.0,0.0,0.0,0.0,53700.0,54200.0,52800.0,53300.0,53250.0,HSX_FOREIGN_API,HOSE_SYMBOL_LEVEL,VND,2026-08-25T04:25:44Z,ff_hsx_symbol_daily_v1,7ec7e124343861930191496ab7ccd3f10ba3ed9bdee777635800abfab255e504
2021-11-05,TCB,HOSE,0.0,0.0,0.0,0.0,0.0,0.0,0.0,0.0,0.0,0.0,53500.0,53500.0,52700.0,53000.0,53000.0,HSX_FOREIGN_API,HOSE_SYMBOL_LEVEL,VND,2026-08-25T04:25:44Z,ff_hsx_symbol_daily_v1,dadfff6efe73c54ff1a160fbb1e728855ee6b6b1fb1d0953afc81834e8ef37a3
2021-11-08,TCB,HOSE,0.0,0.0,0.0,0.0,0.0,0.0,0.0,0.0,0.0,0.0,52800.0,53300.0,52300.0,52600.0,52690.0,HSX_FOREIGN_API,HOSE_SYMBOL_LEVEL,VND,2026-08-25T04:25:44Z,ff_hsx_symbol_daily_v1,24e25792a9fb7078df050d9ac98fb26eba95fe3549f9bda865f159f2561f07f3
2021-11-09,TCB,HOSE,0.0,0.0,0.0,0.0,0.0,0.0,0.0,0.0,0.0,0.0,53000.0,53300.0,52300.0,52300.0,52760.0,HSX_FOREIGN_API,HOSE_SYMBOL_LEVEL,VND,2026-08-25T04:25:44Z,ff_hsx_symbol_daily_v1,46c48beb63b617895e398ccd8934fc84c476224978f625ae8d26ade697f19d98
2021-11-10,TCB,HOSE,0.0,0.0,0.0,0.0,0.0,0.0,0.0,0.0,0.0,0.0,52600.0,52700.0,51600.0,51700.0,52050.0,HSX_FOREIGN_API,HOSE_SYMBOL_LEVEL,VND,2026-08-25T04:25:44Z,ff_hsx_symbol_daily_v1,53fa8ba8908cfb4693c33419a1b56e97a88f6a0b5d1aa45b98d4ebb6bd5504a1
2021-11-11,TCB,HOSE,0.0,0.0,0.0,0.0,0.0,0.0,0.0,0.0,0.0,0.0,51700.0,52400.0,50700.0,51500.0,51460.0,HSX_FOREIGN_API,HOSE_SYMBOL_LEVEL,VND,2026-08-25T04:25:44Z,ff_hsx_symbol_daily_v1,90fcf71350c6116f9bb48c28069c697055a8e5cbdffbff00c20b2885097b3849
2021-11-12,TCB,HOSE,0.0,0.0,0.0,0.0,0.0,0.0,0.0,0.0,0.0,0.0,51400.0,52700.0,51100.0,52500.0,51700.0,HSX_FOREIGN_API,HOSE_SYMBOL_LEVEL,VND,2026-08-25T04:25:44Z,ff_hsx_symbol_daily_v1,7a20ef5a66964acb0153d9f0abfb1560c3990d17056f56feb13a61013ac531bc
2021-11-15,TCB,HOSE,0.0,0.0,0.0,0.0,0.0,0.0,0.0,0.0,0.0,0.0,52800.0,53000.0,51900.0,52000.0,52390.0,HSX_FOREIGN_API,HOSE_SYMBOL_LEVEL,VND,2026-08-25T04:25:44Z,ff_hsx_symbol_daily_v1,a5115554537c93179dceec5b5aae89cd92a0ddd8146f4f7bed7ba1f7478d9a00
2021-11-16,TCB,HOSE,0.0,0.0,0.0,0.0,0.0,0.0,0.0,0.0,0.0,0.0,52000.0,52900.0,51600.0,52000.0,52200.0,HSX_FOREIGN_API,HOSE_SYMBOL_LEVEL,VND,2026-08-25T04:25:44Z,ff_hsx_symbol_daily_v1,c8026edf35ea640b49fdbd2b236651b901971fae1a5ea148b5c5934d7fb973d5
2021-11-17,TCB,HOSE,0.0,0.0,0.0,0.0,0.0,0.0,0.0,0.0,0.0,0.0,52000.0,52400.0,51700.0,52200.0,51970.0,HSX_FOREIGN_API,HOSE_SYMBOL_LEVEL,VND,2026-08-25T04:25:44Z,ff_hsx_symbol_daily_v1,4f915e6c78eca47ca48c3aac03af29b2189d928ac0259ec29cfbf0ca3ff75552
2021-11-18,TCB,HOSE,0.0,0.0,0.0,0.0,0.0,0.0,0.0,0.0,0.0,0.0,52000.0,52200.0,51400.0,51500.0,51740.0,HSX_FOREIGN_API,HOSE_SYMBOL_LEVEL,VND,2026-08-25T04:25:44Z,ff_hsx_symbol_daily_v1,8bef8b6d5b46f409b6a08a27e1393df8c7227d8c28d595c04c8a7bc1cd051771
2021-11-19,TCB,HOSE,29362790000.0,29362790000.0,0.0,532900.0,532900.0,0.0,29362790000.0,29362790000.0,532900.0,532900.0,51800.0,53400.0,51200.0,52300.0,52430.0,HSX_FOREIGN_API,HOSE_SYMBOL_LEVEL,VND,2026-08-25T04:25:44Z,ff_hsx_symbol_daily_v1,a52dda66923926daaca1dcc3c4a52663f62e0d3237139bb4191110670e081db7
2021-11-22,TCB,HOSE,0.0,0.0,0.0,0.0,0.0,0.0,0.0,0.0,0.0,0.0,52300.0,54800.0,52300.0,53100.0,53510.0,HSX_FOREIGN_API,HOSE_SYMBOL_LEVEL,VND,2026-08-25T04:25:44Z,ff_hsx_symbol_daily_v1,9b03e51f58ddd3b2c86c9ed7f31d48235b2c4ac6220f713f310721934d8ca1f7
2021-11-23,TCB,HOSE,2840000000.0,2840000000.0,0.0,50000.0,50000.0,0.0,2840000000.0,2840000000.0,50000.0,50000.0,53400.0,53500.0,52400.0,52600.0,52760.0,HSX_FOREIGN_API,HOSE_SYMBOL_LEVEL,VND,2026-08-25T04:25:44Z,ff_hsx_symbol_daily_v1,329f38d1d451f16aea87b497792c446dd0f5cb6f09fc3ca2aa63a5208111eb83
2021-11-24,TCB,HOSE,0.0,0.0,0.0,0.0,0.0,0.0,0.0,0.0,0.0,0.0,52600.0,55700.0,52300.0,55500.0,54090.0,HSX_FOREIGN_API,HOSE_SYMBOL_LEVEL,VND,2026-08-25T04:25:44Z,ff_hsx_symbol_daily_v1,f259d636f5e975854bf44db578f26f552b5800da85766fa96ad9772b7b3d144e
2021-11-25,TCB,HOSE,154180000000.0,154180000000.0,0.0,2600000.0,2600000.0,0.0,154180000000.0,154180000000.0,2600000.0,2600000.0,56000.0,56000.0,54700.0,54900.0,55250.0,HSX_FOREIGN_API,HOSE_SYMBOL_LEVEL,VND,2026-08-25T04:25:44Z,ff_hsx_symbol_daily_v1,d4f5218658178d1ad0c6d11f53e8348dc33731a166c9bf0e2d3ea0bc742d40ab
2021-11-26,TCB,HOSE,0.0,0.0,0.0,0.0,0.0,0.0,0.0,0.0,0.0,0.0,55100.0,55500.0,53900.0,54000.0,54630.0,HSX_FOREIGN_API,HOSE_SYMBOL_LEVEL,VND,2026-08-25T04:25:44Z,ff_hsx_symbol_daily_v1,e37941c296b093c929d76d39f5e9fb0e2bdfa3e7582617c42849c1d9a639d19c
2021-11-29,TCB,HOSE,0.0,0.0,0.0,0.0,0.0,0.0,0.0,0.0,0.0,0.0,53000.0,53400.0,52100.0,52300.0,52650.0,HSX_FOREIGN_API,HOSE_SYMBOL_LEVEL,VND,2026-08-25T04:25:44Z,ff_hsx_symbol_daily_v1,ed1c8a7e1d7166dbf714ffb4d963c6e0a0b697ba6e56d10295fb63e848691319
2021-11-30,TCB,HOSE,0.0,0.0,0.0,0.0,0.0,0.0,0.0,0.0,0.0,0.0,53100.0,53100.0,51500.0,51800.0,52140.0,HSX_FOREIGN_API,HOSE_SYMBOL_LEVEL,VND,2026-08-25T04:25:44Z,ff_hsx_symbol_daily_v1,e8c383a14b34e4602e3643350f8c3db8b5d35df823adb26f508483e75d4d1abb
2021-12-01,TCB,HOSE,5872400000.0,5872400000.0,0.0,106000.0,106000.0,0.0,5872400000.0,5872400000.0,106000.0,106000.0,51600.0,52400.0,51500.0,52400.0,51860.0,HSX_FOREIGN_API,HOSE_SYMBOL_LEVEL,VND,2026-08-25T04:25:44Z,ff_hsx_symbol_daily_v1,b8319e678f091e6cf1801847686b6e86ceb2a6d70aa3956a6012bdc0298fc956
2021-12-02,TCB,HOSE,16234400000.0,16234400000.0,0.0,289900.0,289900.0,0.0,16234400000.0,16234400000.0,289900.0,289900.0,52400.0,52600.0,51700.0,51700.0,52210.0,HSX_FOREIGN_API,HOSE_SYMBOL_LEVEL,VND,2026-08-25T04:25:44Z,ff_hsx_symbol_daily_v1,49c76e95b4e8a6726d0e346f4a7aa1b5c17ab29c3f27770cc0d02b96c51eb6b6
2021-12-03,TCB,HOSE,26953220000.0,26953220000.0,0.0,487400.0,487400.0,0.0,26953220000.0,26953220000.0,487400.0,487400.0,52000.0,52200.0,50200.0,50200.0,51380.0,HSX_FOREIGN_API,HOSE_SYMBOL_LEVEL,VND,2026-08-25T04:25:44Z,ff_hsx_symbol_daily_v1,ddecb65c8360ea74d8d8d6b18f24ef2f1e1c4b7627c633dd2491327d6da3e8f3
2021-12-06,TCB,HOSE,2685000000.0,2685000000.0,0.0,50000.0,50000.0,0.0,2685000000.0,2685000000.0,50000.0,50000.0,50300.0,51000.0,48650.0,49000.0,49710.0,HSX_FOREIGN_API,HOSE_SYMBOL_LEVEL,VND,2026-08-25T04:25:44Z,ff_hsx_symbol_daily_v1,31eb2982174cbf1d389a3522fae2935be76c21da96648733887365a392ba62d0
2021-12-07,TCB,HOSE,2620000000.0,2620000000.0,0.0,50000.0,50000.0,0.0,2620000000.0,2620000000.0,50000.0,50000.0,49600.0,50300.0,49350.0,50000.0,49680.0,HSX_FOREIGN_API,HOSE_SYMBOL_LEVEL,VND,2026-08-25T04:25:44Z,ff_hsx_symbol_daily_v1,9cce575c43022abd436924c9ddddd363837615a9d0c9444c94e1021091745bd4
2021-12-08,TCB,HOSE,11069150000.0,11069150000.0,0.0,206900.0,206900.0,0.0,11069150000.0,11069150000.0,206900.0,206900.0,50200.0,50800.0,49900.0,50000.0,50130.0,HSX_FOREIGN_API,HOSE_SYMBOL_LEVEL,VND,2026-08-25T04:25:44Z,ff_hsx_symbol_daily_v1,cbb7da5535d80e032e065f91d77d7a3156592f09a00d7ed7ba1dec0accfb0515
2021-12-09,TCB,HOSE,18757100000.0,18757100000.0,0.0,350600.0,350600.0,0.0,18757100000.0,18757100000.0,350600.0,350600.0,50000.0,50400.0,49850.0,50400.0,50070.0,HSX_FOREIGN_API,HOSE_SYMBOL_LEVEL,VND,2026-08-25T04:25:44Z,ff_hsx_symbol_daily_v1,ca9dab160ac2eb64f8a4347c72b744fd0e8b4487fab86674f7782eff5c6f801d
2021-12-10,TCB,HOSE,8085000000.0,8085000000.0,0.0,150000.0,150000.0,0.0,8085000000.0,8085000000.0,150000.0,150000.0,50500.0,50900.0,50100.0,50200.0,50470.0,HSX_FOREIGN_API,HOSE_SYMBOL_LEVEL,VND,2026-08-25T04:25:44Z,ff_hsx_symbol_daily_v1,55a42c74028f066f91245d8976c4a397ddac42b7440771a34ac0718e89e2c018
2021-12-13,TCB,HOSE,0.0,0.0,0.0,0.0,0.0,0.0,0.0,0.0,0.0,0.0,50300.0,50400.0,49950.0,50000.0,50110.0,HSX_FOREIGN_API,HOSE_SYMBOL_LEVEL,VND,2026-08-25T04:25:44Z,ff_hsx_symbol_daily_v1,e694e37222be88cf1ee0250f739542ee8d0ace761ac72b8729bfe59f15d19dde
2021-12-14,TCB,HOSE,21400000000.0,21400000000.0,0.0,400000.0,400000.0,0.0,21400000000.0,21400000000.0,400000.0,400000.0,50000.0,50800.0,49850.0,50100.0,50210.0,HSX_FOREIGN_API,HOSE_SYMBOL_LEVEL,VND,2026-08-25T04:25:44Z,ff_hsx_symbol_daily_v1,9d2817a946bad04e8d23e466d7da63fa47f5565c25489df78fd9268638ce0c2e
2021-12-15,TCB,HOSE,0.0,0.0,0.0,0.0,0.0,0.0,0.0,0.0,0.0,0.0,50300.0,50800.0,49950.0,50200.0,50260.0,HSX_FOREIGN_API,HOSE_SYMBOL_LEVEL,VND,2026-08-25T04:25:44Z,ff_hsx_symbol_daily_v1,ab998e8d4c7c2673fae172731bb8096e9f988ee4a8f42949cb780f492b66e2d9
2021-12-16,TCB,HOSE,0.0,0.0,0.0,0.0,0.0,0.0,0.0,0.0,0.0,0.0,50500.0,50500.0,49850.0,49850.0,50010.0,HSX_FOREIGN_API,HOSE_SYMBOL_LEVEL,VND,2026-08-25T04:25:44Z,ff_hsx_symbol_daily_v1,1b04d9353ce32c4e812bc68f7177d1b6f4586ea554070b9b3bf9e996c030e9bd
2021-12-17,TCB,HOSE,150966920000.0,150966920000.0,0.0,2832400.0,2832400.0,0.0,150966920000.0,150966920000.0,2832400.0,2832400.0,50000.0,50100.0,49800.0,49850.0,49900.0,HSX_FOREIGN_API,HOSE_SYMBOL_LEVEL,VND,2026-08-25T04:25:44Z,ff_hsx_symbol_daily_v1,e83115819de83f9ab96c8d9537cd3f7186f74f1bbc14de50dee774d729dc4522
2021-12-20,TCB,HOSE,76585704000.0,76585704000.0,0.0,1436880.0,1436880.0,0.0,76585704000.0,76585704000.0,1436880.0,1436880.0,49850.0,50000.0,49350.0,49500.0,49700.0,HSX_FOREIGN_API,HOSE_SYMBOL_LEVEL,VND,2026-08-25T04:25:44Z,ff_hsx_symbol_daily_v1,d3440989aceb1e22b1bd2a3f2af7a3fb7dfd59cf3bf03bda6d2bde455002d593
2021-12-21,TCB,HOSE,17224240000.0,17224240000.0,0.0,325600.0,325600.0,0.0,17224240000.0,17224240000.0,325600.0,325600.0,49500.0,49700.0,49200.0,49250.0,49360.0,HSX_FOREIGN_API,HOSE_SYMBOL_LEVEL,VND,2026-08-25T04:25:44Z,ff_hsx_symbol_daily_v1,c6e9d8621a455e20db571589040c41b8afbc69915ab3d114919be706c2244361
2021-12-22,TCB,HOSE,26300000000.0,26300000000.0,0.0,500000.0,500000.0,0.0,26300000000.0,26300000000.0,500000.0,500000.0,49300.0,49500.0,48300.0,48900.0,48900.0,HSX_FOREIGN_API,HOSE_SYMBOL_LEVEL,VND,2026-08-25T04:25:44Z,ff_hsx_symbol_daily_v1,64043d474dd0281ac039b11da3a1231e456c3f14ca41f643240a868e76b7daed
2021-12-23,TCB,HOSE,0.0,0.0,0.0,0.0,0.0,0.0,0.0,0.0,0.0,0.0,48850.0,48850.0,47300.0,47350.0,47970.0,HSX_FOREIGN_API,HOSE_SYMBOL_LEVEL,VND,2026-08-25T04:25:44Z,ff_hsx_symbol_daily_v1,54a1704aefd7c3d077d6ce286b347b397a3b4a24f5459dba7636b9ccca645424
2021-12-24,TCB,HOSE,0.0,0.0,0.0,0.0,0.0,0.0,0.0,0.0,0.0,0.0,47450.0,49150.0,47450.0,48900.0,48310.0,HSX_FOREIGN_API,HOSE_SYMBOL_LEVEL,VND,2026-08-25T04:25:44Z,ff_hsx_symbol_daily_v1,d296ee7b0c8d85143400d28ebd7bff6803a983ffc423dfd2ada954f7012579b4
2021-12-27,TCB,HOSE,0.0,0.0,0.0,0.0,0.0,0.0,0.0,0.0,0.0,0.0,49400.0,49400.0,48500.0,48850.0,48930.0,HSX_FOREIGN_API,HOSE_SYMBOL_LEVEL,VND,2026-08-25T04:25:44Z,ff_hsx_symbol_daily_v1,d739141bed09f9078bfc5a5b41504696bf9a35d874b6b5961fab63c210d2ebcb
2021-12-28,TCB,HOSE,0.0,0.0,0.0,0.0,0.0,0.0,0.0,0.0,0.0,0.0,49250.0,49350.0,48700.0,49150.0,48950.0,HSX_FOREIGN_API,HOSE_SYMBOL_LEVEL,VND,2026-08-25T04:25:44Z,ff_hsx_symbol_daily_v1,28ace5cfb5b94fbbfb54cd2a47fcfe37662d8aa9fa7b4d85487b32a658048ed6
2021-12-29,TCB,HOSE,0.0,0.0,0.0,0.0,0.0,0.0,0.0,0.0,0.0,0.0,49150.0,49650.0,49000.0,49100.0,49290.0,HSX_FOREIGN_API,HOSE_SYMBOL_LEVEL,VND,2026-08-25T04:25:44Z,ff_hsx_symbol_daily_v1,60c897d7f0cd1b7a2b20e271083a0a1486e1c816d7a09d7b28c3773682cd8c49
2021-12-30,TCB,HOSE,0.0,0.0,0.0,0.0,0.0,0.0,0.0,0.0,0.0,0.0,49200.0,49750.0,49000.0,49300.0,49380.0,HSX_FOREIGN_API,HOSE_SYMBOL_LEVEL,VND,2026-08-25T04:25:44Z,ff_hsx_symbol_daily_v1,52bf9d2e2363f8a590fdcaf598e427057162e3306df14be2d72ddc16b62be1cd
2021-12-31,TCB,HOSE,0.0,0.0,0.0,0.0,0.0,0.0,0.0,0.0,0.0,0.0,49500.0,50500.0,49450.0,50000.0,50020.0,HSX_FOREIGN_API,HOSE_SYMBOL_LEVEL,VND,2026-08-25T04:25:44Z,ff_hsx_symbol_daily_v1,2fa3d1605b5a2d5ea0e8b535aa0536992c79015f3af8aad54df95e2ef41d8348
2022-01-04,TCB,HOSE,0.0,0.0,0.0,0.0,0.0,0.0,0.0,0.0,0.0,0.0,50500.0,51200.0,50300.0,50900.0,50960.0,HSX_FOREIGN_API,HOSE_SYMBOL_LEVEL,VND,2026-08-25T04:25:44Z,ff_hsx_symbol_daily_v1,f1a481a9fa18de9972f11e2f4cf544432141f4e78d500ab0860816fcf2f4d5b3
2022-01-05,TCB,HOSE,0.0,0.0,0.0,0.0,0.0,0.0,0.0,0.0,0.0,0.0,50900.0,51200.0,50300.0,50500.0,50790.0,HSX_FOREIGN_API,HOSE_SYMBOL_LEVEL,VND,2026-08-25T04:25:44Z,ff_hsx_symbol_daily_v1,c026ff318a9dcb53136973dc8a0587d2f18638b748e2827725446bb17f7f0949
2022-01-06,TCB,HOSE,0.0,0.0,0.0,0.0,0.0,0.0,0.0,0.0,0.0,0.0,50200.0,50400.0,49600.0,49900.0,49990.0,HSX_FOREIGN_API,HOSE_SYMBOL_LEVEL,VND,2026-08-25T04:25:44Z,ff_hsx_symbol_daily_v1,63ee472a9ffa488934a037f659e2b8d29503d66d7dec9b93a11f1899d6ee245e
2022-01-07,TCB,HOSE,7888400000.0,7888400000.0,0.0,148000.0,148000.0,0.0,7888400000.0,7888400000.0,148000.0,148000.0,49900.0,50100.0,49400.0,49450.0,49600.0,HSX_FOREIGN_API,HOSE_SYMBOL_LEVEL,VND,2026-08-25T04:25:44Z,ff_hsx_symbol_daily_v1,6b367856a68fe6dfca521f631ca6c25ca4bdb16b5d323698c6025eb7a14242ae
2022-01-10,TCB,HOSE,0.0,0.0,0.0,0.0,0.0,0.0,0.0,0.0,0.0,0.0,49500.0,49600.0,48650.0,48650.0,49150.0,HSX_FOREIGN_API,HOSE_SYMBOL_LEVEL,VND,2026-08-25T04:25:44Z,ff_hsx_symbol_daily_v1,25672b96de244bd9ec4aeae868f1faeccb6309cfc04fc1d2f7fb670879eacddc
2022-01-11,TCB,HOSE,0.0,0.0,0.0,0.0,0.0,0.0,0.0,0.0,0.0,0.0,48900.0,49100.0,48400.0,48450.0,48750.0,HSX_FOREIGN_API,HOSE_SYMBOL_LEVEL,VND,2026-08-25T04:25:44Z,ff_hsx_symbol_daily_v1,2ef2c079c659647f40d6f025972ddc51fb00f41def838656450f0101c11f7e81
2022-01-12,TCB,HOSE,0.0,0.0,0.0,0.0,0.0,0.0,0.0,0.0,0.0,0.0,48450.0,50400.0,48400.0,50400.0,49440.0,HSX_FOREIGN_API,HOSE_SYMBOL_LEVEL,VND,2026-08-25T04:25:44Z,ff_hsx_symbol_daily_v1,14843d3267270ae87e9b21fd413e16c80d39b22282dbd5e228f0328b4cceaa9f
2022-01-13,TCB,HOSE,1369060000.0,2054810000.0,-685750000.0,25400.0,38900.0,-13500.0,1369060000.0,1369060000.0,25400.0,25400.0,50900.0,51800.0,50200.0,50500.0,50990.0,HSX_FOREIGN_API,HOSE_SYMBOL_LEVEL,VND,2026-08-25T04:25:44Z,ff_hsx_symbol_daily_v1,5d8c50457c01b16005d377801ced68946008a555d92a7accb8bafbd180f03fec
2022-01-14,TCB,HOSE,5108400000.0,5108400000.0,0.0,94600.0,94600.0,0.0,5108400000.0,5108400000.0,94600.0,94600.0,50000.0,50400.0,49500.0,49750.0,50030.0,HSX_FOREIGN_API,HOSE_SYMBOL_LEVEL,VND,2026-08-25T04:25:44Z,ff_hsx_symbol_daily_v1,627bc0757d9f701cf1f1d7435328597d2dba018d5187bd9584da663df7a35a1f
2022-01-17,TCB,HOSE,2590840000.0,2590840000.0,0.0,48700.0,48700.0,0.0,2590840000.0,2590840000.0,48700.0,48700.0,49700.0,50500.0,48600.0,48600.0,49430.0,HSX_FOREIGN_API,HOSE_SYMBOL_LEVEL,VND,2026-08-25T04:25:44Z,ff_hsx_symbol_daily_v1,c881c957b3c90dcaf597a3da6dd034ae9d2dd6cc71f1940f4a04fc7fafa820d2
2022-01-18,TCB,HOSE,656100000.0,0.0,656100000.0,13500.0,0.0,13500.0,0.0,0.0,0.0,0.0,48600.0,49450.0,48500.0,48750.0,48820.0,HSX_FOREIGN_API,HOSE_SYMBOL_LEVEL,VND,2026-08-25T04:25:44Z,ff_hsx_symbol_daily_v1,b18b7749e4d0ee44438d3036df2733c8fd846d74827e929feaf3741a75ce7731
2022-01-19,TCB,HOSE,8857000000.0,8857000000.0,0.0,170000.0,170000.0,0.0,8857000000.0,8857000000.0,170000.0,170000.0,49000.0,49400.0,48800.0,48850.0,49060.0,HSX_FOREIGN_API,HOSE_SYMBOL_LEVEL,VND,2026-08-25T04:25:44Z,ff_hsx_symbol_daily_v1,a74e448e65390541ed3c581bfdf14d654cf5100d400f6e7bf4a105d11e979045
2022-01-20,TCB,HOSE,35183200000.0,35183200000.0,0.0,700000.0,700000.0,0.0,35183200000.0,35183200000.0,700000.0,700000.0,48650.0,49400.0,48600.0,48850.0,48810.0,HSX_FOREIGN_API,HOSE_SYMBOL_LEVEL,VND,2026-08-25T04:25:44Z,ff_hsx_symbol_daily_v1,d6a73ce69261f7d19bf2035892476caf90b4c35aec9be6d54311c6f92a826417
2022-01-21,TCB,HOSE,3654000000.0,3654000000.0,0.0,70000.0,70000.0,0.0,3654000000.0,3654000000.0,70000.0,70000.0,49000.0,50800.0,48900.0,49800.0,49910.0,HSX_FOREIGN_API,HOSE_SYMBOL_LEVEL,VND,2026-08-25T04:25:44Z,ff_hsx_symbol_daily_v1,ce6944cac0b490c35f5df5090f1227b788502201a9cbcbc6c0c0ea19a193be06
2022-01-24,TCB,HOSE,0.0,0.0,0.0,0.0,0.0,0.0,0.0,0.0,0.0,0.0,49950.0,51400.0,49800.0,50300.0,50690.0,HSX_FOREIGN_API,HOSE_SYMBOL_LEVEL,VND,2026-08-25T04:25:44Z,ff_hsx_symbol_daily_v1,66bcbe4975904bf1021f65baa6081bf7e33ea6d646118efc874eb8941ea029e3
2022-01-25,TCB,HOSE,0.0,0.0,0.0,0.0,0.0,0.0,0.0,0.0,0.0,0.0,51200.0,52100.0,51000.0,51900.0,51640.0,HSX_FOREIGN_API,HOSE_SYMBOL_LEVEL,VND,2026-08-25T04:25:44Z,ff_hsx_symbol_daily_v1,ea76868ddc254eeb432e60ba7052b6f651ee11b457dd9cc712d929f8008655b1
2022-01-26,TCB,HOSE,0.0,0.0,0.0,0.0,0.0,0.0,0.0,0.0,0.0,0.0,52400.0,53300.0,52000.0,52400.0,52620.0,HSX_FOREIGN_API,HOSE_SYMBOL_LEVEL,VND,2026-08-25T04:25:44Z,ff_hsx_symbol_daily_v1,f10d93fa55aa3164f73dd18d75b6911a629437a470a509cbe89e5f354245aa07
2022-01-27,TCB,HOSE,0.0,0.0,0.0,0.0,0.0,0.0,0.0,0.0,0.0,0.0,52000.0,52700.0,51500.0,51900.0,52130.0,HSX_FOREIGN_API,HOSE_SYMBOL_LEVEL,VND,2026-08-25T04:25:44Z,ff_hsx_symbol_daily_v1,49f6973711bf7cdd0bf9bfb690ac1d3894c200f5a0a4e8735317008497687795
2022-01-28,TCB,HOSE,0.0,368320000.0,-368320000.0,0.0,7100.0,-7100.0,0.0,0.0,0.0,0.0,51900.0,53000.0,51600.0,52800.0,52560.0,HSX_FOREIGN_API,HOSE_SYMBOL_LEVEL,VND,2026-08-25T04:25:44Z,ff_hsx_symbol_daily_v1,1e2d236416d7c1840c51626b633dd4553240def4a7692c164d7d7d219786aeaa
2022-02-07,TCB,HOSE,36682560000.0,36682560000.0,0.0,650400.0,650400.0,0.0,36682560000.0,36682560000.0,650400.0,650400.0,53700.0,53800.0,52800.0,52800.0,53250.0,HSX_FOREIGN_API,HOSE_SYMBOL_LEVEL,VND,2026-08-25T04:25:44Z,ff_hsx_symbol_daily_v1,3e35d21b310da2339e6c27e53b5372c7c00e06dcc5da5a8dc9b1a6c5267a2dd7
2022-02-08,TCB,HOSE,6401400000.0,6401400000.0,0.0,113500.0,113500.0,0.0,6401400000.0,6401400000.0,113500.0,113500.0,52800.0,54300.0,52800.0,53800.0,53650.0,HSX_FOREIGN_API,HOSE_SYMBOL_LEVEL,VND,2026-08-25T04:25:44Z,ff_hsx_symbol_daily_v1,61071a84293f8962d81ddca9fe93c22d64ec408e56c2284eeb1e700aa942a952
2022-02-09,TCB,HOSE,0.0,0.0,0.0,0.0,0.0,0.0,0.0,0.0,0.0,0.0,54000.0,54900.0,53600.0,53600.0,54270.0,HSX_FOREIGN_API,HOSE_SYMBOL_LEVEL,VND,2026-08-25T04:25:44Z,ff_hsx_symbol_daily_v1,23248b2321af0f6da4cdb1f888464546d47856ad30e5d027ece55b9de4e76f53
2022-02-10,TCB,HOSE,0.0,0.0,0.0,0.0,0.0,0.0,0.0,0.0,0.0,0.0,53600.0,54200.0,53100.0,53600.0,53670.0,HSX_FOREIGN_API,HOSE_SYMBOL_LEVEL,VND,2026-08-25T04:25:44Z,ff_hsx_symbol_daily_v1,78a475844bfc84e07468585f6e57754c1918273dd65ba345bbba6fd9b1c2b2e7
2022-02-11,TCB,HOSE,0.0,0.0,0.0,0.0,0.0,0.0,0.0,0.0,0.0,0.0,53500.0,53800.0,53000.0,53700.0,53480.0,HSX_FOREIGN_API,HOSE_SYMBOL_LEVEL,VND,2026-08-25T04:25:44Z,ff_hsx_symbol_daily_v1,8cfafc1326088963b759a70841f32dc48a4e57823729599a331e3f19e2af3bdc
2022-02-14,TCB,HOSE,0.0,0.0,0.0,0.0,0.0,0.0,0.0,0.0,0.0,0.0,53200.0,53200.0,51500.0,51500.0,52430.0,HSX_FOREIGN_API,HOSE_SYMBOL_LEVEL,VND,2026-08-25T04:25:44Z,ff_hsx_symbol_daily_v1,a55179652c085fa2acdf1cae9194e1b766458f35c598921a9756bf467c6e1164
2022-02-15,TCB,HOSE,41517850000.0,41517850000.0,0.0,753500.0,753500.0,0.0,41517850000.0,41517850000.0,753500.0,753500.0,51600.0,52100.0,51300.0,51800.0,51640.0,HSX_FOREIGN_API,HOSE_SYMBOL_LEVEL,VND,2026-08-25T04:25:44Z,ff_hsx_symbol_daily_v1,162c6ade9a08ddf66e039ab7072effc9fafb8054f6366f9604f72d9807c0b39a
2022-02-16,TCB,HOSE,0.0,0.0,0.0,0.0,0.0,0.0,0.0,0.0,0.0,0.0,52200.0,52200.0,51500.0,51600.0,51730.0,HSX_FOREIGN_API,HOSE_SYMBOL_LEVEL,VND,2026-08-25T04:25:44Z,ff_hsx_symbol_daily_v1,a9d6a88d26855987e2d00a3646dd73b89815aba50432ada3a783a3d1ba85be9e
2022-02-17,TCB,HOSE,0.0,0.0,0.0,0.0,0.0,0.0,0.0,0.0,0.0,0.0,51600.0,52500.0,51600.0,52200.0,51990.0,HSX_FOREIGN_API,HOSE_SYMBOL_LEVEL,VND,2026-08-25T04:25:44Z,ff_hsx_symbol_daily_v1,4a47bea44ffebee96bfdfdcd44b866bd7d7ead07a5f085f9663e2f7ed67bfa92
2022-02-18,TCB,HOSE,0.0,0.0,0.0,0.0,0.0,0.0,0.0,0.0,0.0,0.0,51700.0,52000.0,51500.0,51600.0,51680.0,HSX_FOREIGN_API,HOSE_SYMBOL_LEVEL,VND,2026-08-25T04:25:44Z,ff_hsx_symbol_daily_v1,1ca3bf4f19860704754a7aca2a47e1c419dfda18c8d48703ed6042468d6ce2d3
2022-02-21,TCB,HOSE,22080000000.0,22080000000.0,0.0,400000.0,400000.0,0.0,22080000000.0,22080000000.0,400000.0,400000.0,51600.0,51700.0,50800.0,51500.0,51210.0,HSX_FOREIGN_API,HOSE_SYMBOL_LEVEL,VND,2026-08-25T04:25:44Z,ff_hsx_symbol_daily_v1,260b1705359b9d5e31777bf141d15c04cf80e6cfd01f7aabfa09fd41d286ef01
2022-02-22,TCB,HOSE,0.0,0.0,0.0,0.0,0.0,0.0,0.0,0.0,0.0,0.0,51000.0,51700.0,50600.0,51400.0,51050.0,HSX_FOREIGN_API,HOSE_SYMBOL_LEVEL,VND,2026-08-25T04:25:44Z,ff_hsx_symbol_daily_v1,f633e174c82f2934c64dff3bf72181e356e2165445f39024d0425e5bcb9a9311
2022-02-23,TCB,HOSE,0.0,0.0,0.0,0.0,0.0,0.0,0.0,0.0,0.0,0.0,51700.0,52200.0,51400.0,51700.0,51760.0,HSX_FOREIGN_API,HOSE_SYMBOL_LEVEL,VND,2026-08-25T04:25:44Z,ff_hsx_symbol_daily_v1,efb2d5484fe8c7a43f6aae747a1d74277b082fa07f4f75de315ce51d0ca1b856
2022-02-24,TCB,HOSE,0.0,0.0,0.0,0.0,0.0,0.0,0.0,0.0,0.0,0.0,51500.0,51900.0,49800.0,50500.0,50760.0,HSX_FOREIGN_API,HOSE_SYMBOL_LEVEL,VND,2026-08-25T04:25:44Z,ff_hsx_symbol_daily_v1,dc9a20965a082028a9f65e983d20cb7034ee925c42f0555e290d6cfec8302624
2022-02-25,TCB,HOSE,0.0,0.0,0.0,0.0,0.0,0.0,0.0,0.0,0.0,0.0,51000.0,51300.0,50500.0,50700.0,50880.0,HSX_FOREIGN_API,HOSE_SYMBOL_LEVEL,VND,2026-08-25T04:25:44Z,ff_hsx_symbol_daily_v1,bd1f02dc1b248809f5799360081f9f88475cb604d02da8b71e78a44afb799da1
2022-02-28,TCB,HOSE,0.0,0.0,0.0,0.0,0.0,0.0,0.0,0.0,0.0,0.0,50500.0,50900.0,50200.0,50400.0,50460.0,HSX_FOREIGN_API,HOSE_SYMBOL_LEVEL,VND,2026-08-25T04:25:44Z,ff_hsx_symbol_daily_v1,2011088362d8eacdc9fcfae1fd2ee4c5d2254efdfa5c6b3a32cbb319f7c3183c
2022-03-01,TCB,HOSE,5659500000.0,5659500000.0,0.0,105000.0,105000.0,0.0,5659500000.0,5659500000.0,105000.0,105000.0,50700.0,50700.0,50100.0,50300.0,50370.0,HSX_FOREIGN_API,HOSE_SYMBOL_LEVEL,VND,2026-08-25T04:25:44Z,ff_hsx_symbol_daily_v1,092fb59f5ba4df0e863b2a46557db596d23eed728387a9dd483ef3662888ad01
2022-03-02,TCB,HOSE,24559700000.0,24559700000.0,0.0,456500.0,456500.0,0.0,24559700000.0,24559700000.0,456500.0,456500.0,50100.0,50100.0,49200.0,49200.0,49550.0,HSX_FOREIGN_API,HOSE_SYMBOL_LEVEL,VND,2026-08-25T04:25:44Z,ff_hsx_symbol_daily_v1,ed034190aecbd9928509aa1d20bb60a7661c815d502edf8ab7c8d6395dcec446
2022-03-03,TCB,HOSE,0.0,0.0,0.0,0.0,0.0,0.0,0.0,0.0,0.0,0.0,49500.0,49900.0,49150.0,49650.0,49410.0,HSX_FOREIGN_API,HOSE_SYMBOL_LEVEL,VND,2026-08-25T04:25:44Z,ff_hsx_symbol_daily_v1,8ce4beff286dcad4b71f009a62e434095c8c0e07e8e77440278a8f57020669f2
2022-03-04,TCB,HOSE,0.0,0.0,0.0,0.0,0.0,0.0,0.0,0.0,0.0,0.0,49750.0,50400.0,49500.0,49950.0,49990.0,HSX_FOREIGN_API,HOSE_SYMBOL_LEVEL,VND,2026-08-25T04:25:44Z,ff_hsx_symbol_daily_v1,144c23a92f65b3244f4b707a88eb7b9d2af9fbfd96025f0c97678f36fa413833
2022-03-07,TCB,HOSE,0.0,0.0,0.0,0.0,0.0,0.0,0.0,0.0,0.0,0.0,49500.0,49600.0,49100.0,49250.0,49350.0,HSX_FOREIGN_API,HOSE_SYMBOL_LEVEL,VND,2026-08-25T04:25:44Z,ff_hsx_symbol_daily_v1,ea9633094160b479d70b7f9da93430a3f01c7b39b827cf0c4bb090f7c9108c17
2022-03-08,TCB,HOSE,0.0,0.0,0.0,0.0,0.0,0.0,0.0,0.0,0.0,0.0,49000.0,49500.0,48800.0,49000.0,49080.0,HSX_FOREIGN_API,HOSE_SYMBOL_LEVEL,VND,2026-08-25T04:25:44Z,ff_hsx_symbol_daily_v1,90ca5f633a89619f53d38fccffe960cc922d093b4a4b3f08916a09d11aa3ecf7
2022-03-09,TCB,HOSE,22252708000.0,22252708000.0,0.0,424670.0,424670.0,0.0,22252708000.0,22252708000.0,424670.0,424670.0,49000.0,49350.0,48900.0,49100.0,49010.0,HSX_FOREIGN_API,HOSE_SYMBOL_LEVEL,VND,2026-08-25T04:25:44Z,ff_hsx_symbol_daily_v1,de151f5ca54e8a2db292ac5114de05cd2efc0fed49ff40d26099cb74e512dd77
2022-03-10,TCB,HOSE,0.0,0.0,0.0,0.0,0.0,0.0,0.0,0.0,0.0,0.0,49800.0,49800.0,49250.0,49250.0,49500.0,HSX_FOREIGN_API,HOSE_SYMBOL_LEVEL,VND,2026-08-25T04:25:44Z,ff_hsx_symbol_daily_v1,1a6c6957002b1a4021b2dc7e96fb6b87ed2a03b3b99432d5abbaefb39d3f7284
2022-03-11,TCB,HOSE,10520000000.0,10520000000.0,0.0,200000.0,200000.0,0.0,10520000000.0,10520000000.0,200000.0,200000.0,49200.0,49200.0,48700.0,48900.0,48930.0,HSX_FOREIGN_API,HOSE_SYMBOL_LEVEL,VND,2026-08-25T04:25:44Z,ff_hsx_symbol_daily_v1,02c53c2e7fa1ca2b78b285c01c8aadf460534c6ee45fd10c6e39bdfb1aa0fd02
2022-03-14,TCB,HOSE,0.0,0.0,0.0,0.0,0.0,0.0,0.0,0.0,0.0,0.0,48800.0,48900.0,48300.0,48500.0,48520.0,HSX_FOREIGN_API,HOSE_SYMBOL_LEVEL,VND,2026-08-25T04:25:44Z,ff_hsx_symbol_daily_v1,a8a50050e23f3abd3d43e2ac72141ca92812ccca27ae5cc10841fee088e805bb
2022-03-15,TCB,HOSE,0.0,0.0,0.0,0.0,0.0,0.0,0.0,0.0,0.0,0.0,48600.0,49000.0,48500.0,48600.0,48730.0,HSX_FOREIGN_API,HOSE_SYMBOL_LEVEL,VND,2026-08-25T04:25:44Z,ff_hsx_symbol_daily_v1,360f9fe2e8ceb160396694dd09fa64e4b820beb5e4556fd9066d61c5c2a48871
2022-03-16,TCB,HOSE,0.0,0.0,0.0,0.0,0.0,0.0,0.0,0.0,0.0,0.0,48800.0,49450.0,48800.0,49050.0,49020.0,HSX_FOREIGN_API,HOSE_SYMBOL_LEVEL,VND,2026-08-25T04:25:44Z,ff_hsx_symbol_daily_v1,6629ce53e0de4b85c38fb71eeeaffd439ebe14b924b09dc063267974a295e699
2022-03-17,TCB,HOSE,30720000000.0,30720000000.0,0.0,600000.0,600000.0,0.0,30720000000.0,30720000000.0,600000.0,600000.0,49450.0,49500.0,49000.0,49000.0,49160.0,HSX_FOREIGN_API,HOSE_SYMBOL_LEVEL,VND,2026-08-25T04:25:44Z,ff_hsx_symbol_daily_v1,6f6c6d6b123f69886a9c9b7c41f347b095b5393357878603f740a160426e0692
2022-03-18,TCB,HOSE,0.0,0.0,0.0,0.0,0.0,0.0,0.0,0.0,0.0,0.0,49150.0,49400.0,49100.0,49200.0,49260.0,HSX_FOREIGN_API,HOSE_SYMBOL_LEVEL,VND,2026-08-25T04:25:44Z,ff_hsx_symbol_daily_v1,082f4f2186f122b00b75550b22a9a2a5ae20174aa39f0a9af813f13322466a34
2022-03-21,TCB,HOSE,0.0,0.0,0.0,0.0,0.0,0.0,0.0,0.0,0.0,0.0,49250.0,49550.0,49100.0,49450.0,49270.0,HSX_FOREIGN_API,HOSE_SYMBOL_LEVEL,VND,2026-08-25T04:25:44Z,ff_hsx_symbol_daily_v1,35f7cb4b4920b0bb6fa515b6db9c53b4ba6a4ff950cf8dcb7e315493f3200a0c
2022-03-22,TCB,HOSE,46314920000.0,46314920000.0,0.0,894800.0,894800.0,0.0,46314920000.0,46314920000.0,894800.0,894800.0,49550.0,50300.0,49500.0,49900.0,49890.0,HSX_FOREIGN_API,HOSE_SYMBOL_LEVEL,VND,2026-08-25T04:25:44Z,ff_hsx_symbol_daily_v1,b9dd1ef5ae1de8d10cdb2caf31691d8b21185aa218a3f64366415dfccbac8782
2022-03-23,TCB,HOSE,7419360000.0,7419360000.0,0.0,139200.0,139200.0,0.0,7419360000.0,7419360000.0,139200.0,139200.0,49900.0,50200.0,49600.0,49600.0,49930.0,HSX_FOREIGN_API,HOSE_SYMBOL_LEVEL,VND,2026-08-25T04:25:44Z,ff_hsx_symbol_daily_v1,d5e5c1ee7c9018c370d4e674ac562c304354b30203e95a8b93b34b38be33d150
2022-03-24,TCB,HOSE,15900000000.0,15900000000.0,0.0,300000.0,300000.0,0.0,15900000000.0,15900000000.0,300000.0,300000.0,49600.0,49800.0,49300.0,49300.0,49480.0,HSX_FOREIGN_API,HOSE_SYMBOL_LEVEL,VND,2026-08-25T04:25:44Z,ff_hsx_symbol_daily_v1,4d6a677eacf752c3569d1f60659101092c207631e7160900274fde965145a9ed
2022-03-25,TCB,HOSE,48273200000.0,48273200000.0,0.0,916000.0,916000.0,0.0,48273200000.0,48273200000.0,916000.0,916000.0,49400.0,49450.0,49150.0,49250.0,49310.0,HSX_FOREIGN_API,HOSE_SYMBOL_LEVEL,VND,2026-08-25T04:25:44Z,ff_hsx_symbol_daily_v1,1589bd9f84b1ed756d85f65b96ec4ab5d4d87186d4829dd511dbf6cd65b5aacb
2022-03-28,TCB,HOSE,0.0,0.0,0.0,0.0,0.0,0.0,0.0,0.0,0.0,0.0,49150.0,49150.0,48350.0,48800.0,48780.0,HSX_FOREIGN_API,HOSE_SYMBOL_LEVEL,VND,2026-08-25T04:25:44Z,ff_hsx_symbol_daily_v1,b051220c81f91ab64f015eefc47369c11b60fe760a0dddd7a0c8083ad01993b1
2022-03-29,TCB,HOSE,5220000000.0,5220000000.0,0.0,100000.0,100000.0,0.0,5220000000.0,5220000000.0,100000.0,100000.0,48900.0,49150.0,48650.0,48900.0,48930.0,HSX_FOREIGN_API,HOSE_SYMBOL_LEVEL,VND,2026-08-25T04:25:44Z,ff_hsx_symbol_daily_v1,04c9e3aef50abed983676725d037f8710ea89f79bb4a33deaa6c64c190cd4a09
2022-03-30,TCB,HOSE,4565790000.0,4565790000.0,0.0,87300.0,87300.0,0.0,4565790000.0,4565790000.0,87300.0,87300.0,48900.0,49900.0,48900.0,49150.0,49480.0,HSX_FOREIGN_API,HOSE_SYMBOL_LEVEL,VND,2026-08-25T04:25:44Z,ff_hsx_symbol_daily_v1,181fd3661fe9f3addc5d93da26af73c720ca436e31a49bff9c9a19c78dbfd2b6
2022-03-31,TCB,HOSE,0.0,0.0,0.0,0.0,0.0,0.0,0.0,0.0,0.0,0.0,49500.0,49700.0,49300.0,49550.0,49430.0,HSX_FOREIGN_API,HOSE_SYMBOL_LEVEL,VND,2026-08-25T04:25:44Z,ff_hsx_symbol_daily_v1,72f98c0152dfea64fc50d5602d07892fe656f995519faf8f25c38d8904a6c589
2022-04-01,TCB,HOSE,0.0,0.0,0.0,0.0,0.0,0.0,0.0,0.0,0.0,0.0,49550.0,50400.0,49400.0,50300.0,49990.0,HSX_FOREIGN_API,HOSE_SYMBOL_LEVEL,VND,2026-08-25T04:25:44Z,ff_hsx_symbol_daily_v1,dc703def6bbf88efbb26a441fa6e5f6d6298026855bfd571d911ddd74966f40f
2022-04-04,TCB,HOSE,0.0,0.0,0.0,0.0,0.0,0.0,0.0,0.0,0.0,0.0,50400.0,50600.0,49650.0,49650.0,49940.0,HSX_FOREIGN_API,HOSE_SYMBOL_LEVEL,VND,2026-08-25T04:25:44Z,ff_hsx_symbol_daily_v1,419a28b9fa3382234c429fd916d10e78d2d3a7d316b44e34db72dd4b4791771a
2022-04-05,TCB,HOSE,0.0,0.0,0.0,0.0,0.0,0.0,0.0,0.0,0.0,0.0,49400.0,49500.0,49050.0,49050.0,49220.0,HSX_FOREIGN_API,HOSE_SYMBOL_LEVEL,VND,2026-08-25T04:25:44Z,ff_hsx_symbol_daily_v1,4a1f194c36f05f709391d9f013a858bd73cfd5720ec523e0394a6e1d60392d78
2022-04-06,TCB,HOSE,0.0,0.0,0.0,0.0,0.0,0.0,0.0,0.0,0.0,0.0,48900.0,49900.0,48700.0,49900.0,49190.0,HSX_FOREIGN_API,HOSE_SYMBOL_LEVEL,VND,2026-08-25T04:25:44Z,ff_hsx_symbol_daily_v1,a0fbbb4e804e0f6bd64f368a18ee70dc04959c158b57ff9cb818c9c2db922f99
2022-04-07,TCB,HOSE,0.0,0.0,0.0,0.0,0.0,0.0,0.0,0.0,0.0,0.0,49900.0,50300.0,49300.0,49300.0,49850.0,HSX_FOREIGN_API,HOSE_SYMBOL_LEVEL,VND,2026-08-25T04:25:44Z,ff_hsx_symbol_daily_v1,0574f16a31ac81839c619b976f4dbfd65460633991bbdce62e582301d57034ae
2022-04-08,TCB,HOSE,0.0,0.0,0.0,0.0,0.0,0.0,0.0,0.0,0.0,0.0,49400.0,49400.0,48800.0,48850.0,48980.0,HSX_FOREIGN_API,HOSE_SYMBOL_LEVEL,VND,2026-08-25T04:25:44Z,ff_hsx_symbol_daily_v1,59b8a9db09189953f58e8719eb7e212a0fb0a6f10d1480b628adf968e18e622c
2022-04-12,TCB,HOSE,100878588000.0,100878588000.0,0.0,1932540.0,1932540.0,0.0,100878588000.0,100878588000.0,1932540.0,1932540.0,48700.0,48900.0,47900.0,48000.0,48460.0,HSX_FOREIGN_API,HOSE_SYMBOL_LEVEL,VND,2026-08-25T04:25:44Z,ff_hsx_symbol_daily_v1,42f198b3c9c0973921aca8b8a822625991a868be118eff582b497f84ec96b428
2022-04-13,TCB,HOSE,0.0,0.0,0.0,0.0,0.0,0.0,0.0,0.0,0.0,0.0,48400.0,48450.0,47900.0,48000.0,48090.0,HSX_FOREIGN_API,HOSE_SYMBOL_LEVEL,VND,2026-08-25T04:25:44Z,ff_hsx_symbol_daily_v1,9ea904e1a970e6f7701d78c5a32de654a7116485c8e7b6b6c6ea1be5f845388a
2022-04-14,TCB,HOSE,0.0,0.0,0.0,0.0,0.0,0.0,0.0,0.0,0.0,0.0,48050.0,48350.0,47150.0,47300.0,47770.0,HSX_FOREIGN_API,HOSE_SYMBOL_LEVEL,VND,2026-08-25T04:25:44Z,ff_hsx_symbol_daily_v1,3637152da3ade882121c8db149a08c4f6802d9b31273bb18d3a3940199816a83
2022-04-15,TCB,HOSE,30360000000.0,30360000000.0,0.0,600000.0,600000.0,0.0,30360000000.0,30360000000.0,600000.0,600000.0,47300.0,47300.0,45600.0,45600.0,46260.0,HSX_FOREIGN_API,HOSE_SYMBOL_LEVEL,VND,2026-08-25T04:25:44Z,ff_hsx_symbol_daily_v1,1f79b984b8a68956131520719215c08011adaa241cdb4b6971c2a6cf703ed367
2022-04-18,TCB,HOSE,36586875000.0,36586875000.0,0.0,750500.0,750500.0,0.0,36586875000.0,36586875000.0,750500.0,750500.0,46000.0,46250.0,44800.0,44850.0,45230.0,HSX_FOREIGN_API,HOSE_SYMBOL_LEVEL,VND,2026-08-25T04:25:44Z,ff_hsx_symbol_daily_v1,314941268675fb797757929ae8d7c79c5852b72c284c3e6e1454d68181f7a6ae
2022-04-19,TCB,HOSE,36442000000.0,36442000000.0,0.0,760000.0,760000.0,0.0,36442000000.0,36442000000.0,760000.0,760000.0,45000.0,45450.0,43500.0,43700.0,44720.0,HSX_FOREIGN_API,HOSE_SYMBOL_LEVEL,VND,2026-08-25T04:25:44Z,ff_hsx_symbol_daily_v1,52e6bd78553c6017a5272b105d84f4091b5565ca415fe86ba34c7a6834a37d7e
2022-04-20,TCB,HOSE,0.0,0.0,0.0,0.0,0.0,0.0,0.0,0.0,0.0,0.0,43700.0,44200.0,43050.0,43050.0,43600.0,HSX_FOREIGN_API,HOSE_SYMBOL_LEVEL,VND,2026-08-25T04:25:44Z,ff_hsx_symbol_daily_v1,89e364181ba412d8604476d6934703506302ff538dfc7e34011ee3cb90c9172c
2022-04-21,TCB,HOSE,0.0,0.0,0.0,0.0,0.0,0.0,0.0,0.0,0.0,0.0,43000.0,44000.0,42900.0,43600.0,43500.0,HSX_FOREIGN_API,HOSE_SYMBOL_LEVEL,VND,2026-08-25T04:25:44Z,ff_hsx_symbol_daily_v1,705c2ed346e99bea5a55cad70388d84643534af77330b2e6bac14823446d4832
2022-04-22,TCB,HOSE,0.0,0.0,0.0,0.0,0.0,0.0,0.0,0.0,0.0,0.0,44000.0,44750.0,43550.0,44100.0,44230.0,HSX_FOREIGN_API,HOSE_SYMBOL_LEVEL,VND,2026-08-25T04:25:44Z,ff_hsx_symbol_daily_v1,bdc6d08f3f36bb5866760608d310d268c239fabb9f2ced23d7b66b7a59a967c3
2022-04-25,TCB,HOSE,531319205000.0,531319205000.0,0.0,11268700.0,11268700.0,0.0,531319205000.0,531319205000.0,11268700.0,11268700.0,44200.0,44300.0,41050.0,41050.0,42100.0,HSX_FOREIGN_API,HOSE_SYMBOL_LEVEL,VND,2026-08-25T04:25:44Z,ff_hsx_symbol_daily_v1,cc164b14c7d3710c326b16a94f5f2af0645b3348c5d0034de0ecfa84a28ff351
2022-04-26,TCB,HOSE,36811028000.0,36811028000.0,0.0,838520.0,838520.0,0.0,36811028000.0,36811028000.0,838520.0,838520.0,40600.0,42000.0,38850.0,41500.0,40810.0,HSX_FOREIGN_API,HOSE_SYMBOL_LEVEL,VND,2026-08-25T04:25:44Z,ff_hsx_symbol_daily_v1,29545811e9be7bdf16d5476faa8289cbe0eb7f7b525a801c71c35700946369bc
2022-04-27,TCB,HOSE,97680000000.0,97680000000.0,0.0,2200000.0,2200000.0,0.0,97680000000.0,97680000000.0,2200000.0,2200000.0,41500.0,42200.0,40900.0,41600.0,41400.0,HSX_FOREIGN_API,HOSE_SYMBOL_LEVEL,VND,2026-08-25T04:25:44Z,ff_hsx_symbol_daily_v1,96dbf539dc4259f0da5256a8d1f00df557a9fee8ddc9ca05a6c807056ffebdcf
2022-04-28,TCB,HOSE,0.0,0.0,0.0,0.0,0.0,0.0,0.0,0.0,0.0,0.0,41650.0,42800.0,41650.0,42300.0,42150.0,HSX_FOREIGN_API,HOSE_SYMBOL_LEVEL,VND,2026-08-25T04:25:44Z,ff_hsx_symbol_daily_v1,1f48c7fe037de4bf79291ef699d6edf1964febda61c0fd50ee9deef082fb9559
2022-04-29,TCB,HOSE,21054825000.0,21054825000.0,0.0,465300.0,465300.0,0.0,21054825000.0,21054825000.0,465300.0,465300.0,42300.0,44000.0,42200.0,44000.0,43250.0,HSX_FOREIGN_API,HOSE_SYMBOL_LEVEL,VND,2026-08-25T04:25:44Z,ff_hsx_symbol_daily_v1,2001921bc8667488cacc3164a6800d2a00cef53685ad92655920ae0019c5be8f
2022-05-04,TCB,HOSE,76851470000.0,76851470000.0,0.0,1633400.0,1633400.0,0.0,76851470000.0,76851470000.0,1633400.0,1633400.0,43500.0,43650.0,42000.0,42000.0,42670.0,HSX_FOREIGN_API,HOSE_SYMBOL_LEVEL,VND,2026-08-25T04:25:44Z,ff_hsx_symbol_daily_v1,a310598afcff80c8c730d533ba3dfdf0decf3141335d65c8a4c0d79ae59f9a19
2022-05-05,TCB,HOSE,0.0,0.0,0.0,0.0,0.0,0.0,0.0,0.0,0.0,0.0,42850.0,42850.0,41400.0,42600.0,42030.0,HSX_FOREIGN_API,HOSE_SYMBOL_LEVEL,VND,2026-08-25T04:25:44Z,ff_hsx_symbol_daily_v1,9f10164f87394e43748e58338e7f519bb3e93397c9d23a7198fd8528666c1016
2022-05-06,TCB,HOSE,9110000000.0,9110000000.0,0.0,200000.0,200000.0,0.0,9110000000.0,9110000000.0,200000.0,200000.0,41700.0,42300.0,41500.0,41500.0,41860.0,HSX_FOREIGN_API,HOSE_SYMBOL_LEVEL,VND,2026-08-25T04:25:44Z,ff_hsx_symbol_daily_v1,5f608ea44462f936bbcfe32e3df1140d430fcbf08a0fd5abfd88b838d73a3673
2022-05-09,TCB,HOSE,348588840000.0,348588840000.0,0.0,7851100.0,7851100.0,0.0,348588840000.0,348588840000.0,7851100.0,7851100.0,41200.0,41400.0,38600.0,38600.0,39450.0,HSX_FOREIGN_API,HOSE_SYMBOL_LEVEL,VND,2026-08-25T04:25:44Z,ff_hsx_symbol_daily_v1,8f7d7e5d0873f0dc7e598796a2c9fa540cec6e33e2385bef45c209d92c5fc0cf
2022-05-10,TCB,HOSE,0.0,0.0,0.0,0.0,0.0,0.0,0.0,0.0,0.0,0.0,37450.0,38850.0,37450.0,38700.0,38000.0,HSX_FOREIGN_API,HOSE_SYMBOL_LEVEL,VND,2026-08-25T04:25:44Z,ff_hsx_symbol_daily_v1,849dddf7b12623cf2be6cf06dec3529dd1d5c256fe331d00b1053045d22053dc
2022-05-11,TCB,HOSE,23184000000.0,23184000000.0,0.0,560000.0,560000.0,0.0,23184000000.0,23184000000.0,560000.0,560000.0,39000.0,39450.0,38450.0,39000.0,38930.0,HSX_FOREIGN_API,HOSE_SYMBOL_LEVEL,VND,2026-08-25T04:25:44Z,ff_hsx_symbol_daily_v1,a067b28e4ffa4f6424077b6c6ae6531ea0619bf3f14f14da753b8cc89450f958
2022-05-12,TCB,HOSE,52750500000.0,52750500000.0,0.0,1265000.0,1265000.0,0.0,52750500000.0,52750500000.0,1265000.0,1265000.0,39000.0,39000.0,36300.0,36300.0,37450.0,HSX_FOREIGN_API,HOSE_SYMBOL_LEVEL,VND,2026-08-25T04:25:44Z,ff_hsx_symbol_daily_v1,a1c7da487eb4d42ffae8defe215fbca1fd17b0a10fc59d33ef84ae0c9110ee85
2022-05-13,TCB,HOSE,66627360000.0,66627360000.0,0.0,1717200.0,1717200.0,0.0,66627360000.0,66627360000.0,1717200.0,1717200.0,36300.0,36800.0,33800.0,33800.0,34940.0,HSX_FOREIGN_API,HOSE_SYMBOL_LEVEL,VND,2026-08-25T04:25:44Z,ff_hsx_symbol_daily_v1,73eadc745f9a1ab4294faca3fed3ac01e873351c92c666b8476c56cd4131e3af
2022-05-16,TCB,HOSE,18075000000.0,18075000000.0,0.0,500000.0,500000.0,0.0,18075000000.0,18075000000.0,500000.0,500000.0,35100.0,35800.0,32600.0,32600.0,34390.0,HSX_FOREIGN_API,HOSE_SYMBOL_LEVEL,VND,2026-08-25T04:25:44Z,ff_hsx_symbol_daily_v1,390b5d3baf0852fb00c827d3fe5acaebe39496d4b69baf203cb6caf1f3b0589e
2022-05-17,TCB,HOSE,4087905000.0,4087905000.0,0.0,117300.0,117300.0,0.0,4087905000.0,4087905000.0,117300.0,117300.0,32600.0,34850.0,32550.0,34850.0,33510.0,HSX_FOREIGN_API,HOSE_SYMBOL_LEVEL,VND,2026-08-25T04:25:44Z,ff_hsx_symbol_daily_v1,c2ebcf6a5533363a038654fdb77287168bc8516b6e8fadba808be9ef0a2ea75f
2022-05-18,TCB,HOSE,0.0,0.0,0.0,0.0,0.0,0.0,0.0,0.0,0.0,0.0,35700.0,36900.0,35350.0,36050.0,36260.0,HSX_FOREIGN_API,HOSE_SYMBOL_LEVEL,VND,2026-08-25T04:25:44Z,ff_hsx_symbol_daily_v1,52bd4c4437f2f5ba9516efafc9edac8ec42d6b299c155ba482b20cc1a6c7f09e
2022-05-19,TCB,HOSE,29631780000.0,29773380000.0,-141600000.0,823600.0,827600.0,-4000.0,29631780000.0,29631780000.0,823600.0,823600.0,35400.0,36400.0,35200.0,35800.0,35840.0,HSX_FOREIGN_API,HOSE_SYMBOL_LEVEL,VND,2026-08-25T04:25:44Z,ff_hsx_symbol_daily_v1,71e4ad988c7f3194c22620f58d59ad797d8d24447cf1d7e4b76f88f22903b7c1
2022-05-20,TCB,HOSE,1915000000.0,1915000000.0,0.0,50000.0,50000.0,0.0,1915000000.0,1915000000.0,50000.0,50000.0,35800.0,36450.0,35350.0,35700.0,35960.0,HSX_FOREIGN_API,HOSE_SYMBOL_LEVEL,VND,2026-08-25T04:25:44Z,ff_hsx_symbol_daily_v1,a5392f93c490ad61c08d521c0ecb65a089dbdbeb56dbac7d9902fc1ea4d599d8
2022-05-23,TCB,HOSE,3052000000.0,3052000000.0,0.0,80000.0,80000.0,0.0,3052000000.0,3052000000.0,80000.0,80000.0,35800.0,36200.0,34850.0,34850.0,35400.0,HSX_FOREIGN_API,HOSE_SYMBOL_LEVEL,VND,2026-08-25T04:25:44Z,ff_hsx_symbol_daily_v1,eee09b6b64310a324df2f701317ce6f5f0d41d7883074e182480d17a44a0af04
2022-05-24,TCB,HOSE,0.0,0.0,0.0,0.0,0.0,0.0,0.0,0.0,0.0,0.0,34800.0,35250.0,34400.0,35250.0,34890.0,HSX_FOREIGN_API,HOSE_SYMBOL_LEVEL,VND,2026-08-25T04:25:44Z,ff_hsx_symbol_daily_v1,e1bddd21ea023ab9b9583dc967d7700eefff64b8dd9ac94850b377afbcc3ca39
2022-05-25,TCB,HOSE,0.0,0.0,0.0,0.0,0.0,0.0,0.0,0.0,0.0,0.0,35850.0,36650.0,35500.0,36500.0,36270.0,HSX_FOREIGN_API,HOSE_SYMBOL_LEVEL,VND,2026-08-25T04:25:44Z,ff_hsx_symbol_daily_v1,f66858d91b029640249cfec94b217d0f5c5f29e2ffd8aff1c1ba9ff40f076b20
2022-05-26,TCB,HOSE,0.0,0.0,0.0,0.0,0.0,0.0,0.0,0.0,0.0,0.0,36700.0,37250.0,36550.0,36700.0,36880.0,HSX_FOREIGN_API,HOSE_SYMBOL_LEVEL,VND,2026-08-25T04:25:44Z,ff_hsx_symbol_daily_v1,6de0be389b1e30d1e67ca7d1868853fdde7b2858feac0ce2038431210434031c
2022-05-27,TCB,HOSE,0.0,0.0,0.0,0.0,0.0,0.0,0.0,0.0,0.0,0.0,36900.0,37450.0,36850.0,37450.0,37180.0,HSX_FOREIGN_API,HOSE_SYMBOL_LEVEL,VND,2026-08-25T04:25:44Z,ff_hsx_symbol_daily_v1,cccf9dec91302a60a51a6d4621edda03e1d1819ca765df8e59d91f3c06dcffc1
2022-05-30,TCB,HOSE,27974925000.0,27974925000.0,0.0,698500.0,698500.0,0.0,27974925000.0,27974925000.0,698500.0,698500.0,38000.0,38000.0,37450.0,37750.0,37660.0,HSX_FOREIGN_API,HOSE_SYMBOL_LEVEL,VND,2026-08-25T04:25:44Z,ff_hsx_symbol_daily_v1,56c2fd91d9c3f51f97521659ed369297279f3950357c7a1f24d27dc79bdd5e14
2022-05-31,TCB,HOSE,0.0,0.0,0.0,0.0,0.0,0.0,0.0,0.0,0.0,0.0,37450.0,37600.0,37150.0,37150.0,37330.0,HSX_FOREIGN_API,HOSE_SYMBOL_LEVEL,VND,2026-08-25T04:25:44Z,ff_hsx_symbol_daily_v1,a78675a44e34b55441fa31e85ffd55864eb8a12f31483a30c610f9090601a5a5
2022-06-01,TCB,HOSE,0.0,0.0,0.0,0.0,0.0,0.0,0.0,0.0,0.0,0.0,37000.0,37700.0,36650.0,36850.0,37140.0,HSX_FOREIGN_API,HOSE_SYMBOL_LEVEL,VND,2026-08-25T04:25:44Z,ff_hsx_symbol_daily_v1,bb7eaec98bba084aeb1211265041db1992c4dfa4032d14622acf6177eb107a32
2022-06-02,TCB,HOSE,7155040000.0,7155040000.0,0.0,181600.0,181600.0,0.0,7155040000.0,7155040000.0,181600.0,181600.0,36900.0,37000.0,36000.0,36400.0,36750.0,HSX_FOREIGN_API,HOSE_SYMBOL_LEVEL,VND,2026-08-25T04:25:44Z,ff_hsx_symbol_daily_v1,0c376068663ed0c265c641b3f8d87ecdc32c22f22c4e726d911fe7de43c72656
2022-06-03,TCB,HOSE,0.0,0.0,0.0,0.0,0.0,0.0,0.0,0.0,0.0,0.0,36350.0,36850.0,36050.0,36450.0,36370.0,HSX_FOREIGN_API,HOSE_SYMBOL_LEVEL,VND,2026-08-25T04:25:44Z,ff_hsx_symbol_daily_v1,e3fecb9331ead2c0014d5b328df5a52bf9785ddf1f9f669a38428ce27ee22ec7
2022-06-06,TCB,HOSE,0.0,0.0,0.0,0.0,0.0,0.0,0.0,0.0,0.0,0.0,36450.0,36800.0,36000.0,36050.0,36440.0,HSX_FOREIGN_API,HOSE_SYMBOL_LEVEL,VND,2026-08-25T04:25:44Z,ff_hsx_symbol_daily_v1,dd7277ac272b09b41e495af80c608a6018aff1fd11c5b8200444bc4f11b9b6a4
2022-06-07,TCB,HOSE,0.0,0.0,0.0,0.0,0.0,0.0,0.0,0.0,0.0,0.0,36000.0,36200.0,35000.0,36200.0,35460.0,HSX_FOREIGN_API,HOSE_SYMBOL_LEVEL,VND,2026-08-25T04:25:44Z,ff_hsx_symbol_daily_v1,1e9f143ed2004d239995cbab3d4fb33876f3f73603968f680c3ed2c94cb59af3
2022-06-08,TCB,HOSE,0.0,573650000.0,-573650000.0,0.0,15400.0,-15400.0,0.0,0.0,0.0,0.0,36300.0,37450.0,36150.0,37250.0,36870.0,HSX_FOREIGN_API,HOSE_SYMBOL_LEVEL,VND,2026-08-25T04:25:44Z,ff_hsx_symbol_daily_v1,185ba0ebddd01cc8fbe61b1c8003ed08d70fb900460b7d4a185de7f57f4be064
2022-06-09,TCB,HOSE,0.0,0.0,0.0,0.0,0.0,0.0,0.0,0.0,0.0,0.0,37250.0,37550.0,37050.0,37400.0,37310.0,HSX_FOREIGN_API,HOSE_SYMBOL_LEVEL,VND,2026-08-25T04:25:44Z,ff_hsx_symbol_daily_v1,56adaa866f614c3f049a26e0801a6ab9bbd9ebd254e5498aa6847f9b9fd4ff27
2022-06-10,TCB,HOSE,0.0,0.0,0.0,0.0,0.0,0.0,0.0,0.0,0.0,0.0,37000.0,38900.0,36950.0,37950.0,38170.0,HSX_FOREIGN_API,HOSE_SYMBOL_LEVEL,VND,2026-08-25T04:25:44Z,ff_hsx_symbol_daily_v1,30935dbf75c61424f29ff92675a4c2e5a47c0bce8e4bb409a052c9b18e6855f4
2022-06-13,TCB,HOSE,5743120000.0,5265820000.0,477300000.0,142600.0,129700.0,12900.0,5265820000.0,5265820000.0,129700.0,129700.0,37000.0,37250.0,35950.0,36000.0,36570.0,HSX_FOREIGN_API,HOSE_SYMBOL_LEVEL,VND,2026-08-25T04:25:44Z,ff_hsx_symbol_daily_v1,e71ccfb5ad31462b6f29a9c06c414328cb80e1fdd4f76aae7f92da7de6904d28
2022-06-14,TCB,HOSE,1925000000.0,1925000000.0,0.0,50000.0,50000.0,0.0,1925000000.0,1925000000.0,50000.0,50000.0,35300.0,36300.0,35200.0,35750.0,35700.0,HSX_FOREIGN_API,HOSE_SYMBOL_LEVEL,VND,2026-08-25T04:25:44Z,ff_hsx_symbol_daily_v1,c34dc3568971e23945a4e4b4475f0ed311658a7754bb68c4491dc0b7617f049a
2022-06-15,TCB,HOSE,765000000.0,765000000.0,0.0,20000.0,20000.0,0.0,765000000.0,765000000.0,20000.0,20000.0,35700.0,36150.0,35050.0,35700.0,35550.0,HSX_FOREIGN_API,HOSE_SYMBOL_LEVEL,VND,2026-08-25T04:25:44Z,ff_hsx_symbol_daily_v1,b2c0c5e51a21440e7bc4f18434c631a75f01597e50eb4569db429a7430cb7bac
2022-06-16,TCB,HOSE,0.0,0.0,0.0,0.0,0.0,0.0,0.0,0.0,0.0,0.0,35900.0,36500.0,35600.0,36050.0,35970.0,HSX_FOREIGN_API,HOSE_SYMBOL_LEVEL,VND,2026-08-25T04:25:44Z,ff_hsx_symbol_daily_v1,6b6d54720b332e02b102a89178024db84c9c4a96c013e3ec5e35fbf35c292f4f
2022-06-17,TCB,HOSE,38345685000.0,38345685000.0,0.0,994700.0,994700.0,0.0,38345685000.0,38345685000.0,994700.0,994700.0,35050.0,35400.0,33850.0,34500.0,34570.0,HSX_FOREIGN_API,HOSE_SYMBOL_LEVEL,VND,2026-08-25T04:25:44Z,ff_hsx_symbol_daily_v1,f808291f98db55f451f032eec4bb243e5d7b073a87af6203b78bf163b541fb44
2022-06-20,TCB,HOSE,738000000.0,738000000.0,0.0,20000.0,20000.0,0.0,738000000.0,738000000.0,20000.0,20000.0,34500.0,35200.0,33000.0,33000.0,33840.0,HSX_FOREIGN_API,HOSE_SYMBOL_LEVEL,VND,2026-08-25T04:25:44Z,ff_hsx_symbol_daily_v1,9f84c27a1e59591678c52453ead7c13319fe770001b1c795125f14b47d0f99d8
2022-06-21,TCB,HOSE,0.0,0.0,0.0,0.0,0.0,0.0,0.0,0.0,0.0,0.0,33100.0,33800.0,32800.0,33000.0,33390.0,HSX_FOREIGN_API,HOSE_SYMBOL_LEVEL,VND,2026-08-25T04:25:44Z,ff_hsx_symbol_daily_v1,9fba7e83bcb3b37ed2109802b4ab1cd70e5bdeb9d7775c0971d68202df699ec3
2022-06-22,TCB,HOSE,0.0,0.0,0.0,0.0,0.0,0.0,0.0,0.0,0.0,0.0,33750.0,35300.0,33450.0,34800.0,34310.0,HSX_FOREIGN_API,HOSE_SYMBOL_LEVEL,VND,2026-08-25T04:25:44Z,ff_hsx_symbol_daily_v1,25672b55e01081bff0d45ea1569f4fdac92ba1df980452a02dba387e77a7a111
2022-06-23,TCB,HOSE,0.0,0.0,0.0,0.0,0.0,0.0,0.0,0.0,0.0,0.0,34800.0,36400.0,34550.0,35950.0,35530.0,HSX_FOREIGN_API,HOSE_SYMBOL_LEVEL,VND,2026-08-25T04:25:44Z,ff_hsx_symbol_daily_v1,9dd4c21ac71ec5eeea75623ad4db699ca8ad06d609ce392ad2f330035a6c2c64
2022-06-24,TCB,HOSE,0.0,0.0,0.0,0.0,0.0,0.0,0.0,0.0,0.0,0.0,35950.0,36100.0,35500.0,35500.0,35880.0,HSX_FOREIGN_API,HOSE_SYMBOL_LEVEL,VND,2026-08-25T04:25:44Z,ff_hsx_symbol_daily_v1,c57984f904951d808dc68b601c485aec2346a7294e99ffda3ba97ea1f7cc611a
2022-06-27,TCB,HOSE,0.0,0.0,0.0,0.0,0.0,0.0,0.0,0.0,0.0,0.0,35550.0,35950.0,35500.0,35550.0,35730.0,HSX_FOREIGN_API,HOSE_SYMBOL_LEVEL,VND,2026-08-25T04:25:44Z,ff_hsx_symbol_daily_v1,0b16e53af4e31c20fd24b93d0f9fd63d4ee428fbbd4883aefecd8d34e3be0f8e
2022-06-28,TCB,HOSE,0.0,0.0,0.0,0.0,0.0,0.0,0.0,0.0,0.0,0.0,35500.0,36950.0,35350.0,36700.0,36310.0,HSX_FOREIGN_API,HOSE_SYMBOL_LEVEL,VND,2026-08-25T04:25:44Z,ff_hsx_symbol_daily_v1,6e438270ebe03f90604fb992f695dde2e2123c9decf2069792c69134b0600e8a
2022-06-29,TCB,HOSE,0.0,0.0,0.0,0.0,0.0,0.0,0.0,0.0,0.0,0.0,36200.0,37150.0,36200.0,36750.0,36690.0,HSX_FOREIGN_API,HOSE_SYMBOL_LEVEL,VND,2026-08-25T04:25:44Z,ff_hsx_symbol_daily_v1,11975101efbdd707573a39f0d1b38ba0fbd11bcb116558f7d81adc920a7c2fd6
2022-06-30,TCB,HOSE,11102250000.0,11102250000.0,0.0,282500.0,282500.0,0.0,11102250000.0,11102250000.0,282500.0,282500.0,36550.0,37100.0,35550.0,35550.0,36420.0,HSX_FOREIGN_API,HOSE_SYMBOL_LEVEL,VND,2026-08-25T04:25:44Z,ff_hsx_symbol_daily_v1,b47def78a24e32b0bd49df64cca3573eacee20183aab7d2ad3140ffc959909f8
2022-07-01,TCB,HOSE,0.0,0.0,0.0,0.0,0.0,0.0,0.0,0.0,0.0,0.0,35600.0,36250.0,34850.0,36000.0,35430.0,HSX_FOREIGN_API,HOSE_SYMBOL_LEVEL,VND,2026-08-25T04:25:44Z,ff_hsx_symbol_daily_v1,e36dec44c3ce31bdcee1136dacd96e2bf4927b7d4769ffefca87401fe9eb7f10
2022-07-04,TCB,HOSE,0.0,0.0,0.0,0.0,0.0,0.0,0.0,0.0,0.0,0.0,36250.0,36700.0,36050.0,36350.0,36420.0,HSX_FOREIGN_API,HOSE_SYMBOL_LEVEL,VND,2026-08-25T04:25:44Z,ff_hsx_symbol_daily_v1,91d83792bae0e46d42f3319027993217ba66b9504d4916c67841c2ac16b3e9f1
2022-07-05,TCB,HOSE,0.0,0.0,0.0,0.0,0.0,0.0,0.0,0.0,0.0,0.0,36600.0,38250.0,36350.0,37750.0,37570.0,HSX_FOREIGN_API,HOSE_SYMBOL_LEVEL,VND,2026-08-25T04:25:44Z,ff_hsx_symbol_daily_v1,f22aca16bfedb6763c4436e3c39cb99bba38aec6cc03ac310c5d3470612efd7f
2022-07-06,TCB,HOSE,0.0,757090000.0,-757090000.0,0.0,20000.0,-20000.0,0.0,0.0,0.0,0.0,37500.0,38400.0,37200.0,37600.0,37860.0,HSX_FOREIGN_API,HOSE_SYMBOL_LEVEL,VND,2026-08-25T04:25:44Z,ff_hsx_symbol_daily_v1,4367fb93bec66d81d5226c21b4718833f4043bf985dc627ca96c2b754d42a949
2022-07-07,TCB,HOSE,0.0,0.0,0.0,0.0,0.0,0.0,0.0,0.0,0.0,0.0,37450.0,38000.0,37000.0,37800.0,37550.0,HSX_FOREIGN_API,HOSE_SYMBOL_LEVEL,VND,2026-08-25T04:25:44Z,ff_hsx_symbol_daily_v1,a73b7e2456bd86f68ca3a2c0ea76665c05b2cc98878cbe6e85c7fd79f48e41c8
2022-07-08,TCB,HOSE,0.0,0.0,0.0,0.0,0.0,0.0,0.0,0.0,0.0,0.0,37950.0,38000.0,37350.0,37550.0,37730.0,HSX_FOREIGN_API,HOSE_SYMBOL_LEVEL,VND,2026-08-25T04:25:44Z,ff_hsx_symbol_daily_v1,c1e09b54b3334d068fedcec1ae47c2a4cc91eeaa17396d1ce01677a9a87e2e04
2022-07-11,TCB,HOSE,41756000000.0,41756000000.0,0.0,1040000.0,1040000.0,0.0,41756000000.0,41756000000.0,1040000.0,1040000.0,37050.0,37300.0,35500.0,35600.0,36210.0,HSX_FOREIGN_API,HOSE_SYMBOL_LEVEL,VND,2026-08-25T04:25:44Z,ff_hsx_symbol_daily_v1,7cd70289f890c1cb1aa444ff397bd2676f07950b76d2f222896e2136c0f892c8
2022-07-12,TCB,HOSE,99252664000.0,99252664000.0,0.0,2608480.0,2608480.0,0.0,99252664000.0,99252664000.0,2608480.0,2608480.0,35800.0,36100.0,35650.0,36100.0,35880.0,HSX_FOREIGN_API,HOSE_SYMBOL_LEVEL,VND,2026-08-25T04:25:44Z,ff_hsx_symbol_daily_v1,9c29202125e4c9573f717c0e5d983a87ab4fdc144288335eb1d66ccdf7c35265
2022-07-13,TCB,HOSE,0.0,481245000.0,-481245000.0,0.0,13300.0,-13300.0,0.0,0.0,0.0,0.0,36150.0,36800.0,36000.0,36100.0,36290.0,HSX_FOREIGN_API,HOSE_SYMBOL_LEVEL,VND,2026-08-25T04:25:44Z,ff_hsx_symbol_daily_v1,ebe8b7da9f761de70e1c1e7228ce8222c27524c6a0cbbd4a6b650901dce64b58
2022-07-14,TCB,HOSE,0.0,0.0,0.0,0.0,0.0,0.0,0.0,0.0,0.0,0.0,35900.0,36300.0,35850.0,35950.0,36020.0,HSX_FOREIGN_API,HOSE_SYMBOL_LEVEL,VND,2026-08-25T04:25:44Z,ff_hsx_symbol_daily_v1,640a1d679723d321035a7a823bccd9e4d8b39d79c519ded267e1b6aaf644216b
2022-07-15,TCB,HOSE,0.0,0.0,0.0,0.0,0.0,0.0,0.0,0.0,0.0,0.0,36100.0,36550.0,36100.0,36100.0,36300.0,HSX_FOREIGN_API,HOSE_SYMBOL_LEVEL,VND,2026-08-25T04:25:44Z,ff_hsx_symbol_daily_v1,e2102ab5c3ef82880e1058896f3af21c7d068041453c54d5f0cb097198430493
2022-07-18,TCB,HOSE,482790000.0,0.0,482790000.0,13300.0,0.0,13300.0,0.0,0.0,0.0,0.0,36300.0,36850.0,36100.0,36300.0,36490.0,HSX_FOREIGN_API,HOSE_SYMBOL_LEVEL,VND,2026-08-25T04:25:44Z,ff_hsx_symbol_daily_v1,a099111017ce36df5f5ba475dc1b4ef972649dce8c215dc765439d9d10f56f60
2022-07-19,TCB,HOSE,0.0,0.0,0.0,0.0,0.0,0.0,0.0,0.0,0.0,0.0,36250.0,36300.0,35750.0,36100.0,36070.0,HSX_FOREIGN_API,HOSE_SYMBOL_LEVEL,VND,2026-08-25T04:25:44Z,ff_hsx_symbol_daily_v1,1a4b0f32f59bec4d3b6260d07bb90cffe46ea2b09d125d9670f1d14f7b515975
2022-07-20,TCB,HOSE,0.0,0.0,0.0,0.0,0.0,0.0,0.0,0.0,0.0,0.0,36500.0,36600.0,36200.0,36300.0,36430.0,HSX_FOREIGN_API,HOSE_SYMBOL_LEVEL,VND,2026-08-25T04:25:44Z,ff_hsx_symbol_daily_v1,d5e1c93329d36eec18f83177c5a4bc046743fa3827b163d444218f5ae9cc3f15
2022-07-21,TCB,HOSE,0.0,0.0,0.0,0.0,0.0,0.0,0.0,0.0,0.0,0.0,36600.0,36900.0,36300.0,36850.0,36590.0,HSX_FOREIGN_API,HOSE_SYMBOL_LEVEL,VND,2026-08-25T04:25:44Z,ff_hsx_symbol_daily_v1,4878c5ae9722d5f58e7fb1c6437819d1366e0f5a83e73b65d0403b5c9efac963
2022-07-22,TCB,HOSE,0.0,0.0,0.0,0.0,0.0,0.0,0.0,0.0,0.0,0.0,37300.0,37900.0,37050.0,37100.0,37410.0,HSX_FOREIGN_API,HOSE_SYMBOL_LEVEL,VND,2026-08-25T04:25:44Z,ff_hsx_symbol_daily_v1,b46b5edfab907ee5737c502bb042d8e5bc264e7178b457da11248e154d4c8a94
2022-07-25,TCB,HOSE,0.0,0.0,0.0,0.0,0.0,0.0,0.0,0.0,0.0,0.0,36850.0,37100.0,36750.0,36800.0,36910.0,HSX_FOREIGN_API,HOSE_SYMBOL_LEVEL,VND,2026-08-25T04:25:44Z,ff_hsx_symbol_daily_v1,6d78a12ee7201d049a9ff52e4bd3930a821328cb91ef5390a90f95dfd3536d61
2022-07-26,TCB,HOSE,0.0,0.0,0.0,0.0,0.0,0.0,0.0,0.0,0.0,0.0,36800.0,37050.0,36550.0,36600.0,36790.0,HSX_FOREIGN_API,HOSE_SYMBOL_LEVEL,VND,2026-08-25T04:25:44Z,ff_hsx_symbol_daily_v1,8b3f3ad7f6479daa5980bccf58a40a61a12791c7cae1c9bf13b80bfb12b08ef6
2022-07-27,TCB,HOSE,0.0,0.0,0.0,0.0,0.0,0.0,0.0,0.0,0.0,0.0,36400.0,36600.0,36400.0,36600.0,36540.0,HSX_FOREIGN_API,HOSE_SYMBOL_LEVEL,VND,2026-08-25T04:25:44Z,ff_hsx_symbol_daily_v1,7e86b34b722f8fe080ceccffd5c70f1b30c3add4b60d1c31327d9abb93c0d576
2022-07-28,TCB,HOSE,0.0,0.0,0.0,0.0,0.0,0.0,0.0,0.0,0.0,0.0,36900.0,37500.0,36800.0,37300.0,37180.0,HSX_FOREIGN_API,HOSE_SYMBOL_LEVEL,VND,2026-08-25T04:25:44Z,ff_hsx_symbol_daily_v1,6a6a89888da056020cb1d2990d53baba110c851dd44d706334075ce58eb33dea
2022-07-29,TCB,HOSE,0.0,0.0,0.0,0.0,0.0,0.0,0.0,0.0,0.0,0.0,37500.0,37900.0,37150.0,37900.0,37610.0,HSX_FOREIGN_API,HOSE_SYMBOL_LEVEL,VND,2026-08-25T04:25:44Z,ff_hsx_symbol_daily_v1,793b9298d7c7edeef42169cc81f649ff87aed9056e6a1462b9838ce793384174
2022-08-01,TCB,HOSE,0.0,0.0,0.0,0.0,0.0,0.0,0.0,0.0,0.0,0.0,37850.0,38800.0,37600.0,38600.0,38360.0,HSX_FOREIGN_API,HOSE_SYMBOL_LEVEL,VND,2026-08-25T04:25:44Z,ff_hsx_symbol_daily_v1,3a6a790c4a5dec7856401ca7e3c6ee78f560c5aa30ec785770af92410f46d0ef
2022-08-02,TCB,HOSE,0.0,0.0,0.0,0.0,0.0,0.0,0.0,0.0,0.0,0.0,38400.0,38600.0,38050.0,38300.0,38300.0,HSX_FOREIGN_API,HOSE_SYMBOL_LEVEL,VND,2026-08-25T04:25:44Z,ff_hsx_symbol_daily_v1,9139fab0130018b34bfcb70906bfc934e4264d6eee3822c142ddd5b7bf8c45f0
2022-08-03,TCB,HOSE,20475000000.0,20475000000.0,0.0,500000.0,500000.0,0.0,20475000000.0,20475000000.0,500000.0,500000.0,38300.0,38400.0,37850.0,38150.0,38100.0,HSX_FOREIGN_API,HOSE_SYMBOL_LEVEL,VND,2026-08-25T04:25:44Z,ff_hsx_symbol_daily_v1,052fe5ade511e24081f1596ae7e804fb161cb70224fda6bf80689c20f152973f
2022-08-04,TCB,HOSE,2448000000.0,2448000000.0,0.0,60000.0,60000.0,0.0,2448000000.0,2448000000.0,60000.0,60000.0,38250.0,38850.0,38200.0,38400.0,38510.0,HSX_FOREIGN_API,HOSE_SYMBOL_LEVEL,VND,2026-08-25T04:25:44Z,ff_hsx_symbol_daily_v1,ae1235542ff412fc62c85413e78a72978c095abacebeaadb4e3a91977ea743c1
2022-08-05,TCB,HOSE,0.0,0.0,0.0,0.0,0.0,0.0,0.0,0.0,0.0,0.0,38400.0,38800.0,38300.0,38400.0,38550.0,HSX_FOREIGN_API,HOSE_SYMBOL_LEVEL,VND,2026-08-25T04:25:44Z,ff_hsx_symbol_daily_v1,534fd5127deb0499c4924cc8e83ce6d38069dac96d4e8cafe4d875b5bf639816
2022-08-08,TCB,HOSE,14888835000.0,14888835000.0,0.0,362700.0,362700.0,0.0,14888835000.0,14888835000.0,362700.0,362700.0,38500.0,39650.0,38500.0,39200.0,39190.0,HSX_FOREIGN_API,HOSE_SYMBOL_LEVEL,VND,2026-08-25T04:25:44Z,ff_hsx_symbol_daily_v1,3e742bdfe958f9b89e920ce15734eb802f8e2f9e6f2015053f7533b0f6bd8a98
2022-08-09,TCB,HOSE,4954000000.0,4954000000.0,0.0,125000.0,125000.0,0.0,4954000000.0,4954000000.0,125000.0,125000.0,39400.0,39650.0,39000.0,39150.0,39220.0,HSX_FOREIGN_API,HOSE_SYMBOL_LEVEL,VND,2026-08-25T04:25:44Z,ff_hsx_symbol_daily_v1,c5eea71a174ab2f1c7364f9122d6e4d5adac10d0556798d676849d56763586b9
2022-08-10,TCB,HOSE,0.0,0.0,0.0,0.0,0.0,0.0,0.0,0.0,0.0,0.0,38850.0,39050.0,38700.0,38800.0,38850.0,HSX_FOREIGN_API,HOSE_SYMBOL_LEVEL,VND,2026-08-25T04:25:44Z,ff_hsx_symbol_daily_v1,40f524d6be81449f733d18fc6d6734101df6c239609b14a7ea59f8bd85d0de38
2022-08-11,TCB,HOSE,0.0,0.0,0.0,0.0,0.0,0.0,0.0,0.0,0.0,0.0,39100.0,39300.0,38350.0,38500.0,38930.0,HSX_FOREIGN_API,HOSE_SYMBOL_LEVEL,VND,2026-08-25T04:25:44Z,ff_hsx_symbol_daily_v1,8b2d6ab1a84f09dfdf74b0d08c47b0d51b2b6d0353986b75924ab8af7af23c77
2022-08-12,TCB,HOSE,0.0,0.0,0.0,0.0,0.0,0.0,0.0,0.0,0.0,0.0,38500.0,38800.0,38250.0,38800.0,38490.0,HSX_FOREIGN_API,HOSE_SYMBOL_LEVEL,VND,2026-08-25T04:25:44Z,ff_hsx_symbol_daily_v1,2043bb7412dad1f9fabe1d0be0fc3f4e76fdc1d0c45dae56c1c2fc5a6446f961
2022-08-15,TCB,HOSE,0.0,0.0,0.0,0.0,0.0,0.0,0.0,0.0,0.0,0.0,39000.0,39350.0,38850.0,39100.0,39130.0,HSX_FOREIGN_API,HOSE_SYMBOL_LEVEL,VND,2026-08-25T04:25:44Z,ff_hsx_symbol_daily_v1,73efbcd14c7d699fd1caf7c56f76ddb02dc74ae7bda9df7f72b502f039103d00
2022-08-16,TCB,HOSE,0.0,0.0,0.0,0.0,0.0,0.0,0.0,0.0,0.0,0.0,39050.0,39200.0,38950.0,39000.0,39060.0,HSX_FOREIGN_API,HOSE_SYMBOL_LEVEL,VND,2026-08-25T04:25:44Z,ff_hsx_symbol_daily_v1,a11452647505247a200bac2f1a2a0a8d424b3a90e28660586310e998a0e43fef
2022-08-17,TCB,HOSE,0.0,0.0,0.0,0.0,0.0,0.0,0.0,0.0,0.0,0.0,39050.0,39350.0,39000.0,39300.0,39220.0,HSX_FOREIGN_API,HOSE_SYMBOL_LEVEL,VND,2026-08-25T04:25:44Z,ff_hsx_symbol_daily_v1,ebc5fdffb8e40bc2616643878de34b72b43271216590f0af90aaf29620bb491b
2022-08-18,TCB,HOSE,0.0,0.0,0.0,0.0,0.0,0.0,0.0,0.0,0.0,0.0,39100.0,39500.0,38950.0,39100.0,39200.0,HSX_FOREIGN_API,HOSE_SYMBOL_LEVEL,VND,2026-08-25T04:25:44Z,ff_hsx_symbol_daily_v1,8bb4ae306ec098d0ce73b546666059dd5d5194753dce954fee5eb9dc21805b51
2022-08-19,TCB,HOSE,2145000000.0,2145000000.0,0.0,55000.0,55000.0,0.0,2145000000.0,2145000000.0,55000.0,55000.0,39050.0,39200.0,38950.0,39000.0,39080.0,HSX_FOREIGN_API,HOSE_SYMBOL_LEVEL,VND,2026-08-25T04:25:44Z,ff_hsx_symbol_daily_v1,8d31601fc06f6d903a05fe5a7aad26465da3f224afd6c76a2a8afdfe0af9befa
2022-08-22,TCB,HOSE,0.0,0.0,0.0,0.0,0.0,0.0,0.0,0.0,0.0,0.0,38850.0,39100.0,38550.0,38700.0,38820.0,HSX_FOREIGN_API,HOSE_SYMBOL_LEVEL,VND,2026-08-25T04:25:44Z,ff_hsx_symbol_daily_v1,bfb23b34df4af6906bd65fe95c8ff7316eb457efbcce041336154d7854f5a756
2022-08-23,TCB,HOSE,1950000000.0,1950000000.0,0.0,50000.0,50000.0,0.0,1950000000.0,1950000000.0,50000.0,50000.0,38650.0,38800.0,38350.0,38800.0,38530.0,HSX_FOREIGN_API,HOSE_SYMBOL_LEVEL,VND,2026-08-25T04:25:44Z,ff_hsx_symbol_daily_v1,e1c52b66ddf55e7795a1423ecf65ecd0e2b083912050aad9735adfe97f0667c8
2022-08-24,TCB,HOSE,0.0,0.0,0.0,0.0,0.0,0.0,0.0,0.0,0.0,0.0,38800.0,39750.0,38800.0,39250.0,39260.0,HSX_FOREIGN_API,HOSE_SYMBOL_LEVEL,VND,2026-08-25T04:25:44Z,ff_hsx_symbol_daily_v1,0e0a8aed8c71a42d106c4465f83cfd64389cb175cd383ce8a9dacb0e1330ce98
2022-08-25,TCB,HOSE,0.0,0.0,0.0,0.0,0.0,0.0,0.0,0.0,0.0,0.0,39300.0,39700.0,39300.0,39550.0,39510.0,HSX_FOREIGN_API,HOSE_SYMBOL_LEVEL,VND,2026-08-25T04:25:44Z,ff_hsx_symbol_daily_v1,b9e3b4da475fef3258b7e6d5302b4c0753d30456099ff601941d03639d78773e
2022-08-26,TCB,HOSE,0.0,0.0,0.0,0.0,0.0,0.0,0.0,0.0,0.0,0.0,39600.0,39950.0,39500.0,39500.0,39710.0,HSX_FOREIGN_API,HOSE_SYMBOL_LEVEL,VND,2026-08-25T04:25:44Z,ff_hsx_symbol_daily_v1,cc00eeeb96a866375c77da4d7cbbed7f1864151fe2a11cc596f80cadb434cbe4
2022-08-29,TCB,HOSE,0.0,0.0,0.0,0.0,0.0,0.0,0.0,0.0,0.0,0.0,38800.0,39100.0,38500.0,38750.0,38680.0,HSX_FOREIGN_API,HOSE_SYMBOL_LEVEL,VND,2026-08-25T04:25:44Z,ff_hsx_symbol_daily_v1,17a818741635e4ad52451a33482c47a91733e7b7def9234706a3534545dc9253
2022-08-30,TCB,HOSE,0.0,0.0,0.0,0.0,0.0,0.0,0.0,0.0,0.0,0.0,38800.0,39150.0,38750.0,38750.0,38910.0,HSX_FOREIGN_API,HOSE_SYMBOL_LEVEL,VND,2026-08-25T04:25:44Z,ff_hsx_symbol_daily_v1,84805ff08c3d4840a9d9c898c7f22a2603d7b624e4628cb1a9d90d0a387061d1
2022-08-31,TCB,HOSE,2752280000.0,2752280000.0,0.0,66400.0,66400.0,0.0,2752280000.0,2752280000.0,66400.0,66400.0,38750.0,39150.0,38650.0,38950.0,38910.0,HSX_FOREIGN_API,HOSE_SYMBOL_LEVEL,VND,2026-08-25T04:25:44Z,ff_hsx_symbol_daily_v1,5d51d2675a2fd78aa5c1eeb8f81d87ed3b067ce70adfffccd737d419d6df6358
2022-09-05,TCB,HOSE,0.0,389860000.0,-389860000.0,0.0,10100.0,-10100.0,0.0,0.0,0.0,0.0,38850.0,38900.0,38550.0,38600.0,38710.0,HSX_FOREIGN_API,HOSE_SYMBOL_LEVEL,VND,2026-08-25T04:25:44Z,ff_hsx_symbol_daily_v1,00b2b0a75ecd4052ef3bad4a0cef01d6abc903d394734fe5d2f68abd6e334262
2022-09-06,TCB,HOSE,0.0,0.0,0.0,0.0,0.0,0.0,0.0,0.0,0.0,0.0,38550.0,39000.0,38550.0,38650.0,38720.0,HSX_FOREIGN_API,HOSE_SYMBOL_LEVEL,VND,2026-08-25T04:25:44Z,ff_hsx_symbol_daily_v1,5f46258138ab9adb0107355c780729c07ca0a4b4d865ad50caa43b61974145e4
2022-09-07,TCB,HOSE,0.0,0.0,0.0,0.0,0.0,0.0,0.0,0.0,0.0,0.0,38650.0,38700.0,37550.0,37550.0,38230.0,HSX_FOREIGN_API,HOSE_SYMBOL_LEVEL,VND,2026-08-25T04:25:44Z,ff_hsx_symbol_daily_v1,439ec25e925f3519c2d19668080577913be62152eb54c605c66ac4e4c64308d7
2022-09-08,TCB,HOSE,381275000.0,0.0,381275000.0,10100.0,0.0,10100.0,0.0,0.0,0.0,0.0,37750.0,37900.0,37350.0,37400.0,37590.0,HSX_FOREIGN_API,HOSE_SYMBOL_LEVEL,VND,2026-08-25T04:25:44Z,ff_hsx_symbol_daily_v1,175c69851c0344908ae2f072dd667322ddb3ecc382b56661b55e282d50608cec
2022-09-09,TCB,HOSE,0.0,0.0,0.0,0.0,0.0,0.0,0.0,0.0,0.0,0.0,37700.0,37700.0,37000.0,37650.0,37370.0,HSX_FOREIGN_API,HOSE_SYMBOL_LEVEL,VND,2026-08-25T04:25:44Z,ff_hsx_symbol_daily_v1,2f313dcfda532e7d413db2c82d09c406cf940bcc1aec348ec1e484833fc22ba0
2022-09-12,TCB,HOSE,0.0,4832500.0,-4832500.0,0.0,130.0,-130.0,0.0,0.0,0.0,0.0,37650.0,37800.0,37450.0,37500.0,37610.0,HSX_FOREIGN_API,HOSE_SYMBOL_LEVEL,VND,2026-08-25T04:25:44Z,ff_hsx_symbol_daily_v1,f52571bcd9af26a7b359c4d9eaffb3f09e9914c1f78244659e73e976adb6c234
2022-09-13,TCB,HOSE,0.0,0.0,0.0,0.0,0.0,0.0,0.0,0.0,0.0,0.0,37400.0,37600.0,37300.0,37300.0,37460.0,HSX_FOREIGN_API,HOSE_SYMBOL_LEVEL,VND,2026-08-25T04:25:44Z,ff_hsx_symbol_daily_v1,8d8094a50993f993b9340934bea6bf15d53630ab6d93009d25e6b31742c202ba
2022-09-14,TCB,HOSE,17791410000.0,17791410000.0,0.0,445900.0,445900.0,0.0,17791410000.0,17791410000.0,445900.0,445900.0,36500.0,37000.0,36500.0,36800.0,36730.0,HSX_FOREIGN_API,HOSE_SYMBOL_LEVEL,VND,2026-08-25T04:25:44Z,ff_hsx_symbol_daily_v1,8b67b5cf461da8df6feee0e3326d003df4981c017fec046fb967e5dbef8a85a0
2022-09-15,TCB,HOSE,4810000.0,0.0,4810000.0,130.0,0.0,130.0,0.0,0.0,0.0,0.0,37000.0,37050.0,36600.0,36600.0,36860.0,HSX_FOREIGN_API,HOSE_SYMBOL_LEVEL,VND,2026-08-25T04:25:44Z,ff_hsx_symbol_daily_v1,6f8402b304a475c5eb7924316f0eb12fda8a23d1af3a7c7a887f1340675c65c1
2022-09-16,TCB,HOSE,783000000.0,783000000.0,0.0,20000.0,20000.0,0.0,783000000.0,783000000.0,20000.0,20000.0,36400.0,36650.0,36000.0,36000.0,36330.0,HSX_FOREIGN_API,HOSE_SYMBOL_LEVEL,VND,2026-08-25T04:25:44Z,ff_hsx_symbol_daily_v1,b95ddaf4026b1daba3d00f7946f4822b6169ee04daac486e2ee10bfae39ea5ef
2022-09-19,TCB,HOSE,0.0,0.0,0.0,0.0,0.0,0.0,0.0,0.0,0.0,0.0,36000.0,36000.0,34850.0,35050.0,35240.0,HSX_FOREIGN_API,HOSE_SYMBOL_LEVEL,VND,2026-08-25T04:25:44Z,ff_hsx_symbol_daily_v1,d9800be5384733f97de0e6ab28db54d8df79156cd31f9347b0836a587d2c027a
2022-09-20,TCB,HOSE,3375000000.0,3375000000.0,0.0,90000.0,90000.0,0.0,3375000000.0,3375000000.0,90000.0,90000.0,35550.0,35550.0,34900.0,35050.0,35060.0,HSX_FOREIGN_API,HOSE_SYMBOL_LEVEL,VND,2026-08-25T04:25:44Z,ff_hsx_symbol_daily_v1,fcadb2363f68eba882439866d47371f5c8174afb1a5dbcb7b58dbbfdf76a06a9
2022-09-21,TCB,HOSE,0.0,0.0,0.0,0.0,0.0,0.0,0.0,0.0,0.0,0.0,35000.0,35100.0,34500.0,34500.0,34780.0,HSX_FOREIGN_API,HOSE_SYMBOL_LEVEL,VND,2026-08-25T04:25:44Z,ff_hsx_symbol_daily_v1,e5598e7f516378911b6d6f0df54191738a83a21c99d1697471315b6c135d92bb
2022-09-22,TCB,HOSE,0.0,0.0,0.0,0.0,0.0,0.0,0.0,0.0,0.0,0.0,34300.0,34650.0,34100.0,34550.0,34310.0,HSX_FOREIGN_API,HOSE_SYMBOL_LEVEL,VND,2026-08-25T04:25:44Z,ff_hsx_symbol_daily_v1,f01085902428502039b385f21fa1b7af38a6b6927703388d77e09b3cb3af489a
2022-09-23,TCB,HOSE,44340000000.0,44511150000.0,-171150000.0,1200000.0,1205000.0,-5000.0,44340000000.0,44340000000.0,1200000.0,1200000.0,34450.0,34600.0,34050.0,34200.0,34370.0,HSX_FOREIGN_API,HOSE_SYMBOL_LEVEL,VND,2026-08-25T04:25:44Z,ff_hsx_symbol_daily_v1,cb4cb92138d2aec888634639b3beebc3c20e76581d5dad3c1bedec98f7b941a4
2022-09-26,TCB,HOSE,36550000000.0,36550000000.0,0.0,1000000.0,1000000.0,0.0,36550000000.0,36550000000.0,1000000.0,1000000.0,33850.0,33850.0,32950.0,33250.0,33250.0,HSX_FOREIGN_API,HOSE_SYMBOL_LEVEL,VND,2026-08-25T04:25:44Z,ff_hsx_symbol_daily_v1,8c34ba9bf80363b6ecc2733b9379cf53f4d5d0adc6bbff39ca8ec803080b00e1
2022-09-27,TCB,HOSE,44869325850.0,44869325850.0,0.0,1262147.0,1262147.0,0.0,44869325850.0,44869325850.0,1262147.0,1262147.0,33550.0,33900.0,33200.0,33500.0,33540.0,HSX_FOREIGN_API,HOSE_SYMBOL_LEVEL,VND,2026-08-25T04:25:44Z,ff_hsx_symbol_daily_v1,5209739d6e89cfe4dcaad998bf67e9ba5658b781a044d9540e2d941ec0a33fd5
2022-09-28,TCB,HOSE,166750000.0,0.0,166750000.0,5000.0,0.0,5000.0,0.0,0.0,0.0,0.0,33350.0,33700.0,33200.0,33250.0,33400.0,HSX_FOREIGN_API,HOSE_SYMBOL_LEVEL,VND,2026-08-25T04:25:44Z,ff_hsx_symbol_daily_v1,a207d2c037b6f2b7b47d0f438c40de8b0a6d3764c0a78e5bd64120d65269907f
2022-09-29,TCB,HOSE,52614000000.0,52614000000.0,0.0,1480000.0,1480000.0,0.0,52614000000.0,52614000000.0,1480000.0,1480000.0,33700.0,33700.0,33000.0,33000.0,33280.0,HSX_FOREIGN_API,HOSE_SYMBOL_LEVEL,VND,2026-08-25T04:25:44Z,ff_hsx_symbol_daily_v1,1ddea12e03b41140411bf2957c5f81a0109cf311bd9dc1822945dd9ab2b66d0b
2022-09-30,TCB,HOSE,17650000000.0,17650000000.0,0.0,500000.0,500000.0,0.0,17650000000.0,17650000000.0,500000.0,500000.0,33000.0,33200.0,32200.0,32500.0,32680.0,HSX_FOREIGN_API,HOSE_SYMBOL_LEVEL,VND,2026-08-25T04:25:44Z,ff_hsx_symbol_daily_v1,6238ce73f8b9e43658d97543f449b2607c89cc9496b1bbebccdf63f0d5e23602
2022-10-03,TCB,HOSE,120055690000.0,120055690000.0,0.0,3454840.0,3454840.0,0.0,120055690000.0,120055690000.0,3454840.0,3454840.0,32500.0,32600.0,30250.0,30250.0,31330.0,HSX_FOREIGN_API,HOSE_SYMBOL_LEVEL,VND,2026-08-25T04:25:44Z,ff_hsx_symbol_daily_v1,bf1006b894209f8795fe50cc6869a41e3055fdd032fc81bc6e23f7f4646f78fc
2022-10-04,TCB,HOSE,9552955000.0,9552955000.0,0.0,295300.0,295300.0,0.0,9552955000.0,9552955000.0,295300.0,295300.0,30800.0,31000.0,30000.0,30300.0,30540.0,HSX_FOREIGN_API,HOSE_SYMBOL_LEVEL,VND,2026-08-25T04:25:44Z,ff_hsx_symbol_daily_v1,04f151e62f62022b345cc6bbcfa062c3edebff379ca2a774e6bcd1f94a7df58a
2022-10-05,TCB,HOSE,0.0,0.0,0.0,0.0,0.0,0.0,0.0,0.0,0.0,0.0,31000.0,31050.0,30500.0,30500.0,30800.0,HSX_FOREIGN_API,HOSE_SYMBOL_LEVEL,VND,2026-08-25T04:25:44Z,ff_hsx_symbol_daily_v1,094b3254ba053608f631bd4626d00089f543e89a80cf852363ebc38386127693
2022-10-06,TCB,HOSE,32600000000.0,32600000000.0,0.0,1000000.0,1000000.0,0.0,32600000000.0,32600000000.0,1000000.0,1000000.0,30500.0,30800.0,29300.0,29300.0,29950.0,HSX_FOREIGN_API,HOSE_SYMBOL_LEVEL,VND,2026-08-25T04:25:44Z,ff_hsx_symbol_daily_v1,056129d4cc4b4b65e5cc8777682a6ac4c69b86509362d7ae3276f50f2dd19529
2022-10-07,TCB,HOSE,388428694500.0,388428694500.0,0.0,12390070.0,12390070.0,0.0,388428694500.0,388428694500.0,12390070.0,12390070.0,28900.0,28900.0,27250.0,27250.0,27440.0,HSX_FOREIGN_API,HOSE_SYMBOL_LEVEL,VND,2026-08-25T04:25:44Z,ff_hsx_symbol_daily_v1,41fd8e592ba79d6b0a99c9d844ffa2d8c0993a84b206ecfcce576c9e72ad65f6
2022-10-10,TCB,HOSE,188539285000.0,188541890000.0,-2605000.0,6467900.0,6468000.0,-100.0,188539285000.0,188539285000.0,6467900.0,6467900.0,25800.0,26950.0,25350.0,25800.0,25760.0,HSX_FOREIGN_API,HOSE_SYMBOL_LEVEL,VND,2026-08-25T04:25:44Z,ff_hsx_symbol_daily_v1,aa19cc53a20a0292572dd3380a61ea0ffbbf50fea6c7de72c5d650bc7efd7d8d
2022-10-11,TCB,HOSE,162840000000.0,163156695000.0,-316695000.0,5900000.0,5912900.0,-12900.0,162840000000.0,162840000000.0,5900000.0,5900000.0,25800.0,25800.0,24000.0,24000.0,24130.0,HSX_FOREIGN_API,HOSE_SYMBOL_LEVEL,VND,2026-08-25T04:25:44Z,ff_hsx_symbol_daily_v1,028b4afc52eddfbc535c926d1335198b7f18421950745ce83111e6a82db679f4
2022-10-12,TCB,HOSE,0.0,0.0,0.0,0.0,0.0,0.0,0.0,0.0,0.0,0.0,24000.0,25400.0,23550.0,24800.0,24780.0,HSX_FOREIGN_API,HOSE_SYMBOL_LEVEL,VND,2026-08-25T04:25:44Z,ff_hsx_symbol_daily_v1,170052cd83dcaa754f7c5f662cd1e2eddc49282c1234fe5aee9ed3e2ed6dc725
2022-10-13,TCB,HOSE,34425980000.0,34423500000.0,2480000.0,1299100.0,1299000.0,100.0,34423500000.0,34423500000.0,1299000.0,1299000.0,24800.0,25300.0,24100.0,25300.0,24770.0,HSX_FOREIGN_API,HOSE_SYMBOL_LEVEL,VND,2026-08-25T04:25:44Z,ff_hsx_symbol_daily_v1,b687fcb809f23e7f6325712b8980de41ed4232039543d6b298ee1b38c632fa15
2022-10-14,TCB,HOSE,341850000.0,0.0,341850000.0,12900.0,0.0,12900.0,0.0,0.0,0.0,0.0,26500.0,26500.0,25500.0,25700.0,25910.0,HSX_FOREIGN_API,HOSE_SYMBOL_LEVEL,VND,2026-08-25T04:25:44Z,ff_hsx_symbol_daily_v1,1a71f8acdd7280258fc2cfc85c7cffb7bb222bc4e378ee991877953dba1380d0
2022-10-17,TCB,HOSE,52783605000.0,52783605000.0,0.0,1922900.0,1922900.0,0.0,52783605000.0,52783605000.0,1922900.0,1922900.0,25500.0,25500.0,24350.0,25100.0,24940.0,HSX_FOREIGN_API,HOSE_SYMBOL_LEVEL,VND,2026-08-25T04:25:44Z,ff_hsx_symbol_daily_v1,fe4e57d338a0526e605a42a8a9546d804b0e483711383e5d14d12d366c49ce28
2022-10-18,TCB,HOSE,3222000000.0,3222000000.0,0.0,120000.0,120000.0,0.0,3222000000.0,3222000000.0,120000.0,120000.0,25600.0,25900.0,25150.0,25300.0,25510.0,HSX_FOREIGN_API,HOSE_SYMBOL_LEVEL,VND,2026-08-25T04:25:44Z,ff_hsx_symbol_daily_v1,bb9ddeb28ac8fe8b81f87dc28bde5891e6996614be4c52c69cf5962d92bd2b33
2022-10-19,TCB,HOSE,0.0,0.0,0.0,0.0,0.0,0.0,0.0,0.0,0.0,0.0,25300.0,25500.0,24600.0,25200.0,24970.0,HSX_FOREIGN_API,HOSE_SYMBOL_LEVEL,VND,2026-08-25T04:25:44Z,ff_hsx_symbol_daily_v1,a21eff005a16587fd795578a3de8f3c26889741b3949bd66b66c0f582a2cb645
2022-10-20,TCB,HOSE,0.0,0.0,0.0,0.0,0.0,0.0,0.0,0.0,0.0,0.0,25100.0,25100.0,24550.0,24600.0,24760.0,HSX_FOREIGN_API,HOSE_SYMBOL_LEVEL,VND,2026-08-25T04:25:44Z,ff_hsx_symbol_daily_v1,ece12a88244acff54989b662c9af1cf0c621bedc4b95a35d2efe591a20bf8f43
2022-10-21,TCB,HOSE,26121160000.0,26121160000.0,0.0,993200.0,993200.0,0.0,26121160000.0,26121160000.0,993200.0,993200.0,24850.0,24850.0,22900.0,22900.0,23820.0,HSX_FOREIGN_API,HOSE_SYMBOL_LEVEL,VND,2026-08-25T04:25:44Z,ff_hsx_symbol_daily_v1,d981f173ac56e29a70f66c12fb99c2cd69c710f5a1479687241b0828dfd7e804
2022-10-24,TCB,HOSE,44345000000.0,44345000000.0,0.0,1810000.0,1810000.0,0.0,44345000000.0,44345000000.0,1810000.0,1810000.0,23050.0,23350.0,21300.0,21300.0,21750.0,HSX_FOREIGN_API,HOSE_SYMBOL_LEVEL,VND,2026-08-25T04:25:44Z,ff_hsx_symbol_daily_v1,87ab480b72928a4165b4d35edb07c37ec81e34682933a1463c79ec6fefb10a09
2022-10-25,TCB,HOSE,42203525000.0,42203525000.0,0.0,1855100.0,1855100.0,0.0,42203525000.0,42203525000.0,1855100.0,1855100.0,21300.0,22450.0,20000.0,21300.0,21150.0,HSX_FOREIGN_API,HOSE_SYMBOL_LEVEL,VND,2026-08-25T04:25:44Z,ff_hsx_symbol_daily_v1,0e247c1f656e41add09dbe72423990580ae39661066a502e0433ec0f308b2187
2022-10-26,TCB,HOSE,0.0,0.0,0.0,0.0,0.0,0.0,0.0,0.0,0.0,0.0,21700.0,21800.0,21050.0,21400.0,21390.0,HSX_FOREIGN_API,HOSE_SYMBOL_LEVEL,VND,2026-08-25T04:25:44Z,ff_hsx_symbol_daily_v1,d6696675661e3053aa73e900b64ca5e7110813d50436294c98db4d41e92ea6ad
2022-10-27,TCB,HOSE,0.0,0.0,0.0,0.0,0.0,0.0,0.0,0.0,0.0,0.0,21500.0,22850.0,21500.0,22850.0,22390.0,HSX_FOREIGN_API,HOSE_SYMBOL_LEVEL,VND,2026-08-25T04:25:44Z,ff_hsx_symbol_daily_v1,0a107ad663549947d81a29247d2cdbf979315ac2bbb83bf5a0fb5f21f94311b0
2022-10-28,TCB,HOSE,29512532000.0,29512532000.0,0.0,1209530.0,1209530.0,0.0,29512532000.0,29512532000.0,1209530.0,1209530.0,23600.0,24400.0,23500.0,24400.0,24240.0,HSX_FOREIGN_API,HOSE_SYMBOL_LEVEL,VND,2026-08-25T04:25:44Z,ff_hsx_symbol_daily_v1,d3d7029817d76bd1c14043c2be9b3e4bdbcdcbaa370ac6cc081fc98a3e45fa11
2022-10-31,TCB,HOSE,0.0,0.0,0.0,0.0,0.0,0.0,0.0,0.0,0.0,0.0,24600.0,24800.0,23500.0,24600.0,24150.0,HSX_FOREIGN_API,HOSE_SYMBOL_LEVEL,VND,2026-08-25T04:25:44Z,ff_hsx_symbol_daily_v1,21d01e95af29651ca0f254c9b01ae497b25186cb1497592e23d9af9647a75636
2022-11-01,TCB,HOSE,946800000.0,946800000.0,0.0,36000.0,36000.0,0.0,946800000.0,946800000.0,36000.0,36000.0,25000.0,26000.0,25000.0,25650.0,25590.0,HSX_FOREIGN_API,HOSE_SYMBOL_LEVEL,VND,2026-08-25T04:25:44Z,ff_hsx_symbol_daily_v1,06e3b8a615f8e6789d077569863b5326900900c098f8a0e4582bfd059b32473f
2022-11-02,TCB,HOSE,66278390000.0,66278390000.0,0.0,2701500.0,2701500.0,0.0,66278390000.0,66278390000.0,2701500.0,2701500.0,25700.0,25800.0,25050.0,25200.0,25370.0,HSX_FOREIGN_API,HOSE_SYMBOL_LEVEL,VND,2026-08-25T04:25:44Z,ff_hsx_symbol_daily_v1,ca7e4da5c66ab3598d5e572c1c58c82df03a580a4304e3a994c3c9450fe04000
2022-11-03,TCB,HOSE,0.0,0.0,0.0,0.0,0.0,0.0,0.0,0.0,0.0,0.0,24650.0,25850.0,24650.0,25850.0,25330.0,HSX_FOREIGN_API,HOSE_SYMBOL_LEVEL,VND,2026-08-25T04:25:44Z,ff_hsx_symbol_daily_v1,6c31a9d8fcd0702cbab133d736804505a8f0c7db6619996bc084b6005cf48228
2022-11-04,TCB,HOSE,132272070000.0,132272070000.0,0.0,4783800.0,4783800.0,0.0,132272070000.0,132272070000.0,4783800.0,4783800.0,25000.0,25500.0,24050.0,25500.0,24830.0,HSX_FOREIGN_API,HOSE_SYMBOL_LEVEL,VND,2026-08-25T04:25:44Z,ff_hsx_symbol_daily_v1,caf67c0ccde5aadf93aa7dc91447448696ea1506da5175d37b47c0adfc1c91ed
2022-11-07,TCB,HOSE,82295000000.0,82387955000.0,-92955000.0,3020000.0,3023800.0,-3800.0,82295000000.0,82295000000.0,3020000.0,3020000.0,25450.0,25800.0,23750.0,23750.0,24390.0,HSX_FOREIGN_API,HOSE_SYMBOL_LEVEL,VND,2026-08-25T04:25:44Z,ff_hsx_symbol_daily_v1,baa4399e654d3fcefd96c120709884b30a562051a30a4c9a0933495880cdf444
2022-11-08,TCB,HOSE,0.0,0.0,0.0,0.0,0.0,0.0,0.0,0.0,0.0,0.0,23750.0,24900.0,23000.0,24150.0,24260.0,HSX_FOREIGN_API,HOSE_SYMBOL_LEVEL,VND,2026-08-25T04:25:44Z,ff_hsx_symbol_daily_v1,9ada71b804479f6c11e2be7875b4ce09ad6ffb7584432acb5f749a2671dffca8
2022-11-09,TCB,HOSE,0.0,0.0,0.0,0.0,0.0,0.0,0.0,0.0,0.0,0.0,24500.0,25100.0,24200.0,24350.0,24710.0,HSX_FOREIGN_API,HOSE_SYMBOL_LEVEL,VND,2026-08-25T04:25:44Z,ff_hsx_symbol_daily_v1,77f460c52685fd97ff9ea1b896f7e68e6698cbf926ed1c66bfbe424aabcff8eb
2022-11-10,TCB,HOSE,167712712350.0,167621512350.0,91200000.0,6438407.0,6434607.0,3800.0,167621512350.0,167621512350.0,6434607.0,6434607.0,24000.0,24100.0,22650.0,22750.0,22960.0,HSX_FOREIGN_API,HOSE_SYMBOL_LEVEL,VND,2026-08-25T04:25:44Z,ff_hsx_symbol_daily_v1,9afc0b200ce27a85a2969bd3cc08a4be4e34bc7c939e83032b7e9c3c3ea84755
2022-11-11,TCB,HOSE,0.0,0.0,0.0,0.0,0.0,0.0,0.0,0.0,0.0,0.0,23500.0,23950.0,22800.0,22800.0,23480.0,HSX_FOREIGN_API,HOSE_SYMBOL_LEVEL,VND,2026-08-25T04:25:44Z,ff_hsx_symbol_daily_v1,13ef359a676c1aac2b8ac19dd1cab88b1d69b250a2e54daa91855e9ca28527a6
2022-11-14,TCB,HOSE,0.0,0.0,0.0,0.0,0.0,0.0,0.0,0.0,0.0,0.0,22200.0,22400.0,21300.0,22200.0,21840.0,HSX_FOREIGN_API,HOSE_SYMBOL_LEVEL,VND,2026-08-25T04:25:44Z,ff_hsx_symbol_daily_v1,29e4bc7dbe037ae2524aac1bb7e033e384f3696cde482629eae3c7eaca210bb9
2022-11-15,TCB,HOSE,0.0,208090000.0,-208090000.0,0.0,10000.0,-10000.0,0.0,0.0,0.0,0.0,22050.0,22050.0,20650.0,20700.0,20810.0,HSX_FOREIGN_API,HOSE_SYMBOL_LEVEL,VND,2026-08-25T04:25:44Z,ff_hsx_symbol_daily_v1,a4eb74288e3e98df80101ef41ca6109b6ab6b37259e28dac17069ef0036973be
2022-11-16,TCB,HOSE,94318380000.0,94318380000.0,0.0,4267800.0,4267800.0,0.0,94318380000.0,94318380000.0,4267800.0,4267800.0,19300.0,22100.0,19300.0,22100.0,20190.0,HSX_FOREIGN_API,HOSE_SYMBOL_LEVEL,VND,2026-08-25T04:25:44Z,ff_hsx_symbol_daily_v1,6f430f996ab345b12e9c0b1e966dab4b08485149e89d6c8aae0ac743a5c4bb78
2022-11-17,TCB,HOSE,0.0,0.0,0.0,0.0,0.0,0.0,0.0,0.0,0.0,0.0,22700.0,23050.0,22200.0,22950.0,22730.0,HSX_FOREIGN_API,HOSE_SYMBOL_LEVEL,VND,2026-08-25T04:25:44Z,ff_hsx_symbol_daily_v1,3220dfa3e99de7793982f8ea857e95e82a2511d78d07f54d0c4950133a6287d2
2022-11-18,TCB,HOSE,228500000.0,0.0,228500000.0,10000.0,0.0,10000.0,0.0,0.0,0.0,0.0,22850.0,23350.0,21800.0,22700.0,22570.0,HSX_FOREIGN_API,HOSE_SYMBOL_LEVEL,VND,2026-08-25T04:25:44Z,ff_hsx_symbol_daily_v1,397e173682945fbef76353a38094307aa7ac05eb5e1e0c9bb52beab8b6733069
2022-11-21,TCB,HOSE,0.0,0.0,0.0,0.0,0.0,0.0,0.0,0.0,0.0,0.0,22650.0,23100.0,22250.0,22250.0,22630.0,HSX_FOREIGN_API,HOSE_SYMBOL_LEVEL,VND,2026-08-25T04:25:44Z,ff_hsx_symbol_daily_v1,81686864d1d52ad0cc41a3601839c6de3b5fce55fd4887b47e0164cedcb4ff49
2022-11-22,TCB,HOSE,0.0,0.0,0.0,0.0,0.0,0.0,0.0,0.0,0.0,0.0,22050.0,23050.0,21850.0,21850.0,22400.0,HSX_FOREIGN_API,HOSE_SYMBOL_LEVEL,VND,2026-08-25T04:25:44Z,ff_hsx_symbol_daily_v1,bc940f97c9e425551992ea87c53fd7ac9f79ba5cc310137d5567ef45daf41cda
2022-11-23,TCB,HOSE,2101500000.0,2101500000.0,0.0,90000.0,90000.0,0.0,2101500000.0,2101500000.0,90000.0,90000.0,22000.0,22400.0,21700.0,22000.0,22080.0,HSX_FOREIGN_API,HOSE_SYMBOL_LEVEL,VND,2026-08-25T04:25:44Z,ff_hsx_symbol_daily_v1,12dc29b6704faba2ed5f00fa889ba8690b5ddb8e276a0ed4081deb590a2dc0ba
2022-11-24,TCB,HOSE,470000000.0,470000000.0,0.0,20000.0,20000.0,0.0,470000000.0,470000000.0,20000.0,20000.0,22000.0,22200.0,21500.0,22150.0,21840.0,HSX_FOREIGN_API,HOSE_SYMBOL_LEVEL,VND,2026-08-25T04:25:44Z,ff_hsx_symbol_daily_v1,f435a9fb392b00dfba7bb084d3e524eb0c237eca8f322b36240e3024df67e23a
2022-11-25,TCB,HOSE,13345470000.0,13345470000.0,0.0,563100.0,563100.0,0.0,13345470000.0,13345470000.0,563100.0,563100.0,22350.0,23000.0,22200.0,23000.0,22560.0,HSX_FOREIGN_API,HOSE_SYMBOL_LEVEL,VND,2026-08-25T04:25:44Z,ff_hsx_symbol_daily_v1,0e07765f623964783ed96f70b9a86b5e7c0252c7987a76b2da8314d63394e186
2022-11-28,TCB,HOSE,0.0,0.0,0.0,0.0,0.0,0.0,0.0,0.0,0.0,0.0,23300.0,24600.0,23250.0,24600.0,24080.0,HSX_FOREIGN_API,HOSE_SYMBOL_LEVEL,VND,2026-08-25T04:25:44Z,ff_hsx_symbol_daily_v1,b11263225c8382cc5c54208313c56d183c54d6f64c4eb4f3d6c41789131ff344
2022-11-29,TCB,HOSE,0.0,0.0,0.0,0.0,0.0,0.0,0.0,0.0,0.0,0.0,24950.0,25600.0,24350.0,25200.0,25010.0,HSX_FOREIGN_API,HOSE_SYMBOL_LEVEL,VND,2026-08-25T04:25:44Z,ff_hsx_symbol_daily_v1,570ec4aad011bf63f330e73341b987fb3c9dd41e125def28c31cb259f4319b93
2022-11-30,TCB,HOSE,0.0,0.0,0.0,0.0,0.0,0.0,0.0,0.0,0.0,0.0,25200.0,25900.0,24950.0,25900.0,25330.0,HSX_FOREIGN_API,HOSE_SYMBOL_LEVEL,VND,2026-08-25T04:25:44Z,ff_hsx_symbol_daily_v1,24782ef36c09054e21cb8f29f633b7a43dc14391a585ae7a11931268695d9b12
2022-12-01,TCB,HOSE,0.0,0.0,0.0,0.0,0.0,0.0,0.0,0.0,0.0,0.0,26250.0,27700.0,26250.0,27400.0,27260.0,HSX_FOREIGN_API,HOSE_SYMBOL_LEVEL,VND,2026-08-25T04:25:44Z,ff_hsx_symbol_daily_v1,3dd49c087faaf7aa85ea3a20db445d01ff9854b791829b2a2c6bfe8670ef4696
2022-12-02,TCB,HOSE,280840500000.0,280840500000.0,0.0,9585000.0,9585000.0,0.0,280840500000.0,280840500000.0,9585000.0,9585000.0,27000.0,29000.0,26850.0,28800.0,27840.0,HSX_FOREIGN_API,HOSE_SYMBOL_LEVEL,VND,2026-08-25T04:25:44Z,ff_hsx_symbol_daily_v1,72db13ae89bfb7196cf5da644398d93d0d78be2131dd8502a396dd3ce4a54211
2022-12-05,TCB,HOSE,0.0,0.0,0.0,0.0,0.0,0.0,0.0,0.0,0.0,0.0,29500.0,29800.0,28800.0,29000.0,29200.0,HSX_FOREIGN_API,HOSE_SYMBOL_LEVEL,VND,2026-08-25T04:25:44Z,ff_hsx_symbol_daily_v1,0872f8fc98f4e1ed0cec47768192e5f500e4a2601a8289ea584adf07075eef8c
2022-12-06,TCB,HOSE,14284800000.0,14284800000.0,0.0,460800.0,460800.0,0.0,14284800000.0,14284800000.0,460800.0,460800.0,28800.0,29000.0,27000.0,27050.0,27750.0,HSX_FOREIGN_API,HOSE_SYMBOL_LEVEL,VND,2026-08-25T04:25:44Z,ff_hsx_symbol_daily_v1,978baf73c352a16cb318bcb1085a8a9bfc805f90a570e42dff270242250c0d24
2022-12-07,TCB,HOSE,0.0,0.0,0.0,0.0,0.0,0.0,0.0,0.0,0.0,0.0,27000.0,27150.0,25950.0,26400.0,26520.0,HSX_FOREIGN_API,HOSE_SYMBOL_LEVEL,VND,2026-08-25T04:25:44Z,ff_hsx_symbol_daily_v1,330e34504b8ae6dcf7d892ecafcb5ba2e650b7ff48bea6f67e41f814a56cae36
2022-12-08,TCB,HOSE,0.0,0.0,0.0,0.0,0.0,0.0,0.0,0.0,0.0,0.0,26800.0,28200.0,26500.0,28200.0,27940.0,HSX_FOREIGN_API,HOSE_SYMBOL_LEVEL,VND,2026-08-25T04:25:44Z,ff_hsx_symbol_daily_v1,27a137b4f439a8ee08452085dc95d0bffd33819f37edc5accf6c61bb5174e283
2022-12-09,TCB,HOSE,35474490000.0,35474490000.0,0.0,1176600.0,1176600.0,0.0,35474490000.0,35474490000.0,1176600.0,1176600.0,28450.0,28500.0,27700.0,28250.0,28130.0,HSX_FOREIGN_API,HOSE_SYMBOL_LEVEL,VND,2026-08-25T04:25:44Z,ff_hsx_symbol_daily_v1,b7470f064aa206c3d1d707700bb65e2fc66f511acfcd567760c3f2af1b159180
2022-12-12,TCB,HOSE,60400000000.0,60400000000.0,0.0,2000000.0,2000000.0,0.0,60400000000.0,60400000000.0,2000000.0,2000000.0,28250.0,28550.0,27200.0,27200.0,28010.0,HSX_FOREIGN_API,HOSE_SYMBOL_LEVEL,VND,2026-08-25T04:25:44Z,ff_hsx_symbol_daily_v1,58730a980cf9ca56209b538ec464905923f9d6c6ba147d43e208a5ad81752b67
2022-12-13,TCB,HOSE,0.0,0.0,0.0,0.0,0.0,0.0,0.0,0.0,0.0,0.0,27200.0,28800.0,27000.0,28800.0,27540.0,HSX_FOREIGN_API,HOSE_SYMBOL_LEVEL,VND,2026-08-25T04:25:44Z,ff_hsx_symbol_daily_v1,5026f942f1d891a458cff9acd7de38d4c1adb07f862d6740552d7ec9a224e7fc
2022-12-14,TCB,HOSE,33017600000.0,33017600000.0,0.0,1072000.0,1072000.0,0.0,33017600000.0,33017600000.0,1072000.0,1072000.0,29500.0,29700.0,28800.0,28800.0,29290.0,HSX_FOREIGN_API,HOSE_SYMBOL_LEVEL,VND,2026-08-25T04:25:44Z,ff_hsx_symbol_daily_v1,7233774f550577afa59b236a75b1c38885e625a77ba4a169f35876947f5c3dc9
2022-12-15,TCB,HOSE,4182640000.0,4182640000.0,0.0,135800.0,135800.0,0.0,4182640000.0,4182640000.0,135800.0,135800.0,28800.0,29550.0,28600.0,29500.0,29310.0,HSX_FOREIGN_API,HOSE_SYMBOL_LEVEL,VND,2026-08-25T04:25:44Z,ff_hsx_symbol_daily_v1,e3d84f102b561f83c01efbe140a14af778fec848b6ef515c47b6079f21455f9e
2022-12-16,TCB,HOSE,48529579000.0,48529579000.0,0.0,1538180.0,1538180.0,0.0,48529579000.0,48529579000.0,1538180.0,1538180.0,29000.0,29300.0,28600.0,29150.0,29060.0,HSX_FOREIGN_API,HOSE_SYMBOL_LEVEL,VND,2026-08-25T04:25:44Z,ff_hsx_symbol_daily_v1,3ffe9d9fa93181da3d792a6914c159c19f54b0b2146f013e7dde461b0f2318c5
2022-12-19,TCB,HOSE,5825050000.0,5825050000.0,0.0,187000.0,187000.0,0.0,5825050000.0,5825050000.0,187000.0,187000.0,29150.0,30650.0,29050.0,29250.0,29940.0,HSX_FOREIGN_API,HOSE_SYMBOL_LEVEL,VND,2026-08-25T04:25:44Z,ff_hsx_symbol_daily_v1,cb13d8502b6f7e85cf628ad5882d9bad8f9e8b204429ea3a079cfbd082f8cbac
2022-12-20,TCB,HOSE,41125000000.0,41125000000.0,0.0,1316000.0,1316000.0,0.0,41125000000.0,41125000000.0,1316000.0,1316000.0,29000.0,29250.0,27250.0,27700.0,27960.0,HSX_FOREIGN_API,HOSE_SYMBOL_LEVEL,VND,2026-08-25T04:25:44Z,ff_hsx_symbol_daily_v1,1a6014a3252abc63edab6558d31f8a0363d5932329d50dd69d28163387df789f
2022-12-21,TCB,HOSE,4084800000.0,4084800000.0,0.0,138000.0,138000.0,0.0,4084800000.0,4084800000.0,138000.0,138000.0,28050.0,28200.0,26300.0,27700.0,27280.0,HSX_FOREIGN_API,HOSE_SYMBOL_LEVEL,VND,2026-08-25T04:25:44Z,ff_hsx_symbol_daily_v1,a78cf84f3db76ba455666c4dc3f60e56dd878935a9e1c29c7881723d42f8f80b
2022-12-22,TCB,HOSE,4084800000.0,4084800000.0,0.0,138000.0,138000.0,0.0,4084800000.0,4084800000.0,138000.0,138000.0,27750.0,28400.0,27250.0,27700.0,27760.0,HSX_FOREIGN_API,HOSE_SYMBOL_LEVEL,VND,2026-08-25T04:25:44Z,ff_hsx_symbol_daily_v1,487bb0061dc81cafccb3bc3c43bf65f42e3f0c33d1577f05aae9d5332fcc165c
2022-12-23,TCB,HOSE,21782640000.0,21782640000.0,0.0,735900.0,735900.0,0.0,21782640000.0,21782640000.0,735900.0,735900.0,27700.0,27900.0,26950.0,27600.0,27320.0,HSX_FOREIGN_API,HOSE_SYMBOL_LEVEL,VND,2026-08-25T04:25:44Z,ff_hsx_symbol_daily_v1,f6fd45934c72df4d538721bb5d327bca7d6d9c79f61f002198003b0db48fe974
2022-12-26,TCB,HOSE,0.0,0.0,0.0,0.0,0.0,0.0,0.0,0.0,0.0,0.0,27250.0,27400.0,25700.0,25700.0,26180.0,HSX_FOREIGN_API,HOSE_SYMBOL_LEVEL,VND,2026-08-25T04:25:44Z,ff_hsx_symbol_daily_v1,82d62bb09f173a076abafa9330b2e816b41b0e0ca34fba64460257b376668161
2022-12-27,TCB,HOSE,33266655000.0,33269630000.0,-2975000.0,1211900.0,1212015.0,-115.0,33266655000.0,33266655000.0,1211900.0,1211900.0,25600.0,26300.0,25400.0,26300.0,25850.0,HSX_FOREIGN_API,HOSE_SYMBOL_LEVEL,VND,2026-08-25T04:25:44Z,ff_hsx_symbol_daily_v1,3fbb783b898fe0093ead0a03ca30b32ca75219bab912cdd938051e892a4e5a14
2022-12-28,TCB,HOSE,21431870000.0,21431870000.0,0.0,762700.0,762700.0,0.0,21431870000.0,21431870000.0,762700.0,762700.0,26100.0,26450.0,25750.0,26150.0,26080.0,HSX_FOREIGN_API,HOSE_SYMBOL_LEVEL,VND,2026-08-25T04:25:44Z,ff_hsx_symbol_daily_v1,36f126b941ae8f5ad3368a48d5d54cf990d1dcd149140e84e61182f0b9d542dd
2022-12-29,TCB,HOSE,0.0,0.0,0.0,0.0,0.0,0.0,0.0,0.0,0.0,0.0,26100.0,26300.0,25750.0,25950.0,26030.0,HSX_FOREIGN_API,HOSE_SYMBOL_LEVEL,VND,2026-08-25T04:25:44Z,ff_hsx_symbol_daily_v1,da87313506dd93bcc115d9412a5db5c5fe7aa8a2771dd2d856cd419571be720f
2022-12-30,TCB,HOSE,2987250.0,0.0,2987250.0,115.0,0.0,115.0,0.0,0.0,0.0,0.0,25950.0,26100.0,25850.0,25850.0,25940.0,HSX_FOREIGN_API,HOSE_SYMBOL_LEVEL,VND,2026-08-25T04:25:44Z,ff_hsx_symbol_daily_v1,cf82debbb9663a9eaf929e783cf9c777a21bbc0204f7be7a83dc53a5bef57d97
2023-01-03,TCB,HOSE,0.0,0.0,0.0,0.0,0.0,0.0,0.0,0.0,0.0,0.0,25750.0,27450.0,25750.0,27450.0,26850.0,HSX_FOREIGN_API,HOSE_SYMBOL_LEVEL,VND,2026-08-25T04:25:44Z,ff_hsx_symbol_daily_v1,12336ea3e6ceabfbd03f1ce404158f8c0e518b67ef562d08328a3cca78c81d56
2023-01-04,TCB,HOSE,0.0,0.0,0.0,0.0,0.0,0.0,0.0,0.0,0.0,0.0,27450.0,27800.0,27250.0,27300.0,27500.0,HSX_FOREIGN_API,HOSE_SYMBOL_LEVEL,VND,2026-08-25T04:25:44Z,ff_hsx_symbol_daily_v1,21166dd84531d4ef97fe469bd85ba3aa737b1912999649f8460f12b5073a998a
2023-01-05,TCB,HOSE,139222680000.0,139222680000.0,0.0,4767900.0,4767900.0,0.0,139222680000.0,139222680000.0,4767900.0,4767900.0,27300.0,27800.0,27150.0,27650.0,27460.0,HSX_FOREIGN_API,HOSE_SYMBOL_LEVEL,VND,2026-08-25T04:25:44Z,ff_hsx_symbol_daily_v1,3e9faa14657c4fb827703e0b43b3209ce80ed4fc1379c9e046b2819d2f2b4477
2023-01-06,TCB,HOSE,0.0,0.0,0.0,0.0,0.0,0.0,0.0,0.0,0.0,0.0,27450.0,28400.0,27300.0,27700.0,27930.0,HSX_FOREIGN_API,HOSE_SYMBOL_LEVEL,VND,2026-08-25T04:25:44Z,ff_hsx_symbol_daily_v1,553566e9ba5677f5bdff248a979253af314dcc45cc2551b9a2fc2526a4a2a2f7
2023-01-09,TCB,HOSE,0.0,0.0,0.0,0.0,0.0,0.0,0.0,0.0,0.0,0.0,27800.0,27950.0,27600.0,27750.0,27780.0,HSX_FOREIGN_API,HOSE_SYMBOL_LEVEL,VND,2026-08-25T04:25:44Z,ff_hsx_symbol_daily_v1,927ed3665ac311dfba38acfb8de0285bf6503a6654b5ba95202b3676516df4a3
2023-01-10,TCB,HOSE,1835335000.0,1835335000.0,0.0,61900.0,61900.0,0.0,1835335000.0,1835335000.0,61900.0,61900.0,27750.0,28000.0,27300.0,27450.0,27620.0,HSX_FOREIGN_API,HOSE_SYMBOL_LEVEL,VND,2026-08-25T04:25:44Z,ff_hsx_symbol_daily_v1,e693ec7af8a9215c4753191b689c6dc0ebea5e679564591bac57465ef8145292
2023-01-11,TCB,HOSE,0.0,0.0,0.0,0.0,0.0,0.0,0.0,0.0,0.0,0.0,27450.0,28000.0,27300.0,27650.0,27770.0,HSX_FOREIGN_API,HOSE_SYMBOL_LEVEL,VND,2026-08-25T04:25:44Z,ff_hsx_symbol_daily_v1,eac4d038b5667caa357a736afb3244aae8bc659b9531e632388517c5d8f7f830
2023-01-12,TCB,HOSE,3608055000.0,3608055000.0,0.0,122100.0,122100.0,0.0,3608055000.0,3608055000.0,122100.0,122100.0,27650.0,27950.0,27600.0,27850.0,27720.0,HSX_FOREIGN_API,HOSE_SYMBOL_LEVEL,VND,2026-08-25T04:25:44Z,ff_hsx_symbol_daily_v1,c685913efc6b91ceb0fbceb925dc80e5fb2f644bab424b3ab7f02ecbc3caac08
2023-01-13,TCB,HOSE,0.0,0.0,0.0,0.0,0.0,0.0,0.0,0.0,0.0,0.0,27900.0,28300.0,27800.0,27800.0,28000.0,HSX_FOREIGN_API,HOSE_SYMBOL_LEVEL,VND,2026-08-25T04:25:44Z,ff_hsx_symbol_daily_v1,787e2cb7c93a06794bedd74aa52da209189789cd38dc98d3021ba870aa8f4320
2023-01-16,TCB,HOSE,6311250000.0,6311250000.0,0.0,212500.0,212500.0,0.0,6311250000.0,6311250000.0,212500.0,212500.0,27850.0,28100.0,27650.0,28100.0,27890.0,HSX_FOREIGN_API,HOSE_SYMBOL_LEVEL,VND,2026-08-25T04:25:44Z,ff_hsx_symbol_daily_v1,9f8491b866979ce6eb4641786f015cb01580dcb0c494e1c6a234113699f98ee3
2023-01-17,TCB,HOSE,0.0,0.0,0.0,0.0,0.0,0.0,0.0,0.0,0.0,0.0,28400.0,29300.0,28350.0,29000.0,28920.0,HSX_FOREIGN_API,HOSE_SYMBOL_LEVEL,VND,2026-08-25T04:25:44Z,ff_hsx_symbol_daily_v1,480ac3e257d7280d736c258dde0b70781e8852b3d8108da81a09f5f7721773b0
2023-01-18,TCB,HOSE,161977790000.0,161977790000.0,0.0,5225090.0,5225090.0,0.0,161977790000.0,161977790000.0,5225090.0,5225090.0,29100.0,29150.0,28900.0,29100.0,29030.0,HSX_FOREIGN_API,HOSE_SYMBOL_LEVEL,VND,2026-08-25T04:25:44Z,ff_hsx_symbol_daily_v1,b4446288f44e4b2504dd13dd75a4ce6b721c26b0a1443884fe5398adff1cd890
2023-01-19,TCB,HOSE,0.0,0.0,0.0,0.0,0.0,0.0,0.0,0.0,0.0,0.0,28850.0,29300.0,28850.0,29100.0,29040.0,HSX_FOREIGN_API,HOSE_SYMBOL_LEVEL,VND,2026-08-25T04:25:44Z,ff_hsx_symbol_daily_v1,0e35dc20b89a8b8ceb10970f3f2a4a4de0b6756251ec3451ad3338c01a7beb5e
2023-01-27,TCB,HOSE,0.0,0.0,0.0,0.0,0.0,0.0,0.0,0.0,0.0,0.0,29350.0,29700.0,29000.0,29050.0,29450.0,HSX_FOREIGN_API,HOSE_SYMBOL_LEVEL,VND,2026-08-25T04:25:44Z,ff_hsx_symbol_daily_v1,26d7dacdcfbabcbea15102275b661edb48e9101f9b0357bc7356d500183f1327
2023-01-30,TCB,HOSE,16798050000.0,16798050000.0,0.0,541000.0,541000.0,0.0,16798050000.0,16798050000.0,541000.0,541000.0,29050.0,29050.0,28550.0,28700.0,28770.0,HSX_FOREIGN_API,HOSE_SYMBOL_LEVEL,VND,2026-08-25T04:25:44Z,ff_hsx_symbol_daily_v1,00b3367f62e6c8b63d881c3109e6fb5971af155fdbdddacdad3abc65901d0198
2023-01-31,TCB,HOSE,6140000000.0,6140000000.0,0.0,200000.0,200000.0,0.0,6140000000.0,6140000000.0,200000.0,200000.0,28650.0,29400.0,28050.0,29400.0,28420.0,HSX_FOREIGN_API,HOSE_SYMBOL_LEVEL,VND,2026-08-25T04:25:44Z,ff_hsx_symbol_daily_v1,14422b5da9d084fb6f67b2538e9b3576e57d12ddd8d13bc63694383012252bb0
2023-02-01,TCB,HOSE,27361500000.0,27361500000.0,0.0,870000.0,870000.0,0.0,27361500000.0,27361500000.0,870000.0,870000.0,29500.0,29500.0,28000.0,28200.0,28860.0,HSX_FOREIGN_API,HOSE_SYMBOL_LEVEL,VND,2026-08-25T04:25:44Z,ff_hsx_symbol_daily_v1,796734c6125497348d4707b020ffc02123ddbec911ce2a38a2a61128224eadef
2023-02-02,TCB,HOSE,0.0,0.0,0.0,0.0,0.0,0.0,0.0,0.0,0.0,0.0,28200.0,28400.0,27600.0,28000.0,28080.0,HSX_FOREIGN_API,HOSE_SYMBOL_LEVEL,VND,2026-08-25T04:25:44Z,ff_hsx_symbol_daily_v1,6441ee3a091707ac7d86c23148b0ef4546edcf16159d2fa22043dfde72ad2053
2023-02-03,TCB,HOSE,0.0,0.0,0.0,0.0,0.0,0.0,0.0,0.0,0.0,0.0,28100.0,28200.0,27100.0,27100.0,27470.0,HSX_FOREIGN_API,HOSE_SYMBOL_LEVEL,VND,2026-08-25T04:25:44Z,ff_hsx_symbol_daily_v1,c8e5a58640dd904e4d67b21e3d90ec40993dc9eefbe8a6f9cffb986b02330027
2023-02-06,TCB,HOSE,0.0,0.0,0.0,0.0,0.0,0.0,0.0,0.0,0.0,0.0,27100.0,28000.0,27050.0,27950.0,27570.0,HSX_FOREIGN_API,HOSE_SYMBOL_LEVEL,VND,2026-08-25T04:25:44Z,ff_hsx_symbol_daily_v1,f1b4401c3f8a81c53d4b80b19866b7537910da5c2975649d1d7d91cd959046d4
2023-02-07,TCB,HOSE,7475000000.0,7475000000.0,0.0,250000.0,250000.0,0.0,7475000000.0,7475000000.0,250000.0,250000.0,27950.0,28050.0,27400.0,27400.0,27740.0,HSX_FOREIGN_API,HOSE_SYMBOL_LEVEL,VND,2026-08-25T04:25:44Z,ff_hsx_symbol_daily_v1,5ca044a5851412099eb514618b71cbf559fc49e96b6c952ca4228666b517a5a5
2023-02-08,TCB,HOSE,7325000000.0,7325000000.0,0.0,250000.0,250000.0,0.0,7325000000.0,7325000000.0,250000.0,250000.0,27500.0,27950.0,27400.0,27850.0,27640.0,HSX_FOREIGN_API,HOSE_SYMBOL_LEVEL,VND,2026-08-25T04:25:44Z,ff_hsx_symbol_daily_v1,ffcc3616ab791c17d8b574d25dca025ed2d8ce0633fe69dea02b3923a133d42e
2023-02-09,TCB,HOSE,5950000000.0,5950000000.0,0.0,200000.0,200000.0,0.0,5950000000.0,5950000000.0,200000.0,200000.0,27700.0,27850.0,27300.0,27300.0,27640.0,HSX_FOREIGN_API,HOSE_SYMBOL_LEVEL,VND,2026-08-25T04:25:44Z,ff_hsx_symbol_daily_v1,d3a11507af4befde3d898f48f0996bce7c826505e3f75cfc5ec859d285e3b058
2023-02-10,TCB,HOSE,0.0,0.0,0.0,0.0,0.0,0.0,0.0,0.0,0.0,0.0,27350.0,27500.0,26900.0,26950.0,27150.0,HSX_FOREIGN_API,HOSE_SYMBOL_LEVEL,VND,2026-08-25T04:25:44Z,ff_hsx_symbol_daily_v1,364a200a09dfa4323cf9cf99442c9782039a437123bdfe01540299e5ad6703a7
2023-02-13,TCB,HOSE,10080000000.0,10080000000.0,0.0,350000.0,350000.0,0.0,10080000000.0,10080000000.0,350000.0,350000.0,26850.0,26900.0,26350.0,26600.0,26590.0,HSX_FOREIGN_API,HOSE_SYMBOL_LEVEL,VND,2026-08-25T04:25:44Z,ff_hsx_symbol_daily_v1,968762b034d8b6e534d961d2bc2a266fd921e11eebcf74230c7b56259bc12b0f
2023-02-14,TCB,HOSE,9388500000.0,9388500000.0,0.0,330000.0,330000.0,0.0,9388500000.0,9388500000.0,330000.0,330000.0,26500.0,27400.0,26500.0,26850.0,26860.0,HSX_FOREIGN_API,HOSE_SYMBOL_LEVEL,VND,2026-08-25T04:25:44Z,ff_hsx_symbol_daily_v1,da690c2f5ab919c3435bf0819691df002850166bc4d1a5394576fbab35838c66
2023-02-15,TCB,HOSE,0.0,0.0,0.0,0.0,0.0,0.0,0.0,0.0,0.0,0.0,26850.0,27600.0,26600.0,27400.0,27310.0,HSX_FOREIGN_API,HOSE_SYMBOL_LEVEL,VND,2026-08-25T04:25:44Z,ff_hsx_symbol_daily_v1,f0c0d109fe9181a38a4af49c1fb23ca7959d967d175b0feaca27707ec863ffc0
2023-02-16,TCB,HOSE,0.0,0.0,0.0,0.0,0.0,0.0,0.0,0.0,0.0,0.0,27600.0,27900.0,27200.0,27900.0,27610.0,HSX_FOREIGN_API,HOSE_SYMBOL_LEVEL,VND,2026-08-25T04:25:44Z,ff_hsx_symbol_daily_v1,e3c7845c36793eada9810e93f9143418569194777e065dcb7aaba9eb6bb14670
2023-02-17,TCB,HOSE,14925000000.0,14925000000.0,0.0,500000.0,500000.0,0.0,14925000000.0,14925000000.0,500000.0,500000.0,27750.0,27800.0,27500.0,27800.0,27670.0,HSX_FOREIGN_API,HOSE_SYMBOL_LEVEL,VND,2026-08-25T04:25:44Z,ff_hsx_symbol_daily_v1,cde05ff95b33dd3fbf897682bcaa03aef3f4650ad1dc8ee20ffd63c1bbcc38c8
2023-02-20,TCB,HOSE,39610890000.0,39610890000.0,0.0,1333700.0,1333700.0,0.0,39610890000.0,39610890000.0,1333700.0,1333700.0,27750.0,28600.0,27700.0,28600.0,28170.0,HSX_FOREIGN_API,HOSE_SYMBOL_LEVEL,VND,2026-08-25T04:25:44Z,ff_hsx_symbol_daily_v1,c14b8f3ec5b3866c79516c79c0d0db0bb5d9df828ef243bf68188c5e8297508d
2023-02-21,TCB,HOSE,40698000000.0,40698000000.0,0.0,1330000.0,1330000.0,0.0,40698000000.0,40698000000.0,1330000.0,1330000.0,28600.0,28950.0,28350.0,28400.0,28560.0,HSX_FOREIGN_API,HOSE_SYMBOL_LEVEL,VND,2026-08-25T04:25:44Z,ff_hsx_symbol_daily_v1,95a9679c7ce2296f7facced6136e7fabc81855836e5e15760f5ba32c27e8bd84
2023-02-22,TCB,HOSE,97120000000.0,97120000000.0,0.0,3200000.0,3200000.0,0.0,97120000000.0,97120000000.0,3200000.0,3200000.0,28050.0,28150.0,27500.0,27500.0,27860.0,HSX_FOREIGN_API,HOSE_SYMBOL_LEVEL,VND,2026-08-25T04:25:44Z,ff_hsx_symbol_daily_v1,39006d14230d03c5dc84109f8401e9d74ef2aafbf4c30ad9e0c3afc4ba1a4e5c
2023-02-23,TCB,HOSE,66150000000.0,66150000000.0,0.0,2250000.0,2250000.0,0.0,66150000000.0,66150000000.0,2250000.0,2250000.0,27500.0,27950.0,27000.0,27950.0,27260.0,HSX_FOREIGN_API,HOSE_SYMBOL_LEVEL,VND,2026-08-25T04:25:44Z,ff_hsx_symbol_daily_v1,3787a90d4505f24d2d8c2ac6e3b71bea57ed9fc62c539ef5ed7cbaab094f62eb
2023-02-24,TCB,HOSE,84461520000.0,84461520000.0,0.0,2824800.0,2824800.0,0.0,84461520000.0,84461520000.0,2824800.0,2824800.0,27950.0,27950.0,27150.0,27250.0,27350.0,HSX_FOREIGN_API,HOSE_SYMBOL_LEVEL,VND,2026-08-25T04:25:44Z,ff_hsx_symbol_daily_v1,73836a9a539e96d87307ade27dde9293e7112689a4239f9152266c3c327f3600
2023-02-27,TCB,HOSE,131320750000.0,131320750000.0,0.0,4505000.0,4505000.0,0.0,131320750000.0,131320750000.0,4505000.0,4505000.0,27200.0,27200.0,26600.0,27000.0,26840.0,HSX_FOREIGN_API,HOSE_SYMBOL_LEVEL,VND,2026-08-25T04:25:44Z,ff_hsx_symbol_daily_v1,6d00f0f9df65770a928309ed2e1e63902ba913c2edded41cdaceb2422add14e1
2023-02-28,TCB,HOSE,35690335000.0,35690335000.0,0.0,1237100.0,1237100.0,0.0,35690335000.0,35690335000.0,1237100.0,1237100.0,27000.0,27200.0,26500.0,26500.0,26850.0,HSX_FOREIGN_API,HOSE_SYMBOL_LEVEL,VND,2026-08-25T04:25:44Z,ff_hsx_symbol_daily_v1,7f684acc2f6d32e6cbd0408ae1ea2333e9b19fa5455c5b2fbb57159d1e877be6
2023-03-01,TCB,HOSE,0.0,0.0,0.0,0.0,0.0,0.0,0.0,0.0,0.0,0.0,26200.0,27350.0,26050.0,27300.0,26790.0,HSX_FOREIGN_API,HOSE_SYMBOL_LEVEL,VND,2026-08-25T04:25:44Z,ff_hsx_symbol_daily_v1,c153e7a92f949134bcef57897f70885a64d1820c395e401d4b5f7758ff7fa173
2023-03-02,TCB,HOSE,0.0,0.0,0.0,0.0,0.0,0.0,0.0,0.0,0.0,0.0,27550.0,27600.0,27000.0,27200.0,27240.0,HSX_FOREIGN_API,HOSE_SYMBOL_LEVEL,VND,2026-08-25T04:25:44Z,ff_hsx_symbol_daily_v1,2459abf7e01b43b72848be48bad9a06ce1af01c788493e6a7101a70ab90d7013
2023-03-03,TCB,HOSE,890460000.0,890460000.0,0.0,30600.0,30600.0,0.0,890460000.0,890460000.0,30600.0,30600.0,27200.0,27350.0,26550.0,26800.0,26790.0,HSX_FOREIGN_API,HOSE_SYMBOL_LEVEL,VND,2026-08-25T04:25:44Z,ff_hsx_symbol_daily_v1,1f081239dc3d21363071b8dc082bab14017098b9a914695bd58022dfec2ef138
2023-03-06,TCB,HOSE,2865000000.0,2865000000.0,0.0,100000.0,100000.0,0.0,2865000000.0,2865000000.0,100000.0,100000.0,27000.0,27450.0,26700.0,27200.0,27180.0,HSX_FOREIGN_API,HOSE_SYMBOL_LEVEL,VND,2026-08-25T04:25:44Z,ff_hsx_symbol_daily_v1,809648ce81f63e19acf014aa3b324b70414b7144beb23325e06a1b49dc185d31
2023-03-07,TCB,HOSE,0.0,0.0,0.0,0.0,0.0,0.0,0.0,0.0,0.0,0.0,27200.0,27500.0,27050.0,27100.0,27320.0,HSX_FOREIGN_API,HOSE_SYMBOL_LEVEL,VND,2026-08-25T04:25:44Z,ff_hsx_symbol_daily_v1,f60e9d2b4531770d2eb3d5e2a1dabac4fdc2400a3bd26f787e5d8b5afed400d2
2023-03-08,TCB,HOSE,0.0,0.0,0.0,0.0,0.0,0.0,0.0,0.0,0.0,0.0,26900.0,27400.0,26800.0,27300.0,27000.0,HSX_FOREIGN_API,HOSE_SYMBOL_LEVEL,VND,2026-08-25T04:25:44Z,ff_hsx_symbol_daily_v1,42087bec7109049c517ba95bed257bbaea77350750ca20408ff320f5ff48603d
2023-03-09,TCB,HOSE,8760000000.0,8760000000.0,0.0,300000.0,300000.0,0.0,8760000000.0,8760000000.0,300000.0,300000.0,27500.0,27850.0,27200.0,27800.0,27490.0,HSX_FOREIGN_API,HOSE_SYMBOL_LEVEL,VND,2026-08-25T04:25:44Z,ff_hsx_symbol_daily_v1,7f61da8904246a3f8e059b0c45342852347d95d6ba02aadb46bebeb841dd53e1
2023-03-10,TCB,HOSE,0.0,0.0,0.0,0.0,0.0,0.0,0.0,0.0,0.0,0.0,27500.0,27600.0,27000.0,27150.0,27270.0,HSX_FOREIGN_API,HOSE_SYMBOL_LEVEL,VND,2026-08-25T04:25:44Z,ff_hsx_symbol_daily_v1,14ca295edbf2230670260603e1374e1fe7e7a072b285ef421ec0dd6b32c47896
2023-03-13,TCB,HOSE,127209950000.0,127209950000.0,0.0,4379000.0,4379000.0,0.0,127209950000.0,127209950000.0,4379000.0,4379000.0,26550.0,26950.0,26550.0,26750.0,26800.0,HSX_FOREIGN_API,HOSE_SYMBOL_LEVEL,VND,2026-08-25T04:25:44Z,ff_hsx_symbol_daily_v1,a801842777af7ece3b16bd0bc48e9fa2dc592ee5e7e607d3e8577d0767b47203
2023-03-14,TCB,HOSE,35109360000.0,35109360000.0,0.0,1227600.0,1227600.0,0.0,35109360000.0,35109360000.0,1227600.0,1227600.0,26650.0,26750.0,26300.0,26300.0,26560.0,HSX_FOREIGN_API,HOSE_SYMBOL_LEVEL,VND,2026-08-25T04:25:44Z,ff_hsx_symbol_daily_v1,fc5b90da0a343fbe1020aeb10f89ee0ef427e0fba86239fe9c40af831cce372c
2023-03-15,TCB,HOSE,0.0,0.0,0.0,0.0,0.0,0.0,0.0,0.0,0.0,0.0,26800.0,27400.0,26800.0,27200.0,27100.0,HSX_FOREIGN_API,HOSE_SYMBOL_LEVEL,VND,2026-08-25T04:25:44Z,ff_hsx_symbol_daily_v1,b782f5bf560d7f0d3c7473411c2ddc3c4a69f7c3b02a90b28a74b6875c5f84cf
2023-03-16,TCB,HOSE,0.0,0.0,0.0,0.0,0.0,0.0,0.0,0.0,0.0,0.0,26900.0,26950.0,26350.0,26750.0,26690.0,HSX_FOREIGN_API,HOSE_SYMBOL_LEVEL,VND,2026-08-25T04:25:44Z,ff_hsx_symbol_daily_v1,078b953856017aa3e7b7b8c19269c0fde302749810a535d42bd911eaa6eae5a2
2023-03-17,TCB,HOSE,9415120000.0,9415120000.0,0.0,329200.0,329200.0,0.0,9415120000.0,9415120000.0,329200.0,329200.0,26800.0,27100.0,26600.0,26650.0,26810.0,HSX_FOREIGN_API,HOSE_SYMBOL_LEVEL,VND,2026-08-25T04:25:44Z,ff_hsx_symbol_daily_v1,3682cca59258db6da9aecf47a197fe90009262f6034bc6a710b3c6cc8e7324d5
2023-03-20,TCB,HOSE,44069550000.0,44069550000.0,0.0,1546300.0,1546300.0,0.0,44069550000.0,44069550000.0,1546300.0,1546300.0,26500.0,26600.0,26250.0,26250.0,26410.0,HSX_FOREIGN_API,HOSE_SYMBOL_LEVEL,VND,2026-08-25T04:25:44Z,ff_hsx_symbol_daily_v1,07a44b46e9d3bde18b03b55b1fa15ca4add814bbea96d57629a34a5ae299980b
2023-03-21,TCB,HOSE,25200120000.0,25200120000.0,0.0,898400.0,898400.0,0.0,25200120000.0,25200120000.0,898400.0,898400.0,26500.0,26600.0,26100.0,26350.0,26320.0,HSX_FOREIGN_API,HOSE_SYMBOL_LEVEL,VND,2026-08-25T04:25:44Z,ff_hsx_symbol_daily_v1,176f1f869c5e771ea0962680a8ec22e1a1de5557a5d4fd303ee2938e704e375f
2023-03-22,TCB,HOSE,0.0,0.0,0.0,0.0,0.0,0.0,0.0,0.0,0.0,0.0,26450.0,26600.0,26200.0,26200.0,26390.0,HSX_FOREIGN_API,HOSE_SYMBOL_LEVEL,VND,2026-08-25T04:25:44Z,ff_hsx_symbol_daily_v1,094bc648446a748e0d684ea957b97ab04aeb7434a56ad197e5f13d3381c23a56
2023-03-23,TCB,HOSE,28000000000.0,28000000000.0,0.0,1000000.0,1000000.0,0.0,28000000000.0,28000000000.0,1000000.0,1000000.0,26200.0,26350.0,25850.0,26200.0,26070.0,HSX_FOREIGN_API,HOSE_SYMBOL_LEVEL,VND,2026-08-25T04:25:44Z,ff_hsx_symbol_daily_v1,174136a8fb1746bf79d58cd023033c2c278670adeea5ae061ade991bf7a53883
2023-03-24,TCB,HOSE,91510720000.0,91510720000.0,0.0,3268240.0,3268240.0,0.0,91510720000.0,91510720000.0,3268240.0,3268240.0,26400.0,26700.0,26300.0,26450.0,26550.0,HSX_FOREIGN_API,HOSE_SYMBOL_LEVEL,VND,2026-08-25T04:25:44Z,ff_hsx_symbol_daily_v1,f467564465455f5b13ce23539d429df0ad5e184278055bad981d658452cc0e11
2023-03-27,TCB,HOSE,0.0,0.0,0.0,0.0,0.0,0.0,0.0,0.0,0.0,0.0,26450.0,26700.0,26350.0,26500.0,26520.0,HSX_FOREIGN_API,HOSE_SYMBOL_LEVEL,VND,2026-08-25T04:25:44Z,ff_hsx_symbol_daily_v1,fba1e856afd5156cded2840cbbf9e70d51aa19c51c4478cf58d1f2284372fd55
2023-03-28,TCB,HOSE,52974810000.0,53384060000.0,-409250000.0,1868600.0,1883600.0,-15000.0,52974810000.0,52974810000.0,1868600.0,1868600.0,26700.0,27700.0,26700.0,27550.0,27420.0,HSX_FOREIGN_API,HOSE_SYMBOL_LEVEL,VND,2026-08-25T04:25:44Z,ff_hsx_symbol_daily_v1,3f22656b102683444dc49533be2360af8fd83b6ade13dda8fd0040874ba9b5f3
2023-03-29,TCB,HOSE,4261415000.0,4261415000.0,0.0,144700.0,144700.0,0.0,4261415000.0,4261415000.0,144700.0,144700.0,27550.0,28300.0,27500.0,28000.0,28060.0,HSX_FOREIGN_API,HOSE_SYMBOL_LEVEL,VND,2026-08-25T04:25:44Z,ff_hsx_symbol_daily_v1,62f700b50febc51bde2df259f156047107386123adb45338dfdcbcd6679a43c0
2023-03-30,TCB,HOSE,13914770000.0,13915758350.0,-988350.0,464600.0,464633.0,-33.0,13914770000.0,13915758350.0,464600.0,464633.0,28350.0,28500.0,27700.0,27700.0,28080.0,HSX_FOREIGN_API,HOSE_SYMBOL_LEVEL,VND,2026-08-25T04:25:44Z,ff_hsx_symbol_daily_v1,9079918104c7454fc37f209d93f79d1868295f1d4451672b9c3a257b419bd000
2023-03-31,TCB,HOSE,21625400000.0,21208400000.0,417000000.0,731500.0,716500.0,15000.0,21208400000.0,21208400000.0,716500.0,716500.0,27800.0,28400.0,27800.0,28350.0,28250.0,HSX_FOREIGN_API,HOSE_SYMBOL_LEVEL,VND,2026-08-25T04:25:44Z,ff_hsx_symbol_daily_v1,6819317cc90de6fc19c2d1af2eaf84c663fc873046d809590e57ddbe6817aed0
2023-04-03,TCB,HOSE,98165940000.0,98165940000.0,0.0,3239800.0,3239800.0,0.0,98165940000.0,98165940000.0,3239800.0,3239800.0,29000.0,29350.0,28700.0,29300.0,29170.0,HSX_FOREIGN_API,HOSE_SYMBOL_LEVEL,VND,2026-08-25T04:25:44Z,ff_hsx_symbol_daily_v1,ae4b354f61bf6aef7bed700037cb254cd1728e8748184817eaa5d201f0ffbbb0
2023-04-04,TCB,HOSE,17143214550.0,17142180000.0,1034550.0,546833.0,546800.0,33.0,17142180000.0,17142180000.0,546800.0,546800.0,29300.0,29500.0,29050.0,29500.0,29370.0,HSX_FOREIGN_API,HOSE_SYMBOL_LEVEL,VND,2026-08-25T04:25:44Z,ff_hsx_symbol_daily_v1,6906deb5bf6a6e344b85fdcbc59fd28bcf9344c9b3c945e656cda71d2bdce46c
2023-04-05,TCB,HOSE,0.0,0.0,0.0,0.0,0.0,0.0,0.0,0.0,0.0,0.0,29400.0,29600.0,29200.0,29500.0,29370.0,HSX_FOREIGN_API,HOSE_SYMBOL_LEVEL,VND,2026-08-25T04:25:44Z,ff_hsx_symbol_daily_v1,cb7bd0be3df52e58e7df808f56ff8a5c78ff135d40a7f717cc03d6a90456500a
2023-04-06,TCB,HOSE,0.0,147750000.0,-147750000.0,0.0,5000.0,-5000.0,0.0,0.0,0.0,0.0,29350.0,30200.0,29350.0,29600.0,29770.0,HSX_FOREIGN_API,HOSE_SYMBOL_LEVEL,VND,2026-08-25T04:25:44Z,ff_hsx_symbol_daily_v1,dac0eb8b2f11c6758be2b9757c4cffaaf67d15af669ba0626cb5cfa006fefecb
2023-04-07,TCB,HOSE,33685095000.0,33685095000.0,0.0,1064300.0,1064300.0,0.0,33685095000.0,33685095000.0,1064300.0,1064300.0,29650.0,29700.0,29400.0,29550.0,29540.0,HSX_FOREIGN_API,HOSE_SYMBOL_LEVEL,VND,2026-08-25T04:25:44Z,ff_hsx_symbol_daily_v1,0535acd4164525cc958401d3da375234a2e9520a999b49ea0f030eabe80a5121
2023-04-10,TCB,HOSE,0.0,0.0,0.0,0.0,0.0,0.0,0.0,0.0,0.0,0.0,29650.0,30800.0,29600.0,30200.0,30270.0,HSX_FOREIGN_API,HOSE_SYMBOL_LEVEL,VND,2026-08-25T04:25:44Z,ff_hsx_symbol_daily_v1,b932b4821cecc885e7f2f6af15dad7c4f3d092e70a3b5d93fcfb2920876b0f35
2023-04-11,TCB,HOSE,16301000000.0,16150000000.0,151000000.0,505000.0,500000.0,5000.0,16150000000.0,16150000000.0,500000.0,500000.0,30200.0,30400.0,29600.0,30400.0,29960.0,HSX_FOREIGN_API,HOSE_SYMBOL_LEVEL,VND,2026-08-25T04:25:44Z,ff_hsx_symbol_daily_v1,11a125b4809c2486dfec3dc18120d043cf3d2331fbfd47b12268ab3acdf7c0cd
2023-04-12,TCB,HOSE,0.0,0.0,0.0,0.0,0.0,0.0,0.0,0.0,0.0,0.0,30400.0,30950.0,30100.0,30700.0,30580.0,HSX_FOREIGN_API,HOSE_SYMBOL_LEVEL,VND,2026-08-25T04:25:44Z,ff_hsx_symbol_daily_v1,7c48b224cb236d7ccad171e38a7b000038001a2cb6f7f2ea724420ee196ecfff
2023-04-13,TCB,HOSE,0.0,0.0,0.0,0.0,0.0,0.0,0.0,0.0,0.0,0.0,30600.0,30950.0,30200.0,30200.0,30510.0,HSX_FOREIGN_API,HOSE_SYMBOL_LEVEL,VND,2026-08-25T04:25:44Z,ff_hsx_symbol_daily_v1,7efe81ffcf777ebb8868c3de73c7d134732f3db1225e783f5b39ff17a8cd2a96
2023-04-14,TCB,HOSE,35972510000.0,35972510000.0,0.0,1113700.0,1113700.0,0.0,35972510000.0,35972510000.0,1113700.0,1113700.0,30200.0,30400.0,28900.0,28900.0,29400.0,HSX_FOREIGN_API,HOSE_SYMBOL_LEVEL,VND,2026-08-25T04:25:44Z,ff_hsx_symbol_daily_v1,fb9f5463bcc6142585053b1313cc141eec5b4abde11c5e10ca5f803f64cfa54b
2023-04-17,TCB,HOSE,0.0,0.0,0.0,0.0,0.0,0.0,0.0,0.0,0.0,0.0,29000.0,29450.0,28750.0,29450.0,29130.0,HSX_FOREIGN_API,HOSE_SYMBOL_LEVEL,VND,2026-08-25T04:25:44Z,ff_hsx_symbol_daily_v1,b68760168f01d765559514fc71b7e17a28a105f74bc8c8ac21587411fcad0078
2023-04-18,TCB,HOSE,41847750000.0,41847750000.0,0.0,1328500.0,1328500.0,0.0,41847750000.0,41847750000.0,1328500.0,1328500.0,29400.0,29400.0,28900.0,29150.0,29120.0,HSX_FOREIGN_API,HOSE_SYMBOL_LEVEL,VND,2026-08-25T04:25:44Z,ff_hsx_symbol_daily_v1,fd1118855b392567a755510ee7d01818a6b706c4e15c736422595f0be6cbc1ec
2023-04-19,TCB,HOSE,0.0,0.0,0.0,0.0,0.0,0.0,0.0,0.0,0.0,0.0,29200.0,29400.0,29000.0,29000.0,29160.0,HSX_FOREIGN_API,HOSE_SYMBOL_LEVEL,VND,2026-08-25T04:25:44Z,ff_hsx_symbol_daily_v1,863f371c35d69724dfe35a17805c2e7dd0441b1bdcd414a55f0b6a0ff607071e
2023-04-20,TCB,HOSE,0.0,0.0,0.0,0.0,0.0,0.0,0.0,0.0,0.0,0.0,28900.0,29000.0,28550.0,28850.0,28790.0,HSX_FOREIGN_API,HOSE_SYMBOL_LEVEL,VND,2026-08-25T04:25:44Z,ff_hsx_symbol_daily_v1,eef50facebd0c2a4c3297e3257c026a60a83b0f1faae9e1e94e4f9f8cd5c8b03
2023-04-21,TCB,HOSE,0.0,43200000.0,-43200000.0,0.0,1500.0,-1500.0,0.0,0.0,0.0,0.0,29000.0,29000.0,28700.0,28700.0,28830.0,HSX_FOREIGN_API,HOSE_SYMBOL_LEVEL,VND,2026-08-25T04:25:44Z,ff_hsx_symbol_daily_v1,11792aa9e16f5f17cdc947450285abcebaa88d6151d049bd0b02920c97b4ff18
2023-04-24,TCB,HOSE,0.0,0.0,0.0,0.0,0.0,0.0,0.0,0.0,0.0,0.0,28700.0,29750.0,28650.0,29500.0,29330.0,HSX_FOREIGN_API,HOSE_SYMBOL_LEVEL,VND,2026-08-25T04:25:44Z,ff_hsx_symbol_daily_v1,bc698acae344652ef97a40c9d15af23fa50ef971d20de4af503da1613716b8dd
2023-04-25,TCB,HOSE,0.0,0.0,0.0,0.0,0.0,0.0,0.0,0.0,0.0,0.0,29650.0,29850.0,29000.0,29000.0,29430.0,HSX_FOREIGN_API,HOSE_SYMBOL_LEVEL,VND,2026-08-25T04:25:44Z,ff_hsx_symbol_daily_v1,e9e11ba4b08803fbb97e7889baba326baf8bd51f9c5017d69871d38183d8a1e5
2023-04-26,TCB,HOSE,0.0,0.0,0.0,0.0,0.0,0.0,0.0,0.0,0.0,0.0,29200.0,30000.0,28850.0,30000.0,29410.0,HSX_FOREIGN_API,HOSE_SYMBOL_LEVEL,VND,2026-08-25T04:25:44Z,ff_hsx_symbol_daily_v1,fb50a782e2f16aeb919052e9b387d63c3b5a30d2f51f0bd0bf07c86e2742c51d
2023-04-27,TCB,HOSE,0.0,0.0,0.0,0.0,0.0,0.0,0.0,0.0,0.0,0.0,30200.0,30200.0,29850.0,29900.0,29990.0,HSX_FOREIGN_API,HOSE_SYMBOL_LEVEL,VND,2026-08-25T04:25:44Z,ff_hsx_symbol_daily_v1,8df37af7f669c85e2092fa2705514d374c7ddf4ca85201e58aed6b98057da3cc
2023-04-28,TCB,HOSE,7987500000.0,7987500000.0,0.0,250000.0,250000.0,0.0,7987500000.0,7987500000.0,250000.0,250000.0,29950.0,29950.0,29500.0,29500.0,29740.0,HSX_FOREIGN_API,HOSE_SYMBOL_LEVEL,VND,2026-08-25T04:25:44Z,ff_hsx_symbol_daily_v1,3c87034fa29866f0adedbe93ae63c59a8c00220e6577542c684bfb2ff6c22136
2023-05-04,TCB,HOSE,0.0,0.0,0.0,0.0,0.0,0.0,0.0,0.0,0.0,0.0,29500.0,29500.0,28900.0,29050.0,29220.0,HSX_FOREIGN_API,HOSE_SYMBOL_LEVEL,VND,2026-08-25T04:25:44Z,ff_hsx_symbol_daily_v1,d1ec59c1c6a76de67e30e6008ee756ccdc5352e3be40163ca73ee03073314ee5
2023-05-05,TCB,HOSE,1946835000.0,1946835000.0,0.0,62700.0,62700.0,0.0,1946835000.0,1946835000.0,62700.0,62700.0,29050.0,29200.0,28450.0,28700.0,28750.0,HSX_FOREIGN_API,HOSE_SYMBOL_LEVEL,VND,2026-08-25T04:25:44Z,ff_hsx_symbol_daily_v1,8dc3b6a27ee05cdd6771ac2e2fc82be7f6d0487c3deb61608fef97c712d9b78e
2023-05-08,TCB,HOSE,0.0,0.0,0.0,0.0,0.0,0.0,0.0,0.0,0.0,0.0,28900.0,29400.0,28700.0,29400.0,28960.0,HSX_FOREIGN_API,HOSE_SYMBOL_LEVEL,VND,2026-08-25T04:25:44Z,ff_hsx_symbol_daily_v1,d8f141f86b470aec6704c5a35fd66d7138dea24d90e1b19b2a458fd9d5d5cceb
2023-05-09,TCB,HOSE,0.0,0.0,0.0,0.0,0.0,0.0,0.0,0.0,0.0,0.0,29450.0,29500.0,29050.0,29300.0,29190.0,HSX_FOREIGN_API,HOSE_SYMBOL_LEVEL,VND,2026-08-25T04:25:44Z,ff_hsx_symbol_daily_v1,378a8955c90d126982cf5fddf8835168d4904fb569ebbdc6005c685852435c9f
2023-05-10,TCB,HOSE,0.0,0.0,0.0,0.0,0.0,0.0,0.0,0.0,0.0,0.0,29350.0,29400.0,29100.0,29300.0,29240.0,HSX_FOREIGN_API,HOSE_SYMBOL_LEVEL,VND,2026-08-25T04:25:44Z,ff_hsx_symbol_daily_v1,b1f34a28d37be3cd07b192a59259cb7c47bc18fc465dc6689f2858115a71da19
2023-05-11,TCB,HOSE,0.0,0.0,0.0,0.0,0.0,0.0,0.0,0.0,0.0,0.0,29500.0,29500.0,29100.0,29100.0,29250.0,HSX_FOREIGN_API,HOSE_SYMBOL_LEVEL,VND,2026-08-25T04:25:44Z,ff_hsx_symbol_daily_v1,70544790ca16510736907e5c83e7ed5f2c6956dc42d3e99cb73b1ace36c63350
2023-05-12,TCB,HOSE,0.0,0.0,0.0,0.0,0.0,0.0,0.0,0.0,0.0,0.0,29100.0,29300.0,29000.0,29300.0,29130.0,HSX_FOREIGN_API,HOSE_SYMBOL_LEVEL,VND,2026-08-25T04:25:44Z,ff_hsx_symbol_daily_v1,a1f614d2e46d6705183b8c148ce95f3ec5d7f7a69c810ec93fca719ffcfa9f7d
2023-05-15,TCB,HOSE,38751735000.0,38751735000.0,0.0,1236100.0,1236100.0,0.0,38751735000.0,38751735000.0,1236100.0,1236100.0,29450.0,30150.0,29400.0,29900.0,29930.0,HSX_FOREIGN_API,HOSE_SYMBOL_LEVEL,VND,2026-08-25T04:25:44Z,ff_hsx_symbol_daily_v1,d76086addd4bdbf7b07b02962fa7b25d0ffc8b8513db5b3f2499a7c15fd784c8
2023-05-16,TCB,HOSE,63900000000.0,63900000000.0,0.0,2000000.0,2000000.0,0.0,63900000000.0,63900000000.0,2000000.0,2000000.0,30100.0,30100.0,29750.0,29800.0,29880.0,HSX_FOREIGN_API,HOSE_SYMBOL_LEVEL,VND,2026-08-25T04:25:44Z,ff_hsx_symbol_daily_v1,0195cc14397fe68eb72d4d72837ab2afc2cc553e23d744d290218017010188d2
2023-05-17,TCB,HOSE,63700000000.0,63700000000.0,0.0,2000000.0,2000000.0,0.0,63700000000.0,63700000000.0,2000000.0,2000000.0,29700.0,29900.0,29250.0,29250.0,29570.0,HSX_FOREIGN_API,HOSE_SYMBOL_LEVEL,VND,2026-08-25T04:25:44Z,ff_hsx_symbol_daily_v1,c2524a9bc1adbb3ec4043686ae9543bc2b72cd86744e288a595c82c42b09a875
2023-05-18,TCB,HOSE,86253125000.0,86253125000.0,0.0,2760100.0,2760100.0,0.0,86253125000.0,86253125000.0,2760100.0,2760100.0,29250.0,29700.0,29250.0,29550.0,29440.0,HSX_FOREIGN_API,HOSE_SYMBOL_LEVEL,VND,2026-08-25T04:25:44Z,ff_hsx_symbol_daily_v1,80f3cf38ff4bcf5b5497f492debb7fb0c246d6e5129ac84d3e9c35d22ff8a5c4
2023-05-19,TCB,HOSE,734162800.0,734162800.0,0.0,23233.0,23233.0,0.0,734162800.0,734162800.0,23233.0,23233.0,29550.0,29750.0,29250.0,29650.0,29480.0,HSX_FOREIGN_API,HOSE_SYMBOL_LEVEL,VND,2026-08-25T04:25:44Z,ff_hsx_symbol_daily_v1,16ab29325abd6d51f7f1f9b2f63f5e74cfe9e1bf65132f9b83c9e4bcedc393fe
2023-05-22,TCB,HOSE,0.0,0.0,0.0,0.0,0.0,0.0,0.0,0.0,0.0,0.0,29700.0,30600.0,29700.0,30500.0,30310.0,HSX_FOREIGN_API,HOSE_SYMBOL_LEVEL,VND,2026-08-25T04:25:44Z,ff_hsx_symbol_daily_v1,f13a4fcd3b6955d9513b915ca3e8e93428804f1b2d8d194a6d5bff564110e062
2023-05-23,TCB,HOSE,0.0,0.0,0.0,0.0,0.0,0.0,0.0,0.0,0.0,0.0,30700.0,30700.0,30000.0,30350.0,30350.0,HSX_FOREIGN_API,HOSE_SYMBOL_LEVEL,VND,2026-08-25T04:25:44Z,ff_hsx_symbol_daily_v1,3f88c11ae1c361776622f00c527d2de6ac761611f206e416fe16047addc0d86d
2023-05-24,TCB,HOSE,0.0,0.0,0.0,0.0,0.0,0.0,0.0,0.0,0.0,0.0,30400.0,30550.0,29750.0,29800.0,30070.0,HSX_FOREIGN_API,HOSE_SYMBOL_LEVEL,VND,2026-08-25T04:25:44Z,ff_hsx_symbol_daily_v1,4c7ffd8e604340c5840c90b1c51d8f63b755483c9d5efc04c3497e555a84eef2
2023-05-25,TCB,HOSE,0.0,0.0,0.0,0.0,0.0,0.0,0.0,0.0,0.0,0.0,29800.0,29900.0,29600.0,29800.0,29730.0,HSX_FOREIGN_API,HOSE_SYMBOL_LEVEL,VND,2026-08-25T04:25:44Z,ff_hsx_symbol_daily_v1,7e912f1dd02a5d0bbdd75c51673c3b086578ff9e9d5dbf244cce56baf3b402f3
2023-05-26,TCB,HOSE,0.0,0.0,0.0,0.0,0.0,0.0,0.0,0.0,0.0,0.0,29900.0,29950.0,29650.0,29900.0,29760.0,HSX_FOREIGN_API,HOSE_SYMBOL_LEVEL,VND,2026-08-25T04:25:44Z,ff_hsx_symbol_daily_v1,cd3587356ca1f4939b6b5aac3f06d1a9a8d10b2b95d588aa603cdaac295a8c6c
2023-05-29,TCB,HOSE,0.0,0.0,0.0,0.0,0.0,0.0,0.0,0.0,0.0,0.0,30000.0,30200.0,29800.0,30200.0,30010.0,HSX_FOREIGN_API,HOSE_SYMBOL_LEVEL,VND,2026-08-25T04:25:44Z,ff_hsx_symbol_daily_v1,a382c549c630711c6958f1a126fa01850a37a55408a597506520b0a83ee92d48
2023-05-30,TCB,HOSE,64600000000.0,64600000000.0,0.0,2000000.0,2000000.0,0.0,64600000000.0,64600000000.0,2000000.0,2000000.0,30400.0,30450.0,30000.0,30200.0,30140.0,HSX_FOREIGN_API,HOSE_SYMBOL_LEVEL,VND,2026-08-25T04:25:44Z,ff_hsx_symbol_daily_v1,7fd1bf304d6f62ba3ad94c7b56c04ff91930ead6453ef53b3d2fcfa6e49cabec
2023-05-31,TCB,HOSE,81799750000.0,81799750000.0,0.0,2532500.0,2532500.0,0.0,81799750000.0,81799750000.0,2532500.0,2532500.0,30200.0,30300.0,29900.0,29950.0,30010.0,HSX_FOREIGN_API,HOSE_SYMBOL_LEVEL,VND,2026-08-25T04:25:44Z,ff_hsx_symbol_daily_v1,47b6347af96977d466d23a47c22716bc0f59c228f8e25e465359ce9b8af0a991
2023-06-01,TCB,HOSE,192185600000.0,192185600000.0,0.0,6005800.0,6005800.0,0.0,192185600000.0,192185600000.0,6005800.0,6005800.0,30000.0,30300.0,29750.0,30300.0,30050.0,HSX_FOREIGN_API,HOSE_SYMBOL_LEVEL,VND,2026-08-25T04:25:44Z,ff_hsx_symbol_daily_v1,b81195b026d9f7267f07f3daf83267892cfbd691ee66d14d9ac4cbe96a21e310
2023-06-02,TCB,HOSE,238989916800.0,238989916800.0,0.0,7376232.0,7376232.0,0.0,238989916800.0,238989916800.0,7376232.0,7376232.0,30800.0,32200.0,30700.0,32200.0,31650.0,HSX_FOREIGN_API,HOSE_SYMBOL_LEVEL,VND,2026-08-25T04:25:44Z,ff_hsx_symbol_daily_v1,785b3f4925a428201b819e26a52744025d606a96864781c0164a63da24654679
2023-06-05,TCB,HOSE,8750300000.0,8750300000.0,0.0,254000.0,254000.0,0.0,8750300000.0,8750300000.0,254000.0,254000.0,32450.0,32800.0,31900.0,31900.0,32330.0,HSX_FOREIGN_API,HOSE_SYMBOL_LEVEL,VND,2026-08-25T04:25:44Z,ff_hsx_symbol_daily_v1,5d1cabf9d96a0be5fe49d67d9a0f6bdf9f0c8a02b0f54d54212c5adf5462088d
2023-06-06,TCB,HOSE,52367370000.0,52367370000.0,0.0,1535700.0,1535700.0,0.0,52367370000.0,52367370000.0,1535700.0,1535700.0,31900.0,32700.0,31750.0,32700.0,32260.0,HSX_FOREIGN_API,HOSE_SYMBOL_LEVEL,VND,2026-08-25T04:25:44Z,ff_hsx_symbol_daily_v1,96136730417a50c4998cce82bb0283e7eb59dcab044e535e7520fb89a8962468
2023-06-07,TCB,HOSE,71147715000.0,71147715000.0,0.0,2035700.0,2035700.0,0.0,71147715000.0,71147715000.0,2035700.0,2035700.0,32550.0,32750.0,32200.0,32600.0,32470.0,HSX_FOREIGN_API,HOSE_SYMBOL_LEVEL,VND,2026-08-25T04:25:44Z,ff_hsx_symbol_daily_v1,648049636d806f7b1322dcae4878e8b9a36c9bdbc17a2b3fc43daa1c68ae3e58
2023-06-08,TCB,HOSE,17126950000.0,17126950000.0,0.0,492000.0,492000.0,0.0,17126950000.0,17126950000.0,492000.0,492000.0,32700.0,32750.0,31750.0,31750.0,32270.0,HSX_FOREIGN_API,HOSE_SYMBOL_LEVEL,VND,2026-08-25T04:25:44Z,ff_hsx_symbol_daily_v1,03f3dc57a3440cfb25dd072d07f3722be2cba8387be00bbe7750cebc15600b11
2023-06-09,TCB,HOSE,0.0,0.0,0.0,0.0,0.0,0.0,0.0,0.0,0.0,0.0,31800.0,32500.0,31600.0,32400.0,32010.0,HSX_FOREIGN_API,HOSE_SYMBOL_LEVEL,VND,2026-08-25T04:25:44Z,ff_hsx_symbol_daily_v1,540d95b0e76e71955b40f52d8d5dbbd896cbd321f39f90fe4df79dbf566f9a27
2023-06-12,TCB,HOSE,4158000000.0,4158000000.0,0.0,120000.0,120000.0,0.0,4158000000.0,4158000000.0,120000.0,120000.0,32250.0,32850.0,31900.0,32700.0,32260.0,HSX_FOREIGN_API,HOSE_SYMBOL_LEVEL,VND,2026-08-25T04:25:44Z,ff_hsx_symbol_daily_v1,1af82117bf50a38f743c66622f43f3ebc85ec6ffd95fc11df2f03bd33aa3ff25
2023-06-13,TCB,HOSE,4470105000.0,4470105000.0,0.0,127900.0,127900.0,0.0,4470105000.0,4470105000.0,127900.0,127900.0,32700.0,32900.0,32400.0,32800.0,32670.0,HSX_FOREIGN_API,HOSE_SYMBOL_LEVEL,VND,2026-08-25T04:25:44Z,ff_hsx_symbol_daily_v1,9e8506f7fa326523680d7d6f91d56c01c1d57e4d70b73a931afcf4f44a92eec9
2023-06-14,TCB,HOSE,11822365000.0,11822365000.0,0.0,337300.0,337300.0,0.0,11822365000.0,11822365000.0,337300.0,337300.0,33000.0,33450.0,32550.0,32600.0,32980.0,HSX_FOREIGN_API,HOSE_SYMBOL_LEVEL,VND,2026-08-25T04:25:44Z,ff_hsx_symbol_daily_v1,a992698d7aaa281346378649e61575f55c619a6ae1ee524293f3384d42373b1c
2023-06-15,TCB,HOSE,3993810000.0,3993810000.0,0.0,114600.0,114600.0,0.0,3993810000.0,3993810000.0,114600.0,114600.0,32600.0,32900.0,32400.0,32650.0,32590.0,HSX_FOREIGN_API,HOSE_SYMBOL_LEVEL,VND,2026-08-25T04:25:44Z,ff_hsx_symbol_daily_v1,8079a68f1f321350eccca11584e85711937a9307f5256c7c68ad22f1b829a5ce
2023-06-16,TCB,HOSE,0.0,0.0,0.0,0.0,0.0,0.0,0.0,0.0,0.0,0.0,32650.0,33450.0,32500.0,32550.0,32940.0,HSX_FOREIGN_API,HOSE_SYMBOL_LEVEL,VND,2026-08-25T04:25:44Z,ff_hsx_symbol_daily_v1,0cee10266ebb11fc48de164b78e641e5c6a0f1e6ad3d589a504dbb4c4b8eb3b6
2023-06-19,TCB,HOSE,0.0,0.0,0.0,0.0,0.0,0.0,0.0,0.0,0.0,0.0,32550.0,32550.0,31950.0,32100.0,32160.0,HSX_FOREIGN_API,HOSE_SYMBOL_LEVEL,VND,2026-08-25T04:25:44Z,ff_hsx_symbol_daily_v1,004f2e449d24c1dd51b12dc2da24b664ca3edc6f2848d71ee60d69a88ceb1cc5
2023-06-20,TCB,HOSE,3323670000.0,3323670000.0,0.0,96900.0,96900.0,0.0,3323670000.0,3323670000.0,96900.0,96900.0,32200.0,32250.0,31950.0,32150.0,32090.0,HSX_FOREIGN_API,HOSE_SYMBOL_LEVEL,VND,2026-08-25T04:25:44Z,ff_hsx_symbol_daily_v1,18c9f2ef3d7ec690d4587b6a8e9f36cce30efacaa4e435f55a430fa5d2d9daf6
2023-06-21,TCB,HOSE,0.0,0.0,0.0,0.0,0.0,0.0,0.0,0.0,0.0,0.0,32150.0,32500.0,32100.0,32500.0,32310.0,HSX_FOREIGN_API,HOSE_SYMBOL_LEVEL,VND,2026-08-25T04:25:44Z,ff_hsx_symbol_daily_v1,74b294082d7c50f8f414eaae612edfa31514d161a062fff06c2a1368b9f75627
2023-06-22,TCB,HOSE,0.0,0.0,0.0,0.0,0.0,0.0,0.0,0.0,0.0,0.0,32900.0,33150.0,32600.0,32600.0,32870.0,HSX_FOREIGN_API,HOSE_SYMBOL_LEVEL,VND,2026-08-25T04:25:44Z,ff_hsx_symbol_daily_v1,2d54289dbf4acdad5c829167f0ded78ef5459190e73ab1a91ce6e4bfbdbbe93d
2023-06-23,TCB,HOSE,0.0,0.0,0.0,0.0,0.0,0.0,0.0,0.0,0.0,0.0,32650.0,33250.0,32550.0,32900.0,32900.0,HSX_FOREIGN_API,HOSE_SYMBOL_LEVEL,VND,2026-08-25T04:25:44Z,ff_hsx_symbol_daily_v1,ddc0cb49fa2c487f2b805614151af456517df841d0ec6e946e43ec9cf0991d7b
2023-06-26,TCB,HOSE,0.0,0.0,0.0,0.0,0.0,0.0,0.0,0.0,0.0,0.0,32900.0,33300.0,32550.0,33300.0,32850.0,HSX_FOREIGN_API,HOSE_SYMBOL_LEVEL,VND,2026-08-25T04:25:44Z,ff_hsx_symbol_daily_v1,9d3bc1c6a074f5332a1e6b9ffd79969c66a7fbf97c0bfa18e29f0b9005de958e
2023-06-27,TCB,HOSE,0.0,0.0,0.0,0.0,0.0,0.0,0.0,0.0,0.0,0.0,33300.0,33400.0,32900.0,32950.0,33080.0,HSX_FOREIGN_API,HOSE_SYMBOL_LEVEL,VND,2026-08-25T04:25:44Z,ff_hsx_symbol_daily_v1,afd06c8918c413a606f173d0e366a049213801491de385adfaf93dc1385063bd
2023-06-28,TCB,HOSE,0.0,0.0,0.0,0.0,0.0,0.0,0.0,0.0,0.0,0.0,32950.0,33300.0,32750.0,33300.0,32990.0,HSX_FOREIGN_API,HOSE_SYMBOL_LEVEL,VND,2026-08-25T04:25:44Z,ff_hsx_symbol_daily_v1,8d9611f9a032001127a3e4236272a9de8cbd9ced7e2ee6bc126855143c6376b1
2023-06-29,TCB,HOSE,879320000.0,879320000.0,0.0,24700.0,24700.0,0.0,879320000.0,879320000.0,24700.0,24700.0,33300.0,33400.0,32650.0,32650.0,32860.0,HSX_FOREIGN_API,HOSE_SYMBOL_LEVEL,VND,2026-08-25T04:25:44Z,ff_hsx_symbol_daily_v1,f3388b582bb4a3730925701d8c7d557ebe089164e2a54019c23824df304c8063
2023-06-30,TCB,HOSE,0.0,0.0,0.0,0.0,0.0,0.0,0.0,0.0,0.0,0.0,32650.0,32800.0,32350.0,32350.0,32540.0,HSX_FOREIGN_API,HOSE_SYMBOL_LEVEL,VND,2026-08-25T04:25:44Z,ff_hsx_symbol_daily_v1,1c2117102220e390bcdc476b0a0722ce180dd634689baeb89614be407bc3cc23
2023-07-03,TCB,HOSE,0.0,0.0,0.0,0.0,0.0,0.0,0.0,0.0,0.0,0.0,32700.0,32700.0,32000.0,32000.0,32190.0,HSX_FOREIGN_API,HOSE_SYMBOL_LEVEL,VND,2026-08-25T04:25:44Z,ff_hsx_symbol_daily_v1,86e994b565bc703dd5d3ecfe1f7815f8f27848d5bd23fe6115966f614dd5adbc
2023-07-04,TCB,HOSE,23940000000.0,23940000000.0,0.0,700000.0,700000.0,0.0,23940000000.0,23940000000.0,700000.0,700000.0,32000.0,32100.0,31850.0,32000.0,31920.0,HSX_FOREIGN_API,HOSE_SYMBOL_LEVEL,VND,2026-08-25T04:25:44Z,ff_hsx_symbol_daily_v1,6282e90e3ee9a6537c71007fcb4530cc2b197f7059fb47226dd6899142fca25a
2023-07-05,TCB,HOSE,17100000000.0,17100000000.0,0.0,500000.0,500000.0,0.0,17100000000.0,17100000000.0,500000.0,500000.0,32150.0,32400.0,31950.0,31950.0,32080.0,HSX_FOREIGN_API,HOSE_SYMBOL_LEVEL,VND,2026-08-25T04:25:44Z,ff_hsx_symbol_daily_v1,7642787fc1675617f4a121993284896e3947f5f781c281e72380226bcb9f68f7
2023-07-06,TCB,HOSE,10245000000.0,10245000000.0,0.0,300000.0,300000.0,0.0,10245000000.0,10245000000.0,300000.0,300000.0,31950.0,32050.0,31200.0,31550.0,31620.0,HSX_FOREIGN_API,HOSE_SYMBOL_LEVEL,VND,2026-08-25T04:25:44Z,ff_hsx_symbol_daily_v1,92dac80641cedcde410937876f94f00bb00efdfc8a714f5884a26e7df0351328
2023-07-07,TCB,HOSE,1748250000.0,1748250000.0,0.0,51800.0,51800.0,0.0,1748250000.0,1748250000.0,51800.0,51800.0,31500.0,31800.0,31300.0,31550.0,31480.0,HSX_FOREIGN_API,HOSE_SYMBOL_LEVEL,VND,2026-08-25T04:25:44Z,ff_hsx_symbol_daily_v1,b442a4e09754ad370ca8743bf92a9ec71546fd65371f807a983bc1e45eec4158
2023-07-10,TCB,HOSE,0.0,0.0,0.0,0.0,0.0,0.0,0.0,0.0,0.0,0.0,32000.0,32100.0,31700.0,32000.0,31920.0,HSX_FOREIGN_API,HOSE_SYMBOL_LEVEL,VND,2026-08-25T04:25:44Z,ff_hsx_symbol_daily_v1,1fc74630807bc8b0a90c1de3ec70f7463ff536bc076ef414f9ab97a028a22500
2023-07-11,TCB,HOSE,0.0,0.0,0.0,0.0,0.0,0.0,0.0,0.0,0.0,0.0,32200.0,32350.0,31950.0,31950.0,32120.0,HSX_FOREIGN_API,HOSE_SYMBOL_LEVEL,VND,2026-08-25T04:25:44Z,ff_hsx_symbol_daily_v1,ca41f8031506f3cfc1c5246ef33b72621a136ea006ab53109fd6b4198f223530
2023-07-12,TCB,HOSE,0.0,0.0,0.0,0.0,0.0,0.0,0.0,0.0,0.0,0.0,31900.0,32000.0,31600.0,31650.0,31740.0,HSX_FOREIGN_API,HOSE_SYMBOL_LEVEL,VND,2026-08-25T04:25:44Z,ff_hsx_symbol_daily_v1,351951f02cf407b70772768d8d6a11572af46764c17f1d8ce8bc5cf7b801255f
2023-07-13,TCB,HOSE,15232500000.0,15232500000.0,0.0,450000.0,450000.0,0.0,15232500000.0,15232500000.0,450000.0,450000.0,31700.0,32000.0,31650.0,31950.0,31840.0,HSX_FOREIGN_API,HOSE_SYMBOL_LEVEL,VND,2026-08-25T04:25:44Z,ff_hsx_symbol_daily_v1,97823ada469e07df1720a948b77d2b01b88e0d0ad344377ca78de4af6abfc826
2023-07-14,TCB,HOSE,0.0,0.0,0.0,0.0,0.0,0.0,0.0,0.0,0.0,0.0,32200.0,32200.0,31700.0,31950.0,31850.0,HSX_FOREIGN_API,HOSE_SYMBOL_LEVEL,VND,2026-08-25T04:25:44Z,ff_hsx_symbol_daily_v1,a9169d7b0894dae84cc7d3cc58e8cebe6ba6d4e62aab07093a6f91fddc346628
2023-07-17,TCB,HOSE,0.0,0.0,0.0,0.0,0.0,0.0,0.0,0.0,0.0,0.0,32100.0,32100.0,31800.0,31900.0,31910.0,HSX_FOREIGN_API,HOSE_SYMBOL_LEVEL,VND,2026-08-25T04:25:44Z,ff_hsx_symbol_daily_v1,e45fcefcf0612e4d60361f8360123b9fecabe1b33f7af229916e2501d17fd81b
2023-07-18,TCB,HOSE,1502718800.0,1502718800.0,0.0,44068.0,44068.0,0.0,1502718800.0,1502718800.0,44068.0,44068.0,31900.0,32300.0,31800.0,32300.0,32010.0,HSX_FOREIGN_API,HOSE_SYMBOL_LEVEL,VND,2026-08-25T04:25:44Z,ff_hsx_symbol_daily_v1,1b61e32a4b77c317617961946679c85fbae9af52c2ec1c75ae8baf8db0d361bb
2023-07-19,TCB,HOSE,746280000.0,746280000.0,0.0,21600.0,21600.0,0.0,746280000.0,746280000.0,21600.0,21600.0,32650.0,32900.0,32250.0,32300.0,32540.0,HSX_FOREIGN_API,HOSE_SYMBOL_LEVEL,VND,2026-08-25T04:25:44Z,ff_hsx_symbol_daily_v1,ff03557d7025277d742eb1708d1a6fa5d026ed12869b3b161b97beb7310f50aa
2023-07-20,TCB,HOSE,1455937000.0,1455937000.0,0.0,42140.0,42140.0,0.0,1455937000.0,1455937000.0,42140.0,42140.0,32400.0,32400.0,31800.0,31900.0,31970.0,HSX_FOREIGN_API,HOSE_SYMBOL_LEVEL,VND,2026-08-25T04:25:44Z,ff_hsx_symbol_daily_v1,d5f32e4de56fe58359c8f51406d524ecb2bed0f51bde08cd4ee8ca3f8d9d3f88
2023-07-21,TCB,HOSE,0.0,0.0,0.0,0.0,0.0,0.0,0.0,0.0,0.0,0.0,31850.0,32300.0,31850.0,32300.0,31980.0,HSX_FOREIGN_API,HOSE_SYMBOL_LEVEL,VND,2026-08-25T04:25:44Z,ff_hsx_symbol_daily_v1,9a61577d1562bc3f5298cc9f6b58a1ea547f3134e9da5b2979c06055a7541681
2023-07-24,TCB,HOSE,0.0,0.0,0.0,0.0,0.0,0.0,0.0,0.0,0.0,0.0,32450.0,32500.0,32150.0,32450.0,32320.0,HSX_FOREIGN_API,HOSE_SYMBOL_LEVEL,VND,2026-08-25T04:25:44Z,ff_hsx_symbol_daily_v1,6fdc55a3f8d02864b005b047ac3339fc9d10178d70f7762c7dd9dc076bc6e649
2023-07-25,TCB,HOSE,1735000000.0,1735000000.0,0.0,50000.0,50000.0,0.0,1735000000.0,1735000000.0,50000.0,50000.0,32800.0,33800.0,32700.0,33500.0,33460.0,HSX_FOREIGN_API,HOSE_SYMBOL_LEVEL,VND,2026-08-25T04:25:44Z,ff_hsx_symbol_daily_v1,f00d463e5305a71766128cbf61d61446b7cfdff3f38df82e621b282b699be559
2023-07-26,TCB,HOSE,0.0,0.0,0.0,0.0,0.0,0.0,0.0,0.0,0.0,0.0,33500.0,33550.0,33200.0,33450.0,33350.0,HSX_FOREIGN_API,HOSE_SYMBOL_LEVEL,VND,2026-08-25T04:25:44Z,ff_hsx_symbol_daily_v1,1cf287efe5d52099afdc9ad711c0a8cc2fc27869a6e3168119cd637b987a4ae7
2023-07-27,TCB,HOSE,8508500000.0,8508500000.0,0.0,238000.0,238000.0,0.0,8508500000.0,8508500000.0,238000.0,238000.0,33350.0,33450.0,32700.0,33100.0,33080.0,HSX_FOREIGN_API,HOSE_SYMBOL_LEVEL,VND,2026-08-25T04:25:44Z,ff_hsx_symbol_daily_v1,12389bd8a92cdb1ff1770124e4ec669ea0bbd205053381c2574819c4ff7a6706
2023-07-28,TCB,HOSE,0.0,0.0,0.0,0.0,0.0,0.0,0.0,0.0,0.0,0.0,33050.0,33800.0,33000.0,33800.0,33330.0,HSX_FOREIGN_API,HOSE_SYMBOL_LEVEL,VND,2026-08-25T04:25:44Z,ff_hsx_symbol_daily_v1,c218fa0e8910e295a23315dfc19de4daa3b72c72cdd378d0fddfb0ed6bf22640
2023-07-31,TCB,HOSE,3615000000.0,3615000000.0,0.0,100000.0,100000.0,0.0,3615000000.0,3615000000.0,100000.0,100000.0,34100.0,34600.0,34000.0,34300.0,34300.0,HSX_FOREIGN_API,HOSE_SYMBOL_LEVEL,VND,2026-08-25T04:25:44Z,ff_hsx_symbol_daily_v1,78c9efa2389e7ac9b531575b7a5c2e414d20ffeb40cffcc7e3960d5828c195d2
2023-08-01,TCB,HOSE,27850125300.0,27850125300.0,0.0,758859.0,758859.0,0.0,27850125300.0,27850125300.0,758859.0,758859.0,34600.0,34600.0,34000.0,34000.0,34390.0,HSX_FOREIGN_API,HOSE_SYMBOL_LEVEL,VND,2026-08-25T04:25:44Z,ff_hsx_symbol_daily_v1,71c39d5b0a40b70e8d2f75ca871d046f7fea3364b50626be604c7444750b77b8
2023-08-02,TCB,HOSE,3635000000.0,3635000000.0,0.0,100000.0,100000.0,0.0,3635000000.0,3635000000.0,100000.0,100000.0,33900.0,34100.0,33750.0,33900.0,33950.0,HSX_FOREIGN_API,HOSE_SYMBOL_LEVEL,VND,2026-08-25T04:25:44Z,ff_hsx_symbol_daily_v1,adde63c29721086890b37e0cbb5958af4b5895cf8e8854d3f7d14d3c45942515
2023-08-03,TCB,HOSE,3625000000.0,3625000000.0,0.0,100000.0,100000.0,0.0,3625000000.0,3625000000.0,100000.0,100000.0,34000.0,34050.0,33500.0,33500.0,33750.0,HSX_FOREIGN_API,HOSE_SYMBOL_LEVEL,VND,2026-08-25T04:25:44Z,ff_hsx_symbol_daily_v1,5a68cd097554a5bf4d3350baeb5c4e02fcdddccc9bdbf58dded3402d8887e63c
2023-08-04,TCB,HOSE,4099100000.0,4099100000.0,0.0,114500.0,114500.0,0.0,4099100000.0,4099100000.0,114500.0,114500.0,33650.0,34200.0,33450.0,33600.0,33620.0,HSX_FOREIGN_API,HOSE_SYMBOL_LEVEL,VND,2026-08-25T04:25:44Z,ff_hsx_symbol_daily_v1,58318bb6e198aba6ff10e1da893723c8b4084b77f6823b8e54ea0b47c367025d
2023-08-07,TCB,HOSE,0.0,0.0,0.0,0.0,0.0,0.0,0.0,0.0,0.0,0.0,34200.0,34450.0,34000.0,34350.0,34260.0,HSX_FOREIGN_API,HOSE_SYMBOL_LEVEL,VND,2026-08-25T04:25:44Z,ff_hsx_symbol_daily_v1,8c89f37fdec1390a5b4c589a5d47f7147427b81c83ea0fccd6270bf888c42f93
2023-08-08,TCB,HOSE,14115675000.0,14115675000.0,0.0,384100.0,384100.0,0.0,14115675000.0,14115675000.0,384100.0,384100.0,34400.0,34500.0,33950.0,34000.0,34200.0,HSX_FOREIGN_API,HOSE_SYMBOL_LEVEL,VND,2026-08-25T04:25:44Z,ff_hsx_symbol_daily_v1,dee10b40a18969bdd8f3639c2320195ee115b7950fa70b642f3395f61ceb4fee
2023-08-09,TCB,HOSE,3635000000.0,3635000000.0,0.0,100000.0,100000.0,0.0,3635000000.0,3635000000.0,100000.0,100000.0,34050.0,34200.0,33800.0,34000.0,33940.0,HSX_FOREIGN_API,HOSE_SYMBOL_LEVEL,VND,2026-08-25T04:25:44Z,ff_hsx_symbol_daily_v1,a6db6c55093c12c0be0079e31abfc51abeee838fd89ddefe091de8b3a8ee7854
2023-08-10,TCB,HOSE,3998500000.0,3998500000.0,0.0,110000.0,110000.0,0.0,3998500000.0,3998500000.0,110000.0,110000.0,34000.0,34050.0,33500.0,33500.0,33700.0,HSX_FOREIGN_API,HOSE_SYMBOL_LEVEL,VND,2026-08-25T04:25:44Z,ff_hsx_symbol_daily_v1,1dea914178640be25686517965edbcb99cda9259360e1ab40b9cbfbe71057c2a
2023-08-11,TCB,HOSE,0.0,0.0,0.0,0.0,0.0,0.0,0.0,0.0,0.0,0.0,33550.0,33800.0,33100.0,33650.0,33390.0,HSX_FOREIGN_API,HOSE_SYMBOL_LEVEL,VND,2026-08-25T04:25:44Z,ff_hsx_symbol_daily_v1,1ac59fe622cfdfe84a7082951c65ecc0a6521f236372f1a9970f523c3dbe607e
2023-08-14,TCB,HOSE,3600000000.0,3600000000.0,0.0,100000.0,100000.0,0.0,3600000000.0,3600000000.0,100000.0,100000.0,33750.0,33800.0,33450.0,33800.0,33600.0,HSX_FOREIGN_API,HOSE_SYMBOL_LEVEL,VND,2026-08-25T04:25:44Z,ff_hsx_symbol_daily_v1,1aaf69def9ecc2b7f3ff1f7b0a4a272fb67d96ed154c6f6a162a5ab3be202ed2
2023-08-15,TCB,HOSE,0.0,0.0,0.0,0.0,0.0,0.0,0.0,0.0,0.0,0.0,33900.0,34400.0,33850.0,34050.0,34050.0,HSX_FOREIGN_API,HOSE_SYMBOL_LEVEL,VND,2026-08-25T04:25:44Z,ff_hsx_symbol_daily_v1,eb7a1070b2ad3c8211bca0cda75d6240fba7d04423ff585f6f927c45a5fe9108
2023-08-16,TCB,HOSE,0.0,0.0,0.0,0.0,0.0,0.0,0.0,0.0,0.0,0.0,34000.0,35350.0,33950.0,35300.0,34940.0,HSX_FOREIGN_API,HOSE_SYMBOL_LEVEL,VND,2026-08-25T04:25:44Z,ff_hsx_symbol_daily_v1,96c9ebe62f15773d2d55b9f18ce360f01ca618578337c8d1a8eeccfae86ebcfb
2023-08-17,TCB,HOSE,51317350000.0,51317350000.0,0.0,1359400.0,1359400.0,0.0,51317350000.0,51317350000.0,1359400.0,1359400.0,35300.0,35300.0,34700.0,34700.0,34990.0,HSX_FOREIGN_API,HOSE_SYMBOL_LEVEL,VND,2026-08-25T04:25:44Z,ff_hsx_symbol_daily_v1,82217fe082985bac5f61005643a9cf9dffc73d7fdcae48c49c5059daa0f78750
2023-08-18,TCB,HOSE,12981290000.0,12981290000.0,0.0,349900.0,349900.0,0.0,12981290000.0,12981290000.0,349900.0,349900.0,34550.0,34550.0,32450.0,32500.0,33440.0,HSX_FOREIGN_API,HOSE_SYMBOL_LEVEL,VND,2026-08-25T04:25:44Z,ff_hsx_symbol_daily_v1,aecc7cd4e7a392c4ddc839b7faacec4d5eb7f1919d252d4ee799bef78bfa5b52
2023-08-21,TCB,HOSE,0.0,0.0,0.0,0.0,0.0,0.0,0.0,0.0,0.0,0.0,32500.0,32950.0,32100.0,32750.0,32610.0,HSX_FOREIGN_API,HOSE_SYMBOL_LEVEL,VND,2026-08-25T04:25:44Z,ff_hsx_symbol_daily_v1,b8a5569bddea74e84625123cd1f7a75ed9db4335b886d740b17a5ce9269afc27
2023-08-22,TCB,HOSE,0.0,0.0,0.0,0.0,0.0,0.0,0.0,0.0,0.0,0.0,32750.0,33100.0,31900.0,33100.0,32440.0,HSX_FOREIGN_API,HOSE_SYMBOL_LEVEL,VND,2026-08-25T04:25:44Z,ff_hsx_symbol_daily_v1,b7da3357443ccba3c35ec726aa78e866dd02c1d468e07e4344a78d4683dafdb7
2023-08-23,TCB,HOSE,8745020000.0,8745020000.0,0.0,264200.0,264200.0,0.0,8745020000.0,8745020000.0,264200.0,264200.0,34000.0,34200.0,33200.0,33200.0,33710.0,HSX_FOREIGN_API,HOSE_SYMBOL_LEVEL,VND,2026-08-25T04:25:44Z,ff_hsx_symbol_daily_v1,d0f7e5eafa6d007029ded5c3bbcd846a00951f64b2946cd4d704d43f98b952eb
2023-08-24,TCB,HOSE,0.0,0.0,0.0,0.0,0.0,0.0,0.0,0.0,0.0,0.0,33500.0,33950.0,33400.0,33800.0,33740.0,HSX_FOREIGN_API,HOSE_SYMBOL_LEVEL,VND,2026-08-25T04:25:44Z,ff_hsx_symbol_daily_v1,e334be31d95864c154c50948142abf4b1c649bd8e8cbd87b505f84f01620b482
2023-08-25,TCB,HOSE,0.0,0.0,0.0,0.0,0.0,0.0,0.0,0.0,0.0,0.0,33700.0,33850.0,33400.0,33650.0,33620.0,HSX_FOREIGN_API,HOSE_SYMBOL_LEVEL,VND,2026-08-25T04:25:44Z,ff_hsx_symbol_daily_v1,8bff5a8617b18954f68c7b889ef5cf2d92e141278be4fdc238794e548333cb39
2023-08-28,TCB,HOSE,0.0,0.0,0.0,0.0,0.0,0.0,0.0,0.0,0.0,0.0,33850.0,34100.0,33600.0,34000.0,33850.0,HSX_FOREIGN_API,HOSE_SYMBOL_LEVEL,VND,2026-08-25T04:25:44Z,ff_hsx_symbol_daily_v1,dc6e74a6b1e9017b9036b76b07a8172584f171608a5273071413ec6ffb2703d3
2023-08-29,TCB,HOSE,0.0,0.0,0.0,0.0,0.0,0.0,0.0,0.0,0.0,0.0,34000.0,34250.0,33750.0,33900.0,33960.0,HSX_FOREIGN_API,HOSE_SYMBOL_LEVEL,VND,2026-08-25T04:25:44Z,ff_hsx_symbol_daily_v1,7fb0febb6c895a3734541c09117c88aed99b1a293a0f5ca3a9d05f360e9b1e85
2023-08-30,TCB,HOSE,0.0,0.0,0.0,0.0,0.0,0.0,0.0,0.0,0.0,0.0,34000.0,34300.0,33900.0,34000.0,34060.0,HSX_FOREIGN_API,HOSE_SYMBOL_LEVEL,VND,2026-08-25T04:25:44Z,ff_hsx_symbol_daily_v1,edd845ab71cc31692dbd661a7e6991ece22b79159c37f65176a9e1a342fef5f3
2023-08-31,TCB,HOSE,0.0,0.0,0.0,0.0,0.0,0.0,0.0,0.0,0.0,0.0,34100.0,34500.0,34100.0,34500.0,34380.0,HSX_FOREIGN_API,HOSE_SYMBOL_LEVEL,VND,2026-08-25T04:25:44Z,ff_hsx_symbol_daily_v1,dc957d76875eb17237c5567a2fa897ae188fdad9e84cd224e70006e50efef741
2023-09-05,TCB,HOSE,0.0,0.0,0.0,0.0,0.0,0.0,0.0,0.0,0.0,0.0,34800.0,35150.0,34750.0,35000.0,34960.0,HSX_FOREIGN_API,HOSE_SYMBOL_LEVEL,VND,2026-08-25T04:25:44Z,ff_hsx_symbol_daily_v1,7c0b1679ea07728425db378a87a3b00fe9e898d43f27d53c9345b0135818b9a3
2023-09-06,TCB,HOSE,7616000000.0,7616000000.0,0.0,217600.0,217600.0,0.0,7616000000.0,7616000000.0,217600.0,217600.0,35050.0,35350.0,34850.0,35200.0,35060.0,HSX_FOREIGN_API,HOSE_SYMBOL_LEVEL,VND,2026-08-25T04:25:44Z,ff_hsx_symbol_daily_v1,4f433e4a8f0e59987476924d4608794b640d5697e128cee39c3151e4587e641f
2023-09-07,TCB,HOSE,3765000000.0,3765000000.0,0.0,100000.0,100000.0,0.0,3765000000.0,3765000000.0,100000.0,100000.0,35250.0,36150.0,35100.0,35750.0,35680.0,HSX_FOREIGN_API,HOSE_SYMBOL_LEVEL,VND,2026-08-25T04:25:44Z,ff_hsx_symbol_daily_v1,c5de40cd8a317a427056d9a8d2d85b17744a72473290b99c46d4dae770bcdbf2
2023-09-08,TCB,HOSE,3748500000.0,4700355000.0,-951855000.0,98000.0,124700.0,-26700.0,3748500000.0,3748500000.0,98000.0,98000.0,35850.0,35900.0,35350.0,35350.0,35640.0,HSX_FOREIGN_API,HOSE_SYMBOL_LEVEL,VND,2026-08-25T04:25:44Z,ff_hsx_symbol_daily_v1,64b125c428af3cf964df1380ff58e922aa751276c1c682647f9d2eafe73171f8
2023-09-11,TCB,HOSE,0.0,0.0,0.0,0.0,0.0,0.0,0.0,0.0,0.0,0.0,35600.0,35600.0,34450.0,34550.0,34940.0,HSX_FOREIGN_API,HOSE_SYMBOL_LEVEL,VND,2026-08-25T04:25:44Z,ff_hsx_symbol_daily_v1,c0c8d6362c662207ddd90ff3ed0e462a67c65f7b3d4ddd5164f73583210f13ea
2023-09-12,TCB,HOSE,3417875000.0,3417875000.0,0.0,92500.0,92500.0,0.0,3417875000.0,3417875000.0,92500.0,92500.0,34550.0,35300.0,34400.0,35300.0,34770.0,HSX_FOREIGN_API,HOSE_SYMBOL_LEVEL,VND,2026-08-25T04:25:44Z,ff_hsx_symbol_daily_v1,04d1d8f0d2049ed30d1a8abff1087e59b028187b0329190148aecc70d89e5ddf
2023-09-13,TCB,HOSE,15968250000.0,14960325000.0,1007925000.0,423000.0,396300.0,26700.0,15968250000.0,14960325000.0,423000.0,396300.0,35400.0,35450.0,34850.0,35000.0,35190.0,HSX_FOREIGN_API,HOSE_SYMBOL_LEVEL,VND,2026-08-25T04:25:44Z,ff_hsx_symbol_daily_v1,71b280fe347ef361f438e25402929bfe6a13feb99a12cde51249dd973637765f
2023-09-14,TCB,HOSE,4688740000.0,4688740000.0,0.0,125200.0,125200.0,0.0,4688740000.0,4688740000.0,125200.0,125200.0,35100.0,35750.0,34900.0,34900.0,35330.0,HSX_FOREIGN_API,HOSE_SYMBOL_LEVEL,VND,2026-08-25T04:25:44Z,ff_hsx_symbol_daily_v1,5080b632513fa41906722f4632748d7f73a4847c4cd271c40f73c227e8eab94f
2023-09-15,TCB,HOSE,23756370000.0,23756370000.0,0.0,636900.0,636900.0,0.0,23756370000.0,23756370000.0,636900.0,636900.0,35100.0,35500.0,34900.0,34900.0,35150.0,HSX_FOREIGN_API,HOSE_SYMBOL_LEVEL,VND,2026-08-25T04:25:44Z,ff_hsx_symbol_daily_v1,e5b723544b2a5b8e160c4fb86ea47e52d29c8e4e04ec64182516df0322c0bc71
2023-09-18,TCB,HOSE,14923730000.0,14923730000.0,0.0,400100.0,400100.0,0.0,14923730000.0,14923730000.0,400100.0,400100.0,34850.0,35000.0,34000.0,34100.0,34440.0,HSX_FOREIGN_API,HOSE_SYMBOL_LEVEL,VND,2026-08-25T04:25:44Z,ff_hsx_symbol_daily_v1,84f1a60a31b332e73ca23eb04bfbd3b1e1e003f882a9f92bbdb6501c6b515522
2023-09-19,TCB,HOSE,256608000000.0,256608000000.0,0.0,7040000.0,7040000.0,0.0,256608000000.0,256608000000.0,7040000.0,7040000.0,34300.0,34350.0,33800.0,33900.0,34000.0,HSX_FOREIGN_API,HOSE_SYMBOL_LEVEL,VND,2026-08-25T04:25:44Z,ff_hsx_symbol_daily_v1,0e16ab6f78bbb2e586f4b71c116a49e077b1ecf446578e603ff66f7ec7524121
2023-09-20,TCB,HOSE,31834750000.0,31834750000.0,0.0,878200.0,878200.0,0.0,31834750000.0,31834750000.0,878200.0,878200.0,33900.0,34500.0,33850.0,34350.0,34150.0,HSX_FOREIGN_API,HOSE_SYMBOL_LEVEL,VND,2026-08-25T04:25:44Z,ff_hsx_symbol_daily_v1,9cf28081572d56a4ecc1a3d52d5f52f86eb488c36c3552c26eb75f644b2758f1
2023-09-21,TCB,HOSE,110250000000.0,110250000000.0,0.0,3000000.0,3000000.0,0.0,110250000000.0,110250000000.0,3000000.0,3000000.0,34350.0,34500.0,34000.0,34300.0,34260.0,HSX_FOREIGN_API,HOSE_SYMBOL_LEVEL,VND,2026-08-25T04:25:44Z,ff_hsx_symbol_daily_v1,8c27a1e03aa3a38294d460fd30985eb6663ce8b21c0e8498e661086a95c4d03b
2023-09-22,TCB,HOSE,53357396000.0,53569687900.0,-212291900.0,1453880.0,1460198.0,-6318.0,53357396000.0,53357396000.0,1453880.0,1453880.0,33950.0,34250.0,33400.0,34000.0,33750.0,HSX_FOREIGN_API,HOSE_SYMBOL_LEVEL,VND,2026-08-25T04:25:44Z,ff_hsx_symbol_daily_v1,e0d0c16ce785740157fe4b96ccbf823ecc4884077fdbe42b49c4701bbf101763
2023-09-25,TCB,HOSE,0.0,0.0,0.0,0.0,0.0,0.0,0.0,0.0,0.0,0.0,34000.0,34200.0,32750.0,32800.0,33370.0,HSX_FOREIGN_API,HOSE_SYMBOL_LEVEL,VND,2026-08-25T04:25:44Z,ff_hsx_symbol_daily_v1,5b37da40b458e1c9ca5e9e14ade830f618f9372b563b01fd8ad527cf4fe813b1
2023-09-26,TCB,HOSE,4132395000.0,4132395000.0,0.0,117900.0,117900.0,0.0,4132395000.0,4132395000.0,117900.0,117900.0,32800.0,33000.0,32400.0,32400.0,32700.0,HSX_FOREIGN_API,HOSE_SYMBOL_LEVEL,VND,2026-08-25T04:25:44Z,ff_hsx_symbol_daily_v1,9b65ac400c94a486a001da57251ef4892c08d422058f026e2380a094559c12f0
2023-09-27,TCB,HOSE,0.0,205963200.0,-205963200.0,0.0,6318.0,-6318.0,0.0,0.0,0.0,0.0,32250.0,32600.0,32250.0,32600.0,32430.0,HSX_FOREIGN_API,HOSE_SYMBOL_LEVEL,VND,2026-08-25T04:25:44Z,ff_hsx_symbol_daily_v1,c78f67511269e16e3cd00d48092230721da28570767f54b268889fa0562d5fa2
2023-09-28,TCB,HOSE,0.0,0.0,0.0,0.0,0.0,0.0,0.0,0.0,0.0,0.0,32600.0,33900.0,31850.0,33650.0,32520.0,HSX_FOREIGN_API,HOSE_SYMBOL_LEVEL,VND,2026-08-25T04:25:44Z,ff_hsx_symbol_daily_v1,7ff032b82278972cce35bfd0d7cb3229407b849ba6c1057f1d40b90a6a1fc5e4
2023-09-29,TCB,HOSE,0.0,0.0,0.0,0.0,0.0,0.0,0.0,0.0,0.0,0.0,33500.0,33700.0,33100.0,33650.0,33480.0,HSX_FOREIGN_API,HOSE_SYMBOL_LEVEL,VND,2026-08-25T04:25:44Z,ff_hsx_symbol_daily_v1,79947025c39893992fd52b93036a8b75130fc3d88b83445e69be9d10b969099d
2023-10-02,TCB,HOSE,212639700.0,0.0,212639700.0,6318.0,0.0,6318.0,0.0,0.0,0.0,0.0,33650.0,33650.0,33000.0,33150.0,33330.0,HSX_FOREIGN_API,HOSE_SYMBOL_LEVEL,VND,2026-08-25T04:25:44Z,ff_hsx_symbol_daily_v1,0f4bbd5aa00dc7a2df0fb7b34f1152fd8be94a10470ec976f119087c3e24a172
2023-10-03,TCB,HOSE,0.0,0.0,0.0,0.0,0.0,0.0,0.0,0.0,0.0,0.0,32900.0,32900.0,31900.0,32500.0,32370.0,HSX_FOREIGN_API,HOSE_SYMBOL_LEVEL,VND,2026-08-25T04:25:44Z,ff_hsx_symbol_daily_v1,7483b1849488073479ae8afcb6e2a56542afc00219b11e4fc1883b3209fe8078
2023-10-04,TCB,HOSE,0.0,0.0,0.0,0.0,0.0,0.0,0.0,0.0,0.0,0.0,32250.0,32650.0,32000.0,32250.0,32320.0,HSX_FOREIGN_API,HOSE_SYMBOL_LEVEL,VND,2026-08-25T04:25:44Z,ff_hsx_symbol_daily_v1,00a3b91b6c45aafd7140c722806e548f9c31724cbddbce30690d291e2f6e6ca0
2023-10-05,TCB,HOSE,13782750000.0,13782750000.0,0.0,399500.0,399500.0,0.0,13782750000.0,13782750000.0,399500.0,399500.0,32350.0,32600.0,31800.0,31800.0,32100.0,HSX_FOREIGN_API,HOSE_SYMBOL_LEVEL,VND,2026-08-25T04:25:44Z,ff_hsx_symbol_daily_v1,862b9f7d11d48d656a71044d363347f1e8cc0df59ea9c371ec320ec748856d2e
2023-10-06,TCB,HOSE,50507884000.0,50507884000.0,0.0,1485526.0,1485526.0,0.0,50507884000.0,50507884000.0,1485526.0,1485526.0,31750.0,32250.0,31600.0,32050.0,31800.0,HSX_FOREIGN_API,HOSE_SYMBOL_LEVEL,VND,2026-08-25T04:25:44Z,ff_hsx_symbol_daily_v1,1147bb2f0ee1ccb548c819f4c082b9b676fb87ddbb7cdd9b8104bbaf84f56b6c
2023-10-09,TCB,HOSE,12235625000.0,12235625000.0,0.0,357500.0,357500.0,0.0,12235625000.0,12235625000.0,357500.0,357500.0,32100.0,32150.0,31900.0,32100.0,32030.0,HSX_FOREIGN_API,HOSE_SYMBOL_LEVEL,VND,2026-08-25T04:25:44Z,ff_hsx_symbol_daily_v1,137dcc63a03311d952622ad6b8cc855a35d057c56ade5679bb8774ce50f19819
2023-10-10,TCB,HOSE,61390140000.0,61390140000.0,0.0,1789800.0,1789800.0,0.0,61390140000.0,61390140000.0,1789800.0,1789800.0,32300.0,32650.0,32250.0,32500.0,32540.0,HSX_FOREIGN_API,HOSE_SYMBOL_LEVEL,VND,2026-08-25T04:25:44Z,ff_hsx_symbol_daily_v1,9b459589189ff4daa9c69e2e31740df2c3f9578beecb38d2085b33a1d83bf854
2023-10-11,TCB,HOSE,91399450000.0,91399450000.0,0.0,2630200.0,2630200.0,0.0,91399450000.0,91399450000.0,2630200.0,2630200.0,32650.0,32650.0,32300.0,32600.0,32440.0,HSX_FOREIGN_API,HOSE_SYMBOL_LEVEL,VND,2026-08-25T04:25:44Z,ff_hsx_symbol_daily_v1,24c7cb2f129b138e2295061dd924221d43c05c99dc4afeea71a01904a57f998a
2023-10-12,TCB,HOSE,41471500000.0,41471500000.0,0.0,1190000.0,1190000.0,0.0,41471500000.0,41471500000.0,1190000.0,1190000.0,32700.0,32850.0,32500.0,32500.0,32620.0,HSX_FOREIGN_API,HOSE_SYMBOL_LEVEL,VND,2026-08-25T04:25:44Z,ff_hsx_symbol_daily_v1,2b8f03fc38b98d95ea4eadbd1f0c3ee2e1d9c57f15249c5672e4e25915b56d74
2023-10-13,TCB,HOSE,10619600000.0,10619600000.0,0.0,305600.0,305600.0,0.0,10619600000.0,10619600000.0,305600.0,305600.0,32400.0,32450.0,32000.0,32200.0,32180.0,HSX_FOREIGN_API,HOSE_SYMBOL_LEVEL,VND,2026-08-25T04:25:44Z,ff_hsx_symbol_daily_v1,a53eaecbd002fdd64052c88bf87d035100fc57f6a80d79775f986604092c71f3
2023-10-16,TCB,HOSE,10507250000.0,10507250000.0,0.0,305000.0,305000.0,0.0,10507250000.0,10507250000.0,305000.0,305000.0,32050.0,32300.0,31800.0,31800.0,31950.0,HSX_FOREIGN_API,HOSE_SYMBOL_LEVEL,VND,2026-08-25T04:25:44Z,ff_hsx_symbol_daily_v1,b0443dfcce78eabc8b527c7a77bf285a1b3f96927aad323d494fdd88a77c1021
2023-10-17,TCB,HOSE,63644600000.0,63644600000.0,0.0,1871900.0,1871900.0,0.0,63644600000.0,63644600000.0,1871900.0,1871900.0,31950.0,32200.0,31750.0,31750.0,31980.0,HSX_FOREIGN_API,HOSE_SYMBOL_LEVEL,VND,2026-08-25T04:25:44Z,ff_hsx_symbol_daily_v1,3723ae6ae5774eeaac2e1d2921714c22c8558c7091a28e1af712f542204c7db5
2023-10-18,TCB,HOSE,8470525000.0,8470525000.0,0.0,249500.0,249500.0,0.0,8470525000.0,8470525000.0,249500.0,249500.0,31750.0,31800.0,31000.0,31250.0,31470.0,HSX_FOREIGN_API,HOSE_SYMBOL_LEVEL,VND,2026-08-25T04:25:44Z,ff_hsx_symbol_daily_v1,7fd4fd454e395abb55ed09faf85bb2bc8a1f86d19e8c76f8a27a5822ac78357c
2023-10-19,TCB,HOSE,1973940000.0,4492100000.0,-2518160000.0,59100.0,140300.0,-81200.0,1973940000.0,1973940000.0,59100.0,59100.0,31250.0,31400.0,30650.0,30650.0,30990.0,HSX_FOREIGN_API,HOSE_SYMBOL_LEVEL,VND,2026-08-25T04:25:44Z,ff_hsx_symbol_daily_v1,539976faba49dff5fcf25b472e129ea66d44b679d92dd02d9f2c3e4a63102d05
2023-10-20,TCB,HOSE,29982625000.0,29982625000.0,0.0,915500.0,915500.0,0.0,29982625000.0,29982625000.0,915500.0,915500.0,30700.0,31400.0,30550.0,31100.0,30880.0,HSX_FOREIGN_API,HOSE_SYMBOL_LEVEL,VND,2026-08-25T04:25:44Z,ff_hsx_symbol_daily_v1,5da15e6411494babcfb62d97316f69dccb6dc5e5b28db3e85512e31824b81d85
2023-10-23,TCB,HOSE,0.0,295200000.0,-295200000.0,0.0,9600.0,-9600.0,0.0,0.0,0.0,0.0,31100.0,31500.0,30500.0,30900.0,30770.0,HSX_FOREIGN_API,HOSE_SYMBOL_LEVEL,VND,2026-08-25T04:25:44Z,ff_hsx_symbol_daily_v1,425937fbbb4d88e66ca8efb4d8874b67cb97aba057f6a558e3d8e88a1388de5c
2023-10-24,TCB,HOSE,65688066600.0,63128805000.0,2559261600.0,1991300.0,1910100.0,81200.0,65688066600.0,63128805000.0,1991300.0,1910100.0,31350.0,31800.0,31050.0,31350.0,31400.0,HSX_FOREIGN_API,HOSE_SYMBOL_LEVEL,VND,2026-08-25T04:25:44Z,ff_hsx_symbol_daily_v1,957da984c0d770a894738c6936405eaac33851e852ec6ffb4d7f13898f82597f
2023-10-25,TCB,HOSE,10050000000.0,10050000000.0,0.0,300000.0,300000.0,0.0,10050000000.0,10050000000.0,300000.0,300000.0,31200.0,31600.0,31200.0,31200.0,31390.0,HSX_FOREIGN_API,HOSE_SYMBOL_LEVEL,VND,2026-08-25T04:25:44Z,ff_hsx_symbol_daily_v1,8bcbaf7ae7d254e6fdf7205cd966bf2f7d60c9adb67057bed1b2de24c0b5108c
2023-10-26,TCB,HOSE,1149440000.0,853760000.0,295680000.0,35200.0,25600.0,9600.0,853760000.0,853760000.0,25600.0,25600.0,30800.0,30950.0,29200.0,29800.0,29880.0,HSX_FOREIGN_API,HOSE_SYMBOL_LEVEL,VND,2026-08-25T04:25:44Z,ff_hsx_symbol_daily_v1,b67fd50a74a45903c81c51f46db05082ef657890e132900f38c0ed01f52f7a79
2023-10-27,TCB,HOSE,12255655280.0,27966130280.0,-15710475000.0,392632.0,927332.0,-534700.0,12255655280.0,12255655280.0,392632.0,392632.0,30000.0,30400.0,29100.0,29550.0,29680.0,HSX_FOREIGN_API,HOSE_SYMBOL_LEVEL,VND,2026-08-25T04:25:44Z,ff_hsx_symbol_daily_v1,7c6a61a35986b1eb924a8977e3126fd1096edc037fa39b401bf1edf8594e4d22
2023-10-30,TCB,HOSE,14194000000.0,57271510000.0,-43077510000.0,500000.0,2008300.0,-1508300.0,14194000000.0,14194000000.0,500000.0,500000.0,29200.0,29250.0,28100.0,28100.0,28520.0,HSX_FOREIGN_API,HOSE_SYMBOL_LEVEL,VND,2026-08-25T04:25:44Z,ff_hsx_symbol_daily_v1,d3ea59a33cf85e20d7b43d9fee5a3f7accf653d486b496ce34409844ebde5d3c
2023-10-31,TCB,HOSE,27419295600.0,41349245600.0,-13929950000.0,987300.0,1484800.0,-497500.0,27419295600.0,27419295600.0,987300.0,987300.0,28200.0,28500.0,27200.0,27700.0,27910.0,HSX_FOREIGN_API,HOSE_SYMBOL_LEVEL,VND,2026-08-25T04:25:44Z,ff_hsx_symbol_daily_v1,d2d051b2d9dfce5d76f62f51e13e5e9c79b2eb99677e00a67e4c6a8558530761
2023-11-01,TCB,HOSE,15129733500.0,0.0,15129733500.0,534700.0,0.0,534700.0,0.0,0.0,0.0,0.0,28300.0,28450.0,27450.0,28200.0,28100.0,HSX_FOREIGN_API,HOSE_SYMBOL_LEVEL,VND,2026-08-25T04:25:44Z,ff_hsx_symbol_daily_v1,7bc2920a3ab331b66e322b15c4773787f10ab82e259e415c48fb97defa5fa6de
2023-11-02,TCB,HOSE,43745077850.0,394560000.0,43350517850.0,1508300.0,13700.0,1494600.0,0.0,0.0,0.0,0.0,28800.0,29600.0,28500.0,29350.0,29100.0,HSX_FOREIGN_API,HOSE_SYMBOL_LEVEL,VND,2026-08-25T04:25:44Z,ff_hsx_symbol_daily_v1,bbf5abd7f5a99b436d58e921924b472ccb18bbf8087f3b541f15f58b90f09559
2023-11-03,TCB,HOSE,15506000000.0,600000000.0,14906000000.0,517500.0,20000.0,497500.0,600000000.0,600000000.0,20000.0,20000.0,29950.0,31000.0,29550.0,31000.0,30310.0,HSX_FOREIGN_API,HOSE_SYMBOL_LEVEL,VND,2026-08-25T04:25:44Z,ff_hsx_symbol_daily_v1,08551689c3477029858e9b8b7cd3cbef580a2cb10ef9e91b28d77191305fdb6a
2023-11-06,TCB,HOSE,8287500000.0,8287500000.0,0.0,250000.0,250000.0,0.0,8287500000.0,8287500000.0,250000.0,250000.0,30800.0,31000.0,30300.0,31000.0,30680.0,HSX_FOREIGN_API,HOSE_SYMBOL_LEVEL,VND,2026-08-25T04:25:44Z,ff_hsx_symbol_daily_v1,4ff097134671d76bf09cc1f9c412f9091473d420b551853678a13835516239b6
2023-11-07,TCB,HOSE,7230420000.0,6906990000.0,323430000.0,220100.0,209500.0,10600.0,6811200000.0,6811200000.0,206400.0,206400.0,30600.0,30950.0,30450.0,30600.0,30630.0,HSX_FOREIGN_API,HOSE_SYMBOL_LEVEL,VND,2026-08-25T04:25:44Z,ff_hsx_symbol_daily_v1,70134e73a26480474adf3d82a31514b5565d90f5502e4f5cd4a74c786889674d
2023-11-08,TCB,HOSE,0.0,0.0,0.0,0.0,0.0,0.0,0.0,0.0,0.0,0.0,30600.0,31900.0,30200.0,31800.0,31020.0,HSX_FOREIGN_API,HOSE_SYMBOL_LEVEL,VND,2026-08-25T04:25:44Z,ff_hsx_symbol_daily_v1,c1b8533b1b68e92ddc34ba5074b962edfa2396161fa7c24f5c27983c4e32d587
2023-11-09,TCB,HOSE,0.0,0.0,0.0,0.0,0.0,0.0,0.0,0.0,0.0,0.0,31850.0,31950.0,31300.0,31500.0,31600.0,HSX_FOREIGN_API,HOSE_SYMBOL_LEVEL,VND,2026-08-25T04:25:44Z,ff_hsx_symbol_daily_v1,874bfd6493a74472c60937f1454cc00bd11165a900bed4579063b51a6d549d95
2023-11-10,TCB,HOSE,96720000.0,0.0,96720000.0,3100.0,0.0,3100.0,0.0,0.0,0.0,0.0,31200.0,31500.0,30700.0,31050.0,31140.0,HSX_FOREIGN_API,HOSE_SYMBOL_LEVEL,VND,2026-08-25T04:25:44Z,ff_hsx_symbol_daily_v1,434127eed7219b71e22e1fc4918d294918415945fb801344aa7dc79ceb461b06
2023-11-13,TCB,HOSE,73547164600.0,73776029600.0,-228865000.0,2299700.0,2307100.0,-7400.0,73547164600.0,73547164600.0,2299700.0,2299700.0,31300.0,31300.0,30650.0,30900.0,30890.0,HSX_FOREIGN_API,HOSE_SYMBOL_LEVEL,VND,2026-08-25T04:25:44Z,ff_hsx_symbol_daily_v1,5a7d19b50d543df8076fa59fae1dcdecfe97de8f56fa6fbcb5544fca53b20077
2023-11-14,TCB,HOSE,636540000.0,636540000.0,0.0,20000.0,20000.0,0.0,636540000.0,636540000.0,20000.0,20000.0,31150.0,31750.0,30900.0,31500.0,31380.0,HSX_FOREIGN_API,HOSE_SYMBOL_LEVEL,VND,2026-08-25T04:25:44Z,ff_hsx_symbol_daily_v1,30fc259433b624338952827aaa9c881131666bc2093ef278870dbad2b1c3b2fd
2023-11-15,TCB,HOSE,0.0,0.0,0.0,0.0,0.0,0.0,0.0,0.0,0.0,0.0,32000.0,32200.0,31500.0,31550.0,31960.0,HSX_FOREIGN_API,HOSE_SYMBOL_LEVEL,VND,2026-08-25T04:25:44Z,ff_hsx_symbol_daily_v1,5c43042918984a212b0e823cd22b23930da59a1c2148176f5be15cf959bffcb9
2023-11-16,TCB,HOSE,6983100000.0,6750000000.0,233100000.0,207400.0,200000.0,7400.0,6750000000.0,6750000000.0,200000.0,200000.0,31500.0,31800.0,31500.0,31700.0,31620.0,HSX_FOREIGN_API,HOSE_SYMBOL_LEVEL,VND,2026-08-25T04:25:44Z,ff_hsx_symbol_daily_v1,1dd9350a373fecf5bba8ba8663235dfb8d0d70ec2f99064420b8c73c180c628c
2023-11-17,TCB,HOSE,979530000.0,979530000.0,0.0,30000.0,30000.0,0.0,979530000.0,979530000.0,30000.0,30000.0,31700.0,31950.0,30700.0,31150.0,31250.0,HSX_FOREIGN_API,HOSE_SYMBOL_LEVEL,VND,2026-08-25T04:25:44Z,ff_hsx_symbol_daily_v1,4df82c250bc77fe8451a869a4242c70205190df3b8fb2f7241e7f41ff4dcbc74
2023-11-20,TCB,HOSE,78721200000.0,82829295000.0,-4108095000.0,2416000.0,2549500.0,-133500.0,78721200000.0,78721200000.0,2416000.0,2416000.0,30500.0,31250.0,30450.0,31000.0,30740.0,HSX_FOREIGN_API,HOSE_SYMBOL_LEVEL,VND,2026-08-25T04:25:44Z,ff_hsx_symbol_daily_v1,2cfb43c4498ab1ba76bf06c54696d4a762cc81df6d3fea5eb0590d2cbaea53c4
2023-11-21,TCB,HOSE,25173612000.0,25173612000.0,0.0,788400.0,788400.0,0.0,25173612000.0,25173612000.0,788400.0,788400.0,31350.0,31350.0,30800.0,30800.0,30940.0,HSX_FOREIGN_API,HOSE_SYMBOL_LEVEL,VND,2026-08-25T04:25:44Z,ff_hsx_symbol_daily_v1,b0d61f4c929579a6da12f079f5ee1d68c8b8df9130da1bc3b597eb6ecd49f77f
2023-11-22,TCB,HOSE,63448000000.0,63448000000.0,0.0,2000000.0,2000000.0,0.0,63448000000.0,63448000000.0,2000000.0,2000000.0,30900.0,31000.0,30650.0,30950.0,30810.0,HSX_FOREIGN_API,HOSE_SYMBOL_LEVEL,VND,2026-08-25T04:25:44Z,ff_hsx_symbol_daily_v1,13b79b8fa0dfdc901de61a8348996832ba15d084579ab12558ebd352cd92af2a
2023-11-23,TCB,HOSE,52074213000.0,47818500000.0,4255713000.0,1633500.0,1500000.0,133500.0,52074213000.0,47818500000.0,1633500.0,1500000.0,31200.0,31300.0,30400.0,30400.0,30740.0,HSX_FOREIGN_API,HOSE_SYMBOL_LEVEL,VND,2026-08-25T04:25:44Z,ff_hsx_symbol_daily_v1,b19516b0b4e81fafd4be1c00c78a489b3e08e9674fc9b9a1b2caa21122a36585
2023-11-24,TCB,HOSE,73131613200.0,73131613200.0,0.0,2282400.0,2282400.0,0.0,73131613200.0,73131613200.0,2282400.0,2282400.0,30350.0,30600.0,29450.0,30050.0,29830.0,HSX_FOREIGN_API,HOSE_SYMBOL_LEVEL,VND,2026-08-25T04:25:44Z,ff_hsx_symbol_daily_v1,76422f5e652003cb037d5359890bdb8a2354ddb096c400b12807bdafdf52e8ae
2023-11-27,TCB,HOSE,837870640.0,837870640.0,0.0,27070.0,27070.0,0.0,837870640.0,837870640.0,27070.0,27070.0,29950.0,29950.0,29300.0,29300.0,29530.0,HSX_FOREIGN_API,HOSE_SYMBOL_LEVEL,VND,2026-08-25T04:25:44Z,ff_hsx_symbol_daily_v1,1bed2a5fc76aafd3686833d1479de077d033506e320a5efe90b1ab48ec81cb52
2023-11-28,TCB,HOSE,18255951000.0,18255951000.0,0.0,593400.0,593400.0,0.0,18255951000.0,18255951000.0,593400.0,593400.0,29300.0,29950.0,28800.0,29950.0,29080.0,HSX_FOREIGN_API,HOSE_SYMBOL_LEVEL,VND,2026-08-25T04:25:44Z,ff_hsx_symbol_daily_v1,bbd53a9e7703bc46a2d046964662093cb224b1e67be5c6d3afd971cadcbe3d59
2023-11-29,TCB,HOSE,62595705900.0,62595705900.0,0.0,2029100.0,2029100.0,0.0,62595705900.0,62595705900.0,2029100.0,2029100.0,29900.0,30300.0,29600.0,29900.0,29920.0,HSX_FOREIGN_API,HOSE_SYMBOL_LEVEL,VND,2026-08-25T04:25:44Z,ff_hsx_symbol_daily_v1,d695b5ec6010420d9d452b773a5ebff378c0879edfe7dc80af542a78715faa4f
2023-11-30,TCB,HOSE,0.0,0.0,0.0,0.0,0.0,0.0,0.0,0.0,0.0,0.0,29750.0,30050.0,29500.0,29500.0,29760.0,HSX_FOREIGN_API,HOSE_SYMBOL_LEVEL,VND,2026-08-25T04:25:44Z,ff_hsx_symbol_daily_v1,2f7b787de92b21f51509b3fb71308e838ab8016b2196fe616600d6b674e98c60
2023-12-01,TCB,HOSE,69562873000.0,69562873000.0,0.0,2234210.0,2234210.0,0.0,69562873000.0,69562873000.0,2234210.0,2234210.0,29600.0,29850.0,29350.0,29750.0,29570.0,HSX_FOREIGN_API,HOSE_SYMBOL_LEVEL,VND,2026-08-25T04:25:44Z,ff_hsx_symbol_daily_v1,e7049db3a5695c93b9d3e1855a1d0f5a4a6e6d28f9aecd44ccaf09b2382d74fb
2023-12-04,TCB,HOSE,0.0,0.0,0.0,0.0,0.0,0.0,0.0,0.0,0.0,0.0,29800.0,30500.0,29800.0,30200.0,30240.0,HSX_FOREIGN_API,HOSE_SYMBOL_LEVEL,VND,2026-08-25T04:25:44Z,ff_hsx_symbol_daily_v1,b3993813e99f13924825e27e116249b550d67f075f848a9e0b004d2cd0a8d9c7
2023-12-05,TCB,HOSE,0.0,0.0,0.0,0.0,0.0,0.0,0.0,0.0,0.0,0.0,30250.0,30300.0,29900.0,30050.0,30110.0,HSX_FOREIGN_API,HOSE_SYMBOL_LEVEL,VND,2026-08-25T04:25:44Z,ff_hsx_symbol_daily_v1,3df2d8ee4d72e0ef76f57fb7f9c1d1addc7a0bcb2aff14ed81104f5f54aafe80
2023-12-06,TCB,HOSE,92856000000.0,92856000000.0,0.0,3000000.0,3000000.0,0.0,92856000000.0,92856000000.0,3000000.0,3000000.0,30000.0,30500.0,30000.0,30400.0,30290.0,HSX_FOREIGN_API,HOSE_SYMBOL_LEVEL,VND,2026-08-25T04:25:44Z,ff_hsx_symbol_daily_v1,ccf089891bbdbd6ada59d495a108f20e3cc0ad8f181e4162aa1d0621b63b67af
2023-12-07,TCB,HOSE,62624000000.0,62624000000.0,0.0,2000000.0,2000000.0,0.0,62624000000.0,62624000000.0,2000000.0,2000000.0,30550.0,31050.0,30300.0,30850.0,30670.0,HSX_FOREIGN_API,HOSE_SYMBOL_LEVEL,VND,2026-08-25T04:25:44Z,ff_hsx_symbol_daily_v1,fa5d2ee6193b4523513b725c8ac083b0ad50053c8c5328d77f020126e4ffd0aa
2023-12-08,TCB,HOSE,152047414710.0,152047414710.0,0.0,4755110.0,4755110.0,0.0,152047414710.0,152047414710.0,4755110.0,4755110.0,30850.0,31000.0,30600.0,30950.0,30740.0,HSX_FOREIGN_API,HOSE_SYMBOL_LEVEL,VND,2026-08-25T04:25:44Z,ff_hsx_symbol_daily_v1,e2a04a24d1fd081416f6b7579a40f47a7f2a0b2ea884650e0a5c76760f096075
2023-12-11,TCB,HOSE,138508896700.0,138508896700.0,0.0,4354300.0,4354300.0,0.0,138508896700.0,138508896700.0,4354300.0,4354300.0,30950.0,31000.0,30650.0,30850.0,30790.0,HSX_FOREIGN_API,HOSE_SYMBOL_LEVEL,VND,2026-08-25T04:25:44Z,ff_hsx_symbol_daily_v1,259bd6ebbce3cbe85e03d54adee232a510e7f15689e6aa6500d42166897c88e5
2023-12-12,TCB,HOSE,0.0,0.0,0.0,0.0,0.0,0.0,0.0,0.0,0.0,0.0,30850.0,31050.0,30750.0,31050.0,30850.0,HSX_FOREIGN_API,HOSE_SYMBOL_LEVEL,VND,2026-08-25T04:25:44Z,ff_hsx_symbol_daily_v1,2a0fb819d2a5b7a09d44146242494dc2afc172a4be94ed922d1b7f55ca960051
2023-12-13,TCB,HOSE,142241272800.0,142299602800.0,-58330000.0,4404300.0,4406200.0,-1900.0,142241272800.0,142241272800.0,4404300.0,4404300.0,31150.0,31150.0,30500.0,30500.0,30810.0,HSX_FOREIGN_API,HOSE_SYMBOL_LEVEL,VND,2026-08-25T04:25:44Z,ff_hsx_symbol_daily_v1,ceb3925c99ced92b86642dddcb642bd697f69d1da1a73304dad68ddc7b2c39fc
2023-12-14,TCB,HOSE,2403247500.0,2415221600.0,-11974100.0,76500.0,76890.0,-390.0,2403247500.0,2403247500.0,76500.0,76500.0,30800.0,30850.0,30550.0,30550.0,30670.0,HSX_FOREIGN_API,HOSE_SYMBOL_LEVEL,VND,2026-08-25T04:25:44Z,ff_hsx_symbol_daily_v1,19198355abdd7217da6a26de9129d27ef990cf5036a9db98be637fe822ff4fce
2023-12-15,TCB,HOSE,0.0,0.0,0.0,0.0,0.0,0.0,0.0,0.0,0.0,0.0,30550.0,30800.0,30400.0,30600.0,30630.0,HSX_FOREIGN_API,HOSE_SYMBOL_LEVEL,VND,2026-08-25T04:25:44Z,ff_hsx_symbol_daily_v1,6f3e0b5d52af23ecc8a6bf89806f5838577ed3eb247e18553b2ceb88200ec38d
2023-12-18,TCB,HOSE,3241687500.0,3183547500.0,58140000.0,104400.0,102500.0,1900.0,3183547500.0,3183547500.0,102500.0,102500.0,30600.0,30650.0,30050.0,30050.0,30330.0,HSX_FOREIGN_API,HOSE_SYMBOL_LEVEL,VND,2026-08-25T04:25:44Z,ff_hsx_symbol_daily_v1,92d433ce46e5d7c2a0143427785e22fbc7b5cd452c2d936e2b370583c57c160f
2023-12-19,TCB,HOSE,2463792000.0,2452080000.0,11712000.0,80390.0,80000.0,390.0,2452080000.0,2452080000.0,80000.0,80000.0,30000.0,30600.0,29800.0,30600.0,30030.0,HSX_FOREIGN_API,HOSE_SYMBOL_LEVEL,VND,2026-08-25T04:25:44Z,ff_hsx_symbol_daily_v1,9837167378e042f214e57f462cc687b32b4464ebfca4a0a2ff5b2f9738f2a0cd
2023-12-20,TCB,HOSE,39710216088.0,39710216088.0,0.0,1272274.0,1272274.0,0.0,39710216088.0,39710216088.0,1272274.0,1272274.0,30300.0,30550.0,30150.0,30350.0,30330.0,HSX_FOREIGN_API,HOSE_SYMBOL_LEVEL,VND,2026-08-25T04:25:44Z,ff_hsx_symbol_daily_v1,4fd04c9a9c3279070e8fae4dc8e457cf0b64ae0e078361be773e71ed10717cc2
2023-12-21,TCB,HOSE,0.0,0.0,0.0,0.0,0.0,0.0,0.0,0.0,0.0,0.0,30300.0,30650.0,30150.0,30650.0,30370.0,HSX_FOREIGN_API,HOSE_SYMBOL_LEVEL,VND,2026-08-25T04:25:44Z,ff_hsx_symbol_daily_v1,dd813d5031f60bc8b0667e0a8c4218294c923d9c44504e9d2ef9e2941f8eceb9
2023-12-22,TCB,HOSE,35241448800.0,35241448800.0,0.0,1138400.0,1138400.0,0.0,35241448800.0,35241448800.0,1138400.0,1138400.0,30500.0,30800.0,30450.0,30600.0,30650.0,HSX_FOREIGN_API,HOSE_SYMBOL_LEVEL,VND,2026-08-25T04:25:44Z,ff_hsx_symbol_daily_v1,24e1161a4d2aab8e25be45e1fc1de39a2e9b99684c7c76154e22161b1aac5563
2023-12-25,TCB,HOSE,0.0,0.0,0.0,0.0,0.0,0.0,0.0,0.0,0.0,0.0,30800.0,31000.0,30600.0,30950.0,30880.0,HSX_FOREIGN_API,HOSE_SYMBOL_LEVEL,VND,2026-08-25T04:25:44Z,ff_hsx_symbol_daily_v1,787db1559ee35210e5c7fae9832adca6e4e9cf8d9fba00127fb83fe2c4c4aa30
2023-12-26,TCB,HOSE,81409245382.0,81409245382.0,0.0,2513174.0,2513174.0,0.0,81409245382.0,81409245382.0,2513174.0,2513174.0,30850.0,31000.0,30750.0,30800.0,30850.0,HSX_FOREIGN_API,HOSE_SYMBOL_LEVEL,VND,2026-08-25T04:25:44Z,ff_hsx_symbol_daily_v1,364e5bb55b517b759a1303c5d655b3496ffc16935c2d6b42f28c6bcbc9d505b0
2023-12-27,TCB,HOSE,19986120000.0,19998726700.0,-12606700.0,630000.0,630408.0,-408.0,19986120000.0,19986120000.0,630000.0,630000.0,30850.0,31150.0,30850.0,30850.0,30970.0,HSX_FOREIGN_API,HOSE_SYMBOL_LEVEL,VND,2026-08-25T04:25:44Z,ff_hsx_symbol_daily_v1,fe34b04b68692da08f929a9ce165236ff5cb9bd471ecf0b4deb18123448d8bcf
2023-12-28,TCB,HOSE,11216928000.0,11216928000.0,0.0,353000.0,353000.0,0.0,11216928000.0,11216928000.0,353000.0,353000.0,30900.0,31650.0,30900.0,31500.0,31340.0,HSX_FOREIGN_API,HOSE_SYMBOL_LEVEL,VND,2026-08-25T04:25:44Z,ff_hsx_symbol_daily_v1,237e0b8a03b19a92b5c66551c7f105c97324acb34d4ef57c293bd85fa89669e0
2023-12-29,TCB,HOSE,0.0,0.0,0.0,0.0,0.0,0.0,0.0,0.0,0.0,0.0,31700.0,31950.0,31500.0,31800.0,31790.0,HSX_FOREIGN_API,HOSE_SYMBOL_LEVEL,VND,2026-08-25T04:25:44Z,ff_hsx_symbol_daily_v1,509fb254ef0b7abf527ca5a7e47957876209dfbb2fe7aef43939cb9c50f55ac6
2024-01-02,TCB,HOSE,29655354000.0,29642370000.0,12984000.0,905407.0,905000.0,407.0,29642370000.0,29642370000.0,905000.0,905000.0,31900.0,32250.0,31800.0,32100.0,32050.0,HSX_FOREIGN_API,HOSE_SYMBOL_LEVEL,VND,2026-08-25T04:25:44Z,ff_hsx_symbol_daily_v1,beb5def39a427b0702fd6724bc20f2c7d1253a982b9bf2ed76ac3cdcb8f9c59f
2024-01-03,TCB,HOSE,16569345900.0,16569345900.0,0.0,504900.0,504900.0,0.0,16569345900.0,16569345900.0,504900.0,504900.0,31900.0,32600.0,31850.0,32600.0,32230.0,HSX_FOREIGN_API,HOSE_SYMBOL_LEVEL,VND,2026-08-25T04:25:44Z,ff_hsx_symbol_daily_v1,9d135429560c1698bb6b6502705100321506d0f95f564e92d8030b919fcacaa4
2024-01-04,TCB,HOSE,0.0,0.0,0.0,0.0,0.0,0.0,0.0,0.0,0.0,0.0,32600.0,33650.0,32550.0,33100.0,33230.0,HSX_FOREIGN_API,HOSE_SYMBOL_LEVEL,VND,2026-08-25T04:25:44Z,ff_hsx_symbol_daily_v1,e5549615cb7d6508de4efc4b3282437eeb2a3eaaed65bc1901123df3dcbf6fdf
2024-01-05,TCB,HOSE,0.0,0.0,0.0,0.0,0.0,0.0,0.0,0.0,0.0,0.0,33100.0,33400.0,33000.0,33200.0,33160.0,HSX_FOREIGN_API,HOSE_SYMBOL_LEVEL,VND,2026-08-25T04:25:44Z,ff_hsx_symbol_daily_v1,88b438af84c9dc9b1960878544a98e6859c279b113b04a7efe2a9c097a1d25e9
2024-01-08,TCB,HOSE,0.0,0.0,0.0,0.0,0.0,0.0,0.0,0.0,0.0,0.0,33500.0,34150.0,33350.0,34100.0,33760.0,HSX_FOREIGN_API,HOSE_SYMBOL_LEVEL,VND,2026-08-25T04:25:44Z,ff_hsx_symbol_daily_v1,4183ed167331dcaa46f231f56d00964c88f254f75117fdc0e11395306c0727d5
2024-01-09,TCB,HOSE,3512300000.0,3512300000.0,0.0,100000.0,100000.0,0.0,3512300000.0,3512300000.0,100000.0,100000.0,34000.0,34500.0,33800.0,34500.0,34130.0,HSX_FOREIGN_API,HOSE_SYMBOL_LEVEL,VND,2026-08-25T04:25:44Z,ff_hsx_symbol_daily_v1,12e94b0bb2bb3acbd0cda5503262ba77c8cc18622911e8d50fa12d27ebe47519
2024-01-10,TCB,HOSE,0.0,0.0,0.0,0.0,0.0,0.0,0.0,0.0,0.0,0.0,34550.0,34700.0,34250.0,34400.0,34490.0,HSX_FOREIGN_API,HOSE_SYMBOL_LEVEL,VND,2026-08-25T04:25:44Z,ff_hsx_symbol_daily_v1,6913e139a24bef52db9ffcfd8c64d7f5d48775cb7542c8fcd09d057067cf161d
2024-01-11,TCB,HOSE,8445600000.0,8445600000.0,0.0,229500.0,229500.0,0.0,8445600000.0,8445600000.0,229500.0,229500.0,34300.0,34600.0,33800.0,34150.0,34280.0,HSX_FOREIGN_API,HOSE_SYMBOL_LEVEL,VND,2026-08-25T04:25:44Z,ff_hsx_symbol_daily_v1,3164c65a5c1929332436e8d59f2dd29dee73e0b248249cb3c12e960b6a9343aa
2024-01-12,TCB,HOSE,27564800000.0,27564800000.0,0.0,755200.0,755200.0,0.0,27564800000.0,27564800000.0,755200.0,755200.0,33850.0,34700.0,33550.0,34650.0,34320.0,HSX_FOREIGN_API,HOSE_SYMBOL_LEVEL,VND,2026-08-25T04:25:44Z,ff_hsx_symbol_daily_v1,6b7ca699396e9bfa621ab5985fa64351ae2578ecf1ef8662783a238f0590abf7
2024-01-15,TCB,HOSE,1634602000.0,1634602000.0,0.0,45800.0,45800.0,0.0,1634602000.0,1634602000.0,45800.0,45800.0,34700.0,34800.0,34300.0,34300.0,34520.0,HSX_FOREIGN_API,HOSE_SYMBOL_LEVEL,VND,2026-08-25T04:25:44Z,ff_hsx_symbol_daily_v1,4ef03ee017c79bb2b0948c9b04ff1ff198c0fe122a9a3df13283e6ebf20da023
2024-01-16,TCB,HOSE,17989526800.0,17989526800.0,0.0,509200.0,509200.0,0.0,17989526800.0,17989526800.0,509200.0,509200.0,34100.0,34200.0,33800.0,34150.0,33970.0,HSX_FOREIGN_API,HOSE_SYMBOL_LEVEL,VND,2026-08-25T04:25:44Z,ff_hsx_symbol_daily_v1,4988d2f0408143fcc57066eb61e304c8ce8e206b250df55cda870382082961c1
2024-01-17,TCB,HOSE,17418660000.0,17418660000.0,0.0,495200.0,495200.0,0.0,17418660000.0,17418660000.0,495200.0,495200.0,34150.0,34650.0,34000.0,34050.0,34300.0,HSX_FOREIGN_API,HOSE_SYMBOL_LEVEL,VND,2026-08-25T04:25:44Z,ff_hsx_symbol_daily_v1,4ab0ee930c8851e5efe80911d14608e9aa872658a35717d86781248cd46c6bd6
2024-01-18,TCB,HOSE,22347878400.0,22347878400.0,0.0,637200.0,637200.0,0.0,22347878400.0,22347878400.0,637200.0,637200.0,34250.0,34600.0,34050.0,34400.0,34330.0,HSX_FOREIGN_API,HOSE_SYMBOL_LEVEL,VND,2026-08-25T04:25:44Z,ff_hsx_symbol_daily_v1,1fdbf0bb1dfd0be89cfddd3f76f4f13fceecf6a71a8230f5d3079aee7b7ae9d3
2024-01-19,TCB,HOSE,4600000000.0,4600000000.0,0.0,125000.0,125000.0,0.0,4600000000.0,4600000000.0,125000.0,125000.0,34600.0,35150.0,34500.0,34950.0,34850.0,HSX_FOREIGN_API,HOSE_SYMBOL_LEVEL,VND,2026-08-25T04:25:44Z,ff_hsx_symbol_daily_v1,809656afeae5b38ce8ec7c89c7cc46233137f87e669970290f7cd09087f162b6
2024-01-22,TCB,HOSE,866520000.0,917888600.0,-51368600.0,23200.0,24676.0,-1476.0,866520000.0,866520000.0,23200.0,23200.0,35300.0,35300.0,34700.0,34950.0,34890.0,HSX_FOREIGN_API,HOSE_SYMBOL_LEVEL,VND,2026-08-25T04:25:44Z,ff_hsx_symbol_daily_v1,40f25bcd23415d87b085fcefe1c9fa3dc58fab6e094586e93ca06177fcc70a29
2024-01-23,TCB,HOSE,122306310000.0,122306310000.0,0.0,3274600.0,3274600.0,0.0,122306310000.0,122306310000.0,3274600.0,3274600.0,35500.0,36000.0,35400.0,35450.0,35680.0,HSX_FOREIGN_API,HOSE_SYMBOL_LEVEL,VND,2026-08-25T04:25:44Z,ff_hsx_symbol_daily_v1,7b874b69980bfb1546d1e2abef6946c906db8b7b91582dff936e2cf71792c11b
2024-01-24,TCB,HOSE,36444640000.0,36444640000.0,0.0,961600.0,961600.0,0.0,36444640000.0,36444640000.0,961600.0,961600.0,35250.0,35550.0,35250.0,35250.0,35420.0,HSX_FOREIGN_API,HOSE_SYMBOL_LEVEL,VND,2026-08-25T04:25:44Z,ff_hsx_symbol_daily_v1,e8df21048fce6eaf31b566bb9b32863518a6e9b9356c670de9175a56d7baae34
2024-01-25,TCB,HOSE,36719800000.0,36719800000.0,0.0,974000.0,974000.0,0.0,36719800000.0,36719800000.0,974000.0,974000.0,35250.0,35250.0,34900.0,35000.0,35030.0,HSX_FOREIGN_API,HOSE_SYMBOL_LEVEL,VND,2026-08-25T04:25:44Z,ff_hsx_symbol_daily_v1,5e0e6031f5f6228f8ca24b4fb14f344b34faf3a943aca85dba73b0056d762ab5
2024-01-26,TCB,HOSE,0.0,0.0,0.0,0.0,0.0,0.0,0.0,0.0,0.0,0.0,35050.0,35500.0,35000.0,35400.0,35300.0,HSX_FOREIGN_API,HOSE_SYMBOL_LEVEL,VND,2026-08-25T04:25:44Z,ff_hsx_symbol_daily_v1,01f9a421aa64365b6fed91ff6690da08a9e5108ed61bf27d05af9dcfb3b7f365
2024-01-29,TCB,HOSE,105688555000.0,105688555000.0,0.0,2792300.0,2792300.0,0.0,105688555000.0,105688555000.0,2792300.0,2792300.0,35450.0,35650.0,35200.0,35250.0,35440.0,HSX_FOREIGN_API,HOSE_SYMBOL_LEVEL,VND,2026-08-25T04:25:44Z,ff_hsx_symbol_daily_v1,a4b3fe57f30632648ae86bdd218a9011cd169a81bb6948a653374d6ec3585769
2024-01-30,TCB,HOSE,18850000000.0,18850000000.0,0.0,500000.0,500000.0,0.0,18850000000.0,18850000000.0,500000.0,500000.0,35100.0,35250.0,34700.0,35200.0,34950.0,HSX_FOREIGN_API,HOSE_SYMBOL_LEVEL,VND,2026-08-25T04:25:44Z,ff_hsx_symbol_daily_v1,50331f5d2df5531c252d352302d96c823a4227aa95167d56c2d04fdf4297cdfd
2024-01-31,TCB,HOSE,130273969800.0,130766103600.0,-492133800.0,3460132.0,3474340.0,-14208.0,130273969800.0,130273969800.0,3460132.0,3460132.0,35200.0,35250.0,34400.0,34550.0,34730.0,HSX_FOREIGN_API,HOSE_SYMBOL_LEVEL,VND,2026-08-25T04:25:44Z,ff_hsx_symbol_daily_v1,c2f1418873e475f982b8e72b64681396c136db556c1ba5dac3e40e645bc1442d
2024-02-01,TCB,HOSE,73611790000.0,73611790000.0,0.0,1992200.0,1992200.0,0.0,73611790000.0,73611790000.0,1992200.0,1992200.0,34450.0,34650.0,34000.0,34150.0,34250.0,HSX_FOREIGN_API,HOSE_SYMBOL_LEVEL,VND,2026-08-25T04:25:44Z,ff_hsx_symbol_daily_v1,ebf05ce9e5c7712b627305132fc13e832363d89b9ae93382734df4bd0924ca02
2024-02-02,TCB,HOSE,67982900000.0,67985418500.0,-2518500.0,1870400.0,1870469.0,-69.0,67982900000.0,67985418500.0,1870400.0,1870469.0,34000.0,34450.0,34000.0,34150.0,34220.0,HSX_FOREIGN_API,HOSE_SYMBOL_LEVEL,VND,2026-08-25T04:25:44Z,ff_hsx_symbol_daily_v1,b2fd71476244d6cbf914ff7a783cd7bd8929393934e573d57fbdf51fb9dc6c49
2024-02-05,TCB,HOSE,2445872250.0,1956400000.0,489472250.0,67808.0,53600.0,14208.0,1956400000.0,1956400000.0,53600.0,53600.0,34450.0,36000.0,34400.0,35500.0,35270.0,HSX_FOREIGN_API,HOSE_SYMBOL_LEVEL,VND,2026-08-25T04:25:44Z,ff_hsx_symbol_daily_v1,0fa26aca62bb15a7b81193e891c89092d9df49d70b5730a5411aa0b313ae8b57
2024-02-06,TCB,HOSE,0.0,0.0,0.0,0.0,0.0,0.0,0.0,0.0,0.0,0.0,35650.0,36200.0,35600.0,35650.0,35880.0,HSX_FOREIGN_API,HOSE_SYMBOL_LEVEL,VND,2026-08-25T04:25:44Z,ff_hsx_symbol_daily_v1,2fad807743b5b06c5bdc24d2dc8495cff7dcab3e89596f8f72a0032b1b2fe06e
2024-02-07,TCB,HOSE,48583894750.0,48581310000.0,2584750.0,1275169.0,1275100.0,69.0,48581310000.0,48581310000.0,1275100.0,1275100.0,35800.0,37300.0,35800.0,37300.0,36580.0,HSX_FOREIGN_API,HOSE_SYMBOL_LEVEL,VND,2026-08-25T04:25:44Z,ff_hsx_symbol_daily_v1,bb8438bd99d614699dc6b096b2795d7cb7ddba1434f6b8ba6ecce7701df3492a
2024-02-15,TCB,HOSE,98437290000.0,98437290000.0,0.0,2467100.0,2467100.0,0.0,98437290000.0,98437290000.0,2467100.0,2467100.0,37500.0,38950.0,37450.0,38400.0,38370.0,HSX_FOREIGN_API,HOSE_SYMBOL_LEVEL,VND,2026-08-25T04:25:44Z,ff_hsx_symbol_daily_v1,3e6c44beb04b8e3909c0a690d3b0e264de2e2b09a83508baf7c728294f6f898b
2024-02-16,TCB,HOSE,26170606500.0,26170606500.0,0.0,637530.0,637530.0,0.0,26170606500.0,26170606500.0,637530.0,637530.0,38500.0,38700.0,37900.0,38500.0,38270.0,HSX_FOREIGN_API,HOSE_SYMBOL_LEVEL,VND,2026-08-25T04:25:44Z,ff_hsx_symbol_daily_v1,5a268fb3618ba6a10d479dbf7e47619505f3d0e44744b6b1c67a2043d492ec37
2024-02-19,TCB,HOSE,21138755000.0,21138755000.0,0.0,513700.0,513700.0,0.0,21138755000.0,21138755000.0,513700.0,513700.0,38550.0,39050.0,38450.0,38900.0,38770.0,HSX_FOREIGN_API,HOSE_SYMBOL_LEVEL,VND,2026-08-25T04:25:44Z,ff_hsx_symbol_daily_v1,134d5149fa179cd664820480d52066d922a013b7869becbcf983c580266b27ee
2024-02-20,TCB,HOSE,249600000000.0,249600000000.0,0.0,6000000.0,6000000.0,0.0,249600000000.0,249600000000.0,6000000.0,6000000.0,38800.0,39000.0,38500.0,38900.0,38730.0,HSX_FOREIGN_API,HOSE_SYMBOL_LEVEL,VND,2026-08-25T04:25:44Z,ff_hsx_symbol_daily_v1,b8f8997f4cedbc256ef060bcb0a48f5ef51c32d5439cb0bcf391fbec53faa982
2024-02-21,TCB,HOSE,42444480000.0,42444480000.0,0.0,1020300.0,1020300.0,0.0,42444480000.0,42444480000.0,1020300.0,1020300.0,38750.0,39350.0,38600.0,39000.0,38990.0,HSX_FOREIGN_API,HOSE_SYMBOL_LEVEL,VND,2026-08-25T04:25:44Z,ff_hsx_symbol_daily_v1,a88a97e690bdaab5f1a196c2c450d20b4daa39fec96f7ba46a658c07657caea7
2024-02-22,TCB,HOSE,106335000000.0,106335000000.0,0.0,2550000.0,2550000.0,0.0,106335000000.0,106335000000.0,2550000.0,2550000.0,39000.0,40350.0,38950.0,40300.0,39650.0,HSX_FOREIGN_API,HOSE_SYMBOL_LEVEL,VND,2026-08-25T04:25:44Z,ff_hsx_symbol_daily_v1,6e5ae354ee32ac034d56d74a31a2033bddbf4f3da0b13202c6ea2639d1e61bef
2024-02-23,TCB,HOSE,22515440000.0,22515440000.0,0.0,522400.0,522400.0,0.0,22515440000.0,22515440000.0,522400.0,522400.0,40750.0,42350.0,40000.0,40100.0,41200.0,HSX_FOREIGN_API,HOSE_SYMBOL_LEVEL,VND,2026-08-25T04:25:44Z,ff_hsx_symbol_daily_v1,3615bfa7fee09f85685ddd962873bb1d0e9197191d4fca23109f8042b4f36e8a
2024-02-26,TCB,HOSE,8640060000.0,8640060000.0,0.0,201400.0,201400.0,0.0,8640060000.0,8640060000.0,201400.0,201400.0,40200.0,41500.0,40200.0,41200.0,40860.0,HSX_FOREIGN_API,HOSE_SYMBOL_LEVEL,VND,2026-08-25T04:25:44Z,ff_hsx_symbol_daily_v1,76070cdb41ce25090e68dd658a986c7d6f80a5db7e3266a8860ac5d64c34af10
2024-02-27,TCB,HOSE,58670195000.0,58670195000.0,0.0,1331900.0,1331900.0,0.0,58670195000.0,58670195000.0,1331900.0,1331900.0,41400.0,41950.0,41000.0,41950.0,41390.0,HSX_FOREIGN_API,HOSE_SYMBOL_LEVEL,VND,2026-08-25T04:25:44Z,ff_hsx_symbol_daily_v1,f5c03ce41e99c42b9dfbe615273c0edbcd85864c600e5fa3564e2021489c20c1
2024-02-28,TCB,HOSE,5538975000.0,5538975000.0,0.0,123500.0,123500.0,0.0,5538975000.0,5538975000.0,123500.0,123500.0,42050.0,42350.0,41550.0,42200.0,41820.0,HSX_FOREIGN_API,HOSE_SYMBOL_LEVEL,VND,2026-08-25T04:25:44Z,ff_hsx_symbol_daily_v1,10fec85478228ba82bb3e77518942ba9643cfc831cd3e21381f4b4b2581b8f37
2024-02-29,TCB,HOSE,121354170000.0,121354170000.0,0.0,2687800.0,2687800.0,0.0,121354170000.0,121354170000.0,2687800.0,2687800.0,42450.0,42450.0,41350.0,42200.0,41780.0,HSX_FOREIGN_API,HOSE_SYMBOL_LEVEL,VND,2026-08-25T04:25:44Z,ff_hsx_symbol_daily_v1,a081b7249d500bce90489758ea54015f1fa027e55d9449132236b95f9bc614ce
2024-03-01,TCB,HOSE,3566850000.0,3566850000.0,0.0,79000.0,79000.0,0.0,3566850000.0,3566850000.0,79000.0,79000.0,41700.0,41850.0,41250.0,41850.0,41580.0,HSX_FOREIGN_API,HOSE_SYMBOL_LEVEL,VND,2026-08-25T04:25:44Z,ff_hsx_symbol_daily_v1,ecd7b556cfa2603433c6425613ad79e448376c248a3fa2b833f7b4d03606b009
2024-03-04,TCB,HOSE,9370650000.0,9370650000.0,0.0,209400.0,209400.0,0.0,9370650000.0,9370650000.0,209400.0,209400.0,41750.0,42200.0,41350.0,41850.0,41720.0,HSX_FOREIGN_API,HOSE_SYMBOL_LEVEL,VND,2026-08-25T04:25:44Z,ff_hsx_symbol_daily_v1,e4e6a9e45b832b6771d8cb9b94a9507b1acd38edca021ce586e070659166bb28
2024-03-05,TCB,HOSE,71981310000.0,71981310000.0,0.0,1670100.0,1670100.0,0.0,71981310000.0,71981310000.0,1670100.0,1670100.0,41800.0,42200.0,41400.0,42200.0,41740.0,HSX_FOREIGN_API,HOSE_SYMBOL_LEVEL,VND,2026-08-25T04:25:44Z,ff_hsx_symbol_daily_v1,5637d713a967b196a6936044c2a832abca961f83c31ac427775d40a81d14967b
2024-03-06,TCB,HOSE,46860000000.0,46934042750.0,-74042750.0,1065000.0,1066710.0,-1710.0,46860000000.0,46860000000.0,1065000.0,1065000.0,42050.0,43500.0,41800.0,42750.0,42870.0,HSX_FOREIGN_API,HOSE_SYMBOL_LEVEL,VND,2026-08-25T04:25:44Z,ff_hsx_symbol_daily_v1,6b6564aca446f33aa8287ada28caadbe68d9c4766126d29abde420eb6321a104
2024-03-07,TCB,HOSE,13765500000.0,13765500000.0,0.0,305900.0,305900.0,0.0,13765500000.0,13765500000.0,305900.0,305900.0,42850.0,43300.0,42400.0,42600.0,42690.0,HSX_FOREIGN_API,HOSE_SYMBOL_LEVEL,VND,2026-08-25T04:25:44Z,ff_hsx_symbol_daily_v1,fd78eef57d1ac2031ae0bbbe1ca8266253d9b6ac74df864223e5dc19ceb4a2bd
2024-03-08,TCB,HOSE,1699740000.0,1699740000.0,0.0,38000.0,38000.0,0.0,1699740000.0,1699740000.0,38000.0,38000.0,42450.0,42600.0,41000.0,41000.0,41540.0,HSX_FOREIGN_API,HOSE_SYMBOL_LEVEL,VND,2026-08-25T04:25:44Z,ff_hsx_symbol_daily_v1,28dc944ebc890373d6a529bfaa081d0e37f0b0a385d3a5330b0bb3a14a368193
2024-03-11,TCB,HOSE,4531200000.0,4531200000.0,0.0,108000.0,108000.0,0.0,4531200000.0,4531200000.0,108000.0,108000.0,40900.0,41200.0,39900.0,40400.0,40430.0,HSX_FOREIGN_API,HOSE_SYMBOL_LEVEL,VND,2026-08-25T04:25:44Z,ff_hsx_symbol_daily_v1,b5503bcb2c9fb05977ad6dcbd537af0a3006be987f255fa3ad2f174a3e693df2
2024-03-12,TCB,HOSE,12646816000.0,12646816000.0,0.0,301000.0,301000.0,0.0,12646816000.0,12646816000.0,301000.0,301000.0,40350.0,41300.0,40100.0,41200.0,40690.0,HSX_FOREIGN_API,HOSE_SYMBOL_LEVEL,VND,2026-08-25T04:25:44Z,ff_hsx_symbol_daily_v1,76681d7b831869d3d882d98433a477765203e89cfe67ca9bfc893efbe2579942
2024-03-13,TCB,HOSE,0.0,0.0,0.0,0.0,0.0,0.0,0.0,0.0,0.0,0.0,41200.0,42000.0,40950.0,42000.0,41520.0,HSX_FOREIGN_API,HOSE_SYMBOL_LEVEL,VND,2026-08-25T04:25:44Z,ff_hsx_symbol_daily_v1,af427c1edf92344cd528d27cf233fa78c59c71b7b53de297891a80e9eba7d1ee
2024-03-14,TCB,HOSE,46169760000.0,46169760000.0,0.0,1057000.0,1057000.0,0.0,46169760000.0,46169760000.0,1057000.0,1057000.0,42100.0,42100.0,41250.0,41400.0,41640.0,HSX_FOREIGN_API,HOSE_SYMBOL_LEVEL,VND,2026-08-25T04:25:44Z,ff_hsx_symbol_daily_v1,710180f835dc45f46251572ebc25c3d9556c693fb3c09b17fe3b27aad39ae8a4
2024-03-15,TCB,HOSE,0.0,0.0,0.0,0.0,0.0,0.0,0.0,0.0,0.0,0.0,41250.0,41650.0,40400.0,41400.0,40880.0,HSX_FOREIGN_API,HOSE_SYMBOL_LEVEL,VND,2026-08-25T04:25:44Z,ff_hsx_symbol_daily_v1,a107d92fec9a05c583719729293a970615bd0b2cfcfe35cd5000c1a0d2cf85ec
2024-03-18,TCB,HOSE,0.0,0.0,0.0,0.0,0.0,0.0,0.0,0.0,0.0,0.0,41200.0,41200.0,39400.0,40100.0,40110.0,HSX_FOREIGN_API,HOSE_SYMBOL_LEVEL,VND,2026-08-25T04:25:44Z,ff_hsx_symbol_daily_v1,b942bc2122e9d73c36bd1565cd24ebe3c32b831d8f06f9b29653d8e34425d82c
2024-03-19,TCB,HOSE,16354800000.0,16354800000.0,0.0,389400.0,389400.0,0.0,16354800000.0,16354800000.0,389400.0,389400.0,40200.0,40400.0,39600.0,40300.0,39960.0,HSX_FOREIGN_API,HOSE_SYMBOL_LEVEL,VND,2026-08-25T04:25:44Z,ff_hsx_symbol_daily_v1,eb69fa367b0afc1210e559fba9806b99e0bdb08e0e4dd366952fbb764dad5d71
2024-03-20,TCB,HOSE,3077340000.0,3077340000.0,0.0,71400.0,71400.0,0.0,3077340000.0,3077340000.0,71400.0,71400.0,40400.0,42450.0,40050.0,42300.0,41580.0,HSX_FOREIGN_API,HOSE_SYMBOL_LEVEL,VND,2026-08-25T04:25:44Z,ff_hsx_symbol_daily_v1,27774dd213d515c43629842dab89270f80dd23318f6571c5ff1e1a5751dcd290
2024-03-21,TCB,HOSE,108617680000.0,108617680000.0,0.0,2427200.0,2427200.0,0.0,108617680000.0,108617680000.0,2427200.0,2427200.0,42600.0,45100.0,42600.0,45100.0,43550.0,HSX_FOREIGN_API,HOSE_SYMBOL_LEVEL,VND,2026-08-25T04:25:44Z,ff_hsx_symbol_daily_v1,05d9d63226f72a0fe27bdaae3dc8c55da1d2b966742c27aababf6fa2bf5be270
2024-03-22,TCB,HOSE,98828742000.0,101073742000.0,-2245000000.0,2075600.0,2125600.0,-50000.0,98828742000.0,98828742000.0,2075600.0,2075600.0,45500.0,45500.0,44050.0,44900.0,44810.0,HSX_FOREIGN_API,HOSE_SYMBOL_LEVEL,VND,2026-08-25T04:25:44Z,ff_hsx_symbol_daily_v1,2fa010051b55c3591c643d45a4cd43551361e0c4c036f6ab779073e1d8f11490
2024-03-25,TCB,HOSE,4692050000.0,4692050000.0,0.0,100000.0,100000.0,0.0,4692050000.0,4692050000.0,100000.0,100000.0,45600.0,46400.0,44150.0,44800.0,45310.0,HSX_FOREIGN_API,HOSE_SYMBOL_LEVEL,VND,2026-08-25T04:25:44Z,ff_hsx_symbol_daily_v1,7e89615c789ec822727c8a907eae01fabfaa8bbb184a0f0ae84d7bd68de35eea
2024-03-26,TCB,HOSE,127371160000.0,127380560000.0,-9400000.0,2710620.0,2710820.0,-200.0,127371160000.0,127380560000.0,2710620.0,2710820.0,44800.0,46200.0,44500.0,45950.0,45500.0,HSX_FOREIGN_API,HOSE_SYMBOL_LEVEL,VND,2026-08-25T04:25:44Z,ff_hsx_symbol_daily_v1,d21e417b9aa2f4f3d870e3cfc68a6d4e12b941734d667b4b14bc8082ecbc7c3d
2024-03-27,TCB,HOSE,35409800000.0,33043350000.0,2366450000.0,742500.0,692500.0,50000.0,35409800000.0,33043350000.0,742500.0,692500.0,46200.0,46200.0,45100.0,45550.0,45570.0,HSX_FOREIGN_API,HOSE_SYMBOL_LEVEL,VND,2026-08-25T04:25:44Z,ff_hsx_symbol_daily_v1,fdf854c8dae52c28427a2207eee506ea605aa4bb900e4a93c02bd7779686572b
2024-03-28,TCB,HOSE,30642270000.0,223873156000.0,-193230886000.0,630100.0,4597880.0,-3967780.0,30642270000.0,30642270000.0,630100.0,630100.0,48700.0,48700.0,47700.0,48000.0,48470.0,HSX_FOREIGN_API,HOSE_SYMBOL_LEVEL,VND,2026-08-25T04:25:44Z,ff_hsx_symbol_daily_v1,3f2201eca1875a93c3be1d65840a824f1f24b358d970b3ce55a6fcdb5e9c8505
2024-03-29,TCB,HOSE,0.0,2000560000.0,-2000560000.0,0.0,42000.0,-42000.0,0.0,0.0,0.0,0.0,47950.0,48150.0,47550.0,47550.0,47720.0,HSX_FOREIGN_API,HOSE_SYMBOL_LEVEL,VND,2026-08-25T04:25:44Z,ff_hsx_symbol_daily_v1,378f4a520e96a229ae5fcc880e19b53b0268fe48a4ba33e77e13be0efe6a7059
2024-04-01,TCB,HOSE,0.0,0.0,0.0,0.0,0.0,0.0,0.0,0.0,0.0,0.0,47550.0,47700.0,46850.0,47450.0,47220.0,HSX_FOREIGN_API,HOSE_SYMBOL_LEVEL,VND,2026-08-25T04:25:44Z,ff_hsx_symbol_daily_v1,a5d37d8ee8c78382200cafd17cdf2d1326f8eddf531ee2b119184e0d88530006
2024-04-02,TCB,HOSE,648021528500.0,458325685200.0,189695843300.0,13445750.0,9477970.0,3967780.0,515451472500.0,458325685200.0,10660670.0,9477970.0,47600.0,48000.0,47000.0,47650.0,47500.0,HSX_FOREIGN_API,HOSE_SYMBOL_LEVEL,VND,2026-08-25T04:25:44Z,ff_hsx_symbol_daily_v1,ad4ab26cbd2436e882b00327ece71b700bdcdd819ff3eb69fa1e0c58589bc7e3
2024-04-03,TCB,HOSE,75950000000.0,75950000000.0,0.0,1550000.0,1550000.0,0.0,75950000000.0,75950000000.0,1550000.0,1550000.0,47400.0,47950.0,46800.0,46800.0,47310.0,HSX_FOREIGN_API,HOSE_SYMBOL_LEVEL,VND,2026-08-25T04:25:44Z,ff_hsx_symbol_daily_v1,5c3267069146ad49b0bd75648e627c94c7d22fac6d5c58df8c9e3ca964e8fd06
2024-04-04,TCB,HOSE,15552961632.0,15552961632.0,0.0,325812.0,325812.0,0.0,15552961632.0,15552961632.0,325812.0,325812.0,46500.0,46750.0,45950.0,46000.0,46280.0,HSX_FOREIGN_API,HOSE_SYMBOL_LEVEL,VND,2026-08-25T04:25:44Z,ff_hsx_symbol_daily_v1,2aff172c165f7da38ecf831e64766b5440a9e4d34b3555bbc9da42626917bf7d
2024-04-05,TCB,HOSE,92000000000.0,92000000000.0,0.0,2000000.0,2000000.0,0.0,92000000000.0,92000000000.0,2000000.0,2000000.0,45500.0,45900.0,45150.0,45200.0,45480.0,HSX_FOREIGN_API,HOSE_SYMBOL_LEVEL,VND,2026-08-25T04:25:44Z,ff_hsx_symbol_daily_v1,ccc71aadbaf413af3982e6dfaedf11a0edd20b02de86fb41797e6c30c3362ca0
2024-04-08,TCB,HOSE,33753100000.0,33753100000.0,0.0,725000.0,725000.0,0.0,33753100000.0,33753100000.0,725000.0,725000.0,45000.0,45850.0,44900.0,45500.0,45430.0,HSX_FOREIGN_API,HOSE_SYMBOL_LEVEL,VND,2026-08-25T04:25:44Z,ff_hsx_symbol_daily_v1,24f9b02ac56219cc8a40997c9306d13d291b7421562f7c6e712ac28daee884fb
2024-04-09,TCB,HOSE,0.0,0.0,0.0,0.0,0.0,0.0,0.0,0.0,0.0,0.0,45500.0,45800.0,45200.0,45800.0,45550.0,HSX_FOREIGN_API,HOSE_SYMBOL_LEVEL,VND,2026-08-25T04:25:44Z,ff_hsx_symbol_daily_v1,e8ce7ebe816df969f9cf1485afdac1c1b520e14511522250096ac61b48ce8370
2024-04-10,TCB,HOSE,5123096400.0,5123096400.0,0.0,108600.0,108600.0,0.0,5123096400.0,5123096400.0,108600.0,108600.0,46000.0,46800.0,45600.0,45650.0,46170.0,HSX_FOREIGN_API,HOSE_SYMBOL_LEVEL,VND,2026-08-25T04:25:44Z,ff_hsx_symbol_daily_v1,3fb1141364bcba10393abe8405117f3dc5ebc6b08014e2c612a9d9f7af6181cd
2024-04-11,TCB,HOSE,9272000000.0,9272000000.0,0.0,190000.0,190000.0,0.0,9272000000.0,9272000000.0,190000.0,190000.0,45050.0,45650.0,44950.0,45100.0,45260.0,HSX_FOREIGN_API,HOSE_SYMBOL_LEVEL,VND,2026-08-25T04:25:44Z,ff_hsx_symbol_daily_v1,860133bc0e328774f0aa455731e942671b70a1d43e18bd51a906c9d0a43a4812
2024-04-12,TCB,HOSE,0.0,0.0,0.0,0.0,0.0,0.0,0.0,0.0,0.0,0.0,45450.0,47450.0,45100.0,47400.0,46200.0,HSX_FOREIGN_API,HOSE_SYMBOL_LEVEL,VND,2026-08-25T04:25:44Z,ff_hsx_symbol_daily_v1,ff78ccb2f1391ed255cc9ac7ef5ee630ca9a6e5ce4afa6a0c655f6e723aecbae
2024-04-15,TCB,HOSE,0.0,0.0,0.0,0.0,0.0,0.0,0.0,0.0,0.0,0.0,47200.0,47450.0,44200.0,44400.0,45990.0,HSX_FOREIGN_API,HOSE_SYMBOL_LEVEL,VND,2026-08-25T04:25:44Z,ff_hsx_symbol_daily_v1,65d0821bbbd0f70375b941ef34a41a52ebb0f6647898f7653fbbaf1319246132
2024-04-16,TCB,HOSE,28353840000.0,28353840000.0,0.0,620000.0,620000.0,0.0,28353840000.0,28353840000.0,620000.0,620000.0,44950.0,45500.0,44200.0,45500.0,44840.0,HSX_FOREIGN_API,HOSE_SYMBOL_LEVEL,VND,2026-08-25T04:25:44Z,ff_hsx_symbol_daily_v1,41fda6251de8d432ff2a92a30c26a8a735aeb8759c2a50c0500204c383277c9e
2024-04-17,TCB,HOSE,9373000000.0,9373000000.0,0.0,200000.0,200000.0,0.0,9373000000.0,9373000000.0,200000.0,200000.0,45500.0,45600.0,44650.0,44850.0,45210.0,HSX_FOREIGN_API,HOSE_SYMBOL_LEVEL,VND,2026-08-25T04:25:44Z,ff_hsx_symbol_daily_v1,8017aadfb38ffd4ddc91444e709390a1b0ebf5fb6b258e35690314150a7b255a
2024-04-19,TCB,HOSE,27834828000.0,31354928000.0,-3520100000.0,633000.0,712800.0,-79800.0,27834828000.0,27834828000.0,633000.0,633000.0,44000.0,44650.0,43350.0,44500.0,43910.0,HSX_FOREIGN_API,HOSE_SYMBOL_LEVEL,VND,2026-08-25T04:25:44Z,ff_hsx_symbol_daily_v1,04cc5047d57cc055417768c9e660307c82d6315a50aad46c882ade391400183b
2024-04-22,TCB,HOSE,7003588000.0,10228103000.0,-3224515000.0,152800.0,223800.0,-71000.0,7003588000.0,7003588000.0,152800.0,152800.0,45350.0,45700.0,44900.0,45250.0,45330.0,HSX_FOREIGN_API,HOSE_SYMBOL_LEVEL,VND,2026-08-25T04:25:44Z,ff_hsx_symbol_daily_v1,e24217cd5ec0dbff6bce6f4328fc268b0b753be3b53d97ca050c61f82b1fb39e
2024-04-23,TCB,HOSE,41311890000.0,46549130000.0,-5237240000.0,870100.0,982300.0,-112200.0,41311890000.0,41311890000.0,870100.0,870100.0,45500.0,47500.0,45500.0,46200.0,46440.0,HSX_FOREIGN_API,HOSE_SYMBOL_LEVEL,VND,2026-08-25T04:25:44Z,ff_hsx_symbol_daily_v1,0531cead2b5cad3d4ede4d27eeccc1efaa6021319a19c8bfce3028d50d00575e
2024-04-24,TCB,HOSE,73886217180.0,71164617180.0,2721600000.0,1552630.0,1494430.0,58200.0,70657017180.0,70657017180.0,1483630.0,1483630.0,46800.0,47050.0,46400.0,47000.0,46880.0,HSX_FOREIGN_API,HOSE_SYMBOL_LEVEL,VND,2026-08-25T04:25:44Z,ff_hsx_symbol_daily_v1,c9a273c6af28c03e9c444c9324a6299d0ce188155bcdabd5d0ace75fda2aa468
2024-04-25,TCB,HOSE,98973628360.0,95536518360.0,3437110000.0,2054196.0,1983196.0,71000.0,98973628360.0,95536518360.0,2054196.0,1983196.0,47000.0,47000.0,45800.0,46150.0,46270.0,HSX_FOREIGN_API,HOSE_SYMBOL_LEVEL,VND,2026-08-25T04:25:44Z,ff_hsx_symbol_daily_v1,c0ae6c918ab37f228b15d7be9f8007861bb67d1c49a2bd6dbfad7184f8d6a10e
2024-04-26,TCB,HOSE,63911510650.0,59211585650.0,4699925000.0,1351790.0,1249590.0,102200.0,58750310650.0,58750310650.0,1239590.0,1239590.0,46000.0,46900.0,45650.0,46600.0,46320.0,HSX_FOREIGN_API,HOSE_SYMBOL_LEVEL,VND,2026-08-25T04:25:44Z,ff_hsx_symbol_daily_v1,b6e781a72113b312fdfc2faa2eecf369537327101059dba33fbc5cab269e8da5
2024-05-02,TCB,HOSE,6195780000.0,11770255000.0,-5574475000.0,132000.0,251300.0,-119300.0,5690340000.0,5690340000.0,121200.0,121200.0,46800.0,46950.0,46350.0,46850.0,46780.0,HSX_FOREIGN_API,HOSE_SYMBOL_LEVEL,VND,2026-08-25T04:25:44Z,ff_hsx_symbol_daily_v1,31d9cf107d057cde3c7a35fe042c6e5a1cea91562a4473258a1e13e5cb94c76a
2024-05-03,TCB,HOSE,8153671552.0,29364850352.0,-21211178800.0,168967.0,610724.0,-441757.0,8153671552.0,8153671552.0,168967.0,168967.0,47500.0,48800.0,47400.0,48200.0,48080.0,HSX_FOREIGN_API,HOSE_SYMBOL_LEVEL,VND,2026-08-25T04:25:44Z,ff_hsx_symbol_daily_v1,0ddb73a191601db5333dc75dc9eea1cd31a71981084e37b3105c36c25757e2e1
2024-05-06,TCB,HOSE,34223700000.0,87788480000.0,-53564780000.0,710000.0,1822000.0,-1112000.0,33738700000.0,33738700000.0,700000.0,700000.0,48500.0,48700.0,47900.0,48350.0,48240.0,HSX_FOREIGN_API,HOSE_SYMBOL_LEVEL,VND,2026-08-25T04:25:44Z,ff_hsx_symbol_daily_v1,961f7372f8690182071186d699e09750715f15e18af548bef1c80d698f16ba68
2024-05-07,TCB,HOSE,6286542050.0,106845575000.0,-100559032950.0,130100.0,2229000.0,-2098900.0,0.0,0.0,0.0,0.0,48350.0,48350.0,47700.0,47900.0,47930.0,HSX_FOREIGN_API,HOSE_SYMBOL_LEVEL,VND,2026-08-25T04:25:44Z,ff_hsx_symbol_daily_v1,85c47895fa6b484c1685610bed946861cfb23421cd31d7c0d9d163c96bdf7878
2024-05-08,TCB,HOSE,21119953700.0,240451740000.0,-219331786300.0,441757.0,4971800.0,-4530043.0,0.0,0.0,0.0,0.0,47900.0,49200.0,47300.0,48200.0,48260.0,HSX_FOREIGN_API,HOSE_SYMBOL_LEVEL,VND,2026-08-25T04:25:44Z,ff_hsx_symbol_daily_v1,727dbc6eced924755972a01b35b089f70219f708eb35404399281b7477961709
2024-05-09,TCB,HOSE,97037567700.0,164498395400.0,-67460827700.0,1996600.0,3394237.0,-1397637.0,42397139600.0,42398930400.0,874600.0,874637.0,48600.0,48900.0,47800.0,48450.0,48370.0,HSX_FOREIGN_API,HOSE_SYMBOL_LEVEL,VND,2026-08-25T04:25:44Z,ff_hsx_symbol_daily_v1,f3dc05b6dbb41545fbec9564c9f398b2adf37861c625903a9eade26bffa73df4
2024-05-10,TCB,HOSE,113090085900.0,51608987500.0,61481098400.0,2338741.0,1066350.0,1272391.0,14700000000.0,14700000000.0,300000.0,300000.0,48800.0,48800.0,47900.0,48500.0,48200.0,HSX_FOREIGN_API,HOSE_SYMBOL_LEVEL,VND,2026-08-25T04:25:44Z,ff_hsx_symbol_daily_v1,ba4665738377a6bbf868909e67cf16881c885d051561090d9eaf9de55c225bb3
2024-05-13,TCB,HOSE,64507910000.0,50537939700.0,13969970300.0,1335270.0,1046926.0,288344.0,8399370000.0,8399370000.0,173900.0,173900.0,48500.0,48650.0,48000.0,48400.0,48270.0,HSX_FOREIGN_API,HOSE_SYMBOL_LEVEL,VND,2026-08-25T04:25:44Z,ff_hsx_symbol_daily_v1,c91d2d8513fedff98bd8cf23bd6170aa08bbc900ea8cf9561985358b5c9b30d1
2024-05-14,TCB,HOSE,647842500.0,59695905000.0,-59048062500.0,13450.0,1242700.0,-1229250.0,0.0,0.0,0.0,0.0,48450.0,48450.0,47850.0,47900.0,48050.0,HSX_FOREIGN_API,HOSE_SYMBOL_LEVEL,VND,2026-08-25T04:25:44Z,ff_hsx_symbol_daily_v1,04c96b0cad88bebaa9728073c5b2a7e47f298d087639afcfe84bc9168798d69e
2024-05-15,TCB,HOSE,33567148600.0,69438970000.0,-35871821400.0,700935.0,1447700.0,-746765.0,0.0,0.0,0.0,0.0,47900.0,48150.0,47750.0,48100.0,47970.0,HSX_FOREIGN_API,HOSE_SYMBOL_LEVEL,VND,2026-08-25T04:25:44Z,ff_hsx_symbol_daily_v1,161c46eb305bff30f5abc44f08ae10bf8c9af7fd797a75e81939ad81a8f3e216
2024-05-16,TCB,HOSE,131851837400.0,88025462400.0,43826375000.0,2669300.0,1780000.0,889300.0,24676842400.0,24676842400.0,498200.0,498200.0,48500.0,49950.0,48400.0,49900.0,49300.0,HSX_FOREIGN_API,HOSE_SYMBOL_LEVEL,VND,2026-08-25T04:25:44Z,ff_hsx_symbol_daily_v1,e6c197b5603a518d89df4c887b0aacde1b764db1e4c601c414726e3926349695
2024-05-17,TCB,HOSE,44762788550.0,55225500000.0,-10462711450.0,899019.0,1108900.0,-209881.0,0.0,0.0,0.0,0.0,49750.0,50000.0,49650.0,49750.0,49790.0,HSX_FOREIGN_API,HOSE_SYMBOL_LEVEL,VND,2026-08-25T04:25:44Z,ff_hsx_symbol_daily_v1,77ed8be47e5d477dfbbff73c07da38ca2328d1a321211972adbea63bbd5df863
2024-05-20,TCB,HOSE,85530136200.0,104338046200.0,-18807910000.0,1713400.0,2091600.0,-378200.0,24830786200.0,24830786200.0,498200.0,498200.0,49950.0,50500.0,49550.0,49700.0,49870.0,HSX_FOREIGN_API,HOSE_SYMBOL_LEVEL,VND,2026-08-25T04:25:44Z,ff_hsx_symbol_daily_v1,04e536002558d0c42af78dd1457c46250d63429da073a40d7219e553c357f88b
2024-05-21,TCB,HOSE,21430885000.0,100041450000.0,-78610565000.0,452000.0,2107300.0,-1655300.0,0.0,0.0,0.0,0.0,48100.0,48200.0,47050.0,47200.0,47430.0,HSX_FOREIGN_API,HOSE_SYMBOL_LEVEL,VND,2026-08-25T04:25:44Z,ff_hsx_symbol_daily_v1,8b06790cc9870f69bfd0ca927741d32e342481313cfbec9e8141373c246e0217
2024-05-22,TCB,HOSE,85738025000.0,123505945000.0,-37767920000.0,1834400.0,2642900.0,-808500.0,0.0,0.0,0.0,0.0,47250.0,47500.0,46350.0,46400.0,46740.0,HSX_FOREIGN_API,HOSE_SYMBOL_LEVEL,VND,2026-08-25T04:25:44Z,ff_hsx_symbol_daily_v1,84220c2ca51dd2d4bb31294060e7f534b0d470fde5411ab1e507712a1f8f54e5
2024-05-23,TCB,HOSE,30127862800.0,26674890000.0,3452972800.0,650562.0,577700.0,72862.0,0.0,0.0,0.0,0.0,46300.0,46650.0,45850.0,46500.0,46230.0,HSX_FOREIGN_API,HOSE_SYMBOL_LEVEL,VND,2026-08-25T04:25:44Z,ff_hsx_symbol_daily_v1,6d3f12361d50e933406fd624470fb901b0ed69c309848e021f879f7ba75753f6
2024-05-24,TCB,HOSE,69299095000.0,36368535000.0,32930560000.0,1493100.0,777000.0,716100.0,0.0,0.0,0.0,0.0,46150.0,47250.0,45800.0,46400.0,46500.0,HSX_FOREIGN_API,HOSE_SYMBOL_LEVEL,VND,2026-08-25T04:25:44Z,ff_hsx_symbol_daily_v1,44001ab7bb3fbba9ca1cd21e105264bcac1583ffa9c118a9291959a2a9428687
2024-05-27,TCB,HOSE,34488417400.0,24989725000.0,9498692400.0,745521.0,540900.0,204621.0,0.0,0.0,0.0,0.0,46400.0,46600.0,46000.0,46500.0,46200.0,HSX_FOREIGN_API,HOSE_SYMBOL_LEVEL,VND,2026-08-25T04:25:44Z,ff_hsx_symbol_daily_v1,ec56aaaf7785cc922afd2948bbaaef79cfd09746b96717973def33a941f7f261
2024-05-28,TCB,HOSE,19131784300.0,14908220000.0,4223564300.0,410979.0,321000.0,89979.0,0.0,0.0,0.0,0.0,46500.0,46950.0,46300.0,46900.0,46500.0,HSX_FOREIGN_API,HOSE_SYMBOL_LEVEL,VND,2026-08-25T04:25:44Z,ff_hsx_symbol_daily_v1,9dd69c4e2aa9d2f4026e029af2fd89dcb4649b3758901e5d261ad6ba85e3e06c
2024-05-29,TCB,HOSE,52234374250.0,9890325000.0,42344049250.0,1120511.0,211300.0,909211.0,0.0,0.0,0.0,0.0,47000.0,47050.0,46400.0,46500.0,46650.0,HSX_FOREIGN_API,HOSE_SYMBOL_LEVEL,VND,2026-08-25T04:25:44Z,ff_hsx_symbol_daily_v1,64640d0a3038ed587553bbef0742a0042b68a95214141900e3c941f4ffdd60b3
2024-05-30,TCB,HOSE,52154411900.0,9835457750.0,42318954150.0,1123587.0,213355.0,910232.0,0.0,0.0,0.0,0.0,46050.0,46800.0,45850.0,46800.0,46130.0,HSX_FOREIGN_API,HOSE_SYMBOL_LEVEL,VND,2026-08-25T04:25:44Z,ff_hsx_symbol_daily_v1,bdd89cccfbd71796e0a5a1584adfea0fe703ef93d7caf15b2ffde3e8799d14a9
2024-05-31,TCB,HOSE,88933374550.0,25999335000.0,62934039550.0,1897275.0,554300.0,1342975.0,0.0,0.0,0.0,0.0,46800.0,47000.0,46300.0,47000.0,46860.0,HSX_FOREIGN_API,HOSE_SYMBOL_LEVEL,VND,2026-08-25T04:25:44Z,ff_hsx_symbol_daily_v1,13a62b0a93d73d680540eccd638b45568436169ccbbf8c8d3f5d77a7e451b363
2024-06-03,TCB,HOSE,19309510000.0,118767626700.0,-99458116700.0,407600.0,2508580.0,-2100980.0,0.0,0.0,0.0,0.0,47500.0,47700.0,47100.0,47150.0,47400.0,HSX_FOREIGN_API,HOSE_SYMBOL_LEVEL,VND,2026-08-25T04:25:44Z,ff_hsx_symbol_daily_v1,cd6be3a8793e64f3f82ffa33892d2bb733b8515e2aa1b288a86144a5e68b6dc9
2024-06-04,TCB,HOSE,120730170600.0,134228190000.0,-13498019400.0,2544112.0,2832300.0,-288188.0,0.0,0.0,0.0,0.0,47500.0,47800.0,47000.0,47600.0,47410.0,HSX_FOREIGN_API,HOSE_SYMBOL_LEVEL,VND,2026-08-25T04:25:44Z,ff_hsx_symbol_daily_v1,bb8022ee494eed0c196925c293298490b453ae91d8f45dbdd4c29f90c29f3ce4
2024-06-05,TCB,HOSE,85597888700.0,87289950000.0,-1692061300.0,1803218.0,1841900.0,-38682.0,0.0,0.0,0.0,0.0,47700.0,47750.0,47200.0,47500.0,47410.0,HSX_FOREIGN_API,HOSE_SYMBOL_LEVEL,VND,2026-08-25T04:25:44Z,ff_hsx_symbol_daily_v1,1deb69e36c764e9172a525ef57f694d934db23e2b055c4e2df32ef2ca0fa86c4
2024-06-06,TCB,HOSE,60393115350.0,175918947000.0,-115525831650.0,1265461.0,3696960.0,-2431499.0,0.0,0.0,0.0,0.0,47550.0,48000.0,47200.0,48000.0,47650.0,HSX_FOREIGN_API,HOSE_SYMBOL_LEVEL,VND,2026-08-25T04:25:44Z,ff_hsx_symbol_daily_v1,ed7877f3d3a4125367a5c5dd6213a50f24b9ae2b41218733bc42d26cd31e32cc
2024-06-07,TCB,HOSE,150616371800.0,172043526200.0,-21427154400.0,3072931.0,3512940.0,-440009.0,18570411600.0,18570411600.0,379600.0,379600.0,49000.0,49700.0,48700.0,49100.0,49050.0,HSX_FOREIGN_API,HOSE_SYMBOL_LEVEL,VND,2026-08-25T04:25:44Z,ff_hsx_symbol_daily_v1,956f8c044e2ba8b8f1a7592d0ab6d87b780a708668be254b5c1ba63198d9012f
2024-06-10,TCB,HOSE,42258615000.0,35806615000.0,6452000000.0,864900.0,730300.0,134600.0,0.0,0.0,0.0,0.0,49500.0,49500.0,48350.0,48900.0,48890.0,HSX_FOREIGN_API,HOSE_SYMBOL_LEVEL,VND,2026-08-25T04:25:44Z,ff_hsx_symbol_daily_v1,b783df3bac6d1db2f25c7d99dd26d3e20c5352fb1c3d53d7fd3a58abb2da23ff
2024-06-11,TCB,HOSE,23309545000.0,142151865000.0,-118842320000.0,471500.0,2876400.0,-2404900.0,0.0,0.0,0.0,0.0,49500.0,49850.0,49150.0,49350.0,49440.0,HSX_FOREIGN_API,HOSE_SYMBOL_LEVEL,VND,2026-08-25T04:25:44Z,ff_hsx_symbol_daily_v1,fe921553373779cce9dbe33344b62565e954d3b2a4ebb8855ef5e645ffbf215b
2024-06-12,TCB,HOSE,158599235700.0,152064544900.0,6534690800.0,3225654.0,3092726.0,132928.0,55240446000.0,55240446000.0,1125060.0,1125060.0,49350.0,49500.0,49000.0,49400.0,49220.0,HSX_FOREIGN_API,HOSE_SYMBOL_LEVEL,VND,2026-08-25T04:25:44Z,ff_hsx_symbol_daily_v1,86db59084697b0a1bc74619b54b620db9d123589e853d7d4f02924c303293bcb
2024-06-13,TCB,HOSE,23733671250.0,69390190000.0,-45656518750.0,479914.0,1404000.0,-924086.0,0.0,7420500000.0,0.0,150000.0,49500.0,49600.0,49300.0,49400.0,49420.0,HSX_FOREIGN_API,HOSE_SYMBOL_LEVEL,VND,2026-08-25T04:25:44Z,ff_hsx_symbol_daily_v1,607c338a2c3a6d5408220fa3bf2d61afe1293ae04719b955a6c4cb9312acc10b
2024-06-14,TCB,HOSE,56495407850.0,87908630000.0,-31413222150.0,1145213.0,1781000.0,-635787.0,0.0,0.0,0.0,0.0,49500.0,49550.0,49100.0,49100.0,49350.0,HSX_FOREIGN_API,HOSE_SYMBOL_LEVEL,VND,2026-08-25T04:25:44Z,ff_hsx_symbol_daily_v1,85b74ec0007e790c7e1f06ac5196b0136c148770d813ca158791c6e4aa1310dd
2024-06-17,TCB,HOSE,36467385000.0,43356933450.0,-6889548450.0,749800.0,890580.0,-140780.0,0.0,0.0,0.0,0.0,49050.0,49050.0,48500.0,48600.0,48660.0,HSX_FOREIGN_API,HOSE_SYMBOL_LEVEL,VND,2026-08-25T04:25:44Z,ff_hsx_symbol_daily_v1,5463ceddc3a52d7ce17aea78cf884db1a309becbf4d4185cf67a818fbe9dc350
2024-06-18,TCB,HOSE,108458175150.0,112855620000.0,-4397444850.0,2226311.0,2315700.0,-89389.0,0.0,0.0,0.0,0.0,48600.0,49100.0,48200.0,48800.0,48680.0,HSX_FOREIGN_API,HOSE_SYMBOL_LEVEL,VND,2026-08-25T04:25:44Z,ff_hsx_symbol_daily_v1,f8078c08b0d6b02a3422bb8ae55836dd333e5a576192801229c1bbc7de4931d2
2024-06-19,TCB,HOSE,72485579050.0,148843084000.0,-76357504950.0,1499497.0,3069080.0,-1569583.0,0.0,0.0,0.0,0.0,49000.0,49000.0,48150.0,48300.0,48420.0,HSX_FOREIGN_API,HOSE_SYMBOL_LEVEL,VND,2026-08-25T04:25:44Z,ff_hsx_symbol_daily_v1,04f07f6f72d55071b0c46918d4eb51d14cd513f025d6bf6c03c9ee6e43660c1b
2024-06-20,TCB,HOSE,28102033500.0,96946910000.0,-68844876500.0,1134130.0,3913200.0,-2779070.0,0.0,0.0,0.0,0.0,24550.0,25150.0,24500.0,24800.0,24830.0,HSX_FOREIGN_API,HOSE_SYMBOL_LEVEL,VND,2026-08-25T04:25:44Z,ff_hsx_symbol_daily_v1,fae83059881c38903ec7681e7b59889dfdd91c552f474941d445715e16f0a2ae
2024-06-21,TCB,HOSE,39165809200.0,78195465000.0,-39029655800.0,1599551.0,3192100.0,-1592549.0,0.0,0.0,0.0,0.0,24950.0,24950.0,24200.0,24500.0,24470.0,HSX_FOREIGN_API,HOSE_SYMBOL_LEVEL,VND,2026-08-25T04:25:44Z,ff_hsx_symbol_daily_v1,3a4c7690be05a90261dfef8f6757e4719488760b4616846a5dac049283526232
2024-06-24,TCB,HOSE,66577899950.0,9428240000.0,57149659950.0,2773651.0,389200.0,2384451.0,0.0,0.0,0.0,0.0,24500.0,24500.0,23600.0,23950.0,24010.0,HSX_FOREIGN_API,HOSE_SYMBOL_LEVEL,VND,2026-08-25T04:25:44Z,ff_hsx_symbol_daily_v1,eddc82bf635124c26bff669d11057dc46de6260fe9e719b4b479b740ddb92292
2024-06-25,TCB,HOSE,95674142000.0,60548310000.0,35125832000.0,4032420.0,2560300.0,1472120.0,0.0,0.0,0.0,0.0,23950.0,24000.0,23400.0,24000.0,23660.0,HSX_FOREIGN_API,HOSE_SYMBOL_LEVEL,VND,2026-08-25T04:25:44Z,ff_hsx_symbol_daily_v1,1cab46c1a973b21374ba471cccd2d8eba88c16151eb830d5145562d0876821b6
2024-06-26,TCB,HOSE,564211226500.0,484406655000.0,79804571500.0,23861871.0,20519100.0,3342771.0,472000000000.0,472000000000.0,20000000.0,20000000.0,23950.0,24000.0,23550.0,24000.0,23850.0,HSX_FOREIGN_API,HOSE_SYMBOL_LEVEL,VND,2026-08-25T04:25:44Z,ff_hsx_symbol_daily_v1,aa1699e2547b3ba8a12882d8d7d39c20d8a16a1c9b9f798aec9db740b9ceece7
2024-06-27,TCB,HOSE,535365935300.0,610190065000.0,-74824129700.0,22360186.0,25544900.0,-3184714.0,480000000000.0,480000000000.0,20000000.0,20000000.0,23650.0,23700.0,23350.0,23450.0,23470.0,HSX_FOREIGN_API,HOSE_SYMBOL_LEVEL,VND,2026-08-25T04:25:44Z,ff_hsx_symbol_daily_v1,c81f4df3af2105dcb1cb4760e6297c32895f484e14ffcf69faa37317a7576786
2024-06-28,TCB,HOSE,68242285000.0,246902760000.0,-178660475000.0,2955100.0,10767300.0,-7812200.0,10499650000.0,10499650000.0,458000.0,458000.0,23450.0,23500.0,22500.0,23350.0,22960.0,HSX_FOREIGN_API,HOSE_SYMBOL_LEVEL,VND,2026-08-25T04:25:44Z,ff_hsx_symbol_daily_v1,8e13f99b8b1896fa63c2365e86dc394b4b4dc20e41486833e33f625178fa426a
2024-07-01,TCB,HOSE,30033229500.0,121497945000.0,-91464715500.0,1315345.0,5329500.0,-4014155.0,11380500000.0,11380500000.0,500000.0,500000.0,23100.0,23100.0,22650.0,22650.0,22810.0,HSX_FOREIGN_API,HOSE_SYMBOL_LEVEL,VND,2026-08-25T04:25:44Z,ff_hsx_symbol_daily_v1,eb0742d05ab39c622889fa3d5bdec447ccc88a9525af712d3d03933957eaae08
2024-07-02,TCB,HOSE,15659687450.0,57465630000.0,-41805942550.0,681539.0,2506700.0,-1825161.0,0.0,0.0,0.0,0.0,22850.0,23200.0,22650.0,22900.0,22950.0,HSX_FOREIGN_API,HOSE_SYMBOL_LEVEL,VND,2026-08-25T04:25:44Z,ff_hsx_symbol_daily_v1,d6ec64df8878c3babd9fdd4a74300481995fba5ea1a292eee6e67c2240d81977
2024-07-03,TCB,HOSE,29665096250.0,37867211500.0,-8202115250.0,1272125.0,1617818.0,-345693.0,0.0,0.0,0.0,0.0,22950.0,23550.0,22900.0,23500.0,23310.0,HSX_FOREIGN_API,HOSE_SYMBOL_LEVEL,VND,2026-08-25T04:25:44Z,ff_hsx_symbol_daily_v1,6b4db563f3b045a9b5454ee784006d1bf4fd5f1e077a44050f70c35e9f7c6526
2024-07-04,TCB,HOSE,15068365000.0,18856225000.0,-3787860000.0,642200.0,803800.0,-161600.0,0.0,0.0,0.0,0.0,23500.0,23550.0,23300.0,23500.0,23430.0,HSX_FOREIGN_API,HOSE_SYMBOL_LEVEL,VND,2026-08-25T04:25:44Z,ff_hsx_symbol_daily_v1,bf3db272d1ff5e9369e419a0f4bde456c84b8c7ca562b2d67c27be576d6ea8ba
2024-07-05,TCB,HOSE,62749573700.0,58874413750.0,3875159950.0,2682922.0,2518025.0,164897.0,13432000000.0,13432000000.0,575000.0,575000.0,23350.0,23500.0,23200.0,23500.0,23360.0,HSX_FOREIGN_API,HOSE_SYMBOL_LEVEL,VND,2026-08-25T04:25:44Z,ff_hsx_symbol_daily_v1,dd2694c71235bf4429060f965f1630660dcc2dd3f05255b1bb59078d93711887
2024-07-08,TCB,HOSE,36921546000.0,51079727600.0,-14158181600.0,1583401.0,2195200.0,-611799.0,19635677600.0,19635677600.0,844400.0,844400.0,23500.0,23500.0,23100.0,23450.0,23270.0,HSX_FOREIGN_API,HOSE_SYMBOL_LEVEL,VND,2026-08-25T04:25:44Z,ff_hsx_symbol_daily_v1,dd3fe2d1a090f813bd7f74774c2726ce864d3311d38aecc16a5dfc2da2be051f
2024-07-09,TCB,HOSE,61545744000.0,144605702600.0,-83059958600.0,2632944.0,6181850.0,-3548906.0,0.0,0.0,0.0,0.0,23300.0,23500.0,23250.0,23350.0,23390.0,HSX_FOREIGN_API,HOSE_SYMBOL_LEVEL,VND,2026-08-25T04:25:44Z,ff_hsx_symbol_daily_v1,3aa97ab1bcbd1c9e058b3c0bfe9c8e051b70ccc19c8b46971c91417abac27016
2024-07-10,TCB,HOSE,39577769700.0,140106984450.0,-100529214750.0,1709282.0,6047510.0,-4338228.0,0.0,0.0,0.0,0.0,23400.0,23450.0,23100.0,23150.0,23170.0,HSX_FOREIGN_API,HOSE_SYMBOL_LEVEL,VND,2026-08-25T04:25:44Z,ff_hsx_symbol_daily_v1,f2bb15fa11a513140fcc5f5f06e03fa49302e348825daa8a6f992d75e049da06
2024-07-11,TCB,HOSE,17681360000.0,189992678000.0,-172311318000.0,768700.0,8268090.0,-7499390.0,0.0,0.0,0.0,0.0,23150.0,23350.0,22800.0,22800.0,22980.0,HSX_FOREIGN_API,HOSE_SYMBOL_LEVEL,VND,2026-08-25T04:25:44Z,ff_hsx_symbol_daily_v1,e09b917c83a1a425d7544d3075c3fb0a7c755fb8035811c88d66889ff374adf7
2024-07-12,TCB,HOSE,5045265000.0,54561110000.0,-49515845000.0,220600.0,2388400.0,-2167800.0,0.0,0.0,0.0,0.0,22850.0,23000.0,22800.0,22800.0,22840.0,HSX_FOREIGN_API,HOSE_SYMBOL_LEVEL,VND,2026-08-25T04:25:44Z,ff_hsx_symbol_daily_v1,a6e32c014dbff55e92b27da36fec960f9618f034acf5a53e9c29981caf78d0a1
2024-07-15,TCB,HOSE,16357045000.0,60523775000.0,-44166730000.0,716800.0,2658800.0,-1942000.0,0.0,0.0,0.0,0.0,22850.0,22900.0,22600.0,22650.0,22740.0,HSX_FOREIGN_API,HOSE_SYMBOL_LEVEL,VND,2026-08-25T04:25:44Z,ff_hsx_symbol_daily_v1,5dd2bad1fb1dbb226ce8a5a1ad5644458113118932f120b7d193171ce68d415a
2024-07-16,TCB,HOSE,29831253600.0,99448311100.0,-69617057500.0,1314512.0,4385740.0,-3071228.0,0.0,0.0,0.0,0.0,22650.0,22850.0,22550.0,22700.0,22680.0,HSX_FOREIGN_API,HOSE_SYMBOL_LEVEL,VND,2026-08-25T04:25:44Z,ff_hsx_symbol_daily_v1,244b649c11b3b3ee237081fa695e110f699896298440b8d7eb9ddb163e007eab
2024-07-17,TCB,HOSE,204724377450.0,102524017000.0,102200360450.0,8819600.0,4474810.0,4344790.0,71048367000.0,71048367000.0,3120210.0,3120210.0,22850.0,24200.0,22800.0,23700.0,23430.0,HSX_FOREIGN_API,HOSE_SYMBOL_LEVEL,VND,2026-08-25T04:25:44Z,ff_hsx_symbol_daily_v1,d9989ee4bd81d4b72c535b1fc49895e8f01f46a54c057216d15b7db4a0a64306
2024-07-18,TCB,HOSE,129164025000.0,100687592000.0,28476433000.0,5493600.0,4277960.0,1215640.0,84575900000.0,84575900000.0,3595000.0,3595000.0,23700.0,23850.0,23300.0,23700.0,23520.0,HSX_FOREIGN_API,HOSE_SYMBOL_LEVEL,VND,2026-08-25T04:25:44Z,ff_hsx_symbol_daily_v1,172f71db09f3cb372ce60a053ecfc93068f2fe0923904f00bb40efd1b533ab0d
2024-07-19,TCB,HOSE,25028260000.0,129856625000.0,-104828365000.0,1068800.0,5561040.0,-4492240.0,0.0,0.0,0.0,0.0,23750.0,23750.0,23100.0,23400.0,23360.0,HSX_FOREIGN_API,HOSE_SYMBOL_LEVEL,VND,2026-08-25T04:25:44Z,ff_hsx_symbol_daily_v1,4654ec1c12934bc2cb2bda071da4e8038ecdcf6b2c401f5f39d5dc9cec416a4d
2024-07-22,TCB,HOSE,30296245000.0,35097120000.0,-4800875000.0,1296900.0,1492600.0,-195700.0,6337600000.0,6337600000.0,272000.0,272000.0,23300.0,23800.0,23000.0,23650.0,23480.0,HSX_FOREIGN_API,HOSE_SYMBOL_LEVEL,VND,2026-08-25T04:25:44Z,ff_hsx_symbol_daily_v1,13e3bfde3d2e24e6506166b38424b187458aadb987f42d856bca63d5942df0b3
2024-07-23,TCB,HOSE,45825365000.0,44775485000.0,1049880000.0,1960400.0,1917900.0,42500.0,16288300000.0,16288300000.0,700000.0,700000.0,23800.0,23800.0,23000.0,23050.0,23360.0,HSX_FOREIGN_API,HOSE_SYMBOL_LEVEL,VND,2026-08-25T04:25:44Z,ff_hsx_symbol_daily_v1,7472a0e5ec4c25497e4a8f8b0b00ad34b88222ee4c6013c2d9f7256b67172772
2024-07-24,TCB,HOSE,46958840000.0,28652275000.0,18306565000.0,2040200.0,1246300.0,793900.0,0.0,0.0,0.0,0.0,22850.0,23200.0,22850.0,23000.0,23000.0,HSX_FOREIGN_API,HOSE_SYMBOL_LEVEL,VND,2026-08-25T04:25:44Z,ff_hsx_symbol_daily_v1,cef77f1886c5f82cb1cb73525e8b77981cbc5b02167272eb35caa51cf9615ff4
2024-07-25,TCB,HOSE,6670875000.0,26789265000.0,-20118390000.0,293800.0,1178200.0,-884400.0,0.0,0.0,0.0,0.0,22850.0,22900.0,22550.0,22750.0,22710.0,HSX_FOREIGN_API,HOSE_SYMBOL_LEVEL,VND,2026-08-25T04:25:44Z,ff_hsx_symbol_daily_v1,ca2c4603074a22e2f0c7cd9fa24ffadd562b3d679649ada596f398ab3268f495
2024-07-26,TCB,HOSE,24344800000.0,36022665000.0,-11677865000.0,1069200.0,1583900.0,-514700.0,10921200000.0,10921200000.0,480000.0,480000.0,22700.0,22850.0,22600.0,22750.0,22740.0,HSX_FOREIGN_API,HOSE_SYMBOL_LEVEL,VND,2026-08-25T04:25:44Z,ff_hsx_symbol_daily_v1,a460ae142e91bd746c9218ffc66ce3cc1d88eb4b6b374caf1c8380c58c47763b
2024-07-29,TCB,HOSE,5983145000.0,20378825000.0,-14395680000.0,262100.0,892400.0,-630300.0,0.0,0.0,0.0,0.0,22850.0,22950.0,22750.0,22750.0,22820.0,HSX_FOREIGN_API,HOSE_SYMBOL_LEVEL,VND,2026-08-25T04:25:44Z,ff_hsx_symbol_daily_v1,c118ff261e411a6d72a4c77df9c83be3334d62ba78e1b45f5c70e5fab9409666
2024-07-30,TCB,HOSE,47358995250.0,24944830000.0,22414165250.0,2082571.0,1096900.0,985671.0,0.0,0.0,0.0,0.0,22700.0,22950.0,22600.0,22950.0,22750.0,HSX_FOREIGN_API,HOSE_SYMBOL_LEVEL,VND,2026-08-25T04:25:44Z,ff_hsx_symbol_daily_v1,62e7087c1704245982874df958f73ede62431066ebd0ceb71b9a00aca8abe961
2024-07-31,TCB,HOSE,13124527200.0,56702565000.0,-43578037800.0,568234.0,2452200.0,-1883966.0,0.0,0.0,0.0,0.0,23000.0,23350.0,22950.0,23250.0,23120.0,HSX_FOREIGN_API,HOSE_SYMBOL_LEVEL,VND,2026-08-25T04:25:44Z,ff_hsx_symbol_daily_v1,3c72225ff16b30b01952b79758e552a6318a34a98272c41a2156b9708e742ad5
2024-08-01,TCB,HOSE,31664570000.0,40320940000.0,-8656370000.0,1377200.0,1760600.0,-383400.0,0.0,0.0,0.0,0.0,23200.0,23250.0,22550.0,23000.0,22940.0,HSX_FOREIGN_API,HOSE_SYMBOL_LEVEL,VND,2026-08-25T04:25:44Z,ff_hsx_symbol_daily_v1,17f8f354060d73b11c3d47218d27cf33e521b5734b7fd7259305c5bad1c5f044
2024-08-02,TCB,HOSE,55481365000.0,12605390000.0,42875975000.0,2418800.0,551000.0,1867800.0,4585800000.0,4585800000.0,200000.0,200000.0,22550.0,23500.0,22550.0,23500.0,23020.0,HSX_FOREIGN_API,HOSE_SYMBOL_LEVEL,VND,2026-08-25T04:25:44Z,ff_hsx_symbol_daily_v1,639dc64dfd352e0b1744ad681937296ac7d1ae8bb1d9b1d0c79e22c531de6b21
2024-08-05,TCB,HOSE,3295035000.0,68269815050.0,-64974780050.0,146000.0,3014500.0,-2868500.0,0.0,0.0,0.0,0.0,23000.0,23000.0,22300.0,22300.0,22600.0,HSX_FOREIGN_API,HOSE_SYMBOL_LEVEL,VND,2026-08-25T04:25:44Z,ff_hsx_symbol_daily_v1,6c8707f83e210b284cc5e614d79953076cd186f1ae9d4a1f7a3cdc840fd3e53a
2024-08-06,TCB,HOSE,31090085000.0,61460714000.0,-30370629000.0,1396500.0,2736660.0,-1340160.0,0.0,8308914000.0,0.0,353000.0,22400.0,22600.0,22050.0,22300.0,22290.0,HSX_FOREIGN_API,HOSE_SYMBOL_LEVEL,VND,2026-08-25T04:25:44Z,ff_hsx_symbol_daily_v1,3d0ddb0560be21ff6dd9a5154a9ac367614f293f414e1c72e882853f743fa2ff
2024-08-07,TCB,HOSE,42421265900.0,137279397900.0,-94858132000.0,1934000.0,6250060.0,-4316060.0,12587185900.0,12587185900.0,572900.0,572900.0,22400.0,22400.0,21750.0,21800.0,21970.0,HSX_FOREIGN_API,HOSE_SYMBOL_LEVEL,VND,2026-08-25T04:25:44Z,ff_hsx_symbol_daily_v1,bbe31ef5fa3d6534fd53df37079e4501a1c8eaf07f57440eadaa15a6b7367f23
2024-08-08,TCB,HOSE,32518198600.0,246604671500.0,-214086472900.0,1543853.0,11659710.0,-10115857.0,10552500000.0,10552500000.0,500000.0,500000.0,21600.0,21650.0,20750.0,20850.0,21110.0,HSX_FOREIGN_API,HOSE_SYMBOL_LEVEL,VND,2026-08-25T04:25:44Z,ff_hsx_symbol_daily_v1,3a80f0ec6d230c95350c7d28dc69e1edc05603b6fce234beee918297f34cc7f6
2024-08-09,TCB,HOSE,41071844800.0,140594666800.0,-99522822000.0,1944900.0,6662480.0,-4717580.0,3129094800.0,3129094800.0,148200.0,148200.0,21000.0,21300.0,21000.0,21100.0,21110.0,HSX_FOREIGN_API,HOSE_SYMBOL_LEVEL,VND,2026-08-25T04:25:44Z,ff_hsx_symbol_daily_v1,be584b7c0ebd3ba4f0a8b4535ffb28f7d4c1b28e2808eb25472978fcfb8ccfa0
2024-08-12,TCB,HOSE,16879970000.0,61402258150.0,-44522288150.0,799200.0,2907000.0,-2107800.0,10559000000.0,10559000000.0,500000.0,500000.0,21200.0,21250.0,21000.0,21250.0,21120.0,HSX_FOREIGN_API,HOSE_SYMBOL_LEVEL,VND,2026-08-25T04:25:44Z,ff_hsx_symbol_daily_v1,b4586a0cdd367c3cc0c443de679f3ebea1739d7af184188c620c682c0d7c88db
2024-08-13,TCB,HOSE,40215134000.0,115131588000.0,-74916454000.0,1913300.0,5481890.0,-3568590.0,15388044000.0,15388044000.0,733000.0,733000.0,21200.0,21200.0,20900.0,21000.0,21010.0,HSX_FOREIGN_API,HOSE_SYMBOL_LEVEL,VND,2026-08-25T04:25:44Z,ff_hsx_symbol_daily_v1,e3c50afb0ac43a4748c88a4e933e22455b2406b219c1de795e722ffae88e3986
2024-08-14,TCB,HOSE,35114453850.0,76974464550.0,-41860010700.0,1666337.0,3652440.0,-1986103.0,17185750000.0,17185750000.0,815000.0,815000.0,21050.0,21300.0,20900.0,21200.0,21110.0,HSX_FOREIGN_API,HOSE_SYMBOL_LEVEL,VND,2026-08-25T04:25:44Z,ff_hsx_symbol_daily_v1,03f7d723a1d90a7a4723bf3e627a04fa09db521fbf339384ae4c535251cb7d7b
2024-08-15,TCB,HOSE,25794846600.0,99411650300.0,-73616803700.0,1225400.0,4724960.0,-3499560.0,13071911600.0,13071911600.0,621200.0,621200.0,21200.0,21200.0,20950.0,21150.0,21040.0,HSX_FOREIGN_API,HOSE_SYMBOL_LEVEL,VND,2026-08-25T04:25:44Z,ff_hsx_symbol_daily_v1,7fc531a80290a76c89a11808758e43bae6aec3e5077de9e7230a0dbc4bb0c938
2024-08-16,TCB,HOSE,46265218350.0,154565710000.0,-108300491650.0,2170563.0,7259300.0,-5088737.0,3024030900.0,0.0,141900.0,0.0,21150.0,21550.0,21050.0,21450.0,21310.0,HSX_FOREIGN_API,HOSE_SYMBOL_LEVEL,VND,2026-08-25T04:25:44Z,ff_hsx_symbol_daily_v1,5410aab1e5488f9bd00c2e2d5e1b7875ceab6c34c9a1dd7624f6d7db392b0c8a
2024-08-19,TCB,HOSE,12008100000.0,62015526000.0,-50007426000.0,557400.0,2881520.0,-2324120.0,686400000.0,686400000.0,32000.0,32000.0,21550.0,21950.0,21400.0,21900.0,21630.0,HSX_FOREIGN_API,HOSE_SYMBOL_LEVEL,VND,2026-08-25T04:25:44Z,ff_hsx_symbol_daily_v1,84682ecebae2c33a85332c69c81f5277188330f4088a9771cabfeff54067b913
2024-08-20,TCB,HOSE,16581818000.0,50834019500.0,-34252201500.0,757620.0,2321110.0,-1563490.0,0.0,0.0,0.0,0.0,21950.0,22050.0,21800.0,21850.0,21900.0,HSX_FOREIGN_API,HOSE_SYMBOL_LEVEL,VND,2026-08-25T04:25:44Z,ff_hsx_symbol_daily_v1,7a208f207f3a168075994d124e1df31890e8bcbf60ad3bff65c5444122f7c92a
2024-08-21,TCB,HOSE,75780210000.0,148524935000.0,-72744725000.0,3458900.0,6789000.0,-3330100.0,0.0,0.0,0.0,0.0,21700.0,22100.0,21550.0,22000.0,21900.0,HSX_FOREIGN_API,HOSE_SYMBOL_LEVEL,VND,2026-08-25T04:25:44Z,ff_hsx_symbol_daily_v1,2eb0b0914c1a5a7902e9d01a8c349fb6852a6400230c835542d29c91453b51ab
2024-08-22,TCB,HOSE,43895825000.0,61047031000.0,-17151206000.0,1952300.0,2730080.0,-777780.0,2244200000.0,2244200000.0,100000.0,100000.0,22000.0,22650.0,22000.0,22350.0,22360.0,HSX_FOREIGN_API,HOSE_SYMBOL_LEVEL,VND,2026-08-25T04:25:44Z,ff_hsx_symbol_daily_v1,c0061ca82d9bc4b8ff723f9f7454613f657fc90be8dd3da6738b8e94a9b00544
2024-08-23,TCB,HOSE,23065160000.0,24195065000.0,-1129905000.0,1030400.0,1081900.0,-51500.0,0.0,0.0,0.0,0.0,22350.0,22500.0,22200.0,22400.0,22340.0,HSX_FOREIGN_API,HOSE_SYMBOL_LEVEL,VND,2026-08-25T04:25:44Z,ff_hsx_symbol_daily_v1,bd9d79c02373fc0b9210a6857b75a137df7de1f3d2fbe3d6f6d0c0591314ef57
2024-08-26,TCB,HOSE,58743395000.0,93408752500.0,-34665357500.0,2607200.0,4147492.0,-1540292.0,0.0,0.0,0.0,0.0,22500.0,22650.0,22400.0,22500.0,22520.0,HSX_FOREIGN_API,HOSE_SYMBOL_LEVEL,VND,2026-08-25T04:25:44Z,ff_hsx_symbol_daily_v1,cbfd9b4cd6c955355ab91eff6e596e0db628461b9fe8c16fc800861cfde5be56
2024-08-27,TCB,HOSE,8687502500.0,9449790000.0,-762287500.0,384587.0,418900.0,-34313.0,0.0,0.0,0.0,0.0,22500.0,22700.0,22450.0,22650.0,22550.0,HSX_FOREIGN_API,HOSE_SYMBOL_LEVEL,VND,2026-08-25T04:25:44Z,ff_hsx_symbol_daily_v1,20a0e2522fe2815cafe560c68597cae3e6303067387bf1c1916fd0d214e0f93e
2024-08-28,TCB,HOSE,32075898000.0,14349816900.0,17726081100.0,1403590.0,629523.0,774067.0,0.0,0.0,0.0,0.0,22700.0,23150.0,22600.0,23000.0,22920.0,HSX_FOREIGN_API,HOSE_SYMBOL_LEVEL,VND,2026-08-25T04:25:44Z,ff_hsx_symbol_daily_v1,c32f1f8f63ce62fb16f4cffe0e2f7e3e5800119423d4c6893af34bd5fd3b658b
2024-08-29,TCB,HOSE,37949485000.0,83969200000.0,-46019715000.0,1644200.0,3634200.0,-1990000.0,8073450000.0,8073450000.0,350000.0,350000.0,23000.0,23250.0,23000.0,23000.0,23110.0,HSX_FOREIGN_API,HOSE_SYMBOL_LEVEL,VND,2026-08-25T04:25:44Z,ff_hsx_symbol_daily_v1,714228556ea640c4e9d885ad01d2bede1b8da9bb0fc0a4fa9c88b405c4b3ce41
2024-08-30,TCB,HOSE,29847130000.0,18863130000.0,10984000000.0,1283700.0,814800.0,468900.0,0.0,0.0,0.0,0.0,23000.0,23350.0,23000.0,23350.0,23180.0,HSX_FOREIGN_API,HOSE_SYMBOL_LEVEL,VND,2026-08-25T04:25:44Z,ff_hsx_symbol_daily_v1,8bc38037c386e3c553eedae889788bd7abc695971d68b8189c269646a2e56f92
2024-09-04,TCB,HOSE,19743740000.0,17528140000.0,2215600000.0,858100.0,762700.0,95400.0,0.0,0.0,0.0,0.0,23050.0,23250.0,22850.0,23000.0,22980.0,HSX_FOREIGN_API,HOSE_SYMBOL_LEVEL,VND,2026-08-25T04:25:44Z,ff_hsx_symbol_daily_v1,be88e764c943811f7ff7c8c905e1295fdf8eaf0f3c9c9c3d9930ed92d0894c06
2024-09-05,TCB,HOSE,17461010000.0,29777765000.0,-12316755000.0,764800.0,1302400.0,-537600.0,0.0,0.0,0.0,0.0,22900.0,23050.0,22700.0,22800.0,22910.0,HSX_FOREIGN_API,HOSE_SYMBOL_LEVEL,VND,2026-08-25T04:25:44Z,ff_hsx_symbol_daily_v1,60e20bbb3bfdd180b04de24aa036e73dfb93ff77cc68056150c0712ba82d6930
2024-09-06,TCB,HOSE,59508210000.0,14624530000.0,44883680000.0,2613800.0,643100.0,1970700.0,0.0,0.0,0.0,0.0,22800.0,22950.0,22650.0,22800.0,22750.0,HSX_FOREIGN_API,HOSE_SYMBOL_LEVEL,VND,2026-08-25T04:25:44Z,ff_hsx_symbol_daily_v1,83aa542842308eec9978c150c4c632e40dbbd2f14a06da3166095c0ff9534d5d
2024-09-09,TCB,HOSE,60831215000.0,24854090000.0,35977125000.0,2679800.0,1094000.0,1585800.0,0.0,0.0,0.0,0.0,22700.0,22850.0,22600.0,22650.0,22700.0,HSX_FOREIGN_API,HOSE_SYMBOL_LEVEL,VND,2026-08-25T04:25:44Z,ff_hsx_symbol_daily_v1,bd64dcbe936ffa0d949ddcf4ff3864f4d92206f5c6710c4c36c92f47a3aa5c32
2024-09-10,TCB,HOSE,21245525000.0,19700320000.0,1545205000.0,949300.0,876600.0,72700.0,5592750000.0,0.0,250000.0,0.0,22700.0,22750.0,22200.0,22250.0,22420.0,HSX_FOREIGN_API,HOSE_SYMBOL_LEVEL,VND,2026-08-25T04:25:44Z,ff_hsx_symbol_daily_v1,21648214051ec104f2a109241de8cd8db47eaff8a76e45043cc4a43ff1044f9c
2024-09-11,TCB,HOSE,57415229600.0,84421894600.0,-27006665000.0,2601400.0,3824600.0,-1223200.0,45197344600.0,45197344600.0,2047900.0,2047900.0,22150.0,22250.0,21950.0,22100.0,22070.0,HSX_FOREIGN_API,HOSE_SYMBOL_LEVEL,VND,2026-08-25T04:25:44Z,ff_hsx_symbol_daily_v1,3dccca9270cf493aadaa581cded0207c7333f092fc4b33e6d3f91f23883c129d
2024-09-12,TCB,HOSE,104181437500.0,94228927500.0,9952510000.0,4675500.0,4230000.0,445500.0,33374632500.0,33374632500.0,1498300.0,1498300.0,22300.0,22400.0,22150.0,22300.0,22280.0,HSX_FOREIGN_API,HOSE_SYMBOL_LEVEL,VND,2026-08-25T04:25:44Z,ff_hsx_symbol_daily_v1,04611333b9be1674cfb721f18b974eaa25311a46e874130d17b4d14f81a4e8e1
2024-09-13,TCB,HOSE,110142470000.0,92846825000.0,17295645000.0,4943900.0,4170800.0,773100.0,0.0,0.0,0.0,0.0,22300.0,22350.0,22150.0,22200.0,22270.0,HSX_FOREIGN_API,HOSE_SYMBOL_LEVEL,VND,2026-08-25T04:25:44Z,ff_hsx_symbol_daily_v1,23a9319c4cbc7e003091077bad3cf203462fcf384891ceda9983898ddfb22574
2024-09-16,TCB,HOSE,117809165000.0,47845050000.0,69964115000.0,5248100.0,2133200.0,3114900.0,44850000000.0,44850000000.0,2000000.0,2000000.0,22200.0,22700.0,22200.0,22200.0,22450.0,HSX_FOREIGN_API,HOSE_SYMBOL_LEVEL,VND,2026-08-25T04:25:44Z,ff_hsx_symbol_daily_v1,e1ee5836782c97fa7f43c83913e5bb10e54977efe32171e82a941ef5943189bb
2024-09-17,TCB,HOSE,6543070000.0,16172306000.0,-9629236000.0,292700.0,724320.0,-431620.0,0.0,0.0,0.0,0.0,22150.0,22750.0,22150.0,22750.0,22420.0,HSX_FOREIGN_API,HOSE_SYMBOL_LEVEL,VND,2026-08-25T04:25:44Z,ff_hsx_symbol_daily_v1,09311dbb8687228c9ebdd3e949691deb17a05600adba7c121611ee0765799bfb
2024-09-18,TCB,HOSE,68974663000.0,13809985000.0,55164678000.0,3006132.0,606200.0,2399932.0,0.0,0.0,0.0,0.0,22750.0,23100.0,22700.0,23000.0,22940.0,HSX_FOREIGN_API,HOSE_SYMBOL_LEVEL,VND,2026-08-25T04:25:44Z,ff_hsx_symbol_daily_v1,1b54240a27d23fb52fd81e21111a6619cd5da0147bbe9bec812c8a7fa6614457
2024-09-19,TCB,HOSE,36154585000.0,2497820000.0,33656765000.0,1568600.0,108515.0,1460085.0,0.0,0.0,0.0,0.0,23200.0,23200.0,22900.0,23200.0,23060.0,HSX_FOREIGN_API,HOSE_SYMBOL_LEVEL,VND,2026-08-25T04:25:44Z,ff_hsx_symbol_daily_v1,3ff7287df303d049e68c365d61f5d0edc9872367b61e433257c92012f7180043
2024-09-20,TCB,HOSE,151418286600.0,26354380000.0,125063906600.0,6427056.0,1120200.0,5306856.0,0.0,0.0,0.0,0.0,23300.0,23700.0,23300.0,23550.0,23520.0,HSX_FOREIGN_API,HOSE_SYMBOL_LEVEL,VND,2026-08-25T04:25:44Z,ff_hsx_symbol_daily_v1,5c8ef20870f1be1ca9f2c68d03f0c0837edc27d2680da92e085aef438b51407e
2024-09-23,TCB,HOSE,24238479600.0,23568540000.0,669939600.0,1033152.0,1004500.0,28652.0,0.0,0.0,0.0,0.0,23550.0,23750.0,23350.0,23350.0,23470.0,HSX_FOREIGN_API,HOSE_SYMBOL_LEVEL,VND,2026-08-25T04:25:44Z,ff_hsx_symbol_daily_v1,e53ba9e001581db4bddbbe67f1752e84a399684c244b1806316d660aa6d4a0ff
2024-09-24,TCB,HOSE,37299055000.0,29453833000.0,7845222000.0,1592000.0,1258320.0,333680.0,0.0,0.0,0.0,0.0,23300.0,23600.0,23300.0,23550.0,23440.0,HSX_FOREIGN_API,HOSE_SYMBOL_LEVEL,VND,2026-08-25T04:25:44Z,ff_hsx_symbol_daily_v1,d7ab5c7bf1293fbbe1634864c50c914f472ef9328cf57982eba2e268193fde87
2024-09-25,TCB,HOSE,84098465000.0,5067225000.0,79031240000.0,3527100.0,213000.0,3314100.0,0.0,0.0,0.0,0.0,23750.0,23950.0,23600.0,23800.0,23820.0,HSX_FOREIGN_API,HOSE_SYMBOL_LEVEL,VND,2026-08-25T04:25:44Z,ff_hsx_symbol_daily_v1,c7b0b047f424e0ce60efa1a00a6ad9f3f6573e9a77750c0bccbece221ecd55e5
2024-09-26,TCB,HOSE,91333095000.0,36545706200.0,54787388800.0,3786300.0,1520612.0,2265688.0,0.0,2390000000.0,0.0,100000.0,23800.0,24400.0,23650.0,24100.0,24120.0,HSX_FOREIGN_API,HOSE_SYMBOL_LEVEL,VND,2026-08-25T04:25:44Z,ff_hsx_symbol_daily_v1,620f2e728da5abdee43a1182d0aef772729a954dc50a2b54de370fbc7964bc54
2024-09-27,TCB,HOSE,77827115000.0,45948735000.0,31878380000.0,3216200.0,1896500.0,1319700.0,0.0,0.0,0.0,0.0,24200.0,24350.0,24050.0,24200.0,24200.0,HSX_FOREIGN_API,HOSE_SYMBOL_LEVEL,VND,2026-08-25T04:25:44Z,ff_hsx_symbol_daily_v1,c32693722481818b1aa670dc1c83cf155339f33ee3d367e9247916143c778470
2024-09-30,TCB,HOSE,167132437600.0,175951119000.0,-8818681400.0,6915028.0,7288060.0,-373032.0,0.0,0.0,0.0,0.0,24150.0,24350.0,23950.0,24200.0,24160.0,HSX_FOREIGN_API,HOSE_SYMBOL_LEVEL,VND,2026-08-25T04:25:44Z,ff_hsx_symbol_daily_v1,9c3538110af3385e10d04428d4846224599fe88fdd9e5cd52db527196ff44546
2024-10-01,TCB,HOSE,376946299150.0,16582174600.0,360364124550.0,15331402.0,676801.0,14654601.0,0.0,0.0,0.0,0.0,24200.0,24800.0,24150.0,24650.0,24540.0,HSX_FOREIGN_API,HOSE_SYMBOL_LEVEL,VND,2026-08-25T04:25:44Z,ff_hsx_symbol_daily_v1,01fda1d83a52bceb587b20e3b3efb73583465d586258450926aa75ceb8bb54ac
2024-10-02,TCB,HOSE,317169243000.0,58027312000.0,259141931000.0,12767020.0,2343200.0,10423820.0,24907000000.0,28503252000.0,1000000.0,1148000.0,24550.0,25150.0,24350.0,24900.0,24830.0,HSX_FOREIGN_API,HOSE_SYMBOL_LEVEL,VND,2026-08-25T04:25:44Z,ff_hsx_symbol_daily_v1,96497c211735fda587689806165bf4cb08edc3616668cba901f04bab3c73755c
2024-10-03,TCB,HOSE,101941375000.0,14391840000.0,87549535000.0,4074500.0,579500.0,3495000.0,0.0,0.0,0.0,0.0,24950.0,25200.0,24350.0,24350.0,24800.0,HSX_FOREIGN_API,HOSE_SYMBOL_LEVEL,VND,2026-08-25T04:25:44Z,ff_hsx_symbol_daily_v1,2536f4657e078daeac1ba0fe297aee613023f4f7de2dbbe169a93f9132b234ab
2024-10-04,TCB,HOSE,52602520000.0,18627235000.0,33975285000.0,2170800.0,769200.0,1401600.0,0.0,0.0,0.0,0.0,24350.0,24450.0,24050.0,24050.0,24200.0,HSX_FOREIGN_API,HOSE_SYMBOL_LEVEL,VND,2026-08-25T04:25:44Z,ff_hsx_symbol_daily_v1,f875d21b5b0a7a17bce28578dec711acf26a61ae48cf1b2c6ee86dc67b92a2b6
2024-10-07,TCB,HOSE,44910320000.0,4760105400.0,40150214600.0,1858120.0,197420.0,1660700.0,0.0,0.0,0.0,0.0,24250.0,24350.0,24000.0,24150.0,24140.0,HSX_FOREIGN_API,HOSE_SYMBOL_LEVEL,VND,2026-08-25T04:25:44Z,ff_hsx_symbol_daily_v1,2573b90d07d3e6d7ccdfdad6bbb8315c1dcda19b798fb62312523cbc4caf3514
2024-10-08,TCB,HOSE,153146210000.0,14397155000.0,138749055000.0,6274500.0,590000.0,5684500.0,0.0,0.0,0.0,0.0,24200.0,24600.0,24200.0,24400.0,24420.0,HSX_FOREIGN_API,HOSE_SYMBOL_LEVEL,VND,2026-08-25T04:25:44Z,ff_hsx_symbol_daily_v1,749012391387097cc6aee430896032c81c7e57979e64e37ad8766eec64192766
2024-10-09,TCB,HOSE,270776925000.0,74713545000.0,196063380000.0,11040900.0,3047000.0,7993900.0,12250000000.0,12250000000.0,500000.0,500000.0,24400.0,24750.0,24300.0,24650.0,24540.0,HSX_FOREIGN_API,HOSE_SYMBOL_LEVEL,VND,2026-08-25T04:25:44Z,ff_hsx_symbol_daily_v1,367ad77ea885a6b8e9563891f7c92cc430693dbfb2cd62f11d4a8e5bd94afd91
2024-10-10,TCB,HOSE,154014487400.0,18259700000.0,135754787400.0,6202751.0,735700.0,5467051.0,0.0,0.0,0.0,0.0,24900.0,25000.0,24550.0,24550.0,24810.0,HSX_FOREIGN_API,HOSE_SYMBOL_LEVEL,VND,2026-08-25T04:25:44Z,ff_hsx_symbol_daily_v1,d0ad5cacc6a4a4491d0ca126172321c5414c3df6140622c71e135ecffe5c0e85
2024-10-11,TCB,HOSE,75398660000.0,13344131000.0,62054529000.0,3091600.0,546220.0,2545380.0,0.0,0.0,0.0,0.0,24550.0,24600.0,24250.0,24450.0,24370.0,HSX_FOREIGN_API,HOSE_SYMBOL_LEVEL,VND,2026-08-25T04:25:44Z,ff_hsx_symbol_daily_v1,f2092f5d17e8ef7592a6b55b5a515a124d2545676b939412995f8e6a43419398
2024-10-14,TCB,HOSE,83149645000.0,13410050000.0,69739595000.0,3399000.0,548700.0,2850300.0,0.0,0.0,0.0,0.0,24550.0,24600.0,24350.0,24350.0,24450.0,HSX_FOREIGN_API,HOSE_SYMBOL_LEVEL,VND,2026-08-25T04:25:44Z,ff_hsx_symbol_daily_v1,ae41b8a8d36c3761fbf835875f6676b9fb229d2b6b2a0cd9901d836edc915905
2024-10-15,TCB,HOSE,27404455000.0,38083540000.0,-10679085000.0,1125900.0,1564900.0,-439000.0,0.0,0.0,0.0,0.0,24350.0,24600.0,24150.0,24250.0,24340.0,HSX_FOREIGN_API,HOSE_SYMBOL_LEVEL,VND,2026-08-25T04:25:44Z,ff_hsx_symbol_daily_v1,957ce5b93981d9bef5133afa906bbdd04010ba8bc8cdf548dd74ac9ec9b0b606
2024-10-16,TCB,HOSE,33575100000.0,35730600000.0,-2155500000.0,1388500.0,1477500.0,-89000.0,0.0,0.0,0.0,0.0,24200.0,24300.0,24100.0,24200.0,24180.0,HSX_FOREIGN_API,HOSE_SYMBOL_LEVEL,VND,2026-08-25T04:25:44Z,ff_hsx_symbol_daily_v1,84e43f298332aa5f10e6ee776cc85a7e1ad412eb55caa26b25183bf2f8b2c2b3
2024-10-17,TCB,HOSE,24201935000.0,23354620000.0,847315000.0,997300.0,963700.0,33600.0,0.0,0.0,0.0,0.0,24200.0,24400.0,24100.0,24350.0,24250.0,HSX_FOREIGN_API,HOSE_SYMBOL_LEVEL,VND,2026-08-25T04:25:44Z,ff_hsx_symbol_daily_v1,3a1d1de2f8206a020f8c280c9080776190063aeaadc6f1e9703fcbb554f879bc
2024-10-18,TCB,HOSE,5514565000.0,5384997300.0,129567700.0,224800.0,219706.0,5094.0,0.0,0.0,0.0,0.0,24450.0,24800.0,24400.0,24450.0,24560.0,HSX_FOREIGN_API,HOSE_SYMBOL_LEVEL,VND,2026-08-25T04:25:44Z,ff_hsx_symbol_daily_v1,54c22e89456424cbfddef37f05c8ffb9629f7b85ec2a5ad617a9b0bc89f76280
2024-10-21,TCB,HOSE,14374536000.0,10840995000.0,3533541000.0,594620.0,446000.0,148620.0,0.0,0.0,0.0,0.0,24450.0,24500.0,24100.0,24150.0,24280.0,HSX_FOREIGN_API,HOSE_SYMBOL_LEVEL,VND,2026-08-25T04:25:44Z,ff_hsx_symbol_daily_v1,598b97ffafb98d2e113235684b69e5086beff45d7f9040638ed5e9547e63c149
2024-10-22,TCB,HOSE,78138406750.0,13082775000.0,65055631750.0,3217655.0,539200.0,2678455.0,0.0,0.0,0.0,0.0,24200.0,24400.0,24000.0,24200.0,24230.0,HSX_FOREIGN_API,HOSE_SYMBOL_LEVEL,VND,2026-08-25T04:25:44Z,ff_hsx_symbol_daily_v1,227f50fbba37b451ec88a6828e5c4786ff57b621d73f18ed1aa404e44ae0d7f9
2024-10-23,TCB,HOSE,165401440000.0,20030690000.0,145370750000.0,6857700.0,833000.0,6024700.0,0.0,0.0,0.0,0.0,24200.0,24300.0,23750.0,24200.0,24050.0,HSX_FOREIGN_API,HOSE_SYMBOL_LEVEL,VND,2026-08-25T04:25:44Z,ff_hsx_symbol_daily_v1,11b9f4b41ee0344db1e81bd397436846e7d16b0e9b1e2792b219d1ada5a89fc7
2024-10-24,TCB,HOSE,32660515000.0,24255905000.0,8404610000.0,1364100.0,1015300.0,348800.0,0.0,0.0,0.0,0.0,24150.0,24200.0,23550.0,23650.0,23870.0,HSX_FOREIGN_API,HOSE_SYMBOL_LEVEL,VND,2026-08-25T04:25:44Z,ff_hsx_symbol_daily_v1,7353c6e1db0b344fb23b74f122185dcb702cbc2ea1d6f459cfb9dffd7ec3e62a
2024-10-25,TCB,HOSE,15548150000.0,81895696300.0,-66347546300.0,656600.0,3467162.0,-2810562.0,0.0,0.0,0.0,0.0,23750.0,23850.0,23400.0,23500.0,23600.0,HSX_FOREIGN_API,HOSE_SYMBOL_LEVEL,VND,2026-08-25T04:25:44Z,ff_hsx_symbol_daily_v1,f063220187dafced471b31c4e38b7cf43e43a329dac2aa52c229c4f8f34293d0
2024-10-28,TCB,HOSE,45684030000.0,16852060000.0,28831970000.0,1939700.0,716400.0,1223300.0,0.0,0.0,0.0,0.0,23500.0,23700.0,23450.0,23650.0,23560.0,HSX_FOREIGN_API,HOSE_SYMBOL_LEVEL,VND,2026-08-25T04:25:44Z,ff_hsx_symbol_daily_v1,9d96d9b9453b7e24b7b62866c0094969b4fbae5a4de420a0ff9bd9c0498f98df
2024-10-29,TCB,HOSE,46865870000.0,20099100000.0,26766770000.0,1972400.0,845900.0,1126500.0,0.0,0.0,0.0,0.0,23700.0,23850.0,23700.0,23750.0,23770.0,HSX_FOREIGN_API,HOSE_SYMBOL_LEVEL,VND,2026-08-25T04:25:44Z,ff_hsx_symbol_daily_v1,01d97519653abf1d2b23172cd8a7ba1d861bc0d2573fc4b0ab6e3216e646820f
2024-10-30,TCB,HOSE,159013170000.0,34253040000.0,124760130000.0,6668000.0,1436800.0,5231200.0,9556400000.0,9556400000.0,400000.0,400000.0,23800.0,24000.0,23750.0,24000.0,23860.0,HSX_FOREIGN_API,HOSE_SYMBOL_LEVEL,VND,2026-08-25T04:25:44Z,ff_hsx_symbol_daily_v1,cb5cfd7b921424844b6a48c703587a31b88580d88b9ff221208bfa8f1fc81c03
2024-10-31,TCB,HOSE,64887170000.0,66033760000.0,-1146590000.0,2711400.0,2760500.0,-49100.0,0.0,0.0,0.0,0.0,24000.0,24100.0,23850.0,23900.0,23940.0,HSX_FOREIGN_API,HOSE_SYMBOL_LEVEL,VND,2026-08-25T04:25:44Z,ff_hsx_symbol_daily_v1,be09085809c12962c1d7eba6fde5edcca39340cf8c6dd61e95ae89c45cb814a1
2024-11-01,TCB,HOSE,168566625000.0,24293780000.0,144272845000.0,7079900.0,1019000.0,6060900.0,14751220000.0,5229620000.0,620000.0,220000.0,23850.0,24000.0,23700.0,23700.0,23830.0,HSX_FOREIGN_API,HOSE_SYMBOL_LEVEL,VND,2026-08-25T04:25:44Z,ff_hsx_symbol_daily_v1,fd751519d5e3e03e9d8e676ddd366841165cca75d61a29d1dbaa66c9e4f07554
2024-11-04,TCB,HOSE,59616755000.0,14542755000.0,45074000000.0,2532800.0,618170.0,1914630.0,0.0,0.0,0.0,0.0,23750.0,23750.0,23400.0,23450.0,23530.0,HSX_FOREIGN_API,HOSE_SYMBOL_LEVEL,VND,2026-08-25T04:25:44Z,ff_hsx_symbol_daily_v1,0b992687fd8c8f8ea6ad04c50be84fcc75774791558c0d2924d64691a78560fd
2024-11-05,TCB,HOSE,69143555000.0,1975190000.0,67168365000.0,2935400.0,83800.0,2851600.0,0.0,0.0,0.0,0.0,23500.0,23650.0,23450.0,23450.0,23540.0,HSX_FOREIGN_API,HOSE_SYMBOL_LEVEL,VND,2026-08-25T04:25:44Z,ff_hsx_symbol_daily_v1,67b3e71bdb875cdafdc94849d9823e7381c325efec4f936c3fa45adfa2a273bc
2024-11-06,TCB,HOSE,49879450000.0,13364215000.0,36515235000.0,2091700.0,559100.0,1532600.0,0.0,0.0,0.0,0.0,23600.0,24050.0,23600.0,23900.0,23860.0,HSX_FOREIGN_API,HOSE_SYMBOL_LEVEL,VND,2026-08-25T04:25:44Z,ff_hsx_symbol_daily_v1,7b5bf66f568017eca801e8f8082ed087ae679a819c64047aaadeaba285c1b2c9
2024-11-07,TCB,HOSE,58893410000.0,18147713200.0,40745696800.0,2457800.0,757516.0,1700284.0,0.0,0.0,0.0,0.0,24150.0,24150.0,23850.0,23850.0,23950.0,HSX_FOREIGN_API,HOSE_SYMBOL_LEVEL,VND,2026-08-25T04:25:44Z,ff_hsx_symbol_daily_v1,ac394ee0f8b0823da15e5c50f3b886878ff40f824ec848d06beb8c78c2b3e325
2024-11-08,TCB,HOSE,29336331300.0,79800733400.0,-50464402100.0,1238738.0,3377232.0,-2138494.0,2393900000.0,2393900000.0,100000.0,100000.0,24000.0,24000.0,23450.0,23600.0,23620.0,HSX_FOREIGN_API,HOSE_SYMBOL_LEVEL,VND,2026-08-25T04:25:44Z,ff_hsx_symbol_daily_v1,e46f8de3dfc9658f2fc413db8157824bb14fb29e95b59e41af2f77e11c501ba0
2024-11-11,TCB,HOSE,8378360000.0,85144686950.0,-76766326950.0,360400.0,3668632.0,-3308232.0,0.0,0.0,0.0,0.0,23700.0,23700.0,23050.0,23200.0,23220.0,HSX_FOREIGN_API,HOSE_SYMBOL_LEVEL,VND,2026-08-25T04:25:44Z,ff_hsx_symbol_daily_v1,cc8bc475ccbe99ef925670cb8e050948de0232d01f9d91ccc73f2a7643bdd203
2024-11-12,TCB,HOSE,27107755000.0,130312129400.0,-103204374400.0,1173500.0,5640108.0,-4466608.0,0.0,0.0,0.0,0.0,23400.0,23400.0,22900.0,23050.0,23090.0,HSX_FOREIGN_API,HOSE_SYMBOL_LEVEL,VND,2026-08-25T04:25:44Z,ff_hsx_symbol_daily_v1,b8bc4d1e2da0aaa1e1a422446dfd3d27becba6e343d4b2578e38e64a30cbb23a
2024-11-13,TCB,HOSE,36865275000.0,45556013350.0,-8690738350.0,1604600.0,1989681.0,-385081.0,0.0,0.0,0.0,0.0,23000.0,23150.0,22700.0,23150.0,22880.0,HSX_FOREIGN_API,HOSE_SYMBOL_LEVEL,VND,2026-08-25T04:25:44Z,ff_hsx_symbol_daily_v1,46b540f2c0e65864ec81c63afac7e654dc62a15bdc358315ad358e277b826e02
2024-11-14,TCB,HOSE,15651320000.0,23413470000.0,-7762150000.0,685800.0,1023700.0,-337900.0,0.0,0.0,0.0,0.0,23000.0,23050.0,22750.0,22800.0,22870.0,HSX_FOREIGN_API,HOSE_SYMBOL_LEVEL,VND,2026-08-25T04:25:44Z,ff_hsx_symbol_daily_v1,ae80f38708e714610c2d6c195037a56313918bb301d0e1773ea256f93c0c64ca
2024-11-15,TCB,HOSE,17676885000.0,57175780000.0,-39498895000.0,785300.0,2533300.0,-1748000.0,0.0,0.0,0.0,0.0,22800.0,22800.0,22400.0,22450.0,22590.0,HSX_FOREIGN_API,HOSE_SYMBOL_LEVEL,VND,2026-08-25T04:25:44Z,ff_hsx_symbol_daily_v1,8bcdabc5b333ea419f639ae86c45c4da7f78f6494e64841204d61b4516df0724
2024-11-18,TCB,HOSE,37158745000.0,10700890000.0,26457855000.0,1657300.0,477300.0,1180000.0,0.0,0.0,0.0,0.0,22400.0,22700.0,22200.0,22450.0,22390.0,HSX_FOREIGN_API,HOSE_SYMBOL_LEVEL,VND,2026-08-25T04:25:44Z,ff_hsx_symbol_daily_v1,649ec9f5aa6911aae3b435592f777626619e302f71a237b2a662864a8e369b21
2024-11-19,TCB,HOSE,21116120000.0,22680005000.0,-1563885000.0,943100.0,1015100.0,-72000.0,0.0,0.0,0.0,0.0,22550.0,22550.0,22200.0,22400.0,22350.0,HSX_FOREIGN_API,HOSE_SYMBOL_LEVEL,VND,2026-08-25T04:25:44Z,ff_hsx_symbol_daily_v1,10960575eef80daa96b5222f0d50ae957bddc639921c6f61f542da24ab9c5c17
2024-11-20,TCB,HOSE,23781695000.0,40943980000.0,-17162285000.0,1045900.0,1820900.0,-775000.0,0.0,0.0,0.0,0.0,22300.0,22850.0,22250.0,22850.0,22560.0,HSX_FOREIGN_API,HOSE_SYMBOL_LEVEL,VND,2026-08-25T04:25:44Z,ff_hsx_symbol_daily_v1,b798d9a71e5c6aa0ffa6dfa4fcf1165353d8291ebf86e8420805989ce1cdc2b2
2024-11-21,TCB,HOSE,101219080000.0,48704750000.0,52514330000.0,4422200.0,2137900.0,2284300.0,0.0,0.0,0.0,0.0,22800.0,23200.0,22600.0,23200.0,22870.0,HSX_FOREIGN_API,HOSE_SYMBOL_LEVEL,VND,2026-08-25T04:25:44Z,ff_hsx_symbol_daily_v1,92263204e0ca9f2b4afd4ff2d54f6d7f2a91f6a7f0a925ab33d8f4864c263052
2024-11-22,TCB,HOSE,126128445000.0,20438010000.0,105690435000.0,5386600.0,875400.0,4511200.0,0.0,0.0,0.0,0.0,23200.0,23550.0,23150.0,23500.0,23420.0,HSX_FOREIGN_API,HOSE_SYMBOL_LEVEL,VND,2026-08-25T04:25:44Z,ff_hsx_symbol_daily_v1,ca98ee67d38b3feda1a40b14d4d21612148167875f8cf1c6f442e5bf512ebacd
2024-11-25,TCB,HOSE,31672260000.0,15318290000.0,16353970000.0,1348700.0,652300.0,696400.0,0.0,0.0,0.0,0.0,23500.0,23600.0,23400.0,23500.0,23490.0,HSX_FOREIGN_API,HOSE_SYMBOL_LEVEL,VND,2026-08-25T04:25:44Z,ff_hsx_symbol_daily_v1,c77a5f3b85e774784d7becbfabe2f684127323a894343d4ed2861cf6bfa4d54d
2024-11-26,TCB,HOSE,19211750000.0,10351109900.0,8860640100.0,815500.0,440200.0,375300.0,0.0,3051409900.0,0.0,130900.0,23500.0,23700.0,23450.0,23550.0,23580.0,HSX_FOREIGN_API,HOSE_SYMBOL_LEVEL,VND,2026-08-25T04:25:44Z,ff_hsx_symbol_daily_v1,bba19438f3cfe518af6d582e0bb63152efb094515362a487a08bf6825d8af3a2
2024-11-27,TCB,HOSE,119325088450.0,101747425000.0,17577663450.0,5093301.0,4343600.0,749701.0,60202250000.0,60202250000.0,2570000.0,2570000.0,23500.0,23600.0,23350.0,23500.0,23430.0,HSX_FOREIGN_API,HOSE_SYMBOL_LEVEL,VND,2026-08-25T04:25:44Z,ff_hsx_symbol_daily_v1,4d2258dc5115ebab82c6b5e9070257363cd2ef162c640bb80636d0e1fd024add
2024-11-28,TCB,HOSE,59742235000.0,33863235000.0,25879000000.0,2542100.0,1440900.0,1101200.0,10857000000.0,10857000000.0,462000.0,462000.0,23650.0,23700.0,23400.0,23600.0,23510.0,HSX_FOREIGN_API,HOSE_SYMBOL_LEVEL,VND,2026-08-25T04:25:44Z,ff_hsx_symbol_daily_v1,192c5cad4f642b6e74844322323529494769bd5b206482fca6bbbb19ef0df5b3
2024-11-29,TCB,HOSE,64741767500.0,84989008750.0,-20247241250.0,2753735.0,3617624.0,-863889.0,11725000000.0,11725000000.0,500000.0,500000.0,23500.0,23600.0,23350.0,23600.0,23520.0,HSX_FOREIGN_API,HOSE_SYMBOL_LEVEL,VND,2026-08-25T04:25:44Z,ff_hsx_symbol_daily_v1,2d23de40c32591efd15b27ca0d9ffb3fe379fa67cf8387a19b4676af2bf5cd98
2024-12-02,TCB,HOSE,63426090000.0,15384460000.0,48041630000.0,2692300.0,652400.0,2039900.0,11092000000.0,11092000000.0,470000.0,470000.0,23700.0,23700.0,23400.0,23650.0,23550.0,HSX_FOREIGN_API,HOSE_SYMBOL_LEVEL,VND,2026-08-25T04:25:44Z,ff_hsx_symbol_daily_v1,c76468fd97ba914f713017e8527af172b6f2bcc4ec7897ad2408f04162c6d0a0
2024-12-03,TCB,HOSE,41106384850.0,12581505000.0,28524879850.0,1739534.0,535000.0,1204534.0,0.0,0.0,0.0,0.0,23650.0,23750.0,23450.0,23650.0,23590.0,HSX_FOREIGN_API,HOSE_SYMBOL_LEVEL,VND,2026-08-25T04:25:44Z,ff_hsx_symbol_daily_v1,c893a06a628b4a42b7c9797c69c4e58c9dcb888253c3a85732b0cb4bf3e95f3b
2024-12-04,TCB,HOSE,51230510000.0,7703908550.0,43526601450.0,2183800.0,328101.0,1855699.0,0.0,0.0,0.0,0.0,23450.0,23600.0,23400.0,23450.0,23470.0,HSX_FOREIGN_API,HOSE_SYMBOL_LEVEL,VND,2026-08-25T04:25:44Z,ff_hsx_symbol_daily_v1,434d7b94db3e22daa09f64fe2bd4e4fdf6704684149b12a72c5b77af72d0afb2
2024-12-05,TCB,HOSE,47870870000.0,6146020000.0,41724850000.0,2025400.0,260100.0,1765300.0,0.0,0.0,0.0,0.0,23450.0,24200.0,23350.0,24200.0,23810.0,HSX_FOREIGN_API,HOSE_SYMBOL_LEVEL,VND,2026-08-25T04:25:44Z,ff_hsx_symbol_daily_v1,59802998b396935afe964c6f970663dc0612ec897a9d5445be58cd5cb95cce76
2024-12-06,TCB,HOSE,235073990950.0,156229155150.0,78844835800.0,9761500.0,6489462.0,3272038.0,148874070150.0,148874070150.0,6183762.0,6183762.0,24200.0,24250.0,23950.0,24150.0,24100.0,HSX_FOREIGN_API,HOSE_SYMBOL_LEVEL,VND,2026-08-25T04:25:44Z,ff_hsx_symbol_daily_v1,009f6c5408d3f2d1c880f7215bbccb9dbae9b4c49ec568ae1dcd891726fac3cd
2024-12-09,TCB,HOSE,21880265000.0,729405000.0,21150860000.0,906100.0,30250.0,875850.0,0.0,0.0,0.0,0.0,24100.0,24300.0,23950.0,24150.0,24100.0,HSX_FOREIGN_API,HOSE_SYMBOL_LEVEL,VND,2026-08-25T04:25:44Z,ff_hsx_symbol_daily_v1,bc7590846c1998b598c0b445039b68224d195713d44bd5a15dfd9f0ae4dc7a95
2024-12-10,TCB,HOSE,29184640000.0,19375220000.0,9809420000.0,1212200.0,804700.0,407500.0,0.0,0.0,0.0,0.0,24050.0,24200.0,24000.0,24050.0,24070.0,HSX_FOREIGN_API,HOSE_SYMBOL_LEVEL,VND,2026-08-25T04:25:44Z,ff_hsx_symbol_daily_v1,9835c8464c9fe33b76c911bcfd3cf4458838f53269933171c12e3b2ff678885f
2024-12-11,TCB,HOSE,84515580000.0,12773330000.0,71742250000.0,3496000.0,529300.0,2966700.0,0.0,0.0,0.0,0.0,24050.0,24300.0,24000.0,24150.0,24170.0,HSX_FOREIGN_API,HOSE_SYMBOL_LEVEL,VND,2026-08-25T04:25:44Z,ff_hsx_symbol_daily_v1,b0cdbadbecb7ac683ec06e6cdde50b34e771a305f832a2d27a68fddb6d76b2dc
2024-12-12,TCB,HOSE,95808128050.0,2023195000.0,93784933050.0,3932349.0,83600.0,3848749.0,0.0,0.0,0.0,0.0,24200.0,24500.0,24150.0,24250.0,24350.0,HSX_FOREIGN_API,HOSE_SYMBOL_LEVEL,VND,2026-08-25T04:25:44Z,ff_hsx_symbol_daily_v1,80bac44867b3c55042923f16f22bf891f0d68404e0368a45519ea2d38645842b
2024-12-13,TCB,HOSE,21809136000.0,4353840000.0,17455296000.0,896800.0,178280.0,718520.0,14404926000.0,2254926000.0,592100.0,92100.0,24300.0,24550.0,24100.0,24350.0,24370.0,HSX_FOREIGN_API,HOSE_SYMBOL_LEVEL,VND,2026-08-25T04:25:44Z,ff_hsx_symbol_daily_v1,b4b1b54daf2405d59c6e298c6935a6e38f236a8baedf108a67687e1ae14c0516
2024-12-16,TCB,HOSE,60256116900.0,54195181900.0,6060935000.0,2472845.0,2224645.0,248200.0,60168636900.0,47367841900.0,2469245.0,1943545.0,24300.0,24400.0,24100.0,24300.0,24250.0,HSX_FOREIGN_API,HOSE_SYMBOL_LEVEL,VND,2026-08-25T04:25:44Z,ff_hsx_symbol_daily_v1,e008863faf84e3dc30fe145879ff75f0f3265f0c3d3f741255402cfc6e01511e
2024-12-17,TCB,HOSE,94437890000.0,87797990000.0,6639900000.0,3849600.0,3577700.0,271900.0,87127650000.0,87127650000.0,3550000.0,3550000.0,24400.0,24400.0,24150.0,24200.0,24220.0,HSX_FOREIGN_API,HOSE_SYMBOL_LEVEL,VND,2026-08-25T04:25:44Z,ff_hsx_symbol_daily_v1,354b9959f3824a740b7e5306cd15de77615b36b79aca5a0352daec15441386b4
2024-12-18,TCB,HOSE,35780113600.0,34082479800.0,1697633800.0,1465180.0,1395210.0,69970.0,33690247800.0,33690489800.0,1379000.0,1379010.0,24250.0,24300.0,24100.0,24200.0,24180.0,HSX_FOREIGN_API,HOSE_SYMBOL_LEVEL,VND,2026-08-25T04:25:44Z,ff_hsx_symbol_daily_v1,ed3bf0f02e6b7c482266cd500775fa1afab19bb0f21ccb15ff3694e5068bd69c
2024-12-19,TCB,HOSE,13982200000.0,10438537400.0,3543662600.0,580100.0,432797.0,147303.0,7235800000.0,7238147400.0,299000.0,299097.0,24000.0,24050.0,23750.0,23750.0,23910.0,HSX_FOREIGN_API,HOSE_SYMBOL_LEVEL,VND,2026-08-25T04:25:44Z,ff_hsx_symbol_daily_v1,265ffee49f1febf10062a82ccd20810839df670b8c635dfc38dda268dd790877
2024-12-20,TCB,HOSE,83404852200.0,82744207200.0,660645000.0,3477100.0,3449400.0,27700.0,82744207200.0,82744207200.0,3449400.0,3449400.0,23850.0,23950.0,23800.0,23800.0,23850.0,HSX_FOREIGN_API,HOSE_SYMBOL_LEVEL,VND,2026-08-25T04:25:44Z,ff_hsx_symbol_daily_v1,25cc19ef9426ca0561ba8144530dc4ec1b87ad602f25d01441c85a08611fa437
2024-12-23,TCB,HOSE,69264000000.0,70849882500.0,-1585882500.0,2886000.0,2952260.0,-66260.0,69264000000.0,69264000000.0,2886000.0,2886000.0,24000.0,24050.0,23800.0,23900.0,23950.0,HSX_FOREIGN_API,HOSE_SYMBOL_LEVEL,VND,2026-08-25T04:25:44Z,ff_hsx_symbol_daily_v1,734fc634d91becd2bea8bcfd54396a41e5933a9506781fbd79574fa55e9504c2
2024-12-24,TCB,HOSE,41004118350.0,37789902900.0,3214215450.0,1708397.0,1574750.0,133647.0,37786305400.0,37786305400.0,1574600.0,1574600.0,24050.0,24050.0,23800.0,24000.0,23900.0,HSX_FOREIGN_API,HOSE_SYMBOL_LEVEL,VND,2026-08-25T04:25:44Z,ff_hsx_symbol_daily_v1,262e3fa6ab11ac1e59a4e0ce1fb19b387735481ea0fc9713f796ba87e699abd4
2024-12-25,TCB,HOSE,0.0,11255535000.0,-11255535000.0,0.0,454200.0,-454200.0,0.0,0.0,0.0,0.0,24000.0,24900.0,23950.0,24450.0,24470.0,HSX_FOREIGN_API,HOSE_SYMBOL_LEVEL,VND,2026-08-25T04:25:44Z,ff_hsx_symbol_daily_v1,ac8ce4b35174fb8782bdb80485218a2ed9698646b36cd79ef36829a1f169e2af
2024-12-26,TCB,HOSE,50529087750.0,49109100000.0,1419987750.0,2066261.0,2008200.0,58061.0,48909000000.0,48909000000.0,2000000.0,2000000.0,24500.0,24550.0,24300.0,24350.0,24410.0,HSX_FOREIGN_API,HOSE_SYMBOL_LEVEL,VND,2026-08-25T04:25:44Z,ff_hsx_symbol_daily_v1,2f50e77bb0333a53c1ce32630bb206afb93088e478814f77701bf1cf1fbf345f
2024-12-27,TCB,HOSE,7381574700.0,7778290000.0,-396715300.0,300150.0,316200.0,-16050.0,7377900000.0,7377900000.0,300000.0,300000.0,24500.0,24900.0,24450.0,24600.0,24660.0,HSX_FOREIGN_API,HOSE_SYMBOL_LEVEL,VND,2026-08-25T04:25:44Z,ff_hsx_symbol_daily_v1,db7c06d24e5c8eafb0e890930d8a3827d6e4621966668336b9c941dc0020ac73
2024-12-30,TCB,HOSE,185690615000.0,226784650000.0,-41094035000.0,7583600.0,9265600.0,-1682000.0,178310165000.0,178310165000.0,7285400.0,7285400.0,24750.0,24750.0,24350.0,24400.0,24510.0,HSX_FOREIGN_API,HOSE_SYMBOL_LEVEL,VND,2026-08-25T04:25:44Z,ff_hsx_symbol_daily_v1,741d9ecad8df334d70da9e524055d9bd0a82d95cab411f7eae784427aeda480e
2024-12-31,TCB,HOSE,6714660000.0,8701610000.0,-1986950000.0,272400.0,353500.0,-81100.0,6714660000.0,6714660000.0,272400.0,272400.0,24350.0,24650.0,24350.0,24650.0,24530.0,HSX_FOREIGN_API,HOSE_SYMBOL_LEVEL,VND,2026-08-25T04:25:44Z,ff_hsx_symbol_daily_v1,754a05b90b5781f4a5b7ca97acff0778b60e751bd27adc4fb086814569ee19cd
2025-01-02,TCB,HOSE,12580830000.0,26633625000.0,-14052795000.0,516200.0,1092000.0,-575800.0,12181500000.0,12181500000.0,500000.0,500000.0,24650.0,24700.0,24300.0,24350.0,24410.0,HSX_FOREIGN_API,HOSE_SYMBOL_LEVEL,VND,2026-08-25T04:25:44Z,ff_hsx_symbol_daily_v1,30d8336b0700ba2cbcd54d1fd0681c86f617043e55dbfa8c1cbbb97c793eacaa
2025-01-03,TCB,HOSE,175875962400.0,254048406400.0,-78172444000.0,7335700.0,10604356.0,-3268656.0,147227572400.0,167009172400.0,6155500.0,6955500.0,24350.0,24350.0,23600.0,23600.0,23930.0,HSX_FOREIGN_API,HOSE_SYMBOL_LEVEL,VND,2026-08-25T04:25:44Z,ff_hsx_symbol_daily_v1,1e6bd12a4200399a63fca1bbff0598f84eb94f94fbbdf42f42426447c64b474d
2025-01-06,TCB,HOSE,2447080000.0,9629250000.0,-7182170000.0,103500.0,405200.0,-301700.0,533120000.0,533120000.0,22400.0,22400.0,23600.0,23850.0,23500.0,23600.0,23680.0,HSX_FOREIGN_API,HOSE_SYMBOL_LEVEL,VND,2026-08-25T04:25:44Z,ff_hsx_symbol_daily_v1,622fd0df51266e6d3e166f3af72fbe3cebd868f1d9c0507e9387c6d1c97c2fe7
2025-01-07,TCB,HOSE,16731625000.0,7710800000.0,9020825000.0,701500.0,324200.0,377300.0,2599150000.0,2599150000.0,109500.0,109500.0,23900.0,23900.0,23550.0,23650.0,23730.0,HSX_FOREIGN_API,HOSE_SYMBOL_LEVEL,VND,2026-08-25T04:25:44Z,ff_hsx_symbol_daily_v1,70db937e65667c68898bbc1a57ad7e6bdf9b2ebc849ef22c6b81a4ea25138dc1
2025-01-08,TCB,HOSE,123081211050.0,20502979100.0,102578231950.0,5146756.0,856900.0,4289856.0,20430529100.0,20430529100.0,853900.0,853900.0,23800.0,24300.0,23650.0,23950.0,23930.0,HSX_FOREIGN_API,HOSE_SYMBOL_LEVEL,VND,2026-08-25T04:25:44Z,ff_hsx_symbol_daily_v1,8ab246cabe1434d8301fa386d96e401179634ee9d865887f2e89ee8ed585b42f
2025-01-09,TCB,HOSE,37245530000.0,28366395000.0,8879135000.0,1557400.0,1187900.0,369500.0,32849190000.0,28049190000.0,1374600.0,1174600.0,24050.0,24050.0,23750.0,23950.0,23880.0,HSX_FOREIGN_API,HOSE_SYMBOL_LEVEL,VND,2026-08-25T04:25:44Z,ff_hsx_symbol_daily_v1,72d3d9f93a1aa06de8a6d6fbe707d1fb89b53fd7500f136df3f2cd253f4f3cbb
2025-01-10,TCB,HOSE,5152800000.0,2208085000.0,2944715000.0,214700.0,92600.0,122100.0,0.0,0.0,0.0,0.0,24000.0,24000.0,23400.0,23400.0,23690.0,HSX_FOREIGN_API,HOSE_SYMBOL_LEVEL,VND,2026-08-25T04:25:44Z,ff_hsx_symbol_daily_v1,8357ea4f632ca0aa0cf6bd3ea197dcdd7536a417f0c69a3acea5d42c76c0b060
2025-01-13,TCB,HOSE,1570464000.0,1635714000.0,-65250000.0,67300.0,70100.0,-2800.0,1500864000.0,1500864000.0,64300.0,64300.0,23200.0,23800.0,23150.0,23800.0,23370.0,HSX_FOREIGN_API,HOSE_SYMBOL_LEVEL,VND,2026-08-25T04:25:44Z,ff_hsx_symbol_daily_v1,656719c7222866b0751b244468d1d1412ff965f33b6ee8cf4b19112766cf8a49
2025-01-14,TCB,HOSE,2496283000.0,2308208000.0,188075000.0,105300.0,97300.0,8000.0,2183068000.0,2183068000.0,92000.0,92000.0,23550.0,23750.0,23500.0,23600.0,23610.0,HSX_FOREIGN_API,HOSE_SYMBOL_LEVEL,VND,2026-08-25T04:25:44Z,ff_hsx_symbol_daily_v1,1f8ad0a80005a709b3b79c6803b7836a87d40ecb21b8a0eb379e001039798c08
2025-01-15,TCB,HOSE,3745130000.0,4459130000.0,-714000000.0,156700.0,186700.0,-30000.0,3745130000.0,3745130000.0,156700.0,156700.0,23800.0,23900.0,23650.0,23700.0,23790.0,HSX_FOREIGN_API,HOSE_SYMBOL_LEVEL,VND,2026-08-25T04:25:44Z,ff_hsx_symbol_daily_v1,2a80a489e1a620cd2c2dbf29eb988aa48cfd046a4c4a33a82d5f8c04ba1d1cfa
2025-01-16,TCB,HOSE,0.0,1757940000.0,-1757940000.0,0.0,73800.0,-73800.0,0.0,0.0,0.0,0.0,23850.0,23950.0,23600.0,23850.0,23770.0,HSX_FOREIGN_API,HOSE_SYMBOL_LEVEL,VND,2026-08-25T04:25:44Z,ff_hsx_symbol_daily_v1,2193acce1ef180136817d6db5ae08178ee9c92719d19a17c78074a6380c5b6c7
2025-01-17,TCB,HOSE,4020417500.0,8983827500.0,-4963410000.0,168400.0,376700.0,-208300.0,3894012500.0,3894012500.0,163100.0,163100.0,23850.0,24400.0,23750.0,24400.0,24080.0,HSX_FOREIGN_API,HOSE_SYMBOL_LEVEL,VND,2026-08-25T04:25:44Z,ff_hsx_symbol_daily_v1,2a713945142c95af66cd80cf481876e125c6d619b7621c267af70b708ea49f1f
2025-01-20,TCB,HOSE,3512838000.0,5829358000.0,-2316520000.0,144000.0,239100.0,-95100.0,3512838000.0,2777838000.0,144000.0,114000.0,24400.0,24500.0,24250.0,24400.0,24370.0,HSX_FOREIGN_API,HOSE_SYMBOL_LEVEL,VND,2026-08-25T04:25:44Z,ff_hsx_symbol_daily_v1,f42eff5436966bedbe2094c056f721c396c052893b462571f54a34288aeb8383
2025-01-21,TCB,HOSE,4551015000.0,13668265000.0,-9117250000.0,186900.0,561900.0,-375000.0,4551015000.0,4551015000.0,186900.0,186900.0,24400.0,24500.0,24150.0,24200.0,24290.0,HSX_FOREIGN_API,HOSE_SYMBOL_LEVEL,VND,2026-08-25T04:25:44Z,ff_hsx_symbol_daily_v1,b1f48f6724d038ab9c955e99a7b81a6b8a419dc27ebd2ee944d6ba5b7498d5c4
2025-01-22,TCB,HOSE,5222520000.0,199430000.0,5023090000.0,213600.0,8200.0,205400.0,0.0,0.0,0.0,0.0,24450.0,24450.0,24150.0,24200.0,24260.0,HSX_FOREIGN_API,HOSE_SYMBOL_LEVEL,VND,2026-08-25T04:25:44Z,ff_hsx_symbol_daily_v1,8d8eddfb67629c24c4807a45a8f46be3131a2688829f5cd9658d4d03c63d68bd
2025-01-23,TCB,HOSE,3046185000.0,717570000.0,2328615000.0,125100.0,29200.0,95900.0,0.0,0.0,0.0,0.0,24350.0,24850.0,24250.0,24600.0,24630.0,HSX_FOREIGN_API,HOSE_SYMBOL_LEVEL,VND,2026-08-25T04:25:44Z,ff_hsx_symbol_daily_v1,97416257460908e9f7f85f87adfb0c12b521906475d36567979d0f1b31a7f265
2025-01-24,TCB,HOSE,31848890000.0,27623200000.0,4225690000.0,1285000.0,1114700.0,170300.0,22548890000.0,22548890000.0,910000.0,910000.0,24800.0,24850.0,24650.0,24750.0,24790.0,HSX_FOREIGN_API,HOSE_SYMBOL_LEVEL,VND,2026-08-25T04:25:44Z,ff_hsx_symbol_daily_v1,2c38bbb72b70cd4fb252f654ce55c642cf1701692738d4e998ba566cbdb631a6
2025-02-03,TCB,HOSE,37376432200.0,54278012200.0,-16901580000.0,1529900.0,2223700.0,-693800.0,37175532200.0,37175532200.0,1521700.0,1521700.0,24500.0,24700.0,24250.0,24250.0,24390.0,HSX_FOREIGN_API,HOSE_SYMBOL_LEVEL,VND,2026-08-25T04:25:44Z,ff_hsx_symbol_daily_v1,941b93bc62493bb0a4f5be6bcd0fadac2781b3f2ed72d49cb88131395104afd0
2025-02-04,TCB,HOSE,5617220000.0,34187145000.0,-28569925000.0,229200.0,1395000.0,-1165800.0,4906200000.0,4906200000.0,200000.0,200000.0,24350.0,24700.0,24300.0,24650.0,24530.0,HSX_FOREIGN_API,HOSE_SYMBOL_LEVEL,VND,2026-08-25T04:25:44Z,ff_hsx_symbol_daily_v1,5d77dc133ac91bbe1bf6a5cdd6b84cd9ddfaf064b1519443087eece2ac1dc12d
2025-02-05,TCB,HOSE,9626655000.0,5301690000.0,4324965000.0,388500.0,214700.0,173800.0,4539860000.0,4539860000.0,183800.0,183800.0,24850.0,24900.0,24550.0,24700.0,24690.0,HSX_FOREIGN_API,HOSE_SYMBOL_LEVEL,VND,2026-08-25T04:25:44Z,ff_hsx_symbol_daily_v1,cfcf5186c9db636cc451f5155271c64226cb11e883a44dd1140e8aa78294a55c
2025-02-06,TCB,HOSE,28811722500.0,55832652500.0,-27020930000.0,1147100.0,2204700.0,-1057600.0,11331922500.0,11331922500.0,445100.0,445100.0,24900.0,25500.0,24800.0,25200.0,25270.0,HSX_FOREIGN_API,HOSE_SYMBOL_LEVEL,VND,2026-08-25T04:25:44Z,ff_hsx_symbol_daily_v1,ed5b6fc5ffeb8a6c486bc238a6887965fa14c204e39c119cf7ba563824ba5e23
2025-02-07,TCB,HOSE,31082716000.0,31844196000.0,-761480000.0,1219888.0,1248688.0,-28800.0,9959216000.0,9959216000.0,389888.0,389888.0,25450.0,25800.0,25200.0,25750.0,25550.0,HSX_FOREIGN_API,HOSE_SYMBOL_LEVEL,VND,2026-08-25T04:25:44Z,ff_hsx_symbol_daily_v1,12c077d5f02cc92a361a7d931c07bf92a27e2ec9276db923f51ce70874257b30
2025-02-10,TCB,HOSE,18063620200.0,29016275200.0,-10952655000.0,700900.0,1124400.0,-423500.0,17267945200.0,17267945200.0,670000.0,670000.0,25750.0,26250.0,25450.0,25750.0,25810.0,HSX_FOREIGN_API,HOSE_SYMBOL_LEVEL,VND,2026-08-25T04:25:44Z,ff_hsx_symbol_daily_v1,501b4fefc211404c6f0fcde330dc5364e1b74ff16a9949b751a706a7483196ab
2025-02-11,TCB,HOSE,65246665000.0,68471570000.0,-3224905000.0,2505500.0,2642500.0,-137000.0,19321105000.0,19321105000.0,745900.0,745900.0,26100.0,26150.0,25750.0,25900.0,25930.0,HSX_FOREIGN_API,HOSE_SYMBOL_LEVEL,VND,2026-08-25T04:25:44Z,ff_hsx_symbol_daily_v1,355f4406c384c0ab04b3dfa6ae5df99889f6400f2a74c8eedad4f4c8f17aa3db
2025-02-12,TCB,HOSE,18532800000.0,3601205000.0,14931595000.0,712800.0,139900.0,572900.0,13000000000.0,0.0,500000.0,0.0,26000.0,26000.0,25700.0,25700.0,25810.0,HSX_FOREIGN_API,HOSE_SYMBOL_LEVEL,VND,2026-08-25T04:25:44Z,ff_hsx_symbol_daily_v1,23b4d0b2435f3348d35ebc1a68a001d8cb7606ea2e9e7749785b81b9e5c4f54d
2025-02-13,TCB,HOSE,11181515000.0,6421872300.0,4759642700.0,433700.0,249189.0,184511.0,10966475000.0,3226475000.0,425300.0,125300.0,25600.0,26000.0,25550.0,25950.0,25810.0,HSX_FOREIGN_API,HOSE_SYMBOL_LEVEL,VND,2026-08-25T04:25:44Z,ff_hsx_symbol_daily_v1,15edf49e33ebbf9f4894267a7dcead000becdf17e5f5b82c5e0abeb82d658196
2025-02-14,TCB,HOSE,45515660000.0,1148800000.0,44366860000.0,1750600.0,44000.0,1706600.0,45500000000.0,0.0,1750000.0,0.0,26100.0,26200.0,25900.0,26000.0,26020.0,HSX_FOREIGN_API,HOSE_SYMBOL_LEVEL,VND,2026-08-25T04:25:44Z,ff_hsx_symbol_daily_v1,df625d341c6ffa1804d67730c3e95c6c13cb5ab1900e83450173ba3074052b78
2025-02-17,TCB,HOSE,48931602000.0,68334952000.0,-19403350000.0,1886800.0,2636900.0,-750100.0,48931602000.0,45294202000.0,1886800.0,1746900.0,26000.0,26100.0,25700.0,25700.0,25870.0,HSX_FOREIGN_API,HOSE_SYMBOL_LEVEL,VND,2026-08-25T04:25:44Z,ff_hsx_symbol_daily_v1,57bdf623fa5ada4a6b6c8c154e0fee42b739b712f7e50b3bff5451ab24d7e6e6
2025-02-18,TCB,HOSE,1241472100.0,6104017100.0,-4862545000.0,48026.0,236126.0,-188100.0,1241472100.0,1241472100.0,48026.0,48026.0,25700.0,26100.0,25650.0,25850.0,25880.0,HSX_FOREIGN_API,HOSE_SYMBOL_LEVEL,VND,2026-08-25T04:25:44Z,ff_hsx_symbol_daily_v1,ad66a309b81eb149200b55f45d871db3e40d55690d7a83d992c341fc51cd4370
2025-02-19,TCB,HOSE,60318307800.0,60404437800.0,-86130000.0,2318300.0,2321500.0,-3200.0,59176507800.0,59176507800.0,2274300.0,2274300.0,25950.0,26150.0,25800.0,26100.0,26010.0,HSX_FOREIGN_API,HOSE_SYMBOL_LEVEL,VND,2026-08-25T04:25:44Z,ff_hsx_symbol_daily_v1,93748a44a7ba0c4417319513d24ad4c0c35eb77b41db46fda0cbfb1aa6f1c618
2025-02-20,TCB,HOSE,67971273000.0,80285728000.0,-12314455000.0,2578300.0,3044300.0,-466000.0,67892673000.0,49482673000.0,2575300.0,1875300.0,26200.0,26600.0,26050.0,26550.0,26410.0,HSX_FOREIGN_API,HOSE_SYMBOL_LEVEL,VND,2026-08-25T04:25:44Z,ff_hsx_symbol_daily_v1,89b1d63cdd72b9287b1a6aa8654b5d920f1d7b5bbcf9584843105c24d2316d63
2025-02-21,TCB,HOSE,34346919400.0,63314443950.0,-28967524550.0,1295800.0,2389161.0,-1093361.0,32375859400.0,32375859400.0,1221700.0,1221700.0,26600.0,26600.0,26400.0,26500.0,26500.0,HSX_FOREIGN_API,HOSE_SYMBOL_LEVEL,VND,2026-08-25T04:25:44Z,ff_hsx_symbol_daily_v1,25c4b18a13b32227ca64b5586c99400be1123ad40ae8660190ad8cb3ff5aada3
2025-02-24,TCB,HOSE,2347285500.0,13571385500.0,-11224100000.0,88500.0,511500.0,-423000.0,2347285500.0,2347285500.0,88500.0,88500.0,26400.0,26650.0,26300.0,26500.0,26510.0,HSX_FOREIGN_API,HOSE_SYMBOL_LEVEL,VND,2026-08-25T04:25:44Z,ff_hsx_symbol_daily_v1,885456b22756757ee15272cf9602992a8042b387282c1dedea32364ea0d118df
2025-02-25,TCB,HOSE,28141342400.0,15439631600.0,12701710800.0,1055000.0,579601.0,475399.0,0.0,0.0,0.0,0.0,26600.0,26800.0,26350.0,26400.0,26520.0,HSX_FOREIGN_API,HOSE_SYMBOL_LEVEL,VND,2026-08-25T04:25:44Z,ff_hsx_symbol_daily_v1,ba4000c415793a91997b6112b6be8493792c4f9e6d6fca7ba11dc13af78c15e1
2025-02-26,TCB,HOSE,49795640300.0,20603538800.0,29192101500.0,1882161.0,779300.0,1102861.0,19956363800.0,19956363800.0,754700.0,754700.0,26400.0,26550.0,26300.0,26300.0,26390.0,HSX_FOREIGN_API,HOSE_SYMBOL_LEVEL,VND,2026-08-25T04:25:44Z,ff_hsx_symbol_daily_v1,363a8837aa790a83b75c8c08428997b54a3fa84446cdfdd8e122fda39396f02f
2025-02-27,TCB,HOSE,15459690000.0,9679595000.0,5780095000.0,587800.0,369900.0,217900.0,7302090000.0,7302090000.0,278800.0,278800.0,26400.0,26400.0,26000.0,26250.0,26210.0,HSX_FOREIGN_API,HOSE_SYMBOL_LEVEL,VND,2026-08-25T04:25:44Z,ff_hsx_symbol_daily_v1,16ca739e4a1ad4ec70f870b165133bf259c5eb171e0d1334c447259036a46385
2025-02-28,TCB,HOSE,37788486300.0,44507780000.0,-6719293700.0,1444201.0,1702800.0,-258599.0,24490210000.0,24490210000.0,937600.0,937600.0,26250.0,26300.0,26050.0,26100.0,26160.0,HSX_FOREIGN_API,HOSE_SYMBOL_LEVEL,VND,2026-08-25T04:25:44Z,ff_hsx_symbol_daily_v1,928c54dad66fa65b1f7819f544d604454a0522209a8c7a30b8a97f0b8db9fc5f
2025-03-03,TCB,HOSE,643290000.0,471800000.0,171490000.0,24600.0,18000.0,6600.0,0.0,0.0,0.0,0.0,26150.0,26300.0,26050.0,26100.0,26180.0,HSX_FOREIGN_API,HOSE_SYMBOL_LEVEL,VND,2026-08-25T04:25:44Z,ff_hsx_symbol_daily_v1,9f357e07409d3769e13fad139f082ed79c9f5d5a21bb438ca10fcbd8f47cf971
2025-03-04,TCB,HOSE,5832555400.0,18667302250.0,-12834746850.0,216900.0,695469.0,-478569.0,3454845400.0,3454845400.0,125800.0,125800.0,26100.0,27550.0,26000.0,27500.0,26880.0,HSX_FOREIGN_API,HOSE_SYMBOL_LEVEL,VND,2026-08-25T04:25:44Z,ff_hsx_symbol_daily_v1,074ba775d9ff4261ec8ce32aaeb939b461ec778b3fcc32f98424be5515f01306
2025-03-05,TCB,HOSE,19772500000.0,5484835000.0,14287665000.0,711200.0,198500.0,512700.0,10939500000.0,1683000000.0,390000.0,60000.0,27500.0,27600.0,27300.0,27300.0,27410.0,HSX_FOREIGN_API,HOSE_SYMBOL_LEVEL,VND,2026-08-25T04:25:44Z,ff_hsx_symbol_daily_v1,87a6347fbb4577d3ad11931f74600c3be94519dde81f5a56be156516c508802a
2025-03-06,TCB,HOSE,177435616000.0,176963676000.0,471940000.0,6340800.0,6323600.0,17200.0,176941516000.0,176941516000.0,6322800.0,6322800.0,27450.0,27700.0,27350.0,27700.0,27530.0,HSX_FOREIGN_API,HOSE_SYMBOL_LEVEL,VND,2026-08-25T04:25:44Z,ff_hsx_symbol_daily_v1,d621d56e75418b323b6ae773b8a045e60399921f98ff10d830ffebd47749a1c6
2025-03-07,TCB,HOSE,15048912100.0,3865205000.0,11183707100.0,532669.0,139700.0,392969.0,15047000400.0,565080000.0,532600.0,20000.0,27700.0,27900.0,27450.0,27750.0,27680.0,HSX_FOREIGN_API,HOSE_SYMBOL_LEVEL,VND,2026-08-25T04:25:44Z,ff_hsx_symbol_daily_v1,50e885b665fa1aaf4138eb7f1c4454ad8994abc0fb14ac192273139933dd06a9
2025-03-10,TCB,HOSE,6882967500.0,5652320000.0,1230647500.0,243200.0,200300.0,42900.0,6882967500.0,4576110000.0,243200.0,161700.0,27750.0,28300.0,27700.0,27800.0,27940.0,HSX_FOREIGN_API,HOSE_SYMBOL_LEVEL,VND,2026-08-25T04:25:44Z,ff_hsx_symbol_daily_v1,c775b96dbe4feff9769c2b25940d5719b64e454062fdfec38dd68b0f5211b098
2025-03-11,TCB,HOSE,9034221600.0,11984041600.0,-2949820000.0,318600.0,425600.0,-107000.0,9034221600.0,9034221600.0,318600.0,318600.0,27500.0,28000.0,27450.0,28000.0,27670.0,HSX_FOREIGN_API,HOSE_SYMBOL_LEVEL,VND,2026-08-25T04:25:44Z,ff_hsx_symbol_daily_v1,1d97ec34e40d2cf147ed1d4cf9927c3b769f45ec91cf951180a870f5b4c9516a
2025-03-12,TCB,HOSE,4716432000.0,1645846250.0,3070585750.0,164700.0,57475.0,107225.0,4716432000.0,1297800000.0,164700.0,45000.0,28100.0,28250.0,27800.0,27850.0,27960.0,HSX_FOREIGN_API,HOSE_SYMBOL_LEVEL,VND,2026-08-25T04:25:44Z,ff_hsx_symbol_daily_v1,28ba249f987d6429cb7f63591cdf0c5c27388a15ba5c2b7e9d9dcd203e59ae14
2025-03-13,TCB,HOSE,43835350500.0,48863965500.0,-5028615000.0,1527300.0,1709000.0,-181700.0,43835350500.0,43835350500.0,1527300.0,1527300.0,27800.0,27800.0,27250.0,27300.0,27540.0,HSX_FOREIGN_API,HOSE_SYMBOL_LEVEL,VND,2026-08-25T04:25:44Z,ff_hsx_symbol_daily_v1,aa9828134de0fa8938feef62c023873ddb0d09de5bae8841e5a20ebd703f551f
2025-03-14,TCB,HOSE,190098881700.0,189948011700.0,150870000.0,6635700.0,6631700.0,4000.0,190098881700.0,188692931700.0,6635700.0,6585700.0,27100.0,27400.0,27100.0,27300.0,27280.0,HSX_FOREIGN_API,HOSE_SYMBOL_LEVEL,VND,2026-08-25T04:25:44Z,ff_hsx_symbol_daily_v1,f1b8be821b22f0504421dacf79c9afd2b68a748ab54f2d3e2973302cf465c93e
2025-03-17,TCB,HOSE,21132421128.0,28476796128.0,-7344375000.0,744309.0,1013209.0,-268900.0,21132421128.0,21132421128.0,744309.0,744309.0,27350.0,27450.0,27150.0,27450.0,27310.0,HSX_FOREIGN_API,HOSE_SYMBOL_LEVEL,VND,2026-08-25T04:25:44Z,ff_hsx_symbol_daily_v1,39a11a50d45eb68f0e8e7ead1ed00e23a6fc8dba1effc61423ff11c5545a799e
2025-03-18,TCB,HOSE,65257795300.0,63694794900.0,1563000400.0,2280400.0,2227700.0,52700.0,65257795300.0,61714943600.0,2280400.0,2155700.0,27500.0,27600.0,27300.0,27400.0,27410.0,HSX_FOREIGN_API,HOSE_SYMBOL_LEVEL,VND,2026-08-25T04:25:44Z,ff_hsx_symbol_daily_v1,921429d9e38173329133eb7cfe4f6eb6b55f347348f88eaab15a4afd2c7832e4
2025-03-19,TCB,HOSE,99638867000.0,99126215000.0,512652000.0,3463500.0,3445700.0,17800.0,99638867000.0,99011955000.0,3463500.0,3441500.0,27300.0,27350.0,27150.0,27250.0,27260.0,HSX_FOREIGN_API,HOSE_SYMBOL_LEVEL,VND,2026-08-25T04:25:44Z,ff_hsx_symbol_daily_v1,15763e57a6c241aced286d6378f7e98a37af5bd133d1d0ec22ce2b7efa5429cd
2025-03-20,TCB,HOSE,10527878478.0,5695822478.0,4832056000.0,370506.0,203806.0,166700.0,10527878478.0,2907252478.0,370506.0,101606.0,27500.0,27550.0,27100.0,27450.0,27300.0,HSX_FOREIGN_API,HOSE_SYMBOL_LEVEL,VND,2026-08-25T04:25:44Z,ff_hsx_symbol_daily_v1,31160e15d434148eba2fe5e4cb4b9fda67d2114b2741d5b7a1bbd2f398fb48cf
2025-03-21,TCB,HOSE,14871269096.0,31087139096.0,-16215870000.0,516502.0,1108102.0,-591600.0,14871269096.0,14871269096.0,516502.0,516502.0,27350.0,27550.0,27300.0,27350.0,27410.0,HSX_FOREIGN_API,HOSE_SYMBOL_LEVEL,VND,2026-08-25T04:25:44Z,ff_hsx_symbol_daily_v1,da29c429984677b887769f8cfb5cf196bfa71d14200178efb0a9db8c384da4c6
2025-03-24,TCB,HOSE,34602750000.0,44192450000.0,-9589700000.0,1183000.0,1538000.0,-355000.0,34602750000.0,44052750000.0,1183000.0,1533000.0,27350.0,28200.0,27200.0,28000.0,27810.0,HSX_FOREIGN_API,HOSE_SYMBOL_LEVEL,VND,2026-08-25T04:25:44Z,ff_hsx_symbol_daily_v1,dce01e9c2bd5387cceb1a41074c630a79f1aa06538097a8d38130c8c0767d7a3
2025-03-25,TCB,HOSE,26923792050.0,24191564050.0,2732228000.0,906719.0,812219.0,94500.0,26923792050.0,23976344050.0,906719.0,804519.0,28100.0,28200.0,27850.0,27900.0,27960.0,HSX_FOREIGN_API,HOSE_SYMBOL_LEVEL,VND,2026-08-25T04:25:44Z,ff_hsx_symbol_daily_v1,51911b9508806b531a0fb5495103f35de710e2cf1b0f7c95d12300f298d0b2a8
2025-03-26,TCB,HOSE,14844852000.0,3095250000.0,11749602000.0,505600.0,106000.0,399600.0,14844852000.0,1791000000.0,505600.0,60000.0,27900.0,28500.0,27800.0,28000.0,28230.0,HSX_FOREIGN_API,HOSE_SYMBOL_LEVEL,VND,2026-08-25T04:25:44Z,ff_hsx_symbol_daily_v1,982f3f21eb485fd6bdd85c6c53db4d6aa12bc24bbc78c00617a2a5b7e6700a62
2025-03-27,TCB,HOSE,22719685600.0,12557005600.0,10162680000.0,766888.0,421488.0,345400.0,22719685600.0,12423805600.0,766888.0,416688.0,28000.0,28150.0,27750.0,27750.0,27980.0,HSX_FOREIGN_API,HOSE_SYMBOL_LEVEL,VND,2026-08-25T04:25:44Z,ff_hsx_symbol_daily_v1,22e061f3b8ec41cfefdea8c3b5d7e6984aa8538bb6d4deb9df4bfc4f1fd2f98d
2025-03-28,TCB,HOSE,80603525000.0,89961775000.0,-9358250000.0,2718500.0,3071500.0,-353000.0,80603525000.0,89878525000.0,2718500.0,3068500.0,27750.0,27800.0,27450.0,27550.0,27560.0,HSX_FOREIGN_API,HOSE_SYMBOL_LEVEL,VND,2026-08-25T04:25:44Z,ff_hsx_symbol_daily_v1,ae232ef4546a6a4946d374c20ebe6e636cd065c742aefaba6234acecb2112594
2025-03-31,TCB,HOSE,116984235000.0,120181557750.0,-3197322750.0,3972300.0,4089565.0,-117265.0,116984235000.0,116984235000.0,3972300.0,3972300.0,27400.0,27500.0,27200.0,27500.0,27340.0,HSX_FOREIGN_API,HOSE_SYMBOL_LEVEL,VND,2026-08-25T04:25:44Z,ff_hsx_symbol_daily_v1,8985b22b23ad1a103bd0292ac176a594078762f95fbc7dbfe5385316e764b981
2025-04-01,TCB,HOSE,88332000000.0,88348570000.0,-16570000.0,3004800.0,3005400.0,-600.0,88200000000.0,88200000000.0,3000000.0,3000000.0,27500.0,28000.0,27400.0,27950.0,27650.0,HSX_FOREIGN_API,HOSE_SYMBOL_LEVEL,VND,2026-08-25T04:25:44Z,ff_hsx_symbol_daily_v1,6ccedcf0a96aea91cac350f44fde593159993cd0b5b4255e542f0ca91ee51324
2025-04-02,TCB,HOSE,123766450000.0,113211750000.0,10554700000.0,4142900.0,3789900.0,353000.0,123766450000.0,113211750000.0,4142900.0,3789900.0,28000.0,28150.0,27850.0,27900.0,27970.0,HSX_FOREIGN_API,HOSE_SYMBOL_LEVEL,VND,2026-08-25T04:25:44Z,ff_hsx_symbol_daily_v1,7806f4d52de1388218c08636e2bb3738b31dcfc63af34bbd2c61ecf07327a314
2025-04-03,TCB,HOSE,138110010000.0,333870480000.0,-195760470000.0,5195300.0,12727300.0,-7532000.0,138110010000.0,138110010000.0,5195300.0,5195300.0,26950.0,27200.0,25950.0,25950.0,26390.0,HSX_FOREIGN_API,HOSE_SYMBOL_LEVEL,VND,2026-08-25T04:25:44Z,ff_hsx_symbol_daily_v1,d8afbb962723f120134263b54fd5b0c5b30116fe5654498253273fc9ce5c56c2
2025-04-04,TCB,HOSE,142582475600.0,332799381700.0,-190216906100.0,5702200.0,13418345.0,-7716145.0,142582475600.0,142582475600.0,5702200.0,5702200.0,24150.0,25750.0,24150.0,25700.0,24880.0,HSX_FOREIGN_API,HOSE_SYMBOL_LEVEL,VND,2026-08-25T04:25:44Z,ff_hsx_symbol_daily_v1,c2b82310b47725e9102f5ad1b7bc90be2df1329098ca64d79627f86ec73cedc2
2025-04-08,TCB,HOSE,31153200000.0,61884102950.0,-30730902950.0,1300000.0,2580594.0,-1280594.0,31153200000.0,31153200000.0,1300000.0,1300000.0,25000.0,25000.0,23950.0,23950.0,24070.0,HSX_FOREIGN_API,HOSE_SYMBOL_LEVEL,VND,2026-08-25T04:25:44Z,ff_hsx_symbol_daily_v1,30d1cfc37031764a7396944e28101e0480ecaaf11823a0ae80d46cad17b73edc
2025-04-09,TCB,HOSE,160585292850.0,15605167950.0,144980124900.0,6784000.0,651008.0,6132992.0,0.0,0.0,0.0,0.0,22300.0,24900.0,22300.0,23600.0,23670.0,HSX_FOREIGN_API,HOSE_SYMBOL_LEVEL,VND,2026-08-25T04:25:44Z,ff_hsx_symbol_daily_v1,9c7c99d47709924b6202aadd6127eb82fac8cb4e6d764e95d3f2d67062fc83ed
2025-04-10,TCB,HOSE,50907636000.0,32731575000.0,18176061000.0,2016144.0,1296300.0,719844.0,41536250000.0,32443725000.0,1645000.0,1284900.0,25250.0,25250.0,25250.0,25250.0,25250.0,HSX_FOREIGN_API,HOSE_SYMBOL_LEVEL,VND,2026-08-25T04:25:44Z,ff_hsx_symbol_daily_v1,f94d882929cf7811b8caf55d3c045b79211f6f30fc033e31405a437f624b412a
2025-04-11,TCB,HOSE,354836282800.0,241740803800.0,113095479000.0,13291222.0,9054327.0,4236895.0,190017783800.0,190017783800.0,7066127.0,7066127.0,26500.0,26600.0,25600.0,26600.0,26170.0,HSX_FOREIGN_API,HOSE_SYMBOL_LEVEL,VND,2026-08-25T04:25:44Z,ff_hsx_symbol_daily_v1,39ae0292f1ed1683dec8f6a43fd2001f1917a817f67207308384dceef2db6b7a
2025-04-14,TCB,HOSE,30444842000.0,45970785000.0,-15525943000.0,1148508.0,1740000.0,-591492.0,13128030000.0,13128030000.0,497500.0,497500.0,26600.0,26700.0,26100.0,26550.0,26390.0,HSX_FOREIGN_API,HOSE_SYMBOL_LEVEL,VND,2026-08-25T04:25:44Z,ff_hsx_symbol_daily_v1,2513cba26ed37a93083343cad12e4e70d070fddfddab7593adf553fc1f539e52
2025-04-15,TCB,HOSE,88694390300.0,110307530450.0,-21613140150.0,3352900.0,4201913.0,-849013.0,88694390300.0,77309834200.0,3352900.0,2936600.0,26050.0,26350.0,25800.0,26000.0,26050.0,HSX_FOREIGN_API,HOSE_SYMBOL_LEVEL,VND,2026-08-25T04:25:44Z,ff_hsx_symbol_daily_v1,6964c40f5b3408450eb68ac53bd29970c817967f3106fc7bae20306c760e503f
2025-04-16,TCB,HOSE,75508160000.0,27181330000.0,48326830000.0,2874600.0,1031700.0,1842900.0,49666730000.0,23366730000.0,1886400.0,886400.0,26150.0,26450.0,25750.0,25800.0,26050.0,HSX_FOREIGN_API,HOSE_SYMBOL_LEVEL,VND,2026-08-25T04:25:44Z,ff_hsx_symbol_daily_v1,a82bc4f3711a61a9d2a4694ad2af10ac14af2f8c6c0b75e96f796467845ee1fa
2025-04-17,TCB,HOSE,42424680000.0,9901675000.0,32523005000.0,1618500.0,376500.0,1242000.0,42360680000.0,9888800000.0,1616000.0,376000.0,25600.0,26000.0,25550.0,26000.0,25770.0,HSX_FOREIGN_API,HOSE_SYMBOL_LEVEL,VND,2026-08-25T04:25:44Z,ff_hsx_symbol_daily_v1,d8bee2cc0b5aaecf76d6be55f1d2e13d319b726727df05ccf99d9bfb1abac4a6
2025-04-18,TCB,HOSE,36782778950.0,3333206400.0,33449572550.0,1388213.0,126000.0,1262213.0,3251986400.0,3251986400.0,122900.0,122900.0,26500.0,26500.0,26000.0,26000.0,26230.0,HSX_FOREIGN_API,HOSE_SYMBOL_LEVEL,VND,2026-08-25T04:25:44Z,ff_hsx_symbol_daily_v1,b307ce882528a060de41d56be5a5c5ed0d4f00d96da3797d3c1ab941221070e2
2025-04-21,TCB,HOSE,3853356000.0,458670000.0,3394686000.0,145300.0,17700.0,127600.0,3853356000.0,0.0,145300.0,0.0,26000.0,26300.0,25600.0,25750.0,25870.0,HSX_FOREIGN_API,HOSE_SYMBOL_LEVEL,VND,2026-08-25T04:25:44Z,ff_hsx_symbol_daily_v1,fd8aa3c2520b0705f975fe13b81f0205b67711ae831d991816258aef63577a56
2025-04-22,TCB,HOSE,147130320900.0,152246650900.0,-5116330000.0,5556300.0,5764800.0,-208500.0,147130320900.0,147130320900.0,5556300.0,5556300.0,25250.0,25650.0,23950.0,25150.0,24870.0,HSX_FOREIGN_API,HOSE_SYMBOL_LEVEL,VND,2026-08-25T04:25:44Z,ff_hsx_symbol_daily_v1,cfc600fc4225fc9166602527983a5e5e8c0706c4347e47db3f4395dabd2ddb53
2025-04-23,TCB,HOSE,15223635400.0,15146370400.0,77265000.0,589600.0,586600.0,3000.0,15143810400.0,15143810400.0,586500.0,586500.0,25750.0,26300.0,25150.0,26100.0,25730.0,HSX_FOREIGN_API,HOSE_SYMBOL_LEVEL,VND,2026-08-25T04:25:44Z,ff_hsx_symbol_daily_v1,ceddb6fe16c5a2bbaf0c513a06ac64801a62cbbd3bd984fd5530444e5e06084d
2025-04-24,TCB,HOSE,5292093000.0,4831893000.0,460200000.0,199200.0,181500.0,17700.0,4831893000.0,4831893000.0,181500.0,181500.0,26000.0,26100.0,25700.0,25750.0,25850.0,HSX_FOREIGN_API,HOSE_SYMBOL_LEVEL,VND,2026-08-25T04:25:44Z,ff_hsx_symbol_daily_v1,8a795c5e5bbe701d5d97236904d37a94644f63f78b9fecccf684b01d99682130
2025-04-25,TCB,HOSE,43330924500.0,37693501500.0,5637423000.0,1614500.0,1406000.0,208500.0,43330924500.0,37693501500.0,1614500.0,1406000.0,25950.0,26050.0,25400.0,25950.0,25790.0,HSX_FOREIGN_API,HOSE_SYMBOL_LEVEL,VND,2026-08-25T04:25:44Z,ff_hsx_symbol_daily_v1,8127b03ea5a60b84af31548686fad1e2610f4680100c419fd05673476e9d812c
2025-04-28,TCB,HOSE,25177401600.0,25501061600.0,-323660000.0,924300.0,936800.0,-12500.0,25174801600.0,25174801600.0,924200.0,924200.0,26000.0,26100.0,25800.0,26000.0,25950.0,HSX_FOREIGN_API,HOSE_SYMBOL_LEVEL,VND,2026-08-25T04:25:44Z,ff_hsx_symbol_daily_v1,fe474de1223c754a572b6e4ea413c9ee1ad97056b278c3c892b69404f8e0b5d1
2025-04-29,TCB,HOSE,8318310000.0,8320955000.0,-2645000.0,304700.0,304800.0,-100.0,8318310000.0,8318310000.0,304700.0,304700.0,26000.0,26600.0,26000.0,26300.0,26370.0,HSX_FOREIGN_API,HOSE_SYMBOL_LEVEL,VND,2026-08-25T04:25:44Z,ff_hsx_symbol_daily_v1,a808d911a426c470f24596f1945982f8edc39a406587da137eba5e674e92ee70
2025-05-05,TCB,HOSE,90419794500.0,90454456800.0,-34662300.0,3274300.0,3275620.0,-1320.0,90419794500.0,90420346800.0,3274300.0,3274320.0,26650.0,26650.0,26150.0,26500.0,26350.0,HSX_FOREIGN_API,HOSE_SYMBOL_LEVEL,VND,2026-08-25T04:25:44Z,ff_hsx_symbol_daily_v1,ad0f098e743a1a6ad5e713c9ec0d12998c8efed432d3f38d72014673568a6545
2025-05-06,TCB,HOSE,9082080000.0,8828530000.0,253550000.0,327000.0,317400.0,9600.0,8748180000.0,8748180000.0,314400.0,314400.0,26500.0,27200.0,26400.0,26850.0,26900.0,HSX_FOREIGN_API,HOSE_SYMBOL_LEVEL,VND,2026-08-25T04:25:44Z,ff_hsx_symbol_daily_v1,7613921b69e43cbb391b7d306809ce1da6653b1d21a540bfc693a49059f652d0
2025-05-07,TCB,HOSE,83235000.0,228325000.0,-145090000.0,3100.0,8500.0,-5400.0,0.0,0.0,0.0,0.0,26850.0,27100.0,26600.0,27000.0,26850.0,HSX_FOREIGN_API,HOSE_SYMBOL_LEVEL,VND,2026-08-25T04:25:44Z,ff_hsx_symbol_daily_v1,3a6af265380a17cdb2868fd819a2bd9467e2d9db8224b27f5ca9248804296228
2025-05-08,TCB,HOSE,4816935000.0,4697595000.0,119340000.0,170120.0,165700.0,4420.0,4697595000.0,4697595000.0,165700.0,165700.0,27000.0,27450.0,26850.0,27400.0,27200.0,HSX_FOREIGN_API,HOSE_SYMBOL_LEVEL,VND,2026-08-25T04:25:44Z,ff_hsx_symbol_daily_v1,2074d774fe67f4246b513ef563a415e1b20ddbbb3e24290ea1aad4b1770eff9e
2025-05-09,TCB,HOSE,1458639000.0,2171579000.0,-712940000.0,50700.0,76600.0,-25900.0,1458639000.0,1458639000.0,50700.0,50700.0,27300.0,28000.0,27250.0,27600.0,27600.0,HSX_FOREIGN_API,HOSE_SYMBOL_LEVEL,VND,2026-08-25T04:25:44Z,ff_hsx_symbol_daily_v1,8b81a5749fdb8792b3cd13e9d96d664489949242d6443240849015960909b073
2025-05-12,TCB,HOSE,149355000.0,2494745000.0,-2345390000.0,5400.0,86000.0,-80600.0,0.0,0.0,0.0,0.0,27650.0,29450.0,27600.0,29400.0,28650.0,HSX_FOREIGN_API,HOSE_SYMBOL_LEVEL,VND,2026-08-25T04:25:44Z,ff_hsx_symbol_daily_v1,7aef09fff40703cdf7f6a6d0f2d03f39adf4c5ca2a91cfd18da926005d582f83
2025-05-13,TCB,HOSE,4876800000.0,4776350000.0,100450000.0,155400.0,152000.0,3400.0,4717500000.0,4717500000.0,150000.0,150000.0,29500.0,29700.0,29150.0,29400.0,29400.0,HSX_FOREIGN_API,HOSE_SYMBOL_LEVEL,VND,2026-08-25T04:25:44Z,ff_hsx_symbol_daily_v1,3dbeffc4c1f803950483956f13892356462cee6cffc24355fc73ad71a972945f
2025-05-14,TCB,HOSE,11508720000.0,10748555000.0,760165000.0,367800.0,341900.0,25900.0,10689855000.0,10689855000.0,339900.0,339900.0,29350.0,30500.0,29300.0,29850.0,29900.0,HSX_FOREIGN_API,HOSE_SYMBOL_LEVEL,VND,2026-08-25T04:25:44Z,ff_hsx_symbol_daily_v1,67f00d822d048921b7cc5717832ed10e270e456516a8b40375404d07efddfb19
2025-05-15,TCB,HOSE,20524502000.0,19271032000.0,1253470000.0,648580.0,606780.0,41800.0,18054762000.0,18054762000.0,565980.0,565980.0,29900.0,30200.0,29550.0,29900.0,29850.0,HSX_FOREIGN_API,HOSE_SYMBOL_LEVEL,VND,2026-08-25T04:25:44Z,ff_hsx_symbol_daily_v1,30f86030dbae7ba6491a1088efd7ce8f8149e1f3dcdf377c44c65102240ec80c
2025-05-16,TCB,HOSE,30026040000.0,29012270000.0,1013770000.0,942400.0,908600.0,33800.0,28806120000.0,28806120000.0,901600.0,901600.0,29900.0,29900.0,29250.0,29450.0,29500.0,HSX_FOREIGN_API,HOSE_SYMBOL_LEVEL,VND,2026-08-25T04:25:44Z,ff_hsx_symbol_daily_v1,0f323ab86f02e7b1bdbf2800e6c76863182474b985d6a2c0688a6ddb1d8e21a8
2025-05-19,TCB,HOSE,204400000.0,62812850.0,141587150.0,7000.0,2127.0,4873.0,0.0,0.0,0.0,0.0,29200.0,29950.0,29100.0,29500.0,29550.0,HSX_FOREIGN_API,HOSE_SYMBOL_LEVEL,VND,2026-08-25T04:25:44Z,ff_hsx_symbol_daily_v1,56707083ad97ac4ec3b52ffa455204e4831020286986d584bf8f5e2cf7e50b5b
2025-05-20,TCB,HOSE,31612732150.0,32226000000.0,-613267850.0,1002126.0,1022000.0,-19874.0,31550000000.0,31550000000.0,1000000.0,1000000.0,29500.0,31100.0,29500.0,30950.0,30500.0,HSX_FOREIGN_API,HOSE_SYMBOL_LEVEL,VND,2026-08-25T04:25:44Z,ff_hsx_symbol_daily_v1,942b62c8b9df6fe77cd27c52643437b4a3bd4c656a47246fc6a2059214d605a5
2025-05-21,TCB,HOSE,8718275650.0,8673965000.0,44310650.0,263527.0,262100.0,1427.0,8652340000.0,8652340000.0,261400.0,261400.0,31000.0,31400.0,30700.0,30900.0,30950.0,HSX_FOREIGN_API,HOSE_SYMBOL_LEVEL,VND,2026-08-25T04:25:44Z,ff_hsx_symbol_daily_v1,57e7f9fc91877f32ffe9d2adc1aa4d1f098cee882057542939423e99cf4dfd94
2025-05-22,TCB,HOSE,22362362650.0,22356926650.0,5436000.0,676673.0,676493.0,180.0,22340907650.0,22340907650.0,675973.0,675973.0,30650.0,31200.0,30300.0,30500.0,30800.0,HSX_FOREIGN_API,HOSE_SYMBOL_LEVEL,VND,2026-08-25T04:25:44Z,ff_hsx_symbol_daily_v1,1095de763d74c032cfb90d98a1592eeb267cfe4430219c2479c96e1d1734ecfc
2025-05-23,TCB,HOSE,23795123950.0,23172080000.0,623043950.0,731194.0,710800.0,20394.0,23172080000.0,23172080000.0,710800.0,710800.0,30550.0,30600.0,29800.0,30150.0,30200.0,HSX_FOREIGN_API,HOSE_SYMBOL_LEVEL,VND,2026-08-25T04:25:44Z,ff_hsx_symbol_daily_v1,61c583b3f4dfe728848e79d1b041f2f1319dddf1cd712bfb843e7826baa60b0c
2025-05-26,TCB,HOSE,12255000000.0,12255000000.0,0.0,380000.0,380000.0,0.0,12255000000.0,12255000000.0,380000.0,380000.0,30150.0,30350.0,29500.0,30350.0,30000.0,HSX_FOREIGN_API,HOSE_SYMBOL_LEVEL,VND,2026-08-25T04:25:44Z,ff_hsx_symbol_daily_v1,628b628002dd1b3d144b1ce47ef08d545814fe0b6aff30d20f66dbd4ec3f1aa2
2025-05-27,TCB,HOSE,0.0,0.0,0.0,0.0,0.0,0.0,0.0,0.0,0.0,0.0,30600.0,31250.0,30350.0,30600.0,30800.0,HSX_FOREIGN_API,HOSE_SYMBOL_LEVEL,VND,2026-08-25T04:25:44Z,ff_hsx_symbol_daily_v1,b68e0bb59d8e59c1c4a3aa097876670fd9b08cc6572f2365c7f5b54970c0ce5b
2025-05-28,TCB,HOSE,24698310000.0,25035460000.0,-337150000.0,755300.0,766300.0,-11000.0,24698310000.0,24698310000.0,755300.0,755300.0,30700.0,30800.0,30250.0,30500.0,30500.0,HSX_FOREIGN_API,HOSE_SYMBOL_LEVEL,VND,2026-08-25T04:25:44Z,ff_hsx_symbol_daily_v1,4bc484a6cc2b365d81949d2cac8ba0a93a408e8c9368611f496aa9259bf18f9b
2025-05-29,TCB,HOSE,154794580000.0,154819020000.0,-24440000.0,4748300.0,4749100.0,-800.0,154794580000.0,154794580000.0,4748300.0,4748300.0,30500.0,30800.0,30300.0,30800.0,30550.0,HSX_FOREIGN_API,HOSE_SYMBOL_LEVEL,VND,2026-08-25T04:25:44Z,ff_hsx_symbol_daily_v1,f08077b99825b7a3a979b0689d3ab0ea498df9474219110a017f43d6e41d23f4
2025-05-30,TCB,HOSE,26264445000.0,26264445000.0,0.0,797100.0,797100.0,0.0,26264445000.0,26264445000.0,797100.0,797100.0,30800.0,30800.0,30450.0,30450.0,30550.0,HSX_FOREIGN_API,HOSE_SYMBOL_LEVEL,VND,2026-08-25T04:25:44Z,ff_hsx_symbol_daily_v1,1ab824e054184c9debae7bbfb26e91d2829e39f5149502a2811cefbfe6ae124a
2025-06-02,TCB,HOSE,5155055000.0,4881855000.0,273200000.0,159100.0,150100.0,9000.0,4820655000.0,4820655000.0,148100.0,148100.0,30400.0,30950.0,30200.0,30850.0,30600.0,HSX_FOREIGN_API,HOSE_SYMBOL_LEVEL,VND,2026-08-25T04:25:44Z,ff_hsx_symbol_daily_v1,bd8dde2a8316068c9e9a03ed199a3715bd77739a6fddd672a7b3dddf9f38965f
2025-06-03,TCB,HOSE,3548220000.0,3565855000.0,-17635000.0,107700.0,108200.0,-500.0,3461700000.0,3461700000.0,104900.0,104900.0,30900.0,31900.0,30900.0,31600.0,31500.0,HSX_FOREIGN_API,HOSE_SYMBOL_LEVEL,VND,2026-08-25T04:25:44Z,ff_hsx_symbol_daily_v1,209b69740813a68ccff088b36249eeac20563a385d6c41cc3bfd050fbda66458
2025-06-04,TCB,HOSE,46056760000.0,45968000000.0,88760000.0,1362800.0,1360000.0,2800.0,45968000000.0,45968000000.0,1360000.0,1360000.0,31700.0,31700.0,31200.0,31350.0,31350.0,HSX_FOREIGN_API,HOSE_SYMBOL_LEVEL,VND,2026-08-25T04:25:44Z,ff_hsx_symbol_daily_v1,94f846016779ccda6c6727c53be3e729dca85b9b9619b19577a5818d9e334b8e
2025-06-05,TCB,HOSE,4840750000.0,6403250000.0,-1562500000.0,144500.0,194500.0,-50000.0,4840750000.0,4840750000.0,144500.0,144500.0,31350.0,31600.0,31050.0,31100.0,31200.0,HSX_FOREIGN_API,HOSE_SYMBOL_LEVEL,VND,2026-08-25T04:25:44Z,ff_hsx_symbol_daily_v1,a4967ecc4bc96cc6a324c7bcd01642cc5e25d02699664898fbbde6dbeef62475
2025-06-06,TCB,HOSE,2343000000.0,2327500000.0,15500000.0,70500.0,70000.0,500.0,2327500000.0,2327500000.0,70000.0,70000.0,31000.0,31000.0,30300.0,30300.0,30600.0,HSX_FOREIGN_API,HOSE_SYMBOL_LEVEL,VND,2026-08-25T04:25:44Z,ff_hsx_symbol_daily_v1,1cd869805860dad11648c2ecb5d1983d3bfc519ee7348719b2e8f0bf0dd16179
2025-06-09,TCB,HOSE,10215720000.0,10248875000.0,-33155000.0,315300.0,316400.0,-1100.0,10215720000.0,10215720000.0,315300.0,315300.0,30300.0,30450.0,29750.0,29750.0,30050.0,HSX_FOREIGN_API,HOSE_SYMBOL_LEVEL,VND,2026-08-25T04:25:44Z,ff_hsx_symbol_daily_v1,5f03a9b241ce5b044dad1328103115bd2a85a5b364461ef57e6166580c4a5a9a
2025-06-10,TCB,HOSE,1482525000.0,27000000.0,1455525000.0,49500.0,900.0,48600.0,0.0,0.0,0.0,0.0,29950.0,30500.0,29850.0,30050.0,30150.0,HSX_FOREIGN_API,HOSE_SYMBOL_LEVEL,VND,2026-08-25T04:25:44Z,ff_hsx_symbol_daily_v1,251e4229d80fca28f10f440552fcd88758cc9d2e54a4c521cddf7966d5fa0c17
2025-06-11,TCB,HOSE,11616490000.0,11574000000.0,42490000.0,361400.0,360000.0,1400.0,11574000000.0,11574000000.0,360000.0,360000.0,30350.0,30350.0,29950.0,30100.0,30150.0,HSX_FOREIGN_API,HOSE_SYMBOL_LEVEL,VND,2026-08-25T04:25:44Z,ff_hsx_symbol_daily_v1,c95b7f020fc1a703dc230fce8abe10f8c8ea69379007369baebce17946308971
2025-06-12,TCB,HOSE,33385000.0,0.0,33385000.0,1100.0,0.0,1100.0,0.0,0.0,0.0,0.0,30350.0,31150.0,30250.0,30950.0,30800.0,HSX_FOREIGN_API,HOSE_SYMBOL_LEVEL,VND,2026-08-25T04:25:44Z,ff_hsx_symbol_daily_v1,21640e94e215944b174943ad0c5a0a0c48deeaad7e8b1aae47870c35cfc2248f
2025-06-13,TCB,HOSE,27079110000.0,27079919900.0,-809900.0,818100.0,818126.0,-26.0,27079110000.0,27079110000.0,818100.0,818100.0,30700.0,31500.0,30500.0,31200.0,31000.0,HSX_FOREIGN_API,HOSE_SYMBOL_LEVEL,VND,2026-08-25T04:25:44Z,ff_hsx_symbol_daily_v1,a367fa2bd4e3556ca3d5e8d935ddab649c9d219f0d7cf552c14bd6e167696c52
2025-06-16,TCB,HOSE,0.0,0.0,0.0,0.0,0.0,0.0,0.0,0.0,0.0,0.0,31000.0,32350.0,30950.0,32300.0,31950.0,HSX_FOREIGN_API,HOSE_SYMBOL_LEVEL,VND,2026-08-25T04:25:44Z,ff_hsx_symbol_daily_v1,1fdbbce0405dd5002115cf07251c57cafe7082289238af5c5abff03448cd7e84
2025-06-17,TCB,HOSE,17091885000.0,17095140000.0,-3255000.0,494700.0,494800.0,-100.0,17091885000.0,17091885000.0,494700.0,494700.0,32550.0,32600.0,32050.0,32400.0,32350.0,HSX_FOREIGN_API,HOSE_SYMBOL_LEVEL,VND,2026-08-25T04:25:44Z,ff_hsx_symbol_daily_v1,6b0aef6cc31e42609c204cb9748e0b6ce388862df13c2958a3f3b70b670ca39c
2025-06-18,TCB,HOSE,13860843200.0,13860000000.0,843200.0,400026.0,400000.0,26.0,13860000000.0,13860000000.0,400000.0,400000.0,32400.0,33350.0,32200.0,32800.0,32750.0,HSX_FOREIGN_API,HOSE_SYMBOL_LEVEL,VND,2026-08-25T04:25:44Z,ff_hsx_symbol_daily_v1,99196336573fd2b660b3cc66b4c4c75108a9207a6ea5200119db3fb55d5384b0
2025-06-19,TCB,HOSE,36010370000.0,36043870000.0,-33500000.0,1027400.0,1028400.0,-1000.0,36010370000.0,36010370000.0,1027400.0,1027400.0,32800.0,34000.0,32800.0,34000.0,33450.0,HSX_FOREIGN_API,HOSE_SYMBOL_LEVEL,VND,2026-08-25T04:25:44Z,ff_hsx_symbol_daily_v1,7ee99976816e45687ff00861d1ab6eb8c0602f11bdcaca7a5e34b4f56c2b0cd9
2025-06-20,TCB,HOSE,57520025000.0,57608540000.0,-88515000.0,1582400.0,1585000.0,-2600.0,57516605000.0,57516605000.0,1582300.0,1582300.0,34200.0,34850.0,33900.0,34000.0,34250.0,HSX_FOREIGN_API,HOSE_SYMBOL_LEVEL,VND,2026-08-25T04:25:44Z,ff_hsx_symbol_daily_v1,f727291fa63b5f79f6b2f837ee2a6e827bace1b989c20147ff9a65d8e128533d
2025-06-23,TCB,HOSE,83855540000.0,84403165000.0,-547625000.0,2306900.0,2323200.0,-16300.0,83852180000.0,83852180000.0,2306800.0,2306800.0,33600.0,34000.0,33400.0,33800.0,33600.0,HSX_FOREIGN_API,HOSE_SYMBOL_LEVEL,VND,2026-08-25T04:25:44Z,ff_hsx_symbol_daily_v1,ce0526a1480ab2f93b2ae5c32debc9300ca86003db30b05a63c03eeba2135bae
2025-06-24,TCB,HOSE,37455000.0,13660000.0,23795000.0,1100.0,400.0,700.0,0.0,0.0,0.0,0.0,34050.0,34750.0,33700.0,34000.0,34250.0,HSX_FOREIGN_API,HOSE_SYMBOL_LEVEL,VND,2026-08-25T04:25:44Z,ff_hsx_symbol_daily_v1,fb1e9bdbfe81c398dcea1208bb0561347d73923b60b118dd83b04fe2be3bffb3
2025-06-25,TCB,HOSE,18277450000.0,18175000000.0,102450000.0,503000.0,500000.0,3000.0,18175000000.0,18175000000.0,500000.0,500000.0,34150.0,34250.0,33800.0,33800.0,34000.0,HSX_FOREIGN_API,HOSE_SYMBOL_LEVEL,VND,2026-08-25T04:25:44Z,ff_hsx_symbol_daily_v1,48047ee34eec0a14574d9e26a6dd1ed67dcccff24bc4e3b036236108c94c3dbf
2025-06-26,TCB,HOSE,37293445000.0,36739245000.0,554200000.0,1032600.0,1016300.0,16300.0,36739245000.0,36739245000.0,1016300.0,1016300.0,34000.0,34450.0,33800.0,34050.0,34050.0,HSX_FOREIGN_API,HOSE_SYMBOL_LEVEL,VND,2026-08-25T04:25:44Z,ff_hsx_symbol_daily_v1,91323339516eb3a7ad15a0dce374fb66b2adf8388bb7cdec29982b4e5e6ffb20
2025-06-27,TCB,HOSE,2071160000.0,2071160000.0,0.0,56900.0,56900.0,0.0,2071160000.0,2071160000.0,56900.0,56900.0,34100.0,34250.0,33850.0,33950.0,34000.0,HSX_FOREIGN_API,HOSE_SYMBOL_LEVEL,VND,2026-08-25T04:25:44Z,ff_hsx_symbol_daily_v1,ff903c2836f44939a8df3062fd8724c878bbc66185f869c12df54953c3d28135
2025-06-30,TCB,HOSE,12033450000.0,12033450000.0,0.0,331500.0,331500.0,0.0,12033450000.0,12033450000.0,331500.0,331500.0,34100.0,34700.0,34000.0,34200.0,34300.0,HSX_FOREIGN_API,HOSE_SYMBOL_LEVEL,VND,2026-08-25T04:25:44Z,ff_hsx_symbol_daily_v1,1be6078150c3fca360dd2d206805514c99e60f622e6074dd8ce84ff80cf40452
2025-07-01,TCB,HOSE,31055730900.0,31083220900.0,-27490000.0,849678.0,850478.0,-800.0,31055730900.0,31055730900.0,849678.0,849678.0,34200.0,34550.0,34050.0,34400.0,34300.0,HSX_FOREIGN_API,HOSE_SYMBOL_LEVEL,VND,2026-08-25T04:25:44Z,ff_hsx_symbol_daily_v1,bda75002154ba0368b7e14b1aba893814c0fc4ea2a962aea5bca67a467f55df5
2025-07-02,TCB,HOSE,11040000000.0,12252250000.0,-1212250000.0,300000.0,335000.0,-35000.0,11040000000.0,11040000000.0,300000.0,300000.0,34500.0,35100.0,34450.0,35000.0,34950.0,HSX_FOREIGN_API,HOSE_SYMBOL_LEVEL,VND,2026-08-25T04:25:44Z,ff_hsx_symbol_daily_v1,c512f34d8adb780c7456f29b51f06e79b2621689a4ccd100c454cdcb1169d847
2025-07-03,TCB,HOSE,22470000000.0,22470000000.0,0.0,600000.0,600000.0,0.0,22470000000.0,22470000000.0,600000.0,600000.0,35150.0,35300.0,34800.0,34850.0,35050.0,HSX_FOREIGN_API,HOSE_SYMBOL_LEVEL,VND,2026-08-25T04:25:44Z,ff_hsx_symbol_daily_v1,dc15e34673ddbb45603b4fae71aeb620c81e29a84aa997f693db78bda1958dc5
2025-07-04,TCB,HOSE,13158505000.0,13130625000.0,27880000.0,353300.0,352500.0,800.0,13130625000.0,13130625000.0,352500.0,352500.0,34850.0,35000.0,34650.0,34950.0,34800.0,HSX_FOREIGN_API,HOSE_SYMBOL_LEVEL,VND,2026-08-25T04:25:44Z,ff_hsx_symbol_daily_v1,34b6484164d4dc6d6aa625123fec09646d8695897c8deef303815115d6e9556b
2025-07-07,TCB,HOSE,38582000000.0,37385300000.0,1196700000.0,1035000.0,1001000.0,34000.0,37350000000.0,37350000000.0,1000000.0,1000000.0,35200.0,35450.0,35100.0,35300.0,35250.0,HSX_FOREIGN_API,HOSE_SYMBOL_LEVEL,VND,2026-08-25T04:25:44Z,ff_hsx_symbol_daily_v1,6087156bd77dfd86b6a785d12f16b995c77190a79104dd933d4b4b827ea4d89c
2025-07-08,TCB,HOSE,587689550000.0,587682863500.0,6686500.0,15568000.0,15567810.0,190.0,587654250000.0,587654250000.0,15567000.0,15567000.0,35300.0,35550.0,35100.0,35300.0,35250.0,HSX_FOREIGN_API,HOSE_SYMBOL_LEVEL,VND,2026-08-25T04:25:44Z,ff_hsx_symbol_daily_v1,2ddb012bad58bb6d02c2e31c6020184e8cfdea811f4cdefdee5980ff4182db3d
2025-07-09,TCB,HOSE,39047112500.0,39035925000.0,11187500.0,1034410.0,1034100.0,310.0,39018400000.0,39018400000.0,1033600.0,1033600.0,35450.0,35600.0,34700.0,34900.0,35200.0,HSX_FOREIGN_API,HOSE_SYMBOL_LEVEL,VND,2026-08-25T04:25:44Z,ff_hsx_symbol_daily_v1,269e8416f17beea5aecf0a084bddecf33d63326d66423298e231847db5431f6d
2025-07-10,TCB,HOSE,59607930000.0,61971180000.0,-2363250000.0,1598100.0,1666000.0,-67900.0,59590480000.0,59590480000.0,1597600.0,1597600.0,34900.0,35000.0,34650.0,34800.0,34850.0,HSX_FOREIGN_API,HOSE_SYMBOL_LEVEL,VND,2026-08-25T04:25:44Z,ff_hsx_symbol_daily_v1,4bd712f207e0a877e3865ef00b8158f2a40881cf9b52edda3a0e58226bf6749e
2025-07-11,TCB,HOSE,44657534750.0,45518750000.0,-861215250.0,1200500.0,1225000.0,-24500.0,44640000000.0,44640000000.0,1200000.0,1200000.0,34800.0,35500.0,34800.0,34950.0,35100.0,HSX_FOREIGN_API,HOSE_SYMBOL_LEVEL,VND,2026-08-25T04:25:44Z,ff_hsx_symbol_daily_v1,6e488184804f2f36d276be74cbaa90d6d725640a49e64e79d2ec7789ac42167a
2025-07-14,TCB,HOSE,111324769500.0,111310470000.0,14299500.0,2980610.0,2980200.0,410.0,111310470000.0,111310470000.0,2980200.0,2980200.0,34950.0,35100.0,34300.0,35100.0,34850.0,HSX_FOREIGN_API,HOSE_SYMBOL_LEVEL,VND,2026-08-25T04:25:44Z,ff_hsx_symbol_daily_v1,38bf1757e550c4ceba61510e5f208d5c5d370e4b2ecd42887f1661f2582eb79f
2025-07-15,TCB,HOSE,32834849000.0,31473000000.0,1361849000.0,877960.0,840000.0,37960.0,30415500000.0,30415500000.0,810000.0,810000.0,35150.0,35750.0,34800.0,34800.0,35350.0,HSX_FOREIGN_API,HOSE_SYMBOL_LEVEL,VND,2026-08-25T04:25:44Z,ff_hsx_symbol_daily_v1,aaa5463847c447acabf1e255e2665047d3fe447ee91927faa44096d598164cd7
2025-07-16,TCB,HOSE,71654640000.0,69627240000.0,2027400000.0,1926200.0,1871700.0,54500.0,71654640000.0,69627240000.0,1926200.0,1871700.0,34800.0,35450.0,34600.0,35250.0,35000.0,HSX_FOREIGN_API,HOSE_SYMBOL_LEVEL,VND,2026-08-25T04:25:44Z,ff_hsx_symbol_daily_v1,e007c2fb1119c07a27cb52cdf75803ecb2ace4c429720e0023de82405b91d9d2
2025-07-17,TCB,HOSE,43454077500.0,44335020000.0,-880942500.0,1152630.0,1177600.0,-24970.0,43453020000.0,43453020000.0,1152600.0,1152600.0,35400.0,35600.0,35100.0,35150.0,35300.0,HSX_FOREIGN_API,HOSE_SYMBOL_LEVEL,VND,2026-08-25T04:25:44Z,ff_hsx_symbol_daily_v1,99fa6521afc145eba1434aa0f90f06c76a28bec5392c9f753da8064c6bcb1610
2025-07-18,TCB,HOSE,0.0,450000000.0,-450000000.0,0.0,12500.0,-12500.0,0.0,0.0,0.0,0.0,35150.0,36500.0,35050.0,36250.0,35650.0,HSX_FOREIGN_API,HOSE_SYMBOL_LEVEL,VND,2026-08-25T04:25:44Z,ff_hsx_symbol_daily_v1,8eb377c4f20a33939fdb2ac71f9a77de7a363e72565da63cadf13b2701729a91
2025-07-21,TCB,HOSE,29562375000.0,29562375000.0,0.0,762900.0,762900.0,0.0,29562375000.0,29562375000.0,762900.0,762900.0,36300.0,36500.0,35350.0,35450.0,35750.0,HSX_FOREIGN_API,HOSE_SYMBOL_LEVEL,VND,2026-08-25T04:25:44Z,ff_hsx_symbol_daily_v1,a6ef4aaa86c6d6652e41a4e4d0eff9ecb70a1b908aa7895e050b061d33e17cc9
2025-07-22,TCB,HOSE,61881605500.0,61362000000.0,519605500.0,1634670.0,1619800.0,14870.0,61007630000.0,61007630000.0,1609700.0,1609700.0,35150.0,35450.0,34900.0,35350.0,35050.0,HSX_FOREIGN_API,HOSE_SYMBOL_LEVEL,VND,2026-08-25T04:25:44Z,ff_hsx_symbol_daily_v1,17499f140deeec0aae953873f9f3f7929fb90b4f3b92114a945442f3f3ed1909
2025-07-23,TCB,HOSE,6444970800.0,5953975800.0,490995000.0,172011.0,158111.0,13900.0,5647735800.0,5647735800.0,149411.0,149411.0,35400.0,35450.0,34900.0,35000.0,35150.0,HSX_FOREIGN_API,HOSE_SYMBOL_LEVEL,VND,2026-08-25T04:25:44Z,ff_hsx_symbol_daily_v1,6ef96b1c473cabb09ac5d9b66cf2c3771602711f560e9eb5ddff8e98b2ec9c84
2025-07-24,TCB,HOSE,6401795000.0,6132010000.0,269785000.0,171500.0,163800.0,7700.0,6096860000.0,6096860000.0,162800.0,162800.0,35050.0,35600.0,34950.0,35050.0,35200.0,HSX_FOREIGN_API,HOSE_SYMBOL_LEVEL,VND,2026-08-25T04:25:44Z,ff_hsx_symbol_daily_v1,0059a9eaaac6bf8b4367d0bd6cd785178319942fd75e4eb8d896b68eba80c8d5
2025-07-25,TCB,HOSE,2088750000.0,2677620000.0,-588870000.0,55700.0,72500.0,-16800.0,2088750000.0,2088750000.0,55700.0,55700.0,35100.0,35200.0,34950.0,35200.0,35050.0,HSX_FOREIGN_API,HOSE_SYMBOL_LEVEL,VND,2026-08-25T04:25:44Z,ff_hsx_symbol_daily_v1,579791fde80bd0fe4c302c6f0542c64d41785f10e976610a6ff948254a207aab
2025-07-28,TCB,HOSE,34646895000.0,34611645000.0,35250000.0,920300.0,919300.0,1000.0,34611645000.0,34611645000.0,919300.0,919300.0,35250.0,35850.0,35200.0,35600.0,35500.0,HSX_FOREIGN_API,HOSE_SYMBOL_LEVEL,VND,2026-08-25T04:25:44Z,ff_hsx_symbol_daily_v1,8184db41c46c86b341828e810550c58e90894addb3eb786fcaacac951f4a075f
2025-07-29,TCB,HOSE,191969860000.0,195157460000.0,-3187600000.0,5045200.0,5139200.0,-94000.0,191969860000.0,191969860000.0,5045200.0,5045200.0,35750.0,35750.0,33900.0,33900.0,34900.0,HSX_FOREIGN_API,HOSE_SYMBOL_LEVEL,VND,2026-08-25T04:25:44Z,ff_hsx_symbol_daily_v1,d77e5079915314658bd8e99d35cbeb13156c32444f916bc5e932f57df41413f9
2025-07-30,TCB,HOSE,80323720000.0,79750000000.0,573720000.0,2216800.0,2200000.0,16800.0,79750000000.0,79750000000.0,2200000.0,2200000.0,34150.0,34600.0,33700.0,34500.0,34150.0,HSX_FOREIGN_API,HOSE_SYMBOL_LEVEL,VND,2026-08-25T04:25:44Z,ff_hsx_symbol_daily_v1,abe3c0e2e860e812e6849c177432034d6909ff8eadc2bd22d9cb819785dfa397
2025-07-31,TCB,HOSE,130733526600.0,130733526600.0,0.0,3542914.0,3542914.0,0.0,130733526600.0,130733526600.0,3542914.0,3542914.0,34600.0,35000.0,33800.0,34000.0,34200.0,HSX_FOREIGN_API,HOSE_SYMBOL_LEVEL,VND,2026-08-25T04:25:44Z,ff_hsx_symbol_daily_v1,146645656e2c1250f15d5b7c5bf9d0f2d996f18fac47bd28a4fbad5a862df9c4
2025-08-01,TCB,HOSE,77402890000.0,74084935000.0,3317955000.0,2132100.0,2038100.0,94000.0,75807925000.0,74084935000.0,2085500.0,2038100.0,34150.0,34700.0,34050.0,34100.0,34300.0,HSX_FOREIGN_API,HOSE_SYMBOL_LEVEL,VND,2026-08-25T04:25:44Z,ff_hsx_symbol_daily_v1,57b00caef9e2e48a19e174ed47627a51ba90e1f2ce51ee7cc931e66a9c9829fc
2025-08-04,TCB,HOSE,5821065000.0,5824505000.0,-3440000.0,159700.0,159800.0,-100.0,5821065000.0,5821065000.0,159700.0,159700.0,34100.0,35350.0,34000.0,35350.0,34750.0,HSX_FOREIGN_API,HOSE_SYMBOL_LEVEL,VND,2026-08-25T04:25:44Z,ff_hsx_symbol_daily_v1,6171f213fed3f86eee011f6dbbcee1296c35e39d4e9128ef12847b12b52239e1
2025-08-05,TCB,HOSE,94991400000.0,96843600000.0,-1852200000.0,2513000.0,2562000.0,-49000.0,94991400000.0,94991400000.0,2513000.0,2513000.0,35800.0,37800.0,35800.0,37000.0,37050.0,HSX_FOREIGN_API,HOSE_SYMBOL_LEVEL,VND,2026-08-25T04:25:44Z,ff_hsx_symbol_daily_v1,d2e923b3d38ab697fc0eaf5879abad8fda4218a5a6357068d6080c5a7cbc0c4a
2025-08-06,TCB,HOSE,95404150000.0,95404150000.0,0.0,2413000.0,2413000.0,0.0,95404150000.0,95404150000.0,2413000.0,2413000.0,38000.0,39000.0,37200.0,38200.0,38150.0,HSX_FOREIGN_API,HOSE_SYMBOL_LEVEL,VND,2026-08-25T04:25:44Z,ff_hsx_symbol_daily_v1,69fa2e0199a6c7524703a0f9b81f18c36dd9c0350b5f7cc481670f262f09619a
2025-08-07,TCB,HOSE,90278240500.0,90369694750.0,-91454250.0,2210000.0,2212384.0,-2384.0,90274415000.0,90274415000.0,2209900.0,2209900.0,38500.0,38900.0,37800.0,38400.0,38300.0,HSX_FOREIGN_API,HOSE_SYMBOL_LEVEL,VND,2026-08-25T04:25:44Z,ff_hsx_symbol_daily_v1,334c24adbaabe3e54ff5405e8b785a52ea9769af7576fe962f5f38d9792947d2
2025-08-08,TCB,HOSE,1902625000.0,0.0,1902625000.0,49100.0,0.0,49100.0,0.0,0.0,0.0,0.0,38750.0,38750.0,37400.0,37850.0,37900.0,HSX_FOREIGN_API,HOSE_SYMBOL_LEVEL,VND,2026-08-25T04:25:44Z,ff_hsx_symbol_daily_v1,b6e0e42a552d3be167e77fe4dabe8fe2ef8d39f911bd1cca1e3a970e83088c25
2025-08-11,TCB,HOSE,0.0,0.0,0.0,0.0,0.0,0.0,0.0,0.0,0.0,0.0,37950.0,38450.0,37600.0,37750.0,37850.0,HSX_FOREIGN_API,HOSE_SYMBOL_LEVEL,VND,2026-08-25T04:25:44Z,ff_hsx_symbol_daily_v1,6f1c6bcbe76b225fc312e7a0662a20760838982cceebc3e0907df081b8db53c5
2025-08-12,TCB,HOSE,90120400.0,0.0,90120400.0,2384.0,0.0,2384.0,0.0,0.0,0.0,0.0,37800.0,38000.0,37200.0,37700.0,37650.0,HSX_FOREIGN_API,HOSE_SYMBOL_LEVEL,VND,2026-08-25T04:25:44Z,ff_hsx_symbol_daily_v1,f1d7aa0116d601d970fc689eeec4ee2086d6d72890cc727a5e0157b7f22b6d24
2025-08-13,TCB,HOSE,131337700000.0,131337700000.0,0.0,3259000.0,3259000.0,0.0,131337700000.0,131337700000.0,3259000.0,3259000.0,37800.0,38000.0,36900.0,37500.0,37400.0,HSX_FOREIGN_API,HOSE_SYMBOL_LEVEL,VND,2026-08-25T04:25:44Z,ff_hsx_symbol_daily_v1,93b75eeabf7029109344bd77de85256c20b60cc109bb3e6b44d208adec1d8c64
2025-08-14,TCB,HOSE,173344280000.0,180848125000.0,-7503845000.0,4322800.0,4517900.0,-195100.0,173344280000.0,173344280000.0,4322800.0,4322800.0,37750.0,39200.0,37750.0,38400.0,38450.0,HSX_FOREIGN_API,HOSE_SYMBOL_LEVEL,VND,2026-08-25T04:25:44Z,ff_hsx_symbol_daily_v1,3938e8f241f9fee184130de2977c2d58b29858ae13ab03de8b48066af023e595
2025-08-15,TCB,HOSE,27455840000.0,99103290000.0,-71647450000.0,679600.0,2581700.0,-1902100.0,27455840000.0,27455840000.0,679600.0,679600.0,38900.0,38950.0,37600.0,37600.0,38150.0,HSX_FOREIGN_API,HOSE_SYMBOL_LEVEL,VND,2026-08-25T04:25:44Z,ff_hsx_symbol_daily_v1,6443a01077f3441c13a149d74aff568a4ecceed2ee2c6172dfd9bccabc4bd5b2
2025-08-18,TCB,HOSE,95518000000.0,95518000000.0,0.0,2420000.0,2420000.0,0.0,95518000000.0,95518000000.0,2420000.0,2420000.0,38200.0,38650.0,37650.0,37950.0,38150.0,HSX_FOREIGN_API,HOSE_SYMBOL_LEVEL,VND,2026-08-25T04:25:44Z,ff_hsx_symbol_daily_v1,989ee21a02515a83307d7c4d5b18624846bb5868475c72a77ceebdb553ed51d1
2025-08-19,TCB,HOSE,7462575000.0,1776515000.0,5686060000.0,195100.0,45800.0,149300.0,0.0,0.0,0.0,0.0,38250.0,39450.0,38100.0,39200.0,38850.0,HSX_FOREIGN_API,HOSE_SYMBOL_LEVEL,VND,2026-08-25T04:25:44Z,ff_hsx_symbol_daily_v1,eb0bc9527a8fac8724e23f66c4371a94c0ceefb0eab5270d400043865257c6f0
2025-08-20,TCB,HOSE,140164105000.0,149266315000.0,-9102210000.0,3447900.0,3695130.0,-247230.0,61500000000.0,61500000000.0,1500000.0,1500000.0,40450.0,40900.0,38900.0,40500.0,40000.0,HSX_FOREIGN_API,HOSE_SYMBOL_LEVEL,VND,2026-08-25T04:25:44Z,ff_hsx_symbol_daily_v1,f10f4a1f3cb6f132bac7d97f2d584926e3e4f85bfe466dcb063b89170d4c1f03
2025-08-21,TCB,HOSE,72475847600.0,109503630000.0,-37027782400.0,1746166.0,2619800.0,-873634.0,0.0,0.0,0.0,0.0,41300.0,42500.0,41000.0,41550.0,41700.0,HSX_FOREIGN_API,HOSE_SYMBOL_LEVEL,VND,2026-08-25T04:25:44Z,ff_hsx_symbol_daily_v1,5114a5ebe2a60649ea456ed6f49e666eb95ea2160330ca7dd747b26fd162234b
2025-08-22,TCB,HOSE,87711219950.0,40829825000.0,46881394950.0,2193736.0,1029600.0,1164136.0,9895000000.0,9895000000.0,250000.0,250000.0,40500.0,41100.0,38650.0,39000.0,39850.0,HSX_FOREIGN_API,HOSE_SYMBOL_LEVEL,VND,2026-08-25T04:25:44Z,ff_hsx_symbol_daily_v1,f1e91ae4810e5ef11489cc10a9f521ad5e302a9b4ae003636c386ca0a0150fec
2025-08-25,TCB,HOSE,39952967500.0,85958145000.0,-46005177500.0,1030294.0,2248600.0,-1218306.0,0.0,0.0,0.0,0.0,39550.0,39650.0,37300.0,37550.0,38250.0,HSX_FOREIGN_API,HOSE_SYMBOL_LEVEL,VND,2026-08-25T04:25:44Z,ff_hsx_symbol_daily_v1,9f80de7a773d69d55d8e043591a4264c876cd7e733854b7feda84ad2a33c1f62
2025-08-26,TCB,HOSE,69494210000.0,25568949600.0,43925260400.0,1832200.0,677707.0,1154493.0,0.0,0.0,0.0,0.0,38000.0,39400.0,36950.0,39350.0,38250.0,HSX_FOREIGN_API,HOSE_SYMBOL_LEVEL,VND,2026-08-25T04:25:44Z,ff_hsx_symbol_daily_v1,d86e93ffdcbd80d0a504e4f0f8649c61762c85627e6e38d1838329d0ca78a6fb
2025-08-27,TCB,HOSE,29616656300.0,73460119000.0,-43843462700.0,750134.0,1851460.0,-1101326.0,0.0,0.0,0.0,0.0,39500.0,40700.0,38900.0,38950.0,39550.0,HSX_FOREIGN_API,HOSE_SYMBOL_LEVEL,VND,2026-08-25T04:25:44Z,ff_hsx_symbol_daily_v1,1197ec69612477d97dd379e65714f45ca040a883b6a7562e93b576b5084bd9e3
2025-08-28,TCB,HOSE,84286335000.0,25629829500.0,58656505500.0,2141640.0,652610.0,1489030.0,6913995000.0,6913995000.0,174800.0,174800.0,39600.0,39600.0,38800.0,39600.0,39200.0,HSX_FOREIGN_API,HOSE_SYMBOL_LEVEL,VND,2026-08-25T04:25:44Z,ff_hsx_symbol_daily_v1,4080df44fedd751c62dc204b5c723a6d0b1fd13fda387e3d278a511c8a4198ae
2025-08-29,TCB,HOSE,56773977000.0,132717190000.0,-75943213000.0,1415810.0,3318200.0,-1902390.0,37549640000.0,37549640000.0,936400.0,936400.0,40100.0,40250.0,39600.0,39600.0,39950.0,HSX_FOREIGN_API,HOSE_SYMBOL_LEVEL,VND,2026-08-25T04:25:44Z,ff_hsx_symbol_daily_v1,5fd74fd4837fbc09373ad1c61282382e43a0afc966cff5f282b290154db0de72
2025-09-03,TCB,HOSE,63227065000.0,20199605000.0,43027460000.0,1579736.0,509000.0,1070736.0,0.0,0.0,0.0,0.0,40050.0,40100.0,39450.0,39600.0,39750.0,HSX_FOREIGN_API,HOSE_SYMBOL_LEVEL,VND,2026-08-25T04:25:44Z,ff_hsx_symbol_daily_v1,e739405cbc3b8bac65769b5acbe25ea1bf8f390a3b2f7f6acd0ecdc386ed5fdb
2025-09-04,TCB,HOSE,20269475000.0,61675455000.0,-41405980000.0,508700.0,1557750.0,-1049050.0,0.0,0.0,0.0,0.0,39600.0,39950.0,39400.0,39600.0,39650.0,HSX_FOREIGN_API,HOSE_SYMBOL_LEVEL,VND,2026-08-25T04:25:44Z,ff_hsx_symbol_daily_v1,47001c41f232e5e669f8bc9fcf5014fc9fdec33c241f13b0563d38a4cedeb3d8
2025-09-05,TCB,HOSE,103362195000.0,232998445400.0,-129636250400.0,2570700.0,5795036.0,-3224336.0,6400000000.0,6400000000.0,160000.0,160000.0,39950.0,40950.0,39500.0,39500.0,40200.0,HSX_FOREIGN_API,HOSE_SYMBOL_LEVEL,VND,2026-08-25T04:25:44Z,ff_hsx_symbol_daily_v1,adad8bb6a45f333092bcda23440ae75b66cf14f7644848ac086725566f2088ef
2025-09-08,TCB,HOSE,123490179550.0,100907495800.0,22582683750.0,3146690.0,2603200.0,543490.0,28634925800.0,28634925800.0,735600.0,735600.0,39500.0,39600.0,38000.0,38000.0,38850.0,HSX_FOREIGN_API,HOSE_SYMBOL_LEVEL,VND,2026-08-25T04:25:44Z,ff_hsx_symbol_daily_v1,a740e877a32a9b4108ed6c3cfa70dfdbe7dbc8aff75f8c15669d2a2a69450447
2025-09-09,TCB,HOSE,106260990000.0,184861620000.0,-78600630000.0,2768010.0,4852200.0,-2084190.0,1215000000.0,0.0,30000.0,0.0,38550.0,38650.0,37850.0,38500.0,38150.0,HSX_FOREIGN_API,HOSE_SYMBOL_LEVEL,VND,2026-08-25T04:25:44Z,ff_hsx_symbol_daily_v1,82600663deacf07636a2c069044a8a070404ea721de82c42d3a24299e88fdd9e
2025-09-10,TCB,HOSE,143584660000.0,283452980800.0,-139868320800.0,3667400.0,7274899.0,-3607499.0,0.0,0.0,0.0,0.0,39250.0,39800.0,38600.0,39000.0,39150.0,HSX_FOREIGN_API,HOSE_SYMBOL_LEVEL,VND,2026-08-25T04:25:44Z,ff_hsx_symbol_daily_v1,b7c703571fd2c472bd755c5f1c73d7c8111dbaa990bb9cb273cd57047819bda7
2025-09-11,TCB,HOSE,161961800000.0,44664525000.0,117297275000.0,4216700.0,1162400.0,3054300.0,21324425000.0,21324425000.0,553000.0,553000.0,38900.0,39000.0,37700.0,38700.0,38350.0,HSX_FOREIGN_API,HOSE_SYMBOL_LEVEL,VND,2026-08-25T04:25:44Z,ff_hsx_symbol_daily_v1,c34ef11ca4b474479580ea7a3123eae849aed05dfa018c6254e5f69c5f8fb4bd
2025-09-12,TCB,HOSE,240915747000.0,125620825100.0,115294921900.0,6199600.0,3233894.0,2965706.0,72634812000.0,72634812000.0,1872000.0,1872000.0,39050.0,39100.0,38500.0,38600.0,38800.0,HSX_FOREIGN_API,HOSE_SYMBOL_LEVEL,VND,2026-08-25T04:25:44Z,ff_hsx_symbol_daily_v1,1a4ddbbe7b283d642ad38f0102db0739377d74573b34e20a40a9e90411932522
2025-09-15,TCB,HOSE,72123837000.0,120902502800.0,-48778665800.0,1861600.0,3122606.0,-1261006.0,4997847000.0,4997847000.0,129000.0,129000.0,38550.0,39000.0,38550.0,39000.0,38750.0,HSX_FOREIGN_API,HOSE_SYMBOL_LEVEL,VND,2026-08-25T04:25:44Z,ff_hsx_symbol_daily_v1,1ae07dc86b5179a341f690278ae0d1e71541dcbe3142813b21e5cb4fce38e8c8
2025-09-16,TCB,HOSE,269533156850.0,219499700000.0,50033456850.0,6769809.0,5527300.0,1242509.0,39761000000.0,39761000000.0,1000000.0,1000000.0,39650.0,40100.0,39250.0,39350.0,39750.0,HSX_FOREIGN_API,HOSE_SYMBOL_LEVEL,VND,2026-08-25T04:25:44Z,ff_hsx_symbol_daily_v1,65096b0860ba4937f6d758797bb0cf76492e4e4e5ab81267fb39a322b1c45040
2025-09-17,TCB,HOSE,112122492500.0,110862765000.0,1259727500.0,2874990.0,2836400.0,38590.0,32059745000.0,32059745000.0,823100.0,823100.0,39350.0,39450.0,38500.0,38700.0,38950.0,HSX_FOREIGN_API,HOSE_SYMBOL_LEVEL,VND,2026-08-25T04:25:44Z,ff_hsx_symbol_daily_v1,2611f832e4742d16701c361ac40dd566bceb2fee12f937920459858c49d7ecbc
2025-09-18,TCB,HOSE,50058886500.0,63529740000.0,-13470853500.0,1298610.0,1646300.0,-347690.0,0.0,0.0,0.0,0.0,38700.0,38800.0,38200.0,38800.0,38550.0,HSX_FOREIGN_API,HOSE_SYMBOL_LEVEL,VND,2026-08-25T04:25:44Z,ff_hsx_symbol_daily_v1,be6bf18b19c373eb155c2cda05965621bceedb0f6733ddba621a319867152718
2025-09-19,TCB,HOSE,2797802600.0,64082650000.0,-61284847400.0,72608.0,1666900.0,-1594292.0,0.0,0.0,0.0,0.0,38800.0,38800.0,38100.0,38400.0,38350.0,HSX_FOREIGN_API,HOSE_SYMBOL_LEVEL,VND,2026-08-25T04:25:44Z,ff_hsx_symbol_daily_v1,91deee9c1dc36378ff37a8844ee6ff1af14e8f87c6ae77339ba8b9901176d74d
2025-09-22,TCB,HOSE,73817330000.0,43565823400.0,30251506600.0,1960500.0,1158501.0,801999.0,13174700000.0,0.0,350000.0,0.0,38300.0,38400.0,37300.0,37500.0,37650.0,HSX_FOREIGN_API,HOSE_SYMBOL_LEVEL,VND,2026-08-25T04:25:44Z,ff_hsx_symbol_daily_v1,a53ae516295b8a7e30f800ee7fdb2bc471a6e6de63404e9b5669437a170751a6
2025-09-23,TCB,HOSE,77246787700.0,47232835000.0,30013952700.0,2048931.0,1252000.0,796931.0,46768760000.0,35454260000.0,1240000.0,940000.0,37550.0,38000.0,37500.0,37500.0,37700.0,HSX_FOREIGN_API,HOSE_SYMBOL_LEVEL,VND,2026-08-25T04:25:44Z,ff_hsx_symbol_daily_v1,9eddd50aef63b81179b96d17055b2587955502c86cba844ef381fef34bcfa4cb
2025-09-24,TCB,HOSE,192360150800.0,275310550800.0,-82950400000.0,5100300.0,7307400.0,-2207100.0,134628740800.0,115758740800.0,3561900.0,3061900.0,37500.0,38800.0,37150.0,38800.0,37750.0,HSX_FOREIGN_API,HOSE_SYMBOL_LEVEL,VND,2026-08-25T04:25:44Z,ff_hsx_symbol_daily_v1,f605f525f909a61255da189493ebf9ee6272f7c03ef1143adb4d0b6c2f609eeb
2025-09-25,TCB,HOSE,170668243500.0,93478330000.0,77189913500.0,4400780.0,2414400.0,1986380.0,57589785000.0,44016435000.0,1485000.0,1135000.0,38800.0,38950.0,38550.0,38900.0,38800.0,HSX_FOREIGN_API,HOSE_SYMBOL_LEVEL,VND,2026-08-25T04:25:44Z,ff_hsx_symbol_daily_v1,5ad4f828f0a2109af6d00db921425c7aadcd2e8f3cd752ae107d780c0668e954
2025-09-26,TCB,HOSE,71365518000.0,75633345000.0,-4267827000.0,1842130.0,1957400.0,-115270.0,0.0,0.0,0.0,0.0,38900.0,38950.0,38400.0,38700.0,38700.0,HSX_FOREIGN_API,HOSE_SYMBOL_LEVEL,VND,2026-08-25T04:25:44Z,ff_hsx_symbol_daily_v1,e75e5217d634cc4888712df389243ceb3c912dba3dec8493cc1135b44d0a433d
2025-09-29,TCB,HOSE,61418098150.0,14408135000.0,47009963150.0,1587879.0,373200.0,1214679.0,0.0,0.0,0.0,0.0,38600.0,38800.0,38400.0,38750.0,38650.0,HSX_FOREIGN_API,HOSE_SYMBOL_LEVEL,VND,2026-08-25T04:25:44Z,ff_hsx_symbol_daily_v1,7b225d4cb30a8bbc17ec29b073163b5bfbb0d799cde3b80b13bff67adfbc07bf
2025-09-30,TCB,HOSE,83474729250.0,8111565000.0,75363164250.0,2210259.0,215000.0,1995259.0,0.0,0.0,0.0,0.0,38050.0,38050.0,37500.0,37850.0,37750.0,HSX_FOREIGN_API,HOSE_SYMBOL_LEVEL,VND,2026-08-25T04:25:44Z,ff_hsx_symbol_daily_v1,8518090cb140f24bb520fb3ea38e900116f28d5d524ce2290f8ddaf75532f134
2025-10-01,TCB,HOSE,68528399150.0,32654108100.0,35874291050.0,1788858.0,855339.0,933519.0,0.0,0.0,0.0,0.0,37850.0,38600.0,37800.0,38550.0,38300.0,HSX_FOREIGN_API,HOSE_SYMBOL_LEVEL,VND,2026-08-25T04:25:44Z,ff_hsx_symbol_daily_v1,2a87e07d2d1ab7019e8521aae0966a7491802744666ab7ea0ffd91f2a7278bbd
2025-10-02,TCB,HOSE,55821340300.0,41845048800.0,13976291500.0,1437900.0,1077291.0,360609.0,18254205300.0,18254205300.0,469900.0,469900.0,38850.0,39200.0,38400.0,38850.0,38850.0,HSX_FOREIGN_API,HOSE_SYMBOL_LEVEL,VND,2026-08-25T04:25:44Z,ff_hsx_symbol_daily_v1,7797933965f50e7e36605a3619065d748e99d5973ff1a4bde2171252a37569f1
2025-10-03,TCB,HOSE,75480935000.0,42579950000.0,32900985000.0,1967300.0,1110100.0,857200.0,0.0,0.0,0.0,0.0,38550.0,38650.0,38050.0,38350.0,38350.0,HSX_FOREIGN_API,HOSE_SYMBOL_LEVEL,VND,2026-08-25T04:25:44Z,ff_hsx_symbol_daily_v1,541d077cccbe9c7d249d4e3e881db848fd6595833139af1b1e8815ee8f61106e
2025-10-06,TCB,HOSE,52252973800.0,180703576100.0,-128450602300.0,1343100.0,4650058.0,-3306958.0,9154643800.0,9154643800.0,234200.0,234200.0,38950.0,39400.0,38500.0,39400.0,38950.0,HSX_FOREIGN_API,HOSE_SYMBOL_LEVEL,VND,2026-08-25T04:25:44Z,ff_hsx_symbol_daily_v1,be38a728ce961eb0f22dad04739d1d8363a9e8d717531f047447e5844359dff6
2025-10-07,TCB,HOSE,48218486000.0,36495620000.0,11722866000.0,1215252.0,930800.0,284452.0,4100565000.0,4100565000.0,105000.0,105000.0,40000.0,40000.0,38950.0,39000.0,39250.0,HSX_FOREIGN_API,HOSE_SYMBOL_LEVEL,VND,2026-08-25T04:25:44Z,ff_hsx_symbol_daily_v1,d616636c94a460c858c9ee586d7854e331682b36d01cbce007df01e94795bf52
2025-10-08,TCB,HOSE,34687130000.0,101108370000.0,-66421240000.0,888800.0,2612400.0,-1723600.0,2453580000.0,2453580000.0,63400.0,63400.0,39250.0,39400.0,38450.0,38600.0,38800.0,HSX_FOREIGN_API,HOSE_SYMBOL_LEVEL,VND,2026-08-25T04:25:44Z,ff_hsx_symbol_daily_v1,ba963cd22e608a4e614e1da0f1e6066d843fa832406f9701b1294b1d0f3b04ac
2025-10-09,TCB,HOSE,160233266350.0,12334265000.0,147899001350.0,4131958.0,318700.0,3813258.0,0.0,0.0,0.0,0.0,38600.0,39100.0,38550.0,38950.0,38800.0,HSX_FOREIGN_API,HOSE_SYMBOL_LEVEL,VND,2026-08-25T04:25:44Z,ff_hsx_symbol_daily_v1,0a52440cf694d0df2539b5bfd65ec92e2151b1673978147af80e7232538fc934
2025-10-10,TCB,HOSE,13903023200.0,28112320400.0,-14209297200.0,354152.0,714414.0,-360262.0,1428162400.0,1428162400.0,36200.0,36200.0,39100.0,39900.0,39000.0,39350.0,39350.0,HSX_FOREIGN_API,HOSE_SYMBOL_LEVEL,VND,2026-08-25T04:25:44Z,ff_hsx_symbol_daily_v1,5a8cf41aa272630190ab9a5dc4d8d9ba06e974ab24d6f59ba925783fa07c3483
2025-10-13,TCB,HOSE,81935210000.0,17147885650.0,64787324350.0,2042800.0,415644.0,1627156.0,0.0,0.0,0.0,0.0,39300.0,41500.0,39250.0,41300.0,40450.0,HSX_FOREIGN_API,HOSE_SYMBOL_LEVEL,VND,2026-08-25T04:25:44Z,ff_hsx_symbol_daily_v1,125c2c09b7b4d89b9529e16932891796a90869cab30114cb9607e87e7900c019
2025-10-14,TCB,HOSE,17388525750.0,17178735000.0,209790750.0,416844.0,415900.0,944.0,0.0,0.0,0.0,0.0,41750.0,42000.0,40550.0,40800.0,41350.0,HSX_FOREIGN_API,HOSE_SYMBOL_LEVEL,VND,2026-08-25T04:25:44Z,ff_hsx_symbol_daily_v1,a861c6d07b1fde99d40b79b5ec278720d9cdb53c4a88e696a0a2cdcba038a120
2025-10-15,TCB,HOSE,113764040900.0,94409415000.0,19354625900.0,2776601.0,2307400.0,469201.0,81820000000.0,81820000000.0,2000000.0,2000000.0,41000.0,41350.0,40550.0,40800.0,40950.0,HSX_FOREIGN_API,HOSE_SYMBOL_LEVEL,VND,2026-08-25T04:25:44Z,ff_hsx_symbol_daily_v1,d2da5d69f9c1139b40858c1f3a610e4eaacbea71644053a4409a3c3fdbde9067
2025-10-16,TCB,HOSE,74214836600.0,102693645000.0,-28478808400.0,1806116.0,2500100.0,-693984.0,61611000000.0,61611000000.0,1500000.0,1500000.0,41200.0,41250.0,40800.0,41250.0,41050.0,HSX_FOREIGN_API,HOSE_SYMBOL_LEVEL,VND,2026-08-25T04:25:44Z,ff_hsx_symbol_daily_v1,e7f8c190b58de3cef147eaf5f3f6068b0694a7508edc77d91a5b3c605d6699e8
2025-10-17,TCB,HOSE,16066005000.0,6921320000.0,9144685000.0,387100.0,168300.0,218800.0,3275440000.0,3275440000.0,80000.0,80000.0,41650.0,41650.0,40450.0,40650.0,41100.0,HSX_FOREIGN_API,HOSE_SYMBOL_LEVEL,VND,2026-08-25T04:25:44Z,ff_hsx_symbol_daily_v1,1c391ec758bd997a91f5f16d69f71f84b028d6ade653394bcc1f374f46763a52
2025-10-20,TCB,HOSE,120771908000.0,117553170000.0,3218738000.0,3088661.0,3009800.0,78861.0,117168000000.0,117168000000.0,3000000.0,3000000.0,40650.0,40650.0,37850.0,37850.0,39050.0,HSX_FOREIGN_API,HOSE_SYMBOL_LEVEL,VND,2026-08-25T04:25:44Z,ff_hsx_symbol_daily_v1,07f88cfd4add3c1d5b4a7025290f7453b3b094252c2c01f0ffeb5bcef756f627
2025-10-21,TCB,HOSE,42080677000.0,17746727000.0,24333950000.0,1109500.0,469700.0,639800.0,15353792000.0,15353792000.0,406400.0,406400.0,38100.0,38450.0,36500.0,37650.0,37700.0,HSX_FOREIGN_API,HOSE_SYMBOL_LEVEL,VND,2026-08-25T04:25:44Z,ff_hsx_symbol_daily_v1,8f04785494be97baf378a1ab238fc1bb43d5e24d36f16204d7cc7ce6e2196c0a
2025-10-22,TCB,HOSE,201557055800.0,210926610800.0,-9369555000.0,5414800.0,5668000.0,-253200.0,199179615800.0,199179615800.0,5352400.0,5352400.0,38100.0,38150.0,36400.0,38000.0,37200.0,HSX_FOREIGN_API,HOSE_SYMBOL_LEVEL,VND,2026-08-25T04:25:44Z,ff_hsx_symbol_daily_v1,a9445dde38bb35872eaecbd9849a3389a7ca6bf64ece7a0f464bd292c0a120c4
2025-10-23,TCB,HOSE,2350725000.0,98968832700.0,-96618107700.0,61800.0,2657101.0,-2595301.0,0.0,0.0,0.0,0.0,38050.0,38050.0,36800.0,37250.0,37300.0,HSX_FOREIGN_API,HOSE_SYMBOL_LEVEL,VND,2026-08-25T04:25:44Z,ff_hsx_symbol_daily_v1,1126fa1a6a97dd96fde9b20ce8ae9f5f7ff471dd3f5e2431e252f171a9260735
2025-10-24,TCB,HOSE,10351701700.0,46048853000.0,-35697151300.0,283884.0,1264200.0,-980316.0,7984328000.0,7984328000.0,219900.0,219900.0,37000.0,37000.0,36050.0,36100.0,36350.0,HSX_FOREIGN_API,HOSE_SYMBOL_LEVEL,VND,2026-08-25T04:25:44Z,ff_hsx_symbol_daily_v1,28d1e7c846615af7242b5a0f6cba1404ca99025b48ad01c12804dde8d93fb23b
2025-10-27,TCB,HOSE,21274399400.0,9842488400.0,11431911000.0,593984.0,278500.0,315484.0,17043493400.0,9803493400.0,477400.0,277400.0,36300.0,36500.0,35050.0,35050.0,35500.0,HSX_FOREIGN_API,HOSE_SYMBOL_LEVEL,VND,2026-08-25T04:25:44Z,ff_hsx_symbol_daily_v1,4c8a81b19e6a523430bccfa08570983414a3fa61643830f7b0816159cefcff17
2025-10-28,TCB,HOSE,96114498550.0,18048350000.0,78066148550.0,2778492.0,521000.0,2257492.0,6954600000.0,6954600000.0,200000.0,200000.0,35050.0,36400.0,34000.0,36000.0,34750.0,HSX_FOREIGN_API,HOSE_SYMBOL_LEVEL,VND,2026-08-25T04:25:44Z,ff_hsx_symbol_daily_v1,63ad925db2781a00755a30c07e78f27ad68f9254576cbe68af45e1a28fad1843
2025-10-29,TCB,HOSE,39404170000.0,42388620000.0,-2984450000.0,1088800.0,1177600.0,-88800.0,0.0,0.0,0.0,0.0,35900.0,36900.0,35650.0,36400.0,36150.0,HSX_FOREIGN_API,HOSE_SYMBOL_LEVEL,VND,2026-08-25T04:25:44Z,ff_hsx_symbol_daily_v1,ea4d5f38af926b8110cadd03dc179ebfc07f0a31ab752676c805a64138a9507a
2025-10-30,TCB,HOSE,47732090750.0,27557470000.0,20174620750.0,1318625.0,764100.0,554525.0,4745000000.0,0.0,130000.0,0.0,36500.0,36600.0,35600.0,35700.0,36000.0,HSX_FOREIGN_API,HOSE_SYMBOL_LEVEL,VND,2026-08-25T04:25:44Z,ff_hsx_symbol_daily_v1,be8aea0a2e6dc96feab7b1a4acb3a0dc829f6a316bff6755ff063c47ee6e00c3
2025-10-31,TCB,HOSE,42651849000.0,33657769000.0,8994080000.0,1199800.0,947300.0,252500.0,15537204000.0,15537204000.0,439500.0,439500.0,35700.0,36200.0,35100.0,35100.0,35450.0,HSX_FOREIGN_API,HOSE_SYMBOL_LEVEL,VND,2026-08-25T04:25:44Z,ff_hsx_symbol_daily_v1,8dfe05d63798904f04389b4368842db095e71578c341612113660aba3026a2f9
2025-11-03,TCB,HOSE,184868390000.0,191084605000.0,-6216215000.0,5279100.0,5464400.0,-185300.0,181323000000.0,163723000000.0,5177800.0,4677800.0,35100.0,35500.0,33600.0,33600.0,34250.0,HSX_FOREIGN_API,HOSE_SYMBOL_LEVEL,VND,2026-08-25T04:25:44Z,ff_hsx_symbol_daily_v1,e126acc54727af580c57c71b57c2adf2a182ad5815afc8024daae52d0c17db68
2025-11-04,TCB,HOSE,148696160000.0,200197520000.0,-51501360000.0,4376200.0,5859700.0,-1483500.0,145254400000.0,128404400000.0,4274600.0,3774600.0,33600.0,35200.0,33450.0,35000.0,34200.0,HSX_FOREIGN_API,HOSE_SYMBOL_LEVEL,VND,2026-08-25T04:25:44Z,ff_hsx_symbol_daily_v1,644f4eb3b941b55d0b463bdb93a34656f95377a778283310a9397aeee3b53e45
2025-11-05,TCB,HOSE,48673797000.0,222321272000.0,-173647475000.0,1417900.0,6484700.0,-5066800.0,28068232000.0,28068232000.0,818000.0,818000.0,34900.0,34900.0,34050.0,34100.0,34400.0,HSX_FOREIGN_API,HOSE_SYMBOL_LEVEL,VND,2026-08-25T04:25:44Z,ff_hsx_symbol_daily_v1,f071688ab526f546fee0d1467bf2450547488ba46cb5558f87d302c498637462
2025-11-06,TCB,HOSE,27373765000.0,94746145000.0,-67372380000.0,811100.0,2807700.0,-1996600.0,819840000.0,819840000.0,24400.0,24400.0,34150.0,34500.0,33500.0,33600.0,33750.0,HSX_FOREIGN_API,HOSE_SYMBOL_LEVEL,VND,2026-08-25T04:25:44Z,ff_hsx_symbol_daily_v1,46ea9d616e0cbbe7d5a146efbe8449e71a5bed4dc7802f8285eb3ee375570ad8
2025-11-07,TCB,HOSE,36707754350.0,10088925000.0,26618829350.0,1099366.0,300500.0,798866.0,0.0,0.0,0.0,0.0,33600.0,33950.0,33000.0,33000.0,33400.0,HSX_FOREIGN_API,HOSE_SYMBOL_LEVEL,VND,2026-08-25T04:25:44Z,ff_hsx_symbol_daily_v1,bb11a7860e0a4dbd73ba550bbcf5dc76623862bfaf0e626cd51b2d8f153d2854
2025-11-10,TCB,HOSE,34546175000.0,39559385000.0,-5013210000.0,1036900.0,1194100.0,-157200.0,0.0,0.0,0.0,0.0,33300.0,33600.0,32950.0,33400.0,33250.0,HSX_FOREIGN_API,HOSE_SYMBOL_LEVEL,VND,2026-08-25T04:25:44Z,ff_hsx_symbol_daily_v1,0e2d613d69d2f2e774f6b6fcb4edc4f41cb74c0b1a1258b652eec387c8a990a6
2025-11-11,TCB,HOSE,34724820800.0,40123980000.0,-5399159200.0,1033303.0,1197100.0,-163797.0,0.0,0.0,0.0,0.0,33450.0,34000.0,33350.0,33650.0,33650.0,HSX_FOREIGN_API,HOSE_SYMBOL_LEVEL,VND,2026-08-25T04:25:44Z,ff_hsx_symbol_daily_v1,6c957238cc78f4740a35ac81fbd625d46c691ca28209135678cd8e9883d8630b
2025-11-12,TCB,HOSE,110324419000.0,80062095000.0,30262324000.0,3230620.0,2350900.0,879720.0,34257000000.0,34257000000.0,1000000.0,1000000.0,33700.0,35000.0,33600.0,35000.0,34200.0,HSX_FOREIGN_API,HOSE_SYMBOL_LEVEL,VND,2026-08-25T04:25:44Z,ff_hsx_symbol_daily_v1,be56a5d05856f45b07acd68b34c27df8b646decf48ea1710f8f6316d45f9616d
2025-11-13,TCB,HOSE,167115115000.0,23170815000.0,143944300000.0,4761000.0,665300.0,4095700.0,0.0,0.0,0.0,0.0,34650.0,35500.0,34600.0,35100.0,35100.0,HSX_FOREIGN_API,HOSE_SYMBOL_LEVEL,VND,2026-08-25T04:25:44Z,ff_hsx_symbol_daily_v1,221cdc5a9ad44998b639d72f47115cc55ed40ca8c48fb6921c2cb4ea81d0b1c1
2025-11-14,TCB,HOSE,22273490000.0,6364155000.0,15909335000.0,634900.0,182000.0,452900.0,0.0,0.0,0.0,0.0,34800.0,35350.0,34700.0,35100.0,35050.0,HSX_FOREIGN_API,HOSE_SYMBOL_LEVEL,VND,2026-08-25T04:25:44Z,ff_hsx_symbol_daily_v1,65c582cb7fc181f355cf02238227b9b06161a6122104c6d2f5f3905642077041
2025-11-17,TCB,HOSE,43310060000.0,90199355000.0,-46889295000.0,1234700.0,2587300.0,-1352600.0,0.0,0.0,0.0,0.0,35100.0,35250.0,34700.0,35150.0,35000.0,HSX_FOREIGN_API,HOSE_SYMBOL_LEVEL,VND,2026-08-25T04:25:44Z,ff_hsx_symbol_daily_v1,588fbcfc7137aaed10dfdae1853550ec55f6be71ea0841d65dc840d79670082f
2025-11-18,TCB,HOSE,138469625000.0,41470071950.0,96999553050.0,3929500.0,1180299.0,2749201.0,67637630000.0,17582000000.0,1919000.0,500000.0,35200.0,35350.0,34950.0,35350.0,35200.0,HSX_FOREIGN_API,HOSE_SYMBOL_LEVEL,VND,2026-08-25T04:25:44Z,ff_hsx_symbol_daily_v1,cd4d3ad0c6249cef7db731b3f4e3cfa5ffba86d7f867e14102aee46a6d259edf
2025-11-19,TCB,HOSE,41298483500.0,20240815000.0,21057668500.0,1181210.0,579900.0,601310.0,17444000000.0,17444000000.0,500000.0,500000.0,35400.0,35400.0,34750.0,34800.0,35000.0,HSX_FOREIGN_API,HOSE_SYMBOL_LEVEL,VND,2026-08-25T04:25:44Z,ff_hsx_symbol_daily_v1,4cfd4cb50d8bd043864c00957c52639bab90b1d8612be1646ee78b89fdc82aec
2025-11-20,TCB,HOSE,68379436750.0,39497600000.0,28881836750.0,1962583.0,1136500.0,826083.0,18386790000.0,18386790000.0,530000.0,530000.0,34850.0,35000.0,34600.0,34600.0,34750.0,HSX_FOREIGN_API,HOSE_SYMBOL_LEVEL,VND,2026-08-25T04:25:44Z,ff_hsx_symbol_daily_v1,e205a9aa58792532ccdf261d799b6b8eb0886c7ca332bba7f570467283d9dbc7
2025-11-21,TCB,HOSE,23650040550.0,52152412350.0,-28502371800.0,691367.0,1523350.0,-831983.0,12377387350.0,12377387350.0,361950.0,361950.0,34500.0,34500.0,33500.0,34250.0,34150.0,HSX_FOREIGN_API,HOSE_SYMBOL_LEVEL,VND,2026-08-25T04:25:44Z,ff_hsx_symbol_daily_v1,c58bbe1ba92f3f501e6ee82e7428cea4acbaf081e52adad1c5441cda2d70106b
2025-11-24,TCB,HOSE,18009683100.0,101131070000.0,-83121386900.0,529617.0,2968600.0,-2438983.0,17000000000.0,17000000000.0,500000.0,500000.0,34300.0,34400.0,33900.0,33950.0,34050.0,HSX_FOREIGN_API,HOSE_SYMBOL_LEVEL,VND,2026-08-25T04:25:44Z,ff_hsx_symbol_daily_v1,e5eff0d36ffa32eef70e32d27e43905428192a5c5e16e7670d74d51ce7ef7046
2025-11-25,TCB,HOSE,20479620000.0,27738925000.0,-7259305000.0,604700.0,820000.0,-215300.0,0.0,0.0,0.0,0.0,34000.0,34000.0,33450.0,33450.0,33700.0,HSX_FOREIGN_API,HOSE_SYMBOL_LEVEL,VND,2026-08-25T04:25:44Z,ff_hsx_symbol_daily_v1,3d28d526487add9c8d1c5d23d8b147d5b8a19306971ffed0e5e421d6d36a6068
2025-11-26,TCB,HOSE,31030475000.0,64729115000.0,-33698640000.0,918800.0,1914500.0,-995700.0,0.0,0.0,0.0,0.0,33600.0,33900.0,33500.0,33850.0,33800.0,HSX_FOREIGN_API,HOSE_SYMBOL_LEVEL,VND,2026-08-25T04:25:44Z,ff_hsx_symbol_daily_v1,2da952105d568d38c3f742a62a434812b5d215380663b30ab2b3b22888de426b
2025-11-27,TCB,HOSE,42204943500.0,84712705000.0,-42507761500.0,1240935.0,2495900.0,-1254965.0,0.0,0.0,0.0,0.0,33950.0,34200.0,33700.0,33750.0,33950.0,HSX_FOREIGN_API,HOSE_SYMBOL_LEVEL,VND,2026-08-25T04:25:44Z,ff_hsx_symbol_daily_v1,41eb7f5bb668921d7451a9686d3fca92bcf2024af4c506c3f6ef4e16d34ed82e
2025-11-28,TCB,HOSE,27028305000.0,63011915000.0,-35983610000.0,801300.0,1871000.0,-1069700.0,0.0,0.0,0.0,0.0,33750.0,33900.0,33300.0,33750.0,33650.0,HSX_FOREIGN_API,HOSE_SYMBOL_LEVEL,VND,2026-08-25T04:25:44Z,ff_hsx_symbol_daily_v1,f39a34ad46fa22d62dfea5827feddc8996a21cda5580a9181057ca05e7f5e98f
2025-12-01,TCB,HOSE,3680310000.0,48669064400.0,-44988754400.0,109900.0,1454412.0,-1344512.0,0.0,0.0,0.0,0.0,33700.0,33700.0,33200.0,33200.0,33450.0,HSX_FOREIGN_API,HOSE_SYMBOL_LEVEL,VND,2026-08-25T04:25:44Z,ff_hsx_symbol_daily_v1,a6f71090b8f223751453dfa624af2bc608be7abee672d244f9c4f2339c3f64cd
2025-12-02,TCB,HOSE,130917304800.0,376500000.0,130540804800.0,3905748.0,11000.0,3894748.0,0.0,0.0,0.0,0.0,33200.0,34300.0,33150.0,34200.0,33650.0,HSX_FOREIGN_API,HOSE_SYMBOL_LEVEL,VND,2026-08-25T04:25:44Z,ff_hsx_symbol_daily_v1,c8155fec47aa7dae0ae72e5d4086e9f4fd42ec9a5067acf1e4dc0a490c3d51ad
2025-12-03,TCB,HOSE,132449160000.0,127514341800.0,4934818200.0,3828600.0,3676352.0,152248.0,10748750000.0,10748750000.0,310000.0,310000.0,34250.0,35000.0,34250.0,34900.0,34650.0,HSX_FOREIGN_API,HOSE_SYMBOL_LEVEL,VND,2026-08-25T04:25:44Z,ff_hsx_symbol_daily_v1,bf3d61ef6a7f3b8d62ffbc40d35744ef1208adf9fe3d57a4940e50e161b7f4b3
2025-12-04,TCB,HOSE,101732310350.0,6796382700.0,94935927650.0,2888553.0,194140.0,2694413.0,0.0,0.0,0.0,0.0,35000.0,35500.0,34800.0,35400.0,35150.0,HSX_FOREIGN_API,HOSE_SYMBOL_LEVEL,VND,2026-08-25T04:25:44Z,ff_hsx_symbol_daily_v1,596f75c4dc73ab39b6fa91cc84d901514f241d223deac65b8792d61772a8891c
2025-12-05,TCB,HOSE,18904325000.0,12839150000.0,6065175000.0,541900.0,367350.0,174550.0,0.0,0.0,0.0,0.0,35500.0,35500.0,34700.0,34700.0,34900.0,HSX_FOREIGN_API,HOSE_SYMBOL_LEVEL,VND,2026-08-25T04:25:44Z,ff_hsx_symbol_daily_v1,ebc71c28d58a13d12d9b0a729f74e4954fa3fcad79d8c759a45944fda69c155d
2025-12-08,TCB,HOSE,7348020000.0,11849877300.0,-4501857300.0,213200.0,343516.0,-130316.0,3435100000.0,3435100000.0,100000.0,100000.0,34650.0,34800.0,34150.0,34200.0,34450.0,HSX_FOREIGN_API,HOSE_SYMBOL_LEVEL,VND,2026-08-25T04:25:44Z,ff_hsx_symbol_daily_v1,bfc85237d10f6d60c1240eb7b6815ea690403ef0ef4b3fad83404bc6953c773d
2025-12-09,TCB,HOSE,79177716700.0,46450975000.0,32726741700.0,2340689.0,1374200.0,966489.0,33800000000.0,33800000000.0,1000000.0,1000000.0,34200.0,34200.0,33500.0,33800.0,33850.0,HSX_FOREIGN_API,HOSE_SYMBOL_LEVEL,VND,2026-08-25T04:25:44Z,ff_hsx_symbol_daily_v1,0e7f2a9e537ad1d10d3a7902474a01b2aaff58d6ffb5fe52016ee76ac3c9c947
2025-12-10,TCB,HOSE,29712658000.0,1679035000.0,28033623000.0,875502.0,49500.0,826002.0,0.0,0.0,0.0,0.0,33750.0,34150.0,33700.0,33700.0,33900.0,HSX_FOREIGN_API,HOSE_SYMBOL_LEVEL,VND,2026-08-25T04:25:44Z,ff_hsx_symbol_daily_v1,294b1a867a95239e1a79450ef93aebb2f168322f407434773d7d9cc6312f1924
2025-12-11,TCB,HOSE,12808319000.0,19434500000.0,-6626181000.0,379826.0,577400.0,-197574.0,6719400000.0,6719400000.0,200000.0,200000.0,33750.0,34000.0,33400.0,33400.0,33650.0,HSX_FOREIGN_API,HOSE_SYMBOL_LEVEL,VND,2026-08-25T04:25:44Z,ff_hsx_symbol_daily_v1,f94c3d5a4b441ee9be324f4e6b411f0a7e9fab8348812847a9671242727aadd3
2025-12-12,TCB,HOSE,37482038900.0,68033905000.0,-30551866100.0,1144806.0,2070600.0,-925794.0,31464790000.0,31464790000.0,965000.0,965000.0,33450.0,33600.0,32000.0,32000.0,32800.0,HSX_FOREIGN_API,HOSE_SYMBOL_LEVEL,VND,2026-08-25T04:25:44Z,ff_hsx_symbol_daily_v1,3e725891b1c852692e221e5bc08ca5dbf80bcae8a1b47c9c0e6f05b353dd0a99
2025-12-15,TCB,HOSE,18617337100.0,69405664950.0,-50788327850.0,583826.0,2175399.0,-1591573.0,12851632000.0,12851632000.0,404000.0,404000.0,32000.0,32300.0,31500.0,32000.0,31850.0,HSX_FOREIGN_API,HOSE_SYMBOL_LEVEL,VND,2026-08-25T04:25:44Z,ff_hsx_symbol_daily_v1,6fe31bfe9c3cb2e06e9160d943f6c953f01594b12d56627e0702d34df049f6e6
2025-12-16,TCB,HOSE,25048115000.0,56822570000.0,-31774455000.0,784900.0,1788900.0,-1004000.0,13009030000.0,13009030000.0,407500.0,407500.0,32000.0,33100.0,30500.0,33000.0,31900.0,HSX_FOREIGN_API,HOSE_SYMBOL_LEVEL,VND,2026-08-25T04:25:44Z,ff_hsx_symbol_daily_v1,798c0577b474ca69b99ed48c5452143193147573141d63d168c0bcd71bc46761
2025-12-17,TCB,HOSE,60559927400.0,24599485700.0,35960441700.0,1838894.0,748600.0,1090294.0,17616640700.0,17616640700.0,535900.0,535900.0,33000.0,33150.0,32550.0,32600.0,32850.0,HSX_FOREIGN_API,HOSE_SYMBOL_LEVEL,VND,2026-08-25T04:25:44Z,ff_hsx_symbol_daily_v1,9369dade1722cfe256a1fa73ef221576cb86df6b06d22d3be4a3900dd9cec918
2025-12-18,TCB,HOSE,72235196700.0,17701440000.0,54533756700.0,2203972.0,539400.0,1664572.0,13124000000.0,13124000000.0,400000.0,400000.0,32800.0,33100.0,32500.0,33000.0,32850.0,HSX_FOREIGN_API,HOSE_SYMBOL_LEVEL,VND,2026-08-25T04:25:44Z,ff_hsx_symbol_daily_v1,7bf041d3e6302326cae79178981a44ff40689ffa7491cdd45af534ffc0583632
2025-12-19,TCB,HOSE,48580697650.0,16950559000.0,31630138650.0,1452201.0,507000.0,945201.0,10454184000.0,10454184000.0,312000.0,312000.0,33200.0,33650.0,33100.0,33600.0,33500.0,HSX_FOREIGN_API,HOSE_SYMBOL_LEVEL,VND,2026-08-25T04:25:44Z,ff_hsx_symbol_daily_v1,ccb81312eb671f4ab11cb85a4f9d45305691647c1da1347b753a228d982f9c4c
2025-12-22,TCB,HOSE,6777950000.0,736740000.0,6041210000.0,198600.0,21300.0,177300.0,0.0,0.0,0.0,0.0,33850.0,35200.0,33750.0,35200.0,34600.0,HSX_FOREIGN_API,HOSE_SYMBOL_LEVEL,VND,2026-08-25T04:25:44Z,ff_hsx_symbol_daily_v1,85ac194a93a030410b30819d4b582556f849832db825dcf5c6cb87ca2df9f4b5
2025-12-23,TCB,HOSE,755260000.0,7934605000.0,-7179345000.0,21400.0,227800.0,-206400.0,0.0,0.0,0.0,0.0,35300.0,35350.0,34750.0,34800.0,34950.0,HSX_FOREIGN_API,HOSE_SYMBOL_LEVEL,VND,2026-08-25T04:25:44Z,ff_hsx_symbol_daily_v1,d54a1c4101f4238d0ba3faa9d0878599cf68f71ac8334a78444e6f17791ae364
2025-12-24,TCB,HOSE,743570000.0,542475000.0,201095000.0,21400.0,15600.0,5800.0,0.0,0.0,0.0,0.0,34700.0,35200.0,34300.0,34950.0,34850.0,HSX_FOREIGN_API,HOSE_SYMBOL_LEVEL,VND,2026-08-25T04:25:44Z,ff_hsx_symbol_daily_v1,07feca10d21e5ef970b3497063f9ab9123dedb0c3d091565762e788ac8f4b72a
2025-12-25,TCB,HOSE,551460000.0,93617500.0,457842500.0,15600.0,2650.0,12950.0,0.0,0.0,0.0,0.0,34950.0,35800.0,34000.0,34000.0,35000.0,HSX_FOREIGN_API,HOSE_SYMBOL_LEVEL,VND,2026-08-25T04:25:44Z,ff_hsx_symbol_daily_v1,1b03c6ae64f7073873bba5d005ef79cc4582b1739661d8546a677bee9575f7a5
2025-12-26,TCB,HOSE,7042255000.0,30151972700.0,-23109717700.0,208950.0,902962.0,-694012.0,0.0,0.0,0.0,0.0,33500.0,34350.0,33050.0,33900.0,33650.0,HSX_FOREIGN_API,HOSE_SYMBOL_LEVEL,VND,2026-08-25T04:25:44Z,ff_hsx_symbol_daily_v1,fc0a738f8466bb07cfce235b2d8b1f8f0c01517f15852635c5a50855e324faa3
2025-12-29,TCB,HOSE,7131430000.0,110975000.0,7020455000.0,209050.0,3250.0,205800.0,0.0,0.0,0.0,0.0,33950.0,34450.0,33800.0,34050.0,34050.0,HSX_FOREIGN_API,HOSE_SYMBOL_LEVEL,VND,2026-08-25T04:25:44Z,ff_hsx_symbol_daily_v1,3c400d7491665ad78734238f2926d83f68caba078d38d0cab55c97137d5834fc
2025-12-30,TCB,HOSE,100695000.0,3598035000.0,-3497340000.0,2950.0,106100.0,-103150.0,0.0,0.0,0.0,0.0,34200.0,34400.0,33750.0,34350.0,34100.0,HSX_FOREIGN_API,HOSE_SYMBOL_LEVEL,VND,2026-08-25T04:25:44Z,ff_hsx_symbol_daily_v1,e1a3457b6dfa980003ea21561784279334c52dd0959ea3879af7c720db9e53b3
2025-12-31,TCB,HOSE,25673955800.0,5984099200.0,19689856600.0,737641.0,172588.0,565053.0,1413450000.0,1413450000.0,40500.0,40500.0,34800.0,34900.0,34250.0,34900.0,34650.0,HSX_FOREIGN_API,HOSE_SYMBOL_LEVEL,VND,2026-08-25T04:25:44Z,ff_hsx_symbol_daily_v1,1cca565e9fad0d1e63e86ba1bd9b4685145a209c9c525f60211f22cfb65d497f
2026-01-05,TCB,HOSE,11496098700.0,7000820000.0,4495278700.0,332209.0,202950.0,129259.0,6898400000.0,6898400000.0,200000.0,200000.0,34650.0,34950.0,33800.0,34950.0,34550.0,HSX_FOREIGN_API,HOSE_SYMBOL_LEVEL,VND,2026-08-25T04:25:44Z,ff_hsx_symbol_daily_v1,d05df0cb3362ed84320be2f942e31097159584a2f137be523c31fc280e680bb0
2026-01-06,TCB,HOSE,6990715000.0,109044739000.0,-102054024000.0,198500.0,3067320.0,-2868820.0,3282510000.0,3282510000.0,92400.0,92400.0,34950.0,36000.0,34200.0,36000.0,35450.0,HSX_FOREIGN_API,HOSE_SYMBOL_LEVEL,VND,2026-08-25T04:25:44Z,ff_hsx_symbol_daily_v1,5dec38109cc0e4ec91d25a6b6180b21f2c41f5baed32c28d55b4b946e28fb157
2026-01-07,TCB,HOSE,6017500000.0,2683227800.0,3334272200.0,166000.0,74019.0,91981.0,2175000000.0,2175000000.0,60000.0,60000.0,36250.0,36500.0,35950.0,36400.0,36300.0,HSX_FOREIGN_API,HOSE_SYMBOL_LEVEL,VND,2026-08-25T04:25:44Z,ff_hsx_symbol_daily_v1,ebb53d78bee900267ceabd1b1877d007af291141e2c28d84e1eefa24f0a5b149
2026-01-08,TCB,HOSE,59053677300.0,79026130100.0,-19972452800.0,1628219.0,2177001.0,-548782.0,58540178800.0,58540178800.0,1614100.0,1614100.0,36500.0,36650.0,35500.0,36000.0,36300.0,HSX_FOREIGN_API,HOSE_SYMBOL_LEVEL,VND,2026-08-25T04:25:44Z,ff_hsx_symbol_daily_v1,27328d0bbfc6416d2a73d178c8ba172843f61faa61e7112ca62ae1b401c3868d
2026-01-09,TCB,HOSE,123327884650.0,17124870000.0,106203014650.0,3332939.0,464600.0,2868339.0,16585650000.0,16585650000.0,450000.0,450000.0,37050.0,37150.0,36200.0,36650.0,36850.0,HSX_FOREIGN_API,HOSE_SYMBOL_LEVEL,VND,2026-08-25T04:25:44Z,ff_hsx_symbol_daily_v1,d5515cade4ba8c72a1bb01ba83427749c084dfa4604e716be183c465c3c7ff41
2026-01-12,TCB,HOSE,535880000.0,37140000.0,498740000.0,14600.0,1000.0,13600.0,0.0,0.0,0.0,0.0,36700.0,38000.0,36450.0,38000.0,37350.0,HSX_FOREIGN_API,HOSE_SYMBOL_LEVEL,VND,2026-08-25T04:25:44Z,ff_hsx_symbol_daily_v1,3a6d1710da392aa2cc63214545f6297070860de17b34a53739f0102535125372
2026-01-13,TCB,HOSE,57217314900.0,41468492600.0,15748822300.0,1479582.0,1065200.0,414382.0,36336317600.0,36336317600.0,929800.0,929800.0,38100.0,38200.0,37150.0,37350.0,37700.0,HSX_FOREIGN_API,HOSE_SYMBOL_LEVEL,VND,2026-08-25T04:25:44Z,ff_hsx_symbol_daily_v1,2b4770d6a4ab9b8d657e000c011c48cd039ebde9d61d069fca88e7ac74582821
2026-01-14,TCB,HOSE,37330995600.0,32648240100.0,4682755500.0,995600.0,869403.0,126197.0,32310895600.0,32310895600.0,860200.0,860200.0,37200.0,37300.0,36000.0,36500.0,36750.0,HSX_FOREIGN_API,HOSE_SYMBOL_LEVEL,VND,2026-08-25T04:25:44Z,ff_hsx_symbol_daily_v1,8e0eefd63ce3b59aa89f25937f6d8cbe665337a7d85229b0660198c47d34c523
2026-01-15,TCB,HOSE,7168754200.0,6840000000.0,328754200.0,199203.0,190000.0,9203.0,6840000000.0,6840000000.0,190000.0,190000.0,36000.0,36600.0,35300.0,35600.0,35700.0,HSX_FOREIGN_API,HOSE_SYMBOL_LEVEL,VND,2026-08-25T04:25:44Z,ff_hsx_symbol_daily_v1,1ad7e5afae7f93ef4a7e0fac9b52dd207ca35548a5b32fa9c8683e4bea658986
2026-01-16,TCB,HOSE,23832221900.0,24805161900.0,-972940000.0,656300.0,683200.0,-26900.0,23832221900.0,23832221900.0,656300.0,656300.0,35650.0,36350.0,35600.0,35800.0,35950.0,HSX_FOREIGN_API,HOSE_SYMBOL_LEVEL,VND,2026-08-25T04:25:44Z,ff_hsx_symbol_daily_v1,467ad57314593f048080fd99f67ef0c56a1e2051db67a63f48ac34fe8c23089f
2026-01-19,TCB,HOSE,0.0,61200000.0,-61200000.0,0.0,1700.0,-1700.0,0.0,0.0,0.0,0.0,35900.0,36450.0,35800.0,36300.0,36050.0,HSX_FOREIGN_API,HOSE_SYMBOL_LEVEL,VND,2026-08-25T04:25:44Z,ff_hsx_symbol_daily_v1,55a03acbeba0664f76e7dd5ad2127cd51b762bde7d3b4be2ae44d38265050d86
2026-01-20,TCB,HOSE,189612988775.0,190881524375.0,-1268535600.0,5162615.0,5197659.0,-35044.0,189612988775.0,189612988775.0,5162615.0,5162615.0,36350.0,36600.0,35650.0,35950.0,36100.0,HSX_FOREIGN_API,HOSE_SYMBOL_LEVEL,VND,2026-08-25T04:25:44Z,ff_hsx_symbol_daily_v1,cdfc77564dcd3497a2b93ce88cab13b6531592bf7fafe6a64e1f5c3906e354c0
2026-01-21,TCB,HOSE,95569040000.0,95258548400.0,310491600.0,2606900.0,2598323.0,8577.0,94606020000.0,94606020000.0,2580000.0,2580000.0,35800.0,35900.0,35000.0,35800.0,35600.0,HSX_FOREIGN_API,HOSE_SYMBOL_LEVEL,VND,2026-08-25T04:25:44Z,ff_hsx_symbol_daily_v1,31621f5c392922a900f723bb42a3b686ec655c7fdedf8043e983477b8e9515df
2026-01-22,TCB,HOSE,554188000000.0,553475200000.0,712800000.0,15420000.0,15400200.0,19800.0,553468000000.0,553468000000.0,15400000.0,15400000.0,35850.0,36250.0,35650.0,36000.0,35900.0,HSX_FOREIGN_API,HOSE_SYMBOL_LEVEL,VND,2026-08-25T04:25:44Z,ff_hsx_symbol_daily_v1,6c73b3cedaacf52658622ee25bb5f6225961911a2f0aed0aa7095e6ac8857dca
2026-01-23,TCB,HOSE,1274240000.0,745275000.0,528965000.0,35200.0,20600.0,14600.0,0.0,0.0,0.0,0.0,36200.0,36900.0,35950.0,36500.0,36450.0,HSX_FOREIGN_API,HOSE_SYMBOL_LEVEL,VND,2026-08-25T04:25:44Z,ff_hsx_symbol_daily_v1,54cf92e6ec1b772ebc989120c1c87c008c035e8df1e5866283a63c31eccc0f44
2026-01-26,TCB,HOSE,118975294000.0,118315877000.0,659417000.0,3165260.0,3147200.0,18060.0,118221237000.0,118221237000.0,3144600.0,3144600.0,36700.0,36700.0,35650.0,35650.0,36000.0,HSX_FOREIGN_API,HOSE_SYMBOL_LEVEL,VND,2026-08-25T04:25:44Z,ff_hsx_symbol_daily_v1,260dbbf60fa113771f3cb236121423fd79c3a473ded5f64a70b80a8fc30152b8
2026-01-27,TCB,HOSE,70616528550.0,70527444000.0,89084550.0,1923607.0,1921099.0,2508.0,70523979000.0,70523979000.0,1921000.0,1921000.0,35500.0,35800.0,34750.0,34950.0,35100.0,HSX_FOREIGN_API,HOSE_SYMBOL_LEVEL,VND,2026-08-25T04:25:44Z,ff_hsx_symbol_daily_v1,bebbc3f167928b788779c3cd7ffab2115644d9800d797299f54149ada6ffc879
2026-01-28,TCB,HOSE,124214994100.0,125025011300.0,-810017200.0,3341299.0,3364622.0,-23323.0,124211539000.0,124211539000.0,3341200.0,3341200.0,35000.0,35300.0,34350.0,34500.0,34650.0,HSX_FOREIGN_API,HOSE_SYMBOL_LEVEL,VND,2026-08-25T04:25:44Z,ff_hsx_symbol_daily_v1,d7f9d48fbce858d343517ddb4a20467c23f4bcd042220ab0af6ae4fd06d603d8
2026-01-29,TCB,HOSE,22143445200.0,29175175000.0,-7031729800.0,600099.0,804800.0,-204701.0,22140000000.0,22140000000.0,600000.0,600000.0,34650.0,35000.0,34150.0,34900.0,34650.0,HSX_FOREIGN_API,HOSE_SYMBOL_LEVEL,VND,2026-08-25T04:25:44Z,ff_hsx_symbol_daily_v1,1282dd9aa8497c05c1de3ce171b5e909fcb943c0113486ac6c9b4088f6d24b34
2026-01-30,TCB,HOSE,1753100000.0,1911050000.0,-157950000.0,47000.0,51500.0,-4500.0,1753100000.0,1753100000.0,47000.0,47000.0,34850.0,35900.0,34800.0,35900.0,35300.0,HSX_FOREIGN_API,HOSE_SYMBOL_LEVEL,VND,2026-08-25T04:25:44Z,ff_hsx_symbol_daily_v1,500164e6934fd4470c46ec903024f923bd3e2aadc65f288b5d3d44202cc2efd7
2026-02-02,TCB,HOSE,83064419800.0,103357995000.0,-20293575200.0,2195722.0,2773300.0,-577578.0,82237610000.0,82237610000.0,2172300.0,2172300.0,35300.0,35750.0,34750.0,35000.0,35150.0,HSX_FOREIGN_API,HOSE_SYMBOL_LEVEL,VND,2026-08-25T04:25:44Z,ff_hsx_symbol_daily_v1,fdefc5eaf20fdfbabfd6b25802f60babdbdb91e39f93c79a942757f46bbeddfa
2026-02-03,TCB,HOSE,45613175350.0,38131730000.0,7481445350.0,1258123.0,1048300.0,209823.0,37492000000.0,37492000000.0,1030000.0,1030000.0,35600.0,35600.0,34700.0,34700.0,34900.0,HSX_FOREIGN_API,HOSE_SYMBOL_LEVEL,VND,2026-08-25T04:25:44Z,ff_hsx_symbol_daily_v1,f9917f3bcb8dc3c679687975b1e6462cdf464e05db3556a628b5997607d94f17
2026-02-04,TCB,HOSE,110119756000.0,120920096000.0,-10800340000.0,3052300.0,3364500.0,-312200.0,109328596000.0,109328596000.0,3029500.0,3029500.0,34700.0,34900.0,34350.0,34550.0,34550.0,HSX_FOREIGN_API,HOSE_SYMBOL_LEVEL,VND,2026-08-25T04:25:44Z,ff_hsx_symbol_daily_v1,b8ab80af9f27e9af64083e7234fc386ddb85a712fd83bc5c1e813f867cd9c5d4
2026-02-05,TCB,HOSE,27005924400.0,5693534400.0,21312390000.0,756900.0,158500.0,598400.0,16513944400.0,5630544400.0,456700.0,156700.0,34950.0,35100.0,34750.0,34850.0,34950.0,HSX_FOREIGN_API,HOSE_SYMBOL_LEVEL,VND,2026-08-25T04:25:44Z,ff_hsx_symbol_daily_v1,73048eb172159ff37f02716297d56f632e522402f40949e55047bb8c4cdc9c0e
2026-02-06,TCB,HOSE,42886894800.0,43217121600.0,-330226800.0,1183378.0,1193000.0,-9622.0,42818661600.0,42818661600.0,1181400.0,1181400.0,34500.0,34600.0,34100.0,34600.0,34350.0,HSX_FOREIGN_API,HOSE_SYMBOL_LEVEL,VND,2026-08-25T04:25:44Z,ff_hsx_symbol_daily_v1,6f43f0a0b237541d6bf7fc4bf268ccb70dfccc655504c689e6d97d773fab8043
2026-02-09,TCB,HOSE,10995165600.0,12695700.0,10982469900.0,314148.0,366.0,313782.0,0.0,2290700.0,0.0,66.0,35000.0,35000.0,34500.0,34750.0,34700.0,HSX_FOREIGN_API,HOSE_SYMBOL_LEVEL,VND,2026-08-25T04:25:44Z,ff_hsx_symbol_daily_v1,90a44211e1c2345581d4cbaeb52e432ba1a96162760af1c2ba0a020ca00c8b72
2026-02-10,TCB,HOSE,13780800.0,312520850.0,-298740050.0,396.0,8995.0,-8599.0,0.0,3812500.0,0.0,110.0,34800.0,35000.0,34450.0,34600.0,34750.0,HSX_FOREIGN_API,HOSE_SYMBOL_LEVEL,VND,2026-08-25T04:25:44Z,ff_hsx_symbol_daily_v1,59bfade49eaee0d61e2fcad4bdc8d354b162adac12651c49fbe8627889a6ae0a
2026-02-11,TCB,HOSE,347624600.0,1251000.0,346373600.0,10018.0,36.0,9982.0,0.0,1251000.0,0.0,36.0,34700.0,35350.0,34600.0,35300.0,35100.0,HSX_FOREIGN_API,HOSE_SYMBOL_LEVEL,VND,2026-08-25T04:25:44Z,ff_hsx_symbol_daily_v1,3fbe810b28b6c3a184a8aba10343ae5bcb35bd6a19c4710134655d6f334ca94a
2026-02-12,TCB,HOSE,1274400.0,2130900.0,-856500.0,36.0,61.0,-25.0,0.0,2130900.0,0.0,61.0,35400.0,35750.0,35200.0,35450.0,35450.0,HSX_FOREIGN_API,HOSE_SYMBOL_LEVEL,VND,2026-08-25T04:25:44Z,ff_hsx_symbol_daily_v1,e7028ba9d8af5b3d8a30198940a37af5cdbcc46543702a761aad56a080cfc6e9
2026-02-13,TCB,HOSE,38993088350.0,38689127600.0,303960750.0,1029835.0,1021200.0,8635.0,38689127600.0,38689127600.0,1021200.0,1021200.0,35200.0,35500.0,35200.0,35450.0,35400.0,HSX_FOREIGN_API,HOSE_SYMBOL_LEVEL,VND,2026-08-25T04:25:44Z,ff_hsx_symbol_daily_v1,deca149451627b00bd544791a0da014c4314f0df92d65551d43b46fb2b2c3f8a
2026-02-23,TCB,HOSE,3223759600.0,3821309950.0,-597550350.0,86400.0,103223.0,-16823.0,3223759600.0,3224574950.0,86400.0,86423.0,35500.0,35900.0,35450.0,35850.0,35750.0,HSX_FOREIGN_API,HOSE_SYMBOL_LEVEL,VND,2026-08-25T04:25:44Z,ff_hsx_symbol_daily_v1,b0c38e93c3b5e079d92cfeba7c356e6facdc431d7ba4f2d6af3eb017f803995f
2026-02-24,TCB,HOSE,8744696250.0,8923050000.0,-178353750.0,228025.0,233000.0,-4975.0,8743800000.0,8743800000.0,228000.0,228000.0,35850.0,35900.0,35750.0,35800.0,35850.0,HSX_FOREIGN_API,HOSE_SYMBOL_LEVEL,VND,2026-08-25T04:25:44Z,ff_hsx_symbol_daily_v1,0375c8a8cbcd7161a2e54cdd6deae4b7368dbf5beda902872655f5d54798a7ed
2026-02-25,TCB,HOSE,138639236250.0,141340404800.0,-2701168550.0,3619825.0,3694848.0,-75023.0,138638340000.0,138642928800.0,3619800.0,3619928.0,35800.0,36450.0,35700.0,36000.0,36000.0,HSX_FOREIGN_API,HOSE_SYMBOL_LEVEL,VND,2026-08-25T04:25:44Z,ff_hsx_symbol_daily_v1,334bb921c84a0b32752e818ca59d66756ecbfda235d8fa7329186ad72703bbac
2026-02-26,TCB,HOSE,19858218100.0,19301157200.0,557060900.0,516848.0,501409.0,15439.0,19250000000.0,19250322200.0,500000.0,500009.0,36100.0,36450.0,36000.0,36450.0,36300.0,HSX_FOREIGN_API,HOSE_SYMBOL_LEVEL,VND,2026-08-25T04:25:44Z,ff_hsx_symbol_daily_v1,067f216bd1f663ebd18d1077cd4294451d094556a8a9205c40746a0af276abc5
2026-02-27,TCB,HOSE,48003828150.0,47797380000.0,206448150.0,1231347.0,1225620.0,5727.0,47775000000.0,47775720000.0,1225000.0,1225020.0,36050.0,36400.0,35850.0,36250.0,36100.0,HSX_FOREIGN_API,HOSE_SYMBOL_LEVEL,VND,2026-08-25T04:25:44Z,ff_hsx_symbol_daily_v1,6e7a4d1d33ebe2d500d3f01170bbec5705bb4befae5fcd69e6572e402112167d
2026-03-02,TCB,HOSE,63077625000.0,61614076750.0,1463548250.0,1633570.0,1593115.0,40455.0,60368625000.0,60369171750.0,1557900.0,1557915.0,35800.0,35800.0,34650.0,34650.0,35250.0,HSX_FOREIGN_API,HOSE_SYMBOL_LEVEL,VND,2026-08-25T04:25:44Z,ff_hsx_symbol_daily_v1,a85be5177e39a46311b25b5ba9b8cbe66e40a7c88a547cbf7d72db3ca6d02047
2026-03-03,TCB,HOSE,3149250000.0,3321500000.0,-172250000.0,85000.0,90000.0,-5000.0,3149250000.0,3149250000.0,85000.0,85000.0,34650.0,34950.0,33600.0,33600.0,34150.0,HSX_FOREIGN_API,HOSE_SYMBOL_LEVEL,VND,2026-08-25T04:25:44Z,ff_hsx_symbol_daily_v1,bacd88bf872e3284990b95a0aea5b8feb2c239fe3d8a35eb5fac86e3dc0a6a98
2026-03-04,TCB,HOSE,0.0,50932937000.0,-50932937000.0,0.0,1570120.0,-1570120.0,0.0,0.0,0.0,0.0,33500.0,33700.0,31800.0,32500.0,32550.0,HSX_FOREIGN_API,HOSE_SYMBOL_LEVEL,VND,2026-08-25T04:25:44Z,ff_hsx_symbol_daily_v1,2d1437ec81c6a205789fd9fb3875690f692db6c03f38f776a541fcb589b8f27c
2026-03-05,TCB,HOSE,0.0,53851801800.0,-53851801800.0,0.0,1650093.0,-1650093.0,0.0,3091800.0,0.0,93.0,33000.0,33100.0,32200.0,32200.0,32650.0,HSX_FOREIGN_API,HOSE_SYMBOL_LEVEL,VND,2026-08-25T04:25:44Z,ff_hsx_symbol_daily_v1,ea427fc74f4c0e8393ea512c57fb5f1d32d5920d1ab70ca66bd6214a5b668bc2
2026-03-06,TCB,HOSE,6373250000.0,11318735000.0,-4945485000.0,185000.0,341400.0,-156400.0,6373250000.0,6373250000.0,185000.0,185000.0,32100.0,32100.0,31350.0,31450.0,31700.0,HSX_FOREIGN_API,HOSE_SYMBOL_LEVEL,VND,2026-08-25T04:25:44Z,ff_hsx_symbol_daily_v1,15b47c81dd7706d4bcfc6715a6296a788fb2f28409c8ca3120714c99a5896988
2026-03-09,TCB,HOSE,226222602000.0,181332344800.0,44890257200.0,7301445.0,5766734.0,1534711.0,181331250000.0,181332344800.0,5766700.0,5766734.0,29250.0,29800.0,29250.0,29250.0,29250.0,HSX_FOREIGN_API,HOSE_SYMBOL_LEVEL,VND,2026-08-25T04:25:44Z,ff_hsx_symbol_daily_v1,13f0c2b541aef14101b131503a544b63f6ad7ab9606a02b0649531d50edc82df
2026-03-10,TCB,HOSE,50823902150.0,47384750.0,50776517400.0,1650127.0,1567.0,1648560.0,0.0,1959750.0,0.0,67.0,30800.0,30800.0,29750.0,30300.0,30250.0,HSX_FOREIGN_API,HOSE_SYMBOL_LEVEL,VND,2026-08-25T04:25:44Z,ff_hsx_symbol_daily_v1,05e5a33cd9b139c616f76f2a00d094b1e73d07ffe2e3462c904709ff2b3761d2
2026-03-11,TCB,HOSE,167621738500.0,162875736000.0,4746002500.0,5184967.0,5027032.0,157935.0,162874800000.0,162875736000.0,5027000.0,5027032.0,30050.0,31350.0,29950.0,31100.0,30600.0,HSX_FOREIGN_API,HOSE_SYMBOL_LEVEL,VND,2026-08-25T04:25:44Z,ff_hsx_symbol_daily_v1,85d245251c403cae9c1cddf81031c3d1b5610ef60c78cd5352650d2a1e69bf01
2026-03-12,TCB,HOSE,56891545800.0,57199809100.0,-308263300.0,1720532.0,1730647.0,-10115.0,56890550000.0,56891974100.0,1720500.0,1720547.0,30550.0,31000.0,29900.0,30000.0,30350.0,HSX_FOREIGN_API,HOSE_SYMBOL_LEVEL,VND,2026-08-25T04:25:44Z,ff_hsx_symbol_daily_v1,038a699d195e22cd216b57f45907b2efdf9524cf94e1f3ad3b6fbd611297fc0e
2026-03-13,TCB,HOSE,699930500.0,700588600.0,-658100.0,21805.0,21826.0,-21.0,699780000.0,700588600.0,21800.0,21826.0,30000.0,30300.0,29650.0,30000.0,29950.0,HSX_FOREIGN_API,HOSE_SYMBOL_LEVEL,VND,2026-08-25T04:25:44Z,ff_hsx_symbol_daily_v1,4b6fe9c8e62a781146e52ef90f970560ace3f6506ef9d3779b85238c0c63aad2
2026-03-16,TCB,HOSE,6311827850.0,6312150000.0,-322150.0,196632.0,196643.0,-11.0,6310860000.0,6312150000.0,196600.0,196643.0,30000.0,30450.0,30000.0,30200.0,30150.0,HSX_FOREIGN_API,HOSE_SYMBOL_LEVEL,VND,2026-08-25T04:25:44Z,ff_hsx_symbol_daily_v1,4fea3d6f10af041a191e828acdc9bc45ee16d29916987a14addfc90cb22ceb5d
2026-03-17,TCB,HOSE,306972900.0,1510000.0,305462900.0,10147.0,50.0,10097.0,0.0,1510000.0,0.0,50.0,30250.0,30900.0,30100.0,30300.0,30550.0,HSX_FOREIGN_API,HOSE_SYMBOL_LEVEL,VND,2026-08-25T04:25:44Z,ff_hsx_symbol_daily_v1,843342c344912f88e2e29ca262c84d7eace7817957770f86cd8fb3af05910512
2026-03-18,TCB,HOSE,2165500.0,909000.0,1256500.0,71.0,30.0,41.0,0.0,909000.0,0.0,30.0,30500.0,30800.0,30150.0,30300.0,30400.0,HSX_FOREIGN_API,HOSE_SYMBOL_LEVEL,VND,2026-08-25T04:25:44Z,ff_hsx_symbol_daily_v1,5a2a865f9026c14e7dd275b56a4b3f65ca5bc76fada3af75c04208882005a017
2026-03-19,TCB,HOSE,4352564350.0,4352077500.0,486850.0,134341.0,134325.0,16.0,4351320000.0,4352077500.0,134300.0,134325.0,30150.0,30300.0,29900.0,30050.0,30100.0,HSX_FOREIGN_API,HOSE_SYMBOL_LEVEL,VND,2026-08-25T04:25:44Z,ff_hsx_symbol_daily_v1,975a41100113e59936ddbcc8ce2e986cc8a1529d96a572e43de4b657df54bb4d
2026-03-20,TCB,HOSE,137274821250.0,139973655400.0,-2698834150.0,4269825.0,4360008.0,-90183.0,137274070000.0,137274310400.0,4269800.0,4269808.0,30000.0,30100.0,29850.0,29850.0,29950.0,HSX_FOREIGN_API,HOSE_SYMBOL_LEVEL,VND,2026-08-25T04:25:44Z,ff_hsx_symbol_daily_v1,d9f619e1594a0ce255afe8d931cd06880fb61bdd1e31eba190da44188f674d0a
2026-03-23,TCB,HOSE,257021822350.0,260717236100.0,-3695413750.0,8259025.0,8385500.0,-126475.0,257021076100.0,257021076100.0,8259000.0,8259000.0,29500.0,29550.0,28900.0,28900.0,29100.0,HSX_FOREIGN_API,HOSE_SYMBOL_LEVEL,VND,2026-08-25T04:25:44Z,ff_hsx_symbol_daily_v1,5a02c3ba6e872fc6f940af0fa2a6cd7801eb1018713cf4a810754b0a0abbedfd
2026-03-24,TCB,HOSE,52805091000.0,52804356000.0,735000.0,1726865.0,1726840.0,25.0,52804356000.0,52804356000.0,1726840.0,1726840.0,29300.0,29850.0,29150.0,29850.0,29550.0,HSX_FOREIGN_API,HOSE_SYMBOL_LEVEL,VND,2026-08-25T04:25:44Z,ff_hsx_symbol_daily_v1,9959832582d63d36e9fa8574b2b9fa80725757f95f6fce9765c34bc7143f1f6a
2026-03-25,TCB,HOSE,13600888600.0,10870538900.0,2730349700.0,430883.0,340774.0,90109.0,10868330000.0,10870538900.0,340700.0,340774.0,30300.0,30900.0,30050.0,30800.0,30500.0,HSX_FOREIGN_API,HOSE_SYMBOL_LEVEL,VND,2026-08-25T04:25:44Z,ff_hsx_symbol_daily_v1,a6534d3bf9d71338eae18d51e680a190948fff923dad9fca3bd3154ae6bad938
2026-03-26,TCB,HOSE,43462855200.0,39540000000.0,3922855200.0,1326544.0,1200000.0,126544.0,43461500000.0,39540000000.0,1326500.0,1200000.0,30700.0,30700.0,30150.0,30150.0,30350.0,HSX_FOREIGN_API,HOSE_SYMBOL_LEVEL,VND,2026-08-25T04:25:44Z,ff_hsx_symbol_daily_v1,486277cdeaa01d824a9fe7587bb2867bf64e3cec0a6b950abf07311a979314bd
2026-03-27,TCB,HOSE,10239526000.0,10841875250.0,-602349250.0,317505.0,337335.0,-19830.0,10239375000.0,10240430250.0,317500.0,317535.0,30150.0,30700.0,30050.0,30650.0,30350.0,HSX_FOREIGN_API,HOSE_SYMBOL_LEVEL,VND,2026-08-25T04:25:44Z,ff_hsx_symbol_daily_v1,3555236663b55963b54eea469381993413576982b19105c5353ba51fc9548091
2026-03-30,TCB,HOSE,11016872750.0,11781410000.0,-764537250.0,343205.0,368700.0,-25495.0,11016720000.0,11016720000.0,343200.0,343200.0,30050.0,30500.0,29750.0,30500.0,30150.0,HSX_FOREIGN_API,HOSE_SYMBOL_LEVEL,VND,2026-08-25T04:25:44Z,ff_hsx_symbol_daily_v1,6aa06a8650748f9d181095373701ad5776ac37d5c1f25c19932e91f551b80b97
2026-03-31,TCB,HOSE,13508602500.0,13579958500.0,-71356000.0,430005.0,432337.0,-2332.0,13508450000.0,13509578500.0,430000.0,430037.0,30500.0,30750.0,30400.0,30700.0,30600.0,HSX_FOREIGN_API,HOSE_SYMBOL_LEVEL,VND,2026-08-25T04:25:44Z,ff_hsx_symbol_daily_v1,b51cbd3aedf82c9d80e5e6df7320c3d72d5156611cf0a63d34b4a896d24d95e9
2026-04-01,TCB,HOSE,6378687500.0,8331586900.0,-1952899400.0,201325.0,264017.0,-62692.0,5757180000.0,5757701900.0,181500.0,181517.0,31350.0,31350.0,30800.0,30800.0,30950.0,HSX_FOREIGN_API,HOSE_SYMBOL_LEVEL,VND,2026-08-25T04:25:44Z,ff_hsx_symbol_daily_v1,2bc31e26cac66f98e5f4ae7bae99a3b7b283fe7e03e250f649c349b4a86c9693
2026-04-02,TCB,HOSE,4482572500.0,3353150000.0,1129422500.0,145330.0,108300.0,37030.0,3100000000.0,3100000000.0,100000.0,100000.0,30500.0,30550.0,30100.0,30350.0,30300.0,HSX_FOREIGN_API,HOSE_SYMBOL_LEVEL,VND,2026-08-25T04:25:44Z,ff_hsx_symbol_daily_v1,8f35513898bdf2101f5ac73f9cb7eb4ba0e06a903f6c5ad788383474d3ff59a9
2026-04-03,TCB,HOSE,92976412800.0,163821795000.0,-70845382200.0,3110632.0,5475300.0,-2364668.0,92653200000.0,92653200000.0,3100000.0,3100000.0,30400.0,30500.0,29750.0,29750.0,29950.0,HSX_FOREIGN_API,HOSE_SYMBOL_LEVEL,VND,2026-08-25T04:25:44Z,ff_hsx_symbol_daily_v1,e570be7c6b9d2cf6034b8ff58b865977315739a3cfea4a16a39acacb2bba6a02
2026-04-06,TCB,HOSE,9392166900.0,104540855900.0,-95148689000.0,321103.0,3575214.0,-3254111.0,7291750000.0,7291750000.0,250000.0,250000.0,29700.0,29700.0,29000.0,29050.0,29250.0,HSX_FOREIGN_API,HOSE_SYMBOL_LEVEL,VND,2026-08-25T04:25:44Z,ff_hsx_symbol_daily_v1,bd27b09ee7f2b6f1eb31a8164daaf34c524e9f85f52e74e31b0f1f4ea6e52213
2026-04-07,TCB,HOSE,30993446600.0,209769400000.0,-178775953400.0,1076823.0,7295600.0,-6218777.0,28848750000.0,28848750000.0,1003500.0,1003500.0,29250.0,29300.0,28350.0,28700.0,28750.0,HSX_FOREIGN_API,HOSE_SYMBOL_LEVEL,VND,2026-08-25T04:25:44Z,ff_hsx_symbol_daily_v1,22742c5589609d4ae15abac7ff6639f5f5e15e50eb32c893ab21e0b6f78f055d
2026-04-08,TCB,HOSE,111156223200.0,38433468800.0,72722754400.0,3700692.0,1272800.0,2427892.0,38433468800.0,38433468800.0,1272800.0,1272800.0,29750.0,30700.0,29500.0,30700.0,30200.0,HSX_FOREIGN_API,HOSE_SYMBOL_LEVEL,VND,2026-08-25T04:25:44Z,ff_hsx_symbol_daily_v1,4b9c611850db32c737d1edf777e85868293f512ed544ab616ba18f3215d9477e
2026-04-09,TCB,HOSE,83531399000.0,15686085000.0,67845314000.0,2693030.0,505000.0,2188030.0,5197500000.0,5197500000.0,165000.0,165000.0,30950.0,31600.0,30600.0,30900.0,31100.0,HSX_FOREIGN_API,HOSE_SYMBOL_LEVEL,VND,2026-08-25T04:25:44Z,ff_hsx_symbol_daily_v1,2f9c1e5cdc1759ce7e595f2f61ad920378f49182e3c86e26e1c82fc1960e8145
2026-04-10,TCB,HOSE,218738733000.0,761930000.0,217976803000.0,6803158.0,24300.0,6778858.0,16000000000.0,0.0,500000.0,0.0,31050.0,32650.0,31050.0,32250.0,32150.0,HSX_FOREIGN_API,HOSE_SYMBOL_LEVEL,VND,2026-08-25T04:25:44Z,ff_hsx_symbol_daily_v1,160d73391da53eb68ed96d76adc1442581ec1ad736cf12bdc6efec52d871b865
2026-04-13,TCB,HOSE,16437830000.0,25575000.0,16412255000.0,516100.0,800.0,515300.0,0.0,0.0,0.0,0.0,31500.0,32150.0,31500.0,31900.0,31900.0,HSX_FOREIGN_API,HOSE_SYMBOL_LEVEL,VND,2026-08-25T04:25:44Z,ff_hsx_symbol_daily_v1,a5d0f76e3dddf5d0826876736d0c503019adf777c0477b046cb1a6b1535a35b8
2026-04-14,TCB,HOSE,10905009800.0,21748254800.0,-10843245000.0,331900.0,669700.0,-337800.0,10888809800.0,10888809800.0,331400.0,331400.0,32400.0,32550.0,31850.0,32050.0,32100.0,HSX_FOREIGN_API,HOSE_SYMBOL_LEVEL,VND,2026-08-25T04:25:44Z,ff_hsx_symbol_daily_v1,12cdd7cb7f097b94d7426d59e47628262f5b278d8a5a4b36cbf6e4695e70e5d7
2026-04-15,TCB,HOSE,25920000.0,8610360000.0,-8584440000.0,800.0,265800.0,-265000.0,0.0,0.0,0.0,0.0,32400.0,32550.0,31850.0,31850.0,32300.0,HSX_FOREIGN_API,HOSE_SYMBOL_LEVEL,VND,2026-08-25T04:25:44Z,ff_hsx_symbol_daily_v1,9caaf39b157702a257d7bb30369a4d15bb415356492669be6d072b335a600323
2026-04-16,TCB,HOSE,25480000.0,503391950.0,-477911950.0,800.0,15801.0,-15001.0,0.0,0.0,0.0,0.0,31850.0,32100.0,31800.0,31900.0,31950.0,HSX_FOREIGN_API,HOSE_SYMBOL_LEVEL,VND,2026-08-25T04:25:44Z,ff_hsx_symbol_daily_v1,6060a34f577ee520514574bbe052109870a0b3bf5f7c2bcb9b9692fa081c33c8
2026-04-17,TCB,HOSE,11782107800.0,8580472800.0,3201635000.0,364200.0,265600.0,98600.0,832972800.0,832972800.0,25600.0,25600.0,32150.0,32450.0,32000.0,32250.0,32350.0,HSX_FOREIGN_API,HOSE_SYMBOL_LEVEL,VND,2026-08-25T04:25:44Z,ff_hsx_symbol_daily_v1,90a3511ba09bd6ce9d3cd1881133158d3748ef3211aaee7fca9f9c3a4dd4d6a9
2026-04-20,TCB,HOSE,41589474500.0,67543094500.0,-25953620000.0,1272500.0,2072700.0,-800200.0,41427224500.0,25127224500.0,1267500.0,767500.0,32400.0,32900.0,32350.0,32600.0,32600.0,HSX_FOREIGN_API,HOSE_SYMBOL_LEVEL,VND,2026-08-25T04:25:44Z,ff_hsx_symbol_daily_v1,6ffed0125b32825b645def058aed261d5e41bdf11f8effb2c545abd091545af6
2026-04-21,TCB,HOSE,16901869500.0,46916443000.0,-30014573500.0,511501.0,1429300.0,-917799.0,16248838000.0,16248838000.0,491500.0,491500.0,32650.0,32850.0,32500.0,32700.0,32700.0,HSX_FOREIGN_API,HOSE_SYMBOL_LEVEL,VND,2026-08-25T04:25:44Z,ff_hsx_symbol_daily_v1,22b65cceee87ecb06ed040dc026dfbba492a39b9f8062030eecad3915033f530
2026-04-22,TCB,HOSE,17339000000.0,3330000.0,17335670000.0,520000.0,100.0,519900.0,16677000000.0,0.0,500000.0,0.0,33100.0,33500.0,32900.0,33000.0,33200.0,HSX_FOREIGN_API,HOSE_SYMBOL_LEVEL,VND,2026-08-25T04:25:44Z,ff_hsx_symbol_daily_v1,174b87369055d32c99866fa970dfd40456f653675b195d5199e5766972a2aad5
2026-04-23,TCB,HOSE,40267398000.0,17286105000.0,22981293000.0,1202301.0,516500.0,685801.0,27843195000.0,14379195000.0,829200.0,429200.0,33000.0,33700.0,32900.0,33300.0,33300.0,HSX_FOREIGN_API,HOSE_SYMBOL_LEVEL,VND,2026-08-25T04:25:44Z,ff_hsx_symbol_daily_v1,2c8f6b81b509856a7f7cfab6ea7b0a6760bbd7bf3b472a9f702a5723912fe153
2026-04-24,TCB,HOSE,35851630700.0,1914065100.0,33937565600.0,1065399.0,56300.0,1009099.0,1149945100.0,1149945100.0,33700.0,33700.0,33400.0,34300.0,33300.0,34250.0,33950.0,HSX_FOREIGN_API,HOSE_SYMBOL_LEVEL,VND,2026-08-25T04:25:44Z,ff_hsx_symbol_daily_v1,05b56596867fc7a39a05b0b0f7ac67a2a9784a34f149e416acd0b6759d2ca3b9
2026-04-28,TCB,HOSE,7799000000.0,7515830000.0,283170000.0,223200.0,215300.0,7900.0,6987000000.0,6987000000.0,200000.0,200000.0,35000.0,35000.0,34500.0,34600.0,34700.0,HSX_FOREIGN_API,HOSE_SYMBOL_LEVEL,VND,2026-08-25T04:25:44Z,ff_hsx_symbol_daily_v1,f8c99fa8cf6bd57ac0f7429d9dc5bd135b3e28ba3fdc67b25e2ea3b963d48ede
2026-04-29,TCB,HOSE,40231350000.0,45205230000.0,-4973880000.0,1140300.0,1286800.0,-146500.0,39703500000.0,39703500000.0,1125000.0,1125000.0,34500.0,34600.0,33500.0,33850.0,33900.0,HSX_FOREIGN_API,HOSE_SYMBOL_LEVEL,VND,2026-08-25T04:25:44Z,ff_hsx_symbol_daily_v1,90a75a879cb748c45478e24e341811813320a8dec318fc9e27d3714925900b13
2026-05-04,TCB,HOSE,74824318700.0,100617888700.0,-25793570000.0,2169900.0,2936500.0,-766600.0,74307178700.0,74307178700.0,2154600.0,2154600.0,33800.0,33950.0,33300.0,33550.0,33600.0,HSX_FOREIGN_API,HOSE_SYMBOL_LEVEL,VND,2026-08-25T04:25:44Z,ff_hsx_symbol_daily_v1,78f0bb0530952d69b3570e63eaf11737149457fa71757889372f82e45533f376
2026-05-05,TCB,HOSE,400447000.0,3299470000.0,-2899023000.0,12100.0,100000.0,-87900.0,0.0,0.0,0.0,0.0,33450.0,33450.0,32700.0,33300.0,33000.0,HSX_FOREIGN_API,HOSE_SYMBOL_LEVEL,VND,2026-08-25T04:25:44Z,ff_hsx_symbol_daily_v1,8114b363a4c2f683c936a6239e68d94f81bb454120872c816a245c585f049e43
2026-05-06,TCB,HOSE,5378045000.0,24691965000.0,-19313920000.0,161500.0,731600.0,-570100.0,5328000000.0,0.0,160000.0,0.0,33450.0,33900.0,33200.0,33900.0,33600.0,HSX_FOREIGN_API,HOSE_SYMBOL_LEVEL,VND,2026-08-25T04:25:44Z,ff_hsx_symbol_daily_v1,92f16a0a37cd55180949080d6058e5f059c5e77a7deb21d8c4d71c554669cc31
2026-05-07,TCB,HOSE,12626568500.0,45081945000.0,-32455376500.0,382700.0,1343800.0,-961100.0,11149650000.0,5962950000.0,339000.0,189000.0,34050.0,34200.0,33700.0,33700.0,33850.0,HSX_FOREIGN_API,HOSE_SYMBOL_LEVEL,VND,2026-08-25T04:25:44Z,ff_hsx_symbol_daily_v1,e49febc26376726ed20a18f19fede431f7e9579d4c12dbc9c2b2920b75038949
2026-05-08,TCB,HOSE,34907455000.0,47763585000.0,-12856130000.0,1016300.0,1410400.0,-394100.0,33514650000.0,0.0,975000.0,0.0,33650.0,33950.0,33550.0,33850.0,33800.0,HSX_FOREIGN_API,HOSE_SYMBOL_LEVEL,VND,2026-08-25T04:25:44Z,ff_hsx_symbol_daily_v1,21aded7ae830f97722f95d5e0b94daeef22de16af0125c8ef246a65c6e7c5ce3
2026-05-11,TCB,HOSE,24003565000.0,32144975000.0,-8141410000.0,701000.0,948100.0,-247100.0,13810800000.0,0.0,400000.0,0.0,33950.0,33950.0,33750.0,33800.0,33850.0,HSX_FOREIGN_API,HOSE_SYMBOL_LEVEL,VND,2026-08-25T04:25:44Z,ff_hsx_symbol_daily_v1,1beebb5af9ac493d2e2ba783991727a0941be14d02846a902e5b86c53c2804f2
2026-05-12,TCB,HOSE,17255260000.0,86196435000.0,-68941175000.0,511200.0,2551300.0,-2040100.0,10126500000.0,10126500000.0,300000.0,300000.0,33800.0,33850.0,33650.0,33800.0,33750.0,HSX_FOREIGN_API,HOSE_SYMBOL_LEVEL,VND,2026-08-25T04:25:44Z,ff_hsx_symbol_daily_v1,7c912d5e5e5cd004aedc1f338214295c0fcb70ec05f47716b505e56842224fb3
2026-05-13,TCB,HOSE,28773870300.0,66183870000.0,-37409999700.0,836345.0,1962384.0,-1126039.0,26201760000.0,0.0,760000.0,0.0,33900.0,33900.0,33550.0,33600.0,33700.0,HSX_FOREIGN_API,HOSE_SYMBOL_LEVEL,VND,2026-08-25T04:25:44Z,ff_hsx_symbol_daily_v1,0b0147d4e1d3286c6d80372a0dae60d3e7c3abcc841a31d5516c2c2d89c42f6a
2026-05-14,TCB,HOSE,12205752200.0,136912637950.0,-124706885750.0,360894.0,4050780.0,-3689886.0,0.0,0.0,0.0,0.0,33600.0,34000.0,33600.0,34000.0,33800.0,HSX_FOREIGN_API,HOSE_SYMBOL_LEVEL,VND,2026-08-25T04:25:44Z,ff_hsx_symbol_daily_v1,cc9a070313aeb163ca33e4d10d2e22138b7f7107bd41753054593d9eed5a43d8
2026-05-15,TCB,HOSE,74232240850.0,35266135000.0,38966105850.0,2155050.0,1026500.0,1128550.0,0.0,0.0,0.0,0.0,34350.0,34800.0,33950.0,34050.0,34400.0,HSX_FOREIGN_API,HOSE_SYMBOL_LEVEL,VND,2026-08-25T04:25:44Z,ff_hsx_symbol_daily_v1,16878640a95de7630753e289f1eabf769d8cfb561f789d3cef329aa6fbea167f
2026-05-18,TCB,HOSE,38905077700.0,11901210000.0,27003867700.0,1147430.0,351300.0,796130.0,0.0,0.0,0.0,0.0,34000.0,34200.0,33750.0,34000.0,33900.0,HSX_FOREIGN_API,HOSE_SYMBOL_LEVEL,VND,2026-08-25T04:25:44Z,ff_hsx_symbol_daily_v1,1d20122fcfd94b2e6dee6d8bc09f1f7a0b4986ec846c6e17ad8643e0dbed1cb8
2026-05-19,TCB,HOSE,14801197950.0,52335721250.0,-37534523300.0,450199.0,1590091.0,-1139892.0,4966896000.0,4966896000.0,151800.0,151800.0,33500.0,33600.0,32600.0,32600.0,32850.0,HSX_FOREIGN_API,HOSE_SYMBOL_LEVEL,VND,2026-08-25T04:25:44Z,ff_hsx_symbol_daily_v1,de4bd48a34592d8faf698b4dc0f0c0b69bcd1b17713ad5e532f192c27f72d81d
2026-05-20,TCB,HOSE,32683839700.0,132341330000.0,-99657490300.0,1028213.0,4141300.0,-3113087.0,0.0,0.0,0.0,0.0,32200.0,32450.0,31050.0,32450.0,31900.0,HSX_FOREIGN_API,HOSE_SYMBOL_LEVEL,VND,2026-08-25T04:25:44Z,ff_hsx_symbol_daily_v1,92d81360428ae6a2c272034efc35c925141b7e8c1b35f852a9ceb1baefad5a78
2026-05-21,TCB,HOSE,9093948750.0,106627035600.0,-97533086850.0,280550.0,3294300.0,-3013750.0,0.0,0.0,0.0,0.0,32500.0,32600.0,32200.0,32250.0,32350.0,HSX_FOREIGN_API,HOSE_SYMBOL_LEVEL,VND,2026-08-25T04:25:44Z,ff_hsx_symbol_daily_v1,29dd4c387e9b9619fea50ab8e4c1150b5a93a103c1f9d16119c18f0c52122ff0
2026-05-22,TCB,HOSE,3356731500.0,24349575000.0,-20992843500.0,104630.0,759100.0,-654470.0,0.0,0.0,0.0,0.0,32400.0,32400.0,31650.0,32200.0,32050.0,HSX_FOREIGN_API,HOSE_SYMBOL_LEVEL,VND,2026-08-25T04:25:44Z,ff_hsx_symbol_daily_v1,424d8134363940940becb04fd95dc7ff32157e4707c36d259b073a2c04854158
2026-05-25,TCB,HOSE,24619776800.0,21541822100.0,3077954700.0,758285.0,661323.0,96962.0,0.0,0.0,0.0,0.0,32050.0,32800.0,32050.0,32550.0,32500.0,HSX_FOREIGN_API,HOSE_SYMBOL_LEVEL,VND,2026-08-25T04:25:44Z,ff_hsx_symbol_daily_v1,cd34764f5bd17b752153ae349cfe383fc6f8d15edb8a4be34e568cd82a372de3
2026-05-26,TCB,HOSE,13161155000.0,14384010000.0,-1222855000.0,402300.0,438300.0,-36000.0,0.0,0.0,0.0,0.0,32500.0,33000.0,32450.0,32900.0,32750.0,HSX_FOREIGN_API,HOSE_SYMBOL_LEVEL,VND,2026-08-25T04:25:44Z,ff_hsx_symbol_daily_v1,a835ebc1b97b48329fb141d6a19dd4202b0669b54b76e4de5eaf8371ad992cbf
2026-05-27,TCB,HOSE,58644522800.0,94038746900.0,-35394224100.0,1766051.0,2826549.0,-1060498.0,21796250000.0,21796250000.0,658000.0,658000.0,33100.0,33700.0,32900.0,33650.0,33350.0,HSX_FOREIGN_API,HOSE_SYMBOL_LEVEL,VND,2026-08-25T04:25:44Z,ff_hsx_symbol_daily_v1,c013f238cb5fe3d63f1c1a73acbe5cc08672257fe01429b25daa4337348c3d5d
2026-05-28,TCB,HOSE,3855777000.0,38749774500.0,-34893997500.0,116365.0,1172747.0,-1056382.0,0.0,0.0,0.0,0.0,33600.0,33600.0,32600.0,32600.0,33150.0,HSX_FOREIGN_API,HOSE_SYMBOL_LEVEL,VND,2026-08-25T04:25:44Z,ff_hsx_symbol_daily_v1,fb8de05616da3d2673ac6464498848f64e9b97d5757bb1d145c83f40702874cc
2026-05-29,TCB,HOSE,14575712250.0,40565445000.0,-25989732750.0,442985.0,1234100.0,-791115.0,0.0,0.0,0.0,0.0,32650.0,33050.0,32650.0,32750.0,32850.0,HSX_FOREIGN_API,HOSE_SYMBOL_LEVEL,VND,2026-08-25T04:25:44Z,ff_hsx_symbol_daily_v1,543c66b78e4f9bbc4ee00ff47630f6f0e3b8f2ee2cecdf421cb723ad96190a93
2026-06-01,TCB,HOSE,4492632250.0,23963160000.0,-19470527750.0,137845.0,734700.0,-596855.0,0.0,0.0,0.0,0.0,32850.0,32950.0,32350.0,32350.0,32550.0,HSX_FOREIGN_API,HOSE_SYMBOL_LEVEL,VND,2026-08-25T04:25:44Z,ff_hsx_symbol_daily_v1,1839a7d7732b10928e613775863abf603b7790f51871ec22d0424aea0932d930
2026-06-02,TCB,HOSE,3669687000.0,66162985000.0,-62493298000.0,114520.0,2059900.0,-1945380.0,0.0,0.0,0.0,0.0,32350.0,32400.0,31900.0,31900.0,32100.0,HSX_FOREIGN_API,HOSE_SYMBOL_LEVEL,VND,2026-08-25T04:25:44Z,ff_hsx_symbol_daily_v1,7dc1e528ac6be59eb97cef96ee01976b75d4b2c3a59fce130e8b6edbc95c5143
2026-06-03,TCB,HOSE,12976198750.0,96779085000.0,-83802886250.0,408180.0,3052400.0,-2644220.0,0.0,0.0,0.0,0.0,31900.0,32000.0,31450.0,31550.0,31700.0,HSX_FOREIGN_API,HOSE_SYMBOL_LEVEL,VND,2026-08-25T04:25:44Z,ff_hsx_symbol_daily_v1,25aba6ab2441f36983e7c4d19a2a8681e255a3ee0207fceb264a4329fd81a696
2026-06-04,TCB,HOSE,5056780000.0,69219400000.0,-64162620000.0,159700.0,2192300.0,-2032600.0,0.0,0.0,0.0,0.0,31650.0,31900.0,31450.0,31450.0,31550.0,HSX_FOREIGN_API,HOSE_SYMBOL_LEVEL,VND,2026-08-25T04:25:44Z,ff_hsx_symbol_daily_v1,98c8f6adf7e6452dd9a0d8f7aba73d34ad1b9207b52aa32f4e26f2cf2573cb88
2026-06-05,TCB,HOSE,1941755000.0,44954900000.0,-43013145000.0,60900.0,1413700.0,-1352800.0,0.0,0.0,0.0,0.0,31500.0,32000.0,31500.0,31700.0,31800.0,HSX_FOREIGN_API,HOSE_SYMBOL_LEVEL,VND,2026-08-25T04:25:44Z,ff_hsx_symbol_daily_v1,f1a270fedc167747066ba08a5192c850ca817cde5351de9e2bafddeac510fb75
2026-06-08,TCB,HOSE,4382428600.0,67563795000.0,-63181366400.0,139968.0,2168000.0,-2028032.0,0.0,0.0,0.0,0.0,31500.0,31600.0,30850.0,30850.0,31150.0,HSX_FOREIGN_API,HOSE_SYMBOL_LEVEL,VND,2026-08-25T04:25:44Z,ff_hsx_symbol_daily_v1,d6ba96cce5ea592d2b9e306fd9d235e7deec83b11180355710f568f331bc4bfa
2026-06-09,TCB,HOSE,8245206000.0,106601040000.0,-98355834000.0,266021.0,3442900.0,-3176879.0,0.0,0.0,0.0,0.0,30900.0,31200.0,30800.0,30900.0,30950.0,HSX_FOREIGN_API,HOSE_SYMBOL_LEVEL,VND,2026-08-25T04:25:44Z,ff_hsx_symbol_daily_v1,c413f64d56f2c499d06b060c673a47b9676631198ca54689ab9d478ccd101e2f
2026-06-10,TCB,HOSE,13364640000.0,41299030000.0,-27934390000.0,430300.0,1332000.0,-901700.0,0.0,0.0,0.0,0.0,31050.0,31250.0,30900.0,30950.0,31000.0,HSX_FOREIGN_API,HOSE_SYMBOL_LEVEL,VND,2026-08-25T04:25:44Z,ff_hsx_symbol_daily_v1,98af509fe81aa7a5b3da216aaab4437de272952f3dc6d479cdb8c7a6f4bffebc
2026-06-11,TCB,HOSE,9874953000.0,43754644850.0,-33879691850.0,319538.0,1415100.0,-1095562.0,0.0,0.0,0.0,0.0,30950.0,31050.0,30800.0,30850.0,30900.0,HSX_FOREIGN_API,HOSE_SYMBOL_LEVEL,VND,2026-08-25T04:25:44Z,ff_hsx_symbol_daily_v1,c493acc2224833fd707f511e1297e7b2b2d4aeedda904a15888d9f7d2b5434b2
2026-06-12,TCB,HOSE,164585137600.0,160037861200.0,4547276400.0,5268002.0,5121658.0,146344.0,62400000000.0,62400000000.0,2000000.0,2000000.0,31300.0,31450.0,31050.0,31250.0,31250.0,HSX_FOREIGN_API,HOSE_SYMBOL_LEVEL,VND,2026-08-25T04:25:44Z,ff_hsx_symbol_daily_v1,94c55f0d300703de98889b8c483471e52185706585e9580408a9d5f2b3c6a085
2026-06-15,TCB,HOSE,121609947000.0,165087325000.0,-43477378000.0,3855985.0,5240200.0,-1384215.0,100413430000.0,100413430000.0,3185200.0,3185200.0,31700.0,31950.0,31250.0,31700.0,31550.0,HSX_FOREIGN_API,HOSE_SYMBOL_LEVEL,VND,2026-08-25T04:25:44Z,ff_hsx_symbol_daily_v1,27d69252b33bd9b2ea61853508b4377aa0530c06902d743409161c1ebf2f1354
2026-06-16,TCB,HOSE,39133169100.0,131494000000.0,-92360830900.0,1234639.0,4151700.0,-2917061.0,0.0,0.0,0.0,0.0,31800.0,31900.0,31550.0,31750.0,31700.0,HSX_FOREIGN_API,HOSE_SYMBOL_LEVEL,VND,2026-08-25T04:25:44Z,ff_hsx_symbol_daily_v1,e394c08219d1eb18084f168b7adf43e13cd1f0f2c2a4a3267ad164aa9ffa6ee1
2026-06-17,TCB,HOSE,9280572500.0,200391315000.0,-191110742500.0,294150.0,6362700.0,-6068550.0,0.0,0.0,0.0,0.0,31750.0,31800.0,31350.0,31450.0,31500.0,HSX_FOREIGN_API,HOSE_SYMBOL_LEVEL,VND,2026-08-25T04:25:44Z,ff_hsx_symbol_daily_v1,1c2859e7fc1aff333241623ec9f9e29e6be7ade943a38b6b3798a6c9a6da59e6
2026-06-18,TCB,HOSE,63184755300.0,222485225000.0,-159300469700.0,2022680.0,7118700.0,-5096020.0,45926350000.0,45926350000.0,1470000.0,1470000.0,31450.0,31500.0,31150.0,31200.0,31250.0,HSX_FOREIGN_API,HOSE_SYMBOL_LEVEL,VND,2026-08-25T04:25:44Z,ff_hsx_symbol_daily_v1,917fd606ea81a6dd6852d9e419d09228812bae3f0758154a667ada8b257990b9
2026-06-19,TCB,HOSE,53241342800.0,181778880000.0,-128537537200.0,1716343.0,5861400.0,-4145057.0,15486000000.0,15486000000.0,500000.0,500000.0,31250.0,31300.0,30900.0,30950.0,31000.0,HSX_FOREIGN_API,HOSE_SYMBOL_LEVEL,VND,2026-08-25T04:25:44Z,ff_hsx_symbol_daily_v1,af8b2ef3c96983d81e9353e70430fc5889fa18754bd52b63a03dec8f4f541356
2026-06-22,TCB,HOSE,24026861650.0,70766198900.0,-46739337250.0,772419.0,2279241.0,-1506822.0,8068320000.0,8068320000.0,260000.0,260000.0,31150.0,31150.0,30900.0,30900.0,31050.0,HSX_FOREIGN_API,HOSE_SYMBOL_LEVEL,VND,2026-08-25T04:25:44Z,ff_hsx_symbol_daily_v1,f54bcfd2cc6036354cf89c4cdeb62c3b5d0085996e659c3296a7a4735717d439
2026-06-23,TCB,HOSE,85769773200.0,240228630000.0,-154458856800.0,2671210.0,7456000.0,-4784790.0,0.0,0.0,0.0,0.0,31000.0,33050.0,31000.0,32050.0,32200.0,HSX_FOREIGN_API,HOSE_SYMBOL_LEVEL,VND,2026-08-25T04:25:44Z,ff_hsx_symbol_daily_v1,40d4529a062a9b5f424c8921ffd80de9be19ded2459c60c603a79d0beb227623
2026-06-24,TCB,HOSE,108880148400.0,178736421000.0,-69856272600.0,3351459.0,5503920.0,-2152461.0,0.0,12900000000.0,0.0,400000.0,32500.0,32950.0,32000.0,32500.0,32500.0,HSX_FOREIGN_API,HOSE_SYMBOL_LEVEL,VND,2026-08-25T04:25:44Z,ff_hsx_symbol_daily_v1,78e1b9c383749b8562e207c29fb240d4a276586c9f78ddb93313c58592ea4d81
2026-06-25,TCB,HOSE,184237245300.0,175135155000.0,9102090300.0,5563841.0,5312410.0,251431.0,50247040000.0,128939840000.0,1510000.0,3910000.0,32700.0,33500.0,32450.0,33400.0,33100.0,HSX_FOREIGN_API,HOSE_SYMBOL_LEVEL,VND,2026-08-25T04:25:44Z,ff_hsx_symbol_daily_v1,b7af6fa915ccf61e39f1da3eb3aa7dea5acbc015c1f1b43db51df0eba7d1aa19
2026-06-26,TCB,HOSE,63533177550.0,82108929500.0,-18575751950.0,1914611.0,2480610.0,-565999.0,0.0,0.0,0.0,0.0,33400.0,33450.0,32900.0,33400.0,33100.0,HSX_FOREIGN_API,HOSE_SYMBOL_LEVEL,VND,2026-08-25T04:25:44Z,ff_hsx_symbol_daily_v1,9161ce8163128840504e1d7d7969b9f75669058ad779b4fd15ce60d4234f65c6
2026-06-29,TCB,HOSE,27681672000.0,68580890000.0,-40899218000.0,822910.0,2039900.0,-1216990.0,0.0,0.0,0.0,0.0,33300.0,33900.0,33250.0,33800.0,33650.0,HSX_FOREIGN_API,HOSE_SYMBOL_LEVEL,VND,2026-08-25T04:25:44Z,ff_hsx_symbol_daily_v1,e8005175058e30670fbdbcf01ce68e9ec0a3e82ba40e372b52161c966417c20a
2026-06-30,TCB,HOSE,39373387500.0,74738927500.0,-35365540000.0,1172300.0,2224800.0,-1052500.0,6241592500.0,6241592500.0,185900.0,185900.0,33850.0,33850.0,33450.0,33500.0,33600.0,HSX_FOREIGN_API,HOSE_SYMBOL_LEVEL,VND,2026-08-25T04:25:44Z,ff_hsx_symbol_daily_v1,f7ce3ac8fe215e555cb7b30b167e182875bfe5eaa5643512ecb9cd9955627a9a
2026-07-01,TCB,HOSE,40329035000.0,58014765000.0,-17685730000.0,1181700.0,1696500.0,-514800.0,0.0,0.0,0.0,0.0,33550.0,34500.0,33500.0,34300.0,34200.0,HSX_FOREIGN_API,HOSE_SYMBOL_LEVEL,VND,2026-08-25T04:25:44Z,ff_hsx_symbol_daily_v1,ff8fa5a00871b18915f443f40b4c85221c017d2f50c2f5504842f3605df07604
2026-07-02,TCB,HOSE,18872515000.0,100498194000.0,-81625679000.0,556240.0,2944220.0,-2387980.0,0.0,0.0,0.0,0.0,34350.0,34600.0,33800.0,33850.0,34100.0,HSX_FOREIGN_API,HOSE_SYMBOL_LEVEL,VND,2026-08-25T04:25:44Z,ff_hsx_symbol_daily_v1,fa49ea5d70716f7de46a637ce5c4e7fa2e6a45ee74772d66a4aac7e8fbc47933
2026-07-03,TCB,HOSE,45276613450.0,135079742000.0,-89803128550.0,1354078.0,4043530.0,-2689452.0,28752380000.0,28752380000.0,860000.0,860000.0,33950.0,33950.0,33200.0,33600.0,33450.0,HSX_FOREIGN_API,HOSE_SYMBOL_LEVEL,VND,2026-08-25T04:25:44Z,ff_hsx_symbol_daily_v1,fad008d3cec0ea936e15bbdfe1308e68f5394affd935ba55fb8eb0e86a823106
2026-07-06,TCB,HOSE,42575027900.0,31508785400.0,11066242500.0,1266800.0,934910.0,331890.0,9170082900.0,9170082900.0,272700.0,272700.0,33600.0,33950.0,33200.0,33750.0,33650.0,HSX_FOREIGN_API,HOSE_SYMBOL_LEVEL,VND,2026-08-25T04:25:44Z,ff_hsx_symbol_daily_v1,aa198c633ac92caeef678f29622eb1c5274d9ddfdd0367285b39ece9e2965bc7
2026-07-07,TCB,HOSE,70558865000.0,71339125000.0,-780260000.0,2097000.0,2121700.0,-24700.0,0.0,0.0,0.0,0.0,33750.0,33850.0,33350.0,33850.0,33650.0,HSX_FOREIGN_API,HOSE_SYMBOL_LEVEL,VND,2026-08-25T04:25:44Z,ff_hsx_symbol_daily_v1,b98473fd8a5cb092e3022002a297edbc4c97b3b698494d08be4b3e96a751905d
2026-07-08,TCB,HOSE,22986258500.0,135309993800.0,-112323735300.0,675010.0,3991232.0,-3316222.0,0.0,0.0,0.0,0.0,33850.0,34200.0,33750.0,33750.0,33950.0,HSX_FOREIGN_API,HOSE_SYMBOL_LEVEL,VND,2026-08-25T04:25:44Z,ff_hsx_symbol_daily_v1,c1a3dd2ef360f97f241503bb74a811dc819a903ba9f3b242d4f5af6039aeb67a
2026-07-09,TCB,HOSE,25712341000.0,115659080000.0,-89946739000.0,770115.0,3466400.0,-2696285.0,0.0,0.0,0.0,0.0,33550.0,33650.0,33150.0,33150.0,33350.0,HSX_FOREIGN_API,HOSE_SYMBOL_LEVEL,VND,2026-08-25T04:25:44Z,ff_hsx_symbol_daily_v1,cbb5b1b0f44f82ec581d52b3639609b7713b510b7ab466758e397fb9c65e7745
2026-07-10,TCB,HOSE,78671440837.0,112452825837.0,-33781385000.0,2378277.0,3406877.0,-1028600.0,31749105837.0,31749105837.0,937077.0,937077.0,33150.0,33200.0,32300.0,32400.0,32700.0,HSX_FOREIGN_API,HOSE_SYMBOL_LEVEL,VND,2026-08-25T04:25:44Z,ff_hsx_symbol_daily_v1,d0fe514ab7bfcf276663bc29995ca45798a7fd3a44a6e12036f236ee16873175
2026-07-13,TCB,HOSE,124843897050.0,76122867250.0,48721029800.0,3910301.0,2386785.0,1523516.0,0.0,0.0,0.0,0.0,32250.0,32350.0,31500.0,32350.0,31900.0,HSX_FOREIGN_API,HOSE_SYMBOL_LEVEL,VND,2026-08-25T04:25:44Z,ff_hsx_symbol_daily_v1,61b8dda9f3767561c9945f2cdcea0685789ec29150e0f079bf4a86c4b73b45d8
2026-07-14,TCB,HOSE,43370020000.0,86323995000.0,-42953975000.0,1349800.0,2701200.0,-1351400.0,0.0,0.0,0.0,0.0,32150.0,32300.0,31750.0,32200.0,32000.0,HSX_FOREIGN_API,HOSE_SYMBOL_LEVEL,VND,2026-08-25T04:25:44Z,ff_hsx_symbol_daily_v1,9e777c53e2f392413fbcbf0283353327b4250cd46147ba5aadeaf4006c57d745
2026-07-15,TCB,HOSE,21202954150.0,86223690000.0,-65020735850.0,665014.0,2711100.0,-2046086.0,0.0,0.0,0.0,0.0,32050.0,32200.0,31500.0,31500.0,31800.0,HSX_FOREIGN_API,HOSE_SYMBOL_LEVEL,VND,2026-08-25T04:25:44Z,ff_hsx_symbol_daily_v1,6af2766fe7049ae7bd6cbbd9e33a136690bb1c3ea60d2d36c442e2242319fa0b
2026-07-16,TCB,HOSE,41987175000.0,101990495000.0,-60003320000.0,1339000.0,3253600.0,-1914600.0,0.0,0.0,0.0,0.0,31300.0,31900.0,30750.0,31900.0,31300.0,HSX_FOREIGN_API,HOSE_SYMBOL_LEVEL,VND,2026-08-25T04:25:44Z,ff_hsx_symbol_daily_v1,621fb6c0517d79b8120f9507b4b8fc24798f476777cfe8a3f62b61fba9e0241d
2026-07-17,TCB,HOSE,13054530000.0,103701221400.0,-90646691400.0,411400.0,3278589.0,-2867189.0,0.0,0.0,0.0,0.0,31900.0,31900.0,31450.0,31450.0,31650.0,HSX_FOREIGN_API,HOSE_SYMBOL_LEVEL,VND,2026-08-25T04:25:44Z,ff_hsx_symbol_daily_v1,c198df4677f21f6f7bf8a8586d87a8f2275d48aae9fa1ebb0f6de2841b1eb68e
2026-07-20,TCB,HOSE,18663690500.0,42540105000.0,-23876414500.0,613700.0,1388100.0,-774400.0,8193715500.0,0.0,270500.0,0.0,31400.0,31400.0,29950.0,29950.0,30450.0,HSX_FOREIGN_API,HOSE_SYMBOL_LEVEL,VND,2026-08-25T04:25:44Z,ff_hsx_symbol_daily_v1,4ed87634a11dd1f23506a3a8dc624730e9ea8c96d25567a1363c55157c2545aa
2026-07-21,TCB,HOSE,42449220000.0,101592820000.0,-59143600000.0,1416700.0,3394900.0,-1978200.0,0.0,0.0,0.0,0.0,30000.0,30200.0,29600.0,29800.0,29900.0,HSX_FOREIGN_API,HOSE_SYMBOL_LEVEL,VND,2026-08-25T04:25:44Z,ff_hsx_symbol_daily_v1,a2b94a8d41ea612588f467be3506956b5460ca7cf63a860396d6ef601614b217
2026-07-22,TCB,HOSE,41849598000.0,108405835000.0,-66556237000.0,1406420.0,3643400.0,-2236980.0,0.0,0.0,0.0,0.0,29900.0,30300.0,29000.0,29000.0,29700.0,HSX_FOREIGN_API,HOSE_SYMBOL_LEVEL,VND,2026-08-25T04:25:44Z,ff_hsx_symbol_daily_v1,16862c8da0faaba5902f74701ee098e55d59d843b58e79c149af4debea0a53f7
2026-07-23,TCB,HOSE,40499880000.0,158345820000.0,-117845940000.0,1398700.0,5467900.0,-4069200.0,0.0,0.0,0.0,0.0,29050.0,29950.0,28350.0,29250.0,28950.0,HSX_FOREIGN_API,HOSE_SYMBOL_LEVEL,VND,2026-08-25T04:25:44Z,ff_hsx_symbol_daily_v1,0bbc882dec3622e7dd5a0b0f336de38c5dccc816b3e6cfed144c8bcfc0129f9f
2026-07-24,TCB,HOSE,47666981250.0,123751680000.0,-76084698750.0,1655531.0,4292400.0,-2636869.0,0.0,0.0,0.0,0.0,28900.0,29200.0,28500.0,28600.0,28800.0,HSX_FOREIGN_API,HOSE_SYMBOL_LEVEL,VND,2026-08-25T04:25:44Z,ff_hsx_symbol_daily_v1,4405b72824a0b771179581c42aa94e65a11be3c965a8d3f6c67dec022a8bf848
2026-07-27,TCB,HOSE,16566704800.0,88246955400.0,-71680250600.0,578041.0,3072056.0,-2494015.0,0.0,0.0,0.0,0.0,28700.0,29050.0,28250.0,28250.0,28650.0,HSX_FOREIGN_API,HOSE_SYMBOL_LEVEL,VND,2026-08-25T04:25:44Z,ff_hsx_symbol_daily_v1,b57fd2f4beff5dc1c8a9ad0febe1ad7016dd88e754dc50001b859540c414cca9
2026-07-28,TCB,HOSE,186753315000.0,227089465000.0,-40336150000.0,6579550.0,8005720.0,-1426170.0,143635840000.0,143635840000.0,5057600.0,5057600.0,28150.0,28600.0,27800.0,28500.0,28300.0,HSX_FOREIGN_API,HOSE_SYMBOL_LEVEL,VND,2026-08-25T04:25:44Z,ff_hsx_symbol_daily_v1,4fae407cb2a35e3fd7d9e0b4794acf2423c24f39c3febb56b362831aabb29dfe
2026-07-29,TCB,HOSE,36158336500.0,84838556300.0,-48680219800.0,1275919.0,2993254.0,-1717335.0,0.0,0.0,0.0,0.0,28150.0,28550.0,28150.0,28400.0,28350.0,HSX_FOREIGN_API,HOSE_SYMBOL_LEVEL,VND,2026-08-25T04:25:44Z,ff_hsx_symbol_daily_v1,cd3fc2cb28173d46099588d690e0d3652a1a7ad290930f24a3d92f75b72b5d3f
2026-07-30,TCB,HOSE,170156392000.0,314228163150.0,-144071771150.0,5859140.0,10836780.0,-4977640.0,96735005000.0,96735005000.0,3332900.0,3332900.0,28600.0,29750.0,28400.0,29300.0,29000.0,HSX_FOREIGN_API,HOSE_SYMBOL_LEVEL,VND,2026-08-25T04:25:44Z,ff_hsx_symbol_daily_v1,8c0fcd2ce4bb7e7135286f4bad935bcb59a29e9d3baedd3fbd6e7886085c129c
2026-07-31,TCB,HOSE,26914501000.0,98715500000.0,-71800999000.0,923760.0,3378700.0,-2454940.0,0.0,0.0,0.0,0.0,29550.0,29550.0,28950.0,28950.0,29200.0,HSX_FOREIGN_API,HOSE_SYMBOL_LEVEL,VND,2026-08-25T04:25:44Z,ff_hsx_symbol_daily_v1,81fe4561ebbaacd6f3d49deb3839448f807867f027e58bbb831c3a764dd5f150
2026-08-03,TCB,HOSE,13904920000.0,85433985000.0,-71529065000.0,470800.0,2882700.0,-2411900.0,0.0,0.0,0.0,0.0,29150.0,30300.0,29150.0,29950.0,29650.0,HSX_FOREIGN_API,HOSE_SYMBOL_LEVEL,VND,2026-08-25T04:25:44Z,ff_hsx_symbol_daily_v1,a74442100b5531f11ffbd8e82530fa4f72d7af4adc27d23abc544b0ef65fd032
2026-08-04,TCB,HOSE,8636070000.0,69684845250.0,-61048775250.0,290950.0,2346539.0,-2055589.0,0.0,0.0,0.0,0.0,29900.0,29950.0,29550.0,29650.0,29700.0,HSX_FOREIGN_API,HOSE_SYMBOL_LEVEL,VND,2026-08-25T04:25:44Z,ff_hsx_symbol_daily_v1,b1b1331fa9506e293bc628cf9ef5806d510633659941c0231e7989ad176ad6a3
2026-08-05,TCB,HOSE,72318125050.0,85417515000.0,-13099389950.0,2435301.0,2871171.0,-435870.0,0.0,0.0,0.0,0.0,29900.0,30050.0,29550.0,29650.0,29750.0,HSX_FOREIGN_API,HOSE_SYMBOL_LEVEL,VND,2026-08-25T04:25:44Z,ff_hsx_symbol_daily_v1,9e24f278c08216e023b8c8bb1c3975e10772ec60b72aa6750586e7d0dd2ff41e
2026-08-06,TCB,HOSE,72869080800.0,102262870000.0,-29393789200.0,2475579.0,3474400.0,-998821.0,0.0,0.0,0.0,0.0,29700.0,29750.0,29200.0,29200.0,29400.0,HSX_FOREIGN_API,HOSE_SYMBOL_LEVEL,VND,2026-08-25T04:25:44Z,ff_hsx_symbol_daily_v1,bc04c280242cdb301fc70133b681e2ee9ffdf6b07745f286364eb1a448d7f8a4
2026-08-07,TCB,HOSE,31253030000.0,250187500000.0,-218934470000.0,1070900.0,8570300.0,-7499400.0,0.0,0.0,0.0,0.0,29150.0,29700.0,28900.0,29700.0,29200.0,HSX_FOREIGN_API,HOSE_SYMBOL_LEVEL,VND,2026-08-25T04:25:44Z,ff_hsx_symbol_daily_v1,3811b12627eda37dcff723b15d2ca89fd731b26cf67ea9c2f986b1e5c823b210
2026-08-10,TCB,HOSE,31485796250.0,390872220000.0,-359386423750.0,1039175.0,12829500.0,-11790325.0,0.0,0.0,0.0,0.0,29700.0,31350.0,29500.0,31350.0,30550.0,HSX_FOREIGN_API,HOSE_SYMBOL_LEVEL,VND,2026-08-25T04:25:44Z,ff_hsx_symbol_daily_v1,6540e327291dbf34b5c236db747e1bdcedf029fdbd50d861b32e63b682d1ed79
2026-08-11,TCB,HOSE,12803885000.0,234589375000.0,-221785490000.0,410000.0,7537300.0,-7127300.0,0.0,6218800000.0,0.0,200000.0,31150.0,31550.0,30700.0,31000.0,31100.0,HSX_FOREIGN_API,HOSE_SYMBOL_LEVEL,VND,2026-08-25T04:25:44Z,ff_hsx_symbol_daily_v1,45196764addefa6b98daaf73861dd2fbd565fcd04776df6dad86bc87e375c1a3
2026-08-12,TCB,HOSE,37037236600.0,88807045000.0,-51769808400.0,1190706.0,2849900.0,-1659194.0,0.0,4685700000.0,0.0,150000.0,31000.0,31500.0,30900.0,31500.0,31200.0,HSX_FOREIGN_API,HOSE_SYMBOL_LEVEL,VND,2026-08-25T04:25:44Z,ff_hsx_symbol_daily_v1,ec84e2ea9c924c991fc1dc93ccdcd2e7a266b38e47587efe2f7b91e0a54c9dfc
2026-08-13,TCB,HOSE,65573013600.0,235757455000.0,-170184441400.0,2060364.0,7414200.0,-5353836.0,0.0,0.0,0.0,0.0,31500.0,32100.0,31300.0,31700.0,31800.0,HSX_FOREIGN_API,HOSE_SYMBOL_LEVEL,VND,2026-08-25T04:25:44Z,ff_hsx_symbol_daily_v1,8b8512788478074615b2cea97759d31d94ba8a31ae709494f9f8be6aa945b866
2026-08-14,TCB,HOSE,121979590800.0,31520560000.0,90459030800.0,3833331.0,989700.0,2843631.0,0.0,0.0,0.0,0.0,31700.0,32150.0,31450.0,32000.0,31850.0,HSX_FOREIGN_API,HOSE_SYMBOL_LEVEL,VND,2026-08-25T04:25:44Z,ff_hsx_symbol_daily_v1,8d6bfdd8d940bf07f6328b4ac98df2f0c021b0d705e63b59e9192a206e899257
2026-08-17,TCB,HOSE,78557479500.0,19051510000.0,59505969500.0,2472985.0,599400.0,1873585.0,0.0,0.0,0.0,0.0,31850.0,32050.0,31600.0,31800.0,31800.0,HSX_FOREIGN_API,HOSE_SYMBOL_LEVEL,VND,2026-08-25T04:25:44Z,ff_hsx_symbol_daily_v1,9c29d0bf8381d94c1ce8dff22551ddf46c819685348ae17df7646412e0dd2277
2026-08-18,TCB,HOSE,25998220000.0,16694915000.0,9303305000.0,838100.0,534200.0,303900.0,0.0,0.0,0.0,0.0,31850.0,31850.0,30600.0,30850.0,31100.0,HSX_FOREIGN_API,HOSE_SYMBOL_LEVEL,VND,2026-08-25T04:25:44Z,ff_hsx_symbol_daily_v1,6b18cdf444b6032c355bf77c018feb70a26c1515d39c0a0af3026624f6fd5c84
2026-08-19,TCB,HOSE,27976921650.0,13441850000.0,14535071650.0,907772.0,435400.0,472372.0,0.0,0.0,0.0,0.0,30650.0,31100.0,30650.0,31000.0,30850.0,HSX_FOREIGN_API,HOSE_SYMBOL_LEVEL,VND,2026-08-25T04:25:44Z,ff_hsx_symbol_daily_v1,a319b08d5483c5f277f95e60e379e629cd89c122cdf1bf01a28f3ab4ffb7d8ac
2026-08-20,TCB,HOSE,16969455100.0,8417409800.0,8552045300.0,547358.0,272004.0,275354.0,0.0,0.0,0.0,0.0,31200.0,31300.0,30850.0,31000.0,31000.0,HSX_FOREIGN_API,HOSE_SYMBOL_LEVEL,VND,2026-08-25T04:25:44Z,ff_hsx_symbol_daily_v1,afc83cd495ea17f283cfd0fa4306367e7573c650f5366f680ce68ef8dad8d0c7
2026-08-21,TCB,HOSE,12874028700.0,13004370000.0,-130341300.0,411675.0,417600.0,-5925.0,0.0,0.0,0.0,0.0,30800.0,31700.0,30750.0,31650.0,31300.0,HSX_FOREIGN_API,HOSE_SYMBOL_LEVEL,VND,2026-08-25T04:25:44Z,ff_hsx_symbol_daily_v1,1c532aa41d7f5057f66c33640348431e1d4226c78055819bef04e5d5a498f398
2026-08-24,TCB,HOSE,34648282600.0,10948853000.0,23699429600.0,1095590.0,345362.0,750228.0,0.0,0.0,0.0,0.0,31650.0,31900.0,31450.0,31450.0,31600.0,HSX_FOREIGN_API,HOSE_SYMBOL_LEVEL,VND,2026-08-25T04:25:44Z,ff_hsx_symbol_daily_v1,4fd64fa98bc113933928e4876e797a00d0c9d1b011dbcf42364e5563168f81ad
