observation_id,decision_id,decision_status,trade_date,recorded_at,module_version,brain_generation,feature_version,symbol,price,health_group,health_score,health_rank,action,reason,rsi14,rsi_slope,rs5,rs10,rs_spread,ema9,ma20,ema9_ma20_slope,ema9_ma20_slope_change,price_vs_ema9_pct,price_vs_ma20_pct,obv_status,volume,vol_ma20,volume_ratio20,dist_from_ema9_pct,near_bottom_20_pct,near_bottom_60_pct,dist_high20,green2,early,pull,group,sector,ema9_slope,ma20_slope,obv,obv_ema9,volume_ratio,dryup,near_bottom20,near_bottom60,leader_score,storm_score,evolution_score,total_score,group_rank,market_real,market_score,market_live,market_forecast,breadth,market_regime,stock_pattern_key,market_context_key,p_health,p_rsi,p_rs10,p_rs_spread,p_slope,p_volume,p_obv,p_green2,p_early,p_pull,p_dryup,p_leader,p_forecast,p_breadth,p_market,pattern_key,pattern_key_v2,pattern_key_v2_frozen,pattern_algorithm_version,frozen_at
5fad9197065c6fd1,5fad9197065c6fd1,PENDING_OUTCOME,2026-08-13,2026-08-13T08:54:37Z,4.0.0,GEN3_EXPERIENCE,DECISION_CONTEXT_V1,PVT,20000.0,🌱 ĐANG HỒI,84.9,0.0,🟢 MUA / GIỮ,Xu hướng lên + OBV tốt + RS mạnh,62.79,3.5,12.04,10.19,1.85,19114.85,17970.0,6.37,3.49,4.630692890606003,11.296605453533658,🟢,5703800.0,3912685.0,1.4577713258286829,4.63,22.7,22.7,-2.44,False,False,False,MUA EARLY,,,,17224400.0,9889692.0,,False,,,58.84,3.5,-10.3,6.0,5.0,7.0,7.0,8.6,1.7,39.0,🔴 Forecast rủi ro,RECOVERING|60-65|>=10|0-2|STRONG_POS|POSITIVE|1.2-1.5|NO_G2|NO_EARLY|NO_PULL|NO_DRYUP|40-60,<4|20-40|6-8,RECOVERING,60-65,>=10,0-2,STRONG_POS,1.2-1.5,POSITIVE,NO_G2,NO_EARLY,NO_PULL,NO_DRYUP,40-60,<4,20-40,6-8,CTX[<4|20-40|6-8]::DNA[RECOVERING|60-65|>=10|0-2|STRONG_POS|POSITIVE|1.2-1.5|NO_G2|NO_EARLY|NO_PULL|NO_DRYUP|40-60],CTX[<4|20-40|6-8]::DNA[RECOVERING|60-65|>=10|0-2|STRONG_POS|POSITIVE|1.2-1.5|NO_G2|NO_EARLY|NO_PULL|NO_DRYUP|40-60],CTX[<4|20-40|6-8]::DNA[RECOVERING|60-65|>=10|0-2|STRONG_POS|POSITIVE|1.2-1.5|NO_G2|NO_EARLY|NO_PULL|NO_DRYUP|40-60],V4,2026-08-13T08:54:40Z
a99142effd8f95aa,a99142effd8f95aa,PENDING_OUTCOME,2026-08-13,2026-08-13T08:54:37Z,4.0.0,GEN3_EXPERIENCE,DECISION_CONTEXT_V1,GAS,77900.0,🌱 ĐANG HỒI,83.6,0.0,🟢 MUA / GIỮ,Xu hướng lên + OBV tốt + Vol xác nhận,57.95,-6.82,11.6,13.39,-1.790000000000001,75412.57,71300.0,5.77,3.97,3.298428895872396,9.256661991584858,🟢,1362623.0,1434231.0,0.9500721989693433,3.3,20.96,20.96,-3.35,False,False,False,MUA EARLY,,,,40928777.0,39938821.0,,False,,,58.7,5.0,-18.5,8.0,5.0,7.0,7.0,8.6,1.7,39.0,🔴 Forecast rủi ro,RECOVERING|55-60|>=10|-2-0|STRONG_POS|POSITIVE|0.7-1.0|NO_G2|NO_EARLY|NO_PULL|NO_DRYUP|40-60,<4|20-40|6-8,RECOVERING,55-60,>=10,-2-0,STRONG_POS,0.7-1.0,POSITIVE,NO_G2,NO_EARLY,NO_PULL,NO_DRYUP,40-60,<4,20-40,6-8,CTX[<4|20-40|6-8]::DNA[RECOVERING|55-60|>=10|-2-0|STRONG_POS|POSITIVE|0.7-1.0|NO_G2|NO_EARLY|NO_PULL|NO_DRYUP|40-60],CTX[<4|20-40|6-8]::DNA[RECOVERING|55-60|>=10|-2-0|STRONG_POS|POSITIVE|0.7-1.0|NO_G2|NO_EARLY|NO_PULL|NO_DRYUP|40-60],CTX[<4|20-40|6-8]::DNA[RECOVERING|55-60|>=10|-2-0|STRONG_POS|POSITIVE|0.7-1.0|NO_G2|NO_EARLY|NO_PULL|NO_DRYUP|40-60],V4,2026-08-13T08:54:40Z
471b5594725d875a,471b5594725d875a,PENDING_OUTCOME,2026-08-13,2026-08-13T08:54:37Z,4.0.0,GEN3_EXPERIENCE,DECISION_CONTEXT_V1,BSR,26500.0,🌱 ĐANG HỒI,83.6,0.0,🟢 MUA / GIỮ,OBV tốt + Xu hướng lên + Vol xác nhận,58.82,-1.65,6.98,4.29,2.6900000000000004,25813.41,24745.5,4.32,2.1,2.659819063037383,7.090178012163828,🟢,9703200.0,8971160.0,1.0815992580669611,2.66,16.53,16.53,-2.72,False,False,False,MUA EARLY,,,,660527300.0,647890238.0,,False,,,57.54,0.5,-14.0,7.0,5.0,7.0,7.0,8.6,1.7,39.0,🔴 Forecast rủi ro,RECOVERING|55-60|2-5|2-5|STRONG_POS|POSITIVE|1.0-1.2|NO_G2|NO_EARLY|NO_PULL|NO_DRYUP|40-60,<4|20-40|6-8,RECOVERING,55-60,2-5,2-5,STRONG_POS,1.0-1.2,POSITIVE,NO_G2,NO_EARLY,NO_PULL,NO_DRYUP,40-60,<4,20-40,6-8,CTX[<4|20-40|6-8]::DNA[RECOVERING|55-60|2-5|2-5|STRONG_POS|POSITIVE|1.0-1.2|NO_G2|NO_EARLY|NO_PULL|NO_DRYUP|40-60],CTX[<4|20-40|6-8]::DNA[RECOVERING|55-60|2-5|2-5|STRONG_POS|POSITIVE|1.0-1.2|NO_G2|NO_EARLY|NO_PULL|NO_DRYUP|40-60],CTX[<4|20-40|6-8]::DNA[RECOVERING|55-60|2-5|2-5|STRONG_POS|POSITIVE|1.0-1.2|NO_G2|NO_EARLY|NO_PULL|NO_DRYUP|40-60],V4,2026-08-13T08:54:40Z
4085c94b94b51b4d,4085c94b94b51b4d,PENDING_OUTCOME,2026-08-13,2026-08-13T08:54:37Z,4.0.0,GEN3_EXPERIENCE,DECISION_CONTEXT_V1,VTP,54100.0,🌱 ĐANG HỒI,82.1,0.0,🟢 MUA / GIỮ,Xu hướng lên + OBV tốt + Vol xác nhận,60.54,0.11,8.42,15.11,-6.69,52314.36,49495.0,5.7,3.4,3.413288435527062,9.303970097989689,🟢,706800.0,621250.0,1.1377062374245472,3.41,20.76,20.76,-2.7,False,False,False,MUA EARLY,,,,10417400.0,8564945.0,,False,,,58.97,3.5,-10.4,8.0,5.0,7.0,7.0,8.6,1.7,39.0,🔴 Forecast rủi ro,RECOVERING|60-65|>=10|<-2|STRONG_POS|POSITIVE|1.0-1.2|NO_G2|NO_EARLY|NO_PULL|NO_DRYUP|40-60,<4|20-40|6-8,RECOVERING,60-65,>=10,<-2,STRONG_POS,1.0-1.2,POSITIVE,NO_G2,NO_EARLY,NO_PULL,NO_DRYUP,40-60,<4,20-40,6-8,CTX[<4|20-40|6-8]::DNA[RECOVERING|60-65|>=10|<-2|STRONG_POS|POSITIVE|1.0-1.2|NO_G2|NO_EARLY|NO_PULL|NO_DRYUP|40-60],CTX[<4|20-40|6-8]::DNA[RECOVERING|60-65|>=10|<-2|STRONG_POS|POSITIVE|1.0-1.2|NO_G2|NO_EARLY|NO_PULL|NO_DRYUP|40-60],CTX[<4|20-40|6-8]::DNA[RECOVERING|60-65|>=10|<-2|STRONG_POS|POSITIVE|1.0-1.2|NO_G2|NO_EARLY|NO_PULL|NO_DRYUP|40-60],V4,2026-08-13T08:54:40Z
81c52673debf2483,81c52673debf2483,PENDING_OUTCOME,2026-08-13,2026-08-13T08:54:37Z,4.0.0,GEN3_EXPERIENCE,DECISION_CONTEXT_V1,OCB,11000.0,🌱 ĐANG HỒI,81.7,0.0,🟢 MUA / GIỮ,OBV tốt + RSI cải thiện + Xu hướng lên,61.84,6.33,6.28,6.28,0.0,10664.19,10405.0,2.49,2.42,3.148949896804165,5.71840461316675,🟢,3195800.0,2618650.0,1.2203998243369676,3.15,10.0,13.99,-0.9,False,False,False,GÀ TĂNG TỐC,,,,119582100.0,108387632.0,,False,,,61.76,20.5,-3.6,11.0,0.0,7.0,7.0,8.6,1.7,39.0,🔴 Forecast rủi ro,RECOVERING|60-65|5-10|0-2|STRONG_POS|POSITIVE|1.2-1.5|NO_G2|NO_EARLY|NO_PULL|NO_DRYUP|60-75,<4|20-40|6-8,RECOVERING,60-65,5-10,0-2,STRONG_POS,1.2-1.5,POSITIVE,NO_G2,NO_EARLY,NO_PULL,NO_DRYUP,60-75,<4,20-40,6-8,CTX[<4|20-40|6-8]::DNA[RECOVERING|60-65|5-10|0-2|STRONG_POS|POSITIVE|1.2-1.5|NO_G2|NO_EARLY|NO_PULL|NO_DRYUP|60-75],CTX[<4|20-40|6-8]::DNA[RECOVERING|60-65|5-10|0-2|STRONG_POS|POSITIVE|1.2-1.5|NO_G2|NO_EARLY|NO_PULL|NO_DRYUP|60-75],CTX[<4|20-40|6-8]::DNA[RECOVERING|60-65|5-10|0-2|STRONG_POS|POSITIVE|1.2-1.5|NO_G2|NO_EARLY|NO_PULL|NO_DRYUP|60-75],V4,2026-08-13T08:54:40Z
b1aa1321230fc074,b1aa1321230fc074,PENDING_OUTCOME,2026-08-13,2026-08-13T08:54:37Z,4.0.0,GEN3_EXPERIENCE,DECISION_CONTEXT_V1,SZC,19950.0,🌱 ĐANG HỒI,80.0,0.0,🟢 MUA / GIỮ,OBV tốt + Xu hướng lên + Vị trí giá tốt,52.43,-5.04,9.92,11.14,-1.2200000000000006,19471.56,18795.0,3.6,3.17,2.4571220795868376,6.145251396648055,🟢,619455.0,472163.0,1.3119515929880148,2.46,16.33,16.33,-3.39,False,False,False,MUA EARLY,,,,-21421655.0,-21672053.0,,False,,,57.3,2.0,-10.1,5.0,5.0,7.0,7.0,8.6,1.7,39.0,🔴 Forecast rủi ro,RECOVERING|50-55|>=10|-2-0|STRONG_POS|POSITIVE|1.2-1.5|NO_G2|NO_EARLY|NO_PULL|NO_DRYUP|40-60,<4|20-40|6-8,RECOVERING,50-55,>=10,-2-0,STRONG_POS,1.2-1.5,POSITIVE,NO_G2,NO_EARLY,NO_PULL,NO_DRYUP,40-60,<4,20-40,6-8,CTX[<4|20-40|6-8]::DNA[RECOVERING|50-55|>=10|-2-0|STRONG_POS|POSITIVE|1.2-1.5|NO_G2|NO_EARLY|NO_PULL|NO_DRYUP|40-60],CTX[<4|20-40|6-8]::DNA[RECOVERING|50-55|>=10|-2-0|STRONG_POS|POSITIVE|1.2-1.5|NO_G2|NO_EARLY|NO_PULL|NO_DRYUP|40-60],CTX[<4|20-40|6-8]::DNA[RECOVERING|50-55|>=10|-2-0|STRONG_POS|POSITIVE|1.2-1.5|NO_G2|NO_EARLY|NO_PULL|NO_DRYUP|40-60],V4,2026-08-13T08:54:40Z
886bf1a2a19cc4fe,886bf1a2a19cc4fe,PENDING_OUTCOME,2026-08-13,2026-08-13T08:54:37Z,4.0.0,GEN3_EXPERIENCE,DECISION_CONTEXT_V1,GIL,8500.0,🌱 ĐANG HỒI,79.9,0.0,🟢 MUA / GIỮ,Xu hướng lên + OBV tốt + RSI cải thiện,51.76,3.92,8.14,26.87,-18.73,8077.6,7392.95,9.26,7.13,5.229276022580964,14.974401287713302,🟢,291600.0,339765.0,0.8582402542934087,5.23,29.77,29.77,-8.21,False,False,False,MUA EARLY,,,,-4435800.0,-4834589.0,,False,,,58.57,9.5,-1.7,7.0,5.0,7.0,7.0,8.6,1.7,39.0,🔴 Forecast rủi ro,RECOVERING|50-55|>=10|<-2|STRONG_POS|POSITIVE|0.7-1.0|NO_G2|NO_EARLY|NO_PULL|NO_DRYUP|40-60,<4|20-40|6-8,RECOVERING,50-55,>=10,<-2,STRONG_POS,0.7-1.0,POSITIVE,NO_G2,NO_EARLY,NO_PULL,NO_DRYUP,40-60,<4,20-40,6-8,CTX[<4|20-40|6-8]::DNA[RECOVERING|50-55|>=10|<-2|STRONG_POS|POSITIVE|0.7-1.0|NO_G2|NO_EARLY|NO_PULL|NO_DRYUP|40-60],CTX[<4|20-40|6-8]::DNA[RECOVERING|50-55|>=10|<-2|STRONG_POS|POSITIVE|0.7-1.0|NO_G2|NO_EARLY|NO_PULL|NO_DRYUP|40-60],CTX[<4|20-40|6-8]::DNA[RECOVERING|50-55|>=10|<-2|STRONG_POS|POSITIVE|0.7-1.0|NO_G2|NO_EARLY|NO_PULL|NO_DRYUP|40-60],V4,2026-08-13T08:54:40Z
cd383022e2d30cc4,cd383022e2d30cc4,PENDING_OUTCOME,2026-08-13,2026-08-13T08:54:37Z,4.0.0,GEN3_EXPERIENCE,DECISION_CONTEXT_V1,FCN,11350.0,🌱 ĐANG HỒI,79.6,0.0,🟢 MUA / GIỮ,OBV tốt + RSI cải thiện + Vol xác nhận,56.44,8.73,4.13,5.58,-1.4500000000000002,11071.13,10865.0,1.9,1.87,2.518893735327832,4.463874827427516,🟢,535700.0,452790.0,1.1831091676052916,2.52,9.13,9.13,-1.3,False,False,False,MUA EARLY,,,,38404700.0,37318169.0,,False,,,57.03,8.0,-10.1,7.0,5.0,7.0,7.0,8.6,1.7,39.0,🔴 Forecast rủi ro,RECOVERING|55-60|5-10|-2-0|STRONG_POS|POSITIVE|1.0-1.2|NO_G2|NO_EARLY|NO_PULL|NO_DRYUP|40-60,<4|20-40|6-8,RECOVERING,55-60,5-10,-2-0,STRONG_POS,1.0-1.2,POSITIVE,NO_G2,NO_EARLY,NO_PULL,NO_DRYUP,40-60,<4,20-40,6-8,CTX[<4|20-40|6-8]::DNA[RECOVERING|55-60|5-10|-2-0|STRONG_POS|POSITIVE|1.0-1.2|NO_G2|NO_EARLY|NO_PULL|NO_DRYUP|40-60],CTX[<4|20-40|6-8]::DNA[RECOVERING|55-60|5-10|-2-0|STRONG_POS|POSITIVE|1.0-1.2|NO_G2|NO_EARLY|NO_PULL|NO_DRYUP|40-60],CTX[<4|20-40|6-8]::DNA[RECOVERING|55-60|5-10|-2-0|STRONG_POS|POSITIVE|1.0-1.2|NO_G2|NO_EARLY|NO_PULL|NO_DRYUP|40-60],V4,2026-08-13T08:54:40Z
888f9427bf58040d,888f9427bf58040d,PENDING_OUTCOME,2026-08-13,2026-08-13T08:54:37Z,4.0.0,GEN3_EXPERIENCE,DECISION_CONTEXT_V1,DRI,13500.0,🌱 ĐANG HỒI,79.1,0.0,🟢 MUA / GIỮ,OBV tốt + RSI cải thiện + Vị trí giá tốt,56.6,5.0,3.85,3.85,0.0,13278.5,12985.0,2.26,1.37,1.6681101027977483,3.966114747785898,🟢,631600.0,468305.0,1.348693693212757,1.67,8.0,8.0,-1.46,False,False,False,PULL VỪA,,,,39357400.0,38696483.0,,False,,,57.55,0.5,-6.0,5.0,4.0,7.0,7.0,8.6,1.7,39.0,🔴 Forecast rủi ro,RECOVERING|55-60|2-5|0-2|STRONG_POS|POSITIVE|1.2-1.5|NO_G2|NO_EARLY|NO_PULL|NO_DRYUP|40-60,<4|20-40|6-8,RECOVERING,55-60,2-5,0-2,STRONG_POS,1.2-1.5,POSITIVE,NO_G2,NO_EARLY,NO_PULL,NO_DRYUP,40-60,<4,20-40,6-8,CTX[<4|20-40|6-8]::DNA[RECOVERING|55-60|2-5|0-2|STRONG_POS|POSITIVE|1.2-1.5|NO_G2|NO_EARLY|NO_PULL|NO_DRYUP|40-60],CTX[<4|20-40|6-8]::DNA[RECOVERING|55-60|2-5|0-2|STRONG_POS|POSITIVE|1.2-1.5|NO_G2|NO_EARLY|NO_PULL|NO_DRYUP|40-60],CTX[<4|20-40|6-8]::DNA[RECOVERING|55-60|2-5|0-2|STRONG_POS|POSITIVE|1.2-1.5|NO_G2|NO_EARLY|NO_PULL|NO_DRYUP|40-60],V4,2026-08-13T08:54:40Z
fdb0e5dbb337f8c9,fdb0e5dbb337f8c9,PENDING_OUTCOME,2026-08-13,2026-08-13T08:54:37Z,4.0.0,GEN3_EXPERIENCE,DECISION_CONTEXT_V1,PLC,20300.0,🌱 ĐANG HỒI,78.9,0.0,🟢 MUA / GIỮ,OBV tốt + Xu hướng lên + Vị trí giá tốt,54.92,-3.96,4.64,5.18,-0.54,20011.35,19160.0,4.44,1.99,1.4424314201690658,5.949895615866385,🟢,109400.0,129805.0,0.8428026655367666,1.44,14.69,14.69,-2.87,False,False,False,MUA EARLY,,,,18649400.0,18500685.0,,False,,,56.8,0.5,-14.0,7.0,5.0,7.0,7.0,8.6,1.7,39.0,🔴 Forecast rủi ro,RECOVERING|50-55|5-10|-2-0|STRONG_POS|POSITIVE|0.7-1.0|NO_G2|NO_EARLY|NO_PULL|NO_DRYUP|40-60,<4|20-40|6-8,RECOVERING,50-55,5-10,-2-0,STRONG_POS,0.7-1.0,POSITIVE,NO_G2,NO_EARLY,NO_PULL,NO_DRYUP,40-60,<4,20-40,6-8,CTX[<4|20-40|6-8]::DNA[RECOVERING|50-55|5-10|-2-0|STRONG_POS|POSITIVE|0.7-1.0|NO_G2|NO_EARLY|NO_PULL|NO_DRYUP|40-60],CTX[<4|20-40|6-8]::DNA[RECOVERING|50-55|5-10|-2-0|STRONG_POS|POSITIVE|0.7-1.0|NO_G2|NO_EARLY|NO_PULL|NO_DRYUP|40-60],CTX[<4|20-40|6-8]::DNA[RECOVERING|50-55|5-10|-2-0|STRONG_POS|POSITIVE|0.7-1.0|NO_G2|NO_EARLY|NO_PULL|NO_DRYUP|40-60],V4,2026-08-13T08:54:40Z
3bbb3bddecaec182,3bbb3bddecaec182,PENDING_OUTCOME,2026-08-13,2026-08-13T08:54:37Z,4.0.0,GEN3_EXPERIENCE,DECISION_CONTEXT_V1,PLX,35600.0,🌱 ĐANG HỒI,78.8,0.0,🟢 MUA / GIỮ,OBV tốt + Xu hướng lên + Vol xác nhận,54.87,-11.13,5.64,8.94,-3.3,35331.58,33609.0,5.13,1.89,0.7597169444445884,5.924008450117535,🟢,2349400.0,2374690.0,0.9893501888667572,0.76,12.94,12.94,-6.32,False,False,False,MUA EARLY,,,,61602700.0,59235637.0,,False,,,57.22,0.5,-5.1,7.0,5.0,7.0,7.0,8.6,1.7,39.0,🔴 Forecast rủi ro,RECOVERING|50-55|5-10|<-2|STRONG_POS|POSITIVE|0.7-1.0|NO_G2|NO_EARLY|NO_PULL|NO_DRYUP|40-60,<4|20-40|6-8,RECOVERING,50-55,5-10,<-2,STRONG_POS,0.7-1.0,POSITIVE,NO_G2,NO_EARLY,NO_PULL,NO_DRYUP,40-60,<4,20-40,6-8,CTX[<4|20-40|6-8]::DNA[RECOVERING|50-55|5-10|<-2|STRONG_POS|POSITIVE|0.7-1.0|NO_G2|NO_EARLY|NO_PULL|NO_DRYUP|40-60],CTX[<4|20-40|6-8]::DNA[RECOVERING|50-55|5-10|<-2|STRONG_POS|POSITIVE|0.7-1.0|NO_G2|NO_EARLY|NO_PULL|NO_DRYUP|40-60],CTX[<4|20-40|6-8]::DNA[RECOVERING|50-55|5-10|<-2|STRONG_POS|POSITIVE|0.7-1.0|NO_G2|NO_EARLY|NO_PULL|NO_DRYUP|40-60],V4,2026-08-13T08:54:40Z
1846b6853488cab5,1846b6853488cab5,PENDING_OUTCOME,2026-08-13,2026-08-13T08:54:37Z,4.0.0,GEN3_EXPERIENCE,DECISION_CONTEXT_V1,IJC,7700.0,🌱 ĐANG HỒI,78.1,0.0,🟢 MUA / GIỮ,OBV tốt + Xu hướng lên + Vol xác nhận,49.01,-6.29,6.65,6.94,-0.29,7624.3,7364.0,3.53,3.01,0.9928780347048248,4.562737642585546,🟢,2747900.0,2393015.0,1.1483003658564614,0.99,15.1,15.1,-5.97,False,False,False,MUA EARLY,,,,-33998000.0,-34392153.0,,False,,,56.22,5.0,-19.0,7.0,5.0,7.0,7.0,8.6,1.7,39.0,🔴 Forecast rủi ro,RECOVERING|45-50|5-10|-2-0|STRONG_POS|POSITIVE|1.0-1.2|NO_G2|NO_EARLY|NO_PULL|NO_DRYUP|40-60,<4|20-40|6-8,RECOVERING,45-50,5-10,-2-0,STRONG_POS,1.0-1.2,POSITIVE,NO_G2,NO_EARLY,NO_PULL,NO_DRYUP,40-60,<4,20-40,6-8,CTX[<4|20-40|6-8]::DNA[RECOVERING|45-50|5-10|-2-0|STRONG_POS|POSITIVE|1.0-1.2|NO_G2|NO_EARLY|NO_PULL|NO_DRYUP|40-60],CTX[<4|20-40|6-8]::DNA[RECOVERING|45-50|5-10|-2-0|STRONG_POS|POSITIVE|1.0-1.2|NO_G2|NO_EARLY|NO_PULL|NO_DRYUP|40-60],CTX[<4|20-40|6-8]::DNA[RECOVERING|45-50|5-10|-2-0|STRONG_POS|POSITIVE|1.0-1.2|NO_G2|NO_EARLY|NO_PULL|NO_DRYUP|40-60],V4,2026-08-13T08:54:40Z
48dad5e2c4b4998b,48dad5e2c4b4998b,PENDING_OUTCOME,2026-08-13,2026-08-13T08:54:37Z,4.0.0,GEN3_EXPERIENCE,DECISION_CONTEXT_V1,DPG,30600.0,🌱 ĐANG HỒI,77.4,0.0,🟢 MUA / GIỮ,Xu hướng lên + OBV tốt + Vị trí giá tốt,48.6,1.85,3.03,8.9,-5.870000000000001,30078.2,28795.0,4.46,2.77,1.734811258652447,6.268449383573538,🟢,295815.0,410851.0,0.7200055494571025,1.73,17.47,17.47,-5.12,False,False,False,MUA EARLY,,,,22461285.0,22328783.0,,False,,,56.06,6.0,-1.7,8.0,5.0,7.0,7.0,8.6,1.7,39.0,🔴 Forecast rủi ro,RECOVERING|45-50|5-10|<-2|STRONG_POS|POSITIVE|0.7-1.0|NO_G2|NO_EARLY|NO_PULL|NO_DRYUP|40-60,<4|20-40|6-8,RECOVERING,45-50,5-10,<-2,STRONG_POS,0.7-1.0,POSITIVE,NO_G2,NO_EARLY,NO_PULL,NO_DRYUP,40-60,<4,20-40,6-8,CTX[<4|20-40|6-8]::DNA[RECOVERING|45-50|5-10|<-2|STRONG_POS|POSITIVE|0.7-1.0|NO_G2|NO_EARLY|NO_PULL|NO_DRYUP|40-60],CTX[<4|20-40|6-8]::DNA[RECOVERING|45-50|5-10|<-2|STRONG_POS|POSITIVE|0.7-1.0|NO_G2|NO_EARLY|NO_PULL|NO_DRYUP|40-60],CTX[<4|20-40|6-8]::DNA[RECOVERING|45-50|5-10|<-2|STRONG_POS|POSITIVE|0.7-1.0|NO_G2|NO_EARLY|NO_PULL|NO_DRYUP|40-60],V4,2026-08-13T08:54:40Z
7ab961ea01e68b31,7ab961ea01e68b31,PENDING_OUTCOME,2026-08-13,2026-08-13T08:54:37Z,4.0.0,GEN3_EXPERIENCE,DECISION_CONTEXT_V1,BVH,65500.0,🌱 ĐANG HỒI,77.0,0.0,🟢 MUA / GIỮ,OBV tốt + Vol xác nhận + Vị trí giá tốt,57.75,-7.72,4.3,7.2,-2.9000000000000004,64804.97,61435.0,5.49,0.21,1.0724949027829167,6.616749409945477,🟢,401487.0,422104.0,0.9511565870022554,1.07,15.72,15.72,-3.68,False,False,False,PULL VỪA,,,,18106213.0,17589305.0,,False,,,58.25,0.5,-13.7,8.0,4.0,7.0,7.0,8.6,1.7,39.0,🔴 Forecast rủi ro,RECOVERING|55-60|5-10|<-2|STRONG_POS|POSITIVE|0.7-1.0|NO_G2|NO_EARLY|NO_PULL|NO_DRYUP|40-60,<4|20-40|6-8,RECOVERING,55-60,5-10,<-2,STRONG_POS,0.7-1.0,POSITIVE,NO_G2,NO_EARLY,NO_PULL,NO_DRYUP,40-60,<4,20-40,6-8,CTX[<4|20-40|6-8]::DNA[RECOVERING|55-60|5-10|<-2|STRONG_POS|POSITIVE|0.7-1.0|NO_G2|NO_EARLY|NO_PULL|NO_DRYUP|40-60],CTX[<4|20-40|6-8]::DNA[RECOVERING|55-60|5-10|<-2|STRONG_POS|POSITIVE|0.7-1.0|NO_G2|NO_EARLY|NO_PULL|NO_DRYUP|40-60],CTX[<4|20-40|6-8]::DNA[RECOVERING|55-60|5-10|<-2|STRONG_POS|POSITIVE|0.7-1.0|NO_G2|NO_EARLY|NO_PULL|NO_DRYUP|40-60],V4,2026-08-13T08:54:40Z
6ef9945227f6e451,6ef9945227f6e451,PENDING_OUTCOME,2026-08-13,2026-08-13T08:54:37Z,4.0.0,GEN3_EXPERIENCE,DECISION_CONTEXT_V1,IDC,34200.0,🌱 ĐANG HỒI,76.7,0.0,🟢 MUA / GIỮ,OBV tốt + Vol xác nhận + Vị trí giá tốt,53.82,-1.05,4.59,5.23,-0.6400000000000006,33713.89,32998.5,2.17,0.97,1.4418686185426963,3.6410745942997433,🟢,1106100.0,1121225.0,0.9865102900845056,1.44,8.57,8.57,-2.84,False,False,False,MUA EARLY,,,,67778900.0,67677483.0,,False,,,56.63,-0.5,-1.7,7.0,5.0,7.0,7.0,8.6,1.7,39.0,🔴 Forecast rủi ro,RECOVERING|50-55|5-10|-2-0|STRONG_POS|POSITIVE|0.7-1.0|NO_G2|NO_EARLY|NO_PULL|NO_DRYUP|40-60,<4|20-40|6-8,RECOVERING,50-55,5-10,-2-0,STRONG_POS,0.7-1.0,POSITIVE,NO_G2,NO_EARLY,NO_PULL,NO_DRYUP,40-60,<4,20-40,6-8,CTX[<4|20-40|6-8]::DNA[RECOVERING|50-55|5-10|-2-0|STRONG_POS|POSITIVE|0.7-1.0|NO_G2|NO_EARLY|NO_PULL|NO_DRYUP|40-60],CTX[<4|20-40|6-8]::DNA[RECOVERING|50-55|5-10|-2-0|STRONG_POS|POSITIVE|0.7-1.0|NO_G2|NO_EARLY|NO_PULL|NO_DRYUP|40-60],CTX[<4|20-40|6-8]::DNA[RECOVERING|50-55|5-10|-2-0|STRONG_POS|POSITIVE|0.7-1.0|NO_G2|NO_EARLY|NO_PULL|NO_DRYUP|40-60],V4,2026-08-13T08:54:40Z
225a8b53dd3f3572,225a8b53dd3f3572,PENDING_OUTCOME,2026-08-13,2026-08-13T08:54:37Z,4.0.0,GEN3_EXPERIENCE,DECISION_CONTEXT_V1,TCB,31700.0,🌱 ĐANG HỒI,76.5,0.0,🟢 MUA / GIỮ,OBV tốt + Xu hướng lên + RSI cải thiện,58.63,1.66,8.56,8.19,0.370000000000001,30632.34,29757.5,2.94,2.86,3.4854013764537672,6.527766109384192,🟢,35547549.0,15551937.0,2.2857312886491243,3.49,12.21,12.21,-0.63,False,False,False,GÀ TĂNG TỐC,,,,437283545.0,390228827.0,,False,,,61.64,21.5,-15.0,11.0,0.0,7.0,7.0,8.6,1.7,39.0,🔴 Forecast rủi ro,RECOVERING|55-60|5-10|0-2|STRONG_POS|POSITIVE|>=1.5|NO_G2|NO_EARLY|NO_PULL|NO_DRYUP|60-75,<4|20-40|6-8,RECOVERING,55-60,5-10,0-2,STRONG_POS,>=1.5,POSITIVE,NO_G2,NO_EARLY,NO_PULL,NO_DRYUP,60-75,<4,20-40,6-8,CTX[<4|20-40|6-8]::DNA[RECOVERING|55-60|5-10|0-2|STRONG_POS|POSITIVE|>=1.5|NO_G2|NO_EARLY|NO_PULL|NO_DRYUP|60-75],CTX[<4|20-40|6-8]::DNA[RECOVERING|55-60|5-10|0-2|STRONG_POS|POSITIVE|>=1.5|NO_G2|NO_EARLY|NO_PULL|NO_DRYUP|60-75],CTX[<4|20-40|6-8]::DNA[RECOVERING|55-60|5-10|0-2|STRONG_POS|POSITIVE|>=1.5|NO_G2|NO_EARLY|NO_PULL|NO_DRYUP|60-75],V4,2026-08-13T08:54:40Z
bc25fbdc06e1cd9a,bc25fbdc06e1cd9a,PENDING_OUTCOME,2026-08-13,2026-08-13T08:54:37Z,4.0.0,GEN3_EXPERIENCE,DECISION_CONTEXT_V1,GVR,32650.0,🌱 ĐANG HỒI,76.2,0.0,🟢 MUA / GIỮ,Xu hướng lên + OBV tốt + RS mạnh,65.88,2.29,17.24,18.51,-1.2700000000000031,30521.33,28505.0,7.07,4.6,6.974368417103705,14.541308542360998,🟢,4974900.0,2098320.0,2.370896717373899,6.97,25.58,25.58,0.0,False,False,False,GÀ TĂNG TỐC,,,,255639600.0,247675336.0,,False,,,63.33,18.5,-14.5,12.0,0.0,7.0,7.0,8.6,1.7,39.0,🔴 Forecast rủi ro,RECOVERING|65-70|>=10|-2-0|STRONG_POS|POSITIVE|>=1.5|NO_G2|NO_EARLY|NO_PULL|NO_DRYUP|60-75,<4|20-40|6-8,RECOVERING,65-70,>=10,-2-0,STRONG_POS,>=1.5,POSITIVE,NO_G2,NO_EARLY,NO_PULL,NO_DRYUP,60-75,<4,20-40,6-8,CTX[<4|20-40|6-8]::DNA[RECOVERING|65-70|>=10|-2-0|STRONG_POS|POSITIVE|>=1.5|NO_G2|NO_EARLY|NO_PULL|NO_DRYUP|60-75],CTX[<4|20-40|6-8]::DNA[RECOVERING|65-70|>=10|-2-0|STRONG_POS|POSITIVE|>=1.5|NO_G2|NO_EARLY|NO_PULL|NO_DRYUP|60-75],CTX[<4|20-40|6-8]::DNA[RECOVERING|65-70|>=10|-2-0|STRONG_POS|POSITIVE|>=1.5|NO_G2|NO_EARLY|NO_PULL|NO_DRYUP|60-75],V4,2026-08-13T08:54:40Z
96120ffb3199e2f3,96120ffb3199e2f3,PENDING_OUTCOME,2026-08-13,2026-08-13T08:54:37Z,4.0.0,GEN3_EXPERIENCE,DECISION_CONTEXT_V1,HVN,23850.0,🌱 ĐANG HỒI,76.0,0.0,🟢 MUA / GIỮ,OBV tốt + Vol xác nhận + Xu hướng lên,55.14,0.35,-0.42,9.4,-9.82,23575.52,22782.5,3.48,1.35,1.164258519006145,4.685613958081869,🟢,1176320.0,1059826.0,1.1099180431504794,1.16,12.5,13.84,-4.98,False,False,False,GÀ TĂNG TỐC,,,,5434020.0,4636930.0,,False,,,60.31,6.0,-6.7,9.0,0.0,7.0,7.0,8.6,1.7,39.0,🔴 Forecast rủi ro,RECOVERING|55-60|5-10|<-2|STRONG_POS|POSITIVE|1.0-1.2|NO_G2|NO_EARLY|NO_PULL|NO_DRYUP|60-75,<4|20-40|6-8,RECOVERING,55-60,5-10,<-2,STRONG_POS,1.0-1.2,POSITIVE,NO_G2,NO_EARLY,NO_PULL,NO_DRYUP,60-75,<4,20-40,6-8,CTX[<4|20-40|6-8]::DNA[RECOVERING|55-60|5-10|<-2|STRONG_POS|POSITIVE|1.0-1.2|NO_G2|NO_EARLY|NO_PULL|NO_DRYUP|60-75],CTX[<4|20-40|6-8]::DNA[RECOVERING|55-60|5-10|<-2|STRONG_POS|POSITIVE|1.0-1.2|NO_G2|NO_EARLY|NO_PULL|NO_DRYUP|60-75],CTX[<4|20-40|6-8]::DNA[RECOVERING|55-60|5-10|<-2|STRONG_POS|POSITIVE|1.0-1.2|NO_G2|NO_EARLY|NO_PULL|NO_DRYUP|60-75],V4,2026-08-13T08:54:40Z
223f9de415b0fe45,223f9de415b0fe45,PENDING_OUTCOME,2026-08-13,2026-08-13T08:54:37Z,4.0.0,GEN3_EXPERIENCE,DECISION_CONTEXT_V1,DGC,43900.0,🌱 ĐANG HỒI,75.9,0.0,🟢 MUA / GIỮ,Xu hướng lên + OBV tốt + Vị trí giá tốt,55.82,0.77,1.27,12.42,-11.15,42732.79,40867.5,4.56,3.17,2.731415383830549,7.420321771578875,🟢,429100.0,828845.0,0.5177083773202469,2.73,21.94,21.94,-4.15,False,False,False,GÀ TĂNG TỐC,,,,-121442700.0,-122346886.0,,False,,,60.81,11.5,-15.0,9.0,0.0,7.0,7.0,8.6,1.7,39.0,🔴 Forecast rủi ro,RECOVERING|55-60|>=10|<-2|STRONG_POS|POSITIVE|<0.7|NO_G2|NO_EARLY|NO_PULL|NO_DRYUP|60-75,<4|20-40|6-8,RECOVERING,55-60,>=10,<-2,STRONG_POS,<0.7,POSITIVE,NO_G2,NO_EARLY,NO_PULL,NO_DRYUP,60-75,<4,20-40,6-8,CTX[<4|20-40|6-8]::DNA[RECOVERING|55-60|>=10|<-2|STRONG_POS|POSITIVE|<0.7|NO_G2|NO_EARLY|NO_PULL|NO_DRYUP|60-75],CTX[<4|20-40|6-8]::DNA[RECOVERING|55-60|>=10|<-2|STRONG_POS|POSITIVE|<0.7|NO_G2|NO_EARLY|NO_PULL|NO_DRYUP|60-75],CTX[<4|20-40|6-8]::DNA[RECOVERING|55-60|>=10|<-2|STRONG_POS|POSITIVE|<0.7|NO_G2|NO_EARLY|NO_PULL|NO_DRYUP|60-75],V4,2026-08-13T08:54:40Z
a8a586d7302c8c35,a8a586d7302c8c35,PENDING_OUTCOME,2026-08-13,2026-08-13T08:54:37Z,4.0.0,GEN3_EXPERIENCE,DECISION_CONTEXT_V1,FRT,146900.0,🌱 ĐANG HỒI,75.8,0.0,🟢 MUA / GIỮ,Xu hướng lên + OBV tốt + RS mạnh,77.58,4.47,11.2,26.31,-15.11,137652.7,123150.0,11.78,2.78,6.7178486146657335,19.28542427933415,🟢,409734.0,629917.0,0.6504571237162992,6.72,39.9,39.9,-1.08,False,False,False,GÀ TĂNG TỐC,,,,3880366.0,2230718.0,,False,,,61.55,9.0,-8.4,10.0,0.0,7.0,7.0,8.6,1.7,39.0,🔴 Forecast rủi ro,RECOVERING|>=70|>=10|<-2|STRONG_POS|POSITIVE|<0.7|NO_G2|NO_EARLY|NO_PULL|NO_DRYUP|60-75,<4|20-40|6-8,RECOVERING,>=70,>=10,<-2,STRONG_POS,<0.7,POSITIVE,NO_G2,NO_EARLY,NO_PULL,NO_DRYUP,60-75,<4,20-40,6-8,CTX[<4|20-40|6-8]::DNA[RECOVERING|>=70|>=10|<-2|STRONG_POS|POSITIVE|<0.7|NO_G2|NO_EARLY|NO_PULL|NO_DRYUP|60-75],CTX[<4|20-40|6-8]::DNA[RECOVERING|>=70|>=10|<-2|STRONG_POS|POSITIVE|<0.7|NO_G2|NO_EARLY|NO_PULL|NO_DRYUP|60-75],CTX[<4|20-40|6-8]::DNA[RECOVERING|>=70|>=10|<-2|STRONG_POS|POSITIVE|<0.7|NO_G2|NO_EARLY|NO_PULL|NO_DRYUP|60-75],V4,2026-08-13T08:54:40Z
14e9e5d25fb6006d,14e9e5d25fb6006d,PENDING_OUTCOME,2026-08-13,2026-08-13T08:54:37Z,4.0.0,GEN3_EXPERIENCE,DECISION_CONTEXT_V1,SAB,45850.0,🌱 ĐANG HỒI,75.7,0.0,🟢 MUA / GIỮ,OBV tốt + Vol xác nhận + Vị trí giá tốt,58.28,-6.99,4.92,5.65,-0.7300000000000004,45276.03,44363.0,2.06,0.57,1.26771273894819,3.3518923427180214,🟢,805529.0,756591.0,1.064682239149025,1.27,6.63,6.63,-1.5,False,False,False,PULL VỪA,,,,-7352229.0,-8391254.0,,False,,,58.25,3.5,-9.4,8.0,4.0,7.0,7.0,8.6,1.7,39.0,🔴 Forecast rủi ro,RECOVERING|55-60|5-10|-2-0|STRONG_POS|POSITIVE|1.0-1.2|NO_G2|NO_EARLY|NO_PULL|NO_DRYUP|40-60,<4|20-40|6-8,RECOVERING,55-60,5-10,-2-0,STRONG_POS,1.0-1.2,POSITIVE,NO_G2,NO_EARLY,NO_PULL,NO_DRYUP,40-60,<4,20-40,6-8,CTX[<4|20-40|6-8]::DNA[RECOVERING|55-60|5-10|-2-0|STRONG_POS|POSITIVE|1.0-1.2|NO_G2|NO_EARLY|NO_PULL|NO_DRYUP|40-60],CTX[<4|20-40|6-8]::DNA[RECOVERING|55-60|5-10|-2-0|STRONG_POS|POSITIVE|1.0-1.2|NO_G2|NO_EARLY|NO_PULL|NO_DRYUP|40-60],CTX[<4|20-40|6-8]::DNA[RECOVERING|55-60|5-10|-2-0|STRONG_POS|POSITIVE|1.0-1.2|NO_G2|NO_EARLY|NO_PULL|NO_DRYUP|40-60],V4,2026-08-13T08:54:40Z
912e39d9f21043c5,912e39d9f21043c5,PENDING_OUTCOME,2026-08-13,2026-08-13T08:54:37Z,4.0.0,GEN3_EXPERIENCE,DECISION_CONTEXT_V1,PVC,12300.0,🌱 ĐANG HỒI,75.6,0.0,🟢 MUA / GIỮ,OBV tốt + Vị trí giá tốt + Vol xác nhận,49.16,-0.04,6.03,1.65,4.380000000000001,12166.05,12035.0,1.09,2.9,1.101014708964709,2.201911092646447,🟢,399900.0,468965.0,0.8527288816862666,1.1,6.96,6.96,-10.22,False,False,False,MUA EARLY,,,,60817600.0,60509651.0,,False,,,55.59,3.5,-1.7,5.0,5.0,7.0,7.0,8.6,1.7,39.0,🔴 Forecast rủi ro,RECOVERING|45-50|0-2|2-5|STRONG_POS|POSITIVE|0.7-1.0|NO_G2|NO_EARLY|NO_PULL|NO_DRYUP|40-60,<4|20-40|6-8,RECOVERING,45-50,0-2,2-5,STRONG_POS,0.7-1.0,POSITIVE,NO_G2,NO_EARLY,NO_PULL,NO_DRYUP,40-60,<4,20-40,6-8,CTX[<4|20-40|6-8]::DNA[RECOVERING|45-50|0-2|2-5|STRONG_POS|POSITIVE|0.7-1.0|NO_G2|NO_EARLY|NO_PULL|NO_DRYUP|40-60],CTX[<4|20-40|6-8]::DNA[RECOVERING|45-50|0-2|2-5|STRONG_POS|POSITIVE|0.7-1.0|NO_G2|NO_EARLY|NO_PULL|NO_DRYUP|40-60],CTX[<4|20-40|6-8]::DNA[RECOVERING|45-50|0-2|2-5|STRONG_POS|POSITIVE|0.7-1.0|NO_G2|NO_EARLY|NO_PULL|NO_DRYUP|40-60],V4,2026-08-13T08:54:40Z
1bd8728c1c69d2e0,1bd8728c1c69d2e0,PENDING_OUTCOME,2026-08-13,2026-08-13T08:54:37Z,4.0.0,GEN3_EXPERIENCE,DECISION_CONTEXT_V1,MWG,73600.0,🌱 ĐANG HỒI,75.6,0.0,🟢 MUA / GIỮ,OBV tốt + Vị trí giá tốt + Xu hướng lên,53.39,1.34,3.37,5.44,-2.0700000000000003,72387.3,70836.0,2.19,2.05,1.6752938706098952,3.901970749336492,🟢,3670998.0,5321915.0,0.6897889199658394,1.68,18.08,18.08,-2.8,False,False,False,MUA EARLY,,,,244932302.0,242590381.0,,False,,,56.53,13.5,-1.7,8.0,5.0,7.0,7.0,8.6,1.7,39.0,🔴 Forecast rủi ro,RECOVERING|50-55|5-10|<-2|STRONG_POS|POSITIVE|<0.7|NO_G2|NO_EARLY|NO_PULL|NO_DRYUP|40-60,<4|20-40|6-8,RECOVERING,50-55,5-10,<-2,STRONG_POS,<0.7,POSITIVE,NO_G2,NO_EARLY,NO_PULL,NO_DRYUP,40-60,<4,20-40,6-8,CTX[<4|20-40|6-8]::DNA[RECOVERING|50-55|5-10|<-2|STRONG_POS|POSITIVE|<0.7|NO_G2|NO_EARLY|NO_PULL|NO_DRYUP|40-60],CTX[<4|20-40|6-8]::DNA[RECOVERING|50-55|5-10|<-2|STRONG_POS|POSITIVE|<0.7|NO_G2|NO_EARLY|NO_PULL|NO_DRYUP|40-60],CTX[<4|20-40|6-8]::DNA[RECOVERING|50-55|5-10|<-2|STRONG_POS|POSITIVE|<0.7|NO_G2|NO_EARLY|NO_PULL|NO_DRYUP|40-60],V4,2026-08-13T08:54:40Z
1cbbc6626211c9f0,1cbbc6626211c9f0,PENDING_OUTCOME,2026-08-13,2026-08-13T08:54:37Z,4.0.0,GEN3_EXPERIENCE,DECISION_CONTEXT_V1,BAF,31400.0,🌱 ĐANG HỒI,75.6,0.0,🟢 MUA / GIỮ,OBV tốt + Vol xác nhận + Vị trí giá tốt,67.12,6.85,0.64,5.9,-5.260000000000001,30965.99,30132.5,2.77,0.31,1.40156991589806,4.206421637766522,🟢,2027552.0,1869558.0,1.0845087448477126,1.4,8.84,9.22,-1.88,False,False,False,PULL VỪA,,,,97089448.0,96856784.0,,False,,,57.67,5.0,-7.6,8.0,4.0,7.0,7.0,8.6,1.7,39.0,🔴 Forecast rủi ro,RECOVERING|65-70|5-10|<-2|STRONG_POS|POSITIVE|1.0-1.2|NO_G2|NO_EARLY|NO_PULL|NO_DRYUP|40-60,<4|20-40|6-8,RECOVERING,65-70,5-10,<-2,STRONG_POS,1.0-1.2,POSITIVE,NO_G2,NO_EARLY,NO_PULL,NO_DRYUP,40-60,<4,20-40,6-8,CTX[<4|20-40|6-8]::DNA[RECOVERING|65-70|5-10|<-2|STRONG_POS|POSITIVE|1.0-1.2|NO_G2|NO_EARLY|NO_PULL|NO_DRYUP|40-60],CTX[<4|20-40|6-8]::DNA[RECOVERING|65-70|5-10|<-2|STRONG_POS|POSITIVE|1.0-1.2|NO_G2|NO_EARLY|NO_PULL|NO_DRYUP|40-60],CTX[<4|20-40|6-8]::DNA[RECOVERING|65-70|5-10|<-2|STRONG_POS|POSITIVE|1.0-1.2|NO_G2|NO_EARLY|NO_PULL|NO_DRYUP|40-60],V4,2026-08-13T08:54:40Z
5c6828071e969811,5c6828071e969811,PENDING_OUTCOME,2026-08-13,2026-08-13T08:54:37Z,4.0.0,GEN3_EXPERIENCE,DECISION_CONTEXT_V1,VIX,13900.0,🌱 ĐANG HỒI,74.4,0.0,🟢 MUA / GIỮ,OBV tốt + Xu hướng lên + Vị trí giá tốt,48.04,-0.78,1.46,6.51,-5.05,13814.62,13187.5,4.76,2.25,0.6180408871181431,5.402843601895735,🟢,65323270.0,48076963.0,1.358722887716514,0.62,18.3,18.3,-4.47,False,False,False,MUA EARLY,,,,1548586062.0,1535586893.0,,False,,,55.38,3.5,-1.7,4.0,5.0,7.0,7.0,8.6,1.7,39.0,🔴 Forecast rủi ro,RECOVERING|45-50|5-10|<-2|STRONG_POS|POSITIVE|1.2-1.5|NO_G2|NO_EARLY|NO_PULL|NO_DRYUP|40-60,<4|20-40|6-8,RECOVERING,45-50,5-10,<-2,STRONG_POS,1.2-1.5,POSITIVE,NO_G2,NO_EARLY,NO_PULL,NO_DRYUP,40-60,<4,20-40,6-8,CTX[<4|20-40|6-8]::DNA[RECOVERING|45-50|5-10|<-2|STRONG_POS|POSITIVE|1.2-1.5|NO_G2|NO_EARLY|NO_PULL|NO_DRYUP|40-60],CTX[<4|20-40|6-8]::DNA[RECOVERING|45-50|5-10|<-2|STRONG_POS|POSITIVE|1.2-1.5|NO_G2|NO_EARLY|NO_PULL|NO_DRYUP|40-60],CTX[<4|20-40|6-8]::DNA[RECOVERING|45-50|5-10|<-2|STRONG_POS|POSITIVE|1.2-1.5|NO_G2|NO_EARLY|NO_PULL|NO_DRYUP|40-60],V4,2026-08-13T08:54:40Z
28c179dfb068c5fb,28c179dfb068c5fb,PENDING_OUTCOME,2026-08-13,2026-08-13T08:54:37Z,4.0.0,GEN3_EXPERIENCE,DECISION_CONTEXT_V1,KSB,14400.0,🌱 ĐANG HỒI,74.3,0.0,🟢 MUA / GIỮ,OBV tốt + RSI cải thiện + Xu hướng lên,60.14,14.91,7.46,7.46,0.0,13722.5,13447.5,2.04,2.26,4.937147021315358,7.0831009481316265,🟢,2236500.0,961660.0,2.3256660358130734,4.94,11.2,11.2,1.05,False,False,False,MUA BREAK,,,,35484100.0,31217439.0,,False,,,60.87,20.5,-0.8,7.0,2.0,7.0,7.0,8.6,1.7,39.0,🔴 Forecast rủi ro,RECOVERING|60-65|5-10|0-2|STRONG_POS|POSITIVE|>=1.5|NO_G2|NO_EARLY|NO_PULL|NO_DRYUP|60-75,<4|20-40|6-8,RECOVERING,60-65,5-10,0-2,STRONG_POS,>=1.5,POSITIVE,NO_G2,NO_EARLY,NO_PULL,NO_DRYUP,60-75,<4,20-40,6-8,CTX[<4|20-40|6-8]::DNA[RECOVERING|60-65|5-10|0-2|STRONG_POS|POSITIVE|>=1.5|NO_G2|NO_EARLY|NO_PULL|NO_DRYUP|60-75],CTX[<4|20-40|6-8]::DNA[RECOVERING|60-65|5-10|0-2|STRONG_POS|POSITIVE|>=1.5|NO_G2|NO_EARLY|NO_PULL|NO_DRYUP|60-75],CTX[<4|20-40|6-8]::DNA[RECOVERING|60-65|5-10|0-2|STRONG_POS|POSITIVE|>=1.5|NO_G2|NO_EARLY|NO_PULL|NO_DRYUP|60-75],V4,2026-08-13T08:54:40Z
0d0ea3c2341f3e72,0d0ea3c2341f3e72,PENDING_OUTCOME,2026-08-13,2026-08-13T08:54:37Z,4.0.0,GEN3_EXPERIENCE,DECISION_CONTEXT_V1,SSI,25000.0,🌱 ĐANG HỒI,74.0,0.0,🟢 MUA / GIỮ,OBV tốt + Vị trí giá tốt + Xu hướng lên,52.37,-1.32,2.88,4.17,-1.29,24718.89,23887.5,3.48,1.63,1.137227440228905,4.657247514390361,🟢,35852510.0,22164720.0,1.6175485185465912,1.14,13.64,13.64,-1.57,False,False,False,MUA EARLY,,,,998898378.0,995371423.0,,False,,,55.97,2.5,-1.7,4.0,5.0,7.0,7.0,8.6,1.7,39.0,🔴 Forecast rủi ro,RECOVERING|50-55|2-5|-2-0|STRONG_POS|POSITIVE|>=1.5|NO_G2|NO_EARLY|NO_PULL|NO_DRYUP|40-60,<4|20-40|6-8,RECOVERING,50-55,2-5,-2-0,STRONG_POS,>=1.5,POSITIVE,NO_G2,NO_EARLY,NO_PULL,NO_DRYUP,40-60,<4,20-40,6-8,CTX[<4|20-40|6-8]::DNA[RECOVERING|50-55|2-5|-2-0|STRONG_POS|POSITIVE|>=1.5|NO_G2|NO_EARLY|NO_PULL|NO_DRYUP|40-60],CTX[<4|20-40|6-8]::DNA[RECOVERING|50-55|2-5|-2-0|STRONG_POS|POSITIVE|>=1.5|NO_G2|NO_EARLY|NO_PULL|NO_DRYUP|40-60],CTX[<4|20-40|6-8]::DNA[RECOVERING|50-55|2-5|-2-0|STRONG_POS|POSITIVE|>=1.5|NO_G2|NO_EARLY|NO_PULL|NO_DRYUP|40-60],V4,2026-08-13T08:54:40Z
3c0291059ea657ab,3c0291059ea657ab,PENDING_OUTCOME,2026-08-13,2026-08-13T08:54:37Z,4.0.0,GEN3_EXPERIENCE,DECISION_CONTEXT_V1,MBB,20150.0,🌱 ĐANG HỒI,74.0,0.0,🟢 MUA / GIỮ,OBV tốt + Xu hướng lên + Vị trí giá tốt,56.04,-2.41,1.21,7.52,-6.31,20025.28,19350.5,3.49,1.24,0.6228127646654702,4.131676184077926,🟢,11798566.0,14935053.0,0.7899915721758738,0.62,11.76,11.76,-1.95,False,False,False,GÀ TĂNG TỐC,,,,925577850.0,905743585.0,,False,,,60.34,6.0,-15.6,8.0,0.0,7.0,7.0,8.6,1.7,39.0,🔴 Forecast rủi ro,RECOVERING|55-60|5-10|<-2|STRONG_POS|POSITIVE|0.7-1.0|NO_G2|NO_EARLY|NO_PULL|NO_DRYUP|60-75,<4|20-40|6-8,RECOVERING,55-60,5-10,<-2,STRONG_POS,0.7-1.0,POSITIVE,NO_G2,NO_EARLY,NO_PULL,NO_DRYUP,60-75,<4,20-40,6-8,CTX[<4|20-40|6-8]::DNA[RECOVERING|55-60|5-10|<-2|STRONG_POS|POSITIVE|0.7-1.0|NO_G2|NO_EARLY|NO_PULL|NO_DRYUP|60-75],CTX[<4|20-40|6-8]::DNA[RECOVERING|55-60|5-10|<-2|STRONG_POS|POSITIVE|0.7-1.0|NO_G2|NO_EARLY|NO_PULL|NO_DRYUP|60-75],CTX[<4|20-40|6-8]::DNA[RECOVERING|55-60|5-10|<-2|STRONG_POS|POSITIVE|0.7-1.0|NO_G2|NO_EARLY|NO_PULL|NO_DRYUP|60-75],V4,2026-08-13T08:54:40Z
3cc1949f4978d620,3cc1949f4978d620,PENDING_OUTCOME,2026-08-13,2026-08-13T08:54:37Z,4.0.0,GEN3_EXPERIENCE,DECISION_CONTEXT_V1,SIP,50900.0,🌱 ĐANG HỒI,73.8,0.0,🟢 MUA / GIỮ,OBV tốt + Vị trí giá tốt + Vol xác nhận,61.16,-2.83,1.6,5.6,-4.0,50422.93,48820.0,3.28,0.39,0.9461370055250606,4.260548955346177,🟢,82611.0,92631.0,0.8918288693849791,0.95,9.23,9.23,-1.55,False,False,False,PULL VỪA,,,,484989.0,482206.0,,False,,,58.34,-3.5,-4.5,7.0,4.0,7.0,7.0,8.6,1.7,39.0,🔴 Forecast rủi ro,RECOVERING|60-65|5-10|<-2|STRONG_POS|POSITIVE|0.7-1.0|NO_G2|NO_EARLY|NO_PULL|NO_DRYUP|40-60,<4|20-40|6-8,RECOVERING,60-65,5-10,<-2,STRONG_POS,0.7-1.0,POSITIVE,NO_G2,NO_EARLY,NO_PULL,NO_DRYUP,40-60,<4,20-40,6-8,CTX[<4|20-40|6-8]::DNA[RECOVERING|60-65|5-10|<-2|STRONG_POS|POSITIVE|0.7-1.0|NO_G2|NO_EARLY|NO_PULL|NO_DRYUP|40-60],CTX[<4|20-40|6-8]::DNA[RECOVERING|60-65|5-10|<-2|STRONG_POS|POSITIVE|0.7-1.0|NO_G2|NO_EARLY|NO_PULL|NO_DRYUP|40-60],CTX[<4|20-40|6-8]::DNA[RECOVERING|60-65|5-10|<-2|STRONG_POS|POSITIVE|0.7-1.0|NO_G2|NO_EARLY|NO_PULL|NO_DRYUP|40-60],V4,2026-08-13T08:54:40Z
6f071426a8f18973,6f071426a8f18973,PENDING_OUTCOME,2026-08-13,2026-08-13T08:54:37Z,4.0.0,GEN3_EXPERIENCE,DECISION_CONTEXT_V1,VGT,11900.0,🌱 ĐANG HỒI,73.4,0.0,🟢 MUA / GIỮ,OBV tốt + Xu hướng lên + RSI cải thiện,70.5,7.14,8.18,10.19,-2.01,11359.96,11010.0,3.18,1.8,4.753889978485848,8.083560399636692,🟢,1063100.0,268570.0,3.958372119000633,4.75,12.26,12.26,2.59,False,False,False,GÀ TĂNG TỐC,,,,16746600.0,15674549.0,,False,,,61.05,17.0,-11.8,12.0,0.0,7.0,7.0,8.6,1.7,39.0,🔴 Forecast rủi ro,RECOVERING|>=70|>=10|<-2|STRONG_POS|POSITIVE|>=1.5|NO_G2|NO_EARLY|NO_PULL|NO_DRYUP|60-75,<4|20-40|6-8,RECOVERING,>=70,>=10,<-2,STRONG_POS,>=1.5,POSITIVE,NO_G2,NO_EARLY,NO_PULL,NO_DRYUP,60-75,<4,20-40,6-8,CTX[<4|20-40|6-8]::DNA[RECOVERING|>=70|>=10|<-2|STRONG_POS|POSITIVE|>=1.5|NO_G2|NO_EARLY|NO_PULL|NO_DRYUP|60-75],CTX[<4|20-40|6-8]::DNA[RECOVERING|>=70|>=10|<-2|STRONG_POS|POSITIVE|>=1.5|NO_G2|NO_EARLY|NO_PULL|NO_DRYUP|60-75],CTX[<4|20-40|6-8]::DNA[RECOVERING|>=70|>=10|<-2|STRONG_POS|POSITIVE|>=1.5|NO_G2|NO_EARLY|NO_PULL|NO_DRYUP|60-75],V4,2026-08-13T08:54:40Z
68fa8091bf3af14b,68fa8091bf3af14b,PENDING_OUTCOME,2026-08-13,2026-08-13T08:54:37Z,4.0.0,GEN3_EXPERIENCE,DECISION_CONTEXT_V1,ACV,41000.0,🌱 ĐANG HỒI,73.3,0.0,🟢 MUA / GIỮ,OBV tốt + Vị trí giá tốt + Xu hướng lên,50.76,-9.08,5.4,3.8,1.6000000000000003,40753.0,39870.0,2.21,1.6,0.6060903491767577,2.8342111863556507,🟢,428200.0,543525.0,0.7878202474587186,0.61,6.77,6.77,-4.21,False,False,False,MUA EARLY,,,,-61526500.0,-61732756.0,,False,,,56.1,4.5,-10.1,7.0,5.0,7.0,7.0,8.6,1.7,39.0,🔴 Forecast rủi ro,RECOVERING|50-55|2-5|0-2|STRONG_POS|POSITIVE|0.7-1.0|NO_G2|NO_EARLY|NO_PULL|NO_DRYUP|40-60,<4|20-40|6-8,RECOVERING,50-55,2-5,0-2,STRONG_POS,0.7-1.0,POSITIVE,NO_G2,NO_EARLY,NO_PULL,NO_DRYUP,40-60,<4,20-40,6-8,CTX[<4|20-40|6-8]::DNA[RECOVERING|50-55|2-5|0-2|STRONG_POS|POSITIVE|0.7-1.0|NO_G2|NO_EARLY|NO_PULL|NO_DRYUP|40-60],CTX[<4|20-40|6-8]::DNA[RECOVERING|50-55|2-5|0-2|STRONG_POS|POSITIVE|0.7-1.0|NO_G2|NO_EARLY|NO_PULL|NO_DRYUP|40-60],CTX[<4|20-40|6-8]::DNA[RECOVERING|50-55|2-5|0-2|STRONG_POS|POSITIVE|0.7-1.0|NO_G2|NO_EARLY|NO_PULL|NO_DRYUP|40-60],V4,2026-08-13T08:54:40Z
1312a7a213671a65,1312a7a213671a65,PENDING_OUTCOME,2026-08-13,2026-08-13T08:54:37Z,4.0.0,GEN3_EXPERIENCE,DECISION_CONTEXT_V1,MSR,39900.0,🌱 ĐANG HỒI,73.2,0.0,🟢 MUA / GIỮ,OBV tốt + Xu hướng lên + Vị trí giá tốt,61.56,-2.24,4.18,9.92,-5.74,38742.05,36790.0,5.31,0.11,2.988871265201487,8.453384071758641,🟢,1749900.0,1121990.0,1.5596395689801157,2.99,21.28,21.28,-0.99,False,False,False,GÀ TĂNG TỐC,,,,16357300.0,14654053.0,,False,,,61.86,13.5,-12.1,11.0,0.0,7.0,7.0,8.6,1.7,39.0,🔴 Forecast rủi ro,RECOVERING|60-65|5-10|<-2|STRONG_POS|POSITIVE|>=1.5|NO_G2|NO_EARLY|NO_PULL|NO_DRYUP|60-75,<4|20-40|6-8,RECOVERING,60-65,5-10,<-2,STRONG_POS,>=1.5,POSITIVE,NO_G2,NO_EARLY,NO_PULL,NO_DRYUP,60-75,<4,20-40,6-8,CTX[<4|20-40|6-8]::DNA[RECOVERING|60-65|5-10|<-2|STRONG_POS|POSITIVE|>=1.5|NO_G2|NO_EARLY|NO_PULL|NO_DRYUP|60-75],CTX[<4|20-40|6-8]::DNA[RECOVERING|60-65|5-10|<-2|STRONG_POS|POSITIVE|>=1.5|NO_G2|NO_EARLY|NO_PULL|NO_DRYUP|60-75],CTX[<4|20-40|6-8]::DNA[RECOVERING|60-65|5-10|<-2|STRONG_POS|POSITIVE|>=1.5|NO_G2|NO_EARLY|NO_PULL|NO_DRYUP|60-75],V4,2026-08-13T08:54:40Z
206bc7af4418500a,206bc7af4418500a,PENDING_OUTCOME,2026-08-13,2026-08-13T08:54:37Z,4.0.0,GEN3_EXPERIENCE,DECISION_CONTEXT_V1,CTR,76800.0,🌱 ĐANG HỒI,73.2,0.0,🟢 MUA / GIỮ,OBV tốt + Vị trí giá tốt + Xu hướng lên,62.48,-3.74,1.32,8.17,-6.85,75386.42,72210.0,4.4,0.11,1.875112254965816,6.356460324054836,🟢,387621.0,312666.0,1.2397286561378595,1.88,15.66,15.66,-0.9,False,False,False,GÀ TĂNG TỐC,,,,-6483379.0,-7400688.0,,False,,,61.38,7.0,-0.9,10.0,0.0,7.0,7.0,8.6,1.7,39.0,🔴 Forecast rủi ro,RECOVERING|60-65|5-10|<-2|STRONG_POS|POSITIVE|1.2-1.5|NO_G2|NO_EARLY|NO_PULL|NO_DRYUP|60-75,<4|20-40|6-8,RECOVERING,60-65,5-10,<-2,STRONG_POS,1.2-1.5,POSITIVE,NO_G2,NO_EARLY,NO_PULL,NO_DRYUP,60-75,<4,20-40,6-8,CTX[<4|20-40|6-8]::DNA[RECOVERING|60-65|5-10|<-2|STRONG_POS|POSITIVE|1.2-1.5|NO_G2|NO_EARLY|NO_PULL|NO_DRYUP|60-75],CTX[<4|20-40|6-8]::DNA[RECOVERING|60-65|5-10|<-2|STRONG_POS|POSITIVE|1.2-1.5|NO_G2|NO_EARLY|NO_PULL|NO_DRYUP|60-75],CTX[<4|20-40|6-8]::DNA[RECOVERING|60-65|5-10|<-2|STRONG_POS|POSITIVE|1.2-1.5|NO_G2|NO_EARLY|NO_PULL|NO_DRYUP|60-75],V4,2026-08-13T08:54:40Z
743eee2426fbe876,743eee2426fbe876,PENDING_OUTCOME,2026-08-13,2026-08-13T08:54:37Z,4.0.0,GEN3_EXPERIENCE,DECISION_CONTEXT_V1,PVB,22400.0,🌱 ĐANG HỒI,73.1,0.0,🟢 MUA / GIỮ,OBV tốt + RSI cải thiện + RS mạnh,55.16,13.53,8.21,4.67,3.540000000000001,21399.83,21210.0,0.9,3.02,4.673728716536529,5.610561056105601,🟢,196500.0,82260.0,2.388767323121809,4.67,9.27,9.27,-5.08,False,False,False,CP MẠNH,,,,1799200.0,1471984.0,,False,,,61.63,20.0,4.4,9.0,1.0,7.0,7.0,8.6,1.7,39.0,🔴 Forecast rủi ro,RECOVERING|55-60|2-5|2-5|STRONG_POS|POSITIVE|>=1.5|NO_G2|NO_EARLY|NO_PULL|NO_DRYUP|60-75,<4|20-40|6-8,RECOVERING,55-60,2-5,2-5,STRONG_POS,>=1.5,POSITIVE,NO_G2,NO_EARLY,NO_PULL,NO_DRYUP,60-75,<4,20-40,6-8,CTX[<4|20-40|6-8]::DNA[RECOVERING|55-60|2-5|2-5|STRONG_POS|POSITIVE|>=1.5|NO_G2|NO_EARLY|NO_PULL|NO_DRYUP|60-75],CTX[<4|20-40|6-8]::DNA[RECOVERING|55-60|2-5|2-5|STRONG_POS|POSITIVE|>=1.5|NO_G2|NO_EARLY|NO_PULL|NO_DRYUP|60-75],CTX[<4|20-40|6-8]::DNA[RECOVERING|55-60|2-5|2-5|STRONG_POS|POSITIVE|>=1.5|NO_G2|NO_EARLY|NO_PULL|NO_DRYUP|60-75],V4,2026-08-13T08:54:40Z
8655e30bf9148dc0,8655e30bf9148dc0,PENDING_OUTCOME,2026-08-13,2026-08-13T08:54:37Z,4.0.0,GEN3_EXPERIENCE,DECISION_CONTEXT_V1,TNG,17300.0,🌱 ĐANG HỒI,72.9,0.0,🟢 MUA / GIỮ,OBV tốt + Vị trí giá tốt + RSI cải thiện,54.09,1.39,1.76,4.09,-2.33,17096.93,16667.45,2.58,0.54,1.187757100251341,3.795121629283416,🟢,274000.0,453675.0,0.6039565768446575,1.19,10.33,10.33,-3.57,False,False,False,MUA EARLY,,,,34817400.0,34639573.0,,False,,,56.31,9.0,-1.7,7.0,5.0,7.0,7.0,8.6,1.7,39.0,🔴 Forecast rủi ro,RECOVERING|50-55|2-5|<-2|STRONG_POS|POSITIVE|<0.7|NO_G2|NO_EARLY|NO_PULL|NO_DRYUP|40-60,<4|20-40|6-8,RECOVERING,50-55,2-5,<-2,STRONG_POS,<0.7,POSITIVE,NO_G2,NO_EARLY,NO_PULL,NO_DRYUP,40-60,<4,20-40,6-8,CTX[<4|20-40|6-8]::DNA[RECOVERING|50-55|2-5|<-2|STRONG_POS|POSITIVE|<0.7|NO_G2|NO_EARLY|NO_PULL|NO_DRYUP|40-60],CTX[<4|20-40|6-8]::DNA[RECOVERING|50-55|2-5|<-2|STRONG_POS|POSITIVE|<0.7|NO_G2|NO_EARLY|NO_PULL|NO_DRYUP|40-60],CTX[<4|20-40|6-8]::DNA[RECOVERING|50-55|2-5|<-2|STRONG_POS|POSITIVE|<0.7|NO_G2|NO_EARLY|NO_PULL|NO_DRYUP|40-60],V4,2026-08-13T08:54:40Z
ca370233a003497a,ca370233a003497a,PENDING_OUTCOME,2026-08-13,2026-08-13T08:54:37Z,4.0.0,GEN3_EXPERIENCE,DECISION_CONTEXT_V1,LPB,53800.0,🌱 ĐANG HỒI,71.9,0.0,🟢 MUA / GIỮ,OBV tốt + RSI cải thiện + Vị trí giá tốt,55.13,6.08,3.46,2.28,1.1800000000000002,53238.87,53195.0,0.08,0.37,1.0539855560420364,1.1373249365541849,🟢,5330705.0,3526025.0,1.5118171311888031,1.05,3.86,18.24,-3.93,False,False,False,PULL VỪA,,,,171225600.0,169513813.0,,False,,,57.2,5.0,-6.1,6.0,4.0,7.0,7.0,8.6,1.7,39.0,🔴 Forecast rủi ro,RECOVERING|55-60|2-5|0-2|POS|POSITIVE|>=1.5|NO_G2|NO_EARLY|NO_PULL|NO_DRYUP|40-60,<4|20-40|6-8,RECOVERING,55-60,2-5,0-2,POS,>=1.5,POSITIVE,NO_G2,NO_EARLY,NO_PULL,NO_DRYUP,40-60,<4,20-40,6-8,CTX[<4|20-40|6-8]::DNA[RECOVERING|55-60|2-5|0-2|POS|POSITIVE|>=1.5|NO_G2|NO_EARLY|NO_PULL|NO_DRYUP|40-60],CTX[<4|20-40|6-8]::DNA[RECOVERING|55-60|2-5|0-2|POS|POSITIVE|>=1.5|NO_G2|NO_EARLY|NO_PULL|NO_DRYUP|40-60],CTX[<4|20-40|6-8]::DNA[RECOVERING|55-60|2-5|0-2|POS|POSITIVE|>=1.5|NO_G2|NO_EARLY|NO_PULL|NO_DRYUP|40-60],V4,2026-08-13T08:54:40Z
211456b8e309708a,211456b8e309708a,PENDING_OUTCOME,2026-08-13,2026-08-13T08:54:37Z,4.0.0,GEN3_EXPERIENCE,DECISION_CONTEXT_V1,DGW,43150.0,🌱 ĐANG HỒI,71.7,0.0,🟢 MUA / GIỮ,Xu hướng lên + OBV tốt + RSI cải thiện,70.29,8.56,7.88,18.22,-10.34,40167.96,37355.0,7.53,3.0,7.423926930817504,15.51331816356578,🟢,4211400.0,1160495.0,3.628968672850809,7.42,30.17,30.17,3.85,False,False,False,GÀ TĂNG TỐC,,,,63807400.0,58805256.0,,False,,,61.78,20.0,-6.3,12.0,0.0,7.0,7.0,8.6,1.7,39.0,🔴 Forecast rủi ro,RECOVERING|>=70|>=10|<-2|STRONG_POS|POSITIVE|>=1.5|NO_G2|NO_EARLY|NO_PULL|NO_DRYUP|60-75,<4|20-40|6-8,RECOVERING,>=70,>=10,<-2,STRONG_POS,>=1.5,POSITIVE,NO_G2,NO_EARLY,NO_PULL,NO_DRYUP,60-75,<4,20-40,6-8,CTX[<4|20-40|6-8]::DNA[RECOVERING|>=70|>=10|<-2|STRONG_POS|POSITIVE|>=1.5|NO_G2|NO_EARLY|NO_PULL|NO_DRYUP|60-75],CTX[<4|20-40|6-8]::DNA[RECOVERING|>=70|>=10|<-2|STRONG_POS|POSITIVE|>=1.5|NO_G2|NO_EARLY|NO_PULL|NO_DRYUP|60-75],CTX[<4|20-40|6-8]::DNA[RECOVERING|>=70|>=10|<-2|STRONG_POS|POSITIVE|>=1.5|NO_G2|NO_EARLY|NO_PULL|NO_DRYUP|60-75],V4,2026-08-13T08:54:40Z
6b8332240db385c2,6b8332240db385c2,PENDING_OUTCOME,2026-08-13,2026-08-13T08:54:37Z,4.0.0,GEN3_EXPERIENCE,DECISION_CONTEXT_V1,GMD,78500.0,🌱 ĐANG HỒI,71.7,0.0,🟢 MUA / GIỮ,OBV tốt + Vị trí giá tốt + RSI cải thiện,59.8,-0.01,1.82,2.75,-0.93,77188.03,75725.0,1.93,0.78,1.699706547763946,3.6645757675800574,🟢,2129900.0,1374180.0,1.549942511170298,1.7,9.03,9.03,-4.27,False,False,False,PULL VỪA,,,,108093700.0,105087271.0,,False,,,58.01,15.0,13.4,9.0,4.0,7.0,7.0,8.6,1.7,39.0,🔴 Forecast rủi ro,RECOVERING|55-60|2-5|-2-0|STRONG_POS|POSITIVE|>=1.5|NO_G2|NO_EARLY|NO_PULL|NO_DRYUP|40-60,<4|20-40|6-8,RECOVERING,55-60,2-5,-2-0,STRONG_POS,>=1.5,POSITIVE,NO_G2,NO_EARLY,NO_PULL,NO_DRYUP,40-60,<4,20-40,6-8,CTX[<4|20-40|6-8]::DNA[RECOVERING|55-60|2-5|-2-0|STRONG_POS|POSITIVE|>=1.5|NO_G2|NO_EARLY|NO_PULL|NO_DRYUP|40-60],CTX[<4|20-40|6-8]::DNA[RECOVERING|55-60|2-5|-2-0|STRONG_POS|POSITIVE|>=1.5|NO_G2|NO_EARLY|NO_PULL|NO_DRYUP|40-60],CTX[<4|20-40|6-8]::DNA[RECOVERING|55-60|2-5|-2-0|STRONG_POS|POSITIVE|>=1.5|NO_G2|NO_EARLY|NO_PULL|NO_DRYUP|40-60],V4,2026-08-13T08:54:40Z
79081db59f79e13a,79081db59f79e13a,PENDING_OUTCOME,2026-08-13,2026-08-13T08:54:37Z,4.0.0,GEN3_EXPERIENCE,DECISION_CONTEXT_V1,GEE,71500.0,🌱 ĐANG HỒI,71.5,0.0,🟢 MUA / GIỮ,OBV tốt + Xu hướng lên + RSI cải thiện,45.52,4.58,5.3,6.88,-1.58,70947.33,69580.0,1.97,5.06,0.7789863268991226,2.759413624604768,🟢,2595100.0,1369210.0,1.895326502143572,0.78,12.6,12.6,-15.08,False,False,False,MUA EARLY,,,,92283800.0,91292589.0,,False,,,55.36,11.5,0.7,4.0,5.0,7.0,7.0,8.6,1.7,39.0,🔴 Forecast rủi ro,RECOVERING|45-50|5-10|-2-0|STRONG_POS|POSITIVE|>=1.5|NO_G2|NO_EARLY|NO_PULL|NO_DRYUP|40-60,<4|20-40|6-8,RECOVERING,45-50,5-10,-2-0,STRONG_POS,>=1.5,POSITIVE,NO_G2,NO_EARLY,NO_PULL,NO_DRYUP,40-60,<4,20-40,6-8,CTX[<4|20-40|6-8]::DNA[RECOVERING|45-50|5-10|-2-0|STRONG_POS|POSITIVE|>=1.5|NO_G2|NO_EARLY|NO_PULL|NO_DRYUP|40-60],CTX[<4|20-40|6-8]::DNA[RECOVERING|45-50|5-10|-2-0|STRONG_POS|POSITIVE|>=1.5|NO_G2|NO_EARLY|NO_PULL|NO_DRYUP|40-60],CTX[<4|20-40|6-8]::DNA[RECOVERING|45-50|5-10|-2-0|STRONG_POS|POSITIVE|>=1.5|NO_G2|NO_EARLY|NO_PULL|NO_DRYUP|40-60],V4,2026-08-13T08:54:40Z
2fc9e14e92200fb6,2fc9e14e92200fb6,PENDING_OUTCOME,2026-08-13,2026-08-13T08:54:37Z,4.0.0,GEN3_EXPERIENCE,DECISION_CONTEXT_V1,GEG,12350.0,🌱 ĐANG HỒI,71.5,0.0,🟢 MUA / GIỮ,OBV tốt + Vị trí giá tốt + Vol xác nhận,45.98,3.49,2.07,1.65,0.4199999999999999,12247.04,12165.0,0.67,1.48,0.8406929347825942,1.520756267981915,🟢,188413.0,221431.0,0.8508880870338842,0.84,5.56,5.56,-5.73,False,False,False,MUA EARLY,,,,23698000.0,23475872.0,,False,,,54.8,15.0,0.7,6.0,5.0,7.0,7.0,8.6,1.7,39.0,🔴 Forecast rủi ro,RECOVERING|45-50|0-2|0-2|STRONG_POS|POSITIVE|0.7-1.0|NO_G2|NO_EARLY|NO_PULL|NO_DRYUP|40-60,<4|20-40|6-8,RECOVERING,45-50,0-2,0-2,STRONG_POS,0.7-1.0,POSITIVE,NO_G2,NO_EARLY,NO_PULL,NO_DRYUP,40-60,<4,20-40,6-8,CTX[<4|20-40|6-8]::DNA[RECOVERING|45-50|0-2|0-2|STRONG_POS|POSITIVE|0.7-1.0|NO_G2|NO_EARLY|NO_PULL|NO_DRYUP|40-60],CTX[<4|20-40|6-8]::DNA[RECOVERING|45-50|0-2|0-2|STRONG_POS|POSITIVE|0.7-1.0|NO_G2|NO_EARLY|NO_PULL|NO_DRYUP|40-60],CTX[<4|20-40|6-8]::DNA[RECOVERING|45-50|0-2|0-2|STRONG_POS|POSITIVE|0.7-1.0|NO_G2|NO_EARLY|NO_PULL|NO_DRYUP|40-60],V4,2026-08-13T08:54:40Z
9220a78b708ca82e,9220a78b708ca82e,PENDING_OUTCOME,2026-08-13,2026-08-13T08:54:37Z,4.0.0,GEN3_EXPERIENCE,DECISION_CONTEXT_V1,TVS,14000.0,🌱 ĐANG HỒI,71.4,0.0,🟢 MUA / GIỮ,OBV tốt + Vị trí giá tốt + RSI cải thiện,50.55,2.76,2.94,1.82,1.12,13832.84,13870.0,-0.27,2.04,1.2084286379369755,0.9372746935832676,🟢,186800.0,140000.0,1.3342857142857143,1.21,6.46,9.38,-7.89,False,False,False,THEO DÕI,,,,5161100.0,5058849.0,,False,,,49.7,6.5,-1.1,1.0,7.0,7.0,7.0,8.6,1.7,39.0,🔴 Forecast rủi ro,RECOVERING|50-55|0-2|0-2|STRONG_NEG|POSITIVE|1.2-1.5|NO_G2|NO_EARLY|NO_PULL|NO_DRYUP|40-60,<4|20-40|6-8,RECOVERING,50-55,0-2,0-2,STRONG_NEG,1.2-1.5,POSITIVE,NO_G2,NO_EARLY,NO_PULL,NO_DRYUP,40-60,<4,20-40,6-8,CTX[<4|20-40|6-8]::DNA[RECOVERING|50-55|0-2|0-2|STRONG_NEG|POSITIVE|1.2-1.5|NO_G2|NO_EARLY|NO_PULL|NO_DRYUP|40-60],CTX[<4|20-40|6-8]::DNA[RECOVERING|50-55|0-2|0-2|STRONG_NEG|POSITIVE|1.2-1.5|NO_G2|NO_EARLY|NO_PULL|NO_DRYUP|40-60],CTX[<4|20-40|6-8]::DNA[RECOVERING|50-55|0-2|0-2|STRONG_NEG|POSITIVE|1.2-1.5|NO_G2|NO_EARLY|NO_PULL|NO_DRYUP|40-60],V4,2026-08-13T08:54:40Z
12781b4306154d70,12781b4306154d70,PENDING_OUTCOME,2026-08-13,2026-08-13T08:54:37Z,4.0.0,GEN3_EXPERIENCE,DECISION_CONTEXT_V1,ANV,17600.0,🌱 ĐANG HỒI,71.3,0.0,🟢 MUA / GIỮ,OBV tốt + Vol xác nhận + Vị trí giá tốt,44.16,1.67,1.73,0.0,1.73,17559.51,17312.45,1.43,1.68,0.2305872999873059,1.660943425107364,🟢,723700.0,586655.0,1.233604077353811,0.23,8.99,8.99,-5.88,False,False,False,MUA EARLY,,,,45002600.0,44093905.0,,False,,,54.15,2.0,-1.7,3.0,5.0,7.0,7.0,8.6,1.7,39.0,🔴 Forecast rủi ro,RECOVERING|<45|0-2|0-2|STRONG_POS|POSITIVE|1.2-1.5|NO_G2|NO_EARLY|NO_PULL|NO_DRYUP|40-60,<4|20-40|6-8,RECOVERING,<45,0-2,0-2,STRONG_POS,1.2-1.5,POSITIVE,NO_G2,NO_EARLY,NO_PULL,NO_DRYUP,40-60,<4,20-40,6-8,CTX[<4|20-40|6-8]::DNA[RECOVERING|<45|0-2|0-2|STRONG_POS|POSITIVE|1.2-1.5|NO_G2|NO_EARLY|NO_PULL|NO_DRYUP|40-60],CTX[<4|20-40|6-8]::DNA[RECOVERING|<45|0-2|0-2|STRONG_POS|POSITIVE|1.2-1.5|NO_G2|NO_EARLY|NO_PULL|NO_DRYUP|40-60],CTX[<4|20-40|6-8]::DNA[RECOVERING|<45|0-2|0-2|STRONG_POS|POSITIVE|1.2-1.5|NO_G2|NO_EARLY|NO_PULL|NO_DRYUP|40-60],V4,2026-08-13T08:54:40Z
820a747a0fa16e2a,820a747a0fa16e2a,PENDING_OUTCOME,2026-08-13,2026-08-13T08:54:37Z,4.0.0,GEN3_EXPERIENCE,DECISION_CONTEXT_V1,ORS,14100.0,🌱 ĐANG HỒI,70.9,0.0,🟢 MUA / GIỮ,OBV tốt + Vol xác nhận + Vị trí giá tốt,53.36,-2.82,-0.7,-0.7,0.0,14137.28,13787.5,2.54,0.58,-0.2636999479390667,2.2665457842248493,🟢,4560900.0,4640970.0,0.9827471412226324,-0.26,10.16,11.46,-4.41,False,False,False,MUA EARLY,,,,216010100.0,215086453.0,,False,,,55.43,0.5,1.2,3.0,5.0,7.0,7.0,8.6,1.7,39.0,🔴 Forecast rủi ro,RECOVERING|50-55|-2-0|0-2|STRONG_POS|POSITIVE|0.7-1.0|NO_G2|NO_EARLY|NO_PULL|NO_DRYUP|40-60,<4|20-40|6-8,RECOVERING,50-55,-2-0,0-2,STRONG_POS,0.7-1.0,POSITIVE,NO_G2,NO_EARLY,NO_PULL,NO_DRYUP,40-60,<4,20-40,6-8,CTX[<4|20-40|6-8]::DNA[RECOVERING|50-55|-2-0|0-2|STRONG_POS|POSITIVE|0.7-1.0|NO_G2|NO_EARLY|NO_PULL|NO_DRYUP|40-60],CTX[<4|20-40|6-8]::DNA[RECOVERING|50-55|-2-0|0-2|STRONG_POS|POSITIVE|0.7-1.0|NO_G2|NO_EARLY|NO_PULL|NO_DRYUP|40-60],CTX[<4|20-40|6-8]::DNA[RECOVERING|50-55|-2-0|0-2|STRONG_POS|POSITIVE|0.7-1.0|NO_G2|NO_EARLY|NO_PULL|NO_DRYUP|40-60],V4,2026-08-13T08:54:40Z
c0b55b26406f81f5,c0b55b26406f81f5,PENDING_OUTCOME,2026-08-13,2026-08-13T08:54:37Z,4.0.0,GEN3_EXPERIENCE,DECISION_CONTEXT_V1,VGS,18200.0,🌱 ĐANG HỒI,70.4,0.0,🟢 MUA / GIỮ,OBV tốt + Vol xác nhận + Vị trí giá tốt,42.14,2.68,1.68,2.25,-0.5700000000000001,18103.07,17955.0,0.82,2.31,0.5354340451647177,1.3645224171539905,🟢,102800.0,115700.0,0.888504753673293,0.54,7.06,7.06,-9.9,False,False,False,MUA EARLY,,,,4810500.0,4790352.0,,False,,,54.16,12.5,0.7,5.0,5.0,7.0,7.0,8.6,1.7,39.0,🔴 Forecast rủi ro,RECOVERING|<45|2-5|-2-0|STRONG_POS|POSITIVE|0.7-1.0|NO_G2|NO_EARLY|NO_PULL|NO_DRYUP|40-60,<4|20-40|6-8,RECOVERING,<45,2-5,-2-0,STRONG_POS,0.7-1.0,POSITIVE,NO_G2,NO_EARLY,NO_PULL,NO_DRYUP,40-60,<4,20-40,6-8,CTX[<4|20-40|6-8]::DNA[RECOVERING|<45|2-5|-2-0|STRONG_POS|POSITIVE|0.7-1.0|NO_G2|NO_EARLY|NO_PULL|NO_DRYUP|40-60],CTX[<4|20-40|6-8]::DNA[RECOVERING|<45|2-5|-2-0|STRONG_POS|POSITIVE|0.7-1.0|NO_G2|NO_EARLY|NO_PULL|NO_DRYUP|40-60],CTX[<4|20-40|6-8]::DNA[RECOVERING|<45|2-5|-2-0|STRONG_POS|POSITIVE|0.7-1.0|NO_G2|NO_EARLY|NO_PULL|NO_DRYUP|40-60],V4,2026-08-13T08:54:40Z
c47d26613203d961,c47d26613203d961,PENDING_OUTCOME,2026-08-13,2026-08-13T08:54:37Z,4.0.0,GEN3_EXPERIENCE,DECISION_CONTEXT_V1,MCH,136900.0,🌱 ĐANG HỒI,70.4,0.0,🟢 MUA / GIỮ,OBV tốt + Vị trí giá tốt + RSI cải thiện,54.9,2.31,1.48,-2.78,4.26,136110.68,135820.0,0.21,0.25,0.5799104082060413,0.7951700780444604,🟢,292000.0,404910.0,0.721147909411968,0.58,3.06,9.83,-3.25,False,False,False,MUA EARLY,,,,11444700.0,11045201.0,,False,,,55.98,6.0,-3.7,6.0,5.0,7.0,7.0,8.6,1.7,39.0,🔴 Forecast rủi ro,RECOVERING|50-55|<-2|2-5|STRONG_POS|POSITIVE|0.7-1.0|NO_G2|NO_EARLY|NO_PULL|NO_DRYUP|40-60,<4|20-40|6-8,RECOVERING,50-55,<-2,2-5,STRONG_POS,0.7-1.0,POSITIVE,NO_G2,NO_EARLY,NO_PULL,NO_DRYUP,40-60,<4,20-40,6-8,CTX[<4|20-40|6-8]::DNA[RECOVERING|50-55|<-2|2-5|STRONG_POS|POSITIVE|0.7-1.0|NO_G2|NO_EARLY|NO_PULL|NO_DRYUP|40-60],CTX[<4|20-40|6-8]::DNA[RECOVERING|50-55|<-2|2-5|STRONG_POS|POSITIVE|0.7-1.0|NO_G2|NO_EARLY|NO_PULL|NO_DRYUP|40-60],CTX[<4|20-40|6-8]::DNA[RECOVERING|50-55|<-2|2-5|STRONG_POS|POSITIVE|0.7-1.0|NO_G2|NO_EARLY|NO_PULL|NO_DRYUP|40-60],V4,2026-08-13T08:54:40Z
5cbd9fb24e0595f2,5cbd9fb24e0595f2,PENDING_OUTCOME,2026-08-13,2026-08-13T08:54:37Z,4.0.0,GEN3_EXPERIENCE,DECISION_CONTEXT_V1,CTD,62300.0,🌱 ĐANG HỒI,70.4,0.0,🟢 MUA / GIỮ,OBV tốt + Xu hướng lên + Vị trí giá tốt,46.62,-0.21,0.16,5.41,-5.25,62219.81,60205.0,3.35,1.87,0.1288817821848198,3.479777427123998,🟢,260400.0,417670.0,0.6234587114228937,0.13,13.07,13.07,-6.32,False,False,False,MUA EARLY,,,,10705100.0,10547984.0,,False,,,55.12,10.5,-1.7,7.0,5.0,7.0,7.0,8.6,1.7,39.0,🔴 Forecast rủi ro,RECOVERING|45-50|5-10|<-2|STRONG_POS|POSITIVE|<0.7|NO_G2|NO_EARLY|NO_PULL|NO_DRYUP|40-60,<4|20-40|6-8,RECOVERING,45-50,5-10,<-2,STRONG_POS,<0.7,POSITIVE,NO_G2,NO_EARLY,NO_PULL,NO_DRYUP,40-60,<4,20-40,6-8,CTX[<4|20-40|6-8]::DNA[RECOVERING|45-50|5-10|<-2|STRONG_POS|POSITIVE|<0.7|NO_G2|NO_EARLY|NO_PULL|NO_DRYUP|40-60],CTX[<4|20-40|6-8]::DNA[RECOVERING|45-50|5-10|<-2|STRONG_POS|POSITIVE|<0.7|NO_G2|NO_EARLY|NO_PULL|NO_DRYUP|40-60],CTX[<4|20-40|6-8]::DNA[RECOVERING|45-50|5-10|<-2|STRONG_POS|POSITIVE|<0.7|NO_G2|NO_EARLY|NO_PULL|NO_DRYUP|40-60],V4,2026-08-13T08:54:40Z
ad436cd99d285864,ad436cd99d285864,PENDING_OUTCOME,2026-08-13,2026-08-13T08:54:37Z,4.0.0,GEN3_EXPERIENCE,DECISION_CONTEXT_V1,MML,28600.0,🌱 ĐANG HỒI,70.2,0.0,🟢 MUA / GIỮ,OBV tốt + Vị trí giá tốt + RSI cải thiện,53.09,4.17,3.62,-1.72,5.34,28192.6,27830.0,1.3,0.66,1.4450600512191158,2.7667984189723382,🟢,53000.0,24705.0,2.1453147136207247,1.45,7.92,7.92,-2.05,False,False,False,MUA EARLY,,,,-1464000.0,-1516321.0,,False,,,56.02,20.0,-1.7,8.0,5.0,7.0,7.0,8.6,1.7,39.0,🔴 Forecast rủi ro,RECOVERING|50-55|-2-0|>=5|STRONG_POS|POSITIVE|>=1.5|NO_G2|NO_EARLY|NO_PULL|NO_DRYUP|40-60,<4|20-40|6-8,RECOVERING,50-55,-2-0,>=5,STRONG_POS,>=1.5,POSITIVE,NO_G2,NO_EARLY,NO_PULL,NO_DRYUP,40-60,<4,20-40,6-8,CTX[<4|20-40|6-8]::DNA[RECOVERING|50-55|-2-0|>=5|STRONG_POS|POSITIVE|>=1.5|NO_G2|NO_EARLY|NO_PULL|NO_DRYUP|40-60],CTX[<4|20-40|6-8]::DNA[RECOVERING|50-55|-2-0|>=5|STRONG_POS|POSITIVE|>=1.5|NO_G2|NO_EARLY|NO_PULL|NO_DRYUP|40-60],CTX[<4|20-40|6-8]::DNA[RECOVERING|50-55|-2-0|>=5|STRONG_POS|POSITIVE|>=1.5|NO_G2|NO_EARLY|NO_PULL|NO_DRYUP|40-60],V4,2026-08-13T08:54:40Z
aeeeb8d8bd82ac91,aeeeb8d8bd82ac91,PENDING_OUTCOME,2026-08-13,2026-08-13T08:54:37Z,4.0.0,GEN3_EXPERIENCE,DECISION_CONTEXT_V1,SBT,23000.0,🌱 ĐANG HỒI,70.1,0.0,🟢 MUA / GIỮ,OBV tốt + RS mạnh + Xu hướng lên,77.73,22.24,9.79,7.98,1.8099999999999987,21556.74,21097.5,2.18,1.73,6.695168193335355,9.017656120393402,🟢,1525400.0,628050.0,2.428787516917443,6.7,11.38,14.43,6.48,False,False,False,GÀ TĂNG TỐC,,,,107204300.0,104915868.0,,False,,,59.87,17.5,5.1,12.0,0.0,7.0,7.0,8.6,1.7,39.0,🔴 Forecast rủi ro,RECOVERING|>=70|5-10|0-2|STRONG_POS|POSITIVE|>=1.5|NO_G2|NO_EARLY|NO_PULL|NO_DRYUP|40-60,<4|20-40|6-8,RECOVERING,>=70,5-10,0-2,STRONG_POS,>=1.5,POSITIVE,NO_G2,NO_EARLY,NO_PULL,NO_DRYUP,40-60,<4,20-40,6-8,CTX[<4|20-40|6-8]::DNA[RECOVERING|>=70|5-10|0-2|STRONG_POS|POSITIVE|>=1.5|NO_G2|NO_EARLY|NO_PULL|NO_DRYUP|40-60],CTX[<4|20-40|6-8]::DNA[RECOVERING|>=70|5-10|0-2|STRONG_POS|POSITIVE|>=1.5|NO_G2|NO_EARLY|NO_PULL|NO_DRYUP|40-60],CTX[<4|20-40|6-8]::DNA[RECOVERING|>=70|5-10|0-2|STRONG_POS|POSITIVE|>=1.5|NO_G2|NO_EARLY|NO_PULL|NO_DRYUP|40-60],V4,2026-08-13T08:54:40Z
949a4547c9f6cb4e,949a4547c9f6cb4e,PENDING_OUTCOME,2026-08-13,2026-08-13T08:54:37Z,4.0.0,GEN3_EXPERIENCE,DECISION_CONTEXT_V1,PVS,35000.0,🌱 ĐANG HỒI,70.1,0.0,🟢 MUA / GIỮ,OBV tốt + Vị trí giá tốt + Xu hướng lên,47.63,0.08,2.94,0.57,2.37,34824.43,34595.0,0.66,2.45,0.5041575698439216,1.170689405983527,🟢,1792900.0,2720095.0,0.6591313906315772,0.5,5.74,5.74,-9.79,False,False,False,MUA EARLY,,,,126221100.0,125709098.0,,False,,,55.03,10.5,-1.7,6.0,5.0,7.0,7.0,8.6,1.7,39.0,🔴 Forecast rủi ro,RECOVERING|45-50|0-2|2-5|STRONG_POS|POSITIVE|<0.7|NO_G2|NO_EARLY|NO_PULL|NO_DRYUP|40-60,<4|20-40|6-8,RECOVERING,45-50,0-2,2-5,STRONG_POS,<0.7,POSITIVE,NO_G2,NO_EARLY,NO_PULL,NO_DRYUP,40-60,<4,20-40,6-8,CTX[<4|20-40|6-8]::DNA[RECOVERING|45-50|0-2|2-5|STRONG_POS|POSITIVE|<0.7|NO_G2|NO_EARLY|NO_PULL|NO_DRYUP|40-60],CTX[<4|20-40|6-8]::DNA[RECOVERING|45-50|0-2|2-5|STRONG_POS|POSITIVE|<0.7|NO_G2|NO_EARLY|NO_PULL|NO_DRYUP|40-60],CTX[<4|20-40|6-8]::DNA[RECOVERING|45-50|0-2|2-5|STRONG_POS|POSITIVE|<0.7|NO_G2|NO_EARLY|NO_PULL|NO_DRYUP|40-60],V4,2026-08-13T08:54:40Z
a1382e811b1d0689,a1382e811b1d0689,PENDING_OUTCOME,2026-08-13,2026-08-13T08:54:37Z,4.0.0,GEN3_EXPERIENCE,DECISION_CONTEXT_V1,EVF,12700.0,🌱 ĐANG HỒI,70.1,0.0,🟢 MUA / GIỮ,OBV tốt + Vị trí giá tốt + RSI cải thiện,53.51,4.52,2.83,2.42,0.4100000000000001,12476.22,12345.0,1.06,0.94,1.7936522440290537,2.8756581611988574,🟢,3222061.0,1656618.0,1.94496317195636,1.79,7.63,7.63,-0.78,False,False,False,MUA EARLY,,,,155193561.0,151977949.0,,False,,,56.23,21.0,0.9,8.0,5.0,7.0,7.0,8.6,1.7,39.0,🔴 Forecast rủi ro,RECOVERING|50-55|2-5|0-2|STRONG_POS|POSITIVE|>=1.5|NO_G2|NO_EARLY|NO_PULL|NO_DRYUP|40-60,<4|20-40|6-8,RECOVERING,50-55,2-5,0-2,STRONG_POS,>=1.5,POSITIVE,NO_G2,NO_EARLY,NO_PULL,NO_DRYUP,40-60,<4,20-40,6-8,CTX[<4|20-40|6-8]::DNA[RECOVERING|50-55|2-5|0-2|STRONG_POS|POSITIVE|>=1.5|NO_G2|NO_EARLY|NO_PULL|NO_DRYUP|40-60],CTX[<4|20-40|6-8]::DNA[RECOVERING|50-55|2-5|0-2|STRONG_POS|POSITIVE|>=1.5|NO_G2|NO_EARLY|NO_PULL|NO_DRYUP|40-60],CTX[<4|20-40|6-8]::DNA[RECOVERING|50-55|2-5|0-2|STRONG_POS|POSITIVE|>=1.5|NO_G2|NO_EARLY|NO_PULL|NO_DRYUP|40-60],V4,2026-08-13T08:54:40Z
85d12c692f81360a,85d12c692f81360a,PENDING_OUTCOME,2026-08-13,2026-08-13T08:54:37Z,4.0.0,GEN3_EXPERIENCE,DECISION_CONTEXT_V1,MSN,67600.0,🌱 ĐANG HỒI,70.0,0.0,🟢 MUA / GIỮ,OBV tốt + Vị trí giá tốt + Vol xác nhận,49.79,-0.11,1.65,-0.44,2.09,67218.34,66335.0,1.33,0.36,0.5677914688164032,1.9069872616265915,🟢,5681100.0,4227520.0,1.343837521762168,0.57,5.79,5.79,-2.59,False,False,False,MUA EARLY,,,,112403000.0,105770101.0,,False,,,55.33,13.0,-1.7,8.0,5.0,7.0,7.0,8.6,1.7,39.0,🔴 Forecast rủi ro,RECOVERING|45-50|-2-0|2-5|STRONG_POS|POSITIVE|1.2-1.5|NO_G2|NO_EARLY|NO_PULL|NO_DRYUP|40-60,<4|20-40|6-8,RECOVERING,45-50,-2-0,2-5,STRONG_POS,1.2-1.5,POSITIVE,NO_G2,NO_EARLY,NO_PULL,NO_DRYUP,40-60,<4,20-40,6-8,CTX[<4|20-40|6-8]::DNA[RECOVERING|45-50|-2-0|2-5|STRONG_POS|POSITIVE|1.2-1.5|NO_G2|NO_EARLY|NO_PULL|NO_DRYUP|40-60],CTX[<4|20-40|6-8]::DNA[RECOVERING|45-50|-2-0|2-5|STRONG_POS|POSITIVE|1.2-1.5|NO_G2|NO_EARLY|NO_PULL|NO_DRYUP|40-60],CTX[<4|20-40|6-8]::DNA[RECOVERING|45-50|-2-0|2-5|STRONG_POS|POSITIVE|1.2-1.5|NO_G2|NO_EARLY|NO_PULL|NO_DRYUP|40-60],V4,2026-08-13T08:54:40Z
e78196cca0c4a570,e78196cca0c4a570,PENDING_OUTCOME,2026-08-13,2026-08-13T08:54:37Z,4.0.0,GEN3_EXPERIENCE,DECISION_CONTEXT_V1,TVN,9400.0,🌱 ĐANG HỒI,69.8,0.0,🟢 MUA / GIỮ,OBV tốt + Xu hướng lên + Vị trí giá tốt,48.9,2.39,6.82,8.05,-1.2300000000000004,9131.76,9005.0,1.41,2.72,2.937440318186191,4.386451971127148,🟢,1138900.0,485840.0,2.3441873867940064,2.94,13.25,13.25,-10.48,False,False,False,MUA EARLY,,,,38811700.0,37472304.0,,False,,,56.44,17.0,1.8,9.0,5.0,7.0,7.0,8.6,1.7,39.0,🔴 Forecast rủi ro,RECOVERING|45-50|5-10|-2-0|STRONG_POS|POSITIVE|>=1.5|NO_G2|NO_EARLY|NO_PULL|NO_DRYUP|40-60,<4|20-40|6-8,RECOVERING,45-50,5-10,-2-0,STRONG_POS,>=1.5,POSITIVE,NO_G2,NO_EARLY,NO_PULL,NO_DRYUP,40-60,<4,20-40,6-8,CTX[<4|20-40|6-8]::DNA[RECOVERING|45-50|5-10|-2-0|STRONG_POS|POSITIVE|>=1.5|NO_G2|NO_EARLY|NO_PULL|NO_DRYUP|40-60],CTX[<4|20-40|6-8]::DNA[RECOVERING|45-50|5-10|-2-0|STRONG_POS|POSITIVE|>=1.5|NO_G2|NO_EARLY|NO_PULL|NO_DRYUP|40-60],CTX[<4|20-40|6-8]::DNA[RECOVERING|45-50|5-10|-2-0|STRONG_POS|POSITIVE|>=1.5|NO_G2|NO_EARLY|NO_PULL|NO_DRYUP|40-60],V4,2026-08-13T08:54:40Z
3dcc8c57e10878e6,3dcc8c57e10878e6,PENDING_OUTCOME,2026-08-13,2026-08-13T08:54:37Z,4.0.0,GEN3_EXPERIENCE,DECISION_CONTEXT_V1,HDB,26700.0,🌱 ĐANG HỒI,69.4,0.0,🟢 MUA / GIỮ,OBV tốt + Vol xác nhận + Vị trí giá tốt,53.7,-4.49,0.56,3.89,-3.33,26645.03,26277.5,1.4,0.89,0.2063048906306486,1.60783940633622,🟢,10762432.0,10820852.0,0.9946011644924078,0.21,6.37,7.23,-2.55,False,False,False,MUA EARLY,,,,929359168.0,929249677.0,,False,,,56.01,3.5,-18.5,5.0,5.0,7.0,7.0,8.6,1.7,39.0,🔴 Forecast rủi ro,RECOVERING|50-55|2-5|<-2|STRONG_POS|POSITIVE|0.7-1.0|NO_G2|NO_EARLY|NO_PULL|NO_DRYUP|40-60,<4|20-40|6-8,RECOVERING,50-55,2-5,<-2,STRONG_POS,0.7-1.0,POSITIVE,NO_G2,NO_EARLY,NO_PULL,NO_DRYUP,40-60,<4,20-40,6-8,CTX[<4|20-40|6-8]::DNA[RECOVERING|50-55|2-5|<-2|STRONG_POS|POSITIVE|0.7-1.0|NO_G2|NO_EARLY|NO_PULL|NO_DRYUP|40-60],CTX[<4|20-40|6-8]::DNA[RECOVERING|50-55|2-5|<-2|STRONG_POS|POSITIVE|0.7-1.0|NO_G2|NO_EARLY|NO_PULL|NO_DRYUP|40-60],CTX[<4|20-40|6-8]::DNA[RECOVERING|50-55|2-5|<-2|STRONG_POS|POSITIVE|0.7-1.0|NO_G2|NO_EARLY|NO_PULL|NO_DRYUP|40-60],V4,2026-08-13T08:54:40Z
af3a49f6793e267d,af3a49f6793e267d,PENDING_OUTCOME,2026-08-13,2026-08-13T08:54:37Z,4.0.0,GEN3_EXPERIENCE,DECISION_CONTEXT_V1,NTP,51800.0,🌱 ĐANG HỒI,69.3,0.0,🟢 MUA / GIỮ,OBV tốt + RSI cải thiện + Vị trí giá tốt,67.11,15.59,7.25,7.02,0.2300000000000004,49249.23,48650.0,1.23,0.86,5.179309402400811,6.474820143884896,🟢,649900.0,124645.0,5.214007782101167,5.18,8.82,8.82,3.6,False,False,False,MUA BREAK,,,,10676500.0,10142102.0,,False,,,60.55,18.5,-6.0,11.0,2.0,7.0,7.0,8.6,1.7,39.0,🔴 Forecast rủi ro,RECOVERING|65-70|5-10|0-2|STRONG_POS|POSITIVE|>=1.5|NO_G2|NO_EARLY|NO_PULL|NO_DRYUP|60-75,<4|20-40|6-8,RECOVERING,65-70,5-10,0-2,STRONG_POS,>=1.5,POSITIVE,NO_G2,NO_EARLY,NO_PULL,NO_DRYUP,60-75,<4,20-40,6-8,CTX[<4|20-40|6-8]::DNA[RECOVERING|65-70|5-10|0-2|STRONG_POS|POSITIVE|>=1.5|NO_G2|NO_EARLY|NO_PULL|NO_DRYUP|60-75],CTX[<4|20-40|6-8]::DNA[RECOVERING|65-70|5-10|0-2|STRONG_POS|POSITIVE|>=1.5|NO_G2|NO_EARLY|NO_PULL|NO_DRYUP|60-75],CTX[<4|20-40|6-8]::DNA[RECOVERING|65-70|5-10|0-2|STRONG_POS|POSITIVE|>=1.5|NO_G2|NO_EARLY|NO_PULL|NO_DRYUP|60-75],V4,2026-08-13T08:54:40Z
4845da5efb9ffa0f,4845da5efb9ffa0f,PENDING_OUTCOME,2026-08-13,2026-08-13T08:54:37Z,4.0.0,GEN3_EXPERIENCE,DECISION_CONTEXT_V1,VTO,10600.0,🌱 ĐANG HỒI,68.8,0.0,🟢 MUA / GIỮ,OBV tốt + Vị trí giá tốt + Xu hướng lên,56.86,-3.23,1.44,0.47,0.97,10546.26,10355.0,1.85,0.49,0.5095645280886352,2.3660067600193235,🟢,33900.0,73715.0,0.4598792647358068,0.51,5.47,5.47,-1.4,False,False,False,PULL VỪA,,,,2058500.0,2025729.0,,False,,,57.19,9.0,17.1,7.0,4.0,7.0,7.0,8.6,1.7,39.0,🔴 Forecast rủi ro,RECOVERING|55-60|0-2|0-2|STRONG_POS|POSITIVE|<0.7|NO_G2|NO_EARLY|NO_PULL|NO_DRYUP|40-60,<4|20-40|6-8,RECOVERING,55-60,0-2,0-2,STRONG_POS,<0.7,POSITIVE,NO_G2,NO_EARLY,NO_PULL,NO_DRYUP,40-60,<4,20-40,6-8,CTX[<4|20-40|6-8]::DNA[RECOVERING|55-60|0-2|0-2|STRONG_POS|POSITIVE|<0.7|NO_G2|NO_EARLY|NO_PULL|NO_DRYUP|40-60],CTX[<4|20-40|6-8]::DNA[RECOVERING|55-60|0-2|0-2|STRONG_POS|POSITIVE|<0.7|NO_G2|NO_EARLY|NO_PULL|NO_DRYUP|40-60],CTX[<4|20-40|6-8]::DNA[RECOVERING|55-60|0-2|0-2|STRONG_POS|POSITIVE|<0.7|NO_G2|NO_EARLY|NO_PULL|NO_DRYUP|40-60],V4,2026-08-13T08:54:40Z
5843749dbea189d4,5843749dbea189d4,PENDING_OUTCOME,2026-08-13,2026-08-13T08:54:37Z,4.0.0,GEN3_EXPERIENCE,DECISION_CONTEXT_V1,NT2,21550.0,🌱 ĐANG HỒI,68.6,0.0,🟢 MUA / GIỮ,OBV tốt + Vị trí giá tốt + RSI cải thiện,49.84,-0.27,2.13,2.38,-0.25,21459.78,21275.0,0.87,0.65,0.4204143751706635,1.292596944770863,🟢,385600.0,577210.0,0.6680410942291367,0.42,5.12,5.12,-1.6,False,False,False,MUA EARLY,,,,14895400.0,14500705.0,,False,,,55.47,2.0,-1.7,6.0,5.0,7.0,7.0,8.6,1.7,39.0,🔴 Forecast rủi ro,RECOVERING|45-50|2-5|-2-0|STRONG_POS|POSITIVE|<0.7|NO_G2|NO_EARLY|NO_PULL|NO_DRYUP|40-60,<4|20-40|6-8,RECOVERING,45-50,2-5,-2-0,STRONG_POS,<0.7,POSITIVE,NO_G2,NO_EARLY,NO_PULL,NO_DRYUP,40-60,<4,20-40,6-8,CTX[<4|20-40|6-8]::DNA[RECOVERING|45-50|2-5|-2-0|STRONG_POS|POSITIVE|<0.7|NO_G2|NO_EARLY|NO_PULL|NO_DRYUP|40-60],CTX[<4|20-40|6-8]::DNA[RECOVERING|45-50|2-5|-2-0|STRONG_POS|POSITIVE|<0.7|NO_G2|NO_EARLY|NO_PULL|NO_DRYUP|40-60],CTX[<4|20-40|6-8]::DNA[RECOVERING|45-50|2-5|-2-0|STRONG_POS|POSITIVE|<0.7|NO_G2|NO_EARLY|NO_PULL|NO_DRYUP|40-60],V4,2026-08-13T08:54:40Z
35c698bc22fad403,35c698bc22fad403,PENDING_OUTCOME,2026-08-13,2026-08-13T08:54:37Z,4.0.0,GEN3_EXPERIENCE,DECISION_CONTEXT_V1,NKG,11050.0,🌱 ĐANG HỒI,68.5,0.0,🟢 MUA / GIỮ,OBV tốt + Vol xác nhận + Vị trí giá tốt,45.32,-3.97,0.45,-0.45,0.9,11091.07,10887.5,1.87,1.2,-0.3702979063336498,1.49253731343284,🟢,2161000.0,1975735.0,1.0937701665456148,-0.37,6.25,6.25,-5.96,False,False,False,TÍCH LŨY,,,,277784700.0,277555084.0,,False,,,52.56,-1.0,-0.8,2.0,6.0,7.0,7.0,8.6,1.7,39.0,🔴 Forecast rủi ro,RECOVERING|45-50|-2-0|0-2|STRONG_POS|POSITIVE|1.0-1.2|NO_G2|NO_EARLY|NO_PULL|NO_DRYUP|40-60,<4|20-40|6-8,RECOVERING,45-50,-2-0,0-2,STRONG_POS,1.0-1.2,POSITIVE,NO_G2,NO_EARLY,NO_PULL,NO_DRYUP,40-60,<4,20-40,6-8,CTX[<4|20-40|6-8]::DNA[RECOVERING|45-50|-2-0|0-2|STRONG_POS|POSITIVE|1.0-1.2|NO_G2|NO_EARLY|NO_PULL|NO_DRYUP|40-60],CTX[<4|20-40|6-8]::DNA[RECOVERING|45-50|-2-0|0-2|STRONG_POS|POSITIVE|1.0-1.2|NO_G2|NO_EARLY|NO_PULL|NO_DRYUP|40-60],CTX[<4|20-40|6-8]::DNA[RECOVERING|45-50|-2-0|0-2|STRONG_POS|POSITIVE|1.0-1.2|NO_G2|NO_EARLY|NO_PULL|NO_DRYUP|40-60],V4,2026-08-13T08:54:40Z
2c6fad0e3762e1ee,2c6fad0e3762e1ee,PENDING_OUTCOME,2026-08-13,2026-08-13T08:54:37Z,4.0.0,GEN3_EXPERIENCE,DECISION_CONTEXT_V1,HHV,10150.0,🌱 ĐANG HỒI,68.3,0.0,🟢 MUA / GIỮ,OBV tốt + Vol xác nhận + Vị trí giá tốt,46.86,-3.03,1.0,1.0,0.0,10148.26,10054.0,0.94,0.93,0.0171457964222465,0.9548438432464668,🟢,2884500.0,2681125.0,1.075854352184251,0.02,3.57,3.57,-3.79,False,False,False,MUA EARLY,,,,171984400.0,170209653.0,,False,,,54.66,11.0,0.7,4.0,5.0,7.0,7.0,8.6,1.7,39.0,🔴 Forecast rủi ro,RECOVERING|45-50|0-2|0-2|STRONG_POS|POSITIVE|1.0-1.2|NO_G2|NO_EARLY|NO_PULL|NO_DRYUP|40-60,<4|20-40|6-8,RECOVERING,45-50,0-2,0-2,STRONG_POS,1.0-1.2,POSITIVE,NO_G2,NO_EARLY,NO_PULL,NO_DRYUP,40-60,<4,20-40,6-8,CTX[<4|20-40|6-8]::DNA[RECOVERING|45-50|0-2|0-2|STRONG_POS|POSITIVE|1.0-1.2|NO_G2|NO_EARLY|NO_PULL|NO_DRYUP|40-60],CTX[<4|20-40|6-8]::DNA[RECOVERING|45-50|0-2|0-2|STRONG_POS|POSITIVE|1.0-1.2|NO_G2|NO_EARLY|NO_PULL|NO_DRYUP|40-60],CTX[<4|20-40|6-8]::DNA[RECOVERING|45-50|0-2|0-2|STRONG_POS|POSITIVE|1.0-1.2|NO_G2|NO_EARLY|NO_PULL|NO_DRYUP|40-60],V4,2026-08-13T08:54:40Z
11f758586f6eb9b5,11f758586f6eb9b5,PENDING_OUTCOME,2026-08-13,2026-08-13T08:54:37Z,4.0.0,GEN3_EXPERIENCE,DECISION_CONTEXT_V1,DPM,21900.0,🌱 ĐANG HỒI,68.0,0.0,🟢 MUA / GIỮ,OBV tốt + Vol xác nhận + Vị trí giá tốt,49.59,-6.6,1.86,-0.27,2.13,22030.07,21695.0,1.54,0.76,-0.5904202755597221,0.9449181839133348,🟢,2360400.0,2820180.0,0.8369678531157586,-0.59,6.05,6.05,-4.37,False,False,False,MUA EARLY,,,,79269300.0,78358523.0,,False,,,55.01,-2.5,-10.1,3.0,5.0,7.0,7.0,8.6,1.7,39.0,🔴 Forecast rủi ro,RECOVERING|45-50|-2-0|2-5|STRONG_POS|POSITIVE|0.7-1.0|NO_G2|NO_EARLY|NO_PULL|NO_DRYUP|40-60,<4|20-40|6-8,RECOVERING,45-50,-2-0,2-5,STRONG_POS,0.7-1.0,POSITIVE,NO_G2,NO_EARLY,NO_PULL,NO_DRYUP,40-60,<4,20-40,6-8,CTX[<4|20-40|6-8]::DNA[RECOVERING|45-50|-2-0|2-5|STRONG_POS|POSITIVE|0.7-1.0|NO_G2|NO_EARLY|NO_PULL|NO_DRYUP|40-60],CTX[<4|20-40|6-8]::DNA[RECOVERING|45-50|-2-0|2-5|STRONG_POS|POSITIVE|0.7-1.0|NO_G2|NO_EARLY|NO_PULL|NO_DRYUP|40-60],CTX[<4|20-40|6-8]::DNA[RECOVERING|45-50|-2-0|2-5|STRONG_POS|POSITIVE|0.7-1.0|NO_G2|NO_EARLY|NO_PULL|NO_DRYUP|40-60],V4,2026-08-13T08:54:40Z
af56cd15e5e4887b,af56cd15e5e4887b,PENDING_OUTCOME,2026-08-13,2026-08-13T08:54:37Z,4.0.0,GEN3_EXPERIENCE,DECISION_CONTEXT_V1,PVD,18300.0,🟡 TRUNG TÍNH,67.6,1.0,👀 THEO DÕI,OBV tốt + Vị trí giá tốt + RSI cải thiện,47.62,0.78,3.1,-3.17,6.27,18290.34,18390.0,-0.54,1.72,0.0528147645150411,-0.4893964110929905,🟢,1972800.0,3295375.0,0.598657208967113,0.05,4.57,4.57,-8.04,False,False,False,MUA EARLY,,,,275069000.0,273777828.0,,False,,,54.88,6.0,-3.8,4.0,5.0,7.0,7.0,8.6,1.7,39.0,🔴 Forecast rủi ro,NEUTRAL|45-50|<-2|>=5|STRONG_NEG|POSITIVE|<0.7|NO_G2|NO_EARLY|NO_PULL|NO_DRYUP|40-60,<4|20-40|6-8,NEUTRAL,45-50,<-2,>=5,STRONG_NEG,<0.7,POSITIVE,NO_G2,NO_EARLY,NO_PULL,NO_DRYUP,40-60,<4,20-40,6-8,CTX[<4|20-40|6-8]::DNA[NEUTRAL|45-50|<-2|>=5|STRONG_NEG|POSITIVE|<0.7|NO_G2|NO_EARLY|NO_PULL|NO_DRYUP|40-60],CTX[<4|20-40|6-8]::DNA[NEUTRAL|45-50|<-2|>=5|STRONG_NEG|POSITIVE|<0.7|NO_G2|NO_EARLY|NO_PULL|NO_DRYUP|40-60],CTX[<4|20-40|6-8]::DNA[NEUTRAL|45-50|<-2|>=5|STRONG_NEG|POSITIVE|<0.7|NO_G2|NO_EARLY|NO_PULL|NO_DRYUP|40-60],V4,2026-08-13T08:54:40Z
399073004910f262,399073004910f262,PENDING_OUTCOME,2026-08-13,2026-08-13T08:54:37Z,4.0.0,GEN3_EXPERIENCE,DECISION_CONTEXT_V1,PHR,59000.0,🟡 TRUNG TÍNH,67.4,1.0,👀 THEO DÕI,OBV tốt + Vị trí giá tốt + Xu hướng lên,48.45,-2.48,1.9,3.15,-1.25,58630.88,57995.0,1.1,1.09,0.6295658533523651,1.7329080093111404,🟢,221051.0,339563.0,0.6509867093882431,0.63,7.27,7.27,-4.84,False,False,False,MUA EARLY,,,,16926051.0,16816915.0,,False,,,55.3,0.5,-1.7,6.0,5.0,7.0,7.0,8.6,1.7,39.0,🔴 Forecast rủi ro,NEUTRAL|45-50|2-5|-2-0|STRONG_POS|POSITIVE|<0.7|NO_G2|NO_EARLY|NO_PULL|NO_DRYUP|40-60,<4|20-40|6-8,NEUTRAL,45-50,2-5,-2-0,STRONG_POS,<0.7,POSITIVE,NO_G2,NO_EARLY,NO_PULL,NO_DRYUP,40-60,<4,20-40,6-8,CTX[<4|20-40|6-8]::DNA[NEUTRAL|45-50|2-5|-2-0|STRONG_POS|POSITIVE|<0.7|NO_G2|NO_EARLY|NO_PULL|NO_DRYUP|40-60],CTX[<4|20-40|6-8]::DNA[NEUTRAL|45-50|2-5|-2-0|STRONG_POS|POSITIVE|<0.7|NO_G2|NO_EARLY|NO_PULL|NO_DRYUP|40-60],CTX[<4|20-40|6-8]::DNA[NEUTRAL|45-50|2-5|-2-0|STRONG_POS|POSITIVE|<0.7|NO_G2|NO_EARLY|NO_PULL|NO_DRYUP|40-60],V4,2026-08-13T08:54:40Z
78b40771e63b94d9,78b40771e63b94d9,PENDING_OUTCOME,2026-08-13,2026-08-13T08:54:37Z,4.0.0,GEN3_EXPERIENCE,DECISION_CONTEXT_V1,VCG,15800.0,🟡 TRUNG TÍNH,66.1,1.0,👀 THEO DÕI,OBV tốt + Vol xác nhận + Xu hướng lên,42.29,-1.61,0.96,0.96,0.0,15862.63,15717.45,0.92,2.13,-0.3948273394764889,0.525212423134791,🟢,2352672.0,3077259.0,0.7645349318988099,-0.39,4.64,4.64,-11.24,False,False,False,MUA EARLY,,,,237142128.0,235737820.0,,False,,,53.88,10.5,0.7,3.0,5.0,7.0,7.0,8.6,1.7,39.0,🔴 Forecast rủi ro,NEUTRAL|<45|0-2|0-2|STRONG_POS|POSITIVE|0.7-1.0|NO_G2|NO_EARLY|NO_PULL|NO_DRYUP|40-60,<4|20-40|6-8,NEUTRAL,<45,0-2,0-2,STRONG_POS,0.7-1.0,POSITIVE,NO_G2,NO_EARLY,NO_PULL,NO_DRYUP,40-60,<4,20-40,6-8,CTX[<4|20-40|6-8]::DNA[NEUTRAL|<45|0-2|0-2|STRONG_POS|POSITIVE|0.7-1.0|NO_G2|NO_EARLY|NO_PULL|NO_DRYUP|40-60],CTX[<4|20-40|6-8]::DNA[NEUTRAL|<45|0-2|0-2|STRONG_POS|POSITIVE|0.7-1.0|NO_G2|NO_EARLY|NO_PULL|NO_DRYUP|40-60],CTX[<4|20-40|6-8]::DNA[NEUTRAL|<45|0-2|0-2|STRONG_POS|POSITIVE|0.7-1.0|NO_G2|NO_EARLY|NO_PULL|NO_DRYUP|40-60],V4,2026-08-13T08:54:40Z
778d296b91bf9ed5,778d296b91bf9ed5,PENDING_OUTCOME,2026-08-13,2026-08-13T08:54:37Z,4.0.0,GEN3_EXPERIENCE,DECISION_CONTEXT_V1,BMP,149400.0,🟡 TRUNG TÍNH,65.2,1.0,👀 THEO DÕI,OBV tốt + Vị trí giá tốt + RSI cải thiện,50.71,1.74,1.22,0.88,0.3399999999999999,149161.0,150015.0,-0.57,0.19,0.1602295506198059,-0.4099590040995915,🟢,72400.0,123605.0,0.5857368229440557,0.16,1.22,13.27,-4.23,False,False,False,MUA EARLY,,,,2122000.0,2110414.0,,False,,,55.27,12.0,0.6,4.0,5.0,7.0,7.0,8.6,1.7,39.0,🔴 Forecast rủi ro,NEUTRAL|50-55|0-2|0-2|STRONG_NEG|POSITIVE|<0.7|NO_G2|NO_EARLY|NO_PULL|NO_DRYUP|40-60,<4|20-40|6-8,NEUTRAL,50-55,0-2,0-2,STRONG_NEG,<0.7,POSITIVE,NO_G2,NO_EARLY,NO_PULL,NO_DRYUP,40-60,<4,20-40,6-8,CTX[<4|20-40|6-8]::DNA[NEUTRAL|50-55|0-2|0-2|STRONG_NEG|POSITIVE|<0.7|NO_G2|NO_EARLY|NO_PULL|NO_DRYUP|40-60],CTX[<4|20-40|6-8]::DNA[NEUTRAL|50-55|0-2|0-2|STRONG_NEG|POSITIVE|<0.7|NO_G2|NO_EARLY|NO_PULL|NO_DRYUP|40-60],CTX[<4|20-40|6-8]::DNA[NEUTRAL|50-55|0-2|0-2|STRONG_NEG|POSITIVE|<0.7|NO_G2|NO_EARLY|NO_PULL|NO_DRYUP|40-60],V4,2026-08-13T08:54:40Z
b60bc5c833f27cbe,b60bc5c833f27cbe,PENDING_OUTCOME,2026-08-13,2026-08-13T08:54:37Z,4.0.0,GEN3_EXPERIENCE,DECISION_CONTEXT_V1,BSI,28350.0,🟡 TRUNG TÍNH,65.0,1.0,👀 THEO DÕI,OBV tốt + Vol xác nhận + Xu hướng lên,41.5,-3.8,1.43,1.25,0.1799999999999999,28610.64,28487.45,0.43,2.57,-0.9109897576565884,-0.4824931680441735,🟢,406900.0,456755.0,0.890849580190693,-0.91,8.0,8.0,-13.44,False,False,False,MUA EARLY,,,,22514000.0,22428053.0,,False,,,53.82,5.0,-1.7,3.0,5.0,7.0,7.0,8.6,1.7,39.0,🔴 Forecast rủi ro,NEUTRAL|<45|0-2|0-2|STRONG_POS|POSITIVE|0.7-1.0|NO_G2|NO_EARLY|NO_PULL|NO_DRYUP|40-60,<4|20-40|6-8,NEUTRAL,<45,0-2,0-2,STRONG_POS,0.7-1.0,POSITIVE,NO_G2,NO_EARLY,NO_PULL,NO_DRYUP,40-60,<4,20-40,6-8,CTX[<4|20-40|6-8]::DNA[NEUTRAL|<45|0-2|0-2|STRONG_POS|POSITIVE|0.7-1.0|NO_G2|NO_EARLY|NO_PULL|NO_DRYUP|40-60],CTX[<4|20-40|6-8]::DNA[NEUTRAL|<45|0-2|0-2|STRONG_POS|POSITIVE|0.7-1.0|NO_G2|NO_EARLY|NO_PULL|NO_DRYUP|40-60],CTX[<4|20-40|6-8]::DNA[NEUTRAL|<45|0-2|0-2|STRONG_POS|POSITIVE|0.7-1.0|NO_G2|NO_EARLY|NO_PULL|NO_DRYUP|40-60],V4,2026-08-13T08:54:40Z
4b920f9cb1def2c3,4b920f9cb1def2c3,PENDING_OUTCOME,2026-08-13,2026-08-13T08:54:37Z,4.0.0,GEN3_EXPERIENCE,DECISION_CONTEXT_V1,VHC,54100.0,🟡 TRUNG TÍNH,64.7,1.0,👀 THEO DÕI,OBV tốt + Vị trí giá tốt + RSI cải thiện,48.53,12.69,2.85,0.0,2.85,53046.42,53530.0,-0.9,1.42,1.986147227277546,1.064823463478426,🟢,1293682.0,361019.0,3.583418047249591,1.99,5.25,5.25,-5.75,False,False,False,MUA EARLY,,,,2799582.0,1072363.0,,False,,,55.12,26.0,4.1,6.0,5.0,7.0,7.0,8.6,1.7,39.0,🔴 Forecast rủi ro,NEUTRAL|45-50|0-2|2-5|STRONG_NEG|POSITIVE|>=1.5|NO_G2|NO_EARLY|NO_PULL|NO_DRYUP|40-60,<4|20-40|6-8,NEUTRAL,45-50,0-2,2-5,STRONG_NEG,>=1.5,POSITIVE,NO_G2,NO_EARLY,NO_PULL,NO_DRYUP,40-60,<4,20-40,6-8,CTX[<4|20-40|6-8]::DNA[NEUTRAL|45-50|0-2|2-5|STRONG_NEG|POSITIVE|>=1.5|NO_G2|NO_EARLY|NO_PULL|NO_DRYUP|40-60],CTX[<4|20-40|6-8]::DNA[NEUTRAL|45-50|0-2|2-5|STRONG_NEG|POSITIVE|>=1.5|NO_G2|NO_EARLY|NO_PULL|NO_DRYUP|40-60],CTX[<4|20-40|6-8]::DNA[NEUTRAL|45-50|0-2|2-5|STRONG_NEG|POSITIVE|>=1.5|NO_G2|NO_EARLY|NO_PULL|NO_DRYUP|40-60],V4,2026-08-13T08:54:40Z
e3eda90269b29d67,e3eda90269b29d67,PENDING_OUTCOME,2026-08-13,2026-08-13T08:54:37Z,4.0.0,GEN3_EXPERIENCE,DECISION_CONTEXT_V1,TPB,14450.0,🟡 TRUNG TÍNH,64.3,1.0,👀 THEO DÕI,OBV tốt + Vol xác nhận + Vị trí giá tốt,42.08,-5.58,-0.34,0.35,-0.69,14569.17,14427.5,0.98,1.0,-0.817960117151495,0.1559521746664405,🟢,9680316.0,9304721.0,1.0403660679347613,-0.82,3.96,3.96,-6.77,False,False,False,TÍCH LŨY,,,,443134972.0,442146745.0,,False,,,52.05,-2.0,-0.8,2.0,6.0,7.0,7.0,8.6,1.7,39.0,🔴 Forecast rủi ro,NEUTRAL|<45|0-2|-2-0|STRONG_POS|POSITIVE|1.0-1.2|NO_G2|NO_EARLY|NO_PULL|NO_DRYUP|40-60,<4|20-40|6-8,NEUTRAL,<45,0-2,-2-0,STRONG_POS,1.0-1.2,POSITIVE,NO_G2,NO_EARLY,NO_PULL,NO_DRYUP,40-60,<4,20-40,6-8,CTX[<4|20-40|6-8]::DNA[NEUTRAL|<45|0-2|-2-0|STRONG_POS|POSITIVE|1.0-1.2|NO_G2|NO_EARLY|NO_PULL|NO_DRYUP|40-60],CTX[<4|20-40|6-8]::DNA[NEUTRAL|<45|0-2|-2-0|STRONG_POS|POSITIVE|1.0-1.2|NO_G2|NO_EARLY|NO_PULL|NO_DRYUP|40-60],CTX[<4|20-40|6-8]::DNA[NEUTRAL|<45|0-2|-2-0|STRONG_POS|POSITIVE|1.0-1.2|NO_G2|NO_EARLY|NO_PULL|NO_DRYUP|40-60],V4,2026-08-13T08:54:40Z
2d20d73c632bf5af,2d20d73c632bf5af,PENDING_OUTCOME,2026-08-13,2026-08-13T08:54:37Z,4.0.0,GEN3_EXPERIENCE,DECISION_CONTEXT_V1,VSC,14350.0,🟡 TRUNG TÍNH,64.3,1.0,👀 THEO DÕI,OBV tốt + Vol xác nhận + Xu hướng lên,42.62,-6.6,-3.69,5.13,-8.82,14567.56,14100.0,3.32,1.18,-1.493455321275483,1.773049645390068,🟢,11659700.0,10056805.0,1.1593841185147769,-1.49,12.99,12.99,-6.82,False,False,False,MUA EARLY,,,,272318900.0,271410399.0,,False,,,54.28,-3.5,-1.7,4.0,5.0,7.0,7.0,8.6,1.7,39.0,🔴 Forecast rủi ro,NEUTRAL|<45|5-10|<-2|STRONG_POS|POSITIVE|1.0-1.2|NO_G2|NO_EARLY|NO_PULL|NO_DRYUP|40-60,<4|20-40|6-8,NEUTRAL,<45,5-10,<-2,STRONG_POS,1.0-1.2,POSITIVE,NO_G2,NO_EARLY,NO_PULL,NO_DRYUP,40-60,<4,20-40,6-8,CTX[<4|20-40|6-8]::DNA[NEUTRAL|<45|5-10|<-2|STRONG_POS|POSITIVE|1.0-1.2|NO_G2|NO_EARLY|NO_PULL|NO_DRYUP|40-60],CTX[<4|20-40|6-8]::DNA[NEUTRAL|<45|5-10|<-2|STRONG_POS|POSITIVE|1.0-1.2|NO_G2|NO_EARLY|NO_PULL|NO_DRYUP|40-60],CTX[<4|20-40|6-8]::DNA[NEUTRAL|<45|5-10|<-2|STRONG_POS|POSITIVE|1.0-1.2|NO_G2|NO_EARLY|NO_PULL|NO_DRYUP|40-60],V4,2026-08-13T08:54:40Z
2b13d5c22bfae514,2b13d5c22bfae514,PENDING_OUTCOME,2026-08-13,2026-08-13T08:54:37Z,4.0.0,GEN3_EXPERIENCE,DECISION_CONTEXT_V1,LAS,12100.0,🟡 TRUNG TÍNH,64.1,1.0,👀 THEO DÕI,OBV tốt + Vol xác nhận + Xu hướng lên,40.96,-5.27,0.0,3.42,-3.42,12185.71,12025.0,1.34,2.11,-0.7033648429184636,0.6237006237006293,🟢,251100.0,208145.0,1.2063705589853226,-0.7,5.22,5.22,-12.32,False,False,False,THEO DÕI,,,,-19202900.0,-19230341.0,,False,,,48.09,-5.0,-6.3,1.0,7.0,7.0,7.0,8.6,1.7,39.0,🔴 Forecast rủi ro,NEUTRAL|<45|2-5|<-2|STRONG_POS|POSITIVE|1.2-1.5|NO_G2|NO_EARLY|NO_PULL|NO_DRYUP|40-60,<4|20-40|6-8,NEUTRAL,<45,2-5,<-2,STRONG_POS,1.2-1.5,POSITIVE,NO_G2,NO_EARLY,NO_PULL,NO_DRYUP,40-60,<4,20-40,6-8,CTX[<4|20-40|6-8]::DNA[NEUTRAL|<45|2-5|<-2|STRONG_POS|POSITIVE|1.2-1.5|NO_G2|NO_EARLY|NO_PULL|NO_DRYUP|40-60],CTX[<4|20-40|6-8]::DNA[NEUTRAL|<45|2-5|<-2|STRONG_POS|POSITIVE|1.2-1.5|NO_G2|NO_EARLY|NO_PULL|NO_DRYUP|40-60],CTX[<4|20-40|6-8]::DNA[NEUTRAL|<45|2-5|<-2|STRONG_POS|POSITIVE|1.2-1.5|NO_G2|NO_EARLY|NO_PULL|NO_DRYUP|40-60],V4,2026-08-13T08:54:40Z
a37e446676f02803,a37e446676f02803,PENDING_OUTCOME,2026-08-13,2026-08-13T08:54:37Z,4.0.0,GEN3_EXPERIENCE,DECISION_CONTEXT_V1,OIL,13200.0,🟡 TRUNG TÍNH,63.7,1.0,👀 THEO DÕI,OBV tốt + Vị trí giá tốt,46.6,-8.88,2.33,-1.49,3.82,13317.34,13280.0,0.28,1.35,-0.8811068877118133,-0.6024096385542133,🟢,735900.0,1223925.0,0.6012623322507507,-0.88,2.33,3.94,-8.97,False,False,False,MUA EARLY,,,,91537400.0,91193041.0,,False,,,54.65,-1.0,-1.7,4.0,5.0,7.0,7.0,8.6,1.7,39.0,🔴 Forecast rủi ro,NEUTRAL|45-50|-2-0|2-5|STRONG_POS|POSITIVE|<0.7|NO_G2|NO_EARLY|NO_PULL|NO_DRYUP|40-60,<4|20-40|6-8,NEUTRAL,45-50,-2-0,2-5,STRONG_POS,<0.7,POSITIVE,NO_G2,NO_EARLY,NO_PULL,NO_DRYUP,40-60,<4,20-40,6-8,CTX[<4|20-40|6-8]::DNA[NEUTRAL|45-50|-2-0|2-5|STRONG_POS|POSITIVE|<0.7|NO_G2|NO_EARLY|NO_PULL|NO_DRYUP|40-60],CTX[<4|20-40|6-8]::DNA[NEUTRAL|45-50|-2-0|2-5|STRONG_POS|POSITIVE|<0.7|NO_G2|NO_EARLY|NO_PULL|NO_DRYUP|40-60],CTX[<4|20-40|6-8]::DNA[NEUTRAL|45-50|-2-0|2-5|STRONG_POS|POSITIVE|<0.7|NO_G2|NO_EARLY|NO_PULL|NO_DRYUP|40-60],V4,2026-08-13T08:54:40Z
4dc5795499cdd6b6,4dc5795499cdd6b6,PENDING_OUTCOME,2026-08-13,2026-08-13T08:54:37Z,4.0.0,GEN3_EXPERIENCE,DECISION_CONTEXT_V1,DXS,5840.0,🟡 TRUNG TÍNH,62.8,1.0,👀 THEO DÕI,OBV tốt + Vol xác nhận,38.25,-0.91,-0.68,-1.52,0.84,5923.7,5932.5,-0.15,2.84,-1.4129682461974769,-1.5592077538980176,🟢,1723600.0,1880840.0,0.9163990557410518,-1.41,4.1,4.1,-16.21,False,False,False,THEO DÕI,,,,49149600.0,47162272.0,,False,,,47.36,2.0,-6.3,1.0,7.0,7.0,7.0,8.6,1.7,39.0,🔴 Forecast rủi ro,NEUTRAL|<45|-2-0|0-2|NEG|POSITIVE|0.7-1.0|NO_G2|NO_EARLY|NO_PULL|NO_DRYUP|40-60,<4|20-40|6-8,NEUTRAL,<45,-2-0,0-2,NEG,0.7-1.0,POSITIVE,NO_G2,NO_EARLY,NO_PULL,NO_DRYUP,40-60,<4,20-40,6-8,CTX[<4|20-40|6-8]::DNA[NEUTRAL|<45|-2-0|0-2|NEG|POSITIVE|0.7-1.0|NO_G2|NO_EARLY|NO_PULL|NO_DRYUP|40-60],CTX[<4|20-40|6-8]::DNA[NEUTRAL|<45|-2-0|0-2|NEG|POSITIVE|0.7-1.0|NO_G2|NO_EARLY|NO_PULL|NO_DRYUP|40-60],CTX[<4|20-40|6-8]::DNA[NEUTRAL|<45|-2-0|0-2|NEG|POSITIVE|0.7-1.0|NO_G2|NO_EARLY|NO_PULL|NO_DRYUP|40-60],V4,2026-08-13T08:54:40Z
540644819b216567,540644819b216567,PENDING_OUTCOME,2026-08-13,2026-08-13T08:54:37Z,4.0.0,GEN3_EXPERIENCE,DECISION_CONTEXT_V1,VHM,71800.0,🟡 TRUNG TÍNH,62.7,1.0,👀 THEO DÕI,OBV tốt + Vol xác nhận + Xu hướng lên,49.34,0.17,-6.87,-2.91,-3.96,72847.82,70857.5,2.81,-1.0,-1.4383683684700663,1.3301344247256708,🟢,7888876.0,6368659.0,1.2387028415244088,-1.44,13.16,13.16,-12.12,False,False,False,THEO DÕI,,,,368205724.0,363913722.0,,False,,,49.03,-2.0,-3.7,0.0,7.0,7.0,7.0,8.6,1.7,39.0,🔴 Forecast rủi ro,NEUTRAL|45-50|<-2|<-2|STRONG_POS|POSITIVE|1.2-1.5|NO_G2|NO_EARLY|NO_PULL|NO_DRYUP|40-60,<4|20-40|6-8,NEUTRAL,45-50,<-2,<-2,STRONG_POS,1.2-1.5,POSITIVE,NO_G2,NO_EARLY,NO_PULL,NO_DRYUP,40-60,<4,20-40,6-8,CTX[<4|20-40|6-8]::DNA[NEUTRAL|45-50|<-2|<-2|STRONG_POS|POSITIVE|1.2-1.5|NO_G2|NO_EARLY|NO_PULL|NO_DRYUP|40-60],CTX[<4|20-40|6-8]::DNA[NEUTRAL|45-50|<-2|<-2|STRONG_POS|POSITIVE|1.2-1.5|NO_G2|NO_EARLY|NO_PULL|NO_DRYUP|40-60],CTX[<4|20-40|6-8]::DNA[NEUTRAL|45-50|<-2|<-2|STRONG_POS|POSITIVE|1.2-1.5|NO_G2|NO_EARLY|NO_PULL|NO_DRYUP|40-60],V4,2026-08-13T08:54:40Z
4e5c2e0969efaef6,4e5c2e0969efaef6,PENDING_OUTCOME,2026-08-13,2026-08-13T08:54:37Z,4.0.0,GEN3_EXPERIENCE,DECISION_CONTEXT_V1,VGC,40600.0,🟡 TRUNG TÍNH,62.5,1.0,👀 THEO DÕI,Xu hướng lên + Vị trí giá tốt + RS mạnh,60.9,-3.93,7.98,7.55,0.4300000000000006,39589.41,37887.5,4.49,2.4,2.5526775973675697,7.159353348729791,🔴,341700.0,460155.0,0.7425758711738436,2.55,16.33,16.33,-2.17,False,False,False,MUA EARLY,,,,29439600.0,29570293.0,,False,,,58.31,5.0,-10.4,8.0,5.0,7.0,7.0,8.6,1.7,39.0,🔴 Forecast rủi ro,NEUTRAL|60-65|5-10|0-2|STRONG_POS|NEGATIVE|0.7-1.0|NO_G2|NO_EARLY|NO_PULL|NO_DRYUP|40-60,<4|20-40|6-8,NEUTRAL,60-65,5-10,0-2,STRONG_POS,0.7-1.0,NEGATIVE,NO_G2,NO_EARLY,NO_PULL,NO_DRYUP,40-60,<4,20-40,6-8,CTX[<4|20-40|6-8]::DNA[NEUTRAL|60-65|5-10|0-2|STRONG_POS|NEGATIVE|0.7-1.0|NO_G2|NO_EARLY|NO_PULL|NO_DRYUP|40-60],CTX[<4|20-40|6-8]::DNA[NEUTRAL|60-65|5-10|0-2|STRONG_POS|NEGATIVE|0.7-1.0|NO_G2|NO_EARLY|NO_PULL|NO_DRYUP|40-60],CTX[<4|20-40|6-8]::DNA[NEUTRAL|60-65|5-10|0-2|STRONG_POS|NEGATIVE|0.7-1.0|NO_G2|NO_EARLY|NO_PULL|NO_DRYUP|40-60],V4,2026-08-13T08:54:40Z
4d205d266817fc05,4d205d266817fc05,PENDING_OUTCOME,2026-08-13,2026-08-13T08:54:37Z,4.0.0,GEN3_EXPERIENCE,DECISION_CONTEXT_V1,ACB,22200.0,🟡 TRUNG TÍNH,61.8,1.0,👀 THEO DÕI,OBV tốt + Vol xác nhận + Vị trí giá tốt,45.6,-7.3,0.23,-0.67,0.9,22465.63,22512.5,-0.21,0.6,-1.1823839349263787,-1.3881177123820088,🟢,12450152.0,14412858.0,0.8638225673214848,-1.18,1.37,12.75,-6.92,False,False,False,THEO DÕI,,,,-12050152.0,-13586942.0,,False,,,48.52,3.5,-0.2,1.0,7.0,7.0,7.0,8.6,1.7,39.0,🔴 Forecast rủi ro,NEUTRAL|45-50|-2-0|0-2|STRONG_NEG|POSITIVE|0.7-1.0|NO_G2|NO_EARLY|NO_PULL|NO_DRYUP|40-60,<4|20-40|6-8,NEUTRAL,45-50,-2-0,0-2,STRONG_NEG,0.7-1.0,POSITIVE,NO_G2,NO_EARLY,NO_PULL,NO_DRYUP,40-60,<4,20-40,6-8,CTX[<4|20-40|6-8]::DNA[NEUTRAL|45-50|-2-0|0-2|STRONG_NEG|POSITIVE|0.7-1.0|NO_G2|NO_EARLY|NO_PULL|NO_DRYUP|40-60],CTX[<4|20-40|6-8]::DNA[NEUTRAL|45-50|-2-0|0-2|STRONG_NEG|POSITIVE|0.7-1.0|NO_G2|NO_EARLY|NO_PULL|NO_DRYUP|40-60],CTX[<4|20-40|6-8]::DNA[NEUTRAL|45-50|-2-0|0-2|STRONG_NEG|POSITIVE|0.7-1.0|NO_G2|NO_EARLY|NO_PULL|NO_DRYUP|40-60],V4,2026-08-13T08:54:40Z
8e9d9435fb3449f4,8e9d9435fb3449f4,PENDING_OUTCOME,2026-08-13,2026-08-13T08:54:37Z,4.0.0,GEN3_EXPERIENCE,DECISION_CONTEXT_V1,MSB,16149.0,🟡 TRUNG TÍNH,59.4,1.0,👀 THEO DÕI,OBV tốt + Vị trí giá tốt,55.47,-4.67,0.0,2.53,-2.53,16130.84,16062.3,0.43,0.2,0.1125793821028509,0.5397732578771519,🟢,42424186.0,8198374.0,5.174707326111251,0.11,2.53,13.73,-1.83,False,False,False,PULL VỪA,,,,802924586.0,767112720.0,,False,,,57.15,14.0,-4.8,9.0,4.0,7.0,7.0,8.6,1.7,39.0,🔴 Forecast rủi ro,NEUTRAL|55-60|2-5|<-2|STRONG_POS|POSITIVE|>=1.5|NO_G2|NO_EARLY|NO_PULL|NO_DRYUP|40-60,<4|20-40|6-8,NEUTRAL,55-60,2-5,<-2,STRONG_POS,>=1.5,POSITIVE,NO_G2,NO_EARLY,NO_PULL,NO_DRYUP,40-60,<4,20-40,6-8,CTX[<4|20-40|6-8]::DNA[NEUTRAL|55-60|2-5|<-2|STRONG_POS|POSITIVE|>=1.5|NO_G2|NO_EARLY|NO_PULL|NO_DRYUP|40-60],CTX[<4|20-40|6-8]::DNA[NEUTRAL|55-60|2-5|<-2|STRONG_POS|POSITIVE|>=1.5|NO_G2|NO_EARLY|NO_PULL|NO_DRYUP|40-60],CTX[<4|20-40|6-8]::DNA[NEUTRAL|55-60|2-5|<-2|STRONG_POS|POSITIVE|>=1.5|NO_G2|NO_EARLY|NO_PULL|NO_DRYUP|40-60],V4,2026-08-13T08:54:40Z
4ac07491436a9d6e,4ac07491436a9d6e,PENDING_OUTCOME,2026-08-13,2026-08-13T08:54:37Z,4.0.0,GEN3_EXPERIENCE,DECISION_CONTEXT_V1,GEX,25400.0,🟡 TRUNG TÍNH,57.8,1.0,👀 THEO DÕI,Xu hướng lên + Vị trí giá tốt + Vol xác nhận,51.55,-4.44,3.04,14.93,-11.89,25039.04,23385.0,7.07,3.4,1.4415888149066358,8.616634594825733,🔴,17763058.0,13917113.0,1.2763464663971615,1.44,25.12,25.12,-4.87,False,False,False,MUA EARLY,,,,537815342.0,545914042.0,,False,,,56.83,1.0,-10.4,4.0,5.0,7.0,7.0,8.6,1.7,39.0,🔴 Forecast rủi ro,NEUTRAL|50-55|>=10|<-2|STRONG_POS|NEGATIVE|1.2-1.5|NO_G2|NO_EARLY|NO_PULL|NO_DRYUP|40-60,<4|20-40|6-8,NEUTRAL,50-55,>=10,<-2,STRONG_POS,1.2-1.5,NEGATIVE,NO_G2,NO_EARLY,NO_PULL,NO_DRYUP,40-60,<4,20-40,6-8,CTX[<4|20-40|6-8]::DNA[NEUTRAL|50-55|>=10|<-2|STRONG_POS|NEGATIVE|1.2-1.5|NO_G2|NO_EARLY|NO_PULL|NO_DRYUP|40-60],CTX[<4|20-40|6-8]::DNA[NEUTRAL|50-55|>=10|<-2|STRONG_POS|NEGATIVE|1.2-1.5|NO_G2|NO_EARLY|NO_PULL|NO_DRYUP|40-60],CTX[<4|20-40|6-8]::DNA[NEUTRAL|50-55|>=10|<-2|STRONG_POS|NEGATIVE|1.2-1.5|NO_G2|NO_EARLY|NO_PULL|NO_DRYUP|40-60],V4,2026-08-13T08:54:40Z
8f2461575b110a3c,8f2461575b110a3c,PENDING_OUTCOME,2026-08-13,2026-08-13T08:54:37Z,4.0.0,GEN3_EXPERIENCE,DECISION_CONTEXT_V1,CTG,32150.0,🟡 TRUNG TÍNH,56.9,1.0,👀 THEO DÕI,Vol xác nhận + Vị trí giá tốt + Xu hướng lên,54.59,-6.51,2.55,5.58,-3.03,31901.11,30836.45,3.45,0.76,0.7801922879799417,4.259731583888549,🔴,9187522.0,9024101.0,1.0181093939440615,0.78,11.83,11.83,-2.58,False,False,False,MUA EARLY,,,,373229578.0,376581982.0,,False,,,56.48,-7.5,5.0,5.0,5.0,7.0,7.0,8.6,1.7,39.0,🔴 Forecast rủi ro,NEUTRAL|50-55|5-10|<-2|STRONG_POS|NEGATIVE|1.0-1.2|NO_G2|NO_EARLY|NO_PULL|NO_DRYUP|40-60,<4|20-40|6-8,NEUTRAL,50-55,5-10,<-2,STRONG_POS,1.0-1.2,NEGATIVE,NO_G2,NO_EARLY,NO_PULL,NO_DRYUP,40-60,<4,20-40,6-8,CTX[<4|20-40|6-8]::DNA[NEUTRAL|50-55|5-10|<-2|STRONG_POS|NEGATIVE|1.0-1.2|NO_G2|NO_EARLY|NO_PULL|NO_DRYUP|40-60],CTX[<4|20-40|6-8]::DNA[NEUTRAL|50-55|5-10|<-2|STRONG_POS|NEGATIVE|1.0-1.2|NO_G2|NO_EARLY|NO_PULL|NO_DRYUP|40-60],CTX[<4|20-40|6-8]::DNA[NEUTRAL|50-55|5-10|<-2|STRONG_POS|NEGATIVE|1.0-1.2|NO_G2|NO_EARLY|NO_PULL|NO_DRYUP|40-60],V4,2026-08-13T08:54:40Z
df32f9c121cdecc3,df32f9c121cdecc3,PENDING_OUTCOME,2026-08-13,2026-08-13T08:54:37Z,4.0.0,GEN3_EXPERIENCE,DECISION_CONTEXT_V1,VGI,85000.0,🟡 TRUNG TÍNH,55.2,1.0,👀 THEO DÕI,Vol xác nhận + Xu hướng lên + Vị trí giá tốt,53.28,-10.13,1.43,7.87,-6.44,84881.26,81200.0,4.53,0.66,0.1398895350988027,4.679802955665036,🔴,314500.0,304875.0,1.031570315703157,0.14,13.94,13.94,-7.61,False,False,False,MUA EARLY,,,,-13308500.0,-13197606.0,,False,,,56.38,-9.0,-7.7,5.0,5.0,7.0,7.0,8.6,1.7,39.0,🔴 Forecast rủi ro,NEUTRAL|50-55|5-10|<-2|STRONG_POS|NEGATIVE|1.0-1.2|NO_G2|NO_EARLY|NO_PULL|NO_DRYUP|40-60,<4|20-40|6-8,NEUTRAL,50-55,5-10,<-2,STRONG_POS,1.0-1.2,NEGATIVE,NO_G2,NO_EARLY,NO_PULL,NO_DRYUP,40-60,<4,20-40,6-8,CTX[<4|20-40|6-8]::DNA[NEUTRAL|50-55|5-10|<-2|STRONG_POS|NEGATIVE|1.0-1.2|NO_G2|NO_EARLY|NO_PULL|NO_DRYUP|40-60],CTX[<4|20-40|6-8]::DNA[NEUTRAL|50-55|5-10|<-2|STRONG_POS|NEGATIVE|1.0-1.2|NO_G2|NO_EARLY|NO_PULL|NO_DRYUP|40-60],CTX[<4|20-40|6-8]::DNA[NEUTRAL|50-55|5-10|<-2|STRONG_POS|NEGATIVE|1.0-1.2|NO_G2|NO_EARLY|NO_PULL|NO_DRYUP|40-60],V4,2026-08-13T08:54:40Z
796884ff7ae2588f,796884ff7ae2588f,PENDING_OUTCOME,2026-08-13,2026-08-13T08:54:37Z,4.0.0,GEN3_EXPERIENCE,DECISION_CONTEXT_V1,BID,38850.0,🟡 TRUNG TÍNH,54.8,1.0,👀 THEO DÕI,Vị trí giá tốt + Xu hướng lên + Vol xác nhận,52.23,-5.36,2.51,4.3,-1.79,38589.17,37442.5,3.06,1.23,0.6759150300460037,3.7590972824998334,🔴,5660200.0,4487410.0,1.2613512025867928,0.68,11.96,11.96,-2.63,False,False,False,MUA EARLY,,,,147714400.0,148177678.0,,False,,,55.87,-7.5,2.4,3.0,5.0,7.0,7.0,8.6,1.7,39.0,🔴 Forecast rủi ro,NEUTRAL|50-55|2-5|-2-0|STRONG_POS|NEGATIVE|1.2-1.5|NO_G2|NO_EARLY|NO_PULL|NO_DRYUP|40-60,<4|20-40|6-8,NEUTRAL,50-55,2-5,-2-0,STRONG_POS,1.2-1.5,NEGATIVE,NO_G2,NO_EARLY,NO_PULL,NO_DRYUP,40-60,<4,20-40,6-8,CTX[<4|20-40|6-8]::DNA[NEUTRAL|50-55|2-5|-2-0|STRONG_POS|NEGATIVE|1.2-1.5|NO_G2|NO_EARLY|NO_PULL|NO_DRYUP|40-60],CTX[<4|20-40|6-8]::DNA[NEUTRAL|50-55|2-5|-2-0|STRONG_POS|NEGATIVE|1.2-1.5|NO_G2|NO_EARLY|NO_PULL|NO_DRYUP|40-60],CTX[<4|20-40|6-8]::DNA[NEUTRAL|50-55|2-5|-2-0|STRONG_POS|NEGATIVE|1.2-1.5|NO_G2|NO_EARLY|NO_PULL|NO_DRYUP|40-60],V4,2026-08-13T08:54:40Z
98d0b69120763582,98d0b69120763582,PENDING_OUTCOME,2026-08-13,2026-08-13T08:54:37Z,4.0.0,GEN3_EXPERIENCE,DECISION_CONTEXT_V1,VNM,61600.0,🟡 TRUNG TÍNH,54.0,1.0,👀 THEO DÕI,Vị trí giá tốt + Vol xác nhận + RS mạnh,62.17,-3.21,4.41,0.65,3.76,61021.67,59910.0,1.86,-0.26,0.9477452845849664,2.8208980136871897,🔴,4257000.0,5790475.0,0.7351728485141548,0.95,6.57,12.41,-2.69,False,False,False,MUA EARLY,,,,-8565300.0,-5800924.0,,False,,,57.39,-5.0,-16.3,6.0,5.0,7.0,7.0,8.6,1.7,39.0,🔴 Forecast rủi ro,NEUTRAL|60-65|0-2|2-5|STRONG_POS|NEGATIVE|0.7-1.0|NO_G2|NO_EARLY|NO_PULL|NO_DRYUP|40-60,<4|20-40|6-8,NEUTRAL,60-65,0-2,2-5,STRONG_POS,0.7-1.0,NEGATIVE,NO_G2,NO_EARLY,NO_PULL,NO_DRYUP,40-60,<4,20-40,6-8,CTX[<4|20-40|6-8]::DNA[NEUTRAL|60-65|0-2|2-5|STRONG_POS|NEGATIVE|0.7-1.0|NO_G2|NO_EARLY|NO_PULL|NO_DRYUP|40-60],CTX[<4|20-40|6-8]::DNA[NEUTRAL|60-65|0-2|2-5|STRONG_POS|NEGATIVE|0.7-1.0|NO_G2|NO_EARLY|NO_PULL|NO_DRYUP|40-60],CTX[<4|20-40|6-8]::DNA[NEUTRAL|60-65|0-2|2-5|STRONG_POS|NEGATIVE|0.7-1.0|NO_G2|NO_EARLY|NO_PULL|NO_DRYUP|40-60],V4,2026-08-13T08:54:40Z
e71e13cc9d07494c,e71e13cc9d07494c,PENDING_OUTCOME,2026-08-13,2026-08-13T08:54:37Z,4.0.0,GEN3_EXPERIENCE,DECISION_CONTEXT_V1,VCB,59500.0,🔴 YẾU,53.4,2.0,⏳ CHỜ,OBV xấu + Thiếu mẫu xác nhận,54.48,-4.68,0.85,5.31,-4.46,59254.81,57461.5,3.12,0.41,0.4137891928098325,3.547592736005845,🔴,4619669.0,5186173.0,0.8907664669111501,0.41,10.19,10.19,-2.46,False,False,False,MUA EARLY,,,,126712031.0,130004756.0,,False,,,56.28,-7.5,-4.9,5.0,5.0,7.0,7.0,8.6,1.7,39.0,🔴 Forecast rủi ro,WEAK|50-55|5-10|<-2|STRONG_POS|NEGATIVE|0.7-1.0|NO_G2|NO_EARLY|NO_PULL|NO_DRYUP|40-60,<4|20-40|6-8,WEAK,50-55,5-10,<-2,STRONG_POS,0.7-1.0,NEGATIVE,NO_G2,NO_EARLY,NO_PULL,NO_DRYUP,40-60,<4,20-40,6-8,CTX[<4|20-40|6-8]::DNA[WEAK|50-55|5-10|<-2|STRONG_POS|NEGATIVE|0.7-1.0|NO_G2|NO_EARLY|NO_PULL|NO_DRYUP|40-60],CTX[<4|20-40|6-8]::DNA[WEAK|50-55|5-10|<-2|STRONG_POS|NEGATIVE|0.7-1.0|NO_G2|NO_EARLY|NO_PULL|NO_DRYUP|40-60],CTX[<4|20-40|6-8]::DNA[WEAK|50-55|5-10|<-2|STRONG_POS|NEGATIVE|0.7-1.0|NO_G2|NO_EARLY|NO_PULL|NO_DRYUP|40-60],V4,2026-08-13T08:54:40Z
ca3dd1783da51f78,ca3dd1783da51f78,PENDING_OUTCOME,2026-08-13,2026-08-13T08:54:37Z,4.0.0,GEN3_EXPERIENCE,DECISION_CONTEXT_V1,NLG,22500.0,🔴 YẾU,52.1,2.0,⏳ CHỜ,OBV xấu + Thiếu mẫu xác nhận,45.41,-0.87,3.21,4.41,-1.2000000000000002,22315.66,22122.5,0.87,2.82,0.8260566794797919,1.7064075036727244,🔴,1888902.0,2345480.0,0.8053370738612139,0.83,12.5,12.5,-11.76,False,False,False,MUA EARLY,,,,47804098.0,48374411.0,,False,,,54.94,0.0,-1.7,4.0,5.0,7.0,7.0,8.6,1.7,39.0,🔴 Forecast rủi ro,WEAK|45-50|2-5|-2-0|STRONG_POS|NEGATIVE|0.7-1.0|NO_G2|NO_EARLY|NO_PULL|NO_DRYUP|40-60,<4|20-40|6-8,WEAK,45-50,2-5,-2-0,STRONG_POS,0.7-1.0,NEGATIVE,NO_G2,NO_EARLY,NO_PULL,NO_DRYUP,40-60,<4,20-40,6-8,CTX[<4|20-40|6-8]::DNA[WEAK|45-50|2-5|-2-0|STRONG_POS|NEGATIVE|0.7-1.0|NO_G2|NO_EARLY|NO_PULL|NO_DRYUP|40-60],CTX[<4|20-40|6-8]::DNA[WEAK|45-50|2-5|-2-0|STRONG_POS|NEGATIVE|0.7-1.0|NO_G2|NO_EARLY|NO_PULL|NO_DRYUP|40-60],CTX[<4|20-40|6-8]::DNA[WEAK|45-50|2-5|-2-0|STRONG_POS|NEGATIVE|0.7-1.0|NO_G2|NO_EARLY|NO_PULL|NO_DRYUP|40-60],V4,2026-08-13T08:54:40Z
ba4f05f144d1a5fa,ba4f05f144d1a5fa,PENDING_OUTCOME,2026-08-13,2026-08-13T08:54:37Z,4.0.0,GEN3_EXPERIENCE,DECISION_CONTEXT_V1,PET,39600.0,🔴 YẾU,52.0,2.0,⏳ CHỜ,OBV xấu + Vol chưa xác nhận + Thiếu mẫu xác nhận,60.41,-0.97,1.8,4.21,-2.41,39229.55,37682.5,4.11,0.79,0.9443136615127968,5.088568964373375,🔴,2256888.0,511634.0,4.411137649178905,0.94,13.79,18.88,-5.49,False,False,False,MUA EARLY,,,,68770012.0,69679169.0,,False,,,57.13,-3.5,-16.0,4.0,5.0,7.0,7.0,8.6,1.7,39.0,🔴 Forecast rủi ro,WEAK|60-65|2-5|<-2|STRONG_POS|NEGATIVE|>=1.5|NO_G2|NO_EARLY|NO_PULL|NO_DRYUP|40-60,<4|20-40|6-8,WEAK,60-65,2-5,<-2,STRONG_POS,>=1.5,NEGATIVE,NO_G2,NO_EARLY,NO_PULL,NO_DRYUP,40-60,<4,20-40,6-8,CTX[<4|20-40|6-8]::DNA[WEAK|60-65|2-5|<-2|STRONG_POS|NEGATIVE|>=1.5|NO_G2|NO_EARLY|NO_PULL|NO_DRYUP|40-60],CTX[<4|20-40|6-8]::DNA[WEAK|60-65|2-5|<-2|STRONG_POS|NEGATIVE|>=1.5|NO_G2|NO_EARLY|NO_PULL|NO_DRYUP|40-60],CTX[<4|20-40|6-8]::DNA[WEAK|60-65|2-5|<-2|STRONG_POS|NEGATIVE|>=1.5|NO_G2|NO_EARLY|NO_PULL|NO_DRYUP|40-60],V4,2026-08-13T08:54:40Z
81bbd2ee2f1d5d85,81bbd2ee2f1d5d85,PENDING_OUTCOME,2026-08-13,2026-08-13T08:54:37Z,4.0.0,GEN3_EXPERIENCE,DECISION_CONTEXT_V1,NHA,8370.0,🔴 YẾU,51.3,2.0,⏳ CHỜ,OBV xấu + Thiếu mẫu xác nhận,43.84,1.58,1.45,2.21,-0.76,8321.21,8248.9,0.88,1.96,0.5863329972443987,1.4680745311496102,🔴,75500.0,95075.0,0.7941099132264002,0.59,10.13,10.13,-8.22,False,False,False,MUA EARLY,,,,6922100.0,6960110.0,,False,,,54.4,9.5,0.9,5.0,5.0,7.0,7.0,8.6,1.7,39.0,🔴 Forecast rủi ro,WEAK|<45|2-5|-2-0|STRONG_POS|NEGATIVE|0.7-1.0|NO_G2|NO_EARLY|NO_PULL|NO_DRYUP|40-60,<4|20-40|6-8,WEAK,<45,2-5,-2-0,STRONG_POS,0.7-1.0,NEGATIVE,NO_G2,NO_EARLY,NO_PULL,NO_DRYUP,40-60,<4,20-40,6-8,CTX[<4|20-40|6-8]::DNA[WEAK|<45|2-5|-2-0|STRONG_POS|NEGATIVE|0.7-1.0|NO_G2|NO_EARLY|NO_PULL|NO_DRYUP|40-60],CTX[<4|20-40|6-8]::DNA[WEAK|<45|2-5|-2-0|STRONG_POS|NEGATIVE|0.7-1.0|NO_G2|NO_EARLY|NO_PULL|NO_DRYUP|40-60],CTX[<4|20-40|6-8]::DNA[WEAK|<45|2-5|-2-0|STRONG_POS|NEGATIVE|0.7-1.0|NO_G2|NO_EARLY|NO_PULL|NO_DRYUP|40-60],V4,2026-08-13T08:54:40Z
7221712689d0f60c,7221712689d0f60c,PENDING_OUTCOME,2026-08-13,2026-08-13T08:54:37Z,4.0.0,GEN3_EXPERIENCE,DECISION_CONTEXT_V1,FOX,65400.0,🔴 YẾU,50.8,2.0,⏳ CHỜ,OBV xấu + Thiếu mẫu xác nhận,43.83,-1.39,1.4,1.4,0.0,65414.63,64435.0,1.52,0.91,-0.0223650275175457,1.4976332738418474,🔴,63200.0,67155.0,0.9411063956518502,-0.02,7.21,7.21,-5.22,False,False,False,TÍCH LŨY,,,,5456900.0,5465713.0,,False,,,52.54,-6.5,-0.8,2.0,6.0,7.0,7.0,8.6,1.7,39.0,🔴 Forecast rủi ro,WEAK|<45|0-2|0-2|STRONG_POS|NEGATIVE|0.7-1.0|NO_G2|NO_EARLY|NO_PULL|NO_DRYUP|40-60,<4|20-40|6-8,WEAK,<45,0-2,0-2,STRONG_POS,0.7-1.0,NEGATIVE,NO_G2,NO_EARLY,NO_PULL,NO_DRYUP,40-60,<4,20-40,6-8,CTX[<4|20-40|6-8]::DNA[WEAK|<45|0-2|0-2|STRONG_POS|NEGATIVE|0.7-1.0|NO_G2|NO_EARLY|NO_PULL|NO_DRYUP|40-60],CTX[<4|20-40|6-8]::DNA[WEAK|<45|0-2|0-2|STRONG_POS|NEGATIVE|0.7-1.0|NO_G2|NO_EARLY|NO_PULL|NO_DRYUP|40-60],CTX[<4|20-40|6-8]::DNA[WEAK|<45|0-2|0-2|STRONG_POS|NEGATIVE|0.7-1.0|NO_G2|NO_EARLY|NO_PULL|NO_DRYUP|40-60],V4,2026-08-13T08:54:40Z
564211b0dbedf14f,564211b0dbedf14f,PENDING_OUTCOME,2026-08-13,2026-08-13T08:54:37Z,4.0.0,GEN3_EXPERIENCE,DECISION_CONTEXT_V1,TCX,40000.0,🔴 YẾU,49.7,2.0,⏳ CHỜ,OBV xấu + Thiếu mẫu xác nhận,45.44,0.29,1.52,-1.48,3.0,40146.69,40207.5,-0.15,1.39,-0.3653850417058124,-0.516072871976625,🔴,1889922.0,1610911.0,1.1732007541074585,-0.37,6.67,6.67,-8.05,False,False,False,THEO DÕI,,,,17879778.0,19498543.0,,False,,,48.61,8.5,2.4,1.0,7.0,7.0,7.0,8.6,1.7,39.0,🔴 Forecast rủi ro,WEAK|45-50|-2-0|2-5|NEG|NEGATIVE|1.0-1.2|NO_G2|NO_EARLY|NO_PULL|NO_DRYUP|40-60,<4|20-40|6-8,WEAK,45-50,-2-0,2-5,NEG,1.0-1.2,NEGATIVE,NO_G2,NO_EARLY,NO_PULL,NO_DRYUP,40-60,<4,20-40,6-8,CTX[<4|20-40|6-8]::DNA[WEAK|45-50|-2-0|2-5|NEG|NEGATIVE|1.0-1.2|NO_G2|NO_EARLY|NO_PULL|NO_DRYUP|40-60],CTX[<4|20-40|6-8]::DNA[WEAK|45-50|-2-0|2-5|NEG|NEGATIVE|1.0-1.2|NO_G2|NO_EARLY|NO_PULL|NO_DRYUP|40-60],CTX[<4|20-40|6-8]::DNA[WEAK|45-50|-2-0|2-5|NEG|NEGATIVE|1.0-1.2|NO_G2|NO_EARLY|NO_PULL|NO_DRYUP|40-60],V4,2026-08-13T08:54:40Z
36ed476086c6e676,36ed476086c6e676,PENDING_OUTCOME,2026-08-13,2026-08-13T08:54:37Z,4.0.0,GEN3_EXPERIENCE,DECISION_CONTEXT_V1,SHS,15800.0,🔴 YẾU,49.5,2.0,⏳ CHỜ,OBV xấu + Thiếu mẫu xác nhận,45.24,-1.89,0.64,1.28,-0.64,15781.93,15525.0,1.65,1.66,0.1144980366786452,1.7713365539452577,🔴,15948200.0,11453690.0,1.3924071631063877,0.11,10.49,10.49,-7.6,False,False,False,THEO DÕI,,,,694746396.0,708570028.0,,False,,,48.62,-3.0,-6.3,1.0,7.0,7.0,7.0,8.6,1.7,39.0,🔴 Forecast rủi ro,WEAK|45-50|0-2|-2-0|STRONG_POS|NEGATIVE|1.2-1.5|NO_G2|NO_EARLY|NO_PULL|NO_DRYUP|40-60,<4|20-40|6-8,WEAK,45-50,0-2,-2-0,STRONG_POS,1.2-1.5,NEGATIVE,NO_G2,NO_EARLY,NO_PULL,NO_DRYUP,40-60,<4,20-40,6-8,CTX[<4|20-40|6-8]::DNA[WEAK|45-50|0-2|-2-0|STRONG_POS|NEGATIVE|1.2-1.5|NO_G2|NO_EARLY|NO_PULL|NO_DRYUP|40-60],CTX[<4|20-40|6-8]::DNA[WEAK|45-50|0-2|-2-0|STRONG_POS|NEGATIVE|1.2-1.5|NO_G2|NO_EARLY|NO_PULL|NO_DRYUP|40-60],CTX[<4|20-40|6-8]::DNA[WEAK|45-50|0-2|-2-0|STRONG_POS|NEGATIVE|1.2-1.5|NO_G2|NO_EARLY|NO_PULL|NO_DRYUP|40-60],V4,2026-08-13T08:54:40Z
b5511b0c4f566c90,b5511b0c4f566c90,PENDING_OUTCOME,2026-08-13,2026-08-13T08:54:37Z,4.0.0,GEN3_EXPERIENCE,DECISION_CONTEXT_V1,CEO,11900.0,🔴 YẾU,49.1,2.0,⏳ CHỜ,OBV xấu + Thiếu mẫu xác nhận,41.35,-3.52,0.85,1.71,-0.86,11996.12,11830.0,1.4,3.16,-0.801259073767191,0.591715976331364,🔴,6045300.0,6010260.0,1.005830030647593,-0.8,10.19,10.19,-14.39,False,False,False,THEO DÕI,,,,295636600.0,296223635.0,,False,,,48.07,2.5,-3.7,1.0,7.0,7.0,7.0,8.6,1.7,39.0,🔴 Forecast rủi ro,WEAK|<45|0-2|-2-0|STRONG_POS|NEGATIVE|1.0-1.2|NO_G2|NO_EARLY|NO_PULL|NO_DRYUP|40-60,<4|20-40|6-8,WEAK,<45,0-2,-2-0,STRONG_POS,1.0-1.2,NEGATIVE,NO_G2,NO_EARLY,NO_PULL,NO_DRYUP,40-60,<4,20-40,6-8,CTX[<4|20-40|6-8]::DNA[WEAK|<45|0-2|-2-0|STRONG_POS|NEGATIVE|1.0-1.2|NO_G2|NO_EARLY|NO_PULL|NO_DRYUP|40-60],CTX[<4|20-40|6-8]::DNA[WEAK|<45|0-2|-2-0|STRONG_POS|NEGATIVE|1.0-1.2|NO_G2|NO_EARLY|NO_PULL|NO_DRYUP|40-60],CTX[<4|20-40|6-8]::DNA[WEAK|<45|0-2|-2-0|STRONG_POS|NEGATIVE|1.0-1.2|NO_G2|NO_EARLY|NO_PULL|NO_DRYUP|40-60],V4,2026-08-13T08:54:40Z
453a251bd1b3f028,453a251bd1b3f028,PENDING_OUTCOME,2026-08-13,2026-08-13T08:54:37Z,4.0.0,GEN3_EXPERIENCE,DECISION_CONTEXT_V1,CII,13900.0,🔴 YẾU,49.0,2.0,⏳ CHỜ,OBV xấu + Thiếu mẫu xác nhận,42.23,-3.58,1.09,3.73,-2.64,13974.41,13820.0,1.12,2.84,-0.5324732850975455,0.5788712011577379,🔴,8461400.0,8370235.0,1.0108915699499477,-0.53,9.88,9.88,-13.4,False,False,False,TÍCH LŨY,,,,588268804.0,592490490.0,,False,,,52.47,-1.5,-0.8,2.0,6.0,7.0,7.0,8.6,1.7,39.0,🔴 Forecast rủi ro,WEAK|<45|2-5|<-2|STRONG_POS|NEGATIVE|1.0-1.2|NO_G2|NO_EARLY|NO_PULL|NO_DRYUP|40-60,<4|20-40|6-8,WEAK,<45,2-5,<-2,STRONG_POS,1.0-1.2,NEGATIVE,NO_G2,NO_EARLY,NO_PULL,NO_DRYUP,40-60,<4,20-40,6-8,CTX[<4|20-40|6-8]::DNA[WEAK|<45|2-5|<-2|STRONG_POS|NEGATIVE|1.0-1.2|NO_G2|NO_EARLY|NO_PULL|NO_DRYUP|40-60],CTX[<4|20-40|6-8]::DNA[WEAK|<45|2-5|<-2|STRONG_POS|NEGATIVE|1.0-1.2|NO_G2|NO_EARLY|NO_PULL|NO_DRYUP|40-60],CTX[<4|20-40|6-8]::DNA[WEAK|<45|2-5|<-2|STRONG_POS|NEGATIVE|1.0-1.2|NO_G2|NO_EARLY|NO_PULL|NO_DRYUP|40-60],V4,2026-08-13T08:54:40Z
78541066733f910f,78541066733f910f,PENDING_OUTCOME,2026-08-13,2026-08-13T08:54:37Z,4.0.0,GEN3_EXPERIENCE,DECISION_CONTEXT_V1,DCM,30800.0,🔴 YẾU,48.1,2.0,⏳ CHỜ,OBV xấu + Thiếu mẫu xác nhận,43.77,-7.18,-0.16,-1.44,1.28,31161.9,30655.0,1.65,0.89,-1.1613540894489738,0.4730060349045883,🔴,2168900.0,2082550.0,1.0414635903099565,-1.16,6.57,6.57,-6.53,False,False,False,THEO DÕI,,,,62599100.0,64722602.0,,False,,,48.22,-10.5,-6.3,1.0,7.0,7.0,7.0,8.6,1.7,39.0,🔴 Forecast rủi ro,WEAK|<45|-2-0|0-2|STRONG_POS|NEGATIVE|1.0-1.2|NO_G2|NO_EARLY|NO_PULL|NO_DRYUP|40-60,<4|20-40|6-8,WEAK,<45,-2-0,0-2,STRONG_POS,1.0-1.2,NEGATIVE,NO_G2,NO_EARLY,NO_PULL,NO_DRYUP,40-60,<4,20-40,6-8,CTX[<4|20-40|6-8]::DNA[WEAK|<45|-2-0|0-2|STRONG_POS|NEGATIVE|1.0-1.2|NO_G2|NO_EARLY|NO_PULL|NO_DRYUP|40-60],CTX[<4|20-40|6-8]::DNA[WEAK|<45|-2-0|0-2|STRONG_POS|NEGATIVE|1.0-1.2|NO_G2|NO_EARLY|NO_PULL|NO_DRYUP|40-60],CTX[<4|20-40|6-8]::DNA[WEAK|<45|-2-0|0-2|STRONG_POS|NEGATIVE|1.0-1.2|NO_G2|NO_EARLY|NO_PULL|NO_DRYUP|40-60],V4,2026-08-13T08:54:40Z
16503feef5297802,16503feef5297802,PENDING_OUTCOME,2026-08-13,2026-08-13T08:54:37Z,4.0.0,GEN3_EXPERIENCE,DECISION_CONTEXT_V1,VPB,25350.0,🔴 YẾU,47.9,2.0,⏳ CHỜ,OBV xấu + Thiếu mẫu xác nhận,47.05,-5.65,0.8,1.4,-0.5999999999999999,25407.94,25182.5,0.9,0.71,-0.2280389516033154,0.6651444455475053,🔴,13839600.0,14608435.0,0.9473704746607012,-0.23,4.11,4.11,-4.52,False,False,False,THEO DÕI,,,,1291357992.0,1308131833.0,,False,,,48.93,2.5,-3.7,1.0,7.0,7.0,7.0,8.6,1.7,39.0,🔴 Forecast rủi ro,WEAK|45-50|0-2|-2-0|STRONG_POS|NEGATIVE|0.7-1.0|NO_G2|NO_EARLY|NO_PULL|NO_DRYUP|40-60,<4|20-40|6-8,WEAK,45-50,0-2,-2-0,STRONG_POS,0.7-1.0,NEGATIVE,NO_G2,NO_EARLY,NO_PULL,NO_DRYUP,40-60,<4,20-40,6-8,CTX[<4|20-40|6-8]::DNA[WEAK|45-50|0-2|-2-0|STRONG_POS|NEGATIVE|0.7-1.0|NO_G2|NO_EARLY|NO_PULL|NO_DRYUP|40-60],CTX[<4|20-40|6-8]::DNA[WEAK|45-50|0-2|-2-0|STRONG_POS|NEGATIVE|0.7-1.0|NO_G2|NO_EARLY|NO_PULL|NO_DRYUP|40-60],CTX[<4|20-40|6-8]::DNA[WEAK|45-50|0-2|-2-0|STRONG_POS|NEGATIVE|0.7-1.0|NO_G2|NO_EARLY|NO_PULL|NO_DRYUP|40-60],V4,2026-08-13T08:54:40Z
f0cb19eb6c25d208,f0cb19eb6c25d208,PENDING_OUTCOME,2026-08-13,2026-08-13T08:54:37Z,4.0.0,GEN3_EXPERIENCE,DECISION_CONTEXT_V1,HAG,14100.0,🔴 YẾU,47.3,2.0,⏳ CHỜ,OBV xấu + Thiếu mẫu xác nhận,41.81,0.54,0.0,-0.7,0.7,14102.52,14097.5,0.04,0.62,-0.0178691467907943,0.0177336407164441,🔴,2052500.0,2277040.0,0.9013895232406984,-0.02,2.92,2.92,-3.42,False,False,False,THEO DÕI,,,,387553700.0,388773649.0,,False,,,47.91,5.5,-5.9,1.0,7.0,7.0,7.0,8.6,1.7,39.0,🔴 Forecast rủi ro,WEAK|<45|-2-0|0-2|POS|NEGATIVE|0.7-1.0|NO_G2|NO_EARLY|NO_PULL|NO_DRYUP|40-60,<4|20-40|6-8,WEAK,<45,-2-0,0-2,POS,0.7-1.0,NEGATIVE,NO_G2,NO_EARLY,NO_PULL,NO_DRYUP,40-60,<4,20-40,6-8,CTX[<4|20-40|6-8]::DNA[WEAK|<45|-2-0|0-2|POS|NEGATIVE|0.7-1.0|NO_G2|NO_EARLY|NO_PULL|NO_DRYUP|40-60],CTX[<4|20-40|6-8]::DNA[WEAK|<45|-2-0|0-2|POS|NEGATIVE|0.7-1.0|NO_G2|NO_EARLY|NO_PULL|NO_DRYUP|40-60],CTX[<4|20-40|6-8]::DNA[WEAK|<45|-2-0|0-2|POS|NEGATIVE|0.7-1.0|NO_G2|NO_EARLY|NO_PULL|NO_DRYUP|40-60],V4,2026-08-13T08:54:40Z
dde36fa0e5a15a7a,dde36fa0e5a15a7a,PENDING_OUTCOME,2026-08-13,2026-08-13T08:54:37Z,4.0.0,GEN3_EXPERIENCE,DECISION_CONTEXT_V1,FTS,21800.0,🔴 YẾU,47.3,2.0,⏳ CHỜ,OBV xấu + Thiếu mẫu xác nhận,41.6,-2.48,-0.23,-0.23,0.0,22109.36,21995.0,0.52,2.52,-1.39922639099459,-0.886565128438277,🔴,1323905.0,1222255.0,1.0831659514585743,-1.4,8.46,8.46,-14.17,False,False,False,THEO DÕI,,,,16674295.0,17065052.0,,False,,,47.88,4.0,-3.9,1.0,7.0,7.0,7.0,8.6,1.7,39.0,🔴 Forecast rủi ro,WEAK|<45|-2-0|0-2|STRONG_POS|NEGATIVE|1.0-1.2|NO_G2|NO_EARLY|NO_PULL|NO_DRYUP|40-60,<4|20-40|6-8,WEAK,<45,-2-0,0-2,STRONG_POS,1.0-1.2,NEGATIVE,NO_G2,NO_EARLY,NO_PULL,NO_DRYUP,40-60,<4,20-40,6-8,CTX[<4|20-40|6-8]::DNA[WEAK|<45|-2-0|0-2|STRONG_POS|NEGATIVE|1.0-1.2|NO_G2|NO_EARLY|NO_PULL|NO_DRYUP|40-60],CTX[<4|20-40|6-8]::DNA[WEAK|<45|-2-0|0-2|STRONG_POS|NEGATIVE|1.0-1.2|NO_G2|NO_EARLY|NO_PULL|NO_DRYUP|40-60],CTX[<4|20-40|6-8]::DNA[WEAK|<45|-2-0|0-2|STRONG_POS|NEGATIVE|1.0-1.2|NO_G2|NO_EARLY|NO_PULL|NO_DRYUP|40-60],V4,2026-08-13T08:54:40Z
7f1a08c4a12ea2ec,7f1a08c4a12ea2ec,PENDING_OUTCOME,2026-08-13,2026-08-13T08:54:37Z,4.0.0,GEN3_EXPERIENCE,DECISION_CONTEXT_V1,HCM,25700.0,🔴 YẾU,46.8,2.0,⏳ CHỜ,OBV xấu + Thiếu mẫu xác nhận,54.8,-5.21,0.98,0.0,0.98,25742.64,25545.0,0.77,-0.17,-0.1656395769820018,0.6067723624975541,🔴,8020088.0,5482679.0,1.462804588778588,-0.17,2.8,11.84,-6.03,False,False,False,THEO DÕI,,,,564090812.0,564722869.0,,False,,,49.97,-5.0,8.9,-1.0,7.0,7.0,7.0,8.6,1.7,39.0,🔴 Forecast rủi ro,WEAK|50-55|0-2|0-2|STRONG_POS|NEGATIVE|1.2-1.5|NO_G2|NO_EARLY|NO_PULL|NO_DRYUP|40-60,<4|20-40|6-8,WEAK,50-55,0-2,0-2,STRONG_POS,1.2-1.5,NEGATIVE,NO_G2,NO_EARLY,NO_PULL,NO_DRYUP,40-60,<4,20-40,6-8,CTX[<4|20-40|6-8]::DNA[WEAK|50-55|0-2|0-2|STRONG_POS|NEGATIVE|1.2-1.5|NO_G2|NO_EARLY|NO_PULL|NO_DRYUP|40-60],CTX[<4|20-40|6-8]::DNA[WEAK|50-55|0-2|0-2|STRONG_POS|NEGATIVE|1.2-1.5|NO_G2|NO_EARLY|NO_PULL|NO_DRYUP|40-60],CTX[<4|20-40|6-8]::DNA[WEAK|50-55|0-2|0-2|STRONG_POS|NEGATIVE|1.2-1.5|NO_G2|NO_EARLY|NO_PULL|NO_DRYUP|40-60],V4,2026-08-13T08:54:40Z
ce9aa516aca8e29f,ce9aa516aca8e29f,PENDING_OUTCOME,2026-08-13,2026-08-13T08:54:37Z,4.0.0,GEN3_EXPERIENCE,DECISION_CONTEXT_V1,PDR,11950.0,🔴 YẾU,46.7,2.0,⏳ CHỜ,OBV xấu + Thiếu mẫu xác nhận + RSI yếu,38.04,-2.24,1.27,0.84,0.43,11994.84,12000.0,-0.04,2.4,-0.3738274124540197,-0.4166666666666652,🔴,6992800.0,7457480.0,0.9376894071455774,-0.37,7.17,7.17,-12.13,False,False,False,THEO DÕI,,,,239031200.0,241481688.0,,False,,,47.51,-3.0,-6.3,1.0,7.0,7.0,7.0,8.6,1.7,39.0,🔴 Forecast rủi ro,WEAK|<45|0-2|0-2|NEG|NEGATIVE|0.7-1.0|NO_G2|NO_EARLY|NO_PULL|NO_DRYUP|40-60,<4|20-40|6-8,WEAK,<45,0-2,0-2,NEG,0.7-1.0,NEGATIVE,NO_G2,NO_EARLY,NO_PULL,NO_DRYUP,40-60,<4,20-40,6-8,CTX[<4|20-40|6-8]::DNA[WEAK|<45|0-2|0-2|NEG|NEGATIVE|0.7-1.0|NO_G2|NO_EARLY|NO_PULL|NO_DRYUP|40-60],CTX[<4|20-40|6-8]::DNA[WEAK|<45|0-2|0-2|NEG|NEGATIVE|0.7-1.0|NO_G2|NO_EARLY|NO_PULL|NO_DRYUP|40-60],CTX[<4|20-40|6-8]::DNA[WEAK|<45|0-2|0-2|NEG|NEGATIVE|0.7-1.0|NO_G2|NO_EARLY|NO_PULL|NO_DRYUP|40-60],V4,2026-08-13T08:54:40Z
743e4b4d498dc500,743e4b4d498dc500,PENDING_OUTCOME,2026-08-13,2026-08-13T08:54:37Z,4.0.0,GEN3_EXPERIENCE,DECISION_CONTEXT_V1,SHB,11800.0,🔴 YẾU,46.5,2.0,⏳ CHỜ,OBV xấu + Thiếu mẫu xác nhận,41.79,-3.66,0.0,0.43,-0.43,11824.61,11780.0,0.38,1.22,-0.208125257408076,0.1697792869269854,🔴,60284347.0,55451662.0,1.0871513102709167,-0.21,5.36,5.36,-7.45,False,False,False,THEO DÕI,,,,1622852413.0,1709859441.0,,False,,,47.95,0.0,-0.4,1.0,7.0,7.0,7.0,8.6,1.7,39.0,🔴 Forecast rủi ro,WEAK|<45|0-2|-2-0|STRONG_POS|NEGATIVE|1.0-1.2|NO_G2|NO_EARLY|NO_PULL|NO_DRYUP|40-60,<4|20-40|6-8,WEAK,<45,0-2,-2-0,STRONG_POS,1.0-1.2,NEGATIVE,NO_G2,NO_EARLY,NO_PULL,NO_DRYUP,40-60,<4,20-40,6-8,CTX[<4|20-40|6-8]::DNA[WEAK|<45|0-2|-2-0|STRONG_POS|NEGATIVE|1.0-1.2|NO_G2|NO_EARLY|NO_PULL|NO_DRYUP|40-60],CTX[<4|20-40|6-8]::DNA[WEAK|<45|0-2|-2-0|STRONG_POS|NEGATIVE|1.0-1.2|NO_G2|NO_EARLY|NO_PULL|NO_DRYUP|40-60],CTX[<4|20-40|6-8]::DNA[WEAK|<45|0-2|-2-0|STRONG_POS|NEGATIVE|1.0-1.2|NO_G2|NO_EARLY|NO_PULL|NO_DRYUP|40-60],V4,2026-08-13T08:54:40Z
800fdaa345964f07,800fdaa345964f07,PENDING_OUTCOME,2026-08-13,2026-08-13T08:54:37Z,4.0.0,GEN3_EXPERIENCE,DECISION_CONTEXT_V1,MBS,18400.0,🔴 YẾU,46.4,2.0,⏳ CHỜ,OBV xấu + Thiếu mẫu xác nhận,43.94,-5.37,0.55,0.0,0.55,18587.78,18505.0,0.45,1.85,-1.0102336050889282,-0.5674142123750392,🔴,5878000.0,6279590.0,0.9360483725848344,-1.01,5.75,5.75,-10.68,False,False,False,THEO DÕI,,,,-44852300.0,-39773241.0,,False,,,48.29,-4.5,-2.8,1.0,7.0,7.0,7.0,8.6,1.7,39.0,🔴 Forecast rủi ro,WEAK|<45|0-2|0-2|STRONG_POS|NEGATIVE|0.7-1.0|NO_G2|NO_EARLY|NO_PULL|NO_DRYUP|40-60,<4|20-40|6-8,WEAK,<45,0-2,0-2,STRONG_POS,0.7-1.0,NEGATIVE,NO_G2,NO_EARLY,NO_PULL,NO_DRYUP,40-60,<4,20-40,6-8,CTX[<4|20-40|6-8]::DNA[WEAK|<45|0-2|0-2|STRONG_POS|NEGATIVE|0.7-1.0|NO_G2|NO_EARLY|NO_PULL|NO_DRYUP|40-60],CTX[<4|20-40|6-8]::DNA[WEAK|<45|0-2|0-2|STRONG_POS|NEGATIVE|0.7-1.0|NO_G2|NO_EARLY|NO_PULL|NO_DRYUP|40-60],CTX[<4|20-40|6-8]::DNA[WEAK|<45|0-2|0-2|STRONG_POS|NEGATIVE|0.7-1.0|NO_G2|NO_EARLY|NO_PULL|NO_DRYUP|40-60],V4,2026-08-13T08:54:40Z
9cfe6369c53c56bb,9cfe6369c53c56bb,PENDING_OUTCOME,2026-08-13,2026-08-13T08:54:37Z,4.0.0,GEN3_EXPERIENCE,DECISION_CONTEXT_V1,HSG,10700.0,🔴 YẾU,45.9,2.0,⏳ CHỜ,OBV xấu + Thiếu mẫu xác nhận + RSI yếu,42.74,-4.89,-0.93,-1.83,0.9,10807.14,10710.0,0.91,1.17,-0.991381623630294,-0.0933706816059753,🔴,2187800.0,2188885.0,0.9995043138401516,-0.99,6.47,6.47,-7.76,False,False,False,THEO DÕI,,,,48585800.0,50386552.0,,False,,,48.05,0.0,-1.1,1.0,7.0,7.0,7.0,8.6,1.7,39.0,🔴 Forecast rủi ro,WEAK|<45|-2-0|0-2|STRONG_POS|NEGATIVE|0.7-1.0|NO_G2|NO_EARLY|NO_PULL|NO_DRYUP|40-60,<4|20-40|6-8,WEAK,<45,-2-0,0-2,STRONG_POS,0.7-1.0,NEGATIVE,NO_G2,NO_EARLY,NO_PULL,NO_DRYUP,40-60,<4,20-40,6-8,CTX[<4|20-40|6-8]::DNA[WEAK|<45|-2-0|0-2|STRONG_POS|NEGATIVE|0.7-1.0|NO_G2|NO_EARLY|NO_PULL|NO_DRYUP|40-60],CTX[<4|20-40|6-8]::DNA[WEAK|<45|-2-0|0-2|STRONG_POS|NEGATIVE|0.7-1.0|NO_G2|NO_EARLY|NO_PULL|NO_DRYUP|40-60],CTX[<4|20-40|6-8]::DNA[WEAK|<45|-2-0|0-2|STRONG_POS|NEGATIVE|0.7-1.0|NO_G2|NO_EARLY|NO_PULL|NO_DRYUP|40-60],V4,2026-08-13T08:54:40Z
f269e7e5b4f3ce91,f269e7e5b4f3ce91,PENDING_OUTCOME,2026-08-13,2026-08-13T08:54:37Z,4.0.0,GEN3_EXPERIENCE,DECISION_CONTEXT_V1,C4G,5700.0,🔴 YẾU,45.5,2.0,⏳ CHỜ,OBV xấu + Vol chưa xác nhận + Thiếu mẫu xác nhận,40.72,7.76,3.64,0.0,3.64,5679.57,5740.0,-1.05,2.3,0.3597103301834492,-0.6968641114982632,🔴,551500.0,273525.0,2.016269079608811,0.36,3.64,3.64,-12.31,False,False,False,THEO DÕI,,,,15226200.0,15266403.0,,False,,,48.01,-2.0,-8.3,0.0,7.0,7.0,7.0,8.6,1.7,39.0,🔴 Forecast rủi ro,WEAK|<45|0-2|2-5|STRONG_NEG|NEGATIVE|>=1.5|NO_G2|NO_EARLY|NO_PULL|NO_DRYUP|40-60,<4|20-40|6-8,WEAK,<45,0-2,2-5,STRONG_NEG,>=1.5,NEGATIVE,NO_G2,NO_EARLY,NO_PULL,NO_DRYUP,40-60,<4,20-40,6-8,CTX[<4|20-40|6-8]::DNA[WEAK|<45|0-2|2-5|STRONG_NEG|NEGATIVE|>=1.5|NO_G2|NO_EARLY|NO_PULL|NO_DRYUP|40-60],CTX[<4|20-40|6-8]::DNA[WEAK|<45|0-2|2-5|STRONG_NEG|NEGATIVE|>=1.5|NO_G2|NO_EARLY|NO_PULL|NO_DRYUP|40-60],CTX[<4|20-40|6-8]::DNA[WEAK|<45|0-2|2-5|STRONG_NEG|NEGATIVE|>=1.5|NO_G2|NO_EARLY|NO_PULL|NO_DRYUP|40-60],V4,2026-08-13T08:54:40Z
a571918c5c0f1d9b,a571918c5c0f1d9b,PENDING_OUTCOME,2026-08-13,2026-08-13T08:54:37Z,4.0.0,GEN3_EXPERIENCE,DECISION_CONTEXT_V1,VOS,10950.0,🔴 YẾU,45.5,2.0,⏳ CHỜ,OBV xấu + Thiếu mẫu xác nhận,44.36,-6.53,-0.45,-1.35,0.9000000000000001,11047.26,10840.0,1.91,0.97,-0.8803993026325063,1.0147601476014678,🔴,630400.0,422915.0,1.4906068595344215,-0.88,6.31,6.31,-5.6,False,False,False,THEO DÕI,,,,24846500.0,25439212.0,,False,,,48.25,-12.0,-6.3,-1.0,7.0,7.0,7.0,8.6,1.7,39.0,🔴 Forecast rủi ro,WEAK|<45|-2-0|0-2|STRONG_POS|NEGATIVE|1.2-1.5|NO_G2|NO_EARLY|NO_PULL|NO_DRYUP|40-60,<4|20-40|6-8,WEAK,<45,-2-0,0-2,STRONG_POS,1.2-1.5,NEGATIVE,NO_G2,NO_EARLY,NO_PULL,NO_DRYUP,40-60,<4,20-40,6-8,CTX[<4|20-40|6-8]::DNA[WEAK|<45|-2-0|0-2|STRONG_POS|NEGATIVE|1.2-1.5|NO_G2|NO_EARLY|NO_PULL|NO_DRYUP|40-60],CTX[<4|20-40|6-8]::DNA[WEAK|<45|-2-0|0-2|STRONG_POS|NEGATIVE|1.2-1.5|NO_G2|NO_EARLY|NO_PULL|NO_DRYUP|40-60],CTX[<4|20-40|6-8]::DNA[WEAK|<45|-2-0|0-2|STRONG_POS|NEGATIVE|1.2-1.5|NO_G2|NO_EARLY|NO_PULL|NO_DRYUP|40-60],V4,2026-08-13T08:54:40Z
d6abbe670e1f653a,d6abbe670e1f653a,PENDING_OUTCOME,2026-08-13,2026-08-13T08:54:37Z,4.0.0,GEN3_EXPERIENCE,DECISION_CONTEXT_V1,VDS,11850.0,🔴 YẾU,44.7,2.0,⏳ CHỜ,OBV xấu + Thiếu mẫu xác nhận + RSI yếu,39.43,-3.2,0.0,-2.87,2.87,12035.61,12057.5,-0.18,2.56,-1.5421735998424668,-1.720920588845121,🔴,984809.0,1060410.0,0.928705877915146,-1.54,5.8,5.8,-15.96,False,False,False,THEO DÕI,,,,47126791.0,47805508.0,,False,,,47.48,4.0,-3.9,0.0,7.0,7.0,7.0,8.6,1.7,39.0,🔴 Forecast rủi ro,WEAK|<45|<-2|2-5|NEG|NEGATIVE|0.7-1.0|NO_G2|NO_EARLY|NO_PULL|NO_DRYUP|40-60,<4|20-40|6-8,WEAK,<45,<-2,2-5,NEG,0.7-1.0,NEGATIVE,NO_G2,NO_EARLY,NO_PULL,NO_DRYUP,40-60,<4,20-40,6-8,CTX[<4|20-40|6-8]::DNA[WEAK|<45|<-2|2-5|NEG|NEGATIVE|0.7-1.0|NO_G2|NO_EARLY|NO_PULL|NO_DRYUP|40-60],CTX[<4|20-40|6-8]::DNA[WEAK|<45|<-2|2-5|NEG|NEGATIVE|0.7-1.0|NO_G2|NO_EARLY|NO_PULL|NO_DRYUP|40-60],CTX[<4|20-40|6-8]::DNA[WEAK|<45|<-2|2-5|NEG|NEGATIVE|0.7-1.0|NO_G2|NO_EARLY|NO_PULL|NO_DRYUP|40-60],V4,2026-08-13T08:54:40Z
9fb68fa7e568a02d,9fb68fa7e568a02d,PENDING_OUTCOME,2026-08-13,2026-08-13T08:54:37Z,4.0.0,GEN3_EXPERIENCE,DECISION_CONTEXT_V1,SSB,15200.0,🔴 YẾU,44.5,2.0,⏳ CHỜ,OBV xấu + Thiếu mẫu xác nhận,42.51,-0.36,0.0,-2.25,2.25,15340.26,15477.5,-0.89,0.49,-0.914326093560347,-1.7929252140203469,🔴,1888500.0,2146030.0,0.8799970177490529,-0.91,1.0,9.67,-5.3,False,False,False,THEO DÕI,,,,30799600.0,31248089.0,,False,,,47.96,4.0,-1.2,0.0,7.0,7.0,7.0,8.6,1.7,39.0,🔴 Forecast rủi ro,WEAK|<45|<-2|2-5|STRONG_NEG|NEGATIVE|0.7-1.0|NO_G2|NO_EARLY|NO_PULL|NO_DRYUP|40-60,<4|20-40|6-8,WEAK,<45,<-2,2-5,STRONG_NEG,0.7-1.0,NEGATIVE,NO_G2,NO_EARLY,NO_PULL,NO_DRYUP,40-60,<4,20-40,6-8,CTX[<4|20-40|6-8]::DNA[WEAK|<45|<-2|2-5|STRONG_NEG|NEGATIVE|0.7-1.0|NO_G2|NO_EARLY|NO_PULL|NO_DRYUP|40-60],CTX[<4|20-40|6-8]::DNA[WEAK|<45|<-2|2-5|STRONG_NEG|NEGATIVE|0.7-1.0|NO_G2|NO_EARLY|NO_PULL|NO_DRYUP|40-60],CTX[<4|20-40|6-8]::DNA[WEAK|<45|<-2|2-5|STRONG_NEG|NEGATIVE|0.7-1.0|NO_G2|NO_EARLY|NO_PULL|NO_DRYUP|40-60],V4,2026-08-13T08:54:40Z
4ea485cb9aafc570,4ea485cb9aafc570,PENDING_OUTCOME,2026-08-13,2026-08-13T08:54:37Z,4.0.0,GEN3_EXPERIENCE,DECISION_CONTEXT_V1,MSH,31200.0,🔴 YẾU,44.4,2.0,⏳ CHỜ,OBV xấu + Thiếu mẫu xác nhận,46.02,-4.65,1.13,0.97,0.1599999999999999,31177.77,30935.0,0.78,0.76,0.0713008018212946,0.8566348795862266,🔴,41900.0,101070.0,0.4145641634510735,0.07,2.97,2.97,-2.5,False,False,False,MUA EARLY,,,,12199200.0,12314364.0,,False,,,54.6,5.5,0.9,5.0,5.0,7.0,7.0,8.6,1.7,39.0,🔴 Forecast rủi ro,WEAK|45-50|0-2|0-2|STRONG_POS|NEGATIVE|<0.7|NO_G2|NO_EARLY|NO_PULL|NO_DRYUP|40-60,<4|20-40|6-8,WEAK,45-50,0-2,0-2,STRONG_POS,<0.7,NEGATIVE,NO_G2,NO_EARLY,NO_PULL,NO_DRYUP,40-60,<4,20-40,6-8,CTX[<4|20-40|6-8]::DNA[WEAK|45-50|0-2|0-2|STRONG_POS|NEGATIVE|<0.7|NO_G2|NO_EARLY|NO_PULL|NO_DRYUP|40-60],CTX[<4|20-40|6-8]::DNA[WEAK|45-50|0-2|0-2|STRONG_POS|NEGATIVE|<0.7|NO_G2|NO_EARLY|NO_PULL|NO_DRYUP|40-60],CTX[<4|20-40|6-8]::DNA[WEAK|45-50|0-2|0-2|STRONG_POS|NEGATIVE|<0.7|NO_G2|NO_EARLY|NO_PULL|NO_DRYUP|40-60],V4,2026-08-13T08:54:40Z
1aac8116dc1b605b,1aac8116dc1b605b,PENDING_OUTCOME,2026-08-13,2026-08-13T08:54:37Z,4.0.0,GEN3_EXPERIENCE,DECISION_CONTEXT_V1,PC1,20700.0,🔴 YẾU,44.3,2.0,⏳ CHỜ,OBV xấu + Thiếu mẫu xác nhận,44.87,1.16,0.98,-4.39,5.369999999999999,20833.93,21047.5,-1.01,0.04,-0.6428455889023299,-1.651027437938002,🔴,1161900.0,1938640.0,0.5993376800231089,-0.64,0.98,11.29,-7.17,False,False,False,THEO DÕI,,,,124367300.0,124914909.0,,False,,,48.48,-0.5,2.4,1.0,7.0,7.0,7.0,8.6,1.7,39.0,🔴 Forecast rủi ro,WEAK|<45|<-2|>=5|STRONG_NEG|NEGATIVE|<0.7|NO_G2|NO_EARLY|NO_PULL|NO_DRYUP|40-60,<4|20-40|6-8,WEAK,<45,<-2,>=5,STRONG_NEG,<0.7,NEGATIVE,NO_G2,NO_EARLY,NO_PULL,NO_DRYUP,40-60,<4,20-40,6-8,CTX[<4|20-40|6-8]::DNA[WEAK|<45|<-2|>=5|STRONG_NEG|NEGATIVE|<0.7|NO_G2|NO_EARLY|NO_PULL|NO_DRYUP|40-60],CTX[<4|20-40|6-8]::DNA[WEAK|<45|<-2|>=5|STRONG_NEG|NEGATIVE|<0.7|NO_G2|NO_EARLY|NO_PULL|NO_DRYUP|40-60],CTX[<4|20-40|6-8]::DNA[WEAK|<45|<-2|>=5|STRONG_NEG|NEGATIVE|<0.7|NO_G2|NO_EARLY|NO_PULL|NO_DRYUP|40-60],V4,2026-08-13T08:54:40Z
54edfc8039c15b87,54edfc8039c15b87,PENDING_OUTCOME,2026-08-13,2026-08-13T08:54:37Z,4.0.0,GEN3_EXPERIENCE,DECISION_CONTEXT_V1,VIB,14550.0,🔴 YẾU,43.5,2.0,⏳ CHỜ,OBV xấu + RSI yếu + Thiếu mẫu xác nhận,40.18,-5.62,0.0,-1.36,1.36,14707.31,14682.5,0.17,0.78,-1.069604162827864,-0.902434871445601,🔴,5915492.0,6485035.0,0.91217580167262,-1.07,2.83,2.83,-6.73,False,False,False,THEO DÕI,,,,205729312.0,211308777.0,,False,,,47.66,-6.0,-0.0,1.0,7.0,7.0,7.0,8.6,1.7,39.0,🔴 Forecast rủi ro,WEAK|<45|-2-0|0-2|POS|NEGATIVE|0.7-1.0|NO_G2|NO_EARLY|NO_PULL|NO_DRYUP|40-60,<4|20-40|6-8,WEAK,<45,-2-0,0-2,POS,0.7-1.0,NEGATIVE,NO_G2,NO_EARLY,NO_PULL,NO_DRYUP,40-60,<4,20-40,6-8,CTX[<4|20-40|6-8]::DNA[WEAK|<45|-2-0|0-2|POS|NEGATIVE|0.7-1.0|NO_G2|NO_EARLY|NO_PULL|NO_DRYUP|40-60],CTX[<4|20-40|6-8]::DNA[WEAK|<45|-2-0|0-2|POS|NEGATIVE|0.7-1.0|NO_G2|NO_EARLY|NO_PULL|NO_DRYUP|40-60],CTX[<4|20-40|6-8]::DNA[WEAK|<45|-2-0|0-2|POS|NEGATIVE|0.7-1.0|NO_G2|NO_EARLY|NO_PULL|NO_DRYUP|40-60],V4,2026-08-13T08:54:40Z
897dc1dc44be688f,897dc1dc44be688f,PENDING_OUTCOME,2026-08-13,2026-08-13T08:54:37Z,4.0.0,GEN3_EXPERIENCE,DECISION_CONTEXT_V1,POW,13500.0,🔴 YẾU,43.2,2.0,⏳ CHỜ,OBV xấu + Thiếu mẫu xác nhận,44.77,-6.54,0.75,-1.46,2.21,13662.36,13587.5,0.55,0.3,-1.1883744828858345,-0.6439742410303539,🔴,11311358.0,7441293.0,1.520079642072957,-1.19,2.27,2.27,-4.26,False,False,False,THEO DÕI,,,,308994546.0,320389550.0,,False,,,48.38,-2.5,2.5,-1.0,7.0,7.0,7.0,8.6,1.7,39.0,🔴 Forecast rủi ro,WEAK|<45|-2-0|2-5|STRONG_POS|NEGATIVE|>=1.5|NO_G2|NO_EARLY|NO_PULL|NO_DRYUP|40-60,<4|20-40|6-8,WEAK,<45,-2-0,2-5,STRONG_POS,>=1.5,NEGATIVE,NO_G2,NO_EARLY,NO_PULL,NO_DRYUP,40-60,<4,20-40,6-8,CTX[<4|20-40|6-8]::DNA[WEAK|<45|-2-0|2-5|STRONG_POS|NEGATIVE|>=1.5|NO_G2|NO_EARLY|NO_PULL|NO_DRYUP|40-60],CTX[<4|20-40|6-8]::DNA[WEAK|<45|-2-0|2-5|STRONG_POS|NEGATIVE|>=1.5|NO_G2|NO_EARLY|NO_PULL|NO_DRYUP|40-60],CTX[<4|20-40|6-8]::DNA[WEAK|<45|-2-0|2-5|STRONG_POS|NEGATIVE|>=1.5|NO_G2|NO_EARLY|NO_PULL|NO_DRYUP|40-60],V4,2026-08-13T08:54:40Z
d58b0804fc33fecd,d58b0804fc33fecd,PENDING_OUTCOME,2026-08-13,2026-08-13T08:54:37Z,4.0.0,GEN3_EXPERIENCE,DECISION_CONTEXT_V1,DPR,36200.0,🔴 YẾU,43.0,2.0,⏳ CHỜ,OBV xấu + Thiếu mẫu xác nhận,43.25,-4.84,0.84,0.7,0.14,36229.92,36077.5,0.42,0.88,-0.0825836766959464,0.3395468089529396,🔴,308000.0,190590.0,1.616034419434388,-0.08,3.13,3.13,-4.23,False,False,False,THEO DÕI,,,,24866200.0,24877066.0,,False,,,48.21,-7.0,-6.3,-1.0,7.0,7.0,7.0,8.6,1.7,39.0,🔴 Forecast rủi ro,WEAK|<45|0-2|0-2|STRONG_POS|NEGATIVE|>=1.5|NO_G2|NO_EARLY|NO_PULL|NO_DRYUP|40-60,<4|20-40|6-8,WEAK,<45,0-2,0-2,STRONG_POS,>=1.5,NEGATIVE,NO_G2,NO_EARLY,NO_PULL,NO_DRYUP,40-60,<4,20-40,6-8,CTX[<4|20-40|6-8]::DNA[WEAK|<45|0-2|0-2|STRONG_POS|NEGATIVE|>=1.5|NO_G2|NO_EARLY|NO_PULL|NO_DRYUP|40-60],CTX[<4|20-40|6-8]::DNA[WEAK|<45|0-2|0-2|STRONG_POS|NEGATIVE|>=1.5|NO_G2|NO_EARLY|NO_PULL|NO_DRYUP|40-60],CTX[<4|20-40|6-8]::DNA[WEAK|<45|0-2|0-2|STRONG_POS|NEGATIVE|>=1.5|NO_G2|NO_EARLY|NO_PULL|NO_DRYUP|40-60],V4,2026-08-13T08:54:40Z
fb91f1100fb387c2,fb91f1100fb387c2,PENDING_OUTCOME,2026-08-13,2026-08-13T08:54:37Z,4.0.0,GEN3_EXPERIENCE,DECISION_CONTEXT_V1,AGR,13050.0,🔴 YẾU,42.5,2.0,⏳ CHỜ,OBV xấu + Thiếu mẫu xác nhận + RSI yếu,42.24,-4.36,0.0,-1.51,1.51,13198.28,13225.0,-0.2,1.31,-1.1234797261461371,-1.3232514177693775,🔴,258600.0,363615.0,0.7111917825172229,-1.12,6.53,6.53,-9.69,False,False,False,THEO DÕI,,,,22595800.0,23203924.0,,False,,,47.98,1.0,-5.9,1.0,7.0,7.0,7.0,8.6,1.7,39.0,🔴 Forecast rủi ro,WEAK|<45|-2-0|0-2|NEG|NEGATIVE|0.7-1.0|NO_G2|NO_EARLY|NO_PULL|NO_DRYUP|40-60,<4|20-40|6-8,WEAK,<45,-2-0,0-2,NEG,0.7-1.0,NEGATIVE,NO_G2,NO_EARLY,NO_PULL,NO_DRYUP,40-60,<4,20-40,6-8,CTX[<4|20-40|6-8]::DNA[WEAK|<45|-2-0|0-2|NEG|NEGATIVE|0.7-1.0|NO_G2|NO_EARLY|NO_PULL|NO_DRYUP|40-60],CTX[<4|20-40|6-8]::DNA[WEAK|<45|-2-0|0-2|NEG|NEGATIVE|0.7-1.0|NO_G2|NO_EARLY|NO_PULL|NO_DRYUP|40-60],CTX[<4|20-40|6-8]::DNA[WEAK|<45|-2-0|0-2|NEG|NEGATIVE|0.7-1.0|NO_G2|NO_EARLY|NO_PULL|NO_DRYUP|40-60],V4,2026-08-13T08:54:40Z
9d0479780d47ca19,9d0479780d47ca19,PENDING_OUTCOME,2026-08-13,2026-08-13T08:54:37Z,4.0.0,GEN3_EXPERIENCE,DECISION_CONTEXT_V1,KBC,27550.0,🔴 YẾU,42.3,2.0,⏳ CHỜ,OBV xấu + RSI yếu + Thiếu mẫu xác nhận,40.09,-8.18,-0.9,-1.78,0.88,27958.79,27812.5,0.53,0.01,-1.4621162074610503,-0.9438202247191052,🔴,1638900.0,1350440.0,1.213604454844347,-1.46,2.8,2.8,-4.84,False,False,False,THEO DÕI,,,,230706100.0,231742251.0,,False,,,47.58,-7.5,-0.0,-1.0,7.0,7.0,7.0,8.6,1.7,39.0,🔴 Forecast rủi ro,WEAK|<45|-2-0|0-2|STRONG_POS|NEGATIVE|1.2-1.5|NO_G2|NO_EARLY|NO_PULL|NO_DRYUP|40-60,<4|20-40|6-8,WEAK,<45,-2-0,0-2,STRONG_POS,1.2-1.5,NEGATIVE,NO_G2,NO_EARLY,NO_PULL,NO_DRYUP,40-60,<4,20-40,6-8,CTX[<4|20-40|6-8]::DNA[WEAK|<45|-2-0|0-2|STRONG_POS|NEGATIVE|1.2-1.5|NO_G2|NO_EARLY|NO_PULL|NO_DRYUP|40-60],CTX[<4|20-40|6-8]::DNA[WEAK|<45|-2-0|0-2|STRONG_POS|NEGATIVE|1.2-1.5|NO_G2|NO_EARLY|NO_PULL|NO_DRYUP|40-60],CTX[<4|20-40|6-8]::DNA[WEAK|<45|-2-0|0-2|STRONG_POS|NEGATIVE|1.2-1.5|NO_G2|NO_EARLY|NO_PULL|NO_DRYUP|40-60],V4,2026-08-13T08:54:40Z
597117129ec16bf6,597117129ec16bf6,PENDING_OUTCOME,2026-08-13,2026-08-13T08:54:37Z,4.0.0,GEN3_EXPERIENCE,DECISION_CONTEXT_V1,VCI,21600.0,⚠️ YẾU DẦN,52.6,3.0,🟠 HẠN CHẾ / GIẢM,OBV xấu + Thiếu mẫu xác nhận,46.73,-4.38,-0.69,0.47,-1.16,21710.66,20990.0,3.43,1.23,-0.50970352812858,2.906145783706537,🔴,10351300.0,9932255.0,1.0421903183114003,-0.51,17.07,17.07,-5.47,False,False,False,TÍCH LŨY,,,,152324300.0,157460334.0,,False,,,52.78,-6.0,-0.8,2.0,6.0,7.0,7.0,8.6,1.7,39.0,🔴 Forecast rủi ro,WEAKENING|45-50|0-2|-2-0|STRONG_POS|NEGATIVE|1.0-1.2|NO_G2|NO_EARLY|NO_PULL|NO_DRYUP|40-60,<4|20-40|6-8,WEAKENING,45-50,0-2,-2-0,STRONG_POS,1.0-1.2,NEGATIVE,NO_G2,NO_EARLY,NO_PULL,NO_DRYUP,40-60,<4,20-40,6-8,CTX[<4|20-40|6-8]::DNA[WEAKENING|45-50|0-2|-2-0|STRONG_POS|NEGATIVE|1.0-1.2|NO_G2|NO_EARLY|NO_PULL|NO_DRYUP|40-60],CTX[<4|20-40|6-8]::DNA[WEAKENING|45-50|0-2|-2-0|STRONG_POS|NEGATIVE|1.0-1.2|NO_G2|NO_EARLY|NO_PULL|NO_DRYUP|40-60],CTX[<4|20-40|6-8]::DNA[WEAKENING|45-50|0-2|-2-0|STRONG_POS|NEGATIVE|1.0-1.2|NO_G2|NO_EARLY|NO_PULL|NO_DRYUP|40-60],V4,2026-08-13T08:54:40Z
41620eab9f579dab,41620eab9f579dab,PENDING_OUTCOME,2026-08-13,2026-08-13T08:54:37Z,4.0.0,GEN3_EXPERIENCE,DECISION_CONTEXT_V1,VRE,24600.0,⚠️ YẾU DẦN,48.9,3.0,🟠 HẠN CHẾ / GIẢM,OBV xấu + Thiếu mẫu xác nhận,46.07,-6.18,-2.77,1.23,-4.0,25042.95,24017.5,4.27,0.22,-1.768761268141339,2.425314874570628,🔴,6789200.0,6378440.0,1.0643981914073033,-1.77,15.49,15.49,-8.21,False,False,False,TÍCH LŨY,,,,430087900.0,434670237.0,,False,,,52.75,-6.0,-0.8,2.0,6.0,7.0,7.0,8.6,1.7,39.0,🔴 Forecast rủi ro,WEAKENING|45-50|0-2|<-2|STRONG_POS|NEGATIVE|1.0-1.2|NO_G2|NO_EARLY|NO_PULL|NO_DRYUP|40-60,<4|20-40|6-8,WEAKENING,45-50,0-2,<-2,STRONG_POS,1.0-1.2,NEGATIVE,NO_G2,NO_EARLY,NO_PULL,NO_DRYUP,40-60,<4,20-40,6-8,CTX[<4|20-40|6-8]::DNA[WEAKENING|45-50|0-2|<-2|STRONG_POS|NEGATIVE|1.0-1.2|NO_G2|NO_EARLY|NO_PULL|NO_DRYUP|40-60],CTX[<4|20-40|6-8]::DNA[WEAKENING|45-50|0-2|<-2|STRONG_POS|NEGATIVE|1.0-1.2|NO_G2|NO_EARLY|NO_PULL|NO_DRYUP|40-60],CTX[<4|20-40|6-8]::DNA[WEAKENING|45-50|0-2|<-2|STRONG_POS|NEGATIVE|1.0-1.2|NO_G2|NO_EARLY|NO_PULL|NO_DRYUP|40-60],V4,2026-08-13T08:54:40Z
f09961466ffe03a9,f09961466ffe03a9,PENDING_OUTCOME,2026-08-13,2026-08-13T08:54:37Z,4.0.0,GEN3_EXPERIENCE,DECISION_CONTEXT_V1,BVS,27100.0,⚠️ YẾU DẦN,48.3,3.0,🟠 HẠN CHẾ / GIẢM,OBV xấu + Thiếu mẫu xác nhận,46.87,-2.32,3.04,3.44,-0.3999999999999999,27003.73,27010.0,-0.02,3.82,0.3565063048697414,0.3332099222510098,🔴,751900.0,1082720.0,0.6944547066646963,0.36,11.52,11.52,-20.06,False,False,False,TÍCH LŨY,,,,4131100.0,4352533.0,,False,,,53.34,0.0,5.2,2.0,6.0,7.0,7.0,8.6,1.7,39.0,🔴 Forecast rủi ro,WEAKENING|45-50|2-5|-2-0|NEG|NEGATIVE|<0.7|NO_G2|NO_EARLY|NO_PULL|NO_DRYUP|40-60,<4|20-40|6-8,WEAKENING,45-50,2-5,-2-0,NEG,<0.7,NEGATIVE,NO_G2,NO_EARLY,NO_PULL,NO_DRYUP,40-60,<4,20-40,6-8,CTX[<4|20-40|6-8]::DNA[WEAKENING|45-50|2-5|-2-0|NEG|NEGATIVE|<0.7|NO_G2|NO_EARLY|NO_PULL|NO_DRYUP|40-60],CTX[<4|20-40|6-8]::DNA[WEAKENING|45-50|2-5|-2-0|NEG|NEGATIVE|<0.7|NO_G2|NO_EARLY|NO_PULL|NO_DRYUP|40-60],CTX[<4|20-40|6-8]::DNA[WEAKENING|45-50|2-5|-2-0|NEG|NEGATIVE|<0.7|NO_G2|NO_EARLY|NO_PULL|NO_DRYUP|40-60],V4,2026-08-13T08:54:40Z
b73c9fb0a86f0069,b73c9fb0a86f0069,PENDING_OUTCOME,2026-08-13,2026-08-13T08:54:37Z,4.0.0,GEN3_EXPERIENCE,DECISION_CONTEXT_V1,DXG,10850.0,⚠️ YẾU DẦN,48.0,3.0,🟠 HẠN CHẾ / GIẢM,OBV xấu + Thiếu mẫu xác nhận,43.9,-3.09,-0.91,2.36,-3.27,10904.87,10801.0,0.96,2.51,-0.5031696847371925,0.4536616979909258,🔴,11893300.0,10745585.0,1.1068080518650218,-0.5,8.83,8.83,-11.43,False,False,False,TÍCH LŨY,,,,557788404.0,560322264.0,,False,,,52.51,4.0,1.7,2.0,6.0,7.0,7.0,8.6,1.7,39.0,🔴 Forecast rủi ro,WEAKENING|<45|2-5|<-2|STRONG_POS|NEGATIVE|1.0-1.2|NO_G2|NO_EARLY|NO_PULL|NO_DRYUP|40-60,<4|20-40|6-8,WEAKENING,<45,2-5,<-2,STRONG_POS,1.0-1.2,NEGATIVE,NO_G2,NO_EARLY,NO_PULL,NO_DRYUP,40-60,<4,20-40,6-8,CTX[<4|20-40|6-8]::DNA[WEAKENING|<45|2-5|<-2|STRONG_POS|NEGATIVE|1.0-1.2|NO_G2|NO_EARLY|NO_PULL|NO_DRYUP|40-60],CTX[<4|20-40|6-8]::DNA[WEAKENING|<45|2-5|<-2|STRONG_POS|NEGATIVE|1.0-1.2|NO_G2|NO_EARLY|NO_PULL|NO_DRYUP|40-60],CTX[<4|20-40|6-8]::DNA[WEAKENING|<45|2-5|<-2|STRONG_POS|NEGATIVE|1.0-1.2|NO_G2|NO_EARLY|NO_PULL|NO_DRYUP|40-60],V4,2026-08-13T08:54:40Z
d03e0a96cb4b186a,d03e0a96cb4b186a,PENDING_OUTCOME,2026-08-13,2026-08-13T08:54:37Z,4.0.0,GEN3_EXPERIENCE,DECISION_CONTEXT_V1,FPT,69200.0,⚠️ YẾU DẦN,48.0,3.0,🟠 HẠN CHẾ / GIẢM,OBV xấu + Thiếu mẫu xác nhận,49.67,-10.72,-2.12,3.28,-5.4,69971.28,67674.9,3.39,-0.07,-1.1022808215027655,2.253568161903452,🔴,8324769.0,6684378.0,1.2454066780783493,-1.1,11.25,11.25,-5.59,False,False,False,THEO DÕI,,,,-425513069.0,-418720262.0,,False,,,49.37,-15.0,0.1,0.0,7.0,7.0,7.0,8.6,1.7,39.0,🔴 Forecast rủi ro,WEAKENING|45-50|2-5|<-2|STRONG_POS|NEGATIVE|1.2-1.5|NO_G2|NO_EARLY|NO_PULL|NO_DRYUP|40-60,<4|20-40|6-8,WEAKENING,45-50,2-5,<-2,STRONG_POS,1.2-1.5,NEGATIVE,NO_G2,NO_EARLY,NO_PULL,NO_DRYUP,40-60,<4,20-40,6-8,CTX[<4|20-40|6-8]::DNA[WEAKENING|45-50|2-5|<-2|STRONG_POS|NEGATIVE|1.2-1.5|NO_G2|NO_EARLY|NO_PULL|NO_DRYUP|40-60],CTX[<4|20-40|6-8]::DNA[WEAKENING|45-50|2-5|<-2|STRONG_POS|NEGATIVE|1.2-1.5|NO_G2|NO_EARLY|NO_PULL|NO_DRYUP|40-60],CTX[<4|20-40|6-8]::DNA[WEAKENING|45-50|2-5|<-2|STRONG_POS|NEGATIVE|1.2-1.5|NO_G2|NO_EARLY|NO_PULL|NO_DRYUP|40-60],V4,2026-08-13T08:54:40Z
3244aaae06ea4483,3244aaae06ea4483,PENDING_OUTCOME,2026-08-13,2026-08-13T08:54:37Z,4.0.0,GEN3_EXPERIENCE,DECISION_CONTEXT_V1,STB,73100.0,⚠️ YẾU DẦN,47.9,3.0,🟠 HẠN CHẾ / GIẢM,OBV xấu + Thiếu mẫu xác nhận,52.17,-6.93,1.25,2.09,-0.8399999999999999,73457.73,72840.0,0.85,-0.29,-0.4869875505273513,0.3569467325645226,🔴,3461400.0,3866795.0,0.8951599451225111,-0.49,2.96,10.59,-3.94,False,False,False,TÍCH LŨY,,,,404545300.0,407058706.0,,False,,,53.89,-10.5,-11.6,2.0,6.0,7.0,7.0,8.6,1.7,39.0,🔴 Forecast rủi ro,WEAKENING|50-55|2-5|-2-0|STRONG_POS|NEGATIVE|0.7-1.0|NO_G2|NO_EARLY|NO_PULL|NO_DRYUP|40-60,<4|20-40|6-8,WEAKENING,50-55,2-5,-2-0,STRONG_POS,0.7-1.0,NEGATIVE,NO_G2,NO_EARLY,NO_PULL,NO_DRYUP,40-60,<4,20-40,6-8,CTX[<4|20-40|6-8]::DNA[WEAKENING|50-55|2-5|-2-0|STRONG_POS|NEGATIVE|0.7-1.0|NO_G2|NO_EARLY|NO_PULL|NO_DRYUP|40-60],CTX[<4|20-40|6-8]::DNA[WEAKENING|50-55|2-5|-2-0|STRONG_POS|NEGATIVE|0.7-1.0|NO_G2|NO_EARLY|NO_PULL|NO_DRYUP|40-60],CTX[<4|20-40|6-8]::DNA[WEAKENING|50-55|2-5|-2-0|STRONG_POS|NEGATIVE|0.7-1.0|NO_G2|NO_EARLY|NO_PULL|NO_DRYUP|40-60],V4,2026-08-13T08:54:40Z
0f2ca3b6558aed6c,0f2ca3b6558aed6c,PENDING_OUTCOME,2026-08-13,2026-08-13T08:54:37Z,4.0.0,GEN3_EXPERIENCE,DECISION_CONTEXT_V1,NVL,13400.0,⚠️ YẾU DẦN,47.7,3.0,🟠 HẠN CHẾ / GIẢM,OBV xấu + Thiếu mẫu xác nhận,54.45,-11.18,-2.19,3.08,-5.27,13495.5,13145.0,2.67,-1.56,-0.7076432885035788,1.939901103081021,🔴,18235805.0,18117185.0,1.006547374771522,-0.71,7.63,13.08,-5.96,False,False,False,TÍCH LŨY,,,,630917999.0,639740410.0,,False,,,54.22,-13.5,-11.8,2.0,6.0,7.0,7.0,8.6,1.7,39.0,🔴 Forecast rủi ro,WEAKENING|50-55|2-5|<-2|STRONG_POS|NEGATIVE|1.0-1.2|NO_G2|NO_EARLY|NO_PULL|NO_DRYUP|40-60,<4|20-40|6-8,WEAKENING,50-55,2-5,<-2,STRONG_POS,1.0-1.2,NEGATIVE,NO_G2,NO_EARLY,NO_PULL,NO_DRYUP,40-60,<4,20-40,6-8,CTX[<4|20-40|6-8]::DNA[WEAKENING|50-55|2-5|<-2|STRONG_POS|NEGATIVE|1.0-1.2|NO_G2|NO_EARLY|NO_PULL|NO_DRYUP|40-60],CTX[<4|20-40|6-8]::DNA[WEAKENING|50-55|2-5|<-2|STRONG_POS|NEGATIVE|1.0-1.2|NO_G2|NO_EARLY|NO_PULL|NO_DRYUP|40-60],CTX[<4|20-40|6-8]::DNA[WEAKENING|50-55|2-5|<-2|STRONG_POS|NEGATIVE|1.0-1.2|NO_G2|NO_EARLY|NO_PULL|NO_DRYUP|40-60],V4,2026-08-13T08:54:40Z
39a81226bff57d1f,39a81226bff57d1f,PENDING_OUTCOME,2026-08-13,2026-08-13T08:54:37Z,4.0.0,GEN3_EXPERIENCE,DECISION_CONTEXT_V1,HPG,21700.0,⚠️ YẾU DẦN,47.5,3.0,🟠 HẠN CHẾ / GIẢM,OBV xấu + Thiếu mẫu xác nhận,44.79,-5.62,-0.69,-0.46,-0.2299999999999999,21908.23,21527.5,1.77,0.36,-0.9504647340291772,0.8013006619440155,🔴,26828248.0,26442177.0,1.014600575436735,-0.95,6.63,6.63,-4.19,False,False,False,THEO DÕI,,,,344523476.0,356766916.0,,False,,,48.38,-4.5,-6.3,1.0,7.0,7.0,7.0,8.6,1.7,39.0,🔴 Forecast rủi ro,WEAKENING|<45|-2-0|-2-0|STRONG_POS|NEGATIVE|1.0-1.2|NO_G2|NO_EARLY|NO_PULL|NO_DRYUP|40-60,<4|20-40|6-8,WEAKENING,<45,-2-0,-2-0,STRONG_POS,1.0-1.2,NEGATIVE,NO_G2,NO_EARLY,NO_PULL,NO_DRYUP,40-60,<4,20-40,6-8,CTX[<4|20-40|6-8]::DNA[WEAKENING|<45|-2-0|-2-0|STRONG_POS|NEGATIVE|1.0-1.2|NO_G2|NO_EARLY|NO_PULL|NO_DRYUP|40-60],CTX[<4|20-40|6-8]::DNA[WEAKENING|<45|-2-0|-2-0|STRONG_POS|NEGATIVE|1.0-1.2|NO_G2|NO_EARLY|NO_PULL|NO_DRYUP|40-60],CTX[<4|20-40|6-8]::DNA[WEAKENING|<45|-2-0|-2-0|STRONG_POS|NEGATIVE|1.0-1.2|NO_G2|NO_EARLY|NO_PULL|NO_DRYUP|40-60],V4,2026-08-13T08:54:40Z
a5852dc313956c4a,a5852dc313956c4a,PENDING_OUTCOME,2026-08-13,2026-08-13T08:54:37Z,4.0.0,GEN3_EXPERIENCE,DECISION_CONTEXT_V1,DBC,16550.0,⚠️ YẾU DẦN,46.1,3.0,🟠 HẠN CHẾ / GIẢM,OBV xấu + Thiếu mẫu xác nhận,42.64,-4.43,-0.3,0.61,-0.91,16612.85,16434.95,1.08,0.84,-0.3783216004478396,0.700032552578489,🔴,1811345.0,1967397.0,0.9206809810119666,-0.38,5.41,5.41,-7.28,False,False,False,THEO DÕI,,,,7166655.0,7412296.0,,False,,,48.1,-4.5,-6.3,1.0,7.0,7.0,7.0,8.6,1.7,39.0,🔴 Forecast rủi ro,WEAKENING|<45|0-2|-2-0|STRONG_POS|NEGATIVE|0.7-1.0|NO_G2|NO_EARLY|NO_PULL|NO_DRYUP|40-60,<4|20-40|6-8,WEAKENING,<45,0-2,-2-0,STRONG_POS,0.7-1.0,NEGATIVE,NO_G2,NO_EARLY,NO_PULL,NO_DRYUP,40-60,<4,20-40,6-8,CTX[<4|20-40|6-8]::DNA[WEAKENING|<45|0-2|-2-0|STRONG_POS|NEGATIVE|0.7-1.0|NO_G2|NO_EARLY|NO_PULL|NO_DRYUP|40-60],CTX[<4|20-40|6-8]::DNA[WEAKENING|<45|0-2|-2-0|STRONG_POS|NEGATIVE|0.7-1.0|NO_G2|NO_EARLY|NO_PULL|NO_DRYUP|40-60],CTX[<4|20-40|6-8]::DNA[WEAKENING|<45|0-2|-2-0|STRONG_POS|NEGATIVE|0.7-1.0|NO_G2|NO_EARLY|NO_PULL|NO_DRYUP|40-60],V4,2026-08-13T08:54:40Z
956de3891ea69920,956de3891ea69920,PENDING_OUTCOME,2026-08-13,2026-08-13T08:54:37Z,4.0.0,GEN3_EXPERIENCE,DECISION_CONTEXT_V1,HHS,9870.0,⚠️ YẾU DẦN,45.0,3.0,🟠 HẠN CHẾ / GIẢM,OBV xấu + Thiếu mẫu xác nhận,44.36,-4.8,-0.6,0.71,-1.31,9950.36,9889.5,0.62,1.33,-0.8076089709317058,-0.1971788260275997,🔴,875500.0,993235.0,0.8814630978570026,-0.81,5.0,5.0,-9.45,False,False,False,THEO DÕI,,,,156035000.0,157547579.0,,False,,,48.37,7.0,-3.9,1.0,7.0,7.0,7.0,8.6,1.7,39.0,🔴 Forecast rủi ro,WEAKENING|<45|0-2|-2-0|STRONG_POS|NEGATIVE|0.7-1.0|NO_G2|NO_EARLY|NO_PULL|NO_DRYUP|40-60,<4|20-40|6-8,WEAKENING,<45,0-2,-2-0,STRONG_POS,0.7-1.0,NEGATIVE,NO_G2,NO_EARLY,NO_PULL,NO_DRYUP,40-60,<4,20-40,6-8,CTX[<4|20-40|6-8]::DNA[WEAKENING|<45|0-2|-2-0|STRONG_POS|NEGATIVE|0.7-1.0|NO_G2|NO_EARLY|NO_PULL|NO_DRYUP|40-60],CTX[<4|20-40|6-8]::DNA[WEAKENING|<45|0-2|-2-0|STRONG_POS|NEGATIVE|0.7-1.0|NO_G2|NO_EARLY|NO_PULL|NO_DRYUP|40-60],CTX[<4|20-40|6-8]::DNA[WEAKENING|<45|0-2|-2-0|STRONG_POS|NEGATIVE|0.7-1.0|NO_G2|NO_EARLY|NO_PULL|NO_DRYUP|40-60],V4,2026-08-13T08:54:40Z
9aacb26ae2cb7817,9aacb26ae2cb7817,PENDING_OUTCOME,2026-08-13,2026-08-13T08:54:37Z,4.0.0,GEN3_EXPERIENCE,DECISION_CONTEXT_V1,PTB,33650.0,⚠️ YẾU DẦN,45.0,3.0,🟠 HẠN CHẾ / GIẢM,OBV xấu + Thiếu mẫu xác nhận,44.64,-0.79,-2.46,0.75,-3.21,33662.39,33504.95,0.47,0.46,-0.0368066557365653,0.4329211056873783,🔴,50500.0,60015.0,0.8414563025910189,-0.04,5.65,5.65,-4.27,False,False,False,TÍCH LŨY,,,,-625800.0,-597452.0,,False,,,52.48,1.0,1.7,2.0,6.0,7.0,7.0,8.6,1.7,39.0,🔴 Forecast rủi ro,WEAKENING|<45|0-2|<-2|STRONG_POS|NEGATIVE|0.7-1.0|NO_G2|NO_EARLY|NO_PULL|NO_DRYUP|40-60,<4|20-40|6-8,WEAKENING,<45,0-2,<-2,STRONG_POS,0.7-1.0,NEGATIVE,NO_G2,NO_EARLY,NO_PULL,NO_DRYUP,40-60,<4,20-40,6-8,CTX[<4|20-40|6-8]::DNA[WEAKENING|<45|0-2|<-2|STRONG_POS|NEGATIVE|0.7-1.0|NO_G2|NO_EARLY|NO_PULL|NO_DRYUP|40-60],CTX[<4|20-40|6-8]::DNA[WEAKENING|<45|0-2|<-2|STRONG_POS|NEGATIVE|0.7-1.0|NO_G2|NO_EARLY|NO_PULL|NO_DRYUP|40-60],CTX[<4|20-40|6-8]::DNA[WEAKENING|<45|0-2|<-2|STRONG_POS|NEGATIVE|0.7-1.0|NO_G2|NO_EARLY|NO_PULL|NO_DRYUP|40-60],V4,2026-08-13T08:54:40Z
1ba4b22917ba9031,1ba4b22917ba9031,PENDING_OUTCOME,2026-08-13,2026-08-13T08:54:37Z,4.0.0,GEN3_EXPERIENCE,DECISION_CONTEXT_V1,KDH,17750.0,⚠️ YẾU DẦN,44.7,3.0,🟠 HẠN CHẾ / GIẢM,OBV xấu + RSI yếu + Thiếu mẫu xác nhận,38.05,-4.26,-0.28,1.43,-1.71,17949.19,17747.5,1.14,1.48,-1.1097436708843111,0.0140864910550764,🔴,6615782.0,5502119.0,1.2024062002294025,-1.11,8.23,8.23,-9.44,False,False,False,THEO DÕI,,,,-17305982.0,-15690609.0,,False,,,47.39,-7.5,-6.3,-1.0,7.0,7.0,7.0,8.6,1.7,39.0,🔴 Forecast rủi ro,WEAKENING|<45|0-2|-2-0|STRONG_POS|NEGATIVE|1.2-1.5|NO_G2|NO_EARLY|NO_PULL|NO_DRYUP|40-60,<4|20-40|6-8,WEAKENING,<45,0-2,-2-0,STRONG_POS,1.2-1.5,NEGATIVE,NO_G2,NO_EARLY,NO_PULL,NO_DRYUP,40-60,<4,20-40,6-8,CTX[<4|20-40|6-8]::DNA[WEAKENING|<45|0-2|-2-0|STRONG_POS|NEGATIVE|1.2-1.5|NO_G2|NO_EARLY|NO_PULL|NO_DRYUP|40-60],CTX[<4|20-40|6-8]::DNA[WEAKENING|<45|0-2|-2-0|STRONG_POS|NEGATIVE|1.2-1.5|NO_G2|NO_EARLY|NO_PULL|NO_DRYUP|40-60],CTX[<4|20-40|6-8]::DNA[WEAKENING|<45|0-2|-2-0|STRONG_POS|NEGATIVE|1.2-1.5|NO_G2|NO_EARLY|NO_PULL|NO_DRYUP|40-60],V4,2026-08-13T08:54:40Z
d926be19a975c3a5,d926be19a975c3a5,PENDING_OUTCOME,2026-08-13,2026-08-13T08:54:37Z,4.0.0,GEN3_EXPERIENCE,DECISION_CONTEXT_V1,CSV,21900.0,⚠️ YẾU DẦN,44.7,3.0,🟠 HẠN CHẾ / GIẢM,OBV xấu + Thiếu mẫu xác nhận,46.74,-4.19,-1.57,3.06,-4.63,21983.26,21770.0,0.98,1.49,-0.3787427342441418,0.5971520440973821,🔴,300300.0,394130.0,0.7619313424504605,-0.38,9.5,9.5,-12.75,False,False,False,MUA EARLY,,,,-3552300.0,-3381323.0,,False,,,54.67,1.0,-1.7,3.0,5.0,7.0,7.0,8.6,1.7,39.0,🔴 Forecast rủi ro,WEAKENING|45-50|2-5|<-2|STRONG_POS|NEGATIVE|0.7-1.0|NO_G2|NO_EARLY|NO_PULL|NO_DRYUP|40-60,<4|20-40|6-8,WEAKENING,45-50,2-5,<-2,STRONG_POS,0.7-1.0,NEGATIVE,NO_G2,NO_EARLY,NO_PULL,NO_DRYUP,40-60,<4,20-40,6-8,CTX[<4|20-40|6-8]::DNA[WEAKENING|45-50|2-5|<-2|STRONG_POS|NEGATIVE|0.7-1.0|NO_G2|NO_EARLY|NO_PULL|NO_DRYUP|40-60],CTX[<4|20-40|6-8]::DNA[WEAKENING|45-50|2-5|<-2|STRONG_POS|NEGATIVE|0.7-1.0|NO_G2|NO_EARLY|NO_PULL|NO_DRYUP|40-60],CTX[<4|20-40|6-8]::DNA[WEAKENING|45-50|2-5|<-2|STRONG_POS|NEGATIVE|0.7-1.0|NO_G2|NO_EARLY|NO_PULL|NO_DRYUP|40-60],V4,2026-08-13T08:54:40Z
6792ae261ca6261e,6792ae261ca6261e,PENDING_OUTCOME,2026-08-13,2026-08-13T08:54:37Z,4.0.0,GEN3_EXPERIENCE,DECISION_CONTEXT_V1,HAH,45800.0,⚠️ YẾU DẦN,44.5,3.0,🟠 HẠN CHẾ / GIẢM,OBV xấu + Thiếu mẫu xác nhận,43.85,-3.8,-1.51,1.33,-2.84,45956.27,45390.0,1.25,0.79,-0.3400406516890886,0.9032826613791568,🔴,730974.0,521024.0,1.4029564856897188,-0.34,4.33,4.33,-3.78,False,False,False,THEO DÕI,,,,19118126.0,19290457.0,,False,,,48.29,2.5,-0.4,-1.0,7.0,7.0,7.0,8.6,1.7,39.0,🔴 Forecast rủi ro,WEAKENING|<45|0-2|<-2|STRONG_POS|NEGATIVE|1.2-1.5|NO_G2|NO_EARLY|NO_PULL|NO_DRYUP|40-60,<4|20-40|6-8,WEAKENING,<45,0-2,<-2,STRONG_POS,1.2-1.5,NEGATIVE,NO_G2,NO_EARLY,NO_PULL,NO_DRYUP,40-60,<4,20-40,6-8,CTX[<4|20-40|6-8]::DNA[WEAKENING|<45|0-2|<-2|STRONG_POS|NEGATIVE|1.2-1.5|NO_G2|NO_EARLY|NO_PULL|NO_DRYUP|40-60],CTX[<4|20-40|6-8]::DNA[WEAKENING|<45|0-2|<-2|STRONG_POS|NEGATIVE|1.2-1.5|NO_G2|NO_EARLY|NO_PULL|NO_DRYUP|40-60],CTX[<4|20-40|6-8]::DNA[WEAKENING|<45|0-2|<-2|STRONG_POS|NEGATIVE|1.2-1.5|NO_G2|NO_EARLY|NO_PULL|NO_DRYUP|40-60],V4,2026-08-13T08:54:40Z
11c2d1ee34a5b974,11c2d1ee34a5b974,PENDING_OUTCOME,2026-08-13,2026-08-13T08:54:37Z,4.0.0,GEN3_EXPERIENCE,DECISION_CONTEXT_V1,REE,46600.0,⚠️ YẾU DẦN,44.4,3.0,🟠 HẠN CHẾ / GIẢM,OBV xấu + Thiếu mẫu xác nhận,46.67,-7.62,-1.89,2.87,-4.76,46975.92,46132.5,1.83,-0.36,-0.8002397824246943,1.0133853573944585,🔴,436980.0,527119.0,0.8289968678799284,-0.8,6.27,6.27,-4.31,False,False,False,TÍCH LŨY,,,,-11250480.0,-10835414.0,,False,,,52.99,-7.5,-0.8,2.0,6.0,7.0,7.0,8.6,1.7,39.0,🔴 Forecast rủi ro,WEAKENING|45-50|2-5|<-2|STRONG_POS|NEGATIVE|0.7-1.0|NO_G2|NO_EARLY|NO_PULL|NO_DRYUP|40-60,<4|20-40|6-8,WEAKENING,45-50,2-5,<-2,STRONG_POS,0.7-1.0,NEGATIVE,NO_G2,NO_EARLY,NO_PULL,NO_DRYUP,40-60,<4,20-40,6-8,CTX[<4|20-40|6-8]::DNA[WEAKENING|45-50|2-5|<-2|STRONG_POS|NEGATIVE|0.7-1.0|NO_G2|NO_EARLY|NO_PULL|NO_DRYUP|40-60],CTX[<4|20-40|6-8]::DNA[WEAKENING|45-50|2-5|<-2|STRONG_POS|NEGATIVE|0.7-1.0|NO_G2|NO_EARLY|NO_PULL|NO_DRYUP|40-60],CTX[<4|20-40|6-8]::DNA[WEAKENING|45-50|2-5|<-2|STRONG_POS|NEGATIVE|0.7-1.0|NO_G2|NO_EARLY|NO_PULL|NO_DRYUP|40-60],V4,2026-08-13T08:54:40Z
bda2db2d33e6e909,bda2db2d33e6e909,PENDING_OUTCOME,2026-08-13,2026-08-13T08:54:37Z,4.0.0,GEN3_EXPERIENCE,DECISION_CONTEXT_V1,VJC,124900.0,⚠️ YẾU DẦN,43.5,3.0,🟠 HẠN CHẾ / GIẢM,OBV xấu + Thiếu mẫu xác nhận,39.03,0.6,-0.87,0.56,-1.4300000000000002,126236.76,126760.0,-0.41,0.75,-1.058930853421769,-1.4673398548437966,🔴,1564200.0,1257275.0,1.2441192261040743,-1.06,1.22,1.22,-7.21,False,False,False,THEO DÕI,,,,21485000.0,22328677.0,,False,,,47.47,1.0,-3.9,-2.0,7.0,7.0,7.0,8.6,1.7,39.0,🔴 Forecast rủi ro,WEAKENING|<45|0-2|-2-0|STRONG_NEG|NEGATIVE|1.2-1.5|NO_G2|NO_EARLY|NO_PULL|NO_DRYUP|40-60,<4|20-40|6-8,WEAKENING,<45,0-2,-2-0,STRONG_NEG,1.2-1.5,NEGATIVE,NO_G2,NO_EARLY,NO_PULL,NO_DRYUP,40-60,<4,20-40,6-8,CTX[<4|20-40|6-8]::DNA[WEAKENING|<45|0-2|-2-0|STRONG_NEG|NEGATIVE|1.2-1.5|NO_G2|NO_EARLY|NO_PULL|NO_DRYUP|40-60],CTX[<4|20-40|6-8]::DNA[WEAKENING|<45|0-2|-2-0|STRONG_NEG|NEGATIVE|1.2-1.5|NO_G2|NO_EARLY|NO_PULL|NO_DRYUP|40-60],CTX[<4|20-40|6-8]::DNA[WEAKENING|<45|0-2|-2-0|STRONG_NEG|NEGATIVE|1.2-1.5|NO_G2|NO_EARLY|NO_PULL|NO_DRYUP|40-60],V4,2026-08-13T08:54:40Z
2b60817abca2ff01,2b60817abca2ff01,PENDING_OUTCOME,2026-08-13,2026-08-13T08:54:37Z,4.0.0,GEN3_EXPERIENCE,DECISION_CONTEXT_V1,DIG,10650.0,⚠️ YẾU DẦN,43.0,3.0,🟠 HẠN CHẾ / GIẢM,OBV xấu + RSI yếu + Thiếu mẫu xác nhận,41.55,-5.72,-0.47,4.41,-4.88,10760.4,10662.5,0.92,2.76,-1.0259841641574674,-0.1172332942555698,🔴,6436918.0,9736521.0,0.6611106780337659,-1.03,9.91,9.91,-15.81,False,False,False,MUA EARLY,,,,178442582.0,183154229.0,,False,,,53.99,1.0,-1.7,3.0,5.0,7.0,7.0,8.6,1.7,39.0,🔴 Forecast rủi ro,WEAKENING|<45|2-5|<-2|STRONG_POS|NEGATIVE|<0.7|NO_G2|NO_EARLY|NO_PULL|NO_DRYUP|40-60,<4|20-40|6-8,WEAKENING,<45,2-5,<-2,STRONG_POS,<0.7,NEGATIVE,NO_G2,NO_EARLY,NO_PULL,NO_DRYUP,40-60,<4,20-40,6-8,CTX[<4|20-40|6-8]::DNA[WEAKENING|<45|2-5|<-2|STRONG_POS|NEGATIVE|<0.7|NO_G2|NO_EARLY|NO_PULL|NO_DRYUP|40-60],CTX[<4|20-40|6-8]::DNA[WEAKENING|<45|2-5|<-2|STRONG_POS|NEGATIVE|<0.7|NO_G2|NO_EARLY|NO_PULL|NO_DRYUP|40-60],CTX[<4|20-40|6-8]::DNA[WEAKENING|<45|2-5|<-2|STRONG_POS|NEGATIVE|<0.7|NO_G2|NO_EARLY|NO_PULL|NO_DRYUP|40-60],V4,2026-08-13T08:54:40Z
1ba6e7bd79e93618,1ba6e7bd79e93618,PENDING_OUTCOME,2026-08-13,2026-08-13T08:54:37Z,4.0.0,GEN3_EXPERIENCE,DECISION_CONTEXT_V1,TCH,11800.0,⚠️ YẾU DẦN,42.2,3.0,🟠 HẠN CHẾ / GIẢM,OBV xấu + RSI yếu + Thiếu mẫu xác nhận,39.39,-6.03,-2.48,2.16,-4.640000000000001,12041.81,11975.0,0.56,2.41,-2.008086824156829,-1.4613778705636735,🔴,5551300.0,5041955.0,1.1010213300198035,-2.01,7.27,7.27,-15.71,False,False,False,TÍCH LŨY,,,,131341200.0,141650795.0,,False,,,51.79,1.5,4.3,2.0,6.0,7.0,7.0,8.6,1.7,39.0,🔴 Forecast rủi ro,WEAKENING|<45|2-5|<-2|STRONG_POS|NEGATIVE|1.0-1.2|NO_G2|NO_EARLY|NO_PULL|NO_DRYUP|40-60,<4|20-40|6-8,WEAKENING,<45,2-5,<-2,STRONG_POS,1.0-1.2,NEGATIVE,NO_G2,NO_EARLY,NO_PULL,NO_DRYUP,40-60,<4,20-40,6-8,CTX[<4|20-40|6-8]::DNA[WEAKENING|<45|2-5|<-2|STRONG_POS|NEGATIVE|1.0-1.2|NO_G2|NO_EARLY|NO_PULL|NO_DRYUP|40-60],CTX[<4|20-40|6-8]::DNA[WEAKENING|<45|2-5|<-2|STRONG_POS|NEGATIVE|1.0-1.2|NO_G2|NO_EARLY|NO_PULL|NO_DRYUP|40-60],CTX[<4|20-40|6-8]::DNA[WEAKENING|<45|2-5|<-2|STRONG_POS|NEGATIVE|1.0-1.2|NO_G2|NO_EARLY|NO_PULL|NO_DRYUP|40-60],V4,2026-08-13T08:54:40Z
01bce63c2e77d2cc,01bce63c2e77d2cc,PENDING_OUTCOME,2026-08-13,2026-08-13T08:54:37Z,4.0.0,GEN3_EXPERIENCE,DECISION_CONTEXT_V1,HDC,11600.0,⚠️ YẾU DẦN,41.6,3.0,🟠 HẠN CHẾ / GIẢM,OBV xấu + RSI yếu + Thiếu mẫu xác nhận,34.59,-4.09,-0.85,0.0,-0.85,11816.9,11812.5,0.04,2.74,-1.835506774196272,-1.7989417989418,🔴,1664519.0,1400096.0,1.1888606209859895,-1.84,6.42,6.42,-17.14,False,False,False,THEO DÕI,,,,156526681.0,157282174.0,,False,,,46.78,-3.0,-2.8,1.0,7.0,7.0,7.0,8.6,1.7,39.0,🔴 Forecast rủi ro,WEAKENING|<45|0-2|-2-0|POS|NEGATIVE|1.0-1.2|NO_G2|NO_EARLY|NO_PULL|NO_DRYUP|40-60,<4|20-40|6-8,WEAKENING,<45,0-2,-2-0,POS,1.0-1.2,NEGATIVE,NO_G2,NO_EARLY,NO_PULL,NO_DRYUP,40-60,<4,20-40,6-8,CTX[<4|20-40|6-8]::DNA[WEAKENING|<45|0-2|-2-0|POS|NEGATIVE|1.0-1.2|NO_G2|NO_EARLY|NO_PULL|NO_DRYUP|40-60],CTX[<4|20-40|6-8]::DNA[WEAKENING|<45|0-2|-2-0|POS|NEGATIVE|1.0-1.2|NO_G2|NO_EARLY|NO_PULL|NO_DRYUP|40-60],CTX[<4|20-40|6-8]::DNA[WEAKENING|<45|0-2|-2-0|POS|NEGATIVE|1.0-1.2|NO_G2|NO_EARLY|NO_PULL|NO_DRYUP|40-60],V4,2026-08-13T08:54:40Z
6a31ebf992eba225,6a31ebf992eba225,PENDING_OUTCOME,2026-08-13,2026-08-13T08:54:37Z,4.0.0,GEN3_EXPERIENCE,DECISION_CONTEXT_V1,VND,16550.0,⚠️ YẾU DẦN,41.1,3.0,🟠 HẠN CHẾ / GIẢM,OBV xấu + Thiếu mẫu xác nhận,44.67,-5.4,-0.9,-2.93,2.03,16773.4,16782.5,-0.05,0.41,-1.3318707000369745,-1.3853716669149363,🔴,17800598.0,12116390.0,1.4691337931512605,-1.33,7.82,7.82,-7.28,False,False,False,THEO DÕI,,,,538995914.0,562597057.0,,False,,,48.3,-3.0,2.4,-2.0,7.0,7.0,7.0,8.6,1.7,39.0,🔴 Forecast rủi ro,WEAKENING|<45|<-2|2-5|NEG|NEGATIVE|1.2-1.5|NO_G2|NO_EARLY|NO_PULL|NO_DRYUP|40-60,<4|20-40|6-8,WEAKENING,<45,<-2,2-5,NEG,1.2-1.5,NEGATIVE,NO_G2,NO_EARLY,NO_PULL,NO_DRYUP,40-60,<4,20-40,6-8,CTX[<4|20-40|6-8]::DNA[WEAKENING|<45|<-2|2-5|NEG|NEGATIVE|1.2-1.5|NO_G2|NO_EARLY|NO_PULL|NO_DRYUP|40-60],CTX[<4|20-40|6-8]::DNA[WEAKENING|<45|<-2|2-5|NEG|NEGATIVE|1.2-1.5|NO_G2|NO_EARLY|NO_PULL|NO_DRYUP|40-60],CTX[<4|20-40|6-8]::DNA[WEAKENING|<45|<-2|2-5|NEG|NEGATIVE|1.2-1.5|NO_G2|NO_EARLY|NO_PULL|NO_DRYUP|40-60],V4,2026-08-13T08:54:40Z
5d6d0df6f0c5794c,5d6d0df6f0c5794c,PENDING_OUTCOME,2026-08-13,2026-08-13T08:54:37Z,4.0.0,GEN3_EXPERIENCE,DECISION_CONTEXT_V1,HDG,16300.0,⚠️ YẾU DẦN,40.4,3.0,🟠 HẠN CHẾ / GIẢM,OBV xấu + RSI yếu + Thiếu mẫu xác nhận,36.78,-7.49,-1.51,-1.21,-0.3,16585.69,16507.45,0.47,1.62,-1.7225089821406248,-1.2567053057861766,🔴,1062700.0,1404895.0,0.7564266368661003,-1.72,5.16,5.16,-14.21,False,False,False,TÍCH LŨY,,,,17049800.0,18777527.0,,False,,,51.19,1.0,1.7,2.0,6.0,7.0,7.0,8.6,1.7,39.0,🔴 Forecast rủi ro,WEAKENING|<45|-2-0|-2-0|STRONG_POS|NEGATIVE|0.7-1.0|NO_G2|NO_EARLY|NO_PULL|NO_DRYUP|40-60,<4|20-40|6-8,WEAKENING,<45,-2-0,-2-0,STRONG_POS,0.7-1.0,NEGATIVE,NO_G2,NO_EARLY,NO_PULL,NO_DRYUP,40-60,<4,20-40,6-8,CTX[<4|20-40|6-8]::DNA[WEAKENING|<45|-2-0|-2-0|STRONG_POS|NEGATIVE|0.7-1.0|NO_G2|NO_EARLY|NO_PULL|NO_DRYUP|40-60],CTX[<4|20-40|6-8]::DNA[WEAKENING|<45|-2-0|-2-0|STRONG_POS|NEGATIVE|0.7-1.0|NO_G2|NO_EARLY|NO_PULL|NO_DRYUP|40-60],CTX[<4|20-40|6-8]::DNA[WEAKENING|<45|-2-0|-2-0|STRONG_POS|NEGATIVE|0.7-1.0|NO_G2|NO_EARLY|NO_PULL|NO_DRYUP|40-60],V4,2026-08-13T08:54:40Z
de4ca79381e7471f,de4ca79381e7471f,PENDING_OUTCOME,2026-08-13,2026-08-13T08:54:37Z,4.0.0,GEN3_EXPERIENCE,DECISION_CONTEXT_V1,CMG,24300.0,⚠️ YẾU DẦN,40.4,3.0,🟠 HẠN CHẾ / GIẢM,OBV xấu + RSI yếu + Thiếu mẫu xác nhận,39.32,-4.52,-2.61,0.83,-3.44,24714.96,24660.0,0.22,0.35,-1.6789830936404515,-1.4598540145985384,🔴,179900.0,187640.0,0.9587507994031124,-1.68,2.97,2.97,-7.25,False,False,False,THEO DÕI,,,,-7709800.0,-7617291.0,,False,,,47.6,4.0,-3.9,1.0,7.0,7.0,7.0,8.6,1.7,39.0,🔴 Forecast rủi ro,WEAKENING|<45|0-2|<-2|STRONG_POS|NEGATIVE|0.7-1.0|NO_G2|NO_EARLY|NO_PULL|NO_DRYUP|40-60,<4|20-40|6-8,WEAKENING,<45,0-2,<-2,STRONG_POS,0.7-1.0,NEGATIVE,NO_G2,NO_EARLY,NO_PULL,NO_DRYUP,40-60,<4,20-40,6-8,CTX[<4|20-40|6-8]::DNA[WEAKENING|<45|0-2|<-2|STRONG_POS|NEGATIVE|0.7-1.0|NO_G2|NO_EARLY|NO_PULL|NO_DRYUP|40-60],CTX[<4|20-40|6-8]::DNA[WEAKENING|<45|0-2|<-2|STRONG_POS|NEGATIVE|0.7-1.0|NO_G2|NO_EARLY|NO_PULL|NO_DRYUP|40-60],CTX[<4|20-40|6-8]::DNA[WEAKENING|<45|0-2|<-2|STRONG_POS|NEGATIVE|0.7-1.0|NO_G2|NO_EARLY|NO_PULL|NO_DRYUP|40-60],V4,2026-08-13T08:54:40Z
6033574ad9374afc,6033574ad9374afc,PENDING_OUTCOME,2026-08-13,2026-08-13T08:54:37Z,4.0.0,GEN3_EXPERIENCE,DECISION_CONTEXT_V1,VPX,25300.0,⚠️ YẾU DẦN,40.3,3.0,🟠 HẠN CHẾ / GIẢM,OBV xấu + Thiếu mẫu xác nhận,43.21,-3.55,-1.17,-0.39,-0.7799999999999999,25593.12,25752.5,-0.62,0.37,-1.14530780147164,-1.7571109601009605,🔴,927200.0,1286735.0,0.72058349232748,-1.15,4.76,4.76,-8.83,False,False,False,THEO DÕI,,,,6695000.0,8324539.0,,False,,,48.13,9.5,-0.4,1.0,7.0,7.0,7.0,8.6,1.7,39.0,🔴 Forecast rủi ro,WEAKENING|<45|-2-0|-2-0|STRONG_NEG|NEGATIVE|0.7-1.0|NO_G2|NO_EARLY|NO_PULL|NO_DRYUP|40-60,<4|20-40|6-8,WEAKENING,<45,-2-0,-2-0,STRONG_NEG,0.7-1.0,NEGATIVE,NO_G2,NO_EARLY,NO_PULL,NO_DRYUP,40-60,<4,20-40,6-8,CTX[<4|20-40|6-8]::DNA[WEAKENING|<45|-2-0|-2-0|STRONG_NEG|NEGATIVE|0.7-1.0|NO_G2|NO_EARLY|NO_PULL|NO_DRYUP|40-60],CTX[<4|20-40|6-8]::DNA[WEAKENING|<45|-2-0|-2-0|STRONG_NEG|NEGATIVE|0.7-1.0|NO_G2|NO_EARLY|NO_PULL|NO_DRYUP|40-60],CTX[<4|20-40|6-8]::DNA[WEAKENING|<45|-2-0|-2-0|STRONG_NEG|NEGATIVE|0.7-1.0|NO_G2|NO_EARLY|NO_PULL|NO_DRYUP|40-60],V4,2026-08-13T08:54:40Z
2d8f14775830912c,2d8f14775830912c,PENDING_OUTCOME,2026-08-13,2026-08-13T08:54:37Z,4.0.0,GEN3_EXPERIENCE,DECISION_CONTEXT_V1,PNJ,35300.0,⚠️ YẾU DẦN,39.5,3.0,🟠 HẠN CHẾ / GIẢM,OBV xấu + Vol chưa xác nhận + Thiếu mẫu xác nhận,37.37,-0.46,-3.16,8.62,-11.78,35335.77,35167.5,0.48,3.0,-0.1012288680846573,0.3767683230255114,🔴,2472100.0,9275715.0,0.2665131475039929,-0.1,14.8,14.8,-18.57,False,False,False,MUA EARLY,,,,-70818200.0,-67787112.0,,False,,,53.71,-0.5,1.8,3.0,5.0,7.0,7.0,8.6,1.7,39.0,🔴 Forecast rủi ro,WEAKENING|<45|5-10|<-2|STRONG_POS|NEGATIVE|<0.7|NO_G2|NO_EARLY|NO_PULL|NO_DRYUP|40-60,<4|20-40|6-8,WEAKENING,<45,5-10,<-2,STRONG_POS,<0.7,NEGATIVE,NO_G2,NO_EARLY,NO_PULL,NO_DRYUP,40-60,<4,20-40,6-8,CTX[<4|20-40|6-8]::DNA[WEAKENING|<45|5-10|<-2|STRONG_POS|NEGATIVE|<0.7|NO_G2|NO_EARLY|NO_PULL|NO_DRYUP|40-60],CTX[<4|20-40|6-8]::DNA[WEAKENING|<45|5-10|<-2|STRONG_POS|NEGATIVE|<0.7|NO_G2|NO_EARLY|NO_PULL|NO_DRYUP|40-60],CTX[<4|20-40|6-8]::DNA[WEAKENING|<45|5-10|<-2|STRONG_POS|NEGATIVE|<0.7|NO_G2|NO_EARLY|NO_PULL|NO_DRYUP|40-60],V4,2026-08-13T08:54:40Z
bc2c5ae6fdd3be53,bc2c5ae6fdd3be53,PENDING_OUTCOME,2026-08-13,2026-08-13T08:54:37Z,4.0.0,GEN3_EXPERIENCE,DECISION_CONTEXT_V1,VIC,207900.0,⚠️ YẾU DẦN,39.2,3.0,🟠 HẠN CHẾ / GIẢM,OBV xấu + Thiếu mẫu xác nhận + RS yếu,43.32,0.98,-4.98,-5.5,0.5199999999999996,212866.31,214625.0,-0.82,-0.4,-2.333065293422898,-3.1333721607454845,🔴,5537700.0,4338920.0,1.276285342896389,-2.33,2.87,8.28,-7.19,False,False,False,THEO DÕI,,,,306006200.0,309871417.0,,False,,,48.09,-1.5,-4.0,-2.0,7.0,7.0,7.0,8.6,1.7,39.0,🔴 Forecast rủi ro,WEAKENING|<45|<-2|0-2|STRONG_NEG|NEGATIVE|1.2-1.5|NO_G2|NO_EARLY|NO_PULL|NO_DRYUP|40-60,<4|20-40|6-8,WEAKENING,<45,<-2,0-2,STRONG_NEG,1.2-1.5,NEGATIVE,NO_G2,NO_EARLY,NO_PULL,NO_DRYUP,40-60,<4,20-40,6-8,CTX[<4|20-40|6-8]::DNA[WEAKENING|<45|<-2|0-2|STRONG_NEG|NEGATIVE|1.2-1.5|NO_G2|NO_EARLY|NO_PULL|NO_DRYUP|40-60],CTX[<4|20-40|6-8]::DNA[WEAKENING|<45|<-2|0-2|STRONG_NEG|NEGATIVE|1.2-1.5|NO_G2|NO_EARLY|NO_PULL|NO_DRYUP|40-60],CTX[<4|20-40|6-8]::DNA[WEAKENING|<45|<-2|0-2|STRONG_NEG|NEGATIVE|1.2-1.5|NO_G2|NO_EARLY|NO_PULL|NO_DRYUP|40-60],V4,2026-08-13T08:54:40Z
c6dff9bd7df13fc1,c6dff9bd7df13fc1,PENDING_OUTCOME,2026-08-13,2026-08-13T08:54:37Z,4.0.0,GEN3_EXPERIENCE,DECISION_CONTEXT_V1,TCM,16600.0,⚠️ YẾU DẦN,39.0,3.0,🟠 HẠN CHẾ / GIẢM,OBV xấu + RSI yếu + Thiếu mẫu xác nhận,30.03,-0.59,-0.3,-0.6,0.3,16707.06,16925.0,-1.29,2.26,-0.6408069402994987,-1.9202363367799125,🔴,753300.0,1162630.0,0.6479275435865236,-0.64,1.84,1.84,-16.37,False,False,False,THEO DÕI,,,,-10505700.0,-9524900.0,,False,,,46.07,2.5,-2.0,1.0,7.0,7.0,7.0,8.6,1.7,39.0,🔴 Forecast rủi ro,WEAKENING|<45|-2-0|0-2|STRONG_NEG|NEGATIVE|<0.7|NO_G2|NO_EARLY|NO_PULL|NO_DRYUP|40-60,<4|20-40|6-8,WEAKENING,<45,-2-0,0-2,STRONG_NEG,<0.7,NEGATIVE,NO_G2,NO_EARLY,NO_PULL,NO_DRYUP,40-60,<4,20-40,6-8,CTX[<4|20-40|6-8]::DNA[WEAKENING|<45|-2-0|0-2|STRONG_NEG|NEGATIVE|<0.7|NO_G2|NO_EARLY|NO_PULL|NO_DRYUP|40-60],CTX[<4|20-40|6-8]::DNA[WEAKENING|<45|-2-0|0-2|STRONG_NEG|NEGATIVE|<0.7|NO_G2|NO_EARLY|NO_PULL|NO_DRYUP|40-60],CTX[<4|20-40|6-8]::DNA[WEAKENING|<45|-2-0|0-2|STRONG_NEG|NEGATIVE|<0.7|NO_G2|NO_EARLY|NO_PULL|NO_DRYUP|40-60],V4,2026-08-13T08:54:40Z
db98af3b75d44f42,db98af3b75d44f42,PENDING_OUTCOME,2026-08-13,2026-08-13T08:54:37Z,4.0.0,GEN3_EXPERIENCE,DECISION_CONTEXT_V1,VCK,29500.0,⚠️ YẾU DẦN,38.4,3.0,🟠 HẠN CHẾ / GIẢM,OBV xấu + RSI yếu + Thiếu mẫu xác nhận,38.49,-8.99,-3.44,-5.3,1.86,30455.02,30250.0,0.68,0.27,-3.135837704260247,-2.479338842975209,🔴,3331100.0,2486475.0,1.33968771051388,-3.14,4.06,4.06,-8.1,False,False,False,THEO DÕI,,,,70977900.0,72734158.0,,False,,,47.33,-2.0,-6.3,-1.0,7.0,7.0,7.0,8.6,1.7,39.0,🔴 Forecast rủi ro,WEAKENING|<45|<-2|0-2|STRONG_POS|NEGATIVE|1.2-1.5|NO_G2|NO_EARLY|NO_PULL|NO_DRYUP|40-60,<4|20-40|6-8,WEAKENING,<45,<-2,0-2,STRONG_POS,1.2-1.5,NEGATIVE,NO_G2,NO_EARLY,NO_PULL,NO_DRYUP,40-60,<4,20-40,6-8,CTX[<4|20-40|6-8]::DNA[WEAKENING|<45|<-2|0-2|STRONG_POS|NEGATIVE|1.2-1.5|NO_G2|NO_EARLY|NO_PULL|NO_DRYUP|40-60],CTX[<4|20-40|6-8]::DNA[WEAKENING|<45|<-2|0-2|STRONG_POS|NEGATIVE|1.2-1.5|NO_G2|NO_EARLY|NO_PULL|NO_DRYUP|40-60],CTX[<4|20-40|6-8]::DNA[WEAKENING|<45|<-2|0-2|STRONG_POS|NEGATIVE|1.2-1.5|NO_G2|NO_EARLY|NO_PULL|NO_DRYUP|40-60],V4,2026-08-13T08:54:40Z
4898460d7dd5c3a2,4898460d7dd5c3a2,PENDING_OUTCOME,2026-08-13,2026-08-13T08:54:37Z,4.0.0,GEN3_EXPERIENCE,DECISION_CONTEXT_V1,VPL,77000.0,⚠️ YẾU DẦN,38.2,3.0,🟠 HẠN CHẾ / GIẢM,OBV xấu + RSI yếu + RS yếu,37.67,-4.78,-4.82,-3.14,-1.6800000000000002,78577.61,77890.0,0.88,-0.16,-2.007709320759443,-1.1426370522531817,🔴,520500.0,612150.0,0.8502817936780201,-2.01,4.76,4.76,-5.98,False,False,False,THEO DÕI,,,,13603000.0,14674582.0,,False,,,47.27,-3.0,-0.1,1.0,7.0,7.0,7.0,8.6,1.7,39.0,🔴 Forecast rủi ro,WEAKENING|<45|<-2|-2-0|STRONG_POS|NEGATIVE|0.7-1.0|NO_G2|NO_EARLY|NO_PULL|NO_DRYUP|40-60,<4|20-40|6-8,WEAKENING,<45,<-2,-2-0,STRONG_POS,0.7-1.0,NEGATIVE,NO_G2,NO_EARLY,NO_PULL,NO_DRYUP,40-60,<4,20-40,6-8,CTX[<4|20-40|6-8]::DNA[WEAKENING|<45|<-2|-2-0|STRONG_POS|NEGATIVE|0.7-1.0|NO_G2|NO_EARLY|NO_PULL|NO_DRYUP|40-60],CTX[<4|20-40|6-8]::DNA[WEAKENING|<45|<-2|-2-0|STRONG_POS|NEGATIVE|0.7-1.0|NO_G2|NO_EARLY|NO_PULL|NO_DRYUP|40-60],CTX[<4|20-40|6-8]::DNA[WEAKENING|<45|<-2|-2-0|STRONG_POS|NEGATIVE|0.7-1.0|NO_G2|NO_EARLY|NO_PULL|NO_DRYUP|40-60],V4,2026-08-13T08:54:40Z
9102084192a523cc,9102084192a523cc,PENDING_OUTCOME,2026-08-13,2026-08-13T08:54:37Z,4.0.0,GEN3_EXPERIENCE,DECISION_CONTEXT_V1,BFC,47500.0,⚠️ YẾU DẦN,38.0,3.0,🟠 HẠN CHẾ / GIẢM,OBV xấu + RSI yếu + Thiếu mẫu xác nhận,40.63,-9.48,-1.84,-0.29,-1.55,48375.71,48307.0,0.14,0.72,-1.810226661272773,-1.6705653424969436,🔴,88756.0,170028.0,0.5220081398357918,-1.81,3.78,3.78,-9.2,False,False,False,TÍCH LŨY,,,,29037744.0,29043011.0,,False,,,51.79,-6.5,-0.8,2.0,6.0,7.0,7.0,8.6,1.7,39.0,🔴 Forecast rủi ro,WEAKENING|<45|-2-0|-2-0|POS|NEGATIVE|<0.7|NO_G2|NO_EARLY|NO_PULL|NO_DRYUP|40-60,<4|20-40|6-8,WEAKENING,<45,-2-0,-2-0,POS,<0.7,NEGATIVE,NO_G2,NO_EARLY,NO_PULL,NO_DRYUP,40-60,<4,20-40,6-8,CTX[<4|20-40|6-8]::DNA[WEAKENING|<45|-2-0|-2-0|POS|NEGATIVE|<0.7|NO_G2|NO_EARLY|NO_PULL|NO_DRYUP|40-60],CTX[<4|20-40|6-8]::DNA[WEAKENING|<45|-2-0|-2-0|POS|NEGATIVE|<0.7|NO_G2|NO_EARLY|NO_PULL|NO_DRYUP|40-60],CTX[<4|20-40|6-8]::DNA[WEAKENING|<45|-2-0|-2-0|POS|NEGATIVE|<0.7|NO_G2|NO_EARLY|NO_PULL|NO_DRYUP|40-60],V4,2026-08-13T08:54:40Z
500176947e6f11f3,500176947e6f11f3,PENDING_OUTCOME,2026-08-13,2026-08-13T08:54:37Z,4.0.0,GEN3_EXPERIENCE,DECISION_CONTEXT_V1,DDV,18400.0,⚠️ YẾU DẦN,37.7,3.0,🟠 HẠN CHẾ / GIẢM,OBV xấu + RSI yếu + Thiếu mẫu xác nhận,33.93,-4.59,-2.13,0.55,-2.68,18738.29,18900.0,-0.86,1.62,-1.8053408288589925,-2.645502645502651,🔴,271500.0,291835.0,0.9303202151900904,-1.81,2.79,2.79,-15.6,False,False,False,THEO DÕI,,,,56816100.0,56861664.0,,False,,,46.67,-3.0,-3.7,0.0,7.0,7.0,7.0,8.6,1.7,39.0,🔴 Forecast rủi ro,WEAKENING|<45|0-2|<-2|STRONG_NEG|NEGATIVE|0.7-1.0|NO_G2|NO_EARLY|NO_PULL|NO_DRYUP|40-60,<4|20-40|6-8,WEAKENING,<45,0-2,<-2,STRONG_NEG,0.7-1.0,NEGATIVE,NO_G2,NO_EARLY,NO_PULL,NO_DRYUP,40-60,<4,20-40,6-8,CTX[<4|20-40|6-8]::DNA[WEAKENING|<45|0-2|<-2|STRONG_NEG|NEGATIVE|0.7-1.0|NO_G2|NO_EARLY|NO_PULL|NO_DRYUP|40-60],CTX[<4|20-40|6-8]::DNA[WEAKENING|<45|0-2|<-2|STRONG_NEG|NEGATIVE|0.7-1.0|NO_G2|NO_EARLY|NO_PULL|NO_DRYUP|40-60],CTX[<4|20-40|6-8]::DNA[WEAKENING|<45|0-2|<-2|STRONG_NEG|NEGATIVE|0.7-1.0|NO_G2|NO_EARLY|NO_PULL|NO_DRYUP|40-60],V4,2026-08-13T08:54:40Z
09df916ac4faec15,09df916ac4faec15,PENDING_OUTCOME,2026-08-13,2026-08-13T08:54:37Z,4.0.0,GEN3_EXPERIENCE,DECISION_CONTEXT_V1,NAB,11750.0,⚠️ YẾU DẦN,36.6,3.0,🟠 HẠN CHẾ / GIẢM,OBV xấu + RSI yếu + Thiếu mẫu xác nhận,36.06,-6.07,-1.26,-4.47,3.21,11961.05,12182.5,-1.82,0.55,-1.764477198908121,-3.550174430535602,🔴,1518800.0,1816025.0,0.8363320989523823,-1.76,0.0,0.43,-9.96,False,False,False,THEO DÕI,,,,54093200.0,57350531.0,,False,,,46.95,0.0,-2.0,0.0,7.0,7.0,7.0,8.6,1.7,39.0,🔴 Forecast rủi ro,WEAKENING|<45|<-2|2-5|STRONG_NEG|NEGATIVE|0.7-1.0|NO_G2|NO_EARLY|NO_PULL|NO_DRYUP|40-60,<4|20-40|6-8,WEAKENING,<45,<-2,2-5,STRONG_NEG,0.7-1.0,NEGATIVE,NO_G2,NO_EARLY,NO_PULL,NO_DRYUP,40-60,<4,20-40,6-8,CTX[<4|20-40|6-8]::DNA[WEAKENING|<45|<-2|2-5|STRONG_NEG|NEGATIVE|0.7-1.0|NO_G2|NO_EARLY|NO_PULL|NO_DRYUP|40-60],CTX[<4|20-40|6-8]::DNA[WEAKENING|<45|<-2|2-5|STRONG_NEG|NEGATIVE|0.7-1.0|NO_G2|NO_EARLY|NO_PULL|NO_DRYUP|40-60],CTX[<4|20-40|6-8]::DNA[WEAKENING|<45|<-2|2-5|STRONG_NEG|NEGATIVE|0.7-1.0|NO_G2|NO_EARLY|NO_PULL|NO_DRYUP|40-60],V4,2026-08-13T08:54:40Z
f4711af14632c6f5,f4711af14632c6f5,PENDING_OUTCOME,2026-08-13,2026-08-13T08:54:37Z,4.0.0,GEN3_EXPERIENCE,DECISION_CONTEXT_V1,EIB,17500.0,⚠️ YẾU DẦN,36.5,3.0,🟠 HẠN CHẾ / GIẢM,OBV xấu + RSI yếu + Thiếu mẫu xác nhận,36.3,-7.29,-3.58,-2.23,-1.35,17966.61,17825.0,0.79,0.75,-2.597095389725723,-1.8232819074333828,🔴,9963000.0,6439215.0,1.5472382891392815,-2.6,6.06,6.06,-9.79,False,False,False,THEO DÕI,,,,162827100.0,171039311.0,,False,,,46.99,-1.0,-3.9,-1.0,7.0,7.0,7.0,8.6,1.7,39.0,🔴 Forecast rủi ro,WEAKENING|<45|<-2|-2-0|STRONG_POS|NEGATIVE|>=1.5|NO_G2|NO_EARLY|NO_PULL|NO_DRYUP|40-60,<4|20-40|6-8,WEAKENING,<45,<-2,-2-0,STRONG_POS,>=1.5,NEGATIVE,NO_G2,NO_EARLY,NO_PULL,NO_DRYUP,40-60,<4,20-40,6-8,CTX[<4|20-40|6-8]::DNA[WEAKENING|<45|<-2|-2-0|STRONG_POS|NEGATIVE|>=1.5|NO_G2|NO_EARLY|NO_PULL|NO_DRYUP|40-60],CTX[<4|20-40|6-8]::DNA[WEAKENING|<45|<-2|-2-0|STRONG_POS|NEGATIVE|>=1.5|NO_G2|NO_EARLY|NO_PULL|NO_DRYUP|40-60],CTX[<4|20-40|6-8]::DNA[WEAKENING|<45|<-2|-2-0|STRONG_POS|NEGATIVE|>=1.5|NO_G2|NO_EARLY|NO_PULL|NO_DRYUP|40-60],V4,2026-08-13T08:54:40Z
1c7e51546bee83dc,1c7e51546bee83dc,PENDING_OUTCOME,2026-08-13,2026-08-13T08:54:37Z,4.0.0,GEN3_EXPERIENCE,DECISION_CONTEXT_V1,HUT,13500.0,⚠️ YẾU DẦN,31.4,3.0,🟠 HẠN CHẾ / GIẢM,OBV xấu + Xu hướng giảm + RSI yếu,20.69,7.27,-0.74,-8.78,8.04,13808.44,14405.0,-4.14,0.12,-2.233706341918429,-6.282540784449841,🔴,1015800.0,2427245.0,0.418499162630884,-2.23,0.75,0.75,-11.18,False,False,False,THEO DÕI,,,,26199400.0,30296683.0,,False,,,45.06,1.0,-2.0,1.0,7.0,7.0,7.0,8.6,1.7,39.0,🔴 Forecast rủi ro,WEAKENING|<45|<-2|>=5|STRONG_NEG|NEGATIVE|<0.7|NO_G2|NO_EARLY|NO_PULL|NO_DRYUP|40-60,<4|20-40|6-8,WEAKENING,<45,<-2,>=5,STRONG_NEG,<0.7,NEGATIVE,NO_G2,NO_EARLY,NO_PULL,NO_DRYUP,40-60,<4,20-40,6-8,CTX[<4|20-40|6-8]::DNA[WEAKENING|<45|<-2|>=5|STRONG_NEG|NEGATIVE|<0.7|NO_G2|NO_EARLY|NO_PULL|NO_DRYUP|40-60],CTX[<4|20-40|6-8]::DNA[WEAKENING|<45|<-2|>=5|STRONG_NEG|NEGATIVE|<0.7|NO_G2|NO_EARLY|NO_PULL|NO_DRYUP|40-60],CTX[<4|20-40|6-8]::DNA[WEAKENING|<45|<-2|>=5|STRONG_NEG|NEGATIVE|<0.7|NO_G2|NO_EARLY|NO_PULL|NO_DRYUP|40-60],V4,2026-08-13T08:54:40Z
c17721ad12cedac8,c17721ad12cedac8,PENDING_OUTCOME,2026-08-13,2026-08-13T08:54:37Z,4.0.0,GEN3_EXPERIENCE,DECISION_CONTEXT_V1,NTL,13450.0,⚠️ YẾU DẦN,30.7,3.0,🟠 HẠN CHẾ / GIẢM,OBV xấu + RSI yếu + Xu hướng giảm,23.59,-4.56,-1.82,-1.82,0.0,13685.9,14002.5,-2.26,0.51,-1.723671808211369,-3.945723977861093,🔴,193000.0,273445.0,0.7058092120901827,-1.72,0.0,0.0,-9.43,False,False,False,THEO DÕI,,,,70283900.0,70686002.0,,False,,,45.07,2.5,-4.0,1.0,7.0,7.0,7.0,8.6,1.7,39.0,🔴 Forecast rủi ro,WEAKENING|<45|-2-0|0-2|STRONG_NEG|NEGATIVE|0.7-1.0|NO_G2|NO_EARLY|NO_PULL|NO_DRYUP|40-60,<4|20-40|6-8,WEAKENING,<45,-2-0,0-2,STRONG_NEG,0.7-1.0,NEGATIVE,NO_G2,NO_EARLY,NO_PULL,NO_DRYUP,40-60,<4,20-40,6-8,CTX[<4|20-40|6-8]::DNA[WEAKENING|<45|-2-0|0-2|STRONG_NEG|NEGATIVE|0.7-1.0|NO_G2|NO_EARLY|NO_PULL|NO_DRYUP|40-60],CTX[<4|20-40|6-8]::DNA[WEAKENING|<45|-2-0|0-2|STRONG_NEG|NEGATIVE|0.7-1.0|NO_G2|NO_EARLY|NO_PULL|NO_DRYUP|40-60],CTX[<4|20-40|6-8]::DNA[WEAKENING|<45|-2-0|0-2|STRONG_NEG|NEGATIVE|0.7-1.0|NO_G2|NO_EARLY|NO_PULL|NO_DRYUP|40-60],V4,2026-08-13T08:54:40Z
634201f35c411cf7,634201f35c411cf7,PENDING_OUTCOME,2026-08-14,2026-08-14T09:00:29Z,4.0.0,GEN3_EXPERIENCE,DECISION_CONTEXT_V1,TCB,32000.0,🌱 ĐANG HỒI,85.9,0.0,🟢 MUA / GIỮ,OBV tốt + Xu hướng lên + Vol xác nhận,60.49,6.28,7.74,10.54,-2.799999999999999,30905.87,29785.0,3.76,2.71,3.5402012627374635,7.4366291757596015,🟢,17234723.0,15979566.0,1.0785476276389483,3.54,13.27,13.27,-0.31,False,False,False,GÀ TĂNG TỐC,,,,452890119.0,402500581.0,,False,,,62.01,7.0,-12.2,10.0,0.0,5.6,5.6,7.6,1.0,29.0,🔴 Forecast rủi ro,RECOVERING|60-65|>=10|<-2|STRONG_POS|POSITIVE|1.0-1.2|NO_G2|NO_EARLY|NO_PULL|NO_DRYUP|60-75,<4|20-40|4-6,RECOVERING,60-65,>=10,<-2,STRONG_POS,1.0-1.2,POSITIVE,NO_G2,NO_EARLY,NO_PULL,NO_DRYUP,60-75,<4,20-40,4-6,CTX[<4|20-40|4-6]::DNA[RECOVERING|60-65|>=10|<-2|STRONG_POS|POSITIVE|1.0-1.2|NO_G2|NO_EARLY|NO_PULL|NO_DRYUP|60-75],CTX[<4|20-40|4-6]::DNA[RECOVERING|60-65|>=10|<-2|STRONG_POS|POSITIVE|1.0-1.2|NO_G2|NO_EARLY|NO_PULL|NO_DRYUP|60-75],CTX[<4|20-40|4-6]::DNA[RECOVERING|60-65|>=10|<-2|STRONG_POS|POSITIVE|1.0-1.2|NO_G2|NO_EARLY|NO_PULL|NO_DRYUP|60-75],V4,2026-08-14T09:00:30Z
565446470c943d4c,565446470c943d4c,PENDING_OUTCOME,2026-08-14,2026-08-14T09:00:29Z,4.0.0,GEN3_EXPERIENCE,DECISION_CONTEXT_V1,PVT,19950.0,🌱 ĐANG HỒI,81.3,0.0,🟢 MUA / GIỮ,OBV tốt + Xu hướng lên + Vị trí giá tốt,62.2,0.87,8.72,9.02,-0.2999999999999989,19281.88,18062.5,6.75,2.46,3.465014822206136,10.449826989619382,🟢,6239700.0,4151035.0,1.5031672823765638,3.47,22.39,22.39,-3.16,False,False,False,MUA EARLY,,,,10984700.0,10108694.0,,False,,,58.53,-0.5,-7.6,6.0,5.0,5.6,5.6,7.6,1.0,29.0,🔴 Forecast rủi ro,RECOVERING|60-65|5-10|-2-0|STRONG_POS|POSITIVE|>=1.5|NO_G2|NO_EARLY|NO_PULL|NO_DRYUP|40-60,<4|20-40|4-6,RECOVERING,60-65,5-10,-2-0,STRONG_POS,>=1.5,POSITIVE,NO_G2,NO_EARLY,NO_PULL,NO_DRYUP,40-60,<4,20-40,4-6,CTX[<4|20-40|4-6]::DNA[RECOVERING|60-65|5-10|-2-0|STRONG_POS|POSITIVE|>=1.5|NO_G2|NO_EARLY|NO_PULL|NO_DRYUP|40-60],CTX[<4|20-40|4-6]::DNA[RECOVERING|60-65|5-10|-2-0|STRONG_POS|POSITIVE|>=1.5|NO_G2|NO_EARLY|NO_PULL|NO_DRYUP|40-60],CTX[<4|20-40|4-6]::DNA[RECOVERING|60-65|5-10|-2-0|STRONG_POS|POSITIVE|>=1.5|NO_G2|NO_EARLY|NO_PULL|NO_DRYUP|40-60],V4,2026-08-14T09:00:30Z
3d117668dd7ff9d3,3d117668dd7ff9d3,PENDING_OUTCOME,2026-08-14,2026-08-14T09:00:29Z,4.0.0,GEN3_EXPERIENCE,DECISION_CONTEXT_V1,OCB,11000.0,🌱 ĐANG HỒI,80.8,0.0,🟢 MUA / GIỮ,OBV tốt + Xu hướng lên + Vị trí giá tốt,61.84,3.08,5.77,8.37,-2.6,10731.35,10407.5,3.11,2.12,2.503412897724888,5.69300984866683,🟢,3342600.0,2642855.0,1.264768593055616,2.5,10.0,12.94,-0.9,False,False,False,GÀ TĂNG TỐC,,,,119582100.0,110626525.0,,False,,,61.85,9.0,-0.9,10.0,0.0,5.6,5.6,7.6,1.0,29.0,🔴 Forecast rủi ro,RECOVERING|60-65|5-10|<-2|STRONG_POS|POSITIVE|1.2-1.5|NO_G2|NO_EARLY|NO_PULL|NO_DRYUP|60-75,<4|20-40|4-6,RECOVERING,60-65,5-10,<-2,STRONG_POS,1.2-1.5,POSITIVE,NO_G2,NO_EARLY,NO_PULL,NO_DRYUP,60-75,<4,20-40,4-6,CTX[<4|20-40|4-6]::DNA[RECOVERING|60-65|5-10|<-2|STRONG_POS|POSITIVE|1.2-1.5|NO_G2|NO_EARLY|NO_PULL|NO_DRYUP|60-75],CTX[<4|20-40|4-6]::DNA[RECOVERING|60-65|5-10|<-2|STRONG_POS|POSITIVE|1.2-1.5|NO_G2|NO_EARLY|NO_PULL|NO_DRYUP|60-75],CTX[<4|20-40|4-6]::DNA[RECOVERING|60-65|5-10|<-2|STRONG_POS|POSITIVE|1.2-1.5|NO_G2|NO_EARLY|NO_PULL|NO_DRYUP|60-75],V4,2026-08-14T09:00:30Z
efbc722bfff9cc89,efbc722bfff9cc89,PENDING_OUTCOME,2026-08-14,2026-08-14T09:00:29Z,4.0.0,GEN3_EXPERIENCE,DECISION_CONTEXT_V1,FCN,11250.0,🌱 ĐANG HỒI,78.1,0.0,🟢 MUA / GIỮ,OBV tốt + Vol xác nhận + Vị trí giá tốt,53.43,3.02,2.74,5.63,-2.89,11106.9,10867.5,2.2,1.66,1.2883882991653772,3.5196687370600444,🟢,504900.0,469160.0,1.0761787023616676,1.29,8.17,8.17,-2.17,False,False,False,MUA EARLY,,,,37899800.0,37434496.0,,False,,,56.38,3.5,-10.1,6.0,5.0,5.6,5.6,7.6,1.0,29.0,🔴 Forecast rủi ro,RECOVERING|50-55|5-10|<-2|STRONG_POS|POSITIVE|1.0-1.2|NO_G2|NO_EARLY|NO_PULL|NO_DRYUP|40-60,<4|20-40|4-6,RECOVERING,50-55,5-10,<-2,STRONG_POS,1.0-1.2,POSITIVE,NO_G2,NO_EARLY,NO_PULL,NO_DRYUP,40-60,<4,20-40,4-6,CTX[<4|20-40|4-6]::DNA[RECOVERING|50-55|5-10|<-2|STRONG_POS|POSITIVE|1.0-1.2|NO_G2|NO_EARLY|NO_PULL|NO_DRYUP|40-60],CTX[<4|20-40|4-6]::DNA[RECOVERING|50-55|5-10|<-2|STRONG_POS|POSITIVE|1.0-1.2|NO_G2|NO_EARLY|NO_PULL|NO_DRYUP|40-60],CTX[<4|20-40|4-6]::DNA[RECOVERING|50-55|5-10|<-2|STRONG_POS|POSITIVE|1.0-1.2|NO_G2|NO_EARLY|NO_PULL|NO_DRYUP|40-60],V4,2026-08-14T09:00:30Z
f7fb31455c429b38,f7fb31455c429b38,PENDING_OUTCOME,2026-08-14,2026-08-14T09:00:29Z,4.0.0,GEN3_EXPERIENCE,DECISION_CONTEXT_V1,GMD,78700.0,🌱 ĐANG HỒI,78.1,0.0,🟢 MUA / GIỮ,OBV tốt + RSI cải thiện + Vol xác nhận,60.48,4.45,1.94,2.21,-0.27,77490.42,75785.0,2.25,0.88,1.5609413395875291,3.846407600448632,🟢,1351300.0,1392220.0,0.9706080935484336,1.56,9.31,9.31,-4.02,False,False,False,GÀ TĂNG TỐC,,,,109445000.0,105958817.0,,False,,,60.67,13.0,5.1,9.0,0.0,5.6,5.6,7.6,1.0,29.0,🔴 Forecast rủi ro,RECOVERING|60-65|2-5|-2-0|STRONG_POS|POSITIVE|0.7-1.0|NO_G2|NO_EARLY|NO_PULL|NO_DRYUP|60-75,<4|20-40|4-6,RECOVERING,60-65,2-5,-2-0,STRONG_POS,0.7-1.0,POSITIVE,NO_G2,NO_EARLY,NO_PULL,NO_DRYUP,60-75,<4,20-40,4-6,CTX[<4|20-40|4-6]::DNA[RECOVERING|60-65|2-5|-2-0|STRONG_POS|POSITIVE|0.7-1.0|NO_G2|NO_EARLY|NO_PULL|NO_DRYUP|60-75],CTX[<4|20-40|4-6]::DNA[RECOVERING|60-65|2-5|-2-0|STRONG_POS|POSITIVE|0.7-1.0|NO_G2|NO_EARLY|NO_PULL|NO_DRYUP|60-75],CTX[<4|20-40|4-6]::DNA[RECOVERING|60-65|2-5|-2-0|STRONG_POS|POSITIVE|0.7-1.0|NO_G2|NO_EARLY|NO_PULL|NO_DRYUP|60-75],V4,2026-08-14T09:00:30Z
8792215cea5cfbe4,8792215cea5cfbe4,PENDING_OUTCOME,2026-08-14,2026-08-14T09:00:29Z,4.0.0,GEN3_EXPERIENCE,DECISION_CONTEXT_V1,VHC,54400.0,🌱 ĐANG HỒI,77.1,0.0,🟢 MUA / GIỮ,OBV tốt + Vol xác nhận + Vị trí giá tốt,50.18,14.34,5.84,3.42,2.42,53317.14,53390.0,-0.14,1.98,2.030979156046264,1.891740026222144,🟢,384400.0,371180.0,1.035616143111159,2.03,5.84,5.84,-5.23,False,False,False,MUA EARLY,,,,3183900.0,1494657.0,,False,,,55.83,9.0,1.6,4.0,5.0,5.6,5.6,7.6,1.0,29.0,🔴 Forecast rủi ro,RECOVERING|50-55|2-5|2-5|NEG|POSITIVE|1.0-1.2|NO_G2|NO_EARLY|NO_PULL|NO_DRYUP|40-60,<4|20-40|4-6,RECOVERING,50-55,2-5,2-5,NEG,1.0-1.2,POSITIVE,NO_G2,NO_EARLY,NO_PULL,NO_DRYUP,40-60,<4,20-40,4-6,CTX[<4|20-40|4-6]::DNA[RECOVERING|50-55|2-5|2-5|NEG|POSITIVE|1.0-1.2|NO_G2|NO_EARLY|NO_PULL|NO_DRYUP|40-60],CTX[<4|20-40|4-6]::DNA[RECOVERING|50-55|2-5|2-5|NEG|POSITIVE|1.0-1.2|NO_G2|NO_EARLY|NO_PULL|NO_DRYUP|40-60],CTX[<4|20-40|4-6]::DNA[RECOVERING|50-55|2-5|2-5|NEG|POSITIVE|1.0-1.2|NO_G2|NO_EARLY|NO_PULL|NO_DRYUP|40-60],V4,2026-08-14T09:00:30Z
101b60d1652def89,101b60d1652def89,PENDING_OUTCOME,2026-08-14,2026-08-14T09:00:29Z,4.0.0,GEN3_EXPERIENCE,DECISION_CONTEXT_V1,DGW,41600.0,🌱 ĐANG HỒI,76.8,0.0,🟢 MUA / GIỮ,OBV tốt + Xu hướng lên + Vị trí giá tốt,61.63,-3.02,5.58,13.66,-8.08,40454.37,37565.0,7.69,2.03,2.831906664224393,10.741381605217626,🟢,954900.0,1192185.0,0.8009662929830521,2.83,25.49,25.49,-5.13,False,False,False,MUA EARLY,,,,62852500.0,59614705.0,,False,,,58.75,0.5,-7.5,8.0,5.0,5.6,5.6,7.6,1.0,29.0,🔴 Forecast rủi ro,RECOVERING|60-65|>=10|<-2|STRONG_POS|POSITIVE|0.7-1.0|NO_G2|NO_EARLY|NO_PULL|NO_DRYUP|40-60,<4|20-40|4-6,RECOVERING,60-65,>=10,<-2,STRONG_POS,0.7-1.0,POSITIVE,NO_G2,NO_EARLY,NO_PULL,NO_DRYUP,40-60,<4,20-40,4-6,CTX[<4|20-40|4-6]::DNA[RECOVERING|60-65|>=10|<-2|STRONG_POS|POSITIVE|0.7-1.0|NO_G2|NO_EARLY|NO_PULL|NO_DRYUP|40-60],CTX[<4|20-40|4-6]::DNA[RECOVERING|60-65|>=10|<-2|STRONG_POS|POSITIVE|0.7-1.0|NO_G2|NO_EARLY|NO_PULL|NO_DRYUP|40-60],CTX[<4|20-40|4-6]::DNA[RECOVERING|60-65|>=10|<-2|STRONG_POS|POSITIVE|0.7-1.0|NO_G2|NO_EARLY|NO_PULL|NO_DRYUP|40-60],V4,2026-08-14T09:00:30Z
55705d4f2c83177e,55705d4f2c83177e,PENDING_OUTCOME,2026-08-14,2026-08-14T09:00:29Z,4.0.0,GEN3_EXPERIENCE,DECISION_CONTEXT_V1,MSR,39900.0,🌱 ĐANG HỒI,76.6,0.0,🟢 MUA / GIỮ,OBV tốt + Vị trí giá tốt + Xu hướng lên,61.56,1.59,2.31,8.42,-6.109999999999999,38973.64,36970.0,5.42,0.03,2.3768885841815246,7.92534487422234,🟢,1421500.0,1149400.0,1.2367322081085783,2.38,21.28,21.28,-1.24,False,False,False,MUA EARLY,,,,16357300.0,14994702.0,,False,,,57.92,2.5,-16.0,7.0,5.0,5.6,5.6,7.6,1.0,29.0,🔴 Forecast rủi ro,RECOVERING|60-65|5-10|<-2|STRONG_POS|POSITIVE|1.2-1.5|NO_G2|NO_EARLY|NO_PULL|NO_DRYUP|40-60,<4|20-40|4-6,RECOVERING,60-65,5-10,<-2,STRONG_POS,1.2-1.5,POSITIVE,NO_G2,NO_EARLY,NO_PULL,NO_DRYUP,40-60,<4,20-40,4-6,CTX[<4|20-40|4-6]::DNA[RECOVERING|60-65|5-10|<-2|STRONG_POS|POSITIVE|1.2-1.5|NO_G2|NO_EARLY|NO_PULL|NO_DRYUP|40-60],CTX[<4|20-40|4-6]::DNA[RECOVERING|60-65|5-10|<-2|STRONG_POS|POSITIVE|1.2-1.5|NO_G2|NO_EARLY|NO_PULL|NO_DRYUP|40-60],CTX[<4|20-40|4-6]::DNA[RECOVERING|60-65|5-10|<-2|STRONG_POS|POSITIVE|1.2-1.5|NO_G2|NO_EARLY|NO_PULL|NO_DRYUP|40-60],V4,2026-08-14T09:00:30Z
377be711e1b95d3b,377be711e1b95d3b,PENDING_OUTCOME,2026-08-14,2026-08-14T09:00:29Z,4.0.0,GEN3_EXPERIENCE,DECISION_CONTEXT_V1,PLC,20300.0,🌱 ĐANG HỒI,76.6,0.0,🟢 MUA / GIỮ,OBV tốt + Vol xác nhận + Xu hướng lên,54.92,-0.53,0.5,7.98,-7.48,20069.08,19210.0,4.47,1.26,1.1506257386985297,5.674128058302963,🟢,142500.0,127685.0,1.1160277244782082,1.15,14.69,14.69,-2.87,False,False,False,MUA EARLY,,,,18649400.0,18530428.0,,False,,,56.62,-2.5,-16.7,6.0,5.0,5.6,5.6,7.6,1.0,29.0,🔴 Forecast rủi ro,RECOVERING|50-55|5-10|<-2|STRONG_POS|POSITIVE|1.0-1.2|NO_G2|NO_EARLY|NO_PULL|NO_DRYUP|40-60,<4|20-40|4-6,RECOVERING,50-55,5-10,<-2,STRONG_POS,1.0-1.2,POSITIVE,NO_G2,NO_EARLY,NO_PULL,NO_DRYUP,40-60,<4,20-40,4-6,CTX[<4|20-40|4-6]::DNA[RECOVERING|50-55|5-10|<-2|STRONG_POS|POSITIVE|1.0-1.2|NO_G2|NO_EARLY|NO_PULL|NO_DRYUP|40-60],CTX[<4|20-40|4-6]::DNA[RECOVERING|50-55|5-10|<-2|STRONG_POS|POSITIVE|1.0-1.2|NO_G2|NO_EARLY|NO_PULL|NO_DRYUP|40-60],CTX[<4|20-40|4-6]::DNA[RECOVERING|50-55|5-10|<-2|STRONG_POS|POSITIVE|1.0-1.2|NO_G2|NO_EARLY|NO_PULL|NO_DRYUP|40-60],V4,2026-08-14T09:00:30Z
526d5a009a8e6464,526d5a009a8e6464,PENDING_OUTCOME,2026-08-14,2026-08-14T09:00:29Z,4.0.0,GEN3_EXPERIENCE,DECISION_CONTEXT_V1,PVB,21600.0,🌱 ĐANG HỒI,76.4,0.0,🟢 MUA / GIỮ,OBV tốt + Vol xác nhận + Vị trí giá tốt,46.64,5.01,2.86,2.86,0.0,21439.87,21145.0,1.39,2.67,0.7468795286538654,2.151808938283284,🟢,91900.0,85925.0,1.0695373872563283,0.75,5.37,5.37,-8.47,False,False,False,MUA EARLY,,,,1707300.0,1519047.0,,False,,,55.02,9.5,-7.5,5.0,5.0,5.6,5.6,7.6,1.0,29.0,🔴 Forecast rủi ro,RECOVERING|45-50|2-5|0-2|STRONG_POS|POSITIVE|1.0-1.2|NO_G2|NO_EARLY|NO_PULL|NO_DRYUP|40-60,<4|20-40|4-6,RECOVERING,45-50,2-5,0-2,STRONG_POS,1.0-1.2,POSITIVE,NO_G2,NO_EARLY,NO_PULL,NO_DRYUP,40-60,<4,20-40,4-6,CTX[<4|20-40|4-6]::DNA[RECOVERING|45-50|2-5|0-2|STRONG_POS|POSITIVE|1.0-1.2|NO_G2|NO_EARLY|NO_PULL|NO_DRYUP|40-60],CTX[<4|20-40|4-6]::DNA[RECOVERING|45-50|2-5|0-2|STRONG_POS|POSITIVE|1.0-1.2|NO_G2|NO_EARLY|NO_PULL|NO_DRYUP|40-60],CTX[<4|20-40|4-6]::DNA[RECOVERING|45-50|2-5|0-2|STRONG_POS|POSITIVE|1.0-1.2|NO_G2|NO_EARLY|NO_PULL|NO_DRYUP|40-60],V4,2026-08-14T09:00:30Z
7d750ae235668fdd,7d750ae235668fdd,PENDING_OUTCOME,2026-08-14,2026-08-14T09:00:29Z,4.0.0,GEN3_EXPERIENCE,DECISION_CONTEXT_V1,GIL,8480.0,🌱 ĐANG HỒI,76.0,0.0,🟢 MUA / GIỮ,Xu hướng lên + OBV tốt + Vị trí giá tốt,51.44,-2.94,10.7,27.33,-16.63,8158.08,7424.95,9.87,4.42,3.9460265160429886,14.209523296453174,🟢,183900.0,314985.0,0.5838373255869327,3.95,29.47,29.47,-8.42,False,False,False,MUA EARLY,,,,-4619700.0,-4791611.0,,False,,,58.8,6.5,-1.7,7.0,5.0,5.6,5.6,7.6,1.0,29.0,🔴 Forecast rủi ro,RECOVERING|50-55|>=10|<-2|STRONG_POS|POSITIVE|<0.7|NO_G2|NO_EARLY|NO_PULL|NO_DRYUP|40-60,<4|20-40|4-6,RECOVERING,50-55,>=10,<-2,STRONG_POS,<0.7,POSITIVE,NO_G2,NO_EARLY,NO_PULL,NO_DRYUP,40-60,<4,20-40,4-6,CTX[<4|20-40|4-6]::DNA[RECOVERING|50-55|>=10|<-2|STRONG_POS|POSITIVE|<0.7|NO_G2|NO_EARLY|NO_PULL|NO_DRYUP|40-60],CTX[<4|20-40|4-6]::DNA[RECOVERING|50-55|>=10|<-2|STRONG_POS|POSITIVE|<0.7|NO_G2|NO_EARLY|NO_PULL|NO_DRYUP|40-60],CTX[<4|20-40|4-6]::DNA[RECOVERING|50-55|>=10|<-2|STRONG_POS|POSITIVE|<0.7|NO_G2|NO_EARLY|NO_PULL|NO_DRYUP|40-60],V4,2026-08-14T09:00:30Z
9d38276de8f53457,9d38276de8f53457,PENDING_OUTCOME,2026-08-14,2026-08-14T09:00:29Z,4.0.0,GEN3_EXPERIENCE,DECISION_CONTEXT_V1,VTP,53500.0,🌱 ĐANG HỒI,76.0,0.0,🟢 MUA / GIỮ,OBV tốt + Xu hướng lên + Vị trí giá tốt,57.93,-5.39,3.88,11.46,-7.580000000000001,52551.49,49670.0,5.8,1.98,1.8049155219005184,7.710891886450577,🟢,905000.0,651365.0,1.3893899733636288,1.8,19.42,19.42,-5.64,False,False,False,PULL VỪA,,,,9512400.0,8754436.0,,False,,,58.51,-2.5,6.4,6.0,4.0,5.6,5.6,7.6,1.0,29.0,🔴 Forecast rủi ro,RECOVERING|55-60|>=10|<-2|STRONG_POS|POSITIVE|1.2-1.5|NO_G2|NO_EARLY|NO_PULL|NO_DRYUP|40-60,<4|20-40|4-6,RECOVERING,55-60,>=10,<-2,STRONG_POS,1.2-1.5,POSITIVE,NO_G2,NO_EARLY,NO_PULL,NO_DRYUP,40-60,<4,20-40,4-6,CTX[<4|20-40|4-6]::DNA[RECOVERING|55-60|>=10|<-2|STRONG_POS|POSITIVE|1.2-1.5|NO_G2|NO_EARLY|NO_PULL|NO_DRYUP|40-60],CTX[<4|20-40|4-6]::DNA[RECOVERING|55-60|>=10|<-2|STRONG_POS|POSITIVE|1.2-1.5|NO_G2|NO_EARLY|NO_PULL|NO_DRYUP|40-60],CTX[<4|20-40|4-6]::DNA[RECOVERING|55-60|>=10|<-2|STRONG_POS|POSITIVE|1.2-1.5|NO_G2|NO_EARLY|NO_PULL|NO_DRYUP|40-60],V4,2026-08-14T09:00:30Z
945c7a2e5ea55a4d,945c7a2e5ea55a4d,PENDING_OUTCOME,2026-08-14,2026-08-14T09:00:29Z,4.0.0,GEN3_EXPERIENCE,DECISION_CONTEXT_V1,GVR,31200.0,🌱 ĐANG HỒI,75.0,0.0,🟢 MUA / GIỮ,Xu hướng lên + OBV tốt + Vị trí giá tốt,56.43,-4.46,4.87,13.45,-8.579999999999998,30657.06,28580.0,7.27,3.21,1.771011310282189,9.16724982505248,🟢,3662700.0,2241205.0,1.634254787045362,1.77,20.0,20.0,-5.17,False,False,False,PULL VỪA,,,,251976900.0,248535649.0,,False,,,58.54,2.5,-13.0,6.0,4.0,5.6,5.6,7.6,1.0,29.0,🔴 Forecast rủi ro,RECOVERING|55-60|>=10|<-2|STRONG_POS|POSITIVE|>=1.5|NO_G2|NO_EARLY|NO_PULL|NO_DRYUP|40-60,<4|20-40|4-6,RECOVERING,55-60,>=10,<-2,STRONG_POS,>=1.5,POSITIVE,NO_G2,NO_EARLY,NO_PULL,NO_DRYUP,40-60,<4,20-40,4-6,CTX[<4|20-40|4-6]::DNA[RECOVERING|55-60|>=10|<-2|STRONG_POS|POSITIVE|>=1.5|NO_G2|NO_EARLY|NO_PULL|NO_DRYUP|40-60],CTX[<4|20-40|4-6]::DNA[RECOVERING|55-60|>=10|<-2|STRONG_POS|POSITIVE|>=1.5|NO_G2|NO_EARLY|NO_PULL|NO_DRYUP|40-60],CTX[<4|20-40|4-6]::DNA[RECOVERING|55-60|>=10|<-2|STRONG_POS|POSITIVE|>=1.5|NO_G2|NO_EARLY|NO_PULL|NO_DRYUP|40-60],V4,2026-08-14T09:00:30Z
0d76797574728364,0d76797574728364,PENDING_OUTCOME,2026-08-14,2026-08-14T09:00:29Z,4.0.0,GEN3_EXPERIENCE,DECISION_CONTEXT_V1,CTR,76000.0,🌱 ĐANG HỒI,74.7,0.0,🟢 MUA / GIỮ,OBV tốt + Vol xác nhận + Vị trí giá tốt,58.69,0.02,-1.3,5.7,-7.0,75509.13,72535.0,4.1,-0.26,0.650080328034508,4.77700420486662,🟢,329413.0,323501.0,1.0182750594279462,0.65,14.46,14.46,-1.94,False,False,False,GÀ TĂNG TỐC,,,,-6813913.0,-7283513.0,,False,,,60.42,0.5,5.3,7.0,0.0,5.6,5.6,7.6,1.0,29.0,🔴 Forecast rủi ro,RECOVERING|55-60|5-10|<-2|STRONG_POS|POSITIVE|1.0-1.2|NO_G2|NO_EARLY|NO_PULL|NO_DRYUP|60-75,<4|20-40|4-6,RECOVERING,55-60,5-10,<-2,STRONG_POS,1.0-1.2,POSITIVE,NO_G2,NO_EARLY,NO_PULL,NO_DRYUP,60-75,<4,20-40,4-6,CTX[<4|20-40|4-6]::DNA[RECOVERING|55-60|5-10|<-2|STRONG_POS|POSITIVE|1.0-1.2|NO_G2|NO_EARLY|NO_PULL|NO_DRYUP|60-75],CTX[<4|20-40|4-6]::DNA[RECOVERING|55-60|5-10|<-2|STRONG_POS|POSITIVE|1.0-1.2|NO_G2|NO_EARLY|NO_PULL|NO_DRYUP|60-75],CTX[<4|20-40|4-6]::DNA[RECOVERING|55-60|5-10|<-2|STRONG_POS|POSITIVE|1.0-1.2|NO_G2|NO_EARLY|NO_PULL|NO_DRYUP|60-75],V4,2026-08-14T09:00:30Z
5b0012f09bbb1246,5b0012f09bbb1246,PENDING_OUTCOME,2026-08-14,2026-08-14T09:00:29Z,4.0.0,GEN3_EXPERIENCE,DECISION_CONTEXT_V1,TVN,10000.0,🌱 ĐANG HỒI,74.1,0.0,🟢 MUA / GIỮ,OBV tốt + RSI cải thiện + Xu hướng lên,56.41,13.48,8.7,14.94,-6.24,9305.41,9000.0,3.39,4.15,7.464367502345404,11.111111111111116,🟢,3631100.0,654345.0,5.549213335472878,7.46,20.48,20.48,-2.91,False,False,False,GÀ TĂNG TỐC,,,,42442800.0,38466403.0,,False,,,61.92,24.5,-3.2,11.0,0.0,5.6,5.6,7.6,1.0,29.0,🔴 Forecast rủi ro,RECOVERING|55-60|>=10|<-2|STRONG_POS|POSITIVE|>=1.5|NO_G2|NO_EARLY|NO_PULL|NO_DRYUP|60-75,<4|20-40|4-6,RECOVERING,55-60,>=10,<-2,STRONG_POS,>=1.5,POSITIVE,NO_G2,NO_EARLY,NO_PULL,NO_DRYUP,60-75,<4,20-40,4-6,CTX[<4|20-40|4-6]::DNA[RECOVERING|55-60|>=10|<-2|STRONG_POS|POSITIVE|>=1.5|NO_G2|NO_EARLY|NO_PULL|NO_DRYUP|60-75],CTX[<4|20-40|4-6]::DNA[RECOVERING|55-60|>=10|<-2|STRONG_POS|POSITIVE|>=1.5|NO_G2|NO_EARLY|NO_PULL|NO_DRYUP|60-75],CTX[<4|20-40|4-6]::DNA[RECOVERING|55-60|>=10|<-2|STRONG_POS|POSITIVE|>=1.5|NO_G2|NO_EARLY|NO_PULL|NO_DRYUP|60-75],V4,2026-08-14T09:00:30Z
6e4725623f25d07c,6e4725623f25d07c,PENDING_OUTCOME,2026-08-14,2026-08-14T09:00:29Z,4.0.0,GEN3_EXPERIENCE,DECISION_CONTEXT_V1,FRT,142900.0,🌱 ĐANG HỒI,74.1,0.0,🟢 MUA / GIỮ,OBV tốt + Xu hướng lên + Vol xác nhận,69.98,-9.06,8.26,14.87,-6.609999999999999,138702.16,124705.0,11.22,0.73,3.0265137904124995,14.590433422878002,🟢,825400.0,659995.0,1.250615534966174,3.03,36.1,36.1,-3.77,False,False,False,GÀ TĂNG TỐC,,,,3056400.0,2396084.0,,False,,,61.44,9.0,-5.5,10.0,0.0,5.6,5.6,7.6,1.0,29.0,🔴 Forecast rủi ro,RECOVERING|65-70|>=10|<-2|STRONG_POS|POSITIVE|1.2-1.5|NO_G2|NO_EARLY|NO_PULL|NO_DRYUP|60-75,<4|20-40|4-6,RECOVERING,65-70,>=10,<-2,STRONG_POS,1.2-1.5,POSITIVE,NO_G2,NO_EARLY,NO_PULL,NO_DRYUP,60-75,<4,20-40,4-6,CTX[<4|20-40|4-6]::DNA[RECOVERING|65-70|>=10|<-2|STRONG_POS|POSITIVE|1.2-1.5|NO_G2|NO_EARLY|NO_PULL|NO_DRYUP|60-75],CTX[<4|20-40|4-6]::DNA[RECOVERING|65-70|>=10|<-2|STRONG_POS|POSITIVE|1.2-1.5|NO_G2|NO_EARLY|NO_PULL|NO_DRYUP|60-75],CTX[<4|20-40|4-6]::DNA[RECOVERING|65-70|>=10|<-2|STRONG_POS|POSITIVE|1.2-1.5|NO_G2|NO_EARLY|NO_PULL|NO_DRYUP|60-75],V4,2026-08-14T09:00:30Z
c5b4fd572316f2bd,c5b4fd572316f2bd,PENDING_OUTCOME,2026-08-14,2026-08-14T09:00:29Z,4.0.0,GEN3_EXPERIENCE,DECISION_CONTEXT_V1,DXG,11500.0,🌱 ĐANG HỒI,74.0,0.0,🟢 MUA / GIỮ,OBV tốt + RSI cải thiện + Xu hướng lên,54.61,7.62,7.48,11.65,-4.17,11023.9,10766.0,2.4,2.95,4.318798247444189,6.817759613598362,🟢,28987989.0,11901789.0,2.435599303600492,4.32,15.35,15.35,-6.12,False,False,False,MUA EARLY,,,,586776393.0,565613090.0,,False,,,57.77,21.5,1.8,10.0,5.0,5.6,5.6,7.6,1.0,29.0,🔴 Forecast rủi ro,RECOVERING|50-55|>=10|<-2|STRONG_POS|POSITIVE|>=1.5|NO_G2|NO_EARLY|NO_PULL|NO_DRYUP|40-60,<4|20-40|4-6,RECOVERING,50-55,>=10,<-2,STRONG_POS,>=1.5,POSITIVE,NO_G2,NO_EARLY,NO_PULL,NO_DRYUP,40-60,<4,20-40,4-6,CTX[<4|20-40|4-6]::DNA[RECOVERING|50-55|>=10|<-2|STRONG_POS|POSITIVE|>=1.5|NO_G2|NO_EARLY|NO_PULL|NO_DRYUP|40-60],CTX[<4|20-40|4-6]::DNA[RECOVERING|50-55|>=10|<-2|STRONG_POS|POSITIVE|>=1.5|NO_G2|NO_EARLY|NO_PULL|NO_DRYUP|40-60],CTX[<4|20-40|4-6]::DNA[RECOVERING|50-55|>=10|<-2|STRONG_POS|POSITIVE|>=1.5|NO_G2|NO_EARLY|NO_PULL|NO_DRYUP|40-60],V4,2026-08-14T09:00:30Z
c49f1f83ad8f59e6,c49f1f83ad8f59e6,PENDING_OUTCOME,2026-08-14,2026-08-14T09:00:29Z,4.0.0,GEN3_EXPERIENCE,DECISION_CONTEXT_V1,GEG,12400.0,🌱 ĐANG HỒI,73.8,0.0,🟢 MUA / GIỮ,OBV tốt + Vị trí giá tốt + RSI cải thiện,47.81,5.32,2.48,2.48,0.0,12277.63,12145.0,1.09,1.43,0.9966907293997408,2.0996294771511,🟢,191000.0,224995.0,0.8489077535056334,1.0,5.98,5.98,-5.34,False,False,False,MUA EARLY,,,,23889000.0,23558498.0,,False,,,55.25,8.5,-1.7,7.0,5.0,5.6,5.6,7.6,1.0,29.0,🔴 Forecast rủi ro,RECOVERING|45-50|2-5|0-2|STRONG_POS|POSITIVE|0.7-1.0|NO_G2|NO_EARLY|NO_PULL|NO_DRYUP|40-60,<4|20-40|4-6,RECOVERING,45-50,2-5,0-2,STRONG_POS,0.7-1.0,POSITIVE,NO_G2,NO_EARLY,NO_PULL,NO_DRYUP,40-60,<4,20-40,4-6,CTX[<4|20-40|4-6]::DNA[RECOVERING|45-50|2-5|0-2|STRONG_POS|POSITIVE|0.7-1.0|NO_G2|NO_EARLY|NO_PULL|NO_DRYUP|40-60],CTX[<4|20-40|4-6]::DNA[RECOVERING|45-50|2-5|0-2|STRONG_POS|POSITIVE|0.7-1.0|NO_G2|NO_EARLY|NO_PULL|NO_DRYUP|40-60],CTX[<4|20-40|4-6]::DNA[RECOVERING|45-50|2-5|0-2|STRONG_POS|POSITIVE|0.7-1.0|NO_G2|NO_EARLY|NO_PULL|NO_DRYUP|40-60],V4,2026-08-14T09:00:30Z
dc381e521329a023,dc381e521329a023,PENDING_OUTCOME,2026-08-14,2026-08-14T09:00:29Z,4.0.0,GEN3_EXPERIENCE,DECISION_CONTEXT_V1,SBT,23300.0,🌱 ĐANG HỒI,73.0,0.0,🟢 MUA / GIỮ,OBV tốt + Xu hướng lên + RS mạnh,79.64,23.07,10.95,9.65,1.299999999999999,21905.4,21217.5,3.24,2.65,6.366466715969565,9.815011193590204,🟢,3194860.0,753073.0,4.242430680690982,6.37,12.83,15.92,1.3,False,False,False,GÀ TĂNG TỐC,,,,110399160.0,106012526.0,,False,,,59.82,18.5,-6.3,12.0,0.0,5.6,5.6,7.6,1.0,29.0,🔴 Forecast rủi ro,RECOVERING|>=70|5-10|0-2|STRONG_POS|POSITIVE|>=1.5|NO_G2|NO_EARLY|NO_PULL|NO_DRYUP|40-60,<4|20-40|4-6,RECOVERING,>=70,5-10,0-2,STRONG_POS,>=1.5,POSITIVE,NO_G2,NO_EARLY,NO_PULL,NO_DRYUP,40-60,<4,20-40,4-6,CTX[<4|20-40|4-6]::DNA[RECOVERING|>=70|5-10|0-2|STRONG_POS|POSITIVE|>=1.5|NO_G2|NO_EARLY|NO_PULL|NO_DRYUP|40-60],CTX[<4|20-40|4-6]::DNA[RECOVERING|>=70|5-10|0-2|STRONG_POS|POSITIVE|>=1.5|NO_G2|NO_EARLY|NO_PULL|NO_DRYUP|40-60],CTX[<4|20-40|4-6]::DNA[RECOVERING|>=70|5-10|0-2|STRONG_POS|POSITIVE|>=1.5|NO_G2|NO_EARLY|NO_PULL|NO_DRYUP|40-60],V4,2026-08-14T09:00:30Z
4f0bf70d229b678c,4f0bf70d229b678c,PENDING_OUTCOME,2026-08-14,2026-08-14T09:00:29Z,4.0.0,GEN3_EXPERIENCE,DECISION_CONTEXT_V1,EVF,12600.0,🌱 ĐANG HỒI,72.7,0.0,🟢 MUA / GIỮ,OBV tốt + Vị trí giá tốt + RSI cải thiện,51.13,3.16,2.02,3.28,-1.2599999999999998,12500.97,12342.5,1.28,0.9,0.7921785269463077,2.086287218958871,🟢,1338300.0,1677290.0,0.7978942222275218,0.79,6.78,6.78,-3.08,False,False,False,MUA EARLY,,,,153853200.0,152352669.0,,False,,,55.74,3.0,-1.7,6.0,5.0,5.6,5.6,7.6,1.0,29.0,🔴 Forecast rủi ro,RECOVERING|50-55|2-5|-2-0|STRONG_POS|POSITIVE|0.7-1.0|NO_G2|NO_EARLY|NO_PULL|NO_DRYUP|40-60,<4|20-40|4-6,RECOVERING,50-55,2-5,-2-0,STRONG_POS,0.7-1.0,POSITIVE,NO_G2,NO_EARLY,NO_PULL,NO_DRYUP,40-60,<4,20-40,4-6,CTX[<4|20-40|4-6]::DNA[RECOVERING|50-55|2-5|-2-0|STRONG_POS|POSITIVE|0.7-1.0|NO_G2|NO_EARLY|NO_PULL|NO_DRYUP|40-60],CTX[<4|20-40|4-6]::DNA[RECOVERING|50-55|2-5|-2-0|STRONG_POS|POSITIVE|0.7-1.0|NO_G2|NO_EARLY|NO_PULL|NO_DRYUP|40-60],CTX[<4|20-40|4-6]::DNA[RECOVERING|50-55|2-5|-2-0|STRONG_POS|POSITIVE|0.7-1.0|NO_G2|NO_EARLY|NO_PULL|NO_DRYUP|40-60],V4,2026-08-14T09:00:30Z
cae6ad4f2950b59f,cae6ad4f2950b59f,PENDING_OUTCOME,2026-08-14,2026-08-14T09:00:29Z,4.0.0,GEN3_EXPERIENCE,DECISION_CONTEXT_V1,NLG,22800.0,🌱 ĐANG HỒI,72.0,0.0,🟢 MUA / GIỮ,OBV tốt + Vị trí giá tốt + Xu hướng lên,48.65,1.43,2.7,2.7,0.0,22412.53,22020.0,1.78,2.57,1.7288097327700314,3.542234332425065,🟢,3847300.0,2453525.0,1.5680704292803211,1.73,14.0,14.0,-10.59,False,False,False,MUA EARLY,,,,51967800.0,49143714.0,,False,,,55.48,16.5,-1.7,8.0,5.0,5.6,5.6,7.6,1.0,29.0,🔴 Forecast rủi ro,RECOVERING|45-50|2-5|0-2|STRONG_POS|POSITIVE|>=1.5|NO_G2|NO_EARLY|NO_PULL|NO_DRYUP|40-60,<4|20-40|4-6,RECOVERING,45-50,2-5,0-2,STRONG_POS,>=1.5,POSITIVE,NO_G2,NO_EARLY,NO_PULL,NO_DRYUP,40-60,<4,20-40,4-6,CTX[<4|20-40|4-6]::DNA[RECOVERING|45-50|2-5|0-2|STRONG_POS|POSITIVE|>=1.5|NO_G2|NO_EARLY|NO_PULL|NO_DRYUP|40-60],CTX[<4|20-40|4-6]::DNA[RECOVERING|45-50|2-5|0-2|STRONG_POS|POSITIVE|>=1.5|NO_G2|NO_EARLY|NO_PULL|NO_DRYUP|40-60],CTX[<4|20-40|4-6]::DNA[RECOVERING|45-50|2-5|0-2|STRONG_POS|POSITIVE|>=1.5|NO_G2|NO_EARLY|NO_PULL|NO_DRYUP|40-60],V4,2026-08-14T09:00:30Z
7598751a635b08d9,7598751a635b08d9,PENDING_OUTCOME,2026-08-14,2026-08-14T09:00:29Z,4.0.0,GEN3_EXPERIENCE,DECISION_CONTEXT_V1,DXS,6000.0,🌱 ĐANG HỒI,71.6,0.0,🟢 MUA / GIỮ,OBV tốt + Vol xác nhận + Vị trí giá tốt,44.06,2.34,1.87,4.35,-2.4799999999999995,5938.96,5897.5,0.7,2.46,1.0277893772647095,1.7380245866892796,🟢,2069400.0,1924820.0,1.0751135171080932,1.03,6.95,6.95,-13.54,False,False,False,MUA EARLY,,,,51219000.0,47973617.0,,False,,,54.78,10.0,-3.7,7.0,5.0,5.6,5.6,7.6,1.0,29.0,🔴 Forecast rủi ro,RECOVERING|<45|2-5|<-2|STRONG_POS|POSITIVE|1.0-1.2|NO_G2|NO_EARLY|NO_PULL|NO_DRYUP|40-60,<4|20-40|4-6,RECOVERING,<45,2-5,<-2,STRONG_POS,1.0-1.2,POSITIVE,NO_G2,NO_EARLY,NO_PULL,NO_DRYUP,40-60,<4,20-40,4-6,CTX[<4|20-40|4-6]::DNA[RECOVERING|<45|2-5|<-2|STRONG_POS|POSITIVE|1.0-1.2|NO_G2|NO_EARLY|NO_PULL|NO_DRYUP|40-60],CTX[<4|20-40|4-6]::DNA[RECOVERING|<45|2-5|<-2|STRONG_POS|POSITIVE|1.0-1.2|NO_G2|NO_EARLY|NO_PULL|NO_DRYUP|40-60],CTX[<4|20-40|4-6]::DNA[RECOVERING|<45|2-5|<-2|STRONG_POS|POSITIVE|1.0-1.2|NO_G2|NO_EARLY|NO_PULL|NO_DRYUP|40-60],V4,2026-08-14T09:00:30Z
281f5257ede5da27,281f5257ede5da27,PENDING_OUTCOME,2026-08-14,2026-08-14T09:00:29Z,4.0.0,GEN3_EXPERIENCE,DECISION_CONTEXT_V1,NTP,52300.0,🌱 ĐANG HỒI,71.1,0.0,🟢 MUA / GIỮ,OBV tốt + Xu hướng lên + RSI cải thiện,69.01,24.3,7.39,9.19,-1.7999999999999998,49859.39,48810.0,2.15,1.88,4.894985678725705,7.150174144642496,🟢,454400.0,146140.0,3.109347201313809,4.89,9.87,9.87,-1.32,False,False,False,MUA EARLY,,,,11130900.0,10339861.0,,False,,,57.48,11.5,-11.7,8.0,5.0,5.6,5.6,7.6,1.0,29.0,🔴 Forecast rủi ro,RECOVERING|65-70|5-10|-2-0|STRONG_POS|POSITIVE|>=1.5|NO_G2|NO_EARLY|NO_PULL|NO_DRYUP|40-60,<4|20-40|4-6,RECOVERING,65-70,5-10,-2-0,STRONG_POS,>=1.5,POSITIVE,NO_G2,NO_EARLY,NO_PULL,NO_DRYUP,40-60,<4,20-40,4-6,CTX[<4|20-40|4-6]::DNA[RECOVERING|65-70|5-10|-2-0|STRONG_POS|POSITIVE|>=1.5|NO_G2|NO_EARLY|NO_PULL|NO_DRYUP|40-60],CTX[<4|20-40|4-6]::DNA[RECOVERING|65-70|5-10|-2-0|STRONG_POS|POSITIVE|>=1.5|NO_G2|NO_EARLY|NO_PULL|NO_DRYUP|40-60],CTX[<4|20-40|4-6]::DNA[RECOVERING|65-70|5-10|-2-0|STRONG_POS|POSITIVE|>=1.5|NO_G2|NO_EARLY|NO_PULL|NO_DRYUP|40-60],V4,2026-08-14T09:00:30Z
621c6bf08cf8cc11,621c6bf08cf8cc11,PENDING_OUTCOME,2026-08-14,2026-08-14T09:00:29Z,4.0.0,GEN3_EXPERIENCE,DECISION_CONTEXT_V1,KSB,13750.0,🌱 ĐANG HỒI,71.1,0.0,🟢 MUA / GIỮ,OBV tốt + RSI cải thiện + Xu hướng lên,49.77,6.18,4.17,4.96,-0.79,13728.0,13450.0,2.07,2.11,0.1602564102564097,2.230483271375472,🟢,2180400.0,1055470.0,2.065809544563085,0.16,6.18,6.18,-6.46,False,False,False,MUA EARLY,,,,33303700.0,31634691.0,,False,,,55.75,12.0,-9.0,4.0,5.0,5.6,5.6,7.6,1.0,29.0,🔴 Forecast rủi ro,RECOVERING|45-50|2-5|-2-0|STRONG_POS|POSITIVE|>=1.5|NO_G2|NO_EARLY|NO_PULL|NO_DRYUP|40-60,<4|20-40|4-6,RECOVERING,45-50,2-5,-2-0,STRONG_POS,>=1.5,POSITIVE,NO_G2,NO_EARLY,NO_PULL,NO_DRYUP,40-60,<4,20-40,4-6,CTX[<4|20-40|4-6]::DNA[RECOVERING|45-50|2-5|-2-0|STRONG_POS|POSITIVE|>=1.5|NO_G2|NO_EARLY|NO_PULL|NO_DRYUP|40-60],CTX[<4|20-40|4-6]::DNA[RECOVERING|45-50|2-5|-2-0|STRONG_POS|POSITIVE|>=1.5|NO_G2|NO_EARLY|NO_PULL|NO_DRYUP|40-60],CTX[<4|20-40|4-6]::DNA[RECOVERING|45-50|2-5|-2-0|STRONG_POS|POSITIVE|>=1.5|NO_G2|NO_EARLY|NO_PULL|NO_DRYUP|40-60],V4,2026-08-14T09:00:30Z
fd1718f611d203d8,fd1718f611d203d8,PENDING_OUTCOME,2026-08-14,2026-08-14T09:00:29Z,4.0.0,GEN3_EXPERIENCE,DECISION_CONTEXT_V1,BAF,31500.0,🌱 ĐANG HỒI,71.1,0.0,🟢 MUA / GIỮ,OBV tốt + Vị trí giá tốt + RSI cải thiện,68.11,3.9,1.29,6.06,-4.77,31072.79,30220.0,2.82,0.3,1.3748684942678224,4.235605559232303,🟢,3234229.0,1979001.0,1.6342735551927463,1.37,9.19,9.57,-1.56,False,False,False,GÀ TĂNG TỐC,,,,100724129.0,97694326.0,,False,,,60.37,19.5,-14.9,11.0,0.0,5.6,5.6,7.6,1.0,29.0,🔴 Forecast rủi ro,RECOVERING|65-70|5-10|<-2|STRONG_POS|POSITIVE|>=1.5|NO_G2|NO_EARLY|NO_PULL|NO_DRYUP|60-75,<4|20-40|4-6,RECOVERING,65-70,5-10,<-2,STRONG_POS,>=1.5,POSITIVE,NO_G2,NO_EARLY,NO_PULL,NO_DRYUP,60-75,<4,20-40,4-6,CTX[<4|20-40|4-6]::DNA[RECOVERING|65-70|5-10|<-2|STRONG_POS|POSITIVE|>=1.5|NO_G2|NO_EARLY|NO_PULL|NO_DRYUP|60-75],CTX[<4|20-40|4-6]::DNA[RECOVERING|65-70|5-10|<-2|STRONG_POS|POSITIVE|>=1.5|NO_G2|NO_EARLY|NO_PULL|NO_DRYUP|60-75],CTX[<4|20-40|4-6]::DNA[RECOVERING|65-70|5-10|<-2|STRONG_POS|POSITIVE|>=1.5|NO_G2|NO_EARLY|NO_PULL|NO_DRYUP|60-75],V4,2026-08-14T09:00:30Z
9edd393caf229668,9edd393caf229668,PENDING_OUTCOME,2026-08-14,2026-08-14T09:00:29Z,4.0.0,GEN3_EXPERIENCE,DECISION_CONTEXT_V1,TVS,14150.0,🌱 ĐANG HỒI,70.9,0.0,🟢 MUA / GIỮ,OBV tốt + Vị trí giá tốt + RSI cải thiện,52.8,3.64,5.99,5.6,0.3900000000000005,13896.27,13832.5,0.46,2.05,1.825885651329462,2.295318995120188,🟢,284730.0,143016.0,1.990896123510656,1.83,7.6,10.55,-6.6,False,False,False,MUA EARLY,,,,5445830.0,5136246.0,,False,,,56.63,17.5,-1.2,7.0,5.0,5.6,5.6,7.6,1.0,29.0,🔴 Forecast rủi ro,RECOVERING|50-55|5-10|0-2|STRONG_POS|POSITIVE|>=1.5|NO_G2|NO_EARLY|NO_PULL|NO_DRYUP|40-60,<4|20-40|4-6,RECOVERING,50-55,5-10,0-2,STRONG_POS,>=1.5,POSITIVE,NO_G2,NO_EARLY,NO_PULL,NO_DRYUP,40-60,<4,20-40,4-6,CTX[<4|20-40|4-6]::DNA[RECOVERING|50-55|5-10|0-2|STRONG_POS|POSITIVE|>=1.5|NO_G2|NO_EARLY|NO_PULL|NO_DRYUP|40-60],CTX[<4|20-40|4-6]::DNA[RECOVERING|50-55|5-10|0-2|STRONG_POS|POSITIVE|>=1.5|NO_G2|NO_EARLY|NO_PULL|NO_DRYUP|40-60],CTX[<4|20-40|4-6]::DNA[RECOVERING|50-55|5-10|0-2|STRONG_POS|POSITIVE|>=1.5|NO_G2|NO_EARLY|NO_PULL|NO_DRYUP|40-60],V4,2026-08-14T09:00:30Z
39ae918996b7beb4,39ae918996b7beb4,PENDING_OUTCOME,2026-08-14,2026-08-14T09:00:29Z,4.0.0,GEN3_EXPERIENCE,DECISION_CONTEXT_V1,VGT,12500.0,🌱 ĐANG HỒI,70.8,0.0,🟢 MUA / GIỮ,Xu hướng lên + OBV tốt + RS mạnh,78.29,19.14,9.65,15.74,-6.09,11587.97,11075.0,4.63,2.8,7.870489826949845,12.866817155756216,🟢,1554500.0,341690.0,4.549445403728526,7.87,17.92,17.92,4.17,False,False,False,GÀ TĂNG TỐC,,,,18301100.0,16199859.0,,False,,,60.47,18.5,-11.7,12.0,0.0,5.6,5.6,7.6,1.0,29.0,🔴 Forecast rủi ro,RECOVERING|>=70|>=10|<-2|STRONG_POS|POSITIVE|>=1.5|NO_G2|NO_EARLY|NO_PULL|NO_DRYUP|60-75,<4|20-40|4-6,RECOVERING,>=70,>=10,<-2,STRONG_POS,>=1.5,POSITIVE,NO_G2,NO_EARLY,NO_PULL,NO_DRYUP,60-75,<4,20-40,4-6,CTX[<4|20-40|4-6]::DNA[RECOVERING|>=70|>=10|<-2|STRONG_POS|POSITIVE|>=1.5|NO_G2|NO_EARLY|NO_PULL|NO_DRYUP|60-75],CTX[<4|20-40|4-6]::DNA[RECOVERING|>=70|>=10|<-2|STRONG_POS|POSITIVE|>=1.5|NO_G2|NO_EARLY|NO_PULL|NO_DRYUP|60-75],CTX[<4|20-40|4-6]::DNA[RECOVERING|>=70|>=10|<-2|STRONG_POS|POSITIVE|>=1.5|NO_G2|NO_EARLY|NO_PULL|NO_DRYUP|60-75],V4,2026-08-14T09:00:30Z
3c72d937315cc6e2,3c72d937315cc6e2,PENDING_OUTCOME,2026-08-14,2026-08-14T09:00:29Z,4.0.0,GEN3_EXPERIENCE,DECISION_CONTEXT_V1,SAB,45300.0,🌱 ĐANG HỒI,70.7,0.0,🟢 MUA / GIỮ,OBV tốt + Vol xác nhận + Vị trí giá tốt,54.28,-4.15,1.23,4.02,-2.79,45280.82,44434.0,1.91,0.18,0.0423578901618926,1.948958005131196,🟢,812400.0,774230.0,1.0493005954302983,0.04,5.35,5.35,-2.69,False,False,False,MUA EARLY,,,,-8046400.0,-8303367.0,,False,,,56.17,-8.0,-13.5,5.0,5.0,5.6,5.6,7.6,1.0,29.0,🔴 Forecast rủi ro,RECOVERING|50-55|2-5|<-2|STRONG_POS|POSITIVE|1.0-1.2|NO_G2|NO_EARLY|NO_PULL|NO_DRYUP|40-60,<4|20-40|4-6,RECOVERING,50-55,2-5,<-2,STRONG_POS,1.0-1.2,POSITIVE,NO_G2,NO_EARLY,NO_PULL,NO_DRYUP,40-60,<4,20-40,4-6,CTX[<4|20-40|4-6]::DNA[RECOVERING|50-55|2-5|<-2|STRONG_POS|POSITIVE|1.0-1.2|NO_G2|NO_EARLY|NO_PULL|NO_DRYUP|40-60],CTX[<4|20-40|4-6]::DNA[RECOVERING|50-55|2-5|<-2|STRONG_POS|POSITIVE|1.0-1.2|NO_G2|NO_EARLY|NO_PULL|NO_DRYUP|40-60],CTX[<4|20-40|4-6]::DNA[RECOVERING|50-55|2-5|<-2|STRONG_POS|POSITIVE|1.0-1.2|NO_G2|NO_EARLY|NO_PULL|NO_DRYUP|40-60],V4,2026-08-14T09:00:30Z
ced3dadd3c4dc34a,ced3dadd3c4dc34a,PENDING_OUTCOME,2026-08-14,2026-08-14T09:00:29Z,4.0.0,GEN3_EXPERIENCE,DECISION_CONTEXT_V1,MCH,136800.0,🌱 ĐANG HỒI,70.5,0.0,🟢 MUA / GIỮ,OBV tốt + Vị trí giá tốt + RSI cải thiện,54.58,1.99,1.41,-1.54,2.95,136248.55,135816.5,0.32,0.25,0.404738252260306,0.724138819657405,🟢,320800.0,405500.0,0.7911220715166462,0.4,2.99,9.75,-3.32,False,False,False,MUA EARLY,,,,11123900.0,11060941.0,,False,,,55.93,13.5,0.7,6.0,5.0,5.6,5.6,7.6,1.0,29.0,🔴 Forecast rủi ro,RECOVERING|50-55|-2-0|2-5|STRONG_POS|POSITIVE|0.7-1.0|NO_G2|NO_EARLY|NO_PULL|NO_DRYUP|40-60,<4|20-40|4-6,RECOVERING,50-55,-2-0,2-5,STRONG_POS,0.7-1.0,POSITIVE,NO_G2,NO_EARLY,NO_PULL,NO_DRYUP,40-60,<4,20-40,4-6,CTX[<4|20-40|4-6]::DNA[RECOVERING|50-55|-2-0|2-5|STRONG_POS|POSITIVE|0.7-1.0|NO_G2|NO_EARLY|NO_PULL|NO_DRYUP|40-60],CTX[<4|20-40|4-6]::DNA[RECOVERING|50-55|-2-0|2-5|STRONG_POS|POSITIVE|0.7-1.0|NO_G2|NO_EARLY|NO_PULL|NO_DRYUP|40-60],CTX[<4|20-40|4-6]::DNA[RECOVERING|50-55|-2-0|2-5|STRONG_POS|POSITIVE|0.7-1.0|NO_G2|NO_EARLY|NO_PULL|NO_DRYUP|40-60],V4,2026-08-14T09:00:30Z
53ea069ce4f25d37,53ea069ce4f25d37,PENDING_OUTCOME,2026-08-14,2026-08-14T09:00:29Z,4.0.0,GEN3_EXPERIENCE,DECISION_CONTEXT_V1,BVH,65000.0,🌱 ĐANG HỒI,70.5,0.0,🟢 MUA / GIỮ,OBV tốt + Vol xác nhận + Xu hướng lên,56.13,-4.25,-2.84,8.15,-10.99,64843.97,61685.0,5.12,-0.3,0.2406237619319018,5.374077976817704,🟢,396200.0,426295.0,0.9294033474471904,0.24,14.84,14.84,-4.41,False,False,False,PULL VỪA,,,,17710400.0,17613586.0,,False,,,57.58,-6.5,-13.8,6.0,4.0,5.6,5.6,7.6,1.0,29.0,🔴 Forecast rủi ro,RECOVERING|55-60|5-10|<-2|STRONG_POS|POSITIVE|0.7-1.0|NO_G2|NO_EARLY|NO_PULL|NO_DRYUP|40-60,<4|20-40|4-6,RECOVERING,55-60,5-10,<-2,STRONG_POS,0.7-1.0,POSITIVE,NO_G2,NO_EARLY,NO_PULL,NO_DRYUP,40-60,<4,20-40,4-6,CTX[<4|20-40|4-6]::DNA[RECOVERING|55-60|5-10|<-2|STRONG_POS|POSITIVE|0.7-1.0|NO_G2|NO_EARLY|NO_PULL|NO_DRYUP|40-60],CTX[<4|20-40|4-6]::DNA[RECOVERING|55-60|5-10|<-2|STRONG_POS|POSITIVE|0.7-1.0|NO_G2|NO_EARLY|NO_PULL|NO_DRYUP|40-60],CTX[<4|20-40|4-6]::DNA[RECOVERING|55-60|5-10|<-2|STRONG_POS|POSITIVE|0.7-1.0|NO_G2|NO_EARLY|NO_PULL|NO_DRYUP|40-60],V4,2026-08-14T09:00:30Z
f5d427885d9fac6a,f5d427885d9fac6a,PENDING_OUTCOME,2026-08-14,2026-08-14T09:00:29Z,4.0.0,GEN3_EXPERIENCE,DECISION_CONTEXT_V1,PNJ,36500.0,🌱 ĐANG HỒI,70.4,0.0,🟢 MUA / GIỮ,OBV tốt + Xu hướng lên + Vị trí giá tốt,41.33,5.41,1.39,17.74,-16.349999999999998,35568.61,34842.5,2.08,3.36,2.6185729495754817,4.757121331706959,🟢,5599436.0,9180462.0,0.6099296527778232,2.62,18.7,18.7,-15.8,False,False,False,MUA EARLY,,,,-65218764.0,-67273443.0,,False,,,55.52,12.0,1.8,7.0,5.0,5.6,5.6,7.6,1.0,29.0,🔴 Forecast rủi ro,RECOVERING|<45|>=10|<-2|STRONG_POS|POSITIVE|<0.7|NO_G2|NO_EARLY|NO_PULL|NO_DRYUP|40-60,<4|20-40|4-6,RECOVERING,<45,>=10,<-2,STRONG_POS,<0.7,POSITIVE,NO_G2,NO_EARLY,NO_PULL,NO_DRYUP,40-60,<4,20-40,4-6,CTX[<4|20-40|4-6]::DNA[RECOVERING|<45|>=10|<-2|STRONG_POS|POSITIVE|<0.7|NO_G2|NO_EARLY|NO_PULL|NO_DRYUP|40-60],CTX[<4|20-40|4-6]::DNA[RECOVERING|<45|>=10|<-2|STRONG_POS|POSITIVE|<0.7|NO_G2|NO_EARLY|NO_PULL|NO_DRYUP|40-60],CTX[<4|20-40|4-6]::DNA[RECOVERING|<45|>=10|<-2|STRONG_POS|POSITIVE|<0.7|NO_G2|NO_EARLY|NO_PULL|NO_DRYUP|40-60],V4,2026-08-14T09:00:30Z
d1d44eda1ff80630,d1d44eda1ff80630,PENDING_OUTCOME,2026-08-14,2026-08-14T09:00:29Z,4.0.0,GEN3_EXPERIENCE,DECISION_CONTEXT_V1,DGC,43200.0,🌱 ĐANG HỒI,70.3,0.0,🟢 MUA / GIỮ,OBV tốt + Xu hướng lên + Vị trí giá tốt,52.25,-4.62,-2.26,10.49,-12.75,42826.23,40787.5,5.0,2.22,0.8727595214428119,5.914802329144964,🟢,454100.0,842880.0,0.5387481017463933,0.87,20.0,20.0,-5.68,False,False,False,MUA EARLY,,,,-121896800.0,-122256869.0,,False,,,56.44,4.5,-16.3,7.0,5.0,5.6,5.6,7.6,1.0,29.0,🔴 Forecast rủi ro,RECOVERING|50-55|>=10|<-2|STRONG_POS|POSITIVE|<0.7|NO_G2|NO_EARLY|NO_PULL|NO_DRYUP|40-60,<4|20-40|4-6,RECOVERING,50-55,>=10,<-2,STRONG_POS,<0.7,POSITIVE,NO_G2,NO_EARLY,NO_PULL,NO_DRYUP,40-60,<4,20-40,4-6,CTX[<4|20-40|4-6]::DNA[RECOVERING|50-55|>=10|<-2|STRONG_POS|POSITIVE|<0.7|NO_G2|NO_EARLY|NO_PULL|NO_DRYUP|40-60],CTX[<4|20-40|4-6]::DNA[RECOVERING|50-55|>=10|<-2|STRONG_POS|POSITIVE|<0.7|NO_G2|NO_EARLY|NO_PULL|NO_DRYUP|40-60],CTX[<4|20-40|4-6]::DNA[RECOVERING|50-55|>=10|<-2|STRONG_POS|POSITIVE|<0.7|NO_G2|NO_EARLY|NO_PULL|NO_DRYUP|40-60],V4,2026-08-14T09:00:30Z
704c348472d3e289,704c348472d3e289,PENDING_OUTCOME,2026-08-14,2026-08-14T09:00:29Z,4.0.0,GEN3_EXPERIENCE,DECISION_CONTEXT_V1,CEO,12000.0,🌱 ĐANG HỒI,69.7,0.0,🟢 MUA / GIỮ,OBV tốt + Vol xác nhận + Xu hướng lên,43.03,-1.84,2.56,5.26,-2.7,11996.9,11775.0,1.88,2.26,0.0258400086688981,1.9108280254777064,🟢,7598900.0,6237735.0,1.2182146243788812,0.03,11.11,11.11,-13.04,False,False,False,MUA EARLY,,,,303235500.0,297626008.0,,False,,,54.82,14.5,-3.7,8.0,5.0,5.6,5.6,7.6,1.0,29.0,🔴 Forecast rủi ro,RECOVERING|<45|5-10|<-2|STRONG_POS|POSITIVE|1.2-1.5|NO_G2|NO_EARLY|NO_PULL|NO_DRYUP|40-60,<4|20-40|4-6,RECOVERING,<45,5-10,<-2,STRONG_POS,1.2-1.5,POSITIVE,NO_G2,NO_EARLY,NO_PULL,NO_DRYUP,40-60,<4,20-40,4-6,CTX[<4|20-40|4-6]::DNA[RECOVERING|<45|5-10|<-2|STRONG_POS|POSITIVE|1.2-1.5|NO_G2|NO_EARLY|NO_PULL|NO_DRYUP|40-60],CTX[<4|20-40|4-6]::DNA[RECOVERING|<45|5-10|<-2|STRONG_POS|POSITIVE|1.2-1.5|NO_G2|NO_EARLY|NO_PULL|NO_DRYUP|40-60],CTX[<4|20-40|4-6]::DNA[RECOVERING|<45|5-10|<-2|STRONG_POS|POSITIVE|1.2-1.5|NO_G2|NO_EARLY|NO_PULL|NO_DRYUP|40-60],V4,2026-08-14T09:00:30Z
b9a3a2093d282ae0,b9a3a2093d282ae0,PENDING_OUTCOME,2026-08-14,2026-08-14T09:00:29Z,4.0.0,GEN3_EXPERIENCE,DECISION_CONTEXT_V1,BSR,25350.0,🌱 ĐANG HỒI,69.1,0.0,🟢 MUA / GIỮ,OBV tốt + Vol xác nhận + Xu hướng lên,50.37,-5.98,-2.16,1.12,-3.28,25720.73,24782.0,3.79,0.77,-1.4413665553038355,2.291986118957312,🟢,9790200.0,9093365.0,1.076631148095342,-1.44,11.48,11.48,-6.94,False,False,False,MUA EARLY,,,,650737100.0,648459610.0,,False,,,55.07,-11.0,-16.7,3.0,5.0,5.6,5.6,7.6,1.0,29.0,🔴 Forecast rủi ro,RECOVERING|50-55|0-2|<-2|STRONG_POS|POSITIVE|1.0-1.2|NO_G2|NO_EARLY|NO_PULL|NO_DRYUP|40-60,<4|20-40|4-6,RECOVERING,50-55,0-2,<-2,STRONG_POS,1.0-1.2,POSITIVE,NO_G2,NO_EARLY,NO_PULL,NO_DRYUP,40-60,<4,20-40,4-6,CTX[<4|20-40|4-6]::DNA[RECOVERING|50-55|0-2|<-2|STRONG_POS|POSITIVE|1.0-1.2|NO_G2|NO_EARLY|NO_PULL|NO_DRYUP|40-60],CTX[<4|20-40|4-6]::DNA[RECOVERING|50-55|0-2|<-2|STRONG_POS|POSITIVE|1.0-1.2|NO_G2|NO_EARLY|NO_PULL|NO_DRYUP|40-60],CTX[<4|20-40|4-6]::DNA[RECOVERING|50-55|0-2|<-2|STRONG_POS|POSITIVE|1.0-1.2|NO_G2|NO_EARLY|NO_PULL|NO_DRYUP|40-60],V4,2026-08-14T09:00:30Z
ce0366706d9e8731,ce0366706d9e8731,PENDING_OUTCOME,2026-08-14,2026-08-14T09:00:29Z,4.0.0,GEN3_EXPERIENCE,DECISION_CONTEXT_V1,MBB,20000.0,🌱 ĐANG HỒI,69.0,0.0,🟢 MUA / GIỮ,OBV tốt + Xu hướng lên + Vị trí giá tốt,53.53,-6.68,-0.6,6.72,-7.319999999999999,20020.23,19361.5,3.4,0.52,-0.1010477901602469,3.297781680138412,🟢,11961665.0,15006348.0,0.797106997651927,-0.1,10.93,10.93,-2.68,False,False,False,MUA EARLY,,,,913752351.0,907367125.0,,False,,,56.18,-1.5,-16.7,5.0,5.0,5.6,5.6,7.6,1.0,29.0,🔴 Forecast rủi ro,RECOVERING|50-55|5-10|<-2|STRONG_POS|POSITIVE|0.7-1.0|NO_G2|NO_EARLY|NO_PULL|NO_DRYUP|40-60,<4|20-40|4-6,RECOVERING,50-55,5-10,<-2,STRONG_POS,0.7-1.0,POSITIVE,NO_G2,NO_EARLY,NO_PULL,NO_DRYUP,40-60,<4,20-40,4-6,CTX[<4|20-40|4-6]::DNA[RECOVERING|50-55|5-10|<-2|STRONG_POS|POSITIVE|0.7-1.0|NO_G2|NO_EARLY|NO_PULL|NO_DRYUP|40-60],CTX[<4|20-40|4-6]::DNA[RECOVERING|50-55|5-10|<-2|STRONG_POS|POSITIVE|0.7-1.0|NO_G2|NO_EARLY|NO_PULL|NO_DRYUP|40-60],CTX[<4|20-40|4-6]::DNA[RECOVERING|50-55|5-10|<-2|STRONG_POS|POSITIVE|0.7-1.0|NO_G2|NO_EARLY|NO_PULL|NO_DRYUP|40-60],V4,2026-08-14T09:00:30Z
ab31a91bb95a7f77,ab31a91bb95a7f77,PENDING_OUTCOME,2026-08-14,2026-08-14T09:00:29Z,4.0.0,GEN3_EXPERIENCE,DECISION_CONTEXT_V1,CII,13950.0,🌱 ĐANG HỒI,68.2,0.0,🟢 MUA / GIỮ,OBV tốt + Vol xác nhận + Xu hướng lên,42.93,-2.39,1.45,6.49,-5.04,13969.53,13750.0,1.6,2.05,-0.1398042740163863,1.454545454545464,🟢,8450400.0,8569830.0,0.9860639009175212,-0.14,10.28,10.28,-13.08,False,False,False,MUA EARLY,,,,596719204.0,593336233.0,,False,,,54.64,3.0,1.8,5.0,5.0,5.6,5.6,7.6,1.0,29.0,🔴 Forecast rủi ro,RECOVERING|<45|5-10|<-2|STRONG_POS|POSITIVE|0.7-1.0|NO_G2|NO_EARLY|NO_PULL|NO_DRYUP|40-60,<4|20-40|4-6,RECOVERING,<45,5-10,<-2,STRONG_POS,0.7-1.0,POSITIVE,NO_G2,NO_EARLY,NO_PULL,NO_DRYUP,40-60,<4,20-40,4-6,CTX[<4|20-40|4-6]::DNA[RECOVERING|<45|5-10|<-2|STRONG_POS|POSITIVE|0.7-1.0|NO_G2|NO_EARLY|NO_PULL|NO_DRYUP|40-60],CTX[<4|20-40|4-6]::DNA[RECOVERING|<45|5-10|<-2|STRONG_POS|POSITIVE|0.7-1.0|NO_G2|NO_EARLY|NO_PULL|NO_DRYUP|40-60],CTX[<4|20-40|4-6]::DNA[RECOVERING|<45|5-10|<-2|STRONG_POS|POSITIVE|0.7-1.0|NO_G2|NO_EARLY|NO_PULL|NO_DRYUP|40-60],V4,2026-08-14T09:00:30Z
2773fe2f5616adb3,2773fe2f5616adb3,PENDING_OUTCOME,2026-08-14,2026-08-14T09:00:29Z,4.0.0,GEN3_EXPERIENCE,DECISION_CONTEXT_V1,MML,28100.0,🟡 TRUNG TÍNH,67.8,1.0,👀 THEO DÕI,OBV tốt + Vol xác nhận + Vị trí giá tốt,47.96,-0.96,0.72,-1.75,2.47,28174.08,27855.0,1.15,0.27,-0.2629367134614591,0.8795548375515994,🟢,20100.0,23980.0,0.8381984987489575,-0.26,6.04,6.04,-5.07,False,False,False,TÍCH LŨY,,,,-1484100.0,-1509877.0,,False,,,53.0,-2.5,-0.8,2.0,6.0,5.6,5.6,7.6,1.0,29.0,🔴 Forecast rủi ro,NEUTRAL|45-50|-2-0|2-5|STRONG_POS|POSITIVE|0.7-1.0|NO_G2|NO_EARLY|NO_PULL|NO_DRYUP|40-60,<4|20-40|4-6,NEUTRAL,45-50,-2-0,2-5,STRONG_POS,0.7-1.0,POSITIVE,NO_G2,NO_EARLY,NO_PULL,NO_DRYUP,40-60,<4,20-40,4-6,CTX[<4|20-40|4-6]::DNA[NEUTRAL|45-50|-2-0|2-5|STRONG_POS|POSITIVE|0.7-1.0|NO_G2|NO_EARLY|NO_PULL|NO_DRYUP|40-60],CTX[<4|20-40|4-6]::DNA[NEUTRAL|45-50|-2-0|2-5|STRONG_POS|POSITIVE|0.7-1.0|NO_G2|NO_EARLY|NO_PULL|NO_DRYUP|40-60],CTX[<4|20-40|4-6]::DNA[NEUTRAL|45-50|-2-0|2-5|STRONG_POS|POSITIVE|0.7-1.0|NO_G2|NO_EARLY|NO_PULL|NO_DRYUP|40-60],V4,2026-08-14T09:00:30Z
7d15cd18b4a8081a,7d15cd18b4a8081a,PENDING_OUTCOME,2026-08-14,2026-08-14T09:00:29Z,4.0.0,GEN3_EXPERIENCE,DECISION_CONTEXT_V1,VTO,10600.0,🟡 TRUNG TÍNH,67.6,1.0,👀 THEO DÕI,OBV tốt + Vị trí giá tốt + Xu hướng lên,56.86,-8.87,1.44,1.44,0.0,10557.0,10375.0,1.75,-0.02,0.4073126835275165,2.168674698795181,🟢,121300.0,78065.0,1.5538333440081984,0.41,5.47,5.47,-1.4,False,False,False,PULL VỪA,,,,2058500.0,2032283.0,,False,,,57.1,2.5,5.5,4.0,4.0,5.6,5.6,7.6,1.0,29.0,🔴 Forecast rủi ro,NEUTRAL|55-60|0-2|0-2|STRONG_POS|POSITIVE|>=1.5|NO_G2|NO_EARLY|NO_PULL|NO_DRYUP|40-60,<4|20-40|4-6,NEUTRAL,55-60,0-2,0-2,STRONG_POS,>=1.5,POSITIVE,NO_G2,NO_EARLY,NO_PULL,NO_DRYUP,40-60,<4,20-40,4-6,CTX[<4|20-40|4-6]::DNA[NEUTRAL|55-60|0-2|0-2|STRONG_POS|POSITIVE|>=1.5|NO_G2|NO_EARLY|NO_PULL|NO_DRYUP|40-60],CTX[<4|20-40|4-6]::DNA[NEUTRAL|55-60|0-2|0-2|STRONG_POS|POSITIVE|>=1.5|NO_G2|NO_EARLY|NO_PULL|NO_DRYUP|40-60],CTX[<4|20-40|4-6]::DNA[NEUTRAL|55-60|0-2|0-2|STRONG_POS|POSITIVE|>=1.5|NO_G2|NO_EARLY|NO_PULL|NO_DRYUP|40-60],V4,2026-08-14T09:00:30Z
78ed17711a0ea674,78ed17711a0ea674,PENDING_OUTCOME,2026-08-14,2026-08-14T09:00:29Z,4.0.0,GEN3_EXPERIENCE,DECISION_CONTEXT_V1,HDC,11850.0,🟡 TRUNG TÍNH,67.6,1.0,👀 THEO DÕI,OBV tốt + Vol xác nhận + Vị trí giá tốt,39.81,0.16,1.28,3.95,-2.67,11823.52,11745.0,0.67,2.11,0.2239603772818954,0.8939974457215838,🟢,1388500.0,1381655.0,1.0049542034733707,0.22,8.72,8.72,-14.13,False,False,False,MUA EARLY,,,,158606900.0,157657794.0,,False,,,54.03,10.0,-0.3,7.0,5.0,5.6,5.6,7.6,1.0,29.0,🔴 Forecast rủi ro,NEUTRAL|<45|2-5|<-2|STRONG_POS|POSITIVE|1.0-1.2|NO_G2|NO_EARLY|NO_PULL|NO_DRYUP|40-60,<4|20-40|4-6,NEUTRAL,<45,2-5,<-2,STRONG_POS,1.0-1.2,POSITIVE,NO_G2,NO_EARLY,NO_PULL,NO_DRYUP,40-60,<4,20-40,4-6,CTX[<4|20-40|4-6]::DNA[NEUTRAL|<45|2-5|<-2|STRONG_POS|POSITIVE|1.0-1.2|NO_G2|NO_EARLY|NO_PULL|NO_DRYUP|40-60],CTX[<4|20-40|4-6]::DNA[NEUTRAL|<45|2-5|<-2|STRONG_POS|POSITIVE|1.0-1.2|NO_G2|NO_EARLY|NO_PULL|NO_DRYUP|40-60],CTX[<4|20-40|4-6]::DNA[NEUTRAL|<45|2-5|<-2|STRONG_POS|POSITIVE|1.0-1.2|NO_G2|NO_EARLY|NO_PULL|NO_DRYUP|40-60],V4,2026-08-14T09:00:30Z
f8c643484c7f7b5c,f8c643484c7f7b5c,PENDING_OUTCOME,2026-08-14,2026-08-14T09:00:29Z,4.0.0,GEN3_EXPERIENCE,DECISION_CONTEXT_V1,VCI,21800.0,🟡 TRUNG TÍNH,67.6,1.0,👀 THEO DÕI,OBV tốt + Xu hướng lên + Vị trí giá tốt,48.63,-2.47,0.23,2.35,-2.12,21728.53,21017.5,3.38,0.34,0.3289223891353998,3.723087902938027,🟢,17336775.0,10466609.0,1.656388903034402,0.33,18.16,18.16,-4.6,False,False,False,MUA EARLY,,,,169661075.0,159900482.0,,False,,,55.29,11.0,1.8,9.0,5.0,5.6,5.6,7.6,1.0,29.0,🔴 Forecast rủi ro,NEUTRAL|45-50|2-5|<-2|STRONG_POS|POSITIVE|>=1.5|NO_G2|NO_EARLY|NO_PULL|NO_DRYUP|40-60,<4|20-40|4-6,NEUTRAL,45-50,2-5,<-2,STRONG_POS,>=1.5,POSITIVE,NO_G2,NO_EARLY,NO_PULL,NO_DRYUP,40-60,<4,20-40,4-6,CTX[<4|20-40|4-6]::DNA[NEUTRAL|45-50|2-5|<-2|STRONG_POS|POSITIVE|>=1.5|NO_G2|NO_EARLY|NO_PULL|NO_DRYUP|40-60],CTX[<4|20-40|4-6]::DNA[NEUTRAL|45-50|2-5|<-2|STRONG_POS|POSITIVE|>=1.5|NO_G2|NO_EARLY|NO_PULL|NO_DRYUP|40-60],CTX[<4|20-40|4-6]::DNA[NEUTRAL|45-50|2-5|<-2|STRONG_POS|POSITIVE|>=1.5|NO_G2|NO_EARLY|NO_PULL|NO_DRYUP|40-60],V4,2026-08-14T09:00:30Z
4b4af8da49e873a4,4b4af8da49e873a4,PENDING_OUTCOME,2026-08-14,2026-08-14T09:00:29Z,4.0.0,GEN3_EXPERIENCE,DECISION_CONTEXT_V1,VSC,14600.0,🟡 TRUNG TÍNH,67.5,1.0,👀 THEO DÕI,OBV tốt + Xu hướng lên + Vị trí giá tốt,45.39,-1.15,-0.34,5.8,-6.14,14574.05,14095.0,3.4,0.45,0.1780562026341359,3.582830791060654,🟢,16146500.0,10699740.0,1.5090553602237065,0.18,14.96,14.96,-4.58,False,False,False,MUA EARLY,,,,288465400.0,274821399.0,,False,,,55.07,10.5,-1.7,9.0,5.0,5.6,5.6,7.6,1.0,29.0,🔴 Forecast rủi ro,NEUTRAL|45-50|5-10|<-2|STRONG_POS|POSITIVE|>=1.5|NO_G2|NO_EARLY|NO_PULL|NO_DRYUP|40-60,<4|20-40|4-6,NEUTRAL,45-50,5-10,<-2,STRONG_POS,>=1.5,POSITIVE,NO_G2,NO_EARLY,NO_PULL,NO_DRYUP,40-60,<4,20-40,4-6,CTX[<4|20-40|4-6]::DNA[NEUTRAL|45-50|5-10|<-2|STRONG_POS|POSITIVE|>=1.5|NO_G2|NO_EARLY|NO_PULL|NO_DRYUP|40-60],CTX[<4|20-40|4-6]::DNA[NEUTRAL|45-50|5-10|<-2|STRONG_POS|POSITIVE|>=1.5|NO_G2|NO_EARLY|NO_PULL|NO_DRYUP|40-60],CTX[<4|20-40|4-6]::DNA[NEUTRAL|45-50|5-10|<-2|STRONG_POS|POSITIVE|>=1.5|NO_G2|NO_EARLY|NO_PULL|NO_DRYUP|40-60],V4,2026-08-14T09:00:30Z
f07f38e18e3995ec,f07f38e18e3995ec,PENDING_OUTCOME,2026-08-14,2026-08-14T09:00:29Z,4.0.0,GEN3_EXPERIENCE,DECISION_CONTEXT_V1,DIG,10800.0,🟡 TRUNG TÍNH,66.7,1.0,👀 THEO DÕI,OBV tốt + Xu hướng lên + Vol xác nhận,44.67,-2.6,0.93,7.46,-6.53,10768.32,10600.0,1.59,2.12,0.2941963091735777,1.8867924528301885,🟢,7855400.0,9843780.0,0.7980064568692108,0.29,11.46,11.46,-14.62,False,False,False,MUA EARLY,,,,186438300.0,183833494.0,,False,,,55.01,3.5,-1.7,6.0,5.0,5.6,5.6,7.6,1.0,29.0,🔴 Forecast rủi ro,NEUTRAL|<45|5-10|<-2|STRONG_POS|POSITIVE|0.7-1.0|NO_G2|NO_EARLY|NO_PULL|NO_DRYUP|40-60,<4|20-40|4-6,NEUTRAL,<45,5-10,<-2,STRONG_POS,0.7-1.0,POSITIVE,NO_G2,NO_EARLY,NO_PULL,NO_DRYUP,40-60,<4,20-40,4-6,CTX[<4|20-40|4-6]::DNA[NEUTRAL|<45|5-10|<-2|STRONG_POS|POSITIVE|0.7-1.0|NO_G2|NO_EARLY|NO_PULL|NO_DRYUP|40-60],CTX[<4|20-40|4-6]::DNA[NEUTRAL|<45|5-10|<-2|STRONG_POS|POSITIVE|0.7-1.0|NO_G2|NO_EARLY|NO_PULL|NO_DRYUP|40-60],CTX[<4|20-40|4-6]::DNA[NEUTRAL|<45|5-10|<-2|STRONG_POS|POSITIVE|0.7-1.0|NO_G2|NO_EARLY|NO_PULL|NO_DRYUP|40-60],V4,2026-08-14T09:00:30Z
039a265e93db2790,039a265e93db2790,PENDING_OUTCOME,2026-08-14,2026-08-14T09:00:29Z,4.0.0,GEN3_EXPERIENCE,DECISION_CONTEXT_V1,HVN,23300.0,🟡 TRUNG TÍNH,66.6,1.0,👀 THEO DÕI,OBV tốt + Xu hướng lên + Vị trí giá tốt,50.07,-3.89,-2.31,8.37,-10.68,23520.41,22757.5,3.35,0.7,-0.9371010114194388,2.383829506756019,🟢,769300.0,1077635.0,0.7138780756007368,-0.94,9.91,10.95,-7.17,False,False,False,MUA EARLY,,,,4663900.0,4642193.0,,False,,,55.79,-2.5,-10.6,5.0,5.0,5.6,5.6,7.6,1.0,29.0,🔴 Forecast rủi ro,NEUTRAL|50-55|5-10|<-2|STRONG_POS|POSITIVE|0.7-1.0|NO_G2|NO_EARLY|NO_PULL|NO_DRYUP|40-60,<4|20-40|4-6,NEUTRAL,50-55,5-10,<-2,STRONG_POS,0.7-1.0,POSITIVE,NO_G2,NO_EARLY,NO_PULL,NO_DRYUP,40-60,<4,20-40,4-6,CTX[<4|20-40|4-6]::DNA[NEUTRAL|50-55|5-10|<-2|STRONG_POS|POSITIVE|0.7-1.0|NO_G2|NO_EARLY|NO_PULL|NO_DRYUP|40-60],CTX[<4|20-40|4-6]::DNA[NEUTRAL|50-55|5-10|<-2|STRONG_POS|POSITIVE|0.7-1.0|NO_G2|NO_EARLY|NO_PULL|NO_DRYUP|40-60],CTX[<4|20-40|4-6]::DNA[NEUTRAL|50-55|5-10|<-2|STRONG_POS|POSITIVE|0.7-1.0|NO_G2|NO_EARLY|NO_PULL|NO_DRYUP|40-60],V4,2026-08-14T09:00:30Z
022ad351d295ebba,022ad351d295ebba,PENDING_OUTCOME,2026-08-14,2026-08-14T09:00:29Z,4.0.0,GEN3_EXPERIENCE,DECISION_CONTEXT_V1,MSB,16149.0,🟡 TRUNG TÍNH,65.2,1.0,👀 THEO DÕI,OBV tốt + Vị trí giá tốt + Vol xác nhận,55.47,-4.67,-0.31,1.25,-1.56,16134.47,16052.25,0.51,0.14,0.0900556386419948,0.602719244965666,🟢,9029400.0,6727645.0,1.3421338373234617,0.09,2.53,13.73,-1.83,False,False,False,PULL VỪA,,,,770100300.0,762458350.0,,False,,,56.79,-3.0,-7.4,5.0,4.0,5.6,5.6,7.6,1.0,29.0,🔴 Forecast rủi ro,NEUTRAL|55-60|0-2|-2-0|STRONG_POS|POSITIVE|1.2-1.5|NO_G2|NO_EARLY|NO_PULL|NO_DRYUP|40-60,<4|20-40|4-6,NEUTRAL,55-60,0-2,-2-0,STRONG_POS,1.2-1.5,POSITIVE,NO_G2,NO_EARLY,NO_PULL,NO_DRYUP,40-60,<4,20-40,4-6,CTX[<4|20-40|4-6]::DNA[NEUTRAL|55-60|0-2|-2-0|STRONG_POS|POSITIVE|1.2-1.5|NO_G2|NO_EARLY|NO_PULL|NO_DRYUP|40-60],CTX[<4|20-40|4-6]::DNA[NEUTRAL|55-60|0-2|-2-0|STRONG_POS|POSITIVE|1.2-1.5|NO_G2|NO_EARLY|NO_PULL|NO_DRYUP|40-60],CTX[<4|20-40|4-6]::DNA[NEUTRAL|55-60|0-2|-2-0|STRONG_POS|POSITIVE|1.2-1.5|NO_G2|NO_EARLY|NO_PULL|NO_DRYUP|40-60],V4,2026-08-14T09:00:30Z
320f4cfb987b4670,320f4cfb987b4670,PENDING_OUTCOME,2026-08-14,2026-08-14T09:00:29Z,4.0.0,GEN3_EXPERIENCE,DECISION_CONTEXT_V1,VCG,15800.0,🟡 TRUNG TÍNH,65.1,1.0,👀 THEO DÕI,OBV tốt + Vị trí giá tốt + Xu hướng lên,42.29,-2.51,0.96,1.94,-0.98,15850.1,15667.45,1.17,1.57,-0.3160863338401709,0.8460215287107831,🟢,2115400.0,2993140.0,0.7067494337050723,-0.32,4.64,4.64,-8.93,False,False,False,TÍCH LŨY,,,,237144400.0,236019499.0,,False,,,52.31,2.0,-0.8,2.0,6.0,5.6,5.6,7.6,1.0,29.0,🔴 Forecast rủi ro,NEUTRAL|<45|0-2|-2-0|STRONG_POS|POSITIVE|0.7-1.0|NO_G2|NO_EARLY|NO_PULL|NO_DRYUP|40-60,<4|20-40|4-6,NEUTRAL,<45,0-2,-2-0,STRONG_POS,0.7-1.0,POSITIVE,NO_G2,NO_EARLY,NO_PULL,NO_DRYUP,40-60,<4,20-40,4-6,CTX[<4|20-40|4-6]::DNA[NEUTRAL|<45|0-2|-2-0|STRONG_POS|POSITIVE|0.7-1.0|NO_G2|NO_EARLY|NO_PULL|NO_DRYUP|40-60],CTX[<4|20-40|4-6]::DNA[NEUTRAL|<45|0-2|-2-0|STRONG_POS|POSITIVE|0.7-1.0|NO_G2|NO_EARLY|NO_PULL|NO_DRYUP|40-60],CTX[<4|20-40|4-6]::DNA[NEUTRAL|<45|0-2|-2-0|STRONG_POS|POSITIVE|0.7-1.0|NO_G2|NO_EARLY|NO_PULL|NO_DRYUP|40-60],V4,2026-08-14T09:00:30Z
a6a8d35c4c2b4b4e,a6a8d35c4c2b4b4e,PENDING_OUTCOME,2026-08-14,2026-08-14T09:00:29Z,4.0.0,GEN3_EXPERIENCE,DECISION_CONTEXT_V1,FTS,21950.0,🟡 TRUNG TÍNH,64.9,1.0,👀 THEO DÕI,OBV tốt + Vol xác nhận + Xu hướng lên,42.9,-4.27,0.46,2.57,-2.11,22077.49,21882.5,0.89,1.64,-0.5774660072318083,0.3084656689135157,🟢,1216800.0,1237795.0,0.9830383868088012,-0.58,9.2,9.2,-13.41,False,False,False,MUA EARLY,,,,17892200.0,17230659.0,,False,,,54.19,7.0,-3.7,5.0,5.0,5.6,5.6,7.6,1.0,29.0,🔴 Forecast rủi ro,NEUTRAL|<45|2-5|<-2|STRONG_POS|POSITIVE|0.7-1.0|NO_G2|NO_EARLY|NO_PULL|NO_DRYUP|40-60,<4|20-40|4-6,NEUTRAL,<45,2-5,<-2,STRONG_POS,0.7-1.0,POSITIVE,NO_G2,NO_EARLY,NO_PULL,NO_DRYUP,40-60,<4,20-40,4-6,CTX[<4|20-40|4-6]::DNA[NEUTRAL|<45|2-5|<-2|STRONG_POS|POSITIVE|0.7-1.0|NO_G2|NO_EARLY|NO_PULL|NO_DRYUP|40-60],CTX[<4|20-40|4-6]::DNA[NEUTRAL|<45|2-5|<-2|STRONG_POS|POSITIVE|0.7-1.0|NO_G2|NO_EARLY|NO_PULL|NO_DRYUP|40-60],CTX[<4|20-40|4-6]::DNA[NEUTRAL|<45|2-5|<-2|STRONG_POS|POSITIVE|0.7-1.0|NO_G2|NO_EARLY|NO_PULL|NO_DRYUP|40-60],V4,2026-08-14T09:00:30Z
41e2f41630b23312,41e2f41630b23312,PENDING_OUTCOME,2026-08-14,2026-08-14T09:00:29Z,4.0.0,GEN3_EXPERIENCE,DECISION_CONTEXT_V1,BFC,48200.0,🟡 TRUNG TÍNH,62.2,1.0,👀 THEO DÕI,OBV tốt + Vol xác nhận + Vị trí giá tốt,44.66,-1.86,-2.45,0.98,-3.43,48340.56,48143.5,0.41,0.43,-0.2907703179276355,0.117357483357039,🟢,209000.0,173425.0,1.205131901398299,-0.29,5.31,5.31,-7.86,False,False,False,MUA EARLY,,,,29246800.0,29083778.0,,False,,,54.28,6.0,1.8,5.0,5.0,5.6,5.6,7.6,1.0,29.0,🔴 Forecast rủi ro,NEUTRAL|<45|0-2|<-2|STRONG_POS|POSITIVE|1.2-1.5|NO_G2|NO_EARLY|NO_PULL|NO_DRYUP|40-60,<4|20-40|4-6,NEUTRAL,<45,0-2,<-2,STRONG_POS,1.2-1.5,POSITIVE,NO_G2,NO_EARLY,NO_PULL,NO_DRYUP,40-60,<4,20-40,4-6,CTX[<4|20-40|4-6]::DNA[NEUTRAL|<45|0-2|<-2|STRONG_POS|POSITIVE|1.2-1.5|NO_G2|NO_EARLY|NO_PULL|NO_DRYUP|40-60],CTX[<4|20-40|4-6]::DNA[NEUTRAL|<45|0-2|<-2|STRONG_POS|POSITIVE|1.2-1.5|NO_G2|NO_EARLY|NO_PULL|NO_DRYUP|40-60],CTX[<4|20-40|4-6]::DNA[NEUTRAL|<45|0-2|<-2|STRONG_POS|POSITIVE|1.2-1.5|NO_G2|NO_EARLY|NO_PULL|NO_DRYUP|40-60],V4,2026-08-14T09:00:30Z
e3aa7054adfb5e57,e3aa7054adfb5e57,PENDING_OUTCOME,2026-08-14,2026-08-14T09:00:29Z,4.0.0,GEN3_EXPERIENCE,DECISION_CONTEXT_V1,MSN,66300.0,🟡 TRUNG TÍNH,61.0,1.0,👀 THEO DÕI,OBV tốt + Vị trí giá tốt,43.73,-3.49,-1.63,0.3,-1.93,67034.67,66250.0,1.18,0.12,-1.0959552721002352,0.0754716981132164,🟢,6325400.0,4406170.0,1.4355778374415875,-1.1,3.76,3.76,-4.47,False,False,False,THEO DÕI,,,,106077600.0,105831601.0,,False,,,48.18,-9.5,-6.3,0.0,7.0,5.6,5.6,7.6,1.0,29.0,🔴 Forecast rủi ro,NEUTRAL|<45|0-2|-2-0|STRONG_POS|POSITIVE|1.2-1.5|NO_G2|NO_EARLY|NO_PULL|NO_DRYUP|40-60,<4|20-40|4-6,NEUTRAL,<45,0-2,-2-0,STRONG_POS,1.2-1.5,POSITIVE,NO_G2,NO_EARLY,NO_PULL,NO_DRYUP,40-60,<4,20-40,4-6,CTX[<4|20-40|4-6]::DNA[NEUTRAL|<45|0-2|-2-0|STRONG_POS|POSITIVE|1.2-1.5|NO_G2|NO_EARLY|NO_PULL|NO_DRYUP|40-60],CTX[<4|20-40|4-6]::DNA[NEUTRAL|<45|0-2|-2-0|STRONG_POS|POSITIVE|1.2-1.5|NO_G2|NO_EARLY|NO_PULL|NO_DRYUP|40-60],CTX[<4|20-40|4-6]::DNA[NEUTRAL|<45|0-2|-2-0|STRONG_POS|POSITIVE|1.2-1.5|NO_G2|NO_EARLY|NO_PULL|NO_DRYUP|40-60],V4,2026-08-14T09:00:30Z
32aa2ccf7df2a598,32aa2ccf7df2a598,PENDING_OUTCOME,2026-08-14,2026-08-14T09:00:29Z,4.0.0,GEN3_EXPERIENCE,DECISION_CONTEXT_V1,ANV,17150.0,🟡 TRUNG TÍNH,60.8,1.0,👀 THEO DÕI,OBV tốt + Vol xác nhận + Xu hướng lên,39.8,-3.39,-1.15,0.59,-1.7399999999999998,17477.61,17264.95,1.23,0.89,-1.8744553746193,-0.6657997851137742,🟢,855700.0,614565.0,1.3923669587431762,-1.87,6.2,6.2,-7.3,False,False,False,THEO DÕI,,,,44146900.0,44104504.0,,False,,,47.59,-6.5,-6.3,0.0,7.0,5.6,5.6,7.6,1.0,29.0,🔴 Forecast rủi ro,NEUTRAL|<45|0-2|-2-0|STRONG_POS|POSITIVE|1.2-1.5|NO_G2|NO_EARLY|NO_PULL|NO_DRYUP|40-60,<4|20-40|4-6,NEUTRAL,<45,0-2,-2-0,STRONG_POS,1.2-1.5,POSITIVE,NO_G2,NO_EARLY,NO_PULL,NO_DRYUP,40-60,<4,20-40,4-6,CTX[<4|20-40|4-6]::DNA[NEUTRAL|<45|0-2|-2-0|STRONG_POS|POSITIVE|1.2-1.5|NO_G2|NO_EARLY|NO_PULL|NO_DRYUP|40-60],CTX[<4|20-40|4-6]::DNA[NEUTRAL|<45|0-2|-2-0|STRONG_POS|POSITIVE|1.2-1.5|NO_G2|NO_EARLY|NO_PULL|NO_DRYUP|40-60],CTX[<4|20-40|4-6]::DNA[NEUTRAL|<45|0-2|-2-0|STRONG_POS|POSITIVE|1.2-1.5|NO_G2|NO_EARLY|NO_PULL|NO_DRYUP|40-60],V4,2026-08-14T09:00:30Z
c6f85ae3eef4c0a8,c6f85ae3eef4c0a8,PENDING_OUTCOME,2026-08-14,2026-08-14T09:00:29Z,4.0.0,GEN3_EXPERIENCE,DECISION_CONTEXT_V1,HAH,45900.0,🟡 TRUNG TÍNH,59.4,1.0,👀 THEO DÕI,OBV tốt + Vị trí giá tốt,44.7,-0.94,-0.65,1.44,-2.09,45945.02,45375.0,1.26,0.39,-0.0979866806021578,1.1570247933884392,🟢,2963430.0,651066.0,4.55165835721724,-0.1,4.56,4.56,-3.37,False,False,False,THEO DÕI,,,,22176430.0,19882832.0,,False,,,48.49,-0.5,-2.8,1.0,7.0,5.6,5.6,7.6,1.0,29.0,🔴 Forecast rủi ro,NEUTRAL|<45|0-2|<-2|STRONG_POS|POSITIVE|>=1.5|NO_G2|NO_EARLY|NO_PULL|NO_DRYUP|40-60,<4|20-40|4-6,NEUTRAL,<45,0-2,<-2,STRONG_POS,>=1.5,POSITIVE,NO_G2,NO_EARLY,NO_PULL,NO_DRYUP,40-60,<4,20-40,4-6,CTX[<4|20-40|4-6]::DNA[NEUTRAL|<45|0-2|<-2|STRONG_POS|POSITIVE|>=1.5|NO_G2|NO_EARLY|NO_PULL|NO_DRYUP|40-60],CTX[<4|20-40|4-6]::DNA[NEUTRAL|<45|0-2|<-2|STRONG_POS|POSITIVE|>=1.5|NO_G2|NO_EARLY|NO_PULL|NO_DRYUP|40-60],CTX[<4|20-40|4-6]::DNA[NEUTRAL|<45|0-2|<-2|STRONG_POS|POSITIVE|>=1.5|NO_G2|NO_EARLY|NO_PULL|NO_DRYUP|40-60],V4,2026-08-14T09:00:30Z
06cdc9aad1d784a1,06cdc9aad1d784a1,PENDING_OUTCOME,2026-08-14,2026-08-14T09:00:29Z,4.0.0,GEN3_EXPERIENCE,DECISION_CONTEXT_V1,VCK,29600.0,🟡 TRUNG TÍNH,58.3,1.0,👀 THEO DÕI,OBV tốt + Vol xác nhận,39.44,-8.45,-2.47,-4.52,2.0499999999999994,30284.02,30167.5,0.39,-0.38,-2.2586829621694893,-1.881163503770611,🟢,2464600.0,2538975.0,0.9707066828149156,-2.26,4.41,4.41,-7.79,False,False,False,MUA EARLY,,,,73442500.0,72875826.0,,False,,,53.32,2.5,-3.7,4.0,5.0,5.6,5.6,7.6,1.0,29.0,🔴 Forecast rủi ro,NEUTRAL|<45|<-2|2-5|STRONG_POS|POSITIVE|0.7-1.0|NO_G2|NO_EARLY|NO_PULL|NO_DRYUP|40-60,<4|20-40|4-6,NEUTRAL,<45,<-2,2-5,STRONG_POS,0.7-1.0,POSITIVE,NO_G2,NO_EARLY,NO_PULL,NO_DRYUP,40-60,<4,20-40,4-6,CTX[<4|20-40|4-6]::DNA[NEUTRAL|<45|<-2|2-5|STRONG_POS|POSITIVE|0.7-1.0|NO_G2|NO_EARLY|NO_PULL|NO_DRYUP|40-60],CTX[<4|20-40|4-6]::DNA[NEUTRAL|<45|<-2|2-5|STRONG_POS|POSITIVE|0.7-1.0|NO_G2|NO_EARLY|NO_PULL|NO_DRYUP|40-60],CTX[<4|20-40|4-6]::DNA[NEUTRAL|<45|<-2|2-5|STRONG_POS|POSITIVE|0.7-1.0|NO_G2|NO_EARLY|NO_PULL|NO_DRYUP|40-60],V4,2026-08-14T09:00:30Z
a55f7a0bdc2a85c9,a55f7a0bdc2a85c9,PENDING_OUTCOME,2026-08-14,2026-08-14T09:00:29Z,4.0.0,GEN3_EXPERIENCE,DECISION_CONTEXT_V1,GAS,76000.0,🟡 TRUNG TÍNH,57.9,1.0,👀 THEO DÕI,Xu hướng lên + Vol xác nhận + Vị trí giá tốt,53.84,-5.19,1.88,10.79,-8.91,75530.06,71290.0,5.95,2.67,0.6221893640757203,6.606817225417316,🔴,1668000.0,1489020.0,1.120199862997139,0.62,18.01,18.01,-5.71,False,False,False,MUA EARLY,,,,39263200.0,39804085.0,,False,,,56.77,-7.5,-16.1,5.0,5.0,5.6,5.6,7.6,1.0,29.0,🔴 Forecast rủi ro,NEUTRAL|50-55|>=10|<-2|STRONG_POS|NEGATIVE|1.0-1.2|NO_G2|NO_EARLY|NO_PULL|NO_DRYUP|40-60,<4|20-40|4-6,NEUTRAL,50-55,>=10,<-2,STRONG_POS,1.0-1.2,NEGATIVE,NO_G2,NO_EARLY,NO_PULL,NO_DRYUP,40-60,<4,20-40,4-6,CTX[<4|20-40|4-6]::DNA[NEUTRAL|50-55|>=10|<-2|STRONG_POS|NEGATIVE|1.0-1.2|NO_G2|NO_EARLY|NO_PULL|NO_DRYUP|40-60],CTX[<4|20-40|4-6]::DNA[NEUTRAL|50-55|>=10|<-2|STRONG_POS|NEGATIVE|1.0-1.2|NO_G2|NO_EARLY|NO_PULL|NO_DRYUP|40-60],CTX[<4|20-40|4-6]::DNA[NEUTRAL|50-55|>=10|<-2|STRONG_POS|NEGATIVE|1.0-1.2|NO_G2|NO_EARLY|NO_PULL|NO_DRYUP|40-60],V4,2026-08-14T09:00:30Z
e343c385cb6e7c05,e343c385cb6e7c05,PENDING_OUTCOME,2026-08-14,2026-08-14T09:00:29Z,4.0.0,GEN3_EXPERIENCE,DECISION_CONTEXT_V1,DPG,30500.0,🟡 TRUNG TÍNH,56.4,1.0,👀 THEO DÕI,Xu hướng lên + Vị trí giá tốt + Vol xác nhận,48.0,-0.88,1.67,10.11,-8.44,30162.56,28815.0,4.68,1.7,1.118737932058811,5.84764879403088,🔴,332300.0,406490.0,0.8174862850254618,1.12,17.08,17.08,-5.13,False,False,False,MUA EARLY,,,,22129900.0,22289153.0,,False,,,55.84,-0.5,-1.7,6.0,5.0,5.6,5.6,7.6,1.0,29.0,🔴 Forecast rủi ro,NEUTRAL|45-50|>=10|<-2|STRONG_POS|NEGATIVE|0.7-1.0|NO_G2|NO_EARLY|NO_PULL|NO_DRYUP|40-60,<4|20-40|4-6,NEUTRAL,45-50,>=10,<-2,STRONG_POS,0.7-1.0,NEGATIVE,NO_G2,NO_EARLY,NO_PULL,NO_DRYUP,40-60,<4,20-40,4-6,CTX[<4|20-40|4-6]::DNA[NEUTRAL|45-50|>=10|<-2|STRONG_POS|NEGATIVE|0.7-1.0|NO_G2|NO_EARLY|NO_PULL|NO_DRYUP|40-60],CTX[<4|20-40|4-6]::DNA[NEUTRAL|45-50|>=10|<-2|STRONG_POS|NEGATIVE|0.7-1.0|NO_G2|NO_EARLY|NO_PULL|NO_DRYUP|40-60],CTX[<4|20-40|4-6]::DNA[NEUTRAL|45-50|>=10|<-2|STRONG_POS|NEGATIVE|0.7-1.0|NO_G2|NO_EARLY|NO_PULL|NO_DRYUP|40-60],V4,2026-08-14T09:00:30Z
e8b1d4b2a13b2e37,e8b1d4b2a13b2e37,PENDING_OUTCOME,2026-08-14,2026-08-14T09:00:29Z,4.0.0,GEN3_EXPERIENCE,DECISION_CONTEXT_V1,PET,39300.0,🟡 TRUNG TÍNH,55.1,1.0,👀 THEO DÕI,Xu hướng lên + Vol xác nhận + Vị trí giá tốt,58.21,-6.12,1.03,3.42,-2.39,39243.64,37777.5,3.88,0.13,0.1436156279081224,4.030176692475673,🔴,393275.0,442369.0,0.8890202523232866,0.14,12.93,17.24,-6.21,False,False,False,MUA EARLY,,,,69855325.0,69950974.0,,False,,,56.77,-0.5,-10.3,6.0,5.0,5.6,5.6,7.6,1.0,29.0,🔴 Forecast rủi ro,NEUTRAL|55-60|2-5|<-2|STRONG_POS|NEGATIVE|0.7-1.0|NO_G2|NO_EARLY|NO_PULL|NO_DRYUP|40-60,<4|20-40|4-6,NEUTRAL,55-60,2-5,<-2,STRONG_POS,0.7-1.0,NEGATIVE,NO_G2,NO_EARLY,NO_PULL,NO_DRYUP,40-60,<4,20-40,4-6,CTX[<4|20-40|4-6]::DNA[NEUTRAL|55-60|2-5|<-2|STRONG_POS|NEGATIVE|0.7-1.0|NO_G2|NO_EARLY|NO_PULL|NO_DRYUP|40-60],CTX[<4|20-40|4-6]::DNA[NEUTRAL|55-60|2-5|<-2|STRONG_POS|NEGATIVE|0.7-1.0|NO_G2|NO_EARLY|NO_PULL|NO_DRYUP|40-60],CTX[<4|20-40|4-6]::DNA[NEUTRAL|55-60|2-5|<-2|STRONG_POS|NEGATIVE|0.7-1.0|NO_G2|NO_EARLY|NO_PULL|NO_DRYUP|40-60],V4,2026-08-14T09:00:30Z
d9e6979bf9b0e426,d9e6979bf9b0e426,PENDING_OUTCOME,2026-08-14,2026-08-14T09:00:29Z,4.0.0,GEN3_EXPERIENCE,DECISION_CONTEXT_V1,SZC,19500.0,🟡 TRUNG TÍNH,54.5,1.0,👀 THEO DÕI,Xu hướng lên + Vol xác nhận + Vị trí giá tốt,48.46,-5.05,0.52,10.48,-9.96,19477.25,18760.0,3.82,2.04,0.1168029367595524,3.9445628997867743,🔴,552000.0,491225.0,1.1237213089724667,0.12,13.7,13.7,-5.57,False,False,False,MUA EARLY,,,,-21973200.0,-21732209.0,,False,,,55.78,-7.5,-7.5,5.0,5.0,5.6,5.6,7.6,1.0,29.0,🔴 Forecast rủi ro,NEUTRAL|45-50|>=10|<-2|STRONG_POS|NEGATIVE|1.0-1.2|NO_G2|NO_EARLY|NO_PULL|NO_DRYUP|40-60,<4|20-40|4-6,NEUTRAL,45-50,>=10,<-2,STRONG_POS,1.0-1.2,NEGATIVE,NO_G2,NO_EARLY,NO_PULL,NO_DRYUP,40-60,<4,20-40,4-6,CTX[<4|20-40|4-6]::DNA[NEUTRAL|45-50|>=10|<-2|STRONG_POS|NEGATIVE|1.0-1.2|NO_G2|NO_EARLY|NO_PULL|NO_DRYUP|40-60],CTX[<4|20-40|4-6]::DNA[NEUTRAL|45-50|>=10|<-2|STRONG_POS|NEGATIVE|1.0-1.2|NO_G2|NO_EARLY|NO_PULL|NO_DRYUP|40-60],CTX[<4|20-40|4-6]::DNA[NEUTRAL|45-50|>=10|<-2|STRONG_POS|NEGATIVE|1.0-1.2|NO_G2|NO_EARLY|NO_PULL|NO_DRYUP|40-60],V4,2026-08-14T09:00:30Z
9fa75a090bed82a4,9fa75a090bed82a4,PENDING_OUTCOME,2026-08-14,2026-08-14T09:00:29Z,4.0.0,GEN3_EXPERIENCE,DECISION_CONTEXT_V1,VGC,40300.0,🔴 YẾU,53.7,2.0,⏳ CHỜ,OBV xấu + Vol chưa xác nhận + Thiếu mẫu xác nhận,58.66,-5.13,4.68,6.47,-1.79,39731.52,37957.5,4.67,1.4,1.4308035534507768,6.17137588091945,🔴,1708702.0,535415.0,3.1913599731049747,1.43,15.47,15.47,-2.89,False,False,False,MUA EARLY,,,,27730898.0,29202414.0,,False,,,57.38,-5.0,-7.7,5.0,5.0,5.6,5.6,7.6,1.0,29.0,🔴 Forecast rủi ro,WEAK|55-60|5-10|-2-0|STRONG_POS|NEGATIVE|>=1.5|NO_G2|NO_EARLY|NO_PULL|NO_DRYUP|40-60,<4|20-40|4-6,WEAK,55-60,5-10,-2-0,STRONG_POS,>=1.5,NEGATIVE,NO_G2,NO_EARLY,NO_PULL,NO_DRYUP,40-60,<4,20-40,4-6,CTX[<4|20-40|4-6]::DNA[WEAK|55-60|5-10|-2-0|STRONG_POS|NEGATIVE|>=1.5|NO_G2|NO_EARLY|NO_PULL|NO_DRYUP|40-60],CTX[<4|20-40|4-6]::DNA[WEAK|55-60|5-10|-2-0|STRONG_POS|NEGATIVE|>=1.5|NO_G2|NO_EARLY|NO_PULL|NO_DRYUP|40-60],CTX[<4|20-40|4-6]::DNA[WEAK|55-60|5-10|-2-0|STRONG_POS|NEGATIVE|>=1.5|NO_G2|NO_EARLY|NO_PULL|NO_DRYUP|40-60],V4,2026-08-14T09:00:30Z
387126d5ab349b60,387126d5ab349b60,PENDING_OUTCOME,2026-08-14,2026-08-14T09:00:29Z,4.0.0,GEN3_EXPERIENCE,DECISION_CONTEXT_V1,MWG,72400.0,🔴 YẾU,52.7,2.0,⏳ CHỜ,OBV xấu + Thiếu mẫu xác nhận,49.66,-2.91,1.97,3.58,-1.61,72389.84,70680.0,2.42,1.54,0.0140351187404297,2.43350311262025,🔴,7561996.0,5558575.0,1.3604198917888128,0.01,16.16,16.16,-4.38,False,False,False,MUA EARLY,,,,238372104.0,241907014.0,,False,,,55.36,-6.0,-1.7,3.0,5.0,5.6,5.6,7.6,1.0,29.0,🔴 Forecast rủi ro,WEAK|45-50|2-5|-2-0|STRONG_POS|NEGATIVE|1.2-1.5|NO_G2|NO_EARLY|NO_PULL|NO_DRYUP|40-60,<4|20-40|4-6,WEAK,45-50,2-5,-2-0,STRONG_POS,1.2-1.5,NEGATIVE,NO_G2,NO_EARLY,NO_PULL,NO_DRYUP,40-60,<4,20-40,4-6,CTX[<4|20-40|4-6]::DNA[WEAK|45-50|2-5|-2-0|STRONG_POS|NEGATIVE|1.2-1.5|NO_G2|NO_EARLY|NO_PULL|NO_DRYUP|40-60],CTX[<4|20-40|4-6]::DNA[WEAK|45-50|2-5|-2-0|STRONG_POS|NEGATIVE|1.2-1.5|NO_G2|NO_EARLY|NO_PULL|NO_DRYUP|40-60],CTX[<4|20-40|4-6]::DNA[WEAK|45-50|2-5|-2-0|STRONG_POS|NEGATIVE|1.2-1.5|NO_G2|NO_EARLY|NO_PULL|NO_DRYUP|40-60],V4,2026-08-14T09:00:30Z
132ace04c00b5b7d,132ace04c00b5b7d,PENDING_OUTCOME,2026-08-14,2026-08-14T09:00:29Z,4.0.0,GEN3_EXPERIENCE,DECISION_CONTEXT_V1,GEX,24650.0,🔴 YẾU,52.6,2.0,⏳ CHỜ,OBV xấu + Thiếu mẫu xác nhận,47.63,-9.65,0.41,9.56,-9.15,24961.23,23367.5,6.82,1.25,-1.2468536205948122,5.48839199743234,🔴,14654772.0,14346014.0,1.0215222151602528,-1.25,21.43,21.43,-8.19,False,False,False,MUA EARLY,,,,524241628.0,541752529.0,,False,,,55.44,-12.0,-7.7,3.0,5.0,5.6,5.6,7.6,1.0,29.0,🔴 Forecast rủi ro,WEAK|45-50|5-10|<-2|STRONG_POS|NEGATIVE|1.0-1.2|NO_G2|NO_EARLY|NO_PULL|NO_DRYUP|40-60,<4|20-40|4-6,WEAK,45-50,5-10,<-2,STRONG_POS,1.0-1.2,NEGATIVE,NO_G2,NO_EARLY,NO_PULL,NO_DRYUP,40-60,<4,20-40,4-6,CTX[<4|20-40|4-6]::DNA[WEAK|45-50|5-10|<-2|STRONG_POS|NEGATIVE|1.0-1.2|NO_G2|NO_EARLY|NO_PULL|NO_DRYUP|40-60],CTX[<4|20-40|4-6]::DNA[WEAK|45-50|5-10|<-2|STRONG_POS|NEGATIVE|1.0-1.2|NO_G2|NO_EARLY|NO_PULL|NO_DRYUP|40-60],CTX[<4|20-40|4-6]::DNA[WEAK|45-50|5-10|<-2|STRONG_POS|NEGATIVE|1.0-1.2|NO_G2|NO_EARLY|NO_PULL|NO_DRYUP|40-60],V4,2026-08-14T09:00:30Z
f89663ed01042105,f89663ed01042105,PENDING_OUTCOME,2026-08-14,2026-08-14T09:00:29Z,4.0.0,GEN3_EXPERIENCE,DECISION_CONTEXT_V1,HHS,9950.0,🔴 YẾU,50.9,2.0,⏳ CHỜ,OBV xấu + Thiếu mẫu xác nhận,45.87,-0.43,2.05,4.52,-2.47,9950.29,9862.0,0.9,1.0,-0.0029144879194586,0.892313932265254,🔴,1154300.0,1022510.0,1.128888715024792,-0.0,5.85,5.85,-7.44,False,False,False,MUA EARLY,,,,157189300.0,157475923.0,,False,,,54.85,1.0,-3.7,3.0,5.0,5.6,5.6,7.6,1.0,29.0,🔴 Forecast rủi ro,WEAK|45-50|2-5|<-2|STRONG_POS|NEGATIVE|1.0-1.2|NO_G2|NO_EARLY|NO_PULL|NO_DRYUP|40-60,<4|20-40|4-6,WEAK,45-50,2-5,<-2,STRONG_POS,1.0-1.2,NEGATIVE,NO_G2,NO_EARLY,NO_PULL,NO_DRYUP,40-60,<4,20-40,4-6,CTX[<4|20-40|4-6]::DNA[WEAK|45-50|2-5|<-2|STRONG_POS|NEGATIVE|1.0-1.2|NO_G2|NO_EARLY|NO_PULL|NO_DRYUP|40-60],CTX[<4|20-40|4-6]::DNA[WEAK|45-50|2-5|<-2|STRONG_POS|NEGATIVE|1.0-1.2|NO_G2|NO_EARLY|NO_PULL|NO_DRYUP|40-60],CTX[<4|20-40|4-6]::DNA[WEAK|45-50|2-5|<-2|STRONG_POS|NEGATIVE|1.0-1.2|NO_G2|NO_EARLY|NO_PULL|NO_DRYUP|40-60],V4,2026-08-14T09:00:30Z
303098d1b069d012,303098d1b069d012,PENDING_OUTCOME,2026-08-14,2026-08-14T09:00:29Z,4.0.0,GEN3_EXPERIENCE,DECISION_CONTEXT_V1,C4G,5700.0,🔴 YẾU,50.2,2.0,⏳ CHỜ,OBV xấu + Thiếu mẫu xác nhận,40.72,7.76,1.79,1.79,0.0,5683.66,5710.0,-0.46,2.41,0.2874908069800064,-0.1751313485113814,🔴,219600.0,278915.0,0.7873366437803632,0.29,3.64,3.64,-10.94,False,False,False,TÍCH LŨY,,,,15226200.0,15258362.0,,False,,,52.12,-1.5,-5.7,2.0,6.0,5.6,5.6,7.6,1.0,29.0,🔴 Forecast rủi ro,WEAK|<45|0-2|0-2|STRONG_NEG|NEGATIVE|0.7-1.0|NO_G2|NO_EARLY|NO_PULL|NO_DRYUP|40-60,<4|20-40|4-6,WEAK,<45,0-2,0-2,STRONG_NEG,0.7-1.0,NEGATIVE,NO_G2,NO_EARLY,NO_PULL,NO_DRYUP,40-60,<4,20-40,4-6,CTX[<4|20-40|4-6]::DNA[WEAK|<45|0-2|0-2|STRONG_NEG|NEGATIVE|0.7-1.0|NO_G2|NO_EARLY|NO_PULL|NO_DRYUP|40-60],CTX[<4|20-40|4-6]::DNA[WEAK|<45|0-2|0-2|STRONG_NEG|NEGATIVE|0.7-1.0|NO_G2|NO_EARLY|NO_PULL|NO_DRYUP|40-60],CTX[<4|20-40|4-6]::DNA[WEAK|<45|0-2|0-2|STRONG_NEG|NEGATIVE|0.7-1.0|NO_G2|NO_EARLY|NO_PULL|NO_DRYUP|40-60],V4,2026-08-14T09:00:30Z
ed2c82c5ce3624a4,ed2c82c5ce3624a4,PENDING_OUTCOME,2026-08-14,2026-08-14T09:00:29Z,4.0.0,GEN3_EXPERIENCE,DECISION_CONTEXT_V1,DRI,13300.0,🔴 YẾU,49.1,2.0,⏳ CHỜ,OBV xấu + Thiếu mẫu xác nhận + Vol chưa xác nhận,51.88,-2.05,0.76,3.1,-2.34,13282.8,12995.0,2.21,0.99,0.1294907700183811,2.347056560215477,🔴,879300.0,508565.0,1.728982529273544,0.13,6.4,6.4,-3.62,False,False,False,MUA EARLY,,,,38478100.0,38652806.0,,False,,,55.55,-1.0,-7.6,3.0,5.0,5.6,5.6,7.6,1.0,29.0,🔴 Forecast rủi ro,WEAK|50-55|2-5|<-2|STRONG_POS|NEGATIVE|>=1.5|NO_G2|NO_EARLY|NO_PULL|NO_DRYUP|40-60,<4|20-40|4-6,WEAK,50-55,2-5,<-2,STRONG_POS,>=1.5,NEGATIVE,NO_G2,NO_EARLY,NO_PULL,NO_DRYUP,40-60,<4,20-40,4-6,CTX[<4|20-40|4-6]::DNA[WEAK|50-55|2-5|<-2|STRONG_POS|NEGATIVE|>=1.5|NO_G2|NO_EARLY|NO_PULL|NO_DRYUP|40-60],CTX[<4|20-40|4-6]::DNA[WEAK|50-55|2-5|<-2|STRONG_POS|NEGATIVE|>=1.5|NO_G2|NO_EARLY|NO_PULL|NO_DRYUP|40-60],CTX[<4|20-40|4-6]::DNA[WEAK|50-55|2-5|<-2|STRONG_POS|NEGATIVE|>=1.5|NO_G2|NO_EARLY|NO_PULL|NO_DRYUP|40-60],V4,2026-08-14T09:00:30Z
024351b2f93c180b,024351b2f93c180b,PENDING_OUTCOME,2026-08-14,2026-08-14T09:00:29Z,4.0.0,GEN3_EXPERIENCE,DECISION_CONTEXT_V1,PVS,34500.0,🔴 YẾU,48.6,2.0,⏳ CHỜ,OBV xấu + Thiếu mẫu xác nhận,44.81,-2.74,0.58,1.17,-0.59,34759.55,34405.0,1.03,1.97,-0.7467012662707218,0.276122656590605,🔴,2456600.0,2766790.0,0.8878881302881679,-0.75,4.23,4.23,-11.08,False,False,False,THEO DÕI,,,,123764500.0,125320178.0,,False,,,48.54,-4.5,-6.3,1.0,7.0,5.6,5.6,7.6,1.0,29.0,🔴 Forecast rủi ro,WEAK|<45|0-2|-2-0|STRONG_POS|NEGATIVE|0.7-1.0|NO_G2|NO_EARLY|NO_PULL|NO_DRYUP|40-60,<4|20-40|4-6,WEAK,<45,0-2,-2-0,STRONG_POS,0.7-1.0,NEGATIVE,NO_G2,NO_EARLY,NO_PULL,NO_DRYUP,40-60,<4,20-40,4-6,CTX[<4|20-40|4-6]::DNA[WEAK|<45|0-2|-2-0|STRONG_POS|NEGATIVE|0.7-1.0|NO_G2|NO_EARLY|NO_PULL|NO_DRYUP|40-60],CTX[<4|20-40|4-6]::DNA[WEAK|<45|0-2|-2-0|STRONG_POS|NEGATIVE|0.7-1.0|NO_G2|NO_EARLY|NO_PULL|NO_DRYUP|40-60],CTX[<4|20-40|4-6]::DNA[WEAK|<45|0-2|-2-0|STRONG_POS|NEGATIVE|0.7-1.0|NO_G2|NO_EARLY|NO_PULL|NO_DRYUP|40-60],V4,2026-08-14T09:00:30Z
258e0416ede68b8d,258e0416ede68b8d,PENDING_OUTCOME,2026-08-14,2026-08-14T09:00:29Z,4.0.0,GEN3_EXPERIENCE,DECISION_CONTEXT_V1,SSI,24500.0,🔴 YẾU,48.5,2.0,⏳ CHỜ,OBV xấu + Thiếu mẫu xác nhận,47.92,-6.14,0.2,4.03,-3.83,24675.12,23900.0,3.24,0.61,-0.7097027289026281,2.510460251046021,🔴,34016200.0,22895140.0,1.485738894804749,-0.71,11.36,11.36,-3.92,False,False,False,THEO DÕI,,,,972697288.0,992087013.0,,False,,,49.25,-9.0,-6.3,1.0,7.0,5.6,5.6,7.6,1.0,29.0,🔴 Forecast rủi ro,WEAK|45-50|2-5|<-2|STRONG_POS|NEGATIVE|1.2-1.5|NO_G2|NO_EARLY|NO_PULL|NO_DRYUP|40-60,<4|20-40|4-6,WEAK,45-50,2-5,<-2,STRONG_POS,1.2-1.5,NEGATIVE,NO_G2,NO_EARLY,NO_PULL,NO_DRYUP,40-60,<4,20-40,4-6,CTX[<4|20-40|4-6]::DNA[WEAK|45-50|2-5|<-2|STRONG_POS|NEGATIVE|1.2-1.5|NO_G2|NO_EARLY|NO_PULL|NO_DRYUP|40-60],CTX[<4|20-40|4-6]::DNA[WEAK|45-50|2-5|<-2|STRONG_POS|NEGATIVE|1.2-1.5|NO_G2|NO_EARLY|NO_PULL|NO_DRYUP|40-60],CTX[<4|20-40|4-6]::DNA[WEAK|45-50|2-5|<-2|STRONG_POS|NEGATIVE|1.2-1.5|NO_G2|NO_EARLY|NO_PULL|NO_DRYUP|40-60],V4,2026-08-14T09:00:30Z
13e86a39bb871803,13e86a39bb871803,PENDING_OUTCOME,2026-08-14,2026-08-14T09:00:29Z,4.0.0,GEN3_EXPERIENCE,DECISION_CONTEXT_V1,IDC,33600.0,🔴 YẾU,48.5,2.0,⏳ CHỜ,OBV xấu + Thiếu mẫu xác nhận,48.77,-4.51,0.0,3.07,-3.07,33691.11,33046.5,1.95,0.34,-0.2704274213583324,1.6749126231219602,🔴,1433300.0,1163080.0,1.232331395948688,-0.27,6.67,6.67,-4.55,False,False,False,THEO DÕI,,,,66345600.0,67411107.0,,False,,,49.21,-10.5,-6.3,0.0,7.0,5.6,5.6,7.6,1.0,29.0,🔴 Forecast rủi ro,WEAK|45-50|2-5|<-2|STRONG_POS|NEGATIVE|1.2-1.5|NO_G2|NO_EARLY|NO_PULL|NO_DRYUP|40-60,<4|20-40|4-6,WEAK,45-50,2-5,<-2,STRONG_POS,1.2-1.5,NEGATIVE,NO_G2,NO_EARLY,NO_PULL,NO_DRYUP,40-60,<4,20-40,4-6,CTX[<4|20-40|4-6]::DNA[WEAK|45-50|2-5|<-2|STRONG_POS|NEGATIVE|1.2-1.5|NO_G2|NO_EARLY|NO_PULL|NO_DRYUP|40-60],CTX[<4|20-40|4-6]::DNA[WEAK|45-50|2-5|<-2|STRONG_POS|NEGATIVE|1.2-1.5|NO_G2|NO_EARLY|NO_PULL|NO_DRYUP|40-60],CTX[<4|20-40|4-6]::DNA[WEAK|45-50|2-5|<-2|STRONG_POS|NEGATIVE|1.2-1.5|NO_G2|NO_EARLY|NO_PULL|NO_DRYUP|40-60],V4,2026-08-14T09:00:30Z
ef6d6d75b57eebe2,ef6d6d75b57eebe2,PENDING_OUTCOME,2026-08-14,2026-08-14T09:00:29Z,4.0.0,GEN3_EXPERIENCE,DECISION_CONTEXT_V1,VGS,18000.0,🔴 YẾU,48.1,2.0,⏳ CHỜ,OBV xấu + Thiếu mẫu xác nhận,39.59,0.13,1.12,1.69,-0.5699999999999998,18082.46,17875.0,1.16,1.83,-0.4560220235521051,0.6993006993007089,🔴,84800.0,116695.0,0.7266806632674921,-0.46,5.88,5.88,-10.0,False,False,False,MUA EARLY,,,,4725700.0,4777422.0,,False,,,53.54,-2.0,-1.7,3.0,5.0,5.6,5.6,7.6,1.0,29.0,🔴 Forecast rủi ro,WEAK|<45|0-2|-2-0|STRONG_POS|NEGATIVE|0.7-1.0|NO_G2|NO_EARLY|NO_PULL|NO_DRYUP|40-60,<4|20-40|4-6,WEAK,<45,0-2,-2-0,STRONG_POS,0.7-1.0,NEGATIVE,NO_G2,NO_EARLY,NO_PULL,NO_DRYUP,40-60,<4,20-40,4-6,CTX[<4|20-40|4-6]::DNA[WEAK|<45|0-2|-2-0|STRONG_POS|NEGATIVE|0.7-1.0|NO_G2|NO_EARLY|NO_PULL|NO_DRYUP|40-60],CTX[<4|20-40|4-6]::DNA[WEAK|<45|0-2|-2-0|STRONG_POS|NEGATIVE|0.7-1.0|NO_G2|NO_EARLY|NO_PULL|NO_DRYUP|40-60],CTX[<4|20-40|4-6]::DNA[WEAK|<45|0-2|-2-0|STRONG_POS|NEGATIVE|0.7-1.0|NO_G2|NO_EARLY|NO_PULL|NO_DRYUP|40-60],V4,2026-08-14T09:00:30Z
116399812a193327,116399812a193327,PENDING_OUTCOME,2026-08-14,2026-08-14T09:00:29Z,4.0.0,GEN3_EXPERIENCE,DECISION_CONTEXT_V1,HHV,10050.0,🔴 YẾU,47.3,2.0,⏳ CHỜ,OBV xấu + Thiếu mẫu xác nhận,43.88,-2.69,0.0,0.9,-0.9,10128.61,10041.5,0.87,0.51,-0.7761183420034956,0.0846487078623781,🔴,2725700.0,2761750.0,0.9869466823572012,-0.78,2.55,2.55,-4.29,False,False,False,THEO DÕI,,,,169258700.0,170019463.0,,False,,,48.31,-10.5,-6.3,1.0,7.0,5.6,5.6,7.6,1.0,29.0,🔴 Forecast rủi ro,WEAK|<45|0-2|-2-0|STRONG_POS|NEGATIVE|0.7-1.0|NO_G2|NO_EARLY|NO_PULL|NO_DRYUP|40-60,<4|20-40|4-6,WEAK,<45,0-2,-2-0,STRONG_POS,0.7-1.0,NEGATIVE,NO_G2,NO_EARLY,NO_PULL,NO_DRYUP,40-60,<4,20-40,4-6,CTX[<4|20-40|4-6]::DNA[WEAK|<45|0-2|-2-0|STRONG_POS|NEGATIVE|0.7-1.0|NO_G2|NO_EARLY|NO_PULL|NO_DRYUP|40-60],CTX[<4|20-40|4-6]::DNA[WEAK|<45|0-2|-2-0|STRONG_POS|NEGATIVE|0.7-1.0|NO_G2|NO_EARLY|NO_PULL|NO_DRYUP|40-60],CTX[<4|20-40|4-6]::DNA[WEAK|<45|0-2|-2-0|STRONG_POS|NEGATIVE|0.7-1.0|NO_G2|NO_EARLY|NO_PULL|NO_DRYUP|40-60],V4,2026-08-14T09:00:30Z
7b4530dc8cc22328,7b4530dc8cc22328,PENDING_OUTCOME,2026-08-14,2026-08-14T09:00:29Z,4.0.0,GEN3_EXPERIENCE,DECISION_CONTEXT_V1,HAG,14050.0,🔴 YẾU,46.6,2.0,⏳ CHỜ,OBV xấu + Thiếu mẫu xác nhận,40.04,-1.22,0.0,0.36,-0.36,14092.02,14072.5,0.14,0.52,-0.2981829432544103,-0.1598863030733754,🔴,2475420.0,2318576.0,1.067646693487727,-0.3,2.55,2.55,-3.44,False,False,False,THEO DÕI,,,,385078280.0,388034575.0,,False,,,47.67,-6.0,-8.3,1.0,7.0,5.6,5.6,7.6,1.0,29.0,🔴 Forecast rủi ro,WEAK|<45|0-2|-2-0|POS|NEGATIVE|1.0-1.2|NO_G2|NO_EARLY|NO_PULL|NO_DRYUP|40-60,<4|20-40|4-6,WEAK,<45,0-2,-2-0,POS,1.0-1.2,NEGATIVE,NO_G2,NO_EARLY,NO_PULL,NO_DRYUP,40-60,<4,20-40,4-6,CTX[<4|20-40|4-6]::DNA[WEAK|<45|0-2|-2-0|POS|NEGATIVE|1.0-1.2|NO_G2|NO_EARLY|NO_PULL|NO_DRYUP|40-60],CTX[<4|20-40|4-6]::DNA[WEAK|<45|0-2|-2-0|POS|NEGATIVE|1.0-1.2|NO_G2|NO_EARLY|NO_PULL|NO_DRYUP|40-60],CTX[<4|20-40|4-6]::DNA[WEAK|<45|0-2|-2-0|POS|NEGATIVE|1.0-1.2|NO_G2|NO_EARLY|NO_PULL|NO_DRYUP|40-60],V4,2026-08-14T09:00:30Z
8aaac49c926669bb,8aaac49c926669bb,PENDING_OUTCOME,2026-08-14,2026-08-14T09:00:29Z,4.0.0,GEN3_EXPERIENCE,DECISION_CONTEXT_V1,VPB,25100.0,🔴 YẾU,46.3,2.0,⏳ CHỜ,OBV xấu + Thiếu mẫu xác nhận,44.4,-4.31,0.4,1.21,-0.8099999999999999,25346.35,25145.0,0.8,0.27,-0.9719348150719842,-0.1789620202823583,🔴,14724842.0,14772637.0,0.9967646263832246,-0.97,3.08,3.08,-5.46,False,False,False,THEO DÕI,,,,1276633150.0,1301832096.0,,False,,,48.46,-6.0,-6.3,1.0,7.0,5.6,5.6,7.6,1.0,29.0,🔴 Forecast rủi ro,WEAK|<45|0-2|-2-0|STRONG_POS|NEGATIVE|0.7-1.0|NO_G2|NO_EARLY|NO_PULL|NO_DRYUP|40-60,<4|20-40|4-6,WEAK,<45,0-2,-2-0,STRONG_POS,0.7-1.0,NEGATIVE,NO_G2,NO_EARLY,NO_PULL,NO_DRYUP,40-60,<4,20-40,4-6,CTX[<4|20-40|4-6]::DNA[WEAK|<45|0-2|-2-0|STRONG_POS|NEGATIVE|0.7-1.0|NO_G2|NO_EARLY|NO_PULL|NO_DRYUP|40-60],CTX[<4|20-40|4-6]::DNA[WEAK|<45|0-2|-2-0|STRONG_POS|NEGATIVE|0.7-1.0|NO_G2|NO_EARLY|NO_PULL|NO_DRYUP|40-60],CTX[<4|20-40|4-6]::DNA[WEAK|<45|0-2|-2-0|STRONG_POS|NEGATIVE|0.7-1.0|NO_G2|NO_EARLY|NO_PULL|NO_DRYUP|40-60],V4,2026-08-14T09:00:30Z
29c7a568ce7fe791,29c7a568ce7fe791,PENDING_OUTCOME,2026-08-14,2026-08-14T09:00:29Z,4.0.0,GEN3_EXPERIENCE,DECISION_CONTEXT_V1,TCH,11950.0,🔴 YẾU,46.2,2.0,⏳ CHỜ,OBV xấu + Thiếu mẫu xác nhận,41.94,-2.88,1.27,4.82,-3.5500000000000003,12023.45,11900.0,1.04,1.71,-0.6108895533312064,0.4201680672268892,🔴,7128000.0,5288010.0,1.3479550908564848,-0.61,8.64,8.64,-13.41,False,False,False,MUA EARLY,,,,138469200.0,141014476.0,,False,,,54.26,7.0,4.4,4.0,5.0,5.6,5.6,7.6,1.0,29.0,🔴 Forecast rủi ro,WEAK|<45|2-5|<-2|STRONG_POS|NEGATIVE|1.2-1.5|NO_G2|NO_EARLY|NO_PULL|NO_DRYUP|40-60,<4|20-40|4-6,WEAK,<45,2-5,<-2,STRONG_POS,1.2-1.5,NEGATIVE,NO_G2,NO_EARLY,NO_PULL,NO_DRYUP,40-60,<4,20-40,4-6,CTX[<4|20-40|4-6]::DNA[WEAK|<45|2-5|<-2|STRONG_POS|NEGATIVE|1.2-1.5|NO_G2|NO_EARLY|NO_PULL|NO_DRYUP|40-60],CTX[<4|20-40|4-6]::DNA[WEAK|<45|2-5|<-2|STRONG_POS|NEGATIVE|1.2-1.5|NO_G2|NO_EARLY|NO_PULL|NO_DRYUP|40-60],CTX[<4|20-40|4-6]::DNA[WEAK|<45|2-5|<-2|STRONG_POS|NEGATIVE|1.2-1.5|NO_G2|NO_EARLY|NO_PULL|NO_DRYUP|40-60],V4,2026-08-14T09:00:30Z
01f2adcc75ff7930,01f2adcc75ff7930,PENDING_OUTCOME,2026-08-14,2026-08-14T09:00:29Z,4.0.0,GEN3_EXPERIENCE,DECISION_CONTEXT_V1,NHA,8270.0,🔴 YẾU,45.5,2.0,⏳ CHỜ,OBV xấu + Thiếu mẫu xác nhận + RSI yếu,41.37,-4.65,0.36,3.37,-3.01,8310.97,8213.4,1.19,1.5,-0.4929629152794379,0.6891177831348738,🔴,77900.0,97205.0,0.8013991049843115,-0.49,8.82,8.82,-9.22,False,False,False,TÍCH LŨY,,,,6844200.0,6936928.0,,False,,,52.24,-6.0,-0.8,2.0,6.0,5.6,5.6,7.6,1.0,29.0,🔴 Forecast rủi ro,WEAK|<45|2-5|<-2|STRONG_POS|NEGATIVE|0.7-1.0|NO_G2|NO_EARLY|NO_PULL|NO_DRYUP|40-60,<4|20-40|4-6,WEAK,<45,2-5,<-2,STRONG_POS,0.7-1.0,NEGATIVE,NO_G2,NO_EARLY,NO_PULL,NO_DRYUP,40-60,<4,20-40,4-6,CTX[<4|20-40|4-6]::DNA[WEAK|<45|2-5|<-2|STRONG_POS|NEGATIVE|0.7-1.0|NO_G2|NO_EARLY|NO_PULL|NO_DRYUP|40-60],CTX[<4|20-40|4-6]::DNA[WEAK|<45|2-5|<-2|STRONG_POS|NEGATIVE|0.7-1.0|NO_G2|NO_EARLY|NO_PULL|NO_DRYUP|40-60],CTX[<4|20-40|4-6]::DNA[WEAK|<45|2-5|<-2|STRONG_POS|NEGATIVE|0.7-1.0|NO_G2|NO_EARLY|NO_PULL|NO_DRYUP|40-60],V4,2026-08-14T09:00:30Z
b46a6101d704641b,b46a6101d704641b,PENDING_OUTCOME,2026-08-14,2026-08-14T09:00:29Z,4.0.0,GEN3_EXPERIENCE,DECISION_CONTEXT_V1,SHB,11750.0,🔴 YẾU,45.4,2.0,⏳ CHỜ,OBV xấu + Thiếu mẫu xác nhận,40.82,-2.83,0.43,2.17,-1.74,11809.69,11735.0,0.64,0.94,-0.505432403390782,0.1278227524499353,🔴,47766829.0,56514116.0,0.8452194315487479,-0.51,4.91,4.91,-7.84,False,False,False,MUA EARLY,,,,1575233631.0,1682957967.0,,False,,,53.71,-3.5,-0.3,3.0,5.0,5.6,5.6,7.6,1.0,29.0,🔴 Forecast rủi ro,WEAK|<45|2-5|-2-0|STRONG_POS|NEGATIVE|0.7-1.0|NO_G2|NO_EARLY|NO_PULL|NO_DRYUP|40-60,<4|20-40|4-6,WEAK,<45,2-5,-2-0,STRONG_POS,0.7-1.0,NEGATIVE,NO_G2,NO_EARLY,NO_PULL,NO_DRYUP,40-60,<4,20-40,4-6,CTX[<4|20-40|4-6]::DNA[WEAK|<45|2-5|-2-0|STRONG_POS|NEGATIVE|0.7-1.0|NO_G2|NO_EARLY|NO_PULL|NO_DRYUP|40-60],CTX[<4|20-40|4-6]::DNA[WEAK|<45|2-5|-2-0|STRONG_POS|NEGATIVE|0.7-1.0|NO_G2|NO_EARLY|NO_PULL|NO_DRYUP|40-60],CTX[<4|20-40|4-6]::DNA[WEAK|<45|2-5|-2-0|STRONG_POS|NEGATIVE|0.7-1.0|NO_G2|NO_EARLY|NO_PULL|NO_DRYUP|40-60],V4,2026-08-14T09:00:30Z
47364a6aae2db449,47364a6aae2db449,PENDING_OUTCOME,2026-08-14,2026-08-14T09:00:29Z,4.0.0,GEN3_EXPERIENCE,DECISION_CONTEXT_V1,PDR,11950.0,🔴 YẾU,45.1,2.0,⏳ CHỜ,OBV xấu + Thiếu mẫu xác nhận + RSI yếu,38.04,-2.24,0.42,4.37,-3.95,11985.87,11925.0,0.51,1.99,-0.2992690559800892,0.2096436058700135,🔴,6202400.0,7561900.0,0.8202171411946733,-0.3,7.17,7.17,-11.81,False,False,False,MUA EARLY,,,,239031200.0,240991591.0,,False,,,53.47,-2.0,-3.7,3.0,5.0,5.6,5.6,7.6,1.0,29.0,🔴 Forecast rủi ro,WEAK|<45|2-5|<-2|STRONG_POS|NEGATIVE|0.7-1.0|NO_G2|NO_EARLY|NO_PULL|NO_DRYUP|40-60,<4|20-40|4-6,WEAK,<45,2-5,<-2,STRONG_POS,0.7-1.0,NEGATIVE,NO_G2,NO_EARLY,NO_PULL,NO_DRYUP,40-60,<4,20-40,4-6,CTX[<4|20-40|4-6]::DNA[WEAK|<45|2-5|<-2|STRONG_POS|NEGATIVE|0.7-1.0|NO_G2|NO_EARLY|NO_PULL|NO_DRYUP|40-60],CTX[<4|20-40|4-6]::DNA[WEAK|<45|2-5|<-2|STRONG_POS|NEGATIVE|0.7-1.0|NO_G2|NO_EARLY|NO_PULL|NO_DRYUP|40-60],CTX[<4|20-40|4-6]::DNA[WEAK|<45|2-5|<-2|STRONG_POS|NEGATIVE|0.7-1.0|NO_G2|NO_EARLY|NO_PULL|NO_DRYUP|40-60],V4,2026-08-14T09:00:30Z
d5024145c0245578,d5024145c0245578,PENDING_OUTCOME,2026-08-14,2026-08-14T09:00:29Z,4.0.0,GEN3_EXPERIENCE,DECISION_CONTEXT_V1,GEE,67500.0,🔴 YẾU,42.9,2.0,⏳ CHỜ,OBV xấu + RSI yếu + Giá lệch xu hướng,40.03,-10.09,0.6,1.05,-0.45,70257.86,68890.0,1.99,2.92,-3.925340168345581,-2.017709391784006,🔴,2219300.0,1435600.0,1.5459041515742546,-3.93,6.3,6.3,-19.83,False,False,False,THEO DÕI,,,,90064500.0,91046972.0,,False,,,47.72,0.0,-6.3,-1.0,7.0,5.6,5.6,7.6,1.0,29.0,🔴 Forecast rủi ro,WEAK|<45|0-2|-2-0|STRONG_POS|NEGATIVE|>=1.5|NO_G2|NO_EARLY|NO_PULL|NO_DRYUP|40-60,<4|20-40|4-6,WEAK,<45,0-2,-2-0,STRONG_POS,>=1.5,NEGATIVE,NO_G2,NO_EARLY,NO_PULL,NO_DRYUP,40-60,<4,20-40,4-6,CTX[<4|20-40|4-6]::DNA[WEAK|<45|0-2|-2-0|STRONG_POS|NEGATIVE|>=1.5|NO_G2|NO_EARLY|NO_PULL|NO_DRYUP|40-60],CTX[<4|20-40|4-6]::DNA[WEAK|<45|0-2|-2-0|STRONG_POS|NEGATIVE|>=1.5|NO_G2|NO_EARLY|NO_PULL|NO_DRYUP|40-60],CTX[<4|20-40|4-6]::DNA[WEAK|<45|0-2|-2-0|STRONG_POS|NEGATIVE|>=1.5|NO_G2|NO_EARLY|NO_PULL|NO_DRYUP|40-60],V4,2026-08-14T09:00:30Z
f010ed5335e4d718,f010ed5335e4d718,PENDING_OUTCOME,2026-08-14,2026-08-14T09:00:29Z,4.0.0,GEN3_EXPERIENCE,DECISION_CONTEXT_V1,IJC,7430.0,🔴 YẾU,42.2,2.0,⏳ CHỜ,OBV xấu + Vol chưa xác nhận + Thiếu mẫu xác nhận,43.13,-10.32,0.13,3.48,-3.35,7585.44,7342.5,3.31,1.44,-2.049188972557947,1.191692202928163,🔴,6234286.0,2643114.0,2.358689787878994,-2.05,11.06,11.06,-9.27,False,False,False,THEO DÕI,,,,-40232286.0,-35560180.0,,False,,,48.44,-9.5,-20.9,1.0,7.0,5.6,5.6,7.6,1.0,29.0,🔴 Forecast rủi ro,WEAK|<45|2-5|<-2|STRONG_POS|NEGATIVE|>=1.5|NO_G2|NO_EARLY|NO_PULL|NO_DRYUP|40-60,<4|20-40|4-6,WEAK,<45,2-5,<-2,STRONG_POS,>=1.5,NEGATIVE,NO_G2,NO_EARLY,NO_PULL,NO_DRYUP,40-60,<4,20-40,4-6,CTX[<4|20-40|4-6]::DNA[WEAK|<45|2-5|<-2|STRONG_POS|NEGATIVE|>=1.5|NO_G2|NO_EARLY|NO_PULL|NO_DRYUP|40-60],CTX[<4|20-40|4-6]::DNA[WEAK|<45|2-5|<-2|STRONG_POS|NEGATIVE|>=1.5|NO_G2|NO_EARLY|NO_PULL|NO_DRYUP|40-60],CTX[<4|20-40|4-6]::DNA[WEAK|<45|2-5|<-2|STRONG_POS|NEGATIVE|>=1.5|NO_G2|NO_EARLY|NO_PULL|NO_DRYUP|40-60],V4,2026-08-14T09:00:30Z
bafa8b7db804ffe7,bafa8b7db804ffe7,PENDING_OUTCOME,2026-08-14,2026-08-14T09:00:29Z,4.0.0,GEN3_EXPERIENCE,DECISION_CONTEXT_V1,PTB,33200.0,🔴 YẾU,41.4,2.0,⏳ CHỜ,OBV xấu + Vol chưa xác nhận + Thiếu mẫu xác nhận,41.86,-0.2,-0.9,-0.9,0.0,33569.91,33414.95,0.46,0.38,-1.101909418285607,-0.6432749413062044,🔴,19200.0,58860.0,0.3261977573904179,-1.1,4.24,4.24,-5.28,False,False,False,TÍCH LŨY,,,,-645000.0,-606962.0,,False,,,51.98,-2.0,-0.9,2.0,6.0,5.6,5.6,7.6,1.0,29.0,🔴 Forecast rủi ro,WEAK|<45|-2-0|0-2|STRONG_POS|NEGATIVE|<0.7|NO_G2|NO_EARLY|NO_PULL|NO_DRYUP|40-60,<4|20-40|4-6,WEAK,<45,-2-0,0-2,STRONG_POS,<0.7,NEGATIVE,NO_G2,NO_EARLY,NO_PULL,NO_DRYUP,40-60,<4,20-40,4-6,CTX[<4|20-40|4-6]::DNA[WEAK|<45|-2-0|0-2|STRONG_POS|NEGATIVE|<0.7|NO_G2|NO_EARLY|NO_PULL|NO_DRYUP|40-60],CTX[<4|20-40|4-6]::DNA[WEAK|<45|-2-0|0-2|STRONG_POS|NEGATIVE|<0.7|NO_G2|NO_EARLY|NO_PULL|NO_DRYUP|40-60],CTX[<4|20-40|4-6]::DNA[WEAK|<45|-2-0|0-2|STRONG_POS|NEGATIVE|<0.7|NO_G2|NO_EARLY|NO_PULL|NO_DRYUP|40-60],V4,2026-08-14T09:00:30Z
97c2c408ed2bc0b1,97c2c408ed2bc0b1,PENDING_OUTCOME,2026-08-14,2026-08-14T09:00:29Z,4.0.0,GEN3_EXPERIENCE,DECISION_CONTEXT_V1,SSB,15050.0,🔴 YẾU,41.1,2.0,⏳ CHỜ,OBV xấu + RSI yếu + Thiếu mẫu xác nhận,39.13,-8.43,0.0,-3.22,3.22,15282.21,15432.5,-0.97,0.17,-1.5194791852748968,-2.4785355580754898,🔴,2407500.0,2149860.0,1.119840361697971,-1.52,0.0,7.5,-6.23,False,False,False,THEO DÕI,,,,28392100.0,30676891.0,,False,,,47.43,-1.5,-1.2,0.0,7.0,5.6,5.6,7.6,1.0,29.0,🔴 Forecast rủi ro,WEAK|<45|<-2|2-5|STRONG_NEG|NEGATIVE|1.0-1.2|NO_G2|NO_EARLY|NO_PULL|NO_DRYUP|40-60,<4|20-40|4-6,WEAK,<45,<-2,2-5,STRONG_NEG,1.0-1.2,NEGATIVE,NO_G2,NO_EARLY,NO_PULL,NO_DRYUP,40-60,<4,20-40,4-6,CTX[<4|20-40|4-6]::DNA[WEAK|<45|<-2|2-5|STRONG_NEG|NEGATIVE|1.0-1.2|NO_G2|NO_EARLY|NO_PULL|NO_DRYUP|40-60],CTX[<4|20-40|4-6]::DNA[WEAK|<45|<-2|2-5|STRONG_NEG|NEGATIVE|1.0-1.2|NO_G2|NO_EARLY|NO_PULL|NO_DRYUP|40-60],CTX[<4|20-40|4-6]::DNA[WEAK|<45|<-2|2-5|STRONG_NEG|NEGATIVE|1.0-1.2|NO_G2|NO_EARLY|NO_PULL|NO_DRYUP|40-60],V4,2026-08-14T09:00:30Z
835b4f7eced18b98,835b4f7eced18b98,PENDING_OUTCOME,2026-08-14,2026-08-14T09:00:29Z,4.0.0,GEN3_EXPERIENCE,DECISION_CONTEXT_V1,CTD,62000.0,⚠️ YẾU DẦN,50.2,3.0,🟠 HẠN CHẾ / GIẢM,OBV xấu + Thiếu mẫu xác nhận,45.58,-2.38,-0.16,1.64,-1.7999999999999998,62175.85,60130.0,3.4,1.18,-0.2828268531913869,3.109928488275404,🔴,247000.0,408680.0,0.6043848487814427,-0.28,12.52,12.52,-6.34,False,False,False,MUA EARLY,,,,10458100.0,10530007.0,,False,,,54.37,-3.5,-1.7,3.0,5.0,5.6,5.6,7.6,1.0,29.0,🔴 Forecast rủi ro,WEAKENING|45-50|0-2|-2-0|STRONG_POS|NEGATIVE|<0.7|NO_G2|NO_EARLY|NO_PULL|NO_DRYUP|40-60,<4|20-40|4-6,WEAKENING,45-50,0-2,-2-0,STRONG_POS,<0.7,NEGATIVE,NO_G2,NO_EARLY,NO_PULL,NO_DRYUP,40-60,<4,20-40,4-6,CTX[<4|20-40|4-6]::DNA[WEAKENING|45-50|0-2|-2-0|STRONG_POS|NEGATIVE|<0.7|NO_G2|NO_EARLY|NO_PULL|NO_DRYUP|40-60],CTX[<4|20-40|4-6]::DNA[WEAKENING|45-50|0-2|-2-0|STRONG_POS|NEGATIVE|<0.7|NO_G2|NO_EARLY|NO_PULL|NO_DRYUP|40-60],CTX[<4|20-40|4-6]::DNA[WEAKENING|45-50|0-2|-2-0|STRONG_POS|NEGATIVE|<0.7|NO_G2|NO_EARLY|NO_PULL|NO_DRYUP|40-60],V4,2026-08-14T09:00:30Z
91f03a4190297cae,91f03a4190297cae,PENDING_OUTCOME,2026-08-14,2026-08-14T09:00:29Z,4.0.0,GEN3_EXPERIENCE,DECISION_CONTEXT_V1,VNM,61600.0,⚠️ YẾU DẦN,49.9,3.0,🟠 HẠN CHẾ / GIẢM,OBV xấu + Thiếu mẫu xác nhận,62.17,-2.6,-0.65,1.15,-1.7999999999999998,61137.34,60040.0,1.83,-0.34,0.756755200667869,2.59826782145236,🔴,4171174.0,5349909.0,0.7796719532986449,0.76,6.57,12.41,-2.69,False,False,False,MUA EARLY,,,,-8565300.0,-6353800.0,,False,,,56.92,-7.5,-10.4,4.0,5.0,5.6,5.6,7.6,1.0,29.0,🔴 Forecast rủi ro,WEAKENING|60-65|0-2|-2-0|STRONG_POS|NEGATIVE|0.7-1.0|NO_G2|NO_EARLY|NO_PULL|NO_DRYUP|40-60,<4|20-40|4-6,WEAKENING,60-65,0-2,-2-0,STRONG_POS,0.7-1.0,NEGATIVE,NO_G2,NO_EARLY,NO_PULL,NO_DRYUP,40-60,<4,20-40,4-6,CTX[<4|20-40|4-6]::DNA[WEAKENING|60-65|0-2|-2-0|STRONG_POS|NEGATIVE|0.7-1.0|NO_G2|NO_EARLY|NO_PULL|NO_DRYUP|40-60],CTX[<4|20-40|4-6]::DNA[WEAKENING|60-65|0-2|-2-0|STRONG_POS|NEGATIVE|0.7-1.0|NO_G2|NO_EARLY|NO_PULL|NO_DRYUP|40-60],CTX[<4|20-40|4-6]::DNA[WEAKENING|60-65|0-2|-2-0|STRONG_POS|NEGATIVE|0.7-1.0|NO_G2|NO_EARLY|NO_PULL|NO_DRYUP|40-60],V4,2026-08-14T09:00:30Z
d3001bc5af423ca0,d3001bc5af423ca0,PENDING_OUTCOME,2026-08-14,2026-08-14T09:00:29Z,4.0.0,GEN3_EXPERIENCE,DECISION_CONTEXT_V1,TNG,17100.0,⚠️ YẾU DẦN,49.7,3.0,🟠 HẠN CHẾ / GIẢM,OBV xấu + Thiếu mẫu xác nhận,50.09,-4.38,0.59,1.12,-0.5300000000000001,17097.54,16700.95,2.37,-0.03,0.0143880347699187,2.389385034983027,🔴,611200.0,467565.0,1.307197929699614,0.01,9.06,9.06,-4.68,False,False,False,THEO DÕI,,,,34206200.0,34552899.0,,False,,,49.36,-9.0,-6.3,1.0,7.0,5.6,5.6,7.6,1.0,29.0,🔴 Forecast rủi ro,WEAKENING|50-55|0-2|-2-0|STRONG_POS|NEGATIVE|1.2-1.5|NO_G2|NO_EARLY|NO_PULL|NO_DRYUP|40-60,<4|20-40|4-6,WEAKENING,50-55,0-2,-2-0,STRONG_POS,1.2-1.5,NEGATIVE,NO_G2,NO_EARLY,NO_PULL,NO_DRYUP,40-60,<4,20-40,4-6,CTX[<4|20-40|4-6]::DNA[WEAKENING|50-55|0-2|-2-0|STRONG_POS|NEGATIVE|1.2-1.5|NO_G2|NO_EARLY|NO_PULL|NO_DRYUP|40-60],CTX[<4|20-40|4-6]::DNA[WEAKENING|50-55|0-2|-2-0|STRONG_POS|NEGATIVE|1.2-1.5|NO_G2|NO_EARLY|NO_PULL|NO_DRYUP|40-60],CTX[<4|20-40|4-6]::DNA[WEAKENING|50-55|0-2|-2-0|STRONG_POS|NEGATIVE|1.2-1.5|NO_G2|NO_EARLY|NO_PULL|NO_DRYUP|40-60],V4,2026-08-14T09:00:30Z
728c3728f23bb5e8,728c3728f23bb5e8,PENDING_OUTCOME,2026-08-14,2026-08-14T09:00:29Z,4.0.0,GEN3_EXPERIENCE,DECISION_CONTEXT_V1,PLX,35050.0,⚠️ YẾU DẦN,49.7,3.0,🟠 HẠN CHẾ / GIẢM,OBV xấu + Thiếu mẫu xác nhận,51.99,-8.67,-2.5,9.02,-11.52,35275.26,33662.5,4.79,0.46,-0.6385778588166358,4.121797252135173,🔴,3459500.0,2497580.0,1.3851408163101884,-0.64,11.2,11.2,-7.76,False,False,False,THEO DÕI,,,,58143200.0,59017149.0,,False,,,50.31,-16.5,-12.4,1.0,7.0,5.6,5.6,7.6,1.0,29.0,🔴 Forecast rủi ro,WEAKENING|50-55|5-10|<-2|STRONG_POS|NEGATIVE|1.2-1.5|NO_G2|NO_EARLY|NO_PULL|NO_DRYUP|40-60,<4|20-40|4-6,WEAKENING,50-55,5-10,<-2,STRONG_POS,1.2-1.5,NEGATIVE,NO_G2,NO_EARLY,NO_PULL,NO_DRYUP,40-60,<4,20-40,4-6,CTX[<4|20-40|4-6]::DNA[WEAKENING|50-55|5-10|<-2|STRONG_POS|NEGATIVE|1.2-1.5|NO_G2|NO_EARLY|NO_PULL|NO_DRYUP|40-60],CTX[<4|20-40|4-6]::DNA[WEAKENING|50-55|5-10|<-2|STRONG_POS|NEGATIVE|1.2-1.5|NO_G2|NO_EARLY|NO_PULL|NO_DRYUP|40-60],CTX[<4|20-40|4-6]::DNA[WEAKENING|50-55|5-10|<-2|STRONG_POS|NEGATIVE|1.2-1.5|NO_G2|NO_EARLY|NO_PULL|NO_DRYUP|40-60],V4,2026-08-14T09:00:30Z
b42acb7ebebb5025,b42acb7ebebb5025,PENDING_OUTCOME,2026-08-14,2026-08-14T09:00:29Z,4.0.0,GEN3_EXPERIENCE,DECISION_CONTEXT_V1,BID,38250.0,⚠️ YẾU DẦN,49.6,3.0,🟠 HẠN CHẾ / GIẢM,OBV xấu + Thiếu mẫu xác nhận,47.76,-6.71,-2.05,0.66,-2.71,38521.33,37415.0,2.96,0.53,-0.7043630113498178,2.2317252438861512,🔴,4735300.0,4628590.0,1.0230545371268571,-0.7,10.23,10.23,-4.14,False,False,False,TÍCH LŨY,,,,142979100.0,147137962.0,,False,,,52.96,-10.5,5.9,2.0,6.0,5.6,5.6,7.6,1.0,29.0,🔴 Forecast rủi ro,WEAKENING|45-50|0-2|<-2|STRONG_POS|NEGATIVE|1.0-1.2|NO_G2|NO_EARLY|NO_PULL|NO_DRYUP|40-60,<4|20-40|4-6,WEAKENING,45-50,0-2,<-2,STRONG_POS,1.0-1.2,NEGATIVE,NO_G2,NO_EARLY,NO_PULL,NO_DRYUP,40-60,<4,20-40,4-6,CTX[<4|20-40|4-6]::DNA[WEAKENING|45-50|0-2|<-2|STRONG_POS|NEGATIVE|1.0-1.2|NO_G2|NO_EARLY|NO_PULL|NO_DRYUP|40-60],CTX[<4|20-40|4-6]::DNA[WEAKENING|45-50|0-2|<-2|STRONG_POS|NEGATIVE|1.0-1.2|NO_G2|NO_EARLY|NO_PULL|NO_DRYUP|40-60],CTX[<4|20-40|4-6]::DNA[WEAKENING|45-50|0-2|<-2|STRONG_POS|NEGATIVE|1.0-1.2|NO_G2|NO_EARLY|NO_PULL|NO_DRYUP|40-60],V4,2026-08-14T09:00:30Z
dcc66aba055be409,dcc66aba055be409,PENDING_OUTCOME,2026-08-14,2026-08-14T09:00:29Z,4.0.0,GEN3_EXPERIENCE,DECISION_CONTEXT_V1,PVC,12000.0,⚠️ YẾU DẦN,48.6,3.0,🟠 HẠN CHẾ / GIẢM,OBV xấu + Thiếu mẫu xác nhận,45.11,-2.64,-0.83,1.69,-2.52,12132.84,11990.0,1.19,2.09,-1.0948796819211348,0.0834028356964111,🔴,521300.0,476605.0,1.0937778663673272,-1.09,4.35,4.35,-9.77,False,False,False,THEO DÕI,,,,60296300.0,60466980.0,,False,,,48.58,-7.5,-6.3,1.0,7.0,5.6,5.6,7.6,1.0,29.0,🔴 Forecast rủi ro,WEAKENING|45-50|0-2|<-2|STRONG_POS|NEGATIVE|1.0-1.2|NO_G2|NO_EARLY|NO_PULL|NO_DRYUP|40-60,<4|20-40|4-6,WEAKENING,45-50,0-2,<-2,STRONG_POS,1.0-1.2,NEGATIVE,NO_G2,NO_EARLY,NO_PULL,NO_DRYUP,40-60,<4,20-40,4-6,CTX[<4|20-40|4-6]::DNA[WEAKENING|45-50|0-2|<-2|STRONG_POS|NEGATIVE|1.0-1.2|NO_G2|NO_EARLY|NO_PULL|NO_DRYUP|40-60],CTX[<4|20-40|4-6]::DNA[WEAKENING|45-50|0-2|<-2|STRONG_POS|NEGATIVE|1.0-1.2|NO_G2|NO_EARLY|NO_PULL|NO_DRYUP|40-60],CTX[<4|20-40|4-6]::DNA[WEAKENING|45-50|0-2|<-2|STRONG_POS|NEGATIVE|1.0-1.2|NO_G2|NO_EARLY|NO_PULL|NO_DRYUP|40-60],V4,2026-08-14T09:00:30Z
299ccc81cc03d091,299ccc81cc03d091,PENDING_OUTCOME,2026-08-14,2026-08-14T09:00:29Z,4.0.0,GEN3_EXPERIENCE,DECISION_CONTEXT_V1,VOS,11050.0,⚠️ YẾU DẦN,48.4,3.0,🟠 HẠN CHẾ / GIẢM,OBV xấu + Thiếu mẫu xác nhận,46.89,-2.9,-0.9,1.84,-2.74,11047.81,10832.5,1.99,0.41,0.0198229332329269,2.007846757442877,🔴,362600.0,431235.0,0.8408408408408409,0.02,7.28,7.28,-4.74,False,False,False,MUA EARLY,,,,25209100.0,25393189.0,,False,,,54.65,-0.5,-3.7,4.0,5.0,5.6,5.6,7.6,1.0,29.0,🔴 Forecast rủi ro,WEAKENING|45-50|0-2|<-2|STRONG_POS|NEGATIVE|0.7-1.0|NO_G2|NO_EARLY|NO_PULL|NO_DRYUP|40-60,<4|20-40|4-6,WEAKENING,45-50,0-2,<-2,STRONG_POS,0.7-1.0,NEGATIVE,NO_G2,NO_EARLY,NO_PULL,NO_DRYUP,40-60,<4,20-40,4-6,CTX[<4|20-40|4-6]::DNA[WEAKENING|45-50|0-2|<-2|STRONG_POS|NEGATIVE|0.7-1.0|NO_G2|NO_EARLY|NO_PULL|NO_DRYUP|40-60],CTX[<4|20-40|4-6]::DNA[WEAKENING|45-50|0-2|<-2|STRONG_POS|NEGATIVE|0.7-1.0|NO_G2|NO_EARLY|NO_PULL|NO_DRYUP|40-60],CTX[<4|20-40|4-6]::DNA[WEAKENING|45-50|0-2|<-2|STRONG_POS|NEGATIVE|0.7-1.0|NO_G2|NO_EARLY|NO_PULL|NO_DRYUP|40-60],V4,2026-08-14T09:00:30Z
33972384d925a149,33972384d925a149,PENDING_OUTCOME,2026-08-14,2026-08-14T09:00:29Z,4.0.0,GEN3_EXPERIENCE,DECISION_CONTEXT_V1,VCB,58500.0,⚠️ YẾU DẦN,48.1,3.0,🟠 HẠN CHẾ / GIẢM,OBV xấu + Thiếu mẫu xác nhận,48.75,-7.53,-2.01,-1.35,-0.6599999999999997,59103.85,57485.5,2.82,-0.12,-1.0216762529006165,1.764792860808373,🔴,4823188.0,5325829.0,0.905622016778984,-1.02,8.33,8.33,-4.1,False,False,False,THEO DÕI,,,,121928812.0,128395962.0,,False,,,48.99,-10.5,-3.4,1.0,7.0,5.6,5.6,7.6,1.0,29.0,🔴 Forecast rủi ro,WEAKENING|45-50|-2-0|-2-0|STRONG_POS|NEGATIVE|0.7-1.0|NO_G2|NO_EARLY|NO_PULL|NO_DRYUP|40-60,<4|20-40|4-6,WEAKENING,45-50,-2-0,-2-0,STRONG_POS,0.7-1.0,NEGATIVE,NO_G2,NO_EARLY,NO_PULL,NO_DRYUP,40-60,<4,20-40,4-6,CTX[<4|20-40|4-6]::DNA[WEAKENING|45-50|-2-0|-2-0|STRONG_POS|NEGATIVE|0.7-1.0|NO_G2|NO_EARLY|NO_PULL|NO_DRYUP|40-60],CTX[<4|20-40|4-6]::DNA[WEAKENING|45-50|-2-0|-2-0|STRONG_POS|NEGATIVE|0.7-1.0|NO_G2|NO_EARLY|NO_PULL|NO_DRYUP|40-60],CTX[<4|20-40|4-6]::DNA[WEAKENING|45-50|-2-0|-2-0|STRONG_POS|NEGATIVE|0.7-1.0|NO_G2|NO_EARLY|NO_PULL|NO_DRYUP|40-60],V4,2026-08-14T09:00:30Z
7d4f2121f2781f10,7d4f2121f2781f10,PENDING_OUTCOME,2026-08-14,2026-08-14T09:00:29Z,4.0.0,GEN3_EXPERIENCE,DECISION_CONTEXT_V1,CTG,31450.0,⚠️ YẾU DẦN,47.5,3.0,🟠 HẠN CHẾ / GIẢM,OBV xấu + Thiếu mẫu xác nhận + RS yếu,47.89,-8.18,-3.23,2.11,-5.34,31810.89,30832.95,3.17,0.07,-1.134485705995647,2.0012681238739782,🔴,10535218.0,9347306.0,1.1270860288515214,-1.13,9.39,9.39,-4.7,False,False,False,MUA EARLY,,,,363111382.0,373954586.0,,False,,,54.77,-9.0,10.8,3.0,5.0,5.6,5.6,7.6,1.0,29.0,🔴 Forecast rủi ro,WEAKENING|45-50|2-5|<-2|STRONG_POS|NEGATIVE|1.0-1.2|NO_G2|NO_EARLY|NO_PULL|NO_DRYUP|40-60,<4|20-40|4-6,WEAKENING,45-50,2-5,<-2,STRONG_POS,1.0-1.2,NEGATIVE,NO_G2,NO_EARLY,NO_PULL,NO_DRYUP,40-60,<4,20-40,4-6,CTX[<4|20-40|4-6]::DNA[WEAKENING|45-50|2-5|<-2|STRONG_POS|NEGATIVE|1.0-1.2|NO_G2|NO_EARLY|NO_PULL|NO_DRYUP|40-60],CTX[<4|20-40|4-6]::DNA[WEAKENING|45-50|2-5|<-2|STRONG_POS|NEGATIVE|1.0-1.2|NO_G2|NO_EARLY|NO_PULL|NO_DRYUP|40-60],CTX[<4|20-40|4-6]::DNA[WEAKENING|45-50|2-5|<-2|STRONG_POS|NEGATIVE|1.0-1.2|NO_G2|NO_EARLY|NO_PULL|NO_DRYUP|40-60],V4,2026-08-14T09:00:30Z
3468a16adbb2b482,3468a16adbb2b482,PENDING_OUTCOME,2026-08-14,2026-08-14T09:00:29Z,4.0.0,GEN3_EXPERIENCE,DECISION_CONTEXT_V1,HDB,26450.0,⚠️ YẾU DẦN,47.4,3.0,🟠 HẠN CHẾ / GIẢM,OBV xấu + Thiếu mẫu xác nhận,50.63,-6.88,-0.38,4.96,-5.34,26606.02,26237.5,1.4,0.52,-0.5864086398491786,0.8099094807050955,🔴,9679029.0,10791996.0,0.896871070004103,-0.59,5.38,6.22,-4.17,False,False,False,TÍCH LŨY,,,,920053071.0,927470025.0,,False,,,53.79,-10.5,-15.1,2.0,6.0,5.6,5.6,7.6,1.0,29.0,🔴 Forecast rủi ro,WEAKENING|50-55|2-5|<-2|STRONG_POS|NEGATIVE|0.7-1.0|NO_G2|NO_EARLY|NO_PULL|NO_DRYUP|40-60,<4|20-40|4-6,WEAKENING,50-55,2-5,<-2,STRONG_POS,0.7-1.0,NEGATIVE,NO_G2,NO_EARLY,NO_PULL,NO_DRYUP,40-60,<4,20-40,4-6,CTX[<4|20-40|4-6]::DNA[WEAKENING|50-55|2-5|<-2|STRONG_POS|NEGATIVE|0.7-1.0|NO_G2|NO_EARLY|NO_PULL|NO_DRYUP|40-60],CTX[<4|20-40|4-6]::DNA[WEAKENING|50-55|2-5|<-2|STRONG_POS|NEGATIVE|0.7-1.0|NO_G2|NO_EARLY|NO_PULL|NO_DRYUP|40-60],CTX[<4|20-40|4-6]::DNA[WEAKENING|50-55|2-5|<-2|STRONG_POS|NEGATIVE|0.7-1.0|NO_G2|NO_EARLY|NO_PULL|NO_DRYUP|40-60],V4,2026-08-14T09:00:30Z
e836923fdcf0c014,e836923fdcf0c014,PENDING_OUTCOME,2026-08-14,2026-08-14T09:00:29Z,4.0.0,GEN3_EXPERIENCE,DECISION_CONTEXT_V1,ACV,40500.0,⚠️ YẾU DẦN,47.3,3.0,🟠 HẠN CHẾ / GIẢM,OBV xấu + Thiếu mẫu xác nhận,47.56,-6.01,-2.41,3.32,-5.73,40702.4,39820.0,2.22,0.85,-0.4972679743700636,1.7076845806127672,🔴,540500.0,561735.0,0.962197477458232,-0.5,5.47,5.47,-5.37,False,False,False,MUA EARLY,,,,-62067000.0,-61799605.0,,False,,,54.83,-10.5,-7.5,3.0,5.0,5.6,5.6,7.6,1.0,29.0,🔴 Forecast rủi ro,WEAKENING|45-50|2-5|<-2|STRONG_POS|NEGATIVE|0.7-1.0|NO_G2|NO_EARLY|NO_PULL|NO_DRYUP|40-60,<4|20-40|4-6,WEAKENING,45-50,2-5,<-2,STRONG_POS,0.7-1.0,NEGATIVE,NO_G2,NO_EARLY,NO_PULL,NO_DRYUP,40-60,<4,20-40,4-6,CTX[<4|20-40|4-6]::DNA[WEAKENING|45-50|2-5|<-2|STRONG_POS|NEGATIVE|0.7-1.0|NO_G2|NO_EARLY|NO_PULL|NO_DRYUP|40-60],CTX[<4|20-40|4-6]::DNA[WEAKENING|45-50|2-5|<-2|STRONG_POS|NEGATIVE|0.7-1.0|NO_G2|NO_EARLY|NO_PULL|NO_DRYUP|40-60],CTX[<4|20-40|4-6]::DNA[WEAKENING|45-50|2-5|<-2|STRONG_POS|NEGATIVE|0.7-1.0|NO_G2|NO_EARLY|NO_PULL|NO_DRYUP|40-60],V4,2026-08-14T09:00:30Z
bb747a17efe32cb5,bb747a17efe32cb5,PENDING_OUTCOME,2026-08-14,2026-08-14T09:00:29Z,4.0.0,GEN3_EXPERIENCE,DECISION_CONTEXT_V1,VIX,13450.0,⚠️ YẾU DẦN,46.6,3.0,🟠 HẠN CHẾ / GIẢM,OBV xấu + Thiếu mẫu xác nhận,43.61,-7.79,-1.1,3.46,-4.5600000000000005,13741.7,13172.5,4.32,0.61,-2.1227359060378315,2.1066616056177656,🔴,73378200.0,50262890.0,1.4598881998229707,-2.12,14.47,14.47,-7.24,False,False,False,THEO DÕI,,,,1485253432.0,1527127492.0,,False,,,48.5,-12.0,-6.3,1.0,7.0,5.6,5.6,7.6,1.0,29.0,🔴 Forecast rủi ro,WEAKENING|<45|2-5|<-2|STRONG_POS|NEGATIVE|1.2-1.5|NO_G2|NO_EARLY|NO_PULL|NO_DRYUP|40-60,<4|20-40|4-6,WEAKENING,<45,2-5,<-2,STRONG_POS,1.2-1.5,NEGATIVE,NO_G2,NO_EARLY,NO_PULL,NO_DRYUP,40-60,<4,20-40,4-6,CTX[<4|20-40|4-6]::DNA[WEAKENING|<45|2-5|<-2|STRONG_POS|NEGATIVE|1.2-1.5|NO_G2|NO_EARLY|NO_PULL|NO_DRYUP|40-60],CTX[<4|20-40|4-6]::DNA[WEAKENING|<45|2-5|<-2|STRONG_POS|NEGATIVE|1.2-1.5|NO_G2|NO_EARLY|NO_PULL|NO_DRYUP|40-60],CTX[<4|20-40|4-6]::DNA[WEAKENING|<45|2-5|<-2|STRONG_POS|NEGATIVE|1.2-1.5|NO_G2|NO_EARLY|NO_PULL|NO_DRYUP|40-60],V4,2026-08-14T09:00:30Z
4451f9503906bd45,4451f9503906bd45,PENDING_OUTCOME,2026-08-14,2026-08-14T09:00:29Z,4.0.0,GEN3_EXPERIENCE,DECISION_CONTEXT_V1,PHR,58300.0,⚠️ YẾU DẦN,46.4,3.0,🟠 HẠN CHẾ / GIẢM,OBV xấu + Thiếu mẫu xác nhận,45.87,-1.26,-0.51,2.64,-3.1500000000000004,58564.7,57865.0,1.21,0.77,-0.451978751705373,0.7517497623779512,🔴,221975.0,337514.0,0.6576764223113708,-0.45,6.0,6.0,-5.36,False,False,False,MUA EARLY,,,,16703825.0,16794257.0,,False,,,54.5,-3.5,-1.7,3.0,5.0,5.6,5.6,7.6,1.0,29.0,🔴 Forecast rủi ro,WEAKENING|45-50|2-5|<-2|STRONG_POS|NEGATIVE|<0.7|NO_G2|NO_EARLY|NO_PULL|NO_DRYUP|40-60,<4|20-40|4-6,WEAKENING,45-50,2-5,<-2,STRONG_POS,<0.7,NEGATIVE,NO_G2,NO_EARLY,NO_PULL,NO_DRYUP,40-60,<4,20-40,4-6,CTX[<4|20-40|4-6]::DNA[WEAKENING|45-50|2-5|<-2|STRONG_POS|NEGATIVE|<0.7|NO_G2|NO_EARLY|NO_PULL|NO_DRYUP|40-60],CTX[<4|20-40|4-6]::DNA[WEAKENING|45-50|2-5|<-2|STRONG_POS|NEGATIVE|<0.7|NO_G2|NO_EARLY|NO_PULL|NO_DRYUP|40-60],CTX[<4|20-40|4-6]::DNA[WEAKENING|45-50|2-5|<-2|STRONG_POS|NEGATIVE|<0.7|NO_G2|NO_EARLY|NO_PULL|NO_DRYUP|40-60],V4,2026-08-14T09:00:30Z
9a9704b9635527ad,9a9704b9635527ad,PENDING_OUTCOME,2026-08-14,2026-08-14T09:00:29Z,4.0.0,GEN3_EXPERIENCE,DECISION_CONTEXT_V1,MBS,18400.0,⚠️ YẾU DẦN,45.9,3.0,🟠 HẠN CHẾ / GIẢM,OBV xấu + Thiếu mẫu xác nhận,43.94,-3.62,-0.54,2.22,-2.76,18550.23,18430.0,0.65,1.14,-0.8098551877793403,-0.1627780792186617,🔴,6299500.0,6310165.0,0.998309869868696,-0.81,5.75,5.75,-10.68,False,False,False,TÍCH LŨY,,,,-44852300.0,-40789053.0,,False,,,52.5,-3.0,-0.2,2.0,6.0,5.6,5.6,7.6,1.0,29.0,🔴 Forecast rủi ro,WEAKENING|<45|2-5|<-2|STRONG_POS|NEGATIVE|0.7-1.0|NO_G2|NO_EARLY|NO_PULL|NO_DRYUP|40-60,<4|20-40|4-6,WEAKENING,<45,2-5,<-2,STRONG_POS,0.7-1.0,NEGATIVE,NO_G2,NO_EARLY,NO_PULL,NO_DRYUP,40-60,<4,20-40,4-6,CTX[<4|20-40|4-6]::DNA[WEAKENING|<45|2-5|<-2|STRONG_POS|NEGATIVE|0.7-1.0|NO_G2|NO_EARLY|NO_PULL|NO_DRYUP|40-60],CTX[<4|20-40|4-6]::DNA[WEAKENING|<45|2-5|<-2|STRONG_POS|NEGATIVE|0.7-1.0|NO_G2|NO_EARLY|NO_PULL|NO_DRYUP|40-60],CTX[<4|20-40|4-6]::DNA[WEAKENING|<45|2-5|<-2|STRONG_POS|NEGATIVE|0.7-1.0|NO_G2|NO_EARLY|NO_PULL|NO_DRYUP|40-60],V4,2026-08-14T09:00:30Z
409371a2e8faf0c7,409371a2e8faf0c7,PENDING_OUTCOME,2026-08-14,2026-08-14T09:00:29Z,4.0.0,GEN3_EXPERIENCE,DECISION_CONTEXT_V1,VGI,82700.0,⚠️ YẾU DẦN,44.2,3.0,🟠 HẠN CHẾ / GIẢM,OBV xấu + RS yếu + Thiếu mẫu xác nhận,47.79,-10.61,-4.39,1.97,-6.359999999999999,84445.01,81250.0,3.93,-0.47,-2.0664453707803343,1.7846153846153845,🔴,440000.0,319440.0,1.3774104683195592,-2.07,10.86,10.86,-10.11,False,False,False,THEO DÕI,,,,-13748500.0,-13307785.0,,False,,,48.96,-18.0,-12.4,-1.0,7.0,5.6,5.6,7.6,1.0,29.0,🔴 Forecast rủi ro,WEAKENING|45-50|0-2|<-2|STRONG_POS|NEGATIVE|1.2-1.5|NO_G2|NO_EARLY|NO_PULL|NO_DRYUP|40-60,<4|20-40|4-6,WEAKENING,45-50,0-2,<-2,STRONG_POS,1.2-1.5,NEGATIVE,NO_G2,NO_EARLY,NO_PULL,NO_DRYUP,40-60,<4,20-40,4-6,CTX[<4|20-40|4-6]::DNA[WEAKENING|45-50|0-2|<-2|STRONG_POS|NEGATIVE|1.2-1.5|NO_G2|NO_EARLY|NO_PULL|NO_DRYUP|40-60],CTX[<4|20-40|4-6]::DNA[WEAKENING|45-50|0-2|<-2|STRONG_POS|NEGATIVE|1.2-1.5|NO_G2|NO_EARLY|NO_PULL|NO_DRYUP|40-60],CTX[<4|20-40|4-6]::DNA[WEAKENING|45-50|0-2|<-2|STRONG_POS|NEGATIVE|1.2-1.5|NO_G2|NO_EARLY|NO_PULL|NO_DRYUP|40-60],V4,2026-08-14T09:00:30Z
3cabf191e7f9407d,3cabf191e7f9407d,PENDING_OUTCOME,2026-08-14,2026-08-14T09:00:29Z,4.0.0,GEN3_EXPERIENCE,DECISION_CONTEXT_V1,BVS,26600.0,⚠️ YẾU DẦN,43.7,3.0,🟠 HẠN CHẾ / GIẢM,OBV xấu + Thiếu mẫu xác nhận,44.66,-2.53,-1.12,5.98,-7.1000000000000005,26922.99,26785.0,0.52,3.06,-1.1996810161129967,-0.6906850849355939,🔴,781500.0,1060600.0,0.7368470676975297,-1.2,9.47,9.47,-20.83,False,False,False,MUA EARLY,,,,3349600.0,4151946.0,,False,,,54.61,-2.0,5.3,3.0,5.0,5.6,5.6,7.6,1.0,29.0,🔴 Forecast rủi ro,WEAKENING|<45|5-10|<-2|STRONG_POS|NEGATIVE|0.7-1.0|NO_G2|NO_EARLY|NO_PULL|NO_DRYUP|40-60,<4|20-40|4-6,WEAKENING,<45,5-10,<-2,STRONG_POS,0.7-1.0,NEGATIVE,NO_G2,NO_EARLY,NO_PULL,NO_DRYUP,40-60,<4,20-40,4-6,CTX[<4|20-40|4-6]::DNA[WEAKENING|<45|5-10|<-2|STRONG_POS|NEGATIVE|0.7-1.0|NO_G2|NO_EARLY|NO_PULL|NO_DRYUP|40-60],CTX[<4|20-40|4-6]::DNA[WEAKENING|<45|5-10|<-2|STRONG_POS|NEGATIVE|0.7-1.0|NO_G2|NO_EARLY|NO_PULL|NO_DRYUP|40-60],CTX[<4|20-40|4-6]::DNA[WEAKENING|<45|5-10|<-2|STRONG_POS|NEGATIVE|0.7-1.0|NO_G2|NO_EARLY|NO_PULL|NO_DRYUP|40-60],V4,2026-08-14T09:00:30Z
1924e06dc63468e9,1924e06dc63468e9,PENDING_OUTCOME,2026-08-14,2026-08-14T09:00:29Z,4.0.0,GEN3_EXPERIENCE,DECISION_CONTEXT_V1,PC1,20500.0,⚠️ YẾU DẦN,43.5,3.0,🟠 HẠN CHẾ / GIẢM,OBV xấu + Thiếu mẫu xác nhận,42.51,-0.17,-0.73,-4.21,3.48,20767.14,20982.5,-1.03,0.25,-1.2863591231146887,-2.2995353270582664,🔴,1778000.0,1964640.0,0.9050004071992832,-1.29,0.0,10.22,-8.07,False,False,False,THEO DÕI,,,,122589300.0,124449787.0,,False,,,48.02,1.0,1.5,1.0,7.0,5.6,5.6,7.6,1.0,29.0,🔴 Forecast rủi ro,WEAKENING|<45|<-2|2-5|STRONG_NEG|NEGATIVE|0.7-1.0|NO_G2|NO_EARLY|NO_PULL|NO_DRYUP|40-60,<4|20-40|4-6,WEAKENING,<45,<-2,2-5,STRONG_NEG,0.7-1.0,NEGATIVE,NO_G2,NO_EARLY,NO_PULL,NO_DRYUP,40-60,<4,20-40,4-6,CTX[<4|20-40|4-6]::DNA[WEAKENING|<45|<-2|2-5|STRONG_NEG|NEGATIVE|0.7-1.0|NO_G2|NO_EARLY|NO_PULL|NO_DRYUP|40-60],CTX[<4|20-40|4-6]::DNA[WEAKENING|<45|<-2|2-5|STRONG_NEG|NEGATIVE|0.7-1.0|NO_G2|NO_EARLY|NO_PULL|NO_DRYUP|40-60],CTX[<4|20-40|4-6]::DNA[WEAKENING|<45|<-2|2-5|STRONG_NEG|NEGATIVE|0.7-1.0|NO_G2|NO_EARLY|NO_PULL|NO_DRYUP|40-60],V4,2026-08-14T09:00:30Z
ad60f34b2c4ddae9,ad60f34b2c4ddae9,PENDING_OUTCOME,2026-08-14,2026-08-14T09:00:29Z,4.0.0,GEN3_EXPERIENCE,DECISION_CONTEXT_V1,DPM,21550.0,⚠️ YẾU DẦN,43.3,3.0,🟠 HẠN CHẾ / GIẢM,OBV xấu + Thiếu mẫu xác nhận,45.6,-11.09,-1.37,-2.27,0.8999999999999999,21934.05,21672.5,1.21,-0.18,-1.750930630686076,-0.565232437420693,🔴,2185200.0,2850120.0,0.7667045598080081,-1.75,4.36,4.36,-5.9,False,False,False,TÍCH LŨY,,,,77084100.0,78103638.0,,False,,,52.56,-9.5,-6.7,2.0,6.0,5.6,5.6,7.6,1.0,29.0,🔴 Forecast rủi ro,WEAKENING|45-50|<-2|0-2|STRONG_POS|NEGATIVE|0.7-1.0|NO_G2|NO_EARLY|NO_PULL|NO_DRYUP|40-60,<4|20-40|4-6,WEAKENING,45-50,<-2,0-2,STRONG_POS,0.7-1.0,NEGATIVE,NO_G2,NO_EARLY,NO_PULL,NO_DRYUP,40-60,<4,20-40,4-6,CTX[<4|20-40|4-6]::DNA[WEAKENING|45-50|<-2|0-2|STRONG_POS|NEGATIVE|0.7-1.0|NO_G2|NO_EARLY|NO_PULL|NO_DRYUP|40-60],CTX[<4|20-40|4-6]::DNA[WEAKENING|45-50|<-2|0-2|STRONG_POS|NEGATIVE|0.7-1.0|NO_G2|NO_EARLY|NO_PULL|NO_DRYUP|40-60],CTX[<4|20-40|4-6]::DNA[WEAKENING|45-50|<-2|0-2|STRONG_POS|NEGATIVE|0.7-1.0|NO_G2|NO_EARLY|NO_PULL|NO_DRYUP|40-60],V4,2026-08-14T09:00:30Z
81264ed3c8d5d3fa,81264ed3c8d5d3fa,PENDING_OUTCOME,2026-08-14,2026-08-14T09:00:29Z,4.0.0,GEN3_EXPERIENCE,DECISION_CONTEXT_V1,NKG,10800.0,⚠️ YẾU DẦN,43.2,3.0,🟠 HẠN CHẾ / GIẢM,OBV xấu + RSI yếu + Thiếu mẫu xác nhận,39.6,-9.69,-2.26,-1.37,-0.8899999999999997,11032.85,10870.0,1.5,0.27,-2.1105154153278627,-0.6439742410303539,🔴,2027200.0,2014170.0,1.0064691659591791,-2.11,3.85,3.85,-6.49,False,False,False,THEO DÕI,,,,275757500.0,277195567.0,,False,,,47.56,-10.5,-0.0,1.0,7.0,5.6,5.6,7.6,1.0,29.0,🔴 Forecast rủi ro,WEAKENING|<45|-2-0|-2-0|STRONG_POS|NEGATIVE|1.0-1.2|NO_G2|NO_EARLY|NO_PULL|NO_DRYUP|40-60,<4|20-40|4-6,WEAKENING,<45,-2-0,-2-0,STRONG_POS,1.0-1.2,NEGATIVE,NO_G2,NO_EARLY,NO_PULL,NO_DRYUP,40-60,<4,20-40,4-6,CTX[<4|20-40|4-6]::DNA[WEAKENING|<45|-2-0|-2-0|STRONG_POS|NEGATIVE|1.0-1.2|NO_G2|NO_EARLY|NO_PULL|NO_DRYUP|40-60],CTX[<4|20-40|4-6]::DNA[WEAKENING|<45|-2-0|-2-0|STRONG_POS|NEGATIVE|1.0-1.2|NO_G2|NO_EARLY|NO_PULL|NO_DRYUP|40-60],CTX[<4|20-40|4-6]::DNA[WEAKENING|<45|-2-0|-2-0|STRONG_POS|NEGATIVE|1.0-1.2|NO_G2|NO_EARLY|NO_PULL|NO_DRYUP|40-60],V4,2026-08-14T09:00:30Z
2a7b6c0ac8313606,2a7b6c0ac8313606,PENDING_OUTCOME,2026-08-14,2026-08-14T09:00:29Z,4.0.0,GEN3_EXPERIENCE,DECISION_CONTEXT_V1,KDH,17700.0,⚠️ YẾU DẦN,43.0,3.0,🟠 HẠN CHẾ / GIẢM,OBV xấu + RSI yếu + Thiếu mẫu xác nhận,37.53,-5.51,-1.39,1.43,-2.82,17899.35,17710.0,1.07,0.6,-1.11372759346009,-0.0564652738565762,🔴,6142350.0,5510208.0,1.1147219850865884,-1.11,7.93,7.93,-7.33,False,False,False,THEO DÕI,,,,-22991750.0,-17077784.0,,False,,,47.37,-6.0,-6.3,1.0,7.0,5.6,5.6,7.6,1.0,29.0,🔴 Forecast rủi ro,WEAKENING|<45|0-2|<-2|STRONG_POS|NEGATIVE|1.0-1.2|NO_G2|NO_EARLY|NO_PULL|NO_DRYUP|40-60,<4|20-40|4-6,WEAKENING,<45,0-2,<-2,STRONG_POS,1.0-1.2,NEGATIVE,NO_G2,NO_EARLY,NO_PULL,NO_DRYUP,40-60,<4,20-40,4-6,CTX[<4|20-40|4-6]::DNA[WEAKENING|<45|0-2|<-2|STRONG_POS|NEGATIVE|1.0-1.2|NO_G2|NO_EARLY|NO_PULL|NO_DRYUP|40-60],CTX[<4|20-40|4-6]::DNA[WEAKENING|<45|0-2|<-2|STRONG_POS|NEGATIVE|1.0-1.2|NO_G2|NO_EARLY|NO_PULL|NO_DRYUP|40-60],CTX[<4|20-40|4-6]::DNA[WEAKENING|<45|0-2|<-2|STRONG_POS|NEGATIVE|1.0-1.2|NO_G2|NO_EARLY|NO_PULL|NO_DRYUP|40-60],V4,2026-08-14T09:00:30Z
0c939be73556e76f,0c939be73556e76f,PENDING_OUTCOME,2026-08-14,2026-08-14T09:00:29Z,4.0.0,GEN3_EXPERIENCE,DECISION_CONTEXT_V1,BMP,147200.0,⚠️ YẾU DẦN,42.8,3.0,🟠 HẠN CHẾ / GIẢM,OBV xấu + Thiếu mẫu xác nhận,44.92,-4.56,-1.08,-3.98,2.9,148768.8,149795.0,-0.69,0.06,-1.0545221847591657,-1.732367569010984,🔴,121500.0,125230.0,0.970214804759243,-1.05,0.0,11.6,-5.64,False,False,False,THEO DÕI,,,,2000500.0,2088431.0,,False,,,48.34,-1.5,-4.0,0.0,7.0,5.6,5.6,7.6,1.0,29.0,🔴 Forecast rủi ro,WEAKENING|<45|<-2|2-5|STRONG_NEG|NEGATIVE|0.7-1.0|NO_G2|NO_EARLY|NO_PULL|NO_DRYUP|40-60,<4|20-40|4-6,WEAKENING,<45,<-2,2-5,STRONG_NEG,0.7-1.0,NEGATIVE,NO_G2,NO_EARLY,NO_PULL,NO_DRYUP,40-60,<4,20-40,4-6,CTX[<4|20-40|4-6]::DNA[WEAKENING|<45|<-2|2-5|STRONG_NEG|NEGATIVE|0.7-1.0|NO_G2|NO_EARLY|NO_PULL|NO_DRYUP|40-60],CTX[<4|20-40|4-6]::DNA[WEAKENING|<45|<-2|2-5|STRONG_NEG|NEGATIVE|0.7-1.0|NO_G2|NO_EARLY|NO_PULL|NO_DRYUP|40-60],CTX[<4|20-40|4-6]::DNA[WEAKENING|<45|<-2|2-5|STRONG_NEG|NEGATIVE|0.7-1.0|NO_G2|NO_EARLY|NO_PULL|NO_DRYUP|40-60],V4,2026-08-14T09:00:30Z
89a061cbedac25c9,89a061cbedac25c9,PENDING_OUTCOME,2026-08-14,2026-08-14T09:00:29Z,4.0.0,GEN3_EXPERIENCE,DECISION_CONTEXT_V1,NVL,13250.0,⚠️ YẾU DẦN,42.8,3.0,🟠 HẠN CHẾ / GIẢM,OBV xấu + RS yếu + Thiếu mẫu xác nhận,51.32,-6.39,-4.68,1.92,-6.6,13446.4,13175.0,2.06,-1.7,-1.4606139933365014,0.5692599620493288,🔴,17960921.0,18427666.0,0.9746715075039888,-1.46,6.43,11.81,-7.02,False,False,False,THEO DÕI,,,,614797583.0,635046326.0,,False,,,49.57,-12.0,-11.1,1.0,7.0,5.6,5.6,7.6,1.0,29.0,🔴 Forecast rủi ro,WEAKENING|50-55|0-2|<-2|STRONG_POS|NEGATIVE|0.7-1.0|NO_G2|NO_EARLY|NO_PULL|NO_DRYUP|40-60,<4|20-40|4-6,WEAKENING,50-55,0-2,<-2,STRONG_POS,0.7-1.0,NEGATIVE,NO_G2,NO_EARLY,NO_PULL,NO_DRYUP,40-60,<4,20-40,4-6,CTX[<4|20-40|4-6]::DNA[WEAKENING|50-55|0-2|<-2|STRONG_POS|NEGATIVE|0.7-1.0|NO_G2|NO_EARLY|NO_PULL|NO_DRYUP|40-60],CTX[<4|20-40|4-6]::DNA[WEAKENING|50-55|0-2|<-2|STRONG_POS|NEGATIVE|0.7-1.0|NO_G2|NO_EARLY|NO_PULL|NO_DRYUP|40-60],CTX[<4|20-40|4-6]::DNA[WEAKENING|50-55|0-2|<-2|STRONG_POS|NEGATIVE|0.7-1.0|NO_G2|NO_EARLY|NO_PULL|NO_DRYUP|40-60],V4,2026-08-14T09:00:30Z
11a95ce429d33b8d,11a95ce429d33b8d,PENDING_OUTCOME,2026-08-14,2026-08-14T09:00:29Z,4.0.0,GEN3_EXPERIENCE,DECISION_CONTEXT_V1,DPR,35950.0,⚠️ YẾU DẦN,42.6,3.0,🟠 HẠN CHẾ / GIẢM,OBV xấu + Thiếu mẫu xác nhận + RSI yếu,40.8,-3.7,-0.28,-0.14,-0.14,36173.94,35987.5,0.52,0.6,-0.6190644425240976,-0.1042028482111878,🔴,119395.0,191910.0,0.6221405867333646,-0.62,2.42,2.42,-4.89,False,False,False,TÍCH LŨY,,,,24746805.0,24851014.0,,False,,,51.81,-2.0,-3.7,2.0,6.0,5.6,5.6,7.6,1.0,29.0,🔴 Forecast rủi ro,WEAKENING|<45|-2-0|-2-0|STRONG_POS|NEGATIVE|<0.7|NO_G2|NO_EARLY|NO_PULL|NO_DRYUP|40-60,<4|20-40|4-6,WEAKENING,<45,-2-0,-2-0,STRONG_POS,<0.7,NEGATIVE,NO_G2,NO_EARLY,NO_PULL,NO_DRYUP,40-60,<4,20-40,4-6,CTX[<4|20-40|4-6]::DNA[WEAKENING|<45|-2-0|-2-0|STRONG_POS|NEGATIVE|<0.7|NO_G2|NO_EARLY|NO_PULL|NO_DRYUP|40-60],CTX[<4|20-40|4-6]::DNA[WEAKENING|<45|-2-0|-2-0|STRONG_POS|NEGATIVE|<0.7|NO_G2|NO_EARLY|NO_PULL|NO_DRYUP|40-60],CTX[<4|20-40|4-6]::DNA[WEAKENING|<45|-2-0|-2-0|STRONG_POS|NEGATIVE|<0.7|NO_G2|NO_EARLY|NO_PULL|NO_DRYUP|40-60],V4,2026-08-14T09:00:30Z
c072536ba5cc4f3a,c072536ba5cc4f3a,PENDING_OUTCOME,2026-08-14,2026-08-14T09:00:29Z,4.0.0,GEN3_EXPERIENCE,DECISION_CONTEXT_V1,TCX,39150.0,⚠️ YẾU DẦN,42.6,3.0,🟠 HẠN CHẾ / GIẢM,OBV xấu + RSI yếu + Thiếu mẫu xác nhận,41.3,-8.37,-0.38,-4.51,4.13,39947.36,40010.0,-0.16,0.81,-1.996026771230941,-2.1494626343414147,🔴,1951129.0,1660441.0,1.1750667443167206,-2.0,4.4,4.4,-10.0,False,False,False,THEO DÕI,,,,15930371.0,18785184.0,,False,,,47.77,-6.0,-0.1,0.0,7.0,5.6,5.6,7.6,1.0,29.0,🔴 Forecast rủi ro,WEAKENING|<45|<-2|2-5|NEG|NEGATIVE|1.0-1.2|NO_G2|NO_EARLY|NO_PULL|NO_DRYUP|40-60,<4|20-40|4-6,WEAKENING,<45,<-2,2-5,NEG,1.0-1.2,NEGATIVE,NO_G2,NO_EARLY,NO_PULL,NO_DRYUP,40-60,<4,20-40,4-6,CTX[<4|20-40|4-6]::DNA[WEAKENING|<45|<-2|2-5|NEG|NEGATIVE|1.0-1.2|NO_G2|NO_EARLY|NO_PULL|NO_DRYUP|40-60],CTX[<4|20-40|4-6]::DNA[WEAKENING|<45|<-2|2-5|NEG|NEGATIVE|1.0-1.2|NO_G2|NO_EARLY|NO_PULL|NO_DRYUP|40-60],CTX[<4|20-40|4-6]::DNA[WEAKENING|<45|<-2|2-5|NEG|NEGATIVE|1.0-1.2|NO_G2|NO_EARLY|NO_PULL|NO_DRYUP|40-60],V4,2026-08-14T09:00:30Z
f4d8ce3151a7f7a8,f4d8ce3151a7f7a8,PENDING_OUTCOME,2026-08-14,2026-08-14T09:00:29Z,4.0.0,GEN3_EXPERIENCE,DECISION_CONTEXT_V1,FPT,68300.0,⚠️ YẾU DẦN,42.3,3.0,🟠 HẠN CHẾ / GIẢM,OBV xấu + Thiếu mẫu xác nhận + RS yếu,46.45,-11.34,-3.53,1.79,-5.32,69637.02,67739.9,2.8,-1.04,-1.9199845139840848,0.8268391302614919,🔴,9557497.0,6919525.0,1.3812359952453384,-1.92,9.81,9.81,-6.82,False,False,False,THEO DÕI,,,,-434203797.0,-421678286.0,,False,,,48.73,-13.5,6.2,-1.0,7.0,5.6,5.6,7.6,1.0,29.0,🔴 Forecast rủi ro,WEAKENING|45-50|0-2|<-2|STRONG_POS|NEGATIVE|1.2-1.5|NO_G2|NO_EARLY|NO_PULL|NO_DRYUP|40-60,<4|20-40|4-6,WEAKENING,45-50,0-2,<-2,STRONG_POS,1.2-1.5,NEGATIVE,NO_G2,NO_EARLY,NO_PULL,NO_DRYUP,40-60,<4,20-40,4-6,CTX[<4|20-40|4-6]::DNA[WEAKENING|45-50|0-2|<-2|STRONG_POS|NEGATIVE|1.2-1.5|NO_G2|NO_EARLY|NO_PULL|NO_DRYUP|40-60],CTX[<4|20-40|4-6]::DNA[WEAKENING|45-50|0-2|<-2|STRONG_POS|NEGATIVE|1.2-1.5|NO_G2|NO_EARLY|NO_PULL|NO_DRYUP|40-60],CTX[<4|20-40|4-6]::DNA[WEAKENING|45-50|0-2|<-2|STRONG_POS|NEGATIVE|1.2-1.5|NO_G2|NO_EARLY|NO_PULL|NO_DRYUP|40-60],V4,2026-08-14T09:00:30Z
fac3aafe03c69396,fac3aafe03c69396,PENDING_OUTCOME,2026-08-14,2026-08-14T09:00:29Z,4.0.0,GEN3_EXPERIENCE,DECISION_CONTEXT_V1,DCM,30500.0,⚠️ YẾU DẦN,42.2,3.0,🟠 HẠN CHẾ / GIẢM,OBV xấu + Thiếu mẫu xác nhận + RSI yếu,41.85,-6.68,-3.48,-0.65,-2.83,31029.52,30595.0,1.42,0.08,-1.7065040000618814,-0.3105082529825109,🔴,2480900.0,2151400.0,1.1531560844101516,-1.71,5.54,5.54,-5.86,False,False,False,THEO DÕI,,,,60118200.0,63801722.0,,False,,,47.92,-7.5,-6.3,1.0,7.0,5.6,5.6,7.6,1.0,29.0,🔴 Forecast rủi ro,WEAKENING|<45|-2-0|<-2|STRONG_POS|NEGATIVE|1.0-1.2|NO_G2|NO_EARLY|NO_PULL|NO_DRYUP|40-60,<4|20-40|4-6,WEAKENING,<45,-2-0,<-2,STRONG_POS,1.0-1.2,NEGATIVE,NO_G2,NO_EARLY,NO_PULL,NO_DRYUP,40-60,<4,20-40,4-6,CTX[<4|20-40|4-6]::DNA[WEAKENING|<45|-2-0|<-2|STRONG_POS|NEGATIVE|1.0-1.2|NO_G2|NO_EARLY|NO_PULL|NO_DRYUP|40-60],CTX[<4|20-40|4-6]::DNA[WEAKENING|<45|-2-0|<-2|STRONG_POS|NEGATIVE|1.0-1.2|NO_G2|NO_EARLY|NO_PULL|NO_DRYUP|40-60],CTX[<4|20-40|4-6]::DNA[WEAKENING|<45|-2-0|<-2|STRONG_POS|NEGATIVE|1.0-1.2|NO_G2|NO_EARLY|NO_PULL|NO_DRYUP|40-60],V4,2026-08-14T09:00:30Z
7c3220ba54a45620,7c3220ba54a45620,PENDING_OUTCOME,2026-08-14,2026-08-14T09:00:29Z,4.0.0,GEN3_EXPERIENCE,DECISION_CONTEXT_V1,BSI,28100.0,⚠️ YẾU DẦN,42.1,3.0,🟠 HẠN CHẾ / GIẢM,OBV xấu + RSI yếu + Thiếu mẫu xác nhận,40.22,-6.98,-0.18,1.81,-1.99,28508.51,28290.0,0.77,1.61,-1.4329405500322467,-0.6716154118062923,🔴,315000.0,460765.0,0.6836456762123859,-1.43,7.05,7.05,-14.2,False,False,False,TÍCH LŨY,,,,22200000.0,22382602.0,,False,,,51.89,-5.0,-0.8,2.0,6.0,5.6,5.6,7.6,1.0,29.0,🔴 Forecast rủi ro,WEAKENING|<45|0-2|-2-0|STRONG_POS|NEGATIVE|<0.7|NO_G2|NO_EARLY|NO_PULL|NO_DRYUP|40-60,<4|20-40|4-6,WEAKENING,<45,0-2,-2-0,STRONG_POS,<0.7,NEGATIVE,NO_G2,NO_EARLY,NO_PULL,NO_DRYUP,40-60,<4,20-40,4-6,CTX[<4|20-40|4-6]::DNA[WEAKENING|<45|0-2|-2-0|STRONG_POS|NEGATIVE|<0.7|NO_G2|NO_EARLY|NO_PULL|NO_DRYUP|40-60],CTX[<4|20-40|4-6]::DNA[WEAKENING|<45|0-2|-2-0|STRONG_POS|NEGATIVE|<0.7|NO_G2|NO_EARLY|NO_PULL|NO_DRYUP|40-60],CTX[<4|20-40|4-6]::DNA[WEAKENING|<45|0-2|-2-0|STRONG_POS|NEGATIVE|<0.7|NO_G2|NO_EARLY|NO_PULL|NO_DRYUP|40-60],V4,2026-08-14T09:00:30Z
e3cf20b9950febab,e3cf20b9950febab,PENDING_OUTCOME,2026-08-14,2026-08-14T09:00:29Z,4.0.0,GEN3_EXPERIENCE,DECISION_CONTEXT_V1,SIP,50000.0,⚠️ YẾU DẦN,42.1,3.0,🟠 HẠN CHẾ / GIẢM,OBV xấu + Vol chưa xác nhận + Thiếu mẫu xác nhận,52.71,-9.33,-1.77,3.95,-5.720000000000001,50338.35,48897.5,2.95,-0.21,-0.6721515504580444,2.2547164987985147,🔴,251979.0,103224.0,2.4410892815624274,-0.67,7.3,7.3,-3.29,False,False,False,THEO DÕI,,,,234321.0,432839.0,,False,,,49.91,-11.0,-12.8,0.0,7.0,5.6,5.6,7.6,1.0,29.0,🔴 Forecast rủi ro,WEAKENING|50-55|2-5|<-2|STRONG_POS|NEGATIVE|>=1.5|NO_G2|NO_EARLY|NO_PULL|NO_DRYUP|40-60,<4|20-40|4-6,WEAKENING,50-55,2-5,<-2,STRONG_POS,>=1.5,NEGATIVE,NO_G2,NO_EARLY,NO_PULL,NO_DRYUP,40-60,<4,20-40,4-6,CTX[<4|20-40|4-6]::DNA[WEAKENING|50-55|2-5|<-2|STRONG_POS|NEGATIVE|>=1.5|NO_G2|NO_EARLY|NO_PULL|NO_DRYUP|40-60],CTX[<4|20-40|4-6]::DNA[WEAKENING|50-55|2-5|<-2|STRONG_POS|NEGATIVE|>=1.5|NO_G2|NO_EARLY|NO_PULL|NO_DRYUP|40-60],CTX[<4|20-40|4-6]::DNA[WEAKENING|50-55|2-5|<-2|STRONG_POS|NEGATIVE|>=1.5|NO_G2|NO_EARLY|NO_PULL|NO_DRYUP|40-60],V4,2026-08-14T09:00:30Z
2a40ac8502b98818,2a40ac8502b98818,PENDING_OUTCOME,2026-08-14,2026-08-14T09:00:29Z,4.0.0,GEN3_EXPERIENCE,DECISION_CONTEXT_V1,VRE,23950.0,⚠️ YẾU DẦN,42.1,3.0,🟠 HẠN CHẾ / GIẢM,OBV xấu + Thiếu mẫu xác nhận + RSI yếu,42.33,-9.29,-4.01,-3.43,-0.5799999999999996,24824.36,23987.5,3.49,-0.98,-3.522185466211414,-0.1563314226159406,🔴,8624500.0,6614035.0,1.3039695133152456,-3.52,12.44,12.44,-10.63,False,False,False,THEO DÕI,,,,421463400.0,432028869.0,,False,,,47.93,-12.0,-0.0,-1.0,7.0,5.6,5.6,7.6,1.0,29.0,🔴 Forecast rủi ro,WEAKENING|<45|<-2|-2-0|STRONG_POS|NEGATIVE|1.2-1.5|NO_G2|NO_EARLY|NO_PULL|NO_DRYUP|40-60,<4|20-40|4-6,WEAKENING,<45,<-2,-2-0,STRONG_POS,1.2-1.5,NEGATIVE,NO_G2,NO_EARLY,NO_PULL,NO_DRYUP,40-60,<4,20-40,4-6,CTX[<4|20-40|4-6]::DNA[WEAKENING|<45|<-2|-2-0|STRONG_POS|NEGATIVE|1.2-1.5|NO_G2|NO_EARLY|NO_PULL|NO_DRYUP|40-60],CTX[<4|20-40|4-6]::DNA[WEAKENING|<45|<-2|-2-0|STRONG_POS|NEGATIVE|1.2-1.5|NO_G2|NO_EARLY|NO_PULL|NO_DRYUP|40-60],CTX[<4|20-40|4-6]::DNA[WEAKENING|<45|<-2|-2-0|STRONG_POS|NEGATIVE|1.2-1.5|NO_G2|NO_EARLY|NO_PULL|NO_DRYUP|40-60],V4,2026-08-14T09:00:30Z
6363018274b68c5e,6363018274b68c5e,PENDING_OUTCOME,2026-08-14,2026-08-14T09:00:29Z,4.0.0,GEN3_EXPERIENCE,DECISION_CONTEXT_V1,LPB,52400.0,⚠️ YẾU DẦN,41.8,3.0,🟠 HẠN CHẾ / GIẢM,OBV xấu + Thiếu mẫu xác nhận,48.43,-6.32,-0.95,1.16,-2.11,53071.1,53170.0,-0.19,-0.06,-1.2645300361213474,-1.4481850667669716,🔴,4371400.0,3286585.0,1.330073617447898,-1.26,1.16,15.16,-6.43,False,False,False,THEO DÕI,,,,166854200.0,168981890.0,,False,,,48.99,-0.5,-9.8,-2.0,7.0,5.6,5.6,7.6,1.0,29.0,🔴 Forecast rủi ro,WEAKENING|45-50|0-2|<-2|NEG|NEGATIVE|1.2-1.5|NO_G2|NO_EARLY|NO_PULL|NO_DRYUP|40-60,<4|20-40|4-6,WEAKENING,45-50,0-2,<-2,NEG,1.2-1.5,NEGATIVE,NO_G2,NO_EARLY,NO_PULL,NO_DRYUP,40-60,<4,20-40,4-6,CTX[<4|20-40|4-6]::DNA[WEAKENING|45-50|0-2|<-2|NEG|NEGATIVE|1.2-1.5|NO_G2|NO_EARLY|NO_PULL|NO_DRYUP|40-60],CTX[<4|20-40|4-6]::DNA[WEAKENING|45-50|0-2|<-2|NEG|NEGATIVE|1.2-1.5|NO_G2|NO_EARLY|NO_PULL|NO_DRYUP|40-60],CTX[<4|20-40|4-6]::DNA[WEAKENING|45-50|0-2|<-2|NEG|NEGATIVE|1.2-1.5|NO_G2|NO_EARLY|NO_PULL|NO_DRYUP|40-60],V4,2026-08-14T09:00:30Z
375d2b514d442f7f,375d2b514d442f7f,PENDING_OUTCOME,2026-08-14,2026-08-14T09:00:29Z,4.0.0,GEN3_EXPERIENCE,DECISION_CONTEXT_V1,HSG,10550.0,⚠️ YẾU DẦN,41.5,3.0,🟠 HẠN CHẾ / GIẢM,OBV xấu + RSI yếu + Thiếu mẫu xác nhận,39.46,-8.16,-1.86,-1.4,-0.4600000000000002,10755.72,10672.5,0.78,0.55,-1.912656707314797,-1.14780979152026,🔴,1919600.0,2191310.0,0.8760056769694841,-1.91,4.98,4.98,-8.66,False,False,False,THEO DÕI,,,,46666200.0,49642481.0,,False,,,47.54,-1.5,-3.7,1.0,7.0,5.6,5.6,7.6,1.0,29.0,🔴 Forecast rủi ro,WEAKENING|<45|-2-0|-2-0|STRONG_POS|NEGATIVE|0.7-1.0|NO_G2|NO_EARLY|NO_PULL|NO_DRYUP|40-60,<4|20-40|4-6,WEAKENING,<45,-2-0,-2-0,STRONG_POS,0.7-1.0,NEGATIVE,NO_G2,NO_EARLY,NO_PULL,NO_DRYUP,40-60,<4,20-40,4-6,CTX[<4|20-40|4-6]::DNA[WEAKENING|<45|-2-0|-2-0|STRONG_POS|NEGATIVE|0.7-1.0|NO_G2|NO_EARLY|NO_PULL|NO_DRYUP|40-60],CTX[<4|20-40|4-6]::DNA[WEAKENING|<45|-2-0|-2-0|STRONG_POS|NEGATIVE|0.7-1.0|NO_G2|NO_EARLY|NO_PULL|NO_DRYUP|40-60],CTX[<4|20-40|4-6]::DNA[WEAKENING|<45|-2-0|-2-0|STRONG_POS|NEGATIVE|0.7-1.0|NO_G2|NO_EARLY|NO_PULL|NO_DRYUP|40-60],V4,2026-08-14T09:00:30Z
0acd536b0e1d2cf1,0acd536b0e1d2cf1,PENDING_OUTCOME,2026-08-14,2026-08-14T09:00:29Z,4.0.0,GEN3_EXPERIENCE,DECISION_CONTEXT_V1,DBC,16250.0,⚠️ YẾU DẦN,41.5,3.0,🟠 HẠN CHẾ / GIẢM,OBV xấu + RSI yếu + Thiếu mẫu xác nhận,37.77,-7.58,-2.4,-0.31,-2.09,16540.28,16374.95,1.01,0.46,-1.7549884282490935,-0.7630557650557757,🔴,2262166.0,1989263.0,1.137187993744417,-1.75,3.5,3.5,-8.45,False,False,False,THEO DÕI,,,,5490734.0,7121783.0,,False,,,47.28,-9.0,-6.3,1.0,7.0,5.6,5.6,7.6,1.0,29.0,🔴 Forecast rủi ro,WEAKENING|<45|-2-0|<-2|STRONG_POS|NEGATIVE|1.0-1.2|NO_G2|NO_EARLY|NO_PULL|NO_DRYUP|40-60,<4|20-40|4-6,WEAKENING,<45,-2-0,<-2,STRONG_POS,1.0-1.2,NEGATIVE,NO_G2,NO_EARLY,NO_PULL,NO_DRYUP,40-60,<4,20-40,4-6,CTX[<4|20-40|4-6]::DNA[WEAKENING|<45|-2-0|<-2|STRONG_POS|NEGATIVE|1.0-1.2|NO_G2|NO_EARLY|NO_PULL|NO_DRYUP|40-60],CTX[<4|20-40|4-6]::DNA[WEAKENING|<45|-2-0|<-2|STRONG_POS|NEGATIVE|1.0-1.2|NO_G2|NO_EARLY|NO_PULL|NO_DRYUP|40-60],CTX[<4|20-40|4-6]::DNA[WEAKENING|<45|-2-0|<-2|STRONG_POS|NEGATIVE|1.0-1.2|NO_G2|NO_EARLY|NO_PULL|NO_DRYUP|40-60],V4,2026-08-14T09:00:30Z
8347f26df563cd00,8347f26df563cd00,PENDING_OUTCOME,2026-08-14,2026-08-14T09:00:29Z,4.0.0,GEN3_EXPERIENCE,DECISION_CONTEXT_V1,MSH,30500.0,⚠️ YẾU DẦN,41.2,3.0,🟠 HẠN CHẾ / GIẢM,OBV xấu + RSI yếu + Thiếu mẫu xác nhận,38.32,-13.63,-1.13,0.33,-1.46,31042.22,30885.0,0.51,0.02,-1.746717857163571,-1.2465598186822135,🔴,125530.0,105646.0,1.1882134676182723,-1.75,0.66,0.66,-4.69,False,False,False,THEO DÕI,,,,12073670.0,12266225.0,,False,,,47.4,-4.5,-6.3,1.0,7.0,5.6,5.6,7.6,1.0,29.0,🔴 Forecast rủi ro,WEAKENING|<45|0-2|-2-0|STRONG_POS|NEGATIVE|1.0-1.2|NO_G2|NO_EARLY|NO_PULL|NO_DRYUP|40-60,<4|20-40|4-6,WEAKENING,<45,0-2,-2-0,STRONG_POS,1.0-1.2,NEGATIVE,NO_G2,NO_EARLY,NO_PULL,NO_DRYUP,40-60,<4,20-40,4-6,CTX[<4|20-40|4-6]::DNA[WEAKENING|<45|0-2|-2-0|STRONG_POS|NEGATIVE|1.0-1.2|NO_G2|NO_EARLY|NO_PULL|NO_DRYUP|40-60],CTX[<4|20-40|4-6]::DNA[WEAKENING|<45|0-2|-2-0|STRONG_POS|NEGATIVE|1.0-1.2|NO_G2|NO_EARLY|NO_PULL|NO_DRYUP|40-60],CTX[<4|20-40|4-6]::DNA[WEAKENING|<45|0-2|-2-0|STRONG_POS|NEGATIVE|1.0-1.2|NO_G2|NO_EARLY|NO_PULL|NO_DRYUP|40-60],V4,2026-08-14T09:00:30Z
2983153126d45337,2983153126d45337,PENDING_OUTCOME,2026-08-14,2026-08-14T09:00:29Z,4.0.0,GEN3_EXPERIENCE,DECISION_CONTEXT_V1,HPG,21250.0,⚠️ YẾU DẦN,41.2,3.0,🟠 HẠN CHẾ / GIẢM,OBV xấu + RSI yếu + Thiếu mẫu xác nhận,39.43,-10.28,-3.41,-2.07,-1.3400000000000003,21776.59,21497.5,1.3,-0.36,-2.4181471938444,-1.151296662402601,🔴,27443600.0,26907765.0,1.019913768386189,-2.42,4.42,4.42,-6.18,False,False,False,THEO DÕI,,,,318205424.0,349234706.0,,False,,,47.54,-9.0,-6.3,1.0,7.0,5.6,5.6,7.6,1.0,29.0,🔴 Forecast rủi ro,WEAKENING|<45|<-2|-2-0|STRONG_POS|NEGATIVE|1.0-1.2|NO_G2|NO_EARLY|NO_PULL|NO_DRYUP|40-60,<4|20-40|4-6,WEAKENING,<45,<-2,-2-0,STRONG_POS,1.0-1.2,NEGATIVE,NO_G2,NO_EARLY,NO_PULL,NO_DRYUP,40-60,<4,20-40,4-6,CTX[<4|20-40|4-6]::DNA[WEAKENING|<45|<-2|-2-0|STRONG_POS|NEGATIVE|1.0-1.2|NO_G2|NO_EARLY|NO_PULL|NO_DRYUP|40-60],CTX[<4|20-40|4-6]::DNA[WEAKENING|<45|<-2|-2-0|STRONG_POS|NEGATIVE|1.0-1.2|NO_G2|NO_EARLY|NO_PULL|NO_DRYUP|40-60],CTX[<4|20-40|4-6]::DNA[WEAKENING|<45|<-2|-2-0|STRONG_POS|NEGATIVE|1.0-1.2|NO_G2|NO_EARLY|NO_PULL|NO_DRYUP|40-60],V4,2026-08-14T09:00:30Z
6c20419d0e2e9540,6c20419d0e2e9540,PENDING_OUTCOME,2026-08-14,2026-08-14T09:00:29Z,4.0.0,GEN3_EXPERIENCE,DECISION_CONTEXT_V1,CSV,21450.0,⚠️ YẾU DẦN,40.5,3.0,🟠 HẠN CHẾ / GIẢM,OBV xấu + Thiếu mẫu xác nhận + RSI yếu,42.82,-8.11,-2.5,1.18,-3.68,21876.61,21652.5,1.04,1.03,-1.9500736174388968,-0.9352268791132712,🔴,269800.0,386625.0,0.6978338182993857,-1.95,7.25,7.25,-14.54,False,False,False,TÍCH LŨY,,,,-3822100.0,-3469478.0,,False,,,52.23,-2.0,-0.8,2.0,6.0,5.6,5.6,7.6,1.0,29.0,🔴 Forecast rủi ro,WEAKENING|<45|0-2|<-2|STRONG_POS|NEGATIVE|<0.7|NO_G2|NO_EARLY|NO_PULL|NO_DRYUP|40-60,<4|20-40|4-6,WEAKENING,<45,0-2,<-2,STRONG_POS,<0.7,NEGATIVE,NO_G2,NO_EARLY,NO_PULL,NO_DRYUP,40-60,<4,20-40,4-6,CTX[<4|20-40|4-6]::DNA[WEAKENING|<45|0-2|<-2|STRONG_POS|NEGATIVE|<0.7|NO_G2|NO_EARLY|NO_PULL|NO_DRYUP|40-60],CTX[<4|20-40|4-6]::DNA[WEAKENING|<45|0-2|<-2|STRONG_POS|NEGATIVE|<0.7|NO_G2|NO_EARLY|NO_PULL|NO_DRYUP|40-60],CTX[<4|20-40|4-6]::DNA[WEAKENING|<45|0-2|<-2|STRONG_POS|NEGATIVE|<0.7|NO_G2|NO_EARLY|NO_PULL|NO_DRYUP|40-60],V4,2026-08-14T09:00:30Z
25c287a5162cf95a,25c287a5162cf95a,PENDING_OUTCOME,2026-08-14,2026-08-14T09:00:29Z,4.0.0,GEN3_EXPERIENCE,DECISION_CONTEXT_V1,OIL,13100.0,⚠️ YẾU DẦN,40.5,3.0,🟠 HẠN CHẾ / GIẢM,OBV xấu + Thiếu mẫu xác nhận + RS yếu,45.17,-4.34,-3.68,0.77,-4.45,13273.87,13230.0,0.33,0.75,-1.3098666779168489,-0.9826152683295564,🔴,974500.0,1242940.0,0.7840281912240333,-1.31,1.55,3.15,-9.66,False,False,False,TÍCH LŨY,,,,90562900.0,91067013.0,,False,,,52.56,-6.5,-0.8,2.0,6.0,5.6,5.6,7.6,1.0,29.0,🔴 Forecast rủi ro,WEAKENING|45-50|0-2|<-2|STRONG_POS|NEGATIVE|0.7-1.0|NO_G2|NO_EARLY|NO_PULL|NO_DRYUP|40-60,<4|20-40|4-6,WEAKENING,45-50,0-2,<-2,STRONG_POS,0.7-1.0,NEGATIVE,NO_G2,NO_EARLY,NO_PULL,NO_DRYUP,40-60,<4,20-40,4-6,CTX[<4|20-40|4-6]::DNA[WEAKENING|45-50|0-2|<-2|STRONG_POS|NEGATIVE|0.7-1.0|NO_G2|NO_EARLY|NO_PULL|NO_DRYUP|40-60],CTX[<4|20-40|4-6]::DNA[WEAKENING|45-50|0-2|<-2|STRONG_POS|NEGATIVE|0.7-1.0|NO_G2|NO_EARLY|NO_PULL|NO_DRYUP|40-60],CTX[<4|20-40|4-6]::DNA[WEAKENING|45-50|0-2|<-2|STRONG_POS|NEGATIVE|0.7-1.0|NO_G2|NO_EARLY|NO_PULL|NO_DRYUP|40-60],V4,2026-08-14T09:00:30Z
90174a8e67c1b055,90174a8e67c1b055,PENDING_OUTCOME,2026-08-14,2026-08-14T09:00:29Z,4.0.0,GEN3_EXPERIENCE,DECISION_CONTEXT_V1,AGR,12850.0,⚠️ YẾU DẦN,40.2,3.0,🟠 HẠN CHẾ / GIẢM,OBV xấu + RSI yếu + Thiếu mẫu xác nhận,39.84,-6.15,-1.53,-0.39,-1.14,13128.62,13162.5,-0.26,0.55,-2.1222337153486093,-2.374169040835705,🔴,357600.0,369130.0,0.968764391948636,-2.12,4.9,4.9,-11.07,False,False,False,THEO DÕI,,,,22238200.0,23010779.0,,False,,,47.54,-6.0,-8.3,0.0,7.0,5.6,5.6,7.6,1.0,29.0,🔴 Forecast rủi ro,WEAKENING|<45|-2-0|-2-0|STRONG_NEG|NEGATIVE|0.7-1.0|NO_G2|NO_EARLY|NO_PULL|NO_DRYUP|40-60,<4|20-40|4-6,WEAKENING,<45,-2-0,-2-0,STRONG_NEG,0.7-1.0,NEGATIVE,NO_G2,NO_EARLY,NO_PULL,NO_DRYUP,40-60,<4,20-40,4-6,CTX[<4|20-40|4-6]::DNA[WEAKENING|<45|-2-0|-2-0|STRONG_NEG|NEGATIVE|0.7-1.0|NO_G2|NO_EARLY|NO_PULL|NO_DRYUP|40-60],CTX[<4|20-40|4-6]::DNA[WEAKENING|<45|-2-0|-2-0|STRONG_NEG|NEGATIVE|0.7-1.0|NO_G2|NO_EARLY|NO_PULL|NO_DRYUP|40-60],CTX[<4|20-40|4-6]::DNA[WEAKENING|<45|-2-0|-2-0|STRONG_NEG|NEGATIVE|0.7-1.0|NO_G2|NO_EARLY|NO_PULL|NO_DRYUP|40-60],V4,2026-08-14T09:00:30Z
77b14af598f2a2ff,77b14af598f2a2ff,PENDING_OUTCOME,2026-08-14,2026-08-14T09:00:29Z,4.0.0,GEN3_EXPERIENCE,DECISION_CONTEXT_V1,STB,72300.0,⚠️ YẾU DẦN,40.2,3.0,🟠 HẠN CHẾ / GIẢM,OBV xấu + Thiếu mẫu xác nhận + RS yếu,48.76,-8.96,-3.08,1.4,-4.48,73226.18,72780.0,0.61,-0.56,-1.2648208605173683,-0.6595218466611708,🔴,2386900.0,3575910.0,0.667494427991756,-1.26,1.83,9.38,-4.99,False,False,False,TÍCH LŨY,,,,403265800.0,406477309.0,,False,,,53.18,-6.5,-6.2,2.0,6.0,5.6,5.6,7.6,1.0,29.0,🔴 Forecast rủi ro,WEAKENING|45-50|0-2|<-2|STRONG_POS|NEGATIVE|<0.7|NO_G2|NO_EARLY|NO_PULL|NO_DRYUP|40-60,<4|20-40|4-6,WEAKENING,45-50,0-2,<-2,STRONG_POS,<0.7,NEGATIVE,NO_G2,NO_EARLY,NO_PULL,NO_DRYUP,40-60,<4,20-40,4-6,CTX[<4|20-40|4-6]::DNA[WEAKENING|45-50|0-2|<-2|STRONG_POS|NEGATIVE|<0.7|NO_G2|NO_EARLY|NO_PULL|NO_DRYUP|40-60],CTX[<4|20-40|4-6]::DNA[WEAKENING|45-50|0-2|<-2|STRONG_POS|NEGATIVE|<0.7|NO_G2|NO_EARLY|NO_PULL|NO_DRYUP|40-60],CTX[<4|20-40|4-6]::DNA[WEAKENING|45-50|0-2|<-2|STRONG_POS|NEGATIVE|<0.7|NO_G2|NO_EARLY|NO_PULL|NO_DRYUP|40-60],V4,2026-08-14T09:00:30Z
be67b79703c1a1a4,be67b79703c1a1a4,PENDING_OUTCOME,2026-08-14,2026-08-14T09:00:29Z,4.0.0,GEN3_EXPERIENCE,DECISION_CONTEXT_V1,TPB,14400.0,⚠️ YẾU DẦN,39.9,3.0,🟠 HẠN CHẾ / GIẢM,OBV xấu + RSI yếu + Thiếu mẫu xác nhận,41.2,-5.55,-1.37,2.13,-3.5,14535.34,14387.5,1.03,0.55,-0.9311099705958004,0.0868809730669051,🔴,4193700.0,9178735.0,0.4568930250192428,-0.93,3.6,3.6,-7.1,False,False,False,MUA EARLY,,,,442115088.0,442648224.0,,False,,,53.73,-3.5,1.8,3.0,5.0,5.6,5.6,7.6,1.0,29.0,🔴 Forecast rủi ro,WEAKENING|<45|2-5|<-2|STRONG_POS|NEGATIVE|<0.7|NO_G2|NO_EARLY|NO_PULL|NO_DRYUP|40-60,<4|20-40|4-6,WEAKENING,<45,2-5,<-2,STRONG_POS,<0.7,NEGATIVE,NO_G2,NO_EARLY,NO_PULL,NO_DRYUP,40-60,<4,20-40,4-6,CTX[<4|20-40|4-6]::DNA[WEAKENING|<45|2-5|<-2|STRONG_POS|NEGATIVE|<0.7|NO_G2|NO_EARLY|NO_PULL|NO_DRYUP|40-60],CTX[<4|20-40|4-6]::DNA[WEAKENING|<45|2-5|<-2|STRONG_POS|NEGATIVE|<0.7|NO_G2|NO_EARLY|NO_PULL|NO_DRYUP|40-60],CTX[<4|20-40|4-6]::DNA[WEAKENING|<45|2-5|<-2|STRONG_POS|NEGATIVE|<0.7|NO_G2|NO_EARLY|NO_PULL|NO_DRYUP|40-60],V4,2026-08-14T09:00:30Z
89023ab7b2eb834e,89023ab7b2eb834e,PENDING_OUTCOME,2026-08-14,2026-08-14T09:00:29Z,4.0.0,GEN3_EXPERIENCE,DECISION_CONTEXT_V1,VDS,11700.0,⚠️ YẾU DẦN,39.8,3.0,🟠 HẠN CHẾ / GIẢM,OBV xấu + RSI yếu + Thiếu mẫu xác nhận,37.85,-5.49,-0.85,-0.85,0.0,11968.49,11982.5,-0.12,1.43,-2.243307217535373,-2.357604840392236,🔴,829600.0,1025770.0,0.8087582986439456,-2.24,4.46,4.46,-16.13,False,False,False,THEO DÕI,,,,46297600.0,47503992.0,,False,,,47.23,-4.5,-6.3,0.0,7.0,5.6,5.6,7.6,1.0,29.0,🔴 Forecast rủi ro,WEAKENING|<45|-2-0|0-2|NEG|NEGATIVE|0.7-1.0|NO_G2|NO_EARLY|NO_PULL|NO_DRYUP|40-60,<4|20-40|4-6,WEAKENING,<45,-2-0,0-2,NEG,0.7-1.0,NEGATIVE,NO_G2,NO_EARLY,NO_PULL,NO_DRYUP,40-60,<4,20-40,4-6,CTX[<4|20-40|4-6]::DNA[WEAKENING|<45|-2-0|0-2|NEG|NEGATIVE|0.7-1.0|NO_G2|NO_EARLY|NO_PULL|NO_DRYUP|40-60],CTX[<4|20-40|4-6]::DNA[WEAKENING|<45|-2-0|0-2|NEG|NEGATIVE|0.7-1.0|NO_G2|NO_EARLY|NO_PULL|NO_DRYUP|40-60],CTX[<4|20-40|4-6]::DNA[WEAKENING|<45|-2-0|0-2|NEG|NEGATIVE|0.7-1.0|NO_G2|NO_EARLY|NO_PULL|NO_DRYUP|40-60],V4,2026-08-14T09:00:30Z
7fb098accb4c9561,7fb098accb4c9561,PENDING_OUTCOME,2026-08-14,2026-08-14T09:00:29Z,4.0.0,GEN3_EXPERIENCE,DECISION_CONTEXT_V1,REE,45900.0,⚠️ YẾU DẦN,39.7,3.0,🟠 HẠN CHẾ / GIẢM,OBV xấu + Thiếu mẫu xác nhận + RSI yếu,41.97,-9.63,-2.55,-1.29,-1.2599999999999998,46760.74,46115.0,1.4,-0.78,-1.8407322039813656,-0.4662257399978275,🔴,324212.0,515261.0,0.6292189783430145,-1.84,4.68,4.68,-5.75,False,False,False,TÍCH LŨY,,,,-11490612.0,-10953001.0,,False,,,51.99,-6.5,-0.9,2.0,6.0,5.6,5.6,7.6,1.0,29.0,🔴 Forecast rủi ro,WEAKENING|<45|-2-0|-2-0|STRONG_POS|NEGATIVE|<0.7|NO_G2|NO_EARLY|NO_PULL|NO_DRYUP|40-60,<4|20-40|4-6,WEAKENING,<45,-2-0,-2-0,STRONG_POS,<0.7,NEGATIVE,NO_G2,NO_EARLY,NO_PULL,NO_DRYUP,40-60,<4,20-40,4-6,CTX[<4|20-40|4-6]::DNA[WEAKENING|<45|-2-0|-2-0|STRONG_POS|NEGATIVE|<0.7|NO_G2|NO_EARLY|NO_PULL|NO_DRYUP|40-60],CTX[<4|20-40|4-6]::DNA[WEAKENING|<45|-2-0|-2-0|STRONG_POS|NEGATIVE|<0.7|NO_G2|NO_EARLY|NO_PULL|NO_DRYUP|40-60],CTX[<4|20-40|4-6]::DNA[WEAKENING|<45|-2-0|-2-0|STRONG_POS|NEGATIVE|<0.7|NO_G2|NO_EARLY|NO_PULL|NO_DRYUP|40-60],V4,2026-08-14T09:00:30Z
2bd00c2d35045cdd,2bd00c2d35045cdd,PENDING_OUTCOME,2026-08-14,2026-08-14T09:00:29Z,4.0.0,GEN3_EXPERIENCE,DECISION_CONTEXT_V1,VND,16250.0,⚠️ YẾU DẦN,39.6,3.0,🟠 HẠN CHẾ / GIẢM,OBV xấu + RSI yếu + Thiếu mẫu xác nhận,41.6,-6.86,-2.4,-2.11,-0.29,16668.72,16702.5,-0.2,-0.06,-2.512010520303909,-2.709175273162701,🔴,11543500.0,11967370.0,0.964581190353436,-2.51,5.86,5.86,-8.96,False,False,False,THEO DÕI,,,,531028612.0,556855559.0,,False,,,47.82,-6.0,-0.1,0.0,7.0,5.6,5.6,7.6,1.0,29.0,🔴 Forecast rủi ro,WEAKENING|<45|<-2|-2-0|NEG|NEGATIVE|0.7-1.0|NO_G2|NO_EARLY|NO_PULL|NO_DRYUP|40-60,<4|20-40|4-6,WEAKENING,<45,<-2,-2-0,NEG,0.7-1.0,NEGATIVE,NO_G2,NO_EARLY,NO_PULL,NO_DRYUP,40-60,<4,20-40,4-6,CTX[<4|20-40|4-6]::DNA[WEAKENING|<45|<-2|-2-0|NEG|NEGATIVE|0.7-1.0|NO_G2|NO_EARLY|NO_PULL|NO_DRYUP|40-60],CTX[<4|20-40|4-6]::DNA[WEAKENING|<45|<-2|-2-0|NEG|NEGATIVE|0.7-1.0|NO_G2|NO_EARLY|NO_PULL|NO_DRYUP|40-60],CTX[<4|20-40|4-6]::DNA[WEAKENING|<45|<-2|-2-0|NEG|NEGATIVE|0.7-1.0|NO_G2|NO_EARLY|NO_PULL|NO_DRYUP|40-60],V4,2026-08-14T09:00:30Z
e2f8d01db80ba620,e2f8d01db80ba620,PENDING_OUTCOME,2026-08-14,2026-08-14T09:00:29Z,4.0.0,GEN3_EXPERIENCE,DECISION_CONTEXT_V1,FOX,63400.0,⚠️ YẾU DẦN,39.6,3.0,🟠 HẠN CHẾ / GIẢM,OBV xấu + RSI yếu + Thiếu mẫu xác nhận,37.16,-9.75,-3.5,0.0,-3.5,65011.7,64240.0,1.2,0.08,-2.479092224937973,-1.3075965130759704,🔴,82000.0,70415.0,1.1645246041326422,-2.48,3.93,3.93,-8.12,False,False,False,THEO DÕI,,,,5374900.0,5447551.0,,False,,,47.18,-7.5,-0.0,1.0,7.0,5.6,5.6,7.6,1.0,29.0,🔴 Forecast rủi ro,WEAKENING|<45|0-2|<-2|STRONG_POS|NEGATIVE|1.0-1.2|NO_G2|NO_EARLY|NO_PULL|NO_DRYUP|40-60,<4|20-40|4-6,WEAKENING,<45,0-2,<-2,STRONG_POS,1.0-1.2,NEGATIVE,NO_G2,NO_EARLY,NO_PULL,NO_DRYUP,40-60,<4,20-40,4-6,CTX[<4|20-40|4-6]::DNA[WEAKENING|<45|0-2|<-2|STRONG_POS|NEGATIVE|1.0-1.2|NO_G2|NO_EARLY|NO_PULL|NO_DRYUP|40-60],CTX[<4|20-40|4-6]::DNA[WEAKENING|<45|0-2|<-2|STRONG_POS|NEGATIVE|1.0-1.2|NO_G2|NO_EARLY|NO_PULL|NO_DRYUP|40-60],CTX[<4|20-40|4-6]::DNA[WEAKENING|<45|0-2|<-2|STRONG_POS|NEGATIVE|1.0-1.2|NO_G2|NO_EARLY|NO_PULL|NO_DRYUP|40-60],V4,2026-08-14T09:00:30Z
bc3024540dabe8a6,bc3024540dabe8a6,PENDING_OUTCOME,2026-08-14,2026-08-14T09:00:29Z,4.0.0,GEN3_EXPERIENCE,DECISION_CONTEXT_V1,HDG,16200.0,⚠️ YẾU DẦN,39.5,3.0,🟠 HẠN CHẾ / GIẢM,OBV xấu + RSI yếu + Thiếu mẫu xác nhận,35.84,-5.81,-2.11,0.32,-2.43,16508.55,16427.45,0.49,0.77,-1.8690315018581205,-1.384572773011028,🔴,1250873.0,1419699.0,0.8810832437016579,-1.87,4.52,4.52,-11.48,False,False,False,THEO DÕI,,,,15798927.0,18181807.0,,False,,,47.01,-7.5,-0.1,1.0,7.0,5.6,5.6,7.6,1.0,29.0,🔴 Forecast rủi ro,WEAKENING|<45|0-2|<-2|STRONG_POS|NEGATIVE|0.7-1.0|NO_G2|NO_EARLY|NO_PULL|NO_DRYUP|40-60,<4|20-40|4-6,WEAKENING,<45,0-2,<-2,STRONG_POS,0.7-1.0,NEGATIVE,NO_G2,NO_EARLY,NO_PULL,NO_DRYUP,40-60,<4,20-40,4-6,CTX[<4|20-40|4-6]::DNA[WEAKENING|<45|0-2|<-2|STRONG_POS|NEGATIVE|0.7-1.0|NO_G2|NO_EARLY|NO_PULL|NO_DRYUP|40-60],CTX[<4|20-40|4-6]::DNA[WEAKENING|<45|0-2|<-2|STRONG_POS|NEGATIVE|0.7-1.0|NO_G2|NO_EARLY|NO_PULL|NO_DRYUP|40-60],CTX[<4|20-40|4-6]::DNA[WEAKENING|<45|0-2|<-2|STRONG_POS|NEGATIVE|0.7-1.0|NO_G2|NO_EARLY|NO_PULL|NO_DRYUP|40-60],V4,2026-08-14T09:00:30Z
b7c39daeac4adab4,b7c39daeac4adab4,PENDING_OUTCOME,2026-08-14,2026-08-14T09:00:29Z,4.0.0,GEN3_EXPERIENCE,DECISION_CONTEXT_V1,ORS,13800.0,⚠️ YẾU DẦN,39.2,3.0,🟠 HẠN CHẾ / GIẢM,OBV xấu + Vol chưa xác nhận + Thiếu mẫu xác nhận,48.91,-10.22,-1.43,-0.36,-1.0699999999999998,14069.82,13782.5,2.08,-0.32,-1.917721761898872,0.126972610194076,🔴,13703259.0,5090878.0,2.6917280280533142,-1.92,7.81,9.09,-6.44,False,False,False,THEO DÕI,,,,202306841.0,212530530.0,,False,,,48.96,-9.5,-15.0,-1.0,7.0,5.6,5.6,7.6,1.0,29.0,🔴 Forecast rủi ro,WEAKENING|45-50|-2-0|-2-0|STRONG_POS|NEGATIVE|>=1.5|NO_G2|NO_EARLY|NO_PULL|NO_DRYUP|40-60,<4|20-40|4-6,WEAKENING,45-50,-2-0,-2-0,STRONG_POS,>=1.5,NEGATIVE,NO_G2,NO_EARLY,NO_PULL,NO_DRYUP,40-60,<4,20-40,4-6,CTX[<4|20-40|4-6]::DNA[WEAKENING|45-50|-2-0|-2-0|STRONG_POS|NEGATIVE|>=1.5|NO_G2|NO_EARLY|NO_PULL|NO_DRYUP|40-60],CTX[<4|20-40|4-6]::DNA[WEAKENING|45-50|-2-0|-2-0|STRONG_POS|NEGATIVE|>=1.5|NO_G2|NO_EARLY|NO_PULL|NO_DRYUP|40-60],CTX[<4|20-40|4-6]::DNA[WEAKENING|45-50|-2-0|-2-0|STRONG_POS|NEGATIVE|>=1.5|NO_G2|NO_EARLY|NO_PULL|NO_DRYUP|40-60],V4,2026-08-14T09:00:30Z
e8cafd65c90aa962,e8cafd65c90aa962,PENDING_OUTCOME,2026-08-14,2026-08-14T09:00:29Z,4.0.0,GEN3_EXPERIENCE,DECISION_CONTEXT_V1,ACB,22150.0,⚠️ YẾU DẦN,39.1,3.0,🟠 HẠN CHẾ / GIẢM,OBV xấu + Thiếu mẫu xác nhận,44.88,-8.01,-1.12,1.14,-2.26,22402.51,22442.5,-0.18,0.4,-1.1271504844769575,-1.3033307340982514,🔴,7123300.0,14225355.0,0.5007467300464558,-1.13,1.14,9.17,-7.13,False,False,False,THEO DÕI,,,,-18538400.0,-14475625.0,,False,,,48.49,-2.0,-2.8,1.0,7.0,5.6,5.6,7.6,1.0,29.0,🔴 Forecast rủi ro,WEAKENING|<45|0-2|<-2|NEG|NEGATIVE|<0.7|NO_G2|NO_EARLY|NO_PULL|NO_DRYUP|40-60,<4|20-40|4-6,WEAKENING,<45,0-2,<-2,NEG,<0.7,NEGATIVE,NO_G2,NO_EARLY,NO_PULL,NO_DRYUP,40-60,<4,20-40,4-6,CTX[<4|20-40|4-6]::DNA[WEAKENING|<45|0-2|<-2|NEG|NEGATIVE|<0.7|NO_G2|NO_EARLY|NO_PULL|NO_DRYUP|40-60],CTX[<4|20-40|4-6]::DNA[WEAKENING|<45|0-2|<-2|NEG|NEGATIVE|<0.7|NO_G2|NO_EARLY|NO_PULL|NO_DRYUP|40-60],CTX[<4|20-40|4-6]::DNA[WEAKENING|<45|0-2|<-2|NEG|NEGATIVE|<0.7|NO_G2|NO_EARLY|NO_PULL|NO_DRYUP|40-60],V4,2026-08-14T09:00:30Z
49375aae361b7e63,49375aae361b7e63,PENDING_OUTCOME,2026-08-14,2026-08-14T09:00:29Z,4.0.0,GEN3_EXPERIENCE,DECISION_CONTEXT_V1,SHS,15300.0,⚠️ YẾU DẦN,38.8,3.0,🟠 HẠN CHẾ / GIẢM,OBV xấu + RSI yếu + Thiếu mẫu xác nhận,40.53,-5.7,-1.92,0.66,-2.58,15685.54,15470.0,1.39,0.61,-2.457932592693657,-1.098901098901095,🔴,20060800.0,12144025.0,1.6519070077671942,-2.46,6.99,6.99,-10.53,False,False,False,THEO DÕI,,,,674685596.0,701793141.0,,False,,,47.71,-5.5,-6.3,-1.0,7.0,5.6,5.6,7.6,1.0,29.0,🔴 Forecast rủi ro,WEAKENING|<45|0-2|<-2|STRONG_POS|NEGATIVE|>=1.5|NO_G2|NO_EARLY|NO_PULL|NO_DRYUP|40-60,<4|20-40|4-6,WEAKENING,<45,0-2,<-2,STRONG_POS,>=1.5,NEGATIVE,NO_G2,NO_EARLY,NO_PULL,NO_DRYUP,40-60,<4,20-40,4-6,CTX[<4|20-40|4-6]::DNA[WEAKENING|<45|0-2|<-2|STRONG_POS|NEGATIVE|>=1.5|NO_G2|NO_EARLY|NO_PULL|NO_DRYUP|40-60],CTX[<4|20-40|4-6]::DNA[WEAKENING|<45|0-2|<-2|STRONG_POS|NEGATIVE|>=1.5|NO_G2|NO_EARLY|NO_PULL|NO_DRYUP|40-60],CTX[<4|20-40|4-6]::DNA[WEAKENING|<45|0-2|<-2|STRONG_POS|NEGATIVE|>=1.5|NO_G2|NO_EARLY|NO_PULL|NO_DRYUP|40-60],V4,2026-08-14T09:00:30Z
e39bcceb5ba35951,e39bcceb5ba35951,PENDING_OUTCOME,2026-08-14,2026-08-14T09:00:29Z,4.0.0,GEN3_EXPERIENCE,DECISION_CONTEXT_V1,VIB,14400.0,⚠️ YẾU DẦN,38.2,3.0,🟠 HẠN CHẾ / GIẢM,OBV xấu + RSI yếu + Thiếu mẫu xác nhận,37.64,-7.24,-1.71,-0.69,-1.02,14645.84,14632.5,0.09,0.27,-1.6785653810228671,-1.5889287544848751,🔴,4421500.0,6519940.0,0.6781504124271083,-1.68,1.77,1.77,-7.4,False,False,False,TÍCH LŨY,,,,201808304.0,209488761.0,,False,,,51.32,-5.0,2.6,2.0,6.0,5.6,5.6,7.6,1.0,29.0,🔴 Forecast rủi ro,WEAKENING|<45|-2-0|-2-0|POS|NEGATIVE|<0.7|NO_G2|NO_EARLY|NO_PULL|NO_DRYUP|40-60,<4|20-40|4-6,WEAKENING,<45,-2-0,-2-0,POS,<0.7,NEGATIVE,NO_G2,NO_EARLY,NO_PULL,NO_DRYUP,40-60,<4,20-40,4-6,CTX[<4|20-40|4-6]::DNA[WEAKENING|<45|-2-0|-2-0|POS|NEGATIVE|<0.7|NO_G2|NO_EARLY|NO_PULL|NO_DRYUP|40-60],CTX[<4|20-40|4-6]::DNA[WEAKENING|<45|-2-0|-2-0|POS|NEGATIVE|<0.7|NO_G2|NO_EARLY|NO_PULL|NO_DRYUP|40-60],CTX[<4|20-40|4-6]::DNA[WEAKENING|<45|-2-0|-2-0|POS|NEGATIVE|<0.7|NO_G2|NO_EARLY|NO_PULL|NO_DRYUP|40-60],V4,2026-08-14T09:00:30Z
abe54a04205a99f5,abe54a04205a99f5,PENDING_OUTCOME,2026-08-14,2026-08-14T09:00:29Z,4.0.0,GEN3_EXPERIENCE,DECISION_CONTEXT_V1,POW,13250.0,⚠️ YẾU DẦN,38.2,3.0,🟠 HẠN CHẾ / GIẢM,OBV xấu + RSI yếu + Thiếu mẫu xác nhận,40.63,-8.84,-2.57,-2.57,0.0,13579.89,13555.0,0.18,-0.3,-2.429253845207868,-2.2500922168941395,🔴,10280517.0,7503986.0,1.3700074866877416,-2.43,0.38,0.38,-6.03,False,False,False,THEO DÕI,,,,302995987.0,317595951.0,,False,,,47.67,-13.5,-0.1,-1.0,7.0,5.6,5.6,7.6,1.0,29.0,🔴 Forecast rủi ro,WEAKENING|<45|<-2|0-2|POS|NEGATIVE|1.2-1.5|NO_G2|NO_EARLY|NO_PULL|NO_DRYUP|40-60,<4|20-40|4-6,WEAKENING,<45,<-2,0-2,POS,1.2-1.5,NEGATIVE,NO_G2,NO_EARLY,NO_PULL,NO_DRYUP,40-60,<4,20-40,4-6,CTX[<4|20-40|4-6]::DNA[WEAKENING|<45|<-2|0-2|POS|NEGATIVE|1.2-1.5|NO_G2|NO_EARLY|NO_PULL|NO_DRYUP|40-60],CTX[<4|20-40|4-6]::DNA[WEAKENING|<45|<-2|0-2|POS|NEGATIVE|1.2-1.5|NO_G2|NO_EARLY|NO_PULL|NO_DRYUP|40-60],CTX[<4|20-40|4-6]::DNA[WEAKENING|<45|<-2|0-2|POS|NEGATIVE|1.2-1.5|NO_G2|NO_EARLY|NO_PULL|NO_DRYUP|40-60],V4,2026-08-14T09:00:30Z
7c61d47026f1d7ca,7c61d47026f1d7ca,PENDING_OUTCOME,2026-08-14,2026-08-14T09:00:29Z,4.0.0,GEN3_EXPERIENCE,DECISION_CONTEXT_V1,CMG,24000.0,⚠️ YẾU DẦN,38.0,3.0,🟠 HẠN CHẾ / GIẢM,OBV xấu + RSI yếu + Thiếu mẫu xác nhận,36.74,-8.3,-2.44,-1.23,-1.21,24571.97,24555.0,0.07,-0.13,-2.3277335923818976,-2.260232131948692,🔴,169282.0,192344.0,0.8801002370752402,-2.33,1.69,1.69,-8.4,False,False,False,THEO DÕI,,,,-7879082.0,-7669649.0,,False,,,47.12,-4.5,-6.3,1.0,7.0,5.6,5.6,7.6,1.0,29.0,🔴 Forecast rủi ro,WEAKENING|<45|-2-0|-2-0|POS|NEGATIVE|0.7-1.0|NO_G2|NO_EARLY|NO_PULL|NO_DRYUP|40-60,<4|20-40|4-6,WEAKENING,<45,-2-0,-2-0,POS,0.7-1.0,NEGATIVE,NO_G2,NO_EARLY,NO_PULL,NO_DRYUP,40-60,<4,20-40,4-6,CTX[<4|20-40|4-6]::DNA[WEAKENING|<45|-2-0|-2-0|POS|NEGATIVE|0.7-1.0|NO_G2|NO_EARLY|NO_PULL|NO_DRYUP|40-60],CTX[<4|20-40|4-6]::DNA[WEAKENING|<45|-2-0|-2-0|POS|NEGATIVE|0.7-1.0|NO_G2|NO_EARLY|NO_PULL|NO_DRYUP|40-60],CTX[<4|20-40|4-6]::DNA[WEAKENING|<45|-2-0|-2-0|POS|NEGATIVE|0.7-1.0|NO_G2|NO_EARLY|NO_PULL|NO_DRYUP|40-60],V4,2026-08-14T09:00:30Z
20b134f5d32549ca,20b134f5d32549ca,PENDING_OUTCOME,2026-08-14,2026-08-14T09:00:29Z,4.0.0,GEN3_EXPERIENCE,DECISION_CONTEXT_V1,TCM,16500.0,⚠️ YẾU DẦN,37.8,3.0,🟠 HẠN CHẾ / GIẢM,OBV xấu + RSI yếu + Thiếu mẫu xác nhận,28.84,-1.78,-0.9,-0.6,-0.3,16665.65,16810.0,-0.86,1.9,-0.993960631598534,-1.844140392623439,🔴,772700.0,1161830.0,0.6650714820584767,-0.99,1.23,1.23,-15.82,False,False,False,THEO DÕI,,,,-11278400.0,-9875600.0,,False,,,45.89,1.0,-2.0,1.0,7.0,5.6,5.6,7.6,1.0,29.0,🔴 Forecast rủi ro,WEAKENING|<45|-2-0|-2-0|STRONG_NEG|NEGATIVE|<0.7|NO_G2|NO_EARLY|NO_PULL|NO_DRYUP|40-60,<4|20-40|4-6,WEAKENING,<45,-2-0,-2-0,STRONG_NEG,<0.7,NEGATIVE,NO_G2,NO_EARLY,NO_PULL,NO_DRYUP,40-60,<4,20-40,4-6,CTX[<4|20-40|4-6]::DNA[WEAKENING|<45|-2-0|-2-0|STRONG_NEG|NEGATIVE|<0.7|NO_G2|NO_EARLY|NO_PULL|NO_DRYUP|40-60],CTX[<4|20-40|4-6]::DNA[WEAKENING|<45|-2-0|-2-0|STRONG_NEG|NEGATIVE|<0.7|NO_G2|NO_EARLY|NO_PULL|NO_DRYUP|40-60],CTX[<4|20-40|4-6]::DNA[WEAKENING|<45|-2-0|-2-0|STRONG_NEG|NEGATIVE|<0.7|NO_G2|NO_EARLY|NO_PULL|NO_DRYUP|40-60],V4,2026-08-14T09:00:30Z
b532f94a67108f3c,b532f94a67108f3c,PENDING_OUTCOME,2026-08-14,2026-08-14T09:00:29Z,4.0.0,GEN3_EXPERIENCE,DECISION_CONTEXT_V1,LAS,11800.0,⚠️ YẾU DẦN,37.7,3.0,🟠 HẠN CHẾ / GIẢM,OBV xấu + RSI yếu + RS yếu,36.38,-9.85,-4.07,1.72,-5.79,12108.56,11945.0,1.37,1.17,-2.5482798945539287,-1.2138970280452075,🔴,146900.0,210715.0,0.6971501791519351,-2.55,2.61,2.61,-13.24,False,False,False,TÍCH LŨY,,,,-19349800.0,-19254233.0,,False,,,51.28,-6.5,-3.7,2.0,6.0,5.6,5.6,7.6,1.0,29.0,🔴 Forecast rủi ro,WEAKENING|<45|0-2|<-2|STRONG_POS|NEGATIVE|<0.7|NO_G2|NO_EARLY|NO_PULL|NO_DRYUP|40-60,<4|20-40|4-6,WEAKENING,<45,0-2,<-2,STRONG_POS,<0.7,NEGATIVE,NO_G2,NO_EARLY,NO_PULL,NO_DRYUP,40-60,<4,20-40,4-6,CTX[<4|20-40|4-6]::DNA[WEAKENING|<45|0-2|<-2|STRONG_POS|NEGATIVE|<0.7|NO_G2|NO_EARLY|NO_PULL|NO_DRYUP|40-60],CTX[<4|20-40|4-6]::DNA[WEAKENING|<45|0-2|<-2|STRONG_POS|NEGATIVE|<0.7|NO_G2|NO_EARLY|NO_PULL|NO_DRYUP|40-60],CTX[<4|20-40|4-6]::DNA[WEAKENING|<45|0-2|<-2|STRONG_POS|NEGATIVE|<0.7|NO_G2|NO_EARLY|NO_PULL|NO_DRYUP|40-60],V4,2026-08-14T09:00:30Z
aa55cb0b909fb69d,aa55cb0b909fb69d,PENDING_OUTCOME,2026-08-14,2026-08-14T09:00:29Z,4.0.0,GEN3_EXPERIENCE,DECISION_CONTEXT_V1,PVD,17950.0,⚠️ YẾU DẦN,37.6,3.0,🟠 HẠN CHẾ / GIẢM,OBV xấu + Vol chưa xác nhận + Thiếu mẫu xác nhận,44.31,-2.05,-0.55,-1.1,0.55,18222.27,18310.0,-0.48,1.32,-1.4941607165298354,-1.966138722009836,🔴,19891943.0,4137947.0,4.807201010549434,-1.49,2.57,2.57,-9.34,False,False,False,THEO DÕI,,,,255177057.0,270057674.0,,False,,,48.24,-0.5,-3.9,-2.0,7.0,5.6,5.6,7.6,1.0,29.0,🔴 Forecast rủi ro,WEAKENING|<45|-2-0|0-2|STRONG_NEG|NEGATIVE|>=1.5|NO_G2|NO_EARLY|NO_PULL|NO_DRYUP|40-60,<4|20-40|4-6,WEAKENING,<45,-2-0,0-2,STRONG_NEG,>=1.5,NEGATIVE,NO_G2,NO_EARLY,NO_PULL,NO_DRYUP,40-60,<4,20-40,4-6,CTX[<4|20-40|4-6]::DNA[WEAKENING|<45|-2-0|0-2|STRONG_NEG|NEGATIVE|>=1.5|NO_G2|NO_EARLY|NO_PULL|NO_DRYUP|40-60],CTX[<4|20-40|4-6]::DNA[WEAKENING|<45|-2-0|0-2|STRONG_NEG|NEGATIVE|>=1.5|NO_G2|NO_EARLY|NO_PULL|NO_DRYUP|40-60],CTX[<4|20-40|4-6]::DNA[WEAKENING|<45|-2-0|0-2|STRONG_NEG|NEGATIVE|>=1.5|NO_G2|NO_EARLY|NO_PULL|NO_DRYUP|40-60],V4,2026-08-14T09:00:30Z
8abdb79a69654844,8abdb79a69654844,PENDING_OUTCOME,2026-08-14,2026-08-14T09:00:29Z,4.0.0,GEN3_EXPERIENCE,DECISION_CONTEXT_V1,NT2,21200.0,⚠️ YẾU DẦN,37.6,3.0,🟠 HẠN CHẾ / GIẢM,OBV xấu + Vol chưa xác nhận + Thiếu mẫu xác nhận,44.82,-6.0,-0.7,0.95,-1.65,21407.82,21257.5,0.71,0.21,-0.97076675719433,-0.2704927672586121,🔴,1426906.0,616145.0,2.3158607146045167,-0.97,3.41,3.41,-3.2,False,False,False,THEO DÕI,,,,13468494.0,14294263.0,,False,,,48.41,-8.0,-6.3,-1.0,7.0,5.6,5.6,7.6,1.0,29.0,🔴 Forecast rủi ro,WEAKENING|<45|0-2|-2-0|STRONG_POS|NEGATIVE|>=1.5|NO_G2|NO_EARLY|NO_PULL|NO_DRYUP|40-60,<4|20-40|4-6,WEAKENING,<45,0-2,-2-0,STRONG_POS,>=1.5,NEGATIVE,NO_G2,NO_EARLY,NO_PULL,NO_DRYUP,40-60,<4,20-40,4-6,CTX[<4|20-40|4-6]::DNA[WEAKENING|<45|0-2|-2-0|STRONG_POS|NEGATIVE|>=1.5|NO_G2|NO_EARLY|NO_PULL|NO_DRYUP|40-60],CTX[<4|20-40|4-6]::DNA[WEAKENING|<45|0-2|-2-0|STRONG_POS|NEGATIVE|>=1.5|NO_G2|NO_EARLY|NO_PULL|NO_DRYUP|40-60],CTX[<4|20-40|4-6]::DNA[WEAKENING|<45|0-2|-2-0|STRONG_POS|NEGATIVE|>=1.5|NO_G2|NO_EARLY|NO_PULL|NO_DRYUP|40-60],V4,2026-08-14T09:00:30Z
d24c3115488ec605,d24c3115488ec605,PENDING_OUTCOME,2026-08-14,2026-08-14T09:00:29Z,4.0.0,GEN3_EXPERIENCE,DECISION_CONTEXT_V1,VPX,24650.0,⚠️ YẾU DẦN,36.8,3.0,🟠 HẠN CHẾ / GIẢM,OBV xấu + RSI yếu + Thiếu mẫu xác nhận,38.77,-6.53,-2.76,-2.95,0.1900000000000004,25404.49,25615.0,-0.82,-0.07,-2.9699080753048057,-3.767323833691194,🔴,1503600.0,1304765.0,1.152391426808659,-2.97,2.07,2.07,-11.17,False,False,False,THEO DÕI,,,,5191400.0,7697911.0,,False,,,47.38,-9.0,-2.9,0.0,7.0,5.6,5.6,7.6,1.0,29.0,🔴 Forecast rủi ro,WEAKENING|<45|<-2|0-2|STRONG_NEG|NEGATIVE|1.0-1.2|NO_G2|NO_EARLY|NO_PULL|NO_DRYUP|40-60,<4|20-40|4-6,WEAKENING,<45,<-2,0-2,STRONG_NEG,1.0-1.2,NEGATIVE,NO_G2,NO_EARLY,NO_PULL,NO_DRYUP,40-60,<4,20-40,4-6,CTX[<4|20-40|4-6]::DNA[WEAKENING|<45|<-2|0-2|STRONG_NEG|NEGATIVE|1.0-1.2|NO_G2|NO_EARLY|NO_PULL|NO_DRYUP|40-60],CTX[<4|20-40|4-6]::DNA[WEAKENING|<45|<-2|0-2|STRONG_NEG|NEGATIVE|1.0-1.2|NO_G2|NO_EARLY|NO_PULL|NO_DRYUP|40-60],CTX[<4|20-40|4-6]::DNA[WEAKENING|<45|<-2|0-2|STRONG_NEG|NEGATIVE|1.0-1.2|NO_G2|NO_EARLY|NO_PULL|NO_DRYUP|40-60],V4,2026-08-14T09:00:30Z
c6b84fc8e1559f8a,c6b84fc8e1559f8a,PENDING_OUTCOME,2026-08-14,2026-08-14T09:00:29Z,4.0.0,GEN3_EXPERIENCE,DECISION_CONTEXT_V1,HCM,25200.0,⚠️ YẾU DẦN,36.5,3.0,🟠 HẠN CHẾ / GIẢM,OBV xấu + Vol chưa xác nhận + Thiếu mẫu xác nhận,49.74,-14.49,-0.59,0.8,-1.39,25634.12,25535.0,0.39,-0.77,-1.6935240999105816,-1.311924809085574,🔴,17576513.0,5838131.0,3.010640391591076,-1.69,0.8,9.66,-7.86,False,False,False,THEO DÕI,,,,548385787.0,561754890.0,,False,,,49.16,-11.0,-2.8,-1.0,7.0,5.6,5.6,7.6,1.0,29.0,🔴 Forecast rủi ro,WEAKENING|45-50|0-2|-2-0|STRONG_POS|NEGATIVE|>=1.5|NO_G2|NO_EARLY|NO_PULL|NO_DRYUP|40-60,<4|20-40|4-6,WEAKENING,45-50,0-2,-2-0,STRONG_POS,>=1.5,NEGATIVE,NO_G2,NO_EARLY,NO_PULL,NO_DRYUP,40-60,<4,20-40,4-6,CTX[<4|20-40|4-6]::DNA[WEAKENING|45-50|0-2|-2-0|STRONG_POS|NEGATIVE|>=1.5|NO_G2|NO_EARLY|NO_PULL|NO_DRYUP|40-60],CTX[<4|20-40|4-6]::DNA[WEAKENING|45-50|0-2|-2-0|STRONG_POS|NEGATIVE|>=1.5|NO_G2|NO_EARLY|NO_PULL|NO_DRYUP|40-60],CTX[<4|20-40|4-6]::DNA[WEAKENING|45-50|0-2|-2-0|STRONG_POS|NEGATIVE|>=1.5|NO_G2|NO_EARLY|NO_PULL|NO_DRYUP|40-60],V4,2026-08-14T09:00:30Z
5b60041cd21926a2,5b60041cd21926a2,PENDING_OUTCOME,2026-08-14,2026-08-14T09:00:29Z,4.0.0,GEN3_EXPERIENCE,DECISION_CONTEXT_V1,DDV,18100.0,⚠️ YẾU DẦN,35.9,3.0,🟠 HẠN CHẾ / GIẢM,OBV xấu + RSI yếu + Thiếu mẫu xác nhận,31.55,-4.34,-3.72,0.0,-3.72,18610.63,18740.0,-0.69,1.17,-2.743754510191221,-3.415154749199578,🔴,319900.0,302185.0,1.058623028939226,-2.74,1.12,1.12,-15.81,False,False,False,THEO DÕI,,,,56496200.0,56788571.0,,False,,,46.25,-7.5,-6.3,0.0,7.0,5.6,5.6,7.6,1.0,29.0,🔴 Forecast rủi ro,WEAKENING|<45|0-2|<-2|STRONG_NEG|NEGATIVE|1.0-1.2|NO_G2|NO_EARLY|NO_PULL|NO_DRYUP|40-60,<4|20-40|4-6,WEAKENING,<45,0-2,<-2,STRONG_NEG,1.0-1.2,NEGATIVE,NO_G2,NO_EARLY,NO_PULL,NO_DRYUP,40-60,<4,20-40,4-6,CTX[<4|20-40|4-6]::DNA[WEAKENING|<45|0-2|<-2|STRONG_NEG|NEGATIVE|1.0-1.2|NO_G2|NO_EARLY|NO_PULL|NO_DRYUP|40-60],CTX[<4|20-40|4-6]::DNA[WEAKENING|<45|0-2|<-2|STRONG_NEG|NEGATIVE|1.0-1.2|NO_G2|NO_EARLY|NO_PULL|NO_DRYUP|40-60],CTX[<4|20-40|4-6]::DNA[WEAKENING|<45|0-2|<-2|STRONG_NEG|NEGATIVE|1.0-1.2|NO_G2|NO_EARLY|NO_PULL|NO_DRYUP|40-60],V4,2026-08-14T09:00:30Z
da9137189d1d9ef6,da9137189d1d9ef6,PENDING_OUTCOME,2026-08-14,2026-08-14T09:00:29Z,4.0.0,GEN3_EXPERIENCE,DECISION_CONTEXT_V1,NAB,11700.0,⚠️ YẾU DẦN,35.5,3.0,🟠 HẠN CHẾ / GIẢM,OBV xấu + RSI yếu + Thiếu mẫu xác nhận,35.09,-4.97,-0.85,-3.7,2.85,11908.84,12122.5,-1.76,0.35,-1.7536552678514503,-3.4852546916890104,🔴,1253700.0,1767715.0,0.7092206605702842,-1.75,0.0,0.0,-10.34,False,False,False,THEO DÕI,,,,52839500.0,56448325.0,,False,,,46.86,1.0,-2.0,1.0,7.0,5.6,5.6,7.6,1.0,29.0,🔴 Forecast rủi ro,WEAKENING|<45|<-2|2-5|STRONG_NEG|NEGATIVE|0.7-1.0|NO_G2|NO_EARLY|NO_PULL|NO_DRYUP|40-60,<4|20-40|4-6,WEAKENING,<45,<-2,2-5,STRONG_NEG,0.7-1.0,NEGATIVE,NO_G2,NO_EARLY,NO_PULL,NO_DRYUP,40-60,<4,20-40,4-6,CTX[<4|20-40|4-6]::DNA[WEAKENING|<45|<-2|2-5|STRONG_NEG|NEGATIVE|0.7-1.0|NO_G2|NO_EARLY|NO_PULL|NO_DRYUP|40-60],CTX[<4|20-40|4-6]::DNA[WEAKENING|<45|<-2|2-5|STRONG_NEG|NEGATIVE|0.7-1.0|NO_G2|NO_EARLY|NO_PULL|NO_DRYUP|40-60],CTX[<4|20-40|4-6]::DNA[WEAKENING|<45|<-2|2-5|STRONG_NEG|NEGATIVE|0.7-1.0|NO_G2|NO_EARLY|NO_PULL|NO_DRYUP|40-60],V4,2026-08-14T09:00:30Z
9061647327458f7a,9061647327458f7a,PENDING_OUTCOME,2026-08-14,2026-08-14T09:00:29Z,4.0.0,GEN3_EXPERIENCE,DECISION_CONTEXT_V1,EIB,17150.0,⚠️ YẾU DẦN,34.5,3.0,🟠 HẠN CHẾ / GIẢM,OBV xấu + RSI yếu + Thiếu mẫu xác nhận,32.96,-9.99,-4.72,-3.65,-1.0699999999999998,17803.29,17732.5,0.4,-0.1,-3.669490302073386,-3.2849288030452506,🔴,5497157.0,6599433.0,0.8329741358083338,-3.67,3.94,3.94,-9.97,False,False,False,THEO DÕI,,,,157329943.0,168297438.0,,False,,,46.53,-6.0,-6.3,1.0,7.0,5.6,5.6,7.6,1.0,29.0,🔴 Forecast rủi ro,WEAKENING|<45|<-2|-2-0|STRONG_POS|NEGATIVE|0.7-1.0|NO_G2|NO_EARLY|NO_PULL|NO_DRYUP|40-60,<4|20-40|4-6,WEAKENING,<45,<-2,-2-0,STRONG_POS,0.7-1.0,NEGATIVE,NO_G2,NO_EARLY,NO_PULL,NO_DRYUP,40-60,<4,20-40,4-6,CTX[<4|20-40|4-6]::DNA[WEAKENING|<45|<-2|-2-0|STRONG_POS|NEGATIVE|0.7-1.0|NO_G2|NO_EARLY|NO_PULL|NO_DRYUP|40-60],CTX[<4|20-40|4-6]::DNA[WEAKENING|<45|<-2|-2-0|STRONG_POS|NEGATIVE|0.7-1.0|NO_G2|NO_EARLY|NO_PULL|NO_DRYUP|40-60],CTX[<4|20-40|4-6]::DNA[WEAKENING|<45|<-2|-2-0|STRONG_POS|NEGATIVE|0.7-1.0|NO_G2|NO_EARLY|NO_PULL|NO_DRYUP|40-60],V4,2026-08-14T09:00:30Z
3810696ac9da5446,3810696ac9da5446,PENDING_OUTCOME,2026-08-14,2026-08-14T09:00:29Z,4.0.0,GEN3_EXPERIENCE,DECISION_CONTEXT_V1,VPL,74500.0,⚠️ YẾU DẦN,33.8,3.0,🟠 HẠN CHẾ / GIẢM,OBV xấu + RSI yếu + RS yếu,31.29,-10.85,-5.7,-6.41,0.71,77762.09,77625.0,0.18,-0.86,-4.194961838088451,-4.025764895330108,🔴,634100.0,604375.0,1.0491830403309204,-4.19,1.36,1.36,-9.04,False,False,False,THEO DÕI,,,,12968900.0,14333445.0,,False,,,46.27,-3.0,-0.1,1.0,7.0,5.6,5.6,7.6,1.0,29.0,🔴 Forecast rủi ro,WEAKENING|<45|<-2|0-2|POS|NEGATIVE|1.0-1.2|NO_G2|NO_EARLY|NO_PULL|NO_DRYUP|40-60,<4|20-40|4-6,WEAKENING,<45,<-2,0-2,POS,1.0-1.2,NEGATIVE,NO_G2,NO_EARLY,NO_PULL,NO_DRYUP,40-60,<4,20-40,4-6,CTX[<4|20-40|4-6]::DNA[WEAKENING|<45|<-2|0-2|POS|NEGATIVE|1.0-1.2|NO_G2|NO_EARLY|NO_PULL|NO_DRYUP|40-60],CTX[<4|20-40|4-6]::DNA[WEAKENING|<45|<-2|0-2|POS|NEGATIVE|1.0-1.2|NO_G2|NO_EARLY|NO_PULL|NO_DRYUP|40-60],CTX[<4|20-40|4-6]::DNA[WEAKENING|<45|<-2|0-2|POS|NEGATIVE|1.0-1.2|NO_G2|NO_EARLY|NO_PULL|NO_DRYUP|40-60],V4,2026-08-14T09:00:30Z
116c6bde522c0d04,116c6bde522c0d04,PENDING_OUTCOME,2026-08-14,2026-08-14T09:00:29Z,4.0.0,GEN3_EXPERIENCE,DECISION_CONTEXT_V1,KBC,26950.0,⚠️ YẾU DẦN,33.5,3.0,🟠 HẠN CHẾ / GIẢM,OBV xấu + RSI yếu + Thiếu mẫu xác nhận,34.2,-14.07,-3.75,-3.06,-0.69,27757.03,27757.5,-0.0,-0.69,-2.907479654703682,-2.909123660271995,🔴,2062500.0,1407415.0,1.4654526205845468,-2.91,0.56,0.56,-6.91,False,False,False,THEO DÕI,,,,228643600.0,231122521.0,,False,,,46.66,-12.0,-0.1,-2.0,7.0,5.6,5.6,7.6,1.0,29.0,🔴 Forecast rủi ro,WEAKENING|<45|<-2|-2-0|POS|NEGATIVE|1.2-1.5|NO_G2|NO_EARLY|NO_PULL|NO_DRYUP|40-60,<4|20-40|4-6,WEAKENING,<45,<-2,-2-0,POS,1.2-1.5,NEGATIVE,NO_G2,NO_EARLY,NO_PULL,NO_DRYUP,40-60,<4,20-40,4-6,CTX[<4|20-40|4-6]::DNA[WEAKENING|<45|<-2|-2-0|POS|NEGATIVE|1.2-1.5|NO_G2|NO_EARLY|NO_PULL|NO_DRYUP|40-60],CTX[<4|20-40|4-6]::DNA[WEAKENING|<45|<-2|-2-0|POS|NEGATIVE|1.2-1.5|NO_G2|NO_EARLY|NO_PULL|NO_DRYUP|40-60],CTX[<4|20-40|4-6]::DNA[WEAKENING|<45|<-2|-2-0|POS|NEGATIVE|1.2-1.5|NO_G2|NO_EARLY|NO_PULL|NO_DRYUP|40-60],V4,2026-08-14T09:00:30Z
99f119a9594d6500,99f119a9594d6500,PENDING_OUTCOME,2026-08-14,2026-08-14T09:00:29Z,4.0.0,GEN3_EXPERIENCE,DECISION_CONTEXT_V1,NTL,13400.0,⚠️ YẾU DẦN,31.7,3.0,🟠 HẠN CHẾ / GIẢM,OBV xấu + RSI yếu + Xu hướng giảm,22.76,-4.44,-1.47,-2.19,0.72,13628.72,13930.0,-2.16,0.34,-1.6782206986422743,-3.804737975592243,🔴,369500.0,286340.0,1.2904239715024095,-1.68,0.0,0.0,-9.76,False,False,False,THEO DÕI,,,,69914400.0,70531681.0,,False,,,45.0,-9.0,-6.4,-2.0,7.0,5.6,5.6,7.6,1.0,29.0,🔴 Forecast rủi ro,WEAKENING|<45|<-2|0-2|STRONG_NEG|NEGATIVE|1.2-1.5|NO_G2|NO_EARLY|NO_PULL|NO_DRYUP|40-60,<4|20-40|4-6,WEAKENING,<45,<-2,0-2,STRONG_NEG,1.2-1.5,NEGATIVE,NO_G2,NO_EARLY,NO_PULL,NO_DRYUP,40-60,<4,20-40,4-6,CTX[<4|20-40|4-6]::DNA[WEAKENING|<45|<-2|0-2|STRONG_NEG|NEGATIVE|1.2-1.5|NO_G2|NO_EARLY|NO_PULL|NO_DRYUP|40-60],CTX[<4|20-40|4-6]::DNA[WEAKENING|<45|<-2|0-2|STRONG_NEG|NEGATIVE|1.2-1.5|NO_G2|NO_EARLY|NO_PULL|NO_DRYUP|40-60],CTX[<4|20-40|4-6]::DNA[WEAKENING|<45|<-2|0-2|STRONG_NEG|NEGATIVE|1.2-1.5|NO_G2|NO_EARLY|NO_PULL|NO_DRYUP|40-60],V4,2026-08-14T09:00:30Z
eabc84cb95f65294,eabc84cb95f65294,PENDING_OUTCOME,2026-08-14,2026-08-14T09:00:29Z,4.0.0,GEN3_EXPERIENCE,DECISION_CONTEXT_V1,VHM,68200.0,⚠️ YẾU DẦN,31.2,3.0,🟠 HẠN CHẾ / GIẢM,OBV xấu + Giá lệch xu hướng + Vol chưa xác nhận,42.19,-8.12,-6.58,-7.9,1.3200000000000005,71918.26,70755.0,1.64,-1.74,-5.170119521801553,-3.611052222457778,🔴,12131200.0,6862705.0,1.767699471272625,-5.17,7.49,7.49,-16.52,False,False,False,THEO DÕI,,,,356178200.0,362383205.0,,False,,,47.91,-2.5,-3.7,-1.0,7.0,5.6,5.6,7.6,1.0,29.0,🔴 Forecast rủi ro,WEAKENING|<45|<-2|0-2|STRONG_POS|NEGATIVE|>=1.5|NO_G2|NO_EARLY|NO_PULL|NO_DRYUP|40-60,<4|20-40|4-6,WEAKENING,<45,<-2,0-2,STRONG_POS,>=1.5,NEGATIVE,NO_G2,NO_EARLY,NO_PULL,NO_DRYUP,40-60,<4,20-40,4-6,CTX[<4|20-40|4-6]::DNA[WEAKENING|<45|<-2|0-2|STRONG_POS|NEGATIVE|>=1.5|NO_G2|NO_EARLY|NO_PULL|NO_DRYUP|40-60],CTX[<4|20-40|4-6]::DNA[WEAKENING|<45|<-2|0-2|STRONG_POS|NEGATIVE|>=1.5|NO_G2|NO_EARLY|NO_PULL|NO_DRYUP|40-60],CTX[<4|20-40|4-6]::DNA[WEAKENING|<45|<-2|0-2|STRONG_POS|NEGATIVE|>=1.5|NO_G2|NO_EARLY|NO_PULL|NO_DRYUP|40-60],V4,2026-08-14T09:00:30Z
a0c8fbae1b9650f9,a0c8fbae1b9650f9,PENDING_OUTCOME,2026-08-14,2026-08-14T09:00:29Z,4.0.0,GEN3_EXPERIENCE,DECISION_CONTEXT_V1,VJC,123200.0,⚠️ YẾU DẦN,30.9,3.0,🟠 HẠN CHẾ / GIẢM,OBV xấu + Vol chưa xác nhận + RSI yếu,35.57,-8.67,-1.83,-1.44,-0.3900000000000001,125629.41,126355.0,-0.57,0.17,-1.933790821751058,-2.496933243638954,🔴,7114169.0,1563973.0,4.548779934180449,-1.93,0.0,0.0,-8.47,False,False,False,THEO DÕI,,,,14370831.0,20737108.0,,False,,,46.88,4.0,-3.9,-2.0,7.0,5.6,5.6,7.6,1.0,29.0,🔴 Forecast rủi ro,WEAKENING|<45|-2-0|-2-0|STRONG_NEG|NEGATIVE|>=1.5|NO_G2|NO_EARLY|NO_PULL|NO_DRYUP|40-60,<4|20-40|4-6,WEAKENING,<45,-2-0,-2-0,STRONG_NEG,>=1.5,NEGATIVE,NO_G2,NO_EARLY,NO_PULL,NO_DRYUP,40-60,<4,20-40,4-6,CTX[<4|20-40|4-6]::DNA[WEAKENING|<45|-2-0|-2-0|STRONG_NEG|NEGATIVE|>=1.5|NO_G2|NO_EARLY|NO_PULL|NO_DRYUP|40-60],CTX[<4|20-40|4-6]::DNA[WEAKENING|<45|-2-0|-2-0|STRONG_NEG|NEGATIVE|>=1.5|NO_G2|NO_EARLY|NO_PULL|NO_DRYUP|40-60],CTX[<4|20-40|4-6]::DNA[WEAKENING|<45|-2-0|-2-0|STRONG_NEG|NEGATIVE|>=1.5|NO_G2|NO_EARLY|NO_PULL|NO_DRYUP|40-60],V4,2026-08-14T09:00:30Z
6cda19345459b035,6cda19345459b035,PENDING_OUTCOME,2026-08-14,2026-08-14T09:00:29Z,4.0.0,GEN3_EXPERIENCE,DECISION_CONTEXT_V1,VIC,200400.0,⛔ RẤT YẾU,26.2,4.0,🔴 TRÁNH / BÁN,OBV xấu + RSI yếu + RS yếu,37.7,-4.64,-6.79,-6.4,-0.3899999999999997,210373.05,213645.0,-1.53,-0.74,-4.740650002459912,-6.199536614477285,🔴,7976400.0,4595480.0,1.7357055193363915,-4.74,0.0,4.37,-10.54,False,False,False,THEO DÕI,,,,298029800.0,307503094.0,,False,,,47.21,-1.0,-4.0,-2.0,7.0,5.6,5.6,7.6,1.0,29.0,🔴 Forecast rủi ro,VERY_WEAK|<45|<-2|-2-0|STRONG_NEG|NEGATIVE|>=1.5|NO_G2|NO_EARLY|NO_PULL|NO_DRYUP|40-60,<4|20-40|4-6,VERY_WEAK,<45,<-2,-2-0,STRONG_NEG,>=1.5,NEGATIVE,NO_G2,NO_EARLY,NO_PULL,NO_DRYUP,40-60,<4,20-40,4-6,CTX[<4|20-40|4-6]::DNA[VERY_WEAK|<45|<-2|-2-0|STRONG_NEG|NEGATIVE|>=1.5|NO_G2|NO_EARLY|NO_PULL|NO_DRYUP|40-60],CTX[<4|20-40|4-6]::DNA[VERY_WEAK|<45|<-2|-2-0|STRONG_NEG|NEGATIVE|>=1.5|NO_G2|NO_EARLY|NO_PULL|NO_DRYUP|40-60],CTX[<4|20-40|4-6]::DNA[VERY_WEAK|<45|<-2|-2-0|STRONG_NEG|NEGATIVE|>=1.5|NO_G2|NO_EARLY|NO_PULL|NO_DRYUP|40-60],V4,2026-08-14T09:00:30Z
127dde0289198828,127dde0289198828,PENDING_OUTCOME,2026-08-14,2026-08-14T09:00:29Z,4.0.0,GEN3_EXPERIENCE,DECISION_CONTEXT_V1,HUT,13100.0,⛔ RẤT YẾU,23.3,4.0,🔴 TRÁNH / BÁN,OBV xấu + RSI yếu + Xu hướng giảm,16.5,-6.83,-2.24,-11.49,9.25,13666.75,14300.0,-4.43,-0.22,-4.146925933378453,-8.391608391608397,🔴,1175800.0,2400100.0,0.4898962543227365,-4.15,0.0,0.0,-13.82,False,False,False,THEO DÕI,,,,25023600.0,29242067.0,,False,,,45.06,2.5,-2.0,1.0,7.0,5.6,5.6,7.6,1.0,29.0,🔴 Forecast rủi ro,VERY_WEAK|<45|<-2|>=5|STRONG_NEG|NEGATIVE|<0.7|NO_G2|NO_EARLY|NO_PULL|NO_DRYUP|40-60,<4|20-40|4-6,VERY_WEAK,<45,<-2,>=5,STRONG_NEG,<0.7,NEGATIVE,NO_G2,NO_EARLY,NO_PULL,NO_DRYUP,40-60,<4,20-40,4-6,CTX[<4|20-40|4-6]::DNA[VERY_WEAK|<45|<-2|>=5|STRONG_NEG|NEGATIVE|<0.7|NO_G2|NO_EARLY|NO_PULL|NO_DRYUP|40-60],CTX[<4|20-40|4-6]::DNA[VERY_WEAK|<45|<-2|>=5|STRONG_NEG|NEGATIVE|<0.7|NO_G2|NO_EARLY|NO_PULL|NO_DRYUP|40-60],CTX[<4|20-40|4-6]::DNA[VERY_WEAK|<45|<-2|>=5|STRONG_NEG|NEGATIVE|<0.7|NO_G2|NO_EARLY|NO_PULL|NO_DRYUP|40-60],V4,2026-08-14T09:00:30Z
48a8f1199a24b64a,48a8f1199a24b64a,PENDING_OUTCOME,2026-08-17,2026-08-17T08:40:31Z,4.0.0,GEN3_EXPERIENCE,DECISION_CONTEXT_V1,NLG,23750.0,🌱 ĐANG HỒI,80.8,0.0,🟢 MUA / GIỮ,OBV tốt + RSI cải thiện + Xu hướng lên,57.3,10.52,5.09,9.45,-4.359999999999999,22680.02,22022.5,2.99,2.84,4.717720707477335,7.844250198660463,🟢,2256000.0,2473415.0,0.9120992635687906,4.72,18.75,18.75,-5.0,False,False,False,GÀ TĂNG TỐC,,,,54223800.0,50159731.0,,False,,,61.18,14.5,-6.7,10.0,0.0,6.2,6.2,7.8,1.4,32.0,🔴 Forecast rủi ro,RECOVERING|55-60|5-10|<-2|STRONG_POS|POSITIVE|0.7-1.0|NO_G2|NO_EARLY|NO_PULL|NO_DRYUP|60-75,<4|20-40|6-8,RECOVERING,55-60,5-10,<-2,STRONG_POS,0.7-1.0,POSITIVE,NO_G2,NO_EARLY,NO_PULL,NO_DRYUP,60-75,<4,20-40,6-8,CTX[<4|20-40|6-8]::DNA[RECOVERING|55-60|5-10|<-2|STRONG_POS|POSITIVE|0.7-1.0|NO_G2|NO_EARLY|NO_PULL|NO_DRYUP|60-75],CTX[<4|20-40|6-8]::DNA[RECOVERING|55-60|5-10|<-2|STRONG_POS|POSITIVE|0.7-1.0|NO_G2|NO_EARLY|NO_PULL|NO_DRYUP|60-75],CTX[<4|20-40|6-8]::DNA[RECOVERING|55-60|5-10|<-2|STRONG_POS|POSITIVE|0.7-1.0|NO_G2|NO_EARLY|NO_PULL|NO_DRYUP|60-75],V4,2026-08-17T08:40:32Z
0fd09e03deca66dd,0fd09e03deca66dd,PENDING_OUTCOME,2026-08-17,2026-08-17T08:40:31Z,4.0.0,GEN3_EXPERIENCE,DECISION_CONTEXT_V1,TVN,9700.0,🌱 ĐANG HỒI,80.5,0.0,🟢 MUA / GIỮ,Xu hướng lên + OBV tốt + RSI cải thiện,52.27,7.81,4.3,5.43,-1.13,9384.33,9020.0,4.04,3.99,3.363799013888036,7.538802660753885,🟢,464200.0,633365.0,0.7329107228849084,3.36,16.87,16.87,-8.49,False,False,False,MUA EARLY,,,,41978600.0,39168843.0,,False,,,56.44,15.0,-8.0,8.0,5.0,6.2,6.2,7.8,1.4,32.0,🔴 Forecast rủi ro,RECOVERING|50-55|5-10|-2-0|STRONG_POS|POSITIVE|0.7-1.0|NO_G2|NO_EARLY|NO_PULL|NO_DRYUP|40-60,<4|20-40|6-8,RECOVERING,50-55,5-10,-2-0,STRONG_POS,0.7-1.0,POSITIVE,NO_G2,NO_EARLY,NO_PULL,NO_DRYUP,40-60,<4,20-40,6-8,CTX[<4|20-40|6-8]::DNA[RECOVERING|50-55|5-10|-2-0|STRONG_POS|POSITIVE|0.7-1.0|NO_G2|NO_EARLY|NO_PULL|NO_DRYUP|40-60],CTX[<4|20-40|6-8]::DNA[RECOVERING|50-55|5-10|-2-0|STRONG_POS|POSITIVE|0.7-1.0|NO_G2|NO_EARLY|NO_PULL|NO_DRYUP|40-60],CTX[<4|20-40|6-8]::DNA[RECOVERING|50-55|5-10|-2-0|STRONG_POS|POSITIVE|0.7-1.0|NO_G2|NO_EARLY|NO_PULL|NO_DRYUP|40-60],V4,2026-08-17T08:40:32Z
d856b28518d7fac4,d856b28518d7fac4,PENDING_OUTCOME,2026-08-17,2026-08-17T08:40:31Z,4.0.0,GEN3_EXPERIENCE,DECISION_CONTEXT_V1,VGT,12000.0,🌱 ĐANG HỒI,79.3,0.0,🟢 MUA / GIỮ,Xu hướng lên + OBV tốt + RSI cải thiện,63.29,4.13,4.35,9.09,-4.74,11670.37,11130.0,4.86,2.62,2.824503421913782,7.816711590296488,🟢,516000.0,348625.0,1.4801003944065974,2.82,13.21,13.21,-5.51,False,False,False,MUA EARLY,,,,17785100.0,16516907.0,,False,,,57.97,5.0,-10.1,6.0,5.0,6.2,6.2,7.8,1.4,32.0,🔴 Forecast rủi ro,RECOVERING|60-65|5-10|<-2|STRONG_POS|POSITIVE|1.2-1.5|NO_G2|NO_EARLY|NO_PULL|NO_DRYUP|40-60,<4|20-40|6-8,RECOVERING,60-65,5-10,<-2,STRONG_POS,1.2-1.5,POSITIVE,NO_G2,NO_EARLY,NO_PULL,NO_DRYUP,40-60,<4,20-40,6-8,CTX[<4|20-40|6-8]::DNA[RECOVERING|60-65|5-10|<-2|STRONG_POS|POSITIVE|1.2-1.5|NO_G2|NO_EARLY|NO_PULL|NO_DRYUP|40-60],CTX[<4|20-40|6-8]::DNA[RECOVERING|60-65|5-10|<-2|STRONG_POS|POSITIVE|1.2-1.5|NO_G2|NO_EARLY|NO_PULL|NO_DRYUP|40-60],CTX[<4|20-40|6-8]::DNA[RECOVERING|60-65|5-10|<-2|STRONG_POS|POSITIVE|1.2-1.5|NO_G2|NO_EARLY|NO_PULL|NO_DRYUP|40-60],V4,2026-08-17T08:40:32Z
37eac8a39cbc8d5f,37eac8a39cbc8d5f,PENDING_OUTCOME,2026-08-17,2026-08-17T08:40:31Z,4.0.0,GEN3_EXPERIENCE,DECISION_CONTEXT_V1,DXG,11500.0,🌱 ĐANG HỒI,78.8,0.0,🟢 MUA / GIỮ,OBV tốt + RSI cải thiện + Xu hướng lên,54.61,5.77,4.07,5.99,-1.92,11119.12,10773.5,3.21,2.75,3.425450934966068,6.743398152875102,🟢,6968236.0,11315897.0,0.615791748546315,3.43,15.35,15.35,-4.96,False,False,False,MUA EARLY,,,,585505404.0,569388195.0,,False,,,56.77,9.5,1.8,7.0,5.0,6.2,6.2,7.8,1.4,32.0,🔴 Forecast rủi ro,RECOVERING|50-55|5-10|-2-0|STRONG_POS|POSITIVE|<0.7|NO_G2|NO_EARLY|NO_PULL|NO_DRYUP|40-60,<4|20-40|6-8,RECOVERING,50-55,5-10,-2-0,STRONG_POS,<0.7,POSITIVE,NO_G2,NO_EARLY,NO_PULL,NO_DRYUP,40-60,<4,20-40,6-8,CTX[<4|20-40|6-8]::DNA[RECOVERING|50-55|5-10|-2-0|STRONG_POS|POSITIVE|<0.7|NO_G2|NO_EARLY|NO_PULL|NO_DRYUP|40-60],CTX[<4|20-40|6-8]::DNA[RECOVERING|50-55|5-10|-2-0|STRONG_POS|POSITIVE|<0.7|NO_G2|NO_EARLY|NO_PULL|NO_DRYUP|40-60],CTX[<4|20-40|6-8]::DNA[RECOVERING|50-55|5-10|-2-0|STRONG_POS|POSITIVE|<0.7|NO_G2|NO_EARLY|NO_PULL|NO_DRYUP|40-60],V4,2026-08-17T08:40:32Z
700753ecdcd6a376,700753ecdcd6a376,PENDING_OUTCOME,2026-08-17,2026-08-17T08:40:31Z,4.0.0,GEN3_EXPERIENCE,DECISION_CONTEXT_V1,TVS,14500.0,🌱 ĐANG HỒI,78.2,0.0,🟢 MUA / GIỮ,OBV tốt + RSI cải thiện + Vị trí giá tốt,57.64,7.08,5.07,4.69,0.3799999999999999,14017.02,13827.5,1.37,2.26,3.4456681948088708,4.86349665521606,🟢,95200.0,126560.0,0.7522123893805309,3.45,10.27,13.28,-4.29,False,False,False,MUA EARLY,,,,5361000.0,5152392.0,,False,,,57.22,10.5,-3.7,7.0,5.0,6.2,6.2,7.8,1.4,32.0,🔴 Forecast rủi ro,RECOVERING|55-60|2-5|0-2|STRONG_POS|POSITIVE|0.7-1.0|NO_G2|NO_EARLY|NO_PULL|NO_DRYUP|40-60,<4|20-40|6-8,RECOVERING,55-60,2-5,0-2,STRONG_POS,0.7-1.0,POSITIVE,NO_G2,NO_EARLY,NO_PULL,NO_DRYUP,40-60,<4,20-40,6-8,CTX[<4|20-40|6-8]::DNA[RECOVERING|55-60|2-5|0-2|STRONG_POS|POSITIVE|0.7-1.0|NO_G2|NO_EARLY|NO_PULL|NO_DRYUP|40-60],CTX[<4|20-40|6-8]::DNA[RECOVERING|55-60|2-5|0-2|STRONG_POS|POSITIVE|0.7-1.0|NO_G2|NO_EARLY|NO_PULL|NO_DRYUP|40-60],CTX[<4|20-40|6-8]::DNA[RECOVERING|55-60|2-5|0-2|STRONG_POS|POSITIVE|0.7-1.0|NO_G2|NO_EARLY|NO_PULL|NO_DRYUP|40-60],V4,2026-08-17T08:40:32Z
81a09f3ad97a4d31,81a09f3ad97a4d31,PENDING_OUTCOME,2026-08-17,2026-08-17T08:40:31Z,4.0.0,GEN3_EXPERIENCE,DECISION_CONTEXT_V1,TCB,31800.0,🌱 ĐANG HỒI,77.9,0.0,🟢 MUA / GIỮ,OBV tốt + Xu hướng lên + Vị trí giá tốt,58.6,1.21,1.44,6.18,-4.74,31084.7,29877.5,4.04,2.03,2.3011320681878944,6.434607982595608,🟢,10961200.0,15725770.0,0.6970215130960201,2.3,12.57,12.57,-1.09,False,False,False,GÀ TĂNG TỐC,,,,440179596.0,409756493.0,,False,,,60.64,12.0,-6.3,8.0,0.0,6.2,6.2,7.8,1.4,32.0,🔴 Forecast rủi ro,RECOVERING|55-60|5-10|<-2|STRONG_POS|POSITIVE|<0.7|NO_G2|NO_EARLY|NO_PULL|NO_DRYUP|60-75,<4|20-40|6-8,RECOVERING,55-60,5-10,<-2,STRONG_POS,<0.7,POSITIVE,NO_G2,NO_EARLY,NO_PULL,NO_DRYUP,60-75,<4,20-40,6-8,CTX[<4|20-40|6-8]::DNA[RECOVERING|55-60|5-10|<-2|STRONG_POS|POSITIVE|<0.7|NO_G2|NO_EARLY|NO_PULL|NO_DRYUP|60-75],CTX[<4|20-40|6-8]::DNA[RECOVERING|55-60|5-10|<-2|STRONG_POS|POSITIVE|<0.7|NO_G2|NO_EARLY|NO_PULL|NO_DRYUP|60-75],CTX[<4|20-40|6-8]::DNA[RECOVERING|55-60|5-10|<-2|STRONG_POS|POSITIVE|<0.7|NO_G2|NO_EARLY|NO_PULL|NO_DRYUP|60-75],V4,2026-08-17T08:40:32Z
febeefdd27d94a07,febeefdd27d94a07,PENDING_OUTCOME,2026-08-17,2026-08-17T08:40:31Z,4.0.0,GEN3_EXPERIENCE,DECISION_CONTEXT_V1,SBT,23350.0,🌱 ĐANG HỒI,77.2,0.0,🟢 MUA / GIỮ,OBV tốt + Xu hướng lên + RS mạnh,79.95,17.46,9.88,9.62,0.2600000000000015,22194.32,21342.5,3.99,3.06,5.207098032289337,9.406114560149923,🟢,1124000.0,667595.0,1.683655509702739,5.21,13.08,16.17,-0.64,False,False,False,GÀ TĂNG TỐC,,,,109381300.0,106343583.0,,False,,,59.68,19.5,-6.2,12.0,0.0,6.2,6.2,7.8,1.4,32.0,🔴 Forecast rủi ro,RECOVERING|>=70|5-10|0-2|STRONG_POS|POSITIVE|>=1.5|NO_G2|NO_EARLY|NO_PULL|NO_DRYUP|40-60,<4|20-40|6-8,RECOVERING,>=70,5-10,0-2,STRONG_POS,>=1.5,POSITIVE,NO_G2,NO_EARLY,NO_PULL,NO_DRYUP,40-60,<4,20-40,6-8,CTX[<4|20-40|6-8]::DNA[RECOVERING|>=70|5-10|0-2|STRONG_POS|POSITIVE|>=1.5|NO_G2|NO_EARLY|NO_PULL|NO_DRYUP|40-60],CTX[<4|20-40|6-8]::DNA[RECOVERING|>=70|5-10|0-2|STRONG_POS|POSITIVE|>=1.5|NO_G2|NO_EARLY|NO_PULL|NO_DRYUP|40-60],CTX[<4|20-40|6-8]::DNA[RECOVERING|>=70|5-10|0-2|STRONG_POS|POSITIVE|>=1.5|NO_G2|NO_EARLY|NO_PULL|NO_DRYUP|40-60],V4,2026-08-17T08:40:32Z
418a6381a84b11b9,418a6381a84b11b9,PENDING_OUTCOME,2026-08-17,2026-08-17T08:40:31Z,4.0.0,GEN3_EXPERIENCE,DECISION_CONTEXT_V1,PVT,20300.0,🌱 ĐANG HỒI,76.9,0.0,🟢 MUA / GIỮ,OBV tốt + Xu hướng lên + Vol xác nhận,64.72,0.79,4.64,9.14,-4.500000000000001,19485.5,18227.5,6.9,1.34,4.180031305329601,11.370182416678087,🟢,3243900.0,4084275.0,0.7942413280202729,4.18,24.54,24.54,-1.46,False,False,False,MUA EARLY,,,,14228600.0,10932675.0,,False,,,57.96,-1.0,-7.7,9.0,5.0,6.2,6.2,7.8,1.4,32.0,🔴 Forecast rủi ro,RECOVERING|60-65|5-10|<-2|STRONG_POS|POSITIVE|0.7-1.0|NO_G2|NO_EARLY|NO_PULL|NO_DRYUP|40-60,<4|20-40|6-8,RECOVERING,60-65,5-10,<-2,STRONG_POS,0.7-1.0,POSITIVE,NO_G2,NO_EARLY,NO_PULL,NO_DRYUP,40-60,<4,20-40,6-8,CTX[<4|20-40|6-8]::DNA[RECOVERING|60-65|5-10|<-2|STRONG_POS|POSITIVE|0.7-1.0|NO_G2|NO_EARLY|NO_PULL|NO_DRYUP|40-60],CTX[<4|20-40|6-8]::DNA[RECOVERING|60-65|5-10|<-2|STRONG_POS|POSITIVE|0.7-1.0|NO_G2|NO_EARLY|NO_PULL|NO_DRYUP|40-60],CTX[<4|20-40|6-8]::DNA[RECOVERING|60-65|5-10|<-2|STRONG_POS|POSITIVE|0.7-1.0|NO_G2|NO_EARLY|NO_PULL|NO_DRYUP|40-60],V4,2026-08-17T08:40:32Z
0b82a0e89cb56a50,0b82a0e89cb56a50,PENDING_OUTCOME,2026-08-17,2026-08-17T08:40:31Z,4.0.0,GEN3_EXPERIENCE,DECISION_CONTEXT_V1,DGW,41300.0,🌱 ĐANG HỒI,75.7,0.0,🟢 MUA / GIỮ,OBV tốt + Xu hướng lên + Vị trí giá tốt,60.09,-3.64,2.48,11.47,-8.99,40623.49,37872.5,7.26,1.0,1.665317283177803,9.05010231698462,🟢,1056000.0,1190770.0,0.886821132544488,1.67,24.59,24.59,-5.82,False,False,False,PULL VỪA,,,,61796500.0,60051064.0,,False,,,58.78,-1.0,6.6,7.0,4.0,6.2,6.2,7.8,1.4,32.0,🔴 Forecast rủi ro,RECOVERING|60-65|>=10|<-2|STRONG_POS|POSITIVE|0.7-1.0|NO_G2|NO_EARLY|NO_PULL|NO_DRYUP|40-60,<4|20-40|6-8,RECOVERING,60-65,>=10,<-2,STRONG_POS,0.7-1.0,POSITIVE,NO_G2,NO_EARLY,NO_PULL,NO_DRYUP,40-60,<4,20-40,6-8,CTX[<4|20-40|6-8]::DNA[RECOVERING|60-65|>=10|<-2|STRONG_POS|POSITIVE|0.7-1.0|NO_G2|NO_EARLY|NO_PULL|NO_DRYUP|40-60],CTX[<4|20-40|6-8]::DNA[RECOVERING|60-65|>=10|<-2|STRONG_POS|POSITIVE|0.7-1.0|NO_G2|NO_EARLY|NO_PULL|NO_DRYUP|40-60],CTX[<4|20-40|6-8]::DNA[RECOVERING|60-65|>=10|<-2|STRONG_POS|POSITIVE|0.7-1.0|NO_G2|NO_EARLY|NO_PULL|NO_DRYUP|40-60],V4,2026-08-17T08:40:32Z
ea7050a2cddb0ff0,ea7050a2cddb0ff0,PENDING_OUTCOME,2026-08-17,2026-08-17T08:40:31Z,4.0.0,GEN3_EXPERIENCE,DECISION_CONTEXT_V1,CTR,76800.0,🌱 ĐANG HỒI,75.2,0.0,🟢 MUA / GIỮ,OBV tốt + Vol xác nhận + Vị trí giá tốt,61.22,-0.39,-0.39,3.36,-3.75,75767.31,72945.0,3.87,-0.53,1.3629756685304084,5.284803619165124,🟢,332656.0,314268.0,1.0585105705957971,1.36,15.66,15.66,-0.9,False,False,False,GÀ TĂNG TỐC,,,,-6426544.0,-7103365.0,,False,,,60.66,8.5,-6.2,8.0,0.0,6.2,6.2,7.8,1.4,32.0,🔴 Forecast rủi ro,RECOVERING|60-65|2-5|<-2|STRONG_POS|POSITIVE|1.0-1.2|NO_G2|NO_EARLY|NO_PULL|NO_DRYUP|60-75,<4|20-40|6-8,RECOVERING,60-65,2-5,<-2,STRONG_POS,1.0-1.2,POSITIVE,NO_G2,NO_EARLY,NO_PULL,NO_DRYUP,60-75,<4,20-40,6-8,CTX[<4|20-40|6-8]::DNA[RECOVERING|60-65|2-5|<-2|STRONG_POS|POSITIVE|1.0-1.2|NO_G2|NO_EARLY|NO_PULL|NO_DRYUP|60-75],CTX[<4|20-40|6-8]::DNA[RECOVERING|60-65|2-5|<-2|STRONG_POS|POSITIVE|1.0-1.2|NO_G2|NO_EARLY|NO_PULL|NO_DRYUP|60-75],CTX[<4|20-40|6-8]::DNA[RECOVERING|60-65|2-5|<-2|STRONG_POS|POSITIVE|1.0-1.2|NO_G2|NO_EARLY|NO_PULL|NO_DRYUP|60-75],V4,2026-08-17T08:40:32Z
ec5842c72238e65e,ec5842c72238e65e,PENDING_OUTCOME,2026-08-17,2026-08-17T08:40:31Z,4.0.0,GEN3_EXPERIENCE,DECISION_CONTEXT_V1,VTP,54800.0,🌱 ĐANG HỒI,74.4,0.0,🟢 MUA / GIỮ,OBV tốt + Xu hướng lên + Vol xác nhận,61.77,-2.81,2.62,11.72,-9.1,53001.19,49945.0,6.12,1.04,3.3939049293044032,9.72069276203824,🟢,541800.0,656670.0,0.8250719539494723,3.39,22.32,22.32,-3.35,False,False,False,GÀ TĂNG TỐC,,,,10054200.0,9014389.0,,False,,,61.79,4.0,-1.0,9.0,0.0,6.2,6.2,7.8,1.4,32.0,🔴 Forecast rủi ro,RECOVERING|60-65|>=10|<-2|STRONG_POS|POSITIVE|0.7-1.0|NO_G2|NO_EARLY|NO_PULL|NO_DRYUP|60-75,<4|20-40|6-8,RECOVERING,60-65,>=10,<-2,STRONG_POS,0.7-1.0,POSITIVE,NO_G2,NO_EARLY,NO_PULL,NO_DRYUP,60-75,<4,20-40,6-8,CTX[<4|20-40|6-8]::DNA[RECOVERING|60-65|>=10|<-2|STRONG_POS|POSITIVE|0.7-1.0|NO_G2|NO_EARLY|NO_PULL|NO_DRYUP|60-75],CTX[<4|20-40|6-8]::DNA[RECOVERING|60-65|>=10|<-2|STRONG_POS|POSITIVE|0.7-1.0|NO_G2|NO_EARLY|NO_PULL|NO_DRYUP|60-75],CTX[<4|20-40|6-8]::DNA[RECOVERING|60-65|>=10|<-2|STRONG_POS|POSITIVE|0.7-1.0|NO_G2|NO_EARLY|NO_PULL|NO_DRYUP|60-75],V4,2026-08-17T08:40:32Z
77ced88141d0ed1d,77ced88141d0ed1d,PENDING_OUTCOME,2026-08-17,2026-08-17T08:40:31Z,4.0.0,GEN3_EXPERIENCE,DECISION_CONTEXT_V1,NTP,50900.0,🌱 ĐANG HỒI,74.0,0.0,🟢 MUA / GIỮ,OBV tốt + RSI cải thiện + Vị trí giá tốt,58.77,8.73,3.88,4.73,-0.8500000000000005,50067.51,48955.0,2.27,1.98,1.662734975236435,3.973036462057,🟢,325700.0,158760.0,2.0515243134290757,1.66,6.93,6.93,-6.43,False,False,False,PULL VỪA,,,,10805200.0,10432929.0,,False,,,57.97,18.0,6.9,5.0,4.0,6.2,6.2,7.8,1.4,32.0,🔴 Forecast rủi ro,RECOVERING|55-60|2-5|-2-0|STRONG_POS|POSITIVE|>=1.5|NO_G2|NO_EARLY|NO_PULL|NO_DRYUP|40-60,<4|20-40|6-8,RECOVERING,55-60,2-5,-2-0,STRONG_POS,>=1.5,POSITIVE,NO_G2,NO_EARLY,NO_PULL,NO_DRYUP,40-60,<4,20-40,6-8,CTX[<4|20-40|6-8]::DNA[RECOVERING|55-60|2-5|-2-0|STRONG_POS|POSITIVE|>=1.5|NO_G2|NO_EARLY|NO_PULL|NO_DRYUP|40-60],CTX[<4|20-40|6-8]::DNA[RECOVERING|55-60|2-5|-2-0|STRONG_POS|POSITIVE|>=1.5|NO_G2|NO_EARLY|NO_PULL|NO_DRYUP|40-60],CTX[<4|20-40|6-8]::DNA[RECOVERING|55-60|2-5|-2-0|STRONG_POS|POSITIVE|>=1.5|NO_G2|NO_EARLY|NO_PULL|NO_DRYUP|40-60],V4,2026-08-17T08:40:32Z
7f3870b6941f7ca0,7f3870b6941f7ca0,PENDING_OUTCOME,2026-08-17,2026-08-17T08:40:31Z,4.0.0,GEN3_EXPERIENCE,DECISION_CONTEXT_V1,VHC,54000.0,🌱 ĐANG HỒI,74.0,0.0,🟢 MUA / GIỮ,OBV tốt + Vị trí giá tốt + RSI cải thiện,47.97,5.32,3.65,1.89,1.76,53453.71,53315.0,0.26,1.89,1.0219870613283888,1.284816655725396,🟢,314000.0,369570.0,0.8496360635332955,1.02,5.06,5.06,-5.43,False,False,False,MUA EARLY,,,,2869900.0,1769706.0,,False,,,55.21,11.0,0.7,5.0,5.0,6.2,6.2,7.8,1.4,32.0,🔴 Forecast rủi ro,RECOVERING|45-50|0-2|0-2|STRONG_POS|POSITIVE|0.7-1.0|NO_G2|NO_EARLY|NO_PULL|NO_DRYUP|40-60,<4|20-40|6-8,RECOVERING,45-50,0-2,0-2,STRONG_POS,0.7-1.0,POSITIVE,NO_G2,NO_EARLY,NO_PULL,NO_DRYUP,40-60,<4,20-40,6-8,CTX[<4|20-40|6-8]::DNA[RECOVERING|45-50|0-2|0-2|STRONG_POS|POSITIVE|0.7-1.0|NO_G2|NO_EARLY|NO_PULL|NO_DRYUP|40-60],CTX[<4|20-40|6-8]::DNA[RECOVERING|45-50|0-2|0-2|STRONG_POS|POSITIVE|0.7-1.0|NO_G2|NO_EARLY|NO_PULL|NO_DRYUP|40-60],CTX[<4|20-40|6-8]::DNA[RECOVERING|45-50|0-2|0-2|STRONG_POS|POSITIVE|0.7-1.0|NO_G2|NO_EARLY|NO_PULL|NO_DRYUP|40-60],V4,2026-08-17T08:40:32Z
8c4a911c42d8eac5,8c4a911c42d8eac5,PENDING_OUTCOME,2026-08-17,2026-08-17T08:40:31Z,4.0.0,GEN3_EXPERIENCE,DECISION_CONTEXT_V1,OCB,10950.0,🌱 ĐANG HỒI,73.7,0.0,🟢 MUA / GIỮ,OBV tốt + Vị trí giá tốt + Xu hướng lên,60.02,-0.8,2.34,6.31,-3.97,10775.08,10437.5,3.23,1.45,1.6233754180943416,4.910179640718559,🟢,1130200.0,2521210.0,0.4482768194636702,1.62,9.5,10.94,-1.35,False,False,False,PULL VỪA,,,,118451900.0,112191600.0,,False,,,58.29,0.5,-2.0,7.0,4.0,6.2,6.2,7.8,1.4,32.0,🔴 Forecast rủi ro,RECOVERING|60-65|5-10|<-2|STRONG_POS|POSITIVE|<0.7|NO_G2|NO_EARLY|NO_PULL|NO_DRYUP|40-60,<4|20-40|6-8,RECOVERING,60-65,5-10,<-2,STRONG_POS,<0.7,POSITIVE,NO_G2,NO_EARLY,NO_PULL,NO_DRYUP,40-60,<4,20-40,6-8,CTX[<4|20-40|6-8]::DNA[RECOVERING|60-65|5-10|<-2|STRONG_POS|POSITIVE|<0.7|NO_G2|NO_EARLY|NO_PULL|NO_DRYUP|40-60],CTX[<4|20-40|6-8]::DNA[RECOVERING|60-65|5-10|<-2|STRONG_POS|POSITIVE|<0.7|NO_G2|NO_EARLY|NO_PULL|NO_DRYUP|40-60],CTX[<4|20-40|6-8]::DNA[RECOVERING|60-65|5-10|<-2|STRONG_POS|POSITIVE|<0.7|NO_G2|NO_EARLY|NO_PULL|NO_DRYUP|40-60],V4,2026-08-17T08:40:32Z
53aa5daad91c65ef,53aa5daad91c65ef,PENDING_OUTCOME,2026-08-17,2026-08-17T08:40:31Z,4.0.0,GEN3_EXPERIENCE,DECISION_CONTEXT_V1,GVR,31350.0,🌱 ĐANG HỒI,73.4,0.0,🟢 MUA / GIỮ,OBV tốt + Xu hướng lên + Vị trí giá tốt,57.11,-7.24,-1.42,11.17,-12.59,30795.65,28752.5,7.11,1.45,1.8000918960957124,9.033997043735331,🟢,1799100.0,2249405.0,0.7998115057092876,1.8,20.58,20.58,-4.71,False,False,False,PULL VỪA,,,,253776000.0,249583719.0,,False,,,58.12,9.0,-7.5,8.0,4.0,6.2,6.2,7.8,1.4,32.0,🔴 Forecast rủi ro,RECOVERING|55-60|>=10|<-2|STRONG_POS|POSITIVE|0.7-1.0|NO_G2|NO_EARLY|NO_PULL|NO_DRYUP|40-60,<4|20-40|6-8,RECOVERING,55-60,>=10,<-2,STRONG_POS,0.7-1.0,POSITIVE,NO_G2,NO_EARLY,NO_PULL,NO_DRYUP,40-60,<4,20-40,6-8,CTX[<4|20-40|6-8]::DNA[RECOVERING|55-60|>=10|<-2|STRONG_POS|POSITIVE|0.7-1.0|NO_G2|NO_EARLY|NO_PULL|NO_DRYUP|40-60],CTX[<4|20-40|6-8]::DNA[RECOVERING|55-60|>=10|<-2|STRONG_POS|POSITIVE|0.7-1.0|NO_G2|NO_EARLY|NO_PULL|NO_DRYUP|40-60],CTX[<4|20-40|6-8]::DNA[RECOVERING|55-60|>=10|<-2|STRONG_POS|POSITIVE|0.7-1.0|NO_G2|NO_EARLY|NO_PULL|NO_DRYUP|40-60],V4,2026-08-17T08:40:32Z
a01fb379f4ae2bdf,a01fb379f4ae2bdf,PENDING_OUTCOME,2026-08-17,2026-08-17T08:40:31Z,4.0.0,GEN3_EXPERIENCE,DECISION_CONTEXT_V1,GAS,79100.0,🌱 ĐANG HỒI,72.8,0.0,🟢 MUA / GIỮ,OBV tốt + Xu hướng lên + Vị trí giá tốt,58.95,-3.92,-0.88,11.1,-11.98,76244.05,71590.0,6.5,1.57,3.745800491972817,10.490291940215112,🟢,1109600.0,1500995.0,0.7392429688306756,3.75,22.83,22.83,-1.86,False,False,False,MUA EARLY,,,,40372800.0,39917828.0,,False,,,57.6,2.0,-10.6,8.0,5.0,6.2,6.2,7.8,1.4,32.0,🔴 Forecast rủi ro,RECOVERING|55-60|>=10|<-2|STRONG_POS|POSITIVE|0.7-1.0|NO_G2|NO_EARLY|NO_PULL|NO_DRYUP|40-60,<4|20-40|6-8,RECOVERING,55-60,>=10,<-2,STRONG_POS,0.7-1.0,POSITIVE,NO_G2,NO_EARLY,NO_PULL,NO_DRYUP,40-60,<4,20-40,6-8,CTX[<4|20-40|6-8]::DNA[RECOVERING|55-60|>=10|<-2|STRONG_POS|POSITIVE|0.7-1.0|NO_G2|NO_EARLY|NO_PULL|NO_DRYUP|40-60],CTX[<4|20-40|6-8]::DNA[RECOVERING|55-60|>=10|<-2|STRONG_POS|POSITIVE|0.7-1.0|NO_G2|NO_EARLY|NO_PULL|NO_DRYUP|40-60],CTX[<4|20-40|6-8]::DNA[RECOVERING|55-60|>=10|<-2|STRONG_POS|POSITIVE|0.7-1.0|NO_G2|NO_EARLY|NO_PULL|NO_DRYUP|40-60],V4,2026-08-17T08:40:32Z
dac775a2564e7bd1,dac775a2564e7bd1,PENDING_OUTCOME,2026-08-17,2026-08-17T08:40:31Z,4.0.0,GEN3_EXPERIENCE,DECISION_CONTEXT_V1,BVH,68500.0,🌱 ĐANG HỒI,72.3,0.0,🟢 MUA / GIỮ,OBV tốt + Xu hướng lên + RSI cải thiện,63.78,1.71,1.48,6.53,-5.050000000000001,65575.18,62205.0,5.42,-0.21,4.460254626826798,10.119765292179084,🟢,663314.0,445546.0,1.4887665920017237,4.46,21.02,21.02,0.74,False,False,False,GÀ TĂNG TỐC,,,,18373714.0,17765612.0,,False,,,60.98,11.5,-15.0,9.0,0.0,6.2,6.2,7.8,1.4,32.0,🔴 Forecast rủi ro,RECOVERING|60-65|5-10|<-2|STRONG_POS|POSITIVE|1.2-1.5|NO_G2|NO_EARLY|NO_PULL|NO_DRYUP|60-75,<4|20-40|6-8,RECOVERING,60-65,5-10,<-2,STRONG_POS,1.2-1.5,POSITIVE,NO_G2,NO_EARLY,NO_PULL,NO_DRYUP,60-75,<4,20-40,6-8,CTX[<4|20-40|6-8]::DNA[RECOVERING|60-65|5-10|<-2|STRONG_POS|POSITIVE|1.2-1.5|NO_G2|NO_EARLY|NO_PULL|NO_DRYUP|60-75],CTX[<4|20-40|6-8]::DNA[RECOVERING|60-65|5-10|<-2|STRONG_POS|POSITIVE|1.2-1.5|NO_G2|NO_EARLY|NO_PULL|NO_DRYUP|60-75],CTX[<4|20-40|6-8]::DNA[RECOVERING|60-65|5-10|<-2|STRONG_POS|POSITIVE|1.2-1.5|NO_G2|NO_EARLY|NO_PULL|NO_DRYUP|60-75],V4,2026-08-17T08:40:32Z
93398e367af10c23,93398e367af10c23,PENDING_OUTCOME,2026-08-17,2026-08-17T08:40:31Z,4.0.0,GEN3_EXPERIENCE,DECISION_CONTEXT_V1,PVB,21600.0,🌱 ĐANG HỒI,71.9,0.0,🟢 MUA / GIỮ,OBV tốt + Vị trí giá tốt + Xu hướng lên,46.64,3.55,1.41,2.86,-1.45,21471.89,21110.0,1.71,2.21,0.5966405379312256,2.32117479867362,🟢,57500.0,85250.0,0.6744868035190615,0.6,5.37,5.37,-8.09,False,False,False,MUA EARLY,,,,1707300.0,1556698.0,,False,,,54.95,10.5,-10.1,6.0,5.0,6.2,6.2,7.8,1.4,32.0,🔴 Forecast rủi ro,RECOVERING|45-50|2-5|-2-0|STRONG_POS|POSITIVE|<0.7|NO_G2|NO_EARLY|NO_PULL|NO_DRYUP|40-60,<4|20-40|6-8,RECOVERING,45-50,2-5,-2-0,STRONG_POS,<0.7,POSITIVE,NO_G2,NO_EARLY,NO_PULL,NO_DRYUP,40-60,<4,20-40,6-8,CTX[<4|20-40|6-8]::DNA[RECOVERING|45-50|2-5|-2-0|STRONG_POS|POSITIVE|<0.7|NO_G2|NO_EARLY|NO_PULL|NO_DRYUP|40-60],CTX[<4|20-40|6-8]::DNA[RECOVERING|45-50|2-5|-2-0|STRONG_POS|POSITIVE|<0.7|NO_G2|NO_EARLY|NO_PULL|NO_DRYUP|40-60],CTX[<4|20-40|6-8]::DNA[RECOVERING|45-50|2-5|-2-0|STRONG_POS|POSITIVE|<0.7|NO_G2|NO_EARLY|NO_PULL|NO_DRYUP|40-60],V4,2026-08-17T08:40:32Z
ed162db2db097003,ed162db2db097003,PENDING_OUTCOME,2026-08-17,2026-08-17T08:40:31Z,4.0.0,GEN3_EXPERIENCE,DECISION_CONTEXT_V1,CII,14750.0,🌱 ĐANG HỒI,71.7,0.0,🟢 MUA / GIỮ,OBV tốt + RSI cải thiện + Xu hướng lên,52.78,7.45,3.51,5.73,-2.2200000000000006,14125.62,13772.5,2.56,2.08,4.420195361336354,7.0974768560537305,🟢,17303400.0,8616330.0,2.0082099919571323,4.42,16.6,16.6,-3.59,False,False,False,MUA EARLY,,,,614022604.0,597473507.0,,False,,,56.59,23.0,1.8,10.0,5.0,6.2,6.2,7.8,1.4,32.0,🔴 Forecast rủi ro,RECOVERING|50-55|5-10|<-2|STRONG_POS|POSITIVE|>=1.5|NO_G2|NO_EARLY|NO_PULL|NO_DRYUP|40-60,<4|20-40|6-8,RECOVERING,50-55,5-10,<-2,STRONG_POS,>=1.5,POSITIVE,NO_G2,NO_EARLY,NO_PULL,NO_DRYUP,40-60,<4,20-40,6-8,CTX[<4|20-40|6-8]::DNA[RECOVERING|50-55|5-10|<-2|STRONG_POS|POSITIVE|>=1.5|NO_G2|NO_EARLY|NO_PULL|NO_DRYUP|40-60],CTX[<4|20-40|6-8]::DNA[RECOVERING|50-55|5-10|<-2|STRONG_POS|POSITIVE|>=1.5|NO_G2|NO_EARLY|NO_PULL|NO_DRYUP|40-60],CTX[<4|20-40|6-8]::DNA[RECOVERING|50-55|5-10|<-2|STRONG_POS|POSITIVE|>=1.5|NO_G2|NO_EARLY|NO_PULL|NO_DRYUP|40-60],V4,2026-08-17T08:40:32Z
59f0916c9ba76d0b,59f0916c9ba76d0b,PENDING_OUTCOME,2026-08-17,2026-08-17T08:40:31Z,4.0.0,GEN3_EXPERIENCE,DECISION_CONTEXT_V1,FCN,11300.0,🌱 ĐANG HỒI,71.7,0.0,🟢 MUA / GIỮ,OBV tốt + Vị trí giá tốt + Xu hướng lên,54.73,-1.71,2.73,3.67,-0.94,11145.52,10880.0,2.44,1.14,1.386027749266061,3.860294117647056,🟢,193700.0,451055.0,0.4294376517276164,1.39,8.65,8.65,-1.74,False,False,False,MUA EARLY,,,,38093500.0,37566296.0,,False,,,56.46,3.0,-10.1,7.0,5.0,6.2,6.2,7.8,1.4,32.0,🔴 Forecast rủi ro,RECOVERING|50-55|2-5|-2-0|STRONG_POS|POSITIVE|<0.7|NO_G2|NO_EARLY|NO_PULL|NO_DRYUP|40-60,<4|20-40|6-8,RECOVERING,50-55,2-5,-2-0,STRONG_POS,<0.7,POSITIVE,NO_G2,NO_EARLY,NO_PULL,NO_DRYUP,40-60,<4,20-40,6-8,CTX[<4|20-40|6-8]::DNA[RECOVERING|50-55|2-5|-2-0|STRONG_POS|POSITIVE|<0.7|NO_G2|NO_EARLY|NO_PULL|NO_DRYUP|40-60],CTX[<4|20-40|6-8]::DNA[RECOVERING|50-55|2-5|-2-0|STRONG_POS|POSITIVE|<0.7|NO_G2|NO_EARLY|NO_PULL|NO_DRYUP|40-60],CTX[<4|20-40|6-8]::DNA[RECOVERING|50-55|2-5|-2-0|STRONG_POS|POSITIVE|<0.7|NO_G2|NO_EARLY|NO_PULL|NO_DRYUP|40-60],V4,2026-08-17T08:40:32Z
7c2f149c97273bf1,7c2f149c97273bf1,PENDING_OUTCOME,2026-08-17,2026-08-17T08:40:31Z,4.0.0,GEN3_EXPERIENCE,DECISION_CONTEXT_V1,DPR,36800.0,🌱 ĐANG HỒI,71.4,0.0,🟢 MUA / GIỮ,OBV tốt + Vị trí giá tốt + RSI cải thiện,50.97,4.62,0.27,1.1,-0.8300000000000001,36299.15,35992.5,0.85,0.63,1.3797843751162109,2.2435229561714287,🟢,264700.0,199395.0,1.3275157350986737,1.38,4.84,4.84,-2.52,False,False,False,MUA EARLY,,,,25011600.0,24883147.0,,False,,,55.42,14.5,-1.0,7.0,5.0,6.2,6.2,7.8,1.4,32.0,🔴 Forecast rủi ro,RECOVERING|50-55|0-2|-2-0|STRONG_POS|POSITIVE|1.2-1.5|NO_G2|NO_EARLY|NO_PULL|NO_DRYUP|40-60,<4|20-40|6-8,RECOVERING,50-55,0-2,-2-0,STRONG_POS,1.2-1.5,POSITIVE,NO_G2,NO_EARLY,NO_PULL,NO_DRYUP,40-60,<4,20-40,6-8,CTX[<4|20-40|6-8]::DNA[RECOVERING|50-55|0-2|-2-0|STRONG_POS|POSITIVE|1.2-1.5|NO_G2|NO_EARLY|NO_PULL|NO_DRYUP|40-60],CTX[<4|20-40|6-8]::DNA[RECOVERING|50-55|0-2|-2-0|STRONG_POS|POSITIVE|1.2-1.5|NO_G2|NO_EARLY|NO_PULL|NO_DRYUP|40-60],CTX[<4|20-40|6-8]::DNA[RECOVERING|50-55|0-2|-2-0|STRONG_POS|POSITIVE|1.2-1.5|NO_G2|NO_EARLY|NO_PULL|NO_DRYUP|40-60],V4,2026-08-17T08:40:32Z
50d68e49ef8ac386,50d68e49ef8ac386,PENDING_OUTCOME,2026-08-17,2026-08-17T08:40:31Z,4.0.0,GEN3_EXPERIENCE,DECISION_CONTEXT_V1,DIG,10950.0,🌱 ĐANG HỒI,71.2,0.0,🟢 MUA / GIỮ,OBV tốt + Vị trí giá tốt + Vol xác nhận,47.68,1.27,-0.45,3.3,-3.75,10804.66,10585.0,2.08,1.74,1.3451603289691638,3.4482758620689724,🟢,8348000.0,9687975.0,0.861686781809408,1.35,13.0,13.0,-9.5,False,False,False,MUA EARLY,,,,194786300.0,186024055.0,,False,,,55.14,14.5,-1.7,8.0,5.0,6.2,6.2,7.8,1.4,32.0,🔴 Forecast rủi ro,RECOVERING|45-50|2-5|<-2|STRONG_POS|POSITIVE|0.7-1.0|NO_G2|NO_EARLY|NO_PULL|NO_DRYUP|40-60,<4|20-40|6-8,RECOVERING,45-50,2-5,<-2,STRONG_POS,0.7-1.0,POSITIVE,NO_G2,NO_EARLY,NO_PULL,NO_DRYUP,40-60,<4,20-40,6-8,CTX[<4|20-40|6-8]::DNA[RECOVERING|45-50|2-5|<-2|STRONG_POS|POSITIVE|0.7-1.0|NO_G2|NO_EARLY|NO_PULL|NO_DRYUP|40-60],CTX[<4|20-40|6-8]::DNA[RECOVERING|45-50|2-5|<-2|STRONG_POS|POSITIVE|0.7-1.0|NO_G2|NO_EARLY|NO_PULL|NO_DRYUP|40-60],CTX[<4|20-40|6-8]::DNA[RECOVERING|45-50|2-5|<-2|STRONG_POS|POSITIVE|0.7-1.0|NO_G2|NO_EARLY|NO_PULL|NO_DRYUP|40-60],V4,2026-08-17T08:40:32Z
861f45445177cd4b,861f45445177cd4b,PENDING_OUTCOME,2026-08-17,2026-08-17T08:40:31Z,4.0.0,GEN3_EXPERIENCE,DECISION_CONTEXT_V1,KSB,13850.0,🌱 ĐANG HỒI,70.8,0.0,🟢 MUA / GIỮ,OBV tốt + Vị trí giá tốt + Vol xác nhận,51.16,-7.11,2.97,3.36,-0.3899999999999997,13752.4,13472.5,2.08,1.03,0.7096943079026197,2.802004082390064,🟢,885900.0,1056825.0,0.838265559577035,0.71,6.95,6.95,-5.78,False,False,False,MUA EARLY,,,,34189600.0,32145673.0,,False,,,55.96,19.0,-9.9,8.0,5.0,6.2,6.2,7.8,1.4,32.0,🔴 Forecast rủi ro,RECOVERING|50-55|2-5|-2-0|STRONG_POS|POSITIVE|0.7-1.0|NO_G2|NO_EARLY|NO_PULL|NO_DRYUP|40-60,<4|20-40|6-8,RECOVERING,50-55,2-5,-2-0,STRONG_POS,0.7-1.0,POSITIVE,NO_G2,NO_EARLY,NO_PULL,NO_DRYUP,40-60,<4,20-40,6-8,CTX[<4|20-40|6-8]::DNA[RECOVERING|50-55|2-5|-2-0|STRONG_POS|POSITIVE|0.7-1.0|NO_G2|NO_EARLY|NO_PULL|NO_DRYUP|40-60],CTX[<4|20-40|6-8]::DNA[RECOVERING|50-55|2-5|-2-0|STRONG_POS|POSITIVE|0.7-1.0|NO_G2|NO_EARLY|NO_PULL|NO_DRYUP|40-60],CTX[<4|20-40|6-8]::DNA[RECOVERING|50-55|2-5|-2-0|STRONG_POS|POSITIVE|0.7-1.0|NO_G2|NO_EARLY|NO_PULL|NO_DRYUP|40-60],V4,2026-08-17T08:40:32Z
14975f85f87e5c89,14975f85f87e5c89,PENDING_OUTCOME,2026-08-17,2026-08-17T08:40:31Z,4.0.0,GEN3_EXPERIENCE,DECISION_CONTEXT_V1,PHR,61300.0,🌱 ĐANG HỒI,70.3,0.0,🟢 MUA / GIỮ,OBV tốt + RSI cải thiện + Vị trí giá tốt,56.56,10.11,2.51,3.03,-0.52,59111.76,58005.0,1.91,1.2,3.701869137376379,5.680544780622365,🟢,754700.0,343410.0,2.1976645991671764,3.7,11.45,11.45,0.16,False,False,False,CP MẠNH,,,,17458700.0,16927174.0,,False,,,61.19,18.5,0.9,9.0,1.0,6.2,6.2,7.8,1.4,32.0,🔴 Forecast rủi ro,RECOVERING|55-60|2-5|-2-0|STRONG_POS|POSITIVE|>=1.5|NO_G2|NO_EARLY|NO_PULL|NO_DRYUP|60-75,<4|20-40|6-8,RECOVERING,55-60,2-5,-2-0,STRONG_POS,>=1.5,POSITIVE,NO_G2,NO_EARLY,NO_PULL,NO_DRYUP,60-75,<4,20-40,6-8,CTX[<4|20-40|6-8]::DNA[RECOVERING|55-60|2-5|-2-0|STRONG_POS|POSITIVE|>=1.5|NO_G2|NO_EARLY|NO_PULL|NO_DRYUP|60-75],CTX[<4|20-40|6-8]::DNA[RECOVERING|55-60|2-5|-2-0|STRONG_POS|POSITIVE|>=1.5|NO_G2|NO_EARLY|NO_PULL|NO_DRYUP|60-75],CTX[<4|20-40|6-8]::DNA[RECOVERING|55-60|2-5|-2-0|STRONG_POS|POSITIVE|>=1.5|NO_G2|NO_EARLY|NO_PULL|NO_DRYUP|60-75],V4,2026-08-17T08:40:32Z
f595aad14305d014,f595aad14305d014,PENDING_OUTCOME,2026-08-17,2026-08-17T08:40:31Z,4.0.0,GEN3_EXPERIENCE,DECISION_CONTEXT_V1,GMD,78800.0,🌱 ĐANG HỒI,70.2,0.0,🟢 MUA / GIỮ,OBV tốt + RSI cải thiện + Vị trí giá tốt,60.84,5.75,0.77,2.2,-1.4300000000000002,77752.34,75925.0,2.41,0.94,1.347432115869451,3.786631544287133,🟢,5778145.0,1634972.0,3.534094161857206,1.35,9.44,9.44,-3.9,False,False,False,GÀ TĂNG TỐC,,,,115223145.0,107811683.0,,False,,,60.69,18.5,-6.3,10.0,0.0,6.2,6.2,7.8,1.4,32.0,🔴 Forecast rủi ro,RECOVERING|60-65|2-5|-2-0|STRONG_POS|POSITIVE|>=1.5|NO_G2|NO_EARLY|NO_PULL|NO_DRYUP|60-75,<4|20-40|6-8,RECOVERING,60-65,2-5,-2-0,STRONG_POS,>=1.5,POSITIVE,NO_G2,NO_EARLY,NO_PULL,NO_DRYUP,60-75,<4,20-40,6-8,CTX[<4|20-40|6-8]::DNA[RECOVERING|60-65|2-5|-2-0|STRONG_POS|POSITIVE|>=1.5|NO_G2|NO_EARLY|NO_PULL|NO_DRYUP|60-75],CTX[<4|20-40|6-8]::DNA[RECOVERING|60-65|2-5|-2-0|STRONG_POS|POSITIVE|>=1.5|NO_G2|NO_EARLY|NO_PULL|NO_DRYUP|60-75],CTX[<4|20-40|6-8]::DNA[RECOVERING|60-65|2-5|-2-0|STRONG_POS|POSITIVE|>=1.5|NO_G2|NO_EARLY|NO_PULL|NO_DRYUP|60-75],V4,2026-08-17T08:40:32Z
ecc3990196e850db,ecc3990196e850db,PENDING_OUTCOME,2026-08-17,2026-08-17T08:40:31Z,4.0.0,GEN3_EXPERIENCE,DECISION_CONTEXT_V1,MWG,73500.0,🌱 ĐANG HỒI,70.2,0.0,🟢 MUA / GIỮ,OBV tốt + Vị trí giá tốt + Xu hướng lên,52.91,-1.75,0.68,1.38,-0.6999999999999998,72611.87,70652.5,2.77,1.15,1.22311958086192,4.030289090973427,🟢,2140400.0,5061875.0,0.4228472650944561,1.22,17.92,17.92,-2.93,False,False,False,MUA EARLY,,,,244910000.0,243211210.0,,False,,,55.73,2.0,-1.7,6.0,5.0,6.2,6.2,7.8,1.4,32.0,🔴 Forecast rủi ro,RECOVERING|50-55|0-2|-2-0|STRONG_POS|POSITIVE|<0.7|NO_G2|NO_EARLY|NO_PULL|NO_DRYUP|40-60,<4|20-40|6-8,RECOVERING,50-55,0-2,-2-0,STRONG_POS,<0.7,POSITIVE,NO_G2,NO_EARLY,NO_PULL,NO_DRYUP,40-60,<4,20-40,6-8,CTX[<4|20-40|6-8]::DNA[RECOVERING|50-55|0-2|-2-0|STRONG_POS|POSITIVE|<0.7|NO_G2|NO_EARLY|NO_PULL|NO_DRYUP|40-60],CTX[<4|20-40|6-8]::DNA[RECOVERING|50-55|0-2|-2-0|STRONG_POS|POSITIVE|<0.7|NO_G2|NO_EARLY|NO_PULL|NO_DRYUP|40-60],CTX[<4|20-40|6-8]::DNA[RECOVERING|50-55|0-2|-2-0|STRONG_POS|POSITIVE|<0.7|NO_G2|NO_EARLY|NO_PULL|NO_DRYUP|40-60],V4,2026-08-17T08:40:32Z
c28ef2804b2a62d1,c28ef2804b2a62d1,PENDING_OUTCOME,2026-08-17,2026-08-17T08:40:31Z,4.0.0,GEN3_EXPERIENCE,DECISION_CONTEXT_V1,MSR,42400.0,🌱 ĐANG HỒI,70.1,0.0,🟢 MUA / GIỮ,OBV tốt + Xu hướng lên + RSI cải thiện,70.08,13.18,6.27,13.67,-7.4,39658.91,37345.0,6.2,1.05,6.911662473829949,13.535948587494984,🟢,3156100.0,1267735.0,2.48955814898224,6.91,28.88,28.88,4.95,False,False,False,GÀ TĂNG TỐC,,,,19513400.0,15898442.0,,False,,,61.25,20.0,-21.2,12.0,0.0,6.2,6.2,7.8,1.4,32.0,🔴 Forecast rủi ro,RECOVERING|>=70|>=10|<-2|STRONG_POS|POSITIVE|>=1.5|NO_G2|NO_EARLY|NO_PULL|NO_DRYUP|60-75,<4|20-40|6-8,RECOVERING,>=70,>=10,<-2,STRONG_POS,>=1.5,POSITIVE,NO_G2,NO_EARLY,NO_PULL,NO_DRYUP,60-75,<4,20-40,6-8,CTX[<4|20-40|6-8]::DNA[RECOVERING|>=70|>=10|<-2|STRONG_POS|POSITIVE|>=1.5|NO_G2|NO_EARLY|NO_PULL|NO_DRYUP|60-75],CTX[<4|20-40|6-8]::DNA[RECOVERING|>=70|>=10|<-2|STRONG_POS|POSITIVE|>=1.5|NO_G2|NO_EARLY|NO_PULL|NO_DRYUP|60-75],CTX[<4|20-40|6-8]::DNA[RECOVERING|>=70|>=10|<-2|STRONG_POS|POSITIVE|>=1.5|NO_G2|NO_EARLY|NO_PULL|NO_DRYUP|60-75],V4,2026-08-17T08:40:32Z
954bffa4436c970b,954bffa4436c970b,PENDING_OUTCOME,2026-08-17,2026-08-17T08:40:31Z,4.0.0,GEN3_EXPERIENCE,DECISION_CONTEXT_V1,TCH,12200.0,🌱 ĐANG HỒI,69.4,0.0,🟢 MUA / GIỮ,OBV tốt + Vị trí giá tốt + Vol xác nhận,46.0,1.82,-0.81,0.41,-1.22,12058.76,11882.5,1.48,1.26,1.1712647071506543,2.671996633705032,🟢,4298900.0,5149425.0,0.8348310733722697,1.17,10.91,10.91,-7.58,False,False,False,MUA EARLY,,,,142768100.0,141365201.0,,False,,,54.5,11.5,1.8,6.0,5.0,6.2,6.2,7.8,1.4,32.0,🔴 Forecast rủi ro,RECOVERING|45-50|0-2|-2-0|STRONG_POS|POSITIVE|0.7-1.0|NO_G2|NO_EARLY|NO_PULL|NO_DRYUP|40-60,<4|20-40|6-8,RECOVERING,45-50,0-2,-2-0,STRONG_POS,0.7-1.0,POSITIVE,NO_G2,NO_EARLY,NO_PULL,NO_DRYUP,40-60,<4,20-40,6-8,CTX[<4|20-40|6-8]::DNA[RECOVERING|45-50|0-2|-2-0|STRONG_POS|POSITIVE|0.7-1.0|NO_G2|NO_EARLY|NO_PULL|NO_DRYUP|40-60],CTX[<4|20-40|6-8]::DNA[RECOVERING|45-50|0-2|-2-0|STRONG_POS|POSITIVE|0.7-1.0|NO_G2|NO_EARLY|NO_PULL|NO_DRYUP|40-60],CTX[<4|20-40|6-8]::DNA[RECOVERING|45-50|0-2|-2-0|STRONG_POS|POSITIVE|0.7-1.0|NO_G2|NO_EARLY|NO_PULL|NO_DRYUP|40-60],V4,2026-08-17T08:40:32Z
3e5e35f83d562625,3e5e35f83d562625,PENDING_OUTCOME,2026-08-17,2026-08-17T08:40:31Z,4.0.0,GEN3_EXPERIENCE,DECISION_CONTEXT_V1,STB,74200.0,🌱 ĐANG HỒI,69.2,0.0,🟢 MUA / GIỮ,OBV tốt + Vol xác nhận + Vị trí giá tốt,56.1,-0.68,-0.54,3.78,-4.32,73420.95,72840.0,0.8,-0.26,1.0610731678083685,1.8671059857221284,🟢,3942200.0,3513575.0,1.1219911343859177,1.06,4.51,12.25,-2.5,False,False,False,PULL VỪA,,,,407208000.0,406623447.0,,False,,,57.3,4.5,-1.2,8.0,4.0,6.2,6.2,7.8,1.4,32.0,🔴 Forecast rủi ro,RECOVERING|55-60|2-5|<-2|STRONG_POS|POSITIVE|1.0-1.2|NO_G2|NO_EARLY|NO_PULL|NO_DRYUP|40-60,<4|20-40|6-8,RECOVERING,55-60,2-5,<-2,STRONG_POS,1.0-1.2,POSITIVE,NO_G2,NO_EARLY,NO_PULL,NO_DRYUP,40-60,<4,20-40,6-8,CTX[<4|20-40|6-8]::DNA[RECOVERING|55-60|2-5|<-2|STRONG_POS|POSITIVE|1.0-1.2|NO_G2|NO_EARLY|NO_PULL|NO_DRYUP|40-60],CTX[<4|20-40|6-8]::DNA[RECOVERING|55-60|2-5|<-2|STRONG_POS|POSITIVE|1.0-1.2|NO_G2|NO_EARLY|NO_PULL|NO_DRYUP|40-60],CTX[<4|20-40|6-8]::DNA[RECOVERING|55-60|2-5|<-2|STRONG_POS|POSITIVE|1.0-1.2|NO_G2|NO_EARLY|NO_PULL|NO_DRYUP|40-60],V4,2026-08-17T08:40:32Z
3d81e37045c9b445,3d81e37045c9b445,PENDING_OUTCOME,2026-08-17,2026-08-17T08:40:31Z,4.0.0,GEN3_EXPERIENCE,DECISION_CONTEXT_V1,PDR,12100.0,🌱 ĐANG HỒI,68.9,0.0,🟢 MUA / GIỮ,OBV tốt + Vol xác nhận + Vị trí giá tốt,41.8,1.51,0.0,2.54,-2.54,12008.69,11895.0,0.96,1.59,0.7603660349297048,1.7234131988230317,🟢,7991665.0,7327448.0,1.0906477944299298,0.76,8.52,8.52,-8.33,False,False,False,MUA EARLY,,,,247022865.0,242197846.0,,False,,,54.1,13.0,-3.7,7.0,5.0,6.2,6.2,7.8,1.4,32.0,🔴 Forecast rủi ro,RECOVERING|<45|2-5|<-2|STRONG_POS|POSITIVE|1.0-1.2|NO_G2|NO_EARLY|NO_PULL|NO_DRYUP|40-60,<4|20-40|6-8,RECOVERING,<45,2-5,<-2,STRONG_POS,1.0-1.2,POSITIVE,NO_G2,NO_EARLY,NO_PULL,NO_DRYUP,40-60,<4,20-40,6-8,CTX[<4|20-40|6-8]::DNA[RECOVERING|<45|2-5|<-2|STRONG_POS|POSITIVE|1.0-1.2|NO_G2|NO_EARLY|NO_PULL|NO_DRYUP|40-60],CTX[<4|20-40|6-8]::DNA[RECOVERING|<45|2-5|<-2|STRONG_POS|POSITIVE|1.0-1.2|NO_G2|NO_EARLY|NO_PULL|NO_DRYUP|40-60],CTX[<4|20-40|6-8]::DNA[RECOVERING|<45|2-5|<-2|STRONG_POS|POSITIVE|1.0-1.2|NO_G2|NO_EARLY|NO_PULL|NO_DRYUP|40-60],V4,2026-08-17T08:40:32Z
d01611a1516f4e48,d01611a1516f4e48,PENDING_OUTCOME,2026-08-17,2026-08-17T08:40:31Z,4.0.0,GEN3_EXPERIENCE,DECISION_CONTEXT_V1,BSR,26000.0,🌱 ĐANG HỒI,68.9,0.0,🟢 MUA / GIỮ,OBV tốt + Vị trí giá tốt + Xu hướng lên,54.36,-4.46,-2.26,3.09,-5.35,25776.58,24863.0,3.67,-0.11,0.8667557914975532,4.57306037083216,🟢,7170500.0,9048120.0,0.7924850687214582,0.87,14.34,14.34,-4.55,False,False,False,MUA EARLY,,,,657907600.0,650349208.0,,False,,,56.05,3.0,-10.6,6.0,5.0,6.2,6.2,7.8,1.4,32.0,🔴 Forecast rủi ro,RECOVERING|50-55|2-5|<-2|STRONG_POS|POSITIVE|0.7-1.0|NO_G2|NO_EARLY|NO_PULL|NO_DRYUP|40-60,<4|20-40|6-8,RECOVERING,50-55,2-5,<-2,STRONG_POS,0.7-1.0,POSITIVE,NO_G2,NO_EARLY,NO_PULL,NO_DRYUP,40-60,<4,20-40,6-8,CTX[<4|20-40|6-8]::DNA[RECOVERING|50-55|2-5|<-2|STRONG_POS|POSITIVE|0.7-1.0|NO_G2|NO_EARLY|NO_PULL|NO_DRYUP|40-60],CTX[<4|20-40|6-8]::DNA[RECOVERING|50-55|2-5|<-2|STRONG_POS|POSITIVE|0.7-1.0|NO_G2|NO_EARLY|NO_PULL|NO_DRYUP|40-60],CTX[<4|20-40|6-8]::DNA[RECOVERING|50-55|2-5|<-2|STRONG_POS|POSITIVE|0.7-1.0|NO_G2|NO_EARLY|NO_PULL|NO_DRYUP|40-60],V4,2026-08-17T08:40:32Z
84b14a8056a5418d,84b14a8056a5418d,PENDING_OUTCOME,2026-08-17,2026-08-17T08:40:31Z,4.0.0,GEN3_EXPERIENCE,DECISION_CONTEXT_V1,GEG,12400.0,🌱 ĐANG HỒI,68.7,0.0,🟢 MUA / GIỮ,OBV tốt + Vị trí giá tốt + RSI cải thiện,47.81,1.84,1.22,1.64,-0.4199999999999999,12302.1,12145.0,1.29,1.06,0.7957990912120572,2.0996294771510997,🟢,112500.0,215605.0,0.5217875281185501,0.8,5.98,5.98,-3.12,False,False,False,MUA EARLY,,,,23889000.0,23624598.0,,False,,,54.94,8.0,-1.7,5.0,5.0,6.2,6.2,7.8,1.4,32.0,🔴 Forecast rủi ro,RECOVERING|45-50|0-2|-2-0|STRONG_POS|POSITIVE|<0.7|NO_G2|NO_EARLY|NO_PULL|NO_DRYUP|40-60,<4|20-40|6-8,RECOVERING,45-50,0-2,-2-0,STRONG_POS,<0.7,POSITIVE,NO_G2,NO_EARLY,NO_PULL,NO_DRYUP,40-60,<4,20-40,6-8,CTX[<4|20-40|6-8]::DNA[RECOVERING|45-50|0-2|-2-0|STRONG_POS|POSITIVE|<0.7|NO_G2|NO_EARLY|NO_PULL|NO_DRYUP|40-60],CTX[<4|20-40|6-8]::DNA[RECOVERING|45-50|0-2|-2-0|STRONG_POS|POSITIVE|<0.7|NO_G2|NO_EARLY|NO_PULL|NO_DRYUP|40-60],CTX[<4|20-40|6-8]::DNA[RECOVERING|45-50|0-2|-2-0|STRONG_POS|POSITIVE|<0.7|NO_G2|NO_EARLY|NO_PULL|NO_DRYUP|40-60],V4,2026-08-17T08:40:32Z
f41cd6d887eccccf,f41cd6d887eccccf,PENDING_OUTCOME,2026-08-17,2026-08-17T08:40:31Z,4.0.0,GEN3_EXPERIENCE,DECISION_CONTEXT_V1,VNM,62200.0,🌱 ĐANG HỒI,68.7,0.0,🟢 MUA / GIỮ,OBV tốt + Vị trí giá tốt + RSI cải thiện,64.73,1.23,0.16,3.15,-2.99,61349.87,60225.0,1.87,-0.21,1.385707907775524,3.2793690327936886,🟢,2965800.0,5243610.0,0.5656027050066652,1.39,7.61,13.5,-1.74,False,False,False,PULL VỪA,,,,-5599500.0,-6202940.0,,False,,,57.69,0.5,6.4,7.0,4.0,6.2,6.2,7.8,1.4,32.0,🔴 Forecast rủi ro,RECOVERING|60-65|2-5|<-2|STRONG_POS|POSITIVE|<0.7|NO_G2|NO_EARLY|NO_PULL|NO_DRYUP|40-60,<4|20-40|6-8,RECOVERING,60-65,2-5,<-2,STRONG_POS,<0.7,POSITIVE,NO_G2,NO_EARLY,NO_PULL,NO_DRYUP,40-60,<4,20-40,6-8,CTX[<4|20-40|6-8]::DNA[RECOVERING|60-65|2-5|<-2|STRONG_POS|POSITIVE|<0.7|NO_G2|NO_EARLY|NO_PULL|NO_DRYUP|40-60],CTX[<4|20-40|6-8]::DNA[RECOVERING|60-65|2-5|<-2|STRONG_POS|POSITIVE|<0.7|NO_G2|NO_EARLY|NO_PULL|NO_DRYUP|40-60],CTX[<4|20-40|6-8]::DNA[RECOVERING|60-65|2-5|<-2|STRONG_POS|POSITIVE|<0.7|NO_G2|NO_EARLY|NO_PULL|NO_DRYUP|40-60],V4,2026-08-17T08:40:32Z
03582d6720545f6f,03582d6720545f6f,PENDING_OUTCOME,2026-08-17,2026-08-17T08:40:31Z,4.0.0,GEN3_EXPERIENCE,DECISION_CONTEXT_V1,DXS,6010.0,🌱 ĐANG HỒI,68.6,0.0,🟢 MUA / GIỮ,OBV tốt + Vị trí giá tốt + Xu hướng lên,44.41,1.22,1.52,-0.33,1.85,5953.17,5886.0,1.14,1.77,0.954617455910034,2.106693849813124,🟢,1119600.0,1869375.0,0.5989167502507523,0.95,7.13,7.13,-10.16,False,False,False,MUA EARLY,,,,52338600.0,48846614.0,,False,,,54.35,6.0,-3.7,6.0,5.0,6.2,6.2,7.8,1.4,32.0,🔴 Forecast rủi ro,RECOVERING|<45|-2-0|0-2|STRONG_POS|POSITIVE|<0.7|NO_G2|NO_EARLY|NO_PULL|NO_DRYUP|40-60,<4|20-40|6-8,RECOVERING,<45,-2-0,0-2,STRONG_POS,<0.7,POSITIVE,NO_G2,NO_EARLY,NO_PULL,NO_DRYUP,40-60,<4,20-40,6-8,CTX[<4|20-40|6-8]::DNA[RECOVERING|<45|-2-0|0-2|STRONG_POS|POSITIVE|<0.7|NO_G2|NO_EARLY|NO_PULL|NO_DRYUP|40-60],CTX[<4|20-40|6-8]::DNA[RECOVERING|<45|-2-0|0-2|STRONG_POS|POSITIVE|<0.7|NO_G2|NO_EARLY|NO_PULL|NO_DRYUP|40-60],CTX[<4|20-40|6-8]::DNA[RECOVERING|<45|-2-0|0-2|STRONG_POS|POSITIVE|<0.7|NO_G2|NO_EARLY|NO_PULL|NO_DRYUP|40-60],V4,2026-08-17T08:40:32Z
05faff6c615dd059,05faff6c615dd059,PENDING_OUTCOME,2026-08-17,2026-08-17T08:40:31Z,4.0.0,GEN3_EXPERIENCE,DECISION_CONTEXT_V1,SSI,19800.0,🌱 ĐANG HỒI,68.6,0.0,🟢 MUA / GIỮ,OBV tốt + Vol xác nhận + Vị trí giá tốt,50.42,-4.82,-1.3,0.92,-2.22,19736.14,19183.5,2.88,-0.31,0.3235688437556616,3.2136992728125646,🟢,22323356.0,22198618.0,1.0056191786353548,0.32,12.56,12.56,-2.85,False,False,False,MUA EARLY,,,,995020644.0,992673740.0,,False,,,55.17,-1.0,-10.6,5.0,5.0,6.2,6.2,7.8,1.4,32.0,🔴 Forecast rủi ro,RECOVERING|50-55|0-2|<-2|STRONG_POS|POSITIVE|1.0-1.2|NO_G2|NO_EARLY|NO_PULL|NO_DRYUP|40-60,<4|20-40|6-8,RECOVERING,50-55,0-2,<-2,STRONG_POS,1.0-1.2,POSITIVE,NO_G2,NO_EARLY,NO_PULL,NO_DRYUP,40-60,<4,20-40,6-8,CTX[<4|20-40|6-8]::DNA[RECOVERING|50-55|0-2|<-2|STRONG_POS|POSITIVE|1.0-1.2|NO_G2|NO_EARLY|NO_PULL|NO_DRYUP|40-60],CTX[<4|20-40|6-8]::DNA[RECOVERING|50-55|0-2|<-2|STRONG_POS|POSITIVE|1.0-1.2|NO_G2|NO_EARLY|NO_PULL|NO_DRYUP|40-60],CTX[<4|20-40|6-8]::DNA[RECOVERING|50-55|0-2|<-2|STRONG_POS|POSITIVE|1.0-1.2|NO_G2|NO_EARLY|NO_PULL|NO_DRYUP|40-60],V4,2026-08-17T08:40:32Z
00d5258e1a67a9d5,00d5258e1a67a9d5,PENDING_OUTCOME,2026-08-17,2026-08-17T08:40:31Z,4.0.0,GEN3_EXPERIENCE,DECISION_CONTEXT_V1,PLC,20200.0,🌱 ĐANG HỒI,68.6,0.0,🟢 MUA / GIỮ,OBV tốt + Xu hướng lên + Vị trí giá tốt,53.78,-6.64,-1.46,3.06,-4.52,20095.26,19290.0,4.17,0.03,0.5212174413269599,4.7174701918092365,🟢,78100.0,123080.0,0.6345466363340917,0.52,14.12,14.12,-3.35,False,False,False,MUA EARLY,,,,18571300.0,18538602.0,,False,,,56.01,4.5,-10.6,7.0,5.0,6.2,6.2,7.8,1.4,32.0,🔴 Forecast rủi ro,RECOVERING|50-55|2-5|<-2|STRONG_POS|POSITIVE|<0.7|NO_G2|NO_EARLY|NO_PULL|NO_DRYUP|40-60,<4|20-40|6-8,RECOVERING,50-55,2-5,<-2,STRONG_POS,<0.7,POSITIVE,NO_G2,NO_EARLY,NO_PULL,NO_DRYUP,40-60,<4,20-40,6-8,CTX[<4|20-40|6-8]::DNA[RECOVERING|50-55|2-5|<-2|STRONG_POS|POSITIVE|<0.7|NO_G2|NO_EARLY|NO_PULL|NO_DRYUP|40-60],CTX[<4|20-40|6-8]::DNA[RECOVERING|50-55|2-5|<-2|STRONG_POS|POSITIVE|<0.7|NO_G2|NO_EARLY|NO_PULL|NO_DRYUP|40-60],CTX[<4|20-40|6-8]::DNA[RECOVERING|50-55|2-5|<-2|STRONG_POS|POSITIVE|<0.7|NO_G2|NO_EARLY|NO_PULL|NO_DRYUP|40-60],V4,2026-08-17T08:40:32Z
068b9e798e8ef19a,068b9e798e8ef19a,PENDING_OUTCOME,2026-08-17,2026-08-17T08:40:31Z,4.0.0,GEN3_EXPERIENCE,DECISION_CONTEXT_V1,GIL,8310.0,🌱 ĐANG HỒI,68.5,0.0,🟢 MUA / GIỮ,OBV tốt + Xu hướng lên + Vị trí giá tốt,48.68,-6.09,1.48,20.43,-18.95,8188.47,7475.45,9.54,1.65,1.4841600445504533,11.163876422155194,🟢,80100.0,276100.0,0.2901122781600869,1.48,26.87,26.87,-10.26,False,False,False,MUA EARLY,,,,-4699800.0,-4773249.0,,False,,,56.86,1.0,-1.7,6.0,5.0,6.2,6.2,7.8,1.4,32.0,🔴 Forecast rủi ro,RECOVERING|45-50|>=10|<-2|STRONG_POS|POSITIVE|<0.7|NO_G2|NO_EARLY|NO_PULL|NO_DRYUP|40-60,<4|20-40|6-8,RECOVERING,45-50,>=10,<-2,STRONG_POS,<0.7,POSITIVE,NO_G2,NO_EARLY,NO_PULL,NO_DRYUP,40-60,<4,20-40,6-8,CTX[<4|20-40|6-8]::DNA[RECOVERING|45-50|>=10|<-2|STRONG_POS|POSITIVE|<0.7|NO_G2|NO_EARLY|NO_PULL|NO_DRYUP|40-60],CTX[<4|20-40|6-8]::DNA[RECOVERING|45-50|>=10|<-2|STRONG_POS|POSITIVE|<0.7|NO_G2|NO_EARLY|NO_PULL|NO_DRYUP|40-60],CTX[<4|20-40|6-8]::DNA[RECOVERING|45-50|>=10|<-2|STRONG_POS|POSITIVE|<0.7|NO_G2|NO_EARLY|NO_PULL|NO_DRYUP|40-60],V4,2026-08-17T08:40:32Z
862241d7554e63c8,862241d7554e63c8,PENDING_OUTCOME,2026-08-17,2026-08-17T08:40:31Z,4.0.0,GEN3_EXPERIENCE,DECISION_CONTEXT_V1,HDB,26850.0,🌱 ĐANG HỒI,68.5,0.0,🟢 MUA / GIỮ,OBV tốt + Vol xác nhận + Vị trí giá tốt,55.06,-5.46,-0.37,3.27,-3.64,26654.82,26237.5,1.59,0.33,0.7322503021967464,2.334444973797045,🟢,9947372.0,10454974.0,0.9514487553962352,0.73,6.97,7.83,-2.72,False,False,False,PULL VỪA,,,,931417472.0,928486239.0,,False,,,57.09,11.5,-4.2,8.0,4.0,6.2,6.2,7.8,1.4,32.0,🔴 Forecast rủi ro,RECOVERING|55-60|2-5|<-2|STRONG_POS|POSITIVE|0.7-1.0|NO_G2|NO_EARLY|NO_PULL|NO_DRYUP|40-60,<4|20-40|6-8,RECOVERING,55-60,2-5,<-2,STRONG_POS,0.7-1.0,POSITIVE,NO_G2,NO_EARLY,NO_PULL,NO_DRYUP,40-60,<4,20-40,6-8,CTX[<4|20-40|6-8]::DNA[RECOVERING|55-60|2-5|<-2|STRONG_POS|POSITIVE|0.7-1.0|NO_G2|NO_EARLY|NO_PULL|NO_DRYUP|40-60],CTX[<4|20-40|6-8]::DNA[RECOVERING|55-60|2-5|<-2|STRONG_POS|POSITIVE|0.7-1.0|NO_G2|NO_EARLY|NO_PULL|NO_DRYUP|40-60],CTX[<4|20-40|6-8]::DNA[RECOVERING|55-60|2-5|<-2|STRONG_POS|POSITIVE|0.7-1.0|NO_G2|NO_EARLY|NO_PULL|NO_DRYUP|40-60],V4,2026-08-17T08:40:32Z
abcf2d6e82a1b307,abcf2d6e82a1b307,PENDING_OUTCOME,2026-08-17,2026-08-17T08:40:31Z,4.0.0,GEN3_EXPERIENCE,DECISION_CONTEXT_V1,BAF,31750.0,🌱 ĐANG HỒI,68.4,0.0,🟢 MUA / GIỮ,OBV tốt + Vị trí giá tốt + Xu hướng lên,70.51,2.4,3.42,3.93,-0.5100000000000002,31208.23,30330.0,2.9,0.19,1.735984386169931,4.681833168480054,🟢,6057292.0,2121240.0,2.8555429842922067,1.74,10.05,10.43,-0.78,False,False,False,GÀ TĂNG TỐC,,,,105299892.0,98978394.0,,False,,,59.99,15.5,-12.1,11.0,0.0,6.2,6.2,7.8,1.4,32.0,🔴 Forecast rủi ro,RECOVERING|>=70|2-5|-2-0|STRONG_POS|POSITIVE|>=1.5|NO_G2|NO_EARLY|NO_PULL|NO_DRYUP|40-60,<4|20-40|6-8,RECOVERING,>=70,2-5,-2-0,STRONG_POS,>=1.5,POSITIVE,NO_G2,NO_EARLY,NO_PULL,NO_DRYUP,40-60,<4,20-40,6-8,CTX[<4|20-40|6-8]::DNA[RECOVERING|>=70|2-5|-2-0|STRONG_POS|POSITIVE|>=1.5|NO_G2|NO_EARLY|NO_PULL|NO_DRYUP|40-60],CTX[<4|20-40|6-8]::DNA[RECOVERING|>=70|2-5|-2-0|STRONG_POS|POSITIVE|>=1.5|NO_G2|NO_EARLY|NO_PULL|NO_DRYUP|40-60],CTX[<4|20-40|6-8]::DNA[RECOVERING|>=70|2-5|-2-0|STRONG_POS|POSITIVE|>=1.5|NO_G2|NO_EARLY|NO_PULL|NO_DRYUP|40-60],V4,2026-08-17T08:40:32Z
3729133c052e74f5,3729133c052e74f5,PENDING_OUTCOME,2026-08-17,2026-08-17T08:40:31Z,4.0.0,GEN3_EXPERIENCE,DECISION_CONTEXT_V1,CEO,12100.0,🌱 ĐANG HỒI,68.4,0.0,🟢 MUA / GIỮ,OBV tốt + Vol xác nhận + Vị trí giá tốt,44.74,-1.71,-0.82,0.83,-1.65,12017.52,11785.0,1.97,1.13,0.6863312896504326,2.6728892660161208,🟢,5761800.0,6076725.0,0.9481752095084112,0.69,12.04,12.04,-7.63,False,False,False,MUA EARLY,,,,308997300.0,299900267.0,,False,,,54.34,11.5,-3.7,6.0,5.0,6.2,6.2,7.8,1.4,32.0,🔴 Forecast rủi ro,RECOVERING|<45|0-2|-2-0|STRONG_POS|POSITIVE|0.7-1.0|NO_G2|NO_EARLY|NO_PULL|NO_DRYUP|40-60,<4|20-40|6-8,RECOVERING,<45,0-2,-2-0,STRONG_POS,0.7-1.0,POSITIVE,NO_G2,NO_EARLY,NO_PULL,NO_DRYUP,40-60,<4,20-40,6-8,CTX[<4|20-40|6-8]::DNA[RECOVERING|<45|0-2|-2-0|STRONG_POS|POSITIVE|0.7-1.0|NO_G2|NO_EARLY|NO_PULL|NO_DRYUP|40-60],CTX[<4|20-40|6-8]::DNA[RECOVERING|<45|0-2|-2-0|STRONG_POS|POSITIVE|0.7-1.0|NO_G2|NO_EARLY|NO_PULL|NO_DRYUP|40-60],CTX[<4|20-40|6-8]::DNA[RECOVERING|<45|0-2|-2-0|STRONG_POS|POSITIVE|0.7-1.0|NO_G2|NO_EARLY|NO_PULL|NO_DRYUP|40-60],V4,2026-08-17T08:40:32Z
a49f454262bbb313,a49f454262bbb313,PENDING_OUTCOME,2026-08-17,2026-08-17T08:40:31Z,4.0.0,GEN3_EXPERIENCE,DECISION_CONTEXT_V1,DRI,13400.0,🌱 ĐANG HỒI,68.2,0.0,🟢 MUA / GIỮ,OBV tốt + Vị trí giá tốt + Xu hướng lên,53.95,-7.88,1.52,3.88,-2.36,13306.24,13030.0,2.12,0.21,0.7046318118416606,2.839600920951657,🟢,324500.0,495130.0,0.6553834346535253,0.7,7.2,7.2,-2.9,False,False,False,MUA EARLY,,,,38802600.0,38682765.0,,False,,,56.25,2.0,-7.6,7.0,5.0,6.2,6.2,7.8,1.4,32.0,🔴 Forecast rủi ro,RECOVERING|50-55|2-5|<-2|STRONG_POS|POSITIVE|<0.7|NO_G2|NO_EARLY|NO_PULL|NO_DRYUP|40-60,<4|20-40|6-8,RECOVERING,50-55,2-5,<-2,STRONG_POS,<0.7,POSITIVE,NO_G2,NO_EARLY,NO_PULL,NO_DRYUP,40-60,<4,20-40,6-8,CTX[<4|20-40|6-8]::DNA[RECOVERING|50-55|2-5|<-2|STRONG_POS|POSITIVE|<0.7|NO_G2|NO_EARLY|NO_PULL|NO_DRYUP|40-60],CTX[<4|20-40|6-8]::DNA[RECOVERING|50-55|2-5|<-2|STRONG_POS|POSITIVE|<0.7|NO_G2|NO_EARLY|NO_PULL|NO_DRYUP|40-60],CTX[<4|20-40|6-8]::DNA[RECOVERING|50-55|2-5|<-2|STRONG_POS|POSITIVE|<0.7|NO_G2|NO_EARLY|NO_PULL|NO_DRYUP|40-60],V4,2026-08-17T08:40:32Z
ca68f8e2638ae700,ca68f8e2638ae700,PENDING_OUTCOME,2026-08-17,2026-08-17T08:40:31Z,4.0.0,GEN3_EXPERIENCE,DECISION_CONTEXT_V1,MCH,136900.0,🟡 TRUNG TÍNH,67.8,1.0,👀 THEO DÕI,OBV tốt + Vị trí giá tốt + RSI cải thiện,54.86,1.77,0.66,0.89,-0.2299999999999999,136378.84,135995.5,0.28,0.17,0.3821413937822093,0.6650955362493605,🟢,245474.0,409909.0,0.5988499886560188,0.38,3.06,9.83,-3.25,False,False,False,MUA EARLY,,,,11369374.0,11122627.0,,False,,,55.92,7.5,-1.7,5.0,5.0,6.2,6.2,7.8,1.4,32.0,🔴 Forecast rủi ro,NEUTRAL|50-55|0-2|-2-0|STRONG_POS|POSITIVE|<0.7|NO_G2|NO_EARLY|NO_PULL|NO_DRYUP|40-60,<4|20-40|6-8,NEUTRAL,50-55,0-2,-2-0,STRONG_POS,<0.7,POSITIVE,NO_G2,NO_EARLY,NO_PULL,NO_DRYUP,40-60,<4,20-40,6-8,CTX[<4|20-40|6-8]::DNA[NEUTRAL|50-55|0-2|-2-0|STRONG_POS|POSITIVE|<0.7|NO_G2|NO_EARLY|NO_PULL|NO_DRYUP|40-60],CTX[<4|20-40|6-8]::DNA[NEUTRAL|50-55|0-2|-2-0|STRONG_POS|POSITIVE|<0.7|NO_G2|NO_EARLY|NO_PULL|NO_DRYUP|40-60],CTX[<4|20-40|6-8]::DNA[NEUTRAL|50-55|0-2|-2-0|STRONG_POS|POSITIVE|<0.7|NO_G2|NO_EARLY|NO_PULL|NO_DRYUP|40-60],V4,2026-08-17T08:40:32Z
c6f8bbc485846f23,c6f8bbc485846f23,PENDING_OUTCOME,2026-08-17,2026-08-17T08:40:31Z,4.0.0,GEN3_EXPERIENCE,DECISION_CONTEXT_V1,HDC,11950.0,🟡 TRUNG TÍNH,67.6,1.0,👀 THEO DÕI,OBV tốt + Vị trí giá tốt + Vol xác nhận,41.81,2.82,0.0,0.84,-0.84,11848.82,11727.5,1.03,1.47,0.8539246946109413,1.897250053293531,🟢,956400.0,1331225.0,0.7184360269676426,0.85,9.63,9.63,-9.13,False,False,False,MUA EARLY,,,,159563300.0,158038895.0,,False,,,53.83,6.5,-1.2,5.0,5.0,6.2,6.2,7.8,1.4,32.0,🔴 Forecast rủi ro,NEUTRAL|<45|0-2|-2-0|STRONG_POS|POSITIVE|0.7-1.0|NO_G2|NO_EARLY|NO_PULL|NO_DRYUP|40-60,<4|20-40|6-8,NEUTRAL,<45,0-2,-2-0,STRONG_POS,0.7-1.0,POSITIVE,NO_G2,NO_EARLY,NO_PULL,NO_DRYUP,40-60,<4,20-40,6-8,CTX[<4|20-40|6-8]::DNA[NEUTRAL|<45|0-2|-2-0|STRONG_POS|POSITIVE|0.7-1.0|NO_G2|NO_EARLY|NO_PULL|NO_DRYUP|40-60],CTX[<4|20-40|6-8]::DNA[NEUTRAL|<45|0-2|-2-0|STRONG_POS|POSITIVE|0.7-1.0|NO_G2|NO_EARLY|NO_PULL|NO_DRYUP|40-60],CTX[<4|20-40|6-8]::DNA[NEUTRAL|<45|0-2|-2-0|STRONG_POS|POSITIVE|0.7-1.0|NO_G2|NO_EARLY|NO_PULL|NO_DRYUP|40-60],V4,2026-08-17T08:40:32Z
b84443081b468d68,b84443081b468d68,PENDING_OUTCOME,2026-08-17,2026-08-17T08:40:31Z,4.0.0,GEN3_EXPERIENCE,DECISION_CONTEXT_V1,MML,28200.0,🟡 TRUNG TÍNH,67.6,1.0,👀 THEO DÕI,OBV tốt + Vị trí giá tốt + Vol xác nhận,49.02,1.1,0.0,-1.74,1.74,28179.27,27905.0,0.98,0.01,0.0735647161903108,1.0571582153735992,🟢,18700.0,24575.0,0.7609359104781281,0.07,6.42,6.42,-4.73,False,False,False,MUA EARLY,,,,-1465400.0,-1500981.0,,False,,,54.88,4.5,1.8,5.0,5.0,6.2,6.2,7.8,1.4,32.0,🔴 Forecast rủi ro,NEUTRAL|45-50|-2-0|0-2|STRONG_POS|POSITIVE|0.7-1.0|NO_G2|NO_EARLY|NO_PULL|NO_DRYUP|40-60,<4|20-40|6-8,NEUTRAL,45-50,-2-0,0-2,STRONG_POS,0.7-1.0,POSITIVE,NO_G2,NO_EARLY,NO_PULL,NO_DRYUP,40-60,<4,20-40,6-8,CTX[<4|20-40|6-8]::DNA[NEUTRAL|45-50|-2-0|0-2|STRONG_POS|POSITIVE|0.7-1.0|NO_G2|NO_EARLY|NO_PULL|NO_DRYUP|40-60],CTX[<4|20-40|6-8]::DNA[NEUTRAL|45-50|-2-0|0-2|STRONG_POS|POSITIVE|0.7-1.0|NO_G2|NO_EARLY|NO_PULL|NO_DRYUP|40-60],CTX[<4|20-40|6-8]::DNA[NEUTRAL|45-50|-2-0|0-2|STRONG_POS|POSITIVE|0.7-1.0|NO_G2|NO_EARLY|NO_PULL|NO_DRYUP|40-60],V4,2026-08-17T08:40:32Z
d4d561c5684efe89,d4d561c5684efe89,PENDING_OUTCOME,2026-08-17,2026-08-17T08:40:31Z,4.0.0,GEN3_EXPERIENCE,DECISION_CONTEXT_V1,SAB,45750.0,🟡 TRUNG TÍNH,67.6,1.0,👀 THEO DÕI,OBV tốt + Vị trí giá tốt + Vol xác nhận,56.89,-4.84,-1.61,2.12,-3.73,45374.66,44509.0,1.94,-0.07,0.8272017906029383,2.7882001392976807,🟢,644800.0,776005.0,0.8309224811695801,0.83,6.4,6.4,-1.72,False,False,False,PULL VỪA,,,,-7401600.0,-8123013.0,,False,,,57.27,10.0,5.0,8.0,4.0,6.2,6.2,7.8,1.4,32.0,🔴 Forecast rủi ro,NEUTRAL|55-60|2-5|<-2|STRONG_POS|POSITIVE|0.7-1.0|NO_G2|NO_EARLY|NO_PULL|NO_DRYUP|40-60,<4|20-40|6-8,NEUTRAL,55-60,2-5,<-2,STRONG_POS,0.7-1.0,POSITIVE,NO_G2,NO_EARLY,NO_PULL,NO_DRYUP,40-60,<4,20-40,6-8,CTX[<4|20-40|6-8]::DNA[NEUTRAL|55-60|2-5|<-2|STRONG_POS|POSITIVE|0.7-1.0|NO_G2|NO_EARLY|NO_PULL|NO_DRYUP|40-60],CTX[<4|20-40|6-8]::DNA[NEUTRAL|55-60|2-5|<-2|STRONG_POS|POSITIVE|0.7-1.0|NO_G2|NO_EARLY|NO_PULL|NO_DRYUP|40-60],CTX[<4|20-40|6-8]::DNA[NEUTRAL|55-60|2-5|<-2|STRONG_POS|POSITIVE|0.7-1.0|NO_G2|NO_EARLY|NO_PULL|NO_DRYUP|40-60],V4,2026-08-17T08:40:32Z
e07ed221ab1f8ca0,e07ed221ab1f8ca0,PENDING_OUTCOME,2026-08-17,2026-08-17T08:40:31Z,4.0.0,GEN3_EXPERIENCE,DECISION_CONTEXT_V1,FRT,147000.0,🟡 TRUNG TÍNH,67.1,1.0,👀 THEO DÕI,OBV tốt + Xu hướng lên + Vị trí giá tốt,72.91,-6.89,7.3,10.44,-3.14,140361.73,126560.0,10.91,-0.6,4.7294016681042494,16.150442477876116,🟢,1333243.0,721667.0,1.8474490312013712,4.73,40.0,40.0,-1.01,False,False,False,GÀ TĂNG TỐC,,,,4389643.0,2794796.0,,False,,,60.49,9.0,-5.5,10.0,0.0,6.2,6.2,7.8,1.4,32.0,🔴 Forecast rủi ro,NEUTRAL|>=70|>=10|<-2|STRONG_POS|POSITIVE|>=1.5|NO_G2|NO_EARLY|NO_PULL|NO_DRYUP|60-75,<4|20-40|6-8,NEUTRAL,>=70,>=10,<-2,STRONG_POS,>=1.5,POSITIVE,NO_G2,NO_EARLY,NO_PULL,NO_DRYUP,60-75,<4,20-40,6-8,CTX[<4|20-40|6-8]::DNA[NEUTRAL|>=70|>=10|<-2|STRONG_POS|POSITIVE|>=1.5|NO_G2|NO_EARLY|NO_PULL|NO_DRYUP|60-75],CTX[<4|20-40|6-8]::DNA[NEUTRAL|>=70|>=10|<-2|STRONG_POS|POSITIVE|>=1.5|NO_G2|NO_EARLY|NO_PULL|NO_DRYUP|60-75],CTX[<4|20-40|6-8]::DNA[NEUTRAL|>=70|>=10|<-2|STRONG_POS|POSITIVE|>=1.5|NO_G2|NO_EARLY|NO_PULL|NO_DRYUP|60-75],V4,2026-08-17T08:40:32Z
0725d152046cbeca,0725d152046cbeca,PENDING_OUTCOME,2026-08-17,2026-08-17T08:40:31Z,4.0.0,GEN3_EXPERIENCE,DECISION_CONTEXT_V1,SZC,19650.0,🟡 TRUNG TÍNH,66.4,1.0,👀 THEO DÕI,OBV tốt + Xu hướng lên + Vị trí giá tốt,49.82,-4.44,-4.15,5.65,-9.8,19511.8,18780.0,3.9,0.99,0.708289342859203,4.63258785942493,🟢,290800.0,484200.0,0.600578273440727,0.71,14.58,14.58,-4.84,False,False,False,MUA EARLY,,,,-21682400.0,-21722248.0,,False,,,55.63,6.5,-1.7,7.0,5.0,6.2,6.2,7.8,1.4,32.0,🔴 Forecast rủi ro,NEUTRAL|45-50|5-10|<-2|STRONG_POS|POSITIVE|<0.7|NO_G2|NO_EARLY|NO_PULL|NO_DRYUP|40-60,<4|20-40|6-8,NEUTRAL,45-50,5-10,<-2,STRONG_POS,<0.7,POSITIVE,NO_G2,NO_EARLY,NO_PULL,NO_DRYUP,40-60,<4,20-40,6-8,CTX[<4|20-40|6-8]::DNA[NEUTRAL|45-50|5-10|<-2|STRONG_POS|POSITIVE|<0.7|NO_G2|NO_EARLY|NO_PULL|NO_DRYUP|40-60],CTX[<4|20-40|6-8]::DNA[NEUTRAL|45-50|5-10|<-2|STRONG_POS|POSITIVE|<0.7|NO_G2|NO_EARLY|NO_PULL|NO_DRYUP|40-60],CTX[<4|20-40|6-8]::DNA[NEUTRAL|45-50|5-10|<-2|STRONG_POS|POSITIVE|<0.7|NO_G2|NO_EARLY|NO_PULL|NO_DRYUP|40-60],V4,2026-08-17T08:40:32Z
3115f3702e975386,3115f3702e975386,PENDING_OUTCOME,2026-08-17,2026-08-17T08:40:31Z,4.0.0,GEN3_EXPERIENCE,DECISION_CONTEXT_V1,PLX,35500.0,🟡 TRUNG TÍNH,66.2,1.0,👀 THEO DÕI,OBV tốt + Xu hướng lên + Vị trí giá tốt,54.11,-6.74,-5.33,5.97,-11.3,35320.21,33782.0,4.55,-0.52,0.50902868357805,5.085548516961702,🟢,1853700.0,2505195.0,0.739942399693437,0.51,12.63,12.63,-6.58,False,False,False,MUA EARLY,,,,59996900.0,59213099.0,,False,,,56.27,2.0,-3.7,6.0,5.0,6.2,6.2,7.8,1.4,32.0,🔴 Forecast rủi ro,NEUTRAL|50-55|5-10|<-2|STRONG_POS|POSITIVE|0.7-1.0|NO_G2|NO_EARLY|NO_PULL|NO_DRYUP|40-60,<4|20-40|6-8,NEUTRAL,50-55,5-10,<-2,STRONG_POS,0.7-1.0,POSITIVE,NO_G2,NO_EARLY,NO_PULL,NO_DRYUP,40-60,<4,20-40,6-8,CTX[<4|20-40|6-8]::DNA[NEUTRAL|50-55|5-10|<-2|STRONG_POS|POSITIVE|0.7-1.0|NO_G2|NO_EARLY|NO_PULL|NO_DRYUP|40-60],CTX[<4|20-40|6-8]::DNA[NEUTRAL|50-55|5-10|<-2|STRONG_POS|POSITIVE|0.7-1.0|NO_G2|NO_EARLY|NO_PULL|NO_DRYUP|40-60],CTX[<4|20-40|6-8]::DNA[NEUTRAL|50-55|5-10|<-2|STRONG_POS|POSITIVE|0.7-1.0|NO_G2|NO_EARLY|NO_PULL|NO_DRYUP|40-60],V4,2026-08-17T08:40:32Z
14ea161426f59c12,14ea161426f59c12,PENDING_OUTCOME,2026-08-17,2026-08-17T08:40:31Z,4.0.0,GEN3_EXPERIENCE,DECISION_CONTEXT_V1,MSN,66900.0,🟡 TRUNG TÍNH,65.2,1.0,👀 THEO DÕI,OBV tốt + Vị trí giá tốt + Vol xác nhận,46.94,-0.78,-1.18,-1.91,0.73,67007.74,66355.0,0.98,-0.17,-0.1607873956053551,0.821339763393869,🟢,3448672.0,4258869.0,0.8097624040561003,-0.16,4.69,4.69,-3.6,False,False,False,MUA EARLY,,,,109526272.0,106570535.0,,False,,,54.49,7.0,-3.7,4.0,5.0,6.2,6.2,7.8,1.4,32.0,🔴 Forecast rủi ro,NEUTRAL|45-50|-2-0|0-2|STRONG_POS|POSITIVE|0.7-1.0|NO_G2|NO_EARLY|NO_PULL|NO_DRYUP|40-60,<4|20-40|6-8,NEUTRAL,45-50,-2-0,0-2,STRONG_POS,0.7-1.0,POSITIVE,NO_G2,NO_EARLY,NO_PULL,NO_DRYUP,40-60,<4,20-40,6-8,CTX[<4|20-40|6-8]::DNA[NEUTRAL|45-50|-2-0|0-2|STRONG_POS|POSITIVE|0.7-1.0|NO_G2|NO_EARLY|NO_PULL|NO_DRYUP|40-60],CTX[<4|20-40|6-8]::DNA[NEUTRAL|45-50|-2-0|0-2|STRONG_POS|POSITIVE|0.7-1.0|NO_G2|NO_EARLY|NO_PULL|NO_DRYUP|40-60],CTX[<4|20-40|6-8]::DNA[NEUTRAL|45-50|-2-0|0-2|STRONG_POS|POSITIVE|0.7-1.0|NO_G2|NO_EARLY|NO_PULL|NO_DRYUP|40-60],V4,2026-08-17T08:40:32Z
2e0ddec76d6ec4ee,2e0ddec76d6ec4ee,PENDING_OUTCOME,2026-08-17,2026-08-17T08:40:31Z,4.0.0,GEN3_EXPERIENCE,DECISION_CONTEXT_V1,EVF,12400.0,🟡 TRUNG TÍNH,62.5,1.0,👀 THEO DÕI,OBV tốt + Vị trí giá tốt,46.66,-2.45,-0.8,0.0,-0.8,12480.78,12362.5,0.96,0.33,-0.647235188826345,0.3033367037411416,🟢,861800.0,1502155.0,0.5737091045864109,-0.65,5.08,5.08,-4.62,False,False,False,MUA EARLY,,,,152991400.0,152480415.0,,False,,,54.39,1.5,-1.7,3.0,5.0,6.2,6.2,7.8,1.4,32.0,🔴 Forecast rủi ro,NEUTRAL|45-50|0-2|-2-0|STRONG_POS|POSITIVE|<0.7|NO_G2|NO_EARLY|NO_PULL|NO_DRYUP|40-60,<4|20-40|6-8,NEUTRAL,45-50,0-2,-2-0,STRONG_POS,<0.7,POSITIVE,NO_G2,NO_EARLY,NO_PULL,NO_DRYUP,40-60,<4,20-40,6-8,CTX[<4|20-40|6-8]::DNA[NEUTRAL|45-50|0-2|-2-0|STRONG_POS|POSITIVE|<0.7|NO_G2|NO_EARLY|NO_PULL|NO_DRYUP|40-60],CTX[<4|20-40|6-8]::DNA[NEUTRAL|45-50|0-2|-2-0|STRONG_POS|POSITIVE|<0.7|NO_G2|NO_EARLY|NO_PULL|NO_DRYUP|40-60],CTX[<4|20-40|6-8]::DNA[NEUTRAL|45-50|0-2|-2-0|STRONG_POS|POSITIVE|<0.7|NO_G2|NO_EARLY|NO_PULL|NO_DRYUP|40-60],V4,2026-08-17T08:40:32Z
58e145281f1e4c2e,58e145281f1e4c2e,PENDING_OUTCOME,2026-08-17,2026-08-17T08:40:31Z,4.0.0,GEN3_EXPERIENCE,DECISION_CONTEXT_V1,HAH,45800.0,🟡 TRUNG TÍNH,62.1,1.0,👀 THEO DÕI,OBV tốt + Vị trí giá tốt + Vol xác nhận,43.98,-3.64,-1.29,-0.54,-0.75,45916.01,45420.0,1.09,-0.11,-0.2526569708474313,0.8366358432408738,🟢,768457.0,560263.0,1.3716004804886277,-0.25,4.33,4.33,-3.38,False,False,False,THEO DÕI,,,,19611843.0,19541253.0,,False,,,48.19,2.0,-3.8,0.0,7.0,6.2,6.2,7.8,1.4,32.0,🔴 Forecast rủi ro,NEUTRAL|<45|-2-0|-2-0|STRONG_POS|POSITIVE|1.2-1.5|NO_G2|NO_EARLY|NO_PULL|NO_DRYUP|40-60,<4|20-40|6-8,NEUTRAL,<45,-2-0,-2-0,STRONG_POS,1.2-1.5,POSITIVE,NO_G2,NO_EARLY,NO_PULL,NO_DRYUP,40-60,<4,20-40,6-8,CTX[<4|20-40|6-8]::DNA[NEUTRAL|<45|-2-0|-2-0|STRONG_POS|POSITIVE|1.2-1.5|NO_G2|NO_EARLY|NO_PULL|NO_DRYUP|40-60],CTX[<4|20-40|6-8]::DNA[NEUTRAL|<45|-2-0|-2-0|STRONG_POS|POSITIVE|1.2-1.5|NO_G2|NO_EARLY|NO_PULL|NO_DRYUP|40-60],CTX[<4|20-40|6-8]::DNA[NEUTRAL|<45|-2-0|-2-0|STRONG_POS|POSITIVE|1.2-1.5|NO_G2|NO_EARLY|NO_PULL|NO_DRYUP|40-60],V4,2026-08-17T08:40:32Z
7a3aaf92ab86e822,7a3aaf92ab86e822,PENDING_OUTCOME,2026-08-17,2026-08-17T08:40:31Z,4.0.0,GEN3_EXPERIENCE,DECISION_CONTEXT_V1,VCG,15800.0,🟡 TRUNG TÍNH,60.9,1.0,👀 THEO DÕI,OBV tốt + Vị trí giá tốt,42.29,-5.2,-0.94,0.32,-1.26,15840.08,15674.95,1.05,0.53,-0.253029025105933,0.7977696898554543,🟢,1630100.0,2576780.0,0.632611243489937,-0.25,4.64,4.64,-4.82,False,False,False,MUA EARLY,,,,237144400.0,236244480.0,,False,,,53.73,3.0,1.8,3.0,5.0,6.2,6.2,7.8,1.4,32.0,🔴 Forecast rủi ro,NEUTRAL|<45|0-2|-2-0|STRONG_POS|POSITIVE|<0.7|NO_G2|NO_EARLY|NO_PULL|NO_DRYUP|40-60,<4|20-40|6-8,NEUTRAL,<45,0-2,-2-0,STRONG_POS,<0.7,POSITIVE,NO_G2,NO_EARLY,NO_PULL,NO_DRYUP,40-60,<4,20-40,6-8,CTX[<4|20-40|6-8]::DNA[NEUTRAL|<45|0-2|-2-0|STRONG_POS|POSITIVE|<0.7|NO_G2|NO_EARLY|NO_PULL|NO_DRYUP|40-60],CTX[<4|20-40|6-8]::DNA[NEUTRAL|<45|0-2|-2-0|STRONG_POS|POSITIVE|<0.7|NO_G2|NO_EARLY|NO_PULL|NO_DRYUP|40-60],CTX[<4|20-40|6-8]::DNA[NEUTRAL|<45|0-2|-2-0|STRONG_POS|POSITIVE|<0.7|NO_G2|NO_EARLY|NO_PULL|NO_DRYUP|40-60],V4,2026-08-17T08:40:32Z
6c743ec6ea56fe13,6c743ec6ea56fe13,PENDING_OUTCOME,2026-08-17,2026-08-17T08:40:31Z,4.0.0,GEN3_EXPERIENCE,DECISION_CONTEXT_V1,NT2,21300.0,🟡 TRUNG TÍNH,60.6,1.0,👀 THEO DÕI,OBV tốt + Vị trí giá tốt + Vol xác nhận,46.48,-6.51,-1.16,-1.16,0.0,21386.26,21282.5,0.49,-0.33,-0.4033430810249094,0.0822271819570064,🟢,386500.0,563825.0,0.6854963862900723,-0.4,3.9,3.9,-2.74,False,False,False,MUA EARLY,,,,14795500.0,14544991.0,,False,,,54.42,4.0,-3.7,4.0,5.0,6.2,6.2,7.8,1.4,32.0,🔴 Forecast rủi ro,NEUTRAL|45-50|-2-0|0-2|STRONG_POS|POSITIVE|<0.7|NO_G2|NO_EARLY|NO_PULL|NO_DRYUP|40-60,<4|20-40|6-8,NEUTRAL,45-50,-2-0,0-2,STRONG_POS,<0.7,POSITIVE,NO_G2,NO_EARLY,NO_PULL,NO_DRYUP,40-60,<4,20-40,6-8,CTX[<4|20-40|6-8]::DNA[NEUTRAL|45-50|-2-0|0-2|STRONG_POS|POSITIVE|<0.7|NO_G2|NO_EARLY|NO_PULL|NO_DRYUP|40-60],CTX[<4|20-40|6-8]::DNA[NEUTRAL|45-50|-2-0|0-2|STRONG_POS|POSITIVE|<0.7|NO_G2|NO_EARLY|NO_PULL|NO_DRYUP|40-60],CTX[<4|20-40|6-8]::DNA[NEUTRAL|45-50|-2-0|0-2|STRONG_POS|POSITIVE|<0.7|NO_G2|NO_EARLY|NO_PULL|NO_DRYUP|40-60],V4,2026-08-17T08:40:32Z
6e2a489ec1dc17e5,6e2a489ec1dc17e5,PENDING_OUTCOME,2026-08-17,2026-08-17T08:40:31Z,4.0.0,GEN3_EXPERIENCE,DECISION_CONTEXT_V1,VSC,14500.0,🟡 TRUNG TÍNH,60.3,1.0,👀 THEO DÕI,OBV tốt + Vị trí giá tốt + Xu hướng lên,44.46,-2.59,-3.97,2.11,-6.08,14559.24,14132.5,3.02,-0.39,-0.4068893705990173,2.600389173889961,🟢,4004500.0,10478450.0,0.3821653011657258,-0.41,14.17,14.17,-4.92,False,False,False,MUA EARLY,,,,284460900.0,276749299.0,,False,,,54.29,3.0,-1.7,4.0,5.0,6.2,6.2,7.8,1.4,32.0,🔴 Forecast rủi ro,NEUTRAL|<45|2-5|<-2|STRONG_POS|POSITIVE|<0.7|NO_G2|NO_EARLY|NO_PULL|NO_DRYUP|40-60,<4|20-40|6-8,NEUTRAL,<45,2-5,<-2,STRONG_POS,<0.7,POSITIVE,NO_G2,NO_EARLY,NO_PULL,NO_DRYUP,40-60,<4,20-40,6-8,CTX[<4|20-40|6-8]::DNA[NEUTRAL|<45|2-5|<-2|STRONG_POS|POSITIVE|<0.7|NO_G2|NO_EARLY|NO_PULL|NO_DRYUP|40-60],CTX[<4|20-40|6-8]::DNA[NEUTRAL|<45|2-5|<-2|STRONG_POS|POSITIVE|<0.7|NO_G2|NO_EARLY|NO_PULL|NO_DRYUP|40-60],CTX[<4|20-40|6-8]::DNA[NEUTRAL|<45|2-5|<-2|STRONG_POS|POSITIVE|<0.7|NO_G2|NO_EARLY|NO_PULL|NO_DRYUP|40-60],V4,2026-08-17T08:40:32Z
ea8cb9bab4c58f29,ea8cb9bab4c58f29,PENDING_OUTCOME,2026-08-17,2026-08-17T08:40:31Z,4.0.0,GEN3_EXPERIENCE,DECISION_CONTEXT_V1,PVD,18150.0,🟡 TRUNG TÍNH,59.1,1.0,👀 THEO DÕI,OBV tốt + Vị trí giá tốt,46.59,-5.11,-0.55,0.28,-0.8300000000000001,18207.82,18252.5,-0.24,0.74,-0.3175558633598085,-0.5615669086426522,🟢,5397159.0,3419553.0,1.5783229562460357,-0.32,3.71,3.71,-8.33,False,False,False,MUA EARLY,,,,277490959.0,274251010.0,,False,,,54.46,19.5,-1.4,4.0,5.0,6.2,6.2,7.8,1.4,32.0,🔴 Forecast rủi ro,NEUTRAL|45-50|0-2|-2-0|STRONG_NEG|POSITIVE|>=1.5|NO_G2|NO_EARLY|NO_PULL|NO_DRYUP|40-60,<4|20-40|6-8,NEUTRAL,45-50,0-2,-2-0,STRONG_NEG,>=1.5,POSITIVE,NO_G2,NO_EARLY,NO_PULL,NO_DRYUP,40-60,<4,20-40,6-8,CTX[<4|20-40|6-8]::DNA[NEUTRAL|45-50|0-2|-2-0|STRONG_NEG|POSITIVE|>=1.5|NO_G2|NO_EARLY|NO_PULL|NO_DRYUP|40-60],CTX[<4|20-40|6-8]::DNA[NEUTRAL|45-50|0-2|-2-0|STRONG_NEG|POSITIVE|>=1.5|NO_G2|NO_EARLY|NO_PULL|NO_DRYUP|40-60],CTX[<4|20-40|6-8]::DNA[NEUTRAL|45-50|0-2|-2-0|STRONG_NEG|POSITIVE|>=1.5|NO_G2|NO_EARLY|NO_PULL|NO_DRYUP|40-60],V4,2026-08-17T08:40:32Z
7a01b8c87d39fcfc,7a01b8c87d39fcfc,PENDING_OUTCOME,2026-08-17,2026-08-17T08:40:31Z,4.0.0,GEN3_EXPERIENCE,DECISION_CONTEXT_V1,TPB,14450.0,🟡 TRUNG TÍNH,58.6,1.0,👀 THEO DÕI,OBV tốt + Vị trí giá tốt,42.5,-4.25,-2.03,0.35,-2.38,14518.27,14382.5,0.94,0.09,-0.4702350899935092,0.469320354597591,🟢,4463800.0,8827045.0,0.5056958472512602,-0.47,3.96,3.96,-4.93,False,False,False,MUA EARLY,,,,446578888.0,443434357.0,,False,,,53.77,-2.5,1.8,3.0,5.0,6.2,6.2,7.8,1.4,32.0,🔴 Forecast rủi ro,NEUTRAL|<45|0-2|<-2|STRONG_POS|POSITIVE|<0.7|NO_G2|NO_EARLY|NO_PULL|NO_DRYUP|40-60,<4|20-40|6-8,NEUTRAL,<45,0-2,<-2,STRONG_POS,<0.7,POSITIVE,NO_G2,NO_EARLY,NO_PULL,NO_DRYUP,40-60,<4,20-40,6-8,CTX[<4|20-40|6-8]::DNA[NEUTRAL|<45|0-2|<-2|STRONG_POS|POSITIVE|<0.7|NO_G2|NO_EARLY|NO_PULL|NO_DRYUP|40-60],CTX[<4|20-40|6-8]::DNA[NEUTRAL|<45|0-2|<-2|STRONG_POS|POSITIVE|<0.7|NO_G2|NO_EARLY|NO_PULL|NO_DRYUP|40-60],CTX[<4|20-40|6-8]::DNA[NEUTRAL|<45|0-2|<-2|STRONG_POS|POSITIVE|<0.7|NO_G2|NO_EARLY|NO_PULL|NO_DRYUP|40-60],V4,2026-08-17T08:40:32Z
4899a92ccd9a418d,4899a92ccd9a418d,PENDING_OUTCOME,2026-08-17,2026-08-17T08:40:31Z,4.0.0,GEN3_EXPERIENCE,DECISION_CONTEXT_V1,ORS,13850.0,🟡 TRUNG TÍNH,58.6,1.0,👀 THEO DÕI,OBV tốt + Vị trí giá tốt,49.66,-8.62,-2.46,-1.77,-0.69,14025.86,13805.0,1.6,-1.0,-1.2538268598146662,0.3259688518652659,🟢,1666500.0,4362865.0,0.3819737718219564,-1.25,8.2,9.49,-6.1,False,False,False,MUA EARLY,,,,215171800.0,214850538.0,,False,,,54.85,-8.5,-9.9,3.0,5.0,6.2,6.2,7.8,1.4,32.0,🔴 Forecast rủi ro,NEUTRAL|45-50|-2-0|-2-0|STRONG_POS|POSITIVE|<0.7|NO_G2|NO_EARLY|NO_PULL|NO_DRYUP|40-60,<4|20-40|6-8,NEUTRAL,45-50,-2-0,-2-0,STRONG_POS,<0.7,POSITIVE,NO_G2,NO_EARLY,NO_PULL,NO_DRYUP,40-60,<4,20-40,6-8,CTX[<4|20-40|6-8]::DNA[NEUTRAL|45-50|-2-0|-2-0|STRONG_POS|POSITIVE|<0.7|NO_G2|NO_EARLY|NO_PULL|NO_DRYUP|40-60],CTX[<4|20-40|6-8]::DNA[NEUTRAL|45-50|-2-0|-2-0|STRONG_POS|POSITIVE|<0.7|NO_G2|NO_EARLY|NO_PULL|NO_DRYUP|40-60],CTX[<4|20-40|6-8]::DNA[NEUTRAL|45-50|-2-0|-2-0|STRONG_POS|POSITIVE|<0.7|NO_G2|NO_EARLY|NO_PULL|NO_DRYUP|40-60],V4,2026-08-17T08:40:32Z
b9671e497c057f25,b9671e497c057f25,PENDING_OUTCOME,2026-08-17,2026-08-17T08:40:31Z,4.0.0,GEN3_EXPERIENCE,DECISION_CONTEXT_V1,OIL,13200.0,🟡 TRUNG TÍNH,58.0,1.0,👀 THEO DÕI,OBV tốt + Vị trí giá tốt,46.92,-2.59,-4.35,0.76,-5.109999999999999,13259.09,13200.0,0.45,0.44,-0.4456565269562285,0.0,🟢,654800.0,1205830.0,0.5430284534304172,-0.45,2.33,3.94,-8.97,False,False,False,MUA EARLY,,,,91217700.0,91097150.0,,False,,,54.5,2.0,1.8,3.0,5.0,6.2,6.2,7.8,1.4,32.0,🔴 Forecast rủi ro,NEUTRAL|45-50|0-2|<-2|STRONG_POS|POSITIVE|<0.7|NO_G2|NO_EARLY|NO_PULL|NO_DRYUP|40-60,<4|20-40|6-8,NEUTRAL,45-50,0-2,<-2,STRONG_POS,<0.7,POSITIVE,NO_G2,NO_EARLY,NO_PULL,NO_DRYUP,40-60,<4,20-40,6-8,CTX[<4|20-40|6-8]::DNA[NEUTRAL|45-50|0-2|<-2|STRONG_POS|POSITIVE|<0.7|NO_G2|NO_EARLY|NO_PULL|NO_DRYUP|40-60],CTX[<4|20-40|6-8]::DNA[NEUTRAL|45-50|0-2|<-2|STRONG_POS|POSITIVE|<0.7|NO_G2|NO_EARLY|NO_PULL|NO_DRYUP|40-60],CTX[<4|20-40|6-8]::DNA[NEUTRAL|45-50|0-2|<-2|STRONG_POS|POSITIVE|<0.7|NO_G2|NO_EARLY|NO_PULL|NO_DRYUP|40-60],V4,2026-08-17T08:40:32Z
1512435873c66e62,1512435873c66e62,PENDING_OUTCOME,2026-08-17,2026-08-17T08:40:31Z,4.0.0,GEN3_EXPERIENCE,DECISION_CONTEXT_V1,VTO,10400.0,🟡 TRUNG TÍNH,57.3,1.0,👀 THEO DÕI,OBV tốt + Vị trí giá tốt,46.64,-13.04,-1.89,-0.95,-0.94,10525.6,10392.5,1.28,-0.61,-1.1932811431177304,0.0721674284339668,🟢,17000.0,66800.0,0.2544910179640718,-1.19,3.48,3.48,-3.26,False,False,False,MUA EARLY,,,,2041500.0,2034127.0,,False,,,54.38,-7.0,-6.2,3.0,5.0,6.2,6.2,7.8,1.4,32.0,🔴 Forecast rủi ro,NEUTRAL|45-50|-2-0|-2-0|STRONG_POS|POSITIVE|<0.7|NO_G2|NO_EARLY|NO_PULL|NO_DRYUP|40-60,<4|20-40|6-8,NEUTRAL,45-50,-2-0,-2-0,STRONG_POS,<0.7,POSITIVE,NO_G2,NO_EARLY,NO_PULL,NO_DRYUP,40-60,<4,20-40,6-8,CTX[<4|20-40|6-8]::DNA[NEUTRAL|45-50|-2-0|-2-0|STRONG_POS|POSITIVE|<0.7|NO_G2|NO_EARLY|NO_PULL|NO_DRYUP|40-60],CTX[<4|20-40|6-8]::DNA[NEUTRAL|45-50|-2-0|-2-0|STRONG_POS|POSITIVE|<0.7|NO_G2|NO_EARLY|NO_PULL|NO_DRYUP|40-60],CTX[<4|20-40|6-8]::DNA[NEUTRAL|45-50|-2-0|-2-0|STRONG_POS|POSITIVE|<0.7|NO_G2|NO_EARLY|NO_PULL|NO_DRYUP|40-60],V4,2026-08-17T08:40:32Z
18f49ac69267f715,18f49ac69267f715,PENDING_OUTCOME,2026-08-17,2026-08-17T08:40:31Z,4.0.0,GEN3_EXPERIENCE,DECISION_CONTEXT_V1,FTS,21600.0,🟡 TRUNG TÍNH,55.3,1.0,👀 THEO DÕI,OBV tốt + RSI yếu,40.62,-5.18,-2.92,-2.26,-0.6600000000000001,21981.99,21835.0,0.67,0.54,-1.7377407595945638,-1.0762537210899925,🟢,470400.0,1137870.0,0.413403991668644,-1.74,7.46,7.46,-9.81,False,False,False,MUA EARLY,,,,17421800.0,17268887.0,,False,,,53.44,-2.5,-3.7,3.0,5.0,6.2,6.2,7.8,1.4,32.0,🔴 Forecast rủi ro,NEUTRAL|<45|<-2|-2-0|STRONG_POS|POSITIVE|<0.7|NO_G2|NO_EARLY|NO_PULL|NO_DRYUP|40-60,<4|20-40|6-8,NEUTRAL,<45,<-2,-2-0,STRONG_POS,<0.7,POSITIVE,NO_G2,NO_EARLY,NO_PULL,NO_DRYUP,40-60,<4,20-40,6-8,CTX[<4|20-40|6-8]::DNA[NEUTRAL|<45|<-2|-2-0|STRONG_POS|POSITIVE|<0.7|NO_G2|NO_EARLY|NO_PULL|NO_DRYUP|40-60],CTX[<4|20-40|6-8]::DNA[NEUTRAL|<45|<-2|-2-0|STRONG_POS|POSITIVE|<0.7|NO_G2|NO_EARLY|NO_PULL|NO_DRYUP|40-60],CTX[<4|20-40|6-8]::DNA[NEUTRAL|<45|<-2|-2-0|STRONG_POS|POSITIVE|<0.7|NO_G2|NO_EARLY|NO_PULL|NO_DRYUP|40-60],V4,2026-08-17T08:40:32Z
8909b26047f503ee,8909b26047f503ee,PENDING_OUTCOME,2026-08-17,2026-08-17T08:40:31Z,4.0.0,GEN3_EXPERIENCE,DECISION_CONTEXT_V1,BFC,47700.0,🟡 TRUNG TÍNH,54.5,1.0,👀 THEO DÕI,OBV tốt + Vị trí giá tốt,42.44,-1.59,-3.83,-1.04,-2.79,48212.45,48020.5,0.4,0.25,-1.0628997281822428,-0.6674232879707587,🟢,28900.0,169970.0,0.170030005295052,-1.06,4.22,4.22,-8.81,False,False,False,MUA EARLY,,,,29217900.0,29110602.0,,False,,,53.73,6.0,1.8,3.0,5.0,6.2,6.2,7.8,1.4,32.0,🔴 Forecast rủi ro,NEUTRAL|<45|-2-0|<-2|STRONG_POS|POSITIVE|<0.7|NO_G2|NO_EARLY|NO_PULL|NO_DRYUP|40-60,<4|20-40|6-8,NEUTRAL,<45,-2-0,<-2,STRONG_POS,<0.7,POSITIVE,NO_G2,NO_EARLY,NO_PULL,NO_DRYUP,40-60,<4,20-40,6-8,CTX[<4|20-40|6-8]::DNA[NEUTRAL|<45|-2-0|<-2|STRONG_POS|POSITIVE|<0.7|NO_G2|NO_EARLY|NO_PULL|NO_DRYUP|40-60],CTX[<4|20-40|6-8]::DNA[NEUTRAL|<45|-2-0|<-2|STRONG_POS|POSITIVE|<0.7|NO_G2|NO_EARLY|NO_PULL|NO_DRYUP|40-60],CTX[<4|20-40|6-8]::DNA[NEUTRAL|<45|-2-0|<-2|STRONG_POS|POSITIVE|<0.7|NO_G2|NO_EARLY|NO_PULL|NO_DRYUP|40-60],V4,2026-08-17T08:40:32Z
98874fcf471529cf,98874fcf471529cf,PENDING_OUTCOME,2026-08-17,2026-08-17T08:40:31Z,4.0.0,GEN3_EXPERIENCE,DECISION_CONTEXT_V1,PNJ,36200.0,🔴 YẾU,51.1,2.0,⏳ CHỜ,OBV xấu + Vol chưa xác nhận + Thiếu mẫu xác nhận,40.63,4.09,0.7,9.2,-8.5,35694.89,34602.5,3.16,3.45,1.4150764997454823,4.616718445199042,🔴,2983300.0,8999225.0,0.3315063241556912,1.42,17.72,17.72,-16.49,False,False,False,MUA EARLY,,,,-69030100.0,-67757260.0,,False,,,54.52,11.0,0.9,6.0,5.0,6.2,6.2,7.8,1.4,32.0,🔴 Forecast rủi ro,WEAK|<45|5-10|<-2|STRONG_POS|NEGATIVE|<0.7|NO_G2|NO_EARLY|NO_PULL|NO_DRYUP|40-60,<4|20-40|6-8,WEAK,<45,5-10,<-2,STRONG_POS,<0.7,NEGATIVE,NO_G2,NO_EARLY,NO_PULL,NO_DRYUP,40-60,<4,20-40,6-8,CTX[<4|20-40|6-8]::DNA[WEAK|<45|5-10|<-2|STRONG_POS|NEGATIVE|<0.7|NO_G2|NO_EARLY|NO_PULL|NO_DRYUP|40-60],CTX[<4|20-40|6-8]::DNA[WEAK|<45|5-10|<-2|STRONG_POS|NEGATIVE|<0.7|NO_G2|NO_EARLY|NO_PULL|NO_DRYUP|40-60],CTX[<4|20-40|6-8]::DNA[WEAK|<45|5-10|<-2|STRONG_POS|NEGATIVE|<0.7|NO_G2|NO_EARLY|NO_PULL|NO_DRYUP|40-60],V4,2026-08-17T08:40:32Z
e22b890cfb50695a,e22b890cfb50695a,PENDING_OUTCOME,2026-08-17,2026-08-17T08:40:31Z,4.0.0,GEN3_EXPERIENCE,DECISION_CONTEXT_V1,NHA,8440.0,🔴 YẾU,50.3,2.0,⏳ CHỜ,OBV xấu + Thiếu mẫu xác nhận + Vol chưa xác nhận,46.85,2.27,1.32,1.69,-0.3699999999999999,8336.77,8209.9,1.55,1.22,1.238249345969722,2.8027137967575837,🔴,35700.0,94950.0,0.3759873617693522,1.24,11.05,11.05,-6.12,False,False,False,MUA EARLY,,,,6879900.0,6925523.0,,False,,,54.75,-1.5,1.8,4.0,5.0,6.2,6.2,7.8,1.4,32.0,🔴 Forecast rủi ro,WEAK|45-50|0-2|-2-0|STRONG_POS|NEGATIVE|<0.7|NO_G2|NO_EARLY|NO_PULL|NO_DRYUP|40-60,<4|20-40|6-8,WEAK,45-50,0-2,-2-0,STRONG_POS,<0.7,NEGATIVE,NO_G2,NO_EARLY,NO_PULL,NO_DRYUP,40-60,<4,20-40,6-8,CTX[<4|20-40|6-8]::DNA[WEAK|45-50|0-2|-2-0|STRONG_POS|NEGATIVE|<0.7|NO_G2|NO_EARLY|NO_PULL|NO_DRYUP|40-60],CTX[<4|20-40|6-8]::DNA[WEAK|45-50|0-2|-2-0|STRONG_POS|NEGATIVE|<0.7|NO_G2|NO_EARLY|NO_PULL|NO_DRYUP|40-60],CTX[<4|20-40|6-8]::DNA[WEAK|45-50|0-2|-2-0|STRONG_POS|NEGATIVE|<0.7|NO_G2|NO_EARLY|NO_PULL|NO_DRYUP|40-60],V4,2026-08-17T08:40:32Z
3b5c20f7596c359c,3b5c20f7596c359c,PENDING_OUTCOME,2026-08-17,2026-08-17T08:40:31Z,4.0.0,GEN3_EXPERIENCE,DECISION_CONTEXT_V1,KDH,18000.0,🔴 YẾU,47.6,2.0,⏳ CHỜ,OBV xấu + Thiếu mẫu xác nhận,42.64,0.18,-0.83,0.0,-0.83,17919.48,17720.0,1.13,0.06,0.4493433961253457,1.5801354401805856,🔴,4434800.0,5326790.0,0.8325464304017992,0.45,9.76,9.76,-3.74,False,False,False,MUA EARLY,,,,-18182800.0,-17238923.0,,False,,,53.82,-2.0,-3.8,4.0,5.0,6.2,6.2,7.8,1.4,32.0,🔴 Forecast rủi ro,WEAK|<45|0-2|-2-0|STRONG_POS|NEGATIVE|0.7-1.0|NO_G2|NO_EARLY|NO_PULL|NO_DRYUP|40-60,<4|20-40|6-8,WEAK,<45,0-2,-2-0,STRONG_POS,0.7-1.0,NEGATIVE,NO_G2,NO_EARLY,NO_PULL,NO_DRYUP,40-60,<4,20-40,6-8,CTX[<4|20-40|6-8]::DNA[WEAK|<45|0-2|-2-0|STRONG_POS|NEGATIVE|0.7-1.0|NO_G2|NO_EARLY|NO_PULL|NO_DRYUP|40-60],CTX[<4|20-40|6-8]::DNA[WEAK|<45|0-2|-2-0|STRONG_POS|NEGATIVE|0.7-1.0|NO_G2|NO_EARLY|NO_PULL|NO_DRYUP|40-60],CTX[<4|20-40|6-8]::DNA[WEAK|<45|0-2|-2-0|STRONG_POS|NEGATIVE|0.7-1.0|NO_G2|NO_EARLY|NO_PULL|NO_DRYUP|40-60],V4,2026-08-17T08:40:32Z
60e6e2a77ab77e6a,60e6e2a77ab77e6a,PENDING_OUTCOME,2026-08-17,2026-08-17T08:40:31Z,4.0.0,GEN3_EXPERIENCE,DECISION_CONTEXT_V1,MSB,16100.0,🔴 YẾU,46.5,2.0,⏳ CHỜ,OBV xấu + Thiếu mẫu xác nhận,53.51,1.08,-0.92,0.0,-0.92,16127.58,16049.8,0.48,0.15,-0.1710113978662608,0.3127764831960533,🔴,11562465.0,6812303.0,1.6972916501218458,-0.17,2.22,13.38,-1.23,False,False,False,THEO DÕI,,,,758537835.0,761674247.0,,False,,,49.68,-8.5,-15.6,-1.0,7.0,6.2,6.2,7.8,1.4,32.0,🔴 Forecast rủi ro,WEAK|50-55|0-2|-2-0|STRONG_POS|NEGATIVE|>=1.5|NO_G2|NO_EARLY|NO_PULL|NO_DRYUP|40-60,<4|20-40|6-8,WEAK,50-55,0-2,-2-0,STRONG_POS,>=1.5,NEGATIVE,NO_G2,NO_EARLY,NO_PULL,NO_DRYUP,40-60,<4,20-40,6-8,CTX[<4|20-40|6-8]::DNA[WEAK|50-55|0-2|-2-0|STRONG_POS|NEGATIVE|>=1.5|NO_G2|NO_EARLY|NO_PULL|NO_DRYUP|40-60],CTX[<4|20-40|6-8]::DNA[WEAK|50-55|0-2|-2-0|STRONG_POS|NEGATIVE|>=1.5|NO_G2|NO_EARLY|NO_PULL|NO_DRYUP|40-60],CTX[<4|20-40|6-8]::DNA[WEAK|50-55|0-2|-2-0|STRONG_POS|NEGATIVE|>=1.5|NO_G2|NO_EARLY|NO_PULL|NO_DRYUP|40-60],V4,2026-08-17T08:40:32Z
6a97dc8fcd04fe64,6a97dc8fcd04fe64,PENDING_OUTCOME,2026-08-17,2026-08-17T08:40:31Z,4.0.0,GEN3_EXPERIENCE,DECISION_CONTEXT_V1,HAG,14100.0,🔴 YẾU,45.3,2.0,⏳ CHỜ,OBV xấu + Thiếu mẫu xác nhận,42.65,-0.94,0.0,0.71,-0.71,14093.62,14055.0,0.27,0.41,0.045268710239088,0.3201707577374701,🔴,1508700.0,2122575.0,0.71078760467828,0.05,2.92,2.92,-2.76,False,False,False,MUA EARLY,,,,386698900.0,387785347.0,,False,,,53.83,6.0,-1.4,3.0,5.0,6.2,6.2,7.8,1.4,32.0,🔴 Forecast rủi ro,WEAK|<45|0-2|-2-0|STRONG_POS|NEGATIVE|0.7-1.0|NO_G2|NO_EARLY|NO_PULL|NO_DRYUP|40-60,<4|20-40|6-8,WEAK,<45,0-2,-2-0,STRONG_POS,0.7-1.0,NEGATIVE,NO_G2,NO_EARLY,NO_PULL,NO_DRYUP,40-60,<4,20-40,6-8,CTX[<4|20-40|6-8]::DNA[WEAK|<45|0-2|-2-0|STRONG_POS|NEGATIVE|0.7-1.0|NO_G2|NO_EARLY|NO_PULL|NO_DRYUP|40-60],CTX[<4|20-40|6-8]::DNA[WEAK|<45|0-2|-2-0|STRONG_POS|NEGATIVE|0.7-1.0|NO_G2|NO_EARLY|NO_PULL|NO_DRYUP|40-60],CTX[<4|20-40|6-8]::DNA[WEAK|<45|0-2|-2-0|STRONG_POS|NEGATIVE|0.7-1.0|NO_G2|NO_EARLY|NO_PULL|NO_DRYUP|40-60],V4,2026-08-17T08:40:32Z
8aa4905f60e40be1,8aa4905f60e40be1,PENDING_OUTCOME,2026-08-17,2026-08-17T08:40:31Z,4.0.0,GEN3_EXPERIENCE,DECISION_CONTEXT_V1,VGS,18000.0,🔴 YẾU,41.1,2.0,⏳ CHỜ,OBV xấu + RSI yếu + Thiếu mẫu xác nhận,39.59,-5.23,-0.55,-0.55,0.0,18065.97,17865.0,1.12,0.88,-0.3651616824338899,0.7556675062972307,🔴,46400.0,110070.0,0.421549922776415,-0.37,5.88,5.88,-8.16,False,False,False,THEO DÕI,,,,4725700.0,4767077.0,,False,,,47.56,-3.0,-6.3,1.0,7.0,6.2,6.2,7.8,1.4,32.0,🔴 Forecast rủi ro,WEAK|<45|-2-0|0-2|STRONG_POS|NEGATIVE|<0.7|NO_G2|NO_EARLY|NO_PULL|NO_DRYUP|40-60,<4|20-40|6-8,WEAK,<45,-2-0,0-2,STRONG_POS,<0.7,NEGATIVE,NO_G2,NO_EARLY,NO_PULL,NO_DRYUP,40-60,<4,20-40,6-8,CTX[<4|20-40|6-8]::DNA[WEAK|<45|-2-0|0-2|STRONG_POS|NEGATIVE|<0.7|NO_G2|NO_EARLY|NO_PULL|NO_DRYUP|40-60],CTX[<4|20-40|6-8]::DNA[WEAK|<45|-2-0|0-2|STRONG_POS|NEGATIVE|<0.7|NO_G2|NO_EARLY|NO_PULL|NO_DRYUP|40-60],CTX[<4|20-40|6-8]::DNA[WEAK|<45|-2-0|0-2|STRONG_POS|NEGATIVE|<0.7|NO_G2|NO_EARLY|NO_PULL|NO_DRYUP|40-60],V4,2026-08-17T08:40:32Z
47756d0ac949018c,47756d0ac949018c,PENDING_OUTCOME,2026-08-17,2026-08-17T08:40:31Z,4.0.0,GEN3_EXPERIENCE,DECISION_CONTEXT_V1,HCM,25300.0,⚠️ YẾU DẦN,53.3,3.0,🟠 HẠN CHẾ / GIẢM,Vol chưa xác nhận + Thiếu mẫu xác nhận,50.72,-9.19,-2.5,0.6,-3.1,25567.29,25512.5,0.21,-0.76,-1.0454373537437944,-0.83292503674669,🟢,17023566.0,5613863.0,3.0324156467658723,-1.05,1.2,10.1,-7.5,False,False,False,MUA EARLY,,,,577914066.0,566987480.0,,False,,,55.19,4.0,-10.3,5.0,5.0,6.2,6.2,7.8,1.4,32.0,🔴 Forecast rủi ro,WEAKENING|50-55|0-2|<-2|STRONG_POS|POSITIVE|>=1.5|NO_G2|NO_EARLY|NO_PULL|NO_DRYUP|40-60,<4|20-40|6-8,WEAKENING,50-55,0-2,<-2,STRONG_POS,>=1.5,POSITIVE,NO_G2,NO_EARLY,NO_PULL,NO_DRYUP,40-60,<4,20-40,6-8,CTX[<4|20-40|6-8]::DNA[WEAKENING|50-55|0-2|<-2|STRONG_POS|POSITIVE|>=1.5|NO_G2|NO_EARLY|NO_PULL|NO_DRYUP|40-60],CTX[<4|20-40|6-8]::DNA[WEAKENING|50-55|0-2|<-2|STRONG_POS|POSITIVE|>=1.5|NO_G2|NO_EARLY|NO_PULL|NO_DRYUP|40-60],CTX[<4|20-40|6-8]::DNA[WEAKENING|50-55|0-2|<-2|STRONG_POS|POSITIVE|>=1.5|NO_G2|NO_EARLY|NO_PULL|NO_DRYUP|40-60],V4,2026-08-17T08:40:32Z
101f1ef7f257e0ab,101f1ef7f257e0ab,PENDING_OUTCOME,2026-08-17,2026-08-17T08:40:31Z,4.0.0,GEN3_EXPERIENCE,DECISION_CONTEXT_V1,VJC,123500.0,⚠️ YẾU DẦN,52.9,3.0,🟠 HẠN CHẾ / GIẢM,RSI yếu + Thiếu mẫu xác nhận,36.63,-9.21,-1.59,-2.45,0.8600000000000001,125203.53,125930.0,-0.58,-0.13,-1.360608602648827,-1.9296434527118267,🟢,2227130.0,1329862.0,1.674707601239828,-1.36,0.24,0.24,-8.25,False,False,False,MUA EARLY,,,,22396930.0,21996907.0,,False,,,52.88,12.0,-3.8,4.0,5.0,6.2,6.2,7.8,1.4,32.0,🔴 Forecast rủi ro,WEAKENING|<45|<-2|0-2|STRONG_NEG|POSITIVE|>=1.5|NO_G2|NO_EARLY|NO_PULL|NO_DRYUP|40-60,<4|20-40|6-8,WEAKENING,<45,<-2,0-2,STRONG_NEG,>=1.5,POSITIVE,NO_G2,NO_EARLY,NO_PULL,NO_DRYUP,40-60,<4,20-40,6-8,CTX[<4|20-40|6-8]::DNA[WEAKENING|<45|<-2|0-2|STRONG_NEG|POSITIVE|>=1.5|NO_G2|NO_EARLY|NO_PULL|NO_DRYUP|40-60],CTX[<4|20-40|6-8]::DNA[WEAKENING|<45|<-2|0-2|STRONG_NEG|POSITIVE|>=1.5|NO_G2|NO_EARLY|NO_PULL|NO_DRYUP|40-60],CTX[<4|20-40|6-8]::DNA[WEAKENING|<45|<-2|0-2|STRONG_NEG|POSITIVE|>=1.5|NO_G2|NO_EARLY|NO_PULL|NO_DRYUP|40-60],V4,2026-08-17T08:40:32Z
1946567f6b246ebc,1946567f6b246ebc,PENDING_OUTCOME,2026-08-17,2026-08-17T08:40:31Z,4.0.0,GEN3_EXPERIENCE,DECISION_CONTEXT_V1,POW,13350.0,⚠️ YẾU DẦN,50.5,3.0,🟠 HẠN CHẾ / GIẢM,Vol chưa xác nhận + Thiếu mẫu xác nhận + RSI yếu,42.9,-6.56,-3.61,-4.3,0.69,13533.91,13545.0,-0.08,-0.71,-1.3588829835575966,-1.439645625692132,🟢,21487220.0,7922931.0,2.712029172032421,-1.36,1.14,1.14,-5.32,False,False,False,MUA EARLY,,,,326103824.0,319556824.0,,False,,,53.86,17.0,1.5,4.0,5.0,6.2,6.2,7.8,1.4,32.0,🔴 Forecast rủi ro,WEAKENING|<45|<-2|0-2|NEG|POSITIVE|>=1.5|NO_G2|NO_EARLY|NO_PULL|NO_DRYUP|40-60,<4|20-40|6-8,WEAKENING,<45,<-2,0-2,NEG,>=1.5,POSITIVE,NO_G2,NO_EARLY,NO_PULL,NO_DRYUP,40-60,<4,20-40,6-8,CTX[<4|20-40|6-8]::DNA[WEAKENING|<45|<-2|0-2|NEG|POSITIVE|>=1.5|NO_G2|NO_EARLY|NO_PULL|NO_DRYUP|40-60],CTX[<4|20-40|6-8]::DNA[WEAKENING|<45|<-2|0-2|NEG|POSITIVE|>=1.5|NO_G2|NO_EARLY|NO_PULL|NO_DRYUP|40-60],CTX[<4|20-40|6-8]::DNA[WEAKENING|<45|<-2|0-2|NEG|POSITIVE|>=1.5|NO_G2|NO_EARLY|NO_PULL|NO_DRYUP|40-60],V4,2026-08-17T08:40:32Z
7aa92c4d3fe8e960,7aa92c4d3fe8e960,PENDING_OUTCOME,2026-08-17,2026-08-17T08:40:31Z,4.0.0,GEN3_EXPERIENCE,DECISION_CONTEXT_V1,VGC,40300.0,⚠️ YẾU DẦN,50.3,3.0,🟠 HẠN CHẾ / GIẢM,OBV xấu + Vol chưa xác nhận + Thiếu mẫu xác nhận,58.66,-3.7,-2.07,5.22,-7.289999999999999,39845.22,38138.0,4.48,0.48,1.1413665177403942,5.6688866747076405,🔴,164800.0,456665.0,0.3608772294789397,1.14,15.47,15.47,-2.89,False,False,False,MUA EARLY,,,,28781000.0,29286147.0,,False,,,56.91,-4.5,-7.8,6.0,5.0,6.2,6.2,7.8,1.4,32.0,🔴 Forecast rủi ro,WEAKENING|55-60|5-10|<-2|STRONG_POS|NEGATIVE|<0.7|NO_G2|NO_EARLY|NO_PULL|NO_DRYUP|40-60,<4|20-40|6-8,WEAKENING,55-60,5-10,<-2,STRONG_POS,<0.7,NEGATIVE,NO_G2,NO_EARLY,NO_PULL,NO_DRYUP,40-60,<4,20-40,6-8,CTX[<4|20-40|6-8]::DNA[WEAKENING|55-60|5-10|<-2|STRONG_POS|NEGATIVE|<0.7|NO_G2|NO_EARLY|NO_PULL|NO_DRYUP|40-60],CTX[<4|20-40|6-8]::DNA[WEAKENING|55-60|5-10|<-2|STRONG_POS|NEGATIVE|<0.7|NO_G2|NO_EARLY|NO_PULL|NO_DRYUP|40-60],CTX[<4|20-40|6-8]::DNA[WEAKENING|55-60|5-10|<-2|STRONG_POS|NEGATIVE|<0.7|NO_G2|NO_EARLY|NO_PULL|NO_DRYUP|40-60],V4,2026-08-17T08:40:32Z
31f892dac090d27b,31f892dac090d27b,PENDING_OUTCOME,2026-08-17,2026-08-17T08:40:31Z,4.0.0,GEN3_EXPERIENCE,DECISION_CONTEXT_V1,DPG,30150.0,⚠️ YẾU DẦN,49.2,3.0,🟠 HẠN CHẾ / GIẢM,OBV xấu + Thiếu mẫu xác nhận,45.88,-3.0,-0.33,3.97,-4.3,30160.05,28912.5,4.31,0.51,-0.0333222259246923,4.280155642023353,🔴,202100.0,397135.0,0.5088949601520893,-0.03,15.74,15.74,-6.22,False,False,False,MUA EARLY,,,,21927800.0,22216882.0,,False,,,54.62,-6.0,-1.7,3.0,5.0,6.2,6.2,7.8,1.4,32.0,🔴 Forecast rủi ro,WEAKENING|45-50|2-5|<-2|STRONG_POS|NEGATIVE|<0.7|NO_G2|NO_EARLY|NO_PULL|NO_DRYUP|40-60,<4|20-40|6-8,WEAKENING,45-50,2-5,<-2,STRONG_POS,<0.7,NEGATIVE,NO_G2,NO_EARLY,NO_PULL,NO_DRYUP,40-60,<4,20-40,6-8,CTX[<4|20-40|6-8]::DNA[WEAKENING|45-50|2-5|<-2|STRONG_POS|NEGATIVE|<0.7|NO_G2|NO_EARLY|NO_PULL|NO_DRYUP|40-60],CTX[<4|20-40|6-8]::DNA[WEAKENING|45-50|2-5|<-2|STRONG_POS|NEGATIVE|<0.7|NO_G2|NO_EARLY|NO_PULL|NO_DRYUP|40-60],CTX[<4|20-40|6-8]::DNA[WEAKENING|45-50|2-5|<-2|STRONG_POS|NEGATIVE|<0.7|NO_G2|NO_EARLY|NO_PULL|NO_DRYUP|40-60],V4,2026-08-17T08:40:32Z
701d11e67f3759e5,701d11e67f3759e5,PENDING_OUTCOME,2026-08-17,2026-08-17T08:40:31Z,4.0.0,GEN3_EXPERIENCE,DECISION_CONTEXT_V1,MBB,19900.0,⚠️ YẾU DẦN,47.1,3.0,🟠 HẠN CHẾ / GIẢM,OBV xấu + Thiếu mẫu xác nhận,51.86,-9.52,-1.49,-0.45,-1.04,19996.18,19407.0,3.04,-0.3,-0.4809918694470672,2.5403205029113307,🔴,7655700.0,14352725.0,0.5333969681715494,-0.48,10.37,10.37,-3.16,False,False,False,TÍCH LŨY,,,,906153916.0,907133646.0,,False,,,53.54,-5.0,-9.7,2.0,6.0,6.2,6.2,7.8,1.4,32.0,🔴 Forecast rủi ro,WEAKENING|50-55|-2-0|-2-0|STRONG_POS|NEGATIVE|<0.7|NO_G2|NO_EARLY|NO_PULL|NO_DRYUP|40-60,<4|20-40|6-8,WEAKENING,50-55,-2-0,-2-0,STRONG_POS,<0.7,NEGATIVE,NO_G2,NO_EARLY,NO_PULL,NO_DRYUP,40-60,<4,20-40,6-8,CTX[<4|20-40|6-8]::DNA[WEAKENING|50-55|-2-0|-2-0|STRONG_POS|NEGATIVE|<0.7|NO_G2|NO_EARLY|NO_PULL|NO_DRYUP|40-60],CTX[<4|20-40|6-8]::DNA[WEAKENING|50-55|-2-0|-2-0|STRONG_POS|NEGATIVE|<0.7|NO_G2|NO_EARLY|NO_PULL|NO_DRYUP|40-60],CTX[<4|20-40|6-8]::DNA[WEAKENING|50-55|-2-0|-2-0|STRONG_POS|NEGATIVE|<0.7|NO_G2|NO_EARLY|NO_PULL|NO_DRYUP|40-60],V4,2026-08-17T08:40:32Z
c00bb9cb5b84ad6a,c00bb9cb5b84ad6a,PENDING_OUTCOME,2026-08-17,2026-08-17T08:40:31Z,4.0.0,GEN3_EXPERIENCE,DECISION_CONTEXT_V1,TNG,17100.0,⚠️ YẾU DẦN,46.4,3.0,🟠 HẠN CHẾ / GIẢM,OBV xấu + Vol chưa xác nhận + Thiếu mẫu xác nhận,50.09,-0.32,-0.58,-1.04,0.4600000000000001,17098.03,16762.45,2.0,-0.42,0.0115217952009638,2.013727110297125,🔴,131900.0,429560.0,0.3070583853245181,0.01,9.06,9.06,-4.68,False,False,False,MUA EARLY,,,,34206200.0,34483559.0,,False,,,54.92,-6.0,-3.7,3.0,5.0,6.2,6.2,7.8,1.4,32.0,🔴 Forecast rủi ro,WEAKENING|50-55|-2-0|0-2|STRONG_POS|NEGATIVE|<0.7|NO_G2|NO_EARLY|NO_PULL|NO_DRYUP|40-60,<4|20-40|6-8,WEAKENING,50-55,-2-0,0-2,STRONG_POS,<0.7,NEGATIVE,NO_G2,NO_EARLY,NO_PULL,NO_DRYUP,40-60,<4,20-40,6-8,CTX[<4|20-40|6-8]::DNA[WEAKENING|50-55|-2-0|0-2|STRONG_POS|NEGATIVE|<0.7|NO_G2|NO_EARLY|NO_PULL|NO_DRYUP|40-60],CTX[<4|20-40|6-8]::DNA[WEAKENING|50-55|-2-0|0-2|STRONG_POS|NEGATIVE|<0.7|NO_G2|NO_EARLY|NO_PULL|NO_DRYUP|40-60],CTX[<4|20-40|6-8]::DNA[WEAKENING|50-55|-2-0|0-2|STRONG_POS|NEGATIVE|<0.7|NO_G2|NO_EARLY|NO_PULL|NO_DRYUP|40-60],V4,2026-08-17T08:40:32Z
ed4b0b8baf7672cb,ed4b0b8baf7672cb,PENDING_OUTCOME,2026-08-17,2026-08-17T08:40:31Z,4.0.0,GEN3_EXPERIENCE,DECISION_CONTEXT_V1,CTD,61500.0,⚠️ YẾU DẦN,46.4,3.0,🟠 HẠN CHẾ / GIẢM,OBV xấu + Thiếu mẫu xác nhận,43.82,-7.14,-1.44,-1.76,0.32,62040.68,60250.0,2.97,-0.01,-0.8714927044642273,2.0746887966804906,🔴,286118.0,387311.0,0.7387293415369045,-0.87,11.62,11.62,-5.38,False,False,False,TÍCH LŨY,,,,10171982.0,10458402.0,,False,,,52.28,-6.5,-0.8,2.0,6.0,6.2,6.2,7.8,1.4,32.0,🔴 Forecast rủi ro,WEAKENING|<45|-2-0|0-2|STRONG_POS|NEGATIVE|0.7-1.0|NO_G2|NO_EARLY|NO_PULL|NO_DRYUP|40-60,<4|20-40|6-8,WEAKENING,<45,-2-0,0-2,STRONG_POS,0.7-1.0,NEGATIVE,NO_G2,NO_EARLY,NO_PULL,NO_DRYUP,40-60,<4,20-40,6-8,CTX[<4|20-40|6-8]::DNA[WEAKENING|<45|-2-0|0-2|STRONG_POS|NEGATIVE|0.7-1.0|NO_G2|NO_EARLY|NO_PULL|NO_DRYUP|40-60],CTX[<4|20-40|6-8]::DNA[WEAKENING|<45|-2-0|0-2|STRONG_POS|NEGATIVE|0.7-1.0|NO_G2|NO_EARLY|NO_PULL|NO_DRYUP|40-60],CTX[<4|20-40|6-8]::DNA[WEAKENING|<45|-2-0|0-2|STRONG_POS|NEGATIVE|0.7-1.0|NO_G2|NO_EARLY|NO_PULL|NO_DRYUP|40-60],V4,2026-08-17T08:40:32Z
0f32af23986e150e,0f32af23986e150e,PENDING_OUTCOME,2026-08-17,2026-08-17T08:40:31Z,4.0.0,GEN3_EXPERIENCE,DECISION_CONTEXT_V1,SIP,49900.0,⚠️ YẾU DẦN,46.3,3.0,🟠 HẠN CHẾ / GIẢM,OBV xấu + Thiếu mẫu xác nhận,51.86,-11.39,-2.35,0.5,-2.85,50250.68,49045.0,2.46,-0.88,-0.6978612030722808,1.7432969721684175,🔴,120900.0,92545.0,1.3063914852234049,-0.7,7.08,7.08,-3.48,False,False,False,MUA EARLY,,,,298500.0,435584.0,,False,,,55.24,-3.5,-10.5,3.0,5.0,6.2,6.2,7.8,1.4,32.0,🔴 Forecast rủi ro,WEAKENING|50-55|0-2|<-2|STRONG_POS|NEGATIVE|1.2-1.5|NO_G2|NO_EARLY|NO_PULL|NO_DRYUP|40-60,<4|20-40|6-8,WEAKENING,50-55,0-2,<-2,STRONG_POS,1.2-1.5,NEGATIVE,NO_G2,NO_EARLY,NO_PULL,NO_DRYUP,40-60,<4,20-40,6-8,CTX[<4|20-40|6-8]::DNA[WEAKENING|50-55|0-2|<-2|STRONG_POS|NEGATIVE|1.2-1.5|NO_G2|NO_EARLY|NO_PULL|NO_DRYUP|40-60],CTX[<4|20-40|6-8]::DNA[WEAKENING|50-55|0-2|<-2|STRONG_POS|NEGATIVE|1.2-1.5|NO_G2|NO_EARLY|NO_PULL|NO_DRYUP|40-60],CTX[<4|20-40|6-8]::DNA[WEAKENING|50-55|0-2|<-2|STRONG_POS|NEGATIVE|1.2-1.5|NO_G2|NO_EARLY|NO_PULL|NO_DRYUP|40-60],V4,2026-08-17T08:40:32Z
3220c766355ca0fa,3220c766355ca0fa,PENDING_OUTCOME,2026-08-17,2026-08-17T08:40:31Z,4.0.0,GEN3_EXPERIENCE,DECISION_CONTEXT_V1,VOS,11100.0,⚠️ YẾU DẦN,45.8,3.0,🟠 HẠN CHẾ / GIẢM,OBV xấu + Thiếu mẫu xác nhận,48.16,-0.51,-1.33,2.78,-4.109999999999999,11058.25,10852.5,1.9,-0.03,0.3775461759319976,2.2805805114028965,🔴,167000.0,415080.0,0.4023320805627831,0.38,7.77,7.77,-4.31,False,False,False,MUA EARLY,,,,25376100.0,25389772.0,,False,,,54.93,-1.5,-3.7,4.0,5.0,6.2,6.2,7.8,1.4,32.0,🔴 Forecast rủi ro,WEAKENING|45-50|2-5|<-2|STRONG_POS|NEGATIVE|<0.7|NO_G2|NO_EARLY|NO_PULL|NO_DRYUP|40-60,<4|20-40|6-8,WEAKENING,45-50,2-5,<-2,STRONG_POS,<0.7,NEGATIVE,NO_G2,NO_EARLY,NO_PULL,NO_DRYUP,40-60,<4,20-40,6-8,CTX[<4|20-40|6-8]::DNA[WEAKENING|45-50|2-5|<-2|STRONG_POS|NEGATIVE|<0.7|NO_G2|NO_EARLY|NO_PULL|NO_DRYUP|40-60],CTX[<4|20-40|6-8]::DNA[WEAKENING|45-50|2-5|<-2|STRONG_POS|NEGATIVE|<0.7|NO_G2|NO_EARLY|NO_PULL|NO_DRYUP|40-60],CTX[<4|20-40|6-8]::DNA[WEAKENING|45-50|2-5|<-2|STRONG_POS|NEGATIVE|<0.7|NO_G2|NO_EARLY|NO_PULL|NO_DRYUP|40-60],V4,2026-08-17T08:40:32Z
79d70d7354cf36a7,79d70d7354cf36a7,PENDING_OUTCOME,2026-08-17,2026-08-17T08:40:31Z,4.0.0,GEN3_EXPERIENCE,DECISION_CONTEXT_V1,HHS,9900.0,⚠️ YẾU DẦN,45.8,3.0,🟠 HẠN CHẾ / GIẢM,OBV xấu + Thiếu mẫu xác nhận,45.04,-1.11,-2.94,-2.46,-0.48,9940.23,9864.5,0.77,0.47,-0.404719005495846,0.3598763241928093,🔴,894400.0,973680.0,0.9185769451976008,-0.4,5.32,5.32,-6.6,False,False,False,THEO DÕI,,,,156294900.0,157239719.0,,False,,,48.41,-3.0,-8.3,1.0,7.0,6.2,6.2,7.8,1.4,32.0,🔴 Forecast rủi ro,WEAKENING|45-50|<-2|-2-0|STRONG_POS|NEGATIVE|0.7-1.0|NO_G2|NO_EARLY|NO_PULL|NO_DRYUP|40-60,<4|20-40|6-8,WEAKENING,45-50,<-2,-2-0,STRONG_POS,0.7-1.0,NEGATIVE,NO_G2,NO_EARLY,NO_PULL,NO_DRYUP,40-60,<4,20-40,6-8,CTX[<4|20-40|6-8]::DNA[WEAKENING|45-50|<-2|-2-0|STRONG_POS|NEGATIVE|0.7-1.0|NO_G2|NO_EARLY|NO_PULL|NO_DRYUP|40-60],CTX[<4|20-40|6-8]::DNA[WEAKENING|45-50|<-2|-2-0|STRONG_POS|NEGATIVE|0.7-1.0|NO_G2|NO_EARLY|NO_PULL|NO_DRYUP|40-60],CTX[<4|20-40|6-8]::DNA[WEAKENING|45-50|<-2|-2-0|STRONG_POS|NEGATIVE|0.7-1.0|NO_G2|NO_EARLY|NO_PULL|NO_DRYUP|40-60],V4,2026-08-17T08:40:32Z
e891aadc0b9ec3df,e891aadc0b9ec3df,PENDING_OUTCOME,2026-08-17,2026-08-17T08:40:31Z,4.0.0,GEN3_EXPERIENCE,DECISION_CONTEXT_V1,PVS,34500.0,⚠️ YẾU DẦN,45.1,3.0,🟠 HẠN CHẾ / GIẢM,OBV xấu + Thiếu mẫu xác nhận,44.81,-6.42,-1.43,0.0,-1.43,34707.64,34295.0,1.2,1.22,-0.5982544477239005,0.5977547747485046,🔴,2321500.0,2746435.0,0.8452776053320031,-0.6,4.23,4.23,-11.08,False,False,False,TÍCH LŨY,,,,123764500.0,125009043.0,,False,,,52.44,-2.0,-3.7,2.0,6.0,6.2,6.2,7.8,1.4,32.0,🔴 Forecast rủi ro,WEAKENING|<45|0-2|-2-0|STRONG_POS|NEGATIVE|0.7-1.0|NO_G2|NO_EARLY|NO_PULL|NO_DRYUP|40-60,<4|20-40|6-8,WEAKENING,<45,0-2,-2-0,STRONG_POS,0.7-1.0,NEGATIVE,NO_G2,NO_EARLY,NO_PULL,NO_DRYUP,40-60,<4,20-40,6-8,CTX[<4|20-40|6-8]::DNA[WEAKENING|<45|0-2|-2-0|STRONG_POS|NEGATIVE|0.7-1.0|NO_G2|NO_EARLY|NO_PULL|NO_DRYUP|40-60],CTX[<4|20-40|6-8]::DNA[WEAKENING|<45|0-2|-2-0|STRONG_POS|NEGATIVE|0.7-1.0|NO_G2|NO_EARLY|NO_PULL|NO_DRYUP|40-60],CTX[<4|20-40|6-8]::DNA[WEAKENING|<45|0-2|-2-0|STRONG_POS|NEGATIVE|0.7-1.0|NO_G2|NO_EARLY|NO_PULL|NO_DRYUP|40-60],V4,2026-08-17T08:40:32Z
ec13d15a1d7b3352,ec13d15a1d7b3352,PENDING_OUTCOME,2026-08-17,2026-08-17T08:40:31Z,4.0.0,GEN3_EXPERIENCE,DECISION_CONTEXT_V1,GEX,24550.0,⚠️ YẾU DẦN,45.1,3.0,🟠 HẠN CHẾ / GIẢM,OBV xấu + RS yếu + Thiếu mẫu xác nhận,47.11,-8.7,-5.94,5.14,-11.08,24878.99,23432.5,6.17,-0.53,-1.3223607549984973,4.769017390376606,🔴,11987453.0,14259023.0,0.8406924513692138,-1.32,20.94,20.94,-8.57,False,False,False,TÍCH LŨY,,,,512342447.0,535884636.0,,False,,,53.26,-12.0,-7.0,2.0,6.0,6.2,6.2,7.8,1.4,32.0,🔴 Forecast rủi ro,WEAKENING|45-50|5-10|<-2|STRONG_POS|NEGATIVE|0.7-1.0|NO_G2|NO_EARLY|NO_PULL|NO_DRYUP|40-60,<4|20-40|6-8,WEAKENING,45-50,5-10,<-2,STRONG_POS,0.7-1.0,NEGATIVE,NO_G2,NO_EARLY,NO_PULL,NO_DRYUP,40-60,<4,20-40,6-8,CTX[<4|20-40|6-8]::DNA[WEAKENING|45-50|5-10|<-2|STRONG_POS|NEGATIVE|0.7-1.0|NO_G2|NO_EARLY|NO_PULL|NO_DRYUP|40-60],CTX[<4|20-40|6-8]::DNA[WEAKENING|45-50|5-10|<-2|STRONG_POS|NEGATIVE|0.7-1.0|NO_G2|NO_EARLY|NO_PULL|NO_DRYUP|40-60],CTX[<4|20-40|6-8]::DNA[WEAKENING|45-50|5-10|<-2|STRONG_POS|NEGATIVE|0.7-1.0|NO_G2|NO_EARLY|NO_PULL|NO_DRYUP|40-60],V4,2026-08-17T08:40:32Z
eaac36cb99a0c13a,eaac36cb99a0c13a,PENDING_OUTCOME,2026-08-17,2026-08-17T08:40:31Z,4.0.0,GEN3_EXPERIENCE,DECISION_CONTEXT_V1,BID,35900.0,⚠️ YẾU DẦN,44.7,3.0,🟠 HẠN CHẾ / GIẢM,OBV xấu + Thiếu mẫu xác nhận,48.6,-6.88,-2.89,0.28,-3.17,36023.89,35081.95,2.68,-0.21,-0.3439106659497315,2.331825910475338,🔴,2586600.0,4482545.0,0.5770382673235851,-0.34,10.53,10.53,-3.86,False,False,False,TÍCH LŨY,,,,145565700.0,146823510.0,,False,,,53.06,-5.0,1.6,2.0,6.0,6.2,6.2,7.8,1.4,32.0,🔴 Forecast rủi ro,WEAKENING|45-50|0-2|<-2|STRONG_POS|NEGATIVE|<0.7|NO_G2|NO_EARLY|NO_PULL|NO_DRYUP|40-60,<4|20-40|6-8,WEAKENING,45-50,0-2,<-2,STRONG_POS,<0.7,NEGATIVE,NO_G2,NO_EARLY,NO_PULL,NO_DRYUP,40-60,<4,20-40,6-8,CTX[<4|20-40|6-8]::DNA[WEAKENING|45-50|0-2|<-2|STRONG_POS|NEGATIVE|<0.7|NO_G2|NO_EARLY|NO_PULL|NO_DRYUP|40-60],CTX[<4|20-40|6-8]::DNA[WEAKENING|45-50|0-2|<-2|STRONG_POS|NEGATIVE|<0.7|NO_G2|NO_EARLY|NO_PULL|NO_DRYUP|40-60],CTX[<4|20-40|6-8]::DNA[WEAKENING|45-50|0-2|<-2|STRONG_POS|NEGATIVE|<0.7|NO_G2|NO_EARLY|NO_PULL|NO_DRYUP|40-60],V4,2026-08-17T08:40:32Z
c381c730716997c0,c381c730716997c0,PENDING_OUTCOME,2026-08-17,2026-08-17T08:40:31Z,4.0.0,GEN3_EXPERIENCE,DECISION_CONTEXT_V1,PET,39000.0,⚠️ YẾU DẦN,43.9,3.0,🟠 HẠN CHẾ / GIẢM,OBV xấu + Vol chưa xác nhận + Thiếu mẫu xác nhận,56.0,-10.24,-0.64,2.63,-3.27,39194.91,37947.5,3.29,-0.86,-0.4972839585548283,2.77356874629422,🔴,2690687.0,549179.0,4.899471756931711,-0.5,12.07,16.35,-6.92,False,False,False,MUA EARLY,,,,67166113.0,69394238.0,,False,,,56.2,2.0,-7.7,5.0,5.0,6.2,6.2,7.8,1.4,32.0,🔴 Forecast rủi ro,WEAKENING|55-60|2-5|<-2|STRONG_POS|NEGATIVE|>=1.5|NO_G2|NO_EARLY|NO_PULL|NO_DRYUP|40-60,<4|20-40|6-8,WEAKENING,55-60,2-5,<-2,STRONG_POS,>=1.5,NEGATIVE,NO_G2,NO_EARLY,NO_PULL,NO_DRYUP,40-60,<4,20-40,6-8,CTX[<4|20-40|6-8]::DNA[WEAKENING|55-60|2-5|<-2|STRONG_POS|NEGATIVE|>=1.5|NO_G2|NO_EARLY|NO_PULL|NO_DRYUP|40-60],CTX[<4|20-40|6-8]::DNA[WEAKENING|55-60|2-5|<-2|STRONG_POS|NEGATIVE|>=1.5|NO_G2|NO_EARLY|NO_PULL|NO_DRYUP|40-60],CTX[<4|20-40|6-8]::DNA[WEAKENING|55-60|2-5|<-2|STRONG_POS|NEGATIVE|>=1.5|NO_G2|NO_EARLY|NO_PULL|NO_DRYUP|40-60],V4,2026-08-17T08:40:32Z
e10aad990d6e3b97,e10aad990d6e3b97,PENDING_OUTCOME,2026-08-17,2026-08-17T08:40:31Z,4.0.0,GEN3_EXPERIENCE,DECISION_CONTEXT_V1,FPT,68800.0,⚠️ YẾU DẦN,43.8,3.0,🟠 HẠN CHẾ / GIẢM,OBV xấu + Thiếu mẫu xác nhận + RS yếu,48.45,-7.62,-4.18,-4.04,-0.1399999999999996,69469.62,67824.9,2.42,-1.35,-0.9639033580434052,1.4376725951678493,🔴,8748558.0,6867928.0,1.2738278560870178,-0.96,10.61,10.61,-6.14,False,False,False,MUA EARLY,,,,-423021542.0,-421557546.0,,False,,,54.67,-2.0,-2.9,3.0,5.0,6.2,6.2,7.8,1.4,32.0,🔴 Forecast rủi ro,WEAKENING|45-50|<-2|-2-0|STRONG_POS|NEGATIVE|1.2-1.5|NO_G2|NO_EARLY|NO_PULL|NO_DRYUP|40-60,<4|20-40|6-8,WEAKENING,45-50,<-2,-2-0,STRONG_POS,1.2-1.5,NEGATIVE,NO_G2,NO_EARLY,NO_PULL,NO_DRYUP,40-60,<4,20-40,6-8,CTX[<4|20-40|6-8]::DNA[WEAKENING|45-50|<-2|-2-0|STRONG_POS|NEGATIVE|1.2-1.5|NO_G2|NO_EARLY|NO_PULL|NO_DRYUP|40-60],CTX[<4|20-40|6-8]::DNA[WEAKENING|45-50|<-2|-2-0|STRONG_POS|NEGATIVE|1.2-1.5|NO_G2|NO_EARLY|NO_PULL|NO_DRYUP|40-60],CTX[<4|20-40|6-8]::DNA[WEAKENING|45-50|<-2|-2-0|STRONG_POS|NEGATIVE|1.2-1.5|NO_G2|NO_EARLY|NO_PULL|NO_DRYUP|40-60],V4,2026-08-17T08:40:32Z
b4e8846d4f0b5bd7,b4e8846d4f0b5bd7,PENDING_OUTCOME,2026-08-17,2026-08-17T08:40:31Z,4.0.0,GEN3_EXPERIENCE,DECISION_CONTEXT_V1,DGC,41200.0,⚠️ YẾU DẦN,43.8,3.0,🟠 HẠN CHẾ / GIẢM,OBV xấu + RS yếu + Thiếu mẫu xác nhận,43.65,-11.77,-5.5,4.57,-10.07,42500.98,40697.5,4.43,0.7,-3.061058827349405,1.2347195773696251,🔴,658900.0,837715.0,0.7865443498087058,-3.06,14.44,14.44,-10.04,False,False,False,MUA EARLY,,,,-122555700.0,-122316635.0,,False,,,54.39,-6.5,-10.4,4.0,5.0,6.2,6.2,7.8,1.4,32.0,🔴 Forecast rủi ro,WEAKENING|<45|2-5|<-2|STRONG_POS|NEGATIVE|0.7-1.0|NO_G2|NO_EARLY|NO_PULL|NO_DRYUP|40-60,<4|20-40|6-8,WEAKENING,<45,2-5,<-2,STRONG_POS,0.7-1.0,NEGATIVE,NO_G2,NO_EARLY,NO_PULL,NO_DRYUP,40-60,<4,20-40,6-8,CTX[<4|20-40|6-8]::DNA[WEAKENING|<45|2-5|<-2|STRONG_POS|NEGATIVE|0.7-1.0|NO_G2|NO_EARLY|NO_PULL|NO_DRYUP|40-60],CTX[<4|20-40|6-8]::DNA[WEAKENING|<45|2-5|<-2|STRONG_POS|NEGATIVE|0.7-1.0|NO_G2|NO_EARLY|NO_PULL|NO_DRYUP|40-60],CTX[<4|20-40|6-8]::DNA[WEAKENING|<45|2-5|<-2|STRONG_POS|NEGATIVE|0.7-1.0|NO_G2|NO_EARLY|NO_PULL|NO_DRYUP|40-60],V4,2026-08-17T08:40:32Z
661b04bc988d3afa,661b04bc988d3afa,PENDING_OUTCOME,2026-08-17,2026-08-17T08:40:31Z,4.0.0,GEN3_EXPERIENCE,DECISION_CONTEXT_V1,SSB,15200.0,⚠️ YẾU DẦN,42.7,3.0,🟠 HẠN CHẾ / GIẢM,OBV xấu + Thiếu mẫu xác nhận,43.93,-5.13,-0.33,-2.25,1.92,15265.77,15405.0,-0.9,0.01,-0.4308331646553087,-1.3307367737747433,🔴,2066300.0,2137075.0,0.9668823040838528,-0.43,1.0,8.57,-4.4,False,False,False,THEO DÕI,,,,30458400.0,30633193.0,,False,,,48.24,-0.5,-3.8,1.0,7.0,6.2,6.2,7.8,1.4,32.0,🔴 Forecast rủi ro,WEAKENING|<45|<-2|0-2|STRONG_NEG|NEGATIVE|0.7-1.0|NO_G2|NO_EARLY|NO_PULL|NO_DRYUP|40-60,<4|20-40|6-8,WEAKENING,<45,<-2,0-2,STRONG_NEG,0.7-1.0,NEGATIVE,NO_G2,NO_EARLY,NO_PULL,NO_DRYUP,40-60,<4,20-40,6-8,CTX[<4|20-40|6-8]::DNA[WEAKENING|<45|<-2|0-2|STRONG_NEG|NEGATIVE|0.7-1.0|NO_G2|NO_EARLY|NO_PULL|NO_DRYUP|40-60],CTX[<4|20-40|6-8]::DNA[WEAKENING|<45|<-2|0-2|STRONG_NEG|NEGATIVE|0.7-1.0|NO_G2|NO_EARLY|NO_PULL|NO_DRYUP|40-60],CTX[<4|20-40|6-8]::DNA[WEAKENING|<45|<-2|0-2|STRONG_NEG|NEGATIVE|0.7-1.0|NO_G2|NO_EARLY|NO_PULL|NO_DRYUP|40-60],V4,2026-08-17T08:40:32Z
5189a9fd95c3f1c0,5189a9fd95c3f1c0,PENDING_OUTCOME,2026-08-17,2026-08-17T08:40:31Z,4.0.0,GEN3_EXPERIENCE,DECISION_CONTEXT_V1,VCI,21500.0,⚠️ YẾU DẦN,42.7,3.0,🟠 HẠN CHẾ / GIẢM,OBV xấu + Thiếu mẫu xác nhận,45.97,-4.68,-2.71,-1.15,-1.56,21682.82,21092.5,2.8,-0.7,-0.8431560101499702,1.931966338745994,🔴,4339500.0,9572475.0,0.4533310350771352,-0.84,16.53,16.53,-5.91,False,False,False,TÍCH LŨY,,,,157412700.0,158137506.0,,False,,,52.62,-2.0,2.6,2.0,6.0,6.2,6.2,7.8,1.4,32.0,🔴 Forecast rủi ro,WEAKENING|45-50|-2-0|-2-0|STRONG_POS|NEGATIVE|<0.7|NO_G2|NO_EARLY|NO_PULL|NO_DRYUP|40-60,<4|20-40|6-8,WEAKENING,45-50,-2-0,-2-0,STRONG_POS,<0.7,NEGATIVE,NO_G2,NO_EARLY,NO_PULL,NO_DRYUP,40-60,<4,20-40,6-8,CTX[<4|20-40|6-8]::DNA[WEAKENING|45-50|-2-0|-2-0|STRONG_POS|NEGATIVE|<0.7|NO_G2|NO_EARLY|NO_PULL|NO_DRYUP|40-60],CTX[<4|20-40|6-8]::DNA[WEAKENING|45-50|-2-0|-2-0|STRONG_POS|NEGATIVE|<0.7|NO_G2|NO_EARLY|NO_PULL|NO_DRYUP|40-60],CTX[<4|20-40|6-8]::DNA[WEAKENING|45-50|-2-0|-2-0|STRONG_POS|NEGATIVE|<0.7|NO_G2|NO_EARLY|NO_PULL|NO_DRYUP|40-60],V4,2026-08-17T08:40:32Z
f70b928b12a79472,f70b928b12a79472,PENDING_OUTCOME,2026-08-17,2026-08-17T08:40:31Z,4.0.0,GEN3_EXPERIENCE,DECISION_CONTEXT_V1,CTG,31500.0,⚠️ YẾU DẦN,42.6,3.0,🟠 HẠN CHẾ / GIẢM,OBV xấu + Thiếu mẫu xác nhận + RS yếu,48.37,-6.72,-3.96,-0.94,-3.02,31748.71,30891.45,2.78,-0.53,-0.7833704109552753,1.9699625624566064,🔴,4270400.0,8861600.0,0.4818994312539496,-0.78,9.57,9.57,-4.55,False,False,False,THEO DÕI,,,,369997100.0,373581540.0,,False,,,48.93,-9.0,-5.3,1.0,7.0,6.2,6.2,7.8,1.4,32.0,🔴 Forecast rủi ro,WEAKENING|45-50|-2-0|<-2|STRONG_POS|NEGATIVE|<0.7|NO_G2|NO_EARLY|NO_PULL|NO_DRYUP|40-60,<4|20-40|6-8,WEAKENING,45-50,-2-0,<-2,STRONG_POS,<0.7,NEGATIVE,NO_G2,NO_EARLY,NO_PULL,NO_DRYUP,40-60,<4,20-40,6-8,CTX[<4|20-40|6-8]::DNA[WEAKENING|45-50|-2-0|<-2|STRONG_POS|NEGATIVE|<0.7|NO_G2|NO_EARLY|NO_PULL|NO_DRYUP|40-60],CTX[<4|20-40|6-8]::DNA[WEAKENING|45-50|-2-0|<-2|STRONG_POS|NEGATIVE|<0.7|NO_G2|NO_EARLY|NO_PULL|NO_DRYUP|40-60],CTX[<4|20-40|6-8]::DNA[WEAKENING|45-50|-2-0|<-2|STRONG_POS|NEGATIVE|<0.7|NO_G2|NO_EARLY|NO_PULL|NO_DRYUP|40-60],V4,2026-08-17T08:40:32Z
fd89fc16fbf95229,fd89fc16fbf95229,PENDING_OUTCOME,2026-08-17,2026-08-17T08:40:31Z,4.0.0,GEN3_EXPERIENCE,DECISION_CONTEXT_V1,VCB,58200.0,⚠️ YẾU DẦN,42.4,3.0,🟠 HẠN CHẾ / GIẢM,OBV xấu + Thiếu mẫu xác nhận,47.15,-8.55,-3.48,-4.28,0.8000000000000003,58923.08,57584.0,2.33,-0.74,-1.2271592048480828,1.0697415948874631,🔴,2745300.0,5035370.0,0.545203232334466,-1.23,7.78,7.78,-4.59,False,False,False,TÍCH LŨY,,,,119201200.0,126559840.0,,False,,,52.8,-6.5,-12.4,2.0,6.0,6.2,6.2,7.8,1.4,32.0,🔴 Forecast rủi ro,WEAKENING|45-50|<-2|0-2|STRONG_POS|NEGATIVE|<0.7|NO_G2|NO_EARLY|NO_PULL|NO_DRYUP|40-60,<4|20-40|6-8,WEAKENING,45-50,<-2,0-2,STRONG_POS,<0.7,NEGATIVE,NO_G2,NO_EARLY,NO_PULL,NO_DRYUP,40-60,<4,20-40,6-8,CTX[<4|20-40|6-8]::DNA[WEAKENING|45-50|<-2|0-2|STRONG_POS|NEGATIVE|<0.7|NO_G2|NO_EARLY|NO_PULL|NO_DRYUP|40-60],CTX[<4|20-40|6-8]::DNA[WEAKENING|45-50|<-2|0-2|STRONG_POS|NEGATIVE|<0.7|NO_G2|NO_EARLY|NO_PULL|NO_DRYUP|40-60],CTX[<4|20-40|6-8]::DNA[WEAKENING|45-50|<-2|0-2|STRONG_POS|NEGATIVE|<0.7|NO_G2|NO_EARLY|NO_PULL|NO_DRYUP|40-60],V4,2026-08-17T08:40:32Z
115520469855246e,115520469855246e,PENDING_OUTCOME,2026-08-17,2026-08-17T08:40:31Z,4.0.0,GEN3_EXPERIENCE,DECISION_CONTEXT_V1,ACV,40600.0,⚠️ YẾU DẦN,41.7,3.0,🟠 HẠN CHẾ / GIẢM,OBV xấu + RS yếu + Thiếu mẫu xác nhận,48.26,-5.88,-4.02,1.5,-5.52,40681.92,39850.0,2.09,0.1,-0.201367093785143,1.882057716436636,🔴,242100.0,542015.0,0.4466666051677536,-0.2,5.73,5.73,-5.14,False,False,False,TÍCH LŨY,,,,-61824900.0,-61804664.0,,False,,,53.11,-6.0,-0.8,2.0,6.0,6.2,6.2,7.8,1.4,32.0,🔴 Forecast rủi ro,WEAKENING|45-50|0-2|<-2|STRONG_POS|NEGATIVE|<0.7|NO_G2|NO_EARLY|NO_PULL|NO_DRYUP|40-60,<4|20-40|6-8,WEAKENING,45-50,0-2,<-2,STRONG_POS,<0.7,NEGATIVE,NO_G2,NO_EARLY,NO_PULL,NO_DRYUP,40-60,<4,20-40,6-8,CTX[<4|20-40|6-8]::DNA[WEAKENING|45-50|0-2|<-2|STRONG_POS|NEGATIVE|<0.7|NO_G2|NO_EARLY|NO_PULL|NO_DRYUP|40-60],CTX[<4|20-40|6-8]::DNA[WEAKENING|45-50|0-2|<-2|STRONG_POS|NEGATIVE|<0.7|NO_G2|NO_EARLY|NO_PULL|NO_DRYUP|40-60],CTX[<4|20-40|6-8]::DNA[WEAKENING|45-50|0-2|<-2|STRONG_POS|NEGATIVE|<0.7|NO_G2|NO_EARLY|NO_PULL|NO_DRYUP|40-60],V4,2026-08-17T08:40:32Z
0e6c287d1a97035c,0e6c287d1a97035c,PENDING_OUTCOME,2026-08-17,2026-08-17T08:40:31Z,4.0.0,GEN3_EXPERIENCE,DECISION_CONTEXT_V1,VGI,83800.0,⚠️ YẾU DẦN,41.7,3.0,🟠 HẠN CHẾ / GIẢM,OBV xấu + RS yếu + Thiếu mẫu xác nhận,50.42,-7.71,-5.52,0.96,-6.48,84316.01,81525.0,3.42,-1.29,-0.6119952782395632,2.790555044464882,🔴,155800.0,311905.0,0.4995110690755198,-0.61,12.33,12.33,-8.91,False,False,False,THEO DÕI,,,,-13592700.0,-13364768.0,,False,,,49.34,-7.5,-6.3,1.0,7.0,6.2,6.2,7.8,1.4,32.0,🔴 Forecast rủi ro,WEAKENING|50-55|0-2|<-2|STRONG_POS|NEGATIVE|<0.7|NO_G2|NO_EARLY|NO_PULL|NO_DRYUP|40-60,<4|20-40|6-8,WEAKENING,50-55,0-2,<-2,STRONG_POS,<0.7,NEGATIVE,NO_G2,NO_EARLY,NO_PULL,NO_DRYUP,40-60,<4,20-40,6-8,CTX[<4|20-40|6-8]::DNA[WEAKENING|50-55|0-2|<-2|STRONG_POS|NEGATIVE|<0.7|NO_G2|NO_EARLY|NO_PULL|NO_DRYUP|40-60],CTX[<4|20-40|6-8]::DNA[WEAKENING|50-55|0-2|<-2|STRONG_POS|NEGATIVE|<0.7|NO_G2|NO_EARLY|NO_PULL|NO_DRYUP|40-60],CTX[<4|20-40|6-8]::DNA[WEAKENING|50-55|0-2|<-2|STRONG_POS|NEGATIVE|<0.7|NO_G2|NO_EARLY|NO_PULL|NO_DRYUP|40-60],V4,2026-08-17T08:40:32Z
41301febad1f89a3,41301febad1f89a3,PENDING_OUTCOME,2026-08-17,2026-08-17T08:40:31Z,4.0.0,GEN3_EXPERIENCE,DECISION_CONTEXT_V1,PVC,11900.0,⚠️ YẾU DẦN,41.2,3.0,🟠 HẠN CHẾ / GIẢM,OBV xấu + Thiếu mẫu xác nhận,43.81,-9.82,-3.25,0.0,-3.25,12086.27,11950.0,1.14,0.71,-1.5411702700667829,-0.4184100418409997,🔴,343700.0,467460.0,0.7352500748727164,-1.54,3.48,3.48,-9.85,False,False,False,TÍCH LŨY,,,,59952600.0,60364104.0,,False,,,52.28,-2.0,-3.7,2.0,6.0,6.2,6.2,7.8,1.4,32.0,🔴 Forecast rủi ro,WEAKENING|<45|0-2|<-2|STRONG_POS|NEGATIVE|0.7-1.0|NO_G2|NO_EARLY|NO_PULL|NO_DRYUP|40-60,<4|20-40|6-8,WEAKENING,<45,0-2,<-2,STRONG_POS,0.7-1.0,NEGATIVE,NO_G2,NO_EARLY,NO_PULL,NO_DRYUP,40-60,<4,20-40,6-8,CTX[<4|20-40|6-8]::DNA[WEAKENING|<45|0-2|<-2|STRONG_POS|NEGATIVE|0.7-1.0|NO_G2|NO_EARLY|NO_PULL|NO_DRYUP|40-60],CTX[<4|20-40|6-8]::DNA[WEAKENING|<45|0-2|<-2|STRONG_POS|NEGATIVE|0.7-1.0|NO_G2|NO_EARLY|NO_PULL|NO_DRYUP|40-60],CTX[<4|20-40|6-8]::DNA[WEAKENING|<45|0-2|<-2|STRONG_POS|NEGATIVE|0.7-1.0|NO_G2|NO_EARLY|NO_PULL|NO_DRYUP|40-60],V4,2026-08-17T08:40:32Z
65c4862c8ff9cfe1,65c4862c8ff9cfe1,PENDING_OUTCOME,2026-08-17,2026-08-17T08:40:31Z,4.0.0,GEN3_EXPERIENCE,DECISION_CONTEXT_V1,HVN,22950.0,⚠️ YẾU DẦN,41.1,3.0,🟠 HẠN CHẾ / GIẢM,OBV xấu + Thiếu mẫu xác nhận + RS yếu,47.1,-6.86,-3.57,-0.22,-3.35,23406.33,22787.5,2.72,-0.36,-1.9496008131133835,0.7131102578167958,🔴,442400.0,992970.0,0.4455320905968962,-1.95,8.25,9.29,-8.57,False,False,False,TÍCH LŨY,,,,4221500.0,4558054.0,,False,,,52.8,-3.5,-9.7,2.0,6.0,6.2,6.2,7.8,1.4,32.0,🔴 Forecast rủi ro,WEAKENING|45-50|-2-0|<-2|STRONG_POS|NEGATIVE|<0.7|NO_G2|NO_EARLY|NO_PULL|NO_DRYUP|40-60,<4|20-40|6-8,WEAKENING,45-50,-2-0,<-2,STRONG_POS,<0.7,NEGATIVE,NO_G2,NO_EARLY,NO_PULL,NO_DRYUP,40-60,<4,20-40,6-8,CTX[<4|20-40|6-8]::DNA[WEAKENING|45-50|-2-0|<-2|STRONG_POS|NEGATIVE|<0.7|NO_G2|NO_EARLY|NO_PULL|NO_DRYUP|40-60],CTX[<4|20-40|6-8]::DNA[WEAKENING|45-50|-2-0|<-2|STRONG_POS|NEGATIVE|<0.7|NO_G2|NO_EARLY|NO_PULL|NO_DRYUP|40-60],CTX[<4|20-40|6-8]::DNA[WEAKENING|45-50|-2-0|<-2|STRONG_POS|NEGATIVE|<0.7|NO_G2|NO_EARLY|NO_PULL|NO_DRYUP|40-60],V4,2026-08-17T08:40:32Z
0c78ee4664f522b2,0c78ee4664f522b2,PENDING_OUTCOME,2026-08-17,2026-08-17T08:40:31Z,4.0.0,GEN3_EXPERIENCE,DECISION_CONTEXT_V1,SHB,11650.0,⚠️ YẾU DẦN,41.0,3.0,🟠 HẠN CHẾ / GIẢM,OBV xấu + RSI yếu + Thiếu mẫu xác nhận,38.88,-3.86,-2.92,-2.1,-0.8199999999999998,11777.75,11727.5,0.43,0.38,-1.0846723695103089,-0.6608399062033699,🔴,48136585.0,55220224.0,0.8717202052639265,-1.08,4.02,4.02,-7.54,False,False,False,THEO DÕI,,,,1527386975.0,1651890157.0,,False,,,47.45,-1.5,-5.7,1.0,7.0,6.2,6.2,7.8,1.4,32.0,🔴 Forecast rủi ro,WEAKENING|<45|<-2|-2-0|STRONG_POS|NEGATIVE|0.7-1.0|NO_G2|NO_EARLY|NO_PULL|NO_DRYUP|40-60,<4|20-40|6-8,WEAKENING,<45,<-2,-2-0,STRONG_POS,0.7-1.0,NEGATIVE,NO_G2,NO_EARLY,NO_PULL,NO_DRYUP,40-60,<4,20-40,6-8,CTX[<4|20-40|6-8]::DNA[WEAKENING|<45|<-2|-2-0|STRONG_POS|NEGATIVE|0.7-1.0|NO_G2|NO_EARLY|NO_PULL|NO_DRYUP|40-60],CTX[<4|20-40|6-8]::DNA[WEAKENING|<45|<-2|-2-0|STRONG_POS|NEGATIVE|0.7-1.0|NO_G2|NO_EARLY|NO_PULL|NO_DRYUP|40-60],CTX[<4|20-40|6-8]::DNA[WEAKENING|<45|<-2|-2-0|STRONG_POS|NEGATIVE|0.7-1.0|NO_G2|NO_EARLY|NO_PULL|NO_DRYUP|40-60],V4,2026-08-17T08:40:32Z
36ff1f92fd4d2181,36ff1f92fd4d2181,PENDING_OUTCOME,2026-08-17,2026-08-17T08:40:31Z,4.0.0,GEN3_EXPERIENCE,DECISION_CONTEXT_V1,VIX,13350.0,⚠️ YẾU DẦN,40.0,3.0,🟠 HẠN CHẾ / GIẢM,OBV xấu + RS yếu + Thiếu mẫu xác nhận,42.67,-9.76,-4.3,-0.37,-3.93,13663.36,13200.0,3.51,-1.02,-2.2934329476790527,1.1363636363636465,🔴,23119793.0,48836779.0,0.4734094564262725,-2.29,13.62,13.62,-7.93,False,False,False,TÍCH LŨY,,,,1462133639.0,1514128721.0,,False,,,52.11,-9.5,-3.7,2.0,6.0,6.2,6.2,7.8,1.4,32.0,🔴 Forecast rủi ro,WEAKENING|<45|-2-0|<-2|STRONG_POS|NEGATIVE|<0.7|NO_G2|NO_EARLY|NO_PULL|NO_DRYUP|40-60,<4|20-40|6-8,WEAKENING,<45,-2-0,<-2,STRONG_POS,<0.7,NEGATIVE,NO_G2,NO_EARLY,NO_PULL,NO_DRYUP,40-60,<4,20-40,6-8,CTX[<4|20-40|6-8]::DNA[WEAKENING|<45|-2-0|<-2|STRONG_POS|NEGATIVE|<0.7|NO_G2|NO_EARLY|NO_PULL|NO_DRYUP|40-60],CTX[<4|20-40|6-8]::DNA[WEAKENING|<45|-2-0|<-2|STRONG_POS|NEGATIVE|<0.7|NO_G2|NO_EARLY|NO_PULL|NO_DRYUP|40-60],CTX[<4|20-40|6-8]::DNA[WEAKENING|<45|-2-0|<-2|STRONG_POS|NEGATIVE|<0.7|NO_G2|NO_EARLY|NO_PULL|NO_DRYUP|40-60],V4,2026-08-17T08:40:32Z
00099a53c0766c30,00099a53c0766c30,PENDING_OUTCOME,2026-08-17,2026-08-17T08:40:31Z,4.0.0,GEN3_EXPERIENCE,DECISION_CONTEXT_V1,NVL,13200.0,⚠️ YẾU DẦN,40.0,3.0,🟠 HẠN CHẾ / GIẢM,OBV xấu + RS yếu + Thiếu mẫu xác nhận,50.28,-7.43,-5.04,0.38,-5.42,13397.12,13212.5,1.4,-1.74,-1.4713610089332696,-0.0946073793755886,🔴,15043289.0,18223249.0,0.8254998326588195,-1.47,4.76,11.39,-7.37,False,False,False,THEO DÕI,,,,602464815.0,628963707.0,,False,,,49.27,-7.5,-5.4,1.0,7.0,6.2,6.2,7.8,1.4,32.0,🔴 Forecast rủi ro,WEAKENING|50-55|0-2|<-2|STRONG_POS|NEGATIVE|0.7-1.0|NO_G2|NO_EARLY|NO_PULL|NO_DRYUP|40-60,<4|20-40|6-8,WEAKENING,50-55,0-2,<-2,STRONG_POS,0.7-1.0,NEGATIVE,NO_G2,NO_EARLY,NO_PULL,NO_DRYUP,40-60,<4,20-40,6-8,CTX[<4|20-40|6-8]::DNA[WEAKENING|50-55|0-2|<-2|STRONG_POS|NEGATIVE|0.7-1.0|NO_G2|NO_EARLY|NO_PULL|NO_DRYUP|40-60],CTX[<4|20-40|6-8]::DNA[WEAKENING|50-55|0-2|<-2|STRONG_POS|NEGATIVE|0.7-1.0|NO_G2|NO_EARLY|NO_PULL|NO_DRYUP|40-60],CTX[<4|20-40|6-8]::DNA[WEAKENING|50-55|0-2|<-2|STRONG_POS|NEGATIVE|0.7-1.0|NO_G2|NO_EARLY|NO_PULL|NO_DRYUP|40-60],V4,2026-08-17T08:40:32Z
939452e6c780ec34,939452e6c780ec34,PENDING_OUTCOME,2026-08-17,2026-08-17T08:40:31Z,4.0.0,GEN3_EXPERIENCE,DECISION_CONTEXT_V1,IDC,33300.0,⚠️ YẾU DẦN,39.9,3.0,🟠 HẠN CHẾ / GIẢM,OBV xấu + Thiếu mẫu xác nhận + Vol chưa xác nhận,46.43,-8.26,-2.92,0.0,-2.92,33612.89,33101.5,1.54,-0.39,-0.930863130186066,0.5996707097865706,🔴,438500.0,1099000.0,0.3989990900818926,-0.93,5.71,5.71,-5.4,False,False,False,THEO DÕI,,,,65907100.0,67110305.0,,False,,,48.63,-6.0,-6.3,1.0,7.0,6.2,6.2,7.8,1.4,32.0,🔴 Forecast rủi ro,WEAKENING|45-50|0-2|<-2|STRONG_POS|NEGATIVE|<0.7|NO_G2|NO_EARLY|NO_PULL|NO_DRYUP|40-60,<4|20-40|6-8,WEAKENING,45-50,0-2,<-2,STRONG_POS,<0.7,NEGATIVE,NO_G2,NO_EARLY,NO_PULL,NO_DRYUP,40-60,<4,20-40,6-8,CTX[<4|20-40|6-8]::DNA[WEAKENING|45-50|0-2|<-2|STRONG_POS|NEGATIVE|<0.7|NO_G2|NO_EARLY|NO_PULL|NO_DRYUP|40-60],CTX[<4|20-40|6-8]::DNA[WEAKENING|45-50|0-2|<-2|STRONG_POS|NEGATIVE|<0.7|NO_G2|NO_EARLY|NO_PULL|NO_DRYUP|40-60],CTX[<4|20-40|6-8]::DNA[WEAKENING|45-50|0-2|<-2|STRONG_POS|NEGATIVE|<0.7|NO_G2|NO_EARLY|NO_PULL|NO_DRYUP|40-60],V4,2026-08-17T08:40:32Z
1f6c5add7ac17c58,1f6c5add7ac17c58,PENDING_OUTCOME,2026-08-17,2026-08-17T08:40:31Z,4.0.0,GEN3_EXPERIENCE,DECISION_CONTEXT_V1,VPB,24750.0,⚠️ YẾU DẦN,39.9,3.0,🟠 HẠN CHẾ / GIẢM,OBV xấu + RSI yếu + Thiếu mẫu xác nhận,40.94,-10.05,-4.26,-2.94,-1.3199999999999998,25227.08,25132.5,0.38,-0.45,-1.8911423755741952,-1.5219337511190645,🔴,15013093.0,14354480.0,1.0458820521537526,-1.89,1.64,1.64,-4.81,False,False,False,THEO DÕI,,,,1262418599.0,1294077164.0,,False,,,47.77,-6.0,-6.3,1.0,7.0,6.2,6.2,7.8,1.4,32.0,🔴 Forecast rủi ro,WEAKENING|<45|<-2|-2-0|STRONG_POS|NEGATIVE|1.0-1.2|NO_G2|NO_EARLY|NO_PULL|NO_DRYUP|40-60,<4|20-40|6-8,WEAKENING,<45,<-2,-2-0,STRONG_POS,1.0-1.2,NEGATIVE,NO_G2,NO_EARLY,NO_PULL,NO_DRYUP,40-60,<4,20-40,6-8,CTX[<4|20-40|6-8]::DNA[WEAKENING|<45|<-2|-2-0|STRONG_POS|NEGATIVE|1.0-1.2|NO_G2|NO_EARLY|NO_PULL|NO_DRYUP|40-60],CTX[<4|20-40|6-8]::DNA[WEAKENING|<45|<-2|-2-0|STRONG_POS|NEGATIVE|1.0-1.2|NO_G2|NO_EARLY|NO_PULL|NO_DRYUP|40-60],CTX[<4|20-40|6-8]::DNA[WEAKENING|<45|<-2|-2-0|STRONG_POS|NEGATIVE|1.0-1.2|NO_G2|NO_EARLY|NO_PULL|NO_DRYUP|40-60],V4,2026-08-17T08:40:32Z
77d817424de01cf7,77d817424de01cf7,PENDING_OUTCOME,2026-08-17,2026-08-17T08:40:31Z,4.0.0,GEN3_EXPERIENCE,DECISION_CONTEXT_V1,VRE,24400.0,⚠️ YẾU DẦN,39.5,3.0,🟠 HẠN CHẾ / GIẢM,OBV xấu + Thiếu mẫu xác nhận + RS yếu,45.62,-5.99,-4.5,-3.17,-1.33,24739.49,24045.0,2.89,-1.74,-1.3722594928189724,1.476398419629854,🔴,2862500.0,6491815.0,0.4409398604242419,-1.37,14.55,14.55,-8.96,False,False,False,THEO DÕI,,,,424325900.0,430488275.0,,False,,,48.5,-7.5,-0.1,1.0,7.0,6.2,6.2,7.8,1.4,32.0,🔴 Forecast rủi ro,WEAKENING|45-50|<-2|-2-0|STRONG_POS|NEGATIVE|<0.7|NO_G2|NO_EARLY|NO_PULL|NO_DRYUP|40-60,<4|20-40|6-8,WEAKENING,45-50,<-2,-2-0,STRONG_POS,<0.7,NEGATIVE,NO_G2,NO_EARLY,NO_PULL,NO_DRYUP,40-60,<4,20-40,6-8,CTX[<4|20-40|6-8]::DNA[WEAKENING|45-50|<-2|-2-0|STRONG_POS|NEGATIVE|<0.7|NO_G2|NO_EARLY|NO_PULL|NO_DRYUP|40-60],CTX[<4|20-40|6-8]::DNA[WEAKENING|45-50|<-2|-2-0|STRONG_POS|NEGATIVE|<0.7|NO_G2|NO_EARLY|NO_PULL|NO_DRYUP|40-60],CTX[<4|20-40|6-8]::DNA[WEAKENING|45-50|<-2|-2-0|STRONG_POS|NEGATIVE|<0.7|NO_G2|NO_EARLY|NO_PULL|NO_DRYUP|40-60],V4,2026-08-17T08:40:32Z
7bf761a8a17f110b,7bf761a8a17f110b,PENDING_OUTCOME,2026-08-17,2026-08-17T08:40:31Z,4.0.0,GEN3_EXPERIENCE,DECISION_CONTEXT_V1,HSG,10650.0,⚠️ YẾU DẦN,39.3,3.0,🟠 HẠN CHẾ / GIẢM,OBV xấu + Thiếu mẫu xác nhận + RSI yếu,42.62,-5.01,-2.29,-2.74,0.4500000000000002,10734.57,10672.5,0.58,-0.15,-0.78782848311576,-0.2108222066057652,🔴,1011400.0,2011440.0,0.502823847591775,-0.79,5.97,5.97,-5.33,False,False,False,THEO DÕI,,,,47677600.0,49249505.0,,False,,,48.04,-4.5,-6.3,1.0,7.0,6.2,6.2,7.8,1.4,32.0,🔴 Forecast rủi ro,WEAKENING|<45|<-2|0-2|STRONG_POS|NEGATIVE|<0.7|NO_G2|NO_EARLY|NO_PULL|NO_DRYUP|40-60,<4|20-40|6-8,WEAKENING,<45,<-2,0-2,STRONG_POS,<0.7,NEGATIVE,NO_G2,NO_EARLY,NO_PULL,NO_DRYUP,40-60,<4,20-40,6-8,CTX[<4|20-40|6-8]::DNA[WEAKENING|<45|<-2|0-2|STRONG_POS|NEGATIVE|<0.7|NO_G2|NO_EARLY|NO_PULL|NO_DRYUP|40-60],CTX[<4|20-40|6-8]::DNA[WEAKENING|<45|<-2|0-2|STRONG_POS|NEGATIVE|<0.7|NO_G2|NO_EARLY|NO_PULL|NO_DRYUP|40-60],CTX[<4|20-40|6-8]::DNA[WEAKENING|<45|<-2|0-2|STRONG_POS|NEGATIVE|<0.7|NO_G2|NO_EARLY|NO_PULL|NO_DRYUP|40-60],V4,2026-08-17T08:40:32Z
fdd9b620e79a38a1,fdd9b620e79a38a1,PENDING_OUTCOME,2026-08-17,2026-08-17T08:40:31Z,4.0.0,GEN3_EXPERIENCE,DECISION_CONTEXT_V1,GEE,67800.0,⚠️ YẾU DẦN,38.8,3.0,🟠 HẠN CHẾ / GIẢM,OBV xấu + RSI yếu + Thiếu mẫu xác nhận,40.61,-11.19,-2.45,0.0,-2.45,69766.29,68480.0,1.88,0.88,-2.818395531710216,-0.9929906542056056,🔴,617800.0,1410770.0,0.437916882269966,-2.82,6.77,6.77,-16.19,False,False,False,THEO DÕI,,,,90682300.0,90974037.0,,False,,,47.72,-9.0,-6.3,1.0,7.0,6.2,6.2,7.8,1.4,32.0,🔴 Forecast rủi ro,WEAKENING|<45|0-2|<-2|STRONG_POS|NEGATIVE|<0.7|NO_G2|NO_EARLY|NO_PULL|NO_DRYUP|40-60,<4|20-40|6-8,WEAKENING,<45,0-2,<-2,STRONG_POS,<0.7,NEGATIVE,NO_G2,NO_EARLY,NO_PULL,NO_DRYUP,40-60,<4,20-40,6-8,CTX[<4|20-40|6-8]::DNA[WEAKENING|<45|0-2|<-2|STRONG_POS|NEGATIVE|<0.7|NO_G2|NO_EARLY|NO_PULL|NO_DRYUP|40-60],CTX[<4|20-40|6-8]::DNA[WEAKENING|<45|0-2|<-2|STRONG_POS|NEGATIVE|<0.7|NO_G2|NO_EARLY|NO_PULL|NO_DRYUP|40-60],CTX[<4|20-40|6-8]::DNA[WEAKENING|<45|0-2|<-2|STRONG_POS|NEGATIVE|<0.7|NO_G2|NO_EARLY|NO_PULL|NO_DRYUP|40-60],V4,2026-08-17T08:40:32Z
0bbd2a9082a4bb65,0bbd2a9082a4bb65,PENDING_OUTCOME,2026-08-17,2026-08-17T08:40:31Z,4.0.0,GEN3_EXPERIENCE,DECISION_CONTEXT_V1,MBS,17400.0,⚠️ YẾU DẦN,38.8,3.0,🟠 HẠN CHẾ / GIẢM,OBV xấu + Thiếu mẫu xác nhận,43.95,-3.63,-3.17,-0.51,-2.66,17514.12,17423.5,0.52,0.33,-0.6515885468410532,-0.1348753120785195,🔴,2336200.0,5808465.0,0.4022060905936422,-0.65,5.78,5.78,-7.55,False,False,False,TÍCH LŨY,,,,-44852300.0,-41601703.0,,False,,,52.3,1.0,-1.1,2.0,6.0,6.2,6.2,7.8,1.4,32.0,🔴 Forecast rủi ro,WEAKENING|<45|-2-0|<-2|STRONG_POS|NEGATIVE|<0.7|NO_G2|NO_EARLY|NO_PULL|NO_DRYUP|40-60,<4|20-40|6-8,WEAKENING,<45,-2-0,<-2,STRONG_POS,<0.7,NEGATIVE,NO_G2,NO_EARLY,NO_PULL,NO_DRYUP,40-60,<4,20-40,6-8,CTX[<4|20-40|6-8]::DNA[WEAKENING|<45|-2-0|<-2|STRONG_POS|NEGATIVE|<0.7|NO_G2|NO_EARLY|NO_PULL|NO_DRYUP|40-60],CTX[<4|20-40|6-8]::DNA[WEAKENING|<45|-2-0|<-2|STRONG_POS|NEGATIVE|<0.7|NO_G2|NO_EARLY|NO_PULL|NO_DRYUP|40-60],CTX[<4|20-40|6-8]::DNA[WEAKENING|<45|-2-0|<-2|STRONG_POS|NEGATIVE|<0.7|NO_G2|NO_EARLY|NO_PULL|NO_DRYUP|40-60],V4,2026-08-17T08:40:32Z
e8d9ba949a1a9586,e8d9ba949a1a9586,PENDING_OUTCOME,2026-08-17,2026-08-17T08:40:31Z,4.0.0,GEN3_EXPERIENCE,DECISION_CONTEXT_V1,TCX,39200.0,⚠️ YẾU DẦN,38.5,3.0,🟠 HẠN CHẾ / GIẢM,OBV xấu + RSI yếu + Thiếu mẫu xác nhận,41.64,-6.43,-2.0,-4.16,2.16,39797.88,39880.0,-0.21,0.29,-1.5022910768111242,-1.7051153460381108,🔴,950100.0,1599285.0,0.5940779785966854,-1.5,4.53,4.53,-9.05,False,False,False,THEO DÕI,,,,17247400.0,18536336.0,,False,,,47.82,-9.0,-0.1,0.0,7.0,6.2,6.2,7.8,1.4,32.0,🔴 Forecast rủi ro,WEAKENING|<45|<-2|2-5|STRONG_NEG|NEGATIVE|<0.7|NO_G2|NO_EARLY|NO_PULL|NO_DRYUP|40-60,<4|20-40|6-8,WEAKENING,<45,<-2,2-5,STRONG_NEG,<0.7,NEGATIVE,NO_G2,NO_EARLY,NO_PULL,NO_DRYUP,40-60,<4,20-40,6-8,CTX[<4|20-40|6-8]::DNA[WEAKENING|<45|<-2|2-5|STRONG_NEG|NEGATIVE|<0.7|NO_G2|NO_EARLY|NO_PULL|NO_DRYUP|40-60],CTX[<4|20-40|6-8]::DNA[WEAKENING|<45|<-2|2-5|STRONG_NEG|NEGATIVE|<0.7|NO_G2|NO_EARLY|NO_PULL|NO_DRYUP|40-60],CTX[<4|20-40|6-8]::DNA[WEAKENING|<45|<-2|2-5|STRONG_NEG|NEGATIVE|<0.7|NO_G2|NO_EARLY|NO_PULL|NO_DRYUP|40-60],V4,2026-08-17T08:40:32Z
614d012ec6a20c8b,614d012ec6a20c8b,PENDING_OUTCOME,2026-08-17,2026-08-17T08:40:31Z,4.0.0,GEN3_EXPERIENCE,DECISION_CONTEXT_V1,HHV,10050.0,⚠️ YẾU DẦN,38.3,3.0,🟠 HẠN CHẾ / GIẢM,OBV xấu + Vol chưa xác nhận + Thiếu mẫu xác nhận,43.88,-7.88,-1.95,-0.99,-0.96,10112.89,10041.5,0.71,-0.12,-0.6218796011822514,0.0846487078623781,🔴,5015702.0,2722830.0,1.8420915003874645,-0.62,2.55,2.55,-4.29,False,False,False,THEO DÕI,,,,169258700.0,169867310.0,,False,,,48.23,2.0,-6.3,1.0,7.0,6.2,6.2,7.8,1.4,32.0,🔴 Forecast rủi ro,WEAKENING|<45|-2-0|-2-0|STRONG_POS|NEGATIVE|>=1.5|NO_G2|NO_EARLY|NO_PULL|NO_DRYUP|40-60,<4|20-40|6-8,WEAKENING,<45,-2-0,-2-0,STRONG_POS,>=1.5,NEGATIVE,NO_G2,NO_EARLY,NO_PULL,NO_DRYUP,40-60,<4,20-40,6-8,CTX[<4|20-40|6-8]::DNA[WEAKENING|<45|-2-0|-2-0|STRONG_POS|NEGATIVE|>=1.5|NO_G2|NO_EARLY|NO_PULL|NO_DRYUP|40-60],CTX[<4|20-40|6-8]::DNA[WEAKENING|<45|-2-0|-2-0|STRONG_POS|NEGATIVE|>=1.5|NO_G2|NO_EARLY|NO_PULL|NO_DRYUP|40-60],CTX[<4|20-40|6-8]::DNA[WEAKENING|<45|-2-0|-2-0|STRONG_POS|NEGATIVE|>=1.5|NO_G2|NO_EARLY|NO_PULL|NO_DRYUP|40-60],V4,2026-08-17T08:40:32Z
0ead2b6ab220b12d,0ead2b6ab220b12d,PENDING_OUTCOME,2026-08-17,2026-08-17T08:40:31Z,4.0.0,GEN3_EXPERIENCE,DECISION_CONTEXT_V1,DPM,21500.0,⚠️ YẾU DẦN,37.3,3.0,🟠 HẠN CHẾ / GIẢM,OBV xấu + Thiếu mẫu xác nhận + RS yếu,45.05,-9.63,-4.02,-3.15,-0.8699999999999997,21847.24,21673.0,0.8,-0.81,-1.5893998509651674,-0.7982282102154792,🔴,1246800.0,2678380.0,0.4655052681098275,-1.59,4.12,4.12,-6.11,False,False,False,TÍCH LŨY,,,,75837300.0,77650371.0,,False,,,52.48,-6.5,-0.9,2.0,6.0,6.2,6.2,7.8,1.4,32.0,🔴 Forecast rủi ro,WEAKENING|45-50|<-2|-2-0|STRONG_POS|NEGATIVE|<0.7|NO_G2|NO_EARLY|NO_PULL|NO_DRYUP|40-60,<4|20-40|6-8,WEAKENING,45-50,<-2,-2-0,STRONG_POS,<0.7,NEGATIVE,NO_G2,NO_EARLY,NO_PULL,NO_DRYUP,40-60,<4,20-40,6-8,CTX[<4|20-40|6-8]::DNA[WEAKENING|45-50|<-2|-2-0|STRONG_POS|NEGATIVE|<0.7|NO_G2|NO_EARLY|NO_PULL|NO_DRYUP|40-60],CTX[<4|20-40|6-8]::DNA[WEAKENING|45-50|<-2|-2-0|STRONG_POS|NEGATIVE|<0.7|NO_G2|NO_EARLY|NO_PULL|NO_DRYUP|40-60],CTX[<4|20-40|6-8]::DNA[WEAKENING|45-50|<-2|-2-0|STRONG_POS|NEGATIVE|<0.7|NO_G2|NO_EARLY|NO_PULL|NO_DRYUP|40-60],V4,2026-08-17T08:40:32Z
1a54d05ddae62bd0,1a54d05ddae62bd0,PENDING_OUTCOME,2026-08-17,2026-08-17T08:40:31Z,4.0.0,GEN3_EXPERIENCE,DECISION_CONTEXT_V1,IJC,7400.0,⚠️ YẾU DẦN,37.3,3.0,🟠 HẠN CHẾ / GIẢM,OBV xấu + RS yếu + Thiếu mẫu xác nhận,42.52,-12.99,-6.68,-0.13,-6.55,7548.35,7346.5,2.75,-0.33,-1.9653301714944396,0.7282379364323077,🔴,1160200.0,2461725.0,0.4712955346352659,-1.97,10.61,10.61,-9.63,False,False,False,TÍCH LŨY,,,,-39501100.0,-36045742.0,,False,,,52.08,-2.0,-12.5,2.0,6.0,6.2,6.2,7.8,1.4,32.0,🔴 Forecast rủi ro,WEAKENING|<45|-2-0|<-2|STRONG_POS|NEGATIVE|<0.7|NO_G2|NO_EARLY|NO_PULL|NO_DRYUP|40-60,<4|20-40|6-8,WEAKENING,<45,-2-0,<-2,STRONG_POS,<0.7,NEGATIVE,NO_G2,NO_EARLY,NO_PULL,NO_DRYUP,40-60,<4,20-40,6-8,CTX[<4|20-40|6-8]::DNA[WEAKENING|<45|-2-0|<-2|STRONG_POS|NEGATIVE|<0.7|NO_G2|NO_EARLY|NO_PULL|NO_DRYUP|40-60],CTX[<4|20-40|6-8]::DNA[WEAKENING|<45|-2-0|<-2|STRONG_POS|NEGATIVE|<0.7|NO_G2|NO_EARLY|NO_PULL|NO_DRYUP|40-60],CTX[<4|20-40|6-8]::DNA[WEAKENING|<45|-2-0|<-2|STRONG_POS|NEGATIVE|<0.7|NO_G2|NO_EARLY|NO_PULL|NO_DRYUP|40-60],V4,2026-08-17T08:40:32Z
14aef5728e4067e0,14aef5728e4067e0,PENDING_OUTCOME,2026-08-17,2026-08-17T08:40:31Z,4.0.0,GEN3_EXPERIENCE,DECISION_CONTEXT_V1,HPG,21200.0,⚠️ YẾU DẦN,36.9,3.0,🟠 HẠN CHẾ / GIẢM,OBV xấu + RSI yếu + Thiếu mẫu xác nhận,38.87,-11.58,-4.07,-5.99,1.92,21661.27,21527.5,0.62,-1.27,-2.129468863090666,-1.5213099523864848,🔴,18455500.0,25168280.0,0.7332841179452867,-2.13,4.18,4.18,-6.4,False,False,False,TÍCH LŨY,,,,299749924.0,339337749.0,,False,,,51.51,-3.5,-3.7,2.0,6.0,6.2,6.2,7.8,1.4,32.0,🔴 Forecast rủi ro,WEAKENING|<45|<-2|0-2|STRONG_POS|NEGATIVE|0.7-1.0|NO_G2|NO_EARLY|NO_PULL|NO_DRYUP|40-60,<4|20-40|6-8,WEAKENING,<45,<-2,0-2,STRONG_POS,0.7-1.0,NEGATIVE,NO_G2,NO_EARLY,NO_PULL,NO_DRYUP,40-60,<4,20-40,6-8,CTX[<4|20-40|6-8]::DNA[WEAKENING|<45|<-2|0-2|STRONG_POS|NEGATIVE|0.7-1.0|NO_G2|NO_EARLY|NO_PULL|NO_DRYUP|40-60],CTX[<4|20-40|6-8]::DNA[WEAKENING|<45|<-2|0-2|STRONG_POS|NEGATIVE|0.7-1.0|NO_G2|NO_EARLY|NO_PULL|NO_DRYUP|40-60],CTX[<4|20-40|6-8]::DNA[WEAKENING|<45|<-2|0-2|STRONG_POS|NEGATIVE|0.7-1.0|NO_G2|NO_EARLY|NO_PULL|NO_DRYUP|40-60],V4,2026-08-17T08:40:32Z
008e6824495e705e,008e6824495e705e,PENDING_OUTCOME,2026-08-17,2026-08-17T08:40:31Z,4.0.0,GEN3_EXPERIENCE,DECISION_CONTEXT_V1,TCM,16500.0,⚠️ YẾU DẦN,36.7,3.0,🟠 HẠN CHẾ / GIẢM,OBV xấu + RSI yếu + Thiếu mẫu xác nhận,28.84,-1.78,-0.9,-0.6,-0.3,16632.52,16760.0,-0.76,1.24,-0.7967523862890347,-1.5513126491646825,🔴,610000.0,1151855.0,0.5295805461624944,-0.8,1.23,1.23,-12.7,False,False,False,THEO DÕI,,,,-11278400.0,-10156160.0,,False,,,45.83,0.0,-2.0,0.0,7.0,6.2,6.2,7.8,1.4,32.0,🔴 Forecast rủi ro,WEAKENING|<45|-2-0|-2-0|STRONG_NEG|NEGATIVE|<0.7|NO_G2|NO_EARLY|NO_PULL|NO_DRYUP|40-60,<4|20-40|6-8,WEAKENING,<45,-2-0,-2-0,STRONG_NEG,<0.7,NEGATIVE,NO_G2,NO_EARLY,NO_PULL,NO_DRYUP,40-60,<4,20-40,6-8,CTX[<4|20-40|6-8]::DNA[WEAKENING|<45|-2-0|-2-0|STRONG_NEG|NEGATIVE|<0.7|NO_G2|NO_EARLY|NO_PULL|NO_DRYUP|40-60],CTX[<4|20-40|6-8]::DNA[WEAKENING|<45|-2-0|-2-0|STRONG_NEG|NEGATIVE|<0.7|NO_G2|NO_EARLY|NO_PULL|NO_DRYUP|40-60],CTX[<4|20-40|6-8]::DNA[WEAKENING|<45|-2-0|-2-0|STRONG_NEG|NEGATIVE|<0.7|NO_G2|NO_EARLY|NO_PULL|NO_DRYUP|40-60],V4,2026-08-17T08:40:32Z
eda256a5b2824e53,eda256a5b2824e53,PENDING_OUTCOME,2026-08-17,2026-08-17T08:40:31Z,4.0.0,GEN3_EXPERIENCE,DECISION_CONTEXT_V1,DCM,30550.0,⚠️ YẾU DẦN,36.7,3.0,🟠 HẠN CHẾ / GIẢM,OBV xấu + Thiếu mẫu xác nhận + RSI yếu,42.3,-5.18,-4.08,-1.61,-2.47,30933.62,30610.0,1.06,-0.63,-1.2401393693980856,-0.1960143743874542,🔴,819900.0,2068660.0,0.3963435267274467,-1.24,5.71,5.71,-5.71,False,False,False,THEO DÕI,,,,60938100.0,63228997.0,,False,,,47.99,-3.0,-6.3,1.0,7.0,6.2,6.2,7.8,1.4,32.0,🔴 Forecast rủi ro,WEAKENING|<45|-2-0|<-2|STRONG_POS|NEGATIVE|<0.7|NO_G2|NO_EARLY|NO_PULL|NO_DRYUP|40-60,<4|20-40|6-8,WEAKENING,<45,-2-0,<-2,STRONG_POS,<0.7,NEGATIVE,NO_G2,NO_EARLY,NO_PULL,NO_DRYUP,40-60,<4,20-40,6-8,CTX[<4|20-40|6-8]::DNA[WEAKENING|<45|-2-0|<-2|STRONG_POS|NEGATIVE|<0.7|NO_G2|NO_EARLY|NO_PULL|NO_DRYUP|40-60],CTX[<4|20-40|6-8]::DNA[WEAKENING|<45|-2-0|<-2|STRONG_POS|NEGATIVE|<0.7|NO_G2|NO_EARLY|NO_PULL|NO_DRYUP|40-60],CTX[<4|20-40|6-8]::DNA[WEAKENING|<45|-2-0|<-2|STRONG_POS|NEGATIVE|<0.7|NO_G2|NO_EARLY|NO_PULL|NO_DRYUP|40-60],V4,2026-08-17T08:40:32Z
bc43a3777abbbed7,bc43a3777abbbed7,PENDING_OUTCOME,2026-08-17,2026-08-17T08:40:31Z,4.0.0,GEN3_EXPERIENCE,DECISION_CONTEXT_V1,BVS,26400.0,⚠️ YẾU DẦN,36.7,3.0,🟠 HẠN CHẾ / GIẢM,OBV xấu + Vol chưa xác nhận + RS yếu,43.77,-2.61,-4.69,0.0,-4.69,26818.39,26690.0,0.48,1.74,-1.5600861945851308,-1.0865492693892809,🔴,203300.0,934320.0,0.2175914033735765,-1.56,8.64,8.64,-15.11,False,False,False,TÍCH LŨY,,,,3146300.0,3950817.0,,False,,,52.28,1.0,5.2,2.0,6.0,6.2,6.2,7.8,1.4,32.0,🔴 Forecast rủi ro,WEAKENING|<45|0-2|<-2|STRONG_POS|NEGATIVE|<0.7|NO_G2|NO_EARLY|NO_PULL|NO_DRYUP|40-60,<4|20-40|6-8,WEAKENING,<45,0-2,<-2,STRONG_POS,<0.7,NEGATIVE,NO_G2,NO_EARLY,NO_PULL,NO_DRYUP,40-60,<4,20-40,6-8,CTX[<4|20-40|6-8]::DNA[WEAKENING|<45|0-2|<-2|STRONG_POS|NEGATIVE|<0.7|NO_G2|NO_EARLY|NO_PULL|NO_DRYUP|40-60],CTX[<4|20-40|6-8]::DNA[WEAKENING|<45|0-2|<-2|STRONG_POS|NEGATIVE|<0.7|NO_G2|NO_EARLY|NO_PULL|NO_DRYUP|40-60],CTX[<4|20-40|6-8]::DNA[WEAKENING|<45|0-2|<-2|STRONG_POS|NEGATIVE|<0.7|NO_G2|NO_EARLY|NO_PULL|NO_DRYUP|40-60],V4,2026-08-17T08:40:32Z
380af5f065edf6ef,380af5f065edf6ef,PENDING_OUTCOME,2026-08-17,2026-08-17T08:40:31Z,4.0.0,GEN3_EXPERIENCE,DECISION_CONTEXT_V1,PC1,20400.0,⚠️ YẾU DẦN,36.6,3.0,🟠 HẠN CHẾ / GIẢM,OBV xấu + Thiếu mẫu xác nhận + RSI yếu,41.34,-4.12,-1.21,-5.12,3.91,20693.71,20975.0,-1.34,-0.12,-1.4193201702352942,-2.74135876042908,🔴,3182197.0,1984700.0,1.6033642364085252,-1.42,0.0,9.68,-8.52,False,False,False,THEO DÕI,,,,119407103.0,123441250.0,,False,,,47.78,2.5,1.5,0.0,7.0,6.2,6.2,7.8,1.4,32.0,🔴 Forecast rủi ro,WEAKENING|<45|<-2|2-5|STRONG_NEG|NEGATIVE|>=1.5|NO_G2|NO_EARLY|NO_PULL|NO_DRYUP|40-60,<4|20-40|6-8,WEAKENING,<45,<-2,2-5,STRONG_NEG,>=1.5,NEGATIVE,NO_G2,NO_EARLY,NO_PULL,NO_DRYUP,40-60,<4,20-40,6-8,CTX[<4|20-40|6-8]::DNA[WEAKENING|<45|<-2|2-5|STRONG_NEG|NEGATIVE|>=1.5|NO_G2|NO_EARLY|NO_PULL|NO_DRYUP|40-60],CTX[<4|20-40|6-8]::DNA[WEAKENING|<45|<-2|2-5|STRONG_NEG|NEGATIVE|>=1.5|NO_G2|NO_EARLY|NO_PULL|NO_DRYUP|40-60],CTX[<4|20-40|6-8]::DNA[WEAKENING|<45|<-2|2-5|STRONG_NEG|NEGATIVE|>=1.5|NO_G2|NO_EARLY|NO_PULL|NO_DRYUP|40-60],V4,2026-08-17T08:40:32Z
eda7e88869443e20,eda7e88869443e20,PENDING_OUTCOME,2026-08-17,2026-08-17T08:40:31Z,4.0.0,GEN3_EXPERIENCE,DECISION_CONTEXT_V1,C4G,5500.0,⚠️ YẾU DẦN,36.6,3.0,🟠 HẠN CHẾ / GIẢM,OBV xấu + RSI yếu + Thiếu mẫu xác nhận,34.03,-10.47,-1.79,-3.51,1.7199999999999998,5646.93,5680.0,-0.58,1.16,-2.601944773531817,-3.169014084507038,🔴,194900.0,272580.0,0.7150194438330032,-2.6,0.0,0.0,-12.7,False,False,False,THEO DÕI,,,,15031300.0,15212950.0,,False,,,46.7,1.0,-0.4,1.0,7.0,6.2,6.2,7.8,1.4,32.0,🔴 Forecast rủi ro,WEAKENING|<45|<-2|0-2|STRONG_NEG|NEGATIVE|0.7-1.0|NO_G2|NO_EARLY|NO_PULL|NO_DRYUP|40-60,<4|20-40|6-8,WEAKENING,<45,<-2,0-2,STRONG_NEG,0.7-1.0,NEGATIVE,NO_G2,NO_EARLY,NO_PULL,NO_DRYUP,40-60,<4,20-40,6-8,CTX[<4|20-40|6-8]::DNA[WEAKENING|<45|<-2|0-2|STRONG_NEG|NEGATIVE|0.7-1.0|NO_G2|NO_EARLY|NO_PULL|NO_DRYUP|40-60],CTX[<4|20-40|6-8]::DNA[WEAKENING|<45|<-2|0-2|STRONG_NEG|NEGATIVE|0.7-1.0|NO_G2|NO_EARLY|NO_PULL|NO_DRYUP|40-60],CTX[<4|20-40|6-8]::DNA[WEAKENING|<45|<-2|0-2|STRONG_NEG|NEGATIVE|0.7-1.0|NO_G2|NO_EARLY|NO_PULL|NO_DRYUP|40-60],V4,2026-08-17T08:40:32Z
cf6e79e5cb7259a6,cf6e79e5cb7259a6,PENDING_OUTCOME,2026-08-17,2026-08-17T08:40:31Z,4.0.0,GEN3_EXPERIENCE,DECISION_CONTEXT_V1,FOX,63200.0,⚠️ YẾU DẦN,36.6,3.0,🟠 HẠN CHẾ / GIẢM,OBV xấu + RSI yếu + Thiếu mẫu xác nhận,36.56,-9.58,-3.95,-4.96,1.0099999999999998,64649.36,64150.0,0.78,-0.62,-2.24187834187376,-1.480904130943106,🔴,46000.0,68435.0,0.6721706729012932,-2.24,3.61,3.61,-6.78,False,False,False,TÍCH LŨY,,,,5328900.0,5423821.0,,False,,,51.15,-6.5,2.6,2.0,6.0,6.2,6.2,7.8,1.4,32.0,🔴 Forecast rủi ro,WEAKENING|<45|<-2|0-2|STRONG_POS|NEGATIVE|<0.7|NO_G2|NO_EARLY|NO_PULL|NO_DRYUP|40-60,<4|20-40|6-8,WEAKENING,<45,<-2,0-2,STRONG_POS,<0.7,NEGATIVE,NO_G2,NO_EARLY,NO_PULL,NO_DRYUP,40-60,<4,20-40,6-8,CTX[<4|20-40|6-8]::DNA[WEAKENING|<45|<-2|0-2|STRONG_POS|NEGATIVE|<0.7|NO_G2|NO_EARLY|NO_PULL|NO_DRYUP|40-60],CTX[<4|20-40|6-8]::DNA[WEAKENING|<45|<-2|0-2|STRONG_POS|NEGATIVE|<0.7|NO_G2|NO_EARLY|NO_PULL|NO_DRYUP|40-60],CTX[<4|20-40|6-8]::DNA[WEAKENING|<45|<-2|0-2|STRONG_POS|NEGATIVE|<0.7|NO_G2|NO_EARLY|NO_PULL|NO_DRYUP|40-60],V4,2026-08-17T08:40:32Z
b7f68e97110fcf25,b7f68e97110fcf25,PENDING_OUTCOME,2026-08-17,2026-08-17T08:40:31Z,4.0.0,GEN3_EXPERIENCE,DECISION_CONTEXT_V1,BMP,145600.0,⚠️ YẾU DẦN,36.4,3.0,🟠 HẠN CHẾ / GIẢM,OBV xấu + RSI yếu + Thiếu mẫu xác nhận,41.23,-6.94,-2.15,-3.96,1.81,148135.04,149330.0,-0.8,-0.12,-1.711303416126264,-2.497823612134198,🔴,62700.0,114325.0,0.5484364749617319,-1.71,0.0,10.39,-6.67,False,False,False,THEO DÕI,,,,1937800.0,2058305.0,,False,,,47.82,2.5,-4.0,1.0,7.0,6.2,6.2,7.8,1.4,32.0,🔴 Forecast rủi ro,WEAKENING|<45|<-2|0-2|STRONG_NEG|NEGATIVE|<0.7|NO_G2|NO_EARLY|NO_PULL|NO_DRYUP|40-60,<4|20-40|6-8,WEAKENING,<45,<-2,0-2,STRONG_NEG,<0.7,NEGATIVE,NO_G2,NO_EARLY,NO_PULL,NO_DRYUP,40-60,<4,20-40,6-8,CTX[<4|20-40|6-8]::DNA[WEAKENING|<45|<-2|0-2|STRONG_NEG|NEGATIVE|<0.7|NO_G2|NO_EARLY|NO_PULL|NO_DRYUP|40-60],CTX[<4|20-40|6-8]::DNA[WEAKENING|<45|<-2|0-2|STRONG_NEG|NEGATIVE|<0.7|NO_G2|NO_EARLY|NO_PULL|NO_DRYUP|40-60],CTX[<4|20-40|6-8]::DNA[WEAKENING|<45|<-2|0-2|STRONG_NEG|NEGATIVE|<0.7|NO_G2|NO_EARLY|NO_PULL|NO_DRYUP|40-60],V4,2026-08-17T08:40:32Z
64343e52241ca0f7,64343e52241ca0f7,PENDING_OUTCOME,2026-08-17,2026-08-17T08:40:31Z,4.0.0,GEN3_EXPERIENCE,DECISION_CONTEXT_V1,BSI,27750.0,⚠️ YẾU DẦN,36.1,3.0,🟠 HẠN CHẾ / GIẢM,OBV xấu + RSI yếu + RS yếu,38.43,-6.53,-4.64,-1.6,-3.04,28356.81,28185.0,0.61,0.64,-2.1399092493125997,-1.543374135178288,🔴,263599.0,428690.0,0.6148942126011804,-2.14,5.71,5.71,-13.28,False,False,False,TÍCH LŨY,,,,21936401.0,22293362.0,,False,,,51.44,-6.5,-0.9,2.0,6.0,6.2,6.2,7.8,1.4,32.0,🔴 Forecast rủi ro,WEAKENING|<45|-2-0|<-2|STRONG_POS|NEGATIVE|<0.7|NO_G2|NO_EARLY|NO_PULL|NO_DRYUP|40-60,<4|20-40|6-8,WEAKENING,<45,-2-0,<-2,STRONG_POS,<0.7,NEGATIVE,NO_G2,NO_EARLY,NO_PULL,NO_DRYUP,40-60,<4,20-40,6-8,CTX[<4|20-40|6-8]::DNA[WEAKENING|<45|-2-0|<-2|STRONG_POS|NEGATIVE|<0.7|NO_G2|NO_EARLY|NO_PULL|NO_DRYUP|40-60],CTX[<4|20-40|6-8]::DNA[WEAKENING|<45|-2-0|<-2|STRONG_POS|NEGATIVE|<0.7|NO_G2|NO_EARLY|NO_PULL|NO_DRYUP|40-60],CTX[<4|20-40|6-8]::DNA[WEAKENING|<45|-2-0|<-2|STRONG_POS|NEGATIVE|<0.7|NO_G2|NO_EARLY|NO_PULL|NO_DRYUP|40-60],V4,2026-08-17T08:40:32Z
4c41dabae60e793d,4c41dabae60e793d,PENDING_OUTCOME,2026-08-17,2026-08-17T08:40:31Z,4.0.0,GEN3_EXPERIENCE,DECISION_CONTEXT_V1,SHS,15200.0,⚠️ YẾU DẦN,36.1,3.0,🟠 HẠN CHẾ / GIẢM,OBV xấu + RSI yếu + RS yếu,39.65,-6.58,-5.0,-2.56,-2.44,15588.43,15480.0,0.7,-0.57,-2.49178397054739,-1.8087855297157616,🔴,8009000.0,11257955.0,0.7114080665627105,-2.49,6.29,6.29,-7.88,False,False,False,TÍCH LŨY,,,,666676596.0,694769832.0,,False,,,51.63,-2.0,-3.7,2.0,6.0,6.2,6.2,7.8,1.4,32.0,🔴 Forecast rủi ro,WEAKENING|<45|<-2|<-2|STRONG_POS|NEGATIVE|0.7-1.0|NO_G2|NO_EARLY|NO_PULL|NO_DRYUP|40-60,<4|20-40|6-8,WEAKENING,<45,<-2,<-2,STRONG_POS,0.7-1.0,NEGATIVE,NO_G2,NO_EARLY,NO_PULL,NO_DRYUP,40-60,<4,20-40,6-8,CTX[<4|20-40|6-8]::DNA[WEAKENING|<45|<-2|<-2|STRONG_POS|NEGATIVE|0.7-1.0|NO_G2|NO_EARLY|NO_PULL|NO_DRYUP|40-60],CTX[<4|20-40|6-8]::DNA[WEAKENING|<45|<-2|<-2|STRONG_POS|NEGATIVE|0.7-1.0|NO_G2|NO_EARLY|NO_PULL|NO_DRYUP|40-60],CTX[<4|20-40|6-8]::DNA[WEAKENING|<45|<-2|<-2|STRONG_POS|NEGATIVE|0.7-1.0|NO_G2|NO_EARLY|NO_PULL|NO_DRYUP|40-60],V4,2026-08-17T08:40:32Z
91597573e6d59609,91597573e6d59609,PENDING_OUTCOME,2026-08-17,2026-08-17T08:40:31Z,4.0.0,GEN3_EXPERIENCE,DECISION_CONTEXT_V1,AGR,12900.0,⚠️ YẾU DẦN,36.0,3.0,🟠 HẠN CHẾ / GIẢM,OBV xấu + Thiếu mẫu xác nhận + RSI yếu,40.75,-3.98,-3.73,-2.27,-1.46,13082.9,13130.0,-0.36,0.05,-1.398008086892044,-1.7517136329017524,🔴,187600.0,347135.0,0.5404237544471171,-1.4,5.31,5.31,-9.79,False,False,False,THEO DÕI,,,,22425800.0,22893783.0,,False,,,47.69,0.0,-4.0,0.0,7.0,6.2,6.2,7.8,1.4,32.0,🔴 Forecast rủi ro,WEAKENING|<45|<-2|-2-0|STRONG_NEG|NEGATIVE|<0.7|NO_G2|NO_EARLY|NO_PULL|NO_DRYUP|40-60,<4|20-40|6-8,WEAKENING,<45,<-2,-2-0,STRONG_NEG,<0.7,NEGATIVE,NO_G2,NO_EARLY,NO_PULL,NO_DRYUP,40-60,<4,20-40,6-8,CTX[<4|20-40|6-8]::DNA[WEAKENING|<45|<-2|-2-0|STRONG_NEG|NEGATIVE|<0.7|NO_G2|NO_EARLY|NO_PULL|NO_DRYUP|40-60],CTX[<4|20-40|6-8]::DNA[WEAKENING|<45|<-2|-2-0|STRONG_NEG|NEGATIVE|<0.7|NO_G2|NO_EARLY|NO_PULL|NO_DRYUP|40-60],CTX[<4|20-40|6-8]::DNA[WEAKENING|<45|<-2|-2-0|STRONG_NEG|NEGATIVE|<0.7|NO_G2|NO_EARLY|NO_PULL|NO_DRYUP|40-60],V4,2026-08-17T08:40:32Z
dbde4e6ec40f9601,dbde4e6ec40f9601,PENDING_OUTCOME,2026-08-17,2026-08-17T08:40:31Z,4.0.0,GEN3_EXPERIENCE,DECISION_CONTEXT_V1,LPB,50900.0,⚠️ YẾU DẦN,35.9,3.0,🟠 HẠN CHẾ / GIẢM,OBV xấu + Thiếu mẫu xác nhận + RSI yếu,42.47,-12.67,-2.68,-3.96,1.2799999999999998,52636.88,53040.0,-0.76,-0.75,-3.299739650222422,-4.034690799396678,🔴,4559600.0,3392580.0,1.3439918881794977,-3.3,0.0,11.87,-9.11,False,False,False,THEO DÕI,,,,162294600.0,167644432.0,,False,,,47.95,-4.5,-9.8,-2.0,7.0,6.2,6.2,7.8,1.4,32.0,🔴 Forecast rủi ro,WEAKENING|<45|<-2|0-2|STRONG_NEG|NEGATIVE|1.2-1.5|NO_G2|NO_EARLY|NO_PULL|NO_DRYUP|40-60,<4|20-40|6-8,WEAKENING,<45,<-2,0-2,STRONG_NEG,1.2-1.5,NEGATIVE,NO_G2,NO_EARLY,NO_PULL,NO_DRYUP,40-60,<4,20-40,6-8,CTX[<4|20-40|6-8]::DNA[WEAKENING|<45|<-2|0-2|STRONG_NEG|NEGATIVE|1.2-1.5|NO_G2|NO_EARLY|NO_PULL|NO_DRYUP|40-60],CTX[<4|20-40|6-8]::DNA[WEAKENING|<45|<-2|0-2|STRONG_NEG|NEGATIVE|1.2-1.5|NO_G2|NO_EARLY|NO_PULL|NO_DRYUP|40-60],CTX[<4|20-40|6-8]::DNA[WEAKENING|<45|<-2|0-2|STRONG_NEG|NEGATIVE|1.2-1.5|NO_G2|NO_EARLY|NO_PULL|NO_DRYUP|40-60],V4,2026-08-17T08:40:32Z
d24651133b809286,d24651133b809286,PENDING_OUTCOME,2026-08-17,2026-08-17T08:40:31Z,4.0.0,GEN3_EXPERIENCE,DECISION_CONTEXT_V1,ANV,17000.0,⚠️ YẾU DẦN,35.9,3.0,🟠 HẠN CHẾ / GIẢM,OBV xấu + RSI yếu + Thiếu mẫu xác nhận,38.43,-10.75,-3.13,-2.02,-1.11,17382.09,17257.45,0.72,-0.43,-2.1981821518586075,-1.4918194750672908,🔴,288500.0,600450.0,0.4804729785993838,-2.2,5.27,5.27,-7.61,False,False,False,TÍCH LŨY,,,,43858400.0,44055283.0,,False,,,51.44,-6.5,-3.7,2.0,6.0,6.2,6.2,7.8,1.4,32.0,🔴 Forecast rủi ro,WEAKENING|<45|<-2|-2-0|STRONG_POS|NEGATIVE|<0.7|NO_G2|NO_EARLY|NO_PULL|NO_DRYUP|40-60,<4|20-40|6-8,WEAKENING,<45,<-2,-2-0,STRONG_POS,<0.7,NEGATIVE,NO_G2,NO_EARLY,NO_PULL,NO_DRYUP,40-60,<4,20-40,6-8,CTX[<4|20-40|6-8]::DNA[WEAKENING|<45|<-2|-2-0|STRONG_POS|NEGATIVE|<0.7|NO_G2|NO_EARLY|NO_PULL|NO_DRYUP|40-60],CTX[<4|20-40|6-8]::DNA[WEAKENING|<45|<-2|-2-0|STRONG_POS|NEGATIVE|<0.7|NO_G2|NO_EARLY|NO_PULL|NO_DRYUP|40-60],CTX[<4|20-40|6-8]::DNA[WEAKENING|<45|<-2|-2-0|STRONG_POS|NEGATIVE|<0.7|NO_G2|NO_EARLY|NO_PULL|NO_DRYUP|40-60],V4,2026-08-17T08:40:32Z
5f6e9957f2e645ee,5f6e9957f2e645ee,PENDING_OUTCOME,2026-08-17,2026-08-17T08:40:31Z,4.0.0,GEN3_EXPERIENCE,DECISION_CONTEXT_V1,NKG,10800.0,⚠️ YẾU DẦN,35.9,3.0,🟠 HẠN CHẾ / GIẢM,OBV xấu + RSI yếu + Thiếu mẫu xác nhận,39.6,-9.69,-3.57,-4.0,0.4300000000000001,10986.28,10890.0,0.88,-0.85,-1.6955693829030394,-0.8264462809917328,🔴,755700.0,1892490.0,0.3993151879270168,-1.7,3.85,3.85,-5.26,False,False,False,THEO DÕI,,,,275757500.0,276907954.0,,False,,,47.56,-6.0,-0.1,1.0,7.0,6.2,6.2,7.8,1.4,32.0,🔴 Forecast rủi ro,WEAKENING|<45|<-2|0-2|STRONG_POS|NEGATIVE|<0.7|NO_G2|NO_EARLY|NO_PULL|NO_DRYUP|40-60,<4|20-40|6-8,WEAKENING,<45,<-2,0-2,STRONG_POS,<0.7,NEGATIVE,NO_G2,NO_EARLY,NO_PULL,NO_DRYUP,40-60,<4,20-40,6-8,CTX[<4|20-40|6-8]::DNA[WEAKENING|<45|<-2|0-2|STRONG_POS|NEGATIVE|<0.7|NO_G2|NO_EARLY|NO_PULL|NO_DRYUP|40-60],CTX[<4|20-40|6-8]::DNA[WEAKENING|<45|<-2|0-2|STRONG_POS|NEGATIVE|<0.7|NO_G2|NO_EARLY|NO_PULL|NO_DRYUP|40-60],CTX[<4|20-40|6-8]::DNA[WEAKENING|<45|<-2|0-2|STRONG_POS|NEGATIVE|<0.7|NO_G2|NO_EARLY|NO_PULL|NO_DRYUP|40-60],V4,2026-08-17T08:40:32Z
b1b2c979e03a6acf,b1b2c979e03a6acf,PENDING_OUTCOME,2026-08-17,2026-08-17T08:40:31Z,4.0.0,GEN3_EXPERIENCE,DECISION_CONTEXT_V1,ACB,21850.0,⚠️ YẾU DẦN,35.8,3.0,🟠 HẠN CHẾ / GIẢM,OBV xấu + RSI yếu + Thiếu mẫu xác nhận,40.76,-13.68,-3.53,-3.1,-0.4299999999999997,22292.01,22392.5,-0.45,-0.19,-1.9828180590265252,-2.422686167243493,🔴,8429500.0,13527820.0,0.6231233118122506,-1.98,0.0,2.87,-7.02,False,False,False,THEO DÕI,,,,-26967900.0,-16974080.0,,False,,,47.75,-0.5,-3.8,1.0,7.0,6.2,6.2,7.8,1.4,32.0,🔴 Forecast rủi ro,WEAKENING|<45|<-2|-2-0|STRONG_NEG|NEGATIVE|<0.7|NO_G2|NO_EARLY|NO_PULL|NO_DRYUP|40-60,<4|20-40|6-8,WEAKENING,<45,<-2,-2-0,STRONG_NEG,<0.7,NEGATIVE,NO_G2,NO_EARLY,NO_PULL,NO_DRYUP,40-60,<4,20-40,6-8,CTX[<4|20-40|6-8]::DNA[WEAKENING|<45|<-2|-2-0|STRONG_NEG|NEGATIVE|<0.7|NO_G2|NO_EARLY|NO_PULL|NO_DRYUP|40-60],CTX[<4|20-40|6-8]::DNA[WEAKENING|<45|<-2|-2-0|STRONG_NEG|NEGATIVE|<0.7|NO_G2|NO_EARLY|NO_PULL|NO_DRYUP|40-60],CTX[<4|20-40|6-8]::DNA[WEAKENING|<45|<-2|-2-0|STRONG_NEG|NEGATIVE|<0.7|NO_G2|NO_EARLY|NO_PULL|NO_DRYUP|40-60],V4,2026-08-17T08:40:32Z
e55e724d04e87901,e55e724d04e87901,PENDING_OUTCOME,2026-08-17,2026-08-17T08:40:31Z,4.0.0,GEN3_EXPERIENCE,DECISION_CONTEXT_V1,PTB,32500.0,⚠️ YẾU DẦN,35.6,3.0,🟠 HẠN CHẾ / GIẢM,OBV xấu + RSI yếu + Thiếu mẫu xác nhận,37.9,-6.74,-4.13,-4.97,0.8399999999999999,33355.93,33309.95,0.14,-0.16,-2.566050474383419,-2.4315557363490448,🔴,85409.0,58270.0,1.4657456667238715,-2.57,2.04,2.04,-7.14,False,False,False,THEO DÕI,,,,-730409.0,-631651.0,,False,,,47.24,-4.5,-1.0,-1.0,7.0,6.2,6.2,7.8,1.4,32.0,🔴 Forecast rủi ro,WEAKENING|<45|<-2|0-2|POS|NEGATIVE|1.2-1.5|NO_G2|NO_EARLY|NO_PULL|NO_DRYUP|40-60,<4|20-40|6-8,WEAKENING,<45,<-2,0-2,POS,1.2-1.5,NEGATIVE,NO_G2,NO_EARLY,NO_PULL,NO_DRYUP,40-60,<4,20-40,6-8,CTX[<4|20-40|6-8]::DNA[WEAKENING|<45|<-2|0-2|POS|NEGATIVE|1.2-1.5|NO_G2|NO_EARLY|NO_PULL|NO_DRYUP|40-60],CTX[<4|20-40|6-8]::DNA[WEAKENING|<45|<-2|0-2|POS|NEGATIVE|1.2-1.5|NO_G2|NO_EARLY|NO_PULL|NO_DRYUP|40-60],CTX[<4|20-40|6-8]::DNA[WEAKENING|<45|<-2|0-2|POS|NEGATIVE|1.2-1.5|NO_G2|NO_EARLY|NO_PULL|NO_DRYUP|40-60],V4,2026-08-17T08:40:32Z
c483abbb6cecaff9,c483abbb6cecaff9,PENDING_OUTCOME,2026-08-17,2026-08-17T08:40:31Z,4.0.0,GEN3_EXPERIENCE,DECISION_CONTEXT_V1,VHM,68200.0,⚠️ YẾU DẦN,35.6,3.0,🟠 HẠN CHẾ / GIẢM,OBV xấu + Thiếu mẫu xác nhận + RSI yếu,42.19,-11.87,-4.75,-7.84,3.09,71174.6,70742.5,0.61,-2.6,-4.179299918791257,-3.594020567551326,🔴,8007246.0,7113427.0,1.1256523754302954,-4.18,7.49,7.49,-16.52,False,False,False,TÍCH LŨY,,,,356178200.0,361142204.0,,False,,,52.03,-5.0,-3.7,2.0,6.0,6.2,6.2,7.8,1.4,32.0,🔴 Forecast rủi ro,WEAKENING|<45|<-2|2-5|STRONG_POS|NEGATIVE|1.0-1.2|NO_G2|NO_EARLY|NO_PULL|NO_DRYUP|40-60,<4|20-40|6-8,WEAKENING,<45,<-2,2-5,STRONG_POS,1.0-1.2,NEGATIVE,NO_G2,NO_EARLY,NO_PULL,NO_DRYUP,40-60,<4,20-40,6-8,CTX[<4|20-40|6-8]::DNA[WEAKENING|<45|<-2|2-5|STRONG_POS|NEGATIVE|1.0-1.2|NO_G2|NO_EARLY|NO_PULL|NO_DRYUP|40-60],CTX[<4|20-40|6-8]::DNA[WEAKENING|<45|<-2|2-5|STRONG_POS|NEGATIVE|1.0-1.2|NO_G2|NO_EARLY|NO_PULL|NO_DRYUP|40-60],CTX[<4|20-40|6-8]::DNA[WEAKENING|<45|<-2|2-5|STRONG_POS|NEGATIVE|1.0-1.2|NO_G2|NO_EARLY|NO_PULL|NO_DRYUP|40-60],V4,2026-08-17T08:40:32Z
07dcdaa075ce6af8,07dcdaa075ce6af8,PENDING_OUTCOME,2026-08-17,2026-08-17T08:40:31Z,4.0.0,GEN3_EXPERIENCE,DECISION_CONTEXT_V1,REE,45550.0,⚠️ YẾU DẦN,35.5,3.0,🟠 HẠN CHẾ / GIẢM,OBV xấu + RSI yếu + Thiếu mẫu xác nhận,39.81,-11.01,-4.31,-5.89,1.58,46518.59,46120.0,0.86,-1.25,-2.0821568323545425,-1.235906331309622,🔴,241922.0,499761.0,0.4840753880354809,-2.08,3.88,3.88,-6.47,False,False,False,TÍCH LŨY,,,,-11731122.0,-11108399.0,,False,,,51.66,-6.5,-0.9,2.0,6.0,6.2,6.2,7.8,1.4,32.0,🔴 Forecast rủi ro,WEAKENING|<45|<-2|0-2|STRONG_POS|NEGATIVE|<0.7|NO_G2|NO_EARLY|NO_PULL|NO_DRYUP|40-60,<4|20-40|6-8,WEAKENING,<45,<-2,0-2,STRONG_POS,<0.7,NEGATIVE,NO_G2,NO_EARLY,NO_PULL,NO_DRYUP,40-60,<4,20-40,6-8,CTX[<4|20-40|6-8]::DNA[WEAKENING|<45|<-2|0-2|STRONG_POS|NEGATIVE|<0.7|NO_G2|NO_EARLY|NO_PULL|NO_DRYUP|40-60],CTX[<4|20-40|6-8]::DNA[WEAKENING|<45|<-2|0-2|STRONG_POS|NEGATIVE|<0.7|NO_G2|NO_EARLY|NO_PULL|NO_DRYUP|40-60],CTX[<4|20-40|6-8]::DNA[WEAKENING|<45|<-2|0-2|STRONG_POS|NEGATIVE|<0.7|NO_G2|NO_EARLY|NO_PULL|NO_DRYUP|40-60],V4,2026-08-17T08:40:32Z
415ca58a43c794bf,415ca58a43c794bf,PENDING_OUTCOME,2026-08-17,2026-08-17T08:40:31Z,4.0.0,GEN3_EXPERIENCE,DECISION_CONTEXT_V1,VDS,11750.0,⚠️ YẾU DẦN,35.4,3.0,🟠 HẠN CHẾ / GIẢM,OBV xấu + RSI yếu + Thiếu mẫu xác nhận,38.73,-4.04,-3.29,-3.29,0.0,11924.79,11955.0,-0.25,0.35,-1.465770047103565,-1.7147636971978295,🔴,401400.0,940200.0,0.4269304403318443,-1.47,4.91,4.91,-11.65,False,False,False,THEO DÕI,,,,46699000.0,47342993.0,,False,,,47.37,-7.5,-6.3,0.0,7.0,6.2,6.2,7.8,1.4,32.0,🔴 Forecast rủi ro,WEAKENING|<45|<-2|0-2|STRONG_NEG|NEGATIVE|<0.7|NO_G2|NO_EARLY|NO_PULL|NO_DRYUP|40-60,<4|20-40|6-8,WEAKENING,<45,<-2,0-2,STRONG_NEG,<0.7,NEGATIVE,NO_G2,NO_EARLY,NO_PULL,NO_DRYUP,40-60,<4,20-40,6-8,CTX[<4|20-40|6-8]::DNA[WEAKENING|<45|<-2|0-2|STRONG_NEG|NEGATIVE|<0.7|NO_G2|NO_EARLY|NO_PULL|NO_DRYUP|40-60],CTX[<4|20-40|6-8]::DNA[WEAKENING|<45|<-2|0-2|STRONG_NEG|NEGATIVE|<0.7|NO_G2|NO_EARLY|NO_PULL|NO_DRYUP|40-60],CTX[<4|20-40|6-8]::DNA[WEAKENING|<45|<-2|0-2|STRONG_NEG|NEGATIVE|<0.7|NO_G2|NO_EARLY|NO_PULL|NO_DRYUP|40-60],V4,2026-08-17T08:40:32Z
6e97602c4e641a31,6e97602c4e641a31,PENDING_OUTCOME,2026-08-17,2026-08-17T08:40:31Z,4.0.0,GEN3_EXPERIENCE,DECISION_CONTEXT_V1,CMG,24050.0,⚠️ YẾU DẦN,34.7,3.0,🟠 HẠN CHẾ / GIẢM,OBV xấu + RSI yếu + Thiếu mẫu xác nhận,37.48,-5.58,-3.02,-6.05,3.03,24467.58,24505.0,-0.15,-0.47,-1.7066665358813626,-1.8567639257294437,🔴,77719.0,188361.0,0.4126066436258036,-1.71,1.91,1.91,-6.78,False,False,False,THEO DÕI,,,,-7801181.0,-7695926.0,,False,,,47.23,-6.5,-6.3,1.0,7.0,6.2,6.2,7.8,1.4,32.0,🔴 Forecast rủi ro,WEAKENING|<45|<-2|2-5|NEG|NEGATIVE|<0.7|NO_G2|NO_EARLY|NO_PULL|NO_DRYUP|40-60,<4|20-40|6-8,WEAKENING,<45,<-2,2-5,NEG,<0.7,NEGATIVE,NO_G2,NO_EARLY,NO_PULL,NO_DRYUP,40-60,<4,20-40,6-8,CTX[<4|20-40|6-8]::DNA[WEAKENING|<45|<-2|2-5|NEG|NEGATIVE|<0.7|NO_G2|NO_EARLY|NO_PULL|NO_DRYUP|40-60],CTX[<4|20-40|6-8]::DNA[WEAKENING|<45|<-2|2-5|NEG|NEGATIVE|<0.7|NO_G2|NO_EARLY|NO_PULL|NO_DRYUP|40-60],CTX[<4|20-40|6-8]::DNA[WEAKENING|<45|<-2|2-5|NEG|NEGATIVE|<0.7|NO_G2|NO_EARLY|NO_PULL|NO_DRYUP|40-60],V4,2026-08-17T08:40:32Z
dff670c92e6decd1,dff670c92e6decd1,PENDING_OUTCOME,2026-08-17,2026-08-17T08:40:31Z,4.0.0,GEN3_EXPERIENCE,DECISION_CONTEXT_V1,VCK,29550.0,⚠️ YẾU DẦN,34.7,3.0,🟠 HẠN CHẾ / GIẢM,OBV xấu + RSI yếu + Thiếu mẫu xác nhận,39.11,-8.38,-4.06,-5.74,1.6800000000000006,30137.21,30160.0,-0.08,-1.13,-1.9484550826038616,-2.022546419098148,🔴,1422500.0,2440850.0,0.5827887825962267,-1.95,4.23,4.23,-7.08,False,False,False,THEO DÕI,,,,72020000.0,72704661.0,,False,,,47.49,-6.5,-8.3,1.0,7.0,6.2,6.2,7.8,1.4,32.0,🔴 Forecast rủi ro,WEAKENING|<45|<-2|0-2|NEG|NEGATIVE|<0.7|NO_G2|NO_EARLY|NO_PULL|NO_DRYUP|40-60,<4|20-40|6-8,WEAKENING,<45,<-2,0-2,NEG,<0.7,NEGATIVE,NO_G2,NO_EARLY,NO_PULL,NO_DRYUP,40-60,<4,20-40,6-8,CTX[<4|20-40|6-8]::DNA[WEAKENING|<45|<-2|0-2|NEG|NEGATIVE|<0.7|NO_G2|NO_EARLY|NO_PULL|NO_DRYUP|40-60],CTX[<4|20-40|6-8]::DNA[WEAKENING|<45|<-2|0-2|NEG|NEGATIVE|<0.7|NO_G2|NO_EARLY|NO_PULL|NO_DRYUP|40-60],CTX[<4|20-40|6-8]::DNA[WEAKENING|<45|<-2|0-2|NEG|NEGATIVE|<0.7|NO_G2|NO_EARLY|NO_PULL|NO_DRYUP|40-60],V4,2026-08-17T08:40:32Z
12a01163b95e1ddf,12a01163b95e1ddf,PENDING_OUTCOME,2026-08-17,2026-08-17T08:40:31Z,4.0.0,GEN3_EXPERIENCE,DECISION_CONTEXT_V1,VPX,24850.0,⚠️ YẾU DẦN,34.3,3.0,🟠 HẠN CHẾ / GIẢM,OBV xấu + RSI yếu + Thiếu mẫu xác nhận,40.78,-5.86,-3.68,-5.33,1.65,25293.6,25490.0,-0.77,-0.17,-1.7538033336496173,-2.510788544527265,🔴,544900.0,1130415.0,0.4820353586957002,-1.75,2.9,2.9,-10.45,False,False,False,THEO DÕI,,,,5736300.0,7305589.0,,False,,,47.69,1.5,1.5,0.0,7.0,6.2,6.2,7.8,1.4,32.0,🔴 Forecast rủi ro,WEAKENING|<45|<-2|0-2|STRONG_NEG|NEGATIVE|<0.7|NO_G2|NO_EARLY|NO_PULL|NO_DRYUP|40-60,<4|20-40|6-8,WEAKENING,<45,<-2,0-2,STRONG_NEG,<0.7,NEGATIVE,NO_G2,NO_EARLY,NO_PULL,NO_DRYUP,40-60,<4,20-40,6-8,CTX[<4|20-40|6-8]::DNA[WEAKENING|<45|<-2|0-2|STRONG_NEG|NEGATIVE|<0.7|NO_G2|NO_EARLY|NO_PULL|NO_DRYUP|40-60],CTX[<4|20-40|6-8]::DNA[WEAKENING|<45|<-2|0-2|STRONG_NEG|NEGATIVE|<0.7|NO_G2|NO_EARLY|NO_PULL|NO_DRYUP|40-60],CTX[<4|20-40|6-8]::DNA[WEAKENING|<45|<-2|0-2|STRONG_NEG|NEGATIVE|<0.7|NO_G2|NO_EARLY|NO_PULL|NO_DRYUP|40-60],V4,2026-08-17T08:40:32Z
af5e81fee38a3553,af5e81fee38a3553,PENDING_OUTCOME,2026-08-17,2026-08-17T08:40:31Z,4.0.0,GEN3_EXPERIENCE,DECISION_CONTEXT_V1,DDV,18200.0,⚠️ YẾU DẦN,34.3,3.0,🟠 HẠN CHẾ / GIẢM,OBV xấu + RSI yếu + Thiếu mẫu xác nhận,33.23,-4.19,-4.21,-1.62,-2.59,18528.51,18620.0,-0.49,0.75,-1.7729973969844215,-2.2556390977443663,🔴,208100.0,302260.0,0.6884801164560312,-1.77,1.68,1.68,-14.15,False,False,False,THEO DÕI,,,,56704300.0,56771717.0,,False,,,46.51,-4.5,-6.3,0.0,7.0,6.2,6.2,7.8,1.4,32.0,🔴 Forecast rủi ro,WEAKENING|<45|-2-0|<-2|STRONG_NEG|NEGATIVE|<0.7|NO_G2|NO_EARLY|NO_PULL|NO_DRYUP|40-60,<4|20-40|6-8,WEAKENING,<45,-2-0,<-2,STRONG_NEG,<0.7,NEGATIVE,NO_G2,NO_EARLY,NO_PULL,NO_DRYUP,40-60,<4,20-40,6-8,CTX[<4|20-40|6-8]::DNA[WEAKENING|<45|-2-0|<-2|STRONG_NEG|NEGATIVE|<0.7|NO_G2|NO_EARLY|NO_PULL|NO_DRYUP|40-60],CTX[<4|20-40|6-8]::DNA[WEAKENING|<45|-2-0|<-2|STRONG_NEG|NEGATIVE|<0.7|NO_G2|NO_EARLY|NO_PULL|NO_DRYUP|40-60],CTX[<4|20-40|6-8]::DNA[WEAKENING|<45|-2-0|<-2|STRONG_NEG|NEGATIVE|<0.7|NO_G2|NO_EARLY|NO_PULL|NO_DRYUP|40-60],V4,2026-08-17T08:40:32Z
e62dc766c87870c2,e62dc766c87870c2,PENDING_OUTCOME,2026-08-17,2026-08-17T08:40:31Z,4.0.0,GEN3_EXPERIENCE,DECISION_CONTEXT_V1,KBC,27050.0,⚠️ YẾU DẦN,34.1,3.0,🟠 HẠN CHẾ / GIẢM,OBV xấu + RSI yếu + Thiếu mẫu xác nhận,35.89,-9.66,-4.08,-4.25,0.1699999999999999,27615.63,27760.0,-0.52,-1.26,-2.048224139735366,-2.5576368876080724,🔴,1061400.0,1358545.0,0.7812770279968643,-2.05,0.93,0.93,-6.56,False,False,False,THEO DÕI,,,,229705000.0,230839016.0,,False,,,46.93,-6.0,-0.1,0.0,7.0,6.2,6.2,7.8,1.4,32.0,🔴 Forecast rủi ro,WEAKENING|<45|<-2|0-2|STRONG_NEG|NEGATIVE|0.7-1.0|NO_G2|NO_EARLY|NO_PULL|NO_DRYUP|40-60,<4|20-40|6-8,WEAKENING,<45,<-2,0-2,STRONG_NEG,0.7-1.0,NEGATIVE,NO_G2,NO_EARLY,NO_PULL,NO_DRYUP,40-60,<4,20-40,6-8,CTX[<4|20-40|6-8]::DNA[WEAKENING|<45|<-2|0-2|STRONG_NEG|NEGATIVE|0.7-1.0|NO_G2|NO_EARLY|NO_PULL|NO_DRYUP|40-60],CTX[<4|20-40|6-8]::DNA[WEAKENING|<45|<-2|0-2|STRONG_NEG|NEGATIVE|0.7-1.0|NO_G2|NO_EARLY|NO_PULL|NO_DRYUP|40-60],CTX[<4|20-40|6-8]::DNA[WEAKENING|<45|<-2|0-2|STRONG_NEG|NEGATIVE|0.7-1.0|NO_G2|NO_EARLY|NO_PULL|NO_DRYUP|40-60],V4,2026-08-17T08:40:32Z
2f173d25f953955f,2f173d25f953955f,PENDING_OUTCOME,2026-08-17,2026-08-17T08:40:31Z,4.0.0,GEN3_EXPERIENCE,DECISION_CONTEXT_V1,NTL,13450.0,⚠️ YẾU DẦN,33.9,3.0,🟠 HẠN CHẾ / GIẢM,OBV xấu + RSI yếu + Xu hướng giảm,25.58,-0.68,-1.82,-3.93,2.1100000000000003,13592.98,13862.5,-1.94,0.38,-1.051866478137975,-2.975653742110007,🔴,175400.0,283565.0,0.6185530654347328,-1.05,0.37,0.37,-9.12,False,False,False,THEO DÕI,,,,70089800.0,70443305.0,,False,,,45.32,-1.5,-2.0,0.0,7.0,6.2,6.2,7.8,1.4,32.0,🔴 Forecast rủi ro,WEAKENING|<45|<-2|2-5|STRONG_NEG|NEGATIVE|<0.7|NO_G2|NO_EARLY|NO_PULL|NO_DRYUP|40-60,<4|20-40|6-8,WEAKENING,<45,<-2,2-5,STRONG_NEG,<0.7,NEGATIVE,NO_G2,NO_EARLY,NO_PULL,NO_DRYUP,40-60,<4,20-40,6-8,CTX[<4|20-40|6-8]::DNA[WEAKENING|<45|<-2|2-5|STRONG_NEG|NEGATIVE|<0.7|NO_G2|NO_EARLY|NO_PULL|NO_DRYUP|40-60],CTX[<4|20-40|6-8]::DNA[WEAKENING|<45|<-2|2-5|STRONG_NEG|NEGATIVE|<0.7|NO_G2|NO_EARLY|NO_PULL|NO_DRYUP|40-60],CTX[<4|20-40|6-8]::DNA[WEAKENING|<45|<-2|2-5|STRONG_NEG|NEGATIVE|<0.7|NO_G2|NO_EARLY|NO_PULL|NO_DRYUP|40-60],V4,2026-08-17T08:40:32Z
7880e5b4fab02e43,7880e5b4fab02e43,PENDING_OUTCOME,2026-08-17,2026-08-17T08:40:31Z,4.0.0,GEN3_EXPERIENCE,DECISION_CONTEXT_V1,VND,16149.0,⚠️ YẾU DẦN,33.9,3.0,🟠 HẠN CHẾ / GIẢM,OBV xấu + RSI yếu + RS yếu,40.59,-6.78,-5.28,-4.16,-1.12,16564.78,16649.95,-0.51,-0.46,-2.5100242804311224,-3.008717743897138,🔴,7672633.0,11368202.0,0.6749205371262755,-2.51,5.21,5.21,-9.28,False,False,False,THEO DÕI,,,,523355979.0,550155643.0,,False,,,47.72,-0.5,-1.1,1.0,7.0,6.2,6.2,7.8,1.4,32.0,🔴 Forecast rủi ro,WEAKENING|<45|<-2|-2-0|STRONG_NEG|NEGATIVE|<0.7|NO_G2|NO_EARLY|NO_PULL|NO_DRYUP|40-60,<4|20-40|6-8,WEAKENING,<45,<-2,-2-0,STRONG_NEG,<0.7,NEGATIVE,NO_G2,NO_EARLY,NO_PULL,NO_DRYUP,40-60,<4,20-40,6-8,CTX[<4|20-40|6-8]::DNA[WEAKENING|<45|<-2|-2-0|STRONG_NEG|NEGATIVE|<0.7|NO_G2|NO_EARLY|NO_PULL|NO_DRYUP|40-60],CTX[<4|20-40|6-8]::DNA[WEAKENING|<45|<-2|-2-0|STRONG_NEG|NEGATIVE|<0.7|NO_G2|NO_EARLY|NO_PULL|NO_DRYUP|40-60],CTX[<4|20-40|6-8]::DNA[WEAKENING|<45|<-2|-2-0|STRONG_NEG|NEGATIVE|<0.7|NO_G2|NO_EARLY|NO_PULL|NO_DRYUP|40-60],V4,2026-08-17T08:40:32Z
85dd8c7d99f57bab,85dd8c7d99f57bab,PENDING_OUTCOME,2026-08-17,2026-08-17T08:40:31Z,4.0.0,GEN3_EXPERIENCE,DECISION_CONTEXT_V1,VPL,75000.0,⚠️ YẾU DẦN,33.8,3.0,🟠 HẠN CHẾ / GIẢM,OBV xấu + RSI yếu + Thiếu mẫu xác nhận,33.71,-8.43,-4.46,-7.41,2.95,77209.67,77495.0,-0.37,-1.44,-2.8619083594062733,-3.219562552422739,🔴,515500.0,589930.0,0.8738324886003425,-2.86,2.04,2.04,-7.64,False,False,False,THEO DÕI,,,,13484400.0,14163636.0,,False,,,46.65,-0.5,-1.1,1.0,7.0,6.2,6.2,7.8,1.4,32.0,🔴 Forecast rủi ro,WEAKENING|<45|<-2|2-5|STRONG_NEG|NEGATIVE|0.7-1.0|NO_G2|NO_EARLY|NO_PULL|NO_DRYUP|40-60,<4|20-40|6-8,WEAKENING,<45,<-2,2-5,STRONG_NEG,0.7-1.0,NEGATIVE,NO_G2,NO_EARLY,NO_PULL,NO_DRYUP,40-60,<4,20-40,6-8,CTX[<4|20-40|6-8]::DNA[WEAKENING|<45|<-2|2-5|STRONG_NEG|NEGATIVE|0.7-1.0|NO_G2|NO_EARLY|NO_PULL|NO_DRYUP|40-60],CTX[<4|20-40|6-8]::DNA[WEAKENING|<45|<-2|2-5|STRONG_NEG|NEGATIVE|0.7-1.0|NO_G2|NO_EARLY|NO_PULL|NO_DRYUP|40-60],CTX[<4|20-40|6-8]::DNA[WEAKENING|<45|<-2|2-5|STRONG_NEG|NEGATIVE|0.7-1.0|NO_G2|NO_EARLY|NO_PULL|NO_DRYUP|40-60],V4,2026-08-17T08:40:32Z
5619c230edb938f9,5619c230edb938f9,PENDING_OUTCOME,2026-08-17,2026-08-17T08:40:31Z,4.0.0,GEN3_EXPERIENCE,DECISION_CONTEXT_V1,DBC,16100.0,⚠️ YẾU DẦN,33.7,3.0,🟠 HẠN CHẾ / GIẢM,OBV xấu + RSI yếu + Thiếu mẫu xác nhận,35.59,-9.76,-4.17,-2.72,-1.4499999999999995,16452.22,16367.45,0.52,-0.29,-2.14086609588251,-1.634035845534887,🔴,645000.0,1574200.0,0.4097319273281667,-2.14,2.55,2.55,-6.4,False,False,False,TÍCH LŨY,,,,6103000.0,7119189.0,,False,,,51.0,-3.5,-3.7,2.0,6.0,6.2,6.2,7.8,1.4,32.0,🔴 Forecast rủi ro,WEAKENING|<45|<-2|-2-0|STRONG_POS|NEGATIVE|<0.7|NO_G2|NO_EARLY|NO_PULL|NO_DRYUP|40-60,<4|20-40|6-8,WEAKENING,<45,<-2,-2-0,STRONG_POS,<0.7,NEGATIVE,NO_G2,NO_EARLY,NO_PULL,NO_DRYUP,40-60,<4,20-40,6-8,CTX[<4|20-40|6-8]::DNA[WEAKENING|<45|<-2|-2-0|STRONG_POS|NEGATIVE|<0.7|NO_G2|NO_EARLY|NO_PULL|NO_DRYUP|40-60],CTX[<4|20-40|6-8]::DNA[WEAKENING|<45|<-2|-2-0|STRONG_POS|NEGATIVE|<0.7|NO_G2|NO_EARLY|NO_PULL|NO_DRYUP|40-60],CTX[<4|20-40|6-8]::DNA[WEAKENING|<45|<-2|-2-0|STRONG_POS|NEGATIVE|<0.7|NO_G2|NO_EARLY|NO_PULL|NO_DRYUP|40-60],V4,2026-08-17T08:40:32Z
3fefe8d0f60b21e6,3fefe8d0f60b21e6,PENDING_OUTCOME,2026-08-17,2026-08-17T08:40:31Z,4.0.0,GEN3_EXPERIENCE,DECISION_CONTEXT_V1,HDG,16250.0,⚠️ YẾU DẦN,33.7,3.0,🟠 HẠN CHẾ / GIẢM,OBV xấu + Vol chưa xác nhận + RS yếu,36.71,-2.44,-4.69,-0.91,-3.78,16456.84,16399.95,0.35,0.05,-1.256863407555764,-0.9143320558904212,🔴,300700.0,1321910.0,0.2274738824882178,-1.26,4.84,4.84,-8.71,False,False,False,THEO DÕI,,,,16101500.0,17766045.0,,False,,,47.11,-4.5,-0.1,1.0,7.0,6.2,6.2,7.8,1.4,32.0,🔴 Forecast rủi ro,WEAKENING|<45|-2-0|<-2|STRONG_POS|NEGATIVE|<0.7|NO_G2|NO_EARLY|NO_PULL|NO_DRYUP|40-60,<4|20-40|6-8,WEAKENING,<45,-2-0,<-2,STRONG_POS,<0.7,NEGATIVE,NO_G2,NO_EARLY,NO_PULL,NO_DRYUP,40-60,<4,20-40,6-8,CTX[<4|20-40|6-8]::DNA[WEAKENING|<45|-2-0|<-2|STRONG_POS|NEGATIVE|<0.7|NO_G2|NO_EARLY|NO_PULL|NO_DRYUP|40-60],CTX[<4|20-40|6-8]::DNA[WEAKENING|<45|-2-0|<-2|STRONG_POS|NEGATIVE|<0.7|NO_G2|NO_EARLY|NO_PULL|NO_DRYUP|40-60],CTX[<4|20-40|6-8]::DNA[WEAKENING|<45|-2-0|<-2|STRONG_POS|NEGATIVE|<0.7|NO_G2|NO_EARLY|NO_PULL|NO_DRYUP|40-60],V4,2026-08-17T08:40:32Z
6db11b80d030a4c4,6db11b80d030a4c4,PENDING_OUTCOME,2026-08-17,2026-08-17T08:40:31Z,4.0.0,GEN3_EXPERIENCE,DECISION_CONTEXT_V1,LAS,11800.0,⚠️ YẾU DẦN,33.6,3.0,🟠 HẠN CHẾ / GIẢM,OBV xấu + RSI yếu + RS yếu,36.38,-8.04,-4.84,0.85,-5.69,12046.85,11915.0,1.11,0.18,-2.049083370341631,-0.9651699538396952,🔴,70700.0,192690.0,0.3669105817634542,-2.05,2.61,2.61,-11.94,False,False,False,THEO DÕI,,,,-19349800.0,-19273346.0,,False,,,47.14,-4.5,-2.8,1.0,7.0,6.2,6.2,7.8,1.4,32.0,🔴 Forecast rủi ro,WEAKENING|<45|0-2|<-2|STRONG_POS|NEGATIVE|<0.7|NO_G2|NO_EARLY|NO_PULL|NO_DRYUP|40-60,<4|20-40|6-8,WEAKENING,<45,0-2,<-2,STRONG_POS,<0.7,NEGATIVE,NO_G2,NO_EARLY,NO_PULL,NO_DRYUP,40-60,<4,20-40,6-8,CTX[<4|20-40|6-8]::DNA[WEAKENING|<45|0-2|<-2|STRONG_POS|NEGATIVE|<0.7|NO_G2|NO_EARLY|NO_PULL|NO_DRYUP|40-60],CTX[<4|20-40|6-8]::DNA[WEAKENING|<45|0-2|<-2|STRONG_POS|NEGATIVE|<0.7|NO_G2|NO_EARLY|NO_PULL|NO_DRYUP|40-60],CTX[<4|20-40|6-8]::DNA[WEAKENING|<45|0-2|<-2|STRONG_POS|NEGATIVE|<0.7|NO_G2|NO_EARLY|NO_PULL|NO_DRYUP|40-60],V4,2026-08-17T08:40:32Z
c05cb90f1e96f43b,c05cb90f1e96f43b,PENDING_OUTCOME,2026-08-17,2026-08-17T08:40:31Z,4.0.0,GEN3_EXPERIENCE,DECISION_CONTEXT_V1,CSV,21150.0,⚠️ YẾU DẦN,33.6,3.0,🟠 HẠN CHẾ / GIẢM,OBV xấu + RSI yếu + RS yếu,40.38,-8.67,-5.37,-2.53,-2.8400000000000003,21731.29,21585.0,0.68,0.27,-2.6748987289755943,-2.0152883947185507,🔴,137100.0,361575.0,0.3791744451358639,-2.67,5.75,5.75,-13.85,False,False,False,TÍCH LŨY,,,,-3959200.0,-3567423.0,,False,,,51.75,-3.5,-0.9,2.0,6.0,6.2,6.2,7.8,1.4,32.0,🔴 Forecast rủi ro,WEAKENING|<45|<-2|<-2|STRONG_POS|NEGATIVE|<0.7|NO_G2|NO_EARLY|NO_PULL|NO_DRYUP|40-60,<4|20-40|6-8,WEAKENING,<45,<-2,<-2,STRONG_POS,<0.7,NEGATIVE,NO_G2,NO_EARLY,NO_PULL,NO_DRYUP,40-60,<4,20-40,6-8,CTX[<4|20-40|6-8]::DNA[WEAKENING|<45|<-2|<-2|STRONG_POS|NEGATIVE|<0.7|NO_G2|NO_EARLY|NO_PULL|NO_DRYUP|40-60],CTX[<4|20-40|6-8]::DNA[WEAKENING|<45|<-2|<-2|STRONG_POS|NEGATIVE|<0.7|NO_G2|NO_EARLY|NO_PULL|NO_DRYUP|40-60],CTX[<4|20-40|6-8]::DNA[WEAKENING|<45|<-2|<-2|STRONG_POS|NEGATIVE|<0.7|NO_G2|NO_EARLY|NO_PULL|NO_DRYUP|40-60],V4,2026-08-17T08:40:32Z
e491b9e164f00fd2,e491b9e164f00fd2,PENDING_OUTCOME,2026-08-17,2026-08-17T08:40:31Z,4.0.0,GEN3_EXPERIENCE,DECISION_CONTEXT_V1,NAB,11650.0,⚠️ YẾU DẦN,33.5,3.0,🟠 HẠN CHẾ / GIẢM,OBV xấu + RSI yếu + Xu hướng giảm,34.11,-4.93,-3.32,-4.51,1.19,11857.07,12072.5,-1.78,0.12,-1.7463842247705363,-3.4996893766825465,🔴,1328600.0,1718190.0,0.7732555770898445,-1.75,0.0,0.0,-9.69,False,False,False,THEO DÕI,,,,51510900.0,55460840.0,,False,,,46.65,0.0,-2.0,0.0,7.0,6.2,6.2,7.8,1.4,32.0,🔴 Forecast rủi ro,WEAKENING|<45|<-2|0-2|STRONG_NEG|NEGATIVE|0.7-1.0|NO_G2|NO_EARLY|NO_PULL|NO_DRYUP|40-60,<4|20-40|6-8,WEAKENING,<45,<-2,0-2,STRONG_NEG,0.7-1.0,NEGATIVE,NO_G2,NO_EARLY,NO_PULL,NO_DRYUP,40-60,<4,20-40,6-8,CTX[<4|20-40|6-8]::DNA[WEAKENING|<45|<-2|0-2|STRONG_NEG|NEGATIVE|0.7-1.0|NO_G2|NO_EARLY|NO_PULL|NO_DRYUP|40-60],CTX[<4|20-40|6-8]::DNA[WEAKENING|<45|<-2|0-2|STRONG_NEG|NEGATIVE|0.7-1.0|NO_G2|NO_EARLY|NO_PULL|NO_DRYUP|40-60],CTX[<4|20-40|6-8]::DNA[WEAKENING|<45|<-2|0-2|STRONG_NEG|NEGATIVE|0.7-1.0|NO_G2|NO_EARLY|NO_PULL|NO_DRYUP|40-60],V4,2026-08-17T08:40:32Z
0b383ab97c21b0bf,0b383ab97c21b0bf,PENDING_OUTCOME,2026-08-17,2026-08-17T08:40:31Z,4.0.0,GEN3_EXPERIENCE,DECISION_CONTEXT_V1,VIB,14300.0,⚠️ YẾU DẦN,30.2,3.0,🟠 HẠN CHẾ / GIẢM,OBV xấu + Vol chưa xác nhận + RSI yếu,36.0,-8.88,-3.7,-3.7,0.0,14576.68,14600.0,-0.16,-0.29,-1.8981002532812647,-2.0547945205479423,🔴,14849449.0,6605092.0,2.248182008668464,-1.9,1.06,1.06,-7.14,False,False,False,THEO DÕI,,,,186958855.0,204982780.0,,False,,,46.94,-3.5,3.4,-2.0,7.0,6.2,6.2,7.8,1.4,32.0,🔴 Forecast rủi ro,WEAKENING|<45|<-2|0-2|NEG|NEGATIVE|>=1.5|NO_G2|NO_EARLY|NO_PULL|NO_DRYUP|40-60,<4|20-40|6-8,WEAKENING,<45,<-2,0-2,NEG,>=1.5,NEGATIVE,NO_G2,NO_EARLY,NO_PULL,NO_DRYUP,40-60,<4,20-40,6-8,CTX[<4|20-40|6-8]::DNA[WEAKENING|<45|<-2|0-2|NEG|NEGATIVE|>=1.5|NO_G2|NO_EARLY|NO_PULL|NO_DRYUP|40-60],CTX[<4|20-40|6-8]::DNA[WEAKENING|<45|<-2|0-2|NEG|NEGATIVE|>=1.5|NO_G2|NO_EARLY|NO_PULL|NO_DRYUP|40-60],CTX[<4|20-40|6-8]::DNA[WEAKENING|<45|<-2|0-2|NEG|NEGATIVE|>=1.5|NO_G2|NO_EARLY|NO_PULL|NO_DRYUP|40-60],V4,2026-08-17T08:40:32Z
25b3b53b8c8738a2,25b3b53b8c8738a2,PENDING_OUTCOME,2026-08-17,2026-08-17T08:40:31Z,4.0.0,GEN3_EXPERIENCE,DECISION_CONTEXT_V1,EIB,17100.0,⚠️ YẾU DẦN,29.2,3.0,🟠 HẠN CHẾ / GIẢM,OBV xấu + RSI yếu + RS yếu,32.5,-12.2,-5.79,-6.3,0.5099999999999998,17662.63,17695.0,-0.18,-1.19,-3.18542595298662,-3.3625317886408546,🔴,2951400.0,6354655.0,0.4644469290622386,-3.19,3.64,3.64,-9.76,False,False,False,THEO DÕI,,,,154629800.0,165604111.0,,False,,,46.46,-3.5,-6.3,1.0,7.0,6.2,6.2,7.8,1.4,32.0,🔴 Forecast rủi ro,WEAKENING|<45|<-2|0-2|NEG|NEGATIVE|<0.7|NO_G2|NO_EARLY|NO_PULL|NO_DRYUP|40-60,<4|20-40|6-8,WEAKENING,<45,<-2,0-2,NEG,<0.7,NEGATIVE,NO_G2,NO_EARLY,NO_PULL,NO_DRYUP,40-60,<4,20-40,6-8,CTX[<4|20-40|6-8]::DNA[WEAKENING|<45|<-2|0-2|NEG|NEGATIVE|<0.7|NO_G2|NO_EARLY|NO_PULL|NO_DRYUP|40-60],CTX[<4|20-40|6-8]::DNA[WEAKENING|<45|<-2|0-2|NEG|NEGATIVE|<0.7|NO_G2|NO_EARLY|NO_PULL|NO_DRYUP|40-60],CTX[<4|20-40|6-8]::DNA[WEAKENING|<45|<-2|0-2|NEG|NEGATIVE|<0.7|NO_G2|NO_EARLY|NO_PULL|NO_DRYUP|40-60],V4,2026-08-17T08:40:32Z
ab9449edaf16d2e5,ab9449edaf16d2e5,PENDING_OUTCOME,2026-08-17,2026-08-17T08:40:31Z,4.0.0,GEN3_EXPERIENCE,DECISION_CONTEXT_V1,MSH,30000.0,⚠️ YẾU DẦN,27.9,3.0,🟠 HẠN CHẾ / GIẢM,OBV xấu + Vol chưa xác nhận + RSI yếu,33.96,-13.98,-4.91,-3.85,-1.06,30833.77,30840.0,-0.02,-0.75,-2.704080623290639,-2.7237354085603127,🔴,323200.0,113250.0,2.8538631346578365,-2.7,0.0,0.0,-6.25,False,False,False,TÍCH LŨY,,,,11751000.0,12163265.0,,False,,,50.75,3.5,-3.7,2.0,6.0,6.2,6.2,7.8,1.4,32.0,🔴 Forecast rủi ro,WEAKENING|<45|<-2|-2-0|NEG|NEGATIVE|>=1.5|NO_G2|NO_EARLY|NO_PULL|NO_DRYUP|40-60,<4|20-40|6-8,WEAKENING,<45,<-2,-2-0,NEG,>=1.5,NEGATIVE,NO_G2,NO_EARLY,NO_PULL,NO_DRYUP,40-60,<4,20-40,6-8,CTX[<4|20-40|6-8]::DNA[WEAKENING|<45|<-2|-2-0|NEG|NEGATIVE|>=1.5|NO_G2|NO_EARLY|NO_PULL|NO_DRYUP|40-60],CTX[<4|20-40|6-8]::DNA[WEAKENING|<45|<-2|-2-0|NEG|NEGATIVE|>=1.5|NO_G2|NO_EARLY|NO_PULL|NO_DRYUP|40-60],CTX[<4|20-40|6-8]::DNA[WEAKENING|<45|<-2|-2-0|NEG|NEGATIVE|>=1.5|NO_G2|NO_EARLY|NO_PULL|NO_DRYUP|40-60],V4,2026-08-17T08:40:32Z
a4727a24679feccd,a4727a24679feccd,PENDING_OUTCOME,2026-08-17,2026-08-17T08:40:31Z,4.0.0,GEN3_EXPERIENCE,DECISION_CONTEXT_V1,VIC,198000.0,⚠️ YẾU DẦN,27.8,3.0,🟠 HẠN CHẾ / GIẢM,OBV xấu + Xu hướng giảm + RSI yếu,36.09,-14.29,-5.04,-7.04,2.0,207898.44,212545.0,-2.19,-1.6,-4.761190127256365,-6.843256722105906,🔴,6484400.0,4783060.0,1.3557011620176205,-4.76,0.0,3.12,-11.53,False,False,False,THEO DÕI,,,,291545400.0,304311555.0,,False,,,46.96,-3.0,-4.0,-2.0,7.0,6.2,6.2,7.8,1.4,32.0,🔴 Forecast rủi ro,WEAKENING|<45|<-2|2-5|STRONG_NEG|NEGATIVE|1.2-1.5|NO_G2|NO_EARLY|NO_PULL|NO_DRYUP|40-60,<4|20-40|6-8,WEAKENING,<45,<-2,2-5,STRONG_NEG,1.2-1.5,NEGATIVE,NO_G2,NO_EARLY,NO_PULL,NO_DRYUP,40-60,<4,20-40,6-8,CTX[<4|20-40|6-8]::DNA[WEAKENING|<45|<-2|2-5|STRONG_NEG|NEGATIVE|1.2-1.5|NO_G2|NO_EARLY|NO_PULL|NO_DRYUP|40-60],CTX[<4|20-40|6-8]::DNA[WEAKENING|<45|<-2|2-5|STRONG_NEG|NEGATIVE|1.2-1.5|NO_G2|NO_EARLY|NO_PULL|NO_DRYUP|40-60],CTX[<4|20-40|6-8]::DNA[WEAKENING|<45|<-2|2-5|STRONG_NEG|NEGATIVE|1.2-1.5|NO_G2|NO_EARLY|NO_PULL|NO_DRYUP|40-60],V4,2026-08-17T08:40:32Z
2035e3166559c8df,2035e3166559c8df,PENDING_OUTCOME,2026-08-17,2026-08-17T08:40:31Z,4.0.0,GEN3_EXPERIENCE,DECISION_CONTEXT_V1,HUT,13100.0,⛔ RẤT YẾU,22.6,4.0,🔴 TRÁNH / BÁN,OBV xấu + RSI yếu + Xu hướng giảm,16.5,-5.48,-2.96,-8.39,5.430000000000001,13553.4,14195.0,-4.52,-0.35,-3.345286053683949,-7.713983797111656,🔴,969500.0,2306085.0,0.4204094818707897,-3.35,0.0,0.0,-13.82,False,False,False,THEO DÕI,,,,25023600.0,28398373.0,,False,,,45.0,0.0,-2.0,0.0,7.0,6.2,6.2,7.8,1.4,32.0,🔴 Forecast rủi ro,VERY_WEAK|<45|<-2|>=5|STRONG_NEG|NEGATIVE|<0.7|NO_G2|NO_EARLY|NO_PULL|NO_DRYUP|40-60,<4|20-40|6-8,VERY_WEAK,<45,<-2,>=5,STRONG_NEG,<0.7,NEGATIVE,NO_G2,NO_EARLY,NO_PULL,NO_DRYUP,40-60,<4,20-40,6-8,CTX[<4|20-40|6-8]::DNA[VERY_WEAK|<45|<-2|>=5|STRONG_NEG|NEGATIVE|<0.7|NO_G2|NO_EARLY|NO_PULL|NO_DRYUP|40-60],CTX[<4|20-40|6-8]::DNA[VERY_WEAK|<45|<-2|>=5|STRONG_NEG|NEGATIVE|<0.7|NO_G2|NO_EARLY|NO_PULL|NO_DRYUP|40-60],CTX[<4|20-40|6-8]::DNA[VERY_WEAK|<45|<-2|>=5|STRONG_NEG|NEGATIVE|<0.7|NO_G2|NO_EARLY|NO_PULL|NO_DRYUP|40-60],V4,2026-08-17T08:40:32Z
be8e6b5eb5e4c57e,be8e6b5eb5e4c57e,PENDING_OUTCOME,2026-08-18,2026-08-18T12:13:05Z,4.0.0,GEN3_EXPERIENCE,DECISION_CONTEXT_V1,TVN,9700.0,🌱 ĐANG HỒI,84.8,0.0,🟢 MUA / GIỮ,Xu hướng lên + OBV tốt + Vol xác nhận,52.27,3.37,7.78,6.59,1.1900000000000004,9447.46,9030.0,4.62,3.22,2.6730994362506033,7.419712070874862,🟢,739800.0,662210.0,1.1171682698841756,2.67,16.87,16.87,-8.49,False,False,False,MUA EARLY,,,,41978600.0,39730794.0,,False,,,56.8,6.5,-10.6,7.0,5.0,5.7,5.7,7.6,1.3,30.0,🔴 Forecast rủi ro,RECOVERING|50-55|5-10|0-2|STRONG_POS|POSITIVE|1.0-1.2|NO_G2|NO_EARLY|NO_PULL|NO_DRYUP|40-60,<4|20-40|4-6,RECOVERING,50-55,5-10,0-2,STRONG_POS,1.0-1.2,POSITIVE,NO_G2,NO_EARLY,NO_PULL,NO_DRYUP,40-60,<4,20-40,4-6,CTX[<4|20-40|4-6]::DNA[RECOVERING|50-55|5-10|0-2|STRONG_POS|POSITIVE|1.0-1.2|NO_G2|NO_EARLY|NO_PULL|NO_DRYUP|40-60],CTX[<4|20-40|4-6]::DNA[RECOVERING|50-55|5-10|0-2|STRONG_POS|POSITIVE|1.0-1.2|NO_G2|NO_EARLY|NO_PULL|NO_DRYUP|40-60],CTX[<4|20-40|4-6]::DNA[RECOVERING|50-55|5-10|0-2|STRONG_POS|POSITIVE|1.0-1.2|NO_G2|NO_EARLY|NO_PULL|NO_DRYUP|40-60],V4,2026-08-18T12:13:06Z
5ebaf984eda60894,5ebaf984eda60894,PENDING_OUTCOME,2026-08-18,2026-08-18T12:13:05Z,4.0.0,GEN3_EXPERIENCE,DECISION_CONTEXT_V1,TVS,14450.0,🌱 ĐANG HỒI,80.9,0.0,🟢 MUA / GIỮ,OBV tốt + Vol xác nhận + RSI cải thiện,56.74,6.19,3.96,4.71,-0.75,14103.61,13847.5,1.85,2.12,2.4560378513019065,4.350965878317381,🟢,117300.0,111045.0,1.0563285154667026,2.46,9.89,12.89,-1.7,False,False,False,CP MẠNH,,,,5243700.0,5170653.0,,False,,,61.38,6.5,-1.1,7.0,1.0,5.7,5.7,7.6,1.3,30.0,🔴 Forecast rủi ro,RECOVERING|55-60|2-5|-2-0|STRONG_POS|POSITIVE|1.0-1.2|NO_G2|NO_EARLY|NO_PULL|NO_DRYUP|60-75,<4|20-40|4-6,RECOVERING,55-60,2-5,-2-0,STRONG_POS,1.0-1.2,POSITIVE,NO_G2,NO_EARLY,NO_PULL,NO_DRYUP,60-75,<4,20-40,4-6,CTX[<4|20-40|4-6]::DNA[RECOVERING|55-60|2-5|-2-0|STRONG_POS|POSITIVE|1.0-1.2|NO_G2|NO_EARLY|NO_PULL|NO_DRYUP|60-75],CTX[<4|20-40|4-6]::DNA[RECOVERING|55-60|2-5|-2-0|STRONG_POS|POSITIVE|1.0-1.2|NO_G2|NO_EARLY|NO_PULL|NO_DRYUP|60-75],CTX[<4|20-40|4-6]::DNA[RECOVERING|55-60|2-5|-2-0|STRONG_POS|POSITIVE|1.0-1.2|NO_G2|NO_EARLY|NO_PULL|NO_DRYUP|60-75],V4,2026-08-18T12:13:06Z
db257354a1a0d743,db257354a1a0d743,PENDING_OUTCOME,2026-08-18,2026-08-18T12:13:05Z,4.0.0,GEN3_EXPERIENCE,DECISION_CONTEXT_V1,NLG,23500.0,🌱 ĐANG HỒI,79.1,0.0,🟢 MUA / GIỮ,OBV tốt + Xu hướng lên + RSI cải thiện,54.69,9.28,3.52,7.55,-4.029999999999999,22844.02,22032.5,3.68,2.81,2.87156113503666,6.660615000567338,🟢,1381900.0,2482185.0,0.5567272383001267,2.87,17.5,17.5,-2.69,False,False,False,MUA EARLY,,,,52841900.0,50696165.0,,False,,,56.94,7.5,-10.6,8.0,5.0,5.7,5.7,7.6,1.3,30.0,🔴 Forecast rủi ro,RECOVERING|50-55|5-10|<-2|STRONG_POS|POSITIVE|<0.7|NO_G2|NO_EARLY|NO_PULL|NO_DRYUP|40-60,<4|20-40|4-6,RECOVERING,50-55,5-10,<-2,STRONG_POS,<0.7,POSITIVE,NO_G2,NO_EARLY,NO_PULL,NO_DRYUP,40-60,<4,20-40,4-6,CTX[<4|20-40|4-6]::DNA[RECOVERING|50-55|5-10|<-2|STRONG_POS|POSITIVE|<0.7|NO_G2|NO_EARLY|NO_PULL|NO_DRYUP|40-60],CTX[<4|20-40|4-6]::DNA[RECOVERING|50-55|5-10|<-2|STRONG_POS|POSITIVE|<0.7|NO_G2|NO_EARLY|NO_PULL|NO_DRYUP|40-60],CTX[<4|20-40|4-6]::DNA[RECOVERING|50-55|5-10|<-2|STRONG_POS|POSITIVE|<0.7|NO_G2|NO_EARLY|NO_PULL|NO_DRYUP|40-60],V4,2026-08-18T12:13:06Z
c3d645cfa00fdf4e,c3d645cfa00fdf4e,PENDING_OUTCOME,2026-08-18,2026-08-18T12:13:05Z,4.0.0,GEN3_EXPERIENCE,DECISION_CONTEXT_V1,CII,14350.0,🌱 ĐANG HỒI,77.1,0.0,🟢 MUA / GIỮ,OBV tốt + Vol xác nhận + Vị trí giá tốt,48.29,6.06,1.06,2.87,-1.81,14170.5,13795.0,2.72,1.6,1.2667160650647435,4.023196810438567,🟢,9744200.0,8679850.0,1.1226230868044955,1.27,13.44,13.44,-3.69,False,False,False,MUA EARLY,,,,604278404.0,598834487.0,,False,,,55.17,6.5,1.8,6.0,5.0,5.7,5.7,7.6,1.3,30.0,🔴 Forecast rủi ro,RECOVERING|45-50|2-5|-2-0|STRONG_POS|POSITIVE|1.0-1.2|NO_G2|NO_EARLY|NO_PULL|NO_DRYUP|40-60,<4|20-40|4-6,RECOVERING,45-50,2-5,-2-0,STRONG_POS,1.0-1.2,POSITIVE,NO_G2,NO_EARLY,NO_PULL,NO_DRYUP,40-60,<4,20-40,4-6,CTX[<4|20-40|4-6]::DNA[RECOVERING|45-50|2-5|-2-0|STRONG_POS|POSITIVE|1.0-1.2|NO_G2|NO_EARLY|NO_PULL|NO_DRYUP|40-60],CTX[<4|20-40|4-6]::DNA[RECOVERING|45-50|2-5|-2-0|STRONG_POS|POSITIVE|1.0-1.2|NO_G2|NO_EARLY|NO_PULL|NO_DRYUP|40-60],CTX[<4|20-40|4-6]::DNA[RECOVERING|45-50|2-5|-2-0|STRONG_POS|POSITIVE|1.0-1.2|NO_G2|NO_EARLY|NO_PULL|NO_DRYUP|40-60],V4,2026-08-18T12:13:06Z
d7cedb66274512cb,d7cedb66274512cb,PENDING_OUTCOME,2026-08-18,2026-08-18T12:13:05Z,4.0.0,GEN3_EXPERIENCE,DECISION_CONTEXT_V1,NTP,51900.0,🌱 ĐANG HỒI,76.9,0.0,🟢 MUA / GIỮ,OBV tốt + Vol xác nhận + Xu hướng lên,63.0,-4.12,7.68,5.49,2.1899999999999995,50434.01,49140.0,2.63,1.4,2.9067488387300555,5.616605616605619,🟢,140800.0,161430.0,0.8722046707551261,2.91,9.03,9.03,-4.6,False,False,False,GÀ TĂNG TỐC,,,,10946000.0,10535543.0,,False,,,61.63,13.0,-2.9,10.0,0.0,5.7,5.7,7.6,1.3,30.0,🔴 Forecast rủi ro,RECOVERING|60-65|5-10|2-5|STRONG_POS|POSITIVE|0.7-1.0|NO_G2|NO_EARLY|NO_PULL|NO_DRYUP|60-75,<4|20-40|4-6,RECOVERING,60-65,5-10,2-5,STRONG_POS,0.7-1.0,POSITIVE,NO_G2,NO_EARLY,NO_PULL,NO_DRYUP,60-75,<4,20-40,4-6,CTX[<4|20-40|4-6]::DNA[RECOVERING|60-65|5-10|2-5|STRONG_POS|POSITIVE|0.7-1.0|NO_G2|NO_EARLY|NO_PULL|NO_DRYUP|60-75],CTX[<4|20-40|4-6]::DNA[RECOVERING|60-65|5-10|2-5|STRONG_POS|POSITIVE|0.7-1.0|NO_G2|NO_EARLY|NO_PULL|NO_DRYUP|60-75],CTX[<4|20-40|4-6]::DNA[RECOVERING|60-65|5-10|2-5|STRONG_POS|POSITIVE|0.7-1.0|NO_G2|NO_EARLY|NO_PULL|NO_DRYUP|60-75],V4,2026-08-18T12:13:06Z
3e5c3fa55816a932,3e5c3fa55816a932,PENDING_OUTCOME,2026-08-18,2026-08-18T12:13:05Z,4.0.0,GEN3_EXPERIENCE,DECISION_CONTEXT_V1,MSR,42400.0,🌱 ĐANG HỒI,76.8,0.0,🟢 MUA / GIỮ,OBV tốt + Xu hướng lên + RSI cải thiện,70.08,8.52,7.89,8.16,-0.27000000000000046,40207.13,37770.0,6.45,1.15,5.453933170559555,12.258406142441093,🟢,2233000.0,1329565.0,1.6794966774847413,5.45,28.88,28.88,-0.24,False,False,False,MUA EARLY,,,,19513400.0,16621434.0,,False,,,57.2,7.0,-19.3,7.0,5.0,5.7,5.7,7.6,1.3,30.0,🔴 Forecast rủi ro,RECOVERING|>=70|5-10|-2-0|STRONG_POS|POSITIVE|>=1.5|NO_G2|NO_EARLY|NO_PULL|NO_DRYUP|40-60,<4|20-40|4-6,RECOVERING,>=70,5-10,-2-0,STRONG_POS,>=1.5,POSITIVE,NO_G2,NO_EARLY,NO_PULL,NO_DRYUP,40-60,<4,20-40,4-6,CTX[<4|20-40|4-6]::DNA[RECOVERING|>=70|5-10|-2-0|STRONG_POS|POSITIVE|>=1.5|NO_G2|NO_EARLY|NO_PULL|NO_DRYUP|40-60],CTX[<4|20-40|4-6]::DNA[RECOVERING|>=70|5-10|-2-0|STRONG_POS|POSITIVE|>=1.5|NO_G2|NO_EARLY|NO_PULL|NO_DRYUP|40-60],CTX[<4|20-40|4-6]::DNA[RECOVERING|>=70|5-10|-2-0|STRONG_POS|POSITIVE|>=1.5|NO_G2|NO_EARLY|NO_PULL|NO_DRYUP|40-60],V4,2026-08-18T12:13:06Z
b811ff1c63de439d,b811ff1c63de439d,PENDING_OUTCOME,2026-08-18,2026-08-18T12:13:05Z,4.0.0,GEN3_EXPERIENCE,DECISION_CONTEXT_V1,DRI,13700.0,🌱 ĐANG HỒI,76.6,0.0,🟢 MUA / GIỮ,OBV tốt + RSI cải thiện + Vị trí giá tốt,59.56,2.96,3.01,3.01,0.0,13384.99,13090.0,2.25,-0.01,2.3534571187576514,4.660045836516424,🟢,608100.0,508505.0,1.195858447802873,2.35,9.6,9.6,-0.72,False,False,False,GÀ TĂNG TỐC,,,,39410700.0,38828352.0,,False,,,60.64,0.0,-10.2,8.0,0.0,5.7,5.7,7.6,1.3,30.0,🔴 Forecast rủi ro,RECOVERING|55-60|2-5|0-2|STRONG_POS|POSITIVE|1.0-1.2|NO_G2|NO_EARLY|NO_PULL|NO_DRYUP|60-75,<4|20-40|4-6,RECOVERING,55-60,2-5,0-2,STRONG_POS,1.0-1.2,POSITIVE,NO_G2,NO_EARLY,NO_PULL,NO_DRYUP,60-75,<4,20-40,4-6,CTX[<4|20-40|4-6]::DNA[RECOVERING|55-60|2-5|0-2|STRONG_POS|POSITIVE|1.0-1.2|NO_G2|NO_EARLY|NO_PULL|NO_DRYUP|60-75],CTX[<4|20-40|4-6]::DNA[RECOVERING|55-60|2-5|0-2|STRONG_POS|POSITIVE|1.0-1.2|NO_G2|NO_EARLY|NO_PULL|NO_DRYUP|60-75],CTX[<4|20-40|4-6]::DNA[RECOVERING|55-60|2-5|0-2|STRONG_POS|POSITIVE|1.0-1.2|NO_G2|NO_EARLY|NO_PULL|NO_DRYUP|60-75],V4,2026-08-18T12:13:06Z
348a83d29898884f,348a83d29898884f,PENDING_OUTCOME,2026-08-18,2026-08-18T12:13:05Z,4.0.0,GEN3_EXPERIENCE,DECISION_CONTEXT_V1,SBT,23700.0,🌱 ĐANG HỒI,76.3,0.0,🟢 MUA / GIỮ,Xu hướng lên + OBV tốt + RS mạnh,82.0,4.27,11.27,11.27,0.0,22495.45,21485.0,4.7,2.53,5.354638382428445,10.309518268559458,🟢,1237500.0,686385.0,1.8029240149478791,5.35,14.77,17.91,0.85,False,False,False,GÀ TĂNG TỐC,,,,110618800.0,107198627.0,,False,,,59.63,12.5,-6.2,12.0,0.0,5.7,5.7,7.6,1.3,30.0,🔴 Forecast rủi ro,RECOVERING|>=70|>=10|0-2|STRONG_POS|POSITIVE|>=1.5|NO_G2|NO_EARLY|NO_PULL|NO_DRYUP|40-60,<4|20-40|4-6,RECOVERING,>=70,>=10,0-2,STRONG_POS,>=1.5,POSITIVE,NO_G2,NO_EARLY,NO_PULL,NO_DRYUP,40-60,<4,20-40,4-6,CTX[<4|20-40|4-6]::DNA[RECOVERING|>=70|>=10|0-2|STRONG_POS|POSITIVE|>=1.5|NO_G2|NO_EARLY|NO_PULL|NO_DRYUP|40-60],CTX[<4|20-40|4-6]::DNA[RECOVERING|>=70|>=10|0-2|STRONG_POS|POSITIVE|>=1.5|NO_G2|NO_EARLY|NO_PULL|NO_DRYUP|40-60],CTX[<4|20-40|4-6]::DNA[RECOVERING|>=70|>=10|0-2|STRONG_POS|POSITIVE|>=1.5|NO_G2|NO_EARLY|NO_PULL|NO_DRYUP|40-60],V4,2026-08-18T12:13:06Z
27fadbc183e44a15,27fadbc183e44a15,PENDING_OUTCOME,2026-08-18,2026-08-18T12:13:05Z,4.0.0,GEN3_EXPERIENCE,DECISION_CONTEXT_V1,BVH,67500.0,🌱 ĐANG HỒI,76.0,0.0,🟢 MUA / GIỮ,OBV tốt + Vị trí giá tốt + RSI cải thiện,60.53,2.79,2.27,7.14,-4.869999999999999,65960.14,62665.0,5.26,-0.23,2.3345311274354463,7.715630734859968,🟢,298700.0,441350.0,0.6767871303953779,2.33,19.26,19.26,-1.75,False,False,False,MUA EARLY,,,,18074600.0,17827343.0,,False,,,57.58,-5.0,-16.1,6.0,5.0,5.7,5.7,7.6,1.3,30.0,🔴 Forecast rủi ro,RECOVERING|60-65|5-10|<-2|STRONG_POS|POSITIVE|<0.7|NO_G2|NO_EARLY|NO_PULL|NO_DRYUP|40-60,<4|20-40|4-6,RECOVERING,60-65,5-10,<-2,STRONG_POS,<0.7,POSITIVE,NO_G2,NO_EARLY,NO_PULL,NO_DRYUP,40-60,<4,20-40,4-6,CTX[<4|20-40|4-6]::DNA[RECOVERING|60-65|5-10|<-2|STRONG_POS|POSITIVE|<0.7|NO_G2|NO_EARLY|NO_PULL|NO_DRYUP|40-60],CTX[<4|20-40|4-6]::DNA[RECOVERING|60-65|5-10|<-2|STRONG_POS|POSITIVE|<0.7|NO_G2|NO_EARLY|NO_PULL|NO_DRYUP|40-60],CTX[<4|20-40|4-6]::DNA[RECOVERING|60-65|5-10|<-2|STRONG_POS|POSITIVE|<0.7|NO_G2|NO_EARLY|NO_PULL|NO_DRYUP|40-60],V4,2026-08-18T12:13:06Z
945a5307986b3431,945a5307986b3431,PENDING_OUTCOME,2026-08-18,2026-08-18T12:13:05Z,4.0.0,GEN3_EXPERIENCE,DECISION_CONTEXT_V1,PHR,60600.0,🌱 ĐANG HỒI,75.7,0.0,🟢 MUA / GIỮ,OBV tốt + RSI cải thiện + Vị trí giá tốt,53.88,5.43,3.24,1.34,1.9000000000000001,59409.41,58115.0,2.23,1.13,2.004042793894101,4.276004473887984,🟢,172000.0,338280.0,0.5084545347049781,2.0,10.18,10.18,-2.73,False,False,False,MUA EARLY,,,,17286700.0,16999079.0,,False,,,56.17,12.0,-10.1,7.0,5.0,5.7,5.7,7.6,1.3,30.0,🔴 Forecast rủi ro,RECOVERING|50-55|0-2|0-2|STRONG_POS|POSITIVE|<0.7|NO_G2|NO_EARLY|NO_PULL|NO_DRYUP|40-60,<4|20-40|4-6,RECOVERING,50-55,0-2,0-2,STRONG_POS,<0.7,POSITIVE,NO_G2,NO_EARLY,NO_PULL,NO_DRYUP,40-60,<4,20-40,4-6,CTX[<4|20-40|4-6]::DNA[RECOVERING|50-55|0-2|0-2|STRONG_POS|POSITIVE|<0.7|NO_G2|NO_EARLY|NO_PULL|NO_DRYUP|40-60],CTX[<4|20-40|4-6]::DNA[RECOVERING|50-55|0-2|0-2|STRONG_POS|POSITIVE|<0.7|NO_G2|NO_EARLY|NO_PULL|NO_DRYUP|40-60],CTX[<4|20-40|4-6]::DNA[RECOVERING|50-55|0-2|0-2|STRONG_POS|POSITIVE|<0.7|NO_G2|NO_EARLY|NO_PULL|NO_DRYUP|40-60],V4,2026-08-18T12:13:06Z
9db54fc0292431c5,9db54fc0292431c5,PENDING_OUTCOME,2026-08-18,2026-08-18T12:13:05Z,4.0.0,GEN3_EXPERIENCE,DECISION_CONTEXT_V1,DXG,11050.0,🌱 ĐANG HỒI,75.7,0.0,🟢 MUA / GIỮ,OBV tốt + Vol xác nhận + Xu hướng lên,47.35,3.45,0.0,1.38,-1.38,11105.29,10776.0,3.06,2.09,-0.49787083453022296,2.5426874536006006,🟢,11870877.0,11404899.0,1.0408577050967307,-0.5,10.83,10.83,-4.74,False,False,False,MUA EARLY,,,,573634527.0,570237461.0,,False,,,54.62,-1.0,1.8,3.0,5.0,5.7,5.7,7.6,1.3,30.0,🔴 Forecast rủi ro,RECOVERING|45-50|0-2|-2-0|STRONG_POS|POSITIVE|1.0-1.2|NO_G2|NO_EARLY|NO_PULL|NO_DRYUP|40-60,<4|20-40|4-6,RECOVERING,45-50,0-2,-2-0,STRONG_POS,1.0-1.2,POSITIVE,NO_G2,NO_EARLY,NO_PULL,NO_DRYUP,40-60,<4,20-40,4-6,CTX[<4|20-40|4-6]::DNA[RECOVERING|45-50|0-2|-2-0|STRONG_POS|POSITIVE|1.0-1.2|NO_G2|NO_EARLY|NO_PULL|NO_DRYUP|40-60],CTX[<4|20-40|4-6]::DNA[RECOVERING|45-50|0-2|-2-0|STRONG_POS|POSITIVE|1.0-1.2|NO_G2|NO_EARLY|NO_PULL|NO_DRYUP|40-60],CTX[<4|20-40|4-6]::DNA[RECOVERING|45-50|0-2|-2-0|STRONG_POS|POSITIVE|1.0-1.2|NO_G2|NO_EARLY|NO_PULL|NO_DRYUP|40-60],V4,2026-08-18T12:13:06Z
73a94c0626aa8cce,73a94c0626aa8cce,PENDING_OUTCOME,2026-08-18,2026-08-18T12:13:05Z,4.0.0,GEN3_EXPERIENCE,DECISION_CONTEXT_V1,SAB,46300.0,🌱 ĐANG HỒI,75.0,0.0,🟢 MUA / GIỮ,OBV tốt + Vị trí giá tốt + Vol xác nhận,59.9,1.62,1.42,2.66,-1.2400000000000002,45559.73,44625.5,2.09,0.04,1.624834036549383,3.7523389093679693,🟢,927348.0,797757.0,1.162444202933976,1.62,7.67,7.67,-0.54,False,False,False,GÀ TĂNG TỐC,,,,-6474252.0,-7793261.0,,False,,,60.58,4.0,0.2,9.0,0.0,5.7,5.7,7.6,1.3,30.0,🔴 Forecast rủi ro,RECOVERING|55-60|2-5|-2-0|STRONG_POS|POSITIVE|1.0-1.2|NO_G2|NO_EARLY|NO_PULL|NO_DRYUP|60-75,<4|20-40|4-6,RECOVERING,55-60,2-5,-2-0,STRONG_POS,1.0-1.2,POSITIVE,NO_G2,NO_EARLY,NO_PULL,NO_DRYUP,60-75,<4,20-40,4-6,CTX[<4|20-40|4-6]::DNA[RECOVERING|55-60|2-5|-2-0|STRONG_POS|POSITIVE|1.0-1.2|NO_G2|NO_EARLY|NO_PULL|NO_DRYUP|60-75],CTX[<4|20-40|4-6]::DNA[RECOVERING|55-60|2-5|-2-0|STRONG_POS|POSITIVE|1.0-1.2|NO_G2|NO_EARLY|NO_PULL|NO_DRYUP|60-75],CTX[<4|20-40|4-6]::DNA[RECOVERING|55-60|2-5|-2-0|STRONG_POS|POSITIVE|1.0-1.2|NO_G2|NO_EARLY|NO_PULL|NO_DRYUP|60-75],V4,2026-08-18T12:13:06Z
dfd6bbd6501473d5,dfd6bbd6501473d5,PENDING_OUTCOME,2026-08-18,2026-08-18T12:13:05Z,4.0.0,GEN3_EXPERIENCE,DECISION_CONTEXT_V1,PVT,20400.0,🌱 ĐANG HỒI,74.6,0.0,🟢 MUA / GIỮ,OBV tốt + Xu hướng lên + Vị trí giá tốt,65.43,2.63,3.55,9.09,-5.54,19668.4,18432.5,6.71,0.33,3.7196721644871866,10.674081106740818,🟢,5984400.0,4026870.0,1.4861170089920956,3.72,25.15,25.15,-0.97,False,False,False,MUA EARLY,,,,20213000.0,12788740.0,,False,,,57.68,-2.5,-7.8,8.0,5.0,5.7,5.7,7.6,1.3,30.0,🔴 Forecast rủi ro,RECOVERING|65-70|5-10|<-2|STRONG_POS|POSITIVE|1.2-1.5|NO_G2|NO_EARLY|NO_PULL|NO_DRYUP|40-60,<4|20-40|4-6,RECOVERING,65-70,5-10,<-2,STRONG_POS,1.2-1.5,POSITIVE,NO_G2,NO_EARLY,NO_PULL,NO_DRYUP,40-60,<4,20-40,4-6,CTX[<4|20-40|4-6]::DNA[RECOVERING|65-70|5-10|<-2|STRONG_POS|POSITIVE|1.2-1.5|NO_G2|NO_EARLY|NO_PULL|NO_DRYUP|40-60],CTX[<4|20-40|4-6]::DNA[RECOVERING|65-70|5-10|<-2|STRONG_POS|POSITIVE|1.2-1.5|NO_G2|NO_EARLY|NO_PULL|NO_DRYUP|40-60],CTX[<4|20-40|4-6]::DNA[RECOVERING|65-70|5-10|<-2|STRONG_POS|POSITIVE|1.2-1.5|NO_G2|NO_EARLY|NO_PULL|NO_DRYUP|40-60],V4,2026-08-18T12:13:06Z
2bbff4b323000d32,2bbff4b323000d32,PENDING_OUTCOME,2026-08-18,2026-08-18T12:13:05Z,4.0.0,GEN3_EXPERIENCE,DECISION_CONTEXT_V1,OCB,10950.0,🌱 ĐANG HỒI,74.1,0.0,🟢 MUA / GIỮ,OBV tốt + Vị trí giá tốt + Vol xác nhận,60.02,-1.82,0.92,6.31,-5.39,10810.06,10477.5,3.17,0.68,1.2945349054491961,4.509663564781685,🟢,2140367.0,2475393.0,0.8646574503523279,1.29,9.5,9.5,-1.35,False,False,False,PULL VỪA,,,,118451900.0,113443660.0,,False,,,58.16,0.5,-2.1,7.0,4.0,5.7,5.7,7.6,1.3,30.0,🔴 Forecast rủi ro,RECOVERING|60-65|5-10|<-2|STRONG_POS|POSITIVE|0.7-1.0|NO_G2|NO_EARLY|NO_PULL|NO_DRYUP|40-60,<4|20-40|4-6,RECOVERING,60-65,5-10,<-2,STRONG_POS,0.7-1.0,POSITIVE,NO_G2,NO_EARLY,NO_PULL,NO_DRYUP,40-60,<4,20-40,4-6,CTX[<4|20-40|4-6]::DNA[RECOVERING|60-65|5-10|<-2|STRONG_POS|POSITIVE|0.7-1.0|NO_G2|NO_EARLY|NO_PULL|NO_DRYUP|40-60],CTX[<4|20-40|4-6]::DNA[RECOVERING|60-65|5-10|<-2|STRONG_POS|POSITIVE|0.7-1.0|NO_G2|NO_EARLY|NO_PULL|NO_DRYUP|40-60],CTX[<4|20-40|4-6]::DNA[RECOVERING|60-65|5-10|<-2|STRONG_POS|POSITIVE|0.7-1.0|NO_G2|NO_EARLY|NO_PULL|NO_DRYUP|40-60],V4,2026-08-18T12:13:06Z
d387c946ddabcbcf,d387c946ddabcbcf,PENDING_OUTCOME,2026-08-18,2026-08-18T12:13:05Z,4.0.0,GEN3_EXPERIENCE,DECISION_CONTEXT_V1,BAF,31750.0,🌱 ĐANG HỒI,73.8,0.0,🟢 MUA / GIỮ,OBV tốt + Vị trí giá tốt + Xu hướng lên,70.51,3.38,2.25,0.63,1.62,31316.59,30447.5,2.85,0.09,1.383962941048189,4.277855324739299,🟢,2834463.0,2068883.0,1.3700450919650846,1.38,10.05,10.43,-1.7,False,False,False,PULL VỪA,,,,103333900.0,99534937.0,,False,,,56.69,-1.0,-13.2,6.0,4.0,5.7,5.7,7.6,1.3,30.0,🔴 Forecast rủi ro,RECOVERING|>=70|0-2|0-2|STRONG_POS|POSITIVE|1.2-1.5|NO_G2|NO_EARLY|NO_PULL|NO_DRYUP|40-60,<4|20-40|4-6,RECOVERING,>=70,0-2,0-2,STRONG_POS,1.2-1.5,POSITIVE,NO_G2,NO_EARLY,NO_PULL,NO_DRYUP,40-60,<4,20-40,4-6,CTX[<4|20-40|4-6]::DNA[RECOVERING|>=70|0-2|0-2|STRONG_POS|POSITIVE|1.2-1.5|NO_G2|NO_EARLY|NO_PULL|NO_DRYUP|40-60],CTX[<4|20-40|4-6]::DNA[RECOVERING|>=70|0-2|0-2|STRONG_POS|POSITIVE|1.2-1.5|NO_G2|NO_EARLY|NO_PULL|NO_DRYUP|40-60],CTX[<4|20-40|4-6]::DNA[RECOVERING|>=70|0-2|0-2|STRONG_POS|POSITIVE|1.2-1.5|NO_G2|NO_EARLY|NO_PULL|NO_DRYUP|40-60],V4,2026-08-18T12:13:06Z
518aa19c245cfbff,518aa19c245cfbff,PENDING_OUTCOME,2026-08-18,2026-08-18T12:13:05Z,4.0.0,GEN3_EXPERIENCE,DECISION_CONTEXT_V1,HDB,26950.0,🌱 ĐANG HỒI,73.7,0.0,🟢 MUA / GIỮ,OBV tốt + Vị trí giá tốt + RSI cải thiện,56.12,2.42,0.19,0.94,-0.75,26713.85,26237.5,1.82,0.42,0.8839983753745839,2.7155788470700326,🟢,9016027.0,10208261.0,0.8832089030639009,0.88,7.37,8.23,-2.36,False,False,False,PULL VỪA,,,,937829927.0,929938405.0,,False,,,57.0,0.0,-1.6,7.0,4.0,5.7,5.7,7.6,1.3,30.0,🔴 Forecast rủi ro,RECOVERING|55-60|0-2|-2-0|STRONG_POS|POSITIVE|0.7-1.0|NO_G2|NO_EARLY|NO_PULL|NO_DRYUP|40-60,<4|20-40|4-6,RECOVERING,55-60,0-2,-2-0,STRONG_POS,0.7-1.0,POSITIVE,NO_G2,NO_EARLY,NO_PULL,NO_DRYUP,40-60,<4,20-40,4-6,CTX[<4|20-40|4-6]::DNA[RECOVERING|55-60|0-2|-2-0|STRONG_POS|POSITIVE|0.7-1.0|NO_G2|NO_EARLY|NO_PULL|NO_DRYUP|40-60],CTX[<4|20-40|4-6]::DNA[RECOVERING|55-60|0-2|-2-0|STRONG_POS|POSITIVE|0.7-1.0|NO_G2|NO_EARLY|NO_PULL|NO_DRYUP|40-60],CTX[<4|20-40|4-6]::DNA[RECOVERING|55-60|0-2|-2-0|STRONG_POS|POSITIVE|0.7-1.0|NO_G2|NO_EARLY|NO_PULL|NO_DRYUP|40-60],V4,2026-08-18T12:13:06Z
bae2ec7060ff1162,bae2ec7060ff1162,PENDING_OUTCOME,2026-08-18,2026-08-18T12:13:05Z,4.0.0,GEN3_EXPERIENCE,DECISION_CONTEXT_V1,DGW,41500.0,🌱 ĐANG HỒI,73.1,0.0,🟢 MUA / GIỮ,OBV tốt + Vol xác nhận + Vị trí giá tốt,60.79,-9.5,0.85,4.8,-3.9499999999999997,40798.79,38170.0,6.89,-0.64,1.7187029321212632,8.724128897039552,🟢,1231700.0,1227085.0,1.0037609456557615,1.72,25.19,25.19,-5.36,False,False,False,GÀ TĂNG TỐC,,,,63028200.0,60646491.0,,False,,,60.8,5.5,-0.9,8.0,0.0,5.7,5.7,7.6,1.3,30.0,🔴 Forecast rủi ro,RECOVERING|60-65|2-5|<-2|STRONG_POS|POSITIVE|1.0-1.2|NO_G2|NO_EARLY|NO_PULL|NO_DRYUP|60-75,<4|20-40|4-6,RECOVERING,60-65,2-5,<-2,STRONG_POS,1.0-1.2,POSITIVE,NO_G2,NO_EARLY,NO_PULL,NO_DRYUP,60-75,<4,20-40,4-6,CTX[<4|20-40|4-6]::DNA[RECOVERING|60-65|2-5|<-2|STRONG_POS|POSITIVE|1.0-1.2|NO_G2|NO_EARLY|NO_PULL|NO_DRYUP|60-75],CTX[<4|20-40|4-6]::DNA[RECOVERING|60-65|2-5|<-2|STRONG_POS|POSITIVE|1.0-1.2|NO_G2|NO_EARLY|NO_PULL|NO_DRYUP|60-75],CTX[<4|20-40|4-6]::DNA[RECOVERING|60-65|2-5|<-2|STRONG_POS|POSITIVE|1.0-1.2|NO_G2|NO_EARLY|NO_PULL|NO_DRYUP|60-75],V4,2026-08-18T12:13:06Z
0d90edfb5d08dc20,0d90edfb5d08dc20,PENDING_OUTCOME,2026-08-18,2026-08-18T12:13:05Z,4.0.0,GEN3_EXPERIENCE,DECISION_CONTEXT_V1,FCN,11250.0,🌱 ĐANG HỒI,72.3,0.0,🟢 MUA / GIỮ,OBV tốt + Vol xác nhận + Vị trí giá tốt,53.13,-3.31,1.35,5.14,-3.7899999999999996,11166.42,10900.0,2.44,0.55,0.748494145840839,3.2110091743119185,🟢,470800.0,463650.0,1.0154211150652432,0.75,8.17,8.17,-2.17,False,False,False,MUA EARLY,,,,37622700.0,37577577.0,,False,,,56.16,-5.0,-7.5,6.0,5.0,5.7,5.7,7.6,1.3,30.0,🔴 Forecast rủi ro,RECOVERING|50-55|5-10|<-2|STRONG_POS|POSITIVE|1.0-1.2|NO_G2|NO_EARLY|NO_PULL|NO_DRYUP|40-60,<4|20-40|4-6,RECOVERING,50-55,5-10,<-2,STRONG_POS,1.0-1.2,POSITIVE,NO_G2,NO_EARLY,NO_PULL,NO_DRYUP,40-60,<4,20-40,4-6,CTX[<4|20-40|4-6]::DNA[RECOVERING|50-55|5-10|<-2|STRONG_POS|POSITIVE|1.0-1.2|NO_G2|NO_EARLY|NO_PULL|NO_DRYUP|40-60],CTX[<4|20-40|4-6]::DNA[RECOVERING|50-55|5-10|<-2|STRONG_POS|POSITIVE|1.0-1.2|NO_G2|NO_EARLY|NO_PULL|NO_DRYUP|40-60],CTX[<4|20-40|4-6]::DNA[RECOVERING|50-55|5-10|<-2|STRONG_POS|POSITIVE|1.0-1.2|NO_G2|NO_EARLY|NO_PULL|NO_DRYUP|40-60],V4,2026-08-18T12:13:06Z
32fc6dcf88036811,32fc6dcf88036811,PENDING_OUTCOME,2026-08-18,2026-08-18T12:13:05Z,4.0.0,GEN3_EXPERIENCE,DECISION_CONTEXT_V1,GAS,83500.0,🌱 ĐANG HỒI,72.1,0.0,🟢 MUA / GIỮ,OBV tốt + Xu hướng lên + RSI cải thiện,64.9,6.95,7.74,19.46,-11.72,77695.24,72365.0,7.37,1.6,7.471191285334844,15.387272852898493,🟢,3635900.0,1468125.0,2.476560238399319,7.47,29.66,29.66,3.6,False,False,False,GÀ TĂNG TỐC,,,,44008700.0,40736002.0,,False,,,62.66,15.5,-12.8,11.0,0.0,5.7,5.7,7.6,1.3,30.0,🔴 Forecast rủi ro,RECOVERING|60-65|>=10|<-2|STRONG_POS|POSITIVE|>=1.5|NO_G2|NO_EARLY|NO_PULL|NO_DRYUP|60-75,<4|20-40|4-6,RECOVERING,60-65,>=10,<-2,STRONG_POS,>=1.5,POSITIVE,NO_G2,NO_EARLY,NO_PULL,NO_DRYUP,60-75,<4,20-40,4-6,CTX[<4|20-40|4-6]::DNA[RECOVERING|60-65|>=10|<-2|STRONG_POS|POSITIVE|>=1.5|NO_G2|NO_EARLY|NO_PULL|NO_DRYUP|60-75],CTX[<4|20-40|4-6]::DNA[RECOVERING|60-65|>=10|<-2|STRONG_POS|POSITIVE|>=1.5|NO_G2|NO_EARLY|NO_PULL|NO_DRYUP|60-75],CTX[<4|20-40|4-6]::DNA[RECOVERING|60-65|>=10|<-2|STRONG_POS|POSITIVE|>=1.5|NO_G2|NO_EARLY|NO_PULL|NO_DRYUP|60-75],V4,2026-08-18T12:13:06Z
35a49da5f6959573,35a49da5f6959573,PENDING_OUTCOME,2026-08-18,2026-08-18T12:13:05Z,4.0.0,GEN3_EXPERIENCE,DECISION_CONTEXT_V1,PLC,20600.0,🌱 ĐANG HỒI,72.0,0.0,🟢 MUA / GIỮ,OBV tốt + RSI cải thiện + Vị trí giá tốt,57.56,2.65,1.98,5.1,-3.1199999999999997,20196.21,19410.0,4.05,-0.39,1.9993355188919093,6.130860381246772,🟢,263700.0,129855.0,2.030726579646529,2.0,16.38,16.38,-1.44,False,False,False,GÀ TĂNG TỐC,,,,18835000.0,18597882.0,,False,,,60.49,11.0,-12.8,9.0,0.0,5.7,5.7,7.6,1.3,30.0,🔴 Forecast rủi ro,RECOVERING|55-60|5-10|<-2|STRONG_POS|POSITIVE|>=1.5|NO_G2|NO_EARLY|NO_PULL|NO_DRYUP|60-75,<4|20-40|4-6,RECOVERING,55-60,5-10,<-2,STRONG_POS,>=1.5,POSITIVE,NO_G2,NO_EARLY,NO_PULL,NO_DRYUP,60-75,<4,20-40,4-6,CTX[<4|20-40|4-6]::DNA[RECOVERING|55-60|5-10|<-2|STRONG_POS|POSITIVE|>=1.5|NO_G2|NO_EARLY|NO_PULL|NO_DRYUP|60-75],CTX[<4|20-40|4-6]::DNA[RECOVERING|55-60|5-10|<-2|STRONG_POS|POSITIVE|>=1.5|NO_G2|NO_EARLY|NO_PULL|NO_DRYUP|60-75],CTX[<4|20-40|4-6]::DNA[RECOVERING|55-60|5-10|<-2|STRONG_POS|POSITIVE|>=1.5|NO_G2|NO_EARLY|NO_PULL|NO_DRYUP|60-75],V4,2026-08-18T12:13:06Z
d5c1b18ba5339bd5,d5c1b18ba5339bd5,PENDING_OUTCOME,2026-08-18,2026-08-18T12:13:05Z,4.0.0,GEN3_EXPERIENCE,DECISION_CONTEXT_V1,VGT,11600.0,🌱 ĐANG HỒI,71.5,0.0,🟢 MUA / GIỮ,OBV tốt + Xu hướng lên + Vị trí giá tốt,54.32,-16.18,1.75,4.5,-2.75,11656.3,11175.0,4.31,1.13,-0.4830006091126604,3.803131991051445,🟢,522300.0,361060.0,1.4465739766243837,-0.48,9.43,9.43,-8.66,False,False,False,TÍCH LŨY,,,,17262800.0,16666086.0,,False,,,54.48,-4.0,-6.7,2.0,6.0,5.7,5.7,7.6,1.3,30.0,🔴 Forecast rủi ro,RECOVERING|50-55|2-5|<-2|STRONG_POS|POSITIVE|1.2-1.5|NO_G2|NO_EARLY|NO_PULL|NO_DRYUP|40-60,<4|20-40|4-6,RECOVERING,50-55,2-5,<-2,STRONG_POS,1.2-1.5,POSITIVE,NO_G2,NO_EARLY,NO_PULL,NO_DRYUP,40-60,<4,20-40,4-6,CTX[<4|20-40|4-6]::DNA[RECOVERING|50-55|2-5|<-2|STRONG_POS|POSITIVE|1.2-1.5|NO_G2|NO_EARLY|NO_PULL|NO_DRYUP|40-60],CTX[<4|20-40|4-6]::DNA[RECOVERING|50-55|2-5|<-2|STRONG_POS|POSITIVE|1.2-1.5|NO_G2|NO_EARLY|NO_PULL|NO_DRYUP|40-60],CTX[<4|20-40|4-6]::DNA[RECOVERING|50-55|2-5|<-2|STRONG_POS|POSITIVE|1.2-1.5|NO_G2|NO_EARLY|NO_PULL|NO_DRYUP|40-60],V4,2026-08-18T12:13:06Z
2a5404cb79ac026f,2a5404cb79ac026f,PENDING_OUTCOME,2026-08-18,2026-08-18T12:13:05Z,4.0.0,GEN3_EXPERIENCE,DECISION_CONTEXT_V1,GVR,32000.0,🌱 ĐANG HỒI,71.3,0.0,🟢 MUA / GIỮ,OBV tốt + Xu hướng lên + Vị trí giá tốt,60.05,-5.83,1.91,12.28,-10.37,31036.52,28985.0,7.08,0.0,3.104342883802702,10.40193203381059,🟢,3420700.0,2370765.0,1.4428675975898075,3.1,23.08,23.08,-2.74,False,False,False,GÀ TĂNG TỐC,,,,257196700.0,251106315.0,,False,,,61.57,8.5,-12.1,10.0,0.0,5.7,5.7,7.6,1.3,30.0,🔴 Forecast rủi ro,RECOVERING|60-65|>=10|<-2|STRONG_POS|POSITIVE|1.2-1.5|NO_G2|NO_EARLY|NO_PULL|NO_DRYUP|60-75,<4|20-40|4-6,RECOVERING,60-65,>=10,<-2,STRONG_POS,1.2-1.5,POSITIVE,NO_G2,NO_EARLY,NO_PULL,NO_DRYUP,60-75,<4,20-40,4-6,CTX[<4|20-40|4-6]::DNA[RECOVERING|60-65|>=10|<-2|STRONG_POS|POSITIVE|1.2-1.5|NO_G2|NO_EARLY|NO_PULL|NO_DRYUP|60-75],CTX[<4|20-40|4-6]::DNA[RECOVERING|60-65|>=10|<-2|STRONG_POS|POSITIVE|1.2-1.5|NO_G2|NO_EARLY|NO_PULL|NO_DRYUP|60-75],CTX[<4|20-40|4-6]::DNA[RECOVERING|60-65|>=10|<-2|STRONG_POS|POSITIVE|1.2-1.5|NO_G2|NO_EARLY|NO_PULL|NO_DRYUP|60-75],V4,2026-08-18T12:13:06Z
6e4c219197d2914a,6e4c219197d2914a,PENDING_OUTCOME,2026-08-18,2026-08-18T12:13:05Z,4.0.0,GEN3_EXPERIENCE,DECISION_CONTEXT_V1,PVS,35700.0,🌱 ĐANG HỒI,70.8,0.0,🟢 MUA / GIỮ,OBV tốt + RSI cải thiện + Vị trí giá tốt,52.63,4.99,2.0,3.48,-1.48,34906.11,34395.0,1.49,0.82,2.274358271374255,3.794156127344084,🟢,4129700.0,2352705.0,1.7552986881058186,2.27,7.85,7.85,-3.51,False,False,False,MUA EARLY,,,,127894200.0,125586074.0,,False,,,56.11,12.5,-1.0,8.0,5.0,5.7,5.7,7.6,1.3,30.0,🔴 Forecast rủi ro,RECOVERING|50-55|2-5|-2-0|STRONG_POS|POSITIVE|>=1.5|NO_G2|NO_EARLY|NO_PULL|NO_DRYUP|40-60,<4|20-40|4-6,RECOVERING,50-55,2-5,-2-0,STRONG_POS,>=1.5,POSITIVE,NO_G2,NO_EARLY,NO_PULL,NO_DRYUP,40-60,<4,20-40,4-6,CTX[<4|20-40|4-6]::DNA[RECOVERING|50-55|2-5|-2-0|STRONG_POS|POSITIVE|>=1.5|NO_G2|NO_EARLY|NO_PULL|NO_DRYUP|40-60],CTX[<4|20-40|4-6]::DNA[RECOVERING|50-55|2-5|-2-0|STRONG_POS|POSITIVE|>=1.5|NO_G2|NO_EARLY|NO_PULL|NO_DRYUP|40-60],CTX[<4|20-40|4-6]::DNA[RECOVERING|50-55|2-5|-2-0|STRONG_POS|POSITIVE|>=1.5|NO_G2|NO_EARLY|NO_PULL|NO_DRYUP|40-60],V4,2026-08-18T12:13:06Z
57a3c00b27b3fd91,57a3c00b27b3fd91,PENDING_OUTCOME,2026-08-18,2026-08-18T12:13:05Z,4.0.0,GEN3_EXPERIENCE,DECISION_CONTEXT_V1,KSB,13800.0,🌱 ĐANG HỒI,70.7,0.0,🟢 MUA / GIỮ,OBV tốt + Vol xác nhận + Vị trí giá tốt,50.41,-9.73,3.37,0.36,3.0100000000000002,13761.92,13502.5,1.92,-0.12,0.27670557596615186,2.2032956859840747,🟢,1057600.0,1070665.0,0.9877973035449931,0.28,6.56,6.56,-6.12,False,False,False,MUA EARLY,,,,33132000.0,32342938.0,,False,,,55.43,-6.5,-7.1,5.0,5.0,5.7,5.7,7.6,1.3,30.0,🔴 Forecast rủi ro,RECOVERING|50-55|0-2|2-5|STRONG_POS|POSITIVE|0.7-1.0|NO_G2|NO_EARLY|NO_PULL|NO_DRYUP|40-60,<4|20-40|4-6,RECOVERING,50-55,0-2,2-5,STRONG_POS,0.7-1.0,POSITIVE,NO_G2,NO_EARLY,NO_PULL,NO_DRYUP,40-60,<4,20-40,4-6,CTX[<4|20-40|4-6]::DNA[RECOVERING|50-55|0-2|2-5|STRONG_POS|POSITIVE|0.7-1.0|NO_G2|NO_EARLY|NO_PULL|NO_DRYUP|40-60],CTX[<4|20-40|4-6]::DNA[RECOVERING|50-55|0-2|2-5|STRONG_POS|POSITIVE|0.7-1.0|NO_G2|NO_EARLY|NO_PULL|NO_DRYUP|40-60],CTX[<4|20-40|4-6]::DNA[RECOVERING|50-55|0-2|2-5|STRONG_POS|POSITIVE|0.7-1.0|NO_G2|NO_EARLY|NO_PULL|NO_DRYUP|40-60],V4,2026-08-18T12:13:06Z
f722d64f981d37af,f722d64f981d37af,PENDING_OUTCOME,2026-08-18,2026-08-18T12:13:05Z,4.0.0,GEN3_EXPERIENCE,DECISION_CONTEXT_V1,VTP,56000.0,🌱 ĐANG HỒI,70.4,0.0,🟢 MUA / GIỮ,OBV tốt + Xu hướng lên + RSI cải thiện,64.95,4.42,2.75,14.75,-12.0,53600.95,50335.0,6.49,0.79,4.475760224399017,11.254594218734471,🟢,1800999.0,733430.0,2.4555840366497144,4.48,25.0,25.0,-1.23,False,False,False,GÀ TĂNG TỐC,,,,11855199.0,9582551.0,,False,,,61.72,18.5,5.2,10.0,0.0,5.7,5.7,7.6,1.3,30.0,🔴 Forecast rủi ro,RECOVERING|60-65|>=10|<-2|STRONG_POS|POSITIVE|>=1.5|NO_G2|NO_EARLY|NO_PULL|NO_DRYUP|60-75,<4|20-40|4-6,RECOVERING,60-65,>=10,<-2,STRONG_POS,>=1.5,POSITIVE,NO_G2,NO_EARLY,NO_PULL,NO_DRYUP,60-75,<4,20-40,4-6,CTX[<4|20-40|4-6]::DNA[RECOVERING|60-65|>=10|<-2|STRONG_POS|POSITIVE|>=1.5|NO_G2|NO_EARLY|NO_PULL|NO_DRYUP|60-75],CTX[<4|20-40|4-6]::DNA[RECOVERING|60-65|>=10|<-2|STRONG_POS|POSITIVE|>=1.5|NO_G2|NO_EARLY|NO_PULL|NO_DRYUP|60-75],CTX[<4|20-40|4-6]::DNA[RECOVERING|60-65|>=10|<-2|STRONG_POS|POSITIVE|>=1.5|NO_G2|NO_EARLY|NO_PULL|NO_DRYUP|60-75],V4,2026-08-18T12:13:06Z
b5a0421a478d374b,b5a0421a478d374b,PENDING_OUTCOME,2026-08-18,2026-08-18T12:13:05Z,4.0.0,GEN3_EXPERIENCE,DECISION_CONTEXT_V1,GMD,79500.0,🌱 ĐANG HỒI,70.2,0.0,🟢 MUA / GIỮ,OBV tốt + Vị trí giá tốt + RSI cải thiện,63.36,3.56,2.71,3.92,-1.21,78101.87,76100.0,2.63,0.7,1.7901363949416327,4.46780551905388,🟢,4083155.0,1593043.0,2.56311662648152,1.79,10.42,10.42,-3.05,False,False,False,GÀ TĂNG TỐC,,,,115259255.0,108653670.0,,False,,,60.98,18.5,-6.2,10.0,0.0,5.7,5.7,7.6,1.3,30.0,🔴 Forecast rủi ro,RECOVERING|60-65|2-5|-2-0|STRONG_POS|POSITIVE|>=1.5|NO_G2|NO_EARLY|NO_PULL|NO_DRYUP|60-75,<4|20-40|4-6,RECOVERING,60-65,2-5,-2-0,STRONG_POS,>=1.5,POSITIVE,NO_G2,NO_EARLY,NO_PULL,NO_DRYUP,60-75,<4,20-40,4-6,CTX[<4|20-40|4-6]::DNA[RECOVERING|60-65|2-5|-2-0|STRONG_POS|POSITIVE|>=1.5|NO_G2|NO_EARLY|NO_PULL|NO_DRYUP|60-75],CTX[<4|20-40|4-6]::DNA[RECOVERING|60-65|2-5|-2-0|STRONG_POS|POSITIVE|>=1.5|NO_G2|NO_EARLY|NO_PULL|NO_DRYUP|60-75],CTX[<4|20-40|4-6]::DNA[RECOVERING|60-65|2-5|-2-0|STRONG_POS|POSITIVE|>=1.5|NO_G2|NO_EARLY|NO_PULL|NO_DRYUP|60-75],V4,2026-08-18T12:13:06Z
8647530aa478e293,8647530aa478e293,PENDING_OUTCOME,2026-08-18,2026-08-18T12:13:05Z,4.0.0,GEN3_EXPERIENCE,DECISION_CONTEXT_V1,BSR,27200.0,🌱 ĐANG HỒI,70.1,0.0,🟢 MUA / GIỮ,OBV tốt + RSI cải thiện + Xu hướng lên,60.65,1.83,4.41,10.03,-5.619999999999999,26061.27,25083.5,3.9,-0.42,4.369434029884189,8.437817688919003,🟢,20592500.0,9347705.0,2.2029471405013314,4.37,19.61,19.61,-0.15,False,False,False,GÀ TĂNG TỐC,,,,678500100.0,655979386.0,,False,,,61.69,14.0,-12.8,10.0,0.0,5.7,5.7,7.6,1.3,30.0,🔴 Forecast rủi ro,RECOVERING|60-65|>=10|<-2|STRONG_POS|POSITIVE|>=1.5|NO_G2|NO_EARLY|NO_PULL|NO_DRYUP|60-75,<4|20-40|4-6,RECOVERING,60-65,>=10,<-2,STRONG_POS,>=1.5,POSITIVE,NO_G2,NO_EARLY,NO_PULL,NO_DRYUP,60-75,<4,20-40,4-6,CTX[<4|20-40|4-6]::DNA[RECOVERING|60-65|>=10|<-2|STRONG_POS|POSITIVE|>=1.5|NO_G2|NO_EARLY|NO_PULL|NO_DRYUP|60-75],CTX[<4|20-40|4-6]::DNA[RECOVERING|60-65|>=10|<-2|STRONG_POS|POSITIVE|>=1.5|NO_G2|NO_EARLY|NO_PULL|NO_DRYUP|60-75],CTX[<4|20-40|4-6]::DNA[RECOVERING|60-65|>=10|<-2|STRONG_POS|POSITIVE|>=1.5|NO_G2|NO_EARLY|NO_PULL|NO_DRYUP|60-75],V4,2026-08-18T12:13:06Z
6c6c1ab231496dc4,6c6c1ab231496dc4,PENDING_OUTCOME,2026-08-18,2026-08-18T12:13:05Z,4.0.0,GEN3_EXPERIENCE,DECISION_CONTEXT_V1,PLX,37950.0,🌱 ĐANG HỒI,70.1,0.0,🟢 MUA / GIỮ,OBV tốt + RSI cải thiện + Xu hướng lên,63.56,8.69,3.69,13.45,-9.76,35846.17,34103.5,5.11,-0.02,5.869051003217374,11.278900992566744,🟢,5350900.0,2619515.0,2.0427063788525737,5.87,20.21,20.4,-0.13,False,False,False,GÀ TĂNG TỐC,,,,65347800.0,60440040.0,,False,,,61.9,15.5,-8.8,10.0,0.0,5.7,5.7,7.6,1.3,30.0,🔴 Forecast rủi ro,RECOVERING|60-65|>=10|<-2|STRONG_POS|POSITIVE|>=1.5|NO_G2|NO_EARLY|NO_PULL|NO_DRYUP|60-75,<4|20-40|4-6,RECOVERING,60-65,>=10,<-2,STRONG_POS,>=1.5,POSITIVE,NO_G2,NO_EARLY,NO_PULL,NO_DRYUP,60-75,<4,20-40,4-6,CTX[<4|20-40|4-6]::DNA[RECOVERING|60-65|>=10|<-2|STRONG_POS|POSITIVE|>=1.5|NO_G2|NO_EARLY|NO_PULL|NO_DRYUP|60-75],CTX[<4|20-40|4-6]::DNA[RECOVERING|60-65|>=10|<-2|STRONG_POS|POSITIVE|>=1.5|NO_G2|NO_EARLY|NO_PULL|NO_DRYUP|60-75],CTX[<4|20-40|4-6]::DNA[RECOVERING|60-65|>=10|<-2|STRONG_POS|POSITIVE|>=1.5|NO_G2|NO_EARLY|NO_PULL|NO_DRYUP|60-75],V4,2026-08-18T12:13:06Z
0142d9e4c972aab8,0142d9e4c972aab8,PENDING_OUTCOME,2026-08-18,2026-08-18T12:13:05Z,4.0.0,GEN3_EXPERIENCE,DECISION_CONTEXT_V1,TCB,30850.0,🌱 ĐANG HỒI,70.0,0.0,🟢 MUA / GIỮ,OBV tốt + Vol xác nhận + Xu hướng lên,50.53,-8.1,-0.48,4.05,-4.529999999999999,31037.76,29930.0,3.7,0.76,-0.6049405627210125,3.073838957567654,🟢,14744200.0,15956075.0,0.9240493041051763,-0.6,9.2,9.2,-4.04,False,False,False,MUA EARLY,,,,425435396.0,412892273.0,,False,,,55.42,-4.0,-7.5,4.0,5.0,5.7,5.7,7.6,1.3,30.0,🔴 Forecast rủi ro,RECOVERING|50-55|2-5|<-2|STRONG_POS|POSITIVE|0.7-1.0|NO_G2|NO_EARLY|NO_PULL|NO_DRYUP|40-60,<4|20-40|4-6,RECOVERING,50-55,2-5,<-2,STRONG_POS,0.7-1.0,POSITIVE,NO_G2,NO_EARLY,NO_PULL,NO_DRYUP,40-60,<4,20-40,4-6,CTX[<4|20-40|4-6]::DNA[RECOVERING|50-55|2-5|<-2|STRONG_POS|POSITIVE|0.7-1.0|NO_G2|NO_EARLY|NO_PULL|NO_DRYUP|40-60],CTX[<4|20-40|4-6]::DNA[RECOVERING|50-55|2-5|<-2|STRONG_POS|POSITIVE|0.7-1.0|NO_G2|NO_EARLY|NO_PULL|NO_DRYUP|40-60],CTX[<4|20-40|4-6]::DNA[RECOVERING|50-55|2-5|<-2|STRONG_POS|POSITIVE|0.7-1.0|NO_G2|NO_EARLY|NO_PULL|NO_DRYUP|40-60],V4,2026-08-18T12:13:06Z
ef5d496082f1d887,ef5d496082f1d887,PENDING_OUTCOME,2026-08-18,2026-08-18T12:13:05Z,4.0.0,GEN3_EXPERIENCE,DECISION_CONTEXT_V1,PVC,12300.0,🌱 ĐANG HỒI,69.7,0.0,🟢 MUA / GIỮ,OBV tốt + Vị trí giá tốt + Vol xác nhận,50.0,0.84,0.82,4.24,-3.4200000000000004,12129.02,11970.0,1.33,0.24,1.4096769565884015,2.7568922305764465,🟢,567000.0,441050.0,1.2855685296451649,1.41,6.96,6.96,-3.91,False,False,False,MUA EARLY,,,,60519600.0,60395203.0,,False,,,55.66,4.5,-1.0,8.0,5.0,5.7,5.7,7.6,1.3,30.0,🔴 Forecast rủi ro,RECOVERING|50-55|2-5|<-2|STRONG_POS|POSITIVE|1.2-1.5|NO_G2|NO_EARLY|NO_PULL|NO_DRYUP|40-60,<4|20-40|4-6,RECOVERING,50-55,2-5,<-2,STRONG_POS,1.2-1.5,POSITIVE,NO_G2,NO_EARLY,NO_PULL,NO_DRYUP,40-60,<4,20-40,4-6,CTX[<4|20-40|4-6]::DNA[RECOVERING|50-55|2-5|<-2|STRONG_POS|POSITIVE|1.2-1.5|NO_G2|NO_EARLY|NO_PULL|NO_DRYUP|40-60],CTX[<4|20-40|4-6]::DNA[RECOVERING|50-55|2-5|<-2|STRONG_POS|POSITIVE|1.2-1.5|NO_G2|NO_EARLY|NO_PULL|NO_DRYUP|40-60],CTX[<4|20-40|4-6]::DNA[RECOVERING|50-55|2-5|<-2|STRONG_POS|POSITIVE|1.2-1.5|NO_G2|NO_EARLY|NO_PULL|NO_DRYUP|40-60],V4,2026-08-18T12:13:06Z
67be541d028609c3,67be541d028609c3,PENDING_OUTCOME,2026-08-18,2026-08-18T12:13:05Z,4.0.0,GEN3_EXPERIENCE,DECISION_CONTEXT_V1,PVB,21900.0,🌱 ĐANG HỒI,69.5,0.0,🟢 MUA / GIỮ,OBV tốt + Vị trí giá tốt + Vol xác nhận,50.0,-5.16,2.82,5.8,-2.98,21557.51,21155.0,1.9,1.01,1.5887270839721301,3.5216260931221877,🟢,109700.0,83195.0,1.3185888575034557,1.59,6.83,6.83,-6.81,False,False,False,MUA EARLY,,,,1817000.0,1608758.0,,False,,,55.75,3.0,-10.1,4.0,5.0,5.7,5.7,7.6,1.3,30.0,🔴 Forecast rủi ro,RECOVERING|50-55|5-10|<-2|STRONG_POS|POSITIVE|1.2-1.5|NO_G2|NO_EARLY|NO_PULL|NO_DRYUP|40-60,<4|20-40|4-6,RECOVERING,50-55,5-10,<-2,STRONG_POS,1.2-1.5,POSITIVE,NO_G2,NO_EARLY,NO_PULL,NO_DRYUP,40-60,<4,20-40,4-6,CTX[<4|20-40|4-6]::DNA[RECOVERING|50-55|5-10|<-2|STRONG_POS|POSITIVE|1.2-1.5|NO_G2|NO_EARLY|NO_PULL|NO_DRYUP|40-60],CTX[<4|20-40|4-6]::DNA[RECOVERING|50-55|5-10|<-2|STRONG_POS|POSITIVE|1.2-1.5|NO_G2|NO_EARLY|NO_PULL|NO_DRYUP|40-60],CTX[<4|20-40|4-6]::DNA[RECOVERING|50-55|5-10|<-2|STRONG_POS|POSITIVE|1.2-1.5|NO_G2|NO_EARLY|NO_PULL|NO_DRYUP|40-60],V4,2026-08-18T12:13:06Z
bc0917aca3fc840f,bc0917aca3fc840f,PENDING_OUTCOME,2026-08-18,2026-08-18T12:13:05Z,4.0.0,GEN3_EXPERIENCE,DECISION_CONTEXT_V1,CTR,77100.0,🌱 ĐANG HỒI,69.4,0.0,🟢 MUA / GIỮ,OBV tốt + Vị trí giá tốt + Xu hướng lên,62.16,-0.32,2.12,3.77,-1.65,76033.85,73370.0,3.63,-0.77,1.4022044129029299,5.083821725500881,🟢,677682.0,340554.0,1.9899399214221534,1.4,16.11,16.11,-0.52,False,False,False,GÀ TĂNG TỐC,,,,-5749818.0,-6832808.0,,False,,,61.04,12.0,-3.5,9.0,0.0,5.7,5.7,7.6,1.3,30.0,🔴 Forecast rủi ro,RECOVERING|60-65|2-5|-2-0|STRONG_POS|POSITIVE|>=1.5|NO_G2|NO_EARLY|NO_PULL|NO_DRYUP|60-75,<4|20-40|4-6,RECOVERING,60-65,2-5,-2-0,STRONG_POS,>=1.5,POSITIVE,NO_G2,NO_EARLY,NO_PULL,NO_DRYUP,60-75,<4,20-40,4-6,CTX[<4|20-40|4-6]::DNA[RECOVERING|60-65|2-5|-2-0|STRONG_POS|POSITIVE|>=1.5|NO_G2|NO_EARLY|NO_PULL|NO_DRYUP|60-75],CTX[<4|20-40|4-6]::DNA[RECOVERING|60-65|2-5|-2-0|STRONG_POS|POSITIVE|>=1.5|NO_G2|NO_EARLY|NO_PULL|NO_DRYUP|60-75],CTX[<4|20-40|4-6]::DNA[RECOVERING|60-65|2-5|-2-0|STRONG_POS|POSITIVE|>=1.5|NO_G2|NO_EARLY|NO_PULL|NO_DRYUP|60-75],V4,2026-08-18T12:13:06Z
0e38dd6ca96c8de2,0e38dd6ca96c8de2,PENDING_OUTCOME,2026-08-18,2026-08-18T12:13:05Z,4.0.0,GEN3_EXPERIENCE,DECISION_CONTEXT_V1,OIL,13500.0,🌱 ĐANG HỒI,68.5,0.0,🟢 MUA / GIỮ,OBV tốt + Vị trí giá tốt + RSI cải thiện,51.89,5.29,0.75,3.85,-3.1,13307.28,13215.0,0.7,0.42,1.4482298411095273,2.156640181611813,🟢,2016200.0,1190395.0,1.6937235119435146,1.45,4.65,6.3,-3.57,False,False,False,MUA EARLY,,,,93233900.0,91524500.0,,False,,,55.92,16.5,1.8,8.0,5.0,5.7,5.7,7.6,1.3,30.0,🔴 Forecast rủi ro,RECOVERING|50-55|2-5|<-2|STRONG_POS|POSITIVE|>=1.5|NO_G2|NO_EARLY|NO_PULL|NO_DRYUP|40-60,<4|20-40|4-6,RECOVERING,50-55,2-5,<-2,STRONG_POS,>=1.5,POSITIVE,NO_G2,NO_EARLY,NO_PULL,NO_DRYUP,40-60,<4,20-40,4-6,CTX[<4|20-40|4-6]::DNA[RECOVERING|50-55|2-5|<-2|STRONG_POS|POSITIVE|>=1.5|NO_G2|NO_EARLY|NO_PULL|NO_DRYUP|40-60],CTX[<4|20-40|4-6]::DNA[RECOVERING|50-55|2-5|<-2|STRONG_POS|POSITIVE|>=1.5|NO_G2|NO_EARLY|NO_PULL|NO_DRYUP|40-60],CTX[<4|20-40|4-6]::DNA[RECOVERING|50-55|2-5|<-2|STRONG_POS|POSITIVE|>=1.5|NO_G2|NO_EARLY|NO_PULL|NO_DRYUP|40-60],V4,2026-08-18T12:13:06Z
f4b9da8d3523a2fb,f4b9da8d3523a2fb,PENDING_OUTCOME,2026-08-18,2026-08-18T12:13:05Z,4.0.0,GEN3_EXPERIENCE,DECISION_CONTEXT_V1,ACV,41100.0,🌱 ĐANG HỒI,68.2,0.0,🟢 MUA / GIỮ,OBV tốt + Vị trí giá tốt + RSI cải thiện,51.75,0.98,-0.72,4.31,-5.029999999999999,40765.53,39925.0,2.11,-0.11,0.8204725904459087,2.943018159048205,🟢,342600.0,536410.0,0.6386905538673776,0.82,7.03,7.03,-3.97,False,False,False,MUA EARLY,,,,-61482300.0,-61740191.0,,False,,,55.75,-1.0,1.8,6.0,5.0,5.7,5.7,7.6,1.3,30.0,🔴 Forecast rủi ro,RECOVERING|50-55|2-5|<-2|STRONG_POS|POSITIVE|<0.7|NO_G2|NO_EARLY|NO_PULL|NO_DRYUP|40-60,<4|20-40|4-6,RECOVERING,50-55,2-5,<-2,STRONG_POS,<0.7,POSITIVE,NO_G2,NO_EARLY,NO_PULL,NO_DRYUP,40-60,<4,20-40,4-6,CTX[<4|20-40|4-6]::DNA[RECOVERING|50-55|2-5|<-2|STRONG_POS|POSITIVE|<0.7|NO_G2|NO_EARLY|NO_PULL|NO_DRYUP|40-60],CTX[<4|20-40|4-6]::DNA[RECOVERING|50-55|2-5|<-2|STRONG_POS|POSITIVE|<0.7|NO_G2|NO_EARLY|NO_PULL|NO_DRYUP|40-60],CTX[<4|20-40|4-6]::DNA[RECOVERING|50-55|2-5|<-2|STRONG_POS|POSITIVE|<0.7|NO_G2|NO_EARLY|NO_PULL|NO_DRYUP|40-60],V4,2026-08-18T12:13:06Z
c08a99d81498b7d5,c08a99d81498b7d5,PENDING_OUTCOME,2026-08-18,2026-08-18T12:13:05Z,4.0.0,GEN3_EXPERIENCE,DECISION_CONTEXT_V1,GEG,12400.0,🌱 ĐANG HỒI,68.1,0.0,🟢 MUA / GIỮ,OBV tốt + Vị trí giá tốt + RSI cải thiện,47.81,1.84,1.22,1.64,-0.41999999999999993,12321.68,12157.5,1.35,0.68,0.6356276092221114,1.994653506066224,🟢,93900.0,206170.0,0.4554493864286754,0.64,5.98,5.98,-0.4,False,False,False,MUA EARLY,,,,23889000.0,23677479.0,,False,,,54.94,3.5,-1.7,5.0,5.0,5.7,5.7,7.6,1.3,30.0,🔴 Forecast rủi ro,RECOVERING|45-50|0-2|-2-0|STRONG_POS|POSITIVE|<0.7|NO_G2|NO_EARLY|NO_PULL|NO_DRYUP|40-60,<4|20-40|4-6,RECOVERING,45-50,0-2,-2-0,STRONG_POS,<0.7,POSITIVE,NO_G2,NO_EARLY,NO_PULL,NO_DRYUP,40-60,<4,20-40,4-6,CTX[<4|20-40|4-6]::DNA[RECOVERING|45-50|0-2|-2-0|STRONG_POS|POSITIVE|<0.7|NO_G2|NO_EARLY|NO_PULL|NO_DRYUP|40-60],CTX[<4|20-40|4-6]::DNA[RECOVERING|45-50|0-2|-2-0|STRONG_POS|POSITIVE|<0.7|NO_G2|NO_EARLY|NO_PULL|NO_DRYUP|40-60],CTX[<4|20-40|4-6]::DNA[RECOVERING|45-50|0-2|-2-0|STRONG_POS|POSITIVE|<0.7|NO_G2|NO_EARLY|NO_PULL|NO_DRYUP|40-60],V4,2026-08-18T12:13:06Z
e616cdc423e24ba9,e616cdc423e24ba9,PENDING_OUTCOME,2026-08-18,2026-08-18T12:13:05Z,4.0.0,GEN3_EXPERIENCE,DECISION_CONTEXT_V1,STB,75200.0,🌱 ĐANG HỒI,68.0,0.0,🟢 MUA / GIỮ,OBV tốt + RSI cải thiện + Vị trí giá tốt,59.39,7.22,1.21,1.48,-0.27,73776.76,72965.0,1.11,0.26,1.9291169739630742,3.0631124511752317,🟢,7978556.0,3673913.0,2.171677990197373,1.93,5.92,13.77,-1.18,False,False,False,PULL VỪA,,,,415186556.0,408336069.0,,False,,,57.78,17.0,-1.2,9.0,4.0,5.7,5.7,7.6,1.3,30.0,🔴 Forecast rủi ro,RECOVERING|55-60|0-2|-2-0|STRONG_POS|POSITIVE|>=1.5|NO_G2|NO_EARLY|NO_PULL|NO_DRYUP|40-60,<4|20-40|4-6,RECOVERING,55-60,0-2,-2-0,STRONG_POS,>=1.5,POSITIVE,NO_G2,NO_EARLY,NO_PULL,NO_DRYUP,40-60,<4,20-40,4-6,CTX[<4|20-40|4-6]::DNA[RECOVERING|55-60|0-2|-2-0|STRONG_POS|POSITIVE|>=1.5|NO_G2|NO_EARLY|NO_PULL|NO_DRYUP|40-60],CTX[<4|20-40|4-6]::DNA[RECOVERING|55-60|0-2|-2-0|STRONG_POS|POSITIVE|>=1.5|NO_G2|NO_EARLY|NO_PULL|NO_DRYUP|40-60],CTX[<4|20-40|4-6]::DNA[RECOVERING|55-60|0-2|-2-0|STRONG_POS|POSITIVE|>=1.5|NO_G2|NO_EARLY|NO_PULL|NO_DRYUP|40-60],V4,2026-08-18T12:13:06Z
41c757f2de920756,41c757f2de920756,PENDING_OUTCOME,2026-08-18,2026-08-18T12:13:05Z,4.0.0,GEN3_EXPERIENCE,DECISION_CONTEXT_V1,VSC,14550.0,🟡 TRUNG TÍNH,67.9,1.0,👀 THEO DÕI,OBV tốt + Vị trí giá tốt + Xu hướng lên,45.07,2.45,-1.69,-2.02,0.33000000000000007,14557.39,14170.0,2.73,-0.58,-0.050764594477437086,2.6817219477769827,🟢,7524700.0,10566315.0,0.7121404198152336,-0.05,14.57,14.57,-4.59,False,False,False,MUA EARLY,,,,291985600.0,279796559.0,,False,,,54.14,-1.5,-1.7,3.0,5.0,5.7,5.7,7.6,1.3,30.0,🔴 Forecast rủi ro,NEUTRAL|45-50|<-2|0-2|STRONG_POS|POSITIVE|0.7-1.0|NO_G2|NO_EARLY|NO_PULL|NO_DRYUP|40-60,<4|20-40|4-6,NEUTRAL,45-50,<-2,0-2,STRONG_POS,0.7-1.0,POSITIVE,NO_G2,NO_EARLY,NO_PULL,NO_DRYUP,40-60,<4,20-40,4-6,CTX[<4|20-40|4-6]::DNA[NEUTRAL|45-50|<-2|0-2|STRONG_POS|POSITIVE|0.7-1.0|NO_G2|NO_EARLY|NO_PULL|NO_DRYUP|40-60],CTX[<4|20-40|4-6]::DNA[NEUTRAL|45-50|<-2|0-2|STRONG_POS|POSITIVE|0.7-1.0|NO_G2|NO_EARLY|NO_PULL|NO_DRYUP|40-60],CTX[<4|20-40|4-6]::DNA[NEUTRAL|45-50|<-2|0-2|STRONG_POS|POSITIVE|0.7-1.0|NO_G2|NO_EARLY|NO_PULL|NO_DRYUP|40-60],V4,2026-08-18T12:13:06Z
57b5f83c43e0f6b6,57b5f83c43e0f6b6,PENDING_OUTCOME,2026-08-18,2026-08-18T12:13:05Z,4.0.0,GEN3_EXPERIENCE,DECISION_CONTEXT_V1,FRT,145100.0,🟡 TRUNG TÍNH,67.4,1.0,👀 THEO DÕI,OBV tốt + Vol xác nhận + Vị trí giá tốt,69.52,-8.06,-0.96,9.02,-9.98,141309.38,128270.0,10.17,-1.61,2.6824970854730124,13.120760894987127,🟢,836032.0,724877.0,1.1533432568559907,2.68,38.19,38.19,-2.29,False,False,False,MUA EARLY,,,,3142168.0,2798439.0,,False,,,56.6,-5.0,-5.0,6.0,5.0,5.7,5.7,7.6,1.3,30.0,🔴 Forecast rủi ro,NEUTRAL|65-70|5-10|<-2|STRONG_POS|POSITIVE|1.0-1.2|NO_G2|NO_EARLY|NO_PULL|NO_DRYUP|40-60,<4|20-40|4-6,NEUTRAL,65-70,5-10,<-2,STRONG_POS,1.0-1.2,POSITIVE,NO_G2,NO_EARLY,NO_PULL,NO_DRYUP,40-60,<4,20-40,4-6,CTX[<4|20-40|4-6]::DNA[NEUTRAL|65-70|5-10|<-2|STRONG_POS|POSITIVE|1.0-1.2|NO_G2|NO_EARLY|NO_PULL|NO_DRYUP|40-60],CTX[<4|20-40|4-6]::DNA[NEUTRAL|65-70|5-10|<-2|STRONG_POS|POSITIVE|1.0-1.2|NO_G2|NO_EARLY|NO_PULL|NO_DRYUP|40-60],CTX[<4|20-40|4-6]::DNA[NEUTRAL|65-70|5-10|<-2|STRONG_POS|POSITIVE|1.0-1.2|NO_G2|NO_EARLY|NO_PULL|NO_DRYUP|40-60],V4,2026-08-18T12:13:06Z
afb76808a6647bcd,afb76808a6647bcd,PENDING_OUTCOME,2026-08-18,2026-08-18T12:13:05Z,4.0.0,GEN3_EXPERIENCE,DECISION_CONTEXT_V1,VGI,86400.0,🟡 TRUNG TÍNH,67.1,1.0,👀 THEO DÕI,OBV tốt + RSI cải thiện + Vị trí giá tốt,56.06,2.78,-0.58,5.88,-6.46,84732.81,81965.0,3.38,-1.16,1.9675849296158177,5.410846092844501,🟢,668600.0,333555.0,2.004467029425432,1.97,15.82,15.82,-6.09,False,False,False,GÀ TĂNG TỐC,,,,-12924100.0,-13276634.0,,False,,,60.14,17.0,-11.6,9.0,0.0,5.7,5.7,7.6,1.3,30.0,🔴 Forecast rủi ro,NEUTRAL|55-60|5-10|<-2|STRONG_POS|POSITIVE|>=1.5|NO_G2|NO_EARLY|NO_PULL|NO_DRYUP|60-75,<4|20-40|4-6,NEUTRAL,55-60,5-10,<-2,STRONG_POS,>=1.5,POSITIVE,NO_G2,NO_EARLY,NO_PULL,NO_DRYUP,60-75,<4,20-40,4-6,CTX[<4|20-40|4-6]::DNA[NEUTRAL|55-60|5-10|<-2|STRONG_POS|POSITIVE|>=1.5|NO_G2|NO_EARLY|NO_PULL|NO_DRYUP|60-75],CTX[<4|20-40|4-6]::DNA[NEUTRAL|55-60|5-10|<-2|STRONG_POS|POSITIVE|>=1.5|NO_G2|NO_EARLY|NO_PULL|NO_DRYUP|60-75],CTX[<4|20-40|4-6]::DNA[NEUTRAL|55-60|5-10|<-2|STRONG_POS|POSITIVE|>=1.5|NO_G2|NO_EARLY|NO_PULL|NO_DRYUP|60-75],V4,2026-08-18T12:13:06Z
55a73ceb8481ee37,55a73ceb8481ee37,PENDING_OUTCOME,2026-08-18,2026-08-18T12:13:05Z,4.0.0,GEN3_EXPERIENCE,DECISION_CONTEXT_V1,HAH,46700.0,🟡 TRUNG TÍNH,66.8,1.0,👀 THEO DÕI,OBV tốt + Vị trí giá tốt + RSI cải thiện,51.58,7.73,1.3,1.41,-0.10999999999999988,46072.81,45510.0,1.24,-0.01,1.3613018177098368,2.6148099318830997,🟢,1388363.0,586123.0,2.3687229472312126,1.36,6.38,6.38,-1.48,False,False,False,MUA EARLY,,,,21391263.0,19973824.0,,False,,,55.7,15.5,-3.9,8.0,5.0,5.7,5.7,7.6,1.3,30.0,🔴 Forecast rủi ro,NEUTRAL|50-55|0-2|-2-0|STRONG_POS|POSITIVE|>=1.5|NO_G2|NO_EARLY|NO_PULL|NO_DRYUP|40-60,<4|20-40|4-6,NEUTRAL,50-55,0-2,-2-0,STRONG_POS,>=1.5,POSITIVE,NO_G2,NO_EARLY,NO_PULL,NO_DRYUP,40-60,<4,20-40,4-6,CTX[<4|20-40|4-6]::DNA[NEUTRAL|50-55|0-2|-2-0|STRONG_POS|POSITIVE|>=1.5|NO_G2|NO_EARLY|NO_PULL|NO_DRYUP|40-60],CTX[<4|20-40|4-6]::DNA[NEUTRAL|50-55|0-2|-2-0|STRONG_POS|POSITIVE|>=1.5|NO_G2|NO_EARLY|NO_PULL|NO_DRYUP|40-60],CTX[<4|20-40|4-6]::DNA[NEUTRAL|50-55|0-2|-2-0|STRONG_POS|POSITIVE|>=1.5|NO_G2|NO_EARLY|NO_PULL|NO_DRYUP|40-60],V4,2026-08-18T12:13:06Z
b2c74d1f2d3660e6,b2c74d1f2d3660e6,PENDING_OUTCOME,2026-08-18,2026-08-18T12:13:05Z,4.0.0,GEN3_EXPERIENCE,DECISION_CONTEXT_V1,HAG,14150.0,🟡 TRUNG TÍNH,66.8,1.0,👀 THEO DÕI,OBV tốt + Vị trí giá tốt + RSI cải thiện,45.22,3.41,0.35,0.0,0.35,14104.89,14055.0,0.35,0.32,0.3198181623536245,0.6759160441124124,🟢,1431200.0,2102150.0,0.6808267725899674,0.32,3.28,3.28,-2.41,False,False,False,MUA EARLY,,,,388130100.0,387854298.0,,False,,,54.31,5.0,-3.8,5.0,5.0,5.7,5.7,7.6,1.3,30.0,🔴 Forecast rủi ro,NEUTRAL|45-50|0-2|0-2|STRONG_POS|POSITIVE|<0.7|NO_G2|NO_EARLY|NO_PULL|NO_DRYUP|40-60,<4|20-40|4-6,NEUTRAL,45-50,0-2,0-2,STRONG_POS,<0.7,POSITIVE,NO_G2,NO_EARLY,NO_PULL,NO_DRYUP,40-60,<4,20-40,4-6,CTX[<4|20-40|4-6]::DNA[NEUTRAL|45-50|0-2|0-2|STRONG_POS|POSITIVE|<0.7|NO_G2|NO_EARLY|NO_PULL|NO_DRYUP|40-60],CTX[<4|20-40|4-6]::DNA[NEUTRAL|45-50|0-2|0-2|STRONG_POS|POSITIVE|<0.7|NO_G2|NO_EARLY|NO_PULL|NO_DRYUP|40-60],CTX[<4|20-40|4-6]::DNA[NEUTRAL|45-50|0-2|0-2|STRONG_POS|POSITIVE|<0.7|NO_G2|NO_EARLY|NO_PULL|NO_DRYUP|40-60],V4,2026-08-18T12:13:06Z
29c21a808f182c76,29c21a808f182c76,PENDING_OUTCOME,2026-08-18,2026-08-18T12:13:05Z,4.0.0,GEN3_EXPERIENCE,DECISION_CONTEXT_V1,VHC,53400.0,🟡 TRUNG TÍNH,66.3,1.0,👀 THEO DÕI,OBV tốt + Vị trí giá tốt + Vol xác nhận,44.78,-3.74,2.5,-0.19,2.69,53442.97,53260.0,0.34,1.25,-0.08040346560080902,0.2628614344724056,🟢,300900.0,368320.0,0.8169526498696785,-0.08,3.89,3.89,-5.49,False,False,False,MUA EARLY,,,,2569000.0,1929565.0,,False,,,54.32,2.0,-1.7,3.0,5.0,5.7,5.7,7.6,1.3,30.0,🔴 Forecast rủi ro,NEUTRAL|<45|-2-0|2-5|STRONG_POS|POSITIVE|0.7-1.0|NO_G2|NO_EARLY|NO_PULL|NO_DRYUP|40-60,<4|20-40|4-6,NEUTRAL,<45,-2-0,2-5,STRONG_POS,0.7-1.0,POSITIVE,NO_G2,NO_EARLY,NO_PULL,NO_DRYUP,40-60,<4,20-40,4-6,CTX[<4|20-40|4-6]::DNA[NEUTRAL|<45|-2-0|2-5|STRONG_POS|POSITIVE|0.7-1.0|NO_G2|NO_EARLY|NO_PULL|NO_DRYUP|40-60],CTX[<4|20-40|4-6]::DNA[NEUTRAL|<45|-2-0|2-5|STRONG_POS|POSITIVE|0.7-1.0|NO_G2|NO_EARLY|NO_PULL|NO_DRYUP|40-60],CTX[<4|20-40|4-6]::DNA[NEUTRAL|<45|-2-0|2-5|STRONG_POS|POSITIVE|0.7-1.0|NO_G2|NO_EARLY|NO_PULL|NO_DRYUP|40-60],V4,2026-08-18T12:13:06Z
820afa4d25c61696,820afa4d25c61696,PENDING_OUTCOME,2026-08-18,2026-08-18T12:13:05Z,4.0.0,GEN3_EXPERIENCE,DECISION_CONTEXT_V1,PDR,12050.0,🟡 TRUNG TÍNH,66.1,1.0,👀 THEO DÕI,OBV tốt + Vị trí giá tốt + Xu hướng lên,40.91,2.86,-0.41,-0.41,0.0,12016.96,11877.5,1.17,1.22,0.27494474476075226,1.4523258261418759,🟢,4088500.0,7148735.0,0.5719193675524411,0.27,8.07,8.07,-5.12,False,False,False,MUA EARLY,,,,242639300.0,242238926.0,,False,,,53.61,3.5,-3.7,5.0,5.0,5.7,5.7,7.6,1.3,30.0,🔴 Forecast rủi ro,NEUTRAL|<45|-2-0|0-2|STRONG_POS|POSITIVE|<0.7|NO_G2|NO_EARLY|NO_PULL|NO_DRYUP|40-60,<4|20-40|4-6,NEUTRAL,<45,-2-0,0-2,STRONG_POS,<0.7,POSITIVE,NO_G2,NO_EARLY,NO_PULL,NO_DRYUP,40-60,<4,20-40,4-6,CTX[<4|20-40|4-6]::DNA[NEUTRAL|<45|-2-0|0-2|STRONG_POS|POSITIVE|<0.7|NO_G2|NO_EARLY|NO_PULL|NO_DRYUP|40-60],CTX[<4|20-40|4-6]::DNA[NEUTRAL|<45|-2-0|0-2|STRONG_POS|POSITIVE|<0.7|NO_G2|NO_EARLY|NO_PULL|NO_DRYUP|40-60],CTX[<4|20-40|4-6]::DNA[NEUTRAL|<45|-2-0|0-2|STRONG_POS|POSITIVE|<0.7|NO_G2|NO_EARLY|NO_PULL|NO_DRYUP|40-60],V4,2026-08-18T12:13:06Z
fc672ba7cb914cd2,fc672ba7cb914cd2,PENDING_OUTCOME,2026-08-18,2026-08-18T12:13:05Z,4.0.0,GEN3_EXPERIENCE,DECISION_CONTEXT_V1,EVF,12500.0,🟡 TRUNG TÍNH,65.8,1.0,👀 THEO DÕI,OBV tốt + Vol xác nhận + Vị trí giá tốt,49.06,-4.45,0.4,0.0,0.4,12484.62,12370.0,0.93,-0.14,0.12319157491376131,1.0509296685529579,🟢,1316700.0,1451410.0,0.9071868045555701,0.12,5.93,5.93,-3.85,False,False,False,MUA EARLY,,,,154308100.0,152845952.0,,False,,,54.98,7.0,-1.7,6.0,5.0,5.7,5.7,7.6,1.3,30.0,🔴 Forecast rủi ro,NEUTRAL|45-50|0-2|0-2|STRONG_POS|POSITIVE|0.7-1.0|NO_G2|NO_EARLY|NO_PULL|NO_DRYUP|40-60,<4|20-40|4-6,NEUTRAL,45-50,0-2,0-2,STRONG_POS,0.7-1.0,POSITIVE,NO_G2,NO_EARLY,NO_PULL,NO_DRYUP,40-60,<4,20-40,4-6,CTX[<4|20-40|4-6]::DNA[NEUTRAL|45-50|0-2|0-2|STRONG_POS|POSITIVE|0.7-1.0|NO_G2|NO_EARLY|NO_PULL|NO_DRYUP|40-60],CTX[<4|20-40|4-6]::DNA[NEUTRAL|45-50|0-2|0-2|STRONG_POS|POSITIVE|0.7-1.0|NO_G2|NO_EARLY|NO_PULL|NO_DRYUP|40-60],CTX[<4|20-40|4-6]::DNA[NEUTRAL|45-50|0-2|0-2|STRONG_POS|POSITIVE|0.7-1.0|NO_G2|NO_EARLY|NO_PULL|NO_DRYUP|40-60],V4,2026-08-18T12:13:06Z
beedda90b789e4ba,beedda90b789e4ba,PENDING_OUTCOME,2026-08-18,2026-08-18T12:13:05Z,4.0.0,GEN3_EXPERIENCE,DECISION_CONTEXT_V1,MBB,19950.0,🟡 TRUNG TÍNH,64.9,1.0,👀 THEO DÕI,OBV tốt + Vị trí giá tốt + Xu hướng lên,52.65,-3.38,-1.97,-1.82,-0.1499999999999999,19986.95,19459.0,2.71,-0.77,-0.18487062808483223,2.5232540212755117,🟢,7081200.0,14142225.0,0.5007132894576348,-0.18,10.65,10.65,-2.92,False,False,False,MUA EARLY,,,,913235116.0,908353940.0,,False,,,55.32,-5.5,-7.1,3.0,5.0,5.7,5.7,7.6,1.3,30.0,🔴 Forecast rủi ro,NEUTRAL|50-55|-2-0|-2-0|STRONG_POS|POSITIVE|<0.7|NO_G2|NO_EARLY|NO_PULL|NO_DRYUP|40-60,<4|20-40|4-6,NEUTRAL,50-55,-2-0,-2-0,STRONG_POS,<0.7,POSITIVE,NO_G2,NO_EARLY,NO_PULL,NO_DRYUP,40-60,<4,20-40,4-6,CTX[<4|20-40|4-6]::DNA[NEUTRAL|50-55|-2-0|-2-0|STRONG_POS|POSITIVE|<0.7|NO_G2|NO_EARLY|NO_PULL|NO_DRYUP|40-60],CTX[<4|20-40|4-6]::DNA[NEUTRAL|50-55|-2-0|-2-0|STRONG_POS|POSITIVE|<0.7|NO_G2|NO_EARLY|NO_PULL|NO_DRYUP|40-60],CTX[<4|20-40|4-6]::DNA[NEUTRAL|50-55|-2-0|-2-0|STRONG_POS|POSITIVE|<0.7|NO_G2|NO_EARLY|NO_PULL|NO_DRYUP|40-60],V4,2026-08-18T12:13:06Z
b807f51ae69f3a3e,b807f51ae69f3a3e,PENDING_OUTCOME,2026-08-18,2026-08-18T12:13:05Z,4.0.0,GEN3_EXPERIENCE,DECISION_CONTEXT_V1,TCX,39800.0,🟡 TRUNG TÍNH,64.6,1.0,👀 THEO DÕI,OBV tốt + Vol xác nhận + Vị trí giá tốt,45.66,0.23,-2.45,-2.09,-0.3600000000000003,39798.31,39800.0,-0.0,0.15,0.004246411468233902,0.0,🟢,1719686.0,1618099.0,1.0627816962991758,0.0,6.13,6.13,-5.13,False,False,False,MUA EARLY,,,,18967086.0,18622486.0,,False,,,54.29,6.0,1.5,4.0,5.0,5.7,5.7,7.6,1.3,30.0,🔴 Forecast rủi ro,NEUTRAL|45-50|<-2|-2-0|POS|POSITIVE|1.0-1.2|NO_G2|NO_EARLY|NO_PULL|NO_DRYUP|40-60,<4|20-40|4-6,NEUTRAL,45-50,<-2,-2-0,POS,1.0-1.2,POSITIVE,NO_G2,NO_EARLY,NO_PULL,NO_DRYUP,40-60,<4,20-40,4-6,CTX[<4|20-40|4-6]::DNA[NEUTRAL|45-50|<-2|-2-0|POS|POSITIVE|1.0-1.2|NO_G2|NO_EARLY|NO_PULL|NO_DRYUP|40-60],CTX[<4|20-40|4-6]::DNA[NEUTRAL|45-50|<-2|-2-0|POS|POSITIVE|1.0-1.2|NO_G2|NO_EARLY|NO_PULL|NO_DRYUP|40-60],CTX[<4|20-40|4-6]::DNA[NEUTRAL|45-50|<-2|-2-0|POS|POSITIVE|1.0-1.2|NO_G2|NO_EARLY|NO_PULL|NO_DRYUP|40-60],V4,2026-08-18T12:13:06Z
d3d3f5e1bdc41e27,d3d3f5e1bdc41e27,PENDING_OUTCOME,2026-08-18,2026-08-18T12:13:05Z,4.0.0,GEN3_EXPERIENCE,DECISION_CONTEXT_V1,BID,36000.0,🟡 TRUNG TÍNH,64.3,1.0,👀 THEO DÕI,OBV tốt + Vị trí giá tốt + Xu hướng lên,49.48,-2.74,-1.64,1.21,-2.8499999999999996,36019.11,35159.95,2.44,-0.62,-0.05305516988065584,2.3892241029921824,🟢,2494000.0,4434285.0,0.5624356576088366,-0.05,10.84,10.84,-3.59,False,False,False,MUA EARLY,,,,148059700.0,147070748.0,,False,,,54.94,-7.0,-7.4,3.0,5.0,5.7,5.7,7.6,1.3,30.0,🔴 Forecast rủi ro,NEUTRAL|45-50|0-2|<-2|STRONG_POS|POSITIVE|<0.7|NO_G2|NO_EARLY|NO_PULL|NO_DRYUP|40-60,<4|20-40|4-6,NEUTRAL,45-50,0-2,<-2,STRONG_POS,<0.7,POSITIVE,NO_G2,NO_EARLY,NO_PULL,NO_DRYUP,40-60,<4,20-40,4-6,CTX[<4|20-40|4-6]::DNA[NEUTRAL|45-50|0-2|<-2|STRONG_POS|POSITIVE|<0.7|NO_G2|NO_EARLY|NO_PULL|NO_DRYUP|40-60],CTX[<4|20-40|4-6]::DNA[NEUTRAL|45-50|0-2|<-2|STRONG_POS|POSITIVE|<0.7|NO_G2|NO_EARLY|NO_PULL|NO_DRYUP|40-60],CTX[<4|20-40|4-6]::DNA[NEUTRAL|45-50|0-2|<-2|STRONG_POS|POSITIVE|<0.7|NO_G2|NO_EARLY|NO_PULL|NO_DRYUP|40-60],V4,2026-08-18T12:13:06Z
657d6dd24d069769,657d6dd24d069769,PENDING_OUTCOME,2026-08-18,2026-08-18T12:13:05Z,4.0.0,GEN3_EXPERIENCE,DECISION_CONTEXT_V1,PVD,18500.0,🟡 TRUNG TÍNH,63.8,1.0,👀 THEO DÕI,OBV tốt + Vị trí giá tốt + RSI cải thiện,50.42,2.8,1.65,2.21,-0.56,18266.26,18252.5,0.08,0.62,1.2796270281929756,1.355978633063959,🟢,21236187.0,3879009.0,5.474642363552134,1.28,5.71,5.71,-4.64,False,False,False,MUA EARLY,,,,294707287.0,277699088.0,,False,,,55.62,17.0,-3.7,8.0,5.0,5.7,5.7,7.6,1.3,30.0,🔴 Forecast rủi ro,NEUTRAL|50-55|2-5|-2-0|POS|POSITIVE|>=1.5|NO_G2|NO_EARLY|NO_PULL|NO_DRYUP|40-60,<4|20-40|4-6,NEUTRAL,50-55,2-5,-2-0,POS,>=1.5,POSITIVE,NO_G2,NO_EARLY,NO_PULL,NO_DRYUP,40-60,<4,20-40,4-6,CTX[<4|20-40|4-6]::DNA[NEUTRAL|50-55|2-5|-2-0|POS|POSITIVE|>=1.5|NO_G2|NO_EARLY|NO_PULL|NO_DRYUP|40-60],CTX[<4|20-40|4-6]::DNA[NEUTRAL|50-55|2-5|-2-0|POS|POSITIVE|>=1.5|NO_G2|NO_EARLY|NO_PULL|NO_DRYUP|40-60],CTX[<4|20-40|4-6]::DNA[NEUTRAL|50-55|2-5|-2-0|POS|POSITIVE|>=1.5|NO_G2|NO_EARLY|NO_PULL|NO_DRYUP|40-60],V4,2026-08-18T12:13:06Z
c73b138a8ef0c22d,c73b138a8ef0c22d,PENDING_OUTCOME,2026-08-18,2026-08-18T12:13:05Z,4.0.0,GEN3_EXPERIENCE,DECISION_CONTEXT_V1,NT2,21300.0,🟡 TRUNG TÍNH,62.9,1.0,👀 THEO DÕI,OBV tốt + Vol xác nhận + Vị trí giá tốt,46.48,-3.36,-1.39,-0.7,-0.69,21369.01,21262.5,0.5,-0.37,-0.32294430111642347,0.17636684303350414,🟢,475700.0,524540.0,0.9068898463415564,-0.32,3.9,3.9,-2.74,False,False,False,TÍCH LŨY,,,,14795500.0,14595093.0,,False,,,52.7,-8.0,-2.9,2.0,6.0,5.7,5.7,7.6,1.3,30.0,🔴 Forecast rủi ro,NEUTRAL|45-50|-2-0|-2-0|STRONG_POS|POSITIVE|0.7-1.0|NO_G2|NO_EARLY|NO_PULL|NO_DRYUP|40-60,<4|20-40|4-6,NEUTRAL,45-50,-2-0,-2-0,STRONG_POS,0.7-1.0,POSITIVE,NO_G2,NO_EARLY,NO_PULL,NO_DRYUP,40-60,<4,20-40,4-6,CTX[<4|20-40|4-6]::DNA[NEUTRAL|45-50|-2-0|-2-0|STRONG_POS|POSITIVE|0.7-1.0|NO_G2|NO_EARLY|NO_PULL|NO_DRYUP|40-60],CTX[<4|20-40|4-6]::DNA[NEUTRAL|45-50|-2-0|-2-0|STRONG_POS|POSITIVE|0.7-1.0|NO_G2|NO_EARLY|NO_PULL|NO_DRYUP|40-60],CTX[<4|20-40|4-6]::DNA[NEUTRAL|45-50|-2-0|-2-0|STRONG_POS|POSITIVE|0.7-1.0|NO_G2|NO_EARLY|NO_PULL|NO_DRYUP|40-60],V4,2026-08-18T12:13:06Z
7e8ce1ced8fb8a33,7e8ce1ced8fb8a33,PENDING_OUTCOME,2026-08-18,2026-08-18T12:13:05Z,4.0.0,GEN3_EXPERIENCE,DECISION_CONTEXT_V1,CEO,11900.0,🟡 TRUNG TÍNH,62.9,1.0,👀 THEO DÕI,OBV tốt + Vị trí giá tốt + Xu hướng lên,42.03,0.68,-2.46,-0.83,-1.63,11994.01,11785.0,1.77,0.37,-0.7838079174521284,0.9758167161646236,🟢,3380400.0,6007475.0,0.5626989708654634,-0.78,10.19,10.19,-4.8,False,False,False,MUA EARLY,,,,305616900.0,301043593.0,,False,,,53.67,1.5,-3.7,3.0,5.0,5.7,5.7,7.6,1.3,30.0,🔴 Forecast rủi ro,NEUTRAL|<45|-2-0|-2-0|STRONG_POS|POSITIVE|<0.7|NO_G2|NO_EARLY|NO_PULL|NO_DRYUP|40-60,<4|20-40|4-6,NEUTRAL,<45,-2-0,-2-0,STRONG_POS,<0.7,POSITIVE,NO_G2,NO_EARLY,NO_PULL,NO_DRYUP,40-60,<4,20-40,4-6,CTX[<4|20-40|4-6]::DNA[NEUTRAL|<45|-2-0|-2-0|STRONG_POS|POSITIVE|<0.7|NO_G2|NO_EARLY|NO_PULL|NO_DRYUP|40-60],CTX[<4|20-40|4-6]::DNA[NEUTRAL|<45|-2-0|-2-0|STRONG_POS|POSITIVE|<0.7|NO_G2|NO_EARLY|NO_PULL|NO_DRYUP|40-60],CTX[<4|20-40|4-6]::DNA[NEUTRAL|<45|-2-0|-2-0|STRONG_POS|POSITIVE|<0.7|NO_G2|NO_EARLY|NO_PULL|NO_DRYUP|40-60],V4,2026-08-18T12:13:06Z
585fb09f186cf595,585fb09f186cf595,PENDING_OUTCOME,2026-08-18,2026-08-18T12:13:05Z,4.0.0,GEN3_EXPERIENCE,DECISION_CONTEXT_V1,MML,28100.0,🟡 TRUNG TÍNH,62.3,1.0,👀 THEO DÕI,OBV tốt + Vị trí giá tốt + Vol xác nhận,47.97,-5.12,-0.35,-1.4,1.0499999999999998,28163.41,27935.0,0.82,-0.49,-0.2251502925249449,0.5906568820476021,🟢,17300.0,24305.0,0.7117876980045258,-0.23,6.04,6.04,-5.07,False,False,False,TÍCH LŨY,,,,-1482700.0,-1497325.0,,False,,,52.93,0.5,2.6,2.0,6.0,5.7,5.7,7.6,1.3,30.0,🔴 Forecast rủi ro,NEUTRAL|45-50|-2-0|0-2|STRONG_POS|POSITIVE|0.7-1.0|NO_G2|NO_EARLY|NO_PULL|NO_DRYUP|40-60,<4|20-40|4-6,NEUTRAL,45-50,-2-0,0-2,STRONG_POS,0.7-1.0,POSITIVE,NO_G2,NO_EARLY,NO_PULL,NO_DRYUP,40-60,<4,20-40,4-6,CTX[<4|20-40|4-6]::DNA[NEUTRAL|45-50|-2-0|0-2|STRONG_POS|POSITIVE|0.7-1.0|NO_G2|NO_EARLY|NO_PULL|NO_DRYUP|40-60],CTX[<4|20-40|4-6]::DNA[NEUTRAL|45-50|-2-0|0-2|STRONG_POS|POSITIVE|0.7-1.0|NO_G2|NO_EARLY|NO_PULL|NO_DRYUP|40-60],CTX[<4|20-40|4-6]::DNA[NEUTRAL|45-50|-2-0|0-2|STRONG_POS|POSITIVE|0.7-1.0|NO_G2|NO_EARLY|NO_PULL|NO_DRYUP|40-60],V4,2026-08-18T12:13:06Z
5d087ab7db17887d,5d087ab7db17887d,PENDING_OUTCOME,2026-08-18,2026-08-18T12:13:05Z,4.0.0,GEN3_EXPERIENCE,DECISION_CONTEXT_V1,DXS,5850.0,🟡 TRUNG TÍNH,62.2,1.0,👀 THEO DÕI,OBV tốt + Vị trí giá tốt + Xu hướng lên,40.07,1.82,-2.34,-0.51,-1.8299999999999998,5932.54,5871.0,1.05,1.2,-1.3913096245453005,-0.35769034236076136,🟢,1066600.0,1833815.0,0.5816290083787078,-1.39,4.28,4.28,-6.7,False,False,False,MUA EARLY,,,,51272000.0,49331691.0,,False,,,53.36,1.5,-3.7,3.0,5.0,5.7,5.7,7.6,1.3,30.0,🔴 Forecast rủi ro,NEUTRAL|<45|-2-0|-2-0|STRONG_POS|POSITIVE|<0.7|NO_G2|NO_EARLY|NO_PULL|NO_DRYUP|40-60,<4|20-40|4-6,NEUTRAL,<45,-2-0,-2-0,STRONG_POS,<0.7,POSITIVE,NO_G2,NO_EARLY,NO_PULL,NO_DRYUP,40-60,<4,20-40,4-6,CTX[<4|20-40|4-6]::DNA[NEUTRAL|<45|-2-0|-2-0|STRONG_POS|POSITIVE|<0.7|NO_G2|NO_EARLY|NO_PULL|NO_DRYUP|40-60],CTX[<4|20-40|4-6]::DNA[NEUTRAL|<45|-2-0|-2-0|STRONG_POS|POSITIVE|<0.7|NO_G2|NO_EARLY|NO_PULL|NO_DRYUP|40-60],CTX[<4|20-40|4-6]::DNA[NEUTRAL|<45|-2-0|-2-0|STRONG_POS|POSITIVE|<0.7|NO_G2|NO_EARLY|NO_PULL|NO_DRYUP|40-60],V4,2026-08-18T12:13:06Z
d92170cd3219f852,d92170cd3219f852,PENDING_OUTCOME,2026-08-18,2026-08-18T12:13:05Z,4.0.0,GEN3_EXPERIENCE,DECISION_CONTEXT_V1,CTG,31550.0,🟡 TRUNG TÍNH,62.1,1.0,👀 THEO DÕI,OBV tốt + Vị trí giá tốt + Xu hướng lên,48.89,-5.7,-2.32,-0.94,-1.38,31708.97,30947.45,2.46,-0.99,-0.5013407877960119,1.947010173697672,🟢,5208719.0,8842466.0,0.5890572833415475,-0.5,9.74,9.74,-4.39,False,False,False,MUA EARLY,,,,375205819.0,373906395.0,,False,,,54.73,-4.0,-2.8,3.0,5.0,5.7,5.7,7.6,1.3,30.0,🔴 Forecast rủi ro,NEUTRAL|45-50|-2-0|-2-0|STRONG_POS|POSITIVE|<0.7|NO_G2|NO_EARLY|NO_PULL|NO_DRYUP|40-60,<4|20-40|4-6,NEUTRAL,45-50,-2-0,-2-0,STRONG_POS,<0.7,POSITIVE,NO_G2,NO_EARLY,NO_PULL,NO_DRYUP,40-60,<4,20-40,4-6,CTX[<4|20-40|4-6]::DNA[NEUTRAL|45-50|-2-0|-2-0|STRONG_POS|POSITIVE|<0.7|NO_G2|NO_EARLY|NO_PULL|NO_DRYUP|40-60],CTX[<4|20-40|4-6]::DNA[NEUTRAL|45-50|-2-0|-2-0|STRONG_POS|POSITIVE|<0.7|NO_G2|NO_EARLY|NO_PULL|NO_DRYUP|40-60],CTX[<4|20-40|4-6]::DNA[NEUTRAL|45-50|-2-0|-2-0|STRONG_POS|POSITIVE|<0.7|NO_G2|NO_EARLY|NO_PULL|NO_DRYUP|40-60],V4,2026-08-18T12:13:06Z
d43f42e6945e43e3,d43f42e6945e43e3,PENDING_OUTCOME,2026-08-18,2026-08-18T12:13:05Z,4.0.0,GEN3_EXPERIENCE,DECISION_CONTEXT_V1,MSN,66800.0,🟡 TRUNG TÍNH,61.6,1.0,👀 THEO DÕI,OBV tốt + Vị trí giá tốt,46.47,-3.33,-0.45,-2.34,1.89,66966.19,66450.0,0.78,-0.55,-0.24817000937339406,0.5267118133935211,🟢,2283000.0,4131235.0,0.5526192530804953,-0.25,4.54,4.54,-3.75,False,False,False,MUA EARLY,,,,107101400.0,106654009.0,,False,,,54.36,3.0,-3.7,3.0,5.0,5.7,5.7,7.6,1.3,30.0,🔴 Forecast rủi ro,NEUTRAL|45-50|<-2|0-2|STRONG_POS|POSITIVE|<0.7|NO_G2|NO_EARLY|NO_PULL|NO_DRYUP|40-60,<4|20-40|4-6,NEUTRAL,45-50,<-2,0-2,STRONG_POS,<0.7,POSITIVE,NO_G2,NO_EARLY,NO_PULL,NO_DRYUP,40-60,<4,20-40,4-6,CTX[<4|20-40|4-6]::DNA[NEUTRAL|45-50|<-2|0-2|STRONG_POS|POSITIVE|<0.7|NO_G2|NO_EARLY|NO_PULL|NO_DRYUP|40-60],CTX[<4|20-40|4-6]::DNA[NEUTRAL|45-50|<-2|0-2|STRONG_POS|POSITIVE|<0.7|NO_G2|NO_EARLY|NO_PULL|NO_DRYUP|40-60],CTX[<4|20-40|4-6]::DNA[NEUTRAL|45-50|<-2|0-2|STRONG_POS|POSITIVE|<0.7|NO_G2|NO_EARLY|NO_PULL|NO_DRYUP|40-60],V4,2026-08-18T12:13:06Z
b3f36a584f6c738a,b3f36a584f6c738a,PENDING_OUTCOME,2026-08-18,2026-08-18T12:13:05Z,4.0.0,GEN3_EXPERIENCE,DECISION_CONTEXT_V1,DCM,30700.0,🟡 TRUNG TÍNH,61.2,1.0,👀 THEO DÕI,OBV tốt + Vị trí giá tốt + Vol xác nhận,43.72,-0.05,-2.54,-0.81,-1.73,30886.9,30650.0,0.77,-0.88,-0.6051109046229963,0.16313213703098572,🟢,2757000.0,2043545.0,1.349126150879966,-0.61,6.23,6.23,-5.25,False,False,False,MUA EARLY,,,,63695100.0,63322218.0,,False,,,54.05,7.5,-3.9,5.0,5.0,5.7,5.7,7.6,1.3,30.0,🔴 Forecast rủi ro,NEUTRAL|<45|-2-0|-2-0|STRONG_POS|POSITIVE|1.2-1.5|NO_G2|NO_EARLY|NO_PULL|NO_DRYUP|40-60,<4|20-40|4-6,NEUTRAL,<45,-2-0,-2-0,STRONG_POS,1.2-1.5,POSITIVE,NO_G2,NO_EARLY,NO_PULL,NO_DRYUP,40-60,<4,20-40,4-6,CTX[<4|20-40|4-6]::DNA[NEUTRAL|<45|-2-0|-2-0|STRONG_POS|POSITIVE|1.2-1.5|NO_G2|NO_EARLY|NO_PULL|NO_DRYUP|40-60],CTX[<4|20-40|4-6]::DNA[NEUTRAL|<45|-2-0|-2-0|STRONG_POS|POSITIVE|1.2-1.5|NO_G2|NO_EARLY|NO_PULL|NO_DRYUP|40-60],CTX[<4|20-40|4-6]::DNA[NEUTRAL|<45|-2-0|-2-0|STRONG_POS|POSITIVE|1.2-1.5|NO_G2|NO_EARLY|NO_PULL|NO_DRYUP|40-60],V4,2026-08-18T12:13:06Z
6973e7d934b4eace,6973e7d934b4eace,PENDING_OUTCOME,2026-08-18,2026-08-18T12:13:05Z,4.0.0,GEN3_EXPERIENCE,DECISION_CONTEXT_V1,HDC,11650.0,🟡 TRUNG TÍNH,61.1,1.0,👀 THEO DÕI,OBV tốt + Vị trí giá tốt,37.76,3.16,-2.92,-2.1,-0.8199999999999998,11809.05,11712.5,0.82,0.79,-1.3468483916995844,-0.5336179295624355,🟢,734500.0,1265660.0,0.5803296303904683,-1.35,6.88,6.88,-7.17,False,False,False,MUA EARLY,,,,158828800.0,158196876.0,,False,,,53.0,6.0,-3.7,3.0,5.0,5.7,5.7,7.6,1.3,30.0,🔴 Forecast rủi ro,NEUTRAL|<45|<-2|-2-0|STRONG_POS|POSITIVE|<0.7|NO_G2|NO_EARLY|NO_PULL|NO_DRYUP|40-60,<4|20-40|4-6,NEUTRAL,<45,<-2,-2-0,STRONG_POS,<0.7,POSITIVE,NO_G2,NO_EARLY,NO_PULL,NO_DRYUP,40-60,<4,20-40,4-6,CTX[<4|20-40|4-6]::DNA[NEUTRAL|<45|<-2|-2-0|STRONG_POS|POSITIVE|<0.7|NO_G2|NO_EARLY|NO_PULL|NO_DRYUP|40-60],CTX[<4|20-40|4-6]::DNA[NEUTRAL|<45|<-2|-2-0|STRONG_POS|POSITIVE|<0.7|NO_G2|NO_EARLY|NO_PULL|NO_DRYUP|40-60],CTX[<4|20-40|4-6]::DNA[NEUTRAL|<45|<-2|-2-0|STRONG_POS|POSITIVE|<0.7|NO_G2|NO_EARLY|NO_PULL|NO_DRYUP|40-60],V4,2026-08-18T12:13:06Z
74c9d05822479fee,74c9d05822479fee,PENDING_OUTCOME,2026-08-18,2026-08-18T12:13:05Z,4.0.0,GEN3_EXPERIENCE,DECISION_CONTEXT_V1,DIG,10600.0,🟡 TRUNG TÍNH,61.0,1.0,👀 THEO DÕI,OBV tốt + Xu hướng lên + Vị trí giá tốt,41.95,0.4,-3.64,-0.93,-2.71,10763.73,10572.5,1.81,0.89,-1.5211269699258456,0.2601087727595264,🟢,4462200.0,9385020.0,0.47545982853526153,-1.52,9.39,9.39,-7.02,False,False,False,MUA EARLY,,,,190324100.0,186884064.0,,False,,,53.65,1.5,-1.7,3.0,5.0,5.7,5.7,7.6,1.3,30.0,🔴 Forecast rủi ro,NEUTRAL|<45|-2-0|<-2|STRONG_POS|POSITIVE|<0.7|NO_G2|NO_EARLY|NO_PULL|NO_DRYUP|40-60,<4|20-40|4-6,NEUTRAL,<45,-2-0,<-2,STRONG_POS,<0.7,POSITIVE,NO_G2,NO_EARLY,NO_PULL,NO_DRYUP,40-60,<4,20-40,4-6,CTX[<4|20-40|4-6]::DNA[NEUTRAL|<45|-2-0|<-2|STRONG_POS|POSITIVE|<0.7|NO_G2|NO_EARLY|NO_PULL|NO_DRYUP|40-60],CTX[<4|20-40|4-6]::DNA[NEUTRAL|<45|-2-0|<-2|STRONG_POS|POSITIVE|<0.7|NO_G2|NO_EARLY|NO_PULL|NO_DRYUP|40-60],CTX[<4|20-40|4-6]::DNA[NEUTRAL|<45|-2-0|<-2|STRONG_POS|POSITIVE|<0.7|NO_G2|NO_EARLY|NO_PULL|NO_DRYUP|40-60],V4,2026-08-18T12:13:06Z
5b65dafe7106491a,5b65dafe7106491a,PENDING_OUTCOME,2026-08-18,2026-08-18T12:13:05Z,4.0.0,GEN3_EXPERIENCE,DECISION_CONTEXT_V1,VCG,15800.0,🟡 TRUNG TÍNH,60.9,1.0,👀 THEO DÕI,OBV tốt + Vị trí giá tốt,42.29,0.0,-1.25,-0.63,-0.62,15832.07,15689.95,0.91,-0.02,-0.20256353085856826,0.7014044021810051,🟢,1008600.0,2479270.0,0.4068132958491814,-0.2,4.64,4.64,-4.82,False,False,False,MUA EARLY,,,,237144400.0,236424464.0,,False,,,53.7,-4.0,1.8,3.0,5.0,5.7,5.7,7.6,1.3,30.0,🔴 Forecast rủi ro,NEUTRAL|<45|-2-0|-2-0|STRONG_POS|POSITIVE|<0.7|NO_G2|NO_EARLY|NO_PULL|NO_DRYUP|40-60,<4|20-40|4-6,NEUTRAL,<45,-2-0,-2-0,STRONG_POS,<0.7,POSITIVE,NO_G2,NO_EARLY,NO_PULL,NO_DRYUP,40-60,<4,20-40,4-6,CTX[<4|20-40|4-6]::DNA[NEUTRAL|<45|-2-0|-2-0|STRONG_POS|POSITIVE|<0.7|NO_G2|NO_EARLY|NO_PULL|NO_DRYUP|40-60],CTX[<4|20-40|4-6]::DNA[NEUTRAL|<45|-2-0|-2-0|STRONG_POS|POSITIVE|<0.7|NO_G2|NO_EARLY|NO_PULL|NO_DRYUP|40-60],CTX[<4|20-40|4-6]::DNA[NEUTRAL|<45|-2-0|-2-0|STRONG_POS|POSITIVE|<0.7|NO_G2|NO_EARLY|NO_PULL|NO_DRYUP|40-60],V4,2026-08-18T12:13:06Z
3efdf3d53ef987ba,3efdf3d53ef987ba,PENDING_OUTCOME,2026-08-18,2026-08-18T12:13:05Z,4.0.0,GEN3_EXPERIENCE,DECISION_CONTEXT_V1,BFC,47700.0,🟡 TRUNG TÍNH,60.5,1.0,👀 THEO DÕI,OBV tốt + Vị trí giá tốt,42.44,1.82,-2.35,-1.43,-0.9200000000000002,48109.96,47953.5,0.33,0.18,-0.8521312426782335,-0.5286371172072979,🟢,279700.0,176195.0,1.5874457277448282,-0.85,4.22,4.22,-5.79,False,False,False,MUA EARLY,,,,29217900.0,29132062.0,,False,,,53.79,11.0,1.8,4.0,5.0,5.7,5.7,7.6,1.3,30.0,🔴 Forecast rủi ro,NEUTRAL|<45|-2-0|-2-0|STRONG_POS|POSITIVE|>=1.5|NO_G2|NO_EARLY|NO_PULL|NO_DRYUP|40-60,<4|20-40|4-6,NEUTRAL,<45,-2-0,-2-0,STRONG_POS,>=1.5,POSITIVE,NO_G2,NO_EARLY,NO_PULL,NO_DRYUP,40-60,<4,20-40,4-6,CTX[<4|20-40|4-6]::DNA[NEUTRAL|<45|-2-0|-2-0|STRONG_POS|POSITIVE|>=1.5|NO_G2|NO_EARLY|NO_PULL|NO_DRYUP|40-60],CTX[<4|20-40|4-6]::DNA[NEUTRAL|<45|-2-0|-2-0|STRONG_POS|POSITIVE|>=1.5|NO_G2|NO_EARLY|NO_PULL|NO_DRYUP|40-60],CTX[<4|20-40|4-6]::DNA[NEUTRAL|<45|-2-0|-2-0|STRONG_POS|POSITIVE|>=1.5|NO_G2|NO_EARLY|NO_PULL|NO_DRYUP|40-60],V4,2026-08-18T12:13:06Z
9322170d219769b3,9322170d219769b3,PENDING_OUTCOME,2026-08-18,2026-08-18T12:13:05Z,4.0.0,GEN3_EXPERIENCE,DECISION_CONTEXT_V1,DPM,21700.0,🟡 TRUNG TÍNH,60.5,1.0,👀 THEO DÕI,OBV tốt + Vị trí giá tốt + Vol xác nhận,47.8,-1.8,-3.34,-2.25,-1.0899999999999999,21817.8,21700.0,0.54,-1.0,-0.539926115373679,0.0,🟢,1925300.0,2579510.0,0.7463820648107586,-0.54,5.08,5.08,-5.24,False,False,False,MUA EARLY,,,,77762600.0,77672817.0,,False,,,54.57,-2.5,1.8,3.0,5.0,5.7,5.7,7.6,1.3,30.0,🔴 Forecast rủi ro,NEUTRAL|45-50|<-2|-2-0|STRONG_POS|POSITIVE|0.7-1.0|NO_G2|NO_EARLY|NO_PULL|NO_DRYUP|40-60,<4|20-40|4-6,NEUTRAL,45-50,<-2,-2-0,STRONG_POS,0.7-1.0,POSITIVE,NO_G2,NO_EARLY,NO_PULL,NO_DRYUP,40-60,<4,20-40,4-6,CTX[<4|20-40|4-6]::DNA[NEUTRAL|45-50|<-2|-2-0|STRONG_POS|POSITIVE|0.7-1.0|NO_G2|NO_EARLY|NO_PULL|NO_DRYUP|40-60],CTX[<4|20-40|4-6]::DNA[NEUTRAL|45-50|<-2|-2-0|STRONG_POS|POSITIVE|0.7-1.0|NO_G2|NO_EARLY|NO_PULL|NO_DRYUP|40-60],CTX[<4|20-40|4-6]::DNA[NEUTRAL|45-50|<-2|-2-0|STRONG_POS|POSITIVE|0.7-1.0|NO_G2|NO_EARLY|NO_PULL|NO_DRYUP|40-60],V4,2026-08-18T12:13:06Z
ef5ee46e30a9ac57,ef5ee46e30a9ac57,PENDING_OUTCOME,2026-08-18,2026-08-18T12:13:05Z,4.0.0,GEN3_EXPERIENCE,DECISION_CONTEXT_V1,DGC,41800.0,🟡 TRUNG TÍNH,60.1,1.0,👀 THEO DÕI,OBV tốt + Xu hướng lên + Vị trí giá tốt,46.5,-9.33,-5.22,5.56,-10.78,42360.79,40637.5,4.24,-0.32,-1.3238421663052113,2.8606582589972396,🟢,324700.0,826440.0,0.39288998596389335,-1.32,16.11,16.11,-8.73,False,False,False,MUA EARLY,,,,-122231000.0,-122299508.0,,False,,,54.92,-5.5,-7.7,4.0,5.0,5.7,5.7,7.6,1.3,30.0,🔴 Forecast rủi ro,NEUTRAL|45-50|5-10|<-2|STRONG_POS|POSITIVE|<0.7|NO_G2|NO_EARLY|NO_PULL|NO_DRYUP|40-60,<4|20-40|4-6,NEUTRAL,45-50,5-10,<-2,STRONG_POS,<0.7,POSITIVE,NO_G2,NO_EARLY,NO_PULL,NO_DRYUP,40-60,<4,20-40,4-6,CTX[<4|20-40|4-6]::DNA[NEUTRAL|45-50|5-10|<-2|STRONG_POS|POSITIVE|<0.7|NO_G2|NO_EARLY|NO_PULL|NO_DRYUP|40-60],CTX[<4|20-40|4-6]::DNA[NEUTRAL|45-50|5-10|<-2|STRONG_POS|POSITIVE|<0.7|NO_G2|NO_EARLY|NO_PULL|NO_DRYUP|40-60],CTX[<4|20-40|4-6]::DNA[NEUTRAL|45-50|5-10|<-2|STRONG_POS|POSITIVE|<0.7|NO_G2|NO_EARLY|NO_PULL|NO_DRYUP|40-60],V4,2026-08-18T12:13:06Z
38a770132457161d,38a770132457161d,PENDING_OUTCOME,2026-08-18,2026-08-18T12:13:05Z,4.0.0,GEN3_EXPERIENCE,DECISION_CONTEXT_V1,FTS,21850.0,🟡 TRUNG TÍNH,60.0,1.0,👀 THEO DÕI,OBV tốt + Vị trí giá tốt,42.95,1.36,-3.53,-1.13,-2.4,21955.59,21827.5,0.59,0.07,-0.48092535887216403,0.10308097583324738,🟢,599000.0,1099290.0,0.5448971608947594,-0.48,8.71,8.71,-7.81,False,False,False,MUA EARLY,,,,18020800.0,17419269.0,,False,,,53.81,1.5,-3.7,3.0,5.0,5.7,5.7,7.6,1.3,30.0,🔴 Forecast rủi ro,NEUTRAL|<45|-2-0|<-2|STRONG_POS|POSITIVE|<0.7|NO_G2|NO_EARLY|NO_PULL|NO_DRYUP|40-60,<4|20-40|4-6,NEUTRAL,<45,-2-0,<-2,STRONG_POS,<0.7,POSITIVE,NO_G2,NO_EARLY,NO_PULL,NO_DRYUP,40-60,<4,20-40,4-6,CTX[<4|20-40|4-6]::DNA[NEUTRAL|<45|-2-0|<-2|STRONG_POS|POSITIVE|<0.7|NO_G2|NO_EARLY|NO_PULL|NO_DRYUP|40-60],CTX[<4|20-40|4-6]::DNA[NEUTRAL|<45|-2-0|<-2|STRONG_POS|POSITIVE|<0.7|NO_G2|NO_EARLY|NO_PULL|NO_DRYUP|40-60],CTX[<4|20-40|4-6]::DNA[NEUTRAL|<45|-2-0|<-2|STRONG_POS|POSITIVE|<0.7|NO_G2|NO_EARLY|NO_PULL|NO_DRYUP|40-60],V4,2026-08-18T12:13:06Z
004f42991b08e1c6,004f42991b08e1c6,PENDING_OUTCOME,2026-08-18,2026-08-18T12:13:05Z,4.0.0,GEN3_EXPERIENCE,DECISION_CONTEXT_V1,VIB,14400.0,🟡 TRUNG TÍNH,57.1,1.0,👀 THEO DÕI,OBV tốt + Vị trí giá tốt,38.86,-1.32,-2.7,-2.7,0.0,14541.34,14570.0,-0.2,-0.37,-0.9719874509501847,-1.1667810569663706,🟢,9002459.0,6137083.0,1.4668954289847473,-0.97,1.77,1.77,-5.26,False,False,False,MUA EARLY,,,,207933163.0,207488352.0,,False,,,53.23,9.0,5.0,4.0,5.0,5.7,5.7,7.6,1.3,30.0,🔴 Forecast rủi ro,NEUTRAL|<45|<-2|0-2|NEG|POSITIVE|1.2-1.5|NO_G2|NO_EARLY|NO_PULL|NO_DRYUP|40-60,<4|20-40|4-6,NEUTRAL,<45,<-2,0-2,NEG,1.2-1.5,POSITIVE,NO_G2,NO_EARLY,NO_PULL,NO_DRYUP,40-60,<4,20-40,4-6,CTX[<4|20-40|4-6]::DNA[NEUTRAL|<45|<-2|0-2|NEG|POSITIVE|1.2-1.5|NO_G2|NO_EARLY|NO_PULL|NO_DRYUP|40-60],CTX[<4|20-40|4-6]::DNA[NEUTRAL|<45|<-2|0-2|NEG|POSITIVE|1.2-1.5|NO_G2|NO_EARLY|NO_PULL|NO_DRYUP|40-60],CTX[<4|20-40|4-6]::DNA[NEUTRAL|<45|<-2|0-2|NEG|POSITIVE|1.2-1.5|NO_G2|NO_EARLY|NO_PULL|NO_DRYUP|40-60],V4,2026-08-18T12:13:06Z
cfec7914cb99598b,cfec7914cb99598b,PENDING_OUTCOME,2026-08-18,2026-08-18T12:13:05Z,4.0.0,GEN3_EXPERIENCE,DECISION_CONTEXT_V1,VTO,10400.0,🟡 TRUNG TÍNH,56.5,1.0,👀 THEO DÕI,OBV tốt + Vị trí giá tốt,46.64,-10.22,-3.26,-0.95,-2.3099999999999996,10500.48,10407.5,0.89,-0.95,-0.956908636557563,-0.07206341580591191,🟢,27500.0,63620.0,0.4322540081735303,-0.96,3.48,3.48,-3.26,False,False,False,TÍCH LŨY,,,,2041500.0,2035601.0,,False,,,52.72,-5.0,0.1,2.0,6.0,5.7,5.7,7.6,1.3,30.0,🔴 Forecast rủi ro,NEUTRAL|45-50|-2-0|<-2|STRONG_POS|POSITIVE|<0.7|NO_G2|NO_EARLY|NO_PULL|NO_DRYUP|40-60,<4|20-40|4-6,NEUTRAL,45-50,-2-0,<-2,STRONG_POS,<0.7,POSITIVE,NO_G2,NO_EARLY,NO_PULL,NO_DRYUP,40-60,<4,20-40,4-6,CTX[<4|20-40|4-6]::DNA[NEUTRAL|45-50|-2-0|<-2|STRONG_POS|POSITIVE|<0.7|NO_G2|NO_EARLY|NO_PULL|NO_DRYUP|40-60],CTX[<4|20-40|4-6]::DNA[NEUTRAL|45-50|-2-0|<-2|STRONG_POS|POSITIVE|<0.7|NO_G2|NO_EARLY|NO_PULL|NO_DRYUP|40-60],CTX[<4|20-40|4-6]::DNA[NEUTRAL|45-50|-2-0|<-2|STRONG_POS|POSITIVE|<0.7|NO_G2|NO_EARLY|NO_PULL|NO_DRYUP|40-60],V4,2026-08-18T12:13:06Z
eee655cc2d7bbbc0,eee655cc2d7bbbc0,PENDING_OUTCOME,2026-08-18,2026-08-18T12:13:05Z,4.0.0,GEN3_EXPERIENCE,DECISION_CONTEXT_V1,VHM,69200.0,🟡 TRUNG TÍNH,54.5,1.0,👀 THEO DÕI,OBV tốt + Vol xác nhận,44.77,-4.57,-4.02,-9.48,5.460000000000001,70779.68,70792.5,-0.02,-2.83,-2.2318269876326013,-2.2495320832009003,🟢,5778962.0,7116743.0,0.8120234213881266,-2.23,9.06,9.06,-15.3,False,False,False,MUA EARLY,,,,361957162.0,361305196.0,,False,,,54.09,-3.0,-1.1,3.0,5.0,5.7,5.7,7.6,1.3,30.0,🔴 Forecast rủi ro,NEUTRAL|<45|<-2|>=5|NEG|POSITIVE|0.7-1.0|NO_G2|NO_EARLY|NO_PULL|NO_DRYUP|40-60,<4|20-40|4-6,NEUTRAL,<45,<-2,>=5,NEG,0.7-1.0,POSITIVE,NO_G2,NO_EARLY,NO_PULL,NO_DRYUP,40-60,<4,20-40,4-6,CTX[<4|20-40|4-6]::DNA[NEUTRAL|<45|<-2|>=5|NEG|POSITIVE|0.7-1.0|NO_G2|NO_EARLY|NO_PULL|NO_DRYUP|40-60],CTX[<4|20-40|4-6]::DNA[NEUTRAL|<45|<-2|>=5|NEG|POSITIVE|0.7-1.0|NO_G2|NO_EARLY|NO_PULL|NO_DRYUP|40-60],CTX[<4|20-40|4-6]::DNA[NEUTRAL|<45|<-2|>=5|NEG|POSITIVE|0.7-1.0|NO_G2|NO_EARLY|NO_PULL|NO_DRYUP|40-60],V4,2026-08-18T12:13:06Z
a24e91e25928f79e,a24e91e25928f79e,PENDING_OUTCOME,2026-08-18,2026-08-18T12:13:05Z,4.0.0,GEN3_EXPERIENCE,DECISION_CONTEXT_V1,VOS,11100.0,🔴 YẾU,52.0,2.0,⏳ CHỜ,OBV xấu + Thiếu mẫu xác nhận,48.16,3.81,-0.89,-0.89,0.0,11066.6,10875.0,1.76,-0.15,0.30180904704244504,2.0689655172413834,🔴,350232.0,414092.0,0.8457830627010423,0.3,7.77,7.77,-4.31,False,False,False,MUA EARLY,,,,25376100.0,25387037.0,,False,,,54.62,-1.5,-3.7,3.0,5.0,5.7,5.7,7.6,1.3,30.0,🔴 Forecast rủi ro,WEAK|45-50|-2-0|0-2|STRONG_POS|NEGATIVE|0.7-1.0|NO_G2|NO_EARLY|NO_PULL|NO_DRYUP|40-60,<4|20-40|4-6,WEAK,45-50,-2-0,0-2,STRONG_POS,0.7-1.0,NEGATIVE,NO_G2,NO_EARLY,NO_PULL,NO_DRYUP,40-60,<4,20-40,4-6,CTX[<4|20-40|4-6]::DNA[WEAK|45-50|-2-0|0-2|STRONG_POS|NEGATIVE|0.7-1.0|NO_G2|NO_EARLY|NO_PULL|NO_DRYUP|40-60],CTX[<4|20-40|4-6]::DNA[WEAK|45-50|-2-0|0-2|STRONG_POS|NEGATIVE|0.7-1.0|NO_G2|NO_EARLY|NO_PULL|NO_DRYUP|40-60],CTX[<4|20-40|4-6]::DNA[WEAK|45-50|-2-0|0-2|STRONG_POS|NEGATIVE|0.7-1.0|NO_G2|NO_EARLY|NO_PULL|NO_DRYUP|40-60],V4,2026-08-18T12:13:06Z
9f6ba9fa01dffcfb,9f6ba9fa01dffcfb,PENDING_OUTCOME,2026-08-18,2026-08-18T12:13:05Z,4.0.0,GEN3_EXPERIENCE,DECISION_CONTEXT_V1,PNJ,35050.0,🔴 YẾU,49.9,2.0,⏳ CHỜ,OBV xấu + Thiếu mẫu xác nhận,38.01,0.64,0.57,-1.13,1.6999999999999997,35565.91,34447.5,3.25,2.77,-1.4505744405246546,1.7490383917555752,🔴,4749600.0,8753910.0,0.5425689777482291,-1.45,13.98,13.98,-15.54,False,False,False,MUA EARLY,,,,-73779700.0,-68961748.0,,False,,,53.09,2.5,0.9,3.0,5.0,5.7,5.7,7.6,1.3,30.0,🔴 Forecast rủi ro,WEAK|<45|-2-0|0-2|STRONG_POS|NEGATIVE|<0.7|NO_G2|NO_EARLY|NO_PULL|NO_DRYUP|40-60,<4|20-40|4-6,WEAK,<45,-2-0,0-2,STRONG_POS,<0.7,NEGATIVE,NO_G2,NO_EARLY,NO_PULL,NO_DRYUP,40-60,<4,20-40,4-6,CTX[<4|20-40|4-6]::DNA[WEAK|<45|-2-0|0-2|STRONG_POS|NEGATIVE|<0.7|NO_G2|NO_EARLY|NO_PULL|NO_DRYUP|40-60],CTX[<4|20-40|4-6]::DNA[WEAK|<45|-2-0|0-2|STRONG_POS|NEGATIVE|<0.7|NO_G2|NO_EARLY|NO_PULL|NO_DRYUP|40-60],CTX[<4|20-40|4-6]::DNA[WEAK|<45|-2-0|0-2|STRONG_POS|NEGATIVE|<0.7|NO_G2|NO_EARLY|NO_PULL|NO_DRYUP|40-60],V4,2026-08-18T12:13:06Z
0082734a62fcfce1,0082734a62fcfce1,PENDING_OUTCOME,2026-08-18,2026-08-18T12:13:05Z,4.0.0,GEN3_EXPERIENCE,DECISION_CONTEXT_V1,VNM,62100.0,🔴 YẾU,49.9,2.0,⏳ CHỜ,OBV xấu + Thiếu mẫu xác nhận,63.95,1.78,0.16,4.37,-4.21,61499.9,60410.0,1.8,-0.05,0.9757739443478686,2.7975500744909843,🔴,2331330.0,5182992.0,0.4498038970540568,0.98,7.44,13.32,-1.9,False,False,False,MUA EARLY,,,,-7930830.0,-6548518.0,,False,,,57.06,-2.0,4.7,6.0,5.0,5.7,5.7,7.6,1.3,30.0,🔴 Forecast rủi ro,WEAK|60-65|2-5|<-2|STRONG_POS|NEGATIVE|<0.7|NO_G2|NO_EARLY|NO_PULL|NO_DRYUP|40-60,<4|20-40|4-6,WEAK,60-65,2-5,<-2,STRONG_POS,<0.7,NEGATIVE,NO_G2,NO_EARLY,NO_PULL,NO_DRYUP,40-60,<4,20-40,4-6,CTX[<4|20-40|4-6]::DNA[WEAK|60-65|2-5|<-2|STRONG_POS|NEGATIVE|<0.7|NO_G2|NO_EARLY|NO_PULL|NO_DRYUP|40-60],CTX[<4|20-40|4-6]::DNA[WEAK|60-65|2-5|<-2|STRONG_POS|NEGATIVE|<0.7|NO_G2|NO_EARLY|NO_PULL|NO_DRYUP|40-60],CTX[<4|20-40|4-6]::DNA[WEAK|60-65|2-5|<-2|STRONG_POS|NEGATIVE|<0.7|NO_G2|NO_EARLY|NO_PULL|NO_DRYUP|40-60],V4,2026-08-18T12:13:06Z
fd0ffae2bdc87a67,fd0ffae2bdc87a67,PENDING_OUTCOME,2026-08-18,2026-08-18T12:13:05Z,4.0.0,GEN3_EXPERIENCE,DECISION_CONTEXT_V1,DPR,36300.0,🔴 YẾU,47.7,2.0,⏳ CHỜ,OBV xấu + Thiếu mẫu xác nhận,45.97,2.72,-0.14,0.83,-0.97,36299.32,35995.0,0.85,0.42,0.001873313329281423,0.847339908320599,🔴,320270.0,203688.0,1.572355759789482,0.0,3.42,3.42,-2.55,False,False,False,THEO DÕI,,,,24691330.0,24844783.0,,False,,,48.63,-7.0,-5.6,1.0,7.0,5.7,5.7,7.6,1.3,30.0,🔴 Forecast rủi ro,WEAK|45-50|0-2|-2-0|STRONG_POS|NEGATIVE|>=1.5|NO_G2|NO_EARLY|NO_PULL|NO_DRYUP|40-60,<4|20-40|4-6,WEAK,45-50,0-2,-2-0,STRONG_POS,>=1.5,NEGATIVE,NO_G2,NO_EARLY,NO_PULL,NO_DRYUP,40-60,<4,20-40,4-6,CTX[<4|20-40|4-6]::DNA[WEAK|45-50|0-2|-2-0|STRONG_POS|NEGATIVE|>=1.5|NO_G2|NO_EARLY|NO_PULL|NO_DRYUP|40-60],CTX[<4|20-40|4-6]::DNA[WEAK|45-50|0-2|-2-0|STRONG_POS|NEGATIVE|>=1.5|NO_G2|NO_EARLY|NO_PULL|NO_DRYUP|40-60],CTX[<4|20-40|4-6]::DNA[WEAK|45-50|0-2|-2-0|STRONG_POS|NEGATIVE|>=1.5|NO_G2|NO_EARLY|NO_PULL|NO_DRYUP|40-60],V4,2026-08-18T12:13:06Z
8fc65d4e69c13d65,8fc65d4e69c13d65,PENDING_OUTCOME,2026-08-18,2026-08-18T12:13:05Z,4.0.0,GEN3_EXPERIENCE,DECISION_CONTEXT_V1,TCH,11800.0,🔴 YẾU,43.5,2.0,⏳ CHỜ,OBV xấu + Thiếu mẫu xác nhận,41.05,1.66,-3.67,-4.07,0.40000000000000036,12007.01,11850.0,1.32,0.77,-1.7240761854949715,-0.42194092827003704,🔴,2957500.0,5067155.0,0.5836608511087583,-1.72,7.27,7.27,-7.81,False,False,False,TÍCH LŨY,,,,139810600.0,141054281.0,,False,,,51.85,0.5,2.6,2.0,6.0,5.7,5.7,7.6,1.3,30.0,🔴 Forecast rủi ro,WEAK|<45|<-2|0-2|STRONG_POS|NEGATIVE|<0.7|NO_G2|NO_EARLY|NO_PULL|NO_DRYUP|40-60,<4|20-40|4-6,WEAK,<45,<-2,0-2,STRONG_POS,<0.7,NEGATIVE,NO_G2,NO_EARLY,NO_PULL,NO_DRYUP,40-60,<4,20-40,4-6,CTX[<4|20-40|4-6]::DNA[WEAK|<45|<-2|0-2|STRONG_POS|NEGATIVE|<0.7|NO_G2|NO_EARLY|NO_PULL|NO_DRYUP|40-60],CTX[<4|20-40|4-6]::DNA[WEAK|<45|<-2|0-2|STRONG_POS|NEGATIVE|<0.7|NO_G2|NO_EARLY|NO_PULL|NO_DRYUP|40-60],CTX[<4|20-40|4-6]::DNA[WEAK|<45|<-2|0-2|STRONG_POS|NEGATIVE|<0.7|NO_G2|NO_EARLY|NO_PULL|NO_DRYUP|40-60],V4,2026-08-18T12:13:06Z
fa96bfbe6cfe5012,fa96bfbe6cfe5012,PENDING_OUTCOME,2026-08-18,2026-08-18T12:13:05Z,4.0.0,GEN3_EXPERIENCE,DECISION_CONTEXT_V1,VGS,17800.0,🔴 YẾU,40.6,2.0,⏳ CHỜ,OBV xấu + RSI yếu + Thiếu mẫu xác nhận,36.99,-5.14,-1.66,-2.2,0.5400000000000003,18012.77,17850.0,0.91,0.09,-1.1812175473289277,-0.2801120448179262,🔴,80400.0,108635.0,0.7400929718783081,-1.18,4.71,4.71,-5.32,False,False,False,TÍCH LŨY,,,,4645300.0,4742722.0,,False,,,51.22,-6.5,-3.7,2.0,6.0,5.7,5.7,7.6,1.3,30.0,🔴 Forecast rủi ro,WEAK|<45|<-2|0-2|STRONG_POS|NEGATIVE|0.7-1.0|NO_G2|NO_EARLY|NO_PULL|NO_DRYUP|40-60,<4|20-40|4-6,WEAK,<45,<-2,0-2,STRONG_POS,0.7-1.0,NEGATIVE,NO_G2,NO_EARLY,NO_PULL,NO_DRYUP,40-60,<4,20-40,4-6,CTX[<4|20-40|4-6]::DNA[WEAK|<45|<-2|0-2|STRONG_POS|NEGATIVE|0.7-1.0|NO_G2|NO_EARLY|NO_PULL|NO_DRYUP|40-60],CTX[<4|20-40|4-6]::DNA[WEAK|<45|<-2|0-2|STRONG_POS|NEGATIVE|0.7-1.0|NO_G2|NO_EARLY|NO_PULL|NO_DRYUP|40-60],CTX[<4|20-40|4-6]::DNA[WEAK|<45|<-2|0-2|STRONG_POS|NEGATIVE|0.7-1.0|NO_G2|NO_EARLY|NO_PULL|NO_DRYUP|40-60],V4,2026-08-18T12:13:06Z
1109f9bb7266fe82,1109f9bb7266fe82,PENDING_OUTCOME,2026-08-18,2026-08-18T12:13:05Z,4.0.0,GEN3_EXPERIENCE,DECISION_CONTEXT_V1,VGC,40300.0,⚠️ YẾU DẦN,51.2,3.0,🟠 HẠN CHẾ / GIẢM,OBV xấu + Thiếu mẫu xác nhận,58.66,-2.23,-1.71,5.22,-6.93,39936.18,38318.5,4.22,-0.27,0.9110035060939659,5.171131437817245,🔴,213400.0,448310.0,0.4760099038611675,0.91,15.47,15.47,-2.89,False,False,False,MUA EARLY,,,,28781000.0,29185118.0,,False,,,56.91,-2.0,-1.7,6.0,5.0,5.7,5.7,7.6,1.3,30.0,🔴 Forecast rủi ro,WEAKENING|55-60|5-10|<-2|STRONG_POS|NEGATIVE|<0.7|NO_G2|NO_EARLY|NO_PULL|NO_DRYUP|40-60,<4|20-40|4-6,WEAKENING,55-60,5-10,<-2,STRONG_POS,<0.7,NEGATIVE,NO_G2,NO_EARLY,NO_PULL,NO_DRYUP,40-60,<4,20-40,4-6,CTX[<4|20-40|4-6]::DNA[WEAKENING|55-60|5-10|<-2|STRONG_POS|NEGATIVE|<0.7|NO_G2|NO_EARLY|NO_PULL|NO_DRYUP|40-60],CTX[<4|20-40|4-6]::DNA[WEAKENING|55-60|5-10|<-2|STRONG_POS|NEGATIVE|<0.7|NO_G2|NO_EARLY|NO_PULL|NO_DRYUP|40-60],CTX[<4|20-40|4-6]::DNA[WEAKENING|55-60|5-10|<-2|STRONG_POS|NEGATIVE|<0.7|NO_G2|NO_EARLY|NO_PULL|NO_DRYUP|40-60],V4,2026-08-18T12:13:06Z
2233252e5bc62baa,2233252e5bc62baa,PENDING_OUTCOME,2026-08-18,2026-08-18T12:13:05Z,4.0.0,GEN3_EXPERIENCE,DECISION_CONTEXT_V1,DPG,30250.0,⚠️ YẾU DẦN,50.6,3.0,🟠 HẠN CHẾ / GIẢM,OBV xấu + Thiếu mẫu xác nhận,46.61,-1.99,-1.31,-2.42,1.1099999999999999,30178.04,29015.0,4.01,-0.45,0.23845153628268,4.256419093572283,🔴,261300.0,388410.0,0.67274272032131,0.24,16.12,16.12,-5.91,False,False,False,MUA EARLY,,,,22189100.0,22211326.0,,False,,,54.38,-4.5,-1.7,3.0,5.0,5.7,5.7,7.6,1.3,30.0,🔴 Forecast rủi ro,WEAKENING|45-50|<-2|0-2|STRONG_POS|NEGATIVE|<0.7|NO_G2|NO_EARLY|NO_PULL|NO_DRYUP|40-60,<4|20-40|4-6,WEAKENING,45-50,<-2,0-2,STRONG_POS,<0.7,NEGATIVE,NO_G2,NO_EARLY,NO_PULL,NO_DRYUP,40-60,<4,20-40,4-6,CTX[<4|20-40|4-6]::DNA[WEAKENING|45-50|<-2|0-2|STRONG_POS|NEGATIVE|<0.7|NO_G2|NO_EARLY|NO_PULL|NO_DRYUP|40-60],CTX[<4|20-40|4-6]::DNA[WEAKENING|45-50|<-2|0-2|STRONG_POS|NEGATIVE|<0.7|NO_G2|NO_EARLY|NO_PULL|NO_DRYUP|40-60],CTX[<4|20-40|4-6]::DNA[WEAKENING|45-50|<-2|0-2|STRONG_POS|NEGATIVE|<0.7|NO_G2|NO_EARLY|NO_PULL|NO_DRYUP|40-60],V4,2026-08-18T12:13:06Z
e8df9dc1ae4169c4,e8df9dc1ae4169c4,PENDING_OUTCOME,2026-08-18,2026-08-18T12:13:05Z,4.0.0,GEN3_EXPERIENCE,DECISION_CONTEXT_V1,MWG,72800.0,⚠️ YẾU DẦN,48.7,3.0,🟠 HẠN CHẾ / GIẢM,OBV xấu + Vol chưa xác nhận + Thiếu mẫu xác nhận,50.67,-2.72,-0.55,0.97,-1.52,72649.5,70555.5,2.97,0.78,0.20715903068844188,3.181183607231186,🔴,1734504.0,5004955.0,0.34655736165460027,0.21,16.8,16.8,-3.23,False,False,False,MUA EARLY,,,,243175496.0,243204067.0,,False,,,55.22,-0.5,-1.7,5.0,5.0,5.7,5.7,7.6,1.3,30.0,🔴 Forecast rủi ro,WEAKENING|50-55|0-2|-2-0|STRONG_POS|NEGATIVE|<0.7|NO_G2|NO_EARLY|NO_PULL|NO_DRYUP|40-60,<4|20-40|4-6,WEAKENING,50-55,0-2,-2-0,STRONG_POS,<0.7,NEGATIVE,NO_G2,NO_EARLY,NO_PULL,NO_DRYUP,40-60,<4,20-40,4-6,CTX[<4|20-40|4-6]::DNA[WEAKENING|50-55|0-2|-2-0|STRONG_POS|NEGATIVE|<0.7|NO_G2|NO_EARLY|NO_PULL|NO_DRYUP|40-60],CTX[<4|20-40|4-6]::DNA[WEAKENING|50-55|0-2|-2-0|STRONG_POS|NEGATIVE|<0.7|NO_G2|NO_EARLY|NO_PULL|NO_DRYUP|40-60],CTX[<4|20-40|4-6]::DNA[WEAKENING|50-55|0-2|-2-0|STRONG_POS|NEGATIVE|<0.7|NO_G2|NO_EARLY|NO_PULL|NO_DRYUP|40-60],V4,2026-08-18T12:13:06Z
9923975bacd3d666,9923975bacd3d666,PENDING_OUTCOME,2026-08-18,2026-08-18T12:13:05Z,4.0.0,GEN3_EXPERIENCE,DECISION_CONTEXT_V1,MCH,135900.0,⚠️ YẾU DẦN,46.4,3.0,🟠 HẠN CHẾ / GIẢM,OBV xấu + Thiếu mẫu xác nhận,51.38,-3.52,-0.07,-0.06,-0.010000000000000009,136283.07,136001.0,0.21,-0.01,-0.28108407009029834,-0.07426415982235701,🔴,331900.0,407660.0,0.8141588578717559,-0.28,2.31,9.03,-3.96,False,False,False,THEO DÕI,,,,11037400.0,11105570.0,,False,,,49.4,-6.0,-6.3,1.0,7.0,5.7,5.7,7.6,1.3,30.0,🔴 Forecast rủi ro,WEAKENING|50-55|-2-0|-2-0|STRONG_POS|NEGATIVE|0.7-1.0|NO_G2|NO_EARLY|NO_PULL|NO_DRYUP|40-60,<4|20-40|4-6,WEAKENING,50-55,-2-0,-2-0,STRONG_POS,0.7-1.0,NEGATIVE,NO_G2,NO_EARLY,NO_PULL,NO_DRYUP,40-60,<4,20-40,4-6,CTX[<4|20-40|4-6]::DNA[WEAKENING|50-55|-2-0|-2-0|STRONG_POS|NEGATIVE|0.7-1.0|NO_G2|NO_EARLY|NO_PULL|NO_DRYUP|40-60],CTX[<4|20-40|4-6]::DNA[WEAKENING|50-55|-2-0|-2-0|STRONG_POS|NEGATIVE|0.7-1.0|NO_G2|NO_EARLY|NO_PULL|NO_DRYUP|40-60],CTX[<4|20-40|4-6]::DNA[WEAKENING|50-55|-2-0|-2-0|STRONG_POS|NEGATIVE|0.7-1.0|NO_G2|NO_EARLY|NO_PULL|NO_DRYUP|40-60],V4,2026-08-18T12:13:06Z
b851c77977ef9254,b851c77977ef9254,PENDING_OUTCOME,2026-08-18,2026-08-18T12:13:05Z,4.0.0,GEN3_EXPERIENCE,DECISION_CONTEXT_V1,FPT,69000.0,⚠️ YẾU DẦN,45.8,3.0,🟠 HẠN CHẾ / GIẢM,OBV xấu + Thiếu mẫu xác nhận,49.26,-0.4,-3.09,-3.5,0.41000000000000014,69375.7,68034.9,1.97,-1.42,-0.541544085320933,1.4185366628010065,🔴,4623775.0,6489894.0,0.712457707321568,-0.54,10.93,10.93,-5.87,False,False,False,THEO DÕI,,,,-423041825.0,-422597451.0,,False,,,49.07,-9.0,-8.3,1.0,7.0,5.7,5.7,7.6,1.3,30.0,🔴 Forecast rủi ro,WEAKENING|45-50|<-2|0-2|STRONG_POS|NEGATIVE|0.7-1.0|NO_G2|NO_EARLY|NO_PULL|NO_DRYUP|40-60,<4|20-40|4-6,WEAKENING,45-50,<-2,0-2,STRONG_POS,0.7-1.0,NEGATIVE,NO_G2,NO_EARLY,NO_PULL,NO_DRYUP,40-60,<4,20-40,4-6,CTX[<4|20-40|4-6]::DNA[WEAKENING|45-50|<-2|0-2|STRONG_POS|NEGATIVE|0.7-1.0|NO_G2|NO_EARLY|NO_PULL|NO_DRYUP|40-60],CTX[<4|20-40|4-6]::DNA[WEAKENING|45-50|<-2|0-2|STRONG_POS|NEGATIVE|0.7-1.0|NO_G2|NO_EARLY|NO_PULL|NO_DRYUP|40-60],CTX[<4|20-40|4-6]::DNA[WEAKENING|45-50|<-2|0-2|STRONG_POS|NEGATIVE|0.7-1.0|NO_G2|NO_EARLY|NO_PULL|NO_DRYUP|40-60],V4,2026-08-18T12:13:06Z
c7b21d87eff3ee6c,c7b21d87eff3ee6c,PENDING_OUTCOME,2026-08-18,2026-08-18T12:13:05Z,4.0.0,GEN3_EXPERIENCE,DECISION_CONTEXT_V1,GEX,24900.0,⚠️ YẾU DẦN,44.9,3.0,🟠 HẠN CHẾ / GIẢM,OBV xấu + RS yếu + Thiếu mẫu xác nhận,49.18,-2.37,-5.68,0.2,-5.88,24883.19,23575.0,5.55,-1.52,0.06755564700506866,5.620360551431602,🔴,8430000.0,13872855.0,0.6076615087521638,0.07,22.66,22.66,-7.26,False,False,False,MUA EARLY,,,,526969500.0,535093137.0,,False,,,54.8,-7.5,1.8,3.0,5.0,5.7,5.7,7.6,1.3,30.0,🔴 Forecast rủi ro,WEAKENING|45-50|0-2|<-2|STRONG_POS|NEGATIVE|<0.7|NO_G2|NO_EARLY|NO_PULL|NO_DRYUP|40-60,<4|20-40|4-6,WEAKENING,45-50,0-2,<-2,STRONG_POS,<0.7,NEGATIVE,NO_G2,NO_EARLY,NO_PULL,NO_DRYUP,40-60,<4,20-40,4-6,CTX[<4|20-40|4-6]::DNA[WEAKENING|45-50|0-2|<-2|STRONG_POS|NEGATIVE|<0.7|NO_G2|NO_EARLY|NO_PULL|NO_DRYUP|40-60],CTX[<4|20-40|4-6]::DNA[WEAKENING|45-50|0-2|<-2|STRONG_POS|NEGATIVE|<0.7|NO_G2|NO_EARLY|NO_PULL|NO_DRYUP|40-60],CTX[<4|20-40|4-6]::DNA[WEAKENING|45-50|0-2|<-2|STRONG_POS|NEGATIVE|<0.7|NO_G2|NO_EARLY|NO_PULL|NO_DRYUP|40-60],V4,2026-08-18T12:13:06Z
e11e7a9d5e896d12,e11e7a9d5e896d12,PENDING_OUTCOME,2026-08-18,2026-08-18T12:13:05Z,4.0.0,GEN3_EXPERIENCE,DECISION_CONTEXT_V1,SZC,19150.0,⚠️ YẾU DẦN,44.5,3.0,🟠 HẠN CHẾ / GIẢM,OBV xấu + RS yếu + Thiếu mẫu xác nhận,45.5,-6.93,-4.49,2.68,-7.17,19439.44,18785.0,3.48,-0.12,-1.4889317799278157,1.9430396593026256,🔴,411200.0,487265.0,0.8438939796619909,-1.49,11.66,11.66,-7.26,False,False,False,TÍCH LŨY,,,,-22093600.0,-21796518.0,,False,,,52.79,-12.0,-0.8,2.0,6.0,5.7,5.7,7.6,1.3,30.0,🔴 Forecast rủi ro,WEAKENING|45-50|2-5|<-2|STRONG_POS|NEGATIVE|0.7-1.0|NO_G2|NO_EARLY|NO_PULL|NO_DRYUP|40-60,<4|20-40|4-6,WEAKENING,45-50,2-5,<-2,STRONG_POS,0.7-1.0,NEGATIVE,NO_G2,NO_EARLY,NO_PULL,NO_DRYUP,40-60,<4,20-40,4-6,CTX[<4|20-40|4-6]::DNA[WEAKENING|45-50|2-5|<-2|STRONG_POS|NEGATIVE|0.7-1.0|NO_G2|NO_EARLY|NO_PULL|NO_DRYUP|40-60],CTX[<4|20-40|4-6]::DNA[WEAKENING|45-50|2-5|<-2|STRONG_POS|NEGATIVE|0.7-1.0|NO_G2|NO_EARLY|NO_PULL|NO_DRYUP|40-60],CTX[<4|20-40|4-6]::DNA[WEAKENING|45-50|2-5|<-2|STRONG_POS|NEGATIVE|0.7-1.0|NO_G2|NO_EARLY|NO_PULL|NO_DRYUP|40-60],V4,2026-08-18T12:13:06Z
12a702ff9308edc1,12a702ff9308edc1,PENDING_OUTCOME,2026-08-18,2026-08-18T12:13:05Z,4.0.0,GEN3_EXPERIENCE,DECISION_CONTEXT_V1,FOX,64500.0,⚠️ YẾU DẦN,44.2,3.0,🟠 HẠN CHẾ / GIẢM,OBV xấu + Thiếu mẫu xác nhận,43.0,-0.84,-2.57,-1.68,-0.8899999999999999,64619.49,64185.0,0.68,-0.84,-0.18491325140448378,0.49076887123160606,🔴,81800.0,68595.0,1.1925067424739413,-0.18,5.74,5.74,-4.16,False,False,False,TÍCH LŨY,,,,5410700.0,5421196.0,,False,,,52.16,-5.0,2.5,2.0,6.0,5.7,5.7,7.6,1.3,30.0,🔴 Forecast rủi ro,WEAKENING|<45|-2-0|-2-0|STRONG_POS|NEGATIVE|1.0-1.2|NO_G2|NO_EARLY|NO_PULL|NO_DRYUP|40-60,<4|20-40|4-6,WEAKENING,<45,-2-0,-2-0,STRONG_POS,1.0-1.2,NEGATIVE,NO_G2,NO_EARLY,NO_PULL,NO_DRYUP,40-60,<4,20-40,4-6,CTX[<4|20-40|4-6]::DNA[WEAKENING|<45|-2-0|-2-0|STRONG_POS|NEGATIVE|1.0-1.2|NO_G2|NO_EARLY|NO_PULL|NO_DRYUP|40-60],CTX[<4|20-40|4-6]::DNA[WEAKENING|<45|-2-0|-2-0|STRONG_POS|NEGATIVE|1.0-1.2|NO_G2|NO_EARLY|NO_PULL|NO_DRYUP|40-60],CTX[<4|20-40|4-6]::DNA[WEAKENING|<45|-2-0|-2-0|STRONG_POS|NEGATIVE|1.0-1.2|NO_G2|NO_EARLY|NO_PULL|NO_DRYUP|40-60],V4,2026-08-18T12:13:06Z
0a2431ff52d2a54d,0a2431ff52d2a54d,PENDING_OUTCOME,2026-08-18,2026-08-18T12:13:05Z,4.0.0,GEN3_EXPERIENCE,DECISION_CONTEXT_V1,SSI,19500.0,⚠️ YẾU DẦN,43.8,3.0,🟠 HẠN CHẾ / GIẢM,OBV xấu + Thiếu mẫu xác nhận,47.1,-5.28,-2.99,-0.61,-2.3800000000000003,19688.92,19231.5,2.38,-1.1,-0.9595244431893635,1.3961469464160325,🔴,16634518.0,21674986.0,0.767452306543589,-0.96,10.86,10.86,-4.32,False,False,False,TÍCH LŨY,,,,974275670.0,988336453.0,,False,,,52.8,-9.5,-9.7,2.0,6.0,5.7,5.7,7.6,1.3,30.0,🔴 Forecast rủi ro,WEAKENING|45-50|-2-0|<-2|STRONG_POS|NEGATIVE|0.7-1.0|NO_G2|NO_EARLY|NO_PULL|NO_DRYUP|40-60,<4|20-40|4-6,WEAKENING,45-50,-2-0,<-2,STRONG_POS,0.7-1.0,NEGATIVE,NO_G2,NO_EARLY,NO_PULL,NO_DRYUP,40-60,<4,20-40,4-6,CTX[<4|20-40|4-6]::DNA[WEAKENING|45-50|-2-0|<-2|STRONG_POS|NEGATIVE|0.7-1.0|NO_G2|NO_EARLY|NO_PULL|NO_DRYUP|40-60],CTX[<4|20-40|4-6]::DNA[WEAKENING|45-50|-2-0|<-2|STRONG_POS|NEGATIVE|0.7-1.0|NO_G2|NO_EARLY|NO_PULL|NO_DRYUP|40-60],CTX[<4|20-40|4-6]::DNA[WEAKENING|45-50|-2-0|<-2|STRONG_POS|NEGATIVE|0.7-1.0|NO_G2|NO_EARLY|NO_PULL|NO_DRYUP|40-60],V4,2026-08-18T12:13:06Z
212c68714b9f5c45,212c68714b9f5c45,PENDING_OUTCOME,2026-08-18,2026-08-18T12:13:05Z,4.0.0,GEN3_EXPERIENCE,DECISION_CONTEXT_V1,CTD,61500.0,⚠️ YẾU DẦN,43.6,3.0,🟠 HẠN CHẾ / GIẢM,OBV xấu + Thiếu mẫu xác nhận,43.82,-2.8,-1.91,-3.3,1.39,61932.54,60395.0,2.55,-0.8,-0.6984050710660328,1.829621657421976,🔴,167000.0,379530.0,0.440017916897215,-0.7,11.62,11.62,-5.38,False,False,False,TÍCH LŨY,,,,10172200.0,10401196.0,,False,,,52.28,-6.5,-0.9,2.0,6.0,5.7,5.7,7.6,1.3,30.0,🔴 Forecast rủi ro,WEAKENING|<45|<-2|0-2|STRONG_POS|NEGATIVE|<0.7|NO_G2|NO_EARLY|NO_PULL|NO_DRYUP|40-60,<4|20-40|4-6,WEAKENING,<45,<-2,0-2,STRONG_POS,<0.7,NEGATIVE,NO_G2,NO_EARLY,NO_PULL,NO_DRYUP,40-60,<4,20-40,4-6,CTX[<4|20-40|4-6]::DNA[WEAKENING|<45|<-2|0-2|STRONG_POS|NEGATIVE|<0.7|NO_G2|NO_EARLY|NO_PULL|NO_DRYUP|40-60],CTX[<4|20-40|4-6]::DNA[WEAKENING|<45|<-2|0-2|STRONG_POS|NEGATIVE|<0.7|NO_G2|NO_EARLY|NO_PULL|NO_DRYUP|40-60],CTX[<4|20-40|4-6]::DNA[WEAKENING|<45|<-2|0-2|STRONG_POS|NEGATIVE|<0.7|NO_G2|NO_EARLY|NO_PULL|NO_DRYUP|40-60],V4,2026-08-18T12:13:06Z
cfc574191176f738,cfc574191176f738,PENDING_OUTCOME,2026-08-18,2026-08-18T12:13:05Z,4.0.0,GEN3_EXPERIENCE,DECISION_CONTEXT_V1,KDH,17700.0,⚠️ YẾU DẦN,43.4,3.0,🟠 HẠN CHẾ / GIẢM,OBV xấu + Thiếu mẫu xác nhận,39.19,1.13,-2.75,-1.67,-1.08,17875.59,17710.0,0.93,-0.2,-0.9822892559070762,-0.05646527385657629,🔴,3983441.0,5282797.0,0.7540401419929632,-0.98,7.93,7.93,-5.35,False,False,False,TÍCH LŨY,,,,-22166241.0,-18224387.0,,False,,,51.56,-3.5,-3.0,2.0,6.0,5.7,5.7,7.6,1.3,30.0,🔴 Forecast rủi ro,WEAKENING|<45|-2-0|-2-0|STRONG_POS|NEGATIVE|0.7-1.0|NO_G2|NO_EARLY|NO_PULL|NO_DRYUP|40-60,<4|20-40|4-6,WEAKENING,<45,-2-0,-2-0,STRONG_POS,0.7-1.0,NEGATIVE,NO_G2,NO_EARLY,NO_PULL,NO_DRYUP,40-60,<4,20-40,4-6,CTX[<4|20-40|4-6]::DNA[WEAKENING|<45|-2-0|-2-0|STRONG_POS|NEGATIVE|0.7-1.0|NO_G2|NO_EARLY|NO_PULL|NO_DRYUP|40-60],CTX[<4|20-40|4-6]::DNA[WEAKENING|<45|-2-0|-2-0|STRONG_POS|NEGATIVE|0.7-1.0|NO_G2|NO_EARLY|NO_PULL|NO_DRYUP|40-60],CTX[<4|20-40|4-6]::DNA[WEAKENING|<45|-2-0|-2-0|STRONG_POS|NEGATIVE|0.7-1.0|NO_G2|NO_EARLY|NO_PULL|NO_DRYUP|40-60],V4,2026-08-18T12:13:06Z
5dc1d1cc5a5b1d81,5dc1d1cc5a5b1d81,PENDING_OUTCOME,2026-08-18,2026-08-18T12:13:05Z,4.0.0,GEN3_EXPERIENCE,DECISION_CONTEXT_V1,PET,38200.0,⚠️ YẾU DẦN,42.8,3.0,🟠 HẠN CHẾ / GIẢM,OBV xấu + Thiếu mẫu xác nhận + RS yếu,50.51,-9.9,-4.26,-4.5,0.2400000000000002,38995.93,38107.5,2.33,-1.77,-2.0410591566863534,0.24273436987469754,🔴,564800.0,446210.0,1.2657717218350104,-2.04,9.77,13.96,-8.83,False,False,False,THEO DÕI,,,,68854100.0,69646656.0,,False,,,49.21,-18.0,-12.4,-1.0,7.0,5.7,5.7,7.6,1.3,30.0,🔴 Forecast rủi ro,WEAKENING|50-55|<-2|0-2|STRONG_POS|NEGATIVE|1.2-1.5|NO_G2|NO_EARLY|NO_PULL|NO_DRYUP|40-60,<4|20-40|4-6,WEAKENING,50-55,<-2,0-2,STRONG_POS,1.2-1.5,NEGATIVE,NO_G2,NO_EARLY,NO_PULL,NO_DRYUP,40-60,<4,20-40,4-6,CTX[<4|20-40|4-6]::DNA[WEAKENING|50-55|<-2|0-2|STRONG_POS|NEGATIVE|1.2-1.5|NO_G2|NO_EARLY|NO_PULL|NO_DRYUP|40-60],CTX[<4|20-40|4-6]::DNA[WEAKENING|50-55|<-2|0-2|STRONG_POS|NEGATIVE|1.2-1.5|NO_G2|NO_EARLY|NO_PULL|NO_DRYUP|40-60],CTX[<4|20-40|4-6]::DNA[WEAKENING|50-55|<-2|0-2|STRONG_POS|NEGATIVE|1.2-1.5|NO_G2|NO_EARLY|NO_PULL|NO_DRYUP|40-60],V4,2026-08-18T12:13:06Z
1612327d832f37ed,1612327d832f37ed,PENDING_OUTCOME,2026-08-18,2026-08-18T12:13:05Z,4.0.0,GEN3_EXPERIENCE,DECISION_CONTEXT_V1,TNG,16800.0,⚠️ YẾU DẦN,42.4,3.0,🟠 HẠN CHẾ / GIẢM,OBV xấu + Thiếu mẫu xác nhận,44.38,-9.72,-2.89,-2.27,-0.6200000000000001,17038.43,16804.45,1.39,-1.18,-1.3993660213998615,-0.02648108090417267,🔴,395000.0,416750.0,0.9478104379124175,-1.4,7.14,7.14,-6.35,False,False,False,THEO DÕI,,,,33811200.0,34349087.0,,False,,,48.31,-7.5,-8.3,1.0,7.0,5.7,5.7,7.6,1.3,30.0,🔴 Forecast rủi ro,WEAKENING|<45|<-2|-2-0|STRONG_POS|NEGATIVE|0.7-1.0|NO_G2|NO_EARLY|NO_PULL|NO_DRYUP|40-60,<4|20-40|4-6,WEAKENING,<45,<-2,-2-0,STRONG_POS,0.7-1.0,NEGATIVE,NO_G2,NO_EARLY,NO_PULL,NO_DRYUP,40-60,<4,20-40,4-6,CTX[<4|20-40|4-6]::DNA[WEAKENING|<45|<-2|-2-0|STRONG_POS|NEGATIVE|0.7-1.0|NO_G2|NO_EARLY|NO_PULL|NO_DRYUP|40-60],CTX[<4|20-40|4-6]::DNA[WEAKENING|<45|<-2|-2-0|STRONG_POS|NEGATIVE|0.7-1.0|NO_G2|NO_EARLY|NO_PULL|NO_DRYUP|40-60],CTX[<4|20-40|4-6]::DNA[WEAKENING|<45|<-2|-2-0|STRONG_POS|NEGATIVE|0.7-1.0|NO_G2|NO_EARLY|NO_PULL|NO_DRYUP|40-60],V4,2026-08-18T12:13:06Z
379ca2ead4f7b033,379ca2ead4f7b033,PENDING_OUTCOME,2026-08-18,2026-08-18T12:13:05Z,4.0.0,GEN3_EXPERIENCE,DECISION_CONTEXT_V1,VRE,24400.0,⚠️ YẾU DẦN,42.1,3.0,🟠 HẠN CHẾ / GIẢM,OBV xấu + Thiếu mẫu xác nhận,45.62,-0.45,-4.13,-7.58,3.45,24671.59,24112.5,2.32,-1.95,-1.1008208226547245,1.1923276308968278,🔴,2964400.0,6339900.0,0.46757835297086703,-1.1,14.55,14.55,-8.96,False,False,False,THEO DÕI,,,,424325900.0,429255800.0,,False,,,48.5,-7.5,-0.1,1.0,7.0,5.7,5.7,7.6,1.3,30.0,🔴 Forecast rủi ro,WEAKENING|45-50|<-2|2-5|STRONG_POS|NEGATIVE|<0.7|NO_G2|NO_EARLY|NO_PULL|NO_DRYUP|40-60,<4|20-40|4-6,WEAKENING,45-50,<-2,2-5,STRONG_POS,<0.7,NEGATIVE,NO_G2,NO_EARLY,NO_PULL,NO_DRYUP,40-60,<4,20-40,4-6,CTX[<4|20-40|4-6]::DNA[WEAKENING|45-50|<-2|2-5|STRONG_POS|NEGATIVE|<0.7|NO_G2|NO_EARLY|NO_PULL|NO_DRYUP|40-60],CTX[<4|20-40|4-6]::DNA[WEAKENING|45-50|<-2|2-5|STRONG_POS|NEGATIVE|<0.7|NO_G2|NO_EARLY|NO_PULL|NO_DRYUP|40-60],CTX[<4|20-40|4-6]::DNA[WEAKENING|45-50|<-2|2-5|STRONG_POS|NEGATIVE|<0.7|NO_G2|NO_EARLY|NO_PULL|NO_DRYUP|40-60],V4,2026-08-18T12:13:06Z
976ebe7541577377,976ebe7541577377,PENDING_OUTCOME,2026-08-18,2026-08-18T12:13:05Z,4.0.0,GEN3_EXPERIENCE,DECISION_CONTEXT_V1,VCI,21150.0,⚠️ YẾU DẦN,41.8,3.0,🟠 HẠN CHẾ / GIẢM,OBV xấu + Thiếu mẫu xác nhận + RS yếu,43.02,-3.71,-4.3,-3.2,-1.0999999999999996,21576.26,21142.5,2.05,-1.38,-1.9755972536482203,0.03547357218871561,🔴,8719183.0,9534039.0,0.9145319208364892,-1.98,14.63,14.63,-7.44,False,False,False,THEO DÕI,,,,148693517.0,156248708.0,,False,,,48.1,-9.0,3.4,1.0,7.0,5.7,5.7,7.6,1.3,30.0,🔴 Forecast rủi ro,WEAKENING|<45|<-2|-2-0|STRONG_POS|NEGATIVE|0.7-1.0|NO_G2|NO_EARLY|NO_PULL|NO_DRYUP|40-60,<4|20-40|4-6,WEAKENING,<45,<-2,-2-0,STRONG_POS,0.7-1.0,NEGATIVE,NO_G2,NO_EARLY,NO_PULL,NO_DRYUP,40-60,<4,20-40,4-6,CTX[<4|20-40|4-6]::DNA[WEAKENING|<45|<-2|-2-0|STRONG_POS|NEGATIVE|0.7-1.0|NO_G2|NO_EARLY|NO_PULL|NO_DRYUP|40-60],CTX[<4|20-40|4-6]::DNA[WEAKENING|<45|<-2|-2-0|STRONG_POS|NEGATIVE|0.7-1.0|NO_G2|NO_EARLY|NO_PULL|NO_DRYUP|40-60],CTX[<4|20-40|4-6]::DNA[WEAKENING|<45|<-2|-2-0|STRONG_POS|NEGATIVE|0.7-1.0|NO_G2|NO_EARLY|NO_PULL|NO_DRYUP|40-60],V4,2026-08-18T12:13:06Z
365ce390e4d90d0b,365ce390e4d90d0b,PENDING_OUTCOME,2026-08-18,2026-08-18T12:13:05Z,4.0.0,GEN3_EXPERIENCE,DECISION_CONTEXT_V1,SHB,11600.0,⚠️ YẾU DẦN,41.3,3.0,🟠 HẠN CHẾ / GIẢM,OBV xấu + RSI yếu + Thiếu mẫu xác nhận,37.91,-3.89,-2.52,-1.69,-0.8300000000000001,11742.2,11717.5,0.21,-0.17,-1.2110166748990903,-1.0027736291871148,🔴,55278028.0,54243546.0,1.0190710614678473,-1.21,3.57,3.57,-4.53,False,False,False,THEO DÕI,,,,1480167032.0,1618834826.0,,False,,,47.3,-4.5,-8.3,1.0,7.0,5.7,5.7,7.6,1.3,30.0,🔴 Forecast rủi ro,WEAKENING|<45|-2-0|-2-0|STRONG_POS|NEGATIVE|1.0-1.2|NO_G2|NO_EARLY|NO_PULL|NO_DRYUP|40-60,<4|20-40|4-6,WEAKENING,<45,-2-0,-2-0,STRONG_POS,1.0-1.2,NEGATIVE,NO_G2,NO_EARLY,NO_PULL,NO_DRYUP,40-60,<4,20-40,4-6,CTX[<4|20-40|4-6]::DNA[WEAKENING|<45|-2-0|-2-0|STRONG_POS|NEGATIVE|1.0-1.2|NO_G2|NO_EARLY|NO_PULL|NO_DRYUP|40-60],CTX[<4|20-40|4-6]::DNA[WEAKENING|<45|-2-0|-2-0|STRONG_POS|NEGATIVE|1.0-1.2|NO_G2|NO_EARLY|NO_PULL|NO_DRYUP|40-60],CTX[<4|20-40|4-6]::DNA[WEAKENING|<45|-2-0|-2-0|STRONG_POS|NEGATIVE|1.0-1.2|NO_G2|NO_EARLY|NO_PULL|NO_DRYUP|40-60],V4,2026-08-18T12:13:06Z
4f75a83464663ebb,4f75a83464663ebb,PENDING_OUTCOME,2026-08-18,2026-08-18T12:13:05Z,4.0.0,GEN3_EXPERIENCE,DECISION_CONTEXT_V1,VCB,58000.0,⚠️ YẾU DẦN,41.2,3.0,🟠 HẠN CHẾ / GIẢM,OBV xấu + Thiếu mẫu xác nhận,46.06,-8.42,-3.01,-3.33,0.3200000000000003,58738.46,57672.5,1.85,-1.27,-1.2572001376951358,0.5678616324938268,🔴,2947561.0,5012088.0,0.5880904325702182,-1.26,7.41,7.41,-4.92,False,False,False,TÍCH LŨY,,,,116253639.0,124498600.0,,False,,,52.63,-8.0,-9.8,2.0,6.0,5.7,5.7,7.6,1.3,30.0,🔴 Forecast rủi ro,WEAKENING|45-50|<-2|0-2|STRONG_POS|NEGATIVE|<0.7|NO_G2|NO_EARLY|NO_PULL|NO_DRYUP|40-60,<4|20-40|4-6,WEAKENING,45-50,<-2,0-2,STRONG_POS,<0.7,NEGATIVE,NO_G2,NO_EARLY,NO_PULL,NO_DRYUP,40-60,<4,20-40,4-6,CTX[<4|20-40|4-6]::DNA[WEAKENING|45-50|<-2|0-2|STRONG_POS|NEGATIVE|<0.7|NO_G2|NO_EARLY|NO_PULL|NO_DRYUP|40-60],CTX[<4|20-40|4-6]::DNA[WEAKENING|45-50|<-2|0-2|STRONG_POS|NEGATIVE|<0.7|NO_G2|NO_EARLY|NO_PULL|NO_DRYUP|40-60],CTX[<4|20-40|4-6]::DNA[WEAKENING|45-50|<-2|0-2|STRONG_POS|NEGATIVE|<0.7|NO_G2|NO_EARLY|NO_PULL|NO_DRYUP|40-60],V4,2026-08-18T12:13:06Z
5d94e598d01c60f4,5d94e598d01c60f4,PENDING_OUTCOME,2026-08-18,2026-08-18T12:13:05Z,4.0.0,GEN3_EXPERIENCE,DECISION_CONTEXT_V1,VPB,24900.0,⚠️ YẾU DẦN,40.8,3.0,🟠 HẠN CHẾ / GIẢM,OBV xấu + Thiếu mẫu xác nhận,42.99,-4.05,-2.35,-2.92,0.5699999999999998,25161.67,25110.0,0.21,-0.69,-1.0399548201689202,-0.8363201911589013,🔴,18835800.0,14464660.0,1.302194451857147,-1.04,2.26,2.26,-4.23,False,False,False,MUA EARLY,,,,1284203192.0,1292574176.0,,False,,,53.81,2.5,-3.9,3.0,5.0,5.7,5.7,7.6,1.3,30.0,🔴 Forecast rủi ro,WEAKENING|<45|<-2|0-2|STRONG_POS|NEGATIVE|1.2-1.5|NO_G2|NO_EARLY|NO_PULL|NO_DRYUP|40-60,<4|20-40|4-6,WEAKENING,<45,<-2,0-2,STRONG_POS,1.2-1.5,NEGATIVE,NO_G2,NO_EARLY,NO_PULL,NO_DRYUP,40-60,<4,20-40,4-6,CTX[<4|20-40|4-6]::DNA[WEAKENING|<45|<-2|0-2|STRONG_POS|NEGATIVE|1.2-1.5|NO_G2|NO_EARLY|NO_PULL|NO_DRYUP|40-60],CTX[<4|20-40|4-6]::DNA[WEAKENING|<45|<-2|0-2|STRONG_POS|NEGATIVE|1.2-1.5|NO_G2|NO_EARLY|NO_PULL|NO_DRYUP|40-60],CTX[<4|20-40|4-6]::DNA[WEAKENING|<45|<-2|0-2|STRONG_POS|NEGATIVE|1.2-1.5|NO_G2|NO_EARLY|NO_PULL|NO_DRYUP|40-60],V4,2026-08-18T12:13:06Z
9ba78d6b8e26d964,9ba78d6b8e26d964,PENDING_OUTCOME,2026-08-18,2026-08-18T12:13:05Z,4.0.0,GEN3_EXPERIENCE,DECISION_CONTEXT_V1,ORS,13750.0,⚠️ YẾU DẦN,40.7,3.0,🟠 HẠN CHẾ / GIẢM,OBV xấu + RS yếu + Thiếu mẫu xác nhận,48.13,-5.23,-4.84,-3.51,-1.33,13970.69,13832.5,1.0,-1.54,-1.5796642828664886,-0.5964214711729587,🔴,4236452.0,4452643.0,0.9514465902611101,-1.58,7.42,8.7,-6.78,False,False,False,THEO DÕI,,,,210935348.0,214067500.0,,False,,,48.9,-4.5,-8.3,1.0,7.0,5.7,5.7,7.6,1.3,30.0,🔴 Forecast rủi ro,WEAKENING|45-50|<-2|-2-0|STRONG_POS|NEGATIVE|0.7-1.0|NO_G2|NO_EARLY|NO_PULL|NO_DRYUP|40-60,<4|20-40|4-6,WEAKENING,45-50,<-2,-2-0,STRONG_POS,0.7-1.0,NEGATIVE,NO_G2,NO_EARLY,NO_PULL,NO_DRYUP,40-60,<4,20-40,4-6,CTX[<4|20-40|4-6]::DNA[WEAKENING|45-50|<-2|-2-0|STRONG_POS|NEGATIVE|0.7-1.0|NO_G2|NO_EARLY|NO_PULL|NO_DRYUP|40-60],CTX[<4|20-40|4-6]::DNA[WEAKENING|45-50|<-2|-2-0|STRONG_POS|NEGATIVE|0.7-1.0|NO_G2|NO_EARLY|NO_PULL|NO_DRYUP|40-60],CTX[<4|20-40|4-6]::DNA[WEAKENING|45-50|<-2|-2-0|STRONG_POS|NEGATIVE|0.7-1.0|NO_G2|NO_EARLY|NO_PULL|NO_DRYUP|40-60],V4,2026-08-18T12:13:06Z
3f863ec74a3f6c90,3f863ec74a3f6c90,PENDING_OUTCOME,2026-08-18,2026-08-18T12:13:05Z,4.0.0,GEN3_EXPERIENCE,DECISION_CONTEXT_V1,GIL,8000.0,⚠️ YẾU DẦN,40.5,3.0,🟠 HẠN CHẾ / GIẢM,OBV xấu + RS yếu + Thiếu mẫu xác nhận,44.04,-7.72,-7.62,8.4,-16.02,8150.77,7521.45,8.37,-0.89,-1.8497638873382516,6.3624700024596414,🔴,130500.0,270910.0,0.481709792920158,-1.85,22.14,22.14,-13.61,False,False,False,MUA EARLY,,,,-4830300.0,-4784659.0,,False,,,54.73,-8.0,-1.7,3.0,5.0,5.7,5.7,7.6,1.3,30.0,🔴 Forecast rủi ro,WEAKENING|<45|5-10|<-2|STRONG_POS|NEGATIVE|<0.7|NO_G2|NO_EARLY|NO_PULL|NO_DRYUP|40-60,<4|20-40|4-6,WEAKENING,<45,5-10,<-2,STRONG_POS,<0.7,NEGATIVE,NO_G2,NO_EARLY,NO_PULL,NO_DRYUP,40-60,<4,20-40,4-6,CTX[<4|20-40|4-6]::DNA[WEAKENING|<45|5-10|<-2|STRONG_POS|NEGATIVE|<0.7|NO_G2|NO_EARLY|NO_PULL|NO_DRYUP|40-60],CTX[<4|20-40|4-6]::DNA[WEAKENING|<45|5-10|<-2|STRONG_POS|NEGATIVE|<0.7|NO_G2|NO_EARLY|NO_PULL|NO_DRYUP|40-60],CTX[<4|20-40|4-6]::DNA[WEAKENING|<45|5-10|<-2|STRONG_POS|NEGATIVE|<0.7|NO_G2|NO_EARLY|NO_PULL|NO_DRYUP|40-60],V4,2026-08-18T12:13:06Z
c9f94e7c9b012872,c9f94e7c9b012872,PENDING_OUTCOME,2026-08-18,2026-08-18T12:13:05Z,4.0.0,GEN3_EXPERIENCE,DECISION_CONTEXT_V1,SSB,15050.0,⚠️ YẾU DẦN,40.4,3.0,🟠 HẠN CHẾ / GIẢM,OBV xấu + Thiếu mẫu xác nhận,40.49,-2.02,-2.27,-2.59,0.31999999999999984,15222.61,15375.0,-0.99,-0.1,-1.1339054209494992,-2.1138211382113803,🔴,1914300.0,2122820.0,0.9017721709801113,-1.13,0.0,7.5,-4.75,False,False,False,THEO DÕI,,,,28544100.0,30215374.0,,False,,,47.64,-4.5,-6.4,0.0,7.0,5.7,5.7,7.6,1.3,30.0,🔴 Forecast rủi ro,WEAKENING|<45|<-2|0-2|STRONG_NEG|NEGATIVE|0.7-1.0|NO_G2|NO_EARLY|NO_PULL|NO_DRYUP|40-60,<4|20-40|4-6,WEAKENING,<45,<-2,0-2,STRONG_NEG,0.7-1.0,NEGATIVE,NO_G2,NO_EARLY,NO_PULL,NO_DRYUP,40-60,<4,20-40,4-6,CTX[<4|20-40|4-6]::DNA[WEAKENING|<45|<-2|0-2|STRONG_NEG|NEGATIVE|0.7-1.0|NO_G2|NO_EARLY|NO_PULL|NO_DRYUP|40-60],CTX[<4|20-40|4-6]::DNA[WEAKENING|<45|<-2|0-2|STRONG_NEG|NEGATIVE|0.7-1.0|NO_G2|NO_EARLY|NO_PULL|NO_DRYUP|40-60],CTX[<4|20-40|4-6]::DNA[WEAKENING|<45|<-2|0-2|STRONG_NEG|NEGATIVE|0.7-1.0|NO_G2|NO_EARLY|NO_PULL|NO_DRYUP|40-60],V4,2026-08-18T12:13:06Z
77f2320a195e081f,77f2320a195e081f,PENDING_OUTCOME,2026-08-18,2026-08-18T12:13:05Z,4.0.0,GEN3_EXPERIENCE,DECISION_CONTEXT_V1,HHV,10000.0,⚠️ YẾU DẦN,40.3,3.0,🟠 HẠN CHẾ / GIẢM,OBV xấu + Thiếu mẫu xác nhận + RSI yếu,42.31,-4.54,-1.48,-1.96,0.48,10090.31,10046.5,0.44,-0.5,-0.8950171005647989,-0.46284775792564403,🔴,1565100.0,2529565.0,0.6187229820146942,-0.9,2.04,2.04,-4.76,False,False,False,TÍCH LŨY,,,,167693600.0,169432568.0,,False,,,52.05,-8.0,-3.7,2.0,6.0,5.7,5.7,7.6,1.3,30.0,🔴 Forecast rủi ro,WEAKENING|<45|-2-0|0-2|STRONG_POS|NEGATIVE|<0.7|NO_G2|NO_EARLY|NO_PULL|NO_DRYUP|40-60,<4|20-40|4-6,WEAKENING,<45,-2-0,0-2,STRONG_POS,<0.7,NEGATIVE,NO_G2,NO_EARLY,NO_PULL,NO_DRYUP,40-60,<4,20-40,4-6,CTX[<4|20-40|4-6]::DNA[WEAKENING|<45|-2-0|0-2|STRONG_POS|NEGATIVE|<0.7|NO_G2|NO_EARLY|NO_PULL|NO_DRYUP|40-60],CTX[<4|20-40|4-6]::DNA[WEAKENING|<45|-2-0|0-2|STRONG_POS|NEGATIVE|<0.7|NO_G2|NO_EARLY|NO_PULL|NO_DRYUP|40-60],CTX[<4|20-40|4-6]::DNA[WEAKENING|<45|-2-0|0-2|STRONG_POS|NEGATIVE|<0.7|NO_G2|NO_EARLY|NO_PULL|NO_DRYUP|40-60],V4,2026-08-18T12:13:06Z
10530deaefc996b0,10530deaefc996b0,PENDING_OUTCOME,2026-08-18,2026-08-18T12:13:05Z,4.0.0,GEN3_EXPERIENCE,DECISION_CONTEXT_V1,TPB,14350.0,⚠️ YẾU DẦN,40.2,3.0,🟠 HẠN CHẾ / GIẢM,OBV xấu + Thiếu mẫu xác nhận,40.56,-1.52,-2.38,-1.37,-1.0099999999999998,14484.61,14372.5,0.78,-0.2,-0.9293312004948762,-0.15654896503739524,🔴,3997629.0,8709471.0,0.45899791158383785,-0.93,3.24,3.24,-4.65,False,False,False,TÍCH LŨY,,,,442581259.0,443263737.0,,False,,,51.77,-3.5,2.6,2.0,6.0,5.7,5.7,7.6,1.3,30.0,🔴 Forecast rủi ro,WEAKENING|<45|-2-0|-2-0|STRONG_POS|NEGATIVE|<0.7|NO_G2|NO_EARLY|NO_PULL|NO_DRYUP|40-60,<4|20-40|4-6,WEAKENING,<45,-2-0,-2-0,STRONG_POS,<0.7,NEGATIVE,NO_G2,NO_EARLY,NO_PULL,NO_DRYUP,40-60,<4,20-40,4-6,CTX[<4|20-40|4-6]::DNA[WEAKENING|<45|-2-0|-2-0|STRONG_POS|NEGATIVE|<0.7|NO_G2|NO_EARLY|NO_PULL|NO_DRYUP|40-60],CTX[<4|20-40|4-6]::DNA[WEAKENING|<45|-2-0|-2-0|STRONG_POS|NEGATIVE|<0.7|NO_G2|NO_EARLY|NO_PULL|NO_DRYUP|40-60],CTX[<4|20-40|4-6]::DNA[WEAKENING|<45|-2-0|-2-0|STRONG_POS|NEGATIVE|<0.7|NO_G2|NO_EARLY|NO_PULL|NO_DRYUP|40-60],V4,2026-08-18T12:13:06Z
0ddb0f299af0968f,0ddb0f299af0968f,PENDING_OUTCOME,2026-08-18,2026-08-18T12:13:05Z,4.0.0,GEN3_EXPERIENCE,DECISION_CONTEXT_V1,CSV,21450.0,⚠️ YẾU DẦN,40.1,3.0,🟠 HẠN CHẾ / GIẢM,OBV xấu + Thiếu mẫu xác nhận + RS yếu,43.82,-2.91,-4.03,-1.61,-2.42,21675.03,21557.5,0.55,-0.43,-1.0381992550875352,-0.4986663574162109,🔴,247000.0,344355.0,0.7172830364013881,-1.04,7.25,7.25,-5.92,False,False,False,THEO DÕI,,,,-3712200.0,-3596378.0,,False,,,48.23,-7.5,-0.1,1.0,7.0,5.7,5.7,7.6,1.3,30.0,🔴 Forecast rủi ro,WEAKENING|<45|-2-0|<-2|STRONG_POS|NEGATIVE|0.7-1.0|NO_G2|NO_EARLY|NO_PULL|NO_DRYUP|40-60,<4|20-40|4-6,WEAKENING,<45,-2-0,<-2,STRONG_POS,0.7-1.0,NEGATIVE,NO_G2,NO_EARLY,NO_PULL,NO_DRYUP,40-60,<4,20-40,4-6,CTX[<4|20-40|4-6]::DNA[WEAKENING|<45|-2-0|<-2|STRONG_POS|NEGATIVE|0.7-1.0|NO_G2|NO_EARLY|NO_PULL|NO_DRYUP|40-60],CTX[<4|20-40|4-6]::DNA[WEAKENING|<45|-2-0|<-2|STRONG_POS|NEGATIVE|0.7-1.0|NO_G2|NO_EARLY|NO_PULL|NO_DRYUP|40-60],CTX[<4|20-40|4-6]::DNA[WEAKENING|<45|-2-0|<-2|STRONG_POS|NEGATIVE|0.7-1.0|NO_G2|NO_EARLY|NO_PULL|NO_DRYUP|40-60],V4,2026-08-18T12:13:06Z
3fea0734e528111d,3fea0734e528111d,PENDING_OUTCOME,2026-08-18,2026-08-18T12:13:05Z,4.0.0,GEN3_EXPERIENCE,DECISION_CONTEXT_V1,POW,13350.0,⚠️ YẾU DẦN,39.9,3.0,🟠 HẠN CHẾ / GIẢM,OBV xấu + Thiếu mẫu xác nhận,42.9,-1.87,-2.91,-3.96,1.0499999999999998,13497.13,13535.0,-0.28,-0.83,-1.0900835955495625,-1.3668267454746919,🔴,4921894.0,6795180.0,0.7243213571973075,-1.09,1.14,1.14,-5.32,False,False,False,THEO DÕI,,,,307155504.0,314044829.0,,False,,,48.02,-3.0,-3.0,0.0,7.0,5.7,5.7,7.6,1.3,30.0,🔴 Forecast rủi ro,WEAKENING|<45|<-2|0-2|STRONG_NEG|NEGATIVE|0.7-1.0|NO_G2|NO_EARLY|NO_PULL|NO_DRYUP|40-60,<4|20-40|4-6,WEAKENING,<45,<-2,0-2,STRONG_NEG,0.7-1.0,NEGATIVE,NO_G2,NO_EARLY,NO_PULL,NO_DRYUP,40-60,<4,20-40,4-6,CTX[<4|20-40|4-6]::DNA[WEAKENING|<45|<-2|0-2|STRONG_NEG|NEGATIVE|0.7-1.0|NO_G2|NO_EARLY|NO_PULL|NO_DRYUP|40-60],CTX[<4|20-40|4-6]::DNA[WEAKENING|<45|<-2|0-2|STRONG_NEG|NEGATIVE|0.7-1.0|NO_G2|NO_EARLY|NO_PULL|NO_DRYUP|40-60],CTX[<4|20-40|4-6]::DNA[WEAKENING|<45|<-2|0-2|STRONG_NEG|NEGATIVE|0.7-1.0|NO_G2|NO_EARLY|NO_PULL|NO_DRYUP|40-60],V4,2026-08-18T12:13:06Z
7fb5ba122f5f0c6d,7fb5ba122f5f0c6d,PENDING_OUTCOME,2026-08-18,2026-08-18T12:13:05Z,4.0.0,GEN3_EXPERIENCE,DECISION_CONTEXT_V1,SIP,49400.0,⚠️ YẾU DẦN,39.8,3.0,🟠 HẠN CHẾ / GIẢM,OBV xấu + Thiếu mẫu xác nhận + Vol chưa xác nhận,47.68,-13.47,-2.95,-3.14,0.18999999999999995,50080.54,49167.5,1.86,-1.43,-1.358891098218995,0.47287334112982027,🔴,167700.0,97365.0,1.7223848405484516,-1.36,6.01,6.01,-4.45,False,False,False,THEO DÕI,,,,130800.0,374627.0,,False,,,48.77,-14.5,-15.1,-1.0,7.0,5.7,5.7,7.6,1.3,30.0,🔴 Forecast rủi ro,WEAKENING|45-50|<-2|0-2|STRONG_POS|NEGATIVE|>=1.5|NO_G2|NO_EARLY|NO_PULL|NO_DRYUP|40-60,<4|20-40|4-6,WEAKENING,45-50,<-2,0-2,STRONG_POS,>=1.5,NEGATIVE,NO_G2,NO_EARLY,NO_PULL,NO_DRYUP,40-60,<4,20-40,4-6,CTX[<4|20-40|4-6]::DNA[WEAKENING|45-50|<-2|0-2|STRONG_POS|NEGATIVE|>=1.5|NO_G2|NO_EARLY|NO_PULL|NO_DRYUP|40-60],CTX[<4|20-40|4-6]::DNA[WEAKENING|45-50|<-2|0-2|STRONG_POS|NEGATIVE|>=1.5|NO_G2|NO_EARLY|NO_PULL|NO_DRYUP|40-60],CTX[<4|20-40|4-6]::DNA[WEAKENING|45-50|<-2|0-2|STRONG_POS|NEGATIVE|>=1.5|NO_G2|NO_EARLY|NO_PULL|NO_DRYUP|40-60],V4,2026-08-18T12:13:06Z
1ed332d3487ccd71,1ed332d3487ccd71,PENDING_OUTCOME,2026-08-18,2026-08-18T12:13:05Z,4.0.0,GEN3_EXPERIENCE,DECISION_CONTEXT_V1,HSG,10600.0,⚠️ YẾU DẦN,39.6,3.0,🟠 HẠN CHẾ / GIẢM,OBV xấu + Thiếu mẫu xác nhận,41.45,-1.28,-2.75,-2.3,-0.4500000000000002,10707.66,10675.0,0.31,-0.6,-1.0054484359794724,-0.7025761124121788,🔴,1030100.0,1955250.0,0.5268380002557218,-1.01,5.47,5.47,-4.5,False,False,False,THEO DÕI,,,,46647500.0,48729104.0,,False,,,47.85,-6.0,-6.4,1.0,7.0,5.7,5.7,7.6,1.3,30.0,🔴 Forecast rủi ro,WEAKENING|<45|<-2|-2-0|STRONG_POS|NEGATIVE|<0.7|NO_G2|NO_EARLY|NO_PULL|NO_DRYUP|40-60,<4|20-40|4-6,WEAKENING,<45,<-2,-2-0,STRONG_POS,<0.7,NEGATIVE,NO_G2,NO_EARLY,NO_PULL,NO_DRYUP,40-60,<4,20-40,4-6,CTX[<4|20-40|4-6]::DNA[WEAKENING|<45|<-2|-2-0|STRONG_POS|NEGATIVE|<0.7|NO_G2|NO_EARLY|NO_PULL|NO_DRYUP|40-60],CTX[<4|20-40|4-6]::DNA[WEAKENING|<45|<-2|-2-0|STRONG_POS|NEGATIVE|<0.7|NO_G2|NO_EARLY|NO_PULL|NO_DRYUP|40-60],CTX[<4|20-40|4-6]::DNA[WEAKENING|<45|<-2|-2-0|STRONG_POS|NEGATIVE|<0.7|NO_G2|NO_EARLY|NO_PULL|NO_DRYUP|40-60],V4,2026-08-18T12:13:06Z
0fa43612246d7bff,0fa43612246d7bff,PENDING_OUTCOME,2026-08-18,2026-08-18T12:13:05Z,4.0.0,GEN3_EXPERIENCE,DECISION_CONTEXT_V1,NVL,13200.0,⚠️ YẾU DẦN,39.5,3.0,🟠 HẠN CHẾ / GIẢM,OBV xấu + Thiếu mẫu xác nhận,50.28,-4.16,-2.58,-1.49,-1.09,13357.7,13242.5,0.87,-1.8,-1.1805924672660728,-0.3209363790825037,🔴,8610000.0,17748315.0,0.4851164744371508,-1.18,4.76,11.39,-7.37,False,False,False,TÍCH LŨY,,,,605489704.0,624752888.0,,False,,,53.29,-5.0,-2.8,2.0,6.0,5.7,5.7,7.6,1.3,30.0,🔴 Forecast rủi ro,WEAKENING|50-55|-2-0|-2-0|STRONG_POS|NEGATIVE|<0.7|NO_G2|NO_EARLY|NO_PULL|NO_DRYUP|40-60,<4|20-40|4-6,WEAKENING,50-55,-2-0,-2-0,STRONG_POS,<0.7,NEGATIVE,NO_G2,NO_EARLY,NO_PULL,NO_DRYUP,40-60,<4,20-40,4-6,CTX[<4|20-40|4-6]::DNA[WEAKENING|50-55|-2-0|-2-0|STRONG_POS|NEGATIVE|<0.7|NO_G2|NO_EARLY|NO_PULL|NO_DRYUP|40-60],CTX[<4|20-40|4-6]::DNA[WEAKENING|50-55|-2-0|-2-0|STRONG_POS|NEGATIVE|<0.7|NO_G2|NO_EARLY|NO_PULL|NO_DRYUP|40-60],CTX[<4|20-40|4-6]::DNA[WEAKENING|50-55|-2-0|-2-0|STRONG_POS|NEGATIVE|<0.7|NO_G2|NO_EARLY|NO_PULL|NO_DRYUP|40-60],V4,2026-08-18T12:13:06Z
751b4556cbebf56f,751b4556cbebf56f,PENDING_OUTCOME,2026-08-18,2026-08-18T12:13:05Z,4.0.0,GEN3_EXPERIENCE,DECISION_CONTEXT_V1,HVN,22850.0,⚠️ YẾU DẦN,39.5,3.0,🟠 HẠN CHẾ / GIẢM,OBV xấu + Thiếu mẫu xác nhận,46.26,-8.88,-3.59,-3.79,0.20000000000000018,23295.06,22805.0,2.15,-1.33,-1.9105338213338041,0.19732514799386536,🔴,454000.0,977490.0,0.4644548793338039,-1.91,7.78,8.81,-8.96,False,False,False,THEO DÕI,,,,3767500.0,4399943.0,,False,,,48.61,-6.0,-8.9,1.0,7.0,5.7,5.7,7.6,1.3,30.0,🔴 Forecast rủi ro,WEAKENING|45-50|<-2|0-2|STRONG_POS|NEGATIVE|<0.7|NO_G2|NO_EARLY|NO_PULL|NO_DRYUP|40-60,<4|20-40|4-6,WEAKENING,45-50,<-2,0-2,STRONG_POS,<0.7,NEGATIVE,NO_G2,NO_EARLY,NO_PULL,NO_DRYUP,40-60,<4,20-40,4-6,CTX[<4|20-40|4-6]::DNA[WEAKENING|45-50|<-2|0-2|STRONG_POS|NEGATIVE|<0.7|NO_G2|NO_EARLY|NO_PULL|NO_DRYUP|40-60],CTX[<4|20-40|4-6]::DNA[WEAKENING|45-50|<-2|0-2|STRONG_POS|NEGATIVE|<0.7|NO_G2|NO_EARLY|NO_PULL|NO_DRYUP|40-60],CTX[<4|20-40|4-6]::DNA[WEAKENING|45-50|<-2|0-2|STRONG_POS|NEGATIVE|<0.7|NO_G2|NO_EARLY|NO_PULL|NO_DRYUP|40-60],V4,2026-08-18T12:13:06Z
570ba2880d492817,570ba2880d492817,PENDING_OUTCOME,2026-08-18,2026-08-18T12:13:05Z,4.0.0,GEN3_EXPERIENCE,DECISION_CONTEXT_V1,HHS,9710.0,⚠️ YẾU DẦN,39.2,3.0,🟠 HẠN CHẾ / GIẢM,OBV xấu + Thiếu mẫu xác nhận,41.96,-2.39,-2.9,-5.27,2.3699999999999997,9894.18,9851.5,0.43,-0.18,-1.8614983758128534,-1.4363294929706116,🔴,481000.0,955045.0,0.5036411896821615,-1.86,3.3,3.3,-7.08,False,False,False,TÍCH LŨY,,,,155813900.0,156954555.0,,False,,,51.99,-3.5,-5.7,2.0,6.0,5.7,5.7,7.6,1.3,30.0,🔴 Forecast rủi ro,WEAKENING|<45|<-2|2-5|STRONG_POS|NEGATIVE|<0.7|NO_G2|NO_EARLY|NO_PULL|NO_DRYUP|40-60,<4|20-40|4-6,WEAKENING,<45,<-2,2-5,STRONG_POS,<0.7,NEGATIVE,NO_G2,NO_EARLY,NO_PULL,NO_DRYUP,40-60,<4,20-40,4-6,CTX[<4|20-40|4-6]::DNA[WEAKENING|<45|<-2|2-5|STRONG_POS|NEGATIVE|<0.7|NO_G2|NO_EARLY|NO_PULL|NO_DRYUP|40-60],CTX[<4|20-40|4-6]::DNA[WEAKENING|<45|<-2|2-5|STRONG_POS|NEGATIVE|<0.7|NO_G2|NO_EARLY|NO_PULL|NO_DRYUP|40-60],CTX[<4|20-40|4-6]::DNA[WEAKENING|<45|<-2|2-5|STRONG_POS|NEGATIVE|<0.7|NO_G2|NO_EARLY|NO_PULL|NO_DRYUP|40-60],V4,2026-08-18T12:13:06Z
993e9f64d757f7ed,993e9f64d757f7ed,PENDING_OUTCOME,2026-08-18,2026-08-18T12:13:05Z,4.0.0,GEN3_EXPERIENCE,DECISION_CONTEXT_V1,IDC,32900.0,⚠️ YẾU DẦN,38.0,3.0,🟠 HẠN CHẾ / GIẢM,OBV xấu + Thiếu mẫu xác nhận + RSI yếu,43.43,-10.38,-3.52,-1.2,-2.3200000000000003,33470.31,33097.0,1.13,-1.04,-1.7039280484704156,-0.5952201105840382,🔴,594800.0,1051460.0,0.5656896125387556,-1.7,4.44,4.44,-6.53,False,False,False,TÍCH LŨY,,,,65312300.0,66750704.0,,False,,,52.22,-6.5,-3.7,2.0,6.0,5.7,5.7,7.6,1.3,30.0,🔴 Forecast rủi ro,WEAKENING|<45|-2-0|<-2|STRONG_POS|NEGATIVE|<0.7|NO_G2|NO_EARLY|NO_PULL|NO_DRYUP|40-60,<4|20-40|4-6,WEAKENING,<45,-2-0,<-2,STRONG_POS,<0.7,NEGATIVE,NO_G2,NO_EARLY,NO_PULL,NO_DRYUP,40-60,<4,20-40,4-6,CTX[<4|20-40|4-6]::DNA[WEAKENING|<45|-2-0|<-2|STRONG_POS|NEGATIVE|<0.7|NO_G2|NO_EARLY|NO_PULL|NO_DRYUP|40-60],CTX[<4|20-40|4-6]::DNA[WEAKENING|<45|-2-0|<-2|STRONG_POS|NEGATIVE|<0.7|NO_G2|NO_EARLY|NO_PULL|NO_DRYUP|40-60],CTX[<4|20-40|4-6]::DNA[WEAKENING|<45|-2-0|<-2|STRONG_POS|NEGATIVE|<0.7|NO_G2|NO_EARLY|NO_PULL|NO_DRYUP|40-60],V4,2026-08-18T12:13:06Z
e8758d833456cae4,e8758d833456cae4,PENDING_OUTCOME,2026-08-18,2026-08-18T12:13:05Z,4.0.0,GEN3_EXPERIENCE,DECISION_CONTEXT_V1,NHA,8109.0,⚠️ YẾU DẦN,37.9,3.0,🟠 HẠN CHẾ / GIẢM,OBV xấu + RSI yếu + Thiếu mẫu xác nhận,39.17,-4.66,-4.15,-3.12,-1.0300000000000002,8291.22,8192.85,1.2,0.32,-2.197746531873468,-1.0234533770299703,🔴,145600.0,96225.0,1.5131202909846713,-2.2,6.7,6.7,-9.8,False,False,False,THEO DÕI,,,,6734300.0,6887278.0,,False,,,47.44,-7.0,-2.8,-1.0,7.0,5.7,5.7,7.6,1.3,30.0,🔴 Forecast rủi ro,WEAKENING|<45|<-2|-2-0|STRONG_POS|NEGATIVE|>=1.5|NO_G2|NO_EARLY|NO_PULL|NO_DRYUP|40-60,<4|20-40|4-6,WEAKENING,<45,<-2,-2-0,STRONG_POS,>=1.5,NEGATIVE,NO_G2,NO_EARLY,NO_PULL,NO_DRYUP,40-60,<4,20-40,4-6,CTX[<4|20-40|4-6]::DNA[WEAKENING|<45|<-2|-2-0|STRONG_POS|NEGATIVE|>=1.5|NO_G2|NO_EARLY|NO_PULL|NO_DRYUP|40-60],CTX[<4|20-40|4-6]::DNA[WEAKENING|<45|<-2|-2-0|STRONG_POS|NEGATIVE|>=1.5|NO_G2|NO_EARLY|NO_PULL|NO_DRYUP|40-60],CTX[<4|20-40|4-6]::DNA[WEAKENING|<45|<-2|-2-0|STRONG_POS|NEGATIVE|>=1.5|NO_G2|NO_EARLY|NO_PULL|NO_DRYUP|40-60],V4,2026-08-18T12:13:06Z
7dc7ebc27aa083d6,7dc7ebc27aa083d6,PENDING_OUTCOME,2026-08-18,2026-08-18T12:13:05Z,4.0.0,GEN3_EXPERIENCE,DECISION_CONTEXT_V1,C4G,5500.0,⚠️ YẾU DẦN,37.6,3.0,🟠 HẠN CHẾ / GIẢM,OBV xấu + RSI yếu + Thiếu mẫu xác nhận,34.03,-6.69,-1.79,-3.51,1.7199999999999998,5617.54,5655.0,-0.66,0.39,-2.0923749541614245,-2.7409372236958496,🔴,251600.0,273045.0,0.9214598326283213,-2.09,0.0,0.0,-11.29,False,False,False,THEO DÕI,,,,15031300.0,15176620.0,,False,,,46.64,-9.0,-2.9,0.0,7.0,5.7,5.7,7.6,1.3,30.0,🔴 Forecast rủi ro,WEAKENING|<45|<-2|0-2|STRONG_NEG|NEGATIVE|0.7-1.0|NO_G2|NO_EARLY|NO_PULL|NO_DRYUP|40-60,<4|20-40|4-6,WEAKENING,<45,<-2,0-2,STRONG_NEG,0.7-1.0,NEGATIVE,NO_G2,NO_EARLY,NO_PULL,NO_DRYUP,40-60,<4,20-40,4-6,CTX[<4|20-40|4-6]::DNA[WEAKENING|<45|<-2|0-2|STRONG_NEG|NEGATIVE|0.7-1.0|NO_G2|NO_EARLY|NO_PULL|NO_DRYUP|40-60],CTX[<4|20-40|4-6]::DNA[WEAKENING|<45|<-2|0-2|STRONG_NEG|NEGATIVE|0.7-1.0|NO_G2|NO_EARLY|NO_PULL|NO_DRYUP|40-60],CTX[<4|20-40|4-6]::DNA[WEAKENING|<45|<-2|0-2|STRONG_NEG|NEGATIVE|0.7-1.0|NO_G2|NO_EARLY|NO_PULL|NO_DRYUP|40-60],V4,2026-08-18T12:13:06Z
e643c73fb9f949ee,e643c73fb9f949ee,PENDING_OUTCOME,2026-08-18,2026-08-18T12:13:05Z,4.0.0,GEN3_EXPERIENCE,DECISION_CONTEXT_V1,BVS,26200.0,⚠️ YẾU DẦN,37.6,3.0,🟠 HẠN CHẾ / GIẢM,OBV xấu + Thiếu mẫu xác nhận,42.85,-4.02,-3.68,-3.68,0.0,26694.71,26555.0,0.53,0.55,-1.8532136142329292,-1.3368480512144565,🔴,381500.0,913810.0,0.4174828465435922,-1.85,7.82,7.82,-11.78,False,False,False,TÍCH LŨY,,,,2764800.0,3713614.0,,False,,,52.13,-0.5,2.6,2.0,6.0,5.7,5.7,7.6,1.3,30.0,🔴 Forecast rủi ro,WEAKENING|<45|<-2|0-2|STRONG_POS|NEGATIVE|<0.7|NO_G2|NO_EARLY|NO_PULL|NO_DRYUP|40-60,<4|20-40|4-6,WEAKENING,<45,<-2,0-2,STRONG_POS,<0.7,NEGATIVE,NO_G2,NO_EARLY,NO_PULL,NO_DRYUP,40-60,<4,20-40,4-6,CTX[<4|20-40|4-6]::DNA[WEAKENING|<45|<-2|0-2|STRONG_POS|NEGATIVE|<0.7|NO_G2|NO_EARLY|NO_PULL|NO_DRYUP|40-60],CTX[<4|20-40|4-6]::DNA[WEAKENING|<45|<-2|0-2|STRONG_POS|NEGATIVE|<0.7|NO_G2|NO_EARLY|NO_PULL|NO_DRYUP|40-60],CTX[<4|20-40|4-6]::DNA[WEAKENING|<45|<-2|0-2|STRONG_POS|NEGATIVE|<0.7|NO_G2|NO_EARLY|NO_PULL|NO_DRYUP|40-60],V4,2026-08-18T12:13:06Z
fd7a00f5099a8ba4,fd7a00f5099a8ba4,PENDING_OUTCOME,2026-08-18,2026-08-18T12:13:05Z,4.0.0,GEN3_EXPERIENCE,DECISION_CONTEXT_V1,DDV,18100.0,⚠️ YẾU DẦN,37.2,3.0,🟠 HẠN CHẾ / GIẢM,OBV xấu + RSI yếu + Thiếu mẫu xác nhận,32.37,-1.55,-3.21,-4.74,1.5300000000000002,18442.8,18530.0,-0.47,0.39,-1.8587199340664107,-2.320561252023745,🔴,215500.0,282210.0,0.7636157471386557,-1.86,1.12,1.12,-11.27,False,False,False,THEO DÕI,,,,56488800.0,56715134.0,,False,,,46.38,-4.5,-6.4,0.0,7.0,5.7,5.7,7.6,1.3,30.0,🔴 Forecast rủi ro,WEAKENING|<45|<-2|0-2|STRONG_NEG|NEGATIVE|0.7-1.0|NO_G2|NO_EARLY|NO_PULL|NO_DRYUP|40-60,<4|20-40|4-6,WEAKENING,<45,<-2,0-2,STRONG_NEG,0.7-1.0,NEGATIVE,NO_G2,NO_EARLY,NO_PULL,NO_DRYUP,40-60,<4,20-40,4-6,CTX[<4|20-40|4-6]::DNA[WEAKENING|<45|<-2|0-2|STRONG_NEG|NEGATIVE|0.7-1.0|NO_G2|NO_EARLY|NO_PULL|NO_DRYUP|40-60],CTX[<4|20-40|4-6]::DNA[WEAKENING|<45|<-2|0-2|STRONG_NEG|NEGATIVE|0.7-1.0|NO_G2|NO_EARLY|NO_PULL|NO_DRYUP|40-60],CTX[<4|20-40|4-6]::DNA[WEAKENING|<45|<-2|0-2|STRONG_NEG|NEGATIVE|0.7-1.0|NO_G2|NO_EARLY|NO_PULL|NO_DRYUP|40-60],V4,2026-08-18T12:13:06Z
aa9b61364cb70054,aa9b61364cb70054,PENDING_OUTCOME,2026-08-18,2026-08-18T12:13:05Z,4.0.0,GEN3_EXPERIENCE,DECISION_CONTEXT_V1,VDS,11750.0,⚠️ YẾU DẦN,37.1,3.0,🟠 HẠN CHẾ / GIẢM,OBV xấu + Thiếu mẫu xác nhận,38.73,-0.7,-3.69,-2.89,-0.7999999999999998,11889.83,11930.0,-0.34,-0.16,-1.176047092346988,-1.5088013411567514,🔴,471700.0,901800.0,0.5230649811488135,-1.18,4.91,4.91,-9.62,False,False,False,THEO DÕI,,,,46699000.0,47214195.0,,False,,,47.37,-6.0,-6.4,0.0,7.0,5.7,5.7,7.6,1.3,30.0,🔴 Forecast rủi ro,WEAKENING|<45|<-2|-2-0|STRONG_NEG|NEGATIVE|<0.7|NO_G2|NO_EARLY|NO_PULL|NO_DRYUP|40-60,<4|20-40|4-6,WEAKENING,<45,<-2,-2-0,STRONG_NEG,<0.7,NEGATIVE,NO_G2,NO_EARLY,NO_PULL,NO_DRYUP,40-60,<4,20-40,4-6,CTX[<4|20-40|4-6]::DNA[WEAKENING|<45|<-2|-2-0|STRONG_NEG|NEGATIVE|<0.7|NO_G2|NO_EARLY|NO_PULL|NO_DRYUP|40-60],CTX[<4|20-40|4-6]::DNA[WEAKENING|<45|<-2|-2-0|STRONG_NEG|NEGATIVE|<0.7|NO_G2|NO_EARLY|NO_PULL|NO_DRYUP|40-60],CTX[<4|20-40|4-6]::DNA[WEAKENING|<45|<-2|-2-0|STRONG_NEG|NEGATIVE|<0.7|NO_G2|NO_EARLY|NO_PULL|NO_DRYUP|40-60],V4,2026-08-18T12:13:06Z
02075e76570d68ff,02075e76570d68ff,PENDING_OUTCOME,2026-08-18,2026-08-18T12:13:05Z,4.0.0,GEN3_EXPERIENCE,DECISION_CONTEXT_V1,MBS,17100.0,⚠️ YẾU DẦN,37.1,3.0,🟠 HẠN CHẾ / GIẢM,OBV xấu + Thiếu mẫu xác nhận,40.87,-3.08,-3.82,-2.79,-1.0299999999999998,17431.29,17404.0,0.16,-0.3,-1.9005478079935578,-1.7467248908296984,🔴,3213000.0,5684090.0,0.5652619856476586,-1.9,3.95,3.95,-8.21,False,False,False,TÍCH LŨY,,,,-48065300.0,-42894422.0,,False,,,51.82,-2.0,-3.7,2.0,6.0,5.7,5.7,7.6,1.3,30.0,🔴 Forecast rủi ro,WEAKENING|<45|<-2|-2-0|POS|NEGATIVE|<0.7|NO_G2|NO_EARLY|NO_PULL|NO_DRYUP|40-60,<4|20-40|4-6,WEAKENING,<45,<-2,-2-0,POS,<0.7,NEGATIVE,NO_G2,NO_EARLY,NO_PULL,NO_DRYUP,40-60,<4,20-40,4-6,CTX[<4|20-40|4-6]::DNA[WEAKENING|<45|<-2|-2-0|POS|NEGATIVE|<0.7|NO_G2|NO_EARLY|NO_PULL|NO_DRYUP|40-60],CTX[<4|20-40|4-6]::DNA[WEAKENING|<45|<-2|-2-0|POS|NEGATIVE|<0.7|NO_G2|NO_EARLY|NO_PULL|NO_DRYUP|40-60],CTX[<4|20-40|4-6]::DNA[WEAKENING|<45|<-2|-2-0|POS|NEGATIVE|<0.7|NO_G2|NO_EARLY|NO_PULL|NO_DRYUP|40-60],V4,2026-08-18T12:13:06Z
94491ac26e12ff6b,94491ac26e12ff6b,PENDING_OUTCOME,2026-08-18,2026-08-18T12:13:05Z,4.0.0,GEN3_EXPERIENCE,DECISION_CONTEXT_V1,AGR,12850.0,⚠️ YẾU DẦN,37.0,3.0,🟠 HẠN CHẾ / GIẢM,OBV xấu + Thiếu mẫu xác nhận,40.1,-2.14,-3.75,-3.38,-0.3700000000000001,13036.32,13095.0,-0.45,-0.25,-1.4292376989825328,-1.8709431080565109,🔴,209546.0,341527.0,0.6135561756464349,-1.43,4.9,4.9,-9.19,False,False,False,THEO DÕI,,,,22216254.0,22758278.0,,False,,,47.64,-2.0,-6.4,1.0,7.0,5.7,5.7,7.6,1.3,30.0,🔴 Forecast rủi ro,WEAKENING|<45|<-2|-2-0|STRONG_NEG|NEGATIVE|<0.7|NO_G2|NO_EARLY|NO_PULL|NO_DRYUP|40-60,<4|20-40|4-6,WEAKENING,<45,<-2,-2-0,STRONG_NEG,<0.7,NEGATIVE,NO_G2,NO_EARLY,NO_PULL,NO_DRYUP,40-60,<4,20-40,4-6,CTX[<4|20-40|4-6]::DNA[WEAKENING|<45|<-2|-2-0|STRONG_NEG|NEGATIVE|<0.7|NO_G2|NO_EARLY|NO_PULL|NO_DRYUP|40-60],CTX[<4|20-40|4-6]::DNA[WEAKENING|<45|<-2|-2-0|STRONG_NEG|NEGATIVE|<0.7|NO_G2|NO_EARLY|NO_PULL|NO_DRYUP|40-60],CTX[<4|20-40|4-6]::DNA[WEAKENING|<45|<-2|-2-0|STRONG_NEG|NEGATIVE|<0.7|NO_G2|NO_EARLY|NO_PULL|NO_DRYUP|40-60],V4,2026-08-18T12:13:06Z
aa67c9d174e6bc8c,aa67c9d174e6bc8c,PENDING_OUTCOME,2026-08-18,2026-08-18T12:13:05Z,4.0.0,GEN3_EXPERIENCE,DECISION_CONTEXT_V1,BMP,146100.0,⚠️ YẾU DẦN,36.8,3.0,🟠 HẠN CHẾ / GIẢM,OBV xấu + Thiếu mẫu xác nhận + RSI yếu,42.81,-7.89,-1.95,-2.47,0.5200000000000002,147728.03,149000.0,-0.85,-0.28,-1.102045427668663,-1.946308724832213,🔴,52800.0,99765.0,0.5292437227484589,-1.1,0.34,10.77,-6.29,False,False,False,THEO DÕI,,,,1990600.0,2044764.0,,False,,,48.01,-1.5,-4.0,0.0,7.0,5.7,5.7,7.6,1.3,30.0,🔴 Forecast rủi ro,WEAKENING|<45|<-2|0-2|STRONG_NEG|NEGATIVE|<0.7|NO_G2|NO_EARLY|NO_PULL|NO_DRYUP|40-60,<4|20-40|4-6,WEAKENING,<45,<-2,0-2,STRONG_NEG,<0.7,NEGATIVE,NO_G2,NO_EARLY,NO_PULL,NO_DRYUP,40-60,<4,20-40,4-6,CTX[<4|20-40|4-6]::DNA[WEAKENING|<45|<-2|0-2|STRONG_NEG|NEGATIVE|<0.7|NO_G2|NO_EARLY|NO_PULL|NO_DRYUP|40-60],CTX[<4|20-40|4-6]::DNA[WEAKENING|<45|<-2|0-2|STRONG_NEG|NEGATIVE|<0.7|NO_G2|NO_EARLY|NO_PULL|NO_DRYUP|40-60],CTX[<4|20-40|4-6]::DNA[WEAKENING|<45|<-2|0-2|STRONG_NEG|NEGATIVE|<0.7|NO_G2|NO_EARLY|NO_PULL|NO_DRYUP|40-60],V4,2026-08-18T12:13:06Z
1793f1a283f1a0a0,1793f1a283f1a0a0,PENDING_OUTCOME,2026-08-18,2026-08-18T12:13:05Z,4.0.0,GEN3_EXPERIENCE,DECISION_CONTEXT_V1,CMG,24050.0,⚠️ YẾU DẦN,36.7,3.0,🟠 HẠN CHẾ / GIẢM,OBV xấu + Thiếu mẫu xác nhận + RSI yếu,37.48,-1.84,-3.41,-5.31,1.8999999999999995,24384.06,24482.5,-0.4,-0.62,-1.3699933481134852,-1.7665679567037684,🔴,106744.0,186577.0,0.5721176779560182,-1.37,1.91,1.91,-6.6,False,False,False,THEO DÕI,,,,-7801500.0,-7717092.0,,False,,,47.17,-6.0,-6.4,0.0,7.0,5.7,5.7,7.6,1.3,30.0,🔴 Forecast rủi ro,WEAKENING|<45|<-2|0-2|STRONG_NEG|NEGATIVE|<0.7|NO_G2|NO_EARLY|NO_PULL|NO_DRYUP|40-60,<4|20-40|4-6,WEAKENING,<45,<-2,0-2,STRONG_NEG,<0.7,NEGATIVE,NO_G2,NO_EARLY,NO_PULL,NO_DRYUP,40-60,<4,20-40,4-6,CTX[<4|20-40|4-6]::DNA[WEAKENING|<45|<-2|0-2|STRONG_NEG|NEGATIVE|<0.7|NO_G2|NO_EARLY|NO_PULL|NO_DRYUP|40-60],CTX[<4|20-40|4-6]::DNA[WEAKENING|<45|<-2|0-2|STRONG_NEG|NEGATIVE|<0.7|NO_G2|NO_EARLY|NO_PULL|NO_DRYUP|40-60],CTX[<4|20-40|4-6]::DNA[WEAKENING|<45|<-2|0-2|STRONG_NEG|NEGATIVE|<0.7|NO_G2|NO_EARLY|NO_PULL|NO_DRYUP|40-60],V4,2026-08-18T12:13:06Z
eebf84d8e18dd4ba,eebf84d8e18dd4ba,PENDING_OUTCOME,2026-08-18,2026-08-18T12:13:05Z,4.0.0,GEN3_EXPERIENCE,DECISION_CONTEXT_V1,PC1,20400.0,⚠️ YẾU DẦN,36.4,3.0,🟠 HẠN CHẾ / GIẢM,OBV xấu + Xu hướng giảm + Thiếu mẫu xác nhận,41.34,-3.53,-0.73,-5.12,4.390000000000001,20634.97,20967.5,-1.59,-0.57,-1.1386980451146833,-2.7065696911887427,🔴,899900.0,1887380.0,0.4767985249393339,-1.14,0.0,9.68,-8.52,False,False,False,THEO DÕI,,,,120951000.0,123190224.0,,False,,,47.78,-3.0,-1.1,0.0,7.0,5.7,5.7,7.6,1.3,30.0,🔴 Forecast rủi ro,WEAKENING|<45|<-2|2-5|STRONG_NEG|NEGATIVE|<0.7|NO_G2|NO_EARLY|NO_PULL|NO_DRYUP|40-60,<4|20-40|4-6,WEAKENING,<45,<-2,2-5,STRONG_NEG,<0.7,NEGATIVE,NO_G2,NO_EARLY,NO_PULL,NO_DRYUP,40-60,<4,20-40,4-6,CTX[<4|20-40|4-6]::DNA[WEAKENING|<45|<-2|2-5|STRONG_NEG|NEGATIVE|<0.7|NO_G2|NO_EARLY|NO_PULL|NO_DRYUP|40-60],CTX[<4|20-40|4-6]::DNA[WEAKENING|<45|<-2|2-5|STRONG_NEG|NEGATIVE|<0.7|NO_G2|NO_EARLY|NO_PULL|NO_DRYUP|40-60],CTX[<4|20-40|4-6]::DNA[WEAKENING|<45|<-2|2-5|STRONG_NEG|NEGATIVE|<0.7|NO_G2|NO_EARLY|NO_PULL|NO_DRYUP|40-60],V4,2026-08-18T12:13:06Z
02061686fcf48d40,02061686fcf48d40,PENDING_OUTCOME,2026-08-18,2026-08-18T12:13:05Z,4.0.0,GEN3_EXPERIENCE,DECISION_CONTEXT_V1,MSB,15750.0,⚠️ YẾU DẦN,36.1,3.0,🟠 HẠN CHẾ / GIẢM,OBV xấu + Thiếu mẫu xác nhận + RSI yếu,42.05,-13.42,-3.08,-2.78,-0.30000000000000027,16052.06,16032.3,0.12,-0.3,-1.8817522486210492,-1.7608203439306802,🔴,2490069.0,6429143.0,0.38730963053707157,-1.88,0.0,10.92,-3.37,False,False,False,TÍCH LŨY,,,,762284531.0,762794187.0,,False,,,52.01,9.5,-7.2,2.0,6.0,5.7,5.7,7.6,1.3,30.0,🔴 Forecast rủi ro,WEAKENING|<45|<-2|-2-0|POS|NEGATIVE|<0.7|NO_G2|NO_EARLY|NO_PULL|NO_DRYUP|40-60,<4|20-40|4-6,WEAKENING,<45,<-2,-2-0,POS,<0.7,NEGATIVE,NO_G2,NO_EARLY,NO_PULL,NO_DRYUP,40-60,<4,20-40,4-6,CTX[<4|20-40|4-6]::DNA[WEAKENING|<45|<-2|-2-0|POS|NEGATIVE|<0.7|NO_G2|NO_EARLY|NO_PULL|NO_DRYUP|40-60],CTX[<4|20-40|4-6]::DNA[WEAKENING|<45|<-2|-2-0|POS|NEGATIVE|<0.7|NO_G2|NO_EARLY|NO_PULL|NO_DRYUP|40-60],CTX[<4|20-40|4-6]::DNA[WEAKENING|<45|<-2|-2-0|POS|NEGATIVE|<0.7|NO_G2|NO_EARLY|NO_PULL|NO_DRYUP|40-60],V4,2026-08-18T12:13:06Z
60ebc92ea51678b5,60ebc92ea51678b5,PENDING_OUTCOME,2026-08-18,2026-08-18T12:13:05Z,4.0.0,GEN3_EXPERIENCE,DECISION_CONTEXT_V1,GEE,67800.0,⚠️ YẾU DẦN,36.0,3.0,🟠 HẠN CHẾ / GIẢM,OBV xấu + RS yếu + RSI yếu,40.61,-4.92,-8.75,-3.14,-5.609999999999999,69373.03,68320.0,1.54,-0.42,-2.267495019318022,-0.7611241217798548,🔴,1284400.0,1419725.0,0.9046822448009297,-2.27,6.77,6.77,-12.74,False,False,False,THEO DÕI,,,,90682300.0,90915690.0,,False,,,47.72,-12.0,-6.3,1.0,7.0,5.7,5.7,7.6,1.3,30.0,🔴 Forecast rủi ro,WEAKENING|<45|<-2|<-2|STRONG_POS|NEGATIVE|0.7-1.0|NO_G2|NO_EARLY|NO_PULL|NO_DRYUP|40-60,<4|20-40|4-6,WEAKENING,<45,<-2,<-2,STRONG_POS,0.7-1.0,NEGATIVE,NO_G2,NO_EARLY,NO_PULL,NO_DRYUP,40-60,<4,20-40,4-6,CTX[<4|20-40|4-6]::DNA[WEAKENING|<45|<-2|<-2|STRONG_POS|NEGATIVE|0.7-1.0|NO_G2|NO_EARLY|NO_PULL|NO_DRYUP|40-60],CTX[<4|20-40|4-6]::DNA[WEAKENING|<45|<-2|<-2|STRONG_POS|NEGATIVE|0.7-1.0|NO_G2|NO_EARLY|NO_PULL|NO_DRYUP|40-60],CTX[<4|20-40|4-6]::DNA[WEAKENING|<45|<-2|<-2|STRONG_POS|NEGATIVE|0.7-1.0|NO_G2|NO_EARLY|NO_PULL|NO_DRYUP|40-60],V4,2026-08-18T12:13:06Z
51ba09f95c7653f7,51ba09f95c7653f7,PENDING_OUTCOME,2026-08-18,2026-08-18T12:13:05Z,4.0.0,GEN3_EXPERIENCE,DECISION_CONTEXT_V1,DBC,16050.0,⚠️ YẾU DẦN,35.9,3.0,🟠 HẠN CHẾ / GIẢM,OBV xấu + RSI yếu + Thiếu mẫu xác nhận,34.86,-7.77,-3.89,-3.31,-0.5800000000000001,16371.78,16354.95,0.1,-0.98,-1.9654551917995478,-1.864573110893042,🔴,1337802.0,1554115.0,0.8608127455175454,-1.97,2.23,2.23,-6.14,False,False,False,THEO DÕI,,,,4765198.0,6648391.0,,False,,,46.83,-6.0,-2.9,1.0,7.0,5.7,5.7,7.6,1.3,30.0,🔴 Forecast rủi ro,WEAKENING|<45|<-2|-2-0|POS|NEGATIVE|0.7-1.0|NO_G2|NO_EARLY|NO_PULL|NO_DRYUP|40-60,<4|20-40|4-6,WEAKENING,<45,<-2,-2-0,POS,0.7-1.0,NEGATIVE,NO_G2,NO_EARLY,NO_PULL,NO_DRYUP,40-60,<4,20-40,4-6,CTX[<4|20-40|4-6]::DNA[WEAKENING|<45|<-2|-2-0|POS|NEGATIVE|0.7-1.0|NO_G2|NO_EARLY|NO_PULL|NO_DRYUP|40-60],CTX[<4|20-40|4-6]::DNA[WEAKENING|<45|<-2|-2-0|POS|NEGATIVE|0.7-1.0|NO_G2|NO_EARLY|NO_PULL|NO_DRYUP|40-60],CTX[<4|20-40|4-6]::DNA[WEAKENING|<45|<-2|-2-0|POS|NEGATIVE|0.7-1.0|NO_G2|NO_EARLY|NO_PULL|NO_DRYUP|40-60],V4,2026-08-18T12:13:06Z
f10f14904a2e40e3,f10f14904a2e40e3,PENDING_OUTCOME,2026-08-18,2026-08-18T12:13:05Z,4.0.0,GEN3_EXPERIENCE,DECISION_CONTEXT_V1,VPX,24800.0,⚠️ YẾU DẦN,35.8,3.0,🟠 HẠN CHẾ / GIẢM,OBV xấu + Thiếu mẫu xác nhận,40.43,-2.78,-3.12,-4.62,1.5,25194.88,25397.5,-0.8,-0.18,-1.5673025630604354,-2.352593759228272,🔴,516600.0,1103730.0,0.46804925117555923,-1.57,2.69,2.69,-9.32,False,False,False,THEO DÕI,,,,5219700.0,6888411.0,,False,,,47.63,-3.0,-1.1,0.0,7.0,5.7,5.7,7.6,1.3,30.0,🔴 Forecast rủi ro,WEAKENING|<45|<-2|0-2|STRONG_NEG|NEGATIVE|<0.7|NO_G2|NO_EARLY|NO_PULL|NO_DRYUP|40-60,<4|20-40|4-6,WEAKENING,<45,<-2,0-2,STRONG_NEG,<0.7,NEGATIVE,NO_G2,NO_EARLY,NO_PULL,NO_DRYUP,40-60,<4,20-40,4-6,CTX[<4|20-40|4-6]::DNA[WEAKENING|<45|<-2|0-2|STRONG_NEG|NEGATIVE|<0.7|NO_G2|NO_EARLY|NO_PULL|NO_DRYUP|40-60],CTX[<4|20-40|4-6]::DNA[WEAKENING|<45|<-2|0-2|STRONG_NEG|NEGATIVE|<0.7|NO_G2|NO_EARLY|NO_PULL|NO_DRYUP|40-60],CTX[<4|20-40|4-6]::DNA[WEAKENING|<45|<-2|0-2|STRONG_NEG|NEGATIVE|<0.7|NO_G2|NO_EARLY|NO_PULL|NO_DRYUP|40-60],V4,2026-08-18T12:13:06Z
6d5316aeb4e0df17,6d5316aeb4e0df17,PENDING_OUTCOME,2026-08-18,2026-08-18T12:13:05Z,4.0.0,GEN3_EXPERIENCE,DECISION_CONTEXT_V1,PTB,32200.0,⚠️ YẾU DẦN,35.2,3.0,🟠 HẠN CHẾ / GIẢM,OBV xấu + RSI yếu + Thiếu mẫu xác nhận,36.31,-8.33,-3.3,-6.67,3.37,33124.75,33194.95,-0.21,-0.68,-2.7917191827862897,-2.99729326298126,🔴,39700.0,58185.0,0.6823064363667611,-2.79,1.1,1.1,-7.2,False,False,False,THEO DÕI,,,,-770100.0,-659339.0,,False,,,47.05,-0.5,-1.0,1.0,7.0,5.7,5.7,7.6,1.3,30.0,🔴 Forecast rủi ro,WEAKENING|<45|<-2|2-5|STRONG_NEG|NEGATIVE|<0.7|NO_G2|NO_EARLY|NO_PULL|NO_DRYUP|40-60,<4|20-40|4-6,WEAKENING,<45,<-2,2-5,STRONG_NEG,<0.7,NEGATIVE,NO_G2,NO_EARLY,NO_PULL,NO_DRYUP,40-60,<4,20-40,4-6,CTX[<4|20-40|4-6]::DNA[WEAKENING|<45|<-2|2-5|STRONG_NEG|NEGATIVE|<0.7|NO_G2|NO_EARLY|NO_PULL|NO_DRYUP|40-60],CTX[<4|20-40|4-6]::DNA[WEAKENING|<45|<-2|2-5|STRONG_NEG|NEGATIVE|<0.7|NO_G2|NO_EARLY|NO_PULL|NO_DRYUP|40-60],CTX[<4|20-40|4-6]::DNA[WEAKENING|<45|<-2|2-5|STRONG_NEG|NEGATIVE|<0.7|NO_G2|NO_EARLY|NO_PULL|NO_DRYUP|40-60],V4,2026-08-18T12:13:06Z
2ec8877de9489d8e,2ec8877de9489d8e,PENDING_OUTCOME,2026-08-18,2026-08-18T12:13:05Z,4.0.0,GEN3_EXPERIENCE,DECISION_CONTEXT_V1,VIX,13150.0,⚠️ YẾU DẦN,35.1,3.0,🟠 HẠN CHẾ / GIẢM,OBV xấu + RS yếu + RSI yếu,40.78,-7.26,-7.39,-5.4,-1.9899999999999993,13560.69,13232.5,2.48,-2.28,-3.028533208855899,-0.6234649537124493,🔴,31108300.0,48215595.0,0.6451916646470919,-3.03,11.91,11.91,-9.31,False,False,False,TÍCH LŨY,,,,1433368432.0,1498351558.0,,False,,,51.81,-6.5,-3.7,2.0,6.0,5.7,5.7,7.6,1.3,30.0,🔴 Forecast rủi ro,WEAKENING|<45|<-2|-2-0|STRONG_POS|NEGATIVE|<0.7|NO_G2|NO_EARLY|NO_PULL|NO_DRYUP|40-60,<4|20-40|4-6,WEAKENING,<45,<-2,-2-0,STRONG_POS,<0.7,NEGATIVE,NO_G2,NO_EARLY,NO_PULL,NO_DRYUP,40-60,<4,20-40,4-6,CTX[<4|20-40|4-6]::DNA[WEAKENING|<45|<-2|-2-0|STRONG_POS|NEGATIVE|<0.7|NO_G2|NO_EARLY|NO_PULL|NO_DRYUP|40-60],CTX[<4|20-40|4-6]::DNA[WEAKENING|<45|<-2|-2-0|STRONG_POS|NEGATIVE|<0.7|NO_G2|NO_EARLY|NO_PULL|NO_DRYUP|40-60],CTX[<4|20-40|4-6]::DNA[WEAKENING|<45|<-2|-2-0|STRONG_POS|NEGATIVE|<0.7|NO_G2|NO_EARLY|NO_PULL|NO_DRYUP|40-60],V4,2026-08-18T12:13:06Z
92b2bead369a7173,92b2bead369a7173,PENDING_OUTCOME,2026-08-18,2026-08-18T12:13:05Z,4.0.0,GEN3_EXPERIENCE,DECISION_CONTEXT_V1,NTL,13350.0,⚠️ YẾU DẦN,34.8,3.0,🟠 HẠN CHẾ / GIẢM,OBV xấu + RSI yếu + Thiếu mẫu xác nhận,23.72,0.12,-2.2,-3.61,1.4099999999999997,13544.38,13797.5,-1.83,0.43,-1.435133981769554,-3.2433411849972837,🔴,228200.0,281905.0,0.809492559550203,-1.44,0.0,0.0,-9.18,False,False,False,THEO DÕI,,,,69861600.0,70326964.0,,False,,,45.03,-1.5,-2.0,0.0,7.0,5.7,5.7,7.6,1.3,30.0,🔴 Forecast rủi ro,WEAKENING|<45|<-2|0-2|STRONG_NEG|NEGATIVE|0.7-1.0|NO_G2|NO_EARLY|NO_PULL|NO_DRYUP|40-60,<4|20-40|4-6,WEAKENING,<45,<-2,0-2,STRONG_NEG,0.7-1.0,NEGATIVE,NO_G2,NO_EARLY,NO_PULL,NO_DRYUP,40-60,<4,20-40,4-6,CTX[<4|20-40|4-6]::DNA[WEAKENING|<45|<-2|0-2|STRONG_NEG|NEGATIVE|0.7-1.0|NO_G2|NO_EARLY|NO_PULL|NO_DRYUP|40-60],CTX[<4|20-40|4-6]::DNA[WEAKENING|<45|<-2|0-2|STRONG_NEG|NEGATIVE|0.7-1.0|NO_G2|NO_EARLY|NO_PULL|NO_DRYUP|40-60],CTX[<4|20-40|4-6]::DNA[WEAKENING|<45|<-2|0-2|STRONG_NEG|NEGATIVE|0.7-1.0|NO_G2|NO_EARLY|NO_PULL|NO_DRYUP|40-60],V4,2026-08-18T12:13:06Z
6eaa80346df0b332,6eaa80346df0b332,PENDING_OUTCOME,2026-08-18,2026-08-18T12:13:05Z,4.0.0,GEN3_EXPERIENCE,DECISION_CONTEXT_V1,VCK,29250.0,⚠️ YẾU DẦN,34.8,3.0,🟠 HẠN CHẾ / GIẢM,OBV xấu + Thiếu mẫu xác nhận + RS yếu,37.13,-1.36,-5.19,-6.7,1.5099999999999998,29959.77,30127.5,-0.56,-1.23,-2.3690769321660365,-2.9126213592232997,🔴,1686500.0,2418485.0,0.6973373827003269,-2.37,3.17,3.17,-8.02,False,False,False,THEO DÕI,,,,70333500.0,72230429.0,,False,,,47.18,-6.5,-8.3,1.0,7.0,5.7,5.7,7.6,1.3,30.0,🔴 Forecast rủi ro,WEAKENING|<45|<-2|0-2|STRONG_NEG|NEGATIVE|<0.7|NO_G2|NO_EARLY|NO_PULL|NO_DRYUP|40-60,<4|20-40|4-6,WEAKENING,<45,<-2,0-2,STRONG_NEG,<0.7,NEGATIVE,NO_G2,NO_EARLY,NO_PULL,NO_DRYUP,40-60,<4,20-40,4-6,CTX[<4|20-40|4-6]::DNA[WEAKENING|<45|<-2|0-2|STRONG_NEG|NEGATIVE|<0.7|NO_G2|NO_EARLY|NO_PULL|NO_DRYUP|40-60],CTX[<4|20-40|4-6]::DNA[WEAKENING|<45|<-2|0-2|STRONG_NEG|NEGATIVE|<0.7|NO_G2|NO_EARLY|NO_PULL|NO_DRYUP|40-60],CTX[<4|20-40|4-6]::DNA[WEAKENING|<45|<-2|0-2|STRONG_NEG|NEGATIVE|<0.7|NO_G2|NO_EARLY|NO_PULL|NO_DRYUP|40-60],V4,2026-08-18T12:13:06Z
45b1842ecb3c2f8e,45b1842ecb3c2f8e,PENDING_OUTCOME,2026-08-18,2026-08-18T12:13:05Z,4.0.0,GEN3_EXPERIENCE,DECISION_CONTEXT_V1,BSI,27700.0,⚠️ YẾU DẦN,34.8,3.0,🟠 HẠN CHẾ / GIẢM,OBV xấu + RS yếu + RSI yếu,38.17,-3.33,-5.78,-2.81,-2.97,28225.45,28127.5,0.35,-0.08,-1.8616177952875845,-1.5198649008976939,🔴,223900.0,414550.0,0.5401037269328187,-1.86,5.52,5.52,-8.88,False,False,False,THEO DÕI,,,,21712900.0,22177333.0,,False,,,47.34,-4.5,-0.1,1.0,7.0,5.7,5.7,7.6,1.3,30.0,🔴 Forecast rủi ro,WEAKENING|<45|<-2|<-2|STRONG_POS|NEGATIVE|<0.7|NO_G2|NO_EARLY|NO_PULL|NO_DRYUP|40-60,<4|20-40|4-6,WEAKENING,<45,<-2,<-2,STRONG_POS,<0.7,NEGATIVE,NO_G2,NO_EARLY,NO_PULL,NO_DRYUP,40-60,<4,20-40,4-6,CTX[<4|20-40|4-6]::DNA[WEAKENING|<45|<-2|<-2|STRONG_POS|NEGATIVE|<0.7|NO_G2|NO_EARLY|NO_PULL|NO_DRYUP|40-60],CTX[<4|20-40|4-6]::DNA[WEAKENING|<45|<-2|<-2|STRONG_POS|NEGATIVE|<0.7|NO_G2|NO_EARLY|NO_PULL|NO_DRYUP|40-60],CTX[<4|20-40|4-6]::DNA[WEAKENING|<45|<-2|<-2|STRONG_POS|NEGATIVE|<0.7|NO_G2|NO_EARLY|NO_PULL|NO_DRYUP|40-60],V4,2026-08-18T12:13:06Z
3179c5724ad34aa2,3179c5724ad34aa2,PENDING_OUTCOME,2026-08-18,2026-08-18T12:13:05Z,4.0.0,GEN3_EXPERIENCE,DECISION_CONTEXT_V1,HDG,16050.0,⚠️ YẾU DẦN,34.6,3.0,🟠 HẠN CHẾ / GIẢM,OBV xấu + RSI yếu + Thiếu mẫu xác nhận,34.69,-2.09,-4.46,-3.6,-0.8599999999999999,16375.47,16374.95,0.0,-0.47,-1.9875460063131012,-1.9844335402550928,🔴,660021.0,1296776.0,0.508970708896525,-1.99,3.55,3.55,-6.69,False,False,False,TÍCH LŨY,,,,15441479.0,17301132.0,,False,,,50.86,1.0,1.6,2.0,6.0,5.7,5.7,7.6,1.3,30.0,🔴 Forecast rủi ro,WEAKENING|<45|<-2|-2-0|POS|NEGATIVE|<0.7|NO_G2|NO_EARLY|NO_PULL|NO_DRYUP|40-60,<4|20-40|4-6,WEAKENING,<45,<-2,-2-0,POS,<0.7,NEGATIVE,NO_G2,NO_EARLY,NO_PULL,NO_DRYUP,40-60,<4,20-40,4-6,CTX[<4|20-40|4-6]::DNA[WEAKENING|<45|<-2|-2-0|POS|NEGATIVE|<0.7|NO_G2|NO_EARLY|NO_PULL|NO_DRYUP|40-60],CTX[<4|20-40|4-6]::DNA[WEAKENING|<45|<-2|-2-0|POS|NEGATIVE|<0.7|NO_G2|NO_EARLY|NO_PULL|NO_DRYUP|40-60],CTX[<4|20-40|4-6]::DNA[WEAKENING|<45|<-2|-2-0|POS|NEGATIVE|<0.7|NO_G2|NO_EARLY|NO_PULL|NO_DRYUP|40-60],V4,2026-08-18T12:13:06Z
f3bc72cb42f56bb5,f3bc72cb42f56bb5,PENDING_OUTCOME,2026-08-18,2026-08-18T12:13:05Z,4.0.0,GEN3_EXPERIENCE,DECISION_CONTEXT_V1,ANV,16850.0,⚠️ YẾU DẦN,34.5,3.0,🟠 HẠN CHẾ / GIẢM,OBV xấu + RSI yếu + Thiếu mẫu xác nhận,37.06,-7.1,-4.26,-3.16,-1.0999999999999996,17275.67,17222.45,0.31,-1.12,-2.463985477842523,-2.1625843013044044,🔴,384200.0,569960.0,0.6740823917467893,-2.46,4.34,4.34,-7.92,False,False,False,TÍCH LŨY,,,,43474200.0,43939066.0,,False,,,51.23,-9.5,-3.7,2.0,6.0,5.7,5.7,7.6,1.3,30.0,🔴 Forecast rủi ro,WEAKENING|<45|<-2|-2-0|STRONG_POS|NEGATIVE|<0.7|NO_G2|NO_EARLY|NO_PULL|NO_DRYUP|40-60,<4|20-40|4-6,WEAKENING,<45,<-2,-2-0,STRONG_POS,<0.7,NEGATIVE,NO_G2,NO_EARLY,NO_PULL,NO_DRYUP,40-60,<4,20-40,4-6,CTX[<4|20-40|4-6]::DNA[WEAKENING|<45|<-2|-2-0|STRONG_POS|NEGATIVE|<0.7|NO_G2|NO_EARLY|NO_PULL|NO_DRYUP|40-60],CTX[<4|20-40|4-6]::DNA[WEAKENING|<45|<-2|-2-0|STRONG_POS|NEGATIVE|<0.7|NO_G2|NO_EARLY|NO_PULL|NO_DRYUP|40-60],CTX[<4|20-40|4-6]::DNA[WEAKENING|<45|<-2|-2-0|STRONG_POS|NEGATIVE|<0.7|NO_G2|NO_EARLY|NO_PULL|NO_DRYUP|40-60],V4,2026-08-18T12:13:06Z
de0264f9693a3358,de0264f9693a3358,PENDING_OUTCOME,2026-08-18,2026-08-18T12:13:05Z,4.0.0,GEN3_EXPERIENCE,DECISION_CONTEXT_V1,VPL,75000.0,⚠️ YẾU DẦN,34.5,3.0,🟠 HẠN CHẾ / GIẢM,OBV xấu + RSI yếu + Xu hướng giảm,33.71,-3.96,-4.34,-7.64,3.3,76767.74,77365.0,-0.77,-1.65,-2.302712050660871,-3.0569378918115397,🔴,541600.0,572230.0,0.9464725722174651,-2.3,2.04,2.04,-7.64,False,False,False,THEO DÕI,,,,13484400.0,14027789.0,,False,,,46.65,-0.5,-1.1,1.0,7.0,5.7,5.7,7.6,1.3,30.0,🔴 Forecast rủi ro,WEAKENING|<45|<-2|2-5|STRONG_NEG|NEGATIVE|0.7-1.0|NO_G2|NO_EARLY|NO_PULL|NO_DRYUP|40-60,<4|20-40|4-6,WEAKENING,<45,<-2,2-5,STRONG_NEG,0.7-1.0,NEGATIVE,NO_G2,NO_EARLY,NO_PULL,NO_DRYUP,40-60,<4,20-40,4-6,CTX[<4|20-40|4-6]::DNA[WEAKENING|<45|<-2|2-5|STRONG_NEG|NEGATIVE|0.7-1.0|NO_G2|NO_EARLY|NO_PULL|NO_DRYUP|40-60],CTX[<4|20-40|4-6]::DNA[WEAKENING|<45|<-2|2-5|STRONG_NEG|NEGATIVE|0.7-1.0|NO_G2|NO_EARLY|NO_PULL|NO_DRYUP|40-60],CTX[<4|20-40|4-6]::DNA[WEAKENING|<45|<-2|2-5|STRONG_NEG|NEGATIVE|0.7-1.0|NO_G2|NO_EARLY|NO_PULL|NO_DRYUP|40-60],V4,2026-08-18T12:13:06Z
0cda3cb0c05c8eea,0cda3cb0c05c8eea,PENDING_OUTCOME,2026-08-18,2026-08-18T12:13:05Z,4.0.0,GEN3_EXPERIENCE,DECISION_CONTEXT_V1,REE,45350.0,⚠️ YẾU DẦN,34.0,3.0,🟠 HẠN CHẾ / GIẢM,OBV xấu + RSI yếu + Thiếu mẫu xác nhận,38.59,-8.08,-4.02,-6.2,2.1800000000000006,46284.87,46107.5,0.38,-1.44,-2.0198177071686807,-1.642899745160764,🔴,213642.0,490432.0,0.43562002479446693,-2.02,3.42,3.42,-6.88,False,False,False,TÍCH LŨY,,,,-11943242.0,-11275124.0,,False,,,51.47,-5.0,-0.9,2.0,6.0,5.7,5.7,7.6,1.3,30.0,🔴 Forecast rủi ro,WEAKENING|<45|<-2|2-5|STRONG_POS|NEGATIVE|<0.7|NO_G2|NO_EARLY|NO_PULL|NO_DRYUP|40-60,<4|20-40|4-6,WEAKENING,<45,<-2,2-5,STRONG_POS,<0.7,NEGATIVE,NO_G2,NO_EARLY,NO_PULL,NO_DRYUP,40-60,<4,20-40,4-6,CTX[<4|20-40|4-6]::DNA[WEAKENING|<45|<-2|2-5|STRONG_POS|NEGATIVE|<0.7|NO_G2|NO_EARLY|NO_PULL|NO_DRYUP|40-60],CTX[<4|20-40|4-6]::DNA[WEAKENING|<45|<-2|2-5|STRONG_POS|NEGATIVE|<0.7|NO_G2|NO_EARLY|NO_PULL|NO_DRYUP|40-60],CTX[<4|20-40|4-6]::DNA[WEAKENING|<45|<-2|2-5|STRONG_POS|NEGATIVE|<0.7|NO_G2|NO_EARLY|NO_PULL|NO_DRYUP|40-60],V4,2026-08-18T12:13:06Z
94bf75eace49d3f6,94bf75eace49d3f6,PENDING_OUTCOME,2026-08-18,2026-08-18T12:13:05Z,4.0.0,GEN3_EXPERIENCE,DECISION_CONTEXT_V1,NAB,11600.0,⚠️ YẾU DẦN,33.9,3.0,🟠 HẠN CHẾ / GIẢM,OBV xấu + RSI yếu + Xu hướng giảm,33.12,-2.94,-2.93,-4.13,1.1999999999999997,11805.66,12035.0,-1.91,-0.09,-1.7420457644892307,-3.6144578313253017,🔴,1267900.0,1680290.0,0.754572127430384,-1.74,0.0,0.0,-9.38,False,False,False,THEO DÕI,,,,50243000.0,54417272.0,,False,,,46.55,2.5,-2.0,1.0,7.0,5.7,5.7,7.6,1.3,30.0,🔴 Forecast rủi ro,WEAKENING|<45|<-2|0-2|STRONG_NEG|NEGATIVE|0.7-1.0|NO_G2|NO_EARLY|NO_PULL|NO_DRYUP|40-60,<4|20-40|4-6,WEAKENING,<45,<-2,0-2,STRONG_NEG,0.7-1.0,NEGATIVE,NO_G2,NO_EARLY,NO_PULL,NO_DRYUP,40-60,<4,20-40,4-6,CTX[<4|20-40|4-6]::DNA[WEAKENING|<45|<-2|0-2|STRONG_NEG|NEGATIVE|0.7-1.0|NO_G2|NO_EARLY|NO_PULL|NO_DRYUP|40-60],CTX[<4|20-40|4-6]::DNA[WEAKENING|<45|<-2|0-2|STRONG_NEG|NEGATIVE|0.7-1.0|NO_G2|NO_EARLY|NO_PULL|NO_DRYUP|40-60],CTX[<4|20-40|4-6]::DNA[WEAKENING|<45|<-2|0-2|STRONG_NEG|NEGATIVE|0.7-1.0|NO_G2|NO_EARLY|NO_PULL|NO_DRYUP|40-60],V4,2026-08-18T12:13:06Z
e22a70d5903fb756,e22a70d5903fb756,PENDING_OUTCOME,2026-08-18,2026-08-18T12:13:05Z,4.0.0,GEN3_EXPERIENCE,DECISION_CONTEXT_V1,KBC,27050.0,⚠️ YẾU DẦN,33.7,3.0,🟠 HẠN CHẾ / GIẢM,OBV xấu + RSI yếu + Xu hướng giảm,35.89,-4.2,-4.08,-4.75,0.6699999999999999,27502.5,27767.5,-0.95,-1.48,-1.6453049722752522,-2.5839560637435866,🔴,1026100.0,1340115.0,0.7656805572656078,-1.65,0.93,0.93,-6.56,False,False,False,THEO DÕI,,,,229705000.0,230612213.0,,False,,,46.93,-3.0,-1.1,0.0,7.0,5.7,5.7,7.6,1.3,30.0,🔴 Forecast rủi ro,WEAKENING|<45|<-2|0-2|STRONG_NEG|NEGATIVE|0.7-1.0|NO_G2|NO_EARLY|NO_PULL|NO_DRYUP|40-60,<4|20-40|4-6,WEAKENING,<45,<-2,0-2,STRONG_NEG,0.7-1.0,NEGATIVE,NO_G2,NO_EARLY,NO_PULL,NO_DRYUP,40-60,<4,20-40,4-6,CTX[<4|20-40|4-6]::DNA[WEAKENING|<45|<-2|0-2|STRONG_NEG|NEGATIVE|0.7-1.0|NO_G2|NO_EARLY|NO_PULL|NO_DRYUP|40-60],CTX[<4|20-40|4-6]::DNA[WEAKENING|<45|<-2|0-2|STRONG_NEG|NEGATIVE|0.7-1.0|NO_G2|NO_EARLY|NO_PULL|NO_DRYUP|40-60],CTX[<4|20-40|4-6]::DNA[WEAKENING|<45|<-2|0-2|STRONG_NEG|NEGATIVE|0.7-1.0|NO_G2|NO_EARLY|NO_PULL|NO_DRYUP|40-60],V4,2026-08-18T12:13:06Z
73ffb756fd0fc941,73ffb756fd0fc941,PENDING_OUTCOME,2026-08-18,2026-08-18T12:13:05Z,4.0.0,GEN3_EXPERIENCE,DECISION_CONTEXT_V1,VND,16000.0,⚠️ YẾU DẦN,33.3,3.0,🟠 HẠN CHẾ / GIẢM,OBV xấu + RSI yếu + RS yếu,39.08,-5.59,-5.33,-5.6,0.2699999999999996,16451.82,16592.45,-0.85,-0.79,-2.746322291393899,-3.570599881271308,🔴,8592700.0,11162210.0,0.7698027541141046,-2.75,4.23,4.23,-8.57,False,False,False,THEO DÕI,,,,516310012.0,543633994.0,,False,,,47.48,-0.5,-1.1,1.0,7.0,5.7,5.7,7.6,1.3,30.0,🔴 Forecast rủi ro,WEAKENING|<45|<-2|0-2|STRONG_NEG|NEGATIVE|0.7-1.0|NO_G2|NO_EARLY|NO_PULL|NO_DRYUP|40-60,<4|20-40|4-6,WEAKENING,<45,<-2,0-2,STRONG_NEG,0.7-1.0,NEGATIVE,NO_G2,NO_EARLY,NO_PULL,NO_DRYUP,40-60,<4,20-40,4-6,CTX[<4|20-40|4-6]::DNA[WEAKENING|<45|<-2|0-2|STRONG_NEG|NEGATIVE|0.7-1.0|NO_G2|NO_EARLY|NO_PULL|NO_DRYUP|40-60],CTX[<4|20-40|4-6]::DNA[WEAKENING|<45|<-2|0-2|STRONG_NEG|NEGATIVE|0.7-1.0|NO_G2|NO_EARLY|NO_PULL|NO_DRYUP|40-60],CTX[<4|20-40|4-6]::DNA[WEAKENING|<45|<-2|0-2|STRONG_NEG|NEGATIVE|0.7-1.0|NO_G2|NO_EARLY|NO_PULL|NO_DRYUP|40-60],V4,2026-08-18T12:13:06Z
61b9814864c117e9,61b9814864c117e9,PENDING_OUTCOME,2026-08-18,2026-08-18T12:13:05Z,4.0.0,GEN3_EXPERIENCE,DECISION_CONTEXT_V1,IJC,7250.0,⚠️ YẾU DẦN,33.3,3.0,🟠 HẠN CHẾ / GIẢM,OBV xấu + RS yếu + RSI yếu,39.51,-9.5,-7.76,-1.76,-6.0,7488.68,7344.0,1.97,-1.56,-3.1872105631433056,-1.2799564270152497,🔴,3674135.0,2509592.0,1.464036783668421,-3.19,8.37,8.37,-11.47,False,False,False,THEO DÕI,,,,-43175235.0,-37471641.0,,False,,,47.49,-18.0,-8.9,-1.0,7.0,5.7,5.7,7.6,1.3,30.0,🔴 Forecast rủi ro,WEAKENING|<45|-2-0|<-2|STRONG_POS|NEGATIVE|1.2-1.5|NO_G2|NO_EARLY|NO_PULL|NO_DRYUP|40-60,<4|20-40|4-6,WEAKENING,<45,-2-0,<-2,STRONG_POS,1.2-1.5,NEGATIVE,NO_G2,NO_EARLY,NO_PULL,NO_DRYUP,40-60,<4,20-40,4-6,CTX[<4|20-40|4-6]::DNA[WEAKENING|<45|-2-0|<-2|STRONG_POS|NEGATIVE|1.2-1.5|NO_G2|NO_EARLY|NO_PULL|NO_DRYUP|40-60],CTX[<4|20-40|4-6]::DNA[WEAKENING|<45|-2-0|<-2|STRONG_POS|NEGATIVE|1.2-1.5|NO_G2|NO_EARLY|NO_PULL|NO_DRYUP|40-60],CTX[<4|20-40|4-6]::DNA[WEAKENING|<45|-2-0|<-2|STRONG_POS|NEGATIVE|1.2-1.5|NO_G2|NO_EARLY|NO_PULL|NO_DRYUP|40-60],V4,2026-08-18T12:13:06Z
66234ae2f24f689e,66234ae2f24f689e,PENDING_OUTCOME,2026-08-18,2026-08-18T12:13:05Z,4.0.0,GEN3_EXPERIENCE,DECISION_CONTEXT_V1,HPG,21000.0,⚠️ YẾU DẦN,32.9,3.0,🟠 HẠN CHẾ / GIẢM,OBV xấu + RSI yếu + Thiếu mẫu xác nhận,36.64,-8.15,-4.76,-5.19,0.4300000000000006,21529.02,21537.5,-0.04,-1.81,-2.4572414350490623,-2.495647127103884,🔴,16598321.0,24638261.0,0.673680703358082,-2.46,3.19,3.19,-7.28,False,False,False,THEO DÕI,,,,283151603.0,328100520.0,,False,,,47.1,-6.5,-2.9,1.0,7.0,5.7,5.7,7.6,1.3,30.0,🔴 Forecast rủi ro,WEAKENING|<45|<-2|0-2|NEG|NEGATIVE|<0.7|NO_G2|NO_EARLY|NO_PULL|NO_DRYUP|40-60,<4|20-40|4-6,WEAKENING,<45,<-2,0-2,NEG,<0.7,NEGATIVE,NO_G2,NO_EARLY,NO_PULL,NO_DRYUP,40-60,<4,20-40,4-6,CTX[<4|20-40|4-6]::DNA[WEAKENING|<45|<-2|0-2|NEG|NEGATIVE|<0.7|NO_G2|NO_EARLY|NO_PULL|NO_DRYUP|40-60],CTX[<4|20-40|4-6]::DNA[WEAKENING|<45|<-2|0-2|NEG|NEGATIVE|<0.7|NO_G2|NO_EARLY|NO_PULL|NO_DRYUP|40-60],CTX[<4|20-40|4-6]::DNA[WEAKENING|<45|<-2|0-2|NEG|NEGATIVE|<0.7|NO_G2|NO_EARLY|NO_PULL|NO_DRYUP|40-60],V4,2026-08-18T12:13:06Z
021e2696d672a552,021e2696d672a552,PENDING_OUTCOME,2026-08-18,2026-08-18T12:13:05Z,4.0.0,GEN3_EXPERIENCE,DECISION_CONTEXT_V1,ACB,21650.0,⚠️ YẾU DẦN,32.8,3.0,🟠 HẠN CHẾ / GIẢM,OBV xấu + RSI yếu + Thiếu mẫu xác nhận,38.24,-7.36,-4.42,-3.56,-0.8599999999999999,22163.6,22332.5,-0.76,-0.55,-2.31731307188362,-3.056084182245611,🔴,7316500.0,13071305.0,0.5597375319449741,-2.32,0.0,1.93,-6.48,False,False,False,THEO DÕI,,,,-34284400.0,-20436144.0,,False,,,47.35,-3.5,-6.4,1.0,7.0,5.7,5.7,7.6,1.3,30.0,🔴 Forecast rủi ro,WEAKENING|<45|<-2|-2-0|STRONG_NEG|NEGATIVE|<0.7|NO_G2|NO_EARLY|NO_PULL|NO_DRYUP|40-60,<4|20-40|4-6,WEAKENING,<45,<-2,-2-0,STRONG_NEG,<0.7,NEGATIVE,NO_G2,NO_EARLY,NO_PULL,NO_DRYUP,40-60,<4,20-40,4-6,CTX[<4|20-40|4-6]::DNA[WEAKENING|<45|<-2|-2-0|STRONG_NEG|NEGATIVE|<0.7|NO_G2|NO_EARLY|NO_PULL|NO_DRYUP|40-60],CTX[<4|20-40|4-6]::DNA[WEAKENING|<45|<-2|-2-0|STRONG_NEG|NEGATIVE|<0.7|NO_G2|NO_EARLY|NO_PULL|NO_DRYUP|40-60],CTX[<4|20-40|4-6]::DNA[WEAKENING|<45|<-2|-2-0|STRONG_NEG|NEGATIVE|<0.7|NO_G2|NO_EARLY|NO_PULL|NO_DRYUP|40-60],V4,2026-08-18T12:13:06Z
d371a3486fd500f4,d371a3486fd500f4,PENDING_OUTCOME,2026-08-18,2026-08-18T12:13:05Z,4.0.0,GEN3_EXPERIENCE,DECISION_CONTEXT_V1,VJC,123500.0,⚠️ YẾU DẦN,32.2,3.0,🟠 HẠN CHẾ / GIẢM,OBV xấu + Vol chưa xác nhận + RSI yếu,36.63,-2.39,-2.91,-2.37,-0.54,124862.82,125565.0,-0.56,-0.15,-1.0914538050638356,-1.644566559152627,🔴,8052920.0,1642006.0,4.904318254622699,-1.09,0.24,0.24,-6.44,False,False,False,THEO DÕI,,,,21434100.0,21730293.0,,False,,,47.04,-3.0,-8.3,0.0,7.0,5.7,5.7,7.6,1.3,30.0,🔴 Forecast rủi ro,WEAKENING|<45|<-2|-2-0|STRONG_NEG|NEGATIVE|>=1.5|NO_G2|NO_EARLY|NO_PULL|NO_DRYUP|40-60,<4|20-40|4-6,WEAKENING,<45,<-2,-2-0,STRONG_NEG,>=1.5,NEGATIVE,NO_G2,NO_EARLY,NO_PULL,NO_DRYUP,40-60,<4,20-40,4-6,CTX[<4|20-40|4-6]::DNA[WEAKENING|<45|<-2|-2-0|STRONG_NEG|NEGATIVE|>=1.5|NO_G2|NO_EARLY|NO_PULL|NO_DRYUP|40-60],CTX[<4|20-40|4-6]::DNA[WEAKENING|<45|<-2|-2-0|STRONG_NEG|NEGATIVE|>=1.5|NO_G2|NO_EARLY|NO_PULL|NO_DRYUP|40-60],CTX[<4|20-40|4-6]::DNA[WEAKENING|<45|<-2|-2-0|STRONG_NEG|NEGATIVE|>=1.5|NO_G2|NO_EARLY|NO_PULL|NO_DRYUP|40-60],V4,2026-08-18T12:13:06Z
2414e1082bbc73ed,2414e1082bbc73ed,PENDING_OUTCOME,2026-08-18,2026-08-18T12:13:05Z,4.0.0,GEN3_EXPERIENCE,DECISION_CONTEXT_V1,MSH,30000.0,⚠️ YẾU DẦN,31.8,3.0,🟠 HẠN CHẾ / GIẢM,OBV xấu + RSI yếu + RS yếu,33.96,-12.07,-5.21,-3.23,-1.98,30667.02,30795.0,-0.42,-1.2,-2.175040157146013,-2.581587920116901,🔴,78444.0,115577.0,0.6787163535997647,-2.18,0.0,0.0,-6.25,False,False,False,THEO DÕI,,,,11751000.0,12080812.0,,False,,,46.69,-3.5,-2.8,1.0,7.0,5.7,5.7,7.6,1.3,30.0,🔴 Forecast rủi ro,WEAKENING|<45|<-2|-2-0|STRONG_NEG|NEGATIVE|<0.7|NO_G2|NO_EARLY|NO_PULL|NO_DRYUP|40-60,<4|20-40|4-6,WEAKENING,<45,<-2,-2-0,STRONG_NEG,<0.7,NEGATIVE,NO_G2,NO_EARLY,NO_PULL,NO_DRYUP,40-60,<4,20-40,4-6,CTX[<4|20-40|4-6]::DNA[WEAKENING|<45|<-2|-2-0|STRONG_NEG|NEGATIVE|<0.7|NO_G2|NO_EARLY|NO_PULL|NO_DRYUP|40-60],CTX[<4|20-40|4-6]::DNA[WEAKENING|<45|<-2|-2-0|STRONG_NEG|NEGATIVE|<0.7|NO_G2|NO_EARLY|NO_PULL|NO_DRYUP|40-60],CTX[<4|20-40|4-6]::DNA[WEAKENING|<45|<-2|-2-0|STRONG_NEG|NEGATIVE|<0.7|NO_G2|NO_EARLY|NO_PULL|NO_DRYUP|40-60],V4,2026-08-18T12:13:06Z
017802d4e173e614,017802d4e173e614,PENDING_OUTCOME,2026-08-18,2026-08-18T12:13:05Z,4.0.0,GEN3_EXPERIENCE,DECISION_CONTEXT_V1,HCM,25100.0,⚠️ YẾU DẦN,31.6,3.0,🟠 HẠN CHẾ / GIẢM,OBV xấu + Vol chưa xác nhận + RS yếu,48.67,-6.13,-5.28,0.0,-5.28,25473.83,25480.0,-0.02,-0.8,-1.4675060640665372,-1.491365777080067,🔴,16507273.0,5469299.0,3.018169787389572,-1.47,0.4,9.23,-8.23,False,False,False,THEO DÕI,,,,546423427.0,560477330.0,,False,,,48.92,-9.5,-9.4,-2.0,7.0,5.7,5.7,7.6,1.3,30.0,🔴 Forecast rủi ro,WEAKENING|45-50|0-2|<-2|NEG|NEGATIVE|>=1.5|NO_G2|NO_EARLY|NO_PULL|NO_DRYUP|40-60,<4|20-40|4-6,WEAKENING,45-50,0-2,<-2,NEG,>=1.5,NEGATIVE,NO_G2,NO_EARLY,NO_PULL,NO_DRYUP,40-60,<4,20-40,4-6,CTX[<4|20-40|4-6]::DNA[WEAKENING|45-50|0-2|<-2|NEG|NEGATIVE|>=1.5|NO_G2|NO_EARLY|NO_PULL|NO_DRYUP|40-60],CTX[<4|20-40|4-6]::DNA[WEAKENING|45-50|0-2|<-2|NEG|NEGATIVE|>=1.5|NO_G2|NO_EARLY|NO_PULL|NO_DRYUP|40-60],CTX[<4|20-40|4-6]::DNA[WEAKENING|45-50|0-2|<-2|NEG|NEGATIVE|>=1.5|NO_G2|NO_EARLY|NO_PULL|NO_DRYUP|40-60],V4,2026-08-18T12:13:06Z
f1a28c53d798ac5e,f1a28c53d798ac5e,PENDING_OUTCOME,2026-08-18,2026-08-18T12:13:05Z,4.0.0,GEN3_EXPERIENCE,DECISION_CONTEXT_V1,NKG,10600.0,⚠️ YẾU DẦN,31.6,3.0,🟠 HẠN CHẾ / GIẢM,OBV xấu + RSI yếu + RS yếu,35.44,-9.87,-5.36,-4.07,-1.29,10909.03,10895.0,0.13,-1.74,-2.832790816415398,-2.707664066085358,🔴,1139200.0,1839510.0,0.6192953558284543,-2.83,1.92,1.92,-7.02,False,False,False,TÍCH LŨY,,,,274618300.0,276450023.0,,False,,,50.98,-3.5,2.5,2.0,6.0,5.7,5.7,7.6,1.3,30.0,🔴 Forecast rủi ro,WEAKENING|<45|<-2|-2-0|POS|NEGATIVE|<0.7|NO_G2|NO_EARLY|NO_PULL|NO_DRYUP|40-60,<4|20-40|4-6,WEAKENING,<45,<-2,-2-0,POS,<0.7,NEGATIVE,NO_G2,NO_EARLY,NO_PULL,NO_DRYUP,40-60,<4,20-40,4-6,CTX[<4|20-40|4-6]::DNA[WEAKENING|<45|<-2|-2-0|POS|NEGATIVE|<0.7|NO_G2|NO_EARLY|NO_PULL|NO_DRYUP|40-60],CTX[<4|20-40|4-6]::DNA[WEAKENING|<45|<-2|-2-0|POS|NEGATIVE|<0.7|NO_G2|NO_EARLY|NO_PULL|NO_DRYUP|40-60],CTX[<4|20-40|4-6]::DNA[WEAKENING|<45|<-2|-2-0|POS|NEGATIVE|<0.7|NO_G2|NO_EARLY|NO_PULL|NO_DRYUP|40-60],V4,2026-08-18T12:13:06Z
4c05423ce125c733,4c05423ce125c733,PENDING_OUTCOME,2026-08-18,2026-08-18T12:13:05Z,4.0.0,GEN3_EXPERIENCE,DECISION_CONTEXT_V1,TCM,16300.0,⚠️ YẾU DẦN,31.4,3.0,🟠 HẠN CHẾ / GIẢM,OBV xấu + RSI yếu + Thiếu mẫu xác nhận,26.4,-3.63,-2.1,-1.21,-0.8900000000000001,16566.02,16760.0,-1.16,0.13,-1.6058172089614797,-2.7446300715990413,🔴,511700.0,1116305.0,0.4583872687124039,-1.61,0.0,0.0,-8.94,False,False,False,THEO DÕI,,,,-11790100.0,-10482948.0,,False,,,45.45,0.0,-2.0,0.0,7.0,5.7,5.7,7.6,1.3,30.0,🔴 Forecast rủi ro,WEAKENING|<45|-2-0|-2-0|STRONG_NEG|NEGATIVE|<0.7|NO_G2|NO_EARLY|NO_PULL|NO_DRYUP|40-60,<4|20-40|4-6,WEAKENING,<45,-2-0,-2-0,STRONG_NEG,<0.7,NEGATIVE,NO_G2,NO_EARLY,NO_PULL,NO_DRYUP,40-60,<4,20-40,4-6,CTX[<4|20-40|4-6]::DNA[WEAKENING|<45|-2-0|-2-0|STRONG_NEG|NEGATIVE|<0.7|NO_G2|NO_EARLY|NO_PULL|NO_DRYUP|40-60],CTX[<4|20-40|4-6]::DNA[WEAKENING|<45|-2-0|-2-0|STRONG_NEG|NEGATIVE|<0.7|NO_G2|NO_EARLY|NO_PULL|NO_DRYUP|40-60],CTX[<4|20-40|4-6]::DNA[WEAKENING|<45|-2-0|-2-0|STRONG_NEG|NEGATIVE|<0.7|NO_G2|NO_EARLY|NO_PULL|NO_DRYUP|40-60],V4,2026-08-18T12:13:06Z
2350aadbfdc45417,2350aadbfdc45417,PENDING_OUTCOME,2026-08-18,2026-08-18T12:13:05Z,4.0.0,GEN3_EXPERIENCE,DECISION_CONTEXT_V1,LAS,11600.0,⚠️ YẾU DẦN,31.3,3.0,🟠 HẠN CHẾ / GIẢM,OBV xấu + RSI yếu + RS yếu,33.48,-7.47,-6.45,-3.33,-3.12,11957.48,11895.0,0.53,-0.81,-2.9895931249728114,-2.480033627574607,🔴,115500.0,192315.0,0.6005771780672334,-2.99,0.87,0.87,-9.38,False,False,False,TÍCH LŨY,,,,-19465300.0,-19311737.0,,False,,,50.67,-5.0,-0.2,2.0,6.0,5.7,5.7,7.6,1.3,30.0,🔴 Forecast rủi ro,WEAKENING|<45|<-2|<-2|STRONG_POS|NEGATIVE|<0.7|NO_G2|NO_EARLY|NO_PULL|NO_DRYUP|40-60,<4|20-40|4-6,WEAKENING,<45,<-2,<-2,STRONG_POS,<0.7,NEGATIVE,NO_G2,NO_EARLY,NO_PULL,NO_DRYUP,40-60,<4,20-40,4-6,CTX[<4|20-40|4-6]::DNA[WEAKENING|<45|<-2|<-2|STRONG_POS|NEGATIVE|<0.7|NO_G2|NO_EARLY|NO_PULL|NO_DRYUP|40-60],CTX[<4|20-40|4-6]::DNA[WEAKENING|<45|<-2|<-2|STRONG_POS|NEGATIVE|<0.7|NO_G2|NO_EARLY|NO_PULL|NO_DRYUP|40-60],CTX[<4|20-40|4-6]::DNA[WEAKENING|<45|<-2|<-2|STRONG_POS|NEGATIVE|<0.7|NO_G2|NO_EARLY|NO_PULL|NO_DRYUP|40-60],V4,2026-08-18T12:13:06Z
4e4db981c03d956f,4e4db981c03d956f,PENDING_OUTCOME,2026-08-18,2026-08-18T12:13:05Z,4.0.0,GEN3_EXPERIENCE,DECISION_CONTEXT_V1,VIC,200000.0,⚠️ YẾU DẦN,31.2,3.0,🟠 HẠN CHẾ / GIẢM,OBV xấu + Xu hướng giảm + RSI yếu,38.45,-4.87,-4.08,-8.26,4.18,206318.75,211680.0,-2.53,-1.71,-3.0626154918057646,-5.517762660619807,🔴,4301900.0,4856170.0,0.8858627272109502,-3.06,1.01,4.17,-10.63,False,False,False,THEO DÕI,,,,295847300.0,302618704.0,,False,,,47.38,-5.0,-6.4,1.0,7.0,5.7,5.7,7.6,1.3,30.0,🔴 Forecast rủi ro,WEAKENING|<45|<-2|2-5|STRONG_NEG|NEGATIVE|0.7-1.0|NO_G2|NO_EARLY|NO_PULL|NO_DRYUP|40-60,<4|20-40|4-6,WEAKENING,<45,<-2,2-5,STRONG_NEG,0.7-1.0,NEGATIVE,NO_G2,NO_EARLY,NO_PULL,NO_DRYUP,40-60,<4,20-40,4-6,CTX[<4|20-40|4-6]::DNA[WEAKENING|<45|<-2|2-5|STRONG_NEG|NEGATIVE|0.7-1.0|NO_G2|NO_EARLY|NO_PULL|NO_DRYUP|40-60],CTX[<4|20-40|4-6]::DNA[WEAKENING|<45|<-2|2-5|STRONG_NEG|NEGATIVE|0.7-1.0|NO_G2|NO_EARLY|NO_PULL|NO_DRYUP|40-60],CTX[<4|20-40|4-6]::DNA[WEAKENING|<45|<-2|2-5|STRONG_NEG|NEGATIVE|0.7-1.0|NO_G2|NO_EARLY|NO_PULL|NO_DRYUP|40-60],V4,2026-08-18T12:13:06Z
233b9db494021d7c,233b9db494021d7c,PENDING_OUTCOME,2026-08-18,2026-08-18T12:13:05Z,4.0.0,GEN3_EXPERIENCE,DECISION_CONTEXT_V1,LPB,50000.0,⚠️ YẾU DẦN,31.2,3.0,🟠 HẠN CHẾ / GIẢM,OBV xấu + RS yếu + Xu hướng giảm,39.34,-15.8,-6.89,-7.06,0.16999999999999993,52109.5,52810.0,-1.33,-1.41,-4.048206181214553,-5.320961939026702,🔴,3176200.0,3236140.0,0.9814779335875456,-4.05,0.0,9.89,-10.71,False,False,False,THEO DÕI,,,,159118400.0,165939226.0,,False,,,47.47,-9.0,-7.4,0.0,7.0,5.7,5.7,7.6,1.3,30.0,🔴 Forecast rủi ro,WEAKENING|<45|<-2|0-2|STRONG_NEG|NEGATIVE|0.7-1.0|NO_G2|NO_EARLY|NO_PULL|NO_DRYUP|40-60,<4|20-40|4-6,WEAKENING,<45,<-2,0-2,STRONG_NEG,0.7-1.0,NEGATIVE,NO_G2,NO_EARLY,NO_PULL,NO_DRYUP,40-60,<4,20-40,4-6,CTX[<4|20-40|4-6]::DNA[WEAKENING|<45|<-2|0-2|STRONG_NEG|NEGATIVE|0.7-1.0|NO_G2|NO_EARLY|NO_PULL|NO_DRYUP|40-60],CTX[<4|20-40|4-6]::DNA[WEAKENING|<45|<-2|0-2|STRONG_NEG|NEGATIVE|0.7-1.0|NO_G2|NO_EARLY|NO_PULL|NO_DRYUP|40-60],CTX[<4|20-40|4-6]::DNA[WEAKENING|<45|<-2|0-2|STRONG_NEG|NEGATIVE|0.7-1.0|NO_G2|NO_EARLY|NO_PULL|NO_DRYUP|40-60],V4,2026-08-18T12:13:06Z
71930d5fb8e6fce9,71930d5fb8e6fce9,PENDING_OUTCOME,2026-08-18,2026-08-18T12:13:05Z,4.0.0,GEN3_EXPERIENCE,DECISION_CONTEXT_V1,SHS,14700.0,⚠️ YẾU DẦN,28.9,3.0,🟠 HẠN CHẾ / GIẢM,OBV xấu + RSI yếu + RS yếu,35.47,-9.77,-7.55,-6.96,-0.5899999999999999,15410.75,15465.0,-0.35,-2.01,-4.612040296546239,-4.946653734238604,🔴,14724000.0,11340010.0,1.2984115534289653,-4.61,2.8,2.8,-10.91,False,False,False,THEO DÕI,,,,651952596.0,686206385.0,,False,,,46.86,-10.5,-2.9,-2.0,7.0,5.7,5.7,7.6,1.3,30.0,🔴 Forecast rủi ro,WEAKENING|<45|<-2|-2-0|STRONG_NEG|NEGATIVE|1.2-1.5|NO_G2|NO_EARLY|NO_PULL|NO_DRYUP|40-60,<4|20-40|4-6,WEAKENING,<45,<-2,-2-0,STRONG_NEG,1.2-1.5,NEGATIVE,NO_G2,NO_EARLY,NO_PULL,NO_DRYUP,40-60,<4,20-40,4-6,CTX[<4|20-40|4-6]::DNA[WEAKENING|<45|<-2|-2-0|STRONG_NEG|NEGATIVE|1.2-1.5|NO_G2|NO_EARLY|NO_PULL|NO_DRYUP|40-60],CTX[<4|20-40|4-6]::DNA[WEAKENING|<45|<-2|-2-0|STRONG_NEG|NEGATIVE|1.2-1.5|NO_G2|NO_EARLY|NO_PULL|NO_DRYUP|40-60],CTX[<4|20-40|4-6]::DNA[WEAKENING|<45|<-2|-2-0|STRONG_NEG|NEGATIVE|1.2-1.5|NO_G2|NO_EARLY|NO_PULL|NO_DRYUP|40-60],V4,2026-08-18T12:13:06Z
474f217ac464d007,474f217ac464d007,PENDING_OUTCOME,2026-08-18,2026-08-18T12:13:05Z,4.0.0,GEN3_EXPERIENCE,DECISION_CONTEXT_V1,HUT,13200.0,⚠️ YẾU DẦN,27.9,3.0,🟠 HẠN CHẾ / GIẢM,OBV xấu + Xu hướng giảm + RSI yếu,21.13,0.44,-3.65,-7.04,3.39,13482.72,14100.0,-4.38,-0.24,-2.0969062622378853,-6.382978723404253,🔴,1582500.0,2228080.0,0.710252773688557,-2.1,0.76,0.76,-12.58,False,False,False,THEO DÕI,,,,26606100.0,28039919.0,,False,,,45.0,0.0,-2.0,0.0,7.0,5.7,5.7,7.6,1.3,30.0,🔴 Forecast rủi ro,WEAKENING|<45|<-2|2-5|STRONG_NEG|NEGATIVE|0.7-1.0|NO_G2|NO_EARLY|NO_PULL|NO_DRYUP|40-60,<4|20-40|4-6,WEAKENING,<45,<-2,2-5,STRONG_NEG,0.7-1.0,NEGATIVE,NO_G2,NO_EARLY,NO_PULL,NO_DRYUP,40-60,<4,20-40,4-6,CTX[<4|20-40|4-6]::DNA[WEAKENING|<45|<-2|2-5|STRONG_NEG|NEGATIVE|0.7-1.0|NO_G2|NO_EARLY|NO_PULL|NO_DRYUP|40-60],CTX[<4|20-40|4-6]::DNA[WEAKENING|<45|<-2|2-5|STRONG_NEG|NEGATIVE|0.7-1.0|NO_G2|NO_EARLY|NO_PULL|NO_DRYUP|40-60],CTX[<4|20-40|4-6]::DNA[WEAKENING|<45|<-2|2-5|STRONG_NEG|NEGATIVE|0.7-1.0|NO_G2|NO_EARLY|NO_PULL|NO_DRYUP|40-60],V4,2026-08-18T12:13:06Z
805cd5fe7fb7572e,805cd5fe7fb7572e,PENDING_OUTCOME,2026-08-18,2026-08-18T12:13:05Z,4.0.0,GEN3_EXPERIENCE,DECISION_CONTEXT_V1,EIB,17000.0,⛔ RẤT YẾU,24.1,4.0,🔴 TRÁNH / BÁN,OBV xấu + Vol chưa xác nhận + RSI yếu,31.56,-4.74,-6.08,-6.59,0.5099999999999998,17530.11,17665.0,-0.76,-1.56,-3.023996997166589,-3.7645060854797574,🔴,17027480.0,6943249.0,2.452379282379186,-3.02,3.03,3.03,-8.85,False,False,False,THEO DÕI,,,,137602320.0,160003753.0,,False,,,46.25,-9.5,-6.4,-2.0,7.0,5.7,5.7,7.6,1.3,30.0,🔴 Forecast rủi ro,VERY_WEAK|<45|<-2|0-2|STRONG_NEG|NEGATIVE|>=1.5|NO_G2|NO_EARLY|NO_PULL|NO_DRYUP|40-60,<4|20-40|4-6,VERY_WEAK,<45,<-2,0-2,STRONG_NEG,>=1.5,NEGATIVE,NO_G2,NO_EARLY,NO_PULL,NO_DRYUP,40-60,<4,20-40,4-6,CTX[<4|20-40|4-6]::DNA[VERY_WEAK|<45|<-2|0-2|STRONG_NEG|NEGATIVE|>=1.5|NO_G2|NO_EARLY|NO_PULL|NO_DRYUP|40-60],CTX[<4|20-40|4-6]::DNA[VERY_WEAK|<45|<-2|0-2|STRONG_NEG|NEGATIVE|>=1.5|NO_G2|NO_EARLY|NO_PULL|NO_DRYUP|40-60],CTX[<4|20-40|4-6]::DNA[VERY_WEAK|<45|<-2|0-2|STRONG_NEG|NEGATIVE|>=1.5|NO_G2|NO_EARLY|NO_PULL|NO_DRYUP|40-60],V4,2026-08-18T12:13:06Z
