snapshot_date,symbol,health,health_rank,price,rs5,rs10,rsi14,action,reason,saved_at,rsi_slope,ema9,ma20,ema9_ma20_slope,ema9_ma20_slope_change,dist_from_ema9_pct,obv,obv_ema9,volume,vol_ma20,volume_ratio20,dryup_ratio_5,dryup_ratio_10,near_bottom_20_pct,near_bottom_60_pct,dist_high20_pct,body_pct,total_score,E,R,O,S,RS,V,market_real,market_live,market_forecast,market_breadth,market_breadth_score,obv_status,group,pull_label,warning,status,green_2_confirm,early_green2,early_dry_green2,slope_state,market_regime,is_live_adjusted
2026-07-31,BAF,🌱 ĐANG HỒI,0,29700.0,2.77,-0.17,56.34,🟢 MUA / GIỮ,OBV tốt + RSI cải thiện + Vị trí giá tốt,2026-08-02T22:42:16+07:00,19.61,29381.92,29542.5,-0.54,0.84,1.08,95631573.0,93338610.0,2048373.0,1254389.0,,1.42,1.3,2.95,4.21,-1.33,-0.5,3,1,1,2,0,1,-2,,,,,,🟢,PULL VỪA,PULL VỪA,Slope âm,🟡,,,,🔴 Yếu,,True
2026-07-31,BMP,🌱 ĐANG HỒI,0,153300.0,2.2,1.12,59.07,🟢 MUA / GIỮ,OBV tốt + RSI cải thiện + Vị trí giá tốt,2026-08-02T22:42:16+07:00,11.16,150179.68,149960.0,0.15,0.42,2.08,2437382.0,2250239.0,276382.0,156519.0,,0.39,0.97,5.36,16.22,-1.73,2.89,9,2,1,2,1,1,2,,,,,,🟢,CP MẠNH,PULL XẤU,Pull xấu,🟡,🟢 GREEN 2,,,🟡 Ổn định,,True
2026-07-31,CTR,🌱 ĐANG HỒI,0,71900.0,2.86,3.45,51.2,🟢 MUA / GIỮ,OBV tốt + Vol xác nhận + RSI cải thiện,2026-08-02T22:42:16+07:00,11.5,70112.11,70978.5,-1.22,1.94,2.55,-9132300.0,-9484837.0,246600.0,253460.0,,0.96,1.04,8.28,8.28,-4.91,0.98,5,1,0,2,0,1,1,,,,,,🟢,MUA EARLY,PULL XẤU,RSI yếu | Slope âm | Pull xấu,🟡,,✅ EARLY GREEN2,,🔴 Yếu,,True
2026-07-31,DPM,🌱 ĐANG HỒI,0,23550.0,11.29,7.05,64.03,🟢 MUA / GIỮ,OBV tốt + Vol xác nhận + RSI cải thiện,2026-08-02T22:42:16+07:00,20.06,21882.4,21746.5,0.62,2.13,7.62,76507000.0,71465453.0,3890000.0,3500895.0,,0.59,0.76,14.04,14.04,2.44,5.04,9,2,1,2,1,2,1,,,,,,🟢,CP MẠNH,PULL XẤU,Pull xấu,🟡,🟢 GREEN 2,,,🟡 Ổn định,,True
2026-07-31,FPT,🌱 ĐANG HỒI,0,67100.0,6.68,0.15,47.05,🟢 MUA / GIỮ,OBV tốt + Vol xác nhận + Vị trí giá tốt,2026-08-02T22:42:16+07:00,19.75,65665.72,67604.9,-2.87,2.53,2.18,-421782730.0,-433379707.0,8037570.0,7807284.0,,0.75,0.83,7.88,7.88,-9.32,-0.15,4,1,0,2,0,1,0,,,,,,🟢,MUA EARLY,PULL XẤU,RSI yếu | Slope âm | Pull xấu,🟡,,,,🔴 Yếu,,True
2026-07-31,FRT,🌱 ĐANG HỒI,0,124400.0,15.4,11.27,66.11,🟢 MUA / GIỮ,OBV tốt + RS mạnh + RSI cải thiện,2026-08-02T22:42:16+07:00,32.32,113357.24,112480.0,0.78,4.27,9.74,-273923.0,-1635339.0,1401577.0,341744.0,,1.23,1.29,18.48,18.48,1.97,0.0,9,2,2,2,1,2,0,,,,,,🟢,MUA BREAK,PULL XẤU,Pull xấu,🟡,,,,🟡 Ổn định,,True
2026-07-31,GMD,🌱 ĐANG HỒI,0,77000.0,5.19,-0.65,56.18,🟢 MUA / GIỮ,OBV tốt + RSI cải thiện + Vị trí giá tốt,2026-08-02T22:42:16+07:00,13.77,74903.2,75495.0,-0.78,1.26,2.8,102786200.0,99604818.0,2208100.0,1579550.0,,0.72,0.9,6.94,6.94,-2.9,0.0,5,1,1,2,0,1,0,,,,,,🟢,MUA EARLY,PULL XẤU,Slope âm | Pull xấu,🟡,,,,🔴 Yếu,,True
2026-07-31,HPG,🌱 ĐANG HỒI,0,21700.0,4.33,-0.69,44.98,🟢 MUA / GIỮ,OBV tốt + Vol xác nhận + Vị trí giá tốt,2026-08-02T22:42:16+07:00,11.15,21409.0,21855.0,-2.04,2.44,1.36,359889821.0,342114148.0,24171203.0,25177700.0,,1.06,1.25,6.63,6.63,-8.05,-0.46,3,1,0,1,0,1,0,,,,,,🟢,MUA EARLY,PULL XẤU,RSI yếu | Slope âm | Pull xấu,🟡,,,,🔴 Yếu,,True
2026-07-31,MML,🌱 ĐANG HỒI,0,28600.0,7.92,3.62,51.65,🟢 MUA / GIỮ,OBV tốt + RSI cải thiện + Vị trí giá tốt,2026-08-02T22:42:16+07:00,13.83,27964.45,28055.0,-0.32,3.02,2.27,-1514700.0,-1594289.0,6500.0,22425.0,,1.72,1.28,7.92,7.92,-4.67,-0.35,4,1,0,1,0,1,1,,,,,,🟢,MUA EARLY,PULL XẤU,RSI yếu | Slope âm | Pull xấu,🟡,,,,🔴 Yếu,,False
2026-07-31,MSN,🌱 ĐANG HỒI,0,66100.0,3.44,-2.79,41.55,🟢 MUA / GIỮ,OBV tốt + Vị trí giá tốt + Vol xác nhận,2026-08-02T22:42:16+07:00,5.88,66049.23,66875.0,-1.23,2.17,0.08,100305978.0,97830578.0,3771622.0,4903721.0,,0.91,1.03,3.44,3.44,-8.7,-2.65,4,1,0,1,0,1,1,,,,,,🟢,MUA EARLY,PULL XẤU,RSI yếu | Slope âm | Pull xấu,🟡,,,,🔴 Yếu,,True
2026-07-31,MSR,🌱 ĐANG HỒI,0,36800.0,9.85,1.38,52.15,🟢 MUA / GIỮ,OBV tốt + Vol xác nhận + RS mạnh,2026-08-02T22:42:16+07:00,3.01,35628.87,35620.0,0.02,3.19,3.29,12073300.0,10134966.0,982400.0,951860.0,,1.03,1.01,11.85,11.85,-7.3,1.1,7,2,0,2,1,1,1,,,,,,🟢,MUA EARLY,PULL XẤU,RSI yếu | Pull xấu,🟡,,✅ EARLY GREEN2,,🟡 Ổn định,,False
2026-07-31,ORS,🌱 ĐANG HỒI,0,13850.0,5.73,-0.36,53.49,🟢 MUA / GIỮ,OBV tốt + RSI cải thiện + Vị trí giá tốt,2026-08-02T22:42:16+07:00,9.12,13594.88,13707.5,-0.82,2.29,1.88,210228500.0,202151641.0,3214600.0,6398025.0,,0.75,0.7,8.2,9.49,-7.67,-2.81,4,1,0,1,0,1,1,,,,,,🟢,MUA EARLY,PULL XẤU,RSI yếu | Slope âm | Pull xấu,🟡,,,,🔴 Yếu,,True
2026-07-31,PET,🌱 ĐANG HỒI,0,38000.0,6.29,1.6,59.15,🟢 MUA / GIỮ,OBV tốt + RSI cải thiện + Vị trí giá tốt,2026-08-02T22:42:16+07:00,13.51,36814.58,36657.0,0.43,2.65,3.22,68962000.0,68867366.0,267500.0,405740.0,,0.65,0.85,9.2,18.49,-2.06,-0.65,7,2,1,1,1,1,1,,,,,,🟢,CP MẠNH,PULL XẤU,Pull xấu,🟡,,,,🟡 Ổn định,,True
2026-07-31,PVT,🌱 ĐANG HỒI,0,18300.0,8.61,1.1,50.72,🟢 MUA / GIỮ,OBV tốt + RSI cải thiện + RS mạnh,2026-08-02T22:42:16+07:00,18.12,17506.96,17982.5,-2.64,3.9,4.53,1127000.0,-4879266.0,5173200.0,3210475.0,,0.68,1.04,12.27,12.27,-10.29,-2.14,2,1,0,2,0,1,-2,,,,,,🟢,TÍCH LŨY,PULL XẤU,RSI yếu | Slope âm | Pull xấu,🔴,,,,🔴 Yếu,,True
2026-07-31,SAB,🌱 ĐANG HỒI,0,43550.0,0.09,-0.75,45.43,🟢 MUA / GIỮ,OBV tốt + Vol xác nhận + Vị trí giá tốt,2026-08-02T22:42:16+07:00,5.97,43516.42,43717.0,-0.46,0.28,0.08,-10939950.0,-11543352.0,555750.0,562588.0,,1.15,1.07,1.28,1.28,-4.62,-0.91,3,1,0,2,0,0,0,,,,,,🟢,MUA EARLY,PULL XẤU,RSI yếu | Slope âm | Pull xấu,🟡,,,,🔴 Yếu,,True
2026-07-31,TCX,🌱 ĐANG HỒI,0,41000.0,4.59,-4.87,48.21,🟢 MUA / GIỮ,OBV tốt + RSI cải thiện + Vị trí giá tốt,2026-08-02T22:42:16+07:00,15.4,40182.32,41570.0,-3.34,1.83,2.03,25124161.0,21705745.0,2278461.0,1799413.0,,0.74,0.78,9.33,9.33,-10.68,0.12,6,1,0,2,0,1,2,,,,,,🟢,MUA EARLY,PULL XẤU,RSI yếu | Slope âm | Pull xấu,🟡,,✅ EARLY GREEN2,🌱 EARLY DRY GREEN2,🔴 Yếu,,True
2026-07-31,TNG,🌱 ĐANG HỒI,0,17900.0,2.29,2.87,48.15,🟢 MUA / GIỮ,OBV tốt + Vol xác nhận + RSI cải thiện,2026-08-02T22:42:16+07:00,10.44,17484.04,17750.0,-1.5,2.46,2.38,34792700.0,34217633.0,481100.0,552600.0,,0.85,1.06,7.83,7.83,-9.14,1.7,5,1,0,2,0,1,1,,,,,,🟢,MUA EARLY,PULL XẤU,RSI yếu | Slope âm | Pull xấu,🟡,,✅ EARLY GREEN2,,🔴 Yếu,,False
2026-07-31,VCB,🌱 ĐANG HỒI,0,59300.0,9.61,2.21,57.74,🟢 MUA / GIỮ,OBV tốt + RSI cải thiện + RS mạnh,2026-08-02T22:42:16+07:00,37.25,56257.25,57452.0,-2.08,2.74,5.41,132621900.0,116712257.0,18314600.0,4682725.0,,0.78,1.17,9.81,9.81,-4.32,2.77,7,1,1,2,0,1,2,,,,,,🟢,MUA EARLY,PULL XẤU,Slope âm | Pull xấu,🟡,🟢 GREEN 2,✅ EARLY GREEN2,,🔴 Yếu,,True
2026-07-31,VCI,🌱 ĐANG HỒI,0,21300.0,7.58,0.24,45.14,🟢 MUA / GIỮ,OBV tốt + Vol xác nhận + RS mạnh,2026-08-02T22:42:16+07:00,11.91,20788.39,21950.0,-5.29,4.25,2.46,140339000.0,134820821.0,9945000.0,9926220.0,,1.1,1.05,15.45,15.45,-17.76,-2.29,3,1,0,1,0,1,0,,,,,,🟢,MUA EARLY,PULL XẤU,RSI yếu | Slope âm | Pull xấu,🟡,,,,🔴 Yếu,,True
2026-07-31,VCK,🌱 ĐANG HỒI,0,31000.0,4.55,-0.8,48.17,🟢 MUA / GIỮ,OBV tốt + RSI cải thiện + Vị trí giá tốt,2026-08-02T22:42:16+07:00,19.66,30206.52,31152.5,-3.04,2.54,2.63,72921600.0,69672981.0,2162300.0,2920885.0,,1.02,0.9,9.35,9.35,-9.75,-0.48,4,1,0,1,0,1,1,,,,,,🟢,MUA EARLY,PULL XẤU,RSI yếu | Slope âm | Pull xấu,🟡,,,,🔴 Yếu,,True
2026-07-31,VGC,🌱 ĐANG HỒI,0,37850.0,7.28,-2.7,47.77,🟢 MUA / GIỮ,OBV tốt + Vol xác nhận + Vị trí giá tốt,2026-08-02T22:42:16+07:00,14.7,37028.35,38078.0,-2.76,2.46,2.22,29218400.0,28560127.0,380800.0,368585.0,,1.09,1.24,8.45,8.45,-8.13,-0.13,4,1,0,2,0,1,0,,,,,,🟢,MUA EARLY,PULL XẤU,RSI yếu | Slope âm | Pull xấu,🟡,,,,🔴 Yếu,,True
2026-07-31,VHM,🌱 ĐANG HỒI,0,148100.0,13.92,5.41,57.75,🟢 MUA / GIỮ,OBV tốt + RSI cải thiện + RS mạnh,2026-08-02T22:42:16+07:00,17.41,139859.57,140705.0,-0.6,4.59,5.89,350632473.0,338614765.0,6290673.0,4359744.0,,1.02,1.0,16.71,16.71,-6.68,-3.83,4,1,1,2,0,2,-2,,,,,,🟢,MUA EARLY,PULL XẤU,Slope âm | Pull xấu,🟡,,,,🔴 Yếu,,True
2026-07-31,VNM,🌱 ĐANG HỒI,0,60900.0,3.4,3.22,65.59,🟢 MUA / GIỮ,OBV tốt + Vol xác nhận + Vị trí giá tốt,2026-08-02T22:42:16+07:00,3.68,59468.26,57675.0,3.11,0.67,2.41,169600.0,-7119981.0,4479800.0,4596595.0,,1.15,1.37,10.53,11.13,-0.81,-0.49,8,2,2,1,2,1,0,,,,,,🟢,MUA EARLY,PULL XẤU,Pull xấu,🟡,,,,🟢 Tăng tốc,,True
2026-07-31,VPL,🌱 ĐANG HỒI,0,79600.0,6.85,-0.25,46.3,🟢 MUA / GIỮ,OBV tốt + Vị trí giá tốt + RSI cải thiện,2026-08-02T22:42:16+07:00,19.56,77605.64,79285.0,-2.12,3.0,2.57,15625900.0,14857926.0,480900.0,698970.0,,0.77,0.94,8.3,8.3,-9.03,-1.12,5,1,0,2,0,1,1,,,,,,🟢,MUA EARLY,PULL XẤU,RSI yếu | Slope âm | Pull xấu,🟡,,,,🔴 Yếu,,True
2026-07-31,VTO,🌱 ĐANG HỒI,0,10450.0,2.45,2.45,53.75,🟢 MUA / GIỮ,OBV tốt + Vị trí giá tốt + RSI cải thiện,2026-08-02T22:42:16+07:00,19.94,10296.08,10315.0,-0.18,1.36,1.49,1916700.0,1809328.0,13100.0,80390.0,,1.12,1.11,3.98,3.98,-2.34,-1.42,4,1,0,1,0,1,1,,,,,,🟢,MUA EARLY,PULL XẤU,RSI yếu | Slope âm | Pull xấu,🟡,,,,🔴 Yếu,,True
2026-07-31,BFC,🟡 TRUNG TÍNH,1,51100.0,3.02,-7.26,40.7,👀 THEO DÕI,OBV tốt + Vol xác nhận + RSI cải thiện,2026-08-02T22:42:16+07:00,9.16,51231.78,53457.5,-4.16,0.57,-0.26,28741300.0,28546190.0,191400.0,235585.0,,1.12,0.87,4.29,4.29,-14.83,0.2,4,0,0,2,0,1,1,,,,,,🟢,MUA EARLY,PULL XẤU,RSI yếu | Giá dưới EMA9 | Slope âm | Pull xấu,🟡,,,,🔴 Yếu,,True
2026-07-31,BID,🟡 TRUNG TÍNH,1,38000.0,5.56,-2.06,47.5,👀 THEO DÕI,OBV tốt + RSI cải thiện + Vị trí giá tốt,2026-08-02T22:42:16+07:00,24.09,36784.92,38140.5,-3.55,2.68,3.3,146023900.0,134743312.0,9566200.0,4098355.0,,0.95,1.07,9.51,9.51,-10.08,1.74,6,1,0,2,0,1,2,,,,,,🟢,MUA EARLY,PULL XẤU,RSI yếu | Slope âm | Pull xấu,🟡,,✅ EARLY GREEN2,,🔴 Yếu,,True
2026-07-31,BSR,🟡 TRUNG TÍNH,1,25350.0,5.62,1.81,51.6,👀 THEO DÕI,Vol xác nhận + RSI cải thiện + Vị trí giá tốt,2026-08-02T22:42:16+07:00,6.21,24731.19,24835.0,-0.42,2.1,2.5,623843100.0,624737017.0,11087800.0,10000585.0,,0.83,0.86,10.22,10.22,-7.65,-3.61,2,1,0,0,0,1,0,,,,,,🔴,TÍCH LŨY,PULL XẤU,OBV gãy | RSI yếu | Slope âm | Pull xấu,🔴,,,,🔴 Yếu,,True
2026-07-31,BVH,🟡 TRUNG TÍNH,1,60100.0,5.44,0.17,48.98,👀 THEO DÕI,Vị trí giá tốt + RSI cải thiện + RS mạnh,2026-08-02T22:42:16+07:00,16.71,58939.28,58830.0,0.19,2.72,1.97,15561200.0,15623598.0,720500.0,388140.0,,0.78,0.8,6.18,6.18,-4.75,-1.64,2,2,0,0,1,1,-2,,,,,,🔴,TÍCH LŨY,PULL XẤU,OBV gãy | RSI yếu | Pull xấu,🔴,,,,🟡 Ổn định,,True
2026-07-31,CMG,🟡 TRUNG TÍNH,1,24300.0,-1.62,-6.9,35.69,👀 THEO DÕI,OBV tốt + Vị trí giá tốt,2026-08-02T22:42:16+07:00,6.52,24401.33,25432.5,-4.05,0.83,-0.42,-7445400.0,-7984797.0,335600.0,205745.0,,1.05,1.06,2.97,2.97,-11.96,-0.21,0,0,0,2,0,0,-2,,,,,,🟢,THEO DÕI,PULL XẤU,RSI yếu | Giá dưới EMA9 | Slope âm | Pull xấu,🔴,,,,🔴 Yếu,,True
2026-07-31,CTD,🟡 TRUNG TÍNH,1,61000.0,10.71,-3.94,42.07,👀 THEO DÕI,OBV tốt + RS mạnh + Vol xác nhận,2026-08-02T22:42:16+07:00,13.67,59152.32,62910.0,-5.97,3.24,3.12,10345300.0,9467365.0,718500.0,539115.0,,0.79,0.88,10.71,10.71,-15.75,2.35,6,1,0,2,0,1,2,,,,,,🟢,MUA EARLY,PULL XẤU,RSI yếu | Slope âm | Pull xấu,🟡,,,,🔴 Yếu,,True
2026-07-31,CTG,🟡 TRUNG TÍNH,1,30800.0,6.21,-2.28,45.27,👀 THEO DÕI,OBV tốt + Vị trí giá tốt + RSI cải thiện,2026-08-02T22:42:16+07:00,24.32,30073.45,31184.0,-3.56,2.31,2.42,360060100.0,344233039.0,15291900.0,9144040.0,,0.9,1.0,7.13,7.13,-9.99,0.0,4,1,0,2,0,1,0,,,,,,🟢,MUA EARLY,PULL XẤU,RSI yếu | Slope âm | Pull xấu,🟡,,,,🔴 Yếu,,True
2026-07-31,DBC,🟡 TRUNG TÍNH,1,16300.0,1.24,-6.59,37.09,👀 THEO DÕI,OBV tốt + Vol xác nhận + Vị trí giá tốt,2026-08-02T22:42:16+07:00,7.06,16326.47,16859.95,-3.16,1.79,-0.16,2174200.0,1781251.0,1953900.0,2182800.0,,0.77,1.07,3.82,3.82,-12.83,-1.21,2,0,0,1,0,1,0,,,,,,🟢,TÍCH LŨY,PULL XẤU,RSI yếu | Giá dưới EMA9 | Slope âm | Pull xấu,🔴,,,,🔴 Yếu,,True
2026-07-31,DGW,🟡 TRUNG TÍNH,1,36600.0,9.25,-2.14,47.41,👀 THEO DÕI,OBV tốt + RSI cải thiện + RS mạnh,2026-08-02T22:42:16+07:00,16.73,35600.57,36742.5,-3.11,3.2,2.81,54550500.0,52166682.0,1276400.0,740025.0,,1.26,1.12,10.41,10.41,-10.07,-0.95,2,1,0,2,0,1,-2,,,,,,🟢,TÍCH LŨY,PULL XẤU,RSI yếu | Slope âm | Pull xấu,🔴,,,,🔴 Yếu,,True
2026-07-31,DRI,🟡 TRUNG TÍNH,1,12900.0,0.78,-1.53,43.83,👀 THEO DÕI,OBV tốt + Vị trí giá tốt + RSI cải thiện,2026-08-02T22:42:16+07:00,5.95,12865.96,13010.0,-1.11,0.75,0.26,37802500.0,37446984.0,230500.0,393840.0,,1.06,1.15,3.2,3.2,-5.84,-1.53,3,1,0,1,0,0,1,,,,,,🟢,MUA EARLY,PULL XẤU,RSI yếu | Slope âm | Pull xấu,🟡,,,,🔴 Yếu,,False
2026-07-31,GEG,🟡 TRUNG TÍNH,1,12100.0,1.26,-5.47,36.5,👀 THEO DÕI,OBV tốt + Vị trí giá tốt,2026-08-02T22:42:16+07:00,3.08,12172.16,12607.5,-3.45,1.52,-0.59,23051700.0,23049839.0,163900.0,242045.0,,0.73,0.9,3.42,3.42,-12.95,-0.82,3,0,0,1,0,1,1,,,,,,🟢,MUA EARLY,PULL XẤU,RSI yếu | Giá dưới EMA9 | Slope âm | Pull xấu,🟡,,,,🔴 Yếu,,True
2026-07-31,GEX,🟡 TRUNG TÍNH,1,22500.0,3.21,-10.0,38.11,👀 THEO DÕI,OBV tốt + Vị trí giá tốt,2026-08-02T22:42:16+07:00,10.54,22171.65,24287.5,-8.71,3.84,1.48,549441367.0,521164197.0,33446567.0,14576278.0,,0.98,1.02,10.84,10.84,-27.54,0.0,4,1,0,2,0,1,0,,,,,,🟢,MUA EARLY,PULL XẤU,RSI yếu | Slope âm | Pull xấu,🟡,,,,🔴 Yếu,,True
2026-07-31,HAH,🟡 TRUNG TÍNH,1,45250.0,0.56,-2.06,36.1,👀 THEO DÕI,OBV tốt + Vị trí giá tốt,2026-08-02T22:42:16+07:00,13.76,45072.62,46592.5,-3.26,1.11,0.39,18952200.0,18673660.0,364300.0,540235.0,,0.76,0.89,3.08,3.08,-10.27,-0.77,4,1,0,2,0,0,1,,,,,,🟢,MUA EARLY,PULL XẤU,RSI yếu | Slope âm | Pull xấu,🟡,,,,🔴 Yếu,,True
2026-07-31,HSG,🟡 TRUNG TÍNH,1,10700.0,2.39,-5.31,42.19,👀 THEO DÕI,OBV tốt + Vị trí giá tốt + RSI cải thiện,2026-08-02T22:42:16+07:00,7.31,10688.76,11010.0,-2.92,1.7,0.11,52110708.0,51264559.0,1741492.0,3049635.0,,0.73,0.85,6.47,6.47,-8.94,-2.73,4,1,0,1,0,1,1,,,,,,🟢,MUA EARLY,PULL XẤU,RSI yếu | Slope âm | Pull xấu,🟡,,,,🔴 Yếu,,True
2026-07-31,IDC,🟡 TRUNG TÍNH,1,32600.0,-2.1,-0.12,41.34,👀 THEO DÕI,OBV tốt + Vị trí giá tốt + Vol xác nhận,2026-08-02T22:42:16+07:00,3.55,32551.69,33177.5,-1.89,1.26,0.15,65971600.0,65279627.0,868100.0,1169650.0,,0.79,0.95,3.49,3.49,-9.77,0.31,3,1,0,2,0,0,0,,,,,,🟢,MUA EARLY,PULL XẤU,RSI yếu | Slope âm | Pull xấu,🟡,,,,🔴 Yếu,,False
2026-07-31,KSB,🟡 TRUNG TÍNH,1,13100.0,-2.6,-4.38,34.4,👀 THEO DÕI,OBV tốt + Vol xác nhận,2026-08-02T22:42:16+07:00,6.5,13302.09,13705.0,-2.94,0.73,-1.52,29130000.0,29108458.0,539300.0,651740.0,,1.13,1.14,1.16,1.16,-11.78,-2.96,1,0,0,1,0,0,0,,,,,,🟢,THEO DÕI,PULL XẤU,RSI yếu | Giá dưới EMA9 | Slope âm | Pull xấu,🔴,,,,🔴 Yếu,,True
2026-07-31,MSB,🟡 TRUNG TÍNH,1,15950.0,0.0,-2.45,53.39,👀 THEO DÕI,OBV tốt + Vị trí giá tốt + RSI cải thiện,2026-08-02T22:42:16+07:00,1.26,15923.54,16017.4,-0.59,-0.26,0.17,749631489.0,748704919.0,11897589.0,7235034.0,,0.6,0.98,1.27,19.03,-3.04,1.92,5,1,0,2,0,0,2,,,,,,🟢,MUA EARLY,PULL XẤU,RSI yếu | Slope âm | Pull xấu,🟡,,,,🔴 Yếu,,True
2026-07-31,MWG,🟡 TRUNG TÍNH,1,69900.0,4.39,-7.44,44.13,👀 THEO DÕI,OBV tốt + Vol xác nhận + Vị trí giá tốt,2026-08-02T22:42:16+07:00,16.29,68976.48,72417.5,-4.75,1.85,1.34,241430524.0,230991809.0,5130224.0,4950281.0,,1.29,1.36,12.15,12.15,-10.82,-0.85,4,1,0,2,0,1,0,,,,,,🟢,MUA EARLY,PULL XẤU,RSI yếu | Slope âm | Pull xấu,🟡,,,,🔴 Yếu,,True
2026-07-31,NKG,🟡 TRUNG TÍNH,1,10950.0,4.29,-1.79,41.81,👀 THEO DÕI,OBV tốt + Vol xác nhận + Vị trí giá tốt,2026-08-02T22:42:16+07:00,9.88,10874.54,11230.0,-3.17,2.21,0.69,274128600.0,273137993.0,1521500.0,1759050.0,,1.06,1.19,5.29,5.29,-10.98,-1.79,3,1,0,1,0,1,0,,,,,,🟢,MUA EARLY,PULL XẤU,RSI yếu | Slope âm | Pull xấu,🟡,,,,🔴 Yếu,,True
2026-07-31,NLG,🟡 TRUNG TÍNH,1,22200.0,3.98,-10.66,39.86,👀 THEO DÕI,OBV tốt + Vị trí giá tốt + RSI cải thiện,2026-08-02T22:42:16+07:00,15.86,21901.72,23517.5,-6.87,1.54,1.36,52411600.0,48443370.0,4513200.0,1961730.0,,1.15,1.09,11.0,11.0,-15.59,2.54,6,1,0,2,0,1,2,,,,,,🟢,MUA EARLY,PULL XẤU,RSI yếu | Slope âm | Pull xấu,🟡,,,,🔴 Yếu,,True
2026-07-31,NVL,🟡 TRUNG TÍNH,1,13000.0,0.39,2.77,54.58,👀 THEO DÕI,OBV tốt + Vị trí giá tốt + RSI cải thiện,2026-08-02T22:42:16+07:00,0.67,12823.72,12582.5,1.92,0.41,1.37,599824504.0,584881355.0,32496172.0,15284874.0,,1.24,1.15,9.7,9.7,-2.62,-2.26,3,2,0,1,1,1,-2,,,,,,🟢,MUA EARLY,PULL XẤU,RSI yếu | Pull xấu,🟡,,,,🟡 Ổn định,,True
2026-07-31,PC1,🟡 TRUNG TÍNH,1,21400.0,1.42,-1.83,50.95,👀 THEO DÕI,OBV tốt + Vị trí giá tốt + RSI cải thiện,2026-08-02T22:42:16+07:00,-0.35,21380.4,21352.5,0.13,1.12,0.09,126537172.0,123234232.0,1525028.0,2562261.0,,0.93,0.86,4.14,21.25,-4.46,-1.61,6,2,0,1,1,1,1,,,,,,🟢,MUA EARLY,PULL XẤU,RSI yếu | RSI chững | Pull xấu,🟡,,,,🟡 Ổn định,,True
2026-07-31,PLC,🟡 TRUNG TÍNH,1,18800.0,2.17,-2.59,42.72,👀 THEO DÕI,OBV tốt + Vol xác nhận + RSI cải thiện,2026-08-02T22:42:16+07:00,12.48,18702.85,19385.0,-3.52,2.39,0.52,18267400.0,18256670.0,146500.0,120790.0,,0.99,1.05,6.21,6.21,-16.81,-2.59,1,1,0,1,0,1,-2,,,,,,🟢,THEO DÕI,PULL XẤU,RSI yếu | Slope âm | Pull xấu,🔴,,,,🔴 Yếu,,False
2026-07-31,PTB,🟡 TRUNG TÍNH,1,33500.0,2.6,-4.29,38.8,👀 THEO DÕI,OBV tốt + Vị trí giá tốt,2026-08-02T22:42:16+07:00,17.66,33217.37,34649.95,-4.13,1.86,0.85,-562000.0,-576463.0,31400.0,67015.0,,0.75,1.2,5.18,5.18,-12.3,0.3,4,1,0,2,0,1,0,,,,,,🟢,MUA EARLY,PULL XẤU,RSI yếu | Slope âm | Pull xấu,🟡,,,,🔴 Yếu,,True
2026-07-31,REE,🟡 TRUNG TÍNH,1,46500.0,4.73,0.54,48.76,👀 THEO DÕI,OBV tốt + RSI cải thiện + Vị trí giá tốt,2026-08-02T22:42:16+07:00,21.29,45288.83,45785.0,-1.08,1.89,2.67,-10675300.0,-12148776.0,1294700.0,574465.0,,0.84,1.03,6.04,6.04,-6.44,1.75,6,1,0,2,0,1,2,,,,,,🟢,MUA EARLY,PULL XẤU,RSI yếu | Slope âm | Pull xấu,🟡,,✅ EARLY GREEN2,,🔴 Yếu,,True
2026-07-31,SHS,🟡 TRUNG TÍNH,1,15200.0,0.0,-7.32,38.73,👀 THEO DÕI,OBV tốt + Xu hướng giảm,2026-08-02T22:42:16+07:00,3.31,15440.96,16600.0,-6.98,2.11,-1.56,698316896.0,694395732.0,8583400.0,15267340.0,,0.7,0.83,6.29,6.29,-24.0,-3.18,2,0,0,1,0,0,1,,,,,,🟢,TÍCH LŨY,PULL XẤU,RSI yếu | Giá dưới EMA9 | Slope âm | Pull xấu,🔴,,,,🔴 Yếu,,False
2026-07-31,SSI,🟡 TRUNG TÍNH,1,23550.0,3.29,-2.89,42.1,👀 THEO DÕI,OBV tốt + Vol xác nhận + RSI cải thiện,2026-08-02T22:42:16+07:00,5.32,23493.62,24522.5,-4.2,2.55,0.24,969593788.0,955442122.0,17843900.0,22732790.0,,0.98,1.08,7.05,7.05,-15.29,-2.28,4,1,0,1,0,1,1,,,,,,🟢,MUA EARLY,PULL XẤU,RSI yếu | Slope âm | Pull xấu,🟡,,,,🔴 Yếu,,True
2026-07-31,VGI,🟡 TRUNG TÍNH,1,81100.0,5.05,-0.73,47.43,👀 THEO DÕI,OBV tốt + RSI cải thiện + Vị trí giá tốt,2026-08-02T22:42:16+07:00,28.68,78411.37,80850.0,-3.02,2.41,3.43,-13937900.0,-14256232.0,432000.0,238795.0,,0.78,0.92,8.71,8.71,-9.69,2.01,6,1,0,2,0,1,2,,,,,,🟢,MUA EARLY,PULL XẤU,RSI yếu | Slope âm | Pull xấu,🟡,,✅ EARLY GREEN2,,🔴 Yếu,,False
2026-07-31,VGT,🟡 TRUNG TÍNH,1,10800.0,1.89,-3.57,37.09,👀 THEO DÕI,OBV tốt + Vol xác nhận + Vị trí giá tốt,2026-08-02T22:42:16+07:00,11.95,10786.56,11080.0,-2.65,0.8,0.12,14712800.0,14709481.0,295000.0,258495.0,,0.61,0.74,1.89,1.89,-7.69,1.89,4,1,0,1,0,1,1,,,,,,🟢,MUA EARLY,PULL XẤU,RSI yếu | Slope âm | Pull xấu,🟡,,,,🔴 Yếu,,False
2026-07-31,VIC,🟡 TRUNG TÍNH,1,214100.0,0.47,-2.68,48.23,👀 THEO DÕI,OBV tốt + Vol xác nhận + Vị trí giá tốt,2026-08-02T22:42:16+07:00,-0.14,215998.47,217655.0,-0.76,0.72,-0.88,313582200.0,310736870.0,4372800.0,3506765.0,,1.06,1.07,5.94,11.51,-4.72,-4.33,-1,0,0,1,0,0,-2,,,,,,🟢,THEO DÕI,PULL XẤU,RSI yếu | RSI chững | Giá dưới EMA9 | Slope âm | Pull xấu,🔴,,,,🔴 Yếu,,True
2026-07-31,VJC,🟡 TRUNG TÍNH,1,125000.0,-1.88,-4.8,36.39,👀 THEO DÕI,OBV tốt + Xu hướng giảm,2026-08-02T22:42:16+07:00,5.98,126573.49,131264.95,-3.57,0.42,-1.24,25039500.0,24983704.0,1446000.0,1006815.0,,1.07,1.08,1.3,1.3,-12.28,0.48,4,0,0,2,0,0,2,,,,,,🟢,MUA EARLY,PULL XẤU,RSI yếu | Giá dưới EMA9 | Slope âm | Pull xấu,🟡,,,,🔴 Yếu,,True
2026-07-31,VOS,🟡 TRUNG TÍNH,1,10850.0,3.83,-3.12,41.35,👀 THEO DÕI,OBV tốt + Vol xác nhận + Vị trí giá tốt,2026-08-02T22:42:16+07:00,17.34,10762.31,11202.5,-3.93,2.4,0.81,25690800.0,25487652.0,502800.0,422180.0,,1.02,0.94,5.34,5.34,-12.85,-4.82,3,1,0,1,0,1,0,,,,,,🟢,MUA EARLY,PULL XẤU,RSI yếu | Slope âm | Pull xấu,🟡,,,,🔴 Yếu,,True
2026-07-31,VRE,🟡 TRUNG TÍNH,1,24800.0,13.24,1.02,49.12,👀 THEO DÕI,OBV tốt + RS mạnh + RSI cải thiện,2026-08-02T22:42:16+07:00,29.34,23360.95,24385.0,-4.2,5.25,6.16,429060800.0,415678819.0,11683500.0,5467065.0,,1.06,1.15,16.43,16.43,-14.19,-1.59,2,1,0,2,0,1,-2,,,,,,🟢,TÍCH LŨY,PULL XẤU,RSI yếu | Slope âm | Pull xấu,🔴,,,,🔴 Yếu,,True
2026-07-31,VSC,🟡 TRUNG TÍNH,1,13800.0,2.6,-6.12,34.87,👀 THEO DÕI,OBV tốt + Vị trí giá tốt,2026-08-02T22:42:16+07:00,11.78,13705.46,14842.5,-7.66,3.43,0.69,255239200.0,233071536.0,13535400.0,7752935.0,,1.49,1.26,8.66,8.66,-26.6,-1.78,2,1,0,2,0,1,-2,,,,,,🟢,TÍCH LŨY,PULL XẤU,RSI yếu | Slope âm | Pull xấu,🔴,,,,🔴 Yếu,,True
2026-07-31,VTP,🟡 TRUNG TÍNH,1,48000.0,0.84,-4.0,39.13,👀 THEO DÕI,OBV tốt + Vị trí giá tốt,2026-08-02T22:42:16+07:00,22.34,47447.73,49993.0,-5.09,1.39,1.16,5671003.0,4724508.0,675803.0,362640.0,,1.44,1.21,7.14,7.14,-12.79,2.02,5,1,0,2,0,0,2,,,,,,🟢,MUA EARLY,PULL XẤU,RSI yếu | Slope âm | Pull xấu,🟡,,,,🔴 Yếu,,True
2026-07-31,ACV,🔴 YẾU,2,39200.0,1.29,-5.54,32.54,⏳ CHỜ,OBV xấu + Xu hướng giảm + Thiếu mẫu xác nhận,2026-08-02T22:42:16+07:00,8.2,39402.73,40805.0,-3.44,1.06,-0.51,-62513600.0,-62035271.0,360500.0,456450.0,,0.75,0.93,2.08,2.08,-10.71,-1.01,2,0,0,0,0,1,1,,,,,,🔴,TÍCH LŨY,PULL XẤU,OBV gãy | RSI yếu | Giá dưới EMA9 | Slope âm | Pull xấu,🔴,,,,🔴 Yếu,,False
2026-07-31,ANV,🔴 YẾU,2,17050.0,0.89,-5.8,35.47,⏳ CHỜ,OBV xấu + Xu hướng giảm + Thiếu mẫu xác nhận,2026-08-02T22:42:16+07:00,5.65,17263.18,18144.95,-4.86,2.79,-1.23,41810900.0,42044389.0,452300.0,637760.0,,0.79,0.91,5.58,5.58,-20.88,-4.21,1,0,0,0,0,0,1,,,,,,🔴,THEO DÕI,PULL XẤU,OBV gãy | RSI yếu | Giá dưới EMA9 | Slope âm | Pull xấu,🔴,,,,🔴 Yếu,,True
2026-07-31,BSI,🔴 YẾU,2,27600.0,-2.13,-13.88,33.96,⏳ CHỜ,Xu hướng giảm + Thiếu mẫu xác nhận,2026-08-02T22:42:16+07:00,5.88,28310.1,31079.9,-8.91,1.6,-2.51,21569500.0,21498201.0,333900.0,701775.0,,0.71,0.71,5.14,5.14,-26.2,-2.65,2,0,0,1,0,0,1,,,,,,🟢,TÍCH LŨY,PULL XẤU,RSI yếu | Giá dưới EMA9 | Slope âm | Pull xấu,🔴,,,,🔴 Yếu,,True
2026-07-31,CEO,🔴 YẾU,2,11400.0,-1.72,-12.98,30.9,⏳ CHỜ,Xu hướng giảm + Thiếu mẫu xác nhận,2026-08-02T22:42:16+07:00,8.34,11699.91,12740.0,-8.16,1.54,-2.56,290229800.0,288912813.0,4518200.0,5623300.0,,1.11,1.15,5.56,5.56,-22.97,-2.56,1,0,0,1,0,0,0,,,,,,🟢,THEO DÕI,PULL XẤU,RSI yếu | Giá dưới EMA9 | Slope âm | Pull xấu,🔴,,,,🔴 Yếu,,False
2026-07-31,DCM,🔴 YẾU,2,30700.0,3.89,-3.15,42.48,⏳ CHỜ,OBV xấu + Xu hướng giảm + Thiếu mẫu xác nhận,2026-08-02T22:42:16+07:00,3.4,30593.77,31526.9,-2.96,2.05,0.35,61802000.0,62296379.0,1444500.0,2269650.0,,0.75,0.9,6.23,6.23,-11.88,-2.85,3,1,0,0,0,1,1,,,,,,🔴,MUA EARLY,PULL XẤU,OBV gãy | RSI yếu | Slope âm | Pull xấu,🟡,,,,🔴 Yếu,,True
2026-07-31,DGC,🔴 YẾU,2,39100.0,6.11,-12.72,34.47,⏳ CHỜ,OBV xấu + Xu hướng giảm + Thiếu mẫu xác nhận,2026-08-02T22:42:16+07:00,13.7,39223.74,42337.5,-7.35,1.94,-0.32,-124605300.0,-124560651.0,735500.0,805315.0,,1.19,1.43,8.61,8.61,-18.54,-1.14,1,0,0,0,0,1,0,,,,,,🔴,THEO DÕI,PULL XẤU,OBV gãy | RSI yếu | Giá dưới EMA9 | Slope âm | Pull xấu,🔴,,,,🔴 Yếu,,True
2026-07-31,DPG,🔴 YẾU,2,27700.0,2.97,-7.97,30.31,⏳ CHỜ,OBV xấu + Xu hướng giảm + Thiếu mẫu xác nhận,2026-08-02T22:42:16+07:00,7.27,27952.67,30160.0,-7.32,3.32,-0.9,21363000.0,21383799.0,323100.0,451170.0,,0.58,0.76,6.33,6.33,-24.93,-1.07,2,0,0,0,0,1,1,,,,,,🔴,TÍCH LŨY,PULL XẤU,OBV gãy | RSI yếu | Giá dưới EMA9 | Slope âm | Pull xấu,🔴,,,,🔴 Yếu,,True
2026-07-31,DPR,🔴 YẾU,2,36000.0,0.7,-4.64,35.77,⏳ CHỜ,OBV xấu + Xu hướng giảm + Thiếu mẫu xác nhận,2026-08-02T22:42:16+07:00,13.44,35947.59,36930.0,-2.66,0.77,0.15,24557400.0,24757474.0,122300.0,172575.0,,0.82,0.95,2.56,2.56,-8.4,-0.55,2,1,0,0,0,0,1,,,,,,🔴,TÍCH LŨY,PULL XẤU,OBV gãy | RSI yếu | Slope âm | Pull xấu,🔴,,,,🔴 Yếu,,True
2026-07-31,EVF,🔴 YẾU,2,12200.0,-2.4,-3.56,42.8,⏳ CHỜ,OBV xấu + Thiếu mẫu xác nhận,2026-08-02T22:42:16+07:00,9.89,12242.72,12475.0,-1.86,0.88,-0.35,148058324.0,149581816.0,1791176.0,2225554.0,,0.6,0.86,3.39,3.39,-8.27,-1.61,0,0,0,0,0,0,0,,,,,,🔴,THEO DÕI,PULL XẤU,OBV gãy | RSI yếu | Giá dưới EMA9 | Slope âm | Pull xấu,🔴,,,,🔴 Yếu,,True
2026-07-31,FOX,🔴 YẾU,2,63400.0,2.26,-5.79,32.33,⏳ CHỜ,OBV xấu + Xu hướng giảm + Thiếu mẫu xác nhận,2026-08-02T22:42:16+07:00,19.39,63605.42,66310.0,-4.08,2.39,-0.32,5358000.0,5455083.0,86400.0,95320.0,,0.68,0.7,3.93,3.93,-15.92,-3.65,1,0,0,0,0,1,0,,,,,,🔴,THEO DÕI,PULL XẤU,OBV gãy | RSI yếu | Giá dưới EMA9 | Slope âm | Pull xấu,🔴,,,,🔴 Yếu,,False
2026-07-31,GAS,🔴 YẾU,2,68600.0,2.08,-9.97,38.13,⏳ CHỜ,OBV xấu + Xu hướng giảm + Thiếu mẫu xác nhận,2026-08-02T22:42:16+07:00,5.29,68830.59,71925.0,-4.3,1.16,-0.34,36538900.0,36802810.0,968600.0,1296265.0,,0.67,1.09,6.52,6.52,-12.94,-1.72,2,0,0,0,0,1,1,,,,,,🔴,TÍCH LŨY,PULL XẤU,OBV gãy | RSI yếu | Giá dưới EMA9 | Slope âm | Pull xấu,🔴,,,,🔴 Yếu,,True
2026-07-31,GVR,🔴 YẾU,2,27500.0,4.96,-7.41,35.67,⏳ CHỜ,OBV xấu + Xu hướng giảm + Thiếu mẫu xác nhận,2026-08-02T22:42:16+07:00,11.1,27388.54,28797.5,-4.89,2.48,0.41,240435000.0,242113544.0,2216700.0,1507335.0,,0.94,1.0,5.77,5.77,-17.04,-1.43,0,1,0,0,0,1,-2,,,,,,🔴,THEO DÕI,PULL XẤU,OBV gãy | RSI yếu | Slope âm | Pull xấu,🔴,,,,🔴 Yếu,,True
2026-07-31,HAG,🔴 YẾU,2,14000.0,0.0,-3.78,36.15,⏳ CHỜ,OBV xấu + Thiếu mẫu xác nhận + Xu hướng giảm,2026-08-02T22:42:16+07:00,3.26,14099.09,14365.0,-1.85,0.74,-0.7,389022900.0,390221376.0,2043200.0,2229870.0,,0.98,1.18,2.19,2.19,-6.67,-1.41,0,0,0,0,0,0,0,,,,,,🔴,THEO DÕI,PULL XẤU,OBV gãy | RSI yếu | Giá dưới EMA9 | Slope âm | Pull xấu,🔴,,,,🔴 Yếu,,True
2026-07-31,HHV,🔴 YẾU,2,9960.0,-0.1,-3.3,37.81,⏳ CHỜ,OBV xấu + Xu hướng giảm + Thiếu mẫu xác nhận,2026-08-02T22:42:16+07:00,7.48,9995.69,10247.0,-2.45,0.87,-0.36,165401500.0,165495420.0,1864900.0,2640525.0,,0.74,0.92,1.63,1.63,-8.62,-1.87,1,0,0,0,0,0,1,,,,,,🔴,THEO DÕI,PULL XẤU,OBV gãy | RSI yếu | Giá dưới EMA9 | Slope âm | Pull xấu,🔴,,,,🔴 Yếu,,True
2026-07-31,MBB,🔴 YẾU,2,22500.0,2.74,-5.26,39.16,⏳ CHỜ,OBV xấu + Xu hướng giảm + Thiếu mẫu xác nhận,2026-08-02T22:42:16+07:00,6.56,22476.4,23344.5,-3.72,1.08,0.11,855649816.0,864923720.0,12050200.0,14050500.0,,0.87,1.03,3.93,3.93,-10.5,-1.53,2,1,0,0,0,1,0,,,,,,🔴,TÍCH LŨY,PULL XẤU,OBV gãy | RSI yếu | Slope âm | Pull xấu,🔴,,,,🔴 Yếu,,True
2026-07-31,MCH,🔴 YẾU,2,141000.0,4.44,1.51,58.49,⏳ CHỜ,OBV xấu + Vol chưa xác nhận + Thiếu mẫu xác nhận,2026-08-02T22:42:16+07:00,1.99,138958.8,137495.0,1.06,1.36,1.47,11174000.0,11208719.0,1491200.0,378000.0,,1.89,1.31,5.38,11.9,-1.33,-1.4,3,2,1,0,1,1,-2,,,,,,🔴,MUA EARLY,PULL XẤU,OBV gãy | Pull xấu,🟡,,,,🟡 Ổn định,,True
2026-07-31,MSH,🔴 YẾU,2,30400.0,-1.62,-3.49,31.6,⏳ CHỜ,OBV xấu + Thiếu mẫu xác nhận + Xu hướng giảm,2026-08-02T22:42:16+07:00,7.75,30743.12,31327.5,-1.87,0.74,-1.12,12341200.0,12640139.0,146500.0,126050.0,,1.17,1.02,0.33,0.33,-10.46,-1.62,0,0,0,0,0,0,0,,,,,,🔴,THEO DÕI,PULL XẤU,OBV gãy | RSI yếu | Giá dưới EMA9 | Slope âm | Pull xấu,🔴,,,,🔴 Yếu,,True
2026-07-31,NT2,🔴 YẾU,2,21000.0,-1.41,-2.55,41.39,⏳ CHỜ,OBV xấu + Thiếu mẫu xác nhận,2026-08-02T22:42:16+07:00,7.76,21081.91,21402.5,-1.5,0.76,-0.39,13688500.0,14056421.0,577700.0,558760.0,,1.12,1.21,2.44,2.44,-8.1,0.0,0,0,0,0,0,0,0,,,,,,🔴,THEO DÕI,PULL XẤU,OBV gãy | RSI yếu | Giá dưới EMA9 | Slope âm | Pull xấu,🔴,,,,🔴 Yếu,,True
2026-07-31,PHR,🔴 YẾU,2,56800.0,2.9,-6.73,38.46,⏳ CHỜ,OBV xấu + Xu hướng giảm + Thiếu mẫu xác nhận,2026-08-02T22:42:16+07:00,8.83,57240.39,59775.0,-4.24,0.98,-0.77,16149800.0,16646530.0,209400.0,303780.0,,1.17,1.24,3.27,3.27,-13.41,-1.22,2,0,0,0,0,1,1,,,,,,🔴,TÍCH LŨY,PULL XẤU,OBV gãy | RSI yếu | Giá dưới EMA9 | Slope âm | Pull xấu,🔴,,,,🔴 Yếu,,True
2026-07-31,PLX,🔴 YẾU,2,33300.0,-1.48,-5.4,38.85,⏳ CHỜ,OBV xấu + Xu hướng giảm + Thiếu mẫu xác nhận,2026-08-02T22:42:16+07:00,6.19,33543.05,34462.5,-2.67,1.12,-0.72,50584700.0,52550962.0,3143900.0,2080140.0,,0.71,0.8,1.99,1.99,-11.08,-3.9,-2,0,0,0,0,0,-2,,,,,,🔴,THEO DÕI,PULL XẤU,OBV gãy | RSI yếu | Giá dưới EMA9 | Slope âm | Pull xấu,🔴,,,,🔴 Yếu,,True
2026-07-31,POW,🔴 YẾU,2,13600.0,1.87,-2.16,45.98,⏳ CHỜ,OBV xấu + Thiếu mẫu xác nhận + Vol chưa xác nhận,2026-08-02T22:42:16+07:00,6.83,13539.32,13832.5,-2.12,1.5,0.45,324911399.0,330784462.0,15471105.0,9027040.0,,0.65,0.81,3.03,3.03,-10.23,-2.51,0,1,0,0,0,1,-2,,,,,,🔴,THEO DÕI,PULL XẤU,OBV gãy | RSI yếu | Slope âm | Pull xấu,🔴,,,,🔴 Yếu,,True
2026-07-31,PVS,🔴 YẾU,2,34100.0,-0.29,-10.97,41.45,⏳ CHỜ,OBV xấu + Xu hướng giảm + Thiếu mẫu xác nhận,2026-08-02T22:42:16+07:00,3.59,34485.94,35765.0,-3.58,1.02,-1.12,123178300.0,125721754.0,2386800.0,3208670.0,,0.66,1.08,3.02,3.02,-13.01,-2.29,1,0,0,0,0,0,1,,,,,,🔴,THEO DÕI,PULL XẤU,OBV gãy | RSI yếu | Giá dưới EMA9 | Slope âm | Pull xấu,🔴,,,,🔴 Yếu,,False
2026-07-31,SBT,🔴 YẾU,2,21250.0,2.41,1.67,58.01,⏳ CHỜ,OBV xấu + Vol chưa xác nhận + Thiếu mẫu xác nhận,2026-08-02T22:42:16+07:00,20.09,20968.13,21002.5,-0.16,0.72,1.34,102207486.0,103072074.0,1241514.0,648576.0,,0.95,1.02,2.66,5.72,-0.7,-0.23,1,1,1,0,0,1,-2,,,,,,🔴,THEO DÕI,PULL XẤU,OBV gãy | Slope âm | Pull xấu,🔴,,,,🔴 Yếu,,True
2026-07-31,SIP,🔴 YẾU,2,48100.0,3.0,-0.72,44.77,⏳ CHỜ,OBV xấu + Thiếu mẫu xác nhận,2026-08-02T22:42:16+07:00,13.8,47587.38,48200.0,-1.27,1.22,1.08,184300.0,326019.0,75800.0,74840.0,,1.1,1.13,3.22,3.22,-4.18,-1.23,2,1,0,0,0,1,0,,,,,,🔴,TÍCH LŨY,PULL XẤU,OBV gãy | RSI yếu | Slope âm | Pull xấu,🔴,,,,🔴 Yếu,,True
2026-07-31,SSB,🔴 YẾU,2,15550.0,0.97,-2.51,48.53,⏳ CHỜ,OBV xấu + Vol chưa xác nhận + Thiếu mẫu xác nhận,2026-08-02T22:42:16+07:00,0.57,15585.45,15820.0,-1.48,0.48,-0.23,35117500.0,35336568.0,13667902.0,2793320.0,,0.92,1.0,0.97,13.92,-5.76,-0.64,-2,0,0,0,0,0,-2,,,,,,🔴,THEO DÕI,PULL XẤU,OBV gãy | RSI yếu | Giá dưới EMA9 | Slope âm | Pull xấu,🔴,,,,🔴 Yếu,,True
2026-07-31,TCB,🔴 YẾU,2,28950.0,1.22,-7.95,35.31,⏳ CHỜ,OBV xấu + Xu hướng giảm + Thiếu mẫu xác nhận,2026-08-02T22:42:16+07:00,7.87,29238.64,30815.0,-5.12,1.31,-0.99,353765422.0,361290612.0,11658674.0,12572284.0,,0.94,1.0,2.48,2.48,-15.35,-2.03,1,0,0,0,0,1,0,,,,,,🔴,THEO DÕI,PULL XẤU,OBV gãy | RSI yếu | Giá dưới EMA9 | Slope âm | Pull xấu,🔴,,,,🔴 Yếu,,True
2026-07-31,VIB,🔴 YẾU,2,14500.0,0.69,-5.84,36.3,⏳ CHỜ,OBV xấu + Xu hướng giảm + Thiếu mẫu xác nhận,2026-08-02T22:42:16+07:00,5.1,14644.88,15190.0,-3.59,1.33,-0.99,206787376.0,213626362.0,9613128.0,7667476.0,,0.66,0.91,2.47,2.47,-13.69,-2.03,-2,0,0,0,0,0,-2,,,,,,🔴,THEO DÕI,PULL XẤU,OBV gãy | RSI yếu | Giá dưới EMA9 | Slope âm | Pull xấu,🔴,,,,🔴 Yếu,,True
2026-07-31,VIX,🔴 YẾU,2,13000.0,4.42,-5.45,38.41,⏳ CHỜ,OBV xấu + Xu hướng giảm + Thiếu mẫu xác nhận,2026-08-02T22:42:16+07:00,9.1,12829.48,13847.5,-7.35,3.94,1.33,1418070932.0,1439129758.0,52038700.0,46426715.0,,1.06,1.11,10.64,10.64,-24.42,-1.52,2,1,0,0,0,1,0,,,,,,🔴,TÍCH LŨY,PULL XẤU,OBV gãy | RSI yếu | Slope âm | Pull xấu,🔴,,,,🔴 Yếu,,True
2026-07-31,VND,🔴 YẾU,2,16600.0,0.61,-7.0,45.24,⏳ CHỜ,OBV xấu + Xu hướng giảm + Thiếu mẫu xác nhận,2026-08-02T22:42:16+07:00,2.47,16710.68,17317.5,-3.5,1.11,-0.66,562554916.0,566795029.0,13861496.0,16102780.0,,0.72,0.83,8.14,8.14,-13.09,-2.92,0,0,0,0,0,0,0,,,,,,🔴,THEO DÕI,PULL XẤU,OBV gãy | RSI yếu | Giá dưới EMA9 | Slope âm | Pull xấu,🔴,,,,🔴 Yếu,,True
2026-07-31,VPB,🔴 YẾU,2,24800.0,-0.6,-4.06,37.78,⏳ CHỜ,OBV xấu + Xu hướng giảm + Thiếu mẫu xác nhận,2026-08-02T22:42:16+07:00,7.2,24961.38,25795.0,-3.23,0.89,-0.65,1317039392.0,1331223461.0,12104700.0,15101770.0,,0.8,1.02,1.85,1.85,-11.74,-1.59,0,0,0,0,0,0,0,,,,,,🔴,THEO DÕI,PULL XẤU,OBV gãy | RSI yếu | Giá dưới EMA9 | Slope âm | Pull xấu,🔴,,,,🔴 Yếu,,True
2026-07-31,VPX,🔴 YẾU,2,25400.0,-1.74,-7.3,42.6,⏳ CHỜ,OBV xấu + Xu hướng giảm + Thiếu mẫu xác nhận,2026-08-02T22:42:16+07:00,7.74,25490.38,26542.5,-3.96,0.47,-0.35,10369200.0,10837364.0,1186100.0,1468080.0,,0.83,1.05,5.18,5.18,-12.41,-0.39,0,0,0,0,0,0,0,,,,,,🔴,THEO DÕI,PULL XẤU,OBV gãy | RSI yếu | Giá dưới EMA9 | Slope âm | Pull xấu,🔴,,,,🔴 Yếu,,True
2026-07-31,ACB,⚠️ YẾU DẦN,3,21900.0,-2.67,-7.01,40.76,🟠 HẠN CHẾ / GIẢM,OBV xấu + RSI yếu + Thiếu mẫu xác nhận,2026-08-02T22:42:16+07:00,-8.37,22390.06,22650.0,-1.15,-0.69,-2.19,-23197600.0,-15408754.0,15165000.0,17797025.0,,0.82,1.02,0.0,12.94,-8.18,-3.1,0,0,0,0,0,0,0,,,,,,🔴,THEO DÕI,PULL XẤU,OBV gãy | RSI yếu | RSI chững | Giá dưới EMA9 | Slope âm | Pull xấu,🔴,,,,🔴 Yếu,,True
2026-07-31,AGR,⚠️ YẾU DẦN,3,12900.0,-1.9,-8.51,39.16,🟠 HẠN CHẾ / GIẢM,OBV xấu + Xu hướng giảm + Thiếu mẫu xác nhận,2026-08-02T22:42:16+07:00,3.81,13188.98,14085.0,-6.36,0.93,-2.19,23444800.0,23678347.0,352400.0,704050.0,,0.56,0.53,5.31,5.31,-20.86,-3.01,1,0,0,0,0,0,1,,,,,,🔴,THEO DÕI,PULL XẤU,OBV gãy | RSI yếu | Giá dưới EMA9 | Slope âm | Pull xấu,🔴,,,,🔴 Yếu,,True
2026-07-31,BVS,⚠️ YẾU DẦN,3,25100.0,-3.83,-19.29,37.32,🟠 HẠN CHẾ / GIẢM,OBV xấu + Xu hướng giảm + Giá lệch xu hướng,2026-08-02T22:42:16+07:00,-0.19,26722.46,30435.0,-12.2,-1.94,-6.07,3499400.0,5274554.0,1177200.0,1646860.0,,0.69,0.79,3.29,3.29,-33.6,-4.56,1,0,0,0,0,0,1,,,,,,🔴,THEO DÕI,PULL XẤU,OBV gãy | RSI yếu | RSI chững | Giá dưới EMA9 | Slope âm | Pull xấu,🔴,,,,🔴 Yếu,,False
2026-07-31,C4G,⚠️ YẾU DẦN,3,5600.0,-1.75,-11.11,26.34,🟠 HẠN CHẾ / GIẢM,OBV xấu + Xu hướng giảm + Thiếu mẫu xác nhận,2026-08-02T22:42:16+07:00,10.36,5758.95,6115.0,-5.82,0.09,-2.76,14662300.0,15112684.0,185900.0,220915.0,,0.95,0.95,1.82,1.82,-17.65,-3.45,0,0,0,0,0,0,0,,,,,,🔴,THEO DÕI,PULL XẤU,OBV gãy | RSI yếu | Giá dưới EMA9 | Slope âm | Pull xấu,🔴,,,,🔴 Yếu,,False
2026-07-31,CII,⚠️ YẾU DẦN,3,13100.0,-3.68,-14.66,30.88,🟠 HẠN CHẾ / GIẢM,OBV xấu + Xu hướng giảm + Thiếu mẫu xác nhận,2026-08-02T22:42:16+07:00,4.93,13582.63,14869.95,-8.66,1.02,-3.55,575534904.0,578815533.0,5923000.0,8712895.0,,0.88,1.0,3.56,3.56,-25.99,-3.32,1,0,0,0,0,0,1,,,,,,🔴,THEO DÕI,PULL XẤU,OBV gãy | RSI yếu | Giá dưới EMA9 | Slope âm | Pull xấu,🔴,,,,🔴 Yếu,,True
2026-07-31,CSV,⚠️ YẾU DẦN,3,21200.0,-1.4,-10.92,41.31,🟠 HẠN CHẾ / GIẢM,OBV xấu + Xu hướng giảm + Thiếu mẫu xác nhận,2026-08-02T22:42:16+07:00,5.39,21338.22,22187.5,-3.83,0.07,-0.65,-4146400.0,-3952449.0,350400.0,420595.0,,0.92,1.05,6.0,6.0,-15.54,-1.4,0,0,0,0,0,0,0,,,,,,🔴,THEO DÕI,PULL XẤU,OBV gãy | RSI yếu | Giá dưới EMA9 | Slope âm | Pull xấu,🔴,,,,🔴 Yếu,,True
2026-07-31,DDV,⚠️ YẾU DẦN,3,18100.0,-3.72,-15.02,22.62,🟠 HẠN CHẾ / GIẢM,OBV xấu + Xu hướng giảm + RSI yếu,2026-08-02T22:42:16+07:00,5.4,18735.31,20185.0,-7.18,0.16,-3.39,56040600.0,56568204.0,163400.0,344750.0,,0.79,0.91,1.12,1.12,-20.96,-3.21,1,0,0,0,0,0,1,,,,,,🔴,THEO DÕI,PULL XẤU,OBV gãy | RSI yếu | Giá dưới EMA9 | Slope âm | Pull xấu,🔴,,,,🔴 Yếu,,False
2026-07-31,DIG,⚠️ YẾU DẦN,3,10050.0,-2.43,-16.6,30.63,🟠 HẠN CHẾ / GIẢM,OBV xấu + Xu hướng giảm + Thiếu mẫu xác nhận,2026-08-02T22:42:16+07:00,3.04,10436.54,11327.5,-7.87,0.08,-3.7,166803800.0,168723155.0,10967400.0,9657070.0,,1.3,1.23,3.72,3.72,-21.48,-3.37,0,0,0,0,0,0,0,,,,,,🔴,THEO DÕI,PULL XẤU,OBV gãy | RSI yếu | Giá dưới EMA9 | Slope âm | Pull xấu,🔴,,,,🔴 Yếu,,True
2026-07-31,DXG,⚠️ YẾU DẦN,3,10300.0,1.98,-15.57,30.63,🟠 HẠN CHẾ / GIẢM,OBV xấu + Xu hướng giảm + Thiếu mẫu xác nhận,2026-08-02T22:42:16+07:00,5.23,10604.49,11323.5,-6.35,0.73,-2.87,547409204.0,548617715.0,7712700.0,10504655.0,,1.13,1.19,3.31,3.31,-17.27,-3.74,2,0,0,0,0,1,1,,,,,,🔴,TÍCH LŨY,PULL XẤU,OBV gãy | RSI yếu | Giá dưới EMA9 | Slope âm | Pull xấu,🔴,,,,🔴 Yếu,,True
2026-07-31,DXS,⚠️ YẾU DẦN,3,5750.0,-2.04,-14.18,30.71,🟠 HẠN CHẾ / GIẢM,OBV xấu + Xu hướng giảm + Thiếu mẫu xác nhận,2026-08-02T22:42:16+07:00,7.37,5926.9,6410.5,-7.54,1.0,-2.98,44620100.0,45506603.0,2163000.0,1593415.0,,0.95,1.09,2.5,2.5,-20.36,-4.17,-2,0,0,0,0,0,-2,,,,,,🔴,THEO DÕI,PULL XẤU,OBV gãy | RSI yếu | Giá dưới EMA9 | Slope âm | Pull xấu,🔴,,,,🔴 Yếu,,True
2026-07-31,EIB,⚠️ YẾU DẦN,3,17800.0,1.71,-6.32,37.99,🟠 HẠN CHẾ / GIẢM,OBV xấu + Vol chưa xác nhận + Xu hướng giảm,2026-08-02T22:42:16+07:00,6.99,17771.72,18567.5,-4.29,2.17,0.16,163218950.0,177171610.0,17024450.0,7138132.0,,0.95,1.16,7.88,7.88,-15.24,-0.56,0,1,0,0,0,1,-2,,,,,,🔴,THEO DÕI,PULL XẤU,OBV gãy | RSI yếu | Slope âm | Pull xấu,🔴,,,,🔴 Yếu,,True
2026-07-31,FCN,⚠️ YẾU DẦN,3,10650.0,-1.39,-4.91,36.1,🟠 HẠN CHẾ / GIẢM,OBV xấu + Xu hướng giảm + Thiếu mẫu xác nhận,2026-08-02T22:42:16+07:00,9.04,10713.43,11040.0,-2.96,0.95,-0.59,35896000.0,35959577.0,222000.0,359005.0,,1.36,1.13,2.4,2.4,-12.35,-0.47,1,0,0,0,0,0,1,,,,,,🔴,THEO DÕI,PULL XẤU,OBV gãy | RSI yếu | Giá dưới EMA9 | Slope âm | Pull xấu,🔴,,,,🔴 Yếu,,True
2026-07-31,FTS,⚠️ YẾU DẦN,3,21400.0,-0.93,-11.57,37.67,🟠 HẠN CHẾ / GIẢM,OBV xấu + Xu hướng giảm + Thiếu mẫu xác nhận,2026-08-02T22:42:16+07:00,5.94,21874.33,23990.0,-8.82,1.41,-2.17,16048200.0,17258852.0,1072000.0,1682220.0,,0.78,0.83,6.47,6.47,-24.91,1.66,0,0,0,0,0,0,0,,,,,,🔴,THEO DÕI,PULL XẤU,OBV gãy | RSI yếu | Giá dưới EMA9 | Slope âm | Pull xấu,🔴,,,,🔴 Yếu,,True
2026-07-31,GEE,⚠️ YẾU DẦN,3,66800.0,-1.62,-17.84,32.56,🟠 HẠN CHẾ / GIẢM,OBV xấu + Xu hướng giảm + Thiếu mẫu xác nhận,2026-08-02T22:42:16+07:00,7.15,68170.0,74880.0,-8.96,1.51,-2.01,88800200.0,89312554.0,980300.0,1263625.0,,0.8,0.94,5.2,5.2,-25.78,-1.04,1,0,0,0,0,0,1,,,,,,🔴,THEO DÕI,PULL XẤU,OBV gãy | RSI yếu | Giá dưới EMA9 | Slope âm | Pull xấu,🔴,,,,🔴 Yếu,,True
2026-07-31,GIL,⚠️ YẾU DẦN,3,6660.0,-3.34,-15.05,12.46,🟠 HẠN CHẾ / GIẢM,OBV xấu + Giá lệch xu hướng + RSI yếu,2026-08-02T22:42:16+07:00,2.93,7024.56,8444.0,-16.81,3.0,-5.19,-5751100.0,-5301227.0,227100.0,371245.0,,0.5,0.9,1.68,1.68,-43.8,-3.9,1,0,0,0,0,0,1,,,,,,🔴,THEO DÕI,PULL XẤU,OBV gãy | RSI yếu | Giá dưới EMA9 | Slope âm | Pull xấu,🔴,,,,🔴 Yếu,,True
2026-07-31,HCM,⚠️ YẾU DẦN,3,25000.0,-2.34,-1.57,52.16,🟠 HẠN CHẾ / GIẢM,OBV xấu + Vol chưa xác nhận + Thiếu mẫu xác nhận,2026-08-02T22:42:16+07:00,-3.99,25246.9,24824.5,1.7,-0.25,-0.98,545308986.0,551404654.0,13607814.0,6352186.0,,0.68,0.97,7.39,8.79,-4.94,-2.72,-1,0,0,0,1,0,-2,,,,,,🔴,THEO DÕI,PULL XẤU,OBV gãy | RSI yếu | RSI chững | Giá dưới EMA9 | Pull xấu,🔴,,,,🟡 Ổn định,,True
2026-07-31,HDB,⚠️ YẾU DẦN,3,25200.0,-2.51,-7.52,39.56,🟠 HẠN CHẾ / GIẢM,OBV xấu + Xu hướng giảm + Thiếu mẫu xác nhận,2026-08-02T22:42:16+07:00,3.47,25711.3,26460.0,-2.83,-0.28,-1.99,911699569.0,918853864.0,12552731.0,12047862.0,,0.82,0.97,0.4,1.2,-9.35,-1.95,0,0,0,0,0,0,0,,,,,,🔴,THEO DÕI,PULL XẤU,OBV gãy | RSI yếu | Giá dưới EMA9 | Slope âm | Pull xấu,🔴,,,,🔴 Yếu,,True
2026-07-31,HDC,⚠️ YẾU DẦN,3,11400.0,-2.56,-13.64,26.96,🟠 HẠN CHẾ / GIẢM,OBV xấu + Xu hướng giảm + Thiếu mẫu xác nhận,2026-08-02T22:42:16+07:00,7.19,11767.01,12987.5,-9.4,1.05,-3.12,155156100.0,155876038.0,1423400.0,1358475.0,,1.16,1.22,4.59,4.59,-24.5,-1.72,0,0,0,0,0,0,0,,,,,,🔴,THEO DÕI,PULL XẤU,OBV gãy | RSI yếu | Giá dưới EMA9 | Slope âm | Pull xấu,🔴,,,,🔴 Yếu,,True
2026-07-31,HDG,⚠️ YẾU DẦN,3,16149.0,-0.93,-9.28,29.66,🟠 HẠN CHẾ / GIẢM,OBV xấu + Xu hướng giảm + Thiếu mẫu xác nhận,2026-08-02T22:42:16+07:00,5.04,16477.14,17494.95,-5.82,2.01,-1.99,16161500.0,19099579.0,1334000.0,2083980.0,,0.68,0.74,4.19,4.19,-22.17,-3.01,1,0,0,0,0,0,1,,,,,,🔴,THEO DÕI,PULL XẤU,OBV gãy | RSI yếu | Giá dưới EMA9 | Slope âm | Pull xấu,🔴,,,,🔴 Yếu,,True
2026-07-31,HHS,⚠️ YẾU DẦN,3,9520.0,-3.64,-9.33,35.86,🟠 HẠN CHẾ / GIẢM,OBV xấu + Xu hướng giảm + Thiếu mẫu xác nhận,2026-08-02T22:42:16+07:00,3.1,9773.87,10270.0,-4.83,0.43,-2.6,157831600.0,158331514.0,828200.0,1066875.0,,0.74,0.93,1.28,1.28,-15.38,-2.96,1,0,0,0,0,0,1,,,,,,🔴,THEO DÕI,PULL XẤU,OBV gãy | RSI yếu | Giá dưới EMA9 | Slope âm | Pull xấu,🔴,,,,🔴 Yếu,,True
2026-07-31,HUT,⚠️ YẾU DẦN,3,14800.0,-0.67,-2.63,27.15,🟠 HẠN CHẾ / GIẢM,OBV xấu + Vol chưa xác nhận + RSI yếu,2026-08-02T22:42:16+07:00,0.0,14886.27,15060.0,-1.15,-0.05,-0.58,39383000.0,41035476.0,5375100.0,2218835.0,,1.43,1.33,0.0,0.0,-3.27,0.0,0,0,0,0,0,0,0,,,,,,🔴,THEO DÕI,PULL XẤU,OBV gãy | RSI yếu | Giá dưới EMA9 | Slope âm | Pull xấu,🔴,,,,🔴 Yếu,,False
2026-07-31,HVN,⚠️ YẾU DẦN,3,21500.0,1.42,-9.66,37.79,🟠 HẠN CHẾ / GIẢM,OBV xấu + Xu hướng giảm + Thiếu mẫu xác nhận,2026-08-02T22:42:16+07:00,-1.37,21969.25,23447.5,-6.3,0.18,-2.14,974300.0,2225637.0,922200.0,1329465.0,,0.52,0.65,1.42,2.63,-18.87,-1.83,2,0,0,0,0,1,1,,,,,,🔴,TÍCH LŨY,PULL XẤU,OBV gãy | RSI yếu | RSI chững | Giá dưới EMA9 | Slope âm | Pull xấu,🔴,,,,🔴 Yếu,,True
2026-07-31,IJC,⚠️ YẾU DẦN,3,7180.0,1.84,-8.65,29.92,🟠 HẠN CHẾ / GIẢM,OBV xấu + Vol chưa xác nhận + Xu hướng giảm,2026-08-02T22:42:16+07:00,8.39,7224.39,7730.5,-6.55,2.45,-0.61,-38826647.0,-36931515.0,3637447.0,2003287.0,,1.2,1.21,7.32,7.32,-21.01,-0.28,-1,0,0,0,0,1,-2,,,,,,🔴,THEO DÕI,PULL XẤU,OBV gãy | RSI yếu | Giá dưới EMA9 | Slope âm | Pull xấu,🔴,,,,🔴 Yếu,,True
2026-07-31,KBC,⚠️ YẾU DẦN,3,27800.0,-0.18,-0.89,41.57,🟠 HẠN CHẾ / GIẢM,OBV xấu + Vol chưa xác nhận + Thiếu mẫu xác nhận,2026-08-02T22:42:16+07:00,0.79,27832.7,28042.5,-0.75,1.07,-0.12,228024513.0,229553922.0,3474287.0,1426209.0,,0.87,1.08,3.73,3.73,-5.76,-0.71,-2,0,0,0,0,0,-2,,,,,,🔴,THEO DÕI,PULL XẤU,OBV gãy | RSI yếu | Giá dưới EMA9 | Slope âm | Pull xấu,🔴,,,,🔴 Yếu,,True
2026-07-31,KDH,⚠️ YẾU DẦN,3,17450.0,0.29,-5.42,30.66,🟠 HẠN CHẾ / GIẢM,OBV xấu + Xu hướng giảm + Thiếu mẫu xác nhận,2026-08-02T22:42:16+07:00,8.04,17579.57,18720.0,-6.09,1.93,-0.74,-28888000.0,-28294154.0,4566800.0,4955760.0,,1.04,1.18,6.4,6.4,-19.77,-0.85,0,0,0,0,0,0,0,,,,,,🔴,THEO DÕI,PULL XẤU,OBV gãy | RSI yếu | Giá dưới EMA9 | Slope âm | Pull xấu,🔴,,,,🔴 Yếu,,True
2026-07-31,LAS,⚠️ YẾU DẦN,3,11600.0,-1.69,-13.43,24.65,🟠 HẠN CHẾ / GIẢM,OBV xấu + Xu hướng giảm + Thiếu mẫu xác nhận,2026-08-02T22:42:16+07:00,4.7,11877.15,12745.0,-6.81,0.71,-2.33,-20061700.0,-19909195.0,81000.0,190020.0,,0.75,1.03,0.87,0.87,-18.88,-1.69,1,0,0,0,0,0,1,,,,,,🔴,THEO DÕI,PULL XẤU,OBV gãy | RSI yếu | Giá dưới EMA9 | Slope âm | Pull xấu,🔴,,,,🔴 Yếu,,False
2026-07-31,LPB,⚠️ YẾU DẦN,3,51800.0,-1.15,-2.08,47.48,🟠 HẠN CHẾ / GIẢM,OBV xấu + Thiếu mẫu xác nhận,2026-08-02T22:42:16+07:00,-7.27,52799.77,52810.0,-0.02,-1.03,-1.89,166549289.0,170798506.0,4051211.0,3116671.0,,1.16,1.37,0.97,13.85,-7.5,-0.58,-2,0,0,0,0,0,-2,,,,,,🔴,THEO DÕI,PULL XẤU,OBV gãy | RSI yếu | RSI chững | Giá dưới EMA9 | Slope âm | Pull xấu,🔴,,,,🔴 Yếu,,True
2026-07-31,MBS,⚠️ YẾU DẦN,3,18000.0,-3.23,-9.55,39.5,🟠 HẠN CHẾ / GIẢM,OBV xấu + Xu hướng giảm + Thiếu mẫu xác nhận,2026-08-02T22:42:16+07:00,3.42,18422.39,19735.0,-6.65,0.17,-2.29,-44747900.0,-42982986.0,5252900.0,9992890.0,,0.6,0.69,3.45,3.45,-20.7,-2.17,1,0,0,0,0,0,1,,,,,,🔴,THEO DÕI,PULL XẤU,OBV gãy | RSI yếu | Giá dưới EMA9 | Slope âm | Pull xấu,🔴,,,,🔴 Yếu,,False
2026-07-31,NAB,⚠️ YẾU DẦN,3,12150.0,-2.8,-5.81,40.4,🟠 HẠN CHẾ / GIẢM,OBV xấu + Xu hướng giảm + Thiếu mẫu xác nhận,2026-08-02T22:42:16+07:00,3.5,12320.23,12720.0,-3.14,-0.35,-1.38,57984541.0,61743646.0,4231659.0,2583973.0,,0.78,0.84,2.53,3.85,-10.0,-1.22,-2,0,0,0,0,0,-2,,,,,,🔴,THEO DÕI,PULL XẤU,OBV gãy | RSI yếu | Giá dưới EMA9 | Slope âm | Pull xấu,🔴,,,,🔴 Yếu,,True
2026-07-31,NHA,⚠️ YẾU DẦN,3,8000.0,-1.34,-10.91,31.04,🟠 HẠN CHẾ / GIẢM,OBV xấu + Xu hướng giảm + Thiếu mẫu xác nhận,2026-08-02T22:42:16+07:00,12.79,8137.26,8597.9,-5.36,1.3,-1.69,6837900.0,6847456.0,53900.0,100940.0,,0.86,0.88,5.26,5.26,-17.01,-2.31,1,0,0,0,0,0,1,,,,,,🔴,THEO DÕI,PULL XẤU,OBV gãy | RSI yếu | Giá dưới EMA9 | Slope âm | Pull xấu,🔴,,,,🔴 Yếu,,True
2026-07-31,NTL,⚠️ YẾU DẦN,3,13700.0,-4.53,-7.74,14.04,🟠 HẠN CHẾ / GIẢM,OBV xấu + RSI yếu + Xu hướng giảm,2026-08-02T22:42:16+07:00,-3.1,14073.54,14582.5,-3.49,-0.94,-2.65,70757800.0,71217112.0,290500.0,261835.0,,1.39,1.11,0.0,0.0,-9.87,-0.72,0,0,0,0,0,0,0,,,,,,🔴,THEO DÕI,PULL XẤU,OBV gãy | RSI yếu | RSI chững | Giá dưới EMA9 | Slope âm | Pull xấu,🔴,,,,🔴 Yếu,,True
2026-07-31,NTP,⚠️ YẾU DẦN,3,47900.0,-1.24,-2.44,39.69,🟠 HẠN CHẾ / GIẢM,OBV xấu + RSI yếu + Thiếu mẫu xác nhận,2026-08-02T22:42:16+07:00,-6.07,48365.54,48655.0,-0.59,0.47,-0.96,9905700.0,10128050.0,71300.0,59475.0,,1.59,1.27,0.63,0.63,-5.71,-1.24,0,0,0,0,0,0,0,,,,,,🔴,THEO DÕI,PULL XẤU,OBV gãy | RSI yếu | RSI chững | Giá dưới EMA9 | Slope âm | Pull xấu,🔴,,,,🔴 Yếu,,False
2026-07-31,OCB,⚠️ YẾU DẦN,3,10150.0,-0.49,-7.31,41.55,🟠 HẠN CHẾ / GIẢM,OBV xấu + Vol chưa xác nhận + Xu hướng giảm,2026-08-02T22:42:16+07:00,3.9,10260.78,10632.5,-3.5,0.97,-1.08,82867287.0,94007982.0,14947713.0,3325621.0,,0.62,0.84,1.5,6.06,-12.5,-2.4,-2,0,0,0,0,0,-2,,,,,,🔴,THEO DÕI,PULL XẤU,OBV gãy | RSI yếu | Giá dưới EMA9 | Slope âm | Pull xấu,🔴,,,,🔴 Yếu,,True
2026-07-31,OIL,⚠️ YẾU DẦN,3,13000.0,-2.26,-7.8,42.63,🟠 HẠN CHẾ / GIẢM,OBV xấu + Xu hướng giảm + Thiếu mẫu xác nhận,2026-08-02T22:42:16+07:00,1.12,13255.27,13510.0,-1.89,-0.43,-1.93,88850100.0,88856115.0,1189500.0,1827160.0,,0.46,0.63,2.36,2.36,-13.33,-2.99,1,0,0,0,0,0,1,,,,,,🔴,THEO DÕI,PULL XẤU,OBV gãy | RSI yếu | Giá dưới EMA9 | Slope âm | Pull xấu,🔴,,,,🔴 Yếu,,False
2026-07-31,PDR,⚠️ YẾU DẦN,3,11450.0,-4.18,-14.87,24.13,🟠 HẠN CHẾ / GIẢM,OBV xấu + Xu hướng giảm + Giá lệch xu hướng,2026-08-02T22:42:16+07:00,5.63,11922.6,12920.0,-7.72,0.87,-3.96,232448500.0,233418572.0,6216700.0,8048720.0,,0.98,1.04,2.69,2.69,-22.37,-3.38,1,0,0,0,0,0,1,,,,,,🔴,THEO DÕI,PULL XẤU,OBV gãy | RSI yếu | Giá dưới EMA9 | Slope âm | Pull xấu,🔴,,,,🔴 Yếu,,True
2026-07-31,PVB,⚠️ YẾU DẦN,3,21000.0,0.0,-8.3,33.4,🟠 HẠN CHẾ / GIẢM,OBV xấu + Xu hướng giảm + Thiếu mẫu xác nhận,2026-08-02T22:42:16+07:00,1.92,21336.54,22305.0,-4.34,1.28,-1.58,1263300.0,1266449.0,33600.0,64260.0,,0.79,1.02,1.94,1.94,-14.63,-0.94,1,0,0,0,0,0,1,,,,,,🔴,THEO DÕI,PULL XẤU,OBV gãy | RSI yếu | Giá dưới EMA9 | Slope âm | Pull xấu,🔴,,,,🔴 Yếu,,False
2026-07-31,PVC,⚠️ YẾU DẦN,3,11800.0,-2.48,-8.53,39.32,🟠 HẠN CHẾ / GIẢM,OBV xấu + Xu hướng giảm + Thiếu mẫu xác nhận,2026-08-02T22:42:16+07:00,6.55,11994.22,12440.0,-3.58,0.35,-1.62,60040100.0,60541515.0,638500.0,453450.0,,0.67,0.98,2.61,2.61,-15.11,-3.28,-2,0,0,0,0,0,-2,,,,,,🔴,THEO DÕI,PULL XẤU,OBV gãy | RSI yếu | Giá dưới EMA9 | Slope âm | Pull xấu,🔴,,,,🔴 Yếu,,False
2026-07-31,PVD,⚠️ YẾU DẦN,3,18150.0,-4.47,-7.16,44.5,🟠 HẠN CHẾ / GIẢM,OBV xấu + Vol chưa xác nhận + Xu hướng giảm,2026-08-02T22:42:16+07:00,-0.94,18574.62,18992.5,-2.2,0.38,-2.29,263619982.0,275298876.0,17174218.0,4544171.0,,0.58,0.85,3.71,3.71,-12.32,-3.46,-2,0,0,0,0,0,-2,,,,,,🔴,THEO DÕI,PULL XẤU,OBV gãy | RSI yếu | RSI chững | Giá dưới EMA9 | Slope âm | Pull xấu,🔴,,,,🔴 Yếu,,True
2026-07-31,SHB,⚠️ YẾU DẦN,3,11500.0,-2.54,-9.09,32.64,🟠 HẠN CHẾ / GIẢM,OBV xấu + Xu hướng giảm + Thiếu mẫu xác nhận,2026-08-02T22:42:16+07:00,10.48,11711.87,12320.0,-4.94,0.91,-1.81,1709048970.0,1790860619.0,53470190.0,54189324.0,,1.1,1.15,2.68,2.68,-16.67,-2.13,0,0,0,0,0,0,0,,,,,,🔴,THEO DÕI,PULL XẤU,OBV gãy | RSI yếu | Giá dưới EMA9 | Slope âm | Pull xấu,🔴,,,,🔴 Yếu,,True
2026-07-31,STB,⚠️ YẾU DẦN,3,71300.0,-2.99,-2.99,48.41,🟠 HẠN CHẾ / GIẢM,OBV xấu + Thiếu mẫu xác nhận,2026-08-02T22:42:16+07:00,-4.78,71856.73,71460.0,0.56,-0.3,-0.77,401183597.0,402886527.0,2858703.0,4087170.0,,0.76,1.17,4.09,7.87,-4.93,-0.28,2,0,0,0,1,0,1,,,,,,🔴,TÍCH LŨY,PULL XẤU,OBV gãy | RSI yếu | RSI chững | Giá dưới EMA9 | Pull xấu,🔴,,,,🟡 Ổn định,,True
2026-07-31,SZC,⚠️ YẾU DẦN,3,17650.0,-4.08,-12.62,25.41,🟠 HẠN CHẾ / GIẢM,OBV xấu + Xu hướng giảm + Thiếu mẫu xác nhận,2026-08-02T22:42:16+07:00,8.13,18176.26,19495.0,-6.76,0.97,-2.9,-22733900.0,-22376964.0,383900.0,362160.0,,1.04,1.0,2.92,2.92,-22.08,-2.49,0,0,0,0,0,0,0,,,,,,🔴,THEO DÕI,PULL XẤU,OBV gãy | RSI yếu | Giá dưới EMA9 | Slope âm | Pull xấu,🔴,,,,🔴 Yếu,,True
2026-07-31,TCH,⚠️ YẾU DẦN,3,11400.0,-2.56,-15.24,28.34,🟠 HẠN CHẾ / GIẢM,OBV xấu + Xu hướng giảm + Thiếu mẫu xác nhận,2026-08-02T22:42:16+07:00,5.48,11748.15,12757.5,-7.91,0.65,-2.96,144248400.0,148988088.0,4050300.0,4809890.0,,0.91,1.05,3.64,3.64,-22.45,-2.56,0,0,0,0,0,0,0,,,,,,🔴,THEO DÕI,PULL XẤU,OBV gãy | RSI yếu | Giá dưới EMA9 | Slope âm | Pull xấu,🔴,,,,🔴 Yếu,,True
2026-07-31,TPB,⚠️ YẾU DẦN,3,14100.0,-0.7,-7.24,32.6,🟠 HẠN CHẾ / GIẢM,OBV xấu + Xu hướng giảm + Thiếu mẫu xác nhận,2026-08-02T22:42:16+07:00,5.35,14320.66,14987.5,-4.45,1.48,-1.54,407793588.0,412256621.0,10522700.0,9435440.0,,0.84,1.01,1.44,1.44,-15.32,-2.76,0,0,0,0,0,0,0,,,,,,🔴,THEO DÕI,PULL XẤU,OBV gãy | RSI yếu | Giá dưới EMA9 | Slope âm | Pull xấu,🔴,,,,🔴 Yếu,,True
2026-07-31,TVN,⚠️ YẾU DẦN,3,8700.0,0.0,-13.86,36.15,🟠 HẠN CHẾ / GIẢM,OBV xấu + Xu hướng giảm + Thiếu mẫu xác nhận,2026-08-02T22:42:16+07:00,2.27,8892.85,9830.0,-9.53,1.53,-2.17,36213600.0,36463004.0,393300.0,527340.0,,0.54,0.81,4.82,4.82,-25.64,-1.14,1,0,0,0,0,0,1,,,,,,🔴,THEO DÕI,PULL XẤU,OBV gãy | RSI yếu | Giá dưới EMA9 | Slope âm | Pull xấu,🔴,,,,🔴 Yếu,,False
2026-07-31,TVS,⚠️ YẾU DẦN,3,13400.0,-4.29,-10.07,41.1,🟠 HẠN CHẾ / GIẢM,OBV xấu + Xu hướng giảm + Vol chưa xác nhận,2026-08-02T22:42:16+07:00,-0.29,13811.75,14449.95,-4.42,-0.43,-2.98,4992300.0,5064963.0,80700.0,314580.0,,0.3,0.53,1.9,4.69,-18.54,-3.6,1,0,0,0,0,0,1,,,,,,🔴,THEO DÕI,PULL XẤU,OBV gãy | RSI yếu | RSI chững | Giá dưới EMA9 | Slope âm | Pull xấu,🔴,,,,🔴 Yếu,,True
2026-07-31,VCG,⚠️ YẾU DẦN,3,15500.0,-0.32,-7.74,34.55,🟠 HẠN CHẾ / GIẢM,OBV xấu + Xu hướng giảm + Thiếu mẫu xác nhận,2026-08-02T22:42:16+07:00,6.8,15691.44,16644.5,-5.73,1.25,-1.22,229905200.0,233623366.0,2114400.0,3651555.0,,0.73,0.98,2.65,2.65,-17.73,-1.9,1,0,0,0,0,0,1,,,,,,🔴,THEO DÕI,PULL XẤU,OBV gãy | RSI yếu | Giá dưới EMA9 | Slope âm | Pull xấu,🔴,,,,🔴 Yếu,,True
2026-07-31,VDS,⚠️ YẾU DẦN,3,11800.0,-1.67,-10.61,36.38,🟠 HẠN CHẾ / GIẢM,OBV xấu + Xu hướng giảm + Thiếu mẫu xác nhận,2026-08-02T22:42:16+07:00,6.87,12131.43,13460.0,-9.87,1.27,-2.73,48868500.0,49246848.0,772300.0,1806735.0,,0.49,0.59,5.36,5.36,-28.92,-3.67,1,0,0,0,0,0,1,,,,,,🔴,THEO DÕI,PULL XẤU,OBV gãy | RSI yếu | Giá dưới EMA9 | Slope âm | Pull xấu,🔴,,,,🔴 Yếu,,True
2026-07-31,VGS,⚠️ YẾU DẦN,3,17700.0,0.57,-9.69,29.41,🟠 HẠN CHẾ / GIẢM,OBV xấu + Xu hướng giảm + Thiếu mẫu xác nhận,2026-08-02T22:42:16+07:00,8.28,17904.83,19140.0,-6.45,1.46,-1.14,4595900.0,4669696.0,114200.0,129275.0,,0.85,0.93,4.12,4.12,-17.29,-1.67,0,0,0,0,0,0,0,,,,,,🔴,THEO DÕI,PULL XẤU,OBV gãy | RSI yếu | Giá dưới EMA9 | Slope âm | Pull xấu,🔴,,,,🔴 Yếu,,False
2026-07-31,VHC,⚠️ YẾU DẦN,3,52600.0,-2.41,-8.04,32.97,🟠 HẠN CHẾ / GIẢM,OBV xấu + Xu hướng giảm + RSI yếu,2026-08-02T22:42:16+07:00,-2.24,53952.81,55630.0,-3.01,0.55,-2.51,359100.0,629672.0,248700.0,219280.0,,0.57,0.95,0.0,0.0,-12.91,-3.49,0,0,0,0,0,0,0,,,,,,🔴,THEO DÕI,PULL XẤU,OBV gãy | RSI yếu | RSI chững | Giá dưới EMA9 | Slope âm | Pull xấu,🔴,,,,🔴 Yếu,,True
2026-07-31,PNJ,⛔ RẤT YẾU,4,31000.0,0.81,-27.91,21.19,🔴 TRÁNH / BÁN,OBV xấu + Giá lệch xu hướng + RSI yếu,2026-08-02T22:42:16+07:00,-1.35,34283.98,40627.5,-15.61,3.33,-9.58,-83774900.0,-48375512.0,17734700.0,10656820.0,,1.77,1.2,0.81,0.81,-47.19,2.14,2,0,0,0,0,0,2,,,,,,🔴,TÍCH LŨY,PULL XẤU,OBV gãy | RSI yếu | RSI chững | Giá dưới EMA9 | Slope âm | Pull xấu,🔴,,,,🔴 Yếu,,True
2026-07-31,TCM,⛔ RẤT YẾU,4,16600.0,-4.05,-11.7,26.82,🔴 TRÁNH / BÁN,OBV xấu + Xu hướng giảm + RSI yếu,2026-08-02T22:42:16+07:00,0.16,17150.44,18425.0,-6.92,-0.01,-3.21,-9442800.0,-7159167.0,2260700.0,1299505.0,,1.22,1.23,1.84,1.84,-18.23,0.0,0,0,0,0,0,0,0,,,,,,🔴,THEO DÕI,PULL XẤU,OBV gãy | RSI yếu | Giá dưới EMA9 | Slope âm | Pull xấu,🔴,,,,🔴 Yếu,,True
2026-08-03,BID,🌱 ĐANG HỒI,0,38200.0,10.09,3.24,48.77,🟢 MUA / GIỮ,OBV tốt + Vol xác nhận + RS mạnh,2026-08-04T11:28:46+07:00,21.66,37067.94,38006.5,-2.47,3.44,3.05,150530600.0,137900770.0,4506700.0,4044035.0,,1.21,1.18,10.09,10.09,-9.39,-0.26,4,1,0,2,0,1,0,,,,,,🟢,MUA EARLY,PULL XẤU,RSI yếu | Slope âm | Pull xấu,🟡,,,,🔴 Yếu,,True
2026-08-03,BMP,🌱 ĐANG HỒI,0,149900.0,0.94,-3.23,51.33,🟢 MUA / GIỮ,OBV tốt + RSI cải thiện + Vị trí giá tốt,2026-08-04T11:28:46+07:00,3.42,150123.74,150005.0,0.08,0.46,-0.15,2346200.0,2269274.0,90200.0,155140.0,,0.66,1.03,3.02,13.65,-3.91,-2.03,3,0,0,1,1,0,1,,,,,,🟢,MUA EARLY,PULL XẤU,RSI yếu | Giá dưới EMA9 | Pull xấu,🟡,,,,🟡 Ổn định,,True
2026-08-03,BVH,🌱 ĐANG HỒI,0,63500.0,10.43,9.29,59.34,🟢 MUA / GIỮ,OBV tốt + RSI cải thiện + RS mạnh,2026-08-04T11:28:46+07:00,14.79,59851.42,59005.0,1.43,3.15,6.1,16498200.0,15798518.0,937000.0,391925.0,,1.02,0.86,12.19,12.19,0.32,3.76,10,2,1,2,1,2,2,,,,,,🟢,CP MẠNH,PULL XẤU,Pull xấu,🟡,,,,🟡 Ổn định,,True
2026-08-03,CMG,🌱 ĐANG HỒI,0,25550.0,8.26,2.0,50.2,🟢 MUA / GIỮ,OBV tốt + Vol xác nhận + RSI cải thiện,2026-08-04T11:28:46+07:00,19.6,24631.07,25352.5,-2.85,1.94,3.73,-7223100.0,-7832458.0,222300.0,206130.0,,1.2,1.14,8.26,8.26,-7.43,2.61,5,1,0,2,0,1,1,,,,,,🟢,MUA EARLY,PULL XẤU,RSI yếu | Slope âm | Pull xấu,🟡,,,,🔴 Yếu,,True
2026-08-03,CSV,🌱 ĐANG HỒI,0,21850.0,9.25,-2.89,46.45,🟢 MUA / GIỮ,OBV tốt + Vol xác nhận + Vị trí giá tốt,2026-08-04T11:28:46+07:00,12.46,21440.58,22150.0,-3.2,1.2,1.91,-3783700.0,-3918699.0,362700.0,411100.0,,0.97,1.01,9.25,9.25,-12.95,2.1,5,1,0,2,0,1,1,,,,,,🟢,MUA EARLY,PULL XẤU,RSI yếu | Slope âm | Pull xấu,🟡,,,,🔴 Yếu,,True
2026-08-03,CTD,🌱 ĐANG HỒI,0,62500.0,13.22,5.75,46.88,🟢 MUA / GIỮ,OBV tốt + Vol xác nhận + RS mạnh,2026-08-04T11:28:46+07:00,18.82,59821.86,62520.0,-4.32,4.29,4.48,10847600.0,9743412.0,502300.0,515370.0,,0.93,0.92,13.43,13.43,-13.67,3.14,6,1,0,2,0,2,1,,,,,,🟢,MUA EARLY,PULL XẤU,RSI yếu | Slope âm | Pull xấu,🟡,,✅ EARLY GREEN2,,🔴 Yếu,,True
2026-08-03,CTG,🌱 ĐANG HỒI,0,31800.0,10.61,4.85,54.31,🟢 MUA / GIỮ,OBV tốt + RSI cải thiện + RS mạnh,2026-08-04T11:28:46+07:00,27.5,30418.76,31092.5,-2.17,3.35,4.54,371362700.0,349658972.0,11302600.0,9179580.0,,1.03,1.08,10.61,10.61,-7.07,1.92,6,1,0,2,0,1,2,,,,,,🟢,MUA EARLY,PULL XẤU,RSI yếu | Slope âm | Pull xấu,🟡,,,,🔴 Yếu,,True
2026-08-03,CTR,🌱 ĐANG HỒI,0,74400.0,9.41,8.45,58.86,🟢 MUA / GIỮ,OBV tốt + RSI cải thiện + RS mạnh,2026-08-04T11:28:46+07:00,19.16,70969.69,71018.5,-0.07,2.77,4.83,-8677200.0,-9323310.0,455100.0,260145.0,,1.02,1.08,12.05,12.05,-1.6,3.48,8,1,1,2,0,2,2,,,,,,🟢,MUA EARLY,PULL XẤU,Slope âm | Pull xấu,🟡,🟢 GREEN 2,,,🔴 Yếu,,True
2026-08-03,DBC,🌱 ĐANG HỒI,0,16900.0,7.64,4.0,47.13,🟢 MUA / GIỮ,OBV tốt + Vol xác nhận + RSI cải thiện,2026-08-04T11:28:46+07:00,14.07,16441.17,16794.95,-2.11,2.42,2.79,4547900.0,2334580.0,2373700.0,2184115.0,,0.85,1.08,7.64,7.64,-8.89,5.62,5,1,0,2,0,1,1,,,,,,🟢,MUA EARLY,PULL XẤU,RSI yếu | Slope âm | Pull xấu,🟡,,,,🔴 Yếu,,True
2026-08-03,DCM,🌱 ĐANG HỒI,0,31100.0,7.24,2.81,45.11,🟢 MUA / GIỮ,OBV tốt + Vol xác nhận + Vị trí giá tốt,2026-08-04T11:28:46+07:00,3.38,30695.02,31448.95,-2.4,1.94,1.32,63866100.0,62610323.0,2064100.0,2214980.0,,0.75,0.92,7.61,7.61,-10.73,1.3,5,1,0,2,0,1,1,,,,,,🟢,MUA EARLY,PULL XẤU,RSI yếu | Slope âm | Pull xấu,🟡,,,,🔴 Yếu,,True
2026-08-03,DGW,🌱 ĐANG HỒI,0,38300.0,15.54,8.96,55.66,🟢 MUA / GIỮ,OBV tốt + RSI cải thiện + RS mạnh,2026-08-04T11:28:46+07:00,15.33,36140.45,36707.5,-1.54,3.97,5.98,56007600.0,52934866.0,1457100.0,771415.0,,1.39,1.2,15.54,15.54,-5.32,3.79,8,1,1,2,0,2,2,,,,,,🟢,MUA EARLY,PULL XẤU,Slope âm | Pull xấu,🟡,,,,🔴 Yếu,,True
2026-08-03,DPM,🌱 ĐANG HỒI,0,22200.0,6.58,3.3,54.38,🟢 MUA / GIỮ,OBV tốt + RSI cải thiện + Vol xác nhận,2026-08-04T11:28:46+07:00,6.73,21705.92,21733.0,-0.12,1.13,2.28,79827500.0,73137863.0,3320500.0,3517360.0,,0.71,0.81,7.51,7.51,-3.44,1.37,5,1,0,2,0,1,1,,,,,,🟢,MUA EARLY,PULL XẤU,RSI yếu | Slope âm | Pull xấu,🟡,,,,🔴 Yếu,,True
2026-08-03,EIB,🌱 ĐANG HỒI,0,18200.0,5.81,1.96,43.33,🟢 MUA / GIỮ,OBV tốt + Vol xác nhận + Vị trí giá tốt,2026-08-04T11:28:46+07:00,11.6,17857.37,18477.5,-3.36,2.63,1.92,180373900.0,179538028.0,6367700.0,6516590.0,,0.83,1.2,10.3,10.3,-12.71,1.68,5,1,0,2,0,1,1,,,,,,🟢,MUA EARLY,PULL XẤU,RSI yếu | Slope âm | Pull xấu,🟡,,,,🔴 Yếu,,True
2026-08-03,EVF,🌱 ĐANG HỒI,0,12400.0,3.33,3.33,46.58,🟢 MUA / GIỮ,OBV tốt + Vol xác nhận + Vị trí giá tốt,2026-08-04T11:28:46+07:00,10.09,12274.18,12460.0,-1.49,1.26,1.03,150905001.0,149910450.0,2446701.0,2048115.0,,0.59,0.89,5.08,5.08,-6.77,1.64,5,1,0,2,0,1,1,,,,,,🟢,MUA EARLY,PULL XẤU,RSI yếu | Slope âm | Pull xấu,🟡,,,,🔴 Yếu,,True
2026-08-03,FOX,🌱 ĐANG HỒI,0,66500.0,9.02,2.31,45.81,🟢 MUA / GIỮ,OBV tốt + Vol xác nhận + RS mạnh,2026-08-04T11:28:46+07:00,22.11,64184.33,65985.0,-2.73,3.16,3.61,5471400.0,5458346.0,113400.0,94350.0,,0.79,0.77,9.02,9.02,-10.86,4.07,6,1,0,2,0,1,2,,,,,,🟢,MUA EARLY,PULL XẤU,RSI yếu | Slope âm | Pull xấu,🟡,,,,🔴 Yếu,,False
2026-08-03,FPT,🌱 ĐANG HỒI,0,71900.0,15.59,7.15,61.69,🟢 MUA / GIỮ,OBV tốt + RS mạnh + RSI cải thiện,2026-08-04T11:28:46+07:00,23.11,66912.58,67549.9,-0.94,3.83,7.45,-407287600.0,-428446721.0,16279100.0,7972030.0,,0.77,0.87,15.59,15.59,-2.84,6.68,8,1,1,2,0,2,2,,,,,,🟢,MUA EARLY,PULL XẤU,Slope âm | Pull xấu,🟡,,,,🔴 Yếu,,True
2026-08-03,FRT,🌱 ĐANG HỒI,0,135200.0,25.42,23.02,74.98,🟢 MUA / GIỮ,OBV tốt + Xu hướng lên + RS mạnh,2026-08-04T11:28:46+07:00,37.95,117725.79,113430.0,3.79,6.8,14.84,881300.0,-1155527.0,1302200.0,390265.0,,1.61,1.45,28.76,28.76,8.68,7.3,12,2,2,2,2,2,2,,,,,,🟢,GÀ TĂNG TỐC,PULL XẤU,Pull xấu,🟡,,,,🟢 Tăng tốc,,True
2026-08-03,GEX,🌱 ĐANG HỒI,0,23350.0,15.02,0.43,42.77,🟢 MUA / GIỮ,OBV tốt + RS mạnh + Vol xác nhận,2026-08-04T11:28:46+07:00,15.7,22407.32,24017.5,-6.7,5.41,4.21,550823800.0,524572538.0,17154800.0,13255490.0,,1.04,1.09,15.02,15.02,-24.19,2.19,6,1,0,2,0,1,2,,,,,,🟢,MUA EARLY,PULL XẤU,RSI yếu | Slope âm | Pull xấu,🟡,,,,🔴 Yếu,,True
2026-08-03,GMD,🌱 ĐANG HỒI,0,76700.0,6.09,0.92,55.06,🟢 MUA / GIỮ,OBV tốt + RSI cải thiện + Vị trí giá tốt,2026-08-04T11:28:46+07:00,9.17,75262.56,75470.0,-0.27,1.76,1.91,101692200.0,100022295.0,1094000.0,1528475.0,,0.76,0.97,6.53,6.53,-3.28,0.39,4,1,1,1,0,1,0,,,,,,🟢,PULL VỪA,PULL VỪA,Slope âm,🟡,,,,🔴 Yếu,,True
2026-08-03,GVR,🌱 ĐANG HỒI,0,28200.0,8.46,1.08,41.71,🟢 MUA / GIỮ,OBV tốt + Vol xác nhận + RS mạnh,2026-08-04T11:28:46+07:00,13.12,27550.83,28657.5,-3.86,2.98,2.36,242239000.0,242138635.0,1804000.0,1469470.0,,1.04,1.06,8.46,8.46,-13.63,1.81,6,1,0,2,0,1,2,,,,,,🟢,MUA EARLY,PULL XẤU,RSI yếu | Slope âm | Pull xấu,🟡,,,,🔴 Yếu,,True
2026-08-03,HAH,🌱 ĐANG HỒI,0,46000.0,4.55,2.45,42.65,🟢 MUA / GIỮ,OBV tốt + Vị trí giá tốt + Vol xác nhận,2026-08-04T11:28:46+07:00,19.73,45258.09,46428.5,-2.52,1.84,1.64,19399300.0,18818788.0,447100.0,511030.0,,0.78,0.9,4.78,4.78,-8.78,1.55,5,1,0,2,0,1,1,,,,,,🟢,MUA EARLY,PULL XẤU,RSI yếu | Slope âm | Pull xấu,🟡,,,,🔴 Yếu,,True
2026-08-03,HDB,🌱 ĐANG HỒI,0,26350.0,4.15,-1.86,52.45,🟢 MUA / GIỮ,OBV tốt + RSI cải thiện + Vị trí giá tốt,2026-08-04T11:28:46+07:00,10.69,25839.04,26417.5,-2.19,0.51,1.98,931984159.0,922070328.0,16594559.0,11823758.0,,0.86,1.0,4.98,5.82,-5.22,4.15,6,1,0,2,0,1,2,,,,,,🟢,MUA EARLY,PULL XẤU,RSI yếu | Slope âm | Pull xấu,🟡,,,,🔴 Yếu,,True
2026-08-03,HHV,🌱 ĐANG HỒI,0,10200.0,4.08,1.49,46.5,🟢 MUA / GIỮ,OBV tốt + Vị trí giá tốt + RSI cải thiện,2026-08-04T11:28:46+07:00,16.38,10036.55,10228.5,-1.88,1.36,1.63,169152600.0,166226856.0,3751100.0,2628065.0,,0.78,0.97,4.08,4.08,-6.42,2.41,6,1,0,2,0,1,2,,,,,,🟢,MUA EARLY,PULL XẤU,RSI yếu | Slope âm | Pull xấu,🟡,,,,🔴 Yếu,,True
2026-08-03,HPG,🌱 ĐANG HỒI,0,22150.0,8.85,7.52,51.13,🟢 MUA / GIỮ,OBV tốt + RSI cải thiện + Vị trí giá tốt,2026-08-04T11:28:46+07:00,7.03,21557.2,21807.5,-1.15,2.45,2.75,404397524.0,354580376.0,44448000.0,26332150.0,,1.09,1.26,8.85,8.85,-6.14,2.07,7,1,0,2,0,2,2,,,,,,🟢,MUA EARLY,PULL XẤU,RSI yếu | Slope âm | Pull xấu,🟡,,,,🔴 Yếu,,True
2026-08-03,HSG,🌱 ĐANG HỒI,0,10850.0,7.96,1.88,45.51,🟢 MUA / GIỮ,OBV tốt + Vị trí giá tốt + RS mạnh,2026-08-04T11:28:46+07:00,5.57,10721.01,10980.0,-2.36,1.75,1.2,53892400.0,51793934.0,1757900.0,2964290.0,,0.76,0.86,7.96,7.96,-7.66,2.36,4,1,0,2,0,1,0,,,,,,🟢,MUA EARLY,PULL XẤU,RSI yếu | Slope âm | Pull xấu,🟡,,,,🔴 Yếu,,True
2026-08-03,HVN,🌱 ĐANG HỒI,0,23250.0,8.14,4.03,53.36,🟢 MUA / GIỮ,OBV tốt + RSI cải thiện + Vol xác nhận,2026-08-04T11:28:46+07:00,16.18,22225.4,23342.5,-4.79,1.86,4.61,2634400.0,2307390.0,1660100.0,1294855.0,,0.53,0.75,9.67,10.98,-12.26,5.68,6,1,0,2,0,1,2,,,,,,🟢,MUA EARLY,PULL XẤU,RSI yếu | Slope âm | Pull xấu,🟡,,,,🔴 Yếu,,True
2026-08-03,IDC,🌱 ĐANG HỒI,0,33300.0,5.71,3.42,46.79,🟢 MUA / GIỮ,OBV tốt + Vị trí giá tốt + RSI cải thiện,2026-08-04T11:28:46+07:00,9.48,32701.35,33097.0,-1.2,1.68,1.83,67660200.0,65755741.0,1688600.0,1164540.0,,0.76,0.99,5.71,5.71,-6.93,1.22,6,1,0,2,0,1,2,,,,,,🟢,MUA EARLY,PULL XẤU,RSI yếu | Slope âm | Pull xấu,🟡,,✅ EARLY GREEN2,,🔴 Yếu,,False
2026-08-03,IJC,🌱 ĐANG HỒI,0,7380.0,10.31,0.82,37.38,🟢 MUA / GIỮ,OBV tốt + Vol xác nhận + RS mạnh,2026-08-04T11:28:46+07:00,12.58,7255.51,7660.5,-5.29,3.11,1.72,-35378800.0,-36408580.0,2120400.0,1987105.0,,1.27,1.23,10.31,10.31,-17.54,2.5,5,1,0,2,0,1,1,,,,,,🟢,MUA EARLY,PULL XẤU,RSI yếu | Slope âm | Pull xấu,🟡,,,,🔴 Yếu,,True
2026-08-03,KBC,🌱 ĐANG HỒI,0,28250.0,1.99,4.63,47.86,🟢 MUA / GIỮ,OBV tốt + Vị trí giá tốt + Vol xác nhận,2026-08-04T11:28:46+07:00,5.67,27916.16,28025.0,-0.39,1.0,1.2,231944400.0,230411727.0,1546700.0,1288120.0,,0.94,1.12,5.41,5.41,-3.25,1.99,6,1,0,2,0,1,2,,,,,,🟢,MUA EARLY,PULL XẤU,RSI yếu | Slope âm | Pull xấu,🟡,,,,🔴 Yếu,,True
2026-08-03,KSB,🌱 ĐANG HỒI,0,13600.0,3.82,1.49,45.63,🟢 MUA / GIỮ,OBV tốt + Vị trí giá tốt + RSI cải thiện,2026-08-04T11:28:46+07:00,20.29,13361.67,13655.0,-2.15,1.56,1.78,30010800.0,29288926.0,880800.0,666890.0,,1.17,1.18,5.02,5.02,-7.48,3.03,6,1,0,2,0,1,2,,,,,,🟢,MUA EARLY,PULL XẤU,RSI yếu | Slope âm | Pull xấu,🟡,,,,🔴 Yếu,,True
2026-08-03,MBB,🌱 ĐANG HỒI,0,24150.0,11.55,5.92,59.26,🟢 MUA / GIỮ,OBV tốt + RSI cải thiện + RS mạnh,2026-08-04T11:28:46+07:00,27.1,22811.12,23335.5,-2.25,2.4,5.87,878384916.0,867615960.0,22735100.0,14543115.0,,0.9,1.05,11.55,11.55,-3.94,6.15,8,1,1,2,0,2,2,,,,,,🟢,MUA EARLY,PULL XẤU,Slope âm | Pull xấu,🟡,,,,🔴 Yếu,,True
2026-08-03,MML,🌱 ĐANG HỒI,0,28700.0,8.3,5.51,52.47,🟢 MUA / GIỮ,OBV tốt + Vị trí giá tốt + Vol xác nhận,2026-08-04T11:28:46+07:00,2.84,28111.56,28030.0,0.29,2.61,2.09,-1486700.0,-1572771.0,28000.0,22650.0,,1.7,1.16,8.3,8.3,-4.01,0.7,9,2,0,2,1,2,2,,,,,,🟢,MUA EARLY,PULL XẤU,RSI yếu | Pull xấu,🟡,,,,🟡 Ổn định,,False
2026-08-03,MSB,🌱 ĐANG HỒI,0,16150.0,2.22,0.01,57.99,🟢 MUA / GIỮ,OBV tốt + RSI cải thiện + Vị trí giá tốt,2026-08-04T11:28:46+07:00,7.2,15968.83,16034.9,-0.41,0.03,1.13,754938500.0,749421797.0,8618500.0,6960765.0,,0.76,1.01,2.54,20.52,-1.82,0.31,7,1,1,2,0,1,2,,,,,,🟢,PULL VỪA,PULL VỪA,Slope âm,🟡,🟢 GREEN 2,✅ EARLY GREEN2,,🔴 Yếu,,True
2026-08-03,MSN,🌱 ĐANG HỒI,0,68100.0,6.57,5.09,51.12,🟢 MUA / GIỮ,OBV tốt + RSI cải thiện + Vol xác nhận,2026-08-04T11:28:46+07:00,11.13,66459.38,66755.0,-0.44,2.25,2.47,104689100.0,99207854.0,4348300.0,4885385.0,,0.92,1.04,6.57,6.57,-5.15,2.41,6,1,0,2,0,2,1,,,,,,🟢,MUA EARLY,PULL XẤU,RSI yếu | Slope âm | Pull xấu,🟡,,,,🔴 Yếu,,True
2026-08-03,MSR,🌱 ĐANG HỒI,0,37300.0,6.88,6.88,54.74,🟢 MUA / GIỮ,OBV tốt + RSI cải thiện + Vol xác nhận,2026-08-04T11:28:46+07:00,8.65,35963.09,35585.0,1.06,3.3,3.72,12922900.0,10692553.0,849600.0,922765.0,,1.13,1.0,13.37,13.37,-5.09,1.36,8,2,0,2,1,2,1,,,,,,🟢,MUA EARLY,PULL XẤU,RSI yếu | Pull xấu,🟡,,✅ EARLY GREEN2,,🟡 Ổn định,,False
2026-08-03,MWG,🌱 ĐANG HỒI,0,71500.0,14.71,-3.44,48.06,🟢 MUA / GIỮ,OBV tốt + Vol xác nhận + RS mạnh,2026-08-04T11:28:46+07:00,12.93,69481.18,72152.5,-3.7,2.8,2.91,245954400.0,233893555.0,5091200.0,4929690.0,,1.31,1.4,14.71,14.71,-8.32,2.14,5,1,0,2,0,1,1,,,,,,🟢,MUA EARLY,PULL XẤU,RSI yếu | Slope âm | Pull xấu,🟡,,,,🔴 Yếu,,True
2026-08-03,NKG,🌱 ĐANG HỒI,0,11100.0,6.73,6.73,45.66,🟢 MUA / GIỮ,OBV tốt + Vị trí giá tốt + Vol xác nhận,2026-08-04T11:28:46+07:00,6.18,10919.63,11180.0,-2.33,2.33,1.65,276309900.0,273772374.0,2181300.0,1765750.0,,1.04,1.19,6.73,6.73,-9.76,1.83,7,1,0,2,0,2,2,,,,,,🟢,MUA EARLY,PULL XẤU,RSI yếu | Slope âm | Pull xấu,🟡,,,,🔴 Yếu,,True
2026-08-03,NVL,🌱 ĐANG HỒI,0,13100.0,3.15,5.22,56.35,🟢 MUA / GIỮ,OBV tốt + RSI cải thiện + Vị trí giá tốt,2026-08-04T11:28:46+07:00,4.29,12878.98,12620.0,2.05,0.42,1.72,620660704.0,592037224.0,20836200.0,14703745.0,,1.19,1.18,10.55,10.55,-2.96,1.55,11,2,1,2,2,2,2,,,,,,🟢,GÀ TĂNG TỐC,PULL VỪA,,🟢,,,,🟢 Tăng tốc,,True
2026-08-03,ORS,🌱 ĐANG HỒI,0,14100.0,10.16,5.22,56.22,🟢 MUA / GIỮ,OBV tốt + RSI cải thiện + RS mạnh,2026-08-04T11:28:46+07:00,4.83,13695.9,13717.5,-0.16,2.46,2.95,214186400.0,204558593.0,3957900.0,6005745.0,,0.88,0.79,10.16,11.46,-6.0,2.17,6,1,1,2,0,2,0,,,,,,🟢,MUA EARLY,PULL XẤU,Slope âm | Pull xấu,🟡,,,,🔴 Yếu,,True
2026-08-03,PET,🌱 ĐANG HỒI,0,38000.0,7.04,6.74,59.15,🟢 MUA / GIỮ,OBV tốt + RSI cải thiện + Vị trí giá tốt,2026-08-04T11:28:46+07:00,3.72,37051.67,36736.5,0.86,2.17,2.56,68962000.0,68886293.0,180500.0,378425.0,,0.66,0.86,9.2,18.49,-2.06,0.0,7,2,1,1,1,2,0,,,,,,🟢,MUA EARLY,PULL XẤU,Pull xấu,🟡,,,,🟡 Ổn định,,True
2026-08-03,PLC,🌱 ĐANG HỒI,0,19600.0,10.73,5.38,50.62,🟢 MUA / GIỮ,OBV tốt + RSI cải thiện + RS mạnh,2026-08-04T11:28:46+07:00,14.44,18882.28,19315.0,-2.24,3.18,3.8,18365300.0,18278396.0,97900.0,115100.0,,1.12,0.99,10.73,10.73,-13.27,2.62,6,1,0,2,0,2,1,,,,,,🟢,MUA EARLY,PULL XẤU,RSI yếu | Slope âm | Pull xấu,🟡,,,,🔴 Yếu,,False
2026-08-03,PLX,🌱 ĐANG HỒI,0,33450.0,5.62,1.03,47.73,🟢 MUA / GIỮ,OBV tốt + RSI cải thiện + Vol xác nhận,2026-08-04T11:28:46+07:00,13.05,32596.78,33249.0,-1.96,1.63,2.62,53161300.0,52673030.0,2576600.0,2046400.0,,0.83,0.88,6.12,6.12,-7.24,2.36,6,1,0,2,0,1,2,,,,,,🟢,MUA EARLY,PULL XẤU,RSI yếu | Slope âm | Pull xấu,🟡,,,,🔴 Yếu,,True
2026-08-03,POW,🌱 ĐANG HỒI,0,13850.0,4.92,2.21,50.86,🟢 MUA / GIỮ,OBV tốt + RSI cải thiện + Vị trí giá tốt,2026-08-04T11:28:46+07:00,10.57,13601.45,13785.0,-1.33,2.09,1.83,334810404.0,332140723.0,6454800.0,8161625.0,,0.81,0.89,4.92,4.92,-8.58,0.0,4,1,0,2,0,1,0,,,,,,🟢,MUA EARLY,PULL XẤU,RSI yếu | Slope âm | Pull xấu,🟡,,,,🔴 Yếu,,True
2026-08-03,PVT,🌱 ĐANG HỒI,0,18400.0,12.88,8.24,51.64,🟢 MUA / GIỮ,OBV tốt + RS mạnh + RSI cải thiện,2026-08-04T11:28:46+07:00,14.45,17685.57,17950.0,-1.47,4.39,4.04,3104600.0,-3282493.0,1977600.0,3076730.0,,0.83,1.12,12.88,12.88,-8.0,0.27,5,1,0,2,0,2,0,,,,,,🟢,MUA EARLY,PULL XẤU,RSI yếu | Slope âm | Pull xấu,🟡,,,,🔴 Yếu,,True
2026-08-03,REE,🌱 ĐANG HỒI,0,48250.0,8.67,6.16,60.12,🟢 MUA / GIỮ,OBV tốt + RSI cải thiện + RS mạnh,2026-08-04T11:28:46+07:00,32.64,45881.07,45835.0,0.1,2.72,5.16,-9689600.0,-11656941.0,985700.0,567840.0,,1.14,1.12,10.03,10.03,-1.33,3.76,10,2,1,2,1,2,2,,,,,,🟢,CP MẠNH,PULL XẤU,Pull xấu,🟡,,,,🟡 Ổn định,,True
2026-08-03,SSI,🌱 ĐANG HỒI,0,24400.0,10.91,7.49,48.23,🟢 MUA / GIỮ,OBV tốt + Vol xác nhận + RS mạnh,2026-08-04T11:28:46+07:00,9.38,23674.89,24405.0,-2.99,3.11,3.06,993938688.0,963141435.0,24344900.0,23039280.0,,0.99,1.12,10.91,10.91,-12.23,2.52,6,1,0,2,0,2,1,,,,,,🟢,MUA EARLY,PULL XẤU,RSI yếu | Slope âm | Pull xấu,🟡,,,,🔴 Yếu,,True
2026-08-03,STB,🌱 ĐANG HỒI,0,72300.0,-0.28,-0.96,52.65,🟢 MUA / GIỮ,OBV tốt + Vị trí giá tốt + RSI cải thiện,2026-08-04T11:28:46+07:00,3.41,71945.39,71535.0,0.57,-0.19,0.49,404324000.0,403185142.0,3070900.0,4062090.0,,0.6,1.06,5.55,9.38,-3.6,0.7,5,2,0,2,1,0,0,,,,,,🟢,MUA EARLY,PULL XẤU,RSI yếu | Pull xấu,🟡,,,,🟡 Ổn định,,True
2026-08-03,TCX,🌱 ĐANG HỒI,0,40050.0,6.8,-4.19,44.34,🟢 MUA / GIỮ,OBV tốt + Vol xác nhận + RSI cải thiện,2026-08-04T11:28:46+07:00,8.17,40155.85,41397.5,-3.0,2.16,-0.26,22910300.0,21946374.0,2212100.0,1760355.0,,0.87,0.85,6.8,6.8,-11.39,-1.35,0,0,0,1,0,1,-2,,,,,,🟢,THEO DÕI,PULL XẤU,RSI yếu | Giá dưới EMA9 | Slope âm | Pull xấu,🔴,,,,🔴 Yếu,,True
2026-08-03,TNG,🌱 ĐANG HỒI,0,18300.0,7.02,8.93,53.9,🟢 MUA / GIỮ,OBV tốt + RSI cải thiện + Vị trí giá tốt,2026-08-04T11:28:46+07:00,16.19,17647.23,17720.0,-0.41,2.94,3.7,35154800.0,34405066.0,362100.0,539570.0,,0.66,1.09,10.24,10.24,-5.67,2.81,5,1,0,2,0,2,0,,,,,,🟢,MUA EARLY,PULL XẤU,RSI yếu | Slope âm | Pull xấu,🟡,,✅ EARLY GREEN2,🌱 EARLY DRY GREEN2,🔴 Yếu,,False
2026-08-03,VCB,🌱 ĐANG HỒI,0,60200.0,11.48,7.06,61.26,🟢 MUA / GIỮ,OBV tốt + RSI cải thiện + RS mạnh,2026-08-04T11:28:46+07:00,35.15,57045.8,57427.5,-0.66,3.78,5.53,140264400.0,121422686.0,7642500.0,4856195.0,,1.32,1.33,11.48,11.48,-2.87,1.01,8,1,1,2,0,2,2,,,,,,🟢,MUA EARLY,PULL XẤU,Slope âm | Pull xấu,🟡,,,,🔴 Yếu,,True
2026-08-03,VCI,🌱 ĐANG HỒI,0,21800.0,18.16,9.0,48.44,🟢 MUA / GIỮ,OBV tốt + RS mạnh + Vol xác nhận,2026-08-04T11:28:46+07:00,6.83,20990.71,21817.5,-3.79,4.53,3.86,151771900.0,138211036.0,11432900.0,10119470.0,,1.2,1.09,18.16,18.16,-15.83,0.93,6,1,0,2,0,2,1,,,,,,🟢,MUA EARLY,PULL XẤU,RSI yếu | Slope âm | Pull xấu,🟡,,,,🔴 Yếu,,True
2026-08-03,VCK,🌱 ĐANG HỒI,0,31200.0,10.05,5.05,49.49,🟢 MUA / GIỮ,OBV tốt + Vol xác nhận + RSI cải thiện,2026-08-04T11:28:46+07:00,15.55,30405.22,31037.5,-2.04,3.36,2.61,76116900.0,70961764.0,3195300.0,2924905.0,,1.12,1.02,10.05,10.05,-9.17,-0.16,5,1,0,2,0,2,0,,,,,,🟢,MUA EARLY,PULL XẤU,RSI yếu | Slope âm | Pull xấu,🟡,,,,🔴 Yếu,,True
2026-08-03,VGC,🌱 ĐANG HỒI,0,38150.0,9.31,3.98,49.64,🟢 MUA / GIỮ,OBV tốt + Vol xác nhận + RSI cải thiện,2026-08-04T11:28:46+07:00,10.75,37252.68,37982.0,-1.92,2.76,2.41,29619400.0,28771981.0,401000.0,365545.0,,1.1,1.27,9.31,9.31,-6.66,0.79,5,1,0,2,0,1,1,,,,,,🟢,MUA EARLY,PULL XẤU,RSI yếu | Slope âm | Pull xấu,🟡,,,,🔴 Yếu,,True
2026-08-03,VGI,🌱 ĐANG HỒI,0,83000.0,10.81,6.0,52.97,🟢 MUA / GIỮ,OBV tốt + Vol xác nhận + RSI cải thiện,2026-08-04T11:28:46+07:00,28.97,79329.09,80690.0,-1.69,3.51,4.63,-13698800.0,-14144745.0,239100.0,231500.0,,1.0,1.0,11.26,11.26,-6.21,1.22,6,1,0,2,0,2,1,,,,,,🟢,MUA EARLY,PULL XẤU,RSI yếu | Slope âm | Pull xấu,🟡,,✅ EARLY GREEN2,,🔴 Yếu,,False
2026-08-03,VGT,🌱 ĐANG HỒI,0,11000.0,3.77,0.92,46.92,🟢 MUA / GIỮ,OBV tốt + Vị trí giá tốt + RSI cải thiện,2026-08-04T11:28:46+07:00,21.77,10829.25,11050.0,-2.0,1.42,1.58,14903200.0,14748224.0,190400.0,232635.0,,0.7,0.82,3.77,3.77,-5.98,1.85,5,1,0,2,0,1,1,,,,,,🟢,MUA EARLY,PULL XẤU,RSI yếu | Slope âm | Pull xấu,🟡,,✅ EARLY GREEN2,🌱 EARLY DRY GREEN2,🔴 Yếu,,False
2026-08-03,VHM,🌱 ĐANG HỒI,0,152100.0,16.11,11.1,61.12,🟢 MUA / GIỮ,OBV tốt + RSI cải thiện + RS mạnh,2026-08-04T11:28:46+07:00,10.91,142307.65,140605.0,1.21,5.28,6.88,355465000.0,341907969.0,5312800.0,4243560.0,,1.14,1.06,19.86,19.86,-4.16,2.29,10,2,1,2,1,2,2,,,,,,🟢,CP MẠNH,PULL XẤU,Pull xấu,🟡,,,,🟡 Ổn định,,True
2026-08-03,VIC,🌱 ĐANG HỒI,0,219200.0,2.67,-0.36,53.22,🟢 MUA / GIỮ,OBV tốt + Vị trí giá tốt + Vol xác nhận,2026-08-04T11:28:46+07:00,-0.69,216638.78,217600.0,-0.44,0.65,1.18,317762100.0,312141916.0,4179900.0,3561110.0,,1.13,1.08,8.46,14.17,-2.45,1.48,5,1,0,2,0,1,1,,,,,,🟢,MUA EARLY,PULL XẤU,RSI yếu | RSI chững | Slope âm | Pull xấu,🟡,,,,🔴 Yếu,,True
2026-08-03,VIX,🌱 ĐANG HỒI,0,13400.0,14.04,4.69,42.74,🟢 MUA / GIỮ,OBV tốt + RS mạnh + Vol xác nhận,2026-08-04T11:28:46+07:00,13.96,12943.58,13702.5,-5.54,5.14,3.53,1461033132.0,1443510433.0,42962200.0,45866615.0,,1.09,1.16,14.04,14.04,-22.09,1.9,5,1,0,2,0,1,1,,,,,,🟢,MUA EARLY,PULL XẤU,RSI yếu | Slope âm | Pull xấu,🟡,,,,🔴 Yếu,,True
2026-08-03,VND,🌱 ĐANG HỒI,0,16800.0,9.45,-2.33,47.08,🟢 MUA / GIỮ,OBV tốt + RS mạnh + RSI cải thiện,2026-08-04T11:28:46+07:00,4.31,16728.55,17247.5,-3.01,1.54,0.43,574900712.0,568937093.0,9090000.0,15374850.0,,0.82,0.88,9.45,9.45,-12.04,0.3,4,1,0,2,0,1,0,,,,,,🟢,MUA EARLY,PULL XẤU,RSI yếu | Slope âm | Pull xấu,🟡,,,,🔴 Yếu,,True
2026-08-03,VNM,🌱 ĐANG HỒI,0,59200.0,2.25,1.2,55.48,🟢 MUA / GIỮ,OBV tốt + Vị trí giá tốt + Xu hướng lên,2026-08-04T11:28:46+07:00,-7.94,59414.61,57870.0,2.67,0.05,-0.36,-6208000.0,-6937585.0,6377600.0,4754925.0,,1.16,1.18,7.44,8.03,-3.58,-2.79,3,0,1,1,2,1,-2,,,,,,🟢,PULL VỪA,PULL VỪA,RSI chững | Giá dưới EMA9,🟡,,,,🟢 Tăng tốc,,True
2026-08-03,VPL,🌱 ĐANG HỒI,0,79600.0,7.57,2.58,46.3,🟢 MUA / GIỮ,OBV tốt + Vị trí giá tốt + Vol xác nhận,2026-08-04T11:28:46+07:00,9.21,78004.51,79115.0,-1.4,2.92,2.05,15625900.0,15011521.0,608000.0,695775.0,,0.7,0.9,8.3,8.3,-7.87,0.76,4,1,0,1,0,1,1,,,,,,🟢,MUA EARLY,PULL XẤU,RSI yếu | Slope âm | Pull xấu,🟡,,,,🔴 Yếu,,True
2026-08-03,VRE,🌱 ĐANG HỒI,0,25900.0,21.31,11.4,55.2,🟢 MUA / GIỮ,OBV tốt + RS mạnh + RSI cải thiện,2026-08-04T11:28:46+07:00,20.63,23868.76,24295.0,-1.75,6.6,8.51,434384700.0,419419995.0,5323900.0,5465930.0,,1.29,1.2,21.6,21.6,-10.38,4.44,7,1,1,2,0,2,1,,,,,,🟢,MUA EARLY,PULL XẤU,Slope âm | Pull xấu,🟡,,,,🔴 Yếu,,True
2026-08-03,VTO,🌱 ĐANG HỒI,0,10500.0,3.45,4.48,56.0,🟢 MUA / GIỮ,OBV tốt + RSI cải thiện + Vị trí giá tốt,2026-08-04T11:28:46+07:00,17.64,10336.87,10312.5,0.24,1.57,1.58,2022000.0,1851863.0,105300.0,80585.0,,0.85,1.2,4.48,4.48,-1.87,-0.94,5,2,1,2,1,1,-2,,,,,,🟢,PULL VỪA,PULL VỪA,,🟡,,,,🟡 Ổn định,,True
2026-08-03,VTP,🌱 ĐANG HỒI,0,49050.0,7.8,-0.51,44.69,🟢 MUA / GIỮ,OBV tốt + Vol xác nhận + RS mạnh,2026-08-04T11:28:46+07:00,24.96,47768.19,49753.0,-3.99,2.61,2.68,6136000.0,5006390.0,467600.0,372535.0,,1.63,1.23,9.49,9.49,-10.75,2.19,6,1,0,2,0,1,2,,,,,,🟢,MUA EARLY,PULL XẤU,RSI yếu | Slope âm | Pull xấu,🟡,,,,🔴 Yếu,,True
2026-08-03,ACB,🟡 TRUNG TÍNH,1,22450.0,0.67,-1.75,49.61,👀 THEO DÕI,OBV tốt + Vị trí giá tốt + RSI cải thiện,2026-08-04T11:28:46+07:00,3.43,22402.05,22662.5,-1.15,-0.49,0.21,-13685700.0,-15064143.0,9511900.0,17633370.0,,0.83,1.03,2.51,15.78,-5.87,2.05,3,1,0,2,0,0,0,,,,,,🟢,MUA EARLY,PULL XẤU,RSI yếu | Slope âm | Pull xấu,🟡,,,,🔴 Yếu,,True
2026-08-03,ACV,🟡 TRUNG TÍNH,1,40000.0,4.17,0.0,41.39,👀 THEO DÕI,OBV tốt + Vị trí giá tốt + RSI cải thiện,2026-08-04T11:28:46+07:00,17.5,39522.19,40645.0,-2.76,1.59,1.21,-61771400.0,-61982497.0,742200.0,453600.0,,0.82,1.01,4.17,4.17,-8.68,2.04,6,1,0,2,0,1,2,,,,,,🟢,MUA EARLY,PULL XẤU,RSI yếu | Slope âm | Pull xấu,🟡,,,,🔴 Yếu,,False
2026-08-03,AGR,🟡 TRUNG TÍNH,1,13200.0,7.76,-2.58,42.83,👀 THEO DÕI,OBV tốt + RS mạnh + RSI cải thiện,2026-08-04T11:28:46+07:00,7.85,13191.19,13985.0,-5.68,1.88,0.07,23742300.0,23691138.0,297500.0,659425.0,,0.67,0.66,7.76,7.76,-19.02,1.93,4,1,0,2,0,1,0,,,,,,🟢,MUA EARLY,PULL XẤU,RSI yếu | Slope âm | Pull xấu,🟡,,,,🔴 Yếu,,True
2026-08-03,ANV,🟡 TRUNG TÍNH,1,17300.0,7.13,0.87,38.4,👀 THEO DÕI,OBV tốt + Vol xác nhận + RS mạnh,2026-08-04T11:28:46+07:00,7.23,17270.54,17989.95,-4.0,2.96,0.17,42343200.0,42104151.0,532300.0,622740.0,,0.82,0.96,7.13,7.13,-18.01,0.58,5,1,0,2,0,1,1,,,,,,🟢,MUA EARLY,PULL XẤU,RSI yếu | Slope âm | Pull xấu,🟡,,,,🔴 Yếu,,True
2026-08-03,BAF,🟡 TRUNG TÍNH,1,30950.0,7.28,4.74,73.73,👀 THEO DÕI,OBV tốt + Vị trí giá tốt + RS mạnh,2026-08-04T11:28:46+07:00,25.8,29695.54,29597.5,0.33,1.53,4.22,97949300.0,94079296.0,3451800.0,1335525.0,,1.37,1.3,7.28,8.6,2.82,4.38,10,2,2,2,1,1,2,,,,,,🟢,MUA BREAK,PULL XẤU,Pull xấu,🟡,,,,🟡 Ổn định,,True
2026-08-03,BFC,🟡 TRUNG TÍNH,1,51800.0,4.75,-3.54,43.67,👀 THEO DÕI,OBV tốt + Vị trí giá tốt + RSI cải thiện,2026-08-04T11:28:46+07:00,8.94,51345.42,53347.5,-3.75,1.08,0.89,28921700.0,28621292.0,180400.0,234270.0,,1.17,0.88,5.71,5.71,-13.67,1.57,4,1,0,2,0,1,0,,,,,,🟢,MUA EARLY,PULL XẤU,RSI yếu | Slope âm | Pull xấu,🟡,,,,🔴 Yếu,,True
2026-08-03,BSI,🟡 TRUNG TÍNH,1,28100.0,7.05,-5.86,37.18,👀 THEO DÕI,OBV tốt + RS mạnh,2026-08-04T11:28:46+07:00,8.43,28268.08,30724.9,-8.0,2.51,-0.59,21930400.0,21584641.0,360900.0,646720.0,,0.72,0.76,7.05,7.05,-24.66,0.36,3,0,0,2,0,1,0,,,,,,🟢,MUA EARLY,PULL XẤU,RSI yếu | Giá dưới EMA9 | Slope âm | Pull xấu,🟡,,,,🔴 Yếu,,True
2026-08-03,CEO,🟡 TRUNG TÍNH,1,12000.0,11.11,0.84,39.93,👀 THEO DÕI,OBV tốt + RS mạnh + Vị trí giá tốt,2026-08-04T11:28:46+07:00,15.48,11759.93,12645.0,-7.0,2.56,2.04,298391600.0,290808571.0,8161800.0,5717045.0,,1.14,1.2,11.11,11.11,-18.37,5.26,6,1,0,2,0,1,2,,,,,,🟢,MUA EARLY,PULL XẤU,RSI yếu | Slope âm | Pull xấu,🟡,,,,🔴 Yếu,,False
2026-08-03,CII,🟡 TRUNG TÍNH,1,13850.0,9.49,-3.15,39.85,👀 THEO DÕI,OBV tốt + RS mạnh + Vị trí giá tốt,2026-08-04T11:28:46+07:00,14.64,13636.1,14734.95,-7.46,2.38,1.57,589528604.0,580958147.0,13993700.0,8429150.0,,0.88,1.03,9.49,9.49,-19.71,5.73,6,1,0,2,0,1,2,,,,,,🟢,MUA EARLY,PULL XẤU,RSI yếu | Slope âm | Pull xấu,🟡,,,,🔴 Yếu,,True
2026-08-03,DGC,🟡 TRUNG TÍNH,1,39600.0,10.0,-7.91,37.24,👀 THEO DÕI,OBV tốt + RS mạnh + Vị trí giá tốt,2026-08-04T11:28:46+07:00,9.67,39298.99,42005.0,-6.44,2.64,0.77,-124011800.0,-124450880.0,593500.0,801525.0,,0.98,1.48,10.0,10.0,-16.98,1.02,4,1,0,2,0,1,0,,,,,,🟢,MUA EARLY,PULL XẤU,RSI yếu | Slope âm | Pull xấu,🟡,,,,🔴 Yếu,,True
2026-08-03,DIG,🟡 TRUNG TÍNH,1,10650.0,9.91,-5.33,40.88,👀 THEO DÕI,OBV tốt + Vol xác nhận + Vị trí giá tốt,2026-08-04T11:28:46+07:00,10.78,10479.23,11265.0,-6.98,1.11,1.63,178706600.0,170719844.0,11902800.0,9930500.0,,1.35,1.25,9.91,9.91,-16.8,5.45,5,1,0,2,0,1,1,,,,,,🟢,MUA EARLY,PULL XẤU,RSI yếu | Slope âm | Pull xấu,🟡,,,,🔴 Yếu,,True
2026-08-03,DPG,🟡 TRUNG TÍNH,1,31000.0,19.0,9.93,48.78,👀 THEO DÕI,OBV tốt + RS mạnh + RSI cải thiện,2026-08-04T11:28:46+07:00,23.82,28562.13,29985.0,-4.75,4.98,8.54,22144885.0,21536016.0,781885.0,394654.0,,0.67,0.81,19.0,19.0,-12.92,11.91,7,1,0,2,0,2,2,,,,,,🟢,MUA EARLY,PULL XẤU,RSI yếu | Slope âm | Pull xấu,🟡,,,,🔴 Yếu,,True
2026-08-03,DRI,🟡 TRUNG TÍNH,1,12900.0,0.78,1.57,43.83,👀 THEO DÕI,OBV tốt + Vol xác nhận + Vị trí giá tốt,2026-08-04T11:28:46+07:00,3.16,12872.77,13000.0,-0.98,0.77,0.21,37802500.0,37518087.0,414100.0,399105.0,,1.04,1.2,3.2,3.2,-5.84,0.0,2,1,0,1,0,0,0,,,,,,🟢,TÍCH LŨY,PULL XẤU,RSI yếu | Slope âm | Pull xấu,🔴,,,,🔴 Yếu,,False
2026-08-03,DXG,🟡 TRUNG TÍNH,1,10800.0,8.32,-4.85,40.81,👀 THEO DÕI,OBV tốt + Vol xác nhận + Vị trí giá tốt,2026-08-04T11:28:46+07:00,14.16,10643.59,11268.5,-5.55,1.43,1.47,559089304.0,550712033.0,11680100.0,10691275.0,,1.12,1.25,8.32,8.32,-13.25,4.85,5,1,0,2,0,1,1,,,,,,🟢,MUA EARLY,PULL XẤU,RSI yếu | Slope âm | Pull xấu,🟡,,,,🔴 Yếu,,True
2026-08-03,DXS,🟡 TRUNG TÍNH,1,5950.0,6.06,-4.65,37.44,👀 THEO DÕI,OBV tốt + Vol xác nhận + RS mạnh,2026-08-04T11:28:46+07:00,12.06,5931.52,6367.5,-6.85,1.69,0.31,46463700.0,45698023.0,1843600.0,1614505.0,,1.08,1.13,6.06,6.06,-17.59,3.48,5,1,0,2,0,1,1,,,,,,🟢,MUA EARLY,PULL XẤU,RSI yếu | Slope âm | Pull xấu,🟡,,,,🔴 Yếu,,True
2026-08-03,FCN,🟡 TRUNG TÍNH,1,10850.0,4.33,-1.81,42.14,👀 THEO DÕI,OBV tốt + Vị trí giá tốt + RSI cải thiện,2026-08-04T11:28:46+07:00,16.5,10740.74,11002.5,-2.38,1.51,1.02,36434000.0,36054462.0,538000.0,360685.0,,1.35,1.15,4.33,4.33,-8.82,1.88,6,1,0,2,0,1,2,,,,,,🟢,MUA EARLY,PULL XẤU,RSI yếu | Slope âm | Pull xấu,🟡,,,,🔴 Yếu,,True
2026-08-03,GAS,🟡 TRUNG TÍNH,1,69900.0,4.48,-4.38,42.44,👀 THEO DÕI,OBV tốt + Vol xác nhận + Vị trí giá tốt,2026-08-04T11:28:46+07:00,6.68,69044.47,71720.0,-3.73,1.43,1.24,37689400.0,36980128.0,1150500.0,1272995.0,,0.68,1.14,8.54,8.54,-11.29,1.9,5,1,0,2,0,1,1,,,,,,🟢,MUA EARLY,PULL XẤU,RSI yếu | Slope âm | Pull xấu,🟡,,,,🔴 Yếu,,True
2026-08-03,GEE,🟡 TRUNG TÍNH,1,67800.0,6.77,-10.79,34.72,👀 THEO DÕI,OBV tốt + Vol xác nhận,2026-08-04T11:28:46+07:00,9.09,68096.0,74120.0,-8.13,2.48,-0.43,90031100.0,89456263.0,1230900.0,1173830.0,,0.85,0.95,6.77,6.77,-23.73,0.89,4,0,0,2,0,1,1,,,,,,🟢,MUA EARLY,PULL XẤU,RSI yếu | Giá dưới EMA9 | Slope âm | Pull xấu,🟡,,,,🔴 Yếu,,True
2026-08-03,GEG,🟡 TRUNG TÍNH,1,12250.0,2.94,-1.21,40.62,👀 THEO DÕI,OBV tốt + Vị trí giá tốt + RSI cải thiện,2026-08-04T11:28:46+07:00,4.63,12187.73,12547.5,-2.87,1.59,0.51,23439000.0,23127671.0,387300.0,241790.0,,0.75,0.93,4.7,4.7,-11.23,2.51,6,1,0,2,0,1,2,,,,,,🟢,MUA EARLY,PULL XẤU,RSI yếu | Slope âm | Pull xấu,🟡,,,,🔴 Yếu,,True
2026-08-03,HCM,🟡 TRUNG TÍNH,1,25050.0,0.2,-2.72,52.59,👀 THEO DÕI,OBV tốt + Vị trí giá tốt + Vol xác nhận,2026-08-04T11:28:46+07:00,-3.04,25207.52,24878.5,1.32,-0.45,-0.62,559107200.0,554487886.0,4156200.0,5774810.0,,0.74,0.9,7.6,9.01,-4.75,0.0,3,0,0,2,1,0,0,,,,,,🟢,MUA EARLY,PULL XẤU,RSI yếu | RSI chững | Giá dưới EMA9 | Pull xấu,🟡,,,,🟡 Ổn định,,True
2026-08-03,HDC,🟡 TRUNG TÍNH,1,11800.0,8.26,-4.07,34.08,👀 THEO DÕI,OBV tốt + Vol xác nhận + RS mạnh,2026-08-04T11:28:46+07:00,14.55,11773.61,12842.5,-8.32,2.26,0.22,156513800.0,156003590.0,1357700.0,1349080.0,,1.16,1.24,8.26,8.26,-21.85,2.61,5,1,0,2,0,1,1,,,,,,🟢,MUA EARLY,PULL XẤU,RSI yếu | Slope âm | Pull xấu,🟡,,,,🔴 Yếu,,True
2026-08-03,HHS,🟡 TRUNG TÍNH,1,10100.0,6.43,2.54,46.14,👀 THEO DÕI,OBV tốt + RSI cải thiện + Vị trí giá tốt,2026-08-04T11:28:46+07:00,15.54,9839.09,10240.0,-3.92,1.58,2.65,159570000.0,158579211.0,1738400.0,1039935.0,,0.74,0.95,7.45,7.45,-10.22,4.77,6,1,0,2,0,1,2,,,,,,🟢,MUA EARLY,PULL XẤU,RSI yếu | Slope âm | Pull xấu,🟡,,,,🔴 Yếu,,True
2026-08-03,KDH,🟡 TRUNG TÍNH,1,17950.0,9.45,0.84,37.69,👀 THEO DÕI,OBV tốt + RS mạnh + Vị trí giá tốt,2026-08-04T11:28:46+07:00,15.07,17653.65,18592.5,-5.05,2.69,1.68,-21850900.0,-27005503.0,7037100.0,5047505.0,,1.04,1.17,9.45,9.45,-16.12,2.57,6,1,0,2,0,1,2,,,,,,🟢,MUA EARLY,PULL XẤU,RSI yếu | Slope âm | Pull xấu,🟡,,,,🔴 Yếu,,True
2026-08-03,LAS,🟡 TRUNG TÍNH,1,11700.0,0.86,-5.65,27.62,👀 THEO DÕI,OBV tốt + Vol xác nhận,2026-08-04T11:28:46+07:00,4.83,11841.72,12635.0,-6.28,1.21,-1.2,-19821900.0,-19891736.0,239800.0,193630.0,,0.72,1.08,1.74,1.74,-18.18,0.0,2,0,0,2,0,0,0,,,,,,🟢,TÍCH LŨY,PULL XẤU,RSI yếu | Giá dưới EMA9 | Slope âm | Pull xấu,🔴,,,,🔴 Yếu,,False
2026-08-03,MBS,🟡 TRUNG TÍNH,1,18500.0,6.32,0.0,43.81,👀 THEO DÕI,OBV tốt + RSI cải thiện + RS mạnh,2026-08-04T11:28:46+07:00,8.25,18437.91,19620.0,-6.02,1.24,0.34,-38544800.0,-42095349.0,6203100.0,9732510.0,,0.66,0.75,6.32,6.32,-18.5,2.78,4,1,0,2,0,1,0,,,,,,🟢,MUA EARLY,PULL XẤU,RSI yếu | Slope âm | Pull xấu,🟡,,,,🔴 Yếu,,False
2026-08-03,NHA,🟡 TRUNG TÍNH,1,8230.0,8.29,-3.29,37.76,👀 THEO DÕI,OBV tốt + Vị trí giá tốt + RS mạnh,2026-08-04T11:28:46+07:00,15.57,8155.81,8547.9,-4.59,1.97,0.91,6982000.0,6874365.0,144100.0,101550.0,,0.91,0.93,8.29,8.29,-13.37,2.88,6,1,0,2,0,1,2,,,,,,🟢,MUA EARLY,PULL XẤU,RSI yếu | Slope âm | Pull xấu,🟡,,,,🔴 Yếu,,True
2026-08-03,NT2,🟡 TRUNG TÍNH,1,21500.0,1.9,3.37,48.37,👀 THEO DÕI,OBV tốt + Vị trí giá tốt + RSI cải thiện,2026-08-04T11:28:46+07:00,10.1,21165.53,21380.0,-1.0,1.13,1.58,14583100.0,14161756.0,894600.0,555170.0,,1.22,1.17,4.88,4.88,-5.7,1.65,6,1,0,2,0,1,2,,,,,,🟢,MUA EARLY,PULL XẤU,RSI yếu | Slope âm | Pull xấu,🟡,,,,🔴 Yếu,,True
2026-08-03,OCB,🟡 TRUNG TÍNH,1,10350.0,3.5,0.0,46.3,👀 THEO DÕI,OBV tốt + Vol xác nhận + Vị trí giá tốt,2026-08-04T11:28:46+07:00,10.35,10278.63,10585.0,-2.89,1.59,0.69,98340000.0,96966436.0,2397400.0,2551050.0,,0.7,0.82,3.5,8.15,-10.78,1.47,5,1,0,2,0,1,1,,,,,,🟢,MUA EARLY,PULL XẤU,RSI yếu | Slope âm | Pull xấu,🟡,,,,🔴 Yếu,,True
2026-08-03,OIL,🟡 TRUNG TÍNH,1,13100.0,1.55,-5.07,44.18,👀 THEO DÕI,OBV tốt + Xu hướng giảm,2026-08-04T11:28:46+07:00,-0.39,13224.21,13530.0,-2.26,-0.73,-0.94,89998400.0,89084572.0,1148300.0,1805190.0,,0.48,0.66,3.15,3.15,-12.67,-3.68,4,0,0,2,0,1,1,,,,,,🟢,MUA EARLY,PULL XẤU,RSI yếu | RSI chững | Giá dưới EMA9 | Slope âm | Pull xấu,🟡,,,,🔴 Yếu,,False
2026-08-03,PC1,🟡 TRUNG TÍNH,1,21450.0,-0.92,4.38,51.44,👀 THEO DÕI,OBV tốt + Vị trí giá tốt + Vol xác nhận,2026-08-04T11:28:46+07:00,-0.71,21394.32,21397.5,-0.01,0.51,0.26,128304300.0,124248250.0,1767100.0,2277415.0,,0.94,0.89,4.38,21.53,-3.81,0.7,4,1,0,2,0,1,0,,,,,,🟢,MUA EARLY,PULL XẤU,RSI yếu | RSI chững | Slope âm | Pull xấu,🟡,,,,🔴 Yếu,,True
2026-08-03,PDR,🟡 TRUNG TÍNH,1,12100.0,8.52,-4.72,37.13,👀 THEO DÕI,OBV tốt + Vol xác nhận + Vị trí giá tốt,2026-08-04T11:28:46+07:00,18.63,11958.08,12810.0,-6.65,1.91,1.19,239775900.0,234690037.0,7327400.0,7823700.0,,1.02,1.06,8.52,8.52,-17.41,5.22,5,1,0,2,0,1,1,,,,,,🟢,MUA EARLY,PULL XẤU,RSI yếu | Slope âm | Pull xấu,🟡,,,,🔴 Yếu,,True
2026-08-03,PHR,🟡 TRUNG TÍNH,1,59600.0,4.56,1.88,49.15,👀 THEO DÕI,OBV tốt + RSI cải thiện + Vị trí giá tốt,2026-08-04T11:28:46+07:00,14.35,57712.31,59610.0,-3.18,1.99,3.27,16700300.0,16657284.0,550500.0,317005.0,,1.17,1.26,8.36,8.36,-8.31,4.75,6,1,0,2,0,1,2,,,,,,🟢,MUA EARLY,PULL XẤU,RSI yếu | Slope âm | Pull xấu,🟡,,,,🔴 Yếu,,True
2026-08-03,PTB,🟡 TRUNG TÍNH,1,34150.0,7.22,-1.3,44.52,👀 THEO DÕI,OBV tốt + Vị trí giá tốt + RS mạnh,2026-08-04T11:28:46+07:00,19.69,33403.9,34447.45,-3.03,2.76,2.23,-533700.0,-567910.0,28300.0,64435.0,,0.73,1.18,7.22,7.22,-10.6,1.94,4,1,0,2,0,1,0,,,,,,🟢,MUA EARLY,PULL XẤU,RSI yếu | Slope âm | Pull xấu,🟡,,,,🔴 Yếu,,True
2026-08-03,SAB,🟡 TRUNG TÍNH,1,44250.0,1.49,0.0,53.36,👀 THEO DÕI,OBV tốt + Vị trí giá tốt + RSI cải thiện,2026-08-04T11:28:46+07:00,15.2,43663.14,43724.0,-0.14,0.66,1.34,-9749900.0,-11190637.0,1227400.0,578940.0,,1.14,1.13,2.91,2.91,-1.78,0.8,6,1,0,2,0,1,2,,,,,,🟢,MUA EARLY,PULL XẤU,RSI yếu | Slope âm | Pull xấu,🟡,,,,🔴 Yếu,,True
2026-08-03,SBT,🟡 TRUNG TÍNH,1,21250.0,2.66,1.92,58.01,👀 THEO DÕI,RSI cải thiện + Vol xác nhận + Vị trí giá tốt,2026-08-04T11:28:46+07:00,20.09,21024.5,21002.5,0.1,0.98,1.07,103047500.0,103201562.0,644000.0,613010.0,,0.94,0.98,2.66,5.72,-0.7,0.0,5,2,1,0,1,1,0,,,,,,🔴,MUA EARLY,PULL XẤU,OBV gãy | Pull xấu,🟡,,,,🟡 Ổn định,,True
2026-08-03,SHS,🟡 TRUNG TÍNH,1,15600.0,9.09,4.0,42.48,👀 THEO DÕI,OBV tốt + RS mạnh + RSI cải thiện,2026-08-04T11:28:46+07:00,7.06,15472.77,16445.0,-5.91,2.86,0.82,707924796.0,697101545.0,9607900.0,14932030.0,,0.71,0.89,9.09,9.09,-22.0,1.96,4,1,0,2,0,1,0,,,,,,🟢,MUA EARLY,PULL XẤU,RSI yếu | Slope âm | Pull xấu,🟡,,,,🔴 Yếu,,False
2026-08-03,SIP,🟡 TRUNG TÍNH,1,51000.0,9.44,8.63,66.58,👀 THEO DÕI,RSI cải thiện + RS mạnh + Vị trí giá tốt,2026-08-04T11:28:46+07:00,35.97,48269.91,48262.5,0.02,2.31,5.66,300068.0,320829.0,115768.0,77913.0,,1.04,1.16,9.44,9.44,1.59,5.05,9,2,2,0,1,2,2,,,,,,🔴,MUA EARLY,PULL XẤU,OBV gãy | Pull xấu,🟡,,,,🟡 Ổn định,,True
2026-08-03,SZC,🟡 TRUNG TÍNH,1,18650.0,8.75,-3.12,38.76,👀 THEO DÕI,OBV tốt + RS mạnh + Vị trí giá tốt,2026-08-04T11:28:46+07:00,21.66,18271.01,19372.5,-5.69,2.11,2.07,-22210400.0,-22343651.0,523500.0,344270.0,,1.17,1.07,8.75,8.75,-16.55,5.67,6,1,0,2,0,1,2,,,,,,🟢,MUA EARLY,PULL XẤU,RSI yếu | Slope âm | Pull xấu,🟡,,,,🔴 Yếu,,True
2026-08-03,TCB,🟡 TRUNG TÍNH,1,29700.0,5.13,-0.83,42.78,👀 THEO DÕI,OBV tốt + Vol xác nhận + Vị trí giá tốt,2026-08-04T11:28:46+07:00,15.82,29330.91,30612.5,-4.19,2.09,1.26,367263796.0,362495485.0,13434400.0,12706490.0,,0.96,1.05,5.13,5.13,-13.16,1.89,5,1,0,2,0,1,1,,,,,,🟢,MUA EARLY,PULL XẤU,RSI yếu | Slope âm | Pull xấu,🟡,,,,🔴 Yếu,,True
2026-08-03,TCH,🟡 TRUNG TÍNH,1,12150.0,10.45,-3.19,40.98,👀 THEO DÕI,OBV tốt + RS mạnh + Vị trí giá tốt,2026-08-04T11:28:46+07:00,18.42,11828.52,12682.5,-6.73,1.99,2.72,151819000.0,149554270.0,7570600.0,4856270.0,,1.01,1.1,10.45,10.45,-17.35,4.74,6,1,0,2,0,1,2,,,,,,🟢,MUA EARLY,PULL XẤU,RSI yếu | Slope âm | Pull xấu,🟡,,,,🔴 Yếu,,True
2026-08-03,TPB,🟡 TRUNG TÍNH,1,14400.0,3.6,-1.03,39.46,👀 THEO DÕI,OBV tốt + Vol xác nhận + Vị trí giá tốt,2026-08-04T11:28:46+07:00,10.83,14336.53,14897.5,-3.77,1.79,0.44,419035488.0,413612394.0,11241900.0,9515250.0,,0.79,1.07,3.6,3.6,-13.51,1.05,5,1,0,2,0,1,1,,,,,,🟢,MUA EARLY,PULL XẤU,RSI yếu | Slope âm | Pull xấu,🟡,,,,🔴 Yếu,,True
2026-08-03,TVN,🟡 TRUNG TÍNH,1,9200.0,10.84,-1.08,43.33,👀 THEO DÕI,OBV tốt + RS mạnh + RSI cải thiện,2026-08-04T11:28:46+07:00,11.66,8954.28,9735.0,-8.02,2.99,2.74,36946400.0,36559683.0,732800.0,530690.0,,0.65,0.85,10.84,10.84,-21.37,5.75,6,1,0,2,0,1,2,,,,,,🟢,MUA EARLY,PULL XẤU,RSI yếu | Slope âm | Pull xấu,🟡,,,,🔴 Yếu,,False
2026-08-03,TVS,🟡 TRUNG TÍNH,1,13600.0,3.42,-6.85,43.85,👀 THEO DÕI,OBV tốt + Xu hướng giảm,2026-08-04T11:28:46+07:00,1.17,13769.4,14409.95,-4.45,-0.26,-1.23,5145100.0,5080991.0,152800.0,308265.0,,0.33,0.51,3.42,6.25,-17.33,0.0,3,0,0,2,0,1,0,,,,,,🟢,MUA EARLY,PULL XẤU,RSI yếu | Giá dưới EMA9 | Slope âm | Pull xấu,🟡,,,,🔴 Yếu,,True
2026-08-03,VCG,🟡 TRUNG TÍNH,1,15950.0,4.25,1.92,41.73,👀 THEO DÕI,OBV tốt + Vol xác nhận + Vị trí giá tốt,2026-08-04T11:28:46+07:00,15.81,15743.15,16547.0,-4.86,2.13,1.31,233786500.0,233655993.0,3881300.0,3622300.0,,0.77,0.97,5.63,5.63,-15.34,2.9,5,1,0,2,0,1,1,,,,,,🟢,MUA EARLY,PULL XẤU,RSI yếu | Slope âm | Pull xấu,🟡,,,,🔴 Yếu,,True
2026-08-03,VDS,🟡 TRUNG TÍNH,1,12150.0,8.48,-1.22,40.57,👀 THEO DÕI,OBV tốt + RS mạnh + RSI cải thiện,2026-08-04T11:28:46+07:00,9.66,12135.14,13277.5,-8.6,2.86,0.12,49639600.0,49325398.0,771100.0,1680440.0,,0.6,0.66,8.48,8.48,-26.81,2.53,4,1,0,2,0,1,0,,,,,,🟢,MUA EARLY,PULL XẤU,RSI yếu | Slope âm | Pull xấu,🟡,,,,🔴 Yếu,,True
2026-08-03,VGS,🟡 TRUNG TÍNH,1,18100.0,6.47,-0.55,36.22,👀 THEO DÕI,OBV tốt + Vị trí giá tốt + RS mạnh,2026-08-04T11:28:46+07:00,11.37,17943.86,18995.0,-5.53,2.11,0.87,4769100.0,4689577.0,173200.0,127915.0,,0.94,0.97,6.47,6.47,-15.42,1.69,6,1,0,2,0,1,2,,,,,,🟢,MUA EARLY,PULL XẤU,RSI yếu | Slope âm | Pull xấu,🟡,,,,🔴 Yếu,,False
2026-08-03,VHC,🟡 TRUNG TÍNH,1,53400.0,0.38,-3.78,38.2,👀 THEO DÕI,OBV tốt + Vị trí giá tốt + Vol xác nhận,2026-08-04T11:28:46+07:00,4.49,53842.25,55420.0,-2.85,0.57,-0.82,667100.0,637157.0,308000.0,218740.0,,0.67,0.96,1.52,1.52,-11.0,0.75,4,0,0,2,0,0,2,,,,,,🟢,MUA EARLY,PULL XẤU,RSI yếu | Giá dưới EMA9 | Slope âm | Pull xấu,🟡,,,,🔴 Yếu,,True
2026-08-03,VIB,🟡 TRUNG TÍNH,1,14750.0,4.24,-1.34,41.79,👀 THEO DÕI,OBV tốt + Vị trí giá tốt + RSI cải thiện,2026-08-04T11:28:46+07:00,10.58,14665.91,15122.5,-3.02,1.65,0.57,221020693.0,215320672.0,12886789.0,7551804.0,,0.77,1.01,4.24,4.24,-11.14,1.37,6,1,0,2,0,1,2,,,,,,🟢,MUA EARLY,PULL XẤU,RSI yếu | Slope âm | Pull xấu,🟡,,,,🔴 Yếu,,True
2026-08-03,VOS,🟡 TRUNG TÍNH,1,10900.0,5.83,1.87,42.5,👀 THEO DÕI,OBV tốt + Vị trí giá tốt + RSI cải thiện,2026-08-04T11:28:46+07:00,16.66,10789.85,11137.5,-3.12,2.92,1.02,26309000.0,25651921.0,618200.0,428705.0,,1.13,1.0,5.83,5.83,-12.1,0.46,6,1,0,2,0,1,2,,,,,,🟢,MUA EARLY,PULL XẤU,RSI yếu | Slope âm | Pull xấu,🟡,,,,🔴 Yếu,,True
2026-08-03,VPX,🟡 TRUNG TÍNH,1,25700.0,5.33,-6.03,44.93,👀 THEO DÕI,OBV tốt + Vol xác nhận + Vị trí giá tốt,2026-08-04T11:28:46+07:00,12.62,25532.3,26427.5,-3.39,1.5,0.66,11536600.0,10977211.0,1167400.0,1415250.0,,0.93,1.06,6.42,6.42,-11.38,1.18,5,1,0,2,0,1,1,,,,,,🟢,MUA EARLY,PULL XẤU,RSI yếu | Slope âm | Pull xấu,🟡,,,,🔴 Yếu,,True
2026-08-03,VSC,🟡 TRUNG TÍNH,1,14400.0,13.39,4.73,41.4,👀 THEO DÕI,OBV tốt + RS mạnh + RSI cải thiện,2026-08-04T11:28:46+07:00,19.14,13844.37,14685.0,-5.72,5.05,4.01,267085300.0,239874289.0,11846100.0,8085990.0,,1.56,1.3,13.39,13.39,-23.4,2.13,6,1,0,2,0,1,2,,,,,,🟢,MUA EARLY,PULL XẤU,RSI yếu | Slope âm | Pull xấu,🟡,,,,🔴 Yếu,,True
2026-08-03,BSR,🔴 YẾU,2,25100.0,5.91,1.83,50.1,⏳ CHỜ,OBV xấu + Thiếu mẫu xác nhận,2026-08-04T11:28:46+07:00,1.37,24804.95,24915.0,-0.44,1.44,1.19,618245300.0,623438673.0,5597800.0,9751720.0,,0.83,0.87,9.13,9.13,-8.56,0.4,2,1,0,0,0,1,0,,,,,,🔴,TÍCH LŨY,PULL XẤU,OBV gãy | RSI yếu | Slope âm | Pull xấu,🔴,,,,🔴 Yếu,,True
2026-08-03,BVS,🔴 YẾU,2,26400.0,8.64,-6.71,42.96,⏳ CHỜ,OBV xấu + Xu hướng giảm + Thiếu mẫu xác nhận,2026-08-04T11:28:46+07:00,7.05,26657.96,30130.0,-11.52,0.15,-0.97,4284600.0,5076564.0,785200.0,1574260.0,,0.72,0.81,8.64,8.64,-30.16,3.53,1,0,0,0,0,1,0,,,,,,🔴,THEO DÕI,PULL XẤU,OBV gãy | RSI yếu | Giá dưới EMA9 | Slope âm | Pull xấu,🔴,,,,🔴 Yếu,,False
2026-08-03,DPR,🔴 YẾU,2,36000.0,1.98,-1.91,35.77,⏳ CHỜ,OBV xấu + Xu hướng giảm + Thiếu mẫu xác nhận,2026-08-04T11:28:46+07:00,13.68,35958.07,36830.0,-2.37,1.12,0.12,24557400.0,24717459.0,194800.0,162725.0,,0.9,1.01,2.56,2.56,-7.57,-0.14,2,1,0,0,0,1,0,,,,,,🔴,TÍCH LŨY,PULL XẤU,OBV gãy | RSI yếu | Slope âm | Pull xấu,🔴,,,,🔴 Yếu,,True
2026-08-03,FTS,🔴 YẾU,2,22000.0,9.45,-2.44,41.53,⏳ CHỜ,OBV xấu + Xu hướng giảm + Thiếu mẫu xác nhận,2026-08-04T11:28:46+07:00,10.64,21899.46,23745.0,-7.77,2.76,0.46,17137500.0,17234582.0,1089300.0,1588740.0,,0.85,0.89,9.45,9.45,-22.81,1.85,2,1,0,0,0,1,0,,,,,,🔴,TÍCH LŨY,PULL XẤU,OBV gãy | RSI yếu | Slope âm | Pull xấu,🔴,,,,🔴 Yếu,,True
2026-08-03,GIL,🔴 YẾU,2,6950.0,6.11,-4.79,20.94,⏳ CHỜ,OBV xấu + Xu hướng giảm + RSI yếu,2026-08-04T11:28:46+07:00,11.53,7009.65,8219.0,-14.71,4.54,-0.85,-5495800.0,-5340142.0,255300.0,379825.0,,0.55,0.76,6.11,6.11,-40.34,4.35,1,0,0,0,0,1,0,,,,,,🔴,THEO DÕI,PULL XẤU,OBV gãy | RSI yếu | Giá dưới EMA9 | Slope âm | Pull xấu,🔴,,,,🔴 Yếu,,True
2026-08-03,HAG,🔴 YẾU,2,13950.0,1.82,-3.46,35.1,⏳ CHỜ,OBV xấu + Thiếu mẫu xác nhận,2026-08-04T11:28:46+07:00,2.21,14069.27,14315.0,-1.72,0.67,-0.85,386429900.0,389463081.0,2593000.0,2238710.0,,1.0,1.21,1.82,1.82,-6.69,0.0,1,0,0,0,0,1,0,,,,,,🔴,THEO DÕI,PULL XẤU,OBV gãy | RSI yếu | Giá dưới EMA9 | Slope âm | Pull xấu,🔴,,,,🔴 Yếu,,True
2026-08-03,HDG,🔴 YẾU,2,16650.0,7.42,-0.89,36.76,⏳ CHỜ,OBV xấu + Xu hướng giảm + Thiếu mẫu xác nhận,2026-08-04T11:28:46+07:00,12.66,16511.71,17397.45,-5.09,2.3,0.84,17805900.0,18840843.0,1644400.0,1812690.0,,0.79,0.8,7.42,7.42,-17.57,1.83,3,1,0,0,0,1,1,,,,,,🔴,MUA EARLY,PULL XẤU,OBV gãy | RSI yếu | Slope âm | Pull xấu,🟡,,,,🔴 Yếu,,True
2026-08-03,MSH,🔴 YẾU,2,31400.0,2.61,1.62,46.29,⏳ CHỜ,OBV xấu + Thiếu mẫu xác nhận,2026-08-04T11:28:46+07:00,22.45,30874.5,31262.5,-1.24,1.23,1.7,12393900.0,12590891.0,52700.0,121785.0,,1.12,1.11,3.63,3.63,-5.42,2.28,2,1,0,0,0,1,0,,,,,,🔴,TÍCH LŨY,PULL XẤU,OBV gãy | RSI yếu | Slope âm | Pull xấu,🔴,,,,🔴 Yếu,,True
2026-08-03,NAB,🔴 YẾU,2,12150.0,-0.82,-3.95,40.4,⏳ CHỜ,OBV xấu + Xu hướng giảm + Thiếu mẫu xác nhận,2026-08-04T11:28:46+07:00,10.79,12286.18,12662.5,-2.97,0.38,-1.11,60098700.0,61752922.0,2087100.0,2362315.0,,0.78,0.84,2.53,3.85,-10.0,0.0,0,0,0,0,0,0,0,,,,,,🔴,THEO DÕI,PULL XẤU,OBV gãy | RSI yếu | Giá dưới EMA9 | Slope âm | Pull xấu,🔴,,,,🔴 Yếu,,True
2026-08-03,NLG,🔴 YẾU,2,21850.0,9.25,-7.81,37.91,⏳ CHỜ,OBV xấu + Vol chưa xác nhận + Xu hướng giảm,2026-08-04T11:28:46+07:00,12.79,21891.38,23337.5,-6.2,2.32,-0.19,45426000.0,47839896.0,6985600.0,2183550.0,,1.38,1.17,9.25,9.25,-16.44,-0.23,-1,0,0,0,0,1,-2,,,,,,🔴,THEO DÕI,PULL XẤU,OBV gãy | RSI yếu | Giá dưới EMA9 | Slope âm | Pull xấu,🔴,,,,🔴 Yếu,,True
2026-08-03,NTP,🔴 YẾU,2,48600.0,0.41,1.25,47.36,⏳ CHỜ,OBV xấu + Thiếu mẫu xác nhận,2026-08-04T11:28:46+07:00,1.6,48412.43,48595.0,-0.38,0.46,0.39,10003700.0,10103180.0,98000.0,59285.0,,1.66,1.32,2.1,2.1,-3.95,1.25,3,1,0,0,0,0,2,,,,,,🔴,MUA EARLY,PULL XẤU,OBV gãy | RSI yếu | Slope âm | Pull xấu,🟡,,,,🔴 Yếu,,False
2026-08-03,PNJ,🔴 YẾU,2,35000.0,6.38,-14.63,33.2,⏳ CHỜ,OBV xấu + Xu hướng giảm + Thiếu mẫu xác nhận,2026-08-04T11:28:46+07:00,10.36,34427.19,39647.5,-13.17,4.72,1.66,-75769600.0,-53854329.0,8005300.0,11028835.0,,1.19,1.2,13.82,13.82,-35.9,12.18,2,1,0,0,0,1,0,,,,,,🔴,TÍCH LŨY,PULL XẤU,OBV gãy | RSI yếu | Slope âm | Pull xấu,🔴,,,,🔴 Yếu,,True
2026-08-03,PVC,🔴 YẾU,2,11900.0,2.59,-6.3,40.9,⏳ CHỜ,OBV xấu + Xu hướng giảm + Thiếu mẫu xác nhận,2026-08-04T11:28:46+07:00,3.07,11975.37,12405.0,-3.46,0.46,-0.63,60406500.0,60514512.0,366400.0,456765.0,,0.78,1.0,3.48,3.48,-14.39,0.85,2,0,0,0,0,1,1,,,,,,🔴,TÍCH LŨY,PULL XẤU,OBV gãy | RSI yếu | Giá dưới EMA9 | Slope âm | Pull xấu,🔴,,,,🔴 Yếu,,False
2026-08-03,PVS,🔴 YẾU,2,34500.0,3.6,-5.99,43.51,⏳ CHỜ,OBV xấu + Xu hướng giảm + Thiếu mẫu xác nhận,2026-08-04T11:28:46+07:00,5.12,34488.75,35670.0,-3.31,1.18,0.03,125199700.0,125617344.0,2021400.0,3102255.0,,0.63,1.09,4.23,4.23,-11.99,-0.86,3,1,0,0,0,1,1,,,,,,🔴,MUA EARLY,PULL XẤU,OBV gãy | RSI yếu | Slope âm | Pull xấu,🟡,,,,🔴 Yếu,,False
2026-08-03,SHB,🔴 YẾU,2,11700.0,2.18,-0.85,37.3,⏳ CHỜ,OBV xấu + Xu hướng giảm + Thiếu mẫu xác nhận,2026-08-04T11:28:46+07:00,16.92,11709.49,12237.5,-4.31,1.72,-0.08,1784548260.0,1792290865.0,58669800.0,52847475.0,,1.06,1.16,4.46,4.46,-14.6,1.3,2,0,0,0,0,1,1,,,,,,🔴,TÍCH LŨY,PULL XẤU,OBV gãy | RSI yếu | Giá dưới EMA9 | Slope âm | Pull xấu,🔴,,,,🔴 Yếu,,True
2026-08-03,VPB,🔴 YẾU,2,25450.0,3.67,1.8,46.94,⏳ CHỜ,OBV xấu + Thiếu mẫu xác nhận + Xu hướng giảm,2026-08-04T11:28:46+07:00,18.39,25059.1,25695.0,-2.47,1.66,1.56,1330635292.0,1331105827.0,13595900.0,15052440.0,,0.8,1.02,4.52,4.52,-9.43,2.21,3,1,0,0,0,1,1,,,,,,🔴,MUA EARLY,PULL XẤU,OBV gãy | RSI yếu | Slope âm | Pull xấu,🟡,,,,🔴 Yếu,,True
2026-08-03,C4G,⚠️ YẾU DẦN,3,5700.0,0.0,-6.56,32.32,🟠 HẠN CHẾ / GIẢM,OBV xấu + Xu hướng giảm + Thiếu mẫu xác nhận,2026-08-04T11:28:46+07:00,17.81,5747.16,6070.0,-5.32,0.98,-0.82,15043900.0,15098927.0,381600.0,230660.0,,1.02,0.98,3.64,3.64,-16.18,1.79,2,0,0,0,0,0,2,,,,,,🔴,TÍCH LŨY,PULL XẤU,OBV gãy | RSI yếu | Giá dưới EMA9 | Slope âm | Pull xấu,🔴,,,,🔴 Yếu,,False
2026-08-03,DDV,⚠️ YẾU DẦN,3,18500.0,2.21,-10.19,29.02,🟠 HẠN CHẾ / GIẢM,OBV xấu + Xu hướng giảm + Thiếu mẫu xác nhận,2026-08-04T11:28:46+07:00,12.16,18688.24,20035.0,-6.72,0.91,-1.01,56269500.0,56508463.0,228900.0,328535.0,,0.67,0.95,3.35,3.35,-19.21,1.65,1,0,0,0,0,1,0,,,,,,🔴,THEO DÕI,PULL XẤU,OBV gãy | RSI yếu | Giá dưới EMA9 | Slope âm | Pull xấu,🔴,,,,🔴 Yếu,,False
2026-08-03,LPB,⚠️ YẾU DẦN,3,52600.0,-2.59,-1.68,51.03,🟠 HẠN CHẾ / GIẢM,OBV xấu + Thiếu mẫu xác nhận,2026-08-04T11:28:46+07:00,0.12,52759.82,52875.0,-0.22,-1.01,-0.3,169551900.0,170618963.0,2566500.0,3134525.0,,1.22,1.19,2.14,15.6,-6.07,0.96,1,0,0,0,0,0,1,,,,,,🔴,THEO DÕI,PULL XẤU,OBV gãy | RSI yếu | Giá dưới EMA9 | Slope âm | Pull xấu,🔴,,,,🔴 Yếu,,True
2026-08-03,MCH,⚠️ YẾU DẦN,3,136600.0,-0.65,0.96,49.82,🟠 HẠN CHẾ / GIẢM,OBV xấu + Thiếu mẫu xác nhận,2026-08-04T11:28:46+07:00,-6.68,138487.04,137375.0,0.81,0.75,-1.36,10731000.0,11113175.0,443000.0,383465.0,,2.41,1.47,2.09,8.41,-4.87,-3.05,1,0,0,0,1,0,0,,,,,,🔴,THEO DÕI,PULL XẤU,OBV gãy | RSI yếu | RSI chững | Giá dưới EMA9 | Pull xấu,🔴,,,,🟡 Ổn định,,True
2026-08-03,NTL,⚠️ YẾU DẦN,3,13800.0,-1.43,-6.76,20.07,🟠 HẠN CHẾ / GIẢM,Vol chưa xác nhận + Xu hướng giảm + RSI yếu,2026-08-04T11:28:46+07:00,6.02,14018.83,14522.5,-3.47,-0.42,-1.56,71300900.0,71233869.0,543100.0,274755.0,,1.42,1.15,0.73,0.73,-9.21,0.73,4,0,0,2,0,0,2,,,,,,🟢,MUA EARLY,PULL XẤU,RSI yếu | Giá dưới EMA9 | Slope âm | Pull xấu,🟡,,,,🔴 Yếu,,True
2026-08-03,PVB,⚠️ YẾU DẦN,3,21000.0,0.96,-5.83,33.4,🟠 HẠN CHẾ / GIẢM,OBV xấu + Xu hướng giảm + Vol chưa xác nhận,2026-08-04T11:28:46+07:00,2.52,21269.23,22190.0,-4.15,1.15,-1.27,1263300.0,1265819.0,115700.0,66370.0,,0.65,1.09,1.94,1.94,-14.63,0.0,0,0,0,0,0,0,0,,,,,,🔴,THEO DÕI,PULL XẤU,OBV gãy | RSI yếu | Giá dưới EMA9 | Slope âm | Pull xấu,🔴,,,,🔴 Yếu,,False
2026-08-03,PVD,⚠️ YẾU DẦN,3,18150.0,-0.82,-5.96,44.5,🟠 HẠN CHẾ / GIẢM,OBV xấu + Xu hướng giảm + Thiếu mẫu xác nhận,2026-08-04T11:28:46+07:00,-1.35,18489.7,18955.0,-2.45,0.01,-1.84,275138800.0,277109872.0,3733400.0,4009370.0,,0.62,0.88,3.71,3.71,-12.32,0.83,1,0,0,0,0,0,1,,,,,,🔴,THEO DÕI,PULL XẤU,OBV gãy | RSI yếu | RSI chững | Giá dưới EMA9 | Slope âm | Pull xấu,🔴,,,,🔴 Yếu,,True
2026-08-03,SSB,⚠️ YẾU DẦN,3,15250.0,-1.93,-3.17,41.3,🟠 HẠN CHẾ / GIẢM,OBV xấu + Thiếu mẫu xác nhận,2026-08-04T11:28:46+07:00,-3.03,15518.36,15762.5,-1.55,0.4,-1.73,32900500.0,34849355.0,2217000.0,2206995.0,,0.93,0.99,0.0,11.72,-7.58,-1.93,0,0,0,0,0,0,0,,,,,,🔴,THEO DÕI,PULL XẤU,OBV gãy | RSI yếu | RSI chững | Giá dưới EMA9 | Slope âm | Pull xấu,🔴,,,,🔴 Yếu,,True
2026-08-03,TCM,⚠️ YẾU DẦN,3,16650.0,-1.48,-4.86,27.73,🟠 HẠN CHẾ / GIẢM,OBV xấu + Xu hướng giảm + RSI yếu,2026-08-04T11:28:46+07:00,1.92,17050.35,18252.5,-6.59,0.56,-2.35,-8783200.0,-7483973.0,659600.0,1278975.0,,1.2,1.25,2.15,2.15,-17.37,0.6,0,0,0,0,0,0,0,,,,,,🔴,THEO DÕI,PULL XẤU,OBV gãy | RSI yếu | Giá dưới EMA9 | Slope âm | Pull xấu,🔴,,,,🔴 Yếu,,True
2026-08-03,VJC,⚠️ YẾU DẦN,3,124800.0,-0.95,-5.45,36.07,🟠 HẠN CHẾ / GIẢM,OBV xấu + Xu hướng giảm + Thiếu mẫu xác nhận,2026-08-04T11:28:46+07:00,-0.01,126218.79,130474.95,-3.26,0.64,-1.12,23958800.0,24778723.0,1080700.0,1012595.0,,1.17,1.11,1.13,1.13,-12.11,-0.24,0,0,0,0,0,0,0,,,,,,🔴,THEO DÕI,PULL XẤU,OBV gãy | RSI yếu | RSI chững | Giá dưới EMA9 | Slope âm | Pull xấu,🔴,,,,🔴 Yếu,,True
2026-08-03,HUT,⛔ RẤT YẾU,4,14300.0,-3.38,-5.92,15.43,🔴 TRÁNH / BÁN,OBV xấu + RSI yếu + Vol chưa xác nhận,2026-08-04T11:28:46+07:00,-11.71,14769.02,15010.0,-1.61,-0.45,-3.18,33651300.0,39558641.0,5731700.0,2436600.0,,1.6,1.36,0.0,0.0,-6.54,-3.38,-2,0,0,0,0,0,-2,,,,,,🔴,THEO DÕI,PULL XẤU,OBV gãy | RSI yếu | RSI chững | Giá dưới EMA9 | Slope âm | Pull xấu,🔴,,,,🔴 Yếu,,False
2026-08-04,ANV,🌱 ĐANG HỒI,0,17750.0,5.34,1.14,43.34,🟢 MUA / GIỮ,OBV tốt + Vol xác nhận + Vị trí giá tốt,2026-08-05T11:13:51+07:00,4.06,17374.43,17867.45,-2.76,2.82,2.16,42916100.0,42266541.0,572900.0,632025.0,,0.81,0.98,9.91,9.91,-13.63,1.43,5,1,0,2,0,1,1,,,,,,🟢,MUA EARLY,PULL XẤU,RSI yếu | Slope âm | Pull xấu,🟡,,,,🔴 Yếu,,True
2026-08-04,BAF,🌱 ĐANG HỒI,0,31700.0,9.31,7.82,79.27,🟢 MUA / GIỮ,OBV tốt + RS mạnh + Xu hướng lên,2026-08-05T11:13:51+07:00,24.03,30032.43,29667.5,1.23,2.09,5.55,101578200.0,95579077.0,3628900.0,1489005.0,,1.33,1.3,9.88,11.23,3.59,4.45,11,2,2,2,1,2,2,,,,,,🟢,MUA BREAK,PULL XẤU,Pull xấu,🟡,🟢 GREEN 2,,,🟡 Ổn định,,True
2026-08-04,BID,🌱 ĐANG HỒI,0,38100.0,8.55,3.53,48.14,🟢 MUA / GIỮ,OBV tốt + Vol xác nhận + Vị trí giá tốt,2026-08-05T11:13:51+07:00,5.62,37282.35,37855.5,-1.51,3.31,2.19,146552700.0,139631156.0,3977900.0,4134750.0,,1.27,1.17,9.8,9.8,-8.24,-0.78,3,1,0,1,0,1,0,,,,,,🟢,MUA EARLY,PULL XẤU,RSI yếu | Slope âm | Pull xấu,🟡,,,,🔴 Yếu,,True
2026-08-04,BVH,🌱 ĐANG HỒI,0,62500.0,10.42,7.2,55.11,🟢 MUA / GIỮ,OBV tốt + RSI cải thiện + Xu hướng lên,2026-08-05T11:13:51+07:00,2.46,60509.14,59195.0,2.22,2.71,3.29,16242300.0,15887275.0,255900.0,378285.0,,1.37,1.02,10.42,10.42,-2.8,-2.8,9,2,1,1,2,2,1,,,,,,🟢,GÀ TĂNG TỐC,PULL XẤU,Pull xấu,🟡,,,,🟢 Tăng tốc,,True
2026-08-04,CII,🌱 ĐANG HỒI,0,14400.0,10.77,3.6,45.39,🟢 MUA / GIỮ,OBV tốt + RS mạnh + RSI cải thiện,2026-08-05T11:13:51+07:00,12.7,13804.88,14622.45,-5.59,3.51,4.31,595740204.0,583914559.0,6211600.0,8444955.0,,0.95,1.03,13.83,13.83,-15.79,2.86,4,1,0,2,0,1,0,,,,,,🟢,MUA EARLY,PULL XẤU,RSI yếu | Slope âm | Pull xấu,🟡,,✅ EARLY GREEN2,,🔴 Yếu,,True
2026-08-04,CMG,🌱 ĐANG HỒI,0,25250.0,5.87,3.06,47.45,🟢 MUA / GIỮ,OBV tốt + Vị trí giá tốt + RSI cải thiện,2026-08-05T11:13:51+07:00,14.66,24762.85,25262.5,-1.98,2.53,1.97,-7327200.0,-7731406.0,104100.0,203160.0,,1.22,1.17,6.99,6.99,-7.85,-1.37,4,1,0,1,0,1,1,,,,,,🟢,MUA EARLY,PULL XẤU,RSI yếu | Slope âm | Pull xấu,🟡,,,,🔴 Yếu,,True
2026-08-04,CTD,🌱 ĐANG HỒI,0,64000.0,11.11,9.22,51.21,🟢 MUA / GIỮ,OBV tốt + RSI cải thiện + RS mạnh,2026-08-05T11:13:51+07:00,16.04,60673.49,62140.0,-2.36,5.16,5.48,11263100.0,10047349.0,415500.0,495920.0,,0.96,0.92,16.15,16.15,-10.74,2.07,6,1,0,2,0,2,1,,,,,,🟢,MUA EARLY,PULL XẤU,RSI yếu | Slope âm | Pull xấu,🟡,,✅ EARLY GREEN2,,🔴 Yếu,,True
2026-08-04,CTG,🌱 ĐANG HỒI,0,31950.0,10.17,5.0,55.5,🟢 MUA / GIỮ,OBV tốt + RSI cải thiện + RS mạnh,2026-08-05T11:13:51+07:00,14.0,30725.01,31003.5,-0.9,3.68,3.99,378932800.0,355513737.0,7570100.0,9319550.0,,1.13,1.08,11.13,11.13,-6.5,0.16,6,1,1,2,0,1,1,,,,,,🟢,MUA EARLY,PULL XẤU,Slope âm | Pull xấu,🟡,,✅ EARLY GREEN2,,🔴 Yếu,,True
2026-08-04,CTR,🌱 ĐANG HỒI,0,73600.0,6.67,7.29,55.94,🟢 MUA / GIỮ,OBV tốt + RSI cải thiện + Vol xác nhận,2026-08-05T11:13:51+07:00,7.98,71479.75,71005.0,0.67,2.75,2.97,-8921600.0,-9242968.0,244400.0,265170.0,,1.27,1.05,10.84,10.84,-2.66,-0.54,7,2,1,1,1,2,0,,,,,,🟢,MUA EARLY,PULL XẤU,Pull xấu,🟡,,,,🟡 Ổn định,,True
2026-08-04,DBC,🌱 ĐANG HỒI,0,16800.0,5.0,3.07,45.97,🟢 MUA / GIỮ,OBV tốt + Vol xác nhận + Vị trí giá tốt,2026-08-05T11:13:51+07:00,7.16,16456.94,16717.45,-1.56,2.19,2.08,6545100.0,3176684.0,1997200.0,2190465.0,,0.92,0.84,7.01,7.01,-7.69,2.13,5,1,0,2,0,1,1,,,,,,🟢,MUA EARLY,PULL XẤU,RSI yếu | Slope âm | Pull xấu,🟡,,✅ EARLY GREEN2,🌱 EARLY DRY GREEN2,🔴 Yếu,,True
2026-08-04,DGW,🌱 ĐANG HỒI,0,39750.0,17.08,11.81,61.54,🟢 MUA / GIỮ,OBV tốt + RS mạnh + RSI cải thiện,2026-08-05T11:13:51+07:00,14.67,36662.36,36662.5,-0.0,4.26,8.42,57839500.0,53915793.0,1831900.0,832135.0,,1.53,1.2,19.91,19.91,0.38,7.14,8,1,1,2,0,2,2,,,,,,🟢,MUA EARLY,PULL XẤU,Slope âm | Pull xấu,🟡,🟢 GREEN 2,,,🔴 Yếu,,True
2026-08-04,DIG,🌱 ĐANG HỒI,0,10950.0,9.94,0.92,45.29,🟢 MUA / GIỮ,OBV tốt + RS mạnh + RSI cải thiện,2026-08-05T11:13:51+07:00,13.37,10565.39,11215.0,-5.79,2.11,3.64,186085000.0,173792875.0,7378400.0,9950385.0,,1.16,1.22,13.0,13.0,-14.45,3.3,4,1,0,2,0,1,0,,,,,,🟢,MUA EARLY,PULL XẤU,RSI yếu | Slope âm | Pull xấu,🟡,,✅ EARLY GREEN2,,🔴 Yếu,,True
2026-08-04,DRI,🌱 ĐANG HỒI,0,13300.0,4.72,6.4,53.6,🟢 MUA / GIỮ,OBV tốt + RSI cải thiện + Vị trí giá tốt,2026-08-05T11:13:51+07:00,7.69,12958.21,13005.0,-0.36,0.96,2.64,38133100.0,37641090.0,330600.0,395015.0,,0.99,1.13,6.4,6.4,-2.92,1.53,6,1,0,2,0,2,1,,,,,,🟢,MUA EARLY,PULL XẤU,RSI yếu | Slope âm | Pull xấu,🟡,,,,🔴 Yếu,,False
2026-08-04,EIB,🌱 ĐANG HỒI,0,18500.0,6.63,5.11,46.98,🟢 MUA / GIỮ,OBV tốt + RSI cải thiện + Vị trí giá tốt,2026-08-05T11:13:51+07:00,8.15,17993.9,18395.0,-2.18,2.87,2.81,184194900.0,180469403.0,3821000.0,6538825.0,,0.85,1.2,12.12,12.12,-9.54,0.82,5,1,0,2,0,2,0,,,,,,🟢,MUA EARLY,PULL XẤU,RSI yếu | Slope âm | Pull xấu,🟡,,✅ EARLY GREEN2,,🔴 Yếu,,True
2026-08-04,EVF,🌱 ĐANG HỒI,0,12550.0,6.36,1.62,49.28,🟢 MUA / GIỮ,OBV tốt + Vị trí giá tốt + RSI cải thiện,2026-08-05T11:13:51+07:00,3.47,12329.34,12445.0,-0.93,1.24,1.79,150998000.0,149939239.0,1272500.0,1940205.0,,0.65,0.83,6.36,6.36,-3.83,1.62,4,1,0,2,0,1,0,,,,,,🟢,MUA EARLY,PULL XẤU,RSI yếu | Slope âm | Pull xấu,🟡,,✅ EARLY GREEN2,🌱 EARLY DRY GREEN2,🔴 Yếu,,True
2026-08-04,FPT,🌱 ĐANG HỒI,0,71500.0,13.49,10.34,60.48,🟢 MUA / GIỮ,OBV tốt + RSI cải thiện + RS mạnh,2026-08-05T11:13:51+07:00,13.83,67798.06,67454.9,0.51,4.28,5.46,-413871900.0,-425531756.0,6584300.0,8073385.0,,1.04,0.95,14.95,14.95,-2.99,-1.24,7,2,1,1,1,2,0,,,,,,🟢,MUA EARLY,PULL XẤU,Pull xấu,🟡,,,,🟡 Ổn định,,True
2026-08-04,FRT,🌱 ĐANG HỒI,0,135500.0,25.81,22.18,75.27,🟢 MUA / GIỮ,Xu hướng lên + OBV tốt + RS mạnh,2026-08-05T11:13:51+07:00,20.26,120944.64,114250.0,5.86,7.36,12.03,1839200.0,-556582.0,957900.0,420815.0,,1.86,1.55,29.05,29.05,1.8,-0.37,8,2,2,2,2,2,-2,,,,,,🟢,MUA BREAK,PULL XẤU,Pull xấu,🟡,,,,🟢 Tăng tốc,,True
2026-08-04,GEE,🌱 ĐANG HỒI,0,71000.0,11.81,0.0,41.21,🟢 MUA / GIỮ,OBV tốt + Vol xác nhận + RS mạnh,2026-08-05T11:13:51+07:00,8.56,68676.8,73370.0,-6.4,3.4,3.38,91228700.0,89810750.0,1197600.0,1155520.0,,0.89,1.03,11.81,11.81,-19.77,4.41,5,1,0,2,0,1,1,,,,,,🟢,MUA EARLY,PULL XẤU,RSI yếu | Slope âm | Pull xấu,🟡,,,,🔴 Yếu,,True
2026-08-04,GEX,🌱 ĐANG HỒI,0,24850.0,18.9,12.7,49.94,🟢 MUA / GIỮ,OBV tốt + RS mạnh + RSI cải thiện,2026-08-05T11:13:51+07:00,14.12,22895.86,23792.5,-3.77,6.76,8.53,567480200.0,533154071.0,16656400.0,13719660.0,,1.11,1.16,22.41,22.41,-16.05,5.97,7,1,0,2,0,2,2,,,,,,🟢,MUA EARLY,PULL XẤU,RSI yếu | Slope âm | Pull xấu,🟡,,,,🔴 Yếu,,True
2026-08-04,GIL,🌱 ĐANG HỒI,0,7890.0,19.0,11.44,40.98,🟢 MUA / GIỮ,OBV tốt + RS mạnh + Vol xác nhận,2026-08-05T11:13:51+07:00,28.35,7177.72,8036.0,-10.68,7.42,9.92,-5106210.0,-5293355.0,389590.0,397580.0,,0.61,0.58,20.46,20.46,-31.69,14.18,6,1,0,2,0,2,1,,,,,,🟢,MUA EARLY,PULL XẤU,RSI yếu | Slope âm | Pull xấu,🟡,,,,🔴 Yếu,,True
2026-08-04,GMD,🌱 ĐANG HỒI,0,76700.0,5.21,0.92,54.88,🟢 MUA / GIỮ,OBV tốt + Vị trí giá tốt + RSI cải thiện,2026-08-05T11:13:51+07:00,0.42,75614.05,75525.0,0.12,1.56,1.44,103377100.0,101043336.0,503100.0,1467710.0,,0.81,1.01,6.53,6.53,-3.28,-0.65,6,2,0,1,1,1,1,,,,,,🟢,MUA EARLY,PULL XẤU,RSI yếu | Pull xấu,🟡,,,,🟡 Ổn định,,True
2026-08-04,GVR,🌱 ĐANG HỒI,0,28200.0,7.02,3.11,41.71,🟢 MUA / GIỮ,OBV tốt + Vol xác nhận + Vị trí giá tốt,2026-08-05T11:13:51+07:00,5.79,27680.67,28495.0,-2.86,2.95,1.88,242239000.0,242158708.0,1402200.0,1441080.0,,1.1,1.1,8.46,8.46,-11.88,-0.35,3,1,0,1,0,1,0,,,,,,🟢,MUA EARLY,PULL XẤU,RSI yếu | Slope âm | Pull xấu,🟡,,,,🔴 Yếu,,True
2026-08-04,HAH,🌱 ĐANG HỒI,0,46250.0,5.35,3.01,44.65,🟢 MUA / GIỮ,OBV tốt + Vị trí giá tốt + RSI cải thiện,2026-08-05T11:13:51+07:00,9.01,45464.47,46255.5,-1.71,2.12,1.73,19759700.0,19006970.0,360400.0,496230.0,,0.78,0.88,5.35,5.35,-8.29,-0.11,5,1,0,2,0,1,1,,,,,,🟢,MUA EARLY,PULL XẤU,RSI yếu | Slope âm | Pull xấu,🟡,,,,🔴 Yếu,,True
2026-08-04,HCM,🌱 ĐANG HỒI,0,25950.0,2.57,0.78,59.65,🟢 MUA / GIỮ,OBV tốt + Vol xác nhận + Vị trí giá tốt,2026-08-05T11:13:51+07:00,0.43,25372.01,24948.0,1.7,-0.33,2.28,565551994.0,556700707.0,6444794.0,5899025.0,,0.74,0.83,11.47,12.92,-1.33,2.77,8,2,1,2,1,1,1,,,,,,🟢,CP MẠNH,PULL XẤU,Pull xấu,🟡,🟢 GREEN 2,,,🟡 Ổn định,,True
2026-08-04,HDB,🌱 ĐANG HỒI,0,26400.0,5.18,-2.04,53.16,🟢 MUA / GIỮ,OBV tốt + Vol xác nhận + RSI cải thiện,2026-08-05T11:13:51+07:00,8.73,25895.23,26335.0,-1.67,1.0,1.95,934317500.0,923088921.0,11276100.0,11000655.0,,0.88,0.97,5.18,6.02,-5.04,1.15,5,1,0,2,0,1,1,,,,,,🟢,MUA EARLY,PULL XẤU,RSI yếu | Slope âm | Pull xấu,🟡,,✅ EARLY GREEN2,,🔴 Yếu,,True
2026-08-04,HHS,🌱 ĐANG HỒI,0,10250.0,6.77,2.81,48.39,🟢 MUA / GIỮ,OBV tốt + RSI cải thiện + Vol xác nhận,2026-08-05T11:13:51+07:00,9.18,9929.28,10210.0,-2.75,2.22,3.23,160450700.0,158953509.0,880700.0,1024610.0,,0.95,0.96,9.04,9.04,-8.89,-0.49,4,1,0,2,0,1,0,,,,,,🟢,MUA EARLY,PULL XẤU,RSI yếu | Slope âm | Pull xấu,🟡,,,,🔴 Yếu,,True
2026-08-04,HHV,🌱 ĐANG HỒI,0,10200.0,3.76,3.03,46.62,🟢 MUA / GIỮ,OBV tốt + Vol xác nhận + Vị trí giá tốt,2026-08-05T11:13:51+07:00,6.55,10061.24,10202.5,-1.38,1.36,1.38,171730100.0,167327505.0,2577500.0,2634350.0,,0.96,0.9,4.08,4.08,-5.56,-0.49,4,1,0,2,0,1,0,,,,,,🟢,MUA EARLY,PULL XẤU,RSI yếu | Slope âm | Pull xấu,🟡,,,,🔴 Yếu,,True
2026-08-04,HPG,🌱 ĐANG HỒI,0,22200.0,5.71,6.73,51.19,🟢 MUA / GIỮ,OBV tốt + RSI cải thiện + Vị trí giá tốt,2026-08-05T11:13:51+07:00,5.01,21749.76,21782.5,-0.15,2.57,2.07,381703524.0,360005005.0,22694000.0,26774870.0,,1.25,1.17,9.09,9.09,-5.13,-1.55,4,1,0,1,0,2,0,,,,,,🟢,MUA EARLY,PULL XẤU,RSI yếu | Slope âm | Pull xấu,🟡,,,,🔴 Yếu,,True
2026-08-04,HVN,🌱 ĐANG HỒI,0,25050.0,14.65,11.33,63.56,🟢 MUA / GIỮ,OBV tốt + RS mạnh + RSI cải thiện,2026-08-05T11:13:51+07:00,23.65,22750.32,23280.0,-2.28,4.29,10.11,4797800.0,2805472.0,2163400.0,1293925.0,,0.69,0.73,18.16,19.57,-5.47,6.82,8,1,1,2,0,2,2,,,,,,🟢,MUA EARLY,PULL XẤU,Slope âm | Pull xấu,🟡,🟢 GREEN 2,,,🔴 Yếu,,True
2026-08-04,IDC,🌱 ĐANG HỒI,0,33300.0,3.42,0.94,46.79,🟢 MUA / GIỮ,OBV tốt + Vị trí giá tốt + RSI cải thiện,2026-08-05T11:13:51+07:00,6.27,32821.08,32986.0,-0.5,1.85,1.46,67660200.0,66136633.0,869200.0,1137840.0,,0.83,0.99,5.71,5.71,-6.25,-0.6,4,1,0,1,0,1,1,,,,,,🟢,MUA EARLY,PULL XẤU,RSI yếu | Slope âm | Pull xấu,🟡,,,,🔴 Yếu,,False
2026-08-04,KBC,🌱 ĐANG HỒI,0,28250.0,1.62,5.02,47.86,🟢 MUA / GIỮ,OBV tốt + Vị trí giá tốt + Vol xác nhận,2026-08-05T11:13:51+07:00,3.53,27982.93,27997.5,-0.05,0.92,0.95,231944400.0,230718262.0,1100900.0,1291690.0,,1.01,1.1,5.41,5.41,-2.08,0.0,3,1,0,1,0,1,0,,,,,,🟢,MUA EARLY,PULL XẤU,RSI yếu | Slope âm | Pull xấu,🟡,,,,🔴 Yếu,,True
2026-08-04,KDH,🌱 ĐANG HỒI,0,18500.0,9.14,3.35,44.33,🟢 MUA / GIỮ,OBV tốt + Vol xác nhận + RS mạnh,2026-08-05T11:13:51+07:00,13.35,17830.92,18472.5,-3.47,3.4,3.75,-16873502.0,-24979103.0,4977398.0,5143940.0,,1.05,1.13,12.8,12.8,-13.35,2.78,5,1,0,2,0,1,1,,,,,,🟢,MUA EARLY,PULL XẤU,RSI yếu | Slope âm | Pull xấu,🟡,,,,🔴 Yếu,,True
2026-08-04,KSB,🌱 ĐANG HỒI,0,13650.0,3.8,3.41,46.89,🟢 MUA / GIỮ,OBV tốt + Vol xác nhận + Vị trí giá tốt,2026-08-05T11:13:51+07:00,8.02,13387.34,13600.0,-1.56,1.57,1.96,30810700.0,29593281.0,799900.0,677640.0,,1.26,1.15,5.41,5.41,-6.83,1.11,5,1,0,2,0,1,1,,,,,,🟢,MUA EARLY,PULL XẤU,RSI yếu | Slope âm | Pull xấu,🟡,,✅ EARLY GREEN2,,🔴 Yếu,,True
2026-08-04,LPB,🌱 ĐANG HỒI,0,53500.0,0.0,-2.01,54.63,🟢 MUA / GIỮ,OBV tốt + RSI cải thiện + Vị trí giá tốt,2026-08-05T11:13:51+07:00,3.72,52971.85,52880.0,0.17,-0.36,1.0,172204400.0,170936050.0,2652500.0,3181330.0,,1.01,1.18,3.88,17.58,-4.46,0.56,6,2,0,2,1,0,1,,,,,,🟢,MUA EARLY,PULL XẤU,RSI yếu | Pull xấu,🟡,,✅ EARLY GREEN2,,🟡 Ổn định,,True
2026-08-04,MBB,🌱 ĐANG HỒI,0,24350.0,9.93,7.27,61.03,🟢 MUA / GIỮ,OBV tốt + RSI cải thiện + Vol xác nhận,2026-08-05T11:13:51+07:00,21.87,23094.89,23307.5,-0.91,3.27,5.43,895371916.0,873167151.0,16987000.0,14774025.0,,0.99,1.03,12.47,12.47,-3.14,1.04,7,1,1,2,0,2,1,,,,,,🟢,MUA EARLY,PULL XẤU,Slope âm | Pull xấu,🟡,,,,🔴 Yếu,,True
2026-08-04,MML,🌱 ĐANG HỒI,0,28500.0,4.78,3.64,50.62,🟢 MUA / GIỮ,OBV tốt + Vol xác nhận + Vị trí giá tốt,2026-08-05T11:13:51+07:00,-5.53,28189.25,27995.0,0.69,1.74,1.1,-1509300.0,-1560077.0,22600.0,23400.0,,1.81,1.24,7.55,7.55,-2.4,-1.72,5,2,0,1,1,1,0,,,,,,🟢,MUA EARLY,PULL XẤU,RSI yếu | RSI chững | Pull xấu,🟡,,,,🟡 Ổn định,,False
2026-08-04,MSB,🌱 ĐANG HỒI,0,16250.0,2.2,0.93,60.18,🟢 MUA / GIỮ,OBV tốt + RSI cải thiện + Vị trí giá tốt,2026-08-05T11:13:51+07:00,12.06,16017.07,16037.45,-0.13,0.52,1.45,760083500.0,751554137.0,5145000.0,6915320.0,,0.89,1.01,3.17,19.49,-1.22,0.63,5,1,1,2,0,1,0,,,,,,🟢,PULL VỪA,PULL VỪA,Slope âm,🟡,,,,🔴 Yếu,,True
2026-08-04,MSN,🌱 ĐANG HỒI,0,67700.0,3.04,4.31,49.36,🟢 MUA / GIỮ,OBV tốt + Vị trí giá tốt + RSI cải thiện,2026-08-05T11:13:51+07:00,-0.32,66723.51,66715.0,0.01,1.69,1.46,101573500.0,99680983.0,3115600.0,4556370.0,,0.91,1.0,5.95,5.95,-3.84,-1.02,6,2,0,1,1,1,1,,,,,,🟢,MUA EARLY,PULL XẤU,RSI yếu | RSI chững | Pull xấu,🟡,,,,🟡 Ổn định,,True
2026-08-04,MSR,🌱 ĐANG HỒI,0,39200.0,7.99,15.63,62.95,🟢 MUA / GIỮ,OBV tốt + RSI cải thiện + Xu hướng lên,2026-08-05T11:13:51+07:00,13.49,36610.48,35700.0,2.55,3.67,7.07,15416800.0,11637403.0,2493900.0,957235.0,,1.08,1.03,19.15,19.15,2.35,4.53,11,2,1,2,2,2,2,,,,,,🟢,GÀ TĂNG TỐC,PULL XẤU,Pull xấu,🟡,🟢 GREEN 2,,,🟢 Tăng tốc,,False
2026-08-04,MWG,🌱 ĐANG HỒI,0,72000.0,12.15,-3.67,49.13,🟢 MUA / GIỮ,OBV tốt + RSI cải thiện + RS mạnh,2026-08-05T11:13:51+07:00,5.24,70144.94,71987.0,-2.56,3.02,2.64,242247600.0,235564364.0,3706800.0,5007300.0,,1.2,1.35,15.51,15.51,-7.68,-0.28,4,1,0,1,0,1,1,,,,,,🟢,MUA EARLY,PULL XẤU,RSI yếu | Slope âm | Pull xấu,🟡,,,,🔴 Yếu,,True
2026-08-04,NKG,🌱 ĐANG HỒI,0,11150.0,4.69,6.19,46.94,🟢 MUA / GIỮ,OBV tốt + Vị trí giá tốt + Vol xác nhận,2026-08-05T11:13:51+07:00,2.19,10989.71,11145.0,-1.39,2.39,1.46,274990200.0,274015940.0,1319700.0,1792700.0,,1.06,1.13,7.21,7.21,-8.23,-0.45,5,1,0,1,0,2,1,,,,,,🟢,MUA EARLY,PULL XẤU,RSI yếu | Slope âm | Pull xấu,🟡,,,,🔴 Yếu,,True
2026-08-04,NT2,🌱 ĐANG HỒI,0,21400.0,4.39,-1.38,47.19,🟢 MUA / GIỮ,OBV tốt + Vị trí giá tốt + RSI cải thiện,2026-08-05T11:13:51+07:00,5.27,21220.42,21352.5,-0.62,1.16,0.85,14196900.0,14168785.0,386200.0,563460.0,,1.44,1.25,4.39,4.39,-4.46,-1.38,4,1,0,1,0,1,1,,,,,,🟢,MUA EARLY,PULL XẤU,RSI yếu | Slope âm | Pull xấu,🟡,,,,🔴 Yếu,,True
2026-08-04,NVL,🌱 ĐANG HỒI,0,13900.0,7.34,10.32,67.3,🟢 MUA / GIỮ,OBV tốt + Xu hướng lên + RSI cải thiện,2026-08-05T11:13:51+07:00,12.72,13091.18,12690.0,3.16,1.31,6.18,640688442.0,601767468.0,20027738.0,15343512.0,,1.22,1.23,17.3,17.3,2.96,5.3,12,2,2,2,2,2,2,,,,,,🟢,GÀ TĂNG TỐC,PULL XẤU,Pull xấu,🟡,,,,🟢 Tăng tốc,,True
2026-08-04,ORS,🌱 ĐANG HỒI,0,14200.0,8.4,7.58,57.3,🟢 MUA / GIỮ,OBV tốt + Vị trí giá tốt + RSI cải thiện,2026-08-05T11:13:51+07:00,-0.91,13796.72,13697.5,0.72,2.3,2.92,216460163.0,206938907.0,2273763.0,5331783.0,,0.93,0.82,10.94,12.25,-5.33,0.0,8,2,1,2,1,2,0,,,,,,🟢,MUA EARLY,PULL XẤU,RSI chững | Pull xấu,🟡,,,,🟡 Ổn định,,True
2026-08-04,PET,🌱 ĐANG HỒI,0,40500.0,14.08,15.71,69.2,🟢 MUA / GIỮ,OBV tốt + Xu hướng lên + RS mạnh,2026-08-05T11:13:51+07:00,10.05,37741.33,36927.0,2.21,2.47,7.31,70139200.0,69136875.0,1177200.0,423050.0,,0.66,0.83,16.38,26.29,4.38,6.58,12,2,2,2,2,2,2,,,,,,🟢,GÀ TĂNG TỐC,PULL XẤU,Pull xấu,🟡,,,,🟢 Tăng tốc,,True
2026-08-04,PLC,🌱 ĐANG HỒI,0,19600.0,8.89,7.69,50.62,🟢 MUA / GIỮ,OBV tốt + RSI cải thiện + RS mạnh,2026-08-05T11:13:51+07:00,3.53,19025.83,19270.0,-1.27,2.95,3.02,18365300.0,18295777.0,92900.0,115320.0,,1.17,0.97,10.73,10.73,-13.27,5.38,5,1,0,1,0,2,1,,,,,,🟢,MUA EARLY,PULL XẤU,RSI yếu | Slope âm | Pull xấu,🟡,,,,🔴 Yếu,,False
2026-08-04,PVT,🌱 ĐANG HỒI,0,18150.0,9.01,11.35,49.09,🟢 MUA / GIỮ,OBV tốt + Vị trí giá tốt + Vol xác nhận,2026-08-05T11:13:51+07:00,-0.28,17810.46,17917.5,-0.6,3.55,1.91,553828.0,-2515229.0,2550772.0,3030164.0,,0.85,1.08,11.35,11.35,-9.25,-2.42,4,1,0,1,0,2,0,,,,,,🟢,MUA EARLY,PULL XẤU,RSI yếu | RSI chững | Slope âm | Pull xấu,🟡,,,,🔴 Yếu,,True
2026-08-04,REE,🌱 ĐANG HỒI,0,47900.0,7.64,5.04,57.04,🟢 MUA / GIỮ,OBV tốt + RSI cải thiện + Vị trí giá tốt,2026-08-05T11:13:51+07:00,19.63,46308.85,45865.0,0.97,2.96,3.44,-10019500.0,-11329453.0,329900.0,555720.0,,1.3,1.21,9.24,9.24,-1.03,-0.21,8,2,1,1,1,2,1,,,,,,🟢,CP MẠNH,PULL XẤU,Pull xấu,🟡,,,,🟡 Ổn định,,True
2026-08-04,SAB,🌱 ĐANG HỒI,0,44600.0,3.36,1.43,55.9,🟢 MUA / GIỮ,OBV tốt + Vol xác nhận + RSI cải thiện,2026-08-05T11:13:51+07:00,12.38,43938.51,43771.0,0.38,1.01,1.51,-10393500.0,-11031210.0,643600.0,591175.0,,1.22,1.2,3.72,3.72,-0.49,-0.11,6,2,1,1,1,1,0,,,,,,🟢,PULL VỪA,PULL VỪA,,🟢,,,,🟡 Ổn định,,True
2026-08-04,SBT,🌱 ĐANG HỒI,0,21350.0,3.14,2.4,60.71,🟢 MUA / GIỮ,OBV tốt + Vị trí giá tốt + Vol xác nhận,2026-08-05T11:13:51+07:00,0.86,21097.6,21012.5,0.41,0.9,1.2,104231400.0,103510569.0,539900.0,612480.0,,0.95,0.96,3.14,6.22,-0.23,0.23,8,2,1,2,1,1,1,,,,,,🟢,PULL VỪA,PULL VỪA,,🟢,,,,🟡 Ổn định,,True
2026-08-04,SIP,🌱 ĐANG HỒI,0,51200.0,8.59,9.05,67.97,🟢 MUA / GIỮ,OBV tốt + RSI cải thiện + RS mạnh,2026-08-05T11:13:51+07:00,22.24,48639.92,48270.0,0.77,2.49,5.26,493500.0,354248.0,200400.0,83775.0,,0.93,1.07,9.87,9.87,2.2,3.12,11,2,2,2,1,2,2,,,,,,🟢,MUA BREAK,PULL XẤU,Pull xấu,🟡,🟢 GREEN 2,,,🟡 Ổn định,,True
2026-08-04,SSI,🌱 ĐANG HỒI,0,24650.0,7.17,6.25,49.84,🟢 MUA / GIỮ,OBV tốt + RSI cải thiện + Vị trí giá tốt,2026-08-05T11:13:51+07:00,5.14,23893.92,24287.5,-1.62,3.37,3.16,1008068888.0,972126925.0,14130200.0,22982950.0,,1.05,1.05,12.05,12.05,-11.33,0.2,5,1,0,2,0,2,0,,,,,,🟢,MUA EARLY,PULL XẤU,RSI yếu | Slope âm | Pull xấu,🟡,,✅ EARLY GREEN2,,🔴 Yếu,,True
2026-08-04,STB,🌱 ĐANG HỒI,0,74300.0,2.48,2.2,59.95,🟢 MUA / GIỮ,OBV tốt + RSI cải thiện + Vol xác nhận,2026-08-05T11:13:51+07:00,10.3,72288.31,71670.0,0.86,0.16,2.78,409264100.0,404400934.0,4940100.0,4169250.0,,0.63,1.01,8.47,12.41,-0.93,3.05,8,2,1,2,1,1,1,,,,,,🟢,CP MẠNH,PULL XẤU,Pull xấu,🟡,,,,🟡 Ổn định,,True
2026-08-04,TCH,🌱 ĐANG HỒI,0,12400.0,10.22,-0.4,44.5,🟢 MUA / GIỮ,OBV tốt + Vol xác nhận + RS mạnh,2026-08-05T11:13:51+07:00,14.98,11942.81,12607.5,-5.27,3.0,3.83,156547000.0,150952816.0,4728000.0,4900640.0,,1.11,1.1,12.73,12.73,-15.65,2.06,5,1,0,2,0,1,1,,,,,,🟢,MUA EARLY,PULL XẤU,RSI yếu | Slope âm | Pull xấu,🟡,,,,🔴 Yếu,,True
2026-08-04,TNG,🌱 ĐANG HỒI,0,18200.0,5.2,7.69,52.34,🟢 MUA / GIỮ,OBV tốt + RSI cải thiện + Vị trí giá tốt,2026-08-05T11:13:51+07:00,9.12,17757.79,17695.0,0.35,2.85,2.49,34809300.0,34485913.0,345500.0,537755.0,,0.62,1.02,9.64,9.64,-4.71,-2.67,7,2,0,1,1,2,1,,,,,,🟢,MUA EARLY,PULL XẤU,RSI yếu | Pull xấu,🟡,,,,🟡 Ổn định,,False
2026-08-04,VCB,🌱 ĐANG HỒI,0,60000.0,10.91,6.7,58.85,🟢 MUA / GIỮ,OBV tốt + RSI cải thiện + Vol xác nhận,2026-08-05T11:13:51+07:00,16.16,57732.64,57418.0,0.55,4.14,3.93,135171300.0,124172409.0,5093100.0,4983490.0,,1.49,1.26,11.11,11.11,-2.1,-1.48,7,2,1,1,1,2,0,,,,,,🟢,MUA EARLY,PULL XẤU,Pull xấu,🟡,,,,🟡 Ổn định,,True
2026-08-04,VCI,🌱 ĐANG HỒI,0,21900.0,11.17,8.68,49.12,🟢 MUA / GIỮ,OBV tốt + RS mạnh + RSI cải thiện,2026-08-05T11:13:51+07:00,2.89,21164.57,21665.0,-2.31,4.37,3.47,159160300.0,142400889.0,7388400.0,10226645.0,,1.22,1.04,18.7,18.7,-15.44,0.23,5,1,0,2,0,2,0,,,,,,🟢,MUA EARLY,PULL XẤU,RSI yếu | Slope âm | Pull xấu,🟡,,✅ EARLY GREEN2,,🔴 Yếu,,True
2026-08-04,VCK,🌱 ĐANG HỒI,0,31350.0,9.62,4.85,50.43,🟢 MUA / GIỮ,OBV tốt + RS mạnh + Vị trí giá tốt,2026-08-05T11:13:51+07:00,1.37,30618.18,30922.5,-0.98,3.18,2.39,76116900.0,71992792.0,1414200.0,2839545.0,,1.17,1.01,10.58,10.58,-8.06,0.0,3,1,0,1,0,1,0,,,,,,🟢,MUA EARLY,PULL XẤU,RSI yếu | Slope âm | Pull xấu,🟡,,,,🔴 Yếu,,True
2026-08-04,VGC,🌱 ĐANG HỒI,0,38300.0,7.13,4.39,50.53,🟢 MUA / GIỮ,OBV tốt + Vol xác nhận + Vị trí giá tốt,2026-08-05T11:13:51+07:00,3.37,37486.14,37882.0,-1.04,2.63,2.17,29619400.0,28941465.0,390600.0,370325.0,,1.09,1.2,9.74,9.74,-5.32,-0.78,3,1,0,1,0,1,0,,,,,,🟢,MUA EARLY,PULL XẤU,RSI yếu | Slope âm | Pull xấu,🟡,,,,🔴 Yếu,,True
2026-08-04,VGI,🌱 ĐANG HỒI,0,81600.0,9.38,5.15,48.88,🟢 MUA / GIỮ,OBV tốt + Vol xác nhận + RSI cải thiện,2026-08-05T11:13:51+07:00,9.46,79783.27,80465.0,-0.85,3.41,2.28,-13928400.0,-14101476.0,229600.0,229450.0,,1.08,1.01,9.38,9.38,-6.74,-2.04,4,1,0,1,0,2,0,,,,,,🟢,MUA EARLY,PULL XẤU,RSI yếu | Slope âm | Pull xấu,🟡,,,,🔴 Yếu,,False
2026-08-04,VGT,🌱 ĐANG HỒI,0,11100.0,4.72,3.74,51.04,🟢 MUA / GIỮ,OBV tốt + RSI cải thiện + Vị trí giá tốt,2026-08-05T11:13:51+07:00,13.94,10883.4,11025.0,-1.28,1.74,1.99,15213200.0,14841220.0,310000.0,224030.0,,0.83,0.83,4.72,4.72,-5.13,0.91,6,1,0,2,0,1,2,,,,,,🟢,MUA EARLY,PULL XẤU,RSI yếu | Slope âm | Pull xấu,🟡,,✅ EARLY GREEN2,🌱 EARLY DRY GREEN2,🔴 Yếu,,False
2026-08-04,VHM,🌱 ĐANG HỒI,0,157400.0,19.33,15.4,65.23,🟢 MUA / GIỮ,OBV tốt + RS mạnh + Xu hướng lên,2026-08-05T11:13:51+07:00,7.65,144670.12,140765.0,2.77,4.96,8.8,351178000.0,342061879.0,6338600.0,4366565.0,,1.24,1.14,24.03,24.03,2.21,6.21,12,2,2,2,2,2,2,,,,,,🟢,GÀ TĂNG TỐC,PULL XẤU,Pull xấu,🟡,,,,🟢 Tăng tốc,,True
2026-08-04,VIC,🌱 ĐANG HỒI,0,220500.0,3.13,1.47,54.64,🟢 MUA / GIỮ,OBV tốt + Vị trí giá tốt + RSI cải thiện,2026-08-05T11:13:51+07:00,0.16,216419.02,217300.0,-0.41,0.28,1.89,314589900.0,311293945.0,5187600.0,3673050.0,,1.18,1.11,9.1,14.84,-1.87,3.04,6,1,0,2,0,1,2,,,,,,🟢,MUA EARLY,PULL XẤU,RSI yếu | Slope âm | Pull xấu,🟡,,,,🔴 Yếu,,True
2026-08-04,VIX,🌱 ĐANG HỒI,0,14050.0,14.23,12.4,49.02,🟢 MUA / GIỮ,OBV tốt + Vol xác nhận + RS mạnh,2026-08-05T11:13:51+07:00,10.27,13164.87,13580.0,-3.06,5.93,6.72,1512477432.0,1457303832.0,51444300.0,47217420.0,,1.1,1.15,19.57,19.57,-16.62,4.85,6,1,0,2,0,2,1,,,,,,🟢,MUA EARLY,PULL XẤU,RSI yếu | Slope âm | Pull xấu,🟡,,✅ EARLY GREEN2,,🔴 Yếu,,True
2026-08-04,VOS,🌱 ĐANG HỒI,0,11150.0,7.73,4.69,48.2,🟢 MUA / GIỮ,OBV tốt + Vol xác nhận + Vị trí giá tốt,2026-08-05T11:13:51+07:00,2.61,10845.88,11085.0,-2.16,2.56,2.8,25582100.0,25440133.0,509500.0,436540.0,,1.31,1.01,8.25,8.25,-8.98,1.36,5,1,0,2,0,1,1,,,,,,🟢,MUA EARLY,PULL XẤU,RSI yếu | Slope âm | Pull xấu,🟡,,,,🔴 Yếu,,True
2026-08-04,VPB,🌱 ĐANG HỒI,0,25800.0,4.88,1.78,51.07,🟢 MUA / GIỮ,OBV tốt + RSI cải thiện + Vị trí giá tốt,2026-08-05T11:13:51+07:00,11.34,25215.28,25607.5,-1.53,2.1,2.32,1342037792.0,1333292220.0,11402500.0,15219990.0,,0.81,0.97,5.95,5.95,-8.19,0.78,4,1,0,2,0,1,0,,,,,,🟢,MUA EARLY,PULL XẤU,RSI yếu | Slope âm | Pull xấu,🟡,,✅ EARLY GREEN2,,🔴 Yếu,,True
2026-08-04,VPL,🌱 ĐANG HỒI,0,80300.0,7.79,3.48,48.53,🟢 MUA / GIỮ,OBV tốt + Vol xác nhận + Vị trí giá tốt,2026-08-05T11:13:51+07:00,2.54,78687.61,79080.0,-0.5,2.63,2.05,15563800.0,15219256.0,670100.0,701610.0,,0.76,0.88,9.25,9.25,-4.4,1.01,4,1,0,1,0,1,1,,,,,,🟢,MUA EARLY,PULL XẤU,RSI yếu | Slope âm | Pull xấu,🟡,,,,🔴 Yếu,,True
2026-08-04,VRE,🌱 ĐANG HỒI,0,26600.0,24.88,15.4,58.82,🟢 MUA / GIỮ,RS mạnh + OBV tốt + RSI cải thiện,2026-08-05T11:13:51+07:00,12.79,24303.01,24222.5,0.33,6.65,9.45,444489800.0,424433956.0,10105100.0,5827245.0,,1.37,1.2,24.88,24.88,-4.32,5.56,10,2,1,2,1,2,2,,,,,,🟢,CP MẠNH,PULL XẤU,Pull xấu,🟡,🟢 GREEN 2,,,🟡 Ổn định,,True
2026-08-04,VSC,🌱 ĐANG HỒI,0,14850.0,14.23,7.61,45.93,🟢 MUA / GIỮ,OBV tốt + RS mạnh + RSI cải thiện,2026-08-05T11:13:51+07:00,12.79,14013.5,14540.0,-3.62,5.68,5.97,280567400.0,248012911.0,13482100.0,8606675.0,,1.56,1.29,16.93,16.93,-16.34,4.21,7,1,0,2,0,2,2,,,,,,🟢,MUA EARLY,PULL XẤU,RSI yếu | Slope âm | Pull xấu,🟡,,✅ EARLY GREEN2,,🔴 Yếu,,True
2026-08-04,VTO,🌱 ĐANG HỒI,0,10550.0,3.94,4.46,58.19,🟢 MUA / GIỮ,OBV tốt + Vị trí giá tốt + RSI cải thiện,2026-08-05T11:13:51+07:00,-1.2,10379.49,10312.5,0.65,1.28,1.64,2084600.0,1898410.0,62600.0,81575.0,,0.94,1.03,4.98,4.98,-0.94,0.48,7,2,1,2,1,1,0,,,,,,🟢,PULL VỪA,PULL VỪA,RSI chững,🟡,,,,🟡 Ổn định,,True
2026-08-04,VTP,🌱 ĐANG HỒI,0,50900.0,13.62,5.6,52.86,🟢 MUA / GIỮ,OBV tốt + Vol xác nhận + RS mạnh,2026-08-05T11:13:51+07:00,19.67,48394.55,49614.0,-2.46,3.52,5.18,6555734.0,5316259.0,419734.0,382917.0,,1.68,1.2,13.62,13.62,-7.39,2.93,6,1,0,2,0,2,1,,,,,,🟢,MUA EARLY,PULL XẤU,RSI yếu | Slope âm | Pull xấu,🟡,,✅ EARLY GREEN2,,🔴 Yếu,,True
2026-08-04,AGR,🟡 TRUNG TÍNH,1,13350.0,4.71,-1.48,44.64,👀 THEO DÕI,OBV tốt + Vị trí giá tốt + RS mạnh,2026-08-05T11:13:51+07:00,2.55,13222.95,13852.5,-4.54,2.33,0.96,23890600.0,23731030.0,148300.0,609390.0,,0.53,0.65,8.98,8.98,-18.1,0.0,4,1,0,2,0,1,0,,,,,,🟢,MUA EARLY,PULL XẤU,RSI yếu | Slope âm | Pull xấu,🟡,,,,🔴 Yếu,,True
2026-08-04,BFC,🟡 TRUNG TÍNH,1,51800.0,5.71,-1.33,43.73,👀 THEO DÕI,OBV tốt + Vị trí giá tốt + RS mạnh,2026-08-05T11:13:51+07:00,3.45,51404.34,53277.5,-3.52,0.97,0.77,29007600.0,28698554.0,85900.0,236935.0,,1.16,0.92,5.71,5.71,-13.67,0.39,4,1,0,2,0,1,0,,,,,,🟢,MUA EARLY,PULL XẤU,RSI yếu | Slope âm | Pull xấu,🟡,,,,🔴 Yếu,,True
2026-08-04,BSI,🟡 TRUNG TÍNH,1,28650.0,6.51,-0.69,40.57,👀 THEO DÕI,OBV tốt + RS mạnh + Vị trí giá tốt,2026-08-05T11:13:51+07:00,5.27,28360.46,30319.9,-6.46,3.17,1.02,22317600.0,21731233.0,387200.0,616185.0,,0.66,0.75,9.14,9.14,-23.19,0.53,4,1,0,2,0,1,0,,,,,,🟢,MUA EARLY,PULL XẤU,RSI yếu | Slope âm | Pull xấu,🟡,,,,🔴 Yếu,,True
2026-08-04,BVS,🟡 TRUNG TÍNH,1,27200.0,5.43,-5.88,46.17,👀 THEO DÕI,OBV tốt + RSI cải thiện + Vị trí giá tốt,2026-08-05T11:13:51+07:00,5.7,26766.37,29705.0,-9.89,1.96,1.62,5200700.0,5101391.0,916100.0,1473600.0,,0.68,0.72,11.93,11.93,-28.04,2.64,4,1,0,2,0,1,0,,,,,,🟢,MUA EARLY,PULL XẤU,RSI yếu | Slope âm | Pull xấu,🟡,,✅ EARLY GREEN2,🌱 EARLY DRY GREEN2,🔴 Yếu,,False
2026-08-04,CEO,🟡 TRUNG TÍNH,1,12000.0,8.11,0.84,39.93,👀 THEO DÕI,OBV tốt + RS mạnh + Vị trí giá tốt,2026-08-05T11:13:51+07:00,6.71,11807.94,12545.0,-5.88,2.78,1.63,298391600.0,292325177.0,4470100.0,5778100.0,,1.14,1.16,11.11,11.11,-18.37,0.0,3,1,0,1,0,1,0,,,,,,🟢,MUA EARLY,PULL XẤU,RSI yếu | Slope âm | Pull xấu,🟡,,,,🔴 Yếu,,False
2026-08-04,CSV,🟡 TRUNG TÍNH,1,21700.0,4.58,-1.36,45.34,👀 THEO DÕI,OBV tốt + Vị trí giá tốt + RSI cải thiện,2026-08-05T11:13:51+07:00,3.75,21468.46,22102.5,-2.87,1.21,1.08,-3783700.0,-3891699.0,278200.0,418795.0,,0.91,0.97,8.5,8.5,-13.55,-1.36,4,1,0,1,0,1,1,,,,,,🟢,MUA EARLY,PULL XẤU,RSI yếu | Slope âm | Pull xấu,🟡,,,,🔴 Yếu,,True
2026-08-04,DCM,🟡 TRUNG TÍNH,1,30900.0,1.98,3.34,43.98,👀 THEO DÕI,OBV tốt + Vị trí giá tốt,2026-08-05T11:13:51+07:00,-1.27,30728.01,31332.45,-1.93,1.53,0.56,62626700.0,62613599.0,1239400.0,2218275.0,,0.8,0.92,6.92,6.92,-11.31,-1.28,4,1,0,1,0,1,1,,,,,,🟢,MUA EARLY,PULL XẤU,RSI yếu | RSI chững | Slope âm | Pull xấu,🟡,,,,🔴 Yếu,,True
2026-08-04,DDV,🟡 TRUNG TÍNH,1,19000.0,5.56,-4.52,36.13,👀 THEO DÕI,OBV tốt + Vị trí giá tốt + Vol xác nhận,2026-08-05T11:13:51+07:00,12.52,18750.6,19935.0,-5.94,1.42,1.33,56519500.0,56510671.0,250000.0,320350.0,,0.66,1.0,6.15,6.15,-17.03,2.15,4,1,0,2,0,1,0,,,,,,🟢,MUA EARLY,PULL XẤU,RSI yếu | Slope âm | Pull xấu,🟡,,,,🔴 Yếu,,False
2026-08-04,DGC,🟡 TRUNG TÍNH,1,40300.0,9.66,-6.28,41.07,👀 THEO DÕI,OBV tốt + Vị trí giá tốt + RS mạnh,2026-08-05T11:13:51+07:00,6.86,39467.19,41717.5,-5.39,2.82,2.11,-123675000.0,-124295704.0,336800.0,778555.0,,0.92,1.46,11.94,11.94,-14.44,1.51,4,1,0,2,0,1,0,,,,,,🟢,MUA EARLY,PULL XẤU,RSI yếu | Slope âm | Pull xấu,🟡,,,,🔴 Yếu,,True
2026-08-04,DPG,🟡 TRUNG TÍNH,1,31450.0,16.7,11.52,51.28,👀 THEO DÕI,OBV tốt + RS mạnh + RSI cải thiện,2026-08-05T11:13:51+07:00,19.68,28819.71,29735.0,-3.08,5.23,9.13,22855200.0,21775487.0,862600.0,406990.0,,1.0,1.0,20.73,20.73,-8.84,8.45,7,1,0,2,0,2,2,,,,,,🟢,MUA EARLY,PULL XẤU,RSI yếu | Slope âm | Pull xấu,🟡,,,,🔴 Yếu,,True
2026-08-04,DPM,🟡 TRUNG TÍNH,1,21850.0,3.02,3.26,50.29,👀 THEO DÕI,OBV tốt + Vị trí giá tốt + Vol xác nhận,2026-08-05T11:13:51+07:00,-1.67,21734.74,21765.0,-0.14,0.66,0.53,77188986.0,73948087.0,2638514.0,3548431.0,,0.8,0.76,5.81,5.81,-4.96,-1.58,4,1,0,1,0,1,1,,,,,,🟢,MUA EARLY,PULL XẤU,RSI yếu | RSI chững | Slope âm | Pull xấu,🟡,,,,🔴 Yếu,,True
2026-08-04,DXG,🟡 TRUNG TÍNH,1,11100.0,8.29,0.91,45.88,👀 THEO DÕI,OBV tốt + RS mạnh + RSI cải thiện,2026-08-05T11:13:51+07:00,12.01,10742.87,11231.0,-4.35,2.1,3.32,563845604.0,553338747.0,4756300.0,10630420.0,,1.02,1.17,11.33,11.33,-10.84,2.3,4,1,0,2,0,1,0,,,,,,🟢,MUA EARLY,PULL XẤU,RSI yếu | Slope âm | Pull xấu,🟡,,✅ EARLY GREEN2,,🔴 Yếu,,True
2026-08-04,FCN,🟡 TRUNG TÍNH,1,10800.0,2.86,-0.46,41.42,👀 THEO DÕI,OBV tốt + Vol xác nhận + Vị trí giá tốt,2026-08-05T11:13:51+07:00,3.47,10760.6,10962.5,-1.84,1.48,0.37,36063000.0,36056170.0,371000.0,367960.0,,1.37,1.14,3.85,3.85,-7.69,-0.92,3,1,0,1,0,1,0,,,,,,🟢,MUA EARLY,PULL XẤU,RSI yếu | Slope âm | Pull xấu,🟡,,,,🔴 Yếu,,True
2026-08-04,FTS,🟡 TRUNG TÍNH,1,22250.0,6.71,1.14,43.07,👀 THEO DÕI,OBV tốt + RS mạnh + Vị trí giá tốt,2026-08-05T11:13:51+07:00,3.58,21985.57,23445.0,-6.22,3.34,1.2,17982000.0,17384065.0,844500.0,1515985.0,,0.73,0.86,10.7,10.7,-21.93,0.45,4,1,0,2,0,1,0,,,,,,🟢,MUA EARLY,PULL XẤU,RSI yếu | Slope âm | Pull xấu,🟡,,,,🔴 Yếu,,True
2026-08-04,GEG,🟡 TRUNG TÍNH,1,12250.0,2.08,0.82,40.72,👀 THEO DÕI,OBV tốt + Vị trí giá tốt,2026-08-05T11:13:51+07:00,3.42,12192.18,12487.5,-2.36,1.55,0.47,23587000.0,23219537.0,148000.0,239995.0,,0.95,0.97,4.7,4.7,-9.93,-0.41,5,1,0,2,0,1,1,,,,,,🟢,MUA EARLY,PULL XẤU,RSI yếu | Slope âm | Pull xấu,🟡,,,,🔴 Yếu,,True
2026-08-04,HAG,🟡 TRUNG TÍNH,1,14050.0,0.36,-0.71,38.14,👀 THEO DÕI,OBV tốt + Vol xác nhận + Vị trí giá tốt,2026-08-05T11:13:51+07:00,-2.52,14073.42,14280.0,-1.45,0.54,-0.17,390873900.0,390160125.0,1851000.0,2271270.0,,1.03,1.08,2.55,2.55,-6.02,-0.35,2,0,0,2,0,0,0,,,,,,🟢,TÍCH LŨY,PULL XẤU,RSI yếu | RSI chững | Giá dưới EMA9 | Slope âm | Pull xấu,🔴,,,,🔴 Yếu,,True
2026-08-04,HDC,🟡 TRUNG TÍNH,1,12100.0,8.04,1.26,38.83,👀 THEO DÕI,OBV tốt + RS mạnh + Vị trí giá tốt,2026-08-05T11:13:51+07:00,10.44,11846.89,12717.5,-6.85,3.08,2.14,157456905.0,156294253.0,943105.0,1369660.0,,1.07,1.2,11.01,11.01,-19.87,2.54,4,1,0,2,0,1,0,,,,,,🟢,MUA EARLY,PULL XẤU,RSI yếu | Slope âm | Pull xấu,🟡,,,,🔴 Yếu,,True
2026-08-04,HSG,🟡 TRUNG TÍNH,1,10850.0,3.83,2.84,45.71,👀 THEO DÕI,OBV tốt + Vị trí giá tốt,2026-08-05T11:13:51+07:00,0.07,10762.81,10952.5,-1.73,1.58,0.81,52610700.0,51957287.0,1281700.0,2828455.0,,0.78,0.79,7.96,7.96,-7.66,-0.91,4,1,0,1,0,1,1,,,,,,🟢,MUA EARLY,PULL XẤU,RSI yếu | Slope âm | Pull xấu,🟡,,,,🔴 Yếu,,True
2026-08-04,IJC,🟡 TRUNG TÍNH,1,7410.0,6.16,1.51,38.36,👀 THEO DÕI,OBV tốt + Vị trí giá tốt + RS mạnh,2026-08-05T11:13:51+07:00,8.1,7291.21,7601.0,-4.08,3.36,1.63,-35378800.0,-36202624.0,1336300.0,1987345.0,,1.13,1.16,10.76,10.76,-15.6,-0.13,4,1,0,1,0,1,1,,,,,,🟢,MUA EARLY,PULL XẤU,RSI yếu | Slope âm | Pull xấu,🟡,,,,🔴 Yếu,,True
2026-08-04,LAS,🟡 TRUNG TÍNH,1,12000.0,4.35,0.0,35.79,👀 THEO DÕI,OBV tốt + Vol xác nhận + Vị trí giá tốt,2026-08-05T11:13:51+07:00,10.16,11873.37,12550.0,-5.39,1.78,1.07,-19642900.0,-19841969.0,179000.0,192755.0,,0.74,0.97,4.35,4.35,-16.08,1.69,5,1,0,2,0,1,1,,,,,,🟢,MUA EARLY,PULL XẤU,RSI yếu | Slope âm | Pull xấu,🟡,,,,🔴 Yếu,,False
2026-08-04,MBS,🟡 TRUNG TÍNH,1,18600.0,4.49,0.54,44.65,👀 THEO DÕI,OBV tốt + Vị trí giá tốt + RSI cải thiện,2026-08-05T11:13:51+07:00,2.77,18470.33,19435.0,-4.96,1.98,0.7,-33601600.0,-40396599.0,4943200.0,9123325.0,,0.64,0.71,6.9,6.9,-18.06,0.0,4,1,0,2,0,1,0,,,,,,🟢,MUA EARLY,PULL XẤU,RSI yếu | Slope âm | Pull xấu,🟡,,,,🔴 Yếu,,False
2026-08-04,NHA,🟡 TRUNG TÍNH,1,8420.0,8.65,-0.36,42.6,👀 THEO DÕI,OBV tốt + RS mạnh + Vị trí giá tốt,2026-08-05T11:13:51+07:00,8.78,8219.85,8510.9,-3.42,2.28,2.44,7033702.0,6906232.0,51702.0,100450.0,,0.93,0.99,10.79,10.79,-10.52,1.32,4,1,0,2,0,1,0,,,,,,🟢,MUA EARLY,PULL XẤU,RSI yếu | Slope âm | Pull xấu,🟡,,,,🔴 Yếu,,True
2026-08-04,NTP,🟡 TRUNG TÍNH,1,49200.0,1.23,2.07,52.9,👀 THEO DÕI,Vol xác nhận + Vị trí giá tốt + RSI cải thiện,2026-08-05T11:13:51+07:00,8.95,48569.95,48565.0,0.01,0.64,1.3,10062700.0,10095084.0,59000.0,60375.0,,1.8,1.37,3.36,3.36,-1.6,1.23,5,2,0,0,1,1,1,,,,,,🔴,MUA EARLY,PULL XẤU,OBV gãy | RSI yếu | Pull xấu,🟡,,✅ EARLY GREEN2,,🟡 Ổn định,,False
2026-08-04,OCB,🟡 TRUNG TÍNH,1,10400.0,2.97,2.46,47.53,👀 THEO DÕI,OBV tốt + Vị trí giá tốt + Vol xác nhận,2026-08-05T11:13:51+07:00,2.26,10294.9,10535.0,-2.28,1.57,1.02,100239900.0,97621129.0,1899900.0,2503835.0,,0.76,0.82,4.0,8.67,-10.34,0.0,4,1,0,2,0,1,0,,,,,,🟢,MUA EARLY,PULL XẤU,RSI yếu | Slope âm | Pull xấu,🟡,,,,🔴 Yếu,,True
2026-08-04,PC1,🟡 TRUNG TÍNH,1,21350.0,-0.23,3.89,50.31,👀 THEO DÕI,OBV tốt + Vị trí giá tốt,2026-08-05T11:13:51+07:00,-3.16,21393.46,21387.5,0.03,0.06,-0.2,126941600.0,124786920.0,1362700.0,2133580.0,,0.91,0.96,3.89,20.96,-4.26,-1.16,4,0,0,1,1,1,1,,,,,,🟢,MUA EARLY,PULL XẤU,RSI yếu | RSI chững | Giá dưới EMA9 | Pull xấu,🟡,,,,🟡 Ổn định,,True
2026-08-04,PDR,🟡 TRUNG TÍNH,1,12250.0,6.52,-1.21,40.04,👀 THEO DÕI,OBV tốt + Vol xác nhận + RS mạnh,2026-08-05T11:13:51+07:00,12.68,11968.46,12692.5,-5.7,2.21,2.35,249825800.0,237717190.0,10049900.0,8082590.0,,1.09,1.03,9.87,9.87,-16.38,2.94,6,1,0,2,0,1,2,,,,,,🟢,MUA EARLY,PULL XẤU,RSI yếu | Slope âm | Pull xấu,🟡,,,,🔴 Yếu,,True
2026-08-04,SHS,🟡 TRUNG TÍNH,1,15800.0,5.33,5.33,44.32,👀 THEO DÕI,OBV tốt + Vị trí giá tốt + RSI cải thiện,2026-08-05T11:13:51+07:00,3.09,15538.22,16270.0,-4.5,3.26,1.68,716442796.0,700969795.0,8518000.0,14853205.0,,0.69,0.8,10.49,10.49,-21.0,0.0,5,1,0,2,0,2,0,,,,,,🟢,MUA EARLY,PULL XẤU,RSI yếu | Slope âm | Pull xấu,🟡,,,,🔴 Yếu,,False
2026-08-04,SZC,🟡 TRUNG TÍNH,1,18900.0,8.62,-0.79,41.61,👀 THEO DÕI,OBV tốt + RS mạnh + Vol xác nhận,2026-08-05T11:13:51+07:00,14.56,18388.81,19255.0,-4.5,2.67,2.78,-21946300.0,-22264181.0,264100.0,336245.0,,1.13,1.15,10.2,10.2,-12.5,1.34,4,1,0,2,0,1,0,,,,,,🟢,MUA EARLY,PULL XẤU,RSI yếu | Slope âm | Pull xấu,🟡,,,,🔴 Yếu,,True
2026-08-04,TPB,🟡 TRUNG TÍNH,1,14800.0,5.34,1.72,47.19,👀 THEO DÕI,OBV tốt + RSI cải thiện + Vị trí giá tốt,2026-08-05T11:13:51+07:00,10.75,14429.22,14827.5,-2.69,2.17,2.57,434619828.0,417813881.0,15584340.0,9998627.0,,0.89,1.05,6.47,6.47,-10.3,2.78,6,1,0,2,0,1,2,,,,,,🟢,MUA EARLY,PULL XẤU,RSI yếu | Slope âm | Pull xấu,🟡,,✅ EARLY GREEN2,,🔴 Yếu,,True
2026-08-04,TVN,🟡 TRUNG TÍNH,1,9100.0,4.6,-4.21,42.31,👀 THEO DÕI,OBV tốt + Vị trí giá tốt + RSI cải thiện,2026-08-05T11:13:51+07:00,6.16,8983.42,9615.0,-6.57,3.71,1.3,36650700.0,36577887.0,295700.0,515495.0,,0.83,0.82,9.64,9.64,-22.22,-1.09,4,1,0,1,0,1,1,,,,,,🟢,MUA EARLY,PULL XẤU,RSI yếu | Slope âm | Pull xấu,🟡,,,,🔴 Yếu,,False
2026-08-04,TVS,🟡 TRUNG TÍNH,1,13900.0,2.96,-1.07,47.57,👀 THEO DÕI,OBV tốt + RSI cải thiện + Vị trí giá tốt,2026-08-05T11:13:51+07:00,2.92,13835.52,14394.95,-3.89,0.27,0.47,5266400.0,5118073.0,121300.0,297670.0,,0.28,0.49,5.7,8.59,-15.5,2.21,4,1,0,2,0,1,0,,,,,,🟢,MUA EARLY,PULL XẤU,RSI yếu | Slope âm | Pull xấu,🟡,,✅ EARLY GREEN2,🌱 EARLY DRY GREEN2,🔴 Yếu,,True
2026-08-04,VCG,🟡 TRUNG TÍNH,1,16050.0,4.56,3.55,43.43,👀 THEO DÕI,OBV tốt + Vol xác nhận + Vị trí giá tốt,2026-08-05T11:13:51+07:00,7.51,15772.52,16431.0,-4.01,2.24,1.76,237070700.0,234338934.0,3284200.0,3689525.0,,0.89,0.81,6.29,6.29,-14.81,0.94,5,1,0,2,0,1,1,,,,,,🟢,MUA EARLY,PULL XẤU,RSI yếu | Slope âm | Pull xấu,🟡,,,,🔴 Yếu,,True
2026-08-04,VDS,🟡 TRUNG TÍNH,1,12150.0,6.11,-0.82,40.57,👀 THEO DÕI,OBV tốt + Vol xác nhận + RS mạnh,2026-08-05T11:13:51+07:00,1.25,12138.11,13072.5,-7.15,3.47,0.1,49639600.0,49388238.0,1207200.0,1561930.0,,0.51,0.63,8.48,8.48,-26.81,-2.02,4,1,0,1,0,1,1,,,,,,🟢,MUA EARLY,PULL XẤU,RSI yếu | Slope âm | Pull xấu,🟡,,,,🔴 Yếu,,True
2026-08-04,VGS,🟡 TRUNG TÍNH,1,18200.0,5.2,0.55,37.83,👀 THEO DÕI,OBV tốt + Vol xác nhận + Vị trí giá tốt,2026-08-05T11:13:51+07:00,7.67,17995.09,18845.0,-4.51,2.53,1.14,4904700.0,4732602.0,135600.0,128295.0,,0.92,0.97,7.06,7.06,-14.95,-1.09,4,1,0,2,0,1,0,,,,,,🟢,MUA EARLY,PULL XẤU,RSI yếu | Slope âm | Pull xấu,🟡,,,,🔴 Yếu,,False
2026-08-04,VHC,🟡 TRUNG TÍNH,1,53700.0,-0.19,-1.47,40.26,👀 THEO DÕI,OBV tốt + Vol xác nhận + Vị trí giá tốt,2026-08-05T11:13:51+07:00,1.59,53749.8,55195.0,-2.62,0.37,-0.09,859000.0,681526.0,191900.0,219730.0,,0.76,0.95,2.09,2.09,-10.2,1.13,3,0,0,2,0,0,1,,,,,,🟢,MUA EARLY,PULL XẤU,RSI yếu | Giá dưới EMA9 | Slope âm | Pull xấu,🟡,,,,🔴 Yếu,,True
2026-08-04,VIB,🟡 TRUNG TÍNH,1,14850.0,3.12,-1.0,43.73,👀 THEO DÕI,OBV tốt + Vị trí giá tốt + RSI cải thiện,2026-08-05T11:13:51+07:00,3.94,14718.72,15057.5,-2.25,1.72,0.89,216220204.0,214732500.0,11766242.0,7600242.0,,0.91,0.98,4.95,4.95,-9.73,0.0,3,1,0,1,0,1,0,,,,,,🟢,MUA EARLY,PULL XẤU,RSI yếu | Slope âm | Pull xấu,🟡,,,,🔴 Yếu,,True
2026-08-04,VND,🟡 TRUNG TÍNH,1,17050.0,3.96,-0.58,49.34,👀 THEO DÕI,OBV tốt + Vị trí giá tốt + RSI cải thiện,2026-08-05T11:13:51+07:00,0.56,16800.84,17165.0,-2.12,1.72,1.48,583102212.0,571770117.0,8201500.0,14737380.0,,0.76,0.85,11.07,11.07,-10.73,0.29,4,1,0,2,0,1,0,,,,,,🟢,MUA EARLY,PULL XẤU,RSI yếu | Slope âm | Pull xấu,🟡,,✅ EARLY GREEN2,🌱 EARLY DRY GREEN2,🔴 Yếu,,True
2026-08-04,ACV,🔴 YẾU,2,39400.0,1.55,-0.51,37.42,⏳ CHỜ,OBV xấu + Thiếu mẫu xác nhận + Xu hướng giảm,2026-08-05T11:13:51+07:00,3.08,39497.75,40475.0,-2.41,1.42,-0.25,-62371900.0,-62060377.0,600500.0,449245.0,,0.97,1.04,2.6,2.6,-9.43,-1.5,-1,0,0,0,0,1,-2,,,,,,🔴,THEO DÕI,PULL XẤU,OBV gãy | RSI yếu | Giá dưới EMA9 | Slope âm | Pull xấu,🔴,,,,🔴 Yếu,,False
2026-08-04,BMP,🔴 YẾU,2,149600.0,1.01,-2.03,50.44,⏳ CHỜ,OBV xấu + Thiếu mẫu xác nhận,2026-08-05T11:13:51+07:00,2.53,150291.0,150090.0,0.13,0.52,-0.46,2213300.0,2258079.0,132900.0,158785.0,,0.7,0.91,2.82,13.42,-4.1,-2.09,2,0,0,0,1,1,0,,,,,,🔴,TÍCH LŨY,PULL XẤU,OBV gãy | RSI yếu | Giá dưới EMA9 | Pull xấu,🔴,,,,🟡 Ổn định,,True
2026-08-04,DPR,🔴 YẾU,2,35950.0,2.28,-0.83,37.34,⏳ CHỜ,OBV xấu + Thiếu mẫu xác nhận,2026-08-05T11:13:51+07:00,2.25,36020.46,36725.0,-1.92,1.14,-0.2,24533500.0,24711835.0,218700.0,167680.0,,0.99,1.12,2.42,2.42,-7.7,-0.96,-1,0,0,0,0,1,-2,,,,,,🔴,THEO DÕI,PULL XẤU,OBV gãy | RSI yếu | Giá dưới EMA9 | Slope âm | Pull xấu,🔴,,,,🔴 Yếu,,True
2026-08-04,DXS,🔴 YẾU,2,5950.0,5.12,-3.25,38.24,⏳ CHỜ,OBV xấu + Xu hướng giảm + Thiếu mẫu xác nhận,2026-08-05T11:13:51+07:00,4.49,5948.02,6321.5,-5.91,1.94,0.03,44046825.0,45367783.0,2416875.0,1676794.0,,1.11,1.09,6.06,6.06,-17.59,-1.16,0,1,0,0,0,1,-2,,,,,,🔴,THEO DÕI,PULL XẤU,OBV gãy | RSI yếu | Slope âm | Pull xấu,🔴,,,,🔴 Yếu,,True
2026-08-04,FOX,🔴 YẾU,2,65600.0,7.54,2.82,43.12,⏳ CHỜ,OBV xấu + Thiếu mẫu xác nhận,2026-08-05T11:13:51+07:00,7.91,64467.47,65640.0,-1.79,3.01,1.76,5419500.0,5450577.0,51900.0,82490.0,,0.87,0.8,7.54,7.54,-10.14,-2.09,3,1,0,0,0,1,1,,,,,,🔴,MUA EARLY,PULL XẤU,OBV gãy | RSI yếu | Slope âm | Pull xấu,🟡,,,,🔴 Yếu,,False
2026-08-04,GAS,🔴 YẾU,2,68900.0,2.84,1.32,41.09,⏳ CHỜ,OBV xấu + Xu hướng giảm + Thiếu mẫu xác nhận,2026-08-05T11:13:51+07:00,2.76,69223.57,71540.0,-3.24,1.43,-0.47,36836500.0,36951402.0,852900.0,1283220.0,,0.73,1.19,6.99,6.99,-12.56,-3.23,2,0,0,0,0,1,1,,,,,,🔴,TÍCH LŨY,PULL XẤU,OBV gãy | RSI yếu | Giá dưới EMA9 | Slope âm | Pull xấu,🔴,,,,🔴 Yếu,,True
2026-08-04,HDG,🔴 YẾU,2,16800.0,4.35,1.51,38.98,⏳ CHỜ,OBV xấu + Xu hướng giảm + Thiếu mẫu xác nhận,2026-08-05T11:13:51+07:00,6.98,16529.37,17289.95,-4.4,1.98,1.64,18747500.0,18822175.0,941600.0,1607680.0,,0.91,0.88,8.39,8.39,-13.18,2.13,2,1,0,0,0,1,0,,,,,,🔴,TÍCH LŨY,PULL XẤU,OBV gãy | RSI yếu | Slope âm | Pull xấu,🔴,,,,🔴 Yếu,,True
2026-08-04,MSH,🔴 YẾU,2,31050.0,2.48,0.49,42.34,⏳ CHỜ,OBV xấu + Thiếu mẫu xác nhận,2026-08-05T11:13:51+07:00,6.15,30877.6,31180.0,-0.97,1.04,0.56,12330600.0,12538833.0,63300.0,115535.0,,1.02,1.05,2.48,2.48,-6.19,-0.48,3,1,0,0,0,1,1,,,,,,🔴,MUA EARLY,PULL XẤU,OBV gãy | RSI yếu | Slope âm | Pull xấu,🟡,,,,🔴 Yếu,,True
2026-08-04,NLG,🔴 YẾU,2,22250.0,8.01,-4.51,41.85,⏳ CHỜ,OBV xấu + Xu hướng giảm + Thiếu mẫu xác nhận,2026-08-05T11:13:51+07:00,7.86,21939.1,23160.0,-5.27,2.62,1.42,47757000.0,47823317.0,2331000.0,2223205.0,,1.63,1.29,11.25,11.25,-14.91,1.14,3,1,0,0,0,1,1,,,,,,🔴,MUA EARLY,PULL XẤU,OBV gãy | RSI yếu | Slope âm | Pull xấu,🟡,,,,🔴 Yếu,,True
2026-08-04,PHR,🔴 YẾU,2,58800.0,6.91,0.68,46.64,⏳ CHỜ,OBV xấu + Thiếu mẫu xác nhận,2026-08-05T11:13:51+07:00,7.07,57913.85,59350.0,-2.42,2.19,1.53,16473200.0,16620467.0,227100.0,312445.0,,1.16,1.18,6.91,6.91,-9.54,-0.34,3,1,0,0,0,1,1,,,,,,🔴,MUA EARLY,PULL XẤU,OBV gãy | RSI yếu | Slope âm | Pull xấu,🟡,,,,🔴 Yếu,,True
2026-08-04,PLX,🔴 YẾU,2,33300.0,5.48,5.65,46.9,⏳ CHỜ,OBV xấu + Thiếu mẫu xác nhận,2026-08-05T11:13:51+07:00,5.38,32745.42,33232.0,-1.46,1.49,1.69,51953900.0,52529204.0,1207400.0,1975960.0,,0.96,0.94,5.65,5.65,-7.65,-1.33,4,1,0,0,0,2,1,,,,,,🔴,MUA EARLY,PULL XẤU,OBV gãy | RSI yếu | Slope âm | Pull xấu,🟡,,,,🔴 Yếu,,True
2026-08-04,PNJ,🔴 YẾU,2,37850.0,15.93,-0.79,40.48,⏳ CHỜ,OBV xấu + Giá lệch xu hướng + Xu hướng giảm,2026-08-05T11:13:51+07:00,17.88,34815.75,38907.5,-10.52,5.92,8.72,-65122300.0,-56107923.0,10647300.0,11511490.0,,1.11,1.18,23.09,23.09,-29.91,11.32,3,1,0,0,0,1,1,,,,,,🔴,MUA EARLY,PULL XẤU,OBV gãy | RSI yếu | Slope âm | Pull xấu,🟡,,,,🔴 Yếu,,True
2026-08-04,POW,🔴 YẾU,2,13700.0,3.01,1.11,48.06,⏳ CHỜ,OBV xấu + Thiếu mẫu xác nhận,2026-08-05T11:13:51+07:00,0.32,13637.16,13740.0,-0.75,1.94,0.46,329800104.0,331672599.0,5010300.0,8006020.0,,0.95,0.9,3.79,3.79,-7.74,-2.14,3,1,0,0,0,1,1,,,,,,🔴,MUA EARLY,PULL XẤU,OBV gãy | RSI yếu | Slope âm | Pull xấu,🟡,,,,🔴 Yếu,,True
2026-08-04,PTB,🔴 YẾU,2,33950.0,6.59,-1.59,43.26,⏳ CHỜ,OBV xấu + Thiếu mẫu xác nhận,2026-08-05T11:13:51+07:00,5.37,33521.12,34304.95,-2.28,2.64,1.28,-569300.0,-568188.0,35600.0,64055.0,,0.75,1.12,6.59,6.59,-10.07,-0.15,3,1,0,0,0,1,1,,,,,,🔴,MUA EARLY,PULL XẤU,OBV gãy | RSI yếu | Slope âm | Pull xấu,🟡,,,,🔴 Yếu,,True
2026-08-04,SHB,🔴 YẾU,2,11850.0,3.95,0.42,40.65,⏳ CHỜ,OBV xấu + Xu hướng giảm + Thiếu mẫu xác nhận,2026-08-05T11:13:51+07:00,4.92,11769.59,12170.0,-3.29,2.04,0.68,1731531760.0,1780139044.0,53016500.0,53101360.0,,1.12,1.14,5.8,5.8,-11.9,0.0,2,1,0,0,0,1,0,,,,,,🔴,TÍCH LŨY,PULL XẤU,OBV gãy | RSI yếu | Slope âm | Pull xấu,🔴,,,,🔴 Yếu,,True
2026-08-04,TCB,🔴 YẾU,2,29850.0,4.74,0.17,44.2,⏳ CHỜ,OBV xấu + Thiếu mẫu xác nhận + Xu hướng giảm,2026-08-05T11:13:51+07:00,6.77,29474.73,30425.0,-3.12,2.47,1.27,357953396.0,361587067.0,9310400.0,12794790.0,,1.0,1.03,5.66,5.66,-12.72,-0.17,3,1,0,0,0,1,1,,,,,,🔴,MUA EARLY,PULL XẤU,OBV gãy | RSI yếu | Slope âm | Pull xấu,🟡,,,,🔴 Yếu,,True
2026-08-04,TCX,🔴 YẾU,2,40650.0,6.69,-1.81,46.63,⏳ CHỜ,OBV xấu + Thiếu mẫu xác nhận,2026-08-05T11:13:51+07:00,0.25,40390.68,41235.0,-2.05,2.24,0.64,21657400.0,21888579.0,1252900.0,1714905.0,,1.02,0.89,8.4,8.4,-10.07,-0.85,3,1,0,0,0,1,1,,,,,,🔴,MUA EARLY,PULL XẤU,OBV gãy | RSI yếu | Slope âm | Pull xấu,🟡,,,,🔴 Yếu,,True
2026-08-04,VJC,🔴 YẾU,2,126100.0,2.19,-3.59,39.72,⏳ CHỜ,OBV xấu + Xu hướng giảm + Thiếu mẫu xác nhận,2026-08-05T11:13:51+07:00,5.5,126483.04,129884.95,-2.62,1.27,-0.3,24573700.0,25083543.0,1546500.0,1049010.0,,1.16,1.1,2.19,2.19,-9.93,-0.39,-1,0,0,0,0,1,-2,,,,,,🔴,THEO DÕI,PULL XẤU,OBV gãy | RSI yếu | Giá dưới EMA9 | Slope âm | Pull xấu,🔴,,,,🔴 Yếu,,True
2026-08-04,VPX,🔴 YẾU,2,26000.0,5.26,-2.44,47.14,⏳ CHỜ,OBV xấu + Thiếu mẫu xác nhận,2026-08-05T11:13:51+07:00,4.55,25713.84,26327.5,-2.33,2.11,1.11,10624100.0,10906589.0,912500.0,1400855.0,,0.96,0.9,7.66,7.66,-10.34,-0.95,3,1,0,0,0,1,1,,,,,,🔴,MUA EARLY,PULL XẤU,OBV gãy | RSI yếu | Slope âm | Pull xấu,🟡,,,,🔴 Yếu,,True
2026-08-04,ACB,⚠️ YẾU DẦN,3,22350.0,-0.67,-2.19,48.2,🟠 HẠN CHẾ / GIẢM,OBV xấu + Thiếu mẫu xác nhận,2026-08-05T11:13:51+07:00,1.16,22407.64,22655.0,-1.09,-0.32,-0.26,-24183600.0,-16888034.0,10497900.0,17602010.0,,0.73,0.97,2.05,15.27,-6.29,-1.11,1,0,0,0,0,0,1,,,,,,🔴,THEO DÕI,PULL XẤU,OBV gãy | RSI yếu | Giá dưới EMA9 | Slope âm | Pull xấu,🔴,,,,🔴 Yếu,,True
2026-08-04,BSR,⚠️ YẾU DẦN,3,24450.0,0.82,6.07,46.28,🟠 HẠN CHẾ / GIẢM,OBV xấu + Thiếu mẫu xác nhận,2026-08-05T11:13:51+07:00,-7.41,24797.96,24945.0,-0.59,0.32,-1.4,623618100.0,625265855.0,5822800.0,9693855.0,,0.79,0.87,6.3,6.3,-10.93,-4.31,2,0,0,0,0,1,1,,,,,,🔴,TÍCH LŨY,PULL XẤU,OBV gãy | RSI yếu | RSI chững | Giá dưới EMA9 | Slope âm | Pull xấu,🔴,,,,🔴 Yếu,,True
2026-08-04,C4G,⚠️ YẾU DẦN,3,5700.0,1.79,-5.0,32.32,🟠 HẠN CHẾ / GIẢM,OBV xấu + Xu hướng giảm + Thiếu mẫu xác nhận,2026-08-05T11:13:51+07:00,3.63,5737.73,6025.0,-4.77,1.17,-0.66,15043900.0,15087922.0,149000.0,225130.0,,1.22,0.96,3.64,3.64,-16.18,0.0,1,0,0,0,0,1,0,,,,,,🔴,THEO DÕI,PULL XẤU,OBV gãy | RSI yếu | Giá dưới EMA9 | Slope âm | Pull xấu,🔴,,,,🔴 Yếu,,False
2026-08-04,MCH,⚠️ YẾU DẦN,3,137100.0,-1.3,-0.51,50.59,🟠 HẠN CHẾ / GIẢM,OBV xấu + Thiếu mẫu xác nhận,2026-08-05T11:13:51+07:00,-12.3,138385.64,137405.0,0.71,-0.0,-0.93,10483000.0,10987140.0,248000.0,388850.0,,2.32,1.52,2.47,8.38,-4.53,-0.36,2,0,0,0,1,0,1,,,,,,🔴,TÍCH LŨY,PULL XẤU,OBV gãy | RSI yếu | RSI chững | Giá dưới EMA9 | Pull xấu,🔴,,,,🟡 Ổn định,,True
2026-08-04,NAB,⚠️ YẾU DẦN,3,12100.0,-1.22,-2.02,39.81,🟠 HẠN CHẾ / GIẢM,OBV xấu + Xu hướng giảm + Thiếu mẫu xác nhận,2026-08-05T11:13:51+07:00,-3.4,12256.94,12615.0,-2.84,0.33,-1.28,60451600.0,61826593.0,1734200.0,2334695.0,,0.86,0.87,2.11,3.42,-10.37,-0.41,1,0,0,0,0,0,1,,,,,,🔴,THEO DÕI,PULL XẤU,OBV gãy | RSI yếu | RSI chững | Giá dưới EMA9 | Slope âm | Pull xấu,🔴,,,,🔴 Yếu,,True
2026-08-04,NTL,⚠️ YẾU DẦN,3,13850.0,-1.07,-5.46,27.19,🟠 HẠN CHẾ / GIẢM,OBV xấu + Xu hướng giảm + Thiếu mẫu xác nhận,2026-08-05T11:13:51+07:00,13.15,14017.07,14475.0,-3.16,0.18,-1.19,71023600.0,71191815.0,277300.0,279765.0,,1.55,1.21,1.09,1.09,-8.28,-0.36,0,0,0,0,0,0,0,,,,,,🔴,THEO DÕI,PULL XẤU,OBV gãy | RSI yếu | Giá dưới EMA9 | Slope âm | Pull xấu,🔴,,,,🔴 Yếu,,True
2026-08-04,OIL,⚠️ YẾU DẦN,3,13000.0,0.0,-1.52,42.93,🟠 HẠN CHẾ / GIẢM,Xu hướng giảm + Thiếu mẫu xác nhận,2026-08-05T11:13:51+07:00,-4.59,13179.37,13545.0,-2.7,-1.25,-1.36,89252500.0,89118158.0,745900.0,1802380.0,,0.51,0.65,0.78,2.36,-13.33,0.0,1,0,0,1,0,0,0,,,,,,🟢,THEO DÕI,PULL XẤU,RSI yếu | RSI chững | Giá dưới EMA9 | Slope âm | Pull xấu,🔴,,,,🔴 Yếu,,False
2026-08-04,PVB,⚠️ YẾU DẦN,3,20700.0,-1.9,-1.43,31.33,🟠 HẠN CHẾ / GIẢM,OBV xấu + RSI yếu + Xu hướng giảm,2026-08-05T11:13:51+07:00,-4.8,21155.39,22060.0,-4.1,0.55,-2.15,1214700.0,1255596.0,48600.0,66740.0,,0.88,1.12,0.49,0.49,-15.85,-1.43,1,0,0,0,0,0,1,,,,,,🔴,THEO DÕI,PULL XẤU,OBV gãy | RSI yếu | RSI chững | Giá dưới EMA9 | Slope âm | Pull xấu,🔴,,,,🔴 Yếu,,False
2026-08-04,PVC,⚠️ YẾU DẦN,3,11800.0,2.61,-0.84,39.78,🟠 HẠN CHẾ / GIẢM,OBV xấu + Xu hướng giảm + Thiếu mẫu xác nhận,2026-08-05T11:13:51+07:00,-2.71,11940.3,12380.0,-3.55,0.03,-1.18,59889200.0,60389450.0,517300.0,473115.0,,0.77,0.95,2.61,2.61,-15.11,-0.84,1,0,0,0,0,1,0,,,,,,🔴,THEO DÕI,PULL XẤU,OBV gãy | RSI yếu | RSI chững | Giá dưới EMA9 | Slope âm | Pull xấu,🔴,,,,🔴 Yếu,,False
2026-08-04,PVD,⚠️ YẾU DẦN,3,17800.0,-3.0,-3.78,42.03,🟠 HẠN CHẾ / GIẢM,OBV xấu + Xu hướng giảm + Thiếu mẫu xác nhận,2026-08-05T11:13:51+07:00,-7.96,18343.76,18866.0,-2.77,-0.78,-2.96,269379275.0,274966408.0,2026125.0,3951601.0,,0.72,0.89,1.71,1.71,-14.01,-2.73,1,0,0,0,0,0,1,,,,,,🔴,THEO DÕI,PULL XẤU,OBV gãy | RSI yếu | RSI chững | Giá dưới EMA9 | Slope âm | Pull xấu,🔴,,,,🔴 Yếu,,True
2026-08-04,PVS,⚠️ YẾU DẦN,3,34500.0,2.68,2.37,43.51,🟠 HẠN CHẾ / GIẢM,OBV xấu + Xu hướng giảm + Thiếu mẫu xác nhận,2026-08-05T11:13:51+07:00,-0.55,34491.0,35595.0,-3.1,0.74,0.03,125199700.0,125533815.0,1416600.0,3014975.0,,0.61,1.1,4.23,4.23,-11.99,0.0,2,1,0,0,0,1,0,,,,,,🔴,TÍCH LŨY,PULL XẤU,OBV gãy | RSI yếu | RSI chững | Slope âm | Pull xấu,🔴,,,,🔴 Yếu,,False
2026-08-04,SSB,⚠️ YẾU DẦN,3,15400.0,-0.96,-1.6,44.35,🟠 HẠN CHẾ / GIẢM,OBV xấu + Thiếu mẫu xác nhận,2026-08-05T11:13:51+07:00,-4.18,15542.69,15727.5,-1.18,0.55,-0.92,32904500.0,34815104.0,2213000.0,2209225.0,,0.97,0.99,0.0,12.82,-6.1,-0.65,0,0,0,0,0,0,0,,,,,,🔴,THEO DÕI,PULL XẤU,OBV gãy | RSI yếu | RSI chững | Giá dưới EMA9 | Slope âm | Pull xấu,🔴,,,,🔴 Yếu,,True
2026-08-04,TCM,⚠️ YẾU DẦN,3,16650.0,-0.6,2.15,27.8,🟠 HẠN CHẾ / GIẢM,OBV xấu + Xu hướng giảm + RSI yếu,2026-08-05T11:13:51+07:00,0.34,16962.28,18080.0,-6.18,0.87,-1.84,-8854700.0,-7863655.0,588100.0,1275390.0,,1.16,1.26,2.15,2.15,-17.16,0.3,1,0,0,0,0,1,0,,,,,,🔴,THEO DÕI,PULL XẤU,OBV gãy | RSI yếu | Giá dưới EMA9 | Slope âm | Pull xấu,🔴,,,,🔴 Yếu,,True
2026-08-04,VNM,⚠️ YẾU DẦN,3,58900.0,-1.17,0.86,53.51,🟠 HẠN CHẾ / GIẢM,OBV xấu + Thiếu mẫu xác nhận,2026-08-05T11:13:51+07:00,-14.1,59487.69,58115.0,2.36,-0.66,-0.99,-11739900.0,-7898048.0,5531900.0,4950950.0,,1.23,1.18,6.32,7.48,-4.07,-2.48,1,0,0,0,1,0,0,,,,,,🔴,THEO DÕI,PULL XẤU,OBV gãy | RSI yếu | RSI chững | Giá dưới EMA9 | Pull xấu,🔴,,,,🟢 Tăng tốc,,True
2026-08-04,HUT,⛔ RẤT YẾU,4,14200.0,-4.05,-5.96,14.12,🔴 TRÁNH / BÁN,OBV xấu + RSI yếu + Xu hướng giảm,2026-08-05T11:13:51+07:00,-13.02,14655.21,14955.0,-2.0,-0.83,-3.11,32518900.0,38150693.0,1132400.0,2436115.0,,1.7,1.35,0.0,0.0,-7.19,-0.7,1,0,0,0,0,0,1,,,,,,🔴,THEO DÕI,PULL XẤU,OBV gãy | RSI yếu | RSI chững | Giá dưới EMA9 | Slope âm | Pull xấu,🔴,,,,🔴 Yếu,,False
2026-08-05,BAF,🌱 ĐANG HỒI,0,31400.0,6.98,8.28,74.97,🟢 MUA / GIỮ,OBV tốt + Xu hướng lên + Vị trí giá tốt,2026-08-06T14:08:55+07:00,18.63,30281.95,29732.5,1.85,2.39,3.69,99090230.0,96281308.0,2487970.0,1573848.0,,1.5,1.28,8.84,10.18,-1.1,-1.1,6,2,2,1,1,2,-2,,,,,,🟢,MUA EARLY,PULL XẤU,Pull xấu,🟡,,,,🟡 Ổn định,,True
2026-08-05,BID,🌱 ĐANG HỒI,0,38000.0,7.19,6.0,47.54,🟢 MUA / GIỮ,OBV tốt + Vị trí giá tốt + Vol xác nhận,2026-08-06T14:08:55+07:00,0.04,37409.88,37684.5,-0.73,2.83,1.58,146552700.0,141015465.0,3378700.0,4165520.0,,1.3,1.16,9.51,9.51,-8.48,-1.04,4,1,0,1,0,2,0,,,,,,🟢,MUA EARLY,PULL XẤU,RSI yếu | Slope âm | Pull xấu,🟡,,,,🔴 Yếu,,True
2026-08-05,CII,🌱 ĐANG HỒI,0,13950.0,8.56,0.0,40.88,🟢 MUA / GIỮ,OBV tốt + RS mạnh + Vol xác nhận,2026-08-06T14:08:55+07:00,10.0,13761.9,14454.95,-4.79,3.86,1.37,589528604.0,584043512.0,10923000.0,8640865.0,,0.89,1.0,10.28,10.28,-18.42,-1.06,1,1,0,1,0,1,-2,,,,,,🟢,THEO DÕI,PULL XẤU,RSI yếu | Slope âm | Pull xấu,🔴,,,,🔴 Yếu,,True
2026-08-05,CMG,🌱 ĐANG HỒI,0,25000.0,4.38,5.04,45.16,🟢 MUA / GIỮ,OBV tốt + Vol xác nhận + Vị trí giá tốt,2026-08-06T14:08:55+07:00,9.46,24834.28,25160.0,-1.29,2.76,0.67,-7528400.0,-7690805.0,201200.0,201625.0,,1.03,1.16,5.93,5.93,-8.76,-1.96,4,1,0,1,0,2,0,,,,,,🟢,MUA EARLY,PULL XẤU,RSI yếu | Slope âm | Pull xấu,🟡,,,,🔴 Yếu,,True
2026-08-05,CSV,🌱 ĐANG HỒI,0,22200.0,9.09,2.54,49.33,🟢 MUA / GIỮ,OBV tốt + RSI cải thiện + RS mạnh,2026-08-06T14:08:55+07:00,8.01,21630.77,22072.5,-2.0,1.83,2.63,-2653094.0,-3599466.0,852406.0,453375.0,,0.75,0.88,11.0,11.0,-11.55,1.83,6,1,0,2,0,1,2,,,,,,🟢,MUA EARLY,PULL XẤU,RSI yếu | Slope âm | Pull xấu,🟡,,,,🔴 Yếu,,True
2026-08-05,CTD,🌱 ĐANG HỒI,0,62700.0,9.23,11.96,47.55,🟢 MUA / GIỮ,OBV tốt + RSI cải thiện + Vol xác nhận,2026-08-06T14:08:55+07:00,5.47,61014.79,61705.0,-1.12,4.85,2.76,10857800.0,10209439.0,405300.0,492700.0,,0.98,0.98,13.79,13.79,-12.31,-1.72,4,1,0,1,0,2,0,,,,,,🟢,MUA EARLY,PULL XẤU,RSI yếu | Slope âm | Pull xấu,🟡,,,,🔴 Yếu,,True
2026-08-05,CTG,🌱 ĐANG HỒI,0,31600.0,7.67,8.03,52.23,🟢 MUA / GIỮ,OBV tốt + Vol xác nhận + RSI cải thiện,2026-08-06T14:08:55+07:00,6.97,30884.01,30879.5,0.01,3.58,2.32,369502300.0,358311450.0,9430500.0,9355440.0,,1.17,1.08,9.91,9.91,-7.52,-1.56,6,2,0,1,1,2,0,,,,,,🟢,MUA EARLY,PULL XẤU,RSI yếu | Pull xấu,🟡,,,,🟡 Ổn định,,True
2026-08-05,CTR,🌱 ĐANG HỒI,0,75800.0,9.86,14.16,62.7,🟢 MUA / GIỮ,OBV tốt + RSI cải thiện + Xu hướng lên,2026-08-06T14:08:55+07:00,11.5,72455.8,71080.0,1.94,3.16,4.62,-7977200.0,-8950710.0,700000.0,281000.0,,1.21,1.06,14.16,14.16,0.25,1.88,10,2,1,2,1,2,2,,,,,,🟢,CP MẠNH,PULL XẤU,Pull xấu,🟡,🟢 GREEN 2,,,🟡 Ổn định,,True
2026-08-05,DBC,🌱 ĐANG HỒI,0,16650.0,3.1,4.06,43.55,🟢 MUA / GIỮ,OBV tốt + Vol xác nhận + Vị trí giá tốt,2026-08-06T14:08:55+07:00,6.46,16463.55,16642.45,-1.07,2.09,1.13,8941600.0,4329667.0,2396500.0,2240400.0,,0.93,0.85,6.05,6.05,-8.01,-1.19,4,1,0,2,0,1,0,,,,,,🟢,MUA EARLY,PULL XẤU,RSI yếu | Slope âm | Pull xấu,🟡,,,,🔴 Yếu,,True
2026-08-05,DGC,🌱 ĐANG HỒI,0,43350.0,14.53,7.04,54.14,🟢 MUA / GIỮ,OBV tốt + RS mạnh + RSI cải thiện,2026-08-06T14:08:55+07:00,19.66,40131.75,41522.5,-3.35,4.01,8.02,-122965300.0,-124029623.0,709700.0,799705.0,,0.79,1.48,20.42,20.42,-7.96,9.33,6,1,0,2,0,2,1,,,,,,🟢,MUA EARLY,PULL XẤU,RSI yếu | Slope âm | Pull xấu,🟡,,,,🔴 Yếu,,True
2026-08-05,DGW,🌱 ĐANG HỒI,0,39950.0,13.01,16.13,62.28,🟢 MUA / GIỮ,OBV tốt + RSI cải thiện + Vol xác nhận,2026-08-06T14:08:55+07:00,14.87,37295.89,36680.0,1.68,4.79,7.12,58834500.0,54899534.0,995000.0,868990.0,,1.7,1.27,20.51,20.51,0.88,-0.12,8,2,1,2,1,2,0,,,,,,🟢,MUA EARLY,PULL XẤU,Pull xấu,🟡,,,,🟡 Ổn định,,True
2026-08-05,DIG,🌱 ĐANG HỒI,0,10700.0,5.94,-2.73,41.71,🟢 MUA / GIỮ,OBV tốt + Vol xác nhận + Vị trí giá tốt,2026-08-06T14:08:55+07:00,11.08,10552.31,11125.0,-5.15,2.72,1.4,186085000.0,176251300.0,10921500.0,9959735.0,,1.0,1.18,10.42,10.42,-16.41,-0.93,3,1,0,1,0,1,0,,,,,,🟢,MUA EARLY,PULL XẤU,RSI yếu | Slope âm | Pull xấu,🟡,,,,🔴 Yếu,,True
2026-08-05,DPG,🌱 ĐANG HỒI,0,30150.0,10.85,12.29,45.82,🟢 MUA / GIỮ,OBV tốt + RS mạnh + RSI cải thiện,2026-08-06T14:08:55+07:00,15.51,29013.77,29527.5,-1.74,5.58,3.92,22224500.0,21865290.0,630700.0,422420.0,,1.23,1.06,15.74,15.74,-12.61,-4.29,2,1,0,1,0,2,-2,,,,,,🟢,TÍCH LŨY,PULL XẤU,RSI yếu | Slope âm | Pull xấu,🔴,,,,🔴 Yếu,,True
2026-08-05,DRI,🌱 ĐANG HỒI,0,13000.0,1.56,4.0,47.0,🟢 MUA / GIỮ,OBV tốt + Vol xác nhận + Vị trí giá tốt,2026-08-06T14:08:55+07:00,3.17,12966.57,12970.0,-0.03,1.08,0.26,37689900.0,37650852.0,443200.0,389435.0,,1.03,1.14,4.0,4.0,-5.11,-1.52,3,1,0,1,0,1,0,,,,,,🟢,MUA EARLY,PULL XẤU,RSI yếu | Slope âm | Pull xấu,🟡,,,,🔴 Yếu,,False
2026-08-05,EVF,🌱 ĐANG HỒI,0,12400.0,3.77,1.64,46.69,🟢 MUA / GIỮ,OBV tốt + Vị trí giá tốt + RSI cải thiện,2026-08-06T14:08:55+07:00,3.88,12335.47,12415.0,-0.64,1.22,0.52,149963000.0,149943992.0,1035000.0,1904995.0,,0.64,0.8,5.08,5.08,-4.98,-1.59,4,1,0,1,0,1,1,,,,,,🟢,MUA EARLY,PULL XẤU,RSI yếu | Slope âm | Pull xấu,🟡,,,,🔴 Yếu,,True
2026-08-05,FPT,🌱 ĐANG HỒI,0,71100.0,9.22,10.06,58.91,🟢 MUA / GIỮ,OBV tốt + RSI cải thiện + Vol xác nhận,2026-08-06T14:08:55+07:00,11.86,68458.45,67404.9,1.56,4.43,3.86,-420749500.0,-424575305.0,6877600.0,8080185.0,,1.06,0.93,14.31,14.31,-3.0,-1.52,7,2,1,1,1,2,0,,,,,,🟢,MUA EARLY,PULL XẤU,Pull xấu,🟡,,,,🟡 Ổn định,,True
2026-08-05,FRT,🌱 ĐANG HỒI,0,134000.0,23.28,27.62,74.32,🟢 MUA / GIỮ,Xu hướng lên + OBV tốt + RS mạnh,2026-08-06T14:08:55+07:00,8.21,123171.71,115010.0,7.1,6.32,8.79,1874400.0,-223649.0,993100.0,463195.0,,2.01,1.58,27.62,27.62,-2.83,-0.67,8,2,2,2,2,2,-2,,,,,,🟢,MUA EARLY,PULL XẤU,Pull xấu,🟡,,,,🟢 Tăng tốc,,True
2026-08-05,GEX,🌱 ĐANG HỒI,0,24850.0,20.05,19.76,49.94,🟢 MUA / GIỮ,OBV tốt + Vol xác nhận + RS mạnh,2026-08-06T14:08:55+07:00,11.83,23286.69,23590.0,-1.29,7.43,6.71,567480200.0,540019297.0,16568971.0,14100419.0,,1.15,1.17,22.41,22.41,-15.19,-0.6,4,1,0,1,0,2,0,,,,,,🟢,MUA EARLY,PULL XẤU,RSI yếu | Slope âm | Pull xấu,🟡,,,,🔴 Yếu,,True
2026-08-05,GIL,🌱 ĐANG HỒI,0,7670.0,16.39,11.16,37.67,🟢 MUA / GIỮ,OBV tốt + Vol xác nhận + RS mạnh,2026-08-06T14:08:55+07:00,25.21,7194.58,7819.0,-7.99,8.82,6.61,-4766462.0,-5204775.0,444738.0,410227.0,,0.63,0.58,17.1,17.1,-33.59,1.05,6,1,0,2,0,2,1,,,,,,🟢,MUA EARLY,PULL XẤU,RSI yếu | Slope âm | Pull xấu,🟡,,,,🔴 Yếu,,True
2026-08-05,GMD,🌱 ĐANG HỒI,0,77800.0,5.42,8.06,58.19,🟢 MUA / GIỮ,OBV tốt + RSI cải thiện + Vị trí giá tốt,2026-08-06T14:08:55+07:00,2.01,76019.24,75535.0,0.64,1.42,2.34,104553592.0,101745387.0,1176492.0,1464055.0,,0.8,1.03,8.06,8.06,-1.89,1.17,9,2,1,2,1,2,1,,,,,,🟢,CP MẠNH,PULL XẤU,Pull xấu,🟡,,,,🟡 Ổn định,,True
2026-08-05,HAH,🌱 ĐANG HỒI,0,47000.0,6.94,4.79,50.44,🟢 MUA / GIỮ,OBV tốt + RSI cải thiện + Vị trí giá tốt,2026-08-06T14:08:55+07:00,14.34,45739.58,46102.5,-0.79,2.47,2.76,20075938.0,19163100.0,676638.0,509332.0,,0.79,0.89,7.06,7.06,-6.63,1.08,6,1,0,2,0,1,2,,,,,,🟢,MUA EARLY,PULL XẤU,RSI yếu | Slope âm | Pull xấu,🟡,,,,🔴 Yếu,,True
2026-08-05,HCM,🌱 ĐANG HỒI,0,25600.0,1.39,1.19,57.31,🟢 MUA / GIỮ,OBV tốt + RSI cải thiện + Vị trí giá tốt,2026-08-06T14:08:55+07:00,5.15,25281.61,24970.0,1.25,-0.45,1.26,565730700.0,557075699.0,9122500.0,5953565.0,,0.65,0.81,9.97,11.4,-2.66,1.39,9,2,1,2,1,1,2,,,,,,🟢,PULL VỪA,PULL VỪA,,🟢,,,,🟡 Ổn định,,True
2026-08-05,HDB,🌱 ĐANG HỒI,0,26550.0,4.12,2.91,54.14,🟢 MUA / GIỮ,OBV tốt + RSI cải thiện + Vị trí giá tốt,2026-08-06T14:08:55+07:00,14.58,26074.18,26300.0,-0.86,1.97,1.82,924939300.0,923458997.0,9378200.0,11088375.0,,0.9,1.0,5.78,6.63,-4.32,-0.75,3,1,0,1,0,1,0,,,,,,🟢,MUA EARLY,PULL XẤU,RSI yếu | Slope âm | Pull xấu,🟡,,,,🔴 Yếu,,True
2026-08-05,HHV,🌱 ĐANG HỒI,0,10050.0,2.34,1.01,42.34,🟢 MUA / GIỮ,OBV tốt + Vol xác nhận + Vị trí giá tốt,2026-08-06T14:08:55+07:00,4.54,10058.99,10171.5,-1.11,1.35,-0.09,169009700.0,167663944.0,2720400.0,2629835.0,,1.01,0.92,2.55,2.55,-6.94,-1.47,2,0,0,1,0,1,0,,,,,,🟢,TÍCH LŨY,PULL XẤU,RSI yếu | Giá dưới EMA9 | Slope âm | Pull xấu,🔴,,,,🔴 Yếu,,True
2026-08-05,HSG,🌱 ĐANG HỒI,0,10900.0,2.35,4.31,46.8,🟢 MUA / GIỮ,OBV tốt + Vị trí giá tốt + RSI cải thiện,2026-08-06T14:08:55+07:00,4.61,10790.25,10912.5,-1.12,1.8,1.02,54800400.0,52525910.0,2189700.0,2752605.0,,0.68,0.8,8.46,8.46,-7.23,0.0,4,1,0,2,0,1,0,,,,,,🟢,MUA EARLY,PULL XẤU,RSI yếu | Slope âm | Pull xấu,🟡,,,,🔴 Yếu,,True
2026-08-05,HVN,🌱 ĐANG HỒI,0,24100.0,11.83,11.32,59.01,🟢 MUA / GIỮ,OBV tốt + RSI cải thiện + RS mạnh,2026-08-06T14:08:55+07:00,21.22,22812.26,23105.0,-1.27,5.04,5.64,7225800.0,3689537.0,2428000.0,1300100.0,,0.95,0.84,13.68,15.04,-9.06,0.42,8,1,1,2,0,2,2,,,,,,🟢,MUA EARLY,PULL XẤU,Slope âm | Pull xấu,🟡,🟢 GREEN 2,,,🔴 Yếu,,True
2026-08-05,IDC,🌱 ĐANG HỒI,0,33000.0,2.8,1.1,44.73,🟢 MUA / GIỮ,OBV tốt + Vol xác nhận + Vị trí giá tốt,2026-08-06T14:08:55+07:00,3.39,32856.87,32890.5,-0.1,1.78,0.44,66646700.0,66238647.0,1013500.0,1132410.0,,0.81,0.95,4.76,4.76,-7.09,-0.9,3,1,0,1,0,1,0,,,,,,🟢,MUA EARLY,PULL XẤU,RSI yếu | Slope âm | Pull xấu,🟡,,,,🔴 Yếu,,False
2026-08-05,MBB,🌱 ĐANG HỒI,0,24050.0,8.82,7.61,57.04,🟢 MUA / GIỮ,OBV tốt + RSI cải thiện + Vol xác nhận,2026-08-06T14:08:55+07:00,17.88,23293.91,23262.5,0.14,3.85,3.25,881332216.0,874800164.0,14039700.0,14465810.0,,0.97,1.05,11.09,11.09,-4.34,-1.84,7,2,1,1,1,2,0,,,,,,🟢,MUA EARLY,PULL XẤU,Pull xấu,🟡,,,,🟡 Ổn định,,True
2026-08-05,MSB,🌱 ĐANG HỒI,0,16000.0,0.95,0.63,53.23,🟢 MUA / GIỮ,OBV tốt + Vol xác nhận + Vị trí giá tốt,2026-08-06T14:08:55+07:00,-0.16,16005.65,16034.95,-0.18,0.4,-0.04,753364400.0,751916190.0,6719100.0,7013070.0,,0.94,1.03,1.59,15.52,-2.74,-1.23,1,0,0,1,0,0,0,,,,,,🟢,THEO DÕI,PULL XẤU,RSI yếu | RSI chững | Giá dưới EMA9 | Slope âm | Pull xấu,🔴,,,,🔴 Yếu,,True
2026-08-05,MSN,🌱 ĐANG HỒI,0,66900.0,0.9,4.69,45.97,🟢 MUA / GIỮ,OBV tốt + Vol xác nhận + Vị trí giá tốt,2026-08-06T14:08:55+07:00,4.42,66870.8,66645.0,0.34,1.57,0.04,103620800.0,101465938.0,4183900.0,4218410.0,,0.87,1.04,4.69,4.69,-4.02,-2.76,5,2,0,1,1,1,0,,,,,,🟢,MUA EARLY,PULL XẤU,RSI yếu | Pull xấu,🟡,,,,🟡 Ổn định,,True
2026-08-05,MSR,🌱 ĐANG HỒI,0,39200.0,9.8,19.15,62.95,🟢 MUA / GIỮ,OBV tốt + Xu hướng lên + RSI cải thiện,2026-08-06T14:08:55+07:00,10.8,37128.38,35845.0,3.58,3.56,5.58,15416800.0,12393282.0,1700100.0,946880.0,,1.28,1.15,19.15,19.15,-0.51,-0.25,6,2,1,1,2,2,-2,,,,,,🟢,MUA EARLY,PULL XẤU,Pull xấu,🟡,,,,🟢 Tăng tốc,,False
2026-08-05,MWG,🌱 ĐANG HỒI,0,70600.0,6.17,1.55,46.04,🟢 MUA / GIỮ,OBV tốt + Vị trí giá tốt + Vol xác nhận,2026-08-06T14:08:55+07:00,1.91,70251.96,71642.5,-1.94,2.81,0.5,238291900.0,236109871.0,3955700.0,5047790.0,,1.05,1.34,13.27,13.27,-9.48,-2.49,4,1,0,1,0,1,1,,,,,,🟢,MUA EARLY,PULL XẤU,RSI yếu | Slope âm | Pull xấu,🟡,,,,🔴 Yếu,,True
2026-08-05,NKG,🌱 ĐANG HỒI,0,11100.0,1.83,5.71,46.21,🟢 MUA / GIỮ,OBV tốt + Vol xác nhận + Vị trí giá tốt,2026-08-06T14:08:55+07:00,4.4,10995.76,11090.0,-0.85,2.32,0.95,276829800.0,274578712.0,1839600.0,1804120.0,,0.99,1.07,6.73,6.73,-8.64,-0.89,4,1,0,2,0,1,0,,,,,,🟢,MUA EARLY,PULL XẤU,RSI yếu | Slope âm | Pull xấu,🟡,,,,🔴 Yếu,,True
2026-08-05,NVL,🌱 ĐANG HỒI,0,13900.0,8.17,10.32,67.69,🟢 MUA / GIỮ,OBV tốt + Xu hướng lên + RSI cải thiện,2026-08-06T14:08:55+07:00,13.11,13172.94,12727.5,3.5,1.58,5.52,671878704.0,615486573.0,33084900.0,16241900.0,,1.2,1.2,17.3,17.3,2.96,3.35,12,2,2,2,2,2,2,,,,,,🟢,GÀ TĂNG TỐC,PULL XẤU,Pull xấu,🟡,🟢 GREEN 2,,,🟢 Tăng tốc,,True
2026-08-05,ORS,🌱 ĐANG HỒI,0,14150.0,4.04,5.6,56.34,🟢 MUA / GIỮ,OBV tốt + RSI cải thiện + Vị trí giá tốt,2026-08-06T14:08:55+07:00,2.85,13875.38,13687.5,1.37,2.19,1.98,212365700.0,207984736.0,3847400.0,5014265.0,,0.99,0.92,10.55,11.86,-5.67,-1.74,8,2,1,1,1,2,1,,,,,,🟢,PULL VỪA,PULL VỪA,,🟢,,,,🟡 Ổn định,,True
2026-08-05,PET,🌱 ĐANG HỒI,0,39200.0,5.38,12.64,62.07,🟢 MUA / GIỮ,OBV tốt + Vol xác nhận + RSI cải thiện,2026-08-06T14:08:55+07:00,2.92,37953.07,37027.5,2.5,2.07,3.29,69763906.0,69262281.0,375294.0,404635.0,,1.09,0.93,12.64,22.23,-3.57,-2.0,8,2,1,1,2,2,0,,,,,,🟢,MUA EARLY,PULL XẤU,Pull xấu,🟡,,,,🟢 Tăng tốc,,True
2026-08-05,PLX,🌱 ĐANG HỒI,0,34050.0,7.04,7.69,51.47,🟢 MUA / GIỮ,OBV tốt + Vol xác nhận + RSI cải thiện,2026-08-06T14:08:55+07:00,12.61,33030.34,33240.5,-0.63,2.04,3.09,54260400.0,52875443.0,2306500.0,1980780.0,,0.95,0.88,8.03,8.03,-5.57,2.1,6,1,0,2,0,2,1,,,,,,🟢,MUA EARLY,PULL XẤU,RSI yếu | Slope âm | Pull xấu,🟡,,,,🔴 Yếu,,True
2026-08-05,PVT,🌱 ĐANG HỒI,0,18050.0,6.18,7.44,47.89,🟢 MUA / GIỮ,OBV tốt + Vị trí giá tốt + Xu hướng lên,2026-08-06T14:08:55+07:00,-2.83,17946.37,17875.0,0.4,3.04,0.58,1032700.0,-1029152.0,4374200.0,3108440.0,,0.95,0.94,10.74,10.74,-9.75,-2.17,4,2,0,1,1,2,-2,,,,,,🟢,MUA EARLY,PULL XẤU,RSI yếu | RSI chững | Pull xấu,🟡,,,,🟡 Ổn định,,True
2026-08-05,REE,🌱 ĐANG HỒI,0,47450.0,6.63,8.21,53.56,🟢 MUA / GIỮ,OBV tốt + Vị trí giá tốt + RSI cải thiện,2026-08-06T14:08:55+07:00,4.79,46609.08,45900.0,1.54,2.63,1.8,-10524800.0,-11168522.0,505300.0,556870.0,,1.28,1.22,8.21,8.21,-1.96,-1.86,6,2,0,1,1,2,0,,,,,,🟢,MUA EARLY,PULL XẤU,RSI yếu | Pull xấu,🟡,,,,🟡 Ổn định,,True
2026-08-05,SAB,🌱 ĐANG HỒI,0,43900.0,2.09,-0.07,48.63,🟢 MUA / GIỮ,OBV tốt + Vị trí giá tốt + Vol xác nhận,2026-08-06T14:08:55+07:00,3.19,44010.81,43783.0,0.52,0.98,-0.25,-9594400.0,-10537896.0,488100.0,591285.0,,1.22,1.2,2.09,2.09,-2.77,-2.44,3,0,0,1,1,1,0,,,,,,🟢,MUA EARLY,PULL XẤU,RSI yếu | Giá dưới EMA9 | Pull xấu,🟡,,,,🟡 Ổn định,,True
2026-08-05,SHS,🌱 ĐANG HỒI,0,16000.0,6.67,3.9,46.17,🟢 MUA / GIỮ,OBV tốt + RSI cải thiện + Vol xác nhận,2026-08-06T14:08:55+07:00,7.44,15630.57,16100.0,-2.92,4.07,2.36,727565396.0,706288915.0,11122600.0,13992770.0,,0.59,0.78,11.89,11.89,-20.0,0.63,4,1,0,2,0,1,0,,,,,,🟢,MUA EARLY,PULL XẤU,RSI yếu | Slope âm | Pull xấu,🟡,,,,🔴 Yếu,,False
2026-08-05,SSI,🌱 ĐANG HỒI,0,24450.0,5.16,7.95,48.49,🟢 MUA / GIỮ,OBV tốt + RSI cải thiện + Vị trí giá tốt,2026-08-06T14:08:55+07:00,6.39,23989.13,24145.0,-0.65,3.55,1.92,977449088.0,970930526.0,16489600.0,22712465.0,,0.91,1.02,11.14,11.14,-12.05,-1.61,5,1,0,1,0,2,1,,,,,,🟢,MUA EARLY,PULL XẤU,RSI yếu | Slope âm | Pull xấu,🟡,,,,🔴 Yếu,,True
2026-08-05,STB,🌱 ĐANG HỒI,0,73100.0,2.24,2.96,54.85,🟢 MUA / GIỮ,OBV tốt + RSI cải thiện + Vị trí giá tốt,2026-08-06T14:08:55+07:00,6.44,72418.65,71770.0,0.9,0.35,0.94,406517800.0,404824307.0,2746300.0,4189355.0,,0.77,0.99,6.72,10.59,-2.53,-1.88,6,2,0,1,1,1,1,,,,,,🟢,MUA EARLY,PULL XẤU,RSI yếu | Pull xấu,🟡,,,,🟡 Ổn định,,True
2026-08-05,TNG,🌱 ĐANG HỒI,0,18200.0,5.2,9.64,52.34,🟢 MUA / GIỮ,OBV tốt + Vị trí giá tốt + RSI cải thiện,2026-08-06T14:08:55+07:00,4.19,17846.23,17670.0,1.0,2.5,1.98,34809300.0,34550590.0,391500.0,531410.0,,0.61,0.97,9.64,9.64,-4.21,-0.55,7,2,0,1,1,2,1,,,,,,🟢,MUA EARLY,PULL XẤU,RSI yếu | Pull xấu,🟡,,,,🟡 Ổn định,,False
2026-08-05,VCB,🌱 ĐANG HỒI,0,59200.0,8.42,9.53,54.71,🟢 MUA / GIỮ,OBV tốt + Vị trí giá tốt + Xu hướng lên,2026-08-06T14:08:55+07:00,-3.03,58026.11,57323.5,1.23,3.31,2.02,131412912.0,125620509.0,3758388.0,5068859.0,,1.55,1.26,9.63,9.63,-3.41,-1.66,7,2,0,1,1,2,1,,,,,,🟢,MUA EARLY,PULL XẤU,RSI yếu | RSI chững | Pull xấu,🟡,,,,🟡 Ổn định,,True
2026-08-05,VCI,🌱 ĐANG HỒI,0,21950.0,5.53,10.3,49.49,🟢 MUA / GIỮ,OBV tốt + Vol xác nhận + RSI cải thiện,2026-08-06T14:08:55+07:00,4.36,21313.66,21490.0,-0.82,4.47,2.99,168524241.0,147625559.0,9363941.0,9883427.0,,1.03,1.01,18.97,18.97,-15.25,-0.9,5,1,0,2,0,2,0,,,,,,🟢,MUA EARLY,PULL XẤU,RSI yếu | Slope âm | Pull xấu,🟡,,,,🔴 Yếu,,True
2026-08-05,VCK,🌱 ĐANG HỒI,0,30700.0,5.32,4.07,46.1,🟢 MUA / GIỮ,OBV tốt + Vị trí giá tốt + Vol xác nhận,2026-08-06T14:08:55+07:00,-2.07,30634.54,30782.5,-0.48,2.56,0.21,73922200.0,72378673.0,2194700.0,2768355.0,,1.06,1.01,8.29,8.29,-9.97,-3.15,4,1,0,1,0,1,1,,,,,,🟢,MUA EARLY,PULL XẤU,RSI yếu | RSI chững | Slope âm | Pull xấu,🟡,,,,🔴 Yếu,,True
2026-08-05,VGC,🌱 ĐANG HỒI,0,38000.0,4.11,4.8,48.55,🟢 MUA / GIỮ,OBV tốt + Vol xác nhận + Vị trí giá tốt,2026-08-06T14:08:55+07:00,0.78,37588.91,37759.5,-0.45,2.3,1.09,29215719.0,28996316.0,403681.0,382579.0,,1.02,1.19,8.88,8.88,-6.06,-1.68,3,1,0,1,0,1,0,,,,,,🟢,MUA EARLY,PULL XẤU,RSI yếu | Slope âm | Pull xấu,🟡,,,,🔴 Yếu,,True
2026-08-05,VGI,🌱 ĐANG HỒI,0,85400.0,13.11,9.07,58.28,🟢 MUA / GIỮ,OBV tốt + RSI cải thiện + RS mạnh,2026-08-06T14:08:55+07:00,10.85,80906.62,80400.0,0.63,3.65,5.55,-13272600.0,-13935701.0,655800.0,254135.0,,1.12,1.01,14.48,14.48,-2.4,5.17,10,2,1,2,1,2,2,,,,,,🟢,CP MẠNH,PULL XẤU,Pull xấu,🟡,,,,🟡 Ổn định,,False
2026-08-05,VGT,🌱 ĐANG HỒI,0,11100.0,4.72,2.78,51.04,🟢 MUA / GIỮ,OBV tốt + Vol xác nhận + Vị trí giá tốt,2026-08-06T14:08:55+07:00,13.94,10926.72,11000.0,-0.67,1.98,1.59,15213200.0,14915616.0,231400.0,232025.0,,0.95,0.88,4.72,4.72,-4.31,0.0,3,1,0,1,0,1,0,,,,,,🟢,MUA EARLY,PULL XẤU,RSI yếu | Slope âm | Pull xấu,🟡,,,,🔴 Yếu,,False
2026-08-05,VHM,🌱 ĐANG HỒI,0,77700.0,11.0,22.46,63.99,🟢 MUA / GIỮ,OBV tốt + Xu hướng lên + RSI cải thiện,2026-08-06T14:08:55+07:00,6.23,73048.05,70405.0,3.75,4.35,6.37,362315217.0,346112547.0,11137217.0,4783511.0,,1.37,1.19,22.46,22.46,0.91,0.78,11,2,1,2,2,2,2,,,,,,🟢,GÀ TĂNG TỐC,PULL XẤU,Pull xấu,🟡,🟢 GREEN 2,,,🟢 Tăng tốc,,True
2026-08-05,VIX,🌱 ĐANG HỒI,0,13850.0,13.52,14.46,47.26,🟢 MUA / GIỮ,OBV tốt + Vol xác nhận + RS mạnh,2026-08-06T14:08:55+07:00,8.85,13277.89,13440.0,-1.21,6.15,4.31,1465572432.0,1458957552.0,46905000.0,48455005.0,,1.04,1.14,17.87,17.87,-17.8,-1.42,4,1,0,1,0,2,0,,,,,,🟢,MUA EARLY,PULL XẤU,RSI yếu | Slope âm | Pull xấu,🟡,,,,🔴 Yếu,,True
2026-08-05,VOS,🌱 ĐANG HỒI,0,11200.0,7.69,7.18,49.14,🟢 MUA / GIỮ,OBV tốt + RSI cải thiện + Vị trí giá tốt,2026-08-06T14:08:55+07:00,7.78,10924.7,11035.0,-1.0,2.93,2.52,25582100.0,25468526.0,347700.0,439210.0,,1.29,1.03,8.74,8.74,-8.57,0.45,4,1,0,1,0,2,0,,,,,,🟢,MUA EARLY,PULL XẤU,RSI yếu | Slope âm | Pull xấu,🟡,,,,🔴 Yếu,,True
2026-08-05,VPL,🌱 ĐANG HỒI,0,79400.0,3.25,8.03,45.8,🟢 MUA / GIỮ,OBV tốt + Vị trí giá tốt + Vol xác nhận,2026-08-06T14:08:55+07:00,-0.5,78974.09,78895.0,0.1,2.22,0.54,16396095.0,15669056.0,507905.0,689430.0,,0.8,0.84,8.03,8.03,-5.48,-0.5,7,2,0,1,1,2,1,,,,,,🟢,MUA EARLY,PULL XẤU,RSI yếu | RSI chững | Pull xấu,🟡,,,,🟡 Ổn định,,True
2026-08-05,VRE,🌱 ĐANG HỒI,0,25400.0,11.65,16.78,51.78,🟢 MUA / GIỮ,OBV tốt + Vol xác nhận + RSI cải thiện,2026-08-06T14:08:55+07:00,2.66,24490.41,24130.0,1.49,5.69,3.71,437265800.0,427000325.0,7224000.0,5943125.0,,1.51,1.2,19.25,19.25,-7.64,-5.22,4,2,0,1,1,2,-2,,,,,,🟢,MUA EARLY,PULL XẤU,RSI yếu | Pull xấu,🟡,,,,🟡 Ổn định,,True
2026-08-05,VSC,🌱 ĐANG HỒI,0,15050.0,17.58,9.06,47.8,🟢 MUA / GIỮ,OBV tốt + RS mạnh + Vol xác nhận,2026-08-06T14:08:55+07:00,12.93,14220.8,14422.5,-1.4,6.26,5.83,291657900.0,256741909.0,11090500.0,8901110.0,,1.5,1.3,18.5,18.5,-14.49,-0.66,3,1,0,2,0,2,-2,,,,,,🟢,MUA EARLY,PULL XẤU,RSI yếu | Slope âm | Pull xấu,🟡,,,,🔴 Yếu,,True
2026-08-05,VTO,🌱 ĐANG HỒI,0,10500.0,2.94,3.96,56.0,🟢 MUA / GIỮ,OBV tốt + Vị trí giá tốt + RSI cải thiện,2026-08-06T14:08:55+07:00,2.25,10395.59,10307.5,0.85,1.04,1.0,2022000.0,1913112.0,33700.0,80460.0,,0.98,0.98,4.48,4.48,-1.41,0.0,6,2,1,1,1,1,0,,,,,,🟢,PULL VỪA,PULL VỪA,,🟢,,,,🟡 Ổn định,,True
2026-08-05,VTP,🌱 ĐANG HỒI,0,50600.0,12.07,5.2,52.16,🟢 MUA / GIỮ,OBV tốt + RS mạnh + RSI cải thiện,2026-08-06T14:08:55+07:00,13.03,48499.64,49321.0,-1.67,3.43,4.33,7202600.0,5568482.0,1428400.0,444580.0,,1.6,1.2,12.95,12.95,-7.93,3.69,7,1,0,2,0,2,2,,,,,,🟢,MUA EARLY,PULL XẤU,RSI yếu | Slope âm | Pull xấu,🟡,,,,🔴 Yếu,,True
2026-08-05,ANV,🟡 TRUNG TÍNH,1,17250.0,1.77,0.58,38.35,👀 THEO DÕI,OBV tốt + Vol xác nhận + Vị trí giá tốt,2026-08-06T14:08:55+07:00,2.88,17293.55,17724.95,-2.43,2.43,-0.25,42288300.0,42270893.0,627800.0,594480.0,,0.8,0.9,6.82,6.82,-16.06,-1.71,2,0,0,1,0,1,0,,,,,,🟢,TÍCH LŨY,PULL XẤU,RSI yếu | Giá dưới EMA9 | Slope âm | Pull xấu,🔴,,,,🔴 Yếu,,True
2026-08-05,BFC,🟡 TRUNG TÍNH,1,51600.0,3.82,-2.27,43.02,👀 THEO DÕI,OBV tốt + Vị trí giá tốt + RS mạnh,2026-08-06T14:08:55+07:00,2.32,51443.47,53022.5,-2.98,1.19,0.3,28897307.0,28738304.0,110293.0,219135.0,,0.86,0.88,5.31,5.31,-14.0,-0.39,4,1,0,1,0,1,1,,,,,,🟢,MUA EARLY,PULL XẤU,RSI yếu | Slope âm | Pull xấu,🟡,,,,🔴 Yếu,,True
2026-08-05,BSI,🟡 TRUNG TÍNH,1,28200.0,4.44,-2.76,38.42,👀 THEO DÕI,OBV tốt + RS mạnh,2026-08-06T14:08:55+07:00,4.46,28304.37,29907.4,-5.36,3.55,-0.37,21952938.0,21775574.0,364662.0,595488.0,,0.61,0.76,7.43,7.43,-24.4,-1.91,3,0,0,1,0,1,1,,,,,,🟢,MUA EARLY,PULL XẤU,RSI yếu | Giá dưới EMA9 | Slope âm | Pull xấu,🟡,,,,🔴 Yếu,,True
2026-08-05,BSR,🟡 TRUNG TÍNH,1,25150.0,1.41,9.35,50.28,👀 THEO DÕI,OBV tốt + Vol xác nhận + Vị trí giá tốt,2026-08-06T14:08:55+07:00,-1.32,24956.37,24975.0,-0.07,0.34,0.78,634217700.0,627056224.0,10599600.0,9587950.0,,0.76,0.79,9.35,9.35,-8.38,0.6,5,1,0,2,0,1,1,,,,,,🟢,MUA EARLY,PULL XẤU,RSI yếu | RSI chững | Slope âm | Pull xấu,🟡,,,,🔴 Yếu,,True
2026-08-05,BVH,🟡 TRUNG TÍNH,1,62800.0,6.44,9.98,55.99,👀 THEO DÕI,RSI cải thiện + Xu hướng lên + Vị trí giá tốt,2026-08-06T14:08:55+07:00,7.01,61047.31,59340.0,2.88,2.69,2.87,15629900.0,15835800.0,612400.0,393095.0,,1.47,1.02,10.95,10.95,-3.24,-0.32,5,2,1,0,2,2,-2,,,,,,🔴,MUA EARLY,PULL XẤU,OBV gãy | Pull xấu,🟡,,,,🟢 Tăng tốc,,True
2026-08-05,CEO,🟡 TRUNG TÍNH,1,12000.0,7.14,0.84,39.93,👀 THEO DÕI,OBV tốt + RS mạnh + Vị trí giá tốt,2026-08-06T14:08:55+07:00,9.03,11846.35,12420.0,-4.62,3.55,1.3,298391600.0,293538461.0,8181900.0,5846665.0,,0.98,1.15,11.11,11.11,-18.37,0.0,3,1,0,1,0,1,0,,,,,,🟢,MUA EARLY,PULL XẤU,RSI yếu | Slope âm | Pull xấu,🟡,,,,🔴 Yếu,,False
2026-08-05,DDV,🟡 TRUNG TÍNH,1,19200.0,7.26,1.59,38.77,👀 THEO DÕI,OBV tốt + Vị trí giá tốt + RS mạnh,2026-08-06T14:08:55+07:00,16.15,18840.48,19815.0,-4.92,2.26,1.91,57021700.0,56612876.0,502200.0,326900.0,,0.64,0.91,7.26,7.26,-16.16,1.05,6,1,0,2,0,1,2,,,,,,🟢,MUA EARLY,PULL XẤU,RSI yếu | Slope âm | Pull xấu,🟡,,,,🔴 Yếu,,False
2026-08-05,DPM,🟡 TRUNG TÍNH,1,21500.0,-0.19,4.12,46.27,👀 THEO DÕI,OBV tốt + Vị trí giá tốt,2026-08-06T14:08:55+07:00,-6.58,21743.79,21724.5,0.09,0.5,-1.12,74880500.0,74556732.0,4947000.0,3122855.0,,0.77,0.7,4.12,4.12,-6.48,-3.59,1,0,0,1,1,1,-2,,,,,,🟢,THEO DÕI,PULL XẤU,RSI yếu | RSI chững | Giá dưới EMA9 | Pull xấu,🔴,,,,🟡 Ổn định,,True
2026-08-05,DXG,🟡 TRUNG TÍNH,1,10950.0,6.31,-1.35,43.49,👀 THEO DÕI,OBV tốt + Vị trí giá tốt + RS mạnh,2026-08-06T14:08:55+07:00,12.87,10752.3,11163.5,-3.68,2.67,1.84,570686704.0,556808339.0,6841100.0,10570995.0,,0.88,1.13,9.83,9.83,-12.05,-0.45,5,1,0,2,0,1,1,,,,,,🟢,MUA EARLY,PULL XẤU,RSI yếu | Slope âm | Pull xấu,🟡,,,,🔴 Yếu,,True
2026-08-05,FCN,🟡 TRUNG TÍNH,1,10800.0,3.85,0.93,42.35,👀 THEO DÕI,OBV tốt + Vị trí giá tốt + RSI cải thiện,2026-08-06T14:08:55+07:00,6.25,10752.48,10917.5,-1.51,1.45,0.44,36780700.0,36201076.0,717700.0,387900.0,,1.25,1.16,3.85,3.85,-7.69,-0.92,2,1,0,2,0,1,-2,,,,,,🟢,TÍCH LŨY,PULL XẤU,RSI yếu | Slope âm | Pull xấu,🔴,,,,🔴 Yếu,,True
2026-08-05,GAS,🟡 TRUNG TÍNH,1,70600.0,3.98,9.63,45.25,👀 THEO DÕI,OBV tốt + Vị trí giá tốt + Vol xác nhận,2026-08-06T14:08:55+07:00,7.12,69658.86,71380.0,-2.41,1.89,1.35,37974800.0,37156082.0,1138300.0,1307735.0,,0.77,0.91,9.63,9.63,-10.41,1.15,6,1,0,2,0,2,1,,,,,,🟢,MUA EARLY,PULL XẤU,RSI yếu | Slope âm | Pull xấu,🟡,,,,🔴 Yếu,,True
2026-08-05,GEE,🟡 TRUNG TÍNH,1,68800.0,8.18,3.3,37.76,👀 THEO DÕI,OBV tốt + Vol xác nhận + RS mạnh,2026-08-06T14:08:55+07:00,5.2,68541.44,72520.0,-5.49,3.47,0.38,90034735.0,89855547.0,1193965.0,1176993.0,,0.95,1.06,8.35,8.35,-21.37,-2.55,3,1,0,1,0,1,0,,,,,,🟢,MUA EARLY,PULL XẤU,RSI yếu | Slope âm | Pull xấu,🟡,,,,🔴 Yếu,,True
2026-08-05,GEG,🟡 TRUNG TÍNH,1,12100.0,0.0,3.42,37.39,👀 THEO DÕI,OBV tốt + Vol xác nhận + Vị trí giá tốt,2026-08-06T14:08:55+07:00,0.89,12165.75,12427.5,-2.11,1.35,-0.54,23209400.0,23193829.0,229600.0,235965.0,,0.95,0.92,3.42,3.42,-10.7,-1.63,2,0,0,1,0,1,0,,,,,,🟢,TÍCH LŨY,PULL XẤU,RSI yếu | Giá dưới EMA9 | Slope âm | Pull xấu,🔴,,,,🔴 Yếu,,True
2026-08-05,HPG,🟡 TRUNG TÍNH,1,22050.0,1.85,6.52,49.44,👀 THEO DÕI,Vol xác nhận + Vị trí giá tốt + RSI cải thiện,2026-08-06T14:08:55+07:00,4.46,21801.81,21722.5,0.37,2.41,1.14,353739824.0,358751969.0,27963700.0,27548080.0,,1.18,1.13,8.35,8.35,-5.77,-1.34,4,2,0,0,1,1,0,,,,,,🔴,MUA EARLY,PULL XẤU,OBV gãy | RSI yếu | Pull xấu,🟡,,,,🟡 Ổn định,,True
2026-08-05,KBC,🟡 TRUNG TÍNH,1,27750.0,-0.54,3.54,42.43,👀 THEO DÕI,OBV tốt + Vol xác nhận + Vị trí giá tốt,2026-08-06T14:08:55+07:00,0.86,27960.34,27950.0,0.04,0.79,-0.75,231827000.0,231116153.0,1218300.0,1301120.0,,0.99,1.07,3.54,3.54,-3.81,-2.29,3,0,0,1,1,1,0,,,,,,🟢,MUA EARLY,PULL XẤU,RSI yếu | Giá dưới EMA9 | Pull xấu,🟡,,,,🟡 Ổn định,,True
2026-08-05,KSB,🟡 TRUNG TÍNH,1,13250.0,2.32,0.38,41.05,👀 THEO DÕI,OBV tốt + Vol xác nhận + RSI cải thiện,2026-08-06T14:08:55+07:00,6.65,13375.87,13542.5,-1.23,1.71,-0.94,30123100.0,29699245.0,687600.0,683960.0,,1.22,1.14,2.32,2.32,-9.56,-3.64,2,0,0,1,0,1,0,,,,,,🟢,TÍCH LŨY,PULL XẤU,RSI yếu | Giá dưới EMA9 | Slope âm | Pull xấu,🔴,,,,🔴 Yếu,,True
2026-08-05,LAS,🟡 TRUNG TÍNH,1,12400.0,6.9,6.9,44.75,👀 THEO DÕI,OBV tốt + RSI cải thiện + RS mạnh,2026-08-06T14:08:55+07:00,20.09,11978.7,12460.0,-3.86,2.95,3.52,-19273000.0,-19728175.0,369900.0,192060.0,,0.79,1.0,7.83,7.83,-13.29,3.33,7,1,0,2,0,2,2,,,,,,🟢,MUA EARLY,PULL XẤU,RSI yếu | Slope âm | Pull xấu,🟡,,,,🔴 Yếu,,False
2026-08-05,MBS,🟡 TRUNG TÍNH,1,18300.0,3.39,-2.14,42.58,👀 THEO DÕI,OBV tốt + Vol xác nhận,2026-08-06T14:08:55+07:00,3.08,18436.26,19250.0,-4.23,2.42,-0.74,-40349600.0,-40387199.0,6748000.0,8899980.0,,0.61,0.74,5.17,5.17,-19.38,-2.14,3,0,0,1,0,1,1,,,,,,🟢,MUA EARLY,PULL XẤU,RSI yếu | Giá dưới EMA9 | Slope âm | Pull xấu,🟡,,,,🔴 Yếu,,False
2026-08-05,MML,🟡 TRUNG TÍNH,1,28100.0,-0.71,4.07,47.05,👀 THEO DÕI,OBV tốt + Vol xác nhận + Vị trí giá tốt,2026-08-06T14:08:55+07:00,-4.6,28171.4,27955.0,0.77,1.1,-0.25,-1536500.0,-1555362.0,27200.0,23120.0,,1.63,1.2,6.04,6.04,-3.77,-1.4,3,0,0,1,1,1,0,,,,,,🟢,MUA EARLY,PULL XẤU,RSI yếu | RSI chững | Giá dưới EMA9 | Pull xấu,🟡,,,,🟡 Ổn định,,False
2026-08-05,OCB,🟡 TRUNG TÍNH,1,10300.0,3.0,0.49,45.18,👀 THEO DÕI,OBV tốt + Vol xác nhận + Vị trí giá tốt,2026-08-06T14:08:55+07:00,3.64,10279.92,10477.5,-1.89,1.61,0.2,98340000.0,97460919.0,2265400.0,2412350.0,,0.76,0.79,3.0,7.63,-11.21,-0.96,3,1,0,1,0,1,0,,,,,,🟢,MUA EARLY,PULL XẤU,RSI yếu | Slope âm | Pull xấu,🟡,,,,🔴 Yếu,,True
2026-08-05,OIL,🟡 TRUNG TÍNH,1,13000.0,-1.52,0.0,42.93,👀 THEO DÕI,OBV tốt + Vol xác nhận,2026-08-06T14:08:55+07:00,0.3,13143.5,13530.0,-2.86,-0.97,-1.09,89252500.0,89145026.0,1378800.0,1766715.0,,0.52,0.57,0.78,2.36,-13.33,0.78,1,0,0,1,0,0,0,,,,,,🟢,THEO DÕI,PULL XẤU,RSI yếu | Giá dưới EMA9 | Slope âm | Pull xấu,🔴,,,,🔴 Yếu,,False
2026-08-05,PC1,🟡 TRUNG TÍNH,1,20600.0,-4.19,0.24,43.0,👀 THEO DÕI,OBV tốt + Vol xác nhận,2026-08-06T14:08:55+07:00,-7.95,21258.77,21317.5,-0.28,-0.41,-3.1,126145400.0,125276648.0,2158900.0,2097400.0,,0.95,1.03,0.24,16.71,-7.62,-4.63,1,0,0,1,0,0,0,,,,,,🟢,THEO DÕI,PULL XẤU,RSI yếu | RSI chững | Giá dưới EMA9 | Slope âm | Pull xấu,🔴,,,,🔴 Yếu,,True
2026-08-05,PDR,🟡 TRUNG TÍNH,1,11850.0,3.04,-2.07,34.86,👀 THEO DÕI,OBV tốt + Vol xác nhận,2026-08-06T14:08:55+07:00,10.73,11920.77,12557.5,-5.07,2.65,-0.59,242093500.0,238592452.0,7732300.0,8001045.0,,0.92,1.03,6.28,6.28,-19.11,-3.27,2,0,0,1,0,1,0,,,,,,🟢,TÍCH LŨY,PULL XẤU,RSI yếu | Giá dưới EMA9 | Slope âm | Pull xấu,🔴,,,,🔴 Yếu,,True
2026-08-05,PLC,🟡 TRUNG TÍNH,1,19500.0,5.98,8.33,49.63,👀 THEO DÕI,Vol xác nhận + RSI cải thiện + Vị trí giá tốt,2026-08-06T14:08:55+07:00,6.91,19120.66,19215.0,-0.49,3.03,1.98,18249100.0,18286442.0,116200.0,118550.0,,1.02,0.94,10.17,10.17,-13.72,-0.51,3,1,0,0,0,2,0,,,,,,🔴,MUA EARLY,PULL XẤU,OBV gãy | RSI yếu | Slope âm | Pull xấu,🟡,,,,🔴 Yếu,,False
2026-08-05,SIP,🟡 TRUNG TÍNH,1,50500.0,7.22,7.91,62.2,👀 THEO DÕI,RSI cải thiện + Vị trí giá tốt + Xu hướng lên,2026-08-06T14:08:55+07:00,17.43,48979.94,48290.0,1.43,2.7,3.1,306000.0,344599.0,187500.0,91005.0,,1.19,1.14,8.37,8.37,-1.37,-0.98,4,2,1,0,1,2,-2,,,,,,🔴,MUA EARLY,PULL XẤU,OBV gãy | Pull xấu,🟡,,,,🟡 Ổn định,,True
2026-08-05,TVN,🟡 TRUNG TÍNH,1,9100.0,8.33,5.81,42.31,👀 THEO DÕI,OBV tốt + RS mạnh + Vị trí giá tốt,2026-08-06T14:08:55+07:00,6.16,9006.74,9495.0,-5.14,4.39,1.04,36650700.0,36592449.0,235900.0,490590.0,,0.85,0.87,9.64,9.64,-22.22,-1.09,5,1,0,1,0,2,1,,,,,,🟢,MUA EARLY,PULL XẤU,RSI yếu | Slope âm | Pull xấu,🟡,,,,🔴 Yếu,,False
2026-08-05,VCG,🟡 TRUNG TÍNH,1,15750.0,4.3,1.61,39.49,👀 THEO DÕI,OBV tốt + Vị trí giá tốt + RSI cải thiện,2026-08-06T14:08:55+07:00,4.94,15744.02,16293.5,-3.37,2.35,0.04,234586400.0,234388427.0,2484300.0,3663615.0,,0.92,0.8,4.3,4.3,-16.4,-2.17,4,1,0,1,0,1,1,,,,,,🟢,MUA EARLY,PULL XẤU,RSI yếu | Slope âm | Pull xấu,🟡,,,,🔴 Yếu,,True
2026-08-05,VGS,🟡 TRUNG TÍNH,1,18000.0,2.86,1.69,35.87,👀 THEO DÕI,OBV tốt + Vị trí giá tốt,2026-08-06T14:08:55+07:00,6.46,17996.07,18680.0,-3.66,2.79,0.02,4820300.0,4750141.0,84400.0,127895.0,,0.93,0.99,5.88,5.88,-15.89,-1.64,4,1,0,1,0,1,1,,,,,,🟢,MUA EARLY,PULL XẤU,RSI yếu | Slope âm | Pull xấu,🟡,,,,🔴 Yếu,,False
2026-08-05,VIC,🟡 TRUNG TÍNH,1,220000.0,0.27,8.86,54.34,👀 THEO DÕI,OBV tốt + Vị trí giá tốt + RSI cải thiện,2026-08-06T14:08:55+07:00,6.11,216735.22,217140.0,-0.19,0.57,1.51,320818300.0,313198816.0,6228400.0,3887770.0,,1.28,1.14,8.86,14.58,-2.09,0.64,6,1,0,2,0,1,2,,,,,,🟢,MUA EARLY,PULL XẤU,RSI yếu | Slope âm | Pull xấu,🟡,,✅ EARLY GREEN2,,🔴 Yếu,,True
2026-08-05,VND,🟡 TRUNG TÍNH,1,16800.0,2.44,1.2,47.1,👀 THEO DÕI,OBV tốt + Vol xác nhận + Vị trí giá tốt,2026-08-06T14:08:55+07:00,1.87,16784.67,17065.0,-1.64,1.86,0.09,571893812.0,571794856.0,11208400.0,14227735.0,,0.66,0.86,9.45,9.45,-12.04,-2.04,4,1,0,1,0,1,1,,,,,,🟢,MUA EARLY,PULL XẤU,RSI yếu | Slope âm | Pull xấu,🟡,,,,🔴 Yếu,,True
2026-08-05,ACB,🔴 YẾU,2,22200.0,-0.45,-0.89,46.1,⏳ CHỜ,OBV xấu + Thiếu mẫu xác nhận,2026-08-06T14:08:55+07:00,5.33,22382.11,22635.0,-1.12,0.03,-0.81,-35407700.0,-20591968.0,11224100.0,17699685.0,,0.67,0.94,1.37,13.79,-6.92,-1.11,1,0,0,0,0,0,1,,,,,,🔴,THEO DÕI,PULL XẤU,OBV gãy | RSI yếu | Giá dưới EMA9 | Slope âm | Pull xấu,🔴,,,,🔴 Yếu,,True
2026-08-05,ACV,🔴 YẾU,2,39100.0,1.03,0.77,35.59,⏳ CHỜ,OBV xấu + Thiếu mẫu xác nhận,2026-08-06T14:08:55+07:00,3.05,39418.2,40280.0,-2.14,1.3,-0.81,-62944000.0,-62237102.0,572100.0,461615.0,,1.07,1.08,1.82,1.82,-10.11,-1.51,-1,0,0,0,0,1,-2,,,,,,🔴,THEO DÕI,PULL XẤU,OBV gãy | RSI yếu | Giá dưới EMA9 | Slope âm | Pull xấu,🔴,,,,🔴 Yếu,,False
2026-08-05,AGR,🔴 YẾU,2,13100.0,3.15,-3.68,42.12,⏳ CHỜ,OBV xấu + Xu hướng giảm + Thiếu mẫu xác nhận,2026-08-06T14:08:55+07:00,2.96,13190.36,13715.0,-3.83,2.54,-0.69,23581300.0,23701084.0,309300.0,546035.0,,0.47,0.68,6.94,6.94,-19.63,-2.24,2,0,0,0,0,1,1,,,,,,🔴,TÍCH LŨY,PULL XẤU,OBV gãy | RSI yếu | Giá dưới EMA9 | Slope âm | Pull xấu,🔴,,,,🔴 Yếu,,True
2026-08-05,BVS,🔴 YẾU,2,26800.0,6.35,-5.96,44.81,⏳ CHỜ,OBV xấu + Xu hướng giảm + Thiếu mẫu xác nhận,2026-08-06T14:08:55+07:00,7.49,26773.1,29245.0,-8.45,3.75,0.1,4356200.0,4952353.0,844500.0,1407910.0,,0.66,0.78,10.29,10.29,-29.1,-1.11,3,1,0,0,0,1,1,,,,,,🔴,MUA EARLY,PULL XẤU,OBV gãy | RSI yếu | Slope âm | Pull xấu,🟡,,,,🔴 Yếu,,False
2026-08-05,DCM,🔴 YẾU,2,30700.0,0.0,6.23,42.84,⏳ CHỜ,OBV xấu + Thiếu mẫu xác nhận,2026-08-06T14:08:55+07:00,0.36,30730.41,31137.45,-1.31,1.65,-0.1,60179500.0,62126779.0,2447200.0,2083775.0,,0.72,0.83,6.23,6.23,-11.88,-1.44,1,0,0,0,0,1,0,,,,,,🔴,THEO DÕI,PULL XẤU,OBV gãy | RSI yếu | Giá dưới EMA9 | Slope âm | Pull xấu,🔴,,,,🔴 Yếu,,True
2026-08-05,DPR,🔴 YẾU,2,36000.0,2.56,0.28,37.72,⏳ CHỜ,OBV xấu + Thiếu mẫu xác nhận,2026-08-06T14:08:55+07:00,1.95,36024.37,36602.5,-1.58,1.08,-0.07,24533500.0,24676168.0,187800.0,170130.0,,1.02,1.08,2.56,2.56,-7.57,-0.83,1,0,0,0,0,1,0,,,,,,🔴,THEO DÕI,PULL XẤU,OBV gãy | RSI yếu | Giá dưới EMA9 | Slope âm | Pull xấu,🔴,,,,🔴 Yếu,,True
2026-08-05,EIB,🔴 YẾU,2,18200.0,4.6,10.3,43.44,⏳ CHỜ,OBV xấu + Thiếu mẫu xác nhận,2026-08-06T14:08:55+07:00,5.45,17987.12,18275.0,-1.58,2.71,1.18,176552900.0,178463382.0,6254300.0,6701305.0,,0.83,1.17,10.3,10.3,-11.0,-0.55,3,1,0,0,0,2,0,,,,,,🔴,MUA EARLY,PULL XẤU,OBV gãy | RSI yếu | Slope âm | Pull xấu,🟡,,,,🔴 Yếu,,True
2026-08-05,FOX,🔴 YẾU,2,65500.0,4.8,2.99,42.82,⏳ CHỜ,OBV xấu + Thiếu mẫu xác nhận,2026-08-06T14:08:55+07:00,10.5,64673.97,65340.0,-1.02,3.06,1.28,5354000.0,5431262.0,65500.0,83190.0,,0.92,0.89,7.38,7.38,-9.53,-1.5,3,1,0,0,0,1,1,,,,,,🔴,MUA EARLY,PULL XẤU,OBV gãy | RSI yếu | Slope âm | Pull xấu,🟡,,,,🔴 Yếu,,False
2026-08-05,FTS,🔴 YẾU,2,21950.0,6.55,-3.3,41.4,⏳ CHỜ,OBV xấu + Xu hướng giảm + Thiếu mẫu xác nhận,2026-08-06T14:08:55+07:00,3.72,21954.45,23147.5,-5.15,3.66,-0.02,16260100.0,17024152.0,877400.0,1480180.0,,0.7,0.86,9.2,9.2,-22.98,-1.79,2,0,0,0,0,1,1,,,,,,🔴,TÍCH LŨY,PULL XẤU,OBV gãy | RSI yếu | Giá dưới EMA9 | Slope âm | Pull xấu,🔴,,,,🔴 Yếu,,True
2026-08-05,GVR,🔴 YẾU,2,27900.0,4.3,2.76,40.5,⏳ CHỜ,OBV xấu + Thiếu mẫu xác nhận,2026-08-06T14:08:55+07:00,4.83,27772.53,28330.0,-1.97,2.92,0.46,242340500.0,242419419.0,1300700.0,1451955.0,,1.15,1.15,7.31,7.31,-12.81,-2.62,2,1,0,0,0,1,0,,,,,,🔴,TÍCH LŨY,PULL XẤU,OBV gãy | RSI yếu | Slope âm | Pull xấu,🔴,,,,🔴 Yếu,,True
2026-08-05,HAG,🔴 YẾU,2,14050.0,0.36,0.36,39.28,⏳ CHỜ,OBV xấu + Thiếu mẫu xác nhận,2026-08-06T14:08:55+07:00,3.13,14084.74,14247.5,-1.14,0.71,-0.25,388554200.0,389838940.0,2319700.0,2321005.0,,0.88,1.06,2.55,2.55,-6.02,-0.71,0,0,0,0,0,0,0,,,,,,🔴,THEO DÕI,PULL XẤU,OBV gãy | RSI yếu | Giá dưới EMA9 | Slope âm | Pull xấu,🔴,,,,🔴 Yếu,,True
2026-08-05,HDC,🔴 YẾU,2,11650.0,4.48,-3.72,33.4,⏳ CHỜ,OBV xấu + Xu hướng giảm + Thiếu mẫu xác nhận,2026-08-06T14:08:55+07:00,6.44,11775.51,12545.0,-6.13,3.26,-1.07,155718200.0,156172402.0,1697200.0,1395480.0,,0.87,1.1,6.88,6.88,-22.85,-2.92,-1,0,0,0,0,1,-2,,,,,,🔴,THEO DÕI,PULL XẤU,OBV gãy | RSI yếu | Giá dưới EMA9 | Slope âm | Pull xấu,🔴,,,,🔴 Yếu,,True
2026-08-05,HDG,🔴 YẾU,2,16600.0,3.75,1.22,36.58,⏳ CHỜ,OBV xấu + Xu hướng giảm + Thiếu mẫu xác nhận,2026-08-06T14:08:55+07:00,6.91,16519.49,17162.45,-3.75,2.07,0.49,17395500.0,18536840.0,1352000.0,1567485.0,,0.98,0.98,7.1,7.1,-14.21,-1.48,2,1,0,0,0,1,0,,,,,,🔴,TÍCH LŨY,PULL XẤU,OBV gãy | RSI yếu | Slope âm | Pull xấu,🔴,,,,🔴 Yếu,,True
2026-08-05,HHS,🔴 YẾU,2,9820.0,4.47,0.41,42.74,⏳ CHỜ,OBV xấu + Thiếu mẫu xác nhận,2026-08-06T14:08:55+07:00,6.89,9907.42,10141.0,-2.3,2.53,-0.88,158896400.0,158942087.0,1554300.0,1043965.0,,0.99,0.98,4.47,4.47,-12.71,-5.58,-1,0,0,0,0,1,-2,,,,,,🔴,THEO DÕI,PULL XẤU,OBV gãy | RSI yếu | Giá dưới EMA9 | Slope âm | Pull xấu,🔴,,,,🔴 Yếu,,True
2026-08-05,IJC,🔴 YẾU,2,7240.0,2.55,0.7,34.81,⏳ CHỜ,OBV xấu + Xu hướng giảm + Thiếu mẫu xác nhận,2026-08-06T14:08:55+07:00,4.89,7276.17,7529.0,-3.36,3.19,-0.5,-37835300.0,-36742967.0,1120200.0,1955015.0,,1.02,1.09,8.22,8.22,-17.07,-2.29,2,0,0,0,0,1,1,,,,,,🔴,TÍCH LŨY,PULL XẤU,OBV gãy | RSI yếu | Giá dưới EMA9 | Slope âm | Pull xấu,🔴,,,,🔴 Yếu,,True
2026-08-05,KDH,🔴 YẾU,2,17750.0,4.72,-1.39,36.21,⏳ CHỜ,OBV xấu + Thiếu mẫu xác nhận + Xu hướng giảm,2026-08-06T14:08:55+07:00,5.55,17734.74,18285.0,-3.01,3.08,0.09,-29071500.0,-26593966.0,7220600.0,5308590.0,,0.97,1.1,8.23,8.23,-16.86,-2.74,0,1,0,0,0,1,-2,,,,,,🔴,THEO DÕI,PULL XẤU,OBV gãy | RSI yếu | Slope âm | Pull xấu,🔴,,,,🔴 Yếu,,True
2026-08-05,LPB,🔴 YẾU,2,52300.0,-0.57,-3.86,49.21,⏳ CHỜ,OBV xấu + Thiếu mẫu xác nhận,2026-08-06T14:08:55+07:00,1.73,52885.48,52855.0,0.06,0.08,-1.11,169486300.0,170646100.0,2718100.0,3233255.0,,1.0,1.05,1.55,14.95,-6.61,-3.68,1,0,0,0,1,0,0,,,,,,🔴,THEO DÕI,PULL XẤU,OBV gãy | RSI yếu | Giá dưới EMA9 | Pull xấu,🔴,,,,🟡 Ổn định,,True
2026-08-05,MSH,🔴 YẾU,2,30850.0,1.82,1.15,40.35,⏳ CHỜ,OBV xấu + Thiếu mẫu xác nhận,2026-08-06T14:08:55+07:00,8.76,30864.08,31110.0,-0.79,1.07,-0.05,12237600.0,12478587.0,93000.0,108710.0,,0.74,1.14,1.82,1.82,-6.52,-0.48,1,0,0,0,0,1,0,,,,,,🔴,THEO DÕI,PULL XẤU,OBV gãy | RSI yếu | Giá dưới EMA9 | Slope âm | Pull xấu,🔴,,,,🔴 Yếu,,True
2026-08-05,NHA,🔴 YẾU,2,8210.0,4.59,-1.2,38.52,⏳ CHỜ,OBV xấu + Thiếu mẫu xác nhận + Xu hướng giảm,2026-08-06T14:08:55+07:00,7.48,8209.88,8452.9,-2.88,2.48,0.0,6884700.0,6897957.0,124200.0,98775.0,,0.7,0.92,8.03,8.03,-12.75,-2.15,0,1,0,0,0,1,-2,,,,,,🔴,THEO DÕI,PULL XẤU,OBV gãy | RSI yếu | Slope âm | Pull xấu,🔴,,,,🔴 Yếu,,True
2026-08-05,NT2,🔴 YẾU,2,21100.0,1.44,-0.47,43.7,⏳ CHỜ,OBV xấu + Thiếu mẫu xác nhận,2026-08-06T14:08:55+07:00,2.31,21204.34,21305.0,-0.47,1.03,-0.49,13827200.0,14100468.0,369700.0,567770.0,,1.07,1.08,2.93,2.93,-5.8,-1.86,2,0,0,0,0,1,1,,,,,,🔴,TÍCH LŨY,PULL XẤU,OBV gãy | RSI yếu | Giá dưới EMA9 | Slope âm | Pull xấu,🔴,,,,🔴 Yếu,,True
2026-08-05,NTP,🔴 YẾU,2,48700.0,0.21,2.31,48.34,⏳ CHỜ,OBV xấu + Vol chưa xác nhận + Thiếu mẫu xác nhận,2026-08-06T14:08:55+07:00,8.64,48595.96,48515.0,0.17,0.76,0.21,9786300.0,10033327.0,276400.0,72255.0,,1.82,1.3,2.31,2.31,-2.4,-1.62,2,2,0,0,1,1,-2,,,,,,🔴,TÍCH LŨY,PULL XẤU,OBV gãy | RSI yếu | Pull xấu,🔴,,,,🟡 Ổn định,,False
2026-08-05,PHR,🔴 YẾU,2,57700.0,2.85,-0.17,43.38,⏳ CHỜ,OBV xấu + Thiếu mẫu xác nhận,2026-08-06T14:08:55+07:00,4.92,58031.08,59095.0,-1.8,2.44,-0.57,16539000.0,16676846.0,388400.0,326560.0,,0.86,1.18,4.91,4.91,-11.23,-3.51,1,0,0,0,0,1,0,,,,,,🔴,THEO DÕI,PULL XẤU,OBV gãy | RSI yếu | Giá dưới EMA9 | Slope âm | Pull xấu,🔴,,,,🔴 Yếu,,True
2026-08-05,PNJ,🔴 YẾU,2,37200.0,13.59,4.79,39.34,⏳ CHỜ,OBV xấu + Xu hướng giảm + Thiếu mẫu xác nhận,2026-08-06T14:08:55+07:00,18.15,34908.6,38047.5,-8.25,7.36,6.56,-57314600.0,-56349259.0,7807700.0,10621595.0,,0.89,1.14,20.98,20.98,-31.11,-0.13,3,1,0,0,0,1,1,,,,,,🔴,MUA EARLY,PULL XẤU,OBV gãy | RSI yếu | Slope âm | Pull xấu,🟡,,,,🔴 Yếu,,True
2026-08-05,PTB,🔴 YẾU,2,33600.0,4.51,0.0,41.44,⏳ CHỜ,OBV xấu + Thiếu mẫu xác nhận,2026-08-06T14:08:55+07:00,2.64,33624.89,34162.45,-1.57,2.56,-0.07,-562600.0,-555678.0,64500.0,64510.0,,0.77,1.11,5.49,5.49,-9.43,-2.61,1,0,0,0,0,1,0,,,,,,🔴,THEO DÕI,PULL XẤU,OBV gãy | RSI yếu | Giá dưới EMA9 | Slope âm | Pull xấu,🔴,,,,🔴 Yếu,,True
2026-08-05,PVS,🔴 YẾU,2,34200.0,1.48,3.32,42.22,⏳ CHỜ,OBV xấu + Xu hướng giảm + Thiếu mẫu xác nhận,2026-08-06T14:08:55+07:00,0.77,34432.8,35470.0,-2.92,0.65,-0.68,122960200.0,125019092.0,2239500.0,3058365.0,,0.57,0.78,3.32,3.32,-12.76,-0.87,2,0,0,0,0,1,1,,,,,,🔴,TÍCH LŨY,PULL XẤU,OBV gãy | RSI yếu | Giá dưới EMA9 | Slope âm | Pull xấu,🔴,,,,🔴 Yếu,,False
2026-08-05,SBT,🔴 YẾU,2,20650.0,-0.24,-0.96,40.02,⏳ CHỜ,OBV xấu + RSI yếu + Thiếu mẫu xác nhận,2026-08-06T14:08:55+07:00,-17.98,21000.08,20980.0,0.1,0.26,-1.67,103085800.0,103339232.0,605700.0,615140.0,,0.97,0.91,0.0,2.74,-3.5,-3.05,1,0,0,0,1,0,0,,,,,,🔴,THEO DÕI,PULL XẤU,OBV gãy | RSI yếu | RSI chững | Giá dưới EMA9 | Pull xấu,🔴,,,,🟡 Ổn định,,True
2026-08-05,SHB,🔴 YẾU,2,11700.0,4.46,0.0,38.56,⏳ CHỜ,OBV xấu + Thiếu mẫu xác nhận + Xu hướng giảm,2026-08-06T14:08:55+07:00,5.92,11747.68,12082.5,-2.77,2.16,-0.41,1680936860.0,1760298607.0,50594900.0,53622185.0,,1.01,1.11,4.46,4.46,-12.69,-0.85,1,0,0,0,0,1,0,,,,,,🔴,THEO DÕI,PULL XẤU,OBV gãy | RSI yếu | Giá dưới EMA9 | Slope âm | Pull xấu,🔴,,,,🔴 Yếu,,True
2026-08-05,SZC,🔴 YẾU,2,18250.0,5.19,-2.67,35.83,⏳ CHỜ,OBV xấu + Xu hướng giảm + Thiếu mẫu xác nhận,2026-08-06T14:08:55+07:00,10.42,18321.05,19082.5,-3.99,2.77,-0.39,-22399600.0,-22291265.0,453300.0,339135.0,,1.05,1.15,6.41,6.41,-15.51,-2.41,-1,0,0,0,0,1,-2,,,,,,🔴,THEO DÕI,PULL XẤU,OBV gãy | RSI yếu | Giá dưới EMA9 | Slope âm | Pull xấu,🔴,,,,🔴 Yếu,,True
2026-08-05,TCB,🔴 YẾU,2,29450.0,3.7,1.55,41.49,⏳ CHỜ,OBV xấu + Thiếu mẫu xác nhận,2026-08-06T14:08:55+07:00,6.18,29437.78,30200.0,-2.52,2.59,0.04,345923496.0,358454353.0,12029900.0,12767025.0,,0.98,1.02,4.25,4.25,-13.89,-1.51,2,1,0,0,0,1,0,,,,,,🔴,TÍCH LŨY,PULL XẤU,OBV gãy | RSI yếu | Slope âm | Pull xấu,🔴,,,,🔴 Yếu,,True
2026-08-05,TCH,🔴 YẾU,2,12050.0,7.59,1.26,40.48,⏳ CHỜ,OBV xấu + Xu hướng giảm + Thiếu mẫu xác nhận,2026-08-06T14:08:55+07:00,12.14,11948.25,12502.5,-4.43,3.48,0.85,149621400.0,150686533.0,6925600.0,5068700.0,,1.01,1.09,9.55,9.55,-18.03,-2.82,0,1,0,0,0,1,-2,,,,,,🔴,THEO DÕI,PULL XẤU,OBV gãy | RSI yếu | Slope âm | Pull xấu,🔴,,,,🔴 Yếu,,True
2026-08-05,TCX,🔴 YẾU,2,39550.0,2.33,-2.47,41.88,⏳ CHỜ,OBV xấu + Thiếu mẫu xác nhận + RSI yếu,2026-08-06T14:08:55+07:00,-6.33,40222.55,40997.5,-1.89,1.45,-1.67,19194800.0,21349823.0,2462600.0,1753495.0,,0.97,0.91,5.47,5.47,-12.5,-3.42,-1,0,0,0,0,1,-2,,,,,,🔴,THEO DÕI,PULL XẤU,OBV gãy | RSI yếu | RSI chững | Giá dưới EMA9 | Slope âm | Pull xấu,🔴,,,,🔴 Yếu,,True
2026-08-05,TPB,🔴 YẾU,2,14500.0,2.84,2.84,41.83,⏳ CHỜ,OBV xấu + Vol chưa xác nhận + Thiếu mẫu xác nhận,2026-08-06T14:08:55+07:00,9.23,14403.38,14725.0,-2.18,2.27,0.67,405870688.0,414130548.0,20657300.0,10051610.0,,0.87,1.06,4.32,4.32,-12.12,-0.34,0,1,0,0,0,1,-2,,,,,,🔴,THEO DÕI,PULL XẤU,OBV gãy | RSI yếu | Slope âm | Pull xấu,🔴,,,,🔴 Yếu,,True
2026-08-05,VDS,🔴 YẾU,2,11950.0,3.46,-2.85,38.9,⏳ CHỜ,OBV xấu + Xu hướng giảm + Thiếu mẫu xác nhận,2026-08-06T14:08:55+07:00,2.52,12092.49,12870.0,-6.04,3.83,-1.18,47404000.0,48798239.0,1028400.0,1481035.0,,0.57,0.67,6.7,6.7,-26.69,-3.24,2,0,0,0,0,1,1,,,,,,🔴,TÍCH LŨY,PULL XẤU,OBV gãy | RSI yếu | Giá dưới EMA9 | Slope âm | Pull xấu,🔴,,,,🔴 Yếu,,True
2026-08-05,VIB,🔴 YẾU,2,14650.0,1.74,1.38,40.64,⏳ CHỜ,OBV xấu + Vol chưa xác nhận + Thiếu mẫu xác nhận,2026-08-06T14:08:55+07:00,4.34,14696.98,14975.0,-1.86,1.73,-0.32,199188104.0,211075509.0,13606400.0,7336905.0,,0.88,0.96,3.53,3.53,-10.94,-1.68,-1,0,0,0,0,1,-2,,,,,,🔴,THEO DÕI,PULL XẤU,OBV gãy | RSI yếu | Giá dưới EMA9 | Slope âm | Pull xấu,🔴,,,,🔴 Yếu,,True
2026-08-05,VPB,🔴 YẾU,2,25250.0,3.7,1.0,44.87,⏳ CHỜ,OBV xấu + Thiếu mẫu xác nhận,2026-08-06T14:08:55+07:00,7.09,25198.23,25475.0,-1.09,2.15,0.21,1328050692.0,1332243914.0,13987100.0,15019115.0,,0.79,0.94,3.7,3.7,-10.14,-1.37,2,1,0,0,0,1,0,,,,,,🔴,TÍCH LŨY,PULL XẤU,OBV gãy | RSI yếu | Slope âm | Pull xấu,🔴,,,,🔴 Yếu,,True
2026-08-05,VPX,🔴 YẾU,2,25250.0,4.55,-2.13,42.63,⏳ CHỜ,OBV xấu + Thiếu mẫu xác nhận,2026-08-06T14:08:55+07:00,0.03,25621.08,26162.5,-2.07,1.89,-1.45,9700200.0,10665311.0,923900.0,1328330.0,,0.91,0.9,4.55,4.55,-12.93,-3.63,2,0,0,0,0,1,1,,,,,,🔴,TÍCH LŨY,PULL XẤU,OBV gãy | RSI yếu | Giá dưới EMA9 | Slope âm | Pull xấu,🔴,,,,🔴 Yếu,,True
2026-08-05,BMP,⚠️ YẾU DẦN,3,146900.0,-0.81,-2.72,45.07,🟠 HẠN CHẾ / GIẢM,OBV xấu + Thiếu mẫu xác nhận,2026-08-06T14:08:55+07:00,-14.0,149644.8,150095.0,-0.3,-0.45,-1.83,2094901.0,2225444.0,118399.0,157535.0,,0.75,0.76,0.96,11.37,-5.83,-2.07,1,0,0,0,0,0,1,,,,,,🔴,THEO DÕI,PULL XẤU,OBV gãy | RSI yếu | RSI chững | Giá dưới EMA9 | Slope âm | Pull xấu,🔴,,,,🔴 Yếu,,True
2026-08-05,C4G,⚠️ YẾU DẦN,3,5700.0,3.64,-3.39,32.32,🟠 HẠN CHẾ / GIẢM,OBV xấu + Xu hướng giảm + Thiếu mẫu xác nhận,2026-08-06T14:08:55+07:00,5.98,5730.18,5985.0,-4.26,1.56,-0.53,15043900.0,15079117.0,409300.0,240075.0,,1.07,0.94,3.64,3.64,-16.18,0.0,1,0,0,0,0,1,0,,,,,,🔴,THEO DÕI,PULL XẤU,OBV gãy | RSI yếu | Giá dưới EMA9 | Slope âm | Pull xấu,🔴,,,,🔴 Yếu,,False
2026-08-05,DXS,⚠️ YẾU DẦN,3,5840.0,2.28,-1.68,36.26,🟠 HẠN CHẾ / GIẢM,OBV xấu + Vol chưa xác nhận + Xu hướng giảm,2026-08-06T14:08:55+07:00,5.54,5915.22,6254.5,-5.42,2.12,-1.27,41266100.0,44677395.0,3592900.0,1752205.0,,1.09,1.07,4.1,4.1,-19.11,-1.35,-1,0,0,0,0,1,-2,,,,,,🔴,THEO DÕI,PULL XẤU,OBV gãy | RSI yếu | Giá dưới EMA9 | Slope âm | Pull xấu,🔴,,,,🔴 Yếu,,True
2026-08-05,MCH,⚠️ YẾU DẦN,3,136700.0,-1.58,1.41,49.68,🟠 HẠN CHẾ / GIẢM,OBV xấu + Thiếu mẫu xác nhận,2026-08-06T14:08:55+07:00,-8.81,138192.51,137445.0,0.54,-0.52,-1.08,10752300.0,11019532.0,226700.0,390780.0,,2.0,1.47,2.17,8.06,-4.81,-0.94,2,0,0,0,1,0,1,,,,,,🔴,TÍCH LŨY,PULL XẤU,OBV gãy | RSI yếu | RSI chững | Giá dưới EMA9 | Pull xấu,🔴,,,,🟡 Ổn định,,True
2026-08-05,NAB,⚠️ YẾU DẦN,3,11900.0,0.42,-3.64,36.17,🟠 HẠN CHẾ / GIẢM,OBV xấu + Xu hướng giảm + RSI yếu,2026-08-06T14:08:55+07:00,-4.23,12185.56,12542.5,-2.85,0.3,-2.34,59022100.0,61265695.0,1429500.0,2247570.0,,0.85,0.86,0.42,1.71,-11.85,-1.65,1,0,0,0,0,0,1,,,,,,🔴,THEO DÕI,PULL XẤU,OBV gãy | RSI yếu | RSI chững | Giá dưới EMA9 | Slope âm | Pull xấu,🔴,,,,🔴 Yếu,,True
2026-08-05,NLG,⚠️ YẾU DẦN,3,21750.0,5.07,-3.97,37.9,🟠 HẠN CHẾ / GIẢM,OBV xấu + Xu hướng giảm + Thiếu mẫu xác nhận,2026-08-06T14:08:55+07:00,-1.96,21837.28,22937.5,-4.8,2.07,-0.4,44251200.0,47108893.0,3505800.0,2315380.0,,1.56,1.31,8.75,8.75,-16.83,-1.58,-1,0,0,0,0,1,-2,,,,,,🔴,THEO DÕI,PULL XẤU,OBV gãy | RSI yếu | RSI chững | Giá dưới EMA9 | Slope âm | Pull xấu,🔴,,,,🔴 Yếu,,True
2026-08-05,NTL,⚠️ YẾU DẦN,3,13500.0,-1.46,-7.22,22.16,🟠 HẠN CHẾ / GIẢM,OBV xấu + Xu hướng giảm + RSI yếu,2026-08-06T14:08:55+07:00,8.12,13913.65,14395.0,-3.34,0.15,-2.97,70722400.0,71097932.0,301200.0,287240.0,,1.34,1.19,0.0,0.0,-10.6,-2.53,0,0,0,0,0,0,0,,,,,,🔴,THEO DÕI,PULL XẤU,OBV gãy | RSI yếu | Giá dưới EMA9 | Slope âm | Pull xấu,🔴,,,,🔴 Yếu,,True
2026-08-05,POW,⚠️ YẾU DẦN,3,13550.0,1.5,2.65,45.3,🟠 HẠN CHẾ / GIẢM,OBV xấu + Thiếu mẫu xác nhận,2026-08-06T14:08:55+07:00,-0.67,13651.73,13692.5,-0.3,1.82,-0.75,320564504.0,329450980.0,9235600.0,8082855.0,,0.92,0.87,2.65,2.65,-8.75,-3.56,1,0,0,0,0,1,0,,,,,,🔴,THEO DÕI,PULL XẤU,OBV gãy | RSI yếu | RSI chững | Giá dưới EMA9 | Slope âm | Pull xấu,🔴,,,,🔴 Yếu,,True
2026-08-05,PVB,⚠️ YẾU DẦN,3,20500.0,-2.38,-0.49,30.0,🟠 HẠN CHẾ / GIẢM,OBV xấu + Xu hướng giảm + RSI yếu,2026-08-06T14:08:55+07:00,-3.39,21024.31,21890.0,-3.95,0.39,-2.49,1166400.0,1237756.0,48300.0,66825.0,,0.89,0.96,0.0,0.0,-16.67,-0.97,1,0,0,0,0,0,1,,,,,,🔴,THEO DÕI,PULL XẤU,OBV gãy | RSI yếu | RSI chững | Giá dưới EMA9 | Slope âm | Pull xấu,🔴,,,,🔴 Yếu,,False
2026-08-05,PVC,⚠️ YẾU DẦN,3,11700.0,-0.85,-0.85,38.65,🟠 HẠN CHẾ / GIẢM,OBV xấu + Xu hướng giảm + Thiếu mẫu xác nhận,2026-08-06T14:08:55+07:00,-0.67,11892.24,12330.0,-3.55,0.03,-1.62,59475200.0,60206600.0,414000.0,476670.0,,0.88,0.8,1.74,1.74,-15.83,0.0,0,0,0,0,0,0,0,,,,,,🔴,THEO DÕI,PULL XẤU,OBV gãy | RSI yếu | RSI chững | Giá dưới EMA9 | Slope âm | Pull xấu,🔴,,,,🔴 Yếu,,False
2026-08-05,PVD,⚠️ YẾU DẦN,3,17850.0,-2.99,2.0,42.24,🟠 HẠN CHẾ / GIẢM,OBV xấu + Xu hướng giảm + Thiếu mẫu xác nhận,2026-08-06T14:08:55+07:00,-2.26,18293.01,18798.5,-2.69,-0.49,-2.42,267885167.0,273874340.0,3520233.0,3995477.0,,0.75,0.74,2.0,2.0,-13.77,-1.38,1,0,0,0,0,1,0,,,,,,🔴,THEO DÕI,PULL XẤU,OBV gãy | RSI yếu | RSI chững | Giá dưới EMA9 | Slope âm | Pull xấu,🔴,,,,🔴 Yếu,,True
2026-08-05,SSB,⚠️ YẾU DẦN,3,15150.0,-1.62,-3.19,38.34,🟠 HẠN CHẾ / GIẢM,OBV xấu + Vol chưa xác nhận + RSI yếu,2026-08-06T14:08:55+07:00,-10.19,15472.15,15667.5,-1.25,0.24,-2.08,-2725025.0,27307078.0,35629525.0,3876926.0,,0.98,0.99,0.0,10.99,-7.62,-1.62,-2,0,0,0,0,0,-2,,,,,,🔴,THEO DÕI,PULL XẤU,OBV gãy | RSI yếu | RSI chững | Giá dưới EMA9 | Slope âm | Pull xấu,🔴,,,,🔴 Yếu,,True
2026-08-05,TCM,⚠️ YẾU DẦN,3,16700.0,0.6,-4.02,30.08,🟠 HẠN CHẾ / GIẢM,OBV xấu + Xu hướng giảm + Thiếu mẫu xác nhận,2026-08-06T14:08:55+07:00,3.27,16885.82,17902.5,-5.68,1.24,-1.1,-9153600.0,-8309836.0,877300.0,1264885.0,,0.99,1.22,2.45,2.45,-16.92,0.6,0,0,0,0,0,0,0,,,,,,🔴,THEO DÕI,PULL XẤU,OBV gãy | RSI yếu | Giá dưới EMA9 | Slope âm | Pull xấu,🔴,,,,🔴 Yếu,,True
2026-08-05,TVS,⚠️ YẾU DẦN,3,13500.0,-0.74,-4.59,43.12,🟠 HẠN CHẾ / GIẢM,OBV xấu + Xu hướng giảm + Vol chưa xác nhận,2026-08-06T14:08:55+07:00,2.03,13752.42,14292.45,-3.78,0.64,-1.84,4940200.0,5043682.0,83600.0,267295.0,,0.31,0.4,2.66,5.47,-17.93,-2.17,1,0,0,0,0,0,1,,,,,,🔴,THEO DÕI,PULL XẤU,OBV gãy | RSI yếu | Giá dưới EMA9 | Slope âm | Pull xấu,🔴,,,,🔴 Yếu,,True
2026-08-05,VHC,⚠️ YẾU DẦN,3,52500.0,-1.69,-1.13,35.1,🟠 HẠN CHẾ / GIẢM,OBV xấu + Xu hướng giảm + Thiếu mẫu xác nhận,2026-08-06T14:08:55+07:00,2.13,53467.84,54865.0,-2.55,0.47,-1.81,506700.0,646561.0,352300.0,230230.0,,0.85,0.88,0.0,0.0,-12.21,-2.96,-2,0,0,0,0,0,-2,,,,,,🔴,THEO DÕI,PULL XẤU,OBV gãy | RSI yếu | Giá dưới EMA9 | Slope âm | Pull xấu,🔴,,,,🔴 Yếu,,True
2026-08-05,VJC,⚠️ YẾU DẦN,3,125500.0,0.0,-0.4,38.58,🟠 HẠN CHẾ / GIẢM,OBV xấu + Vol chưa xác nhận + Thiếu mẫu xác nhận,2026-08-06T14:08:55+07:00,2.19,126350.43,129234.95,-2.23,1.34,-0.67,21944667.0,24455768.0,2629033.0,1137392.0,,1.23,1.12,1.7,1.7,-9.71,-1.03,-2,0,0,0,0,0,-2,,,,,,🔴,THEO DÕI,PULL XẤU,OBV gãy | RSI yếu | Giá dưới EMA9 | Slope âm | Pull xấu,🔴,,,,🔴 Yếu,,True
2026-08-05,VNM,⚠️ YẾU DẦN,3,59400.0,-1.0,0.51,56.1,🟠 HẠN CHẾ / GIẢM,OBV xấu + Thiếu mẫu xác nhận,2026-08-06T14:08:55+07:00,-9.48,59566.15,58330.0,2.12,-0.99,-0.28,-17028600.0,-9724158.0,5288700.0,5030135.0,,1.19,1.17,7.22,8.39,-3.26,0.0,2,0,1,0,1,0,0,,,,,,🔴,TÍCH LŨY,PULL XẤU,OBV gãy | RSI chững | Giá dưới EMA9 | Pull xấu,🔴,,,,🟢 Tăng tốc,,True
2026-08-05,HUT,⛔ RẤT YẾU,4,14000.0,-5.41,-6.04,11.94,🔴 TRÁNH / BÁN,OBV xấu + RSI yếu + Xu hướng giảm,2026-08-06T14:08:55+07:00,-15.21,14524.17,14895.0,-2.49,-1.34,-3.61,31109900.0,36742534.0,1409000.0,2445985.0,,1.57,1.27,0.0,0.0,-8.5,-2.1,1,0,0,0,0,0,1,,,,,,🔴,THEO DÕI,PULL XẤU,OBV gãy | RSI yếu | RSI chững | Giá dưới EMA9 | Slope âm | Pull xấu,🔴,,,,🔴 Yếu,,False
2026-08-06,BAF,🌱 ĐANG HỒI,0,31100.0,4.89,7.24,68.4,🟢 MUA / GIỮ,OBV tốt + Vị trí giá tốt + Vol xác nhận,2026-08-07T12:42:32+07:00,-1.5,30461.56,29787.5,2.26,2.13,2.1,97691400.0,96637145.0,1860200.0,1585795.0,,1.6,1.26,7.8,9.12,-2.81,-0.32,8,2,1,1,2,2,0,,,,,,🟢,MUA EARLY,PULL XẤU,RSI chững | Pull xấu,🟡,,,,🟢 Tăng tốc,,True
2026-08-06,BFC,🌱 ĐANG HỒI,0,52900.0,3.73,0.38,48.86,🟢 MUA / GIỮ,OBV tốt + RSI cải thiện + Vị trí giá tốt,2026-08-07T12:42:32+07:00,6.01,51734.78,52687.5,-1.81,2.0,2.25,29052066.0,28801312.0,153166.0,191358.0,,0.86,0.93,7.96,7.96,-11.83,0.0,4,1,0,2,0,1,0,,,,,,🟢,MUA EARLY,PULL XẤU,RSI yếu | Slope âm | Pull xấu,🟡,,,,🔴 Yếu,,True
2026-08-06,BID,🌱 ĐANG HỒI,0,39050.0,4.83,8.47,54.51,🟢 MUA / GIỮ,OBV tốt + RSI cải thiện + Vị trí giá tốt,2026-08-07T12:42:32+07:00,5.43,37737.9,37598.0,0.37,2.82,3.48,152929685.0,143398309.0,6376985.0,4339419.0,,1.35,1.09,12.54,12.54,-5.38,2.49,9,2,0,2,1,2,2,,,,,,🟢,MUA EARLY,PULL XẤU,RSI yếu | Pull xấu,🟡,,,,🟡 Ổn định,,True
2026-08-06,BSR,🌱 ĐANG HỒI,0,26400.0,2.72,13.06,57.5,🟢 MUA / GIỮ,OBV tốt + RSI cải thiện + Vị trí giá tốt,2026-08-07T12:42:32+07:00,5.05,25245.1,24977.5,1.07,1.27,4.57,647757661.0,631196511.0,13539961.0,9204273.0,,0.84,0.83,14.78,14.78,-3.83,3.94,9,2,1,2,1,1,2,,,,,,🟢,CP MẠNH,PULL XẤU,Pull xấu,🟡,🟢 GREEN 2,✅ EARLY GREEN2,,🟡 Ổn định,,True
2026-08-06,BVH,🌱 ĐANG HỒI,0,66900.0,9.49,16.96,65.42,🟢 MUA / GIỮ,Xu hướng lên + OBV tốt + RSI cải thiện,2026-08-07T12:42:32+07:00,4.22,62393.85,59735.0,4.45,2.81,7.22,17761538.0,16416915.0,906838.0,420012.0,,1.56,1.07,18.2,18.2,3.08,4.69,12,2,2,2,2,2,2,,,,,,🟢,GÀ TĂNG TỐC,PULL XẤU,Pull xấu,🟡,🟢 GREEN 2,,,🟢 Tăng tốc,,True
2026-08-06,CSV,🌱 ĐANG HỒI,0,22550.0,6.12,2.04,52.2,🟢 MUA / GIỮ,OBV tốt + RSI cải thiện + RS mạnh,2026-08-07T12:42:32+07:00,6.86,21750.61,22050.0,-1.36,1.95,3.68,-2869000.0,-3589758.0,636500.0,458205.0,,0.82,0.85,12.75,12.75,-10.16,2.97,6,1,0,2,0,1,2,,,,,,🟢,MUA EARLY,PULL XẤU,RSI yếu | Slope âm | Pull xấu,🟡,,,,🔴 Yếu,,True
2026-08-06,CTD,🌱 ĐANG HỒI,0,62900.0,6.43,10.54,48.03,🟢 MUA / GIỮ,OBV tốt + Vị trí giá tốt + RSI cải thiện,2026-08-07T12:42:32+07:00,0.86,61471.83,61400.0,0.12,4.41,2.32,10536000.0,10274752.0,321800.0,479375.0,,1.06,0.93,14.16,14.16,-10.65,0.48,6,2,0,1,1,2,0,,,,,,🟢,MUA EARLY,PULL XẤU,RSI yếu | Pull xấu,🟡,,,,🟡 Ổn định,,True
2026-08-06,CTG,🌱 ĐANG HỒI,0,32100.0,5.42,10.5,56.92,🟢 MUA / GIỮ,OBV tốt + RSI cải thiện + Vị trí giá tốt,2026-08-07T12:42:32+07:00,2.61,31167.21,30820.5,1.12,3.29,2.99,385840079.0,365326056.0,6907279.0,9432094.0,,1.17,1.01,11.65,11.65,-5.53,0.94,8,2,1,2,1,2,0,,,,,,🟢,MUA EARLY,PULL XẤU,Pull xấu,🟡,,,,🟡 Ổn định,,True
2026-08-06,CTR,🌱 ĐANG HỒI,0,77400.0,9.01,10.57,66.64,🟢 MUA / GIỮ,OBV tốt + Xu hướng lên + RSI cải thiện,2026-08-07T12:42:32+07:00,8.03,73316.64,71160.0,3.03,3.12,5.57,-7512700.0,-8663108.0,464500.0,293950.0,,1.35,1.15,16.57,16.57,1.98,3.34,12,2,2,2,2,2,2,,,,,,🟢,GÀ TĂNG TỐC,PULL XẤU,Pull xấu,🟡,,,,🟢 Tăng tốc,,True
2026-08-06,DCM,🌱 ĐANG HỒI,0,31700.0,1.44,6.73,49.48,🟢 MUA / GIỮ,OBV tốt + RSI cải thiện + Vị trí giá tốt,2026-08-07T12:42:32+07:00,4.69,31004.33,31059.95,-0.18,2.24,2.24,68063599.0,64097247.0,2989699.0,2064700.0,,0.87,0.86,9.69,9.69,-8.78,1.44,6,1,0,2,0,1,2,,,,,,🟢,MUA EARLY,PULL XẤU,RSI yếu | Slope âm | Pull xấu,🟡,,✅ EARLY GREEN2,,🔴 Yếu,,True
2026-08-06,DGC,🌱 ĐANG HỒI,0,44050.0,12.8,16.07,57.11,🟢 MUA / GIỮ,OBV tốt + RSI cải thiện + RS mạnh,2026-08-07T12:42:32+07:00,20.95,40467.4,41250.0,-1.9,4.62,8.85,-122390100.0,-123701719.0,575200.0,814600.0,,0.79,1.37,22.36,22.36,-6.48,8.36,6,1,1,2,0,2,0,,,,,,🟢,MUA EARLY,PULL XẤU,Slope âm | Pull xấu,🟡,,,,🔴 Yếu,,True
2026-08-06,DGW,🌱 ĐANG HỒI,0,39400.0,7.95,13.38,59.54,🟢 MUA / GIỮ,OBV tốt + RSI cải thiện + Xu hướng lên,2026-08-07T12:42:32+07:00,9.66,37588.71,36667.5,2.51,4.57,4.82,58206800.0,55242587.0,1362300.0,914555.0,,1.68,1.22,18.85,18.85,-2.11,0.77,11,2,1,2,2,2,2,,,,,,🟢,GÀ TĂNG TỐC,PULL XẤU,Pull xấu,🟡,,,,🟢 Tăng tốc,,True
2026-08-06,DPM,🌱 ĐANG HỒI,0,22150.0,0.87,4.24,53.42,🟢 MUA / GIỮ,OBV tốt + Vị trí giá tốt + Vol xác nhận,2026-08-07T12:42:32+07:00,-0.96,21873.03,21733.0,0.64,0.77,1.27,77262773.0,75097940.0,2382273.0,3050469.0,,1.03,0.85,7.26,7.26,-3.65,1.61,6,2,0,2,1,1,0,,,,,,🟢,MUA EARLY,PULL XẤU,RSI yếu | RSI chững | Pull xấu,🟡,,,,🟡 Ổn định,,True
2026-08-06,FPT,🌱 ĐANG HỒI,0,71200.0,6.27,10.05,58.48,🟢 MUA / GIỮ,OBV tốt + Xu hướng lên + Vị trí giá tốt,2026-08-07T12:42:32+07:00,-2.76,68878.76,67319.9,2.32,3.3,3.37,-416119800.0,-422884204.0,4629700.0,8089575.0,,1.08,0.89,14.47,14.47,-2.86,1.14,9,2,1,2,2,2,0,,,,,,🟢,MUA EARLY,PULL XẤU,RSI chững | Pull xấu,🟡,,,,🟢 Tăng tốc,,True
2026-08-06,FRT,🌱 ĐANG HỒI,0,132500.0,13.93,21.56,69.78,🟢 MUA / GIỮ,Xu hướng lên + OBV tốt + RS mạnh,2026-08-07T12:42:32+07:00,-3.86,125197.37,115910.0,8.01,4.5,5.83,1602400.0,141560.0,272000.0,472015.0,,2.06,1.54,26.19,26.19,-4.68,-1.85,9,2,1,1,2,2,1,,,,,,🟢,GÀ TĂNG TỐC,PULL XẤU,RSI chững | Pull xấu,🟡,,,,🟢 Tăng tốc,,True
2026-08-06,GAS,🌱 ĐANG HỒI,0,74600.0,8.59,11.68,55.34,🟢 MUA / GIỮ,OBV tốt + RSI cải thiện + RS mạnh,2026-08-07T12:42:32+07:00,9.14,70631.09,71255.0,-0.88,2.58,5.62,39928071.0,37710480.0,1953271.0,1305489.0,,0.77,0.77,15.84,15.84,-5.33,5.82,8,1,1,2,0,2,2,,,,,,🟢,MUA EARLY,PULL XẤU,Slope âm | Pull xấu,🟡,🟢 GREEN 2,,,🔴 Yếu,,True
2026-08-06,GEX,🌱 ĐANG HỒI,0,24950.0,12.9,12.39,50.46,🟢 MUA / GIỮ,OBV tốt + RSI cải thiện + RS mạnh,2026-08-07T12:42:32+07:00,7.69,23595.35,23465.0,0.56,7.26,5.74,566146400.0,543321341.0,10687300.0,13365560.0,,1.22,1.09,22.91,22.91,-13.67,0.6,7,2,0,2,1,2,0,,,,,,🟢,MUA EARLY,PULL XẤU,RSI yếu | Pull xấu,🟡,,,,🟡 Ổn định,,True
2026-08-06,GMD,🌱 ĐANG HỒI,0,77300.0,1.18,7.36,56.69,🟢 MUA / GIỮ,OBV tốt + Vị trí giá tốt + RSI cải thiện,2026-08-07T12:42:32+07:00,0.21,76019.39,75515.0,0.67,0.86,1.68,103378500.0,101713403.0,1066200.0,1471275.0,,0.86,0.95,7.36,7.36,-2.52,1.44,7,2,1,2,1,1,0,,,,,,🟢,PULL VỪA,PULL VỪA,,🟢,,,,🟡 Ổn định,,True
2026-08-06,GVR,🌱 ĐANG HỒI,0,29750.0,7.99,9.78,53.32,🟢 MUA / GIỮ,OBV tốt + RSI cải thiện + Vol xác nhận,2026-08-07T12:42:32+07:00,11.62,28208.03,28255.0,-0.17,3.7,5.47,244225512.0,242780637.0,1885012.0,1491801.0,,1.15,1.11,14.42,14.42,-7.03,5.68,7,1,0,2,0,2,2,,,,,,🟢,MUA EARLY,PULL XẤU,RSI yếu | Slope âm | Pull xấu,🟡,,,,🔴 Yếu,,True
2026-08-06,HCM,🌱 ĐANG HỒI,0,25500.0,-0.78,-1.73,56.34,🟢 MUA / GIỮ,OBV tốt + RSI cải thiện + Vị trí giá tốt,2026-08-07T12:42:32+07:00,2.9,25317.29,25031.0,1.14,-0.24,0.72,562929900.0,558246539.0,2800800.0,5832990.0,,0.85,0.84,9.54,10.97,-3.04,-0.2,6,2,1,1,1,0,1,,,,,,🟢,PULL VỪA,PULL VỪA,,🟢,,,,🟡 Ổn định,,True
2026-08-06,HDB,🌱 ĐANG HỒI,0,26600.0,3.5,2.5,54.62,🟢 MUA / GIỮ,OBV tốt + RSI cải thiện + Vị trí giá tốt,2026-08-07T12:42:32+07:00,5.46,26179.35,26265.0,-0.33,2.06,1.61,932642500.0,925295698.0,7703200.0,11119890.0,,0.83,0.89,5.98,6.83,-3.27,0.19,4,1,0,2,0,1,0,,,,,,🟢,MUA EARLY,PULL XẤU,RSI yếu | Slope âm | Pull xấu,🟡,,,,🔴 Yếu,,True
2026-08-06,HVN,🌱 ĐANG HỒI,0,24000.0,10.09,11.63,56.28,🟢 MUA / GIỮ,OBV tốt + RSI cải thiện + Vol xác nhận,2026-08-07T12:42:32+07:00,4.65,23169.8,23065.0,0.45,5.4,3.58,6163000.0,4184230.0,1062800.0,1243485.0,,1.23,0.92,13.21,14.56,-8.05,-3.81,7,2,1,1,1,2,0,,,,,,🟢,MUA EARLY,PULL XẤU,Pull xấu,🟡,,,,🟡 Ổn định,,True
2026-08-06,MSR,🌱 ĐANG HỒI,0,38300.0,5.51,14.67,57.25,🟢 MUA / GIỮ,Xu hướng lên + OBV tốt + RSI cải thiện,2026-08-07T12:42:32+07:00,2.5,37362.7,35915.0,4.03,2.97,2.51,14014900.0,12717606.0,1401900.0,983470.0,,1.51,1.22,16.41,16.41,-4.96,-2.3,6,2,1,1,2,2,-2,,,,,,🟢,MUA EARLY,PULL XẤU,Pull xấu,🟡,,,,🟢 Tăng tốc,,False
2026-08-06,NVL,🌱 ĐANG HỒI,0,13750.0,5.77,8.27,64.22,🟢 MUA / GIỮ,OBV tốt + Xu hướng lên + RSI cải thiện,2026-08-07T12:42:32+07:00,7.03,13288.36,12792.5,3.88,1.77,3.47,650343404.0,622457939.0,21535300.0,17030550.0,,1.38,1.23,16.03,16.03,-2.48,-1.08,6,2,1,1,2,2,-2,,,,,,🟢,MUA EARLY,PULL XẤU,Pull xấu,🟡,,,,🟢 Tăng tốc,,True
2026-08-06,ORS,🌱 ĐANG HỒI,0,14200.0,0.0,5.58,56.68,🟢 MUA / GIỮ,OBV tốt + Vị trí giá tốt + RSI cải thiện,2026-08-07T12:42:32+07:00,0.46,13924.3,13677.5,1.8,1.96,1.98,214832535.0,209354295.0,2466835.0,4809212.0,,1.02,0.95,10.94,12.25,-2.74,1.43,7,2,1,2,1,1,0,,,,,,🟢,PULL VỪA,PULL VỪA,,🟢,,,,🟡 Ổn định,,True
2026-08-06,PET,🌱 ĐANG HỒI,0,38950.0,2.5,8.19,60.04,🟢 MUA / GIỮ,OBV tốt + Xu hướng lên + Vị trí giá tốt,2026-08-07T12:42:32+07:00,0.89,38280.45,37130.0,3.1,2.24,1.75,69584800.0,69386832.0,554400.0,372970.0,,1.15,0.88,11.93,21.45,-4.65,-2.62,5,2,1,1,2,1,-2,,,,,,🟢,PULL VỪA,PULL VỪA,,🟡,,,,🟢 Tăng tốc,,True
2026-08-06,PLX,🌱 ĐANG HỒI,0,35850.0,9.7,11.2,60.5,🟢 MUA / GIỮ,OBV tốt + RSI cải thiện + RS mạnh,2026-08-07T12:42:32+07:00,12.48,33626.27,33305.0,0.96,2.9,6.61,59602190.0,54220792.0,5341790.0,2103374.0,,1.08,0.9,13.74,13.74,-0.58,4.22,10,2,1,2,1,2,2,,,,,,🟢,CP MẠNH,PULL XẤU,Pull xấu,🟡,🟢 GREEN 2,,,🟡 Ổn định,,True
2026-08-06,PVT,🌱 ĐANG HỒI,0,18300.0,0.83,7.96,50.16,🟢 MUA / GIỮ,OBV tốt + Vị trí giá tốt + Xu hướng lên,2026-08-07T12:42:32+07:00,-3.23,18057.09,17830.0,1.27,2.58,1.35,1032700.0,-616781.0,2336100.0,3041520.0,,1.1,0.87,12.27,12.27,-8.5,-0.54,6,2,0,1,1,1,1,,,,,,🟢,MUA EARLY,PULL XẤU,RSI yếu | RSI chững | Pull xấu,🟡,,,,🟡 Ổn định,,True
2026-08-06,REE,🌱 ĐANG HỒI,0,47950.0,5.85,7.75,56.52,🟢 MUA / GIỮ,OBV tốt + Vị trí giá tốt + Xu hướng lên,2026-08-07T12:42:32+07:00,-4.34,46877.27,45937.5,2.05,1.9,2.29,-10246200.0,-10984058.0,278600.0,551940.0,,1.33,1.11,9.35,9.35,-1.54,0.21,9,2,1,2,2,2,0,,,,,,🟢,MUA EARLY,PULL XẤU,RSI chững | Pull xấu,🟡,,,,🟢 Tăng tốc,,True
2026-08-06,SIP,🌱 ĐANG HỒI,0,51000.0,5.81,9.09,67.04,🟢 MUA / GIỮ,OBV tốt + Vol xác nhận + Xu hướng lên,2026-08-07T12:42:32+07:00,7.99,49463.95,48390.0,2.22,2.62,3.11,493500.0,404379.0,90598.0,91275.0,,1.41,1.2,9.44,9.44,-1.35,-0.2,9,2,2,1,2,2,0,,,,,,🟢,MUA EARLY,PULL XẤU,Pull xấu,🟡,,,,🟢 Tăng tốc,,True
2026-08-06,SSI,🌱 ĐANG HỒI,0,24450.0,1.88,3.82,48.54,🟢 MUA / GIỮ,OBV tốt + Vị trí giá tốt + Xu hướng lên,2026-08-07T12:42:32+07:00,-0.64,24073.31,24017.5,0.23,3.13,1.56,992181888.0,975180798.0,14732800.0,22919585.0,,0.9,0.95,11.14,11.14,-10.28,0.2,6,2,0,2,1,1,0,,,,,,🟢,MUA EARLY,PULL XẤU,RSI yếu | RSI chững | Pull xấu,🟡,,,,🟡 Ổn định,,True
2026-08-06,STB,🌱 ĐANG HỒI,0,73500.0,2.65,2.08,56.34,🟢 MUA / GIỮ,OBV tốt + RSI cải thiện + Vị trí giá tốt,2026-08-07T12:42:32+07:00,7.02,72650.92,71900.0,1.04,0.64,1.17,408004000.0,405460246.0,1486200.0,4186160.0,,0.76,0.85,7.3,11.2,-2.0,0.41,7,2,1,2,1,1,0,,,,,,🟢,PULL VỪA,PULL VỪA,,🟢,,,,🟡 Ổn định,,True
2026-08-06,SZC,🌱 ĐANG HỒI,0,19400.0,8.08,2.92,47.87,🟢 MUA / GIỮ,OBV tốt + RSI cải thiện + RS mạnh,2026-08-07T12:42:32+07:00,9.67,18568.84,18992.5,-2.23,3.49,4.48,-21920287.0,-22217069.0,479313.0,355906.0,,1.17,1.19,13.12,13.12,-9.77,4.86,6,1,0,2,0,1,2,,,,,,🟢,MUA EARLY,PULL XẤU,RSI yếu | Slope âm | Pull xấu,🟡,,,,🔴 Yếu,,True
2026-08-06,VCB,🌱 ĐANG HỒI,0,60300.0,6.73,11.67,59.1,🟢 MUA / GIỮ,OBV tốt + Vị trí giá tốt + Xu hướng lên,2026-08-07T12:42:32+07:00,-4.19,58496.89,57313.5,2.06,2.57,3.08,135787396.0,127669133.0,4279196.0,5167565.0,,1.59,1.13,11.67,11.67,-1.15,1.34,10,2,1,2,2,2,1,,,,,,🟢,GÀ TĂNG TỐC,PULL XẤU,RSI chững | Pull xấu,🟡,,,,🟢 Tăng tốc,,True
2026-08-06,VCI,🌱 ĐANG HỒI,0,21800.0,1.4,6.34,48.73,🟢 MUA / GIỮ,OBV tốt + Vol xác nhận + Vị trí giá tốt,2026-08-07T12:42:32+07:00,0.6,21338.93,21302.5,0.17,4.0,2.16,162561800.0,147798785.0,11625200.0,10152505.0,,1.02,1.02,18.16,18.16,-14.17,1.4,7,2,0,2,1,1,1,,,,,,🟢,MUA EARLY,PULL XẤU,RSI yếu | Pull xấu,🟡,,,,🟡 Ổn định,,True
2026-08-06,VGC,🌱 ĐANG HỒI,0,38750.0,2.65,5.36,53.53,🟢 MUA / GIỮ,OBV tốt + Vị trí giá tốt + RSI cải thiện,2026-08-07T12:42:32+07:00,3.0,37845.13,37691.5,0.41,2.27,2.39,29967100.0,29226342.0,527200.0,390005.0,,0.91,1.09,11.03,11.03,-3.75,1.44,8,2,0,2,1,1,2,,,,,,🟢,MUA EARLY,PULL XẤU,RSI yếu | Pull xấu,🟡,,,,🟡 Ổn định,,True
2026-08-06,VGI,🌱 ĐANG HỒI,0,83800.0,6.35,7.02,53.8,🟢 MUA / GIỮ,OBV tốt + Vị trí giá tốt + RSI cải thiện,2026-08-07T12:42:32+07:00,0.83,81485.3,80280.0,1.5,3.19,2.84,-13461100.0,-13840781.0,188500.0,256545.0,,1.44,1.06,12.33,12.33,-3.79,-1.76,7,2,0,1,1,2,1,,,,,,🟢,MUA EARLY,PULL XẤU,RSI yếu | Pull xấu,🟡,,,,🟡 Ổn định,,False
2026-08-06,VIX,🌱 ĐANG HỒI,0,13750.0,5.36,6.59,46.37,🟢 MUA / GIỮ,OBV tốt + Vol xác nhận + RSI cải thiện,2026-08-07T12:42:32+07:00,3.63,13396.32,13332.5,0.48,6.02,2.64,1517169332.0,1485609508.0,42213100.0,48528130.0,,1.11,1.04,17.02,17.02,-16.67,-1.79,6,2,0,1,1,2,0,,,,,,🟢,MUA EARLY,PULL XẤU,RSI yếu | Pull xấu,🟡,,,,🟡 Ổn định,,True
2026-08-06,VOS,🌱 ĐANG HỒI,0,11150.0,0.45,4.69,48.59,🟢 MUA / GIỮ,OBV tốt + Vị trí giá tốt + RSI cải thiện,2026-08-07T12:42:32+07:00,8.05,10937.76,10987.5,-0.45,2.8,1.94,25567600.0,25432709.0,333200.0,429580.0,,1.3,1.03,8.25,8.25,-8.98,1.36,4,1,0,2,0,1,0,,,,,,🟢,MUA EARLY,PULL XẤU,RSI yếu | Slope âm | Pull xấu,🟡,,,,🔴 Yếu,,True
2026-08-06,VRE,🌱 ĐANG HỒI,0,24800.0,2.06,12.73,48.1,🟢 MUA / GIỮ,OBV tốt + Xu hướng lên + Vị trí giá tốt,2026-08-07T12:42:32+07:00,-3.42,24720.33,24077.5,2.67,4.86,0.32,443359700.0,432583880.0,8354100.0,6228240.0,,1.44,1.15,16.43,16.43,-9.49,-4.8,4,2,0,1,2,1,-2,,,,,,🟢,MUA EARLY,PULL XẤU,RSI yếu | RSI chững | Pull xấu,🟡,,,,🟢 Tăng tốc,,True
2026-08-06,VSC,🌱 ĐANG HỒI,0,14900.0,9.16,4.56,46.9,🟢 MUA / GIỮ,OBV tốt + Vol xác nhận + RS mạnh,2026-08-07T12:42:32+07:00,7.52,14284.64,14307.5,-0.16,5.77,4.31,280396400.0,257923847.0,10919500.0,9162675.0,,1.57,1.28,17.32,17.32,-14.37,2.41,5,1,0,2,0,1,1,,,,,,🟢,MUA EARLY,PULL XẤU,RSI yếu | Slope âm | Pull xấu,🟡,,,,🔴 Yếu,,True
2026-08-06,VTP,🌱 ĐANG HỒI,0,51700.0,10.0,6.6,56.24,🟢 MUA / GIỮ,OBV tốt + Vol xác nhận + RSI cải thiện,2026-08-07T12:42:32+07:00,11.55,49283.71,49258.5,0.05,4.04,4.9,7675192.0,5989824.0,472592.0,454600.0,,1.64,1.29,15.4,15.4,-5.93,0.39,9,2,1,2,1,2,1,,,,,,🟢,CP MẠNH,PULL XẤU,Pull xấu,🟡,,✅ EARLY GREEN2,,🟡 Ổn định,,True
2026-08-06,ANV,🟡 TRUNG TÍNH,1,17400.0,-1.14,1.75,39.89,👀 THEO DÕI,OBV tốt + Vị trí giá tốt,2026-08-07T12:42:32+07:00,0.94,17354.84,17607.45,-1.43,2.52,0.26,43204600.0,42658530.0,339300.0,589160.0,,0.93,0.95,7.75,7.75,-13.86,-0.57,3,1,0,1,0,0,1,,,,,,🟢,MUA EARLY,PULL XẤU,RSI yếu | Slope âm | Pull xấu,🟡,,,,🔴 Yếu,,True
2026-08-06,BMP,🟡 TRUNG TÍNH,1,149700.0,1.08,-1.06,50.69,👀 THEO DÕI,OBV tốt + Vol xác nhận + Vị trí giá tốt,2026-08-07T12:42:32+07:00,-4.24,150023.84,150420.0,-0.26,-0.51,-0.22,2288500.0,2243479.0,159700.0,153170.0,,0.82,0.7,2.46,13.5,-4.04,0.27,4,0,0,2,0,1,1,,,,,,🟢,MUA EARLY,PULL XẤU,RSI yếu | RSI chững | Giá dưới EMA9 | Slope âm | Pull xấu,🟡,,,,🔴 Yếu,,True
2026-08-06,CEO,🟡 TRUNG TÍNH,1,11800.0,0.85,-0.84,37.87,👀 THEO DÕI,OBV tốt + Xu hướng giảm,2026-08-07T12:42:32+07:00,-2.06,11837.08,12305.0,-3.8,3.2,-0.31,295386100.0,293907989.0,3005500.0,5858150.0,,1.15,1.14,9.26,9.26,-19.18,-1.67,2,0,0,1,0,0,1,,,,,,🟢,TÍCH LŨY,PULL XẤU,RSI yếu | RSI chững | Giá dưới EMA9 | Slope âm | Pull xấu,🔴,,,,🔴 Yếu,,False
2026-08-06,CII,🟡 TRUNG TÍNH,1,13900.0,3.73,-2.11,41.03,👀 THEO DÕI,OBV tốt + Vol xác nhận + Vị trí giá tốt,2026-08-07T12:42:32+07:00,0.15,13821.52,14344.95,-3.65,3.7,0.57,593920604.0,587766610.0,6531000.0,8622320.0,,1.02,0.99,9.88,9.88,-17.26,-2.11,4,1,0,1,0,1,1,,,,,,🟢,MUA EARLY,PULL XẤU,RSI yếu | Slope âm | Pull xấu,🟡,,,,🔴 Yếu,,True
2026-08-06,CMG,🟡 TRUNG TÍNH,1,24850.0,3.11,0.61,43.67,👀 THEO DÕI,OBV tốt + Vị trí giá tốt,2026-08-07T12:42:32+07:00,-6.98,24885.43,25065.0,-0.72,2.1,-0.14,-7606547.0,-7673953.0,78147.0,197632.0,,1.05,1.15,5.3,5.3,-8.64,-1.78,3,0,0,1,0,1,1,,,,,,🟢,MUA EARLY,PULL XẤU,RSI yếu | RSI chững | Giá dưới EMA9 | Slope âm | Pull xấu,🟡,,,,🔴 Yếu,,True
2026-08-06,DBC,🟡 TRUNG TÍNH,1,16600.0,0.91,3.11,43.13,👀 THEO DÕI,OBV tốt + Vị trí giá tốt,2026-08-07T12:42:32+07:00,1.43,16506.84,16587.45,-0.49,1.94,0.56,7630500.0,4989834.0,1311100.0,2246285.0,,1.0,0.86,5.73,5.73,-8.29,-1.48,4,1,0,1,0,1,1,,,,,,🟢,MUA EARLY,PULL XẤU,RSI yếu | Slope âm | Pull xấu,🟡,,,,🔴 Yếu,,True
2026-08-06,DDV,🟡 TRUNG TÍNH,1,18800.0,2.73,-0.53,35.6,👀 THEO DÕI,OBV tốt + Xu hướng giảm,2026-08-07T12:42:32+07:00,6.58,18832.38,19645.0,-4.14,2.59,-0.17,56841200.0,56658541.0,180500.0,309950.0,,0.85,0.93,5.03,5.03,-17.9,-3.09,3,0,0,1,0,1,1,,,,,,🟢,MUA EARLY,PULL XẤU,RSI yếu | Giá dưới EMA9 | Slope âm | Pull xấu,🟡,,,,🔴 Yếu,,False
2026-08-06,DIG,🟡 TRUNG TÍNH,1,10800.0,5.88,0.0,43.42,👀 THEO DÕI,OBV tốt + Vị trí giá tốt + RS mạnh,2026-08-07T12:42:32+07:00,3.28,10601.85,11052.5,-4.08,2.97,1.87,193402400.0,179681520.0,7317400.0,10188750.0,,1.09,1.16,11.46,11.46,-15.62,0.93,4,1,0,2,0,1,0,,,,,,🟢,MUA EARLY,PULL XẤU,RSI yếu | Slope âm | Pull xấu,🟡,,,,🔴 Yếu,,True
2026-08-06,DPG,🟡 TRUNG TÍNH,1,29900.0,6.41,9.93,44.66,👀 THEO DÕI,Vol xác nhận + Vị trí giá tốt + RSI cải thiện,2026-08-07T12:42:32+07:00,5.68,29263.01,29400.0,-0.47,5.3,2.18,21835900.0,21859412.0,388600.0,418890.0,,1.35,1.04,14.78,14.78,-13.08,-1.97,3,1,0,0,0,2,0,,,,,,🔴,MUA EARLY,PULL XẤU,OBV gãy | RSI yếu | Slope âm | Pull xấu,🟡,,,,🔴 Yếu,,True
2026-08-06,DPR,🟡 TRUNG TÍNH,1,36350.0,1.11,1.54,43.22,👀 THEO DÕI,OBV tốt + Vị trí giá tốt,2026-08-07T12:42:32+07:00,2.14,36057.49,36490.0,-1.19,1.02,0.81,24648731.0,24640633.0,303031.0,181217.0,,1.0,0.99,3.56,3.56,-6.44,1.68,6,1,0,2,0,1,2,,,,,,🟢,MUA EARLY,PULL XẤU,RSI yếu | Slope âm | Pull xấu,🟡,,,,🔴 Yếu,,True
2026-08-06,DRI,🟡 TRUNG TÍNH,1,13000.0,0.0,1.56,47.0,👀 THEO DÕI,OBV tốt + Vị trí giá tốt + RSI cải thiện,2026-08-07T12:42:32+07:00,3.17,12973.26,12945.0,0.22,1.2,0.21,37689900.0,37658661.0,203200.0,393375.0,,0.96,1.13,4.0,4.0,-5.11,0.0,4,2,0,1,1,0,0,,,,,,🟢,MUA EARLY,PULL XẤU,RSI yếu | Pull xấu,🟡,,,,🟡 Ổn định,,False
2026-08-06,DXG,🟡 TRUNG TÍNH,1,10900.0,2.83,3.32,43.16,👀 THEO DÕI,OBV tốt + Vol xác nhận + Vị trí giá tốt,2026-08-07T12:42:32+07:00,1.49,10757.84,11101.0,-3.09,2.39,1.32,567356804.0,556728880.0,10352300.0,10913760.0,,0.85,1.09,9.33,9.33,-12.45,0.46,5,1,0,2,0,1,1,,,,,,🟢,MUA EARLY,PULL XẤU,RSI yếu | Slope âm | Pull xấu,🟡,,,,🔴 Yếu,,True
2026-08-06,EVF,🟡 TRUNG TÍNH,1,12350.0,-0.4,-1.59,45.77,👀 THEO DÕI,OBV tốt + Vị trí giá tốt,2026-08-07T12:42:32+07:00,-0.81,12362.38,12405.0,-0.34,1.15,-0.1,150999100.0,150486213.0,1033900.0,1847255.0,,0.67,0.79,4.66,4.66,-5.36,-1.98,2,0,0,1,0,0,1,,,,,,🟢,TÍCH LŨY,PULL XẤU,RSI yếu | RSI chững | Giá dưới EMA9 | Slope âm | Pull xấu,🔴,,,,🔴 Yếu,,True
2026-08-06,FCN,🟡 TRUNG TÍNH,1,10750.0,0.0,-0.46,42.16,👀 THEO DÕI,OBV tốt + Vol xác nhận + Vị trí giá tốt,2026-08-07T12:42:32+07:00,-1.31,10775.98,10890.0,-1.05,1.26,-0.24,36307400.0,36222341.0,473300.0,397740.0,,1.3,1.2,3.37,3.37,-7.33,-0.92,1,0,0,1,0,0,0,,,,,,🟢,THEO DÕI,PULL XẤU,RSI yếu | RSI chững | Giá dưới EMA9 | Slope âm | Pull xấu,🔴,,,,🔴 Yếu,,True
2026-08-06,HAH,🟡 TRUNG TÍNH,1,46450.0,2.77,3.22,47.73,👀 THEO DÕI,OBV tốt + Vị trí giá tốt + RSI cải thiện,2026-08-07T12:42:32+07:00,4.69,45593.66,45928.5,-0.73,1.78,1.88,20442882.0,19209562.0,1676282.0,547544.0,,0.95,0.88,5.81,5.81,-7.73,2.65,6,1,0,2,0,1,2,,,,,,🟢,MUA EARLY,PULL XẤU,RSI yếu | Slope âm | Pull xấu,🟡,,,,🔴 Yếu,,True
2026-08-06,HDC,🟡 TRUNG TÍNH,1,11750.0,1.29,-3.69,34.18,👀 THEO DÕI,OBV tốt + Xu hướng giảm,2026-08-07T12:42:32+07:00,-0.69,11810.41,12412.5,-4.85,3.41,-0.51,156708900.0,156551253.0,706500.0,1407030.0,,1.0,1.09,7.8,7.8,-20.88,-1.26,3,0,0,1,0,1,1,,,,,,🟢,MUA EARLY,PULL XẤU,RSI yếu | RSI chững | Giá dưới EMA9 | Slope âm | Pull xấu,🟡,,,,🔴 Yếu,,True
2026-08-06,HDG,🟡 TRUNG TÍNH,1,16700.0,1.21,1.83,38.2,👀 THEO DÕI,OBV tốt + Vị trí giá tốt,2026-08-07T12:42:32+07:00,4.79,16587.6,17064.95,-2.8,2.51,0.68,19211600.0,19104432.0,887900.0,1525985.0,,0.83,0.94,7.74,7.74,-13.7,-0.3,4,1,0,1,0,1,1,,,,,,🟢,MUA EARLY,PULL XẤU,RSI yếu | Slope âm | Pull xấu,🟡,,,,🔴 Yếu,,True
2026-08-06,HHV,🟡 TRUNG TÍNH,1,10100.0,0.5,0.5,43.68,👀 THEO DÕI,OBV tốt + Vị trí giá tốt,2026-08-07T12:42:32+07:00,-1.22,10075.19,10144.0,-0.68,1.27,0.25,169009700.0,167933095.0,1539900.0,2591090.0,,1.11,0.89,3.06,3.06,-6.48,0.5,2,1,0,1,0,0,0,,,,,,🟢,TÍCH LŨY,PULL XẤU,RSI yếu | RSI chững | Slope âm | Pull xấu,🔴,,,,🔴 Yếu,,True
2026-08-06,HPG,🟡 TRUNG TÍNH,1,22050.0,1.15,6.01,49.49,👀 THEO DÕI,OBV tốt + Vị trí giá tốt + Xu hướng lên,2026-08-07T12:42:32+07:00,-6.05,21843.45,21662.5,0.84,1.71,0.95,368109224.0,360623420.0,14369400.0,27684380.0,,1.08,1.04,8.35,8.35,-5.16,-0.9,7,2,0,2,1,1,1,,,,,,🟢,MUA EARLY,PULL XẤU,RSI yếu | RSI chững | Pull xấu,🟡,,,,🟡 Ổn định,,True
2026-08-06,HSG,🟡 TRUNG TÍNH,1,10850.0,-0.46,3.33,45.96,👀 THEO DÕI,OBV tốt + Vị trí giá tốt,2026-08-07T12:42:32+07:00,-1.56,10786.2,10875.0,-0.82,1.4,0.59,51820000.0,51684024.0,1399000.0,2665020.0,,0.68,0.77,7.96,7.96,-7.66,0.46,4,1,0,2,0,1,0,,,,,,🟢,MUA EARLY,PULL XẤU,RSI yếu | RSI chững | Slope âm | Pull xấu,🟡,,,,🔴 Yếu,,True
2026-08-06,IJC,🟡 TRUNG TÍNH,1,7440.0,3.33,2.9,40.45,👀 THEO DÕI,OBV tốt + Vol xác nhận + Vị trí giá tốt,2026-08-07T12:42:32+07:00,2.08,7326.54,7474.0,-1.97,3.25,1.55,-35325690.0,-36459512.0,2509610.0,2024530.0,,0.89,1.05,11.21,11.21,-14.48,1.22,6,1,0,2,0,1,2,,,,,,🟢,MUA EARLY,PULL XẤU,RSI yếu | Slope âm | Pull xấu,🟡,,,,🔴 Yếu,,True
2026-08-06,KDH,🟡 TRUNG TÍNH,1,17900.0,2.29,-0.56,38.09,👀 THEO DÕI,OBV tốt + Vị trí giá tốt + Vol xác nhận,2026-08-07T12:42:32+07:00,-0.23,17831.79,18167.5,-1.85,3.16,0.38,-18648900.0,-22694361.0,4018600.0,5400895.0,,1.09,1.02,9.15,9.15,-14.56,-1.38,4,1,0,1,0,1,1,,,,,,🟢,MUA EARLY,PULL XẤU,RSI yếu | RSI chững | Slope âm | Pull xấu,🟡,,,,🔴 Yếu,,True
2026-08-06,LAS,🟡 TRUNG TÍNH,1,12100.0,3.42,4.31,40.22,👀 THEO DÕI,OBV tốt + Vị trí giá tốt + RSI cải thiện,2026-08-07T12:42:32+07:00,12.6,12002.96,12360.0,-2.89,3.39,0.81,-19377500.0,-19658040.0,104500.0,193130.0,,1.13,0.97,5.22,5.22,-15.38,-3.2,4,1,0,1,0,1,1,,,,,,🟢,MUA EARLY,PULL XẤU,RSI yếu | Slope âm | Pull xấu,🟡,,,,🔴 Yếu,,False
2026-08-06,MBB,🟡 TRUNG TÍNH,1,24250.0,7.78,9.98,59.42,👀 THEO DÕI,RSI cải thiện + Vị trí giá tốt + Xu hướng lên,2026-08-07T12:42:32+07:00,1.42,23525.13,23257.5,1.15,3.5,3.08,871800816.0,874200294.0,9531400.0,14381535.0,,1.06,1.03,12.01,12.01,-3.0,-0.21,7,2,1,0,1,2,1,,,,,,🔴,MUA EARLY,PULL XẤU,OBV gãy | Pull xấu,🟡,,,,🟡 Ổn định,,True
2026-08-06,MBS,🟡 TRUNG TÍNH,1,18300.0,-0.54,-5.67,42.58,👀 THEO DÕI,OBV tốt + Xu hướng giảm,2026-08-07T12:42:32+07:00,-1.23,18409.01,19060.0,-3.42,2.61,-0.59,-40349600.0,-40379679.0,3708200.0,8216805.0,,0.69,0.74,5.17,5.17,-19.38,0.0,1,0,0,1,0,0,0,,,,,,🟢,THEO DÕI,PULL XẤU,RSI yếu | RSI chững | Giá dưới EMA9 | Slope âm | Pull xấu,🔴,,,,🔴 Yếu,,False
2026-08-06,MWG,🟡 TRUNG TÍNH,1,70600.0,1.15,0.28,45.82,👀 THEO DÕI,OBV tốt + Vol xác nhận + Vị trí giá tốt,2026-08-07T12:42:32+07:00,-4.42,70577.56,71387.5,-1.13,2.36,0.03,240873200.0,238328361.0,5330100.0,5235150.0,,1.02,1.14,13.27,13.27,-9.13,-1.26,3,1,0,1,0,1,0,,,,,,🟢,MUA EARLY,PULL XẤU,RSI yếu | RSI chững | Slope âm | Pull xấu,🟡,,,,🔴 Yếu,,True
2026-08-06,NHA,🟡 TRUNG TÍNH,1,8280.0,1.11,-0.36,40.55,👀 THEO DÕI,OBV tốt + Vol xác nhận + Vị trí giá tốt,2026-08-07T12:42:32+07:00,1.0,8222.3,8407.4,-2.2,2.26,0.7,6982900.0,6914946.0,98200.0,99105.0,,0.88,0.95,8.95,8.95,-11.44,0.36,5,1,0,2,0,1,1,,,,,,🟢,MUA EARLY,PULL XẤU,RSI yếu | Slope âm | Pull xấu,🟡,,,,🔴 Yếu,,True
2026-08-06,NKG,🟡 TRUNG TÍNH,1,11050.0,-0.45,4.25,45.16,👀 THEO DÕI,OBV tốt + Vị trí giá tốt + Vol xác nhận,2026-08-07T12:42:32+07:00,-3.88,11006.61,11045.0,-0.35,1.78,0.39,275430600.0,274749089.0,1399200.0,1817315.0,,0.98,1.04,6.25,6.25,-9.05,-1.34,4,1,0,1,0,1,1,,,,,,🟢,MUA EARLY,PULL XẤU,RSI yếu | RSI chững | Slope âm | Pull xấu,🟡,,,,🔴 Yếu,,True
2026-08-06,NT2,🟡 TRUNG TÍNH,1,21350.0,1.43,0.0,46.8,👀 THEO DÕI,OBV tốt + Vị trí giá tốt + Vol xác nhận,2026-08-07T12:42:32+07:00,-2.18,21257.47,21275.0,-0.08,0.89,0.44,14252900.0,14130954.0,425700.0,567660.0,,1.07,1.03,4.15,4.15,-4.69,0.71,4,1,0,2,0,1,0,,,,,,🟢,MUA EARLY,PULL XẤU,RSI yếu | RSI chững | Slope âm | Pull xấu,🟡,,,,🔴 Yếu,,True
2026-08-06,OCB,🟡 TRUNG TÍNH,1,10400.0,0.48,0.0,47.79,👀 THEO DÕI,OBV tốt + Vị trí giá tốt + Vol xác nhận,2026-08-07T12:42:32+07:00,2.61,10311.94,10435.0,-1.18,1.79,0.85,102595800.0,98850359.0,1990400.0,2404970.0,,0.86,0.8,4.0,8.67,-9.17,0.48,4,1,0,2,0,0,1,,,,,,🟢,MUA EARLY,PULL XẤU,RSI yếu | Slope âm | Pull xấu,🟡,,,,🔴 Yếu,,True
2026-08-06,PHR,🟡 TRUNG TÍNH,1,58800.0,2.8,3.16,46.95,👀 THEO DÕI,OBV tốt + Vol xác nhận + Vị trí giá tốt,2026-08-07T12:42:32+07:00,-1.88,58264.86,58870.0,-1.03,2.18,0.92,16907485.0,16722974.0,368485.0,333444.0,,0.98,1.15,6.91,6.91,-9.54,0.17,5,1,0,2,0,1,1,,,,,,🟢,MUA EARLY,PULL XẤU,RSI yếu | RSI chững | Slope âm | Pull xấu,🟡,,,,🔴 Yếu,,True
2026-08-06,PTB,🟡 TRUNG TÍNH,1,33800.0,1.2,4.65,43.38,👀 THEO DÕI,OBV tốt + Vị trí giá tốt,2026-08-07T12:42:32+07:00,-1.54,33643.92,33992.45,-1.03,1.98,0.46,-545900.0,-553723.0,16700.0,64500.0,,0.91,1.19,6.12,6.12,-8.89,1.35,4,1,0,2,0,1,0,,,,,,🟢,MUA EARLY,PULL XẤU,RSI yếu | RSI chững | Slope âm | Pull xấu,🟡,,,,🔴 Yếu,,True
2026-08-06,SAB,🟡 TRUNG TÍNH,1,44900.0,3.46,2.12,57.09,👀 THEO DÕI,OBV tốt + Vị trí giá tốt + RSI cải thiện,2026-08-07T12:42:32+07:00,-1.06,44268.65,43847.5,0.96,0.91,1.43,-8205274.0,-10071372.0,1389126.0,645636.0,,1.2,1.19,4.42,4.42,-0.55,1.24,9,2,1,2,1,1,2,,,,,,🟢,PULL VỪA,PULL VỪA,RSI chững,🟡,,,,🟡 Ổn định,,True
2026-08-06,SBT,🟡 TRUNG TÍNH,1,21000.0,-1.41,1.2,49.55,👀 THEO DÕI,OBV tốt + Vị trí giá tốt,2026-08-07T12:42:32+07:00,-9.8,21000.07,20967.5,0.16,0.01,-0.0,105267676.0,103724920.0,2181876.0,696914.0,,0.98,0.94,1.69,4.48,-1.87,1.69,5,0,0,2,1,0,2,,,,,,🟢,MUA EARLY,PULL XẤU,RSI yếu | RSI chững | Giá dưới EMA9 | Pull xấu,🟡,,,,🟡 Ổn định,,True
2026-08-06,SHS,🟡 TRUNG TÍNH,1,15700.0,0.64,-2.48,43.82,👀 THEO DÕI,OBV tốt + Vị trí giá tốt,2026-08-07T12:42:32+07:00,1.34,15644.46,15930.0,-1.79,4.12,0.36,720180896.0,709067311.0,7384500.0,13770195.0,,0.72,0.79,9.79,9.79,-19.49,-1.88,3,1,0,1,0,0,1,,,,,,🟢,MUA EARLY,PULL XẤU,RSI yếu | Slope âm | Pull xấu,🟡,,,,🔴 Yếu,,False
2026-08-06,TPB,🟡 TRUNG TÍNH,1,14500.0,0.69,3.57,42.61,👀 THEO DÕI,OBV tốt + Vị trí giá tốt,2026-08-07T12:42:32+07:00,3.15,14462.7,14652.5,-1.3,2.47,0.26,440928088.0,426100392.0,6257200.0,10041990.0,,1.15,1.04,4.32,4.32,-11.85,-1.69,4,1,0,1,0,1,1,,,,,,🟢,MUA EARLY,PULL XẤU,RSI yếu | Slope âm | Pull xấu,🟡,,,,🔴 Yếu,,True
2026-08-06,VGS,🟡 TRUNG TÍNH,1,17900.0,0.56,0.56,34.9,👀 THEO DÕI,OBV tốt + Thiếu mẫu xác nhận,2026-08-07T12:42:32+07:00,-1.31,17976.86,18525.0,-2.96,2.57,-0.43,4767900.0,4753693.0,52400.0,124435.0,,0.94,0.94,5.29,5.29,-15.96,-0.56,2,0,0,1,0,0,1,,,,,,🟢,TÍCH LŨY,PULL XẤU,RSI yếu | RSI chững | Giá dưới EMA9 | Slope âm | Pull xấu,🔴,,,,🔴 Yếu,,False
2026-08-06,VGT,🟡 TRUNG TÍNH,1,11000.0,1.85,1.85,46.82,👀 THEO DÕI,OBV tốt + Vị trí giá tốt + Vol xác nhận,2026-08-07T12:42:32+07:00,-0.09,10941.37,10980.0,-0.35,1.65,0.54,15042500.0,14940993.0,170700.0,231895.0,,1.05,0.87,3.77,3.77,-5.17,-0.9,4,1,0,1,0,1,1,,,,,,🟢,MUA EARLY,PULL XẤU,RSI yếu | RSI chững | Slope âm | Pull xấu,🟡,,,,🔴 Yếu,,False
2026-08-06,VIC,🟡 TRUNG TÍNH,1,213500.0,-2.95,-0.23,47.52,👀 THEO DÕI,OBV tốt + Vol xác nhận + Vị trí giá tốt,2026-08-07T12:42:32+07:00,0.38,216088.17,216765.0,-0.31,0.56,-1.2,316024000.0,313763853.0,4794300.0,4009165.0,,1.27,1.09,5.64,11.2,-4.98,-2.51,1,0,0,1,0,0,0,,,,,,🟢,THEO DÕI,PULL XẤU,RSI yếu | Giá dưới EMA9 | Slope âm | Pull xấu,🔴,,,,🔴 Yếu,,True
2026-08-06,VND,🟡 TRUNG TÍNH,1,16650.0,-2.35,-2.92,45.64,👀 THEO DÕI,OBV tốt + Vị trí giá tốt,2026-08-07T12:42:32+07:00,-1.87,16781.74,16987.5,-1.21,1.75,-0.78,574151012.0,574059431.0,8951200.0,13758455.0,,0.75,0.82,8.47,8.47,-10.48,-1.77,2,0,0,1,0,0,1,,,,,,🟢,TÍCH LŨY,PULL XẤU,RSI yếu | RSI chững | Giá dưới EMA9 | Slope âm | Pull xấu,🔴,,,,🔴 Yếu,,True
2026-08-06,VNM,🟡 TRUNG TÍNH,1,62500.0,2.12,8.13,65.78,👀 THEO DÕI,OBV tốt + RSI cải thiện + Vị trí giá tốt,2026-08-07T12:42:32+07:00,4.16,60024.92,58630.0,2.38,-0.57,4.12,-6334863.0,-9046299.0,10693737.0,5441352.0,,1.14,1.05,12.82,14.05,1.79,6.47,10,2,2,2,1,1,2,,,,,,🟢,GÀ TĂNG TỐC,PULL XẤU,Pull xấu,🟡,,,,🟢 Tăng tốc,,True
2026-08-06,VTO,🟡 TRUNG TÍNH,1,10500.0,-0.47,4.48,55.21,👀 THEO DÕI,OBV tốt + Vị trí giá tốt + RSI cải thiện,2026-08-07T12:42:32+07:00,-0.79,10400.48,10300.0,0.98,0.74,0.96,2020357.0,1929169.0,32057.0,80058.0,,1.01,0.97,4.48,4.48,-1.41,0.96,7,2,1,2,1,1,0,,,,,,🟢,PULL VỪA,PULL VỪA,RSI chững,🟡,,,,🟡 Ổn định,,True
2026-08-06,ACB,🔴 YẾU,2,22400.0,0.22,-0.44,48.75,⏳ CHỜ,OBV xấu + Thiếu mẫu xác nhận,2026-08-07T12:42:32+07:00,-2.19,22425.69,22627.5,-0.89,0.19,-0.11,-32353900.0,-21148498.0,8170300.0,17161750.0,,0.66,0.82,2.28,14.81,-6.08,0.0,0,0,0,0,0,0,0,,,,,,🔴,THEO DÕI,PULL XẤU,OBV gãy | RSI yếu | RSI chững | Giá dưới EMA9 | Slope âm | Pull xấu,🔴,,,,🔴 Yếu,,True
2026-08-06,GEE,🔴 YẾU,2,67800.0,1.35,-4.78,36.36,⏳ CHỜ,OBV xấu + Xu hướng giảm + Thiếu mẫu xác nhận,2026-08-07T12:42:32+07:00,1.64,68569.15,71915.0,-4.65,3.47,-1.12,89086800.0,89723456.0,1083300.0,1156915.0,,1.01,0.93,6.77,6.77,-20.14,-2.59,1,0,0,0,0,1,0,,,,,,🔴,THEO DÕI,PULL XẤU,OBV gãy | RSI yếu | Giá dưới EMA9 | Slope âm | Pull xấu,🔴,,,,🔴 Yếu,,True
2026-08-06,GIL,🔴 YẾU,2,7730.0,15.37,10.59,39.64,⏳ CHỜ,OBV xấu + Xu hướng giảm + Thiếu mẫu xác nhận,2026-08-07T12:42:32+07:00,20.04,7336.86,7646.5,-4.05,10.76,5.36,-5331000.0,-5231562.0,554900.0,433745.0,,0.72,0.58,18.02,18.02,-33.07,-4.09,1,1,0,0,0,2,-2,,,,,,🔴,THEO DÕI,PULL XẤU,OBV gãy | RSI yếu | Slope âm | Pull xấu,🔴,,,,🔴 Yếu,,True
2026-08-06,IDC,🔴 YẾU,2,32700.0,0.62,0.62,42.69,⏳ CHỜ,OBV xấu + Thiếu mẫu xác nhận,2026-08-07T12:42:32+07:00,-4.1,32825.49,32811.0,0.04,1.24,-0.38,66130800.0,66217077.0,515900.0,1113815.0,,0.91,0.91,3.81,3.81,-6.57,-1.21,2,0,0,0,1,0,1,,,,,,🔴,TÍCH LŨY,PULL XẤU,OBV gãy | RSI yếu | RSI chững | Giá dưới EMA9 | Pull xấu,🔴,,,,🟡 Ổn định,,False
2026-08-06,KBC,🔴 YẾU,2,28200.0,0.53,1.62,47.22,⏳ CHỜ,OBV xấu + Thiếu mẫu xác nhận,2026-08-07T12:42:32+07:00,-0.63,28088.28,27952.5,0.49,0.87,0.4,230565000.0,231005923.0,1262000.0,1324940.0,,1.0,0.98,5.22,5.22,-2.08,0.36,4,2,0,0,1,0,1,,,,,,🔴,MUA EARLY,PULL XẤU,OBV gãy | RSI yếu | RSI chững | Pull xấu,🟡,,,,🟡 Ổn định,,True
2026-08-06,MSB,🔴 YẾU,2,16100.0,2.22,0.31,55.92,⏳ CHỜ,OBV xấu + Thiếu mẫu xác nhận,2026-08-07T12:42:32+07:00,-1.0,16048.36,16047.4,0.01,0.46,0.32,749505700.0,751434092.0,3858700.0,7090130.0,,1.01,0.81,2.22,15.83,-2.13,-0.3,6,2,1,0,1,1,1,,,,,,🔴,MUA EARLY,PULL XẤU,OBV gãy | RSI chững | Pull xấu,🟡,,,,🟡 Ổn định,,True
2026-08-06,MSH,🔴 YẾU,2,31300.0,1.29,0.97,46.55,⏳ CHỜ,OBV xấu + Vol chưa xác nhận + Thiếu mẫu xác nhận,2026-08-07T12:42:32+07:00,2.67,30951.26,31075.0,-0.4,0.94,1.13,12270400.0,12436949.0,32800.0,108370.0,,0.76,1.2,3.3,3.3,-2.95,0.97,2,1,0,0,0,1,0,,,,,,🔴,TÍCH LŨY,PULL XẤU,OBV gãy | RSI yếu | Slope âm | Pull xấu,🔴,,,,🔴 Yếu,,True
2026-08-06,NLG,🔴 YẾU,2,22200.0,3.02,1.83,42.2,⏳ CHỜ,OBV xấu + Xu hướng giảm + Thiếu mẫu xác nhận,2026-08-07T12:42:32+07:00,5.07,21909.83,22777.5,-3.81,2.49,1.32,46376600.0,46962435.0,2125400.0,2378395.0,,1.63,1.33,11.0,11.0,-13.79,2.07,3,1,0,0,0,1,1,,,,,,🔴,MUA EARLY,PULL XẤU,OBV gãy | RSI yếu | Slope âm | Pull xấu,🟡,,,,🔴 Yếu,,True
2026-08-06,NTP,🔴 YẾU,2,48300.0,-0.21,-0.21,45.0,⏳ CHỜ,OBV xấu + Vol chưa xác nhận + Thiếu mẫu xác nhận,2026-08-07T12:42:32+07:00,-2.37,48536.77,48465.0,0.15,0.52,-0.49,9763700.0,9979402.0,22600.0,71785.0,,2.22,1.44,1.47,1.47,-3.21,-0.62,2,0,0,0,1,0,1,,,,,,🔴,TÍCH LŨY,PULL XẤU,OBV gãy | RSI yếu | RSI chững | Giá dưới EMA9 | Pull xấu,🔴,,,,🟡 Ổn định,,False
2026-08-06,PLC,🔴 YẾU,2,19400.0,0.52,5.43,48.6,⏳ CHỜ,OBV xấu + Vol chưa xác nhận + Thiếu mẫu xác nhận,2026-08-07T12:42:32+07:00,-2.02,19176.53,19145.0,0.16,2.4,1.17,18208800.0,18270913.0,40300.0,110520.0,,1.01,0.95,9.6,9.6,-14.16,-0.51,5,2,0,0,1,1,1,,,,,,🔴,MUA EARLY,PULL XẤU,OBV gãy | RSI yếu | RSI chững | Pull xấu,🟡,,,,🟡 Ổn định,,False
2026-08-06,PNJ,🔴 YẾU,2,36800.0,13.23,11.35,39.19,⏳ CHỜ,OBV xấu + Xu hướng giảm + Thiếu mẫu xác nhận,2026-08-07T12:42:32+07:00,11.05,35398.88,37422.5,-5.41,8.49,3.96,-65778300.0,-58235067.0,8463700.0,10806565.0,,0.98,1.24,19.67,19.67,-31.85,-5.88,4,1,0,0,0,2,1,,,,,,🔴,MUA EARLY,PULL XẤU,OBV gãy | RSI yếu | Slope âm | Pull xấu,🟡,,,,🔴 Yếu,,True
2026-08-06,TNG,🔴 YẾU,2,17000.0,2.29,6.52,49.03,⏳ CHỜ,OBV xấu + Thiếu mẫu xác nhận,2026-08-07T12:42:32+07:00,-4.82,16884.18,16655.95,1.37,1.78,0.69,34455000.0,34531472.0,354300.0,532880.0,,0.7,0.85,8.42,8.42,-5.24,-1.11,5,2,0,0,1,1,1,,,,,,🔴,MUA EARLY,PULL XẤU,OBV gãy | RSI yếu | RSI chững | Pull xấu,🟡,,,,🟡 Ổn định,,False
2026-08-06,VHM,🔴 YẾU,2,74200.0,0.34,12.42,55.84,⏳ CHỜ,OBV xấu + Vol chưa xác nhận + Thiếu mẫu xác nhận,2026-08-07T12:42:32+07:00,-1.79,73086.44,70337.5,3.91,3.13,1.52,345051000.0,345827259.0,16808100.0,5505895.0,,1.43,1.14,16.94,16.94,-6.55,-9.18,4,2,1,0,2,1,-2,,,,,,🔴,MUA EARLY,PULL XẤU,OBV gãy | RSI chững | Pull xấu,🟡,,,,🟢 Tăng tốc,,True
2026-08-06,VJC,🔴 YẾU,2,125900.0,1.37,-1.33,39.27,⏳ CHỜ,OBV xấu + Thiếu mẫu xác nhận,2026-08-07T12:42:32+07:00,-1.34,126356.34,128609.95,-1.75,1.3,-0.36,21502500.0,24029071.0,1466900.0,1115265.0,,1.24,1.12,2.03,2.03,-9.42,-0.47,-1,0,0,0,0,1,-2,,,,,,🔴,THEO DÕI,PULL XẤU,OBV gãy | RSI yếu | RSI chững | Giá dưới EMA9 | Slope âm | Pull xấu,🔴,,,,🔴 Yếu,,True
2026-08-06,VPL,🔴 YẾU,2,79700.0,0.25,6.41,46.34,⏳ CHỜ,OBV xấu + Thiếu mẫu xác nhận,2026-08-07T12:42:32+07:00,-4.29,79375.27,78800.0,0.73,1.87,0.41,15594500.0,15654994.0,806900.0,688485.0,,0.84,0.82,8.44,8.44,-5.01,-1.24,4,2,0,0,1,1,0,,,,,,🔴,MUA EARLY,PULL XẤU,OBV gãy | RSI yếu | RSI chững | Pull xấu,🟡,,,,🟡 Ổn định,,True
2026-08-06,ACV,⚠️ YẾU DẦN,3,38900.0,-1.52,-0.51,34.37,🟠 HẠN CHẾ / GIẢM,OBV xấu + RSI yếu + Thiếu mẫu xác nhận,2026-08-07T12:42:32+07:00,-7.01,39314.56,40095.0,-1.95,0.82,-1.05,-63287300.0,-62447141.0,343300.0,460715.0,,1.16,1.01,1.3,1.3,-10.57,-0.51,1,0,0,0,0,0,1,,,,,,🔴,THEO DÕI,PULL XẤU,OBV gãy | RSI yếu | RSI chững | Giá dưới EMA9 | Slope âm | Pull xấu,🔴,,,,🔴 Yếu,,False
2026-08-06,AGR,⚠️ YẾU DẦN,3,13200.0,-0.38,-4.69,43.06,🟠 HẠN CHẾ / GIẢM,OBV xấu + Thiếu mẫu xác nhận,2026-08-07T12:42:32+07:00,0.23,13208.29,13582.5,-2.76,2.92,-0.06,23581300.0,23677127.0,206700.0,511140.0,,0.56,0.71,7.76,7.76,-17.5,0.0,0,0,0,0,0,0,0,,,,,,🔴,THEO DÕI,PULL XẤU,OBV gãy | RSI yếu | Giá dưới EMA9 | Slope âm | Pull xấu,🔴,,,,🔴 Yếu,,True
2026-08-06,BSI,⚠️ YẾU DẦN,3,28150.0,0.54,-3.6,38.2,🟠 HẠN CHẾ / GIẢM,OBV xấu + Xu hướng giảm + Thiếu mẫu xác nhận,2026-08-07T12:42:32+07:00,0.41,28273.5,29519.9,-4.22,3.72,-0.44,21756016.0,21776776.0,228884.0,569259.0,,0.7,0.77,7.24,7.24,-22.66,0.54,0,0,0,0,0,0,0,,,,,,🔴,THEO DÕI,PULL XẤU,OBV gãy | RSI yếu | Giá dưới EMA9 | Slope âm | Pull xấu,🔴,,,,🔴 Yếu,,True
2026-08-06,BVS,⚠️ YẾU DẦN,3,26300.0,0.38,-6.41,43.11,🟠 HẠN CHẾ / GIẢM,OBV xấu + Xu hướng giảm + Thiếu mẫu xác nhận,2026-08-07T12:42:32+07:00,0.15,26678.48,28760.0,-7.24,4.29,-1.42,3837200.0,4729322.0,519000.0,1368665.0,,0.68,0.79,8.23,8.23,-28.14,-1.87,1,0,0,0,0,0,1,,,,,,🔴,THEO DÕI,PULL XẤU,OBV gãy | RSI yếu | Giá dưới EMA9 | Slope âm | Pull xấu,🔴,,,,🔴 Yếu,,False
2026-08-06,DXS,⚠️ YẾU DẦN,3,5880.0,-0.84,1.38,37.73,🟠 HẠN CHẾ / GIẢM,OBV xấu + Xu hướng giảm + Thiếu mẫu xác nhận,2026-08-07T12:42:32+07:00,-2.05,5906.57,6200.0,-4.73,1.92,-0.45,42434800.0,44228876.0,1168700.0,1768665.0,,1.3,1.09,4.81,4.81,-18.56,0.34,0,0,0,0,0,0,0,,,,,,🔴,THEO DÕI,PULL XẤU,OBV gãy | RSI yếu | RSI chững | Giá dưới EMA9 | Slope âm | Pull xấu,🔴,,,,🔴 Yếu,,True
2026-08-06,EIB,⚠️ YẾU DẦN,3,18100.0,1.12,2.55,42.33,🟠 HẠN CHẾ / GIẢM,OBV xấu + Thiếu mẫu xác nhận,2026-08-07T12:42:32+07:00,-1.61,18009.7,18180.0,-0.94,2.38,0.5,171677500.0,177106206.0,4875400.0,6658040.0,,0.91,0.95,9.7,9.7,-10.62,-0.82,3,1,0,0,0,1,1,,,,,,🔴,MUA EARLY,PULL XẤU,OBV gãy | RSI yếu | RSI chững | Slope âm | Pull xấu,🟡,,,,🔴 Yếu,,True
2026-08-06,FOX,⚠️ YẾU DẦN,3,64500.0,0.0,1.74,39.83,🟠 HẠN CHẾ / GIẢM,OBV xấu + RSI yếu + Thiếu mẫu xác nhận,2026-08-07T12:42:32+07:00,-5.98,64639.18,65005.0,-0.56,2.17,-0.22,5322600.0,5409529.0,31400.0,83435.0,,0.95,0.87,5.74,5.74,-10.66,-1.07,1,0,0,0,0,0,1,,,,,,🔴,THEO DÕI,PULL XẤU,OBV gãy | RSI yếu | RSI chững | Giá dưới EMA9 | Slope âm | Pull xấu,🔴,,,,🔴 Yếu,,False
2026-08-06,FTS,⚠️ YẾU DẦN,3,21850.0,0.0,-5.0,40.87,🟠 HẠN CHẾ / GIẢM,OBV xấu + Xu hướng giảm + Vol chưa xác nhận,2026-08-07T12:42:32+07:00,-1.27,21941.56,22862.5,-4.03,3.68,-0.42,15755400.0,16770402.0,504700.0,1410520.0,,0.71,0.83,8.71,8.71,-22.65,-0.68,1,0,0,0,0,0,1,,,,,,🔴,THEO DÕI,PULL XẤU,OBV gãy | RSI yếu | RSI chững | Giá dưới EMA9 | Slope âm | Pull xấu,🔴,,,,🔴 Yếu,,True
2026-08-06,GEG,⚠️ YẾU DẦN,3,12150.0,0.0,0.83,38.25,🟠 HẠN CHẾ / GIẢM,OBV xấu + Thiếu mẫu xác nhận,2026-08-07T12:42:32+07:00,-1.06,12178.6,12367.5,-1.53,1.4,-0.23,23225800.0,23236959.0,213200.0,232065.0,,1.07,0.9,3.85,3.85,-10.0,0.0,0,0,0,0,0,0,0,,,,,,🔴,THEO DÕI,PULL XẤU,OBV gãy | RSI yếu | RSI chững | Giá dưới EMA9 | Slope âm | Pull xấu,🔴,,,,🔴 Yếu,,True
2026-08-06,HAG,⚠️ YẾU DẦN,3,14000.0,-1.41,-0.36,37.98,🟠 HẠN CHẾ / GIẢM,OBV xấu + Thiếu mẫu xác nhận,2026-08-07T12:42:32+07:00,1.83,14075.79,14225.0,-1.05,0.61,-0.54,387578400.0,389386832.0,975800.0,2251470.0,,0.93,0.99,2.19,2.19,-5.72,-1.06,1,0,0,0,0,0,1,,,,,,🔴,THEO DÕI,PULL XẤU,OBV gãy | RSI yếu | Giá dưới EMA9 | Slope âm | Pull xấu,🔴,,,,🔴 Yếu,,True
2026-08-06,HHS,⚠️ YẾU DẦN,3,9800.0,0.0,-1.11,42.38,🟠 HẠN CHẾ / GIẢM,OBV xấu + Thiếu mẫu xác nhận + RSI yếu,2026-08-07T12:42:32+07:00,-4.49,9906.74,10092.5,-1.84,2.0,-1.08,157020879.0,158557846.0,1875521.0,1120716.0,,1.16,0.97,4.26,4.26,-12.89,-1.61,-2,0,0,0,0,0,-2,,,,,,🔴,THEO DÕI,PULL XẤU,OBV gãy | RSI yếu | RSI chững | Giá dưới EMA9 | Slope âm | Pull xấu,🔴,,,,🔴 Yếu,,True
2026-08-06,KSB,⚠️ YẾU DẦN,3,13300.0,-0.75,-2.56,41.56,🟠 HẠN CHẾ / GIẢM,OBV xấu + Thiếu mẫu xác nhận,2026-08-07T12:42:32+07:00,-0.08,13392.7,13495.0,-0.76,1.61,-0.69,29523600.0,29664116.0,599500.0,695340.0,,1.22,1.11,2.7,2.7,-8.28,-1.12,0,0,0,0,0,0,0,,,,,,🔴,THEO DÕI,PULL XẤU,OBV gãy | RSI yếu | RSI chững | Giá dưới EMA9 | Slope âm | Pull xấu,🔴,,,,🔴 Yếu,,True
2026-08-06,LPB,⚠️ YẾU DẦN,3,52200.0,-0.76,-2.06,48.6,🟠 HẠN CHẾ / GIẢM,OBV xấu + Thiếu mẫu xác nhận,2026-08-07T12:42:32+07:00,-4.04,52860.39,52880.0,-0.04,0.07,-1.25,165938900.0,169704660.0,3547400.0,3363605.0,,0.95,0.99,1.36,14.73,-6.79,-1.88,0,0,0,0,0,0,0,,,,,,🔴,THEO DÕI,PULL XẤU,OBV gãy | RSI yếu | RSI chững | Giá dưới EMA9 | Slope âm | Pull xấu,🔴,,,,🔴 Yếu,,True
2026-08-06,MCH,⚠️ YẾU DẦN,3,136000.0,-4.83,0.0,48.25,🟠 HẠN CHẾ / GIẢM,OBV xấu + Vol chưa xác nhận + RS yếu,2026-08-07T12:42:32+07:00,-3.48,137802.01,137570.0,0.17,-0.76,-1.31,10655402.0,10946706.0,96898.0,386895.0,,1.74,1.45,1.49,7.51,-5.29,-0.73,2,0,0,0,1,0,1,,,,,,🔴,TÍCH LŨY,PULL XẤU,OBV gãy | RSI yếu | RSI chững | Giá dưới EMA9 | Pull xấu,🔴,,,,🟡 Ổn định,,True
2026-08-06,MML,⚠️ YẾU DẦN,3,27600.0,-5.15,1.47,42.97,🟠 HẠN CHẾ / GIẢM,RS yếu + Thiếu mẫu xác nhận + RSI yếu,2026-08-07T12:42:32+07:00,-9.51,28057.12,27900.0,0.56,0.27,-1.63,-1547400.0,-1553769.0,10900.0,22775.0,,1.21,1.27,4.15,4.15,-5.48,-2.47,3,0,0,1,1,0,1,,,,,,🟢,MUA EARLY,PULL XẤU,RSI yếu | RSI chững | Giá dưới EMA9 | Pull xấu,🟡,,,,🟡 Ổn định,,False
2026-08-06,MSN,⚠️ YẾU DẦN,3,67100.0,-1.18,4.84,46.7,🟠 HẠN CHẾ / GIẢM,OBV xấu + Thiếu mẫu xác nhận,2026-08-07T12:42:32+07:00,-4.82,66964.64,66570.0,0.59,1.01,0.2,101333900.0,101439531.0,2286900.0,4217820.0,,0.96,1.01,5.01,5.01,-3.59,-0.59,5,2,0,0,1,1,1,,,,,,🔴,MUA EARLY,PULL XẤU,OBV gãy | RSI yếu | RSI chững | Pull xấu,🟡,,,,🟡 Ổn định,,True
2026-08-06,NAB,⚠️ YẾU DẦN,3,11900.0,-3.25,-4.8,36.11,🟠 HẠN CHẾ / GIẢM,OBV xấu + RSI yếu + Xu hướng giảm,2026-08-07T12:42:32+07:00,-5.65,12136.44,12477.5,-2.73,0.18,-1.95,57782900.0,60569136.0,1239200.0,2192670.0,,0.81,0.88,0.42,1.71,-11.85,-0.42,1,0,0,0,0,0,1,,,,,,🔴,THEO DÕI,PULL XẤU,OBV gãy | RSI yếu | RSI chững | Giá dưới EMA9 | Slope âm | Pull xấu,🔴,,,,🔴 Yếu,,True
2026-08-06,NTL,⚠️ YẾU DẦN,3,13500.0,-1.46,-6.9,21.98,🟠 HẠN CHẾ / GIẢM,OBV xấu + RSI yếu + Xu hướng giảm,2026-08-07T12:42:32+07:00,-7.91,13862.92,14330.0,-3.26,-0.0,-2.62,70497900.0,70977926.0,224500.0,296110.0,,1.3,1.19,0.0,0.0,-10.6,-1.46,1,0,0,0,0,0,1,,,,,,🔴,THEO DÕI,PULL XẤU,OBV gãy | RSI yếu | RSI chững | Giá dưới EMA9 | Slope âm | Pull xấu,🔴,,,,🔴 Yếu,,True
2026-08-06,OIL,⚠️ YẾU DẦN,3,12900.0,-3.73,-3.01,41.57,🟠 HẠN CHẾ / GIẢM,OBV xấu + Xu hướng giảm + Vol chưa xác nhận,2026-08-07T12:42:32+07:00,-2.61,13094.8,13485.0,-2.89,-0.63,-1.49,88786300.0,89073281.0,466200.0,1598605.0,,0.6,0.59,0.0,1.57,-14.0,0.78,0,0,0,0,0,0,0,,,,,,🔴,THEO DÕI,PULL XẤU,OBV gãy | RSI yếu | RSI chững | Giá dưới EMA9 | Slope âm | Pull xấu,🔴,,,,🔴 Yếu,,False
2026-08-06,PC1,⚠️ YẾU DẦN,3,20850.0,-3.7,-0.71,45.05,🟠 HẠN CHẾ / GIẢM,OBV xấu + Thiếu mẫu xác nhận + RS yếu,2026-08-07T12:42:32+07:00,-6.88,21241.01,21285.0,-0.21,-0.23,-1.84,123896100.0,125000538.0,2249300.0,2081300.0,,0.97,1.0,1.46,18.13,-6.5,-0.71,0,0,0,0,0,0,0,,,,,,🔴,THEO DÕI,PULL XẤU,OBV gãy | RSI yếu | RSI chững | Giá dưới EMA9 | Slope âm | Pull xấu,🔴,,,,🔴 Yếu,,True
2026-08-06,PDR,⚠️ YẾU DẦN,3,11800.0,-0.42,-2.48,34.23,🟠 HẠN CHẾ / GIẢM,OBV xấu + Xu hướng giảm + Thiếu mẫu xác nhận,2026-08-07T12:42:32+07:00,2.5,11920.62,12445.0,-4.21,2.8,-1.01,235586100.0,237991182.0,6507400.0,8091115.0,,1.03,1.04,5.83,5.83,-17.77,-1.26,0,0,0,0,0,0,0,,,,,,🔴,THEO DÕI,PULL XẤU,OBV gãy | RSI yếu | Giá dưới EMA9 | Slope âm | Pull xấu,🔴,,,,🔴 Yếu,,True
2026-08-06,POW,⚠️ YẾU DẦN,3,13650.0,-0.36,0.74,46.75,🟠 HẠN CHẾ / GIẢM,OBV xấu + Thiếu mẫu xác nhận,2026-08-07T12:42:32+07:00,-5.83,13691.38,13677.5,0.1,1.32,-0.3,312256804.0,326012145.0,8307700.0,7808065.0,,1.02,0.87,3.41,3.41,-6.83,-1.09,1,0,0,0,1,0,0,,,,,,🔴,THEO DÕI,PULL XẤU,OBV gãy | RSI yếu | RSI chững | Giá dưới EMA9 | Pull xấu,🔴,,,,🟡 Ổn định,,True
2026-08-06,PVB,⚠️ YẾU DẦN,3,20700.0,-3.27,-0.48,33.06,🟠 HẠN CHẾ / GIẢM,OBV xấu + Xu hướng giảm + Thiếu mẫu xác nhận,2026-08-07T12:42:32+07:00,-0.33,20959.45,21715.0,-3.48,0.67,-1.24,1203100.0,1230825.0,36700.0,63165.0,,0.92,0.91,0.98,0.98,-15.85,0.49,0,0,0,0,0,0,0,,,,,,🔴,THEO DÕI,PULL XẤU,OBV gãy | RSI yếu | RSI chững | Giá dưới EMA9 | Slope âm | Pull xấu,🔴,,,,🔴 Yếu,,False
2026-08-06,PVD,⚠️ YẾU DẦN,3,18300.0,-3.17,-1.08,46.63,🟠 HẠN CHẾ / GIẢM,OBV xấu + Xu hướng giảm + Thiếu mẫu xác nhận,2026-08-07T12:42:32+07:00,2.48,18302.41,18718.5,-2.22,0.27,-0.01,272271417.0,273602545.0,4081317.0,3822541.0,,0.82,0.73,4.57,4.57,-11.59,1.39,1,0,0,0,0,0,1,,,,,,🔴,THEO DÕI,PULL XẤU,OBV gãy | RSI yếu | Giá dưới EMA9 | Slope âm | Pull xấu,🔴,,,,🔴 Yếu,,True
2026-08-06,PVS,⚠️ YẾU DẦN,3,34000.0,-2.3,-0.87,41.34,🟠 HẠN CHẾ / GIẢM,OBV xấu + Xu hướng giảm + Thiếu mẫu xác nhận,2026-08-07T12:42:32+07:00,-2.18,34346.24,35290.0,-2.67,0.64,-1.01,121370300.0,124289333.0,1589900.0,2995310.0,,0.65,0.71,2.72,2.72,-13.27,-0.58,1,0,0,0,0,0,1,,,,,,🔴,THEO DÕI,PULL XẤU,OBV gãy | RSI yếu | RSI chững | Giá dưới EMA9 | Slope âm | Pull xấu,🔴,,,,🔴 Yếu,,False
2026-08-06,SHB,⚠️ YẾU DẦN,3,11700.0,-0.43,-2.5,38.46,🟠 HẠN CHẾ / GIẢM,OBV xấu + Thiếu mẫu xác nhận + RSI yếu,2026-08-07T12:42:32+07:00,-2.89,11754.14,12005.0,-2.09,1.98,-0.46,1695088660.0,1755351802.0,36443100.0,53698045.0,,1.01,1.08,4.46,4.46,-12.69,-1.27,1,0,0,0,0,0,1,,,,,,🔴,THEO DÕI,PULL XẤU,OBV gãy | RSI yếu | RSI chững | Giá dưới EMA9 | Slope âm | Pull xấu,🔴,,,,🔴 Yếu,,True
2026-08-06,SSB,⚠️ YẾU DẦN,3,15100.0,-2.89,-3.51,36.97,🟠 HẠN CHẾ / GIẢM,OBV xấu + RSI yếu + Thiếu mẫu xác nhận,2026-08-07T12:42:32+07:00,-11.56,15429.72,15635.0,-1.31,-0.05,-2.14,28638600.0,32928906.0,2108400.0,2196650.0,,0.99,0.96,0.0,10.62,-7.93,-1.31,0,0,0,0,0,0,0,,,,,,🔴,THEO DÕI,PULL XẤU,OBV gãy | RSI yếu | RSI chững | Giá dưới EMA9 | Slope âm | Pull xấu,🔴,,,,🔴 Yếu,,True
2026-08-06,TCB,⚠️ YẾU DẦN,3,29050.0,-0.85,-0.68,38.74,🟠 HẠN CHẾ / GIẢM,OBV xấu + RSI yếu + Thiếu mẫu xác nhận,2026-08-07T12:42:32+07:00,-6.16,29392.23,30005.0,-2.04,2.02,-1.16,345612409.0,357810748.0,12340987.0,12810389.0,,1.03,0.96,2.83,2.83,-13.67,-2.19,0,0,0,0,0,0,0,,,,,,🔴,THEO DÕI,PULL XẤU,OBV gãy | RSI yếu | RSI chững | Giá dưới EMA9 | Slope âm | Pull xấu,🔴,,,,🔴 Yếu,,True
2026-08-06,TCH,⚠️ YẾU DẦN,3,11900.0,3.03,0.0,38.79,🟠 HẠN CHẾ / GIẢM,OBV xấu + Xu hướng giảm + Thiếu mẫu xác nhận,2026-08-07T12:42:32+07:00,-2.19,11970.6,12420.0,-3.62,3.12,-0.59,146017300.0,149752686.0,3604100.0,5168960.0,,1.11,1.02,8.18,8.18,-19.05,-2.86,2,0,0,0,0,1,1,,,,,,🔴,TÍCH LŨY,PULL XẤU,OBV gãy | RSI yếu | RSI chững | Giá dưới EMA9 | Slope âm | Pull xấu,🔴,,,,🔴 Yếu,,True
2026-08-06,TCM,⚠️ YẾU DẦN,3,16650.0,-0.3,-6.98,30.62,🟠 HẠN CHẾ / GIẢM,OBV xấu + Xu hướng giảm + Thiếu mẫu xác nhận,2026-08-07T12:42:32+07:00,3.8,16854.66,17737.5,-4.98,1.65,-1.21,-9752400.0,-8598349.0,598800.0,1237690.0,,0.99,1.08,2.15,2.15,-17.16,-0.89,1,0,0,0,0,0,1,,,,,,🔴,THEO DÕI,PULL XẤU,OBV gãy | RSI yếu | Giá dưới EMA9 | Slope âm | Pull xấu,🔴,,,,🔴 Yếu,,True
2026-08-06,TCX,⚠️ YẾU DẦN,3,39550.0,-2.59,-3.77,41.86,🟠 HẠN CHẾ / GIẢM,OBV xấu + Thiếu mẫu xác nhận + RSI yếu,2026-08-07T12:42:32+07:00,-5.91,40096.04,40795.0,-1.71,0.98,-1.36,18104800.0,20700819.0,1090000.0,1728600.0,,1.16,0.94,5.47,5.47,-10.72,-0.13,1,0,0,0,0,0,1,,,,,,🔴,THEO DÕI,PULL XẤU,OBV gãy | RSI yếu | RSI chững | Giá dưới EMA9 | Slope âm | Pull xấu,🔴,,,,🔴 Yếu,,True
2026-08-06,TVN,⚠️ YẾU DẦN,3,8800.0,1.15,-1.12,39.09,🟠 HẠN CHẾ / GIẢM,OBV xấu + Xu hướng giảm + RSI yếu,2026-08-07T12:42:32+07:00,-4.24,8965.39,9360.0,-4.22,3.8,-1.84,36326500.0,36539259.0,324200.0,495175.0,,0.81,0.7,6.02,6.02,-23.48,-3.3,2,0,0,0,0,1,1,,,,,,🔴,TÍCH LŨY,PULL XẤU,OBV gãy | RSI yếu | RSI chững | Giá dưới EMA9 | Slope âm | Pull xấu,🔴,,,,🔴 Yếu,,False
2026-08-06,TVS,⚠️ YẾU DẦN,3,13450.0,-2.18,-5.94,42.43,🟠 HẠN CHẾ / GIẢM,OBV xấu + Vol chưa xác nhận + Xu hướng giảm,2026-08-07T12:42:32+07:00,-4.51,13723.93,14167.5,-3.13,1.05,-2.0,4915693.0,5018084.0,24507.0,214295.0,,0.36,0.4,2.28,5.08,-18.24,-1.82,1,0,0,0,0,0,1,,,,,,🔴,THEO DÕI,PULL XẤU,OBV gãy | RSI yếu | RSI chững | Giá dưới EMA9 | Slope âm | Pull xấu,🔴,,,,🔴 Yếu,,True
2026-08-06,VCG,⚠️ YẾU DẦN,3,15700.0,0.32,-0.63,38.88,🟠 HẠN CHẾ / GIẢM,OBV xấu + Thiếu mẫu xác nhận,2026-08-07T12:42:32+07:00,0.13,15743.21,16159.0,-2.57,2.47,-0.27,232682000.0,234047142.0,1904400.0,3503630.0,,0.8,0.77,3.97,3.97,-16.67,-0.95,1,0,0,0,0,0,1,,,,,,🔴,THEO DÕI,PULL XẤU,OBV gãy | RSI yếu | Giá dưới EMA9 | Slope âm | Pull xấu,🔴,,,,🔴 Yếu,,True
2026-08-06,VCK,⚠️ YẾU DẦN,3,30750.0,-1.28,1.15,46.38,🟠 HẠN CHẾ / GIẢM,OBV xấu + Thiếu mẫu xác nhận,2026-08-07T12:42:32+07:00,-4.05,30673.63,30687.5,-0.05,1.92,0.25,72323300.0,72367599.0,1598900.0,2689555.0,,1.14,1.04,8.47,8.47,-7.93,-0.32,2,1,0,0,0,0,1,,,,,,🔴,TÍCH LŨY,PULL XẤU,OBV gãy | RSI yếu | RSI chững | Slope âm | Pull xấu,🔴,,,,🔴 Yếu,,True
2026-08-06,VDS,⚠️ YẾU DẦN,3,11850.0,-2.87,-6.32,38.02,🟠 HẠN CHẾ / GIẢM,OBV xấu + Xu hướng giảm + Thiếu mẫu xác nhận,2026-08-07T12:42:32+07:00,-2.55,12051.99,12665.0,-4.84,3.76,-1.68,46823300.0,48403251.0,580700.0,1381890.0,,0.68,0.7,5.8,5.8,-27.08,-1.25,1,0,0,0,0,0,1,,,,,,🔴,THEO DÕI,PULL XẤU,OBV gãy | RSI yếu | RSI chững | Giá dưới EMA9 | Slope âm | Pull xấu,🔴,,,,🔴 Yếu,,True
2026-08-06,VHC,⚠️ YẾU DẦN,3,53000.0,-2.03,-1.67,36.81,🟠 HẠN CHẾ / GIẢM,OBV xấu + Vol chưa xác nhận + Thiếu mẫu xác nhận,2026-08-07T12:42:32+07:00,1.12,53534.27,54680.0,-2.1,0.86,-1.0,295300.0,632677.0,563700.0,244550.0,,1.08,0.85,0.76,0.76,-9.4,-0.93,-2,0,0,0,0,0,-2,,,,,,🔴,THEO DÕI,PULL XẤU,OBV gãy | RSI yếu | Giá dưới EMA9 | Slope âm | Pull xấu,🔴,,,,🔴 Yếu,,True
2026-08-06,VIB,⚠️ YẾU DẦN,3,14650.0,-0.68,0.34,40.47,🟠 HẠN CHẾ / GIẢM,OBV xấu + Thiếu mẫu xác nhận,2026-08-07T12:42:32+07:00,-3.25,14711.58,14910.0,-1.33,1.59,-0.42,208797304.0,212796892.0,3997200.0,7331530.0,,1.08,0.91,3.53,3.53,-10.12,-1.01,1,0,0,0,0,0,1,,,,,,🔴,THEO DÕI,PULL XẤU,OBV gãy | RSI yếu | RSI chững | Giá dưới EMA9 | Slope âm | Pull xấu,🔴,,,,🔴 Yếu,,True
2026-08-06,VPB,⚠️ YẾU DẦN,3,24750.0,-1.0,-1.0,39.81,🟠 HẠN CHẾ / GIẢM,OBV xấu + RSI yếu + Thiếu mẫu xác nhận,2026-08-07T12:42:32+07:00,-7.73,25148.58,25362.5,-0.84,1.6,-1.58,1313996992.0,1328594530.0,14053700.0,15230940.0,,0.86,0.87,1.64,1.64,-10.65,-2.94,0,0,0,0,0,0,0,,,,,,🔴,THEO DÕI,PULL XẤU,OBV gãy | RSI yếu | RSI chững | Giá dưới EMA9 | Slope âm | Pull xấu,🔴,,,,🔴 Yếu,,True
2026-08-06,VPX,⚠️ YẾU DẦN,3,25350.0,-0.2,-4.7,43.03,🟠 HẠN CHẾ / GIẢM,OBV xấu + Thiếu mẫu xác nhận + RSI yếu,2026-08-07T12:42:32+07:00,-5.71,25638.86,26060.0,-1.62,1.46,-1.13,8530300.0,10238309.0,1169900.0,1329630.0,,0.84,0.9,4.97,4.97,-10.58,-1.17,0,0,0,0,0,0,0,,,,,,🔴,THEO DÕI,PULL XẤU,OBV gãy | RSI yếu | RSI chững | Giá dưới EMA9 | Slope âm | Pull xấu,🔴,,,,🔴 Yếu,,True
2026-08-06,C4G,⛔ RẤT YẾU,4,5500.0,-3.51,-5.17,26.87,🔴 TRÁNH / BÁN,OBV xấu + RSI yếu + Xu hướng giảm,2026-08-07T12:42:32+07:00,-5.45,5684.14,5935.0,-4.23,1.09,-3.24,14938100.0,15050914.0,105800.0,223845.0,,1.14,0.96,0.0,0.0,-19.12,-1.79,1,0,0,0,0,0,1,,,,,,🔴,THEO DÕI,PULL XẤU,OBV gãy | RSI yếu | RSI chững | Giá dưới EMA9 | Slope âm | Pull xấu,🔴,,,,🔴 Yếu,,False
2026-08-06,HUT,⛔ RẤT YẾU,4,13600.0,-8.11,-9.33,8.95,🔴 TRÁNH / BÁN,OBV xấu + RSI yếu + Xu hướng giảm,2026-08-07T12:42:32+07:00,-6.48,14339.34,14815.0,-3.21,-1.61,-5.16,29534300.0,35300887.0,1575600.0,2491940.0,,1.44,1.24,0.0,0.0,-10.53,-2.86,1,0,0,0,0,0,1,,,,,,🔴,THEO DÕI,PULL XẤU,OBV gãy | RSI yếu | RSI chững | Giá dưới EMA9 | Slope âm | Pull xấu,🔴,,,,🔴 Yếu,,False
2026-08-06,PVC,⛔ RẤT YẾU,4,11600.0,-4.13,-3.33,37.49,🔴 TRÁNH / BÁN,OBV xấu + Xu hướng giảm + Vol chưa xác nhận,2026-08-07T12:42:32+07:00,-3.41,11833.79,12250.0,-3.4,0.07,-1.98,59347300.0,60034740.0,127900.0,453215.0,,0.96,0.79,0.87,0.87,-16.55,-0.85,1,0,0,0,0,0,1,,,,,,🔴,THEO DÕI,PULL XẤU,OBV gãy | RSI yếu | RSI chững | Giá dưới EMA9 | Slope âm | Pull xấu,🔴,,,,🔴 Yếu,,False
2026-08-07,ACB,🌱 ĐANG HỒI,0,22650.0,3.42,0.67,52.65,🟢 MUA / GIỮ,OBV tốt + Vị trí giá tốt + RSI cải thiện,2026-08-10T14:47:19+07:00,3.12,22430.55,22620.0,-0.84,0.19,0.98,-20515747.0,-21021948.0,11838153.0,17385013.0,,0.64,0.74,3.42,16.09,-5.03,2.72,4,1,0,2,0,1,0,,,,,,🟢,MUA EARLY,PULL XẤU,RSI yếu | Slope âm | Pull xấu,🟡,,,,🔴 Yếu,,True
2026-08-07,ANV,🌱 ĐANG HỒI,0,17600.0,3.23,4.14,42.91,🟢 MUA / GIỮ,OBV tốt + Vol xác nhận + Vị trí giá tốt,2026-08-10T14:47:19+07:00,3.37,17387.87,17502.45,-0.65,2.4,1.22,43712400.0,42869304.0,507800.0,572930.0,,0.86,0.87,8.99,8.99,-12.87,2.62,5,1,0,2,0,1,1,,,,,,🟢,MUA EARLY,PULL XẤU,RSI yếu | Slope âm | Pull xấu,🟡,,,,🔴 Yếu,,True
2026-08-07,BFC,🌱 ĐANG HỒI,0,53000.0,3.72,6.85,49.63,🟢 MUA / GIỮ,OBV tốt + Vol xác nhận + RSI cải thiện,2026-08-10T14:47:19+07:00,5.89,51811.82,52482.5,-1.28,2.24,2.29,29260600.0,28889927.0,228800.0,189235.0,,0.73,1.05,8.16,8.16,-11.37,2.32,7,1,0,2,0,2,2,,,,,,🟢,MUA EARLY,PULL XẤU,RSI yếu | Slope âm | Pull xấu,🟡,,,,🔴 Yếu,,True
2026-08-07,BID,🌱 ĐANG HỒI,0,39450.0,3.82,9.58,57.14,🟢 MUA / GIỮ,OBV tốt + RSI cải thiện + Xu hướng lên,2026-08-10T14:47:19+07:00,9.6,37896.32,37486.5,1.09,2.65,4.1,152486600.0,143761233.0,8649000.0,4474665.0,,1.16,1.02,13.69,13.69,-3.83,4.09,10,2,1,2,1,2,2,,,,,,🟢,CP MẠNH,PULL XẤU,Pull xấu,🟡,,,,🟡 Ổn định,,True
2026-08-07,BSR,🌱 ĐANG HỒI,0,26850.0,5.92,11.87,60.0,🟢 MUA / GIỮ,OBV tốt + RSI cải thiện + Xu hướng lên,2026-08-10T14:47:19+07:00,10.68,25350.08,24977.5,1.49,1.75,5.92,648512000.0,631725503.0,19092500.0,9330255.0,,0.86,0.89,16.74,16.74,-2.19,6.34,10,2,1,2,1,2,2,,,,,,🟢,CP MẠNH,PULL XẤU,Pull xấu,🟡,,,,🟡 Ổn định,,True
2026-08-07,BVH,🌱 ĐANG HỒI,0,67500.0,12.31,18.42,65.39,🟢 MUA / GIỮ,OBV tốt + Xu hướng lên + RSI cải thiện,2026-08-10T14:47:19+07:00,8.72,62759.08,59955.0,4.68,2.33,7.55,18027400.0,16577326.0,1276400.0,431725.0,,1.38,1.07,19.26,19.26,4.01,7.83,12,2,2,2,2,2,2,,,,,,🟢,GÀ TĂNG TỐC,PULL XẤU,Pull xấu,🟡,,,,🟢 Tăng tốc,,True
2026-08-07,CII,🌱 ĐANG HỒI,0,14250.0,8.78,4.78,45.42,🟢 MUA / GIỮ,OBV tốt + Vol xác nhận + RS mạnh,2026-08-10T14:47:19+07:00,4.54,13883.22,14242.5,-2.52,3.54,2.64,602256153.0,590664519.0,8335549.0,8730927.0,,1.01,0.96,12.65,12.65,-14.67,3.26,5,1,0,2,0,1,1,,,,,,🟢,MUA EARLY,PULL XẤU,RSI yếu | Slope âm | Pull xấu,🟡,,,,🔴 Yếu,,True
2026-08-07,CSV,🌱 ĐANG HỒI,0,22300.0,5.19,3.72,50.37,🟢 MUA / GIỮ,OBV tốt + Vol xác nhận + RSI cải thiện,2026-08-10T14:47:19+07:00,4.23,21812.49,22020.0,-0.94,1.86,2.23,-2434100.0,-3358626.0,434900.0,465095.0,,0.88,0.86,11.5,11.5,-11.16,0.0,4,1,0,2,0,1,0,,,,,,🟢,MUA EARLY,PULL XẤU,RSI yếu | Slope âm | Pull xấu,🟡,,,,🔴 Yếu,,True
2026-08-07,CTD,🌱 ĐANG HỒI,0,62800.0,2.95,13.97,48.03,🟢 MUA / GIỮ,OBV tốt + Vị trí giá tốt + Xu hướng lên,2026-08-10T14:47:19+07:00,-2.09,61625.46,61065.0,0.92,3.38,1.91,10853900.0,10390581.0,317900.0,468225.0,,0.99,0.93,13.97,13.97,-9.64,2.11,6,2,0,2,1,1,0,,,,,,🟢,MUA EARLY,PULL XẤU,RSI yếu | RSI chững | Pull xấu,🟡,,,,🟡 Ổn định,,True
2026-08-07,CTG,🌱 ĐANG HỒI,0,32750.0,6.33,12.93,60.65,🟢 MUA / GIỮ,OBV tốt + RSI cải thiện + Xu hướng lên,2026-08-10T14:47:19+07:00,5.93,31363.77,30761.0,1.96,2.91,4.42,388144800.0,367869296.0,14932900.0,9844125.0,,1.05,0.95,13.91,13.91,-3.05,4.13,10,2,1,2,1,2,2,,,,,,🟢,CP MẠNH,PULL XẤU,Pull xấu,🟡,,,,🟡 Ổn định,,True
2026-08-07,CTR,🌱 ĐANG HỒI,0,76900.0,6.95,10.01,65.73,🟢 MUA / GIỮ,OBV tốt + Xu hướng lên + RSI cải thiện,2026-08-10T14:47:19+07:00,7.13,73777.31,71225.0,3.58,2.77,4.23,-7038300.0,-8338147.0,474400.0,312285.0,,1.44,1.13,15.81,15.81,1.18,1.18,12,2,2,2,2,2,2,,,,,,🟢,GÀ TĂNG TỐC,PULL XẤU,Pull xấu,🟡,🟢 GREEN 2,,,🟢 Tăng tốc,,True
2026-08-07,DBC,🌱 ĐANG HỒI,0,16750.0,2.76,4.04,45.98,🟢 MUA / GIỮ,OBV tốt + Vol xác nhận + Vị trí giá tốt,2026-08-10T14:47:19+07:00,3.37,16555.47,16557.45,-0.01,1.73,1.18,9874765.0,5966820.0,2244265.0,2222693.0,,0.89,0.81,6.69,6.69,-6.16,1.52,5,1,0,2,0,1,1,,,,,,🟢,MUA EARLY,PULL XẤU,RSI yếu | Slope âm | Pull xấu,🟡,,,,🔴 Yếu,,True
2026-08-07,DCM,🌱 ĐANG HỒI,0,31850.0,3.75,7.78,50.84,🟢 MUA / GIỮ,OBV tốt + RSI cải thiện + Vị trí giá tốt,2026-08-10T14:47:19+07:00,6.59,31037.46,30969.95,0.22,2.12,2.62,67479600.0,64036630.0,4022800.0,2074205.0,,0.88,0.87,10.21,10.21,-6.19,3.24,9,2,0,2,1,2,2,,,,,,🟢,MUA EARLY,PULL XẤU,RSI yếu | Pull xấu,🟡,,,,🟡 Ổn định,,True
2026-08-07,DGC,🌱 ĐANG HỒI,0,43550.0,11.38,18.18,55.56,🟢 MUA / GIỮ,OBV tốt + RSI cải thiện + Vol xác nhận,2026-08-10T14:47:19+07:00,18.24,40971.92,41082.5,-0.27,5.38,6.29,-121587400.0,-123278855.0,802700.0,843795.0,,0.72,0.94,20.97,20.97,-7.14,-4.91,6,1,1,2,0,2,0,,,,,,🟢,MUA EARLY,PULL XẤU,Slope âm | Pull xấu,🟡,,,,🔴 Yếu,,True
2026-08-07,DGW,🌱 ĐANG HỒI,0,40450.0,10.52,20.75,63.31,🟢 MUA / GIỮ,OBV tốt + Xu hướng lên + RSI cải thiện,2026-08-10T14:47:19+07:00,2.28,38256.97,36795.0,3.97,4.04,5.73,59591193.0,56112308.0,1384393.0,962635.0,,1.51,1.24,22.02,22.02,0.0,1.38,11,2,1,2,2,2,2,,,,,,🟢,GÀ TĂNG TỐC,PULL XẤU,Pull xấu,🟡,🟢 GREEN 2,,,🟢 Tăng tốc,,True
2026-08-07,DIG,🌱 ĐANG HỒI,0,10950.0,8.96,6.31,46.11,🟢 MUA / GIỮ,OBV tốt + RS mạnh + RSI cải thiện,2026-08-10T14:47:19+07:00,4.4,10655.48,10980.0,-2.96,3.18,2.76,191611904.0,180896813.0,5526904.0,10246685.0,,0.95,1.07,13.0,13.0,-14.45,2.34,5,1,0,2,0,2,0,,,,,,🟢,MUA EARLY,PULL XẤU,RSI yếu | Slope âm | Pull xấu,🟡,,,,🔴 Yếu,,True
2026-08-07,DPG,🌱 ĐANG HỒI,0,30350.0,9.57,12.83,47.13,🟢 MUA / GIỮ,OBV tốt + Vol xác nhận + RS mạnh,2026-08-10T14:47:19+07:00,-2.27,29448.41,29217.5,0.79,4.1,3.06,22186700.0,21924870.0,350800.0,417335.0,,1.35,1.02,16.51,16.51,-11.77,2.88,8,2,0,2,1,2,1,,,,,,🟢,MUA EARLY,PULL XẤU,RSI yếu | RSI chững | Pull xấu,🟡,,,,🟡 Ổn định,,True
2026-08-07,DPM,🌱 ĐANG HỒI,0,22350.0,1.36,5.62,55.37,🟢 MUA / GIỮ,OBV tốt + Vị trí giá tốt + Vol xác nhận,2026-08-10T14:47:19+07:00,0.99,21864.43,21722.5,0.65,0.55,2.22,76430600.0,74626605.0,3779500.0,3073900.0,,1.04,0.85,8.23,8.23,-2.57,3.47,9,2,1,2,1,1,2,,,,,,🟢,CP MẠNH,PULL XẤU,Pull xấu,🟡,,,,🟡 Ổn định,,True
2026-08-07,DXG,🌱 ĐANG HỒI,0,11000.0,6.8,8.91,45.06,🟢 MUA / GIỮ,OBV tốt + Vol xác nhận + Vị trí giá tốt,2026-08-10T14:47:19+07:00,2.5,10814.27,11051.0,-2.14,2.48,1.72,580349704.0,561453045.0,12992900.0,11063950.0,,0.76,0.94,10.33,10.33,-11.65,0.46,6,1,0,2,0,2,1,,,,,,🟢,MUA EARLY,PULL XẤU,RSI yếu | Slope âm | Pull xấu,🟡,,✅ EARLY GREEN2,,🔴 Yếu,,True
2026-08-07,EVF,🌱 ĐANG HỒI,0,12500.0,2.46,0.0,48.77,🟢 MUA / GIỮ,OBV tốt + Vị trí giá tốt + Vol xác nhận,2026-08-10T14:47:19+07:00,0.36,12389.9,12392.5,-0.02,0.97,0.89,152311555.0,150851282.0,1312455.0,1805953.0,,0.65,0.69,5.93,5.93,-4.21,1.21,4,1,0,2,0,1,0,,,,,,🟢,MUA EARLY,PULL XẤU,RSI yếu | Slope âm | Pull xấu,🟡,,,,🔴 Yếu,,True
2026-08-07,FCN,🌱 ĐANG HỒI,0,10900.0,2.35,0.93,45.05,🟢 MUA / GIỮ,OBV tốt + Vị trí giá tốt + Vol xác nhận,2026-08-10T14:47:19+07:00,5.51,10824.78,10872.5,-0.44,1.54,0.69,36307400.0,36239352.0,328300.0,400280.0,,1.17,1.2,4.81,4.81,-5.22,0.46,4,1,0,1,0,1,1,,,,,,🟢,MUA EARLY,PULL XẤU,RSI yếu | Slope âm | Pull xấu,🟡,,,,🔴 Yếu,,True
2026-08-07,FOX,🌱 ĐANG HỒI,0,65700.0,3.63,5.97,44.81,🟢 MUA / GIỮ,OBV tốt + Vị trí giá tốt + Vol xác nhận,2026-08-10T14:47:19+07:00,1.69,64851.34,64760.0,0.14,1.93,1.31,5426000.0,5412823.0,103400.0,85355.0,,0.84,0.81,7.7,7.7,-8.11,1.7,9,2,0,2,1,2,2,,,,,,🟢,MUA EARLY,PULL XẤU,RSI yếu | Pull xấu,🟡,,,,🟡 Ổn định,,False
2026-08-07,FPT,🌱 ĐANG HỒI,0,71400.0,6.41,13.51,59.13,🟢 MUA / GIỮ,OBV tốt + Xu hướng lên + Vị trí giá tốt,2026-08-10T14:47:19+07:00,-1.35,69303.01,67334.9,2.92,2.41,3.03,-411127056.0,-420532775.0,4992744.0,7942347.0,,1.0,0.86,14.79,14.79,-2.59,0.42,9,2,1,2,2,2,0,,,,,,🟢,MUA EARLY,PULL XẤU,RSI chững | Pull xấu,🟡,🟢 GREEN 2,,,🟢 Tăng tốc,,True
2026-08-07,FRT,🌱 ĐANG HỒI,0,135500.0,8.92,25.7,71.86,🟢 MUA / GIỮ,Xu hướng lên + OBV tốt,2026-08-10T14:47:19+07:00,-1.78,127193.89,116970.0,8.74,3.19,6.53,2334220.0,580092.0,731820.0,500266.0,,2.03,1.4,29.05,29.05,-2.52,2.57,11,2,1,2,2,2,2,,,,,,🟢,GÀ TĂNG TỐC,PULL XẤU,RSI chững | Pull xấu,🟡,,,,🟢 Tăng tốc,,True
2026-08-07,GAS,🌱 ĐANG HỒI,0,79800.0,16.33,18.75,64.24,🟢 MUA / GIỮ,OBV tốt + RSI cải thiện + RS mạnh,2026-08-10T14:47:19+07:00,21.08,71696.87,71245.0,0.63,3.66,11.3,40077469.0,37763482.0,2776869.0,1354743.0,,0.77,0.74,23.91,23.91,1.27,13.19,10,2,1,2,1,2,2,,,,,,🟢,MUA BREAK,PULL XẤU,Pull xấu,🟡,,,,🟡 Ổn định,,True
2026-08-07,GEX,🌱 ĐANG HỒI,0,26000.0,15.56,19.27,55.23,🟢 MUA / GIỮ,OBV tốt + RSI cải thiện + Xu hướng lên,2026-08-10T14:47:19+07:00,5.29,24028.28,23420.0,2.6,6.37,8.21,562089754.0,543655088.0,17317954.0,13703358.0,,1.11,1.05,28.08,28.08,-6.64,5.26,11,2,1,2,2,2,2,,,,,,🟢,GÀ TĂNG TỐC,PULL XẤU,Pull xấu,🟡,,,,🟢 Tăng tốc,,True
2026-08-07,GIL,🌱 ĐANG HỒI,0,8190.0,22.97,18.87,46.97,🟢 MUA / GIỮ,OBV tốt + RS mạnh + RSI cải thiện,2026-08-10T14:47:19+07:00,15.36,7528.29,7530.0,-0.02,11.65,8.79,-5186000.0,-5222450.0,145000.0,394230.0,,0.81,0.61,25.04,25.04,-27.84,4.2,5,1,0,2,0,2,0,,,,,,🟢,MUA EARLY,PULL XẤU,RSI yếu | Slope âm | Pull xấu,🟡,,,,🔴 Yếu,,True
2026-08-07,GVR,🌱 ĐANG HỒI,0,31800.0,15.64,21.37,63.03,🟢 MUA / GIỮ,OBV tốt + RSI cải thiện + Xu hướng lên,2026-08-10T14:47:19+07:00,18.91,28622.42,28220.0,1.43,4.12,11.1,245826411.0,242905982.0,4624711.0,1635626.0,,1.08,1.02,22.31,22.31,0.63,12.57,10,2,1,2,1,2,2,,,,,,🟢,CP MẠNH,PULL XẤU,Pull xấu,🟡,,,,🟡 Ổn định,,True
2026-08-07,HCM,🌱 ĐANG HỒI,0,25850.0,3.4,0.98,59.26,🟢 MUA / GIỮ,OBV tốt + RSI cải thiện + Vị trí giá tốt,2026-08-10T14:47:19+07:00,6.33,25415.83,25122.5,1.17,-0.02,1.71,570291199.0,560655471.0,7361299.0,5985480.0,,0.77,0.73,11.04,12.49,-1.71,2.17,9,2,1,2,1,1,2,,,,,,🟢,PULL VỪA,PULL VỪA,,🟢,,,,🟡 Ổn định,,True
2026-08-07,HDB,🌱 ĐANG HỒI,0,26900.0,6.75,4.06,57.49,🟢 MUA / GIỮ,OBV tốt + Vị trí giá tốt + RSI cải thiện,2026-08-10T14:47:19+07:00,1.73,26315.48,26257.5,0.22,1.72,2.22,934910073.0,925986061.0,9970773.0,11060904.0,,0.81,0.85,7.17,8.03,-2.0,1.51,8,2,1,2,1,1,1,,,,,,🟢,CP MẠNH,PULL XẤU,Pull xấu,🟡,,,,🟡 Ổn định,,True
2026-08-07,HDG,🌱 ĐANG HỒI,0,17050.0,5.58,4.6,43.8,🟢 MUA / GIỮ,OBV tốt + Vol xác nhận + Vị trí giá tốt,2026-08-10T14:47:19+07:00,6.8,16656.08,16964.95,-1.82,2.71,2.37,20618050.0,19407155.0,1406450.0,1533012.0,,0.81,0.89,10.0,10.0,-11.89,3.33,5,1,0,2,0,1,1,,,,,,🟢,MUA EARLY,PULL XẤU,RSI yếu | Slope âm | Pull xấu,🟡,,,,🔴 Yếu,,True
2026-08-07,HHS,🌱 ĐANG HỒI,0,10150.0,6.62,2.73,47.77,🟢 MUA / GIỮ,OBV tốt + Vị trí giá tốt + Vol xác nhận,2026-08-10T14:47:19+07:00,-0.62,9976.19,10069.0,-0.92,1.83,1.74,158847658.0,158762243.0,911558.0,1081168.0,,1.11,0.92,7.98,7.98,-9.78,3.26,5,1,0,2,0,1,1,,,,,,🟢,MUA EARLY,PULL XẤU,RSI yếu | RSI chững | Slope âm | Pull xấu,🟡,,,,🔴 Yếu,,True
2026-08-07,HHV,🌱 ĐANG HỒI,0,10200.0,2.41,2.31,47.79,🟢 MUA / GIỮ,OBV tốt + Vị trí giá tốt + Vol xác nhận,2026-08-10T14:47:19+07:00,1.17,10092.16,10116.5,-0.24,1.14,1.07,170793523.0,168258797.0,3323723.0,2602606.0,,0.96,0.87,4.08,4.08,-5.56,1.49,6,1,0,2,0,1,2,,,,,,🟢,MUA EARLY,PULL XẤU,RSI yếu | Slope âm | Pull xấu,🟡,,,,🔴 Yếu,,True
2026-08-07,HPG,🌱 ĐANG HỒI,0,22100.0,1.84,6.25,50.32,🟢 MUA / GIỮ,OBV tốt + Vị trí giá tốt + Xu hướng lên,2026-08-10T14:47:19+07:00,-0.3,21862.76,21610.0,1.17,1.35,1.09,356077649.0,355116058.0,16707225.0,27924401.0,,0.97,0.96,8.6,8.6,-4.95,0.91,6,2,0,2,1,1,0,,,,,,🟢,MUA EARLY,PULL XẤU,RSI yếu | RSI chững | Pull xấu,🟡,,,,🟡 Ổn định,,True
2026-08-07,HSG,🌱 ĐANG HỒI,0,10950.0,2.34,4.78,48.4,🟢 MUA / GIỮ,OBV tốt + Vị trí giá tốt + RSI cải thiện,2026-08-10T14:47:19+07:00,2.7,10810.96,10852.5,-0.38,1.35,1.29,52183695.0,51560118.0,1762695.0,2664910.0,,0.63,0.74,8.96,8.96,-6.81,1.86,4,1,0,2,0,1,0,,,,,,🟢,MUA EARLY,PULL XẤU,RSI yếu | Slope âm | Pull xấu,🟡,,,,🔴 Yếu,,True
2026-08-07,HVN,🌱 ĐANG HỒI,0,23850.0,10.93,12.5,55.18,🟢 MUA / GIỮ,OBV tốt + Vị trí giá tốt + RS mạnh,2026-08-10T14:47:19+07:00,-1.63,23297.84,22985.0,1.36,4.48,2.37,5441100.0,4435604.0,721900.0,1229390.0,,1.32,0.97,12.5,13.84,-8.62,0.21,7,2,1,1,1,2,0,,,,,,🟢,MUA EARLY,PULL XẤU,RSI chững | Pull xấu,🟡,,,,🟡 Ổn định,,True
2026-08-07,IJC,🌱 ĐANG HỒI,0,7930.0,10.45,12.48,54.54,🟢 MUA / GIỮ,OBV tốt + RSI cải thiện + RS mạnh,2026-08-10T14:47:19+07:00,16.82,7412.03,7432.0,-0.27,3.87,6.99,-33358741.0,-36420319.0,5597959.0,2198068.0,,0.82,0.99,18.54,18.54,-8.43,9.83,7,1,0,2,0,2,2,,,,,,🟢,MUA EARLY,PULL XẤU,RSI yếu | Slope âm | Pull xấu,🟡,,,,🔴 Yếu,,True
2026-08-07,KDH,🌱 ĐANG HỒI,0,18150.0,4.01,4.31,42.11,🟢 MUA / GIỮ,OBV tốt + Vị trí giá tốt + Vol xác nhận,2026-08-10T14:47:19+07:00,3.8,17879.43,18055.0,-0.97,2.91,1.51,-14394160.0,-21034321.0,4254740.0,5489997.0,,0.98,0.97,10.67,10.67,-12.53,1.97,4,1,0,2,0,1,0,,,,,,🟢,MUA EARLY,PULL XẤU,RSI yếu | Slope âm | Pull xấu,🟡,,,,🔴 Yếu,,True
2026-08-07,LAS,🌱 ĐANG HỒI,0,12300.0,6.03,4.24,44.27,🟢 MUA / GIỮ,OBV tốt + Vol xác nhận + Vị trí giá tốt,2026-08-10T14:47:19+07:00,8.48,12062.37,12285.0,-1.81,3.58,1.97,-19147400.0,-19555912.0,230100.0,193305.0,,1.01,0.9,6.96,6.96,-13.38,1.65,5,1,0,2,0,1,1,,,,,,🟢,MUA EARLY,PULL XẤU,RSI yếu | Slope âm | Pull xấu,🟡,,,,🔴 Yếu,,False
2026-08-07,MBB,🌱 ĐANG HỒI,0,24250.0,7.78,10.73,58.34,🟢 MUA / GIỮ,OBV tốt + Vị trí giá tốt + Xu hướng lên,2026-08-10T14:47:19+07:00,-3.09,23614.11,23220.0,1.7,2.58,2.69,897758918.0,878912019.0,25958102.0,15154060.0,,1.05,0.95,12.01,12.01,-3.0,1.46,10,2,1,2,1,2,2,,,,,,🟢,CP MẠNH,PULL XẤU,RSI chững | Pull xấu,🟡,,,,🟡 Ổn định,,True
2026-08-07,MSN,🌱 ĐANG HỒI,0,67700.0,2.42,5.95,49.81,🟢 MUA / GIỮ,OBV tốt + Vị trí giá tốt + Vol xác nhận,2026-08-10T14:47:19+07:00,-2.54,67015.71,66485.0,0.8,0.63,1.02,104581968.0,102068018.0,3248068.0,4245168.0,,0.84,0.94,5.95,5.95,-2.45,2.11,6,2,0,2,1,1,0,,,,,,🟢,MUA EARLY,PULL XẤU,RSI yếu | RSI chững | Pull xấu,🟡,,,,🟡 Ổn định,,True
2026-08-07,MSR,🌱 ĐANG HỒI,0,39000.0,5.98,16.42,60.27,🟢 MUA / GIỮ,OBV tốt + Vol xác nhận + Xu hướng lên,2026-08-10T14:47:19+07:00,-2.69,37690.16,36050.0,4.55,2.0,3.48,15046700.0,13183424.0,1031800.0,1009700.0,,1.51,1.24,18.54,18.54,-3.23,1.3,10,2,1,2,2,2,1,,,,,,🟢,GÀ TĂNG TỐC,PULL XẤU,RSI chững | Pull xấu,🟡,,,,🟢 Tăng tốc,,False
2026-08-07,MWG,🌱 ĐANG HỒI,0,73200.0,4.72,9.32,52.2,🟢 MUA / GIỮ,OBV tốt + Vol xác nhận + RSI cải thiện,2026-08-10T14:47:19+07:00,2.85,71198.05,71306.0,-0.15,2.39,2.81,245818651.0,239826419.0,4945451.0,5323973.0,,0.87,1.03,17.44,17.44,-5.78,2.66,6,1,0,2,0,2,1,,,,,,🟢,MUA EARLY,PULL XẤU,RSI yếu | Slope âm | Pull xấu,🟡,,,,🔴 Yếu,,True
2026-08-07,NKG,🌱 ĐANG HỒI,0,11200.0,2.28,6.67,49.03,🟢 MUA / GIỮ,OBV tốt + Vị trí giá tốt + RSI cải thiện,2026-08-10T14:47:19+07:00,4.01,11037.29,11005.0,0.29,1.82,1.47,278384865.0,275476244.0,2954265.0,1893558.0,,0.91,0.96,7.69,7.69,-7.05,2.28,8,2,0,2,1,1,2,,,,,,🟢,MUA EARLY,PULL XẤU,RSI yếu | Pull xấu,🟡,,,,🟡 Ổn định,,True
2026-08-07,NVL,🌱 ĐANG HỒI,0,13900.0,6.92,7.34,65.63,🟢 MUA / GIỮ,OBV tốt + Vol xác nhận + Xu hướng lên,2026-08-10T14:47:19+07:00,4.44,13402.68,12867.5,4.16,1.58,3.71,668830361.0,631732424.0,18486957.0,17554288.0,,1.38,1.2,17.3,17.3,-2.11,2.21,11,2,2,2,2,2,1,,,,,,🟢,GÀ TĂNG TỐC,PULL XẤU,Pull xấu,🟡,,,,🟢 Tăng tốc,,True
2026-08-07,OCB,🌱 ĐANG HỒI,0,10650.0,4.93,4.41,53.99,🟢 MUA / GIỮ,OBV tốt + Vol xác nhận + RSI cải thiện,2026-08-10T14:47:19+07:00,8.81,10371.55,10410.0,-0.37,2.05,2.68,103113739.0,99384571.0,2508339.0,2324542.0,,0.87,0.79,6.5,11.29,-6.17,2.9,5,1,0,2,0,1,1,,,,,,🟢,MUA EARLY,PULL XẤU,RSI yếu | Slope âm | Pull xấu,🟡,,,,🔴 Yếu,,True
2026-08-07,ORS,🌱 ĐANG HỒI,0,14100.0,1.81,7.63,55.15,🟢 MUA / GIỮ,OBV tốt + Vị trí giá tốt + Vol xác nhận,2026-08-10T14:47:19+07:00,-2.67,13959.44,13697.5,1.91,1.13,1.01,209779046.0,209319512.0,4305154.0,4680493.0,,0.62,0.89,10.16,11.46,-3.42,-0.35,6,2,1,1,1,1,0,,,,,,🟢,PULL VỪA,PULL VỪA,RSI chững,🟡,,,,🟡 Ổn định,,True
2026-08-07,PET,🌱 ĐANG HỒI,0,39350.0,3.55,10.07,61.69,🟢 MUA / GIỮ,OBV tốt + Xu hướng lên + Vị trí giá tốt,2026-08-10T14:47:19+07:00,-5.92,38486.36,37230.0,3.37,1.37,2.24,70180800.0,69545625.0,596000.0,391010.0,,1.29,1.01,13.07,22.7,-3.67,1.42,11,2,1,2,2,2,2,,,,,,🟢,GÀ TĂNG TỐC,PULL XẤU,RSI chững | Pull xấu,🟡,,,,🟢 Tăng tốc,,True
2026-08-07,PLC,🌱 ĐANG HỒI,0,20200.0,7.45,9.78,56.37,🟢 MUA / GIỮ,OBV tốt + RSI cải thiện + Xu hướng lên,2026-08-10T14:47:19+07:00,5.75,19381.22,19120.0,1.37,2.63,4.22,18439400.0,18304611.0,230600.0,120275.0,,0.89,0.97,14.12,14.12,-3.81,4.12,10,2,1,2,1,2,2,,,,,,🟢,CP MẠNH,PULL XẤU,Pull xấu,🟡,,,,🟡 Ổn định,,False
2026-08-07,PLX,🌱 ĐANG HỒI,0,37450.0,16.49,14.77,65.51,🟢 MUA / GIỮ,OBV tốt + RS mạnh + RSI cải thiện,2026-08-10T14:47:19+07:00,17.77,34047.02,33332.0,2.15,3.54,9.99,59779500.0,54236583.0,7027000.0,2139440.0,,1.12,0.94,18.81,18.81,3.85,9.5,12,2,2,2,2,2,2,,,,,,🟢,GÀ TĂNG TỐC,PULL XẤU,Pull xấu,🟡,,,,🟢 Tăng tốc,,True
2026-08-07,PVT,🌱 ĐANG HỒI,0,19150.0,4.64,13.65,57.15,🟢 MUA / GIỮ,OBV tốt + RSI cải thiện + Xu hướng lên,2026-08-10T14:47:19+07:00,2.88,18203.67,17820.0,2.15,2.29,5.2,4717517.0,76302.0,6020917.0,3247781.0,,1.06,0.87,17.48,17.48,-2.05,6.39,11,2,1,2,2,2,2,,,,,,🟢,GÀ TĂNG TỐC,PULL XẤU,Pull xấu,🟡,,,,🟢 Tăng tốc,,True
2026-08-07,REE,🌱 ĐANG HỒI,0,47450.0,2.04,6.87,53.48,🟢 MUA / GIỮ,OBV tốt + Vị trí giá tốt + Xu hướng lên,2026-08-10T14:47:19+07:00,-6.98,46919.81,45937.5,2.14,1.02,1.13,-10516300.0,-10890506.0,270100.0,549740.0,,1.23,1.03,8.21,8.21,-2.57,0.32,6,2,0,1,2,1,0,,,,,,🟢,MUA EARLY,PULL XẤU,RSI yếu | RSI chững | Pull xấu,🟡,,,,🟢 Tăng tốc,,True
2026-08-07,SAB,🌱 ĐANG HỒI,0,46050.0,5.74,5.84,62.68,🟢 MUA / GIỮ,OBV tốt + Vị trí giá tốt + RSI cải thiện,2026-08-10T14:47:19+07:00,2.16,44432.92,43884.5,1.25,0.7,3.64,-8065124.0,-9985310.0,2110076.0,691834.0,,1.14,1.12,7.09,7.09,1.99,5.38,10,2,1,2,1,2,2,,,,,,🟢,MUA BREAK,PULL XẤU,Pull xấu,🟡,,,,🟡 Ổn định,,True
2026-08-07,SIP,🌱 ĐANG HỒI,0,50900.0,5.82,8.99,62.91,🟢 MUA / GIỮ,OBV tốt + Vị trí giá tốt + Xu hướng lên,2026-08-10T14:47:19+07:00,-4.13,49607.16,48410.0,2.47,1.77,2.61,618501.0,435187.0,200101.0,99175.0,,1.43,1.16,9.23,9.23,-1.55,2.41,11,2,1,2,2,2,2,,,,,,🟢,GÀ TĂNG TỐC,PULL XẤU,RSI chững | Pull xấu,🟡,,,,🟢 Tăng tốc,,True
2026-08-07,SSI,🌱 ĐANG HỒI,0,25050.0,6.37,9.87,53.04,🟢 MUA / GIỮ,OBV tốt + RSI cải thiện + Vol xác nhận,2026-08-10T14:47:19+07:00,3.86,24244.64,23935.0,1.29,2.98,3.32,982479750.0,971926093.0,19763462.0,23147143.0,,0.76,0.87,13.86,13.86,-7.39,3.3,8,2,0,2,1,2,1,,,,,,🟢,MUA EARLY,PULL XẤU,RSI yếu | Pull xấu,🟡,,,,🟡 Ổn định,,True
2026-08-07,STB,🌱 ĐANG HỒI,0,75100.0,5.33,2.18,60.45,🟢 MUA / GIỮ,OBV tốt + Vị trí giá tốt + RSI cải thiện,2026-08-10T14:47:19+07:00,1.11,72932.73,72085.0,1.18,0.36,2.97,411115400.0,406115693.0,6083800.0,4383085.0,,0.72,0.73,9.64,13.62,0.13,3.59,9,2,1,2,1,1,2,,,,,,🟢,CP MẠNH,PULL XẤU,Pull xấu,🟡,,,,🟡 Ổn định,,True
2026-08-07,SZC,🌱 ĐANG HỒI,0,20400.0,15.58,10.87,56.33,🟢 MUA / GIỮ,OBV tốt + RSI cải thiện + RS mạnh,2026-08-10T14:47:19+07:00,17.53,18735.07,18900.0,-0.87,3.82,8.89,-21659992.0,-22237992.0,1087408.0,390280.0,,1.13,1.11,18.95,18.95,-4.67,11.17,8,1,1,2,0,2,2,,,,,,🟢,MUA EARLY,PULL XẤU,Slope âm | Pull xấu,🟡,,,,🔴 Yếu,,True
2026-08-07,TCB,🌱 ĐANG HỒI,0,31100.0,7.43,8.74,54.83,🟢 MUA / GIỮ,OBV tốt + RSI cải thiện + RS mạnh,2026-08-10T14:47:19+07:00,11.98,29757.78,29947.5,-0.63,2.59,4.51,378303928.0,362122966.0,31356632.0,13496777.0,,0.9,0.92,10.09,10.09,-6.33,6.69,7,1,0,2,0,2,2,,,,,,🟢,MUA EARLY,PULL XẤU,RSI yếu | Slope âm | Pull xấu,🟡,,,,🔴 Yếu,,True
2026-08-07,TPB,🌱 ĐANG HỒI,0,14750.0,4.61,3.87,47.45,🟢 MUA / GIỮ,OBV tốt + Vol xác nhận + Vị trí giá tốt,2026-08-10T14:47:19+07:00,4.84,14520.16,14592.5,-0.5,2.45,1.58,453140335.0,431508381.0,12212247.0,10265857.0,,1.12,0.95,6.12,6.12,-9.23,2.08,5,1,0,2,0,1,1,,,,,,🟢,MUA EARLY,PULL XẤU,RSI yếu | Slope âm | Pull xấu,🟡,,,,🔴 Yếu,,True
2026-08-07,VCB,🌱 ĐANG HỒI,0,60200.0,1.52,11.28,58.63,🟢 MUA / GIỮ,OBV tốt + Vị trí giá tốt + Vol xác nhận,2026-08-10T14:47:19+07:00,-0.23,58629.51,57258.5,2.39,1.85,2.68,135067600.0,127990107.0,6522200.0,5277035.0,,1.48,1.04,11.48,11.48,-1.31,2.56,10,2,1,2,2,1,2,,,,,,🟢,GÀ TĂNG TỐC,PULL XẤU,RSI chững | Pull xấu,🟡,,,,🟢 Tăng tốc,,True
2026-08-07,VCI,🌱 ĐANG HỒI,0,22150.0,3.99,11.87,51.26,🟢 MUA / GIỮ,OBV tốt + RSI cải thiện + Xu hướng lên,2026-08-10T14:47:19+07:00,2.47,21493.14,21185.0,1.45,3.8,3.06,169665571.0,152172142.0,7103771.0,10154584.0,,0.96,1.02,20.05,20.05,-12.45,1.37,7,2,0,2,1,2,0,,,,,,🟢,MUA EARLY,PULL XẤU,RSI yếu | Pull xấu,🟡,,✅ EARLY GREEN2,,🟡 Ổn định,,True
2026-08-07,VGC,🌱 ĐANG HỒI,0,41100.0,8.59,16.5,63.98,🟢 MUA / GIỮ,OBV tốt + RSI cải thiện + Xu hướng lên,2026-08-10T14:47:19+07:00,13.45,38312.1,37713.5,1.59,2.63,7.28,30062493.0,29224868.0,1149793.0,434120.0,,0.96,0.99,17.77,17.77,2.8,8.87,10,2,1,2,1,2,2,,,,,,🟢,MUA BREAK,PULL XẤU,Pull xấu,🟡,,,,🟡 Ổn định,,True
2026-08-07,VGI,🌱 ĐANG HỒI,0,86500.0,6.66,12.05,59.47,🟢 MUA / GIỮ,OBV tốt + RSI cải thiện + Xu hướng lên,2026-08-10T14:47:19+07:00,10.58,82488.24,80340.0,2.67,3.52,4.86,-12707200.0,-13614065.0,753900.0,280760.0,,1.36,1.03,15.95,15.95,-0.12,3.1,11,2,1,2,2,2,2,,,,,,🟢,GÀ TĂNG TỐC,PULL XẤU,Pull xấu,🟡,,,,🟢 Tăng tốc,,False
2026-08-07,VGT,🌱 ĐANG HỒI,0,11400.0,5.56,7.55,60.77,🟢 MUA / GIỮ,OBV tốt + RSI cải thiện + Vị trí giá tốt,2026-08-10T14:47:19+07:00,9.74,11033.1,10975.0,0.53,1.81,3.33,15685300.0,15089854.0,642800.0,251770.0,,1.03,0.85,7.55,7.55,-1.72,3.64,10,2,1,2,1,2,2,,,,,,🟢,CP MẠNH,PULL XẤU,Pull xấu,🟡,,,,🟡 Ổn định,,False
2026-08-07,VIX,🌱 ĐANG HỒI,0,13950.0,7.31,12.05,48.52,🟢 MUA / GIỮ,OBV tốt + Xu hướng lên + Vol xác nhận,2026-08-10T14:47:19+07:00,0.82,13499.05,13255.0,1.84,5.07,3.34,1556470909.0,1499781788.0,39301577.0,47975643.0,,0.97,0.98,18.72,18.72,-13.89,2.57,8,2,0,2,1,2,1,,,,,,🟢,MUA EARLY,PULL XẤU,RSI yếu | Pull xấu,🟡,,,,🟡 Ổn định,,True
2026-08-07,VOS,🌱 ĐANG HỒI,0,11300.0,4.15,8.13,51.66,🟢 MUA / GIỮ,OBV tốt + Vol xác nhận + RSI cải thiện,2026-08-10T14:47:19+07:00,2.52,10986.21,10950.0,0.33,2.42,2.86,25748904.0,25442636.0,514504.0,438535.0,,1.08,1.03,9.71,9.71,-6.22,2.73,8,2,0,2,1,2,1,,,,,,🟢,MUA EARLY,PULL XẤU,RSI yếu | Pull xấu,🟡,,,,🟡 Ổn định,,True
2026-08-07,VPB,🌱 ĐANG HỒI,0,25700.0,3.63,3.01,50.58,🟢 MUA / GIỮ,OBV tốt + Vị trí giá tốt + RSI cải thiện,2026-08-10T14:47:19+07:00,1.22,25322.86,25332.5,-0.04,1.58,1.49,1338184092.0,1330512442.0,24187100.0,15736205.0,,0.86,0.82,5.54,5.54,-5.69,3.21,6,1,0,2,0,1,2,,,,,,🟢,MUA EARLY,PULL XẤU,RSI yếu | Slope âm | Pull xấu,🟡,,,,🔴 Yếu,,True
2026-08-07,VRE,🌱 ĐANG HỒI,0,25550.0,3.02,16.67,52.18,🟢 MUA / GIỮ,OBV tốt + Xu hướng lên + Vol xác nhận,2026-08-10T14:47:19+07:00,-5.73,24966.26,24062.5,3.76,3.55,2.34,449502600.0,435967624.0,6142900.0,6294820.0,,1.37,1.12,19.95,19.95,-5.89,1.79,9,2,0,2,2,2,1,,,,,,🟢,MUA EARLY,PULL XẤU,RSI yếu | RSI chững | Pull xấu,🟡,,,,🟢 Tăng tốc,,True
2026-08-07,VSC,🌱 ĐANG HỒI,0,15100.0,9.42,12.27,48.83,🟢 MUA / GIỮ,OBV tốt + Vol xác nhận + Xu hướng lên,2026-08-10T14:47:19+07:00,2.9,14447.71,14247.5,1.41,5.03,4.51,292572388.0,264853555.0,12175988.0,9481829.0,,1.33,1.25,18.9,18.9,-11.18,2.37,9,2,0,2,1,2,2,,,,,,🟢,MUA EARLY,PULL XẤU,RSI yếu | Pull xấu,🟡,,✅ EARLY GREEN2,,🟡 Ổn định,,True
2026-08-07,VTO,🌱 ĐANG HỒI,0,10600.0,1.44,3.92,59.65,🟢 MUA / GIỮ,OBV tốt + Vị trí giá tốt + RSI cải thiện,2026-08-10T14:47:19+07:00,3.64,10432.38,10300.0,1.29,0.71,1.61,2054001.0,1950766.0,54701.0,77725.0,,0.57,0.91,5.47,5.47,-0.47,1.44,7,2,1,2,1,1,0,,,,,,🟢,PULL VỪA,PULL VỪA,,🟢,🟢 GREEN 2,,,🟡 Ổn định,,True
2026-08-07,VTP,🌱 ĐANG HỒI,0,52800.0,10.0,10.92,58.52,🟢 MUA / GIỮ,OBV tốt + RSI cải thiện + RS mạnh,2026-08-10T14:47:19+07:00,14.86,49698.97,49116.0,1.19,4.29,6.24,7715900.0,6196560.0,906200.0,485640.0,,1.48,1.28,17.86,17.86,-2.73,5.6,10,2,1,2,1,2,2,,,,,,🟢,CP MẠNH,PULL XẤU,Pull xấu,🟡,,,,🟡 Ổn định,,True
2026-08-07,ACV,🟡 TRUNG TÍNH,1,41500.0,5.87,7.24,55.55,👀 THEO DÕI,OBV tốt + RSI cải thiện + Vị trí giá tốt,2026-08-10T14:47:19+07:00,18.12,39751.65,40045.0,-0.73,1.68,4.4,-61867100.0,-62331133.0,1420200.0,515775.0,,1.14,0.95,8.07,8.07,-4.6,6.68,8,1,1,2,0,2,2,,,,,,🟢,MUA EARLY,PULL XẤU,Slope âm | Pull xấu,🟡,,,,🔴 Yếu,,False
2026-08-07,BAF,🟡 TRUNG TÍNH,1,30700.0,3.37,6.23,60.78,👀 THEO DÕI,Vol xác nhận + Vị trí giá tốt + Xu hướng lên,2026-08-10T14:47:19+07:00,-17.61,30525.25,29825.0,2.35,1.19,0.57,95977600.0,96505236.0,1713800.0,1614895.0,,1.5,1.28,6.41,7.72,-4.06,-0.97,7,2,1,0,2,2,0,,,,,,🔴,MUA EARLY,PULL XẤU,OBV gãy | RSI chững | Pull xấu,🟡,,,,🟢 Tăng tốc,,True
2026-08-07,BSI,🟡 TRUNG TÍNH,1,29000.0,5.07,2.84,44.3,👀 THEO DÕI,OBV tốt + Vol xác nhận + RSI cải thiện,2026-08-10T14:47:19+07:00,4.63,28386.8,29237.4,-2.91,3.63,2.16,22236115.0,21875649.0,436315.0,523046.0,,0.56,0.74,10.48,10.48,-19.22,3.2,5,1,0,2,0,1,1,,,,,,🟢,MUA EARLY,PULL XẤU,RSI yếu | Slope âm | Pull xấu,🟡,,,,🔴 Yếu,,True
2026-08-07,DDV,🟡 TRUNG TÍNH,1,18800.0,3.87,0.0,35.6,👀 THEO DÕI,OBV tốt + Vol xác nhận,2026-08-10T14:47:19+07:00,-0.53,18825.9,19470.0,-3.31,2.63,-0.14,56841200.0,56695073.0,298100.0,292050.0,,0.85,0.88,5.03,5.03,-17.9,-1.05,2,0,0,1,0,1,0,,,,,,🟢,TÍCH LŨY,PULL XẤU,RSI yếu | RSI chững | Giá dưới EMA9 | Slope âm | Pull xấu,🔴,,,,🔴 Yếu,,False
2026-08-07,DPR,🟡 TRUNG TÍNH,1,36600.0,1.67,2.38,46.5,👀 THEO DÕI,OBV tốt + Vị trí giá tốt + RSI cải thiện,2026-08-10T14:47:19+07:00,8.78,36093.99,36375.0,-0.77,1.13,1.4,24895900.0,24660673.0,441000.0,185780.0,,0.97,0.92,4.27,4.27,-5.79,1.95,6,1,0,2,0,1,2,,,,,,🟢,MUA EARLY,PULL XẤU,RSI yếu | Slope âm | Pull xấu,🟡,,✅ EARLY GREEN2,,🔴 Yếu,,True
2026-08-07,DRI,🟡 TRUNG TÍNH,1,13200.0,2.33,3.12,51.61,👀 THEO DÕI,OBV tốt + Vị trí giá tốt,2026-08-10T14:47:19+07:00,-1.99,13018.61,12940.0,0.61,0.97,1.39,38507300.0,37828389.0,817400.0,427100.0,,0.82,0.95,5.6,5.6,-2.22,1.54,8,2,0,2,1,1,2,,,,,,🟢,MUA EARLY,PULL XẤU,RSI yếu | RSI chững | Pull xấu,🟡,,,,🟡 Ổn định,,False
2026-08-07,DXS,🟡 TRUNG TÍNH,1,5900.0,2.61,0.51,38.41,👀 THEO DÕI,OBV tốt + Vol xác nhận,2026-08-10T14:47:19+07:00,1.42,5905.26,6143.5,-3.88,2.2,-0.09,44447400.0,44272580.0,2012600.0,1792790.0,,1.17,1.01,5.17,5.17,-18.28,0.0,3,0,0,2,0,1,0,,,,,,🟢,MUA EARLY,PULL XẤU,RSI yếu | Giá dưới EMA9 | Slope âm | Pull xấu,🟡,,,,🔴 Yếu,,True
2026-08-07,GEE,🟡 TRUNG TÍNH,1,69400.0,3.89,2.21,39.84,👀 THEO DÕI,OBV tốt + Vol xác nhận + Vị trí giá tốt,2026-08-10T14:47:19+07:00,0.51,68751.32,71385.0,-3.69,2.92,0.94,90118452.0,89802455.0,1031652.0,1170073.0,,0.96,0.92,9.29,9.29,-17.58,2.21,5,1,0,2,0,1,1,,,,,,🟢,MUA EARLY,PULL XẤU,RSI yếu | Slope âm | Pull xấu,🟡,,,,🔴 Yếu,,True
2026-08-07,GEG,🟡 TRUNG TÍNH,1,12200.0,0.83,2.09,40.6,👀 THEO DÕI,OBV tốt + Vol xác nhận + Vị trí giá tốt,2026-08-10T14:47:19+07:00,1.29,12174.88,12315.0,-1.14,1.29,0.21,23535188.0,23296605.0,309388.0,241429.0,,0.98,0.88,4.27,4.27,-9.29,0.83,6,1,0,2,0,1,2,,,,,,🟢,MUA EARLY,PULL XẤU,RSI yếu | Slope âm | Pull xấu,🟡,,,,🔴 Yếu,,True
2026-08-07,GMD,🟡 TRUNG TÍNH,1,78300.0,1.69,6.97,59.87,👀 THEO DÕI,OBV tốt + RSI cải thiện + Vị trí giá tốt,2026-08-10T14:47:19+07:00,5.76,76443.51,75655.0,1.04,0.96,2.43,106654894.0,102701701.0,3276394.0,1526275.0,,0.81,0.79,8.75,8.75,-1.26,1.82,9,2,1,2,1,1,2,,,,,,🟢,CP MẠNH,PULL XẤU,Pull xấu,🟡,🟢 GREEN 2,,,🟡 Ổn định,,True
2026-08-07,HAG,🟡 TRUNG TÍNH,1,14150.0,1.07,1.07,42.52,👀 THEO DÕI,OBV tốt + Vol xác nhận + Vị trí giá tốt,2026-08-10T14:47:19+07:00,0.76,14106.63,14205.0,-0.69,0.65,0.31,390986284.0,389862850.0,2432084.0,2311144.0,,0.87,0.92,3.28,3.28,-3.41,0.71,5,1,0,2,0,1,1,,,,,,🟢,MUA EARLY,PULL XẤU,RSI yếu | Slope âm | Pull xấu,🟡,,,,🔴 Yếu,,True
2026-08-07,HDC,🟡 TRUNG TÍNH,1,11950.0,4.82,2.14,38.35,👀 THEO DÕI,OBV tốt + Vol xác nhận + Vị trí giá tốt,2026-08-10T14:47:19+07:00,2.65,11830.33,12275.0,-3.62,3.46,1.01,158012466.0,156843496.0,1303566.0,1421818.0,,0.87,0.99,9.63,9.63,-19.53,1.7,5,1,0,2,0,1,1,,,,,,🟢,MUA EARLY,PULL XẤU,RSI yếu | Slope âm | Pull xấu,🟡,,,,🔴 Yếu,,True
2026-08-07,IDC,🟡 TRUNG TÍNH,1,33600.0,3.07,0.9,50.03,👀 THEO DÕI,OBV tốt + Vị trí giá tốt + RSI cải thiện,2026-08-10T14:47:19+07:00,3.23,32980.39,32776.5,0.62,1.12,1.88,68526500.0,66678962.0,2395700.0,1208640.0,,0.89,0.87,6.67,6.67,-4.0,2.75,8,2,0,2,1,1,2,,,,,,🟢,MUA EARLY,PULL XẤU,RSI yếu | Pull xấu,🟡,,,,🟡 Ổn định,,False
2026-08-07,KBC,🟡 TRUNG TÍNH,1,28150.0,1.26,1.08,47.45,👀 THEO DÕI,OBV tốt + Vol xác nhận + Vị trí giá tốt,2026-08-10T14:47:19+07:00,-2.35,28036.62,27910.0,0.45,0.43,0.4,232083500.0,231221438.0,1518500.0,1360105.0,,0.94,0.91,5.04,5.04,-1.92,2.36,7,2,0,2,1,1,1,,,,,,🟢,MUA EARLY,PULL XẤU,RSI yếu | RSI chững | Pull xấu,🟡,,,,🟡 Ổn định,,True
2026-08-07,MBS,🟡 TRUNG TÍNH,1,18500.0,2.78,-0.54,44.57,👀 THEO DÕI,OBV tốt + Vị trí giá tốt,2026-08-10T14:47:19+07:00,-0.08,18427.21,18895.0,-2.48,2.49,0.4,-37223400.0,-39748424.0,3126200.0,7854160.0,,0.65,0.73,6.32,6.32,-17.78,0.54,4,1,0,2,0,1,0,,,,,,🟢,MUA EARLY,PULL XẤU,RSI yếu | RSI chững | Slope âm | Pull xấu,🟡,,,,🔴 Yếu,,False
2026-08-07,MCH,🟡 TRUNG TÍNH,1,135200.0,-2.69,1.63,50.72,👀 THEO DÕI,OBV tốt + Vị trí giá tốt + Vol xác nhận,2026-08-10T14:47:19+07:00,-1.55,135812.65,135663.5,0.11,-0.7,-0.45,10953100.0,10950945.0,279200.0,394245.0,,1.29,1.46,2.39,8.46,-4.45,0.22,3,0,0,2,1,0,0,,,,,,🟢,MUA EARLY,PULL XẤU,RSI yếu | RSI chững | Giá dưới EMA9 | Pull xấu,🟡,,,,🟡 Ổn định,,True
2026-08-07,MML,🟡 TRUNG TÍNH,1,27900.0,-2.45,5.28,45.99,👀 THEO DÕI,OBV tốt + Vị trí giá tốt,2026-08-10T14:47:19+07:00,-4.63,28025.7,27870.0,0.56,-0.14,-0.45,-1512400.0,-1545495.0,35000.0,23975.0,,0.84,1.27,5.28,5.28,-4.45,0.0,4,0,0,2,1,1,0,,,,,,🟢,MUA EARLY,PULL XẤU,RSI yếu | RSI chững | Giá dưới EMA9 | Pull xấu,🟡,,,,🟡 Ổn định,,False
2026-08-07,MSB,🟡 TRUNG TÍNH,1,16200.0,1.57,1.57,58.83,👀 THEO DÕI,OBV tốt + Vị trí giá tốt + RSI cải thiện,2026-08-10T14:47:19+07:00,-0.31,16086.53,16069.85,0.1,0.28,0.71,769232433.0,755611152.0,15868033.0,7742207.0,,0.93,0.76,2.86,16.55,-1.52,0.32,9,2,1,2,1,1,2,,,,,,🟢,PULL VỪA,PULL VỪA,RSI chững,🟡,,,,🟡 Ổn định,,True
2026-08-07,NHA,🟡 TRUNG TÍNH,1,8330.0,4.13,2.73,42.0,👀 THEO DÕI,OBV tốt + Vol xác nhận + Vị trí giá tốt,2026-08-10T14:47:19+07:00,0.63,8239.04,8369.4,-1.56,1.95,1.1,7099530.0,6951863.0,116630.0,99786.0,,0.9,0.9,9.61,9.61,-10.91,0.48,5,1,0,2,0,1,1,,,,,,🟢,MUA EARLY,PULL XẤU,RSI yếu | Slope âm | Pull xấu,🟡,,,,🔴 Yếu,,True
2026-08-07,NLG,🟡 TRUNG TÍNH,1,22600.0,1.8,5.85,46.02,👀 THEO DÕI,OBV tốt + RSI cải thiện + Vị trí giá tốt,2026-08-10T14:47:19+07:00,7.53,21983.86,22637.5,-2.89,2.65,2.8,47796468.0,47129241.0,1419868.0,2371313.0,,1.64,1.26,13.0,13.0,-11.89,3.2,4,1,0,2,0,1,0,,,,,,🟢,MUA EARLY,PULL XẤU,RSI yếu | Slope âm | Pull xấu,🟡,,✅ EARLY GREEN2,,🔴 Yếu,,True
2026-08-07,NTP,🟡 TRUNG TÍNH,1,48700.0,1.67,0.41,48.81,👀 THEO DÕI,OBV tốt + Vị trí giá tốt,2026-08-10T14:47:19+07:00,-4.09,48569.41,48450.0,0.25,0.24,0.27,10003000.0,9984121.0,239300.0,82725.0,,1.47,1.38,2.31,2.31,-2.4,0.41,8,2,0,2,1,1,2,,,,,,🟢,MUA EARLY,PULL XẤU,RSI yếu | RSI chững | Pull xấu,🟡,,,,🟡 Ổn định,,False
2026-08-07,OIL,🟡 TRUNG TÍNH,1,13600.0,4.62,2.26,52.84,👀 THEO DÕI,OBV tốt + RSI cải thiện + Vị trí giá tốt,2026-08-10T14:47:19+07:00,9.91,13195.84,13480.0,-2.11,0.59,3.06,92047000.0,89668025.0,3260700.0,1677050.0,,0.62,0.57,5.43,7.09,-9.33,5.43,6,1,0,2,0,1,2,,,,,,🟢,MUA EARLY,PULL XẤU,RSI yếu | Slope âm | Pull xấu,🟡,,✅ EARLY GREEN2,🌱 EARLY DRY GREEN2,🔴 Yếu,,False
2026-08-07,PC1,🟡 TRUNG TÍNH,1,21050.0,-1.64,-0.24,48.06,👀 THEO DÕI,OBV tốt + Vị trí giá tốt + Vol xác nhận,2026-08-10T14:47:19+07:00,-3.87,21146.81,21257.5,-0.52,-0.65,-0.46,125415100.0,125083451.0,1519000.0,2096805.0,,0.87,1.02,2.68,19.26,-5.61,2.43,2,0,0,2,0,0,0,,,,,,🟢,TÍCH LŨY,PULL XẤU,RSI yếu | RSI chững | Giá dưới EMA9 | Slope âm | Pull xấu,🔴,,,,🔴 Yếu,,True
2026-08-07,PDR,🟡 TRUNG TÍNH,1,12100.0,5.68,1.26,40.01,👀 THEO DÕI,OBV tốt + Vị trí giá tốt + RS mạnh,2026-08-10T14:47:19+07:00,2.51,11956.49,12347.5,-3.17,2.72,1.2,241372062.0,238667358.0,5785962.0,7993948.0,,0.94,0.96,8.52,8.52,-15.38,2.54,4,1,0,2,0,1,0,,,,,,🟢,MUA EARLY,PULL XẤU,RSI yếu | Slope âm | Pull xấu,🟡,,,,🔴 Yếu,,True
2026-08-07,PHR,🟡 TRUNG TÍNH,1,59500.0,4.75,7.79,49.69,👀 THEO DÕI,OBV tốt + Vị trí giá tốt + RSI cải thiện,2026-08-10T14:47:19+07:00,-0.16,58367.89,58640.0,-0.46,1.7,1.94,16982000.0,16695277.0,571400.0,344480.0,,0.94,1.04,8.18,8.18,-7.17,2.76,7,1,0,2,0,2,2,,,,,,🟢,MUA EARLY,PULL XẤU,RSI yếu | RSI chững | Slope âm | Pull xấu,🟡,,,,🔴 Yếu,,True
2026-08-07,POW,🟡 TRUNG TÍNH,1,13800.0,1.47,3.37,50.2,👀 THEO DÕI,OBV tốt + Vị trí giá tốt,2026-08-10T14:47:19+07:00,-1.41,13673.11,13650.0,0.17,0.7,0.93,327784770.0,326366670.0,15527966.0,8174268.0,,1.05,0.89,4.55,4.55,-3.83,2.6,8,2,0,2,1,1,2,,,,,,🟢,MUA EARLY,PULL XẤU,RSI yếu | RSI chững | Pull xấu,🟡,,,,🟡 Ổn định,,True
2026-08-07,PVB,🟡 TRUNG TÍNH,1,21000.0,0.0,0.0,37.48,👀 THEO DÕI,OBV tốt + Vị trí giá tốt,2026-08-10T14:47:19+07:00,6.15,20967.56,21585.0,-2.86,1.24,0.15,1355400.0,1255740.0,152300.0,69565.0,,0.9,0.86,2.44,2.44,-13.22,1.45,5,1,0,2,0,0,2,,,,,,🟢,MUA EARLY,PULL XẤU,RSI yếu | Slope âm | Pull xấu,🟡,,,,🔴 Yếu,,False
2026-08-07,PVC,🟡 TRUNG TÍNH,1,12100.0,2.54,0.0,46.16,👀 THEO DÕI,OBV tốt + Vị trí giá tốt + RSI cải thiện,2026-08-10T14:47:19+07:00,6.38,11887.03,12220.0,-2.72,0.83,1.79,60281400.0,60084072.0,934100.0,488870.0,,0.91,0.77,5.22,5.22,-12.95,3.42,6,1,0,2,0,1,2,,,,,,🟢,MUA EARLY,PULL XẤU,RSI yếu | Slope âm | Pull xấu,🟡,,,,🔴 Yếu,,False
2026-08-07,PVD,🟡 TRUNG TÍNH,1,18400.0,1.38,-3.16,48.09,👀 THEO DÕI,OBV tốt + Vị trí giá tốt + RSI cải thiện,2026-08-10T14:47:19+07:00,3.94,18233.92,18637.5,-2.17,0.36,0.91,272938433.0,272523832.0,6578833.0,3885087.0,,0.87,0.73,5.14,5.14,-11.11,3.08,6,1,0,2,0,1,2,,,,,,🟢,MUA EARLY,PULL XẤU,RSI yếu | Slope âm | Pull xấu,🟡,,,,🔴 Yếu,,True
2026-08-07,PVS,🟡 TRUNG TÍNH,1,34300.0,0.59,0.29,43.25,👀 THEO DÕI,OBV tốt + Vol xác nhận + Vị trí giá tốt,2026-08-10T14:47:19+07:00,-0.26,34336.99,35195.0,-2.44,0.66,-0.11,124358100.0,124303087.0,2987800.0,3055715.0,,0.64,0.67,3.63,3.63,-12.5,0.88,3,0,0,2,0,0,1,,,,,,🟢,MUA EARLY,PULL XẤU,RSI yếu | RSI chững | Giá dưới EMA9 | Slope âm | Pull xấu,🟡,,,,🔴 Yếu,,False
2026-08-07,SBT,🟡 TRUNG TÍNH,1,21000.0,-1.18,1.2,49.64,👀 THEO DÕI,OBV tốt + Vị trí giá tốt,2026-08-10T14:47:19+07:00,-9.71,20992.05,20950.0,0.2,-0.17,0.04,104720414.0,103654407.0,1137814.0,645941.0,,0.88,0.91,1.69,4.48,-1.87,0.24,7,2,0,2,1,0,2,,,,,,🟢,MUA EARLY,PULL XẤU,RSI yếu | RSI chững | Pull xấu,🟡,,✅ EARLY GREEN2,,🟡 Ổn định,,True
2026-08-07,SHB,🟡 TRUNG TÍNH,1,11950.0,3.91,1.27,43.52,👀 THEO DÕI,OBV tốt + Vị trí giá tốt + RSI cải thiện,2026-08-10T14:47:19+07:00,3.56,11809.31,11950.0,-1.18,2.18,1.19,1821586027.0,1774429543.0,90054267.0,56362678.0,,0.88,0.98,6.7,6.7,-10.49,1.7,6,1,0,2,0,1,2,,,,,,🟢,MUA EARLY,PULL XẤU,RSI yếu | Slope âm | Pull xấu,🟡,,,,🔴 Yếu,,True
2026-08-07,SHS,🟡 TRUNG TÍNH,1,15600.0,2.63,2.63,43.03,👀 THEO DÕI,OBV tốt + Thiếu mẫu xác nhận,2026-08-10T14:47:19+07:00,-1.29,15635.57,15785.0,-0.95,3.55,-0.23,714175596.0,710088968.0,6005300.0,13191615.0,,0.66,0.74,9.09,9.09,-18.75,-0.64,3,0,0,1,0,1,1,,,,,,🟢,MUA EARLY,PULL XẤU,RSI yếu | RSI chững | Giá dưới EMA9 | Slope âm | Pull xấu,🟡,,,,🔴 Yếu,,False
2026-08-07,TCH,🟡 TRUNG TÍNH,1,12200.0,7.02,4.27,42.53,👀 THEO DÕI,OBV tốt + Vol xác nhận + Vị trí giá tốt,2026-08-10T14:47:19+07:00,-0.61,12048.48,12357.5,-2.5,2.89,1.26,151265800.0,150055309.0,5248500.0,5309850.0,,1.04,0.95,10.91,10.91,-17.01,2.09,5,1,0,2,0,1,1,,,,,,🟢,MUA EARLY,PULL XẤU,RSI yếu | RSI chững | Slope âm | Pull xấu,🟡,,,,🔴 Yếu,,True
2026-08-07,TVN,🟡 TRUNG TÍNH,1,9200.0,5.75,5.75,45.09,👀 THEO DÕI,OBV tốt + Vị trí giá tốt + RSI cải thiện,2026-08-10T14:47:19+07:00,2.78,9012.31,9255.0,-2.62,3.95,2.08,37431800.0,36717768.0,1105300.0,530070.0,,0.8,0.69,10.84,10.84,-20.0,3.37,7,1,0,2,0,2,2,,,,,,🟢,MUA EARLY,PULL XẤU,RSI yếu | Slope âm | Pull xấu,🟡,,,,🔴 Yếu,,False
2026-08-07,TVS,🟡 TRUNG TÍNH,1,13800.0,2.99,-1.43,47.03,👀 THEO DÕI,OBV tốt + Vị trí giá tốt,2026-08-10T14:47:19+07:00,0.64,13763.15,14090.0,-2.32,1.67,0.27,5025402.0,5020109.0,106202.0,200050.0,,0.43,0.44,4.94,7.81,-14.55,3.37,4,1,0,2,0,1,0,,,,,,🟢,MUA EARLY,PULL XẤU,RSI yếu | Slope âm | Pull xấu,🟡,,,,🔴 Yếu,,True
2026-08-07,VCG,🟡 TRUNG TÍNH,1,15950.0,2.9,2.57,43.54,👀 THEO DÕI,OBV tốt + Vị trí giá tốt,2026-08-10T14:47:19+07:00,2.36,15776.57,16052.0,-1.72,2.43,1.1,234435700.0,234124853.0,1753700.0,3398995.0,,0.78,0.78,5.63,5.63,-13.92,1.92,4,1,0,2,0,1,0,,,,,,🟢,MUA EARLY,PULL XẤU,RSI yếu | Slope âm | Pull xấu,🟡,,,,🔴 Yếu,,True
2026-08-07,VCK,🟡 TRUNG TÍNH,1,30800.0,-0.65,3.88,47.07,👀 THEO DÕI,OBV tốt + Vị trí giá tốt + Vol xác nhận,2026-08-10T14:47:19+07:00,-3.36,30666.91,30580.0,0.28,1.27,0.43,74442748.0,72782628.0,2119448.0,2670612.0,,0.79,1.0,8.64,8.64,-6.67,0.49,6,2,0,2,1,1,0,,,,,,🟢,MUA EARLY,PULL XẤU,RSI yếu | RSI chững | Pull xấu,🟡,,,,🟡 Ổn định,,True
2026-08-07,VHC,🟡 TRUNG TÍNH,1,52900.0,0.57,-1.86,37.4,👀 THEO DÕI,OBV tốt + Vị trí giá tốt,2026-08-10T14:47:19+07:00,-1.61,53343.42,54430.0,-2.0,0.68,-0.83,711000.0,648341.0,415700.0,257715.0,,1.36,0.93,0.57,0.57,-9.42,0.57,4,0,0,2,0,0,2,,,,,,🟢,MUA EARLY,PULL XẤU,RSI yếu | RSI chững | Giá dưới EMA9 | Slope âm | Pull xấu,🟡,,,,🔴 Yếu,,True
2026-08-07,VHM,🟡 TRUNG TÍNH,1,71500.0,-3.44,10.0,49.19,👀 THEO DÕI,OBV tốt + Xu hướng lên,2026-08-10T14:47:19+07:00,-12.77,73233.15,70382.5,4.05,1.75,-2.37,369550000.0,355950399.0,9117200.0,5803910.0,,1.63,1.21,12.69,12.69,-12.48,-5.05,2,0,0,1,2,1,-2,,,,,,🟢,TÍCH LŨY,PULL XẤU,RSI yếu | RSI chững | Giá dưới EMA9 | Pull xấu,🔴,,,,🟢 Tăng tốc,,True
2026-08-07,VIB,🟡 TRUNG TÍNH,1,14900.0,2.76,3.47,46.46,👀 THEO DÕI,OBV tốt + Vị trí giá tốt + RSI cải thiện,2026-08-10T14:47:19+07:00,3.5,14733.27,14852.5,-0.8,1.5,1.13,220079720.0,214253458.0,11282416.0,7577121.0,,1.02,0.86,5.3,5.3,-8.31,2.05,6,1,0,2,0,1,2,,,,,,🟢,MUA EARLY,PULL XẤU,RSI yếu | Slope âm | Pull xấu,🟡,,,,🔴 Yếu,,True
2026-08-07,VND,🟡 TRUNG TÍNH,1,17000.0,2.41,3.03,49.27,👀 THEO DÕI,OBV tốt + Vị trí giá tốt + RSI cải thiện,2026-08-10T14:47:19+07:00,0.83,16833.39,16940.0,-0.63,1.58,0.99,582389754.0,575725496.0,8238742.0,13284677.0,,0.7,0.79,10.75,10.75,-7.86,2.41,4,1,0,2,0,1,0,,,,,,🟢,MUA EARLY,PULL XẤU,RSI yếu | Slope âm | Pull xấu,🟡,,,,🔴 Yếu,,True
2026-08-07,VNM,🟡 TRUNG TÍNH,1,62000.0,1.81,5.26,65.08,👀 THEO DÕI,OBV tốt + RSI cải thiện + Vị trí giá tốt,2026-08-10T14:47:19+07:00,8.37,59859.94,58725.0,1.93,-0.58,3.58,-557800.0,-8542589.0,13239500.0,5451520.0,,0.98,1.01,11.91,13.14,0.98,5.08,10,2,2,2,1,1,2,,,,,,🟢,CP MẠNH,PULL XẤU,Pull xấu,🟡,🟢 GREEN 2,,,🟡 Ổn định,,True
2026-08-07,VPX,🟡 TRUNG TÍNH,1,25750.0,1.38,-0.39,45.83,👀 THEO DÕI,OBV tốt + Vị trí giá tốt,2026-08-10T14:47:19+07:00,-1.31,25701.09,25995.0,-1.13,1.2,0.19,13376119.0,10865871.0,4845819.0,1523756.0,,0.81,0.87,6.63,6.63,-8.04,1.38,6,1,0,2,0,1,2,,,,,,🟢,MUA EARLY,PULL XẤU,RSI yếu | RSI chững | Slope âm | Pull xấu,🟡,,,,🔴 Yếu,,True
2026-08-07,AGR,🔴 YẾU,2,13250.0,2.71,0.76,44.35,⏳ CHỜ,OBV xấu + Thiếu mẫu xác nhận,2026-08-10T14:47:19+07:00,0.3,13192.63,13470.0,-2.06,2.54,0.43,23568662.0,23622362.0,194062.0,470548.0,,0.51,0.72,8.16,8.16,-17.19,2.71,2,1,0,0,0,1,0,,,,,,🔴,TÍCH LŨY,PULL XẤU,OBV gãy | RSI yếu | Slope âm | Pull xấu,🔴,,,,🔴 Yếu,,True
2026-08-07,BVS,🔴 YẾU,2,26900.0,7.17,3.07,45.78,⏳ CHỜ,OBV xấu + Xu hướng giảm + Thiếu mẫu xác nhận,2026-08-10T14:47:19+07:00,-0.4,26722.78,28310.0,-5.61,4.29,0.66,4535400.0,4690538.0,698200.0,1355040.0,,0.62,0.74,10.7,10.7,-26.1,2.28,2,1,0,0,0,1,0,,,,,,🔴,TÍCH LŨY,PULL XẤU,OBV gãy | RSI yếu | RSI chững | Slope âm | Pull xấu,🔴,,,,🔴 Yếu,,False
2026-08-07,C4G,🔴 YẾU,2,5600.0,0.0,-1.75,32.95,⏳ CHỜ,Xu hướng giảm + Thiếu mẫu xác nhận,2026-08-10T14:47:19+07:00,0.64,5667.32,5890.0,-3.78,0.99,-1.19,15256300.0,15091991.0,318200.0,232690.0,,1.1,1.02,1.82,1.82,-17.65,1.82,4,0,0,2,0,0,2,,,,,,🟢,MUA EARLY,PULL XẤU,RSI yếu | Giá dưới EMA9 | Slope âm | Pull xấu,🟡,,,,🔴 Yếu,,False
2026-08-07,CMG,🔴 YẾU,2,24800.0,2.06,0.4,43.16,⏳ CHỜ,OBV xấu + Thiếu mẫu xác nhận + RSI yếu,2026-08-10T14:47:19+07:00,-5.61,24884.34,24960.0,-0.3,1.59,-0.34,-7747790.0,-7688633.0,141790.0,194300.0,,0.95,1.0,5.08,5.08,-8.15,1.85,1,0,0,0,0,1,0,,,,,,🔴,THEO DÕI,PULL XẤU,OBV gãy | RSI yếu | RSI chững | Giá dưới EMA9 | Slope âm | Pull xấu,🔴,,,,🔴 Yếu,,True
2026-08-07,FTS,🔴 YẾU,2,22250.0,3.97,3.01,43.86,⏳ CHỜ,OBV xấu + Thiếu mẫu xác nhận,2026-08-10T14:47:19+07:00,1.73,22003.25,22632.5,-2.78,3.54,1.12,16749494.0,16766220.0,994094.0,1390280.0,,0.62,0.81,10.7,10.7,-19.53,1.83,2,1,0,0,0,1,0,,,,,,🔴,TÍCH LŨY,PULL XẤU,OBV gãy | RSI yếu | Slope âm | Pull xấu,🔴,,,,🔴 Yếu,,True
2026-08-07,HAH,🔴 YẾU,2,46350.0,2.43,3.0,47.1,⏳ CHỜ,OBV xấu + Thiếu mẫu xác nhận,2026-08-10T14:47:19+07:00,4.06,45752.93,45775.0,-0.05,1.73,1.3,18794982.0,18980377.0,733718.0,505396.0,,1.02,0.92,5.58,5.58,-7.21,-0.32,0,1,0,0,0,1,-2,,,,,,🔴,THEO DÕI,PULL XẤU,OBV gãy | RSI yếu | Slope âm | Pull xấu,🔴,,,,🔴 Yếu,,True
2026-08-07,KSB,🔴 YẾU,2,13350.0,1.91,-0.74,42.23,⏳ CHỜ,OBV xấu + Thiếu mẫu xác nhận + RSI yếu,2026-08-10T14:47:19+07:00,-6.51,13400.16,13450.0,-0.37,1.08,-0.37,28905000.0,29512293.0,618600.0,692015.0,,1.01,1.03,3.09,3.09,-7.93,1.14,2,0,0,0,0,1,1,,,,,,🔴,TÍCH LŨY,PULL XẤU,OBV gãy | RSI yếu | RSI chững | Giá dưới EMA9 | Slope âm | Pull xấu,🔴,,,,🔴 Yếu,,True
2026-08-07,MSH,🔴 YẾU,2,31500.0,3.62,1.94,49.47,⏳ CHỜ,OBV xấu + Thiếu mẫu xác nhận,2026-08-10T14:47:19+07:00,7.62,30989.01,31032.5,-0.14,0.85,1.65,12313600.0,12407031.0,76000.0,107580.0,,0.72,1.04,3.96,3.96,-2.17,1.94,2,1,0,0,0,1,0,,,,,,🔴,TÍCH LŨY,PULL XẤU,OBV gãy | RSI yếu | Slope âm | Pull xấu,🔴,,,,🔴 Yếu,,True
2026-08-07,NT2,🔴 YẾU,2,21550.0,2.62,1.17,49.92,⏳ CHỜ,OBV xấu + Thiếu mẫu xác nhận,2026-08-10T14:47:19+07:00,2.15,21275.98,21250.0,0.12,0.71,1.29,13895924.0,13947724.0,494424.0,583461.0,,0.94,1.01,5.12,5.12,-2.49,1.89,5,2,0,0,1,1,1,,,,,,🔴,MUA EARLY,PULL XẤU,OBV gãy | RSI yếu | Pull xấu,🟡,,,,🟡 Ổn định,,True
2026-08-07,PNJ,🔴 YẾU,2,35850.0,15.65,16.59,37.68,⏳ CHỜ,OBV xấu + Xu hướng giảm + Thiếu mẫu xác nhận,2026-08-10T14:47:19+07:00,2.92,35433.1,36867.5,-3.89,7.59,1.18,-69727800.0,-60533614.0,3949500.0,10495555.0,,0.97,1.29,16.59,16.59,-28.01,-0.69,4,1,0,0,0,2,1,,,,,,🔴,MUA EARLY,PULL XẤU,OBV gãy | RSI yếu | Slope âm | Pull xấu,🟡,,,,🔴 Yếu,,True
2026-08-07,TNG,🔴 YẾU,2,17000.0,0.53,2.84,49.03,⏳ CHỜ,OBV xấu + Thiếu mẫu xác nhận,2026-08-10T14:47:19+07:00,-3.33,16907.34,16627.45,1.68,1.33,0.55,34455000.0,34516178.0,280500.0,530655.0,,0.73,0.8,8.42,8.42,-5.24,-2.3,5,2,0,0,1,1,1,,,,,,🔴,MUA EARLY,PULL XẤU,OBV gãy | RSI yếu | RSI chững | Pull xấu,🟡,,,,🟡 Ổn định,,False
2026-08-07,VDS,🔴 YẾU,2,12100.0,2.54,0.83,41.48,⏳ CHỜ,OBV xấu + Xu hướng giảm + Thiếu mẫu xác nhận,2026-08-10T14:47:19+07:00,1.32,12061.59,12505.0,-3.55,3.66,0.32,47659810.0,48254563.0,836510.0,1323200.0,,0.63,0.7,8.04,8.04,-24.84,2.54,2,1,0,0,0,1,0,,,,,,🔴,TÍCH LŨY,PULL XẤU,OBV gãy | RSI yếu | Slope âm | Pull xấu,🔴,,,,🔴 Yếu,,True
2026-08-07,VJC,🔴 YẾU,2,126200.0,0.96,-0.94,40.12,⏳ CHỜ,OBV xấu + Thiếu mẫu xác nhận,2026-08-10T14:47:19+07:00,-0.31,126341.07,128024.95,-1.32,1.26,-0.11,22862756.0,23795808.0,1360256.0,1145733.0,,1.28,1.11,2.27,2.27,-8.55,0.4,1,0,0,0,0,0,1,,,,,,🔴,THEO DÕI,PULL XẤU,OBV gãy | RSI yếu | RSI chững | Giá dưới EMA9 | Slope âm | Pull xấu,🔴,,,,🔴 Yếu,,True
2026-08-07,BMP,⚠️ YẾU DẦN,3,149200.0,-2.67,-0.53,49.85,🟠 HẠN CHẾ / GIẢM,OBV xấu + Thiếu mẫu xác nhận,2026-08-10T14:47:19+07:00,-1.01,149523.07,150470.0,-0.63,-0.78,-0.22,2035700.0,2150819.0,66600.0,154305.0,,0.97,0.67,1.08,13.12,-4.36,0.67,0,0,0,0,0,0,0,,,,,,🔴,THEO DÕI,PULL XẤU,OBV gãy | RSI yếu | RSI chững | Giá dưới EMA9 | Slope âm | Pull xấu,🔴,,,,🔴 Yếu,,True
2026-08-07,CEO,⚠️ YẾU DẦN,3,11700.0,2.63,0.86,36.85,🟠 HẠN CHẾ / GIẢM,OBV xấu + RSI yếu + Thiếu mẫu xác nhận,2026-08-10T14:47:19+07:00,-3.08,11809.67,12190.0,-3.12,2.76,-0.93,291228400.0,293372071.0,4157700.0,5907665.0,,0.97,1.02,8.33,8.33,-18.75,-1.68,2,0,0,0,0,1,1,,,,,,🔴,TÍCH LŨY,PULL XẤU,OBV gãy | RSI yếu | RSI chững | Giá dưới EMA9 | Slope âm | Pull xấu,🔴,,,,🔴 Yếu,,False
2026-08-07,EIB,⚠️ YẾU DẦN,3,18150.0,1.97,3.71,42.88,🟠 HẠN CHẾ / GIẢM,OBV xấu + Thiếu mẫu xác nhận,2026-08-10T14:47:19+07:00,-0.56,18045.76,18102.5,-0.31,2.11,0.58,171677500.0,176020465.0,5487534.0,6767047.0,,0.83,0.88,10.0,10.0,-9.25,0.28,3,1,0,0,0,1,1,,,,,,🔴,MUA EARLY,PULL XẤU,OBV gãy | RSI yếu | RSI chững | Slope âm | Pull xấu,🟡,,,,🔴 Yếu,,True
2026-08-07,LPB,⚠️ YẾU DẦN,3,52800.0,1.93,0.76,51.24,🟠 HẠN CHẾ / GIẢM,OBV xấu + Thiếu mẫu xác nhận,2026-08-10T14:47:19+07:00,-4.51,52816.31,52840.0,-0.04,-0.3,-0.03,167591300.0,169281988.0,1652400.0,3321445.0,,0.9,0.97,2.52,16.04,-5.71,1.54,1,0,0,0,0,1,0,,,,,,🔴,THEO DÕI,PULL XẤU,OBV gãy | RSI yếu | RSI chững | Giá dưới EMA9 | Slope âm | Pull xấu,🔴,,,,🔴 Yếu,,True
2026-08-07,NAB,⚠️ YẾU DẦN,3,12000.0,-1.23,-4.0,39.32,🟠 HẠN CHẾ / GIẢM,OBV xấu + Xu hướng giảm + Thiếu mẫu xác nhận,2026-08-10T14:47:19+07:00,-0.49,12109.16,12412.5,-2.44,0.39,-0.9,59346500.0,60324609.0,1563600.0,2058455.0,,0.79,0.84,1.27,2.56,-11.11,1.69,0,0,0,0,0,0,0,,,,,,🔴,THEO DÕI,PULL XẤU,OBV gãy | RSI yếu | RSI chững | Giá dưới EMA9 | Slope âm | Pull xấu,🔴,,,,🔴 Yếu,,True
2026-08-07,NTL,⚠️ YẾU DẦN,3,13600.0,-0.73,-5.23,23.19,🟠 HẠN CHẾ / GIẢM,OBV xấu + RSI yếu + Xu hướng giảm,2026-08-10T14:47:19+07:00,-4.0,13842.34,14270.0,-3.0,0.17,-1.75,70300098.0,70878280.0,422302.0,312610.0,,1.11,1.15,0.0,0.0,-9.93,0.0,0,0,0,0,0,0,0,,,,,,🔴,THEO DÕI,PULL XẤU,OBV gãy | RSI yếu | RSI chững | Giá dưới EMA9 | Slope âm | Pull xấu,🔴,,,,🔴 Yếu,,True
2026-08-07,PTB,⚠️ YẾU DẦN,3,33950.0,1.34,3.98,45.04,🟠 HẠN CHẾ / GIẢM,OBV xấu + Thiếu mẫu xác nhận,2026-08-10T14:47:19+07:00,-2.31,33817.13,33899.95,-0.24,1.8,0.39,-597000.0,-562378.0,51100.0,66320.0,,0.55,0.66,6.59,6.59,-8.49,0.0,2,1,0,0,0,1,0,,,,,,🔴,TÍCH LŨY,PULL XẤU,OBV gãy | RSI yếu | RSI chững | Slope âm | Pull xấu,🔴,,,,🔴 Yếu,,True
2026-08-07,SSB,⚠️ YẾU DẦN,3,15200.0,-2.25,-1.3,39.15,🟠 HẠN CHẾ / GIẢM,OBV xấu + RSI yếu + Thiếu mẫu xác nhận,2026-08-10T14:47:19+07:00,-6.52,15399.78,15587.5,-1.2,-0.08,-1.3,28638600.0,32070845.0,2038966.0,2186303.0,,0.99,0.96,0.0,11.36,-6.46,0.0,0,0,0,0,0,0,0,,,,,,🔴,THEO DÕI,PULL XẤU,OBV gãy | RSI yếu | RSI chững | Giá dưới EMA9 | Slope âm | Pull xấu,🔴,,,,🔴 Yếu,,True
2026-08-07,TCM,⚠️ YẾU DẦN,3,16550.0,-0.3,-4.34,29.75,🟠 HẠN CHẾ / GIẢM,OBV xấu + Xu hướng giảm + Thiếu mẫu xác nhận,2026-08-10T14:47:19+07:00,3.64,16793.73,17562.5,-4.38,1.93,-1.45,-10543600.0,-8987399.0,791200.0,1237400.0,,0.81,1.0,1.53,1.53,-17.66,-0.6,1,0,0,0,0,0,1,,,,,,🔴,THEO DÕI,PULL XẤU,OBV gãy | RSI yếu | Giá dưới EMA9 | Slope âm | Pull xấu,🔴,,,,🔴 Yếu,,True
2026-08-07,TCX,⚠️ YẾU DẦN,3,40050.0,-2.32,2.17,45.03,🟠 HẠN CHẾ / GIẢM,OBV xấu + Thiếu mẫu xác nhận,2026-08-10T14:47:19+07:00,-1.6,40062.83,40680.0,-1.52,0.53,-0.03,20097320.0,20580119.0,1992520.0,1722546.0,,1.08,0.92,6.8,6.8,-8.25,1.65,2,0,0,0,0,1,1,,,,,,🔴,TÍCH LŨY,PULL XẤU,OBV gãy | RSI yếu | RSI chững | Giá dưới EMA9 | Slope âm | Pull xấu,🔴,,,,🔴 Yếu,,True
2026-08-07,VGS,⚠️ YẾU DẦN,3,17800.0,0.56,1.14,33.92,🟠 HẠN CHẾ / GIẢM,OBV xấu + RSI yếu + Thiếu mẫu xác nhận,2026-08-10T14:47:19+07:00,-3.91,17941.49,18365.0,-2.31,2.2,-0.79,4681000.0,4739154.0,86900.0,124170.0,,0.9,0.89,4.71,4.71,-16.04,0.0,0,0,0,0,0,0,0,,,,,,🔴,THEO DÕI,PULL XẤU,OBV gãy | RSI yếu | RSI chững | Giá dưới EMA9 | Slope âm | Pull xấu,🔴,,,,🔴 Yếu,,False
2026-08-07,VIC,⚠️ YẾU DẦN,3,210100.0,-1.87,-1.41,44.06,🟠 HẠN CHẾ / GIẢM,OBV xấu + Thiếu mẫu xác nhận,2026-08-10T14:47:19+07:00,-8.33,215738.54,216385.0,-0.3,0.28,-2.61,310673500.0,313145782.0,5350500.0,4076735.0,,1.24,1.07,3.96,9.43,-6.5,-3.8,-2,0,0,0,0,0,-2,,,,,,🔴,THEO DÕI,PULL XẤU,OBV gãy | RSI yếu | RSI chững | Giá dưới EMA9 | Slope âm | Pull xấu,🔴,,,,🔴 Yếu,,True
2026-08-07,VPL,⚠️ YẾU DẦN,3,78300.0,-1.63,5.1,42.02,🟠 HẠN CHẾ / GIẢM,OBV xấu + Thiếu mẫu xác nhận + RSI yếu,2026-08-10T14:47:19+07:00,-9.22,79352.22,78660.0,0.88,1.21,-1.33,15161100.0,15556215.0,433400.0,669530.0,,0.89,0.84,6.53,6.53,-6.34,-2.25,3,0,0,0,1,1,1,,,,,,🔴,MUA EARLY,PULL XẤU,OBV gãy | RSI yếu | RSI chững | Giá dưới EMA9 | Pull xấu,🟡,,,,🟡 Ổn định,,True
2026-08-07,HUT,⛔ RẤT YẾU,4,13400.0,-9.46,-10.07,7.89,🔴 TRÁNH / BÁN,OBV xấu + RSI yếu + Xu hướng giảm,2026-08-10T14:47:19+07:00,-6.23,14151.47,14725.0,-3.89,-1.89,-5.31,28178100.0,33876330.0,1356200.0,2513285.0,,1.22,1.18,0.0,0.0,-11.84,-1.47,1,0,0,0,0,0,1,,,,,,🔴,THEO DÕI,PULL XẤU,OBV gãy | RSI yếu | RSI chững | Giá dưới EMA9 | Slope âm | Pull xấu,🔴,,,,🔴 Yếu,,False
2026-08-10,ACV,🌱 ĐANG HỒI,0,42300.0,5.75,10.16,59.84,🟢 MUA / GIỮ,OBV tốt + RSI cải thiện + Xu hướng lên,2026-08-11T13:11:44+07:00,24.25,40261.32,40015.0,0.62,2.76,5.06,-60951000.0,-62055107.0,916100.0,537635.0,,1.43,1.08,10.16,10.16,-2.76,1.93,10,2,1,2,1,2,2,,,,,,🟢,CP MẠNH,PULL XẤU,Pull xấu,🟡,,,,🟡 Ổn định,,False
2026-08-10,BAF,🌱 ĐANG HỒI,0,31150.0,1.96,7.97,68.76,🟢 MUA / GIỮ,OBV tốt + Vị trí giá tốt + Vol xác nhận,2026-08-11T13:11:44+07:00,-8.46,30714.2,29912.5,2.68,0.78,1.42,98080217.0,96820232.0,2102617.0,1675951.0,,1.57,1.29,7.97,9.3,-2.66,0.48,10,2,1,2,2,1,2,,,,,,🟢,GÀ TĂNG TỐC,PULL VỪA,RSI chững,🟡,🟢 GREEN 2,,,🟢 Tăng tốc,,True
2026-08-10,BFC,🌱 ĐANG HỒI,0,49200.0,2.07,6.52,48.2,🟢 MUA / GIỮ,OBV tốt + Vị trí giá tốt + RSI cải thiện,2026-08-11T13:11:44+07:00,5.17,48542.86,48886.5,-0.7,2.27,1.35,29116910.0,28935323.0,143690.0,189684.0,,0.78,1.12,7.49,7.49,-8.4,-1.18,4,1,0,1,0,1,1,,,,,,🟢,MUA EARLY,PULL XẤU,RSI yếu | Slope âm | Pull xấu,🟡,,,,🔴 Yếu,,True
2026-08-10,BID,🌱 ĐANG HỒI,0,39600.0,3.53,14.12,58.15,🟢 MUA / GIỮ,OBV tốt + RSI cải thiện + Xu hướng lên,2026-08-11T13:11:44+07:00,10.61,38173.06,37472.0,1.87,2.6,3.74,155506700.0,146110327.0,3020100.0,4323120.0,,1.04,1.07,14.12,14.12,-2.29,0.13,8,2,1,2,1,2,0,,,,,,🟢,MUA EARLY,PULL XẤU,Pull xấu,🟡,,,,🟡 Ổn định,,True
2026-08-10,BSR,🌱 ĐANG HỒI,0,26550.0,5.27,13.27,60.22,🟢 MUA / GIỮ,OBV tốt + RSI cải thiện + Xu hướng lên,2026-08-11T13:11:44+07:00,9.94,25261.5,24721.5,2.18,2.26,5.1,661591300.0,637698663.0,13079300.0,9558665.0,,0.98,0.93,16.75,16.75,-2.17,0.57,11,2,1,2,2,2,2,,,,,,🟢,GÀ TĂNG TỐC,PULL XẤU,Pull xấu,🟡,,,,🟢 Tăng tốc,,True
2026-08-10,BVH,🌱 ĐANG HỒI,0,66100.0,2.8,14.96,61.69,🟢 MUA / GIỮ,OBV tốt + Xu hướng lên + Vol xác nhận,2026-08-11T13:11:44+07:00,2.75,63331.26,60355.0,4.93,1.78,4.37,17549400.0,16771741.0,478000.0,436095.0,,1.48,1.2,16.78,16.78,-1.49,-1.2,7,2,1,1,2,1,0,,,,,,🟢,MUA EARLY,PULL XẤU,Pull xấu,🟡,,,,🟢 Tăng tốc,,True
2026-08-10,CSV,🌱 ĐANG HỒI,0,22300.0,2.76,11.5,50.52,🟢 MUA / GIỮ,OBV tốt + RSI cải thiện + Vị trí giá tốt,2026-08-11T13:11:44+07:00,4.38,21861.99,21982.5,-0.55,1.73,2.0,-2972105.0,-3420490.0,331795.0,469740.0,,0.91,0.89,11.5,11.5,-11.16,0.9,4,1,0,2,0,1,0,,,,,,🟢,MUA EARLY,PULL XẤU,RSI yếu | Slope âm | Pull xấu,🟡,,,,🔴 Yếu,,True
2026-08-10,CTD,🌱 ĐANG HỒI,0,62900.0,0.48,13.95,48.56,🟢 MUA / GIỮ,OBV tốt + Vị trí giá tốt + Xu hướng lên,2026-08-11T13:11:44+07:00,-0.38,61768.37,60795.0,1.6,2.6,1.83,10466600.0,10304057.0,248500.0,441005.0,,0.84,0.95,14.16,14.16,-7.91,1.45,6,2,0,2,1,1,0,,,,,,🟢,MUA EARLY,PULL XẤU,RSI yếu | RSI chững | Pull xấu,🟡,,✅ EARLY GREEN2,,🟡 Ổn định,,True
2026-08-10,CTG,🌱 ĐANG HỒI,0,32650.0,2.67,13.57,60.1,🟢 MUA / GIỮ,OBV tốt + RSI cải thiện + Xu hướng lên,2026-08-11T13:11:44+07:00,5.38,31581.01,30775.5,2.62,2.48,3.38,395222000.0,373339837.0,7077200.0,9333350.0,,0.99,0.97,13.57,13.57,-1.63,-0.46,9,2,1,2,2,1,1,,,,,,🟢,GÀ TĂNG TỐC,PULL XẤU,Pull xấu,🟡,,,,🟢 Tăng tốc,,True
2026-08-10,CTR,🌱 ĐANG HỒI,0,75600.0,1.75,11.18,59.68,🟢 MUA / GIỮ,OBV tốt + Xu hướng lên + Vị trí giá tốt,2026-08-11T13:11:44+07:00,-0.94,74157.85,71320.0,3.98,2.21,1.94,-7320500.0,-8134617.0,282200.0,310120.0,,1.5,1.16,13.86,13.86,-2.45,-2.07,7,2,1,1,2,1,0,,,,,,🟢,PULL VỪA,PULL VỪA,RSI chững,🟡,,,,🟢 Tăng tốc,,True
2026-08-10,DCM,🌱 ĐANG HỒI,0,31750.0,2.25,9.48,50.29,🟢 MUA / GIỮ,OBV tốt + Vị trí giá tốt + RSI cải thiện,2026-08-11T13:11:44+07:00,4.27,31139.97,30917.5,0.72,1.79,1.96,69198900.0,65069084.0,1719300.0,2046825.0,,1.1,0.96,9.86,9.86,-6.34,-1.4,6,2,0,2,1,1,0,,,,,,🟢,MUA EARLY,PULL XẤU,RSI yếu | Pull xấu,🟡,,,,🟡 Ổn định,,True
2026-08-10,DGC,🌱 ĐANG HỒI,0,44150.0,12.06,22.64,57.53,🟢 MUA / GIỮ,OBV tốt + RSI cải thiện + Xu hướng lên,2026-08-11T13:11:44+07:00,14.88,41711.54,41057.5,1.59,5.97,5.85,-122023800.0,-123027844.0,436400.0,843060.0,,0.72,0.82,22.64,22.64,-4.44,-1.89,8,2,1,1,1,2,1,,,,,,🟢,CP MẠNH,PULL XẤU,Pull xấu,🟡,,,,🟡 Ổn định,,True
2026-08-10,DGW,🌱 ĐANG HỒI,0,41400.0,11.74,24.89,65.18,🟢 MUA / GIỮ,Xu hướng lên + OBV tốt + RSI cải thiện,2026-08-11T13:11:44+07:00,6.63,38717.58,36885.0,4.97,3.61,6.93,58783800.0,56282976.0,1465300.0,971000.0,,1.39,1.25,24.89,24.89,2.35,3.76,12,2,2,2,2,2,2,,,,,,🟢,GÀ TĂNG TỐC,PULL XẤU,Pull xấu,🟡,,,,🟢 Tăng tốc,,True
2026-08-10,DPG,🌱 ĐANG HỒI,0,30500.0,5.17,17.08,48.01,🟢 MUA / GIỮ,OBV tốt + Xu hướng lên + Vị trí giá tốt,2026-08-11T13:11:44+07:00,0.36,29602.73,29075.0,1.82,3.33,3.03,22481000.0,22036096.0,294300.0,412370.0,,1.37,1.05,17.08,17.08,-10.56,1.33,7,2,0,2,1,2,0,,,,,,🟢,MUA EARLY,PULL XẤU,RSI yếu | Pull xấu,🟡,,✅ EARLY GREEN2,,🟡 Ổn định,,True
2026-08-10,DPM,🌱 ĐANG HỒI,0,22550.0,1.58,8.26,57.56,🟢 MUA / GIỮ,OBV tốt + RSI cải thiện + Vị trí giá tốt,2026-08-11T13:11:44+07:00,8.13,21921.54,21729.5,0.88,0.59,2.87,80260400.0,75753364.0,3829800.0,3087830.0,,1.03,0.92,9.2,9.2,-1.7,0.89,9,2,1,2,1,1,2,,,,,,🟢,CP MẠNH,PULL XẤU,Pull xấu,🟡,🟢 GREEN 2,✅ EARLY GREEN2,,🟡 Ổn định,,True
2026-08-10,DPR,🌱 ĐANG HỒI,0,36550.0,0.41,3.54,46.37,🟢 MUA / GIỮ,OBV tốt + Vị trí giá tốt + Vol xác nhận,2026-08-11T13:11:44+07:00,10.24,36097.2,36287.5,-0.52,1.14,1.25,25131800.0,24754899.0,235900.0,186870.0,,1.24,1.04,4.13,4.13,-4.94,-0.41,2,1,0,2,0,1,-2,,,,,,🟢,TÍCH LŨY,PULL XẤU,RSI yếu | Slope âm | Pull xấu,🔴,,,,🔴 Yếu,,True
2026-08-10,DRI,🌱 ĐANG HỒI,0,13200.0,2.33,3.12,51.61,🟢 MUA / GIỮ,OBV tốt + Vị trí giá tốt + RSI cải thiện,2026-08-11T13:11:44+07:00,4.61,13054.88,12940.0,0.89,0.91,1.11,38507300.0,37964171.0,263800.0,396785.0,,1.03,0.99,5.6,5.6,-1.49,0.0,5,2,0,1,1,1,0,,,,,,🟢,MUA EARLY,PULL XẤU,RSI yếu | Pull xấu,🟡,,,,🟡 Ổn định,,False
2026-08-10,EVF,🌱 ĐANG HỒI,0,12650.0,2.02,5.42,51.84,🟢 MUA / GIỮ,OBV tốt + Vị trí giá tốt + RSI cải thiện,2026-08-11T13:11:44+07:00,2.5,12417.92,12380.0,0.31,0.77,1.87,152366600.0,150944352.0,1367500.0,1664460.0,,0.65,0.69,7.2,7.2,-3.07,2.02,7,2,0,2,1,1,1,,,,,,🟢,MUA EARLY,PULL XẤU,RSI yếu | Pull xấu,🟡,,,,🟡 Ổn định,,True
2026-08-10,FCN,🌱 ĐANG HỒI,0,11000.0,0.92,5.77,47.72,🟢 MUA / GIỮ,OBV tốt + Vol xác nhận + Vị trí giá tốt,2026-08-11T13:11:44+07:00,1.62,10867.83,10865.0,0.03,1.33,1.22,37041800.0,36452370.0,406100.0,398035.0,,1.21,1.21,5.77,5.77,-3.51,0.46,7,2,0,2,1,1,1,,,,,,🟢,MUA EARLY,PULL XẤU,RSI yếu | Pull xấu,🟡,,✅ EARLY GREEN2,,🟡 Ổn định,,True
2026-08-10,FOX,🌱 ĐANG HỒI,0,65800.0,-1.05,7.87,45.22,🟢 MUA / GIỮ,OBV tốt + Vol xác nhận + Vị trí giá tốt,2026-08-11T13:11:44+07:00,2.4,65041.07,64645.0,0.61,1.63,1.17,5496400.0,5429539.0,70400.0,70695.0,,0.86,0.87,7.87,7.87,-6.93,0.0,6,2,0,2,1,1,0,,,,,,🟢,MUA EARLY,PULL XẤU,RSI yếu | Pull xấu,🟡,,,,🟡 Ổn định,,False
2026-08-10,FPT,🌱 ĐANG HỒI,0,72100.0,0.56,15.92,61.2,🟢 MUA / GIỮ,OBV tốt + RSI cải thiện + Xu hướng lên,2026-08-11T13:11:44+07:00,5.2,69766.41,67384.9,3.53,2.15,3.34,-406565900.0,-417849951.0,5252100.0,7783485.0,,0.98,0.87,15.92,15.92,-1.64,1.69,8,2,1,2,2,1,0,,,,,,🟢,MUA EARLY,PULL XẤU,Pull xấu,🟡,,,,🟢 Tăng tốc,,True
2026-08-10,FTS,🌱 ĐANG HỒI,0,23050.0,4.3,14.68,49.56,🟢 MUA / GIỮ,OBV tốt + Vol xác nhận + RSI cải thiện,2026-08-11T13:11:44+07:00,7.92,22148.6,22477.5,-1.46,3.66,4.07,17195493.0,16693020.0,1440093.0,1276150.0,,0.56,0.8,14.68,14.68,-13.99,5.25,6,1,0,2,0,2,1,,,,,,🟢,MUA EARLY,PULL XẤU,RSI yếu | Slope âm | Pull xấu,🟡,,,,🔴 Yếu,,True
2026-08-10,GAS,🌱 ĐANG HỒI,0,79100.0,11.1,18.24,63.77,🟢 MUA / GIỮ,OBV tốt + RSI cải thiện + Xu hướng lên,2026-08-11T13:11:44+07:00,18.81,72345.5,71170.0,1.65,4.08,9.34,42412100.0,38587195.0,2997200.0,1426005.0,,0.9,0.78,22.83,22.83,0.38,2.86,10,2,1,2,1,2,2,,,,,,🟢,CP MẠNH,PULL XẤU,Pull xấu,🟡,🟢 GREEN 2,,,🟡 Ổn định,,True
2026-08-10,GEX,🌱 ĐANG HỒI,0,26150.0,11.99,28.82,56.2,🟢 MUA / GIỮ,OBV tốt + Xu hướng lên + RSI cải thiện,2026-08-11T13:11:44+07:00,6.92,24220.62,23355.0,3.71,5.09,7.97,553325900.0,541285146.0,18136800.0,13571620.0,,0.99,1.04,28.82,28.82,-2.43,5.02,11,2,1,2,2,2,2,,,,,,🟢,GÀ TĂNG TỐC,PULL XẤU,Pull xấu,🟡,,,,🟢 Tăng tốc,,True
2026-08-10,GIL,🌱 ĐANG HỒI,0,8480.0,22.9,29.47,51.81,🟢 MUA / GIỮ,OBV tốt + RSI cải thiện + Xu hướng lên,2026-08-11T13:11:44+07:00,10.21,7633.83,7432.0,2.72,10.27,11.08,-5227529.0,-5269866.0,248471.0,400709.0,,0.85,0.68,29.47,29.47,-14.43,10.42,8,2,0,2,2,2,0,,,,,,🟢,MUA EARLY,PULL XẤU,RSI yếu | Pull xấu,🟡,,,,🟢 Tăng tốc,,True
2026-08-10,GVR,🌱 ĐANG HỒI,0,31600.0,12.06,21.54,62.82,🟢 MUA / GIỮ,OBV tốt + RSI cải thiện + Xu hướng lên,2026-08-11T13:11:44+07:00,20.89,28889.94,28222.5,2.36,4.2,9.38,249449000.0,243815304.0,6118100.0,1717830.0,,1.03,1.03,21.54,21.54,2.27,-0.63,7,2,1,2,2,2,-2,,,,,,🟢,MUA BREAK,PULL XẤU,Pull xấu,🟡,,,,🟢 Tăng tốc,,True
2026-08-10,HAH,🌱 ĐANG HỒI,0,46400.0,0.76,5.45,47.65,🟢 MUA / GIỮ,OBV tốt + Vị trí giá tốt + RSI cải thiện,2026-08-11T13:11:44+07:00,9.69,45858.34,45647.5,0.46,1.84,1.18,19814900.0,19189013.0,759100.0,499475.0,,1.09,0.97,5.69,5.69,-7.11,0.43,8,2,0,2,1,1,2,,,,,,🟢,MUA EARLY,PULL XẤU,RSI yếu | Pull xấu,🟡,,,,🟡 Ổn định,,True
2026-08-10,HCM,🌱 ĐANG HỒI,0,27000.0,7.36,8.0,66.91,🟢 MUA / GIỮ,OBV tốt + RSI cải thiện + Vol xác nhận,2026-08-11T13:11:44+07:00,10.0,25652.66,25257.5,1.56,0.35,5.25,567145705.0,560311534.0,7116905.0,5687255.0,,0.75,0.75,15.98,17.49,2.66,6.3,11,2,2,2,1,2,2,,,,,,🟢,MUA BREAK,PULL XẤU,Pull xấu,🟡,🟢 GREEN 2,,,🟡 Ổn định,,True
2026-08-10,HDB,🌱 ĐANG HỒI,0,26950.0,3.65,6.52,58.2,🟢 MUA / GIỮ,OBV tốt + RSI cải thiện + Vol xác nhận,2026-08-11T13:11:44+07:00,4.06,26386.38,26252.5,0.51,1.37,2.14,935562000.0,926305925.0,10622700.0,10805830.0,,0.83,0.88,7.37,8.23,-1.64,1.13,9,2,1,2,1,2,1,,,,,,🟢,CP MẠNH,PULL XẤU,Pull xấu,🟡,🟢 GREEN 2,,,🟡 Ổn định,,True
2026-08-10,HDG,🌱 ĐANG HỒI,0,16950.0,3.35,9.35,42.93,🟢 MUA / GIỮ,OBV tốt + Vol xác nhận + Vị trí giá tốt,2026-08-11T13:11:44+07:00,3.81,16634.86,16842.45,-1.23,2.34,1.89,20674400.0,19435572.0,1462800.0,1480050.0,,0.73,0.92,9.35,9.35,-12.4,2.11,6,1,0,2,0,2,1,,,,,,🟢,MUA EARLY,PULL XẤU,RSI yếu | Slope âm | Pull xấu,🟡,,,,🔴 Yếu,,True
2026-08-10,HHV,🌱 ĐANG HỒI,0,10250.0,0.99,4.59,49.89,🟢 MUA / GIỮ,OBV tốt + Vị trí giá tốt + RSI cải thiện,2026-08-11T13:11:44+07:00,6.21,10099.72,10099.0,0.01,1.04,1.49,171238000.0,168322842.0,3768200.0,2517705.0,,0.98,0.9,4.59,4.59,-4.21,1.49,8,2,0,2,1,1,2,,,,,,🟢,MUA EARLY,PULL XẤU,RSI yếu | Pull xấu,🟡,,,,🟡 Ổn định,,True
2026-08-10,HVN,🌱 ĐANG HỒI,0,23700.0,3.04,10.23,54.02,🟢 MUA / GIỮ,OBV tốt + Vị trí giá tốt + Xu hướng lên,2026-08-11T13:11:44+07:00,-9.03,23378.27,22905.0,2.07,2.85,1.38,4952000.0,4538883.0,489100.0,1171970.0,,1.31,0.94,11.79,13.13,-9.2,-0.84,8,2,0,1,2,2,1,,,,,,🟢,MUA EARLY,PULL XẤU,RSI yếu | RSI chững | Pull xấu,🟡,,,,🟢 Tăng tốc,,True
2026-08-10,IDC,🌱 ĐANG HỒI,0,34300.0,3.0,8.89,54.87,🟢 MUA / GIỮ,OBV tốt + RSI cải thiện + Vị trí giá tốt,2026-08-11T13:11:44+07:00,10.14,33244.32,32851.0,1.2,1.3,3.18,69171100.0,67177389.0,644600.0,1134870.0,,1.07,0.9,8.89,8.89,-2.0,1.78,7,2,0,2,1,2,0,,,,,,🟢,MUA EARLY,PULL XẤU,RSI yếu | Pull xấu,🟡,,✅ EARLY GREEN2,,🟡 Ổn định,,False
2026-08-10,KBC,🌱 ĐANG HỒI,0,28400.0,0.53,2.53,50.8,🟢 MUA / GIỮ,OBV tốt + Vị trí giá tốt + RSI cải thiện,2026-08-11T13:11:44+07:00,2.92,28085.3,27910.0,0.63,0.32,1.12,233149000.0,231606951.0,1065500.0,1329940.0,,0.98,0.94,5.97,5.97,-1.9,1.61,7,2,0,2,1,1,1,,,,,,🟢,MUA EARLY,PULL XẤU,RSI yếu | Pull xấu,🟡,,✅ EARLY GREEN2,,🟡 Ổn định,,True
2026-08-10,KDH,🌱 ĐANG HỒI,0,18300.0,1.67,11.59,44.3,🟢 MUA / GIỮ,OBV tốt + Vị trí giá tốt + Vol xác nhận,2026-08-11T13:11:44+07:00,3.9,17931.55,17970.0,-0.21,2.46,2.05,-10897500.0,-19148659.0,4382300.0,5357340.0,,0.93,0.94,11.59,11.59,-9.41,1.67,5,1,0,2,0,1,1,,,,,,🟢,MUA EARLY,PULL XẤU,RSI yếu | Slope âm | Pull xấu,🟡,,,,🔴 Yếu,,True
2026-08-10,LAS,🌱 ĐANG HỒI,0,12400.0,5.98,6.9,46.23,🟢 MUA / GIỮ,OBV tốt + Vị trí giá tốt + RS mạnh,2026-08-11T13:11:44+07:00,1.48,12129.89,12225.0,-0.78,3.08,2.23,-18868800.0,-19418490.0,278600.0,194715.0,,1.16,0.94,7.83,7.83,-10.14,1.64,7,1,0,2,0,2,2,,,,,,🟢,MUA EARLY,PULL XẤU,RSI yếu | Slope âm | Pull xấu,🟡,,✅ EARLY GREEN2,,🔴 Yếu,,False
2026-08-10,MBB,🌱 ĐANG HỒI,0,20500.0,2.55,13.7,61.6,🟢 MUA / GIỮ,OBV tốt + Xu hướng lên + Vị trí giá tốt,2026-08-11T13:11:44+07:00,1.47,19822.66,19344.0,2.47,2.18,3.42,909723616.0,882436658.0,28450200.0,14944025.0,,1.02,0.95,13.7,13.7,-0.15,1.89,10,2,1,2,2,1,2,,,,,,🟢,GÀ TĂNG TỐC,PULL XẤU,Pull xấu,🟡,🟢 GREEN 2,,,🟢 Tăng tốc,,True
2026-08-10,MSB,🌱 ĐANG HỒI,0,16300.0,1.24,3.16,61.36,🟢 MUA / GIỮ,OBV tốt + Vị trí giá tốt + RSI cải thiện,2026-08-11T13:11:44+07:00,3.85,16129.22,16084.85,0.28,0.32,1.06,764630000.0,755810740.0,5423700.0,6989105.0,,0.83,0.79,3.49,14.79,-0.91,0.62,7,2,1,2,1,1,0,,,,,,🟢,PULL VỪA,PULL VỪA,,🟢,,,,🟡 Ổn định,,True
2026-08-10,MSN,🌱 ĐANG HỒI,0,67800.0,-0.59,6.1,50.34,🟢 MUA / GIỮ,OBV tốt + Vị trí giá tốt + RSI cải thiện,2026-08-11T13:11:44+07:00,3.22,67124.57,66465.0,0.99,0.59,1.01,107559000.0,103153564.0,3056100.0,4119600.0,,0.81,0.93,6.1,6.1,-2.31,0.59,6,2,0,2,1,1,0,,,,,,🟢,MUA EARLY,PULL XẤU,RSI yếu | Pull xấu,🟡,,✅ EARLY GREEN2,,🟡 Ổn định,,True
2026-08-10,MSR,🌱 ĐANG HỒI,0,39900.0,6.97,14.33,63.8,🟢 MUA / GIỮ,OBV tốt + Xu hướng lên + Vol xác nhận,2026-08-11T13:11:44+07:00,0.85,38132.13,36250.0,5.19,1.61,4.64,16253000.0,13797340.0,1206300.0,1031015.0,,1.48,1.27,21.28,21.28,-0.99,2.05,10,2,1,2,2,2,1,,,,,,🟢,GÀ TĂNG TỐC,PULL XẤU,Pull xấu,🟡,🟢 GREEN 2,,,🟢 Tăng tốc,,False
2026-08-10,MWG,🌱 ĐANG HỒI,0,73000.0,0.69,17.12,52.05,🟢 MUA / GIỮ,OBV tốt + Vị trí giá tốt + Vol xác nhận,2026-08-11T13:11:44+07:00,2.46,71206.44,71104.5,0.14,1.75,2.52,242417000.0,239059727.0,4628400.0,5276265.0,,0.81,1.02,17.12,17.12,-4.09,2.82,7,2,0,2,1,1,1,,,,,,🟢,MUA EARLY,PULL XẤU,RSI yếu | Pull xấu,🟡,,,,🟡 Ổn định,,True
2026-08-10,NHA,🌱 ĐANG HỒI,0,8430.0,1.57,10.92,45.0,🟢 MUA / GIỮ,OBV tốt + Vol xác nhận + Vị trí giá tốt,2026-08-11T13:11:44+07:00,6.65,8262.83,8337.9,-0.9,1.99,2.02,6998600.0,6925445.0,122600.0,98935.0,,1.01,0.97,10.92,10.92,-9.84,4.07,6,1,0,2,0,1,2,,,,,,🟢,MUA EARLY,PULL XẤU,RSI yếu | Slope âm | Pull xấu,🟡,,,,🔴 Yếu,,True
2026-08-10,NT2,🌱 ĐANG HỒI,0,21600.0,0.23,2.37,50.78,🟢 MUA / GIỮ,OBV tốt + Vị trí giá tốt + RSI cải thiện,2026-08-11T13:11:44+07:00,5.42,21308.78,21255.0,0.25,0.62,1.37,14380200.0,14029112.0,516200.0,586785.0,,0.87,1.02,5.37,5.37,-1.82,0.93,7,2,0,2,1,1,1,,,,,,🟢,MUA EARLY,PULL XẤU,RSI yếu | Pull xấu,🟡,,✅ EARLY GREEN2,,🟡 Ổn định,,True
2026-08-10,NTP,🌱 ĐANG HỒI,0,49000.0,0.82,1.24,51.52,🟢 MUA / GIỮ,OBV tốt + Vị trí giá tốt + RSI cải thiện,2026-08-11T13:11:44+07:00,3.18,48655.53,48475.0,0.37,0.21,0.71,10126500.0,10012597.0,123500.0,85615.0,,1.68,1.44,2.94,2.94,-2.0,0.62,7,2,0,2,1,0,2,,,,,,🟢,MUA EARLY,PULL XẤU,RSI yếu | Pull xấu,🟡,,✅ EARLY GREEN2,,🟡 Ổn định,,False
2026-08-10,NVL,🌱 ĐANG HỒI,0,13850.0,5.32,9.06,64.46,🟢 MUA / GIỮ,OBV tốt + Vol xác nhận + Xu hướng lên,2026-08-11T13:11:44+07:00,-3.24,13492.15,12952.5,4.17,0.67,2.65,647471704.0,634320111.0,17857600.0,17729230.0,,1.25,1.13,16.88,16.88,-2.46,0.73,9,2,1,1,2,2,1,,,,,,🟢,GÀ TĂNG TỐC,PULL XẤU,RSI chững | Pull xấu,🟡,,,,🟢 Tăng tốc,,True
2026-08-10,OCB,🌱 ĐANG HỒI,0,10850.0,5.34,8.5,58.55,🟢 MUA / GIỮ,OBV tốt + RSI cải thiện + Vị trí giá tốt,2026-08-11T13:11:44+07:00,12.08,10427.24,10397.5,0.29,2.1,4.05,106549921.0,100678531.0,4305621.0,2222071.0,,0.89,0.86,8.5,13.38,-2.69,3.83,10,2,1,2,1,2,2,,,,,,🟢,CP MẠNH,PULL XẤU,Pull xấu,🟡,🟢 GREEN 2,,,🟡 Ổn định,,True
2026-08-10,OIL,🌱 ĐANG HỒI,0,13800.0,5.34,6.98,55.48,🟢 MUA / GIỮ,OBV tốt + Vol xác nhận + RSI cải thiện,2026-08-11T13:11:44+07:00,12.55,13316.67,13460.0,-1.06,1.79,3.63,93582300.0,90450880.0,1535300.0,1527815.0,,0.83,0.68,6.98,8.66,-8.0,1.47,7,1,1,2,0,2,1,,,,,,🟢,MUA EARLY,PULL XẤU,Slope âm | Pull xấu,🟡,,✅ EARLY GREEN2,🌱 EARLY DRY GREEN2,🔴 Yếu,,False
2026-08-10,ORS,🌱 ĐANG HỒI,0,14500.0,2.84,13.28,59.44,🟢 MUA / GIỮ,OBV tốt + RSI cải thiện + Vol xác nhận,2026-08-11T13:11:44+07:00,4.5,14051.55,13737.5,2.29,1.02,3.19,215879095.0,210776269.0,5194795.0,4440705.0,,0.65,0.93,13.28,14.62,-0.68,3.2,9,2,1,2,2,1,1,,,,,,🟢,GÀ TĂNG TỐC,PULL XẤU,Pull xấu,🟡,,,,🟢 Tăng tốc,,True
2026-08-10,PET,🌱 ĐANG HỒI,0,39350.0,3.55,10.85,61.83,🟢 MUA / GIỮ,OBV tốt + Vị trí giá tốt + Xu hướng lên,2026-08-11T13:11:44+07:00,-5.77,38587.09,37335.0,3.35,0.53,1.98,69808600.0,69502860.0,223800.0,383615.0,,1.4,1.04,13.07,22.7,-3.67,0.38,9,2,1,2,2,2,0,,,,,,🟢,PULL VỪA,PULL VỪA,RSI chững,🟡,,,,🟢 Tăng tốc,,True
2026-08-10,PLC,🌱 ĐANG HỒI,0,20500.0,4.59,15.82,58.88,🟢 MUA / GIỮ,OBV tốt + RSI cải thiện + Xu hướng lên,2026-08-11T13:11:44+07:00,9.25,19604.98,19135.0,2.46,2.95,4.57,18600200.0,18363729.0,160800.0,122900.0,,0.96,1.04,15.82,15.82,-2.38,1.49,11,2,1,2,2,2,2,,,,,,🟢,GÀ TĂNG TỐC,PULL XẤU,Pull xấu,🟡,,,,🟢 Tăng tốc,,False
2026-08-10,PLX,🌱 ĐANG HỒI,0,37000.0,10.45,16.83,64.38,🟢 MUA / GIỮ,OBV tốt + Xu hướng lên + RSI cải thiện,2026-08-11T13:11:44+07:00,11.79,34397.61,33391.0,3.01,3.56,7.57,64742000.0,56337667.0,4962500.0,2304535.0,,1.37,1.09,17.39,17.39,2.61,1.37,11,2,1,2,2,2,2,,,,,,🟢,GÀ TĂNG TỐC,PULL XẤU,Pull xấu,🟡,,,,🟢 Tăng tốc,,True
2026-08-10,PVC,🌱 ĐANG HỒI,0,12300.0,3.36,6.03,49.2,🟢 MUA / GIỮ,OBV tốt + Vol xác nhận + RSI cải thiện,2026-08-11T13:11:44+07:00,10.55,11969.63,12190.0,-1.81,1.74,2.76,60730300.0,60213317.0,448900.0,480820.0,,0.97,0.85,6.96,6.96,-11.51,0.82,6,1,0,2,0,2,1,,,,,,🟢,MUA EARLY,PULL XẤU,RSI yếu | Slope âm | Pull xấu,🟡,,✅ EARLY GREEN2,🌱 EARLY DRY GREEN2,🔴 Yếu,,False
2026-08-10,PVT,🌱 ĐANG HỒI,0,19750.0,6.18,21.17,61.5,🟢 MUA / GIỮ,OBV tốt + RSI cải thiện + Xu hướng lên,2026-08-11T13:11:44+07:00,11.34,18384.94,17820.0,3.17,2.56,7.42,8580700.0,1359611.0,6473000.0,3316395.0,,0.92,0.89,21.17,21.17,1.02,6.76,11,2,1,2,2,2,2,,,,,,🟢,GÀ TĂNG TỐC,PULL XẤU,Pull xấu,🟡,🟢 GREEN 2,,,🟢 Tăng tốc,,True
2026-08-10,SBT,🌱 ĐANG HỒI,0,21300.0,0.0,2.9,56.5,🟢 MUA / GIỮ,OBV tốt + Vol xác nhận + RSI cải thiện,2026-08-11T13:11:44+07:00,16.47,21053.64,20952.5,0.48,0.39,1.17,104642100.0,103735143.0,651700.0,615190.0,,0.88,0.91,3.15,5.97,-0.47,1.43,8,2,1,2,1,1,1,,,,,,🟢,PULL VỪA,PULL VỪA,,🟢,🟢 GREEN 2,✅ EARLY GREEN2,,🟡 Ổn định,,True
2026-08-10,SHS,🌱 ĐANG HỒI,0,16000.0,2.56,11.89,47.13,🟢 MUA / GIỮ,OBV tốt + Vị trí giá tốt + Vol xác nhận,2026-08-11T13:11:44+07:00,0.95,15708.45,15710.0,-0.01,2.91,1.86,723518196.0,712774814.0,9342600.0,12156315.0,,0.65,0.73,11.89,11.89,-13.51,2.56,4,1,0,2,0,1,0,,,,,,🟢,MUA EARLY,PULL XẤU,RSI yếu | Slope âm | Pull xấu,🟡,,,,🔴 Yếu,,False
2026-08-10,SIP,🌱 ĐANG HỒI,0,51100.0,2.92,9.66,63.99,🟢 MUA / GIỮ,OBV tốt + Vị trí giá tốt + Xu hướng lên,2026-08-11T13:11:44+07:00,-3.05,49905.73,48502.5,2.89,1.31,2.39,577800.0,448110.0,56800.0,92500.0,,1.43,1.13,9.66,9.66,-1.16,0.2,8,2,1,2,2,1,0,,,,,,🟢,MUA EARLY,PULL XẤU,RSI chững | Pull xấu,🟡,,,,🟢 Tăng tốc,,True
2026-08-10,SSI,🌱 ĐANG HỒI,0,25200.0,2.65,14.55,54.38,🟢 MUA / GIỮ,OBV tốt + RSI cải thiện + Vol xác nhận,2026-08-11T13:11:44+07:00,6.22,24339.72,23882.5,1.91,2.59,3.53,996352988.0,975774982.0,20351300.0,22084520.0,,0.73,0.86,14.55,14.55,-4.91,2.23,7,2,0,2,1,1,1,,,,,,🟢,MUA EARLY,PULL XẤU,RSI yếu | Pull xấu,🟡,,✅ EARLY GREEN2,,🟡 Ổn định,,True
2026-08-10,STB,🌱 ĐANG HỒI,0,74700.0,4.48,3.03,59.39,🟢 MUA / GIỮ,OBV tốt + RSI cải thiện + Vị trí giá tốt,2026-08-11T13:11:44+07:00,4.13,73206.19,72370.0,1.16,0.23,2.04,413199700.0,407532494.0,2084300.0,4269970.0,,0.84,0.7,7.02,13.01,-1.84,-0.4,8,2,1,2,1,1,1,,,,,,🟢,CP MẠNH,PULL XẤU,Pull xấu,🟡,,,,🟡 Ổn định,,True
2026-08-10,TNG,🌱 ĐANG HỒI,0,17200.0,-0.46,6.51,52.7,🟢 MUA / GIỮ,OBV tốt + Vị trí giá tốt + Xu hướng lên,2026-08-11T13:11:44+07:00,0.34,16965.87,16627.95,2.03,1.04,1.38,34677200.0,34548382.0,222200.0,505365.0,,0.65,0.67,9.69,9.69,-4.12,1.18,7,2,0,2,2,1,0,,,,,,🟢,MUA EARLY,PULL XẤU,RSI yếu | Pull xấu,🟡,,,,🟢 Tăng tốc,,False
2026-08-10,TPB,🌱 ĐANG HỒI,0,14750.0,2.43,6.12,47.66,🟢 MUA / GIỮ,OBV tốt + Vị trí giá tốt + Vol xác nhận,2026-08-11T13:11:44+07:00,1.06,14542.13,14545.0,-0.02,1.91,1.43,458693388.0,435759663.0,12963800.0,9810105.0,,1.02,0.89,6.12,6.12,-7.52,1.03,6,1,0,2,0,1,2,,,,,,🟢,MUA EARLY,PULL XẤU,RSI yếu | Slope âm | Pull xấu,🟡,,✅ EARLY GREEN2,,🔴 Yếu,,True
2026-08-10,VCB,🌱 ĐANG HỒI,0,60300.0,-0.82,11.67,59.16,🟢 MUA / GIỮ,OBV tốt + RSI cải thiện + Vị trí giá tốt,2026-08-11T13:11:44+07:00,3.96,58883.61,57328.0,2.71,1.46,2.41,137781800.0,129948445.0,2714200.0,5073295.0,,0.98,1.08,11.67,11.67,-1.15,0.0,8,2,1,2,2,1,0,,,,,,🟢,MUA EARLY,PULL XẤU,Pull xấu,🟡,,,,🟢 Tăng tốc,,True
2026-08-10,VCI,🌱 ĐANG HỒI,0,22650.0,4.14,22.76,54.85,🟢 MUA / GIỮ,OBV tốt + RSI cải thiện + Xu hướng lên,2026-08-11T13:11:44+07:00,8.32,21660.51,21112.5,2.6,3.73,4.57,170224000.0,154645910.0,7662200.0,9905905.0,,0.89,1.03,22.76,22.76,-7.17,2.95,8,2,0,2,2,2,0,,,,,,🟢,MUA EARLY,PULL XẤU,RSI yếu | Pull xấu,🟡,,,,🟢 Tăng tốc,,True
2026-08-10,VCK,🌱 ĐANG HỒI,0,30950.0,-1.28,9.17,48.61,🟢 MUA / GIỮ,OBV tốt + Vol xác nhận + Vị trí giá tốt,2026-08-11T13:11:44+07:00,1.9,30651.52,30505.0,0.48,0.91,0.97,73217100.0,72291547.0,2386700.0,2535035.0,,0.75,1.0,9.17,9.17,-4.91,1.81,7,2,0,2,1,1,1,,,,,,🟢,MUA EARLY,PULL XẤU,RSI yếu | Pull xấu,🟡,,,,🟡 Ổn định,,True
2026-08-10,VGC,🌱 ĐANG HỒI,0,41150.0,7.44,17.91,64.83,🟢 MUA / GIỮ,OBV tốt + RSI cải thiện + Xu hướng lên,2026-08-11T13:11:44+07:00,15.31,38463.68,37675.0,2.09,2.49,6.98,30583300.0,29390603.0,1183000.0,444535.0,,0.99,1.0,17.91,17.91,2.88,6.06,11,2,1,2,2,2,2,,,,,,🟢,GÀ TĂNG TỐC,PULL XẤU,Pull xấu,🟡,🟢 GREEN 2,,,🟢 Tăng tốc,,True
2026-08-10,VGI,🌱 ĐANG HỒI,0,88700.0,6.87,18.42,63.41,🟢 MUA / GIỮ,OBV tốt + Xu hướng lên + RSI cải thiện,2026-08-11T13:11:44+07:00,5.12,83730.59,80605.0,3.88,3.25,5.94,-12266200.0,-13344492.0,441000.0,287985.0,,1.47,1.16,18.9,18.9,-1.11,2.42,11,2,1,2,2,2,2,,,,,,🟢,GÀ TĂNG TỐC,PULL XẤU,Pull xấu,🟡,,,,🟢 Tăng tốc,,False
2026-08-10,VGT,🌱 ĐANG HỒI,0,11500.0,4.55,8.49,63.36,🟢 MUA / GIỮ,OBV tốt + RSI cải thiện + Vol xác nhận,2026-08-11T13:11:44+07:00,12.32,11126.48,10975.0,1.38,2.05,3.36,15894300.0,15250743.0,209000.0,242695.0,,1.23,0.97,8.49,8.49,-0.86,0.88,9,2,1,2,1,2,1,,,,,,🟢,CP MẠNH,PULL XẤU,Pull xấu,🟡,,,,🟡 Ổn định,,False
2026-08-10,VIX,🌱 ĐANG HỒI,0,14350.0,7.09,22.13,52.56,🟢 MUA / GIỮ,OBV tốt + Xu hướng lên + RSI cải thiện,2026-08-11T13:11:44+07:00,3.91,13613.24,13222.5,2.96,3.99,5.41,1527971732.0,1494326421.0,40834300.0,46889345.0,,0.9,0.98,22.13,22.13,-7.12,5.13,9,2,0,2,2,2,1,,,,,,🟢,MUA EARLY,PULL XẤU,RSI yếu | Pull xấu,🟡,,,,🟢 Tăng tốc,,True
2026-08-10,VND,🌱 ĐANG HỒI,0,17150.0,1.78,11.73,51.07,🟢 MUA / GIỮ,OBV tốt + Vị trí giá tốt + RSI cải thiện,2026-08-11T13:11:44+07:00,2.63,16840.71,16905.0,-0.38,1.13,1.84,576331112.0,573426884.0,9064700.0,12424555.0,,0.67,0.83,11.73,11.73,-4.19,2.08,4,1,0,2,0,1,0,,,,,,🟢,MUA EARLY,PULL XẤU,RSI yếu | Slope âm | Pull xấu,🟡,,✅ EARLY GREEN2,🌱 EARLY DRY GREEN2,🔴 Yếu,,True
2026-08-10,VNM,🌱 ĐANG HỒI,0,62600.0,3.81,8.12,66.84,🟢 MUA / GIỮ,OBV tốt + RSI cải thiện + Vị trí giá tốt,2026-08-11T13:11:44+07:00,15.13,60407.95,59085.0,2.24,0.32,3.63,2922400.0,-6249591.0,3480200.0,5527960.0,,1.24,1.1,11.79,14.23,-0.79,1.62,10,2,2,2,2,2,0,,,,,,🟢,MUA EARLY,PULL XẤU,Pull xấu,🟡,,,,🟢 Tăng tốc,,True
2026-08-10,VOS,🌱 ĐANG HỒI,0,11250.0,4.17,9.22,50.89,🟢 MUA / GIỮ,OBV tốt + RSI cải thiện + Vị trí giá tốt,2026-08-11T13:11:44+07:00,5.3,11014.97,10912.5,0.94,2.21,2.13,26159800.0,25567940.0,524200.0,425970.0,,1.02,1.06,9.22,9.22,-5.86,-0.44,5,2,0,2,1,2,-2,,,,,,🟢,MUA EARLY,PULL XẤU,RSI yếu | Pull xấu,🟡,,,,🟡 Ổn định,,True
2026-08-10,VRE,🌱 ĐANG HỒI,0,25300.0,0.4,18.5,50.85,🟢 MUA / GIỮ,OBV tốt + Xu hướng lên + Vị trí giá tốt,2026-08-11T13:11:44+07:00,-7.32,24937.01,24002.5,3.89,1.75,1.46,442052400.0,435218851.0,4835600.0,6251300.0,,1.18,1.15,18.78,18.78,-5.6,0.0,7,2,0,2,2,1,0,,,,,,🟢,MUA EARLY,PULL XẤU,RSI yếu | RSI chững | Pull xấu,🟡,,,,🟢 Tăng tốc,,True
2026-08-10,VSC,🌱 ĐANG HỒI,0,15000.0,5.63,18.11,48.29,🟢 MUA / GIỮ,OBV tốt + Xu hướng lên + RSI cải thiện,2026-08-11T13:11:44+07:00,4.34,14486.17,14197.5,2.03,3.9,3.55,285948300.0,265981802.0,12692800.0,9450015.0,,1.18,1.24,18.11,18.11,-9.09,1.35,10,2,0,2,2,2,2,,,,,,🟢,MUA EARLY,PULL XẤU,RSI yếu | Pull xấu,🟡,,,,🟢 Tăng tốc,,True
2026-08-10,VTO,🌱 ĐANG HỒI,0,10600.0,0.95,4.43,60.09,🟢 MUA / GIỮ,OBV tốt + RSI cải thiện + Vị trí giá tốt,2026-08-11T13:11:44+07:00,9.77,10441.9,10302.5,1.35,0.64,1.51,2055700.0,1963001.0,56400.0,74345.0,,0.65,0.77,5.47,5.47,-0.47,1.44,7,2,1,2,1,1,0,,,,,,🟢,PULL VỪA,PULL VỪA,,🟢,,,,🟡 Ổn định,,True
2026-08-10,VTP,🌱 ĐANG HỒI,0,52500.0,7.03,15.38,57.91,🟢 MUA / GIỮ,OBV tốt + RSI cải thiện + Xu hướng lên,2026-08-11T13:11:44+07:00,2.4,50051.18,49060.0,2.02,3.41,4.89,8584500.0,6674148.0,868600.0,510985.0,,1.46,1.34,17.19,17.19,-2.51,0.0,9,2,1,2,2,2,0,,,,,,🟢,MUA EARLY,PULL XẤU,Pull xấu,🟡,,,,🟢 Tăng tốc,,True
2026-08-10,ACB,🟡 TRUNG TÍNH,1,22650.0,0.44,1.57,52.9,👀 THEO DÕI,OBV tốt + Vị trí giá tốt + RSI cải thiện,2026-08-11T13:11:44+07:00,3.36,22434.44,22617.5,-0.81,0.14,0.96,-10594300.0,-19306331.0,12233400.0,17110755.0,,0.57,0.71,3.42,16.09,-5.03,1.12,3,1,0,2,0,0,0,,,,,,🟢,MUA EARLY,PULL XẤU,RSI yếu | Slope âm | Pull xấu,🟡,,✅ EARLY GREEN2,🌱 EARLY DRY GREEN2,🔴 Yếu,,True
2026-08-10,AGR,🟡 TRUNG TÍNH,1,13500.0,2.27,10.2,47.88,👀 THEO DÕI,OBV tốt + RSI cải thiện + Vị trí giá tốt,2026-08-11T13:11:44+07:00,4.82,13222.1,13410.0,-1.4,2.31,2.1,23636893.0,23594218.0,262293.0,408935.0,,0.49,0.74,10.2,10.2,-12.05,3.45,4,1,0,2,0,1,0,,,,,,🟢,MUA EARLY,PULL XẤU,RSI yếu | Slope âm | Pull xấu,🟡,,✅ EARLY GREEN2,🌱 EARLY DRY GREEN2,🔴 Yếu,,True
2026-08-10,ANV,🟡 TRUNG TÍNH,1,17650.0,1.73,9.29,43.78,👀 THEO DÕI,OBV tốt + Vị trí giá tốt + Vol xác nhận,2026-08-11T13:11:44+07:00,3.01,17400.3,17429.95,-0.17,2.05,1.44,44166900.0,43128823.0,454500.0,556685.0,,0.9,0.91,9.29,9.29,-9.95,2.62,5,1,0,2,0,1,1,,,,,,🟢,MUA EARLY,PULL XẤU,RSI yếu | Slope âm | Pull xấu,🟡,,,,🔴 Yếu,,True
2026-08-10,BSI,🟡 TRUNG TÍNH,1,29650.0,5.14,12.95,48.46,👀 THEO DÕI,OBV tốt + RSI cải thiện + Vol xác nhận,2026-08-11T13:11:44+07:00,10.05,28503.44,29042.4,-1.86,3.5,4.02,22835425.0,22059138.0,652225.0,477066.0,,0.63,0.8,12.95,12.95,-12.79,3.67,7,1,0,2,0,2,2,,,,,,🟢,MUA EARLY,PULL XẤU,RSI yếu | Slope âm | Pull xấu,🟡,,✅ EARLY GREEN2,,🔴 Yếu,,True
2026-08-10,BVS,🟡 TRUNG TÍNH,1,27700.0,4.92,13.99,49.2,👀 THEO DÕI,OBV tốt + RSI cải thiện,2026-08-11T13:11:44+07:00,4.38,26918.23,27995.0,-3.85,4.61,2.9,5268000.0,4806030.0,732600.0,1207040.0,,0.56,0.72,13.99,13.99,-22.84,5.73,5,1,0,2,0,2,0,,,,,,🟢,MUA EARLY,PULL XẤU,RSI yếu | Slope âm | Pull xấu,🟡,,,,🔴 Yếu,,False
2026-08-10,CEO,🟡 TRUNG TÍNH,1,12200.0,1.67,12.96,44.87,👀 THEO DÕI,OBV tốt + Vol xác nhận + RSI cải thiện,2026-08-11T13:11:44+07:00,4.94,11887.73,12100.0,-1.75,2.86,2.63,298012200.0,294300097.0,6783800.0,5970685.0,,0.95,1.02,12.96,12.96,-15.28,3.39,5,1,0,2,0,1,1,,,,,,🟢,MUA EARLY,PULL XẤU,RSI yếu | Slope âm | Pull xấu,🟡,,,,🔴 Yếu,,False
2026-08-10,CII,🟡 TRUNG TÍNH,1,14250.0,2.15,12.65,45.81,👀 THEO DÕI,OBV tốt + Vol xác nhận + Vị trí giá tốt,2026-08-11T13:11:44+07:00,2.68,13876.58,14120.0,-1.72,2.86,2.69,602784104.0,591754748.0,8863500.0,8617425.0,,1.02,0.96,12.65,12.65,-14.67,1.79,5,1,0,2,0,1,1,,,,,,🟢,MUA EARLY,PULL XẤU,RSI yếu | Slope âm | Pull xấu,🟡,,,,🔴 Yếu,,True
2026-08-10,CMG,🟡 TRUNG TÍNH,1,25100.0,-1.95,6.36,47.07,👀 THEO DÕI,OBV tốt + Vị trí giá tốt + Vol xác nhận,2026-08-11T13:11:44+07:00,-0.74,24895.47,24882.5,0.05,1.17,0.82,-7574200.0,-7661412.0,146500.0,187490.0,,0.75,1.02,6.36,6.36,-7.04,0.6,6,2,0,2,1,1,0,,,,,,🟢,MUA EARLY,PULL XẤU,RSI yếu | RSI chững | Pull xấu,🟡,,✅ EARLY GREEN2,🌱 EARLY DRY GREEN2,🟡 Ổn định,,True
2026-08-10,DBC,🟡 TRUNG TÍNH,1,16800.0,1.51,7.01,47.07,👀 THEO DÕI,OBV tốt + Vị trí giá tốt + RSI cải thiện,2026-08-11T13:11:44+07:00,1.72,16588.38,16547.45,0.25,1.23,1.28,10138800.0,6627542.0,1349500.0,2069965.0,,0.85,0.85,7.01,7.01,-5.88,0.9,6,2,0,2,1,1,0,,,,,,🟢,MUA EARLY,PULL XẤU,RSI yếu | Pull xấu,🟡,,✅ EARLY GREEN2,,🟡 Ổn định,,True
2026-08-10,DDV,🟡 TRUNG TÍNH,1,19000.0,2.7,4.97,38.51,👀 THEO DÕI,OBV tốt + Vol xác nhận + Vị trí giá tốt,2026-08-11T13:11:44+07:00,-0.25,18860.72,19340.0,-2.48,2.44,0.74,57171700.0,56790398.0,330500.0,291485.0,,1.0,0.9,6.15,6.15,-15.56,1.06,5,1,0,2,0,1,1,,,,,,🟢,MUA EARLY,PULL XẤU,RSI yếu | RSI chững | Slope âm | Pull xấu,🟡,,,,🔴 Yếu,,False
2026-08-10,DIG,🟡 TRUNG TÍNH,1,11100.0,4.72,14.55,48.9,👀 THEO DÕI,OBV tốt + RSI cải thiện + Vị trí giá tốt,2026-08-11T13:11:44+07:00,7.19,10704.38,10890.0,-1.7,3.44,3.7,192024400.0,182238026.0,5939400.0,9919810.0,,0.84,1.05,14.55,14.55,-13.28,3.26,5,1,0,2,0,2,0,,,,,,🟢,MUA EARLY,PULL XẤU,RSI yếu | Slope âm | Pull xấu,🟡,,,,🔴 Yếu,,True
2026-08-10,DXG,🟡 TRUNG TÍNH,1,11100.0,2.3,11.33,47.8,👀 THEO DÕI,OBV tốt + RSI cải thiện + Vị trí giá tốt,2026-08-11T13:11:44+07:00,6.6,10823.42,10986.0,-1.48,2.41,2.56,563251304.0,557654968.0,8887400.0,11054980.0,,0.84,0.95,11.33,11.33,-10.84,2.78,5,1,0,2,0,1,1,,,,,,🟢,MUA EARLY,PULL XẤU,RSI yếu | Slope âm | Pull xấu,🟡,,,,🔴 Yếu,,True
2026-08-10,DXS,🟡 TRUNG TÍNH,1,5960.0,-1.16,6.24,40.55,👀 THEO DÕI,OBV tốt + Vol xác nhận + Vị trí giá tốt,2026-08-11T13:11:44+07:00,4.47,5914.61,6090.5,-2.89,2.56,0.77,46600300.0,44738124.0,2152900.0,1840120.0,,1.14,1.05,6.24,6.24,-17.11,1.19,5,1,0,2,0,1,1,,,,,,🟢,MUA EARLY,PULL XẤU,RSI yếu | Slope âm | Pull xấu,🟡,,,,🔴 Yếu,,True
2026-08-10,FRT,🟡 TRUNG TÍNH,1,146500.0,10.07,35.9,78.71,👀 THEO DÕI,Xu hướng lên + OBV tốt + RS mạnh,2026-08-11T13:11:44+07:00,3.66,130495.11,118455.0,10.16,2.94,12.26,2210004.0,716824.0,1058604.0,528105.0,,1.64,1.37,39.52,39.52,5.4,9.33,12,2,2,2,2,2,2,,,,,,🟢,GÀ TĂNG TỐC,PULL XẤU,Pull xấu,🟡,,,,🟢 Tăng tốc,,True
2026-08-10,GEG,🟡 TRUNG TÍNH,1,12300.0,0.82,3.36,44.05,👀 THEO DÕI,OBV tốt + Vị trí giá tốt + RSI cải thiện,2026-08-11T13:11:44+07:00,4.74,12183.9,12275.0,-0.74,1.24,0.95,23557500.0,23299282.0,331700.0,234885.0,,1.02,0.89,5.13,5.13,-7.52,0.82,6,1,0,2,0,1,2,,,,,,🟢,MUA EARLY,PULL XẤU,RSI yếu | Slope âm | Pull xấu,🟡,,,,🔴 Yếu,,True
2026-08-10,GMD,🟡 TRUNG TÍNH,1,78200.0,1.43,8.16,59.81,👀 THEO DÕI,OBV tốt + RSI cải thiện + Vị trí giá tốt,2026-08-11T13:11:44+07:00,6.88,76618.81,75745.0,1.15,0.83,2.06,107358800.0,103201538.0,3401300.0,1485485.0,,0.62,0.74,8.61,8.61,-1.39,-0.13,5,2,1,2,1,1,-2,,,,,,🟢,MUA EARLY,PULL XẤU,Pull xấu,🟡,,,,🟡 Ổn định,,True
2026-08-10,HAG,🟡 TRUNG TÍNH,1,14350.0,2.5,4.74,50.14,👀 THEO DÕI,OBV tốt + Vị trí giá tốt + RSI cải thiện,2026-08-11T13:11:44+07:00,9.65,14139.3,14185.0,-0.32,0.77,1.49,391616868.0,389571240.0,4645668.0,2408398.0,,0.82,0.9,4.74,4.74,-2.05,2.5,6,1,0,2,0,1,2,,,,,,🟢,MUA EARLY,PULL XẤU,RSI yếu | Slope âm | Pull xấu,🟡,,,,🔴 Yếu,,True
2026-08-10,HDC,🟡 TRUNG TÍNH,1,12100.0,2.11,11.01,41.32,👀 THEO DÕI,OBV tốt + Vol xác nhận + Vị trí giá tốt,2026-08-11T13:11:44+07:00,5.62,11844.26,12150.0,-2.52,3.31,2.16,157940800.0,156854386.0,1231900.0,1390055.0,,0.76,0.95,11.01,11.01,-17.12,2.54,5,1,0,2,0,1,1,,,,,,🟢,MUA EARLY,PULL XẤU,RSI yếu | Slope âm | Pull xấu,🟡,,,,🔴 Yếu,,True
2026-08-10,HPG,🟡 TRUNG TÍNH,1,22100.0,-2.0,8.6,50.41,👀 THEO DÕI,OBV tốt + Vị trí giá tốt + RSI cải thiện,2026-08-11T13:11:44+07:00,1.54,21894.21,21590.0,1.41,1.08,0.94,369121224.0,357326831.0,16732700.0,26961130.0,,0.88,0.94,8.6,8.6,-3.7,-0.67,7,2,0,2,1,1,1,,,,,,🟢,MUA EARLY,PULL XẤU,RSI yếu | Pull xấu,🟡,,,,🟡 Ổn định,,True
2026-08-10,IJC,🟡 TRUNG TÍNH,1,7940.0,7.15,18.68,55.51,👀 THEO DÕI,OBV tốt + RSI cải thiện + Xu hướng lên,2026-08-11T13:11:44+07:00,18.45,7436.02,7396.0,0.54,3.68,6.78,-30476100.0,-35685949.0,5723100.0,2221890.0,,0.82,1.01,18.68,18.68,-7.03,7.73,10,2,1,2,1,2,2,,,,,,🟢,CP MẠNH,PULL XẤU,Pull xấu,🟡,🟢 GREEN 2,,,🟡 Ổn định,,True
2026-08-10,MBS,🟡 TRUNG TÍNH,1,19000.0,2.7,9.2,49.31,👀 THEO DÕI,OBV tốt + RSI cải thiện + Vị trí giá tốt,2026-08-11T13:11:44+07:00,6.74,18541.77,18805.0,-1.4,2.83,2.47,-32199500.0,-38238639.0,5023900.0,7088505.0,,0.63,0.73,9.2,9.2,-12.84,2.7,4,1,0,2,0,1,0,,,,,,🟢,MUA EARLY,PULL XẤU,RSI yếu | Slope âm | Pull xấu,🟡,,✅ EARLY GREEN2,🌱 EARLY DRY GREEN2,🔴 Yếu,,False
2026-08-10,MML,🟡 TRUNG TÍNH,1,28200.0,-1.74,6.42,48.92,👀 THEO DÕI,OBV tốt + Vị trí giá tốt + RSI cải thiện,2026-08-11T13:11:44+07:00,1.87,28060.56,27880.0,0.65,-0.13,0.5,-1509400.0,-1538276.0,3000.0,23310.0,,1.03,1.31,6.42,6.42,-3.42,-1.05,7,2,0,2,1,1,1,,,,,,🟢,MUA EARLY,PULL XẤU,RSI yếu | Pull xấu,🟡,,,,🟡 Ổn định,,False
2026-08-10,NKG,🟡 TRUNG TÍNH,1,11200.0,-0.44,7.69,49.28,👀 THEO DÕI,OBV tốt + Vị trí giá tốt + RSI cải thiện,2026-08-11T13:11:44+07:00,3.08,11045.83,10972.5,0.67,1.52,1.4,279945700.0,276120669.0,3120000.0,1873175.0,,0.9,0.95,7.69,7.69,-5.88,1.36,8,2,0,2,1,1,2,,,,,,🟢,MUA EARLY,PULL XẤU,RSI yếu | Pull xấu,🟡,,✅ EARLY GREEN2,,🟡 Ổn định,,True
2026-08-10,NLG,🟡 TRUNG TÍNH,1,22900.0,5.53,14.5,48.82,👀 THEO DÕI,OBV tốt + RSI cải thiện + Vị trí giá tốt,2026-08-11T13:11:44+07:00,10.92,22103.09,22495.0,-1.74,3.05,3.61,49243300.0,47549434.0,1463200.0,2355330.0,,1.38,1.26,14.5,14.5,-10.72,2.0,5,1,0,2,0,2,0,,,,,,🟢,MUA EARLY,PULL XẤU,RSI yếu | Slope âm | Pull xấu,🟡,,✅ EARLY GREEN2,,🔴 Yếu,,True
2026-08-10,PC1,🟡 TRUNG TÍNH,1,20700.0,-3.72,-4.39,44.34,👀 THEO DÕI,OBV tốt + Vol xác nhận + Vị trí giá tốt,2026-08-11T13:11:44+07:00,-2.22,20993.45,21210.0,-1.02,-1.03,-1.4,127023800.0,125471521.0,1608700.0,2086415.0,,0.86,1.01,0.98,11.29,-7.17,0.49,2,0,0,2,0,0,0,,,,,,🟢,TÍCH LŨY,PULL XẤU,RSI yếu | RSI chững | Giá dưới EMA9 | Slope âm | Pull xấu,🔴,,,,🔴 Yếu,,True
2026-08-10,PDR,🟡 TRUNG TÍNH,1,12150.0,2.97,8.97,41.21,👀 THEO DÕI,OBV tốt + Vị trí giá tốt + Vol xác nhận,2026-08-11T13:11:44+07:00,4.81,11963.19,12255.0,-2.38,2.51,1.56,246024000.0,239883860.0,6244600.0,7750105.0,,0.9,0.97,8.97,8.97,-13.52,2.1,5,1,0,2,0,1,1,,,,,,🟢,MUA EARLY,PULL XẤU,RSI yếu | Slope âm | Pull xấu,🟡,,,,🔴 Yếu,,True
2026-08-10,PHR,🟡 TRUNG TÍNH,1,59300.0,-0.34,4.04,49.2,👀 THEO DÕI,OBV tốt + Vị trí giá tốt + RSI cải thiện,2026-08-11T13:11:44+07:00,4.44,58410.31,58480.0,-0.12,1.55,1.52,17154200.0,16787062.0,172200.0,342505.0,,1.08,1.06,7.82,7.82,-6.17,0.0,4,1,0,2,0,1,0,,,,,,🟢,MUA EARLY,PULL XẤU,RSI yếu | Slope âm | Pull xấu,🟡,,,,🔴 Yếu,,True
2026-08-10,POW,🟡 TRUNG TÍNH,1,13750.0,-1.43,4.17,49.56,👀 THEO DÕI,OBV tốt + Vị trí giá tốt + Vol xác nhận,2026-08-11T13:11:44+07:00,-0.08,13656.49,13637.5,0.14,0.16,0.68,325853204.0,324887774.0,6669700.0,7415035.0,,0.93,0.93,4.17,4.17,-2.83,0.36,7,2,0,2,1,1,1,,,,,,🟢,MUA EARLY,PULL XẤU,RSI yếu | RSI chững | Pull xấu,🟡,,✅ EARLY GREEN2,,🟡 Ổn định,,True
2026-08-10,PVB,🟡 TRUNG TÍNH,1,21300.0,1.43,2.4,41.63,👀 THEO DÕI,OBV tốt + Vị trí giá tốt + RSI cải thiện,2026-08-11T13:11:44+07:00,11.62,21034.05,21490.0,-2.12,1.83,1.26,1481600.0,1300912.0,126200.0,71665.0,,1.15,0.88,3.9,3.9,-11.98,-0.47,2,1,0,2,0,1,-2,,,,,,🟢,TÍCH LŨY,PULL XẤU,RSI yếu | Slope âm | Pull xấu,🔴,,,,🔴 Yếu,,False
2026-08-10,PVD,🟡 TRUNG TÍNH,1,18350.0,1.38,0.27,47.85,👀 THEO DÕI,OBV tốt + RSI cải thiện + Vị trí giá tốt,2026-08-11T13:11:44+07:00,5.24,18201.14,18607.5,-2.18,0.46,0.82,274395300.0,272726504.0,2529500.0,3744930.0,,0.83,0.74,4.86,4.86,-11.35,-0.81,5,1,0,2,0,1,1,,,,,,🟢,MUA EARLY,PULL XẤU,RSI yếu | Slope âm | Pull xấu,🟡,,,,🔴 Yếu,,True
2026-08-10,PVS,🟡 TRUNG TÍNH,1,35000.0,1.45,5.11,47.55,👀 THEO DÕI,OBV tốt + Vị trí giá tốt + RSI cải thiện,2026-08-11T13:11:44+07:00,5.34,34469.59,35095.0,-1.78,1.14,1.54,126163600.0,124675189.0,1805500.0,2986930.0,,0.67,0.67,5.74,5.74,-10.71,1.45,4,1,0,2,0,1,0,,,,,,🟢,MUA EARLY,PULL XẤU,RSI yếu | Slope âm | Pull xấu,🟡,,✅ EARLY GREEN2,🌱 EARLY DRY GREEN2,🔴 Yếu,,False
2026-08-10,REE,🟡 TRUNG TÍNH,1,47550.0,-1.76,7.09,53.97,👀 THEO DÕI,OBV tốt + Vị trí giá tốt + RSI cải thiện,2026-08-11T13:11:44+07:00,0.42,46989.85,45990.0,2.17,0.63,1.19,-10254000.0,-10763205.0,262300.0,530690.0,,0.86,1.03,8.44,8.44,-2.36,0.21,7,2,0,2,2,1,0,,,,,,🟢,MUA EARLY,PULL XẤU,RSI yếu | Pull xấu,🟡,,,,🟢 Tăng tốc,,True
2026-08-10,SAB,🟡 TRUNG TÍNH,1,46050.0,2.79,5.62,63.15,👀 THEO DÕI,OBV tốt + RSI cải thiện + Vị trí giá tốt,2026-08-11T13:11:44+07:00,10.19,44548.33,43963.0,1.33,0.64,3.37,-6963000.0,-9593260.0,2429700.0,701935.0,,1.19,1.11,7.09,7.09,1.66,2.11,9,2,1,2,1,1,2,,,,,,🟢,MUA BREAK,PULL XẤU,Pull xấu,🟡,🟢 GREEN 2,,,🟡 Ổn định,,True
2026-08-10,SHB,🟡 TRUNG TÍNH,1,12000.0,0.84,4.8,45.46,👀 THEO DÕI,OBV tốt + Vị trí giá tốt + RSI cải thiện,2026-08-11T13:11:44+07:00,5.5,11807.45,11907.5,-0.84,1.81,1.63,1758602660.0,1748637420.0,78433800.0,54564710.0,,0.92,0.98,7.14,7.14,-9.09,2.13,6,1,0,2,0,1,2,,,,,,🟢,MUA EARLY,PULL XẤU,RSI yếu | Slope âm | Pull xấu,🟡,,,,🔴 Yếu,,True
2026-08-10,SZC,🟡 TRUNG TÍNH,1,20150.0,8.33,17.49,55.07,👀 THEO DÕI,OBV tốt + RSI cải thiện + Xu hướng lên,2026-08-11T13:11:44+07:00,17.81,18858.06,18830.0,0.15,3.98,6.85,-20939400.0,-22067507.0,1278300.0,407575.0,,1.17,1.17,17.49,17.49,-3.59,-1.23,6,2,1,2,1,2,-2,,,,,,🟢,MUA EARLY,PULL XẤU,Pull xấu,🟡,,,,🟡 Ổn định,,True
2026-08-10,TCB,🟡 TRUNG TÍNH,1,31250.0,4.34,10.62,56.38,👀 THEO DÕI,OBV tốt + RSI cải thiện + Vị trí giá tốt,2026-08-11T13:11:44+07:00,13.53,29832.22,29822.5,0.03,2.46,4.75,404450596.0,369201895.0,34812900.0,13808775.0,,1.05,0.99,10.62,10.62,-3.4,5.22,10,2,1,2,1,2,2,,,,,,🟢,CP MẠNH,PULL XẤU,Pull xấu,🟡,🟢 GREEN 2,✅ EARLY GREEN2,,🟡 Ổn định,,True
2026-08-10,TVN,🟡 TRUNG TÍNH,1,9300.0,1.09,12.05,46.5,👀 THEO DÕI,OBV tốt + RSI cải thiện + Vị trí giá tốt,2026-08-11T13:11:44+07:00,4.2,9069.85,9190.0,-1.31,3.83,2.54,37761300.0,36926474.0,329500.0,480890.0,,1.02,0.83,12.05,12.05,-16.96,1.09,4,1,0,2,0,1,0,,,,,,🟢,MUA EARLY,PULL XẤU,RSI yếu | Slope âm | Pull xấu,🟡,,✅ EARLY GREEN2,,🔴 Yếu,,False
2026-08-10,VCG,🟡 TRUNG TÍNH,1,16100.0,2.22,5.23,46.33,👀 THEO DÕI,OBV tốt + Vị trí giá tốt + RSI cải thiện,2026-08-11T13:11:44+07:00,6.29,15793.26,15962.5,-1.06,2.27,1.94,234178100.0,233854911.0,1496100.0,3190320.0,,0.78,0.81,6.62,6.62,-11.78,2.22,4,1,0,2,0,1,0,,,,,,🟢,MUA EARLY,PULL XẤU,RSI yếu | Slope âm | Pull xấu,🟡,,,,🔴 Yếu,,True
2026-08-10,VGS,🟡 TRUNG TÍNH,1,18100.0,0.0,6.47,39.45,👀 THEO DÕI,OBV tốt + Vol xác nhận + Vị trí giá tốt,2026-08-11T13:11:44+07:00,3.58,17973.19,18245.0,-1.49,2.17,0.71,4778500.0,4747024.0,97500.0,115600.0,,0.86,0.92,6.47,6.47,-13.4,1.69,5,1,0,2,0,1,1,,,,,,🟢,MUA EARLY,PULL XẤU,RSI yếu | Slope âm | Pull xấu,🟡,,,,🔴 Yếu,,False
2026-08-10,VHM,🟡 TRUNG TÍNH,1,72100.0,-2.57,10.08,50.24,👀 THEO DÕI,OBV tốt + Xu hướng lên + Vol xác nhận,2026-08-11T13:11:44+07:00,-11.81,73246.52,70487.5,3.91,0.41,-1.57,361282600.0,357016839.0,8267400.0,5913490.0,,1.66,1.26,13.63,13.63,-11.75,-0.96,2,0,0,1,2,1,-2,,,,,,🟢,TÍCH LŨY,PULL XẤU,RSI yếu | RSI chững | Giá dưới EMA9 | Pull xấu,🔴,,,,🟢 Tăng tốc,,True
2026-08-10,VIB,🟡 TRUNG TÍNH,1,14950.0,0.67,5.65,47.79,👀 THEO DÕI,OBV tốt + Vị trí giá tốt + RSI cải thiện,2026-08-11T13:11:44+07:00,4.84,14736.61,14812.5,-0.51,1.19,1.45,216156304.0,213299240.0,4419000.0,6777345.0,,0.9,0.86,5.65,5.65,-6.56,1.36,4,1,0,2,0,1,0,,,,,,🟢,MUA EARLY,PULL XẤU,RSI yếu | Slope âm | Pull xấu,🟡,,✅ EARLY GREEN2,,🔴 Yếu,,True
2026-08-10,VPB,🟡 TRUNG TÍNH,1,25800.0,1.18,5.09,52.18,👀 THEO DÕI,Vol xác nhận + Vị trí giá tốt + RSI cải thiện,2026-08-11T13:11:44+07:00,4.6,25306.29,25267.5,0.15,1.09,1.95,1307691092.0,1318208300.0,17881200.0,15534055.0,,0.98,0.87,5.95,5.95,-2.82,2.79,5,2,0,0,1,1,1,,,,,,🔴,MUA EARLY,PULL XẤU,OBV gãy | RSI yếu | Pull xấu,🟡,,✅ EARLY GREEN2,,🟡 Ổn định,,True
2026-08-10,C4G,🔴 YẾU,2,5600.0,-1.75,-1.75,32.95,⏳ CHỜ,Xu hướng giảm + Vol chưa xác nhận + Thiếu mẫu xác nhận,2026-08-11T13:11:44+07:00,0.64,5653.85,5850.0,-3.35,0.9,-0.95,15256300.0,15124853.0,451500.0,245995.0,,1.17,1.07,1.82,1.82,-17.65,1.82,3,0,0,1,0,0,2,,,,,,🟢,MUA EARLY,PULL XẤU,RSI yếu | Giá dưới EMA9 | Slope âm | Pull xấu,🟡,,,,🔴 Yếu,,False
2026-08-10,EIB,🔴 YẾU,2,18200.0,-0.27,5.81,44.37,⏳ CHỜ,OBV xấu + Thiếu mẫu xác nhận,2026-08-11T13:11:44+07:00,0.93,18052.61,18037.5,0.08,1.66,0.82,171458700.0,174507088.0,3537600.0,6388645.0,,0.75,0.78,10.3,10.3,-7.61,1.11,4,2,0,0,1,1,0,,,,,,🔴,MUA EARLY,PULL XẤU,OBV gãy | RSI yếu | Pull xấu,🟡,,,,🟡 Ổn định,,True
2026-08-10,GEE,🔴 YẾU,2,71900.0,6.05,13.23,45.59,⏳ CHỜ,OBV xấu + Thiếu mẫu xác nhận,2026-08-11T13:11:44+07:00,6.4,69013.06,70845.0,-2.59,2.67,4.18,89398600.0,89435948.0,1066000.0,1155435.0,,0.92,0.92,13.23,13.23,-14.61,6.52,4,1,0,0,0,2,1,,,,,,🔴,MUA EARLY,PULL XẤU,OBV gãy | RSI yếu | Slope âm | Pull xấu,🟡,,,,🔴 Yếu,,True
2026-08-10,HHS,🔴 YẾU,2,10150.0,0.0,6.95,48.42,⏳ CHỜ,OBV xấu + Thiếu mẫu xác nhận,2026-08-11T13:11:44+07:00,4.11,9946.95,10026.5,-0.79,1.32,2.04,158140500.0,158354637.0,1063200.0,1078455.0,,1.11,0.92,7.98,7.98,-9.78,2.63,3,1,0,0,0,1,1,,,,,,🔴,MUA EARLY,PULL XẤU,OBV gãy | RSI yếu | Slope âm | Pull xấu,🟡,,,,🔴 Yếu,,True
2026-08-10,HSG,🔴 YẾU,2,11000.0,0.46,9.45,49.92,⏳ CHỜ,OBV xấu + Thiếu mẫu xác nhận,2026-08-11T13:11:44+07:00,5.14,10816.77,10830.0,-0.12,1.14,1.69,50773600.0,50872255.0,1905900.0,2572555.0,,0.62,0.75,9.45,9.45,-6.38,1.38,2,1,0,0,0,1,0,,,,,,🔴,TÍCH LŨY,PULL XẤU,OBV gãy | RSI yếu | Slope âm | Pull xấu,🔴,,,,🔴 Yếu,,True
2026-08-10,KSB,🔴 YẾU,2,13500.0,0.75,3.05,46.17,⏳ CHỜ,OBV xấu + Thiếu mẫu xác nhận,2026-08-11T13:11:44+07:00,2.35,13396.13,13417.5,-0.16,0.85,0.78,29441000.0,29498034.0,536000.0,678100.0,,1.04,1.07,4.25,4.25,-5.92,0.37,2,1,0,0,0,1,0,,,,,,🔴,TÍCH LŨY,PULL XẤU,OBV gãy | RSI yếu | Slope âm | Pull xấu,🔴,,,,🔴 Yếu,,True
2026-08-10,MSH,🔴 YẾU,2,31550.0,1.12,3.1,50.68,⏳ CHỜ,OBV xấu + Thiếu mẫu xác nhận,2026-08-11T13:11:44+07:00,10.32,30997.21,30990.0,0.02,0.81,1.78,12295600.0,12372585.0,58000.0,105150.0,,0.59,0.95,4.13,4.13,-1.41,1.77,4,2,0,0,1,1,0,,,,,,🔴,MUA EARLY,PULL XẤU,OBV gãy | RSI yếu | Pull xấu,🟡,,,,🟡 Ổn định,,True
2026-08-10,PTB,🔴 YẾU,2,33900.0,-0.88,6.44,45.43,⏳ CHỜ,OBV xấu + Vol chưa xác nhận + Thiếu mẫu xác nhận,2026-08-11T13:11:44+07:00,4.56,33761.71,33759.95,0.01,1.62,0.41,-573400.0,-564583.0,23600.0,66130.0,,0.59,0.66,6.44,6.44,-8.13,1.5,4,2,0,0,1,1,0,,,,,,🔴,MUA EARLY,PULL XẤU,OBV gãy | RSI yếu | Pull xấu,🟡,,,,🟡 Ổn định,,True
2026-08-10,TCH,🔴 YẾU,2,12300.0,1.23,11.82,45.42,⏳ CHỜ,OBV xấu + Thiếu mẫu xác nhận,2026-08-11T13:11:44+07:00,2.84,12034.78,12262.5,-1.86,2.33,2.2,144923100.0,147349347.0,4154300.0,5304165.0,,1.06,0.99,11.82,11.82,-16.33,2.93,2,1,0,0,0,1,0,,,,,,🔴,TÍCH LŨY,PULL XẤU,OBV gãy | RSI yếu | Slope âm | Pull xấu,🔴,,,,🔴 Yếu,,True
2026-08-10,TVS,🔴 YẾU,2,14000.0,1.08,6.46,50.28,⏳ CHỜ,OBV xấu + Thiếu mẫu xác nhận,2026-08-11T13:11:44+07:00,5.03,13738.52,14032.5,-2.1,1.47,1.9,4964400.0,4977767.0,134000.0,178965.0,,0.47,0.5,6.46,9.38,-8.79,4.09,2,1,0,0,0,1,0,,,,,,🔴,TÍCH LŨY,PULL XẤU,OBV gãy | RSI yếu | Slope âm | Pull xấu,🔴,,,,🔴 Yếu,,True
2026-08-10,VDS,🔴 YẾU,2,12400.0,2.06,10.71,45.77,⏳ CHỜ,OBV xấu + Thiếu mẫu xác nhận,2026-08-11T13:11:44+07:00,6.46,12081.28,12382.5,-2.43,3.55,2.64,47192600.0,47810905.0,978200.0,1206815.0,,0.64,0.73,10.71,10.71,-19.48,3.77,3,1,0,0,0,1,1,,,,,,🔴,MUA EARLY,PULL XẤU,OBV gãy | RSI yếu | Slope âm | Pull xấu,🟡,,,,🔴 Yếu,,True
2026-08-10,VJC,🔴 YẾU,2,127300.0,0.55,1.03,44.14,⏳ CHỜ,OBV xấu + Thiếu mẫu xác nhận,2026-08-11T13:11:44+07:00,4.47,126420.86,127634.95,-0.95,1.21,0.7,21658900.0,22933714.0,1513100.0,1172835.0,,1.23,1.13,3.16,3.16,-7.42,1.27,3,1,0,0,0,0,2,,,,,,🔴,MUA EARLY,PULL XẤU,OBV gãy | RSI yếu | Slope âm | Pull xấu,🟡,,,,🔴 Yếu,,True
2026-08-10,BMP,⚠️ YẾU DẦN,3,149800.0,-1.19,0.88,51.28,🟠 HẠN CHẾ / GIẢM,OBV xấu + Thiếu mẫu xác nhận + Vol chưa xác nhận,2026-08-11T13:11:44+07:00,1.74,149514.46,150510.0,-0.66,-0.59,0.19,2093900.0,2139435.0,58200.0,148285.0,,0.69,0.68,1.49,13.57,-3.97,0.0,1,1,0,0,0,0,0,,,,,,🔴,THEO DÕI,PULL XẤU,OBV gãy | RSI yếu | Slope âm | Pull xấu,🔴,,,,🔴 Yếu,,True
2026-08-10,LPB,⚠️ YẾU DẦN,3,52900.0,-0.19,-2.04,51.64,🟠 HẠN CHẾ / GIẢM,OBV xấu + Thiếu mẫu xác nhận,2026-08-11T13:11:44+07:00,-0.42,52849.05,52910.0,-0.12,-0.37,0.1,167591300.0,168943850.0,1775300.0,3301910.0,,0.79,0.96,2.72,16.26,-5.54,0.0,1,1,0,0,0,0,0,,,,,,🔴,THEO DÕI,PULL XẤU,OBV gãy | RSI yếu | RSI chững | Slope âm | Pull xấu,🔴,,,,🔴 Yếu,,True
2026-08-10,MCH,⚠️ YẾU DẦN,3,135500.0,-0.14,0.01,51.47,🟠 HẠN CHẾ / GIẢM,OBV xấu + Thiếu mẫu xác nhận,2026-08-11T13:11:44+07:00,1.21,135702.12,135821.5,-0.09,-0.66,-0.15,10890600.0,10894204.0,216700.0,400315.0,,0.65,1.48,2.01,8.7,-4.24,0.37,0,0,0,0,0,0,0,,,,,,🔴,THEO DÕI,PULL XẤU,OBV gãy | RSI yếu | Giá dưới EMA9 | Slope âm | Pull xấu,🔴,,,,🔴 Yếu,,True
2026-08-10,NAB,⚠️ YẾU DẦN,3,11950.0,-2.05,-2.45,39.23,🟠 HẠN CHẾ / GIẢM,OBV xấu + Xu hướng giảm + Thiếu mẫu xác nhận,2026-08-11T13:11:44+07:00,2.21,12045.32,12352.5,-2.49,0.3,-0.79,57823700.0,59324075.0,1604400.0,2005245.0,,0.78,0.86,1.27,2.14,-10.49,0.84,1,0,0,0,0,0,1,,,,,,🔴,THEO DÕI,PULL XẤU,OBV gãy | RSI yếu | Giá dưới EMA9 | Slope âm | Pull xấu,🔴,,,,🔴 Yếu,,True
2026-08-10,NTL,⚠️ YẾU DẦN,3,13600.0,-2.86,-2.86,23.19,🟠 HẠN CHẾ / GIẢM,OBV xấu + RSI yếu + Xu hướng giảm,2026-08-11T13:11:44+07:00,-1.59,13793.87,14202.5,-2.88,0.26,-1.41,70543900.0,70850413.0,285900.0,294570.0,,1.01,1.13,0.0,0.0,-9.93,2.26,1,0,0,0,0,0,1,,,,,,🔴,THEO DÕI,PULL XẤU,OBV gãy | RSI yếu | RSI chững | Giá dưới EMA9 | Slope âm | Pull xấu,🔴,,,,🔴 Yếu,,True
2026-08-10,PNJ,⚠️ YẾU DẦN,3,35550.0,7.24,8.05,37.16,🟠 HẠN CHẾ / GIẢM,OBV xấu + Vol chưa xác nhận + RSI yếu,2026-08-11T13:11:44+07:00,-3.84,35480.48,36460.0,-2.69,5.28,0.2,-72453300.0,-62917551.0,2725500.0,10297760.0,,0.74,0.98,15.61,15.61,-24.2,0.42,3,1,0,0,0,2,0,,,,,,🔴,MUA EARLY,PULL XẤU,OBV gãy | RSI yếu | RSI chững | Slope âm | Pull xấu,🟡,,,,🔴 Yếu,,True
2026-08-10,SSB,⚠️ YẾU DẦN,3,15400.0,-0.96,-0.96,47.25,🟠 HẠN CHẾ / GIẢM,OBV xấu + Thiếu mẫu xác nhận + Xu hướng giảm,2026-08-11T13:11:44+07:00,4.31,15375.82,15567.5,-1.23,-0.18,0.16,28839100.0,31100048.0,2228300.0,2172485.0,,0.98,0.96,2.33,12.82,-5.23,2.33,2,1,0,0,0,0,1,,,,,,🔴,TÍCH LŨY,PULL XẤU,OBV gãy | RSI yếu | Slope âm | Pull xấu,🔴,,,,🔴 Yếu,,True
2026-08-10,TCM,⚠️ YẾU DẦN,3,16550.0,-0.3,-2.07,29.69,🟠 HẠN CHẾ / GIẢM,OBV xấu + RSI yếu + Xu hướng giảm,2026-08-11T13:11:44+07:00,-2.23,16760.98,17392.5,-3.63,1.96,-1.26,-10522700.0,-9167867.0,770300.0,1220335.0,,0.57,0.91,1.53,1.53,-17.46,-0.9,1,0,0,0,0,0,1,,,,,,🔴,THEO DÕI,PULL XẤU,OBV gãy | RSI yếu | RSI chững | Giá dưới EMA9 | Slope âm | Pull xấu,🔴,,,,🔴 Yếu,,True
2026-08-10,TCX,⚠️ YẾU DẦN,3,40650.0,-0.61,8.4,48.63,🟠 HẠN CHẾ / GIẢM,OBV xấu + Thiếu mẫu xác nhận,2026-08-11T13:11:44+07:00,6.56,40060.26,40587.5,-1.3,0.57,1.47,18514300.0,19632648.0,1756400.0,1624415.0,,0.99,0.96,8.4,8.4,-6.55,2.65,3,1,0,0,0,1,1,,,,,,🔴,MUA EARLY,PULL XẤU,OBV gãy | RSI yếu | Slope âm | Pull xấu,🟡,,,,🔴 Yếu,,True
2026-08-10,VHC,⚠️ YẾU DẦN,3,52400.0,-1.13,-1.5,37.75,🟠 HẠN CHẾ / GIẢM,OBV xấu + Xu hướng giảm + Thiếu mẫu xác nhận,2026-08-11T13:11:44+07:00,-1.27,52914.73,54125.0,-2.24,0.04,-0.97,321400.0,449929.0,441800.0,258320.0,,1.42,1.0,1.95,1.95,-9.19,1.95,2,0,0,0,0,0,2,,,,,,🔴,TÍCH LŨY,PULL XẤU,OBV gãy | RSI yếu | RSI chững | Giá dưới EMA9 | Slope âm | Pull xấu,🔴,,,,🔴 Yếu,,True
2026-08-10,VIC,⚠️ YẾU DẦN,3,208500.0,-2.11,-2.34,42.34,🟠 HẠN CHẾ / GIẢM,OBV xấu + Thiếu mẫu xác nhận + RSI yếu,2026-08-11T13:11:44+07:00,-12.0,215074.83,215980.0,-0.42,-0.23,-3.06,306244100.0,311765446.0,4429400.0,4108455.0,,1.26,1.12,3.17,8.59,-6.92,-2.39,0,0,0,0,0,0,0,,,,,,🔴,THEO DÕI,PULL XẤU,OBV gãy | RSI yếu | RSI chững | Giá dưới EMA9 | Slope âm | Pull xấu,🔴,,,,🔴 Yếu,,True
2026-08-10,VPL,⚠️ YẾU DẦN,3,77700.0,-4.07,5.0,40.25,🟠 HẠN CHẾ / GIẢM,OBV xấu + RSI yếu + RS yếu,2026-08-11T13:11:44+07:00,-10.32,79133.77,78435.0,0.89,0.49,-1.81,14790900.0,15403152.0,370200.0,645415.0,,0.9,0.81,5.71,5.71,-6.61,-1.77,3,0,0,0,1,1,1,,,,,,🔴,MUA EARLY,PULL XẤU,OBV gãy | RSI yếu | RSI chững | Giá dưới EMA9 | Pull xấu,🟡,,,,🟡 Ổn định,,True
2026-08-10,VPX,⚠️ YẾU DẦN,3,25850.0,-1.52,5.94,47.16,🟠 HẠN CHẾ / GIẢM,OBV xấu + Thiếu mẫu xác nhận,2026-08-11T13:11:44+07:00,1.93,25666.87,25915.0,-0.96,0.85,0.71,8585800.0,9497294.0,913200.0,1269520.0,,0.76,0.9,7.04,7.04,-6.85,1.77,2,1,0,0,0,1,0,,,,,,🔴,TÍCH LŨY,PULL XẤU,OBV gãy | RSI yếu | Slope âm | Pull xấu,🔴,,,,🔴 Yếu,,True
2026-08-10,HUT,⛔ RẤT YẾU,4,13500.0,-5.59,-8.78,13.42,🔴 TRÁNH / BÁN,OBV xấu + Xu hướng giảm + RSI yếu,2026-08-11T13:11:44+07:00,1.49,14021.17,14645.0,-4.26,-1.77,-3.72,29232400.0,32947544.0,1054300.0,2455460.0,,0.89,1.15,0.75,0.75,-11.18,0.75,0,0,0,0,0,0,0,,,,,,🔴,THEO DÕI,PULL XẤU,OBV gãy | RSI yếu | Giá dưới EMA9 | Slope âm | Pull xấu,🔴,,,,🔴 Yếu,,False
2026-08-11,ACB,🌱 ĐANG HỒI,0,22750.0,1.34,1.11,54.33,🟢 MUA / GIỮ,OBV tốt + RSI cải thiện + Vị trí giá tốt,2026-08-12T13:32:15+07:00,9.15,22497.55,22612.5,-0.51,0.55,1.12,-837500.0,-15612565.0,9756800.0,16684070.0,,0.6,0.68,3.88,16.61,-4.61,0.44,4,1,0,2,0,1,0,,,,,,🟢,MUA EARLY,PULL XẤU,RSI yếu | Slope âm | Pull xấu,🟡,,✅ EARLY GREEN2,🌱 EARLY DRY GREEN2,🔴 Yếu,,True
2026-08-11,ACV,🌱 ĐANG HỒI,0,41400.0,5.08,6.7,53.57,🟢 MUA / GIỮ,OBV tốt + Vol xác nhận + RSI cải thiện,2026-08-12T13:32:15+07:00,19.2,40489.05,39945.0,1.36,3.31,2.25,-61558700.0,-61955825.0,607700.0,554610.0,,1.43,1.13,7.81,7.81,-3.72,-2.13,6,2,0,1,1,2,0,,,,,,🟢,MUA EARLY,PULL XẤU,RSI yếu | Pull xấu,🟡,,,,🟡 Ổn định,,False
2026-08-11,ANV,🌱 ĐANG HỒI,0,17950.0,3.16,6.53,47.64,🟢 MUA / GIỮ,OBV tốt + RSI cải thiện + Vị trí giá tốt,2026-08-12T13:32:15+07:00,8.59,17494.24,17382.45,0.64,2.16,2.61,45130758.0,43529210.0,963858.0,588043.0,,0.9,0.9,11.15,11.15,-6.51,1.41,9,2,0,2,1,2,2,,,,,,🟢,MUA EARLY,PULL XẤU,RSI yếu | Pull xấu,🟡,,✅ EARLY GREEN2,,🟡 Ổn định,,True
2026-08-11,BID,🌱 ĐANG HỒI,0,39300.0,3.42,11.97,55.99,🟢 MUA / GIỮ,OBV tốt + RSI cải thiện + Vol xác nhận,2026-08-12T13:32:15+07:00,9.13,38382.45,37442.5,2.51,2.6,2.39,150674800.0,147023221.0,4831900.0,4427850.0,,1.01,1.1,13.26,13.26,-1.85,-0.51,8,2,1,1,2,2,0,,,,,,🟢,MUA EARLY,PULL XẤU,Pull xấu,🟡,,,,🟢 Tăng tốc,,True
2026-08-11,BSI,🌱 ĐANG HỒI,0,29150.0,2.28,8.36,45.63,🟢 MUA / GIỮ,OBV tốt + Vị trí giá tốt + RSI cải thiện,2026-08-12T13:32:15+07:00,8.27,28544.75,28822.4,-0.96,3.36,2.12,23292100.0,22277982.0,630100.0,479190.0,,0.75,0.83,11.05,11.05,-12.99,-0.51,2,1,0,2,0,1,-2,,,,,,🟢,TÍCH LŨY,PULL XẤU,RSI yếu | Slope âm | Pull xấu,🔴,,,,🔴 Yếu,,True
2026-08-11,BSR,🌱 ĐANG HỒI,0,26500.0,7.2,10.51,59.68,🟢 MUA / GIỮ,OBV tốt + RSI cải thiện + Xu hướng lên,2026-08-12T13:32:15+07:00,10.07,25517.2,24704.0,3.29,3.03,3.85,653114800.0,640781890.0,8476500.0,9052155.0,,1.12,0.96,16.53,16.53,-2.72,-1.67,8,2,1,1,2,2,0,,,,,,🟢,MUA EARLY,PULL XẤU,Pull xấu,🟡,,,,🟢 Tăng tốc,,True
2026-08-11,BVH,🌱 ĐANG HỒI,0,66800.0,6.03,18.02,62.99,🟢 MUA / GIỮ,OBV tốt + Xu hướng lên + RSI cải thiện,2026-08-12T13:32:15+07:00,7.84,64249.01,60835.0,5.61,2.18,3.97,18139100.0,17198173.0,366300.0,438030.0,,1.25,1.24,18.02,18.02,-1.62,-0.6,8,2,1,1,2,2,0,,,,,,🟢,MUA EARLY,PULL XẤU,Pull xấu,🟡,,,,🟢 Tăng tốc,,True
2026-08-11,CEO,🌱 ĐANG HỒI,0,12200.0,1.67,9.91,44.87,🟢 MUA / GIỮ,OBV tốt + Vol xác nhận + RSI cải thiện,2026-08-12T13:32:15+07:00,7.0,11950.19,11995.0,-0.37,3.43,2.09,298012200.0,295042518.0,5320800.0,6006355.0,,0.89,0.99,12.96,12.96,-15.28,0.0,3,1,0,1,0,1,0,,,,,,🟢,MUA EARLY,PULL XẤU,RSI yếu | Slope âm | Pull xấu,🟡,,,,🔴 Yếu,,False
2026-08-11,CII,🌱 ĐANG HỒI,0,14300.0,2.51,10.0,46.38,🟢 MUA / GIỮ,OBV tốt + RSI cải thiện + Vị trí giá tốt,2026-08-12T13:32:15+07:00,6.51,13961.26,14010.0,-0.35,3.46,2.43,608838004.0,595171399.0,6053900.0,8612570.0,,0.9,0.92,13.04,13.04,-14.37,-0.35,5,1,0,2,0,1,1,,,,,,🟢,MUA EARLY,PULL XẤU,RSI yếu | Slope âm | Pull xấu,🟡,,,,🔴 Yếu,,True
2026-08-11,CTD,🌱 ĐANG HỒI,0,63500.0,-0.16,10.24,50.75,🟢 MUA / GIỮ,OBV tốt + Xu hướng lên + RSI cải thiện,2026-08-12T13:32:15+07:00,4.72,62034.7,60570.0,2.42,2.47,2.36,10756300.0,10394506.0,289700.0,431795.0,,0.78,0.95,15.25,15.25,-6.34,1.93,7,2,0,2,2,1,0,,,,,,🟢,MUA EARLY,PULL XẤU,RSI yếu | Pull xấu,🟡,,✅ EARLY GREEN2,,🟢 Tăng tốc,,True
2026-08-11,CTG,🌱 ĐANG HỒI,0,32250.0,1.26,11.21,55.62,🟢 MUA / GIỮ,OBV tốt + RSI cải thiện + Vị trí giá tốt,2026-08-12T13:32:15+07:00,5.98,31738.81,30790.0,3.08,2.32,1.61,387494800.0,376170829.0,7727200.0,9160225.0,,0.96,1.03,12.17,12.17,-2.27,-0.77,7,2,1,1,2,1,0,,,,,,🟢,PULL VỪA,PULL VỪA,,🟢,,,,🟢 Tăng tốc,,True
2026-08-11,CTR,🌱 ĐANG HỒI,0,75500.0,1.62,9.42,58.67,🟢 MUA / GIỮ,OBV tốt + Xu hướng lên + Vị trí giá tốt,2026-08-12T13:32:15+07:00,-4.18,74666.28,71545.0,4.36,1.67,1.12,-7024303.0,-7822250.0,268203.0,314180.0,,1.4,1.23,13.7,13.7,-2.58,-2.08,7,2,1,1,2,1,0,,,,,,🟢,PULL VỪA,PULL VỪA,RSI chững,🟡,,,,🟢 Tăng tốc,,True
2026-08-11,DCM,🌱 ĐANG HỒI,0,31300.0,1.13,3.3,47.24,🟢 MUA / GIỮ,OBV tốt + Vị trí giá tốt + Vol xác nhận,2026-08-12T13:32:15+07:00,3.33,31187.98,30805.0,1.24,1.83,0.36,66597900.0,65374847.0,2601000.0,2043510.0,,1.08,0.97,8.3,8.3,-7.67,-2.19,3,2,0,1,1,1,-2,,,,,,🟢,MUA EARLY,PULL XẤU,RSI yếu | Pull xấu,🟡,,,,🟡 Ổn định,,True
2026-08-11,DGC,🌱 ĐANG HỒI,0,43850.0,10.73,19.32,55.98,🟢 MUA / GIỮ,OBV tốt + Xu hướng lên + RSI cải thiện,2026-08-12T13:32:15+07:00,1.14,42051.23,40952.5,2.68,4.84,4.28,-121629700.0,-122748215.0,394100.0,845360.0,,0.68,0.78,21.81,21.81,-4.26,0.46,9,2,1,2,2,2,0,,,,,,🟢,MUA EARLY,PULL XẤU,Pull xấu,🟡,,,,🟢 Tăng tốc,,True
2026-08-11,DGW,🌱 ĐANG HỒI,0,40900.0,3.28,20.47,63.84,🟢 MUA / GIỮ,Xu hướng lên + OBV tốt + RSI cải thiện,2026-08-12T13:32:15+07:00,2.12,38978.06,36925.0,5.56,2.8,4.93,60090100.0,57044401.0,1306300.0,1018435.0,,1.35,1.28,23.38,23.38,-1.33,1.49,11,2,1,2,2,2,2,,,,,,🟢,GÀ TĂNG TỐC,PULL XẤU,Pull xấu,🟡,,,,🟢 Tăng tốc,,True
2026-08-11,DIG,🌱 ĐANG HỒI,0,11000.0,2.8,10.44,47.27,🟢 MUA / GIỮ,OBV tốt + RSI cải thiện + Vị trí giá tốt,2026-08-12T13:32:15+07:00,5.56,10747.51,10805.0,-0.53,3.68,2.35,192024400.0,184195301.0,6460000.0,9936990.0,,0.74,0.95,13.52,13.52,-13.73,0.0,3,1,0,1,0,1,0,,,,,,🟢,MUA EARLY,PULL XẤU,RSI yếu | Slope âm | Pull xấu,🟡,,,,🔴 Yếu,,True
2026-08-11,DPG,🌱 ĐANG HỒI,0,30350.0,-2.1,12.62,47.3,🟢 MUA / GIỮ,OBV tốt + Xu hướng lên + Vị trí giá tốt,2026-08-12T13:32:15+07:00,3.42,29712.18,28897.5,2.82,3.39,2.15,22757100.0,22180296.0,276100.0,414270.0,,1.23,1.08,16.51,16.51,-9.81,-0.16,8,2,0,2,2,1,1,,,,,,🟢,MUA EARLY,PULL XẤU,RSI yếu | Pull xấu,🟡,,,,🟢 Tăng tốc,,True
2026-08-11,DPM,🌱 ĐANG HỒI,0,22350.0,0.68,5.37,55.55,🟢 MUA / GIỮ,OBV tốt + Vol xác nhận + RSI cải thiện,2026-08-12T13:32:15+07:00,9.51,21983.23,21697.0,1.32,1.12,1.67,77253700.0,76053431.0,3006700.0,2913995.0,,1.05,0.98,8.23,8.23,-2.57,-1.32,6,2,1,1,1,1,0,,,,,,🟢,PULL VỪA,PULL VỪA,,🟢,,,,🟡 Ổn định,,True
2026-08-11,DRI,🌱 ĐANG HỒI,0,13300.0,0.0,4.72,53.93,🟢 MUA / GIỮ,OBV tốt + Vị trí giá tốt + RSI cải thiện,2026-08-12T13:32:15+07:00,6.93,13103.91,12945.0,1.23,1.01,1.5,38977400.0,38166817.0,470100.0,411770.0,,1.04,1.02,6.4,6.4,-0.75,0.76,7,2,0,2,1,1,1,,,,,,🟢,MUA EARLY,PULL XẤU,RSI yếu | Pull xấu,🟡,,,,🟡 Ổn định,,False
2026-08-11,EVF,🌱 ĐANG HỒI,0,12500.0,0.0,5.93,48.99,🟢 MUA / GIỮ,OBV tốt + Vị trí giá tốt + RSI cải thiện,2026-08-12T13:32:15+07:00,3.22,12410.34,12355.0,0.45,0.79,0.72,152366600.0,151228802.0,1270600.0,1670280.0,,0.71,0.74,5.93,5.93,-2.72,0.0,5,2,0,1,1,1,0,,,,,,🟢,MUA EARLY,PULL XẤU,RSI yếu | Pull xấu,🟡,,,,🟡 Ổn định,,True
2026-08-11,FCN,🌱 ĐANG HỒI,0,11300.0,5.61,7.62,55.04,🟢 MUA / GIỮ,OBV tốt + RSI cải thiện + Vị trí giá tốt,2026-08-12T13:32:15+07:00,9.99,10954.26,10865.0,0.82,1.66,3.16,37725500.0,36706996.0,683700.0,422010.0,,1.15,1.2,8.65,8.65,-0.44,2.73,10,2,1,2,1,2,2,,,,,,🟢,CP MẠNH,PULL XẤU,Pull xấu,🟡,🟢 GREEN 2,✅ EARLY GREEN2,,🟡 Ổn định,,True
2026-08-11,FOX,🌱 ĐANG HỒI,0,66200.0,0.91,8.52,46.91,🟢 MUA / GIỮ,OBV tốt + Vị trí giá tốt + Vol xác nhận,2026-08-12T13:32:15+07:00,7.07,65272.86,64550.0,1.12,1.68,1.42,5556200.0,5454871.0,59800.0,71390.0,,0.91,1.04,8.52,8.52,-4.06,0.3,7,2,0,2,1,1,1,,,,,,🟢,MUA EARLY,PULL XẤU,RSI yếu | Pull xấu,🟡,,,,🟡 Ổn định,,False
2026-08-11,FPT,🌱 ĐANG HỒI,0,71200.0,-0.42,13.02,57.8,🟢 MUA / GIỮ,OBV tốt + Xu hướng lên + Vị trí giá tốt,2026-08-12T13:32:15+07:00,0.66,70005.13,67414.9,3.84,1.64,1.71,-413502700.0,-416980501.0,6936800.0,7798985.0,,0.71,0.89,14.47,14.47,-2.86,-0.56,7,2,1,1,2,1,0,,,,,,🟢,PULL VỪA,PULL VỪA,,🟢,,,,🟢 Tăng tốc,,True
2026-08-11,FRT,🌱 ĐANG HỒI,0,145400.0,9.24,35.0,78.49,🟢 MUA / GIỮ,OBV tốt + Xu hướng lên + RS mạnh,2026-08-12T13:32:15+07:00,9.49,131956.09,119570.0,10.36,2.4,10.19,3358500.0,1200358.0,1428500.0,580740.0,,1.34,1.38,38.48,38.48,4.6,5.29,12,2,2,2,2,2,2,,,,,,🟢,GÀ TĂNG TỐC,PULL XẤU,Pull xấu,🟡,🟢 GREEN 2,,,🟢 Tăng tốc,,True
2026-08-11,GAS,🌱 ĐANG HỒI,0,79300.0,13.45,18.36,63.42,🟢 MUA / GIỮ,OBV tốt + Xu hướng lên + Vol xác nhận,2026-08-12T13:32:15+07:00,20.18,73848.4,71245.0,3.65,5.55,7.38,40857800.0,39041316.0,1554300.0,1391130.0,,1.09,0.87,23.14,23.14,-0.63,-1.49,8,2,1,1,2,2,0,,,,,,🟢,MUA EARLY,PULL XẤU,Pull xấu,🟡,,,,🟢 Tăng tốc,,True
2026-08-11,GEX,🌱 ĐANG HỒI,0,26350.0,6.04,26.08,57.07,🟢 MUA / GIỮ,Xu hướng lên + OBV tốt + RSI cải thiện,2026-08-12T13:32:15+07:00,8.03,24638.5,23345.0,5.54,5.18,6.95,565003400.0,546028797.0,11677500.0,13699470.0,,0.99,1.04,29.8,29.8,-1.5,0.76,10,2,1,2,2,2,1,,,,,,🟢,GÀ TĂNG TỐC,PULL XẤU,Pull xấu,🟡,,✅ EARLY GREEN2,,🟢 Tăng tốc,,True
2026-08-11,GIL,🌱 ĐANG HỒI,0,8670.0,17.48,30.77,54.5,🟢 MUA / GIỮ,Xu hướng lên + OBV tốt + RSI cải thiện,2026-08-12T13:32:15+07:00,13.29,7794.5,7389.95,5.47,9.27,11.23,-4520800.0,-5131808.0,780200.0,428270.0,,0.8,0.69,32.37,32.37,-5.97,-0.91,6,2,0,2,2,2,-2,,,,,,🟢,MUA EARLY,PULL XẤU,RSI yếu | Pull xấu,🟡,,,,🟢 Tăng tốc,,True
2026-08-11,GVR,🌱 ĐANG HỒI,0,31650.0,11.05,20.11,62.55,🟢 MUA / GIỮ,Xu hướng lên + OBV tốt + RSI cải thiện,2026-08-12T13:32:15+07:00,22.45,29473.95,28290.0,4.19,5.36,7.38,246934600.0,244439163.0,2514400.0,1774595.0,,1.41,1.17,21.73,21.73,-0.47,-0.47,6,2,1,1,2,2,-2,,,,,,🟢,MUA EARLY,PULL XẤU,Pull xấu,🟡,,,,🟢 Tăng tốc,,True
2026-08-11,HAG,🌱 ĐANG HỒI,0,14250.0,0.71,1.79,47.32,🟢 MUA / GIỮ,OBV tốt + Vị trí giá tốt + RSI cải thiện,2026-08-12T13:32:15+07:00,6.84,14121.44,14152.5,-0.22,0.72,0.91,391745400.0,389546685.0,2999700.0,2329135.0,,0.75,0.88,4.01,4.01,-2.73,0.71,5,1,0,2,0,0,2,,,,,,🟢,MUA EARLY,PULL XẤU,RSI yếu | Slope âm | Pull xấu,🟡,,✅ EARLY GREEN2,,🔴 Yếu,,True
2026-08-11,HAH,🌱 ĐANG HỒI,0,46500.0,0.98,5.92,48.4,🟢 MUA / GIỮ,OBV tốt + Vol xác nhận + Vị trí giá tốt,2026-08-12T13:32:15+07:00,0.35,45986.68,45532.5,1.0,1.71,1.12,20362600.0,19423730.0,547700.0,512110.0,,1.2,1.0,5.92,5.92,-5.39,-0.32,6,2,0,2,1,1,0,,,,,,🟢,MUA EARLY,PULL XẤU,RSI yếu | Pull xấu,🟡,,,,🟡 Ổn định,,True
2026-08-11,HCM,🌱 ĐANG HỒI,0,26400.0,5.18,4.35,63.52,🟢 MUA / GIỮ,OBV tốt + RSI cải thiện + Vị trí giá tốt,2026-08-12T13:32:15+07:00,7.74,25634.13,25356.5,1.09,-0.02,2.99,575424600.0,563073378.0,9908700.0,5923235.0,,0.81,0.79,13.4,14.88,0.38,0.96,9,2,1,2,1,1,2,,,,,,🟢,CP MẠNH,PULL XẤU,Pull xấu,🟡,🟢 GREEN 2,,,🟡 Ổn định,,True
2026-08-11,HDB,🌱 ĐANG HỒI,0,27100.0,1.5,7.97,59.64,🟢 MUA / GIỮ,OBV tốt + RSI cải thiện + Vị trí giá tốt,2026-08-12T13:32:15+07:00,5.5,26529.11,26267.5,1.0,1.35,2.15,943860300.0,929816800.0,8298300.0,10739395.0,,0.9,0.91,7.97,8.84,-1.09,0.56,7,2,1,2,1,1,0,,,,,,🟢,MUA EARLY,PULL XẤU,Pull xấu,🟡,,,,🟡 Ổn định,,True
2026-08-11,HHV,🌱 ĐANG HỒI,0,10300.0,0.98,4.78,51.61,🟢 MUA / GIỮ,OBV tốt + Vị trí giá tốt + RSI cải thiện,2026-08-12T13:32:15+07:00,9.37,10139.78,10081.5,0.58,1.33,1.58,176103403.0,169878954.0,4865403.0,2628230.0,,0.99,1.0,5.1,5.1,-3.74,0.0,6,2,0,2,1,1,0,,,,,,🟢,MUA EARLY,PULL XẤU,RSI yếu | Pull xấu,🟡,,,,🟡 Ổn định,,True
2026-08-11,HPG,🌱 ĐANG HỒI,0,22200.0,0.23,5.71,51.76,🟢 MUA / GIỮ,OBV tốt + Vị trí giá tốt + RSI cải thiện,2026-08-12T13:32:15+07:00,4.65,21955.36,21575.0,1.76,1.07,1.11,382815824.0,362424630.0,13694600.0,26521765.0,,0.7,0.96,9.09,9.09,-1.99,0.0,6,2,0,2,1,1,0,,,,,,🟢,MUA EARLY,PULL XẤU,RSI yếu | Pull xấu,🟡,,,,🟡 Ổn định,,True
2026-08-11,HSG,🌱 ĐANG HỒI,0,10950.0,0.92,4.78,48.89,🟢 MUA / GIỮ,OBV tốt + Vị trí giá tốt + RSI cải thiện,2026-08-12T13:32:15+07:00,4.1,10827.41,10795.0,0.3,1.19,1.13,52203600.0,51138524.0,1430000.0,2531950.0,,0.65,0.77,8.96,8.96,-6.81,0.46,6,2,0,2,1,1,0,,,,,,🟢,MUA EARLY,PULL XẤU,RSI yếu | Pull xấu,🟡,,✅ EARLY GREEN2,🌱 EARLY DRY GREEN2,🟡 Ổn định,,True
2026-08-11,IDC,🌱 ĐANG HỒI,0,34100.0,2.4,5.9,53.28,🟢 MUA / GIỮ,OBV tốt + Vol xác nhận + RSI cải thiện,2026-08-12T13:32:15+07:00,10.58,33415.45,32885.0,1.61,1.57,2.05,68010000.0,67343912.0,1161100.0,1128495.0,,0.96,0.91,8.25,8.25,-2.57,-1.45,5,2,0,1,1,1,0,,,,,,🟢,MUA EARLY,PULL XẤU,RSI yếu | Pull xấu,🟡,,,,🟡 Ổn định,,False
2026-08-11,IJC,🌱 ĐANG HỒI,0,7750.0,5.01,11.03,50.77,🟢 MUA / GIỮ,OBV tốt + RSI cải thiện + Xu hướng lên,2026-08-12T13:32:15+07:00,16.52,7497.22,7375.5,1.65,4.07,3.37,-33760400.0,-35300839.0,3284300.0,2306735.0,,1.09,1.05,15.84,15.84,-5.95,-3.0,4,2,0,1,1,2,-2,,,,,,🟢,MUA EARLY,PULL XẤU,RSI yếu | Pull xấu,🟡,,,,🟡 Ổn định,,True
2026-08-11,KDH,🌱 ĐANG HỒI,0,18150.0,0.83,7.08,42.31,🟢 MUA / GIỮ,OBV tốt + Vol xác nhận + Vị trí giá tốt,2026-08-12T13:32:15+07:00,5.07,17951.24,17875.0,0.43,2.36,1.11,-10897500.0,-17498427.0,5312600.0,5459540.0,,0.85,0.92,10.67,10.67,-9.02,-0.27,5,2,0,1,1,1,0,,,,,,🟢,MUA EARLY,PULL XẤU,RSI yếu | Pull xấu,🟡,,,,🟡 Ổn định,,True
2026-08-11,KSB,🌱 ĐANG HỒI,0,14250.0,3.64,8.37,57.92,🟢 MUA / GIỮ,OBV tốt + RSI cải thiện + Vị trí giá tốt,2026-08-12T13:32:15+07:00,14.88,13558.9,13430.0,0.96,1.61,5.1,33639365.0,30326300.0,4198365.0,862588.0,,0.96,1.1,10.04,10.04,1.42,5.56,10,2,1,2,1,2,2,,,,,,🟢,MUA BREAK,PULL XẤU,Pull xấu,🟡,,,,🟡 Ổn định,,True
2026-08-11,LAS,🌱 ĐANG HỒI,0,12400.0,3.33,7.83,46.23,🟢 MUA / GIỮ,OBV tốt + Vị trí giá tốt + RSI cải thiện,2026-08-12T13:32:15+07:00,6.01,12183.91,12160.0,0.2,3.09,1.77,-18868800.0,-19308552.0,269900.0,202045.0,,1.19,0.96,7.83,7.83,-10.14,-0.8,4,2,0,1,1,2,-2,,,,,,🟢,MUA EARLY,PULL XẤU,RSI yếu | Pull xấu,🟡,,,,🟡 Ổn định,,False
2026-08-11,MBB,🌱 ĐANG HỒI,0,20400.0,0.39,10.57,60.76,🟢 MUA / GIỮ,OBV tốt + RSI cải thiện + Vị trí giá tốt,2026-08-12T13:32:15+07:00,5.7,19890.13,19326.5,2.92,1.99,2.56,928439216.0,891637170.0,18715600.0,15266370.0,,1.05,1.01,13.14,13.14,-0.24,-0.49,6,2,1,2,2,1,-2,,,,,,🟢,MUA EARLY,PULL XẤU,Pull xấu,🟡,,,,🟢 Tăng tốc,,True
2026-08-11,MCH,🌱 ĐANG HỒI,0,137400.0,1.04,0.39,55.68,🟢 MUA / GIỮ,OBV tốt + RSI cải thiện + Vị trí giá tốt,2026-08-12T13:32:15+07:00,5.63,136121.69,135823.5,0.22,-0.05,0.94,11076200.0,10930603.0,185600.0,391115.0,,0.52,1.37,3.44,10.23,-2.9,0.88,7,2,1,2,1,1,0,,,,,,🟢,PULL VỪA,PULL VỪA,,🟢,,✅ EARLY GREEN2,🌱 EARLY DRY GREEN2,🟡 Ổn định,,True
2026-08-11,MSB,🌱 ĐANG HỒI,0,16200.0,0.0,1.89,58.15,🟢 MUA / GIỮ,OBV tốt + Vị trí giá tốt + RSI cải thiện,2026-08-12T13:32:15+07:00,0.64,16135.38,16082.35,0.33,0.28,0.4,759984800.0,756645552.0,4645200.0,6832965.0,,0.77,0.83,2.86,14.08,-1.52,0.0,5,2,1,1,1,0,0,,,,,,🟢,PULL VỪA,PULL VỪA,,🟡,,,,🟡 Ổn định,,True
2026-08-11,MSH,🌱 ĐANG HỒI,0,31650.0,2.1,4.46,51.96,🟢 MUA / GIỮ,OBV tốt + Vị trí giá tốt + RSI cải thiện,2026-08-12T13:32:15+07:00,11.6,31127.77,30975.0,0.49,1.11,1.68,12373987.0,12372865.0,78387.0,105779.0,,0.61,0.9,4.46,4.46,-1.09,-0.16,7,2,0,2,1,1,1,,,,,,🟢,MUA EARLY,PULL XẤU,RSI yếu | Pull xấu,🟡,,,,🟡 Ổn định,,True
2026-08-11,MSN,🌱 ĐANG HỒI,0,67600.0,-1.17,2.89,49.44,🟢 MUA / GIỮ,OBV tốt + Vị trí giá tốt + RSI cải thiện,2026-08-12T13:32:15+07:00,5.1,67203.66,66420.0,1.18,0.72,0.59,104682600.0,103459371.0,2876400.0,4145180.0,,0.77,0.92,5.79,5.79,-2.59,-0.29,6,2,0,1,1,1,1,,,,,,🟢,MUA EARLY,PULL XẤU,RSI yếu | Pull xấu,🟡,,,,🟡 Ổn định,,True
2026-08-11,MSR,🌱 ĐANG HỒI,0,39300.0,0.26,8.26,59.97,🟢 MUA / GIỮ,OBV tốt + Xu hướng lên + RSI cải thiện,2026-08-12T13:32:15+07:00,2.72,38365.7,36405.0,5.39,1.35,2.44,15477900.0,14133452.0,775100.0,1049410.0,,1.52,1.24,19.45,19.45,-2.48,-1.75,8,2,1,1,2,1,1,,,,,,🟢,GÀ TĂNG TỐC,PULL XẤU,Pull xấu,🟡,,,,🟢 Tăng tốc,,False
2026-08-11,MWG,🌱 ĐANG HỒI,0,73700.0,2.22,14.8,53.81,🟢 MUA / GIỮ,OBV tốt + RSI cải thiện + Vị trí giá tốt,2026-08-12T13:32:15+07:00,6.64,71705.15,71008.5,0.98,1.99,2.78,245537600.0,240355302.0,3120600.0,5292895.0,,0.78,0.95,18.24,18.24,-2.67,1.94,6,2,0,2,1,1,0,,,,,,🟢,MUA EARLY,PULL XẤU,RSI yếu | Pull xấu,🟡,,✅ EARLY GREEN2,,🟡 Ổn định,,True
2026-08-11,NHA,🌱 ĐANG HỒI,0,8400.0,0.36,8.39,44.35,🟢 MUA / GIỮ,OBV tốt + Vol xác nhận + Vị trí giá tốt,2026-08-12T13:32:15+07:00,4.61,8274.27,8309.4,-0.42,1.83,1.52,7111300.0,6962616.0,112700.0,96620.0,,0.97,0.96,10.53,10.53,-10.16,1.08,5,1,0,2,0,1,1,,,,,,🟢,MUA EARLY,PULL XẤU,RSI yếu | Slope âm | Pull xấu,🟡,,,,🔴 Yếu,,True
2026-08-11,NKG,🌱 ĐANG HỒI,0,11250.0,1.81,5.63,50.53,🟢 MUA / GIỮ,OBV tốt + Vị trí giá tốt + RSI cải thiện,2026-08-12T13:32:15+07:00,6.37,11086.67,10945.0,1.29,1.71,1.47,281513500.0,277199235.0,1567800.0,1886240.0,,0.97,0.98,8.17,8.17,-5.46,0.0,6,2,0,2,1,1,0,,,,,,🟢,MUA EARLY,PULL XẤU,RSI yếu | Pull xấu,🟡,,,,🟡 Ổn định,,True
2026-08-11,NLG,🌱 ĐANG HỒI,0,22950.0,5.03,11.41,49.44,🟢 MUA / GIỮ,OBV tốt + RSI cải thiện + Vị trí giá tốt,2026-08-12T13:32:15+07:00,11.03,22224.47,22362.5,-0.62,3.46,3.26,50917200.0,48222987.0,1673900.0,2369325.0,,0.92,1.21,14.75,14.75,-10.53,1.1,5,1,0,2,0,2,0,,,,,,🟢,MUA EARLY,PULL XẤU,RSI yếu | Slope âm | Pull xấu,🟡,,✅ EARLY GREEN2,,🔴 Yếu,,True
2026-08-11,NT2,🌱 ĐANG HỒI,0,21750.0,1.4,6.1,52.84,🟢 MUA / GIỮ,OBV tốt + Vị trí giá tốt + RSI cải thiện,2026-08-12T13:32:15+07:00,9.27,21389.03,21260.0,0.61,0.87,1.69,14795000.0,14182289.0,414800.0,588555.0,,0.74,1.05,6.1,6.1,-1.14,0.69,6,2,0,2,1,1,0,,,,,,🟢,MUA EARLY,PULL XẤU,RSI yếu | Pull xấu,🟡,,✅ EARLY GREEN2,🌱 EARLY DRY GREEN2,🟡 Ổn định,,True
2026-08-11,NVL,🌱 ĐANG HỒI,0,13650.0,1.87,5.41,59.77,🟢 MUA / GIỮ,OBV tốt + Vị trí giá tốt + Xu hướng lên,2026-08-12T13:32:15+07:00,-3.37,13531.72,13027.5,3.87,0.05,0.87,649153804.0,640144065.0,16175500.0,18175845.0,,1.19,1.1,15.19,15.19,-4.21,-0.73,7,2,1,1,2,1,0,,,,,,🟢,PULL VỪA,PULL VỪA,RSI chững,🟡,,,,🟢 Tăng tốc,,True
2026-08-11,OCB,🌱 ĐANG HỒI,0,10900.0,5.83,7.92,59.74,🟢 MUA / GIỮ,OBV tốt + RSI cải thiện + Vị trí giá tốt,2026-08-12T13:32:15+07:00,13.27,10497.79,10387.5,1.06,2.31,3.83,112859400.0,102889693.0,7715800.0,2463805.0,,0.99,0.95,9.0,13.9,-1.8,1.87,10,2,1,2,1,2,2,,,,,,🟢,CP MẠNH,PULL XẤU,Pull xấu,🟡,🟢 GREEN 2,,,🟡 Ổn định,,True
2026-08-11,OIL,🌱 ĐANG HỒI,0,13400.0,3.08,3.08,49.51,🟢 MUA / GIỮ,OBV tốt + Vol xác nhận + RSI cải thiện,2026-08-12T13:32:15+07:00,7.94,13333.34,13390.0,-0.42,2.47,0.5,92273300.0,90815364.0,1309000.0,1368645.0,,0.97,0.78,3.88,5.51,-10.67,-2.9,3,1,0,1,0,1,0,,,,,,🟢,MUA EARLY,PULL XẤU,RSI yếu | Slope âm | Pull xấu,🟡,,,,🔴 Yếu,,False
2026-08-11,PET,🌱 ĐANG HỒI,0,40800.0,2.0,14.93,67.73,🟢 MUA / GIỮ,OBV tốt + Xu hướng lên + RSI cải thiện,2026-08-12T13:32:15+07:00,8.01,39013.67,37475.0,4.11,1.03,4.58,74115927.0,70425474.0,4307327.0,581311.0,,1.45,1.05,17.24,24.01,-0.12,4.62,11,2,2,2,2,1,2,,,,,,🟢,GÀ TĂNG TỐC,PULL XẤU,Pull xấu,🟡,🟢 GREEN 2,,,🟢 Tăng tốc,,True
2026-08-11,PLC,🌱 ĐANG HỒI,0,20200.0,3.06,12.22,55.45,🟢 MUA / GIỮ,OBV tốt + RSI cải thiện + Xu hướng lên,2026-08-12T13:32:15+07:00,6.84,19723.98,19110.0,3.21,3.05,2.41,18493500.0,18389683.0,106700.0,122945.0,,1.04,1.07,14.12,14.12,-3.81,-1.94,8,2,1,1,2,2,0,,,,,,🟢,MUA EARLY,PULL XẤU,Pull xấu,🟡,,,,🟢 Tăng tốc,,False
2026-08-11,PLX,🌱 ĐANG HỒI,0,36450.0,8.97,15.46,59.85,🟢 MUA / GIỮ,Xu hướng lên + OBV tốt + RSI cải thiện,2026-08-12T13:32:15+07:00,10.64,34888.09,33462.0,4.26,4.27,4.48,61233400.0,57316813.0,3508600.0,2299825.0,,1.48,1.17,15.64,15.64,-4.08,-3.44,6,2,1,1,2,2,-2,,,,,,🟢,MUA EARLY,PULL XẤU,Pull xấu,🟡,,,,🟢 Tăng tốc,,True
2026-08-11,PVB,🌱 ĐANG HỒI,0,21300.0,2.9,0.95,41.63,🟢 MUA / GIỮ,OBV tốt + Vol xác nhận + Vị trí giá tốt,2026-08-12T13:32:15+07:00,8.56,21087.24,21360.0,-1.28,2.2,1.01,1481600.0,1337050.0,83100.0,70860.0,,1.15,0.98,3.9,3.9,-11.62,-0.93,3,1,0,1,0,1,0,,,,,,🟢,MUA EARLY,PULL XẤU,RSI yếu | Slope âm | Pull xấu,🟡,,,,🔴 Yếu,,False
2026-08-11,PVC,🌱 ĐANG HỒI,0,12200.0,3.39,6.09,47.75,🟢 MUA / GIỮ,OBV tốt + Vol xác nhận + Vị trí giá tốt,2026-08-12T13:32:15+07:00,10.26,12015.7,12125.0,-0.9,2.5,1.53,60329000.0,60236454.0,401300.0,458335.0,,1.02,0.88,6.09,6.09,-12.23,-1.61,4,1,0,1,0,2,0,,,,,,🟢,MUA EARLY,PULL XẤU,RSI yếu | Slope âm | Pull xấu,🟡,,,,🔴 Yếu,,False
2026-08-11,PVD,🌱 ĐANG HỒI,0,18650.0,3.04,1.63,50.92,🟢 MUA / GIỮ,OBV tốt + RSI cải thiện + Vị trí giá tốt,2026-08-12T13:32:15+07:00,9.49,18274.91,18540.0,-1.43,1.24,2.05,276904900.0,273562183.0,2509600.0,3531005.0,,0.79,0.78,6.57,6.57,-9.9,1.91,4,1,0,2,0,1,0,,,,,,🟢,MUA EARLY,PULL XẤU,RSI yếu | Slope âm | Pull xấu,🟡,,,,🔴 Yếu,,True
2026-08-11,PVS,🌱 ĐANG HỒI,0,35000.0,1.45,4.17,47.55,🟢 MUA / GIỮ,OBV tốt + Vị trí giá tốt + RSI cải thiện,2026-08-12T13:32:15+07:00,6.22,34575.68,34905.0,-0.94,1.73,1.23,126163600.0,124972872.0,2228700.0,2793215.0,,0.67,0.65,5.74,5.74,-10.71,-0.57,4,1,0,1,0,1,1,,,,,,🟢,MUA EARLY,PULL XẤU,RSI yếu | Slope âm | Pull xấu,🟡,,,,🔴 Yếu,,False
2026-08-11,PVT,🌱 ĐANG HỒI,0,20300.0,8.56,21.92,64.86,🟢 MUA / GIỮ,Xu hướng lên + OBV tốt + RSI cải thiện,2026-08-12T13:32:15+07:00,18.92,18711.95,17857.5,4.78,3.89,8.49,16251400.0,4337969.0,7670700.0,3530050.0,,1.14,0.97,24.54,24.54,3.84,5.73,11,2,1,2,2,2,2,,,,,,🟢,GÀ TĂNG TỐC,PULL XẤU,Pull xấu,🟡,🟢 GREEN 2,,,🟢 Tăng tốc,,True
2026-08-11,SAB,🌱 ĐANG HỒI,0,45600.0,1.11,5.68,58.07,🟢 MUA / GIỮ,OBV tốt + RSI cải thiện + Vị trí giá tốt,2026-08-12T13:32:15+07:00,11.39,44830.67,44076.0,1.71,1.16,1.72,-7512400.0,-9177088.0,549400.0,709375.0,,1.4,1.21,6.05,6.05,-2.04,-0.98,7,2,1,1,1,1,1,,,,,,🟢,PULL VỪA,PULL VỪA,,🟢,,,,🟡 Ổn định,,True
2026-08-11,SIP,🌱 ĐANG HỒI,0,51000.0,0.0,8.17,63.0,🟢 MUA / GIỮ,OBV tốt + Vị trí giá tốt + RSI cải thiện,2026-08-12T13:32:15+07:00,4.75,50124.58,48577.5,3.18,1.24,1.75,507500.0,459988.0,70300.0,93070.0,,1.35,1.06,9.44,9.44,-1.35,-0.2,8,2,1,1,2,1,1,,,,,,🟢,GÀ TĂNG TỐC,PULL VỪA,,🟢,,,,🟢 Tăng tốc,,True
2026-08-11,SSI,🌱 ĐANG HỒI,0,25250.0,2.85,9.78,54.79,🟢 MUA / GIỮ,OBV tốt + Vol xác nhận + RSI cải thiện,2026-08-12T13:32:15+07:00,7.35,24505.77,23862.5,2.7,2.56,3.04,1019021988.0,984424383.0,22669000.0,22319865.0,,0.72,0.9,14.77,14.77,-2.32,0.4,8,2,0,2,2,1,1,,,,,,🟢,MUA EARLY,PULL XẤU,RSI yếu | Pull xấu,🟡,,✅ EARLY GREEN2,,🟢 Tăng tốc,,True
2026-08-11,STB,🌱 ĐANG HỒI,0,74900.0,1.08,3.31,60.05,🟢 MUA / GIỮ,OBV tốt + RSI cải thiện + Vị trí giá tốt,2026-08-12T13:32:15+07:00,8.98,73528.95,72590.0,1.29,0.52,1.86,412657600.0,408224027.0,1542200.0,4128325.0,,0.81,0.71,7.31,13.31,-1.58,0.0,7,2,1,2,1,1,0,,,,,,🟢,PULL VỪA,PULL VỪA,,🟢,,,,🟡 Ổn định,,True
2026-08-11,SZC,🌱 ĐANG HỒI,0,19950.0,6.97,14.66,52.7,🟢 MUA / GIỮ,OBV tốt + RSI cải thiện + Xu hướng lên,2026-08-12T13:32:15+07:00,17.7,19132.44,18812.5,1.7,4.93,4.27,-21568800.0,-21967765.0,629400.0,430430.0,,1.41,1.18,16.33,16.33,-3.62,-2.68,4,2,0,1,1,2,-2,,,,,,🟢,MUA EARLY,PULL XẤU,RSI yếu | Pull xấu,🟡,,,,🟡 Ổn định,,True
2026-08-11,TCB,🌱 ĐANG HỒI,0,31100.0,4.89,9.12,54.97,🟢 MUA / GIỮ,OBV tốt + RSI cải thiện + Vol xác nhận,2026-08-12T13:32:15+07:00,15.27,30101.78,29772.5,1.11,3.07,3.32,386429596.0,372647435.0,18021000.0,14147640.0,,1.3,1.11,10.09,10.09,-3.71,-0.16,4,2,0,1,1,2,-2,,,,,,🟢,MUA EARLY,PULL XẤU,RSI yếu | Pull xấu,🟡,,,,🟡 Ổn định,,True
2026-08-11,TNG,🌱 ĐANG HỒI,0,17300.0,0.64,5.88,54.47,🟢 MUA / GIỮ,OBV tốt + RSI cải thiện + Vị trí giá tốt,2026-08-12T13:32:15+07:00,5.44,17032.7,16633.45,2.4,1.03,1.57,34846700.0,34608046.0,169500.0,493455.0,,0.63,0.65,10.33,10.33,-3.57,1.76,7,2,0,2,2,1,0,,,,,,🟢,MUA EARLY,PULL XẤU,RSI yếu | Pull xấu,🟡,,✅ EARLY GREEN2,🌱 EARLY DRY GREEN2,🟢 Tăng tốc,,False
2026-08-11,TVS,🌱 ĐANG HỒI,0,14000.0,1.45,3.7,50.46,🟢 MUA / GIỮ,OBV tốt + RSI cải thiện + Vị trí giá tốt,2026-08-12T13:32:15+07:00,6.38,13758.81,13965.0,-1.48,1.49,1.75,5194252.0,5021064.0,229852.0,178653.0,,0.5,0.49,6.46,9.38,-7.89,1.45,6,1,0,2,0,1,2,,,,,,🟢,MUA EARLY,PULL XẤU,RSI yếu | Slope âm | Pull xấu,🟡,,✅ EARLY GREEN2,🌱 EARLY DRY GREEN2,🔴 Yếu,,True
2026-08-11,VCB,🌱 ĐANG HỒI,0,60100.0,0.17,11.09,57.97,🟢 MUA / GIỮ,OBV tốt + RSI cải thiện + Vị trí giá tốt,2026-08-12T13:32:15+07:00,4.31,59126.89,57397.5,3.01,1.29,1.65,133716200.0,130701996.0,4065600.0,5135115.0,,0.83,1.12,11.3,11.3,-1.48,-0.66,8,2,1,1,2,1,1,,,,,,🟢,GÀ TĂNG TỐC,PULL VỪA,,🟢,,,,🟢 Tăng tốc,,True
2026-08-11,VCG,🌱 ĐANG HỒI,0,16200.0,1.89,5.54,48.11,🟢 MUA / GIỮ,OBV tốt + RSI cải thiện + Vị trí giá tốt,2026-08-12T13:32:15+07:00,9.79,15850.61,15885.0,-0.22,2.4,2.2,236726267.0,234429182.0,2548167.0,3219678.0,,0.68,0.85,7.28,7.28,-11.23,0.62,4,1,0,2,0,1,0,,,,,,🟢,MUA EARLY,PULL XẤU,RSI yếu | Slope âm | Pull xấu,🟡,,✅ EARLY GREEN2,🌱 EARLY DRY GREEN2,🔴 Yếu,,True
2026-08-11,VCI,🌱 ĐANG HỒI,0,22200.0,1.6,12.69,51.89,🟢 MUA / GIỮ,OBV tốt + Xu hướng lên + RSI cải thiện,2026-08-12T13:32:15+07:00,3.51,21680.41,21025.0,3.12,2.98,2.4,183612800.0,160439288.0,13388800.0,10189945.0,,0.83,1.04,20.33,20.33,-7.11,0.0,7,2,0,2,2,1,0,,,,,,🟢,MUA EARLY,PULL XẤU,RSI yếu | Pull xấu,🟡,,,,🟢 Tăng tốc,,True
2026-08-11,VGC,🌱 ĐANG HỒI,0,40800.0,6.53,14.13,62.47,🟢 MUA / GIỮ,OBV tốt + Xu hướng lên + RSI cải thiện,2026-08-12T13:32:15+07:00,16.58,38930.95,37725.5,3.2,3.25,4.8,30229500.0,29558383.0,353800.0,450380.0,,1.25,1.07,16.91,16.91,-0.85,-1.57,9,2,1,1,2,2,1,,,,,,🟢,GÀ TĂNG TỐC,PULL XẤU,Pull xấu,🟡,,,,🟢 Tăng tốc,,True
2026-08-11,VGI,🌱 ĐANG HỒI,0,86900.0,6.5,16.49,58.4,🟢 MUA / GIỮ,Xu hướng lên + OBV tốt + RSI cải thiện,2026-08-12T13:32:15+07:00,4.61,84364.47,80810.0,4.4,2.9,3.01,-12691300.0,-13213853.0,425100.0,295205.0,,1.58,1.22,16.49,16.49,-5.54,-2.36,6,2,1,1,2,2,-2,,,,,,🟢,MUA EARLY,PULL XẤU,Pull xấu,🟡,,,,🟢 Tăng tốc,,False
2026-08-11,VGT,🌱 ĐANG HỒI,0,11400.0,2.7,7.55,59.16,🟢 MUA / GIỮ,OBV tốt + RSI cải thiện + Vị trí giá tốt,2026-08-12T13:32:15+07:00,12.33,11181.18,10980.0,1.83,2.18,1.96,15683500.0,15337295.0,210800.0,246590.0,,1.29,1.04,7.55,7.55,-1.72,0.0,6,2,1,1,1,1,0,,,,,,🟢,PULL VỪA,PULL VỪA,,🟢,,,,🟡 Ổn định,,False
2026-08-11,VIX,🌱 ĐANG HỒI,0,14400.0,3.6,17.07,53.28,🟢 MUA / GIỮ,OBV tốt + Xu hướng lên + Vol xác nhận,2026-08-12T13:32:15+07:00,7.34,13706.59,13187.5,3.94,3.51,5.06,1582414532.0,1511944043.0,54442800.0,48511885.0,,0.9,0.99,22.55,22.55,-3.36,3.6,9,2,0,2,2,2,1,,,,,,🟢,MUA EARLY,PULL XẤU,RSI yếu | Pull xấu,🟡,,✅ EARLY GREEN2,,🟢 Tăng tốc,,True
2026-08-11,VNM,🌱 ĐANG HỒI,0,62100.0,4.37,4.19,65.39,🟢 MUA / GIỮ,OBV tốt + Vị trí giá tốt + RSI cải thiện,2026-08-12T13:32:15+07:00,11.72,60666.36,59365.0,2.19,0.7,2.36,2922400.0,-4415193.0,4475100.0,5663960.0,,1.11,1.09,10.5,13.32,-1.58,-0.64,9,2,2,1,2,1,1,,,,,,🟢,GÀ TĂNG TỐC,PULL XẤU,Pull xấu,🟡,,,,🟢 Tăng tốc,,True
2026-08-11,VOS,🌱 ĐANG HỒI,0,11250.0,0.45,8.7,50.89,🟢 MUA / GIỮ,OBV tốt + Vị trí giá tốt + RSI cải thiện,2026-08-12T13:32:15+07:00,5.3,11061.97,10882.5,1.65,2.31,1.7,26159800.0,25686312.0,356500.0,432170.0,,0.99,1.16,9.22,9.22,-5.86,0.45,6,2,0,1,1,1,1,,,,,,🟢,MUA EARLY,PULL XẤU,RSI yếu | Pull xấu,🟡,,,,🟡 Ổn định,,True
2026-08-11,VRE,🌱 ĐANG HỒI,0,25600.0,-3.03,20.19,52.55,🟢 MUA / GIỮ,OBV tốt + Xu hướng lên + Vị trí giá tốt,2026-08-12T13:32:15+07:00,1.79,25109.61,24015.0,4.56,1.58,1.95,447227700.0,437620621.0,5175300.0,6345635.0,,1.17,1.19,20.19,20.19,-4.48,0.2,8,2,0,2,2,1,1,,,,,,🟢,MUA EARLY,PULL XẤU,RSI yếu | Pull xấu,🟡,,✅ EARLY GREEN2,,🟢 Tăng tốc,,True
2026-08-11,VSC,🌱 ĐANG HỒI,0,15050.0,1.35,15.77,48.75,🟢 MUA / GIỮ,OBV tốt + Vol xác nhận + Xu hướng lên,2026-08-12T13:32:15+07:00,1.85,14614.93,14160.0,3.21,3.37,2.98,275995000.0,267984442.0,9953300.0,9692885.0,,1.17,1.25,18.5,18.5,-6.23,-0.99,6,2,0,1,2,1,0,,,,,,🟢,MUA EARLY,PULL XẤU,RSI yếu | Pull xấu,🟡,,,,🟢 Tăng tốc,,True
2026-08-11,VTO,🌱 ĐANG HỒI,0,10650.0,1.43,4.93,62.16,🟢 MUA / GIỮ,OBV tốt + Vị trí giá tốt + RSI cải thiện,2026-08-12T13:32:15+07:00,9.27,10483.52,10315.0,1.63,0.73,1.59,2142100.0,1998821.0,86400.0,74005.0,,0.54,0.78,5.97,5.97,0.0,0.47,8,2,1,2,1,1,1,,,,,,🟢,PULL VỪA,PULL VỪA,,🟢,🟢 GREEN 2,,,🟡 Ổn định,,True
2026-08-11,VTP,🌱 ĐANG HỒI,0,54100.0,10.86,20.76,62.32,🟢 MUA / GIỮ,OBV tốt + Xu hướng lên + RSI cải thiện,2026-08-12T13:32:15+07:00,13.38,51004.94,49185.0,3.7,4.2,6.07,10034600.0,7346239.0,1450100.0,569730.0,,1.55,1.39,20.76,20.76,1.31,1.5,11,2,1,2,2,2,2,,,,,,🟢,GÀ TĂNG TỐC,PULL XẤU,Pull xấu,🟡,🟢 GREEN 2,,,🟢 Tăng tốc,,True
2026-08-11,BAF,🟡 TRUNG TÍNH,1,31300.0,-0.79,7.93,66.58,👀 THEO DÕI,OBV tốt + Vị trí giá tốt + Xu hướng lên,2026-08-12T13:32:15+07:00,-3.83,30759.36,29965.0,2.65,0.34,1.76,96820200.0,96219023.0,2497500.0,1723625.0,,1.32,1.2,8.49,9.82,-2.19,2.29,10,2,1,2,2,1,2,,,,,,🟢,GÀ TĂNG TỐC,PULL VỪA,RSI chững,🟡,,,,🟢 Tăng tốc,,True
2026-08-11,BFC,🟡 TRUNG TÍNH,1,48300.0,-0.19,5.53,44.2,👀 THEO DÕI,OBV tốt + Vol xác nhận + Vị trí giá tốt,2026-08-12T13:32:15+07:00,0.17,48558.29,48650.0,-0.19,1.93,-0.53,29173400.0,29023785.0,198800.0,177240.0,,0.71,1.08,5.53,5.53,-10.07,-2.33,2,0,0,1,0,1,0,,,,,,🟢,TÍCH LŨY,PULL XẤU,RSI yếu | Giá dưới EMA9 | Slope âm | Pull xấu,🔴,,,,🔴 Yếu,,True
2026-08-11,C4G,🟡 TRUNG TÍNH,1,5600.0,-1.75,0.0,32.95,👀 THEO DÕI,OBV tốt + Vol xác nhận,2026-08-12T13:32:15+07:00,6.09,5643.08,5810.0,-2.87,1.35,-0.76,15256300.0,15151142.0,314800.0,254105.0,,1.17,1.15,1.82,1.82,-15.15,0.0,1,0,0,1,0,0,0,,,,,,🟢,THEO DÕI,PULL XẤU,RSI yếu | Giá dưới EMA9 | Slope âm | Pull xấu,🔴,,,,🔴 Yếu,,False
2026-08-11,CMG,🟡 TRUNG TÍNH,1,24850.0,-2.17,4.19,44.45,👀 THEO DÕI,OBV tốt + Vol xác nhận + Vị trí giá tốt,2026-08-12T13:32:15+07:00,-0.08,24838.38,24797.5,0.16,0.82,0.05,-7405500.0,-7610230.0,168700.0,189120.0,,0.69,1.02,5.3,5.3,-6.4,-0.4,6,2,0,2,1,1,0,,,,,,🟢,MUA EARLY,PULL XẤU,RSI yếu | RSI chững | Pull xấu,🟡,,,,🟡 Ổn định,,True
2026-08-11,CSV,🟡 TRUNG TÍNH,1,22200.0,1.83,6.99,49.61,👀 THEO DÕI,OBV tốt + Vị trí giá tốt + Vol xác nhận,2026-08-12T13:32:15+07:00,-0.34,21937.59,21960.0,-0.1,1.46,1.2,-3401700.0,-3429803.0,347900.0,473460.0,,0.86,0.83,11.0,11.0,-11.55,-1.33,4,1,0,1,0,1,1,,,,,,🟢,MUA EARLY,PULL XẤU,RSI yếu | RSI chững | Slope âm | Pull xấu,🟡,,,,🔴 Yếu,,True
2026-08-11,DBC,🟡 TRUNG TÍNH,1,16700.0,0.6,4.37,45.35,👀 THEO DÕI,OBV tốt + Vị trí giá tốt + RSI cải thiện,2026-08-12T13:32:15+07:00,2.21,16610.7,16519.95,0.55,1.04,0.54,8978000.0,7097633.0,1160800.0,2048735.0,,0.79,0.88,6.37,6.37,-6.44,-1.18,6,2,0,1,1,1,1,,,,,,🟢,MUA EARLY,PULL XẤU,RSI yếu | Pull xấu,🟡,,,,🟡 Ổn định,,True
2026-08-11,DDV,🟡 TRUNG TÍNH,1,18700.0,-1.58,3.89,35.89,👀 THEO DÕI,OBV tốt + Vol xác nhận,2026-08-12T13:32:15+07:00,0.29,18828.58,19185.0,-1.86,2.28,-0.68,56935500.0,56819419.0,236200.0,296020.0,,1.07,0.91,4.47,4.47,-14.61,-0.53,3,0,0,1,0,1,1,,,,,,🟢,MUA EARLY,PULL XẤU,RSI yếu | Giá dưới EMA9 | Slope âm | Pull xấu,🟡,,,,🔴 Yếu,,False
2026-08-11,DPR,🟡 TRUNG TÍNH,1,36300.0,0.83,3.27,44.04,👀 THEO DÕI,OBV tốt + Vị trí giá tốt + RSI cải thiện,2026-08-12T13:32:15+07:00,6.49,36161.76,36200.0,-0.11,1.27,0.38,25011300.0,24806179.0,120500.0,184690.0,,1.28,1.07,3.42,3.42,-5.35,-1.09,4,1,0,1,0,1,1,,,,,,🟢,MUA EARLY,PULL XẤU,RSI yếu | Slope âm | Pull xấu,🟡,,,,🔴 Yếu,,True
2026-08-11,DXG,🟡 TRUNG TÍNH,1,11100.0,1.83,8.29,47.86,👀 THEO DÕI,OBV tốt + Vị trí giá tốt + RSI cải thiện,2026-08-12T13:32:15+07:00,3.78,10870.73,10923.5,-0.48,2.54,2.11,567657104.0,559655396.0,4405800.0,10773310.0,,0.79,0.89,11.33,11.33,-10.84,0.0,4,1,0,2,0,1,0,,,,,,🟢,MUA EARLY,PULL XẤU,RSI yếu | Slope âm | Pull xấu,🟡,,,,🔴 Yếu,,True
2026-08-11,DXS,🟡 TRUNG TÍNH,1,6020.0,2.38,6.36,42.76,👀 THEO DÕI,OBV tốt + Vị trí giá tốt + Vol xác nhận,2026-08-12T13:32:15+07:00,5.03,5929.28,6030.5,-1.68,3.05,1.53,49115000.0,45613500.0,2514700.0,1874610.0,,1.14,1.06,7.31,7.31,-16.27,1.35,6,1,0,2,0,1,2,,,,,,🟢,MUA EARLY,PULL XẤU,RSI yếu | Slope âm | Pull xấu,🟡,,,,🔴 Yếu,,True
2026-08-11,EIB,🟡 TRUNG TÍNH,1,18300.0,0.55,5.48,46.01,👀 THEO DÕI,OBV tốt + Vị trí giá tốt + RSI cải thiện,2026-08-12T13:32:15+07:00,3.14,18094.08,17975.0,0.66,1.56,1.14,175106100.0,174626890.0,3647400.0,6436250.0,,0.7,0.78,10.91,10.91,-6.39,0.55,6,2,0,2,1,1,0,,,,,,🟢,MUA EARLY,PULL XẤU,RSI yếu | Pull xấu,🟡,,✅ EARLY GREEN2,🌱 EARLY DRY GREEN2,🟡 Ổn định,,True
2026-08-11,FTS,🟡 TRUNG TÍNH,1,22700.0,2.71,8.87,47.53,👀 THEO DÕI,OBV tốt + RSI cải thiện + Vị trí giá tốt,2026-08-12T13:32:15+07:00,6.67,22130.88,22290.0,-0.71,3.31,2.57,18592900.0,16953877.0,2141900.0,1291645.0,,0.55,0.74,12.94,12.94,-13.19,1.11,6,1,0,2,0,1,2,,,,,,🟢,MUA EARLY,PULL XẤU,RSI yếu | Slope âm | Pull xấu,🟡,,✅ EARLY GREEN2,,🔴 Yếu,,True
2026-08-11,GEE,🟡 TRUNG TÍNH,1,75100.0,7.29,18.27,51.37,👀 THEO DÕI,OBV tốt + RSI cải thiện,2026-08-12T13:32:15+07:00,14.89,69846.45,70385.0,-0.77,3.87,7.52,92687500.0,90086258.0,3288900.0,1268655.0,,0.89,0.9,18.27,18.27,-10.81,7.29,7,1,0,2,0,2,2,,,,,,🟢,MUA EARLY,PULL XẤU,RSI yếu | Slope âm | Pull xấu,🟡,,,,🔴 Yếu,,True
2026-08-11,GEG,🟡 TRUNG TÍNH,1,12300.0,0.82,2.5,44.16,👀 THEO DÕI,OBV tốt + Vị trí giá tốt + RSI cải thiện,2026-08-12T13:32:15+07:00,6.91,12199.12,12232.5,-0.27,1.32,0.83,23736800.0,23386786.0,179300.0,237700.0,,0.98,0.98,5.13,5.13,-6.82,0.41,4,1,0,2,0,1,0,,,,,,🟢,MUA EARLY,PULL XẤU,RSI yếu | Slope âm | Pull xấu,🟡,,,,🔴 Yếu,,True
2026-08-11,GMD,🟡 TRUNG TÍNH,1,76900.0,0.52,5.49,53.91,👀 THEO DÕI,OBV tốt + Vị trí giá tốt + RSI cải thiện,2026-08-12T13:32:15+07:00,-2.15,76675.05,75715.0,1.27,0.64,0.29,106837000.0,103928630.0,521800.0,1390695.0,,0.89,0.86,6.81,6.81,-6.22,-1.66,6,2,0,1,1,1,1,,,,,,🟢,MUA EARLY,PULL XẤU,RSI yếu | RSI chững | Pull xấu,🟡,,,,🟡 Ổn định,,True
2026-08-11,HDC,🟡 TRUNG TÍNH,1,12000.0,0.84,7.14,39.65,👀 THEO DÕI,OBV tốt + Vị trí giá tốt + Vol xác nhận,2026-08-12T13:32:15+07:00,5.95,11851.41,12025.0,-1.44,3.47,1.25,159037500.0,157291009.0,1096700.0,1396050.0,,0.74,0.89,10.09,10.09,-17.81,-0.41,5,1,0,2,0,1,1,,,,,,🟢,MUA EARLY,PULL XẤU,RSI yếu | Slope âm | Pull xấu,🟡,,,,🔴 Yếu,,True
2026-08-11,HDG,🟡 TRUNG TÍNH,1,16650.0,0.0,3.42,40.22,👀 THEO DÕI,OBV tốt + Vị trí giá tốt,2026-08-12T13:32:15+07:00,3.33,16653.89,16722.45,-0.41,2.52,-0.02,19676200.0,19483698.0,998200.0,1467465.0,,0.72,0.92,7.42,7.42,-13.95,-2.35,3,0,0,1,0,1,1,,,,,,🟢,MUA EARLY,PULL XẤU,RSI yếu | Giá dưới EMA9 | Slope âm | Pull xấu,🟡,,,,🔴 Yếu,,True
2026-08-11,KBC,🟡 TRUNG TÍNH,1,28000.0,-1.41,0.72,45.74,👀 THEO DÕI,OBV tốt + Vol xác nhận + Vị trí giá tốt,2026-08-12T13:32:15+07:00,3.16,28036.24,27875.0,0.58,0.31,-0.13,231842500.0,231654060.0,1306500.0,1345415.0,,0.93,0.95,4.48,4.48,-3.28,-1.75,2,0,0,1,1,0,0,,,,,,🟢,TÍCH LŨY,PULL XẤU,RSI yếu | Giá dưới EMA9 | Pull xấu,🔴,,,,🟡 Ổn định,,True
2026-08-11,MML,🟡 TRUNG TÍNH,1,28200.0,-1.05,3.68,48.92,👀 THEO DÕI,OBV tốt + Vị trí giá tốt + RSI cải thiện,2026-08-12T13:32:15+07:00,5.95,28088.45,27845.0,0.87,0.31,0.4,-1509400.0,-1532501.0,11800.0,23270.0,,0.85,1.3,6.42,6.42,-3.42,-0.7,6,2,0,1,1,1,1,,,,,,🟢,MUA EARLY,PULL XẤU,RSI yếu | Pull xấu,🟡,,,,🟡 Ổn định,,False
2026-08-11,ORS,🟡 TRUNG TÍNH,1,14300.0,0.35,9.16,57.41,👀 THEO DÕI,OBV tốt + Vị trí giá tốt + RSI cải thiện,2026-08-12T13:32:15+07:00,0.73,14053.24,13745.0,2.24,0.44,1.76,225629366.0,213624969.0,10512266.0,4761763.0,,0.7,0.99,11.72,13.04,-2.05,0.0,8,2,1,2,2,1,0,,,,,,🟢,PULL VỪA,PULL VỪA,,🟢,,,,🟢 Tăng tốc,,True
2026-08-11,PDR,🟡 TRUNG TÍNH,1,12100.0,0.0,5.22,40.28,👀 THEO DÕI,OBV tốt + Vol xác nhận + Vị trí giá tốt,2026-08-12T13:32:15+07:00,6.05,11982.55,12162.5,-1.48,2.73,0.98,246024000.0,241111888.0,6704300.0,7742315.0,,0.9,1.0,8.52,8.52,-13.57,0.0,3,1,0,1,0,1,0,,,,,,🟢,MUA EARLY,PULL XẤU,RSI yếu | Slope âm | Pull xấu,🟡,,,,🔴 Yếu,,True
2026-08-11,PHR,🟡 TRUNG TÍNH,1,58700.0,-1.84,6.73,47.13,👀 THEO DÕI,OBV tốt + Vị trí giá tốt + RSI cải thiện,2026-08-12T13:32:15+07:00,3.27,58548.25,58295.0,0.43,1.69,0.26,16905700.0,16810789.0,248500.0,343520.0,,0.87,0.97,6.73,6.73,-6.68,-2.0,6,2,0,1,1,1,1,,,,,,🟢,MUA EARLY,PULL XẤU,RSI yếu | Pull xấu,🟡,,,,🟡 Ổn định,,True
2026-08-11,REE,🟡 TRUNG TÍNH,1,47300.0,-2.17,6.29,51.97,👀 THEO DÕI,OBV tốt + Vị trí giá tốt + Xu hướng lên,2026-08-12T13:32:15+07:00,-1.9,47059.88,46050.0,2.19,0.29,0.51,-10503100.0,-10711184.0,249100.0,524255.0,,0.62,1.01,7.87,7.87,-2.87,-0.84,7,2,0,1,2,1,1,,,,,,🟢,MUA EARLY,PULL XẤU,RSI yếu | RSI chững | Pull xấu,🟡,,,,🟢 Tăng tốc,,True
2026-08-11,SBT,🟡 TRUNG TÍNH,1,21450.0,0.7,3.62,59.53,👀 THEO DÕI,OBV tốt + RSI cải thiện + Vị trí giá tốt,2026-08-12T13:32:15+07:00,11.15,21124.91,20977.5,0.7,0.58,1.54,115830201.0,106154155.0,11188101.0,1143200.0,,0.88,0.91,3.87,6.72,0.23,0.94,9,2,1,2,1,1,2,,,,,,🟢,PULL VỪA,PULL VỪA,,🟢,🟢 GREEN 2,,,🟡 Ổn định,,True
2026-08-11,TCX,🟡 TRUNG TÍNH,1,40800.0,0.37,7.09,49.67,👀 THEO DÕI,OBV tốt + Vị trí giá tốt + RSI cải thiện,2026-08-12T13:32:15+07:00,8.43,40104.21,40497.5,-0.97,0.8,1.73,21152500.0,19936618.0,2638200.0,1701295.0,,0.97,1.04,8.8,8.8,-6.21,1.87,6,1,0,2,0,1,2,,,,,,🟢,MUA EARLY,PULL XẤU,RSI yếu | Slope âm | Pull xấu,🟡,,✅ EARLY GREEN2,,🔴 Yếu,,True
2026-08-11,TPB,🟡 TRUNG TÍNH,1,14650.0,0.69,4.27,45.87,👀 THEO DÕI,OBV tốt + Vị trí giá tốt + RSI cải thiện,2026-08-12T13:32:15+07:00,3.26,14563.7,14502.5,0.42,1.72,0.59,452815288.0,439170788.0,5878100.0,9746325.0,,1.06,0.96,5.4,5.4,-6.39,-0.68,6,2,0,1,1,1,1,,,,,,🟢,MUA EARLY,PULL XẤU,RSI yếu | Pull xấu,🟡,,,,🟡 Ổn định,,True
2026-08-11,TVN,🟡 TRUNG TÍNH,1,9000.0,-1.1,3.45,42.92,👀 THEO DÕI,OBV tốt + Vol xác nhận + RSI cải thiện,2026-08-12T13:32:15+07:00,3.83,9055.88,9125.0,-0.76,3.46,-0.62,37312200.0,37003619.0,449100.0,481425.0,,0.95,0.93,8.43,8.43,-15.09,-2.17,2,0,0,1,0,1,0,,,,,,🟢,TÍCH LŨY,PULL XẤU,RSI yếu | Giá dưới EMA9 | Slope âm | Pull xấu,🔴,,,,🔴 Yếu,,False
2026-08-11,VCK,🟡 TRUNG TÍNH,1,30850.0,-1.59,7.87,47.89,👀 THEO DÕI,OBV tốt + Vị trí giá tốt + Vol xác nhận,2026-08-12T13:32:15+07:00,2.8,30667.22,30435.0,0.76,0.91,0.6,75280200.0,72889278.0,2063100.0,2538145.0,,0.72,1.03,8.82,8.82,-4.49,-0.48,6,2,0,2,1,1,0,,,,,,🟢,MUA EARLY,PULL XẤU,RSI yếu | Pull xấu,🟡,,,,🟡 Ổn định,,True
2026-08-11,VDS,🟡 TRUNG TÍNH,1,12200.0,0.83,6.55,43.34,👀 THEO DÕI,OBV tốt + Vol xác nhận + Vị trí giá tốt,2026-08-12T13:32:15+07:00,5.32,12065.02,12255.0,-1.55,3.29,1.12,48461800.0,47941084.0,1269200.0,1212805.0,,0.73,0.72,8.93,8.93,-17.29,0.41,5,1,0,2,0,1,1,,,,,,🟢,MUA EARLY,PULL XẤU,RSI yếu | Slope âm | Pull xấu,🟡,,,,🔴 Yếu,,True
2026-08-11,VGS,🟡 TRUNG TÍNH,1,18100.0,-0.55,4.62,39.45,👀 THEO DÕI,OBV tốt + Vol xác nhận + Vị trí giá tốt,2026-08-12T13:32:15+07:00,4.55,17998.55,18120.0,-0.67,2.29,0.56,4778500.0,4753319.0,128900.0,116745.0,,0.79,0.9,6.47,6.47,-12.14,-0.55,3,1,0,1,0,1,0,,,,,,🟢,MUA EARLY,PULL XẤU,RSI yếu | Slope âm | Pull xấu,🟡,,,,🔴 Yếu,,False
2026-08-11,VHC,🟡 TRUNG TÍNH,1,53500.0,0.0,-0.56,44.41,👀 THEO DÕI,OBV tốt + Vị trí giá tốt + RSI cải thiện,2026-08-12T13:32:15+07:00,9.2,52983.79,53915.0,-1.73,0.48,0.97,1082034.0,576350.0,760634.0,287762.0,,1.52,1.08,4.09,4.09,-6.96,1.13,5,1,0,2,0,0,2,,,,,,🟢,MUA EARLY,PULL XẤU,RSI yếu | Slope âm | Pull xấu,🟡,,,,🔴 Yếu,,True
2026-08-11,VHM,🟡 TRUNG TÍNH,1,73500.0,-3.86,11.45,53.23,👀 THEO DÕI,OBV tốt + Xu hướng lên + Vị trí giá tốt,2026-08-12T13:32:15+07:00,-9.88,73217.22,70617.5,3.68,-0.84,0.39,369568900.0,359527251.0,8286300.0,6108495.0,,1.73,1.31,15.84,15.84,-10.04,2.65,8,2,0,2,1,1,2,,,,,,🟢,MUA EARLY,PULL XẤU,RSI yếu | RSI chững | Pull xấu,🟡,,,,🟢 Tăng tốc,,True
2026-08-11,AGR,🔴 YẾU,2,13350.0,0.38,4.71,45.99,⏳ CHỜ,OBV xấu + Thiếu mẫu xác nhận,2026-08-12T13:32:15+07:00,4.43,13231.68,13340.0,-0.81,2.11,0.89,23050400.0,23481344.0,560800.0,410055.0,,0.53,0.7,8.98,8.98,-9.49,-0.37,0,1,0,0,0,1,-2,,,,,,🔴,THEO DÕI,PULL XẤU,OBV gãy | RSI yếu | Slope âm | Pull xấu,🔴,,,,🔴 Yếu,,True
2026-08-11,BVS,🔴 YẾU,2,27200.0,0.0,5.43,47.19,⏳ CHỜ,OBV xấu + Thiếu mẫu xác nhận,2026-08-12T13:32:15+07:00,4.09,26974.58,27680.0,-2.55,4.69,0.84,4101200.0,4665064.0,1166800.0,1213105.0,,0.61,0.75,11.93,11.93,-22.06,-2.86,2,1,0,0,0,1,0,,,,,,🔴,TÍCH LŨY,PULL XẤU,OBV gãy | RSI yếu | Slope âm | Pull xấu,🔴,,,,🔴 Yếu,,False
2026-08-11,LPB,🔴 YẾU,2,54200.0,0.74,1.31,56.49,⏳ CHỜ,OBV xấu + Thiếu mẫu xác nhận,2026-08-12T13:32:15+07:00,8.68,53023.24,53015.0,0.02,0.11,2.22,168399500.0,168550932.0,2583500.0,3316355.0,,0.75,0.85,5.24,19.12,-3.21,2.65,4,2,1,0,1,0,0,,,,,,🔴,MUA EARLY,PULL XẤU,OBV gãy | Pull xấu,🟡,,,,🟡 Ổn định,,True
2026-08-11,MBS,🔴 YẾU,2,18800.0,1.08,5.62,47.56,⏳ CHỜ,OBV xấu + Thiếu mẫu xác nhận,2026-08-12T13:32:15+07:00,4.98,18593.41,18685.0,-0.49,2.93,1.11,-38974300.0,-38385771.0,6774800.0,7015895.0,,0.66,0.77,8.05,8.05,-11.74,-1.05,2,1,0,0,0,1,0,,,,,,🔴,TÍCH LŨY,PULL XẤU,OBV gãy | RSI yếu | Slope âm | Pull xấu,🔴,,,,🔴 Yếu,,False
2026-08-11,POW,🔴 YẾU,2,13650.0,-1.8,2.63,47.74,⏳ CHỜ,OBV xấu + Thiếu mẫu xác nhận,2026-08-12T13:32:15+07:00,5.12,13671.19,13620.0,0.38,0.55,-0.15,318889974.0,323688214.0,6963230.0,7461006.0,,0.98,1.01,3.41,3.41,-3.19,-1.09,2,0,0,0,1,1,0,,,,,,🔴,TÍCH LŨY,PULL XẤU,OBV gãy | RSI yếu | Giá dưới EMA9 | Pull xấu,🔴,,,,🟡 Ổn định,,True
2026-08-11,SHB,🔴 YẾU,2,11800.0,0.0,3.51,41.98,⏳ CHỜ,OBV xấu + Thiếu mẫu xác nhận,2026-08-12T13:32:15+07:00,2.02,11805.96,11857.5,-0.43,1.53,-0.05,1724099360.0,1743729808.0,34503300.0,54134095.0,,0.99,1.04,5.36,5.36,-8.53,-2.07,2,0,0,0,0,1,1,,,,,,🔴,TÍCH LŨY,PULL XẤU,OBV gãy | RSI yếu | Giá dưới EMA9 | Slope âm | Pull xấu,🔴,,,,🔴 Yếu,,True
2026-08-11,SHS,🔴 YẾU,2,15900.0,0.63,6.0,46.23,⏳ CHỜ,OBV xấu + Thiếu mẫu xác nhận,2026-08-12T13:32:15+07:00,2.41,15746.76,15625.0,0.78,2.57,0.97,710694596.0,712358770.0,12823600.0,12163720.0,,0.7,0.77,11.19,11.19,-10.17,-0.62,4,2,0,0,1,1,0,,,,,,🔴,MUA EARLY,PULL XẤU,OBV gãy | RSI yếu | Pull xấu,🟡,,,,🟡 Ổn định,,False
2026-08-11,SSB,🔴 YẾU,2,15500.0,0.32,-0.32,50.28,⏳ CHỜ,OBV xấu + Thiếu mẫu xác nhận,2026-08-12T13:32:15+07:00,11.13,15376.66,15540.0,-1.05,0.17,0.8,30741000.0,31028238.0,1901900.0,2161725.0,,0.99,0.99,2.99,13.55,-3.43,1.64,2,1,0,0,0,0,1,,,,,,🔴,TÍCH LŨY,PULL XẤU,OBV gãy | RSI yếu | Slope âm | Pull xấu,🔴,,✅ EARLY GREEN2,,🔴 Yếu,,True
2026-08-11,VJC,🔴 YẾU,2,127400.0,0.71,3.24,44.84,⏳ CHỜ,OBV xấu + Thiếu mẫu xác nhận,2026-08-12T13:32:15+07:00,5.37,126328.69,127249.95,-0.72,1.02,0.85,21536600.0,22412195.0,1390800.0,1196080.0,,1.28,1.14,3.24,3.24,-5.35,1.43,3,1,0,0,0,1,1,,,,,,🔴,MUA EARLY,PULL XẤU,OBV gãy | RSI yếu | Slope âm | Pull xấu,🟡,,,,🔴 Yếu,,True
2026-08-11,VPB,🔴 YẾU,2,25600.0,-0.19,4.07,49.78,⏳ CHỜ,OBV xấu + Thiếu mẫu xác nhận,2026-08-12T13:32:15+07:00,6.18,25373.03,25225.0,0.59,1.19,0.89,1297702892.0,1314107219.0,9988200.0,15310320.0,,1.05,0.92,5.13,5.13,-3.58,-1.16,5,2,0,0,1,1,1,,,,,,🔴,MUA EARLY,PULL XẤU,OBV gãy | RSI yếu | Pull xấu,🟡,,,,🟡 Ổn định,,True
2026-08-11,BMP,⚠️ YẾU DẦN,3,148700.0,-0.73,0.41,48.72,🟠 HẠN CHẾ / GIẢM,OBV xấu + Thiếu mẫu xác nhận,2026-08-12T13:32:15+07:00,2.6,149191.56,150350.0,-0.77,-0.3,-0.33,1972600.0,2096756.0,63100.0,141450.0,,0.68,0.7,0.75,12.74,-4.68,0.0,0,0,0,0,0,0,0,,,,,,🔴,THEO DÕI,PULL XẤU,OBV gãy | RSI yếu | Giá dưới EMA9 | Slope âm | Pull xấu,🔴,,,,🔴 Yếu,,True
2026-08-11,HHS,⚠️ YẾU DẦN,3,9990.0,-2.54,4.06,46.16,🟠 HẠN CHẾ / GIẢM,OBV xấu + Thiếu mẫu xác nhận + RS yếu,2026-08-12T13:32:15+07:00,2.12,9963.56,9976.0,-0.12,1.52,0.27,157479100.0,158179530.0,661400.0,1037345.0,,0.99,0.95,6.28,6.28,-11.2,-1.09,3,1,0,0,0,1,1,,,,,,🔴,MUA EARLY,PULL XẤU,OBV gãy | RSI yếu | Slope âm | Pull xấu,🟡,,,,🔴 Yếu,,True
2026-08-11,HUT,⚠️ YẾU DẦN,3,13700.0,-3.52,-7.43,23.34,🟠 HẠN CHẾ / GIẢM,OBV xấu + Xu hướng giảm + Vol chưa xác nhận,2026-08-12T13:32:15+07:00,14.39,13956.94,14570.0,-4.21,-1.0,-1.84,29947100.0,32347455.0,714700.0,2418225.0,,0.53,1.11,2.24,2.24,-9.87,1.48,0,0,0,0,0,0,0,,,,,,🔴,THEO DÕI,PULL XẤU,OBV gãy | RSI yếu | Giá dưới EMA9 | Slope âm | Pull xấu,🔴,,,,🔴 Yếu,,False
2026-08-11,HVN,⚠️ YẾU DẦN,3,23700.0,-0.21,8.47,53.96,🟠 HẠN CHẾ / GIẢM,OBV xấu + Thiếu mẫu xác nhận,2026-08-12T13:32:15+07:00,-1.97,23458.62,22852.5,2.65,2.23,1.03,4257700.0,4482646.0,694300.0,1107565.0,,1.17,0.97,11.79,13.13,-5.58,0.85,5,2,0,0,2,1,0,,,,,,🔴,MUA EARLY,PULL XẤU,OBV gãy | RSI yếu | RSI chững | Pull xấu,🟡,,,,🟢 Tăng tốc,,True
2026-08-11,NAB,⚠️ YẾU DẦN,3,11850.0,-2.07,-3.27,38.2,🟠 HẠN CHẾ / GIẢM,OBV xấu + Xu hướng giảm + Thiếu mẫu xác nhận,2026-08-12T13:32:15+07:00,2.09,12022.26,12297.5,-2.24,0.5,-1.43,56719100.0,58803080.0,1104600.0,1956330.0,,0.76,0.88,0.42,1.28,-9.54,-0.84,1,0,0,0,0,0,1,,,,,,🔴,THEO DÕI,PULL XẤU,OBV gãy | RSI yếu | Giá dưới EMA9 | Slope âm | Pull xấu,🔴,,,,🔴 Yếu,,True
2026-08-11,NTL,⚠️ YẾU DẦN,3,13550.0,-2.17,-3.21,25.49,🟠 HẠN CHẾ / GIẢM,OBV xấu + RSI yếu + Xu hướng giảm,2026-08-12T13:32:15+07:00,0.71,13761.1,14130.0,-2.61,0.44,-1.53,70678195.0,70861713.0,151605.0,281455.0,,0.86,1.16,0.0,0.0,-10.26,-1.09,1,0,0,0,0,0,1,,,,,,🔴,THEO DÕI,PULL XẤU,OBV gãy | RSI yếu | Giá dưới EMA9 | Slope âm | Pull xấu,🔴,,,,🔴 Yếu,,True
2026-08-11,NTP,⚠️ YẾU DẦN,3,48200.0,-2.03,-0.82,44.72,🟠 HẠN CHẾ / GIẢM,OBV xấu + Thiếu mẫu xác nhận + Vol chưa xác nhận,2026-08-12T13:32:15+07:00,-0.28,48564.42,48435.0,0.27,0.12,-0.75,9969500.0,10003978.0,157000.0,91920.0,,1.68,1.46,1.26,1.26,-3.6,-1.63,-1,0,0,0,1,0,-2,,,,,,🔴,THEO DÕI,PULL XẤU,OBV gãy | RSI yếu | RSI chững | Giá dưới EMA9 | Pull xấu,🔴,,,,🟡 Ổn định,,False
2026-08-11,PC1,⚠️ YẾU DẦN,3,20500.0,-4.65,-4.21,42.18,🟠 HẠN CHẾ / GIẢM,OBV xấu + Xu hướng giảm + Thiếu mẫu xác nhận,2026-08-12T13:32:15+07:00,0.29,20886.76,21165.0,-1.31,-0.86,-1.85,124063200.0,124932464.0,1351900.0,2080180.0,,0.85,0.92,0.0,10.22,-8.07,-1.68,1,0,0,0,0,0,1,,,,,,🔴,THEO DÕI,PULL XẤU,OBV gãy | RSI yếu | Giá dưới EMA9 | Slope âm | Pull xấu,🔴,,,,🔴 Yếu,,True
2026-08-11,PNJ,⚠️ YẾU DẦN,3,35300.0,-0.42,8.12,36.68,🟠 HẠN CHẾ / GIẢM,OBV xấu + Vol chưa xác nhận + Thiếu mẫu xác nhận,2026-08-12T13:32:15+07:00,-1.97,35508.39,35900.0,-1.09,4.46,-0.59,-75650300.0,-65464101.0,3197000.0,10176610.0,,0.65,0.92,14.8,14.8,-24.73,-2.75,2,0,0,0,0,1,1,,,,,,🔴,TÍCH LŨY,PULL XẤU,OBV gãy | RSI yếu | RSI chững | Giá dưới EMA9 | Slope âm | Pull xấu,🔴,,,,🔴 Yếu,,True
2026-08-11,PTB,⚠️ YẾU DẦN,3,33600.0,-2.61,5.49,43.68,🟠 HẠN CHẾ / GIẢM,OBV xấu + Thiếu mẫu xác nhận + RS yếu,2026-08-12T13:32:15+07:00,-4.78,33729.36,33654.95,0.22,0.94,-0.38,-649200.0,-581506.0,75800.0,67990.0,,0.58,0.65,5.49,5.49,-7.18,-1.18,2,0,0,0,1,1,0,,,,,,🔴,TÍCH LŨY,PULL XẤU,OBV gãy | RSI yếu | RSI chững | Giá dưới EMA9 | Pull xấu,🔴,,,,🟡 Ổn định,,True
2026-08-11,TCH,⚠️ YẾU DẦN,3,12250.0,-0.41,8.89,44.82,🟠 HẠN CHẾ / GIẢM,OBV xấu + Thiếu mẫu xác nhận,2026-08-12T13:32:15+07:00,3.95,12077.83,12160.0,-0.68,2.7,1.43,140913200.0,146062118.0,4009900.0,5060295.0,,0.93,0.97,11.36,11.36,-16.67,-0.81,3,1,0,0,0,1,1,,,,,,🔴,MUA EARLY,PULL XẤU,OBV gãy | RSI yếu | Slope âm | Pull xấu,🟡,,,,🔴 Yếu,,True
2026-08-11,TCM,⚠️ YẾU DẦN,3,16700.0,1.21,-0.3,31.77,🟠 HẠN CHẾ / GIẢM,OBV xấu + Thiếu mẫu xác nhận + RSI yếu,2026-08-12T13:32:15+07:00,1.15,16764.79,17232.5,-2.71,2.26,-0.39,-9090300.0,-9029106.0,662100.0,1198060.0,,0.59,0.91,2.45,2.45,-16.5,0.6,1,0,0,0,0,1,0,,,,,,🔴,THEO DÕI,PULL XẤU,OBV gãy | RSI yếu | Giá dưới EMA9 | Slope âm | Pull xấu,🔴,,,,🔴 Yếu,,True
2026-08-11,VIB,⚠️ YẾU DẦN,3,14750.0,-0.34,2.43,43.99,🟠 HẠN CHẾ / GIẢM,OBV xấu + Thiếu mẫu xác nhận,2026-08-12T13:32:15+07:00,5.02,14723.29,14757.5,-0.23,1.2,0.18,211644804.0,212968353.0,4511500.0,6696060.0,,0.84,0.91,4.24,4.24,-6.35,-1.01,3,1,0,0,0,1,1,,,,,,🔴,MUA EARLY,PULL XẤU,OBV gãy | RSI yếu | Slope âm | Pull xấu,🟡,,,,🔴 Yếu,,True
2026-08-11,VIC,⚠️ YẾU DẦN,3,212900.0,-2.34,-0.42,47.32,🟠 HẠN CHẾ / GIẢM,OBV xấu + Thiếu mẫu xác nhận,2026-08-12T13:32:15+07:00,-5.61,214639.87,215675.0,-0.48,-0.53,-0.81,311229200.0,311658197.0,4985100.0,4185175.0,,1.27,1.15,5.34,10.89,-4.96,1.77,1,0,0,0,0,0,1,,,,,,🔴,THEO DÕI,PULL XẤU,OBV gãy | RSI yếu | RSI chững | Giá dưới EMA9 | Slope âm | Pull xấu,🔴,,,,🔴 Yếu,,True
2026-08-11,VND,⚠️ YẾU DẦN,3,16900.0,-0.29,3.05,48.46,🟠 HẠN CHẾ / GIẢM,OBV xấu + Thiếu mẫu xác nhận,2026-08-12T13:32:15+07:00,2.38,16836.57,16860.0,-0.14,1.03,0.38,563405212.0,571422550.0,12925900.0,12615595.0,,0.71,0.83,10.1,10.1,-5.32,-1.17,2,1,0,0,0,1,0,,,,,,🔴,TÍCH LŨY,PULL XẤU,OBV gãy | RSI yếu | Slope âm | Pull xấu,🔴,,,,🔴 Yếu,,True
2026-08-11,VPL,⚠️ YẾU DẦN,3,78100.0,-3.82,4.83,41.24,🟠 HẠN CHẾ / GIẢM,OBV xấu + RSI yếu + RS yếu,2026-08-12T13:32:15+07:00,-8.98,79055.02,78290.0,0.98,0.02,-1.21,14123500.0,15147222.0,667400.0,641530.0,,0.86,0.84,6.26,6.26,-5.68,-0.51,2,0,0,0,1,1,0,,,,,,🔴,TÍCH LŨY,PULL XẤU,OBV gãy | RSI yếu | RSI chững | Giá dưới EMA9 | Pull xấu,🔴,,,,🟡 Ổn định,,True
2026-08-11,VPX,⚠️ YẾU DẦN,3,25600.0,-1.54,3.64,45.3,🟠 HẠN CHẾ / GIẢM,OBV xấu + Thiếu mẫu xác nhận,2026-08-12T13:32:15+07:00,0.72,25645.5,25840.0,-0.75,0.72,-0.18,7057600.0,9009355.0,1528200.0,1307850.0,,0.75,0.91,6.0,6.0,-7.75,-0.97,1,0,0,0,0,1,0,,,,,,🔴,THEO DÕI,PULL XẤU,OBV gãy | RSI yếu | Giá dưới EMA9 | Slope âm | Pull xấu,🔴,,,,🔴 Yếu,,True
2026-08-12,ACB,🌱 ĐANG HỒI,0,22700.0,1.11,1.79,53.68,🟢 MUA / GIỮ,OBV tốt + RSI cải thiện + Vị trí giá tốt,2026-08-13T12:47:27+07:00,4.49,22522.04,22587.5,-0.29,0.71,0.79,400000.0,-13971140.0,10994300.0,16069050.0,,0.61,0.66,3.65,15.58,-4.82,0.22,4,1,0,2,0,1,0,,,,,,🟢,MUA EARLY,PULL XẤU,RSI yếu | Slope âm | Pull xấu,🟡,,,,🔴 Yếu,,True
2026-08-12,ACV,🌱 ĐANG HỒI,0,41500.0,6.14,7.24,54.15,🟢 MUA / GIỮ,OBV tốt + Vị trí giá tốt + Xu hướng lên,2026-08-13T12:47:27+07:00,-1.4,40691.24,39900.0,1.98,2.72,1.99,-61098300.0,-61784320.0,460400.0,563180.0,,1.39,1.13,8.07,8.07,-3.04,0.24,8,2,0,2,1,2,1,,,,,,🟢,MUA EARLY,PULL XẤU,RSI yếu | RSI chững | Pull xấu,🟡,,,,🟡 Ổn định,,False
2026-08-12,BAF,🌱 ĐANG HỒI,0,31500.0,0.0,7.33,68.53,🟢 MUA / GIỮ,OBV tốt + Vị trí giá tốt + Vol xác nhận,2026-08-13T12:47:27+07:00,0.29,30867.49,30047.5,2.73,0.18,2.05,99117000.0,96798619.0,2296800.0,1802400.0,,1.13,1.21,9.19,9.87,-1.56,0.96,11,2,2,2,2,1,2,,,,,,🟢,GÀ TĂNG TỐC,PULL XẤU,Pull xấu,🟡,,,,🟢 Tăng tốc,,True
2026-08-12,BID,🌱 ĐANG HỒI,0,39450.0,3.82,11.28,56.68,🟢 MUA / GIỮ,OBV tốt + Vị trí giá tốt + Xu hướng lên,2026-08-13T12:47:27+07:00,1.79,38563.96,37452.5,2.97,2.03,2.3,153374600.0,148293497.0,2699800.0,4428400.0,,1.02,1.12,13.69,13.69,-1.23,0.9,9,2,1,2,2,2,0,,,,,,🟢,MUA EARLY,PULL XẤU,Pull xấu,🟡,,,,🟢 Tăng tốc,,True
2026-08-12,BSI,🌱 ĐANG HỒI,0,29100.0,3.19,7.78,45.5,🟢 MUA / GIỮ,OBV tốt + Vị trí giá tốt + RSI cải thiện,2026-08-13T12:47:27+07:00,6.69,28695.8,28689.9,0.02,3.37,1.41,22920900.0,22406566.0,371200.0,472100.0,,0.84,0.81,10.86,10.86,-12.35,-1.36,7,2,0,1,1,2,1,,,,,,🟢,MUA EARLY,PULL XẤU,RSI yếu | Pull xấu,🟡,,,,🟡 Ổn định,,True
2026-08-12,BSR,🌱 ĐANG HỒI,0,26900.0,8.16,9.71,60.79,🟢 MUA / GIỮ,Xu hướng lên + OBV tốt + RSI cải thiện,2026-08-13T12:47:27+07:00,4.0,25721.76,24726.0,4.03,2.92,4.58,660527300.0,644730972.0,7412500.0,8959340.0,,1.24,1.03,18.29,18.29,-1.25,2.87,10,2,1,2,2,2,1,,,,,,🟢,GÀ TĂNG TỐC,PULL XẤU,Pull xấu,🟡,,,,🟢 Tăng tốc,,True
2026-08-12,BVH,🌱 ĐANG HỒI,0,66500.0,4.07,12.71,61.45,🟢 MUA / GIỮ,OBV tốt + Xu hướng lên + Vị trí giá tốt,2026-08-13T12:47:27+07:00,-2.9,64571.21,61170.0,5.56,1.03,2.99,18507700.0,17460078.0,368600.0,435585.0,,1.3,1.28,17.49,17.49,-2.21,1.22,10,2,1,2,2,2,1,,,,,,🟢,GÀ TĂNG TỐC,PULL XẤU,RSI chững | Pull xấu,🟡,,,,🟢 Tăng tốc,,True
2026-08-12,CEO,🌱 ĐANG HỒI,0,12300.0,2.5,9.82,46.45,🟢 MUA / GIỮ,OBV tốt + RSI cải thiện + Vị trí giá tốt,2026-08-13T12:47:27+07:00,9.6,12020.15,11920.0,0.84,3.96,2.33,301681900.0,296370394.0,3669700.0,6039690.0,,0.91,0.93,13.89,13.89,-13.99,0.82,6,2,0,2,1,1,0,,,,,,🟢,MUA EARLY,PULL XẤU,RSI yếu | Pull xấu,🟡,,,,🟡 Ổn định,,False
2026-08-12,CII,🌱 ĐANG HỒI,0,14250.0,0.71,10.89,45.94,🟢 MUA / GIỮ,OBV tốt + Vị trí giá tốt + RSI cải thiện,2026-08-13T12:47:27+07:00,6.07,14003.01,13927.5,0.54,3.6,1.76,602830504.0,594765972.0,6100300.0,8588205.0,,0.9,0.89,12.65,12.65,-14.16,0.35,6,2,0,2,1,1,0,,,,,,🟢,MUA EARLY,PULL XẤU,RSI yếu | Pull xấu,🟡,,,,🟡 Ổn định,,True
2026-08-12,CTD,🌱 ĐANG HỒI,0,63900.0,1.11,11.32,52.33,🟢 MUA / GIỮ,OBV tốt + Xu hướng lên + RSI cải thiện,2026-08-13T12:47:27+07:00,6.59,62279.76,60420.0,3.08,2.33,2.6,10965500.0,10508704.0,209200.0,429300.0,,0.73,0.93,15.97,15.97,-5.33,2.08,7,2,0,2,2,1,0,,,,,,🟢,MUA EARLY,PULL XẤU,RSI yếu | Pull xấu,🟡,,✅ EARLY GREEN2,,🟢 Tăng tốc,,True
2026-08-12,CTG,🌱 ĐANG HỒI,0,32600.0,2.35,11.07,58.29,🟢 MUA / GIỮ,OBV tốt + Xu hướng lên + Vị trí giá tốt,2026-08-13T12:47:27+07:00,-0.76,31918.89,30839.45,3.5,1.66,2.13,392572500.0,379451163.0,5077700.0,9088265.0,,0.98,1.08,13.39,13.39,-1.21,0.77,8,2,1,2,2,1,0,,,,,,🟢,MUA EARLY,PULL XẤU,RSI chững | Pull xấu,🟡,,,,🟢 Tăng tốc,,True
2026-08-12,CTR,🌱 ĐANG HỒI,0,75700.0,0.93,9.71,59.3,🟢 MUA / GIỮ,OBV tốt + Vị trí giá tốt + Xu hướng lên,2026-08-13T12:47:27+07:00,-6.67,74873.02,71830.0,4.24,0.63,1.1,-6871000.0,-7630016.0,140900.0,312805.0,,1.39,1.21,14.01,14.01,-2.32,0.26,8,2,1,2,2,1,0,,,,,,🟢,PULL VỪA,PULL VỪA,RSI chững,🟡,,,,🟢 Tăng tốc,,True
2026-08-12,DGC,🌱 ĐANG HỒI,0,44200.0,9.0,16.78,57.24,🟢 MUA / GIỮ,OBV tốt + Xu hướng lên + RSI cải thiện,2026-08-13T12:47:27+07:00,-0.52,42520.98,40932.5,3.88,3.91,3.95,-121387600.0,-122476092.0,242100.0,836615.0,,0.69,0.71,22.78,22.78,-3.49,-0.45,10,2,1,2,2,2,1,,,,,,🟢,GÀ TĂNG TỐC,PULL XẤU,RSI chững | Pull xấu,🟡,,,,🟢 Tăng tốc,,True
2026-08-12,DGW,🌱 ĐANG HỒI,0,42450.0,8.43,20.08,68.6,🟢 MUA / GIỮ,Xu hướng lên + OBV tốt + RSI cải thiện,2026-08-13T12:47:27+07:00,10.26,39712.45,37170.0,6.84,3.29,6.89,61638596.0,57963240.0,1548496.0,1066260.0,,1.18,1.28,28.05,28.05,2.17,3.03,12,2,2,2,2,2,2,,,,,,🟢,GÀ TĂNG TỐC,PULL XẤU,Pull xấu,🟡,🟢 GREEN 2,,,🟢 Tăng tốc,,True
2026-08-12,DIG,🌱 ĐANG HỒI,0,10950.0,2.34,8.42,46.42,🟢 MUA / GIỮ,OBV tốt + Vị trí giá tốt + RSI cải thiện,2026-08-13T12:47:27+07:00,4.71,10788.0,10752.5,0.33,3.63,1.5,184879500.0,184332140.0,7144900.0,9921205.0,,0.72,0.86,13.0,13.0,-13.44,-0.45,6,2,0,1,1,1,1,,,,,,🟢,MUA EARLY,PULL XẤU,RSI yếu | Pull xấu,🟡,,,,🟡 Ổn định,,True
2026-08-12,DPG,🌱 ĐANG HỒI,0,30350.0,-0.82,11.58,47.35,🟢 MUA / GIỮ,OBV tốt + Vol xác nhận + Xu hướng lên,2026-08-13T12:47:27+07:00,1.92,29887.75,28835.0,3.65,3.04,1.55,22324300.0,22209097.0,432800.0,420335.0,,0.94,1.07,16.51,16.51,-9.81,-0.98,6,2,0,1,2,1,0,,,,,,🟢,MUA EARLY,PULL XẤU,RSI yếu | Pull xấu,🟡,,,,🟢 Tăng tốc,,True
2026-08-12,DPM,🌱 ĐANG HỒI,0,22200.0,1.83,3.06,53.4,🟢 MUA / GIỮ,OBV tốt + Vị trí giá tốt + RSI cải thiện,2026-08-13T12:47:27+07:00,3.09,22042.59,21707.0,1.55,1.24,0.71,81629700.0,78130829.0,1637400.0,2874620.0,,1.22,1.07,7.51,7.51,-3.23,-1.33,6,2,0,1,1,1,1,,,,,,🟢,MUA EARLY,PULL XẤU,RSI yếu | Pull xấu,🟡,,,,🟡 Ổn định,,True
2026-08-12,DPR,🌱 ĐANG HỒI,0,37000.0,3.35,5.41,51.71,🟢 MUA / GIỮ,OBV tốt + Vị trí giá tốt + RSI cải thiện,2026-08-13T12:47:27+07:00,12.0,36337.41,36182.5,0.43,1.43,1.82,25174200.0,24879783.0,162900.0,187380.0,,1.19,1.06,5.41,5.41,-3.14,2.21,8,2,0,2,1,2,1,,,,,,🟢,MUA EARLY,PULL XẤU,RSI yếu | Pull xấu,🟡,,,,🟡 Ổn định,,True
2026-08-12,DRI,🌱 ĐANG HỒI,0,13700.0,5.38,7.03,61.83,🟢 MUA / GIỮ,OBV tốt + RSI cải thiện + Vị trí giá tốt,2026-08-13T12:47:27+07:00,10.22,13223.13,12975.0,1.91,1.3,3.61,39989000.0,38531254.0,1011600.0,452530.0,,1.07,1.03,9.6,9.6,2.24,3.01,10,2,1,2,1,2,2,,,,,,🟢,MUA BREAK,PULL XẤU,Pull xấu,🟡,🟢 GREEN 2,,,🟡 Ổn định,,False
2026-08-12,DXG,🌱 ĐANG HỒI,0,11250.0,4.17,9.22,50.56,🟢 MUA / GIỮ,OBV tốt + RSI cải thiện + Vị trí giá tốt,2026-08-13T12:47:27+07:00,10.04,10938.59,10873.5,0.6,3.15,2.85,569681704.0,560955729.0,6430400.0,10732300.0,,0.81,0.84,12.84,12.84,-9.64,1.81,7,2,0,2,1,2,0,,,,,,🟢,MUA EARLY,PULL XẤU,RSI yếu | Pull xấu,🟡,,,,🟡 Ổn định,,True
2026-08-12,DXS,🌱 ĐANG HỒI,0,5990.0,2.74,4.9,41.72,🟢 MUA / GIỮ,OBV tốt + Vol xác nhận + Vị trí giá tốt,2026-08-13T12:47:27+07:00,3.65,5936.63,5980.5,-0.73,3.17,0.9,49115000.0,46313800.0,1758200.0,1919665.0,,1.22,1.09,6.77,6.77,-16.69,-0.17,3,1,0,1,0,1,0,,,,,,🟢,MUA EARLY,PULL XẤU,RSI yếu | Slope âm | Pull xấu,🟡,,,,🔴 Yếu,,True
2026-08-12,EVF,🌱 ĐANG HỒI,0,12850.0,2.39,7.53,55.89,🟢 MUA / GIỮ,OBV tốt + RSI cải thiện + Vị trí giá tốt,2026-08-13T12:47:27+07:00,10.12,12490.27,12360.0,1.05,1.26,2.88,153373765.0,151454499.0,2277765.0,1726353.0,,0.71,0.73,8.9,8.9,0.0,2.8,9,2,1,2,1,1,2,,,,,,🟢,CP MẠNH,PULL XẤU,Pull xấu,🟡,,,,🟡 Ổn định,,True
2026-08-12,FCN,🌱 ĐANG HỒI,0,11300.0,3.2,8.65,55.36,🟢 MUA / GIỮ,OBV tốt + RSI cải thiện + Vị trí giá tốt,2026-08-13T12:47:27+07:00,8.99,10991.41,10857.5,1.23,1.6,2.81,38404700.0,37046537.0,679200.0,444415.0,,1.24,1.16,8.65,8.65,0.0,2.26,10,2,1,2,1,2,2,,,,,,🟢,CP MẠNH,PULL XẤU,Pull xấu,🟡,,✅ EARLY GREEN2,,🟡 Ổn định,,True
2026-08-12,FPT,🌱 ĐANG HỒI,0,71300.0,1.42,9.53,58.12,🟢 MUA / GIỮ,OBV tốt + Vị trí giá tốt + Xu hướng lên,2026-08-13T12:47:27+07:00,0.69,70264.1,67639.9,3.88,1.09,1.47,-409817100.0,-415547820.0,3685600.0,6919670.0,,0.72,0.91,14.63,14.63,-2.73,0.14,8,2,1,2,2,1,0,,,,,,🟢,PULL VỪA,PULL VỪA,,🟢,,,,🟢 Tăng tốc,,True
2026-08-12,FRT,🌱 ĐANG HỒI,0,147500.0,9.26,35.69,79.55,🟢 MUA / GIỮ,Xu hướng lên + OBV tốt + RS mạnh,2026-08-13T12:47:27+07:00,10.76,135240.87,121350.0,11.45,3.14,9.06,4290100.0,1818307.0,931600.0,620565.0,,1.35,1.4,40.48,40.48,0.68,-0.34,8,2,2,2,2,2,-2,,,,,,🟢,MUA EARLY,PULL XẤU,Pull xấu,🟡,,,,🟢 Tăng tốc,,True
2026-08-12,FTS,🌱 ĐANG HỒI,0,22650.0,2.95,9.95,47.17,🟢 MUA / GIỮ,OBV tốt + RSI cải thiện + Vị trí giá tốt,2026-08-13T12:47:27+07:00,6.3,22226.7,22167.5,0.27,3.32,1.9,18592900.0,17281682.0,594700.0,1262600.0,,0.73,0.78,12.69,12.69,-13.38,-1.31,6,2,0,1,1,1,1,,,,,,🟢,MUA EARLY,PULL XẤU,RSI yếu | Pull xấu,🟡,,,,🟡 Ổn định,,True
2026-08-12,GAS,🌱 ĐANG HỒI,0,79700.0,13.05,17.38,62.45,🟢 MUA / GIỮ,Xu hướng lên + OBV tốt + Vol xác nhận,2026-08-13T12:47:27+07:00,6.73,74730.72,71260.0,4.87,5.33,6.65,42291400.0,39691333.0,1433600.0,1415500.0,,1.22,0.96,23.76,23.76,-1.12,2.84,10,2,1,2,2,2,1,,,,,,🟢,GÀ TĂNG TỐC,PULL XẤU,Pull xấu,🟡,,,,🟢 Tăng tốc,,True
2026-08-12,GEE,🌱 ĐANG HỒI,0,74700.0,6.87,17.45,50.8,🟢 MUA / GIỮ,OBV tốt + RSI cải thiện + Xu hướng lên,2026-08-13T12:47:27+07:00,15.37,70689.16,70080.0,0.87,5.05,5.67,94878900.0,91044787.0,2191400.0,1343170.0,,1.14,1.01,17.64,17.64,-11.28,-0.53,5,2,0,2,1,2,-2,,,,,,🟢,MUA EARLY,PULL XẤU,RSI yếu | Pull xấu,🟡,,,,🟡 Ổn định,,True
2026-08-12,GEG,🌱 ĐANG HỒI,0,12350.0,1.23,2.07,45.98,🟢 MUA / GIỮ,OBV tốt + Vị trí giá tốt + RSI cải thiện,2026-08-13T12:47:27+07:00,8.73,12221.3,12192.5,0.24,1.5,1.05,23698000.0,23420341.0,140500.0,233530.0,,0.99,0.98,5.56,5.56,-6.44,0.82,6,2,0,2,1,1,0,,,,,,🟢,MUA EARLY,PULL XẤU,RSI yếu | Pull xấu,🟡,,,,🟡 Ổn định,,True
2026-08-12,GEX,🌱 ĐANG HỒI,0,26750.0,8.3,29.23,58.8,🟢 MUA / GIỮ,Xu hướng lên + OBV tốt + RSI cải thiện,2026-08-13T12:47:27+07:00,10.25,25068.8,23412.5,7.07,5.4,6.71,574428400.0,551708717.0,9425000.0,13673090.0,,0.91,1.03,31.77,31.77,0.56,0.94,9,2,1,2,2,2,0,,,,,,🟢,MUA EARLY,PULL XẤU,Pull xấu,🟡,,,,🟢 Tăng tốc,,True
2026-08-12,GIL,🌱 ĐANG HỒI,0,8690.0,10.14,31.87,54.77,🟢 MUA / GIỮ,Xu hướng lên + OBV tốt + Vol xác nhận,2026-08-13T12:47:27+07:00,16.1,7972.0,7388.95,7.89,8.97,9.01,-4144200.0,-4934286.0,376600.0,342010.0,,0.98,0.78,32.67,32.67,-3.55,3.45,9,2,0,2,2,2,1,,,,,,🟢,MUA EARLY,PULL XẤU,RSI yếu | Pull xấu,🟡,,,,🟢 Tăng tốc,,True
2026-08-12,GMD,🌱 ĐANG HỒI,0,77100.0,1.18,4.47,54.64,🟢 MUA / GIỮ,OBV tốt + Vị trí giá tốt + RSI cải thiện,2026-08-13T12:47:27+07:00,-1.76,76840.04,75745.0,1.45,0.62,0.34,105963800.0,104335664.0,873200.0,1398050.0,,0.95,0.9,7.08,7.08,-5.98,-0.39,6,2,0,1,1,1,1,,,,,,🟢,MUA EARLY,PULL XẤU,RSI yếu | RSI chững | Pull xấu,🟡,,,,🟡 Ổn định,,True
2026-08-12,GVR,🌱 ĐANG HỒI,0,32750.0,16.34,22.43,66.11,🟢 MUA / GIỮ,Xu hướng lên + OBV tốt + RSI cải thiện,2026-08-13T12:47:27+07:00,12.25,30089.16,28410.0,5.91,5.57,8.84,250664700.0,245684271.0,3730100.0,1910845.0,,1.49,1.21,25.96,25.96,1.71,4.3,12,2,2,2,2,2,2,,,,,,🟢,GÀ TĂNG TỐC,PULL XẤU,Pull xấu,🟡,,,,🟢 Tăng tốc,,True
2026-08-12,HAH,🌱 ĐANG HỒI,0,46350.0,2.54,5.46,47.62,🟢 MUA / GIỮ,OBV tốt + Vol xác nhận + Vị trí giá tốt,2026-08-13T12:47:27+07:00,1.43,45995.34,45450.0,1.2,1.3,0.77,19849100.0,19333540.0,581900.0,518895.0,,1.24,1.0,5.58,5.58,-4.63,0.65,7,2,0,2,1,1,1,,,,,,🟢,MUA EARLY,PULL XẤU,RSI yếu | Pull xấu,🟡,,,,🟡 Ổn định,,True
2026-08-12,HCM,🌱 ĐANG HỒI,0,26400.0,3.33,4.55,62.93,🟢 MUA / GIỮ,OBV tốt + RSI cải thiện + Vị trí giá tốt,2026-08-13T12:47:27+07:00,8.31,25803.31,25517.5,1.12,0.25,2.31,572110900.0,564880883.0,3313700.0,5592575.0,,1.02,0.82,6.02,14.88,-3.47,-0.94,7,2,1,1,1,1,1,,,,,,🟢,CP MẠNH,PULL XẤU,Pull xấu,🟡,,,,🟡 Ổn định,,True
2026-08-12,HDB,🌱 ĐANG HỒI,0,27350.0,3.01,7.25,61.86,🟢 MUA / GIỮ,OBV tốt + RSI cải thiện + Vol xác nhận,2026-08-13T12:47:27+07:00,7.72,26661.28,26307.5,1.34,1.32,2.58,940121600.0,929222304.0,12857900.0,10963090.0,,0.85,0.89,8.96,9.84,-0.18,1.67,9,2,1,2,1,2,1,,,,,,🟢,CP MẠNH,PULL XẤU,Pull xấu,🟡,,,,🟡 Ổn định,,True
2026-08-12,HPG,🌱 ĐANG HỒI,0,22150.0,0.68,2.31,51.17,🟢 MUA / GIỮ,OBV tốt + Vị trí giá tốt + RSI cải thiện,2026-08-13T12:47:27+07:00,2.08,21970.29,21555.0,1.93,0.83,0.82,371351724.0,359827776.0,15925100.0,26244795.0,,0.65,0.92,8.85,8.85,-2.21,0.68,6,2,0,2,1,1,0,,,,,,🟢,MUA EARLY,PULL XẤU,RSI yếu | Pull xấu,🟡,,,,🟡 Ổn định,,True
2026-08-12,HVN,🌱 ĐANG HỒI,0,24350.0,-2.01,12.99,58.37,🟢 MUA / GIỮ,OBV tốt + Xu hướng lên + RSI cải thiện,2026-08-13T12:47:27+07:00,3.19,23636.9,22837.5,3.5,2.14,3.02,5027825.0,4591682.0,770125.0,1077901.0,,0.97,1.04,14.86,16.23,-2.99,3.18,8,2,1,2,2,1,0,,,,,,🟢,MUA EARLY,PULL XẤU,Pull xấu,🟡,🟢 GREEN 2,,,🟢 Tăng tốc,,True
2026-08-12,IDC,🌱 ĐANG HỒI,0,34300.0,3.94,6.85,54.69,🟢 MUA / GIỮ,OBV tốt + RSI cải thiện + Vị trí giá tốt,2026-08-13T12:47:27+07:00,4.66,33592.36,32955.0,1.93,1.31,2.11,68885000.0,67652129.0,875000.0,1136740.0,,1.02,0.92,8.89,8.89,-2.56,0.88,7,2,0,2,1,2,0,,,,,,🟢,MUA EARLY,PULL XẤU,RSI yếu | Pull xấu,🟡,,,,🟡 Ổn định,,False
2026-08-12,IJC,🌱 ĐANG HỒI,0,7870.0,7.07,11.47,53.69,🟢 MUA / GIỮ,OBV tốt + Vol xác nhận + RSI cải thiện,2026-08-13T12:47:27+07:00,12.09,7589.37,7374.5,2.91,4.22,3.7,-31250100.0,-34490691.0,2510300.0,2388880.0,,1.21,1.05,17.64,17.64,-4.14,0.13,9,2,0,2,2,2,1,,,,,,🟢,MUA EARLY,PULL XẤU,RSI yếu | Pull xấu,🟡,,,,🟢 Tăng tốc,,True
2026-08-12,KSB,🌱 ĐANG HỒI,0,14450.0,7.43,11.58,60.56,🟢 MUA / GIỮ,OBV tốt + RSI cải thiện + Xu hướng lên,2026-08-13T12:47:27+07:00,20.58,13593.12,13422.5,1.27,1.81,6.3,33247600.0,30150774.0,4356900.0,876490.0,,0.88,1.05,11.58,11.58,3.21,7.04,10,2,1,2,1,2,2,,,,,,🟢,MUA BREAK,PULL XẤU,Pull xấu,🟡,,,,🟡 Ổn định,,True
2026-08-12,LPB,🌱 ĐANG HỒI,0,54100.0,2.08,2.85,56.25,🟢 MUA / GIỮ,OBV tốt + RSI cải thiện + Vị trí giá tốt,2026-08-13T12:47:27+07:00,4.62,53158.59,53120.0,0.07,0.09,1.77,171567416.0,169154229.0,3167916.0,3359101.0,,0.74,0.85,4.44,18.9,-3.39,0.74,8,2,1,2,1,1,1,,,,,,🟢,PULL VỪA,PULL VỪA,,🟢,🟢 GREEN 2,✅ EARLY GREEN2,🌱 EARLY DRY GREEN2,🟡 Ổn định,,True
2026-08-12,MBB,🌱 ĐANG HỒI,0,20500.0,1.28,11.35,61.94,🟢 MUA / GIỮ,OBV tốt + RSI cải thiện + Xu hướng lên,2026-08-13T12:47:27+07:00,4.43,20004.1,19351.5,3.37,1.74,2.48,937376416.0,900785019.0,8937200.0,15076975.0,,1.05,1.0,13.7,13.7,-0.24,0.49,8,2,1,2,2,1,0,,,,,,🟢,MUA EARLY,PULL XẤU,Pull xấu,🟡,,,,🟢 Tăng tốc,,True
2026-08-12,MCH,🌱 ĐANG HỒI,0,137700.0,2.0,0.61,56.56,🟢 MUA / GIỮ,OBV tốt + RSI cải thiện + Vị trí giá tốt,2026-08-13T12:47:27+07:00,6.51,136213.36,135839.5,0.28,0.2,1.09,11152700.0,10945326.0,262100.0,395900.0,,0.5,1.25,3.67,10.47,-2.69,1.25,7,2,1,2,1,1,0,,,,,,🟢,PULL VỪA,PULL VỪA,,🟢,,,,🟡 Ổn định,,True
2026-08-12,MSN,🌱 ĐANG HỒI,0,68000.0,1.19,2.56,51.44,🟢 MUA / GIỮ,OBV tốt + Vị trí giá tốt + RSI cải thiện,2026-08-13T12:47:27+07:00,2.9,67282.93,66395.0,1.34,0.61,1.07,107047994.0,104177096.0,2365394.0,4131775.0,,0.75,0.85,6.42,6.42,-2.02,1.19,6,2,0,2,1,1,0,,,,,,🟢,MUA EARLY,PULL XẤU,RSI yếu | Pull xấu,🟡,,,,🟡 Ổn định,,True
2026-08-12,MSR,🌱 ĐANG HỒI,0,38800.0,-1.02,8.68,56.9,🟢 MUA / GIỮ,OBV tốt + Xu hướng lên + Vị trí giá tốt,2026-08-13T12:47:27+07:00,-3.36,38452.56,36570.0,5.15,0.6,0.9,14607400.0,14228241.0,870500.0,1071865.0,,1.17,1.17,17.93,17.93,-3.72,-1.52,7,2,1,1,2,1,0,,,,,,🟢,PULL VỪA,PULL VỪA,RSI chững,🟡,,,,🟢 Tăng tốc,,False
2026-08-12,MWG,🌱 ĐANG HỒI,0,74000.0,2.49,11.28,54.66,🟢 MUA / GIỮ,OBV tốt + RSI cải thiện + Vị trí giá tốt,2026-08-13T12:47:27+07:00,7.99,72084.12,70932.0,1.62,2.24,2.66,248603300.0,242004901.0,3065700.0,5356060.0,,0.76,0.88,18.72,18.72,-2.27,0.95,6,2,0,2,1,1,0,,,,,,🟢,MUA EARLY,PULL XẤU,RSI yếu | Pull xấu,🟡,,✅ EARLY GREEN2,,🟡 Ổn định,,True
2026-08-12,NHA,🌱 ĐANG HỒI,0,8440.0,2.93,7.52,45.53,🟢 MUA / GIỮ,OBV tốt + Vol xác nhận + Vị trí giá tốt,2026-08-13T12:47:27+07:00,5.98,8317.01,8284.4,0.39,2.11,1.48,6997600.0,6969613.0,113700.0,97305.0,,1.17,0.94,11.05,11.05,-9.73,0.48,6,2,0,1,1,1,1,,,,,,🟢,MUA EARLY,PULL XẤU,RSI yếu | Pull xấu,🟡,,,,🟡 Ổn định,,True
2026-08-12,NKG,🌱 ĐANG HỒI,0,11200.0,0.9,2.75,49.28,🟢 MUA / GIỮ,OBV tốt + Vol xác nhận + Vị trí giá tốt,2026-08-13T12:47:27+07:00,3.82,11101.33,10912.5,1.73,1.64,0.89,279945700.0,277497680.0,2271700.0,1946075.0,,0.99,0.97,7.69,7.69,-5.88,0.0,5,2,0,1,1,1,0,,,,,,🟢,MUA EARLY,PULL XẤU,RSI yếu | Pull xấu,🟡,,,,🟡 Ổn định,,True
2026-08-12,NLG,🌱 ĐANG HỒI,0,22800.0,4.83,10.14,48.2,🟢 MUA / GIỮ,OBV tốt + RSI cải thiện + Vị trí giá tốt,2026-08-13T12:47:27+07:00,5.73,22299.58,22245.0,0.25,3.4,2.24,52141400.0,49006670.0,1224200.0,2351545.0,,0.86,1.16,14.0,14.0,-10.59,-0.44,8,2,0,2,1,2,1,,,,,,🟢,MUA EARLY,PULL XẤU,RSI yếu | Pull xấu,🟡,,,,🟡 Ổn định,,True
2026-08-12,NT2,🌱 ĐANG HỒI,0,21700.0,2.12,4.33,52.29,🟢 MUA / GIỮ,OBV tốt + Vị trí giá tốt + RSI cải thiện,2026-08-13T12:47:27+07:00,5.0,21427.22,21260.0,0.79,0.81,1.27,15281000.0,14402031.0,486000.0,601665.0,,0.74,0.89,5.85,5.85,-1.36,0.23,7,2,0,2,1,1,1,,,,,,🟢,MUA EARLY,PULL XẤU,RSI yếu | Pull xấu,🟡,,,,🟡 Ổn định,,True
2026-08-12,OCB,🌱 ĐANG HỒI,0,10950.0,5.8,9.5,60.82,🟢 MUA / GIỮ,OBV tốt + RSI cải thiện + Xu hướng lên,2026-08-13T12:47:27+07:00,12.93,10580.23,10395.0,1.78,2.51,3.49,116386300.0,105589015.0,3526900.0,2576825.0,,1.34,1.06,9.5,13.94,-1.35,1.39,10,2,1,2,1,2,2,,,,,,🟢,CP MẠNH,PULL XẤU,Pull xấu,🟡,,,,🟡 Ổn định,,True
2026-08-12,OIL,🌱 ĐANG HỒI,0,13400.0,3.08,1.52,49.51,🟢 MUA / GIỮ,OBV tốt + Vol xác nhận + Vị trí giá tốt,2026-08-13T12:47:27+07:00,-3.33,13346.67,13345.0,0.01,2.12,0.4,92273300.0,91106951.0,1258900.0,1304145.0,,1.16,0.92,3.88,5.51,-10.67,0.0,5,2,0,1,1,1,0,,,,,,🟢,MUA EARLY,PULL XẤU,RSI yếu | RSI chững | Pull xấu,🟡,,,,🟡 Ổn định,,False
2026-08-12,ORS,🌱 ĐANG HỒI,0,14450.0,2.85,6.25,59.13,🟢 MUA / GIỮ,OBV tốt + RSI cải thiện + Vị trí giá tốt,2026-08-13T12:47:27+07:00,5.43,14156.59,13790.0,2.66,0.85,2.07,224637900.0,215668921.0,4066900.0,4705205.0,,0.97,1.05,12.89,14.23,-2.03,-1.03,7,2,1,1,2,1,0,,,,,,🟢,MUA EARLY,PULL XẤU,Pull xấu,🟡,,,,🟢 Tăng tốc,,True
2026-08-12,PET,🌱 ĐANG HỒI,0,40200.0,0.5,8.06,65.63,🟢 MUA / GIỮ,OBV tốt + Xu hướng lên + RSI cải thiện,2026-08-13T12:47:27+07:00,5.91,39106.94,37570.0,4.09,0.9,2.8,71026900.0,69906459.0,906600.0,416095.0,,1.0,1.11,15.52,20.68,-1.59,1.13,11,2,2,2,2,1,2,,,,,,🟢,GÀ TĂNG TỐC,PULL XẤU,Pull xấu,🟡,🟢 GREEN 2,,,🟢 Tăng tốc,,True
2026-08-12,PHR,🌱 ĐANG HỒI,0,59500.0,2.23,6.06,50.05,🟢 MUA / GIỮ,OBV tốt + Vị trí giá tốt + RSI cải thiện,2026-08-13T12:47:27+07:00,3.49,58738.6,58175.0,0.97,1.66,1.3,17106400.0,16869912.0,200700.0,345585.0,,0.88,0.83,8.18,8.18,-5.41,1.54,6,2,0,2,1,1,0,,,,,,🟢,MUA EARLY,PULL XẤU,RSI yếu | Pull xấu,🟡,,,,🟡 Ổn định,,True
2026-08-12,PLC,🌱 ĐANG HỒI,0,20800.0,6.67,13.04,60.42,🟢 MUA / GIỮ,Xu hướng lên + OBV tốt + RSI cải thiện,2026-08-13T12:47:27+07:00,4.05,19939.19,19145.0,4.15,2.78,4.32,18758800.0,18463506.0,265300.0,133125.0,,1.06,1.01,17.51,17.51,0.0,2.46,11,2,1,2,2,2,2,,,,,,🟢,GÀ TĂNG TỐC,PULL XẤU,Pull xấu,🟡,,,,🟢 Tăng tốc,,False
2026-08-12,PLX,🌱 ĐANG HỒI,0,36650.0,7.01,15.22,60.85,🟢 MUA / GIỮ,Xu hướng lên + OBV tốt + Vol xác nhận,2026-08-13T12:47:27+07:00,0.42,35264.47,33562.0,5.07,3.6,3.93,63952100.0,58643871.0,2718700.0,2360820.0,,1.68,1.25,16.28,16.28,-3.55,0.0,9,2,1,2,2,2,0,,,,,,🟢,MUA EARLY,PULL XẤU,Pull xấu,🟡,,,,🟢 Tăng tốc,,True
2026-08-12,PVB,🌱 ĐANG HỒI,0,21400.0,4.39,1.9,43.09,🟢 MUA / GIỮ,OBV tốt + Vị trí giá tốt + RSI cải thiện,2026-08-13T12:47:27+07:00,5.61,21149.79,21255.0,-0.49,2.37,1.18,1602700.0,1390180.0,121100.0,75840.0,,1.26,1.05,4.39,4.39,-10.46,0.94,6,1,0,2,0,1,2,,,,,,🟢,MUA EARLY,PULL XẤU,RSI yếu | Slope âm | Pull xấu,🟡,,,,🔴 Yếu,,False
2026-08-12,PVC,🌱 ĐANG HỒI,0,12600.0,7.69,6.78,53.63,🟢 MUA / GIỮ,OBV tốt + RSI cải thiện + RS mạnh,2026-08-13T12:47:27+07:00,7.47,12132.56,12080.0,0.44,3.16,3.85,61217500.0,60432663.0,888500.0,476715.0,,1.02,0.96,9.57,9.57,-9.35,3.28,9,2,0,2,1,2,2,,,,,,🟢,MUA EARLY,PULL XẤU,RSI yếu | Pull xấu,🟡,,,,🟡 Ổn định,,False
2026-08-12,PVD,🌱 ĐANG HỒI,0,18700.0,4.47,1.63,51.71,🟢 MUA / GIỮ,OBV tốt + RSI cải thiện + Vị trí giá tốt,2026-08-13T12:47:27+07:00,7.0,18287.93,18470.0,-0.99,1.46,2.25,277041800.0,273455035.0,5156100.0,3457740.0,,0.88,0.86,6.86,6.86,-9.66,2.19,6,1,0,2,0,1,2,,,,,,🟢,MUA EARLY,PULL XẤU,RSI yếu | Slope âm | Pull xấu,🟡,,,,🔴 Yếu,,True
2026-08-12,PVS,🌱 ĐANG HỒI,0,35600.0,4.09,5.64,51.23,🟢 MUA / GIỮ,OBV tốt + RSI cải thiện + Vị trí giá tốt,2026-08-13T12:47:27+07:00,7.98,34780.54,34785.0,-0.01,2.43,2.36,128014000.0,125581097.0,1850400.0,2786175.0,,0.78,0.69,7.55,7.55,-8.48,1.71,5,1,0,2,0,2,0,,,,,,🟢,MUA EARLY,PULL XẤU,RSI yếu | Slope âm | Pull xấu,🟡,,,,🔴 Yếu,,False
2026-08-12,PVT,🌱 ĐANG HỒI,0,20200.0,10.38,18.82,64.52,🟢 MUA / GIỮ,Xu hướng lên + OBV tốt + RSI cải thiện,2026-08-13T12:47:27+07:00,13.64,18913.56,17902.5,5.65,4.16,6.8,22928200.0,8056015.0,6676800.0,3750485.0,,1.37,1.09,23.93,23.93,0.5,2.28,11,2,1,2,2,2,2,,,,,,🟢,GÀ TĂNG TỐC,PULL XẤU,Pull xấu,🟡,,,,🟢 Tăng tốc,,True
2026-08-12,SAB,🌱 ĐANG HỒI,0,46050.0,3.72,7.09,60.53,🟢 MUA / GIỮ,OBV tốt + RSI cải thiện + Vị trí giá tốt,2026-08-13T12:47:27+07:00,5.27,45082.53,44226.5,1.94,1.13,2.15,-6546700.0,-8651011.0,965700.0,742075.0,,1.36,1.19,7.09,7.09,-1.07,0.33,10,2,1,2,1,2,2,,,,,,🟢,CP MẠNH,PULL XẤU,Pull xấu,🟡,,,,🟡 Ổn định,,True
2026-08-12,SBT,🌱 ĐANG HỒI,0,22450.0,8.72,8.45,72.93,🟢 MUA / GIỮ,OBV tốt + Vol xác nhận + RS mạnh,2026-08-13T12:47:27+07:00,23.29,21365.93,21042.5,1.54,1.34,5.07,105859944.0,104379969.0,750644.0,600972.0,,0.87,0.92,8.72,11.69,4.91,5.4,11,2,2,2,1,2,2,,,,,,🟢,MUA BREAK,PULL XẤU,Pull xấu,🟡,🟢 GREEN 2,,,🟡 Ổn định,,True
2026-08-12,SIP,🌱 ĐANG HỒI,0,51300.0,0.59,8.92,64.38,🟢 MUA / GIỮ,OBV tốt + Vị trí giá tốt + Xu hướng lên,2026-08-13T12:47:27+07:00,1.47,50343.67,48687.5,3.4,0.93,1.9,567600.0,481510.0,60100.0,93675.0,,1.06,1.07,10.09,10.09,-0.77,0.79,8,2,1,2,2,1,0,,,,,,🟢,PULL VỪA,PULL VỪA,,🟢,,,,🟢 Tăng tốc,,True
2026-08-12,SSB,🌱 ĐANG HỒI,0,15450.0,0.65,0.32,49.06,🟢 MUA / GIỮ,OBV tốt + Vol xác nhận + Vị trí giá tốt,2026-08-13T12:47:27+07:00,13.3,15375.33,15517.5,-0.92,0.43,0.49,32688100.0,31360211.0,1947100.0,2154495.0,,0.96,0.98,2.66,12.53,-3.74,0.0,3,1,0,2,0,0,0,,,,,,🟢,MUA EARLY,PULL XẤU,RSI yếu | Slope âm | Pull xấu,🟡,,,,🔴 Yếu,,True
2026-08-12,SSI,🌱 ĐANG HỒI,0,25450.0,4.3,9.46,56.34,🟢 MUA / GIỮ,OBV tốt + RSI cải thiện + Xu hướng lên,2026-08-13T12:47:27+07:00,7.67,24678.62,23895.0,3.28,2.36,3.13,1034750888.0,994489684.0,15728900.0,22110330.0,,0.78,0.86,15.68,15.68,-1.17,1.19,9,2,1,2,2,2,0,,,,,,🟢,MUA EARLY,PULL XẤU,Pull xấu,🟡,,,,🟢 Tăng tốc,,True
2026-08-12,SZC,🌱 ĐANG HỒI,0,20350.0,10.3,17.29,55.7,🟢 MUA / GIỮ,OBV tốt + RSI cải thiện + Xu hướng lên,2026-08-13T12:47:27+07:00,6.83,19391.96,18815.0,3.07,4.74,4.94,-20802200.0,-21734652.0,766600.0,460910.0,,1.5,1.16,18.66,18.66,-1.45,1.5,11,2,1,2,2,2,2,,,,,,🟢,GÀ TĂNG TỐC,PULL XẤU,Pull xấu,🟡,,,,🟢 Tăng tốc,,True
2026-08-12,TCB,🌱 ĐANG HỒI,0,32000.0,7.93,12.68,60.16,🟢 MUA / GIỮ,OBV tốt + Vol xác nhận + RSI cải thiện,2026-08-13T12:47:27+07:00,15.58,30465.42,29792.5,2.26,3.6,5.04,401735996.0,378465147.0,15306400.0,14506230.0,,1.39,1.14,13.27,13.27,-0.62,3.23,10,2,1,2,2,2,1,,,,,,🟢,GÀ TĂNG TỐC,PULL XẤU,Pull xấu,🟡,,,,🟢 Tăng tốc,,True
2026-08-12,VCB,🌱 ĐANG HỒI,0,60100.0,1.35,10.07,57.61,🟢 MUA / GIỮ,OBV tốt + Vị trí giá tốt + RSI cải thiện,2026-08-13T12:47:27+07:00,0.92,59273.51,57452.0,3.17,0.91,1.39,136100700.0,131781737.0,2384500.0,5122675.0,,0.78,1.14,11.3,11.3,-1.48,0.33,8,2,1,2,2,1,0,,,,,,🟢,PULL VỪA,PULL VỪA,,🟢,,,,🟢 Tăng tốc,,True
2026-08-12,VCG,🌱 ĐANG HỒI,0,16100.0,1.9,6.62,46.63,🟢 MUA / GIỮ,OBV tốt + Vol xác nhận + Vị trí giá tốt,2026-08-13T12:47:27+07:00,8.31,15868.48,15792.5,0.48,2.48,1.46,239494800.0,235386743.0,3115800.0,3165805.0,,0.61,0.84,6.62,6.62,-11.78,0.0,6,2,0,2,1,1,0,,,,,,🟢,MUA EARLY,PULL XẤU,RSI yếu | Pull xấu,🟡,,,,🟡 Ổn định,,True
2026-08-12,VCI,🌱 ĐANG HỒI,0,22350.0,3.95,7.45,53.15,🟢 MUA / GIỮ,OBV tốt + Xu hướng lên + RSI cải thiện,2026-08-13T12:47:27+07:00,4.78,21798.33,21017.5,3.72,2.54,2.53,177772400.0,161763703.0,7548400.0,10119390.0,,0.93,0.98,21.14,21.14,-5.3,0.68,8,2,0,2,2,2,0,,,,,,🟢,MUA EARLY,PULL XẤU,RSI yếu | Pull xấu,🟡,,,,🟢 Tăng tốc,,True
2026-08-12,VGC,🌱 ĐANG HỒI,0,41050.0,7.6,12.47,64.0,🟢 MUA / GIỮ,Xu hướng lên + OBV tốt + Vol xác nhận,2026-08-13T12:47:27+07:00,11.93,39386.76,37836.0,4.1,3.54,4.22,30677700.0,29782246.0,448200.0,460475.0,,1.21,1.03,17.62,17.62,-1.08,-0.48,9,2,1,2,2,2,0,,,,,,🟢,MUA EARLY,PULL XẤU,Pull xấu,🟡,,,,🟢 Tăng tốc,,True
2026-08-12,VGI,🌱 ĐANG HỒI,0,86800.0,1.64,14.97,58.13,🟢 MUA / GIỮ,OBV tốt + Xu hướng lên + Vol xác nhận,2026-08-13T12:47:27+07:00,-1.34,84851.58,81035.0,4.71,2.04,2.3,-12994000.0,-13169883.0,302700.0,303495.0,,1.67,1.27,16.35,16.35,-5.65,-0.23,7,2,1,1,2,1,0,,,,,,🟢,MUA EARLY,PULL XẤU,RSI chững | Pull xấu,🟡,,,,🟢 Tăng tốc,,False
2026-08-12,VGS,🌱 ĐANG HỒI,0,18400.0,2.22,5.14,44.82,🟢 MUA / GIỮ,OBV tốt + Vol xác nhận + Vị trí giá tốt,2026-08-13T12:47:27+07:00,10.9,18078.84,18035.0,0.24,2.55,1.78,4913300.0,4785315.0,134800.0,117530.0,,0.77,0.9,8.24,8.24,-10.68,1.66,7,2,0,2,1,1,1,,,,,,🟢,MUA EARLY,PULL XẤU,RSI yếu | Pull xấu,🟡,,,,🟡 Ổn định,,False
2026-08-12,VGT,🌱 ĐANG HỒI,0,11400.0,2.7,7.55,59.16,🟢 MUA / GIỮ,OBV tốt + Vị trí giá tốt + Xu hướng lên,2026-08-13T12:47:27+07:00,-1.61,11224.95,10980.0,2.23,1.7,1.56,15683500.0,15406536.0,138300.0,239065.0,,1.19,1.02,7.55,7.55,-1.72,-0.87,8,2,1,1,2,1,1,,,,,,🟢,GÀ TĂNG TỐC,PULL VỪA,RSI chững,🟡,,,,🟢 Tăng tốc,,False
2026-08-12,VIX,🌱 ĐANG HỒI,0,14350.0,2.5,17.62,52.93,🟢 MUA / GIỮ,Xu hướng lên + OBV tốt + RSI cải thiện,2026-08-13T12:47:27+07:00,7.9,13803.27,13197.5,4.59,3.14,3.96,1613909332.0,1532337101.0,31494800.0,47550925.0,,0.88,0.95,22.13,22.13,-3.04,0.35,7,2,0,2,2,1,0,,,,,,🟢,MUA EARLY,PULL XẤU,RSI yếu | Pull xấu,🟡,,✅ EARLY GREEN2,,🟢 Tăng tốc,,True
2026-08-12,VNM,🌱 ĐANG HỒI,0,62800.0,7.17,4.67,67.4,🟢 MUA / GIỮ,OBV tốt + Vị trí giá tốt + RSI cải thiện,2026-08-13T12:47:27+07:00,2.32,61077.09,59690.0,2.32,0.39,2.82,1202900.0,-4007591.0,2755600.0,5677180.0,,1.05,1.05,11.74,14.6,-0.79,1.45,9,2,2,2,2,1,0,,,,,,🟢,MUA EARLY,PULL XẤU,Pull xấu,🟡,,,,🟢 Tăng tốc,,True
2026-08-12,VSC,🌱 ĐANG HỒI,0,14900.0,2.05,16.41,47.56,🟢 MUA / GIỮ,OBV tốt + Xu hướng lên + Vị trí giá tốt,2026-08-13T12:47:27+07:00,2.77,14631.95,14142.5,3.46,2.53,1.83,283978600.0,271183273.0,7983600.0,9804965.0,,1.07,1.2,17.32,17.32,-6.58,0.68,8,2,0,2,2,1,1,,,,,,🟢,MUA EARLY,PULL XẤU,RSI yếu | Pull xấu,🟡,,,,🟢 Tăng tốc,,True
2026-08-12,VTO,🌱 ĐANG HỒI,0,10600.0,1.92,3.92,57.05,🟢 MUA / GIỮ,OBV tốt + RSI cải thiện + Vị trí giá tốt,2026-08-13T12:47:27+07:00,4.15,10522.82,10335.0,1.82,0.75,0.73,2092400.0,2017537.0,49700.0,75260.0,,0.6,0.84,5.47,5.47,-1.4,-0.47,7,2,1,1,1,1,1,,,,,,🟢,PULL VỪA,PULL VỪA,,🟢,,,,🟡 Ổn định,,True
2026-08-12,VTP,🌱 ĐANG HỒI,0,54700.0,6.21,21.15,63.83,🟢 MUA / GIỮ,Xu hướng lên + OBV tốt + RSI cải thiện,2026-08-13T12:47:27+07:00,9.12,51807.95,49345.0,4.99,4.2,5.58,11124200.0,8101831.0,1089600.0,613400.0,,1.77,1.42,22.1,22.1,0.37,-0.91,7,2,1,2,2,2,-2,,,,,,🟢,MUA EARLY,PULL XẤU,Pull xấu,🟡,,,,🟢 Tăng tốc,,True
2026-08-12,ANV,🟡 TRUNG TÍNH,1,17850.0,2.0,5.31,46.68,👀 THEO DÕI,OBV tốt + Vị trí giá tốt + RSI cải thiện,2026-08-13T12:47:27+07:00,6.94,17509.39,17339.95,0.98,1.85,1.95,45726300.0,43866731.0,1232400.0,593505.0,,0.81,0.86,10.53,10.53,-6.3,2.0,8,2,0,2,1,1,2,,,,,,🟢,MUA EARLY,PULL XẤU,RSI yếu | Pull xấu,🟡,,,,🟡 Ổn định,,True
2026-08-12,BFC,🟡 TRUNG TÍNH,1,48000.0,-0.41,3.4,42.78,👀 THEO DÕI,OBV tốt + Vị trí giá tốt,2026-08-13T12:47:27+07:00,-6.4,48534.63,48509.0,0.05,1.36,-1.1,29126500.0,29044328.0,46900.0,174330.0,,0.88,1.01,4.87,4.87,-10.01,-1.44,4,0,0,1,1,1,1,,,,,,🟢,MUA EARLY,PULL XẤU,RSI yếu | RSI chững | Giá dưới EMA9 | Pull xấu,🟡,,,,🟡 Ổn định,,True
2026-08-12,BMP,🟡 TRUNG TÍNH,1,149800.0,0.4,1.15,51.59,👀 THEO DÕI,OBV tốt + Vị trí giá tốt + RSI cải thiện,2026-08-13T12:47:27+07:00,2.63,149361.25,150180.0,-0.55,0.12,0.29,2148000.0,2127197.0,49200.0,124360.0,,0.61,0.73,1.49,13.57,-3.97,-0.07,4,1,0,2,0,0,1,,,,,,🟢,MUA EARLY,PULL XẤU,RSI yếu | Slope âm | Pull xấu,🟡,,,,🔴 Yếu,,True
2026-08-12,C4G,🟡 TRUNG TÍNH,1,5800.0,1.75,5.45,44.49,👀 THEO DÕI,OBV tốt + Vị trí giá tốt + RSI cải thiện,2026-08-13T12:47:27+07:00,11.54,5674.47,5775.0,-1.74,2.04,2.21,15777700.0,15276454.0,521400.0,265965.0,,1.26,1.11,5.45,5.45,-12.12,3.57,6,1,0,2,0,1,2,,,,,,🟢,MUA EARLY,PULL XẤU,RSI yếu | Slope âm | Pull xấu,🟡,,,,🔴 Yếu,,False
2026-08-12,CMG,🟡 TRUNG TÍNH,1,24800.0,-1.98,3.55,44.03,👀 THEO DÕI,OBV tốt + Vị trí giá tốt + RSI cải thiện,2026-08-13T12:47:27+07:00,2.57,24838.7,24745.0,0.38,0.8,-0.16,-7529900.0,-7594164.0,124400.0,187200.0,,0.75,0.93,5.08,5.08,-6.59,-0.4,4,0,0,1,1,1,1,,,,,,🟢,MUA EARLY,PULL XẤU,RSI yếu | Giá dưới EMA9 | Pull xấu,🟡,,,,🟡 Ổn định,,True
2026-08-12,CSV,🟡 TRUNG TÍNH,1,22200.0,1.83,9.09,49.51,👀 THEO DÕI,OBV tốt + Vị trí giá tốt + RSI cải thiện,2026-08-13T12:47:27+07:00,1.58,22014.08,21917.5,0.44,1.59,0.84,-3252000.0,-3338579.0,198200.0,450010.0,,0.87,0.77,11.0,11.0,-11.55,-0.67,6,2,0,1,1,1,1,,,,,,🟢,MUA EARLY,PULL XẤU,RSI yếu | Pull xấu,🟡,,,,🟡 Ổn định,,True
2026-08-12,DBC,🟡 TRUNG TÍNH,1,16700.0,-0.3,3.41,45.35,👀 THEO DÕI,OBV tốt + Vị trí giá tốt,2026-08-13T12:47:27+07:00,1.23,16628.56,16494.95,0.81,0.91,0.43,8978000.0,7473707.0,976500.0,2033685.0,,0.72,0.86,6.37,6.37,-6.44,0.3,5,2,0,1,1,1,0,,,,,,🟢,MUA EARLY,PULL XẤU,RSI yếu | Pull xấu,🟡,,,,🟡 Ổn định,,True
2026-08-12,DDV,🟡 TRUNG TÍNH,1,18800.0,-2.08,5.03,37.42,👀 THEO DÕI,OBV tốt + Vị trí giá tốt,2026-08-13T12:47:27+07:00,1.82,18822.86,19060.0,-1.24,2.06,-0.12,57087600.0,56873055.0,152100.0,296115.0,,1.05,0.87,5.03,5.03,-14.16,0.53,3,0,0,2,0,1,0,,,,,,🟢,MUA EARLY,PULL XẤU,RSI yếu | Giá dưới EMA9 | Slope âm | Pull xấu,🟡,,,,🔴 Yếu,,False
2026-08-12,FOX,🟡 TRUNG TÍNH,1,66000.0,0.76,5.6,46.14,👀 THEO DÕI,OBV tốt + Vị trí giá tốt + Xu hướng lên,2026-08-13T12:47:27+07:00,1.33,65418.29,64515.0,1.4,1.26,0.89,5520100.0,5467917.0,36100.0,69265.0,,0.93,0.99,8.2,8.2,-4.35,-0.3,6,2,0,1,1,1,1,,,,,,🟢,MUA EARLY,PULL XẤU,RSI yếu | Pull xấu,🟡,,,,🟡 Ổn định,,False
2026-08-12,HAG,🟡 TRUNG TÍNH,1,14300.0,1.42,2.14,49.59,👀 THEO DÕI,OBV tốt + Vị trí giá tốt + RSI cải thiện,2026-08-13T12:47:27+07:00,10.49,14133.15,14130.0,0.02,0.82,1.18,389606200.0,389078636.0,860500.0,2294250.0,,0.83,0.84,4.38,4.38,-2.05,1.06,6,2,0,2,1,1,0,,,,,,🟢,MUA EARLY,PULL XẤU,RSI yếu | Pull xấu,🟡,,,,🟡 Ổn định,,True
2026-08-12,HDC,🟡 TRUNG TÍNH,1,12000.0,0.84,7.62,39.65,👀 THEO DÕI,OBV tốt + Vị trí giá tốt + RSI cải thiện,2026-08-13T12:47:27+07:00,5.95,11881.13,11925.0,-0.37,3.56,1.0,159037500.0,157640307.0,846300.0,1396825.0,,0.76,0.81,10.09,10.09,-16.96,0.42,3,1,0,1,0,1,0,,,,,,🟢,MUA EARLY,PULL XẤU,RSI yếu | Slope âm | Pull xấu,🟡,,,,🔴 Yếu,,True
2026-08-12,HHV,🟡 TRUNG TÍNH,1,10250.0,1.49,4.38,50.14,👀 THEO DÕI,OBV tốt + Vị trí giá tốt + RSI cải thiện,2026-08-13T12:47:27+07:00,7.9,10137.82,10061.5,0.76,1.22,1.11,174868900.0,169765967.0,5709100.0,2672620.0,,0.96,1.01,4.59,4.59,-4.21,0.99,8,2,0,2,1,1,2,,,,,,🟢,MUA EARLY,PULL XẤU,RSI yếu | Pull xấu,🟡,,,,🟡 Ổn định,,True
2026-08-12,KBC,🟡 TRUNG TÍNH,1,27800.0,-1.59,-0.36,43.13,👀 THEO DÕI,OBV tốt + Vị trí giá tốt,2026-08-13T12:47:27+07:00,-2.34,28020.99,27845.0,0.63,0.26,-0.79,232345000.0,232001288.0,804000.0,1340620.0,,0.95,0.95,3.73,3.73,-3.97,-0.54,3,0,0,1,1,0,1,,,,,,🟢,MUA EARLY,PULL XẤU,RSI yếu | RSI chững | Giá dưới EMA9 | Pull xấu,🟡,,,,🟡 Ổn định,,True
2026-08-12,KDH,🟡 TRUNG TÍNH,1,18050.0,-0.55,6.49,41.35,👀 THEO DÕI,OBV tốt + Vol xác nhận + Vị trí giá tốt,2026-08-13T12:47:27+07:00,1.92,17978.99,17805.0,0.98,2.12,0.39,-10690200.0,-15286766.0,5105300.0,5602300.0,,0.89,0.9,10.06,10.06,-9.3,-1.1,5,2,0,1,1,1,0,,,,,,🟢,MUA EARLY,PULL XẤU,RSI yếu | Pull xấu,🟡,,,,🟡 Ổn định,,True
2026-08-12,LAS,🟡 TRUNG TÍNH,1,12300.0,-0.81,6.03,44.42,👀 THEO DÕI,OBV tốt + Vị trí giá tốt + Xu hướng lên,2026-08-13T12:47:27+07:00,0.15,12207.13,12095.0,0.93,2.74,0.76,-18951800.0,-19237201.0,83000.0,201820.0,,1.24,1.0,6.96,6.96,-10.87,-0.81,6,2,0,1,1,1,1,,,,,,🟢,MUA EARLY,PULL XẤU,RSI yếu | Pull xấu,🟡,,,,🟡 Ổn định,,False
2026-08-12,MML,🟡 TRUNG TÍNH,1,28100.0,0.0,-0.71,47.91,👀 THEO DÕI,OBV tốt + Vị trí giá tốt + RSI cải thiện,2026-08-13T12:47:27+07:00,1.92,28090.76,27820.0,0.97,0.41,0.03,-1517000.0,-1529401.0,7600.0,23270.0,,0.76,1.2,6.04,6.04,-3.77,-1.75,5,2,0,1,1,0,1,,,,,,🟢,MUA EARLY,PULL XẤU,RSI yếu | Pull xấu,🟡,,,,🟡 Ổn định,,False
2026-08-12,MSH,🟡 TRUNG TÍNH,1,31350.0,1.62,3.47,47.94,👀 THEO DÕI,Vol xác nhận + Vị trí giá tốt + RSI cải thiện,2026-08-13T12:47:27+07:00,7.59,31172.21,30945.0,0.73,1.19,0.57,12241100.0,12343154.0,111900.0,108785.0,,0.61,0.71,3.47,3.47,-2.03,-2.03,4,2,0,0,1,1,0,,,,,,🔴,MUA EARLY,PULL XẤU,OBV gãy | RSI yếu | Pull xấu,🟡,,,,🟡 Ổn định,,True
2026-08-12,NTP,🟡 TRUNG TÍNH,1,48800.0,0.21,0.41,50.04,👀 THEO DÕI,OBV tốt + Vị trí giá tốt + RSI cải thiện,2026-08-13T12:47:27+07:00,1.24,48611.54,48470.0,0.29,0.05,0.39,10026600.0,10008502.0,57100.0,93610.0,,1.78,1.49,2.52,2.52,-2.4,-0.2,6,2,0,2,1,0,1,,,,,,🟢,MUA EARLY,PULL XẤU,RSI yếu | Pull xấu,🟡,,,,🟡 Ổn định,,False
2026-08-12,NVL,🟡 TRUNG TÍNH,1,13600.0,-2.16,5.84,58.48,👀 THEO DÕI,OBV tốt + Vị trí giá tốt + Vol xác nhận,2026-08-13T12:47:27+07:00,-7.15,13529.37,13110.0,3.2,-0.96,0.52,664979004.0,645111053.0,15825200.0,18451285.0,,1.14,1.07,9.24,14.77,-4.56,0.37,8,2,1,2,1,1,1,,,,,,🟢,GÀ TĂNG TỐC,PULL VỪA,RSI chững,🟡,,,,🟢 Tăng tốc,,True
2026-08-12,PC1,🟡 TRUNG TÍNH,1,20700.0,-1.43,-3.72,44.79,👀 THEO DÕI,OBV tốt + Vị trí giá tốt + Vol xác nhận,2026-08-13T12:47:27+07:00,1.08,20857.41,21122.5,-1.26,-0.45,-0.75,125529200.0,125051812.0,1466000.0,2037335.0,,0.85,0.91,0.98,11.29,-7.17,0.0,2,0,0,2,0,0,0,,,,,,🟢,TÍCH LŨY,PULL XẤU,RSI yếu | Giá dưới EMA9 | Slope âm | Pull xấu,🔴,,,,🔴 Yếu,,True
2026-08-12,PDR,🟡 TRUNG TÍNH,1,12050.0,0.42,4.78,39.56,👀 THEO DÕI,OBV tốt + Vị trí giá tốt,2026-08-13T12:47:27+07:00,3.28,11996.04,12080.0,-0.7,2.72,0.45,242428600.0,241375231.0,3595400.0,7605820.0,,0.81,0.88,8.07,8.07,-13.0,-0.82,4,1,0,1,0,1,1,,,,,,🟢,MUA EARLY,PULL XẤU,RSI yếu | Slope âm | Pull xấu,🟡,,,,🔴 Yếu,,True
2026-08-12,STB,🟡 TRUNG TÍNH,1,74100.0,1.23,3.64,56.78,👀 THEO DÕI,OBV tốt + Vị trí giá tốt + RSI cải thiện,2026-08-13T12:47:27+07:00,-2.32,73547.16,72775.0,1.06,-0.01,0.75,407881567.0,407662031.0,1691633.0,4062487.0,,0.68,0.73,4.37,12.1,-2.63,-0.27,7,2,1,1,1,1,1,,,,,,🟢,PULL VỪA,PULL VỪA,RSI chững,🟡,,,,🟡 Ổn định,,True
2026-08-12,TPB,🟡 TRUNG TÍNH,1,14750.0,0.0,4.61,47.82,👀 THEO DÕI,OBV tốt + Vị trí giá tốt + RSI cải thiện,2026-08-13T12:47:27+07:00,3.17,14608.96,14477.5,0.91,1.56,0.97,455840688.0,442504768.0,3025400.0,9526975.0,,1.04,0.95,6.12,6.12,-5.14,0.34,6,2,0,2,1,1,0,,,,,,🟢,MUA EARLY,PULL XẤU,RSI yếu | Pull xấu,🟡,,,,🟡 Ổn định,,True
2026-08-12,TVN,🟡 TRUNG TÍNH,1,9100.0,0.0,8.33,44.46,👀 THEO DÕI,OBV tốt + Vị trí giá tốt + Vol xác nhận,2026-08-13T12:47:27+07:00,-0.63,9064.7,9060.0,0.05,2.67,0.39,37672800.0,37137455.0,360600.0,485550.0,,1.02,0.97,9.64,9.64,-14.15,0.0,6,2,0,2,1,1,0,,,,,,🟢,MUA EARLY,PULL XẤU,RSI yếu | RSI chững | Pull xấu,🟡,,,,🟡 Ổn định,,False
2026-08-12,TVS,🟡 TRUNG TÍNH,1,14000.0,2.19,2.94,50.55,👀 THEO DÕI,OBV tốt + Vị trí giá tốt + RSI cải thiện,2026-08-13T12:47:27+07:00,9.35,13791.05,13915.0,-0.89,1.91,1.52,5161100.0,5033287.0,65500.0,161005.0,,0.53,0.53,6.46,9.38,-7.89,0.0,4,1,0,2,0,1,0,,,,,,🟢,MUA EARLY,PULL XẤU,RSI yếu | Slope âm | Pull xấu,🟡,,,,🔴 Yếu,,True
2026-08-12,VCK,🟡 TRUNG TÍNH,1,30650.0,-0.49,5.15,46.33,👀 THEO DÕI,OBV tốt + Vị trí giá tốt + RSI cải thiện,2026-08-13T12:47:27+07:00,2.55,30663.78,30367.5,0.98,0.91,-0.04,74309000.0,73173222.0,971200.0,2474395.0,,0.77,0.98,8.11,8.11,-5.11,-0.65,4,0,0,1,1,1,1,,,,,,🟢,MUA EARLY,PULL XẤU,RSI yếu | Giá dưới EMA9 | Pull xấu,🟡,,,,🟡 Ổn định,,True
2026-08-12,VDS,🟡 TRUNG TÍNH,1,12200.0,1.67,5.63,43.34,👀 THEO DÕI,OBV tốt + Vị trí giá tốt + RSI cải thiện,2026-08-13T12:47:27+07:00,5.77,12092.02,12157.5,-0.54,3.37,0.89,48461800.0,48045227.0,350200.0,1154860.0,,0.74,0.73,8.93,8.93,-17.29,-0.81,4,1,0,1,0,1,1,,,,,,🟢,MUA EARLY,PULL XẤU,RSI yếu | Slope âm | Pull xấu,🟡,,,,🔴 Yếu,,True
2026-08-12,VHC,🟡 TRUNG TÍNH,1,54500.0,1.87,2.06,50.06,👀 THEO DÕI,OBV tốt + RSI cải thiện + Vị trí giá tốt,2026-08-13T12:47:27+07:00,19.17,53063.03,53730.0,-1.24,1.17,2.71,1505900.0,640559.0,1184500.0,307430.0,,1.51,1.11,6.03,6.03,-5.22,3.02,6,1,0,2,0,1,2,,,,,,🟢,MUA EARLY,PULL XẤU,RSI yếu | Slope âm | Pull xấu,🟡,,,,🔴 Yếu,,True
2026-08-12,VHM,🟡 TRUNG TÍNH,1,72900.0,-4.71,4.14,52.15,👀 THEO DÕI,OBV tốt + Vol xác nhận + Vị trí giá tốt,2026-08-13T12:47:27+07:00,-0.13,72929.77,70792.5,3.02,-1.35,-0.04,376094600.0,362840721.0,6525700.0,6207770.0,,1.74,1.36,14.89,14.89,-10.77,0.0,4,0,0,2,1,1,0,,,,,,🟢,MUA EARLY,PULL XẤU,RSI yếu | RSI chững | Giá dưới EMA9 | Pull xấu,🟡,,,,🟢 Tăng tốc,,True
2026-08-12,VIB,🟡 TRUNG TÍNH,1,14850.0,0.34,3.12,46.05,👀 THEO DÕI,OBV tốt + Vị trí giá tốt + RSI cải thiện,2026-08-13T12:47:27+07:00,4.73,14756.63,14730.0,0.18,1.24,0.63,214584004.0,213291483.0,2939200.0,6561595.0,,0.88,0.91,4.95,4.95,-5.71,0.0,6,2,0,2,1,1,0,,,,,,🟢,MUA EARLY,PULL XẤU,RSI yếu | Pull xấu,🟡,,,,🟡 Ổn định,,True
2026-08-12,VIC,🟡 TRUNG TÍNH,1,214000.0,-2.73,-2.46,48.85,👀 THEO DÕI,OBV tốt + Vol xác nhận + Vị trí giá tốt,2026-08-13T12:47:27+07:00,0.2,213807.89,215305.0,-0.7,-0.74,0.09,311543900.0,310837721.0,5299800.0,4265770.0,,1.23,1.18,5.89,11.46,-4.46,2.54,5,1,0,2,0,0,2,,,,,,🟢,MUA EARLY,PULL XẤU,RSI yếu | Slope âm | Pull xấu,🟡,,,,🔴 Yếu,,True
2026-08-12,VRE,🟡 TRUNG TÍNH,1,25300.0,-4.35,11.21,50.62,👀 THEO DÕI,Xu hướng lên + Vị trí giá tốt + RSI cải thiện,2026-08-13T12:47:27+07:00,1.89,25123.69,24032.5,4.54,1.15,0.7,432738500.0,434988101.0,4138600.0,6348715.0,,1.0,1.19,18.78,18.78,-5.6,-0.39,6,2,0,0,2,1,1,,,,,,🔴,MUA EARLY,PULL XẤU,OBV gãy | RSI yếu | Pull xấu,🟡,,,,🟢 Tăng tốc,,True
2026-08-12,AGR,🔴 YẾU,2,13350.0,1.14,5.12,45.99,⏳ CHỜ,OBV xấu + Thiếu mẫu xác nhận,2026-08-13T12:47:27+07:00,4.43,13255.35,13295.0,-0.3,1.99,0.71,23050400.0,23395155.0,196000.0,392805.0,,0.73,0.71,8.98,8.98,-9.18,0.0,2,1,0,0,0,1,0,,,,,,🔴,TÍCH LŨY,PULL XẤU,OBV gãy | RSI yếu | Slope âm | Pull xấu,🔴,,,,🔴 Yếu,,True
2026-08-12,BVS,🔴 YẾU,2,27000.0,0.75,7.14,46.38,⏳ CHỜ,OBV xấu + Thiếu mẫu xác nhận,2026-08-13T12:47:27+07:00,0.6,26979.66,27325.0,-1.26,4.34,0.08,3379200.0,4407891.0,722000.0,1158395.0,,0.65,0.72,11.11,11.11,-22.64,-0.74,3,1,0,0,0,1,1,,,,,,🔴,MUA EARLY,PULL XẤU,OBV gãy | RSI yếu | Slope âm | Pull xấu,🟡,,,,🔴 Yếu,,False
2026-08-12,DCM,🔴 YẾU,2,31250.0,0.16,1.79,46.81,⏳ CHỜ,OBV xấu + Thiếu mẫu xác nhận,2026-08-13T12:47:27+07:00,-2.46,31232.38,30730.0,1.63,1.54,0.06,64768000.0,65253478.0,1829900.0,2071645.0,,1.21,1.0,8.13,8.13,-7.54,-1.42,3,2,0,0,1,0,0,,,,,,🔴,MUA EARLY,PULL XẤU,OBV gãy | RSI yếu | RSI chững | Pull xấu,🟡,,,,🟡 Ổn định,,True
2026-08-12,EIB,🔴 YẾU,2,18100.0,-0.55,4.02,42.95,⏳ CHỜ,OBV xấu + Thiếu mẫu xác nhận,2026-08-13T12:47:27+07:00,1.81,18063.27,17897.5,0.93,1.36,0.2,167811300.0,172096604.0,4978800.0,6344095.0,,0.69,0.76,9.7,9.7,-7.42,-0.28,5,2,0,0,1,1,1,,,,,,🔴,MUA EARLY,PULL XẤU,OBV gãy | RSI yếu | Pull xấu,🟡,,,,🟡 Ổn định,,True
2026-08-12,HDG,🔴 YẾU,2,16650.0,-0.89,4.06,40.11,⏳ CHỜ,OBV xấu + Thiếu mẫu xác nhận,2026-08-13T12:47:27+07:00,3.22,16677.11,16612.45,0.39,2.66,-0.16,18112500.0,19209458.0,1563700.0,1475055.0,,0.73,0.9,7.42,7.42,-13.28,-0.6,2,0,0,0,1,1,0,,,,,,🔴,TÍCH LŨY,PULL XẤU,OBV gãy | RSI yếu | Giá dưới EMA9 | Pull xấu,🔴,,,,🟡 Ổn định,,True
2026-08-12,HHS,🔴 YẾU,2,9970.0,0.2,6.06,45.86,⏳ CHỜ,OBV xấu + Thiếu mẫu xác nhận,2026-08-13T12:47:27+07:00,4.25,9966.45,9940.0,0.27,1.79,0.04,156910500.0,157925724.0,568600.0,1027600.0,,0.98,0.98,6.06,6.06,-10.58,-1.77,5,2,0,0,1,1,1,,,,,,🔴,MUA EARLY,PULL XẤU,OBV gãy | RSI yếu | Pull xấu,🟡,,,,🟡 Ổn định,,True
2026-08-12,HSG,🔴 YẾU,2,10900.0,0.93,2.35,47.63,⏳ CHỜ,OBV xấu + Thiếu mẫu xác nhận,2026-08-13T12:47:27+07:00,3.86,10833.93,10755.0,0.73,1.39,0.61,50773600.0,50836739.0,1896900.0,2283475.0,,0.67,0.71,8.46,8.46,-7.23,0.46,5,2,0,0,1,1,1,,,,,,🔴,MUA EARLY,PULL XẤU,OBV gãy | RSI yếu | Pull xấu,🟡,,,,🟡 Ổn định,,True
2026-08-12,MBS,🔴 YẾU,2,18800.0,2.73,6.21,47.56,⏳ CHỜ,OBV xấu + Thiếu mẫu xác nhận + Vol chưa xác nhận,2026-08-13T12:47:27+07:00,2.99,18634.73,18600.0,0.19,2.66,0.89,-38974300.0,-38503477.0,2630100.0,6765935.0,,0.72,0.76,8.05,8.05,-11.74,0.0,4,2,0,0,1,1,0,,,,,,🔴,MUA EARLY,PULL XẤU,OBV gãy | RSI yếu | Pull xấu,🟡,,,,🟡 Ổn định,,False
2026-08-12,MSB,🔴 YẾU,2,16200.0,0.32,2.21,58.01,⏳ CHỜ,OBV xấu + Vol chưa xác nhận + Thiếu mẫu xác nhận,2026-08-13T12:47:27+07:00,-0.83,16156.3,16079.85,0.48,0.37,0.27,751966392.0,756452952.0,12663608.0,6918105.0,,0.78,0.86,2.86,14.08,-1.52,0.32,7,2,1,0,1,1,2,,,,,,🔴,MUA EARLY,PULL XẤU,OBV gãy | RSI chững | Pull xấu,🟡,,,,🟡 Ổn định,,True
2026-08-12,NAB,🔴 YẾU,2,11950.0,0.0,0.84,40.07,⏳ CHỜ,OBV xấu + Thiếu mẫu xác nhận,2026-08-13T12:47:27+07:00,5.77,12023.81,12250.0,-1.85,0.84,-0.61,56719100.0,58386284.0,1107100.0,1894915.0,,0.71,0.86,1.27,2.14,-8.78,0.84,0,0,0,0,0,0,0,,,,,,🔴,THEO DÕI,PULL XẤU,OBV gãy | RSI yếu | Giá dưới EMA9 | Slope âm | Pull xấu,🔴,,,,🔴 Yếu,,True
2026-08-12,POW,🔴 YẾU,2,13600.0,-1.45,1.87,46.74,⏳ CHỜ,OBV xấu + Thiếu mẫu xác nhận,2026-08-13T12:47:27+07:00,0.06,13672.95,13610.0,0.46,0.51,-0.53,314249204.0,322026961.0,6056700.0,7437880.0,,0.99,1.0,3.03,3.03,-3.55,-1.45,1,0,0,0,1,0,0,,,,,,🔴,THEO DÕI,PULL XẤU,OBV gãy | RSI yếu | Giá dưới EMA9 | Pull xấu,🔴,,,,🟡 Ổn định,,True
2026-08-12,PTB,🔴 YẾU,2,33450.0,-0.15,4.04,43.19,⏳ CHỜ,OBV xấu + Vol chưa xác nhận + Thiếu mẫu xác nhận,2026-08-13T12:47:27+07:00,0.61,33625.49,33554.95,0.21,0.65,-0.52,-625800.0,-590365.0,23400.0,64345.0,,0.68,0.7,5.02,5.02,-6.3,0.45,2,0,0,0,1,1,0,,,,,,🔴,TÍCH LŨY,PULL XẤU,OBV gãy | RSI yếu | Giá dưới EMA9 | Pull xấu,🔴,,,,🟡 Ổn định,,True
2026-08-12,SHB,🔴 YẾU,2,11850.0,0.42,5.8,42.74,⏳ CHỜ,OBV xấu + Thiếu mẫu xác nhận,2026-08-13T12:47:27+07:00,4.39,11830.77,11825.0,0.05,1.54,0.16,1683136760.0,1731611198.0,40962600.0,54684655.0,,0.93,0.96,5.8,5.8,-8.14,0.0,4,2,0,0,1,1,0,,,,,,🔴,MUA EARLY,PULL XẤU,OBV gãy | RSI yếu | Pull xấu,🟡,,,,🟡 Ổn định,,True
2026-08-12,SHS,🔴 YẾU,2,15900.0,-0.62,6.0,46.23,⏳ CHỜ,OBV xấu + Thiếu mẫu xác nhận,2026-08-13T12:47:27+07:00,3.2,15777.41,15580.0,1.27,2.21,0.78,710694596.0,712025935.0,6152500.0,11810260.0,,0.77,0.75,11.19,11.19,-10.17,-0.62,5,2,0,0,1,1,1,,,,,,🔴,MUA EARLY,PULL XẤU,OBV gãy | RSI yếu | Pull xấu,🟡,,,,🟡 Ổn định,,False
2026-08-12,TCH,🔴 YẾU,2,12200.0,-0.41,8.93,44.18,⏳ CHỜ,OBV xấu + Thiếu mẫu xác nhận,2026-08-13T12:47:27+07:00,6.57,12102.26,12075.0,0.23,3.22,0.81,136892500.0,144228194.0,4020700.0,5103225.0,,0.95,0.96,10.91,10.91,-15.28,-0.81,5,2,0,0,1,1,1,,,,,,🔴,MUA EARLY,PULL XẤU,OBV gãy | RSI yếu | Pull xấu,🟡,,,,🟡 Ổn định,,True
2026-08-12,TCX,🔴 YẾU,2,40600.0,2.53,5.05,48.59,⏳ CHỜ,OBV xấu + Thiếu mẫu xác nhận,2026-08-13T12:47:27+07:00,7.78,40203.37,40387.5,-0.46,1.34,0.99,19769700.0,19903235.0,1382800.0,1659365.0,,1.09,1.04,8.27,8.27,-6.67,-0.49,2,1,0,0,0,1,0,,,,,,🔴,TÍCH LŨY,PULL XẤU,OBV gãy | RSI yếu | Slope âm | Pull xấu,🔴,,,,🔴 Yếu,,True
2026-08-12,TNG,🔴 YẾU,2,17100.0,-0.52,4.65,50.41,⏳ CHỜ,OBV xấu + Thiếu mẫu xác nhận,2026-08-13T12:47:27+07:00,1.38,17046.16,16642.95,2.42,0.74,0.32,34543400.0,34595117.0,303300.0,489620.0,,0.57,0.62,9.06,9.06,-4.68,-1.16,6,2,0,0,2,1,1,,,,,,🔴,MUA EARLY,PULL XẤU,OBV gãy | RSI yếu | Pull xấu,🟡,,,,🟢 Tăng tốc,,False
2026-08-12,VJC,🔴 YẾU,2,127000.0,0.71,1.2,43.71,⏳ CHỜ,OBV xấu + Thiếu mẫu xác nhận,2026-08-13T12:47:27+07:00,5.28,126430.95,127105.0,-0.53,0.87,0.45,20024000.0,21934556.0,1512600.0,1225705.0,,1.23,1.15,2.92,2.92,-5.65,-0.24,-1,1,0,0,0,0,-2,,,,,,🔴,THEO DÕI,PULL XẤU,OBV gãy | RSI yếu | Slope âm | Pull xấu,🔴,,,,🔴 Yếu,,True
2026-08-12,VND,🔴 YẾU,2,17150.0,1.18,4.57,51.27,⏳ CHỜ,OBV xấu + Thiếu mẫu xác nhận,2026-08-13T12:47:27+07:00,5.66,16899.26,16855.0,0.26,1.2,1.48,571139981.0,571366036.0,7734769.0,12492958.0,,0.78,0.77,11.73,11.73,-3.92,1.48,4,2,0,0,1,1,0,,,,,,🔴,MUA EARLY,PULL XẤU,OBV gãy | RSI yếu | Pull xấu,🟡,,,,🟡 Ổn định,,True
2026-08-12,VOS,🔴 YẾU,2,11150.0,1.36,7.21,48.67,⏳ CHỜ,OBV xấu + Thiếu mẫu xác nhận,2026-08-13T12:47:27+07:00,-0.13,11071.58,10862.5,1.92,1.8,0.71,25476900.0,25587390.0,326400.0,427485.0,,0.91,1.1,8.25,8.25,-6.69,0.0,4,2,0,0,1,1,0,,,,,,🔴,MUA EARLY,PULL XẤU,OBV gãy | RSI yếu | RSI chững | Pull xấu,🟡,,,,🟡 Ổn định,,True
2026-08-12,VPB,🔴 YẾU,2,25750.0,0.98,5.75,51.53,⏳ CHỜ,OBV xấu + Thiếu mẫu xác nhận,2026-08-13T12:47:27+07:00,9.54,25432.43,25217.5,0.85,1.31,1.25,1305197592.0,1312325293.0,7494700.0,15037185.0,,1.05,0.92,5.75,5.75,-3.01,0.78,4,2,0,0,1,1,0,,,,,,🔴,MUA EARLY,PULL XẤU,OBV gãy | RSI yếu | Pull xấu,🟡,,,,🟡 Ổn định,,True
2026-08-12,VPX,🔴 YẾU,2,25750.0,0.19,6.63,46.65,⏳ CHỜ,OBV xấu + Thiếu mẫu xác nhận,2026-08-13T12:47:27+07:00,3.73,25666.4,25822.5,-0.6,0.76,0.33,7622200.0,8731924.0,564600.0,1303230.0,,0.82,0.9,6.63,6.63,-7.21,1.38,2,1,0,0,0,1,0,,,,,,🔴,TÍCH LŨY,PULL XẤU,OBV gãy | RSI yếu | Slope âm | Pull xấu,🔴,,,,🔴 Yếu,,True
2026-08-12,HUT,⚠️ YẾU DẦN,3,13600.0,-2.86,-8.11,21.98,🟠 HẠN CHẾ / GIẢM,OBV xấu + Xu hướng giảm + RSI yếu,2026-08-13T12:47:27+07:00,14.09,13885.55,14490.0,-4.17,-0.28,-2.06,27215200.0,31321004.0,2731900.0,2478625.0,,0.51,1.05,1.49,1.49,-10.53,0.0,0,0,0,0,0,0,0,,,,,,🔴,THEO DÕI,PULL XẤU,OBV gãy | RSI yếu | Giá dưới EMA9 | Slope âm | Pull xấu,🔴,,,,🔴 Yếu,,False
2026-08-12,NTL,⚠️ YẾU DẦN,3,13500.0,-1.46,-1.46,24.54,🟠 HẠN CHẾ / GIẢM,OBV xấu + RSI yếu + Xu hướng giảm,2026-08-13T12:47:27+07:00,1.35,13724.88,14067.5,-2.44,0.56,-1.64,70476900.0,70786527.0,212400.0,277225.0,,0.8,1.07,0.0,0.0,-10.6,-1.82,1,0,0,0,0,0,1,,,,,,🔴,THEO DÕI,PULL XẤU,OBV gãy | RSI yếu | Giá dưới EMA9 | Slope âm | Pull xấu,🔴,,,,🔴 Yếu,,True
2026-08-12,PNJ,⚠️ YẾU DẦN,3,35500.0,-6.33,8.4,37.92,🟠 HẠN CHẾ / GIẢM,OBV xấu + Vol chưa xác nhận + RS yếu,2026-08-13T12:47:27+07:00,-0.0,35434.71,35470.0,-0.1,3.73,0.18,-73290300.0,-67029341.0,2360000.0,9886200.0,,0.51,0.76,15.45,15.45,-24.15,1.14,2,1,0,0,0,1,0,,,,,,🔴,TÍCH LŨY,PULL XẤU,OBV gãy | RSI yếu | RSI chững | Slope âm | Pull xấu,🔴,,,,🔴 Yếu,,True
2026-08-12,REE,⚠️ YẾU DẦN,3,47050.0,-0.84,5.73,50.07,🟠 HẠN CHẾ / GIẢM,OBV xấu + Thiếu mẫu xác nhận,2026-08-13T12:47:27+07:00,-0.82,47049.9,46090.0,2.08,0.06,0.0,-10813500.0,-10731647.0,310400.0,529915.0,,0.6,0.98,7.3,7.3,-3.39,-0.42,6,2,0,0,2,1,1,,,,,,🔴,MUA EARLY,PULL XẤU,OBV gãy | RSI yếu | RSI chững | Pull xấu,🟡,,,,🟢 Tăng tốc,,True
2026-08-12,TCM,⚠️ YẾU DẦN,3,16600.0,-1.19,0.0,30.07,🟠 HẠN CHẾ / GIẢM,OBV xấu + RSI yếu + Thiếu mẫu xác nhận,2026-08-13T12:47:27+07:00,-0.55,16723.83,17072.5,-2.04,2.25,-0.74,-10207400.0,-9370701.0,455000.0,1169300.0,,0.62,0.83,1.84,1.84,-17.0,-0.3,1,0,0,0,0,0,1,,,,,,🔴,THEO DÕI,PULL XẤU,OBV gãy | RSI yếu | RSI chững | Giá dưới EMA9 | Slope âm | Pull xấu,🔴,,,,🔴 Yếu,,True
2026-08-12,VPL,⚠️ YẾU DẦN,3,78400.0,-3.21,1.95,42.14,🟠 HẠN CHẾ / GIẢM,OBV xấu + Thiếu mẫu xác nhận + RS yếu,2026-08-13T12:47:27+07:00,-1.81,78972.01,78135.0,1.07,0.06,-0.72,14123500.0,14942477.0,563600.0,626430.0,,0.87,0.87,6.67,6.67,-4.27,0.13,2,0,0,0,1,0,1,,,,,,🔴,TÍCH LŨY,PULL XẤU,OBV gãy | RSI yếu | RSI chững | Giá dưới EMA9 | Pull xấu,🔴,,,,🟡 Ổn định,,True
2026-08-13,ACV,🌱 ĐANG HỒI,0,41000.0,5.4,3.8,50.76,🟢 MUA / GIỮ,OBV tốt + Vị trí giá tốt + Xu hướng lên,2026-08-14T08:41:23+07:00,-9.08,40753.0,39870.0,2.21,1.6,0.61,-61526500.0,-61732756.0,428200.0,543525.0,,1.33,1.14,6.77,6.77,-4.21,-1.2,7,2,0,1,2,1,1,,,,,,🟢,MUA EARLY,PULL XẤU,RSI yếu | RSI chững | Pull xấu,🟡,,,,🟢 Tăng tốc,,False
2026-08-13,ANV,🌱 ĐANG HỒI,0,17600.0,1.73,0.0,44.16,🟢 MUA / GIỮ,OBV tốt + Vol xác nhận + Vị trí giá tốt,2026-08-14T08:41:23+07:00,1.67,17559.51,17312.45,1.43,1.68,0.23,45002600.0,44093905.0,723700.0,586655.0,,0.96,0.95,8.99,8.99,-5.88,-3.03,3,2,0,1,1,1,-2,,,,,,🟢,MUA EARLY,PULL XẤU,RSI yếu | Pull xấu,🟡,,,,🟡 Ổn định,,True
2026-08-13,BAF,🌱 ĐANG HỒI,0,31400.0,0.64,5.9,67.12,🟢 MUA / GIỮ,OBV tốt + Vol xác nhận + Vị trí giá tốt,2026-08-14T08:41:23+07:00,6.85,30965.99,30132.5,2.77,0.31,1.4,97089448.0,96856784.0,2027552.0,1869558.0,,1.11,1.25,8.84,9.22,-1.88,-0.95,8,2,2,1,2,1,0,,,,,,🟢,PULL VỪA,PULL VỪA,,🟢,,,,🟢 Tăng tốc,,True
2026-08-13,BSR,🌱 ĐANG HỒI,0,26500.0,6.98,4.29,58.82,🟢 MUA / GIỮ,OBV tốt + Xu hướng lên + Vol xác nhận,2026-08-14T08:41:23+07:00,-1.65,25813.41,24745.5,4.32,2.1,2.66,660527300.0,647890238.0,9703200.0,8971160.0,,1.18,1.04,16.53,16.53,-2.72,-0.38,7,2,1,1,2,1,0,,,,,,🟢,MUA EARLY,PULL XẤU,RSI chững | Pull xấu,🟡,,,,🟢 Tăng tốc,,True
2026-08-13,BVH,🌱 ĐANG HỒI,0,65500.0,4.3,7.2,57.75,🟢 MUA / GIỮ,OBV tốt + Vol xác nhận + Vị trí giá tốt,2026-08-14T08:41:23+07:00,-7.72,64804.97,61435.0,5.49,0.21,1.07,18106213.0,17589305.0,401487.0,422104.0,,1.19,1.3,15.72,15.72,-3.68,-2.09,8,2,1,1,2,2,0,,,,,,🟢,PULL VỪA,PULL VỪA,RSI chững,🟡,,,,🟢 Tăng tốc,,True
2026-08-13,CTD,🌱 ĐANG HỒI,0,62300.0,0.16,5.41,46.62,🟢 MUA / GIỮ,OBV tốt + Xu hướng lên + Vị trí giá tốt,2026-08-14T08:41:23+07:00,-0.21,62219.81,60205.0,3.35,1.87,0.13,10705100.0,10547984.0,260400.0,417670.0,,0.65,0.93,13.07,13.07,-6.32,-2.2,7,2,0,1,2,1,1,,,,,,🟢,MUA EARLY,PULL XẤU,RSI yếu | RSI chững | Pull xấu,🟡,,,,🟢 Tăng tốc,,True
2026-08-13,CTR,🌱 ĐANG HỒI,0,76800.0,1.32,8.17,62.48,🟢 MUA / GIỮ,OBV tốt + Vị trí giá tốt + Xu hướng lên,2026-08-14T08:41:23+07:00,-3.74,75386.42,72210.0,4.4,0.11,1.88,-6483379.0,-7400688.0,387621.0,312666.0,,1.03,1.12,15.66,15.66,-0.9,0.66,10,2,1,2,2,1,2,,,,,,🟢,GÀ TĂNG TỐC,PULL VỪA,RSI chững,🟡,🟢 GREEN 2,,,🟢 Tăng tốc,,True
2026-08-13,DGC,🌱 ĐANG HỒI,0,43900.0,1.27,12.42,55.82,🟢 MUA / GIỮ,Xu hướng lên + OBV tốt + Vị trí giá tốt,2026-08-14T08:41:23+07:00,0.77,42732.79,40867.5,4.56,3.17,2.73,-121442700.0,-122346886.0,429100.0,828845.0,,0.59,0.67,21.94,21.94,-4.15,-0.23,9,2,1,2,2,1,1,,,,,,🟢,GÀ TĂNG TỐC,PULL XẤU,Pull xấu,🟡,,,,🟢 Tăng tốc,,True
2026-08-13,DGW,🌱 ĐANG HỒI,0,43150.0,7.88,18.22,70.29,🟢 MUA / GIỮ,Xu hướng lên + OBV tốt + RSI cải thiện,2026-08-14T08:41:23+07:00,8.56,40167.96,37355.0,7.53,3.0,7.42,63807400.0,58805256.0,4211400.0,1160495.0,,1.09,1.27,30.17,30.17,3.85,6.15,12,2,2,2,2,2,2,,,,,,🟢,GÀ TĂNG TỐC,PULL XẤU,Pull xấu,🟡,,,,🟢 Tăng tốc,,True
2026-08-13,DPG,🌱 ĐANG HỒI,0,30600.0,3.03,8.9,48.6,🟢 MUA / GIỮ,Xu hướng lên + OBV tốt + Vị trí giá tốt,2026-08-14T08:41:23+07:00,1.85,30078.2,28795.0,4.46,2.77,1.73,22461285.0,22328783.0,295815.0,410851.0,,0.83,1.09,17.47,17.47,-5.12,-0.16,8,2,0,1,2,2,1,,,,,,🟢,MUA EARLY,PULL XẤU,RSI yếu | Pull xấu,🟡,,,,🟢 Tăng tốc,,True
2026-08-13,DPM,🌱 ĐANG HỒI,0,21900.0,1.86,-0.27,49.59,🟢 MUA / GIỮ,OBV tốt + Vol xác nhận + Vị trí giá tốt,2026-08-14T08:41:23+07:00,-6.6,22030.07,21695.0,1.54,0.76,-0.59,79269300.0,78358523.0,2360400.0,2820180.0,,1.01,1.06,6.05,6.05,-4.37,-2.01,3,0,0,1,1,1,0,,,,,,🟢,MUA EARLY,PULL XẤU,RSI yếu | RSI chững | Giá dưới EMA9 | Pull xấu,🟡,,,,🟡 Ổn định,,True
2026-08-13,DRI,🌱 ĐANG HỒI,0,13500.0,3.85,3.85,56.6,🟢 MUA / GIỮ,OBV tốt + RSI cải thiện + Vị trí giá tốt,2026-08-14T08:41:23+07:00,5.0,13278.5,12985.0,2.26,1.37,1.67,39357400.0,38696483.0,631600.0,468305.0,,1.22,1.02,8.0,8.0,-1.46,-0.74,5,2,1,1,2,1,-2,,,,,,🟢,PULL VỪA,PULL VỪA,,🟡,,,,🟢 Tăng tốc,,False
2026-08-13,EVF,🌱 ĐANG HỒI,0,12700.0,2.83,2.42,53.51,🟢 MUA / GIỮ,OBV tốt + Vị trí giá tốt + RSI cải thiện,2026-08-14T08:41:23+07:00,4.52,12476.22,12345.0,1.06,0.94,1.79,155193561.0,151977949.0,3222061.0,1656618.0,,0.7,0.74,7.63,7.63,-0.78,1.2,8,2,0,2,1,1,2,,,,,,🟢,MUA EARLY,PULL XẤU,RSI yếu | Pull xấu,🟡,,,,🟡 Ổn định,,True
2026-08-13,FCN,🌱 ĐANG HỒI,0,11350.0,4.13,5.58,56.44,🟢 MUA / GIỮ,OBV tốt + RSI cải thiện + Vol xác nhận,2026-08-14T08:41:23+07:00,8.73,11071.13,10865.0,1.9,1.87,2.52,38404700.0,37318169.0,535700.0,452790.0,,1.16,1.15,9.13,9.13,-1.3,-0.44,7,2,1,1,1,2,0,,,,,,🟢,MUA EARLY,PULL XẤU,Pull xấu,🟡,,,,🟡 Ổn định,,True
2026-08-13,FRT,🌱 ĐANG HỒI,0,146900.0,11.2,26.31,77.58,🟢 MUA / GIỮ,Xu hướng lên + OBV tốt + RS mạnh,2026-08-14T08:41:23+07:00,4.47,137652.7,123150.0,11.78,2.78,6.72,3880366.0,2230718.0,409734.0,629917.0,,1.24,1.39,39.9,39.9,-1.08,-0.27,10,2,2,1,2,2,1,,,,,,🟢,GÀ TĂNG TỐC,PULL XẤU,Pull xấu,🟡,,,,🟢 Tăng tốc,,True
2026-08-13,GAS,🌱 ĐANG HỒI,0,77900.0,11.6,13.39,57.95,🟢 MUA / GIỮ,Xu hướng lên + OBV tốt + Vol xác nhận,2026-08-14T08:41:23+07:00,-6.82,75412.57,71300.0,5.77,3.97,3.3,40928777.0,39938821.0,1362623.0,1434231.0,,1.24,0.98,20.96,20.96,-3.35,-1.64,8,2,1,1,2,2,0,,,,,,🟢,MUA EARLY,PULL XẤU,RSI chững | Pull xấu,🟡,,,,🟢 Tăng tốc,,True
2026-08-13,GEE,🌱 ĐANG HỒI,0,71500.0,5.3,6.88,45.52,🟢 MUA / GIỮ,OBV tốt + Xu hướng lên + RSI cải thiện,2026-08-14T08:41:23+07:00,4.58,70947.33,69580.0,1.97,5.06,0.78,92283800.0,91292589.0,2595100.0,1369210.0,,1.25,1.07,12.6,12.6,-15.08,-5.05,4,2,0,1,1,2,-2,,,,,,🟢,MUA EARLY,PULL XẤU,RSI yếu | Pull xấu,🟡,,,,🟡 Ổn định,,True
2026-08-13,GEG,🌱 ĐANG HỒI,0,12350.0,2.07,1.65,45.98,🟢 MUA / GIỮ,OBV tốt + Vị trí giá tốt + Vol xác nhận,2026-08-14T08:41:23+07:00,3.49,12247.04,12165.0,0.67,1.48,0.84,23698000.0,23475872.0,188413.0,221431.0,,0.94,1.01,5.56,5.56,-5.73,0.41,6,2,0,1,1,1,1,,,,,,🟢,MUA EARLY,PULL XẤU,RSI yếu | Pull xấu,🟡,,,,🟡 Ổn định,,True
2026-08-13,GIL,🌱 ĐANG HỒI,0,8500.0,8.14,26.87,51.76,🟢 MUA / GIỮ,Xu hướng lên + OBV tốt + RSI cải thiện,2026-08-14T08:41:23+07:00,3.92,8077.6,7392.95,9.26,7.13,5.23,-4435800.0,-4834589.0,291600.0,339765.0,,1.19,1.03,29.77,29.77,-8.21,-3.41,7,2,0,1,2,2,0,,,,,,🟢,MUA EARLY,PULL XẤU,RSI yếu | Pull xấu,🟡,,,,🟢 Tăng tốc,,True
2026-08-13,GMD,🌱 ĐANG HỒI,0,78500.0,1.82,2.75,59.8,🟢 MUA / GIỮ,OBV tốt + Vị trí giá tốt + RSI cải thiện,2026-08-14T08:41:23+07:00,-0.01,77188.03,75725.0,1.93,0.78,1.7,108093700.0,105087271.0,2129900.0,1374180.0,,0.92,0.91,9.03,9.03,-4.27,1.95,9,2,1,2,1,1,2,,,,,,🟢,PULL VỪA,PULL VỪA,RSI chững,🟡,,,,🟡 Ổn định,,True
2026-08-13,GVR,🌱 ĐANG HỒI,0,32650.0,17.24,18.51,65.88,🟢 MUA / GIỮ,Xu hướng lên + OBV tốt + RS mạnh,2026-08-14T08:41:23+07:00,2.29,30521.33,28505.0,7.07,4.6,6.97,255639600.0,247675336.0,4974900.0,2098320.0,,1.64,1.26,25.58,25.58,0.0,2.03,12,2,2,2,2,2,2,,,,,,🟢,GÀ TĂNG TỐC,PULL XẤU,Pull xấu,🟡,🟢 GREEN 2,,,🟢 Tăng tốc,,True
2026-08-13,HDB,🌱 ĐANG HỒI,0,26700.0,0.56,3.89,53.7,🟢 MUA / GIỮ,OBV tốt + Vol xác nhận + Vị trí giá tốt,2026-08-14T08:41:23+07:00,-4.49,26645.03,26277.5,1.4,0.89,0.21,929359168.0,929249677.0,10762432.0,10820852.0,,0.9,0.87,6.37,7.23,-2.55,-2.2,5,2,0,1,1,1,0,,,,,,🟢,MUA EARLY,PULL XẤU,RSI yếu | RSI chững | Pull xấu,🟡,,,,🟡 Ổn định,,True
2026-08-13,HHV,🌱 ĐANG HỒI,0,10150.0,1.0,1.0,46.86,🟢 MUA / GIỮ,OBV tốt + Vol xác nhận + Vị trí giá tốt,2026-08-14T08:41:23+07:00,-3.03,10148.26,10054.0,0.94,0.93,0.02,171984400.0,170209653.0,2884500.0,2681125.0,,1.11,1.1,3.57,3.57,-3.79,-1.93,4,2,0,1,1,0,0,,,,,,🟢,MUA EARLY,PULL XẤU,RSI yếu | RSI chững | Pull xấu,🟡,,,,🟡 Ổn định,,True
2026-08-13,HVN,🌱 ĐANG HỒI,0,23850.0,-0.42,9.4,55.14,🟢 MUA / GIỮ,OBV tốt + Vol xác nhận + Xu hướng lên,2026-08-14T08:41:23+07:00,0.35,23575.52,22782.5,3.48,1.35,1.16,5434020.0,4636930.0,1176320.0,1059826.0,,0.65,1.07,12.5,13.84,-4.98,0.63,9,2,1,2,2,1,1,,,,,,🟢,GÀ TĂNG TỐC,PULL VỪA,,🟢,🟢 GREEN 2,✅ EARLY GREEN2,,🟢 Tăng tốc,,True
2026-08-13,IDC,🌱 ĐANG HỒI,0,34200.0,4.59,5.23,53.82,🟢 MUA / GIỮ,OBV tốt + Vol xác nhận + Vị trí giá tốt,2026-08-14T08:41:23+07:00,-1.05,33713.89,32998.5,2.17,0.97,1.44,67778900.0,67677483.0,1106100.0,1121225.0,,0.98,0.95,8.57,8.57,-2.84,-0.87,7,2,0,1,2,2,0,,,,,,🟢,MUA EARLY,PULL XẤU,RSI yếu | RSI chững | Pull xấu,🟡,,,,🟢 Tăng tốc,,False
2026-08-13,IJC,🌱 ĐANG HỒI,0,7700.0,6.65,6.94,49.01,🟢 MUA / GIỮ,OBV tốt + Xu hướng lên + Vol xác nhận,2026-08-14T08:41:23+07:00,-6.29,7624.3,7364.0,3.53,3.01,0.99,-33998000.0,-34392153.0,2747900.0,2393015.0,,1.29,1.01,15.1,15.1,-5.97,-3.14,7,2,0,1,2,2,0,,,,,,🟢,MUA EARLY,PULL XẤU,RSI yếu | RSI chững | Pull xấu,🟡,,,,🟢 Tăng tốc,,True
2026-08-13,KSB,🌱 ĐANG HỒI,0,14400.0,7.46,7.46,60.14,🟢 MUA / GIỮ,OBV tốt + RSI cải thiện + Xu hướng lên,2026-08-14T08:41:23+07:00,14.91,13722.5,13447.5,2.04,2.26,4.94,35484100.0,31217439.0,2236500.0,961660.0,,1.52,1.24,11.2,11.2,1.05,-1.71,7,2,1,2,2,2,-2,,,,,,🟢,MUA BREAK,PULL XẤU,Pull xấu,🟡,,,,🟢 Tăng tốc,,True
2026-08-13,LPB,🌱 ĐANG HỒI,0,53800.0,3.46,2.28,55.13,🟢 MUA / GIỮ,OBV tốt + RSI cải thiện + Vị trí giá tốt,2026-08-14T08:41:23+07:00,6.08,53238.87,53195.0,0.08,0.37,1.05,171225600.0,169513813.0,5330705.0,3526025.0,,0.74,0.83,3.86,18.24,-3.93,0.0,6,2,1,1,1,1,0,,,,,,🟢,PULL VỪA,PULL VỪA,,🟢,,,,🟡 Ổn định,,True
2026-08-13,MBB,🌱 ĐANG HỒI,0,20150.0,1.21,7.52,56.04,🟢 MUA / GIỮ,OBV tốt + Xu hướng lên + Vị trí giá tốt,2026-08-14T08:41:23+07:00,-2.41,20025.28,19350.5,3.49,1.24,0.62,925577850.0,905743585.0,11798566.0,14935053.0,,1.0,1.01,11.76,11.76,-1.95,-1.71,8,2,1,1,2,1,1,,,,,,🟢,GÀ TĂNG TỐC,PULL VỪA,RSI chững,🟡,,,,🟢 Tăng tốc,,True
2026-08-13,MCH,🌱 ĐANG HỒI,0,136900.0,1.48,-2.78,54.9,🟢 MUA / GIỮ,OBV tốt + Vị trí giá tốt + RSI cải thiện,2026-08-14T08:41:23+07:00,2.31,136110.68,135820.0,0.21,0.25,0.58,11444700.0,11045201.0,292000.0,404910.0,,0.52,1.12,3.06,9.83,-3.25,0.07,6,2,0,2,1,1,0,,,,,,🟢,MUA EARLY,PULL XẤU,RSI yếu | Pull xấu,🟡,,✅ EARLY GREEN2,🌱 EARLY DRY GREEN2,🟡 Ổn định,,True
2026-08-13,MML,🌱 ĐANG HỒI,0,28600.0,3.62,-1.72,53.09,🟢 MUA / GIỮ,OBV tốt + Vị trí giá tốt + RSI cải thiện,2026-08-14T08:41:23+07:00,4.17,28192.6,27830.0,1.3,0.66,1.45,-1464000.0,-1516321.0,53000.0,24705.0,,0.59,0.9,7.92,7.92,-2.05,1.42,8,2,0,2,1,1,2,,,,,,🟢,MUA EARLY,PULL XẤU,RSI yếu | Pull xấu,🟡,,,,🟡 Ổn định,,False
2026-08-13,MSN,🌱 ĐANG HỒI,0,67600.0,1.65,-0.44,49.79,🟢 MUA / GIỮ,OBV tốt + Vị trí giá tốt + Vol xác nhận,2026-08-14T08:41:23+07:00,-0.11,67218.34,66335.0,1.33,0.36,0.57,112403000.0,105770101.0,5681100.0,4227520.0,,0.65,0.82,5.79,5.79,-2.59,0.15,8,2,0,2,1,1,2,,,,,,🟢,MUA EARLY,PULL XẤU,RSI yếu | RSI chững | Pull xấu,🟡,,,,🟡 Ổn định,,True
2026-08-13,MSR,🌱 ĐANG HỒI,0,39900.0,4.18,9.92,61.56,🟢 MUA / GIỮ,OBV tốt + Xu hướng lên + Vị trí giá tốt,2026-08-14T08:41:23+07:00,-2.24,38742.05,36790.0,5.31,0.11,2.99,16357300.0,14654053.0,1749900.0,1121990.0,,0.99,1.16,21.28,21.28,-0.99,2.84,11,2,1,2,2,2,2,,,,,,🟢,GÀ TĂNG TỐC,PULL XẤU,RSI chững | Pull xấu,🟡,,,,🟢 Tăng tốc,,False
2026-08-13,MWG,🌱 ĐANG HỒI,0,73600.0,3.37,5.44,53.39,🟢 MUA / GIỮ,OBV tốt + Vị trí giá tốt + Xu hướng lên,2026-08-14T08:41:23+07:00,1.34,72387.3,70836.0,2.19,2.05,1.68,244932302.0,242590381.0,3670998.0,5321915.0,,0.72,0.84,18.08,18.08,-2.8,-0.54,8,2,0,1,2,2,1,,,,,,🟢,MUA EARLY,PULL XẤU,RSI yếu | Pull xấu,🟡,,,,🟢 Tăng tốc,,True
2026-08-13,NKG,🌱 ĐANG HỒI,0,11050.0,0.45,-0.45,45.32,🟢 MUA / GIỮ,OBV tốt + Vol xác nhận + Vị trí giá tốt,2026-08-14T08:41:23+07:00,-3.97,11091.07,10887.5,1.87,1.2,-0.37,277784700.0,277555084.0,2161000.0,1975735.0,,1.0,0.96,6.25,6.25,-5.96,-1.34,2,0,0,1,1,0,0,,,,,,🟢,TÍCH LŨY,PULL XẤU,RSI yếu | RSI chững | Giá dưới EMA9 | Pull xấu,🔴,,,,🟡 Ổn định,,True
2026-08-13,NT2,🌱 ĐANG HỒI,0,21550.0,2.13,2.38,49.84,🟢 MUA / GIỮ,OBV tốt + Vị trí giá tốt + RSI cải thiện,2026-08-14T08:41:23+07:00,-0.27,21459.78,21275.0,0.87,0.65,0.42,14895400.0,14500705.0,385600.0,577210.0,,0.77,0.89,5.12,5.12,-1.6,-1.15,6,2,0,1,1,1,1,,,,,,🟢,MUA EARLY,PULL XẤU,RSI yếu | RSI chững | Pull xấu,🟡,,,,🟡 Ổn định,,True
2026-08-13,NTP,🌱 ĐANG HỒI,0,51800.0,7.25,7.02,67.11,🟢 MUA / GIỮ,OBV tốt + RSI cải thiện + Vị trí giá tốt,2026-08-14T08:41:23+07:00,15.59,49249.23,48650.0,1.23,0.86,5.18,10676500.0,10142102.0,649900.0,124645.0,,1.28,1.5,8.82,8.82,3.6,5.71,11,2,2,2,1,2,2,,,,,,🟢,MUA BREAK,PULL XẤU,Pull xấu,🟡,,,,🟡 Ổn định,,False
2026-08-13,OCB,🌱 ĐANG HỒI,0,11000.0,6.28,6.28,61.84,🟢 MUA / GIỮ,OBV tốt + RSI cải thiện + Xu hướng lên,2026-08-14T08:41:23+07:00,6.33,10664.19,10405.0,2.49,2.42,3.15,119582100.0,108387632.0,3195800.0,2618650.0,,1.38,1.09,10.0,13.99,-0.9,0.92,11,2,1,2,2,2,2,,,,,,🟢,GÀ TĂNG TỐC,PULL XẤU,Pull xấu,🟡,,,,🟢 Tăng tốc,,True
2026-08-13,ORS,🌱 ĐANG HỒI,0,14100.0,-0.7,-0.7,53.36,🟢 MUA / GIỮ,OBV tốt + Vol xác nhận + Vị trí giá tốt,2026-08-14T08:41:23+07:00,-2.82,14137.28,13787.5,2.54,0.58,-0.26,216010100.0,215086453.0,4560900.0,4640970.0,,0.98,1.03,10.16,11.46,-4.41,-2.08,3,0,0,1,2,0,0,,,,,,🟢,MUA EARLY,PULL XẤU,RSI yếu | RSI chững | Giá dưới EMA9 | Pull xấu,🟡,,,,🟢 Tăng tốc,,True
2026-08-13,PLC,🌱 ĐANG HỒI,0,20300.0,4.64,5.18,54.92,🟢 MUA / GIỮ,OBV tốt + Xu hướng lên + Vị trí giá tốt,2026-08-14T08:41:23+07:00,-3.96,20011.35,19160.0,4.44,1.99,1.44,18649400.0,18500685.0,109400.0,129805.0,,1.21,1.05,14.69,14.69,-2.87,-2.4,7,2,0,1,2,2,0,,,,,,🟢,MUA EARLY,PULL XẤU,RSI yếu | RSI chững | Pull xấu,🟡,,,,🟢 Tăng tốc,,False
2026-08-13,PLX,🌱 ĐANG HỒI,0,35600.0,5.64,8.94,54.87,🟢 MUA / GIỮ,OBV tốt + Xu hướng lên + Vol xác nhận,2026-08-14T08:41:23+07:00,-11.13,35331.58,33609.0,5.13,1.89,0.76,61602700.0,59235637.0,2349400.0,2374690.0,,1.67,1.29,12.94,12.94,-6.32,-2.86,7,2,0,1,2,2,0,,,,,,🟢,MUA EARLY,PULL XẤU,RSI yếu | RSI chững | Pull xấu,🟡,,,,🟢 Tăng tốc,,True
2026-08-13,PVB,🌱 ĐANG HỒI,0,22400.0,8.21,4.67,55.16,🟢 MUA / GIỮ,OBV tốt + RSI cải thiện + RS mạnh,2026-08-14T08:41:23+07:00,13.53,21399.83,21210.0,0.9,3.02,4.67,1799200.0,1471984.0,196500.0,82260.0,,1.37,1.09,9.27,9.27,-5.08,3.7,9,2,1,2,1,1,2,,,,,,🟢,CP MẠNH,PULL XẤU,Pull xấu,🟡,🟢 GREEN 2,✅ EARLY GREEN2,,🟡 Ổn định,,False
2026-08-13,PVC,🌱 ĐANG HỒI,0,12300.0,6.03,1.65,49.16,🟢 MUA / GIỮ,OBV tốt + Vị trí giá tốt + Vol xác nhận,2026-08-14T08:41:23+07:00,-0.04,12166.05,12035.0,1.09,2.9,1.1,60817600.0,60509651.0,399900.0,468965.0,,1.17,1.07,6.96,6.96,-10.22,-3.15,5,2,0,1,1,1,0,,,,,,🟢,MUA EARLY,PULL XẤU,RSI yếu | RSI chững | Pull xấu,🟡,,,,🟡 Ổn định,,False
2026-08-13,PVS,🌱 ĐANG HỒI,0,35000.0,2.94,0.57,47.63,🟢 MUA / GIỮ,OBV tốt + Vị trí giá tốt + Xu hướng lên,2026-08-14T08:41:23+07:00,0.08,34824.43,34595.0,0.66,2.45,0.5,126221100.0,125709098.0,1792900.0,2720095.0,,0.75,0.73,5.74,5.74,-9.79,-1.69,6,2,0,1,1,1,1,,,,,,🟢,MUA EARLY,PULL XẤU,RSI yếu | Pull xấu,🟡,,,,🟡 Ổn định,,False
2026-08-13,PVT,🌱 ĐANG HỒI,0,20000.0,12.04,10.19,62.79,🟢 MUA / GIỮ,Xu hướng lên + OBV tốt + RS mạnh,2026-08-14T08:41:23+07:00,3.5,19114.85,17970.0,6.37,3.49,4.63,17224400.0,9889692.0,5703800.0,3912685.0,,1.42,1.17,22.7,22.7,-2.44,-0.25,6,2,1,1,2,2,-2,,,,,,🟢,MUA EARLY,PULL XẤU,Pull xấu,🟡,,,,🟢 Tăng tốc,,True
2026-08-13,SAB,🌱 ĐANG HỒI,0,45850.0,4.92,5.65,58.28,🟢 MUA / GIỮ,OBV tốt + Vol xác nhận + Vị trí giá tốt,2026-08-14T08:41:23+07:00,-6.99,45276.03,44363.0,2.06,0.57,1.27,-7352229.0,-8391254.0,805529.0,756591.0,,1.43,1.19,6.63,6.63,-1.5,-0.86,8,2,1,1,2,2,0,,,,,,🟢,PULL VỪA,PULL VỪA,RSI chững,🟡,,,,🟢 Tăng tốc,,True
2026-08-13,SBT,🌱 ĐANG HỒI,0,23000.0,9.79,7.98,77.73,🟢 MUA / GIỮ,OBV tốt + RS mạnh + Xu hướng lên,2026-08-14T08:41:23+07:00,22.24,21556.74,21097.5,2.18,1.73,6.7,107204300.0,104915868.0,1525400.0,628050.0,,0.88,0.95,11.38,14.43,6.48,6.48,12,2,2,2,2,2,2,,,,,,🟢,GÀ TĂNG TỐC,PULL XẤU,Pull xấu,🟡,🟢 GREEN 2,,,🟢 Tăng tốc,,True
2026-08-13,SIP,🌱 ĐANG HỒI,0,50900.0,1.6,5.6,61.16,🟢 MUA / GIỮ,OBV tốt + Vị trí giá tốt + Vol xác nhận,2026-08-14T08:41:23+07:00,-2.83,50422.93,48820.0,3.28,0.39,0.95,484989.0,482206.0,82611.0,92631.0,,0.78,1.08,9.23,9.23,-1.55,-0.59,7,2,1,1,2,1,0,,,,,,🟢,PULL VỪA,PULL VỪA,RSI chững,🟡,,,,🟢 Tăng tốc,,True
2026-08-13,SSI,🌱 ĐANG HỒI,0,25000.0,2.88,4.17,52.37,🟢 MUA / GIỮ,OBV tốt + Vị trí giá tốt + Xu hướng lên,2026-08-14T08:41:23+07:00,-1.32,24718.89,23887.5,3.48,1.63,1.14,998898378.0,995371423.0,35852510.0,22164720.0,,0.78,0.85,13.64,13.64,-1.57,-1.19,4,2,0,1,2,1,-2,,,,,,🟢,MUA EARLY,PULL XẤU,RSI yếu | RSI chững | Pull xấu,🟡,,,,🟢 Tăng tốc,,True
2026-08-13,SZC,🌱 ĐANG HỒI,0,19950.0,9.92,11.14,52.43,🟢 MUA / GIỮ,OBV tốt + Xu hướng lên + Vị trí giá tốt,2026-08-14T08:41:23+07:00,-5.04,19471.56,18795.0,3.6,3.17,2.46,-21421655.0,-21672053.0,619455.0,472163.0,,1.54,1.2,16.33,16.33,-3.39,-2.44,5,2,0,1,2,2,-2,,,,,,🟢,MUA EARLY,PULL XẤU,RSI yếu | RSI chững | Pull xấu,🟡,,,,🟢 Tăng tốc,,True
2026-08-13,TCB,🌱 ĐANG HỒI,0,31700.0,8.56,8.19,58.63,🟢 MUA / GIỮ,OBV tốt + Xu hướng lên + RSI cải thiện,2026-08-14T08:41:23+07:00,1.66,30632.34,29757.5,2.94,2.86,3.49,437283545.0,390228827.0,35547549.0,15551937.0,,1.4,1.16,12.21,12.21,-0.63,0.63,11,2,1,2,2,2,2,,,,,,🟢,GÀ TĂNG TỐC,PULL XẤU,Pull xấu,🟡,🟢 GREEN 2,,,🟢 Tăng tốc,,True
2026-08-13,TNG,🌱 ĐANG HỒI,0,17300.0,1.76,4.09,54.09,🟢 MUA / GIỮ,OBV tốt + Vị trí giá tốt + RSI cải thiện,2026-08-14T08:41:23+07:00,1.39,17096.93,16667.45,2.58,0.54,1.19,34817400.0,34639573.0,274000.0,453675.0,,0.54,0.65,10.33,10.33,-3.57,1.17,7,2,0,2,2,1,0,,,,,,🟢,MUA EARLY,PULL XẤU,RSI yếu | Pull xấu,🟡,,,,🟢 Tăng tốc,,False
2026-08-13,TVN,🌱 ĐANG HỒI,0,9400.0,6.82,8.05,48.9,🟢 MUA / GIỮ,OBV tốt + Xu hướng lên + Vị trí giá tốt,2026-08-14T08:41:23+07:00,2.39,9131.76,9005.0,1.41,2.72,2.94,38811700.0,37472304.0,1138900.0,485840.0,,1.06,0.94,13.25,13.25,-10.48,2.17,9,2,0,2,1,2,2,,,,,,🟢,MUA EARLY,PULL XẤU,RSI yếu | Pull xấu,🟡,,,,🟡 Ổn định,,False
2026-08-13,TVS,🌱 ĐANG HỒI,0,14000.0,2.94,1.82,50.55,🟢 MUA / GIỮ,OBV tốt + Vị trí giá tốt + RSI cải thiện,2026-08-14T08:41:23+07:00,2.76,13832.84,13870.0,-0.27,2.04,1.21,5161100.0,5058849.0,186800.0,140000.0,,0.55,0.57,6.46,9.38,-7.89,-0.36,1,1,0,1,0,1,-2,,,,,,🟢,THEO DÕI,PULL XẤU,RSI yếu | Slope âm | Pull xấu,🔴,,,,🔴 Yếu,,True
2026-08-13,VGS,🌱 ĐANG HỒI,0,18200.0,1.68,2.25,42.14,🟢 MUA / GIỮ,OBV tốt + Vol xác nhận + Vị trí giá tốt,2026-08-14T08:41:23+07:00,2.68,18103.07,17955.0,0.82,2.31,0.54,4810500.0,4790352.0,102800.0,115700.0,,0.85,0.94,7.06,7.06,-9.9,-1.62,5,2,0,1,1,1,0,,,,,,🟢,MUA EARLY,PULL XẤU,RSI yếu | Pull xấu,🟡,,,,🟡 Ổn định,,False
2026-08-13,VGT,🌱 ĐANG HỒI,0,11900.0,8.18,10.19,70.5,🟢 MUA / GIỮ,OBV tốt + Xu hướng lên + RSI cải thiện,2026-08-14T08:41:23+07:00,7.14,11359.96,11010.0,3.18,1.8,4.75,16746600.0,15674549.0,1063100.0,268570.0,,1.15,1.08,12.26,12.26,2.59,4.39,12,2,2,2,2,2,2,,,,,,🟢,GÀ TĂNG TỐC,PULL XẤU,Pull xấu,🟡,,,,🟢 Tăng tốc,,False
2026-08-13,VIX,🌱 ĐANG HỒI,0,13900.0,1.46,6.51,48.04,🟢 MUA / GIỮ,OBV tốt + Xu hướng lên + Vị trí giá tốt,2026-08-14T08:41:23+07:00,-0.78,13814.62,13187.5,4.76,2.25,0.62,1548586062.0,1535586893.0,65323270.0,48076963.0,,0.84,0.99,18.3,18.3,-4.47,-3.14,4,2,0,1,2,1,-2,,,,,,🟢,MUA EARLY,PULL XẤU,RSI yếu | RSI chững | Pull xấu,🟡,,,,🟢 Tăng tốc,,True
2026-08-13,VTO,🌱 ĐANG HỒI,0,10600.0,1.44,0.47,56.86,🟢 MUA / GIỮ,OBV tốt + Vị trí giá tốt + Xu hướng lên,2026-08-14T08:41:23+07:00,-3.23,10546.26,10355.0,1.85,0.49,0.51,2058500.0,2025729.0,33900.0,73715.0,,0.64,0.86,5.47,5.47,-1.4,-0.47,7,2,1,1,1,1,1,,,,,,🟢,PULL VỪA,PULL VỪA,RSI chững,🟡,,,,🟡 Ổn định,,True
2026-08-13,VTP,🌱 ĐANG HỒI,0,54100.0,8.42,15.11,60.54,🟢 MUA / GIỮ,Xu hướng lên + OBV tốt + Vol xác nhận,2026-08-14T08:41:23+07:00,0.11,52314.36,49495.0,5.7,3.4,3.41,10417400.0,8564945.0,706800.0,621250.0,,1.53,1.36,20.76,20.76,-2.7,-1.64,8,2,1,1,2,2,0,,,,,,🟢,MUA EARLY,PULL XẤU,Pull xấu,🟡,,,,🟢 Tăng tốc,,True
2026-08-13,ACB,🟡 TRUNG TÍNH,1,22200.0,0.23,-0.67,45.6,👀 THEO DÕI,OBV tốt + Vol xác nhận + Vị trí giá tốt,2026-08-14T08:41:23+07:00,-7.3,22465.63,22512.5,-0.21,0.6,-1.18,-12050152.0,-13586942.0,12450152.0,14412858.0,,0.63,0.68,1.37,12.75,-6.92,-2.42,1,0,0,1,0,0,0,,,,,,🟢,THEO DÕI,PULL XẤU,RSI yếu | RSI chững | Giá dưới EMA9 | Slope âm | Pull xấu,🔴,,,,🔴 Yếu,,True
2026-08-13,BID,🟡 TRUNG TÍNH,1,38850.0,2.51,4.3,52.23,👀 THEO DÕI,Vị trí giá tốt + Xu hướng lên + Vol xác nhận,2026-08-14T08:41:23+07:00,-5.36,38589.17,37442.5,3.06,1.23,0.68,147714400.0,148177678.0,5660200.0,4487410.0,,0.99,1.13,11.96,11.96,-2.63,-0.64,3,2,0,0,2,1,-2,,,,,,🔴,MUA EARLY,PULL XẤU,OBV gãy | RSI yếu | RSI chững | Pull xấu,🟡,,,,🟢 Tăng tốc,,True
2026-08-13,BMP,🟡 TRUNG TÍNH,1,149400.0,1.22,0.88,50.71,👀 THEO DÕI,OBV tốt + Vị trí giá tốt + RSI cải thiện,2026-08-14T08:41:23+07:00,1.74,149161.0,150015.0,-0.57,0.19,0.16,2122000.0,2110414.0,72400.0,123605.0,,0.64,0.83,1.22,13.27,-4.23,0.47,4,1,0,2,0,1,0,,,,,,🟢,MUA EARLY,PULL XẤU,RSI yếu | Slope âm | Pull xấu,🟡,,,,🔴 Yếu,,True
2026-08-13,BSI,🟡 TRUNG TÍNH,1,28350.0,1.43,1.25,41.5,👀 THEO DÕI,OBV tốt + Vol xác nhận + Xu hướng lên,2026-08-14T08:41:23+07:00,-3.8,28610.64,28487.45,0.43,2.57,-0.91,22514000.0,22428053.0,406900.0,456755.0,,0.87,0.87,8.0,8.0,-13.44,-2.91,3,0,0,1,1,1,0,,,,,,🟢,MUA EARLY,PULL XẤU,RSI yếu | RSI chững | Giá dưới EMA9 | Pull xấu,🟡,,,,🟡 Ổn định,,True
2026-08-13,CTG,🟡 TRUNG TÍNH,1,32150.0,2.55,5.58,54.59,👀 THEO DÕI,Vol xác nhận + Vị trí giá tốt + Xu hướng lên,2026-08-14T08:41:23+07:00,-6.51,31901.11,30836.45,3.45,0.76,0.78,373229578.0,376581982.0,9187522.0,9024101.0,,0.89,1.05,11.83,11.83,-2.58,-0.62,5,2,0,0,2,1,0,,,,,,🔴,MUA EARLY,PULL XẤU,OBV gãy | RSI yếu | RSI chững | Pull xấu,🟡,,,,🟢 Tăng tốc,,True
2026-08-13,DXS,🟡 TRUNG TÍNH,1,5840.0,-0.68,-1.52,38.25,👀 THEO DÕI,OBV tốt + Vol xác nhận,2026-08-14T08:41:23+07:00,-0.91,5923.7,5932.5,-0.15,2.84,-1.41,49149600.0,47162272.0,1723600.0,1880840.0,,1.0,1.1,4.1,4.1,-16.21,-3.79,1,0,0,1,0,0,0,,,,,,🟢,THEO DÕI,PULL XẤU,RSI yếu | RSI chững | Giá dưới EMA9 | Slope âm | Pull xấu,🔴,,,,🔴 Yếu,,True
2026-08-13,GEX,🟡 TRUNG TÍNH,1,25400.0,3.04,14.93,51.55,👀 THEO DÕI,Xu hướng lên + Vị trí giá tốt + Vol xác nhận,2026-08-14T08:41:23+07:00,-4.44,25039.04,23385.0,7.07,3.4,1.44,537815342.0,545914042.0,17763058.0,13917113.0,,0.87,1.05,25.12,25.12,-4.87,-2.87,4,2,0,0,2,2,-2,,,,,,🔴,MUA EARLY,PULL XẤU,OBV gãy | RSI yếu | RSI chững | Pull xấu,🟡,,,,🟢 Tăng tốc,,True
2026-08-13,LAS,🟡 TRUNG TÍNH,1,12100.0,0.0,3.42,40.96,👀 THEO DÕI,OBV tốt + Vol xác nhận + Xu hướng lên,2026-08-14T08:41:23+07:00,-5.27,12185.71,12025.0,1.34,2.11,-0.7,-19202900.0,-19230341.0,251100.0,208145.0,,0.96,1.01,5.22,5.22,-12.32,-2.42,1,0,0,1,1,1,-2,,,,,,🟢,THEO DÕI,PULL XẤU,RSI yếu | RSI chững | Giá dưới EMA9 | Pull xấu,🔴,,,,🟡 Ổn định,,False
2026-08-13,MSB,🟡 TRUNG TÍNH,1,16150.0,0.01,2.54,55.5,👀 THEO DÕI,OBV tốt + Vị trí giá tốt,2026-08-14T08:41:23+07:00,-4.64,16131.04,16062.35,0.43,0.2,0.12,802924586.0,767112720.0,42424186.0,8198374.0,,0.74,0.92,2.54,13.73,-1.82,0.31,9,2,1,2,1,1,2,,,,,,🟢,PULL VỪA,PULL VỪA,RSI chững,🟡,,,,🟡 Ổn định,,True
2026-08-13,OIL,🟡 TRUNG TÍNH,1,13200.0,2.33,-1.49,46.6,👀 THEO DÕI,OBV tốt + Vị trí giá tốt,2026-08-14T08:41:23+07:00,-8.88,13317.34,13280.0,0.28,1.35,-0.88,91537400.0,91193041.0,735900.0,1223925.0,,1.2,1.01,2.33,3.94,-8.97,-0.75,4,0,0,1,1,1,1,,,,,,🟢,MUA EARLY,PULL XẤU,RSI yếu | RSI chững | Giá dưới EMA9 | Pull xấu,🟡,,,,🟡 Ổn định,,False
2026-08-13,PHR,🟡 TRUNG TÍNH,1,59000.0,1.9,3.15,48.45,👀 THEO DÕI,OBV tốt + Vị trí giá tốt + Xu hướng lên,2026-08-14T08:41:23+07:00,-2.48,58630.88,57995.0,1.1,1.09,0.63,16926051.0,16816915.0,221051.0,339563.0,,0.76,0.84,7.27,7.27,-4.84,0.68,6,2,0,2,1,1,0,,,,,,🟢,MUA EARLY,PULL XẤU,RSI yếu | RSI chững | Pull xấu,🟡,,,,🟡 Ổn định,,True
2026-08-13,PVD,🟡 TRUNG TÍNH,1,18300.0,3.1,-3.17,47.62,👀 THEO DÕI,OBV tốt + Vị trí giá tốt + RSI cải thiện,2026-08-14T08:41:23+07:00,0.78,18290.34,18390.0,-0.54,1.72,0.05,275069000.0,273777828.0,1972800.0,3295375.0,,1.01,0.98,4.57,4.57,-8.04,-2.14,4,1,0,1,0,1,1,,,,,,🟢,MUA EARLY,PULL XẤU,RSI yếu | Slope âm | Pull xấu,🟡,,,,🔴 Yếu,,True
2026-08-13,TPB,🟡 TRUNG TÍNH,1,14450.0,-0.34,0.35,42.08,👀 THEO DÕI,OBV tốt + Vol xác nhận + Vị trí giá tốt,2026-08-14T08:41:23+07:00,-5.58,14569.17,14427.5,0.98,1.0,-0.82,443134972.0,442146745.0,9680316.0,9304721.0,,0.69,0.95,3.96,3.96,-6.77,-1.7,2,0,0,1,1,0,0,,,,,,🟢,TÍCH LŨY,PULL XẤU,RSI yếu | RSI chững | Giá dưới EMA9 | Pull xấu,🔴,,,,🟡 Ổn định,,True
2026-08-13,VCG,🟡 TRUNG TÍNH,1,15800.0,0.96,0.96,42.29,👀 THEO DÕI,OBV tốt + Vol xác nhận + Xu hướng lên,2026-08-14T08:41:23+07:00,-1.61,15862.63,15717.45,0.92,2.13,-0.39,237142128.0,235737820.0,2352672.0,3077259.0,,0.66,0.79,4.64,4.64,-11.24,-3.07,3,0,0,1,1,0,1,,,,,,🟢,MUA EARLY,PULL XẤU,RSI yếu | RSI chững | Giá dưới EMA9 | Pull xấu,🟡,,,,🟡 Ổn định,,True
2026-08-13,VGC,🟡 TRUNG TÍNH,1,40600.0,7.98,7.55,60.9,👀 THEO DÕI,Xu hướng lên + Vị trí giá tốt + RS mạnh,2026-08-14T08:41:23+07:00,-3.93,39589.41,37887.5,4.49,2.4,2.55,29439600.0,29570293.0,341700.0,460155.0,,1.3,1.02,16.33,16.33,-2.17,-0.98,8,2,1,0,2,2,1,,,,,,🔴,MUA EARLY,PULL XẤU,OBV gãy | RSI chững | Pull xấu,🟡,,,,🟢 Tăng tốc,,True
2026-08-13,VGI,🟡 TRUNG TÍNH,1,85000.0,1.43,7.87,53.28,👀 THEO DÕI,Vol xác nhận + Xu hướng lên + Vị trí giá tốt,2026-08-14T08:41:23+07:00,-10.13,84881.26,81200.0,4.53,0.66,0.14,-13308500.0,-13197606.0,314500.0,304875.0,,1.39,1.3,13.94,13.94,-7.61,-1.73,5,2,0,0,2,1,0,,,,,,🔴,MUA EARLY,PULL XẤU,OBV gãy | RSI yếu | RSI chững | Pull xấu,🟡,,,,🟢 Tăng tốc,,False
2026-08-13,VHC,🟡 TRUNG TÍNH,1,54100.0,2.85,0.0,48.53,👀 THEO DÕI,OBV tốt + Vị trí giá tốt + RSI cải thiện,2026-08-14T08:41:23+07:00,12.69,53046.42,53530.0,-0.9,1.42,1.99,2799582.0,1072363.0,1293682.0,361019.0,,1.81,1.31,5.25,5.25,-5.75,0.56,6,1,0,2,0,1,2,,,,,,🟢,MUA EARLY,PULL XẤU,RSI yếu | Slope âm | Pull xấu,🟡,,✅ EARLY GREEN2,,🔴 Yếu,,True
2026-08-13,VHM,🟡 TRUNG TÍNH,1,71800.0,-6.87,-2.91,49.34,👀 THEO DÕI,OBV tốt + Vol xác nhận + Xu hướng lên,2026-08-14T08:41:23+07:00,0.17,72847.82,70857.5,2.81,-1.0,-1.44,368205724.0,363913722.0,7888876.0,6368659.0,,1.58,1.34,13.16,13.16,-12.12,-2.97,0,0,0,1,1,0,-2,,,,,,🟢,THEO DÕI,PULL XẤU,RSI yếu | Giá dưới EMA9 | Pull xấu,🔴,,,,🟢 Tăng tốc,,True
2026-08-13,VNM,🟡 TRUNG TÍNH,1,61600.0,4.41,0.65,62.17,👀 THEO DÕI,Vị trí giá tốt + Vol xác nhận + RS mạnh,2026-08-14T08:41:23+07:00,-3.21,61021.67,59910.0,1.86,-0.26,0.95,-8565300.0,-5800924.0,4257000.0,5790475.0,,0.96,0.98,6.57,12.41,-2.69,-0.32,6,2,1,0,1,1,1,,,,,,🔴,MUA EARLY,PULL XẤU,OBV gãy | RSI chững | Pull xấu,🟡,,,,🟡 Ổn định,,True
2026-08-13,VSC,🟡 TRUNG TÍNH,1,14350.0,-3.69,5.13,42.62,👀 THEO DÕI,OBV tốt + Vol xác nhận + Xu hướng lên,2026-08-14T08:41:23+07:00,-6.6,14567.56,14100.0,3.32,1.18,-1.49,272318900.0,271410399.0,11659700.0,10056805.0,,0.99,1.21,12.99,12.99,-6.82,-3.69,4,0,0,1,2,1,0,,,,,,🟢,MUA EARLY,PULL XẤU,RSI yếu | RSI chững | Giá dưới EMA9 | Pull xấu,🟡,,,,🟢 Tăng tốc,,True
2026-08-13,AGR,🔴 YẾU,2,13050.0,0.0,-1.51,42.24,⏳ CHỜ,OBV xấu + Thiếu mẫu xác nhận + RSI yếu,2026-08-14T08:41:23+07:00,-4.36,13198.28,13225.0,-0.2,1.31,-1.12,22595800.0,23203924.0,258600.0,363615.0,,0.71,0.74,6.53,6.53,-9.69,-2.97,1,0,0,0,0,0,1,,,,,,🔴,THEO DÕI,PULL XẤU,OBV gãy | RSI yếu | RSI chững | Giá dưới EMA9 | Slope âm | Pull xấu,🔴,,,,🔴 Yếu,,True
2026-08-13,C4G,🔴 YẾU,2,5700.0,3.64,0.0,40.72,⏳ CHỜ,OBV xấu + Vol chưa xác nhận + Thiếu mẫu xác nhận,2026-08-14T08:41:23+07:00,7.76,5679.57,5740.0,-1.05,2.3,0.36,15226200.0,15266403.0,551500.0,273525.0,,1.29,1.16,3.64,3.64,-12.31,-1.72,0,1,0,0,0,1,-2,,,,,,🔴,THEO DÕI,PULL XẤU,OBV gãy | RSI yếu | Slope âm | Pull xấu,🔴,,,,🔴 Yếu,,False
2026-08-13,CEO,🔴 YẾU,2,11900.0,0.85,1.71,41.35,⏳ CHỜ,OBV xấu + Thiếu mẫu xác nhận,2026-08-14T08:41:23+07:00,-3.52,11996.12,11830.0,1.4,3.16,-0.8,295636600.0,296223635.0,6045300.0,6010260.0,,0.76,0.94,10.19,10.19,-14.39,-4.8,1,0,0,0,1,0,0,,,,,,🔴,THEO DÕI,PULL XẤU,OBV gãy | RSI yếu | RSI chững | Giá dưới EMA9 | Pull xấu,🔴,,,,🟡 Ổn định,,False
2026-08-13,CII,🔴 YẾU,2,13900.0,1.09,3.73,42.23,⏳ CHỜ,OBV xấu + Thiếu mẫu xác nhận,2026-08-14T08:41:23+07:00,-3.58,13974.41,13820.0,1.12,2.84,-0.53,588268804.0,592490490.0,8461400.0,8370235.0,,0.79,0.91,9.88,9.88,-13.4,-3.14,2,0,0,0,1,1,0,,,,,,🔴,TÍCH LŨY,PULL XẤU,OBV gãy | RSI yếu | RSI chững | Giá dưới EMA9 | Pull xấu,🔴,,,,🟡 Ổn định,,True
2026-08-13,DCM,🔴 YẾU,2,30800.0,-0.16,-1.44,43.77,⏳ CHỜ,OBV xấu + Thiếu mẫu xác nhận,2026-08-14T08:41:23+07:00,-7.18,31161.9,30655.0,1.65,0.89,-1.16,62599100.0,64722602.0,2168900.0,2082550.0,,1.14,1.01,6.57,6.57,-6.53,-2.07,1,0,0,0,1,0,0,,,,,,🔴,THEO DÕI,PULL XẤU,OBV gãy | RSI yếu | RSI chững | Giá dưới EMA9 | Pull xấu,🔴,,,,🟡 Ổn định,,True
2026-08-13,DPR,🔴 YẾU,2,36200.0,0.84,0.7,43.25,⏳ CHỜ,OBV xấu + Thiếu mẫu xác nhận,2026-08-14T08:41:23+07:00,-4.84,36229.92,36077.5,0.42,0.88,-0.08,24866200.0,24877066.0,308000.0,190590.0,,1.14,1.03,3.13,3.13,-4.23,-1.36,-1,0,0,0,1,0,-2,,,,,,🔴,THEO DÕI,PULL XẤU,OBV gãy | RSI yếu | RSI chững | Giá dưới EMA9 | Pull xấu,🔴,,,,🟡 Ổn định,,True
2026-08-13,FOX,🔴 YẾU,2,65400.0,1.4,1.4,43.83,⏳ CHỜ,OBV xấu + Thiếu mẫu xác nhận,2026-08-14T08:41:23+07:00,-1.39,65414.63,64435.0,1.52,0.91,-0.02,5456900.0,5465713.0,63200.0,67155.0,,0.87,1.01,7.21,7.21,-5.22,-1.36,2,0,0,0,1,1,0,,,,,,🔴,TÍCH LŨY,PULL XẤU,OBV gãy | RSI yếu | RSI chững | Giá dưới EMA9 | Pull xấu,🔴,,,,🟡 Ổn định,,False
2026-08-13,FTS,🔴 YẾU,2,21800.0,-0.23,-0.23,41.6,⏳ CHỜ,OBV xấu + Thiếu mẫu xác nhận,2026-08-14T08:41:23+07:00,-2.48,22109.36,21995.0,0.52,2.52,-1.4,16674295.0,17065052.0,1323905.0,1222255.0,,0.7,0.76,8.46,8.46,-14.17,-3.96,1,0,0,0,1,0,0,,,,,,🔴,THEO DÕI,PULL XẤU,OBV gãy | RSI yếu | RSI chững | Giá dưới EMA9 | Pull xấu,🔴,,,,🟡 Ổn định,,True
2026-08-13,HAG,🔴 YẾU,2,14100.0,0.0,-0.7,41.81,⏳ CHỜ,OBV xấu + Thiếu mẫu xác nhận,2026-08-14T08:41:23+07:00,0.54,14102.52,14097.5,0.04,0.62,-0.02,387553700.0,388773649.0,2052500.0,2277040.0,,0.71,0.83,2.92,2.92,-3.42,-0.7,1,0,0,0,1,0,0,,,,,,🔴,THEO DÕI,PULL XẤU,OBV gãy | RSI yếu | Giá dưới EMA9 | Pull xấu,🔴,,,,🟡 Ổn định,,True
2026-08-13,HCM,🔴 YẾU,2,25700.0,0.98,0.0,54.8,⏳ CHỜ,OBV xấu + Thiếu mẫu xác nhận,2026-08-14T08:41:23+07:00,-5.21,25742.64,25545.0,0.77,-0.17,-0.17,564090812.0,564722869.0,8020088.0,5482679.0,,0.87,0.89,2.8,11.84,-6.03,-1.53,-1,0,0,0,1,0,-2,,,,,,🔴,THEO DÕI,PULL XẤU,OBV gãy | RSI yếu | RSI chững | Giá dưới EMA9 | Pull xấu,🔴,,,,🟡 Ổn định,,True
2026-08-13,HSG,🔴 YẾU,2,10700.0,-0.93,-1.83,42.74,⏳ CHỜ,OBV xấu + Thiếu mẫu xác nhận + RSI yếu,2026-08-14T08:41:23+07:00,-4.89,10807.14,10710.0,0.91,1.17,-0.99,48585800.0,50386552.0,2187800.0,2188885.0,,0.72,0.77,6.47,6.47,-7.76,-1.83,1,0,0,0,1,0,0,,,,,,🔴,THEO DÕI,PULL XẤU,OBV gãy | RSI yếu | RSI chững | Giá dưới EMA9 | Pull xấu,🔴,,,,🟡 Ổn định,,True
2026-08-13,KBC,🔴 YẾU,2,27550.0,-0.9,-1.78,40.09,⏳ CHỜ,OBV xấu + RSI yếu + Thiếu mẫu xác nhận,2026-08-14T08:41:23+07:00,-8.18,27958.79,27812.5,0.53,0.01,-1.46,230706100.0,231742251.0,1638900.0,1350440.0,,0.89,0.93,2.8,2.8,-4.84,-1.25,-1,0,0,0,1,0,-2,,,,,,🔴,THEO DÕI,PULL XẤU,OBV gãy | RSI yếu | RSI chững | Giá dưới EMA9 | Pull xấu,🔴,,,,🟡 Ổn định,,True
2026-08-13,MBS,🔴 YẾU,2,18400.0,0.55,0.0,43.94,⏳ CHỜ,OBV xấu + Thiếu mẫu xác nhận,2026-08-14T08:41:23+07:00,-5.37,18587.78,18505.0,0.45,1.85,-1.01,-44852300.0,-39773241.0,5878000.0,6279590.0,,0.63,0.77,5.75,5.75,-10.68,-1.08,1,0,0,0,1,0,0,,,,,,🔴,THEO DÕI,PULL XẤU,OBV gãy | RSI yếu | RSI chững | Giá dưới EMA9 | Pull xấu,🔴,,,,🟡 Ổn định,,False
2026-08-13,MSH,🔴 YẾU,2,31200.0,1.13,0.97,46.02,⏳ CHỜ,OBV xấu + Thiếu mẫu xác nhận,2026-08-14T08:41:23+07:00,-4.65,31177.77,30935.0,0.78,0.76,0.07,12199200.0,12314364.0,41900.0,101070.0,,0.62,0.69,2.97,2.97,-2.5,-0.48,5,2,0,0,1,1,1,,,,,,🔴,MUA EARLY,PULL XẤU,OBV gãy | RSI yếu | RSI chững | Pull xấu,🟡,,,,🟡 Ổn định,,True
2026-08-13,NHA,🔴 YẾU,2,8370.0,1.45,2.21,43.84,⏳ CHỜ,OBV xấu + Thiếu mẫu xác nhận,2026-08-14T08:41:23+07:00,1.58,8321.21,8248.9,0.88,1.96,0.59,6922100.0,6960110.0,75500.0,95075.0,,1.14,1.01,10.13,10.13,-8.22,-1.3,5,2,0,0,1,1,1,,,,,,🔴,MUA EARLY,PULL XẤU,OBV gãy | RSI yếu | Pull xấu,🟡,,,,🟡 Ổn định,,True
2026-08-13,NLG,🔴 YẾU,2,22500.0,3.21,4.41,45.41,⏳ CHỜ,OBV xấu + Thiếu mẫu xác nhận,2026-08-14T08:41:23+07:00,-0.87,22315.66,22122.5,0.87,2.82,0.83,47804098.0,48374411.0,1888902.0,2345480.0,,0.67,1.14,12.5,12.5,-11.76,-1.1,4,2,0,0,1,1,0,,,,,,🔴,MUA EARLY,PULL XẤU,OBV gãy | RSI yếu | RSI chững | Pull xấu,🟡,,,,🟡 Ổn định,,True
2026-08-13,PC1,🔴 YẾU,2,20700.0,0.98,-4.39,44.87,⏳ CHỜ,OBV xấu + Thiếu mẫu xác nhận,2026-08-14T08:41:23+07:00,1.16,20833.93,21047.5,-1.01,0.04,-0.64,124367300.0,124914909.0,1161900.0,1938640.0,,0.8,0.9,0.98,11.29,-7.17,-0.96,1,0,0,0,0,0,1,,,,,,🔴,THEO DÕI,PULL XẤU,OBV gãy | RSI yếu | Giá dưới EMA9 | Slope âm | Pull xấu,🔴,,,,🔴 Yếu,,True
2026-08-13,PDR,🔴 YẾU,2,11950.0,1.27,0.84,38.04,⏳ CHỜ,OBV xấu + Thiếu mẫu xác nhận + RSI yếu,2026-08-14T08:41:23+07:00,-2.24,11994.84,12000.0,-0.04,2.4,-0.37,239031200.0,241481688.0,6992800.0,7457480.0,,0.72,0.9,7.17,7.17,-12.13,-1.65,1,0,0,0,0,1,0,,,,,,🔴,THEO DÕI,PULL XẤU,OBV gãy | RSI yếu | RSI chững | Giá dưới EMA9 | Slope âm | Pull xấu,🔴,,,,🔴 Yếu,,True
2026-08-13,PET,🔴 YẾU,2,39600.0,1.8,4.21,60.41,⏳ CHỜ,OBV xấu + Vol chưa xác nhận + Thiếu mẫu xác nhận,2026-08-14T08:41:23+07:00,-0.97,39229.55,37682.5,4.11,0.79,0.94,68770012.0,69679169.0,2256888.0,511634.0,,1.25,1.17,13.79,18.88,-5.49,-0.75,4,2,1,0,2,1,-2,,,,,,🔴,MUA EARLY,PULL XẤU,OBV gãy | RSI chững | Pull xấu,🟡,,,,🟢 Tăng tốc,,True
2026-08-13,POW,🔴 YẾU,2,13500.0,0.75,-1.46,44.77,⏳ CHỜ,OBV xấu + Thiếu mẫu xác nhận,2026-08-14T08:41:23+07:00,-6.54,13662.36,13587.5,0.55,0.3,-1.19,308994546.0,320389550.0,11311358.0,7441293.0,,0.9,1.0,2.27,2.27,-4.26,-1.82,-1,0,0,0,1,0,-2,,,,,,🔴,THEO DÕI,PULL XẤU,OBV gãy | RSI yếu | RSI chững | Giá dưới EMA9 | Pull xấu,🔴,,,,🟡 Ổn định,,True
2026-08-13,SHB,🔴 YẾU,2,11800.0,0.0,0.43,41.79,⏳ CHỜ,OBV xấu + Thiếu mẫu xác nhận,2026-08-14T08:41:23+07:00,-3.66,11824.61,11780.0,0.38,1.22,-0.21,1622852413.0,1709859441.0,60284347.0,55451662.0,,0.88,0.94,5.36,5.36,-7.45,-0.42,1,0,0,0,1,0,0,,,,,,🔴,THEO DÕI,PULL XẤU,OBV gãy | RSI yếu | RSI chững | Giá dưới EMA9 | Pull xấu,🔴,,,,🟡 Ổn định,,True
2026-08-13,SHS,🔴 YẾU,2,15800.0,0.64,1.28,45.24,⏳ CHỜ,OBV xấu + Thiếu mẫu xác nhận,2026-08-14T08:41:23+07:00,-1.89,15781.93,15525.0,1.65,1.66,0.11,694746396.0,708570028.0,15948200.0,11453690.0,,0.71,0.78,10.49,10.49,-7.6,-0.63,1,2,0,0,1,0,-2,,,,,,🔴,THEO DÕI,PULL XẤU,OBV gãy | RSI yếu | RSI chững | Pull xấu,🔴,,,,🟡 Ổn định,,False
2026-08-13,SSB,🔴 YẾU,2,15200.0,0.0,-2.25,42.51,⏳ CHỜ,OBV xấu + Thiếu mẫu xác nhận,2026-08-14T08:41:23+07:00,-0.36,15340.26,15477.5,-0.89,0.49,-0.91,30799600.0,31248089.0,1888500.0,2146030.0,,0.95,0.98,1.0,9.67,-5.3,-1.62,0,0,0,0,0,0,0,,,,,,🔴,THEO DÕI,PULL XẤU,OBV gãy | RSI yếu | RSI chững | Giá dưới EMA9 | Slope âm | Pull xấu,🔴,,,,🔴 Yếu,,True
2026-08-13,TCX,🔴 YẾU,2,40000.0,1.52,-1.48,45.44,⏳ CHỜ,OBV xấu + Thiếu mẫu xác nhận,2026-08-14T08:41:23+07:00,0.29,40146.69,40207.5,-0.15,1.39,-0.37,17879778.0,19498543.0,1889922.0,1610911.0,,0.99,1.11,6.67,6.67,-8.05,-1.96,1,0,0,0,0,1,0,,,,,,🔴,THEO DÕI,PULL XẤU,OBV gãy | RSI yếu | Giá dưới EMA9 | Slope âm | Pull xấu,🔴,,,,🔴 Yếu,,True
2026-08-13,VCB,🔴 YẾU,2,59500.0,0.85,5.31,54.48,⏳ CHỜ,OBV xấu + Thiếu mẫu xác nhận,2026-08-14T08:41:23+07:00,-4.68,59254.81,57461.5,3.12,0.41,0.41,126712031.0,130004756.0,4619669.0,5186173.0,,0.73,1.15,10.19,10.19,-2.46,-0.67,5,2,0,0,2,1,0,,,,,,🔴,MUA EARLY,PULL XẤU,OBV gãy | RSI yếu | RSI chững | Pull xấu,🟡,,,,🟢 Tăng tốc,,True
2026-08-13,VDS,🔴 YẾU,2,11850.0,0.0,-2.87,39.43,⏳ CHỜ,OBV xấu + Thiếu mẫu xác nhận + RSI yếu,2026-08-14T08:41:23+07:00,-3.2,12035.61,12057.5,-0.18,2.56,-1.54,47126791.0,47805508.0,984809.0,1060410.0,,0.66,0.76,5.8,5.8,-15.96,-3.27,0,0,0,0,0,0,0,,,,,,🔴,THEO DÕI,PULL XẤU,OBV gãy | RSI yếu | RSI chững | Giá dưới EMA9 | Slope âm | Pull xấu,🔴,,,,🔴 Yếu,,True
2026-08-13,VIB,🔴 YẾU,2,14550.0,0.0,-1.36,40.18,⏳ CHỜ,OBV xấu + RSI yếu + Thiếu mẫu xác nhận,2026-08-14T08:41:23+07:00,-5.62,14707.31,14682.5,0.17,0.78,-1.07,205729312.0,211308777.0,5915492.0,6485035.0,,0.57,0.89,2.83,2.83,-6.73,-2.02,1,0,0,0,1,0,0,,,,,,🔴,THEO DÕI,PULL XẤU,OBV gãy | RSI yếu | RSI chững | Giá dưới EMA9 | Pull xấu,🔴,,,,🟡 Ổn định,,True
2026-08-13,VOS,🔴 YẾU,2,10950.0,-0.45,-1.35,44.36,⏳ CHỜ,OBV xấu + Thiếu mẫu xác nhận,2026-08-14T08:41:23+07:00,-6.53,11047.26,10840.0,1.91,0.97,-0.88,24846500.0,25439212.0,630400.0,422915.0,,0.91,1.12,6.31,6.31,-5.6,-2.23,-1,0,0,0,1,0,-2,,,,,,🔴,THEO DÕI,PULL XẤU,OBV gãy | RSI yếu | RSI chững | Giá dưới EMA9 | Pull xấu,🔴,,,,🟡 Ổn định,,True
2026-08-13,VPB,🔴 YẾU,2,25350.0,0.8,1.4,47.05,⏳ CHỜ,OBV xấu + Thiếu mẫu xác nhận,2026-08-14T08:41:23+07:00,-5.65,25407.94,25182.5,0.9,0.71,-0.23,1291357992.0,1308131833.0,13839600.0,14608435.0,,0.98,0.92,4.11,4.11,-4.52,-1.55,1,0,0,0,1,0,0,,,,,,🔴,THEO DÕI,PULL XẤU,OBV gãy | RSI yếu | RSI chững | Giá dưới EMA9 | Pull xấu,🔴,,,,🟡 Ổn định,,True
2026-08-13,BFC,⚠️ YẾU DẦN,3,47500.0,-1.84,-0.29,40.63,🟠 HẠN CHẾ / GIẢM,OBV xấu + RSI yếu + Thiếu mẫu xác nhận,2026-08-14T08:41:23+07:00,-9.48,48375.71,48307.0,0.14,0.72,-1.81,29037744.0,29043011.0,88756.0,170028.0,,0.82,0.95,3.78,3.78,-9.2,-2.46,2,0,0,0,1,0,1,,,,,,🔴,TÍCH LŨY,PULL XẤU,OBV gãy | RSI yếu | RSI chững | Giá dưới EMA9 | Pull xấu,🔴,,,,🟡 Ổn định,,True
2026-08-13,BVS,⚠️ YẾU DẦN,3,27100.0,3.04,3.44,46.87,🟠 HẠN CHẾ / GIẢM,OBV xấu + Thiếu mẫu xác nhận,2026-08-14T08:41:23+07:00,-2.32,27003.73,27010.0,-0.02,3.82,0.36,4131100.0,4352533.0,751900.0,1082720.0,,0.66,0.75,11.52,11.52,-20.06,0.37,2,1,0,0,0,1,0,,,,,,🔴,TÍCH LŨY,PULL XẤU,OBV gãy | RSI yếu | RSI chững | Slope âm | Pull xấu,🔴,,,,🔴 Yếu,,False
2026-08-13,CMG,⚠️ YẾU DẦN,3,24300.0,-2.61,0.83,39.32,🟠 HẠN CHẾ / GIẢM,OBV xấu + RSI yếu + Thiếu mẫu xác nhận,2026-08-14T08:41:23+07:00,-4.52,24714.96,24660.0,0.22,0.35,-1.68,-7709800.0,-7617291.0,179900.0,187640.0,,0.68,0.9,2.97,2.97,-7.25,-1.62,1,0,0,0,1,0,0,,,,,,🔴,THEO DÕI,PULL XẤU,OBV gãy | RSI yếu | RSI chững | Giá dưới EMA9 | Pull xấu,🔴,,,,🟡 Ổn định,,True
2026-08-13,CSV,⚠️ YẾU DẦN,3,21900.0,-1.57,3.06,46.74,🟠 HẠN CHẾ / GIẢM,OBV xấu + Thiếu mẫu xác nhận,2026-08-14T08:41:23+07:00,-4.19,21983.26,21770.0,0.98,1.49,-0.38,-3552300.0,-3381323.0,300300.0,394130.0,,0.83,0.81,9.5,9.5,-12.75,-1.35,3,0,0,0,1,1,1,,,,,,🔴,MUA EARLY,PULL XẤU,OBV gãy | RSI yếu | RSI chững | Giá dưới EMA9 | Pull xấu,🟡,,,,🟡 Ổn định,,True
2026-08-13,DBC,⚠️ YẾU DẦN,3,16550.0,-0.3,0.61,42.64,🟠 HẠN CHẾ / GIẢM,OBV xấu + Thiếu mẫu xác nhận,2026-08-14T08:41:23+07:00,-4.43,16612.85,16434.95,1.08,0.84,-0.38,7166655.0,7412296.0,1811345.0,1967397.0,,0.59,0.84,5.41,5.41,-7.28,-0.9,1,0,0,0,1,0,0,,,,,,🔴,THEO DÕI,PULL XẤU,OBV gãy | RSI yếu | RSI chững | Giá dưới EMA9 | Pull xấu,🔴,,,,🟡 Ổn định,,True
2026-08-13,DDV,⚠️ YẾU DẦN,3,18400.0,-2.13,0.55,33.93,🟠 HẠN CHẾ / GIẢM,OBV xấu + RSI yếu + Thiếu mẫu xác nhận,2026-08-14T08:41:23+07:00,-4.59,18738.29,18900.0,-0.86,1.62,-1.81,56816100.0,56861664.0,271500.0,291835.0,,0.81,0.87,2.79,2.79,-15.6,-1.08,0,0,0,0,0,0,0,,,,,,🔴,THEO DÕI,PULL XẤU,OBV gãy | RSI yếu | RSI chững | Giá dưới EMA9 | Slope âm | Pull xấu,🔴,,,,🔴 Yếu,,False
2026-08-13,DIG,⚠️ YẾU DẦN,3,10650.0,-0.47,4.41,41.55,🟠 HẠN CHẾ / GIẢM,OBV xấu + RSI yếu + Thiếu mẫu xác nhận,2026-08-14T08:41:23+07:00,-5.72,10760.4,10662.5,0.92,2.76,-1.03,178442582.0,183154229.0,6436918.0,9736521.0,,0.65,0.87,9.91,9.91,-15.81,-3.18,3,0,0,0,1,1,1,,,,,,🔴,MUA EARLY,PULL XẤU,OBV gãy | RSI yếu | RSI chững | Giá dưới EMA9 | Pull xấu,🟡,,,,🟡 Ổn định,,True
2026-08-13,DXG,⚠️ YẾU DẦN,3,10850.0,-0.91,2.36,43.9,🟠 HẠN CHẾ / GIẢM,OBV xấu + Thiếu mẫu xác nhận,2026-08-14T08:41:23+07:00,-3.09,10904.87,10801.0,0.96,2.51,-0.5,557788404.0,560322264.0,11893300.0,10745585.0,,0.8,0.82,8.83,8.83,-11.43,-3.12,2,0,0,0,1,1,0,,,,,,🔴,TÍCH LŨY,PULL XẤU,OBV gãy | RSI yếu | RSI chững | Giá dưới EMA9 | Pull xấu,🔴,,,,🟡 Ổn định,,True
2026-08-13,EIB,⚠️ YẾU DẦN,3,17500.0,-3.58,-2.23,36.3,🟠 HẠN CHẾ / GIẢM,OBV xấu + RSI yếu + Thiếu mẫu xác nhận,2026-08-14T08:41:23+07:00,-7.29,17966.61,17825.0,0.79,0.75,-2.6,162827100.0,171039311.0,9963000.0,6439215.0,,0.66,0.81,6.06,6.06,-9.79,-4.11,-1,0,0,0,1,0,-2,,,,,,🔴,THEO DÕI,PULL XẤU,OBV gãy | RSI yếu | RSI chững | Giá dưới EMA9 | Pull xấu,🔴,,,,🟡 Ổn định,,True
2026-08-13,FPT,⚠️ YẾU DẦN,3,69200.0,-2.12,3.28,49.67,🟠 HẠN CHẾ / GIẢM,OBV xấu + Thiếu mẫu xác nhận,2026-08-14T08:41:23+07:00,-10.72,69971.28,67674.9,3.39,-0.07,-1.1,-425513069.0,-418720262.0,8324769.0,6684378.0,,0.72,0.99,11.25,11.25,-5.59,-2.54,0,0,0,0,1,1,-2,,,,,,🔴,THEO DÕI,PULL XẤU,OBV gãy | RSI yếu | RSI chững | Giá dưới EMA9 | Pull xấu,🔴,,,,🟢 Tăng tốc,,True
2026-08-13,HAH,⚠️ YẾU DẦN,3,45800.0,-1.51,1.33,43.85,🟠 HẠN CHẾ / GIẢM,OBV xấu + Thiếu mẫu xác nhận,2026-08-14T08:41:23+07:00,-3.8,45956.27,45390.0,1.25,0.79,-0.34,19118126.0,19290457.0,730974.0,521024.0,,1.2,1.07,4.33,4.33,-3.78,-1.51,-1,0,0,0,1,0,-2,,,,,,🔴,THEO DÕI,PULL XẤU,OBV gãy | RSI yếu | RSI chững | Giá dưới EMA9 | Pull xấu,🔴,,,,🟡 Ổn định,,True
2026-08-13,HDC,⚠️ YẾU DẦN,3,11600.0,-0.85,0.0,34.59,🟠 HẠN CHẾ / GIẢM,OBV xấu + RSI yếu + Thiếu mẫu xác nhận,2026-08-14T08:41:23+07:00,-4.09,11816.9,11812.5,0.04,2.74,-1.84,156526681.0,157282174.0,1664519.0,1400096.0,,0.64,0.82,6.42,6.42,-17.14,-4.13,1,0,0,0,1,0,0,,,,,,🔴,THEO DÕI,PULL XẤU,OBV gãy | RSI yếu | RSI chững | Giá dưới EMA9 | Pull xấu,🔴,,,,🟡 Ổn định,,True
2026-08-13,HDG,⚠️ YẾU DẦN,3,16300.0,-1.51,-1.21,36.78,🟠 HẠN CHẾ / GIẢM,OBV xấu + RSI yếu + Thiếu mẫu xác nhận,2026-08-14T08:41:23+07:00,-7.49,16585.69,16507.45,0.47,1.62,-1.72,17049800.0,18777527.0,1062700.0,1404895.0,,0.75,0.82,5.16,5.16,-14.21,-2.69,2,0,0,0,1,0,1,,,,,,🔴,TÍCH LŨY,PULL XẤU,OBV gãy | RSI yếu | RSI chững | Giá dưới EMA9 | Pull xấu,🔴,,,,🟡 Ổn định,,True
2026-08-13,HHS,⚠️ YẾU DẦN,3,9870.0,-0.6,0.71,44.36,🟠 HẠN CHẾ / GIẢM,OBV xấu + Thiếu mẫu xác nhận,2026-08-14T08:41:23+07:00,-4.8,9950.36,9889.5,0.62,1.33,-0.81,156035000.0,157547579.0,875500.0,993235.0,,0.8,0.99,5.0,5.0,-9.45,-1.3,1,0,0,0,1,0,0,,,,,,🔴,THEO DÕI,PULL XẤU,OBV gãy | RSI yếu | RSI chững | Giá dưới EMA9 | Pull xấu,🔴,,,,🟡 Ổn định,,True
2026-08-13,HPG,⚠️ YẾU DẦN,3,21700.0,-0.69,-0.46,44.79,🟠 HẠN CHẾ / GIẢM,OBV xấu + Thiếu mẫu xác nhận,2026-08-14T08:41:23+07:00,-5.62,21908.23,21527.5,1.77,0.36,-0.95,344523476.0,356766916.0,26828248.0,26442177.0,,0.56,0.85,6.63,6.63,-4.19,-2.25,1,0,0,0,1,0,0,,,,,,🔴,THEO DÕI,PULL XẤU,OBV gãy | RSI yếu | RSI chững | Giá dưới EMA9 | Pull xấu,🔴,,,,🟡 Ổn định,,True
2026-08-13,HUT,⚠️ YẾU DẦN,3,13500.0,-0.74,-8.78,20.69,🟠 HẠN CHẾ / GIẢM,OBV xấu + Xu hướng giảm + RSI yếu,2026-08-14T08:41:23+07:00,7.27,13808.44,14405.0,-4.14,0.12,-2.23,26199400.0,30296683.0,1015800.0,2427245.0,,0.6,1.01,0.75,0.75,-11.18,-2.17,1,0,0,0,0,0,1,,,,,,🔴,THEO DÕI,PULL XẤU,OBV gãy | RSI yếu | Giá dưới EMA9 | Slope âm | Pull xấu,🔴,,,,🔴 Yếu,,False
2026-08-13,KDH,⚠️ YẾU DẦN,3,17750.0,-0.28,1.43,38.05,🟠 HẠN CHẾ / GIẢM,OBV xấu + RSI yếu + Thiếu mẫu xác nhận,2026-08-14T08:41:23+07:00,-4.26,17949.19,17747.5,1.14,1.48,-1.11,-17305982.0,-15690609.0,6615782.0,5502119.0,,0.79,0.91,8.23,8.23,-9.44,-2.47,-1,0,0,0,1,0,-2,,,,,,🔴,THEO DÕI,PULL XẤU,OBV gãy | RSI yếu | RSI chững | Giá dưới EMA9 | Pull xấu,🔴,,,,🟡 Ổn định,,True
2026-08-13,NAB,⚠️ YẾU DẦN,3,11750.0,-1.26,-4.47,36.06,🟠 HẠN CHẾ / GIẢM,OBV xấu + RSI yếu + Thiếu mẫu xác nhận,2026-08-14T08:41:23+07:00,-6.07,11961.05,12182.5,-1.82,0.55,-1.76,54093200.0,57350531.0,1518800.0,1816025.0,,0.7,0.83,0.0,0.43,-9.96,-0.84,0,0,0,0,0,0,0,,,,,,🔴,THEO DÕI,PULL XẤU,OBV gãy | RSI yếu | RSI chững | Giá dưới EMA9 | Slope âm | Pull xấu,🔴,,,,🔴 Yếu,,True
2026-08-13,NTL,⚠️ YẾU DẦN,3,13450.0,-1.82,-1.82,23.59,🟠 HẠN CHẾ / GIẢM,OBV xấu + RSI yếu + Xu hướng giảm,2026-08-14T08:41:23+07:00,-4.56,13685.9,14002.5,-2.26,0.51,-1.72,70283900.0,70686002.0,193000.0,273445.0,,0.75,1.05,0.0,0.0,-9.43,-1.1,1,0,0,0,0,0,1,,,,,,🔴,THEO DÕI,PULL XẤU,OBV gãy | RSI yếu | RSI chững | Giá dưới EMA9 | Slope âm | Pull xấu,🔴,,,,🔴 Yếu,,True
2026-08-13,NVL,⚠️ YẾU DẦN,3,13400.0,-2.19,3.08,54.45,🟠 HẠN CHẾ / GIẢM,OBV xấu + Thiếu mẫu xác nhận,2026-08-14T08:41:23+07:00,-11.18,13495.5,13145.0,2.67,-1.56,-0.71,630917999.0,639740410.0,18235805.0,18117185.0,,0.94,1.07,7.63,13.08,-5.96,-1.47,2,0,0,0,1,1,0,,,,,,🔴,TÍCH LŨY,PULL XẤU,OBV gãy | RSI yếu | RSI chững | Giá dưới EMA9 | Pull xấu,🔴,,,,🟢 Tăng tốc,,True
2026-08-13,PNJ,⚠️ YẾU DẦN,3,35300.0,-3.16,8.62,37.37,🟠 HẠN CHẾ / GIẢM,OBV xấu + Vol chưa xác nhận + Thiếu mẫu xác nhận,2026-08-14T08:41:23+07:00,-0.46,35335.77,35167.5,0.48,3.0,-0.1,-70818200.0,-67787112.0,2472100.0,9275715.0,,0.42,0.74,14.8,14.8,-18.57,-0.84,3,0,0,0,1,1,1,,,,,,🔴,MUA EARLY,PULL XẤU,OBV gãy | RSI yếu | RSI chững | Giá dưới EMA9 | Pull xấu,🟡,,,,🟡 Ổn định,,True
2026-08-13,PTB,⚠️ YẾU DẦN,3,33650.0,-2.46,0.75,44.64,🟠 HẠN CHẾ / GIẢM,OBV xấu + Thiếu mẫu xác nhận,2026-08-14T08:41:23+07:00,-0.79,33662.39,33504.95,0.47,0.46,-0.04,-625800.0,-597452.0,50500.0,60015.0,,0.59,0.75,5.65,5.65,-4.27,0.45,2,0,0,0,1,0,1,,,,,,🔴,TÍCH LŨY,PULL XẤU,OBV gãy | RSI yếu | RSI chững | Giá dưới EMA9 | Pull xấu,🔴,,,,🟡 Ổn định,,True
2026-08-13,REE,⚠️ YẾU DẦN,3,46600.0,-1.89,2.87,46.67,🟠 HẠN CHẾ / GIẢM,OBV xấu + Thiếu mẫu xác nhận,2026-08-14T08:41:23+07:00,-7.62,46975.92,46132.5,1.83,-0.36,-0.8,-11250480.0,-10835414.0,436980.0,527119.0,,0.52,0.96,6.27,6.27,-4.31,-1.69,2,0,0,0,1,1,0,,,,,,🔴,TÍCH LŨY,PULL XẤU,OBV gãy | RSI yếu | RSI chững | Giá dưới EMA9 | Pull xấu,🔴,,,,🟡 Ổn định,,True
2026-08-13,STB,⚠️ YẾU DẦN,3,73100.0,1.25,2.09,52.17,🟠 HẠN CHẾ / GIẢM,OBV xấu + Thiếu mẫu xác nhận,2026-08-14T08:41:23+07:00,-6.93,73457.73,72840.0,0.85,-0.29,-0.49,404545300.0,407058706.0,3461400.0,3866795.0,,0.63,0.71,2.96,10.59,-3.94,-2.14,2,0,0,0,1,1,0,,,,,,🔴,TÍCH LŨY,PULL XẤU,OBV gãy | RSI yếu | RSI chững | Giá dưới EMA9 | Pull xấu,🔴,,,,🟡 Ổn định,,True
2026-08-13,TCH,⚠️ YẾU DẦN,3,11800.0,-2.48,2.16,39.39,🟠 HẠN CHẾ / GIẢM,OBV xấu + RSI yếu + Thiếu mẫu xác nhận,2026-08-14T08:41:23+07:00,-6.03,12041.81,11975.0,0.56,2.41,-2.01,131341200.0,141650795.0,5551300.0,5041955.0,,0.82,0.96,7.27,7.27,-15.71,-4.07,2,0,0,0,1,1,0,,,,,,🔴,TÍCH LŨY,PULL XẤU,OBV gãy | RSI yếu | RSI chững | Giá dưới EMA9 | Pull xấu,🔴,,,,🟡 Ổn định,,True
2026-08-13,TCM,⚠️ YẾU DẦN,3,16600.0,-0.3,-0.6,30.03,🟠 HẠN CHẾ / GIẢM,OBV xấu + RSI yếu + Thiếu mẫu xác nhận,2026-08-14T08:41:23+07:00,-0.59,16707.06,16925.0,-1.29,2.26,-0.64,-10505700.0,-9524900.0,753300.0,1162630.0,,0.56,0.81,1.84,1.84,-16.37,-0.3,1,0,0,0,0,0,1,,,,,,🔴,THEO DÕI,PULL XẤU,OBV gãy | RSI yếu | RSI chững | Giá dưới EMA9 | Slope âm | Pull xấu,🔴,,,,🔴 Yếu,,True
2026-08-13,VCI,⚠️ YẾU DẦN,3,21600.0,-0.69,0.47,46.73,🟠 HẠN CHẾ / GIẢM,OBV xấu + Thiếu mẫu xác nhận,2026-08-14T08:41:23+07:00,-4.38,21710.66,20990.0,3.43,1.23,-0.51,152324300.0,157460334.0,10351300.0,9932255.0,,0.92,0.96,17.07,17.07,-5.47,-3.14,2,0,0,0,2,0,0,,,,,,🔴,TÍCH LŨY,PULL XẤU,OBV gãy | RSI yếu | RSI chững | Giá dưới EMA9 | Pull xấu,🔴,,,,🟢 Tăng tốc,,True
2026-08-13,VCK,⚠️ YẾU DẦN,3,29500.0,-3.44,-5.3,38.49,🟠 HẠN CHẾ / GIẢM,OBV xấu + RSI yếu + Thiếu mẫu xác nhận,2026-08-14T08:41:23+07:00,-8.99,30455.02,30250.0,0.68,0.27,-3.14,70977900.0,72734158.0,3331100.0,2486475.0,,0.69,0.98,4.06,4.06,-8.1,-3.91,-1,0,0,0,1,0,-2,,,,,,🔴,THEO DÕI,PULL XẤU,OBV gãy | RSI yếu | RSI chững | Giá dưới EMA9 | Pull xấu,🔴,,,,🟡 Ổn định,,True
2026-08-13,VIC,⚠️ YẾU DẦN,3,207900.0,-4.98,-5.5,43.32,🟠 HẠN CHẾ / GIẢM,OBV xấu + Thiếu mẫu xác nhận + RS yếu,2026-08-14T08:41:23+07:00,0.98,212866.31,214625.0,-0.82,-0.4,-2.33,306006200.0,309871417.0,5537700.0,4338920.0,,1.17,1.16,2.87,8.28,-7.19,-3.3,-2,0,0,0,0,0,-2,,,,,,🔴,THEO DÕI,PULL XẤU,OBV gãy | RSI yếu | Giá dưới EMA9 | Slope âm | Pull xấu,🔴,,,,🔴 Yếu,,True
2026-08-13,VJC,⚠️ YẾU DẦN,3,124900.0,-0.87,0.56,39.03,🟠 HẠN CHẾ / GIẢM,OBV xấu + Thiếu mẫu xác nhận,2026-08-14T08:41:23+07:00,0.6,126236.76,126760.0,-0.41,0.75,-1.06,21485000.0,22328677.0,1564200.0,1257275.0,,1.18,1.14,1.22,1.22,-7.21,-2.35,-2,0,0,0,0,0,-2,,,,,,🔴,THEO DÕI,PULL XẤU,OBV gãy | RSI yếu | Giá dưới EMA9 | Slope âm | Pull xấu,🔴,,,,🔴 Yếu,,True
2026-08-13,VND,⚠️ YẾU DẦN,3,16550.0,-0.9,-2.93,44.67,🟠 HẠN CHẾ / GIẢM,OBV xấu + Thiếu mẫu xác nhận,2026-08-14T08:41:23+07:00,-5.4,16773.4,16782.5,-0.05,0.41,-1.33,538995914.0,562597057.0,17800598.0,12116390.0,,0.71,0.79,7.82,7.82,-7.28,-1.78,-2,0,0,0,0,0,-2,,,,,,🔴,THEO DÕI,PULL XẤU,OBV gãy | RSI yếu | RSI chững | Giá dưới EMA9 | Slope âm | Pull xấu,🔴,,,,🔴 Yếu,,True
2026-08-13,VPL,⚠️ YẾU DẦN,3,77000.0,-4.82,-3.14,37.67,🟠 HẠN CHẾ / GIẢM,OBV xấu + RSI yếu + RS yếu,2026-08-14T08:41:23+07:00,-4.78,78577.61,77890.0,0.88,-0.16,-2.01,13603000.0,14674582.0,520500.0,612150.0,,0.91,0.92,4.76,4.76,-5.98,-2.41,1,0,0,0,1,0,0,,,,,,🔴,THEO DÕI,PULL XẤU,OBV gãy | RSI yếu | RSI chững | Giá dưới EMA9 | Pull xấu,🔴,,,,🟡 Ổn định,,True
2026-08-13,VPX,⚠️ YẾU DẦN,3,25300.0,-1.17,-0.39,43.21,🟠 HẠN CHẾ / GIẢM,OBV xấu + Thiếu mẫu xác nhận,2026-08-14T08:41:23+07:00,-3.55,25593.12,25752.5,-0.62,0.37,-1.15,6695000.0,8324539.0,927200.0,1286735.0,,0.77,0.81,4.76,4.76,-8.83,-2.32,1,0,0,0,0,0,1,,,,,,🔴,THEO DÕI,PULL XẤU,OBV gãy | RSI yếu | RSI chững | Giá dưới EMA9 | Slope âm | Pull xấu,🔴,,,,🔴 Yếu,,True
2026-08-13,VRE,⚠️ YẾU DẦN,3,24600.0,-2.77,1.23,46.07,🟠 HẠN CHẾ / GIẢM,OBV xấu + Thiếu mẫu xác nhận,2026-08-14T08:41:23+07:00,-6.18,25042.95,24017.5,4.27,0.22,-1.77,430087900.0,434670237.0,6789200.0,6378440.0,,0.9,1.13,15.49,15.49,-8.21,-3.53,2,0,0,0,2,0,0,,,,,,🔴,TÍCH LŨY,PULL XẤU,OBV gãy | RSI yếu | RSI chững | Giá dưới EMA9 | Pull xấu,🔴,,,,🟢 Tăng tốc,,True
2026-08-14,BAF,🌱 ĐANG HỒI,0,31950.0,2.73,7.58,71.92,🟢 MUA / GIỮ,OBV tốt + Vị trí giá tốt + Xu hướng lên,2026-08-17T12:24:59+07:00,7.71,31162.79,30242.5,3.04,0.52,2.53,102169293.0,97983358.0,4679393.0,2051260.0,,1.06,1.17,10.75,11.13,-0.16,2.24,11,2,2,2,2,1,2,,,,,,🟢,GÀ TĂNG TỐC,PULL XẤU,Pull xấu,🟡,,,,🟢 Tăng tốc,,True
2026-08-14,BSR,🌱 ĐANG HỒI,0,25600.0,-1.2,2.11,52.0,🟢 MUA / GIỮ,OBV tốt + Vol xác nhận + Xu hướng lên,2026-08-17T12:24:59+07:00,-4.35,25770.73,24794.5,3.94,0.92,-0.66,650737100.0,648459610.0,9790200.0,9093365.0,,1.29,1.07,12.58,12.58,-6.02,-3.21,4,0,0,1,2,1,0,,,,,,🟢,MUA EARLY,PULL XẤU,RSI yếu | RSI chững | Giá dưới EMA9 | Pull xấu,🟡,,,,🟢 Tăng tốc,,True
2026-08-14,BVH,🌱 ĐANG HỒI,0,67000.0,0.15,11.48,61.11,🟢 MUA / GIỮ,OBV tốt + Vol xác nhận + Xu hướng lên,2026-08-17T12:24:59+07:00,0.74,65243.97,61785.0,5.6,0.18,2.69,18502800.0,17772066.0,396200.0,426295.0,,1.37,1.31,18.37,18.37,-1.47,2.29,9,2,1,2,2,1,1,,,,,,🟢,GÀ TĂNG TỐC,PULL XẤU,Pull xấu,🟡,,,,🟢 Tăng tốc,,True
2026-08-14,CEO,🌱 ĐANG HỒI,0,12000.0,2.56,5.26,43.03,🟢 MUA / GIỮ,OBV tốt + Vol xác nhận + Xu hướng lên,2026-08-17T12:24:59+07:00,-1.84,11996.9,11775.0,1.88,2.26,0.03,303235500.0,297626008.0,7598900.0,6237735.0,,0.86,0.9,11.11,11.11,-13.04,0.84,8,2,0,2,1,1,2,,,,,,🟢,MUA EARLY,PULL XẤU,RSI yếu | RSI chững | Pull xấu,🟡,,,,🟡 Ổn định,,False
2026-08-14,CTR,🌱 ĐANG HỒI,0,75500.0,-1.95,5.01,56.54,🟢 MUA / GIỮ,OBV tốt + Xu hướng lên + Vị trí giá tốt,2026-08-17T12:24:59+07:00,-2.13,75409.13,72510.0,4.0,-0.36,0.12,-6759200.0,-7272570.0,274700.0,320765.0,,0.99,1.17,13.7,13.7,-2.58,-0.13,6,2,1,1,1,1,0,,,,,,🟢,PULL VỪA,PULL VỪA,RSI chững,🟡,,,,🟢 Tăng tốc,,True
2026-08-14,DGW,🌱 ĐANG HỒI,0,41700.0,5.84,13.93,62.12,🟢 MUA / GIỮ,OBV tốt + Xu hướng lên + Vị trí giá tốt,2026-08-17T12:24:59+07:00,-2.53,40474.37,37570.0,7.73,2.07,3.03,62852500.0,59614705.0,954900.0,1192185.0,,1.44,1.32,25.79,25.79,-4.9,-3.02,8,2,1,1,2,2,0,,,,,,🟢,MUA EARLY,PULL XẤU,RSI chững | Pull xấu,🟡,,,,🟢 Tăng tốc,,True
2026-08-14,DIG,🌱 ĐANG HỒI,0,10850.0,1.4,7.96,45.64,🟢 MUA / GIỮ,OBV tốt + Xu hướng lên + Vol xác nhận,2026-08-17T12:24:59+07:00,-1.63,10778.32,10602.5,1.66,2.19,0.67,186438300.0,183833494.0,7855400.0,9843780.0,,0.64,0.82,11.97,11.97,-14.23,0.93,6,2,0,2,1,1,0,,,,,,🟢,MUA EARLY,PULL XẤU,RSI yếu | RSI chững | Pull xấu,🟡,,,,🟡 Ổn định,,True
2026-08-14,DPR,🌱 ĐANG HỒI,0,37000.0,2.64,2.78,52.4,🟢 MUA / GIỮ,OBV tốt + Vol xác nhận + Vị trí giá tốt,2026-08-17T12:24:59+07:00,7.89,36383.94,36040.0,0.95,1.04,1.69,25081296.0,24917912.0,215096.0,196695.0,,1.33,1.1,5.41,5.41,-2.12,2.07,7,2,0,2,1,1,1,,,,,,🟢,MUA EARLY,PULL XẤU,RSI yếu | Pull xấu,🟡,,,,🟡 Ổn định,,True
2026-08-14,DXG,🌱 ĐANG HỒI,0,11250.0,5.14,9.22,51.01,🟢 MUA / GIỮ,OBV tốt + RSI cải thiện + Xu hướng lên,2026-08-17T12:24:59+07:00,4.02,10973.9,10753.5,2.05,2.6,2.52,585505404.0,565358892.0,27717000.0,11838240.0,,0.83,0.8,12.84,12.84,-8.16,3.69,10,2,0,2,2,2,2,,,,,,🟢,MUA EARLY,PULL XẤU,RSI yếu | Pull xấu,🟡,,,,🟢 Tăng tốc,,True
2026-08-14,EVF,🌱 ĐANG HỒI,0,12550.0,1.62,2.87,50.02,🟢 MUA / GIỮ,OBV tốt + Vị trí giá tốt + Vol xác nhận,2026-08-17T12:24:59+07:00,2.05,12490.97,12340.0,1.22,0.84,0.47,153853200.0,152352669.0,1338300.0,1677290.0,,0.96,0.84,6.36,6.36,-3.46,-0.79,6,2,0,1,1,1,1,,,,,,🟢,MUA EARLY,PULL XẤU,RSI yếu | Pull xấu,🟡,,,,🟡 Ổn định,,True
2026-08-14,FCN,🌱 ĐANG HỒI,0,11150.0,1.83,4.69,50.72,🟢 MUA / GIỮ,OBV tốt + Vol xác nhận + Vị trí giá tốt,2026-08-17T12:24:59+07:00,0.31,11086.9,10862.5,2.07,1.52,0.57,37899800.0,37434496.0,504900.0,469160.0,,1.16,1.09,7.21,7.21,-3.04,-1.33,6,2,0,1,2,1,0,,,,,,🟢,MUA EARLY,PULL XẤU,RSI yếu | Pull xấu,🟡,,,,🟢 Tăng tốc,,True
2026-08-14,FRT,🌱 ĐANG HỒI,0,140200.0,6.21,12.7,65.64,🟢 MUA / GIỮ,OBV tốt + Vị trí giá tốt + Xu hướng lên,2026-08-17T12:24:59+07:00,-13.41,138162.16,124570.0,10.91,0.42,1.47,3056400.0,2396084.0,825400.0,659995.0,,1.27,1.39,33.52,33.52,-5.59,-1.34,6,2,1,1,2,2,-2,,,,,,🟢,PULL VỪA,PULL VỪA,RSI chững,🟡,,,,🟢 Tăng tốc,,True
2026-08-14,GAS,🌱 ĐANG HỒI,0,79000.0,5.9,15.16,59.73,🟢 MUA / GIỮ,Xu hướng lên + OBV tốt + Vol xác nhận,2026-08-17T12:24:59+07:00,0.7,76130.06,71440.0,6.57,3.29,3.77,42599200.0,40471285.0,1668000.0,1489020.0,,1.32,0.99,22.67,22.67,-1.99,1.54,10,2,1,2,2,2,1,,,,,,🟢,GÀ TĂNG TỐC,PULL XẤU,Pull xấu,🟡,,,,🟢 Tăng tốc,,True
2026-08-14,GEG,🌱 ĐANG HỒI,0,12300.0,1.65,1.65,44.42,🟢 MUA / GIỮ,OBV tốt + Vol xác nhận + Vị trí giá tốt,2026-08-17T12:24:59+07:00,1.93,12257.63,12140.0,0.97,1.3,0.35,23507000.0,23482098.0,191000.0,224995.0,,0.96,1.0,5.13,5.13,-6.11,0.0,5,2,0,1,1,1,0,,,,,,🟢,MUA EARLY,PULL XẤU,RSI yếu | Pull xấu,🟡,,,,🟡 Ổn định,,True
2026-08-14,GIL,🌱 ĐANG HỒI,0,8380.0,9.4,25.83,49.9,🟢 MUA / GIỮ,Xu hướng lên + OBV tốt + Vị trí giá tốt,2026-08-17T12:24:59+07:00,-4.49,8138.08,7419.95,9.68,4.22,2.97,-4619700.0,-4791611.0,183900.0,314985.0,,1.04,1.04,27.94,27.94,-9.5,0.96,7,2,0,1,2,2,0,,,,,,🟢,MUA EARLY,PULL XẤU,RSI yếu | RSI chững | Pull xấu,🟡,,,,🟢 Tăng tốc,,True
2026-08-14,GMD,🌱 ĐANG HỒI,0,78800.0,2.07,2.34,60.82,🟢 MUA / GIỮ,OBV tốt + RSI cải thiện + Vol xác nhận,2026-08-17T12:24:59+07:00,4.79,77510.42,75790.0,2.27,0.9,1.66,109445000.0,105958817.0,1351300.0,1392220.0,,1.09,0.98,9.44,9.44,-3.9,0.51,9,2,1,2,2,1,1,,,,,,🟢,GÀ TĂNG TỐC,PULL VỪA,,🟢,,,,🟢 Tăng tốc,,True
2026-08-14,GVR,🌱 ĐANG HỒI,0,31600.0,6.22,14.91,58.75,🟢 MUA / GIỮ,Xu hướng lên + OBV tốt + Vị trí giá tốt,2026-08-17T12:24:59+07:00,-2.14,30737.06,28600.0,7.47,3.42,2.81,251976900.0,248535649.0,3662700.0,2241205.0,,1.86,1.3,21.54,21.54,-3.95,-2.02,6,2,1,1,2,2,-2,,,,,,🟢,MUA EARLY,PULL XẤU,RSI chững | Pull xấu,🟡,,,,🟢 Tăng tốc,,True
2026-08-14,HDB,🌱 ĐANG HỒI,0,26750.0,0.75,6.15,54.26,🟢 MUA / GIỮ,OBV tốt + Vị trí giá tốt + Vol xác nhận,2026-08-17T12:24:59+07:00,-3.26,26666.02,26252.5,1.58,0.69,0.31,937994100.0,931058230.0,8262000.0,10721145.0,,0.96,0.9,6.57,7.43,-3.08,0.0,6,2,0,2,1,1,0,,,,,,🟢,MUA EARLY,PULL XẤU,RSI yếu | RSI chững | Pull xấu,🟡,,,,🟡 Ổn định,,True
2026-08-14,KSB,🌱 ĐANG HỒI,0,13850.0,4.92,5.73,51.12,🟢 MUA / GIỮ,OBV tốt + RSI cải thiện + Vị trí giá tốt,2026-08-17T12:24:59+07:00,7.54,13748.0,13455.0,2.18,2.22,0.74,33303700.0,31634691.0,2180400.0,1055470.0,,1.73,1.23,6.95,6.95,-5.78,-2.81,5,2,0,1,2,2,-2,,,,,,🟢,MUA EARLY,PULL XẤU,RSI yếu | Pull xấu,🟡,,,,🟢 Tăng tốc,,True
2026-08-14,MBB,🌱 ĐANG HỒI,0,20050.0,-0.35,6.99,54.34,🟢 MUA / GIỮ,OBV tốt + Xu hướng lên + Vị trí giá tốt,2026-08-17T12:24:59+07:00,-5.87,20030.23,19364.0,3.44,0.56,0.1,913809616.0,907378578.0,11904400.0,15003485.0,,1.03,1.02,11.2,11.2,-2.43,-0.5,7,2,0,1,2,1,1,,,,,,🟢,MUA EARLY,PULL XẤU,RSI yếu | RSI chững | Pull xấu,🟡,,,,🟢 Tăng tốc,,True
2026-08-14,MSR,🌱 ĐANG HỒI,0,39900.0,2.31,8.42,61.56,🟢 MUA / GIỮ,OBV tốt + Vị trí giá tốt + Xu hướng lên,2026-08-17T12:24:59+07:00,1.59,38973.64,36970.0,5.42,0.03,2.38,16357300.0,14994702.0,1421500.0,1149400.0,,1.0,1.16,21.28,21.28,-1.24,0.0,7,2,1,1,2,1,0,,,,,,🟢,MUA EARLY,PULL XẤU,Pull xấu,🟡,,,,🟢 Tăng tốc,,False
2026-08-14,NLG,🌱 ĐANG HỒI,0,23100.0,4.05,4.05,51.53,🟢 MUA / GIỮ,OBV tốt + RSI cải thiện + Xu hướng lên,2026-08-17T12:24:59+07:00,4.31,22472.53,22035.0,1.99,2.77,2.79,51967800.0,49143714.0,3847300.0,2453525.0,,0.63,1.15,15.5,15.5,-9.41,2.67,8,2,0,2,1,1,2,,,,,,🟢,MUA EARLY,PULL XẤU,RSI yếu | Pull xấu,🟡,,,,🟡 Ổn định,,True
2026-08-14,NTP,🌱 ĐANG HỒI,0,52300.0,7.39,9.19,69.01,🟢 MUA / GIỮ,OBV tốt + Xu hướng lên + RSI cải thiện,2026-08-17T12:24:59+07:00,24.3,49859.39,48810.0,2.15,1.88,4.89,11130900.0,10339861.0,454400.0,146140.0,,1.97,1.41,9.87,9.87,-1.32,-1.13,8,2,2,2,2,2,-2,,,,,,🟢,MUA EARLY,PULL XẤU,Pull xấu,🟡,,,,🟢 Tăng tốc,,False
2026-08-14,OCB,🌱 ĐANG HỒI,0,10900.0,4.81,7.39,58.55,🟢 MUA / GIỮ,OBV tốt + Vị trí giá tốt + Xu hướng lên,2026-08-17T12:24:59+07:00,-0.22,10711.35,10402.5,2.97,1.98,1.76,116239500.0,109958005.0,3342600.0,2642855.0,,1.45,1.12,9.0,11.91,-1.8,-0.46,6,2,1,1,2,2,-2,,,,,,🟢,PULL VỪA,PULL VỪA,RSI chững,🟡,,,,🟢 Tăng tốc,,True
2026-08-14,PHR,🌱 ĐANG HỒI,0,61700.0,5.29,8.63,57.65,🟢 MUA / GIỮ,OBV tốt + RSI cải thiện + Xu hướng lên,2026-08-17T12:24:59+07:00,10.52,59244.7,58035.0,2.08,1.65,4.14,17404642.0,16934421.0,478842.0,350357.0,,0.83,0.86,12.18,12.18,0.16,4.93,11,2,1,2,2,2,2,,,,,,🟢,GÀ TĂNG TỐC,PULL XẤU,Pull xấu,🟡,🟢 GREEN 2,✅ EARLY GREEN2,,🟢 Tăng tốc,,True
2026-08-14,PLC,🌱 ĐANG HỒI,0,20300.0,0.5,7.98,54.92,🟢 MUA / GIỮ,OBV tốt + Vol xác nhận + Xu hướng lên,2026-08-17T12:24:59+07:00,-0.53,20069.08,19210.0,4.47,1.26,1.15,18649400.0,18530428.0,142500.0,127685.0,,1.34,1.05,14.69,14.69,-2.87,0.0,6,2,0,1,2,1,0,,,,,,🟢,MUA EARLY,PULL XẤU,RSI yếu | RSI chững | Pull xấu,🟡,,,,🟢 Tăng tốc,,False
2026-08-14,PNJ,🌱 ĐANG HỒI,0,35950.0,-0.14,15.97,39.58,🟢 MUA / GIỮ,OBV tốt + Xu hướng lên + Vị trí giá tốt,2026-08-17T12:24:59+07:00,3.66,35458.61,34815.0,1.85,3.13,1.39,-66046800.0,-67439050.0,4771400.0,9139060.0,,0.32,0.73,16.91,16.91,-17.07,1.7,6,2,0,2,1,1,0,,,,,,🟢,MUA EARLY,PULL XẤU,RSI yếu | Pull xấu,🟡,,,,🟡 Ổn định,,True
2026-08-14,PVB,🌱 ĐANG HỒI,0,21600.0,2.86,2.86,46.64,🟢 MUA / GIỮ,OBV tốt + Vol xác nhận + Vị trí giá tốt,2026-08-17T12:24:59+07:00,5.01,21439.87,21145.0,1.39,2.67,0.75,1707300.0,1519047.0,91900.0,85925.0,,1.65,1.17,5.37,5.37,-8.47,-3.14,5,2,0,1,1,1,0,,,,,,🟢,MUA EARLY,PULL XẤU,RSI yếu | Pull xấu,🟡,,,,🟡 Ổn định,,False
2026-08-14,PVT,🌱 ĐANG HỒI,0,19950.0,8.72,9.02,62.2,🟢 MUA / GIỮ,OBV tốt + Xu hướng lên + Vị trí giá tốt,2026-08-17T12:24:59+07:00,0.87,19281.88,18062.5,6.75,2.46,3.47,10984700.0,10108694.0,6239700.0,4151035.0,,1.53,1.18,22.39,22.39,-3.16,-0.25,6,2,1,1,2,2,-2,,,,,,🟢,MUA EARLY,PULL XẤU,Pull xấu,🟡,,,,🟢 Tăng tốc,,True
2026-08-14,SAB,🌱 ĐANG HỒI,0,45600.0,1.9,4.71,56.39,🟢 MUA / GIỮ,OBV tốt + Vol xác nhận + Vị trí giá tốt,2026-08-17T12:24:59+07:00,-2.04,45340.82,44449.0,2.01,0.28,0.57,-8046400.0,-8303367.0,812400.0,774230.0,,1.44,1.18,6.05,6.05,-2.04,-0.55,7,2,1,1,2,1,0,,,,,,🟢,PULL VỪA,PULL VỪA,RSI chững,🟡,,,,🟢 Tăng tốc,,True
2026-08-14,SBT,🌱 ĐANG HỒI,0,23250.0,10.71,9.41,79.34,🟢 MUA / GIỮ,OBV tốt + Xu hướng lên + RS mạnh,2026-08-17T12:24:59+07:00,22.77,21895.4,21215.0,3.21,2.61,6.19,108257300.0,105584154.0,1053000.0,645980.0,,1.15,1.0,12.59,15.67,1.09,1.09,12,2,2,2,2,2,2,,,,,,🟢,GÀ TĂNG TỐC,PULL XẤU,Pull xấu,🟡,,,,🟢 Tăng tốc,,True
2026-08-14,TCB,🌱 ĐANG HỒI,0,31600.0,6.4,9.15,57.72,🟢 MUA / GIỮ,OBV tốt + Xu hướng lên + RSI cải thiện,2026-08-17T12:24:59+07:00,3.52,30825.87,29765.0,3.56,2.51,2.51,420169996.0,395956557.0,15485400.0,15892100.0,,1.61,1.18,11.86,11.86,-1.56,-0.32,8,2,1,1,2,2,0,,,,,,🟢,MUA EARLY,PULL XẤU,Pull xấu,🟡,,,,🟢 Tăng tốc,,True
2026-08-14,TVN,🌱 ĐANG HỒI,0,10000.0,8.7,14.94,56.41,🟢 MUA / GIỮ,OBV tốt + RSI cải thiện + Xu hướng lên,2026-08-17T12:24:59+07:00,13.48,9305.41,9000.0,3.39,4.15,7.46,42442800.0,38466403.0,3631100.0,654345.0,,1.39,1.1,20.48,20.48,-2.91,6.38,11,2,1,2,2,2,2,,,,,,🟢,GÀ TĂNG TỐC,PULL XẤU,Pull xấu,🟡,🟢 GREEN 2,,,🟢 Tăng tốc,,False
2026-08-14,TVS,🌱 ĐANG HỒI,0,14100.0,5.62,5.22,52.07,🟢 MUA / GIỮ,OBV tốt + Vị trí giá tốt + RSI cải thiện,2026-08-17T12:24:59+07:00,2.91,13886.27,13830.0,0.41,1.99,1.54,5265800.0,5100240.0,104700.0,134015.0,,0.87,0.76,7.22,10.16,-6.93,-0.35,8,2,0,2,1,2,1,,,,,,🟢,MUA EARLY,PULL XẤU,RSI yếu | Pull xấu,🟡,,,,🟡 Ổn định,,True
2026-08-14,VGT,🌱 ĐANG HỒI,0,12500.0,9.65,15.74,78.29,🟢 MUA / GIỮ,Xu hướng lên + OBV tốt + RS mạnh,2026-08-17T12:24:59+07:00,19.14,11587.97,11075.0,4.63,2.8,7.87,18301100.0,16199859.0,1554500.0,341690.0,,1.69,1.29,17.92,17.92,4.17,5.04,12,2,2,2,2,2,2,,,,,,🟢,GÀ TĂNG TỐC,PULL XẤU,Pull xấu,🟡,🟢 GREEN 2,,,🟢 Tăng tốc,,False
2026-08-14,VHC,🌱 ĐANG HỒI,0,54200.0,5.45,3.04,49.09,🟢 MUA / GIỮ,OBV tốt + Vol xác nhận + Vị trí giá tốt,2026-08-17T12:24:59+07:00,13.25,53277.14,53380.0,-0.19,1.93,1.73,3183900.0,1494657.0,384400.0,371180.0,,1.94,1.43,5.45,5.45,-5.57,-1.63,4,1,0,2,0,1,0,,,,,,🟢,MUA EARLY,PULL XẤU,RSI yếu | Slope âm | Pull xấu,🟡,,,,🔴 Yếu,,True
2026-08-14,VNM,🌱 ĐANG HỒI,0,62400.0,0.65,2.46,65.29,🟢 MUA / GIỮ,OBV tốt + Vị trí giá tốt + RSI cải thiện,2026-08-17T12:24:59+07:00,0.51,61297.34,60080.0,2.03,-0.14,1.8,-4902000.0,-5621140.0,3663300.0,5324515.0,,0.97,0.92,7.96,13.87,-1.42,1.3,8,2,2,2,1,1,0,,,,,,🟢,PULL VỪA,PULL VỪA,,🟢,,,,🟢 Tăng tốc,,True
2026-08-14,VTP,🌱 ĐANG HỒI,0,52500.0,1.94,9.38,54.05,🟢 MUA / GIỮ,OBV tốt + Xu hướng lên + Vị trí giá tốt,2026-08-17T12:24:59+07:00,-9.27,52351.49,49620.0,5.5,1.68,0.28,9512400.0,8754436.0,905000.0,651365.0,,1.62,1.34,17.19,17.19,-7.41,-2.42,4,2,0,1,2,1,-2,,,,,,🟢,MUA EARLY,PULL XẤU,RSI yếu | RSI chững | Pull xấu,🟡,,,,🟢 Tăng tốc,,True
2026-08-14,ANV,🟡 TRUNG TÍNH,1,17000.0,-2.02,-0.29,38.53,👀 THEO DÕI,OBV tốt + Vol xác nhận,2026-08-17T12:24:59+07:00,-4.66,17447.61,17257.45,1.1,0.76,-2.57,44146900.0,44104504.0,855700.0,614565.0,,1.11,0.98,5.27,5.27,-8.11,-2.02,0,0,0,1,1,0,-2,,,,,,🟢,THEO DÕI,PULL XẤU,RSI yếu | RSI chững | Giá dưới EMA9 | Pull xấu,🔴,,,,🟡 Ổn định,,True
2026-08-14,BFC,🟡 TRUNG TÍNH,1,47650.0,-3.56,-0.17,41.54,👀 THEO DÕI,OBV tốt + Vol xác nhận + Vị trí giá tốt,2026-08-17T12:24:59+07:00,-4.98,48230.56,48116.0,0.24,0.26,-1.2,29246800.0,29083778.0,209000.0,173425.0,,0.79,0.81,4.11,4.11,-8.91,0.42,5,0,0,2,1,0,2,,,,,,🟢,MUA EARLY,PULL XẤU,RSI yếu | RSI chững | Giá dưới EMA9 | Pull xấu,🟡,,,,🟡 Ổn định,,True
2026-08-14,DGC,🟡 TRUNG TÍNH,1,40850.0,-7.58,4.48,43.01,👀 THEO DÕI,OBV tốt + Xu hướng lên,2026-08-17T12:24:59+07:00,-13.86,42356.23,40670.0,4.15,1.37,-3.56,-121896800.0,-122256869.0,454100.0,842880.0,,0.56,0.63,13.47,13.47,-10.81,-7.16,5,0,0,1,2,1,1,,,,,,🟢,MUA EARLY,PULL XẤU,RSI yếu | RSI chững | Giá dưới EMA9 | Pull xấu,🟡,,,,🟢 Tăng tốc,,True
2026-08-14,DXS,🟡 TRUNG TÍNH,1,5920.0,0.51,2.96,41.3,👀 THEO DÕI,OBV tốt + Vol xác nhận + Vị trí giá tốt,2026-08-17T12:24:59+07:00,-0.43,5922.96,5893.5,0.5,2.25,-0.05,51219000.0,47973617.0,2069400.0,1924820.0,,1.08,1.09,5.53,5.53,-14.7,1.37,5,0,0,2,1,1,1,,,,,,🟢,MUA EARLY,PULL XẤU,RSI yếu | RSI chững | Giá dưới EMA9 | Pull xấu,🟡,,,,🟡 Ổn định,,True
2026-08-14,FTS,🟡 TRUNG TÍNH,1,21850.0,0.0,2.1,42.04,👀 THEO DÕI,OBV tốt + Vol xác nhận + Xu hướng lên,2026-08-17T12:24:59+07:00,-5.13,22057.49,21877.5,0.82,1.57,-0.94,17892200.0,17230659.0,1216800.0,1237795.0,,0.86,0.79,8.71,8.71,-13.81,0.0,4,0,0,2,1,1,0,,,,,,🟢,MUA EARLY,PULL XẤU,RSI yếu | RSI chững | Giá dưới EMA9 | Pull xấu,🟡,,,,🟡 Ổn định,,True
2026-08-14,HDC,🟡 TRUNG TÍNH,1,11850.0,1.28,3.95,39.81,👀 THEO DÕI,OBV tốt + Vol xác nhận + Vị trí giá tốt,2026-08-17T12:24:59+07:00,0.16,11823.52,11745.0,0.67,2.11,0.22,158606900.0,157657794.0,1388500.0,1381655.0,,0.69,0.79,8.72,8.72,-14.13,0.85,7,2,0,2,1,1,1,,,,,,🟢,MUA EARLY,PULL XẤU,RSI yếu | Pull xấu,🟡,,,,🟡 Ổn định,,True
2026-08-14,HVN,🟡 TRUNG TÍNH,1,23000.0,-3.56,6.98,47.68,👀 THEO DÕI,OBV tốt + Xu hướng lên + Vol xác nhận,2026-08-17T12:24:59+07:00,-6.28,23460.41,22742.5,3.16,0.5,-1.96,4663900.0,4642193.0,769300.0,1077635.0,,0.67,1.11,8.49,9.52,-8.37,-3.77,5,0,0,1,2,1,1,,,,,,🟢,MUA EARLY,PULL XẤU,RSI yếu | RSI chững | Giá dưới EMA9 | Pull xấu,🟡,,,,🟢 Tăng tốc,,True
2026-08-14,MCH,🟡 TRUNG TÍNH,1,136100.0,0.89,-2.04,52.42,👀 THEO DÕI,OBV tốt + Vị trí giá tốt + Vol xác nhận,2026-08-17T12:24:59+07:00,-0.17,136108.55,135781.5,0.24,0.18,-0.01,11123900.0,11060941.0,320800.0,405500.0,,0.61,0.92,2.46,9.19,-3.82,-0.58,3,0,0,1,1,0,1,,,,,,🟢,MUA EARLY,PULL XẤU,RSI yếu | RSI chững | Giá dưới EMA9 | Pull xấu,🟡,,,,🟡 Ổn định,,True
2026-08-14,MML,🟡 TRUNG TÍNH,1,28100.0,0.72,-1.75,47.96,👀 THEO DÕI,OBV tốt + Vol xác nhận + Vị trí giá tốt,2026-08-17T12:24:59+07:00,-0.96,28174.08,27855.0,1.15,0.27,-0.26,-1484100.0,-1509877.0,20100.0,23980.0,,0.89,0.83,6.04,6.04,-5.07,-1.75,2,0,0,1,1,0,0,,,,,,🟢,TÍCH LŨY,PULL XẤU,RSI yếu | RSI chững | Giá dưới EMA9 | Pull xấu,🔴,,,,🟡 Ổn định,,False
2026-08-14,MSB,🟡 TRUNG TÍNH,1,15900.0,-1.85,-0.31,47.28,👀 THEO DÕI,OBV tốt + Vị trí giá tốt + Vol xác nhận,2026-08-17T12:24:59+07:00,-12.86,16084.67,16039.8,0.28,-0.1,-1.15,761070900.0,760652470.0,9029400.0,6727645.0,,0.9,0.95,0.95,11.97,-3.34,-1.54,0,0,0,1,1,0,-2,,,,,,🟢,THEO DÕI,PULL XẤU,RSI yếu | RSI chững | Giá dưới EMA9 | Pull xấu,🔴,,,,🟡 Ổn định,,True
2026-08-14,MSN,🟡 TRUNG TÍNH,1,66000.0,-2.08,-0.15,42.53,👀 THEO DÕI,OBV tốt + Vị trí giá tốt,2026-08-17T12:24:59+07:00,-4.68,66974.67,66235.0,1.12,0.05,-1.46,106077600.0,105831601.0,6325400.0,4406170.0,,0.8,0.82,3.29,3.29,-4.9,-2.08,0,0,0,1,1,0,-2,,,,,,🟢,THEO DÕI,PULL XẤU,RSI yếu | RSI chững | Giá dưới EMA9 | Pull xấu,🔴,,,,🟡 Ổn định,,True
2026-08-14,STB,🟡 TRUNG TÍNH,1,73500.0,-1.47,3.09,53.78,👀 THEO DÕI,OBV tốt + Vị trí giá tốt,2026-08-17T12:24:59+07:00,-3.94,73466.18,72840.0,0.86,-0.31,0.05,408039600.0,407432069.0,2386900.0,3575910.0,,0.72,0.75,3.52,11.2,-3.42,0.55,6,2,0,2,1,1,0,,,,,,🟢,MUA EARLY,PULL XẤU,RSI yếu | RSI chững | Pull xấu,🟡,,,,🟡 Ổn định,,True
2026-08-14,SZC,🟡 TRUNG TÍNH,1,19550.0,0.77,10.76,48.87,👀 THEO DÕI,Xu hướng lên + Vol xác nhận + Vị trí giá tốt,2026-08-17T12:24:59+07:00,-4.64,19487.25,18762.5,3.86,2.08,0.32,-21973200.0,-21732209.0,552000.0,491225.0,,1.62,1.23,13.99,13.99,-5.33,-1.26,5,2,0,0,2,1,0,,,,,,🔴,MUA EARLY,PULL XẤU,OBV gãy | RSI yếu | RSI chững | Pull xấu,🟡,,,,🟢 Tăng tốc,,True
2026-08-14,VGC,🟡 TRUNG TÍNH,1,40000.0,3.9,5.68,56.59,👀 THEO DÕI,Xu hướng lên + Vị trí giá tốt + Vol xác nhận,2026-08-17T12:24:59+07:00,-7.21,39671.52,37942.5,4.56,1.28,0.83,28781000.0,29412434.0,658600.0,482910.0,,1.22,1.02,14.61,14.61,-3.61,-0.99,5,2,1,0,2,2,-2,,,,,,🔴,MUA EARLY,PULL XẤU,OBV gãy | RSI chững | Pull xấu,🟡,,,,🟢 Tăng tốc,,True
2026-08-14,VSC,🟡 TRUNG TÍNH,1,14500.0,-1.02,5.07,44.31,👀 THEO DÕI,OBV tốt + Xu hướng lên + Vị trí giá tốt,2026-08-17T12:24:59+07:00,-2.22,14554.05,14090.0,3.29,0.34,-0.37,288465400.0,274821399.0,16146500.0,10699740.0,,0.98,1.1,14.17,14.17,-5.23,1.4,7,0,0,2,2,1,2,,,,,,🟢,MUA EARLY,PULL XẤU,RSI yếu | RSI chững | Giá dưới EMA9 | Pull xấu,🟡,,,,🟢 Tăng tốc,,True
2026-08-14,C4G,🔴 YẾU,2,5700.0,1.79,1.79,40.72,⏳ CHỜ,OBV xấu + Thiếu mẫu xác nhận,2026-08-17T12:24:59+07:00,7.76,5683.66,5710.0,-0.46,2.41,0.29,15226200.0,15258362.0,219600.0,278915.0,,1.58,1.24,3.64,3.64,-10.94,0.0,2,1,0,0,0,1,0,,,,,,🔴,TÍCH LŨY,PULL XẤU,OBV gãy | RSI yếu | Slope âm | Pull xấu,🔴,,,,🔴 Yếu,,False
2026-08-14,CII,🔴 YẾU,2,13800.0,0.36,5.34,41.22,⏳ CHỜ,OBV xấu + Thiếu mẫu xác nhận + RSI yếu,2026-08-17T12:24:59+07:00,-4.1,13939.53,13742.5,1.43,1.89,-1.0,579818404.0,589956073.0,8450400.0,8569830.0,,0.86,0.95,9.09,9.09,-14.02,-0.72,2,0,0,0,1,1,0,,,,,,🔴,TÍCH LŨY,PULL XẤU,OBV gãy | RSI yếu | RSI chững | Giá dưới EMA9 | Pull xấu,🔴,,,,🟡 Ổn định,,True
2026-08-14,DPG,🔴 YẾU,2,30100.0,0.33,8.66,45.76,⏳ CHỜ,OBV xấu + Thiếu mẫu xác nhận,2026-08-17T12:24:59+07:00,-3.13,30082.56,28795.0,4.47,1.5,0.06,22129900.0,22289153.0,332300.0,406490.0,,0.8,1.09,15.55,15.55,-6.38,-0.17,5,2,0,0,2,1,0,,,,,,🔴,MUA EARLY,PULL XẤU,OBV gãy | RSI yếu | RSI chững | Pull xấu,🟡,,,,🟢 Tăng tốc,,True
2026-08-14,DRI,🔴 YẾU,2,13300.0,0.76,3.1,51.88,⏳ CHỜ,OBV xấu + Thiếu mẫu xác nhận + Vol chưa xác nhận,2026-08-17T12:24:59+07:00,-2.05,13282.8,12995.0,2.21,0.99,0.13,38478100.0,38652806.0,879300.0,508565.0,,1.36,1.03,6.4,6.4,-3.62,-1.48,3,2,0,0,2,1,-2,,,,,,🔴,MUA EARLY,PULL XẤU,OBV gãy | RSI yếu | RSI chững | Pull xấu,🟡,,,,🟢 Tăng tốc,,False
2026-08-14,GEE,🔴 YẾU,2,67300.0,0.3,0.75,39.79,⏳ CHỜ,OBV xấu + RSI yếu + Giá lệch xu hướng,2026-08-17T12:24:59+07:00,-10.33,70217.86,68880.0,1.94,2.88,-4.16,90064500.0,91046972.0,2219300.0,1435600.0,,1.45,1.13,5.98,5.98,-20.07,-5.21,-1,0,0,0,1,0,-2,,,,,,🔴,THEO DÕI,PULL XẤU,OBV gãy | RSI yếu | RSI chững | Giá dưới EMA9 | Pull xấu,🔴,,,,🟡 Ổn định,,True
2026-08-14,HHS,🔴 YẾU,2,9750.0,0.0,2.42,42.58,⏳ CHỜ,OBV xấu + Thiếu mẫu xác nhận,2026-08-17T12:24:59+07:00,-3.72,9910.29,9852.0,0.59,0.7,-1.62,154880700.0,157014203.0,1154300.0,1022510.0,,0.81,1.01,3.72,3.72,-9.3,-1.22,2,0,0,0,1,1,0,,,,,,🔴,TÍCH LŨY,PULL XẤU,OBV gãy | RSI yếu | RSI chững | Giá dưới EMA9 | Pull xấu,🔴,,,,🟡 Ổn định,,True
2026-08-14,HHV,🔴 YẾU,2,10050.0,0.0,0.9,43.88,⏳ CHỜ,OBV xấu + Thiếu mẫu xác nhận,2026-08-17T12:24:59+07:00,-2.69,10128.61,10041.5,0.87,0.51,-0.78,169258700.0,170019463.0,2725700.0,2761750.0,,1.21,1.07,2.55,2.55,-4.29,-0.99,1,0,0,0,1,0,0,,,,,,🔴,THEO DÕI,PULL XẤU,OBV gãy | RSI yếu | RSI chững | Giá dưới EMA9 | Pull xấu,🔴,,,,🟡 Ổn định,,True
2026-08-14,IDC,🔴 YẾU,2,33600.0,0.0,3.07,48.77,⏳ CHỜ,OBV xấu + Thiếu mẫu xác nhận,2026-08-17T12:24:59+07:00,-4.51,33691.11,33046.5,1.95,0.34,-0.27,66345600.0,67411107.0,1433300.0,1163080.0,,1.1,0.99,6.67,6.67,-4.55,-1.75,0,0,0,0,1,1,-2,,,,,,🔴,THEO DÕI,PULL XẤU,OBV gãy | RSI yếu | RSI chững | Giá dưới EMA9 | Pull xấu,🔴,,,,🟡 Ổn định,,False
2026-08-14,MWG,🔴 YẾU,2,72300.0,1.83,3.43,49.37,⏳ CHỜ,OBV xấu + Thiếu mẫu xác nhận,2026-08-17T12:24:59+07:00,-3.19,72369.84,70675.0,2.4,1.52,-0.1,242769600.0,242786513.0,3164500.0,5338700.0,,0.63,0.74,16.0,16.0,-4.52,-1.09,4,0,0,0,2,1,1,,,,,,🔴,MUA EARLY,PULL XẤU,OBV gãy | RSI yếu | RSI chững | Giá dưới EMA9 | Pull xấu,🟡,,,,🟢 Tăng tốc,,True
2026-08-14,NHA,🔴 YẾU,2,8260.0,0.24,3.25,41.14,⏳ CHỜ,OBV xấu + RSI yếu + Thiếu mẫu xác nhận,2026-08-17T12:24:59+07:00,-4.88,8308.97,8212.9,1.17,1.48,-0.59,6844200.0,6936928.0,77900.0,97205.0,,1.12,1.03,8.68,8.68,-9.33,-1.31,2,0,0,0,1,1,0,,,,,,🔴,TÍCH LŨY,PULL XẤU,OBV gãy | RSI yếu | RSI chững | Giá dưới EMA9 | Pull xấu,🔴,,,,🟡 Ổn định,,True
2026-08-14,PDR,🔴 YẾU,2,11950.0,0.42,4.37,38.04,⏳ CHỜ,OBV xấu + Thiếu mẫu xác nhận + RSI yếu,2026-08-17T12:24:59+07:00,-2.24,11985.87,11925.0,0.51,1.99,-0.3,239031200.0,240991591.0,6202400.0,7561900.0,,0.74,0.88,7.17,7.17,-11.81,0.84,3,0,0,0,1,1,1,,,,,,🔴,MUA EARLY,PULL XẤU,OBV gãy | RSI yếu | RSI chững | Giá dưới EMA9 | Pull xấu,🟡,,,,🟡 Ổn định,,True
2026-08-14,PVD,🔴 YẾU,2,18100.0,0.28,-0.28,45.67,⏳ CHỜ,OBV xấu + Thiếu mẫu xác nhận,2026-08-17T12:24:59+07:00,-0.69,18252.27,18317.5,-0.36,1.44,-0.83,272093800.0,273441022.0,2975200.0,3292110.0,,1.07,1.03,3.43,3.43,-8.59,-2.43,0,0,0,0,0,0,0,,,,,,🔴,THEO DÕI,PULL XẤU,OBV gãy | RSI yếu | RSI chững | Giá dưới EMA9 | Slope âm | Pull xấu,🔴,,,,🔴 Yếu,,True
2026-08-14,PVS,🔴 YẾU,2,34500.0,0.58,1.17,44.81,⏳ CHỜ,OBV xấu + Thiếu mẫu xác nhận,2026-08-17T12:24:59+07:00,-2.74,34759.55,34405.0,1.03,1.97,-0.75,123764500.0,125320178.0,2456600.0,2766790.0,,0.78,0.75,4.23,4.23,-11.08,-1.15,1,0,0,0,1,0,0,,,,,,🔴,THEO DÕI,PULL XẤU,OBV gãy | RSI yếu | RSI chững | Giá dưới EMA9 | Pull xấu,🔴,,,,🟡 Ổn định,,False
2026-08-14,SSB,🔴 YẾU,2,15100.0,0.33,-2.89,40.19,⏳ CHỜ,OBV xấu + RSI yếu + Thiếu mẫu xác nhận,2026-08-17T12:24:59+07:00,-7.36,15292.21,15435.0,-0.93,0.22,-1.26,28392100.0,30676891.0,2407500.0,2149860.0,,0.93,0.97,0.33,7.86,-5.92,-0.33,0,0,0,0,0,0,0,,,,,,🔴,THEO DÕI,PULL XẤU,OBV gãy | RSI yếu | RSI chững | Giá dưới EMA9 | Slope âm | Pull xấu,🔴,,,,🔴 Yếu,,True
2026-08-14,SSI,🔴 YẾU,2,19850.0,1.59,5.47,50.84,⏳ CHỜ,OBV xấu + Thiếu mẫu xác nhận,2026-08-17T12:24:59+07:00,-3.23,19774.18,19114.0,3.45,0.82,0.38,972697288.0,992087013.0,34016200.0,22895140.0,,0.92,0.86,12.85,12.85,-2.6,-0.45,3,2,0,0,2,1,-2,,,,,,🔴,MUA EARLY,PULL XẤU,OBV gãy | RSI yếu | RSI chững | Pull xấu,🟡,,,,🟢 Tăng tốc,,True
2026-08-14,TCH,🔴 YẾU,2,11800.0,0.0,3.51,39.39,⏳ CHỜ,OBV xấu + RSI yếu + Thiếu mẫu xác nhận,2026-08-17T12:24:59+07:00,-5.43,11993.45,11892.5,0.85,1.52,-1.61,131341200.0,139588876.0,7128000.0,5288010.0,,0.91,0.99,7.27,7.27,-14.49,0.0,2,0,0,0,1,1,0,,,,,,🔴,TÍCH LŨY,PULL XẤU,OBV gãy | RSI yếu | RSI chững | Giá dưới EMA9 | Pull xấu,🔴,,,,🟡 Ổn định,,True
2026-08-14,VCG,🔴 YẾU,2,15700.0,0.32,1.29,40.9,⏳ CHỜ,OBV xấu + Thiếu mẫu xác nhận + RSI yếu,2026-08-17T12:24:59+07:00,-3.89,15830.1,15662.45,1.07,1.48,-0.82,235029000.0,235596419.0,2115400.0,2993140.0,,0.71,0.8,3.97,3.97,-9.51,-0.63,2,0,0,0,1,0,1,,,,,,🔴,TÍCH LŨY,PULL XẤU,OBV gãy | RSI yếu | RSI chững | Giá dưới EMA9 | Pull xấu,🔴,,,,🟡 Ổn định,,True
2026-08-14,VGS,🔴 YẾU,2,18000.0,1.12,1.69,39.59,⏳ CHỜ,OBV xấu + Thiếu mẫu xác nhận,2026-08-17T12:24:59+07:00,0.13,18082.46,17875.0,1.16,1.83,-0.46,4725700.0,4777422.0,84800.0,116695.0,,0.95,0.96,5.88,5.88,-10.0,-1.1,3,0,0,0,1,1,1,,,,,,🔴,MUA EARLY,PULL XẤU,OBV gãy | RSI yếu | Giá dưới EMA9 | Pull xấu,🟡,,,,🟡 Ổn định,,False
2026-08-14,VTO,🔴 YẾU,2,10450.0,0.0,0.0,49.33,⏳ CHỜ,OBV xấu + Thiếu mẫu xác nhận,2026-08-17T12:24:59+07:00,-16.4,10527.0,10367.5,1.54,-0.24,-0.73,1937200.0,2008023.0,121300.0,78065.0,,0.71,0.66,3.98,3.98,-2.79,-2.34,-1,0,0,0,1,0,-2,,,,,,🔴,THEO DÕI,PULL XẤU,OBV gãy | RSI yếu | RSI chững | Giá dưới EMA9 | Pull xấu,🔴,,,,🟡 Ổn định,,True
2026-08-14,ACB,⚠️ YẾU DẦN,3,21950.0,-2.01,0.23,42.24,🟠 HẠN CHẾ / GIẢM,OBV xấu + Thiếu mẫu xác nhận + RSI yếu,2026-08-17T12:24:59+07:00,-10.66,22362.51,22432.5,-0.31,0.26,-1.84,-18538400.0,-14475625.0,7123300.0,14225355.0,,0.76,0.76,0.23,8.18,-7.97,-1.13,1,0,0,0,0,0,1,,,,,,🔴,THEO DÕI,PULL XẤU,OBV gãy | RSI yếu | RSI chững | Giá dưới EMA9 | Slope âm | Pull xấu,🔴,,,,🔴 Yếu,,True
2026-08-14,ACV,⚠️ YẾU DẦN,3,40500.0,-2.41,3.32,47.56,🟠 HẠN CHẾ / GIẢM,OBV xấu + Thiếu mẫu xác nhận,2026-08-17T12:24:59+07:00,-6.01,40702.4,39820.0,2.22,0.85,-0.5,-62067000.0,-61799605.0,540500.0,561735.0,,1.41,1.19,5.47,5.47,-5.37,-1.22,3,0,0,0,2,1,0,,,,,,🔴,MUA EARLY,PULL XẤU,OBV gãy | RSI yếu | RSI chững | Giá dưới EMA9 | Pull xấu,🟡,,,,🟢 Tăng tốc,,False
2026-08-14,AGR,⚠️ YẾU DẦN,3,12950.0,-0.77,0.39,41.0,🟠 HẠN CHẾ / GIẢM,OBV xấu + RSI yếu + Thiếu mẫu xác nhận,2026-08-17T12:24:59+07:00,-4.99,13148.62,13167.5,-0.14,0.67,-1.51,22238200.0,23010779.0,357600.0,369130.0,,0.79,0.76,5.71,5.71,-10.38,-0.77,0,0,0,0,0,0,0,,,,,,🔴,THEO DÕI,PULL XẤU,OBV gãy | RSI yếu | RSI chững | Giá dưới EMA9 | Slope âm | Pull xấu,🔴,,,,🔴 Yếu,,True
2026-08-14,BID,⚠️ YẾU DẦN,3,35650.0,-2.46,0.22,46.69,🟠 HẠN CHẾ / GIẢM,OBV xấu + Thiếu mẫu xác nhận,2026-08-17T12:24:59+07:00,-7.82,36024.86,35010.95,2.9,0.46,-1.04,142979100.0,147137962.0,4735300.0,4628590.0,,1.11,1.09,9.76,9.76,-4.53,-1.57,2,0,0,0,2,0,0,,,,,,🔴,TÍCH LŨY,PULL XẤU,OBV gãy | RSI yếu | RSI chững | Giá dưới EMA9 | Pull xấu,🔴,,,,🟢 Tăng tốc,,True
2026-08-14,BMP,⚠️ YẾU DẦN,3,147200.0,-1.08,-3.98,44.92,🟠 HẠN CHẾ / GIẢM,OBV xấu + Thiếu mẫu xác nhận,2026-08-17T12:24:59+07:00,-4.56,148768.8,149795.0,-0.69,0.06,-1.05,2000500.0,2088431.0,121500.0,125230.0,,0.5,0.85,0.0,11.6,-5.64,-1.67,0,0,0,0,0,0,0,,,,,,🔴,THEO DÕI,PULL XẤU,OBV gãy | RSI yếu | RSI chững | Giá dưới EMA9 | Slope âm | Pull xấu,🔴,,,,🔴 Yếu,,True
2026-08-14,BSI,⚠️ YẾU DẦN,3,28100.0,-0.18,1.81,40.22,🟠 HẠN CHẾ / GIẢM,OBV xấu + RSI yếu + Thiếu mẫu xác nhận,2026-08-17T12:24:59+07:00,-6.98,28508.51,28290.0,0.77,1.61,-1.43,22200000.0,22382602.0,315000.0,460765.0,,0.99,0.85,7.05,7.05,-14.2,-0.53,2,0,0,0,1,0,1,,,,,,🔴,TÍCH LŨY,PULL XẤU,OBV gãy | RSI yếu | RSI chững | Giá dưới EMA9 | Pull xấu,🔴,,,,🟡 Ổn định,,True
2026-08-14,BVS,⚠️ YẾU DẦN,3,26600.0,-1.12,5.98,44.66,🟠 HẠN CHẾ / GIẢM,OBV xấu + Thiếu mẫu xác nhận,2026-08-17T12:24:59+07:00,-2.53,26922.99,26785.0,0.52,3.06,-1.2,3349600.0,4151946.0,781500.0,1060600.0,,0.75,0.77,9.47,9.47,-20.83,-1.48,3,0,0,0,1,1,1,,,,,,🔴,MUA EARLY,PULL XẤU,OBV gãy | RSI yếu | RSI chững | Giá dưới EMA9 | Pull xấu,🟡,,,,🟡 Ổn định,,False
2026-08-14,CMG,⚠️ YẾU DẦN,3,23750.0,-3.46,-2.26,34.84,🟠 HẠN CHẾ / GIẢM,OBV xấu + RSI yếu + Thiếu mẫu xác nhận,2026-08-17T12:24:59+07:00,-10.2,24521.97,24542.5,-0.08,-0.28,-3.15,-7878900.0,-7669613.0,169100.0,192335.0,,0.78,0.89,0.64,0.64,-9.35,-3.85,0,0,0,0,0,0,0,,,,,,🔴,THEO DÕI,PULL XẤU,OBV gãy | RSI yếu | RSI chững | Giá dưới EMA9 | Slope âm | Pull xấu,🔴,,,,🔴 Yếu,,True
2026-08-14,CSV,⚠️ YẾU DẦN,3,21400.0,-2.73,0.94,42.42,🟠 HẠN CHẾ / GIẢM,OBV xấu + Thiếu mẫu xác nhận + RSI yếu,2026-08-17T12:24:59+07:00,-8.51,21866.61,21650.0,1.0,1.0,-2.13,-3822100.0,-3469478.0,269800.0,386625.0,,0.78,0.9,7.0,7.0,-14.74,-1.83,2,0,0,0,1,0,1,,,,,,🔴,TÍCH LŨY,PULL XẤU,OBV gãy | RSI yếu | RSI chững | Giá dưới EMA9 | Pull xấu,🔴,,,,🟡 Ổn định,,True
2026-08-14,CTD,⚠️ YẾU DẦN,3,61700.0,-0.64,1.15,44.58,🟠 HẠN CHẾ / GIẢM,OBV xấu + Thiếu mẫu xác nhận,2026-08-17T12:24:59+07:00,-3.38,62115.85,60115.0,3.33,1.11,-0.67,10458100.0,10530007.0,247000.0,408680.0,,0.63,0.88,11.98,11.98,-6.8,-0.96,3,0,0,0,2,0,1,,,,,,🔴,MUA EARLY,PULL XẤU,OBV gãy | RSI yếu | RSI chững | Giá dưới EMA9 | Pull xấu,🟡,,,,🟢 Tăng tốc,,True
2026-08-14,CTG,⚠️ YẾU DẦN,3,31300.0,-3.69,1.62,46.66,🟠 HẠN CHẾ / GIẢM,OBV xấu + Thiếu mẫu xác nhận + RS yếu,2026-08-17T12:24:59+07:00,-9.4,31780.89,30825.45,3.1,-0.01,-1.51,365726700.0,374477649.0,7919900.0,9216540.0,,0.97,1.03,8.87,8.87,-5.15,-2.64,1,0,0,0,1,0,0,,,,,,🔴,THEO DÕI,PULL XẤU,OBV gãy | RSI yếu | RSI chững | Giá dưới EMA9 | Pull xấu,🔴,,,,🟢 Tăng tốc,,True
2026-08-14,DBC,⚠️ YẾU DẦN,3,16200.0,-2.7,-0.61,37.07,🟠 HẠN CHẾ / GIẢM,OBV xấu + RSI yếu + Thiếu mẫu xác nhận,2026-08-17T12:24:59+07:00,-8.28,16530.28,16372.45,0.96,0.41,-2.0,6748000.0,7373236.0,1004900.0,1926400.0,,0.61,0.82,3.18,3.18,-8.73,-1.52,2,0,0,0,1,0,1,,,,,,🔴,TÍCH LŨY,PULL XẤU,OBV gãy | RSI yếu | RSI chững | Giá dưới EMA9 | Pull xấu,🔴,,,,🟡 Ổn định,,True
2026-08-14,DCM,⚠️ YẾU DẦN,3,30400.0,-3.8,-0.98,41.24,🟠 HẠN CHẾ / GIẢM,OBV xấu + RSI yếu + Thiếu mẫu xác nhận,2026-08-17T12:24:59+07:00,-7.29,31009.52,30590.0,1.37,0.03,-1.97,60118200.0,63801722.0,2480900.0,2151400.0,,1.19,1.02,5.19,5.19,-6.17,-1.3,1,0,0,0,1,0,0,,,,,,🔴,THEO DÕI,PULL XẤU,OBV gãy | RSI yếu | RSI chững | Giá dưới EMA9 | Pull xấu,🔴,,,,🟡 Ổn định,,True
2026-08-14,DDV,⚠️ YẾU DẦN,3,18100.0,-3.72,0.0,31.55,🟠 HẠN CHẾ / GIẢM,OBV xấu + RSI yếu + Thiếu mẫu xác nhận,2026-08-17T12:24:59+07:00,-4.34,18610.63,18740.0,-0.69,1.17,-2.74,56496200.0,56788571.0,319900.0,302185.0,,0.88,0.9,1.12,1.12,-15.81,-2.16,0,0,0,0,0,0,0,,,,,,🔴,THEO DÕI,PULL XẤU,OBV gãy | RSI yếu | RSI chững | Giá dưới EMA9 | Slope âm | Pull xấu,🔴,,,,🔴 Yếu,,False
2026-08-14,DPM,⚠️ YẾU DẦN,3,21500.0,-1.6,-2.49,45.08,🟠 HẠN CHẾ / GIẢM,OBV xấu + Thiếu mẫu xác nhận,2026-08-17T12:24:59+07:00,-11.61,21924.05,21670.0,1.17,-0.22,-1.93,77084100.0,78103638.0,2185200.0,2850120.0,,1.04,1.08,4.12,4.12,-6.11,-1.38,2,0,0,0,1,0,1,,,,,,🔴,TÍCH LŨY,PULL XẤU,OBV gãy | RSI yếu | RSI chững | Giá dưới EMA9 | Pull xấu,🔴,,,,🟡 Ổn định,,True
2026-08-14,EIB,⚠️ YẾU DẦN,3,17100.0,-5.0,-3.93,32.54,🟠 HẠN CHẾ / GIẢM,OBV xấu + RSI yếu + RS yếu,2026-08-17T12:24:59+07:00,-10.42,17793.29,17730.0,0.36,-0.14,-3.9,157581200.0,168347689.0,5245900.0,6586870.0,,0.8,0.83,3.64,3.64,-10.24,-2.29,2,0,0,0,1,0,1,,,,,,🔴,TÍCH LŨY,PULL XẤU,OBV gãy | RSI yếu | RSI chững | Giá dưới EMA9 | Pull xấu,🔴,,,,🟡 Ổn định,,True
2026-08-14,FOX,⚠️ YẾU DẦN,3,63400.0,-3.5,0.0,37.16,🟠 HẠN CHẾ / GIẢM,OBV xấu + RSI yếu + Thiếu mẫu xác nhận,2026-08-17T12:24:59+07:00,-9.75,65011.7,64240.0,1.2,0.08,-2.48,5374900.0,5447551.0,82000.0,70415.0,,0.99,1.01,3.93,3.93,-8.12,-3.06,1,0,0,0,1,0,0,,,,,,🔴,THEO DÕI,PULL XẤU,OBV gãy | RSI yếu | RSI chững | Giá dưới EMA9 | Pull xấu,🔴,,,,🟡 Ổn định,,False
2026-08-14,FPT,⚠️ YẾU DẦN,3,69000.0,-2.54,2.83,48.92,🟠 HẠN CHẾ / GIẢM,OBV xấu + Thiếu mẫu xác nhận,2026-08-17T12:24:59+07:00,-8.88,69777.02,67774.9,2.95,-0.89,-1.11,-431770100.0,-421191547.0,7123800.0,6797840.0,,0.83,1.03,10.93,10.93,-5.87,-0.43,2,0,0,0,1,1,0,,,,,,🔴,TÍCH LŨY,PULL XẤU,OBV gãy | RSI yếu | RSI chững | Giá dưới EMA9 | Pull xấu,🔴,,,,🟢 Tăng tốc,,True
2026-08-14,GEX,⚠️ YẾU DẦN,3,24250.0,-1.22,7.78,45.77,🟠 HẠN CHẾ / GIẢM,OBV xấu + Thiếu mẫu xác nhận,2026-08-17T12:24:59+07:00,-11.51,24881.23,23347.5,6.57,1.0,-2.54,524329900.0,541770183.0,14566500.0,14341600.0,,0.95,1.01,19.46,19.46,-9.68,-4.53,3,0,0,0,2,1,0,,,,,,🔴,MUA EARLY,PULL XẤU,OBV gãy | RSI yếu | RSI chững | Giá dưới EMA9 | Pull xấu,🟡,,,,🟢 Tăng tốc,,True
2026-08-14,HAG,⚠️ YẾU DẦN,3,13950.0,-0.71,-0.36,36.92,🟠 HẠN CHẾ / GIẢM,OBV xấu + RSI yếu + Thiếu mẫu xác nhận,2026-08-17T12:24:59+07:00,-4.34,14072.02,14067.5,0.03,0.41,-0.87,385190200.0,388056959.0,2363500.0,2312980.0,,0.81,0.84,1.82,1.82,-4.12,-0.71,1,0,0,0,1,0,0,,,,,,🔴,THEO DÕI,PULL XẤU,OBV gãy | RSI yếu | RSI chững | Giá dưới EMA9 | Pull xấu,🔴,,,,🟡 Ổn định,,True
2026-08-14,HAH,⚠️ YẾU DẦN,3,45800.0,-0.87,1.22,43.85,🟠 HẠN CHẾ / GIẢM,OBV xấu + Vol chưa xác nhận + Thiếu mẫu xác nhận,2026-08-17T12:24:59+07:00,-1.8,45925.02,45370.0,1.22,0.36,-0.27,19213000.0,19290146.0,1167300.0,561260.0,,1.16,1.08,4.33,4.33,-3.58,-0.33,-1,0,0,0,1,0,-2,,,,,,🔴,THEO DÕI,PULL XẤU,OBV gãy | RSI yếu | RSI chững | Giá dưới EMA9 | Pull xấu,🔴,,,,🟡 Ổn định,,True
2026-08-14,HCM,⚠️ YẾU DẦN,3,25300.0,-0.2,1.2,50.67,🟠 HẠN CHẾ / GIẢM,OBV xấu + Thiếu mẫu xác nhận,2026-08-17T12:24:59+07:00,-13.55,25654.12,25540.0,0.45,-0.71,-1.38,560890500.0,564255833.0,5071800.0,5212895.0,,1.03,0.93,1.2,10.1,-7.5,-1.56,1,0,0,0,1,0,0,,,,,,🔴,THEO DÕI,PULL XẤU,OBV gãy | RSI yếu | RSI chững | Giá dưới EMA9 | Pull xấu,🔴,,,,🟡 Ổn định,,True
2026-08-14,HDG,⚠️ YẾU DẦN,3,16200.0,-2.11,0.32,35.84,🟠 HẠN CHẾ / GIẢM,OBV xấu + RSI yếu + Thiếu mẫu xác nhận,2026-08-17T12:24:59+07:00,-5.81,16508.55,16427.45,0.49,0.77,-1.87,15800800.0,18182181.0,1249000.0,1419605.0,,0.82,0.85,4.52,4.52,-11.48,-0.61,1,0,0,0,1,0,0,,,,,,🔴,THEO DÕI,PULL XẤU,OBV gãy | RSI yếu | RSI chững | Giá dưới EMA9 | Pull xấu,🔴,,,,🟡 Ổn định,,True
2026-08-14,HPG,⚠️ YẾU DẦN,3,21100.0,-4.09,-2.76,37.91,🟠 HẠN CHẾ / GIẢM,OBV xấu + RSI yếu + Thiếu mẫu xác nhận,2026-08-17T12:24:59+07:00,-11.8,21746.59,21490.0,1.19,-0.47,-2.97,318205424.0,349234706.0,27443600.0,26907765.0,,0.64,0.83,3.69,3.69,-6.84,-2.76,1,0,0,0,1,0,0,,,,,,🔴,THEO DÕI,PULL XẤU,OBV gãy | RSI yếu | RSI chững | Giá dưới EMA9 | Pull xấu,🔴,,,,🟡 Ổn định,,True
2026-08-14,HSG,⚠️ YẾU DẦN,3,10600.0,-1.4,-0.93,40.5,🟠 HẠN CHẾ / GIẢM,OBV xấu + RSI yếu + Thiếu mẫu xác nhận,2026-08-17T12:24:59+07:00,-7.13,10765.72,10675.0,0.85,0.62,-1.54,46666200.0,49642481.0,1919600.0,2191310.0,,0.82,0.79,5.47,5.47,-8.23,-0.93,1,0,0,0,1,0,0,,,,,,🔴,THEO DÕI,PULL XẤU,OBV gãy | RSI yếu | RSI chững | Giá dưới EMA9 | Pull xấu,🔴,,,,🟡 Ổn định,,True
2026-08-14,IJC,⚠️ YẾU DẦN,3,7400.0,-0.27,3.06,42.56,🟠 HẠN CHẾ / GIẢM,OBV xấu + Thiếu mẫu xác nhận + RSI yếu,2026-08-17T12:24:59+07:00,-10.88,7579.44,7341.0,3.25,1.38,-2.37,-38340900.0,-35181902.0,4342900.0,2548545.0,,1.42,1.05,10.61,10.61,-9.63,-3.39,1,0,0,0,2,1,-2,,,,,,🔴,THEO DÕI,PULL XẤU,OBV gãy | RSI yếu | RSI chững | Giá dưới EMA9 | Pull xấu,🔴,,,,🟢 Tăng tốc,,True
2026-08-14,KBC,⚠️ YẾU DẦN,3,26950.0,-3.75,-3.06,34.2,🟠 HẠN CHẾ / GIẢM,OBV xấu + RSI yếu + Thiếu mẫu xác nhận,2026-08-17T12:24:59+07:00,-14.07,27757.03,27757.5,-0.0,-0.69,-2.91,228643600.0,231122521.0,2062500.0,1407415.0,,0.94,0.93,0.56,0.56,-6.91,-1.64,-2,0,0,0,0,0,-2,,,,,,🔴,THEO DÕI,PULL XẤU,OBV gãy | RSI yếu | RSI chững | Giá dưới EMA9 | Slope âm | Pull xấu,🔴,,,,🔴 Yếu,,True
2026-08-14,KDH,⚠️ YẾU DẦN,3,17750.0,-1.11,1.72,38.05,🟠 HẠN CHẾ / GIẢM,OBV xấu + RSI yếu + Thiếu mẫu xác nhận,2026-08-17T12:24:59+07:00,-4.99,17909.35,17712.5,1.11,0.64,-0.89,-16849400.0,-15849314.0,5768200.0,5491500.0,,0.89,0.93,8.23,8.23,-7.07,0.0,1,0,0,0,1,0,0,,,,,,🔴,THEO DÕI,PULL XẤU,OBV gãy | RSI yếu | RSI chững | Giá dưới EMA9 | Pull xấu,🔴,,,,🟡 Ổn định,,True
2026-08-14,LAS,⚠️ YẾU DẦN,3,11800.0,-4.07,1.72,36.38,🟠 HẠN CHẾ / GIẢM,OBV xấu + RSI yếu + RS yếu,2026-08-17T12:24:59+07:00,-9.85,12108.56,11945.0,1.37,1.17,-2.55,-19349800.0,-19254233.0,146900.0,210715.0,,1.07,1.0,2.61,2.61,-13.24,-2.48,2,0,0,0,1,0,1,,,,,,🔴,TÍCH LŨY,PULL XẤU,OBV gãy | RSI yếu | RSI chững | Giá dưới EMA9 | Pull xấu,🔴,,,,🟡 Ổn định,,False
2026-08-14,LPB,⚠️ YẾU DẦN,3,52200.0,-1.32,0.77,47.6,🟠 HẠN CHẾ / GIẢM,OBV xấu + Thiếu mẫu xác nhận,2026-08-17T12:24:59+07:00,-7.15,53031.1,53160.0,-0.24,-0.12,-1.57,166854200.0,168981890.0,4371400.0,3286585.0,,0.75,0.81,0.77,14.73,-6.79,-2.79,-2,0,0,0,0,0,-2,,,,,,🔴,THEO DÕI,PULL XẤU,OBV gãy | RSI yếu | RSI chững | Giá dưới EMA9 | Slope âm | Pull xấu,🔴,,,,🔴 Yếu,,True
2026-08-14,MBS,⚠️ YẾU DẦN,3,17400.0,-0.51,2.23,43.95,🟠 HẠN CHẾ / GIẢM,OBV xấu + Thiếu mẫu xác nhận,2026-08-17T12:24:59+07:00,-3.63,17542.64,17428.0,0.66,1.14,-0.81,-44852300.0,-40789053.0,6299500.0,6310165.0,,0.75,0.8,5.78,5.78,-10.68,-0.51,2,0,0,0,1,1,0,,,,,,🔴,TÍCH LŨY,PULL XẤU,OBV gãy | RSI yếu | RSI chững | Giá dưới EMA9 | Pull xấu,🔴,,,,🟡 Ổn định,,False
2026-08-14,MSH,⚠️ YẾU DẦN,3,30000.0,-2.76,-1.32,34.23,🟠 HẠN CHẾ / GIẢM,OBV xấu + RSI yếu + Thiếu mẫu xác nhận,2026-08-17T12:24:59+07:00,-17.72,30942.22,30860.0,0.27,-0.23,-3.05,12040037.0,12259498.0,159163.0,107328.0,,0.68,0.73,0.0,0.0,-6.25,-3.85,-1,0,0,0,1,0,-2,,,,,,🔴,THEO DÕI,PULL XẤU,OBV gãy | RSI yếu | RSI chững | Giá dưới EMA9 | Pull xấu,🔴,,,,🟡 Ổn định,,True
2026-08-14,NAB,⚠️ YẾU DẦN,3,11700.0,-0.85,-3.7,35.09,🟠 HẠN CHẾ / GIẢM,OBV xấu + RSI yếu + Thiếu mẫu xác nhận,2026-08-17T12:24:59+07:00,-4.97,11908.84,12122.5,-1.76,0.35,-1.75,52839500.0,56448325.0,1253700.0,1767715.0,,0.76,0.85,0.0,0.0,-10.34,-0.43,1,0,0,0,0,0,1,,,,,,🔴,THEO DÕI,PULL XẤU,OBV gãy | RSI yếu | RSI chững | Giá dưới EMA9 | Slope âm | Pull xấu,🔴,,,,🔴 Yếu,,True
2026-08-14,NKG,⚠️ YẾU DẦN,3,10800.0,-2.26,-1.37,39.6,🟠 HẠN CHẾ / GIẢM,OBV xấu + RSI yếu + Thiếu mẫu xác nhận,2026-08-17T12:24:59+07:00,-9.69,11032.85,10870.0,1.5,0.27,-2.11,275757500.0,277195567.0,2027200.0,2014170.0,,1.06,0.95,3.85,3.85,-6.49,-1.82,1,0,0,0,1,0,0,,,,,,🔴,THEO DÕI,PULL XẤU,OBV gãy | RSI yếu | RSI chững | Giá dưới EMA9 | Pull xấu,🔴,,,,🟡 Ổn định,,True
2026-08-14,NT2,⚠️ YẾU DẦN,3,21300.0,-0.23,1.43,46.15,🟠 HẠN CHẾ / GIẢM,OBV xấu + Thiếu mẫu xác nhận,2026-08-17T12:24:59+07:00,-4.68,21427.82,21262.5,0.78,0.28,-0.6,14409000.0,14482364.0,486400.0,569120.0,,0.78,0.85,3.9,3.9,-2.74,-1.16,1,0,0,0,1,0,0,,,,,,🔴,THEO DÕI,PULL XẤU,OBV gãy | RSI yếu | RSI chững | Giá dưới EMA9 | Pull xấu,🔴,,,,🟡 Ổn định,,True
2026-08-14,NTL,⚠️ YẾU DẦN,3,13300.0,-2.21,-2.92,21.27,🟠 HẠN CHẾ / GIẢM,OBV xấu + RSI yếu + Xu hướng giảm,2026-08-17T12:24:59+07:00,-5.94,13608.72,13925.0,-2.27,0.23,-2.27,69914400.0,70531681.0,369500.0,286340.0,,0.74,0.97,0.0,0.0,-10.44,-1.85,-2,0,0,0,0,0,-2,,,,,,🔴,THEO DÕI,PULL XẤU,OBV gãy | RSI yếu | RSI chững | Giá dưới EMA9 | Slope âm | Pull xấu,🔴,,,,🔴 Yếu,,True
2026-08-14,NVL,⚠️ YẾU DẦN,3,13050.0,-6.12,0.38,47.67,🟠 HẠN CHẾ / GIẢM,OBV xấu + RS yếu + Thiếu mẫu xác nhận,2026-08-17T12:24:59+07:00,-10.04,13406.4,13165.0,1.83,-1.92,-2.66,617508104.0,635588430.0,15250400.0,18292140.0,,0.9,1.1,4.82,10.13,-8.42,-2.61,1,0,0,0,1,0,0,,,,,,🔴,THEO DÕI,PULL XẤU,OBV gãy | RSI yếu | RSI chững | Giá dưới EMA9 | Pull xấu,🔴,,,,🟡 Ổn định,,True
2026-08-14,OIL,⚠️ YẾU DẦN,3,13100.0,-3.68,0.77,45.17,🟠 HẠN CHẾ / GIẢM,OBV xấu + Thiếu mẫu xác nhận + RS yếu,2026-08-17T12:24:59+07:00,-4.34,13273.87,13230.0,0.33,0.75,-1.31,90562900.0,91067013.0,974500.0,1242940.0,,1.32,1.06,1.55,3.15,-9.66,-0.76,2,0,0,0,1,0,1,,,,,,🔴,TÍCH LŨY,PULL XẤU,OBV gãy | RSI yếu | RSI chững | Giá dưới EMA9 | Pull xấu,🔴,,,,🟡 Ổn định,,False
2026-08-14,ORS,⚠️ YẾU DẦN,3,13750.0,-1.79,-0.72,48.24,🟠 HẠN CHẾ / GIẢM,OBV xấu + Thiếu mẫu xác nhận,2026-08-17T12:24:59+07:00,-10.89,14059.82,13780.0,2.03,-0.37,-2.2,213505300.0,214770222.0,2504800.0,4530955.0,,1.12,0.88,7.42,8.7,-6.78,-1.79,2,0,0,0,1,0,1,,,,,,🔴,TÍCH LŨY,PULL XẤU,OBV gãy | RSI yếu | RSI chững | Giá dưới EMA9 | Pull xấu,🔴,,,,🟢 Tăng tốc,,True
2026-08-14,PC1,⚠️ YẾU DẦN,3,20200.0,-2.18,-5.61,39.4,🟠 HẠN CHẾ / GIẢM,OBV xấu + Thiếu mẫu xác nhận + RSI yếu,2026-08-17T12:24:59+07:00,-3.28,20707.14,20967.5,-1.24,0.04,-2.45,122589300.0,124449787.0,1778000.0,1964640.0,,0.73,0.83,0.0,8.6,-9.42,-1.22,0,0,0,0,0,0,0,,,,,,🔴,THEO DÕI,PULL XẤU,OBV gãy | RSI yếu | RSI chững | Giá dưới EMA9 | Slope âm | Pull xấu,🔴,,,,🔴 Yếu,,True
2026-08-14,PET,⚠️ YẾU DẦN,3,38950.0,0.13,2.5,55.83,🟠 HẠN CHẾ / GIẢM,OBV xấu + Vol chưa xác nhận + Thiếu mẫu xác nhận,2026-08-17T12:24:59+07:00,-8.5,39173.64,37760.0,3.74,-0.01,-0.57,69040088.0,69787927.0,1208512.0,483131.0,,1.29,1.19,11.93,16.2,-7.04,-1.64,1,0,1,0,1,1,-2,,,,,,🔴,THEO DÕI,PULL XẤU,OBV gãy | RSI chững | Giá dưới EMA9 | Pull xấu,🔴,,,,🟢 Tăng tốc,,True
2026-08-14,PLX,⚠️ YẾU DẦN,3,35450.0,-1.39,10.26,54.05,🟠 HẠN CHẾ / GIẢM,OBV xấu + Thiếu mẫu xác nhận,2026-08-17T12:24:59+07:00,-6.61,35355.26,33682.5,4.97,0.64,0.27,58143200.0,59017149.0,3459500.0,2497580.0,,1.73,1.32,12.47,12.47,-6.71,-0.42,3,2,0,0,2,1,-2,,,,,,🔴,MUA EARLY,PULL XẤU,OBV gãy | RSI yếu | RSI chững | Pull xấu,🟡,,,,🟢 Tăng tốc,,True
2026-08-14,POW,⚠️ YẾU DẦN,3,13250.0,-2.57,-2.57,40.63,🟠 HẠN CHẾ / GIẢM,OBV xấu + Vol chưa xác nhận + RSI yếu,2026-08-17T12:24:59+07:00,-8.84,13579.89,13555.0,0.18,-0.3,-2.43,293534832.0,315703720.0,19741672.0,7977044.0,,0.89,1.01,0.38,0.38,-6.03,-1.85,-1,0,0,0,1,0,-2,,,,,,🔴,THEO DÕI,PULL XẤU,OBV gãy | RSI yếu | RSI chững | Giá dưới EMA9 | Pull xấu,🔴,,,,🟡 Ổn định,,True
2026-08-14,PTB,⚠️ YẾU DẦN,3,32250.0,-3.73,-3.73,36.99,🟠 HẠN CHẾ / GIẢM,OBV xấu + RSI yếu + Thiếu mẫu xác nhận,2026-08-17T12:24:59+07:00,-5.07,33379.91,33367.45,0.04,-0.05,-3.39,-650930.0,-608148.0,25130.0,59156.0,,0.75,0.67,1.26,1.26,-7.99,-4.16,2,0,0,0,1,0,1,,,,,,🔴,TÍCH LŨY,PULL XẤU,OBV gãy | RSI yếu | RSI chững | Giá dưới EMA9 | Pull xấu,🔴,,,,🟡 Ổn định,,True
2026-08-14,PVC,⚠️ YẾU DẦN,3,12000.0,-0.83,1.69,45.11,🟠 HẠN CHẾ / GIẢM,OBV xấu + Thiếu mẫu xác nhận,2026-08-17T12:24:59+07:00,-2.64,12132.84,11990.0,1.19,2.09,-1.09,60296300.0,60466980.0,521300.0,476605.0,,1.31,1.1,4.35,4.35,-9.77,-2.44,1,0,0,0,1,0,0,,,,,,🔴,THEO DÕI,PULL XẤU,OBV gãy | RSI yếu | RSI chững | Giá dưới EMA9 | Pull xấu,🔴,,,,🟡 Ổn định,,False
2026-08-14,REE,⚠️ YẾU DẦN,3,45700.0,-2.97,-1.72,40.8,🟠 HẠN CHẾ / GIẢM,OBV xấu + RSI yếu + Thiếu mẫu xác nhận,2026-08-17T12:24:59+07:00,-10.8,46720.74,46105.0,1.34,-0.84,-2.18,-11489200.0,-10952718.0,322800.0,515190.0,,0.55,0.93,4.22,4.22,-6.16,-1.93,2,0,0,0,1,0,1,,,,,,🔴,TÍCH LŨY,PULL XẤU,OBV gãy | RSI yếu | RSI chững | Giá dưới EMA9 | Pull xấu,🔴,,,,🟡 Ổn định,,True
2026-08-14,SHB,⚠️ YẾU DẦN,3,11650.0,-0.43,1.3,39.01,🟠 HẠN CHẾ / GIẢM,OBV xấu + RSI yếu + Thiếu mẫu xác nhận,2026-08-17T12:24:59+07:00,-4.64,11789.69,11730.0,0.51,0.82,-1.18,1575523560.0,1683015952.0,47476900.0,56499620.0,,0.96,0.9,4.02,4.02,-8.63,-0.43,1,0,0,0,1,0,0,,,,,,🔴,THEO DÕI,PULL XẤU,OBV gãy | RSI yếu | RSI chững | Giá dưới EMA9 | Pull xấu,🔴,,,,🟡 Ổn định,,True
2026-08-14,SHS,⚠️ YẾU DẦN,3,15300.0,-1.92,0.66,40.53,🟠 HẠN CHẾ / GIẢM,OBV xấu + RSI yếu + Thiếu mẫu xác nhận,2026-08-17T12:24:59+07:00,-5.7,15685.54,15470.0,1.39,0.61,-2.46,674685596.0,701793141.0,20060800.0,12144025.0,,0.88,0.83,6.99,6.99,-10.53,-3.16,-1,0,0,0,1,0,-2,,,,,,🔴,THEO DÕI,PULL XẤU,OBV gãy | RSI yếu | RSI chững | Giá dưới EMA9 | Pull xấu,🔴,,,,🟡 Ổn định,,False
2026-08-14,SIP,⚠️ YẾU DẦN,3,49800.0,-2.16,3.53,51.14,🟠 HẠN CHẾ / GIẢM,OBV xấu + Thiếu mẫu xác nhận,2026-08-17T12:24:59+07:00,-10.9,50298.35,48887.5,2.89,-0.27,-0.99,406318.0,467238.0,79982.0,94624.0,,0.8,1.1,6.87,6.87,-3.68,-3.11,2,0,0,0,1,1,0,,,,,,🔴,TÍCH LŨY,PULL XẤU,OBV gãy | RSI yếu | RSI chững | Giá dưới EMA9 | Pull xấu,🔴,,,,🟢 Tăng tốc,,True
2026-08-14,TCM,⚠️ YẾU DẦN,3,16400.0,-1.5,-1.2,27.73,🟠 HẠN CHẾ / GIẢM,OBV xấu + RSI yếu + Thiếu mẫu xác nhận,2026-08-17T12:24:59+07:00,-2.89,16645.65,16805.0,-0.95,1.81,-1.48,-11278400.0,-9875600.0,772700.0,1161830.0,,0.59,0.72,0.61,0.61,-16.33,-1.2,1,0,0,0,0,0,1,,,,,,🔴,THEO DÕI,PULL XẤU,OBV gãy | RSI yếu | RSI chững | Giá dưới EMA9 | Slope âm | Pull xấu,🔴,,,,🔴 Yếu,,True
2026-08-14,TCX,⚠️ YẾU DẦN,3,38950.0,-0.89,-5.0,40.43,🟠 HẠN CHẾ / GIẢM,OBV xấu + RSI yếu + Thiếu mẫu xác nhận,2026-08-17T12:24:59+07:00,-9.24,39907.36,40000.0,-0.23,0.74,-2.4,16297300.0,18858570.0,1584200.0,1642095.0,,1.12,1.14,3.87,3.87,-10.46,-2.14,0,0,0,0,0,0,0,,,,,,🔴,THEO DÕI,PULL XẤU,OBV gãy | RSI yếu | RSI chững | Giá dưới EMA9 | Slope âm | Pull xấu,🔴,,,,🔴 Yếu,,True
2026-08-14,TNG,⚠️ YẾU DẦN,3,17100.0,0.59,1.12,50.09,🟠 HẠN CHẾ / GIẢM,OBV xấu + Thiếu mẫu xác nhận,2026-08-17T12:24:59+07:00,-4.38,17097.54,16700.95,2.37,-0.03,0.01,34206200.0,34552899.0,611200.0,467565.0,,0.55,0.7,9.06,9.06,-4.68,-1.16,1,2,0,0,1,0,-2,,,,,,🔴,THEO DÕI,PULL XẤU,OBV gãy | RSI yếu | RSI chững | Pull xấu,🔴,,,,🟢 Tăng tốc,,False
2026-08-14,TPB,⚠️ YẾU DẦN,3,14300.0,-2.05,1.42,39.53,🟠 HẠN CHẾ / GIẢM,OBV xấu + RSI yếu + Thiếu mẫu xác nhận,2026-08-17T12:24:59+07:00,-7.21,14515.34,14382.5,0.92,0.45,-1.48,442115088.0,442648224.0,4193700.0,9178735.0,,0.73,0.98,2.88,2.88,-7.74,-1.38,2,0,0,0,1,0,1,,,,,,🔴,TÍCH LŨY,PULL XẤU,OBV gãy | RSI yếu | RSI chững | Giá dưới EMA9 | Pull xấu,🔴,,,,🟡 Ổn định,,True
2026-08-14,VCB,⚠️ YẾU DẦN,3,58500.0,-2.01,-1.35,48.75,🟠 HẠN CHẾ / GIẢM,OBV xấu + Thiếu mẫu xác nhận,2026-08-17T12:24:59+07:00,-7.53,59103.85,57485.5,2.82,-0.12,-1.02,121946500.0,128399500.0,4805500.0,5324945.0,,0.78,1.12,8.33,8.33,-4.1,-1.68,1,0,0,0,1,0,0,,,,,,🔴,THEO DÕI,PULL XẤU,OBV gãy | RSI yếu | RSI chững | Giá dưới EMA9 | Pull xấu,🔴,,,,🟢 Tăng tốc,,True
2026-08-14,VCI,⚠️ YẾU DẦN,3,21600.0,-0.69,1.41,46.73,🟠 HẠN CHẾ / GIẢM,OBV xấu + Thiếu mẫu xác nhận,2026-08-17T12:24:59+07:00,-4.38,21688.53,21007.5,3.24,0.2,-0.41,152324300.0,156433127.0,9427900.0,10071165.0,,0.91,0.95,17.07,17.07,-5.47,0.0,2,0,0,0,2,0,0,,,,,,🔴,TÍCH LŨY,PULL XẤU,OBV gãy | RSI yếu | RSI chững | Giá dưới EMA9 | Pull xấu,🔴,,,,🟢 Tăng tốc,,True
2026-08-14,VCK,⚠️ YẾU DẦN,3,29200.0,-3.79,-5.81,36.76,🟠 HẠN CHẾ / GIẢM,OBV xấu + RSI yếu + Thiếu mẫu xác nhận,2026-08-17T12:24:59+07:00,-11.14,30204.02,30147.5,0.19,-0.58,-3.32,68513300.0,71889986.0,2464600.0,2538975.0,,0.82,0.84,3.0,3.0,-9.03,-1.02,1,0,0,0,1,0,0,,,,,,🔴,THEO DÕI,PULL XẤU,OBV gãy | RSI yếu | RSI chững | Giá dưới EMA9 | Pull xấu,🔴,,,,🟡 Ổn định,,True
2026-08-14,VDS,⚠️ YẾU DẦN,3,11700.0,-0.85,-0.85,37.85,🟠 HẠN CHẾ / GIẢM,OBV xấu + RSI yếu + Thiếu mẫu xác nhận,2026-08-17T12:24:59+07:00,-5.49,11968.49,11982.5,-0.12,1.43,-2.24,46297600.0,47503992.0,829600.0,1025770.0,,0.79,0.81,4.46,4.46,-16.13,-0.85,0,0,0,0,0,0,0,,,,,,🔴,THEO DÕI,PULL XẤU,OBV gãy | RSI yếu | RSI chững | Giá dưới EMA9 | Slope âm | Pull xấu,🔴,,,,🔴 Yếu,,True
2026-08-14,VGI,⚠️ YẾU DẦN,3,82700.0,-4.39,1.97,47.79,🟠 HẠN CHẾ / GIẢM,OBV xấu + RS yếu + Thiếu mẫu xác nhận,2026-08-17T12:24:59+07:00,-10.61,84445.01,81250.0,3.93,-0.47,-2.07,-13748500.0,-13307785.0,440000.0,319440.0,,1.47,1.31,10.86,10.86,-10.11,-2.71,-1,0,0,0,1,0,-2,,,,,,🔴,THEO DÕI,PULL XẤU,OBV gãy | RSI yếu | RSI chững | Giá dưới EMA9 | Pull xấu,🔴,,,,🟢 Tăng tốc,,False
2026-08-14,VHM,⚠️ YẾU DẦN,3,66900.0,-8.36,-9.66,40.09,🟠 HẠN CHẾ / GIẢM,OBV xấu + Giá lệch xu hướng + RS yếu,2026-08-17T12:24:59+07:00,-10.22,71658.26,70690.0,1.37,-2.02,-6.64,356178200.0,362383205.0,12131200.0,6862705.0,,1.26,1.33,5.44,5.44,-18.12,-6.82,-1,0,0,0,1,0,-2,,,,,,🔴,THEO DÕI,PULL XẤU,OBV gãy | RSI yếu | RSI chững | Giá dưới EMA9 | Pull xấu,🔴,,,,🟡 Ổn định,,True
2026-08-14,VIB,⚠️ YẾU DẦN,3,14450.0,-1.37,-0.34,38.45,🟠 HẠN CHẾ / GIẢM,OBV xấu + Vol chưa xác nhận + RSI yếu,2026-08-17T12:24:59+07:00,-6.43,14655.84,14635.0,0.14,0.32,-1.4,193260041.0,207779109.0,12969763.0,6947353.0,,0.63,0.89,2.12,2.12,-7.07,-0.34,-1,0,0,0,1,0,-2,,,,,,🔴,THEO DÕI,PULL XẤU,OBV gãy | RSI yếu | RSI chững | Giá dưới EMA9 | Pull xấu,🔴,,,,🟡 Ổn định,,True
2026-08-14,VIX,⚠️ YẾU DẦN,3,13400.0,-1.47,3.08,43.17,🟠 HẠN CHẾ / GIẢM,OBV xấu + Thiếu mẫu xác nhận + RSI yếu,2026-08-17T12:24:59+07:00,-8.23,13731.7,13170.0,4.26,0.55,-2.42,1485253432.0,1527127492.0,73378200.0,50262890.0,,0.89,0.94,14.04,14.04,-7.59,-1.83,1,0,0,0,2,1,-2,,,,,,🔴,THEO DÕI,PULL XẤU,OBV gãy | RSI yếu | RSI chững | Giá dưới EMA9 | Pull xấu,🔴,,,,🟢 Tăng tốc,,True
2026-08-14,VJC,⚠️ YẾU DẦN,3,122800.0,-2.15,-1.76,34.84,🟠 HẠN CHẾ / GIẢM,OBV xấu + RSI yếu + Thiếu mẫu xác nhận,2026-08-17T12:24:59+07:00,-9.39,125549.41,126335.0,-0.62,0.13,-2.19,20169800.0,21896901.0,1315200.0,1274025.0,,1.17,1.15,0.0,0.0,-8.77,-1.21,0,0,0,0,0,0,0,,,,,,🔴,THEO DÕI,PULL XẤU,OBV gãy | RSI yếu | RSI chững | Giá dưới EMA9 | Slope âm | Pull xấu,🔴,,,,🔴 Yếu,,True
2026-08-14,VND,⚠️ YẾU DẦN,3,16200.0,-2.7,-2.41,41.13,🟠 HẠN CHẾ / GIẢM,OBV xấu + RSI yếu + Thiếu mẫu xác nhận,2026-08-17T12:24:59+07:00,-7.33,16658.72,16700.0,-0.25,-0.11,-2.75,531028612.0,556855559.0,11543500.0,11967370.0,,0.83,0.82,5.54,5.54,-9.24,-2.11,0,0,0,0,0,0,0,,,,,,🔴,THEO DÕI,PULL XẤU,OBV gãy | RSI yếu | RSI chững | Giá dưới EMA9 | Slope âm | Pull xấu,🔴,,,,🔴 Yếu,,True
2026-08-14,VOS,⚠️ YẾU DẦN,3,11000.0,-1.35,1.38,45.65,🟠 HẠN CHẾ / GIẢM,OBV xấu + Thiếu mẫu xác nhận,2026-08-17T12:24:59+07:00,-4.14,11037.81,10830.0,1.92,0.34,-0.34,25209100.0,25393189.0,362600.0,431235.0,,1.06,1.08,6.8,6.8,-5.17,0.46,2,0,0,0,1,0,1,,,,,,🔴,TÍCH LŨY,PULL XẤU,OBV gãy | RSI yếu | RSI chững | Giá dưới EMA9 | Pull xấu,🔴,,,,🟡 Ổn định,,True
2026-08-14,VPB,⚠️ YẾU DẦN,3,24800.0,-0.8,0.0,41.6,🟠 HẠN CHẾ / GIẢM,OBV xấu + RSI yếu + Thiếu mẫu xác nhận,2026-08-17T12:24:59+07:00,-7.11,25286.35,25130.0,0.62,0.09,-1.92,1277431692.0,1301991805.0,13926300.0,14732710.0,,1.0,0.95,1.85,1.85,-6.59,-1.2,1,0,0,0,1,0,0,,,,,,🔴,THEO DÕI,PULL XẤU,OBV gãy | RSI yếu | RSI chững | Giá dưới EMA9 | Pull xấu,🔴,,,,🟡 Ổn định,,True
2026-08-14,VPL,⚠️ YẾU DẦN,3,75000.0,-5.06,-5.78,32.39,🟠 HẠN CHẾ / GIẢM,OBV xấu + RSI yếu + Thiếu mẫu xác nhận,2026-08-17T12:24:59+07:00,-9.75,77862.09,77650.0,0.27,-0.76,-3.68,12968900.0,14333445.0,634100.0,604375.0,,0.83,0.92,2.04,2.04,-8.42,-2.6,1,0,0,0,1,0,0,,,,,,🔴,THEO DÕI,PULL XẤU,OBV gãy | RSI yếu | RSI chững | Giá dưới EMA9 | Pull xấu,🔴,,,,🟡 Ổn định,,True
2026-08-14,VPX,⚠️ YẾU DẦN,3,24700.0,-2.56,-2.76,39.08,🟠 HẠN CHẾ / GIẢM,OBV xấu + RSI yếu + Thiếu mẫu xác nhận,2026-08-17T12:24:59+07:00,-6.22,25414.49,25617.5,-0.79,-0.04,-2.81,5191400.0,7697911.0,1503600.0,1304765.0,,0.74,0.79,2.28,2.28,-10.99,-1.59,0,0,0,0,0,0,0,,,,,,🔴,THEO DÕI,PULL XẤU,OBV gãy | RSI yếu | RSI chững | Giá dưới EMA9 | Slope âm | Pull xấu,🔴,,,,🔴 Yếu,,True
2026-08-14,VRE,⚠️ YẾU DẦN,3,24050.0,-3.61,-3.02,42.87,🟠 HẠN CHẾ / GIẢM,OBV xấu + Thiếu mẫu xác nhận + RSI yếu,2026-08-17T12:24:59+07:00,-8.75,24844.36,23992.5,3.55,-0.92,-3.2,421463400.0,432028869.0,8624500.0,6614035.0,,0.85,1.09,12.91,12.91,-10.26,-1.84,-1,0,0,0,1,0,-2,,,,,,🔴,THEO DÕI,PULL XẤU,OBV gãy | RSI yếu | RSI chững | Giá dưới EMA9 | Pull xấu,🔴,,,,🟢 Tăng tốc,,True
2026-08-14,HUT,⛔ RẤT YẾU,4,13100.0,-2.24,-11.49,16.5,🔴 TRÁNH / BÁN,OBV xấu + RSI yếu + Xu hướng giảm,2026-08-17T12:24:59+07:00,-6.83,13666.75,14300.0,-4.43,-0.22,-4.15,25023600.0,29242067.0,1175800.0,2400100.0,,0.57,0.91,0.0,0.0,-13.82,-2.96,1,0,0,0,0,0,1,,,,,,🔴,THEO DÕI,PULL XẤU,OBV gãy | RSI yếu | RSI chững | Giá dưới EMA9 | Slope âm | Pull xấu,🔴,,,,🔴 Yếu,,False
2026-08-14,VIC,⛔ RẤT YẾU,4,196500.0,-8.6,-8.22,35.32,🔴 TRÁNH / BÁN,OBV xấu + RSI yếu + RS yếu,2026-08-17T12:24:59+07:00,-7.02,209593.05,213450.0,-1.81,-1.02,-6.25,298029800.0,307503094.0,7976400.0,4595480.0,,1.18,1.16,0.0,2.34,-12.28,-5.53,-2,0,0,0,0,0,-2,,,,,,🔴,THEO DÕI,PULL XẤU,OBV gãy | RSI yếu | RSI chững | Giá dưới EMA9 | Slope âm | Pull xấu,🔴,,,,🔴 Yếu,,True
2026-08-17,BAF,🌱 ĐANG HỒI,0,31750.0,3.42,3.93,70.51,🟢 MUA / GIỮ,OBV tốt + Vị trí giá tốt + Xu hướng lên,2026-08-17T20:12:26+07:00,2.4,31208.23,30330.0,2.9,0.19,1.74,105299892.0,98978394.0,6057292.0,2121240.0,,1.03,1.18,10.05,10.43,-0.78,0.63,11,2,2,2,2,1,2,,,,,,🟢,GÀ TĂNG TỐC,PULL VỪA,,🟢,🟢 GREEN 2,,,🟢 Tăng tốc,,True
2026-08-17,BSR,🌱 ĐANG HỒI,0,26000.0,-2.26,3.09,54.36,🟢 MUA / GIỮ,OBV tốt + Vị trí giá tốt + Xu hướng lên,2026-08-17T20:12:26+07:00,-4.46,25776.58,24863.0,3.67,-0.11,0.87,657907600.0,650349208.0,7170500.0,9048120.0,,1.07,1.04,14.34,14.34,-4.55,2.36,6,2,0,2,1,1,0,,,,,,🟢,MUA EARLY,PULL XẤU,RSI yếu | RSI chững | Pull xấu,🟡,,,,🟢 Tăng tốc,,True
2026-08-17,BVH,🌱 ĐANG HỒI,0,68500.0,1.48,6.53,63.78,🟢 MUA / GIỮ,OBV tốt + Xu hướng lên + RSI cải thiện,2026-08-17T20:12:26+07:00,1.71,65575.18,62205.0,5.42,-0.21,4.46,18373714.0,17765612.0,663314.0,445546.0,,0.94,1.22,21.02,21.02,0.74,5.38,9,2,1,2,1,1,2,,,,,,🟢,GÀ TĂNG TỐC,PULL XẤU,Pull xấu,🟡,,,,🟢 Tăng tốc,,True
2026-08-17,CEO,🌱 ĐANG HỒI,0,12100.0,-0.82,0.83,44.74,🟢 MUA / GIỮ,OBV tốt + Vol xác nhận + Vị trí giá tốt,2026-08-17T20:12:26+07:00,-1.71,12017.52,11785.0,1.97,1.13,0.69,308997300.0,299900267.0,5761800.0,6076725.0,,0.94,0.92,12.04,12.04,-7.63,0.83,6,2,0,2,1,0,1,,,,,,🟢,MUA EARLY,PULL XẤU,RSI yếu | RSI chững | Pull xấu,🟡,,,,🟡 Ổn định,,False
2026-08-17,CII,🌱 ĐANG HỒI,0,14750.0,3.51,5.73,52.78,🟢 MUA / GIỮ,OBV tốt + RSI cải thiện + Xu hướng lên,2026-08-17T20:12:26+07:00,7.45,14125.62,13772.5,2.56,2.08,4.42,614022604.0,597473507.0,17303400.0,8616330.0,,0.89,0.96,16.6,16.6,-3.59,6.12,10,2,0,2,2,2,2,,,,,,🟢,MUA EARLY,PULL XẤU,RSI yếu | Pull xấu,🟡,,,,🟢 Tăng tốc,,True
2026-08-17,CTR,🌱 ĐANG HỒI,0,76800.0,-0.39,3.36,61.22,🟢 MUA / GIỮ,OBV tốt + Vol xác nhận + Vị trí giá tốt,2026-08-17T20:12:26+07:00,-0.39,75767.31,72945.0,3.87,-0.53,1.36,-6426544.0,-7103365.0,332656.0,314268.0,,0.84,1.15,15.66,15.66,-0.9,1.19,8,2,1,2,1,1,1,,,,,,🟢,GÀ TĂNG TỐC,PULL VỪA,RSI chững,🟡,🟢 GREEN 2,,,🟢 Tăng tốc,,True
2026-08-17,DGW,🌱 ĐANG HỒI,0,41300.0,2.48,11.47,60.09,🟢 MUA / GIỮ,OBV tốt + Xu hướng lên + Vị trí giá tốt,2026-08-17T20:12:26+07:00,-3.64,40623.49,37872.5,7.26,1.0,1.67,61796500.0,60051064.0,1056000.0,1190770.0,,1.41,1.26,24.59,24.59,-5.82,-0.72,7,2,1,1,2,1,0,,,,,,🟢,PULL VỪA,PULL VỪA,RSI chững,🟡,,,,🟢 Tăng tốc,,True
2026-08-17,DIG,🌱 ĐANG HỒI,0,10950.0,-0.45,3.3,47.68,🟢 MUA / GIỮ,OBV tốt + Vị trí giá tốt + Vol xác nhận,2026-08-17T20:12:26+07:00,1.27,10804.66,10585.0,2.08,1.74,1.35,194786300.0,186024055.0,8348000.0,9687975.0,,0.68,0.78,13.0,13.0,-9.5,1.39,8,2,0,2,2,1,1,,,,,,🟢,MUA EARLY,PULL XẤU,RSI yếu | Pull xấu,🟡,,✅ EARLY GREEN2,,🟢 Tăng tốc,,True
2026-08-17,DPR,🌱 ĐANG HỒI,0,36800.0,0.27,1.1,50.97,🟢 MUA / GIỮ,OBV tốt + Vị trí giá tốt + RSI cải thiện,2026-08-17T20:12:26+07:00,4.62,36299.15,35992.5,0.85,0.63,1.38,25011600.0,24883147.0,264700.0,199395.0,,0.99,1.09,4.84,4.84,-2.52,2.22,7,2,0,2,1,0,2,,,,,,🟢,MUA EARLY,PULL XẤU,RSI yếu | Pull xấu,🟡,,,,🟡 Ổn định,,True
2026-08-17,DRI,🌱 ĐANG HỒI,0,13400.0,1.52,3.88,53.95,🟢 MUA / GIỮ,OBV tốt + Vị trí giá tốt + Xu hướng lên,2026-08-17T20:12:26+07:00,-7.88,13306.24,13030.0,2.12,0.21,0.7,38802600.0,38682765.0,324500.0,495130.0,,1.28,1.07,7.2,7.2,-2.9,0.75,7,2,0,2,2,1,0,,,,,,🟢,MUA EARLY,PULL XẤU,RSI yếu | RSI chững | Pull xấu,🟡,,,,🟢 Tăng tốc,,False
2026-08-17,DXG,🌱 ĐANG HỒI,0,11500.0,4.07,5.99,54.61,🟢 MUA / GIỮ,OBV tốt + RSI cải thiện + Xu hướng lên,2026-08-17T20:12:26+07:00,5.77,11119.12,10773.5,3.21,2.75,3.43,585505404.0,569388195.0,6968236.0,11315897.0,,1.0,0.9,15.35,15.35,-4.96,0.44,7,2,0,1,2,2,0,,,,,,🟢,MUA EARLY,PULL XẤU,RSI yếu | Pull xấu,🟡,,,,🟢 Tăng tốc,,True
2026-08-17,DXS,🌱 ĐANG HỒI,0,6010.0,1.52,-0.33,44.41,🟢 MUA / GIỮ,OBV tốt + Vị trí giá tốt + Xu hướng lên,2026-08-17T20:12:26+07:00,1.22,5953.17,5886.0,1.14,1.77,0.95,52338600.0,48846614.0,1119600.0,1869375.0,,1.06,1.06,7.13,7.13,-10.16,0.17,6,2,0,2,1,1,0,,,,,,🟢,MUA EARLY,PULL XẤU,RSI yếu | Pull xấu,🟡,,,,🟡 Ổn định,,True
2026-08-17,FCN,🌱 ĐANG HỒI,0,11300.0,2.73,3.67,54.73,🟢 MUA / GIỮ,OBV tốt + Vị trí giá tốt + Xu hướng lên,2026-08-17T20:12:26+07:00,-1.71,11145.52,10880.0,2.44,1.14,1.39,38093500.0,37566296.0,193700.0,451055.0,,1.2,1.12,8.65,8.65,-1.74,2.26,7,2,0,2,2,1,0,,,,,,🟢,MUA EARLY,PULL XẤU,RSI yếu | RSI chững | Pull xấu,🟡,,,,🟢 Tăng tốc,,True
2026-08-17,GAS,🌱 ĐANG HỒI,0,79100.0,-0.88,11.1,58.95,🟢 MUA / GIỮ,OBV tốt + Xu hướng lên + Vị trí giá tốt,2026-08-17T20:12:26+07:00,-3.92,76244.05,71590.0,6.5,1.57,3.75,40372800.0,39917828.0,1109600.0,1500995.0,,1.21,1.0,22.83,22.83,-1.86,3.81,8,2,1,2,2,1,0,,,,,,🟢,MUA EARLY,PULL XẤU,RSI chững | Pull xấu,🟡,,,,🟢 Tăng tốc,,True
2026-08-17,GEG,🌱 ĐANG HỒI,0,12400.0,1.22,1.64,47.81,🟢 MUA / GIỮ,OBV tốt + Vị trí giá tốt + RSI cải thiện,2026-08-17T20:12:26+07:00,1.84,12302.1,12145.0,1.29,1.06,0.8,23889000.0,23624598.0,112500.0,215605.0,,0.92,0.99,5.98,5.98,-3.12,0.0,5,2,0,1,1,1,0,,,,,,🟢,MUA EARLY,PULL XẤU,RSI yếu | Pull xấu,🟡,,,,🟡 Ổn định,,True
2026-08-17,GIL,🌱 ĐANG HỒI,0,8310.0,1.48,20.43,48.68,🟢 MUA / GIỮ,OBV tốt + Xu hướng lên + Vị trí giá tốt,2026-08-17T20:12:26+07:00,-6.09,8188.47,7475.45,9.54,1.65,1.48,-4699800.0,-4773249.0,80100.0,276100.0,,1.15,1.11,26.87,26.87,-10.26,0.12,6,2,0,1,2,1,0,,,,,,🟢,MUA EARLY,PULL XẤU,RSI yếu | RSI chững | Pull xấu,🟡,,,,🟢 Tăng tốc,,True
2026-08-17,GMD,🌱 ĐANG HỒI,0,78800.0,0.77,2.2,60.84,🟢 MUA / GIỮ,OBV tốt + RSI cải thiện + Vị trí giá tốt,2026-08-17T20:12:26+07:00,5.75,77752.34,75925.0,2.41,0.94,1.35,115223145.0,107811683.0,5778145.0,1634972.0,,1.19,0.9,9.44,9.44,-3.9,0.13,10,2,1,2,2,1,2,,,,,,🟢,GÀ TĂNG TỐC,PULL VỪA,,🟢,🟢 GREEN 2,,,🟢 Tăng tốc,,True
2026-08-17,GVR,🌱 ĐANG HỒI,0,31350.0,-1.42,11.17,57.11,🟢 MUA / GIỮ,OBV tốt + Xu hướng lên + Vị trí giá tốt,2026-08-17T20:12:26+07:00,-7.24,30795.65,28752.5,7.11,1.45,1.8,253776000.0,249583719.0,1799100.0,2249405.0,,1.87,1.28,20.58,20.58,-4.71,0.48,8,2,1,2,2,1,0,,,,,,🟢,PULL VỪA,PULL VỪA,RSI chững,🟡,,,,🟢 Tăng tốc,,True
2026-08-17,HDB,🌱 ĐANG HỒI,0,26850.0,-0.37,3.27,55.06,🟢 MUA / GIỮ,OBV tốt + Vol xác nhận + Vị trí giá tốt,2026-08-17T20:12:26+07:00,-5.46,26654.82,26237.5,1.59,0.33,0.73,931417472.0,928486239.0,9947372.0,10454974.0,,0.94,0.9,6.97,7.83,-2.72,1.7,8,2,1,2,1,1,1,,,,,,🟢,PULL VỪA,PULL VỪA,RSI chững,🟡,,,,🟡 Ổn định,,True
2026-08-17,KSB,🌱 ĐANG HỒI,0,13850.0,2.97,3.36,51.16,🟢 MUA / GIỮ,OBV tốt + Vị trí giá tốt + Vol xác nhận,2026-08-17T20:12:26+07:00,-7.11,13752.4,13472.5,2.08,1.03,0.71,34189600.0,32145673.0,885900.0,1056825.0,,1.87,1.27,6.95,6.95,-5.78,0.36,8,2,0,2,2,1,1,,,,,,🟢,MUA EARLY,PULL XẤU,RSI yếu | RSI chững | Pull xấu,🟡,,,,🟢 Tăng tốc,,True
2026-08-17,MSR,🌱 ĐANG HỒI,0,42400.0,6.27,13.67,70.08,🟢 MUA / GIỮ,OBV tốt + Xu hướng lên + RSI cải thiện,2026-08-17T20:12:26+07:00,13.18,39658.91,37345.0,6.2,1.05,6.91,19513400.0,15898442.0,3156100.0,1267735.0,,1.05,1.17,28.88,28.88,4.95,6.0,12,2,2,2,2,2,2,,,,,,🟢,GÀ TĂNG TỐC,PULL XẤU,Pull xấu,🟡,,,,🟢 Tăng tốc,,False
2026-08-17,MWG,🌱 ĐANG HỒI,0,73500.0,0.68,1.38,52.91,🟢 MUA / GIỮ,OBV tốt + Vị trí giá tốt + Xu hướng lên,2026-08-17T20:12:26+07:00,-1.75,72611.87,70652.5,2.77,1.15,1.22,244910000.0,243211210.0,2140400.0,5061875.0,,0.62,0.71,17.92,17.92,-2.93,1.66,6,2,0,2,2,0,0,,,,,,🟢,MUA EARLY,PULL XẤU,RSI yếu | RSI chững | Pull xấu,🟡,,,,🟢 Tăng tốc,,True
2026-08-17,NLG,🌱 ĐANG HỒI,0,23750.0,5.09,9.45,57.3,🟢 MUA / GIỮ,OBV tốt + RSI cải thiện + Xu hướng lên,2026-08-17T20:12:26+07:00,10.52,22680.02,22022.5,2.99,2.84,4.72,54223800.0,50159731.0,2256000.0,2473415.0,,0.8,1.07,18.75,18.75,-5.0,4.17,10,2,1,2,2,2,1,,,,,,🟢,GÀ TĂNG TỐC,PULL XẤU,Pull xấu,🟡,,✅ EARLY GREEN2,,🟢 Tăng tốc,,True
2026-08-17,NTP,🌱 ĐANG HỒI,0,50900.0,3.88,4.73,58.77,🟢 MUA / GIỮ,OBV tốt + RSI cải thiện + Vị trí giá tốt,2026-08-17T20:12:26+07:00,8.73,50067.51,48955.0,2.27,1.98,1.66,10805200.0,10432929.0,325700.0,158760.0,,1.97,1.46,6.93,6.93,-6.43,-2.68,5,2,1,1,2,1,-2,,,,,,🟢,PULL VỪA,PULL VỪA,,🟡,,,,🟢 Tăng tốc,,False
2026-08-17,OCB,🌱 ĐANG HỒI,0,10950.0,2.34,6.31,60.02,🟢 MUA / GIỮ,OBV tốt + Vị trí giá tốt + Xu hướng lên,2026-08-17T20:12:26+07:00,-0.8,10775.08,10437.5,3.23,1.45,1.62,118451900.0,112191600.0,1130200.0,2521210.0,,1.57,1.17,9.5,10.94,-1.35,0.46,7,2,1,1,2,1,0,,,,,,🟢,PULL VỪA,PULL VỪA,RSI chững,🟡,,,,🟢 Tăng tốc,,True
2026-08-17,PDR,🌱 ĐANG HỒI,0,12100.0,0.0,2.54,41.8,🟢 MUA / GIỮ,OBV tốt + Vol xác nhận + Vị trí giá tốt,2026-08-17T20:12:26+07:00,1.51,12008.69,11895.0,0.96,1.59,0.76,247022865.0,242197846.0,7991665.0,7327448.0,,0.79,0.87,8.52,8.52,-8.33,0.83,7,2,0,2,1,1,1,,,,,,🟢,MUA EARLY,PULL XẤU,RSI yếu | Pull xấu,🟡,,,,🟡 Ổn định,,True
2026-08-17,PHR,🌱 ĐANG HỒI,0,61300.0,2.51,3.03,56.56,🟢 MUA / GIỮ,OBV tốt + RSI cải thiện + Vị trí giá tốt,2026-08-17T20:12:26+07:00,10.11,59111.76,58005.0,1.91,1.2,3.7,17458700.0,16927174.0,754700.0,343410.0,,0.63,0.87,11.45,11.45,0.16,2.51,9,2,1,2,1,1,2,,,,,,🟢,CP MẠNH,PULL XẤU,Pull xấu,🟡,,,,🟡 Ổn định,,True
2026-08-17,PLC,🌱 ĐANG HỒI,0,20200.0,-1.46,3.06,53.78,🟢 MUA / GIỮ,OBV tốt + Xu hướng lên + Vị trí giá tốt,2026-08-17T20:12:26+07:00,-6.64,20095.26,19290.0,4.17,0.03,0.52,18571300.0,18538602.0,78100.0,123080.0,,1.23,1.07,14.12,14.12,-3.35,-0.49,7,2,0,1,2,1,1,,,,,,🟢,MUA EARLY,PULL XẤU,RSI yếu | RSI chững | Pull xấu,🟡,,,,🟢 Tăng tốc,,False
2026-08-17,PVB,🌱 ĐANG HỒI,0,21600.0,1.41,2.86,46.64,🟢 MUA / GIỮ,OBV tốt + Vị trí giá tốt + Xu hướng lên,2026-08-17T20:12:26+07:00,3.55,21471.89,21110.0,1.71,2.21,0.6,1707300.0,1556698.0,57500.0,85250.0,,1.44,1.19,5.37,5.37,-8.09,-1.82,6,2,0,1,1,1,1,,,,,,🟢,MUA EARLY,PULL XẤU,RSI yếu | Pull xấu,🟡,,,,🟡 Ổn định,,False
2026-08-17,PVT,🌱 ĐANG HỒI,0,20300.0,4.64,9.14,64.72,🟢 MUA / GIỮ,OBV tốt + Xu hướng lên + Vol xác nhận,2026-08-17T20:12:26+07:00,0.79,19485.5,18227.5,6.9,1.34,4.18,14228600.0,10932675.0,3243900.0,4084275.0,,1.58,1.14,24.54,24.54,-1.46,2.27,9,2,1,2,2,2,0,,,,,,🟢,MUA EARLY,PULL XẤU,Pull xấu,🟡,,,,🟢 Tăng tốc,,True
2026-08-17,SBT,🌱 ĐANG HỒI,0,23350.0,9.88,9.62,79.95,🟢 MUA / GIỮ,OBV tốt + Xu hướng lên + RS mạnh,2026-08-17T20:12:26+07:00,17.46,22194.32,21342.5,3.99,3.06,5.21,109381300.0,106343583.0,1124000.0,667595.0,,1.32,1.08,13.08,16.17,-0.64,0.21,12,2,2,2,2,2,2,,,,,,🟢,GÀ TĂNG TỐC,PULL XẤU,Pull xấu,🟡,🟢 GREEN 2,,,🟢 Tăng tốc,,True
2026-08-17,SSI,🌱 ĐANG HỒI,0,19800.0,-1.3,0.92,50.42,🟢 MUA / GIỮ,OBV tốt + Vol xác nhận + Vị trí giá tốt,2026-08-17T20:12:26+07:00,-4.82,19736.14,19183.5,2.88,-0.31,0.32,995020644.0,992673740.0,22323356.0,22198618.0,,1.06,0.89,12.56,12.56,-2.85,0.0,5,2,0,2,1,0,0,,,,,,🟢,MUA EARLY,PULL XẤU,RSI yếu | RSI chững | Pull xấu,🟡,,,,🟢 Tăng tốc,,True
2026-08-17,STB,🌱 ĐANG HỒI,0,74200.0,-0.54,3.78,56.1,🟢 MUA / GIỮ,OBV tốt + Vol xác nhận + Vị trí giá tốt,2026-08-17T20:12:26+07:00,-0.68,73420.95,72840.0,0.8,-0.26,1.06,407208000.0,406623447.0,3942200.0,3513575.0,,0.56,0.79,4.51,12.25,-2.5,2.34,8,2,1,2,1,1,1,,,,,,🟢,PULL VỪA,PULL VỪA,RSI chững,🟡,,,,🟡 Ổn định,,True
2026-08-17,TCB,🌱 ĐANG HỒI,0,31800.0,1.44,6.18,58.6,🟢 MUA / GIỮ,OBV tốt + Xu hướng lên + Vị trí giá tốt,2026-08-17T20:12:26+07:00,1.21,31084.7,29877.5,4.04,2.03,2.3,440179596.0,409756493.0,10961200.0,15725770.0,,1.48,1.17,12.57,12.57,-1.09,-0.16,8,2,1,1,2,1,1,,,,,,🟢,GÀ TĂNG TỐC,PULL XẤU,Pull xấu,🟡,,,,🟢 Tăng tốc,,True
2026-08-17,TCH,🌱 ĐANG HỒI,0,12200.0,-0.81,0.41,46.0,🟢 MUA / GIỮ,OBV tốt + Vị trí giá tốt + Vol xác nhận,2026-08-17T20:12:26+07:00,1.82,12058.76,11882.5,1.48,1.26,1.17,142768100.0,141365201.0,4298900.0,5149425.0,,0.94,1.0,10.91,10.91,-7.58,2.52,6,2,0,2,1,0,1,,,,,,🟢,MUA EARLY,PULL XẤU,RSI yếu | Pull xấu,🟡,,✅ EARLY GREEN2,,🟡 Ổn định,,True
2026-08-17,TVN,🌱 ĐANG HỒI,0,9700.0,4.3,5.43,52.27,🟢 MUA / GIỮ,Xu hướng lên + OBV tốt + RSI cải thiện,2026-08-17T20:12:26+07:00,7.81,9384.33,9020.0,4.04,3.99,3.36,41978600.0,39168843.0,464200.0,633365.0,,1.81,1.31,16.87,16.87,-8.49,-3.96,8,2,0,1,2,2,1,,,,,,🟢,MUA EARLY,PULL XẤU,RSI yếu | Pull xấu,🟡,,,,🟢 Tăng tốc,,False
2026-08-17,TVS,🌱 ĐANG HỒI,0,14500.0,5.07,4.69,57.64,🟢 MUA / GIỮ,OBV tốt + RSI cải thiện + Vị trí giá tốt,2026-08-17T20:12:26+07:00,7.08,14017.02,13827.5,1.37,2.26,3.45,5361000.0,5152392.0,95200.0,126560.0,,0.93,0.81,10.27,13.28,-4.29,2.47,7,2,1,2,1,1,0,,,,,,🟢,MUA EARLY,PULL XẤU,Pull xấu,🟡,,,,🟡 Ổn định,,True
2026-08-17,VGT,🌱 ĐANG HỒI,0,12000.0,4.35,9.09,63.29,🟢 MUA / GIỮ,Xu hướng lên + OBV tốt + RSI cải thiện,2026-08-17T20:12:26+07:00,4.13,11670.37,11130.0,4.86,2.62,2.82,17785100.0,16516907.0,516000.0,348625.0,,1.86,1.38,13.21,13.21,-5.51,-2.44,6,2,1,1,2,2,-2,,,,,,🟢,MUA EARLY,PULL XẤU,Pull xấu,🟡,,,,🟢 Tăng tốc,,False
2026-08-17,VHC,🌱 ĐANG HỒI,0,54000.0,3.65,1.89,47.97,🟢 MUA / GIỮ,OBV tốt + Vị trí giá tốt + RSI cải thiện,2026-08-17T20:12:26+07:00,5.32,53453.71,53315.0,0.26,1.89,1.02,2869900.0,1769706.0,314000.0,369570.0,,1.87,1.43,5.06,5.06,-5.43,-0.92,5,2,0,1,1,1,0,,,,,,🟢,MUA EARLY,PULL XẤU,RSI yếu | Pull xấu,🟡,,,,🟡 Ổn định,,True
2026-08-17,VNM,🌱 ĐANG HỒI,0,62200.0,0.16,3.15,64.73,🟢 MUA / GIỮ,OBV tốt + Vị trí giá tốt + RSI cải thiện,2026-08-17T20:12:26+07:00,1.23,61349.87,60225.0,1.87,-0.21,1.39,-5599500.0,-6202940.0,2965800.0,5243610.0,,0.7,0.98,7.61,13.5,-1.74,0.81,7,2,1,2,1,1,0,,,,,,🟢,PULL VỪA,PULL VỪA,,🟢,,,,🟡 Ổn định,,True
2026-08-17,VTP,🌱 ĐANG HỒI,0,54800.0,2.62,11.72,61.77,🟢 MUA / GIỮ,OBV tốt + Xu hướng lên + Vol xác nhận,2026-08-17T20:12:26+07:00,-2.81,53001.19,49945.0,6.12,1.04,3.39,10054200.0,9014389.0,541800.0,656670.0,,1.54,1.32,22.32,22.32,-3.35,3.4,9,2,1,2,2,1,1,,,,,,🟢,GÀ TĂNG TỐC,PULL XẤU,RSI chững | Pull xấu,🟡,,,,🟢 Tăng tốc,,True
2026-08-17,BFC,🟡 TRUNG TÍNH,1,47700.0,-3.83,-1.04,42.44,👀 THEO DÕI,OBV tốt + Vị trí giá tốt,2026-08-17T20:12:26+07:00,-1.59,48212.45,48020.5,0.4,0.25,-1.06,29217900.0,29110602.0,28900.0,169970.0,,0.76,0.8,4.22,4.22,-8.81,-1.04,3,0,0,1,1,0,1,,,,,,🟢,MUA EARLY,PULL XẤU,RSI yếu | RSI chững | Giá dưới EMA9 | Pull xấu,🟡,,,,🟡 Ổn định,,True
2026-08-17,EVF,🟡 TRUNG TÍNH,1,12400.0,-0.8,0.0,46.66,👀 THEO DÕI,OBV tốt + Vị trí giá tốt,2026-08-17T20:12:26+07:00,-2.45,12480.78,12362.5,0.96,0.33,-0.65,152991400.0,152480415.0,861800.0,1502155.0,,0.96,0.83,5.08,5.08,-4.62,-1.2,3,0,0,1,1,0,1,,,,,,🟢,MUA EARLY,PULL XẤU,RSI yếu | RSI chững | Giá dưới EMA9 | Pull xấu,🟡,,,,🟡 Ổn định,,True
2026-08-17,FRT,🟡 TRUNG TÍNH,1,147000.0,7.3,10.44,72.91,👀 THEO DÕI,OBV tốt + Xu hướng lên + Vị trí giá tốt,2026-08-17T20:12:26+07:00,-6.89,140361.73,126560.0,10.91,-0.6,4.73,4389643.0,2794796.0,1333243.0,721667.0,,1.32,1.26,40.0,40.0,-1.01,2.65,10,2,1,2,1,2,2,,,,,,🟢,GÀ TĂNG TỐC,PULL XẤU,RSI chững | Pull xấu,🟡,🟢 GREEN 2,,,🟢 Tăng tốc,,True
2026-08-17,FTS,🟡 TRUNG TÍNH,1,21600.0,-2.92,-2.26,40.62,👀 THEO DÕI,OBV tốt + RSI yếu,2026-08-17T20:12:26+07:00,-5.18,21981.99,21835.0,0.67,0.54,-1.74,17421800.0,17268887.0,470400.0,1137870.0,,0.96,0.79,7.46,7.46,-9.81,-0.92,3,0,0,1,1,0,1,,,,,,🟢,MUA EARLY,PULL XẤU,RSI yếu | RSI chững | Giá dưới EMA9 | Pull xấu,🟡,,,,🟡 Ổn định,,True
2026-08-17,HAH,🟡 TRUNG TÍNH,1,45800.0,-1.29,-0.54,43.98,👀 THEO DÕI,OBV tốt + Vị trí giá tốt + Vol xác nhận,2026-08-17T20:12:26+07:00,-3.64,45916.01,45420.0,1.09,-0.11,-0.25,19611843.0,19541253.0,768457.0,560263.0,,1.32,1.13,4.33,4.33,-3.38,-0.22,0,0,0,1,1,0,-2,,,,,,🟢,THEO DÕI,PULL XẤU,RSI yếu | RSI chững | Giá dưới EMA9 | Pull xấu,🔴,,,,🟡 Ổn định,,True
2026-08-17,HDC,🟡 TRUNG TÍNH,1,11950.0,0.0,0.84,41.81,👀 THEO DÕI,OBV tốt + Vị trí giá tốt + Vol xác nhận,2026-08-17T20:12:26+07:00,2.82,11848.82,11727.5,1.03,1.47,0.85,159563300.0,158038895.0,956400.0,1331225.0,,0.8,0.78,9.63,9.63,-9.13,0.84,5,2,0,2,1,0,0,,,,,,🟢,MUA EARLY,PULL XẤU,RSI yếu | Pull xấu,🟡,,,,🟡 Ổn định,,True
2026-08-17,MCH,🟡 TRUNG TÍNH,1,136900.0,0.66,0.89,54.86,👀 THEO DÕI,OBV tốt + Vị trí giá tốt + RSI cải thiện,2026-08-17T20:12:26+07:00,1.77,136378.84,135995.5,0.28,0.17,0.38,11369374.0,11122627.0,245474.0,409909.0,,0.63,0.63,3.06,9.83,-3.25,0.07,5,2,0,2,1,0,0,,,,,,🟢,MUA EARLY,PULL XẤU,RSI yếu | Pull xấu,🟡,,,,🟡 Ổn định,,True
2026-08-17,MML,🟡 TRUNG TÍNH,1,28200.0,0.0,-1.74,49.02,👀 THEO DÕI,OBV tốt + Vị trí giá tốt + Vol xác nhận,2026-08-17T20:12:26+07:00,1.1,28179.27,27905.0,0.98,0.01,0.07,-1465400.0,-1500981.0,18700.0,24575.0,,0.8,0.91,6.42,6.42,-4.73,0.0,5,2,0,2,1,0,0,,,,,,🟢,MUA EARLY,PULL XẤU,RSI yếu | Pull xấu,🟡,,,,🟡 Ổn định,,False
2026-08-17,MSN,🟡 TRUNG TÍNH,1,66900.0,-1.18,-1.91,46.94,👀 THEO DÕI,OBV tốt + Vị trí giá tốt + Vol xác nhận,2026-08-17T20:12:26+07:00,-0.78,67007.74,66355.0,0.98,-0.17,-0.16,109526272.0,106570535.0,3448672.0,4258869.0,,0.91,0.84,4.69,4.69,-3.6,0.9,4,0,0,2,1,0,1,,,,,,🟢,MUA EARLY,PULL XẤU,RSI yếu | RSI chững | Giá dưới EMA9 | Pull xấu,🟡,,,,🟡 Ổn định,,True
2026-08-17,NT2,🟡 TRUNG TÍNH,1,21300.0,-1.16,-1.16,46.48,👀 THEO DÕI,OBV tốt + Vị trí giá tốt + Vol xác nhận,2026-08-17T20:12:26+07:00,-6.51,21386.26,21282.5,0.49,-0.33,-0.4,14795500.0,14544991.0,386500.0,563825.0,,0.8,0.85,3.9,3.9,-2.74,-0.7,4,0,0,2,1,0,1,,,,,,🟢,MUA EARLY,PULL XẤU,RSI yếu | RSI chững | Giá dưới EMA9 | Pull xấu,🟡,,,,🟡 Ổn định,,True
2026-08-17,OIL,🟡 TRUNG TÍNH,1,13200.0,-4.35,0.76,46.92,👀 THEO DÕI,OBV tốt + Vị trí giá tốt,2026-08-17T20:12:26+07:00,-2.59,13259.09,13200.0,0.45,0.44,-0.45,91217700.0,91097150.0,654800.0,1205830.0,,0.94,1.03,2.33,3.94,-8.97,1.54,3,0,0,2,1,0,0,,,,,,🟢,MUA EARLY,PULL XẤU,RSI yếu | RSI chững | Giá dưới EMA9 | Pull xấu,🟡,,,,🟡 Ổn định,,False
2026-08-17,ORS,🟡 TRUNG TÍNH,1,13850.0,-2.46,-1.77,49.66,👀 THEO DÕI,OBV tốt + Vị trí giá tốt,2026-08-17T20:12:26+07:00,-8.62,14025.86,13805.0,1.6,-1.0,-1.25,215171800.0,214850538.0,1666500.0,4362865.0,,1.11,0.88,8.2,9.49,-6.1,0.36,3,0,0,2,1,0,0,,,,,,🟢,MUA EARLY,PULL XẤU,RSI yếu | RSI chững | Giá dưới EMA9 | Pull xấu,🟡,,,,🟡 Ổn định,,True
2026-08-17,PLX,🟡 TRUNG TÍNH,1,35500.0,-5.33,5.97,54.11,👀 THEO DÕI,OBV tốt + Xu hướng lên + Vị trí giá tốt,2026-08-17T20:12:26+07:00,-6.74,35320.21,33782.0,4.55,-0.52,0.51,59996900.0,59213099.0,1853700.0,2505195.0,,1.36,1.27,12.63,12.63,-6.58,1.43,6,2,0,2,1,1,0,,,,,,🟢,MUA EARLY,PULL XẤU,RSI yếu | RSI chững | Pull xấu,🟡,,,,🟢 Tăng tốc,,True
2026-08-17,PVD,🟡 TRUNG TÍNH,1,18150.0,-0.55,0.28,46.59,👀 THEO DÕI,OBV tốt + Vị trí giá tốt,2026-08-17T20:12:26+07:00,-5.11,18207.82,18252.5,-0.24,0.74,-0.32,277490959.0,274251010.0,5397159.0,3419553.0,,0.92,0.94,3.71,3.71,-8.33,0.28,4,0,0,2,0,0,2,,,,,,🟢,MUA EARLY,PULL XẤU,RSI yếu | RSI chững | Giá dưới EMA9 | Slope âm | Pull xấu,🟡,,,,🔴 Yếu,,True
2026-08-17,SAB,🟡 TRUNG TÍNH,1,45750.0,-1.61,2.12,56.89,👀 THEO DÕI,OBV tốt + Vị trí giá tốt + Vol xác nhận,2026-08-17T20:12:26+07:00,-4.84,45374.66,44509.0,1.94,-0.07,0.83,-7401600.0,-8123013.0,644800.0,776005.0,,1.41,1.18,6.4,6.4,-1.72,0.99,8,2,1,2,1,1,1,,,,,,🟢,PULL VỪA,PULL VỪA,RSI chững,🟡,,,,🟡 Ổn định,,True
2026-08-17,SZC,🟡 TRUNG TÍNH,1,19650.0,-4.15,5.65,49.82,👀 THEO DÕI,OBV tốt + Xu hướng lên + Vị trí giá tốt,2026-08-17T20:12:26+07:00,-4.44,19511.8,18780.0,3.9,0.99,0.71,-21682400.0,-21722248.0,290800.0,484200.0,,1.57,1.21,14.58,14.58,-4.84,0.77,7,2,0,2,2,1,0,,,,,,🟢,MUA EARLY,PULL XẤU,RSI yếu | RSI chững | Pull xấu,🟡,,,,🟢 Tăng tốc,,True
2026-08-17,TPB,🟡 TRUNG TÍNH,1,14450.0,-2.03,0.35,42.5,👀 THEO DÕI,OBV tốt + Vị trí giá tốt,2026-08-17T20:12:26+07:00,-4.25,14518.27,14382.5,0.94,0.09,-0.47,446578888.0,443434357.0,4463800.0,8827045.0,,0.71,0.9,3.96,3.96,-4.93,0.35,3,0,0,2,1,0,0,,,,,,🟢,MUA EARLY,PULL XẤU,RSI yếu | RSI chững | Giá dưới EMA9 | Pull xấu,🟡,,,,🟡 Ổn định,,True
2026-08-17,VCG,🟡 TRUNG TÍNH,1,15800.0,-0.94,0.32,42.29,👀 THEO DÕI,OBV tốt + Vị trí giá tốt,2026-08-17T20:12:26+07:00,-5.2,15840.08,15674.95,1.05,0.53,-0.25,237144400.0,236244480.0,1630100.0,2576780.0,,0.75,0.82,4.64,4.64,-4.82,-0.32,3,0,0,1,1,0,1,,,,,,🟢,MUA EARLY,PULL XẤU,RSI yếu | RSI chững | Giá dưới EMA9 | Pull xấu,🟡,,,,🟡 Ổn định,,True
2026-08-17,VSC,🟡 TRUNG TÍNH,1,14500.0,-3.97,2.11,44.46,👀 THEO DÕI,OBV tốt + Vị trí giá tốt + Xu hướng lên,2026-08-17T20:12:26+07:00,-2.59,14559.24,14132.5,3.02,-0.39,-0.41,284460900.0,276749299.0,4004500.0,10478450.0,,1.09,1.06,14.17,14.17,-4.92,-2.03,4,0,0,1,1,1,1,,,,,,🟢,MUA EARLY,PULL XẤU,RSI yếu | RSI chững | Giá dưới EMA9 | Pull xấu,🟡,,,,🟢 Tăng tốc,,True
2026-08-17,VTO,🟡 TRUNG TÍNH,1,10400.0,-1.89,-0.95,46.64,👀 THEO DÕI,OBV tốt + Vị trí giá tốt,2026-08-17T20:12:26+07:00,-13.04,10525.6,10392.5,1.28,-0.61,-1.19,2041500.0,2034127.0,17000.0,66800.0,,0.89,0.76,3.48,3.48,-3.26,-1.42,3,0,0,1,1,0,1,,,,,,🟢,MUA EARLY,PULL XẤU,RSI yếu | RSI chững | Giá dưới EMA9 | Pull xấu,🟡,,,,🟡 Ổn định,,True
2026-08-17,HAG,🔴 YẾU,2,14100.0,0.0,0.71,42.65,⏳ CHỜ,OBV xấu + Thiếu mẫu xác nhận,2026-08-17T20:12:26+07:00,-0.94,14093.62,14055.0,0.27,0.41,0.05,386698900.0,387785347.0,1508700.0,2122575.0,,0.87,0.84,2.92,2.92,-2.76,0.71,3,2,0,0,1,0,0,,,,,,🔴,MUA EARLY,PULL XẤU,OBV gãy | RSI yếu | RSI chững | Pull xấu,🟡,,,,🟡 Ổn định,,True
2026-08-17,KDH,🔴 YẾU,2,18000.0,-0.83,0.0,42.64,⏳ CHỜ,OBV xấu + Thiếu mẫu xác nhận,2026-08-17T20:12:26+07:00,0.18,17919.48,17720.0,1.13,0.06,0.45,-18182800.0,-17238923.0,4434800.0,5326790.0,,0.97,0.95,9.76,9.76,-3.74,1.69,4,2,0,0,1,0,1,,,,,,🔴,MUA EARLY,PULL XẤU,OBV gãy | RSI yếu | Pull xấu,🟡,,,,🟡 Ổn định,,True
2026-08-17,MSB,🔴 YẾU,2,16100.0,-0.92,0.0,53.51,⏳ CHỜ,OBV xấu + Thiếu mẫu xác nhận,2026-08-17T20:12:26+07:00,1.08,16127.58,16049.8,0.48,0.15,-0.17,758537835.0,761674247.0,11562465.0,6812303.0,,0.98,0.94,2.22,13.38,-1.23,-0.3,-1,0,0,0,1,0,-2,,,,,,🔴,THEO DÕI,PULL XẤU,OBV gãy | RSI yếu | Giá dưới EMA9 | Pull xấu,🔴,,,,🟡 Ổn định,,True
2026-08-17,NHA,🔴 YẾU,2,8440.0,1.32,1.69,46.85,⏳ CHỜ,OBV xấu + Thiếu mẫu xác nhận + Vol chưa xác nhận,2026-08-17T20:12:26+07:00,2.27,8336.77,8209.9,1.55,1.22,1.24,6879900.0,6925523.0,35700.0,94950.0,,1.03,1.03,11.05,11.05,-6.12,1.69,4,2,0,0,1,1,0,,,,,,🔴,MUA EARLY,PULL XẤU,OBV gãy | RSI yếu | Pull xấu,🟡,,,,🟡 Ổn định,,True
2026-08-17,PNJ,🔴 YẾU,2,36200.0,0.7,9.2,40.63,⏳ CHỜ,OBV xấu + Vol chưa xác nhận + Thiếu mẫu xác nhận,2026-08-17T20:12:26+07:00,4.09,35694.89,34602.5,3.16,3.45,1.42,-69030100.0,-67757260.0,2983300.0,8999225.0,,0.34,0.6,17.72,17.72,-16.49,-1.09,6,2,0,0,2,1,1,,,,,,🔴,MUA EARLY,PULL XẤU,OBV gãy | RSI yếu | Pull xấu,🟡,,,,🟢 Tăng tốc,,True
2026-08-17,VGS,🔴 YẾU,2,18000.0,-0.55,-0.55,39.59,⏳ CHỜ,OBV xấu + RSI yếu + Thiếu mẫu xác nhận,2026-08-17T20:12:26+07:00,-5.23,18065.97,17865.0,1.12,0.88,-0.37,4725700.0,4767077.0,46400.0,110070.0,,0.94,0.93,5.88,5.88,-8.16,0.0,1,0,0,0,1,0,0,,,,,,🔴,THEO DÕI,PULL XẤU,OBV gãy | RSI yếu | RSI chững | Giá dưới EMA9 | Pull xấu,🔴,,,,🟡 Ổn định,,False
2026-08-17,ACB,⚠️ YẾU DẦN,3,21850.0,-3.53,-3.1,40.76,🟠 HẠN CHẾ / GIẢM,OBV xấu + RSI yếu + Thiếu mẫu xác nhận,2026-08-17T20:12:26+07:00,-13.68,22292.01,22392.5,-0.45,-0.19,-1.98,-26967900.0,-16974080.0,8429500.0,13527820.0,,0.73,0.71,0.0,2.87,-7.02,-1.35,1,0,0,0,0,0,1,,,,,,🔴,THEO DÕI,PULL XẤU,OBV gãy | RSI yếu | RSI chững | Giá dưới EMA9 | Slope âm | Pull xấu,🔴,,,,🔴 Yếu,,True
2026-08-17,ACV,⚠️ YẾU DẦN,3,40600.0,-4.02,1.5,48.26,🟠 HẠN CHẾ / GIẢM,OBV xấu + RS yếu + Thiếu mẫu xác nhận,2026-08-17T20:12:26+07:00,-5.88,40681.92,39850.0,2.09,0.1,-0.2,-61824900.0,-61804664.0,242100.0,542015.0,,1.05,1.18,5.73,5.73,-5.14,0.25,2,0,0,0,2,0,0,,,,,,🔴,TÍCH LŨY,PULL XẤU,OBV gãy | RSI yếu | RSI chững | Giá dưới EMA9 | Pull xấu,🔴,,,,🟢 Tăng tốc,,False
2026-08-17,AGR,⚠️ YẾU DẦN,3,12900.0,-3.73,-2.27,40.75,🟠 HẠN CHẾ / GIẢM,OBV xấu + Thiếu mẫu xác nhận + RSI yếu,2026-08-17T20:12:26+07:00,-3.98,13082.9,13130.0,-0.36,0.05,-1.4,22425800.0,22893783.0,187600.0,347135.0,,0.87,0.75,5.31,5.31,-9.79,0.0,0,0,0,0,0,0,0,,,,,,🔴,THEO DÕI,PULL XẤU,OBV gãy | RSI yếu | RSI chững | Giá dưới EMA9 | Slope âm | Pull xấu,🔴,,,,🔴 Yếu,,True
2026-08-17,ANV,⚠️ YẾU DẦN,3,17000.0,-3.13,-2.02,38.43,🟠 HẠN CHẾ / GIẢM,OBV xấu + RSI yếu + Thiếu mẫu xác nhận,2026-08-17T20:12:26+07:00,-10.75,17382.09,17257.45,0.72,-0.43,-2.2,43858400.0,44055283.0,288500.0,600450.0,,1.17,1.0,5.27,5.27,-7.61,-0.29,2,0,0,0,1,0,1,,,,,,🔴,TÍCH LŨY,PULL XẤU,OBV gãy | RSI yếu | RSI chững | Giá dưới EMA9 | Pull xấu,🔴,,,,🟡 Ổn định,,True
2026-08-17,BID,⚠️ YẾU DẦN,3,35900.0,-2.89,0.28,48.6,🟠 HẠN CHẾ / GIẢM,OBV xấu + Thiếu mẫu xác nhận,2026-08-17T20:12:26+07:00,-6.88,36023.89,35081.95,2.68,-0.21,-0.34,145565700.0,146823510.0,2586600.0,4482545.0,,0.91,0.95,10.53,10.53,-3.86,-0.28,2,0,0,0,1,0,1,,,,,,🔴,TÍCH LŨY,PULL XẤU,OBV gãy | RSI yếu | RSI chững | Giá dưới EMA9 | Pull xấu,🔴,,,,🟢 Tăng tốc,,True
2026-08-17,BMP,⚠️ YẾU DẦN,3,145600.0,-2.15,-3.96,41.23,🟠 HẠN CHẾ / GIẢM,OBV xấu + RSI yếu + Thiếu mẫu xác nhận,2026-08-17T20:12:26+07:00,-6.94,148135.04,149330.0,-0.8,-0.12,-1.71,1937800.0,2058305.0,62700.0,114325.0,,0.58,0.72,0.0,10.39,-6.67,-1.09,1,0,0,0,0,0,1,,,,,,🔴,THEO DÕI,PULL XẤU,OBV gãy | RSI yếu | RSI chững | Giá dưới EMA9 | Slope âm | Pull xấu,🔴,,,,🔴 Yếu,,True
2026-08-17,BSI,⚠️ YẾU DẦN,3,27750.0,-4.64,-1.6,38.43,🟠 HẠN CHẾ / GIẢM,OBV xấu + RSI yếu + RS yếu,2026-08-17T20:12:26+07:00,-6.53,28356.81,28185.0,0.61,0.64,-2.14,21936401.0,22293362.0,263599.0,428690.0,,0.96,0.84,5.71,5.71,-13.28,-1.25,2,0,0,0,1,0,1,,,,,,🔴,TÍCH LŨY,PULL XẤU,OBV gãy | RSI yếu | RSI chững | Giá dưới EMA9 | Pull xấu,🔴,,,,🟡 Ổn định,,True
2026-08-17,BVS,⚠️ YẾU DẦN,3,26400.0,-4.69,0.0,43.77,🟠 HẠN CHẾ / GIẢM,OBV xấu + Vol chưa xác nhận + RS yếu,2026-08-17T20:12:26+07:00,-2.61,26818.39,26690.0,0.48,1.74,-1.56,3146300.0,3950817.0,203300.0,934320.0,,0.78,0.75,8.64,8.64,-15.11,-0.75,2,0,0,0,1,0,1,,,,,,🔴,TÍCH LŨY,PULL XẤU,OBV gãy | RSI yếu | RSI chững | Giá dưới EMA9 | Pull xấu,🔴,,,,🟡 Ổn định,,False
2026-08-17,C4G,⚠️ YẾU DẦN,3,5500.0,-1.79,-3.51,34.03,🟠 HẠN CHẾ / GIẢM,OBV xấu + RSI yếu + Thiếu mẫu xác nhận,2026-08-17T20:12:26+07:00,-10.47,5646.93,5680.0,-0.58,1.16,-2.6,15031300.0,15212950.0,194900.0,272580.0,,1.48,1.23,0.0,0.0,-12.7,-1.79,1,0,0,0,0,0,1,,,,,,🔴,THEO DÕI,PULL XẤU,OBV gãy | RSI yếu | RSI chững | Giá dưới EMA9 | Slope âm | Pull xấu,🔴,,,,🔴 Yếu,,False
2026-08-17,CMG,⚠️ YẾU DẦN,3,24050.0,-3.02,-6.05,37.48,🟠 HẠN CHẾ / GIẢM,OBV xấu + RSI yếu + Thiếu mẫu xác nhận,2026-08-17T20:12:26+07:00,-5.58,24467.58,24505.0,-0.15,-0.47,-1.71,-7801181.0,-7695926.0,77719.0,188361.0,,0.82,0.78,1.91,1.91,-6.78,-1.64,1,0,0,0,0,0,1,,,,,,🔴,THEO DÕI,PULL XẤU,OBV gãy | RSI yếu | RSI chững | Giá dưới EMA9 | Slope âm | Pull xấu,🔴,,,,🔴 Yếu,,True
2026-08-17,CSV,⚠️ YẾU DẦN,3,21150.0,-5.37,-2.53,40.38,🟠 HẠN CHẾ / GIẢM,OBV xấu + RSI yếu + RS yếu,2026-08-17T20:12:26+07:00,-8.67,21731.29,21585.0,0.68,0.27,-2.67,-3959200.0,-3567423.0,137100.0,361575.0,,0.71,0.9,5.75,5.75,-13.85,-1.4,2,0,0,0,1,0,1,,,,,,🔴,TÍCH LŨY,PULL XẤU,OBV gãy | RSI yếu | RSI chững | Giá dưới EMA9 | Pull xấu,🔴,,,,🟡 Ổn định,,True
2026-08-17,CTD,⚠️ YẾU DẦN,3,61500.0,-1.44,-1.76,43.82,🟠 HẠN CHẾ / GIẢM,OBV xấu + Thiếu mẫu xác nhận,2026-08-17T20:12:26+07:00,-7.14,62040.68,60250.0,2.97,-0.01,-0.87,10171982.0,10458402.0,286118.0,387311.0,,0.61,0.79,11.62,11.62,-5.38,-0.81,2,0,0,0,1,0,1,,,,,,🔴,TÍCH LŨY,PULL XẤU,OBV gãy | RSI yếu | RSI chững | Giá dưới EMA9 | Pull xấu,🔴,,,,🟢 Tăng tốc,,True
2026-08-17,CTG,⚠️ YẾU DẦN,3,31500.0,-3.96,-0.94,48.37,🟠 HẠN CHẾ / GIẢM,OBV xấu + Thiếu mẫu xác nhận + RS yếu,2026-08-17T20:12:26+07:00,-6.72,31748.71,30891.45,2.78,-0.53,-0.78,369997100.0,373581540.0,4270400.0,8861600.0,,0.79,0.93,9.57,9.57,-4.55,0.16,1,0,0,0,1,0,0,,,,,,🔴,THEO DÕI,PULL XẤU,OBV gãy | RSI yếu | RSI chững | Giá dưới EMA9 | Pull xấu,🔴,,,,🟢 Tăng tốc,,True
2026-08-17,DBC,⚠️ YẾU DẦN,3,16100.0,-4.17,-2.72,35.59,🟠 HẠN CHẾ / GIẢM,OBV xấu + RSI yếu + Thiếu mẫu xác nhận,2026-08-17T20:12:26+07:00,-9.76,16452.22,16367.45,0.52,-0.29,-2.14,6103000.0,7119189.0,645000.0,1574200.0,,0.59,0.78,2.55,2.55,-6.4,-0.92,2,0,0,0,1,0,1,,,,,,🔴,TÍCH LŨY,PULL XẤU,OBV gãy | RSI yếu | RSI chững | Giá dưới EMA9 | Pull xấu,🔴,,,,🟡 Ổn định,,True
2026-08-17,DCM,⚠️ YẾU DẦN,3,30550.0,-4.08,-1.61,42.3,🟠 HẠN CHẾ / GIẢM,OBV xấu + Thiếu mẫu xác nhận + RSI yếu,2026-08-17T20:12:26+07:00,-5.18,30933.62,30610.0,1.06,-0.63,-1.24,60938100.0,63228997.0,819900.0,2068660.0,,1.0,1.03,5.71,5.71,-5.71,0.16,1,0,0,0,1,0,0,,,,,,🔴,THEO DÕI,PULL XẤU,OBV gãy | RSI yếu | RSI chững | Giá dưới EMA9 | Pull xấu,🔴,,,,🟡 Ổn định,,True
2026-08-17,DDV,⚠️ YẾU DẦN,3,18200.0,-4.21,-1.62,33.23,🟠 HẠN CHẾ / GIẢM,OBV xấu + RSI yếu + Thiếu mẫu xác nhận,2026-08-17T20:12:26+07:00,-4.19,18528.51,18620.0,-0.49,0.75,-1.77,56704300.0,56771717.0,208100.0,302260.0,,0.87,0.92,1.68,1.68,-14.15,0.0,0,0,0,0,0,0,0,,,,,,🔴,THEO DÕI,PULL XẤU,OBV gãy | RSI yếu | RSI chững | Giá dưới EMA9 | Slope âm | Pull xấu,🔴,,,,🔴 Yếu,,False
2026-08-17,DGC,⚠️ YẾU DẦN,3,41200.0,-5.5,4.57,43.65,🟠 HẠN CHẾ / GIẢM,OBV xấu + RS yếu + Thiếu mẫu xác nhận,2026-08-17T20:12:26+07:00,-11.77,42500.98,40697.5,4.43,0.7,-3.06,-122555700.0,-122316635.0,658900.0,837715.0,,0.46,0.59,14.44,14.44,-10.04,-4.19,4,0,0,0,2,1,1,,,,,,🔴,MUA EARLY,PULL XẤU,OBV gãy | RSI yếu | RSI chững | Giá dưới EMA9 | Pull xấu,🟡,,,,🟢 Tăng tốc,,True
2026-08-17,DPG,⚠️ YẾU DẦN,3,30150.0,-0.33,3.97,45.88,🟠 HẠN CHẾ / GIẢM,OBV xấu + Thiếu mẫu xác nhận,2026-08-17T20:12:26+07:00,-3.0,30160.05,28912.5,4.31,0.51,-0.03,21927800.0,22216882.0,202100.0,397135.0,,0.8,1.11,15.74,15.74,-6.22,0.5,3,0,0,0,2,1,0,,,,,,🔴,MUA EARLY,PULL XẤU,OBV gãy | RSI yếu | RSI chững | Giá dưới EMA9 | Pull xấu,🟡,,,,🟢 Tăng tốc,,True
2026-08-17,DPM,⚠️ YẾU DẦN,3,21500.0,-4.02,-3.15,45.05,🟠 HẠN CHẾ / GIẢM,OBV xấu + Thiếu mẫu xác nhận + RS yếu,2026-08-17T20:12:26+07:00,-9.63,21847.24,21673.0,0.8,-0.81,-1.59,75837300.0,77650371.0,1246800.0,2678380.0,,0.91,1.01,4.12,4.12,-6.11,-0.23,2,0,0,0,1,0,1,,,,,,🔴,TÍCH LŨY,PULL XẤU,OBV gãy | RSI yếu | RSI chững | Giá dưới EMA9 | Pull xấu,🔴,,,,🟡 Ổn định,,True
2026-08-17,EIB,⚠️ YẾU DẦN,3,17100.0,-5.79,-6.3,32.5,🟠 HẠN CHẾ / GIẢM,OBV xấu + RSI yếu + RS yếu,2026-08-17T20:12:26+07:00,-12.2,17662.63,17695.0,-0.18,-1.19,-3.19,154629800.0,165604111.0,2951400.0,6354655.0,,0.83,0.8,3.64,3.64,-9.76,-0.29,1,0,0,0,0,0,1,,,,,,🔴,THEO DÕI,PULL XẤU,OBV gãy | RSI yếu | RSI chững | Giá dưới EMA9 | Slope âm | Pull xấu,🔴,,,,🔴 Yếu,,True
2026-08-17,FOX,⚠️ YẾU DẦN,3,63200.0,-3.95,-4.96,36.56,🟠 HẠN CHẾ / GIẢM,OBV xấu + RSI yếu + Thiếu mẫu xác nhận,2026-08-17T20:12:26+07:00,-9.58,64649.36,64150.0,0.78,-0.62,-2.24,5328900.0,5423821.0,46000.0,68435.0,,0.88,0.96,3.61,3.61,-6.78,-1.25,2,0,0,0,1,0,1,,,,,,🔴,TÍCH LŨY,PULL XẤU,OBV gãy | RSI yếu | RSI chững | Giá dưới EMA9 | Pull xấu,🔴,,,,🟡 Ổn định,,False
2026-08-17,FPT,⚠️ YẾU DẦN,3,68800.0,-4.18,-4.04,48.45,🟠 HẠN CHẾ / GIẢM,OBV xấu + Thiếu mẫu xác nhận + RS yếu,2026-08-17T20:12:26+07:00,-7.62,69469.62,67824.9,2.42,-1.35,-0.96,-423021542.0,-421557546.0,8748558.0,6867928.0,,0.9,1.02,10.61,10.61,-6.14,0.58,3,0,0,0,1,0,2,,,,,,🔴,MUA EARLY,PULL XẤU,OBV gãy | RSI yếu | RSI chững | Giá dưới EMA9 | Pull xấu,🟡,,,,🟢 Tăng tốc,,True
2026-08-17,GEE,⚠️ YẾU DẦN,3,67800.0,-2.45,0.0,40.61,🟠 HẠN CHẾ / GIẢM,OBV xấu + RSI yếu + Thiếu mẫu xác nhận,2026-08-17T20:12:26+07:00,-11.19,69766.29,68480.0,1.88,0.88,-2.82,90682300.0,90974037.0,617800.0,1410770.0,,1.58,1.16,6.77,6.77,-16.19,0.0,1,0,0,0,1,0,0,,,,,,🔴,THEO DÕI,PULL XẤU,OBV gãy | RSI yếu | RSI chững | Giá dưới EMA9 | Pull xấu,🔴,,,,🟡 Ổn định,,True
2026-08-17,GEX,⚠️ YẾU DẦN,3,24550.0,-5.94,5.14,47.11,🟠 HẠN CHẾ / GIẢM,OBV xấu + RS yếu + Thiếu mẫu xác nhận,2026-08-17T20:12:26+07:00,-8.7,24878.99,23432.5,6.17,-0.53,-1.32,512342447.0,535884636.0,11987453.0,14259023.0,,0.98,0.95,20.94,20.94,-8.57,-0.41,2,0,0,0,1,1,0,,,,,,🔴,TÍCH LŨY,PULL XẤU,OBV gãy | RSI yếu | RSI chững | Giá dưới EMA9 | Pull xấu,🔴,,,,🟢 Tăng tốc,,True
2026-08-17,HCM,⚠️ YẾU DẦN,3,25300.0,-2.5,0.6,50.72,🟠 HẠN CHẾ / GIẢM,Vol chưa xác nhận + Thiếu mẫu xác nhận,2026-08-17T20:12:26+07:00,-9.19,25567.29,25512.5,0.21,-0.76,-1.05,577914066.0,566987480.0,17023566.0,5613863.0,,1.15,0.99,1.2,10.1,-7.5,0.4,5,0,0,2,1,0,2,,,,,,🟢,MUA EARLY,PULL XẤU,RSI yếu | RSI chững | Giá dưới EMA9 | Pull xấu,🟡,,,,🟡 Ổn định,,True
2026-08-17,HDG,⚠️ YẾU DẦN,3,16250.0,-4.69,-0.91,36.71,🟠 HẠN CHẾ / GIẢM,OBV xấu + Vol chưa xác nhận + RS yếu,2026-08-17T20:12:26+07:00,-2.44,16456.84,16399.95,0.35,0.05,-1.26,16101500.0,17766045.0,300700.0,1321910.0,,0.89,0.83,4.84,4.84,-8.71,0.63,1,0,0,0,1,0,0,,,,,,🔴,THEO DÕI,PULL XẤU,OBV gãy | RSI yếu | RSI chững | Giá dưới EMA9 | Pull xấu,🔴,,,,🟡 Ổn định,,True
2026-08-17,HHS,⚠️ YẾU DẦN,3,9900.0,-2.94,-2.46,45.04,🟠 HẠN CHẾ / GIẢM,OBV xấu + Thiếu mẫu xác nhận,2026-08-17T20:12:26+07:00,-1.11,9940.23,9864.5,0.77,0.47,-0.4,156294900.0,157239719.0,894400.0,973680.0,,0.85,1.01,5.32,5.32,-6.6,-0.5,1,0,0,0,1,0,0,,,,,,🔴,THEO DÕI,PULL XẤU,OBV gãy | RSI yếu | RSI chững | Giá dưới EMA9 | Pull xấu,🔴,,,,🟡 Ổn định,,True
2026-08-17,HHV,⚠️ YẾU DẦN,3,10050.0,-1.95,-0.99,43.88,🟠 HẠN CHẾ / GIẢM,OBV xấu + Vol chưa xác nhận + Thiếu mẫu xác nhận,2026-08-17T20:12:26+07:00,-7.88,10112.89,10041.5,0.71,-0.12,-0.62,169258700.0,169867310.0,5015702.0,2722830.0,,1.24,1.07,2.55,2.55,-4.29,0.0,1,0,0,0,1,0,0,,,,,,🔴,THEO DÕI,PULL XẤU,OBV gãy | RSI yếu | RSI chững | Giá dưới EMA9 | Pull xấu,🔴,,,,🟡 Ổn định,,True
2026-08-17,HPG,⚠️ YẾU DẦN,3,21200.0,-4.07,-5.99,38.87,🟠 HẠN CHẾ / GIẢM,OBV xấu + RSI yếu + Thiếu mẫu xác nhận,2026-08-17T20:12:26+07:00,-11.58,21661.27,21527.5,0.62,-1.27,-2.13,299749924.0,339337749.0,18455500.0,25168280.0,,0.74,0.83,4.18,4.18,-6.4,-0.24,2,0,0,0,1,0,1,,,,,,🔴,TÍCH LŨY,PULL XẤU,OBV gãy | RSI yếu | RSI chững | Giá dưới EMA9 | Pull xấu,🔴,,,,🟡 Ổn định,,True
2026-08-17,HSG,⚠️ YẾU DẦN,3,10650.0,-2.29,-2.74,42.62,🟠 HẠN CHẾ / GIẢM,OBV xấu + Thiếu mẫu xác nhận + RSI yếu,2026-08-17T20:12:26+07:00,-5.01,10734.57,10672.5,0.58,-0.15,-0.79,47677600.0,49249505.0,1011400.0,2011440.0,,0.85,0.8,5.97,5.97,-5.33,0.0,1,0,0,0,1,0,0,,,,,,🔴,THEO DÕI,PULL XẤU,OBV gãy | RSI yếu | RSI chững | Giá dưới EMA9 | Pull xấu,🔴,,,,🟡 Ổn định,,True
2026-08-17,HVN,⚠️ YẾU DẦN,3,22950.0,-3.57,-0.22,47.1,🟠 HẠN CHẾ / GIẢM,OBV xấu + Thiếu mẫu xác nhận + RS yếu,2026-08-17T20:12:26+07:00,-6.86,23406.33,22787.5,2.72,-0.36,-1.95,4221500.0,4558054.0,442400.0,992970.0,,0.67,1.08,8.25,9.29,-8.57,-1.5,2,0,0,0,1,0,1,,,,,,🔴,TÍCH LŨY,PULL XẤU,OBV gãy | RSI yếu | RSI chững | Giá dưới EMA9 | Pull xấu,🔴,,,,🟢 Tăng tốc,,True
2026-08-17,IDC,⚠️ YẾU DẦN,3,33300.0,-2.92,0.0,46.43,🟠 HẠN CHẾ / GIẢM,OBV xấu + Thiếu mẫu xác nhận + Vol chưa xác nhận,2026-08-17T20:12:26+07:00,-8.26,33612.89,33101.5,1.54,-0.39,-0.93,65907100.0,67110305.0,438500.0,1099000.0,,0.9,1.01,5.71,5.71,-5.4,0.91,1,0,0,0,1,0,0,,,,,,🔴,THEO DÕI,PULL XẤU,OBV gãy | RSI yếu | RSI chững | Giá dưới EMA9 | Pull xấu,🔴,,,,🟡 Ổn định,,False
2026-08-17,IJC,⚠️ YẾU DẦN,3,7400.0,-6.68,-0.13,42.52,🟠 HẠN CHẾ / GIẢM,OBV xấu + RS yếu + Thiếu mẫu xác nhận,2026-08-17T20:12:26+07:00,-12.99,7548.35,7346.5,2.75,-0.33,-1.97,-39501100.0,-36045742.0,1160200.0,2461725.0,,1.46,1.06,10.61,10.61,-9.63,-0.4,2,0,0,0,1,0,1,,,,,,🔴,TÍCH LŨY,PULL XẤU,OBV gãy | RSI yếu | RSI chững | Giá dưới EMA9 | Pull xấu,🔴,,,,🟢 Tăng tốc,,True
2026-08-17,KBC,⚠️ YẾU DẦN,3,27050.0,-4.08,-4.25,35.89,🟠 HẠN CHẾ / GIẢM,OBV xấu + RSI yếu + Thiếu mẫu xác nhận,2026-08-17T20:12:26+07:00,-9.66,27615.63,27760.0,-0.52,-1.26,-2.05,229705000.0,230839016.0,1061400.0,1358545.0,,0.98,0.96,0.93,0.93,-6.56,1.12,0,0,0,0,0,0,0,,,,,,🔴,THEO DÕI,PULL XẤU,OBV gãy | RSI yếu | RSI chững | Giá dưới EMA9 | Slope âm | Pull xấu,🔴,,,,🔴 Yếu,,True
2026-08-17,LAS,⚠️ YẾU DẦN,3,11800.0,-4.84,0.85,36.38,🟠 HẠN CHẾ / GIẢM,OBV xấu + RSI yếu + RS yếu,2026-08-17T20:12:26+07:00,-8.04,12046.85,11915.0,1.11,0.18,-2.05,-19349800.0,-19273346.0,70700.0,192690.0,,0.98,1.02,2.61,2.61,-11.94,0.0,1,0,0,0,1,0,0,,,,,,🔴,THEO DÕI,PULL XẤU,OBV gãy | RSI yếu | RSI chững | Giá dưới EMA9 | Pull xấu,🔴,,,,🟡 Ổn định,,False
2026-08-17,LPB,⚠️ YẾU DẦN,3,50900.0,-2.68,-3.96,42.47,🟠 HẠN CHẾ / GIẢM,OBV xấu + Thiếu mẫu xác nhận + RSI yếu,2026-08-17T20:12:26+07:00,-12.67,52636.88,53040.0,-0.76,-0.75,-3.3,162294600.0,167644432.0,4559600.0,3392580.0,,0.95,0.88,0.0,11.87,-9.11,-3.78,-2,0,0,0,0,0,-2,,,,,,🔴,THEO DÕI,PULL XẤU,OBV gãy | RSI yếu | RSI chững | Giá dưới EMA9 | Slope âm | Pull xấu,🔴,,,,🔴 Yếu,,True
2026-08-17,MBB,⚠️ YẾU DẦN,3,19900.0,-1.49,-0.45,51.86,🟠 HẠN CHẾ / GIẢM,OBV xấu + Thiếu mẫu xác nhận,2026-08-17T20:12:26+07:00,-9.52,19996.18,19407.0,3.04,-0.3,-0.48,906153916.0,907133646.0,7655700.0,14352725.0,,1.06,1.02,10.37,10.37,-3.16,-0.5,2,0,0,0,1,0,1,,,,,,🔴,TÍCH LŨY,PULL XẤU,OBV gãy | RSI yếu | RSI chững | Giá dưới EMA9 | Pull xấu,🔴,,,,🟢 Tăng tốc,,True
2026-08-17,MBS,⚠️ YẾU DẦN,3,17400.0,-3.17,-0.51,43.95,🟠 HẠN CHẾ / GIẢM,OBV xấu + Thiếu mẫu xác nhận,2026-08-17T20:12:26+07:00,-3.63,17514.12,17423.5,0.52,0.33,-0.65,-44852300.0,-41601703.0,2336200.0,5808465.0,,0.84,0.81,5.78,5.78,-7.55,-4.92,2,0,0,0,1,0,1,,,,,,🔴,TÍCH LŨY,PULL XẤU,OBV gãy | RSI yếu | RSI chững | Giá dưới EMA9 | Pull xấu,🔴,,,,🟡 Ổn định,,False
2026-08-17,MSH,⚠️ YẾU DẦN,3,30000.0,-4.91,-3.85,33.96,🟠 HẠN CHẾ / GIẢM,OBV xấu + Vol chưa xác nhận + RSI yếu,2026-08-17T20:12:26+07:00,-13.98,30833.77,30840.0,-0.02,-0.75,-2.7,11751000.0,12163265.0,323200.0,113250.0,,0.75,0.67,0.0,0.0,-6.25,5.63,2,0,0,0,0,0,2,,,,,,🔴,TÍCH LŨY,PULL XẤU,OBV gãy | RSI yếu | RSI chững | Giá dưới EMA9 | Slope âm | Pull xấu,🔴,,,,🔴 Yếu,,True
2026-08-17,NAB,⚠️ YẾU DẦN,3,11650.0,-3.32,-4.51,34.11,🟠 HẠN CHẾ / GIẢM,OBV xấu + RSI yếu + Xu hướng giảm,2026-08-17T20:12:26+07:00,-4.93,11857.07,12072.5,-1.78,0.12,-1.75,51510900.0,55460840.0,1328600.0,1718190.0,,0.75,0.83,0.0,0.0,-9.69,0.0,0,0,0,0,0,0,0,,,,,,🔴,THEO DÕI,PULL XẤU,OBV gãy | RSI yếu | RSI chững | Giá dưới EMA9 | Slope âm | Pull xấu,🔴,,,,🔴 Yếu,,True
2026-08-17,NKG,⚠️ YẾU DẦN,3,10800.0,-3.57,-4.0,39.6,🟠 HẠN CHẾ / GIẢM,OBV xấu + RSI yếu + Thiếu mẫu xác nhận,2026-08-17T20:12:26+07:00,-9.69,10986.28,10890.0,0.88,-0.85,-1.7,275757500.0,276907954.0,755700.0,1892490.0,,1.11,0.96,3.85,3.85,-5.26,0.47,1,0,0,0,1,0,0,,,,,,🔴,THEO DÕI,PULL XẤU,OBV gãy | RSI yếu | RSI chững | Giá dưới EMA9 | Pull xấu,🔴,,,,🟡 Ổn định,,True
2026-08-17,NTL,⚠️ YẾU DẦN,3,13450.0,-1.82,-3.93,25.58,🟠 HẠN CHẾ / GIẢM,OBV xấu + RSI yếu + Xu hướng giảm,2026-08-17T20:12:26+07:00,-0.68,13592.98,13862.5,-1.94,0.38,-1.05,70089800.0,70443305.0,175400.0,283565.0,,0.84,0.95,0.37,0.37,-9.12,0.37,0,0,0,0,0,0,0,,,,,,🔴,THEO DÕI,PULL XẤU,OBV gãy | RSI yếu | RSI chững | Giá dưới EMA9 | Slope âm | Pull xấu,🔴,,,,🔴 Yếu,,True
2026-08-17,NVL,⚠️ YẾU DẦN,3,13200.0,-5.04,0.38,50.28,🟠 HẠN CHẾ / GIẢM,OBV xấu + RS yếu + Thiếu mẫu xác nhận,2026-08-17T20:12:26+07:00,-7.43,13397.12,13212.5,1.4,-1.74,-1.47,602464815.0,628963707.0,15043289.0,18223249.0,,0.89,1.04,4.76,11.39,-7.37,0.0,1,0,0,0,1,0,0,,,,,,🔴,THEO DÕI,PULL XẤU,OBV gãy | RSI yếu | RSI chững | Giá dưới EMA9 | Pull xấu,🔴,,,,🟡 Ổn định,,True
2026-08-17,PC1,⚠️ YẾU DẦN,3,20400.0,-1.21,-5.12,41.34,🟠 HẠN CHẾ / GIẢM,OBV xấu + Thiếu mẫu xác nhận + RSI yếu,2026-08-17T20:12:26+07:00,-4.12,20693.71,20975.0,-1.34,-0.12,-1.42,119407103.0,123441250.0,3182197.0,1984700.0,,0.75,0.84,0.0,9.68,-8.52,0.0,0,0,0,0,0,0,0,,,,,,🔴,THEO DÕI,PULL XẤU,OBV gãy | RSI yếu | RSI chững | Giá dưới EMA9 | Slope âm | Pull xấu,🔴,,,,🔴 Yếu,,True
2026-08-17,PET,⚠️ YẾU DẦN,3,39000.0,-0.64,2.63,56.0,🟠 HẠN CHẾ / GIẢM,OBV xấu + Vol chưa xác nhận + Thiếu mẫu xác nhận,2026-08-17T20:12:26+07:00,-10.24,39194.91,37947.5,3.29,-0.86,-0.5,67166113.0,69394238.0,2690687.0,549179.0,,1.18,1.21,12.07,16.35,-6.92,0.78,5,0,1,0,1,1,2,,,,,,🔴,MUA EARLY,PULL XẤU,OBV gãy | RSI chững | Giá dưới EMA9 | Pull xấu,🟡,,,,🟢 Tăng tốc,,True
2026-08-17,POW,⚠️ YẾU DẦN,3,13350.0,-3.61,-4.3,42.9,🟠 HẠN CHẾ / GIẢM,Vol chưa xác nhận + Thiếu mẫu xác nhận + RSI yếu,2026-08-17T20:12:26+07:00,-6.56,13533.91,13545.0,-0.08,-0.71,-1.36,326103824.0,319556824.0,21487220.0,7922931.0,,0.92,0.94,1.14,1.14,-5.32,0.38,4,0,0,2,0,0,2,,,,,,🟢,MUA EARLY,PULL XẤU,RSI yếu | RSI chững | Giá dưới EMA9 | Slope âm | Pull xấu,🟡,,,,🔴 Yếu,,True
2026-08-17,PTB,⚠️ YẾU DẦN,3,32500.0,-4.13,-4.97,37.9,🟠 HẠN CHẾ / GIẢM,OBV xấu + RSI yếu + Thiếu mẫu xác nhận,2026-08-17T20:12:26+07:00,-6.74,33355.93,33309.95,0.14,-0.16,-2.57,-730409.0,-631651.0,85409.0,58270.0,,0.65,0.66,2.04,2.04,-7.14,-2.11,-1,0,0,0,1,0,-2,,,,,,🔴,THEO DÕI,PULL XẤU,OBV gãy | RSI yếu | RSI chững | Giá dưới EMA9 | Pull xấu,🔴,,,,🟡 Ổn định,,True
2026-08-17,PVC,⚠️ YẾU DẦN,3,11900.0,-3.25,0.0,43.81,🟠 HẠN CHẾ / GIẢM,OBV xấu + Thiếu mẫu xác nhận,2026-08-17T20:12:26+07:00,-9.82,12086.27,11950.0,1.14,0.71,-1.54,59952600.0,60364104.0,343700.0,467460.0,,1.12,1.05,3.48,3.48,-9.85,-0.83,2,0,0,0,1,0,1,,,,,,🔴,TÍCH LŨY,PULL XẤU,OBV gãy | RSI yếu | RSI chững | Giá dưới EMA9 | Pull xấu,🔴,,,,🟡 Ổn định,,False
2026-08-17,PVS,⚠️ YẾU DẦN,3,34500.0,-1.43,0.0,44.81,🟠 HẠN CHẾ / GIẢM,OBV xấu + Thiếu mẫu xác nhận,2026-08-17T20:12:26+07:00,-6.42,34707.64,34295.0,1.2,1.22,-0.6,123764500.0,125009043.0,2321500.0,2746435.0,,0.73,0.74,4.23,4.23,-11.08,1.47,2,0,0,0,1,0,1,,,,,,🔴,TÍCH LŨY,PULL XẤU,OBV gãy | RSI yếu | RSI chững | Giá dưới EMA9 | Pull xấu,🔴,,,,🟡 Ổn định,,False
2026-08-17,REE,⚠️ YẾU DẦN,3,45550.0,-4.31,-5.89,39.81,🟠 HẠN CHẾ / GIẢM,OBV xấu + RSI yếu + Thiếu mẫu xác nhận,2026-08-17T20:12:26+07:00,-11.01,46518.59,46120.0,0.86,-1.25,-2.08,-11731122.0,-11108399.0,241922.0,499761.0,,0.58,0.75,3.88,3.88,-6.47,-0.87,2,0,0,0,1,0,1,,,,,,🔴,TÍCH LŨY,PULL XẤU,OBV gãy | RSI yếu | RSI chững | Giá dưới EMA9 | Pull xấu,🔴,,,,🟡 Ổn định,,True
2026-08-17,SHB,⚠️ YẾU DẦN,3,11650.0,-2.92,-2.1,38.88,🟠 HẠN CHẾ / GIẢM,OBV xấu + RSI yếu + Thiếu mẫu xác nhận,2026-08-17T20:12:26+07:00,-3.86,11777.75,11727.5,0.43,0.38,-1.08,1527386975.0,1651890157.0,48136585.0,55220224.0,,0.93,0.91,4.02,4.02,-7.54,0.0,1,0,0,0,1,0,0,,,,,,🔴,THEO DÕI,PULL XẤU,OBV gãy | RSI yếu | RSI chững | Giá dưới EMA9 | Pull xấu,🔴,,,,🟡 Ổn định,,True
2026-08-17,SHS,⚠️ YẾU DẦN,3,15200.0,-5.0,-2.56,39.65,🟠 HẠN CHẾ / GIẢM,OBV xấu + RSI yếu + RS yếu,2026-08-17T20:12:26+07:00,-6.58,15588.43,15480.0,0.7,-0.57,-2.49,666676596.0,694769832.0,8009000.0,11257955.0,,1.06,0.88,6.29,6.29,-7.88,-0.65,2,0,0,0,1,0,1,,,,,,🔴,TÍCH LŨY,PULL XẤU,OBV gãy | RSI yếu | RSI chững | Giá dưới EMA9 | Pull xấu,🔴,,,,🟡 Ổn định,,False
2026-08-17,SIP,⚠️ YẾU DẦN,3,49900.0,-2.35,0.5,51.86,🟠 HẠN CHẾ / GIẢM,OBV xấu + Thiếu mẫu xác nhận,2026-08-17T20:12:26+07:00,-11.39,50250.68,49045.0,2.46,-0.88,-0.7,298500.0,435584.0,120900.0,92545.0,,0.71,1.07,7.08,7.08,-3.48,0.4,3,0,0,0,1,0,2,,,,,,🔴,MUA EARLY,PULL XẤU,OBV gãy | RSI yếu | RSI chững | Giá dưới EMA9 | Pull xấu,🟡,,,,🟢 Tăng tốc,,True
2026-08-17,SSB,⚠️ YẾU DẦN,3,15200.0,-0.33,-2.25,43.93,🟠 HẠN CHẾ / GIẢM,OBV xấu + Thiếu mẫu xác nhận,2026-08-17T20:12:26+07:00,-5.13,15265.77,15405.0,-0.9,0.01,-0.43,30458400.0,30633193.0,2066300.0,2137075.0,,0.97,0.98,1.0,8.57,-4.4,1.0,1,0,0,0,0,0,1,,,,,,🔴,THEO DÕI,PULL XẤU,OBV gãy | RSI yếu | RSI chững | Giá dưới EMA9 | Slope âm | Pull xấu,🔴,,,,🔴 Yếu,,True
2026-08-17,TCM,⚠️ YẾU DẦN,3,16500.0,-0.9,-0.6,28.84,🟠 HẠN CHẾ / GIẢM,OBV xấu + RSI yếu + Thiếu mẫu xác nhận,2026-08-17T20:12:26+07:00,-1.78,16632.52,16760.0,-0.76,1.24,-0.8,-11278400.0,-10156160.0,610000.0,1151855.0,,0.59,0.6,1.23,1.23,-12.7,0.0,0,0,0,0,0,0,0,,,,,,🔴,THEO DÕI,PULL XẤU,OBV gãy | RSI yếu | RSI chững | Giá dưới EMA9 | Slope âm | Pull xấu,🔴,,,,🔴 Yếu,,True
2026-08-17,TCX,⚠️ YẾU DẦN,3,39200.0,-2.0,-4.16,41.64,🟠 HẠN CHẾ / GIẢM,OBV xấu + RSI yếu + Thiếu mẫu xác nhận,2026-08-17T20:12:26+07:00,-6.43,39797.88,39880.0,-0.21,0.29,-1.5,17247400.0,18536336.0,950100.0,1599285.0,,1.13,1.07,4.53,4.53,-9.05,0.13,0,0,0,0,0,0,0,,,,,,🔴,THEO DÕI,PULL XẤU,OBV gãy | RSI yếu | RSI chững | Giá dưới EMA9 | Slope âm | Pull xấu,🔴,,,,🔴 Yếu,,True
2026-08-17,TNG,⚠️ YẾU DẦN,3,17100.0,-0.58,-1.04,50.09,🟠 HẠN CHẾ / GIẢM,OBV xấu + Vol chưa xác nhận + Thiếu mẫu xác nhận,2026-08-17T20:12:26+07:00,-0.32,17098.03,16762.45,2.0,-0.42,0.01,34206200.0,34483559.0,131900.0,429560.0,,0.68,0.71,9.06,9.06,-4.68,0.0,3,2,0,0,1,0,0,,,,,,🔴,MUA EARLY,PULL XẤU,OBV gãy | RSI yếu | RSI chững | Pull xấu,🟡,,,,🟢 Tăng tốc,,False
2026-08-17,VCB,⚠️ YẾU DẦN,3,58200.0,-3.48,-4.28,47.15,🟠 HẠN CHẾ / GIẢM,OBV xấu + Thiếu mẫu xác nhận,2026-08-17T20:12:26+07:00,-8.55,58923.08,57584.0,2.33,-0.74,-1.23,119201200.0,126559840.0,2745300.0,5035370.0,,0.7,0.83,7.78,7.78,-4.59,-0.17,2,0,0,0,1,0,1,,,,,,🔴,TÍCH LŨY,PULL XẤU,OBV gãy | RSI yếu | RSI chững | Giá dưới EMA9 | Pull xấu,🔴,,,,🟢 Tăng tốc,,True
2026-08-17,VCI,⚠️ YẾU DẦN,3,21500.0,-2.71,-1.15,45.97,🟠 HẠN CHẾ / GIẢM,OBV xấu + Thiếu mẫu xác nhận,2026-08-17T20:12:26+07:00,-4.68,21682.82,21092.5,2.8,-0.7,-0.84,157412700.0,158137506.0,4339500.0,9572475.0,,0.96,0.93,16.53,16.53,-5.91,-1.15,2,0,0,0,1,0,1,,,,,,🔴,TÍCH LŨY,PULL XẤU,OBV gãy | RSI yếu | RSI chững | Giá dưới EMA9 | Pull xấu,🔴,,,,🟢 Tăng tốc,,True
2026-08-17,VCK,⚠️ YẾU DẦN,3,29550.0,-4.06,-5.74,39.11,🟠 HẠN CHẾ / GIẢM,OBV xấu + RSI yếu + Thiếu mẫu xác nhận,2026-08-17T20:12:26+07:00,-8.38,30137.21,30160.0,-0.08,-1.13,-1.95,72020000.0,72704661.0,1422500.0,2440850.0,,0.88,0.83,4.23,4.23,-7.08,-0.17,1,0,0,0,0,0,1,,,,,,🔴,THEO DÕI,PULL XẤU,OBV gãy | RSI yếu | RSI chững | Giá dưới EMA9 | Slope âm | Pull xấu,🔴,,,,🔴 Yếu,,True
2026-08-17,VDS,⚠️ YẾU DẦN,3,11750.0,-3.29,-3.29,38.73,🟠 HẠN CHẾ / GIẢM,OBV xấu + RSI yếu + Thiếu mẫu xác nhận,2026-08-17T20:12:26+07:00,-4.04,11924.79,11955.0,-0.25,0.35,-1.47,46699000.0,47342993.0,401400.0,940200.0,,0.86,0.84,4.91,4.91,-11.65,0.0,0,0,0,0,0,0,0,,,,,,🔴,THEO DÕI,PULL XẤU,OBV gãy | RSI yếu | RSI chững | Giá dưới EMA9 | Slope âm | Pull xấu,🔴,,,,🔴 Yếu,,True
2026-08-17,VGC,⚠️ YẾU DẦN,3,40300.0,-2.07,5.22,58.66,🟠 HẠN CHẾ / GIẢM,OBV xấu + Vol chưa xác nhận + Thiếu mẫu xác nhận,2026-08-17T20:12:26+07:00,-3.7,39845.22,38138.0,4.48,0.48,1.14,28781000.0,29286147.0,164800.0,456665.0,,1.24,1.03,15.47,15.47,-2.89,0.0,6,2,1,0,2,1,0,,,,,,🔴,MUA EARLY,PULL XẤU,OBV gãy | RSI chững | Pull xấu,🟡,,,,🟢 Tăng tốc,,True
2026-08-17,VGI,⚠️ YẾU DẦN,3,83800.0,-5.52,0.96,50.42,🟠 HẠN CHẾ / GIẢM,OBV xấu + RS yếu + Thiếu mẫu xác nhận,2026-08-17T20:12:26+07:00,-7.71,84316.01,81525.0,3.42,-1.29,-0.61,-13592700.0,-13364768.0,155800.0,311905.0,,1.2,1.25,12.33,12.33,-8.91,0.96,1,0,0,0,1,0,0,,,,,,🔴,THEO DÕI,PULL XẤU,OBV gãy | RSI yếu | RSI chững | Giá dưới EMA9 | Pull xấu,🔴,,,,🟢 Tăng tốc,,False
2026-08-17,VHM,⚠️ YẾU DẦN,3,68200.0,-4.75,-7.84,42.19,🟠 HẠN CHẾ / GIẢM,OBV xấu + Thiếu mẫu xác nhận + RSI yếu,2026-08-17T20:12:26+07:00,-11.87,71174.6,70742.5,0.61,-2.6,-4.18,356178200.0,361142204.0,8007246.0,7113427.0,,1.25,1.33,7.49,7.49,-16.52,0.29,2,0,0,0,1,0,1,,,,,,🔴,TÍCH LŨY,PULL XẤU,OBV gãy | RSI yếu | RSI chững | Giá dưới EMA9 | Pull xấu,🔴,,,,🟡 Ổn định,,True
2026-08-17,VIB,⚠️ YẾU DẦN,3,14300.0,-3.7,-3.7,36.0,🟠 HẠN CHẾ / GIẢM,OBV xấu + Vol chưa xác nhận + RSI yếu,2026-08-17T20:12:26+07:00,-8.88,14576.68,14600.0,-0.16,-0.29,-1.9,186958855.0,204982780.0,14849449.0,6605092.0,,0.67,0.82,1.06,1.06,-7.14,-0.35,-2,0,0,0,0,0,-2,,,,,,🔴,THEO DÕI,PULL XẤU,OBV gãy | RSI yếu | RSI chững | Giá dưới EMA9 | Slope âm | Pull xấu,🔴,,,,🔴 Yếu,,True
2026-08-17,VIC,⚠️ YẾU DẦN,3,198000.0,-5.04,-7.04,36.09,🟠 HẠN CHẾ / GIẢM,OBV xấu + Xu hướng giảm + RSI yếu,2026-08-17T20:12:26+07:00,-14.29,207898.44,212545.0,-2.19,-1.6,-4.76,291545400.0,304311555.0,6484400.0,4783060.0,,1.23,1.17,0.0,3.12,-11.53,-1.2,-2,0,0,0,0,0,-2,,,,,,🔴,THEO DÕI,PULL XẤU,OBV gãy | RSI yếu | RSI chững | Giá dưới EMA9 | Slope âm | Pull xấu,🔴,,,,🔴 Yếu,,True
2026-08-17,VIX,⚠️ YẾU DẦN,3,13350.0,-4.3,-0.37,42.67,🟠 HẠN CHẾ / GIẢM,OBV xấu + RS yếu + Thiếu mẫu xác nhận,2026-08-17T20:12:26+07:00,-9.76,13663.36,13200.0,3.51,-1.02,-2.29,1462133639.0,1514128721.0,23119793.0,48836779.0,,1.02,0.93,13.62,13.62,-7.93,-0.37,2,0,0,0,1,0,1,,,,,,🔴,TÍCH LŨY,PULL XẤU,OBV gãy | RSI yếu | RSI chững | Giá dưới EMA9 | Pull xấu,🔴,,,,🟢 Tăng tốc,,True
2026-08-17,VJC,⚠️ YẾU DẦN,3,123500.0,-1.59,-2.45,36.63,🟠 HẠN CHẾ / GIẢM,RSI yếu + Thiếu mẫu xác nhận,2026-08-17T20:12:26+07:00,-9.21,125203.53,125930.0,-0.58,-0.13,-1.36,22396930.0,21996907.0,2227130.0,1329862.0,,1.15,1.13,0.24,0.24,-8.25,1.65,4,0,0,2,0,0,2,,,,,,🟢,MUA EARLY,PULL XẤU,RSI yếu | RSI chững | Giá dưới EMA9 | Slope âm | Pull xấu,🟡,,,,🔴 Yếu,,True
2026-08-17,VND,⚠️ YẾU DẦN,3,16149.0,-5.28,-4.16,40.59,🟠 HẠN CHẾ / GIẢM,OBV xấu + RSI yếu + RS yếu,2026-08-17T20:12:26+07:00,-6.78,16564.78,16649.95,-0.51,-0.46,-2.51,523355979.0,550155643.0,7672633.0,11368202.0,,0.91,0.82,5.21,5.21,-9.28,-0.93,1,0,0,0,0,0,1,,,,,,🔴,THEO DÕI,PULL XẤU,OBV gãy | RSI yếu | RSI chững | Giá dưới EMA9 | Slope âm | Pull xấu,🔴,,,,🔴 Yếu,,True
2026-08-17,VOS,⚠️ YẾU DẦN,3,11100.0,-1.33,2.78,48.16,🟠 HẠN CHẾ / GIẢM,OBV xấu + Thiếu mẫu xác nhận,2026-08-17T20:12:26+07:00,-0.51,11058.25,10852.5,1.9,-0.03,0.38,25376100.0,25389772.0,167000.0,415080.0,,1.02,1.02,7.77,7.77,-4.31,0.45,4,2,0,0,1,1,0,,,,,,🔴,MUA EARLY,PULL XẤU,OBV gãy | RSI yếu | RSI chững | Pull xấu,🟡,,✅ EARLY GREEN2,,🟡 Ổn định,,True
2026-08-17,VPB,⚠️ YẾU DẦN,3,24750.0,-4.26,-2.94,40.94,🟠 HẠN CHẾ / GIẢM,OBV xấu + RSI yếu + Thiếu mẫu xác nhận,2026-08-17T20:12:26+07:00,-10.05,25227.08,25132.5,0.38,-0.45,-1.89,1262418599.0,1294077164.0,15013093.0,14354480.0,,0.86,0.95,1.64,1.64,-4.81,-0.6,1,0,0,0,1,0,0,,,,,,🔴,THEO DÕI,PULL XẤU,OBV gãy | RSI yếu | RSI chững | Giá dưới EMA9 | Pull xấu,🔴,,,,🟡 Ổn định,,True
2026-08-17,VPL,⚠️ YẾU DẦN,3,75000.0,-4.46,-7.41,33.71,🟠 HẠN CHẾ / GIẢM,OBV xấu + RSI yếu + Thiếu mẫu xác nhận,2026-08-17T20:12:26+07:00,-8.43,77209.67,77495.0,-0.37,-1.44,-2.86,13484400.0,14163636.0,515500.0,589930.0,,0.91,0.96,2.04,2.04,-7.64,1.35,1,0,0,0,0,0,1,,,,,,🔴,THEO DÕI,PULL XẤU,OBV gãy | RSI yếu | RSI chững | Giá dưới EMA9 | Slope âm | Pull xấu,🔴,,,,🔴 Yếu,,True
2026-08-17,VPX,⚠️ YẾU DẦN,3,24850.0,-3.68,-5.33,40.78,🟠 HẠN CHẾ / GIẢM,OBV xấu + RSI yếu + Thiếu mẫu xác nhận,2026-08-17T20:12:26+07:00,-5.86,25293.6,25490.0,-0.77,-0.17,-1.75,5736300.0,7305589.0,544900.0,1130415.0,,0.83,0.8,2.9,2.9,-10.45,0.61,0,0,0,0,0,0,0,,,,,,🔴,THEO DÕI,PULL XẤU,OBV gãy | RSI yếu | RSI chững | Giá dưới EMA9 | Slope âm | Pull xấu,🔴,,,,🔴 Yếu,,True
2026-08-17,VRE,⚠️ YẾU DẦN,3,24400.0,-4.5,-3.17,45.62,🟠 HẠN CHẾ / GIẢM,OBV xấu + Thiếu mẫu xác nhận + RS yếu,2026-08-17T20:12:26+07:00,-5.99,24739.49,24045.0,2.89,-1.74,-1.37,424325900.0,430488275.0,2862500.0,6491815.0,,0.89,1.01,14.55,14.55,-8.96,1.67,1,0,0,0,1,0,0,,,,,,🔴,THEO DÕI,PULL XẤU,OBV gãy | RSI yếu | RSI chững | Giá dưới EMA9 | Pull xấu,🔴,,,,🟢 Tăng tốc,,True
2026-08-17,HUT,⛔ RẤT YẾU,4,13100.0,-2.96,-8.39,16.5,🔴 TRÁNH / BÁN,OBV xấu + RSI yếu + Xu hướng giảm,2026-08-17T20:12:26+07:00,-5.48,13553.4,14195.0,-4.52,-0.35,-3.35,25023600.0,28398373.0,969500.0,2306085.0,,0.56,0.75,0.0,0.0,-13.82,0.0,0,0,0,0,0,0,0,,,,,,🔴,THEO DÕI,PULL XẤU,OBV gãy | RSI yếu | RSI chững | Giá dưới EMA9 | Slope âm | Pull xấu,🔴,,,,🔴 Yếu,,False
2026-08-18,ACV,🌱 ĐANG HỒI,0,41100.0,-0.72,4.31,51.75,🟢 MUA / GIỮ,OBV tốt + Vị trí giá tốt + RSI cải thiện,2026-08-19T13:01:40+07:00,0.98,40765.53,39925.0,2.11,-0.11,0.82,-61482300.0,-61740191.0,342600.0,536410.0,,0.84,1.13,7.03,7.03,-3.97,1.23,6,2,0,2,1,1,0,,,,,,🟢,MUA EARLY,PULL XẤU,RSI yếu | Pull xấu,🟡,,✅ EARLY GREEN2,,🟢 Tăng tốc,,False
2026-08-18,BAF,🌱 ĐANG HỒI,0,31650.0,1.93,0.32,68.3,🟢 MUA / GIỮ,OBV tốt + Vị trí giá tốt + Xu hướng lên,2026-08-19T13:01:40+07:00,1.18,31296.59,30442.5,2.81,0.04,1.13,101960000.0,99260157.0,1373900.0,1995855.0,,1.21,1.14,9.71,10.09,-2.01,-0.94,9,2,2,1,2,1,1,,,,,,🟢,GÀ TĂNG TỐC,PULL VỪA,,🟢,,,,🟢 Tăng tốc,,True
2026-08-18,BSR,🌱 ĐANG HỒI,0,26850.0,3.07,8.62,59.0,🟢 MUA / GIỮ,OBV tốt + RSI cải thiện + Vị trí giá tốt,2026-08-19T13:01:40+07:00,0.18,25991.27,25066.0,3.69,-0.62,3.3,678500100.0,655979386.0,20592500.0,9347705.0,,0.94,1.06,18.07,18.07,-1.43,2.48,10,2,1,2,1,2,2,,,,,,🟢,GÀ TĂNG TỐC,PULL XẤU,Pull xấu,🟡,🟢 GREEN 2,,,🟢 Tăng tốc,,True
2026-08-18,BVH,🌱 ĐANG HỒI,0,66600.0,0.91,5.71,57.88,🟢 MUA / GIỮ,OBV tốt + Vị trí giá tốt + Xu hướng lên,2026-08-19T13:01:40+07:00,0.13,65780.14,62620.0,5.05,-0.44,1.25,18074600.0,17827343.0,298700.0,441350.0,,0.99,1.1,17.67,17.67,-3.06,0.91,6,2,1,1,1,1,0,,,,,,🟢,PULL VỪA,PULL VỪA,,🟢,,,,🟢 Tăng tốc,,True
2026-08-18,CII,🌱 ĐANG HỒI,0,14550.0,2.46,4.3,50.43,🟢 MUA / GIỮ,OBV tốt + Vol xác nhận + Vị trí giá tốt,2026-08-19T13:01:40+07:00,8.21,14210.5,13805.0,2.94,1.82,2.39,604278404.0,598834487.0,9744200.0,8679850.0,,1.08,0.99,15.02,15.02,-2.35,-2.68,6,2,0,1,2,1,0,,,,,,🟢,MUA EARLY,PULL XẤU,RSI yếu | Pull xấu,🟡,,,,🟢 Tăng tốc,,True
2026-08-18,DGW,🌱 ĐANG HỒI,0,41900.0,1.82,5.81,62.13,🟢 MUA / GIỮ,OBV tốt + Vol xác nhận + Vị trí giá tốt,2026-08-19T13:01:40+07:00,-8.16,40878.79,38190.0,7.04,-0.49,2.5,63028200.0,60646491.0,1231700.0,1227085.0,,1.35,1.22,26.4,26.4,-4.45,1.33,8,2,1,2,1,1,1,,,,,,🟢,GÀ TĂNG TỐC,PULL XẤU,RSI chững | Pull xấu,🟡,,,,🟢 Tăng tốc,,True
2026-08-18,DRI,🌱 ĐANG HỒI,0,13700.0,3.01,3.01,59.56,🟢 MUA / GIỮ,OBV tốt + RSI cải thiện + Vị trí giá tốt,2026-08-19T13:01:40+07:00,2.96,13384.99,13090.0,2.25,-0.01,2.35,39410700.0,38828352.0,608100.0,508505.0,,1.34,1.09,9.6,9.6,-0.72,2.24,8,2,1,2,1,1,1,,,,,,🟢,GÀ TĂNG TỐC,PULL XẤU,Pull xấu,🟡,🟢 GREEN 2,,,🟢 Tăng tốc,,False
2026-08-18,DXG,🌱 ĐANG HỒI,0,10950.0,-0.9,0.46,45.99,🟢 MUA / GIỮ,OBV tốt + Vol xác nhận + Xu hướng lên,2026-08-19T13:01:40+07:00,2.09,11085.29,10771.0,2.92,1.96,-1.22,574935504.0,570497656.0,10569900.0,11339850.0,,1.0,0.89,9.83,9.83,-5.6,-3.95,3,0,0,1,2,0,0,,,,,,🟢,MUA EARLY,PULL XẤU,RSI yếu | Giá dưới EMA9 | Pull xấu,🟡,,,,🟢 Tăng tốc,,True
2026-08-18,GAS,🌱 ĐANG HỒI,0,83800.0,8.13,19.89,65.24,🟢 MUA / GIỮ,OBV tốt + Xu hướng lên + RSI cải thiện,2026-08-19T13:01:40+07:00,7.3,77755.24,72380.0,7.43,1.66,7.77,44008700.0,40736002.0,3635900.0,1468125.0,,0.95,0.99,30.12,30.12,3.97,5.41,12,2,2,2,2,2,2,,,,,,🟢,GÀ TĂNG TỐC,PULL XẤU,Pull xấu,🟡,🟢 GREEN 2,,,🟢 Tăng tốc,,True
2026-08-18,GMD,🌱 ĐANG HỒI,0,79100.0,2.2,3.4,61.96,🟢 MUA / GIỮ,OBV tốt + Vị trí giá tốt + RSI cải thiện,2026-08-19T13:01:40+07:00,2.16,78021.87,76080.0,2.55,0.62,1.38,113221600.0,108246139.0,2045500.0,1491160.0,,0.92,0.92,9.86,9.86,-3.54,0.13,10,2,1,2,2,1,2,,,,,,🟢,GÀ TĂNG TỐC,PULL VỪA,,🟢,🟢 GREEN 2,,,🟢 Tăng tốc,,True
2026-08-18,GVR,🌱 ĐANG HỒI,0,31800.0,1.27,11.58,59.19,🟢 MUA / GIỮ,OBV tốt + Xu hướng lên + Vị trí giá tốt,2026-08-19T13:01:40+07:00,-6.69,30996.52,28975.0,6.98,-0.1,2.59,257196700.0,251106315.0,3420700.0,2370765.0,,1.48,1.28,22.31,22.31,-3.34,0.63,9,2,1,2,1,1,2,,,,,,🟢,GÀ TĂNG TỐC,PULL XẤU,RSI chững | Pull xấu,🟡,🟢 GREEN 2,,,🟢 Tăng tốc,,True
2026-08-18,HAH,🌱 ĐANG HỒI,0,47600.0,3.25,3.37,57.36,🟢 MUA / GIỮ,OBV tốt + RSI cải thiện + Vị trí giá tốt,2026-08-19T13:01:40+07:00,13.51,46252.81,45555.0,1.53,0.28,2.91,21388900.0,19973352.0,1386000.0,586005.0,,1.22,1.16,8.43,8.43,0.42,3.93,9,2,1,2,1,1,2,,,,,,🟢,CP MẠNH,PULL XẤU,Pull xấu,🟡,,,,🟡 Ổn định,,True
2026-08-18,KSB,🌱 ĐANG HỒI,0,13650.0,2.25,-0.73,48.27,🟢 MUA / GIỮ,OBV tốt + Vol xác nhận + Vị trí giá tốt,2026-08-19T13:01:40+07:00,-11.86,13731.92,13495.0,1.76,-0.29,-0.6,33132000.0,32342938.0,1057600.0,1070665.0,,1.93,1.27,5.41,5.41,-7.14,-1.44,3,0,0,1,1,1,0,,,,,,🟢,MUA EARLY,PULL XẤU,RSI yếu | RSI chững | Giá dưới EMA9 | Pull xấu,🟡,,,,🟡 Ổn định,,True
2026-08-18,MSR,🌱 ĐANG HỒI,0,42400.0,7.89,8.16,70.08,🟢 MUA / GIỮ,OBV tốt + Xu hướng lên + RSI cải thiện,2026-08-19T13:01:40+07:00,8.52,40207.13,37770.0,6.45,1.15,5.45,19513400.0,16621434.0,2233000.0,1329565.0,,1.26,1.25,28.88,28.88,-0.24,-0.24,7,2,2,1,2,2,-2,,,,,,🟢,MUA EARLY,PULL XẤU,Pull xấu,🟡,,,,🟢 Tăng tốc,,False
2026-08-18,NLG,🌱 ĐANG HỒI,0,23750.0,4.63,8.7,57.3,🟢 MUA / GIỮ,OBV tốt + RSI cải thiện + Xu hướng lên,2026-08-19T13:01:40+07:00,11.89,22894.02,22045.0,3.85,2.98,3.74,54223800.0,50972545.0,1381900.0,2482185.0,,0.86,0.87,18.75,18.75,-1.66,0.85,8,2,1,1,2,2,0,,,,,,🟢,MUA EARLY,PULL XẤU,Pull xấu,🟡,,,,🟢 Tăng tốc,,True
2026-08-18,NTP,🌱 ĐANG HỒI,0,51900.0,7.68,5.49,63.0,🟢 MUA / GIỮ,OBV tốt + Vol xác nhận + Xu hướng lên,2026-08-19T13:01:40+07:00,-4.12,50434.01,49140.0,2.63,1.4,2.91,10946000.0,10535543.0,140800.0,161430.0,,2.07,1.49,9.03,9.03,-4.6,1.96,10,2,1,2,2,2,1,,,,,,🟢,GÀ TĂNG TỐC,PULL XẤU,RSI chững | Pull xấu,🟡,,,,🟢 Tăng tốc,,False
2026-08-18,OCB,🌱 ĐANG HỒI,0,10900.0,0.46,5.83,58.18,🟢 MUA / GIỮ,OBV tốt + Vị trí giá tốt + Vol xác nhận,2026-08-19T13:01:40+07:00,-3.66,10800.06,10475.0,3.1,0.61,0.93,116313400.0,113015960.0,2138500.0,2475300.0,,1.5,1.17,9.0,9.0,-1.8,-0.46,7,2,1,1,2,1,0,,,,,,🟢,PULL VỪA,PULL VỪA,RSI chững,🟡,,,,🟢 Tăng tốc,,True
2026-08-18,OIL,🌱 ĐANG HỒI,0,13500.0,0.75,3.85,51.89,🟢 MUA / GIỮ,OBV tốt + Vị trí giá tốt + RSI cải thiện,2026-08-19T13:01:40+07:00,5.29,13307.28,13215.0,0.7,0.42,1.45,93233900.0,91524500.0,2016200.0,1190395.0,,0.82,1.02,4.65,6.3,-3.57,3.85,8,2,0,2,1,1,2,,,,,,🟢,MUA EARLY,PULL XẤU,RSI yếu | Pull xấu,🟡,,✅ EARLY GREEN2,,🟡 Ổn định,,False
2026-08-18,PHR,🌱 ĐANG HỒI,0,59800.0,1.87,0.0,51.12,🟢 MUA / GIỮ,OBV tốt + Vị trí giá tốt + RSI cải thiện,2026-08-19T13:01:40+07:00,2.67,59249.41,58075.0,2.02,0.93,0.93,17286700.0,16999079.0,172000.0,338280.0,,0.96,0.91,8.73,8.73,-4.01,-3.24,7,2,0,1,2,1,1,,,,,,🟢,MUA EARLY,PULL XẤU,RSI yếu | Pull xấu,🟡,,,,🟢 Tăng tốc,,True
2026-08-18,PLC,🌱 ĐANG HỒI,0,20600.0,1.98,5.1,57.56,🟢 MUA / GIỮ,OBV tốt + RSI cải thiện + Vị trí giá tốt,2026-08-19T13:01:40+07:00,2.65,20196.21,19410.0,4.05,-0.39,2.0,18835000.0,18597882.0,263700.0,129855.0,,1.14,1.09,16.38,16.38,-1.44,3.52,9,2,1,2,1,1,2,,,,,,🟢,GÀ TĂNG TỐC,PULL VỪA,,🟢,,,,🟢 Tăng tốc,,False
2026-08-18,PLX,🌱 ĐANG HỒI,0,38050.0,3.96,13.75,63.87,🟢 MUA / GIỮ,OBV tốt + RSI cải thiện + Xu hướng lên,2026-08-19T13:01:40+07:00,8.99,35866.17,34108.5,5.15,0.03,6.09,65347800.0,60440040.0,5350900.0,2619515.0,,1.11,1.23,20.53,20.72,0.13,4.82,11,2,1,2,2,2,2,,,,,,🟢,GÀ TĂNG TỐC,PULL XẤU,Pull xấu,🟡,🟢 GREEN 2,,,🟢 Tăng tốc,,True
2026-08-18,PVB,🌱 ĐANG HỒI,0,21900.0,2.82,5.8,50.0,🟢 MUA / GIỮ,OBV tốt + Vị trí giá tốt + Vol xác nhận,2026-08-19T13:01:40+07:00,-5.16,21557.51,21155.0,1.9,1.01,1.59,1817000.0,1608758.0,109700.0,83195.0,,1.29,1.13,6.83,6.83,-6.81,-0.45,4,2,0,2,1,1,-2,,,,,,🟢,MUA EARLY,PULL XẤU,RSI yếu | RSI chững | Pull xấu,🟡,,,,🟡 Ổn định,,False
2026-08-18,PVC,🌱 ĐANG HỒI,0,12300.0,0.82,4.24,50.0,🟢 MUA / GIỮ,OBV tốt + Vị trí giá tốt + Vol xác nhận,2026-08-19T13:01:40+07:00,0.84,12129.02,11970.0,1.33,0.24,1.41,60519600.0,60395203.0,567000.0,441050.0,,1.09,1.07,6.96,6.96,-3.91,2.5,8,2,0,2,1,1,2,,,,,,🟢,MUA EARLY,PULL XẤU,RSI yếu | Pull xấu,🟡,,,,🟡 Ổn định,,False
2026-08-18,PVS,🌱 ĐANG HỒI,0,35700.0,2.0,3.48,52.63,🟢 MUA / GIỮ,OBV tốt + RSI cải thiện + Vị trí giá tốt,2026-08-19T13:01:40+07:00,4.99,34906.11,34395.0,1.49,0.82,2.27,127894200.0,125586074.0,4129700.0,2352705.0,,0.78,0.75,7.85,7.85,-3.51,4.69,8,2,0,2,1,1,2,,,,,,🟢,MUA EARLY,PULL XẤU,RSI yếu | Pull xấu,🟡,,✅ EARLY GREEN2,🌱 EARLY DRY GREEN2,🟡 Ổn định,,False
2026-08-18,PVT,🌱 ĐANG HỒI,0,20350.0,3.3,8.82,65.08,🟢 MUA / GIỮ,OBV tốt + Xu hướng lên + Vị trí giá tốt,2026-08-19T13:01:40+07:00,2.28,19658.4,18430.0,6.67,0.29,3.52,20213000.0,12788740.0,5984400.0,4026870.0,,1.45,1.19,24.85,24.85,-1.21,-0.49,8,2,2,2,2,2,-2,,,,,,🟢,MUA EARLY,PULL XẤU,Pull xấu,🟡,,,,🟢 Tăng tốc,,True
2026-08-18,SAB,🌱 ĐANG HỒI,0,45950.0,0.66,1.88,58.03,🟢 MUA / GIỮ,OBV tốt + Vol xác nhận + Vị trí giá tốt,2026-08-19T13:01:40+07:00,-0.25,45489.73,44608.0,1.98,-0.08,1.01,-6494000.0,-7797211.0,907600.0,796770.0,,0.94,1.11,6.86,6.86,-1.29,0.22,7,2,1,2,1,0,1,,,,,,🟢,PULL VỪA,PULL VỪA,RSI chững,🟡,🟢 GREEN 2,,,🟡 Ổn định,,True
2026-08-18,SBT,🌱 ĐANG HỒI,0,23750.0,11.5,11.5,82.26,🟢 MUA / GIỮ,Xu hướng lên + OBV tốt + RS mạnh,2026-08-19T13:01:40+07:00,4.53,22505.45,21487.5,4.74,2.56,5.53,110618800.0,107198627.0,1237500.0,686385.0,,1.42,1.11,15.01,18.16,1.06,1.71,12,2,2,2,2,2,2,,,,,,🟢,GÀ TĂNG TỐC,PULL XẤU,Pull xấu,🟡,🟢 GREEN 2,,,🟢 Tăng tốc,,True
2026-08-18,STB,🌱 ĐANG HỒI,0,74800.0,0.67,0.94,58.14,🟢 MUA / GIỮ,OBV tốt + RSI cải thiện + Vị trí giá tốt,2026-08-19T13:01:40+07:00,5.97,73696.76,72945.0,1.03,0.18,1.5,411933400.0,407685438.0,4725400.0,3511255.0,,0.67,0.83,5.35,13.16,-1.71,0.54,8,2,1,2,1,0,2,,,,,,🟢,PULL VỪA,PULL VỪA,,🟢,🟢 GREEN 2,,,🟡 Ổn định,,True
2026-08-18,TCB,🌱 ĐANG HỒI,0,30800.0,-0.65,3.88,50.16,🟢 MUA / GIỮ,OBV tốt + Vol xác nhận + Xu hướng lên,2026-08-19T13:01:40+07:00,-8.46,31027.76,29927.5,3.68,0.74,-0.73,425435396.0,412892273.0,14744200.0,15956075.0,,1.19,1.17,9.03,9.03,-4.2,-3.3,4,0,0,1,2,1,0,,,,,,🟢,MUA EARLY,PULL XẤU,RSI yếu | RSI chững | Giá dưới EMA9 | Pull xấu,🟡,,,,🟢 Tăng tốc,,True
2026-08-18,TVN,🌱 ĐANG HỒI,0,9700.0,7.78,6.59,52.27,🟢 MUA / GIỮ,Xu hướng lên + OBV tốt + Vol xác nhận,2026-08-19T13:01:40+07:00,3.37,9447.46,9030.0,4.62,3.22,2.67,41978600.0,39730794.0,739800.0,662210.0,,1.91,1.32,16.87,16.87,-8.49,-1.02,7,2,0,1,2,2,0,,,,,,🟢,MUA EARLY,PULL XẤU,RSI yếu | Pull xấu,🟡,,,,🟢 Tăng tốc,,False
2026-08-18,TVS,🌱 ĐANG HỒI,0,13600.0,4.7,5.43,58.36,🟢 MUA / GIỮ,OBV tốt + Vol xác nhận + RSI cải thiện,2026-08-19T13:01:40+07:00,7.86,13198.54,12945.0,1.96,2.23,3.04,5478300.0,5217573.0,117300.0,111045.0,,0.92,0.82,10.66,13.71,-1.02,2.87,9,2,1,2,1,2,1,,,,,,🟢,CP MẠNH,PULL XẤU,Pull xấu,🟡,🟢 GREEN 2,,,🟡 Ổn định,,True
2026-08-18,VGT,🌱 ĐANG HỒI,0,11600.0,4.41,7.21,60.7,🟢 MUA / GIỮ,OBV tốt + Xu hướng lên + Vị trí giá tốt,2026-08-19T13:01:40+07:00,-9.69,11421.37,10907.5,4.71,1.54,1.56,17262800.0,16666086.0,522300.0,361060.0,,2.0,1.45,12.29,12.29,-6.3,-1.69,6,2,1,1,2,2,-2,,,,,,🟢,PULL VỪA,PULL VỪA,RSI chững,🟡,,,,🟢 Tăng tốc,,False
2026-08-18,VSC,🌱 ĐANG HỒI,0,14650.0,-1.01,-1.35,46.24,🟢 MUA / GIỮ,OBV tốt + Vị trí giá tốt + RSI cải thiện,2026-08-19T13:01:40+07:00,3.62,14577.39,14175.0,2.84,-0.48,0.5,291985600.0,279796559.0,7524700.0,10566315.0,,0.95,1.0,15.35,15.35,-3.93,1.03,5,2,0,2,1,0,0,,,,,,🟢,MUA EARLY,PULL XẤU,RSI yếu | Pull xấu,🟡,,,,🟢 Tăng tốc,,True
2026-08-18,VTP,🌱 ĐANG HỒI,0,56300.0,3.3,15.37,65.66,🟢 MUA / GIỮ,OBV tốt + Xu hướng lên + RSI cải thiện,2026-08-19T13:01:40+07:00,5.13,53660.95,50350.0,6.58,0.88,4.92,11448600.0,9501231.0,1394400.0,713100.0,,1.43,1.32,25.67,25.67,-0.71,2.36,12,2,2,2,2,2,2,,,,,,🟢,GÀ TĂNG TỐC,PULL XẤU,Pull xấu,🟡,🟢 GREEN 2,,,🟢 Tăng tốc,,True
2026-08-18,CEO,🟡 TRUNG TÍNH,1,11900.0,-2.46,-0.83,42.03,👀 THEO DÕI,OBV tốt + Vị trí giá tốt + Xu hướng lên,2026-08-19T13:01:40+07:00,0.68,11994.01,11785.0,1.77,0.37,-0.78,305616900.0,301043593.0,3380400.0,6007475.0,,0.93,0.91,10.19,10.19,-4.8,-1.65,3,0,0,1,1,0,1,,,,,,🟢,MUA EARLY,PULL XẤU,RSI yếu | Giá dưới EMA9 | Pull xấu,🟡,,,,🟡 Ổn định,,False
2026-08-18,CTR,🟡 TRUNG TÍNH,1,76100.0,0.79,2.42,57.88,👀 THEO DÕI,OBV tốt + Vị trí giá tốt + Xu hướng lên,2026-08-19T13:01:40+07:00,-4.61,75833.85,73320.0,3.43,-0.97,0.35,-7050600.0,-7092965.0,623100.0,337825.0,,0.88,1.13,14.61,14.61,-1.81,-0.91,4,2,1,1,1,1,-2,,,,,,🟢,PULL VỪA,PULL VỪA,RSI chững,🟡,,,,🟢 Tăng tốc,,True
2026-08-18,DCM,🟡 TRUNG TÍNH,1,30650.0,-2.7,-0.97,43.26,👀 THEO DÕI,OBV tốt + Vị trí giá tốt + Vol xác nhận,2026-08-19T13:01:40+07:00,-0.51,30876.9,30647.5,0.75,-0.91,-0.73,63695100.0,63322218.0,2757000.0,2043545.0,,0.96,1.01,6.06,6.06,-5.4,0.33,5,0,0,2,1,0,2,,,,,,🟢,MUA EARLY,PULL XẤU,RSI yếu | RSI chững | Giá dưới EMA9 | Pull xấu,🟡,,,,🟡 Ổn định,,True
2026-08-18,DGC,🟡 TRUNG TÍNH,1,41500.0,-5.9,4.8,45.11,👀 THEO DÕI,OBV tốt + Xu hướng lên,2026-08-19T13:01:40+07:00,-10.71,42300.79,40622.5,4.13,-0.43,-1.89,-122231000.0,-122299508.0,324700.0,826440.0,,0.52,0.6,15.28,15.28,-9.39,0.48,4,0,0,2,1,1,0,,,,,,🟢,MUA EARLY,PULL XẤU,RSI yếu | RSI chững | Giá dưới EMA9 | Pull xấu,🟡,,,,🟢 Tăng tốc,,True
2026-08-18,DIG,🟡 TRUNG TÍNH,1,10450.0,-5.0,-2.34,39.89,👀 THEO DÕI,OBV tốt + Xu hướng lên,2026-08-19T13:01:40+07:00,-1.66,10733.73,10565.0,1.6,0.68,-2.64,190324100.0,186884064.0,4462200.0,9385020.0,,0.75,0.75,7.84,7.84,-8.33,-5.0,3,0,0,1,1,0,1,,,,,,🟢,MUA EARLY,PULL XẤU,RSI yếu | RSI chững | Giá dưới EMA9 | Pull xấu,🟡,,,,🟡 Ổn định,,True
2026-08-18,DPM,🟡 TRUNG TÍNH,1,21600.0,-3.79,-2.7,46.46,👀 THEO DÕI,OBV tốt + Vị trí giá tốt + Vol xác nhận,2026-08-19T13:01:40+07:00,-3.14,21797.8,21695.0,0.47,-1.07,-0.91,77762600.0,77672817.0,1925300.0,2579510.0,,0.78,1.0,4.6,4.6,-5.68,0.47,3,0,0,2,1,0,0,,,,,,🟢,MUA EARLY,PULL XẤU,RSI yếu | RSI chững | Giá dưới EMA9 | Pull xấu,🟡,,,,🟡 Ổn định,,True
2026-08-18,DXS,🟡 TRUNG TÍNH,1,5770.0,-3.67,-1.87,38.2,👀 THEO DÕI,OBV tốt + Thiếu mẫu xác nhận,2026-08-19T13:01:40+07:00,-0.05,5916.54,5867.0,0.84,0.99,-2.48,51272000.0,49331691.0,1066600.0,1833815.0,,0.98,1.05,2.85,2.85,-7.97,-4.15,3,0,0,1,1,0,1,,,,,,🟢,MUA EARLY,PULL XẤU,RSI yếu | RSI chững | Giá dưới EMA9 | Pull xấu,🟡,,,,🟡 Ổn định,,True
2026-08-18,EVF,🟡 TRUNG TÍNH,1,12400.0,-0.4,-0.8,46.66,👀 THEO DÕI,OBV tốt + Vol xác nhận + Vị trí giá tốt,2026-08-19T13:01:40+07:00,-6.85,12464.62,12365.0,0.81,-0.26,-0.52,152991400.0,152582612.0,1316700.0,1451410.0,,1.01,0.9,5.08,5.08,-4.62,0.81,3,0,0,1,1,0,1,,,,,,🟢,MUA EARLY,PULL XẤU,RSI yếu | RSI chững | Giá dưới EMA9 | Pull xấu,🟡,,,,🟡 Ổn định,,True
2026-08-18,FCN,🟡 TRUNG TÍNH,1,11100.0,0.0,3.74,48.85,👀 THEO DÕI,OBV tốt + Vol xác nhận + Vị trí giá tốt,2026-08-19T13:01:40+07:00,-7.6,11136.42,10892.5,2.24,0.34,-0.33,37622700.0,37577577.0,470800.0,463650.0,,1.15,1.08,6.73,6.73,-3.48,-1.33,4,0,0,1,2,1,0,,,,,,🟢,MUA EARLY,PULL XẤU,RSI yếu | RSI chững | Giá dưới EMA9 | Pull xấu,🟡,,,,🟢 Tăng tốc,,True
2026-08-18,FRT,🟡 TRUNG TÍNH,1,145500.0,-0.68,9.32,70.21,👀 THEO DÕI,OBV tốt + Vị trí giá tốt + Xu hướng lên,2026-08-19T13:01:40+07:00,-7.38,141389.38,128290.0,10.21,-1.57,2.91,3443120.0,2858630.0,535080.0,709829.0,,1.29,1.14,38.57,38.57,-2.02,-1.02,7,2,1,1,1,1,1,,,,,,🟢,GÀ TĂNG TỐC,PULL XẤU,RSI chững | Pull xấu,🟡,,,,🟢 Tăng tốc,,True
2026-08-18,FTS,🟡 TRUNG TÍNH,1,21600.0,-4.64,-2.26,40.62,👀 THEO DÕI,OBV tốt + RS yếu,2026-08-19T13:01:40+07:00,-0.97,21905.59,21815.0,0.42,-0.1,-1.4,17421800.0,17299469.0,599000.0,1099290.0,,1.01,0.8,7.46,7.46,-8.86,0.0,2,0,0,1,1,0,0,,,,,,🟢,TÍCH LŨY,PULL XẤU,RSI yếu | RSI chững | Giá dưới EMA9 | Pull xấu,🔴,,,,🟡 Ổn định,,True
2026-08-18,GEG,🟡 TRUNG TÍNH,1,12350.0,0.82,1.23,46.0,👀 THEO DÕI,OBV tốt + Vị trí giá tốt + Xu hướng lên,2026-08-19T13:01:40+07:00,0.02,12311.68,12155.0,1.29,0.61,0.31,23795100.0,23658699.0,93900.0,206170.0,,0.75,0.91,5.56,5.56,-0.8,-0.4,5,2,0,1,1,0,1,,,,,,🟢,MUA EARLY,PULL XẤU,RSI yếu | Pull xấu,🟡,,,,🟡 Ổn định,,True
2026-08-18,HDC,🟡 TRUNG TÍNH,1,11550.0,-3.75,-2.94,36.58,👀 THEO DÕI,OBV tốt + Thiếu mẫu xác nhận,2026-08-19T13:01:40+07:00,1.98,11789.05,11707.5,0.7,0.66,-2.03,158828800.0,158196876.0,734500.0,1265660.0,,0.79,0.78,5.96,5.96,-7.97,-3.35,3,0,0,1,1,0,1,,,,,,🟢,MUA EARLY,PULL XẤU,RSI yếu | Giá dưới EMA9 | Pull xấu,🟡,,,,🟡 Ổn định,,True
2026-08-18,MBB,🟡 TRUNG TÍNH,1,19950.0,-1.97,-1.82,52.65,👀 THEO DÕI,OBV tốt + Vị trí giá tốt + Xu hướng lên,2026-08-19T13:01:40+07:00,-3.38,19986.95,19459.0,2.71,-0.77,-0.18,913235116.0,908353940.0,7081200.0,14142225.0,,0.82,0.96,10.65,10.65,-2.92,0.25,3,0,0,2,1,0,0,,,,,,🟢,MUA EARLY,PULL XẤU,RSI yếu | RSI chững | Giá dưới EMA9 | Pull xấu,🟡,,,,🟢 Tăng tốc,,True
2026-08-18,MML,🟡 TRUNG TÍNH,1,28100.0,-0.35,-1.4,47.97,👀 THEO DÕI,OBV tốt + Vị trí giá tốt + Vol xác nhận,2026-08-19T13:01:40+07:00,-5.12,28163.41,27935.0,0.82,-0.49,-0.23,-1482700.0,-1497325.0,17300.0,24305.0,,0.9,0.85,6.04,6.04,-5.07,0.36,2,0,0,1,1,0,0,,,,,,🟢,TÍCH LŨY,PULL XẤU,RSI yếu | RSI chững | Giá dưới EMA9 | Pull xấu,🔴,,,,🟡 Ổn định,,False
2026-08-18,MSN,🟡 TRUNG TÍNH,1,65900.0,-1.79,-3.65,42.58,👀 THEO DÕI,OBV tốt + Vị trí giá tốt,2026-08-19T13:01:40+07:00,-7.21,66786.19,66405.0,0.57,-0.76,-1.33,107101400.0,106654009.0,2283000.0,4131235.0,,0.95,0.85,3.13,3.13,-5.04,-1.49,3,0,0,1,1,0,1,,,,,,🟢,MUA EARLY,PULL XẤU,RSI yếu | RSI chững | Giá dưới EMA9 | Pull xấu,🟡,,,,🟡 Ổn định,,True
2026-08-18,MWG,🟡 TRUNG TÍNH,1,71500.0,-2.32,-0.83,46.97,👀 THEO DÕI,OBV tốt + Xu hướng lên + Vị trí giá tốt,2026-08-19T13:01:40+07:00,-6.42,72389.5,70490.5,2.69,0.5,-1.23,243260500.0,243221068.0,1649500.0,5000705.0,,0.56,0.69,14.71,14.71,-4.96,-2.85,4,0,0,1,2,0,1,,,,,,🟢,MUA EARLY,PULL XẤU,RSI yếu | RSI chững | Giá dưới EMA9 | Pull xấu,🟡,,,,🟢 Tăng tốc,,True
2026-08-18,PDR,🟡 TRUNG TÍNH,1,11950.0,-1.24,-1.24,39.24,👀 THEO DÕI,OBV tốt + Vị trí giá tốt + Xu hướng lên,2026-08-19T13:01:40+07:00,1.19,11996.96,11872.5,1.05,1.09,-0.39,242639300.0,242238926.0,4088500.0,7148735.0,,0.85,0.9,7.17,7.17,-5.91,-1.24,3,0,0,1,1,0,1,,,,,,🟢,MUA EARLY,PULL XẤU,RSI yếu | Giá dưới EMA9 | Pull xấu,🟡,,,,🟡 Ổn định,,True
2026-08-18,PVD,🟡 TRUNG TÍNH,1,18400.0,1.1,1.66,49.38,👀 THEO DÕI,OBV tốt + Vị trí giá tốt + RSI cải thiện,2026-08-19T13:01:40+07:00,1.77,18246.26,18247.5,-0.01,0.54,0.84,277745700.0,274306770.0,4274600.0,3030930.0,,0.87,0.89,5.14,5.14,-5.15,0.27,6,1,0,2,0,1,2,,,,,,🟢,MUA EARLY,PULL XẤU,RSI yếu | Slope âm | Pull xấu,🟡,,✅ EARLY GREEN2,,🔴 Yếu,,True
2026-08-18,TCX,🟡 TRUNG TÍNH,1,39400.0,-3.43,-3.08,43.04,👀 THEO DÕI,OBV tốt + Vol xác nhận + Vị trí giá tốt,2026-08-19T13:01:40+07:00,-2.39,39718.31,39780.0,-0.16,-0.0,-0.8,18598800.0,18548829.0,1351400.0,1599685.0,,1.06,1.02,5.07,5.07,-6.08,0.0,2,0,0,2,0,0,0,,,,,,🟢,TÍCH LŨY,PULL XẤU,RSI yếu | RSI chững | Giá dưới EMA9 | Slope âm | Pull xấu,🔴,,,,🔴 Yếu,,True
2026-08-18,VGI,🟡 TRUNG TÍNH,1,86400.0,-0.58,5.88,56.06,👀 THEO DÕI,OBV tốt + RSI cải thiện + Vị trí giá tốt,2026-08-19T13:01:40+07:00,2.78,84732.81,81965.0,3.38,-1.16,1.97,-12924100.0,-13276634.0,668600.0,333555.0,,1.05,1.25,15.82,15.82,-6.09,3.72,9,2,1,2,1,1,2,,,,,,🟢,GÀ TĂNG TỐC,PULL VỪA,,🟢,🟢 GREEN 2,✅ EARLY GREEN2,,🟢 Tăng tốc,,False
2026-08-18,VHC,🟡 TRUNG TÍNH,1,52900.0,1.54,-1.12,42.44,👀 THEO DÕI,OBV tốt + Vol xác nhận + Vị trí giá tốt,2026-08-19T13:01:40+07:00,-6.09,53342.97,53235.0,0.2,1.11,-0.83,2569000.0,1929565.0,300900.0,368320.0,,1.81,1.44,2.92,2.92,-6.37,-1.67,3,0,0,1,1,1,0,,,,,,🟢,MUA EARLY,PULL XẤU,RSI yếu | RSI chững | Giá dưới EMA9 | Pull xấu,🟡,,,,🟡 Ổn định,,True
2026-08-18,VTO,🟡 TRUNG TÍNH,1,10450.0,-2.79,-0.48,49.1,👀 THEO DÕI,OBV tốt + Vị trí giá tốt,2026-08-19T13:01:40+07:00,-7.76,10510.48,10410.0,0.97,-0.88,-0.58,2069000.0,2041101.0,27500.0,63620.0,,0.92,0.76,3.98,3.98,-2.79,0.48,3,0,0,2,1,0,0,,,,,,🟢,MUA EARLY,PULL XẤU,RSI yếu | RSI chững | Giá dưới EMA9 | Pull xấu,🟡,,,,🟡 Ổn định,,True
2026-08-18,BFC,🔴 YẾU,2,47600.0,-2.56,-1.63,41.99,⏳ CHỜ,OBV xấu + Thiếu mẫu xác nhận,2026-08-19T13:01:40+07:00,1.37,48089.96,47948.5,0.3,0.15,-1.02,28938200.0,29076122.0,279700.0,176195.0,,0.67,0.73,4.0,4.0,-5.98,0.21,3,0,0,0,1,0,2,,,,,,🔴,MUA EARLY,PULL XẤU,OBV gãy | RSI yếu | Giá dưới EMA9 | Pull xấu,🟡,,,,🟡 Ổn định,,True
2026-08-18,DPR,🔴 YẾU,2,36350.0,0.0,0.97,46.42,⏳ CHỜ,OBV xấu + Thiếu mẫu xác nhận,2026-08-19T13:01:40+07:00,3.17,36309.32,35997.5,0.87,0.44,0.11,24691400.0,24844797.0,320200.0,203685.0,,0.98,1.09,3.56,3.56,-2.42,-1.22,1,2,0,0,1,0,-2,,,,,,🔴,THEO DÕI,PULL XẤU,OBV gãy | RSI yếu | Pull xấu,🔴,,,,🟡 Ổn định,,True
2026-08-18,HAG,🔴 YẾU,2,14050.0,-0.35,-0.71,40.74,⏳ CHỜ,OBV xấu + Thiếu mẫu xác nhận,2026-08-19T13:01:40+07:00,-1.07,14084.89,14050.0,0.25,0.21,-0.25,385267700.0,387281818.0,1431200.0,2102150.0,,0.92,0.86,2.55,2.55,-3.1,-0.35,2,0,0,0,1,0,1,,,,,,🔴,TÍCH LŨY,PULL XẤU,OBV gãy | RSI yếu | RSI chững | Giá dưới EMA9 | Pull xấu,🔴,,,,🟡 Ổn định,,True
2026-08-18,HDB,🔴 YẾU,2,26800.0,-0.37,0.37,54.4,⏳ CHỜ,OBV xấu + Thiếu mẫu xác nhận,2026-08-19T13:01:40+07:00,0.7,26683.85,26230.0,1.73,0.33,0.44,920380400.0,926448500.0,8433500.0,10179135.0,,0.91,0.93,6.77,7.63,-2.9,-0.19,3,2,0,0,1,0,0,,,,,,🔴,MUA EARLY,PULL XẤU,OBV gãy | RSI yếu | Pull xấu,🟡,,,,🟡 Ổn định,,True
2026-08-18,PNJ,🔴 YẾU,2,34900.0,0.14,-1.55,37.7,⏳ CHỜ,OBV xấu + Thiếu mẫu xác nhận,2026-08-19T13:01:40+07:00,0.32,35535.91,34440.0,3.18,2.7,-1.79,-73779700.0,-68961748.0,4749600.0,8753910.0,,0.35,0.55,13.5,13.5,-15.9,-3.59,3,0,0,0,2,0,1,,,,,,🔴,MUA EARLY,PULL XẤU,OBV gãy | RSI yếu | Giá dưới EMA9 | Pull xấu,🟡,,,,🟢 Tăng tốc,,True
2026-08-18,TCH,🔴 YẾU,2,11750.0,-4.08,-4.47,40.5,⏳ CHỜ,OBV xấu + Thiếu mẫu xác nhận,2026-08-19T13:01:40+07:00,1.11,11997.01,11847.5,1.26,0.7,-2.06,139810600.0,141054281.0,2957500.0,5067155.0,,0.97,0.96,6.82,6.82,-8.2,-2.89,2,0,0,0,1,0,1,,,,,,🔴,TÍCH LŨY,PULL XẤU,OBV gãy | RSI yếu | Giá dưới EMA9 | Pull xấu,🔴,,,,🟡 Ổn định,,True
2026-08-18,VGS,🔴 YẾU,2,17800.0,-1.66,-2.2,36.99,⏳ CHỜ,OBV xấu + RSI yếu + Thiếu mẫu xác nhận,2026-08-19T13:01:40+07:00,-5.14,18012.77,17850.0,0.91,0.09,-1.18,4645300.0,4742722.0,80400.0,108635.0,,0.9,0.87,4.71,4.71,-5.32,-1.11,2,0,0,0,1,0,1,,,,,,🔴,TÍCH LŨY,PULL XẤU,OBV gãy | RSI yếu | RSI chững | Giá dưới EMA9 | Pull xấu,🔴,,,,🟡 Ổn định,,False
2026-08-18,VOS,🔴 YẾU,2,11100.0,-0.89,-0.89,48.16,⏳ CHỜ,OBV xấu + Thiếu mẫu xác nhận,2026-08-19T13:01:40+07:00,3.81,11066.6,10875.0,1.76,-0.15,0.3,25376100.0,25387037.0,349800.0,414070.0,,0.89,0.95,7.77,7.77,-4.31,-0.45,3,2,0,0,1,0,0,,,,,,🔴,MUA EARLY,PULL XẤU,OBV gãy | RSI yếu | Pull xấu,🟡,,,,🟡 Ổn định,,True
2026-08-18,ACB,⚠️ YẾU DẦN,3,21800.0,-3.75,-2.9,40.1,🟠 HẠN CHẾ / GIẢM,OBV xấu + RSI yếu + Thiếu mẫu xác nhận,2026-08-19T13:01:40+07:00,-5.5,22193.6,22340.0,-0.66,-0.45,-1.77,-34284400.0,-20436144.0,7316500.0,13071305.0,,0.71,0.74,0.0,2.64,-5.83,-0.23,1,0,0,0,0,0,1,,,,,,🔴,THEO DÕI,PULL XẤU,OBV gãy | RSI yếu | RSI chững | Giá dưới EMA9 | Slope âm | Pull xấu,🔴,,,,🔴 Yếu,,True
2026-08-18,AGR,⚠️ YẾU DẦN,3,12700.0,-4.87,-4.51,38.27,🟠 HẠN CHẾ / GIẢM,OBV xấu + RSI yếu + Thiếu mẫu xác nhận,2026-08-19T13:01:40+07:00,-3.97,13006.32,13087.5,-0.62,-0.42,-2.36,22216700.0,22758367.0,209100.0,341505.0,,0.9,0.76,3.67,3.67,-10.25,-1.55,1,0,0,0,0,0,1,,,,,,🔴,THEO DÕI,PULL XẤU,OBV gãy | RSI yếu | RSI chững | Giá dưới EMA9 | Slope âm | Pull xấu,🔴,,,,🔴 Yếu,,True
2026-08-18,ANV,⚠️ YẾU DẦN,3,16650.0,-5.4,-4.31,35.38,🟠 HẠN CHẾ / GIẢM,OBV xấu + RSI yếu + RS yếu,2026-08-19T13:01:40+07:00,-8.78,17235.67,17212.45,0.13,-1.29,-3.4,43474200.0,43939066.0,384200.0,569960.0,,1.14,0.99,3.1,3.1,-9.02,-2.06,2,0,0,0,1,0,1,,,,,,🔴,TÍCH LŨY,PULL XẤU,OBV gãy | RSI yếu | RSI chững | Giá dưới EMA9 | Pull xấu,🔴,,,,🟡 Ổn định,,True
2026-08-18,BID,⚠️ YẾU DẦN,3,35700.0,-2.46,0.37,46.97,🟠 HẠN CHẾ / GIẢM,OBV xấu + Thiếu mẫu xác nhận,2026-08-19T13:01:40+07:00,-5.25,35959.11,35144.95,2.32,-0.75,-0.72,143071700.0,146073148.0,2494000.0,4434285.0,,0.92,0.94,9.92,9.92,-4.39,-0.83,2,0,0,0,1,0,1,,,,,,🔴,TÍCH LŨY,PULL XẤU,OBV gãy | RSI yếu | RSI chững | Giá dưới EMA9 | Pull xấu,🔴,,,,🟢 Tăng tốc,,True
2026-08-18,BMP,⚠️ YẾU DẦN,3,144700.0,-2.89,-3.4,39.28,🟠 HẠN CHẾ / GIẢM,OBV xấu + RSI yếu + Thiếu mẫu xác nhận,2026-08-19T13:01:40+07:00,-11.43,147448.03,148930.0,-1.0,-0.43,-1.86,1885000.0,2023644.0,52800.0,99765.0,,0.65,0.76,0.0,9.7,-7.18,-0.41,1,0,0,0,0,0,1,,,,,,🔴,THEO DÕI,PULL XẤU,OBV gãy | RSI yếu | RSI chững | Giá dưới EMA9 | Slope âm | Pull xấu,🔴,,,,🔴 Yếu,,True
2026-08-18,BSI,⚠️ YẾU DẦN,3,27700.0,-5.78,-2.81,38.17,🟠 HẠN CHẾ / GIẢM,OBV xấu + RS yếu + RSI yếu,2026-08-19T13:01:40+07:00,-3.33,28225.45,28127.5,0.35,-0.08,-1.86,21712900.0,22177333.0,223900.0,414550.0,,0.93,0.88,5.52,5.52,-8.88,0.36,1,0,0,0,1,0,0,,,,,,🔴,THEO DÕI,PULL XẤU,OBV gãy | RSI yếu | RSI chững | Giá dưới EMA9 | Pull xấu,🔴,,,,🟡 Ổn định,,True
2026-08-18,BVS,⚠️ YẾU DẦN,3,26200.0,-3.68,-3.68,42.85,🟠 HẠN CHẾ / GIẢM,OBV xấu + Thiếu mẫu xác nhận,2026-08-19T13:01:40+07:00,-4.02,26694.71,26555.0,0.53,0.55,-1.85,2764800.0,3713614.0,381500.0,913810.0,,0.78,0.79,7.82,7.82,-11.78,-0.38,2,0,0,0,1,0,1,,,,,,🔴,TÍCH LŨY,PULL XẤU,OBV gãy | RSI yếu | RSI chững | Giá dưới EMA9 | Pull xấu,🔴,,,,🟡 Ổn định,,False
2026-08-18,C4G,⚠️ YẾU DẦN,3,5500.0,-1.79,-3.51,34.03,🟠 HẠN CHẾ / GIẢM,OBV xấu + RSI yếu + Thiếu mẫu xác nhận,2026-08-19T13:01:40+07:00,-6.69,5617.54,5655.0,-0.66,0.39,-2.09,15031300.0,15176620.0,251600.0,273045.0,,1.32,1.19,0.0,0.0,-11.29,-1.79,0,0,0,0,0,0,0,,,,,,🔴,THEO DÕI,PULL XẤU,OBV gãy | RSI yếu | RSI chững | Giá dưới EMA9 | Slope âm | Pull xấu,🔴,,,,🔴 Yếu,,False
2026-08-18,CMG,⚠️ YẾU DẦN,3,23600.0,-5.22,-7.09,33.68,🟠 HẠN CHẾ / GIẢM,OBV xấu + RSI yếu + Thiếu mẫu xác nhận,2026-08-19T13:01:40+07:00,-5.63,24294.06,24460.0,-0.68,-0.9,-2.86,-7907900.0,-7738372.0,106400.0,186560.0,,0.76,0.72,0.0,0.0,-8.35,-1.67,1,0,0,0,0,0,1,,,,,,🔴,THEO DÕI,PULL XẤU,OBV gãy | RSI yếu | RSI chững | Giá dưới EMA9 | Slope âm | Pull xấu,🔴,,,,🔴 Yếu,,True
2026-08-18,CSV,⚠️ YẾU DẦN,3,21250.0,-4.92,-2.52,41.58,🟠 HẠN CHẾ / GIẢM,OBV xấu + RS yếu + RSI yếu,2026-08-19T13:01:40+07:00,-5.16,21635.03,21547.5,0.41,-0.57,-1.78,-3712200.0,-3596378.0,247000.0,344355.0,,0.69,0.9,6.25,6.25,-6.8,-0.23,2,0,0,0,1,0,1,,,,,,🔴,TÍCH LŨY,PULL XẤU,OBV gãy | RSI yếu | RSI chững | Giá dưới EMA9 | Pull xấu,🔴,,,,🟡 Ổn định,,True
2026-08-18,CTD,⚠️ YẾU DẦN,3,61800.0,-1.44,-2.83,45.19,🟠 HẠN CHẾ / GIẢM,OBV xấu + Thiếu mẫu xác nhận,2026-08-19T13:01:40+07:00,-1.44,61992.54,60410.0,2.62,-0.73,-0.31,10339200.0,10434596.0,167000.0,379530.0,,0.67,0.77,12.16,12.16,-4.92,-0.8,2,0,0,0,1,0,1,,,,,,🔴,TÍCH LŨY,PULL XẤU,OBV gãy | RSI yếu | RSI chững | Giá dưới EMA9 | Pull xấu,🔴,,,,🟢 Tăng tốc,,True
2026-08-18,CTG,⚠️ YẾU DẦN,3,31150.0,-3.56,-2.2,45.19,🟠 HẠN CHẾ / GIẢM,OBV xấu + Thiếu mẫu xác nhận,2026-08-19T13:01:40+07:00,-9.4,31628.97,30927.45,2.27,-1.18,-1.51,365710700.0,372007372.0,4286400.0,8796350.0,,0.76,0.89,8.35,8.35,-5.61,-1.11,2,0,0,0,1,0,1,,,,,,🔴,TÍCH LŨY,PULL XẤU,OBV gãy | RSI yếu | RSI chững | Giá dưới EMA9 | Pull xấu,🔴,,,,🟢 Tăng tốc,,True
2026-08-18,DBC,⚠️ YẾU DẦN,3,16000.0,-4.19,-3.61,34.17,🟠 HẠN CHẾ / GIẢM,OBV xấu + RSI yếu + Thiếu mẫu xác nhận,2026-08-19T13:01:40+07:00,-8.47,16361.78,16352.45,0.06,-1.03,-2.21,5365300.0,6768411.0,737700.0,1524110.0,,0.64,0.84,1.91,1.91,-6.43,-1.23,2,0,0,0,1,0,1,,,,,,🔴,TÍCH LŨY,PULL XẤU,OBV gãy | RSI yếu | RSI chững | Giá dưới EMA9 | Pull xấu,🔴,,,,🟡 Ổn định,,True
2026-08-18,DDV,⚠️ YẾU DẦN,3,18100.0,-3.21,-4.74,32.37,🟠 HẠN CHẾ / GIẢM,OBV xấu + RSI yếu + Thiếu mẫu xác nhận,2026-08-19T13:01:40+07:00,-1.55,18442.8,18530.0,-0.47,0.39,-1.86,56488800.0,56715134.0,215500.0,282210.0,,0.79,0.91,1.12,1.12,-11.27,0.56,0,0,0,0,0,0,0,,,,,,🔴,THEO DÕI,PULL XẤU,OBV gãy | RSI yếu | RSI chững | Giá dưới EMA9 | Slope âm | Pull xấu,🔴,,,,🔴 Yếu,,False
2026-08-18,DPG,⚠️ YẾU DẦN,3,29750.0,-2.94,-4.03,43.51,🟠 HẠN CHẾ / GIẢM,OBV xấu + Thiếu mẫu xác nhận,2026-08-19T13:01:40+07:00,-5.09,30078.04,28990.0,3.75,-0.7,-1.09,21666500.0,22106806.0,261300.0,388410.0,,0.77,1.02,14.2,14.2,-7.47,-1.49,2,0,0,0,1,0,1,,,,,,🔴,TÍCH LŨY,PULL XẤU,OBV gãy | RSI yếu | RSI chững | Giá dưới EMA9 | Pull xấu,🔴,,,,🟢 Tăng tốc,,True
2026-08-18,EIB,⚠️ YẾU DẦN,3,16900.0,-6.63,-7.14,30.66,🟠 HẠN CHẾ / GIẢM,OBV xấu + RSI yếu + RS yếu,2026-08-19T13:01:40+07:00,-5.64,17510.11,17660.0,-0.85,-1.64,-3.48,146723800.0,161828049.0,7906000.0,6487175.0,,0.84,0.77,2.42,2.42,-9.38,-1.46,-2,0,0,0,0,0,-2,,,,,,🔴,THEO DÕI,PULL XẤU,OBV gãy | RSI yếu | RSI chững | Giá dưới EMA9 | Slope âm | Pull xấu,🔴,,,,🔴 Yếu,,True
2026-08-18,FOX,⚠️ YẾU DẦN,3,64500.0,-2.57,-1.68,43.0,🟠 HẠN CHẾ / GIẢM,OBV xấu + Thiếu mẫu xác nhận,2026-08-19T13:01:40+07:00,-0.84,64619.49,64185.0,0.68,-0.84,-0.18,5410700.0,5421196.0,81800.0,68595.0,,0.84,0.89,5.74,5.74,-4.16,0.78,2,0,0,0,1,0,1,,,,,,🔴,TÍCH LŨY,PULL XẤU,OBV gãy | RSI yếu | RSI chững | Giá dưới EMA9 | Pull xấu,🔴,,,,🟡 Ổn định,,False
2026-08-18,FPT,⚠️ YẾU DẦN,3,69000.0,-3.09,-3.5,49.26,🟠 HẠN CHẾ / GIẢM,OBV xấu + Thiếu mẫu xác nhận,2026-08-19T13:01:40+07:00,-0.4,69375.7,68034.9,1.97,-1.42,-0.54,-424281800.0,-422845446.0,3383800.0,6427895.0,,0.88,0.86,10.93,10.93,-5.87,0.29,1,0,0,0,1,0,0,,,,,,🔴,THEO DÕI,PULL XẤU,OBV gãy | RSI yếu | RSI chững | Giá dưới EMA9 | Pull xấu,🔴,,✅ EARLY GREEN2,,🟡 Ổn định,,True
2026-08-18,GEE,⚠️ YẾU DẦN,3,65400.0,-11.98,-6.57,37.49,🟠 HẠN CHẾ / GIẢM,OBV xấu + RS yếu + RSI yếu,2026-08-19T13:01:40+07:00,-8.03,68893.03,68200.0,1.02,-0.95,-5.07,89400400.0,90659310.0,1281900.0,1419600.0,,1.55,1.14,2.99,2.99,-15.83,-4.39,1,0,0,0,1,0,0,,,,,,🔴,THEO DÕI,PULL XẤU,OBV gãy | RSI yếu | RSI chững | Giá dưới EMA9 | Pull xấu,🔴,,,,🟡 Ổn định,,True
2026-08-18,GEX,⚠️ YẾU DẦN,3,24450.0,-7.39,-1.61,46.57,🟠 HẠN CHẾ / GIẢM,OBV xấu + RS yếu + Thiếu mẫu xác nhận,2026-08-19T13:01:40+07:00,-4.98,24793.19,23552.5,5.27,-1.81,-1.38,510109500.0,531721137.0,8430000.0,13872855.0,,0.83,0.9,20.44,20.44,-8.94,-1.01,2,0,0,0,1,0,1,,,,,,🔴,TÍCH LŨY,PULL XẤU,OBV gãy | RSI yếu | RSI chững | Giá dưới EMA9 | Pull xấu,🔴,,,,🟢 Tăng tốc,,True
2026-08-18,GIL,⚠️ YẾU DẦN,3,7780.0,-10.16,5.42,41.25,🟠 HẠN CHẾ / GIẢM,OBV xấu + RS yếu + RSI yếu,2026-08-19T13:01:40+07:00,-10.51,8106.77,7510.45,7.94,-1.32,-4.03,-4830300.0,-4784659.0,130500.0,270910.0,,1.24,1.2,18.78,18.78,-15.98,-6.38,3,0,0,0,1,1,1,,,,,,🔴,MUA EARLY,PULL XẤU,OBV gãy | RSI yếu | RSI chững | Giá dưới EMA9 | Pull xấu,🟡,,,,🟢 Tăng tốc,,True
2026-08-18,HCM,⚠️ YẾU DẦN,3,24900.0,-6.04,-0.8,46.78,🟠 HẠN CHẾ / GIẢM,OBV xấu + RS yếu + Thiếu mẫu xác nhận,2026-08-19T13:01:40+07:00,-8.02,25433.83,25470.0,-0.14,-0.92,-2.1,559015100.0,562995665.0,3915600.0,4839715.0,,1.09,1.01,0.0,8.36,-8.96,-1.58,0,0,0,0,0,0,0,,,,,,🔴,THEO DÕI,PULL XẤU,OBV gãy | RSI yếu | RSI chững | Giá dưới EMA9 | Slope âm | Pull xấu,🔴,,,,🔴 Yếu,,True
2026-08-18,HDG,⚠️ YẾU DẦN,3,15900.0,-5.36,-4.5,33.31,🟠 HẠN CHẾ / GIẢM,OBV xấu + RSI yếu + RS yếu,2026-08-19T13:01:40+07:00,-3.46,16345.47,16367.45,-0.13,-0.61,-2.73,15460700.0,17304976.0,640800.0,1295815.0,,0.78,0.79,2.58,2.58,-7.56,-1.54,1,0,0,0,0,0,1,,,,,,🔴,THEO DÕI,PULL XẤU,OBV gãy | RSI yếu | RSI chững | Giá dưới EMA9 | Slope âm | Pull xấu,🔴,,,,🔴 Yếu,,True
2026-08-18,HHS,⚠️ YẾU DẦN,3,9730.0,-2.7,-5.07,42.27,🟠 HẠN CHẾ / GIẢM,OBV xấu + Thiếu mẫu xác nhận,2026-08-19T13:01:40+07:00,-2.09,9898.18,9852.5,0.46,-0.15,-1.7,155813900.0,156954555.0,481000.0,955045.0,,0.85,0.97,3.51,3.51,-6.89,-1.02,2,0,0,0,1,0,1,,,,,,🔴,TÍCH LŨY,PULL XẤU,OBV gãy | RSI yếu | RSI chững | Giá dưới EMA9 | Pull xấu,🔴,,,,🟡 Ổn định,,True
2026-08-18,HHV,⚠️ YẾU DẦN,3,10000.0,-1.48,-1.96,42.31,🟠 HẠN CHẾ / GIẢM,OBV xấu + Thiếu mẫu xác nhận + RSI yếu,2026-08-19T13:01:40+07:00,-4.54,10090.31,10046.5,0.44,-0.5,-0.9,167693600.0,169432568.0,1565100.0,2529565.0,,1.18,1.08,2.04,2.04,-4.76,-0.5,2,0,0,0,1,0,1,,,,,,🔴,TÍCH LŨY,PULL XẤU,OBV gãy | RSI yếu | RSI chững | Giá dưới EMA9 | Pull xấu,🔴,,,,🟡 Ổn định,,True
2026-08-18,HPG,⚠️ YẾU DẦN,3,21000.0,-4.76,-5.19,36.64,🟠 HẠN CHẾ / GIẢM,OBV xấu + RSI yếu + Thiếu mẫu xác nhận,2026-08-19T13:01:40+07:00,-8.15,21529.02,21537.5,-0.04,-1.81,-2.46,283382424.0,328146684.0,16367500.0,24626720.0,,0.8,0.78,3.19,3.19,-7.28,-0.71,1,0,0,0,0,0,1,,,,,,🔴,THEO DÕI,PULL XẤU,OBV gãy | RSI yếu | RSI chững | Giá dưới EMA9 | Slope âm | Pull xấu,🔴,,,,🔴 Yếu,,True
2026-08-18,HSG,⚠️ YẾU DẦN,3,10550.0,-3.21,-2.76,40.35,🟠 HẠN CHẾ / GIẢM,OBV xấu + Thiếu mẫu xác nhận,2026-08-19T13:01:40+07:00,-2.38,10697.66,10672.5,0.24,-0.67,-1.38,46647500.0,48729104.0,1030100.0,1955250.0,,0.84,0.83,4.98,4.98,-4.95,-0.47,2,0,0,0,1,0,1,,,,,,🔴,TÍCH LŨY,PULL XẤU,OBV gãy | RSI yếu | RSI chững | Giá dưới EMA9 | Pull xấu,🔴,,,,🟡 Ổn định,,True
2026-08-18,HUT,⚠️ YẾU DẦN,3,13200.0,-3.65,-7.04,21.13,🟠 HẠN CHẾ / GIẢM,OBV xấu + Xu hướng giảm + RSI yếu,2026-08-19T13:01:40+07:00,0.44,13482.72,14100.0,-4.38,-0.24,-2.1,26606100.0,28039919.0,1582500.0,2228080.0,,0.57,0.57,0.76,0.76,-12.58,1.54,0,0,0,0,0,0,0,,,,,,🔴,THEO DÕI,PULL XẤU,OBV gãy | RSI yếu | Giá dưới EMA9 | Slope âm | Pull xấu,🔴,,,,🔴 Yếu,,False
2026-08-18,HVN,⚠️ YẾU DẦN,3,22950.0,-3.16,-3.37,47.1,🟠 HẠN CHẾ / GIẢM,OBV xấu + Thiếu mẫu xác nhận,2026-08-19T13:01:40+07:00,-8.04,23315.06,22810.0,2.21,-1.27,-1.57,4221500.0,4490743.0,454000.0,977490.0,,0.71,1.05,8.25,9.29,-8.57,0.66,1,0,0,0,1,0,0,,,,,,🔴,THEO DÕI,PULL XẤU,OBV gãy | RSI yếu | RSI chững | Giá dưới EMA9 | Pull xấu,🔴,,,,🟢 Tăng tốc,,True
2026-08-18,IDC,⚠️ YẾU DẦN,3,32900.0,-3.52,-1.2,43.43,🟠 HẠN CHẾ / GIẢM,OBV xấu + Thiếu mẫu xác nhận + RSI yếu,2026-08-19T13:01:40+07:00,-10.38,33470.31,33097.0,1.13,-1.04,-1.7,65312300.0,66750704.0,594800.0,1051460.0,,0.91,0.95,4.44,4.44,-6.53,-1.79,2,0,0,0,1,0,1,,,,,,🔴,TÍCH LŨY,PULL XẤU,OBV gãy | RSI yếu | RSI chững | Giá dưới EMA9 | Pull xấu,🔴,,,,🟡 Ổn định,,False
2026-08-18,IJC,⚠️ YẾU DẦN,3,7200.0,-8.4,-2.44,38.6,🟠 HẠN CHẾ / GIẢM,OBV xấu + RS yếu + RSI yếu,2026-08-19T13:01:40+07:00,-10.41,7478.68,7341.5,1.87,-1.67,-3.73,-41274700.0,-37091534.0,1773600.0,2414565.0,,1.14,1.06,7.62,7.62,-12.08,-2.83,2,0,0,0,1,0,1,,,,,,🔴,TÍCH LŨY,PULL XẤU,OBV gãy | RSI yếu | RSI chững | Giá dưới EMA9 | Pull xấu,🔴,,,,🟡 Ổn định,,True
2026-08-18,KBC,⚠️ YẾU DẦN,3,26800.0,-4.96,-5.63,33.57,🟠 HẠN CHẾ / GIẢM,OBV xấu + RSI yếu + Xu hướng giảm,2026-08-19T13:01:40+07:00,-6.52,27452.5,27755.0,-1.09,-1.62,-2.38,228678900.0,230406993.0,1026100.0,1340115.0,,1.01,0.96,0.0,0.0,-7.43,-0.19,1,0,0,0,0,0,1,,,,,,🔴,THEO DÕI,PULL XẤU,OBV gãy | RSI yếu | RSI chững | Giá dưới EMA9 | Slope âm | Pull xấu,🔴,,,,🔴 Yếu,,True
2026-08-18,KDH,⚠️ YẾU DẦN,3,17500.0,-3.85,-2.78,37.18,🟠 HẠN CHẾ / GIẢM,OBV xấu + Thiếu mẫu xác nhận,2026-08-19T13:01:40+07:00,-0.87,17835.59,17700.0,0.77,-0.37,-1.88,-21777100.0,-18146559.0,3594300.0,5263340.0,,1.01,0.93,6.71,6.71,-6.42,-3.05,2,0,0,0,1,0,1,,,,,,🔴,TÍCH LŨY,PULL XẤU,OBV gãy | RSI yếu | RSI chững | Giá dưới EMA9 | Pull xấu,🔴,,,,🟡 Ổn định,,True
2026-08-18,LAS,⚠️ YẾU DẦN,3,11600.0,-6.45,-3.33,33.48,🟠 HẠN CHẾ / GIẢM,OBV xấu + RSI yếu + RS yếu,2026-08-19T13:01:40+07:00,-7.47,11957.48,11895.0,0.53,-0.81,-2.99,-19465300.0,-19311737.0,115500.0,192315.0,,0.85,1.03,0.87,0.87,-9.38,-1.69,2,0,0,0,1,0,1,,,,,,🔴,TÍCH LŨY,PULL XẤU,OBV gãy | RSI yếu | RSI chững | Giá dưới EMA9 | Pull xấu,🔴,,,,🟡 Ổn định,,False
2026-08-18,LPB,⚠️ YẾU DẦN,3,51100.0,-4.84,-5.02,43.47,🟠 HẠN CHẾ / GIẢM,OBV xấu + Xu hướng giảm + Thiếu mẫu xác nhận,2026-08-19T13:01:40+07:00,-11.67,52329.5,52865.0,-1.01,-1.1,-2.35,165470800.0,167209706.0,3176200.0,3236140.0,,1.09,0.91,0.39,12.31,-8.75,0.0,0,0,0,0,0,0,0,,,,,,🔴,THEO DÕI,PULL XẤU,OBV gãy | RSI yếu | RSI chững | Giá dưới EMA9 | Slope âm | Pull xấu,🔴,,,,🔴 Yếu,,True
2026-08-18,MBS,⚠️ YẾU DẦN,3,17100.0,-3.82,-2.79,40.87,🟠 HẠN CHẾ / GIẢM,OBV xấu + Thiếu mẫu xác nhận,2026-08-19T13:01:40+07:00,-3.08,17431.29,17404.0,0.16,-0.3,-1.9,-48065300.0,-42894422.0,3213000.0,5684090.0,,0.82,0.82,3.95,3.95,-8.21,-1.16,2,0,0,0,1,0,1,,,,,,🔴,TÍCH LŨY,PULL XẤU,OBV gãy | RSI yếu | RSI chững | Giá dưới EMA9 | Pull xấu,🔴,,,,🟡 Ổn định,,False
2026-08-18,MCH,⚠️ YẾU DẦN,3,135000.0,-0.74,-0.72,48.6,🟠 HẠN CHẾ / GIẢM,OBV xấu + Thiếu mẫu xác nhận,2026-08-19T13:01:40+07:00,-6.3,136103.07,135956.0,0.11,-0.11,-0.81,11037400.0,11105570.0,331900.0,407660.0,,0.64,0.57,1.63,8.3,-4.59,-1.68,1,0,0,0,1,0,0,,,,,,🔴,THEO DÕI,PULL XẤU,OBV gãy | RSI yếu | RSI chững | Giá dưới EMA9 | Pull xấu,🔴,,,,🟡 Ổn định,,True
2026-08-18,MSB,⚠️ YẾU DẦN,3,15600.0,-4.0,-3.7,38.52,🟠 HẠN CHẾ / GIẢM,OBV xấu + RSI yếu + Thiếu mẫu xác nhận,2026-08-19T13:01:40+07:00,-16.95,16022.06,16024.8,-0.02,-0.44,-2.63,762288100.0,762794900.0,2486500.0,6428965.0,,1.01,0.92,0.0,9.86,-4.29,-2.19,1,0,0,0,0,0,1,,,,,,🔴,THEO DÕI,PULL XẤU,OBV gãy | RSI yếu | RSI chững | Giá dưới EMA9 | Slope âm | Pull xấu,🔴,,,,🔴 Yếu,,True
2026-08-18,MSH,⚠️ YẾU DẦN,3,30150.0,-4.74,-2.74,36.3,🟠 HẠN CHẾ / GIẢM,OBV xấu + RSI yếu + RS yếu,2026-08-19T13:01:40+07:00,-9.72,30697.02,30802.5,-0.34,-1.13,-1.78,11829000.0,12096412.0,78000.0,115555.0,,1.16,0.87,0.5,0.5,-5.78,0.17,0,0,0,0,0,0,0,,,,,,🔴,THEO DÕI,PULL XẤU,OBV gãy | RSI yếu | RSI chững | Giá dưới EMA9 | Slope âm | Pull xấu,🔴,,,,🔴 Yếu,,True
2026-08-18,NAB,⚠️ YẾU DẦN,3,11550.0,-3.35,-4.55,32.18,🟠 HẠN CHẾ / GIẢM,OBV xấu + RSI yếu + Xu hướng giảm,2026-08-19T13:01:40+07:00,-3.88,11795.66,12032.5,-1.97,-0.15,-2.08,50243000.0,54417272.0,1267900.0,1680290.0,,0.73,0.81,0.0,0.0,-9.77,-0.86,1,0,0,0,0,0,1,,,,,,🔴,THEO DÕI,PULL XẤU,OBV gãy | RSI yếu | RSI chững | Giá dưới EMA9 | Slope âm | Pull xấu,🔴,,,,🔴 Yếu,,True
2026-08-18,NHA,⚠️ YẾU DẦN,3,7800.0,-7.8,-6.81,33.98,🟠 HẠN CHẾ / GIẢM,OBV xấu + RSI yếu + RS yếu,2026-08-19T13:01:40+07:00,-9.86,8229.42,8177.4,0.64,-0.24,-5.22,6734300.0,6887278.0,145600.0,96225.0,,0.88,0.94,2.63,2.63,-13.24,-5.45,-1,0,0,0,1,0,-2,,,,,,🔴,THEO DÕI,PULL XẤU,OBV gãy | RSI yếu | RSI chững | Giá dưới EMA9 | Pull xấu,🔴,,,,🟡 Ổn định,,True
2026-08-18,NKG,⚠️ YẾU DẦN,3,10600.0,-5.36,-4.07,35.44,🟠 HẠN CHẾ / GIẢM,OBV xấu + RSI yếu + RS yếu,2026-08-19T13:01:40+07:00,-9.87,10909.03,10895.0,0.13,-1.74,-2.83,274618300.0,276450023.0,1139200.0,1839510.0,,0.93,0.94,1.92,1.92,-7.02,-2.3,2,0,0,0,1,0,1,,,,,,🔴,TÍCH LŨY,PULL XẤU,OBV gãy | RSI yếu | RSI chững | Giá dưới EMA9 | Pull xấu,🔴,,,,🟡 Ổn định,,True
2026-08-18,NT2,⚠️ YẾU DẦN,3,21250.0,-1.62,-0.93,45.74,🟠 HẠN CHẾ / GIẢM,OBV xấu + Thiếu mẫu xác nhận,2026-08-19T13:01:40+07:00,-4.1,21359.01,21260.0,0.47,-0.4,-0.51,14319800.0,14499953.0,475700.0,524540.0,,0.77,0.77,3.66,3.66,-2.97,-1.16,1,0,0,0,1,0,0,,,,,,🔴,THEO DÕI,PULL XẤU,OBV gãy | RSI yếu | RSI chững | Giá dưới EMA9 | Pull xấu,🔴,,,,🟡 Ổn định,,True
2026-08-18,NVL,⚠️ YẾU DẦN,3,13100.0,-3.32,-2.24,48.19,🟠 HẠN CHẾ / GIẢM,OBV xấu + Thiếu mẫu xác nhận,2026-08-19T13:01:40+07:00,-6.26,13337.7,13237.5,0.76,-1.91,-1.78,596879704.0,623030888.0,8610000.0,17748315.0,,0.84,1.0,3.97,10.55,-8.07,-1.5,2,0,0,0,1,0,1,,,,,,🔴,TÍCH LŨY,PULL XẤU,OBV gãy | RSI yếu | RSI chững | Giá dưới EMA9 | Pull xấu,🔴,,,,🟡 Ổn định,,True
2026-08-18,ORS,⚠️ YẾU DẦN,3,13500.0,-6.57,-5.26,44.69,🟠 HẠN CHẾ / GIẢM,OBV xấu + RS yếu + Thiếu mẫu xác nhận,2026-08-19T13:01:40+07:00,-8.67,13920.69,13820.0,0.73,-1.81,-3.02,213574900.0,214595410.0,1596900.0,4320665.0,,1.02,0.87,5.47,6.72,-8.47,-2.53,2,0,0,0,1,0,1,,,,,,🔴,TÍCH LŨY,PULL XẤU,OBV gãy | RSI yếu | RSI chững | Giá dưới EMA9 | Pull xấu,🔴,,,,🟡 Ổn định,,True
2026-08-18,PC1,⚠️ YẾU DẦN,3,20350.0,-0.97,-5.35,40.73,🟠 HẠN CHẾ / GIẢM,OBV xấu + Xu hướng giảm + Thiếu mẫu xác nhận,2026-08-19T13:01:40+07:00,-4.14,20624.97,20965.0,-1.62,-0.61,-1.33,120051100.0,123010244.0,899900.0,1887380.0,,0.78,0.85,0.0,9.41,-8.74,0.74,0,0,0,0,0,0,0,,,,,,🔴,THEO DÕI,PULL XẤU,OBV gãy | RSI yếu | RSI chững | Giá dưới EMA9 | Slope âm | Pull xấu,🔴,,,,🔴 Yếu,,True
2026-08-18,PET,⚠️ YẾU DẦN,3,38300.0,-4.01,-4.25,51.14,🟠 HẠN CHẾ / GIẢM,OBV xấu + Thiếu mẫu xác nhận,2026-08-19T13:01:40+07:00,-9.27,39015.93,38112.5,2.37,-1.74,-1.83,68854100.0,69646656.0,564800.0,446210.0,,1.29,1.28,10.06,14.26,-8.59,-3.04,-1,0,0,0,1,0,-2,,,,,,🔴,THEO DÕI,PULL XẤU,OBV gãy | RSI yếu | RSI chững | Giá dưới EMA9 | Pull xấu,🔴,,,,🟢 Tăng tốc,,True
2026-08-18,POW,⚠️ YẾU DẦN,3,13350.0,-2.91,-3.96,42.9,🟠 HẠN CHẾ / GIẢM,OBV xấu + Thiếu mẫu xác nhận,2026-08-19T13:01:40+07:00,-1.87,13497.13,13535.0,-0.28,-0.83,-1.09,307155504.0,314044829.0,4558700.0,6777020.0,,0.86,0.95,1.14,1.14,-5.32,0.0,0,0,0,0,0,0,0,,,,,,🔴,THEO DÕI,PULL XẤU,OBV gãy | RSI yếu | RSI chững | Giá dưới EMA9 | Slope âm | Pull xấu,🔴,,,,🔴 Yếu,,True
2026-08-18,PTB,⚠️ YẾU DẦN,3,32100.0,-3.6,-6.96,35.81,🟠 HẠN CHẾ / GIẢM,OBV xấu + RSI yếu + Thiếu mẫu xác nhận,2026-08-19T13:01:40+07:00,-8.83,33104.75,33189.95,-0.26,-0.73,-3.04,-770100.0,-659339.0,39700.0,58185.0,,0.87,0.77,0.78,0.78,-7.49,-1.23,1,0,0,0,0,0,1,,,,,,🔴,THEO DÕI,PULL XẤU,OBV gãy | RSI yếu | RSI chững | Giá dưới EMA9 | Slope âm | Pull xấu,🔴,,,,🔴 Yếu,,True
2026-08-18,REE,⚠️ YẾU DẦN,3,45300.0,-4.13,-6.31,38.3,🟠 HẠN CHẾ / GIẢM,OBV xấu + RSI yếu + Thiếu mẫu xác nhận,2026-08-19T13:01:40+07:00,-8.38,46274.87,46105.0,0.37,-1.46,-2.11,-11941700.0,-11274816.0,212100.0,490355.0,,0.59,0.62,3.31,3.31,-6.98,-0.98,2,0,0,0,1,0,1,,,,,,🔴,TÍCH LŨY,PULL XẤU,OBV gãy | RSI yếu | RSI chững | Giá dưới EMA9 | Pull xấu,🔴,,,,🟡 Ổn định,,True
2026-08-18,SHB,⚠️ YẾU DẦN,3,11500.0,-3.36,-2.54,36.1,🟠 HẠN CHẾ / GIẢM,OBV xấu + RSI yếu + Thiếu mẫu xác nhận,2026-08-19T13:01:40+07:00,-5.69,11722.2,11712.5,0.08,-0.3,-1.9,1484170160.0,1619635451.0,51274900.0,54043390.0,,0.81,0.9,2.68,2.68,-5.35,-1.29,1,0,0,0,1,0,0,,,,,,🔴,THEO DÕI,PULL XẤU,OBV gãy | RSI yếu | RSI chững | Giá dưới EMA9 | Pull xấu,🔴,,,,🟡 Ổn định,,True
2026-08-18,SHS,⚠️ YẾU DẦN,3,14700.0,-7.55,-6.96,35.47,🟠 HẠN CHẾ / GIẢM,OBV xấu + RSI yếu + RS yếu,2026-08-19T13:01:40+07:00,-9.77,15410.75,15465.0,-0.35,-2.01,-4.61,651952596.0,686206385.0,14724000.0,11340010.0,,1.12,0.94,2.8,2.8,-10.91,-3.29,-2,0,0,0,0,0,-2,,,,,,🔴,THEO DÕI,PULL XẤU,OBV gãy | RSI yếu | RSI chững | Giá dưới EMA9 | Slope âm | Pull xấu,🔴,,,,🔴 Yếu,,False
2026-08-18,SIP,⚠️ YẾU DẦN,3,49400.0,-2.95,-3.14,47.68,🟠 HẠN CHẾ / GIẢM,OBV xấu + Thiếu mẫu xác nhận + Vol chưa xác nhận,2026-08-19T13:01:40+07:00,-13.47,50080.54,49167.5,1.86,-1.43,-1.36,130800.0,374627.0,167700.0,97365.0,,0.86,1.1,6.01,6.01,-4.45,-1.1,-1,0,0,0,1,0,-2,,,,,,🔴,THEO DÕI,PULL XẤU,OBV gãy | RSI yếu | RSI chững | Giá dưới EMA9 | Pull xấu,🔴,,,,🟡 Ổn định,,True
2026-08-18,SSB,⚠️ YẾU DẦN,3,14900.0,-3.25,-3.56,37.55,🟠 HẠN CHẾ / GIẢM,OBV xấu + RSI yếu + Thiếu mẫu xác nhận,2026-08-19T13:01:40+07:00,-4.95,15192.61,15367.5,-1.14,-0.25,-1.93,28544100.0,30215374.0,1914300.0,2122820.0,,0.96,0.98,0.0,6.43,-5.7,-2.3,0,0,0,0,0,0,0,,,,,,🔴,THEO DÕI,PULL XẤU,OBV gãy | RSI yếu | RSI chững | Giá dưới EMA9 | Slope âm | Pull xấu,🔴,,,,🔴 Yếu,,True
2026-08-18,SSI,⚠️ YẾU DẦN,3,19250.0,-4.23,-1.89,44.65,🟠 HẠN CHẾ / GIẢM,OBV xấu + Thiếu mẫu xác nhận + RS yếu,2026-08-19T13:01:40+07:00,-7.73,19638.92,19219.0,2.18,-1.3,-1.98,975630588.0,988607436.0,15279600.0,21607240.0,,1.08,0.9,9.44,9.44,-5.54,-2.78,2,0,0,0,1,0,1,,,,,,🔴,TÍCH LŨY,PULL XẤU,OBV gãy | RSI yếu | RSI chững | Giá dưới EMA9 | Pull xấu,🔴,,,,🟢 Tăng tốc,,True
2026-08-18,SZC,⚠️ YẾU DẦN,3,19050.0,-4.99,2.14,44.72,🟠 HẠN CHẾ / GIẢM,OBV xấu + RS yếu + Thiếu mẫu xác nhận,2026-08-19T13:01:40+07:00,-7.7,19419.44,18780.0,3.4,-0.19,-1.9,-22093600.0,-21796518.0,411200.0,487265.0,,1.18,1.18,11.08,11.08,-7.75,-2.81,2,0,0,0,1,1,0,,,,,,🔴,TÍCH LŨY,PULL XẤU,OBV gãy | RSI yếu | RSI chững | Giá dưới EMA9 | Pull xấu,🔴,,,,🟢 Tăng tốc,,True
2026-08-18,TCM,⚠️ YẾU DẦN,3,16100.0,-3.3,-2.42,24.35,🟠 HẠN CHẾ / GIẢM,OBV xấu + RSI yếu + Thiếu mẫu xác nhận,2026-08-19T13:01:40+07:00,-5.68,16526.02,16750.0,-1.34,-0.05,-2.58,-11790100.0,-10482948.0,511700.0,1116305.0,,0.56,0.6,0.0,0.0,-10.06,-0.92,1,0,0,0,0,0,1,,,,,,🔴,THEO DÕI,PULL XẤU,OBV gãy | RSI yếu | RSI chững | Giá dưới EMA9 | Slope âm | Pull xấu,🔴,,,,🔴 Yếu,,True
2026-08-18,TNG,⚠️ YẾU DẦN,3,16800.0,-2.89,-2.27,44.38,🟠 HẠN CHẾ / GIẢM,OBV xấu + Thiếu mẫu xác nhận,2026-08-19T13:01:40+07:00,-9.72,17038.43,16804.45,1.39,-1.18,-1.4,33811200.0,34349087.0,395000.0,416750.0,,0.69,0.72,7.14,7.14,-6.35,-1.75,1,0,0,0,1,0,0,,,,,,🔴,THEO DÕI,PULL XẤU,OBV gãy | RSI yếu | RSI chững | Giá dưới EMA9 | Pull xấu,🔴,,,,🟡 Ổn định,,False
2026-08-18,TPB,⚠️ YẾU DẦN,3,14350.0,-2.38,-1.37,40.56,🟠 HẠN CHẾ / GIẢM,OBV xấu + Thiếu mẫu xác nhận,2026-08-19T13:01:40+07:00,-1.52,14484.61,14372.5,0.78,-0.2,-0.93,442870988.0,443321683.0,3707900.0,8694985.0,,0.55,0.86,3.24,3.24,-4.65,-0.35,2,0,0,0,1,0,1,,,,,,🔴,TÍCH LŨY,PULL XẤU,OBV gãy | RSI yếu | RSI chững | Giá dưới EMA9 | Pull xấu,🔴,,,,🟡 Ổn định,,True
2026-08-18,VCB,⚠️ YẾU DẦN,3,57500.0,-3.85,-4.17,43.55,🟠 HẠN CHẾ / GIẢM,OBV xấu + Thiếu mẫu xác nhận,2026-08-19T13:01:40+07:00,-10.93,58638.46,57647.5,1.72,-1.4,-1.94,116313200.0,124510512.0,2888000.0,5009110.0,,0.74,0.79,6.48,6.48,-5.74,-1.2,2,0,0,0,1,0,1,,,,,,🔴,TÍCH LŨY,PULL XẤU,OBV gãy | RSI yếu | RSI chững | Giá dưới EMA9 | Pull xấu,🔴,,,,🟡 Ổn định,,True
2026-08-18,VCG,⚠️ YẾU DẦN,3,15600.0,-2.5,-1.89,39.21,🟠 HẠN CHẾ / GIẢM,OBV xấu + Thiếu mẫu xác nhận + RSI yếu,2026-08-19T13:01:40+07:00,-3.08,15792.07,15679.95,0.72,-0.21,-1.22,236135800.0,236222744.0,1008600.0,2479270.0,,0.89,0.87,3.31,3.31,-6.02,-2.5,2,0,0,0,1,0,1,,,,,,🔴,TÍCH LŨY,PULL XẤU,OBV gãy | RSI yếu | RSI chững | Giá dưới EMA9 | Pull xấu,🔴,,,,🟡 Ổn định,,True
2026-08-18,VCI,⚠️ YẾU DẦN,3,20750.0,-6.11,-5.03,40.07,🟠 HẠN CHẾ / GIẢM,OBV xấu + RS yếu + RSI yếu,2026-08-19T13:01:40+07:00,-6.65,21496.26,21122.5,1.77,-1.66,-3.47,147560740.0,156022153.0,9851960.0,9590678.0,,0.94,0.9,12.47,12.47,-9.19,-3.71,1,0,0,0,1,0,0,,,,,,🔴,THEO DÕI,PULL XẤU,OBV gãy | RSI yếu | RSI chững | Giá dưới EMA9 | Pull xấu,🔴,,,,🟡 Ổn định,,True
2026-08-18,VCK,⚠️ YẾU DẦN,3,29200.0,-5.35,-6.86,36.82,🟠 HẠN CHẾ / GIẢM,OBV xấu + Thiếu mẫu xác nhận + RS yếu,2026-08-19T13:01:40+07:00,-1.67,29949.77,30125.0,-0.58,-1.26,-2.5,70333500.0,72230429.0,1686500.0,2418485.0,,0.84,0.79,3.0,3.0,-8.18,-1.52,1,0,0,0,0,0,1,,,,,,🔴,THEO DÕI,PULL XẤU,OBV gãy | RSI yếu | RSI chững | Giá dưới EMA9 | Slope âm | Pull xấu,🔴,,,,🔴 Yếu,,True
2026-08-18,VDS,⚠️ YẾU DẦN,3,11550.0,-5.33,-4.55,36.49,🟠 HẠN CHẾ / GIẢM,OBV xấu + RSI yếu + RS yếu,2026-08-19T13:01:40+07:00,-2.94,11849.83,11920.0,-0.59,-0.41,-2.53,46227300.0,47119855.0,471700.0,901800.0,,0.82,0.88,3.12,3.12,-11.15,-1.28,1,0,0,0,0,0,1,,,,,,🔴,THEO DÕI,PULL XẤU,OBV gãy | RSI yếu | RSI chững | Giá dưới EMA9 | Slope âm | Pull xấu,🔴,,,,🔴 Yếu,,True
2026-08-18,VGC,⚠️ YẾU DẦN,3,40350.0,-1.59,5.35,58.96,🟠 HẠN CHẾ / GIẢM,OBV xấu + Thiếu mẫu xác nhận,2026-08-19T13:01:40+07:00,-1.94,39946.18,38321.0,4.24,-0.25,1.01,28994400.0,29227798.0,213400.0,448310.0,,0.86,1.04,15.62,15.62,-2.77,-0.98,6,2,1,0,1,1,1,,,,,,🔴,MUA EARLY,PULL XẤU,OBV gãy | RSI chững | Pull xấu,🟡,,,,🟢 Tăng tốc,,True
2026-08-18,VHM,⚠️ YẾU DẦN,3,68900.0,-4.44,-9.88,44.02,🟠 HẠN CHẾ / GIẢM,OBV xấu + Thiếu mẫu xác nhận + Xu hướng giảm,2026-08-19T13:01:40+07:00,-5.32,70719.68,70777.5,-0.08,-2.89,-2.57,360994500.0,361112663.0,4816300.0,7068610.0,,1.14,1.31,8.59,8.59,-15.67,0.58,0,0,0,0,0,0,0,,,,,,🔴,THEO DÕI,PULL XẤU,OBV gãy | RSI yếu | RSI chững | Giá dưới EMA9 | Slope âm | Pull xấu,🔴,,,,🔴 Yếu,,True
2026-08-18,VIB,⚠️ YẾU DẦN,3,14400.0,-2.7,-2.7,38.86,🟠 HẠN CHẾ / GIẢM,OBV xấu + Thiếu mẫu xác nhận,2026-08-19T13:01:40+07:00,-1.32,14541.34,14570.0,-0.2,-0.37,-0.97,205789443.0,207059608.0,6858739.0,6029897.0,,0.67,0.81,1.77,1.77,-5.26,0.35,1,0,0,0,0,0,1,,,,,,🔴,THEO DÕI,PULL XẤU,OBV gãy | RSI yếu | RSI chững | Giá dưới EMA9 | Slope âm | Pull xấu,🔴,,,,🔴 Yếu,,True
2026-08-18,VIC,⚠️ YẾU DẦN,3,199500.0,-4.32,-8.49,37.88,🟠 HẠN CHẾ / GIẢM,OBV xấu + Xu hướng giảm + RSI yếu,2026-08-19T13:01:40+07:00,-5.44,206218.75,211655.0,-2.57,-1.75,-3.26,295847300.0,302618704.0,4301900.0,4856170.0,,1.27,1.18,0.76,3.91,-10.86,0.76,1,0,0,0,0,0,1,,,,,,🔴,THEO DÕI,PULL XẤU,OBV gãy | RSI yếu | RSI chững | Giá dưới EMA9 | Slope âm | Pull xấu,🔴,,,,🔴 Yếu,,True
2026-08-18,VIX,⚠️ YẾU DẦN,3,12950.0,-8.8,-6.83,39.04,🟠 HẠN CHẾ / GIẢM,OBV xấu + RS yếu + RSI yếu,2026-08-19T13:01:40+07:00,-9.0,13520.69,13222.5,2.26,-2.5,-4.22,1433368432.0,1498351558.0,31108300.0,48215595.0,,0.97,0.92,10.21,10.21,-10.69,-3.0,2,0,0,0,1,0,1,,,,,,🔴,TÍCH LŨY,PULL XẤU,OBV gãy | RSI yếu | RSI chững | Giá dưới EMA9 | Pull xấu,🔴,,,,🟢 Tăng tốc,,True
2026-08-18,VJC,⚠️ YẾU DẦN,3,123000.0,-3.3,-2.77,35.58,🟠 HẠN CHẾ / GIẢM,OBV xấu + RSI yếu + Thiếu mẫu xác nhận,2026-08-19T13:01:40+07:00,-3.45,124762.82,125540.0,-0.62,-0.21,-1.41,20129200.0,21469313.0,1304900.0,1304605.0,,1.1,1.13,0.0,0.0,-6.82,-0.4,0,0,0,0,0,0,0,,,,,,🔴,THEO DÕI,PULL XẤU,OBV gãy | RSI yếu | RSI chững | Giá dưới EMA9 | Slope âm | Pull xấu,🔴,,,,🔴 Yếu,,True
2026-08-18,VND,⚠️ YẾU DẦN,3,15750.0,-6.8,-7.08,36.79,🟠 HẠN CHẾ / GIẢM,OBV xấu + RSI yếu + RS yếu,2026-08-19T13:01:40+07:00,-7.88,16401.82,16579.95,-1.07,-1.02,-3.97,516310012.0,543633994.0,8592700.0,11162210.0,,0.91,0.85,2.61,2.61,-10.0,-2.47,1,0,0,0,0,0,1,,,,,,🔴,THEO DÕI,PULL XẤU,OBV gãy | RSI yếu | RSI chững | Giá dưới EMA9 | Slope âm | Pull xấu,🔴,,,,🔴 Yếu,,True
2026-08-18,VNM,⚠️ YẾU DẦN,3,61900.0,-0.16,4.03,62.46,🟠 HẠN CHẾ / GIẢM,OBV xấu + Vol chưa xác nhận + Thiếu mẫu xác nhận,2026-08-19T13:01:40+07:00,0.28,61459.9,60400.0,1.75,-0.1,0.72,-7443600.0,-6451072.0,1844100.0,5158630.0,,0.69,0.93,7.09,12.96,-2.21,-0.48,6,2,1,0,1,1,1,,,,,,🔴,MUA EARLY,PULL XẤU,OBV gãy | Pull xấu,🟡,,,,🟡 Ổn định,,True
2026-08-18,VPB,⚠️ YẾU DẦN,3,24850.0,-2.55,-3.12,42.32,🟠 HẠN CHẾ / GIẢM,OBV xấu + Thiếu mẫu xác nhận + RSI yếu,2026-08-19T13:01:40+07:00,-4.72,25151.67,25107.5,0.18,-0.72,-1.2,1284203192.0,1292574176.0,18835800.0,14464660.0,,0.81,0.98,2.05,2.05,-4.42,0.4,3,0,0,0,1,0,2,,,,,,🔴,MUA EARLY,PULL XẤU,OBV gãy | RSI yếu | RSI chững | Giá dưới EMA9 | Pull xấu,🟡,,,,🟡 Ổn định,,True
2026-08-18,VPL,⚠️ YẾU DẦN,3,75000.0,-4.34,-7.64,33.71,🟠 HẠN CHẾ / GIẢM,OBV xấu + RSI yếu + Xu hướng giảm,2026-08-19T13:01:40+07:00,-3.96,76767.74,77365.0,-0.77,-1.65,-2.3,13484400.0,14027789.0,541600.0,572230.0,,0.98,0.96,2.04,2.04,-7.64,1.21,1,0,0,0,0,0,1,,,,,,🔴,THEO DÕI,PULL XẤU,OBV gãy | RSI yếu | RSI chững | Giá dưới EMA9 | Slope âm | Pull xấu,🔴,,,,🔴 Yếu,,True
2026-08-18,VPX,⚠️ YẾU DẦN,3,24600.0,-3.91,-5.38,39.05,🟠 HẠN CHẾ / GIẢM,OBV xấu + RSI yếu + Thiếu mẫu xác nhận,2026-08-19T13:01:40+07:00,-4.16,25154.88,25387.5,-0.92,-0.3,-2.21,4686578.0,6781787.0,1049722.0,1130386.0,,0.9,0.87,1.86,1.86,-10.05,0.0,0,0,0,0,0,0,0,,,,,,🔴,THEO DÕI,PULL XẤU,OBV gãy | RSI yếu | RSI chững | Giá dưới EMA9 | Slope âm | Pull xấu,🔴,,,,🔴 Yếu,,True
2026-08-18,VRE,⚠️ YẾU DẦN,3,24200.0,-4.91,-8.33,44.41,🟠 HẠN CHẾ / GIẢM,OBV xấu + Thiếu mẫu xác nhận,2026-08-19T13:01:40+07:00,-1.66,24631.59,24102.5,2.2,-2.07,-1.75,421361500.0,428662920.0,2964400.0,6339900.0,,0.85,0.99,13.62,13.62,-9.7,-0.82,2,0,0,0,1,0,1,,,,,,🔴,TÍCH LŨY,PULL XẤU,OBV gãy | RSI yếu | RSI chững | Giá dưới EMA9 | Pull xấu,🔴,,,,🟢 Tăng tốc,,True
2026-08-18,NTL,⛔ RẤT YẾU,4,12750.0,-6.59,-7.94,16.51,🔴 TRÁNH / BÁN,OBV xấu + RSI yếu + Vol chưa xác nhận,2026-08-19T13:01:40+07:00,-7.09,13424.38,13767.5,-2.49,-0.23,-5.02,69243764.0,70203397.0,846036.0,312797.0,,0.77,0.83,0.0,0.0,-13.27,-5.56,-2,0,0,0,0,0,-2,,,,,,🔴,THEO DÕI,PULL XẤU,OBV gãy | RSI yếu | RSI chững | Giá dưới EMA9 | Slope âm | Pull xấu,🔴,,,,🔴 Yếu,,True
2026-08-19,BAF,🌱 ĐANG HỒI,0,31950.0,1.59,1.43,72.43,🟢 MUA / GIỮ,OBV tốt + Vị trí giá tốt + Xu hướng lên,2026-08-20T14:03:08+07:00,4.31,31443.27,30595.0,2.77,-0.05,1.61,104727300.0,100573409.0,1393400.0,1988200.0,,1.12,1.05,10.75,11.13,-1.08,1.27,8,2,2,2,1,1,0,,,,,,🟢,PULL VỪA,PULL VỪA,,🟢,,,,🟢 Tăng tốc,,True
2026-08-19,BSR,🌱 ĐANG HỒI,0,26700.0,0.75,7.36,57.12,🟢 MUA / GIỮ,OBV tốt + RSI cải thiện + Vị trí giá tốt,2026-08-20T14:03:08+07:00,6.75,26189.01,25281.5,3.59,-0.2,1.95,671188300.0,659021169.0,7311800.0,9331600.0,,1.17,1.18,15.63,17.41,-3.44,-1.66,7,2,1,1,1,1,1,,,,,,🟢,GÀ TĂNG TỐC,PULL VỪA,,🟢,,,,🟢 Tăng tốc,,True
2026-08-19,BVH,🌱 ĐANG HỒI,0,66700.0,-0.15,4.38,57.99,🟢 MUA / GIỮ,OBV tốt + RSI cải thiện + Vị trí giá tốt,2026-08-20T14:03:08+07:00,1.86,66108.11,63145.0,4.69,-0.43,0.9,17873800.0,17836634.0,200800.0,437310.0,,0.96,1.12,17.84,17.84,-3.33,-0.45,7,2,1,1,1,1,1,,,,,,🟢,GÀ TĂNG TỐC,PULL VỪA,,🟢,,,,🟢 Tăng tốc,,True
2026-08-19,CTR,🌱 ĐANG HỒI,0,76800.0,0.39,2.4,60.58,🟢 MUA / GIỮ,OBV tốt + Vị trí giá tốt + RSI cải thiện,2026-08-20T14:03:08+07:00,1.9,76187.08,73890.0,3.11,-0.99,0.8,-5934600.0,-6661900.0,130200.0,330155.0,,1.04,1.16,12.94,15.66,-2.66,-0.39,7,2,1,1,1,1,1,,,,,,🟢,GÀ TĂNG TỐC,PULL ĐẸP,,🟢,,,,🟢 Tăng tốc,,True
2026-08-19,DGW,🌱 ĐANG HỒI,0,42700.0,4.15,9.07,64.81,🟢 MUA / GIỮ,OBV tốt + RSI cải thiện + Xu hướng lên,2026-08-20T14:03:08+07:00,3.18,41179.04,38585.0,6.72,-0.97,3.69,65223600.0,61561913.0,2195400.0,1288000.0,,1.3,1.14,28.81,28.81,-2.62,3.64,10,2,1,2,1,2,2,,,,,,🟢,GÀ TĂNG TỐC,PULL XẤU,Pull xấu,🟡,🟢 GREEN 2,,,🟢 Tăng tốc,,True
2026-08-19,DRI,🌱 ĐANG HỒI,0,13500.0,-1.46,3.85,54.77,🟢 MUA / GIỮ,OBV tốt + Vol xác nhận + Vị trí giá tốt,2026-08-20T14:03:08+07:00,2.89,13407.99,13140.0,2.04,-0.18,0.69,38926100.0,38847902.0,484600.0,504780.0,,1.36,1.11,6.3,8.0,-2.17,-1.46,5,2,0,1,1,1,0,,,,,,🟢,MUA EARLY,PULL XẤU,RSI yếu | Pull xấu,🟡,,,,🟢 Tăng tốc,,False
2026-08-19,FPT,🌱 ĐANG HỒI,0,70100.0,-0.99,-0.28,53.6,🟢 MUA / GIỮ,OBV tốt + RSI cải thiện + Vị trí giá tốt,2026-08-20T14:03:08+07:00,7.15,69520.56,68309.95,1.77,-1.03,0.83,-421055420.0,-422487441.0,3226380.0,6086179.0,,0.8,0.84,12.7,12.7,-4.37,1.59,5,2,0,2,1,0,0,,,,,,🟢,MUA EARLY,PULL XẤU,RSI yếu | Pull xấu,🟡,,✅ EARLY GREEN2,,🟡 Ổn định,,True
2026-08-19,GAS,🌱 ĐANG HỒI,0,82700.0,3.37,17.3,63.11,🟢 MUA / GIỮ,OBV tốt + Xu hướng lên + RSI cải thiện,2026-08-20T14:03:08+07:00,9.27,78696.19,73280.0,7.39,1.44,5.09,42066600.0,41002122.0,1942100.0,1428525.0,,1.25,1.2,23.8,28.42,-2.25,-0.84,6,2,1,1,2,2,-2,,,,,,🟢,MUA EARLY,PULL XẤU,Pull xấu,🟡,,,,🟢 Tăng tốc,,True
2026-08-19,GEG,🌱 ĐANG HỒI,0,12450.0,0.81,2.05,49.94,🟢 MUA / GIỮ,OBV tốt + Vị trí giá tốt + RSI cải thiện,2026-08-20T14:03:08+07:00,2.12,12347.35,12195.0,1.25,0.16,0.83,24041700.0,23750323.0,152700.0,198170.0,,0.7,0.93,4.62,6.41,-0.4,-0.4,7,2,0,2,1,1,1,,,,,,🟢,MUA EARLY,PULL XẤU,RSI yếu | Pull xấu,🟡,,,,🟡 Ổn định,,True
2026-08-19,GVR,🌱 ĐANG HỒI,0,31300.0,-2.95,11.19,55.63,🟢 MUA / GIỮ,OBV tốt + Vị trí giá tốt + Xu hướng lên,2026-08-20T14:03:08+07:00,-0.79,31089.22,29192.5,6.5,-0.77,0.68,255683400.0,252021732.0,1513300.0,2358015.0,,1.48,1.3,20.38,20.38,-4.86,-3.09,7,2,1,1,1,1,1,,,,,,🟢,GÀ TĂNG TỐC,PULL VỪA,RSI chững,🟡,,,,🟢 Tăng tốc,,True
2026-08-19,HAH,🌱 ĐANG HỒI,0,47300.0,2.05,4.65,55.87,🟢 MUA / GIỮ,OBV tốt + RSI cải thiện + Vị trí giá tốt,2026-08-20T14:03:08+07:00,11.17,46318.25,45632.5,1.5,0.25,2.12,22791000.0,20536881.0,1402100.0,628850.0,,1.42,1.25,7.74,7.74,-0.84,1.28,9,2,1,2,1,1,2,,,,,,🟢,CP MẠNH,PULL XẤU,Pull xấu,🟡,🟢 GREEN 2,✅ EARLY GREEN2,,🟡 Ổn định,,True
2026-08-19,MBB,🌱 ĐANG HỒI,0,20250.0,-0.98,0.05,57.22,🟢 MUA / GIỮ,OBV tốt + RSI cải thiện + Vị trí giá tốt,2026-08-20T14:03:08+07:00,3.69,20039.56,19540.5,2.55,-0.85,1.05,919067795.0,910496711.0,5832679.0,13376159.0,,0.67,0.9,12.31,12.31,-1.46,1.5,6,2,1,2,1,0,0,,,,,,🟢,PULL VỪA,PULL VỪA,,🟢,,✅ EARLY GREEN2,,🟢 Tăng tốc,,True
2026-08-19,MCH,🌱 ĐANG HỒI,0,137800.0,1.17,2.07,56.97,🟢 MUA / GIỮ,OBV tốt + RSI cải thiện + Vị trí giá tốt,2026-08-20T14:03:08+07:00,2.39,136586.46,136249.5,0.25,-0.07,0.89,11329205.0,11150297.0,291805.0,408765.0,,0.71,0.6,3.59,10.55,-2.61,2.45,7,2,1,2,1,1,0,,,,,,🟢,PULL VỪA,PULL VỪA,,🟢,,,,🟡 Ổn định,,True
2026-08-19,MSN,🌱 ĐANG HỒI,0,68200.0,1.49,1.49,53.56,🟢 MUA / GIỮ,OBV tốt + Vị trí giá tốt + RSI cải thiện,2026-08-20T14:03:08+07:00,9.83,67212.95,66665.0,0.82,-0.36,1.47,111846394.0,107692486.0,4744994.0,3914540.0,,0.95,0.85,6.73,6.73,-1.73,2.25,8,2,0,2,1,1,2,,,,,,🟢,MUA EARLY,PULL XẤU,RSI yếu | Pull xấu,🟡,,,,🟡 Ổn định,,True
2026-08-19,MSR,🌱 ĐANG HỒI,0,43000.0,10.82,9.69,71.82,🟢 MUA / GIỮ,OBV tốt + Xu hướng lên + RS mạnh,2026-08-20T14:03:08+07:00,10.26,40765.7,38275.0,6.51,1.09,5.48,21537200.0,17604587.0,2023800.0,1372135.0,,1.42,1.17,28.74,30.7,-0.46,0.94,12,2,2,2,2,2,2,,,,,,🟢,GÀ TĂNG TỐC,PULL XẤU,Pull xấu,🟡,,,,🟢 Tăng tốc,,False
2026-08-19,NLG,🌱 ĐANG HỒI,0,23500.0,3.75,8.05,54.69,🟢 MUA / GIỮ,OBV tốt + Xu hướng lên + RSI cải thiện,2026-08-20T14:03:08+07:00,6.04,22975.21,22075.0,4.08,2.3,2.28,52841900.0,51125312.0,1905800.0,2477190.0,,0.83,0.82,17.5,17.5,-1.67,0.0,7,2,0,1,2,2,0,,,,,,🟢,MUA EARLY,PULL XẤU,RSI yếu | Pull xấu,🟡,,,,🟢 Tăng tốc,,True
2026-08-19,NTP,🌱 ĐANG HỒI,0,50500.0,3.48,3.7,54.57,🟢 MUA / GIỮ,OBV tốt + Vị trí giá tốt + Xu hướng lên,2026-08-20T14:03:08+07:00,-14.45,50447.21,49285.0,2.36,0.21,0.1,10669900.0,10562415.0,276100.0,174330.0,,2.02,1.52,5.43,6.09,-7.17,-2.7,4,2,0,1,2,1,-2,,,,,,🟢,MUA EARLY,PULL XẤU,RSI yếu | RSI chững | Pull xấu,🟡,,,,🟢 Tăng tốc,,False
2026-08-19,PVB,🌱 ĐANG HỒI,0,21900.0,2.34,6.83,50.0,🟢 MUA / GIỮ,OBV tốt + Vị trí giá tốt + RSI cải thiện,2026-08-20T14:03:08+07:00,3.36,21626.01,21220.0,1.91,0.52,1.27,1817000.0,1650406.0,45700.0,81375.0,,1.39,1.23,6.83,6.83,-6.81,0.0,5,2,0,1,1,1,0,,,,,,🟢,MUA EARLY,PULL XẤU,RSI yếu | Pull xấu,🟡,,,,🟡 Ổn định,,False
2026-08-19,PVS,🌱 ĐANG HỒI,0,36000.0,1.12,5.26,54.36,🟢 MUA / GIỮ,OBV tốt + RSI cải thiện + Vị trí giá tốt,2026-08-20T14:03:08+07:00,9.55,35124.89,34540.0,1.69,0.66,2.49,130644100.0,126597679.0,2749900.0,2278455.0,,1.07,0.99,8.11,8.76,-0.55,0.0,6,2,0,2,1,1,0,,,,,,🟢,MUA EARLY,PULL XẤU,RSI yếu | Pull xấu,🟡,,,,🟡 Ổn định,,False
2026-08-19,PVT,🌱 ĐANG HỒI,0,20250.0,0.75,10.66,63.37,🟢 MUA / GIỮ,OBV tốt + Vị trí giá tốt + Xu hướng lên,2026-08-20T14:03:08+07:00,1.17,19784.72,18605.0,6.34,-0.41,2.35,16876700.0,13606332.0,3336300.0,3912745.0,,1.38,1.29,24.23,24.23,-3.11,-0.74,6,2,1,1,1,1,0,,,,,,🟢,MUA EARLY,PULL XẤU,Pull xấu,🟡,,,,🟢 Tăng tốc,,True
2026-08-19,SAB,🌱 ĐANG HỒI,0,46850.0,1.19,5.52,62.7,🟢 MUA / GIỮ,OBV tốt + RSI cải thiện + Vị trí giá tốt,2026-08-20T14:03:08+07:00,8.42,45817.78,44771.5,2.34,0.43,2.25,-5117451.0,-7261259.0,1376549.0,839672.0,,1.01,1.11,8.95,8.95,0.64,1.41,10,2,1,2,2,1,2,,,,,,🟢,GÀ TĂNG TỐC,PULL XẤU,Pull xấu,🟡,🟢 GREEN 2,,,🟢 Tăng tốc,,True
2026-08-19,SBT,🌱 ĐANG HỒI,0,23700.0,9.72,14.77,82.0,🟢 MUA / GIỮ,OBV tốt + Xu hướng lên + Vị trí giá tốt,2026-08-20T14:03:08+07:00,2.36,22736.36,21627.5,5.13,1.88,4.24,110618800.0,107882661.0,1456530.0,738802.0,,1.61,1.19,14.77,17.91,-0.42,0.0,9,2,2,1,2,2,0,,,,,,🟢,MUA EARLY,PULL XẤU,Pull xấu,🟡,,,,🟢 Tăng tốc,,True
2026-08-19,TVN,🌱 ĐANG HỒI,0,9600.0,5.49,5.49,50.83,🟢 MUA / GIỮ,OBV tốt + Vol xác nhận + Xu hướng lên,2026-08-20T14:03:08+07:00,-5.58,9477.97,9080.0,4.38,0.99,1.29,41322700.0,40049175.0,655900.0,630870.0,,1.91,1.33,15.66,15.66,-9.43,0.0,7,2,0,1,2,2,0,,,,,,🟢,MUA EARLY,PULL XẤU,RSI yếu | RSI chững | Pull xấu,🟡,,,,🟢 Tăng tốc,,False
2026-08-19,TVS,🌱 ĐANG HỒI,0,14250.0,8.94,11.33,65.87,🟢 MUA / GIỮ,OBV tốt + Xu hướng lên + RSI cải thiện,2026-08-20T14:03:08+07:00,13.12,13392.83,12991.5,3.09,2.63,6.4,5314906.0,5199504.0,71206.0,104235.0,,1.03,0.93,15.95,19.15,3.71,-0.7,11,2,2,2,2,2,1,,,,,,🟢,GÀ TĂNG TỐC,PULL XẤU,Pull xấu,🟡,,,,🟢 Tăng tốc,,True
2026-08-19,VGI,🌱 ĐANG HỒI,0,85200.0,-1.84,-0.23,53.06,🟢 MUA / GIỮ,OBV tốt + RSI cải thiện + Vị trí giá tốt,2026-08-20T14:03:08+07:00,5.27,84826.24,82310.0,3.06,-0.88,0.44,-13097400.0,-13240787.0,173300.0,327730.0,,1.13,1.3,14.21,14.21,-7.39,-1.27,5,2,0,1,1,0,1,,,,,,🟢,MUA EARLY,PULL XẤU,RSI yếu | Pull xấu,🟡,,,,🟢 Tăng tốc,,False
2026-08-19,VGT,🌱 ĐANG HỒI,0,11500.0,3.51,6.28,58.17,🟢 MUA / GIỮ,OBV tốt + Vol xác nhận + Xu hướng lên,2026-08-20T14:03:08+07:00,-20.06,11437.09,10956.0,4.39,-0.24,0.55,16919800.0,16716829.0,343000.0,369290.0,,2.1,1.46,11.33,11.33,-7.11,-0.86,7,2,1,1,1,2,0,,,,,,🟢,PULL VỪA,PULL VỪA,RSI chững,🟡,,,,🟢 Tăng tốc,,False
2026-08-19,VNM,🌱 ĐANG HỒI,0,64000.0,3.56,9.22,71.05,🟢 MUA / GIỮ,OBV tốt + Vol xác nhận + Vị trí giá tốt,2026-08-20T14:03:08+07:00,8.88,61999.92,60655.0,2.22,0.39,3.23,-2749794.0,-5710816.0,4693806.0,4868005.0,,0.6,0.88,10.73,16.79,1.11,3.39,11,2,2,2,2,2,1,,,,,,🟢,GÀ TĂNG TỐC,PULL XẤU,Pull xấu,🟡,,,,🟢 Tăng tốc,,True
2026-08-19,VTP,🌱 ĐANG HỒI,0,54400.0,-1.09,5.63,58.02,🟢 MUA / GIỮ,OBV tốt + Xu hướng lên + Vị trí giá tốt,2026-08-20T14:03:08+07:00,0.09,53760.76,50650.0,6.14,0.34,1.19,9655904.0,9532165.0,1792696.0,788120.0,,1.3,1.36,21.43,21.43,-6.04,-3.2,5,2,1,1,2,1,-2,,,,,,🟢,PULL VỪA,PULL VỪA,,🟡,,,,🟢 Tăng tốc,,True
2026-08-19,ACV,🟡 TRUNG TÍNH,1,40800.0,-1.69,4.35,49.59,👀 THEO DÕI,OBV tốt + Vị trí giá tốt + RSI cải thiện,2026-08-20T14:03:08+07:00,2.03,40772.43,40025.0,1.87,-0.35,0.07,-61670500.0,-61726253.0,188200.0,506700.0,,0.75,1.09,6.25,6.25,-4.67,-0.73,6,2,0,1,1,1,1,,,,,,🟢,MUA EARLY,PULL XẤU,RSI yếu | Pull xấu,🟡,,,,🟡 Ổn định,,False
2026-08-19,BFC,🟡 TRUNG TÍNH,1,47800.0,-1.04,-0.83,43.1,👀 THEO DÕI,OBV tốt + Vị trí giá tốt + Vol xác nhận,2026-08-20T14:03:08+07:00,-1.56,48047.97,47877.5,0.36,-0.05,-0.52,29456900.0,29197030.0,239000.0,180450.0,,0.74,0.81,4.44,4.44,-5.59,0.21,5,0,0,2,1,0,2,,,,,,🟢,MUA EARLY,PULL XẤU,RSI yếu | RSI chững | Giá dưới EMA9 | Pull xấu,🟡,,,,🟡 Ổn định,,True
2026-08-19,CEO,🟡 TRUNG TÍNH,1,11700.0,-4.88,-2.5,39.45,👀 THEO DÕI,OBV tốt + Vol xác nhận,2026-08-20T14:03:08+07:00,-3.58,11935.21,11775.0,1.36,-0.52,-1.97,301196600.0,301074195.0,4420300.0,5826030.0,,0.88,0.9,8.33,8.33,-6.4,-1.68,3,0,0,1,1,0,1,,,,,,🟢,MUA EARLY,PULL XẤU,RSI yếu | RSI chững | Giá dưới EMA9 | Pull xấu,🟡,,,,🟡 Ổn định,,False
2026-08-19,CII,🟡 TRUNG TÍNH,1,14200.0,0.0,0.35,46.69,👀 THEO DÕI,Vol xác nhận + Xu hướng lên + Vị trí giá tốt,2026-08-20T14:03:08+07:00,3.76,14176.4,13807.5,2.67,1.08,0.17,595122904.0,598092170.0,9155500.0,8648940.0,,1.15,1.02,12.25,12.25,-5.65,-2.07,4,2,0,0,2,0,0,,,,,,🔴,MUA EARLY,PULL XẤU,OBV gãy | RSI yếu | Pull xấu,🟡,,,,🟢 Tăng tốc,,True
2026-08-19,DXS,🟡 TRUNG TÍNH,1,5790.0,-3.98,-0.69,38.54,👀 THEO DÕI,OBV tốt + Vol xác nhận,2026-08-20T14:03:08+07:00,-5.52,5904.03,5863.5,0.69,-0.01,-1.93,49919300.0,49449213.0,1352700.0,1804285.0,,0.84,1.05,3.21,3.21,-6.76,-1.19,3,0,0,1,1,0,1,,,,,,🟢,MUA EARLY,PULL XẤU,RSI yếu | RSI chững | Giá dưới EMA9 | Pull xấu,🟡,,,,🟡 Ổn định,,True
2026-08-19,EVF,🟡 TRUNG TÍNH,1,12400.0,-0.8,-1.2,46.79,👀 THEO DÕI,OBV tốt + Vị trí giá tốt,2026-08-20T14:03:08+07:00,-4.34,12467.7,12380.0,0.71,-0.58,-0.54,153665500.0,153009862.0,642600.0,1407025.0,,1.05,0.93,5.08,5.08,-4.62,0.4,2,0,0,1,1,0,0,,,,,,🟢,TÍCH LŨY,PULL XẤU,RSI yếu | RSI chững | Giá dưới EMA9 | Pull xấu,🔴,,,,🟡 Ổn định,,True
2026-08-19,FTS,🟡 TRUNG TÍNH,1,21600.0,-3.79,-1.82,41.21,👀 THEO DÕI,OBV tốt + Vị trí giá tốt,2026-08-20T14:03:08+07:00,-1.69,21884.48,21772.5,0.51,-0.38,-1.3,17460900.0,17427596.0,559900.0,1040645.0,,0.76,0.81,7.46,7.46,-8.86,-0.92,3,0,0,1,1,0,1,,,,,,🟢,MUA EARLY,PULL XẤU,RSI yếu | RSI chững | Giá dưới EMA9 | Pull xấu,🟡,,,,🟡 Ổn định,,True
2026-08-19,GMD,🟡 TRUNG TÍNH,1,78000.0,1.04,2.36,55.18,👀 THEO DÕI,OBV tốt + Vị trí giá tốt + Xu hướng lên,2026-08-20T14:03:08+07:00,-5.3,78081.5,76400.0,2.2,-0.05,-0.1,110512007.0,108699313.0,2709593.0,1514985.0,,1.09,0.99,8.33,8.33,-4.88,-2.5,2,0,1,1,1,1,-2,,,,,,🟢,PULL VỪA,PULL VỪA,RSI chững | Giá dưới EMA9,🔴,,,,🟢 Tăng tốc,,True
2026-08-19,MML,🟡 TRUNG TÍNH,1,28100.0,0.0,0.0,47.97,👀 THEO DÕI,OBV tốt + Vị trí giá tốt,2026-08-20T14:03:08+07:00,0.01,28150.73,27990.0,0.57,-0.57,-0.18,-1482700.0,-1494400.0,4200.0,23795.0,,0.96,0.84,6.04,6.04,-5.07,0.72,2,0,0,1,1,0,0,,,,,,🟢,TÍCH LŨY,PULL XẤU,RSI yếu | Giá dưới EMA9 | Pull xấu,🔴,,,,🟡 Ổn định,,False
2026-08-19,OCB,🟡 TRUNG TÍNH,1,10850.0,-0.91,4.83,56.19,👀 THEO DÕI,OBV tốt + Vị trí giá tốt + Xu hướng lên,2026-08-20T14:03:08+07:00,-5.65,10818.05,10507.5,2.96,-0.16,0.3,117762204.0,114307369.0,689696.0,2383940.0,,1.08,1.21,8.5,8.5,-2.25,0.0,6,2,1,1,1,1,0,,,,,,🟢,PULL VỪA,PULL VỪA,RSI chững,🟡,,,,🟢 Tăng tốc,,True
2026-08-19,OIL,🟡 TRUNG TÍNH,1,13400.0,0.0,3.08,50.2,👀 THEO DÕI,OBV tốt + RSI cải thiện + Vị trí giá tốt,2026-08-20T14:03:08+07:00,5.03,13325.82,13235.0,0.69,0.35,0.56,92764500.0,91772500.0,469400.0,1155045.0,,0.95,1.14,3.88,5.51,-3.6,-1.47,6,2,0,1,1,1,1,,,,,,🟢,MUA EARLY,PULL XẤU,RSI yếu | Pull xấu,🟡,,,,🟡 Ổn định,,False
2026-08-19,PHR,🟡 TRUNG TÍNH,1,60000.0,2.56,3.09,51.63,👀 THEO DÕI,RSI cải thiện + Vị trí giá tốt + Xu hướng lên,2026-08-20T14:03:08+07:00,5.76,59527.53,58225.0,2.24,1.03,0.79,16746300.0,16948523.0,540400.0,350010.0,,0.93,0.91,9.09,9.09,-3.69,-0.66,3,2,0,0,2,1,-2,,,,,,🔴,MUA EARLY,PULL XẤU,OBV gãy | RSI yếu | Pull xấu,🟡,,,,🟢 Tăng tốc,,True
2026-08-19,PLC,🟡 TRUNG TÍNH,1,20200.0,-2.88,3.59,52.9,👀 THEO DÕI,OBV tốt + Vị trí giá tốt + Xu hướng lên,2026-08-20T14:03:08+07:00,-2.02,20196.97,19520.0,3.47,-1.0,0.02,18800800.0,18638466.0,34200.0,127825.0,,1.32,1.17,14.12,14.12,-3.81,4.12,5,2,0,1,1,1,0,,,,,,🟢,MUA EARLY,PULL XẤU,RSI yếu | RSI chững | Pull xấu,🟡,,,,🟢 Tăng tốc,,False
2026-08-19,PLX,🟡 TRUNG TÍNH,1,37800.0,3.14,10.36,62.71,👀 THEO DÕI,RSI cải thiện + Xu hướng lên + Vị trí giá tốt,2026-08-20T14:03:08+07:00,10.72,36236.93,34412.5,5.3,0.51,4.31,59965400.0,60345112.0,5382400.0,2800655.0,,1.2,1.34,19.73,19.92,-0.53,-2.58,5,2,1,0,2,2,-2,,,,,,🔴,MUA EARLY,PULL XẤU,OBV gãy | Pull xấu,🟡,,,,🟢 Tăng tốc,,True
2026-08-19,PNJ,🟡 TRUNG TÍNH,1,37100.0,5.85,-2.11,44.84,👀 THEO DÕI,Xu hướng lên + Vị trí giá tốt + RS mạnh,2026-08-20T14:03:08+07:00,3.52,35872.73,34527.5,3.9,1.81,3.42,-69550933.0,-69079585.0,4228767.0,8588448.0,,0.4,0.5,20.65,20.65,-6.55,4.95,5,2,0,0,2,1,0,,,,,,🔴,MUA EARLY,PULL XẤU,OBV gãy | RSI yếu | Pull xấu,🟡,,,,🟢 Tăng tốc,,True
2026-08-19,TCB,🟡 TRUNG TÍNH,1,31050.0,-1.43,4.72,52.03,👀 THEO DÕI,OBV tốt + Vị trí giá tốt + Xu hướng lên,2026-08-20T14:03:08+07:00,-8.46,31040.21,30032.5,3.36,-0.41,0.03,433808096.0,417075438.0,8372700.0,15417365.0,,1.13,1.18,9.91,9.91,-3.42,1.31,6,2,0,2,1,1,0,,,,,,🟢,MUA EARLY,PULL XẤU,RSI yếu | RSI chững | Pull xấu,🟡,,,,🟢 Tăng tốc,,True
2026-08-19,TPB,🟡 TRUNG TÍNH,1,14500.0,-1.36,-1.69,44.64,👀 THEO DÕI,OBV tốt + Vol xác nhận + Vị trí giá tốt,2026-08-20T14:03:08+07:00,3.44,14487.69,14392.5,0.66,-0.37,0.08,450528988.0,444763144.0,7658000.0,8203255.0,,0.5,0.83,4.32,4.32,-3.65,1.05,6,2,0,2,1,0,1,,,,,,🟢,MUA EARLY,PULL XẤU,RSI yếu | Pull xấu,🟡,,,,🟡 Ổn định,,True
2026-08-19,VGC,🟡 TRUNG TÍNH,1,40750.0,-0.12,6.82,61.32,👀 THEO DÕI,Vị trí giá tốt + RSI cải thiện + Xu hướng lên,2026-08-20T14:03:08+07:00,2.66,40098.94,38543.0,4.04,-0.64,1.62,29059000.0,29159894.0,278000.0,435280.0,,0.81,1.02,16.76,16.76,-1.81,1.12,5,2,1,0,1,1,0,,,,,,🔴,MUA EARLY,PULL XẤU,OBV gãy | Pull xấu,🟡,,,,🟢 Tăng tốc,,True
2026-08-19,VHC,🟡 TRUNG TÍNH,1,52400.0,-1.32,-2.06,40.02,👀 THEO DÕI,OBV tốt + Vol xác nhận + Vị trí giá tốt,2026-08-20T14:03:08+07:00,-10.16,53234.37,53225.0,0.02,0.15,-1.57,2154800.0,1974612.0,414200.0,372680.0,,1.89,1.47,1.95,1.95,-6.09,-1.87,2,0,0,1,1,0,0,,,,,,🟢,TÍCH LŨY,PULL XẤU,RSI yếu | RSI chững | Giá dưới EMA9 | Pull xấu,🔴,,,,🟡 Ổn định,,True
2026-08-19,VHM,🟡 TRUNG TÍNH,1,69800.0,-5.42,-8.76,46.32,👀 THEO DÕI,OBV tốt + RSI cải thiện,2026-08-20T14:03:08+07:00,4.12,70583.75,71110.0,-0.74,-2.38,-1.11,364025109.0,361695153.0,3030609.0,6808375.0,,1.02,1.26,7.38,10.01,-14.57,0.58,2,0,0,2,0,0,0,,,,,,🟢,TÍCH LŨY,PULL XẤU,RSI yếu | Giá dưới EMA9 | Slope âm | Pull xấu,🔴,,✅ EARLY GREEN2,,🔴 Yếu,,True
2026-08-19,VPB,🟡 TRUNG TÍNH,1,24950.0,-2.92,-2.16,43.69,👀 THEO DÕI,OBV tốt + Vị trí giá tốt + Vol xác nhận,2026-08-20T14:03:08+07:00,-0.71,25119.33,25107.5,0.05,-0.75,-0.67,1294316253.0,1292922592.0,10113061.0,13650408.0,,0.91,1.01,2.46,2.46,-4.04,0.6,3,0,0,2,1,0,0,,,,,,🟢,MUA EARLY,PULL XẤU,RSI yếu | RSI chững | Giá dưới EMA9 | Pull xấu,🟡,,,,🟡 Ổn định,,True
2026-08-19,VPL,🟡 TRUNG TÍNH,1,75200.0,-4.08,-7.16,34.77,👀 THEO DÕI,OBV tốt + Vol xác nhận,2026-08-20T14:03:08+07:00,3.48,76454.19,77450.0,-1.29,-1.46,-1.64,14034300.0,14029091.0,549900.0,564315.0,,0.97,0.97,1.62,2.31,-7.39,0.0,2,0,0,2,0,0,0,,,,,,🟢,TÍCH LŨY,PULL XẤU,RSI yếu | Giá dưới EMA9 | Slope âm | Pull xấu,🔴,,,,🔴 Yếu,,True
2026-08-19,VTO,🟡 TRUNG TÍNH,1,10400.0,-2.35,0.0,46.64,👀 THEO DÕI,OBV tốt + Vị trí giá tốt + Vol xác nhận,2026-08-20T14:03:08+07:00,-10.22,10480.39,10422.5,0.56,-1.2,-0.77,2041500.0,2036781.0,49100.0,63225.0,,0.78,0.74,3.48,3.48,-3.26,-0.48,3,0,0,1,1,0,1,,,,,,🟢,MUA EARLY,PULL XẤU,RSI yếu | RSI chững | Giá dưới EMA9 | Pull xấu,🟡,,,,🟡 Ổn định,,True
2026-08-19,DPR,🔴 YẾU,2,36300.0,-0.55,1.4,45.97,⏳ CHỜ,OBV xấu + Thiếu mẫu xác nhận,2026-08-20T14:03:08+07:00,5.17,36299.46,36015.0,0.79,0.27,0.0,24691400.0,24814118.0,170900.0,196885.0,,1.15,1.11,3.42,3.42,-2.55,-0.55,3,2,0,0,1,0,0,,,,,,🔴,MUA EARLY,PULL XẤU,OBV gãy | RSI yếu | Pull xấu,🟡,,,,🟡 Ổn định,,True
2026-08-19,HDB,🔴 YẾU,2,26850.0,-1.29,1.13,54.73,⏳ CHỜ,OBV xấu + Thiếu mẫu xác nhận,2026-08-20T14:03:08+07:00,4.1,26741.08,26290.0,1.72,0.31,0.41,929632719.0,929784063.0,7614681.0,9516729.0,,0.93,0.92,6.97,7.83,-2.72,-0.56,3,2,0,0,1,0,0,,,,,,🔴,MUA EARLY,PULL XẤU,OBV gãy | RSI yếu | Pull xấu,🟡,,,,🟡 Ổn định,,True
2026-08-19,MWG,🔴 YẾU,2,72500.0,-2.03,0.42,49.7,⏳ CHỜ,OBV xấu + Thiếu mẫu xác nhận,2026-08-20T14:03:08+07:00,0.04,72619.6,70704.5,2.71,0.29,-0.16,241265200.0,242829895.0,1995300.0,4426770.0,,0.51,0.66,16.32,16.32,-3.11,-0.28,3,0,0,0,2,0,1,,,,,,🔴,MUA EARLY,PULL XẤU,OBV gãy | RSI yếu | Giá dưới EMA9 | Pull xấu,🟡,,,,🟢 Tăng tốc,,True
2026-08-19,STB,🔴 YẾU,2,74700.0,0.81,2.05,57.09,⏳ CHỜ,OBV xấu + Thiếu mẫu xác nhận,2026-08-20T14:03:08+07:00,8.33,73961.41,73150.0,1.11,0.5,1.0,406534906.0,407455331.0,5398494.0,3352425.0,,0.85,0.82,4.77,13.01,-1.84,-0.8,3,2,1,0,1,1,-2,,,,,,🔴,MUA EARLY,PULL XẤU,OBV gãy | Pull xấu,🟡,,,,🟡 Ổn định,,True
2026-08-19,TCX,🔴 YẾU,2,39550.0,-2.35,-0.13,44.29,⏳ CHỜ,OBV xấu + Thiếu mẫu xác nhận,2026-08-20T14:03:08+07:00,2.99,39748.65,39750.0,-0.0,0.15,-0.5,17894800.0,18418023.0,704000.0,1560065.0,,0.89,1.03,5.47,5.47,-5.16,-0.5,1,0,0,0,0,0,1,,,,,,🔴,THEO DÕI,PULL XẤU,OBV gãy | RSI yếu | Giá dưới EMA9 | Slope âm | Pull xấu,🔴,,,,🔴 Yếu,,True
2026-08-19,ACB,⚠️ YẾU DẦN,3,22050.0,-3.08,-1.78,45.5,🟠 HẠN CHẾ / GIẢM,OBV xấu + Thiếu mẫu xác nhận,2026-08-20T14:03:08+07:00,0.62,22140.88,22315.0,-0.78,-0.6,-0.41,-28038600.0,-21956635.0,6245800.0,11848160.0,,0.7,0.74,1.85,3.81,-4.55,1.85,0,0,0,0,0,0,0,,,,,,🔴,THEO DÕI,PULL XẤU,OBV gãy | RSI yếu | Giá dưới EMA9 | Slope âm | Pull xấu,🔴,,,,🔴 Yếu,,True
2026-08-19,AGR,⚠️ YẾU DẦN,3,12750.0,-3.77,-3.41,38.77,🟠 HẠN CHẾ / GIẢM,OBV xấu + Thiếu mẫu xác nhận,2026-08-20T14:03:08+07:00,-1.07,12979.05,13052.5,-0.56,-0.31,-1.76,22042400.0,22615173.0,174300.0,322665.0,,0.71,0.79,4.08,4.08,-9.89,-1.16,1,0,0,0,0,0,1,,,,,,🔴,THEO DÕI,PULL XẤU,OBV gãy | RSI yếu | RSI chững | Giá dưới EMA9 | Slope âm | Pull xấu,🔴,,,,🔴 Yếu,,True
2026-08-19,ANV,⚠️ YẾU DẦN,3,16600.0,-8.03,-5.14,34.84,🟠 HẠN CHẾ / GIẢM,OBV xấu + RSI yếu + RS yếu,2026-08-20T14:03:08+07:00,-4.96,17140.54,17194.95,-0.32,-1.55,-3.15,43183700.0,43787993.0,290500.0,552120.0,,1.22,1.01,2.79,2.79,-9.29,-1.78,1,0,0,0,0,0,1,,,,,,🔴,THEO DÕI,PULL XẤU,OBV gãy | RSI yếu | RSI chững | Giá dưới EMA9 | Slope âm | Pull xấu,🔴,,,,🔴 Yếu,,True
2026-08-19,BID,⚠️ YẾU DẦN,3,35800.0,-2.56,0.65,47.72,🟠 HẠN CHẾ / GIẢM,OBV xấu + Thiếu mẫu xác nhận,2026-08-20T14:03:08+07:00,-0.03,35975.29,35272.45,1.99,-0.97,-0.49,145892100.0,146835018.0,2167600.0,4242025.0,,0.82,0.92,10.23,10.23,-4.12,-0.56,2,0,0,0,1,0,1,,,,,,🔴,TÍCH LŨY,PULL XẤU,OBV gãy | RSI yếu | RSI chững | Giá dưới EMA9 | Pull xấu,🔴,,,,🟡 Ổn định,,True
2026-08-19,BMP,⚠️ YẾU DẦN,3,143500.0,-3.37,-3.82,37.21,🟠 HẠN CHẾ / GIẢM,OBV xấu + RSI yếu + Thiếu mẫu xác nhận,2026-08-20T14:03:08+07:00,-7.71,146882.43,148625.0,-1.17,-0.49,-2.3,1907900.0,2017391.0,82700.0,93760.0,,0.72,0.79,0.0,8.79,-6.51,-1.85,0,0,0,0,0,0,0,,,,,,🔴,THEO DÕI,PULL XẤU,OBV gãy | RSI yếu | RSI chững | Giá dưới EMA9 | Slope âm | Pull xấu,🔴,,,,🔴 Yếu,,True
2026-08-19,BSI,⚠️ YẾU DẦN,3,27700.0,-4.48,-1.77,38.17,🟠 HẠN CHẾ / GIẢM,OBV xấu + Thiếu mẫu xác nhận + RS yếu,2026-08-20T14:03:08+07:00,-2.05,28120.36,28062.5,0.21,-0.57,-1.49,21712900.0,22084447.0,173800.0,400425.0,,0.76,0.87,5.52,5.52,-8.28,0.0,1,0,0,0,1,0,0,,,,,,🔴,THEO DÕI,PULL XẤU,OBV gãy | RSI yếu | RSI chững | Giá dưới EMA9 | Pull xấu,🔴,,,,🟡 Ổn định,,True
2026-08-19,BVS,⚠️ YẾU DẦN,3,25900.0,-4.07,-3.36,41.44,🟠 HẠN CHẾ / GIẢM,OBV xấu + Vol chưa xác nhận + Thiếu mẫu xác nhận,2026-08-20T14:03:08+07:00,-3.22,26535.77,26425.0,0.42,-0.1,-2.4,2565100.0,3483911.0,199700.0,864085.0,,0.62,0.74,6.58,6.58,-12.79,-0.38,2,0,0,0,1,0,1,,,,,,🔴,TÍCH LŨY,PULL XẤU,OBV gãy | RSI yếu | RSI chững | Giá dưới EMA9 | Pull xấu,🔴,,,,🟡 Ổn định,,False
2026-08-19,C4G,⚠️ YẾU DẦN,3,5500.0,-5.17,-3.51,34.03,🟠 HẠN CHẾ / GIẢM,OBV xấu + RSI yếu + RS yếu,2026-08-20T14:03:08+07:00,-6.69,5594.03,5635.0,-0.73,-0.27,-1.68,15031300.0,15147556.0,146900.0,268570.0,,1.27,1.22,0.0,0.0,-9.84,-1.79,1,0,0,0,0,0,1,,,,,,🔴,THEO DÕI,PULL XẤU,OBV gãy | RSI yếu | RSI chững | Giá dưới EMA9 | Slope âm | Pull xấu,🔴,,,,🔴 Yếu,,False
2026-08-19,CMG,⚠️ YẾU DẦN,3,23750.0,-3.85,-6.13,34.67,🟠 HẠN CHẾ / GIẢM,OBV xấu + RSI yếu + Thiếu mẫu xác nhận,2026-08-20T14:03:08+07:00,-2.07,24257.25,24480.0,-0.91,-0.98,-2.09,-7875300.0,-7748734.0,73800.0,178300.0,,0.7,0.73,0.64,0.64,-7.77,-1.45,1,0,0,0,0,0,1,,,,,,🔴,THEO DÕI,PULL XẤU,OBV gãy | RSI yếu | RSI chững | Giá dưới EMA9 | Slope âm | Pull xấu,🔴,,,,🔴 Yếu,,True
2026-08-19,CSV,⚠️ YẾU DẦN,3,21000.0,-5.19,-3.67,40.09,🟠 HẠN CHẾ / GIẢM,OBV xấu + RS yếu + Thiếu mẫu xác nhận,2026-08-20T14:03:08+07:00,-2.73,21540.02,21525.0,0.07,-0.97,-2.51,-3864400.0,-3649983.0,152200.0,331790.0,,0.67,0.94,5.0,5.0,-7.49,-2.55,2,0,0,0,1,0,1,,,,,,🔴,TÍCH LŨY,PULL XẤU,OBV gãy | RSI yếu | RSI chững | Giá dưới EMA9 | Pull xấu,🔴,,,,🟡 Ổn định,,True
2026-08-19,CTD,⚠️ YẾU DẦN,3,61700.0,-2.83,-2.37,44.81,🟠 HẠN CHẾ / GIẢM,OBV xấu + Thiếu mẫu xác nhận,2026-08-20T14:03:08+07:00,-0.77,61886.03,60680.0,1.99,-1.41,-0.3,10342500.0,10389457.0,170300.0,354955.0,,0.62,0.73,11.98,11.98,-5.08,0.65,1,0,0,0,1,0,0,,,,,,🔴,THEO DÕI,PULL XẤU,OBV gãy | RSI yếu | RSI chững | Giá dưới EMA9 | Pull xấu,🔴,,,,🟡 Ổn định,,True
2026-08-19,CTG,⚠️ YẾU DẦN,3,31300.0,-2.8,-1.73,46.4,🟠 HẠN CHẾ / GIẢM,OBV xấu + Thiếu mẫu xác nhận,2026-08-20T14:03:08+07:00,-1.49,31627.17,31049.95,1.86,-1.31,-1.03,368442800.0,372666105.0,5840700.0,8298880.0,,0.69,0.86,8.87,8.87,-5.15,-0.79,2,0,0,0,1,0,1,,,,,,🔴,TÍCH LŨY,PULL XẤU,OBV gãy | RSI yếu | RSI chững | Giá dưới EMA9 | Pull xấu,🔴,,,,🟡 Ổn định,,True
2026-08-19,DBC,⚠️ YẾU DẦN,3,15950.0,-4.49,-4.78,33.4,🟠 HẠN CHẾ / GIẢM,OBV xấu + RSI yếu + Thiếu mẫu xác nhận,2026-08-20T14:03:08+07:00,-4.37,16287.42,16352.45,-0.4,-1.41,-2.07,4621000.0,6338929.0,744300.0,1478430.0,,0.6,0.79,1.59,1.59,-6.73,-0.93,1,0,0,0,0,0,1,,,,,,🔴,THEO DÕI,PULL XẤU,OBV gãy | RSI yếu | RSI chững | Giá dưới EMA9 | Slope âm | Pull xấu,🔴,,,,🔴 Yếu,,True
2026-08-19,DCM,⚠️ YẾU DẦN,3,30450.0,-2.87,-2.4,41.87,🟠 HẠN CHẾ / GIẢM,OBV xấu + Thiếu mẫu xác nhận,2026-08-20T14:03:08+07:00,0.02,30799.52,30727.5,0.23,-1.19,-1.13,62923100.0,63242394.0,772000.0,1930950.0,,0.98,1.1,5.0,5.36,-6.02,-0.81,2,0,0,0,1,0,1,,,,,,🔴,TÍCH LŨY,PULL XẤU,OBV gãy | RSI yếu | Giá dưới EMA9 | Pull xấu,🔴,,,,🟡 Ổn định,,True
2026-08-19,DDV,⚠️ YẾU DẦN,3,17900.0,-4.79,-6.77,30.67,🟠 HẠN CHẾ / GIẢM,OBV xấu + RSI yếu + Thiếu mẫu xác nhận,2026-08-20T14:03:08+07:00,-0.88,18334.24,18480.0,-0.79,-0.1,-2.37,56355300.0,56643167.0,133500.0,268830.0,,0.83,0.96,0.0,0.0,-10.05,-1.1,1,0,0,0,0,0,1,,,,,,🔴,THEO DÕI,PULL XẤU,OBV gãy | RSI yếu | RSI chững | Giá dưới EMA9 | Slope âm | Pull xấu,🔴,,,,🔴 Yếu,,False
2026-08-19,DGC,⚠️ YẾU DẦN,3,41300.0,-5.71,1.85,44.48,🟠 HẠN CHẾ / GIẢM,OBV xấu + Vol chưa xác nhận + RS yếu,2026-08-20T14:03:08+07:00,-7.77,42148.63,40677.5,3.62,-1.38,-2.01,-122411700.0,-122321946.0,180700.0,772085.0,,0.51,0.61,14.72,14.72,-9.83,-1.2,2,0,0,0,1,0,1,,,,,,🔴,TÍCH LŨY,PULL XẤU,OBV gãy | RSI yếu | RSI chững | Giá dưới EMA9 | Pull xấu,🔴,,,,🟢 Tăng tốc,,True
2026-08-19,DIG,⚠️ YẾU DẦN,3,10400.0,-5.02,-2.8,39.06,🟠 HẠN CHẾ / GIẢM,OBV xấu + RSI yếu + RS yếu,2026-08-20T14:03:08+07:00,-5.61,10690.98,10542.5,1.41,-0.18,-2.72,185109800.0,186529211.0,5214300.0,8989620.0,,0.73,0.75,7.33,7.33,-8.77,-1.89,2,0,0,0,1,0,1,,,,,,🔴,TÍCH LŨY,PULL XẤU,OBV gãy | RSI yếu | RSI chững | Giá dưới EMA9 | Pull xấu,🔴,,,,🟡 Ổn định,,True
2026-08-19,DPG,⚠️ YẾU DẦN,3,29000.0,-5.38,-5.23,39.47,🟠 HẠN CHẾ / GIẢM,OBV xấu + RSI yếu + RS yếu,2026-08-20T14:03:08+07:00,-8.53,29942.43,29122.5,2.82,-1.86,-3.15,21888300.0,22146721.0,300800.0,376485.0,,0.78,0.89,11.32,11.32,-9.8,-3.17,2,0,0,0,1,0,1,,,,,,🔴,TÍCH LŨY,PULL XẤU,OBV gãy | RSI yếu | RSI chững | Giá dưới EMA9 | Pull xấu,🔴,,,,🟢 Tăng tốc,,True
2026-08-19,DPM,⚠️ YẾU DẦN,3,21550.0,-3.36,-1.15,45.94,🟠 HẠN CHẾ / GIẢM,OBV xấu + Thiếu mẫu xác nhận,2026-08-20T14:03:08+07:00,0.34,21764.24,21745.0,0.09,-1.12,-0.98,76476000.0,77433453.0,1286600.0,2499885.0,,0.73,1.05,3.46,4.36,-5.9,-0.69,2,0,0,0,1,0,1,,,,,,🔴,TÍCH LŨY,PULL XẤU,OBV gãy | RSI yếu | Giá dưới EMA9 | Pull xấu,🔴,,,,🟡 Ổn định,,True
2026-08-19,DXG,⚠️ YẾU DẦN,3,10900.0,-2.24,0.93,45.19,🟠 HẠN CHẾ / GIẢM,OBV xấu + Thiếu mẫu xác nhận,2026-08-20T14:03:08+07:00,-9.41,11064.23,10766.0,2.77,0.37,-1.48,570214004.0,570440926.0,4721500.0,10984815.0,,1.11,0.94,9.33,9.33,-6.03,-1.8,3,0,0,0,2,0,1,,,,,,🔴,MUA EARLY,PULL XẤU,OBV gãy | RSI yếu | RSI chững | Giá dưới EMA9 | Pull xấu,🟡,,,,🟢 Tăng tốc,,True
2026-08-19,FCN,⚠️ YẾU DẦN,3,11050.0,-2.64,0.91,47.19,🟠 HẠN CHẾ / GIẢM,OBV xấu + Thiếu mẫu xác nhận,2026-08-20T14:03:08+07:00,-6.24,11143.13,10917.5,2.07,-0.14,-0.84,37197200.0,37501502.0,425500.0,468450.0,,1.03,1.08,6.25,6.25,-3.91,-0.45,1,0,0,0,1,0,0,,,,,,🔴,THEO DÕI,PULL XẤU,OBV gãy | RSI yếu | RSI chững | Giá dưới EMA9 | Pull xấu,🔴,,,,🟢 Tăng tốc,,True
2026-08-19,FOX,⚠️ YẾU DẦN,3,64000.0,-3.03,-2.29,41.26,🟠 HẠN CHẾ / GIẢM,OBV xấu + Vol chưa xác nhận + Thiếu mẫu xác nhận,2026-08-20T14:03:08+07:00,4.1,64495.59,64205.0,0.45,-0.75,-0.77,5387400.0,5414437.0,23300.0,66200.0,,0.9,0.93,4.92,4.92,-4.9,-0.78,2,0,0,0,1,0,1,,,,,,🔴,TÍCH LŨY,PULL XẤU,OBV gãy | RSI yếu | Giá dưới EMA9 | Pull xấu,🔴,,,,🟡 Ổn định,,False
2026-08-19,FRT,⚠️ YẾU DẦN,3,144100.0,-2.64,6.74,67.74,🟠 HẠN CHẾ / GIẢM,OBV xấu + Thiếu mẫu xác nhận,2026-08-20T14:03:08+07:00,-2.24,141867.51,130225.0,8.94,-2.28,1.57,2691464.0,2858729.0,961236.0,721132.0,,0.98,1.05,33.8,37.24,-4.88,1.48,7,2,1,0,1,1,2,,,,,,🔴,MUA EARLY,PULL XẤU,OBV gãy | RSI chững | Pull xấu,🟡,,,,🟢 Tăng tốc,,True
2026-08-19,GEE,⚠️ YẾU DẦN,3,64900.0,-13.81,-7.15,36.64,🟠 HẠN CHẾ / GIẢM,OBV xấu + RS yếu + Giá lệch xu hướng,2026-08-20T14:03:08+07:00,-3.39,68478.42,68235.0,0.36,-1.63,-5.23,89335400.0,90599632.0,1346900.0,1368975.0,,1.25,1.14,2.2,2.2,-16.47,-4.56,1,0,0,0,1,0,0,,,,,,🔴,THEO DÕI,PULL XẤU,OBV gãy | RSI yếu | RSI chững | Giá dưới EMA9 | Pull xấu,🔴,,,,🟡 Ổn định,,True
2026-08-19,GEX,⚠️ YẾU DẦN,3,24450.0,-6.5,-1.01,46.66,🟠 HẠN CHẾ / GIẢM,OBV xấu + RS yếu + Thiếu mẫu xác nhận,2026-08-20T14:03:08+07:00,-0.97,24796.55,23760.0,4.36,-2.46,-1.4,521743300.0,532423170.0,5226200.0,13037100.0,,0.79,0.84,20.44,20.44,-8.94,-2.0,2,0,0,0,1,0,1,,,,,,🔴,TÍCH LŨY,PULL XẤU,OBV gãy | RSI yếu | RSI chững | Giá dưới EMA9 | Pull xấu,🔴,,,,🟢 Tăng tốc,,True
2026-08-19,GIL,⚠️ YẾU DẦN,3,7760.0,-10.7,-1.65,40.8,🟠 HẠN CHẾ / GIẢM,OBV xấu + RS yếu + RSI yếu,2026-08-20T14:03:08+07:00,-10.64,8072.62,7564.45,6.72,-3.16,-3.87,-4944400.0,-4816607.0,114100.0,260355.0,,0.78,1.16,18.47,18.47,-16.2,-3.0,2,0,0,0,1,0,1,,,,,,🔴,TÍCH LŨY,PULL XẤU,OBV gãy | RSI yếu | RSI chững | Giá dưới EMA9 | Pull xấu,🔴,,,,🟢 Tăng tốc,,True
2026-08-19,HAG,⚠️ YẾU DẦN,3,13950.0,-1.41,-1.06,37.91,🟠 HẠN CHẾ / GIẢM,OBV xấu + Thiếu mẫu xác nhận + RSI yếu,2026-08-20T14:03:08+07:00,-2.13,14073.91,14052.5,0.15,0.01,-0.88,387216000.0,387726638.0,914100.0,1975420.0,,0.78,0.85,1.82,1.82,-3.79,-1.06,2,0,0,0,1,0,1,,,,,,🔴,TÍCH LŨY,PULL XẤU,OBV gãy | RSI yếu | RSI chững | Giá dưới EMA9 | Pull xấu,🔴,,,,🟡 Ổn định,,True
2026-08-19,HCM,⚠️ YẾU DẦN,3,24950.0,-4.59,-2.35,47.13,🟠 HẠN CHẾ / GIẢM,OBV xấu + Vol chưa xác nhận + Thiếu mẫu xác nhận,2026-08-20T14:03:08+07:00,-2.6,25369.07,25462.5,-0.37,-0.76,-1.65,547032953.0,559803123.0,11982147.0,5165667.0,,0.85,1.05,0.0,8.57,-8.78,-0.2,-2,0,0,0,0,0,-2,,,,,,🔴,THEO DÕI,PULL XẤU,OBV gãy | RSI yếu | RSI chững | Giá dưới EMA9 | Slope âm | Pull xấu,🔴,,,,🔴 Yếu,,True
2026-08-19,HDC,⚠️ YẾU DẦN,3,11550.0,-3.35,-2.94,36.49,🟠 HẠN CHẾ / GIẢM,OBV xấu + RSI yếu + Thiếu mẫu xác nhận,2026-08-20T14:03:08+07:00,-3.32,11757.24,11685.0,0.62,-0.05,-1.76,158041200.0,158165741.0,787600.0,1222435.0,,0.77,0.81,5.96,5.96,-6.85,-0.86,2,0,0,0,1,0,1,,,,,,🔴,TÍCH LŨY,PULL XẤU,OBV gãy | RSI yếu | RSI chững | Giá dưới EMA9 | Pull xấu,🔴,,,,🟡 Ổn định,,True
2026-08-19,HDG,⚠️ YẾU DẦN,3,15800.0,-4.53,-5.95,32.3,🟠 HẠN CHẾ / GIẢM,OBV xấu + RSI yếu + Thiếu mẫu xác nhận,2026-08-20T14:03:08+07:00,-3.55,16260.38,16344.95,-0.52,-1.01,-2.83,13894600.0,16622901.0,1566100.0,1254665.0,,0.74,0.78,1.94,1.94,-8.14,-2.16,-2,0,0,0,0,0,-2,,,,,,🔴,THEO DÕI,PULL XẤU,OBV gãy | RSI yếu | RSI chững | Giá dưới EMA9 | Slope âm | Pull xấu,🔴,,,,🔴 Yếu,,True
2026-08-19,HHS,⚠️ YẾU DẦN,3,9730.0,-2.6,-2.21,42.41,🟠 HẠN CHẾ / GIẢM,OBV xấu + Thiếu mẫu xác nhận,2026-08-20T14:03:08+07:00,-3.46,9861.35,9849.0,0.13,-0.77,-1.33,156465100.0,156856664.0,651200.0,914820.0,,0.83,0.95,3.51,3.51,-6.89,0.1,1,0,0,0,1,0,0,,,,,,🔴,THEO DÕI,PULL XẤU,OBV gãy | RSI yếu | RSI chững | Giá dưới EMA9 | Pull xấu,🔴,,,,🟡 Ổn định,,True
2026-08-19,HHV,⚠️ YẾU DẦN,3,9930.0,-3.59,-1.68,40.16,🟠 HẠN CHẾ / GIẢM,OBV xấu + Thiếu mẫu xác nhận + RSI yếu,2026-08-20T14:03:08+07:00,-3.72,10058.25,10045.5,0.13,-0.74,-1.28,165056400.0,168557334.0,2637200.0,2493870.0,,1.15,1.05,1.33,1.33,-5.43,-0.7,1,0,0,0,1,0,0,,,,,,🔴,THEO DÕI,PULL XẤU,OBV gãy | RSI yếu | RSI chững | Giá dưới EMA9 | Pull xấu,🔴,,,,🟡 Ổn định,,True
2026-08-19,HPG,⚠️ YẾU DẦN,3,21200.0,-4.07,-3.64,40.33,🟠 HẠN CHẾ / GIẢM,OBV xấu + Thiếu mẫu xác nhận + Xu hướng giảm,2026-08-20T14:03:08+07:00,0.9,21463.21,21562.5,-0.46,-1.76,-1.23,298694924.0,322256332.0,15312500.0,23218750.0,,0.84,0.77,4.18,4.18,-6.4,0.47,0,0,0,0,0,0,0,,,,,,🔴,THEO DÕI,PULL XẤU,OBV gãy | RSI yếu | Giá dưới EMA9 | Slope âm | Pull xấu,🔴,,,,🔴 Yếu,,True
2026-08-19,HSG,⚠️ YẾU DẦN,3,10550.0,-3.21,-2.31,40.27,🟠 HẠN CHẾ / GIẢM,OBV xấu + Thiếu mẫu xác nhận,2026-08-20T14:03:08+07:00,0.81,10676.13,10680.0,-0.04,-0.82,-1.18,45278600.0,48039003.0,1368900.0,1843075.0,,0.82,0.85,4.98,4.98,-4.95,-0.47,1,0,0,0,0,0,1,,,,,,🔴,THEO DÕI,PULL XẤU,OBV gãy | RSI yếu | Giá dưới EMA9 | Slope âm | Pull xấu,🔴,,,,🔴 Yếu,,True
2026-08-19,HVN,⚠️ YẾU DẦN,3,22850.0,-3.59,-8.05,46.26,🟠 HẠN CHẾ / GIẢM,OBV xấu + Thiếu mẫu xác nhận,2026-08-20T14:03:08+07:00,-3.81,23206.05,22865.0,1.49,-1.86,-1.53,3767500.0,4273455.0,519800.0,935065.0,,0.68,0.89,7.78,8.81,-8.96,0.22,1,0,0,0,1,0,0,,,,,,🔴,THEO DÕI,PULL XẤU,OBV gãy | RSI yếu | RSI chững | Giá dưới EMA9 | Pull xấu,🔴,,,,🟡 Ổn định,,True
2026-08-19,IDC,⚠️ YẾU DẦN,3,32400.0,-5.54,-1.82,39.96,🟠 HẠN CHẾ / GIẢM,OBV xấu + RS yếu + RSI yếu,2026-08-20T14:03:08+07:00,-8.81,33256.25,33085.0,0.52,-1.43,-2.57,64718700.0,66344303.0,593600.0,1001945.0,,0.85,0.97,2.86,2.86,-7.95,-1.52,2,0,0,0,1,0,1,,,,,,🔴,TÍCH LŨY,PULL XẤU,OBV gãy | RSI yếu | RSI chững | Giá dưới EMA9 | Pull xấu,🔴,,,,🟡 Ổn định,,False
2026-08-19,IJC,⚠️ YẾU DẦN,3,7200.0,-9.43,-2.04,38.53,🟠 HẠN CHẾ / GIẢM,OBV xấu + RS yếu + RSI yếu,2026-08-20T14:03:08+07:00,-4.6,7430.95,7344.5,1.18,-2.13,-3.11,-43742532.0,-38421733.0,2467832.0,2417962.0,,1.04,1.1,7.62,7.62,-12.08,-0.96,1,0,0,0,1,0,0,,,,,,🔴,THEO DÕI,PULL XẤU,OBV gãy | RSI yếu | RSI chững | Giá dưới EMA9 | Pull xấu,🔴,,,,🟡 Ổn định,,True
2026-08-19,KBC,⚠️ YẾU DẦN,3,26900.0,-3.93,-4.78,34.36,🟠 HẠN CHẾ / GIẢM,OBV xấu + Xu hướng giảm + Thiếu mẫu xác nhận,2026-08-20T14:03:08+07:00,0.15,27382.0,27772.5,-1.41,-1.4,-1.76,228651300.0,230220031.0,1053700.0,1274865.0,,0.98,0.97,0.0,0.37,-7.08,0.37,1,0,0,0,0,0,1,,,,,,🔴,THEO DÕI,PULL XẤU,OBV gãy | RSI yếu | Giá dưới EMA9 | Slope âm | Pull xấu,🔴,,,,🔴 Yếu,,True
2026-08-19,KDH,⚠️ YẾU DẦN,3,17200.0,-5.23,-5.23,34.22,🟠 HẠN CHẾ / GIẢM,OBV xấu + RSI yếu + RS yếu,2026-08-20T14:03:08+07:00,-3.31,17740.47,17670.0,0.4,-0.67,-3.05,-25972500.0,-19711747.0,4195400.0,5018435.0,,0.95,0.94,4.88,4.88,-8.02,-2.82,1,0,0,0,1,0,0,,,,,,🔴,THEO DÕI,PULL XẤU,OBV gãy | RSI yếu | RSI chững | Giá dưới EMA9 | Pull xấu,🔴,,,,🟡 Ổn định,,True
2026-08-19,KSB,⚠️ YẾU DẦN,3,13550.0,-4.91,0.74,46.7,🟠 HẠN CHẾ / GIẢM,OBV xấu + RS yếu + Thiếu mẫu xác nhận,2026-08-20T14:03:08+07:00,-3.06,13719.53,13520.0,1.48,-0.59,-1.24,32325100.0,32339371.0,806900.0,1070340.0,,2.0,1.28,4.63,4.63,-7.82,-2.17,2,0,0,0,1,0,1,,,,,,🔴,TÍCH LŨY,PULL XẤU,OBV gãy | RSI yếu | RSI chững | Giá dưới EMA9 | Pull xấu,🔴,,,,🟡 Ổn định,,True
2026-08-19,LAS,⚠️ YẾU DẦN,3,11500.0,-6.5,-7.26,32.11,🟠 HẠN CHẾ / GIẢM,OBV xấu + RSI yếu + Vol chưa xác nhận,2026-08-20T14:03:08+07:00,-4.27,11865.98,11890.0,-0.2,-1.57,-3.08,-19520000.0,-19353390.0,54700.0,173075.0,,0.69,1.0,0.0,0.0,-10.16,-0.86,1,0,0,0,0,0,1,,,,,,🔴,THEO DÕI,PULL XẤU,OBV gãy | RSI yếu | RSI chững | Giá dưới EMA9 | Slope âm | Pull xấu,🔴,,,,🔴 Yếu,,False
2026-08-19,LPB,⚠️ YẾU DẦN,3,50500.0,-6.13,-4.72,41.9,🟠 HẠN CHẾ / GIẢM,OBV xấu + Xu hướng giảm + RS yếu,2026-08-20T14:03:08+07:00,-6.53,51787.6,52615.0,-1.57,-1.39,-2.49,160560815.0,164863544.0,1442415.0,3098316.0,,1.18,0.97,1.0,10.99,-9.82,0.4,0,0,0,0,0,0,0,,,,,,🔴,THEO DÕI,PULL XẤU,OBV gãy | RSI yếu | RSI chững | Giá dưới EMA9 | Slope âm | Pull xấu,🔴,,,,🔴 Yếu,,True
2026-08-19,MBS,⚠️ YẾU DẦN,3,16900.0,-4.95,-2.37,38.92,🟠 HẠN CHẾ / GIẢM,OBV xấu + RSI yếu + RS yếu,2026-08-20T14:03:08+07:00,-5.03,17325.03,17365.0,-0.23,-0.89,-2.45,-50110600.0,-44337658.0,2045300.0,5361380.0,,0.72,0.8,2.74,2.74,-9.29,-1.74,1,0,0,0,0,0,1,,,,,,🔴,THEO DÕI,PULL XẤU,OBV gãy | RSI yếu | RSI chững | Giá dưới EMA9 | Slope âm | Pull xấu,🔴,,,,🔴 Yếu,,False
2026-08-19,MSB,⚠️ YẾU DẦN,3,15700.0,-2.18,-2.78,40.71,🟠 HẠN CHẾ / GIẢM,OBV xấu + RSI yếu + Thiếu mẫu xác nhận,2026-08-20T14:03:08+07:00,-14.76,15981.65,16022.3,-0.25,-0.77,-1.76,757109100.0,761657740.0,5179000.0,5629115.0,,0.95,0.89,0.0,10.56,-3.68,-0.32,0,0,0,0,0,0,0,,,,,,🔴,THEO DÕI,PULL XẤU,OBV gãy | RSI yếu | RSI chững | Giá dưới EMA9 | Slope âm | Pull xấu,🔴,,,,🔴 Yếu,,True
2026-08-19,MSH,⚠️ YẾU DẦN,3,30000.0,-4.31,-2.76,33.96,🟠 HẠN CHẾ / GIẢM,OBV xấu + RSI yếu + Thiếu mẫu xác nhận,2026-08-20T14:03:08+07:00,-4.37,30533.61,30770.0,-0.77,-1.28,-1.75,11751000.0,12014849.0,201510.0,120490.0,,1.18,0.86,0.0,0.0,-6.25,-0.17,-2,0,0,0,0,0,-2,,,,,,🔴,THEO DÕI,PULL XẤU,OBV gãy | RSI yếu | RSI chững | Giá dưới EMA9 | Slope âm | Pull xấu,🔴,,,,🔴 Yếu,,True
2026-08-19,NAB,⚠️ YẾU DẦN,3,11600.0,-2.52,-2.93,33.12,🟠 HẠN CHẾ / GIẢM,OBV xấu + RSI yếu + Xu hướng giảm,2026-08-20T14:03:08+07:00,-1.98,11764.52,11997.5,-1.94,-0.18,-1.4,50243000.0,53582418.0,1184500.0,1653055.0,,0.77,0.8,0.0,0.0,-9.38,0.0,0,0,0,0,0,0,0,,,,,,🔴,THEO DÕI,PULL XẤU,OBV gãy | RSI yếu | RSI chững | Giá dưới EMA9 | Slope âm | Pull xấu,🔴,,,,🔴 Yếu,,True
2026-08-19,NKG,⚠️ YẾU DẦN,3,10550.0,-5.8,-4.95,34.47,🟠 HẠN CHẾ / GIẢM,OBV xấu + RSI yếu + RS yếu,2026-08-20T14:03:08+07:00,-5.12,10837.22,10897.5,-0.55,-2.05,-2.65,273527400.0,275865498.0,1090900.0,1780310.0,,0.91,0.96,1.44,1.44,-7.46,-1.4,1,0,0,0,0,0,1,,,,,,🔴,THEO DÕI,PULL XẤU,OBV gãy | RSI yếu | RSI chững | Giá dưới EMA9 | Slope âm | Pull xấu,🔴,,,,🔴 Yếu,,True
2026-08-19,NT2,⚠️ YẾU DẦN,3,21250.0,-2.3,0.0,45.68,🟠 HẠN CHẾ / GIẢM,OBV xấu + Thiếu mẫu xác nhận,2026-08-20T14:03:08+07:00,0.86,21345.2,21265.0,0.38,-0.33,-0.45,14421800.0,14560434.0,373700.0,514015.0,,0.85,0.84,3.66,3.66,-2.97,-0.23,2,0,0,0,1,0,1,,,,,,🔴,TÍCH LŨY,PULL XẤU,OBV gãy | RSI yếu | Giá dưới EMA9 | Pull xấu,🔴,,,,🟡 Ổn định,,True
2026-08-19,NVL,⚠️ YẾU DẦN,3,13000.0,-4.06,-6.47,45.97,🟠 HẠN CHẾ / GIẢM,OBV xấu + Thiếu mẫu xác nhận,2026-08-20T14:03:08+07:00,-5.34,13286.16,13262.5,0.18,-1.88,-2.15,594455204.0,618693352.0,11034500.0,17452315.0,,0.77,0.97,2.36,9.7,-8.77,-1.14,2,0,0,0,1,0,1,,,,,,🔴,TÍCH LŨY,PULL XẤU,OBV gãy | RSI yếu | RSI chững | Giá dưới EMA9 | Pull xấu,🔴,,,,🟡 Ổn định,,True
2026-08-19,ORS,⚠️ YẾU DẦN,3,13550.0,-5.9,-3.56,45.14,🟠 HẠN CHẾ / GIẢM,OBV xấu + RS yếu + Vol chưa xác nhận,2026-08-20T14:03:08+07:00,-3.77,13886.55,13840.0,0.34,-1.75,-2.42,212090200.0,214094368.0,1484700.0,4123130.0,,0.67,0.86,5.86,7.11,-8.14,-1.09,2,0,0,0,1,0,1,,,,,,🔴,TÍCH LŨY,PULL XẤU,OBV gãy | RSI yếu | RSI chững | Giá dưới EMA9 | Pull xấu,🔴,,,,🟡 Ổn định,,True
2026-08-19,PC1,⚠️ YẾU DẦN,3,20150.0,-2.89,-4.05,38.28,🟠 HẠN CHẾ / GIẢM,OBV xấu + Xu hướng giảm + RSI yếu,2026-08-20T14:03:08+07:00,-4.23,20537.98,20947.5,-1.96,-0.93,-1.89,120148800.0,122581939.0,802200.0,1770685.0,,0.74,0.84,0.0,8.33,-9.64,-0.74,1,0,0,0,0,0,1,,,,,,🔴,THEO DÕI,PULL XẤU,OBV gãy | RSI yếu | RSI chững | Giá dưới EMA9 | Slope âm | Pull xấu,🔴,,,,🔴 Yếu,,True
2026-08-19,PDR,⚠️ YẾU DẦN,3,11850.0,-2.07,-1.25,37.47,🟠 HẠN CHẾ / GIẢM,OBV xấu + Thiếu mẫu xác nhận,2026-08-20T14:03:08+07:00,-0.57,11983.56,11865.0,1.0,0.49,-1.11,237929700.0,241377081.0,4709600.0,6989275.0,,0.8,0.84,6.28,6.28,-4.82,-2.47,2,0,0,0,1,0,1,,,,,,🔴,TÍCH LŨY,PULL XẤU,OBV gãy | RSI yếu | RSI chững | Giá dưới EMA9 | Pull xấu,🔴,,,,🟡 Ổn định,,True
2026-08-19,PET,⚠️ YẾU DẦN,3,38600.0,-4.34,-3.5,52.99,🟠 HẠN CHẾ / GIẢM,OBV xấu + Thiếu mẫu xác nhận + RS yếu,2026-08-20T14:03:08+07:00,-5.21,38916.74,38297.5,1.62,-2.26,-0.81,69163000.0,69549925.0,308900.0,429250.0,,1.38,1.12,8.73,15.16,-7.88,1.58,1,0,0,0,1,0,0,,,,,,🔴,THEO DÕI,PULL XẤU,OBV gãy | RSI yếu | RSI chững | Giá dưới EMA9 | Pull xấu,🔴,,,,🟡 Ổn định,,True
2026-08-19,POW,⚠️ YẾU DẦN,3,13350.0,-2.91,-3.26,42.9,🟠 HẠN CHẾ / GIẢM,OBV xấu + Thiếu mẫu xác nhận,2026-08-20T14:03:08+07:00,2.28,13467.7,13542.5,-0.55,-0.74,-0.87,307155504.0,312666964.0,2859700.0,6462740.0,,0.85,0.97,1.14,1.14,-5.32,0.38,0,0,0,0,0,0,0,,,,,,🔴,THEO DÕI,PULL XẤU,OBV gãy | RSI yếu | Giá dưới EMA9 | Slope âm | Pull xấu,🔴,,,,🔴 Yếu,,True
2026-08-19,PVC,⚠️ YẾU DẦN,3,12100.0,-3.97,3.42,47.2,🟠 HẠN CHẾ / GIẢM,OBV xấu + RS yếu + Thiếu mẫu xác nhận,2026-08-20T14:03:08+07:00,2.09,12123.21,11985.0,1.15,-0.04,-0.19,60257800.0,60367723.0,261800.0,433265.0,,1.23,1.14,5.22,5.22,-4.72,-1.63,3,0,0,0,1,1,1,,,,,,🔴,MUA EARLY,PULL XẤU,OBV gãy | RSI yếu | Giá dưới EMA9 | Pull xấu,🟡,,,,🟡 Ổn định,,False
2026-08-19,PVD,⚠️ YẾU DẦN,3,18300.0,-2.14,2.23,48.29,🟠 HẠN CHẾ / GIẢM,OBV xấu + Vol chưa xác nhận + Thiếu mẫu xác nhận,2026-08-20T14:03:08+07:00,3.98,18273.0,18292.5,-0.11,0.37,0.15,259805628.0,271406542.0,17940072.0,3761959.0,,1.04,1.03,3.1,4.57,-5.67,-1.61,0,1,0,0,0,1,-2,,,,,,🔴,THEO DÕI,PULL XẤU,OBV gãy | RSI yếu | Slope âm | Pull xấu,🔴,,,,🔴 Yếu,,True
2026-08-19,REE,⚠️ YẾU DẦN,3,45700.0,-3.08,-3.69,41.95,🟠 HẠN CHẾ / GIẢM,OBV xấu + Thiếu mẫu xác nhận,2026-08-20T14:03:08+07:00,-0.02,46167.9,46200.0,-0.07,-1.47,-1.01,-11697700.0,-11359393.0,244000.0,447330.0,,0.59,0.61,2.93,4.22,-6.16,0.88,0,0,0,0,0,0,0,,,,,,🔴,THEO DÕI,PULL XẤU,OBV gãy | RSI yếu | RSI chững | Giá dưới EMA9 | Slope âm | Pull xấu,🔴,,,,🔴 Yếu,,True
2026-08-19,SHB,⚠️ YẾU DẦN,3,11500.0,-2.95,-2.54,35.97,🟠 HẠN CHẾ / GIẢM,OBV xấu + RSI yếu + Thiếu mẫu xác nhận,2026-08-20T14:03:08+07:00,-4.85,11693.76,11707.5,-0.12,-0.75,-1.66,1434979260.0,1582704213.0,49190900.0,53565315.0,,0.89,0.91,2.68,2.68,-5.35,-0.86,0,0,0,0,0,0,0,,,,,,🔴,THEO DÕI,PULL XẤU,OBV gãy | RSI yếu | RSI chững | Giá dưới EMA9 | Slope âm | Pull xấu,🔴,,,,🔴 Yếu,,True
2026-08-19,SHS,⚠️ YẾU DẦN,3,14800.0,-6.92,-7.5,36.9,🟠 HẠN CHẾ / GIẢM,OBV xấu + Xu hướng giảm + RS yếu,2026-08-20T14:03:08+07:00,-3.64,15288.6,15435.0,-0.95,-2.34,-3.2,658188296.0,680602767.0,6235700.0,10841665.0,,1.14,0.98,3.5,3.5,-10.3,0.68,0,0,0,0,0,0,0,,,,,,🔴,THEO DÕI,PULL XẤU,OBV gãy | RSI yếu | RSI chững | Giá dưới EMA9 | Slope âm | Pull xấu,🔴,,,,🔴 Yếu,,False
2026-08-19,SIP,⚠️ YẾU DẦN,3,49000.0,-4.11,-3.92,44.59,🟠 HẠN CHẾ / GIẢM,OBV xấu + Thiếu mẫu xác nhận + RS yếu,2026-08-20T14:03:08+07:00,-8.12,49864.43,49277.5,1.19,-1.76,-1.73,50700.0,309842.0,80100.0,98615.0,,1.02,1.02,5.15,5.15,-5.22,-0.2,1,0,0,0,1,0,0,,,,,,🔴,THEO DÕI,PULL XẤU,OBV gãy | RSI yếu | RSI chững | Giá dưới EMA9 | Pull xấu,🔴,,,,🟡 Ổn định,,True
2026-08-19,SSB,⚠️ YẾU DẦN,3,15000.0,-2.91,-2.28,39.38,🟠 HẠN CHẾ / GIẢM,OBV xấu + Thiếu mẫu xác nhận,2026-08-20T14:03:08+07:00,0.25,15178.09,15342.5,-1.07,-0.1,-1.17,26142300.0,29400759.0,2401800.0,2104200.0,,0.96,0.97,0.0,7.14,-5.06,-0.66,0,0,0,0,0,0,0,,,,,,🔴,THEO DÕI,PULL XẤU,OBV gãy | RSI yếu | Giá dưới EMA9 | Slope âm | Pull xấu,🔴,,,,🔴 Yếu,,True
2026-08-19,SSI,⚠️ YẾU DẦN,3,19500.0,-3.56,0.0,47.1,🟠 HẠN CHẾ / GIẢM,OBV xấu + Thiếu mẫu xác nhận + RS yếu,2026-08-20T14:03:08+07:00,-0.82,19651.13,19301.5,1.81,-1.43,-0.77,975630588.0,986012067.0,11085700.0,20423805.0,,1.03,0.92,10.86,10.86,-4.32,0.0,1,0,0,0,1,0,0,,,,,,🔴,THEO DÕI,PULL XẤU,OBV gãy | RSI yếu | RSI chững | Giá dưới EMA9 | Pull xấu,🔴,,,,🟡 Ổn định,,True
2026-08-19,SZC,⚠️ YẾU DẦN,3,18950.0,-5.96,2.71,43.86,🟠 HẠN CHẾ / GIẢM,OBV xấu + RS yếu + Thiếu mẫu xác nhận,2026-08-20T14:03:08+07:00,-4.6,19341.55,18795.0,2.91,-0.92,-2.02,-22410400.0,-21919294.0,316800.0,488165.0,,1.08,1.21,10.5,10.5,-8.23,-2.07,3,0,0,0,1,1,1,,,,,,🔴,MUA EARLY,PULL XẤU,OBV gãy | RSI yếu | RSI chững | Giá dưới EMA9 | Pull xấu,🟡,,,,🟢 Tăng tốc,,True
2026-08-19,TCH,⚠️ YẾU DẦN,3,11600.0,-4.92,-5.31,38.8,🟠 HẠN CHẾ / GIẢM,OBV xấu + Thiếu mẫu xác nhận + RSI yếu,2026-08-20T14:03:08+07:00,-3.14,11925.61,11835.0,0.77,-0.27,-2.73,135270400.0,139897505.0,4540200.0,4866955.0,,0.95,0.95,5.45,5.45,-8.66,-2.52,1,0,0,0,1,0,0,,,,,,🔴,THEO DÕI,PULL XẤU,OBV gãy | RSI yếu | RSI chững | Giá dưới EMA9 | Pull xấu,🔴,,,,🟡 Ổn định,,True
2026-08-19,TCM,⚠️ YẾU DẦN,3,16400.0,-1.5,-2.38,29.6,🟠 HẠN CHẾ / GIẢM,OBV xấu + RSI yếu + Thiếu mẫu xác nhận,2026-08-20T14:03:08+07:00,0.77,16532.81,16710.0,-1.06,-0.2,-0.8,-10564800.0,-10499319.0,1225300.0,1040100.0,,0.56,0.61,0.61,0.61,-8.38,1.23,1,0,0,0,0,0,1,,,,,,🔴,THEO DÕI,PULL XẤU,OBV gãy | RSI yếu | Giá dưới EMA9 | Slope âm | Pull xấu,🔴,,,,🔴 Yếu,,True
2026-08-19,TNG,⚠️ YẾU DẦN,3,16900.0,-1.17,-1.69,46.57,🟠 HẠN CHẾ / GIẢM,OBV xấu + Thiếu mẫu xác nhận,2026-08-20T14:03:08+07:00,-3.53,17010.74,16865.45,0.86,-1.51,-0.65,34025700.0,34284410.0,214500.0,372370.0,,0.82,0.75,5.89,7.78,-5.8,0.6,1,0,0,0,1,0,0,,,,,,🔴,THEO DÕI,PULL XẤU,OBV gãy | RSI yếu | RSI chững | Giá dưới EMA9 | Pull xấu,🔴,,,,🟡 Ổn định,,False
2026-08-19,VCB,⚠️ YẾU DẦN,3,57600.0,-3.52,-2.87,43.88,🟠 HẠN CHẾ / GIẢM,OBV xấu + Thiếu mẫu xác nhận,2026-08-20T14:03:08+07:00,-4.87,58510.77,57850.0,1.14,-1.67,-1.56,112542600.0,122116929.0,3770600.0,4738970.0,,0.69,0.75,6.67,6.67,-5.57,-0.69,2,0,0,0,1,0,1,,,,,,🔴,TÍCH LŨY,PULL XẤU,OBV gãy | RSI yếu | RSI chững | Giá dưới EMA9 | Pull xấu,🔴,,,,🟡 Ổn định,,True
2026-08-19,VCG,⚠️ YẾU DẦN,3,15550.0,-3.71,-1.58,38.25,🟠 HẠN CHẾ / GIẢM,OBV xấu + RSI yếu + Thiếu mẫu xác nhận,2026-08-20T14:03:08+07:00,-4.04,15775.65,15692.45,0.53,-0.64,-1.43,234866900.0,236112951.0,2277500.0,2398900.0,,0.82,0.81,2.98,2.98,-6.33,-2.2,1,0,0,0,1,0,0,,,,,,🔴,THEO DÕI,PULL XẤU,OBV gãy | RSI yếu | RSI chững | Giá dưới EMA9 | Pull xấu,🔴,,,,🟡 Ổn định,,True
2026-08-19,VCI,⚠️ YẾU DẦN,3,20750.0,-5.9,-3.49,39.86,🟠 HẠN CHẾ / GIẢM,OBV xấu + RS yếu + RSI yếu,2026-08-20T14:03:08+07:00,-8.77,21411.01,21185.0,1.07,-2.32,-3.09,142618400.0,153522916.0,6076800.0,9281495.0,,0.85,0.92,12.47,12.47,-9.19,-1.19,2,0,0,0,1,0,1,,,,,,🔴,TÍCH LŨY,PULL XẤU,OBV gãy | RSI yếu | RSI chững | Giá dưới EMA9 | Pull xấu,🔴,,,,🟡 Ổn định,,True
2026-08-19,VCK,⚠️ YẾU DẦN,3,29250.0,-5.03,-5.03,37.13,🟠 HẠN CHẾ / GIẢM,OBV xấu + Xu hướng giảm + Thiếu mẫu xác nhận,2026-08-20T14:03:08+07:00,-2.31,29817.82,30115.0,-0.99,-1.37,-1.9,70333500.0,71851043.0,1037100.0,2356930.0,,0.82,0.81,3.17,3.17,-8.02,0.17,0,0,0,0,0,0,0,,,,,,🔴,THEO DÕI,PULL XẤU,OBV gãy | RSI yếu | RSI chững | Giá dưới EMA9 | Slope âm | Pull xấu,🔴,,,,🔴 Yếu,,True
2026-08-19,VDS,⚠️ YẾU DẦN,3,11650.0,-4.12,-2.92,37.49,🟠 HẠN CHẾ / GIẢM,OBV xấu + Vol chưa xác nhận + Thiếu mẫu xác nhận,2026-08-20T14:03:08+07:00,-0.35,11841.87,11897.5,-0.47,-0.35,-1.62,46398400.0,47051036.0,300600.0,855335.0,,0.67,0.83,4.02,4.02,-10.38,-0.85,1,0,0,0,0,0,1,,,,,,🔴,THEO DÕI,PULL XẤU,OBV gãy | RSI yếu | RSI chững | Giá dưới EMA9 | Slope âm | Pull xấu,🔴,,,,🔴 Yếu,,True
2026-08-19,VGS,⚠️ YẾU DẦN,3,17700.0,-3.8,-1.67,35.73,🟠 HẠN CHẾ / GIẢM,OBV xấu + RSI yếu + Thiếu mẫu xác nhận,2026-08-20T14:03:08+07:00,-3.86,17950.22,17850.0,0.56,-0.6,-1.39,4550700.0,4704317.0,94600.0,105825.0,,0.83,0.83,4.12,4.12,-4.84,-0.56,1,0,0,0,1,0,0,,,,,,🔴,THEO DÕI,PULL XẤU,OBV gãy | RSI yếu | RSI chững | Giá dưới EMA9 | Pull xấu,🔴,,,,🟡 Ổn định,,False
2026-08-19,VIB,⚠️ YẾU DẦN,3,14350.0,-3.04,-3.04,37.95,🟠 HẠN CHẾ / GIẢM,OBV xấu + Thiếu mẫu xác nhận,2026-08-20T14:03:08+07:00,0.31,14503.07,14565.0,-0.43,-0.52,-1.06,193785469.0,203756422.0,7951735.0,5454507.0,,0.63,0.82,1.41,1.41,-5.59,-0.35,-2,0,0,0,0,0,-2,,,,,,🔴,THEO DÕI,PULL XẤU,OBV gãy | RSI yếu | Giá dưới EMA9 | Slope âm | Pull xấu,🔴,,,,🔴 Yếu,,True
2026-08-19,VIC,⚠️ YẾU DẦN,3,201800.0,-6.36,-8.27,40.58,🟠 HẠN CHẾ / GIẢM,OBV xấu + Xu hướng giảm + RS yếu,2026-08-20T14:03:08+07:00,2.88,205415.0,211665.0,-2.95,-1.42,-1.76,301095700.0,302314103.0,5248400.0,4831780.0,,1.22,1.14,1.92,5.1,-9.83,0.9,1,0,0,0,0,0,1,,,,,,🔴,THEO DÕI,PULL XẤU,OBV gãy | RSI yếu | Giá dưới EMA9 | Slope âm | Pull xấu,🔴,,,,🔴 Yếu,,True
2026-08-19,VJC,⚠️ YẾU DẦN,3,122500.0,-4.07,-2.85,34.43,🟠 HẠN CHẾ / GIẢM,OBV xấu + Vol chưa xác nhận + RSI yếu,2026-08-20T14:03:08+07:00,-1.14,124390.26,125390.0,-0.8,-0.22,-1.52,15517970.0,20487828.0,5916130.0,1537246.0,,1.07,1.1,0.0,0.0,-6.91,-0.33,-2,0,0,0,0,0,-2,,,,,,🔴,THEO DÕI,PULL XẤU,OBV gãy | RSI yếu | RSI chững | Giá dưới EMA9 | Slope âm | Pull xấu,🔴,,,,🔴 Yếu,,True
2026-08-19,VND,⚠️ YẾU DẦN,3,15850.0,-5.65,-6.49,37.57,🟠 HẠN CHẾ / GIẢM,OBV xấu + RSI yếu + Xu hướng giảm,2026-08-20T14:03:08+07:00,-4.03,16331.46,16554.95,-1.35,-1.15,-2.95,508988512.0,536704898.0,7321500.0,10472765.0,,0.84,0.86,3.26,3.26,-9.43,-0.94,1,0,0,0,0,0,1,,,,,,🔴,THEO DÕI,PULL XẤU,OBV gãy | RSI yếu | RSI chững | Giá dưới EMA9 | Slope âm | Pull xấu,🔴,,,,🔴 Yếu,,True
2026-08-19,VOS,⚠️ YẾU DẦN,3,10950.0,-1.79,-0.45,44.46,🟠 HẠN CHẾ / GIẢM,OBV xấu + Thiếu mẫu xác nhận,2026-08-20T14:03:08+07:00,-2.43,11043.28,10900.0,1.31,-0.67,-0.84,24994600.0,25308550.0,381500.0,417925.0,,0.89,0.92,6.31,6.31,-5.6,-1.35,1,0,0,0,1,0,0,,,,,,🔴,THEO DÕI,PULL XẤU,OBV gãy | RSI yếu | RSI chững | Giá dưới EMA9 | Pull xấu,🔴,,,,🟡 Ổn định,,True
2026-08-19,VPX,⚠️ YẾU DẦN,3,24600.0,-4.47,-4.28,38.95,🟠 HẠN CHẾ / GIẢM,OBV xấu + Vol chưa xác nhận + Thiếu mẫu xác nhận,2026-08-20T14:03:08+07:00,0.18,25075.9,25337.5,-1.03,-0.21,-1.9,4904600.0,6491649.0,315100.0,1040170.0,,0.74,0.86,1.86,1.86,-8.55,-0.81,1,0,0,0,0,0,1,,,,,,🔴,THEO DÕI,PULL XẤU,OBV gãy | RSI yếu | Giá dưới EMA9 | Slope âm | Pull xấu,🔴,,,,🔴 Yếu,,True
2026-08-19,VRE,⚠️ YẾU DẦN,3,24100.0,-5.3,-8.88,43.7,🟠 HẠN CHẾ / GIẢM,OBV xấu + Vol chưa xác nhận + Thiếu mẫu xác nhận,2026-08-20T14:03:08+07:00,1.36,24557.27,24230.0,1.35,-2.14,-1.86,422437900.0,427892220.0,1888000.0,5998800.0,,0.8,0.9,13.15,13.15,-10.07,-1.23,2,0,0,0,1,0,1,,,,,,🔴,TÍCH LŨY,PULL XẤU,OBV gãy | RSI yếu | Giá dưới EMA9 | Pull xấu,🔴,,,,🟡 Ổn định,,True
2026-08-19,VSC,⚠️ YẾU DẦN,3,14400.0,-3.03,-1.37,43.54,🟠 HẠN CHẾ / GIẢM,OBV xấu + Vol chưa xác nhận + Thiếu mẫu xác nhận,2026-08-20T14:03:08+07:00,-1.85,14525.91,14200.0,2.3,-1.1,-0.87,271865138.0,278210275.0,20120462.0,11103993.0,,0.9,0.94,13.39,13.39,-5.57,-0.69,-1,0,0,0,1,0,-2,,,,,,🔴,THEO DÕI,PULL XẤU,OBV gãy | RSI yếu | RSI chững | Giá dưới EMA9 | Pull xấu,🔴,,,,🟢 Tăng tốc,,True
2026-08-19,EIB,⛔ RẤT YẾU,4,16900.0,-7.14,-7.14,30.6,🔴 TRÁNH / BÁN,OBV xấu + RSI yếu + Xu hướng giảm,2026-08-20T14:03:08+07:00,-2.37,17404.09,17685.0,-1.59,-1.99,-2.9,144117400.0,158285919.0,2606400.0,5666005.0,,0.96,0.82,0.0,2.42,-9.38,0.0,0,0,0,0,0,0,0,,,,,,🔴,THEO DÕI,PULL XẤU,OBV gãy | RSI yếu | RSI chững | Giá dưới EMA9 | Slope âm | Pull xấu,🔴,,,,🔴 Yếu,,True
2026-08-19,HUT,⛔ RẤT YẾU,4,12900.0,-5.15,-7.86,17.92,🔴 TRÁNH / BÁN,OBV xấu + Xu hướng giảm + RSI yếu,2026-08-20T14:03:08+07:00,1.42,13366.18,14000.0,-4.53,-0.1,-3.49,25501400.0,27532215.0,1104700.0,2180210.0,,0.67,0.61,0.0,0.0,-14.57,-3.01,1,0,0,0,0,0,1,,,,,,🔴,THEO DÕI,PULL XẤU,OBV gãy | RSI yếu | Giá dưới EMA9 | Slope âm | Pull xấu,🔴,,,,🔴 Yếu,,False
2026-08-19,NHA,⛔ RẤT YẾU,4,7650.0,-8.93,-6.71,31.48,🔴 TRÁNH / BÁN,OBV xấu + Vol chưa xác nhận + RSI yếu,2026-08-20T14:03:08+07:00,-9.9,8162.98,8159.85,0.04,-1.15,-6.28,6523500.0,6814523.0,210800.0,101810.0,,0.93,1.05,0.66,0.66,-9.89,-0.65,-1,0,0,0,1,0,-2,,,,,,🔴,THEO DÕI,PULL XẤU,OBV gãy | RSI yếu | RSI chững | Giá dưới EMA9 | Pull xấu,🔴,,,,🟡 Ổn định,,True
2026-08-19,NTL,⛔ RẤT YẾU,4,12350.0,-9.19,-9.85,13.29,🔴 TRÁNH / BÁN,OBV xấu + RSI yếu + Vol chưa xác nhận,2026-08-20T14:03:08+07:00,-9.47,13305.51,13687.5,-2.79,-0.63,-7.18,65881400.0,69437851.0,3980200.0,469855.0,,0.84,0.82,0.0,0.0,-15.99,-7.49,-2,0,0,0,0,0,-2,,,,,,🔴,THEO DÕI,PULL XẤU,OBV gãy | RSI yếu | RSI chững | Giá dưới EMA9 | Slope âm | Pull xấu,🔴,,,,🔴 Yếu,,True
2026-08-19,PTB,⛔ RẤT YẾU,4,31700.0,-5.79,-5.37,33.78,🔴 TRÁNH / BÁN,OBV xấu + Vol chưa xác nhận + RSI yếu,2026-08-20T14:03:08+07:00,-8.08,32839.8,33099.95,-0.79,-1.25,-3.47,-933800.0,-714231.0,163700.0,65690.0,,0.75,0.77,0.0,0.0,-8.51,-1.55,-2,0,0,0,0,0,-2,,,,,,🔴,THEO DÕI,PULL XẤU,OBV gãy | RSI yếu | RSI chững | Giá dưới EMA9 | Slope âm | Pull xấu,🔴,,,,🔴 Yếu,,True
2026-08-19,VIX,⛔ RẤT YẾU,4,12700.0,-11.19,-9.29,36.82,🔴 TRÁNH / BÁN,OBV xấu + RS yếu + RSI yếu,2026-08-20T14:03:08+07:00,-6.8,13388.55,13262.5,0.95,-3.37,-5.14,1406392532.0,1479959753.0,26975900.0,45529905.0,,0.88,0.88,8.09,8.09,-12.41,-3.05,2,0,0,0,1,0,1,,,,,,🔴,TÍCH LŨY,PULL XẤU,OBV gãy | RSI yếu | RSI chững | Giá dưới EMA9 | Pull xấu,🔴,,,,🟡 Ổn định,,True
2026-08-20,BAF,🌱 ĐANG HỒI,0,32400.0,3.18,3.85,76.16,🟢 MUA / GIỮ,OBV tốt + Vị trí giá tốt + Xu hướng lên,2026-08-21T12:51:25+07:00,5.65,31642.62,30767.5,2.84,-0.05,2.39,106163400.0,101691407.0,1436100.0,2004360.0,,1.03,1.02,12.31,12.7,0.31,0.31,8,2,2,2,1,1,0,,,,,,🟢,MUA EARLY,PULL XẤU,Pull xấu,🟡,🟢 GREEN 2,,,🟢 Tăng tốc,,True
2026-08-20,BSR,🌱 ĐANG HỒI,0,26900.0,1.51,8.6,58.17,🟢 MUA / GIỮ,OBV tốt + RSI cải thiện + Vị trí giá tốt,2026-08-21T12:51:25+07:00,3.81,26331.21,25472.0,3.37,-0.3,2.16,679463700.0,663109675.0,8275400.0,9455465.0,,1.17,1.15,14.76,18.29,-2.71,0.19,8,2,1,2,1,1,1,,,,,,🟢,GÀ TĂNG TỐC,PULL XẤU,Pull xấu,🟡,,,,🟢 Tăng tốc,,True
2026-08-20,CII,🌱 ĐANG HỒI,0,14300.0,2.88,4.0,47.72,🟢 MUA / GIỮ,OBV tốt + Vị trí giá tốt + Xu hướng lên,2026-08-21T12:51:25+07:00,-5.06,14241.12,13825.0,3.01,0.45,0.41,607449704.0,602893437.0,5984200.0,8456985.0,,1.23,1.01,13.04,13.04,-4.98,-1.72,7,2,0,1,2,1,1,,,,,,🟢,MUA EARLY,PULL XẤU,RSI yếu | RSI chững | Pull xấu,🟡,,,,🟢 Tăng tốc,,True
2026-08-20,CTR,🌱 ĐANG HỒI,0,76500.0,-0.39,0.92,59.08,🟢 MUA / GIỮ,OBV tốt + Vị trí giá tốt + RSI cải thiện,2026-08-21T12:51:25+07:00,-2.14,76201.66,74200.0,2.7,-1.17,0.39,-5934600.0,-6516440.0,188100.0,320425.0,,1.06,1.02,12.5,15.21,-3.04,0.0,5,2,1,1,1,0,0,,,,,,🟢,PULL VỪA,PULL VỪA,RSI chững,🟡,,,,🟢 Tăng tốc,,True
2026-08-20,DGC,🌱 ĐANG HỒI,0,43100.0,-1.82,-0.58,52.46,🟢 MUA / GIỮ,OBV tốt + RSI cải thiện + Vị trí giá tốt,2026-08-21T12:51:25+07:00,8.81,42330.9,40932.5,3.42,-1.02,1.82,-122168700.0,-122291297.0,243000.0,591035.0,,0.53,0.58,19.72,19.72,-5.9,4.11,5,2,0,2,1,0,0,,,,,,🟢,MUA EARLY,PULL XẤU,RSI yếu | Pull xấu,🟡,,,,🟢 Tăng tốc,,True
2026-08-20,DGW,🌱 ĐANG HỒI,0,42500.0,-1.51,6.25,63.64,🟢 MUA / GIỮ,OBV tốt + Vị trí giá tốt + RSI cải thiện,2026-08-21T12:51:25+07:00,3.55,41443.23,38972.5,6.34,-0.92,2.55,64406500.0,62130830.0,817100.0,1299305.0,,1.5,1.18,28.21,28.21,-3.08,-0.35,7,2,1,1,1,1,1,,,,,,🟢,GÀ TĂNG TỐC,PULL XẤU,Pull xấu,🟡,,,,🟢 Tăng tốc,,True
2026-08-20,DRI,🌱 ĐANG HỒI,0,13700.0,1.48,5.38,58.38,🟢 MUA / GIỮ,OBV tốt + RSI cải thiện + Vị trí giá tốt,2026-08-21T12:51:25+07:00,4.43,13466.4,13185.0,2.13,0.01,1.73,39480300.0,38974381.0,554200.0,488815.0,,1.16,1.13,7.87,9.6,-0.72,0.0,8,2,1,2,2,1,0,,,,,,🟢,PULL VỪA,PULL VỪA,,🟢,,,,🟢 Tăng tốc,,False
2026-08-20,FPT,🌱 ĐANG HỒI,0,70800.0,2.31,0.14,56.38,🟢 MUA / GIỮ,OBV tốt + RSI cải thiện + Vị trí giá tốt,2026-08-21T12:51:25+07:00,7.93,69584.45,68554.95,1.5,-0.92,1.75,-421634700.0,-423124473.0,4468100.0,5924950.0,,0.79,0.81,13.83,13.83,-3.41,2.46,7,2,1,2,1,1,0,,,,,,🟢,PULL VỪA,PULL VỪA,,🟢,,,,🟡 Ổn định,,True
2026-08-20,GAS,🌱 ĐANG HỒI,0,82400.0,5.78,18.05,62.09,🟢 MUA / GIỮ,OBV tốt + Xu hướng lên + RSI cải thiện,2026-08-21T12:51:25+07:00,3.13,79596.95,74110.0,7.4,0.9,3.52,44838100.0,42390789.0,1112700.0,1408620.0,,1.36,1.29,23.17,27.95,-2.6,-1.79,9,2,1,1,2,2,1,,,,,,🟢,GÀ TĂNG TỐC,PULL XẤU,Pull xấu,🟡,,,,🟢 Tăng tốc,,True
2026-08-20,GVR,🌱 ĐANG HỒI,0,31700.0,-2.91,13.82,58.07,🟢 MUA / GIỮ,OBV tốt + Vị trí giá tốt + RSI cải thiện,2026-08-21T12:51:25+07:00,0.96,31275.37,29442.5,6.23,-0.88,1.36,255683400.0,252754066.0,1405800.0,2301895.0,,1.3,1.31,21.92,21.92,-3.65,-0.78,7,2,1,1,1,1,1,,,,,,🟢,GÀ TĂNG TỐC,PULL VỪA,,🟢,,,,🟢 Tăng tốc,,True
2026-08-20,HAH,🌱 ĐANG HỒI,0,48350.0,5.57,3.98,62.08,🟢 MUA / GIỮ,OBV tốt + RSI cải thiện + Vị trí giá tốt,2026-08-21T12:51:25+07:00,18.1,46772.6,45815.0,2.09,1.0,3.37,23811700.0,21191845.0,1020700.0,648145.0,,1.58,1.29,10.14,10.14,0.1,1.26,10,2,1,2,2,1,2,,,,,,🟢,GÀ TĂNG TỐC,PULL XẤU,Pull xấu,🟡,,,,🟢 Tăng tốc,,True
2026-08-20,HDB,🌱 ĐANG HỒI,0,26900.0,0.75,1.32,55.08,🟢 MUA / GIỮ,OBV tốt + Vol xác nhận + Vị trí giá tốt,2026-08-21T12:51:25+07:00,0.02,26748.87,26330.0,1.59,0.0,0.57,939104400.0,931735536.0,8925400.0,9354425.0,,0.87,0.96,7.17,8.03,-2.54,0.37,7,2,1,2,1,0,1,,,,,,🟢,PULL VỪA,PULL VỪA,,🟢,,,,🟡 Ổn định,,True
2026-08-20,MBB,🌱 ĐANG HỒI,0,20350.0,0.99,2.21,58.94,🟢 MUA / GIỮ,OBV tốt + RSI cải thiện + Vị trí giá tốt,2026-08-21T12:51:25+07:00,7.08,20053.65,19624.5,2.19,-0.85,1.48,924139216.0,912291983.0,10904100.0,12832930.0,,0.65,0.89,12.87,12.87,-0.97,1.75,8,2,1,2,1,1,1,,,,,,🟢,GÀ TĂNG TỐC,PULL VỪA,,🟢,,,,🟢 Tăng tốc,,True
2026-08-20,MCH,🌱 ĐANG HỒI,0,137500.0,0.44,1.93,56.36,🟢 MUA / GIỮ,OBV tốt + Vị trí giá tốt + RSI cải thiện,2026-08-21T12:51:25+07:00,1.5,136577.17,136364.0,0.16,-0.13,0.68,11790100.0,11263409.0,553700.0,426480.0,,0.69,0.6,3.36,10.31,-2.83,0.73,8,2,1,2,1,0,2,,,,,,🟢,PULL VỪA,PULL VỪA,,🟢,🟢 GREEN 2,✅ EARLY GREEN2,🌱 EARLY DRY GREEN2,🟡 Ổn định,,True
2026-08-20,MSN,🌱 ĐANG HỒI,0,69200.0,2.37,4.06,57.83,🟢 MUA / GIỮ,OBV tốt + RSI cải thiện + Vị trí giá tốt,2026-08-21T12:51:25+07:00,10.89,67322.36,66835.0,0.73,-0.25,2.79,110726500.0,106978970.0,7132100.0,3955955.0,,1.1,0.9,8.29,8.29,-0.29,4.06,9,2,1,2,1,1,2,,,,,,🟢,CP MẠNH,PULL XẤU,Pull xấu,🟡,,,,🟡 Ổn định,,True
2026-08-20,MSR,🌱 ĐANG HỒI,0,43000.0,7.77,12.27,71.82,🟢 MUA / GIỮ,OBV tốt + Vol xác nhận + Xu hướng lên,2026-08-21T12:51:25+07:00,1.74,41212.56,38755.0,6.34,0.15,4.34,21537200.0,18391109.0,1515800.0,1408450.0,,1.54,1.16,28.36,30.7,-0.46,0.0,9,2,2,1,2,2,0,,,,,,🟢,MUA EARLY,PULL XẤU,Pull xấu,🟡,,,,🟢 Tăng tốc,,False
2026-08-20,MWG,🌱 ĐANG HỒI,0,73700.0,0.14,3.51,53.48,🟢 MUA / GIỮ,OBV tốt + Vị trí giá tốt + RSI cải thiện,2026-08-21T12:51:25+07:00,0.57,72787.68,70854.5,2.73,-0.04,1.25,248370668.0,243938049.0,7105468.0,4328733.0,,0.52,0.7,18.24,18.24,-1.34,1.94,8,2,0,2,1,1,2,,,,,,🟢,MUA EARLY,PULL XẤU,RSI yếu | Pull xấu,🟡,,,,🟢 Tăng tốc,,True
2026-08-20,NLG,🌱 ĐANG HỒI,0,23550.0,4.67,8.03,54.75,🟢 MUA / GIỮ,OBV tốt + Xu hướng lên + Vị trí giá tốt,2026-08-21T12:51:25+07:00,-2.55,23034.17,22145.0,4.02,1.03,2.24,53171800.0,51229681.0,2235700.0,2444345.0,,0.89,0.76,17.75,17.75,-1.67,1.73,9,2,0,2,2,2,1,,,,,,🟢,MUA EARLY,PULL XẤU,RSI yếu | RSI chững | Pull xấu,🟡,,,,🟢 Tăng tốc,,True
2026-08-20,NTP,🌱 ĐANG HỒI,0,50800.0,-1.93,5.18,55.93,🟢 MUA / GIỮ,OBV tốt + Vol xác nhận + Vị trí giá tốt,2026-08-21T12:51:25+07:00,-2.84,50517.76,49405.0,2.25,-0.02,0.56,10828200.0,10615572.0,158300.0,178610.0,,2.12,1.4,6.05,6.72,-6.62,0.4,8,2,1,2,1,1,1,,,,,,🟢,GÀ TĂNG TỐC,PULL VỪA,RSI chững,🟡,,,,🟢 Tăng tốc,,False
2026-08-20,PLX,🌱 ĐANG HỒI,0,37750.0,6.04,12.02,61.96,🟢 MUA / GIỮ,OBV tốt + RSI cải thiện + Xu hướng lên,2026-08-21T12:51:25+07:00,7.85,36587.55,34703.0,5.43,0.88,3.18,66762000.0,63350857.0,3968200.0,2925770.0,,1.31,1.36,19.58,19.77,-3.33,-1.44,6,2,1,1,2,2,-2,,,,,,🟢,MUA EARLY,PULL XẤU,Pull xấu,🟡,,,,🟢 Tăng tốc,,True
2026-08-20,PNJ,🌱 ĐANG HỒI,0,39900.0,13.03,9.47,52.78,🟢 MUA / GIỮ,OBV tốt + Xu hướng lên + RSI cải thiện,2026-08-21T12:51:25+07:00,12.14,36454.18,34800.0,4.75,1.6,9.45,-64743600.0,-68352559.0,5683400.0,8799480.0,,0.43,0.46,29.76,29.76,0.5,9.32,8,2,0,2,2,2,0,,,,,,🟢,MUA EARLY,PULL XẤU,RSI yếu | Pull xấu,🟡,,,,🟢 Tăng tốc,,True
2026-08-20,PVS,🌱 ĐANG HỒI,0,37000.0,5.71,8.82,59.68,🟢 MUA / GIỮ,OBV tốt + RSI cải thiện + Xu hướng lên,2026-08-21T12:51:25+07:00,14.87,35499.91,34675.0,2.38,1.18,4.23,134157700.0,128109683.0,3513600.0,2295310.0,,1.18,1.05,11.11,11.78,2.21,1.37,11,2,1,2,2,2,2,,,,,,🟢,GÀ TĂNG TỐC,PULL XẤU,Pull xấu,🟡,,,,🟢 Tăng tốc,,False
2026-08-20,PVT,🌱 ĐANG HỒI,0,20650.0,3.25,15.69,67.33,🟢 MUA / GIỮ,OBV tốt + Vol xác nhận + Xu hướng lên,2026-08-21T12:51:25+07:00,2.61,19981.78,18797.5,6.3,-0.6,3.34,24495500.0,16317974.0,4282500.0,3981440.0,,1.25,1.31,26.69,26.69,-1.2,1.47,10,2,2,2,1,2,1,,,,,,🟢,GÀ TĂNG TỐC,PULL XẤU,Pull xấu,🟡,,,,🟢 Tăng tốc,,True
2026-08-20,SAB,🌱 ĐANG HỒI,0,46700.0,1.85,6.86,61.13,🟢 MUA / GIỮ,OBV tốt + Vị trí giá tốt + RSI cải thiện,2026-08-21T12:51:25+07:00,4.24,45842.22,44860.5,2.19,0.24,1.87,-5293100.0,-7159155.0,1646400.0,831660.0,,0.88,1.11,8.6,8.6,0.32,1.63,10,2,1,2,2,1,2,,,,,,🟢,GÀ TĂNG TỐC,PULL VỪA,,🟢,,,,🟢 Tăng tốc,,True
2026-08-20,TVS,🌱 ĐANG HỒI,0,13800.0,5.5,8.58,61.04,🟢 MUA / GIỮ,OBV tốt + Vol xác nhận + RSI cải thiện,2026-08-21T12:51:25+07:00,3.39,13378.27,12983.5,3.04,1.67,3.15,5416500.0,5241702.0,109100.0,102455.0,,1.09,0.97,12.29,15.38,-3.83,-0.72,9,2,1,2,2,2,0,,,,,,🟢,MUA EARLY,PULL XẤU,Pull xấu,🟡,,,,🟢 Tăng tốc,,True
2026-08-20,VGI,🌱 ĐANG HỒI,0,87300.0,2.71,4.18,57.36,🟢 MUA / GIỮ,OBV tốt + RSI cải thiện + Vị trí giá tốt,2026-08-21T12:51:25+07:00,6.94,85321.0,82760.0,3.09,-0.33,2.32,-12503800.0,-13093390.0,593600.0,345240.0,,1.07,1.18,17.02,17.02,-5.11,2.11,9,2,1,2,1,1,2,,,,,,🟢,GÀ TĂNG TỐC,PULL XẤU,Pull xấu,🟡,,,,🟢 Tăng tốc,,False
2026-08-20,VNM,🌱 ĐANG HỒI,0,63600.0,3.25,7.8,69.92,🟢 MUA / GIỮ,OBV tốt + Vị trí giá tốt + Vol xác nhận,2026-08-21T12:51:25+07:00,5.19,62175.93,60900.0,2.1,0.23,2.29,3531200.0,-3867038.0,6309900.0,4940680.0,,0.71,0.92,9.84,16.06,0.47,0.79,12,2,2,2,2,2,2,,,,,,🟢,GÀ TĂNG TỐC,PULL XẤU,Pull xấu,🟡,🟢 GREEN 2,,,🟢 Tăng tốc,,True
2026-08-20,VSC,🌱 ĐANG HỒI,0,14750.0,2.79,-1.01,47.7,🟢 MUA / GIỮ,OBV tốt + Vị trí giá tốt + Vol xác nhận,2026-08-21T12:51:25+07:00,3.24,14594.73,14232.5,2.55,-0.47,1.06,300591200.0,285905734.0,8605600.0,10531495.0,,0.94,0.93,16.14,16.14,-3.28,0.34,7,2,0,2,1,1,1,,,,,,🟢,MUA EARLY,PULL XẤU,RSI yếu | Pull xấu,🟡,,✅ EARLY GREEN2,,🟢 Tăng tốc,,True
2026-08-20,ACB,🟡 TRUNG TÍNH,1,22150.0,-0.23,0.0,47.46,👀 THEO DÕI,OBV tốt + Vị trí giá tốt + RSI cải thiện,2026-08-21T12:51:25+07:00,6.7,22102.71,22285.0,-0.82,-0.37,0.21,-20444200.0,-21654148.0,7594400.0,10869630.0,,0.69,0.77,2.31,3.26,-2.85,1.37,3,1,0,2,0,0,0,,,,,,🟢,MUA EARLY,PULL XẤU,RSI yếu | Slope âm | Pull xấu,🟡,,✅ EARLY GREEN2,🌱 EARLY DRY GREEN2,🔴 Yếu,,True
2026-08-20,ACV,🟡 TRUNG TÍNH,1,40900.0,-0.24,5.14,50.33,👀 THEO DÕI,OBV tốt + Vị trí giá tốt + RSI cải thiện,2026-08-21T12:51:25+07:00,2.07,40797.94,40115.0,1.7,-0.39,0.25,-61427300.0,-61666462.0,243200.0,489340.0,,0.69,1.08,6.51,6.51,-4.44,0.25,6,2,0,2,1,1,0,,,,,,🟢,MUA EARLY,PULL XẤU,RSI yếu | Pull xấu,🟡,,,,🟡 Ổn định,,False
2026-08-20,BFC,🟡 TRUNG TÍNH,1,47900.0,0.84,-1.01,43.74,👀 THEO DÕI,OBV tốt + Vol xác nhận + Vị trí giá tốt,2026-08-21T12:51:25+07:00,1.3,48034.38,47816.0,0.46,0.06,-0.28,29456900.0,29249004.0,195800.0,181610.0,,0.94,0.87,4.65,4.65,-5.39,-0.42,2,0,0,1,1,0,0,,,,,,🟢,TÍCH LŨY,PULL XẤU,RSI yếu | Giá dưới EMA9 | Pull xấu,🔴,,,,🟡 Ổn định,,True
2026-08-20,BID,🟡 TRUNG TÍNH,1,36100.0,-0.72,1.78,50.6,👀 THEO DÕI,OBV tốt + Vị trí giá tốt + RSI cải thiện,2026-08-21T12:51:25+07:00,2.0,35984.23,35387.95,1.68,-1.0,0.32,148042000.0,147076415.0,2149900.0,4063815.0,,0.83,0.93,11.15,11.15,-3.32,0.56,5,2,0,2,1,0,0,,,,,,🟢,MUA EARLY,PULL XẤU,RSI yếu | Pull xấu,🟡,,,,🟡 Ổn định,,True
2026-08-20,DCM,🟡 TRUNG TÍNH,1,31250.0,1.46,1.3,49.24,👀 THEO DÕI,OBV tốt + Vị trí giá tốt + RSI cải thiện,2026-08-21T12:51:25+07:00,6.94,30897.61,30807.5,0.29,-0.76,1.14,66249900.0,63843895.0,3326800.0,1992900.0,,0.93,1.08,7.76,8.13,-3.55,2.12,8,2,0,2,1,1,2,,,,,,🟢,MUA EARLY,PULL XẤU,RSI yếu | Pull xấu,🟡,,,,🟡 Ổn định,,True
2026-08-20,DIG,🟡 TRUNG TÍNH,1,10550.0,-0.94,-1.4,42.27,👀 THEO DÕI,OBV tốt + Vị trí giá tốt,2026-08-21T12:51:25+07:00,-5.41,10662.79,10530.0,1.26,-0.81,-1.06,187544600.0,186732289.0,2434800.0,8442450.0,,0.72,0.72,8.88,8.88,-5.8,0.48,3,0,0,2,1,0,0,,,,,,🟢,MUA EARLY,PULL XẤU,RSI yếu | RSI chững | Giá dưới EMA9 | Pull xấu,🟡,,,,🟡 Ổn định,,True
2026-08-20,DPM,🟡 TRUNG TÍNH,1,22000.0,0.46,2.33,51.97,👀 THEO DÕI,OBV tốt + RSI cải thiện + Vị trí giá tốt,2026-08-21T12:51:25+07:00,6.93,21819.39,21785.0,0.16,-0.65,0.83,77722000.0,77491163.0,1246000.0,2421580.0,,0.72,0.94,5.62,6.54,-3.93,1.38,6,2,0,2,1,1,0,,,,,,🟢,MUA EARLY,PULL XẤU,RSI yếu | Pull xấu,🟡,,,,🟡 Ổn định,,True
2026-08-20,DXG,🟡 TRUNG TÍNH,1,11050.0,1.84,0.91,47.63,👀 THEO DÕI,OBV tốt + Vị trí giá tốt + Xu hướng lên,2026-08-21T12:51:25+07:00,-6.98,11069.39,10793.5,2.56,-0.65,-0.18,573119404.0,570976622.0,2905400.0,9961040.0,,1.11,0.95,10.83,10.83,-4.74,0.91,4,0,0,2,1,1,0,,,,,,🟢,MUA EARLY,PULL XẤU,RSI yếu | RSI chững | Giá dưới EMA9 | Pull xấu,🟡,,,,🟢 Tăng tốc,,True
2026-08-20,DXS,🟡 TRUNG TÍNH,1,5790.0,-0.86,-1.53,38.43,👀 THEO DÕI,OBV tốt + RSI yếu,2026-08-21T12:51:25+07:00,-5.98,5890.82,5866.0,0.42,-0.72,-1.71,50529700.0,49881742.0,742300.0,1717370.0,,0.81,0.94,3.21,3.21,-6.61,-1.03,3,0,0,1,1,0,1,,,,,,🟢,MUA EARLY,PULL XẤU,RSI yếu | RSI chững | Giá dưới EMA9 | Pull xấu,🟡,,,,🟡 Ổn định,,True
2026-08-20,EVF,🟡 TRUNG TÍNH,1,12350.0,-2.76,0.0,45.74,👀 THEO DÕI,OBV tốt + Vị trí giá tốt,2026-08-21T12:51:25+07:00,-0.92,12436.16,12367.5,0.56,-0.4,-0.69,153665500.0,153140989.0,441700.0,1266610.0,,1.05,0.94,4.66,4.66,-5.0,-0.4,3,0,0,1,1,0,1,,,,,,🟢,MUA EARLY,PULL XẤU,RSI yếu | RSI chững | Giá dưới EMA9 | Pull xấu,🟡,,,,🟡 Ổn định,,True
2026-08-20,FOX,🟡 TRUNG TÍNH,1,64200.0,-1.83,-0.47,42.27,👀 THEO DÕI,OBV tốt + Vị trí giá tốt + RSI cải thiện,2026-08-21T12:51:25+07:00,5.71,64436.47,64245.0,0.3,-0.48,-0.37,5431500.0,5417850.0,44100.0,64200.0,,0.9,0.9,5.25,5.25,-4.61,-0.31,4,0,0,2,1,0,1,,,,,,🟢,MUA EARLY,PULL XẤU,RSI yếu | Giá dưới EMA9 | Pull xấu,🟡,,,,🟡 Ổn định,,False
2026-08-20,FTS,🟡 TRUNG TÍNH,1,21950.0,0.69,0.46,44.82,👀 THEO DÕI,OBV tốt + Vị trí giá tốt + RSI cải thiện,2026-08-21T12:51:25+07:00,4.2,21881.58,21715.0,0.77,0.09,0.31,17802003.0,17502477.0,341103.0,988870.0,,0.8,0.82,9.2,9.2,-7.38,0.46,5,2,0,2,1,0,0,,,,,,🟢,MUA EARLY,PULL XẤU,RSI yếu | Pull xấu,🟡,,,,🟡 Ổn định,,True
2026-08-20,GEG,🟡 TRUNG TÍNH,1,12400.0,0.4,2.48,48.14,👀 THEO DÕI,OBV tốt + Vị trí giá tốt + RSI cải thiện,2026-08-21T12:51:25+07:00,0.33,12341.88,12207.5,1.1,-0.19,0.47,23863200.0,23724034.0,126900.0,189115.0,,0.75,0.92,4.2,5.98,-0.8,0.0,6,2,0,2,1,1,0,,,,,,🟢,MUA EARLY,PULL XẤU,RSI yếu | Pull xấu,🟡,,,,🟡 Ổn định,,True
2026-08-20,GMD,🟡 TRUNG TÍNH,1,77400.0,-1.4,0.39,52.08,👀 THEO DÕI,OBV tốt + Vị trí giá tốt + Vol xác nhận,2026-08-21T12:51:25+07:00,-8.76,78041.2,76700.0,1.75,-0.66,-0.82,109142200.0,108880529.0,1948800.0,1413275.0,,1.26,1.07,7.05,7.5,-5.61,-1.65,0,0,0,1,1,0,-2,,,,,,🟢,THEO DÕI,PULL XẤU,RSI yếu | RSI chững | Giá dưới EMA9 | Pull xấu,🔴,,,,🟡 Ổn định,,True
2026-08-20,HDC,🟡 TRUNG TÍNH,1,11650.0,0.43,-0.43,37.76,👀 THEO DÕI,OBV tốt + Vị trí giá tốt,2026-08-21T12:51:25+07:00,-4.05,11751.79,11662.5,0.77,-0.27,-0.87,158828800.0,158424369.0,397000.0,1143050.0,,0.79,0.76,6.88,6.88,-6.05,0.0,2,0,0,1,1,0,0,,,,,,🟢,TÍCH LŨY,PULL XẤU,RSI yếu | RSI chững | Giá dưới EMA9 | Pull xấu,🔴,,,,🟡 Ổn định,,True
2026-08-20,OCB,🟡 TRUNG TÍNH,1,10800.0,-1.82,4.35,54.32,👀 THEO DÕI,OBV tốt + Vị trí giá tốt + Xu hướng lên,2026-08-21T12:51:25+07:00,-5.7,10814.44,10527.5,2.73,-0.51,-0.13,116615700.0,114785339.0,1248400.0,2315400.0,,0.87,1.18,8.0,8.0,-2.7,-0.92,4,0,0,1,1,1,1,,,,,,🟢,MUA EARLY,PULL XẤU,RSI yếu | RSI chững | Giá dưới EMA9 | Pull xấu,🟡,,,,🟢 Tăng tốc,,True
2026-08-20,OIL,🟡 TRUNG TÍNH,1,13300.0,0.76,3.1,48.51,👀 THEO DÕI,OBV tốt + Vị trí giá tốt + RSI cải thiện,2026-08-21T12:51:25+07:00,1.58,13320.66,13235.0,0.65,0.2,-0.16,92039200.0,91825840.0,725300.0,1102010.0,,0.84,1.1,3.1,4.72,-4.32,-0.75,4,0,0,1,1,1,1,,,,,,🟢,MUA EARLY,PULL XẤU,RSI yếu | Giá dưới EMA9 | Pull xấu,🟡,,,,🟡 Ổn định,,False
2026-08-20,PLC,🟡 TRUNG TÍNH,1,20100.0,-0.99,3.61,51.77,👀 THEO DÕI,OBV tốt + Vị trí giá tốt + Xu hướng lên,2026-08-21T12:51:25+07:00,-2.01,20177.57,19605.0,2.92,-1.25,-0.38,18736100.0,18657992.0,64700.0,126670.0,,0.98,1.12,13.56,13.56,-4.29,-0.5,4,0,0,1,1,1,1,,,,,,🟢,MUA EARLY,PULL XẤU,RSI yếu | RSI chững | Giá dưới EMA9 | Pull xấu,🟡,,,,🟢 Tăng tốc,,False
2026-08-20,PVB,🟡 TRUNG TÍNH,1,21800.0,-2.68,5.31,48.81,👀 THEO DÕI,OBV tốt + Vị trí giá tốt + Vol xác nhận,2026-08-21T12:51:25+07:00,2.17,21660.81,21270.0,1.84,0.12,0.64,1754000.0,1671125.0,63000.0,79655.0,,1.23,1.25,6.34,6.34,-7.23,-0.91,6,2,0,1,1,1,1,,,,,,🟢,MUA EARLY,PULL XẤU,RSI yếu | Pull xấu,🟡,,,,🟡 Ổn định,,False
2026-08-20,SBT,🟡 TRUNG TÍNH,1,23800.0,3.48,13.6,82.55,👀 THEO DÕI,OBV tốt + Xu hướng lên + Vị trí giá tốt,2026-08-21T12:51:25+07:00,2.61,22965.09,21785.0,5.42,1.43,3.64,111659900.0,108804685.0,1568900.0,762055.0,,1.67,1.19,15.25,18.41,0.0,0.0,9,2,2,1,2,2,0,,,,,,🟢,MUA EARLY,PULL XẤU,Pull xấu,🟡,,,,🟢 Tăng tốc,,True
2026-08-20,TCB,🟡 TRUNG TÍNH,1,31100.0,-1.89,6.51,52.44,👀 THEO DÕI,OBV tốt + Vị trí giá tốt + Xu hướng lên,2026-08-21T12:51:25+07:00,-6.16,31044.16,30122.5,3.06,-0.98,0.18,440223596.0,421705069.0,6415500.0,14888885.0,,1.08,1.2,10.09,10.09,-3.27,-0.32,7,2,0,2,1,1,1,,,,,,🟢,MUA EARLY,PULL XẤU,RSI yếu | RSI chững | Pull xấu,🟡,,,,🟢 Tăng tốc,,True
2026-08-20,TCX,🟡 TRUNG TÍNH,1,39750.0,-0.62,0.89,45.84,👀 THEO DÕI,OBV tốt + Vị trí giá tốt + RSI cải thiện,2026-08-21T12:51:25+07:00,4.21,39732.92,39677.5,0.14,0.35,0.04,18539600.0,18442339.0,644800.0,1504640.0,,0.83,0.94,6.0,6.0,-4.1,-0.38,6,2,0,2,1,0,1,,,,,,🟢,MUA EARLY,PULL XẤU,RSI yếu | Pull xấu,🟡,,,,🟡 Ổn định,,True
2026-08-20,TPB,🟡 TRUNG TÍNH,1,14550.0,0.69,0.34,45.97,👀 THEO DÕI,OBV tốt + Vị trí giá tốt + Vol xác nhận,2026-08-21T12:51:25+07:00,3.47,14500.15,14420.0,0.56,-0.39,0.34,456813988.0,447173313.0,6285000.0,7738745.0,,0.65,0.72,4.68,4.68,-3.32,0.34,6,2,0,2,1,0,1,,,,,,🟢,MUA EARLY,PULL XẤU,RSI yếu | Pull xấu,🟡,,✅ EARLY GREEN2,🌱 EARLY DRY GREEN2,🟡 Ổn định,,True
2026-08-20,TVN,🟡 TRUNG TÍNH,1,9300.0,-1.06,5.68,46.68,👀 THEO DÕI,OBV tốt + Vol xác nhận + Xu hướng lên,2026-08-21T12:51:25+07:00,-5.6,9442.38,9100.0,3.76,-0.28,-1.51,40530400.0,40145420.0,792300.0,654810.0,,2.1,1.46,12.05,12.05,-12.26,-3.12,1,0,0,1,1,1,-2,,,,,,🟢,THEO DÕI,PULL XẤU,RSI yếu | RSI chững | Giá dưới EMA9 | Pull xấu,🔴,,,,🟢 Tăng tốc,,False
2026-08-20,VCK,🟡 TRUNG TÍNH,1,29450.0,-0.17,-3.6,39.38,👀 THEO DÕI,OBV tốt + Vị trí giá tốt,2026-08-21T12:51:25+07:00,0.27,29768.25,30075.0,-1.02,-0.94,-1.07,72518800.0,72150530.0,1148200.0,2250730.0,,0.84,0.78,3.88,3.88,-7.39,0.34,2,0,0,2,0,0,0,,,,,,🟢,TÍCH LŨY,PULL XẤU,RSI yếu | Giá dưới EMA9 | Slope âm | Pull xấu,🔴,,,,🔴 Yếu,,True
2026-08-20,VGC,🟡 TRUNG TÍNH,1,40650.0,0.12,8.11,60.22,👀 THEO DÕI,Vị trí giá tốt + RSI cải thiện + Xu hướng lên,2026-08-21T12:51:25+07:00,1.55,40217.15,38739.0,3.82,-0.66,1.08,28792100.0,29086336.0,266900.0,412435.0,,0.76,1.07,16.48,16.48,-2.05,-0.61,6,2,1,0,1,1,1,,,,,,🔴,MUA EARLY,PULL XẤU,OBV gãy | Pull xấu,🟡,,,,🟢 Tăng tốc,,True
2026-08-20,VHM,🟡 TRUNG TÍNH,1,70000.0,-2.51,-9.21,47.01,👀 THEO DÕI,OBV tốt + RSI cải thiện + Vị trí giá tốt,2026-08-21T12:51:25+07:00,4.82,70355.0,71275.0,-1.29,-1.9,-0.5,363007000.0,361054449.0,4626100.0,6790180.0,,0.95,1.2,7.69,10.32,-14.32,0.57,2,0,0,2,0,0,0,,,,,,🟢,TÍCH LŨY,PULL XẤU,RSI yếu | Giá dưới EMA9 | Slope âm | Pull xấu,🔴,,,,🔴 Yếu,,True
2026-08-20,VJC,🟡 TRUNG TÍNH,1,123400.0,-1.2,-2.06,36.99,👀 THEO DÕI,OBV tốt + Vol xác nhận + Vị trí giá tốt,2026-08-21T12:51:25+07:00,0.36,124288.21,125210.0,-0.74,-0.16,-0.71,21722900.0,21497679.0,1437200.0,1310515.0,,1.02,1.07,0.24,0.24,-5.08,0.08,3,0,0,2,0,0,1,,,,,,🟢,MUA EARLY,PULL XẤU,RSI yếu | Giá dưới EMA9 | Slope âm | Pull xấu,🟡,,,,🔴 Yếu,,True
2026-08-20,VTP,🟡 TRUNG TÍNH,1,54200.0,0.18,8.62,55.9,👀 THEO DÕI,OBV tốt + Xu hướng lên + Vị trí giá tốt,2026-08-21T12:51:25+07:00,-5.87,54232.61,51055.0,6.22,0.1,-0.06,10361000.0,10097820.0,1794200.0,805765.0,,1.16,1.22,20.98,20.98,-6.39,-5.24,3,0,1,1,2,1,-2,,,,,,🟢,PULL VỪA,PULL VỪA,RSI chững | Giá dưới EMA9,🟡,,,,🟢 Tăng tốc,,True
2026-08-20,AGR,🔴 YẾU,2,12950.0,-0.77,-0.77,43.13,⏳ CHỜ,OBV xấu + Thiếu mẫu xác nhận,2026-08-21T12:51:25+07:00,2.38,12965.24,13005.0,-0.31,0.05,-0.12,22221300.0,22536399.0,178900.0,311590.0,,0.74,0.8,5.71,5.71,-8.48,1.57,0,0,0,0,0,0,0,,,,,,🔴,THEO DÕI,PULL XẤU,OBV gãy | RSI yếu | Giá dưới EMA9 | Slope âm | Pull xấu,🔴,,,,🔴 Yếu,,True
2026-08-20,LAS,🔴 YẾU,2,12500.0,3.31,3.31,52.93,⏳ CHỜ,OBV xấu + Thiếu mẫu xác nhận,2026-08-21T12:51:25+07:00,16.55,11992.79,11935.0,0.48,-0.62,4.23,-19359900.0,-19354692.0,160100.0,169670.0,,0.74,0.93,8.7,8.7,-2.34,7.76,5,2,0,0,1,1,1,,,,,,🔴,MUA EARLY,PULL XẤU,OBV gãy | RSI yếu | Pull xấu,🟡,,,,🟡 Ổn định,,False
2026-08-20,PDR,🔴 YẾU,2,12000.0,0.42,1.69,41.0,⏳ CHỜ,OBV xấu + Thiếu mẫu xác nhận,2026-08-21T12:51:25+07:00,-0.8,11994.85,11862.5,1.12,0.16,0.04,240950200.0,241291705.0,3020500.0,6538770.0,,0.85,0.81,7.62,7.62,-3.61,0.84,3,2,0,0,1,0,0,,,,,,🔴,MUA EARLY,PULL XẤU,OBV gãy | RSI yếu | RSI chững | Pull xấu,🟡,,,,🟡 Ổn định,,True
2026-08-20,PHR,🔴 YẾU,2,61000.0,3.39,5.35,55.01,⏳ CHỜ,OBV xấu + Vol chưa xác nhận + Thiếu mẫu xác nhận,2026-08-21T12:51:25+07:00,-1.55,59822.02,58425.0,2.39,0.48,1.97,16864596.0,16931738.0,118296.0,327470.0,,1.09,0.92,10.91,10.91,-2.09,1.5,7,2,1,0,2,2,0,,,,,,🔴,MUA EARLY,PULL XẤU,OBV gãy | RSI chững | Pull xấu,🟡,,,,🟢 Tăng tốc,,True
2026-08-20,PVD,🔴 YẾU,2,18350.0,0.27,3.38,48.77,⏳ CHỜ,OBV xấu + Thiếu mẫu xác nhận,2026-08-21T12:51:25+07:00,2.17,18304.4,18290.0,0.08,0.32,0.25,274351700.0,274621361.0,1865100.0,2841040.0,,0.82,1.01,3.38,4.86,-5.41,-0.54,5,2,0,0,1,1,1,,,,,,🔴,MUA EARLY,PULL XẤU,OBV gãy | RSI yếu | Pull xấu,🟡,,,,🟡 Ổn định,,True
2026-08-20,SSI,🔴 YẾU,2,20050.0,0.35,3.24,53.52,⏳ CHỜ,OBV xấu + Thiếu mẫu xác nhận,2026-08-21T12:51:25+07:00,3.11,19714.91,19358.0,1.84,-1.04,1.7,981032507.0,983242443.0,16487619.0,19754231.0,,1.04,0.95,13.99,13.99,-1.62,2.3,5,2,0,0,1,1,1,,,,,,🔴,MUA EARLY,PULL XẤU,OBV gãy | RSI yếu | Pull xấu,🟡,,,,🟡 Ổn định,,True
2026-08-20,STB,🔴 YẾU,2,74700.0,2.19,3.46,57.05,⏳ CHỜ,OBV xấu + Thiếu mẫu xác nhận,2026-08-21T12:51:25+07:00,0.95,74125.12,73290.0,1.14,0.34,0.78,404760400.0,406990552.0,2238300.0,3121265.0,,1.1,0.93,4.77,13.01,-1.84,-0.4,6,2,1,0,1,1,1,,,,,,🔴,MUA EARLY,PULL XẤU,OBV gãy | Pull xấu,🟡,,,,🟡 Ổn định,,True
2026-08-20,TCH,🔴 YẾU,2,11850.0,0.42,-2.07,43.0,⏳ CHỜ,OBV xấu + Thiếu mẫu xác nhận,2026-08-21T12:51:25+07:00,-3.0,11910.48,11832.5,0.66,-0.82,-0.51,138341200.0,139586244.0,3070800.0,4702515.0,,1.01,0.94,7.73,7.73,-5.95,1.28,1,0,0,0,1,0,0,,,,,,🔴,THEO DÕI,PULL XẤU,OBV gãy | RSI yếu | RSI chững | Giá dưới EMA9 | Pull xấu,🔴,,,,🟡 Ổn định,,True
2026-08-20,VDS,🔴 YẾU,2,11800.0,-0.42,-0.42,40.91,⏳ CHỜ,OBV xấu + Thiếu mẫu xác nhận + Vol chưa xác nhận,2026-08-21T12:51:25+07:00,2.18,11825.49,11852.5,-0.23,0.02,-0.22,46713944.0,46983617.0,315544.0,808332.0,,0.7,0.79,5.36,5.36,-9.23,1.72,0,0,0,0,0,0,0,,,,,,🔴,THEO DÕI,PULL XẤU,OBV gãy | RSI yếu | Giá dưới EMA9 | Slope âm | Pull xấu,🔴,,,,🔴 Yếu,,True
2026-08-20,VOS,🔴 YẾU,2,11100.0,1.37,0.91,48.71,⏳ CHỜ,OBV xấu + Thiếu mẫu xác nhận,2026-08-21T12:51:25+07:00,0.54,11054.62,10922.5,1.21,-0.69,0.41,25187800.0,25284400.0,193200.0,406500.0,,0.91,0.92,7.77,7.77,-4.31,1.83,4,2,0,0,1,1,0,,,,,,🔴,MUA EARLY,PULL XẤU,OBV gãy | RSI yếu | Pull xấu,🟡,,,,🟡 Ổn định,,True
2026-08-20,VRE,🔴 YẾU,2,24450.0,-0.61,-3.36,46.54,⏳ CHỜ,OBV xấu + Thiếu mẫu xác nhận,2026-08-21T12:51:25+07:00,0.91,24535.82,24352.5,0.75,-2.14,-0.35,425629000.0,427439576.0,3191100.0,5804445.0,,0.77,0.86,14.79,14.79,-8.77,1.45,1,0,0,0,1,0,0,,,,,,🔴,THEO DÕI,PULL XẤU,OBV gãy | RSI yếu | Giá dưới EMA9 | Pull xấu,🔴,,,,🟡 Ổn định,,True
2026-08-20,ANV,⚠️ YẾU DẦN,3,16600.0,-5.68,-4.05,34.74,🟠 HẠN CHẾ / GIẢM,OBV xấu + RSI yếu + RS yếu,2026-08-21T12:51:25+07:00,-3.69,17056.43,17177.45,-0.7,-1.43,-2.68,42840200.0,43598435.0,343500.0,525690.0,,0.92,0.98,2.79,2.79,-9.29,-0.9,1,0,0,0,0,0,1,,,,,,🔴,THEO DÕI,PULL XẤU,OBV gãy | RSI yếu | RSI chững | Giá dưới EMA9 | Slope âm | Pull xấu,🔴,,,,🔴 Yếu,,True
2026-08-20,BMP,⚠️ YẾU DẦN,3,143200.0,-4.15,-2.98,36.55,🟠 HẠN CHẾ / GIẢM,OBV xấu + RSI yếu + Xu hướng giảm,2026-08-21T12:51:25+07:00,-4.69,146225.94,148245.0,-1.36,-0.56,-2.07,1851945.0,1984302.0,55955.0,85573.0,,0.84,0.84,0.0,8.57,-6.71,-0.56,1,0,0,0,0,0,1,,,,,,🔴,THEO DÕI,PULL XẤU,OBV gãy | RSI yếu | RSI chững | Giá dưới EMA9 | Slope âm | Pull xấu,🔴,,,,🔴 Yếu,,True
2026-08-20,BSI,⚠️ YẾU DẦN,3,28250.0,-0.35,1.07,43.22,🟠 HẠN CHẾ / GIẢM,OBV xấu + Thiếu mẫu xác nhận,2026-08-21T12:51:25+07:00,4.79,28138.29,28012.5,0.45,-0.16,0.4,21747322.0,21989214.0,208222.0,383701.0,,0.69,0.86,7.62,7.62,-6.46,0.89,3,2,0,0,1,0,0,,,,,,🔴,MUA EARLY,PULL XẤU,OBV gãy | RSI yếu | Pull xấu,🟡,,,,🟡 Ổn định,,True
2026-08-20,BVH,⚠️ YẾU DẦN,3,65200.0,-0.46,3.82,53.43,🟠 HẠN CHẾ / GIẢM,OBV xấu + Thiếu mẫu xác nhận,2026-08-21T12:51:25+07:00,-10.35,65942.49,63550.0,3.76,-1.65,-1.13,17602754.0,17789858.0,271046.0,438932.0,,0.9,1.04,15.19,15.19,-5.51,-2.98,3,0,0,0,1,1,1,,,,,,🔴,MUA EARLY,PULL XẤU,OBV gãy | RSI yếu | RSI chững | Giá dưới EMA9 | Pull xấu,🟡,,,,🟢 Tăng tốc,,True
2026-08-20,BVS,⚠️ YẾU DẦN,3,25900.0,-4.43,-1.52,41.44,🟠 HẠN CHẾ / GIẢM,OBV xấu + Vol chưa xác nhận + Thiếu mẫu xác nhận,2026-08-21T12:51:25+07:00,-2.33,26408.61,26315.0,0.36,-0.13,-1.93,2565100.0,3300149.0,267700.0,799280.0,,0.54,0.71,6.58,6.58,-11.9,-0.77,2,0,0,0,1,0,1,,,,,,🔴,TÍCH LŨY,PULL XẤU,OBV gãy | RSI yếu | RSI chững | Giá dưới EMA9 | Pull xấu,🔴,,,,🟡 Ổn định,,False
2026-08-20,C4G,⚠️ YẾU DẦN,3,5500.0,-3.51,0.0,34.03,🟠 HẠN CHẾ / GIẢM,OBV xấu + Vol chưa xác nhận + Thiếu mẫu xác nhận,2026-08-21T12:51:25+07:00,-0.0,5575.23,5620.0,-0.8,-0.21,-1.35,15031300.0,15124305.0,90200.0,266635.0,,1.02,1.15,0.0,0.0,-6.78,0.0,0,0,0,0,0,0,0,,,,,,🔴,THEO DÕI,PULL XẤU,OBV gãy | RSI yếu | RSI chững | Giá dưới EMA9 | Slope âm | Pull xấu,🔴,,,,🔴 Yếu,,False
2026-08-20,CEO,⚠️ YẾU DẦN,3,11600.0,-2.52,-1.69,38.19,🟠 HẠN CHẾ / GIẢM,OBV xấu + RSI yếu + Thiếu mẫu xác nhận,2026-08-21T12:51:25+07:00,-6.55,11868.17,11760.0,0.92,-1.05,-2.26,298994900.0,300658336.0,2201700.0,5468320.0,,0.93,0.86,7.41,7.41,-7.2,0.0,1,0,0,0,1,0,0,,,,,,🔴,THEO DÕI,PULL XẤU,OBV gãy | RSI yếu | RSI chững | Giá dưới EMA9 | Pull xấu,🔴,,,,🟡 Ổn định,,False
2026-08-20,CMG,⚠️ YẾU DẦN,3,23800.0,-2.06,-4.61,36.7,🟠 HẠN CHẾ / GIẢM,OBV xấu + Xu hướng giảm + Thiếu mẫu xác nhận,2026-08-21T12:51:25+07:00,-0.78,24141.8,24427.5,-1.17,-1.02,-1.42,-7775500.0,-7754087.0,99800.0,161520.0,,0.68,0.69,0.85,0.85,-7.57,0.85,0,0,0,0,0,0,0,,,,,,🔴,THEO DÕI,PULL XẤU,OBV gãy | RSI yếu | RSI chững | Giá dưới EMA9 | Slope âm | Pull xấu,🔴,,,,🔴 Yếu,,True
2026-08-20,CSV,⚠️ YẾU DẦN,3,20950.0,-4.34,-5.84,39.6,🟠 HẠN CHẾ / GIẢM,OBV xấu + Thiếu mẫu xác nhận,2026-08-21T12:51:25+07:00,-0.79,21446.02,21475.0,-0.13,-0.81,-2.31,-4061382.0,-3732262.0,196982.0,322674.0,,0.67,0.9,4.75,4.75,-7.3,-0.95,1,0,0,0,0,0,1,,,,,,🔴,THEO DÕI,PULL XẤU,OBV gãy | RSI yếu | RSI chững | Giá dưới EMA9 | Slope âm | Pull xấu,🔴,,,,🔴 Yếu,,True
2026-08-20,CTD,⚠️ YẾU DẦN,3,61400.0,-1.44,-1.29,43.65,🟠 HẠN CHẾ / GIẢM,OBV xấu + Thiếu mẫu xác nhận,2026-08-21T12:51:25+07:00,-0.17,61804.83,60910.0,1.47,-1.5,-0.66,10162500.0,10344066.0,180000.0,341055.0,,0.64,0.71,11.43,11.43,-5.54,-0.65,2,0,0,0,1,0,1,,,,,,🔴,TÍCH LŨY,PULL XẤU,OBV gãy | RSI yếu | RSI chững | Giá dưới EMA9 | Pull xấu,🔴,,,,🟡 Ổn định,,True
2026-08-20,CTG,⚠️ YẾU DẦN,3,31400.0,-2.33,0.16,48.02,🟠 HẠN CHẾ / GIẢM,OBV xấu + Vol chưa xác nhận + Thiếu mẫu xác nhận,2026-08-21T12:51:25+07:00,-0.35,31533.74,31152.45,1.22,-1.55,-0.42,371252100.0,372383304.0,2809300.0,7867685.0,,0.75,0.86,9.22,9.22,-4.85,0.64,1,0,0,0,1,0,0,,,,,,🔴,THEO DÕI,PULL XẤU,OBV gãy | RSI yếu | RSI chững | Giá dưới EMA9 | Pull xấu,🔴,,,,🟡 Ổn định,,True
2026-08-20,DBC,⚠️ YẾU DẦN,3,16050.0,-3.02,-3.31,36.28,🟠 HẠN CHẾ / GIẢM,OBV xấu + Thiếu mẫu xác nhận + Vol chưa xác nhận,2026-08-21T12:51:25+07:00,0.69,16239.94,16349.95,-0.67,-1.19,-1.17,5164400.0,6104023.0,543400.0,1390835.0,,0.59,0.7,2.23,2.23,-6.14,0.31,0,0,0,0,0,0,0,,,,,,🔴,THEO DÕI,PULL XẤU,OBV gãy | RSI yếu | Giá dưới EMA9 | Slope âm | Pull xấu,🔴,,,,🔴 Yếu,,True
2026-08-20,DDV,⚠️ YẾU DẦN,3,17800.0,-3.26,-5.32,29.83,🟠 HẠN CHẾ / GIẢM,OBV xấu + RSI yếu + Thiếu mẫu xác nhận,2026-08-21T12:51:25+07:00,-3.4,18227.4,18425.0,-1.07,-0.58,-2.34,55967500.0,56508033.0,387800.0,263315.0,,0.85,0.87,0.0,0.0,-8.25,-1.11,-2,0,0,0,0,0,-2,,,,,,🔴,THEO DÕI,PULL XẤU,OBV gãy | RSI yếu | RSI chững | Giá dưới EMA9 | Slope âm | Pull xấu,🔴,,,,🔴 Yếu,,False
2026-08-20,DPG,⚠️ YẾU DẦN,3,28900.0,-5.56,-2.69,38.6,🟠 HẠN CHẾ / GIẢM,OBV xấu + RSI yếu + RS yếu,2026-08-21T12:51:25+07:00,-7.28,29893.94,29257.5,2.18,-2.14,-3.32,21372800.0,21991936.0,515500.0,375795.0,,0.74,0.83,10.94,10.94,-10.11,-3.67,-1,0,0,0,1,0,-2,,,,,,🔴,THEO DÕI,PULL XẤU,OBV gãy | RSI yếu | RSI chững | Giá dưới EMA9 | Pull xấu,🔴,,,,🟢 Tăng tốc,,True
2026-08-20,DPR,⚠️ YẾU DẦN,3,36450.0,0.69,1.53,48.07,🟠 HẠN CHẾ / GIẢM,OBV xấu + Thiếu mẫu xác nhận,2026-08-21T12:51:25+07:00,-2.9,36297.57,36037.5,0.72,-0.13,0.42,24612222.0,24746395.0,91722.0,190466.0,,1.2,1.14,3.85,3.85,-2.15,-0.41,4,2,0,0,1,0,1,,,,,,🔴,MUA EARLY,PULL XẤU,OBV gãy | RSI yếu | RSI chững | Pull xấu,🟡,,,,🟡 Ổn định,,True
2026-08-20,EIB,⚠️ YẾU DẦN,3,17050.0,-2.57,-6.06,33.29,🟠 HẠN CHẾ / GIẢM,OBV xấu + Xu hướng giảm + Thiếu mẫu xác nhận,2026-08-21T12:51:25+07:00,0.79,17341.27,17657.5,-1.79,-1.61,-1.68,146414000.0,155911535.0,2296600.0,5265445.0,,1.01,0.87,0.59,3.33,-8.58,0.59,0,0,0,0,0,0,0,,,,,,🔴,THEO DÕI,PULL XẤU,OBV gãy | RSI yếu | Giá dưới EMA9 | Slope âm | Pull xấu,🔴,,,,🔴 Yếu,,True
2026-08-20,FCN,⚠️ YẾU DẦN,3,11050.0,-2.64,1.38,46.98,🟠 HẠN CHẾ / GIẢM,OBV xấu + Thiếu mẫu xác nhận,2026-08-21T12:51:25+07:00,-7.75,11140.51,10935.0,1.88,-0.56,-0.81,36984600.0,37398121.0,212600.0,460765.0,,0.91,1.0,6.25,6.25,-3.91,-1.34,2,0,0,0,1,0,1,,,,,,🔴,TÍCH LŨY,PULL XẤU,OBV gãy | RSI yếu | RSI chững | Giá dưới EMA9 | Pull xấu,🔴,,,,🟡 Ổn định,,True
2026-08-20,FRT,⚠️ YẾU DẦN,3,142000.0,-3.34,7.49,64.15,🟠 HẠN CHẾ / GIẢM,OBV xấu + Thiếu mẫu xác nhận + RS yếu,2026-08-21T12:51:25+07:00,-8.76,141718.0,131820.0,7.51,-3.4,0.2,2457300.0,2809265.0,426800.0,693410.0,,0.91,1.0,31.85,35.24,-6.27,-0.63,6,2,1,0,1,1,1,,,,,,🔴,MUA EARLY,PULL XẤU,OBV gãy | RSI chững | Pull xấu,🟡,,,,🟢 Tăng tốc,,True
2026-08-20,GEE,⚠️ YẾU DẦN,3,66700.0,-6.71,-1.77,40.6,🟠 HẠN CHẾ / GIẢM,OBV xấu + RS yếu + Thiếu mẫu xác nhận,2026-08-21T12:51:25+07:00,-0.01,68106.74,68005.0,0.15,-1.73,-2.07,90102000.0,90500105.0,766600.0,1336625.0,,1.18,1.2,5.04,5.04,-14.16,2.46,1,0,0,0,1,0,0,,,,,,🔴,THEO DÕI,PULL XẤU,OBV gãy | RSI yếu | RSI chững | Giá dưới EMA9 | Pull xấu,🔴,,,,🟡 Ổn định,,True
2026-08-20,GEX,⚠️ YẾU DẦN,3,25100.0,-1.18,1.83,50.56,🟠 HẠN CHẾ / GIẢM,OBV xấu + Thiếu mẫu xác nhận,2026-08-21T12:51:25+07:00,3.45,24881.24,23912.5,4.05,-2.12,0.88,529114886.0,531761513.0,7371586.0,12349299.0,,0.78,0.85,23.65,23.65,-6.52,1.21,3,2,0,0,1,0,0,,,,,,🔴,MUA EARLY,PULL XẤU,OBV gãy | RSI yếu | Pull xấu,🟡,,,,🟢 Tăng tốc,,True
2026-08-20,GIL,⚠️ YẾU DẦN,3,7840.0,-7.76,-0.25,42.5,🟠 HẠN CHẾ / GIẢM,OBV xấu + Vol chưa xác nhận + RS yếu,2026-08-21T12:51:25+07:00,-6.18,8021.29,7605.45,5.47,-4.07,-2.26,-4898900.0,-4833066.0,45500.0,249135.0,,0.61,1.09,19.69,19.69,-15.33,3.02,1,0,0,0,1,0,0,,,,,,🔴,THEO DÕI,PULL XẤU,OBV gãy | RSI yếu | RSI chững | Giá dưới EMA9 | Pull xấu,🔴,,,,🟢 Tăng tốc,,True
2026-08-20,HAG,⚠️ YẾU DẦN,3,14000.0,-0.71,-0.71,39.51,🟠 HẠN CHẾ / GIẢM,OBV xấu + Thiếu mẫu xác nhận + RSI yếu,2026-08-21T12:51:25+07:00,-3.14,14067.13,14052.5,0.1,-0.17,-0.48,387216000.0,387624511.0,955200.0,1859895.0,,0.84,0.83,2.19,2.19,-3.45,-0.71,2,0,0,0,1,0,1,,,,,,🔴,TÍCH LŨY,PULL XẤU,OBV gãy | RSI yếu | RSI chững | Giá dưới EMA9 | Pull xấu,🔴,,,,🟡 Ổn định,,True
2026-08-20,HCM,⚠️ YẾU DẦN,3,25450.0,-0.97,0.0,52.49,🟠 HẠN CHẾ / GIẢM,OBV xấu + Thiếu mẫu xác nhận + Vol chưa xác nhận,2026-08-21T12:51:25+07:00,1.77,25369.25,25432.5,-0.25,-0.46,0.32,558231400.0,561024786.0,1598400.0,4274115.0,,0.83,0.94,2.41,10.75,-6.95,1.39,1,1,0,0,0,0,0,,,,,,🔴,THEO DÕI,PULL XẤU,OBV gãy | RSI yếu | Slope âm | Pull xấu,🔴,,,,🔴 Yếu,,True
2026-08-20,HDG,⚠️ YẾU DẦN,3,15900.0,-2.45,-3.93,34.25,🟠 HẠN CHẾ / GIẢM,OBV xấu + RSI yếu + Thiếu mẫu xác nhận,2026-08-21T12:51:25+07:00,-2.46,16188.3,16319.95,-0.81,-1.15,-1.78,14347100.0,16167741.0,452500.0,1176705.0,,0.77,0.83,2.58,2.58,-7.56,0.95,0,0,0,0,0,0,0,,,,,,🔴,THEO DÕI,PULL XẤU,OBV gãy | RSI yếu | RSI chững | Giá dưới EMA9 | Slope âm | Pull xấu,🔴,,,,🔴 Yếu,,True
2026-08-20,HHS,⚠️ YẾU DẦN,3,9830.0,-0.41,-1.01,44.65,🟠 HẠN CHẾ / GIẢM,OBV xấu + Thiếu mẫu xác nhận,2026-08-21T12:51:25+07:00,-0.39,9877.48,9852.0,0.26,-0.51,-0.48,155993500.0,156684031.0,471600.0,879465.0,,0.89,0.89,4.57,4.57,-5.93,-0.61,2,0,0,0,1,0,1,,,,,,🔴,TÍCH LŨY,PULL XẤU,OBV gãy | RSI yếu | RSI chững | Giá dưới EMA9 | Pull xấu,🔴,,,,🟡 Ổn định,,True
2026-08-20,HHV,⚠️ YẾU DẦN,3,9980.0,-1.67,-0.7,42.81,🟠 HẠN CHẾ / GIẢM,OBV xấu + Thiếu mẫu xác nhận,2026-08-21T12:51:25+07:00,-1.07,10037.8,10040.5,-0.03,-0.74,-0.58,166279700.0,168101808.0,1223300.0,2426115.0,,0.92,1.06,1.84,1.84,-4.95,0.2,0,0,0,0,0,0,0,,,,,,🔴,THEO DÕI,PULL XẤU,OBV gãy | RSI yếu | RSI chững | Giá dưới EMA9 | Slope âm | Pull xấu,🔴,,,,🔴 Yếu,,True
2026-08-20,HPG,⚠️ YẾU DẦN,3,21250.0,-2.07,-2.75,41.25,🟠 HẠN CHẾ / GIẢM,OBV xấu + Thiếu mẫu xác nhận + Xu hướng giảm,2026-08-21T12:51:25+07:00,2.38,21420.57,21585.0,-0.76,-1.38,-0.8,313851324.0,320575331.0,15156400.0,22128190.0,,0.89,0.76,4.42,4.42,-6.18,0.0,0,0,0,0,0,0,0,,,,,,🔴,THEO DÕI,PULL XẤU,OBV gãy | RSI yếu | Giá dưới EMA9 | Slope âm | Pull xấu,🔴,,,,🔴 Yếu,,True
2026-08-20,HSG,⚠️ YẾU DẦN,3,10550.0,-1.4,-2.31,40.27,🟠 HẠN CHẾ / GIẢM,OBV xấu + Thiếu mẫu xác nhận,2026-08-21T12:51:25+07:00,-2.35,10650.9,10682.5,-0.3,-0.88,-0.95,45278600.0,47486923.0,1071900.0,1750285.0,,0.82,0.85,4.98,4.98,-4.95,0.0,0,0,0,0,0,0,0,,,,,,🔴,THEO DÕI,PULL XẤU,OBV gãy | RSI yếu | RSI chững | Giá dưới EMA9 | Slope âm | Pull xấu,🔴,,,,🔴 Yếu,,True
2026-08-20,HVN,⚠️ YẾU DẦN,3,22850.0,-4.19,-4.59,46.26,🟠 HẠN CHẾ / GIẢM,OBV xấu + Thiếu mẫu xác nhận + Vol chưa xác nhận,2026-08-21T12:51:25+07:00,-0.84,23134.84,22932.5,0.88,-1.83,-1.23,3767500.0,4172264.0,355100.0,904845.0,,0.72,0.73,7.78,8.81,-8.96,-0.44,2,0,0,0,1,0,1,,,,,,🔴,TÍCH LŨY,PULL XẤU,OBV gãy | RSI yếu | RSI chững | Giá dưới EMA9 | Pull xấu,🔴,,,,🟡 Ổn định,,True
2026-08-20,IDC,⚠️ YẾU DẦN,3,31800.0,-7.02,-2.75,36.22,🟠 HẠN CHẾ / GIẢM,OBV xấu + RSI yếu + RS yếu,2026-08-21T12:51:25+07:00,-10.21,32965.0,33050.0,-0.26,-1.8,-3.53,63009900.0,65677423.0,1708800.0,1030955.0,,0.83,0.97,0.95,0.95,-9.66,-1.85,-2,0,0,0,0,0,-2,,,,,,🔴,THEO DÕI,PULL XẤU,OBV gãy | RSI yếu | RSI chững | Giá dưới EMA9 | Slope âm | Pull xấu,🔴,,,,🔴 Yếu,,False
2026-08-20,IJC,⚠️ YẾU DẦN,3,7240.0,-5.97,0.28,39.94,🟠 HẠN CHẾ / GIẢM,OBV xấu + RS yếu + Vol chưa xác nhận,2026-08-21T12:51:25+07:00,-2.58,7391.16,7344.5,0.64,-2.11,-2.05,-41528207.0,-38815599.0,792893.0,2276040.0,,0.94,1.13,8.22,8.22,-11.59,0.56,1,0,0,0,1,0,0,,,,,,🔴,THEO DÕI,PULL XẤU,OBV gãy | RSI yếu | RSI chững | Giá dưới EMA9 | Pull xấu,🔴,,,,🟡 Ổn định,,True
2026-08-20,KBC,⚠️ YẾU DẦN,3,27050.0,-1.81,-2.7,36.82,🟠 HẠN CHẾ / GIẢM,OBV xấu + Xu hướng giảm + Thiếu mẫu xác nhận,2026-08-21T12:51:25+07:00,0.93,27323.6,27740.0,-1.5,-0.98,-1.0,230031300.0,230182284.0,1380000.0,1248825.0,,1.07,1.0,0.37,0.93,-6.56,0.56,1,0,0,0,0,0,1,,,,,,🔴,THEO DÕI,PULL XẤU,OBV gãy | RSI yếu | Giá dưới EMA9 | Slope âm | Pull xấu,🔴,,,,🔴 Yếu,,True
2026-08-20,KDH,⚠️ YẾU DẦN,3,17300.0,-2.54,-2.81,35.04,🟠 HẠN CHẾ / GIẢM,OBV xấu + RSI yếu + Thiếu mẫu xác nhận,2026-08-21T12:51:25+07:00,-7.6,17684.38,17645.0,0.22,-0.9,-2.17,-29023600.0,-21574117.0,3051100.0,4888685.0,,0.96,0.92,5.49,5.49,-7.49,-0.86,2,0,0,0,1,0,1,,,,,,🔴,TÍCH LŨY,PULL XẤU,OBV gãy | RSI yếu | RSI chững | Giá dưới EMA9 | Pull xấu,🔴,,,,🟡 Ổn định,,True
2026-08-20,KSB,⚠️ YẾU DẦN,3,13550.0,-5.9,1.12,46.6,🟠 HẠN CHẾ / GIẢM,OBV xấu + RS yếu + Thiếu mẫu xác nhận,2026-08-21T12:51:25+07:00,-4.57,13701.63,13520.0,1.34,-0.73,-1.11,31611300.0,32193757.0,713800.0,1055860.0,,1.34,1.29,4.63,4.63,-7.82,-1.81,2,0,0,0,1,0,1,,,,,,🔴,TÍCH LŨY,PULL XẤU,OBV gãy | RSI yếu | RSI chững | Giá dưới EMA9 | Pull xấu,🔴,,,,🟡 Ổn định,,True
2026-08-20,LPB,⚠️ YẾU DẦN,3,49500.0,-7.99,-4.81,38.71,🟠 HẠN CHẾ / GIẢM,OBV xấu + Xu hướng giảm + RS yếu,2026-08-21T12:51:25+07:00,-3.76,51362.08,52435.0,-2.05,-1.29,-3.63,157648800.0,163390704.0,2725200.0,3080485.0,,1.13,0.97,0.0,8.79,-11.61,-2.94,0,0,0,0,0,0,0,,,,,,🔴,THEO DÕI,PULL XẤU,OBV gãy | RSI yếu | RSI chững | Giá dưới EMA9 | Slope âm | Pull xấu,🔴,,,,🔴 Yếu,,True
2026-08-20,MBS,⚠️ YẾU DẦN,3,16900.0,-2.87,-2.37,38.92,🟠 HẠN CHẾ / GIẢM,OBV xấu + RSI yếu + Vol chưa xác nhận,2026-08-21T12:51:25+07:00,-5.03,17240.03,17292.5,-0.3,-0.82,-1.97,-50110600.0,-45492246.0,1790800.0,4937240.0,,0.74,0.77,2.74,2.74,-9.29,0.0,0,0,0,0,0,0,0,,,,,,🔴,THEO DÕI,PULL XẤU,OBV gãy | RSI yếu | RSI chững | Giá dưới EMA9 | Slope âm | Pull xấu,🔴,,,,🔴 Yếu,,False
2026-08-20,MML,⚠️ YẾU DẦN,3,28000.0,-2.1,1.45,46.8,🟠 HẠN CHẾ / GIẢM,OBV xấu + Thiếu mẫu xác nhận,2026-08-21T12:51:25+07:00,-2.22,28120.58,28030.0,0.32,-0.66,-0.43,-1497700.0,-1495060.0,15000.0,23750.0,,0.95,0.76,5.66,5.66,-5.41,0.0,1,0,0,0,1,0,0,,,,,,🔴,THEO DÕI,PULL XẤU,OBV gãy | RSI yếu | RSI chững | Giá dưới EMA9 | Pull xấu,🔴,,,,🟡 Ổn định,,False
2026-08-20,MSB,⚠️ YẾU DẦN,3,15700.0,-2.78,-2.78,42.56,🟠 HẠN CHẾ / GIẢM,OBV xấu + Thiếu mẫu xác nhận + RSI yếu,2026-08-21T12:51:25+07:00,-10.95,15901.32,15997.3,-0.6,-1.08,-1.27,760221900.0,761370572.0,3112800.0,5443445.0,,1.12,0.99,0.96,10.56,-3.68,-0.32,1,0,0,0,0,0,1,,,,,,🔴,THEO DÕI,PULL XẤU,OBV gãy | RSI yếu | RSI chững | Giá dưới EMA9 | Slope âm | Pull xấu,🔴,,,,🔴 Yếu,,True
2026-08-20,MSH,⚠️ YẾU DẦN,3,30100.0,-3.53,-2.43,36.29,🟠 HẠN CHẾ / GIẢM,OBV xấu + Vol chưa xác nhận + Thiếu mẫu xác nhận,2026-08-21T12:51:25+07:00,2.34,30478.89,30735.0,-0.83,-0.81,-1.24,11538000.0,11927432.0,262700.0,115620.0,,1.09,0.84,0.33,0.33,-5.94,-0.5,-2,0,0,0,0,0,-2,,,,,,🔴,THEO DÕI,PULL XẤU,OBV gãy | RSI yếu | Giá dưới EMA9 | Slope âm | Pull xấu,🔴,,,,🔴 Yếu,,True
2026-08-20,NAB,⚠️ YẾU DẦN,3,11600.0,-1.28,-2.52,33.12,🟠 HẠN CHẾ / GIẢM,OBV xấu + RSI yếu + Xu hướng giảm,2026-08-21T12:51:25+07:00,-1.0,11731.62,11952.5,-1.85,-0.06,-1.12,50243000.0,52914534.0,1385700.0,1581635.0,,0.79,0.8,0.0,0.0,-9.38,0.87,1,0,0,0,0,0,1,,,,,,🔴,THEO DÕI,PULL XẤU,OBV gãy | RSI yếu | RSI chững | Giá dưới EMA9 | Slope âm | Pull xấu,🔴,,,,🔴 Yếu,,True
2026-08-20,NHA,⚠️ YẾU DẦN,3,7750.0,-7.41,-6.06,32.86,🟠 HẠN CHẾ / GIẢM,OBV xấu + RSI yếu + RS yếu,2026-08-21T12:51:25+07:00,-13.99,8099.58,8137.85,-0.47,-2.02,-4.32,6390000.0,6729618.0,133500.0,101520.0,,1.07,1.08,1.97,1.97,-8.72,-0.64,-2,0,0,0,0,0,-2,,,,,,🔴,THEO DÕI,PULL XẤU,OBV gãy | RSI yếu | RSI chững | Giá dưới EMA9 | Slope âm | Pull xấu,🔴,,,,🔴 Yếu,,True
2026-08-20,NKG,⚠️ YẾU DẦN,3,10650.0,-3.62,-3.18,38.13,🟠 HẠN CHẾ / GIẢM,OBV xấu + Vol chưa xác nhận + Xu hướng giảm,2026-08-21T12:51:25+07:00,-1.47,10799.78,10900.0,-0.92,-1.8,-1.39,274081000.0,275508599.0,553600.0,1678525.0,,0.81,0.95,2.4,2.4,-6.58,0.95,0,0,0,0,0,0,0,,,,,,🔴,THEO DÕI,PULL XẤU,OBV gãy | RSI yếu | RSI chững | Giá dưới EMA9 | Slope âm | Pull xấu,🔴,,,,🔴 Yếu,,True
2026-08-20,NT2,⚠️ YẾU DẦN,3,21250.0,-1.39,0.71,45.68,🟠 HẠN CHẾ / GIẢM,OBV xấu + Thiếu mẫu xác nhận,2026-08-21T12:51:25+07:00,-0.8,21326.16,21260.0,0.31,-0.18,-0.36,14421800.0,14532708.0,381700.0,504545.0,,0.82,0.86,3.66,3.66,-2.97,-0.47,2,0,0,0,1,0,1,,,,,,🔴,TÍCH LŨY,PULL XẤU,OBV gãy | RSI yếu | RSI chững | Giá dưới EMA9 | Pull xấu,🔴,,,,🟡 Ổn định,,True
2026-08-20,NVL,⚠️ YẾU DẦN,3,13050.0,-2.61,-4.74,47.19,🟠 HẠN CHẾ / GIẢM,OBV xấu + Thiếu mẫu xác nhận + Xu hướng giảm,2026-08-21T12:51:25+07:00,-3.09,13238.93,13280.0,-0.31,-1.71,-1.43,603476304.0,615649942.0,9021100.0,17072050.0,,0.73,0.86,2.76,10.13,-8.42,1.16,0,0,0,0,0,0,0,,,,,,🔴,THEO DÕI,PULL XẤU,OBV gãy | RSI yếu | RSI chững | Giá dưới EMA9 | Slope âm | Pull xấu,🔴,,,,🔴 Yếu,,True
2026-08-20,ORS,⚠️ YẾU DẦN,3,13700.0,-2.84,-3.52,47.35,🟠 HẠN CHẾ / GIẢM,OBV xấu + Vol chưa xác nhận + Thiếu mẫu xác nhận,2026-08-21T12:51:25+07:00,-2.31,13873.24,13860.0,0.1,-1.5,-1.25,212090200.0,213693535.0,976100.0,3838010.0,,0.57,0.85,7.03,8.3,-7.12,-0.72,2,0,0,0,1,0,1,,,,,,🔴,TÍCH LŨY,PULL XẤU,OBV gãy | RSI yếu | RSI chững | Giá dưới EMA9 | Pull xấu,🔴,,,,🟡 Ổn định,,True
2026-08-20,PC1,⚠️ YẾU DẦN,3,20150.0,-2.66,-1.71,38.11,🟠 HẠN CHẾ / GIẢM,OBV xấu + Xu hướng giảm + RSI yếu,2026-08-21T12:51:25+07:00,-3.23,20492.38,20915.0,-2.02,-0.68,-1.67,119239550.0,121913461.0,909250.0,1722132.0,,0.71,0.82,0.0,8.33,-9.64,-0.98,1,0,0,0,0,0,1,,,,,,🔴,THEO DÕI,PULL XẤU,OBV gãy | RSI yếu | RSI chững | Giá dưới EMA9 | Slope âm | Pull xấu,🔴,,,,🔴 Yếu,,True
2026-08-20,PET,⚠️ YẾU DẦN,3,38900.0,-1.77,0.0,54.91,🟠 HẠN CHẾ / GIẢM,OBV xấu + Vol chưa xác nhận + Thiếu mẫu xác nhận,2026-08-21T12:51:25+07:00,-1.1,38881.39,38432.5,1.17,-2.12,0.05,69313100.0,69502560.0,150100.0,421725.0,,1.16,1.18,9.58,16.05,-7.16,1.3,3,2,0,0,1,0,0,,,,,,🔴,MUA EARLY,PULL XẤU,OBV gãy | RSI yếu | RSI chững | Pull xấu,🟡,,✅ EARLY GREEN2,,🟡 Ổn định,,True
2026-08-20,POW,⚠️ YẾU DẦN,3,13450.0,-0.37,0.37,45.52,🟠 HẠN CHẾ / GIẢM,OBV xấu + Thiếu mẫu xác nhận,2026-08-21T12:51:25+07:00,2.61,13464.16,13537.5,-0.54,-0.46,-0.11,309948904.0,312123352.0,2793400.0,6161720.0,,0.79,0.92,1.89,1.89,-4.61,0.37,0,0,0,0,0,0,0,,,,,,🔴,THEO DÕI,PULL XẤU,OBV gãy | RSI yếu | Giá dưới EMA9 | Slope âm | Pull xấu,🔴,,✅ EARLY GREEN2,,🔴 Yếu,,True
2026-08-20,PTB,⚠️ YẾU DẦN,3,32000.0,-4.9,-7.25,36.64,🟠 HẠN CHẾ / GIẢM,OBV xấu + Xu hướng giảm + Thiếu mẫu xác nhận,2026-08-21T12:51:25+07:00,-1.26,32671.84,33085.0,-1.25,-1.39,-2.06,-881020.0,-747589.0,52780.0,50629.0,,1.09,0.84,0.95,0.95,-7.65,0.63,1,0,0,0,0,0,1,,,,,,🔴,THEO DÕI,PULL XẤU,OBV gãy | RSI yếu | RSI chững | Giá dưới EMA9 | Slope âm | Pull xấu,🔴,,,,🔴 Yếu,,True
2026-08-20,PVC,⚠️ YẾU DẦN,3,11900.0,-3.25,2.59,44.52,🟠 HẠN CHẾ / GIẢM,OBV xấu + Thiếu mẫu xác nhận + RS yếu,2026-08-21T12:51:25+07:00,0.7,12078.57,11980.0,0.82,-0.32,-1.48,59870000.0,60268178.0,387800.0,432930.0,,0.97,1.13,3.48,3.48,-6.3,-2.46,2,0,0,0,1,1,0,,,,,,🔴,TÍCH LŨY,PULL XẤU,OBV gãy | RSI yếu | Giá dưới EMA9 | Pull xấu,🔴,,,,🟡 Ổn định,,False
2026-08-20,REE,⚠️ YẾU DẦN,3,45700.0,-1.93,-3.79,42.05,🟠 HẠN CHẾ / GIẢM,OBV xấu + Thiếu mẫu xác nhận + Vol chưa xác nhận,2026-08-21T12:51:25+07:00,2.23,46082.32,46262.5,-0.39,-1.25,-0.83,-11863000.0,-11460114.0,165300.0,415815.0,,0.61,0.61,2.93,4.22,-6.16,-0.11,1,0,0,0,0,0,1,,,,,,🔴,THEO DÕI,PULL XẤU,OBV gãy | RSI yếu | Giá dưới EMA9 | Slope âm | Pull xấu,🔴,,,,🔴 Yếu,,True
2026-08-20,SHB,⚠️ YẾU DẦN,3,11650.0,-1.27,-1.27,40.85,🟠 HẠN CHẾ / GIẢM,OBV xấu + Thiếu mẫu xác nhận,2026-08-21T12:51:25+07:00,1.97,11685.01,11690.0,-0.04,-0.47,-0.3,1458410760.0,1557845522.0,23431500.0,50125465.0,,0.93,0.91,4.02,4.02,-4.12,0.87,0,0,0,0,0,0,0,,,,,,🔴,THEO DÕI,PULL XẤU,OBV gãy | RSI yếu | Giá dưới EMA9 | Slope âm | Pull xấu,🔴,,,,🔴 Yếu,,True
2026-08-20,SIP,⚠️ YẾU DẦN,3,49300.0,-3.14,-1.6,46.94,🟠 HẠN CHẾ / GIẢM,OBV xấu + Thiếu mẫu xác nhận,2026-08-21T12:51:25+07:00,-4.92,49863.55,49440.0,0.86,-1.6,-1.13,122800.0,298065.0,88100.0,97395.0,,1.05,0.89,5.79,5.79,-4.64,-0.6,1,0,0,0,1,0,0,,,,,,🔴,THEO DÕI,PULL XẤU,OBV gãy | RSI yếu | RSI chững | Giá dưới EMA9 | Pull xấu,🔴,,,,🟡 Ổn định,,True
2026-08-20,SSB,⚠️ YẾU DẦN,3,14900.0,-1.97,-1.97,37.12,🟠 HẠN CHẾ / GIẢM,OBV xấu + RSI yếu + Thiếu mẫu xác nhận,2026-08-21T12:51:25+07:00,-6.8,15130.47,15307.5,-1.16,-0.25,-1.52,25987100.0,29102315.0,2557000.0,2116220.0,,1.01,0.99,0.0,6.43,-5.7,-1.32,-2,0,0,0,0,0,-2,,,,,,🔴,THEO DÕI,PULL XẤU,OBV gãy | RSI yếu | RSI chững | Giá dưới EMA9 | Slope âm | Pull xấu,🔴,,,,🔴 Yếu,,True
2026-08-20,SZC,⚠️ YẾU DẦN,3,19200.0,-3.76,5.79,46.15,🟠 HẠN CHẾ / GIẢM,OBV xấu + Thiếu mẫu xác nhận + RS yếu,2026-08-21T12:51:25+07:00,-3.67,19337.24,18820.0,2.75,-1.15,-0.71,-22164700.0,-21968376.0,245700.0,475645.0,,0.9,1.18,11.95,11.95,-7.02,-1.03,3,0,0,0,1,1,1,,,,,,🔴,MUA EARLY,PULL XẤU,OBV gãy | RSI yếu | RSI chững | Giá dưới EMA9 | Pull xấu,🟡,,,,🟢 Tăng tốc,,True
2026-08-20,TCM,⚠️ YẾU DẦN,3,16400.0,-1.2,-1.5,31.14,🟠 HẠN CHẾ / GIẢM,OBV xấu + Vol chưa xác nhận + Thiếu mẫu xác nhận,2026-08-21T12:51:25+07:00,2.3,16522.25,16640.0,-0.71,0.05,-0.74,-12820126.0,-10963480.0,2255326.0,1059356.0,,0.74,0.69,0.61,0.61,-8.38,-0.3,-2,0,0,0,0,0,-2,,,,,,🔴,THEO DÕI,PULL XẤU,OBV gãy | RSI yếu | Giá dưới EMA9 | Slope âm | Pull xấu,🔴,,,,🔴 Yếu,,True
2026-08-20,TNG,⚠️ YẾU DẦN,3,16600.0,-4.05,-2.35,41.32,🟠 HẠN CHẾ / GIẢM,OBV xấu + RSI yếu + Thiếu mẫu xác nhận,2026-08-21T12:51:25+07:00,-8.78,16928.59,16897.45,0.18,-1.82,-1.94,33507800.0,34129088.0,517900.0,370155.0,,0.87,0.79,2.79,5.87,-7.47,-1.78,-1,0,0,0,1,0,-2,,,,,,🔴,THEO DÕI,PULL XẤU,OBV gãy | RSI yếu | RSI chững | Giá dưới EMA9 | Pull xấu,🔴,,,,🟡 Ổn định,,False
2026-08-20,VCB,⚠️ YẾU DẦN,3,58200.0,-2.18,-1.36,48.04,🟠 HẠN CHẾ / GIẢM,OBV xấu + Thiếu mẫu xác nhận,2026-08-21T12:51:25+07:00,0.89,58416.62,58050.0,0.63,-1.69,-0.37,115549200.0,120803384.0,3006600.0,4517520.0,,0.79,0.79,7.78,7.78,-4.59,0.69,1,0,0,0,1,0,0,,,,,,🔴,THEO DÕI,PULL XẤU,OBV gãy | RSI yếu | Giá dưới EMA9 | Pull xấu,🔴,,,,🟡 Ổn định,,True
2026-08-20,VCG,⚠️ YẾU DẦN,3,15600.0,-1.27,-0.32,39.96,🟠 HẠN CHẾ / GIẢM,OBV xấu + Thiếu mẫu xác nhận,2026-08-21T12:51:25+07:00,-2.33,15732.52,15679.95,0.34,-0.72,-0.84,235858300.0,236062021.0,991400.0,2321305.0,,0.78,0.83,3.31,3.31,-6.02,0.0,1,0,0,0,1,0,0,,,,,,🔴,THEO DÕI,PULL XẤU,OBV gãy | RSI yếu | RSI chững | Giá dưới EMA9 | Pull xấu,🔴,,,,🟡 Ổn định,,True
2026-08-20,VCI,⚠️ YẾU DẦN,3,21300.0,-1.39,-2.07,45.3,🟠 HẠN CHẾ / GIẢM,OBV xấu + Thiếu mẫu xác nhận,2026-08-21T12:51:25+07:00,-0.67,21420.81,21235.0,0.87,-1.92,-0.56,148821600.0,152582653.0,6203200.0,9160715.0,,0.84,0.92,15.45,15.45,-6.78,0.71,1,0,0,0,1,0,0,,,,,,🔴,THEO DÕI,PULL XẤU,OBV gãy | RSI yếu | RSI chững | Giá dưới EMA9 | Pull xấu,🔴,,,,🟡 Ổn định,,True
2026-08-20,VGS,⚠️ YẾU DẦN,3,17800.0,-2.2,-0.56,38.01,🟠 HẠN CHẾ / GIẢM,OBV xấu + Thiếu mẫu xác nhận,2026-08-21T12:51:25+07:00,-1.58,17920.17,17850.0,0.39,-0.73,-0.67,4619900.0,4687434.0,69200.0,101805.0,,0.77,0.86,4.71,4.71,-4.3,-4.81,2,0,0,0,1,0,1,,,,,,🔴,TÍCH LŨY,PULL XẤU,OBV gãy | RSI yếu | RSI chững | Giá dưới EMA9 | Pull xấu,🔴,,,,🟡 Ổn định,,False
2026-08-20,VGT,⚠️ YẾU DẦN,3,11400.0,-1.72,6.34,55.67,🟠 HẠN CHẾ / GIẢM,OBV xấu + Thiếu mẫu xác nhận,2026-08-21T12:51:25+07:00,-7.58,11429.67,10999.5,3.91,-0.95,-0.26,16590500.0,16691563.0,329300.0,375570.0,,2.17,1.45,10.36,10.36,-7.92,-0.87,3,0,1,0,1,1,0,,,,,,🔴,MUA EARLY,PULL XẤU,OBV gãy | RSI chững | Giá dưới EMA9 | Pull xấu,🟡,,,,🟢 Tăng tốc,,False
2026-08-20,VHC,⚠️ YẾU DẦN,3,52300.0,-3.33,-0.57,39.5,🟠 HẠN CHẾ / GIẢM,OBV xấu + RSI yếu + Thiếu mẫu xác nhận,2026-08-21T12:51:25+07:00,-8.47,53079.5,53155.0,-0.14,-0.4,-1.47,1965900.0,1972869.0,188900.0,369785.0,,1.45,1.47,1.75,1.75,-6.27,-1.13,1,0,0,0,0,0,1,,,,,,🔴,THEO DÕI,PULL XẤU,OBV gãy | RSI yếu | RSI chững | Giá dưới EMA9 | Slope âm | Pull xấu,🔴,,,,🔴 Yếu,,True
2026-08-20,VIB,⚠️ YẾU DẦN,3,14500.0,-0.34,-0.34,42.33,🟠 HẠN CHẾ / GIẢM,OBV xấu + Thiếu mẫu xác nhận,2026-08-21T12:51:25+07:00,6.33,14502.46,14560.0,-0.4,-0.24,-0.02,202603304.0,204411724.0,3280800.0,4965585.0,,0.69,0.71,2.47,2.47,-4.61,0.69,0,0,0,0,0,0,0,,,,,,🔴,THEO DÕI,PULL XẤU,OBV gãy | RSI yếu | Giá dưới EMA9 | Slope âm | Pull xấu,🔴,,,,🔴 Yếu,,True
2026-08-20,VIC,⚠️ YẾU DẦN,3,202200.0,-2.74,-7.59,41.22,🟠 HẠN CHẾ / GIẢM,OBV xấu + Xu hướng giảm + Thiếu mẫu xác nhận,2026-08-21T12:51:25+07:00,5.13,204484.0,210985.0,-3.08,-0.9,-1.12,301093700.0,301230279.0,5246400.0,4882330.0,,1.22,1.13,2.12,5.31,-9.65,0.2,1,0,0,0,0,0,1,,,,,,🔴,THEO DÕI,PULL XẤU,OBV gãy | RSI yếu | Giá dưới EMA9 | Slope âm | Pull xấu,🔴,,,,🔴 Yếu,,True
2026-08-20,VIX,⚠️ YẾU DẦN,3,13200.0,-0.3,1.15,49.97,🟠 HẠN CHẾ / GIẢM,OBV xấu + Thiếu mẫu xác nhận,2026-08-21T12:51:25+07:00,7.34,12901.56,12695.5,1.62,-1.89,2.31,1429137304.0,1469795263.0,22744772.0,43130553.0,,0.91,0.89,17.96,17.96,-4.42,3.53,3,2,0,0,1,0,0,,,,,,🔴,MUA EARLY,PULL XẤU,OBV gãy | RSI yếu | Pull xấu,🟡,,,,🟡 Ổn định,,True
2026-08-20,VND,⚠️ YẾU DẦN,3,16150.0,-2.42,-3.29,42.82,🟠 HẠN CHẾ / GIẢM,OBV xấu + Xu hướng giảm + Thiếu mẫu xác nhận,2026-08-21T12:51:25+07:00,2.23,16279.17,16499.95,-1.34,-0.83,-0.79,513545906.0,532073099.0,4557394.0,9846090.0,,0.91,0.88,5.21,5.21,-7.71,1.25,0,0,0,0,0,0,0,,,,,,🔴,THEO DÕI,PULL XẤU,OBV gãy | RSI yếu | Giá dưới EMA9 | Slope âm | Pull xấu,🔴,,,,🔴 Yếu,,True
2026-08-20,VPB,⚠️ YẾU DẦN,3,25050.0,-1.18,-0.4,45.36,🟠 HẠN CHẾ / GIẢM,OBV xấu + Thiếu mẫu xác nhận,2026-08-21T12:51:25+07:00,4.43,25089.47,25105.0,-0.06,-0.44,-0.16,1284496492.0,1288046738.0,10121700.0,13184015.0,,1.0,1.04,2.87,2.87,-3.65,0.6,0,0,0,0,0,0,0,,,,,,🔴,THEO DÕI,PULL XẤU,OBV gãy | RSI yếu | Giá dưới EMA9 | Slope âm | Pull xấu,🔴,,✅ EARLY GREEN2,,🔴 Yếu,,True
2026-08-20,VPL,⚠️ YẾU DẦN,3,74700.0,-2.99,-7.66,32.86,🟠 HẠN CHẾ / GIẢM,OBV xấu + Xu hướng giảm + RSI yếu,2026-08-21T12:51:25+07:00,-0.85,76055.35,77425.0,-1.77,-1.4,-1.78,12450700.0,13537445.0,483800.0,552910.0,,0.98,0.99,0.95,1.63,-8.0,-0.27,0,0,0,0,0,0,0,,,,,,🔴,THEO DÕI,PULL XẤU,OBV gãy | RSI yếu | RSI chững | Giá dưới EMA9 | Slope âm | Pull xấu,🔴,,,,🔴 Yếu,,True
2026-08-20,VPX,⚠️ YẾU DẦN,3,24800.0,-1.98,-3.12,40.86,🟠 HẠN CHẾ / GIẢM,OBV xấu + Thiếu mẫu xác nhận,2026-08-21T12:51:25+07:00,0.07,25036.72,25252.5,-0.85,-0.08,-0.95,5418300.0,6276979.0,513700.0,988110.0,,0.73,0.85,2.69,2.69,-7.81,-0.2,1,0,0,0,0,0,1,,,,,,🔴,THEO DÕI,PULL XẤU,OBV gãy | RSI yếu | Giá dưới EMA9 | Slope âm | Pull xấu,🔴,,,,🔴 Yếu,,True
2026-08-20,VTO,⚠️ YẾU DẦN,3,10400.0,-1.89,-0.48,46.79,🟠 HẠN CHẾ / GIẢM,OBV xấu + Thiếu mẫu xác nhận,2026-08-21T12:51:25+07:00,0.15,10472.31,10442.5,0.29,-1.0,-0.69,2041000.0,2045481.0,49600.0,62395.0,,0.79,0.77,2.46,3.48,-3.26,-0.48,2,0,0,0,1,0,1,,,,,,🔴,TÍCH LŨY,PULL XẤU,OBV gãy | RSI yếu | Giá dưới EMA9 | Pull xấu,🔴,,,,🟡 Ổn định,,True
2026-08-20,HUT,⛔ RẤT YẾU,4,12900.0,-4.44,-5.15,17.92,🔴 TRÁNH / BÁN,OBV xấu + Xu hướng giảm + RSI yếu,2026-08-21T12:51:25+07:00,1.42,13272.94,13895.0,-4.48,0.04,-2.81,25501400.0,27126052.0,1204600.0,2114240.0,,0.54,0.61,0.0,0.0,-14.57,-0.77,1,0,0,0,0,0,1,,,,,,🔴,THEO DÕI,PULL XẤU,OBV gãy | RSI yếu | Giá dưới EMA9 | Slope âm | Pull xấu,🔴,,,,🔴 Yếu,,False
2026-08-20,NTL,⛔ RẤT YẾU,4,12300.0,-8.55,-10.22,12.94,🔴 TRÁNH / BÁN,OBV xấu + RSI yếu + Xu hướng giảm,2026-08-21T12:51:25+07:00,-12.64,13120.4,13582.5,-3.4,-1.46,-6.25,65633500.0,68676981.0,247900.0,470880.0,,2.11,1.27,0.0,0.0,-15.17,-2.77,1,0,0,0,0,0,1,,,,,,🔴,THEO DÕI,PULL XẤU,OBV gãy | RSI yếu | RSI chững | Giá dưới EMA9 | Slope âm | Pull xấu,🔴,,,,🔴 Yếu,,True
2026-08-20,SHS,⛔ RẤT YẾU,4,14700.0,-6.96,-6.37,36.04,🔴 TRÁNH / BÁN,OBV xấu + Xu hướng giảm + RSI yếu,2026-08-21T12:51:25+07:00,-3.61,15170.88,15365.0,-1.26,-1.96,-3.1,653600896.0,675202393.0,4587400.0,10271865.0,,1.2,0.98,2.8,2.8,-10.91,1.38,0,0,0,0,0,0,0,,,,,,🔴,THEO DÕI,PULL XẤU,OBV gãy | RSI yếu | RSI chững | Giá dưới EMA9 | Slope âm | Pull xấu,🔴,,,,🔴 Yếu,,False
2026-08-21,ACB,🌱 ĐANG HỒI,0,22750.0,2.71,1.56,56.29,🟢 MUA / GIỮ,OBV tốt + RSI cải thiện + Vị trí giá tốt,2026-08-21T19:16:28+07:00,18.05,22200.17,22287.5,-0.39,0.36,2.48,-5972759.0,-18517870.0,14471441.0,10920852.0,,0.68,0.84,5.08,6.06,-0.22,3.64,7,1,1,2,0,1,2,,,,,,🟢,MUA EARLY,PULL XẤU,Slope âm | Pull xấu,🟡,🟢 GREEN 2,✅ EARLY GREEN2,🌱 EARLY DRY GREEN2,🔴 Yếu,,True
2026-08-21,ACV,🌱 ĐANG HỒI,0,41500.0,2.47,0.0,54.65,🟢 MUA / GIỮ,OBV tốt + Vị trí giá tốt + RSI cải thiện,2026-08-21T19:16:28+07:00,2.91,40938.35,40255.0,1.7,-0.41,1.37,-61036300.0,-61540430.0,391000.0,495360.0,,0.64,1.1,8.07,8.07,-3.04,1.22,6,2,0,2,1,1,0,,,,,,🟢,MUA EARLY,PULL XẤU,RSI yếu | Pull xấu,🟡,,✅ EARLY GREEN2,🌱 EARLY DRY GREEN2,🟡 Ổn định,,False
2026-08-21,AGR,🌱 ĐANG HỒI,0,13300.0,3.5,1.92,49.52,🟢 MUA / GIỮ,OBV tốt + Vị trí giá tốt + RSI cải thiện,2026-08-21T19:16:28+07:00,9.42,13000.19,13002.5,-0.02,0.43,2.31,22758100.0,22580739.0,536800.0,319405.0,,0.71,0.82,8.57,8.57,-3.62,3.1,6,1,0,2,0,1,2,,,,,,🟢,MUA EARLY,PULL XẤU,RSI yếu | Slope âm | Pull xấu,🟡,,,,🔴 Yếu,,True
2026-08-21,BID,🌱 ĐANG HỒI,0,36900.0,3.07,0.96,57.19,🟢 MUA / GIỮ,OBV tốt + RSI cải thiện + Vol xác nhận,2026-08-21T19:16:28+07:00,7.71,36127.38,35535.95,1.66,-0.78,2.14,152584300.0,148177992.0,4542300.0,4142485.0,,0.7,0.96,13.61,13.61,-1.18,2.36,8,2,1,2,1,1,1,,,,,,🟢,CP MẠNH,PULL XẤU,Pull xấu,🟡,,,,🟡 Ổn định,,True
2026-08-21,BSI,🌱 ĐANG HỒI,0,29350.0,4.45,4.26,51.7,🟢 MUA / GIỮ,OBV tốt + RSI cải thiện + Vị trí giá tốt,2026-08-21T19:16:28+07:00,13.53,28292.63,28042.5,0.89,0.54,3.74,22431000.0,22062464.0,778100.0,396540.0,,0.58,0.89,11.81,11.81,-2.81,5.58,8,2,0,2,1,1,2,,,,,,🟢,MUA EARLY,PULL XẤU,RSI yếu | Pull xấu,🟡,,,,🟡 Ổn định,,True
2026-08-21,BSR,🌱 ĐANG HỒI,0,26850.0,5.92,3.63,57.55,🟢 MUA / GIỮ,OBV tốt + Vị trí giá tốt + Vol xác nhận,2026-08-21T19:16:28+07:00,-3.1,26450.97,25633.0,3.19,-0.71,1.51,670608900.0,664609520.0,8854800.0,9391940.0,,1.12,1.17,14.55,18.07,-2.89,-1.29,6,2,1,1,1,1,0,,,,,,🟢,PULL VỪA,PULL VỪA,RSI chững,🟡,,,,🟢 Tăng tốc,,True
2026-08-21,BVS,🌱 ĐANG HỒI,0,27400.0,3.01,1.86,50.81,🟢 MUA / GIỮ,OBV tốt + RSI cải thiện + Vị trí giá tốt,2026-08-21T19:16:28+07:00,7.96,26606.89,26380.0,0.86,0.33,2.98,3767500.0,3393619.0,1202400.0,804990.0,,0.46,0.74,12.76,12.76,-3.52,5.79,8,2,0,2,1,1,2,,,,,,🟢,MUA EARLY,PULL XẤU,RSI yếu | Pull xấu,🟡,,,,🟡 Ổn định,,False
2026-08-21,CEO,🌱 ĐANG HỒI,0,12600.0,5.0,7.69,54.02,🟢 MUA / GIỮ,OBV tốt + RSI cải thiện + Vị trí giá tốt,2026-08-21T19:16:28+07:00,11.99,12014.53,11810.0,1.73,-0.04,4.87,309606800.0,302448029.0,10611900.0,5794400.0,,0.85,0.9,16.67,16.67,0.8,9.57,9,2,0,2,1,2,2,,,,,,🟢,MUA EARLY,PULL XẤU,RSI yếu | Pull xấu,🟡,,,,🟡 Ổn định,,False
2026-08-21,CII,🌱 ĐANG HỒI,0,14700.0,5.38,6.91,52.44,🟢 MUA / GIỮ,OBV tốt + RSI cải thiện + Vị trí giá tốt,2026-08-21T19:16:28+07:00,4.15,14308.89,13872.5,3.15,0.42,2.73,619159304.0,606146610.0,11709600.0,8716605.0,,1.2,1.02,16.21,16.21,-2.33,3.89,10,2,0,2,2,2,2,,,,,,🟢,MUA EARLY,PULL XẤU,RSI yếu | Pull xấu,🟡,,,,🟢 Tăng tốc,,True
2026-08-21,CSV,🌱 ĐANG HỒI,0,21650.0,0.93,-1.59,47.56,🟢 MUA / GIỮ,OBV tốt + Vị trí giá tốt + Vol xác nhận,2026-08-21T19:16:28+07:00,3.74,21486.82,21482.5,0.02,-0.53,0.76,-3619962.0,-3708109.0,430838.0,333957.0,,0.62,0.78,8.25,8.25,-4.2,3.34,7,2,0,2,1,0,2,,,,,,🟢,MUA EARLY,PULL XẤU,RSI yếu | Pull xấu,🟡,,,,🟡 Ổn định,,True
2026-08-21,CTD,🌱 ĐANG HỒI,0,62500.0,0.81,0.64,49.06,🟢 MUA / GIỮ,OBV tốt + Vol xác nhận + Vị trí giá tốt,2026-08-21T19:16:28+07:00,5.24,61959.86,61285.0,1.1,-1.44,0.87,10553500.0,10385953.0,391000.0,346025.0,,0.62,0.7,13.22,13.43,-3.85,1.63,6,2,0,2,1,0,1,,,,,,🟢,MUA EARLY,PULL XẤU,RSI yếu | Pull xấu,🟡,,,,🟡 Ổn định,,True
2026-08-21,CTG,🌱 ĐANG HỒI,0,32150.0,2.23,-1.08,54.97,🟢 MUA / GIỮ,OBV tốt + RSI cải thiện + Vị trí giá tốt,2026-08-21T19:16:28+07:00,6.08,31656.99,31309.95,1.11,-1.35,1.56,377687505.0,373444144.0,6435405.0,7807620.0,,0.64,0.87,11.83,11.83,-2.58,2.39,7,2,0,2,1,1,1,,,,,,🟢,MUA EARLY,PULL XẤU,RSI yếu | Pull xấu,🟡,,✅ EARLY GREEN2,🌱 EARLY DRY GREEN2,🟡 Ổn định,,True
2026-08-21,CTR,🌱 ĐANG HỒI,0,77000.0,1.32,0.0,60.88,🟢 MUA / GIỮ,OBV tốt + Vol xác nhận + Vị trí giá tốt,2026-08-21T19:16:28+07:00,-1.29,76409.33,74570.0,2.47,-1.16,0.77,-5418362.0,-6266728.0,328138.0,328442.0,,0.97,0.96,13.24,15.96,-2.41,1.18,8,2,1,2,1,1,1,,,,,,🟢,GÀ TĂNG TỐC,PULL VỪA,RSI chững,🟡,🟢 GREEN 2,,,🟢 Tăng tốc,,True
2026-08-21,DCM,🌱 ĐANG HỒI,0,31400.0,2.95,-0.63,50.5,🟢 MUA / GIỮ,OBV tốt + Vị trí giá tốt + RSI cải thiện,2026-08-21T19:16:28+07:00,6.78,31006.09,30902.5,0.34,-0.44,1.27,69626400.0,65000396.0,3376500.0,2086550.0,,1.02,1.13,8.28,8.65,-3.09,0.16,8,2,0,2,1,1,2,,,,,,🟢,MUA EARLY,PULL XẤU,RSI yếu | Pull xấu,🟡,,✅ EARLY GREEN2,,🟡 Ổn định,,True
2026-08-21,DGC,🌱 ĐANG HỒI,0,43050.0,-0.35,-2.6,52.75,🟢 MUA / GIỮ,OBV tốt + RSI cải thiện + Vị trí giá tốt,2026-08-21T19:16:28+07:00,6.26,42202.72,41157.5,2.54,-1.7,2.01,-121721500.0,-122178042.0,451600.0,538025.0,,0.63,0.7,19.58,19.58,-6.0,3.49,6,2,0,2,1,0,1,,,,,,🟢,MUA EARLY,PULL XẤU,RSI yếu | Pull xấu,🟡,,,,🟢 Tăng tốc,,True
2026-08-21,DGW,🌱 ĐANG HỒI,0,43000.0,3.37,9.14,65.82,🟢 MUA / GIỮ,OBV tốt + Vol xác nhận + RSI cải thiện,2026-08-21T19:16:28+07:00,5.03,41786.58,39457.5,5.9,-0.98,2.9,66469100.0,63129220.0,1245500.0,1333570.0,,0.96,1.13,29.71,29.71,-1.94,0.82,10,2,2,2,1,2,1,,,,,,🟢,GÀ TĂNG TỐC,PULL XẤU,Pull xấu,🟡,🟢 GREEN 2,,,🟢 Tăng tốc,,True
2026-08-21,DIG,🌱 ĐANG HỒI,0,11000.0,1.85,2.8,50.9,🟢 MUA / GIỮ,OBV tốt + RSI cải thiện + Vị trí giá tốt,2026-08-21T19:16:28+07:00,8.95,10690.23,10552.5,1.31,-0.5,2.9,193329085.0,187272512.0,10654085.0,8635519.0,,0.67,0.7,13.52,13.52,-1.79,6.8,8,2,0,2,1,1,2,,,,,,🟢,MUA EARLY,PULL XẤU,RSI yếu | Pull xấu,🟡,,,,🟡 Ổn định,,True
2026-08-21,DPM,🌱 ĐANG HỒI,0,22200.0,3.02,1.6,54.63,🟢 MUA / GIỮ,OBV tốt + RSI cải thiện + Vị trí giá tốt,2026-08-21T19:16:28+07:00,6.83,21863.51,21827.0,0.17,-0.38,1.54,81126400.0,78218210.0,3404400.0,2520195.0,,0.65,0.93,6.58,7.51,-3.06,0.68,8,2,0,2,1,1,2,,,,,,🟢,MUA EARLY,PULL XẤU,RSI yếu | Pull xấu,🟡,,✅ EARLY GREEN2,🌱 EARLY DRY GREEN2,🟡 Ổn định,,True
2026-08-21,DPR,🌱 ĐANG HỒI,0,37050.0,3.06,2.77,54.19,🟢 MUA / GIỮ,OBV tốt + Vị trí giá tốt + RSI cải thiện,2026-08-21T19:16:28+07:00,8.22,36424.05,36095.0,0.91,0.07,1.72,24894500.0,24772844.0,302100.0,200145.0,,1.0,1.17,5.56,5.56,-0.54,1.51,8,2,0,2,1,1,2,,,,,,🟢,MUA EARLY,PULL XẤU,RSI yếu | Pull xấu,🟡,,,,🟡 Ổn định,,True
2026-08-21,DRI,🌱 ĐANG HỒI,0,14100.0,6.02,6.82,64.48,🟢 MUA / GIỮ,OBV tốt + RSI cải thiện + Vị trí giá tốt,2026-08-21T19:16:28+07:00,4.92,13593.12,13250.0,2.59,0.34,3.73,40703200.0,39320145.0,1222900.0,534975.0,,1.17,1.24,11.02,12.8,2.17,3.68,11,2,1,2,2,2,2,,,,,,🟢,GÀ TĂNG TỐC,PULL XẤU,Pull xấu,🟡,,,,🟢 Tăng tốc,,False
2026-08-21,DXG,🌱 ĐANG HỒI,0,11550.0,0.43,7.94,55.25,🟢 MUA / GIỮ,OBV tốt + RSI cải thiện + Vị trí giá tốt,2026-08-21T19:16:28+07:00,7.9,11133.51,10856.0,2.56,-0.5,3.74,581352188.0,572122007.0,14043584.0,10154444.0,,1.04,0.97,15.85,15.85,-0.43,6.45,9,2,1,2,1,1,2,,,,,,🟢,GÀ TĂNG TỐC,PULL XẤU,Pull xấu,🟡,,,,🟢 Tăng tốc,,True
2026-08-21,FPT,🌱 ĐANG HỒI,0,72000.0,5.42,1.69,60.56,🟢 MUA / GIỮ,OBV tốt + RSI cải thiện + Vị trí giá tốt,2026-08-21T19:16:28+07:00,11.3,69907.56,68959.95,1.37,-0.6,2.99,-413748210.0,-421249221.0,7886490.0,6029034.0,,0.71,0.82,15.76,15.76,-1.77,3.0,9,2,1,2,1,1,2,,,,,,🟢,CP MẠNH,PULL XẤU,Pull xấu,🟡,🟢 GREEN 2,,,🟡 Ổn định,,True
2026-08-21,FTS,🌱 ĐANG HỒI,0,23000.0,4.78,5.26,53.45,🟢 MUA / GIỮ,OBV tốt + RSI cải thiện + Vị trí giá tốt,2026-08-21T19:16:28+07:00,10.5,22041.26,21765.0,1.27,0.68,4.35,19348367.0,17862775.0,1601867.0,1019353.0,,0.64,0.85,14.43,14.43,-1.29,6.73,9,2,0,2,1,2,2,,,,,,🟢,MUA EARLY,PULL XẤU,RSI yếu | Pull xấu,🟡,,,,🟡 Ổn định,,True
2026-08-21,GAS,🌱 ĐANG HỒI,0,83500.0,9.87,11.93,64.66,🟢 MUA / GIỮ,OBV tốt + Vol xác nhận + Xu hướng lên,2026-08-21T19:16:28+07:00,-0.24,80553.56,74980.0,7.43,0.07,3.66,44838100.0,42880252.0,1360800.0,1424125.0,,1.34,1.34,24.81,29.66,-1.3,-0.36,8,2,1,1,2,2,0,,,,,,🟢,MUA EARLY,PULL XẤU,RSI chững | Pull xấu,🟡,,,,🟢 Tăng tốc,,True
2026-08-21,GEG,🌱 ĐANG HỒI,0,12700.0,2.42,4.96,59.1,🟢 MUA / GIỮ,OBV tốt + RSI cải thiện + Vị trí giá tốt,2026-08-21T19:16:28+07:00,11.29,12421.5,12247.5,1.42,0.07,2.24,24015860.0,23782399.0,152660.0,189138.0,,0.72,0.92,6.72,8.55,1.6,2.01,8,2,1,2,1,1,1,,,,,,🟢,CP MẠNH,PULL XẤU,Pull xấu,🟡,🟢 GREEN 2,,,🟡 Ổn định,,True
2026-08-21,GEX,🌱 ĐANG HỒI,0,26250.0,6.49,6.92,56.97,🟢 MUA / GIỮ,OBV tốt + RSI cải thiện + Xu hướng lên,2026-08-21T19:16:28+07:00,7.78,25066.99,24107.5,3.98,-1.57,4.72,542092960.0,532027181.0,24231960.0,12803663.0,,0.62,0.85,29.31,29.31,-2.23,6.92,10,2,1,2,1,2,2,,,,,,🟢,GÀ TĂNG TỐC,PULL XẤU,Pull xấu,🟡,,,,🟢 Tăng tốc,,True
2026-08-21,GVR,🌱 ĐANG HỒI,0,32100.0,2.88,7.9,59.65,🟢 MUA / GIỮ,OBV tốt + Vol xác nhận + Vị trí giá tốt,2026-08-21T19:16:28+07:00,-0.4,31400.3,29725.0,5.64,-1.44,2.23,256477600.0,253273845.0,2200000.0,2346265.0,,1.03,1.36,23.46,23.46,-2.43,2.72,8,2,1,2,1,1,1,,,,,,🟢,GÀ TĂNG TỐC,PULL XẤU,RSI chững | Pull xấu,🟡,,,,🟢 Tăng tốc,,True
2026-08-21,HAH,🌱 ĐANG HỒI,0,48400.0,5.45,4.76,62.36,🟢 MUA / GIỮ,OBV tốt + RSI cải thiện + Vị trí giá tốt,2026-08-21T19:16:28+07:00,10.78,46962.08,45942.5,2.22,0.98,3.06,23235871.0,21274026.0,1465571.0,706169.0,,1.65,1.29,10.25,10.25,0.21,1.89,10,2,1,2,2,1,2,,,,,,🟢,GÀ TĂNG TỐC,PULL XẤU,Pull xấu,🟡,,,,🟢 Tăng tốc,,True
2026-08-21,HCM,🌱 ĐANG HỒI,0,26300.0,4.37,3.75,59.89,🟢 MUA / GIỮ,OBV tốt + RSI cải thiện + Vị trí giá tốt,2026-08-21T19:16:28+07:00,11.22,25499.4,25450.0,0.19,0.22,3.14,565761051.0,561972039.0,7529651.0,4534353.0,,0.7,1.0,5.84,14.45,-3.84,4.16,9,2,1,2,1,1,2,,,,,,🟢,CP MẠNH,PULL XẤU,Pull xấu,🟡,,,,🟡 Ổn định,,True
2026-08-21,HDB,🌱 ĐANG HỒI,0,27300.0,3.21,2.82,59.39,🟢 MUA / GIỮ,OBV tốt + Vị trí giá tốt + RSI cải thiện,2026-08-21T19:16:28+07:00,3.27,26851.09,26400.0,1.71,-0.11,1.67,954334916.0,936255412.0,15230516.0,9726411.0,,0.86,0.98,8.76,9.64,-1.09,1.49,9,2,1,2,1,1,2,,,,,,🟢,PULL VỪA,PULL VỪA,,🟢,🟢 GREEN 2,,,🟡 Ổn định,,True
2026-08-21,HDC,🌱 ĐANG HỒI,0,12150.0,2.53,3.85,48.32,🟢 MUA / GIỮ,OBV tốt + Vị trí giá tốt + RSI cải thiện,2026-08-21T19:16:28+07:00,10.56,11823.44,11682.5,1.21,0.38,2.76,159946300.0,158665235.0,1514500.0,1152050.0,,0.75,0.79,11.47,11.47,-2.02,6.11,8,2,0,2,1,1,2,,,,,,🟢,MUA EARLY,PULL XẤU,RSI yếu | Pull xấu,🟡,,,,🟡 Ổn định,,True
2026-08-21,HHS,🌱 ĐANG HỒI,0,10450.0,5.03,7.18,55.94,🟢 MUA / GIỮ,OBV tốt + RSI cải thiện + Vị trí giá tốt,2026-08-21T19:16:28+07:00,13.97,9987.18,9879.0,1.1,0.66,4.63,158479900.0,157043205.0,2486400.0,963560.0,,0.83,0.87,11.17,11.17,0.0,7.73,10,2,1,2,1,2,2,,,,,,🟢,CP MẠNH,PULL XẤU,Pull xấu,🟡,,,,🟡 Ổn định,,True
2026-08-21,HHV,🌱 ĐANG HỒI,0,10150.0,1.0,1.0,49.61,🟢 MUA / GIỮ,OBV tốt + Vị trí giá tốt + RSI cải thiện,2026-08-21T19:16:28+07:00,7.3,10052.24,10047.0,0.05,-0.38,0.97,169387693.0,168358985.0,3107993.0,2503635.0,,0.81,1.07,3.57,3.57,-3.33,2.11,7,2,0,2,1,0,2,,,,,,🟢,MUA EARLY,PULL XẤU,RSI yếu | Pull xấu,🟡,,,,🟡 Ổn định,,True
2026-08-21,KSB,🌱 ĐANG HỒI,0,13850.0,0.73,4.92,51.55,🟢 MUA / GIỮ,OBV tốt + Vị trí giá tốt + RSI cải thiện,2026-08-21T19:16:28+07:00,1.14,13723.3,13537.5,1.37,-0.55,0.92,32431400.0,32241285.0,820100.0,1076425.0,,1.07,1.32,6.95,6.95,-5.78,2.59,6,2,0,2,1,1,0,,,,,,🟢,MUA EARLY,PULL XẤU,RSI yếu | Pull xấu,🟡,,,,🟡 Ổn định,,True
2026-08-21,MBB,🌱 ĐANG HỒI,0,20850.0,4.25,3.63,65.2,🟢 MUA / GIỮ,OBV tốt + RSI cải thiện + Vị trí giá tốt,2026-08-21T19:16:28+07:00,12.55,20204.92,19752.5,2.29,-0.42,3.19,942630872.0,918359761.0,18491656.0,13240743.0,,0.66,0.93,15.64,15.64,1.46,2.71,10,2,2,2,1,1,2,,,,,,🟢,GÀ TĂNG TỐC,PULL XẤU,Pull xấu,🟡,🟢 GREEN 2,,,🟢 Tăng tốc,,True
2026-08-21,MBS,🌱 ĐANG HỒI,0,18100.0,4.02,3.49,54.17,🟢 MUA / GIỮ,OBV tốt + RSI cải thiện + Vị trí giá tốt,2026-08-21T19:16:28+07:00,13.3,17412.02,17318.0,0.54,0.39,3.95,-41868000.0,-44767397.0,8242600.0,5093515.0,,0.64,0.79,10.03,10.03,-1.84,6.47,8,2,0,2,1,1,2,,,,,,🟢,MUA EARLY,PULL XẤU,RSI yếu | Pull xấu,🟡,,,,🟡 Ổn định,,False
2026-08-21,MCH,🌱 ĐANG HỒI,0,139500.0,1.97,3.41,61.72,🟢 MUA / GIỮ,OBV tốt + Vol xác nhận + Vị trí giá tốt,2026-08-21T19:16:28+07:00,10.34,137241.73,136712.5,0.39,0.18,1.65,12254000.0,11461527.0,463900.0,445165.0,,0.77,0.68,3.41,11.91,-1.41,1.68,8,2,1,2,1,1,1,,,,,,🟢,PULL VỪA,PULL VỪA,,🟢,,,,🟡 Ổn định,,True
2026-08-21,MML,🌱 ĐANG HỒI,0,28400.0,1.07,1.79,51.84,🟢 MUA / GIỮ,OBV tốt + Vol xác nhận + Vị trí giá tốt,2026-08-21T19:16:28+07:00,3.88,28176.47,28125.0,0.18,-0.63,0.79,-1469500.0,-1489948.0,28200.0,24685.0,,0.63,0.78,7.17,7.17,-4.05,1.43,7,2,0,2,1,1,1,,,,,,🟢,MUA EARLY,PULL XẤU,RSI yếu | Pull xấu,🟡,,,,🟡 Ổn định,,False
2026-08-21,MSN,🌱 ĐANG HỒI,0,69800.0,5.28,3.56,60.31,🟢 MUA / GIỮ,OBV tốt + RSI cải thiện + Vị trí giá tốt,2026-08-21T19:16:28+07:00,13.85,67641.89,67075.0,0.85,0.07,3.19,118161700.0,109215516.0,7435200.0,4160645.0,,1.14,1.0,9.23,9.23,0.58,2.35,9,2,1,2,1,1,2,,,,,,🟢,CP MẠNH,PULL XẤU,Pull xấu,🟡,🟢 GREEN 2,,,🟡 Ổn định,,True
2026-08-21,MSR,🌱 ĐANG HỒI,0,43500.0,9.02,11.54,73.32,🟢 MUA / GIỮ,OBV tốt + Vol xác nhận + Xu hướng lên,2026-08-21T19:16:28+07:00,3.24,41670.05,39255.0,6.15,-0.3,4.39,23152300.0,19343348.0,1615100.0,1470665.0,,1.47,1.13,24.64,32.22,-0.68,0.23,10,2,2,2,1,2,1,,,,,,🟢,GÀ TĂNG TỐC,PULL XẤU,Pull xấu,🟡,,,,🟢 Tăng tốc,,False
2026-08-21,MWG,🌱 ĐANG HỒI,0,75000.0,3.59,5.63,57.34,🟢 MUA / GIỮ,OBV tốt + RSI cải thiện + Vị trí giá tốt,2026-08-21T19:16:28+07:00,6.67,73070.14,71206.5,2.62,-0.35,2.64,254450127.0,245302550.0,10691427.0,4452021.0,,0.56,0.68,20.33,20.33,0.4,3.45,10,2,1,2,1,2,2,,,,,,🟢,GÀ TĂNG TỐC,PULL XẤU,Pull xấu,🟡,🟢 GREEN 2,✅ EARLY GREEN2,,🟢 Tăng tốc,,True
2026-08-21,NLG,🌱 ĐANG HỒI,0,24000.0,5.26,8.11,58.5,🟢 MUA / GIỮ,OBV tốt + RSI cải thiện + Xu hướng lên,2026-08-21T19:16:28+07:00,3.81,23211.34,22272.5,4.22,0.53,3.4,56565450.0,52296835.0,3393650.0,2542918.0,,0.95,0.78,20.0,20.0,0.21,2.35,11,2,1,2,2,2,2,,,,,,🟢,GÀ TĂNG TỐC,PULL XẤU,Pull xấu,🟡,🟢 GREEN 2,,,🟢 Tăng tốc,,True
2026-08-21,OCB,🌱 ĐANG HỒI,0,10900.0,-0.91,4.81,57.65,🟢 MUA / GIỮ,OBV tốt + Vol xác nhận + Vị trí giá tốt,2026-08-21T19:16:28+07:00,-2.38,10847.55,10567.5,2.65,-0.52,0.48,119112500.0,116050259.0,2225700.0,2378455.0,,0.73,1.18,9.0,9.0,-1.8,0.0,6,2,1,1,1,1,0,,,,,,🟢,PULL VỪA,PULL VỪA,RSI chững,🟡,,,,🟢 Tăng tốc,,True
2026-08-21,OIL,🌱 ĐANG HỒI,0,13500.0,3.05,-0.74,52.0,🟢 MUA / GIỮ,OBV tốt + Vị trí giá tốt + RSI cải thiện,2026-08-21T19:16:28+07:00,0.11,13356.53,13245.0,0.84,0.14,1.07,93664400.0,92193552.0,1625200.0,1135530.0,,0.88,1.17,4.65,6.3,-2.88,1.5,8,2,0,2,1,1,2,,,,,,🟢,MUA EARLY,PULL XẤU,RSI yếu | Pull xấu,🟡,,,,🟡 Ổn định,,False
2026-08-21,PDR,🌱 ĐANG HỒI,0,12300.0,2.93,3.36,48.77,🟢 MUA / GIỮ,OBV tốt + Vị trí giá tốt + RSI cải thiện,2026-08-21T19:16:28+07:00,7.86,12023.88,11870.0,1.3,0.12,2.3,243232348.0,240713273.0,8323148.0,6728012.0,,0.79,0.82,10.31,10.31,-1.2,4.24,8,2,0,2,1,1,2,,,,,,🟢,MUA EARLY,PULL XẤU,RSI yếu | Pull xấu,🟡,,,,🟡 Ổn định,,True
2026-08-21,PET,🌱 ĐANG HỒI,0,39300.0,0.0,1.03,57.33,🟢 MUA / GIỮ,OBV tốt + RSI cải thiện + Vị trí giá tốt,2026-08-21T19:16:28+07:00,6.82,38949.12,38605.0,0.89,-1.44,0.9,69647402.0,69531529.0,334302.0,424520.0,,0.88,1.11,10.7,17.24,-6.21,1.81,6,2,1,2,1,0,0,,,,,,🟢,PULL VỪA,PULL VỪA,,🟢,🟢 GREEN 2,✅ EARLY GREEN2,,🟡 Ổn định,,True
2026-08-21,PHR,🌱 ĐANG HỒI,0,61200.0,4.97,4.44,55.91,🟢 MUA / GIỮ,OBV tốt + Vị trí giá tốt + RSI cải thiện,2026-08-21T19:16:28+07:00,2.02,59937.62,58675.0,2.15,-0.08,2.11,17724979.0,17071459.0,978679.0,362774.0,,1.1,0.98,11.27,11.27,-1.77,1.66,9,2,1,2,1,1,2,,,,,,🟢,GÀ TĂNG TỐC,PULL XẤU,Pull xấu,🟡,,,,🟢 Tăng tốc,,True
2026-08-21,PLX,🌱 ĐANG HỒI,0,37950.0,8.27,5.56,62.78,🟢 MUA / GIỮ,OBV tốt + Vol xác nhận + Xu hướng lên,2026-08-21T19:16:28+07:00,-0.78,36932.04,34991.5,5.55,0.44,2.76,71646600.0,66279830.0,3051800.0,2992675.0,,1.37,1.39,20.21,20.4,-2.82,-1.43,8,2,1,1,2,2,0,,,,,,🟢,MUA EARLY,PULL XẤU,RSI chững | Pull xấu,🟡,,,,🟢 Tăng tốc,,True
2026-08-21,PNJ,🌱 ĐANG HỒI,0,39900.0,9.32,10.83,53.24,🟢 MUA / GIỮ,OBV tốt + Xu hướng lên + RSI cải thiện,2026-08-21T19:16:28+07:00,15.23,36727.35,35127.5,4.55,1.31,8.64,-60699700.0,-66821987.0,4043900.0,6934215.0,,0.49,0.41,28.71,29.76,0.5,0.0,8,2,0,2,2,2,0,,,,,,🟢,MUA EARLY,PULL XẤU,RSI yếu | Pull xấu,🟡,,,,🟢 Tăng tốc,,True
2026-08-21,PVB,🌱 ĐANG HỒI,0,22000.0,1.85,4.76,51.3,🟢 MUA / GIỮ,OBV tốt + Vị trí giá tốt + Vol xác nhận,2026-08-21T19:16:28+07:00,1.3,21728.65,21320.0,1.92,0.01,1.25,1825300.0,1701960.0,71300.0,78895.0,,0.92,1.31,7.32,7.32,-6.38,0.46,7,2,0,2,1,1,1,,,,,,🟢,MUA EARLY,PULL XẤU,RSI yếu | Pull xấu,🟡,,,,🟡 Ổn định,,False
2026-08-21,PVS,🌱 ĐANG HỒI,0,37000.0,7.25,7.87,59.68,🟢 MUA / GIỮ,OBV tốt + RSI cải thiện + Xu hướng lên,2026-08-21T19:16:28+07:00,7.05,35799.93,34815.0,2.83,1.34,3.35,134157700.0,129319287.0,2866300.0,2307805.0,,1.32,1.13,11.11,11.78,-0.8,0.54,10,2,1,1,2,2,2,,,,,,🟢,GÀ TĂNG TỐC,PULL XẤU,Pull xấu,🟡,,,,🟢 Tăng tốc,,False
2026-08-21,PVT,🌱 ĐANG HỒI,0,20450.0,2.51,11.44,65.53,🟢 MUA / GIỮ,OBV tốt + Vị trí giá tốt + Xu hướng lên,2026-08-21T19:16:28+07:00,0.1,20027.42,18962.5,5.62,-1.09,2.11,21650200.0,16014019.0,5719700.0,4153610.0,,1.16,1.33,25.46,25.46,-2.15,0.25,10,2,2,2,1,1,2,,,,,,🟢,GÀ TĂNG TỐC,PULL XẤU,Pull xấu,🟡,,,,🟢 Tăng tốc,,True
2026-08-21,SAB,🌱 ĐANG HỒI,0,46800.0,3.31,4.58,61.61,🟢 MUA / GIỮ,OBV tốt + Vị trí giá tốt + RSI cải thiện,2026-08-21T19:16:28+07:00,1.72,46049.78,45030.0,2.26,0.17,1.63,-5293100.0,-6785944.0,646200.0,833040.0,,1.07,1.19,8.84,8.84,-0.85,-0.43,8,2,1,1,2,1,1,,,,,,🟢,GÀ TĂNG TỐC,PULL VỪA,,🟢,,,,🟢 Tăng tốc,,True
2026-08-21,SSB,🌱 ĐANG HỒI,0,15300.0,1.66,1.66,48.72,🟢 MUA / GIỮ,OBV tốt + Vol xác nhận + Vị trí giá tốt,2026-08-21T19:16:28+07:00,8.23,15196.38,15312.5,-0.76,0.23,0.68,33343200.0,30768732.0,2242100.0,2130255.0,,1.07,1.01,1.66,7.75,-2.24,2.0,5,1,0,2,0,1,1,,,,,,🟢,MUA EARLY,PULL XẤU,RSI yếu | Slope âm | Pull xấu,🟡,,,,🔴 Yếu,,True
2026-08-21,SSI,🌱 ĐANG HỒI,0,20750.0,5.98,6.19,60.34,🟢 MUA / GIỮ,OBV tốt + RSI cải thiện + Vị trí giá tốt,2026-08-21T19:16:28+07:00,13.25,19817.92,19452.0,1.88,-0.5,4.7,1008999008.0,985755737.0,44454120.0,20821966.0,,0.92,0.97,17.96,17.96,1.82,5.33,10,2,1,2,1,2,2,,,,,,🟢,MUA BREAK,PULL XẤU,Pull xấu,🟡,,,,🟡 Ổn định,,True
2026-08-21,STB,🌱 ĐANG HỒI,0,74700.0,3.32,0.13,56.88,🟢 MUA / GIỮ,OBV tốt + Vol xác nhận + Vị trí giá tốt,2026-08-21T19:16:28+07:00,-2.52,74208.1,73340.0,1.18,0.07,0.66,407689650.0,407130372.0,2929250.0,2962402.0,,1.17,1.02,4.77,13.01,-1.84,0.13,8,2,1,2,1,1,1,,,,,,🟢,PULL VỪA,PULL VỪA,RSI chững,🟡,,,,🟡 Ổn định,,True
2026-08-21,SZC,🌱 ĐANG HỒI,0,19700.0,1.03,1.55,51.37,🟢 MUA / GIỮ,OBV tốt + Vị trí giá tốt + RSI cải thiện,2026-08-21T19:16:28+07:00,5.87,19369.79,18872.5,2.64,-0.85,1.7,-21970800.0,-22047484.0,685300.0,501770.0,,0.76,1.19,14.87,14.87,-4.6,3.96,8,2,0,2,1,1,2,,,,,,🟢,MUA EARLY,PULL XẤU,RSI yếu | Pull xấu,🟡,,,,🟢 Tăng tốc,,True
2026-08-21,TCB,🌱 ĐANG HỒI,0,31650.0,-1.09,6.57,56.65,🟢 MUA / GIỮ,OBV tốt + RSI cải thiện + Vị trí giá tốt,2026-08-21T19:16:28+07:00,6.12,31149.33,30270.0,2.9,-0.8,1.61,448191427.0,425975861.0,14383331.0,15073297.0,,0.75,1.21,12.04,12.04,-1.56,2.76,8,2,1,2,1,1,1,,,,,,🟢,GÀ TĂNG TỐC,PULL VỪA,,🟢,,,,🟢 Tăng tốc,,True
2026-08-21,TCH,🌱 ĐANG HỒI,0,12400.0,3.77,5.08,51.21,🟢 MUA / GIỮ,OBV tốt + RSI cải thiện + Vị trí giá tốt,2026-08-21T19:16:28+07:00,10.16,11968.39,11855.0,0.96,-0.37,3.61,144406100.0,140058887.0,9135700.0,5059805.0,,0.94,0.96,12.73,12.73,-1.59,7.36,9,2,0,2,1,2,2,,,,,,🟢,MUA EARLY,PULL XẤU,RSI yếu | Pull xấu,🟡,,,,🟡 Ổn định,,True
2026-08-21,TCX,🌱 ĐANG HỒI,0,41000.0,4.73,4.33,53.64,🟢 MUA / GIỮ,OBV tốt + RSI cải thiện + Vị trí giá tốt,2026-08-21T19:16:28+07:00,7.98,39946.33,39755.0,0.48,0.49,2.64,22188500.0,19191571.0,3648900.0,1636660.0,,0.7,0.95,9.33,9.33,-0.97,4.33,8,2,0,2,1,1,2,,,,,,🟢,MUA EARLY,PULL XẤU,RSI yếu | Pull xấu,🟡,,,,🟡 Ổn định,,True
2026-08-21,TPB,🌱 ĐANG HỒI,0,14800.0,2.78,1.37,52.23,🟢 MUA / GIỮ,OBV tốt + Vol xác nhận + Vị trí giá tốt,2026-08-21T19:16:28+07:00,11.67,14552.12,14447.5,0.72,-0.06,1.7,459003426.0,448533735.0,8474438.0,7552607.0,,0.68,0.77,6.47,6.47,-1.66,1.37,7,2,0,2,1,1,1,,,,,,🟢,MUA EARLY,PULL XẤU,RSI yếu | Pull xấu,🟡,,,,🟡 Ổn định,,True
2026-08-21,VGC,🌱 ĐANG HỒI,0,41100.0,1.99,6.75,62.59,🟢 MUA / GIỮ,OBV tốt + Vol xác nhận + Vị trí giá tốt,2026-08-21T19:16:28+07:00,3.93,40377.72,39025.0,3.47,-0.76,1.79,29242224.0,29117513.0,450124.0,418246.0,,0.77,1.07,17.77,17.77,-0.96,1.23,8,2,1,2,1,1,1,,,,,,🟢,GÀ TĂNG TỐC,PULL VỪA,,🟢,,,,🟢 Tăng tốc,,True
2026-08-21,VGI,🌱 ĐANG HỒI,0,88000.0,6.41,1.73,58.71,🟢 MUA / GIỮ,OBV tốt + Vol xác nhận + RSI cải thiện,2026-08-21T19:16:28+07:00,2.66,85856.8,83300.0,3.07,-0.31,2.5,-12133200.0,-12901352.0,370600.0,357425.0,,1.18,1.24,17.96,17.96,-4.35,0.92,8,2,1,2,1,1,1,,,,,,🟢,GÀ TĂNG TỐC,PULL XẤU,Pull xấu,🟡,,,,🟢 Tăng tốc,,False
2026-08-21,VGS,🌱 ĐANG HỒI,0,18200.0,1.11,2.25,46.21,🟢 MUA / GIỮ,OBV tốt + Vị trí giá tốt + Vol xác nhận,2026-08-21T19:16:28+07:00,9.22,17976.14,17880.0,0.54,-0.37,1.25,4744600.0,4698867.0,124700.0,105360.0,,0.74,0.91,7.06,7.06,-6.19,1.68,7,2,0,2,1,1,1,,,,,,🟢,MUA EARLY,PULL XẤU,RSI yếu | Pull xấu,🟡,,,,🟡 Ổn định,,False
2026-08-21,VGT,🌱 ĐANG HỒI,0,11600.0,-4.84,4.41,59.43,🟢 MUA / GIỮ,OBV tốt + Vị trí giá tốt + Vol xác nhận,2026-08-21T19:16:28+07:00,-1.27,11463.74,11063.0,3.62,-1.09,1.19,16934500.0,16740150.0,344000.0,383765.0,,1.74,1.47,12.29,12.29,-6.3,-0.85,7,2,1,2,1,1,0,,,,,,🟢,PULL VỪA,PULL VỪA,RSI chững,🟡,,,,🟢 Tăng tốc,,False
2026-08-21,VHM,🌱 ĐANG HỒI,0,71700.0,5.13,-1.78,51.47,🟢 MUA / GIỮ,OBV tốt + RSI cải thiện + Vị trí giá tốt,2026-08-21T19:16:28+07:00,6.7,70544.0,71585.0,-1.45,-1.44,1.64,368107800.0,362465119.0,5100800.0,6901060.0,,0.86,1.02,9.47,13.0,-12.24,3.17,4,1,0,2,0,1,0,,,,,,🟢,MUA EARLY,PULL XẤU,RSI yếu | Slope âm | Pull xấu,🟡,,,,🔴 Yếu,,True
2026-08-21,VIX,🌱 ĐANG HỒI,0,13500.0,5.39,4.25,53.76,🟢 MUA / GIỮ,OBV tốt + RSI cải thiện + Vol xác nhận,2026-08-21T19:16:28+07:00,13.01,12933.25,12750.0,1.44,-1.04,4.38,1480393202.0,1471666456.0,52808370.0,43793293.0,,0.81,0.9,20.64,20.64,-2.24,6.72,8,2,0,2,1,1,2,,,,,,🟢,MUA EARLY,PULL XẤU,RSI yếu | Pull xấu,🟡,,,,🟡 Ổn định,,True
2026-08-21,VNM,🌱 ĐANG HỒI,0,63800.0,3.57,2.9,69.6,🟢 MUA / GIỮ,OBV tốt + Vị trí giá tốt + RSI cải thiện,2026-08-21T19:16:28+07:00,5.64,62564.75,61165.0,2.29,0.48,1.97,-50600.0,-3103750.0,3581800.0,4910930.0,,0.79,0.96,10.19,16.42,-0.78,-0.47,9,2,2,1,2,1,1,,,,,,🟢,GÀ TĂNG TỐC,PULL VỪA,,🟢,,,,🟢 Tăng tốc,,True
2026-08-21,VOS,🌱 ĐANG HỒI,0,11250.0,1.81,0.9,52.82,🟢 MUA / GIỮ,OBV tốt + Vị trí giá tốt + RSI cải thiện,2026-08-21T19:16:28+07:00,4.66,11061.7,10952.5,1.0,-0.76,1.7,25297800.0,25225256.0,496400.0,419675.0,,0.72,0.91,9.22,9.22,-3.02,3.21,7,2,0,2,1,1,1,,,,,,🟢,MUA EARLY,PULL XẤU,RSI yếu | Pull xấu,🟡,,,,🟡 Ổn định,,True
2026-08-21,VPB,🌱 ĐANG HỒI,0,25700.0,2.39,2.8,53.68,🟢 MUA / GIỮ,OBV tốt + Vol xác nhận + RSI cải thiện,2026-08-21T19:16:28+07:00,10.68,25187.57,25135.0,0.21,0.0,2.03,1298411292.0,1290119649.0,13914800.0,13259470.0,,0.98,1.05,5.54,5.54,-1.15,3.21,7,2,0,2,1,1,1,,,,,,🟢,MUA EARLY,PULL XẤU,RSI yếu | Pull xấu,🟡,,,,🟡 Ổn định,,True
2026-08-21,VPL,🌱 ĐANG HỒI,0,76900.0,3.22,-2.66,43.93,🟢 MUA / GIỮ,OBV tốt + Vol xác nhận + Vị trí giá tốt,2026-08-21T19:16:28+07:00,10.22,76272.28,77560.0,-1.66,-0.89,0.82,13982200.0,13781212.0,563900.0,543340.0,,0.99,0.95,3.92,4.63,-5.3,3.36,5,1,0,2,0,1,1,,,,,,🟢,MUA EARLY,PULL XẤU,RSI yếu | Slope âm | Pull xấu,🟡,,,,🔴 Yếu,,True
2026-08-21,VRE,🌱 ĐANG HỒI,0,25300.0,5.64,1.4,52.91,🟢 MUA / GIỮ,OBV tốt + Vol xác nhận + RSI cải thiện,2026-08-21T19:16:28+07:00,7.28,24640.65,24507.5,0.54,-1.78,2.68,431664600.0,428284581.0,6035600.0,5946000.0,,0.67,0.8,18.78,18.78,-5.6,5.42,7,2,0,2,1,1,1,,,,,,🟢,MUA EARLY,PULL XẤU,RSI yếu | Pull xấu,🟡,,✅ EARLY GREEN2,,🟡 Ổn định,,True
2026-08-21,VSC,🌱 ĐANG HỒI,0,15300.0,4.79,4.44,54.11,🟢 MUA / GIỮ,OBV tốt + RSI cải thiện + Vị trí giá tốt,2026-08-21T19:16:28+07:00,9.05,14663.78,14302.5,2.53,-0.21,4.34,301631200.0,286297035.0,18251200.0,11103935.0,,0.89,0.91,20.47,20.47,0.33,6.62,8,2,0,2,1,1,2,,,,,,🟢,MUA EARLY,PULL XẤU,RSI yếu | Pull xấu,🟡,,,,🟢 Tăng tốc,,True
2026-08-21,BAF,🟡 TRUNG TÍNH,1,32500.0,3.17,4.5,77.02,👀 THEO DÕI,OBV tốt + Vị trí giá tốt + Xu hướng lên,2026-08-21T19:16:28+07:00,6.51,31782.09,30937.5,2.73,-0.12,2.26,111867248.0,103726576.0,5703848.0,2236792.0,,1.0,0.99,12.65,13.04,0.62,1.25,10,2,2,2,1,1,2,,,,,,🟢,GÀ TĂNG TỐC,PULL XẤU,Pull xấu,🟡,,,,🟢 Tăng tốc,,True
2026-08-21,BFC,🟡 TRUNG TÍNH,1,48250.0,0.1,-2.35,46.33,👀 THEO DÕI,OBV tốt + Vị trí giá tốt + RSI cải thiện,2026-08-21T19:16:28+07:00,3.89,48061.5,47907.0,0.32,-0.0,0.39,29581500.0,29284175.0,320400.0,191945.0,,1.05,0.9,5.42,5.42,-3.5,0.52,7,2,0,2,1,0,2,,,,,,🟢,MUA EARLY,PULL XẤU,RSI yếu | Pull xấu,🟡,,,,🟡 Ổn định,,True
2026-08-21,C4G,🟡 TRUNG TÍNH,1,5600.0,-1.75,0.0,40.59,👀 THEO DÕI,OBV tốt + Vị trí giá tốt + RSI cải thiện,2026-08-21T19:16:28+07:00,6.57,5580.18,5615.0,-0.62,0.04,0.36,15218400.0,15143124.0,187100.0,271140.0,,0.68,1.15,1.82,1.82,-5.08,1.82,3,1,0,2,0,0,0,,,,,,🟢,MUA EARLY,PULL XẤU,RSI yếu | Slope âm | Pull xấu,🟡,,,,🔴 Yếu,,False
2026-08-21,CMG,🟡 TRUNG TÍNH,1,24500.0,2.08,-0.41,46.74,👀 THEO DÕI,OBV tốt + Vị trí giá tốt + RSI cải thiện,2026-08-21T19:16:28+07:00,9.26,24189.44,24410.0,-0.9,-0.5,1.28,-7644679.0,-7732205.0,130821.0,161801.0,,0.65,0.78,3.81,3.81,-4.85,3.38,5,1,0,2,0,1,1,,,,,,🟢,MUA EARLY,PULL XẤU,RSI yếu | Slope âm | Pull xấu,🟡,,✅ EARLY GREEN2,🌱 EARLY DRY GREEN2,🔴 Yếu,,True
2026-08-21,DBC,🟡 TRUNG TÍNH,1,16450.0,1.23,-1.2,46.64,👀 THEO DÕI,OBV tốt + Vị trí giá tốt + RSI cải thiện,2026-08-21T19:16:28+07:00,11.78,16257.95,16359.95,-0.62,-0.73,1.18,5920900.0,5893511.0,1843300.0,1435435.0,,0.53,0.69,4.78,4.78,-3.8,3.46,6,1,0,2,0,1,2,,,,,,🟢,MUA EARLY,PULL XẤU,RSI yếu | Slope âm | Pull xấu,🟡,,,,🔴 Yếu,,True
2026-08-21,DXS,🟡 TRUNG TÍNH,1,5940.0,-1.0,0.85,44.71,👀 THEO DÕI,OBV tốt + Vol xác nhận + Vị trí giá tốt,2026-08-21T19:16:28+07:00,4.64,5897.46,5868.5,0.49,-0.55,0.72,52582790.0,50421952.0,2053090.0,1770984.0,,0.74,0.96,5.88,5.88,-4.19,2.95,6,2,0,2,1,0,1,,,,,,🟢,MUA EARLY,PULL XẤU,RSI yếu | Pull xấu,🟡,,,,🟡 Ổn định,,True
2026-08-21,EVF,🟡 TRUNG TÍNH,1,12550.0,-0.4,1.62,50.92,👀 THEO DÕI,OBV tốt + Vị trí giá tốt + RSI cải thiện,2026-08-21T19:16:28+07:00,1.86,12450.93,12367.5,0.67,-0.25,0.8,158435820.0,154129284.0,5212020.0,1446661.0,,0.73,0.99,6.36,6.36,-3.46,2.03,7,2,0,2,1,0,2,,,,,,🟢,MUA EARLY,PULL XẤU,RSI yếu | Pull xấu,🟡,,,,🟡 Ổn định,,True
2026-08-21,FCN,🟡 TRUNG TÍNH,1,11200.0,-0.44,2.28,51.64,👀 THEO DÕI,OBV tốt + Vị trí giá tốt + Vol xác nhận,2026-08-21T19:16:28+07:00,-1.49,11168.41,10960.0,1.9,-0.54,0.28,37843800.0,37521273.0,646600.0,480125.0,,0.78,0.96,7.69,7.69,-2.61,1.82,8,2,0,2,1,1,2,,,,,,🟢,MUA EARLY,PULL XẤU,RSI yếu | RSI chững | Pull xấu,🟡,,,,🟡 Ổn định,,True
2026-08-21,FOX,🟡 TRUNG TÍNH,1,64800.0,2.21,-1.37,45.28,👀 THEO DÕI,OBV tốt + Vị trí giá tốt + RSI cải thiện,2026-08-21T19:16:28+07:00,2.29,64509.18,64385.0,0.19,-0.48,0.45,5469200.0,5428120.0,37700.0,64220.0,,0.86,0.95,6.23,6.23,-3.71,1.89,6,2,0,2,1,1,0,,,,,,🟢,MUA EARLY,PULL XẤU,RSI yếu | Pull xấu,🟡,,,,🟡 Ổn định,,False
2026-08-21,GEE,🟡 TRUNG TÍNH,1,68200.0,1.04,1.64,43.91,👀 THEO DÕI,OBV tốt + Vị trí giá tốt + Vol xác nhận,2026-08-21T19:16:28+07:00,3.3,67853.39,67935.0,-0.12,-1.66,0.51,91937114.0,90787507.0,1835114.0,1394201.0,,0.93,1.21,7.4,7.4,-12.23,4.12,6,1,0,2,0,1,2,,,,,,🟢,MUA EARLY,PULL XẤU,RSI yếu | Slope âm | Pull xấu,🟡,,,,🔴 Yếu,,True
2026-08-21,GIL,🟡 TRUNG TÍNH,1,8000.0,-5.66,4.44,45.53,👀 THEO DÕI,OBV tốt + Xu hướng lên + Vị trí giá tốt,2026-08-21T19:16:28+07:00,1.49,8009.04,7658.45,4.58,-3.79,-0.11,-4823199.0,-4831092.0,75701.0,246995.0,,0.44,0.93,22.14,22.14,-13.61,3.63,4,0,0,2,1,1,0,,,,,,🟢,MUA EARLY,PULL XẤU,RSI yếu | Giá dưới EMA9 | Pull xấu,🟡,,✅ EARLY GREEN2,,🟢 Tăng tốc,,True
2026-08-21,GMD,🟡 TRUNG TÍNH,1,77400.0,-1.65,0.26,52.07,👀 THEO DÕI,OBV tốt + Vol xác nhận + Vị trí giá tốt,2026-08-21T19:16:28+07:00,-11.29,77848.96,76890.0,1.25,-1.38,-0.58,110546463.0,109213716.0,1404263.0,1392018.0,,1.3,1.18,7.05,7.5,-5.61,0.39,4,0,0,2,1,0,1,,,,,,🟢,MUA EARLY,PULL XẤU,RSI yếu | RSI chững | Giá dưới EMA9 | Pull xấu,🟡,,,,🟡 Ổn định,,True
2026-08-21,HAG,🟡 TRUNG TÍNH,1,14150.0,0.71,0.71,47.07,👀 THEO DÕI,OBV tốt + Vol xác nhận + Vị trí giá tốt,2026-08-21T19:16:28+07:00,1.86,14091.7,14062.5,0.21,-0.15,0.41,389894500.0,388231341.0,1723300.0,1851440.0,,0.77,0.88,3.28,3.28,-2.41,0.71,6,2,0,2,1,0,1,,,,,,🟢,MUA EARLY,PULL XẤU,RSI yếu | Pull xấu,🟡,,,,🟡 Ổn định,,True
2026-08-21,HSG,🟡 TRUNG TÍNH,1,10850.0,2.84,0.93,50.26,👀 THEO DÕI,Vol xác nhận + Vị trí giá tốt + RSI cải thiện,2026-08-21T19:16:28+07:00,8.8,10682.72,10700.0,-0.16,-0.47,1.57,46080000.0,47034034.0,1873300.0,1774370.0,,0.73,0.88,7.96,7.96,-2.25,3.33,3,1,0,0,0,1,1,,,,,,🔴,MUA EARLY,PULL XẤU,OBV gãy | RSI yếu | Slope âm | Pull xấu,🟡,,,,🔴 Yếu,,True
2026-08-21,KBC,🟡 TRUNG TÍNH,1,27350.0,1.48,-2.32,42.38,👀 THEO DÕI,OBV tốt + Vị trí giá tốt + RSI cải thiện,2026-08-21T19:16:28+07:00,6.49,27336.88,27717.5,-1.37,-0.42,0.05,232129839.0,230571795.0,2098539.0,1313552.0,,1.05,1.03,1.48,2.05,-5.53,1.86,6,1,0,2,0,1,2,,,,,,🟢,MUA EARLY,PULL XẤU,RSI yếu | Slope âm | Pull xấu,🟡,,,,🔴 Yếu,,True
2026-08-21,LAS,🟡 TRUNG TÍNH,1,12300.0,4.24,0.0,49.65,👀 THEO DÕI,Vị trí giá tốt + RSI cải thiện + Vol xác nhận,2026-08-21T19:16:28+07:00,16.17,12054.23,11960.0,0.79,0.26,2.04,-19572400.0,-19398233.0,212500.0,172755.0,,0.65,0.98,6.96,6.96,-3.91,-1.6,2,2,0,0,1,1,-2,,,,,,🔴,TÍCH LŨY,PULL XẤU,OBV gãy | RSI yếu | Pull xấu,🔴,,,,🟡 Ổn định,,False
2026-08-21,MSB,🟡 TRUNG TÍNH,1,15900.0,-1.54,-1.85,48.77,👀 THEO DÕI,OBV tốt + RSI cải thiện + Vị trí giá tốt,2026-08-21T19:16:28+07:00,6.72,15909.06,15997.3,-0.55,-0.67,-0.06,780763538.0,765249165.0,20541638.0,6331652.0,,0.92,1.01,2.25,11.97,-2.45,1.6,4,0,0,2,0,0,2,,,,,,🟢,MUA EARLY,PULL XẤU,RSI yếu | Giá dưới EMA9 | Slope âm | Pull xấu,🟡,,,,🔴 Yếu,,True
2026-08-21,NKG,🟡 TRUNG TÍNH,1,10900.0,0.93,-1.36,46.31,👀 THEO DÕI,OBV tốt + Vol xác nhận + Vị trí giá tốt,2026-08-21T19:16:28+07:00,10.87,10811.82,10917.5,-0.97,-1.1,0.82,275625500.0,275531979.0,1544500.0,1674075.0,,0.66,0.96,4.81,4.81,-4.39,2.83,4,1,0,2,0,0,1,,,,,,🟢,MUA EARLY,PULL XẤU,RSI yếu | Slope âm | Pull xấu,🟡,,✅ EARLY GREEN2,🌱 EARLY DRY GREEN2,🔴 Yếu,,True
2026-08-21,NT2,🟡 TRUNG TÍNH,1,21400.0,0.94,0.23,48.74,👀 THEO DÕI,OBV tốt + Vị trí giá tốt + RSI cải thiện,2026-08-21T19:16:28+07:00,2.26,21340.93,21265.0,0.36,-0.14,0.28,15154789.0,14657124.0,732989.0,529884.0,,0.83,0.87,4.39,4.39,-2.28,0.71,7,2,0,2,1,0,2,,,,,,🟢,MUA EARLY,PULL XẤU,RSI yếu | Pull xấu,🟡,,,,🟡 Ổn định,,True
2026-08-21,NTP,🟡 TRUNG TÍNH,1,51000.0,-2.49,4.72,56.86,👀 THEO DÕI,OBV tốt + Vị trí giá tốt + Vol xác nhận,2026-08-21T19:16:28+07:00,-6.14,50614.21,49530.0,2.19,-0.44,0.76,10964900.0,10685437.0,136700.0,183455.0,,1.52,1.45,6.47,7.14,-6.25,-0.39,8,2,1,2,1,1,1,,,,,,🟢,GÀ TĂNG TỐC,PULL VỪA,RSI chững,🟡,,,,🟢 Tăng tốc,,False
2026-08-21,ORS,🟡 TRUNG TÍNH,1,14550.0,5.43,3.93,59.72,👀 THEO DÕI,OBV tốt + RSI cải thiện + Vị trí giá tốt,2026-08-21T19:16:28+07:00,11.59,13992.59,13927.5,0.47,-0.53,3.98,223266800.0,215452012.0,12152700.0,4302410.0,,0.43,0.89,13.67,15.02,-1.36,8.18,9,2,1,2,1,1,2,,,,,,🟢,CP MẠNH,PULL XẤU,Pull xấu,🟡,,,,🟡 Ổn định,,True
2026-08-21,PLC,🟡 TRUNG TÍNH,1,20300.0,0.0,0.5,53.89,👀 THEO DÕI,OBV tốt + Vị trí giá tốt + Vol xác nhận,2026-08-21T19:16:28+07:00,-3.67,20202.06,19700.0,2.55,-1.5,0.48,18832400.0,18692874.0,96300.0,128780.0,,0.92,1.15,14.69,14.69,-3.33,1.5,5,2,0,2,1,0,0,,,,,,🟢,MUA EARLY,PULL XẤU,RSI yếu | RSI chững | Pull xấu,🟡,,,,🟢 Tăng tốc,,False
2026-08-21,POW,🟡 TRUNG TÍNH,1,13600.0,2.64,0.0,49.35,👀 THEO DÕI,OBV tốt + Vị trí giá tốt + RSI cải thiện,2026-08-21T19:16:28+07:00,6.44,13483.33,13547.5,-0.47,-0.19,0.87,330843027.0,315867287.0,20894123.0,6979836.0,,0.69,0.87,3.03,3.03,-3.55,1.49,6,1,0,2,0,1,2,,,,,,🟢,MUA EARLY,PULL XẤU,RSI yếu | Slope âm | Pull xấu,🟡,,,,🔴 Yếu,,True
2026-08-21,PVC,🟡 TRUNG TÍNH,1,12100.0,0.83,0.0,47.72,👀 THEO DÕI,OBV tốt + Vol xác nhận + Vị trí giá tốt,2026-08-21T19:16:28+07:00,-2.28,12082.86,11980.0,0.86,-0.47,0.14,60306200.0,60275783.0,436200.0,439740.0,,0.96,1.19,5.22,5.22,-4.72,1.68,6,2,0,2,1,0,1,,,,,,🟢,MUA EARLY,PULL XẤU,RSI yếu | RSI chững | Pull xấu,🟡,,,,🟡 Ổn định,,False
2026-08-21,PVD,🟡 TRUNG TÍNH,1,18600.0,3.62,3.05,51.75,👀 THEO DÕI,OBV tốt + Vị trí giá tốt + RSI cải thiện,2026-08-21T19:16:28+07:00,1.33,18363.52,18270.0,0.51,0.44,1.29,286229819.0,276943053.0,11878119.0,3220321.0,,0.85,1.05,4.79,6.29,-4.12,1.09,8,2,0,2,1,1,2,,,,,,🟢,MUA EARLY,PULL XẤU,RSI yếu | Pull xấu,🟡,,,,🟡 Ổn định,,True
2026-08-21,SBT,🟡 TRUNG TÍNH,1,23800.0,2.15,13.33,82.55,👀 THEO DÕI,OBV tốt + Xu hướng lên + Vị trí giá tốt,2026-08-21T19:16:28+07:00,0.55,23132.07,21937.5,5.45,0.74,2.89,111659900.0,109375728.0,1625000.0,820335.0,,1.58,1.27,15.25,18.41,-0.42,0.0,8,2,2,1,2,1,0,,,,,,🟢,MUA EARLY,PULL XẤU,Pull xấu,🟡,,,,🟢 Tăng tốc,,True
2026-08-21,SHS,🟡 TRUNG TÍNH,1,15900.0,3.92,1.92,50.87,👀 THEO DÕI,OBV tốt + RSI cải thiện + Vị trí giá tốt,2026-08-21T19:16:28+07:00,15.4,15316.7,15400.0,-0.54,-0.19,3.81,677129496.0,675587814.0,23528600.0,10913650.0,,1.04,1.01,11.19,11.19,-2.45,7.43,6,1,0,2,0,1,2,,,,,,🟢,MUA EARLY,PULL XẤU,RSI yếu | Slope âm | Pull xấu,🟡,,,,🔴 Yếu,,False
2026-08-21,TCM,🟡 TRUNG TÍNH,1,16500.0,0.0,-0.9,33.4,👀 THEO DÕI,OBV tốt + Vị trí giá tốt,2026-08-21T19:16:28+07:00,6.99,16525.8,16602.5,-0.46,0.7,-0.16,-7906569.0,-10014686.0,2804731.0,1001397.0,,0.68,0.7,1.23,1.23,-6.78,0.3,4,0,0,2,0,0,2,,,,,,🟢,MUA EARLY,PULL XẤU,RSI yếu | Giá dưới EMA9 | Slope âm | Pull xấu,🟡,,,,🔴 Yếu,,True
2026-08-21,TNG,🟡 TRUNG TÍNH,1,16900.0,-1.17,-0.59,47.67,👀 THEO DÕI,OBV tốt + Vị trí giá tốt + RSI cải thiện,2026-08-21T19:16:28+07:00,3.29,16922.87,16915.95,0.04,-1.35,-0.14,34130000.0,34129270.0,622200.0,350395.0,,1.01,0.84,4.65,7.78,-5.8,1.2,5,0,0,2,1,0,2,,,,,,🟢,MUA EARLY,PULL XẤU,RSI yếu | Giá dưới EMA9 | Pull xấu,🟡,,,,🟡 Ổn định,,False
2026-08-21,TVN,🟡 TRUNG TÍNH,1,9600.0,-4.0,4.35,50.99,👀 THEO DÕI,OBV tốt + Vị trí giá tốt + Xu hướng lên,2026-08-21T19:16:28+07:00,-1.28,9473.9,9145.0,3.6,-1.03,1.33,41021500.0,40320636.0,491100.0,672865.0,,1.92,1.48,15.66,15.66,-9.43,2.13,6,2,0,2,1,1,0,,,,,,🟢,MUA EARLY,PULL XẤU,RSI yếu | RSI chững | Pull xấu,🟡,,,,🟢 Tăng tốc,,False
2026-08-21,TVS,🟡 TRUNG TÍNH,1,14050.0,6.28,12.58,62.71,👀 THEO DÕI,Xu hướng lên + RSI cải thiện + Vị trí giá tốt,2026-08-21T19:16:28+07:00,6.01,13576.61,13052.0,4.02,2.18,3.49,4986281.0,5190618.0,430219.0,121306.0,,0.96,1.07,14.32,17.47,-2.09,-3.1,5,2,1,0,2,2,-2,,,,,,🔴,MUA EARLY,PULL XẤU,OBV gãy | Pull xấu,🟡,,,,🟢 Tăng tốc,,True
2026-08-21,VCG,🟡 TRUNG TÍNH,1,15900.0,0.63,1.6,46.78,👀 THEO DÕI,OBV tốt + Vị trí giá tốt + RSI cải thiện,2026-08-21T19:16:28+07:00,4.5,15750.02,15692.45,0.37,-0.54,0.95,236706700.0,236032333.0,1839800.0,2320530.0,,0.69,0.82,5.3,5.3,-4.22,2.91,5,2,0,2,1,0,0,,,,,,🟢,MUA EARLY,PULL XẤU,RSI yếu | Pull xấu,🟡,,,,🟡 Ổn định,,True
2026-08-21,VCK,🟡 TRUNG TÍNH,1,30400.0,2.7,0.16,49.46,👀 THEO DÕI,OBV tốt + Vị trí giá tốt + RSI cải thiện,2026-08-21T19:16:28+07:00,12.33,29838.6,30095.0,-0.85,-0.3,1.88,74993400.0,72351680.0,4771000.0,2379815.0,,0.69,0.8,7.23,7.23,-4.4,4.47,6,1,0,2,0,1,2,,,,,,🟢,MUA EARLY,PULL XẤU,RSI yếu | Slope âm | Pull xấu,🟡,,,,🔴 Yếu,,True
2026-08-21,VDS,🟡 TRUNG TÍNH,1,12400.0,5.98,5.08,51.17,👀 THEO DÕI,OBV tốt + RSI cải thiện + Vị trí giá tốt,2026-08-21T19:16:28+07:00,12.44,11908.39,11862.5,0.39,0.72,4.13,48405234.0,47217454.0,2006834.0,873442.0,,0.57,0.8,10.71,10.71,-1.98,6.44,9,2,0,2,1,2,2,,,,,,🟢,MUA EARLY,PULL XẤU,RSI yếu | Pull xấu,🟡,,,,🟡 Ổn định,,True
2026-08-21,VHC,🟡 TRUNG TÍNH,1,53000.0,-2.57,3.11,43.91,👀 THEO DÕI,OBV tốt + Vol xác nhận + Vị trí giá tốt,2026-08-21T19:16:28+07:00,-0.87,53095.6,53120.0,-0.05,-0.39,-0.18,2352700.0,2048836.0,386800.0,382330.0,,0.87,1.38,3.11,3.11,-5.02,0.95,4,0,0,2,0,1,1,,,,,,🟢,MUA EARLY,PULL XẤU,RSI yếu | RSI chững | Giá dưới EMA9 | Slope âm | Pull xấu,🟡,,,,🔴 Yếu,,True
2026-08-21,VIB,🟡 TRUNG TÍNH,1,14750.0,2.43,0.68,48.98,👀 THEO DÕI,OBV tốt + Vị trí giá tốt + RSI cải thiện,2026-08-21T19:16:28+07:00,10.12,14535.97,14572.5,-0.25,-0.05,1.47,211793710.0,205888121.0,9190406.0,5177865.0,,0.64,0.73,4.24,4.24,-2.96,2.43,6,1,0,2,0,1,2,,,,,,🟢,MUA EARLY,PULL XẤU,RSI yếu | Slope âm | Pull xấu,🟡,,,,🔴 Yếu,,True
2026-08-21,VIC,🟡 TRUNG TÍNH,1,205000.0,2.3,-4.65,44.66,👀 THEO DÕI,OBV tốt + Vị trí giá tốt + RSI cải thiện,2026-08-21T19:16:28+07:00,6.21,204555.2,210570.0,-2.86,-0.32,0.22,304354635.0,301855150.0,3260935.0,4915407.0,,1.2,1.12,3.54,6.77,-8.4,1.79,4,1,0,2,0,1,0,,,,,,🟢,MUA EARLY,PULL XẤU,RSI yếu | Slope âm | Pull xấu,🟡,,,,🔴 Yếu,,True
2026-08-21,VJC,🟡 TRUNG TÍNH,1,124500.0,1.06,-0.8,41.56,👀 THEO DÕI,OBV tốt + Vol xác nhận + Vị trí giá tốt,2026-08-21T19:16:28+07:00,4.92,124330.56,125065.0,-0.59,-0.03,0.14,23090300.0,21816204.0,1367400.0,1337445.0,,0.99,1.05,1.14,1.14,-3.86,1.22,5,1,0,2,0,1,1,,,,,,🟢,MUA EARLY,PULL XẤU,RSI yếu | Slope âm | Pull xấu,🟡,,,,🔴 Yếu,,True
2026-08-21,VND,🟡 TRUNG TÍNH,1,16900.0,4.0,1.5,52.52,👀 THEO DÕI,OBV tốt + RSI cải thiện + Vị trí giá tốt,2026-08-21T19:16:28+07:00,13.44,16347.33,16502.45,-0.94,-0.09,3.38,535617158.0,532778104.0,22095046.0,10619502.0,,0.77,0.89,10.1,10.1,-2.59,6.29,6,1,0,2,0,1,2,,,,,,🟢,MUA EARLY,PULL XẤU,RSI yếu | Slope âm | Pull xấu,🟡,,,,🔴 Yếu,,True
2026-08-21,VPX,🟡 TRUNG TÍNH,1,25550.0,3.65,0.79,49.11,👀 THEO DÕI,OBV tốt + Vị trí giá tốt + RSI cải thiện,2026-08-21T19:16:28+07:00,8.69,25107.38,25227.5,-0.48,0.32,1.76,6748023.0,6206804.0,2357123.0,1078476.0,,0.69,0.83,5.8,5.8,-3.22,3.86,6,1,0,2,0,1,2,,,,,,🟢,MUA EARLY,PULL XẤU,RSI yếu | Slope âm | Pull xấu,🟡,,,,🔴 Yếu,,True
2026-08-21,VTO,🟡 TRUNG TÍNH,1,10500.0,-0.94,0.48,52.02,👀 THEO DÕI,OBV tốt + RSI cải thiện + Vị trí giá tốt,2026-08-21T19:16:28+07:00,5.38,10477.85,10457.5,0.19,-0.7,0.21,2124400.0,2061265.0,83400.0,58140.0,,0.85,0.84,3.45,4.48,-2.33,0.96,7,2,0,2,1,0,2,,,,,,🟢,MUA EARLY,PULL XẤU,RSI yếu | Pull xấu,🟡,,,,🟡 Ổn định,,True
2026-08-21,VTP,🟡 TRUNG TÍNH,1,54600.0,2.06,6.02,57.18,👀 THEO DÕI,Xu hướng lên + Vị trí giá tốt + Vol xác nhận,2026-08-21T19:16:28+07:00,-7.77,54466.09,51455.0,5.85,-0.64,0.25,9688955.0,10016047.0,672045.0,832367.0,,1.33,1.29,21.88,21.88,-6.02,-1.09,5,2,1,0,1,1,0,,,,,,🔴,MUA EARLY,PULL XẤU,OBV gãy | RSI chững | Pull xấu,🟡,,,,🟢 Tăng tốc,,True
2026-08-21,ANV,🔴 YẾU,2,17150.0,0.0,-1.15,42.98,⏳ CHỜ,OBV xấu + Thiếu mẫu xác nhận,2026-08-21T19:16:28+07:00,5.92,17091.14,17194.95,-0.6,-0.91,0.34,43461000.0,43570948.0,620800.0,536150.0,,0.82,1.03,6.2,6.2,-6.28,3.63,2,1,0,0,0,0,1,,,,,,🔴,TÍCH LŨY,PULL XẤU,OBV gãy | RSI yếu | Slope âm | Pull xấu,🔴,,,,🔴 Yếu,,True
2026-08-21,BVH,🔴 YẾU,2,65900.0,1.38,-1.49,55.29,⏳ CHỜ,OBV xấu + Thiếu mẫu xác nhận,2026-08-21T19:16:28+07:00,-5.24,66157.99,64065.0,3.27,-1.99,-0.39,17032052.0,17653328.0,664648.0,459102.0,,0.8,1.07,16.43,16.43,-4.49,-1.05,1,0,1,0,1,1,-2,,,,,,🔴,THEO DÕI,PULL XẤU,OBV gãy | RSI chững | Giá dưới EMA9 | Pull xấu,🔴,,,,🟢 Tăng tốc,,True
2026-08-21,DDV,🔴 YẾU,2,18200.0,0.55,-3.19,37.26,⏳ CHỜ,OBV xấu + Thiếu mẫu xác nhận,2026-08-21T19:16:28+07:00,4.89,18221.92,18395.0,-0.94,-0.47,-0.12,56351200.0,56476667.0,383700.0,263070.0,,0.96,0.97,2.25,2.25,-6.19,2.25,2,0,0,0,0,0,2,,,,,,🔴,TÍCH LŨY,PULL XẤU,OBV gãy | RSI yếu | Giá dưới EMA9 | Slope âm | Pull xấu,🔴,,,,🔴 Yếu,,False
2026-08-21,EIB,🔴 YẾU,2,17400.0,1.46,-3.33,40.97,⏳ CHỜ,OBV xấu + Xu hướng giảm + Thiếu mẫu xác nhận,2026-08-21T19:16:28+07:00,9.41,17329.01,17645.0,-1.79,-1.03,0.41,148674823.0,153729281.0,6854023.0,5118501.0,,0.8,0.89,2.96,5.45,-6.7,3.26,4,1,0,0,0,1,2,,,,,,🔴,MUA EARLY,PULL XẤU,OBV gãy | RSI yếu | Slope âm | Pull xấu,🟡,,,,🔴 Yếu,,True
2026-08-21,HDG,🔴 YẾU,2,16350.0,0.93,-1.21,42.67,⏳ CHỜ,OBV xấu + Thiếu mẫu xác nhận,2026-08-21T19:16:28+07:00,7.98,16196.64,16314.95,-0.73,-0.73,0.95,14308800.0,15651153.0,866700.0,1193165.0,,0.72,0.85,5.48,5.48,-4.94,4.14,1,1,0,0,0,0,0,,,,,,🔴,THEO DÕI,PULL XẤU,OBV gãy | RSI yếu | Slope âm | Pull xấu,🔴,,,,🔴 Yếu,,True
2026-08-21,HPG,🔴 YẾU,2,21700.0,2.12,-1.36,49.01,⏳ CHỜ,OBV xấu + Thiếu mẫu xác nhận,2026-08-21T19:16:28+07:00,12.37,21460.46,21625.0,-0.76,-0.72,1.12,308676924.0,313345601.0,25138400.0,22503510.0,,0.84,0.8,6.63,6.63,-4.19,2.6,3,1,0,0,0,1,1,,,,,,🔴,MUA EARLY,PULL XẤU,OBV gãy | RSI yếu | Slope âm | Pull xấu,🟡,,,,🔴 Yếu,,True
2026-08-21,HVN,🔴 YẾU,2,23050.0,-1.07,-3.35,48.75,⏳ CHỜ,OBV xấu + Thiếu mẫu xác nhận,2026-08-21T19:16:28+07:00,2.49,23093.87,23017.5,0.33,-1.82,-0.19,3843100.0,4049615.0,430700.0,866915.0,,0.56,0.67,7.21,9.76,-8.17,1.77,1,0,0,0,1,0,0,,,,,,🔴,THEO DÕI,PULL XẤU,OBV gãy | RSI yếu | Giá dưới EMA9 | Pull xấu,🔴,,,,🟡 Ổn định,,True
2026-08-21,KDH,🔴 YẾU,2,18000.0,1.69,0.28,46.72,⏳ CHỜ,OBV xấu + Thiếu mẫu xác nhận,2026-08-21T19:16:28+07:00,7.53,17723.5,17667.5,0.32,-0.62,1.56,-22758900.0,-21811074.0,6264700.0,4970230.0,,0.86,0.93,9.76,9.76,-3.74,4.65,6,2,0,0,1,1,2,,,,,,🔴,MUA EARLY,PULL XẤU,OBV gãy | RSI yếu | Pull xấu,🟡,,,,🟡 Ổn định,,True
2026-08-21,NAB,🔴 YẾU,2,11600.0,-0.85,-1.69,34.35,⏳ CHỜ,OBV xấu + Thiếu mẫu xác nhận + Xu hướng giảm,2026-08-21T19:16:28+07:00,1.23,11697.3,11905.0,-1.74,0.16,-0.83,50318100.0,52173535.0,1460800.0,1545855.0,,0.81,0.84,0.43,0.43,-7.94,0.87,1,0,0,0,0,0,1,,,,,,🔴,THEO DÕI,PULL XẤU,OBV gãy | RSI yếu | Giá dưới EMA9 | Slope âm | Pull xấu,🔴,,,,🔴 Yếu,,True
2026-08-21,NVL,🔴 YẾU,2,13350.0,0.75,-3.96,53.98,⏳ CHỜ,OBV xấu + Thiếu mẫu xác nhận,2026-08-21T19:16:28+07:00,3.69,13253.14,13297.5,-0.33,-1.2,0.73,606210604.0,612318698.0,11755400.0,16555515.0,,0.66,0.8,5.12,12.66,-6.32,2.69,1,1,0,0,0,0,0,,,,,,🔴,THEO DÕI,PULL XẤU,OBV gãy | RSI yếu | Slope âm | Pull xấu,🔴,,✅ EARLY GREEN2,🌱 EARLY DRY GREEN2,🔴 Yếu,,True
2026-08-21,PC1,🔴 YẾU,2,20600.0,0.49,-0.24,46.51,⏳ CHỜ,OBV xấu + Xu hướng giảm + Thiếu mẫu xác nhận,2026-08-21T19:16:28+07:00,5.17,20505.9,20887.5,-1.83,-0.24,0.46,121445500.0,121855765.0,1981600.0,1725490.0,,0.68,0.75,2.49,10.75,-7.62,2.49,2,1,0,0,0,0,1,,,,,,🔴,TÍCH LŨY,PULL XẤU,OBV gãy | RSI yếu | Slope âm | Pull xấu,🔴,,,,🔴 Yếu,,True
2026-08-21,REE,🔴 YẾU,2,46100.0,0.44,-2.12,46.09,⏳ CHỜ,OBV xấu + Thiếu mẫu xác nhận,2026-08-21T19:16:28+07:00,7.5,46069.85,46342.5,-0.59,-0.97,0.07,-11476248.0,-11463341.0,386752.0,419913.0,,0.57,0.63,3.83,5.13,-5.34,0.88,2,1,0,0,0,0,1,,,,,,🔴,TÍCH LŨY,PULL XẤU,OBV gãy | RSI yếu | Slope âm | Pull xấu,🔴,,,,🔴 Yếu,,True
2026-08-21,SHB,🔴 YẾU,2,11900.0,1.28,1.71,48.06,⏳ CHỜ,OBV xấu + Thiếu mẫu xác nhận,2026-08-21T19:16:28+07:00,10.15,11720.01,11692.5,0.24,0.02,1.54,1539896650.0,1554255748.0,81485890.0,51931340.0,,0.84,0.95,6.25,6.25,-2.06,3.03,6,2,0,0,1,1,2,,,,,,🔴,MUA EARLY,PULL XẤU,OBV gãy | RSI yếu | Pull xấu,🟡,,✅ EARLY GREEN2,,🟡 Ổn định,,True
2026-08-21,SIP,🔴 YẾU,2,49900.0,-0.2,-1.96,52.07,⏳ CHỜ,OBV xấu + Thiếu mẫu xác nhận,2026-08-21T19:16:28+07:00,4.38,49870.84,49600.0,0.55,-1.31,0.06,177900.0,274032.0,55100.0,95585.0,,1.08,0.92,7.08,7.08,-3.48,1.53,3,2,0,0,1,0,0,,,,,,🔴,MUA EARLY,PULL XẤU,OBV gãy | RSI yếu | Pull xấu,🟡,,,,🟡 Ổn định,,True
2026-08-21,VCB,🔴 YẾU,2,59100.0,1.03,-1.01,53.32,⏳ CHỜ,OBV xấu + Thiếu mẫu xác nhận,2026-08-21T19:16:28+07:00,7.26,58489.29,58280.0,0.36,-1.49,1.04,120379977.0,120718702.0,4830777.0,4633874.0,,0.76,0.83,9.44,9.44,-3.11,2.25,5,2,0,0,1,1,1,,,,,,🔴,MUA EARLY,PULL XẤU,OBV gãy | RSI yếu | Pull xấu,🟡,,,,🟡 Ổn định,,True
2026-08-21,VCI,🔴 YẾU,2,22100.0,1.38,1.61,53.14,⏳ CHỜ,OBV xấu + Thiếu mẫu xác nhận,2026-08-21T19:16:28+07:00,10.12,21460.64,21320.0,0.66,-1.39,2.98,149712700.0,150023638.0,13297500.0,9576005.0,,0.76,0.87,19.78,19.78,-3.28,6.51,6,2,0,0,1,1,2,,,,,,🔴,MUA EARLY,PULL XẤU,OBV gãy | RSI yếu | Pull xấu,🟡,,,,🟡 Ổn định,,True
2026-08-21,BMP,⚠️ YẾU DẦN,3,145500.0,-1.15,-2.22,43.61,🟠 HẠN CHẾ / GIẢM,OBV xấu + Thiếu mẫu xác nhận + Xu hướng giảm,2026-08-21T19:16:28+07:00,0.8,146144.75,148040.0,-1.28,-0.43,-0.44,1940887.0,1975692.0,88487.0,87649.0,,0.88,0.8,1.32,10.31,-5.21,1.25,1,0,0,0,0,0,1,,,,,,🔴,THEO DÕI,PULL XẤU,OBV gãy | RSI yếu | Giá dưới EMA9 | Slope âm | Pull xấu,🔴,,,,🔴 Yếu,,True
2026-08-21,DPG,⚠️ YẾU DẦN,3,30000.0,-1.64,0.0,46.61,🟠 HẠN CHẾ / GIẢM,OBV xấu + Thiếu mẫu xác nhận,2026-08-21T19:16:28+07:00,0.01,29931.15,29417.5,1.75,-2.26,0.23,21825908.0,21958731.0,453108.0,387160.0,,0.86,0.87,15.16,15.16,-6.69,3.81,4,2,0,0,1,0,1,,,,,,🔴,MUA EARLY,PULL XẤU,OBV gãy | RSI yếu | Pull xấu,🟡,,,,🟡 Ổn định,,True
2026-08-21,FRT,⚠️ YẾU DẦN,3,143500.0,0.42,8.71,64.94,🟠 HẠN CHẾ / GIẢM,OBV xấu + Thiếu mẫu xác nhận,2026-08-21T19:16:28+07:00,-4.58,142554.4,133755.0,6.58,-3.59,0.66,2837563.0,2951501.0,473337.0,698102.0,,0.94,1.05,33.24,36.67,-5.28,-0.9,6,2,1,0,1,1,1,,,,,,🔴,MUA EARLY,PULL XẤU,OBV gãy | RSI chững | Pull xấu,🟡,,,,🟢 Tăng tốc,,True
2026-08-21,IDC,⚠️ YẾU DẦN,3,33000.0,-1.79,-1.79,46.92,🟠 HẠN CHẾ / GIẢM,OBV xấu + Thiếu mẫu xác nhận,2026-08-21T19:16:28+07:00,3.49,32972.0,33035.0,-0.19,-1.32,0.08,64071500.0,65356238.0,1061600.0,1027685.0,,0.93,1.06,4.76,4.76,-6.25,3.77,2,1,0,0,0,0,1,,,,,,🔴,TÍCH LŨY,PULL XẤU,OBV gãy | RSI yếu | Slope âm | Pull xấu,🔴,,,,🔴 Yếu,,False
2026-08-21,IJC,⚠️ YẾU DẦN,3,7290.0,-1.88,-1.75,41.78,🟠 HẠN CHẾ / GIẢM,OBV xấu + Thiếu mẫu xác nhận,2026-08-21T19:16:28+07:00,2.27,7361.32,7353.5,0.11,-1.86,-0.97,-40208684.0,-39347047.0,2899716.0,2349251.0,,0.8,1.15,8.97,8.97,-10.98,1.53,3,0,0,0,1,0,2,,,,,,🔴,MUA EARLY,PULL XẤU,OBV gãy | RSI yếu | Giá dưới EMA9 | Pull xấu,🟡,,,,🟡 Ổn định,,True
2026-08-21,LPB,⚠️ YẾU DẦN,3,50000.0,-4.58,-5.48,40.34,🟠 HẠN CHẾ / GIẢM,OBV xấu + Xu hướng giảm + Thiếu mẫu xác nhận,2026-08-21T19:16:28+07:00,1.0,51169.67,52340.0,-2.24,-0.91,-2.29,157648800.0,162242324.0,3868700.0,3161985.0,,1.04,0.94,0.0,9.89,-10.71,0.4,2,0,0,0,0,0,2,,,,,,🔴,TÍCH LŨY,PULL XẤU,OBV gãy | RSI yếu | Giá dưới EMA9 | Slope âm | Pull xấu,🔴,,,,🔴 Yếu,,True
2026-08-21,MSH,⚠️ YẾU DẦN,3,30200.0,-0.98,-2.11,38.75,🟠 HẠN CHẾ / GIẢM,OBV xấu + Thiếu mẫu xác nhận,2026-08-21T19:16:28+07:00,4.79,30407.11,30695.0,-0.94,-0.52,-0.68,11699851.0,11881915.0,161851.0,114543.0,,1.45,1.02,0.67,0.67,-5.63,-0.49,-2,0,0,0,0,0,-2,,,,,,🔴,THEO DÕI,PULL XẤU,OBV gãy | RSI yếu | Giá dưới EMA9 | Slope âm | Pull xấu,🔴,,,,🔴 Yếu,,True
2026-08-21,NHA,⚠️ YẾU DẦN,3,7950.0,-3.87,-3.52,38.93,🟠 HẠN CHẾ / GIẢM,OBV xấu + Xu hướng giảm + Thiếu mẫu xác nhận,2026-08-21T19:16:28+07:00,-0.24,8072.86,8130.9,-0.71,-1.91,-1.52,6653463.0,6735747.0,129963.0,105893.0,,1.19,1.12,4.61,4.61,-6.36,1.66,2,0,0,0,0,0,2,,,,,,🔴,TÍCH LŨY,PULL XẤU,OBV gãy | RSI yếu | RSI chững | Giá dưới EMA9 | Slope âm | Pull xấu,🔴,,,,🔴 Yếu,,True
2026-08-21,PTB,⚠️ YẾU DẦN,3,32000.0,-3.61,-4.48,36.64,🟠 HẠN CHẾ / GIẢM,OBV xấu + Vol chưa xác nhận + Xu hướng giảm,2026-08-21T19:16:28+07:00,0.32,32537.47,33052.5,-1.56,-1.35,-1.65,-887900.0,-776752.0,168312.0,56786.0,,1.41,1.15,0.95,0.95,-7.65,2.24,2,0,0,0,0,0,2,,,,,,🔴,TÍCH LŨY,PULL XẤU,OBV gãy | RSI yếu | Giá dưới EMA9 | Slope âm | Pull xấu,🔴,,,,🔴 Yếu,,True
2026-08-21,HUT,⛔ RẤT YẾU,4,12900.0,-1.53,-3.73,17.92,🔴 TRÁNH / BÁN,OBV xấu + RSI yếu + Xu hướng giảm,2026-08-21T19:16:28+07:00,-3.21,13198.35,13795.0,-4.33,0.05,-2.26,25501400.0,26801122.0,920800.0,2069310.0,,0.57,0.61,0.0,0.0,-13.42,0.78,0,0,0,0,0,0,0,,,,,,🔴,THEO DÕI,PULL XẤU,OBV gãy | RSI yếu | RSI chững | Giá dưới EMA9 | Slope âm | Pull xấu,🔴,,,,🔴 Yếu,,False
2026-08-21,NTL,⛔ RẤT YẾU,4,12550.0,-6.34,-7.72,18.11,🔴 TRÁNH / BÁN,OBV xấu + RSI yếu + Xu hướng giảm,2026-08-21T19:16:28+07:00,-5.6,13038.32,13502.5,-3.44,-1.6,-3.75,67055300.0,68431973.0,926000.0,507240.0,,2.12,1.28,0.8,0.8,-13.45,1.62,2,0,0,0,0,0,2,,,,,,🔴,TÍCH LŨY,PULL XẤU,OBV gãy | RSI yếu | RSI chững | Giá dưới EMA9 | Slope âm | Pull xấu,🔴,,,,🔴 Yếu,,True
2026-08-24,ACB,🌱 ĐANG HỒI,0,22500.0,2.97,-0.66,52.43,🟢 MUA / GIỮ,OBV tốt + Vị trí giá tốt + RSI cải thiện,2026-08-24T19:25:57+07:00,11.25,22260.13,22297.5,-0.17,0.78,1.08,-14654700.0,-18113355.0,6381200.0,10179135.0,,0.77,0.87,3.93,4.02,-1.32,-1.1,4,1,0,1,0,1,1,,,,,,🟢,MUA EARLY,PULL XẤU,RSI yếu | Slope âm | Pull xấu,🟡,,,,🔴 Yếu,,True
2026-08-24,ACV,🌱 ĐANG HỒI,0,42100.0,3.69,-0.47,58.53,🟢 MUA / GIỮ,OBV tốt + RSI cải thiện + Vị trí giá tốt,2026-08-24T19:25:57+07:00,8.94,41170.68,40440.0,1.81,-0.06,2.26,-60204400.0,-61273224.0,831900.0,516825.0,,0.57,0.88,8.79,9.64,-1.64,1.69,9,2,1,2,1,1,2,,,,,,🟢,CP MẠNH,PULL XẤU,Pull xấu,🟡,🟢 GREEN 2,,,🟡 Ổn định,,False
2026-08-24,AGR,🌱 ĐANG HỒI,0,13300.0,3.1,-0.75,49.52,🟢 MUA / GIỮ,OBV tốt + Vị trí giá tốt + RSI cải thiện,2026-08-24T19:25:57+07:00,11.39,13060.16,13055.0,0.04,0.66,1.84,22758100.0,22616211.0,244300.0,286860.0,,0.81,0.91,4.72,8.57,-2.56,-1.48,5,2,0,1,1,1,0,,,,,,🟢,MUA EARLY,PULL XẤU,RSI yếu | Pull xấu,🟡,,,,🟡 Ổn định,,True
2026-08-24,BAF,🌱 ĐANG HỒI,0,32700.0,2.99,6.51,78.47,🟢 MUA / GIỮ,OBV tốt + Vị trí giá tốt + Xu hướng lên,2026-08-24T19:25:57+07:00,5.61,31965.67,31130.0,2.68,-0.11,2.3,113562771.0,105406575.0,3490771.0,2182359.0,,1.14,1.03,12.76,13.74,0.62,0.46,10,2,2,2,1,1,2,,,,,,🟢,GÀ TĂNG TỐC,PULL XẤU,Pull xấu,🟡,,,,🟢 Tăng tốc,,True
2026-08-24,BID,🌱 ĐANG HỒI,0,36900.0,2.79,-0.19,57.19,🟢 MUA / GIỮ,OBV tốt + RSI cải thiện + Vị trí giá tốt,2026-08-24T19:25:57+07:00,10.3,36281.91,35757.0,1.47,-0.48,1.7,152584300.0,149059253.0,3922800.0,4160575.0,,0.67,0.84,12.33,13.61,-1.18,-1.86,6,2,1,1,1,1,0,,,,,,🟢,PULL VỪA,PULL VỪA,,🟢,,,,🟡 Ổn định,,True
2026-08-24,BSR,🌱 ĐANG HỒI,0,27400.0,5.38,3.01,60.54,🟢 MUA / GIỮ,OBV tốt + RSI cải thiện + Vị trí giá tốt,2026-08-24T19:25:57+07:00,3.42,26640.77,25831.0,3.13,-0.45,2.85,684744800.0,668636576.0,14135900.0,9671435.0,,1.11,1.07,14.26,20.49,-0.9,1.48,9,2,1,2,1,1,2,,,,,,🟢,GÀ TĂNG TỐC,PULL XẤU,Pull xấu,🟡,,,,🟢 Tăng tốc,,True
2026-08-24,CEO,🌱 ĐANG HỒI,0,13300.0,9.92,9.02,61.46,🟢 MUA / GIỮ,OBV tốt + RSI cải thiện + Xu hướng lên,2026-08-24T19:25:57+07:00,22.01,12271.63,11935.0,2.82,1.46,8.38,330239600.0,308006343.0,20632800.0,6438285.0,,0.91,0.96,19.82,23.15,4.72,5.56,11,2,1,2,2,2,2,,,,,,🟢,GÀ TĂNG TỐC,PULL XẤU,Pull xấu,🟡,🟢 GREEN 2,,,🟢 Tăng tốc,,False
2026-08-24,CII,🌱 ĐANG HỒI,0,15000.0,1.69,5.26,55.51,🟢 MUA / GIỮ,OBV tốt + RSI cải thiện + Xu hướng lên,2026-08-24T19:25:57+07:00,6.07,14447.12,13990.0,3.27,0.33,3.83,639892171.0,612895722.0,20732867.0,9140648.0,,1.24,1.05,16.73,18.58,-0.33,1.01,10,2,1,2,2,1,2,,,,,,🟢,GÀ TĂNG TỐC,PULL XẤU,Pull xấu,🟡,🟢 GREEN 2,✅ EARLY GREEN2,,🟢 Tăng tốc,,True
2026-08-24,CMG,🌱 ĐANG HỒI,0,24550.0,2.08,-1.01,47.37,🟢 MUA / GIỮ,OBV tốt + Vị trí giá tốt + Vol xác nhận,2026-08-24T19:25:57+07:00,13.95,24261.55,24457.5,-0.8,0.2,1.19,-7505700.0,-7687004.0,139600.0,158690.0,,0.6,0.79,4.03,4.03,-4.66,-0.2,4,1,0,2,0,1,0,,,,,,🟢,MUA EARLY,PULL XẤU,RSI yếu | Slope âm | Pull xấu,🟡,,,,🔴 Yếu,,True
2026-08-24,CSV,🌱 ĐANG HỒI,0,21750.0,2.84,-2.68,48.6,🟢 MUA / GIỮ,OBV tốt + Vị trí giá tốt + RSI cải thiện,2026-08-24T19:25:57+07:00,7.34,21539.45,21570.0,-0.14,-0.32,0.98,-3266121.0,-3635526.0,452679.0,324334.0,,0.64,0.74,6.88,8.75,-3.76,0.0,4,1,0,2,0,1,0,,,,,,🟢,MUA EARLY,PULL XẤU,RSI yếu | Slope âm | Pull xấu,🟡,,,,🔴 Yếu,,True
2026-08-24,CTD,🌱 ĐANG HỒI,0,63200.0,2.76,1.28,52.28,🟢 MUA / GIỮ,OBV tốt + Vị trí giá tốt + RSI cải thiện,2026-08-24T19:25:57+07:00,6.99,62207.89,61685.0,0.85,-1.16,1.59,10812900.0,10471342.0,259400.0,332325.0,,0.69,0.71,10.1,14.7,-2.77,0.64,6,2,0,2,1,1,0,,,,,,🟢,MUA EARLY,PULL XẤU,RSI yếu | Pull xấu,🟡,,✅ EARLY GREEN2,🌱 EARLY DRY GREEN2,🟡 Ổn định,,True
2026-08-24,CTR,🌱 ĐANG HỒI,0,76400.0,-0.52,-0.91,57.48,🟢 MUA / GIỮ,OBV tốt + Vị trí giá tốt + RSI cải thiện,2026-08-24T19:25:57+07:00,-1.61,76407.46,74990.0,1.89,-1.16,-0.01,-5679300.0,-6150673.0,252000.0,336105.0,,0.97,0.89,10.72,15.06,-3.17,-1.93,4,0,1,1,1,0,1,,,,,,🟢,PULL VỪA,PULL VỪA,RSI chững | Giá dưới EMA9,🟡,,,,🟡 Ổn định,,True
2026-08-24,DCM,🌱 ĐANG HỒI,0,31450.0,2.95,-1.26,50.95,🟢 MUA / GIỮ,OBV tốt + Vị trí giá tốt + RSI cải thiện,2026-08-24T19:25:57+07:00,8.72,31094.87,31025.0,0.23,-0.03,1.14,73447561.0,66689829.0,3821161.0,2192438.0,,1.06,1.05,3.8,8.82,-2.93,-0.94,4,2,0,2,1,1,-2,,,,,,🟢,MUA EARLY,PULL XẤU,RSI yếu | Pull xấu,🟡,,,,🟡 Ổn định,,True
2026-08-24,DGC,🌱 ĐANG HỒI,0,43900.0,6.55,0.69,56.16,🟢 MUA / GIỮ,OBV tốt + RSI cải thiện + Vol xác nhận,2026-08-24T19:25:57+07:00,11.87,42542.18,41552.5,2.38,-1.22,3.19,-121239100.0,-121990253.0,482400.0,521110.0,,0.69,0.71,19.46,21.94,-4.15,-1.35,7,2,1,2,1,1,0,,,,,,🟢,MUA EARLY,PULL XẤU,Pull xấu,🟡,,,,🟢 Tăng tốc,,True
2026-08-24,DGW,🌱 ĐANG HỒI,0,42800.0,3.63,6.2,64.49,🟢 MUA / GIỮ,OBV tốt + Vị trí giá tốt + Vol xác nhận,2026-08-24T19:25:57+07:00,-0.32,41989.27,39940.0,5.13,-1.59,1.93,64742100.0,63451796.0,1727000.0,1383805.0,,0.98,1.12,26.07,29.11,-2.39,-0.81,5,2,1,1,1,2,-2,,,,,,🟢,PULL VỪA,PULL VỪA,RSI chững,🟡,,,,🟢 Tăng tốc,,True
2026-08-24,DIG,🌱 ĐANG HỒI,0,11250.0,2.74,2.27,54.61,🟢 MUA / GIỮ,OBV tốt + RSI cải thiện + Vị trí giá tốt,2026-08-24T19:25:57+07:00,15.55,10802.18,10630.5,1.61,0.21,4.15,204109600.0,190616428.0,10927400.0,8218010.0,,0.72,0.75,12.95,16.1,0.45,0.9,8,2,0,2,1,1,2,,,,,,🟢,MUA EARLY,PULL XẤU,RSI yếu | Pull xấu,🟡,,✅ EARLY GREEN2,,🟡 Ổn định,,True
2026-08-24,DPG,🌱 ĐANG HỒI,0,30500.0,1.16,0.83,49.94,🟢 MUA / GIỮ,OBV tốt + Vị trí giá tốt + RSI cải thiện,2026-08-24T19:25:57+07:00,4.96,30044.92,29640.0,1.37,-1.96,1.51,22453300.0,22057627.0,627500.0,408200.0,,0.9,0.87,13.17,17.08,-5.13,1.33,8,2,0,2,1,1,2,,,,,,🟢,MUA EARLY,PULL XẤU,RSI yếu | Pull xấu,🟡,,✅ EARLY GREEN2,,🟡 Ổn định,,True
2026-08-24,DPM,🌱 ĐANG HỒI,0,22300.0,3.72,-0.45,55.86,🟢 MUA / GIỮ,OBV tốt + RSI cải thiện + Vị trí giá tốt,2026-08-24T19:25:57+07:00,9.32,21950.81,21900.5,0.23,0.11,1.59,84548500.0,79484268.0,3422100.0,2599365.0,,0.72,0.88,5.14,7.99,-2.62,-0.45,5,2,1,2,1,1,-2,,,,,,🟢,PULL VỪA,PULL VỪA,,🟡,,,,🟡 Ổn định,,True
2026-08-24,DRI,🌱 ĐANG HỒI,0,14100.0,5.22,6.82,64.48,🟢 MUA / GIỮ,OBV tốt + RSI cải thiện + Vị trí giá tốt,2026-08-24T19:25:57+07:00,9.71,13694.49,13315.0,2.85,0.81,2.96,40703200.0,39596756.0,406900.0,531455.0,,1.19,1.21,11.02,12.8,-1.4,-3.42,9,2,1,1,2,2,1,,,,,,🟢,GÀ TĂNG TỐC,PULL XẤU,Pull xấu,🟡,,,,🟢 Tăng tốc,,False
2026-08-24,DXG,🌱 ĐANG HỒI,0,11800.0,2.61,6.79,58.38,🟢 MUA / GIỮ,OBV tốt + RSI cải thiện + Xu hướng lên,2026-08-24T19:25:57+07:00,12.48,11266.81,10947.5,2.92,0.08,4.73,603931804.0,578339361.0,23483400.0,10477720.0,,0.74,0.96,15.12,18.36,1.72,1.72,10,2,1,2,2,1,2,,,,,,🟢,GÀ TĂNG TỐC,PULL XẤU,Pull xấu,🟡,🟢 GREEN 2,,,🟢 Tăng tốc,,True
2026-08-24,DXS,🌱 ĐANG HỒI,0,6350.0,5.66,7.26,56.95,🟢 MUA / GIỮ,OBV tốt + RSI cải thiện + Xu hướng lên,2026-08-24T19:25:57+07:00,16.88,5987.97,5905.5,1.4,0.55,6.05,57335200.0,51804491.0,4753100.0,1932750.0,,0.72,0.93,12.19,13.19,2.42,5.83,10,2,1,2,1,2,2,,,,,,🟢,MUA BREAK,PULL XẤU,Pull xấu,🟡,🟢 GREEN 2,,,🟡 Ổn định,,True
2026-08-24,EVF,🌱 ĐANG HỒI,0,12650.0,2.02,1.2,53.2,🟢 MUA / GIỮ,OBV tốt + Vol xác nhận + Vị trí giá tốt,2026-08-24T19:25:57+07:00,7.47,12490.74,12400.0,0.73,0.08,1.28,156630400.0,154137200.0,1271500.0,1288215.0,,0.84,1.04,7.2,7.2,-2.69,-0.78,6,2,0,2,1,1,0,,,,,,🟢,MUA EARLY,PULL XẤU,RSI yếu | Pull xấu,🟡,,,,🟡 Ổn định,,True
2026-08-24,FCN,🌱 ĐANG HỒI,0,11500.0,1.77,4.55,60.19,🟢 MUA / GIỮ,OBV tốt + RSI cải thiện + Vị trí giá tốt,2026-08-24T19:25:57+07:00,10.21,11234.72,11015.0,1.99,-0.21,2.36,38258121.0,37668643.0,414321.0,476496.0,,0.81,0.99,10.58,10.58,0.0,2.68,8,2,1,2,1,1,1,,,,,,🟢,CP MẠNH,PULL XẤU,Pull xấu,🟡,,,,🟡 Ổn định,,True
2026-08-24,FPT,🌱 ĐANG HỒI,0,71400.0,3.78,-0.56,57.75,🟢 MUA / GIỮ,OBV tốt + RSI cải thiện + Vị trí giá tốt,2026-08-24T19:25:57+07:00,8.9,70206.04,69419.95,1.13,-0.38,1.7,-419210800.0,-420977647.0,4611900.0,5994620.0,,0.7,0.86,13.33,14.79,-2.59,-1.52,7,2,1,1,1,1,1,,,,,,🟢,PULL VỪA,PULL VỪA,,🟢,,,,🟡 Ổn định,,True
2026-08-24,FRT,🌱 ĐANG HỒI,0,147500.0,0.34,7.66,68.52,🟢 MUA / GIỮ,OBV tốt + Vị trí giá tốt + RSI cải thiện,2026-08-24T19:25:57+07:00,2.64,143543.52,135740.0,5.75,-3.07,2.76,3303649.0,3022560.0,462149.0,702367.0,,0.83,1.04,36.95,40.48,-2.64,3.15,8,2,2,2,1,1,0,,,,,,🟢,MUA EARLY,PULL XẤU,Pull xấu,🟡,,,,🟢 Tăng tốc,,True
2026-08-24,FTS,🌱 ĐANG HỒI,0,22650.0,4.86,1.8,50.68,🟢 MUA / GIỮ,OBV tốt + Vol xác nhận + Vị trí giá tốt,2026-08-24T19:25:57+07:00,10.13,22163.01,21892.5,1.24,0.79,2.2,18410800.0,17972177.0,936300.0,946695.0,,0.69,0.93,9.95,12.69,-2.79,-3.62,5,2,0,1,1,1,0,,,,,,🟢,MUA EARLY,PULL XẤU,RSI yếu | Pull xấu,🟡,,,,🟡 Ổn định,,True
2026-08-24,GAS,🌱 ĐANG HỒI,0,85000.0,7.46,6.52,66.83,🟢 MUA / GIỮ,OBV tốt + Xu hướng lên + Vị trí giá tốt,2026-08-24T19:25:57+07:00,1.68,81442.85,75885.0,7.32,-0.27,4.37,47529400.0,43810081.0,2691300.0,1516150.0,,1.29,1.28,26.87,31.99,0.47,1.43,11,2,2,2,1,2,2,,,,,,🟢,GÀ TĂNG TỐC,PULL XẤU,Pull xấu,🟡,,,,🟢 Tăng tốc,,True
2026-08-24,GEG,🌱 ĐANG HỒI,0,12750.0,2.82,4.08,60.62,🟢 MUA / GIỮ,OBV tốt + RSI cải thiện + Vị trí giá tốt,2026-08-24T19:25:57+07:00,14.75,12487.2,12290.0,1.6,0.48,2.1,24133200.0,23852422.0,118200.0,187885.0,,0.67,0.88,6.25,8.97,0.0,-0.39,8,2,1,2,1,1,1,,,,,,🟢,CP MẠNH,PULL XẤU,Pull xấu,🟡,,,,🟡 Ổn định,,True
2026-08-24,GEX,🌱 ĐANG HỒI,0,26250.0,6.92,0.57,56.97,🟢 MUA / GIỮ,OBV tốt + RSI cải thiện + Vol xác nhận,2026-08-24T19:25:57+07:00,9.5,25303.59,24405.0,3.68,-0.77,3.74,538399900.0,532710835.0,12246877.0,12457484.0,,0.7,0.91,26.81,29.31,-2.23,-2.05,6,2,1,1,1,1,0,,,,,,🟢,MUA EARLY,PULL XẤU,Pull xấu,🟡,,,,🟢 Tăng tốc,,True
2026-08-24,GVR,🌱 ĐANG HỒI,0,32200.0,2.71,1.26,60.14,🟢 MUA / GIỮ,OBV tốt + Vị trí giá tốt + RSI cải thiện,2026-08-24T19:25:57+07:00,2.06,31560.24,30035.0,5.08,-1.62,2.03,259872300.0,254593536.0,3394700.0,2438620.0,,0.88,1.34,22.2,23.85,-2.13,-0.31,5,2,1,2,1,1,-2,,,,,,🟢,MUA EARLY,PULL XẤU,Pull xấu,🟡,,,,🟢 Tăng tốc,,True
2026-08-24,HAG,🌱 ĐANG HỒI,0,14250.0,1.06,1.06,51.53,🟢 MUA / GIỮ,OBV tốt + Vị trí giá tốt + RSI cải thiện,2026-08-24T19:25:57+07:00,12.03,14123.36,14090.0,0.24,0.03,0.9,391166400.0,388818352.0,1271900.0,1804180.0,,0.71,0.9,1.79,4.01,-1.72,0.35,6,2,0,2,1,1,0,,,,,,🟢,MUA EARLY,PULL XẤU,RSI yếu | Pull xấu,🟡,,✅ EARLY GREEN2,🌱 EARLY DRY GREEN2,🟡 Ổn định,,True
2026-08-24,HAH,🌱 ĐANG HỒI,0,48350.0,5.57,4.2,61.89,🟢 MUA / GIỮ,OBV tốt + Vol xác nhận + RSI cải thiện,2026-08-24T19:25:57+07:00,4.14,47239.66,46160.0,2.34,0.74,2.35,22273300.0,21426030.0,663500.0,696795.0,,1.55,1.31,10.14,10.14,-0.62,-0.31,7,2,1,1,2,1,0,,,,,,🟢,MUA EARLY,PULL XẤU,Pull xấu,🟡,,,,🟢 Tăng tốc,,True
2026-08-24,HDB,🌱 ĐANG HỒI,0,27400.0,2.05,1.67,60.41,🟢 MUA / GIỮ,OBV tốt + RSI cải thiện + Vị trí giá tốt,2026-08-24T19:25:57+07:00,7.64,26960.87,26505.0,1.72,0.09,1.63,966832400.0,942082631.0,14298600.0,9901485.0,,0.94,0.99,9.16,10.04,-0.72,-0.9,5,2,1,2,1,1,-2,,,,,,🟢,PULL VỪA,PULL VỪA,,🟡,,,,🟡 Ổn định,,True
2026-08-24,HDC,🌱 ĐANG HỒI,0,12600.0,5.44,5.44,55.36,🟢 MUA / GIỮ,OBV tốt + RSI cải thiện + Xu hướng lên,2026-08-24T19:25:57+07:00,17.6,11978.75,11767.5,1.8,1.05,5.19,162274000.0,159386988.0,2327700.0,1168770.0,,0.76,0.86,13.0,15.6,2.86,2.44,10,2,1,2,1,2,2,,,,,,🟢,MUA BREAK,PULL XẤU,Pull xấu,🟡,🟢 GREEN 2,✅ EARLY GREEN2,,🟡 Ổn định,,True
2026-08-24,HHS,🌱 ĐANG HỒI,0,11050.0,11.62,8.33,63.58,🟢 MUA / GIỮ,OBV tốt + RSI cải thiện + RS mạnh,2026-08-24T19:25:57+07:00,18.23,10199.75,9957.0,2.44,2.1,8.34,163087034.0,158251971.0,4607134.0,1156527.0,,1.03,0.97,17.55,17.55,5.74,5.74,11,2,1,2,2,2,2,,,,,,🟢,GÀ TĂNG TỐC,PULL XẤU,Pull xấu,🟡,🟢 GREEN 2,,,🟢 Tăng tốc,,True
2026-08-24,HHV,🌱 ĐANG HỒI,0,10150.0,1.0,-0.98,49.61,🟢 MUA / GIỮ,OBV tốt + Vị trí giá tốt + RSI cải thiện,2026-08-24T19:25:57+07:00,10.31,10071.79,10064.5,0.07,-0.01,0.78,169385300.0,168563865.0,3715200.0,2618775.0,,0.82,1.09,3.36,3.57,-3.33,-0.49,2,2,0,1,1,0,-2,,,,,,🟢,TÍCH LŨY,PULL XẤU,RSI yếu | Pull xấu,🔴,,,,🟡 Ổn định,,True
2026-08-24,HPG,🌱 ĐANG HỒI,0,22250.0,4.95,0.68,56.28,🟢 MUA / GIỮ,OBV tốt + RSI cải thiện + Vị trí giá tốt,2026-08-24T19:25:57+07:00,15.96,21618.36,21720.0,-0.47,-0.01,2.92,337865909.0,318249663.0,29188985.0,23054619.0,,0.8,0.84,5.95,9.34,-1.77,1.14,7,1,1,2,0,1,2,,,,,,🟢,MUA EARLY,PULL XẤU,Slope âm | Pull xấu,🟡,🟢 GREEN 2,✅ EARLY GREEN2,🌱 EARLY DRY GREEN2,🔴 Yếu,,True
2026-08-24,IJC,🌱 ĐANG HỒI,0,7490.0,1.22,-5.55,47.8,🟢 MUA / GIỮ,OBV tốt + Vị trí giá tốt + RSI cải thiện,2026-08-24T19:25:57+07:00,9.46,7387.06,7393.5,-0.09,-1.24,1.39,-38423700.0,-39162508.0,1785800.0,2283395.0,,0.65,1.12,7.31,11.96,-8.54,1.22,4,1,0,2,0,1,0,,,,,,🟢,MUA EARLY,PULL XẤU,RSI yếu | Slope âm | Pull xấu,🟡,,✅ EARLY GREEN2,🌱 EARLY DRY GREEN2,🔴 Yếu,,True
2026-08-24,MBB,🌱 ĐANG HỒI,0,20750.0,4.27,2.72,63.14,🟢 MUA / GIỮ,OBV tốt + Vị trí giá tốt + RSI cải thiện,2026-08-24T19:25:57+07:00,10.49,20313.93,19888.5,2.14,-0.19,2.15,928766816.0,919994187.0,11070400.0,12965820.0,,0.71,0.96,12.71,15.09,-0.48,-1.43,6,2,1,1,1,1,0,,,,,,🟢,MUA EARLY,PULL XẤU,Pull xấu,🟡,,,,🟢 Tăng tốc,,True
2026-08-24,MCH,🌱 ĐANG HỒI,0,139700.0,2.05,2.72,62.23,🟢 MUA / GIỮ,OBV tốt + Vị trí giá tốt + RSI cải thiện,2026-08-24T19:25:57+07:00,8.62,137733.39,136923.0,0.59,0.48,1.43,12532700.0,11675762.0,278700.0,431445.0,,0.81,0.69,3.56,12.07,-1.27,-0.43,8,2,1,2,1,1,1,,,,,,🟢,PULL VỪA,PULL VỪA,,🟢,,,,🟡 Ổn định,,True
2026-08-24,MML,🌱 ĐANG HỒI,0,28800.0,2.13,2.13,56.3,🟢 MUA / GIỮ,OBV tốt + Vol xác nhận + RSI cải thiện,2026-08-24T19:25:57+07:00,8.34,28301.17,28240.0,0.22,-0.36,1.76,-1443200.0,-1480598.0,26300.0,25315.0,,0.68,0.72,5.88,8.68,-2.7,-0.35,7,2,1,2,1,1,0,,,,,,🟢,PULL VỪA,PULL VỪA,,🟢,,,,🟡 Ổn định,,False
2026-08-24,MSN,🌱 ĐANG HỒI,0,70000.0,4.63,3.4,61.04,🟢 MUA / GIỮ,OBV tốt + RSI cải thiện + Vị trí giá tốt,2026-08-24T19:25:57+07:00,16.52,68113.51,67380.0,1.09,0.67,2.77,123527718.0,112077956.0,5366018.0,4198686.0,,1.14,1.05,6.54,9.55,-0.28,-0.99,5,2,1,2,1,1,-2,,,,,,🟢,MUA EARLY,PULL XẤU,Pull xấu,🟡,,,,🟡 Ổn định,,True
2026-08-24,MSR,🌱 ĐANG HỒI,0,44300.0,4.48,11.03,75.56,🟢 MUA / GIỮ,OBV tốt + Xu hướng lên + Vị trí giá tốt,2026-08-24T19:25:57+07:00,3.74,42196.04,39725.0,6.22,-0.29,4.99,25307300.0,20536138.0,2155000.0,1516195.0,,1.43,1.13,24.09,34.65,1.14,2.78,11,2,2,2,1,2,2,,,,,,🟢,GÀ TĂNG TỐC,PULL XẤU,Pull xấu,🟡,🟢 GREEN 2,,,🟢 Tăng tốc,,False
2026-08-24,MWG,🌱 ĐANG HỒI,0,75100.0,2.18,2.88,57.62,🟢 MUA / GIỮ,OBV tốt + RSI cải thiện + Vị trí giá tốt,2026-08-24T19:25:57+07:00,8.85,73476.11,71845.0,2.27,-0.38,2.21,251224700.0,245575696.0,2470100.0,3906010.0,,0.64,0.72,16.98,20.49,0.0,-0.53,8,2,1,2,1,1,1,,,,,,🟢,GÀ TĂNG TỐC,PULL XẤU,Pull xấu,🟡,,,,🟢 Tăng tốc,,True
2026-08-24,NKG,🌱 ĐANG HỒI,0,11200.0,3.7,0.0,54.06,🟢 MUA / GIỮ,OBV tốt + RSI cải thiện + Vị trí giá tốt,2026-08-24T19:25:57+07:00,19.59,10889.46,10957.5,-0.62,-0.07,2.85,277728600.0,275971303.0,2103100.0,1683230.0,,0.61,0.97,6.16,7.69,-1.75,0.9,6,1,0,2,0,1,2,,,,,,🟢,MUA EARLY,PULL XẤU,RSI yếu | Slope âm | Pull xấu,🟡,,✅ EARLY GREEN2,🌱 EARLY DRY GREEN2,🔴 Yếu,,True
2026-08-24,NLG,🌱 ĐANG HỒI,0,24500.0,3.16,8.41,62.18,🟢 MUA / GIỮ,OBV tốt + RSI cải thiện + Xu hướng lên,2026-08-24T19:25:57+07:00,11.01,23469.07,22497.5,4.32,0.48,4.39,58409900.0,53519296.0,1845400.0,2496165.0,,0.88,0.82,18.93,22.5,1.03,1.87,9,2,1,2,2,2,0,,,,,,🟢,MUA EARLY,PULL XẤU,Pull xấu,🟡,,,,🟢 Tăng tốc,,True
2026-08-24,NTP,🌱 ĐANG HỒI,0,50800.0,-0.2,3.67,55.6,🟢 MUA / GIỮ,OBV tốt + RSI cải thiện + Vị trí giá tốt,2026-08-24T19:25:57+07:00,1.03,50651.37,49650.0,2.02,-0.34,0.29,10833500.0,10715050.0,131400.0,187065.0,,1.13,1.35,6.05,6.72,-6.62,-0.39,7,2,1,1,1,1,1,,,,,,🟢,GÀ TĂNG TỐC,PULL VỪA,,🟢,,,,🟢 Tăng tốc,,False
2026-08-24,NVL,🌱 ĐANG HỒI,0,13550.0,2.65,-2.52,57.82,🟢 MUA / GIỮ,OBV tốt + RSI cải thiện + Vị trí giá tốt,2026-08-24T19:25:57+07:00,11.85,13312.51,13340.0,-0.21,-0.38,1.78,618575604.0,613570080.0,12365000.0,16195060.0,,0.63,0.81,5.45,14.35,-4.91,0.0,5,1,1,2,0,1,0,,,,,,🟢,PULL VỪA,PULL VỪA,Slope âm,🟡,,,,🔴 Yếu,,True
2026-08-24,OCB,🌱 ĐANG HỒI,0,11000.0,0.46,2.8,60.68,🟢 MUA / GIỮ,OBV tốt + RSI cải thiện + Vị trí giá tốt,2026-08-24T19:25:57+07:00,4.49,10878.04,10617.5,2.45,-0.5,1.12,123949900.0,117630187.0,4837400.0,2518425.0,,0.62,1.18,10.0,10.0,-0.9,0.92,9,2,1,2,1,1,2,,,,,,🟢,GÀ TĂNG TỐC,PULL VỪA,,🟢,,,,🟢 Tăng tốc,,True
2026-08-24,OIL,🌱 ĐANG HỒI,0,13800.0,4.55,0.0,56.75,🟢 MUA / GIỮ,OBV tốt + RSI cải thiện + Vị trí giá tốt,2026-08-24T19:25:57+07:00,6.54,13445.22,13290.0,1.17,0.48,2.64,97223900.0,93199622.0,3559500.0,1264325.0,,0.97,1.0,6.98,8.66,-0.72,2.22,9,2,1,2,1,1,2,,,,,,🟢,CP MẠNH,PULL XẤU,Pull xấu,🟡,🟢 GREEN 2,✅ EARLY GREEN2,,🟡 Ổn định,,False
2026-08-24,ORS,🌱 ĐANG HỒI,0,14600.0,5.42,2.82,60.3,🟢 MUA / GIỮ,OBV tốt + RSI cải thiện + Vị trí giá tốt,2026-08-24T19:25:57+07:00,12.96,14114.07,14017.5,0.69,0.19,3.44,232616600.0,218884929.0,9349800.0,4565450.0,,0.83,1.0,11.45,15.42,-1.02,0.34,9,2,1,2,1,1,2,,,,,,🟢,CP MẠNH,PULL XẤU,Pull xấu,🟡,,,,🟡 Ổn định,,True
2026-08-24,PDR,🌱 ĐANG HỒI,0,12850.0,6.2,6.2,58.26,🟢 MUA / GIỮ,OBV tốt + RSI cải thiện + Xu hướng lên,2026-08-24T19:25:57+07:00,19.99,12189.11,11955.0,1.96,0.9,5.42,254162200.0,243356731.0,11219400.0,6983375.0,,0.82,0.85,12.23,15.25,3.21,4.47,10,2,1,2,1,2,2,,,,,,🟢,MUA BREAK,PULL XẤU,Pull xấu,🟡,🟢 GREEN 2,,,🟡 Ổn định,,True
2026-08-24,PET,🌱 ĐANG HỒI,0,39500.0,1.28,0.64,58.51,🟢 MUA / GIỮ,OBV tốt + RSI cải thiện + Vị trí giá tốt,2026-08-24T19:25:57+07:00,6.72,39059.29,38805.0,0.66,-0.88,1.13,69889186.0,69602900.0,242786.0,422809.0,,0.85,1.04,11.27,17.84,-5.73,0.13,7,2,1,2,1,1,0,,,,,,🟢,PULL VỪA,PULL VỪA,,🟢,,,,🟡 Ổn định,,True
2026-08-24,PLX,🌱 ĐANG HỒI,0,38050.0,7.18,1.47,63.18,🟢 MUA / GIỮ,OBV tốt + Vị trí giá tốt + Xu hướng lên,2026-08-24T19:25:57+07:00,-0.87,37155.63,35310.5,5.23,-0.2,2.41,76949900.0,68413844.0,5303300.0,3191390.0,,1.31,1.22,20.53,20.72,-2.56,-0.91,5,2,1,2,1,1,-2,,,,,,🟢,MUA EARLY,PULL XẤU,RSI chững | Pull xấu,🟡,,,,🟢 Tăng tốc,,True
2026-08-24,PNJ,🌱 ĐANG HỒI,0,42650.0,17.82,18.64,59.57,🟢 MUA / GIỮ,Xu hướng lên + OBV tốt + RSI cải thiện,2026-08-24T19:25:57+07:00,19.21,37911.88,35615.0,6.45,3.15,12.5,-59556600.0,-65368910.0,1143100.0,6478515.0,,0.6,0.52,37.58,38.7,6.89,0.0,9,2,1,2,2,2,0,,,,,,🟢,MUA EARLY,PULL XẤU,Pull xấu,🟡,,,,🟢 Tăng tốc,,True
2026-08-24,PVB,🌱 ĐANG HỒI,0,22300.0,3.24,4.69,54.85,🟢 MUA / GIỮ,OBV tốt + RSI cải thiện + Vị trí giá tốt,2026-08-24T19:25:57+07:00,4.86,21842.92,21395.0,2.09,0.18,2.09,1956000.0,1752768.0,130700.0,83650.0,,0.88,1.22,8.78,8.78,-5.11,0.0,7,2,0,2,2,1,0,,,,,,🟢,MUA EARLY,PULL XẤU,RSI yếu | Pull xấu,🟡,,,,🟢 Tăng tốc,,False
2026-08-24,PVC,🌱 ĐANG HỒI,0,12400.0,4.2,0.81,52.18,🟢 MUA / GIỮ,OBV tốt + RSI cải thiện + Vị trí giá tốt,2026-08-24T19:25:57+07:00,4.98,12146.29,12020.0,1.05,-0.1,2.09,61178000.0,60456226.0,871800.0,464360.0,,0.91,1.06,7.83,7.83,-2.36,3.33,8,2,0,2,1,1,2,,,,,,🟢,MUA EARLY,PULL XẤU,RSI yếu | Pull xấu,🟡,,✅ EARLY GREEN2,,🟡 Ổn định,,False
2026-08-24,PVD,🌱 ĐANG HỒI,0,19350.0,6.61,6.03,59.39,🟢 MUA / GIỮ,OBV tốt + RSI cải thiện + Vị trí giá tốt,2026-08-24T19:25:57+07:00,10.05,18560.82,18322.5,1.3,1.33,4.25,284484100.0,277020971.0,7193600.0,3046355.0,,0.86,0.98,9.01,10.57,1.84,2.38,10,2,1,2,1,2,2,,,,,,🟢,MUA BREAK,PULL XẤU,Pull xấu,🟡,🟢 GREEN 2,,,🟡 Ổn định,,True
2026-08-24,PVS,🌱 ĐANG HỒI,0,38000.0,10.14,8.57,64.48,🟢 MUA / GIỮ,OBV tốt + Xu hướng lên + RSI cải thiện,2026-08-24T19:25:57+07:00,10.11,36239.94,35050.0,3.39,1.7,4.86,139030000.0,131261429.0,4872300.0,2415180.0,,1.35,1.11,13.1,14.8,1.88,2.43,11,2,1,2,2,2,2,,,,,,🟢,GÀ TĂNG TỐC,PULL XẤU,Pull xấu,🟡,🟢 GREEN 2,,,🟢 Tăng tốc,,False
2026-08-24,PVT,🌱 ĐANG HỒI,0,20650.0,1.72,6.44,67.23,🟢 MUA / GIỮ,OBV tốt + Vol xác nhận + Vị trí giá tốt,2026-08-24T19:25:57+07:00,1.81,20151.94,19180.0,5.07,-1.39,2.47,25678500.0,17946915.0,4028300.0,4245185.0,,1.09,1.33,24.02,26.69,-1.67,0.24,9,2,2,2,1,1,1,,,,,,🟢,GÀ TĂNG TỐC,PULL XẤU,Pull xấu,🟡,,,,🟢 Tăng tốc,,True
2026-08-24,SAB,🌱 ĐANG HỒI,0,46100.0,0.77,-0.86,55.98,🟢 MUA / GIỮ,OBV tốt + Vị trí giá tốt + RSI cải thiện,2026-08-24T19:25:57+07:00,-0.81,46059.82,45155.0,2.0,-0.02,0.09,-6605669.0,-6749889.0,1312569.0,854043.0,,1.03,1.17,7.21,7.21,-2.33,-1.71,3,2,1,1,1,0,-2,,,,,,🟢,PULL VỪA,PULL VỪA,RSI chững,🟡,,,,🟢 Tăng tốc,,True
2026-08-24,SBT,🌱 ĐANG HỒI,0,24150.0,3.43,13.65,84.61,🟢 MUA / GIỮ,OBV tốt + Xu hướng lên + Vị trí giá tốt,2026-08-24T19:25:57+07:00,2.06,23335.66,22110.0,5.54,0.35,3.49,112950200.0,110090622.0,1290300.0,856425.0,,1.61,1.32,16.95,20.15,0.63,1.47,12,2,2,2,2,2,2,,,,,,🟢,GÀ TĂNG TỐC,PULL XẤU,Pull xấu,🟡,,,,🟢 Tăng tốc,,True
2026-08-24,SHB,🌱 ĐANG HỒI,0,12100.0,3.86,0.83,52.93,🟢 MUA / GIỮ,OBV tốt + Vol xác nhận + RSI cải thiện,2026-08-24T19:25:57+07:00,16.96,11796.01,11725.0,0.61,0.72,2.58,1578612564.0,1557227849.0,50586300.0,51615685.0,,0.91,0.96,8.04,8.04,-0.41,0.41,7,2,0,2,1,1,1,,,,,,🟢,MUA EARLY,PULL XẤU,RSI yếu | Pull xấu,🟡,,✅ EARLY GREEN2,,🟡 Ổn định,,True
2026-08-24,SSB,🌱 ĐANG HỒI,0,15500.0,1.97,1.64,54.25,🟢 MUA / GIỮ,OBV tốt + Vol xác nhận + Vị trí giá tốt,2026-08-24T19:25:57+07:00,13.76,15257.1,15310.0,-0.35,0.68,1.59,35616000.0,31738186.0,2272800.0,2151675.0,,1.05,1.01,2.99,8.39,-0.96,0.0,4,1,0,2,0,1,0,,,,,,🟢,MUA EARLY,PULL XẤU,RSI yếu | Slope âm | Pull xấu,🟡,,,,🔴 Yếu,,True
2026-08-24,SSI,🌱 ĐANG HỒI,0,21250.0,7.32,5.93,64.14,🟢 MUA / GIỮ,OBV tốt + RSI cải thiện + Xu hướng lên,2026-08-24T19:25:57+07:00,18.13,20104.34,19635.0,2.39,0.66,5.7,1035701988.0,994825416.0,32450300.0,21332095.0,,0.92,1.05,15.61,20.81,2.41,-0.7,7,2,1,2,2,2,-2,,,,,,🟢,MUA BREAK,PULL XẤU,Pull xấu,🟡,,,,🟢 Tăng tốc,,True
2026-08-24,TCB,🌱 ĐANG HỒI,0,31450.0,-1.1,0.32,54.77,🟢 MUA / GIỮ,OBV tốt + Vol xác nhận + Vị trí giá tốt,2026-08-24T19:25:57+07:00,3.11,31209.47,30430.0,2.56,-0.77,0.77,426171181.0,425277112.0,17408915.0,15198406.0,,0.68,1.13,10.74,11.33,-2.18,-0.63,4,2,0,1,1,0,0,,,,,,🟢,MUA EARLY,PULL XẤU,RSI yếu | Pull xấu,🟡,,,,🟢 Tăng tốc,,True
2026-08-24,TCH,🌱 ĐANG HỒI,0,13250.0,8.61,7.72,60.39,🟢 MUA / GIỮ,OBV tốt + RSI cải thiện + Xu hướng lên,2026-08-24T19:25:57+07:00,21.59,12224.71,11967.5,2.15,1.38,8.39,159704200.0,143987950.0,15298100.0,5575250.0,,0.95,0.97,18.3,20.45,5.16,5.16,11,2,1,2,2,2,2,,,,,,🟢,GÀ TĂNG TỐC,PULL XẤU,Pull xấu,🟡,🟢 GREEN 2,,,🟢 Tăng tốc,,True
2026-08-24,TCX,🌱 ĐANG HỒI,0,40800.0,4.08,2.0,52.36,🟢 MUA / GIỮ,OBV tốt + Vị trí giá tốt + RSI cải thiện,2026-08-24T19:25:57+07:00,8.59,40117.07,39920.0,0.49,0.53,1.7,20033358.0,19359928.0,2155142.0,1693047.0,,0.89,1.01,7.09,8.8,-1.45,-1.45,3,2,0,1,1,1,-2,,,,,,🟢,MUA EARLY,PULL XẤU,RSI yếu | Pull xấu,🟡,,,,🟡 Ổn định,,True
2026-08-24,TNG,🌱 ĐANG HỒI,0,17100.0,0.0,-0.58,51.44,🟢 MUA / GIỮ,OBV tốt + RSI cải thiện + Vol xác nhận,2026-08-24T19:25:57+07:00,4.88,16958.3,16963.5,-0.03,-0.89,0.84,34543700.0,34212156.0,413700.0,346195.0,,1.07,0.99,4.65,9.06,-4.68,0.0,3,1,0,2,0,0,0,,,,,,🟢,MUA EARLY,PULL XẤU,RSI yếu | Slope âm | Pull xấu,🟡,,,,🔴 Yếu,,False
2026-08-24,TVN,🌱 ĐANG HỒI,0,9800.0,1.03,5.38,53.68,🟢 MUA / GIỮ,OBV tốt + RSI cải thiện + Vol xác nhận,2026-08-24T19:25:57+07:00,2.85,9539.12,9220.0,3.46,-0.92,2.73,41595500.0,40575609.0,574000.0,689260.0,,0.93,1.35,16.67,18.07,-7.55,2.08,7,2,0,2,1,1,1,,,,,,🟢,MUA EARLY,PULL XẤU,RSI yếu | Pull xấu,🟡,,✅ EARLY GREEN2,,🟢 Tăng tốc,,False
2026-08-24,VCB,🌱 ĐANG HỒI,0,59200.0,1.72,-1.82,53.87,🟢 MUA / GIỮ,OBV tốt + Vol xác nhận + RSI cải thiện,2026-08-24T19:25:57+07:00,11.0,58631.43,58540.0,0.16,-0.93,0.97,125018000.0,121556869.0,4773600.0,4736710.0,,0.74,0.77,9.43,9.63,-2.95,-1.66,6,2,0,2,1,1,0,,,,,,🟢,MUA EARLY,PULL XẤU,RSI yếu | Pull xấu,🟡,,,,🟡 Ổn định,,True
2026-08-24,VCG,🌱 ĐANG HỒI,0,16149.0,2.21,1.25,51.59,🟢 MUA / GIỮ,OBV tốt + Vol xác nhận + Vị trí giá tốt,2026-08-24T19:25:57+07:00,14.06,15829.81,15734.9,0.6,0.12,2.02,238910100.0,236607886.0,2203400.0,2340455.0,,0.67,0.82,6.95,6.95,-2.72,0.0,6,2,0,2,1,1,0,,,,,,🟢,MUA EARLY,PULL XẤU,RSI yếu | Pull xấu,🟡,,,,🟡 Ổn định,,True
2026-08-24,VDS,🌱 ĐANG HỒI,0,12400.0,5.53,2.06,51.17,🟢 MUA / GIỮ,OBV tốt + Vol xác nhận + RSI cải thiện,2026-08-24T19:25:57+07:00,14.27,12006.72,11922.5,0.71,1.24,3.28,48404500.0,47454745.0,786500.0,820610.0,,0.8,0.9,8.3,10.71,-0.8,0.0,5,2,0,1,1,1,0,,,,,,🟢,MUA EARLY,PULL XẤU,RSI yếu | Pull xấu,🟡,,,,🟡 Ổn định,,True
2026-08-24,VGI,🌱 ĐANG HỒI,0,87600.0,4.53,-1.24,57.59,🟢 MUA / GIỮ,OBV tốt + RSI cải thiện + Vị trí giá tốt,2026-08-24T19:25:57+07:00,4.53,86205.44,83935.0,2.7,-0.35,1.62,-12477800.0,-12816642.0,344600.0,365225.0,,1.1,1.09,17.43,17.43,-4.78,-0.45,6,2,1,1,1,1,0,,,,,,🟢,PULL VỪA,PULL VỪA,,🟢,,,,🟢 Tăng tốc,,False
2026-08-24,VGS,🌱 ĐANG HỒI,0,18800.0,4.44,3.87,55.69,🟢 MUA / GIỮ,OBV tốt + RSI cải thiện + Vị trí giá tốt,2026-08-24T19:25:57+07:00,19.96,18140.91,17970.0,0.95,0.39,3.63,4956200.0,4750334.0,211600.0,106050.0,,0.79,0.92,8.67,10.59,-3.09,2.73,9,2,1,2,1,1,2,,,,,,🟢,CP MẠNH,PULL XẤU,Pull xấu,🟡,🟢 GREEN 2,✅ EARLY GREEN2,,🟡 Ổn định,,False
2026-08-24,VGT,🌱 ĐANG HỒI,0,11600.0,-0.85,3.48,59.43,🟢 MUA / GIỮ,OBV tốt + Vị trí giá tốt + RSI cải thiện,2026-08-24T19:25:57+07:00,1.25,11490.99,11126.5,3.28,-1.12,0.95,16934500.0,16779020.0,258300.0,390315.0,,1.07,1.36,12.29,12.29,-6.3,0.87,6,2,1,1,1,1,0,,,,,,🟢,PULL VỪA,PULL VỪA,,🟢,,,,🟢 Tăng tốc,,False
2026-08-24,VHM,🌱 ĐANG HỒI,0,73400.0,7.62,2.51,55.43,🟢 MUA / GIỮ,OBV tốt + RSI cải thiện + Vol xác nhận,2026-08-24T19:25:57+07:00,10.88,71115.2,71980.0,-1.2,-0.31,3.21,374232300.0,364818555.0,6124500.0,7021910.0,,0.64,0.94,11.3,15.68,-10.16,0.69,6,1,1,2,0,1,1,,,,,,🟢,MUA EARLY,PULL XẤU,Slope âm | Pull xấu,🟡,🟢 GREEN 2,✅ EARLY GREEN2,🌱 EARLY DRY GREEN2,🔴 Yếu,,True
2026-08-24,VIC,🌱 ĐANG HỒI,0,214500.0,8.33,2.88,54.35,🟢 MUA / GIỮ,OBV tốt + RSI cải thiện + RS mạnh,2026-08-24T19:25:57+07:00,15.9,206544.16,210620.0,-1.94,1.15,3.85,307876800.0,303049234.0,3586200.0,4945930.0,,1.0,1.07,8.33,11.72,-4.16,3.12,4,1,0,2,0,1,0,,,,,,🟢,MUA EARLY,PULL XẤU,RSI yếu | Slope âm | Pull xấu,🟡,,✅ EARLY GREEN2,,🔴 Yếu,,True
2026-08-24,VIX,🌱 ĐANG HỒI,0,13800.0,8.58,3.84,56.87,🟢 MUA / GIỮ,OBV tốt + RSI cải thiện + RS mạnh,2026-08-24T19:25:57+07:00,16.52,13106.6,12880.5,1.76,0.36,5.29,1561440107.0,1489337239.0,82821575.0,45554344.0,,0.69,0.93,18.76,23.32,-0.07,-1.43,5,2,1,2,1,1,-2,,,,,,🟢,MUA EARLY,PULL XẤU,Pull xấu,🟡,,,,🟡 Ổn định,,True
2026-08-24,VOS,🌱 ĐANG HỒI,0,11250.0,1.35,0.0,52.82,🟢 MUA / GIỮ,OBV tốt + Vị trí giá tốt + RSI cải thiện,2026-08-24T19:25:57+07:00,8.36,11099.36,11000.0,0.9,-0.41,1.36,25297800.0,25239765.0,528300.0,436320.0,,0.76,0.9,8.7,9.22,-3.02,-0.44,3,2,0,1,1,1,-2,,,,,,🟢,MUA EARLY,PULL XẤU,RSI yếu | Pull xấu,🟡,,,,🟡 Ổn định,,True
2026-08-24,VPB,🌱 ĐANG HỒI,0,26350.0,6.46,1.93,60.11,🟢 MUA / GIỮ,OBV tốt + RSI cải thiện + Vị trí giá tốt,2026-08-24T19:25:57+07:00,17.65,25420.06,25225.0,0.77,0.79,3.66,1317690592.0,1295633837.0,19279300.0,13588485.0,,0.98,0.96,8.21,8.21,1.35,0.96,9,2,1,2,1,1,2,,,,,,🟢,MUA BREAK,PULL XẤU,Pull xấu,🟡,🟢 GREEN 2,,,🟡 Ổn định,,True
2026-08-24,VPX,🌱 ĐANG HỒI,0,25600.0,3.02,-0.78,49.59,🟢 MUA / GIỮ,OBV tốt + Vị trí giá tốt + RSI cải thiện,2026-08-24T19:25:57+07:00,9.92,25205.9,25287.5,-0.32,0.65,1.56,6658700.0,6147003.0,849300.0,1011410.0,,0.64,0.85,6.0,6.0,-3.03,-1.16,4,1,0,2,0,1,0,,,,,,🟢,MUA EARLY,PULL XẤU,RSI yếu | Slope âm | Pull xấu,🟡,,,,🔴 Yếu,,True
2026-08-24,VRE,🌱 ĐANG HỒI,0,25300.0,3.69,-0.98,52.91,🟢 MUA / GIỮ,OBV tốt + RSI cải thiện + Vị trí giá tốt,2026-08-24T19:25:57+07:00,9.21,24772.52,24705.0,0.27,-1.08,2.13,431664600.0,428960585.0,4639000.0,6025735.0,,0.57,0.78,18.78,18.78,-5.6,-1.17,6,2,0,1,1,1,1,,,,,,🟢,MUA EARLY,PULL XẤU,RSI yếu | Pull xấu,🟡,,,,🟡 Ổn định,,True
2026-08-24,VSC,🌱 ĐANG HỒI,0,15350.0,5.86,1.66,54.61,🟢 MUA / GIỮ,OBV tốt + RSI cải thiện + Vị trí giá tốt,2026-08-24T19:25:57+07:00,9.54,14801.03,14435.0,2.54,0.08,3.71,319000400.0,292837708.0,17369200.0,11522460.0,,0.88,0.97,19.92,20.87,0.33,-1.6,5,2,0,2,2,1,-2,,,,,,🟢,MUA EARLY,PULL XẤU,RSI yếu | Pull xấu,🟡,,,,🟢 Tăng tốc,,True
2026-08-24,ANV,🟡 TRUNG TÍNH,1,17200.0,1.18,-1.99,43.75,👀 THEO DÕI,OBV tốt + Vị trí giá tốt + Vol xác nhận,2026-08-24T19:25:57+07:00,7.61,17112.91,17247.5,-0.78,-0.59,0.51,43873500.0,43631458.0,412500.0,525715.0,,0.72,1.03,2.99,6.51,-6.01,-0.86,5,1,0,2,0,1,1,,,,,,🟢,MUA EARLY,PULL XẤU,RSI yếu | Slope âm | Pull xấu,🟡,,,,🔴 Yếu,,True
2026-08-24,BFC,🟡 TRUNG TÍNH,1,48250.0,1.15,-2.72,46.33,👀 THEO DÕI,OBV tốt + Vị trí giá tốt + RSI cải thiện,2026-08-24T19:25:57+07:00,2.59,48099.2,48010.0,0.19,-0.2,0.31,29581500.0,29343640.0,79300.0,185495.0,,1.11,0.9,5.42,5.42,-3.5,-1.03,6,2,0,1,1,1,1,,,,,,🟢,MUA EARLY,PULL XẤU,RSI yếu | Pull xấu,🟡,,,,🟡 Ổn định,,True
2026-08-24,BSI,🟡 TRUNG TÍNH,1,29300.0,5.59,0.69,51.34,👀 THEO DÕI,RSI cải thiện + Vị trí giá tốt + RS mạnh,2026-08-24T19:25:57+07:00,13.44,28494.1,28195.0,1.06,0.88,2.83,21854218.0,22020814.0,576782.0,387874.0,,0.78,0.95,8.92,11.62,-2.98,-2.33,2,2,0,0,1,1,-2,,,,,,🔴,TÍCH LŨY,PULL XẤU,OBV gãy | RSI yếu | Pull xấu,🔴,,,,🟡 Ổn định,,True
2026-08-24,BVS,🟡 TRUNG TÍNH,1,26900.0,1.89,-2.89,48.05,👀 THEO DÕI,Vol xác nhận + Vị trí giá tốt + RSI cải thiện,2026-08-24T19:25:57+07:00,6.61,26665.51,26510.0,0.59,0.17,0.88,3069500.0,3328795.0,698000.0,771190.0,,0.56,0.8,7.17,10.7,-5.28,-2.18,4,2,0,0,1,1,0,,,,,,🔴,MUA EARLY,PULL XẤU,OBV gãy | RSI yếu | Pull xấu,🟡,,,,🟡 Ổn định,,False
2026-08-24,C4G,🟡 TRUNG TÍNH,1,5600.0,1.82,0.0,40.59,👀 THEO DÕI,OBV tốt + Vị trí giá tốt + Vol xác nhận,2026-08-24T19:25:57+07:00,6.57,5584.14,5610.0,-0.46,0.27,0.28,15218400.0,15158179.0,202200.0,275925.0,,0.64,1.08,1.82,1.82,-5.08,0.0,3,1,0,1,0,1,0,,,,,,🟢,MUA EARLY,PULL XẤU,RSI yếu | Slope âm | Pull xấu,🟡,,,,🔴 Yếu,,False
2026-08-24,DBC,🟡 TRUNG TÍNH,1,16600.0,3.11,-1.19,49.7,👀 THEO DÕI,OBV tốt + Vị trí giá tốt + RSI cải thiện,2026-08-24T19:25:57+07:00,16.31,16326.36,16404.95,-0.48,-0.08,1.68,11656857.0,7046180.0,5735957.0,1644758.0,,0.63,0.71,4.4,5.73,-2.92,-1.19,2,1,0,2,0,1,-2,,,,,,🟢,TÍCH LŨY,PULL XẤU,RSI yếu | Slope âm | Pull xấu,🔴,,,,🔴 Yếu,,True
2026-08-24,DPR,🟡 TRUNG TÍNH,1,37000.0,0.54,0.82,53.63,👀 THEO DÕI,Vị trí giá tốt + RSI cải thiện + Vol xác nhận,2026-08-24T19:25:57+07:00,9.53,36539.24,36180.0,0.99,0.29,1.26,24642000.0,24746675.0,252500.0,204405.0,,1.13,1.04,5.41,5.41,-0.67,-0.54,1,2,0,0,1,0,-2,,,,,,🔴,THEO DÕI,PULL XẤU,OBV gãy | RSI yếu | Pull xấu,🔴,,,,🟡 Ổn định,,True
2026-08-24,GIL,🟡 TRUNG TÍNH,1,8010.0,-3.61,-2.19,45.72,👀 THEO DÕI,OBV tốt + RSI cải thiện + Vị trí giá tốt,2026-08-24T19:25:57+07:00,5.29,8009.23,7731.45,3.59,-3.07,0.01,-4714300.0,-4807750.0,109000.0,246575.0,,0.36,0.91,21.55,22.29,-13.5,-0.12,6,2,0,2,1,0,1,,,,,,🟢,MUA EARLY,PULL XẤU,RSI yếu | Pull xấu,🟡,,,,🟢 Tăng tốc,,True
2026-08-24,GMD,🟡 TRUNG TÍNH,1,77500.0,-1.65,-0.9,52.51,👀 THEO DÕI,OBV tốt + Vị trí giá tốt,2026-08-24T19:25:57+07:00,-5.67,77779.17,77150.0,0.82,-1.5,-0.36,111177200.0,109603955.0,646100.0,1378550.0,,1.33,1.26,6.31,7.64,-5.49,-0.39,4,0,0,2,1,0,1,,,,,,🟢,MUA EARLY,PULL XẤU,RSI yếu | RSI chững | Giá dưới EMA9 | Pull xấu,🟡,,,,🟡 Ổn định,,True
2026-08-24,HCM,🟡 TRUNG TÍNH,1,26250.0,3.75,1.16,59.32,👀 THEO DÕI,RSI cải thiện + Vị trí giá tốt + Vol xác nhận,2026-08-24T19:25:57+07:00,13.16,25649.52,25512.5,0.54,0.96,2.34,558376400.0,561078039.0,6291700.0,4569190.0,,0.73,1.03,5.63,14.23,-4.02,-0.94,3,2,1,0,1,1,-2,,,,,,🔴,MUA EARLY,PULL XẤU,OBV gãy | Pull xấu,🟡,,,,🟡 Ổn định,,True
2026-08-24,HDG,🟡 TRUNG TÍNH,1,16750.0,3.08,-1.76,48.55,👀 THEO DÕI,Vol xác nhận + Vị trí giá tốt + RSI cải thiện,2026-08-24T19:25:57+07:00,16.25,16307.31,16377.45,-0.43,0.09,2.71,15595300.0,15639982.0,1286500.0,1176965.0,,0.64,0.85,6.35,8.06,-2.62,1.52,3,1,0,0,0,1,1,,,,,,🔴,MUA EARLY,PULL XẤU,OBV gãy | RSI yếu | Slope âm | Pull xấu,🟡,,✅ EARLY GREEN2,🌱 EARLY DRY GREEN2,🔴 Yếu,,True
2026-08-24,HSG,🟡 TRUNG TÍNH,1,11050.0,3.76,1.38,55.31,👀 THEO DÕI,OBV tốt + RSI cải thiện + Vị trí giá tốt,2026-08-24T19:25:57+07:00,15.04,10756.18,10750.0,0.06,0.09,2.73,51139200.0,47855067.0,5059200.0,1938905.0,,0.72,0.88,5.74,9.95,-0.45,0.91,9,2,1,2,1,1,2,,,,,,🟢,CP MẠNH,PULL XẤU,Pull xấu,🟡,🟢 GREEN 2,✅ EARLY GREEN2,🌱 EARLY DRY GREEN2,🟡 Ổn định,,True
2026-08-24,KBC,🟡 TRUNG TÍNH,1,27400.0,1.29,-2.84,43.29,👀 THEO DÕI,OBV tốt + Vị trí giá tốt + RSI cải thiện,2026-08-24T19:25:57+07:00,8.43,27349.5,27702.5,-1.27,0.1,0.18,235637060.0,231496218.0,4061160.0,1429043.0,,0.94,1.01,1.67,2.24,-5.35,0.18,6,1,0,2,0,1,2,,,,,,🟢,MUA EARLY,PULL XẤU,RSI yếu | Slope âm | Pull xấu,🟡,,,,🔴 Yếu,,True
2026-08-24,KDH,🟡 TRUNG TÍNH,1,18550.0,3.06,2.2,53.16,👀 THEO DÕI,OBV tốt + RSI cải thiện + Vị trí giá tốt,2026-08-24T19:25:57+07:00,17.11,17888.8,17775.0,0.64,0.07,3.7,-11365000.0,-19721859.0,11393900.0,5219715.0,,0.87,0.97,9.44,13.11,-0.8,1.92,8,2,0,2,1,1,2,,,,,,🟢,MUA EARLY,PULL XẤU,RSI yếu | Pull xấu,🟡,,✅ EARLY GREEN2,,🟡 Ổn định,,True
2026-08-24,LAS,🟡 TRUNG TÍNH,1,12200.0,3.39,-1.61,48.05,👀 THEO DÕI,Vị trí giá tốt + RSI cải thiện + Vol xác nhận,2026-08-24T19:25:57+07:00,15.94,12083.38,11990.0,0.78,0.98,0.97,-19699900.0,-19458567.0,127500.0,168425.0,,0.71,0.95,6.09,6.09,-4.69,-1.61,5,2,0,0,1,1,1,,,,,,🔴,MUA EARLY,PULL XẤU,OBV gãy | RSI yếu | Pull xấu,🟡,,,,🟡 Ổn định,,False
2026-08-24,MBS,🟡 TRUNG TÍNH,1,17900.0,2.87,-0.39,51.85,👀 THEO DÕI,Vol xác nhận + RSI cải thiện + Vị trí giá tốt,2026-08-24T19:25:57+07:00,12.93,17509.62,17390.5,0.68,0.92,2.23,-46712800.0,-45156478.0,4844800.0,4938355.0,,0.69,0.87,6.93,8.81,-2.72,-1.1,4,2,0,0,1,1,0,,,,,,🔴,MUA EARLY,PULL XẤU,OBV gãy | RSI yếu | Pull xấu,🟡,,,,🟡 Ổn định,,False
2026-08-24,MSB,🟡 TRUNG TÍNH,1,15950.0,-0.93,-1.85,50.24,👀 THEO DÕI,OBV tốt + RSI cải thiện + Vị trí giá tốt,2026-08-24T19:25:57+07:00,13.09,15917.25,16004.8,-0.55,-0.15,0.21,803480497.0,770359186.0,38568497.0,7235870.0,,0.75,0.97,2.57,12.32,-2.15,0.0,3,1,0,2,0,0,0,,,,,,🟢,MUA EARLY,PULL XẤU,RSI yếu | Slope âm | Pull xấu,🟡,,,,🔴 Yếu,,True
2026-08-24,NAB,🟡 TRUNG TÍNH,1,11650.0,0.0,-3.32,36.67,👀 THEO DÕI,OBV tốt + Vị trí giá tốt,2026-08-24T19:25:57+07:00,3.56,11687.84,11875.0,-1.58,0.37,-0.32,54553534.0,52649535.0,4235434.0,1678347.0,,0.86,0.85,0.87,0.87,-7.54,-0.43,0,0,0,2,0,0,-2,,,,,,🟢,THEO DÕI,PULL XẤU,RSI yếu | Giá dưới EMA9 | Slope âm | Pull xấu,🔴,,,,🔴 Yếu,,True
2026-08-24,NHA,🟡 TRUNG TÍNH,1,8300.0,-1.66,-0.36,48.26,👀 THEO DÕI,OBV tốt + Vị trí giá tốt + RSI cải thiện,2026-08-24T19:25:57+07:00,15.08,8118.29,8165.9,-0.58,-0.84,2.24,6844300.0,6757448.0,190900.0,108885.0,,1.24,1.09,7.1,9.21,-2.24,4.4,5,1,0,2,0,0,2,,,,,,🟢,MUA EARLY,PULL XẤU,RSI yếu | Slope âm | Pull xấu,🟡,,✅ EARLY GREEN2,,🔴 Yếu,,True
2026-08-24,PLC,🟡 TRUNG TÍNH,1,20500.0,1.49,0.0,55.98,👀 THEO DÕI,OBV tốt + Vị trí giá tốt + RSI cải thiện,2026-08-24T19:25:57+07:00,3.07,20261.65,19840.0,2.13,-1.34,1.18,19196300.0,18793559.0,363900.0,141920.0,,0.83,1.03,13.89,15.82,-2.38,0.49,9,2,1,2,1,1,2,,,,,,🟢,GÀ TĂNG TỐC,PULL VỪA,,🟢,🟢 GREEN 2,✅ EARLY GREEN2,,🟢 Tăng tốc,,False
2026-08-24,PTB,🟡 TRUNG TÍNH,1,32500.0,0.0,-4.13,41.52,👀 THEO DÕI,OBV tốt + Vị trí giá tốt + RSI cải thiện,2026-08-24T19:25:57+07:00,7.74,32529.98,33085.0,-1.68,-0.89,-0.09,-580847.0,-737571.0,307053.0,68633.0,,1.69,1.2,2.52,2.52,-6.2,1.25,4,0,0,2,0,0,2,,,,,,🟢,MUA EARLY,PULL XẤU,RSI yếu | Giá dưới EMA9 | Slope âm | Pull xấu,🟡,,,,🔴 Yếu,,True
2026-08-24,REE,🟡 TRUNG TÍNH,1,46150.0,1.32,-3.05,46.55,👀 THEO DÕI,OBV tốt + Vol xác nhận + Vị trí giá tốt,2026-08-24T19:25:57+07:00,4.15,46085.88,46430.0,-0.74,-0.69,0.14,-11081500.0,-11387301.0,396800.0,411160.0,,0.59,0.65,3.71,5.25,-5.24,-1.18,4,1,0,2,0,1,0,,,,,,🟢,MUA EARLY,PULL XẤU,RSI yếu | Slope âm | Pull xấu,🟡,,,,🔴 Yếu,,True
2026-08-24,STB,🟡 TRUNG TÍNH,1,74900.0,0.94,0.4,57.67,👀 THEO DÕI,OBV tốt + Vị trí giá tốt + RSI cải thiện,2026-08-24T19:25:57+07:00,0.14,74346.48,73460.0,1.21,0.08,0.74,412630752.0,408074376.0,5916552.0,3089683.0,,1.22,0.95,5.05,13.31,-1.58,-0.4,4,2,1,2,1,0,-2,,,,,,🟢,PULL VỪA,PULL VỪA,,🟡,,,,🟡 Ổn định,,True
2026-08-24,SZC,🟡 TRUNG TÍNH,1,19550.0,-0.51,-4.63,49.92,👀 THEO DÕI,Vol xác nhận + Vị trí giá tốt + RSI cải thiện,2026-08-24T19:25:57+07:00,4.84,19405.84,18992.5,2.18,-0.85,0.74,-22529400.0,-22143868.0,558600.0,495030.0,,0.78,1.15,12.68,13.99,-5.33,-1.51,3,2,0,0,1,0,0,,,,,,🔴,MUA EARLY,PULL XẤU,OBV gãy | RSI yếu | Pull xấu,🟡,,,,🟢 Tăng tốc,,True
2026-08-24,TCM,🟡 TRUNG TÍNH,1,16550.0,0.3,-0.6,35.01,👀 THEO DÕI,OBV tốt + Vol xác nhận + Vị trí giá tốt,2026-08-24T19:25:57+07:00,2.48,16530.64,16585.0,-0.33,0.64,0.12,-9118600.0,-10156242.0,792800.0,889815.0,,0.73,0.74,1.53,1.53,-3.22,0.3,4,1,0,2,0,0,1,,,,,,🟢,MUA EARLY,PULL XẤU,RSI yếu | Slope âm | Pull xấu,🟡,,,,🔴 Yếu,,True
2026-08-24,TVS,🟡 TRUNG TÍNH,1,14150.0,4.43,9.69,63.92,👀 THEO DÕI,Xu hướng lên + Vol xác nhận + RSI cải thiện,2026-08-24T19:25:57+07:00,5.02,13691.29,13145.0,4.16,1.75,3.35,5098000.0,5172161.0,111300.0,114695.0,,1.34,1.19,13.38,18.31,-2.41,-3.41,7,2,1,0,2,2,0,,,,,,🔴,MUA EARLY,PULL XẤU,OBV gãy | Pull xấu,🟡,,,,🟢 Tăng tốc,,True
2026-08-24,VGC,🟡 TRUNG TÍNH,1,40900.0,1.49,-0.61,60.69,👀 THEO DÕI,Vị trí giá tốt + RSI cải thiện + Vol xác nhận,2026-08-24T19:25:57+07:00,-0.91,40482.18,39325.0,2.94,-1.11,1.03,28928400.0,29079639.0,313500.0,412810.0,,0.66,1.04,14.41,17.19,-1.56,-1.21,6,2,1,0,1,1,1,,,,,,🔴,MUA EARLY,PULL XẤU,OBV gãy | RSI chững | Pull xấu,🟡,,,,🟢 Tăng tốc,,True
2026-08-24,VHC,🟡 TRUNG TÍNH,1,53000.0,-1.85,1.73,43.91,👀 THEO DÕI,OBV tốt + Vị trí giá tốt + RSI cải thiện,2026-08-24T19:25:57+07:00,3.02,53076.48,53110.0,-0.06,-0.14,-0.14,2352700.0,2109608.0,222500.0,382975.0,,0.84,1.33,3.11,3.11,-5.02,-1.12,2,0,0,1,0,0,1,,,,,,🟢,TÍCH LŨY,PULL XẤU,RSI yếu | Giá dưới EMA9 | Slope âm | Pull xấu,🔴,,,,🔴 Yếu,,True
2026-08-24,VIB,🟡 TRUNG TÍNH,1,14750.0,3.15,-0.67,48.98,👀 THEO DÕI,OBV tốt + Vị trí giá tốt + RSI cải thiện,2026-08-24T19:25:57+07:00,11.03,14578.77,14602.5,-0.16,0.26,1.17,207368604.0,205476201.0,12608854.0,5377573.0,,0.65,0.76,3.15,4.24,-2.96,-1.01,1,1,0,1,0,1,-2,,,,,,🟢,THEO DÕI,PULL XẤU,RSI yếu | Slope âm | Pull xấu,🔴,,,,🔴 Yếu,,True
2026-08-24,VJC,🟡 TRUNG TÍNH,1,124500.0,0.81,-0.8,41.56,👀 THEO DÕI,OBV tốt + Vol xác nhận + Vị trí giá tốt,2026-08-24T19:25:57+07:00,5.84,124364.45,124990.0,-0.5,0.22,0.11,23090300.0,22071023.0,1395500.0,1354295.0,,0.98,1.03,1.14,1.14,-3.86,-0.4,2,1,0,1,0,0,0,,,,,,🟢,TÍCH LŨY,PULL XẤU,RSI yếu | Slope âm | Pull xấu,🔴,,,,🔴 Yếu,,True
2026-08-24,VPL,🟡 TRUNG TÍNH,1,76900.0,2.53,-2.04,43.93,👀 THEO DÕI,OBV tốt + Vol xác nhận + Vị trí giá tốt,2026-08-24T19:25:57+07:00,10.49,76397.83,77705.0,-1.68,-0.34,0.66,13982200.0,13821410.0,605500.0,554295.0,,0.98,1.0,3.22,4.63,-5.3,-0.39,3,1,0,1,0,1,0,,,,,,🟢,MUA EARLY,PULL XẤU,RSI yếu | Slope âm | Pull xấu,🟡,,,,🔴 Yếu,,True
2026-08-24,VTO,🟡 TRUNG TÍNH,1,10450.0,0.48,-1.42,49.4,👀 THEO DÕI,OBV tốt + Vị trí giá tốt + Vol xác nhận,2026-08-24T19:25:57+07:00,0.12,10472.28,10472.5,-0.0,-0.63,-0.21,2079900.0,2064992.0,44500.0,56945.0,,0.78,0.99,2.96,3.98,-2.79,0.48,1,0,0,1,0,0,0,,,,,,🟢,THEO DÕI,PULL XẤU,RSI yếu | Giá dưới EMA9 | Slope âm | Pull xấu,🔴,,,,🔴 Yếu,,True
2026-08-24,CTG,🔴 YẾU,2,31800.0,0.95,-3.05,51.51,⏳ CHỜ,OBV xấu + Thiếu mẫu xác nhận,2026-08-24T19:25:57+07:00,7.79,31685.59,31462.45,0.71,-1.01,0.36,370462400.0,372846643.0,7217900.0,7845580.0,,0.61,0.77,9.66,10.61,-3.64,-1.4,3,2,0,0,1,0,0,,,,,,🔴,MUA EARLY,PULL XẤU,OBV gãy | RSI yếu | Pull xấu,🟡,,,,🟡 Ổn định,,True
2026-08-24,DDV,🔴 YẾU,2,18200.0,0.0,-4.21,37.26,⏳ CHỜ,OBV xấu + Thiếu mẫu xác nhận,2026-08-24T19:25:57+07:00,6.59,18217.53,18400.0,-0.99,-0.2,-0.1,56351200.0,56451573.0,256700.0,260655.0,,1.01,1.0,2.25,2.25,-6.19,1.11,1,0,0,0,0,0,1,,,,,,🔴,THEO DÕI,PULL XẤU,OBV gãy | RSI yếu | Giá dưới EMA9 | Slope âm | Pull xấu,🔴,,,,🔴 Yếu,,False
2026-08-24,EIB,🔴 YẾU,2,17350.0,1.46,-4.41,40.32,⏳ CHỜ,OBV xấu + Xu hướng giảm + Thiếu mẫu xác nhận,2026-08-24T19:25:57+07:00,9.25,17333.21,17652.5,-1.81,-0.26,0.1,140448483.0,150869806.0,6955617.0,5107251.0,,0.84,0.96,2.66,5.15,-6.97,-1.42,0,1,0,0,0,1,-2,,,,,,🔴,THEO DÕI,PULL XẤU,OBV gãy | RSI yếu | Slope âm | Pull xấu,🔴,,,,🔴 Yếu,,True
2026-08-24,FOX,🔴 YẾU,2,64400.0,1.9,-2.13,43.65,⏳ CHỜ,OBV xấu + Thiếu mẫu xác nhận,2026-08-24T19:25:57+07:00,2.38,64487.34,64555.0,-0.1,-0.56,-0.14,5409200.0,5424336.0,60000.0,63460.0,,0.73,0.85,5.57,5.57,-4.31,-1.07,1,0,0,0,0,1,0,,,,,,🔴,THEO DÕI,PULL XẤU,OBV gãy | RSI yếu | Giá dưới EMA9 | Slope âm | Pull xấu,🔴,,,,🔴 Yếu,,False
2026-08-24,HUT,🔴 YẾU,2,13000.0,-0.76,-3.7,22.8,⏳ CHỜ,Xu hướng giảm + RSI yếu + Thiếu mẫu xác nhận,2026-08-24T19:25:57+07:00,4.88,13158.68,13705.0,-3.99,0.54,-1.21,27343100.0,26909517.0,1841700.0,2024340.0,,0.56,0.6,0.78,0.78,-12.75,0.78,3,0,0,2,0,0,1,,,,,,🟢,MUA EARLY,PULL XẤU,RSI yếu | Giá dưới EMA9 | Slope âm | Pull xấu,🟡,,,,🔴 Yếu,,False
2026-08-24,MSH,🔴 YẾU,2,30700.0,2.33,-2.69,46.32,⏳ CHỜ,OBV xấu + Thiếu mẫu xác nhận,2026-08-24T19:25:57+07:00,9.04,30465.69,30700.0,-0.76,-0.09,0.77,11783648.0,11862238.0,83948.0,112007.0,,1.53,1.11,2.33,2.33,-4.06,0.33,2,1,0,0,0,1,0,,,,,,🔴,TÍCH LŨY,PULL XẤU,OBV gãy | RSI yếu | Slope âm | Pull xấu,🔴,,,,🔴 Yếu,,True
2026-08-24,NT2,🔴 YẾU,2,21350.0,0.23,-0.93,47.77,⏳ CHỜ,OBV xấu + Thiếu mẫu xác nhận,2026-08-24T19:25:57+07:00,2.09,21342.74,21277.5,0.31,-0.07,0.03,14565500.0,14638737.0,588900.0,542930.0,,0.89,0.88,4.15,4.15,-2.51,-1.16,3,2,0,0,1,0,0,,,,,,🔴,MUA EARLY,PULL XẤU,OBV gãy | RSI yếu | Pull xấu,🟡,,,,🟡 Ổn định,,True
2026-08-24,PC1,🔴 YẾU,2,20500.0,0.49,-0.73,45.11,⏳ CHỜ,OBV xấu + Thiếu mẫu xác nhận + Xu hướng giảm,2026-08-24T19:25:57+07:00,4.42,20504.72,20830.0,-1.56,0.25,-0.02,120415700.0,121567752.0,1029800.0,1600535.0,,0.7,0.78,1.99,10.22,-8.07,-1.91,1,0,0,0,0,0,1,,,,,,🔴,THEO DÕI,PULL XẤU,OBV gãy | RSI yếu | Giá dưới EMA9 | Slope âm | Pull xấu,🔴,,,,🔴 Yếu,,True
2026-08-24,POW,🔴 YẾU,2,13550.0,1.5,-2.17,48.16,⏳ CHỜ,OBV xấu + Thiếu mẫu xác nhận,2026-08-24T19:25:57+07:00,5.25,13496.66,13565.0,-0.5,0.05,0.4,308329804.0,312038923.0,8007800.0,6467630.0,,0.61,0.85,2.26,2.65,-3.9,-0.73,0,1,0,0,0,1,-2,,,,,,🔴,THEO DÕI,PULL XẤU,OBV gãy | RSI yếu | Slope âm | Pull xấu,🔴,,,,🔴 Yếu,,True
2026-08-24,SHS,🔴 YẾU,2,15600.0,2.63,-2.5,47.88,⏳ CHỜ,OBV xấu + Thiếu mẫu xác nhận,2026-08-24T19:25:57+07:00,10.98,15373.36,15465.0,-0.59,0.36,1.47,661255996.0,672721450.0,15873500.0,11100060.0,,1.05,1.11,6.12,9.09,-4.29,-1.89,0,1,0,0,0,1,-2,,,,,,🔴,THEO DÕI,PULL XẤU,OBV gãy | RSI yếu | Slope âm | Pull xấu,🔴,,,,🔴 Yếu,,False
2026-08-24,SIP,🔴 YẾU,2,50000.0,0.2,-2.15,52.89,⏳ CHỜ,OBV xấu + Thiếu mẫu xác nhận,2026-08-24T19:25:57+07:00,2.62,49896.67,49770.0,0.25,-1.15,0.21,215199.0,262266.0,37299.0,90520.0,,1.07,0.89,6.16,7.3,-3.29,0.0,3,2,0,0,1,0,0,,,,,,🔴,MUA EARLY,PULL XẤU,OBV gãy | RSI yếu | Pull xấu,🟡,,,,🟡 Ổn định,,True
2026-08-24,TPB,🔴 YẾU,2,14600.0,1.04,-1.02,47.55,⏳ CHỜ,OBV xấu + Thiếu mẫu xác nhận,2026-08-24T19:25:57+07:00,2.91,14561.7,14482.5,0.55,-0.11,0.26,445626988.0,447893388.0,13007700.0,7871480.0,,0.8,0.83,3.91,5.04,-2.99,-2.34,2,2,0,0,1,1,-2,,,,,,🔴,TÍCH LŨY,PULL XẤU,OBV gãy | RSI yếu | Pull xấu,🔴,,,,🟡 Ổn định,,True
2026-08-24,VCI,🔴 YẾU,2,22100.0,2.79,0.0,53.14,⏳ CHỜ,OBV xấu + Vol chưa xác nhận + Thiếu mẫu xác nhận,2026-08-24T19:25:57+07:00,11.76,21588.52,21502.5,0.4,-0.81,2.37,149712700.0,149961450.0,18791068.0,10068098.0,,0.81,0.91,12.18,19.78,-3.28,-1.78,2,2,0,0,1,1,-2,,,,,,🔴,TÍCH LŨY,PULL XẤU,OBV gãy | RSI yếu | Pull xấu,🔴,,,,🟡 Ổn định,,True
2026-08-24,VCK,🔴 YẾU,2,30350.0,2.71,-1.46,49.05,⏳ CHỜ,OBV xấu + Vol chưa xác nhận + Thiếu mẫu xác nhận,2026-08-24T19:25:57+07:00,10.25,29940.88,30195.0,-0.84,0.07,1.37,67611363.0,71403617.0,7382037.0,2623162.0,,0.85,0.89,6.12,7.05,-4.56,-0.82,0,1,0,0,0,1,-2,,,,,,🔴,THEO DÕI,PULL XẤU,OBV gãy | RSI yếu | Slope âm | Pull xấu,🔴,,,,🔴 Yếu,,True
2026-08-24,VND,🔴 YẾU,2,16800.0,4.03,-1.47,51.31,⏳ CHỜ,OBV xấu + Thiếu mẫu xác nhận,2026-08-24T19:25:57+07:00,14.69,16437.87,16574.95,-0.83,0.61,2.2,519810517.0,529934099.0,14241095.0,10475075.0,,0.89,0.96,6.67,9.45,-3.17,-2.04,0,1,0,0,0,1,-2,,,,,,🔴,THEO DÕI,PULL XẤU,OBV gãy | RSI yếu | Slope âm | Pull xấu,🔴,,,,🔴 Yếu,,True
2026-08-24,VNM,🔴 YẾU,2,63200.0,1.61,1.77,64.72,⏳ CHỜ,OBV xấu + Thiếu mẫu xác nhận,2026-08-24T19:25:57+07:00,-3.35,62691.8,61430.0,2.05,0.06,0.81,-3383100.0,-3159620.0,3332500.0,4893985.0,,0.79,0.77,7.85,15.33,-1.71,-1.25,7,2,1,0,2,1,1,,,,,,🔴,MUA EARLY,PULL XẤU,OBV gãy | RSI chững | Pull xấu,🟡,,,,🟢 Tăng tốc,,True
2026-08-24,BMP,⚠️ YẾU DẦN,3,144700.0,-0.62,-2.76,41.72,🟠 HẠN CHẾ / GIẢM,OBV xấu + Thiếu mẫu xác nhận + Xu hướng giảm,2026-08-24T19:25:57+07:00,3.55,145855.8,147850.0,-1.35,-0.23,-0.79,1886300.0,1957767.0,54300.0,87320.0,,0.78,0.81,0.77,9.7,-5.73,-1.5,1,0,0,0,0,0,1,,,,,,🔴,THEO DÕI,PULL XẤU,OBV gãy | RSI yếu | Giá dưới EMA9 | Slope âm | Pull xấu,🔴,,,,🔴 Yếu,,True
2026-08-24,BVH,⚠️ YẾU DẦN,3,64500.0,-5.84,-4.44,50.84,🟠 HẠN CHẾ / GIẢM,OBV xấu + Vol chưa xác nhận + RS yếu,2026-08-24T19:25:57+07:00,-7.46,65826.39,64415.0,2.19,-2.52,-2.01,16057600.0,17334222.0,974700.0,495820.0,,0.87,0.87,13.96,13.96,-6.52,-3.15,-1,0,0,0,1,0,-2,,,,,,🔴,THEO DÕI,PULL XẤU,OBV gãy | RSI yếu | RSI chững | Giá dưới EMA9 | Pull xấu,🔴,,,,🟢 Tăng tốc,,True
2026-08-24,GEE,⚠️ YẾU DẦN,3,67200.0,-0.88,-3.31,42.34,🟠 HẠN CHẾ / GIẢM,OBV xấu + Thiếu mẫu xác nhận,2026-08-24T19:25:57+07:00,5.82,67722.71,68120.0,-0.58,-0.92,-0.77,90426500.0,90715127.0,1509500.0,1400570.0,,0.84,1.23,5.83,5.83,-13.51,-2.61,0,0,0,0,0,0,0,,,,,,🔴,THEO DÕI,PULL XẤU,OBV gãy | RSI yếu | Giá dưới EMA9 | Slope âm | Pull xấu,🔴,,,,🔴 Yếu,,True
2026-08-24,HVN,⚠️ YẾU DẦN,3,22900.0,-0.22,-3.78,47.21,🟠 HẠN CHẾ / GIẢM,OBV xấu + Thiếu mẫu xác nhận,2026-08-24T19:25:57+07:00,0.96,23055.1,23087.5,-0.14,-1.63,-0.67,3279100.0,3895512.0,564000.0,860615.0,,0.51,0.67,6.51,9.05,-8.76,-3.98,1,0,0,0,0,0,1,,,,,,🔴,THEO DÕI,PULL XẤU,OBV gãy | RSI yếu | Giá dưới EMA9 | Slope âm | Pull xấu,🔴,,,,🔴 Yếu,,True
2026-08-24,IDC,⚠️ YẾU DẦN,3,32700.0,-1.8,-4.66,44.89,🟠 HẠN CHẾ / GIẢM,OBV xấu + Thiếu mẫu xác nhận,2026-08-24T19:25:57+07:00,4.93,32917.6,33095.0,-0.54,-1.05,-0.66,62326000.0,64750191.0,1745500.0,1049770.0,,0.86,0.94,2.83,3.81,-7.1,-1.8,-2,0,0,0,0,0,-2,,,,,,🔴,THEO DÕI,PULL XẤU,OBV gãy | RSI yếu | Giá dưới EMA9 | Slope âm | Pull xấu,🔴,,,,🔴 Yếu,,False
2026-08-24,KSB,⚠️ YẾU DẦN,3,13800.0,-0.36,2.6,50.73,🟠 HẠN CHẾ / GIẢM,OBV xấu + Thiếu mẫu xác nhận,2026-08-24T19:25:57+07:00,2.62,13738.64,13572.5,1.22,-0.36,0.45,31679300.0,32128888.0,752100.0,1090660.0,,0.8,1.31,6.56,6.56,-6.12,-0.72,5,2,0,0,1,1,1,,,,,,🔴,MUA EARLY,PULL XẤU,OBV gãy | RSI yếu | Pull xấu,🟡,,,,🟡 Ổn định,,True
2026-08-24,LPB,⚠️ YẾU DẦN,3,49100.0,-3.54,-6.12,37.08,🟠 HẠN CHẾ / GIẢM,OBV xấu + Xu hướng giảm + RSI yếu,2026-08-24T19:25:57+07:00,-5.78,50755.73,52095.0,-2.57,-1.06,-3.26,152899952.0,160373849.0,4748848.0,3121322.0,,0.99,0.99,0.0,7.91,-12.32,-3.73,-2,0,0,0,0,0,-2,,,,,,🔴,THEO DÕI,PULL XẤU,OBV gãy | RSI yếu | RSI chững | Giá dưới EMA9 | Slope âm | Pull xấu,🔴,,,,🔴 Yếu,,True
2026-08-24,NTL,⚠️ YẾU DẦN,3,13350.0,-0.74,-2.55,43.01,🟠 HẠN CHẾ / GIẢM,OBV xấu + Vol chưa xác nhận + Xu hướng giảm,2026-08-24T19:25:57+07:00,29.11,13100.66,13470.0,-2.74,-0.06,1.9,68252552.0,68396089.0,1197252.0,553638.0,,2.19,1.33,7.23,7.23,-6.97,5.53,3,1,0,0,0,0,2,,,,,,🔴,MUA EARLY,PULL XẤU,OBV gãy | RSI yếu | Slope âm | Pull xấu,🟡,,,,🔴 Yếu,,True
2026-08-24,PHR,⚠️ YẾU DẦN,3,60800.0,-0.82,1.67,54.19,🟠 HẠN CHẾ / GIẢM,OBV xấu + Thiếu mẫu xác nhận,2026-08-24T19:25:57+07:00,2.56,60110.09,58865.0,2.12,-0.12,1.15,16519900.0,16854302.0,537300.0,331770.0,,1.14,0.89,10.55,10.55,-2.41,-0.82,1,2,0,0,1,0,-2,,,,,,🔴,THEO DÕI,PULL XẤU,OBV gãy | RSI yếu | Pull xấu,🔴,,,,🟢 Tăng tốc,,True
2026-08-24,VTP,⚠️ YẾU DẦN,3,54200.0,-1.09,1.5,55.51,🟠 HẠN CHẾ / GIẢM,OBV xấu + Thiếu mẫu xác nhận,2026-08-24T19:25:57+07:00,-11.42,54412.87,51890.0,4.86,-1.97,-0.39,8981400.0,9809173.0,707900.0,852595.0,,1.23,1.22,20.98,20.98,-6.71,-1.45,2,0,1,0,1,0,0,,,,,,🔴,TÍCH LŨY,PULL XẤU,OBV gãy | RSI chững | Giá dưới EMA9 | Pull xấu,🔴,,,,🟢 Tăng tốc,,True
2026-08-25,ACV,🌱 ĐANG HỒI,0,41900.0,1.95,1.21,56.79,🟢 MUA / GIỮ,OBV tốt + RSI cải thiện + Vị trí giá tốt,2026-08-25T20:27:33+07:00,6.46,41316.55,40595.0,1.78,0.07,1.41,-60623300.0,-61143239.0,418900.0,517015.0,,0.77,0.83,8.27,9.11,-2.1,-0.48,6,2,1,1,1,1,0,,,,,,🟢,PULL VỪA,PULL VỪA,,🟢,,,,🟡 Ổn định,,False
2026-08-25,ANV,🌱 ĐANG HỒI,0,17550.0,4.15,-0.28,48.92,🟢 MUA / GIỮ,OBV tốt + Vị trí giá tốt + RSI cải thiện,2026-08-25T20:27:33+07:00,13.26,17200.33,17282.5,-0.48,0.14,2.03,44786100.0,43862386.0,912600.0,543055.0,,0.78,1.04,5.09,8.68,-4.1,2.33,6,1,0,2,0,1,2,,,,,,🟢,MUA EARLY,PULL XẤU,RSI yếu | Slope âm | Pull xấu,🟡,,,,🔴 Yếu,,True
2026-08-25,BAF,🌱 ĐANG HỒI,0,32600.0,2.68,4.99,75.88,🟢 MUA / GIỮ,OBV tốt + Vị trí giá tốt + Xu hướng lên,2026-08-25T20:27:33+07:00,1.26,32092.54,31310.0,2.5,-0.25,1.58,109380200.0,106077289.0,3407500.0,2246375.0,,1.01,1.08,11.07,13.39,-0.91,-0.31,5,2,2,1,1,1,-2,,,,,,🟢,PULL VỪA,PULL VỪA,,🟡,,,,🟢 Tăng tốc,,True
2026-08-25,BSR,🌱 ĐANG HỒI,0,26700.0,-1.84,2.5,55.21,🟢 MUA / GIỮ,OBV tốt + Vol xác nhận + Vị trí giá tốt,2026-08-25T20:27:33+07:00,-3.46,26652.62,25967.0,2.64,-0.79,0.18,674150200.0,669739301.0,10594600.0,9840405.0,,1.22,1.05,8.89,17.41,-4.3,-1.84,6,2,1,1,1,1,0,,,,,,🟢,PULL VỪA,PULL VỪA,RSI chững,🟡,,,,🟢 Tăng tốc,,True
2026-08-25,C4G,🌱 ĐANG HỒI,0,5700.0,3.64,1.79,46.74,🟢 MUA / GIỮ,OBV tốt + Vol xác nhận + Vị trí giá tốt,2026-08-25T20:27:33+07:00,12.72,5607.32,5615.0,-0.14,0.66,1.65,15502200.0,15226983.0,283800.0,272885.0,,0.64,0.97,3.64,3.64,-3.39,1.79,5,1,0,2,0,1,1,,,,,,🟢,MUA EARLY,PULL XẤU,RSI yếu | Slope âm | Pull xấu,🟡,,,,🔴 Yếu,,False
2026-08-25,CEO,🌱 ĐANG HỒI,0,13300.0,11.76,9.02,61.46,🟢 MUA / GIỮ,OBV tốt + Xu hướng lên + RSI cải thiện,2026-08-25T20:27:33+07:00,23.27,12477.3,12045.0,3.59,2.67,6.59,330239600.0,312452994.0,10009300.0,6504655.0,,1.28,1.08,18.75,23.15,-0.75,-1.48,6,2,1,1,2,2,-2,,,,,,🟢,MUA EARLY,PULL XẤU,Pull xấu,🟡,,,,🟢 Tăng tốc,,False
2026-08-25,CII,🌱 ĐANG HỒI,0,14600.0,1.74,2.82,50.81,🟢 MUA / GIỮ,OBV tốt + Vị trí giá tốt + RSI cải thiện,2026-08-25T20:27:33+07:00,4.69,14477.69,14070.0,2.9,0.05,0.84,626600959.0,615377159.0,11668645.0,9198082.0,,1.23,1.13,13.62,15.42,-3.95,-2.99,4,2,0,1,2,1,-2,,,,,,🟢,MUA EARLY,PULL XẤU,RSI yếu | Pull xấu,🟡,,,,🟢 Tăng tốc,,True
2026-08-25,DBC,🌱 ĐANG HỒI,0,17700.0,10.28,5.99,65.4,🟢 MUA / GIỮ,OBV tốt + RSI cải thiện + RS mạnh,2026-08-25T20:27:33+07:00,32.75,16601.09,16489.95,0.67,1.48,6.62,16391536.0,8180698.0,9325636.0,1787622.0,,0.71,0.71,11.32,12.74,3.51,7.27,11,2,2,2,1,2,2,,,,,,🟢,MUA BREAK,PULL XẤU,Pull xấu,🟡,,,,🟡 Ổn định,,True
2026-08-25,DGC,🌱 ĐANG HỒI,0,44950.0,7.54,1.93,60.0,🟢 MUA / GIỮ,OBV tốt + RSI cải thiện + RS mạnh,2026-08-25T20:27:33+07:00,14.94,43023.74,41962.5,2.53,-0.27,4.48,-119781400.0,-121548483.0,1457700.0,546100.0,,0.64,0.74,18.76,24.86,-1.86,1.24,9,2,1,2,1,1,2,,,,,,🟢,GÀ TĂNG TỐC,PULL XẤU,Pull xấu,🟡,,,,🟢 Tăng tốc,,True
2026-08-25,DGW,🌱 ĐANG HỒI,0,42300.0,1.93,2.79,61.15,🟢 MUA / GIỮ,OBV tốt + Vị trí giá tốt + Vol xác nhận,2026-08-25T20:27:33+07:00,-3.66,42051.41,40357.5,4.2,-2.22,0.59,63537000.0,63468837.0,1205100.0,1410470.0,,1.04,1.1,19.66,27.6,-3.53,-1.17,6,2,1,1,1,1,0,,,,,,🟢,PULL VỪA,PULL VỪA,RSI chững,🟡,,,,🟢 Tăng tốc,,True
2026-08-25,DIG,🌱 ĐANG HỒI,0,11350.0,7.08,3.18,56.04,🟢 MUA / GIỮ,OBV tốt + RSI cải thiện + Vol xác nhận,2026-08-25T20:27:33+07:00,18.38,10911.75,10700.0,1.98,1.07,4.02,213631900.0,195219523.0,9522300.0,7928120.0,,0.82,0.85,12.94,17.13,-0.44,0.44,9,2,1,2,1,1,2,,,,,,🟢,CP MẠNH,PULL XẤU,Pull xấu,🟡,,✅ EARLY GREEN2,,🟡 Ổn định,,True
2026-08-25,DPM,🌱 ĐANG HỒI,0,22100.0,1.84,-1.56,52.78,🟢 MUA / GIỮ,OBV tốt + Vị trí giá tốt + RSI cải thiện,2026-08-25T20:27:33+07:00,3.38,21980.65,21945.0,0.16,0.14,0.54,82325000.0,80052414.0,2223500.0,2609310.0,,0.87,0.84,2.79,7.02,-3.49,-1.12,5,2,0,1,1,1,0,,,,,,🟢,MUA EARLY,PULL XẤU,RSI yếu | Pull xấu,🟡,,,,🟡 Ổn định,,True
2026-08-25,DRI,🌱 ĐANG HỒI,0,13800.0,0.73,3.76,57.19,🟢 MUA / GIỮ,OBV tốt + Vol xác nhận + Vị trí giá tốt,2026-08-25T20:27:33+07:00,-1.19,13715.59,13370.0,2.58,0.45,0.62,40043400.0,39686085.0,659800.0,550965.0,,1.23,1.24,7.81,10.4,-6.76,-2.13,7,2,1,1,2,1,0,,,,,,🟢,PULL VỪA,PULL VỪA,RSI chững,🟡,,,,🟢 Tăng tốc,,False
2026-08-25,DXG,🌱 ĐANG HỒI,0,11800.0,6.79,6.79,58.38,🟢 MUA / GIỮ,OBV tốt + RSI cải thiện + Xu hướng lên,2026-08-25T20:27:33+07:00,13.96,11373.45,11025.0,3.16,0.88,3.75,603931804.0,583457849.0,6903580.0,10207899.0,,1.05,1.06,14.56,18.36,-1.67,0.0,8,2,1,1,2,2,0,,,,,,🟢,MUA EARLY,PULL XẤU,Pull xấu,🟡,,,,🟢 Tăng tốc,,True
2026-08-25,DXS,🌱 ĐANG HỒI,0,6250.0,6.84,4.34,53.82,🟢 MUA / GIỮ,OBV tốt + RSI cải thiện + Vị trí giá tốt,2026-08-25T20:27:33+07:00,15.91,6040.37,5935.0,1.78,1.4,3.47,54128500.0,52269293.0,3206700.0,2009705.0,,1.03,0.99,9.46,11.41,-1.57,-2.95,3,2,0,1,1,1,-2,,,,,,🟢,MUA EARLY,PULL XẤU,RSI yếu | Pull xấu,🟡,,,,🟡 Ổn định,,True
2026-08-25,EVF,🌱 ĐANG HỒI,0,12500.0,0.0,0.4,49.48,🟢 MUA / GIỮ,OBV tốt + RSI cải thiện + Vol xác nhận,2026-08-25T20:27:33+07:00,4.83,12492.59,12435.0,0.46,-0.03,0.06,155534700.0,154416700.0,1095700.0,1267945.0,,0.9,1.04,4.6,5.93,-3.85,-0.79,4,2,0,1,1,0,0,,,,,,🟢,MUA EARLY,PULL XẤU,RSI yếu | Pull xấu,🟡,,,,🟡 Ổn định,,True
2026-08-25,FCN,🌱 ĐANG HỒI,0,11550.0,2.67,4.05,61.41,🟢 MUA / GIỮ,OBV tốt + RSI cải thiện + Vị trí giá tốt,2026-08-25T20:27:33+07:00,11.43,11297.78,11067.5,2.08,0.07,2.23,38913600.0,37917599.0,655700.0,482255.0,,0.91,1.0,11.06,11.06,0.43,0.87,10,2,1,2,2,1,2,,,,,,🟢,GÀ TĂNG TỐC,PULL XẤU,Pull xấu,🟡,🟢 GREEN 2,,,🟢 Tăng tốc,,True
2026-08-25,GAS,🌱 ĐANG HỒI,0,83500.0,0.0,7.74,62.68,🟢 MUA / GIỮ,OBV tốt + Vị trí giá tốt + Xu hướng lên,2026-08-25T20:27:33+07:00,-1.98,81854.28,76710.0,6.71,-0.91,2.01,45404200.0,44128905.0,2125200.0,1591430.0,,1.42,1.18,22.97,29.66,-4.68,-0.83,4,2,1,1,1,1,-2,,,,,,🟢,MUA EARLY,PULL XẤU,RSI chững | Pull xấu,🟡,,,,🟢 Tăng tốc,,True
2026-08-25,GVR,🌱 ĐANG HỒI,0,32500.0,1.56,3.5,61.64,🟢 MUA / GIỮ,OBV tốt + Vol xác nhận + RSI cải thiện,2026-08-25T20:27:33+07:00,5.24,31748.19,30342.5,4.63,-1.47,2.37,262482500.0,256171329.0,2610200.0,2510125.0,,0.98,1.17,21.5,25.0,-2.4,0.93,8,2,1,2,1,1,1,,,,,,🟢,GÀ TĂNG TỐC,PULL XẤU,Pull xấu,🟡,,,,🟢 Tăng tốc,,True
2026-08-25,HDC,🌱 ĐANG HỒI,0,12350.0,6.01,2.92,51.19,🟢 MUA / GIỮ,OBV tốt + Vol xác nhận + RSI cải thiện,2026-08-25T20:27:33+07:00,14.12,12053.0,11825.0,1.93,1.23,2.46,161253400.0,159760270.0,1020600.0,1111975.0,,0.99,0.94,10.76,13.3,-3.14,-1.98,5,2,0,1,1,1,0,,,,,,🟢,MUA EARLY,PULL XẤU,RSI yếu | Pull xấu,🟡,,,,🟡 Ổn định,,True
2026-08-25,HHS,🌱 ĐANG HỒI,0,10900.0,12.26,9.0,60.74,🟢 MUA / GIỮ,OBV tốt + RSI cải thiện + Xu hướng lên,2026-08-25T20:27:33+07:00,16.61,10339.8,10022.0,3.17,2.96,5.42,160156100.0,158387159.0,1395700.0,1111600.0,,1.33,1.05,15.96,15.96,-1.8,-0.46,6,2,1,1,2,2,-2,,,,,,🟢,MUA EARLY,PULL XẤU,Pull xấu,🟡,,,,🟢 Tăng tốc,,True
2026-08-25,HSG,🌱 ĐANG HỒI,0,10850.0,2.36,-0.46,49.86,🟢 MUA / GIỮ,OBV tốt + Vị trí giá tốt + RSI cải thiện,2026-08-25T20:27:33+07:00,10.79,10774.94,10770.0,0.05,0.41,0.7,48844500.0,48052954.0,2294700.0,1888530.0,,1.07,0.97,3.33,7.96,-2.25,-2.25,3,2,0,1,1,1,-2,,,,,,🟢,MUA EARLY,PULL XẤU,RSI yếu | Pull xấu,🟡,,,,🟡 Ổn định,,True
2026-08-25,KDH,🌱 ĐANG HỒI,0,18200.0,2.82,0.0,49.09,🟢 MUA / GIỮ,OBV tốt + Vol xác nhận + Vị trí giá tốt,2026-08-25T20:27:33+07:00,15.47,17951.04,17837.5,0.64,0.54,1.39,-16752300.0,-19127947.0,5387300.0,5213350.0,,1.09,1.06,7.37,10.98,-3.19,-1.89,5,2,0,1,1,1,0,,,,,,🟢,MUA EARLY,PULL XẤU,RSI yếu | Pull xấu,🟡,,,,🟡 Ổn định,,True
2026-08-25,MCH,🌱 ĐANG HỒI,0,141800.0,4.34,4.26,67.16,🟢 MUA / GIỮ,OBV tốt + Vị trí giá tốt + RSI cải thiện,2026-08-25T20:27:33+07:00,9.4,138546.71,137169.5,1.0,0.79,2.35,13332500.0,12007109.0,799800.0,431185.0,,0.85,0.73,5.11,13.76,0.21,1.43,10,2,2,2,1,1,2,,,,,,🟢,CP MẠNH,PULL XẤU,Pull xấu,🟡,,,,🟡 Ổn định,,True
2026-08-25,MML,🌱 ĐANG HỒI,0,28800.0,2.49,2.13,56.3,🟢 MUA / GIỮ,OBV tốt + Vol xác nhận + RSI cải thiện,2026-08-25T20:27:33+07:00,9.51,28400.94,28320.0,0.29,-0.04,1.41,-1443200.0,-1473119.0,26600.0,24755.0,,0.72,0.8,4.35,8.68,-2.7,0.0,6,2,1,1,1,1,0,,,,,,🟢,PULL VỪA,PULL VỪA,,🟢,,,,🟡 Ổn định,,False
2026-08-25,MSN,🌱 ĐANG HỒI,0,69500.0,4.04,3.58,58.16,🟢 MUA / GIỮ,OBV tốt + RSI cải thiện + Vị trí giá tốt,2026-08-25T20:27:33+07:00,4.73,68390.81,67570.0,1.21,0.73,1.62,117111709.0,112980560.0,5765091.0,4175695.0,,1.2,1.09,5.14,8.76,-1.84,-0.71,4,2,1,1,1,1,-2,,,,,,🟢,PULL VỪA,PULL VỪA,,🟡,,,,🟡 Ổn định,,True
2026-08-25,MSR,🌱 ĐANG HỒI,0,44000.0,3.77,11.96,73.08,🟢 MUA / GIỮ,OBV tốt + Vol xác nhận + Xu hướng lên,2026-08-25T20:27:33+07:00,1.26,42556.83,40110.0,6.1,-0.24,3.39,23639400.0,21156790.0,1667900.0,1533125.0,,1.26,1.16,23.25,33.74,-2.22,-0.68,8,2,2,1,1,2,0,,,,,,🟢,MUA EARLY,PULL XẤU,Pull xấu,🟡,,,,🟢 Tăng tốc,,False
2026-08-25,MWG,🌱 ĐANG HỒI,0,73900.0,1.51,0.96,53.16,🟢 MUA / GIỮ,OBV tốt + Vị trí giá tốt + RSI cải thiện,2026-08-25T20:27:33+07:00,2.73,73560.89,72330.0,1.7,-0.82,0.46,248556029.0,246171762.0,2668671.0,3691529.0,,0.7,0.71,11.13,18.56,-2.25,-1.47,6,2,0,1,1,1,1,,,,,,🟢,MUA EARLY,PULL XẤU,RSI yếu | Pull xấu,🟡,,,,🟡 Ổn định,,True
2026-08-25,NKG,🌱 ĐANG HỒI,0,11000.0,3.77,-1.79,48.99,🟢 MUA / GIỮ,OBV tốt + Vị trí giá tốt + RSI cải thiện,2026-08-25T20:27:33+07:00,12.63,10911.57,10975.0,-0.58,0.41,0.81,276316900.0,276040423.0,1411700.0,1663655.0,,0.76,0.9,4.27,5.77,-3.51,-1.35,3,1,0,1,0,1,0,,,,,,🟢,MUA EARLY,PULL XẤU,RSI yếu | Slope âm | Pull xấu,🟡,,,,🔴 Yếu,,True
2026-08-25,NLG,🌱 ĐANG HỒI,0,24000.0,2.13,5.73,56.76,🟢 MUA / GIỮ,OBV tốt + Vị trí giá tốt + RSI cải thiện,2026-08-25T20:27:33+07:00,2.85,23575.26,22667.5,4.0,0.06,1.8,53818268.0,53579090.0,4591632.0,2587317.0,,0.86,0.85,15.94,20.0,-2.64,-2.04,5,2,1,1,2,1,-2,,,,,,🟢,PULL VỪA,PULL VỪA,,🟡,,,,🟢 Tăng tốc,,True
2026-08-25,OIL,🌱 ĐANG HỒI,0,13700.0,1.48,2.24,54.8,🟢 MUA / GIỮ,OBV tốt + RSI cải thiện + Vol xác nhận,2026-08-25T20:27:33+07:00,6.3,13496.18,13325.0,1.28,0.64,1.51,95762100.0,93712117.0,1461800.0,1304175.0,,1.33,1.05,6.2,7.87,-3.52,-0.72,5,2,0,1,1,1,0,,,,,,🟢,MUA EARLY,PULL XẤU,RSI yếu | Pull xấu,🟡,,,,🟡 Ổn định,,False
2026-08-25,PDR,🌱 ĐANG HỒI,0,12700.0,5.39,4.96,55.26,🟢 MUA / GIỮ,OBV tốt + RSI cải thiện + Vol xác nhận,2026-08-25T20:27:33+07:00,18.67,12291.28,12015.0,2.3,1.44,3.33,248539378.0,244393260.0,5622822.0,6484876.0,,0.89,0.89,10.92,13.9,-1.93,-1.17,7,2,1,1,2,1,0,,,,,,🟢,MUA EARLY,PULL XẤU,Pull xấu,🟡,,,,🟢 Tăng tốc,,True
2026-08-25,PET,🌱 ĐANG HỒI,0,39150.0,2.49,-1.88,55.61,🟢 MUA / GIỮ,OBV tốt + RSI cải thiện + Vị trí giá tốt,2026-08-25T20:27:33+07:00,1.3,39077.43,38987.5,0.23,-0.9,0.19,69634200.0,69609066.0,254400.0,429915.0,,0.76,1.05,5.24,16.8,-6.56,-0.89,7,2,1,1,1,1,1,,,,,,🟢,PULL VỪA,PULL VỪA,,🟢,,,,🟡 Ổn định,,True
2026-08-25,PHR,🌱 ĐANG HỒI,0,60900.0,0.5,3.75,54.56,🟢 MUA / GIỮ,OBV tốt + Vị trí giá tốt + RSI cải thiện,2026-08-25T20:27:33+07:00,2.93,60268.08,59160.0,1.87,-0.26,1.05,17034000.0,16890242.0,514100.0,320925.0,,1.0,1.0,8.56,10.73,-2.25,-1.62,4,2,0,2,1,1,-2,,,,,,🟢,MUA EARLY,PULL XẤU,RSI yếu | Pull xấu,🟡,,,,🟡 Ổn định,,True
2026-08-25,PLX,🌱 ĐANG HỒI,0,37500.0,-1.19,2.46,59.43,🟢 MUA / GIỮ,OBV tốt + Vol xác nhận + Vị trí giá tốt,2026-08-25T20:27:33+07:00,-4.96,37224.5,35607.0,4.54,-1.08,0.74,73344300.0,69399935.0,3605600.0,3286160.0,,1.44,1.16,17.89,18.97,-3.97,-0.66,6,2,1,1,1,1,0,,,,,,🟢,PULL VỪA,PULL VỪA,RSI chững,🟡,,,,🟢 Tăng tốc,,True
2026-08-25,PNJ,🌱 ĐANG HỒI,0,42650.0,21.68,22.38,59.57,🟢 MUA / GIỮ,Xu hướng lên + OBV tốt + RSI cải thiện,2026-08-25T20:27:33+07:00,13.78,38859.5,36115.0,7.6,3.95,9.75,-59556600.0,-64206448.0,22381900.0,6576445.0,,0.59,0.54,37.58,38.7,0.0,-6.37,6,2,1,1,2,2,-2,,,,,,🟢,MUA EARLY,PULL XẤU,Pull xấu,🟡,,,,🟢 Tăng tốc,,True
2026-08-25,PVB,🌱 ĐANG HỒI,0,22000.0,0.46,3.29,50.86,🟢 MUA / GIỮ,OBV tốt + Vol xác nhận + Vị trí giá tốt,2026-08-25T20:27:33+07:00,2.05,21874.33,21440.0,2.03,0.19,0.57,1879100.0,1778034.0,76900.0,85350.0,,1.01,1.16,7.32,7.32,-6.38,-2.22,6,2,0,1,2,1,0,,,,,,🟢,MUA EARLY,PULL XẤU,RSI yếu | Pull xấu,🟡,,,,🟢 Tăng tốc,,False
2026-08-25,PVC,🌱 ĐANG HỒI,0,12300.0,0.0,0.82,50.63,🟢 MUA / GIỮ,OBV tốt + Vol xác nhận + Vị trí giá tốt,2026-08-25T20:27:33+07:00,6.11,12177.03,12060.0,0.97,0.15,1.01,60728600.0,60510701.0,449400.0,476945.0,,1.09,1.09,6.03,6.96,-3.15,-2.38,4,2,0,1,1,0,0,,,,,,🟢,MUA EARLY,PULL XẤU,RSI yếu | Pull xấu,🟡,,,,🟡 Ổn định,,False
2026-08-25,PVD,🌱 ĐANG HỒI,0,19200.0,3.78,5.49,57.43,🟢 MUA / GIỮ,OBV tốt + RSI cải thiện + Vị trí giá tốt,2026-08-25T20:27:33+07:00,8.66,18688.65,18365.0,1.76,1.68,2.74,278649639.0,277346705.0,5834461.0,3269588.0,,1.17,1.04,8.17,9.71,-2.78,-1.03,5,2,1,1,1,2,-2,,,,,,🟢,MUA EARLY,PULL XẤU,Pull xấu,🟡,,,,🟡 Ổn định,,True
2026-08-25,PVS,🌱 ĐANG HỒI,0,38000.0,6.44,8.57,64.48,🟢 MUA / GIỮ,OBV tốt + Vol xác nhận + Xu hướng lên,2026-08-25T20:27:33+07:00,4.8,36591.95,35270.0,3.75,1.37,3.85,139030000.0,132815144.0,2674400.0,2431320.0,,1.5,1.19,12.76,14.8,-1.04,0.0,8,2,1,1,2,2,0,,,,,,🟢,MUA EARLY,PULL XẤU,Pull xấu,🟡,,,,🟢 Tăng tốc,,False
2026-08-25,PVT,🌱 ĐANG HỒI,0,20200.0,-0.98,2.54,60.03,🟢 MUA / GIỮ,OBV tốt + Vol xác nhận + Vị trí giá tốt,2026-08-25T20:27:33+07:00,-4.64,20161.55,19357.5,4.15,-1.91,0.19,21551546.0,18667841.0,4126954.0,4396998.0,,1.1,1.25,18.82,23.93,-3.81,-1.46,6,2,1,1,1,1,0,,,,,,🟢,PULL VỪA,PULL VỪA,RSI chững,🟡,,,,🟢 Tăng tốc,,True
2026-08-25,SSB,🌱 ĐANG HỒI,0,15850.0,5.32,2.92,61.98,🟢 MUA / GIỮ,OBV tốt + RSI cải thiện + Vị trí giá tốt,2026-08-25T20:27:33+07:00,19.74,15375.68,15325.0,0.33,1.29,3.08,46124304.0,34615410.0,10508304.0,2573085.0,,1.06,1.0,5.32,10.84,1.28,1.93,9,2,1,2,1,1,2,,,,,,🟢,MUA BREAK,PULL XẤU,Pull xấu,🟡,,,,🟡 Ổn định,,True
2026-08-25,SSI,🌱 ĐANG HỒI,0,21250.0,8.97,5.72,64.14,🟢 MUA / GIỮ,OBV tốt + RSI cải thiện + Xu hướng lên,2026-08-25T20:27:33+07:00,18.13,20333.47,19778.5,2.81,1.46,4.51,1035701988.0,1003000730.0,36536773.0,21638369.0,,1.02,1.07,14.37,20.81,-1.62,0.0,8,2,1,1,2,2,0,,,,,,🟢,MUA EARLY,PULL XẤU,Pull xấu,🟡,,,,🟢 Tăng tốc,,True
2026-08-25,SZC,🌱 ĐANG HỒI,0,19700.0,2.87,-1.75,51.4,🟢 MUA / GIỮ,OBV tốt + Vị trí giá tốt + RSI cải thiện,2026-08-25T20:27:33+07:00,7.63,19464.67,19107.5,1.87,-0.68,1.21,-21862600.0,-22087614.0,666800.0,506045.0,,0.9,1.03,13.54,14.87,-4.6,-1.5,4,2,0,2,1,1,-2,,,,,,🟢,MUA EARLY,PULL XẤU,RSI yếu | Pull xấu,🟡,,,,🟡 Ổn định,,True
2026-08-25,TCH,🌱 ĐANG HỒI,0,13200.0,11.86,7.76,59.68,🟢 MUA / GIỮ,OBV tốt + RSI cải thiện + Xu hướng lên,2026-08-25T20:27:33+07:00,20.88,12419.77,12065.0,2.94,2.6,6.28,152573600.0,145705080.0,7130600.0,5594965.0,,1.26,1.08,17.86,20.0,-0.38,-0.75,6,2,1,1,2,2,-2,,,,,,🟢,MUA EARLY,PULL XẤU,Pull xấu,🟡,,,,🟢 Tăng tốc,,True
2026-08-25,TCM,🌱 ĐANG HỒI,0,17700.0,8.59,6.31,59.41,🟢 MUA / GIỮ,OBV tốt + RSI cải thiện + RS mạnh,2026-08-25T20:27:33+07:00,27.59,16764.51,16632.5,0.79,1.46,5.58,-5390308.0,-9203055.0,3728292.0,989440.0,,0.78,0.76,8.59,8.59,3.51,7.27,10,2,1,2,1,2,2,,,,,,🟢,MUA BREAK,PULL XẤU,Pull xấu,🟡,🟢 GREEN 2,,,🟡 Ổn định,,True
2026-08-25,VCB,🌱 ĐANG HỒI,0,59400.0,2.41,-0.67,55.0,🟢 MUA / GIỮ,OBV tốt + RSI cải thiện + Vị trí giá tốt,2026-08-25T20:27:33+07:00,9.42,58785.15,58805.0,-0.03,-0.56,1.05,130976413.0,123440778.0,5958413.0,4904281.0,,0.81,0.8,8.79,10.0,-2.62,0.17,6,1,0,2,0,1,2,,,,,,🟢,MUA EARLY,PULL XẤU,RSI yếu | Slope âm | Pull xấu,🟡,,,,🔴 Yếu,,True
2026-08-25,VCI,🌱 ĐANG HỒI,0,22400.0,5.91,1.36,55.64,🟢 MUA / GIỮ,OBV tốt + RSI cải thiện + Vị trí giá tốt,2026-08-25T20:27:33+07:00,16.28,21750.81,21637.5,0.52,0.07,2.98,167146600.0,153398480.0,17433900.0,9742670.0,,0.94,0.94,8.21,21.41,-1.97,1.36,9,2,1,2,1,1,2,,,,,,🟢,CP MẠNH,PULL XẤU,Pull xấu,🟡,,,,🟡 Ổn định,,True
2026-08-25,VDS,🌱 ĐANG HỒI,0,12200.0,3.83,0.0,48.03,🟢 MUA / GIỮ,OBV tốt + Vol xác nhận + Vị trí giá tốt,2026-08-25T20:27:33+07:00,11.12,12045.37,11960.0,0.71,1.2,1.28,47584300.0,47480656.0,820200.0,807705.0,,0.94,0.94,5.63,8.93,-4.69,-0.81,5,2,0,1,1,1,0,,,,,,🟢,MUA EARLY,PULL XẤU,RSI yếu | Pull xấu,🟡,,,,🟡 Ổn định,,True
2026-08-25,VGS,🌱 ĐANG HỒI,0,18400.0,3.37,1.66,49.44,🟢 MUA / GIỮ,OBV tốt + Vol xác nhận + Vị trí giá tốt,2026-08-25T20:27:33+07:00,11.43,18192.73,18025.0,0.93,0.54,1.14,4857600.0,4771787.0,98600.0,104880.0,,1.09,1.02,5.14,8.24,-5.15,3.37,6,2,0,1,1,1,1,,,,,,🟢,MUA EARLY,PULL XẤU,RSI yếu | Pull xấu,🟡,,,,🟡 Ổn định,,False
2026-08-25,VHM,🌱 ĐANG HỒI,0,73600.0,6.36,2.08,55.89,🟢 MUA / GIỮ,OBV tốt + RSI cải thiện + Vol xác nhận,2026-08-25T20:27:33+07:00,10.21,71612.16,72362.5,-1.04,0.36,2.78,383484900.0,368551824.0,9252600.0,7350820.0,,0.66,0.9,7.92,16.0,-9.91,0.14,7,1,1,2,0,1,2,,,,,,🟢,MUA EARLY,PULL XẤU,Slope âm | Pull xấu,🟡,🟢 GREEN 2,✅ EARLY GREEN2,🌱 EARLY DRY GREEN2,🔴 Yếu,,True
2026-08-25,VIC,🌱 ĐANG HỒI,0,220500.0,10.25,5.76,59.21,🟢 MUA / GIỮ,OBV tốt + RSI cải thiện + RS mạnh,2026-08-25T20:27:33+07:00,18.23,209335.33,210955.0,-0.77,2.33,5.33,319673973.0,306374182.0,11797173.0,5398199.0,,0.87,1.05,11.36,14.84,-1.47,1.85,8,1,1,2,0,2,2,,,,,,🟢,MUA EARLY,PULL XẤU,Slope âm | Pull xấu,🟡,🟢 GREEN 2,,,🔴 Yếu,,True
2026-08-25,VIX,🌱 ĐANG HỒI,0,14100.0,12.62,4.29,59.78,🟢 MUA / GIỮ,OBV tốt + RSI cải thiện + RS mạnh,2026-08-25T20:27:33+07:00,16.84,13305.28,13000.0,2.35,1.37,5.97,1618730862.0,1512146175.0,76476930.0,45620571.0,,0.87,0.96,21.34,26.01,-1.05,2.17,10,2,1,2,2,1,2,,,,,,🟢,GÀ TĂNG TỐC,PULL XẤU,Pull xấu,🟡,,,,🟢 Tăng tốc,,True
2026-08-25,VJC,🌱 ĐANG HỒI,0,124700.0,0.97,-1.97,42.43,🟢 MUA / GIỮ,OBV tốt + Vol xác nhận + Vị trí giá tốt,2026-08-25T20:27:33+07:00,5.44,124431.56,125055.0,-0.5,0.24,0.22,24602000.0,22577218.0,1511700.0,1381395.0,,0.98,1.01,1.3,1.3,-2.96,0.08,4,1,0,2,0,0,1,,,,,,🟢,MUA EARLY,PULL XẤU,RSI yếu | Slope âm | Pull xấu,🟡,,,,🔴 Yếu,,True
2026-08-25,VPB,🌱 ĐANG HỒI,0,26400.0,6.02,3.53,60.56,🟢 MUA / GIỮ,OBV tốt + RSI cải thiện + Vị trí giá tốt,2026-08-25T20:27:33+07:00,17.34,25616.05,25315.0,1.19,1.34,3.06,1341547167.0,1304816503.0,23856575.0,14178989.0,,1.06,0.95,8.42,8.42,-0.38,0.38,9,2,1,2,1,1,2,,,,,,🟢,CP MẠNH,PULL XẤU,Pull xấu,🟡,🟢 GREEN 2,,,🟡 Ổn định,,True
2026-08-25,AGR,🟡 TRUNG TÍNH,1,13200.0,2.72,-1.12,47.81,👀 THEO DÕI,Vị trí giá tốt + Vol xác nhận + RSI cải thiện,2026-08-25T20:27:33+07:00,8.61,13088.12,13077.5,0.08,0.62,0.85,22417100.0,22576389.0,341000.0,280300.0,,0.94,1.01,3.94,7.76,-3.3,-0.75,2,2,0,0,1,1,-2,,,,,,🔴,TÍCH LŨY,PULL XẤU,OBV gãy | RSI yếu | Pull xấu,🔴,,,,🟡 Ổn định,,True
2026-08-25,BFC,🟡 TRUNG TÍNH,1,47950.0,0.52,-1.84,44.44,👀 THEO DÕI,OBV tốt + Vol xác nhận + Vị trí giá tốt,2026-08-25T20:27:33+07:00,1.23,48069.36,48119.0,-0.1,-0.53,-0.25,29365500.0,29348012.0,216000.0,175020.0,,1.2,0.91,3.3,4.76,-4.1,-0.62,-1,0,0,1,0,0,-2,,,,,,🟢,THEO DÕI,PULL XẤU,RSI yếu | Giá dưới EMA9 | Slope âm | Pull xấu,🔴,,,,🔴 Yếu,,True
2026-08-25,BID,🟡 TRUNG TÍNH,1,36700.0,1.94,0.27,55.11,👀 THEO DÕI,RSI cải thiện + Vol xác nhận + Vị trí giá tốt,2026-08-25T20:27:33+07:00,6.76,36365.53,35949.5,1.16,-0.42,0.92,148552700.0,148957943.0,4031600.0,4223420.0,,0.73,0.86,10.61,13.0,-2.78,-0.68,5,2,1,0,1,1,0,,,,,,🔴,MUA EARLY,PULL XẤU,OBV gãy | Pull xấu,🟡,,,,🟡 Ổn định,,True
2026-08-25,BSI,🟡 TRUNG TÍNH,1,28950.0,4.51,-1.53,48.76,👀 THEO DÕI,Vol xác nhận + Vị trí giá tốt + RSI cải thiện,2026-08-25T20:27:33+07:00,10.39,28585.28,28297.5,1.02,0.86,1.28,21703400.0,21995121.0,387000.0,363670.0,,0.87,0.96,7.22,10.29,-4.14,-0.86,4,2,0,0,1,1,0,,,,,,🔴,MUA EARLY,PULL XẤU,OBV gãy | RSI yếu | Pull xấu,🟡,,,,🟡 Ổn định,,True
2026-08-25,CMG,🟡 TRUNG TÍNH,1,24100.0,0.21,-3.21,42.48,👀 THEO DÕI,OBV tốt + Vol xác nhận + Vị trí giá tốt,2026-08-25T20:27:33+07:00,8.21,24229.24,24470.0,-0.98,0.28,-0.53,-7641300.0,-7677863.0,135600.0,149360.0,,0.69,0.8,2.12,2.12,-6.41,-2.43,1,0,0,1,0,0,0,,,,,,🟢,THEO DÕI,PULL XẤU,RSI yếu | Giá dưới EMA9 | Slope âm | Pull xấu,🔴,,,,🔴 Yếu,,True
2026-08-25,CTR,🟡 TRUNG TÍNH,1,75500.0,-2.08,0.0,52.72,👀 THEO DÕI,OBV tốt + Vol xác nhận + Vị trí giá tốt,2026-08-25T20:27:33+07:00,-7.42,76225.97,75315.0,1.21,-1.55,-0.95,-5969101.0,-6114358.0,289801.0,335760.0,,0.9,0.86,9.42,13.7,-4.31,-1.18,2,0,0,1,1,0,0,,,,,,🟢,TÍCH LŨY,PULL XẤU,RSI yếu | RSI chững | Giá dưới EMA9 | Pull xấu,🔴,,,,🟡 Ổn định,,True
2026-08-25,DCM,🟡 TRUNG TÍNH,1,30850.0,0.49,-2.06,45.61,👀 THEO DÕI,OBV tốt + Vị trí giá tốt,2026-08-25T20:27:33+07:00,-4.04,31045.9,31052.5,-0.02,-0.34,-0.63,70068800.0,67352574.0,3297200.0,2246570.0,,1.28,1.09,1.15,6.75,-4.78,-2.22,-1,0,0,1,0,0,-2,,,,,,🟢,THEO DÕI,PULL XẤU,RSI yếu | RSI chững | Giá dưới EMA9 | Slope âm | Pull xấu,🔴,,,,🔴 Yếu,,True
2026-08-25,DPR,🟡 TRUNG TÍNH,1,36900.0,1.65,1.51,52.47,👀 THEO DÕI,RSI cải thiện + Vị trí giá tốt + Vol xác nhận,2026-08-25T20:27:33+07:00,6.03,36611.39,36267.5,0.95,0.29,0.79,24367900.0,24670920.0,274100.0,210005.0,,1.09,1.02,5.13,5.13,-1.6,-1.07,2,2,0,0,1,1,-2,,,,,,🔴,TÍCH LŨY,PULL XẤU,OBV gãy | RSI yếu | Pull xấu,🔴,,,,🟡 Ổn định,,True
2026-08-25,FPT,🟡 TRUNG TÍNH,1,70700.0,2.46,-0.7,54.56,👀 THEO DÕI,Vol xác nhận + Vị trí giá tốt + RSI cải thiện,2026-08-25T20:27:33+07:00,1.85,70304.84,69804.95,0.72,-0.57,0.56,-425250278.0,-421832173.0,6039478.0,6026624.0,,0.71,0.84,8.6,13.67,-3.55,-0.98,4,2,0,0,1,1,0,,,,,,🔴,MUA EARLY,PULL XẤU,OBV gãy | RSI yếu | Pull xấu,🟡,,,,🟡 Ổn định,,True
2026-08-25,FRT,🟡 TRUNG TÍNH,1,145000.0,-0.07,-1.02,64.12,👀 THEO DÕI,OBV tốt + Vị trí giá tốt + Xu hướng lên,2026-08-25T20:27:33+07:00,-3.5,143834.82,137605.0,4.53,-3.31,0.81,3159900.0,3049941.0,143200.0,691255.0,,0.7,0.99,33.39,38.1,-4.29,-0.68,6,2,1,1,1,0,1,,,,,,🟢,PULL VỪA,PULL VỪA,RSI chững,🟡,,,,🟢 Tăng tốc,,True
2026-08-25,FTS,🟡 TRUNG TÍNH,1,22500.0,2.97,-0.66,49.5,👀 THEO DÕI,Vị trí giá tốt + Vol xác nhận + RSI cải thiện,2026-08-25T20:27:33+07:00,8.44,22230.41,21975.0,1.16,0.67,1.21,17593700.0,17896482.0,817100.0,921000.0,,0.84,1.03,9.22,11.94,-4.26,-1.32,4,2,0,0,1,1,0,,,,,,🔴,MUA EARLY,PULL XẤU,OBV gãy | RSI yếu | Pull xấu,🟡,,,,🟡 Ổn định,,True
2026-08-25,GEG,🟡 TRUNG TÍNH,1,12700.0,2.42,3.67,58.29,👀 THEO DÕI,RSI cải thiện + Vị trí giá tốt + Xu hướng lên,2026-08-25T20:27:33+07:00,8.06,12529.76,12325.0,1.66,0.5,1.36,23826500.0,23847238.0,306700.0,195190.0,,0.68,0.77,4.96,8.55,-0.78,-0.78,3,2,1,0,1,1,-2,,,,,,🔴,MUA EARLY,PULL XẤU,OBV gãy | Pull xấu,🟡,,,,🟡 Ổn định,,True
2026-08-25,GEX,🟡 TRUNG TÍNH,1,25900.0,4.02,-1.89,54.55,👀 THEO DÕI,Vol xác nhận + RSI cải thiện + Vị trí giá tốt,2026-08-25T20:27:33+07:00,7.38,25422.88,24655.0,3.11,-0.6,1.88,525512162.0,531271100.0,12887738.0,12465507.0,,0.79,0.87,25.12,27.59,-3.72,-1.52,4,2,0,0,1,1,0,,,,,,🔴,MUA EARLY,PULL XẤU,OBV gãy | RSI yếu | Pull xấu,🟡,,,,🟢 Tăng tốc,,True
2026-08-25,GMD,🟡 TRUNG TÍNH,1,78700.0,-1.01,1.68,57.64,👀 THEO DÕI,OBV tốt + RSI cải thiện + Vị trí giá tốt,2026-08-25T20:27:33+07:00,7.32,77963.33,77440.0,0.68,-1.0,0.94,114445035.0,110572171.0,3267835.0,1500457.0,,1.18,1.07,6.64,9.31,-4.02,1.55,8,2,1,2,1,0,2,,,,,,🟢,PULL VỪA,PULL VỪA,,🟢,,,,🟡 Ổn định,,True
2026-08-25,HAG,🟡 TRUNG TÍNH,1,14300.0,1.06,1.42,53.64,👀 THEO DÕI,OBV tốt + RSI cải thiện + Vị trí giá tốt,2026-08-25T20:27:33+07:00,11.51,14158.69,14105.0,0.38,0.22,1.0,394831497.0,390020981.0,3665097.0,1820610.0,,0.7,0.89,2.14,4.38,-1.38,0.0,6,2,0,2,1,1,0,,,,,,🟢,MUA EARLY,PULL XẤU,RSI yếu | Pull xấu,🟡,,,,🟡 Ổn định,,True
2026-08-25,HCM,🟡 TRUNG TÍNH,1,26250.0,4.58,-0.94,59.32,👀 THEO DÕI,RSI cải thiện + Vị trí giá tốt + Vol xác nhận,2026-08-25T20:27:33+07:00,10.33,25769.62,25560.0,0.82,1.28,1.86,558376400.0,560537711.0,6057452.0,4605358.0,,0.9,1.03,5.63,13.2,-4.02,0.57,7,2,1,0,1,1,2,,,,,,🔴,MUA EARLY,PULL XẤU,OBV gãy | Pull xấu,🟡,,,,🟡 Ổn định,,True
2026-08-25,HDB,🟡 TRUNG TÍNH,1,27000.0,0.19,0.37,54.54,👀 THEO DÕI,OBV tốt + Vị trí giá tốt + RSI cải thiện,2026-08-25T20:27:33+07:00,0.01,26968.7,26600.0,1.39,-0.18,0.12,950498118.0,943765728.0,16334282.0,10143584.0,,1.05,1.0,7.14,7.57,-3.57,-1.46,2,2,0,1,1,0,-2,,,,,,🟢,TÍCH LŨY,PULL XẤU,RSI yếu | Pull xấu,🔴,,,,🟡 Ổn định,,True
2026-08-25,HHV,🟡 TRUNG TÍNH,1,10200.0,2.0,0.49,51.54,👀 THEO DÕI,OBV tốt + Vị trí giá tốt + RSI cải thiện,2026-08-25T20:27:33+07:00,10.87,10097.43,10083.0,0.14,0.24,1.02,174998700.0,169850832.0,5613400.0,2800715.0,,0.94,1.04,3.87,4.08,-2.86,0.49,8,2,0,2,1,1,2,,,,,,🟢,MUA EARLY,PULL XẤU,RSI yếu | Pull xấu,🟡,,,,🟡 Ổn định,,True
2026-08-25,HPG,🟡 TRUNG TÍNH,1,21800.0,3.81,-1.13,50.0,👀 THEO DÕI,Vol xác nhận + Vị trí giá tốt + RSI cải thiện,2026-08-25T20:27:33+07:00,10.3,21654.69,21760.0,-0.48,0.35,0.67,311623024.0,316860529.0,25844100.0,22869300.0,,0.87,0.88,3.81,7.13,-3.75,-2.02,2,1,0,0,0,1,0,,,,,,🔴,TÍCH LŨY,PULL XẤU,OBV gãy | RSI yếu | Slope âm | Pull xấu,🔴,,,,🔴 Yếu,,True
2026-08-25,HUT,🟡 TRUNG TÍNH,1,13500.0,2.27,-1.46,41.52,👀 THEO DÕI,OBV tốt + Vị trí giá tốt + RSI cải thiện,2026-08-25T20:27:33+07:00,23.6,13226.95,13640.0,-3.03,1.45,2.06,30679200.0,27663454.0,3336100.0,2058810.0,,0.66,0.66,4.65,4.65,-8.78,3.85,6,1,0,2,0,1,2,,,,,,🟢,MUA EARLY,PULL XẤU,RSI yếu | Slope âm | Pull xấu,🟡,,,,🔴 Yếu,,False
2026-08-25,KBC,🟡 TRUNG TÍNH,1,27500.0,1.66,-2.48,45.15,👀 THEO DÕI,OBV tốt + Vị trí giá tốt + RSI cải thiện,2026-08-25T20:27:33+07:00,7.38,27379.6,27687.5,-1.11,0.36,0.44,236455914.0,232114164.0,3156314.0,1409396.0,,1.03,1.04,2.04,2.61,-5.01,0.73,6,1,0,2,0,1,2,,,,,,🟢,MUA EARLY,PULL XẤU,RSI yếu | Slope âm | Pull xấu,🟡,,✅ EARLY GREEN2,,🔴 Yếu,,True
2026-08-25,MBB,🟡 TRUNG TÍNH,1,20650.0,3.51,1.47,61.07,👀 THEO DÕI,Vị trí giá tốt + RSI cải thiện + Vol xác nhận,2026-08-25T20:27:33+07:00,2.82,20381.15,19998.5,1.91,-0.24,1.32,918554716.0,919706293.0,10212100.0,12609175.0,,0.77,0.84,12.17,14.53,-2.59,-0.48,5,2,1,0,1,1,0,,,,,,🔴,MUA EARLY,PULL XẤU,OBV gãy | Pull xấu,🟡,,,,🟡 Ổn định,,True
2026-08-25,MBS,🟡 TRUNG TÍNH,1,17700.0,3.51,-0.45,49.56,👀 THEO DÕI,Vol xác nhận + Vị trí giá tốt + RSI cải thiện,2026-08-25T20:27:33+07:00,10.64,17547.69,17434.0,0.65,0.96,0.87,-51362900.0,-46397762.0,4650100.0,4763080.0,,0.82,0.89,5.73,7.6,-4.32,-1.12,4,2,0,0,1,1,0,,,,,,🔴,MUA EARLY,PULL XẤU,OBV gãy | RSI yếu | Pull xấu,🟡,,,,🟡 Ổn định,,False
2026-08-25,PLC,🟡 TRUNG TÍNH,1,20300.0,-1.46,0.5,53.38,👀 THEO DÕI,OBV tốt + Vị trí giá tốt + RSI cải thiện,2026-08-25T20:27:33+07:00,1.6,20269.32,19955.0,1.58,-1.35,0.15,19146200.0,18864087.0,50100.0,135665.0,,1.16,1.07,10.33,14.69,-3.33,-0.98,5,2,0,1,1,0,1,,,,,,🟢,MUA EARLY,PULL XẤU,RSI yếu | Pull xấu,🟡,,,,🟡 Ổn định,,False
2026-08-25,PTB,🟡 TRUNG TÍNH,1,32549.0,1.08,-2.26,41.99,👀 THEO DÕI,OBV tốt + Vị trí giá tốt + RSI cải thiện,2026-08-25T20:27:33+07:00,5.35,32533.78,33119.95,-1.77,-0.52,0.05,-367100.0,-663501.0,213900.0,77795.0,,2.0,1.37,2.68,2.68,-6.06,0.15,6,1,0,2,0,1,2,,,,,,🟢,MUA EARLY,PULL XẤU,RSI yếu | Slope âm | Pull xấu,🟡,,,,🔴 Yếu,,True
2026-08-25,SAB,🟡 TRUNG TÍNH,1,46100.0,-0.43,0.99,55.98,👀 THEO DÕI,OBV tốt + Vị trí giá tốt + Vol xác nhận,2026-08-25T20:27:33+07:00,-5.63,46067.86,45302.5,1.69,-0.53,0.07,-6477900.0,-6675048.0,630400.0,850825.0,,1.14,1.0,7.21,7.21,-2.33,0.55,5,2,1,1,1,0,0,,,,,,🟢,PULL VỪA,PULL VỪA,RSI chững,🟡,,,,🟡 Ổn định,,True
2026-08-25,SBT,🟡 TRUNG TÍNH,1,23550.0,-0.63,10.56,69.48,👀 THEO DÕI,OBV tốt + Vị trí giá tốt + Xu hướng lên,2026-08-25T20:27:33+07:00,-13.07,23378.53,22252.5,5.06,-0.36,0.73,111585000.0,110389498.0,1365200.0,900360.0,,1.58,1.34,14.04,16.58,-2.48,-2.48,4,2,1,1,1,1,-2,,,,,,🟢,PULL VỪA,PULL VỪA,RSI chững,🟡,,,,🟢 Tăng tốc,,True
2026-08-25,SHB,🟡 TRUNG TÍNH,1,12050.0,3.88,1.26,51.63,👀 THEO DÕI,Vol xác nhận + Vị trí giá tốt + RSI cải thiện,2026-08-25T20:27:33+07:00,12.32,11846.8,11757.5,0.76,0.87,1.72,1526933076.0,1551168895.0,51679488.0,50210940.0,,0.95,0.91,7.59,7.59,-1.23,0.0,4,2,0,0,1,1,0,,,,,,🔴,MUA EARLY,PULL XẤU,OBV gãy | RSI yếu | Pull xấu,🟡,,,,🟡 Ổn định,,True
2026-08-25,SHS,🟡 TRUNG TÍNH,1,15600.0,6.12,-1.89,47.88,👀 THEO DÕI,Vị trí giá tốt + RSI cải thiện + Vol xác nhận,2026-08-25T20:27:33+07:00,11.84,15418.69,15495.0,-0.49,0.77,1.18,661255996.0,670428359.0,14073100.0,11001610.0,,1.17,1.15,6.12,9.09,-4.29,0.0,2,1,0,0,0,1,0,,,,,,🔴,TÍCH LŨY,PULL XẤU,OBV gãy | RSI yếu | Slope âm | Pull xấu,🔴,,,,🔴 Yếu,,False
2026-08-25,TNG,🟡 TRUNG TÍNH,1,17200.0,2.38,-0.58,53.26,👀 THEO DÕI,OBV tốt + RSI cải thiện + Vị trí giá tốt,2026-08-25T20:27:33+07:00,11.94,17006.64,17006.5,0.0,-0.18,1.14,35557900.0,34481305.0,1014200.0,378445.0,,1.25,1.06,5.26,9.69,-4.12,0.58,8,2,0,2,1,1,2,,,,,,🟢,MUA EARLY,PULL XẤU,RSI yếu | Pull xấu,🟡,,,,🟡 Ổn định,,False
2026-08-25,TVN,🟡 TRUNG TÍNH,1,9500.0,-2.06,5.56,49.31,👀 THEO DÕI,OBV tốt + RSI cải thiện + Xu hướng lên,2026-08-25T20:27:33+07:00,2.63,9531.3,9260.0,2.93,-0.83,-0.33,41165600.0,40693607.0,429900.0,696195.0,,0.94,1.35,13.1,14.46,-10.38,-2.06,4,0,0,1,1,1,1,,,,,,🟢,MUA EARLY,PULL XẤU,RSI yếu | Giá dưới EMA9 | Pull xấu,🟡,,,,🟢 Tăng tốc,,False
2026-08-25,TVS,🟡 TRUNG TÍNH,1,14000.0,3.7,7.78,60.72,👀 THEO DÕI,Vol xác nhận + Xu hướng lên + Vị trí giá tốt,2026-08-25T20:27:33+07:00,-5.07,13753.03,13214.0,4.08,0.58,1.8,4965983.0,5130926.0,132017.0,117061.0,,1.45,1.23,12.18,16.09,-4.44,1.08,8,2,1,0,2,2,1,,,,,,🔴,MUA EARLY,PULL XẤU,OBV gãy | RSI chững | Pull xấu,🟡,,,,🟢 Tăng tốc,,True
2026-08-25,VCG,🟡 TRUNG TÍNH,1,16149.0,2.21,0.93,51.59,👀 THEO DÕI,OBV tốt + Vị trí giá tốt + RSI cải thiện,2026-08-25T20:27:33+07:00,14.06,15893.65,15774.85,0.75,0.51,1.61,238910100.0,237068329.0,5680700.0,2503310.0,,0.71,0.84,6.95,6.95,-2.72,0.0,5,2,0,1,1,1,0,,,,,,🟢,MUA EARLY,PULL XẤU,RSI yếu | Pull xấu,🟡,,,,🟡 Ổn định,,True
2026-08-25,VGI,🟡 TRUNG TÍNH,1,86300.0,-0.12,-0.69,53.96,👀 THEO DÕI,OBV tốt + Vol xác nhận + Vị trí giá tốt,2026-08-25T20:27:33+07:00,-3.4,86224.35,84520.0,2.02,-1.08,0.09,-12790200.0,-12811353.0,312400.0,371320.0,,1.18,1.04,14.3,15.68,-6.2,-1.6,4,2,0,1,1,0,0,,,,,,🟢,MUA EARLY,PULL XẤU,RSI yếu | RSI chững | Pull xấu,🟡,,,,🟢 Tăng tốc,,False
2026-08-25,VRE,🟡 TRUNG TÍNH,1,25200.0,3.28,-0.98,52.08,👀 THEO DÕI,Vol xác nhận + RSI cải thiện + Vị trí giá tốt,2026-08-25T20:27:33+07:00,7.96,24858.02,24900.0,-0.17,-0.74,1.38,424723700.0,428113208.0,6940900.0,6184725.0,,0.62,0.77,10.77,18.31,-5.97,0.4,3,1,0,0,0,1,1,,,,,,🔴,MUA EARLY,PULL XẤU,OBV gãy | RSI yếu | Slope âm | Pull xấu,🟡,,,,🔴 Yếu,,True
2026-08-25,VTO,🟡 TRUNG TÍNH,1,10450.0,0.48,-2.79,49.4,👀 THEO DÕI,OBV tốt + Vị trí giá tốt + RSI cải thiện,2026-08-25T20:27:33+07:00,2.62,10467.82,10487.5,-0.19,-0.47,-0.17,2079900.0,2067973.0,35600.0,56630.0,,0.89,0.99,2.45,3.98,-2.79,0.48,1,0,0,1,0,0,0,,,,,,🟢,THEO DÕI,PULL XẤU,RSI yếu | Giá dưới EMA9 | Slope âm | Pull xấu,🔴,,,,🔴 Yếu,,True
2026-08-25,ACB,🔴 YẾU,2,22200.0,2.54,-1.99,48.16,⏳ CHỜ,OBV xấu + Thiếu mẫu xác nhận,2026-08-25T20:27:33+07:00,4.11,22248.11,22282.5,-0.15,0.8,-0.22,-22434700.0,-18977624.0,7780000.0,9785445.0,,0.78,0.86,2.54,2.54,-2.63,-1.33,2,0,0,0,0,1,1,,,,,,🔴,TÍCH LŨY,PULL XẤU,OBV gãy | RSI yếu | Giá dưới EMA9 | Slope âm | Pull xấu,🔴,,,,🔴 Yếu,,True
2026-08-25,BVS,🔴 YẾU,2,26400.0,0.76,-2.94,45.4,⏳ CHỜ,OBV xấu + Thiếu mẫu xác nhận,2026-08-25T20:27:33+07:00,3.95,26612.41,26540.0,0.27,-0.08,-0.8,2349300.0,3132896.0,720200.0,735960.0,,0.71,0.83,5.18,8.64,-7.37,-1.86,1,0,0,0,1,0,0,,,,,,🔴,THEO DÕI,PULL XẤU,OBV gãy | RSI yếu | Giá dưới EMA9 | Pull xấu,🔴,,,,🟡 Ổn định,,False
2026-08-25,CSV,🔴 YẾU,2,21450.0,0.0,-4.03,45.67,⏳ CHỜ,OBV xấu + Thiếu mẫu xác nhận,2026-08-25T20:27:33+07:00,6.07,21521.56,21605.0,-0.39,-0.25,-0.33,-3692300.0,-3678717.0,227200.0,297155.0,,0.75,0.77,5.41,7.25,-5.09,-1.15,1,0,0,0,0,0,1,,,,,,🔴,THEO DÕI,PULL XẤU,OBV gãy | RSI yếu | Giá dưới EMA9 | Slope âm | Pull xấu,🔴,,,,🔴 Yếu,,True
2026-08-25,CTD,🔴 YẾU,2,62700.0,1.95,0.0,49.86,⏳ CHỜ,OBV xấu + Thiếu mẫu xác nhận,2026-08-25T20:27:33+07:00,5.81,62306.31,61940.0,0.59,-0.9,0.63,10434300.0,10463934.0,378600.0,328125.0,,0.7,0.74,9.23,13.79,-3.54,-1.26,4,2,0,0,1,1,0,,,,,,🔴,MUA EARLY,PULL XẤU,OBV gãy | RSI yếu | Pull xấu,🟡,,,,🟡 Ổn định,,True
2026-08-25,CTG,🔴 YẾU,2,31500.0,-0.16,-2.47,48.68,⏳ CHỜ,OBV xấu + Thiếu mẫu xác nhận,2026-08-25T20:27:33+07:00,0.66,31648.47,31587.45,0.19,-1.03,-0.47,359529831.0,370183280.0,10932569.0,8144538.0,,0.68,0.77,7.33,9.57,-4.55,-0.94,-1,0,0,0,1,0,-2,,,,,,🔴,THEO DÕI,PULL XẤU,OBV gãy | RSI yếu | Giá dưới EMA9 | Pull xấu,🔴,,,,🟡 Ổn định,,True
2026-08-25,DDV,🔴 YẾU,2,18200.0,0.55,-2.67,37.26,⏳ CHỜ,OBV xấu + Thiếu mẫu xác nhận,2026-08-25T20:27:33+07:00,7.43,18214.03,18410.0,-1.06,0.01,-0.08,56351200.0,56431499.0,358300.0,263240.0,,1.06,0.98,2.25,2.25,-6.19,-1.09,-2,0,0,0,0,0,-2,,,,,,🔴,THEO DÕI,PULL XẤU,OBV gãy | RSI yếu | Giá dưới EMA9 | Slope âm | Pull xấu,🔴,,,,🔴 Yếu,,False
2026-08-25,DPG,🔴 YẾU,2,30300.0,0.17,-1.14,48.63,⏳ CHỜ,OBV xấu + Thiếu mẫu xác nhận,2026-08-25T20:27:33+07:00,9.53,30095.94,29807.5,0.97,-1.26,0.68,21765400.0,21999182.0,687900.0,427350.0,,1.06,0.91,11.4,16.31,-5.75,-0.98,1,2,0,0,1,0,-2,,,,,,🔴,THEO DÕI,PULL XẤU,OBV gãy | RSI yếu | Pull xấu,🔴,,,,🟡 Ổn định,,True
2026-08-25,EIB,🔴 YẾU,2,17250.0,1.47,-4.7,38.98,⏳ CHỜ,OBV xấu + Xu hướng giảm + Thiếu mẫu xác nhận,2026-08-25T20:27:33+07:00,8.43,17316.57,17647.5,-1.88,0.04,-0.38,134361676.0,148006470.0,8826124.0,5190376.0,,0.91,0.99,2.07,4.55,-7.51,-0.86,-1,0,0,0,0,1,-2,,,,,,🔴,THEO DÕI,PULL XẤU,OBV gãy | RSI yếu | Giá dưới EMA9 | Slope âm | Pull xấu,🔴,,,,🔴 Yếu,,True
2026-08-25,GIL,🔴 YẾU,2,7860.0,-1.75,-9.24,43.3,⏳ CHỜ,OBV xấu + Thiếu mẫu xác nhận,2026-08-25T20:27:33+07:00,1.72,7979.38,7792.95,2.39,-2.98,-1.5,-4849218.0,-4816044.0,134918.0,243271.0,,0.39,0.89,19.27,20.0,-15.12,-1.87,2,0,0,0,1,0,1,,,,,,🔴,TÍCH LŨY,PULL XẤU,OBV gãy | RSI yếu | Giá dưới EMA9 | Pull xấu,🔴,,,,🟢 Tăng tốc,,True
2026-08-25,HAH,🔴 YẾU,2,47600.0,1.93,3.25,55.17,⏳ CHỜ,OBV xấu + Thiếu mẫu xác nhận,2026-08-25T20:27:33+07:00,-1.72,47311.73,46345.0,2.09,0.27,0.61,21305349.0,21401893.0,967951.0,725633.0,,1.62,1.28,8.3,8.43,-2.46,-1.55,4,2,1,0,2,1,-2,,,,,,🔴,MUA EARLY,PULL XẤU,OBV gãy | RSI chững | Pull xấu,🟡,,,,🟢 Tăng tốc,,True
2026-08-25,HDG,🔴 YẾU,2,16600.0,3.43,-1.19,46.62,⏳ CHỜ,OBV xấu + Thiếu mẫu xác nhận,2026-08-25T20:27:33+07:00,14.79,16365.85,16402.45,-0.22,0.72,1.43,14918000.0,15495586.0,677300.0,1145040.0,,0.82,0.85,5.4,7.1,-3.49,-0.9,3,1,0,0,0,1,1,,,,,,🔴,MUA EARLY,PULL XẤU,OBV gãy | RSI yếu | Slope âm | Pull xấu,🟡,,,,🔴 Yếu,,True
2026-08-25,IJC,🔴 YẾU,2,7350.0,1.38,-6.49,44.34,⏳ CHỜ,OBV xấu + Thiếu mẫu xác nhận,2026-08-25T20:27:33+07:00,6.21,7379.65,7412.0,-0.44,-0.95,-0.4,-40725891.0,-39475185.0,2302191.0,2273965.0,,0.73,0.98,4.11,9.87,-10.25,-2.0,1,0,0,0,0,1,0,,,,,,🔴,THEO DÕI,PULL XẤU,OBV gãy | RSI yếu | Giá dưới EMA9 | Slope âm | Pull xấu,🔴,,,,🔴 Yếu,,True
2026-08-25,LAS,🔴 YẾU,2,12100.0,4.31,-2.42,46.43,⏳ CHỜ,OBV xấu + Thiếu mẫu xác nhận,2026-08-25T20:27:33+07:00,-6.5,12086.71,12020.0,0.55,0.07,0.11,-19893400.0,-19545533.0,193500.0,171630.0,,0.8,0.89,5.22,5.22,-5.47,-1.63,4,2,0,0,1,1,0,,,,,,🔴,MUA EARLY,PULL XẤU,OBV gãy | RSI yếu | RSI chững | Pull xấu,🟡,,,,🟡 Ổn định,,False
2026-08-25,MSH,🔴 YẾU,2,30400.0,1.33,-3.95,42.89,⏳ CHỜ,OBV xấu + Thiếu mẫu xác nhận,2026-08-25T20:27:33+07:00,7.53,30452.55,30705.0,-0.82,0.06,-0.17,11670762.0,11823935.0,112838.0,104767.0,,1.14,1.16,1.33,1.33,-5.0,-1.46,1,0,0,0,0,1,0,,,,,,🔴,THEO DÕI,PULL XẤU,OBV gãy | RSI yếu | Giá dưới EMA9 | Slope âm | Pull xấu,🔴,,,,🔴 Yếu,,True
2026-08-25,NAB,🔴 YẾU,2,11650.0,0.43,-2.51,36.67,⏳ CHỜ,OBV xấu + Thiếu mẫu xác nhận,2026-08-25T20:27:33+07:00,4.64,11680.27,11845.0,-1.39,0.52,-0.26,51427000.0,51904783.0,1232300.0,1483625.0,,0.84,0.84,0.87,0.87,-7.54,0.0,0,0,0,0,0,0,0,,,,,,🔴,THEO DÕI,PULL XẤU,OBV gãy | RSI yếu | Giá dưới EMA9 | Slope âm | Pull xấu,🔴,,,,🔴 Yếu,,True
2026-08-25,NVL,🔴 YẾU,2,13300.0,0.76,-1.85,51.98,⏳ CHỜ,OBV xấu + Thiếu mẫu xác nhận,2026-08-25T20:27:33+07:00,6.0,13310.01,13357.5,-0.36,0.01,-0.08,611024512.0,613060966.0,7551092.0,15741220.0,,0.65,0.79,3.5,12.24,-6.67,-2.56,1,0,0,0,0,0,1,,,,,,🔴,THEO DÕI,PULL XẤU,OBV gãy | RSI yếu | Giá dưới EMA9 | Slope âm | Pull xấu,🔴,,,,🔴 Yếu,,True
2026-08-25,OCB,🔴 YẾU,2,10950.0,0.0,0.92,58.43,⏳ CHỜ,OBV xấu + Vol chưa xác nhận + Thiếu mẫu xác nhận,2026-08-25T20:27:33+07:00,0.78,10892.43,10660.0,2.18,-0.69,0.53,112794776.0,116663105.0,11155124.0,2970256.0,,0.88,1.19,9.5,9.5,-1.35,-0.45,2,2,1,0,1,0,-2,,,,,,🔴,TÍCH LŨY,PULL XẤU,OBV gãy | Pull xấu,🔴,,,,🟢 Tăng tốc,,True
2026-08-25,ORS,🔴 YẾU,2,14050.0,2.18,-2.77,51.52,⏳ CHỜ,OBV xấu + Vol chưa xác nhận + Thiếu mẫu xác nhận,2026-08-25T20:27:33+07:00,5.78,14101.26,14065.0,0.26,0.27,-0.36,218104994.0,218728942.0,14511606.0,5110145.0,,1.12,1.05,3.31,11.07,-6.33,-3.77,0,0,0,0,1,1,-2,,,,,,🔴,THEO DÕI,PULL XẤU,OBV gãy | RSI yếu | Giá dưới EMA9 | Pull xấu,🔴,,,,🟡 Ổn định,,True
2026-08-25,PC1,🔴 YẾU,2,20450.0,0.25,-0.49,44.39,⏳ CHỜ,OBV xấu + Thiếu mẫu xác nhận,2026-08-25T20:27:33+07:00,6.88,20493.78,20782.5,-1.39,0.67,-0.21,119306600.0,121115522.0,1109100.0,1577955.0,,0.67,0.8,1.74,9.95,-7.26,-0.24,1,0,0,0,0,0,1,,,,,,🔴,THEO DÕI,PULL XẤU,OBV gãy | RSI yếu | Giá dưới EMA9 | Slope âm | Pull xấu,🔴,,,,🔴 Yếu,,True
2026-08-25,SIP,🔴 YẾU,2,49500.0,0.2,-2.75,48.44,⏳ CHỜ,OBV xấu + Thiếu mẫu xác nhận,2026-08-25T20:27:33+07:00,1.5,49817.34,49887.5,-0.14,-1.0,-0.64,166700.0,243121.0,48300.0,89845.0,,0.95,0.91,5.1,6.22,-4.26,-1.59,1,0,0,0,0,0,1,,,,,,🔴,THEO DÕI,PULL XẤU,OBV gãy | RSI yếu | Giá dưới EMA9 | Slope âm | Pull xấu,🔴,,,,🔴 Yếu,,True
2026-08-25,TCB,🔴 YẾU,2,31300.0,1.46,0.97,53.35,⏳ CHỜ,OBV xấu + Thiếu mẫu xác nhận,2026-08-25T20:27:33+07:00,1.69,31227.57,30570.0,2.15,-0.86,0.23,414017415.0,424196823.0,19476581.0,15284014.0,,0.67,0.96,10.21,10.8,-2.64,-0.48,2,2,0,0,1,1,-2,,,,,,🔴,TÍCH LŨY,PULL XẤU,OBV gãy | RSI yếu | Pull xấu,🔴,,,,🟢 Tăng tốc,,True
2026-08-25,TCX,🔴 YẾU,2,40300.0,1.26,-1.23,49.2,⏳ CHỜ,OBV xấu + Thiếu mẫu xác nhận,2026-08-25T20:27:33+07:00,5.07,40153.65,40030.0,0.31,0.26,0.36,18355253.0,19215176.0,2029247.0,1681957.0,,0.97,0.99,4.27,7.47,-3.01,-1.23,2,2,0,0,1,1,-2,,,,,,🔴,TÍCH LŨY,PULL XẤU,OBV gãy | RSI yếu | Pull xấu,🔴,,,,🟡 Ổn định,,True
2026-08-25,TPB,🔴 YẾU,2,14450.0,0.7,-1.7,44.34,⏳ CHỜ,OBV xấu + Thiếu mẫu xác nhận,2026-08-25T20:27:33+07:00,-0.3,14539.36,14502.5,0.25,-0.25,-0.61,440256788.0,446366068.0,5370200.0,7731705.0,,0.98,0.8,2.48,3.96,-3.99,-1.03,2,0,0,0,1,0,1,,,,,,🔴,TÍCH LŨY,PULL XẤU,OBV gãy | RSI yếu | RSI chững | Giá dưới EMA9 | Pull xấu,🔴,,,,🟡 Ổn định,,True
2026-08-25,VCK,🔴 YẾU,2,30150.0,3.08,-2.27,47.36,⏳ CHỜ,OBV xấu + Thiếu mẫu xác nhận,2026-08-25T20:27:33+07:00,10.66,29982.71,30272.5,-0.96,0.24,0.56,69842200.0,71894971.0,2791900.0,2339920.0,,0.93,0.9,3.61,6.35,-5.19,-1.15,2,1,0,0,0,1,0,,,,,,🔴,TÍCH LŨY,PULL XẤU,OBV gãy | RSI yếu | Slope âm | Pull xấu,🔴,,,,🔴 Yếu,,True
2026-08-25,VGC,🔴 YẾU,2,40450.0,0.37,-1.34,56.52,⏳ CHỜ,OBV xấu + Thiếu mẫu xác nhận,2026-08-25T20:27:33+07:00,-2.81,40475.74,39560.0,2.31,-1.46,-0.06,28578600.0,28979431.0,349800.0,405485.0,,0.74,0.85,10.82,15.9,-2.65,-1.1,2,0,1,0,1,0,0,,,,,,🔴,TÍCH LŨY,PULL XẤU,OBV gãy | RSI chững | Giá dưới EMA9 | Pull xấu,🔴,,,,🟢 Tăng tốc,,True
2026-08-25,VIB,🔴 YẾU,2,14650.0,1.74,-1.01,46.56,⏳ CHỜ,OBV xấu + Thiếu mẫu xác nhận,2026-08-25T20:27:33+07:00,7.08,14593.02,14615.0,-0.15,0.35,0.39,204273304.0,205235622.0,3095300.0,4887280.0,,0.72,0.76,2.45,3.53,-3.62,-0.68,3,1,0,0,0,1,1,,,,,,🔴,MUA EARLY,PULL XẤU,OBV gãy | RSI yếu | Slope âm | Pull xấu,🟡,,,,🔴 Yếu,,True
2026-08-25,VND,🔴 YẾU,2,16750.0,4.69,-0.89,50.68,⏳ CHỜ,OBV xấu + Thiếu mẫu xác nhận + Vol chưa xác nhận,2026-08-25T20:27:33+07:00,13.21,16500.29,16592.45,-0.56,1.1,1.51,505283216.0,525502642.0,17644296.0,10294825.0,,1.01,1.0,6.35,9.12,-3.46,-0.3,0,1,0,0,0,1,-2,,,,,,🔴,THEO DÕI,PULL XẤU,OBV gãy | RSI yếu | Slope âm | Pull xấu,🔴,,,,🔴 Yếu,,True
2026-08-25,VOS,🔴 YẾU,2,11100.0,0.0,-0.89,48.74,⏳ CHỜ,OBV xấu + Thiếu mẫu xác nhận,2026-08-25T20:27:33+07:00,5.47,11099.49,11037.5,0.56,-0.37,0.0,24972000.0,25186212.0,325800.0,426485.0,,0.89,0.87,6.73,7.77,-4.31,-1.33,4,2,0,0,1,0,1,,,,,,🔴,MUA EARLY,PULL XẤU,OBV gãy | RSI yếu | Pull xấu,🟡,,,,🟡 Ổn định,,True
2026-08-25,VPL,🔴 YẾU,2,76500.0,2.0,-2.42,42.37,⏳ CHỜ,OBV xấu + Xu hướng giảm + Thiếu mẫu xác nhận,2026-08-25T20:27:33+07:00,8.36,76418.26,77805.0,-1.78,-0.07,0.11,13230400.0,13703208.0,751800.0,566515.0,,0.99,1.02,2.68,4.08,-5.79,0.66,4,1,0,0,0,1,2,,,,,,🔴,MUA EARLY,PULL XẤU,OBV gãy | RSI yếu | Slope âm | Pull xấu,🟡,,,,🔴 Yếu,,True
2026-08-25,VPX,🔴 YẾU,2,25300.0,2.02,-1.17,46.75,⏳ CHỜ,OBV xấu + Thiếu mẫu xác nhận,2026-08-25T20:27:33+07:00,7.86,25224.72,25317.5,-0.37,0.61,0.3,5689562.0,6055515.0,969138.0,993422.0,,0.71,0.86,4.76,4.76,-3.62,-1.17,2,1,0,0,0,1,0,,,,,,🔴,TÍCH LŨY,PULL XẤU,OBV gãy | RSI yếu | Slope âm | Pull xấu,🔴,,,,🔴 Yếu,,True
2026-08-25,VSC,🔴 YẾU,2,14950.0,2.75,1.01,49.95,⏳ CHỜ,OBV xấu + Vol chưa xác nhận + Thiếu mẫu xác nhận,2026-08-25T20:27:33+07:00,7.55,14830.82,14532.5,2.05,-0.02,0.8,286978366.0,291665840.0,32022034.0,12511807.0,,1.08,0.97,16.8,17.72,-5.38,-2.61,2,2,0,0,1,1,-2,,,,,,🔴,TÍCH LŨY,PULL XẤU,OBV gãy | RSI yếu | Pull xấu,🔴,,,,🟢 Tăng tốc,,True
2026-08-25,BMP,⚠️ YẾU DẦN,3,144500.0,-1.1,-3.02,41.24,🟠 HẠN CHẾ / GIẢM,OBV xấu + Thiếu mẫu xác nhận + Xu hướng giảm,2026-08-25T20:27:33+07:00,3.9,145584.64,147670.0,-1.41,-0.09,-0.75,1819800.0,1930174.0,66500.0,86665.0,,0.76,0.8,0.63,9.55,-5.86,-0.14,1,0,0,0,0,0,1,,,,,,🔴,THEO DÕI,PULL XẤU,OBV gãy | RSI yếu | Giá dưới EMA9 | Slope âm | Pull xấu,🔴,,,,🔴 Yếu,,True
2026-08-25,BVH,⚠️ YẾU DẦN,3,63600.0,-5.78,-3.64,48.15,🟠 HẠN CHẾ / GIẢM,OBV xấu + RS yếu + Thiếu mẫu xác nhận,2026-08-25T20:27:33+07:00,-9.49,65381.12,64765.0,0.95,-3.14,-2.72,15366200.0,16940618.0,691400.0,522570.0,,0.93,0.91,7.8,12.37,-7.83,-1.4,-1,0,0,0,1,0,-2,,,,,,🔴,THEO DÕI,PULL XẤU,OBV gãy | RSI yếu | RSI chững | Giá dưới EMA9 | Pull xấu,🔴,,,,🟡 Ổn định,,True
2026-08-25,FOX,⚠️ YẾU DẦN,3,63700.0,-1.24,-3.78,40.86,🟠 HẠN CHẾ / GIẢM,OBV xấu + Thiếu mẫu xác nhận,2026-08-25T20:27:33+07:00,-1.41,64329.87,64690.0,-0.56,-0.85,-0.98,5346000.0,5408669.0,63200.0,62285.0,,0.78,0.84,1.92,4.43,-5.35,-0.78,0,0,0,0,0,0,0,,,,,,🔴,THEO DÕI,PULL XẤU,OBV gãy | RSI yếu | RSI chững | Giá dưới EMA9 | Slope âm | Pull xấu,🔴,,,,🔴 Yếu,,False
2026-08-25,GEE,⚠️ YẾU DẦN,3,65000.0,-4.13,-12.52,39.04,🟠 HẠN CHẾ / GIẢM,OBV xấu + Xu hướng giảm + Thiếu mẫu xác nhận,2026-08-25T20:27:33+07:00,2.07,67178.17,68195.0,-1.49,-1.27,-3.24,88138900.0,90199882.0,2287600.0,1470110.0,,0.96,1.26,2.2,2.36,-16.34,-3.7,-2,0,0,0,0,0,-2,,,,,,🔴,THEO DÕI,PULL XẤU,OBV gãy | RSI yếu | Giá dưới EMA9 | Slope âm | Pull xấu,🔴,,,,🔴 Yếu,,True
2026-08-25,HVN,⚠️ YẾU DẦN,3,22600.0,-1.09,-4.64,44.21,🟠 HẠN CHẾ / GIẢM,OBV xấu + Thiếu mẫu xác nhận + Xu hướng giảm,2026-08-25T20:27:33+07:00,-0.65,22964.08,23125.0,-0.7,-1.48,-1.59,2735000.0,3663410.0,544100.0,862900.0,,0.54,0.68,5.12,7.62,-9.96,-1.31,1,0,0,0,0,0,1,,,,,,🔴,THEO DÕI,PULL XẤU,OBV gãy | RSI yếu | RSI chững | Giá dưới EMA9 | Slope âm | Pull xấu,🔴,,,,🔴 Yếu,,True
2026-08-25,IDC,⚠️ YẾU DẦN,3,32500.0,-1.22,-4.69,43.54,🟠 HẠN CHẾ / GIẢM,OBV xấu + Thiếu mẫu xác nhận,2026-08-25T20:27:33+07:00,7.32,32834.08,33110.0,-0.83,-0.58,-1.02,61148500.0,64029852.0,1177500.0,1053740.0,,1.09,1.02,2.2,3.17,-7.67,-0.61,0,0,0,0,0,0,0,,,,,,🔴,THEO DÕI,PULL XẤU,OBV gãy | RSI yếu | Giá dưới EMA9 | Slope âm | Pull xấu,🔴,,,,🔴 Yếu,,False
2026-08-25,KSB,⚠️ YẾU DẦN,3,13700.0,-0.72,2.62,49.05,🟠 HẠN CHẾ / GIẢM,OBV xấu + Thiếu mẫu xác nhận,2026-08-25T20:27:33+07:00,3.18,13730.91,13600.0,0.96,-0.33,-0.23,30804500.0,31864011.0,874800.0,1090915.0,,0.76,1.32,5.79,5.79,-6.8,-1.79,2,0,0,0,1,1,0,,,,,,🔴,TÍCH LŨY,PULL XẤU,OBV gãy | RSI yếu | Giá dưới EMA9 | Pull xấu,🔴,,,,🟡 Ổn định,,True
2026-08-25,LPB,⚠️ YẾU DẦN,3,49800.0,-0.4,-7.26,41.07,🟠 HẠN CHẾ / GIẢM,Vol chưa xác nhận + Xu hướng giảm + Thiếu mẫu xác nhận,2026-08-25T20:27:33+07:00,0.73,50564.59,51910.0,-2.59,-0.69,-1.51,161530264.0,160734740.0,7820264.0,3343473.0,,0.97,1.09,1.43,9.45,-9.12,1.32,4,0,0,2,0,0,2,,,,,,🟢,MUA EARLY,PULL XẤU,RSI yếu | Giá dưới EMA9 | Slope âm | Pull xấu,🟡,,,,🔴 Yếu,,True
2026-08-25,MSB,⚠️ YẾU DẦN,3,15600.0,-0.95,-4.0,41.28,🟠 HẠN CHẾ / GIẢM,OBV xấu + Vol chưa xác nhận + Thiếu mẫu xác nhận,2026-08-25T20:27:33+07:00,-2.87,15853.8,15989.8,-0.85,-0.3,-1.6,701197465.0,751046298.0,68029635.0,8738857.0,,0.72,0.95,0.32,9.86,-4.29,-1.89,-2,0,0,0,0,0,-2,,,,,,🔴,THEO DÕI,PULL XẤU,OBV gãy | RSI yếu | RSI chững | Giá dưới EMA9 | Slope âm | Pull xấu,🔴,,,,🔴 Yếu,,True
2026-08-25,NHA,⚠️ YẾU DẦN,3,8070.0,-0.48,-4.61,43.55,🟠 HẠN CHẾ / GIẢM,OBV xấu + Thiếu mẫu xác nhận,2026-08-25T20:27:33+07:00,10.37,8108.63,8181.9,-0.9,-0.46,-0.48,6670900.0,6740138.0,173400.0,109965.0,,1.49,1.13,3.86,6.18,-4.95,-5.06,-2,0,0,0,0,0,-2,,,,,,🔴,THEO DÕI,PULL XẤU,OBV gãy | RSI yếu | Giá dưới EMA9 | Slope âm | Pull xấu,🔴,,,,🔴 Yếu,,True
2026-08-25,NT2,⚠️ YẾU DẦN,3,21200.0,-0.47,-1.85,44.9,🟠 HẠN CHẾ / GIẢM,OBV xấu + Thiếu mẫu xác nhận,2026-08-25T20:27:33+07:00,-0.78,21314.2,21312.5,0.01,-0.3,-0.54,14058300.0,14522649.0,507200.0,500760.0,,0.94,0.87,1.92,3.41,-3.2,-0.7,1,0,0,0,1,0,0,,,,,,🔴,THEO DÕI,PULL XẤU,OBV gãy | RSI yếu | RSI chững | Giá dưới EMA9 | Pull xấu,🔴,,,,🟡 Ổn định,,True
2026-08-25,NTL,⚠️ YẾU DẦN,3,12800.0,-4.12,-6.23,35.11,🟠 HẠN CHẾ / GIẢM,OBV xấu + Xu hướng giảm + Thiếu mẫu xác nhận,2026-08-25T20:27:33+07:00,19.12,13040.53,13410.0,-2.76,0.42,-1.84,67175600.0,68072815.0,582100.0,531110.0,,2.3,1.36,2.81,2.81,-9.22,-3.4,0,0,0,0,0,0,0,,,,,,🔴,THEO DÕI,PULL XẤU,OBV gãy | RSI yếu | Giá dưới EMA9 | Slope âm | Pull xấu,🔴,,,,🔴 Yếu,,True
2026-08-25,NTP,⚠️ YẾU DẦN,3,50400.0,-2.89,4.56,53.06,🟠 HẠN CHẾ / GIẢM,OBV xấu + Thiếu mẫu xác nhận + RS yếu,2026-08-25T20:27:33+07:00,-2.87,50601.1,49740.0,1.73,-0.52,-0.4,10692700.0,10710580.0,140800.0,191975.0,,0.9,1.33,5.22,5.88,-7.35,-0.79,3,0,0,0,1,1,1,,,,,,🔴,MUA EARLY,PULL XẤU,OBV gãy | RSI yếu | RSI chững | Giá dưới EMA9 | Pull xấu,🟡,,,,🟡 Ổn định,,False
2026-08-25,POW,⚠️ YẾU DẦN,3,13300.0,-0.37,-3.27,42.64,🟠 HẠN CHẾ / GIẢM,OBV xấu + Thiếu mẫu xác nhận + Vol chưa xác nhận,2026-08-25T20:27:33+07:00,-1.61,13457.33,13565.0,-0.79,-0.2,-1.17,296738536.0,308978845.0,11591268.0,6708988.0,,0.76,0.84,0.38,0.76,-5.67,-1.85,-2,0,0,0,0,0,-2,,,,,,🔴,THEO DÕI,PULL XẤU,OBV gãy | RSI yếu | RSI chững | Giá dưới EMA9 | Slope âm | Pull xấu,🔴,,,,🔴 Yếu,,True
2026-08-25,REE,⚠️ YẾU DẦN,3,45200.0,-0.33,-4.34,39.58,🟠 HẠN CHẾ / GIẢM,OBV xấu + Xu hướng giảm + Thiếu mẫu xác nhận,2026-08-25T20:27:33+07:00,-1.78,45908.71,46465.0,-1.2,-0.78,-1.54,-11544200.0,-11418681.0,462700.0,410485.0,,0.68,0.7,1.57,3.08,-7.19,-2.48,0,0,0,0,0,0,0,,,,,,🔴,THEO DÕI,PULL XẤU,OBV gãy | RSI yếu | RSI chững | Giá dưới EMA9 | Slope âm | Pull xấu,🔴,,,,🔴 Yếu,,True
2026-08-25,STB,⚠️ YẾU DẦN,3,74200.0,-1.33,-0.13,53.93,🟠 HẠN CHẾ / GIẢM,OBV xấu + Thiếu mẫu xác nhận,2026-08-25T20:27:33+07:00,-2.18,74317.18,73545.0,1.05,-0.05,-0.16,403247737.0,406376560.0,4804963.0,3012023.0,,1.06,0.94,4.07,12.25,-2.5,-1.33,-1,0,0,0,1,0,-2,,,,,,🔴,THEO DÕI,PULL XẤU,OBV gãy | RSI yếu | RSI chững | Giá dưới EMA9 | Pull xấu,🔴,,,,🟡 Ổn định,,True
2026-08-25,VGT,⚠️ YẾU DẦN,3,11500.0,-0.86,3.51,56.64,🟠 HẠN CHẾ / GIẢM,OBV xấu + Thiếu mẫu xác nhận,2026-08-25T20:27:33+07:00,0.97,11492.79,11185.0,2.75,-1.16,0.06,16423300.0,16707876.0,511200.0,405325.0,,0.92,1.35,11.33,11.33,-7.11,0.0,5,2,1,0,1,1,0,,,,,,🔴,MUA EARLY,PULL XẤU,OBV gãy | Pull xấu,🟡,,,,🟢 Tăng tốc,,False
2026-08-25,VHC,⚠️ YẾU DẦN,3,52700.0,-1.31,1.15,42.19,🟠 HẠN CHẾ / GIẢM,OBV xấu + Thiếu mẫu xác nhận,2026-08-25T20:27:33+07:00,1.77,53001.18,53055.0,-0.1,-0.02,-0.57,2031500.0,2093987.0,321200.0,394540.0,,0.79,1.27,2.53,2.53,-5.56,-0.75,0,0,0,0,0,0,0,,,,,,🔴,THEO DÕI,PULL XẤU,OBV gãy | RSI yếu | Giá dưới EMA9 | Slope âm | Pull xấu,🔴,,,,🔴 Yếu,,True
2026-08-25,VNM,⚠️ YẾU DẦN,3,62600.0,0.81,0.97,60.18,🟠 HẠN CHẾ / GIẢM,OBV xấu + Thiếu mẫu xác nhận,2026-08-25T20:27:33+07:00,-11.07,62673.44,61580.0,1.78,-0.42,-0.12,-6727000.0,-3873096.0,3343900.0,4798350.0,,0.81,0.77,6.83,14.23,-2.8,-0.79,3,0,1,0,1,0,1,,,,,,🔴,MUA EARLY,PULL XẤU,OBV gãy | RSI chững | Giá dưới EMA9 | Pull xấu,🟡,,,,🟡 Ổn định,,True
2026-08-25,VTP,⚠️ YẾU DẦN,3,53600.0,-4.29,-1.65,53.01,🟠 HẠN CHẾ / GIẢM,OBV xấu + Thiếu mẫu xác nhận + RS yếu,2026-08-25T20:27:33+07:00,-6.67,54250.3,52330.0,3.67,-2.84,-1.2,8596300.0,9566598.0,385100.0,849005.0,,1.24,1.17,18.72,19.64,-7.75,-0.74,2,0,0,0,1,0,1,,,,,,🔴,TÍCH LŨY,PULL XẤU,OBV gãy | RSI yếu | RSI chững | Giá dưới EMA9 | Pull xấu,🔴,,,,🟢 Tăng tốc,,True
2026-08-26,ACV,🌱 ĐANG HỒI,0,42100.0,3.19,1.45,58.13,🟢 MUA / GIỮ,OBV tốt + RSI cải thiện + Vị trí giá tốt,2026-08-27T00:18:30+07:00,3.48,41473.24,40765.0,1.74,0.04,1.51,-60139600.0,-60942511.0,483700.0,526670.0,,0.8,0.79,8.23,9.64,-1.64,0.96,8,2,1,2,1,1,1,,,,,,🟢,PULL VỪA,PULL VỪA,,🟢,,,,🟡 Ổn định,,False
2026-08-26,ANV,🌱 ĐANG HỒI,0,17500.0,4.48,-3.05,48.24,🟢 MUA / GIỮ,OBV tốt + Vol xác nhận + Vị trí giá tốt,2026-08-27T00:18:30+07:00,5.26,17260.27,17310.0,-0.29,0.32,1.39,44240211.0,43937951.0,545889.0,550504.0,,0.95,1.12,4.79,8.37,-4.37,-0.28,3,1,0,1,0,1,0,,,,,,🟢,MUA EARLY,PULL XẤU,RSI yếu | Slope âm | Pull xấu,🟡,,,,🔴 Yếu,,True
2026-08-26,BID,🌱 ĐANG HỒI,0,36900.0,3.36,0.44,56.8,🟢 MUA / GIỮ,OBV tốt + Vị trí giá tốt + Vol xác nhận,2026-08-27T00:18:30+07:00,-0.39,36472.42,36135.5,0.93,-0.73,1.17,152325000.0,149631354.0,3772300.0,4300590.0,,0.8,0.83,5.85,13.61,-2.25,1.1,8,2,1,2,1,1,1,,,,,,🟢,PULL VỪA,PULL VỪA,RSI chững,🟡,,,,🟡 Ổn định,,True
2026-08-26,BSI,🌱 ĐANG HỒI,0,29150.0,5.42,0.52,50.29,🟢 MUA / GIỮ,OBV tốt + Vị trí giá tốt + Vol xác nhận,2026-08-27T00:18:30+07:00,-1.4,28698.23,28405.0,1.03,0.14,1.57,22055209.0,22007138.0,351809.0,373360.0,,0.99,0.93,5.62,11.05,-3.48,0.52,7,2,0,2,1,1,1,,,,,,🟢,MUA EARLY,PULL XẤU,RSI yếu | RSI chững | Pull xấu,🟡,,,,🟡 Ổn định,,True
2026-08-26,BSR,🌱 ĐANG HỒI,0,26850.0,0.56,1.32,56.11,🟢 MUA / GIỮ,OBV tốt + Vị trí giá tốt + RSI cải thiện,2026-08-27T00:18:30+07:00,-1.45,26692.1,26083.5,2.33,-0.86,0.59,681694400.0,672130321.0,7544200.0,9860945.0,,1.0,1.06,8.62,18.07,-3.76,0.75,6,2,1,2,1,0,0,,,,,,🟢,PULL VỪA,PULL VỪA,RSI chững,🟡,,,,🟢 Tăng tốc,,True
2026-08-26,C4G,🌱 ĐANG HỒI,0,5700.0,3.64,-1.72,46.74,🟢 MUA / GIỮ,OBV tốt + Vị trí giá tốt + RSI cải thiện,2026-08-27T00:18:30+07:00,6.15,5625.85,5625.0,0.02,0.64,1.32,15502200.0,15282027.0,60700.0,263545.0,,0.67,0.97,3.64,3.64,-3.39,1.79,5,2,0,1,1,1,0,,,,,,🟢,MUA EARLY,PULL XẤU,RSI yếu | Pull xấu,🟡,,,,🟡 Ổn định,,False
2026-08-26,CEO,🌱 ĐANG HỒI,0,13600.0,16.24,10.57,64.33,🟢 MUA / GIỮ,Xu hướng lên + OBV tốt + RS mạnh,2026-08-27T00:18:30+07:00,10.31,12701.84,12165.0,4.41,2.68,7.07,338653400.0,317693075.0,8413800.0,6785315.0,,1.47,1.14,19.3,25.93,0.74,2.26,11,2,1,2,2,2,2,,,,,,🟢,GÀ TĂNG TỐC,PULL XẤU,Pull xấu,🟡,,,,🟢 Tăng tốc,,False
2026-08-26,CII,🌱 ĐANG HỒI,0,14550.0,0.69,2.46,50.23,🟢 MUA / GIỮ,OBV tốt + Vol xác nhận + Vị trí giá tốt,2026-08-27T00:18:30+07:00,-2.21,14492.15,14155.0,2.38,-0.76,0.4,617871404.0,615923615.0,9027100.0,9419915.0,,1.25,1.17,11.07,15.02,-4.28,-0.68,5,2,0,1,1,1,0,,,,,,🟢,MUA EARLY,PULL XẤU,RSI yếu | RSI chững | Pull xấu,🟡,,,,🟢 Tăng tốc,,True
2026-08-26,CTD,🌱 ĐANG HỒI,0,63100.0,2.1,-0.63,51.78,🟢 MUA / GIỮ,OBV tốt + Vị trí giá tốt + RSI cải thiện,2026-08-27T00:18:30+07:00,2.72,62465.05,62225.0,0.39,-0.72,1.02,10636307.0,10498408.0,202007.0,327345.0,,0.84,0.78,6.77,14.52,-2.92,0.8,6,2,0,2,1,1,0,,,,,,🟢,MUA EARLY,PULL XẤU,RSI yếu | Pull xấu,🟡,,,,🟡 Ổn định,,True
2026-08-26,DBC,🌱 ĐANG HỒI,0,17700.0,10.97,5.99,65.4,🟢 MUA / GIỮ,OBV tốt + RSI cải thiện + RS mạnh,2026-08-27T00:18:30+07:00,18.77,16820.87,16567.5,1.53,2.15,5.23,15813200.0,9614665.0,3018702.0,1839255.0,,1.48,1.0,11.32,12.74,-0.28,0.28,10,2,2,1,1,2,2,,,,,,🟢,CP MẠNH,PULL XẤU,Pull xấu,🟡,,,,🟡 Ổn định,,True
2026-08-26,DGC,🌱 ĐANG HỒI,0,44400.0,7.64,1.37,57.17,🟢 MUA / GIỮ,OBV tốt + RSI cải thiện + Vị trí giá tốt,2026-08-27T00:18:30+07:00,4.42,43298.99,42290.0,2.39,-0.15,2.54,-121337100.0,-121598222.0,980600.0,533705.0,,0.86,0.84,13.7,23.33,-3.06,-2.42,4,2,1,1,1,1,-2,,,,,,🟢,MUA EARLY,PULL XẤU,Pull xấu,🟡,,,,🟢 Tăng tốc,,True
2026-08-26,DIG,🌱 ĐANG HỒI,0,11550.0,11.06,5.48,58.83,🟢 MUA / GIỮ,OBV tốt + RSI cải thiện + RS mạnh,2026-08-27T00:18:30+07:00,7.93,11039.4,10772.5,2.48,1.17,4.63,219995200.0,200174658.0,6363300.0,7932335.0,,0.97,0.92,14.93,19.2,0.87,2.21,10,2,1,2,2,2,1,,,,,,🟢,GÀ TĂNG TỐC,PULL XẤU,Pull xấu,🟡,,,,🟢 Tăng tốc,,True
2026-08-26,DPM,🌱 ĐANG HỒI,0,22250.0,3.01,-0.22,54.79,🟢 MUA / GIỮ,OBV tốt + Vị trí giá tốt + Vol xác nhận,2026-08-27T00:18:30+07:00,0.16,22034.52,21980.5,0.25,0.08,0.98,85461597.0,81134251.0,3136597.0,2648065.0,,0.89,0.8,3.49,7.75,-2.84,1.37,7,2,0,2,1,1,1,,,,,,🟢,MUA EARLY,PULL XẤU,RSI yếu | Pull xấu,🟡,,,,🟡 Ổn định,,True
2026-08-26,DPR,🌱 ĐANG HỒI,0,37300.0,3.32,2.19,56.52,🟢 MUA / GIỮ,OBV tốt + Vị trí giá tốt + RSI cải thiện,2026-08-27T00:18:30+07:00,2.34,36749.11,36377.5,1.02,0.11,1.5,24820293.0,24700795.0,452393.0,222920.0,,1.02,1.07,4.19,6.27,-0.53,1.08,9,2,1,2,1,1,2,,,,,,🟢,PULL VỪA,PULL VỪA,,🟢,,,,🟡 Ổn định,,True
2026-08-26,DRI,🌱 ĐANG HỒI,0,14100.0,4.44,2.92,61.84,🟢 MUA / GIỮ,OBV tốt + Vị trí giá tốt + Vol xác nhận,2026-08-27T00:18:30+07:00,-2.64,13792.48,13435.0,2.66,0.07,2.23,40746500.0,39898168.0,703100.0,555135.0,,1.21,1.23,9.3,12.8,-4.73,1.44,10,2,1,2,2,1,2,,,,,,🟢,GÀ TĂNG TỐC,PULL XẤU,RSI chững | Pull xấu,🟡,,,,🟢 Tăng tốc,,False
2026-08-26,DXG,🌱 ĐANG HỒI,0,12050.0,10.05,8.07,61.49,🟢 MUA / GIỮ,OBV tốt + RSI cải thiện + Xu hướng lên,2026-08-27T00:18:30+07:00,6.24,11508.76,11112.5,3.57,1.01,4.7,619694804.0,590705240.0,15763000.0,10526335.0,,0.99,1.11,16.99,20.86,0.42,2.12,11,2,1,2,2,2,2,,,,,,🟢,GÀ TĂNG TỐC,PULL XẤU,Pull xấu,🟡,,,,🟢 Tăng tốc,,True
2026-08-26,FCN,🌱 ĐANG HỒI,0,11600.0,4.04,2.2,62.65,🟢 MUA / GIỮ,OBV tốt + Vol xác nhận + RSI cải thiện,2026-08-27T00:18:30+07:00,11.01,11358.22,11127.5,2.07,0.17,2.13,39400592.0,38214197.0,486992.0,482050.0,,0.98,0.98,8.92,11.54,-1.28,0.87,9,2,1,2,2,1,1,,,,,,🟢,GÀ TĂNG TỐC,PULL XẤU,Pull xấu,🟡,,,,🟢 Tăng tốc,,True
2026-08-26,FPT,🌱 ĐANG HỒI,0,72600.0,5.37,2.54,60.87,🟢 MUA / GIỮ,OBV tốt + Vị trí giá tốt + RSI cải thiện,2026-08-27T00:18:30+07:00,0.31,70763.87,70180.0,0.83,-0.54,2.59,-412468673.0,-419743557.0,11432127.0,6225056.0,,0.76,0.81,8.36,16.72,-0.95,2.69,9,2,1,2,1,1,2,,,,,,🟢,CP MẠNH,PULL XẤU,Pull xấu,🟡,,,,🟡 Ổn định,,True
2026-08-26,FTS,🌱 ĐANG HỒI,0,22550.0,4.88,0.45,49.92,🟢 MUA / GIỮ,OBV tốt + Vị trí giá tốt + Vol xác nhận,2026-08-27T00:18:30+07:00,-3.53,22294.33,22072.5,1.0,-0.26,1.15,18275188.0,17972223.0,681488.0,905849.0,,0.91,0.91,5.37,12.19,-4.04,0.22,6,2,0,2,1,1,0,,,,,,🟢,MUA EARLY,PULL XẤU,RSI yếu | RSI chững | Pull xấu,🟡,,,,🟡 Ổn định,,True
2026-08-26,GAS,🌱 ĐANG HỒI,0,84100.0,0.48,5.13,63.65,🟢 MUA / GIỮ,OBV tốt + Vol xác nhận + Vị trí giá tốt,2026-08-27T00:18:30+07:00,-1.0,82303.42,77520.0,6.17,-1.26,2.18,46991900.0,44701504.0,1587700.0,1621165.0,,1.16,1.16,22.59,30.59,-4.0,1.33,8,2,1,2,1,1,1,,,,,,🟢,GÀ TĂNG TỐC,PULL XẤU,RSI chững | Pull xấu,🟡,,,,🟢 Tăng tốc,,True
2026-08-26,GEX,🌱 ĐANG HỒI,0,26200.0,6.5,0.19,56.26,🟢 MUA / GIỮ,OBV tốt + Vị trí giá tốt + RSI cải thiện,2026-08-27T00:18:30+07:00,-0.7,25578.3,24930.0,2.6,-1.38,2.43,535367066.0,532345324.0,8260966.0,12480683.0,,0.84,0.86,18.55,29.06,-2.6,0.96,7,2,1,2,1,1,0,,,,,,🟢,MUA EARLY,PULL XẤU,RSI chững | Pull xấu,🟡,,,,🟢 Tăng tốc,,True
2026-08-26,GVR,🌱 ĐANG HỒI,0,33400.0,5.36,3.57,65.82,🟢 MUA / GIỮ,OBV tốt + RSI cải thiện + Xu hướng lên,2026-08-27T00:18:30+07:00,6.17,32078.55,30675.0,4.58,-1.06,4.12,274979810.0,259933025.0,12497310.0,3073006.0,,0.89,1.14,21.45,28.46,0.3,2.77,10,2,2,2,1,1,2,,,,,,🟢,GÀ TĂNG TỐC,PULL XẤU,Pull xấu,🟡,🟢 GREEN 2,,,🟢 Tăng tốc,,True
2026-08-26,HAG,🌱 ĐANG HỒI,0,14250.0,1.79,0.71,51.24,🟢 MUA / GIỮ,OBV tốt + Vị trí giá tốt + RSI cải thiện,2026-08-27T00:18:30+07:00,4.17,14176.95,14117.5,0.42,0.21,0.52,392485805.0,390363451.0,1405095.0,1768510.0,,0.86,0.89,1.79,4.01,-2.4,-0.7,6,2,0,1,1,1,1,,,,,,🟢,MUA EARLY,PULL XẤU,RSI yếu | Pull xấu,🟡,,,,🟡 Ổn định,,True
2026-08-26,HCM,🌱 ĐANG HỒI,0,26500.0,6.64,1.34,61.45,🟢 MUA / GIỮ,OBV tốt + Vol xác nhận + Vị trí giá tốt,2026-08-27T00:18:30+07:00,1.55,25915.69,25622.5,1.14,0.95,2.25,563499692.0,561130107.0,5123292.0,4694815.0,,0.96,0.93,6.64,14.27,-3.11,0.95,8,2,1,2,1,1,1,,,,,,🟢,CP MẠNH,PULL XẤU,Pull xấu,🟡,🟢 GREEN 2,,,🟡 Ổn định,,True
2026-08-26,HDB,🌱 ĐANG HỒI,0,27750.0,3.93,2.02,62.0,🟢 MUA / GIỮ,OBV tốt + Vị trí giá tốt + RSI cải thiện,2026-08-27T00:18:30+07:00,2.6,27124.96,26712.5,1.54,-0.16,2.3,990148480.0,953826436.0,34749380.0,10991804.0,,1.11,1.03,10.12,10.56,-0.89,2.78,9,2,1,2,1,1,2,,,,,,🟢,CP MẠNH,PULL XẤU,Pull xấu,🟡,,,,🟡 Ổn định,,True
2026-08-26,HDC,🌱 ĐANG HỒI,0,12350.0,6.01,3.35,51.19,🟢 MUA / GIỮ,OBV tốt + Vị trí giá tốt + RSI cải thiện,2026-08-27T00:18:30+07:00,2.87,12112.4,11885.0,1.91,0.71,1.96,161253400.0,160058896.0,821300.0,1117475.0,,1.09,0.98,8.33,13.3,-3.14,0.0,5,2,0,1,1,1,0,,,,,,🟢,MUA EARLY,PULL XẤU,RSI yếu | Pull xấu,🟡,,,,🟡 Ổn định,,True
2026-08-26,HHS,🌱 ĐANG HỒI,0,10950.0,10.94,9.61,61.36,🟢 MUA / GIỮ,OBV tốt + Xu hướng lên + RSI cải thiện,2026-08-27T00:18:30+07:00,5.43,10461.84,10099.5,3.59,2.49,4.67,161473600.0,159004447.0,1317500.0,1148385.0,,1.45,1.08,15.02,16.49,-1.35,0.92,10,2,1,2,2,2,1,,,,,,🟢,GÀ TĂNG TỐC,PULL XẤU,Pull xấu,🟡,,,,🟢 Tăng tốc,,True
2026-08-26,HHV,🌱 ĐANG HỒI,0,10250.0,3.54,-0.49,53.45,🟢 MUA / GIỮ,OBV tốt + Vị trí giá tốt + Vol xác nhận,2026-08-27T00:18:30+07:00,3.84,10127.95,10104.5,0.23,0.18,1.21,178347200.0,171550106.0,3348500.0,2900235.0,,1.16,1.1,3.54,4.59,-2.38,0.49,7,2,0,2,1,1,1,,,,,,🟢,MUA EARLY,PULL XẤU,RSI yếu | Pull xấu,🟡,,✅ EARLY GREEN2,,🟡 Ổn định,,True
2026-08-26,HPG,🌱 ĐANG HỒI,0,22050.0,4.01,-0.23,53.13,🟢 MUA / GIỮ,OBV tốt + Vị trí giá tốt + RSI cải thiện,2026-08-27T00:18:30+07:00,4.12,21733.75,21780.0,-0.21,0.55,1.46,331017824.0,319691988.0,19394800.0,22026540.0,,0.96,0.94,5.0,8.35,-2.65,1.15,5,1,0,2,0,1,1,,,,,,🟢,MUA EARLY,PULL XẤU,RSI yếu | Slope âm | Pull xấu,🟡,,,,🔴 Yếu,,True
2026-08-26,HSG,🌱 ĐANG HỒI,0,10900.0,3.32,0.0,51.15,🟢 MUA / GIỮ,OBV tốt + Vị trí giá tốt + RSI cải thiện,2026-08-27T00:18:30+07:00,0.9,10799.95,10782.5,0.16,0.32,0.93,51486601.0,48739683.0,2642101.0,1901075.0,,1.24,1.04,3.81,8.46,-1.8,0.46,8,2,0,2,1,1,2,,,,,,🟢,MUA EARLY,PULL XẤU,RSI yếu | Pull xấu,🟡,,,,🟡 Ổn định,,True
2026-08-26,KDH,🌱 ĐANG HỒI,0,18400.0,5.75,1.38,51.38,🟢 MUA / GIỮ,OBV tốt + Vol xác nhận + Vị trí giá tốt,2026-08-27T00:18:30+07:00,4.66,18040.83,17910.0,0.73,0.41,1.99,-11286500.0,-17559658.0,5465800.0,5347600.0,,1.16,1.06,7.29,12.2,-2.13,0.55,7,2,0,2,1,1,1,,,,,,🟢,MUA EARLY,PULL XẤU,RSI yếu | Pull xấu,🟡,,,,🟡 Ổn định,,True
2026-08-26,MBB,🌱 ĐANG HỒI,0,21050.0,5.51,2.93,65.9,🟢 MUA / GIỮ,OBV tốt + Vị trí giá tốt + RSI cải thiện,2026-08-27T00:18:30+07:00,0.7,20514.92,20130.5,1.91,-0.38,2.61,937301816.0,923225397.0,18747100.0,13105145.0,,0.84,0.79,12.33,16.75,-0.71,1.94,10,2,2,2,1,1,2,,,,,,🟢,CP MẠNH,PULL XẤU,Pull xấu,🟡,,,,🟡 Ổn định,,True
2026-08-26,MCH,🌱 ĐANG HỒI,0,141900.0,3.88,4.19,67.37,🟢 MUA / GIỮ,OBV tốt + Vị trí giá tốt + RSI cải thiện,2026-08-27T00:18:30+07:00,5.66,139217.37,137421.0,1.31,0.92,1.93,14796780.0,12565043.0,1464280.0,468794.0,,1.06,0.87,5.19,13.84,-0.42,-0.14,6,2,2,2,1,1,-2,,,,,,🟢,PULL VỪA,PULL VỪA,,🟢,,,,🟡 Ổn định,,True
2026-08-26,MML,🌱 ĐANG HỒI,0,29300.0,4.27,4.27,61.48,🟢 MUA / GIỮ,OBV tốt + Vol xác nhận + RSI cải thiện,2026-08-27T00:18:30+07:00,9.64,28580.75,28370.0,0.74,0.56,2.52,-1419600.0,-1462415.0,23600.0,22085.0,,0.81,0.88,6.16,10.57,-1.01,-11.75,7,2,1,2,1,1,0,,,,,,🟢,MUA EARLY,PULL XẤU,Pull xấu,🟡,,,,🟡 Ổn định,,False
2026-08-26,MSN,🌱 ĐANG HỒI,0,70100.0,5.57,4.32,60.56,🟢 MUA / GIỮ,OBV tốt + Vị trí giá tốt + RSI cải thiện,2026-08-27T00:18:30+07:00,0.25,68732.65,67760.0,1.44,0.59,1.99,125303436.0,115624590.0,7070136.0,4288492.0,,1.33,1.14,6.05,9.7,-0.99,0.86,9,2,1,2,1,1,2,,,,,,🟢,PULL VỪA,PULL VỪA,,🟢,,,,🟡 Ổn định,,True
2026-08-26,MSR,🌱 ĐANG HỒI,0,43700.0,1.63,12.63,70.59,🟢 MUA / GIỮ,OBV tốt + Vị trí giá tốt + Xu hướng lên,2026-08-27T00:18:30+07:00,-2.73,42785.47,40510.0,5.62,-0.54,2.14,22783600.0,21482152.0,855800.0,1542205.0,,1.17,1.2,20.39,32.83,-2.89,-0.68,7,2,1,1,1,1,1,,,,,,🟢,GÀ TĂNG TỐC,PULL XẤU,RSI chững | Pull xấu,🟡,,,,🟢 Tăng tốc,,False
2026-08-26,MWG,🌱 ĐANG HỒI,0,75500.0,4.57,2.03,57.84,🟢 MUA / GIỮ,OBV tốt + Vị trí giá tốt + RSI cải thiện,2026-08-27T00:18:30+07:00,0.5,73948.71,72780.0,1.61,-1.01,2.1,251509549.0,247257283.0,2841249.0,3597327.0,,0.79,0.74,8.17,21.13,-0.13,2.17,7,2,1,2,1,1,0,,,,,,🟢,MUA EARLY,PULL XẤU,Pull xấu,🟡,,,,🟡 Ổn định,,True
2026-08-26,NKG,🌱 ĐANG HỒI,0,11050.0,4.74,-1.34,50.24,🟢 MUA / GIỮ,OBV tốt + Vị trí giá tốt + Vol xác nhận,2026-08-27T00:18:30+07:00,3.93,10939.25,10982.5,-0.39,0.57,1.01,277854400.0,276403218.0,1537500.0,1646920.0,,0.81,0.91,4.74,6.25,-3.07,0.45,5,1,0,2,0,1,1,,,,,,🟢,MUA EARLY,PULL XẤU,RSI yếu | Slope âm | Pull xấu,🟡,,,,🔴 Yếu,,True
2026-08-26,NLG,🌱 ĐANG HỒI,0,24500.0,5.83,8.17,60.47,🟢 MUA / GIỮ,OBV tốt + RSI cải thiện + Xu hướng lên,2026-08-27T00:18:30+07:00,1.97,23760.2,22857.5,3.95,-0.27,3.11,63456541.0,55833850.0,7892841.0,2796307.0,,0.98,0.9,13.69,22.5,-0.61,1.87,10,2,1,2,1,2,2,,,,,,🟢,GÀ TĂNG TỐC,PULL XẤU,Pull xấu,🟡,,,,🟢 Tăng tốc,,True
2026-08-26,OCB,🌱 ĐANG HỒI,0,10950.0,0.92,0.0,58.43,🟢 MUA / GIỮ,OBV tốt + Vị trí giá tốt + RSI cải thiện,2026-08-27T00:18:30+07:00,0.78,10903.95,10707.5,1.83,-0.82,0.42,121836200.0,119144352.0,1944075.0,2547069.0,,0.87,0.97,7.88,9.5,-1.35,0.46,5,2,1,1,1,0,0,,,,,,🟢,PULL VỪA,PULL VỪA,,🟡,,,,🟡 Ổn định,,True
2026-08-26,OIL,🌱 ĐANG HỒI,0,13800.0,2.99,2.99,56.41,🟢 MUA / GIỮ,OBV tốt + RSI cải thiện + Vị trí giá tốt,2026-08-27T00:18:30+07:00,4.41,13556.94,13355.0,1.51,0.67,1.79,97402500.0,94450194.0,1640400.0,1349980.0,,1.2,1.03,6.98,8.66,-2.82,0.73,9,2,1,2,1,1,2,,,,,,🟢,PULL VỪA,PULL VỪA,,🟢,,,,🟡 Ổn định,,False
2026-08-26,PNJ,🌱 ĐANG HỒI,0,43100.0,20.73,22.97,60.58,🟢 MUA / GIỮ,Xu hướng lên + OBV tốt + RSI cải thiện,2026-08-27T00:18:30+07:00,7.34,39707.6,36632.5,8.39,3.84,8.54,-51154360.0,-61596030.0,8402240.0,6634732.0,,1.11,0.82,39.03,40.16,-5.38,0.82,11,2,1,2,2,2,2,,,,,,🟢,GÀ TĂNG TỐC,PULL XẤU,Pull xấu,🟡,,,,🟢 Tăng tốc,,True
2026-08-26,PVB,🌱 ĐANG HỒI,0,22200.0,1.37,3.74,53.3,🟢 MUA / GIỮ,OBV tốt + Vị trí giá tốt + RSI cải thiện,2026-08-27T00:18:30+07:00,2.0,21939.47,21500.0,2.04,0.13,1.19,1948800.0,1812188.0,69700.0,87035.0,,0.91,1.13,8.29,8.29,-5.53,0.91,8,2,0,2,2,1,1,,,,,,🟢,MUA EARLY,PULL XẤU,RSI yếu | Pull xấu,🟡,,,,🟢 Tăng tốc,,False
2026-08-26,PVC,🌱 ĐANG HỒI,0,12400.0,2.48,-1.59,52.16,🟢 MUA / GIỮ,OBV tốt + Vị trí giá tốt + RSI cải thiện,2026-08-27T00:18:30+07:00,4.44,12221.62,12090.0,1.09,0.23,1.46,61352200.0,60679001.0,623600.0,497045.0,,1.01,1.08,6.9,7.83,-2.36,0.81,8,2,0,2,1,1,2,,,,,,🟢,MUA EARLY,PULL XẤU,RSI yếu | Pull xấu,🟡,,,,🟡 Ổn định,,False
2026-08-26,PVD,🌱 ĐANG HỒI,0,19600.0,6.52,4.81,61.11,🟢 MUA / GIỮ,OBV tốt + RSI cải thiện + Xu hướng lên,2026-08-27T00:18:30+07:00,9.36,18870.92,18425.0,2.42,1.91,3.86,286623800.0,279514565.0,6021400.0,3394580.0,,1.1,1.05,10.42,12.0,-0.76,2.62,10,2,1,2,2,1,2,,,,,,🟢,GÀ TĂNG TỐC,PULL XẤU,Pull xấu,🟡,,,,🟢 Tăng tốc,,True
2026-08-26,PVS,🌱 ĐANG HỒI,0,39500.0,9.72,10.96,70.57,🟢 MUA / GIỮ,OBV tốt + Xu hướng lên + RS mạnh,2026-08-27T00:18:30+07:00,10.89,37173.56,35560.0,4.54,1.71,6.26,144754500.0,135203015.0,5724500.0,2678955.0,,1.37,1.2,16.18,19.34,2.6,3.95,12,2,2,2,2,2,2,,,,,,🟢,GÀ TĂNG TỐC,PULL XẤU,Pull xấu,🟡,,,,🟢 Tăng tốc,,False
2026-08-26,PVT,🌱 ĐANG HỒI,0,20250.0,-0.74,0.75,60.54,🟢 MUA / GIỮ,OBV tốt + Vol xác nhận + Vị trí giá tốt,2026-08-27T00:18:30+07:00,-4.99,20179.24,19520.0,3.38,-2.24,0.35,26631400.0,20326434.0,4668100.0,4531090.0,,0.96,1.12,13.45,24.23,-3.57,0.5,7,2,1,2,1,0,1,,,,,,🟢,GÀ TĂNG TỐC,PULL VỪA,RSI chững,🟡,,,,🟢 Tăng tốc,,True
2026-08-26,SAB,🌱 ĐANG HỒI,0,46150.0,0.54,-0.32,56.31,🟢 MUA / GIỮ,OBV tốt + Vol xác nhận + Vị trí giá tốt,2026-08-27T00:18:30+07:00,-5.3,46084.29,45460.0,1.37,-0.89,0.14,-5666446.0,-6473328.0,811454.0,864008.0,,1.07,1.01,6.34,7.33,-2.22,0.11,7,2,1,2,1,0,1,,,,,,🟢,PULL VỪA,PULL VỪA,RSI chững,🟡,🟢 GREEN 2,✅ EARLY GREEN2,,🟡 Ổn định,,True
2026-08-26,SSB,🌱 ĐANG HỒI,0,16000.0,6.31,3.56,64.73,🟢 MUA / GIỮ,OBV tốt + RSI cải thiện + Vị trí giá tốt,2026-08-27T00:18:30+07:00,16.01,15500.55,15355.0,0.95,1.71,3.22,65660475.0,39504950.0,27782875.0,3447039.0,,1.09,1.02,6.31,11.89,-0.31,0.63,9,2,1,2,1,1,2,,,,,,🟢,CP MẠNH,PULL XẤU,Pull xấu,🟡,🟢 GREEN 2,,,🟡 Ổn định,,True
2026-08-26,SSI,🌱 ĐANG HỒI,0,21650.0,11.6,7.07,67.07,🟢 MUA / GIỮ,OBV tốt + Xu hướng lên + RS mạnh,2026-08-27T00:18:30+07:00,6.72,20596.78,19932.0,3.34,1.45,5.11,1063654788.0,1015131542.0,27952800.0,21801715.0,,1.16,1.1,15.04,23.08,0.23,2.61,12,2,2,2,2,2,2,,,,,,🟢,GÀ TĂNG TỐC,PULL XẤU,Pull xấu,🟡,,,,🟢 Tăng tốc,,True
2026-08-26,SZC,🌱 ĐANG HỒI,0,19850.0,3.93,-1.49,52.9,🟢 MUA / GIỮ,OBV tốt + Vol xác nhận + Vị trí giá tốt,2026-08-27T00:18:30+07:00,1.53,19541.73,19232.5,1.61,-1.03,1.58,-21275657.0,-21925223.0,586943.0,523847.0,,0.98,1.01,12.46,15.74,-3.87,1.28,7,2,0,2,1,1,1,,,,,,🟢,MUA EARLY,PULL XẤU,RSI yếu | Pull xấu,🟡,,,,🟡 Ổn định,,True
2026-08-26,TCB,🌱 ĐANG HỒI,0,33450.0,7.9,6.19,66.71,🟢 MUA / GIỮ,OBV tốt + RSI cải thiện + RS mạnh,2026-08-27T00:18:30+07:00,10.06,31672.06,30822.5,2.76,-0.15,5.61,474562556.0,435029103.0,55800560.0,17409723.0,,0.66,0.93,15.54,18.41,4.04,7.04,11,2,2,2,1,2,2,,,,,,🟢,GÀ TĂNG TỐC,PULL XẤU,Pull xấu,🟡,,,,🟢 Tăng tốc,,True
2026-08-26,TCH,🌱 ĐANG HỒI,0,13550.0,16.81,11.07,62.97,🟢 MUA / GIỮ,OBV tốt + Xu hướng lên + RS mạnh,2026-08-27T00:18:30+07:00,11.77,12645.81,12182.5,3.8,2.85,7.15,162158500.0,148995764.0,9584900.0,5887640.0,,1.4,1.13,18.86,23.18,1.88,2.65,11,2,1,2,2,2,2,,,,,,🟢,GÀ TĂNG TỐC,PULL XẤU,Pull xấu,🟡,,,,🟢 Tăng tốc,,True
2026-08-26,TCM,🌱 ĐANG HỒI,0,17700.0,7.27,6.31,59.41,🟢 MUA / GIỮ,OBV tốt + RSI cải thiện + Xu hướng lên,2026-08-27T00:18:30+07:00,26.01,16951.61,16687.5,1.58,2.04,4.41,-5392500.0,-8441295.0,4483097.0,1166640.0,,1.35,0.99,8.59,8.59,0.0,-0.56,5,2,1,1,1,2,-2,,,,,,🟢,MUA EARLY,PULL XẤU,Pull xấu,🟡,,,,🟡 Ổn định,,True
2026-08-26,TCX,🌱 ĐANG HỒI,0,41750.0,5.83,3.09,57.26,🟢 MUA / GIỮ,OBV tốt + RSI cải thiện + Vị trí giá tốt,2026-08-27T00:18:30+07:00,3.62,40472.92,40185.0,0.72,0.24,3.16,22244417.0,19821096.0,3888717.0,1841721.0,,1.05,0.95,6.64,11.33,0.48,3.34,9,2,1,2,1,1,2,,,,,,🟢,CP MẠNH,PULL XẤU,Pull xấu,🟡,,,,🟡 Ổn định,,True
2026-08-26,VCB,🌱 ĐANG HỒI,0,60300.0,5.05,1.01,59.77,🟢 MUA / GIỮ,OBV tốt + RSI cải thiện + Vị trí giá tốt,2026-08-27T00:18:30+07:00,6.45,59088.12,59090.0,-0.0,-0.36,2.05,137822145.0,126256057.0,7226945.0,5142952.0,,0.89,0.8,6.73,11.67,-1.15,1.86,7,1,1,2,0,1,2,,,,,,🟢,MUA EARLY,PULL XẤU,Slope âm | Pull xấu,🟡,🟢 GREEN 2,,,🔴 Yếu,,True
2026-08-26,VCG,🌱 ĐANG HỒI,0,16150.0,4.19,0.01,51.61,🟢 MUA / GIỮ,OBV tốt + Vol xác nhận + Vị trí giá tốt,2026-08-27T00:18:30+07:00,4.83,15944.92,15827.35,0.74,0.38,1.29,241582869.0,237971237.0,2672769.0,2396528.0,,1.04,0.93,4.19,6.95,-2.71,-0.31,6,2,0,2,1,1,0,,,,,,🟢,MUA EARLY,PULL XẤU,RSI yếu | Pull xấu,🟡,,,,🟡 Ổn định,,True
2026-08-26,VCI,🌱 ĐANG HỒI,0,22500.0,7.4,2.04,56.48,🟢 MUA / GIỮ,OBV tốt + RSI cải thiện + Vị trí giá tốt,2026-08-27T00:18:30+07:00,3.34,21900.65,21722.5,0.82,0.16,2.74,180908466.0,158900477.0,13761866.0,9883298.0,,1.12,0.97,8.7,21.95,-1.53,0.45,9,2,1,2,1,1,2,,,,,,🟢,CP MẠNH,PULL XẤU,Pull xấu,🟡,,✅ EARLY GREEN2,,🟡 Ổn định,,True
2026-08-26,VDS,🌱 ĐANG HỒI,0,12250.0,5.6,0.82,48.87,🟢 MUA / GIỮ,OBV tốt + Vị trí giá tốt + Vol xác nhận,2026-08-27T00:18:30+07:00,-2.3,12086.3,11995.0,0.76,0.37,1.35,48330099.0,47650545.0,745799.0,823840.0,,1.04,0.9,5.6,9.38,-4.3,0.41,7,2,0,2,1,1,1,,,,,,🟢,MUA EARLY,PULL XẤU,RSI yếu | RSI chững | Pull xấu,🟡,,,,🟡 Ổn định,,True
2026-08-26,VGI,🌱 ĐANG HỒI,0,87400.0,2.58,0.69,56.46,🟢 MUA / GIỮ,OBV tốt + Vị trí giá tốt + RSI cải thiện,2026-08-27T00:18:30+07:00,-2.26,86459.48,85115.0,1.58,-1.49,1.09,-12545600.0,-12758203.0,244600.0,377650.0,,0.97,0.99,10.91,17.16,-5.0,1.27,7,2,1,2,1,1,0,,,,,,🟢,PULL VỪA,PULL VỪA,RSI chững,🟡,,,,🟡 Ổn định,,False
2026-08-26,VGS,🌱 ĐANG HỒI,0,18400.0,3.95,0.0,49.44,🟢 MUA / GIỮ,OBV tốt + Vol xác nhận + Vị trí giá tốt,2026-08-27T00:18:30+07:00,3.22,18234.18,18070.0,0.91,0.37,0.91,4857600.0,4788950.0,112900.0,106540.0,,1.14,1.0,3.95,8.24,-5.15,0.55,6,2,0,1,1,1,1,,,,,,🟢,MUA EARLY,PULL XẤU,RSI yếu | Pull xấu,🟡,,,,🟡 Ổn định,,False
2026-08-26,VHM,🌱 ĐANG HỒI,0,73600.0,6.51,-0.27,55.89,🟢 MUA / GIỮ,OBV tốt + Vol xác nhận + RSI cải thiện,2026-08-27T00:18:30+07:00,4.41,72009.73,72542.5,-0.73,0.72,2.21,383484900.0,371538439.0,7925572.0,7418569.0,,0.75,0.87,7.92,16.0,-9.91,0.41,5,1,1,1,0,1,1,,,,,,🟢,MUA EARLY,PULL XẤU,Slope âm | Pull xấu,🟡,,,,🔴 Yếu,,True
2026-08-26,VIC,🌱 ĐANG HỒI,0,230000.0,15.0,6.73,65.48,🟢 MUA / GIỮ,OBV tốt + RS mạnh + RSI cải thiện,2026-08-27T00:18:30+07:00,20.82,213468.26,211485.0,0.94,3.79,7.74,328202081.0,310501846.0,10015081.0,5577024.0,,1.04,1.07,16.16,19.79,1.19,4.97,11,2,2,2,1,2,2,,,,,,🟢,MUA BREAK,PULL XẤU,Pull xấu,🟡,,,,🟡 Ổn định,,True
2026-08-26,VIX,🌱 ĐANG HỒI,0,14350.0,14.98,5.36,62.08,🟢 MUA / GIỮ,OBV tốt + RSI cải thiện + RS mạnh,2026-08-27T00:18:30+07:00,8.32,13514.22,13136.5,2.88,1.44,6.18,1685014392.0,1546266854.0,69114556.0,47733313.0,,1.04,0.99,15.91,28.24,0.0,2.14,11,2,1,2,2,2,2,,,,,,🟢,GÀ TĂNG TỐC,PULL XẤU,Pull xấu,🟡,,,,🟢 Tăng tốc,,True
2026-08-26,VJC,🌱 ĐANG HỒI,0,127000.0,3.17,-0.55,51.48,🟢 MUA / GIỮ,OBV tốt + Vị trí giá tốt + RSI cải thiện,2026-08-27T00:18:30+07:00,9.92,124945.25,125130.0,-0.15,0.44,1.64,26977205.0,23457216.0,2375205.0,1433450.0,,0.99,1.0,3.17,3.17,-1.17,1.84,6,1,0,2,0,1,2,,,,,,🟢,MUA EARLY,PULL XẤU,RSI yếu | Slope âm | Pull xấu,🟡,,✅ EARLY GREEN2,,🔴 Yếu,,True
2026-08-26,VND,🌱 ĐANG HỒI,0,16900.0,7.3,0.6,52.56,🟢 MUA / GIỮ,OBV tốt + Vị trí giá tốt + RS mạnh,2026-08-27T00:18:30+07:00,0.04,16580.23,16617.45,-0.22,0.72,1.93,526967583.0,526492125.0,17331271.0,10620729.0,,1.13,1.03,7.3,10.1,-2.59,0.9,6,1,0,2,0,1,2,,,,,,🟢,MUA EARLY,PULL XẤU,RSI yếu | Slope âm | Pull xấu,🟡,,,,🔴 Yếu,,True
2026-08-26,VPB,🌱 ĐANG HỒI,0,26750.0,7.65,4.09,63.67,🟢 MUA / GIỮ,OBV tốt + RSI cải thiện + Vị trí giá tốt,2026-08-27T00:18:30+07:00,10.0,25842.84,25435.0,1.6,1.39,3.51,1367112533.0,1316068129.0,33112741.0,14954487.0,,1.01,0.98,8.08,9.86,0.38,1.9,9,2,1,2,1,1,2,,,,,,🟢,CP MẠNH,PULL XẤU,Pull xấu,🟡,🟢 GREEN 2,,,🟡 Ổn định,,True
2026-08-26,VRE,🌱 ĐANG HỒI,0,25600.0,6.22,0.59,55.1,🟢 MUA / GIỮ,OBV tốt + Vol xác nhận + RSI cải thiện,2026-08-27T00:18:30+07:00,2.19,25006.41,25042.5,-0.14,-0.69,2.37,430341436.0,428558853.0,5617736.0,6049872.0,,0.73,0.78,6.89,20.19,-4.48,1.19,6,1,1,2,0,1,1,,,,,,🟢,MUA EARLY,PULL XẤU,Slope âm | Pull xấu,🟡,,✅ EARLY GREEN2,🌱 EARLY DRY GREEN2,🔴 Yếu,,True
2026-08-26,VSC,🌱 ĐANG HỒI,0,14950.0,2.75,0.67,49.95,🟢 MUA / GIỮ,OBV tốt + Vol xác nhận + Vị trí giá tốt,2026-08-27T00:18:30+07:00,-4.16,14854.66,14640.0,1.47,-1.06,0.64,300818000.0,295710613.0,12436627.0,12152581.0,,1.23,1.02,9.52,17.72,-5.38,0.34,6,2,0,1,1,1,1,,,,,,🟢,MUA EARLY,PULL XẤU,RSI yếu | RSI chững | Pull xấu,🟡,,,,🟡 Ổn định,,True
2026-08-26,ACB,🟡 TRUNG TÍNH,1,22250.0,2.06,-2.2,48.91,👀 THEO DÕI,OBV tốt + Vị trí giá tốt + Vol xác nhận,2026-08-27T00:18:30+07:00,-7.38,22248.48,22280.0,-0.14,0.25,0.01,-14994100.0,-18180919.0,7440600.0,9572430.0,,0.82,0.88,2.77,2.77,-2.41,0.0,4,1,0,2,0,1,0,,,,,,🟢,MUA EARLY,PULL XẤU,RSI yếu | RSI chững | Slope âm | Pull xấu,🟡,,,,🔴 Yếu,,True
2026-08-26,BAF,🟡 TRUNG TÍNH,1,32300.0,0.94,2.7,68.56,👀 THEO DÕI,OBV tốt + Vol xác nhận + Vị trí giá tốt,2026-08-27T00:18:30+07:00,-8.46,32134.03,31457.5,2.15,-0.58,0.52,106750177.0,106211866.0,2630023.0,2339171.0,,1.15,1.07,8.94,12.19,-2.12,-1.22,6,2,1,1,1,1,0,,,,,,🟢,PULL VỪA,PULL VỪA,RSI chững,🟡,,,,🟢 Tăng tốc,,True
2026-08-26,CMG,🟡 TRUNG TÍNH,1,24100.0,2.12,-2.43,42.48,👀 THEO DÕI,OBV tốt + Vol xác nhận + Vị trí giá tốt,2026-08-27T00:18:30+07:00,-4.25,24203.39,24477.5,-1.12,-0.22,-0.43,-7641300.0,-7670550.0,123000.0,146315.0,,0.78,0.83,2.12,2.12,-6.41,-0.82,2,0,0,1,0,1,0,,,,,,🟢,TÍCH LŨY,PULL XẤU,RSI yếu | RSI chững | Giá dưới EMA9 | Slope âm | Pull xấu,🔴,,,,🔴 Yếu,,True
2026-08-26,CSV,🟡 TRUNG TÍNH,1,21600.0,2.13,-2.48,47.38,👀 THEO DÕI,OBV tốt + Vol xác nhận + Vị trí giá tốt,2026-08-27T00:18:30+07:00,-0.18,21537.25,21667.5,-0.6,-0.62,0.29,-3336970.0,-3610368.0,355330.0,304456.0,,0.78,0.78,3.1,8.0,-4.42,0.7,5,1,0,2,0,1,1,,,,,,🟢,MUA EARLY,PULL XẤU,RSI yếu | RSI chững | Slope âm | Pull xấu,🟡,,,,🔴 Yếu,,True
2026-08-26,CTG,🟡 TRUNG TÍNH,1,31850.0,2.74,-1.09,52.0,👀 THEO DÕI,OBV tốt + Vị trí giá tốt,2026-08-27T00:18:30+07:00,-2.98,31688.78,31712.45,-0.07,-1.18,0.51,374797645.0,371586820.0,12263645.0,8148587.0,,0.76,0.76,4.6,10.78,-3.48,1.43,6,1,0,2,0,1,2,,,,,,🟢,MUA EARLY,PULL XẤU,RSI yếu | RSI chững | Slope âm | Pull xấu,🟡,,,,🔴 Yếu,,True
2026-08-26,CTR,🟡 TRUNG TÍNH,1,76000.0,-0.65,-0.65,54.95,👀 THEO DÕI,OBV tốt + Vị trí giá tốt,2026-08-27T00:18:30+07:00,-5.92,76180.78,75665.0,0.68,-1.78,-0.24,-5793095.0,-6049978.0,175205.0,324270.0,,0.7,0.87,7.04,14.46,-3.68,0.66,3,0,0,2,1,0,0,,,,,,🟢,MUA EARLY,PULL XẤU,RSI yếu | RSI chững | Giá dưới EMA9 | Pull xấu,🟡,,,,🟡 Ổn định,,True
2026-08-26,DCM,🟡 TRUNG TÍNH,1,31250.0,2.46,-0.32,49.42,👀 THEO DÕI,OBV tốt + Vị trí giá tốt + Vol xác nhận,2026-08-27T00:18:30+07:00,-1.09,31086.72,31080.0,0.02,-0.31,0.53,73062564.0,68494572.0,2993764.0,2327853.0,,1.29,1.09,2.46,8.13,-3.55,1.46,8,2,0,2,1,1,2,,,,,,🟢,MUA EARLY,PULL XẤU,RSI yếu | RSI chững | Pull xấu,🟡,,,,🟡 Ổn định,,True
2026-08-26,DXS,🟡 TRUNG TÍNH,1,6160.0,5.3,2.16,51.1,👀 THEO DÕI,Vị trí giá tốt + RSI cải thiện + Xu hướng lên,2026-08-27T00:18:30+07:00,6.39,6064.3,5957.5,1.79,1.3,1.58,47545796.0,51324593.0,6582704.0,2285000.0,,1.2,0.99,7.13,9.8,-4.35,-1.44,2,2,0,0,1,1,-2,,,,,,🔴,TÍCH LŨY,PULL XẤU,OBV gãy | RSI yếu | Pull xấu,🔴,,,,🟡 Ổn định,,True
2026-08-26,EVF,🟡 TRUNG TÍNH,1,12550.0,1.62,0.4,50.72,👀 THEO DÕI,OBV tốt + Vị trí giá tốt + RSI cải thiện,2026-08-27T00:18:30+07:00,-0.2,12504.07,12465.0,0.31,-0.36,0.37,157988970.0,155131154.0,2454270.0,1348558.0,,0.88,1.04,2.87,6.36,-3.46,0.8,8,2,0,2,1,1,2,,,,,,🟢,MUA EARLY,PULL XẤU,RSI yếu | RSI chững | Pull xấu,🟡,,,,🟡 Ổn định,,True
2026-08-26,GIL,🟡 TRUNG TÍNH,1,8040.0,4.01,-7.48,46.93,👀 THEO DÕI,OBV tốt + Vị trí giá tốt + RSI cải thiện,2026-08-27T00:18:30+07:00,1.4,7991.51,7865.45,1.6,-2.98,0.61,-4368984.0,-4716453.0,416616.0,251321.0,,0.35,0.62,20.72,22.75,-13.17,-0.97,4,2,0,2,1,1,-2,,,,,,🟢,MUA EARLY,PULL XẤU,RSI yếu | Pull xấu,🟡,,,,🟡 Ổn định,,True
2026-08-26,GMD,🟡 TRUNG TÍNH,1,79300.0,0.89,2.72,59.97,👀 THEO DÕI,OBV tốt + RSI cải thiện + Vị trí giá tốt,2026-08-27T00:18:30+07:00,7.9,78230.67,77715.0,0.66,-0.58,1.37,115688423.0,111276471.0,3236823.0,1529426.0,,1.05,1.11,4.07,10.14,-3.29,0.76,9,2,1,2,1,1,2,,,,,,🟢,PULL VỪA,PULL VỪA,,🟢,🟢 GREEN 2,,,🟡 Ổn định,,True
2026-08-26,HAH,🟡 TRUNG TÍNH,1,47800.0,0.42,3.13,56.52,👀 THEO DÕI,OBV tốt + Vị trí giá tốt + Vol xác nhận,2026-08-27T00:18:30+07:00,-5.84,47409.38,46537.5,1.87,-0.35,0.82,21849800.0,21491515.0,544200.0,743735.0,,1.44,1.29,5.75,8.88,-2.05,0.42,7,2,1,2,1,1,0,,,,,,🟢,PULL VỪA,PULL VỪA,RSI chững,🟡,,,,🟡 Ổn định,,True
2026-08-26,HUT,🟡 TRUNG TÍNH,1,13300.0,3.1,-2.21,37.59,👀 THEO DÕI,OBV tốt + Vol xác nhận + Vị trí giá tốt,2026-08-27T00:18:30+07:00,19.67,13241.56,13565.0,-2.38,1.94,0.44,29015200.0,27933803.0,1664000.0,1994735.0,,0.82,0.77,3.1,3.1,-10.14,-1.48,3,1,0,1,0,1,0,,,,,,🟢,MUA EARLY,PULL XẤU,RSI yếu | Slope âm | Pull xấu,🟡,,,,🔴 Yếu,,False
2026-08-26,HVN,🟡 TRUNG TÍNH,1,23150.0,1.31,-2.32,50.44,👀 THEO DÕI,OBV tốt + Vol xác nhận + Vị trí giá tốt,2026-08-27T00:18:30+07:00,1.68,23001.26,23205.0,-0.88,-1.21,0.65,3694218.0,3669571.0,959218.0,881201.0,,0.56,0.66,7.67,10.24,-7.77,0.22,5,1,0,2,0,1,1,,,,,,🟢,MUA EARLY,PULL XẤU,RSI yếu | Slope âm | Pull xấu,🟡,,,,🔴 Yếu,,True
2026-08-26,IJC,🟡 TRUNG TÍNH,1,7500.0,4.31,-5.66,48.63,👀 THEO DÕI,OBV tốt + Vị trí giá tốt + RSI cải thiện,2026-08-27T00:18:30+07:00,6.85,7403.72,7434.0,-0.41,-0.51,1.3,-32477634.0,-37901612.0,7160366.0,2451228.0,,0.7,0.91,4.46,12.11,-8.41,1.63,6,1,0,2,0,1,2,,,,,,🟢,MUA EARLY,PULL XẤU,RSI yếu | Slope âm | Pull xấu,🟡,,,,🔴 Yếu,,True
2026-08-26,KBC,🟡 TRUNG TÍNH,1,27600.0,2.41,-1.43,47.02,👀 THEO DÕI,OBV tốt + Vị trí giá tốt + RSI cải thiện,2026-08-27T00:18:30+07:00,4.63,27423.68,27672.5,-0.9,0.47,0.64,239912603.0,233422521.0,5027503.0,1529030.0,,1.1,1.04,2.41,2.99,-4.66,0.36,6,1,0,2,0,1,2,,,,,,🟢,MUA EARLY,PULL XẤU,RSI yếu | Slope âm | Pull xấu,🟡,,✅ EARLY GREEN2,,🔴 Yếu,,True
2026-08-26,ORS,🟡 TRUNG TÍNH,1,14100.0,2.92,-2.08,52.2,👀 THEO DÕI,OBV tốt + Vị trí giá tốt,2026-08-27T00:18:30+07:00,-7.53,14101.01,14090.0,0.08,-0.39,-0.01,229282500.0,222279303.0,2179700.0,4531330.0,,1.27,0.94,3.68,11.46,-6.0,-0.7,5,0,0,2,1,1,1,,,,,,🟢,MUA EARLY,PULL XẤU,RSI yếu | RSI chững | Giá dưới EMA9 | Pull xấu,🟡,,,,🟡 Ổn định,,True
2026-08-26,PDR,🟡 TRUNG TÍNH,1,12650.0,6.3,4.55,54.25,👀 THEO DÕI,RSI cải thiện + Vị trí giá tốt + Xu hướng lên,2026-08-27T00:18:30+07:00,5.48,12363.03,12072.5,2.41,1.11,2.32,243675436.0,244285251.0,5086164.0,6535188.0,,1.0,0.94,10.48,13.45,-2.32,0.4,5,2,0,0,2,1,0,,,,,,🔴,MUA EARLY,PULL XẤU,OBV gãy | RSI yếu | Pull xấu,🟡,,,,🟢 Tăng tốc,,True
2026-08-26,PET,🟡 TRUNG TÍNH,1,39300.0,2.34,-2.6,56.61,👀 THEO DÕI,OBV tốt + Vị trí giá tốt + RSI cải thiện,2026-08-27T00:18:30+07:00,-0.73,39121.95,39092.5,0.08,-0.82,0.46,69827700.0,69652793.0,193500.0,426345.0,,0.6,1.02,3.42,17.24,-6.21,1.16,7,2,1,2,1,1,0,,,,,,🟢,PULL VỪA,PULL VỪA,RSI chững,🟡,,,,🟡 Ổn định,,True
2026-08-26,PHR,🟡 TRUNG TÍNH,1,61500.0,2.5,5.13,56.85,👀 THEO DÕI,OBV tốt + Vị trí giá tốt + RSI cải thiện,2026-08-27T00:18:30+07:00,0.95,60514.46,59430.0,1.82,-0.33,1.63,17752500.0,17062693.0,718500.0,350395.0,,1.25,1.11,8.27,11.82,-1.28,0.0,7,2,1,2,1,1,0,,,,,,🟢,PULL VỪA,PULL VỪA,,🟢,,,,🟡 Ổn định,,True
2026-08-26,PLC,🟡 TRUNG TÍNH,1,20300.0,0.5,-2.4,53.38,👀 THEO DÕI,OBV tốt + Vị trí giá tốt + RSI cải thiện,2026-08-27T00:18:30+07:00,-0.51,20275.45,20050.0,1.12,-1.42,0.12,19146200.0,18920510.0,91600.0,134710.0,,0.9,1.08,7.98,14.69,-3.33,0.5,4,2,0,1,1,0,0,,,,,,🟢,MUA EARLY,PULL XẤU,RSI yếu | RSI chững | Pull xấu,🟡,,,,🟡 Ổn định,,False
2026-08-26,REE,🟡 TRUNG TÍNH,1,45950.0,0.44,-2.55,46.41,👀 THEO DÕI,OBV tốt + Vol xác nhận + Vị trí giá tốt,2026-08-27T00:18:30+07:00,0.32,45916.97,46537.5,-1.33,-0.75,0.07,-11038395.0,-11342416.0,504505.0,418610.0,,0.81,0.75,1.66,4.79,-5.65,1.55,5,1,0,2,0,0,2,,,,,,🟢,MUA EARLY,PULL XẤU,RSI yếu | Slope âm | Pull xấu,🟡,,,,🔴 Yếu,,True
2026-08-26,SHB,🟡 TRUNG TÍNH,1,12050.0,4.78,1.69,51.63,👀 THEO DÕI,Vol xác nhận + Vị trí giá tốt + RSI cải thiện,2026-08-27T00:18:30+07:00,3.57,11887.44,11800.0,0.74,0.51,1.37,1527717564.0,1546604147.0,55383259.0,50591123.0,,0.97,0.96,4.78,7.59,-1.23,0.42,5,2,0,0,1,1,1,,,,,,🔴,MUA EARLY,PULL XẤU,OBV gãy | RSI yếu | Pull xấu,🟡,,,,🟡 Ổn định,,True
2026-08-26,STB,🟡 TRUNG TÍNH,1,74600.0,-0.27,0.67,55.7,👀 THEO DÕI,OBV tốt + Vị trí giá tốt + RSI cải thiện,2026-08-27T00:18:30+07:00,-1.18,74373.75,73700.0,0.91,-0.27,0.3,408928388.0,407119287.0,4228388.0,3009219.0,,0.94,0.98,4.63,8.91,-1.97,0.13,8,2,1,2,1,0,2,,,,,,🟢,PULL VỪA,PULL VỪA,RSI chững,🟡,,,,🟡 Ổn định,,True
2026-08-26,TNG,🟡 TRUNG TÍNH,1,17000.0,0.59,-0.58,49.29,👀 THEO DÕI,OBV tốt + Vol xác nhận + Vị trí giá tốt,2026-08-27T00:18:30+07:00,1.62,17005.31,17039.5,-0.2,-0.24,-0.03,35203000.0,34625644.0,354900.0,386680.0,,1.47,1.19,2.41,8.42,-5.24,6.25,2,0,0,1,0,0,1,,,,,,🟢,TÍCH LŨY,PULL XẤU,RSI yếu | Giá dưới EMA9 | Slope âm | Pull xấu,🔴,,,,🔴 Yếu,,False
2026-08-26,TPB,🟡 TRUNG TÍNH,1,14500.0,0.0,-1.36,45.65,👀 THEO DÕI,OBV tốt + Vol xác nhận + Vị trí giá tốt,2026-08-27T00:18:30+07:00,-6.58,14531.49,14522.5,0.06,-0.66,-0.22,447534473.0,446599749.0,7277685.0,7870284.0,,1.05,0.81,2.84,4.32,-3.65,0.35,4,0,0,2,1,0,1,,,,,,🟢,MUA EARLY,PULL XẤU,RSI yếu | RSI chững | Giá dưới EMA9 | Pull xấu,🟡,,,,🟡 Ổn định,,True
2026-08-26,TVN,🟡 TRUNG TÍNH,1,9500.0,-1.04,4.4,49.31,👀 THEO DÕI,OBV tốt + Vị trí giá tốt + Vol xác nhận,2026-08-27T00:18:30+07:00,-1.68,9525.04,9315.0,2.25,-1.34,-0.26,41165600.0,40788006.0,488000.0,697690.0,,0.85,1.33,9.2,14.46,-10.38,0.0,3,0,0,1,1,1,0,,,,,,🟢,MUA EARLY,PULL XẤU,RSI yếu | RSI chững | Giá dưới EMA9 | Pull xấu,🟡,,,,🟢 Tăng tốc,,False
2026-08-26,TVS,🟡 TRUNG TÍNH,1,13950.0,2.2,6.65,59.65,👀 THEO DÕI,Vị trí giá tốt + Vol xác nhận + Xu hướng lên,2026-08-27T00:18:30+07:00,-3.05,13792.43,13276.0,3.89,-0.13,1.14,4856695.0,5076082.0,109305.0,118955.0,,1.45,1.21,11.78,15.67,-4.78,1.09,6,2,1,0,1,1,1,,,,,,🔴,MUA EARLY,PULL XẤU,OBV gãy | RSI chững | Pull xấu,🟡,,,,🟢 Tăng tốc,,True
2026-08-26,VGC,🟡 TRUNG TÍNH,1,41200.0,0.98,0.98,61.29,👀 THEO DÕI,OBV tốt + Vị trí giá tốt + RSI cải thiện,2026-08-27T00:18:30+07:00,-1.3,40620.59,39795.0,2.07,-1.39,1.43,29362602.0,29056065.0,784002.0,425300.0,,0.82,0.86,9.57,18.05,-0.84,1.1,8,2,1,2,1,0,2,,,,,,🟢,GÀ TĂNG TỐC,PULL VỪA,RSI chững,🟡,,,,🟢 Tăng tốc,,True
2026-08-26,VOS,🟡 TRUNG TÍNH,1,11150.0,1.83,0.0,50.12,👀 THEO DÕI,OBV tốt + Vol xác nhận + Vị trí giá tốt,2026-08-27T00:18:30+07:00,-2.7,11109.59,11075.0,0.31,-0.68,0.36,25369523.0,25222874.0,397523.0,431291.0,,0.9,0.88,3.24,8.25,-3.88,-3.04,6,2,0,2,1,1,0,,,,,,🟢,MUA EARLY,PULL XẤU,RSI yếu | RSI chững | Pull xấu,🟡,,,,🟡 Ổn định,,True
2026-08-26,VPX,🟡 TRUNG TÍNH,1,25400.0,2.83,-1.36,47.82,👀 THEO DÕI,OBV tốt + Vị trí giá tốt + Vol xác nhận,2026-08-27T00:18:30+07:00,-1.29,25259.78,25380.0,-0.47,0.0,0.56,6373807.0,6119212.0,684007.0,943055.0,,0.82,0.82,3.25,5.18,-3.24,0.59,4,1,0,2,0,1,0,,,,,,🟢,MUA EARLY,PULL XẤU,RSI yếu | RSI chững | Slope âm | Pull xấu,🟡,,,,🔴 Yếu,,True
2026-08-26,VTO,🟡 TRUNG TÍNH,1,10450.0,0.0,-1.88,49.4,👀 THEO DÕI,OBV tốt + Vị trí giá tốt + Vol xác nhận,2026-08-27T00:18:30+07:00,-2.62,10464.26,10500.0,-0.34,-0.53,-0.14,2079900.0,2070359.0,44671.0,57684.0,,0.93,0.9,0.48,3.98,-2.79,0.0,1,0,0,1,0,0,0,,,,,,🟢,THEO DÕI,PULL XẤU,RSI yếu | RSI chững | Giá dưới EMA9 | Slope âm | Pull xấu,🔴,,,,🔴 Yếu,,True
2026-08-26,VTP,🟡 TRUNG TÍNH,1,54100.0,-4.75,-1.64,54.84,👀 THEO DÕI,OBV tốt + Vị trí giá tốt + RSI cải thiện,2026-08-27T00:18:30+07:00,-2.34,54220.24,52777.5,2.73,-3.12,-0.22,10591256.0,9771530.0,1994956.0,907608.0,,1.0,1.05,15.11,20.76,-6.88,0.93,5,0,0,2,1,0,2,,,,,,🟢,MUA EARLY,PULL XẤU,RSI yếu | RSI chững | Giá dưới EMA9 | Pull xấu,🟡,,,,🟢 Tăng tốc,,True
2026-08-26,AGR,🔴 YẾU,2,13200.0,3.94,-0.38,47.81,⏳ CHỜ,OBV xấu + Thiếu mẫu xác nhận,2026-08-27T00:18:30+07:00,-1.71,13110.5,13102.5,0.06,0.08,0.68,22417100.0,22544531.0,278500.0,283415.0,,1.05,0.96,3.94,7.76,-3.3,0.0,4,2,0,0,1,1,0,,,,,,🔴,MUA EARLY,PULL XẤU,OBV gãy | RSI yếu | RSI chững | Pull xấu,🟡,,,,🟡 Ổn định,,True
2026-08-26,BVS,🔴 YẾU,2,26800.0,3.47,-0.74,47.88,⏳ CHỜ,OBV xấu + Thiếu mẫu xác nhận,2026-08-27T00:18:30+07:00,-2.93,26649.93,26620.0,0.11,-0.75,0.56,2739100.0,3054137.0,389800.0,711910.0,,0.84,0.81,6.77,10.29,-5.96,1.52,4,2,0,0,1,1,0,,,,,,🔴,MUA EARLY,PULL XẤU,OBV gãy | RSI yếu | RSI chững | Pull xấu,🟡,,,,🟡 Ổn định,,False
2026-08-26,DDV,🔴 YẾU,2,18200.0,1.68,-3.19,37.26,⏳ CHỜ,OBV xấu + Thiếu mẫu xác nhận,2026-08-27T00:18:30+07:00,0.0,18211.22,18425.0,-1.16,-0.22,-0.06,56351200.0,56415439.0,292200.0,270845.0,,1.15,1.02,2.25,2.25,-6.19,0.0,1,0,0,0,0,1,0,,,,,,🔴,THEO DÕI,PULL XẤU,OBV gãy | RSI yếu | Giá dưới EMA9 | Slope âm | Pull xấu,🔴,,,,🔴 Yếu,,False
2026-08-26,DPG,🔴 YẾU,2,30000.0,0.0,-2.12,46.67,⏳ CHỜ,OBV xấu + Thiếu mẫu xác nhận,2026-08-27T00:18:30+07:00,0.05,30076.75,29947.5,0.43,-1.31,-0.26,21425000.0,21884345.0,340400.0,430575.0,,1.21,0.96,8.3,15.16,-6.69,-0.33,2,0,0,0,1,0,1,,,,,,🔴,TÍCH LŨY,PULL XẤU,OBV gãy | RSI yếu | Giá dưới EMA9 | Pull xấu,🔴,,,,🟡 Ổn định,,True
2026-08-26,EIB,🔴 YẾU,2,17350.0,2.36,-4.67,41.08,⏳ CHỜ,OBV xấu + Xu hướng giảm + Thiếu mẫu xác nhận,2026-08-27T00:18:30+07:00,0.11,17323.26,17645.0,-1.82,-0.03,0.15,143204800.0,147644028.0,5106300.0,5104905.0,,0.79,1.02,2.66,5.15,-6.97,0.58,3,1,0,0,0,1,1,,,,,,🔴,MUA EARLY,PULL XẤU,OBV gãy | RSI yếu | Slope âm | Pull xấu,🟡,,,,🔴 Yếu,,True
2026-08-26,GEG,🔴 YẾU,2,12650.0,2.43,2.43,55.98,⏳ CHỜ,OBV xấu + Thiếu mẫu xác nhận,2026-08-27T00:18:30+07:00,-3.12,12553.81,12352.5,1.63,0.21,0.77,23535839.0,23784958.0,290661.0,204183.0,,0.88,0.81,4.55,8.12,-1.17,0.8,7,2,1,0,1,1,2,,,,,,🔴,MUA EARLY,PULL XẤU,OBV gãy | RSI chững | Pull xấu,🟡,,,,🟡 Ổn định,,True
2026-08-26,HDG,🔴 YẾU,2,16550.0,4.75,0.0,45.96,⏳ CHỜ,OBV xấu + Thiếu mẫu xác nhận,2026-08-27T00:18:30+07:00,3.29,16402.68,16429.95,-0.17,0.56,0.9,13353143.0,15067097.0,1564857.0,1085028.0,,0.85,0.84,5.08,6.77,-3.78,0.0,2,1,0,0,0,1,0,,,,,,🔴,TÍCH LŨY,PULL XẤU,OBV gãy | RSI yếu | Slope âm | Pull xấu,🔴,,,,🔴 Yếu,,True
2026-08-26,KSB,🔴 YẾU,2,13800.0,1.1,-3.16,50.81,⏳ CHỜ,OBV xấu + Thiếu mẫu xác nhận,2026-08-27T00:18:30+07:00,-0.74,13744.73,13642.5,0.75,-0.62,0.4,31306400.0,31752488.0,501900.0,1083395.0,,0.73,1.35,5.34,6.56,-6.12,0.73,4,2,0,0,1,1,0,,,,,,🔴,MUA EARLY,PULL XẤU,OBV gãy | RSI yếu | RSI chững | Pull xấu,🟡,,,,🟡 Ổn định,,True
2026-08-26,LAS,🔴 YẾU,2,12100.0,5.22,-1.63,46.43,⏳ CHỜ,OBV xấu + Thiếu mẫu xác nhận,2026-08-27T00:18:30+07:00,-3.22,12089.37,12045.0,0.37,-0.42,0.09,-19893400.0,-19615107.0,91700.0,173540.0,,0.87,0.82,5.22,5.22,-5.47,-0.82,5,2,0,0,1,1,1,,,,,,🔴,MUA EARLY,PULL XẤU,OBV gãy | RSI yếu | RSI chững | Pull xấu,🟡,,,,🟡 Ổn định,,False
2026-08-26,MBS,🔴 YẾU,2,17800.0,5.33,0.11,50.73,⏳ CHỜ,OBV xấu + Thiếu mẫu xác nhận,2026-08-27T00:18:30+07:00,-3.44,17598.16,17487.0,0.64,0.09,1.15,-48695600.0,-46857330.0,2667300.0,4697720.0,,0.91,0.88,5.33,8.21,-3.78,1.71,4,2,0,0,1,1,0,,,,,,🔴,MUA EARLY,PULL XẤU,OBV gãy | RSI yếu | RSI chững | Pull xấu,🟡,,,,🟡 Ổn định,,False
2026-08-26,MSH,🔴 YẾU,2,30700.0,1.66,-2.07,47.1,⏳ CHỜ,OBV xấu + Thiếu mẫu xác nhận,2026-08-27T00:18:30+07:00,8.36,30502.04,30725.0,-0.73,0.21,0.65,11800823.0,11819495.0,128923.0,105661.0,,1.28,1.29,2.33,2.33,-4.06,-0.32,0,1,0,0,0,1,-2,,,,,,🔴,THEO DÕI,PULL XẤU,OBV gãy | RSI yếu | Slope âm | Pull xấu,🔴,,,,🔴 Yếu,,True
2026-08-26,NAB,🔴 YẾU,2,11650.0,0.43,-2.1,36.67,⏳ CHỜ,OBV xấu + Thiếu mẫu xác nhận,2026-08-27T00:18:30+07:00,2.33,11674.22,11835.0,-1.36,0.39,-0.21,51427000.0,51809226.0,2135602.0,1481575.0,,0.86,0.87,0.87,0.87,-7.54,0.43,2,0,0,0,0,0,2,,,,,,🔴,TÍCH LŨY,PULL XẤU,OBV gãy | RSI yếu | Giá dưới EMA9 | Slope âm | Pull xấu,🔴,,,,🔴 Yếu,,True
2026-08-26,NHA,🔴 YẾU,2,8060.0,3.73,-4.05,43.36,⏳ CHỜ,OBV xấu + Thiếu mẫu xác nhận + Xu hướng giảm,2026-08-27T00:18:30+07:00,4.42,8098.91,8192.4,-1.14,-0.43,-0.48,6550203.0,6702151.0,120697.0,114055.0,,1.53,1.17,3.73,6.05,-5.18,-0.49,1,0,0,0,0,1,0,,,,,,🔴,THEO DÕI,PULL XẤU,OBV gãy | RSI yếu | Giá dưới EMA9 | Slope âm | Pull xấu,🔴,,,,🔴 Yếu,,True
2026-08-26,NTL,🔴 YẾU,2,12700.0,2.01,-6.62,33.89,⏳ CHỜ,OBV xấu + Xu hướng giảm + Thiếu mẫu xác nhận,2026-08-27T00:18:30+07:00,15.77,12972.42,13360.0,-2.9,0.54,-2.1,66718279.0,67801907.0,457321.0,538441.0,,2.42,1.43,2.01,2.01,-9.93,-1.55,1,0,0,0,0,1,0,,,,,,🔴,THEO DÕI,PULL XẤU,OBV gãy | RSI yếu | Giá dưới EMA9 | Slope âm | Pull xấu,🔴,,,,🔴 Yếu,,True
2026-08-26,PC1,🔴 YẾU,2,20350.0,0.0,-1.93,42.92,⏳ CHỜ,OBV xấu + Thiếu mẫu xác nhận,2026-08-27T00:18:30+07:00,-3.59,20465.02,20725.0,-1.25,0.57,-0.56,118184300.0,120529277.0,1122300.0,1528800.0,,0.71,0.8,1.24,9.41,-7.71,0.99,0,0,0,0,0,0,0,,,,,,🔴,THEO DÕI,PULL XẤU,OBV gãy | RSI yếu | RSI chững | Giá dưới EMA9 | Slope âm | Pull xấu,🔴,,,,🔴 Yếu,,True
2026-08-26,SHS,🔴 YẾU,2,15700.0,6.08,-1.26,49.04,⏳ CHỜ,OBV xấu + Thiếu mẫu xác nhận,2026-08-27T00:18:30+07:00,-1.83,15474.95,15530.0,-0.35,0.19,1.45,670143696.0,670371427.0,8887700.0,11188885.0,,1.17,1.17,6.8,9.79,-3.68,0.64,2,1,0,0,0,1,0,,,,,,🔴,TÍCH LŨY,PULL XẤU,OBV gãy | RSI yếu | RSI chững | Slope âm | Pull xấu,🔴,,,,🔴 Yếu,,False
2026-08-26,VCK,🔴 YẾU,2,30450.0,3.57,-1.14,50.14,⏳ CHỜ,OBV xấu + Thiếu mẫu xác nhận,2026-08-27T00:18:30+07:00,0.68,30076.16,30337.5,-0.86,-0.01,1.24,71878100.0,71891597.0,2035900.0,2365005.0,,1.03,0.94,4.64,7.41,-4.25,1.33,3,1,0,0,0,1,1,,,,,,🔴,MUA EARLY,PULL XẤU,OBV gãy | RSI yếu | Slope âm | Pull xấu,🟡,,,,🔴 Yếu,,True
2026-08-26,VIB,🔴 YẾU,2,14650.0,2.09,-1.01,46.56,⏳ CHỜ,OBV xấu + Vol chưa xác nhận + Thiếu mẫu xác nhận,2026-08-27T00:18:30+07:00,-2.42,14604.41,14627.5,-0.16,0.09,0.31,204273304.0,205043158.0,12426501.0,5235125.0,,0.74,0.75,2.45,3.53,-3.62,-0.34,0,1,0,0,0,1,-2,,,,,,🔴,THEO DÕI,PULL XẤU,OBV gãy | RSI yếu | RSI chững | Slope âm | Pull xấu,🔴,,,,🔴 Yếu,,True
2026-08-26,BFC,⚠️ YẾU DẦN,3,47700.0,-0.42,-1.24,42.88,🟠 HẠN CHẾ / GIẢM,OBV xấu + Thiếu mẫu xác nhận,2026-08-27T00:18:30+07:00,-3.45,47995.49,48183.0,-0.39,-0.71,-0.62,29206405.0,29319691.0,159095.0,174035.0,,1.2,0.97,0.42,4.22,-4.6,0.42,1,0,0,0,0,0,1,,,,,,🔴,THEO DÕI,PULL XẤU,OBV gãy | RSI yếu | RSI chững | Giá dưới EMA9 | Slope âm | Pull xấu,🔴,,,,🔴 Yếu,,True
2026-08-26,BMP,⚠️ YẾU DẦN,3,144200.0,0.14,-2.9,40.48,🟠 HẠN CHẾ / GIẢM,OBV xấu + Vol chưa xác nhận + Thiếu mẫu xác nhận,2026-08-27T00:18:30+07:00,-3.13,145307.71,147475.0,-1.47,-0.19,-0.76,1641954.0,1872530.0,177846.0,93567.0,,0.8,0.81,0.42,9.33,-6.06,-0.21,-2,0,0,0,0,0,-2,,,,,,🔴,THEO DÕI,PULL XẤU,OBV gãy | RSI yếu | RSI chững | Giá dưới EMA9 | Slope âm | Pull xấu,🔴,,,,🔴 Yếu,,True
2026-08-26,BVH,⚠️ YẾU DẦN,3,63000.0,-5.69,-5.69,46.39,🟠 HẠN CHẾ / GIẢM,OBV xấu + RS yếu + Thiếu mẫu xác nhận,2026-08-27T00:18:30+07:00,-8.9,64904.89,64965.0,-0.09,-3.36,-2.93,14593612.0,16471217.0,772588.0,544909.0,,1.04,0.93,4.83,11.31,-8.7,-1.41,-2,0,0,0,0,0,-2,,,,,,🔴,THEO DÕI,PULL XẤU,OBV gãy | RSI yếu | RSI chững | Giá dưới EMA9 | Slope âm | Pull xấu,🔴,,,,🔴 Yếu,,True
2026-08-26,DGW,⚠️ YẾU DẦN,3,42250.0,-1.05,3.05,60.81,🟠 HẠN CHẾ / GIẢM,OBV xấu + Vol chưa xác nhận + Thiếu mẫu xác nhận,2026-08-27T00:18:30+07:00,-5.01,42091.13,40702.5,3.41,-2.49,0.38,60718660.0,62918802.0,2818340.0,1514922.0,,1.02,1.07,15.75,27.45,-3.65,-0.59,3,2,1,0,1,1,-2,,,,,,🔴,MUA EARLY,PULL XẤU,OBV gãy | RSI chững | Pull xấu,🟡,,,,🟢 Tăng tốc,,True
2026-08-26,FOX,⚠️ YẾU DẦN,3,63500.0,-0.78,-3.79,40.07,🟠 HẠN CHẾ / GIẢM,OBV xấu + RSI yếu + Thiếu mẫu xác nhận,2026-08-27T00:18:30+07:00,-5.21,64163.9,64740.0,-0.89,-1.08,-1.03,5273400.0,5381615.0,72600.0,63510.0,,0.73,0.86,0.47,4.1,-5.65,-0.31,0,0,0,0,0,0,0,,,,,,🔴,THEO DÕI,PULL XẤU,OBV gãy | RSI yếu | RSI chững | Giá dưới EMA9 | Slope âm | Pull xấu,🔴,,,,🔴 Yếu,,False
2026-08-26,FRT,⚠️ YẾU DẦN,3,142900.0,-0.07,-3.45,60.59,🟠 HẠN CHẾ / GIẢM,OBV xấu + Vol chưa xác nhận + Thiếu mẫu xác nhận,2026-08-27T00:18:30+07:00,-4.35,143647.85,139315.0,3.11,-3.47,-0.52,1793475.0,2798647.0,1366425.0,737011.0,,0.66,0.82,22.87,36.1,-5.68,-1.38,0,0,1,0,1,0,-2,,,,,,🔴,THEO DÕI,PULL XẤU,OBV gãy | RSI chững | Giá dưới EMA9 | Pull xấu,🔴,,,,🟢 Tăng tốc,,True
2026-08-26,GEE,⚠️ YẾU DẦN,3,65000.0,0.31,-13.68,39.04,🟠 HẠN CHẾ / GIẢM,OBV xấu + Xu hướng giảm + RSI yếu,2026-08-27T00:18:30+07:00,-4.87,66742.54,68265.0,-2.23,-2.11,-2.61,88138900.0,89787686.0,1062800.0,1491945.0,,1.05,1.13,0.31,2.36,-16.34,-0.76,1,0,0,0,0,0,1,,,,,,🔴,THEO DÕI,PULL XẤU,OBV gãy | RSI yếu | RSI chững | Giá dưới EMA9 | Slope âm | Pull xấu,🔴,,,,🔴 Yếu,,True
2026-08-26,IDC,⚠️ YẾU DẦN,3,32600.0,0.62,-4.96,44.44,🟠 HẠN CHẾ / GIẢM,OBV xấu + Thiếu mẫu xác nhận + Xu hướng giảm,2026-08-27T00:18:30+07:00,-2.48,32787.26,33135.0,-1.05,-0.86,-0.57,62431200.0,63710122.0,1282700.0,1094510.0,,1.19,1.02,2.52,3.49,-7.39,-0.31,0,0,0,0,0,0,0,,,,,,🔴,THEO DÕI,PULL XẤU,OBV gãy | RSI yếu | RSI chững | Giá dưới EMA9 | Slope âm | Pull xấu,🔴,,,,🔴 Yếu,,False
2026-08-26,LPB,⚠️ YẾU DẦN,3,49600.0,-2.17,-7.81,40.28,🟠 HẠN CHẾ / GIẢM,OBV xấu + Xu hướng giảm + Thiếu mẫu xác nhận,2026-08-27T00:18:30+07:00,-0.06,50371.67,51760.0,-2.68,-0.45,-1.53,151341471.0,158118844.0,5581029.0,3229356.0,,0.96,1.09,1.02,9.01,-8.99,-0.8,-2,0,0,0,0,0,-2,,,,,,🔴,THEO DÕI,PULL XẤU,OBV gãy | RSI yếu | RSI chững | Giá dưới EMA9 | Slope âm | Pull xấu,🔴,,,,🔴 Yếu,,True
2026-08-26,MSB,⚠️ YẾU DẦN,3,15350.0,-1.29,-4.36,36.31,🟠 HẠN CHẾ / GIẢM,OBV xấu + Vol chưa xác nhận + RSI yếu,2026-08-27T00:18:30+07:00,-12.46,15753.04,15964.8,-1.33,-0.77,-2.56,716536803.0,754266293.0,47922497.0,7793555.0,,0.79,0.94,0.0,8.1,-5.83,-1.29,-2,0,0,0,0,0,-2,,,,,,🔴,THEO DÕI,PULL XẤU,OBV gãy | RSI yếu | RSI chững | Giá dưới EMA9 | Slope âm | Pull xấu,🔴,,,,🔴 Yếu,,True
2026-08-26,NT2,⚠️ YẾU DẦN,3,21100.0,-0.71,-2.99,43.05,🟠 HẠN CHẾ / GIẢM,OBV xấu + Thiếu mẫu xác nhận + RSI yếu,2026-08-27T00:18:30+07:00,-5.69,21271.36,21327.5,-0.26,-0.62,-0.81,13495180.0,14317156.0,563120.0,510896.0,,1.03,0.96,0.48,2.93,-3.65,-0.94,0,0,0,0,0,0,0,,,,,,🔴,THEO DÕI,PULL XẤU,OBV gãy | RSI yếu | RSI chững | Giá dưới EMA9 | Slope âm | Pull xấu,🔴,,,,🔴 Yếu,,True
2026-08-26,NTP,⚠️ YẾU DẦN,3,50400.0,-0.2,3.28,53.06,🟠 HẠN CHẾ / GIẢM,OBV xấu + Thiếu mẫu xác nhận,2026-08-27T00:18:30+07:00,-3.79,50560.88,49830.0,1.47,-0.72,-0.32,10692700.0,10707004.0,132600.0,197370.0,,0.88,1.29,5.22,5.88,-7.35,0.0,2,0,0,0,1,1,0,,,,,,🔴,TÍCH LŨY,PULL XẤU,OBV gãy | RSI yếu | RSI chững | Giá dưới EMA9 | Pull xấu,🔴,,,,🟡 Ổn định,,False
2026-08-26,NVL,⚠️ YẾU DẦN,3,13250.0,1.92,-2.21,50.87,🟠 HẠN CHẾ / GIẢM,OBV xấu + Thiếu mẫu xác nhận,2026-08-27T00:18:30+07:00,-3.11,13298.01,13377.5,-0.59,-0.26,-0.36,601546868.0,610774929.0,9582536.0,15576582.0,,0.66,0.76,1.92,11.81,-7.02,0.0,1,0,0,0,0,1,0,,,,,,🔴,THEO DÕI,PULL XẤU,OBV gãy | RSI yếu | RSI chững | Giá dưới EMA9 | Slope âm | Pull xấu,🔴,,,,🔴 Yếu,,True
2026-08-26,PLX,⚠️ YẾU DẦN,3,37400.0,-1.84,2.05,58.74,🟠 HẠN CHẾ / GIẢM,OBV xấu + Thiếu mẫu xác nhận,2026-08-27T00:18:30+07:00,-4.04,37259.6,35886.5,3.83,-1.72,0.38,67825600.0,69085068.0,5518700.0,3512895.0,,1.3,1.13,16.33,18.65,-4.23,0.0,5,2,1,0,1,1,0,,,,,,🔴,MUA EARLY,PULL XẤU,OBV gãy | RSI chững | Pull xấu,🟡,,,,🟢 Tăng tốc,,True
2026-08-26,POW,⚠️ YẾU DẦN,3,13300.0,-0.37,-3.27,42.64,🟠 HẠN CHẾ / GIẢM,OBV xấu + Thiếu mẫu xác nhận + RSI yếu,2026-08-27T00:18:30+07:00,-6.71,13425.86,13562.5,-1.01,-0.53,-0.94,301046004.0,308081472.0,11709611.0,6827781.0,,0.84,0.87,0.38,0.76,-5.67,0.0,0,0,0,0,0,0,0,,,,,,🔴,THEO DÕI,PULL XẤU,OBV gãy | RSI yếu | RSI chững | Giá dưới EMA9 | Slope âm | Pull xấu,🔴,,,,🔴 Yếu,,True
2026-08-26,PTB,⚠️ YẾU DẦN,3,32000.0,0.95,-4.9,38.27,🟠 HẠN CHẾ / GIẢM,OBV xấu + Vol chưa xác nhận + Xu hướng giảm,2026-08-27T00:18:30+07:00,1.63,32427.02,33112.45,-2.07,-0.51,-1.32,-820137.0,-694829.0,453037.0,99507.0,,2.21,1.39,0.95,0.95,-7.65,-1.69,-2,0,0,0,0,0,-2,,,,,,🔴,THEO DÕI,PULL XẤU,OBV gãy | RSI yếu | Giá dưới EMA9 | Slope âm | Pull xấu,🔴,,,,🔴 Yếu,,True
2026-08-26,SBT,⚠️ YẾU DẦN,3,22900.0,-3.78,6.02,57.49,🟠 HẠN CHẾ / GIẢM,OBV xấu + Thiếu mẫu xác nhận + RS yếu,2026-08-27T00:18:30+07:00,-25.06,23282.82,22362.5,4.12,-1.33,-1.64,110351600.0,110381918.0,1233400.0,933335.0,,1.53,1.38,10.9,13.37,-5.18,-2.76,1,0,1,0,1,1,-2,,,,,,🔴,THEO DÕI,PULL XẤU,OBV gãy | RSI chững | Giá dưới EMA9 | Pull xấu,🔴,,,,🟢 Tăng tốc,,True
2026-08-26,SIP,⚠️ YẾU DẦN,3,49800.0,0.2,-2.54,51.1,🟠 HẠN CHẾ / GIẢM,OBV xấu + Thiếu mẫu xác nhận,2026-08-27T00:18:30+07:00,-0.97,49813.87,50022.5,-0.42,-0.96,-0.03,227684.0,240033.0,60984.0,90749.0,,0.69,0.9,3.53,6.87,-3.68,0.0,0,0,0,0,0,0,0,,,,,,🔴,THEO DÕI,PULL XẤU,OBV gãy | RSI yếu | RSI chững | Giá dưới EMA9 | Slope âm | Pull xấu,🔴,,,,🔴 Yếu,,True
2026-08-26,VGT,⚠️ YẾU DẦN,3,11600.0,0.87,4.41,58.72,🟠 HẠN CHẾ / GIẢM,OBV xấu + Thiếu mẫu xác nhận,2026-08-27T00:18:30+07:00,-0.7,11514.23,11248.5,2.36,-1.26,0.74,16680200.0,16702341.0,256900.0,414575.0,,0.88,1.38,10.16,12.29,-6.3,1.75,5,2,1,0,1,1,0,,,,,,🔴,MUA EARLY,PULL XẤU,OBV gãy | RSI chững | Pull xấu,🟡,,,,🟢 Tăng tốc,,False
2026-08-26,VHC,⚠️ YẾU DẦN,3,52700.0,0.19,-0.75,42.19,🟠 HẠN CHẾ / GIẢM,OBV xấu + Thiếu mẫu xác nhận,2026-08-27T00:18:30+07:00,-1.72,52940.95,53020.0,-0.15,-0.1,-0.46,2031500.0,2081489.0,248000.0,404980.0,,0.78,1.27,2.53,2.53,-5.56,-0.19,1,0,0,0,0,0,1,,,,,,🔴,THEO DÕI,PULL XẤU,OBV gãy | RSI yếu | RSI chững | Giá dưới EMA9 | Slope âm | Pull xấu,🔴,,,,🔴 Yếu,,True
2026-08-26,VNM,⚠️ YẾU DẦN,3,62800.0,-0.48,1.62,61.16,🟠 HẠN CHẾ / GIẢM,OBV xấu + Thiếu mẫu xác nhận,2026-08-27T00:18:30+07:00,-8.44,62698.75,61720.0,1.59,-0.7,0.16,-4324300.0,-3963337.0,2402700.0,4608495.0,,0.89,0.77,7.17,14.6,-2.48,0.16,4,2,1,0,1,0,0,,,,,,🔴,MUA EARLY,PULL XẤU,OBV gãy | RSI chững | Pull xấu,🟡,,,,🟡 Ổn định,,True
2026-08-26,VPL,⚠️ YẾU DẦN,3,75200.0,0.4,-4.08,37.7,🟠 HẠN CHẾ / GIẢM,OBV xấu + RSI yếu + Xu hướng giảm,2026-08-27T00:18:30+07:00,-6.23,76174.61,77720.0,-1.99,-0.33,-1.28,12215931.0,13405752.0,1014469.0,596528.0,,1.04,1.01,0.94,2.31,-7.39,-0.53,-2,0,0,0,0,0,-2,,,,,,🔴,THEO DÕI,PULL XẤU,OBV gãy | RSI yếu | RSI chững | Giá dưới EMA9 | Slope âm | Pull xấu,🔴,,,,🔴 Yếu,,True
2026-08-27,ACB,🌱 ĐANG HỒI,0,22600.0,2.96,1.8,53.91,🟢 MUA / GIỮ,OBV tốt + Vị trí giá tốt + RSI cải thiện,2026-08-27T20:09:09+07:00,1.48,22318.79,22292.5,0.12,0.29,1.26,-7563800.0,-16057495.0,7430300.0,9340365.0,,0.86,0.86,4.39,4.39,-0.88,1.57,6,2,0,2,1,1,0,,,,,,🟢,MUA EARLY,PULL XẤU,RSI yếu | Pull xấu,🟡,,,,🟡 Ổn định,,True
2026-08-27,ACV,🌱 ĐANG HỒI,0,42200.0,3.18,2.93,58.82,🟢 MUA / GIỮ,OBV tốt + Vị trí giá tốt + RSI cải thiện,2026-08-27T20:09:09+07:00,0.29,41618.59,40900.0,1.76,-0.05,1.4,-59746000.0,-60703209.0,393600.0,526345.0,,0.9,0.78,8.48,9.9,-1.4,0.24,7,2,1,2,1,1,0,,,,,,🟢,PULL VỪA,PULL VỪA,,🟢,,,,🟡 Ổn định,,False
2026-08-27,BID,🌱 ĐANG HỒI,0,36950.0,3.07,1.62,57.24,🟢 MUA / GIỮ,OBV tốt + Vị trí giá tốt + RSI cải thiện,2026-08-27T20:09:09+07:00,0.05,36567.94,36240.0,0.9,-0.56,1.04,155421800.0,150789443.0,3096800.0,4125240.0,,0.86,0.84,4.17,13.77,-2.12,0.14,7,2,1,2,1,1,0,,,,,,🟢,PULL VỪA,PULL VỪA,,🟢,,✅ EARLY GREEN2,🌱 EARLY DRY GREEN2,🟡 Ổn định,,True
2026-08-27,BVS,🌱 ĐANG HỒI,0,27000.0,4.25,-0.37,49.12,🟢 MUA / GIỮ,OBV tốt + Vị trí giá tốt + RSI cải thiện,2026-08-27T20:09:09+07:00,1.07,26719.94,26660.0,0.22,-0.36,1.05,3127200.0,3068750.0,388100.0,677285.0,,0.92,0.79,7.57,11.11,-5.26,0.75,6,2,0,2,1,1,0,,,,,,🟢,MUA EARLY,PULL XẤU,RSI yếu | Pull xấu,🟡,,✅ EARLY GREEN2,🌱 EARLY DRY GREEN2,🟡 Ổn định,,False
2026-08-27,C4G,🌱 ĐANG HỒI,0,5700.0,3.64,0.0,46.74,🟢 MUA / GIỮ,OBV tốt + Vị trí giá tốt + RSI cải thiện,2026-08-27T20:09:09+07:00,6.15,5640.68,5625.0,0.28,0.74,1.05,15502200.0,15326061.0,98600.0,256230.0,,0.63,0.83,3.64,3.64,-3.39,1.79,5,2,0,1,1,1,0,,,,,,🟢,MUA EARLY,PULL XẤU,RSI yếu | Pull xấu,🟡,,,,🟡 Ổn định,,False
2026-08-27,CEO,🌱 ĐANG HỒI,0,13400.0,15.52,12.61,61.06,🟢 MUA / GIỮ,OBV tốt + Xu hướng lên + RS mạnh,2026-08-27T20:09:09+07:00,-0.39,12841.47,12250.0,4.83,2.01,4.35,333911100.0,320936680.0,4742300.0,6604400.0,,1.53,1.17,17.54,24.07,-2.19,-1.47,9,2,1,1,2,2,1,,,,,,🟢,GÀ TĂNG TỐC,PULL XẤU,RSI chững | Pull xấu,🟡,,,,🟢 Tăng tốc,,False
2026-08-27,CII,🌱 ĐANG HỒI,0,14800.0,4.59,6.47,53.08,🟢 MUA / GIỮ,OBV tốt + Vị trí giá tốt + Xu hướng lên,2026-08-27T20:09:09+07:00,-2.43,14553.72,14225.0,2.31,-0.96,1.69,632139814.0,619166855.0,14268410.0,9779830.0,,1.21,1.17,12.98,17.0,-2.63,0.68,9,2,0,2,1,2,2,,,,,,🟢,MUA EARLY,PULL XẤU,RSI yếu | RSI chững | Pull xấu,🟡,,,,🟢 Tăng tốc,,True
2026-08-27,CTR,🌱 ĐANG HỒI,0,77000.0,0.26,0.26,59.11,🟢 MUA / GIỮ,OBV tốt + Vol xác nhận + Vị trí giá tốt,2026-08-27T20:09:09+07:00,1.63,76344.62,75965.0,0.5,-1.39,0.86,-5426044.0,-5925368.0,368156.0,330033.0,,0.75,0.92,7.09,15.96,-2.41,1.05,7,2,1,2,1,0,1,,,,,,🟢,PULL VỪA,PULL VỪA,,🟢,🟢 GREEN 2,,,🟡 Ổn định,,True
2026-08-27,DBC,🌱 ĐANG HỒI,0,17400.0,9.43,5.14,59.53,🟢 MUA / GIỮ,OBV tốt + RSI cải thiện + Vị trí giá tốt,2026-08-27T20:09:09+07:00,9.82,16936.7,16615.0,1.94,2.42,2.74,11130080.0,9917748.0,4683120.0,1881111.0,,1.57,1.03,9.43,10.83,-1.97,-1.69,5,2,1,1,1,2,-2,,,,,,🟢,MUA EARLY,PULL XẤU,Pull xấu,🟡,,,,🟡 Ổn định,,True
2026-08-27,DIG,🌱 ĐANG HỒI,0,11450.0,11.17,7.51,56.89,🟢 MUA / GIỮ,OBV tốt + RSI cải thiện + RS mạnh,2026-08-27T20:09:09+07:00,2.28,11121.52,10835.0,2.64,1.03,2.95,214353100.0,203010346.0,5642100.0,7548025.0,,1.0,0.91,13.93,18.16,-0.87,0.0,8,2,1,1,2,2,0,,,,,,🟢,MUA EARLY,PULL XẤU,Pull xấu,🟡,,,,🟢 Tăng tốc,,True
2026-08-27,DPR,🌱 ĐANG HỒI,0,37350.0,2.89,3.18,57.02,🟢 MUA / GIỮ,OBV tốt + Vị trí giá tốt + RSI cải thiện,2026-08-27T20:09:09+07:00,3.39,36869.29,36447.5,1.16,0.16,1.3,24739200.0,24666445.0,181600.0,212405.0,,1.04,1.08,4.33,6.41,-0.66,-0.4,7,2,1,2,1,1,0,,,,,,🟢,PULL VỪA,PULL VỪA,,🟢,,,,🟡 Ổn định,,True
2026-08-27,DRI,🌱 ĐANG HỒI,0,14200.0,3.65,5.19,63.27,🟢 MUA / GIỮ,OBV tốt + Vị trí giá tốt + Xu hướng lên,2026-08-27T20:09:09+07:00,-1.21,13873.98,13495.0,2.81,-0.04,2.35,40899300.0,40098394.0,152800.0,540615.0,,1.28,1.17,10.08,13.6,-4.05,0.71,8,2,1,2,1,2,0,,,,,,🟢,MUA EARLY,PULL XẤU,RSI chững | Pull xấu,🟡,,,,🟢 Tăng tốc,,False
2026-08-27,DXG,🌱 ĐANG HỒI,0,12100.0,11.52,11.52,62.1,🟢 MUA / GIỮ,OBV tốt + Xu hướng lên + RSI cải thiện,2026-08-27T20:09:09+07:00,3.73,11627.01,11187.5,3.93,1.01,4.07,628042572.0,598172707.0,8347768.0,10235178.0,,1.16,1.16,17.48,21.36,0.0,0.83,10,2,1,2,2,2,1,,,,,,🟢,GÀ TĂNG TỐC,PULL XẤU,Pull xấu,🟡,,,,🟢 Tăng tốc,,True
2026-08-27,FCN,🌱 ĐANG HỒI,0,11500.0,3.14,1.32,58.6,🟢 MUA / GIỮ,OBV tốt + Vị trí giá tốt + Vol xác nhận,2026-08-27T20:09:09+07:00,-1.58,11386.58,11165.0,1.98,-0.01,1.0,38732348.0,38300757.0,561552.0,471038.0,,0.97,0.93,7.98,10.58,-2.13,-0.43,6,2,1,1,1,1,0,,,,,,🟢,PULL VỪA,PULL VỪA,RSI chững,🟡,,,,🟡 Ổn định,,True
2026-08-27,FPT,🌱 ĐANG HỒI,0,72200.0,3.44,4.34,59.01,🟢 MUA / GIỮ,OBV tốt + Vị trí giá tốt + RSI cải thiện,2026-08-27T20:09:09+07:00,1.27,71051.09,70440.0,0.87,-0.26,1.62,-417282400.0,-419454658.0,3542900.0,5960085.0,,1.01,0.89,7.6,16.08,-1.5,-0.55,7,2,1,1,1,1,1,,,,,,🟢,PULL VỪA,PULL VỪA,,🟢,,,,🟡 Ổn định,,True
2026-08-27,FRT,🌱 ĐANG HỒI,0,145900.0,0.62,-0.68,63.67,🟢 MUA / GIỮ,OBV tốt + Vol xác nhận + Vị trí giá tốt,2026-08-27T20:09:09+07:00,-4.86,144098.28,140795.0,2.35,-3.4,1.25,3620218.0,3137542.0,735618.0,706551.0,,0.52,0.74,17.28,38.95,-3.7,2.1,7,2,1,2,1,0,1,,,,,,🟢,GÀ TĂNG TỐC,PULL VỪA,RSI chững,🟡,,,,🟢 Tăng tốc,,True
2026-08-27,GAS,🌱 ĐANG HỒI,0,84300.0,0.96,8.22,63.99,🟢 MUA / GIỮ,OBV tốt + Vị trí giá tốt + Vol xác nhận,2026-08-27T20:09:09+07:00,-2.84,82702.74,78300.0,5.62,-1.7,1.93,49082250.0,45577653.0,2090350.0,1678388.0,,1.1,1.15,22.89,30.9,-3.77,0.24,9,2,1,2,1,1,2,,,,,,🟢,GÀ TĂNG TỐC,PULL VỪA,RSI chững,🟡,🟢 GREEN 2,,,🟢 Tăng tốc,,True
2026-08-27,GMD,🌱 ĐANG HỒI,0,79800.0,3.64,1.66,61.85,🟢 MUA / GIỮ,OBV tốt + RSI cải thiện + Vị trí giá tốt,2026-08-27T20:09:09+07:00,9.33,78544.53,77885.0,0.85,0.03,1.6,114902193.0,111793708.0,513193.0,1420435.0,,0.98,1.13,4.72,10.83,-2.68,0.13,7,2,1,2,1,1,0,,,,,,🟢,PULL VỪA,PULL VỪA,,🟢,,,,🟡 Ổn định,,True
2026-08-27,GVR,🌱 ĐANG HỒI,0,32950.0,4.77,0.92,62.18,🟢 MUA / GIỮ,OBV tốt + Vol xác nhận + Vị trí giá tốt,2026-08-27T20:09:09+07:00,2.04,32252.84,30945.0,4.23,-0.85,2.16,264469308.0,259605736.0,2794592.0,2745580.0,,1.07,1.11,19.82,26.73,-3.8,-1.49,6,2,1,1,1,1,0,,,,,,🟢,MUA EARLY,PULL XẤU,Pull xấu,🟡,,,,🟢 Tăng tốc,,True
2026-08-27,HAH,🌱 ĐANG HỒI,0,48100.0,1.26,5.02,58.55,🟢 MUA / GIỮ,OBV tốt + Vol xác nhận + Vị trí giá tốt,2026-08-27T20:09:09+07:00,-3.34,47547.51,46682.5,1.85,-0.49,1.16,22704936.0,21734199.0,855136.0,755742.0,,1.17,1.25,6.42,9.57,-1.43,-0.41,7,2,1,2,1,1,0,,,,,,🟢,PULL VỪA,PULL VỪA,RSI chững,🟡,,,,🟡 Ổn định,,True
2026-08-27,HCM,🌱 ĐANG HỒI,0,26500.0,5.58,3.11,61.45,🟢 MUA / GIỮ,OBV tốt + Vị trí giá tốt + RSI cải thiện,2026-08-27T20:09:09+07:00,2.12,26032.56,25662.5,1.44,0.9,1.8,561938100.0,561041851.0,5806993.0,4624935.0,,1.0,0.92,6.64,14.27,-3.11,-0.38,4,2,1,1,1,1,-2,,,,,,🟢,PULL VỪA,PULL VỪA,,🟡,,,,🟡 Ổn định,,True
2026-08-27,HDB,🌱 ĐANG HỒI,0,27800.0,3.54,4.12,62.44,🟢 MUA / GIỮ,OBV tốt + Vị trí giá tốt + RSI cải thiện,2026-08-27T20:09:09+07:00,2.03,27259.97,26817.5,1.65,-0.07,1.98,984871659.0,956633596.0,15984959.0,10278518.0,,1.24,1.04,10.32,10.76,-0.71,-0.18,5,2,1,2,1,1,-2,,,,,,🟢,PULL VỪA,PULL VỪA,,🟡,,,,🟡 Ổn định,,True
2026-08-27,HHS,🌱 ĐANG HỒI,0,10950.0,11.73,10.94,61.36,🟢 MUA / GIỮ,OBV tốt + Xu hướng lên + RS mạnh,2026-08-27T20:09:09+07:00,-2.22,10559.47,10157.0,3.96,1.52,3.7,161473600.0,159498278.0,1575851.0,1174463.0,,1.52,1.11,15.02,16.49,-1.35,0.0,8,2,1,1,2,2,0,,,,,,🟢,MUA EARLY,PULL XẤU,RSI chững | Pull xấu,🟡,,,,🟢 Tăng tốc,,True
2026-08-27,HHV,🌱 ĐANG HỒI,0,10150.0,2.22,0.0,49.26,🟢 MUA / GIỮ,OBV tốt + Vol xác nhận + Vị trí giá tốt,2026-08-27T20:09:09+07:00,-0.35,10132.36,10109.5,0.23,0.15,0.17,175698074.0,172379699.0,2649126.0,2847621.0,,1.17,0.98,2.53,3.57,-3.33,-1.46,5,2,0,1,1,1,0,,,,,,🟢,MUA EARLY,PULL XẤU,RSI yếu | RSI chững | Pull xấu,🟡,,,,🟡 Ổn định,,True
2026-08-27,HPG,🌱 ĐANG HỒI,0,22200.0,4.96,2.3,54.95,🟢 MUA / GIỮ,OBV tốt + Vị trí giá tốt + Vol xác nhận,2026-08-27T20:09:09+07:00,-1.33,21827.0,21800.0,0.12,0.59,1.71,359126167.0,327578824.0,28108343.0,21933557.0,,1.04,0.99,5.71,9.09,-1.99,0.68,8,2,0,2,1,1,2,,,,,,🟢,MUA EARLY,PULL XẤU,RSI yếu | RSI chững | Pull xấu,🟡,,✅ EARLY GREEN2,,🟡 Ổn định,,True
2026-08-27,KBC,🌱 ĐANG HỒI,0,27650.0,2.03,0.36,47.97,🟢 MUA / GIỮ,OBV tốt + Vị trí giá tốt + RSI cải thiện,2026-08-27T20:09:09+07:00,4.68,27468.95,27652.5,-0.66,0.61,0.66,238718171.0,233991027.0,1871971.0,1391649.0,,1.19,1.09,2.6,3.17,-4.49,-0.72,2,1,0,2,0,1,-2,,,,,,🟢,TÍCH LŨY,PULL XẤU,RSI yếu | Slope âm | Pull xấu,🔴,,,,🔴 Yếu,,True
2026-08-27,KDH,🌱 ĐANG HỒI,0,18400.0,7.29,3.66,51.38,🟢 MUA / GIỮ,OBV tốt + Vị trí giá tốt + Vol xác nhận,2026-08-27T20:09:09+07:00,-1.78,18112.67,17955.0,0.88,0.24,1.59,-11286500.0,-16305026.0,4100524.0,5225441.0,,1.18,1.04,7.29,12.2,-2.13,-0.27,6,2,0,1,1,1,1,,,,,,🟢,MUA EARLY,PULL XẤU,RSI yếu | RSI chững | Pull xấu,🟡,,,,🟡 Ổn định,,True
2026-08-27,MBB,🌱 ĐANG HỒI,0,21050.0,3.69,4.47,65.9,🟢 MUA / GIỮ,OBV tốt + Vị trí giá tốt + RSI cải thiện,2026-08-27T20:09:09+07:00,2.76,20621.93,20246.0,1.86,-0.28,2.08,937301816.0,926040681.0,7612900.0,12925685.0,,1.02,0.84,12.33,16.75,-0.71,0.0,7,2,2,1,1,1,0,,,,,,🟢,MUA EARLY,PULL XẤU,Pull xấu,🟡,,,,🟡 Ổn định,,True
2026-08-27,MCH,🌱 ĐANG HỒI,0,142000.0,2.9,3.73,67.61,🟢 MUA / GIỮ,OBV tốt + Vị trí giá tốt + RSI cải thiện,2026-08-27T20:09:09+07:00,5.38,139773.89,137480.5,1.67,1.08,1.59,13970800.0,12674518.0,247000.0,377720.0,,1.2,0.93,5.26,13.92,-0.35,0.28,8,2,2,2,1,1,0,,,,,,🟢,PULL VỪA,PULL VỪA,,🟢,,,,🟡 Ổn định,,True
2026-08-27,MML,🌱 ĐANG HỒI,0,29500.0,5.36,3.15,63.35,🟢 MUA / GIỮ,OBV tốt + RSI cải thiện + Vol xác nhận,2026-08-27T20:09:09+07:00,7.04,28764.6,28390.0,1.32,1.1,2.56,-1400800.0,-1450092.0,18800.0,20220.0,,1.08,1.06,6.88,11.32,-11.14,0.34,8,2,1,2,1,1,1,,,,,,🟢,CP MẠNH,PULL XẤU,Pull xấu,🟡,,,,🟡 Ổn định,,False
2026-08-27,MSB,🌱 ĐANG HỒI,0,15700.0,19.66,16.64,77.36,🟢 MUA / GIỮ,OBV tốt + RS mạnh + Xu hướng lên,2026-08-27T20:09:09+07:00,27.16,13641.27,13432.5,1.55,2.11,15.09,799302600.0,769545250.0,43567700.0,7688310.0,,0.88,0.98,22.75,32.71,15.61,23.91,11,2,2,2,1,2,2,,,,,,🟢,MUA BREAK,PULL XẤU,Pull xấu,🟡,,,,🟡 Ổn định,,True
2026-08-27,MSN,🌱 ĐANG HỒI,0,70200.0,3.08,3.85,60.97,🟢 MUA / GIỮ,OBV tốt + Vị trí giá tốt + Vol xác nhận,2026-08-27T20:09:09+07:00,-0.07,69026.12,67875.0,1.7,0.61,1.7,126863600.0,117352290.0,4810800.0,4123590.0,,1.34,1.18,6.2,9.86,-0.85,-0.14,7,2,1,2,1,1,0,,,,,,🟢,PULL VỪA,PULL VỪA,RSI chững,🟡,,,,🟡 Ổn định,,True
2026-08-27,MSR,🌱 ĐANG HỒI,0,45300.0,5.35,13.53,75.41,🟢 MUA / GIỮ,OBV tốt + Xu hướng lên + Vol xác nhận,2026-08-27T20:09:09+07:00,-0.15,43288.37,40960.0,5.68,-0.54,4.65,24835400.0,22152802.0,2051800.0,1587865.0,,1.01,1.19,23.1,37.69,0.67,3.19,10,2,1,2,1,2,2,,,,,,🟢,GÀ TĂNG TỐC,PULL XẤU,RSI chững | Pull xấu,🟡,,,,🟢 Tăng tốc,,False
2026-08-27,MWG,🌱 ĐANG HỒI,0,75900.0,4.4,3.12,58.95,🟢 MUA / GIỮ,OBV tốt + Vị trí giá tốt + RSI cải thiện,2026-08-27T20:09:09+07:00,1.33,74338.97,73085.0,1.72,-0.55,2.1,253431801.0,248383571.0,2601101.0,3272215.0,,0.82,0.74,8.58,21.77,0.4,0.53,7,2,1,2,1,1,0,,,,,,🟢,MUA EARLY,PULL XẤU,Pull xấu,🟡,🟢 GREEN 2,,,🟡 Ổn định,,True
2026-08-27,NLG,🌱 ĐANG HỒI,0,24400.0,4.05,8.44,59.37,🟢 MUA / GIỮ,OBV tốt + Vị trí giá tốt + Xu hướng lên,2026-08-27T20:09:09+07:00,-2.81,23888.16,23000.0,3.86,-0.46,2.14,55449900.0,54727357.0,1571000.0,2476875.0,,0.95,0.92,12.44,22.0,-1.01,-0.41,8,2,1,1,1,2,1,,,,,,🟢,GÀ TĂNG TỐC,PULL XẤU,RSI chững | Pull xấu,🟡,,,,🟢 Tăng tốc,,False
2026-08-27,OIL,🌱 ĐANG HỒI,0,13700.0,3.01,3.79,54.33,🟢 MUA / GIỮ,OBV tốt + Vị trí giá tốt + RSI cải thiện,2026-08-27T20:09:09+07:00,-2.42,13585.55,13370.0,1.61,0.44,0.84,96751800.0,94910515.0,650700.0,1340315.0,,1.34,1.03,6.2,7.87,-3.52,0.0,5,2,0,1,1,1,0,,,,,,🟢,MUA EARLY,PULL XẤU,RSI yếu | RSI chững | Pull xấu,🟡,,,,🟡 Ổn định,,False
2026-08-27,PDR,🌱 ĐANG HỒI,0,12650.0,7.2,5.86,54.25,🟢 MUA / GIỮ,OBV tốt + Vị trí giá tốt + Xu hướng lên,2026-08-27T20:09:09+07:00,-4.01,12420.42,12112.5,2.54,0.58,1.85,244743900.0,244547935.0,4764300.0,6235865.0,,0.98,0.95,10.48,13.45,-2.32,-0.39,8,2,0,1,2,2,1,,,,,,🟢,MUA EARLY,PULL XẤU,RSI yếu | RSI chững | Pull xấu,🟡,,,,🟢 Tăng tốc,,False
2026-08-27,PHR,🌱 ĐANG HỒI,0,61700.0,2.83,4.58,57.62,🟢 MUA / GIỮ,OBV tốt + Vol xác nhận + Vị trí giá tốt,2026-08-27T20:09:09+07:00,3.43,60751.57,59655.0,1.84,-0.28,1.56,18124700.0,17275095.0,372200.0,357940.0,,1.24,1.17,8.63,12.18,-1.28,-0.32,7,2,1,2,1,1,0,,,,,,🟢,PULL VỪA,PULL VỪA,,🟢,,,,🟡 Ổn định,,False
2026-08-27,PNJ,🌱 ĐANG HỒI,0,41900.0,12.33,18.7,56.52,🟢 MUA / GIỮ,OBV tốt + Xu hướng lên + Vol xác nhận,2026-08-27T20:09:09+07:00,-3.05,40146.08,37102.5,8.2,1.75,4.37,-59976600.0,-61671111.0,6328700.0,6435475.0,,1.2,0.88,35.16,36.26,-8.01,-2.9,8,2,1,1,2,2,0,,,,,,🟢,MUA EARLY,PULL XẤU,RSI chững | Pull xấu,🟡,,,,🟢 Tăng tốc,,False
2026-08-27,PVC,🌱 ĐANG HỒI,0,12300.0,3.36,0.0,50.47,🟢 MUA / GIỮ,OBV tốt + Vị trí giá tốt,2026-08-27T20:09:09+07:00,-1.7,12237.3,12100.0,1.13,0.08,0.51,61032100.0,60749621.0,320100.0,495975.0,,1.11,0.98,6.03,6.96,-3.15,-0.81,6,2,0,1,1,1,1,,,,,,🟢,MUA EARLY,PULL XẤU,RSI yếu | RSI chững | Pull xấu,🟡,,,,🟡 Ổn định,,False
2026-08-27,PVS,🌱 ĐANG HỒI,0,39100.0,5.68,11.71,67.26,🟢 MUA / GIỮ,OBV tốt + Xu hướng lên + RSI cải thiện,2026-08-27T20:09:09+07:00,2.78,37558.85,35775.0,4.99,1.59,4.1,142733900.0,136709192.0,2020600.0,2682445.0,,1.47,1.24,15.0,18.13,-3.46,-1.26,10,2,2,1,2,2,1,,,,,,🟢,GÀ TĂNG TỐC,PULL XẤU,Pull xấu,🟡,,,,🟢 Tăng tốc,,False
2026-08-27,SSB,🌱 ĐANG HỒI,0,16000.0,5.96,5.26,64.73,🟢 MUA / GIỮ,OBV tốt + Vị trí giá tốt + RSI cải thiện,2026-08-27T20:09:09+07:00,10.48,15600.44,15377.5,1.45,1.8,2.56,39924600.0,35471140.0,2971586.0,2199054.0,,1.05,1.02,6.31,11.89,-0.31,0.95,9,2,1,1,1,2,2,,,,,,🟢,CP MẠNH,PULL XẤU,Pull xấu,🟡,,,,🟡 Ổn định,,True
2026-08-27,SSI,🌱 ĐANG HỒI,0,21400.0,10.31,7.11,63.58,🟢 MUA / GIỮ,OBV tốt + Xu hướng lên + Vị trí giá tốt,2026-08-27T20:09:09+07:00,-0.57,20757.42,20043.0,3.56,1.17,3.1,1035843307.0,1019273895.0,27811481.0,21741499.0,,1.29,1.13,13.71,21.66,-1.15,-1.61,6,2,1,1,2,2,-2,,,,,,🟢,MUA EARLY,PULL XẤU,RSI chững | Pull xấu,🟡,,,,🟢 Tăng tốc,,True
2026-08-27,SZC,🌱 ĐANG HỒI,0,19750.0,4.22,-1.0,51.75,🟢 MUA / GIỮ,OBV tốt + Vol xác nhận + Vị trí giá tốt,2026-08-27T20:09:09+07:00,1.83,19583.39,19322.5,1.35,-0.83,0.85,-21891142.0,-21918493.0,614942.0,536207.0,,1.05,0.94,11.9,15.16,-4.36,-1.74,5,2,0,1,1,1,0,,,,,,🟢,MUA EARLY,PULL XẤU,RSI yếu | Pull xấu,🟡,,,,🟡 Ổn định,,True
2026-08-27,TCB,🌱 ĐANG HỒI,0,34100.0,10.0,7.57,69.55,🟢 MUA / GIỮ,OBV tốt + Xu hướng lên + RS mạnh,2026-08-27T20:09:09+07:00,14.77,32157.65,31062.5,3.53,0.96,6.04,506825071.0,446726927.0,48896075.0,18037889.0,,0.97,0.99,17.79,20.71,1.94,1.79,12,2,2,2,2,2,2,,,,,,🟢,GÀ TĂNG TỐC,PULL XẤU,Pull xấu,🟡,🟢 GREEN 2,,,🟢 Tăng tốc,,True
2026-08-27,TCH,🌱 ĐANG HỒI,0,13750.0,18.53,16.53,64.74,🟢 MUA / GIỮ,Xu hướng lên + OBV tốt + RS mạnh,2026-08-27T20:09:09+07:00,4.35,12866.65,12292.5,4.67,2.52,6.87,170647000.0,153326011.0,8488500.0,6074825.0,,1.5,1.17,20.61,25.0,1.48,1.48,11,2,1,2,2,2,2,,,,,,🟢,GÀ TĂNG TỐC,PULL XẤU,Pull xấu,🟡,,,,🟢 Tăng tốc,,True
2026-08-27,TCM,🌱 ĐANG HỒI,0,17300.0,5.17,4.22,51.6,🟢 MUA / GIỮ,OBV tốt + Vị trí giá tốt + RSI cải thiện,2026-08-27T20:09:09+07:00,16.58,17021.29,16717.5,1.82,2.14,1.64,-7503874.0,-8253810.0,2111374.0,999129.0,,1.29,1.04,6.13,6.13,-3.35,-1.98,3,2,0,1,1,1,-2,,,,,,🟢,MUA EARLY,PULL XẤU,RSI yếu | Pull xấu,🟡,,,,🟡 Ổn định,,True
2026-08-27,VCB,🌱 ĐANG HỒI,0,60100.0,3.98,1.01,58.29,🟢 MUA / GIỮ,OBV tốt + RSI cải thiện + Vị trí giá tốt,2026-08-27T20:09:09+07:00,4.42,59290.49,59270.0,0.03,-0.12,1.37,132868200.0,127570543.0,4904300.0,5114295.0,,0.98,0.86,4.7,11.3,-1.48,-0.66,6,2,1,1,1,1,0,,,,,,🟢,PULL VỪA,PULL VỪA,,🟢,,,,🟡 Ổn định,,True
2026-08-27,VCI,🌱 ĐANG HỒI,0,22600.0,9.18,4.63,57.34,🟢 MUA / GIỮ,OBV tốt + RSI cải thiện + Vol xác nhận,2026-08-27T20:09:09+07:00,4.2,22040.52,21777.5,1.21,0.81,2.54,186216144.0,163807056.0,8786144.0,9491647.0,,1.21,1.0,9.18,22.49,-1.09,0.22,8,2,1,2,1,1,1,,,,,,🟢,CP MẠNH,PULL XẤU,Pull xấu,🟡,,✅ EARLY GREEN2,,🟡 Ổn định,,True
2026-08-27,VHM,🌱 ĐANG HỒI,0,73800.0,6.19,2.79,56.4,🟢 MUA / GIỮ,OBV tốt + RSI cải thiện + Vị trí giá tốt,2026-08-27T20:09:09+07:00,0.97,72367.78,72535.0,-0.23,0.97,1.98,388243108.0,374879373.0,4758208.0,7233180.0,,0.84,0.86,8.21,16.31,-9.67,-0.54,6,1,1,2,0,1,1,,,,,,🟢,PULL VỪA,PULL VỪA,Slope âm,🟡,,,,🔴 Yếu,,True
2026-08-27,VIC,🌱 ĐANG HỒI,0,236000.0,16.83,13.52,68.74,🟢 MUA / GIỮ,OBV tốt + RS mạnh + Xu hướng lên,2026-08-27T20:09:09+07:00,14.39,217974.61,212285.0,2.68,4.62,8.27,336754604.0,315747201.0,8585004.0,5764195.0,,1.16,1.11,19.19,22.92,2.61,3.1,12,2,2,2,2,2,2,,,,,,🟢,GÀ TĂNG TỐC,PULL XẤU,Pull xấu,🟡,,,,🟢 Tăng tốc,,True
2026-08-27,VIX,🌱 ĐANG HỒI,0,14250.0,12.65,7.63,60.59,🟢 MUA / GIỮ,OBV tốt + Vol xác nhận + RSI cải thiện,2026-08-27T20:09:09+07:00,3.72,13661.38,13227.5,3.28,1.52,4.31,1618324152.0,1557266561.0,45366784.0,45127454.0,,1.1,1.0,15.11,27.35,-1.38,-1.38,8,2,1,1,2,2,0,,,,,,🟢,MUA EARLY,PULL XẤU,Pull xấu,🟡,,,,🟢 Tăng tốc,,True
2026-08-27,VJC,🌱 ĐANG HỒI,0,126500.0,2.51,1.28,49.65,🟢 MUA / GIỮ,OBV tốt + Vị trí giá tốt + RSI cải thiện,2026-08-27T20:09:09+07:00,8.1,125256.2,125245.0,0.01,0.51,0.99,23873419.0,23402023.0,2238581.0,1448749.0,,1.04,0.99,2.76,2.76,-1.56,-0.39,3,2,0,1,1,1,-2,,,,,,🟢,MUA EARLY,PULL XẤU,RSI yếu | Pull xấu,🟡,,,,🟡 Ổn định,,True
2026-08-27,VPB,🌱 ĐANG HỒI,0,27400.0,10.04,8.09,68.63,🟢 MUA / GIỮ,OBV tốt + RS mạnh + RSI cải thiện,2026-08-27T20:09:09+07:00,8.52,26154.27,25555.0,2.35,1.57,4.76,1380360592.0,1326252279.0,29962700.0,14958765.0,,1.08,1.02,10.71,12.53,2.24,2.62,12,2,2,2,2,2,2,,,,,,🟢,GÀ TĂNG TỐC,PULL XẤU,Pull xấu,🟡,🟢 GREEN 2,,,🟢 Tăng tốc,,True
2026-08-27,VPX,🌱 ĐANG HỒI,0,26000.0,5.69,2.77,53.83,🟢 MUA / GIỮ,OBV tốt + RSI cải thiện + Vị trí giá tốt,2026-08-27T20:09:09+07:00,4.24,25407.82,25410.0,-0.01,0.31,2.33,7912800.0,6460952.0,1645100.0,950215.0,,0.92,0.87,5.69,7.66,-0.95,2.36,6,1,0,2,0,1,2,,,,,,🟢,MUA EARLY,PULL XẤU,RSI yếu | Slope âm | Pull xấu,🟡,,✅ EARLY GREEN2,,🔴 Yếu,,True
2026-08-27,VRE,🌱 ĐANG HỒI,0,26000.0,7.66,5.69,57.96,🟢 MUA / GIỮ,OBV tốt + RSI cải thiện + Vị trí giá tốt,2026-08-27T20:09:09+07:00,5.05,25205.13,25127.5,0.31,0.04,3.15,437223800.0,430080125.0,8205600.0,5970915.0,,0.84,0.81,8.56,22.07,-2.99,1.56,10,2,1,2,1,2,2,,,,,,🟢,CP MẠNH,PULL XẤU,Pull xấu,🟡,🟢 GREEN 2,✅ EARLY GREEN2,,🟡 Ổn định,,True
2026-08-27,BAF,🟡 TRUNG TÍNH,1,32299.0,0.31,2.86,68.54,👀 THEO DÕI,OBV tốt + Vol xác nhận + Vị trí giá tốt,2026-08-27T20:09:09+07:00,-9.94,32166.86,31589.9,1.83,-0.86,0.41,107889600.0,106729721.0,2466400.0,2285405.0,,1.14,1.02,8.75,12.19,-2.12,-0.16,6,2,1,1,1,1,0,,,,,,🟢,PULL VỪA,PULL VỪA,RSI chững,🟡,,,,🟡 Ổn định,,True
2026-08-27,BFC,🟡 TRUNG TÍNH,1,47750.0,-0.1,0.53,43.31,👀 THEO DÕI,OBV tốt + Vol xác nhận + Vị trí giá tốt,2026-08-27T20:09:09+07:00,-3.02,47946.39,48188.5,-0.5,-0.69,-0.41,29464156.0,29358583.0,195256.0,161703.0,,1.06,1.03,0.53,4.33,-4.5,0.1,4,0,0,2,0,0,2,,,,,,🟢,MUA EARLY,PULL XẤU,RSI yếu | RSI chững | Giá dưới EMA9 | Slope âm | Pull xấu,🟡,,,,🔴 Yếu,,True
2026-08-27,BSR,🟡 TRUNG TÍNH,1,26500.0,-1.85,0.0,53.44,👀 THEO DÕI,OBV tốt + Vị trí giá tốt,2026-08-27T20:09:09+07:00,-7.1,26653.68,26138.0,1.97,-1.16,-0.58,675412100.0,672786677.0,6282300.0,9811120.0,,1.0,1.05,7.2,16.53,-5.02,-1.49,3,0,0,1,1,0,1,,,,,,🟢,MUA EARLY,PULL XẤU,RSI yếu | RSI chững | Giá dưới EMA9 | Pull xấu,🟡,,,,🟡 Ổn định,,True
2026-08-27,CMG,🟡 TRUNG TÍNH,1,24150.0,2.11,-0.62,43.24,👀 THEO DÕI,OBV tốt + Vị trí giá tốt + Vol xác nhận,2026-08-27T20:09:09+07:00,-4.13,24192.71,24480.0,-1.17,-0.37,-0.18,-7535228.0,-7643486.0,106072.0,141799.0,,0.86,0.84,2.33,2.33,-6.21,0.0,3,0,0,2,0,1,0,,,,,,🟢,MUA EARLY,PULL XẤU,RSI yếu | RSI chững | Giá dưới EMA9 | Slope âm | Pull xấu,🟡,,,,🔴 Yếu,,True
2026-08-27,CSV,🟡 TRUNG TÍNH,1,21600.0,3.1,-1.37,47.38,👀 THEO DÕI,OBV tốt + Vị trí giá tốt,2026-08-27T20:09:09+07:00,-1.22,21549.8,21685.0,-0.62,-0.48,0.23,-3528800.0,-3624747.0,137050.0,283188.0,,0.79,0.77,3.1,8.0,-4.42,-0.46,4,1,0,1,0,1,1,,,,,,🟢,MUA EARLY,PULL XẤU,RSI yếu | RSI chững | Slope âm | Pull xấu,🟡,,,,🔴 Yếu,,True
2026-08-27,CTG,🟡 TRUNG TÍNH,1,31900.0,1.59,-0.78,52.47,👀 THEO DÕI,OBV tốt + Vị trí giá tốt + Vol xác nhận,2026-08-27T20:09:09+07:00,0.96,31731.02,31784.95,-0.17,-0.88,0.53,384832441.0,374214769.0,10167141.0,8095057.0,,0.9,0.83,3.57,10.96,-3.33,0.16,6,1,0,2,0,1,2,,,,,,🟢,MUA EARLY,PULL XẤU,RSI yếu | Slope âm | Pull xấu,🟡,,✅ EARLY GREEN2,🌱 EARLY DRY GREEN2,🔴 Yếu,,True
2026-08-27,DCM,🟡 TRUNG TÍNH,1,31000.0,-0.96,0.65,47.19,👀 THEO DÕI,OBV tốt + Vị trí giá tốt,2026-08-27T20:09:09+07:00,-3.76,31069.37,31067.5,0.01,-0.22,-0.22,71386600.0,68969479.0,1029100.0,2255005.0,,1.4,1.09,1.64,7.27,-4.32,-0.8,3,0,0,1,1,0,1,,,,,,🟢,MUA EARLY,PULL XẤU,RSI yếu | RSI chững | Giá dưới EMA9 | Pull xấu,🟡,,,,🟡 Ổn định,,True
2026-08-27,DGW,🟡 TRUNG TÍNH,1,43100.0,0.94,-0.12,64.42,👀 THEO DÕI,OBV tốt + Vị trí giá tốt + RSI cải thiện,2026-08-27T20:09:09+07:00,-0.07,42292.9,41032.5,3.07,-2.06,1.91,65693276.0,63633623.0,3975076.0,1575734.0,,0.93,1.12,17.76,30.02,-1.71,1.65,8,2,1,2,1,0,2,,,,,,🟢,GÀ TĂNG TỐC,PULL VỪA,RSI chững,🟡,,,,🟢 Tăng tốc,,True
2026-08-27,DPM,🟡 TRUNG TÍNH,1,22050.0,1.15,0.68,51.63,👀 THEO DÕI,OBV tốt + Vị trí giá tốt,2026-08-27T20:09:09+07:00,-4.22,22037.61,21985.0,0.24,0.01,0.06,82943600.0,81326537.0,1458100.0,2548580.0,,0.95,0.82,2.56,6.78,-3.71,-0.9,6,2,0,1,1,1,1,,,,,,🟢,MUA EARLY,PULL XẤU,RSI yếu | RSI chững | Pull xấu,🟡,,,,🟡 Ổn định,,True
2026-08-27,EVF,🟡 TRUNG TÍNH,1,12450.0,1.22,-1.97,48.18,👀 THEO DÕI,OBV tốt + Vị trí giá tốt,2026-08-27T20:09:09+07:00,-5.02,12493.26,12467.5,0.21,-0.53,-0.35,155687200.0,155002960.0,805500.0,1241675.0,,0.93,1.04,2.05,5.51,-4.23,-0.8,4,0,0,1,1,1,1,,,,,,🟢,MUA EARLY,PULL XẤU,RSI yếu | RSI chững | Giá dưới EMA9 | Pull xấu,🟡,,,,🟡 Ổn định,,True
2026-08-27,GEX,🟡 TRUNG TÍNH,1,26150.0,6.52,2.95,55.89,👀 THEO DÕI,Vị trí giá tốt + RSI cải thiện + RS mạnh,2026-08-27T20:09:09+07:00,-1.08,25692.64,25132.5,2.23,-1.45,1.78,525534857.0,530591700.0,7385143.0,11683927.0,,0.85,0.84,16.22,28.82,-2.79,-1.32,6,2,1,0,1,1,1,,,,,,🔴,MUA EARLY,PULL XẤU,OBV gãy | RSI chững | Pull xấu,🟡,,,,🟢 Tăng tốc,,True
2026-08-27,GIL,🟡 TRUNG TÍNH,1,7980.0,2.44,-6.12,45.87,👀 THEO DÕI,OBV tốt + Vị trí giá tốt,2026-08-27T20:09:09+07:00,0.15,7989.04,7929.4,0.75,-2.84,-0.11,-4523680.0,-4692749.0,61880.0,236054.0,,0.51,0.58,19.82,21.83,-13.82,-1.85,4,0,0,1,1,1,1,,,,,,🟢,MUA EARLY,PULL XẤU,RSI yếu | Giá dưới EMA9 | Pull xấu,🟡,,,,🟡 Ổn định,,True
2026-08-27,HAG,🟡 TRUNG TÍNH,1,14200.0,1.07,0.71,48.89,👀 THEO DÕI,OBV tốt + Vol xác nhận + Vị trí giá tốt,2026-08-27T20:09:09+07:00,-2.64,14181.56,14117.5,0.45,0.22,0.13,390688242.0,390436120.0,1845758.0,1757398.0,,0.91,0.92,1.43,3.65,-2.74,-0.35,5,2,0,1,1,1,0,,,,,,🟢,MUA EARLY,PULL XẤU,RSI yếu | RSI chững | Pull xấu,🟡,,,,🟡 Ổn định,,True
2026-08-27,HDC,🟡 TRUNG TÍNH,1,12300.0,6.03,6.03,50.31,👀 THEO DÕI,Vị trí giá tốt + Vol xác nhận + Xu hướng lên,2026-08-27T20:09:09+07:00,-5.05,12149.92,11920.0,1.93,0.13,1.24,159950692.0,160037255.0,1302708.0,1103385.0,,1.09,0.98,7.89,12.84,-3.53,-0.81,5,2,0,0,1,2,0,,,,,,🔴,MUA EARLY,PULL XẤU,OBV gãy | RSI yếu | RSI chững | Pull xấu,🟡,,,,🟡 Ổn định,,True
2026-08-27,HSG,🟡 TRUNG TÍNH,1,10950.0,4.29,2.34,52.48,👀 THEO DÕI,OBV tốt + Vị trí giá tốt,2026-08-27T20:09:09+07:00,-2.83,10829.96,10785.0,0.42,0.36,1.11,54264800.0,49734434.0,3467400.0,1918465.0,,1.31,1.06,4.29,8.96,-1.35,0.0,6,2,0,2,1,1,0,,,,,,🟢,MUA EARLY,PULL XẤU,RSI yếu | RSI chững | Pull xấu,🟡,,,,🟡 Ổn định,,True
2026-08-27,HUT,🟡 TRUNG TÍNH,1,13300.0,3.1,-1.48,37.59,👀 THEO DÕI,OBV tốt + Vị trí giá tốt,2026-08-27T20:09:09+07:00,14.79,13253.25,13490.0,-1.76,2.23,0.35,29015200.0,28150082.0,1219000.0,1855770.0,,0.9,0.74,3.1,3.1,-10.14,0.76,3,1,0,1,0,1,0,,,,,,🟢,MUA EARLY,PULL XẤU,RSI yếu | Slope âm | Pull xấu,🟡,,,,🔴 Yếu,,False
2026-08-27,OCB,🟡 TRUNG TÍNH,1,10900.0,0.0,-0.91,56.02,👀 THEO DÕI,OBV tốt + Vị trí giá tốt,2026-08-27T20:09:09+07:00,-4.66,10903.16,10735.0,1.57,-0.89,-0.03,120219900.0,119359461.0,1616300.0,2528915.0,,0.97,0.89,7.39,9.0,-1.8,-0.91,4,0,1,1,1,0,1,,,,,,🟢,PULL VỪA,PULL VỪA,RSI chững | Giá dưới EMA9,🟡,,,,🟡 Ổn định,,False
2026-08-27,ORS,🟡 TRUNG TÍNH,1,13900.0,2.21,-1.42,49.22,👀 THEO DÕI,OBV tốt + Vị trí giá tốt,2026-08-27T20:09:09+07:00,-11.09,14060.81,14075.0,-0.1,-0.79,-1.14,228290300.0,223481502.0,992200.0,3958180.0,,1.33,0.93,2.21,9.88,-7.33,-2.11,3,0,0,1,0,1,1,,,,,,🟢,MUA EARLY,PULL XẤU,RSI yếu | RSI chững | Giá dưới EMA9 | Slope âm | Pull xấu,🟡,,,,🔴 Yếu,,False
2026-08-27,PC1,🟡 TRUNG TÍNH,1,21050.0,4.73,1.69,54.34,👀 THEO DÕI,OBV tốt + RSI cải thiện + Vị trí giá tốt,2026-08-27T20:09:09+07:00,9.23,20582.02,20695.0,-0.55,1.02,2.27,121863700.0,120796162.0,3679400.0,1544800.0,,0.78,0.8,4.73,12.87,-4.54,3.19,6,1,0,2,0,1,2,,,,,,🟢,MUA EARLY,PULL XẤU,RSI yếu | Slope âm | Pull xấu,🟡,,✅ EARLY GREEN2,🌱 EARLY DRY GREEN2,🔴 Yếu,,False
2026-08-27,PET,🟡 TRUNG TÍNH,1,39300.0,1.29,-0.76,56.61,👀 THEO DÕI,OBV tốt + Vị trí giá tốt + RSI cải thiện,2026-08-27T20:09:09+07:00,-1.91,39157.56,39157.5,0.0,-0.66,0.36,69827700.0,69687774.0,190600.0,414725.0,,0.55,0.86,3.42,17.24,-6.21,0.77,6,2,1,1,1,1,0,,,,,,🟢,PULL VỪA,PULL VỪA,RSI chững,🟡,,,,🟡 Ổn định,,False
2026-08-27,PLC,🟡 TRUNG TÍNH,1,20100.0,0.0,-0.99,50.65,👀 THEO DÕI,OBV tốt + Vị trí giá tốt,2026-08-27T20:09:09+07:00,-5.32,20240.36,20090.0,0.75,-1.38,-0.69,19081400.0,18952688.0,64800.0,130825.0,,0.99,0.96,6.91,13.56,-4.29,-1.47,3,0,0,1,1,0,1,,,,,,🟢,MUA EARLY,PULL XẤU,RSI yếu | RSI chững | Giá dưới EMA9 | Pull xấu,🟡,,,,🟡 Ổn định,,False
2026-08-27,PVB,🟡 TRUNG TÍNH,1,21800.0,0.0,-2.68,48.15,👀 THEO DÕI,OBV tốt + Vị trí giá tốt,2026-08-27T20:09:09+07:00,-6.7,21911.57,21520.0,1.82,-0.27,-0.51,1914600.0,1832670.0,34200.0,85635.0,,0.95,1.05,6.34,6.34,-7.23,-3.54,3,0,0,1,1,0,1,,,,,,🟢,MUA EARLY,PULL XẤU,RSI yếu | RSI chững | Giá dưới EMA9 | Pull xấu,🟡,,,,🟡 Ổn định,,False
2026-08-27,PVT,🟡 TRUNG TÍNH,1,20200.0,-0.74,1.0,59.72,👀 THEO DÕI,OBV tốt + Vị trí giá tốt,2026-08-27T20:09:09+07:00,-7.51,20183.39,19622.5,2.86,-2.21,0.08,24599900.0,21181127.0,2031500.0,4467420.0,,0.99,1.04,13.17,23.93,-3.81,-0.25,6,2,1,1,1,0,1,,,,,,🟢,PULL VỪA,PULL VỪA,RSI chững,🟡,,,,🟢 Tăng tốc,,False
2026-08-27,SAB,🟡 TRUNG TÍNH,1,45750.0,-2.24,-0.22,52.89,👀 THEO DÕI,OBV tốt + Vị trí giá tốt,2026-08-27T20:09:09+07:00,-3.09,46017.43,45577.5,0.97,-1.04,-0.58,-6370100.0,-6504067.0,382500.0,833190.0,,1.08,0.95,5.05,6.4,-3.07,-0.76,3,0,0,1,1,0,1,,,,,,🟢,MUA EARLY,PULL XẤU,RSI yếu | RSI chững | Giá dưới EMA9 | Pull xấu,🟡,,,,🟡 Ổn định,,False
2026-08-27,SIP,🟡 TRUNG TÍNH,1,50000.0,1.42,-1.77,52.84,👀 THEO DÕI,OBV tốt + Vị trí giá tốt + RSI cải thiện,2026-08-27T20:09:09+07:00,-0.05,49851.09,50112.5,-0.52,-0.78,0.3,408869.0,269531.0,207869.0,96253.0,,0.59,0.87,3.95,7.3,-3.29,0.4,6,1,0,2,0,1,2,,,,,,🟢,MUA EARLY,PULL XẤU,RSI yếu | RSI chững | Slope âm | Pull xấu,🟡,,,,🔴 Yếu,,True
2026-08-27,TNG,🟡 TRUNG TÍNH,1,17000.0,2.41,-1.73,49.29,👀 THEO DÕI,OBV tốt + Vị trí giá tốt,2026-08-27T20:09:09+07:00,-2.15,17004.25,17058.5,-0.32,-0.29,-0.02,35203000.0,34741115.0,199200.0,382935.0,,1.51,1.18,2.41,8.42,-5.24,0.0,2,0,0,1,0,1,0,,,,,,🟢,TÍCH LŨY,PULL XẤU,RSI yếu | RSI chững | Giá dưới EMA9 | Slope âm | Pull xấu,🔴,,,,🔴 Yếu,,False
2026-08-27,TPB,🟡 TRUNG TÍNH,1,14700.0,1.38,1.73,50.68,👀 THEO DÕI,OBV tốt + Vị trí giá tốt + RSI cải thiện,2026-08-27T20:09:09+07:00,3.13,14565.19,14537.5,0.19,-0.36,0.93,451506413.0,447525004.0,4322425.0,7669426.0,,1.01,0.84,4.26,5.76,-2.33,1.38,6,2,0,2,1,1,0,,,,,,🟢,MUA EARLY,PULL XẤU,RSI yếu | Pull xấu,🟡,,✅ EARLY GREEN2,🌱 EARLY DRY GREEN2,🟡 Ổn định,,True
2026-08-27,TVN,🟡 TRUNG TÍNH,1,9600.0,3.23,2.13,50.86,👀 THEO DÕI,OBV tốt + Vị trí giá tốt,2026-08-27T20:09:09+07:00,-2.83,9540.03,9360.0,1.92,-1.54,0.63,41601700.0,40950745.0,436100.0,703385.0,,0.8,1.35,10.34,15.66,-9.43,1.05,6,2,0,2,1,1,0,,,,,,🟢,MUA EARLY,PULL XẤU,RSI yếu | RSI chững | Pull xấu,🟡,,,,🟡 Ổn định,,False
2026-08-27,VDS,🟡 TRUNG TÍNH,1,12150.0,4.74,2.53,47.21,👀 THEO DÕI,OBV tốt + Vị trí giá tốt + Vol xác nhận,2026-08-27T20:09:09+07:00,-3.96,12099.04,11992.5,0.89,0.18,0.42,47622393.0,47620947.0,557907.0,781245.0,,1.11,0.92,4.74,8.48,-5.08,-1.62,6,2,0,1,1,1,1,,,,,,🟢,MUA EARLY,PULL XẤU,RSI yếu | RSI chững | Pull xấu,🟡,,,,🟡 Ổn định,,True
2026-08-27,VGI,🟡 TRUNG TÍNH,1,87700.0,0.46,3.18,57.14,👀 THEO DÕI,OBV tốt + Vị trí giá tốt + RSI cải thiện,2026-08-27T20:09:09+07:00,-0.44,86707.58,85560.0,1.34,-1.36,1.14,-12305600.0,-12667682.0,240000.0,376285.0,,0.99,0.96,8.14,17.56,-4.67,0.34,7,2,1,2,1,1,0,,,,,,🟢,PULL VỪA,PULL VỪA,RSI chững,🟡,,✅ EARLY GREEN2,,🟡 Ổn định,,False
2026-08-27,VGS,🟡 TRUNG TÍNH,1,18400.0,3.37,1.1,49.44,👀 THEO DÕI,OBV tốt + Vị trí giá tốt,2026-08-27T20:09:09+07:00,-6.25,18267.35,18100.0,0.92,-0.03,0.73,4857600.0,4802680.0,69800.0,105185.0,,1.16,0.96,3.95,8.24,-5.15,0.55,5,2,0,1,1,1,0,,,,,,🟢,MUA EARLY,PULL XẤU,RSI yếu | RSI chững | Pull xấu,🟡,,,,🟡 Ổn định,,False
2026-08-27,VIB,🟡 TRUNG TÍNH,1,14900.0,3.47,2.41,53.26,👀 THEO DÕI,OBV tốt + Vị trí giá tốt + RSI cải thiện,2026-08-27T20:09:09+07:00,4.28,14663.53,14635.0,0.19,0.36,1.61,220845852.0,208203697.0,16572548.0,5514167.0,,0.94,0.83,4.2,5.3,-1.97,1.36,8,2,0,2,1,1,2,,,,,,🟢,MUA EARLY,PULL XẤU,RSI yếu | Pull xấu,🟡,,,,🟡 Ổn định,,True
2026-08-27,VND,🟡 TRUNG TÍNH,1,16750.0,6.01,1.21,50.49,👀 THEO DÕI,Vị trí giá tốt + Vol xác nhận + RS mạnh,2026-08-27T20:09:09+07:00,-0.82,16614.19,16602.45,0.07,0.9,0.82,507624374.0,521557588.0,12087038.0,10149462.0,,1.16,1.05,6.35,9.12,-3.46,-1.47,4,2,0,0,1,1,0,,,,,,🔴,MUA EARLY,PULL XẤU,OBV gãy | RSI yếu | RSI chững | Pull xấu,🟡,,,,🟡 Ổn định,,True
2026-08-27,AGR,🔴 YẾU,2,13150.0,3.14,0.77,46.87,⏳ CHỜ,OBV xấu + Thiếu mẫu xác nhận,2026-08-27T20:09:09+07:00,-2.65,13118.4,13097.5,0.16,0.12,0.24,22196821.0,22474989.0,220279.0,274009.0,,1.11,0.98,3.54,7.35,-3.66,-1.13,4,2,0,0,1,1,0,,,,,,🔴,MUA EARLY,PULL XẤU,OBV gãy | RSI yếu | RSI chững | Pull xấu,🟡,,,,🟡 Ổn định,,True
2026-08-27,ANV,🔴 YẾU,2,17250.0,3.29,-1.99,44.87,⏳ CHỜ,OBV xấu + Thiếu mẫu xác nhận,2026-08-27T20:09:09+07:00,1.12,17258.21,17292.5,-0.2,0.58,-0.05,43905791.0,43961246.0,520209.0,537930.0,,0.98,0.96,3.29,6.82,-5.74,-1.43,1,0,0,0,0,1,0,,,,,,🔴,THEO DÕI,PULL XẤU,OBV gãy | RSI yếu | Giá dưới EMA9 | Slope âm | Pull xấu,🔴,,,,🔴 Yếu,,True
2026-08-27,BSI,🔴 YẾU,2,28900.0,4.33,1.94,48.35,⏳ CHỜ,OBV xấu + Thiếu mẫu xác nhận,2026-08-27T20:09:09+07:00,-2.99,28738.58,28450.0,1.01,-0.05,0.56,21753133.0,21942480.0,215467.0,347263.0,,1.02,0.89,4.71,10.1,-4.3,-1.37,5,2,0,0,1,1,1,,,,,,🔴,MUA EARLY,PULL XẤU,OBV gãy | RSI yếu | RSI chững | Pull xấu,🟡,,,,🟡 Ổn định,,True
2026-08-27,CTD,🔴 YẾU,2,62800.0,2.11,0.8,50.22,⏳ CHỜ,OBV xấu + Thiếu mẫu xác nhận,2026-08-27T20:09:09+07:00,-2.06,62532.04,62410.0,0.2,-0.65,0.43,10399566.0,10470127.0,183534.0,305032.0,,0.84,0.77,2.95,13.97,-3.38,-1.26,5,2,0,0,1,1,1,,,,,,🔴,MUA EARLY,PULL XẤU,OBV gãy | RSI yếu | RSI chững | Pull xấu,🟡,,,,🟡 Ổn định,,True
2026-08-27,DGC,🔴 YẾU,2,43200.0,4.35,-1.59,51.48,⏳ CHỜ,OBV xấu + Vol chưa xác nhận + Thiếu mẫu xác nhận,2026-08-27T20:09:09+07:00,-4.68,43279.2,42497.5,1.84,-0.54,-0.18,-122008500.0,-121619478.0,1051400.0,529035.0,,1.03,0.91,10.49,20.0,-5.68,-4.0,0,0,0,0,1,1,-2,,,,,,🔴,THEO DÕI,PULL XẤU,OBV gãy | RSI yếu | RSI chững | Giá dưới EMA9 | Pull xấu,🔴,,,,🟡 Ổn định,,True
2026-08-27,DXS,🔴 YẾU,2,6070.0,5.2,3.94,48.46,⏳ CHỜ,OBV xấu + Vol chưa xác nhận + Thiếu mẫu xác nhận,2026-08-27T20:09:09+07:00,-8.49,6065.44,5964.5,1.69,0.3,0.08,45404660.0,50469935.0,4199440.0,2281077.0,,1.4,1.04,5.57,8.2,-5.75,-1.46,2,2,0,0,1,1,-2,,,,,,🔴,TÍCH LŨY,PULL XẤU,OBV gãy | RSI yếu | RSI chững | Pull xấu,🔴,,,,🟡 Ổn định,,True
2026-08-27,EIB,🔴 YẾU,2,17350.0,2.66,-0.86,41.08,⏳ CHỜ,OBV xấu + Thiếu mẫu xác nhận + Xu hướng giảm,2026-08-27T20:09:09+07:00,0.77,17328.6,17617.5,-1.64,0.17,0.12,143204800.0,146756183.0,3205000.0,4882265.0,,0.87,1.0,2.66,5.15,-6.97,-0.29,3,1,0,0,0,1,1,,,,,,🔴,MUA EARLY,PULL XẤU,OBV gãy | RSI yếu | Slope âm | Pull xấu,🟡,,,,🔴 Yếu,,True
2026-08-27,FTS,🔴 YẾU,2,22400.0,3.94,2.75,48.61,⏳ CHỜ,OBV xấu + Thiếu mẫu xác nhận,2026-08-27T20:09:09+07:00,-2.07,22315.46,22100.0,0.97,-0.26,0.38,17491768.0,17876054.0,782932.0,878217.0,,0.95,0.94,4.67,11.44,-4.68,-1.75,4,2,0,0,1,1,0,,,,,,🔴,MUA EARLY,PULL XẤU,OBV gãy | RSI yếu | RSI chững | Pull xấu,🟡,,,,🟡 Ổn định,,True
2026-08-27,HDG,🔴 YẾU,2,16500.0,4.76,1.23,45.27,⏳ CHỜ,OBV xấu + Thiếu mẫu xác nhận,2026-08-27T20:09:09+07:00,-3.27,16422.14,16429.95,-0.05,0.38,0.47,12545722.0,14637007.0,1271078.0,1065539.0,,0.83,0.87,4.76,6.45,-4.07,-1.2,2,1,0,0,0,1,0,,,,,,🔴,TÍCH LŨY,PULL XẤU,OBV gãy | RSI yếu | RSI chững | Slope âm | Pull xấu,🔴,,,,🔴 Yếu,,True
2026-08-27,HVN,🔴 YẾU,2,23000.0,1.32,-3.56,48.84,⏳ CHỜ,OBV xấu + Xu hướng giảm + Thiếu mẫu xác nhận,2026-08-27T20:09:09+07:00,1.62,23001.01,23265.0,-1.13,-0.99,-0.0,2948820.0,3469482.0,395780.0,843259.0,,0.58,0.68,6.98,9.52,-8.37,-1.29,2,0,0,0,0,1,1,,,,,,🔴,TÍCH LŨY,PULL XẤU,OBV gãy | RSI yếu | Giá dưới EMA9 | Slope âm | Pull xấu,🔴,,,,🔴 Yếu,,True
2026-08-27,KSB,🔴 YẾU,2,13650.0,1.11,-5.21,48.13,⏳ CHỜ,OBV xấu + Thiếu mẫu xác nhận,2026-08-27T20:09:09+07:00,-2.6,13725.78,13655.0,0.52,-0.71,-0.55,30769398.0,31555870.0,537002.0,1046795.0,,0.68,1.0,4.2,5.41,-7.14,-0.73,3,0,0,0,1,1,1,,,,,,🔴,MUA EARLY,PULL XẤU,OBV gãy | RSI yếu | RSI chững | Giá dưới EMA9 | Pull xấu,🟡,,,,🟡 Ổn định,,True
2026-08-27,MBS,🔴 YẾU,2,17800.0,5.33,2.3,50.73,⏳ CHỜ,OBV xấu + Thiếu mẫu xác nhận,2026-08-27T20:09:09+07:00,-1.12,17638.52,17507.0,0.75,0.07,0.92,-48695600.0,-47224984.0,2374800.0,4437640.0,,0.94,0.89,5.33,8.21,-3.78,0.0,4,2,0,0,1,1,0,,,,,,🔴,MUA EARLY,PULL XẤU,OBV gãy | RSI yếu | RSI chững | Pull xấu,🟡,,,,🟡 Ổn định,,False
2026-08-27,MSH,🔴 YẾU,2,30550.0,1.83,-2.08,45.3,⏳ CHỜ,OBV xấu + Thiếu mẫu xác nhận,2026-08-27T20:09:09+07:00,-1.01,30511.63,30707.5,-0.64,0.13,0.13,11694877.0,11785671.0,50323.0,102651.0,,1.35,1.27,1.83,1.83,-4.53,-0.49,3,1,0,0,0,1,1,,,,,,🔴,MUA EARLY,PULL XẤU,OBV gãy | RSI yếu | RSI chững | Slope âm | Pull xấu,🟡,,,,🔴 Yếu,,True
2026-08-27,NKG,🔴 YẾU,2,11000.0,3.77,-0.45,48.94,⏳ CHỜ,OBV xấu + Thiếu mẫu xác nhận,2026-08-27T20:09:09+07:00,-5.11,10951.4,10977.5,-0.24,0.38,0.44,276352300.0,276393034.0,1502100.0,1622120.0,,0.87,0.87,4.27,5.77,-3.51,-1.79,2,1,0,0,0,1,0,,,,,,🔴,TÍCH LŨY,PULL XẤU,OBV gãy | RSI yếu | RSI chững | Slope âm | Pull xấu,🔴,,,,🔴 Yếu,,False
2026-08-27,PVD,🔴 YẾU,2,19200.0,4.63,4.92,55.9,⏳ CHỜ,OBV xấu + Vol chưa xác nhận + Thiếu mẫu xác nhận,2026-08-27T20:09:09+07:00,-3.48,18936.74,18440.0,2.69,1.39,1.39,264147035.0,276441059.0,22476765.0,4415773.0,,1.29,1.0,8.17,9.71,-2.78,-2.04,4,2,1,0,2,1,-2,,,,,,🔴,MUA EARLY,PULL XẤU,OBV gãy | RSI chững | Pull xấu,🟡,,,,🟢 Tăng tốc,,True
2026-08-27,SHB,🔴 YẾU,2,11900.0,2.59,0.85,47.55,⏳ CHỜ,OBV xấu + Thiếu mẫu xác nhận,2026-08-27T20:09:09+07:00,-5.38,11889.96,11807.5,0.7,0.09,0.08,1497689802.0,1536821278.0,30027762.0,48176183.0,,0.97,0.98,3.48,6.25,-2.46,-1.24,5,2,0,0,1,1,1,,,,,,🔴,MUA EARLY,PULL XẤU,OBV gãy | RSI yếu | RSI chững | Pull xấu,🟡,,,,🟡 Ổn định,,True
2026-08-27,SHS,🔴 YẾU,2,15700.0,6.8,-0.63,49.04,⏳ CHỜ,OBV xấu + Thiếu mẫu xác nhận,2026-08-27T20:09:09+07:00,1.16,15519.96,15535.0,-0.1,0.5,1.16,670143696.0,670325880.0,6397600.0,10893300.0,,1.2,1.18,6.8,9.79,-3.68,0.0,2,1,0,0,0,1,0,,,,,,🔴,TÍCH LŨY,PULL XẤU,OBV gãy | RSI yếu | Slope âm | Pull xấu,🔴,,,,🔴 Yếu,,False
2026-08-27,TCX,🔴 YẾU,2,40800.0,3.29,2.0,51.49,⏳ CHỜ,OBV xấu + Thiếu mẫu xác nhận,2026-08-27T20:09:09+07:00,-0.87,40538.34,40195.0,0.85,0.36,0.65,19277344.0,19670855.0,2707756.0,1868008.0,,1.29,1.0,4.21,8.8,-4.0,-2.04,2,2,0,0,1,1,-2,,,,,,🔴,TÍCH LŨY,PULL XẤU,OBV gãy | RSI yếu | RSI chững | Pull xấu,🔴,,,,🟡 Ổn định,,True
2026-08-27,VCG,🔴 YẾU,2,15950.0,2.9,0.95,47.32,⏳ CHỜ,OBV xấu + Vol chưa xác nhận + Thiếu mẫu xác nhận,2026-08-27T20:09:09+07:00,-4.27,15945.78,15842.3,0.65,0.05,0.03,234541918.0,236857730.0,4368182.0,2430124.0,,1.07,0.93,2.9,5.63,-3.92,-1.23,2,2,0,0,1,1,-2,,,,,,🔴,TÍCH LŨY,PULL XẤU,OBV gãy | RSI yếu | RSI chững | Pull xấu,🔴,,,,🟡 Ổn định,,True
2026-08-27,VCK,🔴 YẾU,2,30400.0,4.47,3.05,49.67,⏳ CHỜ,OBV xấu + Thiếu mẫu xác nhận,2026-08-27T20:09:09+07:00,0.61,30140.93,30300.0,-0.52,0.32,0.86,70506428.0,71614563.0,1371672.0,2094954.0,,1.11,0.97,4.47,7.23,-4.4,-0.33,3,1,0,0,0,1,1,,,,,,🔴,MUA EARLY,PULL XẤU,OBV gãy | RSI yếu | Slope âm | Pull xấu,🟡,,,,🔴 Yếu,,True
2026-08-27,VGC,🔴 YẾU,2,40700.0,0.37,0.25,56.81,⏳ CHỜ,OBV xấu + Thiếu mẫu xác nhận,2026-08-27T20:09:09+07:00,-3.87,40636.47,39942.5,1.74,-1.21,0.16,28813464.0,28976825.0,357136.0,416867.0,,0.95,0.87,8.24,16.62,-2.75,-1.33,4,2,1,0,1,0,0,,,,,,🔴,MUA EARLY,PULL XẤU,OBV gãy | RSI chững | Pull xấu,🟡,,,,🟡 Ổn định,,True
2026-08-27,VGT,🔴 YẾU,2,11600.0,1.75,0.0,58.72,⏳ CHỜ,OBV xấu + Thiếu mẫu xác nhận,2026-08-27T20:09:09+07:00,-0.7,11531.39,11302.0,2.03,-1.25,0.6,16680200.0,16697913.0,183400.0,414020.0,,0.82,1.37,10.16,12.29,-6.3,0.0,5,2,1,0,1,1,0,,,,,,🔴,MUA EARLY,PULL XẤU,OBV gãy | RSI chững | Pull xấu,🟡,,,,🟢 Tăng tốc,,False
2026-08-27,VOS,🔴 YẾU,2,11100.0,1.83,1.37,48.71,⏳ CHỜ,OBV xấu + Thiếu mẫu xác nhận,2026-08-27T20:09:09+07:00,-4.11,11107.67,11075.0,0.3,-0.61,-0.07,25088300.0,25182772.0,198800.0,393430.0,,0.87,0.88,2.78,7.77,-4.31,-0.89,3,0,0,0,1,1,1,,,,,,🔴,MUA EARLY,PULL XẤU,OBV gãy | RSI yếu | RSI chững | Giá dưới EMA9 | Pull xấu,🟡,,,,🟡 Ổn định,,True
2026-08-27,VPL,🔴 YẾU,2,77500.0,3.33,0.65,48.52,⏳ CHỜ,OBV xấu + Thiếu mẫu xác nhận + Xu hướng giảm,2026-08-27T20:09:09+07:00,4.59,76439.69,77620.0,-1.52,0.16,1.39,13333194.0,13435860.0,838394.0,592185.0,,1.08,1.01,4.03,5.44,-4.56,2.65,4,1,0,0,0,1,2,,,,,,🔴,MUA EARLY,PULL XẤU,OBV gãy | RSI yếu | Slope âm | Pull xấu,🟡,,,,🔴 Yếu,,True
2026-08-27,VSC,🔴 YẾU,2,14900.0,4.2,3.83,49.34,⏳ CHỜ,OBV xấu + Thiếu mẫu xác nhận,2026-08-27T20:09:09+07:00,-5.27,14863.73,14702.5,1.1,-1.44,0.24,287085155.0,293985522.0,13732845.0,11768767.0,,1.21,1.02,7.97,17.32,-5.7,-1.32,4,2,0,0,1,1,0,,,,,,🔴,MUA EARLY,PULL XẤU,OBV gãy | RSI yếu | RSI chững | Pull xấu,🟡,,,,🟡 Ổn định,,True
2026-08-27,BMP,⚠️ YẾU DẦN,3,144000.0,0.28,-3.61,39.96,🟠 HẠN CHẾ / GIẢM,OBV xấu + Thiếu mẫu xác nhận + Xu hướng giảm,2026-08-27T20:09:09+07:00,-1.76,145046.17,147270.0,-1.51,-0.16,-0.72,1621145.0,1832084.0,82255.0,91753.0,,0.84,0.85,0.28,9.17,-6.19,-0.21,0,0,0,0,0,0,0,,,,,,🔴,THEO DÕI,PULL XẤU,OBV gãy | RSI yếu | RSI chững | Giá dưới EMA9 | Slope âm | Pull xấu,🔴,,,,🔴 Yếu,,True
2026-08-27,BVH,⚠️ YẾU DẦN,3,63800.0,-4.2,-2.6,49.06,🟠 HẠN CHẾ / GIẢM,OBV xấu + Xu hướng giảm + Thiếu mẫu xác nhận,2026-08-27T20:09:09+07:00,-1.77,64683.91,65100.0,-0.64,-2.83,-1.37,14968900.0,16187423.0,271100.0,526280.0,,1.18,0.95,6.16,12.72,-7.54,0.63,0,0,0,0,0,0,0,,,,,,🔴,THEO DÕI,PULL XẤU,OBV gãy | RSI yếu | RSI chững | Giá dưới EMA9 | Slope âm | Pull xấu,🔴,,,,🔴 Yếu,,True
2026-08-27,DDV,⚠️ YẾU DẦN,3,18000.0,1.12,-2.17,34.79,🟠 HẠN CHẾ / GIẢM,OBV xấu + RSI yếu + Thiếu mẫu xác nhận,2026-08-27T20:09:09+07:00,-2.48,18168.98,18410.0,-1.31,-0.32,-0.93,56213500.0,56375051.0,137700.0,265340.0,,1.24,1.04,1.12,1.12,-7.22,-1.1,2,0,0,0,0,1,1,,,,,,🔴,TÍCH LŨY,PULL XẤU,OBV gãy | RSI yếu | RSI chững | Giá dưới EMA9 | Slope âm | Pull xấu,🔴,,,,🔴 Yếu,,False
2026-08-27,DPG,⚠️ YẾU DẦN,3,29550.0,1.9,-3.43,43.8,🟠 HẠN CHẾ / GIẢM,OBV xấu + Thiếu mẫu xác nhận,2026-08-27T20:09:09+07:00,-6.14,29971.4,30020.0,-0.16,-1.53,-1.41,21130804.0,21733637.0,294196.0,424925.0,,1.22,0.93,6.68,13.44,-8.09,-1.83,2,0,0,0,0,1,1,,,,,,🔴,TÍCH LŨY,PULL XẤU,OBV gãy | RSI yếu | RSI chững | Giá dưới EMA9 | Slope âm | Pull xấu,🔴,,,,🔴 Yếu,,True
2026-08-27,FOX,⚠️ YẾU DẦN,3,64099.0,-0.16,-1.99,43.58,🟠 HẠN CHẾ / GIẢM,OBV xấu + Thiếu mẫu xác nhận + Xu hướng giảm,2026-08-27T20:09:09+07:00,-0.07,64150.92,64719.95,-0.88,-0.77,-0.08,5322800.0,5369852.0,49400.0,62080.0,,0.87,0.9,1.42,5.08,-4.76,0.94,0,0,0,0,0,0,0,,,,,,🔴,THEO DÕI,PULL XẤU,OBV gãy | RSI yếu | RSI chững | Giá dưới EMA9 | Slope âm | Pull xấu,🔴,,,,🔴 Yếu,,False
2026-08-27,GEE,⚠️ YẾU DẦN,3,65000.0,0.0,-9.09,39.04,🟠 HẠN CHẾ / GIẢM,OBV xấu + Xu hướng giảm + Thiếu mẫu xác nhận,2026-08-27T20:09:09+07:00,-3.3,66394.03,68170.0,-2.61,-2.02,-2.1,88138900.0,89457928.0,1348102.0,1486040.0,,1.0,1.04,0.31,2.36,-16.34,-1.37,0,0,0,0,0,0,0,,,,,,🔴,THEO DÕI,PULL XẤU,OBV gãy | RSI yếu | RSI chững | Giá dưới EMA9 | Slope âm | Pull xấu,🔴,,,,🔴 Yếu,,True
2026-08-27,GEG,⚠️ YẾU DẦN,3,12650.0,1.61,2.43,55.98,🟠 HẠN CHẾ / GIẢM,OBV xấu + Thiếu mẫu xác nhận,2026-08-27T20:09:09+07:00,-4.63,12573.05,12377.5,1.58,-0.02,0.61,23536400.0,23735336.0,176564.0,196533.0,,0.97,0.85,4.55,8.12,-1.17,0.0,5,2,1,0,1,1,0,,,,,,🔴,MUA EARLY,PULL XẤU,OBV gãy | RSI chững | Pull xấu,🟡,,,,🟡 Ổn định,,True
2026-08-27,IDC,⚠️ YẾU DẦN,3,32500.0,2.2,-4.97,43.69,🟠 HẠN CHẾ / GIẢM,OBV xấu + Thiếu mẫu xác nhận + Xu hướng giảm,2026-08-27T20:09:09+07:00,-1.2,32729.81,33135.0,-1.22,-0.69,-0.7,61715200.0,63311138.0,716000.0,1094505.0,,1.27,1.02,2.2,3.17,-7.67,-0.91,2,0,0,0,0,1,1,,,,,,🔴,TÍCH LŨY,PULL XẤU,OBV gãy | RSI yếu | RSI chững | Giá dưới EMA9 | Slope âm | Pull xấu,🔴,,,,🔴 Yếu,,False
2026-08-27,IJC,⚠️ YẾU DẦN,3,7390.0,2.92,-4.03,45.84,🟠 HẠN CHẾ / GIẢM,OBV xấu + Thiếu mẫu xác nhận,2026-08-27T20:09:09+07:00,-1.96,7400.97,7443.5,-0.57,-0.48,-0.15,-40094237.0,-39180003.0,2367437.0,2215972.0,,0.79,0.9,2.92,10.46,-9.76,-1.73,1,0,0,0,0,1,0,,,,,,🔴,THEO DÕI,PULL XẤU,OBV gãy | RSI yếu | RSI chững | Giá dưới EMA9 | Slope âm | Pull xấu,🔴,,,,🔴 Yếu,,True
2026-08-27,LAS,⚠️ YẾU DẦN,3,11900.0,-4.8,-1.65,43.08,🟠 HẠN CHẾ / GIẢM,OBV xấu + RS yếu + Thiếu mẫu xác nhận,2026-08-27T20:09:09+07:00,-4.97,12051.49,12055.0,-0.03,-0.81,-1.26,-20001300.0,-19692345.0,107900.0,168395.0,,0.91,0.82,3.48,3.48,-7.03,-0.83,1,0,0,0,0,0,1,,,,,,🔴,THEO DÕI,PULL XẤU,OBV gãy | RSI yếu | RSI chững | Giá dưới EMA9 | Slope âm | Pull xấu,🔴,,,,🔴 Yếu,,False
2026-08-27,LPB,⚠️ YẾU DẦN,3,49400.0,-1.2,-8.18,39.47,🟠 HẠN CHẾ / GIẢM,OBV xấu + Xu hướng giảm + Thiếu mẫu xác nhận,2026-08-27T20:09:09+07:00,2.39,50177.33,51600.0,-2.76,-0.19,-1.55,148452580.0,156421836.0,4365420.0,3182131.0,,1.13,1.12,0.61,8.57,-9.36,0.2,2,0,0,0,0,0,2,,,,,,🔴,TÍCH LŨY,PULL XẤU,OBV gãy | RSI yếu | Giá dưới EMA9 | Slope âm | Pull xấu,🔴,,,,🔴 Yếu,,True
2026-08-27,NAB,⚠️ YẾU DẦN,3,11550.0,0.0,-1.7,33.69,🟠 HẠN CHẾ / GIẢM,OBV xấu + RSI yếu + Thiếu mẫu xác nhận,2026-08-27T20:09:09+07:00,-2.98,11649.37,11797.5,-1.26,0.32,-0.85,50327500.0,51512881.0,1099500.0,1400955.0,,0.89,0.9,0.0,0.0,-8.33,-0.86,1,0,0,0,0,0,1,,,,,,🔴,THEO DÕI,PULL XẤU,OBV gãy | RSI yếu | RSI chững | Giá dưới EMA9 | Slope âm | Pull xấu,🔴,,,,🔴 Yếu,,False
2026-08-27,NHA,⚠️ YẾU DẦN,3,8020.0,3.22,-4.18,42.52,🟠 HẠN CHẾ / GIẢM,OBV xấu + Thiếu mẫu xác nhận + Xu hướng giảm,2026-08-27T20:09:09+07:00,-5.74,8083.13,8183.95,-1.23,-0.65,-0.78,6545700.0,6678076.0,49600.0,110080.0,,1.26,1.12,3.22,5.53,-5.65,-1.84,2,0,0,0,0,1,1,,,,,,🔴,TÍCH LŨY,PULL XẤU,OBV gãy | RSI yếu | RSI chững | Giá dưới EMA9 | Slope âm | Pull xấu,🔴,,,,🔴 Yếu,,False
2026-08-27,NT2,⚠️ YẾU DẦN,3,21000.0,-1.18,-2.55,41.21,🟠 HẠN CHẾ / GIẢM,OBV xấu + RSI yếu + Thiếu mẫu xác nhận,2026-08-27T20:09:09+07:00,-6.56,21217.09,21325.0,-0.51,-0.81,-1.02,12760100.0,14005764.0,735200.0,507495.0,,1.09,0.96,0.0,2.44,-4.11,-0.47,-2,0,0,0,0,0,-2,,,,,,🔴,THEO DÕI,PULL XẤU,OBV gãy | RSI yếu | RSI chững | Giá dưới EMA9 | Slope âm | Pull xấu,🔴,,,,🔴 Yếu,,False
2026-08-27,NTL,⚠️ YẾU DẦN,3,12550.0,0.4,-6.69,32.09,🟠 HẠN CHẾ / GIẢM,OBV xấu + RSI yếu + Xu hướng giảm,2026-08-27T20:09:09+07:00,-10.92,12887.94,13302.5,-3.12,-0.37,-2.62,66456293.0,67544948.0,338007.0,528895.0,,1.06,1.46,0.8,0.8,-10.99,-0.79,1,0,0,0,0,0,1,,,,,,🔴,THEO DÕI,PULL XẤU,OBV gãy | RSI yếu | RSI chững | Giá dưới EMA9 | Slope âm | Pull xấu,🔴,,,,🔴 Yếu,,True
2026-08-27,NTP,⚠️ YẾU DẦN,3,50400.0,-0.79,-2.7,53.06,🟠 HẠN CHẾ / GIẢM,OBV xấu + Thiếu mẫu xác nhận,2026-08-27T20:09:09+07:00,-2.53,50528.7,49930.0,1.2,-0.82,-0.25,10692700.0,10704143.0,96800.0,187385.0,,0.71,1.29,5.22,5.88,-7.35,0.0,1,0,0,0,1,0,0,,,,,,🔴,THEO DÕI,PULL XẤU,OBV gãy | RSI yếu | RSI chững | Giá dưới EMA9 | Pull xấu,🔴,,,,🟡 Ổn định,,False
2026-08-27,NVL,⚠️ YẾU DẦN,3,13150.0,1.15,-1.87,48.64,🟠 HẠN CHẾ / GIẢM,OBV xấu + Vol chưa xác nhận + Thiếu mẫu xác nhận,2026-08-27T20:09:09+07:00,-9.19,13268.41,13385.0,-0.87,-0.67,-0.89,559918100.0,601028481.0,44284504.0,16852470.0,,0.62,0.72,1.15,10.97,-7.72,-1.13,-1,0,0,0,0,1,-2,,,,,,🔴,THEO DÕI,PULL XẤU,OBV gãy | RSI yếu | RSI chững | Giá dưới EMA9 | Slope âm | Pull xấu,🔴,,,,🔴 Yếu,,True
2026-08-27,PLX,⚠️ YẾU DẦN,3,36400.0,-4.71,2.25,52.28,🟠 HẠN CHẾ / GIẢM,OBV xấu + Vol chưa xác nhận + RS yếu,2026-08-27T20:09:09+07:00,-10.9,37087.68,36072.5,2.81,-2.41,-1.85,60943300.0,67456714.0,6882300.0,3784245.0,,1.22,1.13,13.22,15.48,-6.79,-2.67,0,0,0,0,1,1,-2,,,,,,🔴,THEO DÕI,PULL XẤU,OBV gãy | RSI yếu | RSI chững | Giá dưới EMA9 | Pull xấu,🔴,,,,🟢 Tăng tốc,,False
2026-08-27,POW,⚠️ YẾU DẦN,3,13150.0,-1.87,-2.59,39.48,🟠 HẠN CHẾ / GIẢM,OBV xấu + RSI yếu + Thiếu mẫu xác nhận,2026-08-27T20:09:09+07:00,-8.67,13370.69,13535.0,-1.21,-0.71,-1.65,292604904.0,304986158.0,8441100.0,6669640.0,,0.99,0.88,0.0,0.0,-6.74,-1.5,-2,0,0,0,0,0,-2,,,,,,🔴,THEO DÕI,PULL XẤU,OBV gãy | RSI yếu | RSI chững | Giá dưới EMA9 | Slope âm | Pull xấu,🔴,,,,🔴 Yếu,,False
2026-08-27,PTB,⚠️ YẾU DẦN,3,32049.0,0.15,-4.76,38.79,🟠 HẠN CHẾ / GIẢM,OBV xấu + Xu hướng giảm + Thiếu mẫu xác nhận,2026-08-27T20:09:09+07:00,-2.73,32351.42,33044.9,-2.1,-0.42,-0.93,-719700.0,-699317.0,97400.0,97600.0,,2.31,1.51,1.1,1.1,-7.51,-1.39,0,0,0,0,0,0,0,,,,,,🔴,THEO DÕI,PULL XẤU,OBV gãy | RSI yếu | RSI chững | Giá dưới EMA9 | Slope âm | Pull xấu,🔴,,,,🔴 Yếu,,False
2026-08-27,REE,⚠️ YẾU DẦN,3,45800.0,0.44,-1.72,45.3,🟠 HẠN CHẾ / GIẢM,OBV xấu + Vol chưa xác nhận + Xu hướng giảm,2026-08-27T20:09:09+07:00,-1.25,45893.57,46562.5,-1.44,-0.7,-0.2,-13001922.0,-11705438.0,1769022.0,467276.0,,0.84,0.76,1.33,4.45,-5.95,-0.65,-2,0,0,0,0,0,-2,,,,,,🔴,THEO DÕI,PULL XẤU,OBV gãy | RSI yếu | RSI chững | Giá dưới EMA9 | Slope âm | Pull xấu,🔴,,,,🔴 Yếu,,True
2026-08-27,SBT,⚠️ YẾU DẦN,3,22750.0,-4.41,-1.09,55.13,🟠 HẠN CHẾ / GIẢM,OBV xấu + RS yếu + Thiếu mẫu xác nhận,2026-08-27T20:09:09+07:00,-29.48,23176.26,22435.0,3.3,-2.24,-1.84,109270900.0,110159715.0,1080700.0,946435.0,,1.52,1.4,10.17,12.07,-5.8,-0.66,2,0,1,0,1,0,0,,,,,,🔴,TÍCH LŨY,PULL XẤU,OBV gãy | RSI chững | Giá dưới EMA9 | Pull xấu,🔴,,,,🟢 Tăng tốc,,False
2026-08-27,STB,⚠️ YẾU DẦN,3,73500.0,-1.34,0.55,50.01,🟠 HẠN CHẾ / GIẢM,OBV xấu + Thiếu mẫu xác nhận,2026-08-27T20:09:09+07:00,-7.66,74199.0,73795.0,0.55,-0.66,-0.94,404651387.0,406486829.0,3409013.0,3015271.0,,0.83,1.03,3.09,7.3,-3.42,-1.08,1,0,0,0,1,0,0,,,,,,🔴,THEO DÕI,PULL XẤU,OBV gãy | RSI yếu | RSI chững | Giá dưới EMA9 | Pull xấu,🔴,,,,🟡 Ổn định,,True
2026-08-27,TVS,⚠️ YẾU DẦN,3,14100.0,-0.7,7.8,61.83,🟠 HẠN CHẾ / GIẢM,OBV xấu + Thiếu mẫu xác nhận,2026-08-27T20:09:09+07:00,-2.09,13853.94,13338.5,3.86,-0.29,1.78,5074087.0,5079668.0,192487.0,125284.0,,1.47,1.22,12.98,16.92,-3.75,0.71,7,2,1,0,1,1,2,,,,,,🔴,MUA EARLY,PULL XẤU,OBV gãy | RSI chững | Pull xấu,🟡,,,,🟢 Tăng tốc,,True
2026-08-27,VHC,⚠️ YẾU DẦN,3,52300.0,-0.38,-3.33,39.77,🟠 HẠN CHẾ / GIẢM,OBV xấu + RSI yếu + Thiếu mẫu xác nhận,2026-08-27T20:09:09+07:00,-4.14,52812.76,52930.0,-0.22,-0.16,-0.97,1790553.0,2023302.0,240947.0,409727.0,,0.68,1.01,1.75,1.75,-6.27,-0.95,1,0,0,0,0,0,1,,,,,,🔴,THEO DÕI,PULL XẤU,OBV gãy | RSI yếu | RSI chững | Giá dưới EMA9 | Slope âm | Pull xấu,🔴,,,,🔴 Yếu,,True
2026-08-27,VNM,⚠️ YẾU DẦN,3,62500.0,-2.34,1.46,58.83,🟠 HẠN CHẾ / GIẢM,OBV xấu + Thiếu mẫu xác nhận,2026-08-27T20:09:09+07:00,-5.89,62659.0,61785.0,1.41,-0.64,-0.25,-6975600.0,-4565790.0,2651300.0,4393845.0,,0.82,0.79,6.66,14.05,-2.95,-0.32,3,0,1,0,1,0,1,,,,,,🔴,MUA EARLY,PULL XẤU,OBV gãy | RSI chững | Giá dưới EMA9 | Pull xấu,🟡,,,,🟡 Ổn định,,True
2026-08-27,VTO,⚠️ YẾU DẦN,3,10400.0,0.0,-1.89,46.48,🟠 HẠN CHẾ / GIẢM,OBV xấu + Thiếu mẫu xác nhận,2026-08-27T20:09:09+07:00,-2.92,10451.41,10492.5,-0.39,-0.39,-0.49,2052292.0,2066745.0,27608.0,48565.0,,0.85,0.86,0.0,3.48,-3.26,-0.48,1,0,0,0,0,0,1,,,,,,🔴,THEO DÕI,PULL XẤU,OBV gãy | RSI yếu | RSI chững | Giá dưới EMA9 | Slope âm | Pull xấu,🔴,,,,🔴 Yếu,,True
2026-08-27,VTP,⚠️ YẾU DẦN,3,53600.0,-2.9,-0.92,52.63,🟠 HẠN CHẾ / GIẢM,OBV xấu + Thiếu mẫu xác nhận + Vol chưa xác nhận,2026-08-27T20:09:09+07:00,-2.88,54096.19,53107.5,1.86,-3.0,-0.92,8672062.0,9295451.0,318038.0,808187.0,,0.96,0.99,11.67,19.64,-7.75,-0.74,2,0,0,0,1,0,1,,,,,,🔴,TÍCH LŨY,PULL XẤU,OBV gãy | RSI yếu | RSI chững | Giá dưới EMA9 | Pull xấu,🔴,,,,🟡 Ổn định,,True
